place_id,Lon,Lat,elevation_m,slope_deg,relative_elevation_m,tpi_100m,tpi_250m,local_relief_250m,distance_valley_bottom_m,distance_valley_edge_m,distance_nearest_river_m,nearest_river_order,distance_main_channel_m,distance_confluence_m,survey_effort
13101000200,139.7550845,35.6866013,NA,NA,NA,NA,NA,NA,NA,NA,NA,NA,NA,NA,NA
13101000300,139.7568012,35.6844541,NA,NA,NA,NA,NA,NA,NA,NA,NA,NA,NA,NA,NA
13101000400,139.751926,35.68495605,NA,NA,NA,NA,NA,NA,NA,NA,NA,NA,NA,NA,NA
13101000500,139.7534709,35.68565319,NA,NA,NA,NA,NA,NA,NA,NA,NA,NA,NA,NA,NA
13101000600,139.7535053,35.68158178,NA,NA,NA,NA,NA,NA,NA,NA,NA,NA,NA,NA,NA
13101000800,139.7510672,35.69479204,NA,NA,NA,NA,NA,NA,NA,NA,NA,NA,NA,NA,NA
13101000900,139.7491794,35.69628581,NA,NA,NA,NA,NA,NA,NA,NA,NA,NA,NA,NA,NA
13101001000,139.7438231,35.67281761,NA,NA,NA,NA,NA,NA,NA,NA,NA,NA,NA,NA,NA
13101001100,139.7395316,35.6742121,NA,NA,NA,NA,NA,NA,NA,NA,NA,NA,NA,NA,NA
13101001200,139.7591696,35.69663226,NA,NA,NA,NA,NA,NA,NA,NA,NA,NA,NA,NA,NA
13101001300,139.7612639,35.6988349,NA,NA,NA,NA,NA,NA,NA,NA,NA,NA,NA,NA,NA
13101001400,139.7683707,35.68525565,NA,NA,NA,NA,NA,NA,NA,NA,NA,NA,NA,NA,NA
13101002100,139.7498313,35.67437944,NA,NA,NA,NA,NA,NA,NA,NA,NA,NA,NA,NA,NA
13101002200,139.754735,35.69037522,NA,NA,NA,NA,NA,NA,NA,NA,NA,NA,NA,NA,NA
13101003000,139.7700186,35.68592491,NA,NA,NA,NA,NA,NA,NA,NA,NA,NA,NA,NA,NA
13101004100,139.7401839,35.67928786,NA,NA,NA,NA,NA,NA,NA,NA,NA,NA,NA,NA,NA
13101004200,139.7371627,35.68084957,NA,NA,NA,NA,NA,NA,NA,NA,NA,NA,NA,NA,NA
13101004500,139.7386046,35.68238336,NA,NA,NA,NA,NA,NA,NA,NA,NA,NA,NA,NA,NA
13101004900,139.739685,35.68690979,NA,NA,NA,NA,NA,NA,NA,NA,NA,NA,NA,NA,NA
13101005100,139.7661971,35.68075227,NA,NA,NA,NA,NA,NA,NA,NA,NA,NA,NA,NA,NA
13101005200,139.7646006,35.67654116,NA,NA,NA,NA,NA,NA,NA,NA,NA,NA,NA,NA,NA
13101005300,139.76078330000001,35.67529979,NA,NA,NA,NA,NA,NA,NA,NA,NA,NA,NA,NA,NA
13101005500,139.7426901,35.68310842,NA,NA,NA,NA,NA,NA,NA,NA,NA,NA,NA,NA,NA
13101005600,139.7464141,35.69089728,NA,NA,NA,NA,NA,NA,NA,NA,NA,NA,NA,NA,NA
13101005700,139.7324409,35.68314519,NA,NA,NA,NA,NA,NA,NA,NA,NA,NA,NA,NA,NA
13101005800,139.7413855,35.67348697,NA,NA,NA,NA,NA,NA,NA,NA,NA,NA,NA,NA,NA
13101006000,139.7498656,35.70120476,NA,NA,NA,NA,NA,NA,NA,NA,NA,NA,NA,NA,NA
13101006500,139.7404933,35.69527317,NA,NA,NA,NA,NA,NA,NA,NA,NA,NA,NA,NA,NA
13101006600,139.7696475,35.68278802,NA,NA,NA,NA,NA,NA,NA,NA,NA,NA,NA,NA,NA
13101007100,139.7500377,35.68272514,NA,NA,NA,NA,NA,NA,NA,NA,NA,NA,NA,NA,NA
13101007300,139.7744679,35.69812702,NA,NA,NA,NA,NA,NA,NA,NA,NA,NA,NA,NA,NA
13101007500,139.7490073,35.67131152,NA,NA,NA,NA,NA,NA,NA,NA,NA,NA,NA,NA,NA
13101007800,139.7449565,35.70079368,NA,NA,NA,NA,NA,NA,NA,NA,NA,NA,NA,NA,NA
13101009400,139.7470792,35.67841427,NA,NA,NA,NA,NA,NA,NA,NA,NA,NA,NA,NA,NA
13101009800,139.7499773,35.69327693,NA,NA,NA,NA,NA,NA,NA,NA,NA,NA,NA,NA,NA
13101009900,139.7342003,35.6835939,NA,NA,NA,NA,NA,NA,NA,NA,NA,NA,NA,NA,NA
13101010200,139.743707,35.686385,NA,NA,NA,NA,NA,NA,NA,NA,NA,NA,NA,NA,NA
13102000100,139.7714904,35.6864713,NA,NA,NA,NA,NA,NA,NA,NA,NA,NA,NA,NA,NA
13102000200,139.7711986,35.68524433,NA,NA,NA,NA,NA,NA,NA,NA,NA,NA,NA,NA,NA
13102000300,139.7748035,35.68259513,NA,NA,NA,NA,NA,NA,NA,NA,NA,NA,NA,NA,NA
13102001200,139.7763601,35.66854652,NA,NA,NA,NA,NA,NA,NA,NA,NA,NA,NA,NA,NA
13102007700,139.7774141,35.6911266,NA,NA,NA,NA,NA,NA,NA,NA,NA,NA,NA,NA,NA
13102014000,139.7688806,35.660728,NA,NA,NA,NA,NA,NA,NA,NA,NA,NA,NA,NA,NA
13103000100,139.7195241,35.66801712,NA,NA,NA,NA,NA,NA,NA,NA,NA,NA,NA,NA,NA
13103000200,139.7220303,35.66494895,NA,NA,NA,NA,NA,NA,NA,NA,NA,NA,NA,NA,NA
13103000300,139.7170178,35.66430742,NA,NA,NA,NA,NA,NA,NA,NA,NA,NA,NA,NA,NA
13103000500,139.7275235,35.67749979,NA,NA,NA,NA,NA,NA,NA,NA,NA,NA,NA,NA,NA
13103000700,139.7357195,35.67250843,NA,NA,NA,NA,NA,NA,NA,NA,NA,NA,NA,NA,NA
13103000800,139.7354352,35.66837971,NA,NA,NA,NA,NA,NA,NA,NA,NA,NA,NA,NA,NA
13103000900,139.7304227,35.66606467,NA,NA,NA,NA,NA,NA,NA,NA,NA,NA,NA,NA,NA
13103000902,139.7324483,35.66653884,NA,NA,NA,NA,NA,NA,NA,NA,NA,NA,NA,NA,NA
13103001500,139.7441082,35.66585452,NA,NA,NA,NA,NA,NA,NA,NA,NA,NA,NA,NA,NA
13103001700,139.7431469,35.66328836,NA,NA,NA,NA,NA,NA,NA,NA,NA,NA,NA,NA,NA
13103001800,139.7427521,35.66141948,NA,NA,NA,NA,NA,NA,NA,NA,NA,NA,NA,NA,NA
13103002100,139.7586597,35.65480671,NA,NA,NA,NA,NA,NA,NA,NA,NA,NA,NA,NA,NA
13103002300,139.7485145,35.65458354,NA,NA,NA,NA,NA,NA,NA,NA,NA,NA,NA,NA,NA
13103002400,139.7479137,35.65494619,NA,NA,NA,NA,NA,NA,NA,NA,NA,NA,NA,NA,NA
13103002500,139.7474845,35.65553201,NA,NA,NA,NA,NA,NA,NA,NA,NA,NA,NA,NA,NA
13103002501,139.7474502,35.65461143,NA,NA,NA,NA,NA,NA,NA,NA,NA,NA,NA,NA,NA
13103002502,139.7468494,35.6548625,NA,NA,NA,NA,NA,NA,NA,NA,NA,NA,NA,NA,NA
13103002503,139.7466262,35.65519726,NA,NA,NA,NA,NA,NA,NA,NA,NA,NA,NA,NA,NA
13103002504,139.7464889,35.65565755,NA,NA,NA,NA,NA,NA,NA,NA,NA,NA,NA,NA,NA
13103002505,139.7465232,35.65610388,NA,NA,NA,NA,NA,NA,NA,NA,NA,NA,NA,NA,NA
13103002506,139.7468494,35.65646653,NA,NA,NA,NA,NA,NA,NA,NA,NA,NA,NA,NA,NA
13103002507,139.7473129,35.6563131,NA,NA,NA,NA,NA,NA,NA,NA,NA,NA,NA,NA,NA
13103002508,139.7477249,35.65645258,NA,NA,NA,NA,NA,NA,NA,NA,NA,NA,NA,NA,NA
13103002509,139.748051,35.65628521,NA,NA,NA,NA,NA,NA,NA,NA,NA,NA,NA,NA,NA
13103002600,139.7473472,35.65747078,NA,NA,NA,NA,NA,NA,NA,NA,NA,NA,NA,NA,NA
13103002700,139.7473987,35.65784737,NA,NA,NA,NA,NA,NA,NA,NA,NA,NA,NA,NA,NA
13103002800,139.7462486,35.65836343,NA,NA,NA,NA,NA,NA,NA,NA,NA,NA,NA,NA,NA
13103002900,139.7454246,35.65865633,NA,NA,NA,NA,NA,NA,NA,NA,NA,NA,NA,NA,NA
13103003000,139.7426917,35.65816862,NA,NA,NA,NA,NA,NA,NA,NA,NA,NA,NA,NA,NA
13103003100,139.7396279,35.65899265,NA,NA,NA,NA,NA,NA,NA,NA,NA,NA,NA,NA,NA
13103003300,139.7406146,35.66122309,NA,NA,NA,NA,NA,NA,NA,NA,NA,NA,NA,NA,NA
13103003600,139.7316628,35.66153105,NA,NA,NA,NA,NA,NA,NA,NA,NA,NA,NA,NA,NA
13103003700,139.73168,35.65765368,NA,NA,NA,NA,NA,NA,NA,NA,NA,NA,NA,NA,NA
13103003800,139.7256352,35.66043017,NA,NA,NA,NA,NA,NA,NA,NA,NA,NA,NA,NA,NA
13103003900,139.7240903,35.66107175,NA,NA,NA,NA,NA,NA,NA,NA,NA,NA,NA,NA,NA
13103004000,139.72076,35.65945386,NA,NA,NA,NA,NA,NA,NA,NA,NA,NA,NA,NA,NA
13103004100,139.7280751,35.65772341,NA,NA,NA,NA,NA,NA,NA,NA,NA,NA,NA,NA,NA
13103004200,139.7324353,35.65678891,NA,NA,NA,NA,NA,NA,NA,NA,NA,NA,NA,NA,NA
13103004300,139.7270451,35.65443168,NA,NA,NA,NA,NA,NA,NA,NA,NA,NA,NA,NA,NA
13103004400,139.7296029,35.65494777,NA,NA,NA,NA,NA,NA,NA,NA,NA,NA,NA,NA,NA
13103004500,139.7310105,35.65480829,NA,NA,NA,NA,NA,NA,NA,NA,NA,NA,NA,NA,NA
13103004600,139.7326756,35.65346924,NA,NA,NA,NA,NA,NA,NA,NA,NA,NA,NA,NA,NA
13103004800,139.72603230000001,35.65146064,NA,NA,NA,NA,NA,NA,NA,NA,NA,NA,NA,NA,NA
13103004900,139.724762,35.65140484,NA,NA,NA,NA,NA,NA,NA,NA,NA,NA,NA,NA,NA
13103005000,139.729311,35.65173961,NA,NA,NA,NA,NA,NA,NA,NA,NA,NA,NA,NA,NA
13103005100,139.7295685,35.64860108,NA,NA,NA,NA,NA,NA,NA,NA,NA,NA,NA,NA,NA
13103005200,139.7501336,35.65254864,NA,NA,NA,NA,NA,NA,NA,NA,NA,NA,NA,NA,NA
13103005400,139.7432998,35.65271046,NA,NA,NA,NA,NA,NA,NA,NA,NA,NA,NA,NA,NA
13103005600,139.7405892,35.64321646,NA,NA,NA,NA,NA,NA,NA,NA,NA,NA,NA,NA,NA
13103005700,139.740881,35.64355127,NA,NA,NA,NA,NA,NA,NA,NA,NA,NA,NA,NA,NA
13103006000,139.739954,35.64150056,NA,NA,NA,NA,NA,NA,NA,NA,NA,NA,NA,NA,NA
13103006100,139.7409325,35.64282586,NA,NA,NA,NA,NA,NA,NA,NA,NA,NA,NA,NA,NA
13103006400,139.7332249,35.63236242,NA,NA,NA,NA,NA,NA,NA,NA,NA,NA,NA,NA,NA
13103006500,139.7242985,35.64336992,NA,NA,NA,NA,NA,NA,NA,NA,NA,NA,NA,NA,NA
13103006600,139.719492,35.6363945,NA,NA,NA,NA,NA,NA,NA,NA,NA,NA,NA,NA,NA
13103006700,139.7184964,35.63854299,NA,NA,NA,NA,NA,NA,NA,NA,NA,NA,NA,NA,NA
13103006800,139.719772,35.639008,NA,NA,NA,NA,NA,NA,NA,NA,NA,NA,NA,NA,NA
13103006900,139.719772,35.639008,NA,NA,NA,NA,NA,NA,NA,NA,NA,NA,NA,NA,NA
13103007000,139.730617,35.63866054,NA,NA,NA,NA,NA,NA,NA,NA,NA,NA,NA,NA,NA
13103007100,139.7287446,35.63218105,NA,NA,NA,NA,NA,NA,NA,NA,NA,NA,NA,NA,NA
13103007400,139.7416274,35.66101389,NA,NA,NA,NA,NA,NA,NA,NA,NA,NA,NA,NA,NA
13103007500,139.7391129,35.64187723,NA,NA,NA,NA,NA,NA,NA,NA,NA,NA,NA,NA,NA
13103008700,139.7325211,35.65253469,NA,NA,NA,NA,NA,NA,NA,NA,NA,NA,NA,NA,NA
13103009800,139.7601812,35.66256155,NA,NA,NA,NA,NA,NA,NA,NA,NA,NA,NA,NA,NA
13103009900,139.7407608,35.66317679,NA,NA,NA,NA,NA,NA,NA,NA,NA,NA,NA,NA,NA
13103010000,139.7431641,35.66505958,NA,NA,NA,NA,NA,NA,NA,NA,NA,NA,NA,NA,NA
13103010900,139.7393001,35.65342183,NA,NA,NA,NA,NA,NA,NA,NA,NA,NA,NA,NA,NA
13103011500,139.7319718,35.65401323,NA,NA,NA,NA,NA,NA,NA,NA,NA,NA,NA,NA,NA
13103011800,139.7613828,35.66359362,NA,NA,NA,NA,NA,NA,NA,NA,NA,NA,NA,NA,NA
13103011900,139.739954,35.63798495,NA,NA,NA,NA,NA,NA,NA,NA,NA,NA,NA,NA,NA
13103012300,139.7359715,35.63622708,NA,NA,NA,NA,NA,NA,NA,NA,NA,NA,NA,NA,NA
13103013300,139.74222,35.66511537,NA,NA,NA,NA,NA,NA,NA,NA,NA,NA,NA,NA,NA
13103014500,139.7344609,35.63605966,NA,NA,NA,NA,NA,NA,NA,NA,NA,NA,NA,NA,NA
13103014901,139.7491173,35.66666114,NA,NA,NA,NA,NA,NA,NA,NA,NA,NA,NA,NA,NA
13103015600,139.7271824,35.65049816,NA,NA,NA,NA,NA,NA,NA,NA,NA,NA,NA,NA,NA
13103015900,139.7308388,35.63159505,NA,NA,NA,NA,NA,NA,NA,NA,NA,NA,NA,NA,NA
13103018300,139.7556322,35.6573313,NA,NA,NA,NA,NA,NA,NA,NA,NA,NA,NA,NA,NA
13103019200,139.7130353,35.66718036,NA,NA,NA,NA,NA,NA,NA,NA,NA,NA,NA,NA,NA
13103020800,139.7396858,35.63661654,NA,NA,NA,NA,NA,NA,NA,NA,NA,NA,NA,NA,NA
13103021400,139.7411666,35.65279476,NA,NA,NA,NA,NA,NA,NA,NA,NA,NA,NA,NA,NA
13103021800,139.7407506,35.63864807,NA,NA,NA,NA,NA,NA,NA,NA,NA,NA,NA,NA,NA
13103022300,139.750923,35.65635382,NA,NA,NA,NA,NA,NA,NA,NA,NA,NA,NA,NA,NA
13103022400,139.7386296,35.65420924,NA,NA,NA,NA,NA,NA,NA,NA,NA,NA,NA,NA,NA
13103022500,139.7300333,35.67385027,NA,NA,NA,NA,NA,NA,NA,NA,NA,NA,NA,NA,NA
13103022700,139.737737,35.62944363,NA,NA,NA,NA,NA,NA,NA,NA,NA,NA,NA,NA,NA
13103022900,139.738036,35.62875,NA,NA,NA,NA,NA,NA,NA,NA,NA,NA,NA,NA,NA
13103023500,139.718016,35.672498,NA,NA,NA,NA,NA,NA,NA,NA,NA,NA,NA,NA,NA
13104000100,139.6763314,35.72162653,NA,NA,NA,NA,NA,NA,NA,NA,NA,NA,NA,NA,NA
13104000200,139.6805457,35.71627471,NA,NA,NA,NA,NA,NA,NA,NA,NA,NA,NA,NA,NA
13104000300,139.6865538,35.71680433,NA,NA,NA,NA,NA,NA,NA,NA,NA,NA,NA,NA,NA
13104000400,139.6963728,35.71725033,NA,NA,NA,NA,NA,NA,NA,NA,NA,NA,NA,NA,NA
13104000500,139.6819189,35.72173802,NA,NA,NA,NA,NA,NA,NA,NA,NA,NA,NA,NA,NA
13104000600,139.6972998,35.71805869,NA,NA,NA,NA,NA,NA,NA,NA,NA,NA,NA,NA,NA
13104000800,139.6861762,35.71273451,NA,NA,NA,NA,NA,NA,NA,NA,NA,NA,NA,NA,NA
13104001000,139.6947029,35.70849936,NA,NA,NA,NA,NA,NA,NA,NA,NA,NA,NA,NA,NA
13104001100,139.7293373,35.68772442,NA,NA,NA,NA,NA,NA,NA,NA,NA,NA,NA,NA,NA
13104001400,139.7102829,35.68568879,NA,NA,NA,NA,NA,NA,NA,NA,NA,NA,NA,NA,NA
13104001500,139.7282492,35.69941572,NA,NA,NA,NA,NA,NA,NA,NA,NA,NA,NA,NA,NA
13104001600,139.7404739,35.7038249,NA,NA,NA,NA,NA,NA,NA,NA,NA,NA,NA,NA,NA
13104001700,139.7368646,35.69725793,NA,NA,NA,NA,NA,NA,NA,NA,NA,NA,NA,NA,NA
13104001800,139.7380147,35.70067335,NA,NA,NA,NA,NA,NA,NA,NA,NA,NA,NA,NA,NA
13104002000,139.7274147,35.68253764,NA,NA,NA,NA,NA,NA,NA,NA,NA,NA,NA,NA,NA
13104002700,139.7235352,35.68920231,NA,NA,NA,NA,NA,NA,NA,NA,NA,NA,NA,NA,NA
13104002800,139.7394096,35.70404793,NA,NA,NA,NA,NA,NA,NA,NA,NA,NA,NA,NA,NA
13104002900,139.7121743,35.70653779,NA,NA,NA,NA,NA,NA,NA,NA,NA,NA,NA,NA,NA
13104003500,139.6748036,35.72067884,NA,NA,NA,NA,NA,NA,NA,NA,NA,NA,NA,NA,NA
13104003700,139.7168778,35.69222771,NA,NA,NA,NA,NA,NA,NA,NA,NA,NA,NA,NA,NA
13104003800,139.7252518,35.68931384,NA,NA,NA,NA,NA,NA,NA,NA,NA,NA,NA,NA,NA
13104004000,139.7328101,35.69031143,NA,NA,NA,NA,NA,NA,NA,NA,NA,NA,NA,NA,NA
13104004300,139.7008827,35.7061576,NA,NA,NA,NA,NA,NA,NA,NA,NA,NA,NA,NA,NA
13104004500,139.732346,35.702518,NA,NA,NA,NA,NA,NA,NA,NA,NA,NA,NA,NA,NA
13104004900,139.7169465,35.71088671,NA,NA,NA,NA,NA,NA,NA,NA,NA,NA,NA,NA,NA
13104005200,139.7167062,35.70472568,NA,NA,NA,NA,NA,NA,NA,NA,NA,NA,NA,NA,NA
13104005400,139.7231879,35.6941138,NA,NA,NA,NA,NA,NA,NA,NA,NA,NA,NA,NA,NA
13104005500,139.725204,35.696808,NA,NA,NA,NA,NA,NA,NA,NA,NA,NA,NA,NA,NA
13104005600,139.7110726,35.68560513,NA,NA,NA,NA,NA,NA,NA,NA,NA,NA,NA,NA,NA
13104005900,139.7289597,35.68836577,NA,NA,NA,NA,NA,NA,NA,NA,NA,NA,NA,NA,NA
13104006000,139.7176675,35.70731839,NA,NA,NA,NA,NA,NA,NA,NA,NA,NA,NA,NA,NA
13104006100,139.7290067,35.69304468,NA,NA,NA,NA,NA,NA,NA,NA,NA,NA,NA,NA,NA
13104006200,139.7202736,35.68842154,NA,NA,NA,NA,NA,NA,NA,NA,NA,NA,NA,NA,NA
13104006500,139.6956862,35.7132084,NA,NA,NA,NA,NA,NA,NA,NA,NA,NA,NA,NA,NA
13104006600,139.736599,35.69930264,NA,NA,NA,NA,NA,NA,NA,NA,NA,NA,NA,NA,NA
13104006700,139.716293,35.677074,NA,NA,NA,NA,NA,NA,NA,NA,NA,NA,NA,NA,NA
13104006800,139.689965,35.70440123,NA,NA,NA,NA,NA,NA,NA,NA,NA,NA,NA,NA,NA
13104006900,139.6869542,35.68300677,NA,NA,NA,NA,NA,NA,NA,NA,NA,NA,NA,NA,NA
13104007300,139.739444,35.70358792,NA,NA,NA,NA,NA,NA,NA,NA,NA,NA,NA,NA,NA
13104007400,139.702821,35.68834309,NA,NA,NA,NA,NA,NA,NA,NA,NA,NA,NA,NA,NA
13104007700,139.690914,35.71507608,NA,NA,NA,NA,NA,NA,NA,NA,NA,NA,NA,NA,NA
13104007900,139.6947029,35.70590669,NA,NA,NA,NA,NA,NA,NA,NA,NA,NA,NA,NA,NA
13104008000,139.7115907,35.71294957,NA,NA,NA,NA,NA,NA,NA,NA,NA,NA,NA,NA,NA
13104008400,139.71763,35.69486265,NA,NA,NA,NA,NA,NA,NA,NA,NA,NA,NA,NA,NA
13104008500,139.7134789,35.7040287,NA,NA,NA,NA,NA,NA,NA,NA,NA,NA,NA,NA,NA
13104008800,139.7285411,35.69747797,NA,NA,NA,NA,NA,NA,NA,NA,NA,NA,NA,NA,NA
13104009000,139.6842879,35.7212363,NA,NA,NA,NA,NA,NA,NA,NA,NA,NA,NA,NA,NA
13104009100,139.7261405,35.69953681,NA,NA,NA,NA,NA,NA,NA,NA,NA,NA,NA,NA,NA
13104009300,139.7179047,35.68998307,NA,NA,NA,NA,NA,NA,NA,NA,NA,NA,NA,NA,NA
13104009500,139.7305838,35.69729674,NA,NA,NA,NA,NA,NA,NA,NA,NA,NA,NA,NA,NA
13104009600,139.73244,35.69481524,NA,NA,NA,NA,NA,NA,NA,NA,NA,NA,NA,NA,NA
13104009700,139.7214885,35.69259418,NA,NA,NA,NA,NA,NA,NA,NA,NA,NA,NA,NA,NA
13104009800,139.7185258,35.70982738,NA,NA,NA,NA,NA,NA,NA,NA,NA,NA,NA,NA,NA
13104009900,139.721025,35.69554975,NA,NA,NA,NA,NA,NA,NA,NA,NA,NA,NA,NA,NA
13104010000,139.7383409,35.69852653,NA,NA,NA,NA,NA,NA,NA,NA,NA,NA,NA,NA,NA
13104010100,139.7391693,35.70264002,NA,NA,NA,NA,NA,NA,NA,NA,NA,NA,NA,NA,NA
13104010300,139.7218033,35.70478144,NA,NA,NA,NA,NA,NA,NA,NA,NA,NA,NA,NA,NA
13104010400,139.7200333,35.68376465,NA,NA,NA,NA,NA,NA,NA,NA,NA,NA,NA,NA,NA
13104010700,139.6900837,35.70114116,NA,NA,NA,NA,NA,NA,NA,NA,NA,NA,NA,NA,NA
13104011000,139.7204484,35.69892663,NA,NA,NA,NA,NA,NA,NA,NA,NA,NA,NA,NA,NA
13104011300,139.7278267,35.68359733,NA,NA,NA,NA,NA,NA,NA,NA,NA,NA,NA,NA,NA
13104011400,139.7261529,35.7024298,NA,NA,NA,NA,NA,NA,NA,NA,NA,NA,NA,NA,NA
13104011500,139.6884014,35.69609467,NA,NA,NA,NA,NA,NA,NA,NA,NA,NA,NA,NA,NA
13104011600,139.6929396,35.71817019,NA,NA,NA,NA,NA,NA,NA,NA,NA,NA,NA,NA,NA
13104011700,139.7289597,35.6907917,NA,NA,NA,NA,NA,NA,NA,NA,NA,NA,NA,NA,NA
13104012400,139.7199646,35.68117118,NA,NA,NA,NA,NA,NA,NA,NA,NA,NA,NA,NA,NA
13104012500,139.7238889,35.69891966,NA,NA,NA,NA,NA,NA,NA,NA,NA,NA,NA,NA,NA
13104012600,139.7379333,35.70485643,NA,NA,NA,NA,NA,NA,NA,NA,NA,NA,NA,NA,NA
13104012700,139.7288157,35.70307336,NA,NA,NA,NA,NA,NA,NA,NA,NA,NA,NA,NA,NA
13104012800,139.708635,35.69656346,NA,NA,NA,NA,NA,NA,NA,NA,NA,NA,NA,NA,NA
13104013000,139.7401134,35.70244486,NA,NA,NA,NA,NA,NA,NA,NA,NA,NA,NA,NA,NA
13104013800,139.7374699,35.70457764,NA,NA,NA,NA,NA,NA,NA,NA,NA,NA,NA,NA,NA
13104014100,139.6918346,35.69893859,NA,NA,NA,NA,NA,NA,NA,NA,NA,NA,NA,NA,NA
13104014600,139.725204,35.696808,NA,NA,NA,NA,NA,NA,NA,NA,NA,NA,NA,NA,NA
13104015100,139.7128235,35.69218589,NA,NA,NA,NA,NA,NA,NA,NA,NA,NA,NA,NA,NA
13104015200,139.6955489,35.71175883,NA,NA,NA,NA,NA,NA,NA,NA,NA,NA,NA,NA,NA
13104015400,139.7339897,35.69953962,NA,NA,NA,NA,NA,NA,NA,NA,NA,NA,NA,NA,NA
13104015600,139.689294,35.6943102,NA,NA,NA,NA,NA,NA,NA,NA,NA,NA,NA,NA,NA
13104015800,139.7039383,35.71780997,NA,NA,NA,NA,NA,NA,NA,NA,NA,NA,NA,NA,NA
13105000100,139.7352457,35.7172957,NA,NA,NA,NA,NA,NA,NA,NA,NA,NA,NA,NA,NA
13105000200,139.7344217,35.71637583,NA,NA,NA,NA,NA,NA,NA,NA,NA,NA,NA,NA,NA
13105000300,139.7373743,35.7204176,NA,NA,NA,NA,NA,NA,NA,NA,NA,NA,NA,NA,NA
13105000400,139.7251864,35.72200637,NA,NA,NA,NA,NA,NA,NA,NA,NA,NA,NA,NA,NA
13105000500,139.727418,35.71487057,NA,NA,NA,NA,NA,NA,NA,NA,NA,NA,NA,NA,NA
13105000600,139.7388849,35.71127455,NA,NA,NA,NA,NA,NA,NA,NA,NA,NA,NA,NA,NA
13105000700,139.7354517,35.71342103,NA,NA,NA,NA,NA,NA,NA,NA,NA,NA,NA,NA,NA
13105000800,139.7390566,35.71556745,NA,NA,NA,NA,NA,NA,NA,NA,NA,NA,NA,NA,NA
13105000900,139.74685,35.70742747,NA,NA,NA,NA,NA,NA,NA,NA,NA,NA,NA,NA,NA
13105001000,139.7415629,35.71266837,NA,NA,NA,NA,NA,NA,NA,NA,NA,NA,NA,NA,NA
13105001100,139.7466784,35.71247324,NA,NA,NA,NA,NA,NA,NA,NA,NA,NA,NA,NA,NA
13105001200,139.7437945,35.71328165,NA,NA,NA,NA,NA,NA,NA,NA,NA,NA,NA,NA,NA
13105001300,139.7523089,35.72384597,NA,NA,NA,NA,NA,NA,NA,NA,NA,NA,NA,NA,NA
13105001400,139.7560854,35.72972681,NA,NA,NA,NA,NA,NA,NA,NA,NA,NA,NA,NA,NA
13105001500,139.7512446,35.73117605,NA,NA,NA,NA,NA,NA,NA,NA,NA,NA,NA,NA,NA
13105001600,139.7500408,35.73322968,NA,NA,NA,NA,NA,NA,NA,NA,NA,NA,NA,NA,NA
13105001700,139.7533563,35.71942494,NA,NA,NA,NA,NA,NA,NA,NA,NA,NA,NA,NA,NA
13105001800,139.7501116,35.71754657,NA,NA,NA,NA,NA,NA,NA,NA,NA,NA,NA,NA,NA
13105001900,139.7487383,35.71818768,NA,NA,NA,NA,NA,NA,NA,NA,NA,NA,NA,NA,NA
13105002000,139.7484636,35.71782531,NA,NA,NA,NA,NA,NA,NA,NA,NA,NA,NA,NA,NA
13105002100,139.7455797,35.7204176,NA,NA,NA,NA,NA,NA,NA,NA,NA,NA,NA,NA,NA
13105002200,139.7455454,35.72312128,NA,NA,NA,NA,NA,NA,NA,NA,NA,NA,NA,NA,NA
13105002300,139.7505067,35.72222407,NA,NA,NA,NA,NA,NA,NA,NA,NA,NA,NA,NA,NA
13105002400,139.7503179,35.72299057,NA,NA,NA,NA,NA,NA,NA,NA,NA,NA,NA,NA,NA
13105002500,139.758987,35.722748,NA,NA,NA,NA,NA,NA,NA,NA,NA,NA,NA,NA,NA
13105002600,139.7412882,35.72300979,NA,NA,NA,NA,NA,NA,NA,NA,NA,NA,NA,NA,NA
13105002700,139.7544031,35.731343270000004,NA,NA,NA,NA,NA,NA,NA,NA,NA,NA,NA,NA,NA
13105002800,139.7641535,35.71590195,NA,NA,NA,NA,NA,NA,NA,NA,NA,NA,NA,NA,NA
13105002801,139.7618189,35.7184943,NA,NA,NA,NA,NA,NA,NA,NA,NA,NA,NA,NA,NA
13105002802,139.7631579,35.71749082,NA,NA,NA,NA,NA,NA,NA,NA,NA,NA,NA,NA,NA
13105002803,139.7645655,35.7167382,NA,NA,NA,NA,NA,NA,NA,NA,NA,NA,NA,NA,NA
13105002804,139.7656641,35.71489844,NA,NA,NA,NA,NA,NA,NA,NA,NA,NA,NA,NA,NA
13105003100,139.7539743,35.71777995,NA,NA,NA,NA,NA,NA,NA,NA,NA,NA,NA,NA,NA
13105003200,139.7560854,35.70383111,NA,NA,NA,NA,NA,NA,NA,NA,NA,NA,NA,NA,NA
13105003300,139.7564631,35.70617294,NA,NA,NA,NA,NA,NA,NA,NA,NA,NA,NA,NA,NA
13105003500,139.7568751,35.71266838,NA,NA,NA,NA,NA,NA,NA,NA,NA,NA,NA,NA,NA
13105003700,139.7611666,35.71038249,NA,NA,NA,NA,NA,NA,NA,NA,NA,NA,NA,NA,NA
13105003800,139.7646685,35.70143345,NA,NA,NA,NA,NA,NA,NA,NA,NA,NA,NA,NA,NA
13105004000,139.7675524,35.70932315,NA,NA,NA,NA,NA,NA,NA,NA,NA,NA,NA,NA,NA
13105004700,139.7634819,35.71205684,NA,NA,NA,NA,NA,NA,NA,NA,NA,NA,NA,NA,NA
13105004800,139.7507982,35.70558749,NA,NA,NA,NA,NA,NA,NA,NA,NA,NA,NA,NA,NA
13105005000,139.7468157,35.70915589,NA,NA,NA,NA,NA,NA,NA,NA,NA,NA,NA,NA,NA
13105005100,139.7560167,35.70843107,NA,NA,NA,NA,NA,NA,NA,NA,NA,NA,NA,NA,NA
13105005500,139.7576632,35.71695878,NA,NA,NA,NA,NA,NA,NA,NA,NA,NA,NA,NA,NA
13105005600,139.7536135,35.72515596,NA,NA,NA,NA,NA,NA,NA,NA,NA,NA,NA,NA,NA
13105005800,139.7568407,35.70266017,NA,NA,NA,NA,NA,NA,NA,NA,NA,NA,NA,NA,NA
13105005900,139.7475023,35.730117,NA,NA,NA,NA,NA,NA,NA,NA,NA,NA,NA,NA,NA
13105006000,139.7453737,35.70542022,NA,NA,NA,NA,NA,NA,NA,NA,NA,NA,NA,NA,NA
13105006200,139.7372713,35.71623646,NA,NA,NA,NA,NA,NA,NA,NA,NA,NA,NA,NA,NA
13105006500,139.7261477,35.72033398,NA,NA,NA,NA,NA,NA,NA,NA,NA,NA,NA,NA,NA
13105006600,139.7585573,35.71199934,NA,NA,NA,NA,NA,NA,NA,NA,NA,NA,NA,NA,NA
13105006800,139.7514849,35.72950385,NA,NA,NA,NA,NA,NA,NA,NA,NA,NA,NA,NA,NA
13105006900,139.7352114,35.71470332,NA,NA,NA,NA,NA,NA,NA,NA,NA,NA,NA,NA,NA
13105007300,139.7361727,35.71261262,NA,NA,NA,NA,NA,NA,NA,NA,NA,NA,NA,NA,NA
13105007400,139.7655954,35.70937891,NA,NA,NA,NA,NA,NA,NA,NA,NA,NA,NA,NA,NA
13105007800,139.7369623,35.71723995,NA,NA,NA,NA,NA,NA,NA,NA,NA,NA,NA,NA,NA
13105008100,139.7439661,35.72027823,NA,NA,NA,NA,NA,NA,NA,NA,NA,NA,NA,NA,NA
13105008200,139.7555364,35.7175709,NA,NA,NA,NA,NA,NA,NA,NA,NA,NA,NA,NA,NA
13105008400,139.7480173,35.71907965,NA,NA,NA,NA,NA,NA,NA,NA,NA,NA,NA,NA,NA
13105008500,139.7464724,35.73290396,NA,NA,NA,NA,NA,NA,NA,NA,NA,NA,NA,NA,NA
13105008600,139.7316065,35.7184943,NA,NA,NA,NA,NA,NA,NA,NA,NA,NA,NA,NA,NA
13105008800,139.7458201,35.72454277,NA,NA,NA,NA,NA,NA,NA,NA,NA,NA,NA,NA,NA
13105008900,139.7360354,35.71902391,NA,NA,NA,NA,NA,NA,NA,NA,NA,NA,NA,NA,NA
13105009000,139.7535623,35.72003816,NA,NA,NA,NA,NA,NA,NA,NA,NA,NA,NA,NA,NA
13105009100,139.7488931,35.72280939,NA,NA,NA,NA,NA,NA,NA,NA,NA,NA,NA,NA,NA
13105009200,139.7485666,35.72919728,NA,NA,NA,NA,NA,NA,NA,NA,NA,NA,NA,NA,NA
13105009302,139.7265597,35.72390171,NA,NA,NA,NA,NA,NA,NA,NA,NA,NA,NA,NA,NA
13105009400,139.737649,35.70946254,NA,NA,NA,NA,NA,NA,NA,NA,NA,NA,NA,NA,NA
13105009500,139.7420778,35.71194359,NA,NA,NA,NA,NA,NA,NA,NA,NA,NA,NA,NA,NA
13105009700,139.7612503,35.72554791,NA,NA,NA,NA,NA,NA,NA,NA,NA,NA,NA,NA,NA
13105010100,139.7416659,35.71314227,NA,NA,NA,NA,NA,NA,NA,NA,NA,NA,NA,NA,NA
13105010200,139.7498026,35.73220723,NA,NA,NA,NA,NA,NA,NA,NA,NA,NA,NA,NA,NA
13105010300,139.7564974,35.70341292,NA,NA,NA,NA,NA,NA,NA,NA,NA,NA,NA,NA,NA
13105010700,139.734024,35.715233,NA,NA,NA,NA,NA,NA,NA,NA,NA,NA,NA,NA,NA
13105011300,139.760804,35.72800058,NA,NA,NA,NA,NA,NA,NA,NA,NA,NA,NA,NA,NA
13105011400,139.7197962,35.71565108,NA,NA,NA,NA,NA,NA,NA,NA,NA,NA,NA,NA,NA
13105011500,139.7410479,35.71146969,NA,NA,NA,NA,NA,NA,NA,NA,NA,NA,NA,NA,NA
13105011700,139.7595337,35.72526919,NA,NA,NA,NA,NA,NA,NA,NA,NA,NA,NA,NA,NA
13105011800,139.739594,35.712051,NA,NA,NA,NA,NA,NA,NA,NA,NA,NA,NA,NA,NA
13105011900,139.7431421,35.72471,NA,NA,NA,NA,NA,NA,NA,NA,NA,NA,NA,NA,NA
13105012300,139.7432795,35.7191354,NA,NA,NA,NA,NA,NA,NA,NA,NA,NA,NA,NA,NA
13105012600,139.747262,35.71802044,NA,NA,NA,NA,NA,NA,NA,NA,NA,NA,NA,NA,NA
13105012700,139.7625399,35.70243713,NA,NA,NA,NA,NA,NA,NA,NA,NA,NA,NA,NA,NA
13105012900,139.7382326,35.71367191,NA,NA,NA,NA,NA,NA,NA,NA,NA,NA,NA,NA,NA
13105013100,139.7500773,35.71286351,NA,NA,NA,NA,NA,NA,NA,NA,NA,NA,NA,NA,NA
13105013300,139.7430392,35.73401872,NA,NA,NA,NA,NA,NA,NA,NA,NA,NA,NA,NA,NA
13105013400,139.73734,35.71464756,NA,NA,NA,NA,NA,NA,NA,NA,NA,NA,NA,NA,NA
13105013700,139.725439,35.71731896,NA,NA,NA,NA,NA,NA,NA,NA,NA,NA,NA,NA,NA
13105013800,139.7524462,35.710494,NA,NA,NA,NA,NA,NA,NA,NA,NA,NA,NA,NA,NA
13105014400,139.7504831,35.71413132,NA,NA,NA,NA,NA,NA,NA,NA,NA,NA,NA,NA,NA
13105014500,139.7435439,35.72263054,NA,NA,NA,NA,NA,NA,NA,NA,NA,NA,NA,NA,NA
13106000100,139.7664873,35.72277819,NA,NA,NA,NA,NA,NA,NA,NA,NA,NA,NA,NA,NA
13106000200,139.7723925,35.72591381,NA,NA,NA,NA,NA,NA,NA,NA,NA,NA,NA,NA,NA
13106000300,139.7738078,35.7139363,NA,NA,NA,NA,NA,NA,NA,NA,NA,NA,NA,NA,NA
13106000401,139.7736828,35.71547164,NA,NA,NA,NA,NA,NA,NA,NA,NA,NA,NA,NA,NA
13106000402,139.7701558,35.71985475,NA,NA,NA,NA,NA,NA,NA,NA,NA,NA,NA,NA,NA
13106000403,139.7703325,35.72290362,NA,NA,NA,NA,NA,NA,NA,NA,NA,NA,NA,NA,NA
13106000404,139.7736284,35.72539818,NA,NA,NA,NA,NA,NA,NA,NA,NA,NA,NA,NA,NA
13106000405,139.7701043,35.72060734,NA,NA,NA,NA,NA,NA,NA,NA,NA,NA,NA,NA,NA
13106000406,139.7733144,35.72286506,NA,NA,NA,NA,NA,NA,NA,NA,NA,NA,NA,NA,NA
13106000407,139.7724904,35.72336676,NA,NA,NA,NA,NA,NA,NA,NA,NA,NA,NA,NA,NA
13106000408,139.7754773,35.72326921,NA,NA,NA,NA,NA,NA,NA,NA,NA,NA,NA,NA,NA
13106000409,139.7745332,35.72296261,NA,NA,NA,NA,NA,NA,NA,NA,NA,NA,NA,NA,NA
13106000410,139.7717008,35.72193132,NA,NA,NA,NA,NA,NA,NA,NA,NA,NA,NA,NA,NA
13106000411,139.7719411,35.7207467,NA,NA,NA,NA,NA,NA,NA,NA,NA,NA,NA,NA,NA
13106000412,139.7730448,35.72482681,NA,NA,NA,NA,NA,NA,NA,NA,NA,NA,NA,NA,NA
13106000413,139.7742757,35.72312985,NA,NA,NA,NA,NA,NA,NA,NA,NA,NA,NA,NA,NA
13106000414,139.7726621,35.72271176,NA,NA,NA,NA,NA,NA,NA,NA,NA,NA,NA,NA,NA
13106000500,139.7754214,35.7186193,NA,NA,NA,NA,NA,NA,NA,NA,NA,NA,NA,NA,NA
13106000600,139.7788419,35.719799,NA,NA,NA,NA,NA,NA,NA,NA,NA,NA,NA,NA,NA
13106000801,139.794425,35.7116722,NA,NA,NA,NA,NA,NA,NA,NA,NA,NA,NA,NA,NA
13106000900,139.7875929,35.70195662,NA,NA,NA,NA,NA,NA,NA,NA,NA,NA,NA,NA,NA
13106001000,139.7675451,35.70926132,NA,NA,NA,NA,NA,NA,NA,NA,NA,NA,NA,NA,NA
13106001300,139.7739747,35.71767561,NA,NA,NA,NA,NA,NA,NA,NA,NA,NA,NA,NA,NA
13106001400,139.7756398,35.71442817,NA,NA,NA,NA,NA,NA,NA,NA,NA,NA,NA,NA,NA
13106001500,139.7688655,35.72484107,NA,NA,NA,NA,NA,NA,NA,NA,NA,NA,NA,NA,NA
13106001900,139.7670473,35.71425123,NA,NA,NA,NA,NA,NA,NA,NA,NA,NA,NA,NA,NA
13106002300,139.7796965,35.71253637,NA,NA,NA,NA,NA,NA,NA,NA,NA,NA,NA,NA,NA
13106002500,139.7921934,35.70555305,NA,NA,NA,NA,NA,NA,NA,NA,NA,NA,NA,NA,NA
13106003001,139.7653994,35.72164668,NA,NA,NA,NA,NA,NA,NA,NA,NA,NA,NA,NA,NA
13106003002,139.7664293,35.7212704,NA,NA,NA,NA,NA,NA,NA,NA,NA,NA,NA,NA,NA
13106003100,139.7688154,35.7186694,NA,NA,NA,NA,NA,NA,NA,NA,NA,NA,NA,NA,NA
13106003201,139.7704012,35.7240882,NA,NA,NA,NA,NA,NA,NA,NA,NA,NA,NA,NA,NA
13106003202,139.7701609,35.72744673,NA,NA,NA,NA,NA,NA,NA,NA,NA,NA,NA,NA,NA
13106003203,139.7700235,35.7245899,NA,NA,NA,NA,NA,NA,NA,NA,NA,NA,NA,NA,NA
13106003500,139.7674765,35.7095401,NA,NA,NA,NA,NA,NA,NA,NA,NA,NA,NA,NA,NA
13106003600,139.7899009,35.71707951,NA,NA,NA,NA,NA,NA,NA,NA,NA,NA,NA,NA,NA
13106003700,139.7961073,35.70981839,NA,NA,NA,NA,NA,NA,NA,NA,NA,NA,NA,NA,NA
13106003900,139.767174,35.72375373,NA,NA,NA,NA,NA,NA,NA,NA,NA,NA,NA,NA,NA
13106004300,139.7798159,35.70954017,NA,NA,NA,NA,NA,NA,NA,NA,NA,NA,NA,NA,NA
13106004600,139.7984724,35.71935152,NA,NA,NA,NA,NA,NA,NA,NA,NA,NA,NA,NA,NA
13106004700,139.7678949,35.72259702,NA,NA,NA,NA,NA,NA,NA,NA,NA,NA,NA,NA,NA
13106005300,139.779439,35.71327509,NA,NA,NA,NA,NA,NA,NA,NA,NA,NA,NA,NA,NA
13106005400,139.7885847,35.72545568,NA,NA,NA,NA,NA,NA,NA,NA,NA,NA,NA,NA,NA
13106005500,139.7678369,35.72128953,NA,NA,NA,NA,NA,NA,NA,NA,NA,NA,NA,NA,NA
13106005900,139.7681974,35.72084356,NA,NA,NA,NA,NA,NA,NA,NA,NA,NA,NA,NA,NA
13106006100,139.7669086,35.72170541,NA,NA,NA,NA,NA,NA,NA,NA,NA,NA,NA,NA,NA
13106006200,139.774209,35.70676593,NA,NA,NA,NA,NA,NA,NA,NA,NA,NA,NA,NA,NA
13106006400,139.7810062,35.71800054,NA,NA,NA,NA,NA,NA,NA,NA,NA,NA,NA,NA,NA
13106006900,139.7945967,35.70728152,NA,NA,NA,NA,NA,NA,NA,NA,NA,NA,NA,NA,NA
13106007200,139.7671911,35.72509159,NA,NA,NA,NA,NA,NA,NA,NA,NA,NA,NA,NA,NA
13106007300,139.7933779,35.70565063,NA,NA,NA,NA,NA,NA,NA,NA,NA,NA,NA,NA,NA
13106007500,139.7676138,35.71128241,NA,NA,NA,NA,NA,NA,NA,NA,NA,NA,NA,NA,NA
13106007800,139.7950087,35.70818755,NA,NA,NA,NA,NA,NA,NA,NA,NA,NA,NA,NA,NA
13106008100,139.780326,35.72298393,NA,NA,NA,NA,NA,NA,NA,NA,NA,NA,NA,NA,NA
13106008900,139.7940131,35.70643123,NA,NA,NA,NA,NA,NA,NA,NA,NA,NA,NA,NA,NA
13106009700,139.7733395,35.71043263,NA,NA,NA,NA,NA,NA,NA,NA,NA,NA,NA,NA,NA
13106009900,139.7921419,35.70293241,NA,NA,NA,NA,NA,NA,NA,NA,NA,NA,NA,NA,NA
13106010000,139.7814182,35.72382881,NA,NA,NA,NA,NA,NA,NA,NA,NA,NA,NA,NA,NA
13106010200,139.7814303,35.70314151,NA,NA,NA,NA,NA,NA,NA,NA,NA,NA,NA,NA,NA
13106010500,139.8047208,35.72369974,NA,NA,NA,NA,NA,NA,NA,NA,NA,NA,NA,NA,NA
13106010700,139.767528,35.71315013,NA,NA,NA,NA,NA,NA,NA,NA,NA,NA,NA,NA,NA
13106011400,139.7688219,35.7268475,NA,NA,NA,NA,NA,NA,NA,NA,NA,NA,NA,NA,NA
13106011600,139.7933607,35.70427062,NA,NA,NA,NA,NA,NA,NA,NA,NA,NA,NA,NA,NA
13106011700,139.7900897,35.7160342,NA,NA,NA,NA,NA,NA,NA,NA,NA,NA,NA,NA,NA
13106012500,139.7898417,35.70861966,NA,NA,NA,NA,NA,NA,NA,NA,NA,NA,NA,NA,NA
13107000200,139.8267159,35.70553135,NA,NA,NA,NA,NA,NA,NA,NA,NA,NA,NA,NA,NA
13107000500,139.7932029,35.69696567,NA,NA,NA,NA,NA,NA,NA,NA,NA,NA,NA,NA,NA
13107002200,139.8164336,35.70055942,NA,NA,NA,NA,NA,NA,NA,NA,NA,NA,NA,NA,NA
13107005000,139.7973266,35.70043219,NA,NA,NA,NA,NA,NA,NA,NA,NA,NA,NA,NA,NA
13107010500,139.8182883,35.70423911,NA,NA,NA,NA,NA,NA,NA,NA,NA,NA,NA,NA,NA
13107014500,139.795822,35.703224,NA,NA,NA,NA,NA,NA,NA,NA,NA,NA,NA,NA,NA
13109000100,139.72184,35.6351312,NA,NA,NA,NA,NA,NA,NA,NA,NA,NA,NA,NA,NA
13109000200,139.7272116,35.62867904,NA,NA,NA,NA,NA,NA,NA,NA,NA,NA,NA,NA,NA
13109000300,139.728664,35.62745086,NA,NA,NA,NA,NA,NA,NA,NA,NA,NA,NA,NA,NA
13109000400,139.7229069,35.63109445,NA,NA,NA,NA,NA,NA,NA,NA,NA,NA,NA,NA,NA
13109000500,139.7240026,35.62985034,NA,NA,NA,NA,NA,NA,NA,NA,NA,NA,NA,NA,NA
13109000600,139.7229391,35.62535828,NA,NA,NA,NA,NA,NA,NA,NA,NA,NA,NA,NA,NA
13109000700,139.7185611,35.63848077,NA,NA,NA,NA,NA,NA,NA,NA,NA,NA,NA,NA,NA
13109000800,139.7337182,35.62050855,NA,NA,NA,NA,NA,NA,NA,NA,NA,NA,NA,NA,NA
13109000900,139.7139841,35.62207916,NA,NA,NA,NA,NA,NA,NA,NA,NA,NA,NA,NA,NA
13109001000,139.7245685,35.61720399,NA,NA,NA,NA,NA,NA,NA,NA,NA,NA,NA,NA,NA
13109001100,139.738493,35.60802199,NA,NA,NA,NA,NA,NA,NA,NA,NA,NA,NA,NA,NA
13109001200,139.7343964,35.60833955,NA,NA,NA,NA,NA,NA,NA,NA,NA,NA,NA,NA,NA
13109001300,139.7403673,35.60697621,NA,NA,NA,NA,NA,NA,NA,NA,NA,NA,NA,NA,NA
13109001400,139.7328131,35.60031371,NA,NA,NA,NA,NA,NA,NA,NA,NA,NA,NA,NA,NA
13109001500,139.7301397,35.59667274,NA,NA,NA,NA,NA,NA,NA,NA,NA,NA,NA,NA,NA
13109001600,139.7303114,35.59305438,NA,NA,NA,NA,NA,NA,NA,NA,NA,NA,NA,NA,NA
13109001700,139.7080605,35.60455922,NA,NA,NA,NA,NA,NA,NA,NA,NA,NA,NA,NA,NA
13109001800,139.7416467,35.60782891,NA,NA,NA,NA,NA,NA,NA,NA,NA,NA,NA,NA,NA
13109001900,139.7411009,35.60679337,NA,NA,NA,NA,NA,NA,NA,NA,NA,NA,NA,NA,NA
13109002000,139.7409449,35.60532457,NA,NA,NA,NA,NA,NA,NA,NA,NA,NA,NA,NA,NA
13109002100,139.7196823,35.59370406,NA,NA,NA,NA,NA,NA,NA,NA,NA,NA,NA,NA,NA
13109002200,139.7380697,35.60181908,NA,NA,NA,NA,NA,NA,NA,NA,NA,NA,NA,NA,NA
13109002400,139.7205441,35.59394495,NA,NA,NA,NA,NA,NA,NA,NA,NA,NA,NA,NA,NA
13109003000,139.7289666,35.61491723,NA,NA,NA,NA,NA,NA,NA,NA,NA,NA,NA,NA,NA
13110000100,139.6851627,35.66038101,NA,NA,NA,NA,NA,NA,NA,NA,NA,NA,NA,NA,NA
13110000200,139.6804591,35.65884679,NA,NA,NA,NA,NA,NA,NA,NA,NA,NA,NA,NA,NA
13110000300,139.6875316,35.65337917,NA,NA,NA,NA,NA,NA,NA,NA,NA,NA,NA,NA,NA
13110000400,139.6854716,35.65477401,NA,NA,NA,NA,NA,NA,NA,NA,NA,NA,NA,NA,NA
13110000500,139.6994455,35.64762793,NA,NA,NA,NA,NA,NA,NA,NA,NA,NA,NA,NA,NA
13110000600,139.6915147,35.65273328,NA,NA,NA,NA,NA,NA,NA,NA,NA,NA,NA,NA,NA
13110000700,139.6910341,35.64628877,NA,NA,NA,NA,NA,NA,NA,NA,NA,NA,NA,NA,NA
13110000800,139.6866739,35.64782322,NA,NA,NA,NA,NA,NA,NA,NA,NA,NA,NA,NA,NA
13110000900,139.6915834,35.64333137,NA,NA,NA,NA,NA,NA,NA,NA,NA,NA,NA,NA,NA
13110001000,139.6939866,35.64352667,NA,NA,NA,NA,NA,NA,NA,NA,NA,NA,NA,NA,NA
13110001100,139.7008531,35.64288496,NA,NA,NA,NA,NA,NA,NA,NA,NA,NA,NA,NA,NA
13110001200,139.7051446,35.64402888,NA,NA,NA,NA,NA,NA,NA,NA,NA,NA,NA,NA,NA
13110001300,139.6997201,35.63989954,NA,NA,NA,NA,NA,NA,NA,NA,NA,NA,NA,NA,NA
13110001400,139.70281,35.63666288,NA,NA,NA,NA,NA,NA,NA,NA,NA,NA,NA,NA,NA
13110001500,139.7015397,35.63607692,NA,NA,NA,NA,NA,NA,NA,NA,NA,NA,NA,NA,NA
13110001600,139.697983,35.635895,NA,NA,NA,NA,NA,NA,NA,NA,NA,NA,NA,NA,NA
13110001700,139.7054879,35.63275639,NA,NA,NA,NA,NA,NA,NA,NA,NA,NA,NA,NA,NA
13110001800,139.701523,35.632854,NA,NA,NA,NA,NA,NA,NA,NA,NA,NA,NA,NA,NA
13110001900,139.7136411,35.63236011,NA,NA,NA,NA,NA,NA,NA,NA,NA,NA,NA,NA,NA
13110002000,139.7075822,35.62857065,NA,NA,NA,NA,NA,NA,NA,NA,NA,NA,NA,NA,NA
13110002100,139.7057626,35.63130536,NA,NA,NA,NA,NA,NA,NA,NA,NA,NA,NA,NA,NA
13110002200,139.6955316,35.63208669,NA,NA,NA,NA,NA,NA,NA,NA,NA,NA,NA,NA,NA
13110002300,139.693815,35.63694191,NA,NA,NA,NA,NA,NA,NA,NA,NA,NA,NA,NA,NA
13110002400,139.6906907,35.63242154,NA,NA,NA,NA,NA,NA,NA,NA,NA,NA,NA,NA,NA
13110002500,139.6888711,35.62368702,NA,NA,NA,NA,NA,NA,NA,NA,NA,NA,NA,NA,NA
13110002600,139.6881545,35.61344615,NA,NA,NA,NA,NA,NA,NA,NA,NA,NA,NA,NA,NA
13110002700,139.6873649,35.61685121,NA,NA,NA,NA,NA,NA,NA,NA,NA,NA,NA,NA,NA
13110002800,139.6853049,35.61325077,NA,NA,NA,NA,NA,NA,NA,NA,NA,NA,NA,NA,NA
13110002900,139.6873992,35.61210641,NA,NA,NA,NA,NA,NA,NA,NA,NA,NA,NA,NA,NA
13110003000,139.6627422,35.62913927,NA,NA,NA,NA,NA,NA,NA,NA,NA,NA,NA,NA,NA
13110003100,139.6782732,35.6217545,NA,NA,NA,NA,NA,NA,NA,NA,NA,NA,NA,NA,NA
13110003200,139.6772433,35.62602431,NA,NA,NA,NA,NA,NA,NA,NA,NA,NA,NA,NA,NA
13110003300,139.6726427,35.62084051,NA,NA,NA,NA,NA,NA,NA,NA,NA,NA,NA,NA,NA
13110003400,139.6670466,35.61911017,NA,NA,NA,NA,NA,NA,NA,NA,NA,NA,NA,NA,NA
13110003500,139.6650896,35.61777053,NA,NA,NA,NA,NA,NA,NA,NA,NA,NA,NA,NA,NA
13110003600,139.6670122,35.62215219,NA,NA,NA,NA,NA,NA,NA,NA,NA,NA,NA,NA,NA
13110003700,139.6657419,35.62402199,NA,NA,NA,NA,NA,NA,NA,NA,NA,NA,NA,NA,NA
13110003800,139.6783419,35.61857292,NA,NA,NA,NA,NA,NA,NA,NA,NA,NA,NA,NA,NA
13110003900,139.6784728,35.60934314,NA,NA,NA,NA,NA,NA,NA,NA,NA,NA,NA,NA,NA
13110004000,139.683245,35.60780795,NA,NA,NA,NA,NA,NA,NA,NA,NA,NA,NA,NA,NA
13110004100,139.6832107,35.60613316,NA,NA,NA,NA,NA,NA,NA,NA,NA,NA,NA,NA,NA
13110004400,139.6980035,35.64012275,NA,NA,NA,NA,NA,NA,NA,NA,NA,NA,NA,NA,NA
13110004500,139.682451,35.62276607,NA,NA,NA,NA,NA,NA,NA,NA,NA,NA,NA,NA,NA
13110004600,139.7028444,35.64531228,NA,NA,NA,NA,NA,NA,NA,NA,NA,NA,NA,NA,NA
13110004700,139.684373,35.65446715,NA,NA,NA,NA,NA,NA,NA,NA,NA,NA,NA,NA,NA
13110004900,139.6898324,35.62014271,NA,NA,NA,NA,NA,NA,NA,NA,NA,NA,NA,NA,NA
13110005000,139.705872,35.640827,NA,NA,NA,NA,NA,NA,NA,NA,NA,NA,NA,NA,NA
13110005100,139.713776,35.640392,NA,NA,NA,NA,NA,NA,NA,NA,NA,NA,NA,NA,NA
13110005200,139.6855066,35.64154572,NA,NA,NA,NA,NA,NA,NA,NA,NA,NA,NA,NA,NA
13110005300,139.6816957,35.65566243,NA,NA,NA,NA,NA,NA,NA,NA,NA,NA,NA,NA,NA
13110005400,139.6977975,35.64944134,NA,NA,NA,NA,NA,NA,NA,NA,NA,NA,NA,NA,NA
13110005600,139.6939523,35.65030619,NA,NA,NA,NA,NA,NA,NA,NA,NA,NA,NA,NA,NA
13110005700,139.6802875,35.66160835,NA,NA,NA,NA,NA,NA,NA,NA,NA,NA,NA,NA,NA
13110005800,139.7063806,35.62608701,NA,NA,NA,NA,NA,NA,NA,NA,NA,NA,NA,NA,NA
13110005900,139.6893861,35.62388237,NA,NA,NA,NA,NA,NA,NA,NA,NA,NA,NA,NA,NA
13110006000,139.6854036,35.62086833,NA,NA,NA,NA,NA,NA,NA,NA,NA,NA,NA,NA,NA
13110006100,139.7016427,35.62991011,NA,NA,NA,NA,NA,NA,NA,NA,NA,NA,NA,NA,NA
13110006200,139.7054191,35.62865815,NA,NA,NA,NA,NA,NA,NA,NA,NA,NA,NA,NA,NA
13110006300,139.7069602,35.63036419,NA,NA,NA,NA,NA,NA,NA,NA,NA,NA,NA,NA,NA
13111000100,139.6674392,35.58883561,NA,NA,NA,NA,NA,NA,NA,NA,NA,NA,NA,NA,NA
13111000200,139.6687695,35.58743962,NA,NA,NA,NA,NA,NA,NA,NA,NA,NA,NA,NA,NA
13111000300,139.6688781,35.58691091,NA,NA,NA,NA,NA,NA,NA,NA,NA,NA,NA,NA,NA
13111000400,139.6639081,35.59491805,NA,NA,NA,NA,NA,NA,NA,NA,NA,NA,NA,NA,NA
13111000500,139.6704679,35.59703283,NA,NA,NA,NA,NA,NA,NA,NA,NA,NA,NA,NA,NA
13111000600,139.6685298,35.59304569,NA,NA,NA,NA,NA,NA,NA,NA,NA,NA,NA,NA,NA
13111000700,139.6670555,35.59697895,NA,NA,NA,NA,NA,NA,NA,NA,NA,NA,NA,NA,NA
13111000800,139.6587397,35.59761202,NA,NA,NA,NA,NA,NA,NA,NA,NA,NA,NA,NA,NA
13111000900,139.6578784,35.59596871,NA,NA,NA,NA,NA,NA,NA,NA,NA,NA,NA,NA,NA
13111001000,139.6579115,35.59571279,NA,NA,NA,NA,NA,NA,NA,NA,NA,NA,NA,NA,NA
13111001100,139.6581103,35.59556462,NA,NA,NA,NA,NA,NA,NA,NA,NA,NA,NA,NA,NA
13111001200,139.6582659,35.59544897,NA,NA,NA,NA,NA,NA,NA,NA,NA,NA,NA,NA,NA
13111001300,139.6586951,35.59520469,NA,NA,NA,NA,NA,NA,NA,NA,NA,NA,NA,NA,NA
13111001400,139.660401,35.59766486,NA,NA,NA,NA,NA,NA,NA,NA,NA,NA,NA,NA,NA
13111001500,139.6602508,35.59732463,NA,NA,NA,NA,NA,NA,NA,NA,NA,NA,NA,NA,NA
13111001600,139.6598109,35.596112,NA,NA,NA,NA,NA,NA,NA,NA,NA,NA,NA,NA,NA
13111001700,139.6602231,35.59584821,NA,NA,NA,NA,NA,NA,NA,NA,NA,NA,NA,NA,NA
13111001800,139.6593983,35.59610788,NA,NA,NA,NA,NA,NA,NA,NA,NA,NA,NA,NA,NA
13111001900,139.6594643,35.59568898,NA,NA,NA,NA,NA,NA,NA,NA,NA,NA,NA,NA,NA
13111002000,139.6593099,35.59519127,NA,NA,NA,NA,NA,NA,NA,NA,NA,NA,NA,NA,NA
13111002100,139.6591834,35.59476115,NA,NA,NA,NA,NA,NA,NA,NA,NA,NA,NA,NA,NA
13111002200,139.6606553,35.59527542,NA,NA,NA,NA,NA,NA,NA,NA,NA,NA,NA,NA,NA
13111002300,139.6608623,35.59448064,NA,NA,NA,NA,NA,NA,NA,NA,NA,NA,NA,NA,NA
13111002400,139.6613682,35.59369521,NA,NA,NA,NA,NA,NA,NA,NA,NA,NA,NA,NA,NA
13111002500,139.6625296,35.59444324,NA,NA,NA,NA,NA,NA,NA,NA,NA,NA,NA,NA,NA
13111002600,139.6653353,35.59098393,NA,NA,NA,NA,NA,NA,NA,NA,NA,NA,NA,NA,NA
13111002800,139.6707426,35.5931476,NA,NA,NA,NA,NA,NA,NA,NA,NA,NA,NA,NA,NA
13111002900,139.6732746,35.58384688,NA,NA,NA,NA,NA,NA,NA,NA,NA,NA,NA,NA,NA
13111003000,139.6774303,35.58177573,NA,NA,NA,NA,NA,NA,NA,NA,NA,NA,NA,NA,NA
13111003100,139.6833003,35.57892677,NA,NA,NA,NA,NA,NA,NA,NA,NA,NA,NA,NA,NA
13111003200,139.6870554,35.57543632,NA,NA,NA,NA,NA,NA,NA,NA,NA,NA,NA,NA,NA
13111003300,139.6872485,35.57255659,NA,NA,NA,NA,NA,NA,NA,NA,NA,NA,NA,NA,NA
13111003400,139.6849954,35.57589009,NA,NA,NA,NA,NA,NA,NA,NA,NA,NA,NA,NA,NA
13111003500,139.6672172,35.58937143,NA,NA,NA,NA,NA,NA,NA,NA,NA,NA,NA,NA,NA
13111003600,139.6673245,35.5914479,NA,NA,NA,NA,NA,NA,NA,NA,NA,NA,NA,NA,NA
13111003700,139.6665735,35.59169219,NA,NA,NA,NA,NA,NA,NA,NA,NA,NA,NA,NA,NA
13111003800,139.6632476,35.59286127,NA,NA,NA,NA,NA,NA,NA,NA,NA,NA,NA,NA,NA
13111003900,139.6622981,35.59404778,NA,NA,NA,NA,NA,NA,NA,NA,NA,NA,NA,NA,NA
13111004000,139.6616543,35.59408267,NA,NA,NA,NA,NA,NA,NA,NA,NA,NA,NA,NA,NA
13111004100,139.6619011,35.59460613,NA,NA,NA,NA,NA,NA,NA,NA,NA,NA,NA,NA,NA
13111004200,139.6603512,35.59931764,NA,NA,NA,NA,NA,NA,NA,NA,NA,NA,NA,NA,NA
13111004300,139.6582484,35.59718903,NA,NA,NA,NA,NA,NA,NA,NA,NA,NA,NA,NA,NA
13111004400,139.6576046,35.59610725,NA,NA,NA,NA,NA,NA,NA,NA,NA,NA,NA,NA,NA
13111004500,139.6761517,35.58467801,NA,NA,NA,NA,NA,NA,NA,NA,NA,NA,NA,NA,NA
13111004600,139.6745531,35.58391891,NA,NA,NA,NA,NA,NA,NA,NA,NA,NA,NA,NA,NA
13111004700,139.6743063,35.5827497,NA,NA,NA,NA,NA,NA,NA,NA,NA,NA,NA,NA,NA
13111004800,139.6724802,35.58533812,NA,NA,NA,NA,NA,NA,NA,NA,NA,NA,NA,NA,NA
13111004900,139.6847028,35.5965309,NA,NA,NA,NA,NA,NA,NA,NA,NA,NA,NA,NA,NA
13111005000,139.6709538,35.58545938,NA,NA,NA,NA,NA,NA,NA,NA,NA,NA,NA,NA,NA
13111005100,139.6708465,35.58590436,NA,NA,NA,NA,NA,NA,NA,NA,NA,NA,NA,NA,NA
13111005200,139.6716083,35.58488351,NA,NA,NA,NA,NA,NA,NA,NA,NA,NA,NA,NA,NA
13111005300,139.6722949,35.5844996,NA,NA,NA,NA,NA,NA,NA,NA,NA,NA,NA,NA,NA
13111005400,139.676801,35.5810443,NA,NA,NA,NA,NA,NA,NA,NA,NA,NA,NA,NA,NA
13111005500,139.6781743,35.58182961,NA,NA,NA,NA,NA,NA,NA,NA,NA,NA,NA,NA,NA
13111005600,139.6771517,35.59133995,NA,NA,NA,NA,NA,NA,NA,NA,NA,NA,NA,NA,NA
13111005700,139.6844687,35.589769510000004,NA,NA,NA,NA,NA,NA,NA,NA,NA,NA,NA,NA,NA
13111005800,139.6920433,35.60212279,NA,NA,NA,NA,NA,NA,NA,NA,NA,NA,NA,NA,NA
13111005900,139.7019138,35.59277077,NA,NA,NA,NA,NA,NA,NA,NA,NA,NA,NA,NA,NA
13111006000,139.7035017,35.59549274,NA,NA,NA,NA,NA,NA,NA,NA,NA,NA,NA,NA,NA
13111006100,139.7128043,35.59316087,NA,NA,NA,NA,NA,NA,NA,NA,NA,NA,NA,NA,NA
13111006200,139.7166881,35.58939185,NA,NA,NA,NA,NA,NA,NA,NA,NA,NA,NA,NA,NA
13111006300,139.7140918,35.58647772,NA,NA,NA,NA,NA,NA,NA,NA,NA,NA,NA,NA,NA
13111006400,139.7028265,35.58682673,NA,NA,NA,NA,NA,NA,NA,NA,NA,NA,NA,NA,NA
13111006500,139.7096019,35.59124845,NA,NA,NA,NA,NA,NA,NA,NA,NA,NA,NA,NA,NA
13111006600,139.6986138,35.58900204,NA,NA,NA,NA,NA,NA,NA,NA,NA,NA,NA,NA,NA
13111006700,139.7014033,35.58769331,NA,NA,NA,NA,NA,NA,NA,NA,NA,NA,NA,NA,NA
13111006800,139.7217452,35.59301536,NA,NA,NA,NA,NA,NA,NA,NA,NA,NA,NA,NA,NA
13111006900,139.7303283,35.59301536,NA,NA,NA,NA,NA,NA,NA,NA,NA,NA,NA,NA,NA
13111006902,139.7288048,35.59189863,NA,NA,NA,NA,NA,NA,NA,NA,NA,NA,NA,NA,NA
13111007000,139.721874,35.58434285,NA,NA,NA,NA,NA,NA,NA,NA,NA,NA,NA,NA,NA
13111007100,139.7208869,35.58397639,NA,NA,NA,NA,NA,NA,NA,NA,NA,NA,NA,NA,NA
13111007200,139.7214663,35.58542479,NA,NA,NA,NA,NA,NA,NA,NA,NA,NA,NA,NA,NA
13111007300,139.7252696,35.58752753,NA,NA,NA,NA,NA,NA,NA,NA,NA,NA,NA,NA,NA
13111007400,139.7069823,35.57945652,NA,NA,NA,NA,NA,NA,NA,NA,NA,NA,NA,NA,NA
13111007500,139.7042143,35.57996262,NA,NA,NA,NA,NA,NA,NA,NA,NA,NA,NA,NA,NA
13111007600,139.6882712,35.586053,NA,NA,NA,NA,NA,NA,NA,NA,NA,NA,NA,NA,NA
13111007700,139.6936786,35.58212659,NA,NA,NA,NA,NA,NA,NA,NA,NA,NA,NA,NA,NA
13111007800,139.6912324,35.58052107,NA,NA,NA,NA,NA,NA,NA,NA,NA,NA,NA,NA,NA
13111007900,139.6921765,35.5802942,NA,NA,NA,NA,NA,NA,NA,NA,NA,NA,NA,NA,NA
13111008000,139.6937644,35.57514582,NA,NA,NA,NA,NA,NA,NA,NA,NA,NA,NA,NA,NA
13111008100,139.6939146,35.57641986,NA,NA,NA,NA,NA,NA,NA,NA,NA,NA,NA,NA,NA
13111008200,139.6880781,35.5987558,NA,NA,NA,NA,NA,NA,NA,NA,NA,NA,NA,NA,NA
13111008300,139.6935284,35.57388922,NA,NA,NA,NA,NA,NA,NA,NA,NA,NA,NA,NA,NA
13111008400,139.6882283,35.57483168,NA,NA,NA,NA,NA,NA,NA,NA,NA,NA,NA,NA,NA
13111008500,139.6891725,35.57711795,NA,NA,NA,NA,NA,NA,NA,NA,NA,NA,NA,NA,NA
13111008600,139.6916401,35.57430809,NA,NA,NA,NA,NA,NA,NA,NA,NA,NA,NA,NA,NA
13111008700,139.6829192,35.57566033,NA,NA,NA,NA,NA,NA,NA,NA,NA,NA,NA,NA,NA
13111008800,139.6880959,35.5740285,NA,NA,NA,NA,NA,NA,NA,NA,NA,NA,NA,NA,NA
13111008900,139.6837453,35.57359218,NA,NA,NA,NA,NA,NA,NA,NA,NA,NA,NA,NA,NA
13111009001,139.684314,35.57385397,NA,NA,NA,NA,NA,NA,NA,NA,NA,NA,NA,NA,NA
13111009002,139.6841959,35.57387143,NA,NA,NA,NA,NA,NA,NA,NA,NA,NA,NA,NA,NA
13111009003,139.6839599,35.57381034,NA,NA,NA,NA,NA,NA,NA,NA,NA,NA,NA,NA,NA
13111009100,139.7125128,35.58064849,NA,NA,NA,NA,NA,NA,NA,NA,NA,NA,NA,NA,NA
13111009200,139.7176412,35.57159067,NA,NA,NA,NA,NA,NA,NA,NA,NA,NA,NA,NA,NA
13111009300,139.717035,35.56813481,NA,NA,NA,NA,NA,NA,NA,NA,NA,NA,NA,NA,NA
13111009400,139.712384,35.56524609,NA,NA,NA,NA,NA,NA,NA,NA,NA,NA,NA,NA,NA
13111009500,139.7239014,35.56501045,NA,NA,NA,NA,NA,NA,NA,NA,NA,NA,NA,NA,NA
13111009600,139.7225711,35.56457408,NA,NA,NA,NA,NA,NA,NA,NA,NA,NA,NA,NA,NA
13111009700,139.7225496,35.56436462,NA,NA,NA,NA,NA,NA,NA,NA,NA,NA,NA,NA,NA
13111009800,139.7224852,35.56057679,NA,NA,NA,NA,NA,NA,NA,NA,NA,NA,NA,NA,NA
13111009900,139.7061345,35.55748705,NA,NA,NA,NA,NA,NA,NA,NA,NA,NA,NA,NA,NA
13111010000,139.7207472,35.5632824,NA,NA,NA,NA,NA,NA,NA,NA,NA,NA,NA,NA,NA
13111010100,139.7381708,35.55472887,NA,NA,NA,NA,NA,NA,NA,NA,NA,NA,NA,NA,NA
13111010200,139.7305748,35.5558112,NA,NA,NA,NA,NA,NA,NA,NA,NA,NA,NA,NA,NA
13111010300,139.7354457,35.56139721,NA,NA,NA,NA,NA,NA,NA,NA,NA,NA,NA,NA,NA
13111010400,139.731695,35.56634979,NA,NA,NA,NA,NA,NA,NA,NA,NA,NA,NA,NA,NA
13111010500,139.7221432,35.56990786,NA,NA,NA,NA,NA,NA,NA,NA,NA,NA,NA,NA,NA
13111010600,139.7383679,35.56248294,NA,NA,NA,NA,NA,NA,NA,NA,NA,NA,NA,NA,NA
13111010700,139.7135058,35.54401727,NA,NA,NA,NA,NA,NA,NA,NA,NA,NA,NA,NA,NA
13111010800,139.6992915,35.59965382,NA,NA,NA,NA,NA,NA,NA,NA,NA,NA,NA,NA,NA
13111010900,139.6674304,35.58826255,NA,NA,NA,NA,NA,NA,NA,NA,NA,NA,NA,NA,NA
13111011000,139.6744099,35.58633184,NA,NA,NA,NA,NA,NA,NA,NA,NA,NA,NA,NA,NA
13111011100,139.7139231,35.59992413,NA,NA,NA,NA,NA,NA,NA,NA,NA,NA,NA,NA,NA
13111011200,139.7073986,35.57649601,NA,NA,NA,NA,NA,NA,NA,NA,NA,NA,NA,NA,NA
13111011300,139.7063686,35.57707194,NA,NA,NA,NA,NA,NA,NA,NA,NA,NA,NA,NA,NA
13111011400,139.7044589,35.57644365,NA,NA,NA,NA,NA,NA,NA,NA,NA,NA,NA,NA,NA
13111011500,139.7040512,35.58080663,NA,NA,NA,NA,NA,NA,NA,NA,NA,NA,NA,NA,NA
13111011600,139.7026565,35.58375587,NA,NA,NA,NA,NA,NA,NA,NA,NA,NA,NA,NA,NA
13111011700,139.7098304,35.59407108,NA,NA,NA,NA,NA,NA,NA,NA,NA,NA,NA,NA,NA
13111011800,139.7055335,35.58684706,NA,NA,NA,NA,NA,NA,NA,NA,NA,NA,NA,NA,NA
13111012000,139.7008917,35.58685135,NA,NA,NA,NA,NA,NA,NA,NA,NA,NA,NA,NA,NA
13111012100,139.6626147,35.59356136,NA,NA,NA,NA,NA,NA,NA,NA,NA,NA,NA,NA,NA
13111012200,139.6715993,35.58720731,NA,NA,NA,NA,NA,NA,NA,NA,NA,NA,NA,NA,NA
13111012300,139.6772339,35.58187841,NA,NA,NA,NA,NA,NA,NA,NA,NA,NA,NA,NA,NA
13111012400,139.7067972,35.58163921,NA,NA,NA,NA,NA,NA,NA,NA,NA,NA,NA,NA,NA
13111012500,139.7218012,35.58782117,NA,NA,NA,NA,NA,NA,NA,NA,NA,NA,NA,NA,NA
13111012700,139.703487,35.58029991,NA,NA,NA,NA,NA,NA,NA,NA,NA,NA,NA,NA,NA
13111012800,139.7095363,35.58952412,NA,NA,NA,NA,NA,NA,NA,NA,NA,NA,NA,NA,NA
13111012900,139.7330972,35.56494478,NA,NA,NA,NA,NA,NA,NA,NA,NA,NA,NA,NA,NA
13111013000,139.7239992,35.56503206,NA,NA,NA,NA,NA,NA,NA,NA,NA,NA,NA,NA,NA
13111013100,139.7129699,35.54410093,NA,NA,NA,NA,NA,NA,NA,NA,NA,NA,NA,NA,NA
13111013200,139.7241028,35.59222927,NA,NA,NA,NA,NA,NA,NA,NA,NA,NA,NA,NA,NA
13111013300,139.6749924,35.58523967,NA,NA,NA,NA,NA,NA,NA,NA,NA,NA,NA,NA,NA
13111013400,139.7230898,35.58637395,NA,NA,NA,NA,NA,NA,NA,NA,NA,NA,NA,NA,NA
13111013500,139.7088204,35.58256971,NA,NA,NA,NA,NA,NA,NA,NA,NA,NA,NA,NA,NA
13111013600,139.6835514,35.57929885,NA,NA,NA,NA,NA,NA,NA,NA,NA,NA,NA,NA,NA
13111013700,139.6602175,35.59661086,NA,NA,NA,NA,NA,NA,NA,NA,NA,NA,NA,NA,NA
13111013800,139.6618158,35.5956925,NA,NA,NA,NA,NA,NA,NA,NA,NA,NA,NA,NA,NA
13111013900,139.7224016,35.56050941,NA,NA,NA,NA,NA,NA,NA,NA,NA,NA,NA,NA,NA
13111014000,139.7134845,35.59031662,NA,NA,NA,NA,NA,NA,NA,NA,NA,NA,NA,NA,NA
13111014100,139.7129745,35.59068839,NA,NA,NA,NA,NA,NA,NA,NA,NA,NA,NA,NA,NA
13111014200,139.7214961,35.58554219,NA,NA,NA,NA,NA,NA,NA,NA,NA,NA,NA,NA,NA
13111014300,139.6936816,35.58045523,NA,NA,NA,NA,NA,NA,NA,NA,NA,NA,NA,NA,NA
13111014400,139.6659315,35.58950333,NA,NA,NA,NA,NA,NA,NA,NA,NA,NA,NA,NA,NA
13111014500,139.6709204,35.58696438,NA,NA,NA,NA,NA,NA,NA,NA,NA,NA,NA,NA,NA
13111014600,139.6886765,35.60609209,NA,NA,NA,NA,NA,NA,NA,NA,NA,NA,NA,NA,NA
13111014700,139.7153385,35.58594297,NA,NA,NA,NA,NA,NA,NA,NA,NA,NA,NA,NA,NA
13111014800,139.7364313,35.56703332,NA,NA,NA,NA,NA,NA,NA,NA,NA,NA,NA,NA,NA
13111014900,139.6969071,35.60115284,NA,NA,NA,NA,NA,NA,NA,NA,NA,NA,NA,NA,NA
13111015000,139.6691194,35.59193157,NA,NA,NA,NA,NA,NA,NA,NA,NA,NA,NA,NA,NA
13111015100,139.7407095,35.55951162,NA,NA,NA,NA,NA,NA,NA,NA,NA,NA,NA,NA,NA
13111015200,139.7137962,35.58605791,NA,NA,NA,NA,NA,NA,NA,NA,NA,NA,NA,NA,NA
13111015300,139.7094886,35.59103109,NA,NA,NA,NA,NA,NA,NA,NA,NA,NA,NA,NA,NA
13111015400,139.707876,35.57802057,NA,NA,NA,NA,NA,NA,NA,NA,NA,NA,NA,NA,NA
13111015500,139.6682356,35.58793012,NA,NA,NA,NA,NA,NA,NA,NA,NA,NA,NA,NA,NA
13111015600,139.6779988,35.58063574,NA,NA,NA,NA,NA,NA,NA,NA,NA,NA,NA,NA,NA
13111015700,139.6826498,35.57641237,NA,NA,NA,NA,NA,NA,NA,NA,NA,NA,NA,NA,NA
13111015800,139.6830467,35.57518197,NA,NA,NA,NA,NA,NA,NA,NA,NA,NA,NA,NA,NA
13111015900,139.6572278,35.59580502,NA,NA,NA,NA,NA,NA,NA,NA,NA,NA,NA,NA,NA
13111016000,139.7346606,35.55528909,NA,NA,NA,NA,NA,NA,NA,NA,NA,NA,NA,NA,NA
13111016100,139.7113694,35.5784336,NA,NA,NA,NA,NA,NA,NA,NA,NA,NA,NA,NA,NA
13111016200,139.7107203,35.59649433,NA,NA,NA,NA,NA,NA,NA,NA,NA,NA,NA,NA,NA
13111016300,139.6906627,35.56506429,NA,NA,NA,NA,NA,NA,NA,NA,NA,NA,NA,NA,NA
13111016400,139.7301142,35.57581576,NA,NA,NA,NA,NA,NA,NA,NA,NA,NA,NA,NA,NA
13111016500,139.6860204,35.57527545,NA,NA,NA,NA,NA,NA,NA,NA,NA,NA,NA,NA,NA
13111016700,139.718069,35.58562107,NA,NA,NA,NA,NA,NA,NA,NA,NA,NA,NA,NA,NA
13111016800,139.6814408,35.57724445,NA,NA,NA,NA,NA,NA,NA,NA,NA,NA,NA,NA,NA
13111016900,139.7112401,35.59008824,NA,NA,NA,NA,NA,NA,NA,NA,NA,NA,NA,NA,NA
13111017000,139.7212286,35.59318545,NA,NA,NA,NA,NA,NA,NA,NA,NA,NA,NA,NA,NA
13111017100,139.6985422,35.57698667,NA,NA,NA,NA,NA,NA,NA,NA,NA,NA,NA,NA,NA
13111017200,139.7038385,35.58116395,NA,NA,NA,NA,NA,NA,NA,NA,NA,NA,NA,NA,NA
13111017300,139.6765192,35.58252941,NA,NA,NA,NA,NA,NA,NA,NA,NA,NA,NA,NA,NA
13111017400,139.7036202,35.59313895,NA,NA,NA,NA,NA,NA,NA,NA,NA,NA,NA,NA,NA
13111017500,139.723946,35.58572289,NA,NA,NA,NA,NA,NA,NA,NA,NA,NA,NA,NA,NA
13111017600,139.715143,35.59172559,NA,NA,NA,NA,NA,NA,NA,NA,NA,NA,NA,NA,NA
13111017700,139.7020967,35.59533746,NA,NA,NA,NA,NA,NA,NA,NA,NA,NA,NA,NA,NA
13111017800,139.722665,35.58984764,NA,NA,NA,NA,NA,NA,NA,NA,NA,NA,NA,NA,NA
13111017900,139.7268606,35.58769639,NA,NA,NA,NA,NA,NA,NA,NA,NA,NA,NA,NA,NA
13111018000,139.7242232,35.58875384,NA,NA,NA,NA,NA,NA,NA,NA,NA,NA,NA,NA,NA
13111018200,139.7292311,35.58552474,NA,NA,NA,NA,NA,NA,NA,NA,NA,NA,NA,NA,NA
13111018300,139.7336619,35.57917748,NA,NA,NA,NA,NA,NA,NA,NA,NA,NA,NA,NA,NA
13111018400,139.735505,35.57645732,NA,NA,NA,NA,NA,NA,NA,NA,NA,NA,NA,NA,NA
13111018500,139.7377773,35.57039235,NA,NA,NA,NA,NA,NA,NA,NA,NA,NA,NA,NA,NA
13111018600,139.7363434,35.56694695,NA,NA,NA,NA,NA,NA,NA,NA,NA,NA,NA,NA,NA
13111018700,139.6860345,35.56790833,NA,NA,NA,NA,NA,NA,NA,NA,NA,NA,NA,NA,NA
13111018800,139.6860559,35.57068351,NA,NA,NA,NA,NA,NA,NA,NA,NA,NA,NA,NA,NA
13111018900,139.7018703,35.56481887,NA,NA,NA,NA,NA,NA,NA,NA,NA,NA,NA,NA,NA
13111019000,139.7005613,35.56464432,NA,NA,NA,NA,NA,NA,NA,NA,NA,NA,NA,NA,NA
13111019100,139.6917637,35.56295117,NA,NA,NA,NA,NA,NA,NA,NA,NA,NA,NA,NA,NA
13111019200,139.7113104,35.57090525,NA,NA,NA,NA,NA,NA,NA,NA,NA,NA,NA,NA,NA
13111019300,139.7136922,35.567222460000004,NA,NA,NA,NA,NA,NA,NA,NA,NA,NA,NA,NA,NA
13111019400,139.7159238,35.56676864,NA,NA,NA,NA,NA,NA,NA,NA,NA,NA,NA,NA,NA
13111019500,139.7155685,35.56711934,NA,NA,NA,NA,NA,NA,NA,NA,NA,NA,NA,NA,NA
13111019600,139.7142505,35.56537931,NA,NA,NA,NA,NA,NA,NA,NA,NA,NA,NA,NA,NA
13111019700,139.7119818,35.56462353,NA,NA,NA,NA,NA,NA,NA,NA,NA,NA,NA,NA,NA
13111019800,139.7127596,35.564588379999996,NA,NA,NA,NA,NA,NA,NA,NA,NA,NA,NA,NA,NA
13111019900,139.7247515,35.5674357,NA,NA,NA,NA,NA,NA,NA,NA,NA,NA,NA,NA,NA
13111020000,139.7228069,35.56578356,NA,NA,NA,NA,NA,NA,NA,NA,NA,NA,NA,NA,NA
13111020100,139.7308758,35.55996708,NA,NA,NA,NA,NA,NA,NA,NA,NA,NA,NA,NA,NA
13111020200,139.7333488,35.55691223,NA,NA,NA,NA,NA,NA,NA,NA,NA,NA,NA,NA,NA
13111020300,139.690231,35.60333962,NA,NA,NA,NA,NA,NA,NA,NA,NA,NA,NA,NA,NA
13111020500,139.7093741,35.55668216,NA,NA,NA,NA,NA,NA,NA,NA,NA,NA,NA,NA,NA
13111020600,139.7094385,35.55430802,NA,NA,NA,NA,NA,NA,NA,NA,NA,NA,NA,NA,NA
13111020700,139.7081295,35.55383667,NA,NA,NA,NA,NA,NA,NA,NA,NA,NA,NA,NA,NA
13111020800,139.7065417,35.55395887,NA,NA,NA,NA,NA,NA,NA,NA,NA,NA,NA,NA,NA
13111020900,139.7060911,35.55200363,NA,NA,NA,NA,NA,NA,NA,NA,NA,NA,NA,NA,NA
13111021000,139.7074804,35.54842472,NA,NA,NA,NA,NA,NA,NA,NA,NA,NA,NA,NA,NA
13111021100,139.7042618,35.54952485,NA,NA,NA,NA,NA,NA,NA,NA,NA,NA,NA,NA,NA
13111021200,139.707502,35.54839006,NA,NA,NA,NA,NA,NA,NA,NA,NA,NA,NA,NA,NA
13111021300,139.7134392,35.55298868,NA,NA,NA,NA,NA,NA,NA,NA,NA,NA,NA,NA,NA
13111021400,139.714648,35.55276125,NA,NA,NA,NA,NA,NA,NA,NA,NA,NA,NA,NA,NA
13111021500,139.7154995,35.5523728,NA,NA,NA,NA,NA,NA,NA,NA,NA,NA,NA,NA,NA
13111021600,139.7175451,35.55227393,NA,NA,NA,NA,NA,NA,NA,NA,NA,NA,NA,NA,NA
13111021700,139.7096275,35.54425197,NA,NA,NA,NA,NA,NA,NA,NA,NA,NA,NA,NA,NA
13111021800,139.7085117,35.54381548,NA,NA,NA,NA,NA,NA,NA,NA,NA,NA,NA,NA,NA
13111021900,139.7079967,35.54011399,NA,NA,NA,NA,NA,NA,NA,NA,NA,NA,NA,NA,NA
13111022000,139.7120093,35.54222665,NA,NA,NA,NA,NA,NA,NA,NA,NA,NA,NA,NA,NA
13111022100,139.71879,35.54517731,NA,NA,NA,NA,NA,NA,NA,NA,NA,NA,NA,NA,NA
13111022200,139.7212147,35.54592805,NA,NA,NA,NA,NA,NA,NA,NA,NA,NA,NA,NA,NA
13111022300,139.7167944,35.54601535,NA,NA,NA,NA,NA,NA,NA,NA,NA,NA,NA,NA,NA
13111022400,139.6709017,35.58843123,NA,NA,NA,NA,NA,NA,NA,NA,NA,NA,NA,NA,NA
13111022500,139.6802212,35.5947453,NA,NA,NA,NA,NA,NA,NA,NA,NA,NA,NA,NA,NA
13111022600,139.7058846,35.58289697,NA,NA,NA,NA,NA,NA,NA,NA,NA,NA,NA,NA,NA
13111022700,139.683016,35.60469027,NA,NA,NA,NA,NA,NA,NA,NA,NA,NA,NA,NA,NA
13111022800,139.7108395,35.55504413,NA,NA,NA,NA,NA,NA,NA,NA,NA,NA,NA,NA,NA
13111022900,139.7175061,35.58776131,NA,NA,NA,NA,NA,NA,NA,NA,NA,NA,NA,NA,NA
13111023000,139.6724546,35.58897832,NA,NA,NA,NA,NA,NA,NA,NA,NA,NA,NA,NA,NA
13111023100,139.659344,35.59489354,NA,NA,NA,NA,NA,NA,NA,NA,NA,NA,NA,NA,NA
13111023200,139.712795,35.59553912,NA,NA,NA,NA,NA,NA,NA,NA,NA,NA,NA,NA,NA
13111023300,139.7077954,35.5768848,NA,NA,NA,NA,NA,NA,NA,NA,NA,NA,NA,NA,NA
13111023400,139.7065079,35.57819371,NA,NA,NA,NA,NA,NA,NA,NA,NA,NA,NA,NA,NA
13111023500,139.7108853,35.57889179,NA,NA,NA,NA,NA,NA,NA,NA,NA,NA,NA,NA,NA
13111023600,139.6873466,35.5780418,NA,NA,NA,NA,NA,NA,NA,NA,NA,NA,NA,NA,NA
13112000100,139.59153,35.67412332,NA,NA,NA,NA,NA,NA,NA,NA,NA,NA,NA,NA,NA
13112000200,139.5984894,35.66311113,NA,NA,NA,NA,NA,NA,NA,NA,NA,NA,NA,NA,NA
13112000300,139.596436,35.659981,NA,NA,NA,NA,NA,NA,NA,NA,NA,NA,NA,NA,NA
13112000400,139.611902,35.66315993,NA,NA,NA,NA,NA,NA,NA,NA,NA,NA,NA,NA,NA
13112000500,139.6152536,35.65838154,NA,NA,NA,NA,NA,NA,NA,NA,NA,NA,NA,NA,NA
13112000600,139.6124427,35.65667294,NA,NA,NA,NA,NA,NA,NA,NA,NA,NA,NA,NA,NA
13112000700,139.6035377,35.65423201,NA,NA,NA,NA,NA,NA,NA,NA,NA,NA,NA,NA,NA
13112000800,139.5981209,35.63537324,NA,NA,NA,NA,NA,NA,NA,NA,NA,NA,NA,NA,NA
13112000900,139.6006734,35.63379948,NA,NA,NA,NA,NA,NA,NA,NA,NA,NA,NA,NA,NA
13112001002,139.6026937,35.63488369,NA,NA,NA,NA,NA,NA,NA,NA,NA,NA,NA,NA,NA
13112001003,139.6017589,35.6335968,NA,NA,NA,NA,NA,NA,NA,NA,NA,NA,NA,NA,NA
13112001004,139.6018616,35.63283375,NA,NA,NA,NA,NA,NA,NA,NA,NA,NA,NA,NA,NA
13112001005,139.6025804,35.63256549,NA,NA,NA,NA,NA,NA,NA,NA,NA,NA,NA,NA,NA
13112001006,139.6034605,35.63282779,NA,NA,NA,NA,NA,NA,NA,NA,NA,NA,NA,NA,NA
13112001007,139.6026937,35.63488369,NA,NA,NA,NA,NA,NA,NA,NA,NA,NA,NA,NA,NA
13112001008,139.600336,35.63324509,NA,NA,NA,NA,NA,NA,NA,NA,NA,NA,NA,NA,NA
13112001009,139.6012895,35.63365045,NA,NA,NA,NA,NA,NA,NA,NA,NA,NA,NA,NA,NA
13112001800,139.5990011,35.63509307,NA,NA,NA,NA,NA,NA,NA,NA,NA,NA,NA,NA,NA
13112001900,139.5923661,35.6414265,NA,NA,NA,NA,NA,NA,NA,NA,NA,NA,NA,NA,NA
13112002000,139.5921314,35.64018666,NA,NA,NA,NA,NA,NA,NA,NA,NA,NA,NA,NA,NA
13112002100,139.6011518,35.64216405,NA,NA,NA,NA,NA,NA,NA,NA,NA,NA,NA,NA,NA
13112002200,139.5986874,35.64361844,NA,NA,NA,NA,NA,NA,NA,NA,NA,NA,NA,NA,NA
13112002300,139.5935426,35.62879711,NA,NA,NA,NA,NA,NA,NA,NA,NA,NA,NA,NA,NA
13112002400,139.5968285,35.62662704,NA,NA,NA,NA,NA,NA,NA,NA,NA,NA,NA,NA,NA
13112002500,139.5968872,35.6273663,NA,NA,NA,NA,NA,NA,NA,NA,NA,NA,NA,NA,NA
13112002600,139.5967239,35.62605718,NA,NA,NA,NA,NA,NA,NA,NA,NA,NA,NA,NA,NA
13112002801,139.5959157,35.62654554,NA,NA,NA,NA,NA,NA,NA,NA,NA,NA,NA,NA,NA
13112002802,139.5954507,35.62687117,NA,NA,NA,NA,NA,NA,NA,NA,NA,NA,NA,NA,NA
13112002803,139.5945424,35.62693509,NA,NA,NA,NA,NA,NA,NA,NA,NA,NA,NA,NA,NA
13112002804,139.5941561,35.62704558,NA,NA,NA,NA,NA,NA,NA,NA,NA,NA,NA,NA,NA
13112002805,139.5943922,35.62721415,NA,NA,NA,NA,NA,NA,NA,NA,NA,NA,NA,NA,NA
13112002806,139.5941203,35.62743505,NA,NA,NA,NA,NA,NA,NA,NA,NA,NA,NA,NA,NA
13112002807,139.5941632,35.62727808,NA,NA,NA,NA,NA,NA,NA,NA,NA,NA,NA,NA,NA
13112002808,139.5929331,35.62763859,NA,NA,NA,NA,NA,NA,NA,NA,NA,NA,NA,NA,NA
13112002900,139.5907257,35.63643646,NA,NA,NA,NA,NA,NA,NA,NA,NA,NA,NA,NA,NA
13112003000,139.608383,35.633945,NA,NA,NA,NA,NA,NA,NA,NA,NA,NA,NA,NA,NA
13112003100,139.6095821,35.63202333,NA,NA,NA,NA,NA,NA,NA,NA,NA,NA,NA,NA,NA
13112003200,139.6108034,35.6296297,NA,NA,NA,NA,NA,NA,NA,NA,NA,NA,NA,NA,NA
13112003301,139.6115471,35.62908311,NA,NA,NA,NA,NA,NA,NA,NA,NA,NA,NA,NA,NA
13112003302,139.6122911,35.62878085,NA,NA,NA,NA,NA,NA,NA,NA,NA,NA,NA,NA,NA
13112003303,139.6120479,35.62908311,NA,NA,NA,NA,NA,NA,NA,NA,NA,NA,NA,NA,NA
13112003600,139.6143795,35.63115279,NA,NA,NA,NA,NA,NA,NA,NA,NA,NA,NA,NA,NA
13112003700,139.6083733,35.62732583,NA,NA,NA,NA,NA,NA,NA,NA,NA,NA,NA,NA,NA
13112003800,139.6130779,35.62209475,NA,NA,NA,NA,NA,NA,NA,NA,NA,NA,NA,NA,NA
13112003901,139.6095178,35.62616894,NA,NA,NA,NA,NA,NA,NA,NA,NA,NA,NA,NA,NA
13112003902,139.6087096,35.62694796,NA,NA,NA,NA,NA,NA,NA,NA,NA,NA,NA,NA,NA
13112003903,139.6090672,35.62671538,NA,NA,NA,NA,NA,NA,NA,NA,NA,NA,NA,NA,NA
13112003904,139.6091315,35.62623871,NA,NA,NA,NA,NA,NA,NA,NA,NA,NA,NA,NA,NA
13112003905,139.6087525,35.6262503,NA,NA,NA,NA,NA,NA,NA,NA,NA,NA,NA,NA,NA
13112003906,139.6084447,35.62630025,NA,NA,NA,NA,NA,NA,NA,NA,NA,NA,NA,NA,NA
13112003907,139.6095248,35.6266142,NA,NA,NA,NA,NA,NA,NA,NA,NA,NA,NA,NA,NA
13112003908,139.6107479,35.62564907,NA,NA,NA,NA,NA,NA,NA,NA,NA,NA,NA,NA,NA
13112003909,139.6116795,35.62648051,NA,NA,NA,NA,NA,NA,NA,NA,NA,NA,NA,NA,NA
13112004500,139.611984,35.63039,NA,NA,NA,NA,NA,NA,NA,NA,NA,NA,NA,NA,NA
13112004700,139.6230367,35.62835449,NA,NA,NA,NA,NA,NA,NA,NA,NA,NA,NA,NA,NA
13112004800,139.6035552,35.64107284,NA,NA,NA,NA,NA,NA,NA,NA,NA,NA,NA,NA,NA
13112004900,139.6171659,35.62774056,NA,NA,NA,NA,NA,NA,NA,NA,NA,NA,NA,NA,NA
13112005000,139.6165479,35.62288479,NA,NA,NA,NA,NA,NA,NA,NA,NA,NA,NA,NA,NA
13112005100,139.6185735,35.62450341,NA,NA,NA,NA,NA,NA,NA,NA,NA,NA,NA,NA,NA
13112005200,139.6176809,35.62386155,NA,NA,NA,NA,NA,NA,NA,NA,NA,NA,NA,NA,NA
13112005300,139.6190615,35.66066027,NA,NA,NA,NA,NA,NA,NA,NA,NA,NA,NA,NA,NA
13112005400,139.6202631,35.65608546,NA,NA,NA,NA,NA,NA,NA,NA,NA,NA,NA,NA,NA
13112005500,139.6236478,35.65425338,NA,NA,NA,NA,NA,NA,NA,NA,NA,NA,NA,NA,NA
13112005600,139.6197653,35.65357478,NA,NA,NA,NA,NA,NA,NA,NA,NA,NA,NA,NA,NA
13112005700,139.6199603,35.66491028,NA,NA,NA,NA,NA,NA,NA,NA,NA,NA,NA,NA,NA
13112005800,139.6340721,35.66073805,NA,NA,NA,NA,NA,NA,NA,NA,NA,NA,NA,NA,NA
13112005900,139.6315256,35.660484,NA,NA,NA,NA,NA,NA,NA,NA,NA,NA,NA,NA,NA
13112006000,139.6324869,35.65922874,NA,NA,NA,NA,NA,NA,NA,NA,NA,NA,NA,NA,NA
13112006100,139.6324847,35.65607611,NA,NA,NA,NA,NA,NA,NA,NA,NA,NA,NA,NA,NA
13112006200,139.6394932,35.65460792,NA,NA,NA,NA,NA,NA,NA,NA,NA,NA,NA,NA,NA
13112006300,139.6369526,35.65846452,NA,NA,NA,NA,NA,NA,NA,NA,NA,NA,NA,NA,NA
13112006400,139.646085,35.65595391,NA,NA,NA,NA,NA,NA,NA,NA,NA,NA,NA,NA,NA
13112006500,139.6434071,35.65853426,NA,NA,NA,NA,NA,NA,NA,NA,NA,NA,NA,NA,NA
13112006600,139.6408322,35.65878531,NA,NA,NA,NA,NA,NA,NA,NA,NA,NA,NA,NA,NA
13112006700,139.6426175,35.65706975,NA,NA,NA,NA,NA,NA,NA,NA,NA,NA,NA,NA,NA
13112006800,139.6633,35.65531,NA,NA,NA,NA,NA,NA,NA,NA,NA,NA,NA,NA,NA
13112007000,139.6555,35.65914,NA,NA,NA,NA,NA,NA,NA,NA,NA,NA,NA,NA,NA
13112007200,139.6592,35.66143,NA,NA,NA,NA,NA,NA,NA,NA,NA,NA,NA,NA,NA
13112007300,139.6628,35.66686,NA,NA,NA,NA,NA,NA,NA,NA,NA,NA,NA,NA,NA
13112007400,139.6617,35.66532,NA,NA,NA,NA,NA,NA,NA,NA,NA,NA,NA,NA,NA
13112007500,139.6512,35.66923,NA,NA,NA,NA,NA,NA,NA,NA,NA,NA,NA,NA,NA
13112007600,139.6543,35.66495,NA,NA,NA,NA,NA,NA,NA,NA,NA,NA,NA,NA,NA
13112007700,139.6511,35.66374,NA,NA,NA,NA,NA,NA,NA,NA,NA,NA,NA,NA,NA
13112007800,139.6533,35.65788,NA,NA,NA,NA,NA,NA,NA,NA,NA,NA,NA,NA,NA
13112007900,139.6581,35.66298,NA,NA,NA,NA,NA,NA,NA,NA,NA,NA,NA,NA,NA
13112008000,139.6273,35.66404,NA,NA,NA,NA,NA,NA,NA,NA,NA,NA,NA,NA,NA
13112008100,139.6566,35.66301,NA,NA,NA,NA,NA,NA,NA,NA,NA,NA,NA,NA,NA
13112008200,139.672,35.66532,NA,NA,NA,NA,NA,NA,NA,NA,NA,NA,NA,NA,NA
13112008300,139.6664,35.66835,NA,NA,NA,NA,NA,NA,NA,NA,NA,NA,NA,NA,NA
13112008400,139.6736,35.65812,NA,NA,NA,NA,NA,NA,NA,NA,NA,NA,NA,NA,NA
13112008500,139.6755,35.65216,NA,NA,NA,NA,NA,NA,NA,NA,NA,NA,NA,NA,NA
13112008600,139.6412,35.64488,NA,NA,NA,NA,NA,NA,NA,NA,NA,NA,NA,NA,NA
13112008700,139.6439,35.64958,NA,NA,NA,NA,NA,NA,NA,NA,NA,NA,NA,NA,NA
13112008800,139.6476,35.64749,NA,NA,NA,NA,NA,NA,NA,NA,NA,NA,NA,NA,NA
13112008900,139.6485,35.64927,NA,NA,NA,NA,NA,NA,NA,NA,NA,NA,NA,NA,NA
13112009000,139.647,35.64023,NA,NA,NA,NA,NA,NA,NA,NA,NA,NA,NA,NA,NA
13112009100,139.6526,35.64828,NA,NA,NA,NA,NA,NA,NA,NA,NA,NA,NA,NA,NA
13112009200,139.6409,35.63985,NA,NA,NA,NA,NA,NA,NA,NA,NA,NA,NA,NA,NA
13112009400,139.6578,35.64457,NA,NA,NA,NA,NA,NA,NA,NA,NA,NA,NA,NA,NA
13112009500,139.6484,35.635,NA,NA,NA,NA,NA,NA,NA,NA,NA,NA,NA,NA,NA
13112009600,139.6846,35.6413,NA,NA,NA,NA,NA,NA,NA,NA,NA,NA,NA,NA,NA
13112009900,139.6704,35.64323,NA,NA,NA,NA,NA,NA,NA,NA,NA,NA,NA,NA,NA
13112010000,139.6699,35.63502,NA,NA,NA,NA,NA,NA,NA,NA,NA,NA,NA,NA,NA
13112010300,139.6581,35.62882,NA,NA,NA,NA,NA,NA,NA,NA,NA,NA,NA,NA,NA
13112010500,139.6318,35.61599,NA,NA,NA,NA,NA,NA,NA,NA,NA,NA,NA,NA,NA
13112010700,139.6244,35.62158,NA,NA,NA,NA,NA,NA,NA,NA,NA,NA,NA,NA,NA
13112010800,139.626,35.62008,NA,NA,NA,NA,NA,NA,NA,NA,NA,NA,NA,NA,NA
13112010900,139.6263,35.61977,NA,NA,NA,NA,NA,NA,NA,NA,NA,NA,NA,NA,NA
13112011000,139.6284,35.61925,NA,NA,NA,NA,NA,NA,NA,NA,NA,NA,NA,NA,NA
13112011100,139.6283,35.61972,NA,NA,NA,NA,NA,NA,NA,NA,NA,NA,NA,NA,NA
13112011200,139.6227,35.62252,NA,NA,NA,NA,NA,NA,NA,NA,NA,NA,NA,NA,NA
13112011300,139.625,35.62042,NA,NA,NA,NA,NA,NA,NA,NA,NA,NA,NA,NA,NA
13112011400,139.6257,35.6202,NA,NA,NA,NA,NA,NA,NA,NA,NA,NA,NA,NA,NA
13112011500,139.6371,35.60871,NA,NA,NA,NA,NA,NA,NA,NA,NA,NA,NA,NA,NA
13112011600,139.6354,35.61884,NA,NA,NA,NA,NA,NA,NA,NA,NA,NA,NA,NA,NA
13112011700,139.6336,35.6134,NA,NA,NA,NA,NA,NA,NA,NA,NA,NA,NA,NA,NA
13112011800,139.6437,35.60312,NA,NA,NA,NA,NA,NA,NA,NA,NA,NA,NA,NA,NA
13112011900,139.6454,35.60118,NA,NA,NA,NA,NA,NA,NA,NA,NA,NA,NA,NA,NA
13112012000,139.6785,35.60165,NA,NA,NA,NA,NA,NA,NA,NA,NA,NA,NA,NA,NA
13112012100,139.6451,35.60425,NA,NA,NA,NA,NA,NA,NA,NA,NA,NA,NA,NA,NA
13112012300,139.6424,35.60424,NA,NA,NA,NA,NA,NA,NA,NA,NA,NA,NA,NA,NA
13112012500,139.6408,35.60633,NA,NA,NA,NA,NA,NA,NA,NA,NA,NA,NA,NA,NA
13112012600,139.6397,35.60726,NA,NA,NA,NA,NA,NA,NA,NA,NA,NA,NA,NA,NA
13112012700,139.6431,35.60508,NA,NA,NA,NA,NA,NA,NA,NA,NA,NA,NA,NA,NA
13112012800,139.64,35.60704,NA,NA,NA,NA,NA,NA,NA,NA,NA,NA,NA,NA,NA
13112012900,139.641,35.60414,NA,NA,NA,NA,NA,NA,NA,NA,NA,NA,NA,NA,NA
13112013000,139.6459,35.60491,NA,NA,NA,NA,NA,NA,NA,NA,NA,NA,NA,NA,NA
13112013100,139.6475,35.61235,NA,NA,NA,NA,NA,NA,NA,NA,NA,NA,NA,NA,NA
13112013200,139.6472,35.61179,NA,NA,NA,NA,NA,NA,NA,NA,NA,NA,NA,NA,NA
13112013300,139.6466,35.604730000000004,NA,NA,NA,NA,NA,NA,NA,NA,NA,NA,NA,NA,NA
13112013400,139.6479,35.6029,NA,NA,NA,NA,NA,NA,NA,NA,NA,NA,NA,NA,NA
13112013500,139.6497,35.60318,NA,NA,NA,NA,NA,NA,NA,NA,NA,NA,NA,NA,NA
13112013600,139.6515,35.60222,NA,NA,NA,NA,NA,NA,NA,NA,NA,NA,NA,NA,NA
13112013700,139.6533,35.60129,NA,NA,NA,NA,NA,NA,NA,NA,NA,NA,NA,NA,NA
13112013800,139.6552,35.60042,NA,NA,NA,NA,NA,NA,NA,NA,NA,NA,NA,NA,NA
13112013900,139.6573,35.60068,NA,NA,NA,NA,NA,NA,NA,NA,NA,NA,NA,NA,NA
13112014000,139.6569,35.60042,NA,NA,NA,NA,NA,NA,NA,NA,NA,NA,NA,NA,NA
13112014100,139.6566,35.59972,NA,NA,NA,NA,NA,NA,NA,NA,NA,NA,NA,NA,NA
13112014200,139.6797,35.6018,NA,NA,NA,NA,NA,NA,NA,NA,NA,NA,NA,NA,NA
13112014300,139.6748,35.60334,NA,NA,NA,NA,NA,NA,NA,NA,NA,NA,NA,NA,NA
13112014400,139.6707,35.60486,NA,NA,NA,NA,NA,NA,NA,NA,NA,NA,NA,NA,NA
13112014500,139.6635,35.6037,NA,NA,NA,NA,NA,NA,NA,NA,NA,NA,NA,NA,NA
13112014600,139.6588,35.60078,NA,NA,NA,NA,NA,NA,NA,NA,NA,NA,NA,NA,NA
13112014700,139.6627,35.59994,NA,NA,NA,NA,NA,NA,NA,NA,NA,NA,NA,NA,NA
13112015200,139.6033,35.64713,NA,NA,NA,NA,NA,NA,NA,NA,NA,NA,NA,NA,NA
13112015300,139.6029,35.6368,NA,NA,NA,NA,NA,NA,NA,NA,NA,NA,NA,NA,NA
13112015400,139.5999,35.64037,NA,NA,NA,NA,NA,NA,NA,NA,NA,NA,NA,NA,NA
13112015500,139.5937,35.63851,NA,NA,NA,NA,NA,NA,NA,NA,NA,NA,NA,NA,NA
13112015800,139.6001,35.6511,NA,NA,NA,NA,NA,NA,NA,NA,NA,NA,NA,NA,NA
13112015900,139.5966,35.6261,NA,NA,NA,NA,NA,NA,NA,NA,NA,NA,NA,NA,NA
13112016000,139.6154904,35.64397266,NA,NA,NA,NA,NA,NA,NA,NA,NA,NA,NA,NA,NA
13112016100,139.6630523,35.66017714,NA,NA,NA,NA,NA,NA,NA,NA,NA,NA,NA,NA,NA
13112016200,139.66959,35.6574442,NA,NA,NA,NA,NA,NA,NA,NA,NA,NA,NA,NA,NA
13112016300,139.6412825,35.63515619,NA,NA,NA,NA,NA,NA,NA,NA,NA,NA,NA,NA,NA
13112016500,139.6380122,35.60631337,NA,NA,NA,NA,NA,NA,NA,NA,NA,NA,NA,NA,NA
13112016700,139.6609159,35.60826729,NA,NA,NA,NA,NA,NA,NA,NA,NA,NA,NA,NA,NA
13112016800,139.6426511,35.6016517,NA,NA,NA,NA,NA,NA,NA,NA,NA,NA,NA,NA,NA
13112017200,139.5922706,35.68148408,NA,NA,NA,NA,NA,NA,NA,NA,NA,NA,NA,NA,NA
13112017500,139.587979,35.6733964,NA,NA,NA,NA,NA,NA,NA,NA,NA,NA,NA,NA,NA
13112017700,139.5947768,35.66469426,NA,NA,NA,NA,NA,NA,NA,NA,NA,NA,NA,NA,NA
13112017800,139.600928,35.67158016,NA,NA,NA,NA,NA,NA,NA,NA,NA,NA,NA,NA,NA
13112017900,139.6065982,35.66533359,NA,NA,NA,NA,NA,NA,NA,NA,NA,NA,NA,NA,NA
13112018000,139.6058085,35.65473362,NA,NA,NA,NA,NA,NA,NA,NA,NA,NA,NA,NA,NA
13112018100,139.6068728,35.65308771,NA,NA,NA,NA,NA,NA,NA,NA,NA,NA,NA,NA,NA
13112018200,139.6054309,35.65152546,NA,NA,NA,NA,NA,NA,NA,NA,NA,NA,NA,NA,NA
13112018300,139.6034693,35.64379316,NA,NA,NA,NA,NA,NA,NA,NA,NA,NA,NA,NA,NA
13112018500,139.6227687,35.65138597,NA,NA,NA,NA,NA,NA,NA,NA,NA,NA,NA,NA,NA
13112018600,139.5895397,35.64444121,NA,NA,NA,NA,NA,NA,NA,NA,NA,NA,NA,NA,NA
13112018800,139.589677,35.64137214,NA,NA,NA,NA,NA,NA,NA,NA,NA,NA,NA,NA,NA
13112018900,139.5937282,35.63782861,NA,NA,NA,NA,NA,NA,NA,NA,NA,NA,NA,NA,NA
13112019000,139.5961315,35.63640558,NA,NA,NA,NA,NA,NA,NA,NA,NA,NA,NA,NA,NA
13112019100,139.5951198,35.62435062,NA,NA,NA,NA,NA,NA,NA,NA,NA,NA,NA,NA,NA
13112019200,139.5921673,35.62019235,NA,NA,NA,NA,NA,NA,NA,NA,NA,NA,NA,NA,NA
13112019300,139.5990337,35.61960627,NA,NA,NA,NA,NA,NA,NA,NA,NA,NA,NA,NA,NA
13112019400,139.6072457,35.63671774,NA,NA,NA,NA,NA,NA,NA,NA,NA,NA,NA,NA,NA
13112019500,139.6107476,35.63635501,NA,NA,NA,NA,NA,NA,NA,NA,NA,NA,NA,NA,NA
13112019700,139.6109078,35.62903015,NA,NA,NA,NA,NA,NA,NA,NA,NA,NA,NA,NA,NA
13112019900,139.6199715,35.62231512,NA,NA,NA,NA,NA,NA,NA,NA,NA,NA,NA,NA,NA
13112020000,139.6803853,35.65597217,NA,NA,NA,NA,NA,NA,NA,NA,NA,NA,NA,NA,NA
13112020100,139.679939,35.65312672,NA,NA,NA,NA,NA,NA,NA,NA,NA,NA,NA,NA,NA
13112020300,139.6583617,35.65471759,NA,NA,NA,NA,NA,NA,NA,NA,NA,NA,NA,NA,NA
13112020500,139.6578811,35.64964026,NA,NA,NA,NA,NA,NA,NA,NA,NA,NA,NA,NA,NA
13112020600,139.660559,35.64994714,NA,NA,NA,NA,NA,NA,NA,NA,NA,NA,NA,NA,NA
13112020700,139.6587008,35.64156211,NA,NA,NA,NA,NA,NA,NA,NA,NA,NA,NA,NA,NA
13112020800,139.6532077,35.63405636,NA,NA,NA,NA,NA,NA,NA,NA,NA,NA,NA,NA,NA
13112020900,139.6405734,35.62920097,NA,NA,NA,NA,NA,NA,NA,NA,NA,NA,NA,NA,NA
13112021000,139.641466,35.62864286,NA,NA,NA,NA,NA,NA,NA,NA,NA,NA,NA,NA,NA
13112021100,139.6385478,35.62389877,NA,NA,NA,NA,NA,NA,NA,NA,NA,NA,NA,NA,NA
13112021200,139.6508388,35.62021492,NA,NA,NA,NA,NA,NA,NA,NA,NA,NA,NA,NA,NA
13112021400,139.6465816,35.61714492,NA,NA,NA,NA,NA,NA,NA,NA,NA,NA,NA,NA,NA
13112021500,139.6279678,35.61990997,NA,NA,NA,NA,NA,NA,NA,NA,NA,NA,NA,NA,NA
13112021600,139.6334266,35.61805402,NA,NA,NA,NA,NA,NA,NA,NA,NA,NA,NA,NA,NA
13112021700,139.6426677,35.61209313,NA,NA,NA,NA,NA,NA,NA,NA,NA,NA,NA,NA,NA
13112021800,139.6357599,35.61034736,NA,NA,NA,NA,NA,NA,NA,NA,NA,NA,NA,NA,NA
13112021900,139.637116,35.6092867,NA,NA,NA,NA,NA,NA,NA,NA,NA,NA,NA,NA,NA
13112022000,139.6366354,35.60977516,NA,NA,NA,NA,NA,NA,NA,NA,NA,NA,NA,NA,NA
13112022200,139.6492212,35.60229563,NA,NA,NA,NA,NA,NA,NA,NA,NA,NA,NA,NA,NA
13112022300,139.6593532,35.61259553,NA,NA,NA,NA,NA,NA,NA,NA,NA,NA,NA,NA,NA
13112022400,139.6552733,35.59994465,NA,NA,NA,NA,NA,NA,NA,NA,NA,NA,NA,NA,NA
13112022700,139.677948,35.601883,NA,NA,NA,NA,NA,NA,NA,NA,NA,NA,NA,NA,NA
13112022800,139.6476802,35.61371197,NA,NA,NA,NA,NA,NA,NA,NA,NA,NA,NA,NA,NA
13112023200,139.5891994,35.63644473,NA,NA,NA,NA,NA,NA,NA,NA,NA,NA,NA,NA,NA
13112023300,139.585719,35.64107299,NA,NA,NA,NA,NA,NA,NA,NA,NA,NA,NA,NA,NA
13112023500,139.5926841,35.63108708,NA,NA,NA,NA,NA,NA,NA,NA,NA,NA,NA,NA,NA
13112023700,139.644508,35.60183593,NA,NA,NA,NA,NA,NA,NA,NA,NA,NA,NA,NA,NA
13112023800,139.6197138,35.66181788,NA,NA,NA,NA,NA,NA,NA,NA,NA,NA,NA,NA,NA
13112023900,139.6082034,35.66783259,NA,NA,NA,NA,NA,NA,NA,NA,NA,NA,NA,NA,NA
13112024000,139.6136568,35.66900123,NA,NA,NA,NA,NA,NA,NA,NA,NA,NA,NA,NA,NA
13112024100,139.6237425,35.66276092,NA,NA,NA,NA,NA,NA,NA,NA,NA,NA,NA,NA,NA
13112024200,139.6283087,35.66380693,NA,NA,NA,NA,NA,NA,NA,NA,NA,NA,NA,NA,NA
13112024300,139.6265406,35.65754063,NA,NA,NA,NA,NA,NA,NA,NA,NA,NA,NA,NA,NA
13112024500,139.6073487,35.63401113,NA,NA,NA,NA,NA,NA,NA,NA,NA,NA,NA,NA,NA
13112024600,139.6031945,35.63250431,NA,NA,NA,NA,NA,NA,NA,NA,NA,NA,NA,NA,NA
13112024700,139.601044,35.63098942,NA,NA,NA,NA,NA,NA,NA,NA,NA,NA,NA,NA,NA
13112024800,139.620332,35.62631979,NA,NA,NA,NA,NA,NA,NA,NA,NA,NA,NA,NA,NA
13112024900,139.6246306,35.62443671,NA,NA,NA,NA,NA,NA,NA,NA,NA,NA,NA,NA,NA
13112025000,139.6356912,35.61181815,NA,NA,NA,NA,NA,NA,NA,NA,NA,NA,NA,NA,NA
13112025100,139.6354509,35.6119298,NA,NA,NA,NA,NA,NA,NA,NA,NA,NA,NA,NA,NA
13112025800,139.6044304,35.63911735,NA,NA,NA,NA,NA,NA,NA,NA,NA,NA,NA,NA,NA
13112026201,139.5963457,35.62438351,NA,NA,NA,NA,NA,NA,NA,NA,NA,NA,NA,NA,NA
13112026202,139.5965603,35.62461026,NA,NA,NA,NA,NA,NA,NA,NA,NA,NA,NA,NA,NA
13112026203,139.5967525,35.62561757,NA,NA,NA,NA,NA,NA,NA,NA,NA,NA,NA,NA,NA
13112026204,139.5977481,35.62498966,NA,NA,NA,NA,NA,NA,NA,NA,NA,NA,NA,NA,NA
13112026205,139.5961689,35.62565943,NA,NA,NA,NA,NA,NA,NA,NA,NA,NA,NA,NA,NA
13112026206,139.597525,35.62551989,NA,NA,NA,NA,NA,NA,NA,NA,NA,NA,NA,NA,NA
13112026207,139.5985464,35.62495129,NA,NA,NA,NA,NA,NA,NA,NA,NA,NA,NA,NA,NA
13112026209,139.5968383,35.6270687,NA,NA,NA,NA,NA,NA,NA,NA,NA,NA,NA,NA,NA
13112026213,139.5994047,35.62492338,NA,NA,NA,NA,NA,NA,NA,NA,NA,NA,NA,NA,NA
13112026214,139.5972675,35.62712451,NA,NA,NA,NA,NA,NA,NA,NA,NA,NA,NA,NA,NA
13112026215,139.5961517,35.62642685,NA,NA,NA,NA,NA,NA,NA,NA,NA,NA,NA,NA,NA
13112026400,139.6029495,35.62791983,NA,NA,NA,NA,NA,NA,NA,NA,NA,NA,NA,NA,NA
13112026500,139.6039245,35.6300624,NA,NA,NA,NA,NA,NA,NA,NA,NA,NA,NA,NA,NA
13112026601,139.605428,35.631131,NA,NA,NA,NA,NA,NA,NA,NA,NA,NA,NA,NA,NA
13112026602,139.6065209,35.63028913,NA,NA,NA,NA,NA,NA,NA,NA,NA,NA,NA,NA,NA
13112026800,139.596313,35.635624,NA,NA,NA,NA,NA,NA,NA,NA,NA,NA,NA,NA,NA
13112027200,139.616195,35.62453376,NA,NA,NA,NA,NA,NA,NA,NA,NA,NA,NA,NA,NA
13112027300,139.6246235,35.62206395,NA,NA,NA,NA,NA,NA,NA,NA,NA,NA,NA,NA,NA
13112027400,139.6263713,35.62034255,NA,NA,NA,NA,NA,NA,NA,NA,NA,NA,NA,NA,NA
13112027500,139.6606921,35.60829709,NA,NA,NA,NA,NA,NA,NA,NA,NA,NA,NA,NA,NA
13112027600,139.6280512,35.65856281,NA,NA,NA,NA,NA,NA,NA,NA,NA,NA,NA,NA,NA
13112027700,139.6261115,35.66511791,NA,NA,NA,NA,NA,NA,NA,NA,NA,NA,NA,NA,NA
13112027800,139.6085982,35.6676234,NA,NA,NA,NA,NA,NA,NA,NA,NA,NA,NA,NA,NA
13112028000,139.5953277,35.63203595,NA,NA,NA,NA,NA,NA,NA,NA,NA,NA,NA,NA,NA
13112028100,139.6064007,35.62882062,NA,NA,NA,NA,NA,NA,NA,NA,NA,NA,NA,NA,NA
13112028200,139.5975293,35.65114471,NA,NA,NA,NA,NA,NA,NA,NA,NA,NA,NA,NA,NA
13112028500,139.6021049,35.62118808,NA,NA,NA,NA,NA,NA,NA,NA,NA,NA,NA,NA,NA
13112028600,139.5895642,35.64492327,NA,NA,NA,NA,NA,NA,NA,NA,NA,NA,NA,NA,NA
13112028700,139.5875251,35.66436561,NA,NA,NA,NA,NA,NA,NA,NA,NA,NA,NA,NA,NA
13112028800,139.6192162,35.62029178,NA,NA,NA,NA,NA,NA,NA,NA,NA,NA,NA,NA,NA
13112029400,139.6837499,35.647854,NA,NA,NA,NA,NA,NA,NA,NA,NA,NA,NA,NA,NA
13112029500,139.6512484,35.60195673,NA,NA,NA,NA,NA,NA,NA,NA,NA,NA,NA,NA,NA
13112029600,139.6479353,35.60406427,NA,NA,NA,NA,NA,NA,NA,NA,NA,NA,NA,NA,NA
13112029700,139.6479182,35.60188694,NA,NA,NA,NA,NA,NA,NA,NA,NA,NA,NA,NA,NA
13112029800,139.675095,35.606098,NA,NA,NA,NA,NA,NA,NA,NA,NA,NA,NA,NA,NA
13112030300,139.6552347,35.60028312,NA,NA,NA,NA,NA,NA,NA,NA,NA,NA,NA,NA,NA
13112030400,139.6532037,35.60129069,NA,NA,NA,NA,NA,NA,NA,NA,NA,NA,NA,NA,NA
13112030700,139.6412044,35.60273978,NA,NA,NA,NA,NA,NA,NA,NA,NA,NA,NA,NA,NA
13112030800,139.6409813,35.60318641,NA,NA,NA,NA,NA,NA,NA,NA,NA,NA,NA,NA,NA
13112030900,139.6427014,35.60145482,NA,NA,NA,NA,NA,NA,NA,NA,NA,NA,NA,NA,NA
13112031000,139.6429074,35.60160835,NA,NA,NA,NA,NA,NA,NA,NA,NA,NA,NA,NA,NA
13112031100,139.643019,35.60131525,NA,NA,NA,NA,NA,NA,NA,NA,NA,NA,NA,NA,NA
13112031300,139.6410106,35.60389735,NA,NA,NA,NA,NA,NA,NA,NA,NA,NA,NA,NA,NA
13112031400,139.678253,35.596493,NA,NA,NA,NA,NA,NA,NA,NA,NA,NA,NA,NA,NA
13112031500,139.5939716,35.62945464,NA,NA,NA,NA,NA,NA,NA,NA,NA,NA,NA,NA,NA
13112031600,139.6429716,35.60305022,NA,NA,NA,NA,NA,NA,NA,NA,NA,NA,NA,NA,NA
13112031700,139.6425424,35.60328401,NA,NA,NA,NA,NA,NA,NA,NA,NA,NA,NA,NA,NA
13112031800,139.6433149,35.60128461,NA,NA,NA,NA,NA,NA,NA,NA,NA,NA,NA,NA,NA
13112031900,139.6738242,35.63776747,NA,NA,NA,NA,NA,NA,NA,NA,NA,NA,NA,NA,NA
13112032000,139.6551263,35.60050906,NA,NA,NA,NA,NA,NA,NA,NA,NA,NA,NA,NA,NA
13112032100,139.656326,35.599365,NA,NA,NA,NA,NA,NA,NA,NA,NA,NA,NA,NA,NA
13112032200,139.6206678,35.62430806,NA,NA,NA,NA,NA,NA,NA,NA,NA,NA,NA,NA,NA
13112032300,139.6245549,35.62306863,NA,NA,NA,NA,NA,NA,NA,NA,NA,NA,NA,NA,NA
13112032400,139.6244004,35.62140811,NA,NA,NA,NA,NA,NA,NA,NA,NA,NA,NA,NA,NA
13112032500,139.6721799,35.65106232,NA,NA,NA,NA,NA,NA,NA,NA,NA,NA,NA,NA,NA
13112032600,139.6481265,35.61929394,NA,NA,NA,NA,NA,NA,NA,NA,NA,NA,NA,NA,NA
13112032700,139.6431099,35.60170693,NA,NA,NA,NA,NA,NA,NA,NA,NA,NA,NA,NA,NA
13112033000,139.6438857,35.60151491,NA,NA,NA,NA,NA,NA,NA,NA,NA,NA,NA,NA,NA
13112033100,139.6428858,35.6032526,NA,NA,NA,NA,NA,NA,NA,NA,NA,NA,NA,NA,NA
13112033200,139.6064007,35.62882062,NA,NA,NA,NA,NA,NA,NA,NA,NA,NA,NA,NA,NA
13112033300,139.645084,35.60138591,NA,NA,NA,NA,NA,NA,NA,NA,NA,NA,NA,NA,NA
13112033400,139.6429373,35.6041005,NA,NA,NA,NA,NA,NA,NA,NA,NA,NA,NA,NA,NA
13112033500,139.6008019,35.6341317,NA,NA,NA,NA,NA,NA,NA,NA,NA,NA,NA,NA,NA
13112033600,139.640211,35.606222,NA,NA,NA,NA,NA,NA,NA,NA,NA,NA,NA,NA,NA
13112033700,139.643279,35.601826,NA,NA,NA,NA,NA,NA,NA,NA,NA,NA,NA,NA,NA
13113000100,139.683779,35.69146488,NA,NA,NA,NA,NA,NA,NA,NA,NA,NA,NA,NA,NA
13113000200,139.6924308,35.67891625,NA,NA,NA,NA,NA,NA,NA,NA,NA,NA,NA,NA,NA
13113000300,139.6886542,35.67131712,NA,NA,NA,NA,NA,NA,NA,NA,NA,NA,NA,NA,NA
13113000400,139.6886199,35.67215383,NA,NA,NA,NA,NA,NA,NA,NA,NA,NA,NA,NA,NA
13113000600,139.6897872,35.67449659,NA,NA,NA,NA,NA,NA,NA,NA,NA,NA,NA,NA,NA
13113000700,139.6753964,35.67072841,NA,NA,NA,NA,NA,NA,NA,NA,NA,NA,NA,NA,NA
13113000800,139.6794476,35.67117466,NA,NA,NA,NA,NA,NA,NA,NA,NA,NA,NA,NA,NA
13113000900,139.6788639,35.67022637,NA,NA,NA,NA,NA,NA,NA,NA,NA,NA,NA,NA,NA
13113001000,139.6796536,35.66749299,NA,NA,NA,NA,NA,NA,NA,NA,NA,NA,NA,NA,NA
13113001100,139.674847,35.66478742,NA,NA,NA,NA,NA,NA,NA,NA,NA,NA,NA,NA,NA
13113001200,139.6887859,35.66827397,NA,NA,NA,NA,NA,NA,NA,NA,NA,NA,NA,NA,NA
13113001300,139.6903996,35.66687937,NA,NA,NA,NA,NA,NA,NA,NA,NA,NA,NA,NA,NA
13113001400,139.6867603,35.66612627,NA,NA,NA,NA,NA,NA,NA,NA,NA,NA,NA,NA,NA
13113001500,139.6845631,35.66453638,NA,NA,NA,NA,NA,NA,NA,NA,NA,NA,NA,NA,NA
13113001600,139.697884,35.68085216,NA,NA,NA,NA,NA,NA,NA,NA,NA,NA,NA,NA,NA
13113001700,139.6976093,35.68040597,NA,NA,NA,NA,NA,NA,NA,NA,NA,NA,NA,NA,NA
13113002000,139.6992573,35.68015498,NA,NA,NA,NA,NA,NA,NA,NA,NA,NA,NA,NA,NA
13113002100,139.6971287,35.6784817,NA,NA,NA,NA,NA,NA,NA,NA,NA,NA,NA,NA,NA
13113002200,139.6996349,35.67401947,NA,NA,NA,NA,NA,NA,NA,NA,NA,NA,NA,NA,NA
13113002300,139.6924252,35.67438203,NA,NA,NA,NA,NA,NA,NA,NA,NA,NA,NA,NA,NA
13113002600,139.69809,35.66961276,NA,NA,NA,NA,NA,NA,NA,NA,NA,NA,NA,NA,NA
13113002700,139.6912922,35.6695012,NA,NA,NA,NA,NA,NA,NA,NA,NA,NA,NA,NA,NA
13113002800,139.6922878,35.67262497,NA,NA,NA,NA,NA,NA,NA,NA,NA,NA,NA,NA,NA
13113002900,139.6967854,35.66492689,NA,NA,NA,NA,NA,NA,NA,NA,NA,NA,NA,NA,NA
13113003000,139.6962704,35.66534528,NA,NA,NA,NA,NA,NA,NA,NA,NA,NA,NA,NA,NA
13113003100,139.6896326,35.66033388,NA,NA,NA,NA,NA,NA,NA,NA,NA,NA,NA,NA,NA
13113003300,139.689774,35.659973,NA,NA,NA,NA,NA,NA,NA,NA,NA,NA,NA,NA,NA
13113003400,139.6953318,35.65787912,NA,NA,NA,NA,NA,NA,NA,NA,NA,NA,NA,NA,NA
13113003500,139.6944735,35.65648434,NA,NA,NA,NA,NA,NA,NA,NA,NA,NA,NA,NA,NA
13113003600,139.699865,35.65712594,NA,NA,NA,NA,NA,NA,NA,NA,NA,NA,NA,NA,NA
13113003800,139.6968781,35.65743279,NA,NA,NA,NA,NA,NA,NA,NA,NA,NA,NA,NA,NA
13113003900,139.6980297,35.65605875,NA,NA,NA,NA,NA,NA,NA,NA,NA,NA,NA,NA,NA
13113004000,139.6964661,35.65983177,NA,NA,NA,NA,NA,NA,NA,NA,NA,NA,NA,NA,NA
13113004100,139.7021496,35.656142440000004,NA,NA,NA,NA,NA,NA,NA,NA,NA,NA,NA,NA,NA
13113004200,139.7007763,35.65499869,NA,NA,NA,NA,NA,NA,NA,NA,NA,NA,NA,NA,NA
13113004400,139.699453,35.65149082,NA,NA,NA,NA,NA,NA,NA,NA,NA,NA,NA,NA,NA
13113004500,139.7039349,35.65424548,NA,NA,NA,NA,NA,NA,NA,NA,NA,NA,NA,NA,NA
13113004600,139.7020809,35.65307382,NA,NA,NA,NA,NA,NA,NA,NA,NA,NA,NA,NA,NA
13113004700,139.7025616,35.65251587,NA,NA,NA,NA,NA,NA,NA,NA,NA,NA,NA,NA,NA
13113004800,139.7046902,35.65307382,NA,NA,NA,NA,NA,NA,NA,NA,NA,NA,NA,NA,NA
13113004900,139.701051,35.65086991,NA,NA,NA,NA,NA,NA,NA,NA,NA,NA,NA,NA,NA
13113005000,139.7003643,35.64802429,NA,NA,NA,NA,NA,NA,NA,NA,NA,NA,NA,NA,NA
13113005100,139.700742,35.6476616,NA,NA,NA,NA,NA,NA,NA,NA,NA,NA,NA,NA,NA
13113005200,139.7021153,35.65131628,NA,NA,NA,NA,NA,NA,NA,NA,NA,NA,NA,NA,NA
13113005300,139.7029392,35.64955871,NA,NA,NA,NA,NA,NA,NA,NA,NA,NA,NA,NA,NA
13113005400,139.7099292,35.6455823,NA,NA,NA,NA,NA,NA,NA,NA,NA,NA,NA,NA,NA
13113005500,139.7101266,35.64570088,NA,NA,NA,NA,NA,NA,NA,NA,NA,NA,NA,NA,NA
13113005600,139.7095997,35.64448106,NA,NA,NA,NA,NA,NA,NA,NA,NA,NA,NA,NA,NA
13113005700,139.7046558,35.64554125,NA,NA,NA,NA,NA,NA,NA,NA,NA,NA,NA,NA,NA
13113005800,139.720998,35.64621084,NA,NA,NA,NA,NA,NA,NA,NA,NA,NA,NA,NA,NA
13113006200,139.7143719,35.64462056,NA,NA,NA,NA,NA,NA,NA,NA,NA,NA,NA,NA,NA
13113006300,139.707491,35.66677346,NA,NA,NA,NA,NA,NA,NA,NA,NA,NA,NA,NA,NA
13113006400,139.7036458,35.66139007,NA,NA,NA,NA,NA,NA,NA,NA,NA,NA,NA,NA,NA
13113006500,139.7032338,35.6597164,NA,NA,NA,NA,NA,NA,NA,NA,NA,NA,NA,NA,NA
13113006600,139.7065244,35.65755713,NA,NA,NA,NA,NA,NA,NA,NA,NA,NA,NA,NA,NA
13113006700,139.7082754,35.65738975,NA,NA,NA,NA,NA,NA,NA,NA,NA,NA,NA,NA,NA
13113006800,139.7071081,35.65605076,NA,NA,NA,NA,NA,NA,NA,NA,NA,NA,NA,NA,NA
13113007100,139.7106927,35.65521822,NA,NA,NA,NA,NA,NA,NA,NA,NA,NA,NA,NA,NA
13113007200,139.7128073,35.65761292,NA,NA,NA,NA,NA,NA,NA,NA,NA,NA,NA,NA,NA
13113007300,139.7118116,35.65719449,NA,NA,NA,NA,NA,NA,NA,NA,NA,NA,NA,NA,NA
13113007400,139.7119489,35.65596707,NA,NA,NA,NA,NA,NA,NA,NA,NA,NA,NA,NA,NA
13113007500,139.7125123,35.65360021,NA,NA,NA,NA,NA,NA,NA,NA,NA,NA,NA,NA,NA
13113007700,139.7148182,35.65120469,NA,NA,NA,NA,NA,NA,NA,NA,NA,NA,NA,NA,NA
13113007800,139.7170498,35.65128839,NA,NA,NA,NA,NA,NA,NA,NA,NA,NA,NA,NA,NA
13113007900,139.7175648,35.6556961,NA,NA,NA,NA,NA,NA,NA,NA,NA,NA,NA,NA,NA
13113008100,139.6897185,35.68206753,NA,NA,NA,NA,NA,NA,NA,NA,NA,NA,NA,NA,NA
13113008200,139.6987359,35.67572944,NA,NA,NA,NA,NA,NA,NA,NA,NA,NA,NA,NA,NA
13113009300,139.7046705,35.65744555,NA,NA,NA,NA,NA,NA,NA,NA,NA,NA,NA,NA,NA
13113009400,139.6987766,35.66623784,NA,NA,NA,NA,NA,NA,NA,NA,NA,NA,NA,NA,NA
13113009500,139.720174,35.65193003,NA,NA,NA,NA,NA,NA,NA,NA,NA,NA,NA,NA,NA
13113009600,139.6984231,35.65017962,NA,NA,NA,NA,NA,NA,NA,NA,NA,NA,NA,NA,NA
13113009700,139.7135822,35.64322554,NA,NA,NA,NA,NA,NA,NA,NA,NA,NA,NA,NA,NA
13113009800,139.708212,35.66314738,NA,NA,NA,NA,NA,NA,NA,NA,NA,NA,NA,NA,NA
13113010000,139.7102323,35.66003979,NA,NA,NA,NA,NA,NA,NA,NA,NA,NA,NA,NA,NA
13113010100,139.7030381,35.683878730000004,NA,NA,NA,NA,NA,NA,NA,NA,NA,NA,NA,NA,NA
13113010200,139.7069691,35.67258397,NA,NA,NA,NA,NA,NA,NA,NA,NA,NA,NA,NA,NA
13113010400,139.7131918,35.67816183,NA,NA,NA,NA,NA,NA,NA,NA,NA,NA,NA,NA,NA
13114000100,139.6382068,35.72144459,NA,NA,NA,NA,NA,NA,NA,NA,NA,NA,NA,NA,NA
13114000200,139.6390995,35.72158396,NA,NA,NA,NA,NA,NA,NA,NA,NA,NA,NA,NA,NA
13114000300,139.6329197,35.72300547,NA,NA,NA,NA,NA,NA,NA,NA,NA,NA,NA,NA,NA
13114000400,139.634087,35.71993942,NA,NA,NA,NA,NA,NA,NA,NA,NA,NA,NA,NA,NA
13114000500,139.6349453,35.72024603,NA,NA,NA,NA,NA,NA,NA,NA,NA,NA,NA,NA,NA
13114000600,139.6360782,35.7208035,NA,NA,NA,NA,NA,NA,NA,NA,NA,NA,NA,NA,NA
13114000700,139.6345676,35.72197418,NA,NA,NA,NA,NA,NA,NA,NA,NA,NA,NA,NA,NA
13114000800,139.6473392,35.71684538,NA,NA,NA,NA,NA,NA,NA,NA,NA,NA,NA,NA,NA
13114000900,139.6501888,35.71720775,NA,NA,NA,NA,NA,NA,NA,NA,NA,NA,NA,NA,NA
13114001000,139.6450046,35.71508925,NA,NA,NA,NA,NA,NA,NA,NA,NA,NA,NA,NA,NA
13114001100,139.6410907,35.71952132,NA,NA,NA,NA,NA,NA,NA,NA,NA,NA,NA,NA,NA
13114001200,139.6508754,35.71402998,NA,NA,NA,NA,NA,NA,NA,NA,NA,NA,NA,NA,NA
13114001300,139.6461376,35.71430874,NA,NA,NA,NA,NA,NA,NA,NA,NA,NA,NA,NA,NA
13114001400,139.6540354,35.71617321,NA,NA,NA,NA,NA,NA,NA,NA,NA,NA,NA,NA,NA
13114001500,139.6577433,35.71831956,NA,NA,NA,NA,NA,NA,NA,NA,NA,NA,NA,NA,NA
13114001600,139.6568507,35.71831956,NA,NA,NA,NA,NA,NA,NA,NA,NA,NA,NA,NA,NA
13114001700,139.6547564,35.71857042,NA,NA,NA,NA,NA,NA,NA,NA,NA,NA,NA,NA,NA
13114001800,139.6532787,35.71835061,NA,NA,NA,NA,NA,NA,NA,NA,NA,NA,NA,NA,NA
13114001900,139.6519054,35.717375,NA,NA,NA,NA,NA,NA,NA,NA,NA,NA,NA,NA,NA
13114002000,139.6545676,35.72606822,NA,NA,NA,NA,NA,NA,NA,NA,NA,NA,NA,NA,NA
13114002100,139.651718,35.72525995,NA,NA,NA,NA,NA,NA,NA,NA,NA,NA,NA,NA,NA
13114002200,139.6745833,35.72425655,NA,NA,NA,NA,NA,NA,NA,NA,NA,NA,NA,NA,NA
13114002300,139.6755789,35.72682075,NA,NA,NA,NA,NA,NA,NA,NA,NA,NA,NA,NA,NA
13114002400,139.6711844,35.72709946,NA,NA,NA,NA,NA,NA,NA,NA,NA,NA,NA,NA,NA
13114002500,139.6718367,35.72523207,NA,NA,NA,NA,NA,NA,NA,NA,NA,NA,NA,NA,NA
13114002600,139.6692961,35.72787986,NA,NA,NA,NA,NA,NA,NA,NA,NA,NA,NA,NA,NA
13114002700,139.6661404,35.72901701,NA,NA,NA,NA,NA,NA,NA,NA,NA,NA,NA,NA,NA
13114003100,139.6637343,35.72492548,NA,NA,NA,NA,NA,NA,NA,NA,NA,NA,NA,NA,NA
13114003200,139.6630476,35.7268765,NA,NA,NA,NA,NA,NA,NA,NA,NA,NA,NA,NA,NA
13114003300,139.6748608,35.72737263,NA,NA,NA,NA,NA,NA,NA,NA,NA,NA,NA,NA,NA
13114003400,139.6725949,35.72723328,NA,NA,NA,NA,NA,NA,NA,NA,NA,NA,NA,NA,NA
13114003500,139.6728009,35.73124662,NA,NA,NA,NA,NA,NA,NA,NA,NA,NA,NA,NA,NA
13114003600,139.6708783,35.73038265,NA,NA,NA,NA,NA,NA,NA,NA,NA,NA,NA,NA,NA
13114003700,139.6683034,35.7310794,NA,NA,NA,NA,NA,NA,NA,NA,NA,NA,NA,NA,NA
13114003800,139.668784,35.73211058,NA,NA,NA,NA,NA,NA,NA,NA,NA,NA,NA,NA,NA
13114003900,139.6700887,35.73160893,NA,NA,NA,NA,NA,NA,NA,NA,NA,NA,NA,NA,NA
13114004000,139.6713246,35.73174827,NA,NA,NA,NA,NA,NA,NA,NA,NA,NA,NA,NA,NA
13114004100,139.669814,35.73238927,NA,NA,NA,NA,NA,NA,NA,NA,NA,NA,NA,NA,NA
13114004200,139.67115,35.7183753,NA,NA,NA,NA,NA,NA,NA,NA,NA,NA,NA,NA,NA
13114004300,139.6742399,35.72255633,NA,NA,NA,NA,NA,NA,NA,NA,NA,NA,NA,NA,NA
13114004400,139.6697081,35.72252846,NA,NA,NA,NA,NA,NA,NA,NA,NA,NA,NA,NA,NA
13114004500,139.6702231,35.72342038,NA,NA,NA,NA,NA,NA,NA,NA,NA,NA,NA,NA,NA
13114004600,139.6688841,35.71887704,NA,NA,NA,NA,NA,NA,NA,NA,NA,NA,NA,NA,NA
13114004700,139.6667898,35.71985262,NA,NA,NA,NA,NA,NA,NA,NA,NA,NA,NA,NA,NA
13114004800,139.6672362,35.72336464,NA,NA,NA,NA,NA,NA,NA,NA,NA,NA,NA,NA,NA
13114004900,139.6652792,35.72107906,NA,NA,NA,NA,NA,NA,NA,NA,NA,NA,NA,NA,NA
13114005000,139.6580866,35.71681433,NA,NA,NA,NA,NA,NA,NA,NA,NA,NA,NA,NA,NA
13114005100,139.6622237,35.72110693,NA,NA,NA,NA,NA,NA,NA,NA,NA,NA,NA,NA,NA
13114005200,139.6595972,35.71530908,NA,NA,NA,NA,NA,NA,NA,NA,NA,NA,NA,NA,NA
13114005300,139.6622065,35.71639621,NA,NA,NA,NA,NA,NA,NA,NA,NA,NA,NA,NA,NA
13114005400,139.6665324,35.71508607,NA,NA,NA,NA,NA,NA,NA,NA,NA,NA,NA,NA,NA
13114005500,139.6684206,35.71720458,NA,NA,NA,NA,NA,NA,NA,NA,NA,NA,NA,NA,NA
13114005600,139.6810182,35.71287992,NA,NA,NA,NA,NA,NA,NA,NA,NA,NA,NA,NA,NA
13114005700,139.6756819,35.71887704,NA,NA,NA,NA,NA,NA,NA,NA,NA,NA,NA,NA,NA
13114005800,139.6764372,35.71815231,NA,NA,NA,NA,NA,NA,NA,NA,NA,NA,NA,NA,NA
13114005900,139.6759027,35.70462815,NA,NA,NA,NA,NA,NA,NA,NA,NA,NA,NA,NA,NA
13114006000,139.6713708,35.70412632,NA,NA,NA,NA,NA,NA,NA,NA,NA,NA,NA,NA,NA
13114006100,139.66333,35.702892,NA,NA,NA,NA,NA,NA,NA,NA,NA,NA,NA,NA,NA
13114006200,139.6750787,35.70727661,NA,NA,NA,NA,NA,NA,NA,NA,NA,NA,NA,NA,NA
13114006300,139.6788209,35.70404268,NA,NA,NA,NA,NA,NA,NA,NA,NA,NA,NA,NA,NA
13114006400,139.689224,35.708805,NA,NA,NA,NA,NA,NA,NA,NA,NA,NA,NA,NA,NA
13114006500,139.689224,35.708805,NA,NA,NA,NA,NA,NA,NA,NA,NA,NA,NA,NA,NA
13114006600,139.6838773,35.6989713,NA,NA,NA,NA,NA,NA,NA,NA,NA,NA,NA,NA,NA
13114007100,139.6837743,35.69830215,NA,NA,NA,NA,NA,NA,NA,NA,NA,NA,NA,NA,NA
13114007200,139.6802724,35.6942035,NA,NA,NA,NA,NA,NA,NA,NA,NA,NA,NA,NA,NA
13114007300,139.6771138,35.69492845,NA,NA,NA,NA,NA,NA,NA,NA,NA,NA,NA,NA,NA
13114007400,139.6758092,35.69593221,NA,NA,NA,NA,NA,NA,NA,NA,NA,NA,NA,NA,NA
13114007500,139.6740239,35.69423138,NA,NA,NA,NA,NA,NA,NA,NA,NA,NA,NA,NA,NA
13114007600,139.6723073,35.69431503,NA,NA,NA,NA,NA,NA,NA,NA,NA,NA,NA,NA,NA
13114007700,139.670213,35.69333913,NA,NA,NA,NA,NA,NA,NA,NA,NA,NA,NA,NA,NA
13114007800,139.6679815,35.69303242,NA,NA,NA,NA,NA,NA,NA,NA,NA,NA,NA,NA,NA
13114007900,139.66447,35.69528811,NA,NA,NA,NA,NA,NA,NA,NA,NA,NA,NA,NA,NA
13114008000,139.6663583,35.69684951,NA,NA,NA,NA,NA,NA,NA,NA,NA,NA,NA,NA,NA
13114008100,139.6796544,35.69080174,NA,NA,NA,NA,NA,NA,NA,NA,NA,NA,NA,NA,NA
13114008200,139.6705907,35.69018829,NA,NA,NA,NA,NA,NA,NA,NA,NA,NA,NA,NA,NA
13114008300,139.6739896,35.68935176,NA,NA,NA,NA,NA,NA,NA,NA,NA,NA,NA,NA,NA
13114008400,139.6704534,35.68784599,NA,NA,NA,NA,NA,NA,NA,NA,NA,NA,NA,NA,NA
13114008500,139.6684621,35.68779022,NA,NA,NA,NA,NA,NA,NA,NA,NA,NA,NA,NA,NA
13114008600,139.6678098,35.68988157,NA,NA,NA,NA,NA,NA,NA,NA,NA,NA,NA,NA,NA
13114008700,139.6687368,35.69071809,NA,NA,NA,NA,NA,NA,NA,NA,NA,NA,NA,NA,NA
13114008800,139.6756376,35.68659116,NA,NA,NA,NA,NA,NA,NA,NA,NA,NA,NA,NA,NA
13114008900,139.6697667,35.68190628,NA,NA,NA,NA,NA,NA,NA,NA,NA,NA,NA,NA,NA
13114009000,139.6721357,35.68502956,NA,NA,NA,NA,NA,NA,NA,NA,NA,NA,NA,NA,NA
13114009100,139.6680845,35.68617288,NA,NA,NA,NA,NA,NA,NA,NA,NA,NA,NA,NA,NA
13114009200,139.6639646,35.68408144,NA,NA,NA,NA,NA,NA,NA,NA,NA,NA,NA,NA,NA
13114009300,139.6613553,35.6853642,NA,NA,NA,NA,NA,NA,NA,NA,NA,NA,NA,NA,NA
13114009500,139.6750787,35.7029275,NA,NA,NA,NA,NA,NA,NA,NA,NA,NA,NA,NA,NA
13114009600,139.6817144,35.69361796,NA,NA,NA,NA,NA,NA,NA,NA,NA,NA,NA,NA,NA
13114009700,139.670638,35.73169253,NA,NA,NA,NA,NA,NA,NA,NA,NA,NA,NA,NA,NA
13114009800,139.6672018,35.72297442,NA,NA,NA,NA,NA,NA,NA,NA,NA,NA,NA,NA,NA
13114009900,139.673313,35.72110693,NA,NA,NA,NA,NA,NA,NA,NA,NA,NA,NA,NA,NA
13114010000,139.6722387,35.68700944,NA,NA,NA,NA,NA,NA,NA,NA,NA,NA,NA,NA,NA
13114010100,139.6662062,35.719769,NA,NA,NA,NA,NA,NA,NA,NA,NA,NA,NA,NA,NA
13114010200,139.6676138,35.71890491,NA,NA,NA,NA,NA,NA,NA,NA,NA,NA,NA,NA,NA
13115000100,139.6046577,35.72158602,NA,NA,NA,NA,NA,NA,NA,NA,NA,NA,NA,NA,NA
13115000300,139.6024605,35.72136304,NA,NA,NA,NA,NA,NA,NA,NA,NA,NA,NA,NA,NA
13115000400,139.5971733,35.71977425,NA,NA,NA,NA,NA,NA,NA,NA,NA,NA,NA,NA,NA
13115000600,139.5987869,35.72261732,NA,NA,NA,NA,NA,NA,NA,NA,NA,NA,NA,NA,NA
13115000700,139.6310869,35.71734835,NA,NA,NA,NA,NA,NA,NA,NA,NA,NA,NA,NA,NA
13115000800,139.627791,35.71726473,NA,NA,NA,NA,NA,NA,NA,NA,NA,NA,NA,NA,NA
13115000900,139.62707,35.71876994,NA,NA,NA,NA,NA,NA,NA,NA,NA,NA,NA,NA,NA
13115001000,139.6234651,35.71824033,NA,NA,NA,NA,NA,NA,NA,NA,NA,NA,NA,NA,NA
13115001100,139.6198349,35.72233136,NA,NA,NA,NA,NA,NA,NA,NA,NA,NA,NA,NA,NA
13115001200,139.595182,35.7128055,NA,NA,NA,NA,NA,NA,NA,NA,NA,NA,NA,NA,NA
13115001300,139.5974479,35.71503557,NA,NA,NA,NA,NA,NA,NA,NA,NA,NA,NA,NA,NA
13115001400,139.5958,35.7160112,NA,NA,NA,NA,NA,NA,NA,NA,NA,NA,NA,NA,NA
13115001500,139.5875779,35.7171043,NA,NA,NA,NA,NA,NA,NA,NA,NA,NA,NA,NA,NA
13115001600,139.6106675,35.71645749,NA,NA,NA,NA,NA,NA,NA,NA,NA,NA,NA,NA,NA
13115001700,139.6013414,35.71743311,NA,NA,NA,NA,NA,NA,NA,NA,NA,NA,NA,NA,NA
13115001800,139.6208559,35.71640061,NA,NA,NA,NA,NA,NA,NA,NA,NA,NA,NA,NA,NA
13115001900,139.6172853,35.71732047,NA,NA,NA,NA,NA,NA,NA,NA,NA,NA,NA,NA,NA
13115002100,139.6195512,35.71796159,NA,NA,NA,NA,NA,NA,NA,NA,NA,NA,NA,NA,NA
13115002200,139.6255937,35.71623336,NA,NA,NA,NA,NA,NA,NA,NA,NA,NA,NA,NA,NA
13115002300,139.6214739,35.71361306,NA,NA,NA,NA,NA,NA,NA,NA,NA,NA,NA,NA,NA
13115002400,139.6233278,35.71634486,NA,NA,NA,NA,NA,NA,NA,NA,NA,NA,NA,NA,NA
13115002500,139.639848,35.70806899,NA,NA,NA,NA,NA,NA,NA,NA,NA,NA,NA,NA,NA
13115002600,139.614063,35.70405415,NA,NA,NA,NA,NA,NA,NA,NA,NA,NA,NA,NA,NA
13115002700,139.6084359,35.70675643,NA,NA,NA,NA,NA,NA,NA,NA,NA,NA,NA,NA,NA
13115002800,139.6082986,35.70845699,NA,NA,NA,NA,NA,NA,NA,NA,NA,NA,NA,NA,NA
13115002900,139.6063539,35.71060354,NA,NA,NA,NA,NA,NA,NA,NA,NA,NA,NA,NA,NA
13115003000,139.6079896,35.70497219,NA,NA,NA,NA,NA,NA,NA,NA,NA,NA,NA,NA,NA
13115003100,139.6019471,35.70675643,NA,NA,NA,NA,NA,NA,NA,NA,NA,NA,NA,NA,NA
13115003200,139.6101148,35.70380323,NA,NA,NA,NA,NA,NA,NA,NA,NA,NA,NA,NA,NA
13115003300,139.616638,35.70095949,NA,NA,NA,NA,NA,NA,NA,NA,NA,NA,NA,NA,NA
13115003400,139.6237994,35.69301261,NA,NA,NA,NA,NA,NA,NA,NA,NA,NA,NA,NA,NA
13115003500,139.6228381,35.69525952,NA,NA,NA,NA,NA,NA,NA,NA,NA,NA,NA,NA,NA
13115003700,139.6222201,35.69617963,NA,NA,NA,NA,NA,NA,NA,NA,NA,NA,NA,NA,NA
13115003800,139.6242457,35.69969269,NA,NA,NA,NA,NA,NA,NA,NA,NA,NA,NA,NA,NA
13115003900,139.6213415,35.70101525,NA,NA,NA,NA,NA,NA,NA,NA,NA,NA,NA,NA,NA
13115004000,139.6169126,35.70252077,NA,NA,NA,NA,NA,NA,NA,NA,NA,NA,NA,NA,NA
13115004100,139.6327159,35.68585283,NA,NA,NA,NA,NA,NA,NA,NA,NA,NA,NA,NA,NA
13115004200,139.631274,35.68797211,NA,NA,NA,NA,NA,NA,NA,NA,NA,NA,NA,NA,NA
13115004300,139.6271064,35.69016785,NA,NA,NA,NA,NA,NA,NA,NA,NA,NA,NA,NA,NA
13115004400,139.6317909,35.69291291,NA,NA,NA,NA,NA,NA,NA,NA,NA,NA,NA,NA,NA
13115004500,139.6323745,35.69408399,NA,NA,NA,NA,NA,NA,NA,NA,NA,NA,NA,NA,NA
13115004600,139.6241005,35.69135144,NA,NA,NA,NA,NA,NA,NA,NA,NA,NA,NA,NA,NA
13115004700,139.626538,35.69360999,NA,NA,NA,NA,NA,NA,NA,NA,NA,NA,NA,NA,NA
13115004800,139.6295329,35.69541052,NA,NA,NA,NA,NA,NA,NA,NA,NA,NA,NA,NA,NA
13115004900,139.6368015,35.68738653,NA,NA,NA,NA,NA,NA,NA,NA,NA,NA,NA,NA,NA
13115005000,139.6340892,35.68802788,NA,NA,NA,NA,NA,NA,NA,NA,NA,NA,NA,NA,NA
13115005100,139.6353938,35.68752595,NA,NA,NA,NA,NA,NA,NA,NA,NA,NA,NA,NA,NA
13115005200,139.6435992,35.6828969,NA,NA,NA,NA,NA,NA,NA,NA,NA,NA,NA,NA,NA
13115005300,139.6380031,35.68479317,NA,NA,NA,NA,NA,NA,NA,NA,NA,NA,NA,NA,NA
13115005400,139.6395824,35.68339886,NA,NA,NA,NA,NA,NA,NA,NA,NA,NA,NA,NA,NA
13115005600,139.6425349,35.6828969,NA,NA,NA,NA,NA,NA,NA,NA,NA,NA,NA,NA,NA
13115005700,139.6401317,35.68309211,NA,NA,NA,NA,NA,NA,NA,NA,NA,NA,NA,NA,NA
13115005800,139.6415736,35.68476529,NA,NA,NA,NA,NA,NA,NA,NA,NA,NA,NA,NA,NA
13115005900,139.6411273,35.68641055,NA,NA,NA,NA,NA,NA,NA,NA,NA,NA,NA,NA,NA
13115006000,139.6573439,35.68350464,NA,NA,NA,NA,NA,NA,NA,NA,NA,NA,NA,NA,NA
13115006100,139.6498653,35.68686371,NA,NA,NA,NA,NA,NA,NA,NA,NA,NA,NA,NA,NA
13115006200,139.6471873,35.68778392,NA,NA,NA,NA,NA,NA,NA,NA,NA,NA,NA,NA,NA
13115006300,139.6521597,35.68565187,NA,NA,NA,NA,NA,NA,NA,NA,NA,NA,NA,NA,NA
13115006400,139.654872,35.68802212,NA,NA,NA,NA,NA,NA,NA,NA,NA,NA,NA,NA,NA
13115006500,139.6512671,35.68721345,NA,NA,NA,NA,NA,NA,NA,NA,NA,NA,NA,NA,NA
13115006600,139.6469069,35.69053171,NA,NA,NA,NA,NA,NA,NA,NA,NA,NA,NA,NA,NA
13115006700,139.6606228,35.69093941,NA,NA,NA,NA,NA,NA,NA,NA,NA,NA,NA,NA,NA
13115006800,139.662614,35.69361621,NA,NA,NA,NA,NA,NA,NA,NA,NA,NA,NA,NA,NA
13115007000,139.6559706,35.68818942,NA,NA,NA,NA,NA,NA,NA,NA,NA,NA,NA,NA,NA
13115007100,139.6595412,35.68958365,NA,NA,NA,NA,NA,NA,NA,NA,NA,NA,NA,NA,NA
13115007200,139.653824,35.685158,NA,NA,NA,NA,NA,NA,NA,NA,NA,NA,NA,NA,NA
13115007600,139.6043231,35.68376139,NA,NA,NA,NA,NA,NA,NA,NA,NA,NA,NA,NA,NA
13115007700,139.5889614,35.69409793,NA,NA,NA,NA,NA,NA,NA,NA,NA,NA,NA,NA,NA
13115007800,139.6136958,35.68203241,NA,NA,NA,NA,NA,NA,NA,NA,NA,NA,NA,NA,NA
13115007900,139.6076877,35.68200453,NA,NA,NA,NA,NA,NA,NA,NA,NA,NA,NA,NA,NA
13115008000,139.6100223,35.6847374,NA,NA,NA,NA,NA,NA,NA,NA,NA,NA,NA,NA,NA
13115008100,139.6235149,35.67968988,NA,NA,NA,NA,NA,NA,NA,NA,NA,NA,NA,NA,NA
13115008200,139.6167514,35.68194875,NA,NA,NA,NA,NA,NA,NA,NA,NA,NA,NA,NA,NA
13115008300,139.6348998,35.67259893,NA,NA,NA,NA,NA,NA,NA,NA,NA,NA,NA,NA,NA
13115008400,139.6317755,35.67527635,NA,NA,NA,NA,NA,NA,NA,NA,NA,NA,NA,NA,NA
13115008500,139.6248919,35.67479842,NA,NA,NA,NA,NA,NA,NA,NA,NA,NA,NA,NA,NA
13115008600,139.6303164,35.67677855,NA,NA,NA,NA,NA,NA,NA,NA,NA,NA,NA,NA,NA
13115008700,139.6332346,35.6783682,NA,NA,NA,NA,NA,NA,NA,NA,NA,NA,NA,NA,NA
13115008900,139.6477824,35.67085512,NA,NA,NA,NA,NA,NA,NA,NA,NA,NA,NA,NA,NA
13115009000,139.6397921,35.67290192,NA,NA,NA,NA,NA,NA,NA,NA,NA,NA,NA,NA,NA
13115009100,139.6498252,35.67471992,NA,NA,NA,NA,NA,NA,NA,NA,NA,NA,NA,NA,NA
13115009200,139.647891,35.67707286,NA,NA,NA,NA,NA,NA,NA,NA,NA,NA,NA,NA,NA
13115009300,139.6521941,35.67940522,NA,NA,NA,NA,NA,NA,NA,NA,NA,NA,NA,NA,NA
13115009400,139.6318233,35.6807496,NA,NA,NA,NA,NA,NA,NA,NA,NA,NA,NA,NA,NA
13115009500,139.6495906,35.68385205,NA,NA,NA,NA,NA,NA,NA,NA,NA,NA,NA,NA,NA
13115010100,139.6058681,35.68638266,NA,NA,NA,NA,NA,NA,NA,NA,NA,NA,NA,NA,NA
13115010200,139.6058953,35.7057528,NA,NA,NA,NA,NA,NA,NA,NA,NA,NA,NA,NA,NA
13115010300,139.6091535,35.70299473,NA,NA,NA,NA,NA,NA,NA,NA,NA,NA,NA,NA,NA
13115010400,139.5923946,35.69164422,NA,NA,NA,NA,NA,NA,NA,NA,NA,NA,NA,NA,NA
13115010500,139.5924205,35.68670814,NA,NA,NA,NA,NA,NA,NA,NA,NA,NA,NA,NA,NA
13115010600,139.6100909,35.68166988,NA,NA,NA,NA,NA,NA,NA,NA,NA,NA,NA,NA,NA
13115010700,139.6048038,35.68178143,NA,NA,NA,NA,NA,NA,NA,NA,NA,NA,NA,NA,NA
13115010800,139.6007526,35.68858558,NA,NA,NA,NA,NA,NA,NA,NA,NA,NA,NA,NA,NA
13115011000,139.6161334,35.68459797,NA,NA,NA,NA,NA,NA,NA,NA,NA,NA,NA,NA,NA
13115011100,139.6216609,35.67662216,NA,NA,NA,NA,NA,NA,NA,NA,NA,NA,NA,NA,NA
13115011200,139.6531316,35.70027406,NA,NA,NA,NA,NA,NA,NA,NA,NA,NA,NA,NA,NA
13115011500,139.5996452,35.72072195,NA,NA,NA,NA,NA,NA,NA,NA,NA,NA,NA,NA,NA
13115011700,139.6040828,35.68719133,NA,NA,NA,NA,NA,NA,NA,NA,NA,NA,NA,NA,NA
13115011800,139.607516,35.68535089,NA,NA,NA,NA,NA,NA,NA,NA,NA,NA,NA,NA,NA
13115011900,139.6006496,35.68621535,NA,NA,NA,NA,NA,NA,NA,NA,NA,NA,NA,NA,NA
13115012000,139.5967121,35.68603889,NA,NA,NA,NA,NA,NA,NA,NA,NA,NA,NA,NA,NA
13115012100,139.5904033,35.69262014,NA,NA,NA,NA,NA,NA,NA,NA,NA,NA,NA,NA,NA
13115012300,139.6191302,35.69854957,NA,NA,NA,NA,NA,NA,NA,NA,NA,NA,NA,NA,NA
13115012400,139.6430156,35.68886443,NA,NA,NA,NA,NA,NA,NA,NA,NA,NA,NA,NA,NA
13115012500,139.6480457,35.68683582,NA,NA,NA,NA,NA,NA,NA,NA,NA,NA,NA,NA,NA
13115012700,139.595491,35.71149531,NA,NA,NA,NA,NA,NA,NA,NA,NA,NA,NA,NA,NA
13115012800,139.6232611,35.69016785,NA,NA,NA,NA,NA,NA,NA,NA,NA,NA,NA,NA,NA
13115012900,139.628926,35.68857844,NA,NA,NA,NA,NA,NA,NA,NA,NA,NA,NA,NA,NA
13115013000,139.6310012,35.69168604,NA,NA,NA,NA,NA,NA,NA,NA,NA,NA,NA,NA,NA
13115013100,139.6228625,35.67701261,NA,NA,NA,NA,NA,NA,NA,NA,NA,NA,NA,NA,NA
13115013200,139.5960597,35.68896682,NA,NA,NA,NA,NA,NA,NA,NA,NA,NA,NA,NA,NA
13115013300,139.596212,35.70998996,NA,NA,NA,NA,NA,NA,NA,NA,NA,NA,NA,NA,NA
13115013500,139.6587172,35.67904268,NA,NA,NA,NA,NA,NA,NA,NA,NA,NA,NA,NA,NA
13115013600,139.656211,35.6790148,NA,NA,NA,NA,NA,NA,NA,NA,NA,NA,NA,NA,NA
13115013700,139.6422549,35.6687075,NA,NA,NA,NA,NA,NA,NA,NA,NA,NA,NA,NA,NA
13115013800,139.6066629,35.71668049,NA,NA,NA,NA,NA,NA,NA,NA,NA,NA,NA,NA,NA
13115013900,139.6039389,35.72634862,NA,NA,NA,NA,NA,NA,NA,NA,NA,NA,NA,NA,NA
13115014000,139.6070632,35.72651585,NA,NA,NA,NA,NA,NA,NA,NA,NA,NA,NA,NA,NA
13115014100,139.6058959,35.72478781,NA,NA,NA,NA,NA,NA,NA,NA,NA,NA,NA,NA,NA
13115014200,139.6082283,35.7242618,NA,NA,NA,NA,NA,NA,NA,NA,NA,NA,NA,NA,NA
13115014300,139.6106337,35.72843895,NA,NA,NA,NA,NA,NA,NA,NA,NA,NA,NA,NA,NA
13115014400,139.6098441,35.72698966,NA,NA,NA,NA,NA,NA,NA,NA,NA,NA,NA,NA,NA
13115014500,139.6116294,35.72308759,NA,NA,NA,NA,NA,NA,NA,NA,NA,NA,NA,NA,NA
13115014600,139.6119384,35.72060689,NA,NA,NA,NA,NA,NA,NA,NA,NA,NA,NA,NA,NA
13115014700,139.6147537,35.72004576,NA,NA,NA,NA,NA,NA,NA,NA,NA,NA,NA,NA,NA
13115014800,139.61623,35.71929316,NA,NA,NA,NA,NA,NA,NA,NA,NA,NA,NA,NA,NA
13115014900,139.6164703,35.72614985,NA,NA,NA,NA,NA,NA,NA,NA,NA,NA,NA,NA,NA
13115015000,139.6208215,35.72986307,NA,NA,NA,NA,NA,NA,NA,NA,NA,NA,NA,NA,NA
13115015100,139.6232935,35.72874825,NA,NA,NA,NA,NA,NA,NA,NA,NA,NA,NA,NA,NA
13115015200,139.6226755,35.72707599,NA,NA,NA,NA,NA,NA,NA,NA,NA,NA,NA,NA,NA
13115015400,139.6228535,35.70812475,NA,NA,NA,NA,NA,NA,NA,NA,NA,NA,NA,NA,NA
13115015500,139.6233341,35.70606176,NA,NA,NA,NA,NA,NA,NA,NA,NA,NA,NA,NA,NA
13115015600,139.6304753,35.70926773,NA,NA,NA,NA,NA,NA,NA,NA,NA,NA,NA,NA,NA
13115015700,139.6350758,35.70611752,NA,NA,NA,NA,NA,NA,NA,NA,NA,NA,NA,NA,NA
13115015800,139.6334278,35.70597813,NA,NA,NA,NA,NA,NA,NA,NA,NA,NA,NA,NA,NA
13115015900,139.6366894,35.70871018,NA,NA,NA,NA,NA,NA,NA,NA,NA,NA,NA,NA,NA
13115016000,139.6374104,35.70698175,NA,NA,NA,NA,NA,NA,NA,NA,NA,NA,NA,NA,NA
13115016100,139.6396076,35.71055008,NA,NA,NA,NA,NA,NA,NA,NA,NA,NA,NA,NA,NA
13115016200,139.6417706,35.6995658,NA,NA,NA,NA,NA,NA,NA,NA,NA,NA,NA,NA,NA
13115016300,139.6466114,35.70093195,NA,NA,NA,NA,NA,NA,NA,NA,NA,NA,NA,NA,NA
13115016500,139.6561528,35.69915883,NA,NA,NA,NA,NA,NA,NA,NA,NA,NA,NA,NA,NA
13115016600,139.6601697,35.69809935,NA,NA,NA,NA,NA,NA,NA,NA,NA,NA,NA,NA,NA
13115016700,139.6373202,35.67348761,NA,NA,NA,NA,NA,NA,NA,NA,NA,NA,NA,NA,NA
13115016800,139.6440401,35.67227754,NA,NA,NA,NA,NA,NA,NA,NA,NA,NA,NA,NA,NA
13115016900,139.6474734,35.67266801,NA,NA,NA,NA,NA,NA,NA,NA,NA,NA,NA,NA,NA
13115017000,139.6508164,35.67780844,NA,NA,NA,NA,NA,NA,NA,NA,NA,NA,NA,NA,NA
13115017100,139.655284,35.67695106,NA,NA,NA,NA,NA,NA,NA,NA,NA,NA,NA,NA,NA
13115017200,139.6519538,35.68138524,NA,NA,NA,NA,NA,NA,NA,NA,NA,NA,NA,NA,NA
13115017300,139.6507749,35.68209266,NA,NA,NA,NA,NA,NA,NA,NA,NA,NA,NA,NA,NA
13115017400,139.6624767,35.69272395,NA,NA,NA,NA,NA,NA,NA,NA,NA,NA,NA,NA,NA
13115017500,139.662923,35.6919711,NA,NA,NA,NA,NA,NA,NA,NA,NA,NA,NA,NA,NA
13115017600,139.6274325,35.67714111,NA,NA,NA,NA,NA,NA,NA,NA,NA,NA,NA,NA,NA
13115017700,139.6105302,35.71796272,NA,NA,NA,NA,NA,NA,NA,NA,NA,NA,NA,NA,NA
13115017800,139.6294924,35.67758732,NA,NA,NA,NA,NA,NA,NA,NA,NA,NA,NA,NA,NA
13115017900,139.6163976,35.70402626,NA,NA,NA,NA,NA,NA,NA,NA,NA,NA,NA,NA,NA
13115018000,139.6376941,35.68312,NA,NA,NA,NA,NA,NA,NA,NA,NA,NA,NA,NA,NA
13115018100,139.6254375,35.67740305,NA,NA,NA,NA,NA,NA,NA,NA,NA,NA,NA,NA,NA
13115018300,139.6094299,35.72437329,NA,NA,NA,NA,NA,NA,NA,NA,NA,NA,NA,NA,NA
13115018400,139.6487347,35.68465179,NA,NA,NA,NA,NA,NA,NA,NA,NA,NA,NA,NA,NA
13115018500,139.6492415,35.67842914,NA,NA,NA,NA,NA,NA,NA,NA,NA,NA,NA,NA,NA
13115018600,139.6341235,35.69056537,NA,NA,NA,NA,NA,NA,NA,NA,NA,NA,NA,NA,NA
13115018700,139.6452815,35.68880866,NA,NA,NA,NA,NA,NA,NA,NA,NA,NA,NA,NA,NA
13115018800,139.622321,35.69898747,NA,NA,NA,NA,NA,NA,NA,NA,NA,NA,NA,NA,NA
13116000100,139.7105424,35.74290873,NA,NA,NA,NA,NA,NA,NA,NA,NA,NA,NA,NA,NA
13116000200,139.7141473,35.74416267,NA,NA,NA,NA,NA,NA,NA,NA,NA,NA,NA,NA,NA
13116000300,139.7094095,35.71868978,NA,NA,NA,NA,NA,NA,NA,NA,NA,NA,NA,NA,NA
13116000500,139.7413728,35.73716819,NA,NA,NA,NA,NA,NA,NA,NA,NA,NA,NA,NA,NA
13116000600,139.735708,35.73549611,NA,NA,NA,NA,NA,NA,NA,NA,NA,NA,NA,NA,NA
13116000700,139.731995,35.733017,NA,NA,NA,NA,NA,NA,NA,NA,NA,NA,NA,NA,NA
13116000800,139.7494409,35.73394593,NA,NA,NA,NA,NA,NA,NA,NA,NA,NA,NA,NA,NA
13116000900,139.7497842,35.73425248,NA,NA,NA,NA,NA,NA,NA,NA,NA,NA,NA,NA,NA
13116001000,139.6951273,35.72769262,NA,NA,NA,NA,NA,NA,NA,NA,NA,NA,NA,NA,NA
13116001100,139.6983545,35.73959264,NA,NA,NA,NA,NA,NA,NA,NA,NA,NA,NA,NA,NA
13116001200,139.714113,35.72075244,NA,NA,NA,NA,NA,NA,NA,NA,NA,NA,NA,NA,NA
13116001300,139.7173746,35.72752539,NA,NA,NA,NA,NA,NA,NA,NA,NA,NA,NA,NA,NA
13116001600,139.6822183,35.73825502,NA,NA,NA,NA,NA,NA,NA,NA,NA,NA,NA,NA,NA
13116001700,139.7173059,35.72537929,NA,NA,NA,NA,NA,NA,NA,NA,NA,NA,NA,NA,NA
13117000100,139.6972722,35.78768443,NA,NA,NA,NA,NA,NA,NA,NA,NA,NA,NA,NA,NA
13117000200,139.6909207,35.78657043,NA,NA,NA,NA,NA,NA,NA,NA,NA,NA,NA,NA,NA
13117000300,139.7145969,35.78613812,NA,NA,NA,NA,NA,NA,NA,NA,NA,NA,NA,NA,NA
13117000400,139.7092754,35.78541401,NA,NA,NA,NA,NA,NA,NA,NA,NA,NA,NA,NA,NA
13117000500,139.712228,35.7839379,NA,NA,NA,NA,NA,NA,NA,NA,NA,NA,NA,NA,NA
13117000600,139.7160389,35.78396575,NA,NA,NA,NA,NA,NA,NA,NA,NA,NA,NA,NA,NA
13117000700,139.7170345,35.78282384,NA,NA,NA,NA,NA,NA,NA,NA,NA,NA,NA,NA,NA
13117000800,139.7056019,35.77984366,NA,NA,NA,NA,NA,NA,NA,NA,NA,NA,NA,NA,NA
13117000900,139.7171313,35.77942863,NA,NA,NA,NA,NA,NA,NA,NA,NA,NA,NA,NA,NA
13117001000,139.7149684,35.7790944,NA,NA,NA,NA,NA,NA,NA,NA,NA,NA,NA,NA,NA
13117001100,139.7153461,35.77789671,NA,NA,NA,NA,NA,NA,NA,NA,NA,NA,NA,NA,NA
13117001200,139.7122218,35.77544557,NA,NA,NA,NA,NA,NA,NA,NA,NA,NA,NA,NA,NA
13117001300,139.7079303,35.77360717,NA,NA,NA,NA,NA,NA,NA,NA,NA,NA,NA,NA,NA
13117001400,139.7085483,35.77483277,NA,NA,NA,NA,NA,NA,NA,NA,NA,NA,NA,NA,NA
13117001500,139.7193629,35.77558484,NA,NA,NA,NA,NA,NA,NA,NA,NA,NA,NA,NA,NA
13117001600,139.7180629,35.76966832,NA,NA,NA,NA,NA,NA,NA,NA,NA,NA,NA,NA,NA
13117001700,139.7145954,35.76835906,NA,NA,NA,NA,NA,NA,NA,NA,NA,NA,NA,NA,NA
13117001800,139.7220455,35.76866549,NA,NA,NA,NA,NA,NA,NA,NA,NA,NA,NA,NA,NA
13117001900,139.7293239,35.7586086,NA,NA,NA,NA,NA,NA,NA,NA,NA,NA,NA,NA,NA
13117002000,139.725307,35.76289895,NA,NA,NA,NA,NA,NA,NA,NA,NA,NA,NA,NA,NA
13117002100,139.7303226,35.75840968,NA,NA,NA,NA,NA,NA,NA,NA,NA,NA,NA,NA,NA
13117002200,139.7328975,35.75601366,NA,NA,NA,NA,NA,NA,NA,NA,NA,NA,NA,NA,NA
13117002300,139.7268255,35.75233628,NA,NA,NA,NA,NA,NA,NA,NA,NA,NA,NA,NA,NA
13117002400,139.7291601,35.74960878,NA,NA,NA,NA,NA,NA,NA,NA,NA,NA,NA,NA,NA
13117002500,139.7262419,35.74818774,NA,NA,NA,NA,NA,NA,NA,NA,NA,NA,NA,NA,NA
13117002600,139.7302587,35.74782551,NA,NA,NA,NA,NA,NA,NA,NA,NA,NA,NA,NA,NA
13117002700,139.7428408,35.74611874,NA,NA,NA,NA,NA,NA,NA,NA,NA,NA,NA,NA,NA
13117002800,139.7459307,35.74667603,NA,NA,NA,NA,NA,NA,NA,NA,NA,NA,NA,NA,NA
13117002900,139.7431154,35.74664817,NA,NA,NA,NA,NA,NA,NA,NA,NA,NA,NA,NA,NA
13117003000,139.7547197,35.74386169,NA,NA,NA,NA,NA,NA,NA,NA,NA,NA,NA,NA,NA
13117003100,139.7523851,35.73773108,NA,NA,NA,NA,NA,NA,NA,NA,NA,NA,NA,NA,NA
13117003200,139.7624359,35.73559222,NA,NA,NA,NA,NA,NA,NA,NA,NA,NA,NA,NA,NA
13117003300,139.7321573,35.78544019,NA,NA,NA,NA,NA,NA,NA,NA,NA,NA,NA,NA,NA
13117003400,139.7322603,35.78374128,NA,NA,NA,NA,NA,NA,NA,NA,NA,NA,NA,NA,NA
13117003500,139.7345606,35.7798977,NA,NA,NA,NA,NA,NA,NA,NA,NA,NA,NA,NA,NA
13117003600,139.7584558,35.7674187,NA,NA,NA,NA,NA,NA,NA,NA,NA,NA,NA,NA,NA
13117003700,139.74256,35.76658299,NA,NA,NA,NA,NA,NA,NA,NA,NA,NA,NA,NA,NA
13117003800,139.7305841,35.75213726,NA,NA,NA,NA,NA,NA,NA,NA,NA,NA,NA,NA,NA
13117003900,139.7227056,35.75462096,NA,NA,NA,NA,NA,NA,NA,NA,NA,NA,NA,NA,NA
13117004000,139.7518616,35.74189019,NA,NA,NA,NA,NA,NA,NA,NA,NA,NA,NA,NA,NA
13117004100,139.7576637,35.73804458,NA,NA,NA,NA,NA,NA,NA,NA,NA,NA,NA,NA,NA
13117004102,139.7558398,35.73777288,NA,NA,NA,NA,NA,NA,NA,NA,NA,NA,NA,NA,NA
13117004103,139.7557883,35.73759174,NA,NA,NA,NA,NA,NA,NA,NA,NA,NA,NA,NA,NA
13117004104,139.7559428,35.73742453,NA,NA,NA,NA,NA,NA,NA,NA,NA,NA,NA,NA,NA
13117004105,139.7560286,35.73722946,NA,NA,NA,NA,NA,NA,NA,NA,NA,NA,NA,NA,NA
13117004200,139.7394357,35.76833798,NA,NA,NA,NA,NA,NA,NA,NA,NA,NA,NA,NA,NA
13117004300,139.7347322,35.77591466,NA,NA,NA,NA,NA,NA,NA,NA,NA,NA,NA,NA,NA
13117004400,139.7449007,35.74205042,NA,NA,NA,NA,NA,NA,NA,NA,NA,NA,NA,NA,NA
13117004500,139.725513,35.76342827,NA,NA,NA,NA,NA,NA,NA,NA,NA,NA,NA,NA,NA
13117004600,139.7391672,35.75018686,NA,NA,NA,NA,NA,NA,NA,NA,NA,NA,NA,NA,NA
13117004700,139.7275011,35.75690203,NA,NA,NA,NA,NA,NA,NA,NA,NA,NA,NA,NA,NA
13117004800,139.7047223,35.78487154,NA,NA,NA,NA,NA,NA,NA,NA,NA,NA,NA,NA,NA
13117004900,139.7145221,35.77628119,NA,NA,NA,NA,NA,NA,NA,NA,NA,NA,NA,NA,NA
13117005000,139.7299257,35.77374201,NA,NA,NA,NA,NA,NA,NA,NA,NA,NA,NA,NA,NA
13117005100,139.7450277,35.74845423,NA,NA,NA,NA,NA,NA,NA,NA,NA,NA,NA,NA,NA
13118000100,139.7673328,35.72995046,NA,NA,NA,NA,NA,NA,NA,NA,NA,NA,NA,NA,NA
13118000400,139.7651699,35.73318334,NA,NA,NA,NA,NA,NA,NA,NA,NA,NA,NA,NA,NA
13118000600,139.8075732,35.73077263,NA,NA,NA,NA,NA,NA,NA,NA,NA,NA,NA,NA,NA
13118001100,139.7781131,35.74651757,NA,NA,NA,NA,NA,NA,NA,NA,NA,NA,NA,NA,NA
13119000100,139.6267984,35.77824962,NA,NA,NA,NA,NA,NA,NA,NA,NA,NA,NA,NA,NA
13119000200,139.6277597,35.78089564,NA,NA,NA,NA,NA,NA,NA,NA,NA,NA,NA,NA,NA
13119000300,139.6312273,35.78042215,NA,NA,NA,NA,NA,NA,NA,NA,NA,NA,NA,NA,NA
13119000400,139.6341455,35.78418215,NA,NA,NA,NA,NA,NA,NA,NA,NA,NA,NA,NA,NA
13119000500,139.6352098,35.78585321,NA,NA,NA,NA,NA,NA,NA,NA,NA,NA,NA,NA,NA
13119000600,139.6367891,35.78624312,NA,NA,NA,NA,NA,NA,NA,NA,NA,NA,NA,NA,NA
13119000700,139.6316049,35.78356942,NA,NA,NA,NA,NA,NA,NA,NA,NA,NA,NA,NA,NA
13119000800,139.6324976,35.78490628,NA,NA,NA,NA,NA,NA,NA,NA,NA,NA,NA,NA,NA
13119000900,139.6501444,35.77145313,NA,NA,NA,NA,NA,NA,NA,NA,NA,NA,NA,NA,NA
13119001000,139.6481531,35.77245593,NA,NA,NA,NA,NA,NA,NA,NA,NA,NA,NA,NA,NA
13119001100,139.6432779,35.77214952,NA,NA,NA,NA,NA,NA,NA,NA,NA,NA,NA,NA,NA
13119001200,139.6414926,35.77331944,NA,NA,NA,NA,NA,NA,NA,NA,NA,NA,NA,NA,NA
13119001300,139.6412523,35.776467,NA,NA,NA,NA,NA,NA,NA,NA,NA,NA,NA,NA,NA
13119001400,139.639364,35.77794324,NA,NA,NA,NA,NA,NA,NA,NA,NA,NA,NA,NA,NA
13119001500,139.6364458,35.77641128,NA,NA,NA,NA,NA,NA,NA,NA,NA,NA,NA,NA,NA
13119001600,139.6372354,35.78025504,NA,NA,NA,NA,NA,NA,NA,NA,NA,NA,NA,NA,NA
13119001700,139.6358965,35.78033859,NA,NA,NA,NA,NA,NA,NA,NA,NA,NA,NA,NA,NA
13119001800,139.6399477,35.78334661,NA,NA,NA,NA,NA,NA,NA,NA,NA,NA,NA,NA,NA
13119001900,139.638746,35.78376438,NA,NA,NA,NA,NA,NA,NA,NA,NA,NA,NA,NA,NA
13119002000,139.6407373,35.78510124,NA,NA,NA,NA,NA,NA,NA,NA,NA,NA,NA,NA,NA
13119002100,139.6386087,35.78479488,NA,NA,NA,NA,NA,NA,NA,NA,NA,NA,NA,NA,NA
13119002200,139.6390894,35.78652162,NA,NA,NA,NA,NA,NA,NA,NA,NA,NA,NA,NA,NA
13119002300,139.641115,35.78638237,NA,NA,NA,NA,NA,NA,NA,NA,NA,NA,NA,NA,NA
13119002800,139.6433122,35.78259462,NA,NA,NA,NA,NA,NA,NA,NA,NA,NA,NA,NA,NA
13119002900,139.6442735,35.7745172,NA,NA,NA,NA,NA,NA,NA,NA,NA,NA,NA,NA,NA
13119003000,139.6490457,35.77437792,NA,NA,NA,NA,NA,NA,NA,NA,NA,NA,NA,NA,NA
13119003100,139.6484707,35.77630335,NA,NA,NA,NA,NA,NA,NA,NA,NA,NA,NA,NA,NA
13119003200,139.6496294,35.77972584,NA,NA,NA,NA,NA,NA,NA,NA,NA,NA,NA,NA,NA
13119003300,139.6476467,35.78156758,NA,NA,NA,NA,NA,NA,NA,NA,NA,NA,NA,NA,NA
13119003400,139.6455524,35.78424134,NA,NA,NA,NA,NA,NA,NA,NA,NA,NA,NA,NA,NA
13119003500,139.6482647,35.78399068,NA,NA,NA,NA,NA,NA,NA,NA,NA,NA,NA,NA,NA
13119003600,139.6522536,35.7764412,NA,NA,NA,NA,NA,NA,NA,NA,NA,NA,NA,NA,NA
13119003700,139.6519446,35.77805671,NA,NA,NA,NA,NA,NA,NA,NA,NA,NA,NA,NA,NA
13119003800,139.652082,35.779310099999996,NA,NA,NA,NA,NA,NA,NA,NA,NA,NA,NA,NA,NA
13119003900,139.6513027,35.78112479,NA,NA,NA,NA,NA,NA,NA,NA,NA,NA,NA,NA,NA
13119004000,139.653294,35.78173754,NA,NA,NA,NA,NA,NA,NA,NA,NA,NA,NA,NA,NA
13119004100,139.6520237,35.78315798,NA,NA,NA,NA,NA,NA,NA,NA,NA,NA,NA,NA,NA
13119004200,139.6548046,35.7812362,NA,NA,NA,NA,NA,NA,NA,NA,NA,NA,NA,NA,NA
13119004300,139.6661239,35.77142733,NA,NA,NA,NA,NA,NA,NA,NA,NA,NA,NA,NA,NA
13119004400,139.6638923,35.7717616,NA,NA,NA,NA,NA,NA,NA,NA,NA,NA,NA,NA,NA
13119004500,139.6652656,35.77346077,NA,NA,NA,NA,NA,NA,NA,NA,NA,NA,NA,NA,NA
13119004600,139.661489,35.77298723,NA,NA,NA,NA,NA,NA,NA,NA,NA,NA,NA,NA,NA
13119004700,139.6594291,35.77354434,NA,NA,NA,NA,NA,NA,NA,NA,NA,NA,NA,NA,NA
13119004800,139.6524596,35.77128805,NA,NA,NA,NA,NA,NA,NA,NA,NA,NA,NA,NA,NA
13119004900,139.6539359,35.77298723,NA,NA,NA,NA,NA,NA,NA,NA,NA,NA,NA,NA,NA
13119005000,139.6557212,35.77451925,NA,NA,NA,NA,NA,NA,NA,NA,NA,NA,NA,NA,NA
13119005100,139.6539016,35.77900372,NA,NA,NA,NA,NA,NA,NA,NA,NA,NA,NA,NA,NA
13119005200,139.6565108,35.77864163,NA,NA,NA,NA,NA,NA,NA,NA,NA,NA,NA,NA,NA
13119005300,139.6624846,35.77861377,NA,NA,NA,NA,NA,NA,NA,NA,NA,NA,NA,NA,NA
13119005400,139.6597037,35.77872518,NA,NA,NA,NA,NA,NA,NA,NA,NA,NA,NA,NA,NA
13119005500,139.660871,35.78003427,NA,NA,NA,NA,NA,NA,NA,NA,NA,NA,NA,NA,NA
13119005600,139.6626906,35.78098126,NA,NA,NA,NA,NA,NA,NA,NA,NA,NA,NA,NA,NA
13119005700,139.6586051,35.78073058,NA,NA,NA,NA,NA,NA,NA,NA,NA,NA,NA,NA,NA
13119005800,139.670392,35.77291791,NA,NA,NA,NA,NA,NA,NA,NA,NA,NA,NA,NA,NA
13119005900,139.6728982,35.77634402,NA,NA,NA,NA,NA,NA,NA,NA,NA,NA,NA,NA,NA
13119006000,139.6706901,35.77747178,NA,NA,NA,NA,NA,NA,NA,NA,NA,NA,NA,NA,NA
13119006100,139.6704497,35.77847451,NA,NA,NA,NA,NA,NA,NA,NA,NA,NA,NA,NA,NA
13119006200,139.6682181,35.77755534,NA,NA,NA,NA,NA,NA,NA,NA,NA,NA,NA,NA,NA
13119006300,139.6682525,35.77443569,NA,NA,NA,NA,NA,NA,NA,NA,NA,NA,NA,NA,NA
13119006400,139.6700721,35.77566128,NA,NA,NA,NA,NA,NA,NA,NA,NA,NA,NA,NA,NA
13119006500,139.6736879,35.76776454,NA,NA,NA,NA,NA,NA,NA,NA,NA,NA,NA,NA,NA
13119006600,139.6725892,35.77080089,NA,NA,NA,NA,NA,NA,NA,NA,NA,NA,NA,NA,NA
13119006700,139.6718683,35.76876739,NA,NA,NA,NA,NA,NA,NA,NA,NA,NA,NA,NA,NA
13119006800,139.6692247,35.76907381,NA,NA,NA,NA,NA,NA,NA,NA,NA,NA,NA,NA,NA
13119006900,139.6692933,35.77052233,NA,NA,NA,NA,NA,NA,NA,NA,NA,NA,NA,NA,NA
13119007000,139.675003,35.770569,NA,NA,NA,NA,NA,NA,NA,NA,NA,NA,NA,NA,NA
13119007100,139.6767434,35.77419924,NA,NA,NA,NA,NA,NA,NA,NA,NA,NA,NA,NA,NA
13119007200,139.6745805,35.77367,NA,NA,NA,NA,NA,NA,NA,NA,NA,NA,NA,NA,NA
13119007300,139.6747522,35.7748956,NA,NA,NA,NA,NA,NA,NA,NA,NA,NA,NA,NA,NA
13119007400,139.6803988,35.76675995,NA,NA,NA,NA,NA,NA,NA,NA,NA,NA,NA,NA,NA
13119007500,139.6776361,35.76840525,NA,NA,NA,NA,NA,NA,NA,NA,NA,NA,NA,NA,NA
13119007600,139.6811884,35.76948992,NA,NA,NA,NA,NA,NA,NA,NA,NA,NA,NA,NA,NA
13119007700,139.680314,35.7701602,NA,NA,NA,NA,NA,NA,NA,NA,NA,NA,NA,NA,NA
13119007800,139.6822709,35.77227724,NA,NA,NA,NA,NA,NA,NA,NA,NA,NA,NA,NA,NA
13119007900,139.6824426,35.77380927,NA,NA,NA,NA,NA,NA,NA,NA,NA,NA,NA,NA,NA
13119008000,139.6784257,35.7694638,NA,NA,NA,NA,NA,NA,NA,NA,NA,NA,NA,NA,NA
13119008100,139.6773958,35.77091232,NA,NA,NA,NA,NA,NA,NA,NA,NA,NA,NA,NA,NA
13119008200,139.6774987,35.77216582,NA,NA,NA,NA,NA,NA,NA,NA,NA,NA,NA,NA,NA
13119008300,139.6780481,35.77322432,NA,NA,NA,NA,NA,NA,NA,NA,NA,NA,NA,NA,NA
13119008400,139.678872,35.77464491,NA,NA,NA,NA,NA,NA,NA,NA,NA,NA,NA,NA,NA
13119008500,139.6911674,35.76872194,NA,NA,NA,NA,NA,NA,NA,NA,NA,NA,NA,NA,NA
13119008600,139.6924034,35.7698362,NA,NA,NA,NA,NA,NA,NA,NA,NA,NA,NA,NA,NA
13119008700,139.6944977,35.76941835,NA,NA,NA,NA,NA,NA,NA,NA,NA,NA,NA,NA,NA
13119008800,139.6929871,35.77156327,NA,NA,NA,NA,NA,NA,NA,NA,NA,NA,NA,NA,NA
13119008900,139.6886612,35.7705326,NA,NA,NA,NA,NA,NA,NA,NA,NA,NA,NA,NA,NA
13119009000,139.6894852,35.77164683,NA,NA,NA,NA,NA,NA,NA,NA,NA,NA,NA,NA,NA
13119009100,139.6915794,35.77108972,NA,NA,NA,NA,NA,NA,NA,NA,NA,NA,NA,NA,NA
13119009200,139.6887642,35.77256606,NA,NA,NA,NA,NA,NA,NA,NA,NA,NA,NA,NA,NA
13119009300,139.6898628,35.77356885,NA,NA,NA,NA,NA,NA,NA,NA,NA,NA,NA,NA,NA
13119009400,139.6853711,35.77037696,NA,NA,NA,NA,NA,NA,NA,NA,NA,NA,NA,NA,NA
13119009500,139.6867443,35.77274469,NA,NA,NA,NA,NA,NA,NA,NA,NA,NA,NA,NA,NA
13119009600,139.69841159999999,35.7656298,NA,NA,NA,NA,NA,NA,NA,NA,NA,NA,NA,NA,NA
13119009700,139.7008835,35.76805338,NA,NA,NA,NA,NA,NA,NA,NA,NA,NA,NA,NA,NA
13119009800,139.6978966,35.77030975,NA,NA,NA,NA,NA,NA,NA,NA,NA,NA,NA,NA,NA
13119009900,139.6953217,35.7739031,NA,NA,NA,NA,NA,NA,NA,NA,NA,NA,NA,NA,NA
13119010000,139.6902405,35.775073,NA,NA,NA,NA,NA,NA,NA,NA,NA,NA,NA,NA,NA
13119010100,139.6877743,35.7758087,NA,NA,NA,NA,NA,NA,NA,NA,NA,NA,NA,NA,NA
13119010300,139.6972443,35.77835975,NA,NA,NA,NA,NA,NA,NA,NA,NA,NA,NA,NA,NA
13119010400,139.7000938,35.77888896,NA,NA,NA,NA,NA,NA,NA,NA,NA,NA,NA,NA,NA
13119010500,139.7027031,35.77788624,NA,NA,NA,NA,NA,NA,NA,NA,NA,NA,NA,NA,NA
13119010600,139.6739624,35.75658133,NA,NA,NA,NA,NA,NA,NA,NA,NA,NA,NA,NA,NA
13119010700,139.6789257,35.75750808,NA,NA,NA,NA,NA,NA,NA,NA,NA,NA,NA,NA,NA
13119010800,139.679784,35.75466626,NA,NA,NA,NA,NA,NA,NA,NA,NA,NA,NA,NA,NA
13119010900,139.6895343,35.75806529,NA,NA,NA,NA,NA,NA,NA,NA,NA,NA,NA,NA,NA
13119011000,139.7041599,35.75906826,NA,NA,NA,NA,NA,NA,NA,NA,NA,NA,NA,NA,NA
13119011100,139.7113697,35.76160348,NA,NA,NA,NA,NA,NA,NA,NA,NA,NA,NA,NA,NA
13119011200,139.7201931,35.75469412,NA,NA,NA,NA,NA,NA,NA,NA,NA,NA,NA,NA,NA
13119011300,139.6818858,35.74661532,NA,NA,NA,NA,NA,NA,NA,NA,NA,NA,NA,NA,NA
13119011400,139.6800319,35.74750697,NA,NA,NA,NA,NA,NA,NA,NA,NA,NA,NA,NA,NA
13119011500,139.6778346,35.74714474,NA,NA,NA,NA,NA,NA,NA,NA,NA,NA,NA,NA,NA
13119011600,139.675706,35.74619735,NA,NA,NA,NA,NA,NA,NA,NA,NA,NA,NA,NA,NA
13119011700,139.6833964,35.75026547,NA,NA,NA,NA,NA,NA,NA,NA,NA,NA,NA,NA,NA
13119011800,139.6816798,35.7500147,NA,NA,NA,NA,NA,NA,NA,NA,NA,NA,NA,NA,NA
13119011900,139.6787959,35.74976393,NA,NA,NA,NA,NA,NA,NA,NA,NA,NA,NA,NA,NA
13119012000,139.675294,35.74934598,NA,NA,NA,NA,NA,NA,NA,NA,NA,NA,NA,NA,NA
13119012100,139.6771823,35.75029333,NA,NA,NA,NA,NA,NA,NA,NA,NA,NA,NA,NA,NA
13119012200,139.6764957,35.75316317,NA,NA,NA,NA,NA,NA,NA,NA,NA,NA,NA,NA,NA
13119012300,139.6773613,35.75326581,NA,NA,NA,NA,NA,NA,NA,NA,NA,NA,NA,NA,NA
13119012400,139.686966,35.740913,NA,NA,NA,NA,NA,NA,NA,NA,NA,NA,NA,NA,NA
13119012500,139.685628,35.74250032,NA,NA,NA,NA,NA,NA,NA,NA,NA,NA,NA,NA,NA
13119012600,139.6814052,35.73976942,NA,NA,NA,NA,NA,NA,NA,NA,NA,NA,NA,NA,NA
13119012700,139.6843577,35.74353135,NA,NA,NA,NA,NA,NA,NA,NA,NA,NA,NA,NA,NA
13119012800,139.6835681,35.74483198,NA,NA,NA,NA,NA,NA,NA,NA,NA,NA,NA,NA,NA
13119012900,139.687688,35.74266751,NA,NA,NA,NA,NA,NA,NA,NA,NA,NA,NA,NA,NA
13119013000,139.6909495,35.74871415,NA,NA,NA,NA,NA,NA,NA,NA,NA,NA,NA,NA,NA
13119013100,139.6933796,35.7555021,NA,NA,NA,NA,NA,NA,NA,NA,NA,NA,NA,NA,NA
13119013200,139.6496643,35.7859741,NA,NA,NA,NA,NA,NA,NA,NA,NA,NA,NA,NA,NA
13119013300,139.6506256,35.79304784,NA,NA,NA,NA,NA,NA,NA,NA,NA,NA,NA,NA,NA
13119013400,139.6876999,35.79456869,NA,NA,NA,NA,NA,NA,NA,NA,NA,NA,NA,NA,NA
13119013500,139.6395013,35.78496198,NA,NA,NA,NA,NA,NA,NA,NA,NA,NA,NA,NA,NA
13119013900,139.6468141,35.77930804,NA,NA,NA,NA,NA,NA,NA,NA,NA,NA,NA,NA,NA
13119014000,139.6488397,35.77978154,NA,NA,NA,NA,NA,NA,NA,NA,NA,NA,NA,NA,NA
13119014100,139.647578,35.78014711,NA,NA,NA,NA,NA,NA,NA,NA,NA,NA,NA,NA,NA
13119014200,139.6481617,35.78315513,NA,NA,NA,NA,NA,NA,NA,NA,NA,NA,NA,NA,NA
13119014300,139.6480587,35.78490976,NA,NA,NA,NA,NA,NA,NA,NA,NA,NA,NA,NA,NA
13119014400,139.66118,35.77833524,NA,NA,NA,NA,NA,NA,NA,NA,NA,NA,NA,NA,NA
13119014500,139.6744775,35.77634402,NA,NA,NA,NA,NA,NA,NA,NA,NA,NA,NA,NA,NA
13119014600,139.6691108,35.77830739,NA,NA,NA,NA,NA,NA,NA,NA,NA,NA,NA,NA,NA
13119014700,139.66941979999999,35.77875304,NA,NA,NA,NA,NA,NA,NA,NA,NA,NA,NA,NA,NA
13119014800,139.6686645,35.77847451,NA,NA,NA,NA,NA,NA,NA,NA,NA,NA,NA,NA,NA
13119014900,139.6708383,35.7690181,NA,NA,NA,NA,NA,NA,NA,NA,NA,NA,NA,NA,NA
13119015000,139.6814813,35.7723051,NA,NA,NA,NA,NA,NA,NA,NA,NA,NA,NA,NA,NA
13119015100,139.6782541,35.77124659,NA,NA,NA,NA,NA,NA,NA,NA,NA,NA,NA,NA,NA
13119015200,139.6768121,35.77308504,NA,NA,NA,NA,NA,NA,NA,NA,NA,NA,NA,NA,NA
13119015300,139.6764344,35.77266722,NA,NA,NA,NA,NA,NA,NA,NA,NA,NA,NA,NA,NA
13119015400,139.6904465,35.77103401,NA,NA,NA,NA,NA,NA,NA,NA,NA,NA,NA,NA,NA
13119015500,139.686298,35.77001483,NA,NA,NA,NA,NA,NA,NA,NA,NA,NA,NA,NA,NA
13119015700,139.6888386,35.77525162,NA,NA,NA,NA,NA,NA,NA,NA,NA,NA,NA,NA,NA
13119015800,139.6855427,35.77603154,NA,NA,NA,NA,NA,NA,NA,NA,NA,NA,NA,NA,NA
13119015900,139.6869503,35.77636578,NA,NA,NA,NA,NA,NA,NA,NA,NA,NA,NA,NA,NA
13119016100,139.69412,35.77822048,NA,NA,NA,NA,NA,NA,NA,NA,NA,NA,NA,NA,NA
13119016200,139.6986862,35.7788054,NA,NA,NA,NA,NA,NA,NA,NA,NA,NA,NA,NA,NA
13119016300,139.6989609,35.78036516,NA,NA,NA,NA,NA,NA,NA,NA,NA,NA,NA,NA,NA
13119016400,139.7068721,35.75617077,NA,NA,NA,NA,NA,NA,NA,NA,NA,NA,NA,NA,NA
13119016500,139.7099964,35.75271592,NA,NA,NA,NA,NA,NA,NA,NA,NA,NA,NA,NA,NA
13119016600,139.6744014,35.74728406,NA,NA,NA,NA,NA,NA,NA,NA,NA,NA,NA,NA,NA
13119016700,139.6756447,35.75348871,NA,NA,NA,NA,NA,NA,NA,NA,NA,NA,NA,NA,NA
13119016800,139.6661438,35.78978954,NA,NA,NA,NA,NA,NA,NA,NA,NA,NA,NA,NA,NA
13119016900,139.6454408,35.77682909,NA,NA,NA,NA,NA,NA,NA,NA,NA,NA,NA,NA,NA
13119017000,139.7103054,35.75625435,NA,NA,NA,NA,NA,NA,NA,NA,NA,NA,NA,NA,NA
13119017100,139.6984951,35.7582046,NA,NA,NA,NA,NA,NA,NA,NA,NA,NA,NA,NA,NA
13119017200,139.7003833,35.7555021,NA,NA,NA,NA,NA,NA,NA,NA,NA,NA,NA,NA,NA
13119017300,139.7138416,35.74653027,NA,NA,NA,NA,NA,NA,NA,NA,NA,NA,NA,NA,NA
13119017400,139.7205021,35.74764484,NA,NA,NA,NA,NA,NA,NA,NA,NA,NA,NA,NA,NA
13119017500,139.6807991,35.78582407,NA,NA,NA,NA,NA,NA,NA,NA,NA,NA,NA,NA,NA
13119017600,139.6774497,35.78613043,NA,NA,NA,NA,NA,NA,NA,NA,NA,NA,NA,NA,NA
13119017700,139.6904225,35.7505636,NA,NA,NA,NA,NA,NA,NA,NA,NA,NA,NA,NA,NA
13119017800,139.6894731,35.74431447,NA,NA,NA,NA,NA,NA,NA,NA,NA,NA,NA,NA,NA
13120000200,139.5771344,35.76533944,NA,NA,NA,NA,NA,NA,NA,NA,NA,NA,NA,NA,NA
13120000300,139.5826962,35.76414155,NA,NA,NA,NA,NA,NA,NA,NA,NA,NA,NA,NA,NA
13120000400,139.5871937,35.76344509,NA,NA,NA,NA,NA,NA,NA,NA,NA,NA,NA,NA,NA
13120000500,139.5893567,35.7636401,NA,NA,NA,NA,NA,NA,NA,NA,NA,NA,NA,NA,NA
13120000600,139.5997269,35.7575946,NA,NA,NA,NA,NA,NA,NA,NA,NA,NA,NA,NA,NA
13120000700,139.5919678,35.75564398,NA,NA,NA,NA,NA,NA,NA,NA,NA,NA,NA,NA,NA
13120000800,139.5951607,35.75851399,NA,NA,NA,NA,NA,NA,NA,NA,NA,NA,NA,NA,NA
13120000900,139.5963624,35.76408583,NA,NA,NA,NA,NA,NA,NA,NA,NA,NA,NA,NA,NA
13120001000,139.5996239,35.76386297,NA,NA,NA,NA,NA,NA,NA,NA,NA,NA,NA,NA,NA
13120001100,139.6099236,35.76971265,NA,NA,NA,NA,NA,NA,NA,NA,NA,NA,NA,NA,NA
13120001300,139.6026108,35.76826411,NA,NA,NA,NA,NA,NA,NA,NA,NA,NA,NA,NA,NA
13120001500,139.6020615,35.76230288,NA,NA,NA,NA,NA,NA,NA,NA,NA,NA,NA,NA,NA
13120001600,139.6025422,35.764754430000004,NA,NA,NA,NA,NA,NA,NA,NA,NA,NA,NA,NA,NA
13120001700,139.6058037,35.76442013,NA,NA,NA,NA,NA,NA,NA,NA,NA,NA,NA,NA,NA
13120001800,139.6059067,35.76787411,NA,NA,NA,NA,NA,NA,NA,NA,NA,NA,NA,NA,NA
13120002000,139.59831930000001,35.7636401,NA,NA,NA,NA,NA,NA,NA,NA,NA,NA,NA,NA,NA
13120002100,139.5971863,35.76545087,NA,NA,NA,NA,NA,NA,NA,NA,NA,NA,NA,NA,NA
13120002200,139.6028512,35.75923835,NA,NA,NA,NA,NA,NA,NA,NA,NA,NA,NA,NA,NA
13120002300,139.579718,35.74674124,NA,NA,NA,NA,NA,NA,NA,NA,NA,NA,NA,NA,NA
13120002400,139.5829452,35.75231391,NA,NA,NA,NA,NA,NA,NA,NA,NA,NA,NA,NA,NA
13120002500,139.5831512,35.75167308,NA,NA,NA,NA,NA,NA,NA,NA,NA,NA,NA,NA,NA
13120002600,139.5841812,35.75248109,NA,NA,NA,NA,NA,NA,NA,NA,NA,NA,NA,NA,NA
13120002800,139.5967744,35.75441808,NA,NA,NA,NA,NA,NA,NA,NA,NA,NA,NA,NA,NA
13120002900,139.5911858,35.75242004,NA,NA,NA,NA,NA,NA,NA,NA,NA,NA,NA,NA,NA
13120003000,139.5735725,35.74389903,NA,NA,NA,NA,NA,NA,NA,NA,NA,NA,NA,NA,NA
13120003100,139.5752548,35.74727066,NA,NA,NA,NA,NA,NA,NA,NA,NA,NA,NA,NA,NA
13120003600,139.5663971,35.72631408,NA,NA,NA,NA,NA,NA,NA,NA,NA,NA,NA,NA,NA
13120003700,139.5701736,35.72943562,NA,NA,NA,NA,NA,NA,NA,NA,NA,NA,NA,NA,NA
13120003800,139.5691093,35.72575664,NA,NA,NA,NA,NA,NA,NA,NA,NA,NA,NA,NA,NA
13120004200,139.5746712,35.72885034,NA,NA,NA,NA,NA,NA,NA,NA,NA,NA,NA,NA,NA
13120004300,139.5684227,35.72885034,NA,NA,NA,NA,NA,NA,NA,NA,NA,NA,NA,NA,NA
13120004500,139.5927615,35.732401,NA,NA,NA,NA,NA,NA,NA,NA,NA,NA,NA,NA,NA
13120004900,139.5878204,35.72344326,NA,NA,NA,NA,NA,NA,NA,NA,NA,NA,NA,NA,NA
13120005000,139.5958224,35.73608288,NA,NA,NA,NA,NA,NA,NA,NA,NA,NA,NA,NA,NA
13120005600,139.596818,35.73934338,NA,NA,NA,NA,NA,NA,NA,NA,NA,NA,NA,NA,NA
13120005700,139.5870967,35.73256821,NA,NA,NA,NA,NA,NA,NA,NA,NA,NA,NA,NA,NA
13120005800,139.578791,35.73024386,NA,NA,NA,NA,NA,NA,NA,NA,NA,NA,NA,NA,NA
13120005900,139.6014872,35.73402062,NA,NA,NA,NA,NA,NA,NA,NA,NA,NA,NA,NA,NA
13120006000,139.6059847,35.73457799,NA,NA,NA,NA,NA,NA,NA,NA,NA,NA,NA,NA,NA
13120006100,139.6046801,35.73271077,NA,NA,NA,NA,NA,NA,NA,NA,NA,NA,NA,NA,NA
13120006200,139.6128056,35.7411269,NA,NA,NA,NA,NA,NA,NA,NA,NA,NA,NA,NA,NA
13120006400,139.6020365,35.73797788,NA,NA,NA,NA,NA,NA,NA,NA,NA,NA,NA,NA,NA
13120006800,139.6060534,35.7412383,NA,NA,NA,NA,NA,NA,NA,NA,NA,NA,NA,NA,NA
13120006900,139.607049,35.74299386,NA,NA,NA,NA,NA,NA,NA,NA,NA,NA,NA,NA,NA
13120007000,139.6128419,35.76804125,NA,NA,NA,NA,NA,NA,NA,NA,NA,NA,NA,NA,NA
13120007200,139.636788,35.74611723,NA,NA,NA,NA,NA,NA,NA,NA,NA,NA,NA,NA,NA
13120007300,139.6302749,35.74707284,NA,NA,NA,NA,NA,NA,NA,NA,NA,NA,NA,NA,NA
13120007400,139.6270604,35.77399357,NA,NA,NA,NA,NA,NA,NA,NA,NA,NA,NA,NA,NA
13120007500,139.6261678,35.77708539,NA,NA,NA,NA,NA,NA,NA,NA,NA,NA,NA,NA,NA
13120007600,139.6156208,35.74059744,NA,NA,NA,NA,NA,NA,NA,NA,NA,NA,NA,NA,NA
13120007800,139.6162388,35.74279886,NA,NA,NA,NA,NA,NA,NA,NA,NA,NA,NA,NA,NA
13120007900,139.6190884,35.74853898,NA,NA,NA,NA,NA,NA,NA,NA,NA,NA,NA,NA,NA
13120008000,139.6113636,35.73828449,NA,NA,NA,NA,NA,NA,NA,NA,NA,NA,NA,NA,NA
13120008100,139.608182,35.73725333,NA,NA,NA,NA,NA,NA,NA,NA,NA,NA,NA,NA,NA
13120008200,139.6192257,35.73836809,NA,NA,NA,NA,NA,NA,NA,NA,NA,NA,NA,NA,NA
13120008300,139.6087656,35.73914831,NA,NA,NA,NA,NA,NA,NA,NA,NA,NA,NA,NA,NA
13120008400,139.6208736,35.73914837,NA,NA,NA,NA,NA,NA,NA,NA,NA,NA,NA,NA,NA
13120008500,139.6223499,35.7447773,NA,NA,NA,NA,NA,NA,NA,NA,NA,NA,NA,NA,NA
13120008600,139.6206333,35.74207435,NA,NA,NA,NA,NA,NA,NA,NA,NA,NA,NA,NA,NA
13120008700,139.6110546,35.7407089,NA,NA,NA,NA,NA,NA,NA,NA,NA,NA,NA,NA,NA
13120008800,139.6334734,35.73681426,NA,NA,NA,NA,NA,NA,NA,NA,NA,NA,NA,NA,NA
13120008900,139.6368036,35.73993539,NA,NA,NA,NA,NA,NA,NA,NA,NA,NA,NA,NA,NA
13120009100,139.633851,35.74043699,NA,NA,NA,NA,NA,NA,NA,NA,NA,NA,NA,NA,NA
13120009300,139.6295595,35.73642411,NA,NA,NA,NA,NA,NA,NA,NA,NA,NA,NA,NA,NA
13120009400,139.6271906,35.74341865,NA,NA,NA,NA,NA,NA,NA,NA,NA,NA,NA,NA,NA
13120009500,139.636117,35.74152378,NA,NA,NA,NA,NA,NA,NA,NA,NA,NA,NA,NA,NA
13120009800,139.6398092,35.74706462,NA,NA,NA,NA,NA,NA,NA,NA,NA,NA,NA,NA,NA
13120010000,139.661941,35.75106414,NA,NA,NA,NA,NA,NA,NA,NA,NA,NA,NA,NA,NA
13120010100,139.6525683,35.74844499,NA,NA,NA,NA,NA,NA,NA,NA,NA,NA,NA,NA,NA
13120010200,139.6520189,35.74568643,NA,NA,NA,NA,NA,NA,NA,NA,NA,NA,NA,NA,NA
13120010300,139.6658902,35.75998138,NA,NA,NA,NA,NA,NA,NA,NA,NA,NA,NA,NA,NA
13120010400,139.6674685,35.75675087,NA,NA,NA,NA,NA,NA,NA,NA,NA,NA,NA,NA,NA
13120010500,139.6675715,35.7554414,NA,NA,NA,NA,NA,NA,NA,NA,NA,NA,NA,NA,NA
13120010600,139.6679491,35.75792101,NA,NA,NA,NA,NA,NA,NA,NA,NA,NA,NA,NA,NA
13120010700,139.6733736,35.75315674,NA,NA,NA,NA,NA,NA,NA,NA,NA,NA,NA,NA,NA
13120010800,139.6531301,35.74299634,NA,NA,NA,NA,NA,NA,NA,NA,NA,NA,NA,NA,NA
13120011200,139.6654429,35.74554712,NA,NA,NA,NA,NA,NA,NA,NA,NA,NA,NA,NA,NA
13120011300,139.66225,35.74755335,NA,NA,NA,NA,NA,NA,NA,NA,NA,NA,NA,NA,NA
13120011400,139.6583018,35.74844499,NA,NA,NA,NA,NA,NA,NA,NA,NA,NA,NA,NA,NA
13120011600,139.67833,35.74126865,NA,NA,NA,NA,NA,NA,NA,NA,NA,NA,NA,NA,NA
13120011700,139.6726308,35.73809183,NA,NA,NA,NA,NA,NA,NA,NA,NA,NA,NA,NA,NA
13120011800,139.6760859,35.74359656,NA,NA,NA,NA,NA,NA,NA,NA,NA,NA,NA,NA,NA
13120011900,139.6748842,35.74231474,NA,NA,NA,NA,NA,NA,NA,NA,NA,NA,NA,NA,NA
13120012000,139.6473182,35.7279641,NA,NA,NA,NA,NA,NA,NA,NA,NA,NA,NA,NA,NA
13120012200,139.6448635,35.72898138,NA,NA,NA,NA,NA,NA,NA,NA,NA,NA,NA,NA,NA
13120012300,139.6566706,35.7293437,NA,NA,NA,NA,NA,NA,NA,NA,NA,NA,NA,NA,NA
13120012600,139.6535806,35.72669596,NA,NA,NA,NA,NA,NA,NA,NA,NA,NA,NA,NA,NA
13120012700,139.6505251,35.72902318,NA,NA,NA,NA,NA,NA,NA,NA,NA,NA,NA,NA,NA
13120012800,139.665527,35.734074,NA,NA,NA,NA,NA,NA,NA,NA,NA,NA,NA,NA,NA
13120012900,139.6725153,35.75546926,NA,NA,NA,NA,NA,NA,NA,NA,NA,NA,NA,NA,NA
13120013000,139.6458275,35.74255871,NA,NA,NA,NA,NA,NA,NA,NA,NA,NA,NA,NA,NA
13120014300,139.6597437,35.75106414,NA,NA,NA,NA,NA,NA,NA,NA,NA,NA,NA,NA,NA
13120014600,139.5759071,35.72595174,NA,NA,NA,NA,NA,NA,NA,NA,NA,NA,NA,NA,NA
13120014800,139.5904229,35.75597831,NA,NA,NA,NA,NA,NA,NA,NA,NA,NA,NA,NA,NA
13120014900,139.6094086,35.76553409,NA,NA,NA,NA,NA,NA,NA,NA,NA,NA,NA,NA,NA
13120015000,139.5999673,35.75929407,NA,NA,NA,NA,NA,NA,NA,NA,NA,NA,NA,NA,NA
13120015100,139.5844902,35.75482149,NA,NA,NA,NA,NA,NA,NA,NA,NA,NA,NA,NA,NA
13120015200,139.662674,35.730206,NA,NA,NA,NA,NA,NA,NA,NA,NA,NA,NA,NA,NA
13120015300,139.6792444,35.74287205,NA,NA,NA,NA,NA,NA,NA,NA,NA,NA,NA,NA,NA
13120015400,139.5902169,35.75333147,NA,NA,NA,NA,NA,NA,NA,NA,NA,NA,NA,NA,NA
13120015500,139.5986626,35.75583901,NA,NA,NA,NA,NA,NA,NA,NA,NA,NA,NA,NA,NA
13121000100,139.7608857,35.76843606,NA,NA,NA,NA,NA,NA,NA,NA,NA,NA,NA,NA,NA
13121000200,139.7688769,35.81459542,NA,NA,NA,NA,NA,NA,NA,NA,NA,NA,NA,NA,NA
13121000300,139.7649973,35.81133801,NA,NA,NA,NA,NA,NA,NA,NA,NA,NA,NA,NA,NA
13121000400,139.7649973,35.81133801,NA,NA,NA,NA,NA,NA,NA,NA,NA,NA,NA,NA,NA
13121000500,139.7840174,35.80502144,NA,NA,NA,NA,NA,NA,NA,NA,NA,NA,NA,NA,NA
13121001000,139.7921198,35.80179149,NA,NA,NA,NA,NA,NA,NA,NA,NA,NA,NA,NA,NA
13121001001,139.7927035,35.80117889,NA,NA,NA,NA,NA,NA,NA,NA,NA,NA,NA,NA,NA
13121001002,139.7918108,35.8014295,NA,NA,NA,NA,NA,NA,NA,NA,NA,NA,NA,NA,NA
13121001003,139.7927035,35.8017358,NA,NA,NA,NA,NA,NA,NA,NA,NA,NA,NA,NA,NA
13121001100,139.7884806,35.80524419,NA,NA,NA,NA,NA,NA,NA,NA,NA,NA,NA,NA,NA
13121001200,139.785219,35.80571754,NA,NA,NA,NA,NA,NA,NA,NA,NA,NA,NA,NA,NA
13121001300,139.7867297,35.80310019,NA,NA,NA,NA,NA,NA,NA,NA,NA,NA,NA,NA,NA
13121001400,139.7863177,35.8002043,NA,NA,NA,NA,NA,NA,NA,NA,NA,NA,NA,NA,NA
13121001600,139.7843951,35.7951084,NA,NA,NA,NA,NA,NA,NA,NA,NA,NA,NA,NA,NA
13121001700,139.7819918,35.79499701,NA,NA,NA,NA,NA,NA,NA,NA,NA,NA,NA,NA,NA
13121001800,139.7950037,35.79705769,NA,NA,NA,NA,NA,NA,NA,NA,NA,NA,NA,NA,NA
13121001900,139.7989863,35.80440887,NA,NA,NA,NA,NA,NA,NA,NA,NA,NA,NA,NA,NA
13121002000,139.8026942,35.807945,NA,NA,NA,NA,NA,NA,NA,NA,NA,NA,NA,NA,NA
13121002100,139.8114489,35.80761089,NA,NA,NA,NA,NA,NA,NA,NA,NA,NA,NA,NA,NA
13121002200,139.8127535,35.80788932,NA,NA,NA,NA,NA,NA,NA,NA,NA,NA,NA,NA,NA
13121002300,139.8196735,35.8096434,NA,NA,NA,NA,NA,NA,NA,NA,NA,NA,NA,NA,NA
13121002400,139.848298,35.77906669,NA,NA,NA,NA,NA,NA,NA,NA,NA,NA,NA,NA,NA
13121002500,139.7855706,35.76612391,NA,NA,NA,NA,NA,NA,NA,NA,NA,NA,NA,NA,NA
13121002600,139.7764726,35.77871452,NA,NA,NA,NA,NA,NA,NA,NA,NA,NA,NA,NA,NA
13121002700,139.7714601,35.78278098,NA,NA,NA,NA,NA,NA,NA,NA,NA,NA,NA,NA,NA
13121002800,139.7826785,35.80516066,NA,NA,NA,NA,NA,NA,NA,NA,NA,NA,NA,NA,NA
13122000100,139.8501105,35.78187029,NA,NA,NA,NA,NA,NA,NA,NA,NA,NA,NA,NA,NA
13122000200,139.8760904,35.76204366,NA,NA,NA,NA,NA,NA,NA,NA,NA,NA,NA,NA,NA
13122000400,139.8720469,35.75711587,NA,NA,NA,NA,NA,NA,NA,NA,NA,NA,NA,NA,NA
13122000500,139.8696093,35.75812292,NA,NA,NA,NA,NA,NA,NA,NA,NA,NA,NA,NA,NA
13122000600,139.8751712,35.75831794,NA,NA,NA,NA,NA,NA,NA,NA,NA,NA,NA,NA,NA
13122000700,139.8654895,35.75452885,NA,NA,NA,NA,NA,NA,NA,NA,NA,NA,NA,NA,NA
13122000800,139.855644,35.75541297,NA,NA,NA,NA,NA,NA,NA,NA,NA,NA,NA,NA,NA
13122001000,139.8672747,35.75575476,NA,NA,NA,NA,NA,NA,NA,NA,NA,NA,NA,NA,NA
13122001100,139.8567598,35.73976267,NA,NA,NA,NA,NA,NA,NA,NA,NA,NA,NA,NA,NA
13122001200,139.8573262,35.7394004,NA,NA,NA,NA,NA,NA,NA,NA,NA,NA,NA,NA,NA
13122001300,139.8576352,35.73979054,NA,NA,NA,NA,NA,NA,NA,NA,NA,NA,NA,NA,NA
13122001400,139.8341544,35.73452287,NA,NA,NA,NA,NA,NA,NA,NA,NA,NA,NA,NA,NA
13122001500,139.8833385,35.75546786,NA,NA,NA,NA,NA,NA,NA,NA,NA,NA,NA,NA,NA
13122001700,139.8379285,35.75715428,NA,NA,NA,NA,NA,NA,NA,NA,NA,NA,NA,NA,NA
13122001800,139.8772234,35.77569338,NA,NA,NA,NA,NA,NA,NA,NA,NA,NA,NA,NA,NA
13122001900,139.8635132,35.72651646,NA,NA,NA,NA,NA,NA,NA,NA,NA,NA,NA,NA,NA
13122002000,139.8751025,35.75781646,NA,NA,NA,NA,NA,NA,NA,NA,NA,NA,NA,NA,NA
13122002100,139.8779444,35.75842191,NA,NA,NA,NA,NA,NA,NA,NA,NA,NA,NA,NA,NA
13122002200,139.8620275,35.73322804,NA,NA,NA,NA,NA,NA,NA,NA,NA,NA,NA,NA,NA
13122002300,139.8625418,35.73306014,NA,NA,NA,NA,NA,NA,NA,NA,NA,NA,NA,NA,NA
13122002400,139.8597272,35.73077553,NA,NA,NA,NA,NA,NA,NA,NA,NA,NA,NA,NA,NA
13122002500,139.8589376,35.73010665,NA,NA,NA,NA,NA,NA,NA,NA,NA,NA,NA,NA,NA
13122002700,139.8505285,35.76127755,NA,NA,NA,NA,NA,NA,NA,NA,NA,NA,NA,NA,NA
13122002800,139.8554036,35.73973481,NA,NA,NA,NA,NA,NA,NA,NA,NA,NA,NA,NA,NA
13122002900,139.8688596,35.73291592,NA,NA,NA,NA,NA,NA,NA,NA,NA,NA,NA,NA,NA
13123000100,139.8887425,35.74357206,NA,NA,NA,NA,NA,NA,NA,NA,NA,NA,NA,NA,NA
13123000200,139.8803598,35.72272547,NA,NA,NA,NA,NA,NA,NA,NA,NA,NA,NA,NA,NA
13123000300,139.8724633,35.72186394,NA,NA,NA,NA,NA,NA,NA,NA,NA,NA,NA,NA,NA
13123000400,139.8632861,35.70392375,NA,NA,NA,NA,NA,NA,NA,NA,NA,NA,NA,NA,NA
13123000500,139.8615706,35.71225984,NA,NA,NA,NA,NA,NA,NA,NA,NA,NA,NA,NA,NA
13123000600,139.8674684,35.70924599,NA,NA,NA,NA,NA,NA,NA,NA,NA,NA,NA,NA,NA
13123000700,139.8658142,35.69994451,NA,NA,NA,NA,NA,NA,NA,NA,NA,NA,NA,NA,NA
13123000800,139.8804834,35.69609182,NA,NA,NA,NA,NA,NA,NA,NA,NA,NA,NA,NA,NA
13123000900,139.9007662,35.70897315,NA,NA,NA,NA,NA,NA,NA,NA,NA,NA,NA,NA,NA
13123001000,139.8916586,35.69987061,NA,NA,NA,NA,NA,NA,NA,NA,NA,NA,NA,NA,NA
13123001100,139.8895971,35.69436818,NA,NA,NA,NA,NA,NA,NA,NA,NA,NA,NA,NA,NA
13123001200,139.8821059,35.66823881,NA,NA,NA,NA,NA,NA,NA,NA,NA,NA,NA,NA,NA
13201000100,139.183995,35.68013177,NA,NA,NA,NA,NA,NA,NA,NA,NA,NA,NA,NA,NA
13201000200,139.195153,35.67664574,NA,NA,NA,NA,NA,NA,NA,NA,NA,NA,NA,NA,NA
13201000300,139.2118666,35.67152417,NA,NA,NA,NA,NA,NA,NA,NA,NA,NA,NA,NA,NA
13201000400,139.2160723,35.67110581,NA,NA,NA,NA,NA,NA,NA,NA,NA,NA,NA,NA,NA
13201000500,139.2177889,35.67333704,NA,NA,NA,NA,NA,NA,NA,NA,NA,NA,NA,NA,NA
13201000600,139.2217839,35.67653165,NA,NA,NA,NA,NA,NA,NA,NA,NA,NA,NA,NA,NA
13201000700,139.1927497,35.66590782,NA,NA,NA,NA,NA,NA,NA,NA,NA,NA,NA,NA,NA
13201000800,139.2041418,35.66901397,NA,NA,NA,NA,NA,NA,NA,NA,NA,NA,NA,NA,NA
13201000900,139.191907,35.65450908,NA,NA,NA,NA,NA,NA,NA,NA,NA,NA,NA,NA,NA
13201001000,139.1851264,35.64600017,NA,NA,NA,NA,NA,NA,NA,NA,NA,NA,NA,NA,NA
13201001100,139.2269338,35.67290601,NA,NA,NA,NA,NA,NA,NA,NA,NA,NA,NA,NA,NA
13201001200,139.2327703,35.67262711,NA,NA,NA,NA,NA,NA,NA,NA,NA,NA,NA,NA,NA
13201001300,139.2343552,35.67913575,NA,NA,NA,NA,NA,NA,NA,NA,NA,NA,NA,NA,NA
13201001400,139.2467685,35.67773594,NA,NA,NA,NA,NA,NA,NA,NA,NA,NA,NA,NA,NA
13201001500,139.2599803,35.70302121,NA,NA,NA,NA,NA,NA,NA,NA,NA,NA,NA,NA,NA
13201001600,139.2541438,35.70309091,NA,NA,NA,NA,NA,NA,NA,NA,NA,NA,NA,NA,NA
13201001700,139.258407,35.70053845,NA,NA,NA,NA,NA,NA,NA,NA,NA,NA,NA,NA,NA
13201001800,139.2651541,35.69673721,NA,NA,NA,NA,NA,NA,NA,NA,NA,NA,NA,NA,NA
13201001900,139.2682011,35.69471575,NA,NA,NA,NA,NA,NA,NA,NA,NA,NA,NA,NA,NA
13201002000,139.2625268,35.69984144,NA,NA,NA,NA,NA,NA,NA,NA,NA,NA,NA,NA,NA
13201002100,139.261182,35.69901341,NA,NA,NA,NA,NA,NA,NA,NA,NA,NA,NA,NA,NA
13201002200,139.2633517,35.69844495,NA,NA,NA,NA,NA,NA,NA,NA,NA,NA,NA,NA,NA
13201002300,139.2766694,35.69798164,NA,NA,NA,NA,NA,NA,NA,NA,NA,NA,NA,NA,NA
13201002400,139.2727302,35.69212923,NA,NA,NA,NA,NA,NA,NA,NA,NA,NA,NA,NA,NA
13201002500,139.279116,35.68945238,NA,NA,NA,NA,NA,NA,NA,NA,NA,NA,NA,NA,NA
13201002600,139.2771064,35.69202811,NA,NA,NA,NA,NA,NA,NA,NA,NA,NA,NA,NA,NA
13201002700,139.2830657,35.68929199,NA,NA,NA,NA,NA,NA,NA,NA,NA,NA,NA,NA,NA
13201002800,139.28237910000001,35.68737492,NA,NA,NA,NA,NA,NA,NA,NA,NA,NA,NA,NA,NA
13201002900,139.2883443,35.68761891,NA,NA,NA,NA,NA,NA,NA,NA,NA,NA,NA,NA,NA
13201003000,139.2902326,35.68758405,NA,NA,NA,NA,NA,NA,NA,NA,NA,NA,NA,NA,NA
13201003100,139.2998027,35.68496979,NA,NA,NA,NA,NA,NA,NA,NA,NA,NA,NA,NA,NA
13201003200,139.291799,35.69335256,NA,NA,NA,NA,NA,NA,NA,NA,NA,NA,NA,NA,NA
13201003400,139.314106,35.68406912,NA,NA,NA,NA,NA,NA,NA,NA,NA,NA,NA,NA,NA
13201003500,139.2545397,35.67707478,NA,NA,NA,NA,NA,NA,NA,NA,NA,NA,NA,NA,NA
13201003600,139.2565997,35.67386752,NA,NA,NA,NA,NA,NA,NA,NA,NA,NA,NA,NA,NA
13201003700,139.2635348,35.67687956,NA,NA,NA,NA,NA,NA,NA,NA,NA,NA,NA,NA,NA
13201003800,139.2437251,35.66569538,NA,NA,NA,NA,NA,NA,NA,NA,NA,NA,NA,NA,NA
13201004000,139.2542994,35.66625324,NA,NA,NA,NA,NA,NA,NA,NA,NA,NA,NA,NA,NA
13201004100,139.2624362,35.67040911,NA,NA,NA,NA,NA,NA,NA,NA,NA,NA,NA,NA,NA
13201004200,139.253375,35.65333468,NA,NA,NA,NA,NA,NA,NA,NA,NA,NA,NA,NA,NA
13201004300,139.2708132,35.68511329,NA,NA,NA,NA,NA,NA,NA,NA,NA,NA,NA,NA,NA
13201004400,139.2732852,35.68522483,NA,NA,NA,NA,NA,NA,NA,NA,NA,NA,NA,NA,NA
13201004500,139.2723925,35.67914549,NA,NA,NA,NA,NA,NA,NA,NA,NA,NA,NA,NA,NA
13201004600,139.2671282,35.67242441,NA,NA,NA,NA,NA,NA,NA,NA,NA,NA,NA,NA,NA
13201004700,139.2917233,35.70622483,NA,NA,NA,NA,NA,NA,NA,NA,NA,NA,NA,NA,NA
13201004800,139.2950792,35.70247508,NA,NA,NA,NA,NA,NA,NA,NA,NA,NA,NA,NA,NA
13201004900,139.2991133,35.70386209,NA,NA,NA,NA,NA,NA,NA,NA,NA,NA,NA,NA,NA
13201005100,139.3063145,35.71147975,NA,NA,NA,NA,NA,NA,NA,NA,NA,NA,NA,NA,NA
13201005200,139.3031817,35.71196759,NA,NA,NA,NA,NA,NA,NA,NA,NA,NA,NA,NA,NA
13201005300,139.3189058,35.7127551,NA,NA,NA,NA,NA,NA,NA,NA,NA,NA,NA,NA,NA
13201005500,139.3300638,35.69914337,NA,NA,NA,NA,NA,NA,NA,NA,NA,NA,NA,NA,NA
13201005600,139.3102284,35.70400149,NA,NA,NA,NA,NA,NA,NA,NA,NA,NA,NA,NA,NA
13201005700,139.3219957,35.69569302,NA,NA,NA,NA,NA,NA,NA,NA,NA,NA,NA,NA,NA
13201005800,139.3307204,35.68966714,NA,NA,NA,NA,NA,NA,NA,NA,NA,NA,NA,NA,NA
13201005900,139.3325618,35.68865316,NA,NA,NA,NA,NA,NA,NA,NA,NA,NA,NA,NA,NA
13201006000,139.3422603,35.69330272,NA,NA,NA,NA,NA,NA,NA,NA,NA,NA,NA,NA,NA
13201006100,139.3429731,35.69216581,NA,NA,NA,NA,NA,NA,NA,NA,NA,NA,NA,NA,NA
13201006200,139.3453159,35.69182491,NA,NA,NA,NA,NA,NA,NA,NA,NA,NA,NA,NA,NA
13201006300,139.3446979,35.69062591,NA,NA,NA,NA,NA,NA,NA,NA,NA,NA,NA,NA,NA
13201006400,139.341402,35.69015188,NA,NA,NA,NA,NA,NA,NA,NA,NA,NA,NA,NA,NA
13201006500,139.3346896,35.69632514,NA,NA,NA,NA,NA,NA,NA,NA,NA,NA,NA,NA,NA
13201006600,139.336531,35.69490568,NA,NA,NA,NA,NA,NA,NA,NA,NA,NA,NA,NA,NA
13201006700,139.3353138,35.69371433,NA,NA,NA,NA,NA,NA,NA,NA,NA,NA,NA,NA,NA
13201006800,139.3390591,35.69417059,NA,NA,NA,NA,NA,NA,NA,NA,NA,NA,NA,NA,NA
13201006900,139.3400205,35.69342056,NA,NA,NA,NA,NA,NA,NA,NA,NA,NA,NA,NA,NA
13201007000,139.3455499,35.67810322,NA,NA,NA,NA,NA,NA,NA,NA,NA,NA,NA,NA,NA
13201007100,139.350148,35.6870428,NA,NA,NA,NA,NA,NA,NA,NA,NA,NA,NA,NA,NA
13201007301,139.3537896,35.68909784,NA,NA,NA,NA,NA,NA,NA,NA,NA,NA,NA,NA,NA
13201007302,139.3560972,35.68854243,NA,NA,NA,NA,NA,NA,NA,NA,NA,NA,NA,NA,NA
13201007303,139.3581068,35.68995802,NA,NA,NA,NA,NA,NA,NA,NA,NA,NA,NA,NA,NA
13201007304,139.3594077,35.68621577,NA,NA,NA,NA,NA,NA,NA,NA,NA,NA,NA,NA,NA
13201007305,139.3574425,35.68314349,NA,NA,NA,NA,NA,NA,NA,NA,NA,NA,NA,NA,NA
13201007306,139.3556099,35.68552178,NA,NA,NA,NA,NA,NA,NA,NA,NA,NA,NA,NA,NA
13201007307,139.3572438,35.68528391,NA,NA,NA,NA,NA,NA,NA,NA,NA,NA,NA,NA,NA
13201007308,139.3578414,35.68089782,NA,NA,NA,NA,NA,NA,NA,NA,NA,NA,NA,NA,NA
13201007309,139.3600107,35.68919754,NA,NA,NA,NA,NA,NA,NA,NA,NA,NA,NA,NA,NA
13201007310,139.3631006,35.69005942,NA,NA,NA,NA,NA,NA,NA,NA,NA,NA,NA,NA,NA
13201007311,139.3613216,35.68504011,NA,NA,NA,NA,NA,NA,NA,NA,NA,NA,NA,NA,NA
13201007312,139.3571393,35.68605414,NA,NA,NA,NA,NA,NA,NA,NA,NA,NA,NA,NA,NA
13201007313,139.3596609,35.68377806,NA,NA,NA,NA,NA,NA,NA,NA,NA,NA,NA,NA,NA
13201007314,139.3628538,35.68709647,NA,NA,NA,NA,NA,NA,NA,NA,NA,NA,NA,NA,NA
13201007500,139.3531666,35.69123018,NA,NA,NA,NA,NA,NA,NA,NA,NA,NA,NA,NA,NA
13201007800,139.3502639,35.6908246,NA,NA,NA,NA,NA,NA,NA,NA,NA,NA,NA,NA,NA
13201007900,139.3696515,35.68692916,NA,NA,NA,NA,NA,NA,NA,NA,NA,NA,NA,NA,NA
13201008000,139.2978627,35.67209278,NA,NA,NA,NA,NA,NA,NA,NA,NA,NA,NA,NA,NA
13201008100,139.3096106,35.67515386,NA,NA,NA,NA,NA,NA,NA,NA,NA,NA,NA,NA,NA
13201008200,139.3133296,35.67477055,NA,NA,NA,NA,NA,NA,NA,NA,NA,NA,NA,NA,NA
13201008300,139.3229769,35.67861921,NA,NA,NA,NA,NA,NA,NA,NA,NA,NA,NA,NA,NA
13201008800,139.3216723,35.67226045,NA,NA,NA,NA,NA,NA,NA,NA,NA,NA,NA,NA,NA
13201008900,139.3371218,35.67205704,NA,NA,NA,NA,NA,NA,NA,NA,NA,NA,NA,NA,NA
13201009000,139.340967,35.67147134,NA,NA,NA,NA,NA,NA,NA,NA,NA,NA,NA,NA,NA
13201009100,139.3430613,35.66996523,NA,NA,NA,NA,NA,NA,NA,NA,NA,NA,NA,NA,NA
13201009200,139.3244189,35.67440798,NA,NA,NA,NA,NA,NA,NA,NA,NA,NA,NA,NA,NA
13201009300,139.3277835,35.67253936,NA,NA,NA,NA,NA,NA,NA,NA,NA,NA,NA,NA,NA
13201009500,139.3314913,35.67462293,NA,NA,NA,NA,NA,NA,NA,NA,NA,NA,NA,NA,NA
13201009600,139.323392,35.69210337,NA,NA,NA,NA,NA,NA,NA,NA,NA,NA,NA,NA,NA
13201009700,139.3275056,35.68472386,NA,NA,NA,NA,NA,NA,NA,NA,NA,NA,NA,NA,NA
13201009800,139.3249713,35.68343114,NA,NA,NA,NA,NA,NA,NA,NA,NA,NA,NA,NA,NA
13201009900,139.3273745,35.68295707,NA,NA,NA,NA,NA,NA,NA,NA,NA,NA,NA,NA,NA
13201010000,139.340063,35.68345941,NA,NA,NA,NA,NA,NA,NA,NA,NA,NA,NA,NA,NA
13201010100,139.3479008,35.67423993,NA,NA,NA,NA,NA,NA,NA,NA,NA,NA,NA,NA,NA
13201010400,139.3486231,35.67272641,NA,NA,NA,NA,NA,NA,NA,NA,NA,NA,NA,NA,NA
13201010800,139.3581504,35.67635206,NA,NA,NA,NA,NA,NA,NA,NA,NA,NA,NA,NA,NA
13201010900,139.3611373,35.67212033,NA,NA,NA,NA,NA,NA,NA,NA,NA,NA,NA,NA,NA
13201011000,139.368141,35.67755127,NA,NA,NA,NA,NA,NA,NA,NA,NA,NA,NA,NA,NA
13201011100,139.3673514,35.68399326,NA,NA,NA,NA,NA,NA,NA,NA,NA,NA,NA,NA,NA
13201011400,139.2913668,35.66379872,NA,NA,NA,NA,NA,NA,NA,NA,NA,NA,NA,NA,NA
13201011600,139.282759,35.66236247,NA,NA,NA,NA,NA,NA,NA,NA,NA,NA,NA,NA,NA
13201011700,139.2828726,35.66081305,NA,NA,NA,NA,NA,NA,NA,NA,NA,NA,NA,NA,NA
13201011800,139.2768583,35.65561522,NA,NA,NA,NA,NA,NA,NA,NA,NA,NA,NA,NA,NA
13201011900,139.2951847,35.66361364,NA,NA,NA,NA,NA,NA,NA,NA,NA,NA,NA,NA,NA
13201012000,139.3051624,35.66606531,NA,NA,NA,NA,NA,NA,NA,NA,NA,NA,NA,NA,NA
13201012200,139.2794486,35.64417696,NA,NA,NA,NA,NA,NA,NA,NA,NA,NA,NA,NA,NA
13201012300,139.2278216,35.62684731,NA,NA,NA,NA,NA,NA,NA,NA,NA,NA,NA,NA,NA
13201012400,139.2902278,35.6523689,NA,NA,NA,NA,NA,NA,NA,NA,NA,NA,NA,NA,NA
13201012500,139.2940044,35.65708341,NA,NA,NA,NA,NA,NA,NA,NA,NA,NA,NA,NA,NA
13201012600,139.297369,35.65563282,NA,NA,NA,NA,NA,NA,NA,NA,NA,NA,NA,NA,NA
13201012700,139.3024448,35.64917898,NA,NA,NA,NA,NA,NA,NA,NA,NA,NA,NA,NA,NA
13201012800,139.319096,35.6527499,NA,NA,NA,NA,NA,NA,NA,NA,NA,NA,NA,NA,NA
13201012900,139.319096,35.64811883,NA,NA,NA,NA,NA,NA,NA,NA,NA,NA,NA,NA,NA
13201013000,139.316418,35.65115975,NA,NA,NA,NA,NA,NA,NA,NA,NA,NA,NA,NA,NA
13201013100,139.3231128,35.65517692,NA,NA,NA,NA,NA,NA,NA,NA,NA,NA,NA,NA,NA
13201013300,139.2841178,35.6382061,NA,NA,NA,NA,NA,NA,NA,NA,NA,NA,NA,NA,NA
13201013400,139.2863151,35.6360297,NA,NA,NA,NA,NA,NA,NA,NA,NA,NA,NA,NA,NA
13201013500,139.2904006,35.63681098,NA,NA,NA,NA,NA,NA,NA,NA,NA,NA,NA,NA,NA
13201013600,139.2931557,35.63394884,NA,NA,NA,NA,NA,NA,NA,NA,NA,NA,NA,NA,NA
13201013700,139.2795516,35.63572276,NA,NA,NA,NA,NA,NA,NA,NA,NA,NA,NA,NA,NA
13201013800,139.3087635,35.63965467,NA,NA,NA,NA,NA,NA,NA,NA,NA,NA,NA,NA,NA
13201013900,139.314497,35.6365017,NA,NA,NA,NA,NA,NA,NA,NA,NA,NA,NA,NA,NA
13201014000,139.3083173,35.63652945,NA,NA,NA,NA,NA,NA,NA,NA,NA,NA,NA,NA,NA
13201014100,139.3099652,35.634827369999996,NA,NA,NA,NA,NA,NA,NA,NA,NA,NA,NA,NA,NA
13201014200,139.3024121,35.63728298,NA,NA,NA,NA,NA,NA,NA,NA,NA,NA,NA,NA,NA
13201014300,139.2961636,35.63686444,NA,NA,NA,NA,NA,NA,NA,NA,NA,NA,NA,NA,NA
13201014400,139.3122311,35.64091024,NA,NA,NA,NA,NA,NA,NA,NA,NA,NA,NA,NA,NA
13201014500,139.3074689,35.62973917,NA,NA,NA,NA,NA,NA,NA,NA,NA,NA,NA,NA,NA
13201014600,139.31134840000001,35.62210508,NA,NA,NA,NA,NA,NA,NA,NA,NA,NA,NA,NA,NA
13201014700,139.3117284,35.62326514,NA,NA,NA,NA,NA,NA,NA,NA,NA,NA,NA,NA,NA
13201014800,139.3052712,35.62251166,NA,NA,NA,NA,NA,NA,NA,NA,NA,NA,NA,NA,NA
13201015000,139.3060952,35.6249675,NA,NA,NA,NA,NA,NA,NA,NA,NA,NA,NA,NA,NA
13201015100,139.3206453,35.63572284,NA,NA,NA,NA,NA,NA,NA,NA,NA,NA,NA,NA,NA
13201015300,139.3210576,35.6316486,NA,NA,NA,NA,NA,NA,NA,NA,NA,NA,NA,NA,NA
13201015400,139.3224993,35.63756443,NA,NA,NA,NA,NA,NA,NA,NA,NA,NA,NA,NA,NA
13201015500,139.3246241,35.63847468,NA,NA,NA,NA,NA,NA,NA,NA,NA,NA,NA,NA,NA
13201015700,139.3222592,35.6351645,NA,NA,NA,NA,NA,NA,NA,NA,NA,NA,NA,NA,NA
13201015800,139.3291254,35.6397966,NA,NA,NA,NA,NA,NA,NA,NA,NA,NA,NA,NA,NA
13201016000,139.3325794,35.64189097,NA,NA,NA,NA,NA,NA,NA,NA,NA,NA,NA,NA,NA
13201016100,139.3319614,35.6404401,NA,NA,NA,NA,NA,NA,NA,NA,NA,NA,NA,NA,NA
13201016300,139.3294001,35.63828989,NA,NA,NA,NA,NA,NA,NA,NA,NA,NA,NA,NA,NA
13201016400,139.334502,35.63893341,NA,NA,NA,NA,NA,NA,NA,NA,NA,NA,NA,NA,NA
13201016500,139.3369739,35.63915663,NA,NA,NA,NA,NA,NA,NA,NA,NA,NA,NA,NA,NA
13201016600,139.3302584,35.63549962,NA,NA,NA,NA,NA,NA,NA,NA,NA,NA,NA,NA,NA
13201016700,139.333108,35.63650413,NA,NA,NA,NA,NA,NA,NA,NA,NA,NA,NA,NA,NA
13201016800,139.3421581,35.63806844,NA,NA,NA,NA,NA,NA,NA,NA,NA,NA,NA,NA,NA
13201016900,139.3408192,35.63645009,NA,NA,NA,NA,NA,NA,NA,NA,NA,NA,NA,NA,NA
13201017000,139.3435657,35.635613,NA,NA,NA,NA,NA,NA,NA,NA,NA,NA,NA,NA,NA
13201017100,139.3405102,35.6325994,NA,NA,NA,NA,NA,NA,NA,NA,NA,NA,NA,NA,NA
13201017200,139.3415058,35.63296216,NA,NA,NA,NA,NA,NA,NA,NA,NA,NA,NA,NA,NA
13201017300,139.3463123,35.63078561,NA,NA,NA,NA,NA,NA,NA,NA,NA,NA,NA,NA,NA
13201017400,139.3440409,35.64682822,NA,NA,NA,NA,NA,NA,NA,NA,NA,NA,NA,NA,NA
13201017500,139.3537626,35.64642969,NA,NA,NA,NA,NA,NA,NA,NA,NA,NA,NA,NA,NA
13201017600,139.3507128,35.64358899,NA,NA,NA,NA,NA,NA,NA,NA,NA,NA,NA,NA,NA
13201017700,139.3490935,35.64804784,NA,NA,NA,NA,NA,NA,NA,NA,NA,NA,NA,NA,NA
13201017801,139.3435834,35.62077747,NA,NA,NA,NA,NA,NA,NA,NA,NA,NA,NA,NA,NA
13201017802,139.3429576,35.61565766,NA,NA,NA,NA,NA,NA,NA,NA,NA,NA,NA,NA,NA
13201017803,139.3485998,35.61667483,NA,NA,NA,NA,NA,NA,NA,NA,NA,NA,NA,NA,NA
13201017804,139.3494633,35.61749944,NA,NA,NA,NA,NA,NA,NA,NA,NA,NA,NA,NA,NA
13201017805,139.3247471,35.62215842,NA,NA,NA,NA,NA,NA,NA,NA,NA,NA,NA,NA,NA
13201017806,139.3261646,35.61908632,NA,NA,NA,NA,NA,NA,NA,NA,NA,NA,NA,NA,NA
13201017807,139.3276678,35.61681898,NA,NA,NA,NA,NA,NA,NA,NA,NA,NA,NA,NA,NA
13201017808,139.3346123,35.61864079,NA,NA,NA,NA,NA,NA,NA,NA,NA,NA,NA,NA,NA
13201017810,139.3333229,35.61759318,NA,NA,NA,NA,NA,NA,NA,NA,NA,NA,NA,NA,NA
13201017812,139.3408857,35.61702349,NA,NA,NA,NA,NA,NA,NA,NA,NA,NA,NA,NA,NA
13201017813,139.3422119,35.6195152,NA,NA,NA,NA,NA,NA,NA,NA,NA,NA,NA,NA,NA
13201017814,139.3433955,35.61900783,NA,NA,NA,NA,NA,NA,NA,NA,NA,NA,NA,NA,NA
13201017815,139.3435944,35.61939052,NA,NA,NA,NA,NA,NA,NA,NA,NA,NA,NA,NA,NA
13201017816,139.3438942,35.61918029,NA,NA,NA,NA,NA,NA,NA,NA,NA,NA,NA,NA,NA
13201017818,139.3455024,35.61772368,NA,NA,NA,NA,NA,NA,NA,NA,NA,NA,NA,NA,NA
13201017820,139.3477467,35.61850418,NA,NA,NA,NA,NA,NA,NA,NA,NA,NA,NA,NA,NA
13201017821,139.349048,35.61896792,NA,NA,NA,NA,NA,NA,NA,NA,NA,NA,NA,NA,NA
13201017822,139.3497179,35.61501573,NA,NA,NA,NA,NA,NA,NA,NA,NA,NA,NA,NA,NA
13201017823,139.350571,35.61847804,NA,NA,NA,NA,NA,NA,NA,NA,NA,NA,NA,NA,NA
13201017825,139.3347292,35.61495787,NA,NA,NA,NA,NA,NA,NA,NA,NA,NA,NA,NA,NA
13201017827,139.3335965,35.61537639,NA,NA,NA,NA,NA,NA,NA,NA,NA,NA,NA,NA,NA
13201017828,139.3333967,35.61705475,NA,NA,NA,NA,NA,NA,NA,NA,NA,NA,NA,NA,NA
13201017830,139.3326349,35.61629755,NA,NA,NA,NA,NA,NA,NA,NA,NA,NA,NA,NA,NA
13201017831,139.3324056,35.61564677,NA,NA,NA,NA,NA,NA,NA,NA,NA,NA,NA,NA,NA
13201017835,139.330678,35.61744185,NA,NA,NA,NA,NA,NA,NA,NA,NA,NA,NA,NA,NA
13201017836,139.3256859,35.61766397,NA,NA,NA,NA,NA,NA,NA,NA,NA,NA,NA,NA,NA
13201017841,139.3363289,35.61524976,NA,NA,NA,NA,NA,NA,NA,NA,NA,NA,NA,NA,NA
13201017842,139.3376882,35.61646865,NA,NA,NA,NA,NA,NA,NA,NA,NA,NA,NA,NA,NA
13201017843,139.3375791,35.61671607,NA,NA,NA,NA,NA,NA,NA,NA,NA,NA,NA,NA,NA
13201017845,139.3289406,35.61755712,NA,NA,NA,NA,NA,NA,NA,NA,NA,NA,NA,NA,NA
13201017846,139.3301286,35.6220747,NA,NA,NA,NA,NA,NA,NA,NA,NA,NA,NA,NA,NA
13201017847,139.3293393,35.6211536,NA,NA,NA,NA,NA,NA,NA,NA,NA,NA,NA,NA,NA
13201017848,139.3340954,35.61787228,NA,NA,NA,NA,NA,NA,NA,NA,NA,NA,NA,NA,NA
13201017850,139.3312852,35.62101782,NA,NA,NA,NA,NA,NA,NA,NA,NA,NA,NA,NA,NA
13201017851,139.3315706,35.61995367,NA,NA,NA,NA,NA,NA,NA,NA,NA,NA,NA,NA,NA
13201017852,139.3367561,35.61485801,NA,NA,NA,NA,NA,NA,NA,NA,NA,NA,NA,NA,NA
13201017857,139.3280357,35.61843046,NA,NA,NA,NA,NA,NA,NA,NA,NA,NA,NA,NA,NA
13201017858,139.329306,35.61831883,NA,NA,NA,NA,NA,NA,NA,NA,NA,NA,NA,NA,NA
13201017859,139.3198976,35.61571144,NA,NA,NA,NA,NA,NA,NA,NA,NA,NA,NA,NA,NA
13201017860,139.3195147,35.61534686,NA,NA,NA,NA,NA,NA,NA,NA,NA,NA,NA,NA,NA
13201017861,139.3468844,35.6190365,NA,NA,NA,NA,NA,NA,NA,NA,NA,NA,NA,NA,NA
13201017862,139.3441193,35.61822348,NA,NA,NA,NA,NA,NA,NA,NA,NA,NA,NA,NA,NA
13201017864,139.3447788,35.61732135,NA,NA,NA,NA,NA,NA,NA,NA,NA,NA,NA,NA,NA
13201017865,139.3448918,35.62053962,NA,NA,NA,NA,NA,NA,NA,NA,NA,NA,NA,NA,NA
13201017866,139.3252878,35.61668829,NA,NA,NA,NA,NA,NA,NA,NA,NA,NA,NA,NA,NA
13201017867,139.3281974,35.61735812,NA,NA,NA,NA,NA,NA,NA,NA,NA,NA,NA,NA,NA
13201017868,139.3292703,35.61774886,NA,NA,NA,NA,NA,NA,NA,NA,NA,NA,NA,NA,NA
13201017869,139.3295655,35.61713368,NA,NA,NA,NA,NA,NA,NA,NA,NA,NA,NA,NA,NA
13201017870,139.3274863,35.61949189,NA,NA,NA,NA,NA,NA,NA,NA,NA,NA,NA,NA,NA
13201017871,139.329854,35.61707903,NA,NA,NA,NA,NA,NA,NA,NA,NA,NA,NA,NA,NA
13201017872,139.3287587,35.61732905,NA,NA,NA,NA,NA,NA,NA,NA,NA,NA,NA,NA,NA
13201017873,139.3265786,35.62232471,NA,NA,NA,NA,NA,NA,NA,NA,NA,NA,NA,NA,NA
13201018000,139.3322434,35.6191292,NA,NA,NA,NA,NA,NA,NA,NA,NA,NA,NA,NA,NA
13201018100,139.3553535,35.62741501,NA,NA,NA,NA,NA,NA,NA,NA,NA,NA,NA,NA,NA
13201018200,139.3587867,35.6293126,NA,NA,NA,NA,NA,NA,NA,NA,NA,NA,NA,NA,NA
13201018300,139.3611213,35.63081948,NA,NA,NA,NA,NA,NA,NA,NA,NA,NA,NA,NA,NA
13201018400,139.3612586,35.62883821,NA,NA,NA,NA,NA,NA,NA,NA,NA,NA,NA,NA,NA
13201018500,139.3635245,35.62847544,NA,NA,NA,NA,NA,NA,NA,NA,NA,NA,NA,NA,NA
13201018600,139.3588897,35.62777779,NA,NA,NA,NA,NA,NA,NA,NA,NA,NA,NA,NA,NA
13201018700,139.3624259,35.62557319,NA,NA,NA,NA,NA,NA,NA,NA,NA,NA,NA,NA,NA
13201019000,139.3467861,35.62362013,NA,NA,NA,NA,NA,NA,NA,NA,NA,NA,NA,NA,NA
13201019500,139.3459237,35.62219134,NA,NA,NA,NA,NA,NA,NA,NA,NA,NA,NA,NA,NA
13201019600,139.3521508,35.62168464,NA,NA,NA,NA,NA,NA,NA,NA,NA,NA,NA,NA,NA
13201019700,139.3562732,35.62001621,NA,NA,NA,NA,NA,NA,NA,NA,NA,NA,NA,NA,NA
13201019800,139.3585228,35.62019576,NA,NA,NA,NA,NA,NA,NA,NA,NA,NA,NA,NA,NA
13201019900,139.3548653,35.61929861,NA,NA,NA,NA,NA,NA,NA,NA,NA,NA,NA,NA,NA
13201020000,139.359179,35.61767172,NA,NA,NA,NA,NA,NA,NA,NA,NA,NA,NA,NA,NA
13201020100,139.35512,35.62352895,NA,NA,NA,NA,NA,NA,NA,NA,NA,NA,NA,NA,NA
13201020300,139.3432067,35.61469578,NA,NA,NA,NA,NA,NA,NA,NA,NA,NA,NA,NA,NA
13201020500,139.3437772,35.61361472,NA,NA,NA,NA,NA,NA,NA,NA,NA,NA,NA,NA,NA
13201020600,139.3481906,35.6133631,NA,NA,NA,NA,NA,NA,NA,NA,NA,NA,NA,NA,NA
13201020700,139.3421758,35.61582983,NA,NA,NA,NA,NA,NA,NA,NA,NA,NA,NA,NA,NA
13201020800,139.3454986,35.614466,NA,NA,NA,NA,NA,NA,NA,NA,NA,NA,NA,NA,NA
13201020900,139.3454937,35.61567445,NA,NA,NA,NA,NA,NA,NA,NA,NA,NA,NA,NA,NA
13201021000,139.3470192,35.61421205,NA,NA,NA,NA,NA,NA,NA,NA,NA,NA,NA,NA,NA
13201021100,139.3480907,35.61492652,NA,NA,NA,NA,NA,NA,NA,NA,NA,NA,NA,NA,NA
13201021200,139.3485291,35.61544041,NA,NA,NA,NA,NA,NA,NA,NA,NA,NA,NA,NA,NA
13201021300,139.3535262,35.61687978,NA,NA,NA,NA,NA,NA,NA,NA,NA,NA,NA,NA,NA
13201021400,139.3535839,35.61561032,NA,NA,NA,NA,NA,NA,NA,NA,NA,NA,NA,NA,NA
13201021500,139.3508122,35.613068,NA,NA,NA,NA,NA,NA,NA,NA,NA,NA,NA,NA,NA
13201021600,139.3532319,35.61331453,NA,NA,NA,NA,NA,NA,NA,NA,NA,NA,NA,NA,NA
13201021700,139.3549826,35.61175117,NA,NA,NA,NA,NA,NA,NA,NA,NA,NA,NA,NA,NA
13201021800,139.3566351,35.61317426,NA,NA,NA,NA,NA,NA,NA,NA,NA,NA,NA,NA,NA
13201021900,139.3525147,35.60827792,NA,NA,NA,NA,NA,NA,NA,NA,NA,NA,NA,NA,NA
13201022000,139.3479319,35.61260208,NA,NA,NA,NA,NA,NA,NA,NA,NA,NA,NA,NA,NA
13201022100,139.3485152,35.61222643,NA,NA,NA,NA,NA,NA,NA,NA,NA,NA,NA,NA,NA
13201022200,139.3460651,35.61090732,NA,NA,NA,NA,NA,NA,NA,NA,NA,NA,NA,NA,NA
13201022300,139.3465369,35.61042536,NA,NA,NA,NA,NA,NA,NA,NA,NA,NA,NA,NA,NA
13201022400,139.3473468,35.60949397,NA,NA,NA,NA,NA,NA,NA,NA,NA,NA,NA,NA,NA
13201022500,139.352592,35.61173947,NA,NA,NA,NA,NA,NA,NA,NA,NA,NA,NA,NA,NA
13201022600,139.3531507,35.60922709,NA,NA,NA,NA,NA,NA,NA,NA,NA,NA,NA,NA,NA
13201022700,139.3548637,35.60831741,NA,NA,NA,NA,NA,NA,NA,NA,NA,NA,NA,NA,NA
13201022800,139.3545855,35.60781518,NA,NA,NA,NA,NA,NA,NA,NA,NA,NA,NA,NA,NA
13201022900,139.3512664,35.61106084,NA,NA,NA,NA,NA,NA,NA,NA,NA,NA,NA,NA,NA
13201023000,139.3564276,35.60733846,NA,NA,NA,NA,NA,NA,NA,NA,NA,NA,NA,NA,NA
13201023100,139.3585918,35.60859787,NA,NA,NA,NA,NA,NA,NA,NA,NA,NA,NA,NA,NA
13201023200,139.3595376,35.60870184,NA,NA,NA,NA,NA,NA,NA,NA,NA,NA,NA,NA,NA
13201023300,139.3600422,35.60577138,NA,NA,NA,NA,NA,NA,NA,NA,NA,NA,NA,NA,NA
13201023400,139.3609089,35.61187858,NA,NA,NA,NA,NA,NA,NA,NA,NA,NA,NA,NA,NA
13201023500,139.3608697,35.61268988,NA,NA,NA,NA,NA,NA,NA,NA,NA,NA,NA,NA,NA
13201023700,139.3605354,35.61123557,NA,NA,NA,NA,NA,NA,NA,NA,NA,NA,NA,NA,NA
13201023800,139.3608905,35.61061381,NA,NA,NA,NA,NA,NA,NA,NA,NA,NA,NA,NA,NA
13201023900,139.3607531,35.61089293,NA,NA,NA,NA,NA,NA,NA,NA,NA,NA,NA,NA,NA
13201024000,139.3620346,35.610219,NA,NA,NA,NA,NA,NA,NA,NA,NA,NA,NA,NA,NA
13201024100,139.3622479,35.6096875,NA,NA,NA,NA,NA,NA,NA,NA,NA,NA,NA,NA,NA
13201024200,139.3623403,35.60940401,NA,NA,NA,NA,NA,NA,NA,NA,NA,NA,NA,NA,NA
13201024300,139.3627978,35.609783,NA,NA,NA,NA,NA,NA,NA,NA,NA,NA,NA,NA,NA
13201024400,139.3611453,35.60859759,NA,NA,NA,NA,NA,NA,NA,NA,NA,NA,NA,NA,NA
13201024500,139.3604749,35.60844727,NA,NA,NA,NA,NA,NA,NA,NA,NA,NA,NA,NA,NA
13201024600,139.3607207,35.60625203,NA,NA,NA,NA,NA,NA,NA,NA,NA,NA,NA,NA,NA
13201024700,139.3629223,35.60839522,NA,NA,NA,NA,NA,NA,NA,NA,NA,NA,NA,NA,NA
13201024900,139.3638482,35.60967527,NA,NA,NA,NA,NA,NA,NA,NA,NA,NA,NA,NA,NA
13201025000,139.3629478,35.61450089,NA,NA,NA,NA,NA,NA,NA,NA,NA,NA,NA,NA,NA
13201025100,139.3647758,35.61555998,NA,NA,NA,NA,NA,NA,NA,NA,NA,NA,NA,NA,NA
13201025200,139.3654838,35.61461431,NA,NA,NA,NA,NA,NA,NA,NA,NA,NA,NA,NA,NA
13201025300,139.3658441,35.61381378,NA,NA,NA,NA,NA,NA,NA,NA,NA,NA,NA,NA,NA
13201025400,139.3648914,35.61339974,NA,NA,NA,NA,NA,NA,NA,NA,NA,NA,NA,NA,NA
13201025500,139.3649974,35.60862941,NA,NA,NA,NA,NA,NA,NA,NA,NA,NA,NA,NA,NA
13201025600,139.3666316,35.62299355,NA,NA,NA,NA,NA,NA,NA,NA,NA,NA,NA,NA,NA
13201025800,139.3653004,35.61815663,NA,NA,NA,NA,NA,NA,NA,NA,NA,NA,NA,NA,NA
13201025900,139.3686814,35.61709453,NA,NA,NA,NA,NA,NA,NA,NA,NA,NA,NA,NA,NA
13201026000,139.3687701,35.61578335,NA,NA,NA,NA,NA,NA,NA,NA,NA,NA,NA,NA,NA
13201026100,139.3696671,35.6164135,NA,NA,NA,NA,NA,NA,NA,NA,NA,NA,NA,NA,NA
13201026200,139.3705626,35.61746766,NA,NA,NA,NA,NA,NA,NA,NA,NA,NA,NA,NA,NA
13201026300,139.3691485,35.61824036,NA,NA,NA,NA,NA,NA,NA,NA,NA,NA,NA,NA,NA
13201026400,139.3700204,35.61847605,NA,NA,NA,NA,NA,NA,NA,NA,NA,NA,NA,NA,NA
13201026500,139.3693001,35.6171798,NA,NA,NA,NA,NA,NA,NA,NA,NA,NA,NA,NA,NA
13201026600,139.3707785,35.62110702,NA,NA,NA,NA,NA,NA,NA,NA,NA,NA,NA,NA,NA
13201026700,139.3727011,35.62159541,NA,NA,NA,NA,NA,NA,NA,NA,NA,NA,NA,NA,NA
13201026800,139.3719926,35.6209605,NA,NA,NA,NA,NA,NA,NA,NA,NA,NA,NA,NA,NA
13201026900,139.371306,35.62075503,NA,NA,NA,NA,NA,NA,NA,NA,NA,NA,NA,NA,NA
13201027000,139.3709403,35.62017484,NA,NA,NA,NA,NA,NA,NA,NA,NA,NA,NA,NA,NA
13201027100,139.3759485,35.6223473,NA,NA,NA,NA,NA,NA,NA,NA,NA,NA,NA,NA,NA
13201027200,139.3737859,35.62130433,NA,NA,NA,NA,NA,NA,NA,NA,NA,NA,NA,NA,NA
13201027300,139.3730962,35.62081659,NA,NA,NA,NA,NA,NA,NA,NA,NA,NA,NA,NA,NA
13201027400,139.3776475,35.62028991,NA,NA,NA,NA,NA,NA,NA,NA,NA,NA,NA,NA,NA
13201027500,139.3780428,35.6225287,NA,NA,NA,NA,NA,NA,NA,NA,NA,NA,NA,NA,NA
13201027600,139.371951,35.62018999,NA,NA,NA,NA,NA,NA,NA,NA,NA,NA,NA,NA,NA
13201027700,139.3793617,35.61937824,NA,NA,NA,NA,NA,NA,NA,NA,NA,NA,NA,NA,NA
13201027800,139.3729711,35.62047595,NA,NA,NA,NA,NA,NA,NA,NA,NA,NA,NA,NA,NA
13201027900,139.3720046,35.61922594,NA,NA,NA,NA,NA,NA,NA,NA,NA,NA,NA,NA,NA
13201028000,139.3764735,35.61830088,NA,NA,NA,NA,NA,NA,NA,NA,NA,NA,NA,NA,NA
13201028100,139.3765443,35.61751472,NA,NA,NA,NA,NA,NA,NA,NA,NA,NA,NA,NA,NA
13201028200,139.3753311,35.61605971,NA,NA,NA,NA,NA,NA,NA,NA,NA,NA,NA,NA,NA
13201028300,139.3731333,35.61690509,NA,NA,NA,NA,NA,NA,NA,NA,NA,NA,NA,NA,NA
13201028400,139.3740259,35.61705859,NA,NA,NA,NA,NA,NA,NA,NA,NA,NA,NA,NA,NA
13201028500,139.3849264,35.62561244,NA,NA,NA,NA,NA,NA,NA,NA,NA,NA,NA,NA,NA
13201028600,139.3848398,35.62467161,NA,NA,NA,NA,NA,NA,NA,NA,NA,NA,NA,NA,NA
13201028700,139.3827655,35.62427385,NA,NA,NA,NA,NA,NA,NA,NA,NA,NA,NA,NA,NA
13201028800,139.3829172,35.62354137,NA,NA,NA,NA,NA,NA,NA,NA,NA,NA,NA,NA,NA
13201028900,139.3826776,35.62282173,NA,NA,NA,NA,NA,NA,NA,NA,NA,NA,NA,NA,NA
13201029000,139.3829212,35.62202114,NA,NA,NA,NA,NA,NA,NA,NA,NA,NA,NA,NA,NA
13201029100,139.3826325,35.62038311,NA,NA,NA,NA,NA,NA,NA,NA,NA,NA,NA,NA,NA
13201029200,139.383621,35.62075059,NA,NA,NA,NA,NA,NA,NA,NA,NA,NA,NA,NA,NA
13201029300,139.3814534,35.62360845,NA,NA,NA,NA,NA,NA,NA,NA,NA,NA,NA,NA,NA
13201029400,139.3805873,35.62290828,NA,NA,NA,NA,NA,NA,NA,NA,NA,NA,NA,NA,NA
13201029500,139.3804964,35.62256877,NA,NA,NA,NA,NA,NA,NA,NA,NA,NA,NA,NA,NA
13201029600,139.3810646,35.6214631,NA,NA,NA,NA,NA,NA,NA,NA,NA,NA,NA,NA,NA
13201029700,139.3793244,35.62359721,NA,NA,NA,NA,NA,NA,NA,NA,NA,NA,NA,NA,NA
13201029800,139.3803182,35.62368536,NA,NA,NA,NA,NA,NA,NA,NA,NA,NA,NA,NA,NA
13201029900,139.3760343,35.62752403,NA,NA,NA,NA,NA,NA,NA,NA,NA,NA,NA,NA,NA
13201030000,139.3806864,35.62418919,NA,NA,NA,NA,NA,NA,NA,NA,NA,NA,NA,NA,NA
13201030100,139.381579,35.62494268,NA,NA,NA,NA,NA,NA,NA,NA,NA,NA,NA,NA,NA
13201030200,139.3852212,35.62134778,NA,NA,NA,NA,NA,NA,NA,NA,NA,NA,NA,NA,NA
13201030300,139.387194,35.62157537,NA,NA,NA,NA,NA,NA,NA,NA,NA,NA,NA,NA,NA
13201030400,139.3785346,35.62160162,NA,NA,NA,NA,NA,NA,NA,NA,NA,NA,NA,NA,NA
13201030500,139.3764987,35.61672365,NA,NA,NA,NA,NA,NA,NA,NA,NA,NA,NA,NA,NA
13201030600,139.3928959,35.63136399,NA,NA,NA,NA,NA,NA,NA,NA,NA,NA,NA,NA,NA
13201030700,139.3940519,35.62817418,NA,NA,NA,NA,NA,NA,NA,NA,NA,NA,NA,NA,NA
13201030800,139.3945743,35.62913746,NA,NA,NA,NA,NA,NA,NA,NA,NA,NA,NA,NA,NA
13201030900,139.391271,35.63153676,NA,NA,NA,NA,NA,NA,NA,NA,NA,NA,NA,NA,NA
13201031000,139.3819218,35.61920393,NA,NA,NA,NA,NA,NA,NA,NA,NA,NA,NA,NA,NA
13201031100,139.3830498,35.61800697,NA,NA,NA,NA,NA,NA,NA,NA,NA,NA,NA,NA,NA
13201031200,139.3849579,35.61999468,NA,NA,NA,NA,NA,NA,NA,NA,NA,NA,NA,NA,NA
13201031300,139.3816596,35.61898615,NA,NA,NA,NA,NA,NA,NA,NA,NA,NA,NA,NA,NA
13201031400,139.3795598,35.61825317,NA,NA,NA,NA,NA,NA,NA,NA,NA,NA,NA,NA,NA
13201031500,139.3786553,35.61721155,NA,NA,NA,NA,NA,NA,NA,NA,NA,NA,NA,NA,NA
13201031600,139.3786719,35.61701388,NA,NA,NA,NA,NA,NA,NA,NA,NA,NA,NA,NA,NA
13201031700,139.3802686,35.61699823,NA,NA,NA,NA,NA,NA,NA,NA,NA,NA,NA,NA,NA
13201031800,139.3816531,35.61756041,NA,NA,NA,NA,NA,NA,NA,NA,NA,NA,NA,NA,NA
13201031900,139.3813086,35.61868644,NA,NA,NA,NA,NA,NA,NA,NA,NA,NA,NA,NA,NA
13201032000,139.3786797,35.61536437,NA,NA,NA,NA,NA,NA,NA,NA,NA,NA,NA,NA,NA
13201032100,139.3778997,35.61466531,NA,NA,NA,NA,NA,NA,NA,NA,NA,NA,NA,NA,NA
13201032200,139.3775696,35.61427248,NA,NA,NA,NA,NA,NA,NA,NA,NA,NA,NA,NA,NA
13201032300,139.3759216,35.6151098,NA,NA,NA,NA,NA,NA,NA,NA,NA,NA,NA,NA,NA
13201032400,139.3714051,35.61340262,NA,NA,NA,NA,NA,NA,NA,NA,NA,NA,NA,NA,NA
13201032500,139.37218910000001,35.61356923,NA,NA,NA,NA,NA,NA,NA,NA,NA,NA,NA,NA,NA
13201032600,139.3735699,35.61252361,NA,NA,NA,NA,NA,NA,NA,NA,NA,NA,NA,NA,NA
13201032700,139.3748338,35.6132013,NA,NA,NA,NA,NA,NA,NA,NA,NA,NA,NA,NA,NA
13201032800,139.3758981,35.61350832,NA,NA,NA,NA,NA,NA,NA,NA,NA,NA,NA,NA,NA
13201032900,139.3736002,35.61338142,NA,NA,NA,NA,NA,NA,NA,NA,NA,NA,NA,NA,NA
13201033000,139.3710285,35.611689,NA,NA,NA,NA,NA,NA,NA,NA,NA,NA,NA,NA,NA
13201033200,139.3675558,35.61061701,NA,NA,NA,NA,NA,NA,NA,NA,NA,NA,NA,NA,NA
13201033300,139.378762,35.60999456,NA,NA,NA,NA,NA,NA,NA,NA,NA,NA,NA,NA,NA
13201033400,139.3787107,35.61064974,NA,NA,NA,NA,NA,NA,NA,NA,NA,NA,NA,NA,NA
13201033500,139.3782549,35.60798893,NA,NA,NA,NA,NA,NA,NA,NA,NA,NA,NA,NA,NA
13201033600,139.3777756,35.60622938,NA,NA,NA,NA,NA,NA,NA,NA,NA,NA,NA,NA,NA
13201033700,139.3786566,35.60789793,NA,NA,NA,NA,NA,NA,NA,NA,NA,NA,NA,NA,NA
13201033800,139.3790646,35.60725164,NA,NA,NA,NA,NA,NA,NA,NA,NA,NA,NA,NA,NA
13201034000,139.3795585,35.60549376,NA,NA,NA,NA,NA,NA,NA,NA,NA,NA,NA,NA,NA
13201034100,139.3798479,35.607416,NA,NA,NA,NA,NA,NA,NA,NA,NA,NA,NA,NA,NA
13201034200,139.3800582,35.60992364,NA,NA,NA,NA,NA,NA,NA,NA,NA,NA,NA,NA,NA
13201034300,139.3862134,35.61636992,NA,NA,NA,NA,NA,NA,NA,NA,NA,NA,NA,NA,NA
13201034400,139.3824244,35.61370451,NA,NA,NA,NA,NA,NA,NA,NA,NA,NA,NA,NA,NA
13201034500,139.3834396,35.61559651,NA,NA,NA,NA,NA,NA,NA,NA,NA,NA,NA,NA,NA
13201034600,139.3829093,35.61514873,NA,NA,NA,NA,NA,NA,NA,NA,NA,NA,NA,NA,NA
13201034700,139.3829877,35.61428982,NA,NA,NA,NA,NA,NA,NA,NA,NA,NA,NA,NA,NA
13201034800,139.380981,35.60725927,NA,NA,NA,NA,NA,NA,NA,NA,NA,NA,NA,NA,NA
13201034900,139.3811913,35.60865496,NA,NA,NA,NA,NA,NA,NA,NA,NA,NA,NA,NA,NA
13201035000,139.380935,35.60800061,NA,NA,NA,NA,NA,NA,NA,NA,NA,NA,NA,NA,NA
13201035100,139.3835559,35.60804084,NA,NA,NA,NA,NA,NA,NA,NA,NA,NA,NA,NA,NA
13201035200,139.3825813,35.60645541,NA,NA,NA,NA,NA,NA,NA,NA,NA,NA,NA,NA,NA
13201035300,139.3838621,35.60617285,NA,NA,NA,NA,NA,NA,NA,NA,NA,NA,NA,NA,NA
13201035400,139.3829518,35.60753595,NA,NA,NA,NA,NA,NA,NA,NA,NA,NA,NA,NA,NA
13201035500,139.380672,35.6049435,NA,NA,NA,NA,NA,NA,NA,NA,NA,NA,NA,NA,NA
13201035600,139.3801593,35.60345604,NA,NA,NA,NA,NA,NA,NA,NA,NA,NA,NA,NA,NA
13201035700,139.3832983,35.60334059,NA,NA,NA,NA,NA,NA,NA,NA,NA,NA,NA,NA,NA
13201035800,139.3820837,35.60280481,NA,NA,NA,NA,NA,NA,NA,NA,NA,NA,NA,NA,NA
13201035900,139.3821799,35.60236257,NA,NA,NA,NA,NA,NA,NA,NA,NA,NA,NA,NA,NA
13201036000,139.3839442,35.60230489,NA,NA,NA,NA,NA,NA,NA,NA,NA,NA,NA,NA,NA
13201036100,139.384855,35.60135745,NA,NA,NA,NA,NA,NA,NA,NA,NA,NA,NA,NA,NA
13201036200,139.3867066,35.59996286,NA,NA,NA,NA,NA,NA,NA,NA,NA,NA,NA,NA,NA
13201036300,139.3875236,35.60162689,NA,NA,NA,NA,NA,NA,NA,NA,NA,NA,NA,NA,NA
13201036400,139.3870498,35.6120699,NA,NA,NA,NA,NA,NA,NA,NA,NA,NA,NA,NA,NA
13201036500,139.3874467,35.60516827,NA,NA,NA,NA,NA,NA,NA,NA,NA,NA,NA,NA,NA
13201036600,139.3935576,35.62377666,NA,NA,NA,NA,NA,NA,NA,NA,NA,NA,NA,NA,NA
13201036700,139.3963965,35.62382269,NA,NA,NA,NA,NA,NA,NA,NA,NA,NA,NA,NA,NA
13201036800,139.3920191,35.62191102,NA,NA,NA,NA,NA,NA,NA,NA,NA,NA,NA,NA,NA
13201036900,139.3926825,35.62275799,NA,NA,NA,NA,NA,NA,NA,NA,NA,NA,NA,NA,NA
13201037000,139.391429,35.62049749,NA,NA,NA,NA,NA,NA,NA,NA,NA,NA,NA,NA,NA
13201037100,139.3927384,35.62001602,NA,NA,NA,NA,NA,NA,NA,NA,NA,NA,NA,NA,NA
13201037200,139.3898794,35.61902245,NA,NA,NA,NA,NA,NA,NA,NA,NA,NA,NA,NA,NA
13201037300,139.3903539,35.6175601,NA,NA,NA,NA,NA,NA,NA,NA,NA,NA,NA,NA,NA
13201037400,139.3923779,35.61958344,NA,NA,NA,NA,NA,NA,NA,NA,NA,NA,NA,NA,NA
13201037500,139.3920182,35.61730105,NA,NA,NA,NA,NA,NA,NA,NA,NA,NA,NA,NA,NA
13201037600,139.3895129,35.61678974,NA,NA,NA,NA,NA,NA,NA,NA,NA,NA,NA,NA,NA
13201037700,139.387876,35.61857173,NA,NA,NA,NA,NA,NA,NA,NA,NA,NA,NA,NA,NA
13201037800,139.3878649,35.61793403,NA,NA,NA,NA,NA,NA,NA,NA,NA,NA,NA,NA,NA
13201037900,139.3889623,35.61760974,NA,NA,NA,NA,NA,NA,NA,NA,NA,NA,NA,NA,NA
13201038000,139.3885919,35.61674783,NA,NA,NA,NA,NA,NA,NA,NA,NA,NA,NA,NA,NA
13201038100,139.3887879,35.62473227,NA,NA,NA,NA,NA,NA,NA,NA,NA,NA,NA,NA,NA
13201038200,139.3892553,35.62578506,NA,NA,NA,NA,NA,NA,NA,NA,NA,NA,NA,NA,NA
13201038500,139.3895816,35.622218,NA,NA,NA,NA,NA,NA,NA,NA,NA,NA,NA,NA,NA
13201038600,139.3876933,35.62383664,NA,NA,NA,NA,NA,NA,NA,NA,NA,NA,NA,NA,NA
13201038700,139.388088,35.62457629,NA,NA,NA,NA,NA,NA,NA,NA,NA,NA,NA,NA,NA
13201038800,139.3874015,35.62386455,NA,NA,NA,NA,NA,NA,NA,NA,NA,NA,NA,NA,NA
13201038900,139.3882042,35.62683922,NA,NA,NA,NA,NA,NA,NA,NA,NA,NA,NA,NA,NA
13201039000,139.3873459,35.62555552,NA,NA,NA,NA,NA,NA,NA,NA,NA,NA,NA,NA,NA
13201039300,139.3963559,35.62458597,NA,NA,NA,NA,NA,NA,NA,NA,NA,NA,NA,NA,NA
13201039400,139.3831616,35.63397879,NA,NA,NA,NA,NA,NA,NA,NA,NA,NA,NA,NA,NA
13201039500,139.3818297,35.63686502,NA,NA,NA,NA,NA,NA,NA,NA,NA,NA,NA,NA,NA
13201039600,139.3892154,35.63704773,NA,NA,NA,NA,NA,NA,NA,NA,NA,NA,NA,NA,NA
13201039700,139.3910135,35.63019733,NA,NA,NA,NA,NA,NA,NA,NA,NA,NA,NA,NA,NA
13201039800,139.3936915,35.63622325,NA,NA,NA,NA,NA,NA,NA,NA,NA,NA,NA,NA,NA
13201039900,139.3996532,35.62384063,NA,NA,NA,NA,NA,NA,NA,NA,NA,NA,NA,NA,NA
13201040000,139.3996898,35.62983028,NA,NA,NA,NA,NA,NA,NA,NA,NA,NA,NA,NA,NA
13201040100,139.4024807,35.63351068,NA,NA,NA,NA,NA,NA,NA,NA,NA,NA,NA,NA,NA
13201040300,139.4024878,35.63132319,NA,NA,NA,NA,NA,NA,NA,NA,NA,NA,NA,NA,NA
13201040400,139.4006345,35.63097681,NA,NA,NA,NA,NA,NA,NA,NA,NA,NA,NA,NA,NA
13201040500,139.40115,35.63170783,NA,NA,NA,NA,NA,NA,NA,NA,NA,NA,NA,NA,NA
13201040600,139.3996389,35.63354401,NA,NA,NA,NA,NA,NA,NA,NA,NA,NA,NA,NA,NA
13201040700,139.3978148,35.63329938,NA,NA,NA,NA,NA,NA,NA,NA,NA,NA,NA,NA,NA
13201040800,139.4018734,35.63583818,NA,NA,NA,NA,NA,NA,NA,NA,NA,NA,NA,NA,NA
13201041000,139.4001494,35.62469054,NA,NA,NA,NA,NA,NA,NA,NA,NA,NA,NA,NA,NA
13201041100,139.4005516,35.62401126,NA,NA,NA,NA,NA,NA,NA,NA,NA,NA,NA,NA,NA
13201041200,139.4023162,35.62576997,NA,NA,NA,NA,NA,NA,NA,NA,NA,NA,NA,NA,NA
13201041300,139.3973825,35.63194266,NA,NA,NA,NA,NA,NA,NA,NA,NA,NA,NA,NA,NA
13201041400,139.4028809,35.63419876,NA,NA,NA,NA,NA,NA,NA,NA,NA,NA,NA,NA,NA
13201041500,139.402325,35.63492891,NA,NA,NA,NA,NA,NA,NA,NA,NA,NA,NA,NA,NA
13201041600,139.4043153,35.63469658,NA,NA,NA,NA,NA,NA,NA,NA,NA,NA,NA,NA,NA
13201041700,139.3964916,35.6296049,NA,NA,NA,NA,NA,NA,NA,NA,NA,NA,NA,NA,NA
13201041800,139.4003084,35.62568867,NA,NA,NA,NA,NA,NA,NA,NA,NA,NA,NA,NA,NA
13201041900,139.4042146,35.62825919,NA,NA,NA,NA,NA,NA,NA,NA,NA,NA,NA,NA,NA
13201042000,139.4061105,35.62778164,NA,NA,NA,NA,NA,NA,NA,NA,NA,NA,NA,NA,NA
13201042100,139.4063912,35.62935982,NA,NA,NA,NA,NA,NA,NA,NA,NA,NA,NA,NA,NA
13201042200,139.3954527,35.62506174,NA,NA,NA,NA,NA,NA,NA,NA,NA,NA,NA,NA,NA
13201042300,139.3964603,35.62197082,NA,NA,NA,NA,NA,NA,NA,NA,NA,NA,NA,NA,NA
13201042400,139.3961083,35.62155377,NA,NA,NA,NA,NA,NA,NA,NA,NA,NA,NA,NA,NA
13201042500,139.3969421,35.62165023,NA,NA,NA,NA,NA,NA,NA,NA,NA,NA,NA,NA,NA
13201042600,139.3941455,35.613713,NA,NA,NA,NA,NA,NA,NA,NA,NA,NA,NA,NA,NA
13201042700,139.3935065,35.61727394,NA,NA,NA,NA,NA,NA,NA,NA,NA,NA,NA,NA,NA
13201042800,139.3959438,35.61387658,NA,NA,NA,NA,NA,NA,NA,NA,NA,NA,NA,NA,NA
13201042900,139.3986349,35.62241784,NA,NA,NA,NA,NA,NA,NA,NA,NA,NA,NA,NA,NA
13201043000,139.3980139,35.61911933,NA,NA,NA,NA,NA,NA,NA,NA,NA,NA,NA,NA,NA
13201043100,139.3986661,35.61316696,NA,NA,NA,NA,NA,NA,NA,NA,NA,NA,NA,NA,NA
13201043200,139.3988318,35.61974151,NA,NA,NA,NA,NA,NA,NA,NA,NA,NA,NA,NA,NA
13201043300,139.4002112,35.61879838,NA,NA,NA,NA,NA,NA,NA,NA,NA,NA,NA,NA,NA
13201043400,139.4003212,35.61604402,NA,NA,NA,NA,NA,NA,NA,NA,NA,NA,NA,NA,NA
13201043500,139.3982318,35.62541471,NA,NA,NA,NA,NA,NA,NA,NA,NA,NA,NA,NA,NA
13201043600,139.3989924,35.62469743,NA,NA,NA,NA,NA,NA,NA,NA,NA,NA,NA,NA,NA
13201043700,139.4000454,35.6232377,NA,NA,NA,NA,NA,NA,NA,NA,NA,NA,NA,NA,NA
13201043800,139.405341,35.63829362,NA,NA,NA,NA,NA,NA,NA,NA,NA,NA,NA,NA,NA
13201043900,139.4071821,35.63578481,NA,NA,NA,NA,NA,NA,NA,NA,NA,NA,NA,NA,NA
13201044000,139.4094236,35.63615557,NA,NA,NA,NA,NA,NA,NA,NA,NA,NA,NA,NA,NA
13201044100,139.4020794,35.63657761,NA,NA,NA,NA,NA,NA,NA,NA,NA,NA,NA,NA,NA
13201044200,139.4120766,35.63735942,NA,NA,NA,NA,NA,NA,NA,NA,NA,NA,NA,NA,NA
13201044300,139.4127848,35.63939604,NA,NA,NA,NA,NA,NA,NA,NA,NA,NA,NA,NA,NA
13201044500,139.4139394,35.62788107,NA,NA,NA,NA,NA,NA,NA,NA,NA,NA,NA,NA,NA
13201044600,139.4116862,35.63156926,NA,NA,NA,NA,NA,NA,NA,NA,NA,NA,NA,NA,NA
13201044700,139.4124631,35.6292903,NA,NA,NA,NA,NA,NA,NA,NA,NA,NA,NA,NA,NA
13201044800,139.4127224,35.63172237,NA,NA,NA,NA,NA,NA,NA,NA,NA,NA,NA,NA,NA
13201044900,139.4147228,35.63319192,NA,NA,NA,NA,NA,NA,NA,NA,NA,NA,NA,NA,NA
13201045000,139.4091347,35.62954579,NA,NA,NA,NA,NA,NA,NA,NA,NA,NA,NA,NA,NA
13201045100,139.4099009,35.63075995,NA,NA,NA,NA,NA,NA,NA,NA,NA,NA,NA,NA,NA
13201045200,139.4268523,35.63526811,NA,NA,NA,NA,NA,NA,NA,NA,NA,NA,NA,NA,NA
13201045300,139.4206274,35.6350663,NA,NA,NA,NA,NA,NA,NA,NA,NA,NA,NA,NA,NA
13201045500,139.417863,35.6330776,NA,NA,NA,NA,NA,NA,NA,NA,NA,NA,NA,NA,NA
13201045600,139.4188397,35.63280017,NA,NA,NA,NA,NA,NA,NA,NA,NA,NA,NA,NA,NA
13201045700,139.4183963,35.63973514,NA,NA,NA,NA,NA,NA,NA,NA,NA,NA,NA,NA,NA
13201045800,139.4219492,35.64045147,NA,NA,NA,NA,NA,NA,NA,NA,NA,NA,NA,NA,NA
13201045900,139.4212974,35.63827029,NA,NA,NA,NA,NA,NA,NA,NA,NA,NA,NA,NA,NA
13201046000,139.4219149,35.63852624,NA,NA,NA,NA,NA,NA,NA,NA,NA,NA,NA,NA,NA
13201046200,139.3437278,35.67674802,NA,NA,NA,NA,NA,NA,NA,NA,NA,NA,NA,NA,NA
13201046300,139.2951717,35.65370796,NA,NA,NA,NA,NA,NA,NA,NA,NA,NA,NA,NA,NA
13201046400,139.4105766,35.64473877,NA,NA,NA,NA,NA,NA,NA,NA,NA,NA,NA,NA,NA
13201046500,139.2194089,35.671717,NA,NA,NA,NA,NA,NA,NA,NA,NA,NA,NA,NA,NA
13201046600,139.3866217,35.598742,NA,NA,NA,NA,NA,NA,NA,NA,NA,NA,NA,NA,NA
13201046700,139.3822559,35.61529121,NA,NA,NA,NA,NA,NA,NA,NA,NA,NA,NA,NA,NA
13201046800,139.3859769,35.61425402,NA,NA,NA,NA,NA,NA,NA,NA,NA,NA,NA,NA,NA
13201046900,139.2951614,35.6882113,NA,NA,NA,NA,NA,NA,NA,NA,NA,NA,NA,NA,NA
13201047000,139.3819599,35.62439328,NA,NA,NA,NA,NA,NA,NA,NA,NA,NA,NA,NA,NA
13201047100,139.3827287,35.62481096,NA,NA,NA,NA,NA,NA,NA,NA,NA,NA,NA,NA,NA
13201047200,139.3269438,35.69314715,NA,NA,NA,NA,NA,NA,NA,NA,NA,NA,NA,NA,NA
13201047300,139.329035,35.69159366,NA,NA,NA,NA,NA,NA,NA,NA,NA,NA,NA,NA,NA
13201047500,139.3311573,35.68084507,NA,NA,NA,NA,NA,NA,NA,NA,NA,NA,NA,NA,NA
13201047600,139.3346583,35.68590674,NA,NA,NA,NA,NA,NA,NA,NA,NA,NA,NA,NA,NA
13201047700,139.3389432,35.68568121,NA,NA,NA,NA,NA,NA,NA,NA,NA,NA,NA,NA,NA
13201047800,139.3505437,35.67764686,NA,NA,NA,NA,NA,NA,NA,NA,NA,NA,NA,NA,NA
13201047900,139.3693427,35.6816304,NA,NA,NA,NA,NA,NA,NA,NA,NA,NA,NA,NA,NA
13201048000,139.3747157,35.67908513,NA,NA,NA,NA,NA,NA,NA,NA,NA,NA,NA,NA,NA
13201048200,139.2837679,35.69565043,NA,NA,NA,NA,NA,NA,NA,NA,NA,NA,NA,NA,NA
13201048500,139.2768262,35.6567738,NA,NA,NA,NA,NA,NA,NA,NA,NA,NA,NA,NA,NA
13201048600,139.263156,35.66913783,NA,NA,NA,NA,NA,NA,NA,NA,NA,NA,NA,NA,NA
13201048700,139.2478793,35.67029754,NA,NA,NA,NA,NA,NA,NA,NA,NA,NA,NA,NA,NA
13201048900,139.2772514,35.64565566,NA,NA,NA,NA,NA,NA,NA,NA,NA,NA,NA,NA,NA
13201049200,139.275471,35.68009388,NA,NA,NA,NA,NA,NA,NA,NA,NA,NA,NA,NA,NA
13201049400,139.2819901,35.71336141,NA,NA,NA,NA,NA,NA,NA,NA,NA,NA,NA,NA,NA
13201049500,139.3391527,35.69188925,NA,NA,NA,NA,NA,NA,NA,NA,NA,NA,NA,NA,NA
13201049600,139.2735092,35.63466244,NA,NA,NA,NA,NA,NA,NA,NA,NA,NA,NA,NA,NA
13201049700,139.3268142,35.62688693,NA,NA,NA,NA,NA,NA,NA,NA,NA,NA,NA,NA,NA
13201050000,139.3662368,35.63877196,NA,NA,NA,NA,NA,NA,NA,NA,NA,NA,NA,NA,NA
13201050200,139.3820764,35.63195482,NA,NA,NA,NA,NA,NA,NA,NA,NA,NA,NA,NA,NA
13201050700,139.3625289,35.63338668,NA,NA,NA,NA,NA,NA,NA,NA,NA,NA,NA,NA,NA
13201050800,139.3602998,35.68085013,NA,NA,NA,NA,NA,NA,NA,NA,NA,NA,NA,NA,NA
13201050900,139.3485874,35.68514152,NA,NA,NA,NA,NA,NA,NA,NA,NA,NA,NA,NA,NA
13201051300,139.306841,35.63627833,NA,NA,NA,NA,NA,NA,NA,NA,NA,NA,NA,NA,NA
13201051400,139.3038197,35.63574817,NA,NA,NA,NA,NA,NA,NA,NA,NA,NA,NA,NA,NA
13201051500,139.3022897,35.632509,NA,NA,NA,NA,NA,NA,NA,NA,NA,NA,NA,NA,NA
13201051600,139.305687,35.63177231,NA,NA,NA,NA,NA,NA,NA,NA,NA,NA,NA,NA,NA
13201051700,139.3121033,35.63163697,NA,NA,NA,NA,NA,NA,NA,NA,NA,NA,NA,NA,NA
13201051800,139.3123684,35.63396251,NA,NA,NA,NA,NA,NA,NA,NA,NA,NA,NA,NA,NA
13201051900,139.3073494,35.68271781,NA,NA,NA,NA,NA,NA,NA,NA,NA,NA,NA,NA,NA
13201052100,139.3817438,35.64092476,NA,NA,NA,NA,NA,NA,NA,NA,NA,NA,NA,NA,NA
13201052200,139.3841096,35.60175435,NA,NA,NA,NA,NA,NA,NA,NA,NA,NA,NA,NA,NA
13201052300,139.3847622,35.6020283,NA,NA,NA,NA,NA,NA,NA,NA,NA,NA,NA,NA,NA
13201052400,139.3846672,35.60300226,NA,NA,NA,NA,NA,NA,NA,NA,NA,NA,NA,NA,NA
13201052500,139.3863091,35.60290845,NA,NA,NA,NA,NA,NA,NA,NA,NA,NA,NA,NA,NA
13201052600,139.3852752,35.60443368,NA,NA,NA,NA,NA,NA,NA,NA,NA,NA,NA,NA,NA
13201052700,139.3838024,35.60368684,NA,NA,NA,NA,NA,NA,NA,NA,NA,NA,NA,NA,NA
13201052800,139.3824209,35.60181815,NA,NA,NA,NA,NA,NA,NA,NA,NA,NA,NA,NA,NA
13201052900,139.3825636,35.60359254,NA,NA,NA,NA,NA,NA,NA,NA,NA,NA,NA,NA,NA
13201053000,139.3823306,35.60540337,NA,NA,NA,NA,NA,NA,NA,NA,NA,NA,NA,NA,NA
13201053100,139.3832967,35.60555844,NA,NA,NA,NA,NA,NA,NA,NA,NA,NA,NA,NA,NA
13201053200,139.383748,35.6051976,NA,NA,NA,NA,NA,NA,NA,NA,NA,NA,NA,NA,NA
13201053300,139.3849363,35.60544511,NA,NA,NA,NA,NA,NA,NA,NA,NA,NA,NA,NA,NA
13201053400,139.3828674,35.60601319,NA,NA,NA,NA,NA,NA,NA,NA,NA,NA,NA,NA,NA
13201053500,139.3844547,35.60665151,NA,NA,NA,NA,NA,NA,NA,NA,NA,NA,NA,NA,NA
13201053600,139.3853115,35.60842056,NA,NA,NA,NA,NA,NA,NA,NA,NA,NA,NA,NA,NA
13201053700,139.3838992,35.60780358,NA,NA,NA,NA,NA,NA,NA,NA,NA,NA,NA,NA,NA
13201053800,139.3853092,35.6091851,NA,NA,NA,NA,NA,NA,NA,NA,NA,NA,NA,NA,NA
13201054000,139.384584,35.61063275,NA,NA,NA,NA,NA,NA,NA,NA,NA,NA,NA,NA,NA
13201054100,139.3792272,35.60307405,NA,NA,NA,NA,NA,NA,NA,NA,NA,NA,NA,NA,NA
13201054200,139.3797262,35.60432511,NA,NA,NA,NA,NA,NA,NA,NA,NA,NA,NA,NA,NA
13201054300,139.3803541,35.60583527,NA,NA,NA,NA,NA,NA,NA,NA,NA,NA,NA,NA,NA
13201054400,139.3807778,35.60589423,NA,NA,NA,NA,NA,NA,NA,NA,NA,NA,NA,NA,NA
13201054500,139.380533,35.60640468,NA,NA,NA,NA,NA,NA,NA,NA,NA,NA,NA,NA,NA
13201054600,139.3816223,35.60628863,NA,NA,NA,NA,NA,NA,NA,NA,NA,NA,NA,NA,NA
13201054700,139.3822276,35.60758061,NA,NA,NA,NA,NA,NA,NA,NA,NA,NA,NA,NA,NA
13201054800,139.3813267,35.60813838,NA,NA,NA,NA,NA,NA,NA,NA,NA,NA,NA,NA,NA
13201054900,139.3824014,35.60855633,NA,NA,NA,NA,NA,NA,NA,NA,NA,NA,NA,NA,NA
13201055000,139.3825559,35.60942161,NA,NA,NA,NA,NA,NA,NA,NA,NA,NA,NA,NA,NA
13201055100,139.3829621,35.61049645,NA,NA,NA,NA,NA,NA,NA,NA,NA,NA,NA,NA,NA
13201055200,139.3831294,35.61088977,NA,NA,NA,NA,NA,NA,NA,NA,NA,NA,NA,NA,NA
13201055300,139.3838631,35.61169339,NA,NA,NA,NA,NA,NA,NA,NA,NA,NA,NA,NA,NA
13201055400,139.3838392,35.61229288,NA,NA,NA,NA,NA,NA,NA,NA,NA,NA,NA,NA,NA
13201055500,139.3831138,35.61572915,NA,NA,NA,NA,NA,NA,NA,NA,NA,NA,NA,NA,NA
13201055600,139.3786184,35.60503291,NA,NA,NA,NA,NA,NA,NA,NA,NA,NA,NA,NA,NA
13201055700,139.3771312,35.60552849,NA,NA,NA,NA,NA,NA,NA,NA,NA,NA,NA,NA,NA
13201055800,139.3798519,35.60679037,NA,NA,NA,NA,NA,NA,NA,NA,NA,NA,NA,NA,NA
13201055900,139.3793716,35.60773251,NA,NA,NA,NA,NA,NA,NA,NA,NA,NA,NA,NA,NA
13201056000,139.3792028,35.61120908,NA,NA,NA,NA,NA,NA,NA,NA,NA,NA,NA,NA,NA
13201056200,139.3782407,35.61224805,NA,NA,NA,NA,NA,NA,NA,NA,NA,NA,NA,NA,NA
13201056300,139.3784539,35.61253013,NA,NA,NA,NA,NA,NA,NA,NA,NA,NA,NA,NA,NA
13201056400,139.3806548,35.61292496,NA,NA,NA,NA,NA,NA,NA,NA,NA,NA,NA,NA,NA
13201056500,139.38075129999999,35.61411198,NA,NA,NA,NA,NA,NA,NA,NA,NA,NA,NA,NA,NA
13201056600,139.3729686,35.60476549,NA,NA,NA,NA,NA,NA,NA,NA,NA,NA,NA,NA,NA
13201056700,139.3735865,35.6059994,NA,NA,NA,NA,NA,NA,NA,NA,NA,NA,NA,NA,NA
13201056800,139.3731644,35.60534971,NA,NA,NA,NA,NA,NA,NA,NA,NA,NA,NA,NA,NA
13201056900,139.3747982,35.60742215,NA,NA,NA,NA,NA,NA,NA,NA,NA,NA,NA,NA,NA
13201057000,139.3737581,35.60560946,NA,NA,NA,NA,NA,NA,NA,NA,NA,NA,NA,NA,NA
13201057100,139.3763332,35.60637053,NA,NA,NA,NA,NA,NA,NA,NA,NA,NA,NA,NA,NA
13201057200,139.3758483,35.60837579,NA,NA,NA,NA,NA,NA,NA,NA,NA,NA,NA,NA,NA
13201057300,139.3759993,35.60896187,NA,NA,NA,NA,NA,NA,NA,NA,NA,NA,NA,NA,NA
13201057400,139.376355,35.60995472,NA,NA,NA,NA,NA,NA,NA,NA,NA,NA,NA,NA,NA
13201057500,139.3723479,35.6058425,NA,NA,NA,NA,NA,NA,NA,NA,NA,NA,NA,NA,NA
13201057600,139.3720951,35.60609324,NA,NA,NA,NA,NA,NA,NA,NA,NA,NA,NA,NA,NA
13201057700,139.3717709,35.60684268,NA,NA,NA,NA,NA,NA,NA,NA,NA,NA,NA,NA,NA
13201057800,139.3705514,35.60683024,NA,NA,NA,NA,NA,NA,NA,NA,NA,NA,NA,NA,NA
13201057900,139.3704975,35.60768052,NA,NA,NA,NA,NA,NA,NA,NA,NA,NA,NA,NA,NA
13201058000,139.3713551,35.60778967,NA,NA,NA,NA,NA,NA,NA,NA,NA,NA,NA,NA,NA
13201058100,139.3710203,35.60869589,NA,NA,NA,NA,NA,NA,NA,NA,NA,NA,NA,NA,NA
13201058300,139.3727052,35.60843349,NA,NA,NA,NA,NA,NA,NA,NA,NA,NA,NA,NA,NA
13201058400,139.3717239,35.60889202,NA,NA,NA,NA,NA,NA,NA,NA,NA,NA,NA,NA,NA
13201058500,139.3727456,35.60929104,NA,NA,NA,NA,NA,NA,NA,NA,NA,NA,NA,NA,NA
13201058600,139.374135,35.60951016,NA,NA,NA,NA,NA,NA,NA,NA,NA,NA,NA,NA,NA
13201058700,139.3739067,35.61001868,NA,NA,NA,NA,NA,NA,NA,NA,NA,NA,NA,NA,NA
13201058800,139.3736882,35.61068126,NA,NA,NA,NA,NA,NA,NA,NA,NA,NA,NA,NA,NA
13201058900,139.3717927,35.61067699,NA,NA,NA,NA,NA,NA,NA,NA,NA,NA,NA,NA,NA
13201059000,139.369326,35.61046192,NA,NA,NA,NA,NA,NA,NA,NA,NA,NA,NA,NA,NA
13201059100,139.3696169,35.61041659,NA,NA,NA,NA,NA,NA,NA,NA,NA,NA,NA,NA,NA
13201059200,139.3700616,35.61127542,NA,NA,NA,NA,NA,NA,NA,NA,NA,NA,NA,NA,NA
13201059300,139.3696726,35.61258197,NA,NA,NA,NA,NA,NA,NA,NA,NA,NA,NA,NA,NA
13201059400,139.3711898,35.6127583,NA,NA,NA,NA,NA,NA,NA,NA,NA,NA,NA,NA,NA
13201059500,139.3761726,35.61309501,NA,NA,NA,NA,NA,NA,NA,NA,NA,NA,NA,NA,NA
13201059600,139.3765755,35.60497669,NA,NA,NA,NA,NA,NA,NA,NA,NA,NA,NA,NA,NA
13201059700,139.377273,35.61407297,NA,NA,NA,NA,NA,NA,NA,NA,NA,NA,NA,NA,NA
13201059800,139.3787425,35.61475024,NA,NA,NA,NA,NA,NA,NA,NA,NA,NA,NA,NA,NA
13201060000,139.3778458,35.6166799,NA,NA,NA,NA,NA,NA,NA,NA,NA,NA,NA,NA,NA
13201060100,139.378794,35.61744356,NA,NA,NA,NA,NA,NA,NA,NA,NA,NA,NA,NA,NA
13201060200,139.3787656,35.61794603,NA,NA,NA,NA,NA,NA,NA,NA,NA,NA,NA,NA,NA
13201060300,139.3797395,35.61877459,NA,NA,NA,NA,NA,NA,NA,NA,NA,NA,NA,NA,NA
13201060400,139.3802812,35.61831752,NA,NA,NA,NA,NA,NA,NA,NA,NA,NA,NA,NA,NA
13201060500,139.3807553,35.61911896,NA,NA,NA,NA,NA,NA,NA,NA,NA,NA,NA,NA,NA
13201060700,139.3817157,35.61609319,NA,NA,NA,NA,NA,NA,NA,NA,NA,NA,NA,NA,NA
13201060800,139.3827506,35.61720693,NA,NA,NA,NA,NA,NA,NA,NA,NA,NA,NA,NA,NA
13201060900,139.383468,35.61931892,NA,NA,NA,NA,NA,NA,NA,NA,NA,NA,NA,NA,NA
13201061000,139.3845235,35.61856195,NA,NA,NA,NA,NA,NA,NA,NA,NA,NA,NA,NA,NA
13201061200,139.3853696,35.61866345,NA,NA,NA,NA,NA,NA,NA,NA,NA,NA,NA,NA,NA
13201061400,139.3855778,35.61945768,NA,NA,NA,NA,NA,NA,NA,NA,NA,NA,NA,NA,NA
13201061500,139.3857666,35.61986236,NA,NA,NA,NA,NA,NA,NA,NA,NA,NA,NA,NA,NA
13201061600,139.3866521,35.61976203,NA,NA,NA,NA,NA,NA,NA,NA,NA,NA,NA,NA,NA
13201061700,139.3863713,35.62109661,NA,NA,NA,NA,NA,NA,NA,NA,NA,NA,NA,NA,NA
13201061800,139.3870541,35.62022517,NA,NA,NA,NA,NA,NA,NA,NA,NA,NA,NA,NA,NA
13201061900,139.3875457,35.62187036,NA,NA,NA,NA,NA,NA,NA,NA,NA,NA,NA,NA,NA
13201062000,139.3881284,35.6208086,NA,NA,NA,NA,NA,NA,NA,NA,NA,NA,NA,NA,NA
13201062100,139.3889119,35.62116034,NA,NA,NA,NA,NA,NA,NA,NA,NA,NA,NA,NA,NA
13201062200,139.3891241,35.62179934,NA,NA,NA,NA,NA,NA,NA,NA,NA,NA,NA,NA,NA
13201062300,139.3900792,35.62311993,NA,NA,NA,NA,NA,NA,NA,NA,NA,NA,NA,NA,NA
13201062400,139.3904397,35.62380366,NA,NA,NA,NA,NA,NA,NA,NA,NA,NA,NA,NA,NA
13201062500,139.3866288,35.62543622,NA,NA,NA,NA,NA,NA,NA,NA,NA,NA,NA,NA,NA
13201062600,139.3857323,35.62452297,NA,NA,NA,NA,NA,NA,NA,NA,NA,NA,NA,NA,NA
13201062700,139.3868628,35.62238129,NA,NA,NA,NA,NA,NA,NA,NA,NA,NA,NA,NA,NA
13201062800,139.3839035,35.62398247,NA,NA,NA,NA,NA,NA,NA,NA,NA,NA,NA,NA,NA
13201062900,139.3823686,35.62001696,NA,NA,NA,NA,NA,NA,NA,NA,NA,NA,NA,NA,NA
13201063000,139.3820597,35.62040768,NA,NA,NA,NA,NA,NA,NA,NA,NA,NA,NA,NA,NA
13201063100,139.3807024,35.6194849,NA,NA,NA,NA,NA,NA,NA,NA,NA,NA,NA,NA,NA
13201063200,139.380771,35.62007098,NA,NA,NA,NA,NA,NA,NA,NA,NA,NA,NA,NA,NA
13201063300,139.380718,35.62235154,NA,NA,NA,NA,NA,NA,NA,NA,NA,NA,NA,NA,NA
13201063400,139.3804281,35.62207622,NA,NA,NA,NA,NA,NA,NA,NA,NA,NA,NA,NA,NA
13201063500,139.3803075,35.6228618,NA,NA,NA,NA,NA,NA,NA,NA,NA,NA,NA,NA,NA
13201063600,139.3786034,35.62199253,NA,NA,NA,NA,NA,NA,NA,NA,NA,NA,NA,NA,NA
13201063700,139.377021,35.62148472,NA,NA,NA,NA,NA,NA,NA,NA,NA,NA,NA,NA,NA
13201063800,139.377203,35.62099059,NA,NA,NA,NA,NA,NA,NA,NA,NA,NA,NA,NA,NA
13201063900,139.3775482,35.61956521,NA,NA,NA,NA,NA,NA,NA,NA,NA,NA,NA,NA,NA
13201064000,139.3704345,35.60618495,NA,NA,NA,NA,NA,NA,NA,NA,NA,NA,NA,NA,NA
13201064100,139.3566655,35.61750772,NA,NA,NA,NA,NA,NA,NA,NA,NA,NA,NA,NA,NA
13201064300,139.3502147,35.61684562,NA,NA,NA,NA,NA,NA,NA,NA,NA,NA,NA,NA,NA
13201064400,139.3516068,35.61696353,NA,NA,NA,NA,NA,NA,NA,NA,NA,NA,NA,NA,NA
13201064500,139.3509001,35.61586544,NA,NA,NA,NA,NA,NA,NA,NA,NA,NA,NA,NA,NA
13201064600,139.3504264,35.61560489,NA,NA,NA,NA,NA,NA,NA,NA,NA,NA,NA,NA,NA
13201064800,139.3500992,35.61636389,NA,NA,NA,NA,NA,NA,NA,NA,NA,NA,NA,NA,NA
13201064900,139.3491663,35.61647946,NA,NA,NA,NA,NA,NA,NA,NA,NA,NA,NA,NA,NA
13201065200,139.3478475,35.61685189,NA,NA,NA,NA,NA,NA,NA,NA,NA,NA,NA,NA,NA
13201065500,139.3463856,35.61913154,NA,NA,NA,NA,NA,NA,NA,NA,NA,NA,NA,NA,NA
13201065600,139.345959,35.61727054,NA,NA,NA,NA,NA,NA,NA,NA,NA,NA,NA,NA,NA
13201066300,139.3425945,35.62017308,NA,NA,NA,NA,NA,NA,NA,NA,NA,NA,NA,NA,NA
13201066400,139.3432731,35.61936403,NA,NA,NA,NA,NA,NA,NA,NA,NA,NA,NA,NA,NA
13201066600,139.3426071,35.61783507,NA,NA,NA,NA,NA,NA,NA,NA,NA,NA,NA,NA,NA
13201066700,139.3417304,35.61726398,NA,NA,NA,NA,NA,NA,NA,NA,NA,NA,NA,NA,NA
13201068000,139.3318245,35.61785017,NA,NA,NA,NA,NA,NA,NA,NA,NA,NA,NA,NA,NA
13201068100,139.3320011,35.61674194,NA,NA,NA,NA,NA,NA,NA,NA,NA,NA,NA,NA,NA
13201068500,139.3300321,35.61649655,NA,NA,NA,NA,NA,NA,NA,NA,NA,NA,NA,NA,NA
13201068700,139.3284464,35.61755349,NA,NA,NA,NA,NA,NA,NA,NA,NA,NA,NA,NA,NA
13201069000,139.3260444,35.61812435,NA,NA,NA,NA,NA,NA,NA,NA,NA,NA,NA,NA,NA
13201069100,139.3239038,35.62172948,NA,NA,NA,NA,NA,NA,NA,NA,NA,NA,NA,NA,NA
13201069200,139.3881911,35.60354981,NA,NA,NA,NA,NA,NA,NA,NA,NA,NA,NA,NA,NA
13201069300,139.4119437,35.64153058,NA,NA,NA,NA,NA,NA,NA,NA,NA,NA,NA,NA,NA
13201069400,139.4138811,35.64054913,NA,NA,NA,NA,NA,NA,NA,NA,NA,NA,NA,NA,NA
13201069500,139.4126934,35.6396026,NA,NA,NA,NA,NA,NA,NA,NA,NA,NA,NA,NA,NA
13201069600,139.4188251,35.64205124,NA,NA,NA,NA,NA,NA,NA,NA,NA,NA,NA,NA,NA
13201069701,139.2764142,35.66525367,NA,NA,NA,NA,NA,NA,NA,NA,NA,NA,NA,NA,NA
13201069702,139.2749036,35.6639148,NA,NA,NA,NA,NA,NA,NA,NA,NA,NA,NA,NA,NA
13201069703,139.273702,35.66309285,NA,NA,NA,NA,NA,NA,NA,NA,NA,NA,NA,NA,NA
13201069704,139.2756932,35.66144711,NA,NA,NA,NA,NA,NA,NA,NA,NA,NA,NA,NA,NA
13201069705,139.2769292,35.66228393,NA,NA,NA,NA,NA,NA,NA,NA,NA,NA,NA,NA,NA
13201069706,139.2784055,35.66317653,NA,NA,NA,NA,NA,NA,NA,NA,NA,NA,NA,NA,NA
13201069707,139.2798818,35.66187856,NA,NA,NA,NA,NA,NA,NA,NA,NA,NA,NA,NA,NA
13201069708,139.2824567,35.66274327,NA,NA,NA,NA,NA,NA,NA,NA,NA,NA,NA,NA,NA
13201070801,139.2887303,35.65383186,NA,NA,NA,NA,NA,NA,NA,NA,NA,NA,NA,NA,NA
13201070802,139.287048,35.65235332,NA,NA,NA,NA,NA,NA,NA,NA,NA,NA,NA,NA,NA
13201070803,139.2855031,35.6534692,NA,NA,NA,NA,NA,NA,NA,NA,NA,NA,NA,NA,NA
13201070804,139.2859494,35.65408293,NA,NA,NA,NA,NA,NA,NA,NA,NA,NA,NA,NA,NA
13201070805,139.2863271,35.65597989,NA,NA,NA,NA,NA,NA,NA,NA,NA,NA,NA,NA,NA
13201070806,139.2842328,35.654334,NA,NA,NA,NA,NA,NA,NA,NA,NA,NA,NA,NA,NA
13201070807,139.2835805,35.65500352,NA,NA,NA,NA,NA,NA,NA,NA,NA,NA,NA,NA,NA
13201071201,139.3005715,35.63034917,NA,NA,NA,NA,NA,NA,NA,NA,NA,NA,NA,NA,NA
13201071202,139.2997132,35.6294562,NA,NA,NA,NA,NA,NA,NA,NA,NA,NA,NA,NA,NA
13201071203,139.3007791,35.62874183,NA,NA,NA,NA,NA,NA,NA,NA,NA,NA,NA,NA,NA
13201071204,139.3020194,35.62988595,NA,NA,NA,NA,NA,NA,NA,NA,NA,NA,NA,NA,NA
13201071205,139.3020478,35.63034917,NA,NA,NA,NA,NA,NA,NA,NA,NA,NA,NA,NA,NA
13201071206,139.3019448,35.63138165,NA,NA,NA,NA,NA,NA,NA,NA,NA,NA,NA,NA,NA
13201071207,139.3015328,35.63071193,NA,NA,NA,NA,NA,NA,NA,NA,NA,NA,NA,NA,NA
13201071208,139.3014872,35.62977433,NA,NA,NA,NA,NA,NA,NA,NA,NA,NA,NA,NA,NA
13201071209,139.3032157,35.63010597,NA,NA,NA,NA,NA,NA,NA,NA,NA,NA,NA,NA,NA
13201071210,139.3007431,35.62677725,NA,NA,NA,NA,NA,NA,NA,NA,NA,NA,NA,NA,NA
13201071211,139.3000565,35.62591215,NA,NA,NA,NA,NA,NA,NA,NA,NA,NA,NA,NA,NA
13201071212,139.2997138,35.6246922,NA,NA,NA,NA,NA,NA,NA,NA,NA,NA,NA,NA,NA
13201071213,139.2981339,35.6240703,NA,NA,NA,NA,NA,NA,NA,NA,NA,NA,NA,NA,NA
13201071214,139.3005388,35.62469542,NA,NA,NA,NA,NA,NA,NA,NA,NA,NA,NA,NA,NA
13201071215,139.3018036,35.62583261,NA,NA,NA,NA,NA,NA,NA,NA,NA,NA,NA,NA,NA
13201071216,139.3027306,35.62653027,NA,NA,NA,NA,NA,NA,NA,NA,NA,NA,NA,NA,NA
13201071217,139.303421,35.6279214,NA,NA,NA,NA,NA,NA,NA,NA,NA,NA,NA,NA,NA
13201071218,139.30355839999999,35.62859114,NA,NA,NA,NA,NA,NA,NA,NA,NA,NA,NA,NA,NA
13201073000,139.3233233,35.68792074,NA,NA,NA,NA,NA,NA,NA,NA,NA,NA,NA,NA,NA
13201073100,139.352973,35.64216097,NA,NA,NA,NA,NA,NA,NA,NA,NA,NA,NA,NA,NA
13201073200,139.3385221,35.64987621,NA,NA,NA,NA,NA,NA,NA,NA,NA,NA,NA,NA,NA
13201073300,139.3552836,35.67635206,NA,NA,NA,NA,NA,NA,NA,NA,NA,NA,NA,NA,NA
13201073400,139.357807,35.67265025,NA,NA,NA,NA,NA,NA,NA,NA,NA,NA,NA,NA,NA
13201073500,139.3364039,35.63748072,NA,NA,NA,NA,NA,NA,NA,NA,NA,NA,NA,NA,NA
13201073600,139.3255894,35.63376932,NA,NA,NA,NA,NA,NA,NA,NA,NA,NA,NA,NA,NA
13201073700,139.3237009,35.63301619,NA,NA,NA,NA,NA,NA,NA,NA,NA,NA,NA,NA,NA
13201073800,139.3237355,35.63123003,NA,NA,NA,NA,NA,NA,NA,NA,NA,NA,NA,NA,NA
13201073900,139.3299837,35.63404864,NA,NA,NA,NA,NA,NA,NA,NA,NA,NA,NA,NA,NA
13201074000,139.3173154,35.63307172,NA,NA,NA,NA,NA,NA,NA,NA,NA,NA,NA,NA,NA
13201074100,139.3164571,35.62994641,NA,NA,NA,NA,NA,NA,NA,NA,NA,NA,NA,NA,NA
13201074200,139.3150151,35.62866276,NA,NA,NA,NA,NA,NA,NA,NA,NA,NA,NA,NA,NA
13201074300,139.3201306,35.62896972,NA,NA,NA,NA,NA,NA,NA,NA,NA,NA,NA,NA,NA
13201074400,139.3211262,35.63011384,NA,NA,NA,NA,NA,NA,NA,NA,NA,NA,NA,NA,NA
13201074500,139.3224993,35.62905372,NA,NA,NA,NA,NA,NA,NA,NA,NA,NA,NA,NA,NA
13201074600,139.3243189,35.62919324,NA,NA,NA,NA,NA,NA,NA,NA,NA,NA,NA,NA,NA
13201074700,139.3278785,35.6250451,NA,NA,NA,NA,NA,NA,NA,NA,NA,NA,NA,NA,NA
13201074800,139.3254409,35.62518464,NA,NA,NA,NA,NA,NA,NA,NA,NA,NA,NA,NA,NA
13201074900,139.3258371,35.6243073,NA,NA,NA,NA,NA,NA,NA,NA,NA,NA,NA,NA,NA
13201075000,139.3176315,35.62455877,NA,NA,NA,NA,NA,NA,NA,NA,NA,NA,NA,NA,NA
13201075100,139.3154342,35.62266107,NA,NA,NA,NA,NA,NA,NA,NA,NA,NA,NA,NA,NA
13201075200,139.3166702,35.61987025,NA,NA,NA,NA,NA,NA,NA,NA,NA,NA,NA,NA,NA
13201075300,139.3159492,35.61367429,NA,NA,NA,NA,NA,NA,NA,NA,NA,NA,NA,NA,NA
13201075400,139.3170822,35.615014,NA,NA,NA,NA,NA,NA,NA,NA,NA,NA,NA,NA,NA
13201075500,139.317769,35.61557189,NA,NA,NA,NA,NA,NA,NA,NA,NA,NA,NA,NA,NA
13201075600,139.3205843,35.61546025,NA,NA,NA,NA,NA,NA,NA,NA,NA,NA,NA,NA,NA
13201075700,139.3238458,35.61540443,NA,NA,NA,NA,NA,NA,NA,NA,NA,NA,NA,NA,NA
13201075800,139.3248229,35.62024498,NA,NA,NA,NA,NA,NA,NA,NA,NA,NA,NA,NA,NA
13201075900,139.3270888,35.61996589,NA,NA,NA,NA,NA,NA,NA,NA,NA,NA,NA,NA,NA
13201076000,139.3221634,35.62056796,NA,NA,NA,NA,NA,NA,NA,NA,NA,NA,NA,NA,NA
13201076100,139.3284964,35.62205901,NA,NA,NA,NA,NA,NA,NA,NA,NA,NA,NA,NA,NA
13201076200,139.3293733,35.62282821,NA,NA,NA,NA,NA,NA,NA,NA,NA,NA,NA,NA,NA
13201076300,139.3308496,35.61970249,NA,NA,NA,NA,NA,NA,NA,NA,NA,NA,NA,NA,NA
13201076400,139.3318453,35.61543234,NA,NA,NA,NA,NA,NA,NA,NA,NA,NA,NA,NA,NA
13201076500,139.3337789,35.61458617,NA,NA,NA,NA,NA,NA,NA,NA,NA,NA,NA,NA,NA
13201076600,139.3378111,35.61551656,NA,NA,NA,NA,NA,NA,NA,NA,NA,NA,NA,NA,NA
13201076700,139.3372701,35.6192,NA,NA,NA,NA,NA,NA,NA,NA,NA,NA,NA,NA,NA
13201076800,139.331758,35.62515673,NA,NA,NA,NA,NA,NA,NA,NA,NA,NA,NA,NA,NA
13201076900,139.3300633,35.62522707,NA,NA,NA,NA,NA,NA,NA,NA,NA,NA,NA,NA,NA
13201077000,139.3307967,35.62540789,NA,NA,NA,NA,NA,NA,NA,NA,NA,NA,NA,NA,NA
13201077100,139.3311057,35.62635671,NA,NA,NA,NA,NA,NA,NA,NA,NA,NA,NA,NA,NA
13201077200,139.3319172,35.62743167,NA,NA,NA,NA,NA,NA,NA,NA,NA,NA,NA,NA,NA
13201077300,139.335635,35.63379927,NA,NA,NA,NA,NA,NA,NA,NA,NA,NA,NA,NA,NA
13201077500,139.3382786,35.63218084,NA,NA,NA,NA,NA,NA,NA,NA,NA,NA,NA,NA,NA
13201077700,139.3373516,35.63533397,NA,NA,NA,NA,NA,NA,NA,NA,NA,NA,NA,NA,NA
13201077800,139.3263961,35.67958272,NA,NA,NA,NA,NA,NA,NA,NA,NA,NA,NA,NA,NA
13201077900,139.4241465,35.63834488,NA,NA,NA,NA,NA,NA,NA,NA,NA,NA,NA,NA,NA
13201078000,139.4004552,35.63452378,NA,NA,NA,NA,NA,NA,NA,NA,NA,NA,NA,NA,NA
13201078100,139.3994939,35.63413313,NA,NA,NA,NA,NA,NA,NA,NA,NA,NA,NA,NA,NA
13201078200,139.388516,35.62094485,NA,NA,NA,NA,NA,NA,NA,NA,NA,NA,NA,NA,NA
13201078400,139.37631,35.6129494,NA,NA,NA,NA,NA,NA,NA,NA,NA,NA,NA,NA,NA
13201078600,139.3744492,35.62192023,NA,NA,NA,NA,NA,NA,NA,NA,NA,NA,NA,NA,NA
13201078700,139.3938743,35.63185232,NA,NA,NA,NA,NA,NA,NA,NA,NA,NA,NA,NA,NA
13201078800,139.3789364,35.61238328,NA,NA,NA,NA,NA,NA,NA,NA,NA,NA,NA,NA,NA
13201078900,139.3759895,35.61379629,NA,NA,NA,NA,NA,NA,NA,NA,NA,NA,NA,NA,NA
13201079000,139.3926292,35.63231166,NA,NA,NA,NA,NA,NA,NA,NA,NA,NA,NA,NA,NA
13201079100,139.3923353,35.63155071,NA,NA,NA,NA,NA,NA,NA,NA,NA,NA,NA,NA,NA
13201079200,139.3938022,35.61769019,NA,NA,NA,NA,NA,NA,NA,NA,NA,NA,NA,NA,NA
13201079300,139.3930282,35.61647312,NA,NA,NA,NA,NA,NA,NA,NA,NA,NA,NA,NA,NA
13201079400,139.3969803,35.62071481,NA,NA,NA,NA,NA,NA,NA,NA,NA,NA,NA,NA,NA
13201079500,139.3975288,35.62174902,NA,NA,NA,NA,NA,NA,NA,NA,NA,NA,NA,NA,NA
13201079600,139.3993245,35.62351087,NA,NA,NA,NA,NA,NA,NA,NA,NA,NA,NA,NA,NA
13201079700,139.4068825,35.62837918,NA,NA,NA,NA,NA,NA,NA,NA,NA,NA,NA,NA,NA
13201079800,139.4007197,35.63160224,NA,NA,NA,NA,NA,NA,NA,NA,NA,NA,NA,NA,NA
13201079900,139.3918721,35.63159386,NA,NA,NA,NA,NA,NA,NA,NA,NA,NA,NA,NA,NA
13201080000,139.3914312,35.63262962,NA,NA,NA,NA,NA,NA,NA,NA,NA,NA,NA,NA,NA
13201080100,139.3903612,35.63195533,NA,NA,NA,NA,NA,NA,NA,NA,NA,NA,NA,NA,NA
13201080200,139.3790326,35.62221579,NA,NA,NA,NA,NA,NA,NA,NA,NA,NA,NA,NA,NA
13201080300,139.3868943,35.60035941,NA,NA,NA,NA,NA,NA,NA,NA,NA,NA,NA,NA,NA
13201080400,139.3871001,35.60166985,NA,NA,NA,NA,NA,NA,NA,NA,NA,NA,NA,NA,NA
13201080500,139.3866954,35.60402569,NA,NA,NA,NA,NA,NA,NA,NA,NA,NA,NA,NA,NA
13201080600,139.3855714,35.60571378,NA,NA,NA,NA,NA,NA,NA,NA,NA,NA,NA,NA,NA
13201080700,139.3859592,35.60592168,NA,NA,NA,NA,NA,NA,NA,NA,NA,NA,NA,NA,NA
13201080800,139.3860728,35.6072317,NA,NA,NA,NA,NA,NA,NA,NA,NA,NA,NA,NA,NA
13201080900,139.386866,35.60691971,NA,NA,NA,NA,NA,NA,NA,NA,NA,NA,NA,NA,NA
13201081000,139.3860763,35.60930625,NA,NA,NA,NA,NA,NA,NA,NA,NA,NA,NA,NA,NA
13201081100,139.387697,35.6052204,NA,NA,NA,NA,NA,NA,NA,NA,NA,NA,NA,NA,NA
13201081200,139.3884411,35.60645803,NA,NA,NA,NA,NA,NA,NA,NA,NA,NA,NA,NA,NA
13201081300,139.3889932,35.60686994,NA,NA,NA,NA,NA,NA,NA,NA,NA,NA,NA,NA,NA
13201081400,139.3892136,35.60816033,NA,NA,NA,NA,NA,NA,NA,NA,NA,NA,NA,NA,NA
13201081500,139.3896742,35.6068705,NA,NA,NA,NA,NA,NA,NA,NA,NA,NA,NA,NA,NA
13201081600,139.3911132,35.60781518,NA,NA,NA,NA,NA,NA,NA,NA,NA,NA,NA,NA,NA
13201081700,139.3898025,35.60975352,NA,NA,NA,NA,NA,NA,NA,NA,NA,NA,NA,NA,NA
13201081800,139.3909893,35.61023453,NA,NA,NA,NA,NA,NA,NA,NA,NA,NA,NA,NA,NA
13201081900,139.3900084,35.61053464,NA,NA,NA,NA,NA,NA,NA,NA,NA,NA,NA,NA,NA
13201082000,139.3886742,35.61082023,NA,NA,NA,NA,NA,NA,NA,NA,NA,NA,NA,NA,NA
13201082100,139.3887403,35.61183572,NA,NA,NA,NA,NA,NA,NA,NA,NA,NA,NA,NA,NA
13201082200,139.3903578,35.61175103,NA,NA,NA,NA,NA,NA,NA,NA,NA,NA,NA,NA,NA
13201082300,139.3880154,35.61365864,NA,NA,NA,NA,NA,NA,NA,NA,NA,NA,NA,NA,NA
13201082400,139.3873051,35.61497619,NA,NA,NA,NA,NA,NA,NA,NA,NA,NA,NA,NA,NA
13201082500,139.3883819,35.61551415,NA,NA,NA,NA,NA,NA,NA,NA,NA,NA,NA,NA,NA
13201082600,139.3896315,35.6148632,NA,NA,NA,NA,NA,NA,NA,NA,NA,NA,NA,NA,NA
13201082700,139.3893561,35.61801115,NA,NA,NA,NA,NA,NA,NA,NA,NA,NA,NA,NA,NA
13201082800,139.3895775,35.61944373,NA,NA,NA,NA,NA,NA,NA,NA,NA,NA,NA,NA,NA
13201082900,139.389805,35.62006626,NA,NA,NA,NA,NA,NA,NA,NA,NA,NA,NA,NA,NA
13201083100,139.3922923,35.61765419,NA,NA,NA,NA,NA,NA,NA,NA,NA,NA,NA,NA,NA
13201083200,139.3931176,35.61910115,NA,NA,NA,NA,NA,NA,NA,NA,NA,NA,NA,NA,NA
13201083300,139.3919847,35.61968119,NA,NA,NA,NA,NA,NA,NA,NA,NA,NA,NA,NA,NA
13201083400,139.3931971,35.62048353,NA,NA,NA,NA,NA,NA,NA,NA,NA,NA,NA,NA,NA
13201083500,139.39314100000001,35.62125513,NA,NA,NA,NA,NA,NA,NA,NA,NA,NA,NA,NA,NA
13201083600,139.391041,35.62160122,NA,NA,NA,NA,NA,NA,NA,NA,NA,NA,NA,NA,NA
13201083700,139.3927217,35.62309376,NA,NA,NA,NA,NA,NA,NA,NA,NA,NA,NA,NA,NA
13201083800,139.3939761,35.62198079,NA,NA,NA,NA,NA,NA,NA,NA,NA,NA,NA,NA,NA
13201083900,139.3949031,35.62394827,NA,NA,NA,NA,NA,NA,NA,NA,NA,NA,NA,NA,NA
13201084000,139.3957269,35.62299952,NA,NA,NA,NA,NA,NA,NA,NA,NA,NA,NA,NA,NA
13201084100,139.3973847,35.62369818,NA,NA,NA,NA,NA,NA,NA,NA,NA,NA,NA,NA,NA
13201084200,139.3979064,35.6223909,NA,NA,NA,NA,NA,NA,NA,NA,NA,NA,NA,NA,NA
13201084300,139.3973616,35.62071012,NA,NA,NA,NA,NA,NA,NA,NA,NA,NA,NA,NA,NA
13201084500,139.3962242,35.61950239,NA,NA,NA,NA,NA,NA,NA,NA,NA,NA,NA,NA,NA
13201084600,139.3969798,35.61933221,NA,NA,NA,NA,NA,NA,NA,NA,NA,NA,NA,NA,NA
13201084700,139.396675,35.61851905,NA,NA,NA,NA,NA,NA,NA,NA,NA,NA,NA,NA,NA
13201084800,139.395137,35.61910968,NA,NA,NA,NA,NA,NA,NA,NA,NA,NA,NA,NA,NA
13201084900,139.3960913,35.61810065,NA,NA,NA,NA,NA,NA,NA,NA,NA,NA,NA,NA,NA
13201085000,139.3946735,35.61740721,NA,NA,NA,NA,NA,NA,NA,NA,NA,NA,NA,NA,NA
13201085100,139.3933534,35.61637382,NA,NA,NA,NA,NA,NA,NA,NA,NA,NA,NA,NA,NA
13201085200,139.3928394,35.61601774,NA,NA,NA,NA,NA,NA,NA,NA,NA,NA,NA,NA,NA
13201085300,139.392169,35.61562025,NA,NA,NA,NA,NA,NA,NA,NA,NA,NA,NA,NA,NA
13201085400,139.39184,35.61428694,NA,NA,NA,NA,NA,NA,NA,NA,NA,NA,NA,NA,NA
13201085500,139.3915132,35.61298344,NA,NA,NA,NA,NA,NA,NA,NA,NA,NA,NA,NA,NA
13201085600,139.3916759,35.61221338,NA,NA,NA,NA,NA,NA,NA,NA,NA,NA,NA,NA,NA
13201085700,139.3929154,35.60911976,NA,NA,NA,NA,NA,NA,NA,NA,NA,NA,NA,NA,NA
13201085800,139.3924961,35.61070953,NA,NA,NA,NA,NA,NA,NA,NA,NA,NA,NA,NA,NA
13201085900,139.3926579,35.61127757,NA,NA,NA,NA,NA,NA,NA,NA,NA,NA,NA,NA,NA
13201086000,139.3932209,35.61404443,NA,NA,NA,NA,NA,NA,NA,NA,NA,NA,NA,NA,NA
13201086100,139.3936194,35.6152678,NA,NA,NA,NA,NA,NA,NA,NA,NA,NA,NA,NA,NA
13201086200,139.393938,35.61502693,NA,NA,NA,NA,NA,NA,NA,NA,NA,NA,NA,NA,NA
13201086300,139.3961343,35.61447593,NA,NA,NA,NA,NA,NA,NA,NA,NA,NA,NA,NA,NA
13201086400,139.3963215,35.61272266,NA,NA,NA,NA,NA,NA,NA,NA,NA,NA,NA,NA,NA
13201086500,139.3970613,35.61301061,NA,NA,NA,NA,NA,NA,NA,NA,NA,NA,NA,NA,NA
13201086600,139.3959942,35.61181721,NA,NA,NA,NA,NA,NA,NA,NA,NA,NA,NA,NA,NA
13201086700,139.3985424,35.61360894,NA,NA,NA,NA,NA,NA,NA,NA,NA,NA,NA,NA,NA
13201086800,139.3986894,35.6151931,NA,NA,NA,NA,NA,NA,NA,NA,NA,NA,NA,NA,NA
13201086900,139.3967152,35.61766406,NA,NA,NA,NA,NA,NA,NA,NA,NA,NA,NA,NA,NA
13201087000,139.398553,35.62122115,NA,NA,NA,NA,NA,NA,NA,NA,NA,NA,NA,NA,NA
13201087100,139.4010693,35.62229494,NA,NA,NA,NA,NA,NA,NA,NA,NA,NA,NA,NA,NA
13201087200,139.4018699,35.62645368,NA,NA,NA,NA,NA,NA,NA,NA,NA,NA,NA,NA,NA
13201087300,139.402045,35.62692751,NA,NA,NA,NA,NA,NA,NA,NA,NA,NA,NA,NA,NA
13201087400,139.4034663,35.6276955,NA,NA,NA,NA,NA,NA,NA,NA,NA,NA,NA,NA,NA
13201087500,139.4046203,35.6277084,NA,NA,NA,NA,NA,NA,NA,NA,NA,NA,NA,NA,NA
13201087600,139.4047982,35.626808080000004,NA,NA,NA,NA,NA,NA,NA,NA,NA,NA,NA,NA,NA
13201087700,139.4073784,35.62828296,NA,NA,NA,NA,NA,NA,NA,NA,NA,NA,NA,NA,NA
13201087800,139.408139,35.62995041,NA,NA,NA,NA,NA,NA,NA,NA,NA,NA,NA,NA,NA
13201087900,139.407888,35.62826267,NA,NA,NA,NA,NA,NA,NA,NA,NA,NA,NA,NA,NA
13201088000,139.4078238,35.62706247,NA,NA,NA,NA,NA,NA,NA,NA,NA,NA,NA,NA,NA
13201088100,139.4074318,35.62674668,NA,NA,NA,NA,NA,NA,NA,NA,NA,NA,NA,NA,NA
13201088200,139.405296,35.62570578,NA,NA,NA,NA,NA,NA,NA,NA,NA,NA,NA,NA,NA
13201088300,139.4043347,35.62517555,NA,NA,NA,NA,NA,NA,NA,NA,NA,NA,NA,NA,NA
13201088400,139.4037238,35.62539323,NA,NA,NA,NA,NA,NA,NA,NA,NA,NA,NA,NA,NA
13201088500,139.40018800000001,35.61573651,NA,NA,NA,NA,NA,NA,NA,NA,NA,NA,NA,NA,NA
13201088600,139.4004513,35.61442294,NA,NA,NA,NA,NA,NA,NA,NA,NA,NA,NA,NA,NA
13201088700,139.3997049,35.61400145,NA,NA,NA,NA,NA,NA,NA,NA,NA,NA,NA,NA,NA
13201088800,139.4031535,35.63024384,NA,NA,NA,NA,NA,NA,NA,NA,NA,NA,NA,NA,NA
13201089000,139.3981791,35.6286722,NA,NA,NA,NA,NA,NA,NA,NA,NA,NA,NA,NA,NA
13201089100,139.3990645,35.62808912,NA,NA,NA,NA,NA,NA,NA,NA,NA,NA,NA,NA,NA
13201089300,139.387546,35.62991828,NA,NA,NA,NA,NA,NA,NA,NA,NA,NA,NA,NA,NA
13201089400,139.3852457,35.62915088,NA,NA,NA,NA,NA,NA,NA,NA,NA,NA,NA,NA,NA
13201089500,139.3829515,35.62601114,NA,NA,NA,NA,NA,NA,NA,NA,NA,NA,NA,NA,NA
13201089600,139.3808973,35.62532685,NA,NA,NA,NA,NA,NA,NA,NA,NA,NA,NA,NA,NA
13201089700,139.3756001,35.62083588,NA,NA,NA,NA,NA,NA,NA,NA,NA,NA,NA,NA,NA
13201089800,139.3750022,35.62069633,NA,NA,NA,NA,NA,NA,NA,NA,NA,NA,NA,NA,NA
13201089900,139.3740058,35.62090469,NA,NA,NA,NA,NA,NA,NA,NA,NA,NA,NA,NA,NA
13201090000,139.3740431,35.62248683,NA,NA,NA,NA,NA,NA,NA,NA,NA,NA,NA,NA,NA
13201090100,139.3702271,35.62004048,NA,NA,NA,NA,NA,NA,NA,NA,NA,NA,NA,NA,NA
13201090200,139.3700211,35.6191474,NA,NA,NA,NA,NA,NA,NA,NA,NA,NA,NA,NA,NA
13201090300,139.3723921,35.61703929,NA,NA,NA,NA,NA,NA,NA,NA,NA,NA,NA,NA,NA
13201090400,139.3713086,35.61662161,NA,NA,NA,NA,NA,NA,NA,NA,NA,NA,NA,NA,NA
13201090500,139.371243,35.61529664,NA,NA,NA,NA,NA,NA,NA,NA,NA,NA,NA,NA,NA
13201090600,139.3707223,35.61403385,NA,NA,NA,NA,NA,NA,NA,NA,NA,NA,NA,NA,NA
13201090700,139.3694203,35.61410968,NA,NA,NA,NA,NA,NA,NA,NA,NA,NA,NA,NA,NA
13201090800,139.3680834,35.6135854,NA,NA,NA,NA,NA,NA,NA,NA,NA,NA,NA,NA,NA
13201090900,139.3667781,35.61013461,NA,NA,NA,NA,NA,NA,NA,NA,NA,NA,NA,NA,NA
13201091000,139.3663086,35.60954149,NA,NA,NA,NA,NA,NA,NA,NA,NA,NA,NA,NA,NA
13201091100,139.3696577,35.6080752,NA,NA,NA,NA,NA,NA,NA,NA,NA,NA,NA,NA,NA
13201091200,139.3620551,35.60669903,NA,NA,NA,NA,NA,NA,NA,NA,NA,NA,NA,NA,NA
13201091300,139.3640446,35.60797699,NA,NA,NA,NA,NA,NA,NA,NA,NA,NA,NA,NA,NA
13201091400,139.3664742,35.61259482,NA,NA,NA,NA,NA,NA,NA,NA,NA,NA,NA,NA,NA
13201091500,139.3661957,35.61781393,NA,NA,NA,NA,NA,NA,NA,NA,NA,NA,NA,NA,NA
13201091600,139.3638777,35.61805799,NA,NA,NA,NA,NA,NA,NA,NA,NA,NA,NA,NA,NA
13201091700,139.3638928,35.61280285,NA,NA,NA,NA,NA,NA,NA,NA,NA,NA,NA,NA,NA
13201091800,139.3631881,35.61113712,NA,NA,NA,NA,NA,NA,NA,NA,NA,NA,NA,NA,NA
13201091900,139.3618882,35.61466982,NA,NA,NA,NA,NA,NA,NA,NA,NA,NA,NA,NA,NA
13201092000,139.3595615,35.61155805,NA,NA,NA,NA,NA,NA,NA,NA,NA,NA,NA,NA,NA
13201092100,139.3599476,35.60670083,NA,NA,NA,NA,NA,NA,NA,NA,NA,NA,NA,NA,NA
13201092200,139.3980037,35.62150024,NA,NA,NA,NA,NA,NA,NA,NA,NA,NA,NA,NA,NA
13201092300,139.384125,35.61631023,NA,NA,NA,NA,NA,NA,NA,NA,NA,NA,NA,NA,NA
13201092400,139.3444812,35.61242181,NA,NA,NA,NA,NA,NA,NA,NA,NA,NA,NA,NA,NA
13201092500,139.3455099,35.6107996,NA,NA,NA,NA,NA,NA,NA,NA,NA,NA,NA,NA,NA
13201092600,139.3488453,35.61292216,NA,NA,NA,NA,NA,NA,NA,NA,NA,NA,NA,NA,NA
13201092700,139.3503318,35.60958743,NA,NA,NA,NA,NA,NA,NA,NA,NA,NA,NA,NA,NA
13201092900,139.3536708,35.61173924,NA,NA,NA,NA,NA,NA,NA,NA,NA,NA,NA,NA,NA
13201093000,139.3548797,35.61053701,NA,NA,NA,NA,NA,NA,NA,NA,NA,NA,NA,NA,NA
13201093100,139.357467,35.61158089,NA,NA,NA,NA,NA,NA,NA,NA,NA,NA,NA,NA,NA
13201093200,139.3546914,35.6093902,NA,NA,NA,NA,NA,NA,NA,NA,NA,NA,NA,NA,NA
13201093300,139.3533347,35.60759225,NA,NA,NA,NA,NA,NA,NA,NA,NA,NA,NA,NA,NA
13201093400,139.3580424,35.60686727,NA,NA,NA,NA,NA,NA,NA,NA,NA,NA,NA,NA,NA
13201093500,139.3584602,35.60577991,NA,NA,NA,NA,NA,NA,NA,NA,NA,NA,NA,NA,NA
13201093600,139.3582359,35.61249828,NA,NA,NA,NA,NA,NA,NA,NA,NA,NA,NA,NA,NA
13201093700,139.3586562,35.61332864,NA,NA,NA,NA,NA,NA,NA,NA,NA,NA,NA,NA,NA
13201093800,139.3480533,35.60896701,NA,NA,NA,NA,NA,NA,NA,NA,NA,NA,NA,NA,NA
13201093900,139.4011696,35.63576843,NA,NA,NA,NA,NA,NA,NA,NA,NA,NA,NA,NA,NA
13201094000,139.3995326,35.63748474,NA,NA,NA,NA,NA,NA,NA,NA,NA,NA,NA,NA,NA
13201094100,139.3996761,35.63687059,NA,NA,NA,NA,NA,NA,NA,NA,NA,NA,NA,NA,NA
13201094200,139.3969605,35.63736431,NA,NA,NA,NA,NA,NA,NA,NA,NA,NA,NA,NA,NA
13201094300,139.3959482,35.6373528,NA,NA,NA,NA,NA,NA,NA,NA,NA,NA,NA,NA,NA
13201094400,139.3981454,35.63558097,NA,NA,NA,NA,NA,NA,NA,NA,NA,NA,NA,NA,NA
13201094500,139.3987971,35.63497862,NA,NA,NA,NA,NA,NA,NA,NA,NA,NA,NA,NA,NA
13201094600,139.4000591,35.63487311,NA,NA,NA,NA,NA,NA,NA,NA,NA,NA,NA,NA,NA
13201094700,139.3970746,35.63485734,NA,NA,NA,NA,NA,NA,NA,NA,NA,NA,NA,NA,NA
13201094800,139.3965655,35.63435079,NA,NA,NA,NA,NA,NA,NA,NA,NA,NA,NA,NA,NA
13201094900,139.3960029,35.63370795,NA,NA,NA,NA,NA,NA,NA,NA,NA,NA,NA,NA,NA
13201095000,139.3969658,35.63359525,NA,NA,NA,NA,NA,NA,NA,NA,NA,NA,NA,NA,NA
13201095100,139.3969432,35.63548088,NA,NA,NA,NA,NA,NA,NA,NA,NA,NA,NA,NA,NA
13201095200,139.3964969,35.63083486,NA,NA,NA,NA,NA,NA,NA,NA,NA,NA,NA,NA,NA
13201095300,139.3957514,35.63040527,NA,NA,NA,NA,NA,NA,NA,NA,NA,NA,NA,NA,NA
13201095400,139.3951334,35.63023918,NA,NA,NA,NA,NA,NA,NA,NA,NA,NA,NA,NA,NA
13201095500,139.3939574,35.63084279,NA,NA,NA,NA,NA,NA,NA,NA,NA,NA,NA,NA,NA
13201095600,139.3930391,35.63051823,NA,NA,NA,NA,NA,NA,NA,NA,NA,NA,NA,NA,NA
13201095700,139.3520907,35.6663393,NA,NA,NA,NA,NA,NA,NA,NA,NA,NA,NA,NA,NA
13201095800,139.2587696,35.63999309,NA,NA,NA,NA,NA,NA,NA,NA,NA,NA,NA,NA,NA
13201095900,139.229887,35.71319717,NA,NA,NA,NA,NA,NA,NA,NA,NA,NA,NA,NA,NA
13201096000,139.28,35.71151636,NA,NA,NA,NA,NA,NA,NA,NA,NA,NA,NA,NA,NA
13201096100,139.2848323,35.71157544,NA,NA,NA,NA,NA,NA,NA,NA,NA,NA,NA,NA,NA
13201096200,139.2841199,35.71185088,NA,NA,NA,NA,NA,NA,NA,NA,NA,NA,NA,NA,NA
13201096300,139.2696799,35.69336996,NA,NA,NA,NA,NA,NA,NA,NA,NA,NA,NA,NA,NA
13201096400,139.3032174,35.69212041,NA,NA,NA,NA,NA,NA,NA,NA,NA,NA,NA,NA,NA
13201096500,139.3069853,35.69200191,NA,NA,NA,NA,NA,NA,NA,NA,NA,NA,NA,NA,NA
13201096600,139.250586,35.68560239,NA,NA,NA,NA,NA,NA,NA,NA,NA,NA,NA,NA,NA
13201096700,139.2552208,35.681524,NA,NA,NA,NA,NA,NA,NA,NA,NA,NA,NA,NA,NA
13201096800,139.3062987,35.68975028,NA,NA,NA,NA,NA,NA,NA,NA,NA,NA,NA,NA,NA
13201096900,139.3104958,35.68998033,NA,NA,NA,NA,NA,NA,NA,NA,NA,NA,NA,NA,NA
13201097000,139.3379606,35.69110623,NA,NA,NA,NA,NA,NA,NA,NA,NA,NA,NA,NA,NA
13201097100,139.3440603,35.68844456,NA,NA,NA,NA,NA,NA,NA,NA,NA,NA,NA,NA,NA
13201097200,139.3528803,35.66921217,NA,NA,NA,NA,NA,NA,NA,NA,NA,NA,NA,NA,NA
13201097300,139.2707674,35.67677518,NA,NA,NA,NA,NA,NA,NA,NA,NA,NA,NA,NA,NA
13201097400,139.2773936,35.66832443,NA,NA,NA,NA,NA,NA,NA,NA,NA,NA,NA,NA,NA
13201097500,139.2792132,35.67532495,NA,NA,NA,NA,NA,NA,NA,NA,NA,NA,NA,NA,NA
13201097600,139.2869502,35.66817484,NA,NA,NA,NA,NA,NA,NA,NA,NA,NA,NA,NA,NA
13201097700,139.2960054,35.66660591,NA,NA,NA,NA,NA,NA,NA,NA,NA,NA,NA,NA,NA
13201097800,139.3526986,35.66916499,NA,NA,NA,NA,NA,NA,NA,NA,NA,NA,NA,NA,NA
13201097900,139.2739239,35.65411049,NA,NA,NA,NA,NA,NA,NA,NA,NA,NA,NA,NA,NA
13201098000,139.3088828,35.65258313,NA,NA,NA,NA,NA,NA,NA,NA,NA,NA,NA,NA,NA
13201098100,139.3144189,35.65429182,NA,NA,NA,NA,NA,NA,NA,NA,NA,NA,NA,NA,NA
13201098200,139.3592502,35.66197123,NA,NA,NA,NA,NA,NA,NA,NA,NA,NA,NA,NA,NA
13201098300,139.2714594,35.64214594,NA,NA,NA,NA,NA,NA,NA,NA,NA,NA,NA,NA,NA
13201098400,139.319405,35.64513361,NA,NA,NA,NA,NA,NA,NA,NA,NA,NA,NA,NA,NA
13201098500,139.3218958,35.64291454,NA,NA,NA,NA,NA,NA,NA,NA,NA,NA,NA,NA,NA
13201098600,139.3274233,35.64464436,NA,NA,NA,NA,NA,NA,NA,NA,NA,NA,NA,NA,NA
13201098700,139.3364621,35.64597037,NA,NA,NA,NA,NA,NA,NA,NA,NA,NA,NA,NA,NA
13201098800,139.3381787,35.64351517,NA,NA,NA,NA,NA,NA,NA,NA,NA,NA,NA,NA,NA
13201098900,139.3483583,35.6440613,NA,NA,NA,NA,NA,NA,NA,NA,NA,NA,NA,NA,NA
13201099000,139.3537313,35.63925534,NA,NA,NA,NA,NA,NA,NA,NA,NA,NA,NA,NA,NA
13201099100,139.3571216,35.6408248,NA,NA,NA,NA,NA,NA,NA,NA,NA,NA,NA,NA,NA
13201099200,139.3565466,35.63771374,NA,NA,NA,NA,NA,NA,NA,NA,NA,NA,NA,NA,NA
13201099300,139.2977685,35.64544633,NA,NA,NA,NA,NA,NA,NA,NA,NA,NA,NA,NA,NA
13201099400,139.39979400000001,35.63826763,NA,NA,NA,NA,NA,NA,NA,NA,NA,NA,NA,NA,NA
13201099500,139.2905482,35.63536574,NA,NA,NA,NA,NA,NA,NA,NA,NA,NA,NA,NA,NA
13201099600,139.2970713,35.63581219,NA,NA,NA,NA,NA,NA,NA,NA,NA,NA,NA,NA,NA
13201099700,139.295904,35.63190566,NA,NA,NA,NA,NA,NA,NA,NA,NA,NA,NA,NA,NA
13201099800,139.2993716,35.63134757,NA,NA,NA,NA,NA,NA,NA,NA,NA,NA,NA,NA,NA
13201099900,139.3159819,35.63199458,NA,NA,NA,NA,NA,NA,NA,NA,NA,NA,NA,NA,NA
13201100100,139.3864308,35.63574394,NA,NA,NA,NA,NA,NA,NA,NA,NA,NA,NA,NA,NA
13201100200,139.3693505,35.62855158,NA,NA,NA,NA,NA,NA,NA,NA,NA,NA,NA,NA,NA
13201100300,139.3792639,35.63085376,NA,NA,NA,NA,NA,NA,NA,NA,NA,NA,NA,NA,NA
13201100400,139.3690072,35.6261098,NA,NA,NA,NA,NA,NA,NA,NA,NA,NA,NA,NA,NA
13201100500,139.3747492,35.62520283,NA,NA,NA,NA,NA,NA,NA,NA,NA,NA,NA,NA,NA
13201100600,139.3853407,35.6326257,NA,NA,NA,NA,NA,NA,NA,NA,NA,NA,NA,NA,NA
13201100700,139.4101938,35.63212799,NA,NA,NA,NA,NA,NA,NA,NA,NA,NA,NA,NA,NA
13201100800,139.3876289,35.63260934,NA,NA,NA,NA,NA,NA,NA,NA,NA,NA,NA,NA,NA
13201100900,139.2960701,35.62188283,NA,NA,NA,NA,NA,NA,NA,NA,NA,NA,NA,NA,NA
13201101300,139.3172484,35.63948191,NA,NA,NA,NA,NA,NA,NA,NA,NA,NA,NA,NA,NA
13201101400,139.3121329,35.64877267,NA,NA,NA,NA,NA,NA,NA,NA,NA,NA,NA,NA,NA
13201101500,139.3412124,35.61821789,NA,NA,NA,NA,NA,NA,NA,NA,NA,NA,NA,NA,NA
13201101600,139.3231009,35.69035483,NA,NA,NA,NA,NA,NA,NA,NA,NA,NA,NA,NA,NA
13201101700,139.3535259,35.66567168,NA,NA,NA,NA,NA,NA,NA,NA,NA,NA,NA,NA,NA
13201101800,139.3060234,35.66119662,NA,NA,NA,NA,NA,NA,NA,NA,NA,NA,NA,NA,NA
13201101900,139.3062465,35.64967547,NA,NA,NA,NA,NA,NA,NA,NA,NA,NA,NA,NA,NA
13201102000,139.2817829,35.65038631,NA,NA,NA,NA,NA,NA,NA,NA,NA,NA,NA,NA,NA
13201102100,139.3026244,35.6619782,NA,NA,NA,NA,NA,NA,NA,NA,NA,NA,NA,NA,NA
13201102200,139.4131788,35.64336326,NA,NA,NA,NA,NA,NA,NA,NA,NA,NA,NA,NA,NA
13201102300,139.3284757,35.61975565,NA,NA,NA,NA,NA,NA,NA,NA,NA,NA,NA,NA,NA
13201102400,139.277078,35.64015076,NA,NA,NA,NA,NA,NA,NA,NA,NA,NA,NA,NA,NA
13201102500,139.3073147,35.67917264,NA,NA,NA,NA,NA,NA,NA,NA,NA,NA,NA,NA,NA
13201102600,139.3088542,35.6757689,NA,NA,NA,NA,NA,NA,NA,NA,NA,NA,NA,NA,NA
13201102700,139.3231997,35.69498989,NA,NA,NA,NA,NA,NA,NA,NA,NA,NA,NA,NA,NA
13201102900,139.3038459,35.70325947,NA,NA,NA,NA,NA,NA,NA,NA,NA,NA,NA,NA,NA
13201103000,139.3154674,35.69875679,NA,NA,NA,NA,NA,NA,NA,NA,NA,NA,NA,NA,NA
13201103100,139.2740741,35.67041067,NA,NA,NA,NA,NA,NA,NA,NA,NA,NA,NA,NA,NA
13201103200,139.3528549,35.67654334,NA,NA,NA,NA,NA,NA,NA,NA,NA,NA,NA,NA,NA
13201103300,139.4254235,35.63849199,NA,NA,NA,NA,NA,NA,NA,NA,NA,NA,NA,NA,NA
13201103400,139.3746315,35.61873822,NA,NA,NA,NA,NA,NA,NA,NA,NA,NA,NA,NA,NA
13201103500,139.3632574,35.60685008,NA,NA,NA,NA,NA,NA,NA,NA,NA,NA,NA,NA,NA
13201103600,139.3363126,35.65028435,NA,NA,NA,NA,NA,NA,NA,NA,NA,NA,NA,NA,NA
13202000100,139.3588667,35.73631785,NA,NA,NA,NA,NA,NA,NA,NA,NA,NA,NA,NA,NA
13202000200,139.3647032,35.73408838,NA,NA,NA,NA,NA,NA,NA,NA,NA,NA,NA,NA,NA
13202000300,139.3754836,35.73202607,NA,NA,NA,NA,NA,NA,NA,NA,NA,NA,NA,NA,NA
13202000400,139.3843413,35.72494691,NA,NA,NA,NA,NA,NA,NA,NA,NA,NA,NA,NA,NA
13202000500,139.3938857,35.72862592,NA,NA,NA,NA,NA,NA,NA,NA,NA,NA,NA,NA,NA
13202000600,139.404254,35.7270094,NA,NA,NA,NA,NA,NA,NA,NA,NA,NA,NA,NA,NA
13202000700,139.4020567,35.72115623,NA,NA,NA,NA,NA,NA,NA,NA,NA,NA,NA,NA,NA
13202000800,139.4221754,35.72723237,NA,NA,NA,NA,NA,NA,NA,NA,NA,NA,NA,NA,NA
13202000900,139.4243041,35.71245929,NA,NA,NA,NA,NA,NA,NA,NA,NA,NA,NA,NA,NA
13202001100,139.3906385,35.6976392,NA,NA,NA,NA,NA,NA,NA,NA,NA,NA,NA,NA,NA
13202001200,139.4078046,35.69540865,NA,NA,NA,NA,NA,NA,NA,NA,NA,NA,NA,NA,NA
13202001300,139.4054696,35.68993898,NA,NA,NA,NA,NA,NA,NA,NA,NA,NA,NA,NA,NA
13202001400,139.4089033,35.69072429,NA,NA,NA,NA,NA,NA,NA,NA,NA,NA,NA,NA,NA
13202001500,139.4044053,35.69032936,NA,NA,NA,NA,NA,NA,NA,NA,NA,NA,NA,NA,NA
13202001600,139.404577,35.68968802,NA,NA,NA,NA,NA,NA,NA,NA,NA,NA,NA,NA,NA
13202001700,139.4023111,35.69080339,NA,NA,NA,NA,NA,NA,NA,NA,NA,NA,NA,NA,NA
13202001800,139.4234894,35.69047063,NA,NA,NA,NA,NA,NA,NA,NA,NA,NA,NA,NA,NA
13202001900,139.3898832,35.69630088,NA,NA,NA,NA,NA,NA,NA,NA,NA,NA,NA,NA,NA
13202002000,139.4104825,35.6913935,NA,NA,NA,NA,NA,NA,NA,NA,NA,NA,NA,NA,NA
13202002100,139.4059507,35.69256461,NA,NA,NA,NA,NA,NA,NA,NA,NA,NA,NA,NA,NA
13202002200,139.3926437,35.69843307,NA,NA,NA,NA,NA,NA,NA,NA,NA,NA,NA,NA,NA
13203000100,139.5682,35.70377,NA,NA,NA,NA,NA,NA,NA,NA,NA,NA,NA,NA,NA
13203000200,139.580181,35.70785796,NA,NA,NA,NA,NA,NA,NA,NA,NA,NA,NA,NA,NA
13203000300,139.5718583,35.7008842,NA,NA,NA,NA,NA,NA,NA,NA,NA,NA,NA,NA,NA
13203000400,139.5801838,35.70059146,NA,NA,NA,NA,NA,NA,NA,NA,NA,NA,NA,NA,NA
13203000500,139.5855193,35.69715673,NA,NA,NA,NA,NA,NA,NA,NA,NA,NA,NA,NA,NA
13204000100,139.5281783,35.6866886,NA,NA,NA,NA,NA,NA,NA,NA,NA,NA,NA,NA,NA
13204000200,139.5294654,35.68325278,NA,NA,NA,NA,NA,NA,NA,NA,NA,NA,NA,NA,NA
13204000300,139.5313359,35.68085111,NA,NA,NA,NA,NA,NA,NA,NA,NA,NA,NA,NA,NA
13204000400,139.5307326,35.68080221,NA,NA,NA,NA,NA,NA,NA,NA,NA,NA,NA,NA,NA
13204000500,139.5272323,35.68011585,NA,NA,NA,NA,NA,NA,NA,NA,NA,NA,NA,NA,NA
13204000600,139.5331371,35.67883908,NA,NA,NA,NA,NA,NA,NA,NA,NA,NA,NA,NA,NA
13204000700,139.5318166,35.67846921,NA,NA,NA,NA,NA,NA,NA,NA,NA,NA,NA,NA,NA
13204000800,139.5311942,35.67851858,NA,NA,NA,NA,NA,NA,NA,NA,NA,NA,NA,NA,NA
13204000900,139.52998,35.67678015,NA,NA,NA,NA,NA,NA,NA,NA,NA,NA,NA,NA,NA
13204001000,139.5326815,35.67554427,NA,NA,NA,NA,NA,NA,NA,NA,NA,NA,NA,NA,NA
13204001100,139.5329231,35.67555183,NA,NA,NA,NA,NA,NA,NA,NA,NA,NA,NA,NA,NA
13204001200,139.5359284,35.67582296,NA,NA,NA,NA,NA,NA,NA,NA,NA,NA,NA,NA,NA
13204001300,139.5389942,35.67418323,NA,NA,NA,NA,NA,NA,NA,NA,NA,NA,NA,NA,NA
13204001400,139.5358014,35.67239775,NA,NA,NA,NA,NA,NA,NA,NA,NA,NA,NA,NA,NA
13204001500,139.5373271,35.66874042,NA,NA,NA,NA,NA,NA,NA,NA,NA,NA,NA,NA,NA
13204001600,139.5407272,35.66787721,NA,NA,NA,NA,NA,NA,NA,NA,NA,NA,NA,NA,NA
13204001700,139.540178,35.6647383,NA,NA,NA,NA,NA,NA,NA,NA,NA,NA,NA,NA,NA
13204001800,139.5407709,35.67571175,NA,NA,NA,NA,NA,NA,NA,NA,NA,NA,NA,NA,NA
13204001900,139.5400361,35.6739065,NA,NA,NA,NA,NA,NA,NA,NA,NA,NA,NA,NA,NA
13204002000,139.5404034,35.66997304,NA,NA,NA,NA,NA,NA,NA,NA,NA,NA,NA,NA,NA
13204002100,139.5406238,35.66868985,NA,NA,NA,NA,NA,NA,NA,NA,NA,NA,NA,NA,NA
13204002200,139.5434357,35.66708379,NA,NA,NA,NA,NA,NA,NA,NA,NA,NA,NA,NA,NA
13204002300,139.5651184,35.68168289,NA,NA,NA,NA,NA,NA,NA,NA,NA,NA,NA,NA,NA
13204002400,139.5677619,35.67933557,NA,NA,NA,NA,NA,NA,NA,NA,NA,NA,NA,NA,NA
13204002500,139.5652209,35.67565823,NA,NA,NA,NA,NA,NA,NA,NA,NA,NA,NA,NA,NA
13204002600,139.5718234,35.67743606,NA,NA,NA,NA,NA,NA,NA,NA,NA,NA,NA,NA,NA
13204002700,139.5714801,35.67469486,NA,NA,NA,NA,NA,NA,NA,NA,NA,NA,NA,NA,NA
13204002800,139.5313421,35.67334676,NA,NA,NA,NA,NA,NA,NA,NA,NA,NA,NA,NA,NA
13204002900,139.5761149,35.67545595,NA,NA,NA,NA,NA,NA,NA,NA,NA,NA,NA,NA,NA
13204003000,139.5793099,35.67363438,NA,NA,NA,NA,NA,NA,NA,NA,NA,NA,NA,NA,NA
13204003100,139.5768721,35.6710462,NA,NA,NA,NA,NA,NA,NA,NA,NA,NA,NA,NA,NA
13204003200,139.5725805,35.66920539,NA,NA,NA,NA,NA,NA,NA,NA,NA,NA,NA,NA,NA
13204003300,139.5773527,35.66647198,NA,NA,NA,NA,NA,NA,NA,NA,NA,NA,NA,NA,NA
13204003400,139.5811636,35.66504946,NA,NA,NA,NA,NA,NA,NA,NA,NA,NA,NA,NA,NA
13204003500,139.5846655,35.671353,NA,NA,NA,NA,NA,NA,NA,NA,NA,NA,NA,NA,NA
13204003600,139.5690425,35.67185008,NA,NA,NA,NA,NA,NA,NA,NA,NA,NA,NA,NA,NA
13204003700,139.5668127,35.67046049,NA,NA,NA,NA,NA,NA,NA,NA,NA,NA,NA,NA,NA
13204003800,139.566847,35.66797816,NA,NA,NA,NA,NA,NA,NA,NA,NA,NA,NA,NA,NA
13204003900,139.5686323,35.66775502,NA,NA,NA,NA,NA,NA,NA,NA,NA,NA,NA,NA,NA
13204004000,139.5660574,35.66552363,NA,NA,NA,NA,NA,NA,NA,NA,NA,NA,NA,NA,NA
13204004100,139.5711386,35.66605359,NA,NA,NA,NA,NA,NA,NA,NA,NA,NA,NA,NA,NA
13204004200,139.5711042,35.6648821,NA,NA,NA,NA,NA,NA,NA,NA,NA,NA,NA,NA,NA
13204004300,139.5756361,35.66485421,NA,NA,NA,NA,NA,NA,NA,NA,NA,NA,NA,NA,NA
13204004400,139.5747044,35.68449998,NA,NA,NA,NA,NA,NA,NA,NA,NA,NA,NA,NA,NA
13204004500,139.5789959,35.68659141,NA,NA,NA,NA,NA,NA,NA,NA,NA,NA,NA,NA,NA
13204004600,139.5827945,35.68846918,NA,NA,NA,NA,NA,NA,NA,NA,NA,NA,NA,NA,NA
13204004700,139.586034,35.68514136,NA,NA,NA,NA,NA,NA,NA,NA,NA,NA,NA,NA,NA
13204004800,139.5754818,35.6984234,NA,NA,NA,NA,NA,NA,NA,NA,NA,NA,NA,NA,NA
13204004900,139.5797733,35.69741966,NA,NA,NA,NA,NA,NA,NA,NA,NA,NA,NA,NA,NA
13204005000,139.5779193,35.6990089,NA,NA,NA,NA,NA,NA,NA,NA,NA,NA,NA,NA,NA
13204005100,139.5827602,35.69677839,NA,NA,NA,NA,NA,NA,NA,NA,NA,NA,NA,NA,NA
13204005200,139.5856784,35.69320944,NA,NA,NA,NA,NA,NA,NA,NA,NA,NA,NA,NA,NA
13204005300,139.5855754,35.69471511,NA,NA,NA,NA,NA,NA,NA,NA,NA,NA,NA,NA,NA
13204005400,139.5816616,35.69245659,NA,NA,NA,NA,NA,NA,NA,NA,NA,NA,NA,NA,NA
13204005500,139.5885967,35.68763263,NA,NA,NA,NA,NA,NA,NA,NA,NA,NA,NA,NA,NA
13205000100,139.1708514,35.8456117,NA,NA,NA,NA,NA,NA,NA,NA,NA,NA,NA,NA,NA
13205000200,139.2172343,35.83720669,NA,NA,NA,NA,NA,NA,NA,NA,NA,NA,NA,NA,NA
13205000300,139.2304866,35.83044308,NA,NA,NA,NA,NA,NA,NA,NA,NA,NA,NA,NA,NA
13205000400,139.247278,35.82588881,NA,NA,NA,NA,NA,NA,NA,NA,NA,NA,NA,NA,NA
13205000600,139.2320315,35.81103972,NA,NA,NA,NA,NA,NA,NA,NA,NA,NA,NA,NA,NA
13205000700,139.2438761,35.82108997,NA,NA,NA,NA,NA,NA,NA,NA,NA,NA,NA,NA,NA
13205000800,139.2486513,35.82460832,NA,NA,NA,NA,NA,NA,NA,NA,NA,NA,NA,NA,NA
13205000900,139.2674997,35.83373834,NA,NA,NA,NA,NA,NA,NA,NA,NA,NA,NA,NA,NA
13205001000,139.2756708,35.8382473,NA,NA,NA,NA,NA,NA,NA,NA,NA,NA,NA,NA,NA
13205001100,139.2766321,35.83933275,NA,NA,NA,NA,NA,NA,NA,NA,NA,NA,NA,NA,NA
13205001200,139.2547281,35.80214066,NA,NA,NA,NA,NA,NA,NA,NA,NA,NA,NA,NA,NA
13205001300,139.2679117,35.81656301,NA,NA,NA,NA,NA,NA,NA,NA,NA,NA,NA,NA,NA
13205001400,139.2740267,35.80870727,NA,NA,NA,NA,NA,NA,NA,NA,NA,NA,NA,NA,NA
13205001500,139.2740572,35.8189572,NA,NA,NA,NA,NA,NA,NA,NA,NA,NA,NA,NA,NA
13205001600,139.2799623,35.82043266,NA,NA,NA,NA,NA,NA,NA,NA,NA,NA,NA,NA,NA
13205001700,139.2825029,35.81965318,NA,NA,NA,NA,NA,NA,NA,NA,NA,NA,NA,NA,NA
13205001800,139.2878931,35.823467,NA,NA,NA,NA,NA,NA,NA,NA,NA,NA,NA,NA,NA
13205001900,139.2927339,35.82380105,NA,NA,NA,NA,NA,NA,NA,NA,NA,NA,NA,NA,NA
13205002000,139.2880991,35.82577747,NA,NA,NA,NA,NA,NA,NA,NA,NA,NA,NA,NA,NA
13205002100,139.2884081,35.82658473,NA,NA,NA,NA,NA,NA,NA,NA,NA,NA,NA,NA,NA
13205002200,139.2931116,35.83101058,NA,NA,NA,NA,NA,NA,NA,NA,NA,NA,NA,NA,NA
13205002300,139.2927683,35.83315383,NA,NA,NA,NA,NA,NA,NA,NA,NA,NA,NA,NA,NA
13205002400,139.2888201,35.83607635,NA,NA,NA,NA,NA,NA,NA,NA,NA,NA,NA,NA,NA
13205002500,139.174501,35.80592544,NA,NA,NA,NA,NA,NA,NA,NA,NA,NA,NA,NA,NA
13205002600,139.1774192,35.80055145,NA,NA,NA,NA,NA,NA,NA,NA,NA,NA,NA,NA,NA
13205002700,139.1838394,35.80520151,NA,NA,NA,NA,NA,NA,NA,NA,NA,NA,NA,NA,NA
13205002800,139.184938,35.80715055,NA,NA,NA,NA,NA,NA,NA,NA,NA,NA,NA,NA,NA
13205002900,139.1867919,35.80670506,NA,NA,NA,NA,NA,NA,NA,NA,NA,NA,NA,NA,NA
13205003000,139.1933151,35.8058976,NA,NA,NA,NA,NA,NA,NA,NA,NA,NA,NA,NA,NA
13205003100,139.2068763,35.80684428,NA,NA,NA,NA,NA,NA,NA,NA,NA,NA,NA,NA,NA
13205003200,139.2082496,35.80701134,NA,NA,NA,NA,NA,NA,NA,NA,NA,NA,NA,NA,NA
13205003300,139.2106872,35.80762389,NA,NA,NA,NA,NA,NA,NA,NA,NA,NA,NA,NA,NA
13205003400,139.2107559,35.81118771,NA,NA,NA,NA,NA,NA,NA,NA,NA,NA,NA,NA,NA
13205003500,139.2205749,35.81180022,NA,NA,NA,NA,NA,NA,NA,NA,NA,NA,NA,NA,NA
13205003600,139.215631,35.80559132,NA,NA,NA,NA,NA,NA,NA,NA,NA,NA,NA,NA,NA
13205003700,139.2154937,35.80509013,NA,NA,NA,NA,NA,NA,NA,NA,NA,NA,NA,NA,NA
13205003800,139.2144294,35.80289044,NA,NA,NA,NA,NA,NA,NA,NA,NA,NA,NA,NA,NA
13205003900,139.2233215,35.80600897,NA,NA,NA,NA,NA,NA,NA,NA,NA,NA,NA,NA,NA
13205004000,139.2174163,35.80102482,NA,NA,NA,NA,NA,NA,NA,NA,NA,NA,NA,NA,NA
13205004100,139.2191329,35.80069068,NA,NA,NA,NA,NA,NA,NA,NA,NA,NA,NA,NA,NA
13205004200,139.2203002,35.8014425,NA,NA,NA,NA,NA,NA,NA,NA,NA,NA,NA,NA,NA
13205004300,139.2200942,35.79927055,NA,NA,NA,NA,NA,NA,NA,NA,NA,NA,NA,NA,NA
13205004400,139.2200599,35.79751624,NA,NA,NA,NA,NA,NA,NA,NA,NA,NA,NA,NA,NA
13205004500,139.2234245,35.79863009,NA,NA,NA,NA,NA,NA,NA,NA,NA,NA,NA,NA,NA
13205004600,139.2241454,35.79670868,NA,NA,NA,NA,NA,NA,NA,NA,NA,NA,NA,NA,NA
13205004700,139.2088676,35.80308535,NA,NA,NA,NA,NA,NA,NA,NA,NA,NA,NA,NA,NA
13205004800,139.2114082,35.80130327,NA,NA,NA,NA,NA,NA,NA,NA,NA,NA,NA,NA,NA
13205004900,139.2135711,35.80018946,NA,NA,NA,NA,NA,NA,NA,NA,NA,NA,NA,NA,NA
13205005000,139.2146354,35.79935408,NA,NA,NA,NA,NA,NA,NA,NA,NA,NA,NA,NA,NA
13205005100,139.2125068,35.79300497,NA,NA,NA,NA,NA,NA,NA,NA,NA,NA,NA,NA,NA
13205005200,139.2141891,35.79216952,NA,NA,NA,NA,NA,NA,NA,NA,NA,NA,NA,NA,NA
13205005300,139.2201629,35.79467584,NA,NA,NA,NA,NA,NA,NA,NA,NA,NA,NA,NA,NA
13205005400,139.2254501,35.79150116,NA,NA,NA,NA,NA,NA,NA,NA,NA,NA,NA,NA,NA
13205005500,139.226377,35.78815925,NA,NA,NA,NA,NA,NA,NA,NA,NA,NA,NA,NA,NA
13205005600,139.2209182,35.78317398,NA,NA,NA,NA,NA,NA,NA,NA,NA,NA,NA,NA,NA
13205005700,139.2230125,35.78239413,NA,NA,NA,NA,NA,NA,NA,NA,NA,NA,NA,NA,NA
13205005800,139.2260681,35.78033307,NA,NA,NA,NA,NA,NA,NA,NA,NA,NA,NA,NA,NA
13205005900,139.2278877,35.77938607,NA,NA,NA,NA,NA,NA,NA,NA,NA,NA,NA,NA,NA
13205006000,139.2328658,35.77846692,NA,NA,NA,NA,NA,NA,NA,NA,NA,NA,NA,NA,NA
13205006100,139.2342391,35.77495734,NA,NA,NA,NA,NA,NA,NA,NA,NA,NA,NA,NA,NA
13205006200,139.2287803,35.7868503,NA,NA,NA,NA,NA,NA,NA,NA,NA,NA,NA,NA,NA
13205006400,139.2377067,35.7864604,NA,NA,NA,NA,NA,NA,NA,NA,NA,NA,NA,NA,NA
13205006500,139.2433372,35.78899474,NA,NA,NA,NA,NA,NA,NA,NA,NA,NA,NA,NA,NA
13205006600,139.2395606,35.78888335,NA,NA,NA,NA,NA,NA,NA,NA,NA,NA,NA,NA,NA
13205006700,139.2356468,35.79253156,NA,NA,NA,NA,NA,NA,NA,NA,NA,NA,NA,NA,NA
13205006800,139.2465644,35.79033151,NA,NA,NA,NA,NA,NA,NA,NA,NA,NA,NA,NA,NA
13205007000,139.2515769,35.79069355,NA,NA,NA,NA,NA,NA,NA,NA,NA,NA,NA,NA,NA
13205007100,139.2506156,35.78790861,NA,NA,NA,NA,NA,NA,NA,NA,NA,NA,NA,NA,NA
13205007200,139.250856,35.78565273,NA,NA,NA,NA,NA,NA,NA,NA,NA,NA,NA,NA,NA
13205007300,139.2602594,35.79188855,NA,NA,NA,NA,NA,NA,NA,NA,NA,NA,NA,NA,NA
13205007400,139.2377067,35.78217131,NA,NA,NA,NA,NA,NA,NA,NA,NA,NA,NA,NA,NA
13205007500,139.2391143,35.78150287,NA,NA,NA,NA,NA,NA,NA,NA,NA,NA,NA,NA,NA
13205007600,139.2425132,35.78348035,NA,NA,NA,NA,NA,NA,NA,NA,NA,NA,NA,NA,NA
13205007700,139.2425475,35.78542993,NA,NA,NA,NA,NA,NA,NA,NA,NA,NA,NA,NA,NA
13205007800,139.2481094,35.78406523,NA,NA,NA,NA,NA,NA,NA,NA,NA,NA,NA,NA,NA
13205007900,139.2488304,35.78281191,NA,NA,NA,NA,NA,NA,NA,NA,NA,NA,NA,NA,NA
13205008000,139.2555902,35.78422984,NA,NA,NA,NA,NA,NA,NA,NA,NA,NA,NA,NA,NA
13205008100,139.2609461,35.78395133,NA,NA,NA,NA,NA,NA,NA,NA,NA,NA,NA,NA,NA
13205008200,139.2587831,35.78520463,NA,NA,NA,NA,NA,NA,NA,NA,NA,NA,NA,NA,NA
13205008300,139.2611177,35.78723771,NA,NA,NA,NA,NA,NA,NA,NA,NA,NA,NA,NA,NA
13205008400,139.2616363,35.78827065,NA,NA,NA,NA,NA,NA,NA,NA,NA,NA,NA,NA,NA
13205008500,139.262182,35.78846311,NA,NA,NA,NA,NA,NA,NA,NA,NA,NA,NA,NA,NA
13205008600,139.2673662,35.78801751,NA,NA,NA,NA,NA,NA,NA,NA,NA,NA,NA,NA,NA
13205008700,139.2633493,35.790886,NA,NA,NA,NA,NA,NA,NA,NA,NA,NA,NA,NA,NA
13205008800,139.2717264,35.78342215,NA,NA,NA,NA,NA,NA,NA,NA,NA,NA,NA,NA,NA
13205008900,139.2785585,35.78280942,NA,NA,NA,NA,NA,NA,NA,NA,NA,NA,NA,NA,NA
13205009000,139.2799661,35.78138897,NA,NA,NA,NA,NA,NA,NA,NA,NA,NA,NA,NA,NA
13205009200,139.2745416,35.78080407,NA,NA,NA,NA,NA,NA,NA,NA,NA,NA,NA,NA,NA
13205009300,139.2801721,35.77606903,NA,NA,NA,NA,NA,NA,NA,NA,NA,NA,NA,NA,NA
13205009400,139.2930858,35.76666288,NA,NA,NA,NA,NA,NA,NA,NA,NA,NA,NA,NA,NA
13205009500,139.2862537,35.7640721,NA,NA,NA,NA,NA,NA,NA,NA,NA,NA,NA,NA,NA
13205009600,139.2652033,35.79250122,NA,NA,NA,NA,NA,NA,NA,NA,NA,NA,NA,NA,NA
13205009700,139.2671259,35.79199995,NA,NA,NA,NA,NA,NA,NA,NA,NA,NA,NA,NA,NA
13205009800,139.2736833,35.79133158,NA,NA,NA,NA,NA,NA,NA,NA,NA,NA,NA,NA,NA
13205009900,139.2720697,35.79255691,NA,NA,NA,NA,NA,NA,NA,NA,NA,NA,NA,NA,NA
13205010000,139.2748506,35.79589864,NA,NA,NA,NA,NA,NA,NA,NA,NA,NA,NA,NA,NA
13205010100,139.2736147,35.79592648,NA,NA,NA,NA,NA,NA,NA,NA,NA,NA,NA,NA,NA
13205010200,139.2710054,35.79740237,NA,NA,NA,NA,NA,NA,NA,NA,NA,NA,NA,NA,NA
13205010300,139.2762926,35.79740236,NA,NA,NA,NA,NA,NA,NA,NA,NA,NA,NA,NA,NA
13205010400,139.2806871,35.79687328,NA,NA,NA,NA,NA,NA,NA,NA,NA,NA,NA,NA,NA
13205010500,139.2817857,35.79801498,NA,NA,NA,NA,NA,NA,NA,NA,NA,NA,NA,NA,NA
13205010700,139.2812021,35.80157924,NA,NA,NA,NA,NA,NA,NA,NA,NA,NA,NA,NA,NA
13205010800,139.2777345,35.79531385,NA,NA,NA,NA,NA,NA,NA,NA,NA,NA,NA,NA,NA
13205010900,139.2824037,35.79595433,NA,NA,NA,NA,NA,NA,NA,NA,NA,NA,NA,NA,NA
13205011000,139.2829874,35.7918607,NA,NA,NA,NA,NA,NA,NA,NA,NA,NA,NA,NA,NA
13205011100,139.2856653,35.79656696,NA,NA,NA,NA,NA,NA,NA,NA,NA,NA,NA,NA,NA
13205011200,139.2841547,35.79943514,NA,NA,NA,NA,NA,NA,NA,NA,NA,NA,NA,NA,NA
13205011300,139.2862146,35.79990852,NA,NA,NA,NA,NA,NA,NA,NA,NA,NA,NA,NA,NA
13205011400,139.285734,35.80057681,NA,NA,NA,NA,NA,NA,NA,NA,NA,NA,NA,NA,NA
13205011500,139.2897165,35.79901745,NA,NA,NA,NA,NA,NA,NA,NA,NA,NA,NA,NA,NA
13205011600,139.2931154,35.79653912,NA,NA,NA,NA,NA,NA,NA,NA,NA,NA,NA,NA,NA
13205011700,139.2801721,35.80539393,NA,NA,NA,NA,NA,NA,NA,NA,NA,NA,NA,NA,NA
13205011800,139.2799661,35.80508765,NA,NA,NA,NA,NA,NA,NA,NA,NA,NA,NA,NA,NA
13205011900,139.2809961,35.80475352,NA,NA,NA,NA,NA,NA,NA,NA,NA,NA,NA,NA,NA
13205012000,139.2812021,35.80414095,NA,NA,NA,NA,NA,NA,NA,NA,NA,NA,NA,NA,NA
13205012100,139.2819574,35.80411311,NA,NA,NA,NA,NA,NA,NA,NA,NA,NA,NA,NA,NA
13205012200,139.2831247,35.80386251,NA,NA,NA,NA,NA,NA,NA,NA,NA,NA,NA,NA,NA
13205012300,139.2837084,35.80302717,NA,NA,NA,NA,NA,NA,NA,NA,NA,NA,NA,NA,NA
13205012400,139.2848757,35.80447508,NA,NA,NA,NA,NA,NA,NA,NA,NA,NA,NA,NA,NA
13205012500,139.2851846,35.8039182,NA,NA,NA,NA,NA,NA,NA,NA,NA,NA,NA,NA,NA
13205012600,139.2875192,35.8021083,NA,NA,NA,NA,NA,NA,NA,NA,NA,NA,NA,NA,NA
13205012700,139.2893732,35.80283226,NA,NA,NA,NA,NA,NA,NA,NA,NA,NA,NA,NA,NA
13205012800,139.2890642,35.80458646,NA,NA,NA,NA,NA,NA,NA,NA,NA,NA,NA,NA,NA
13205012900,139.2935274,35.80377898,NA,NA,NA,NA,NA,NA,NA,NA,NA,NA,NA,NA,NA
13205013000,139.2952783,35.80731513,NA,NA,NA,NA,NA,NA,NA,NA,NA,NA,NA,NA,NA
13205013100,139.2971666,35.80684179,NA,NA,NA,NA,NA,NA,NA,NA,NA,NA,NA,NA,NA
13205013200,139.2997759,35.80890217,NA,NA,NA,NA,NA,NA,NA,NA,NA,NA,NA,NA,NA
13205013300,139.300186,35.796509,NA,NA,NA,NA,NA,NA,NA,NA,NA,NA,NA,NA,NA
13205013400,139.2984369,35.7979036,NA,NA,NA,NA,NA,NA,NA,NA,NA,NA,NA,NA,NA
13205013500,139.2978876,35.80029835,NA,NA,NA,NA,NA,NA,NA,NA,NA,NA,NA,NA,NA
13205013600,139.2994325,35.80199692,NA,NA,NA,NA,NA,NA,NA,NA,NA,NA,NA,NA,NA
13205013700,139.3010462,35.80336131,NA,NA,NA,NA,NA,NA,NA,NA,NA,NA,NA,NA,NA
13205013800,139.3002222,35.80397388,NA,NA,NA,NA,NA,NA,NA,NA,NA,NA,NA,NA,NA
13205013900,139.3033807,35.8043637,NA,NA,NA,NA,NA,NA,NA,NA,NA,NA,NA,NA,NA
13205014000,139.3024538,35.8087908,NA,NA,NA,NA,NA,NA,NA,NA,NA,NA,NA,NA,NA
13205014100,139.3082216,35.81087896,NA,NA,NA,NA,NA,NA,NA,NA,NA,NA,NA,NA,NA
13205014200,139.3073633,35.80870727,NA,NA,NA,NA,NA,NA,NA,NA,NA,NA,NA,NA,NA
13205014300,139.3117235,35.81115738,NA,NA,NA,NA,NA,NA,NA,NA,NA,NA,NA,NA,NA
13205014400,139.3126848,35.81029428,NA,NA,NA,NA,NA,NA,NA,NA,NA,NA,NA,NA,NA
13205014500,139.3139551,35.81040565,NA,NA,NA,NA,NA,NA,NA,NA,NA,NA,NA,NA,NA
13205014600,139.3144701,35.81029428,NA,NA,NA,NA,NA,NA,NA,NA,NA,NA,NA,NA,NA
13205014700,139.3157747,35.81146364,NA,NA,NA,NA,NA,NA,NA,NA,NA,NA,NA,NA,NA
13205014800,139.3092172,35.80642414,NA,NA,NA,NA,NA,NA,NA,NA,NA,NA,NA,NA,NA
13205014900,139.3121698,35.80650767,NA,NA,NA,NA,NA,NA,NA,NA,NA,NA,NA,NA,NA
13205015000,139.318178,35.80792767,NA,NA,NA,NA,NA,NA,NA,NA,NA,NA,NA,NA,NA
13205015100,139.3117235,35.80241459,NA,NA,NA,NA,NA,NA,NA,NA,NA,NA,NA,NA,NA
13205015200,139.2975443,35.79041257,NA,NA,NA,NA,NA,NA,NA,NA,NA,NA,NA,NA,NA
13205015400,139.306402,35.79096955,NA,NA,NA,NA,NA,NA,NA,NA,NA,NA,NA,NA,NA
13205015600,139.2082839,35.80417128,NA,NA,NA,NA,NA,NA,NA,NA,NA,NA,NA,NA,NA
13205015700,139.3034494,35.81060054,NA,NA,NA,NA,NA,NA,NA,NA,NA,NA,NA,NA,NA
13205015800,139.3085649,35.80734297,NA,NA,NA,NA,NA,NA,NA,NA,NA,NA,NA,NA,NA
13205016100,139.2776659,35.77528911,NA,NA,NA,NA,NA,NA,NA,NA,NA,NA,NA,NA,NA
13205016200,139.273443,35.78378422,NA,NA,NA,NA,NA,NA,NA,NA,NA,NA,NA,NA,NA
13205016300,139.2079749,35.80233354,NA,NA,NA,NA,NA,NA,NA,NA,NA,NA,NA,NA,NA
13205016400,139.2633493,35.80046543,NA,NA,NA,NA,NA,NA,NA,NA,NA,NA,NA,NA,NA
13205016500,139.264345,35.7979593,NA,NA,NA,NA,NA,NA,NA,NA,NA,NA,NA,NA,NA
13205016600,139.2634523,35.79695682,NA,NA,NA,NA,NA,NA,NA,NA,NA,NA,NA,NA,NA
13205016700,139.2680147,35.79467787,NA,NA,NA,NA,NA,NA,NA,NA,NA,NA,NA,NA,NA
13205016800,139.1741577,35.8038093,NA,NA,NA,NA,NA,NA,NA,NA,NA,NA,NA,NA,NA
13205016900,139.1792388,35.80174879,NA,NA,NA,NA,NA,NA,NA,NA,NA,NA,NA,NA,NA
13205017000,139.185041,35.80522935,NA,NA,NA,NA,NA,NA,NA,NA,NA,NA,NA,NA,NA
13205017100,139.1856933,35.80628741,NA,NA,NA,NA,NA,NA,NA,NA,NA,NA,NA,NA,NA
13205017200,139.1887145,35.80706702,NA,NA,NA,NA,NA,NA,NA,NA,NA,NA,NA,NA,NA
13205017300,139.2134338,35.80645447,NA,NA,NA,NA,NA,NA,NA,NA,NA,NA,NA,NA,NA
13205017400,139.2121635,35.80762389,NA,NA,NA,NA,NA,NA,NA,NA,NA,NA,NA,NA,NA
13205017500,139.195787,35.80252845,NA,NA,NA,NA,NA,NA,NA,NA,NA,NA,NA,NA,NA
13205017600,139.2098289,35.80419912,NA,NA,NA,NA,NA,NA,NA,NA,NA,NA,NA,NA,NA
13205017700,139.2112708,35.80464463,NA,NA,NA,NA,NA,NA,NA,NA,NA,NA,NA,NA,NA
13205017800,139.2006518,35.83759635,NA,NA,NA,NA,NA,NA,NA,NA,NA,NA,NA,NA,NA
13205017900,139.2017161,35.83684487,NA,NA,NA,NA,NA,NA,NA,NA,NA,NA,NA,NA,NA
13205018000,139.2291476,35.82022698,NA,NA,NA,NA,NA,NA,NA,NA,NA,NA,NA,NA,NA
13206000100,139.470458,35.69050485,NA,NA,NA,NA,NA,NA,NA,NA,NA,NA,NA,NA,NA
13206000300,139.457327,35.67054776,NA,NA,NA,NA,NA,NA,NA,NA,NA,NA,NA,NA,NA
13206000401,139.4664047,35.66767101,NA,NA,NA,NA,NA,NA,NA,NA,NA,NA,NA,NA,NA
13206000402,139.4674728,35.66994331,NA,NA,NA,NA,NA,NA,NA,NA,NA,NA,NA,NA,NA
13206000403,139.4654823,35.66918099,NA,NA,NA,NA,NA,NA,NA,NA,NA,NA,NA,NA,NA
13206000404,139.4670391,35.66970076,NA,NA,NA,NA,NA,NA,NA,NA,NA,NA,NA,NA,NA
13206000405,139.4689057,35.67005159,NA,NA,NA,NA,NA,NA,NA,NA,NA,NA,NA,NA,NA
13206000406,139.4669734,35.66843915,NA,NA,NA,NA,NA,NA,NA,NA,NA,NA,NA,NA,NA
13206000407,139.4671582,35.66868743,NA,NA,NA,NA,NA,NA,NA,NA,NA,NA,NA,NA,NA
13206000408,139.4667246,35.6685431,NA,NA,NA,NA,NA,NA,NA,NA,NA,NA,NA,NA,NA
13206000409,139.4667531,35.66836457,NA,NA,NA,NA,NA,NA,NA,NA,NA,NA,NA,NA,NA
13206000410,139.4664688,35.66853202,NA,NA,NA,NA,NA,NA,NA,NA,NA,NA,NA,NA,NA
13206000411,139.4665398,35.66836457,NA,NA,NA,NA,NA,NA,NA,NA,NA,NA,NA,NA,NA
13206000412,139.4663764,35.66870528,NA,NA,NA,NA,NA,NA,NA,NA,NA,NA,NA,NA,NA
13206000413,139.4663479,35.66828946,NA,NA,NA,NA,NA,NA,NA,NA,NA,NA,NA,NA,NA
13206000414,139.4661489,35.66828374,NA,NA,NA,NA,NA,NA,NA,NA,NA,NA,NA,NA,NA
13206000415,139.4667744,35.66785631,NA,NA,NA,NA,NA,NA,NA,NA,NA,NA,NA,NA,NA
13206000416,139.4668029,35.66801805,NA,NA,NA,NA,NA,NA,NA,NA,NA,NA,NA,NA,NA
13206000417,139.4664545,35.66794294,NA,NA,NA,NA,NA,NA,NA,NA,NA,NA,NA,NA,NA
13206000419,139.4655321,35.66955635,NA,NA,NA,NA,NA,NA,NA,NA,NA,NA,NA,NA,NA
13206000420,139.4636625,35.67035912,NA,NA,NA,NA,NA,NA,NA,NA,NA,NA,NA,NA,NA
13206000422,139.4695013,35.669296,NA,NA,NA,NA,NA,NA,NA,NA,NA,NA,NA,NA,NA
13206000423,139.4695854,35.66959118,NA,NA,NA,NA,NA,NA,NA,NA,NA,NA,NA,NA,NA
13206000424,139.4652734,35.66843735,NA,NA,NA,NA,NA,NA,NA,NA,NA,NA,NA,NA,NA
13206000425,139.4681483,35.66905561,NA,NA,NA,NA,NA,NA,NA,NA,NA,NA,NA,NA,NA
13206000426,139.4658296,35.66739574,NA,NA,NA,NA,NA,NA,NA,NA,NA,NA,NA,NA,NA
13206000427,139.4663231,35.66988855,NA,NA,NA,NA,NA,NA,NA,NA,NA,NA,NA,NA,NA
13206000428,139.4629757,35.66750033,NA,NA,NA,NA,NA,NA,NA,NA,NA,NA,NA,NA,NA
13206000429,139.4643704,35.66831965,NA,NA,NA,NA,NA,NA,NA,NA,NA,NA,NA,NA,NA
13206000461,139.4673745,35.66831965,NA,NA,NA,NA,NA,NA,NA,NA,NA,NA,NA,NA,NA
13206000462,139.4680397,35.66901695,NA,NA,NA,NA,NA,NA,NA,NA,NA,NA,NA,NA,NA
13206000463,139.4648211,35.66950505,NA,NA,NA,NA,NA,NA,NA,NA,NA,NA,NA,NA,NA
13206000464,139.4636783,35.66985156,NA,NA,NA,NA,NA,NA,NA,NA,NA,NA,NA,NA,NA
13206000465,139.4633501,35.66907244,NA,NA,NA,NA,NA,NA,NA,NA,NA,NA,NA,NA,NA
13206000421,139.4634424,35.66980022,NA,NA,NA,NA,NA,NA,NA,NA,NA,NA,NA,NA,NA
13206000500,139.463979,35.69131208,NA,NA,NA,NA,NA,NA,NA,NA,NA,NA,NA,NA,NA
13206000600,139.4790327,35.66781638,NA,NA,NA,NA,NA,NA,NA,NA,NA,NA,NA,NA,NA
13206000900,139.4666811,35.69234093,NA,NA,NA,NA,NA,NA,NA,NA,NA,NA,NA,NA,NA
13206001000,139.4683921,35.68689316,NA,NA,NA,NA,NA,NA,NA,NA,NA,NA,NA,NA,NA
13206001100,139.4752554,35.66271016,NA,NA,NA,NA,NA,NA,NA,NA,NA,NA,NA,NA,NA
13206001200,139.4820232,35.66248352,NA,NA,NA,NA,NA,NA,NA,NA,NA,NA,NA,NA,NA
13206001300,139.4877678,35.68257138,NA,NA,NA,NA,NA,NA,NA,NA,NA,NA,NA,NA,NA
13206001400,139.4932065,35.68789759,NA,NA,NA,NA,NA,NA,NA,NA,NA,NA,NA,NA,NA
13206001500,139.5013089,35.67732925,NA,NA,NA,NA,NA,NA,NA,NA,NA,NA,NA,NA,NA
13206001600,139.5033719,35.67789033,NA,NA,NA,NA,NA,NA,NA,NA,NA,NA,NA,NA,NA
13206001700,139.5068651,35.66721598,NA,NA,NA,NA,NA,NA,NA,NA,NA,NA,NA,NA,NA
13206001800,139.5178956,35.69068281,NA,NA,NA,NA,NA,NA,NA,NA,NA,NA,NA,NA,NA
13206001900,139.5187054,35.69009067,NA,NA,NA,NA,NA,NA,NA,NA,NA,NA,NA,NA,NA
13206002000,139.5194607,35.68905895,NA,NA,NA,NA,NA,NA,NA,NA,NA,NA,NA,NA,NA
13206002100,139.5230149,35.66873577,NA,NA,NA,NA,NA,NA,NA,NA,NA,NA,NA,NA,NA
13206002200,139.4579558,35.67004635,NA,NA,NA,NA,NA,NA,NA,NA,NA,NA,NA,NA,NA
13206002301,139.513975,35.663477,NA,NA,NA,NA,NA,NA,NA,NA,NA,NA,NA,NA,NA
13206002302,139.51419,35.663808,NA,NA,NA,NA,NA,NA,NA,NA,NA,NA,NA,NA,NA
13206002303,139.512066,35.663546,NA,NA,NA,NA,NA,NA,NA,NA,NA,NA,NA,NA,NA
13206002304,139.511057,35.66393,NA,NA,NA,NA,NA,NA,NA,NA,NA,NA,NA,NA,NA
13206002305,139.510564,35.664244,NA,NA,NA,NA,NA,NA,NA,NA,NA,NA,NA,NA,NA
13206002306,139.518932,35.660269,NA,NA,NA,NA,NA,NA,NA,NA,NA,NA,NA,NA,NA
13206002307,139.503804,35.664889,NA,NA,NA,NA,NA,NA,NA,NA,NA,NA,NA,NA,NA
13206002308,139.504148,35.665011,NA,NA,NA,NA,NA,NA,NA,NA,NA,NA,NA,NA,NA
13206002309,139.503847,35.664784,NA,NA,NA,NA,NA,NA,NA,NA,NA,NA,NA,NA,NA
13206002310,139.502195,35.663634,NA,NA,NA,NA,NA,NA,NA,NA,NA,NA,NA,NA,NA
13206002311,139.515241,35.662832,NA,NA,NA,NA,NA,NA,NA,NA,NA,NA,NA,NA,NA
13206002312,139.510435,35.663651,NA,NA,NA,NA,NA,NA,NA,NA,NA,NA,NA,NA,NA
13206002313,139.501745,35.663965,NA,NA,NA,NA,NA,NA,NA,NA,NA,NA,NA,NA,NA
13206002314,139.501616,35.663825,NA,NA,NA,NA,NA,NA,NA,NA,NA,NA,NA,NA,NA
13206002315,139.515671,35.663128,NA,NA,NA,NA,NA,NA,NA,NA,NA,NA,NA,NA,NA
13206002316,139.507388,35.66379,NA,NA,NA,NA,NA,NA,NA,NA,NA,NA,NA,NA,NA
13206002600,139.49657,35.66752443,NA,NA,NA,NA,NA,NA,NA,NA,NA,NA,NA,NA,NA
13206002700,139.495025,35.66638085,NA,NA,NA,NA,NA,NA,NA,NA,NA,NA,NA,NA,NA
13206002800,139.4777973,35.66662153,NA,NA,NA,NA,NA,NA,NA,NA,NA,NA,NA,NA,NA
13206002900,139.521367,35.67629403,NA,NA,NA,NA,NA,NA,NA,NA,NA,NA,NA,NA,NA
13206003000,139.4660055,35.69185355,NA,NA,NA,NA,NA,NA,NA,NA,NA,NA,NA,NA,NA
13206003100,139.4649068,35.69020841,NA,NA,NA,NA,NA,NA,NA,NA,NA,NA,NA,NA,NA
13206003200,139.4657651,35.69051513,NA,NA,NA,NA,NA,NA,NA,NA,NA,NA,NA,NA,NA
13206003300,139.4663831,35.69288523,NA,NA,NA,NA,NA,NA,NA,NA,NA,NA,NA,NA,NA
13206003400,139.5174351,35.67654769,NA,NA,NA,NA,NA,NA,NA,NA,NA,NA,NA,NA,NA
13206003401,139.5197877,35.67701914,NA,NA,NA,NA,NA,NA,NA,NA,NA,NA,NA,NA,NA
13206003500,139.5204057,35.6661418,NA,NA,NA,NA,NA,NA,NA,NA,NA,NA,NA,NA,NA
13206003600,139.4569602,35.67534549,NA,NA,NA,NA,NA,NA,NA,NA,NA,NA,NA,NA,NA
13206003701,139.4590545,35.66870756,NA,NA,NA,NA,NA,NA,NA,NA,NA,NA,NA,NA,NA
13206003703,139.452628,35.672587,NA,NA,NA,NA,NA,NA,NA,NA,NA,NA,NA,NA,NA
13206003704,139.452619,35.67265,NA,NA,NA,NA,NA,NA,NA,NA,NA,NA,NA,NA,NA
13206003706,139.457134,35.670293,NA,NA,NA,NA,NA,NA,NA,NA,NA,NA,NA,NA,NA
13206003707,139.455889,35.671217,NA,NA,NA,NA,NA,NA,NA,NA,NA,NA,NA,NA,NA
13206003708,139.455701,35.671203,NA,NA,NA,NA,NA,NA,NA,NA,NA,NA,NA,NA,NA
13206003709,139.45534,35.67144,NA,NA,NA,NA,NA,NA,NA,NA,NA,NA,NA,NA,NA
13206003710,139.455194,35.671468,NA,NA,NA,NA,NA,NA,NA,NA,NA,NA,NA,NA,NA
13206003711,139.455074,35.67144,NA,NA,NA,NA,NA,NA,NA,NA,NA,NA,NA,NA,NA
13206003712,139.454576,35.671558,NA,NA,NA,NA,NA,NA,NA,NA,NA,NA,NA,NA,NA
13206003713,139.455211,35.671698,NA,NA,NA,NA,NA,NA,NA,NA,NA,NA,NA,NA,NA
13206003714,139.455997,35.671583,NA,NA,NA,NA,NA,NA,NA,NA,NA,NA,NA,NA,NA
13206003715,139.457928,35.670641,NA,NA,NA,NA,NA,NA,NA,NA,NA,NA,NA,NA,NA
13206003716,139.457413,35.67106,NA,NA,NA,NA,NA,NA,NA,NA,NA,NA,NA,NA,NA
13206003717,139.457585,35.670485,NA,NA,NA,NA,NA,NA,NA,NA,NA,NA,NA,NA,NA
13206003718,139.453254,35.672566,NA,NA,NA,NA,NA,NA,NA,NA,NA,NA,NA,NA,NA
13206003719,139.453486,35.672664,NA,NA,NA,NA,NA,NA,NA,NA,NA,NA,NA,NA,NA
13206003720,139.45664,35.670328,NA,NA,NA,NA,NA,NA,NA,NA,NA,NA,NA,NA,NA
13206003721,139.452825,35.672601,NA,NA,NA,NA,NA,NA,NA,NA,NA,NA,NA,NA,NA
13206003800,139.4954382,35.66213784,NA,NA,NA,NA,NA,NA,NA,NA,NA,NA,NA,NA,NA
13207000100,139.3352492,35.71278556,NA,NA,NA,NA,NA,NA,NA,NA,NA,NA,NA,NA,NA
13207000200,139.3355582,35.70946822,NA,NA,NA,NA,NA,NA,NA,NA,NA,NA,NA,NA,NA
13207000300,139.3413947,35.70647404,NA,NA,NA,NA,NA,NA,NA,NA,NA,NA,NA,NA,NA
13207000400,139.342871,35.7057492,NA,NA,NA,NA,NA,NA,NA,NA,NA,NA,NA,NA,NA
13207000500,139.3487761,35.70558193,NA,NA,NA,NA,NA,NA,NA,NA,NA,NA,NA,NA,NA
13207000600,139.3439009,35.71222803,NA,NA,NA,NA,NA,NA,NA,NA,NA,NA,NA,NA,NA
13207000700,139.3445876,35.71473687,NA,NA,NA,NA,NA,NA,NA,NA,NA,NA,NA,NA,NA
13207000800,139.3432593,35.71653896,NA,NA,NA,NA,NA,NA,NA,NA,NA,NA,NA,NA,NA
13207000900,139.3458235,35.71362184,NA,NA,NA,NA,NA,NA,NA,NA,NA,NA,NA,NA,NA
13207001000,139.3447249,35.71303644,NA,NA,NA,NA,NA,NA,NA,NA,NA,NA,NA,NA,NA
13207001100,139.3478148,35.71264618,NA,NA,NA,NA,NA,NA,NA,NA,NA,NA,NA,NA,NA
13207001200,139.361215,35.71040609,NA,NA,NA,NA,NA,NA,NA,NA,NA,NA,NA,NA,NA
13207001300,139.3550932,35.70650192,NA,NA,NA,NA,NA,NA,NA,NA,NA,NA,NA,NA,NA
13207001400,139.3565754,35.69975566,NA,NA,NA,NA,NA,NA,NA,NA,NA,NA,NA,NA,NA
13207001500,139.3396437,35.69471973,NA,NA,NA,NA,NA,NA,NA,NA,NA,NA,NA,NA,NA
13207001600,139.3454459,35.69296311,NA,NA,NA,NA,NA,NA,NA,NA,NA,NA,NA,NA,NA
13207001700,139.3794033,35.72447999,NA,NA,NA,NA,NA,NA,NA,NA,NA,NA,NA,NA,NA
13207001800,139.368829,35.70413075,NA,NA,NA,NA,NA,NA,NA,NA,NA,NA,NA,NA,NA
13207001900,139.3659138,35.70134485,NA,NA,NA,NA,NA,NA,NA,NA,NA,NA,NA,NA,NA
13207002000,139.3720906,35.70290405,NA,NA,NA,NA,NA,NA,NA,NA,NA,NA,NA,NA,NA
13207002100,139.3789227,35.6988614,NA,NA,NA,NA,NA,NA,NA,NA,NA,NA,NA,NA,NA
13207002200,139.3790943,35.69852683,NA,NA,NA,NA,NA,NA,NA,NA,NA,NA,NA,NA,NA
13207002300,139.3857836,35.69881777,NA,NA,NA,NA,NA,NA,NA,NA,NA,NA,NA,NA,NA
13207002400,139.3868823,35.69689395,NA,NA,NA,NA,NA,NA,NA,NA,NA,NA,NA,NA,NA
13207002500,139.3887362,35.69724247,NA,NA,NA,NA,NA,NA,NA,NA,NA,NA,NA,NA,NA
13207002600,139.343887,35.718903,NA,NA,NA,NA,NA,NA,NA,NA,NA,NA,NA,NA,NA
13207002900,139.3370345,35.70871553,NA,NA,NA,NA,NA,NA,NA,NA,NA,NA,NA,NA,NA
13207003000,139.3381331,35.70815797,NA,NA,NA,NA,NA,NA,NA,NA,NA,NA,NA,NA,NA
13207003100,139.3404097,35.71029459,NA,NA,NA,NA,NA,NA,NA,NA,NA,NA,NA,NA,NA
13207003200,139.3387511,35.70609498,NA,NA,NA,NA,NA,NA,NA,NA,NA,NA,NA,NA,NA
13207003300,139.3436263,35.70990301,NA,NA,NA,NA,NA,NA,NA,NA,NA,NA,NA,NA,NA
13207003400,139.3460982,35.70544253,NA,NA,NA,NA,NA,NA,NA,NA,NA,NA,NA,NA,NA
13207003500,139.3537886,35.70976363,NA,NA,NA,NA,NA,NA,NA,NA,NA,NA,NA,NA,NA
13207003600,139.3509497,35.70452382,NA,NA,NA,NA,NA,NA,NA,NA,NA,NA,NA,NA,NA
13207003700,139.3640862,35.70291803,NA,NA,NA,NA,NA,NA,NA,NA,NA,NA,NA,NA,NA
13207003800,139.378236,35.70061789,NA,NA,NA,NA,NA,NA,NA,NA,NA,NA,NA,NA,NA
13207004300,139.3558592,35.69961695,NA,NA,NA,NA,NA,NA,NA,NA,NA,NA,NA,NA,NA
13207004400,139.3627552,35.69930957,NA,NA,NA,NA,NA,NA,NA,NA,NA,NA,NA,NA,NA
13207004500,139.3627895,35.6998393,NA,NA,NA,NA,NA,NA,NA,NA,NA,NA,NA,NA,NA
13207004600,139.3650898,35.70053632,NA,NA,NA,NA,NA,NA,NA,NA,NA,NA,NA,NA,NA
13207004700,139.3787318,35.71515566,NA,NA,NA,NA,NA,NA,NA,NA,NA,NA,NA,NA,NA
13207004800,139.3795063,35.70383438,NA,NA,NA,NA,NA,NA,NA,NA,NA,NA,NA,NA,NA
13207004900,139.3744938,35.6979692,NA,NA,NA,NA,NA,NA,NA,NA,NA,NA,NA,NA,NA
13207005000,139.3825404,35.7047753,NA,NA,NA,NA,NA,NA,NA,NA,NA,NA,NA,NA,NA
13207005100,139.3427838,35.72112314,NA,NA,NA,NA,NA,NA,NA,NA,NA,NA,NA,NA,NA
13207005200,139.3540289,35.70480132,NA,NA,NA,NA,NA,NA,NA,NA,NA,NA,NA,NA,NA
13208000100,139.5819554,35.66843074,NA,NA,NA,NA,NA,NA,NA,NA,NA,NA,NA,NA,NA
13208000200,139.5850312,35.67069691,NA,NA,NA,NA,NA,NA,NA,NA,NA,NA,NA,NA,NA
13208000300,139.5874488,35.66911635,NA,NA,NA,NA,NA,NA,NA,NA,NA,NA,NA,NA,NA
13208000400,139.5894943,35.66679208,NA,NA,NA,NA,NA,NA,NA,NA,NA,NA,NA,NA,NA
13208000500,139.584402,35.66485111,NA,NA,NA,NA,NA,NA,NA,NA,NA,NA,NA,NA,NA
13208000600,139.5810261,35.65903992,NA,NA,NA,NA,NA,NA,NA,NA,NA,NA,NA,NA,NA
13208000700,139.5854034,35.65376101,NA,NA,NA,NA,NA,NA,NA,NA,NA,NA,NA,NA,NA
13208000800,139.5872189,35.64995753,NA,NA,NA,NA,NA,NA,NA,NA,NA,NA,NA,NA,NA
13208000900,139.5892481,35.64760604,NA,NA,NA,NA,NA,NA,NA,NA,NA,NA,NA,NA,NA
13208001000,139.5578128,35.67407388,NA,NA,NA,NA,NA,NA,NA,NA,NA,NA,NA,NA,NA
13208001100,139.5649612,35.66571255,NA,NA,NA,NA,NA,NA,NA,NA,NA,NA,NA,NA,NA
13208001200,139.5787658,35.65855429,NA,NA,NA,NA,NA,NA,NA,NA,NA,NA,NA,NA,NA
13208001300,139.5797814,35.65447452,NA,NA,NA,NA,NA,NA,NA,NA,NA,NA,NA,NA,NA
13208001400,139.580732,35.65022075,NA,NA,NA,NA,NA,NA,NA,NA,NA,NA,NA,NA,NA
13208001500,139.5829921,35.64979077,NA,NA,NA,NA,NA,NA,NA,NA,NA,NA,NA,NA,NA
13208001600,139.5433433,35.66933823,NA,NA,NA,NA,NA,NA,NA,NA,NA,NA,NA,NA,NA
13208001700,139.5485285,35.67118026,NA,NA,NA,NA,NA,NA,NA,NA,NA,NA,NA,NA,NA
13208001800,139.549816,35.66756606,NA,NA,NA,NA,NA,NA,NA,NA,NA,NA,NA,NA,NA
13208001900,139.5527975,35.66987773,NA,NA,NA,NA,NA,NA,NA,NA,NA,NA,NA,NA,NA
13208002000,139.5554739,35.668594,NA,NA,NA,NA,NA,NA,NA,NA,NA,NA,NA,NA,NA
13208002100,139.5545693,35.66449814,NA,NA,NA,NA,NA,NA,NA,NA,NA,NA,NA,NA,NA
13208002200,139.5463482,35.66730348,NA,NA,NA,NA,NA,NA,NA,NA,NA,NA,NA,NA,NA
13208002300,139.5504021,35.66519745,NA,NA,NA,NA,NA,NA,NA,NA,NA,NA,NA,NA,NA
13208002400,139.546148,35.6658855,NA,NA,NA,NA,NA,NA,NA,NA,NA,NA,NA,NA,NA
13208002500,139.5588752,35.66405133,NA,NA,NA,NA,NA,NA,NA,NA,NA,NA,NA,NA,NA
13208002600,139.5692242,35.66035436,NA,NA,NA,NA,NA,NA,NA,NA,NA,NA,NA,NA,NA
13208002700,139.5248308,35.68457177,NA,NA,NA,NA,NA,NA,NA,NA,NA,NA,NA,NA,NA
13208002800,139.5514406,35.66175237,NA,NA,NA,NA,NA,NA,NA,NA,NA,NA,NA,NA,NA
13208002901,139.553741,35.66039332,NA,NA,NA,NA,NA,NA,NA,NA,NA,NA,NA,NA,NA
13208002902,139.5522325,35.65998484,NA,NA,NA,NA,NA,NA,NA,NA,NA,NA,NA,NA,NA
13208003000,139.556169,35.65751362,NA,NA,NA,NA,NA,NA,NA,NA,NA,NA,NA,NA,NA
13208003100,139.5596349,35.65741136,NA,NA,NA,NA,NA,NA,NA,NA,NA,NA,NA,NA,NA
13208003200,139.5699756,35.65401984,NA,NA,NA,NA,NA,NA,NA,NA,NA,NA,NA,NA,NA
13208003300,139.5705303,35.6512732,NA,NA,NA,NA,NA,NA,NA,NA,NA,NA,NA,NA,NA
13208003400,139.5734335,35.6527501,NA,NA,NA,NA,NA,NA,NA,NA,NA,NA,NA,NA,NA
13208003500,139.5492385,35.65605693,NA,NA,NA,NA,NA,NA,NA,NA,NA,NA,NA,NA,NA
13208003600,139.5582019,35.653348,NA,NA,NA,NA,NA,NA,NA,NA,NA,NA,NA,NA,NA
13208003700,139.5663076,35.64808642,NA,NA,NA,NA,NA,NA,NA,NA,NA,NA,NA,NA,NA
13208003800,139.5229111,35.65969456,NA,NA,NA,NA,NA,NA,NA,NA,NA,NA,NA,NA,NA
13208003900,139.528214,35.655678,NA,NA,NA,NA,NA,NA,NA,NA,NA,NA,NA,NA,NA
13208004000,139.53389,35.65073,NA,NA,NA,NA,NA,NA,NA,NA,NA,NA,NA,NA,NA
13208004100,139.5469021,35.6494191,NA,NA,NA,NA,NA,NA,NA,NA,NA,NA,NA,NA,NA
13208004200,139.5527996,35.6487906,NA,NA,NA,NA,NA,NA,NA,NA,NA,NA,NA,NA,NA
13208004300,139.5561086,35.64930531,NA,NA,NA,NA,NA,NA,NA,NA,NA,NA,NA,NA,NA
13208004400,139.5386634,35.64730895,NA,NA,NA,NA,NA,NA,NA,NA,NA,NA,NA,NA,NA
13208004500,139.5445643,35.64632794,NA,NA,NA,NA,NA,NA,NA,NA,NA,NA,NA,NA,NA
13208004600,139.5495276,35.64537974,NA,NA,NA,NA,NA,NA,NA,NA,NA,NA,NA,NA,NA
13208004700,139.5532333,35.64551589,NA,NA,NA,NA,NA,NA,NA,NA,NA,NA,NA,NA,NA
13208004800,139.5602214,35.6443852,NA,NA,NA,NA,NA,NA,NA,NA,NA,NA,NA,NA,NA
13208004900,139.5573796,35.64174287,NA,NA,NA,NA,NA,NA,NA,NA,NA,NA,NA,NA,NA
13208005000,139.5240667,35.66610443,NA,NA,NA,NA,NA,NA,NA,NA,NA,NA,NA,NA,NA
13208005101,139.5199084,35.65960051,NA,NA,NA,NA,NA,NA,NA,NA,NA,NA,NA,NA,NA
13208005102,139.5197901,35.65949224,NA,NA,NA,NA,NA,NA,NA,NA,NA,NA,NA,NA,NA
13208005103,139.5193283,35.65962784,NA,NA,NA,NA,NA,NA,NA,NA,NA,NA,NA,NA,NA
13208005104,139.5191167,35.65957043,NA,NA,NA,NA,NA,NA,NA,NA,NA,NA,NA,NA,NA
13208005105,139.5202279,35.65927492,NA,NA,NA,NA,NA,NA,NA,NA,NA,NA,NA,NA,NA
13208005106,139.5199443,35.65879903,NA,NA,NA,NA,NA,NA,NA,NA,NA,NA,NA,NA,NA
13208005107,139.5219643,35.65781005,NA,NA,NA,NA,NA,NA,NA,NA,NA,NA,NA,NA,NA
13208005108,139.5224726,35.65715878,NA,NA,NA,NA,NA,NA,NA,NA,NA,NA,NA,NA,NA
13208005109,139.520949,35.65888988,NA,NA,NA,NA,NA,NA,NA,NA,NA,NA,NA,NA,NA
13208005100,139.5223719,35.65734574,NA,NA,NA,NA,NA,NA,NA,NA,NA,NA,NA,NA,NA
13208005111,139.52045,35.65863669,NA,NA,NA,NA,NA,NA,NA,NA,NA,NA,NA,NA,NA
13208005112,139.5213167,35.65864062,NA,NA,NA,NA,NA,NA,NA,NA,NA,NA,NA,NA,NA
13208005113,139.5228838,35.65724595,NA,NA,NA,NA,NA,NA,NA,NA,NA,NA,NA,NA,NA
13208005114,139.5234387,35.65688523,NA,NA,NA,NA,NA,NA,NA,NA,NA,NA,NA,NA,NA
13208005201,139.5346863,35.64775163,NA,NA,NA,NA,NA,NA,NA,NA,NA,NA,NA,NA,NA
13208005202,139.5345456,35.64756532,NA,NA,NA,NA,NA,NA,NA,NA,NA,NA,NA,NA,NA
13208005301,139.546303,35.64532781,NA,NA,NA,NA,NA,NA,NA,NA,NA,NA,NA,NA,NA
13208005302,139.5459479,35.64522562,NA,NA,NA,NA,NA,NA,NA,NA,NA,NA,NA,NA,NA
13208005303,139.543817,35.64474461,NA,NA,NA,NA,NA,NA,NA,NA,NA,NA,NA,NA,NA
13208005304,139.5435215,35.64480752,NA,NA,NA,NA,NA,NA,NA,NA,NA,NA,NA,NA,NA
13208005305,139.5427661,35.64565846,NA,NA,NA,NA,NA,NA,NA,NA,NA,NA,NA,NA,NA
13208005306,139.5437789,35.64775091,NA,NA,NA,NA,NA,NA,NA,NA,NA,NA,NA,NA,NA
13208005401,139.5498043,35.64398446,NA,NA,NA,NA,NA,NA,NA,NA,NA,NA,NA,NA,NA
13208005402,139.5493579,35.64392866,NA,NA,NA,NA,NA,NA,NA,NA,NA,NA,NA,NA,NA
13208005403,139.5495639,35.64447272,NA,NA,NA,NA,NA,NA,NA,NA,NA,NA,NA,NA,NA
13208005404,139.5494438,35.64482147,NA,NA,NA,NA,NA,NA,NA,NA,NA,NA,NA,NA,NA
13208005405,139.5484825,35.64583981,NA,NA,NA,NA,NA,NA,NA,NA,NA,NA,NA,NA,NA
13208005406,139.548019,35.64543526,NA,NA,NA,NA,NA,NA,NA,NA,NA,NA,NA,NA,NA
13208005407,139.5487915,35.64498887,NA,NA,NA,NA,NA,NA,NA,NA,NA,NA,NA,NA,NA
13208005408,139.548946,35.64459827,NA,NA,NA,NA,NA,NA,NA,NA,NA,NA,NA,NA,NA
13208005409,139.5491005,35.64515627,NA,NA,NA,NA,NA,NA,NA,NA,NA,NA,NA,NA,NA
13208005500,139.5554693,35.64436755,NA,NA,NA,NA,NA,NA,NA,NA,NA,NA,NA,NA,NA
13208005600,139.5828963,35.64979448,NA,NA,NA,NA,NA,NA,NA,NA,NA,NA,NA,NA,NA
13208005700,139.5624205,35.66091074,NA,NA,NA,NA,NA,NA,NA,NA,NA,NA,NA,NA,NA
13208005800,139.5884238,35.6471999,NA,NA,NA,NA,NA,NA,NA,NA,NA,NA,NA,NA,NA
13208006000,139.5595709,35.66211018,NA,NA,NA,NA,NA,NA,NA,NA,NA,NA,NA,NA,NA
13208006300,139.5272505,35.67708449,NA,NA,NA,NA,NA,NA,NA,NA,NA,NA,NA,NA,NA
13208006400,139.5379279,35.66511934,NA,NA,NA,NA,NA,NA,NA,NA,NA,NA,NA,NA,NA
13208006500,139.5799928,35.67215293,NA,NA,NA,NA,NA,NA,NA,NA,NA,NA,NA,NA,NA
13209000100,139.2834013,35.61364041,NA,NA,NA,NA,NA,NA,NA,NA,NA,NA,NA,NA,NA
13209000200,139.2860106,35.614394,NA,NA,NA,NA,NA,NA,NA,NA,NA,NA,NA,NA,NA
13209000300,139.2896841,35.61453355,NA,NA,NA,NA,NA,NA,NA,NA,NA,NA,NA,NA,NA
13209000400,139.2901991,35.61637563,NA,NA,NA,NA,NA,NA,NA,NA,NA,NA,NA,NA,NA
13209000500,139.2914892,35.61255148,NA,NA,NA,NA,NA,NA,NA,NA,NA,NA,NA,NA,NA
13209000600,139.2927282,35.61485474,NA,NA,NA,NA,NA,NA,NA,NA,NA,NA,NA,NA,NA
13209000700,139.2971228,35.61242649,NA,NA,NA,NA,NA,NA,NA,NA,NA,NA,NA,NA,NA
13209001000,139.3001066,35.61129546,NA,NA,NA,NA,NA,NA,NA,NA,NA,NA,NA,NA,NA
13209001100,139.3014486,35.61069598,NA,NA,NA,NA,NA,NA,NA,NA,NA,NA,NA,NA,NA
13209001200,139.3009336,35.60877003,NA,NA,NA,NA,NA,NA,NA,NA,NA,NA,NA,NA,NA
13209001300,139.2995565,35.60807222,NA,NA,NA,NA,NA,NA,NA,NA,NA,NA,NA,NA,NA
13209001400,139.3023031,35.60885377,NA,NA,NA,NA,NA,NA,NA,NA,NA,NA,NA,NA,NA
13209001500,139.3026129,35.60747148,NA,NA,NA,NA,NA,NA,NA,NA,NA,NA,NA,NA,NA
13209001600,139.3051535,35.60677365,NA,NA,NA,NA,NA,NA,NA,NA,NA,NA,NA,NA,NA
13209001700,139.3092764,35.60622995,NA,NA,NA,NA,NA,NA,NA,NA,NA,NA,NA,NA,NA
13209001800,139.3111647,35.60606247,NA,NA,NA,NA,NA,NA,NA,NA,NA,NA,NA,NA,NA
13209001900,139.3132216,35.60682947,NA,NA,NA,NA,NA,NA,NA,NA,NA,NA,NA,NA,NA
13209002000,139.3151442,35.6088392,NA,NA,NA,NA,NA,NA,NA,NA,NA,NA,NA,NA,NA
13209002100,139.3189551,35.60872755,NA,NA,NA,NA,NA,NA,NA,NA,NA,NA,NA,NA,NA
13209002200,139.3186461,35.607304,NA,NA,NA,NA,NA,NA,NA,NA,NA,NA,NA,NA,NA
13209002300,139.321221,35.60998361,NA,NA,NA,NA,NA,NA,NA,NA,NA,NA,NA,NA,NA
13209002400,139.322151,35.61203573,NA,NA,NA,NA,NA,NA,NA,NA,NA,NA,NA,NA,NA
13209002500,139.3218823,35.60858644,NA,NA,NA,NA,NA,NA,NA,NA,NA,NA,NA,NA,NA
13209002700,139.3253968,35.60922253,NA,NA,NA,NA,NA,NA,NA,NA,NA,NA,NA,NA,NA
13209002900,139.3255747,35.61210797,NA,NA,NA,NA,NA,NA,NA,NA,NA,NA,NA,NA,NA
13209003000,139.3289602,35.6118541,NA,NA,NA,NA,NA,NA,NA,NA,NA,NA,NA,NA,NA
13209003100,139.3322753,35.61309123,NA,NA,NA,NA,NA,NA,NA,NA,NA,NA,NA,NA,NA
13209003209,139.3303012,35.6098779,NA,NA,NA,NA,NA,NA,NA,NA,NA,NA,NA,NA,NA
13209003211,139.331838,35.61407862,NA,NA,NA,NA,NA,NA,NA,NA,NA,NA,NA,NA,NA
13209003224,139.3341383,35.61204111,NA,NA,NA,NA,NA,NA,NA,NA,NA,NA,NA,NA,NA
13209003226,139.3328336,35.61379951,NA,NA,NA,NA,NA,NA,NA,NA,NA,NA,NA,NA,NA
13209003237,139.3290826,35.61255883,NA,NA,NA,NA,NA,NA,NA,NA,NA,NA,NA,NA,NA
13209003239,139.3287077,35.61261465,NA,NA,NA,NA,NA,NA,NA,NA,NA,NA,NA,NA,NA
13209003240,139.3302805,35.61008515,NA,NA,NA,NA,NA,NA,NA,NA,NA,NA,NA,NA,NA
13209003244,139.3346189,35.61396697,NA,NA,NA,NA,NA,NA,NA,NA,NA,NA,NA,NA,NA
13209003249,139.333692,35.61212484,NA,NA,NA,NA,NA,NA,NA,NA,NA,NA,NA,NA,NA
13209003253,139.328227,35.61281003,NA,NA,NA,NA,NA,NA,NA,NA,NA,NA,NA,NA,NA
13209003254,139.3266195,35.61321338,NA,NA,NA,NA,NA,NA,NA,NA,NA,NA,NA,NA,NA
13209003255,139.3272375,35.61229231,NA,NA,NA,NA,NA,NA,NA,NA,NA,NA,NA,NA,NA
13209003256,139.3266538,35.61360413,NA,NA,NA,NA,NA,NA,NA,NA,NA,NA,NA,NA,NA
13209003263,139.3239074,35.61461633,NA,NA,NA,NA,NA,NA,NA,NA,NA,NA,NA,NA,NA
13209003400,139.3301929,35.60691936,NA,NA,NA,NA,NA,NA,NA,NA,NA,NA,NA,NA,NA
13209003500,139.3310855,35.60739388,NA,NA,NA,NA,NA,NA,NA,NA,NA,NA,NA,NA,NA
13209003600,139.3300312,35.60860794,NA,NA,NA,NA,NA,NA,NA,NA,NA,NA,NA,NA,NA
13209003700,139.330593,35.60982906,NA,NA,NA,NA,NA,NA,NA,NA,NA,NA,NA,NA,NA
13209003800,139.3329366,35.60721229,NA,NA,NA,NA,NA,NA,NA,NA,NA,NA,NA,NA,NA
13209003900,139.3349288,35.60647714,NA,NA,NA,NA,NA,NA,NA,NA,NA,NA,NA,NA,NA
13209004000,139.3368943,35.60675907,NA,NA,NA,NA,NA,NA,NA,NA,NA,NA,NA,NA,NA
13209004100,139.3385135,35.60527893,NA,NA,NA,NA,NA,NA,NA,NA,NA,NA,NA,NA,NA
13209004200,139.3419002,35.60717155,NA,NA,NA,NA,NA,NA,NA,NA,NA,NA,NA,NA,NA
13209004300,139.3408703,35.60680868,NA,NA,NA,NA,NA,NA,NA,NA,NA,NA,NA,NA,NA
13209004400,139.3435825,35.60915336,NA,NA,NA,NA,NA,NA,NA,NA,NA,NA,NA,NA,NA
13209004500,139.3452681,35.60574125,NA,NA,NA,NA,NA,NA,NA,NA,NA,NA,NA,NA,NA
13209004600,139.3483162,35.60763611,NA,NA,NA,NA,NA,NA,NA,NA,NA,NA,NA,NA,NA
13209004700,139.3485908,35.60668706,NA,NA,NA,NA,NA,NA,NA,NA,NA,NA,NA,NA,NA
13209004800,139.3470802,35.60813854,NA,NA,NA,NA,NA,NA,NA,NA,NA,NA,NA,NA,NA
13209004900,139.3471489,35.60710576,NA,NA,NA,NA,NA,NA,NA,NA,NA,NA,NA,NA,NA
13209005000,139.3466339,35.6074128,NA,NA,NA,NA,NA,NA,NA,NA,NA,NA,NA,NA,NA
13209005100,139.3451942,35.60756575,NA,NA,NA,NA,NA,NA,NA,NA,NA,NA,NA,NA,NA
13209005200,139.3450889,35.60967372,NA,NA,NA,NA,NA,NA,NA,NA,NA,NA,NA,NA,NA
13209005300,139.3457069,35.60945043,NA,NA,NA,NA,NA,NA,NA,NA,NA,NA,NA,NA,NA
13209005600,139.3878894,35.59424948,NA,NA,NA,NA,NA,NA,NA,NA,NA,NA,NA,NA,NA
13209005700,139.3867221,35.5939703,NA,NA,NA,NA,NA,NA,NA,NA,NA,NA,NA,NA,NA
13209005800,139.3887477,35.59571514,NA,NA,NA,NA,NA,NA,NA,NA,NA,NA,NA,NA,NA
13209005900,139.3778757,35.59613549,NA,NA,NA,NA,NA,NA,NA,NA,NA,NA,NA,NA,NA
13209006000,139.3771874,35.59835362,NA,NA,NA,NA,NA,NA,NA,NA,NA,NA,NA,NA,NA
13209006100,139.3761111,35.60000963,NA,NA,NA,NA,NA,NA,NA,NA,NA,NA,NA,NA,NA
13209006200,139.372649,35.5975966,NA,NA,NA,NA,NA,NA,NA,NA,NA,NA,NA,NA,NA
13209006300,139.3800985,35.5955679,NA,NA,NA,NA,NA,NA,NA,NA,NA,NA,NA,NA,NA
13209006400,139.381445,35.59460635,NA,NA,NA,NA,NA,NA,NA,NA,NA,NA,NA,NA,NA
13209006500,139.3851428,35.59563139,NA,NA,NA,NA,NA,NA,NA,NA,NA,NA,NA,NA,NA
13209006600,139.3820198,35.59388405,NA,NA,NA,NA,NA,NA,NA,NA,NA,NA,NA,NA,NA
13209006700,139.3867907,35.59669223,NA,NA,NA,NA,NA,NA,NA,NA,NA,NA,NA,NA,NA
13209006800,139.3848681,35.59814389,NA,NA,NA,NA,NA,NA,NA,NA,NA,NA,NA,NA,NA
13209007000,139.3822832,35.59746338,NA,NA,NA,NA,NA,NA,NA,NA,NA,NA,NA,NA,NA
13209007100,139.3836837,35.59878596,NA,NA,NA,NA,NA,NA,NA,NA,NA,NA,NA,NA,NA
13209007200,139.3838896,35.60013988,NA,NA,NA,NA,NA,NA,NA,NA,NA,NA,NA,NA,NA
13209007400,139.381995,35.6001863,NA,NA,NA,NA,NA,NA,NA,NA,NA,NA,NA,NA,NA
13209007500,139.3819104,35.59886521,NA,NA,NA,NA,NA,NA,NA,NA,NA,NA,NA,NA,NA
13209007700,139.3738411,35.60225202,NA,NA,NA,NA,NA,NA,NA,NA,NA,NA,NA,NA,NA
13209007800,139.3759354,35.60233576,NA,NA,NA,NA,NA,NA,NA,NA,NA,NA,NA,NA,NA
13209008000,139.3730171,35.60398272,NA,NA,NA,NA,NA,NA,NA,NA,NA,NA,NA,NA,NA
13209008100,139.3710945,35.60201474,NA,NA,NA,NA,NA,NA,NA,NA,NA,NA,NA,NA,NA
13209008200,139.3714207,35.6048341,NA,NA,NA,NA,NA,NA,NA,NA,NA,NA,NA,NA,NA
13209008300,139.3701427,35.59910407,NA,NA,NA,NA,NA,NA,NA,NA,NA,NA,NA,NA,NA
13209008400,139.3676744,35.60018211,NA,NA,NA,NA,NA,NA,NA,NA,NA,NA,NA,NA,NA
13209008500,139.3658837,35.59907658,NA,NA,NA,NA,NA,NA,NA,NA,NA,NA,NA,NA,NA
13209008600,139.3670776,35.60227993,NA,NA,NA,NA,NA,NA,NA,NA,NA,NA,NA,NA,NA
13209008800,139.3687308,35.60368962,NA,NA,NA,NA,NA,NA,NA,NA,NA,NA,NA,NA,NA
13209008900,139.3693951,35.6032709,NA,NA,NA,NA,NA,NA,NA,NA,NA,NA,NA,NA,NA
13209009100,139.3652677,35.60182227,NA,NA,NA,NA,NA,NA,NA,NA,NA,NA,NA,NA,NA
13209009200,139.3573518,35.60294242,NA,NA,NA,NA,NA,NA,NA,NA,NA,NA,NA,NA,NA
13209009300,139.3624192,35.60514617,NA,NA,NA,NA,NA,NA,NA,NA,NA,NA,NA,NA,NA
13209009400,139.3661095,35.601750440000004,NA,NA,NA,NA,NA,NA,NA,NA,NA,NA,NA,NA,NA
13209009500,139.364291,35.60270302,NA,NA,NA,NA,NA,NA,NA,NA,NA,NA,NA,NA,NA
13209009700,139.363364,35.60328922,NA,NA,NA,NA,NA,NA,NA,NA,NA,NA,NA,NA,NA
13209009800,139.3637263,35.60421105,NA,NA,NA,NA,NA,NA,NA,NA,NA,NA,NA,NA,NA
13209009900,139.3653898,35.60245178,NA,NA,NA,NA,NA,NA,NA,NA,NA,NA,NA,NA,NA
13209010000,139.366185,35.60341048,NA,NA,NA,NA,NA,NA,NA,NA,NA,NA,NA,NA,NA
13209010200,139.3633985,35.60097228,NA,NA,NA,NA,NA,NA,NA,NA,NA,NA,NA,NA,NA
13209010500,139.3574949,35.60120102,NA,NA,NA,NA,NA,NA,NA,NA,NA,NA,NA,NA,NA
13209010600,139.359972,35.60176527,NA,NA,NA,NA,NA,NA,NA,NA,NA,NA,NA,NA,NA
13209010700,139.3618012,35.60450415,NA,NA,NA,NA,NA,NA,NA,NA,NA,NA,NA,NA,NA
13209010800,139.3583517,35.60474075,NA,NA,NA,NA,NA,NA,NA,NA,NA,NA,NA,NA,NA
13209010900,139.3584547,35.60274488,NA,NA,NA,NA,NA,NA,NA,NA,NA,NA,NA,NA,NA
13209011000,139.3585577,35.60320547,NA,NA,NA,NA,NA,NA,NA,NA,NA,NA,NA,NA,NA
13209011100,139.357768,35.604336000000004,NA,NA,NA,NA,NA,NA,NA,NA,NA,NA,NA,NA,NA
13209011200,139.3577519,35.60483621,NA,NA,NA,NA,NA,NA,NA,NA,NA,NA,NA,NA,NA
13209011300,139.3572016,35.60434996,NA,NA,NA,NA,NA,NA,NA,NA,NA,NA,NA,NA,NA
13209011400,139.3594237,35.60513221,NA,NA,NA,NA,NA,NA,NA,NA,NA,NA,NA,NA,NA
13209011500,139.3558078,35.60377547,NA,NA,NA,NA,NA,NA,NA,NA,NA,NA,NA,NA,NA
13209011600,139.352721,35.60529903,NA,NA,NA,NA,NA,NA,NA,NA,NA,NA,NA,NA,NA
13209011700,139.3524254,35.60404546,NA,NA,NA,NA,NA,NA,NA,NA,NA,NA,NA,NA,NA
13209011800,139.3544259,35.60218542,NA,NA,NA,NA,NA,NA,NA,NA,NA,NA,NA,NA,NA
13209012000,139.35303,35.60661097,NA,NA,NA,NA,NA,NA,NA,NA,NA,NA,NA,NA,NA
13209012200,139.3562916,35.60549443,NA,NA,NA,NA,NA,NA,NA,NA,NA,NA,NA,NA,NA
13209012300,139.3565663,35.60451745,NA,NA,NA,NA,NA,NA,NA,NA,NA,NA,NA,NA,NA
13209012400,139.3563792,35.60680702,NA,NA,NA,NA,NA,NA,NA,NA,NA,NA,NA,NA,NA
13209012500,139.3536138,35.60455931,NA,NA,NA,NA,NA,NA,NA,NA,NA,NA,NA,NA,NA
13209012600,139.3503144,35.60504781,NA,NA,NA,NA,NA,NA,NA,NA,NA,NA,NA,NA,NA
13209012700,139.3520423,35.6082585,NA,NA,NA,NA,NA,NA,NA,NA,NA,NA,NA,NA,NA
13209012800,139.3509014,35.60694593,NA,NA,NA,NA,NA,NA,NA,NA,NA,NA,NA,NA,NA
13209012900,139.3478429,35.60485797,NA,NA,NA,NA,NA,NA,NA,NA,NA,NA,NA,NA,NA
13209013000,139.3723608,35.60099165,NA,NA,NA,NA,NA,NA,NA,NA,NA,NA,NA,NA,NA
13209013200,139.3941084,35.59041911,NA,NA,NA,NA,NA,NA,NA,NA,NA,NA,NA,NA,NA
13209013300,139.3938681,35.58946986,NA,NA,NA,NA,NA,NA,NA,NA,NA,NA,NA,NA,NA
13209013400,139.3945653,35.59157739,NA,NA,NA,NA,NA,NA,NA,NA,NA,NA,NA,NA,NA
13209013500,139.3945204,35.59086581,NA,NA,NA,NA,NA,NA,NA,NA,NA,NA,NA,NA,NA
13209013600,139.3957962,35.59070014,NA,NA,NA,NA,NA,NA,NA,NA,NA,NA,NA,NA,NA
13209013700,139.396237,35.58946986,NA,NA,NA,NA,NA,NA,NA,NA,NA,NA,NA,NA,NA
13209013800,139.3924433,35.58903711,NA,NA,NA,NA,NA,NA,NA,NA,NA,NA,NA,NA,NA
13209013900,139.3945376,35.58766904,NA,NA,NA,NA,NA,NA,NA,NA,NA,NA,NA,NA,NA
13209014000,139.3912932,35.59209422,NA,NA,NA,NA,NA,NA,NA,NA,NA,NA,NA,NA,NA
13209014100,139.396546,35.58801804,NA,NA,NA,NA,NA,NA,NA,NA,NA,NA,NA,NA,NA
13209014200,139.3952414,35.58671976,NA,NA,NA,NA,NA,NA,NA,NA,NA,NA,NA,NA,NA
13209014300,139.3977256,35.58659032,NA,NA,NA,NA,NA,NA,NA,NA,NA,NA,NA,NA,NA
13209014400,139.4043738,35.59342034,NA,NA,NA,NA,NA,NA,NA,NA,NA,NA,NA,NA,NA
13209014500,139.3966546,35.59184503,NA,NA,NA,NA,NA,NA,NA,NA,NA,NA,NA,NA,NA
13209014600,139.3975881,35.59178301,NA,NA,NA,NA,NA,NA,NA,NA,NA,NA,NA,NA,NA
13209014700,139.3980363,35.59244956,NA,NA,NA,NA,NA,NA,NA,NA,NA,NA,NA,NA,NA
13209014800,139.3995672,35.59315512,NA,NA,NA,NA,NA,NA,NA,NA,NA,NA,NA,NA,NA
13209014900,139.4011091,35.59359121,NA,NA,NA,NA,NA,NA,NA,NA,NA,NA,NA,NA,NA
13209015000,139.4020017,35.59992831,NA,NA,NA,NA,NA,NA,NA,NA,NA,NA,NA,NA,NA
13209015100,139.4030404,35.60192295,NA,NA,NA,NA,NA,NA,NA,NA,NA,NA,NA,NA,NA
13209015200,139.4051717,35.60112114,NA,NA,NA,NA,NA,NA,NA,NA,NA,NA,NA,NA,NA
13209015300,139.4071153,35.60660349,NA,NA,NA,NA,NA,NA,NA,NA,NA,NA,NA,NA,NA
13209015400,139.4044187,35.60595415,NA,NA,NA,NA,NA,NA,NA,NA,NA,NA,NA,NA,NA
13209015600,139.4077352,35.61176366,NA,NA,NA,NA,NA,NA,NA,NA,NA,NA,NA,NA,NA
13209015700,139.409203,35.61005254,NA,NA,NA,NA,NA,NA,NA,NA,NA,NA,NA,NA,NA
13209015800,139.4087995,35.61128916,NA,NA,NA,NA,NA,NA,NA,NA,NA,NA,NA,NA,NA
13209015900,139.4045167,35.60915259,NA,NA,NA,NA,NA,NA,NA,NA,NA,NA,NA,NA,NA
13209016000,139.3939766,35.60753343,NA,NA,NA,NA,NA,NA,NA,NA,NA,NA,NA,NA,NA
13209016100,139.4004997,35.61004556,NA,NA,NA,NA,NA,NA,NA,NA,NA,NA,NA,NA,NA
13209016200,139.3984056,35.6087339,NA,NA,NA,NA,NA,NA,NA,NA,NA,NA,NA,NA,NA
13209016300,139.3967919,35.60901303,NA,NA,NA,NA,NA,NA,NA,NA,NA,NA,NA,NA,NA
13209016400,139.3978303,35.6026949,NA,NA,NA,NA,NA,NA,NA,NA,NA,NA,NA,NA,NA
13209016500,139.3926977,35.60668361,NA,NA,NA,NA,NA,NA,NA,NA,NA,NA,NA,NA,NA
13209016600,139.3882088,35.601504,NA,NA,NA,NA,NA,NA,NA,NA,NA,NA,NA,NA,NA
13209016700,139.3909554,35.60155984,NA,NA,NA,NA,NA,NA,NA,NA,NA,NA,NA,NA,NA
13209016800,139.3876475,35.59837634,NA,NA,NA,NA,NA,NA,NA,NA,NA,NA,NA,NA,NA
13209016900,139.3931184,35.5998293,NA,NA,NA,NA,NA,NA,NA,NA,NA,NA,NA,NA,NA
13209017000,139.3942083,35.59719253,NA,NA,NA,NA,NA,NA,NA,NA,NA,NA,NA,NA,NA
13209017100,139.3934187,35.59582461,NA,NA,NA,NA,NA,NA,NA,NA,NA,NA,NA,NA,NA
13209017200,139.3966546,35.59966181,NA,NA,NA,NA,NA,NA,NA,NA,NA,NA,NA,NA,NA
13209017300,139.3983368,35.59960576,NA,NA,NA,NA,NA,NA,NA,NA,NA,NA,NA,NA,NA
13209017400,139.3968004,35.59803301,NA,NA,NA,NA,NA,NA,NA,NA,NA,NA,NA,NA,NA
13209017500,139.3975815,35.59840537,NA,NA,NA,NA,NA,NA,NA,NA,NA,NA,NA,NA,NA
13209017700,139.4002938,35.59446932,NA,NA,NA,NA,NA,NA,NA,NA,NA,NA,NA,NA,NA
13209017900,139.39232,35.59710878,NA,NA,NA,NA,NA,NA,NA,NA,NA,NA,NA,NA,NA
13209018000,139.3914274,35.59615961,NA,NA,NA,NA,NA,NA,NA,NA,NA,NA,NA,NA,NA
13209018100,139.3915733,35.59491577,NA,NA,NA,NA,NA,NA,NA,NA,NA,NA,NA,NA,NA
13209018300,139.3931921,35.5928058,NA,NA,NA,NA,NA,NA,NA,NA,NA,NA,NA,NA,NA
13209018400,139.3949036,35.59388283,NA,NA,NA,NA,NA,NA,NA,NA,NA,NA,NA,NA,NA
13209018600,139.3957704,35.59448757,NA,NA,NA,NA,NA,NA,NA,NA,NA,NA,NA,NA,NA
13209018900,139.39535,35.59248715,NA,NA,NA,NA,NA,NA,NA,NA,NA,NA,NA,NA,NA
13209019000,139.4151252,35.59552231,NA,NA,NA,NA,NA,NA,NA,NA,NA,NA,NA,NA,NA
13209019200,139.4136105,35.59659946,NA,NA,NA,NA,NA,NA,NA,NA,NA,NA,NA,NA,NA
13209019400,139.4167691,35.60014481,NA,NA,NA,NA,NA,NA,NA,NA,NA,NA,NA,NA,NA
13209019500,139.4206829,35.59659946,NA,NA,NA,NA,NA,NA,NA,NA,NA,NA,NA,NA,NA
13209019600,139.4195093,35.59374839,NA,NA,NA,NA,NA,NA,NA,NA,NA,NA,NA,NA,NA
13209019700,139.4243606,35.60247338,NA,NA,NA,NA,NA,NA,NA,NA,NA,NA,NA,NA,NA
13209019800,139.4228052,35.60515199,NA,NA,NA,NA,NA,NA,NA,NA,NA,NA,NA,NA,NA
13209019900,139.4215796,35.60512524,NA,NA,NA,NA,NA,NA,NA,NA,NA,NA,NA,NA,NA
13209020000,139.4179902,35.6086761,NA,NA,NA,NA,NA,NA,NA,NA,NA,NA,NA,NA,NA
13209020100,139.4155331,35.60726296,NA,NA,NA,NA,NA,NA,NA,NA,NA,NA,NA,NA,NA
13209020200,139.4108579,35.60801241,NA,NA,NA,NA,NA,NA,NA,NA,NA,NA,NA,NA,NA
13209020300,139.4125159,35.60490193,NA,NA,NA,NA,NA,NA,NA,NA,NA,NA,NA,NA,NA
13209020400,139.4122715,35.60209888,NA,NA,NA,NA,NA,NA,NA,NA,NA,NA,NA,NA,NA
13209020500,139.4114476,35.60031231,NA,NA,NA,NA,NA,NA,NA,NA,NA,NA,NA,NA,NA
13209020600,139.4099713,35.60075895,NA,NA,NA,NA,NA,NA,NA,NA,NA,NA,NA,NA,NA
13209020700,139.4049867,35.6036865,NA,NA,NA,NA,NA,NA,NA,NA,NA,NA,NA,NA,NA
13209020800,139.4076646,35.59518614,NA,NA,NA,NA,NA,NA,NA,NA,NA,NA,NA,NA,NA
13209020900,139.4079049,35.59366463,NA,NA,NA,NA,NA,NA,NA,NA,NA,NA,NA,NA,NA
13209021000,139.4127562,35.59027371,NA,NA,NA,NA,NA,NA,NA,NA,NA,NA,NA,NA,NA
13209021100,139.4069844,35.59029002,NA,NA,NA,NA,NA,NA,NA,NA,NA,NA,NA,NA,NA
13209021200,139.4063257,35.58415805,NA,NA,NA,NA,NA,NA,NA,NA,NA,NA,NA,NA,NA
13209021300,139.4198526,35.58361359,NA,NA,NA,NA,NA,NA,NA,NA,NA,NA,NA,NA,NA
13209021400,139.4148229,35.58110064,NA,NA,NA,NA,NA,NA,NA,NA,NA,NA,NA,NA,NA
13209021500,139.4283485,35.57963268,NA,NA,NA,NA,NA,NA,NA,NA,NA,NA,NA,NA,NA
13209021600,139.4262384,35.5864336,NA,NA,NA,NA,NA,NA,NA,NA,NA,NA,NA,NA,NA
13209021700,139.4256247,35.5841441,NA,NA,NA,NA,NA,NA,NA,NA,NA,NA,NA,NA,NA
13209021800,139.4238008,35.58386488,NA,NA,NA,NA,NA,NA,NA,NA,NA,NA,NA,NA,NA
13209021900,139.4233201,35.58540054,NA,NA,NA,NA,NA,NA,NA,NA,NA,NA,NA,NA,NA
13209022000,139.4217409,35.58590311,NA,NA,NA,NA,NA,NA,NA,NA,NA,NA,NA,NA,NA
13209022100,139.4229768,35.58618231,NA,NA,NA,NA,NA,NA,NA,NA,NA,NA,NA,NA,NA
13209022200,139.4255517,35.58891847,NA,NA,NA,NA,NA,NA,NA,NA,NA,NA,NA,NA,NA
13209022300,139.4243158,35.59081697,NA,NA,NA,NA,NA,NA,NA,NA,NA,NA,NA,NA,NA
13209022400,139.4224962,35.58916974,NA,NA,NA,NA,NA,NA,NA,NA,NA,NA,NA,NA,NA
13209022500,139.4228395,35.59014691,NA,NA,NA,NA,NA,NA,NA,NA,NA,NA,NA,NA,NA
13209022700,139.4219812,35.58808088,NA,NA,NA,NA,NA,NA,NA,NA,NA,NA,NA,NA,NA
13209022800,139.4201616,35.58833216,NA,NA,NA,NA,NA,NA,NA,NA,NA,NA,NA,NA,NA
13209022900,139.4230111,35.59240832,NA,NA,NA,NA,NA,NA,NA,NA,NA,NA,NA,NA,NA
13209023000,139.4184793,35.59215706,NA,NA,NA,NA,NA,NA,NA,NA,NA,NA,NA,NA,NA
13209023100,139.4325212,35.59252,NA,NA,NA,NA,NA,NA,NA,NA,NA,NA,NA,NA,NA
13209023200,139.4296373,35.58581935,NA,NA,NA,NA,NA,NA,NA,NA,NA,NA,NA,NA,NA
13209023300,139.4340305,35.58986772,NA,NA,NA,NA,NA,NA,NA,NA,NA,NA,NA,NA,NA
13209023400,139.4522384,35.60398077,NA,NA,NA,NA,NA,NA,NA,NA,NA,NA,NA,NA,NA
13209023500,139.4516204,35.60347831,NA,NA,NA,NA,NA,NA,NA,NA,NA,NA,NA,NA,NA
13209023700,139.4496634,35.60788866,NA,NA,NA,NA,NA,NA,NA,NA,NA,NA,NA,NA,NA
13209023800,139.4482475,35.60570385,NA,NA,NA,NA,NA,NA,NA,NA,NA,NA,NA,NA,NA
13209023900,139.4474318,35.60540438,NA,NA,NA,NA,NA,NA,NA,NA,NA,NA,NA,NA,NA
13209024000,139.4486335,35.60423199,NA,NA,NA,NA,NA,NA,NA,NA,NA,NA,NA,NA,NA
13209024100,139.4489425,35.60060308,NA,NA,NA,NA,NA,NA,NA,NA,NA,NA,NA,NA,NA
13209024200,139.4504414,35.60153706,NA,NA,NA,NA,NA,NA,NA,NA,NA,NA,NA,NA,NA
13209024300,139.4494574,35.60322708,NA,NA,NA,NA,NA,NA,NA,NA,NA,NA,NA,NA,NA
13209024400,139.4563926,35.59610857,NA,NA,NA,NA,NA,NA,NA,NA,NA,NA,NA,NA,NA
13209024500,139.4538176,35.60085431,NA,NA,NA,NA,NA,NA,NA,NA,NA,NA,NA,NA,NA
13209024600,139.4528907,35.60158011,NA,NA,NA,NA,NA,NA,NA,NA,NA,NA,NA,NA,NA
13209024700,139.4522266,35.60229077,NA,NA,NA,NA,NA,NA,NA,NA,NA,NA,NA,NA,NA
13209024800,139.45154,35.60220702,NA,NA,NA,NA,NA,NA,NA,NA,NA,NA,NA,NA,NA
13209024900,139.4509337,35.60063099,NA,NA,NA,NA,NA,NA,NA,NA,NA,NA,NA,NA,NA
13209025000,139.4512427,35.59532689,NA,NA,NA,NA,NA,NA,NA,NA,NA,NA,NA,NA,NA
13209025100,139.4473858,35.59528385,NA,NA,NA,NA,NA,NA,NA,NA,NA,NA,NA,NA,NA
13209025200,139.4441703,35.59499189,NA,NA,NA,NA,NA,NA,NA,NA,NA,NA,NA,NA,NA
13209025300,139.44111470000001,35.59454521,NA,NA,NA,NA,NA,NA,NA,NA,NA,NA,NA,NA,NA
13209025400,139.4394585,35.60938837,NA,NA,NA,NA,NA,NA,NA,NA,NA,NA,NA,NA,NA
13209025500,139.4440329,35.60945176,NA,NA,NA,NA,NA,NA,NA,NA,NA,NA,NA,NA,NA
13209025600,139.4427627,35.60183134,NA,NA,NA,NA,NA,NA,NA,NA,NA,NA,NA,NA,NA
13209025700,139.4442272,35.60167664,NA,NA,NA,NA,NA,NA,NA,NA,NA,NA,NA,NA,NA
13209025800,139.4431403,35.60085431,NA,NA,NA,NA,NA,NA,NA,NA,NA,NA,NA,NA,NA
13209025900,139.441767,35.60018434,NA,NA,NA,NA,NA,NA,NA,NA,NA,NA,NA,NA,NA
13209026100,139.4366089,35.60668082,NA,NA,NA,NA,NA,NA,NA,NA,NA,NA,NA,NA,NA
13209026200,139.4375098,35.60358997,NA,NA,NA,NA,NA,NA,NA,NA,NA,NA,NA,NA,NA
13209026300,139.4368918,35.60183134,NA,NA,NA,NA,NA,NA,NA,NA,NA,NA,NA,NA,NA
13209026400,139.4378414,35.60173247,NA,NA,NA,NA,NA,NA,NA,NA,NA,NA,NA,NA,NA
13209026500,139.4335959,35.60593474,NA,NA,NA,NA,NA,NA,NA,NA,NA,NA,NA,NA,NA
13209026600,139.432463,35.60582308,NA,NA,NA,NA,NA,NA,NA,NA,NA,NA,NA,NA,NA
13209026700,139.4297047,35.60184413,NA,NA,NA,NA,NA,NA,NA,NA,NA,NA,NA,NA,NA
13209026800,139.430975,35.60256991,NA,NA,NA,NA,NA,NA,NA,NA,NA,NA,NA,NA,NA
13209026900,139.4279311,35.60199883,NA,NA,NA,NA,NA,NA,NA,NA,NA,NA,NA,NA,NA
13209027000,139.4331379,35.60139749,NA,NA,NA,NA,NA,NA,NA,NA,NA,NA,NA,NA,NA
13209027100,139.4343856,35.59937479,NA,NA,NA,NA,NA,NA,NA,NA,NA,NA,NA,NA,NA
13209027200,139.4307037,35.60101423,NA,NA,NA,NA,NA,NA,NA,NA,NA,NA,NA,NA,NA
13209027300,139.432283,35.60056759,NA,NA,NA,NA,NA,NA,NA,NA,NA,NA,NA,NA,NA
13209027400,139.429991,35.59923521,NA,NA,NA,NA,NA,NA,NA,NA,NA,NA,NA,NA,NA
13209027500,139.4306777,35.59728108,NA,NA,NA,NA,NA,NA,NA,NA,NA,NA,NA,NA,NA
13209027600,139.4358501,35.59533968,NA,NA,NA,NA,NA,NA,NA,NA,NA,NA,NA,NA,NA
13209027800,139.4373725,35.59376351,NA,NA,NA,NA,NA,NA,NA,NA,NA,NA,NA,NA,NA
13209027900,139.4350722,35.59278638,NA,NA,NA,NA,NA,NA,NA,NA,NA,NA,NA,NA,NA
13209028000,139.4352439,35.59370768,NA,NA,NA,NA,NA,NA,NA,NA,NA,NA,NA,NA,NA
13209028100,139.4361626,35.59143873,NA,NA,NA,NA,NA,NA,NA,NA,NA,NA,NA,NA,NA
13209028300,139.4322913,35.59448937,NA,NA,NA,NA,NA,NA,NA,NA,NA,NA,NA,NA,NA
13209028400,139.4288924,35.59633191,NA,NA,NA,NA,NA,NA,NA,NA,NA,NA,NA,NA,NA
13209028500,139.4252084,35.59928987,NA,NA,NA,NA,NA,NA,NA,NA,NA,NA,NA,NA,NA
13209028600,139.4460343,35.58802329,NA,NA,NA,NA,NA,NA,NA,NA,NA,NA,NA,NA,NA
13209028700,139.4483003,35.5893355,NA,NA,NA,NA,NA,NA,NA,NA,NA,NA,NA,NA,NA
13209029300,139.45551,35.59182028,NA,NA,NA,NA,NA,NA,NA,NA,NA,NA,NA,NA,NA
13209029400,139.4554414,35.59101065,NA,NA,NA,NA,NA,NA,NA,NA,NA,NA,NA,NA,NA
13209029500,139.4514588,35.59126191,NA,NA,NA,NA,NA,NA,NA,NA,NA,NA,NA,NA,NA
13209029700,139.445298,35.59342448,NA,NA,NA,NA,NA,NA,NA,NA,NA,NA,NA,NA,NA
13209029800,139.4378629,35.58743663,NA,NA,NA,NA,NA,NA,NA,NA,NA,NA,NA,NA,NA
13209029900,139.4403321,35.58423897,NA,NA,NA,NA,NA,NA,NA,NA,NA,NA,NA,NA,NA
13209030000,139.4398889,35.58442155,NA,NA,NA,NA,NA,NA,NA,NA,NA,NA,NA,NA,NA
13209030100,139.4395108,35.58271801,NA,NA,NA,NA,NA,NA,NA,NA,NA,NA,NA,NA,NA
13209030200,139.4415025,35.58045667,NA,NA,NA,NA,NA,NA,NA,NA,NA,NA,NA,NA,NA
13209030300,139.4427037,35.58179659,NA,NA,NA,NA,NA,NA,NA,NA,NA,NA,NA,NA,NA
13209030500,139.4467553,35.58497997,NA,NA,NA,NA,NA,NA,NA,NA,NA,NA,NA,NA,NA
13209030600,139.4439397,35.5846725,NA,NA,NA,NA,NA,NA,NA,NA,NA,NA,NA,NA,NA
13209030700,139.4454507,35.58405858,NA,NA,NA,NA,NA,NA,NA,NA,NA,NA,NA,NA,NA
13209030800,139.4444207,35.58299757,NA,NA,NA,NA,NA,NA,NA,NA,NA,NA,NA,NA,NA
13209030900,139.4429444,35.58009368,NA,NA,NA,NA,NA,NA,NA,NA,NA,NA,NA,NA,NA
13209031000,139.4514245,35.58506373,NA,NA,NA,NA,NA,NA,NA,NA,NA,NA,NA,NA,NA
13209031100,139.4516648,35.58668313,NA,NA,NA,NA,NA,NA,NA,NA,NA,NA,NA,NA,NA
13209031200,139.4529008,35.58570591,NA,NA,NA,NA,NA,NA,NA,NA,NA,NA,NA,NA,NA
13209031300,139.4539308,35.5854267,NA,NA,NA,NA,NA,NA,NA,NA,NA,NA,NA,NA,NA
13209031400,139.4548921,35.58495205,NA,NA,NA,NA,NA,NA,NA,NA,NA,NA,NA,NA,NA
13209031500,139.4574326,35.58735321,NA,NA,NA,NA,NA,NA,NA,NA,NA,NA,NA,NA,NA
13209031600,139.456746,35.58648768,NA,NA,NA,NA,NA,NA,NA,NA,NA,NA,NA,NA,NA
13209031700,139.4552697,35.5860968,NA,NA,NA,NA,NA,NA,NA,NA,NA,NA,NA,NA,NA
13209031800,139.4579323,35.57996897,NA,NA,NA,NA,NA,NA,NA,NA,NA,NA,NA,NA,NA
13209031900,139.4578122,35.58200729,NA,NA,NA,NA,NA,NA,NA,NA,NA,NA,NA,NA,NA
13209032000,139.4573144,35.58115567,NA,NA,NA,NA,NA,NA,NA,NA,NA,NA,NA,NA,NA
13209032100,139.4546021,35.58216086,NA,NA,NA,NA,NA,NA,NA,NA,NA,NA,NA,NA,NA
13209032200,139.4552544,35.58297059,NA,NA,NA,NA,NA,NA,NA,NA,NA,NA,NA,NA,NA
13209032300,139.4549951,35.58394689,NA,NA,NA,NA,NA,NA,NA,NA,NA,NA,NA,NA,NA
13209032400,139.4539308,35.58333263,NA,NA,NA,NA,NA,NA,NA,NA,NA,NA,NA,NA,NA
13209032500,139.4533662,35.58204918,NA,NA,NA,NA,NA,NA,NA,NA,NA,NA,NA,NA,NA
13209032600,139.4514928,35.58274594,NA,NA,NA,NA,NA,NA,NA,NA,NA,NA,NA,NA,NA
13209032700,139.4504136,35.58090437,NA,NA,NA,NA,NA,NA,NA,NA,NA,NA,NA,NA,NA
13209032800,139.4495362,35.58417026,NA,NA,NA,NA,NA,NA,NA,NA,NA,NA,NA,NA,NA
13209032900,139.4472016,35.57961899,NA,NA,NA,NA,NA,NA,NA,NA,NA,NA,NA,NA,NA
13209033000,139.4553574,35.57881017,NA,NA,NA,NA,NA,NA,NA,NA,NA,NA,NA,NA,NA
13209033100,139.4538125,35.5800667,NA,NA,NA,NA,NA,NA,NA,NA,NA,NA,NA,NA,NA
13209033200,139.4444207,35.57995406,NA,NA,NA,NA,NA,NA,NA,NA,NA,NA,NA,NA,NA
13209033300,139.444764,35.5818807,NA,NA,NA,NA,NA,NA,NA,NA,NA,NA,NA,NA,NA
13209033400,139.4539988,35.60414786,NA,NA,NA,NA,NA,NA,NA,NA,NA,NA,NA,NA,NA
13209033500,139.4550974,35.60333834,NA,NA,NA,NA,NA,NA,NA,NA,NA,NA,NA,NA,NA
13209033600,139.4546983,35.60465031,NA,NA,NA,NA,NA,NA,NA,NA,NA,NA,NA,NA,NA
13209033700,139.453368,35.60343721,NA,NA,NA,NA,NA,NA,NA,NA,NA,NA,NA,NA,NA
13209033800,139.4623287,35.60765217,NA,NA,NA,NA,NA,NA,NA,NA,NA,NA,NA,NA,NA
13209033900,139.4665845,35.59898742,NA,NA,NA,NA,NA,NA,NA,NA,NA,NA,NA,NA,NA
13209034100,139.4662211,35.60492945,NA,NA,NA,NA,NA,NA,NA,NA,NA,NA,NA,NA,NA
13209034200,139.4674571,35.60370123,NA,NA,NA,NA,NA,NA,NA,NA,NA,NA,NA,NA,NA
13209034300,139.4697573,35.60329248,NA,NA,NA,NA,NA,NA,NA,NA,NA,NA,NA,NA,NA
13209034400,139.47065,35.60189675,NA,NA,NA,NA,NA,NA,NA,NA,NA,NA,NA,NA,NA
13209034600,139.4650195,35.60049102,NA,NA,NA,NA,NA,NA,NA,NA,NA,NA,NA,NA,NA
13209034700,139.4656232,35.59686578,NA,NA,NA,NA,NA,NA,NA,NA,NA,NA,NA,NA,NA
13209034800,139.4634059,35.60060268,NA,NA,NA,NA,NA,NA,NA,NA,NA,NA,NA,NA,NA
13209034900,139.4614833,35.59901149,NA,NA,NA,NA,NA,NA,NA,NA,NA,NA,NA,NA,NA
13209035000,139.4617107,35.6007853,NA,NA,NA,NA,NA,NA,NA,NA,NA,NA,NA,NA,NA
13209035100,139.457741,35.59789484,NA,NA,NA,NA,NA,NA,NA,NA,NA,NA,NA,NA,NA
13209035200,139.4591487,35.59728068,NA,NA,NA,NA,NA,NA,NA,NA,NA,NA,NA,NA,NA
13209035300,139.4585521,35.59986408,NA,NA,NA,NA,NA,NA,NA,NA,NA,NA,NA,NA,NA
13209035400,139.4656204,35.58964954,NA,NA,NA,NA,NA,NA,NA,NA,NA,NA,NA,NA,NA
13209035500,139.4643181,35.57735817,NA,NA,NA,NA,NA,NA,NA,NA,NA,NA,NA,NA,NA
13209035600,139.4598526,35.58669005,NA,NA,NA,NA,NA,NA,NA,NA,NA,NA,NA,NA,NA
13209035700,139.4592866,35.58422611,NA,NA,NA,NA,NA,NA,NA,NA,NA,NA,NA,NA,NA
13209035800,139.4599899,35.58518234,NA,NA,NA,NA,NA,NA,NA,NA,NA,NA,NA,NA,NA
13209036000,139.4619812,35.58406551,NA,NA,NA,NA,NA,NA,NA,NA,NA,NA,NA,NA,NA
13209036200,139.4622558,35.58548947,NA,NA,NA,NA,NA,NA,NA,NA,NA,NA,NA,NA,NA
13209036400,139.4631577,35.58285331,NA,NA,NA,NA,NA,NA,NA,NA,NA,NA,NA,NA,NA
13209036500,139.4662384,35.5830045,NA,NA,NA,NA,NA,NA,NA,NA,NA,NA,NA,NA,NA
13209036600,139.4683327,35.58412135,NA,NA,NA,NA,NA,NA,NA,NA,NA,NA,NA,NA,NA
13209036700,139.467028,35.58470769,NA,NA,NA,NA,NA,NA,NA,NA,NA,NA,NA,NA,NA
13209036800,139.4694656,35.58426096,NA,NA,NA,NA,NA,NA,NA,NA,NA,NA,NA,NA,NA
13209036900,139.4689163,35.58278112,NA,NA,NA,NA,NA,NA,NA,NA,NA,NA,NA,NA,NA
13209037000,139.4760397,35.58516976,NA,NA,NA,NA,NA,NA,NA,NA,NA,NA,NA,NA,NA
13209037100,139.4707044,35.59778703,NA,NA,NA,NA,NA,NA,NA,NA,NA,NA,NA,NA,NA
13209037200,139.4726905,35.59502399,NA,NA,NA,NA,NA,NA,NA,NA,NA,NA,NA,NA,NA
13209037300,139.4690328,35.59555461,NA,NA,NA,NA,NA,NA,NA,NA,NA,NA,NA,NA,NA
13209037400,139.4777398,35.58899624,NA,NA,NA,NA,NA,NA,NA,NA,NA,NA,NA,NA,NA
13209037500,139.4775165,35.58602165,NA,NA,NA,NA,NA,NA,NA,NA,NA,NA,NA,NA,NA
13209037600,139.4789247,35.58832592,NA,NA,NA,NA,NA,NA,NA,NA,NA,NA,NA,NA,NA
13209037700,139.4771216,35.58836781,NA,NA,NA,NA,NA,NA,NA,NA,NA,NA,NA,NA,NA
13209037900,139.4745153,35.5884145,NA,NA,NA,NA,NA,NA,NA,NA,NA,NA,NA,NA,NA
13209038000,139.4698571,35.59277577,NA,NA,NA,NA,NA,NA,NA,NA,NA,NA,NA,NA,NA
13209038100,139.4717162,35.58879155,NA,NA,NA,NA,NA,NA,NA,NA,NA,NA,NA,NA,NA
13209038300,139.4712525,35.590205,NA,NA,NA,NA,NA,NA,NA,NA,NA,NA,NA,NA,NA
13209038400,139.4735708,35.58887834,NA,NA,NA,NA,NA,NA,NA,NA,NA,NA,NA,NA,NA
13209038500,139.4605736,35.59701988,NA,NA,NA,NA,NA,NA,NA,NA,NA,NA,NA,NA,NA
13209038600,139.4613632,35.59693613,NA,NA,NA,NA,NA,NA,NA,NA,NA,NA,NA,NA,NA
13209038700,139.462293,35.59795453,NA,NA,NA,NA,NA,NA,NA,NA,NA,NA,NA,NA,NA
13209038800,139.461984,35.5973962,NA,NA,NA,NA,NA,NA,NA,NA,NA,NA,NA,NA,NA
13209038900,139.4699258,35.59394876,NA,NA,NA,NA,NA,NA,NA,NA,NA,NA,NA,NA,NA
13209039000,139.4667832,35.59132347,NA,NA,NA,NA,NA,NA,NA,NA,NA,NA,NA,NA,NA
13209039100,139.46826,35.59077885,NA,NA,NA,NA,NA,NA,NA,NA,NA,NA,NA,NA,NA
13209039200,139.4661821,35.59204962,NA,NA,NA,NA,NA,NA,NA,NA,NA,NA,NA,NA,NA
13209039300,139.4645679,35.59287352,NA,NA,NA,NA,NA,NA,NA,NA,NA,NA,NA,NA,NA
13209039400,139.4656547,35.59193889,NA,NA,NA,NA,NA,NA,NA,NA,NA,NA,NA,NA,NA
13209039500,139.4666286,35.59295731,NA,NA,NA,NA,NA,NA,NA,NA,NA,NA,NA,NA,NA
13209039600,139.4710935,35.59327848,NA,NA,NA,NA,NA,NA,NA,NA,NA,NA,NA,NA,NA
13209039700,139.4751337,35.58985279,NA,NA,NA,NA,NA,NA,NA,NA,NA,NA,NA,NA,NA
13209039800,139.4737188,35.59030937,NA,NA,NA,NA,NA,NA,NA,NA,NA,NA,NA,NA,NA
13209039900,139.4726712,35.59170583,NA,NA,NA,NA,NA,NA,NA,NA,NA,NA,NA,NA,NA
13209040000,139.4694964,35.59110004,NA,NA,NA,NA,NA,NA,NA,NA,NA,NA,NA,NA,NA
13209040100,139.4725406,35.59277138,NA,NA,NA,NA,NA,NA,NA,NA,NA,NA,NA,NA,NA
13209040200,139.4753739,35.59176604,NA,NA,NA,NA,NA,NA,NA,NA,NA,NA,NA,NA,NA
13209040300,139.4744125,35.59275741,NA,NA,NA,NA,NA,NA,NA,NA,NA,NA,NA,NA,NA
13209040400,139.4853301,35.59159367,NA,NA,NA,NA,NA,NA,NA,NA,NA,NA,NA,NA,NA
13209040600,139.4929801,35.58732023,NA,NA,NA,NA,NA,NA,NA,NA,NA,NA,NA,NA,NA
13209040700,139.4899749,35.58856312,NA,NA,NA,NA,NA,NA,NA,NA,NA,NA,NA,NA,NA
13209040900,139.4886526,35.58772522,NA,NA,NA,NA,NA,NA,NA,NA,NA,NA,NA,NA,NA
13209041000,139.4838876,35.59014368,NA,NA,NA,NA,NA,NA,NA,NA,NA,NA,NA,NA,NA
13209041300,139.484514,35.58628679,NA,NA,NA,NA,NA,NA,NA,NA,NA,NA,NA,NA,NA
13209041500,139.4788388,35.58631493,NA,NA,NA,NA,NA,NA,NA,NA,NA,NA,NA,NA,NA
13209041600,139.4780205,35.59236347,NA,NA,NA,NA,NA,NA,NA,NA,NA,NA,NA,NA,NA
13209041700,139.4803328,35.59415146,NA,NA,NA,NA,NA,NA,NA,NA,NA,NA,NA,NA,NA
13209041800,139.4799035,35.5948194,NA,NA,NA,NA,NA,NA,NA,NA,NA,NA,NA,NA,NA
13209042200,139.4854846,35.58796283,NA,NA,NA,NA,NA,NA,NA,NA,NA,NA,NA,NA,NA
13209042300,139.4859483,35.58945941,NA,NA,NA,NA,NA,NA,NA,NA,NA,NA,NA,NA,NA
13209042500,139.481346,35.58565855,NA,NA,NA,NA,NA,NA,NA,NA,NA,NA,NA,NA,NA
13209042700,139.4858967,35.59067434,NA,NA,NA,NA,NA,NA,NA,NA,NA,NA,NA,NA,NA
13209042900,139.4828572,35.58934769,NA,NA,NA,NA,NA,NA,NA,NA,NA,NA,NA,NA,NA
13209043000,139.4834926,35.59150989,NA,NA,NA,NA,NA,NA,NA,NA,NA,NA,NA,NA,NA
13209043100,139.4825481,35.59247343,NA,NA,NA,NA,NA,NA,NA,NA,NA,NA,NA,NA,NA
13209043200,139.484729,35.59250136,NA,NA,NA,NA,NA,NA,NA,NA,NA,NA,NA,NA,NA
13209043300,139.4815349,35.59458434,NA,NA,NA,NA,NA,NA,NA,NA,NA,NA,NA,NA,NA
13209043400,139.4925405,35.58196821,NA,NA,NA,NA,NA,NA,NA,NA,NA,NA,NA,NA,NA
13209043500,139.4989607,35.57912013,NA,NA,NA,NA,NA,NA,NA,NA,NA,NA,NA,NA,NA
13209043600,139.497965,35.57691419,NA,NA,NA,NA,NA,NA,NA,NA,NA,NA,NA,NA,NA
13209043700,139.4954244,35.57808697,NA,NA,NA,NA,NA,NA,NA,NA,NA,NA,NA,NA,NA
13209043800,139.5068227,35.5738146,NA,NA,NA,NA,NA,NA,NA,NA,NA,NA,NA,NA,NA
13209044000,139.5019132,35.57127341,NA,NA,NA,NA,NA,NA,NA,NA,NA,NA,NA,NA,NA
13209044100,139.4998779,35.57102814,NA,NA,NA,NA,NA,NA,NA,NA,NA,NA,NA,NA,NA
13209044200,139.4996719,35.57021829,NA,NA,NA,NA,NA,NA,NA,NA,NA,NA,NA,NA,NA
13209044300,139.5014326,35.57384253,NA,NA,NA,NA,NA,NA,NA,NA,NA,NA,NA,NA,NA
13209044400,139.4965231,35.56937445,NA,NA,NA,NA,NA,NA,NA,NA,NA,NA,NA,NA,NA
13209044500,139.4956648,35.57079868,NA,NA,NA,NA,NA,NA,NA,NA,NA,NA,NA,NA,NA
13209044600,139.497656,35.57493158,NA,NA,NA,NA,NA,NA,NA,NA,NA,NA,NA,NA,NA
13209044700,139.4847515,35.57454159,NA,NA,NA,NA,NA,NA,NA,NA,NA,NA,NA,NA,NA
13209044800,139.4943945,35.56878799,NA,NA,NA,NA,NA,NA,NA,NA,NA,NA,NA,NA,NA
13209044900,139.4934547,35.57406687,NA,NA,NA,NA,NA,NA,NA,NA,NA,NA,NA,NA,NA
13209045000,139.4945343,35.57769819,NA,NA,NA,NA,NA,NA,NA,NA,NA,NA,NA,NA,NA
13209045100,139.4929182,35.58015327,NA,NA,NA,NA,NA,NA,NA,NA,NA,NA,NA,NA,NA
13209045200,139.4907552,35.57962274,NA,NA,NA,NA,NA,NA,NA,NA,NA,NA,NA,NA,NA
13209045300,139.4903522,35.57862481,NA,NA,NA,NA,NA,NA,NA,NA,NA,NA,NA,NA,NA
13209045400,139.491262,35.57869462,NA,NA,NA,NA,NA,NA,NA,NA,NA,NA,NA,NA,NA
13209045500,139.4890386,35.57705381,NA,NA,NA,NA,NA,NA,NA,NA,NA,NA,NA,NA,NA
13209045600,139.4849384,35.57563183,NA,NA,NA,NA,NA,NA,NA,NA,NA,NA,NA,NA,NA
13209045800,139.4862995,35.57729722,NA,NA,NA,NA,NA,NA,NA,NA,NA,NA,NA,NA,NA
13209045900,139.4846715,35.5702643,NA,NA,NA,NA,NA,NA,NA,NA,NA,NA,NA,NA,NA
13209046000,139.4840191,35.57058545,NA,NA,NA,NA,NA,NA,NA,NA,NA,NA,NA,NA,NA
13209046100,139.4860447,35.57134642,NA,NA,NA,NA,NA,NA,NA,NA,NA,NA,NA,NA,NA
13209046200,139.4864834,35.57295107,NA,NA,NA,NA,NA,NA,NA,NA,NA,NA,NA,NA,NA
13209046300,139.488013,35.57543517,NA,NA,NA,NA,NA,NA,NA,NA,NA,NA,NA,NA,NA
13209046400,139.4049682,35.57790611,NA,NA,NA,NA,NA,NA,NA,NA,NA,NA,NA,NA,NA
13209046500,139.4060325,35.58005617,NA,NA,NA,NA,NA,NA,NA,NA,NA,NA,NA,NA,NA
13209046600,139.423027,35.57857161,NA,NA,NA,NA,NA,NA,NA,NA,NA,NA,NA,NA,NA
13209046700,139.4271525,35.57634674,NA,NA,NA,NA,NA,NA,NA,NA,NA,NA,NA,NA,NA
13209047400,139.4342936,35.5803956,NA,NA,NA,NA,NA,NA,NA,NA,NA,NA,NA,NA,NA
13209047600,139.4390143,35.57212315,NA,NA,NA,NA,NA,NA,NA,NA,NA,NA,NA,NA,NA
13209047700,139.4378298,35.57975337,NA,NA,NA,NA,NA,NA,NA,NA,NA,NA,NA,NA,NA
13209047800,139.4384478,35.57849685,NA,NA,NA,NA,NA,NA,NA,NA,NA,NA,NA,NA,NA
13209047900,139.4421204,35.579256,NA,NA,NA,NA,NA,NA,NA,NA,NA,NA,NA,NA,NA
13209048000,139.4397353,35.5770937,NA,NA,NA,NA,NA,NA,NA,NA,NA,NA,NA,NA,NA
13209048100,139.4406107,35.57902738,NA,NA,NA,NA,NA,NA,NA,NA,NA,NA,NA,NA,NA
13209048200,139.4418982,35.57717747,NA,NA,NA,NA,NA,NA,NA,NA,NA,NA,NA,NA,NA
13209048300,139.444077,35.57855758,NA,NA,NA,NA,NA,NA,NA,NA,NA,NA,NA,NA,NA
13209048500,139.446,35.57763645,NA,NA,NA,NA,NA,NA,NA,NA,NA,NA,NA,NA,NA
13209048600,139.4390658,35.57645843,NA,NA,NA,NA,NA,NA,NA,NA,NA,NA,NA,NA,NA
13209048700,139.4398211,35.57436412,NA,NA,NA,NA,NA,NA,NA,NA,NA,NA,NA,NA,NA
13209048800,139.4391001,35.57391733,NA,NA,NA,NA,NA,NA,NA,NA,NA,NA,NA,NA,NA
13209048900,139.4384821,35.57472714,NA,NA,NA,NA,NA,NA,NA,NA,NA,NA,NA,NA,NA
13209049000,139.4376753,35.57564166,NA,NA,NA,NA,NA,NA,NA,NA,NA,NA,NA,NA,NA
13209049100,139.435787,35.57924379,NA,NA,NA,NA,NA,NA,NA,NA,NA,NA,NA,NA,NA
13209049200,139.4297961,35.57690521,NA,NA,NA,NA,NA,NA,NA,NA,NA,NA,NA,NA,NA
13209049300,139.4272211,35.5752577,NA,NA,NA,NA,NA,NA,NA,NA,NA,NA,NA,NA,NA
13209049400,139.4278735,35.57358223,NA,NA,NA,NA,NA,NA,NA,NA,NA,NA,NA,NA,NA
13209049500,139.4247149,35.57321921,NA,NA,NA,NA,NA,NA,NA,NA,NA,NA,NA,NA,NA
13209049600,139.4316328,35.56941435,NA,NA,NA,NA,NA,NA,NA,NA,NA,NA,NA,NA,NA
13209049700,139.4298304,35.570678,NA,NA,NA,NA,NA,NA,NA,NA,NA,NA,NA,NA,NA
13209049800,139.4353922,35.57201843,NA,NA,NA,NA,NA,NA,NA,NA,NA,NA,NA,NA,NA
13209049900,139.4375895,35.57070592,NA,NA,NA,NA,NA,NA,NA,NA,NA,NA,NA,NA,NA
13209050000,139.4275588,35.56812981,NA,NA,NA,NA,NA,NA,NA,NA,NA,NA,NA,NA,NA
13209050200,139.4313753,35.56852768,NA,NA,NA,NA,NA,NA,NA,NA,NA,NA,NA,NA,NA
13209050300,139.4268722,35.5675992,NA,NA,NA,NA,NA,NA,NA,NA,NA,NA,NA,NA,NA
13209050400,139.432022,35.56701274,NA,NA,NA,NA,NA,NA,NA,NA,NA,NA,NA,NA,NA
13209050500,139.4164352,35.56539295,NA,NA,NA,NA,NA,NA,NA,NA,NA,NA,NA,NA,NA
13209050600,139.4182204,35.56611907,NA,NA,NA,NA,NA,NA,NA,NA,NA,NA,NA,NA,NA
13209050700,139.4167785,35.57103203,NA,NA,NA,NA,NA,NA,NA,NA,NA,NA,NA,NA,NA
13209050800,139.4146499,35.57075277,NA,NA,NA,NA,NA,NA,NA,NA,NA,NA,NA,NA,NA
13209050900,139.4183921,35.57516493,NA,NA,NA,NA,NA,NA,NA,NA,NA,NA,NA,NA,NA
13209051000,139.4308891,35.56561637,NA,NA,NA,NA,NA,NA,NA,NA,NA,NA,NA,NA,NA
13209051100,139.431919,35.56502989,NA,NA,NA,NA,NA,NA,NA,NA,NA,NA,NA,NA,NA
13209051200,139.4306487,35.56737579,NA,NA,NA,NA,NA,NA,NA,NA,NA,NA,NA,NA,NA
13209051300,139.4679814,35.58166664,NA,NA,NA,NA,NA,NA,NA,NA,NA,NA,NA,NA,NA
13209051600,139.4603013,35.58116963,NA,NA,NA,NA,NA,NA,NA,NA,NA,NA,NA,NA,NA
13209051700,139.459649,35.57590613,NA,NA,NA,NA,NA,NA,NA,NA,NA,NA,NA,NA,NA
13209051800,139.4573315,35.57794456,NA,NA,NA,NA,NA,NA,NA,NA,NA,NA,NA,NA,NA
13209052100,139.4541215,35.57827964,NA,NA,NA,NA,NA,NA,NA,NA,NA,NA,NA,NA,NA
13209052200,139.4531602,35.57470539,NA,NA,NA,NA,NA,NA,NA,NA,NA,NA,NA,NA,NA
13209052300,139.4555291,35.57330916,NA,NA,NA,NA,NA,NA,NA,NA,NA,NA,NA,NA,NA
13209052400,139.4542931,35.57395143,NA,NA,NA,NA,NA,NA,NA,NA,NA,NA,NA,NA,NA
13209052500,139.4548768,35.57476124,NA,NA,NA,NA,NA,NA,NA,NA,NA,NA,NA,NA,NA
13209052600,139.4534348,35.57347671,NA,NA,NA,NA,NA,NA,NA,NA,NA,NA,NA,NA,NA
13209052700,139.4537781,35.57562689,NA,NA,NA,NA,NA,NA,NA,NA,NA,NA,NA,NA,NA
13209052800,139.4576234,35.57515218,NA,NA,NA,NA,NA,NA,NA,NA,NA,NA,NA,NA,NA
13209052900,139.4616402,35.57797248,NA,NA,NA,NA,NA,NA,NA,NA,NA,NA,NA,NA,NA
13209053100,139.4613312,35.57579444,NA,NA,NA,NA,NA,NA,NA,NA,NA,NA,NA,NA,NA
13209053200,139.4600953,35.57478916,NA,NA,NA,NA,NA,NA,NA,NA,NA,NA,NA,NA,NA
13209053300,139.4627732,35.57442615,NA,NA,NA,NA,NA,NA,NA,NA,NA,NA,NA,NA,NA
13209053500,139.4650391,35.57562738,NA,NA,NA,NA,NA,NA,NA,NA,NA,NA,NA,NA,NA
13209053600,139.4647645,35.57375644,NA,NA,NA,NA,NA,NA,NA,NA,NA,NA,NA,NA,NA
13209053700,139.4668587,35.57696772,NA,NA,NA,NA,NA,NA,NA,NA,NA,NA,NA,NA,NA
13209053800,139.4668244,35.57632548,NA,NA,NA,NA,NA,NA,NA,NA,NA,NA,NA,NA,NA
13209054000,139.4718034,35.58087229,NA,NA,NA,NA,NA,NA,NA,NA,NA,NA,NA,NA,NA
13209054100,139.4729506,35.57982981,NA,NA,NA,NA,NA,NA,NA,NA,NA,NA,NA,NA,NA
13209054200,139.4743088,35.58012303,NA,NA,NA,NA,NA,NA,NA,NA,NA,NA,NA,NA,NA
13209054300,139.4719742,35.57858728,NA,NA,NA,NA,NA,NA,NA,NA,NA,NA,NA,NA,NA
13209054400,139.4704444,35.57555754,NA,NA,NA,NA,NA,NA,NA,NA,NA,NA,NA,NA,NA
13209054500,139.4700667,35.57432887,NA,NA,NA,NA,NA,NA,NA,NA,NA,NA,NA,NA,NA
13209054600,139.4582221,35.57178769,NA,NA,NA,NA,NA,NA,NA,NA,NA,NA,NA,NA,NA
13209054700,139.4511061,35.57036473,NA,NA,NA,NA,NA,NA,NA,NA,NA,NA,NA,NA,NA
13209054800,139.4517525,35.57216472,NA,NA,NA,NA,NA,NA,NA,NA,NA,NA,NA,NA,NA
13209054900,139.4513782,35.55954426,NA,NA,NA,NA,NA,NA,NA,NA,NA,NA,NA,NA,NA
13209055000,139.4514812,35.55800811,NA,NA,NA,NA,NA,NA,NA,NA,NA,NA,NA,NA,NA
13209055100,139.4515868,35.55687537,NA,NA,NA,NA,NA,NA,NA,NA,NA,NA,NA,NA,NA
13209055200,139.4503139,35.55622055,NA,NA,NA,NA,NA,NA,NA,NA,NA,NA,NA,NA,NA
13209055300,139.4477415,35.55936116,NA,NA,NA,NA,NA,NA,NA,NA,NA,NA,NA,NA,NA
13209055500,139.4503483,35.56068937,NA,NA,NA,NA,NA,NA,NA,NA,NA,NA,NA,NA,NA
13209055600,139.4481853,35.56186239,NA,NA,NA,NA,NA,NA,NA,NA,NA,NA,NA,NA,NA
13209055700,139.4448208,35.56074523,NA,NA,NA,NA,NA,NA,NA,NA,NA,NA,NA,NA,NA
13209055800,139.4425574,35.55927737,NA,NA,NA,NA,NA,NA,NA,NA,NA,NA,NA,NA,NA
13209055900,139.4330473,35.55964046,NA,NA,NA,NA,NA,NA,NA,NA,NA,NA,NA,NA,NA
13209056000,139.4315685,35.55965598,NA,NA,NA,NA,NA,NA,NA,NA,NA,NA,NA,NA,NA
13209056100,139.4315757,35.56743164,NA,NA,NA,NA,NA,NA,NA,NA,NA,NA,NA,NA,NA
13209056200,139.4426235,35.56242097,NA,NA,NA,NA,NA,NA,NA,NA,NA,NA,NA,NA,NA
13209056300,139.4392933,35.56289575,NA,NA,NA,NA,NA,NA,NA,NA,NA,NA,NA,NA,NA
13209056400,139.4421797,35.5663433,NA,NA,NA,NA,NA,NA,NA,NA,NA,NA,NA,NA,NA
13209056500,139.4393301,35.56952695,NA,NA,NA,NA,NA,NA,NA,NA,NA,NA,NA,NA,NA
13209056600,139.4457134,35.56711285,NA,NA,NA,NA,NA,NA,NA,NA,NA,NA,NA,NA,NA
13209056700,139.4417334,35.57148176,NA,NA,NA,NA,NA,NA,NA,NA,NA,NA,NA,NA,NA
13209056800,139.4464776,35.57572258,NA,NA,NA,NA,NA,NA,NA,NA,NA,NA,NA,NA,NA
13209056900,139.4459194,35.57308902,NA,NA,NA,NA,NA,NA,NA,NA,NA,NA,NA,NA,NA
13209057000,139.4479132,35.5655334,NA,NA,NA,NA,NA,NA,NA,NA,NA,NA,NA,NA,NA
13209057100,139.4522709,35.56672187,NA,NA,NA,NA,NA,NA,NA,NA,NA,NA,NA,NA,NA
13209057200,139.4532096,35.56123118,NA,NA,NA,NA,NA,NA,NA,NA,NA,NA,NA,NA,NA
13209057300,139.4498015,35.5676838,NA,NA,NA,NA,NA,NA,NA,NA,NA,NA,NA,NA,NA
13209057400,139.446297,35.56811822,NA,NA,NA,NA,NA,NA,NA,NA,NA,NA,NA,NA,NA
13209057500,139.4454387,35.56864883,NA,NA,NA,NA,NA,NA,NA,NA,NA,NA,NA,NA,NA
13209057600,139.4446491,35.5696821,NA,NA,NA,NA,NA,NA,NA,NA,NA,NA,NA,NA,NA
13209057700,139.4454413,35.57131421,NA,NA,NA,NA,NA,NA,NA,NA,NA,NA,NA,NA,NA
13209057800,139.4485596,35.57143865,NA,NA,NA,NA,NA,NA,NA,NA,NA,NA,NA,NA,NA
13209057900,139.4528202,35.57007307,NA,NA,NA,NA,NA,NA,NA,NA,NA,NA,NA,NA,NA
13209058000,139.4520992,35.56926321,NA,NA,NA,NA,NA,NA,NA,NA,NA,NA,NA,NA,NA
13209058100,139.4521704,35.56840989,NA,NA,NA,NA,NA,NA,NA,NA,NA,NA,NA,NA,NA
13209058200,139.4510692,35.56831371,NA,NA,NA,NA,NA,NA,NA,NA,NA,NA,NA,NA,NA
13209058300,139.4480137,35.5690398,NA,NA,NA,NA,NA,NA,NA,NA,NA,NA,NA,NA,NA
13209058400,139.4498299,35.57621329,NA,NA,NA,NA,NA,NA,NA,NA,NA,NA,NA,NA,NA
13209058500,139.4491433,35.57579444,NA,NA,NA,NA,NA,NA,NA,NA,NA,NA,NA,NA,NA
13209058600,139.4514812,35.57146936,NA,NA,NA,NA,NA,NA,NA,NA,NA,NA,NA,NA,NA
13209058700,139.4361029,35.56536583,NA,NA,NA,NA,NA,NA,NA,NA,NA,NA,NA,NA,NA
13209058800,139.4370273,35.5648228,NA,NA,NA,NA,NA,NA,NA,NA,NA,NA,NA,NA,NA
13209058900,139.4375449,35.56533791,NA,NA,NA,NA,NA,NA,NA,NA,NA,NA,NA,NA,NA
13209059000,139.436993,35.565660630000004,NA,NA,NA,NA,NA,NA,NA,NA,NA,NA,NA,NA,NA
13209059100,139.4356197,35.56702907,NA,NA,NA,NA,NA,NA,NA,NA,NA,NA,NA,NA,NA
13209059200,139.4387439,35.56878846,NA,NA,NA,NA,NA,NA,NA,NA,NA,NA,NA,NA,NA
13209059300,139.43792,35.56753176,NA,NA,NA,NA,NA,NA,NA,NA,NA,NA,NA,NA,NA
13209059500,139.43860660000001,35.56552099,NA,NA,NA,NA,NA,NA,NA,NA,NA,NA,NA,NA,NA
13209059600,139.4395018,35.56486313,NA,NA,NA,NA,NA,NA,NA,NA,NA,NA,NA,NA,NA
13209059700,139.4403258,35.56497484,NA,NA,NA,NA,NA,NA,NA,NA,NA,NA,NA,NA,NA
13209059800,139.4343837,35.56501829,NA,NA,NA,NA,NA,NA,NA,NA,NA,NA,NA,NA,NA
13209059900,139.4335326,35.56385691,NA,NA,NA,NA,NA,NA,NA,NA,NA,NA,NA,NA,NA
13209060000,139.4380598,35.56405322,NA,NA,NA,NA,NA,NA,NA,NA,NA,NA,NA,NA,NA
13209060100,139.4547202,35.56441504,NA,NA,NA,NA,NA,NA,NA,NA,NA,NA,NA,NA,NA
13209060200,139.4585311,35.56447089,NA,NA,NA,NA,NA,NA,NA,NA,NA,NA,NA,NA,NA
13209060300,139.4547889,35.56737535,NA,NA,NA,NA,NA,NA,NA,NA,NA,NA,NA,NA,NA
13209060400,139.4615867,35.57067067,NA,NA,NA,NA,NA,NA,NA,NA,NA,NA,NA,NA,NA
13209060500,139.4594924,35.56941399,NA,NA,NA,NA,NA,NA,NA,NA,NA,NA,NA,NA,NA
13209060600,139.4564025,35.56807352,NA,NA,NA,NA,NA,NA,NA,NA,NA,NA,NA,NA,NA
13209060700,139.460385,35.5670123,NA,NA,NA,NA,NA,NA,NA,NA,NA,NA,NA,NA,NA
13209060800,139.4642302,35.56776633,NA,NA,NA,NA,NA,NA,NA,NA,NA,NA,NA,NA,NA
13209060900,139.4653289,35.56790596,NA,NA,NA,NA,NA,NA,NA,NA,NA,NA,NA,NA,NA
13209061000,139.4674231,35.57111748,NA,NA,NA,NA,NA,NA,NA,NA,NA,NA,NA,NA,NA
13209061100,139.4684531,35.57131296,NA,NA,NA,NA,NA,NA,NA,NA,NA,NA,NA,NA,NA
13209061200,139.4630286,35.57022385,NA,NA,NA,NA,NA,NA,NA,NA,NA,NA,NA,NA,NA
13209061300,139.4640929,35.570168,NA,NA,NA,NA,NA,NA,NA,NA,NA,NA,NA,NA,NA
13209061400,139.4652945,35.57053104,NA,NA,NA,NA,NA,NA,NA,NA,NA,NA,NA,NA,NA
13209061500,139.4686591,35.56790596,NA,NA,NA,NA,NA,NA,NA,NA,NA,NA,NA,NA,NA
13209061600,139.4658782,35.56480603,NA,NA,NA,NA,NA,NA,NA,NA,NA,NA,NA,NA,NA
13209061700,139.4295872,35.55494419,NA,NA,NA,NA,NA,NA,NA,NA,NA,NA,NA,NA,NA
13209061800,139.4325667,35.55249014,NA,NA,NA,NA,NA,NA,NA,NA,NA,NA,NA,NA,NA
13209061900,139.4307127,35.55215496,NA,NA,NA,NA,NA,NA,NA,NA,NA,NA,NA,NA,NA
13209062000,139.4331503,35.5505628,NA,NA,NA,NA,NA,NA,NA,NA,NA,NA,NA,NA,NA
13209062200,139.4555442,35.55628757,NA,NA,NA,NA,NA,NA,NA,NA,NA,NA,NA,NA,NA
13209062300,139.4591834,35.55528206,NA,NA,NA,NA,NA,NA,NA,NA,NA,NA,NA,NA,NA
13209062400,139.4581191,35.55637137,NA,NA,NA,NA,NA,NA,NA,NA,NA,NA,NA,NA,NA
13209062500,139.4567458,35.5570417,NA,NA,NA,NA,NA,NA,NA,NA,NA,NA,NA,NA,NA
13209062600,139.4553038,35.5577679,NA,NA,NA,NA,NA,NA,NA,NA,NA,NA,NA,NA,NA
13209062700,139.4602964,35.55592854,NA,NA,NA,NA,NA,NA,NA,NA,NA,NA,NA,NA,NA
13209062800,139.4617926,35.55483516,NA,NA,NA,NA,NA,NA,NA,NA,NA,NA,NA,NA,NA
13209062900,139.4622733,35.55410894,NA,NA,NA,NA,NA,NA,NA,NA,NA,NA,NA,NA,NA
13209063000,139.4631316,35.55461171,NA,NA,NA,NA,NA,NA,NA,NA,NA,NA,NA,NA,NA
13209063100,139.4656035,35.55254475,NA,NA,NA,NA,NA,NA,NA,NA,NA,NA,NA,NA,NA
13209063200,139.4610373,35.55075708,NA,NA,NA,NA,NA,NA,NA,NA,NA,NA,NA,NA,NA
13209063500,139.4557845,35.55237716,NA,NA,NA,NA,NA,NA,NA,NA,NA,NA,NA,NA,NA
13209063600,139.4529349,35.55268442,NA,NA,NA,NA,NA,NA,NA,NA,NA,NA,NA,NA,NA
13209063700,139.4521109,35.55391342,NA,NA,NA,NA,NA,NA,NA,NA,NA,NA,NA,NA,NA
13209063800,139.4654211,35.54910903,NA,NA,NA,NA,NA,NA,NA,NA,NA,NA,NA,NA,NA
13209063900,139.4590699,35.54528184,NA,NA,NA,NA,NA,NA,NA,NA,NA,NA,NA,NA,NA
13209064000,139.4603295,35.54132898,NA,NA,NA,NA,NA,NA,NA,NA,NA,NA,NA,NA,NA
13209064100,139.4635331,35.5408401,NA,NA,NA,NA,NA,NA,NA,NA,NA,NA,NA,NA,NA
13209064200,139.4649,35.53891597,NA,NA,NA,NA,NA,NA,NA,NA,NA,NA,NA,NA,NA
13209064300,139.4570443,35.54025344,NA,NA,NA,NA,NA,NA,NA,NA,NA,NA,NA,NA,NA
13209064400,139.455877,35.54475108,NA,NA,NA,NA,NA,NA,NA,NA,NA,NA,NA,NA,NA
13209064500,139.4608552,35.54801939,NA,NA,NA,NA,NA,NA,NA,NA,NA,NA,NA,NA,NA
13209064600,139.4621255,35.54885739,NA,NA,NA,NA,NA,NA,NA,NA,NA,NA,NA,NA,NA
13209064700,139.4624688,35.54271181,NA,NA,NA,NA,NA,NA,NA,NA,NA,NA,NA,NA,NA
13209065000,139.47851790000001,35.53376514,NA,NA,NA,NA,NA,NA,NA,NA,NA,NA,NA,NA,NA
13209065100,139.477694,35.53292697,NA,NA,NA,NA,NA,NA,NA,NA,NA,NA,NA,NA,NA
13209065200,139.4746381,35.53806725,NA,NA,NA,NA,NA,NA,NA,NA,NA,NA,NA,NA,NA
13209065300,139.475325,35.53613989,NA,NA,NA,NA,NA,NA,NA,NA,NA,NA,NA,NA,NA
13209065400,139.4755651,35.53935235,NA,NA,NA,NA,NA,NA,NA,NA,NA,NA,NA,NA,NA
13209065600,139.4722128,35.53953058,NA,NA,NA,NA,NA,NA,NA,NA,NA,NA,NA,NA,NA
13209065700,139.4739174,35.53348213,NA,NA,NA,NA,NA,NA,NA,NA,NA,NA,NA,NA,NA
13209065800,139.4663484,35.5446114,NA,NA,NA,NA,NA,NA,NA,NA,NA,NA,NA,NA,NA
13209065900,139.4680586,35.53955851,NA,NA,NA,NA,NA,NA,NA,NA,NA,NA,NA,NA,NA
13209066000,139.4697408,35.54103914,NA,NA,NA,NA,NA,NA,NA,NA,NA,NA,NA,NA,NA
13209066100,139.4724252,35.54544944,NA,NA,NA,NA,NA,NA,NA,NA,NA,NA,NA,NA,NA
13209066200,139.4717042,35.5470417,NA,NA,NA,NA,NA,NA,NA,NA,NA,NA,NA,NA,NA
13209066300,139.470208,35.54556381,NA,NA,NA,NA,NA,NA,NA,NA,NA,NA,NA,NA,NA
13209066400,139.469693,35.54430674,NA,NA,NA,NA,NA,NA,NA,NA,NA,NA,NA,NA,NA
13209066500,139.4653871,35.54419238,NA,NA,NA,NA,NA,NA,NA,NA,NA,NA,NA,NA,NA
13209066600,139.4681337,35.5440527,NA,NA,NA,NA,NA,NA,NA,NA,NA,NA,NA,NA,NA
13209066700,139.4686827,35.54567315,NA,NA,NA,NA,NA,NA,NA,NA,NA,NA,NA,NA,NA
13209066800,139.46755,35.54549135,NA,NA,NA,NA,NA,NA,NA,NA,NA,NA,NA,NA,NA
13209066900,139.4711203,35.54827102,NA,NA,NA,NA,NA,NA,NA,NA,NA,NA,NA,NA,NA
13209067000,139.4701936,35.54623161,NA,NA,NA,NA,NA,NA,NA,NA,NA,NA,NA,NA,NA
13209067100,139.4685904,35.55430446,NA,NA,NA,NA,NA,NA,NA,NA,NA,NA,NA,NA,NA
13209067200,139.4757833,35.56106687,NA,NA,NA,NA,NA,NA,NA,NA,NA,NA,NA,NA,NA
13209067300,139.4753713,35.55955868,NA,NA,NA,NA,NA,NA,NA,NA,NA,NA,NA,NA,NA
13209067400,139.4759893,35.55810632,NA,NA,NA,NA,NA,NA,NA,NA,NA,NA,NA,NA,NA
13209067500,139.4813554,35.55107808,NA,NA,NA,NA,NA,NA,NA,NA,NA,NA,NA,NA,NA
13209067700,139.4796045,35.54208326,NA,NA,NA,NA,NA,NA,NA,NA,NA,NA,NA,NA,NA
13209068000,139.4832212,35.53753645,NA,NA,NA,NA,NA,NA,NA,NA,NA,NA,NA,NA,NA
13209068100,139.4553116,35.52237787,NA,NA,NA,NA,NA,NA,NA,NA,NA,NA,NA,NA,NA
13209068200,139.466433,35.5294309,NA,NA,NA,NA,NA,NA,NA,NA,NA,NA,NA,NA,NA
13209068300,139.4705528,35.52152344,NA,NA,NA,NA,NA,NA,NA,NA,NA,NA,NA,NA,NA
13209068400,139.4708275,35.53172196,NA,NA,NA,NA,NA,NA,NA,NA,NA,NA,NA,NA,NA
13209068500,139.4837216,35.53240167,NA,NA,NA,NA,NA,NA,NA,NA,NA,NA,NA,NA,NA
13209068600,139.4772585,35.52676475,NA,NA,NA,NA,NA,NA,NA,NA,NA,NA,NA,NA,NA
13209068700,139.4801767,35.53076091,NA,NA,NA,NA,NA,NA,NA,NA,NA,NA,NA,NA,NA
13209068800,139.4826996,35.52668859,NA,NA,NA,NA,NA,NA,NA,NA,NA,NA,NA,NA,NA
13209068900,139.4835922,35.52688418,NA,NA,NA,NA,NA,NA,NA,NA,NA,NA,NA,NA,NA
13209069000,139.4862015,35.52618565,NA,NA,NA,NA,NA,NA,NA,NA,NA,NA,NA,NA,NA
13209069100,139.4869224,35.52509593,NA,NA,NA,NA,NA,NA,NA,NA,NA,NA,NA,NA,NA
13209069200,139.4808113,35.52325175,NA,NA,NA,NA,NA,NA,NA,NA,NA,NA,NA,NA,NA
13209069300,139.4816696,35.52280468,NA,NA,NA,NA,NA,NA,NA,NA,NA,NA,NA,NA,NA
13209069400,139.4666664,35.51920001,NA,NA,NA,NA,NA,NA,NA,NA,NA,NA,NA,NA,NA
13209069500,139.4681427,35.5119902,NA,NA,NA,NA,NA,NA,NA,NA,NA,NA,NA,NA,NA
13209069600,139.4751465,35.50220841,NA,NA,NA,NA,NA,NA,NA,NA,NA,NA,NA,NA,NA
13209069700,139.4740822,35.50922347,NA,NA,NA,NA,NA,NA,NA,NA,NA,NA,NA,NA,NA
13209069800,139.3687525,35.60605016,NA,NA,NA,NA,NA,NA,NA,NA,NA,NA,NA,NA,NA
13209070500,139.388595,35.59923341,NA,NA,NA,NA,NA,NA,NA,NA,NA,NA,NA,NA,NA
13209070600,139.4316843,35.57598373,NA,NA,NA,NA,NA,NA,NA,NA,NA,NA,NA,NA,NA
13209070700,139.431341,35.57583015,NA,NA,NA,NA,NA,NA,NA,NA,NA,NA,NA,NA,NA
13209070800,139.3858809,35.59814389,NA,NA,NA,NA,NA,NA,NA,NA,NA,NA,NA,NA,NA
13209070900,139.4777506,35.54719534,NA,NA,NA,NA,NA,NA,NA,NA,NA,NA,NA,NA,NA
13209071000,139.3695572,35.60077944,NA,NA,NA,NA,NA,NA,NA,NA,NA,NA,NA,NA,NA
13209071100,139.3679628,35.60542211,NA,NA,NA,NA,NA,NA,NA,NA,NA,NA,NA,NA,NA
13209071200,139.4318732,35.57798725,NA,NA,NA,NA,NA,NA,NA,NA,NA,NA,NA,NA,NA
13209071400,139.4368239,35.56268473,NA,NA,NA,NA,NA,NA,NA,NA,NA,NA,NA,NA,NA
13209071600,139.4461279,35.56408115,NA,NA,NA,NA,NA,NA,NA,NA,NA,NA,NA,NA,NA
13209071700,139.4256019,35.57703583,NA,NA,NA,NA,NA,NA,NA,NA,NA,NA,NA,NA,NA
13209071800,139.4211554,35.57315724,NA,NA,NA,NA,NA,NA,NA,NA,NA,NA,NA,NA,NA
13209071900,139.4514243,35.54871796,NA,NA,NA,NA,NA,NA,NA,NA,NA,NA,NA,NA,NA
13209072000,139.4466417,35.54343813,NA,NA,NA,NA,NA,NA,NA,NA,NA,NA,NA,NA,NA
13209072100,139.4761421,35.51470094,NA,NA,NA,NA,NA,NA,NA,NA,NA,NA,NA,NA,NA
13209072200,139.4724188,35.5409274,NA,NA,NA,NA,NA,NA,NA,NA,NA,NA,NA,NA,NA
13209072300,139.4276181,35.59687863,NA,NA,NA,NA,NA,NA,NA,NA,NA,NA,NA,NA,NA
13209072400,139.4117222,35.59992149,NA,NA,NA,NA,NA,NA,NA,NA,NA,NA,NA,NA,NA
13209072600,139.4479132,35.56142793,NA,NA,NA,NA,NA,NA,NA,NA,NA,NA,NA,NA,NA
13209072800,139.3765218,35.60095579,NA,NA,NA,NA,NA,NA,NA,NA,NA,NA,NA,NA,NA
13209072900,139.339801,35.61967521,NA,NA,NA,NA,NA,NA,NA,NA,NA,NA,NA,NA,NA
13209073200,139.4151595,35.60640926,NA,NA,NA,NA,NA,NA,NA,NA,NA,NA,NA,NA,NA
13209073300,139.4106515,35.60227681,NA,NA,NA,NA,NA,NA,NA,NA,NA,NA,NA,NA,NA
13209073400,139.4112072,35.59729738,NA,NA,NA,NA,NA,NA,NA,NA,NA,NA,NA,NA,NA
13209073500,139.4037614,35.59536267,NA,NA,NA,NA,NA,NA,NA,NA,NA,NA,NA,NA,NA
13209073600,139.4004942,35.59286198,NA,NA,NA,NA,NA,NA,NA,NA,NA,NA,NA,NA,NA
13209073700,139.4001337,35.5917592,NA,NA,NA,NA,NA,NA,NA,NA,NA,NA,NA,NA,NA
13209073800,139.3986918,35.58874395,NA,NA,NA,NA,NA,NA,NA,NA,NA,NA,NA,NA,NA
13209073900,139.4003397,35.58955361,NA,NA,NA,NA,NA,NA,NA,NA,NA,NA,NA,NA,NA
13209074000,139.4003242,35.59033037,NA,NA,NA,NA,NA,NA,NA,NA,NA,NA,NA,NA,NA
13209074100,139.4017302,35.59221986,NA,NA,NA,NA,NA,NA,NA,NA,NA,NA,NA,NA,NA
13209074200,139.4044939,35.59291781,NA,NA,NA,NA,NA,NA,NA,NA,NA,NA,NA,NA,NA
13209074300,139.4043394,35.59237341,NA,NA,NA,NA,NA,NA,NA,NA,NA,NA,NA,NA,NA
13209074400,139.4021078,35.58991656,NA,NA,NA,NA,NA,NA,NA,NA,NA,NA,NA,NA,NA
13209074500,139.4014384,35.5891069,NA,NA,NA,NA,NA,NA,NA,NA,NA,NA,NA,NA,NA
13209074600,139.4004599,35.58801804,NA,NA,NA,NA,NA,NA,NA,NA,NA,NA,NA,NA,NA
13209074700,139.407395,35.58902315,NA,NA,NA,NA,NA,NA,NA,NA,NA,NA,NA,NA,NA
13209074800,139.4062035,35.58895271,NA,NA,NA,NA,NA,NA,NA,NA,NA,NA,NA,NA,NA
13209074900,139.4063135,35.58941402,NA,NA,NA,NA,NA,NA,NA,NA,NA,NA,NA,NA,NA
13209075000,139.4045283,35.58882771,NA,NA,NA,NA,NA,NA,NA,NA,NA,NA,NA,NA,NA
13209075100,139.408705,35.58633704,NA,NA,NA,NA,NA,NA,NA,NA,NA,NA,NA,NA,NA
13209075200,139.4101086,35.58593454,NA,NA,NA,NA,NA,NA,NA,NA,NA,NA,NA,NA,NA
13209075300,139.4125119,35.58788895,NA,NA,NA,NA,NA,NA,NA,NA,NA,NA,NA,NA,NA
13209075400,139.4135354,35.58788543,NA,NA,NA,NA,NA,NA,NA,NA,NA,NA,NA,NA,NA
13209075500,139.416591,35.58877887,NA,NA,NA,NA,NA,NA,NA,NA,NA,NA,NA,NA,NA
13209075600,139.4181059,35.58492589,NA,NA,NA,NA,NA,NA,NA,NA,NA,NA,NA,NA,NA
13209075700,139.4134367,35.58523301,NA,NA,NA,NA,NA,NA,NA,NA,NA,NA,NA,NA,NA
13209075800,139.406777,35.58842288,NA,NA,NA,NA,NA,NA,NA,NA,NA,NA,NA,NA,NA
13209075900,139.4038588,35.5927503,NA,NA,NA,NA,NA,NA,NA,NA,NA,NA,NA,NA,NA
13209076000,139.4035841,35.59298761,NA,NA,NA,NA,NA,NA,NA,NA,NA,NA,NA,NA,NA
13209076100,139.4029146,35.59247112,NA,NA,NA,NA,NA,NA,NA,NA,NA,NA,NA,NA,NA
13209076200,139.459237,35.57400728,NA,NA,NA,NA,NA,NA,NA,NA,NA,NA,NA,NA,NA
13209076300,139.3134659,35.61183817,NA,NA,NA,NA,NA,NA,NA,NA,NA,NA,NA,NA,NA
13209076400,139.3187531,35.60963313,NA,NA,NA,NA,NA,NA,NA,NA,NA,NA,NA,NA,NA
13209076700,139.321843,35.6069256,NA,NA,NA,NA,NA,NA,NA,NA,NA,NA,NA,NA,NA
13209076800,139.3227333,35.60686977,NA,NA,NA,NA,NA,NA,NA,NA,NA,NA,NA,NA,NA
13209076900,139.3240736,35.60745813,NA,NA,NA,NA,NA,NA,NA,NA,NA,NA,NA,NA,NA
13209077000,139.3303215,35.61214542,NA,NA,NA,NA,NA,NA,NA,NA,NA,NA,NA,NA,NA
13209077100,139.3300474,35.61507802,NA,NA,NA,NA,NA,NA,NA,NA,NA,NA,NA,NA,NA
13209077200,139.329862,35.61597142,NA,NA,NA,NA,NA,NA,NA,NA,NA,NA,NA,NA,NA
13209077300,139.3319014,35.61471518,NA,NA,NA,NA,NA,NA,NA,NA,NA,NA,NA,NA,NA
13209077400,139.3332746,35.61474309,NA,NA,NA,NA,NA,NA,NA,NA,NA,NA,NA,NA,NA
13209078200,139.3324507,35.60810013,NA,NA,NA,NA,NA,NA,NA,NA,NA,NA,NA,NA,NA
13209078300,139.337872,35.60737002,NA,NA,NA,NA,NA,NA,NA,NA,NA,NA,NA,NA,NA
13209078400,139.3386728,35.60646099,NA,NA,NA,NA,NA,NA,NA,NA,NA,NA,NA,NA,NA
13209078500,139.3425852,35.60820274,NA,NA,NA,NA,NA,NA,NA,NA,NA,NA,NA,NA,NA
13209078600,139.3414452,35.61312231,NA,NA,NA,NA,NA,NA,NA,NA,NA,NA,NA,NA,NA
13209078700,139.3526249,35.60265854,NA,NA,NA,NA,NA,NA,NA,NA,NA,NA,NA,NA,NA
13209078800,139.3557148,35.60330058,NA,NA,NA,NA,NA,NA,NA,NA,NA,NA,NA,NA,NA
13209078900,139.3885521,35.60337429,NA,NA,NA,NA,NA,NA,NA,NA,NA,NA,NA,NA,NA
13209079100,139.3417542,35.60589303,NA,NA,NA,NA,NA,NA,NA,NA,NA,NA,NA,NA,NA
13209079200,139.3568478,35.60210025,NA,NA,NA,NA,NA,NA,NA,NA,NA,NA,NA,NA,NA
13209079300,139.4553277,35.53793468,NA,NA,NA,NA,NA,NA,NA,NA,NA,NA,NA,NA,NA
13209079400,139.2908348,35.61947015,NA,NA,NA,NA,NA,NA,NA,NA,NA,NA,NA,NA,NA
13209079500,139.2924649,35.61543109,NA,NA,NA,NA,NA,NA,NA,NA,NA,NA,NA,NA,NA
13209079600,139.2948481,35.61465949,NA,NA,NA,NA,NA,NA,NA,NA,NA,NA,NA,NA,NA
13209079700,139.2971571,35.61443608,NA,NA,NA,NA,NA,NA,NA,NA,NA,NA,NA,NA,NA
13209079800,139.2989395,35.61454951,NA,NA,NA,NA,NA,NA,NA,NA,NA,NA,NA,NA,NA
13209079900,139.3012741,35.61226081,NA,NA,NA,NA,NA,NA,NA,NA,NA,NA,NA,NA,NA
13209080000,139.3029907,35.60921842,NA,NA,NA,NA,NA,NA,NA,NA,NA,NA,NA,NA,NA
13209080100,139.3036774,35.60868808,NA,NA,NA,NA,NA,NA,NA,NA,NA,NA,NA,NA,NA
13209080200,139.305497,35.60913468,NA,NA,NA,NA,NA,NA,NA,NA,NA,NA,NA,NA,NA
13209080300,139.3438215,35.60385118,NA,NA,NA,NA,NA,NA,NA,NA,NA,NA,NA,NA,NA
13209080400,139.3955903,35.60136465,NA,NA,NA,NA,NA,NA,NA,NA,NA,NA,NA,NA,NA
13209080500,139.396483,35.59625602,NA,NA,NA,NA,NA,NA,NA,NA,NA,NA,NA,NA,NA
13209080600,139.3960365,35.59379907,NA,NA,NA,NA,NA,NA,NA,NA,NA,NA,NA,NA,NA
13209080700,139.3966147,35.5884508,NA,NA,NA,NA,NA,NA,NA,NA,NA,NA,NA,NA,NA
13209080800,139.3966147,35.58610551,NA,NA,NA,NA,NA,NA,NA,NA,NA,NA,NA,NA,NA
13209080900,139.3990179,35.58984677,NA,NA,NA,NA,NA,NA,NA,NA,NA,NA,NA,NA,NA
13209081000,139.3992583,35.58773884,NA,NA,NA,NA,NA,NA,NA,NA,NA,NA,NA,NA,NA
13209081100,139.3983484,35.58641264,NA,NA,NA,NA,NA,NA,NA,NA,NA,NA,NA,NA,NA
13209081200,139.4016928,35.5954896,NA,NA,NA,NA,NA,NA,NA,NA,NA,NA,NA,NA,NA
13209081400,139.4058899,35.59516703,NA,NA,NA,NA,NA,NA,NA,NA,NA,NA,NA,NA,NA
13209081500,139.4025027,35.58780864,NA,NA,NA,NA,NA,NA,NA,NA,NA,NA,NA,NA,NA
13209081600,139.4040133,35.58637076,NA,NA,NA,NA,NA,NA,NA,NA,NA,NA,NA,NA,NA
13209081700,139.40118090000001,35.58519809,NA,NA,NA,NA,NA,NA,NA,NA,NA,NA,NA,NA,NA
13209081800,139.4098683,35.59216057,NA,NA,NA,NA,NA,NA,NA,NA,NA,NA,NA,NA,NA
13209081900,139.4113382,35.59193371,NA,NA,NA,NA,NA,NA,NA,NA,NA,NA,NA,NA,NA
13209082000,139.408602,35.59038539,NA,NA,NA,NA,NA,NA,NA,NA,NA,NA,NA,NA,NA
13209082100,139.4176658,35.59515939,NA,NA,NA,NA,NA,NA,NA,NA,NA,NA,NA,NA,NA
13209082200,139.4185136,35.58646152,NA,NA,NA,NA,NA,NA,NA,NA,NA,NA,NA,NA,NA
13209082300,139.4096374,35.57893926,NA,NA,NA,NA,NA,NA,NA,NA,NA,NA,NA,NA,NA
13209082400,139.4089164,35.57636566,NA,NA,NA,NA,NA,NA,NA,NA,NA,NA,NA,NA,NA
13209082500,139.4136199,35.57164639,NA,NA,NA,NA,NA,NA,NA,NA,NA,NA,NA,NA,NA
13209082600,139.4138602,35.5685466,NA,NA,NA,NA,NA,NA,NA,NA,NA,NA,NA,NA,NA
13209082700,139.4166412,35.56960992,NA,NA,NA,NA,NA,NA,NA,NA,NA,NA,NA,NA,NA
13209082800,139.4264945,35.57675659,NA,NA,NA,NA,NA,NA,NA,NA,NA,NA,NA,NA,NA
13209082900,139.4321135,35.57943925,NA,NA,NA,NA,NA,NA,NA,NA,NA,NA,NA,NA,NA
13209083000,139.4526452,35.58115567,NA,NA,NA,NA,NA,NA,NA,NA,NA,NA,NA,NA,NA
13209083100,139.4543446,35.58170015,NA,NA,NA,NA,NA,NA,NA,NA,NA,NA,NA,NA,NA
13209083200,139.4558037,35.58291475,NA,NA,NA,NA,NA,NA,NA,NA,NA,NA,NA,NA,NA
13209083300,139.4567994,35.57964786,NA,NA,NA,NA,NA,NA,NA,NA,NA,NA,NA,NA,NA
13209083400,139.4514092,35.57892187,NA,NA,NA,NA,NA,NA,NA,NA,NA,NA,NA,NA,NA
13209083500,139.4533318,35.57693931,NA,NA,NA,NA,NA,NA,NA,NA,NA,NA,NA,NA,NA
13209083600,139.4874637,35.57469517,NA,NA,NA,NA,NA,NA,NA,NA,NA,NA,NA,NA,NA
13209083700,139.4895752,35.57244723,NA,NA,NA,NA,NA,NA,NA,NA,NA,NA,NA,NA,NA
13209083800,139.488116,35.57095321,NA,NA,NA,NA,NA,NA,NA,NA,NA,NA,NA,NA,NA
13209083900,139.488219,35.56952899,NA,NA,NA,NA,NA,NA,NA,NA,NA,NA,NA,NA,NA
13209084000,139.4859016,35.56937539,NA,NA,NA,NA,NA,NA,NA,NA,NA,NA,NA,NA,NA
13209084100,139.4912016,35.56753129,NA,NA,NA,NA,NA,NA,NA,NA,NA,NA,NA,NA,NA
13209084200,139.4674918,35.5529358,NA,NA,NA,NA,NA,NA,NA,NA,NA,NA,NA,NA,NA
13209084300,139.4692663,35.54783805,NA,NA,NA,NA,NA,NA,NA,NA,NA,NA,NA,NA,NA
13209084500,139.4664271,35.60618556,NA,NA,NA,NA,NA,NA,NA,NA,NA,NA,NA,NA,NA
13209084600,139.4642985,35.60532024,NA,NA,NA,NA,NA,NA,NA,NA,NA,NA,NA,NA,NA
13209084700,139.4650195,35.60476197,NA,NA,NA,NA,NA,NA,NA,NA,NA,NA,NA,NA,NA
13209084800,139.4654658,35.60308711,NA,NA,NA,NA,NA,NA,NA,NA,NA,NA,NA,NA,NA
13209084900,139.4708874,35.59833336,NA,NA,NA,NA,NA,NA,NA,NA,NA,NA,NA,NA,NA
13209085000,139.473034,35.59809598,NA,NA,NA,NA,NA,NA,NA,NA,NA,NA,NA,NA,NA
13209085100,139.4745452,35.59577803,NA,NA,NA,NA,NA,NA,NA,NA,NA,NA,NA,NA,NA
13209085200,139.4560784,35.57520803,NA,NA,NA,NA,NA,NA,NA,NA,NA,NA,NA,NA,NA
13209085300,139.4577559,35.56972603,NA,NA,NA,NA,NA,NA,NA,NA,NA,NA,NA,NA,NA
13209085400,139.3648815,35.5991133,NA,NA,NA,NA,NA,NA,NA,NA,NA,NA,NA,NA,NA
13209085500,139.3448143,35.61067856,NA,NA,NA,NA,NA,NA,NA,NA,NA,NA,NA,NA,NA
13209085600,139.3467369,35.60925504,NA,NA,NA,NA,NA,NA,NA,NA,NA,NA,NA,NA,NA
13209085700,139.3460502,35.60861305,NA,NA,NA,NA,NA,NA,NA,NA,NA,NA,NA,NA,NA
13209085800,139.3480072,35.60847349,NA,NA,NA,NA,NA,NA,NA,NA,NA,NA,NA,NA,NA
13209085900,139.3458442,35.60797106,NA,NA,NA,NA,NA,NA,NA,NA,NA,NA,NA,NA,NA
13209086000,139.3491745,35.60844558,NA,NA,NA,NA,NA,NA,NA,NA,NA,NA,NA,NA,NA
13209086100,139.3556619,35.60473434,NA,NA,NA,NA,NA,NA,NA,NA,NA,NA,NA,NA,NA
13209086200,139.3532353,35.60729049,NA,NA,NA,NA,NA,NA,NA,NA,NA,NA,NA,NA,NA
13209086300,139.354297,35.60446161,NA,NA,NA,NA,NA,NA,NA,NA,NA,NA,NA,NA,NA
13209086400,139.354725,35.60379673,NA,NA,NA,NA,NA,NA,NA,NA,NA,NA,NA,NA,NA
13209086500,139.3578187,35.60571338,NA,NA,NA,NA,NA,NA,NA,NA,NA,NA,NA,NA,NA
13209086600,139.3574582,35.60627165,NA,NA,NA,NA,NA,NA,NA,NA,NA,NA,NA,NA,NA
13209086700,139.357338,35.60536446,NA,NA,NA,NA,NA,NA,NA,NA,NA,NA,NA,NA,NA
13209086800,139.3590691,35.60370793,NA,NA,NA,NA,NA,NA,NA,NA,NA,NA,NA,NA,NA
13209086900,139.3594468,35.60398708,NA,NA,NA,NA,NA,NA,NA,NA,NA,NA,NA,NA,NA
13209087000,139.3598614,35.60469453,NA,NA,NA,NA,NA,NA,NA,NA,NA,NA,NA,NA,NA
13209087200,139.3616131,35.60387542,NA,NA,NA,NA,NA,NA,NA,NA,NA,NA,NA,NA,NA
13209087300,139.3619359,35.6031636,NA,NA,NA,NA,NA,NA,NA,NA,NA,NA,NA,NA,NA
13209087400,139.3625401,35.60373585,NA,NA,NA,NA,NA,NA,NA,NA,NA,NA,NA,NA,NA
13209087500,139.3618687,35.60242137,NA,NA,NA,NA,NA,NA,NA,NA,NA,NA,NA,NA,NA
13209087600,139.3620217,35.60173995,NA,NA,NA,NA,NA,NA,NA,NA,NA,NA,NA,NA,NA
13209087700,139.3636208,35.60522489,NA,NA,NA,NA,NA,NA,NA,NA,NA,NA,NA,NA,NA
1320987800,139.36375,35.606658,NA,NA,NA,NA,NA,NA,NA,NA,NA,NA,NA,NA,NA
13209088100,139.3645478,35.60712301,NA,NA,NA,NA,NA,NA,NA,NA,NA,NA,NA,NA,NA
13209088200,139.3653546,35.60622978,NA,NA,NA,NA,NA,NA,NA,NA,NA,NA,NA,NA,NA
13209088300,139.3645134,35.60512719,NA,NA,NA,NA,NA,NA,NA,NA,NA,NA,NA,NA,NA
13209088400,139.3649941,35.60408042,NA,NA,NA,NA,NA,NA,NA,NA,NA,NA,NA,NA,NA
13209088500,139.3658696,35.60449913,NA,NA,NA,NA,NA,NA,NA,NA,NA,NA,NA,NA,NA
13209088600,139.3664532,35.6046387,NA,NA,NA,NA,NA,NA,NA,NA,NA,NA,NA,NA,NA
13209088700,139.3667481,35.60487491,NA,NA,NA,NA,NA,NA,NA,NA,NA,NA,NA,NA,NA
13209088800,139.367623,35.60423897,NA,NA,NA,NA,NA,NA,NA,NA,NA,NA,NA,NA,NA
13209088900,139.3692458,35.6018333,NA,NA,NA,NA,NA,NA,NA,NA,NA,NA,NA,NA,NA
13209089000,139.3700869,35.60239159,NA,NA,NA,NA,NA,NA,NA,NA,NA,NA,NA,NA,NA
13209089100,139.3700989,35.60341048,NA,NA,NA,NA,NA,NA,NA,NA,NA,NA,NA,NA,NA
13209089200,139.3717349,35.60387106,NA,NA,NA,NA,NA,NA,NA,NA,NA,NA,NA,NA,NA
13209089300,139.3721931,35.60445726,NA,NA,NA,NA,NA,NA,NA,NA,NA,NA,NA,NA,NA
13209089400,139.3718498,35.60322903,NA,NA,NA,NA,NA,NA,NA,NA,NA,NA,NA,NA,NA
13209089500,139.3728678,35.60281031,NA,NA,NA,NA,NA,NA,NA,NA,NA,NA,NA,NA,NA
13209089600,139.3722499,35.60237764,NA,NA,NA,NA,NA,NA,NA,NA,NA,NA,NA,NA,NA
13209089700,139.3737553,35.60392689,NA,NA,NA,NA,NA,NA,NA,NA,NA,NA,NA,NA,NA
13209089800,139.3743613,35.60391293,NA,NA,NA,NA,NA,NA,NA,NA,NA,NA,NA,NA,NA
13209089900,139.3746822,35.60282427,NA,NA,NA,NA,NA,NA,NA,NA,NA,NA,NA,NA,NA
13209090000,139.375489,35.60345235,NA,NA,NA,NA,NA,NA,NA,NA,NA,NA,NA,NA,NA
13209090100,139.3743098,35.60095397,NA,NA,NA,NA,NA,NA,NA,NA,NA,NA,NA,NA,NA
13209090200,139.3778065,35.60304759,NA,NA,NA,NA,NA,NA,NA,NA,NA,NA,NA,NA,NA
13209090300,139.3786133,35.60289406,NA,NA,NA,NA,NA,NA,NA,NA,NA,NA,NA,NA,NA
13209090400,139.3781035,35.60236368,NA,NA,NA,NA,NA,NA,NA,NA,NA,NA,NA,NA,NA
13209090500,139.3791626,35.60209849,NA,NA,NA,NA,NA,NA,NA,NA,NA,NA,NA,NA,NA
13209090600,139.3786636,35.6002519,NA,NA,NA,NA,NA,NA,NA,NA,NA,NA,NA,NA,NA
13209090700,139.3794081,35.60017234,NA,NA,NA,NA,NA,NA,NA,NA,NA,NA,NA,NA,NA
13209090800,139.3793858,35.60098189,NA,NA,NA,NA,NA,NA,NA,NA,NA,NA,NA,NA,NA
13209090900,139.3813994,35.601889130000004,NA,NA,NA,NA,NA,NA,NA,NA,NA,NA,NA,NA,NA
13209091000,139.3806046,35.6005492,NA,NA,NA,NA,NA,NA,NA,NA,NA,NA,NA,NA,NA
13209091100,139.3808964,35.59964194,NA,NA,NA,NA,NA,NA,NA,NA,NA,NA,NA,NA,NA
13209091200,139.3799168,35.59870257,NA,NA,NA,NA,NA,NA,NA,NA,NA,NA,NA,NA,NA
13209091300,139.3829061,35.60017725,NA,NA,NA,NA,NA,NA,NA,NA,NA,NA,NA,NA,NA
13209091400,139.382585,35.5963991,NA,NA,NA,NA,NA,NA,NA,NA,NA,NA,NA,NA,NA
13209091500,139.3874259,35.59529638,NA,NA,NA,NA,NA,NA,NA,NA,NA,NA,NA,NA,NA
13209091600,139.3987916,35.60998029,NA,NA,NA,NA,NA,NA,NA,NA,NA,NA,NA,NA,NA
13209091700,139.3166059,35.61381336,NA,NA,NA,NA,NA,NA,NA,NA,NA,NA,NA,NA,NA
13209091800,139.3238457,35.61496816,NA,NA,NA,NA,NA,NA,NA,NA,NA,NA,NA,NA,NA
13209091900,139.3380592,35.61558219,NA,NA,NA,NA,NA,NA,NA,NA,NA,NA,NA,NA,NA
13209092000,139.4071311,35.57731506,NA,NA,NA,NA,NA,NA,NA,NA,NA,NA,NA,NA,NA
13209092100,139.4423951,35.59218322,NA,NA,NA,NA,NA,NA,NA,NA,NA,NA,NA,NA,NA
13209092200,139.4643387,35.53046468,NA,NA,NA,NA,NA,NA,NA,NA,NA,NA,NA,NA,NA
13209092300,139.4414338,35.59193196,NA,NA,NA,NA,NA,NA,NA,NA,NA,NA,NA,NA,NA
13209092400,139.4273899,35.56086541,NA,NA,NA,NA,NA,NA,NA,NA,NA,NA,NA,NA,NA
13209092500,139.4257346,35.56000354,NA,NA,NA,NA,NA,NA,NA,NA,NA,NA,NA,NA,NA
13209092600,139.4638421,35.53533648,NA,NA,NA,NA,NA,NA,NA,NA,NA,NA,NA,NA,NA
13209092700,139.4624345,35.53461008,NA,NA,NA,NA,NA,NA,NA,NA,NA,NA,NA,NA,NA
13209092800,139.4870899,35.58681748,NA,NA,NA,NA,NA,NA,NA,NA,NA,NA,NA,NA,NA
13209092900,139.4825824,35.58564458,NA,NA,NA,NA,NA,NA,NA,NA,NA,NA,NA,NA,NA
13209093000,139.2996715,35.61308794,NA,NA,NA,NA,NA,NA,NA,NA,NA,NA,NA,NA,NA
13209093100,139.3571289,35.60326386,NA,NA,NA,NA,NA,NA,NA,NA,NA,NA,NA,NA,NA
13209093200,139.4949094,35.57979027,NA,NA,NA,NA,NA,NA,NA,NA,NA,NA,NA,NA,NA
13209093300,139.4969082,35.57905638,NA,NA,NA,NA,NA,NA,NA,NA,NA,NA,NA,NA,NA
13209093400,139.4893133,35.5815773,NA,NA,NA,NA,NA,NA,NA,NA,NA,NA,NA,NA,NA
13209093500,139.4887983,35.57912013,NA,NA,NA,NA,NA,NA,NA,NA,NA,NA,NA,NA,NA
13209093600,139.5002309,35.57512706,NA,NA,NA,NA,NA,NA,NA,NA,NA,NA,NA,NA,NA
13209093700,139.496618,35.5768798,NA,NA,NA,NA,NA,NA,NA,NA,NA,NA,NA,NA,NA
13209093800,139.4880859,35.58600749,NA,NA,NA,NA,NA,NA,NA,NA,NA,NA,NA,NA,NA
13209093900,139.4921229,35.58532433,NA,NA,NA,NA,NA,NA,NA,NA,NA,NA,NA,NA,NA
13209094000,139.4796975,35.59195675,NA,NA,NA,NA,NA,NA,NA,NA,NA,NA,NA,NA,NA
13209094100,139.4775053,35.59719499,NA,NA,NA,NA,NA,NA,NA,NA,NA,NA,NA,NA,NA
13209094200,139.4773615,35.59294334,NA,NA,NA,NA,NA,NA,NA,NA,NA,NA,NA,NA,NA
13209094300,139.4748543,35.59401858,NA,NA,NA,NA,NA,NA,NA,NA,NA,NA,NA,NA,NA
13209094400,139.4599598,35.60243228,NA,NA,NA,NA,NA,NA,NA,NA,NA,NA,NA,NA,NA
13209094500,139.4609339,35.60819531,NA,NA,NA,NA,NA,NA,NA,NA,NA,NA,NA,NA,NA
13209094600,139.4727958,35.58537779,NA,NA,NA,NA,NA,NA,NA,NA,NA,NA,NA,NA,NA
13209094700,139.4673713,35.5833954,NA,NA,NA,NA,NA,NA,NA,NA,NA,NA,NA,NA,NA
13209094800,139.4429101,35.58791161,NA,NA,NA,NA,NA,NA,NA,NA,NA,NA,NA,NA,NA
13209094900,139.441515,35.59779636,NA,NA,NA,NA,NA,NA,NA,NA,NA,NA,NA,NA,NA
13209095000,139.441252,35.60420408,NA,NA,NA,NA,NA,NA,NA,NA,NA,NA,NA,NA,NA
13209095100,139.3293389,35.60994414,NA,NA,NA,NA,NA,NA,NA,NA,NA,NA,NA,NA,NA
13209095200,139.3289173,35.60706914,NA,NA,NA,NA,NA,NA,NA,NA,NA,NA,NA,NA,NA
13209095300,139.3278305,35.60589204,NA,NA,NA,NA,NA,NA,NA,NA,NA,NA,NA,NA,NA
13209095400,139.3246289,35.60672022,NA,NA,NA,NA,NA,NA,NA,NA,NA,NA,NA,NA,NA
13209095500,139.3178998,35.60824148,NA,NA,NA,NA,NA,NA,NA,NA,NA,NA,NA,NA,NA
13209095600,139.3167432,35.606148,NA,NA,NA,NA,NA,NA,NA,NA,NA,NA,NA,NA,NA
13209095700,139.2988904,35.61100479,NA,NA,NA,NA,NA,NA,NA,NA,NA,NA,NA,NA,NA
13209095800,139.3851714,35.59384627,NA,NA,NA,NA,NA,NA,NA,NA,NA,NA,NA,NA,NA
13209095900,139.3767683,35.59578426,NA,NA,NA,NA,NA,NA,NA,NA,NA,NA,NA,NA,NA
13209096000,139.4897596,35.561834,NA,NA,NA,NA,NA,NA,NA,NA,NA,NA,NA,NA,NA
13209096100,139.3497358,35.60213617,NA,NA,NA,NA,NA,NA,NA,NA,NA,NA,NA,NA,NA
13209096200,139.3471832,35.60621253,NA,NA,NA,NA,NA,NA,NA,NA,NA,NA,NA,NA,NA
13209096300,139.3838051,35.59541951,NA,NA,NA,NA,NA,NA,NA,NA,NA,NA,NA,NA,NA
13209096400,139.406611,35.60976666,NA,NA,NA,NA,NA,NA,NA,NA,NA,NA,NA,NA,NA
13209096500,139.4098209,35.6096199,NA,NA,NA,NA,NA,NA,NA,NA,NA,NA,NA,NA,NA
13209096600,139.404096,35.59833711,NA,NA,NA,NA,NA,NA,NA,NA,NA,NA,NA,NA,NA
13209096700,139.3999075,35.59786253,NA,NA,NA,NA,NA,NA,NA,NA,NA,NA,NA,NA,NA
13209096800,139.4071259,35.59365948,NA,NA,NA,NA,NA,NA,NA,NA,NA,NA,NA,NA,NA
13209096900,139.409014,35.59108336,NA,NA,NA,NA,NA,NA,NA,NA,NA,NA,NA,NA,NA
13209097000,139.3932844,35.58736192,NA,NA,NA,NA,NA,NA,NA,NA,NA,NA,NA,NA,NA
13209097100,139.3913925,35.58807695,NA,NA,NA,NA,NA,NA,NA,NA,NA,NA,NA,NA,NA
13209097200,139.426719,35.58453499,NA,NA,NA,NA,NA,NA,NA,NA,NA,NA,NA,NA,NA
13209097300,139.4257921,35.59547927,NA,NA,NA,NA,NA,NA,NA,NA,NA,NA,NA,NA,NA
13209097400,139.418548,35.58579143,NA,NA,NA,NA,NA,NA,NA,NA,NA,NA,NA,NA,NA
13209097500,139.4228738,35.58847175,NA,NA,NA,NA,NA,NA,NA,NA,NA,NA,NA,NA,NA
13209097600,139.4128145,35.58880679,NA,NA,NA,NA,NA,NA,NA,NA,NA,NA,NA,NA,NA
13209097700,139.4169343,35.60487285,NA,NA,NA,NA,NA,NA,NA,NA,NA,NA,NA,NA,NA
13209097800,139.4301394,35.57193465,NA,NA,NA,NA,NA,NA,NA,NA,NA,NA,NA,NA,NA
13209097900,139.422306,35.57089451,NA,NA,NA,NA,NA,NA,NA,NA,NA,NA,NA,NA,NA
13209098000,139.4270392,35.55991975,NA,NA,NA,NA,NA,NA,NA,NA,NA,NA,NA,NA,NA
13209098100,139.4192161,35.56829738,NA,NA,NA,NA,NA,NA,NA,NA,NA,NA,NA,NA,NA
13209098200,139.4154237,35.5809331,NA,NA,NA,NA,NA,NA,NA,NA,NA,NA,NA,NA,NA
13209098300,139.40102,35.58265293,NA,NA,NA,NA,NA,NA,NA,NA,NA,NA,NA,NA,NA
13209098400,139.401432,35.58092177,NA,NA,NA,NA,NA,NA,NA,NA,NA,NA,NA,NA,NA
13209098500,139.401741,35.57826911,NA,NA,NA,NA,NA,NA,NA,NA,NA,NA,NA,NA,NA
13209098600,139.4348326,35.55061867,NA,NA,NA,NA,NA,NA,NA,NA,NA,NA,NA,NA,NA
13209098700,139.4445461,35.56546514,NA,NA,NA,NA,NA,NA,NA,NA,NA,NA,NA,NA,NA
13209098800,139.4457846,35.5579088,NA,NA,NA,NA,NA,NA,NA,NA,NA,NA,NA,NA,NA
13209098900,139.4412871,35.5579088,NA,NA,NA,NA,NA,NA,NA,NA,NA,NA,NA,NA,NA
13209099000,139.4392246,35.5597677,NA,NA,NA,NA,NA,NA,NA,NA,NA,NA,NA,NA,NA
13209099100,139.4340061,35.56038215,NA,NA,NA,NA,NA,NA,NA,NA,NA,NA,NA,NA,NA
13209099200,139.4727103,35.57667449,NA,NA,NA,NA,NA,NA,NA,NA,NA,NA,NA,NA,NA
13209099300,139.4316054,35.55011588,NA,NA,NA,NA,NA,NA,NA,NA,NA,NA,NA,NA,NA
13209099400,139.4491927,35.55391342,NA,NA,NA,NA,NA,NA,NA,NA,NA,NA,NA,NA,NA
13209099500,139.4612777,35.55193025,NA,NA,NA,NA,NA,NA,NA,NA,NA,NA,NA,NA,NA
13209099600,139.4665992,35.55131573,NA,NA,NA,NA,NA,NA,NA,NA,NA,NA,NA,NA,NA
13209099700,139.4811956,35.53792757,NA,NA,NA,NA,NA,NA,NA,NA,NA,NA,NA,NA,NA
13209099800,139.4602372,35.53874486,NA,NA,NA,NA,NA,NA,NA,NA,NA,NA,NA,NA,NA
13209099900,139.468486,35.51003394,NA,NA,NA,NA,NA,NA,NA,NA,NA,NA,NA,NA,NA
13209100000,139.4706489,35.50575794,NA,NA,NA,NA,NA,NA,NA,NA,NA,NA,NA,NA,NA
13209100100,139.4741234,35.51794666,NA,NA,NA,NA,NA,NA,NA,NA,NA,NA,NA,NA,NA
13209100200,139.4568566,35.52181902,NA,NA,NA,NA,NA,NA,NA,NA,NA,NA,NA,NA,NA
13209100300,139.4609421,35.52343968,NA,NA,NA,NA,NA,NA,NA,NA,NA,NA,NA,NA,NA
13209100400,139.4613884,35.5210925,NA,NA,NA,NA,NA,NA,NA,NA,NA,NA,NA,NA,NA
13209100500,139.4653274,35.52090456,NA,NA,NA,NA,NA,NA,NA,NA,NA,NA,NA,NA,NA
13209100600,139.3142713,35.60620382,NA,NA,NA,NA,NA,NA,NA,NA,NA,NA,NA,NA,NA
13209100700,139.4540918,35.54469521,NA,NA,NA,NA,NA,NA,NA,NA,NA,NA,NA,NA,NA
13209100800,139.4935362,35.56420792,NA,NA,NA,NA,NA,NA,NA,NA,NA,NA,NA,NA,NA
13209100900,139.4793712,35.58459716,NA,NA,NA,NA,NA,NA,NA,NA,NA,NA,NA,NA,NA
13209101000,139.4566849,35.52349557,NA,NA,NA,NA,NA,NA,NA,NA,NA,NA,NA,NA,NA
13209101100,139.397267,35.58757132,NA,NA,NA,NA,NA,NA,NA,NA,NA,NA,NA,NA,NA
13209101200,139.3580494,35.60235148,NA,NA,NA,NA,NA,NA,NA,NA,NA,NA,NA,NA,NA
13210000100,139.49418,35.69966254,NA,NA,NA,NA,NA,NA,NA,NA,NA,NA,NA,NA,NA
13210000301,139.5013555,35.69879823,NA,NA,NA,NA,NA,NA,NA,NA,NA,NA,NA,NA,NA
13210000302,139.500068,35.6982406,NA,NA,NA,NA,NA,NA,NA,NA,NA,NA,NA,NA,NA
13210000200,139.4983171,35.69904916,NA,NA,NA,NA,NA,NA,NA,NA,NA,NA,NA,NA,NA
13210000400,139.5062213,35.69846149,NA,NA,NA,NA,NA,NA,NA,NA,NA,NA,NA,NA,NA
13210000500,139.5117778,35.69687663,NA,NA,NA,NA,NA,NA,NA,NA,NA,NA,NA,NA,NA
13210000600,139.5189146,35.692814,NA,NA,NA,NA,NA,NA,NA,NA,NA,NA,NA,NA,NA
13210000700,139.523292,35.68949583,NA,NA,NA,NA,NA,NA,NA,NA,NA,NA,NA,NA,NA
13210000800,139.4947637,35.69670712,NA,NA,NA,NA,NA,NA,NA,NA,NA,NA,NA,NA,NA
13210000900,139.4984891,35.69393329,NA,NA,NA,NA,NA,NA,NA,NA,NA,NA,NA,NA,NA
13210001000,139.5019223,35.69302709,NA,NA,NA,NA,NA,NA,NA,NA,NA,NA,NA,NA,NA
13210001100,139.5023511,35.69503419,NA,NA,NA,NA,NA,NA,NA,NA,NA,NA,NA,NA,NA
13210001200,139.5071998,35.69324753,NA,NA,NA,NA,NA,NA,NA,NA,NA,NA,NA,NA,NA
13210001300,139.5092254,35.69526903,NA,NA,NA,NA,NA,NA,NA,NA,NA,NA,NA,NA,NA
13210001400,139.5120352,35.69432541,NA,NA,NA,NA,NA,NA,NA,NA,NA,NA,NA,NA,NA
13210001500,139.5116576,35.69219236,NA,NA,NA,NA,NA,NA,NA,NA,NA,NA,NA,NA,NA
13210001600,139.5141596,35.69129435,NA,NA,NA,NA,NA,NA,NA,NA,NA,NA,NA,NA,NA
13210001700,139.5156702,35.69200538,NA,NA,NA,NA,NA,NA,NA,NA,NA,NA,NA,NA,NA
13210001800,139.5162195,35.69319042,NA,NA,NA,NA,NA,NA,NA,NA,NA,NA,NA,NA,NA
13210001900,139.5197557,35.69098763,NA,NA,NA,NA,NA,NA,NA,NA,NA,NA,NA,NA,NA
13210002000,139.522674,35.68889631,NA,NA,NA,NA,NA,NA,NA,NA,NA,NA,NA,NA,NA
13210002100,139.5255579,35.68746587,NA,NA,NA,NA,NA,NA,NA,NA,NA,NA,NA,NA,NA
13210002200,139.5015656,35.70648106,NA,NA,NA,NA,NA,NA,NA,NA,NA,NA,NA,NA,NA
13210002300,139.5018,35.68753,NA,NA,NA,NA,NA,NA,NA,NA,NA,NA,NA,NA,NA
13211000100,139.4578838,35.73001709,NA,NA,NA,NA,NA,NA,NA,NA,NA,NA,NA,NA,NA
13211000200,139.5019469,35.71951839,NA,NA,NA,NA,NA,NA,NA,NA,NA,NA,NA,NA,NA
13211000300,139.4983763,35.71785988,NA,NA,NA,NA,NA,NA,NA,NA,NA,NA,NA,NA,NA
13211000400,139.5131907,35.72010374,NA,NA,NA,NA,NA,NA,NA,NA,NA,NA,NA,NA,NA
13212000100,139.3793835,35.68263916,NA,NA,NA,NA,NA,NA,NA,NA,NA,NA,NA,NA,NA
13212000200,139.3779072,35.68152369,NA,NA,NA,NA,NA,NA,NA,NA,NA,NA,NA,NA,NA
13212000300,139.386559,35.6821372,NA,NA,NA,NA,NA,NA,NA,NA,NA,NA,NA,NA,NA
13212000400,139.3917138,35.68405216,NA,NA,NA,NA,NA,NA,NA,NA,NA,NA,NA,NA,NA
13212000500,139.4005028,35.6742356,NA,NA,NA,NA,NA,NA,NA,NA,NA,NA,NA,NA,NA
13212000600,139.3932299,35.67174888,NA,NA,NA,NA,NA,NA,NA,NA,NA,NA,NA,NA,NA
13212000700,139.3956963,35.67685718,NA,NA,NA,NA,NA,NA,NA,NA,NA,NA,NA,NA,NA
13212000800,139.3915421,35.67459816,NA,NA,NA,NA,NA,NA,NA,NA,NA,NA,NA,NA,NA
13212000900,139.3981051,35.66889005,NA,NA,NA,NA,NA,NA,NA,NA,NA,NA,NA,NA,NA
13212001000,139.3974185,35.66886216,NA,NA,NA,NA,NA,NA,NA,NA,NA,NA,NA,NA,NA
13212001100,139.3936762,35.6680533,NA,NA,NA,NA,NA,NA,NA,NA,NA,NA,NA,NA,NA
13212001200,139.3942942,35.66961523,NA,NA,NA,NA,NA,NA,NA,NA,NA,NA,NA,NA,NA
13212001300,139.3902031,35.67769384,NA,NA,NA,NA,NA,NA,NA,NA,NA,NA,NA,NA,NA
13212001400,139.4106364,35.67173494,NA,NA,NA,NA,NA,NA,NA,NA,NA,NA,NA,NA,NA
13212001500,139.4150309,35.67084244,NA,NA,NA,NA,NA,NA,NA,NA,NA,NA,NA,NA,NA
13212001600,139.4029803,35.66908529,NA,NA,NA,NA,NA,NA,NA,NA,NA,NA,NA,NA,NA
13212001700,139.3978648,35.66526407,NA,NA,NA,NA,NA,NA,NA,NA,NA,NA,NA,NA,NA
13212001800,139.3894416,35.665114,NA,NA,NA,NA,NA,NA,NA,NA,NA,NA,NA,NA,NA
13212001900,139.38618,35.66165521,NA,NA,NA,NA,NA,NA,NA,NA,NA,NA,NA,NA,NA
13212002000,139.3884116,35.66212941,NA,NA,NA,NA,NA,NA,NA,NA,NA,NA,NA,NA,NA
13212002200,139.3756535,35.65123057,NA,NA,NA,NA,NA,NA,NA,NA,NA,NA,NA,NA,NA
13212002300,139.3800383,35.65091527,NA,NA,NA,NA,NA,NA,NA,NA,NA,NA,NA,NA,NA
13212002400,139.3741675,35.6560483,NA,NA,NA,NA,NA,NA,NA,NA,NA,NA,NA,NA,NA
13212002500,139.3665114,35.65984208,NA,NA,NA,NA,NA,NA,NA,NA,NA,NA,NA,NA,NA
13212002600,139.3805876,35.64720477,NA,NA,NA,NA,NA,NA,NA,NA,NA,NA,NA,NA,NA
13212002700,139.3827162,35.64463801,NA,NA,NA,NA,NA,NA,NA,NA,NA,NA,NA,NA,NA
13212002800,139.3998752,35.65271619,NA,NA,NA,NA,NA,NA,NA,NA,NA,NA,NA,NA,NA
13212002900,139.4032484,35.64868663,NA,NA,NA,NA,NA,NA,NA,NA,NA,NA,NA,NA,NA
13212003000,139.3967939,35.64182327,NA,NA,NA,NA,NA,NA,NA,NA,NA,NA,NA,NA,NA
13212003100,139.4016348,35.64413902,NA,NA,NA,NA,NA,NA,NA,NA,NA,NA,NA,NA,NA
13212003200,139.4046184,35.6450841,NA,NA,NA,NA,NA,NA,NA,NA,NA,NA,NA,NA,NA
13212003300,139.4101513,35.66011184,NA,NA,NA,NA,NA,NA,NA,NA,NA,NA,NA,NA,NA
13212003400,139.4098767,35.65255204,NA,NA,NA,NA,NA,NA,NA,NA,NA,NA,NA,NA,NA
13212003500,139.4125203,35.65528592,NA,NA,NA,NA,NA,NA,NA,NA,NA,NA,NA,NA,NA
13212003600,139.4149578,35.65584385,NA,NA,NA,NA,NA,NA,NA,NA,NA,NA,NA,NA,NA
13212003700,139.4318174,35.65885028,NA,NA,NA,NA,NA,NA,NA,NA,NA,NA,NA,NA,NA
13212003800,139.4368986,35.65469381,NA,NA,NA,NA,NA,NA,NA,NA,NA,NA,NA,NA,NA
13212003900,139.4314397,35.65296421,NA,NA,NA,NA,NA,NA,NA,NA,NA,NA,NA,NA,NA
13212004000,139.4361089,35.65129036,NA,NA,NA,NA,NA,NA,NA,NA,NA,NA,NA,NA,NA
13212004100,139.433946,35.65109508,NA,NA,NA,NA,NA,NA,NA,NA,NA,NA,NA,NA,NA
13212004200,139.4267706,35.64665921,NA,NA,NA,NA,NA,NA,NA,NA,NA,NA,NA,NA,NA
13212004300,139.4295171,35.64607333,NA,NA,NA,NA,NA,NA,NA,NA,NA,NA,NA,NA,NA
13212004400,139.3926407,35.68204432,NA,NA,NA,NA,NA,NA,NA,NA,NA,NA,NA,NA,NA
13212004500,139.377944,35.65060839,NA,NA,NA,NA,NA,NA,NA,NA,NA,NA,NA,NA,NA
13212004600,139.3943917,35.68237897,NA,NA,NA,NA,NA,NA,NA,NA,NA,NA,NA,NA,NA
13212004700,139.3907818,35.68010143,NA,NA,NA,NA,NA,NA,NA,NA,NA,NA,NA,NA,NA
13212004800,139.368125,35.64826493,NA,NA,NA,NA,NA,NA,NA,NA,NA,NA,NA,NA,NA
13212004900,139.4075421,35.66292914,NA,NA,NA,NA,NA,NA,NA,NA,NA,NA,NA,NA,NA
13212005000,139.3828498,35.66444457,NA,NA,NA,NA,NA,NA,NA,NA,NA,NA,NA,NA,NA
13212005100,139.3843692,35.66875754,NA,NA,NA,NA,NA,NA,NA,NA,NA,NA,NA,NA,NA
13212005200,139.381142,35.67296907,NA,NA,NA,NA,NA,NA,NA,NA,NA,NA,NA,NA,NA
13212005300,139.3759871,35.65696887,NA,NA,NA,NA,NA,NA,NA,NA,NA,NA,NA,NA,NA
13213000100,139.4442464,35.76501003,NA,NA,NA,NA,NA,NA,NA,NA,NA,NA,NA,NA,NA
13213000200,139.4478513,35.76620791,NA,NA,NA,NA,NA,NA,NA,NA,NA,NA,NA,NA,NA
13213000300,139.4462054,35.76300638,NA,NA,NA,NA,NA,NA,NA,NA,NA,NA,NA,NA,NA
13213000400,139.4453814,35.75957969,NA,NA,NA,NA,NA,NA,NA,NA,NA,NA,NA,NA,NA
13213000500,139.448643,35.76342426,NA,NA,NA,NA,NA,NA,NA,NA,NA,NA,NA,NA,NA
13213000700,139.4518359,35.76470573,NA,NA,NA,NA,NA,NA,NA,NA,NA,NA,NA,NA,NA
13213001000,139.449982,35.76152986,NA,NA,NA,NA,NA,NA,NA,NA,NA,NA,NA,NA,NA
13213001100,139.444279,35.75814685,NA,NA,NA,NA,NA,NA,NA,NA,NA,NA,NA,NA,NA
13213001200,139.4475079,35.75835171,NA,NA,NA,NA,NA,NA,NA,NA,NA,NA,NA,NA,NA
13213001700,139.4503939,35.76027619,NA,NA,NA,NA,NA,NA,NA,NA,NA,NA,NA,NA,NA
13213001800,139.4532948,35.76733005,NA,NA,NA,NA,NA,NA,NA,NA,NA,NA,NA,NA,NA
13213001900,139.4556294,35.76710719,NA,NA,NA,NA,NA,NA,NA,NA,NA,NA,NA,NA,NA
13213002000,139.4586163,35.76785933,NA,NA,NA,NA,NA,NA,NA,NA,NA,NA,NA,NA,NA
13213002100,139.4608136,35.76953073,NA,NA,NA,NA,NA,NA,NA,NA,NA,NA,NA,NA,NA
13213002200,139.4635039,35.76815206,NA,NA,NA,NA,NA,NA,NA,NA,NA,NA,NA,NA,NA
13213002300,139.46665,35.77220489,NA,NA,NA,NA,NA,NA,NA,NA,NA,NA,NA,NA,NA
13213002400,139.4671994,35.77312412,NA,NA,NA,NA,NA,NA,NA,NA,NA,NA,NA,NA,NA
13213002500,139.4683667,35.77359765,NA,NA,NA,NA,NA,NA,NA,NA,NA,NA,NA,NA,NA
13213002600,139.4687443,35.77033856,NA,NA,NA,NA,NA,NA,NA,NA,NA,NA,NA,NA,NA
13213002700,139.4547198,35.76473359,NA,NA,NA,NA,NA,NA,NA,NA,NA,NA,NA,NA,NA
13213002800,139.4555438,35.76621006,NA,NA,NA,NA,NA,NA,NA,NA,NA,NA,NA,NA,NA
13213002900,139.4540332,35.76269993,NA,NA,NA,NA,NA,NA,NA,NA,NA,NA,NA,NA,NA
13213003000,139.4558871,35.76445501,NA,NA,NA,NA,NA,NA,NA,NA,NA,NA,NA,NA,NA
13213003100,139.4575007,35.7645943,NA,NA,NA,NA,NA,NA,NA,NA,NA,NA,NA,NA,NA
13213003200,139.4610195,35.76593718,NA,NA,NA,NA,NA,NA,NA,NA,NA,NA,NA,NA,NA
13213003300,139.4612942,35.76365282,NA,NA,NA,NA,NA,NA,NA,NA,NA,NA,NA,NA,NA
13213003400,139.4634228,35.76540788,NA,NA,NA,NA,NA,NA,NA,NA,NA,NA,NA,NA,NA
13213003500,139.4633541,35.76281707,NA,NA,NA,NA,NA,NA,NA,NA,NA,NA,NA,NA,NA
13213003600,139.4784377,35.77417247,NA,NA,NA,NA,NA,NA,NA,NA,NA,NA,NA,NA,NA
13213003700,139.4795714,35.77116054,NA,NA,NA,NA,NA,NA,NA,NA,NA,NA,NA,NA,NA
13213003800,139.4823859,35.77665151,NA,NA,NA,NA,NA,NA,NA,NA,NA,NA,NA,NA,NA
13213003900,139.4832099,35.77439531,NA,NA,NA,NA,NA,NA,NA,NA,NA,NA,NA,NA,NA
13213004000,139.487982,35.77670721,NA,NA,NA,NA,NA,NA,NA,NA,NA,NA,NA,NA,NA
13213004100,139.4921362,35.7785734,NA,NA,NA,NA,NA,NA,NA,NA,NA,NA,NA,NA,NA
13213004200,139.4900076,35.77612228,NA,NA,NA,NA,NA,NA,NA,NA,NA,NA,NA,NA,NA
13213004300,139.490042,35.774646,NA,NA,NA,NA,NA,NA,NA,NA,NA,NA,NA,NA,NA
13213004400,139.4520037,35.74886882,NA,NA,NA,NA,NA,NA,NA,NA,NA,NA,NA,NA,NA
13213004500,139.4642468,35.75423613,NA,NA,NA,NA,NA,NA,NA,NA,NA,NA,NA,NA,NA
13213004800,139.4906943,35.75456034,NA,NA,NA,NA,NA,NA,NA,NA,NA,NA,NA,NA,NA
13213004900,139.4918616,35.7530558,NA,NA,NA,NA,NA,NA,NA,NA,NA,NA,NA,NA,NA
13213005000,139.4932349,35.75472751,NA,NA,NA,NA,NA,NA,NA,NA,NA,NA,NA,NA,NA
13213005100,139.4934772,35.75383593,NA,NA,NA,NA,NA,NA,NA,NA,NA,NA,NA,NA,NA
13213005200,139.4928249,35.753418,NA,NA,NA,NA,NA,NA,NA,NA,NA,NA,NA,NA,NA
13213005300,139.4929622,35.75221993,NA,NA,NA,NA,NA,NA,NA,NA,NA,NA,NA,NA,NA
13213005400,139.4615689,35.75939038,NA,NA,NA,NA,NA,NA,NA,NA,NA,NA,NA,NA,NA
13213005500,139.4511836,35.76317353,NA,NA,NA,NA,NA,NA,NA,NA,NA,NA,NA,NA,NA
13213005600,139.4597493,35.7654636,NA,NA,NA,NA,NA,NA,NA,NA,NA,NA,NA,NA,NA
13213005700,139.4594403,35.7667729,NA,NA,NA,NA,NA,NA,NA,NA,NA,NA,NA,NA,NA
13213005800,139.4606076,35.77164778,NA,NA,NA,NA,NA,NA,NA,NA,NA,NA,NA,NA,NA
13213006000,139.4461711,35.75815883,NA,NA,NA,NA,NA,NA,NA,NA,NA,NA,NA,NA,NA
13213006100,139.4470294,35.75723943,NA,NA,NA,NA,NA,NA,NA,NA,NA,NA,NA,NA,NA
13213006200,139.4552691,35.76164129,NA,NA,NA,NA,NA,NA,NA,NA,NA,NA,NA,NA,NA
13213006300,139.4552005,35.76384213,NA,NA,NA,NA,NA,NA,NA,NA,NA,NA,NA,NA,NA
13213006400,139.4571231,35.76256064,NA,NA,NA,NA,NA,NA,NA,NA,NA,NA,NA,NA,NA
13213006500,139.459178,35.76252478,NA,NA,NA,NA,NA,NA,NA,NA,NA,NA,NA,NA,NA
13213006600,139.4478839,35.75212879,NA,NA,NA,NA,NA,NA,NA,NA,NA,NA,NA,NA,NA
13213006700,139.4487142,35.75558899,NA,NA,NA,NA,NA,NA,NA,NA,NA,NA,NA,NA,NA
13213006800,139.4496755,35.75372227,NA,NA,NA,NA,NA,NA,NA,NA,NA,NA,NA,NA,NA
13213006900,139.4508771,35.75503176,NA,NA,NA,NA,NA,NA,NA,NA,NA,NA,NA,NA,NA
13213007000,139.4521618,35.75298234,NA,NA,NA,NA,NA,NA,NA,NA,NA,NA,NA,NA,NA
13213007100,139.453349,35.75522679,NA,NA,NA,NA,NA,NA,NA,NA,NA,NA,NA,NA,NA
13213007200,139.4511517,35.75684273,NA,NA,NA,NA,NA,NA,NA,NA,NA,NA,NA,NA,NA
13213007300,139.4526967,35.75723279,NA,NA,NA,NA,NA,NA,NA,NA,NA,NA,NA,NA,NA
13213007400,139.4555463,35.75661985,NA,NA,NA,NA,NA,NA,NA,NA,NA,NA,NA,NA,NA
13213007500,139.4530375,35.75852101,NA,NA,NA,NA,NA,NA,NA,NA,NA,NA,NA,NA,NA
13213007600,139.4565907,35.75785807,NA,NA,NA,NA,NA,NA,NA,NA,NA,NA,NA,NA,NA
13213007700,139.45714,35.75911178,NA,NA,NA,NA,NA,NA,NA,NA,NA,NA,NA,NA,NA
13213007800,139.456728,35.76067192,NA,NA,NA,NA,NA,NA,NA,NA,NA,NA,NA,NA,NA
13213007900,139.4595089,35.76022617,NA,NA,NA,NA,NA,NA,NA,NA,NA,NA,NA,NA,NA
13213008000,139.4602986,35.75905606,NA,NA,NA,NA,NA,NA,NA,NA,NA,NA,NA,NA,NA
13213008100,139.4608479,35.7576909,NA,NA,NA,NA,NA,NA,NA,NA,NA,NA,NA,NA,NA
13213008200,139.4611912,35.7566322,NA,NA,NA,NA,NA,NA,NA,NA,NA,NA,NA,NA,NA
13213008300,139.4633541,35.76028189,NA,NA,NA,NA,NA,NA,NA,NA,NA,NA,NA,NA,NA
13213008400,139.4648648,35.76390355,NA,NA,NA,NA,NA,NA,NA,NA,NA,NA,NA,NA,NA
13213008500,139.4643841,35.76666147,NA,NA,NA,NA,NA,NA,NA,NA,NA,NA,NA,NA,NA
13213008600,139.4654827,35.75693867,NA,NA,NA,NA,NA,NA,NA,NA,NA,NA,NA,NA,NA
13213008700,139.468484,35.75379753,NA,NA,NA,NA,NA,NA,NA,NA,NA,NA,NA,NA,NA
13213008900,139.4697743,35.76886217,NA,NA,NA,NA,NA,NA,NA,NA,NA,NA,NA,NA,NA
13213009000,139.4714682,35.77071841,NA,NA,NA,NA,NA,NA,NA,NA,NA,NA,NA,NA,NA
13213009100,139.4735968,35.77244546,NA,NA,NA,NA,NA,NA,NA,NA,NA,NA,NA,NA,NA
13213009200,139.4707601,35.76160901,NA,NA,NA,NA,NA,NA,NA,NA,NA,NA,NA,NA,NA
13213009500,139.4737341,35.76277908,NA,NA,NA,NA,NA,NA,NA,NA,NA,NA,NA,NA,NA
13213009600,139.4718931,35.76598277,NA,NA,NA,NA,NA,NA,NA,NA,NA,NA,NA,NA,NA
13213009700,139.4735968,35.76478488,NA,NA,NA,NA,NA,NA,NA,NA,NA,NA,NA,NA,NA
13213009800,139.4746268,35.76394914,NA,NA,NA,NA,NA,NA,NA,NA,NA,NA,NA,NA,NA
13213009900,139.4740775,35.76606634,NA,NA,NA,NA,NA,NA,NA,NA,NA,NA,NA,NA,NA
13213010000,139.4747984,35.76531418,NA,NA,NA,NA,NA,NA,NA,NA,NA,NA,NA,NA,NA
13213010100,139.4783003,35.76587134,NA,NA,NA,NA,NA,NA,NA,NA,NA,NA,NA,NA,NA
13213010300,139.4789526,35.76740349,NA,NA,NA,NA,NA,NA,NA,NA,NA,NA,NA,NA,NA
13213010400,139.4764464,35.77102483,NA,NA,NA,NA,NA,NA,NA,NA,NA,NA,NA,NA,NA
13213010600,139.4815276,35.76921418,NA,NA,NA,NA,NA,NA,NA,NA,NA,NA,NA,NA,NA
13213010700,139.4825919,35.77124768,NA,NA,NA,NA,NA,NA,NA,NA,NA,NA,NA,NA,NA
13213010800,139.4839652,35.77275187,NA,NA,NA,NA,NA,NA,NA,NA,NA,NA,NA,NA,NA
13213010900,139.4789527,35.77645653,NA,NA,NA,NA,NA,NA,NA,NA,NA,NA,NA,NA,NA
13213011100,139.4853385,35.77539807,NA,NA,NA,NA,NA,NA,NA,NA,NA,NA,NA,NA,NA
13213011200,139.4881194,35.77397749,NA,NA,NA,NA,NA,NA,NA,NA,NA,NA,NA,NA,NA
13213011300,139.4916556,35.77475742,NA,NA,NA,NA,NA,NA,NA,NA,NA,NA,NA,NA,NA
13213011400,139.4936812,35.77603872,NA,NA,NA,NA,NA,NA,NA,NA,NA,NA,NA,NA,NA
13213011500,139.4753263,35.75634346,NA,NA,NA,NA,NA,NA,NA,NA,NA,NA,NA,NA,NA
13213011600,139.4802701,35.75935239,NA,NA,NA,NA,NA,NA,NA,NA,NA,NA,NA,NA,NA
13213011700,139.478472,35.76194331,NA,NA,NA,NA,NA,NA,NA,NA,NA,NA,NA,NA,NA
13213011800,139.4811499,35.76230548,NA,NA,NA,NA,NA,NA,NA,NA,NA,NA,NA,NA,NA
13213011900,139.4827635,35.76548133,NA,NA,NA,NA,NA,NA,NA,NA,NA,NA,NA,NA,NA
13213012000,139.4813902,35.76762635,NA,NA,NA,NA,NA,NA,NA,NA,NA,NA,NA,NA,NA
13213012100,139.4849265,35.76926989,NA,NA,NA,NA,NA,NA,NA,NA,NA,NA,NA,NA,NA
13213012300,139.4886,35.76979916,NA,NA,NA,NA,NA,NA,NA,NA,NA,NA,NA,NA,NA
13213012400,139.4888403,35.77124767,NA,NA,NA,NA,NA,NA,NA,NA,NA,NA,NA,NA,NA
13213012500,139.4917243,35.77225047,NA,NA,NA,NA,NA,NA,NA,NA,NA,NA,NA,NA,NA
13213012600,139.4932692,35.77152623,NA,NA,NA,NA,NA,NA,NA,NA,NA,NA,NA,NA,NA
13213012700,139.4954321,35.77289115,NA,NA,NA,NA,NA,NA,NA,NA,NA,NA,NA,NA,NA
13213012900,139.478781,35.75121687,NA,NA,NA,NA,NA,NA,NA,NA,NA,NA,NA,NA,NA
13213013000,139.4783475,35.75372449,NA,NA,NA,NA,NA,NA,NA,NA,NA,NA,NA,NA,NA
13213013100,139.4812872,35.75659421,NA,NA,NA,NA,NA,NA,NA,NA,NA,NA,NA,NA,NA
13213013200,139.4846175,35.75734645,NA,NA,NA,NA,NA,NA,NA,NA,NA,NA,NA,NA,NA
13213013500,139.4875014,35.76419986,NA,NA,NA,NA,NA,NA,NA,NA,NA,NA,NA,NA,NA
13213013600,139.4886687,35.76601062,NA,NA,NA,NA,NA,NA,NA,NA,NA,NA,NA,NA,NA
13213013700,139.4820897,35.75110543,NA,NA,NA,NA,NA,NA,NA,NA,NA,NA,NA,NA,NA
13213013800,139.4837034,35.74901569,NA,NA,NA,NA,NA,NA,NA,NA,NA,NA,NA,NA,NA
13213013900,139.4827292,35.75277718,NA,NA,NA,NA,NA,NA,NA,NA,NA,NA,NA,NA,NA
13213014000,139.483566,35.75157909,NA,NA,NA,NA,NA,NA,NA,NA,NA,NA,NA,NA,NA
13213014100,139.48542,35.75174627,NA,NA,NA,NA,NA,NA,NA,NA,NA,NA,NA,NA,NA
13213014200,139.4848578,35.75561907,NA,NA,NA,NA,NA,NA,NA,NA,NA,NA,NA,NA,NA
13213014300,139.4873317,35.75241497,NA,NA,NA,NA,NA,NA,NA,NA,NA,NA,NA,NA,NA
13213014400,139.4925502,35.75517329,NA,NA,NA,NA,NA,NA,NA,NA,NA,NA,NA,NA,NA
13213014600,139.49914,35.76041105,NA,NA,NA,NA,NA,NA,NA,NA,NA,NA,NA,NA,NA
13213014700,139.4657917,35.77159207,NA,NA,NA,NA,NA,NA,NA,NA,NA,NA,NA,NA,NA
13213014800,139.4414311,35.76244706,NA,NA,NA,NA,NA,NA,NA,NA,NA,NA,NA,NA,NA
13213014900,139.4509776,35.76626577,NA,NA,NA,NA,NA,NA,NA,NA,NA,NA,NA,NA,NA
13213015100,139.4690435,35.76144185,NA,NA,NA,NA,NA,NA,NA,NA,NA,NA,NA,NA,NA
13213015200,139.449261,35.76478931,NA,NA,NA,NA,NA,NA,NA,NA,NA,NA,NA,NA,NA
13213015300,139.456316,35.7691686,NA,NA,NA,NA,NA,NA,NA,NA,NA,NA,NA,NA,NA
13213015400,139.4630108,35.76953073,NA,NA,NA,NA,NA,NA,NA,NA,NA,NA,NA,NA,NA
13213015500,139.4652767,35.77273414,NA,NA,NA,NA,NA,NA,NA,NA,NA,NA,NA,NA,NA
13213015600,139.4525187,35.74733631,NA,NA,NA,NA,NA,NA,NA,NA,NA,NA,NA,NA,NA
13213015700,139.4662282,35.76252835,NA,NA,NA,NA,NA,NA,NA,NA,NA,NA,NA,NA,NA
13213015800,139.4671994,35.75287089,NA,NA,NA,NA,NA,NA,NA,NA,NA,NA,NA,NA,NA
13213015900,139.4751203,35.75818226,NA,NA,NA,NA,NA,NA,NA,NA,NA,NA,NA,NA,NA
13213016000,139.4758971,35.7623612,NA,NA,NA,NA,NA,NA,NA,NA,NA,NA,NA,NA,NA
13213016100,139.4791586,35.76486845,NA,NA,NA,NA,NA,NA,NA,NA,NA,NA,NA,NA,NA
13213016200,139.4965651,35.77456244,NA,NA,NA,NA,NA,NA,NA,NA,NA,NA,NA,NA,NA
13213016300,139.4928572,35.76406057,NA,NA,NA,NA,NA,NA,NA,NA,NA,NA,NA,NA,NA
13213016400,139.488705,35.75391952,NA,NA,NA,NA,NA,NA,NA,NA,NA,NA,NA,NA,NA
13213016500,139.4867246,35.74678658,NA,NA,NA,NA,NA,NA,NA,NA,NA,NA,NA,NA,NA
13213016600,139.4505313,35.76843863,NA,NA,NA,NA,NA,NA,NA,NA,NA,NA,NA,NA,NA
13214000100,139.4667757,35.70549161,NA,NA,NA,NA,NA,NA,NA,NA,NA,NA,NA,NA,NA
13214000200,139.4706411,35.70270558,NA,NA,NA,NA,NA,NA,NA,NA,NA,NA,NA,NA,NA
13214000300,139.47349,35.70001416,NA,NA,NA,NA,NA,NA,NA,NA,NA,NA,NA,NA,NA
13214000500,139.4740727,35.70335275,NA,NA,NA,NA,NA,NA,NA,NA,NA,NA,NA,NA,NA
13214000600,139.4840451,35.70222916,NA,NA,NA,NA,NA,NA,NA,NA,NA,NA,NA,NA,NA
13214000700,139.4572618,35.69416757,NA,NA,NA,NA,NA,NA,NA,NA,NA,NA,NA,NA,NA
13214000800,139.4766788,35.69988548,NA,NA,NA,NA,NA,NA,NA,NA,NA,NA,NA,NA,NA
13214000900,139.4678955,35.69943846,NA,NA,NA,NA,NA,NA,NA,NA,NA,NA,NA,NA,NA
13214001000,139.4724538,35.69187509,NA,NA,NA,NA,NA,NA,NA,NA,NA,NA,NA,NA,NA
13214001100,139.4680675,35.69315091,NA,NA,NA,NA,NA,NA,NA,NA,NA,NA,NA,NA,NA
13214001200,139.4670723,35.691805,NA,NA,NA,NA,NA,NA,NA,NA,NA,NA,NA,NA,NA
13214001300,139.4674381,35.69206262,NA,NA,NA,NA,NA,NA,NA,NA,NA,NA,NA,NA,NA
13214001400,139.468116,35.69280094,NA,NA,NA,NA,NA,NA,NA,NA,NA,NA,NA,NA,NA
13214001800,139.4789832,35.69564886,NA,NA,NA,NA,NA,NA,NA,NA,NA,NA,NA,NA,NA
13214001900,139.4727115,35.69381183,NA,NA,NA,NA,NA,NA,NA,NA,NA,NA,NA,NA,NA
13214002000,139.4874457,35.69958056,NA,NA,NA,NA,NA,NA,NA,NA,NA,NA,NA,NA,NA
13214002100,139.4847588,35.6982818,NA,NA,NA,NA,NA,NA,NA,NA,NA,NA,NA,NA,NA
13214002200,139.466146,35.69851559,NA,NA,NA,NA,NA,NA,NA,NA,NA,NA,NA,NA,NA
13214002300,139.4827737,35.69224122,NA,NA,NA,NA,NA,NA,NA,NA,NA,NA,NA,NA,NA
13214002400,139.4854,35.69246242,NA,NA,NA,NA,NA,NA,NA,NA,NA,NA,NA,NA,NA
13214002500,139.4852177,35.6964473,NA,NA,NA,NA,NA,NA,NA,NA,NA,NA,NA,NA,NA
13214002600,139.4837451,35.69616953,NA,NA,NA,NA,NA,NA,NA,NA,NA,NA,NA,NA,NA
13214002700,139.4824188,35.69644413,NA,NA,NA,NA,NA,NA,NA,NA,NA,NA,NA,NA,NA
13214002800,139.4833778,35.70063649,NA,NA,NA,NA,NA,NA,NA,NA,NA,NA,NA,NA,NA
13214002900,139.4853942,35.70030834,NA,NA,NA,NA,NA,NA,NA,NA,NA,NA,NA,NA,NA
13214003000,139.4820096,35.70372528,NA,NA,NA,NA,NA,NA,NA,NA,NA,NA,NA,NA,NA
13214003200,139.4888005,35.69732448,NA,NA,NA,NA,NA,NA,NA,NA,NA,NA,NA,NA,NA
13214003400,139.4653308,35.70046875,NA,NA,NA,NA,NA,NA,NA,NA,NA,NA,NA,NA,NA
13214003500,139.4609796,35.70057027,NA,NA,NA,NA,NA,NA,NA,NA,NA,NA,NA,NA,NA
13214003600,139.4608932,35.70370676,NA,NA,NA,NA,NA,NA,NA,NA,NA,NA,NA,NA,NA
13214003700,139.4640829,35.70332051,NA,NA,NA,NA,NA,NA,NA,NA,NA,NA,NA,NA,NA
13214003800,139.4678953,35.70511453,NA,NA,NA,NA,NA,NA,NA,NA,NA,NA,NA,NA,NA
13214003900,139.4666373,35.70120581,NA,NA,NA,NA,NA,NA,NA,NA,NA,NA,NA,NA,NA
13214004000,139.4559036,35.69818575,NA,NA,NA,NA,NA,NA,NA,NA,NA,NA,NA,NA,NA
13214004600,139.4427288,35.70478476,NA,NA,NA,NA,NA,NA,NA,NA,NA,NA,NA,NA,NA
13214004700,139.4582635,35.70275835,NA,NA,NA,NA,NA,NA,NA,NA,NA,NA,NA,NA,NA
13214004800,139.4531312,35.70044747,NA,NA,NA,NA,NA,NA,NA,NA,NA,NA,NA,NA,NA
13214004900,139.4564869,35.70093667,NA,NA,NA,NA,NA,NA,NA,NA,NA,NA,NA,NA,NA
13214005000,139.4582949,35.69315716,NA,NA,NA,NA,NA,NA,NA,NA,NA,NA,NA,NA,NA
13214005200,139.4636628,35.70519105,NA,NA,NA,NA,NA,NA,NA,NA,NA,NA,NA,NA,NA
13214005300,139.4898968,35.69928978,NA,NA,NA,NA,NA,NA,NA,NA,NA,NA,NA,NA,NA
13214005400,139.4812813,35.69814017,NA,NA,NA,NA,NA,NA,NA,NA,NA,NA,NA,NA,NA
13214005500,139.4422776,35.70675521,NA,NA,NA,NA,NA,NA,NA,NA,NA,NA,NA,NA,NA
13214005600,139.4489277,35.70142697,NA,NA,NA,NA,NA,NA,NA,NA,NA,NA,NA,NA,NA
13214005700,139.4769409,35.7034399,NA,NA,NA,NA,NA,NA,NA,NA,NA,NA,NA,NA,NA
13214005800,139.469182,35.69666123,NA,NA,NA,NA,NA,NA,NA,NA,NA,NA,NA,NA,NA
13215000100,139.4300669,35.68766707,NA,NA,NA,NA,NA,NA,NA,NA,NA,NA,NA,NA,NA
13215000200,139.4363187,35.68552263,NA,NA,NA,NA,NA,NA,NA,NA,NA,NA,NA,NA,NA
13215000300,139.4362997,35.68335206,NA,NA,NA,NA,NA,NA,NA,NA,NA,NA,NA,NA,NA
13215000400,139.4412435,35.68745127,NA,NA,NA,NA,NA,NA,NA,NA,NA,NA,NA,NA,NA
13215000500,139.4417242,35.6828501,NA,NA,NA,NA,NA,NA,NA,NA,NA,NA,NA,NA,NA
13215000600,139.4435438,35.68276644,NA,NA,NA,NA,NA,NA,NA,NA,NA,NA,NA,NA,NA
13215000700,139.4503416,35.681372090000004,NA,NA,NA,NA,NA,NA,NA,NA,NA,NA,NA,NA,NA
13215000800,139.423645,35.686913,NA,NA,NA,NA,NA,NA,NA,NA,NA,NA,NA,NA,NA
13215000900,139.4220708,35.6823436,NA,NA,NA,NA,NA,NA,NA,NA,NA,NA,NA,NA,NA
13215001000,139.4237767,35.68191135,NA,NA,NA,NA,NA,NA,NA,NA,NA,NA,NA,NA,NA
13215001001,139.4238271,35.68127692,NA,NA,NA,NA,NA,NA,NA,NA,NA,NA,NA,NA,NA
13215001002,139.4249376,35.68107473,NA,NA,NA,NA,NA,NA,NA,NA,NA,NA,NA,NA,NA
13215001003,139.4261274,35.68151396,NA,NA,NA,NA,NA,NA,NA,NA,NA,NA,NA,NA,NA
13215001004,139.4264654,35.68153487,NA,NA,NA,NA,NA,NA,NA,NA,NA,NA,NA,NA,NA
13215001005,139.4262733,35.68127692,NA,NA,NA,NA,NA,NA,NA,NA,NA,NA,NA,NA,NA
13215001006,139.4259332,35.68114445,NA,NA,NA,NA,NA,NA,NA,NA,NA,NA,NA,NA,NA
13215001007,139.4263592,35.68101199,NA,NA,NA,NA,NA,NA,NA,NA,NA,NA,NA,NA,NA
13215001008,139.4266027,35.68106079,NA,NA,NA,NA,NA,NA,NA,NA,NA,NA,NA,NA,NA
13215001009,139.4268055,35.68131875,NA,NA,NA,NA,NA,NA,NA,NA,NA,NA,NA,NA,NA
13215001010,139.4268055,35.68090741,NA,NA,NA,NA,NA,NA,NA,NA,NA,NA,NA,NA,NA
13215001011,139.4260759,35.68096318,NA,NA,NA,NA,NA,NA,NA,NA,NA,NA,NA,NA,NA
13215001012,139.4260502,35.68075403,NA,NA,NA,NA,NA,NA,NA,NA,NA,NA,NA,NA,NA
13215001013,139.4258356,35.68146516,NA,NA,NA,NA,NA,NA,NA,NA,NA,NA,NA,NA,NA
13215001100,139.424929,35.68186255,NA,NA,NA,NA,NA,NA,NA,NA,NA,NA,NA,NA,NA
13215001200,139.4274159,35.6809353,NA,NA,NA,NA,NA,NA,NA,NA,NA,NA,NA,NA,NA
13215001300,139.4324542,35.68022068,NA,NA,NA,NA,NA,NA,NA,NA,NA,NA,NA,NA,NA
13215001400,139.4323515,35.67950363,NA,NA,NA,NA,NA,NA,NA,NA,NA,NA,NA,NA,NA
13215001500,139.436334,35.67944785,NA,NA,NA,NA,NA,NA,NA,NA,NA,NA,NA,NA,NA
13215001600,139.4372953,35.67972673,NA,NA,NA,NA,NA,NA,NA,NA,NA,NA,NA,NA,NA
13215001700,139.4378103,35.6791132,NA,NA,NA,NA,NA,NA,NA,NA,NA,NA,NA,NA,NA
13215001900,139.4414839,35.68098167,NA,NA,NA,NA,NA,NA,NA,NA,NA,NA,NA,NA,NA
13215002000,139.4455799,35.67939799,NA,NA,NA,NA,NA,NA,NA,NA,NA,NA,NA,NA,NA
13215002100,139.4453291,35.67894587,NA,NA,NA,NA,NA,NA,NA,NA,NA,NA,NA,NA,NA
13215002200,139.4485839,35.6773761,NA,NA,NA,NA,NA,NA,NA,NA,NA,NA,NA,NA,NA
13215002300,139.4470905,35.67877051,NA,NA,NA,NA,NA,NA,NA,NA,NA,NA,NA,NA,NA
13215002301,139.4483093,35.6775016,NA,NA,NA,NA,NA,NA,NA,NA,NA,NA,NA,NA,NA
13215002302,139.4487728,35.67706932,NA,NA,NA,NA,NA,NA,NA,NA,NA,NA,NA,NA,NA
13215002303,139.4492191,35.67669283,NA,NA,NA,NA,NA,NA,NA,NA,NA,NA,NA,NA,NA
13215002304,139.4483779,35.67831036,NA,NA,NA,NA,NA,NA,NA,NA,NA,NA,NA,NA,NA
13215002305,139.4453395,35.680639,NA,NA,NA,NA,NA,NA,NA,NA,NA,NA,NA,NA,NA
13215002306,139.4487041,35.67764104,NA,NA,NA,NA,NA,NA,NA,NA,NA,NA,NA,NA,NA
13215002307,139.4457172,35.67959321,NA,NA,NA,NA,NA,NA,NA,NA,NA,NA,NA,NA,NA
13215002308,139.4498199,35.6766231,NA,NA,NA,NA,NA,NA,NA,NA,NA,NA,NA,NA,NA
13215002309,139.4492362,35.67634421,NA,NA,NA,NA,NA,NA,NA,NA,NA,NA,NA,NA,NA
13215002310,139.4480003,35.67758526,NA,NA,NA,NA,NA,NA,NA,NA,NA,NA,NA,NA,NA
13215002311,139.4477771,35.67779443,NA,NA,NA,NA,NA,NA,NA,NA,NA,NA,NA,NA,NA
13215002312,139.4449447,35.67952349,NA,NA,NA,NA,NA,NA,NA,NA,NA,NA,NA,NA,NA
13215002400,139.4500774,35.67593982,NA,NA,NA,NA,NA,NA,NA,NA,NA,NA,NA,NA,NA
13215002500,139.4490474,35.67598166,NA,NA,NA,NA,NA,NA,NA,NA,NA,NA,NA,NA,NA
13215002600,139.4391254,35.67688805,NA,NA,NA,NA,NA,NA,NA,NA,NA,NA,NA,NA,NA
13215002700,139.449552,35.68770223,NA,NA,NA,NA,NA,NA,NA,NA,NA,NA,NA,NA,NA
13215002800,139.4420115,35.68231222,NA,NA,NA,NA,NA,NA,NA,NA,NA,NA,NA,NA,NA
13215002900,139.4451335,35.67934222,NA,NA,NA,NA,NA,NA,NA,NA,NA,NA,NA,NA,NA
13215003000,139.448281,35.67891029,NA,NA,NA,NA,NA,NA,NA,NA,NA,NA,NA,NA,NA
13218000100,139.3202321,35.75024378,NA,NA,NA,NA,NA,NA,NA,NA,NA,NA,NA,NA,NA
13218000200,139.3209875,35.74174508,NA,NA,NA,NA,NA,NA,NA,NA,NA,NA,NA,NA,NA
13218000300,139.3245237,35.73937643,NA,NA,NA,NA,NA,NA,NA,NA,NA,NA,NA,NA,NA
13218000400,139.3253133,35.74358422,NA,NA,NA,NA,NA,NA,NA,NA,NA,NA,NA,NA,NA
13218000500,139.3325231,35.74386288,NA,NA,NA,NA,NA,NA,NA,NA,NA,NA,NA,NA,NA
13218000600,139.3283689,35.73324548,NA,NA,NA,NA,NA,NA,NA,NA,NA,NA,NA,NA,NA
13218000700,139.3283075,35.75070337,NA,NA,NA,NA,NA,NA,NA,NA,NA,NA,NA,NA,NA
13218000800,139.3335087,35.74949147,NA,NA,NA,NA,NA,NA,NA,NA,NA,NA,NA,NA,NA
13218000900,139.3375356,35.74138282,NA,NA,NA,NA,NA,NA,NA,NA,NA,NA,NA,NA,NA
13218001000,139.3415868,35.73834535,NA,NA,NA,NA,NA,NA,NA,NA,NA,NA,NA,NA,NA
13218001100,139.336128,35.73789947,NA,NA,NA,NA,NA,NA,NA,NA,NA,NA,NA,NA,NA
13218001200,139.336917,35.73523342,NA,NA,NA,NA,NA,NA,NA,NA,NA,NA,NA,NA,NA
13218001300,139.3390456,35.72968826,NA,NA,NA,NA,NA,NA,NA,NA,NA,NA,NA,NA,NA
13218001400,139.3486929,35.72266464,NA,NA,NA,NA,NA,NA,NA,NA,NA,NA,NA,NA,NA
13218001500,139.3372603,35.71742439,NA,NA,NA,NA,NA,NA,NA,NA,NA,NA,NA,NA,NA
13218001600,139.3331187,35.71633926,NA,NA,NA,NA,NA,NA,NA,NA,NA,NA,NA,NA,NA
13218001700,139.3354313,35.74539545,NA,NA,NA,NA,NA,NA,NA,NA,NA,NA,NA,NA,NA
13218001800,139.335625,35.72550959,NA,NA,NA,NA,NA,NA,NA,NA,NA,NA,NA,NA,NA
13218001900,139.3336337,35.72132872,NA,NA,NA,NA,NA,NA,NA,NA,NA,NA,NA,NA,NA
13219000100,139.571069,35.64850383,NA,NA,NA,NA,NA,NA,NA,NA,NA,NA,NA,NA,NA
13219000200,139.5717728,35.64557441,NA,NA,NA,NA,NA,NA,NA,NA,NA,NA,NA,NA,NA
13219000300,139.5735409,35.64782031,NA,NA,NA,NA,NA,NA,NA,NA,NA,NA,NA,NA,NA
13219000400,139.5743992,35.64949422,NA,NA,NA,NA,NA,NA,NA,NA,NA,NA,NA,NA,NA
13219000500,139.5741074,35.64335636,NA,NA,NA,NA,NA,NA,NA,NA,NA,NA,NA,NA,NA
13219000600,139.5765449,35.64579761,NA,NA,NA,NA,NA,NA,NA,NA,NA,NA,NA,NA,NA
13219000700,139.579485,35.64655751,NA,NA,NA,NA,NA,NA,NA,NA,NA,NA,NA,NA,NA
13219000800,139.5789486,35.64439529,NA,NA,NA,NA,NA,NA,NA,NA,NA,NA,NA,NA,NA
13219000900,139.5822613,35.64547676,NA,NA,NA,NA,NA,NA,NA,NA,NA,NA,NA,NA,NA
13219001000,139.5850765,35.64468162,NA,NA,NA,NA,NA,NA,NA,NA,NA,NA,NA,NA,NA
13219001100,139.580991,35.64324475,NA,NA,NA,NA,NA,NA,NA,NA,NA,NA,NA,NA,NA
13219001200,139.5831024,35.64261699,NA,NA,NA,NA,NA,NA,NA,NA,NA,NA,NA,NA,NA
13219001300,139.5852482,35.64222638,NA,NA,NA,NA,NA,NA,NA,NA,NA,NA,NA,NA,NA
13219001400,139.5845959,35.63984096,NA,NA,NA,NA,NA,NA,NA,NA,NA,NA,NA,NA,NA
13219001600,139.5774204,35.64172416,NA,NA,NA,NA,NA,NA,NA,NA,NA,NA,NA,NA,NA
13219001700,139.5797893,35.63998033,NA,NA,NA,NA,NA,NA,NA,NA,NA,NA,NA,NA,NA
13219001800,139.5774313,35.63893222,NA,NA,NA,NA,NA,NA,NA,NA,NA,NA,NA,NA,NA
13219001900,139.576985,35.63739759,NA,NA,NA,NA,NA,NA,NA,NA,NA,NA,NA,NA,NA
13219002000,139.5784269,35.63628148,NA,NA,NA,NA,NA,NA,NA,NA,NA,NA,NA,NA,NA
13219002100,139.5812533,35.63736093,NA,NA,NA,NA,NA,NA,NA,NA,NA,NA,NA,NA,NA
13219002200,139.5809614,35.63543563,NA,NA,NA,NA,NA,NA,NA,NA,NA,NA,NA,NA,NA
13219002300,139.5834677,35.63511474,NA,NA,NA,NA,NA,NA,NA,NA,NA,NA,NA,NA,NA
13219002400,139.5814931,35.63456801,NA,NA,NA,NA,NA,NA,NA,NA,NA,NA,NA,NA,NA
13219002500,139.5825241,35.63423357,NA,NA,NA,NA,NA,NA,NA,NA,NA,NA,NA,NA,NA
13219002600,139.5824716,35.63342396,NA,NA,NA,NA,NA,NA,NA,NA,NA,NA,NA,NA,NA
13219002700,139.58657,35.63511149,NA,NA,NA,NA,NA,NA,NA,NA,NA,NA,NA,NA,NA
13219002800,139.5884111,35.63334025,NA,NA,NA,NA,NA,NA,NA,NA,NA,NA,NA,NA,NA
13219002900,139.5904667,35.62996028,NA,NA,NA,NA,NA,NA,NA,NA,NA,NA,NA,NA,NA
13219003000,139.5852881,35.63224173,NA,NA,NA,NA,NA,NA,NA,NA,NA,NA,NA,NA,NA
13219003100,139.5852182,35.63103814,NA,NA,NA,NA,NA,NA,NA,NA,NA,NA,NA,NA,NA
13219003200,139.5840006,35.62841874,NA,NA,NA,NA,NA,NA,NA,NA,NA,NA,NA,NA,NA
13219003300,139.5814416,35.62960103,NA,NA,NA,NA,NA,NA,NA,NA,NA,NA,NA,NA,NA
13219003400,139.5818536,35.62937779,NA,NA,NA,NA,NA,NA,NA,NA,NA,NA,NA,NA,NA
13219003500,139.5823343,35.62939174,NA,NA,NA,NA,NA,NA,NA,NA,NA,NA,NA,NA,NA
13219003600,139.5796233,35.62964658,NA,NA,NA,NA,NA,NA,NA,NA,NA,NA,NA,NA,NA
13219003701,139.5781127,35.62741413,NA,NA,NA,NA,NA,NA,NA,NA,NA,NA,NA,NA,NA
13219003702,139.5791941,35.62670252,NA,NA,NA,NA,NA,NA,NA,NA,NA,NA,NA,NA,NA
13219003800,139.5777007,35.62728855,NA,NA,NA,NA,NA,NA,NA,NA,NA,NA,NA,NA,NA
13219003900,139.5769282,35.62564207,NA,NA,NA,NA,NA,NA,NA,NA,NA,NA,NA,NA,NA
13219004000,139.5750064,35.63116728,NA,NA,NA,NA,NA,NA,NA,NA,NA,NA,NA,NA,NA
13219004100,139.5732061,35.63068772,NA,NA,NA,NA,NA,NA,NA,NA,NA,NA,NA,NA,NA
13219004201,139.575899,35.63310663,NA,NA,NA,NA,NA,NA,NA,NA,NA,NA,NA,NA,NA
13219004202,139.576929,35.63293921,NA,NA,NA,NA,NA,NA,NA,NA,NA,NA,NA,NA,NA
13219004203,139.5772551,35.63313454,NA,NA,NA,NA,NA,NA,NA,NA,NA,NA,NA,NA,NA
13219004204,139.5774268,35.63281364,NA,NA,NA,NA,NA,NA,NA,NA,NA,NA,NA,NA,NA
13219004300,139.5794181,35.6316277,NA,NA,NA,NA,NA,NA,NA,NA,NA,NA,NA,NA,NA
13219004401,139.5778903,35.63406932,NA,NA,NA,NA,NA,NA,NA,NA,NA,NA,NA,NA,NA
13219004500,139.5766532,35.63500744,NA,NA,NA,NA,NA,NA,NA,NA,NA,NA,NA,NA,NA
13219004600,139.5767058,35.63531102,NA,NA,NA,NA,NA,NA,NA,NA,NA,NA,NA,NA,NA
13219004700,139.5750224,35.6364584,NA,NA,NA,NA,NA,NA,NA,NA,NA,NA,NA,NA,NA
13219004800,139.5751597,35.63545389,NA,NA,NA,NA,NA,NA,NA,NA,NA,NA,NA,NA,NA
13219004900,139.574354,35.63496223,NA,NA,NA,NA,NA,NA,NA,NA,NA,NA,NA,NA,NA
13219005000,139.574354,35.63372052,NA,NA,NA,NA,NA,NA,NA,NA,NA,NA,NA,NA,NA
13219005100,139.5748851,35.63350064,NA,NA,NA,NA,NA,NA,NA,NA,NA,NA,NA,NA,NA
13219005200,139.5738047,35.63351124,NA,NA,NA,NA,NA,NA,NA,NA,NA,NA,NA,NA,NA
13219005300,139.5737532,35.63319034,NA,NA,NA,NA,NA,NA,NA,NA,NA,NA,NA,NA,NA
13219005400,139.5697993,35.63231135,NA,NA,NA,NA,NA,NA,NA,NA,NA,NA,NA,NA,NA
13219005500,139.5699584,35.63414243,NA,NA,NA,NA,NA,NA,NA,NA,NA,NA,NA,NA,NA
13219005600,139.570732,35.63620392,NA,NA,NA,NA,NA,NA,NA,NA,NA,NA,NA,NA,NA
13219005700,139.5724131,35.63559341,NA,NA,NA,NA,NA,NA,NA,NA,NA,NA,NA,NA,NA
13219005800,139.5714347,35.63583059,NA,NA,NA,NA,NA,NA,NA,NA,NA,NA,NA,NA,NA
13219005900,139.5733241,35.63785018,NA,NA,NA,NA,NA,NA,NA,NA,NA,NA,NA,NA,NA
13219006000,139.5714705,35.6415338,NA,NA,NA,NA,NA,NA,NA,NA,NA,NA,NA,NA,NA
13219006100,139.5696509,35.64401696,NA,NA,NA,NA,NA,NA,NA,NA,NA,NA,NA,NA,NA
13219006200,139.5664751,35.64206392,NA,NA,NA,NA,NA,NA,NA,NA,NA,NA,NA,NA,NA
13219006300,139.5680071,35.63953211,NA,NA,NA,NA,NA,NA,NA,NA,NA,NA,NA,NA,NA
13219006400,139.5668685,35.63716992,NA,NA,NA,NA,NA,NA,NA,NA,NA,NA,NA,NA,NA
13219006500,139.5672118,35.63463074,NA,NA,NA,NA,NA,NA,NA,NA,NA,NA,NA,NA,NA
13219006600,139.5648085,35.63587244,NA,NA,NA,NA,NA,NA,NA,NA,NA,NA,NA,NA,NA
13219006700,139.5938484,35.62710282,NA,NA,NA,NA,NA,NA,NA,NA,NA,NA,NA,NA,NA
13219006800,139.5732031,35.62731646,NA,NA,NA,NA,NA,NA,NA,NA,NA,NA,NA,NA,NA
13219006900,139.564036,35.638491,NA,NA,NA,NA,NA,NA,NA,NA,NA,NA,NA,NA,NA
13220000100,139.4141119,35.75806093,NA,NA,NA,NA,NA,NA,NA,NA,NA,NA,NA,NA,NA
13220000200,139.4175795,35.75613855,NA,NA,NA,NA,NA,NA,NA,NA,NA,NA,NA,NA,NA
13220000300,139.4151076,35.76148769,NA,NA,NA,NA,NA,NA,NA,NA,NA,NA,NA,NA,NA
13220000400,139.4099577,35.76237918,NA,NA,NA,NA,NA,NA,NA,NA,NA,NA,NA,NA,NA
13220000500,139.4159315,35.75377032,NA,NA,NA,NA,NA,NA,NA,NA,NA,NA,NA,NA,NA
13220000600,139.4193148,35.73693024,NA,NA,NA,NA,NA,NA,NA,NA,NA,NA,NA,NA,NA
13220000700,139.4228323,35.75658432,NA,NA,NA,NA,NA,NA,NA,NA,NA,NA,NA,NA,NA
13220000800,139.4274954,35.75456225,NA,NA,NA,NA,NA,NA,NA,NA,NA,NA,NA,NA,NA
13220000900,139.4281882,35.752015,NA,NA,NA,NA,NA,NA,NA,NA,NA,NA,NA,NA,NA
13220001000,139.4191588,35.75382605,NA,NA,NA,NA,NA,NA,NA,NA,NA,NA,NA,NA,NA
13220001100,139.4288405,35.75672363,NA,NA,NA,NA,NA,NA,NA,NA,NA,NA,NA,NA,NA
13220001200,139.4369772,35.75914748,NA,NA,NA,NA,NA,NA,NA,NA,NA,NA,NA,NA,NA
13220001300,139.4250983,35.74911726,NA,NA,NA,NA,NA,NA,NA,NA,NA,NA,NA,NA,NA
13220001400,139.4302824,35.75859028,NA,NA,NA,NA,NA,NA,NA,NA,NA,NA,NA,NA,NA
13220001500,139.4396208,35.76719861,NA,NA,NA,NA,NA,NA,NA,NA,NA,NA,NA,NA,NA
13220001600,139.4384192,35.76898145,NA,NA,NA,NA,NA,NA,NA,NA,NA,NA,NA,NA,NA
13220001700,139.4383849,35.76544359,NA,NA,NA,NA,NA,NA,NA,NA,NA,NA,NA,NA,NA
13220001800,139.435089,35.76608431,NA,NA,NA,NA,NA,NA,NA,NA,NA,NA,NA,NA,NA
13220001900,139.433132,35.76538788,NA,NA,NA,NA,NA,NA,NA,NA,NA,NA,NA,NA,NA
13220002000,139.4307974,35.76538787,NA,NA,NA,NA,NA,NA,NA,NA,NA,NA,NA,NA,NA
13220002100,139.4298704,35.76597288,NA,NA,NA,NA,NA,NA,NA,NA,NA,NA,NA,NA,NA
13220002200,139.4287718,35.76522073,NA,NA,NA,NA,NA,NA,NA,NA,NA,NA,NA,NA,NA
13220002300,139.4272612,35.76524859,NA,NA,NA,NA,NA,NA,NA,NA,NA,NA,NA,NA,NA
13220002400,139.4261282,35.76549931,NA,NA,NA,NA,NA,NA,NA,NA,NA,NA,NA,NA,NA
13220002500,139.4251326,35.76469143,NA,NA,NA,NA,NA,NA,NA,NA,NA,NA,NA,NA,NA
13220002600,139.4224203,35.76469143,NA,NA,NA,NA,NA,NA,NA,NA,NA,NA,NA,NA,NA
13220002700,139.4195364,35.76396712,NA,NA,NA,NA,NA,NA,NA,NA,NA,NA,NA,NA,NA
13220002800,139.4180601,35.76466357,NA,NA,NA,NA,NA,NA,NA,NA,NA,NA,NA,NA,NA
13220002900,139.4186438,35.7616827,NA,NA,NA,NA,NA,NA,NA,NA,NA,NA,NA,NA,NA
13220003000,139.4204977,35.76140411,NA,NA,NA,NA,NA,NA,NA,NA,NA,NA,NA,NA,NA
13220003100,139.423107,35.76212845,NA,NA,NA,NA,NA,NA,NA,NA,NA,NA,NA,NA,NA
13220003200,139.4257506,35.7622956,NA,NA,NA,NA,NA,NA,NA,NA,NA,NA,NA,NA,NA
13220003300,139.4290465,35.76221202,NA,NA,NA,NA,NA,NA,NA,NA,NA,NA,NA,NA,NA
13220003400,139.4323767,35.76235131,NA,NA,NA,NA,NA,NA,NA,NA,NA,NA,NA,NA,NA
13220003500,139.4359473,35.76249061,NA,NA,NA,NA,NA,NA,NA,NA,NA,NA,NA,NA,NA
13220003600,139.4380072,35.7615434,NA,NA,NA,NA,NA,NA,NA,NA,NA,NA,NA,NA,NA
13220003700,139.4078291,35.76644647,NA,NA,NA,NA,NA,NA,NA,NA,NA,NA,NA,NA,NA
13220003800,139.4053229,35.76739361,NA,NA,NA,NA,NA,NA,NA,NA,NA,NA,NA,NA,NA
13220003900,139.4046706,35.76588932,NA,NA,NA,NA,NA,NA,NA,NA,NA,NA,NA,NA,NA
13220004000,139.4075888,35.76301993,NA,NA,NA,NA,NA,NA,NA,NA,NA,NA,NA,NA,NA
13220004100,139.4082411,35.76393926,NA,NA,NA,NA,NA,NA,NA,NA,NA,NA,NA,NA,NA
13220004200,139.4109534,35.7624349,NA,NA,NA,NA,NA,NA,NA,NA,NA,NA,NA,NA,NA
13220004300,139.4133223,35.76115337,NA,NA,NA,NA,NA,NA,NA,NA,NA,NA,NA,NA,NA
13220004400,139.4144209,35.7622956,NA,NA,NA,NA,NA,NA,NA,NA,NA,NA,NA,NA,NA
13220004500,139.4155882,35.76246275,NA,NA,NA,NA,NA,NA,NA,NA,NA,NA,NA,NA,NA
13220004600,139.4096144,35.75898032,NA,NA,NA,NA,NA,NA,NA,NA,NA,NA,NA,NA,NA
13220004700,139.410767,35.759205,NA,NA,NA,NA,NA,NA,NA,NA,NA,NA,NA,NA,NA
13220004800,139.4263342,35.7565286,NA,NA,NA,NA,NA,NA,NA,NA,NA,NA,NA,NA,NA
13220004900,139.435192,35.75051042,NA,NA,NA,NA,NA,NA,NA,NA,NA,NA,NA,NA,NA
13220005000,139.4319647,35.74797484,NA,NA,NA,NA,NA,NA,NA,NA,NA,NA,NA,NA,NA
13220005100,139.4365652,35.76633503,NA,NA,NA,NA,NA,NA,NA,NA,NA,NA,NA,NA,NA
13220005200,139.4322394,35.76538788,NA,NA,NA,NA,NA,NA,NA,NA,NA,NA,NA,NA,NA
13220005300,139.42921810000001,35.74814203,NA,NA,NA,NA,NA,NA,NA,NA,NA,NA,NA,NA,NA
13220005400,139.4284285,35.7501482,NA,NA,NA,NA,NA,NA,NA,NA,NA,NA,NA,NA,NA
13220005500,139.4328574,35.75187569,NA,NA,NA,NA,NA,NA,NA,NA,NA,NA,NA,NA,NA
13220005600,139.412258,35.75045469,NA,NA,NA,NA,NA,NA,NA,NA,NA,NA,NA,NA,NA
13220005700,139.4080008,35.75103981,NA,NA,NA,NA,NA,NA,NA,NA,NA,NA,NA,NA,NA
13220005800,139.4237593,35.76505358,NA,NA,NA,NA,NA,NA,NA,NA,NA,NA,NA,NA,NA
13220005900,139.4121893,35.75229363,NA,NA,NA,NA,NA,NA,NA,NA,NA,NA,NA,NA,NA
13220006000,139.4326857,35.75925892,NA,NA,NA,NA,NA,NA,NA,NA,NA,NA,NA,NA,NA
13220006100,139.4362906,35.7480863,NA,NA,NA,NA,NA,NA,NA,NA,NA,NA,NA,NA,NA
13220006200,139.4380415,35.74741756,NA,NA,NA,NA,NA,NA,NA,NA,NA,NA,NA,NA,NA
13220006300,139.4394835,35.7470832,NA,NA,NA,NA,NA,NA,NA,NA,NA,NA,NA,NA,NA
13220006400,139.435089,35.75117913,NA,NA,NA,NA,NA,NA,NA,NA,NA,NA,NA,NA,NA
13220006500,139.4413374,35.74998102,NA,NA,NA,NA,NA,NA,NA,NA,NA,NA,NA,NA,NA
13220006600,139.4461783,35.75059401,NA,NA,NA,NA,NA,NA,NA,NA,NA,NA,NA,NA,NA
13220006700,139.445938,35.75115127,NA,NA,NA,NA,NA,NA,NA,NA,NA,NA,NA,NA,NA
13220006800,139.4467276,35.75151348,NA,NA,NA,NA,NA,NA,NA,NA,NA,NA,NA,NA,NA
13220006900,139.4436034,35.75254439,NA,NA,NA,NA,NA,NA,NA,NA,NA,NA,NA,NA,NA
13220007000,139.4303511,35.74970239,NA,NA,NA,NA,NA,NA,NA,NA,NA,NA,NA,NA,NA
13220007100,139.4192961,35.75755945,NA,NA,NA,NA,NA,NA,NA,NA,NA,NA,NA,NA,NA
13220007200,139.4386252,35.75184783,NA,NA,NA,NA,NA,NA,NA,NA,NA,NA,NA,NA,NA
13220007300,139.4389342,35.75669576,NA,NA,NA,NA,NA,NA,NA,NA,NA,NA,NA,NA,NA
13220007400,139.4355696,35.75510768,NA,NA,NA,NA,NA,NA,NA,NA,NA,NA,NA,NA,NA
13220007500,139.4380759,35.76731004,NA,NA,NA,NA,NA,NA,NA,NA,NA,NA,NA,NA,NA
13220007600,139.4444617,35.74858785,NA,NA,NA,NA,NA,NA,NA,NA,NA,NA,NA,NA,NA
13221000100,139.5075661,35.7782705,NA,NA,NA,NA,NA,NA,NA,NA,NA,NA,NA,NA,NA
13221000200,139.5067765,35.77517873,NA,NA,NA,NA,NA,NA,NA,NA,NA,NA,NA,NA,NA
13221000300,139.5043732,35.77459378,NA,NA,NA,NA,NA,NA,NA,NA,NA,NA,NA,NA,NA
13221000400,139.5043389,35.77570796,NA,NA,NA,NA,NA,NA,NA,NA,NA,NA,NA,NA,NA
13221000500,139.502691,35.77556869,NA,NA,NA,NA,NA,NA,NA,NA,NA,NA,NA,NA,NA
13221000600,139.5045792,35.77907824,NA,NA,NA,NA,NA,NA,NA,NA,NA,NA,NA,NA,NA
13221000700,139.5002877,35.77704495,NA,NA,NA,NA,NA,NA,NA,NA,NA,NA,NA,NA,NA
13221000800,139.4996354,35.77607006,NA,NA,NA,NA,NA,NA,NA,NA,NA,NA,NA,NA,NA
13221000900,139.501146,35.77520658,NA,NA,NA,NA,NA,NA,NA,NA,NA,NA,NA,NA,NA
13221001000,139.4973695,35.77526229,NA,NA,NA,NA,NA,NA,NA,NA,NA,NA,NA,NA,NA
13221001100,139.4982278,35.77935677,NA,NA,NA,NA,NA,NA,NA,NA,NA,NA,NA,NA,NA
13221001200,139.4990861,35.77980242,NA,NA,NA,NA,NA,NA,NA,NA,NA,NA,NA,NA,NA
13221001300,139.4991891,35.77849333,NA,NA,NA,NA,NA,NA,NA,NA,NA,NA,NA,NA,NA
13221001400,139.5006654,35.7791618,NA,NA,NA,NA,NA,NA,NA,NA,NA,NA,NA,NA,NA
13221001500,139.4989831,35.77735134,NA,NA,NA,NA,NA,NA,NA,NA,NA,NA,NA,NA,NA
13221001600,139.4997041,35.77913395,NA,NA,NA,NA,NA,NA,NA,NA,NA,NA,NA,NA,NA
13221001700,139.5024506,35.77996953,NA,NA,NA,NA,NA,NA,NA,NA,NA,NA,NA,NA,NA
13221001800,139.5045449,35.78035947,NA,NA,NA,NA,NA,NA,NA,NA,NA,NA,NA,NA,NA
13221001900,139.5091798,35.77350745,NA,NA,NA,NA,NA,NA,NA,NA,NA,NA,NA,NA,NA
13221002000,139.5039269,35.7735353,NA,NA,NA,NA,NA,NA,NA,NA,NA,NA,NA,NA,NA
13221002100,139.4981591,35.77286678,NA,NA,NA,NA,NA,NA,NA,NA,NA,NA,NA,NA,NA
13221002200,139.5289552,35.79027436,NA,NA,NA,NA,NA,NA,NA,NA,NA,NA,NA,NA,NA
13221002300,139.5312211,35.79155541,NA,NA,NA,NA,NA,NA,NA,NA,NA,NA,NA,NA,NA
13221002400,139.5310838,35.79317061,NA,NA,NA,NA,NA,NA,NA,NA,NA,NA,NA,NA,NA
13221002500,139.5272385,35.7876008,NA,NA,NA,NA,NA,NA,NA,NA,NA,NA,NA,NA,NA
13221002600,139.5283372,35.78790715,NA,NA,NA,NA,NA,NA,NA,NA,NA,NA,NA,NA,NA
13221002700,139.5251099,35.78729445,NA,NA,NA,NA,NA,NA,NA,NA,NA,NA,NA,NA,NA
13221002800,139.523256,35.78662604,NA,NA,NA,NA,NA,NA,NA,NA,NA,NA,NA,NA,NA
13221002900,139.5191018,35.78645894,NA,NA,NA,NA,NA,NA,NA,NA,NA,NA,NA,NA,NA
13221003000,139.5214364,35.78623614,NA,NA,NA,NA,NA,NA,NA,NA,NA,NA,NA,NA,NA
13221003100,139.5231873,35.78542847,NA,NA,NA,NA,NA,NA,NA,NA,NA,NA,NA,NA,NA
13221003200,139.5202691,35.78509426,NA,NA,NA,NA,NA,NA,NA,NA,NA,NA,NA,NA,NA
13221003300,139.5213677,35.7846765,NA,NA,NA,NA,NA,NA,NA,NA,NA,NA,NA,NA,NA
13221003400,139.5194794,35.78431443,NA,NA,NA,NA,NA,NA,NA,NA,NA,NA,NA,NA,NA
13221003500,139.5194794,35.78320038,NA,NA,NA,NA,NA,NA,NA,NA,NA,NA,NA,NA,NA
13221003600,139.5183808,35.78392452,NA,NA,NA,NA,NA,NA,NA,NA,NA,NA,NA,NA,NA
13221003700,139.5165612,35.78172423,NA,NA,NA,NA,NA,NA,NA,NA,NA,NA,NA,NA,NA
13221003800,139.5163895,35.78225342,NA,NA,NA,NA,NA,NA,NA,NA,NA,NA,NA,NA,NA
13221003900,139.5167672,35.78122289,NA,NA,NA,NA,NA,NA,NA,NA,NA,NA,NA,NA,NA
13221004000,139.5169389,35.78061014,NA,NA,NA,NA,NA,NA,NA,NA,NA,NA,NA,NA,NA
13221004100,139.5151536,35.78612474,NA,NA,NA,NA,NA,NA,NA,NA,NA,NA,NA,NA,NA
13221004200,139.5138833,35.78303327,NA,NA,NA,NA,NA,NA,NA,NA,NA,NA,NA,NA,NA
13221004300,139.510656,35.7812229,NA,NA,NA,NA,NA,NA,NA,NA,NA,NA,NA,NA,NA
13221004400,139.5116517,35.78150142,NA,NA,NA,NA,NA,NA,NA,NA,NA,NA,NA,NA,NA
13221004500,139.5153939,35.78152927,NA,NA,NA,NA,NA,NA,NA,NA,NA,NA,NA,NA,NA
13221004600,139.5083215,35.7801645,NA,NA,NA,NA,NA,NA,NA,NA,NA,NA,NA,NA,NA
13221004700,139.5160119,35.78551202,NA,NA,NA,NA,NA,NA,NA,NA,NA,NA,NA,NA,NA
13221004800,139.5326287,35.79470224,NA,NA,NA,NA,NA,NA,NA,NA,NA,NA,NA,NA,NA
13221004900,139.533899,35.79484148,NA,NA,NA,NA,NA,NA,NA,NA,NA,NA,NA,NA,NA
13221005000,139.5349976,35.79453515,NA,NA,NA,NA,NA,NA,NA,NA,NA,NA,NA,NA,NA
13221005100,139.5347843,35.79611557,NA,NA,NA,NA,NA,NA,NA,NA,NA,NA,NA,NA,NA
13221005200,139.5346126,35.79644974,NA,NA,NA,NA,NA,NA,NA,NA,NA,NA,NA,NA,NA
13221005300,139.5345783,35.79686744,NA,NA,NA,NA,NA,NA,NA,NA,NA,NA,NA,NA,NA
13221005400,139.5363292,35.79650543,NA,NA,NA,NA,NA,NA,NA,NA,NA,NA,NA,NA,NA
13221005500,139.5373592,35.79709021,NA,NA,NA,NA,NA,NA,NA,NA,NA,NA,NA,NA,NA
13221005600,139.5368099,35.79831546,NA,NA,NA,NA,NA,NA,NA,NA,NA,NA,NA,NA,NA
13221005700,139.5391445,35.79929007,NA,NA,NA,NA,NA,NA,NA,NA,NA,NA,NA,NA,NA
13221005800,139.5397281,35.79912996,NA,NA,NA,NA,NA,NA,NA,NA,NA,NA,NA,NA,NA
13221005900,139.5400028,35.79842684,NA,NA,NA,NA,NA,NA,NA,NA,NA,NA,NA,NA,NA
13221006000,139.5423717,35.80154556,NA,NA,NA,NA,NA,NA,NA,NA,NA,NA,NA,NA,NA
13221006100,139.5444316,35.80321625,NA,NA,NA,NA,NA,NA,NA,NA,NA,NA,NA,NA,NA
13221006200,139.5468006,35.80226953,NA,NA,NA,NA,NA,NA,NA,NA,NA,NA,NA,NA,NA
13221006300,139.5061414,35.76214878,NA,NA,NA,NA,NA,NA,NA,NA,NA,NA,NA,NA,NA
13221006400,139.522844,35.78180779,NA,NA,NA,NA,NA,NA,NA,NA,NA,NA,NA,NA,NA
13221006500,139.5333497,35.77813123,NA,NA,NA,NA,NA,NA,NA,NA,NA,NA,NA,NA,NA
13221006600,139.533899,35.77723992,NA,NA,NA,NA,NA,NA,NA,NA,NA,NA,NA,NA,NA
13221006700,139.5316674,35.77838191,NA,NA,NA,NA,NA,NA,NA,NA,NA,NA,NA,NA,NA
13221006800,139.533281,35.77604221,NA,NA,NA,NA,NA,NA,NA,NA,NA,NA,NA,NA,NA
13221006900,139.5292298,35.77629289,NA,NA,NA,NA,NA,NA,NA,NA,NA,NA,NA,NA,NA
13221007000,139.5260369,35.77832621,NA,NA,NA,NA,NA,NA,NA,NA,NA,NA,NA,NA,NA
13221007100,139.5281312,35.77542942,NA,NA,NA,NA,NA,NA,NA,NA,NA,NA,NA,NA,NA
13221007200,139.5422417,35.78462079,NA,NA,NA,NA,NA,NA,NA,NA,NA,NA,NA,NA,NA
13221007300,139.5403878,35.78439798,NA,NA,NA,NA,NA,NA,NA,NA,NA,NA,NA,NA,NA
13221007400,139.5392548,35.78322823,NA,NA,NA,NA,NA,NA,NA,NA,NA,NA,NA,NA,NA
13221007500,139.5386025,35.78211416,NA,NA,NA,NA,NA,NA,NA,NA,NA,NA,NA,NA,NA
13221007600,139.5381832,35.80020898,NA,NA,NA,NA,NA,NA,NA,NA,NA,NA,NA,NA,NA
13221007700,139.5415821,35.80458062,NA,NA,NA,NA,NA,NA,NA,NA,NA,NA,NA,NA,NA
13222000100,139.5095564,35.7533453,NA,NA,NA,NA,NA,NA,NA,NA,NA,NA,NA,NA,NA
13222000200,139.5024206,35.75430546,NA,NA,NA,NA,NA,NA,NA,NA,NA,NA,NA,NA,NA
13222000300,139.4993307,35.75227153,NA,NA,NA,NA,NA,NA,NA,NA,NA,NA,NA,NA,NA
13222000400,139.4959318,35.75645078,NA,NA,NA,NA,NA,NA,NA,NA,NA,NA,NA,NA,NA
13222000500,139.5022833,35.75628362,NA,NA,NA,NA,NA,NA,NA,NA,NA,NA,NA,NA,NA
13222000600,139.5034796,35.76008762,NA,NA,NA,NA,NA,NA,NA,NA,NA,NA,NA,NA,NA
13222000700,139.5090758,35.76109056,NA,NA,NA,NA,NA,NA,NA,NA,NA,NA,NA,NA,NA
13222000800,139.521661,35.75451382,NA,NA,NA,NA,NA,NA,NA,NA,NA,NA,NA,NA,NA
13222000900,139.5184121,35.75197301,NA,NA,NA,NA,NA,NA,NA,NA,NA,NA,NA,NA,NA
13222001000,139.5169575,35.75376155,NA,NA,NA,NA,NA,NA,NA,NA,NA,NA,NA,NA,NA
13222001100,139.5272526,35.76481261,NA,NA,NA,NA,NA,NA,NA,NA,NA,NA,NA,NA,NA
13222001200,139.5345311,35.76651193,NA,NA,NA,NA,NA,NA,NA,NA,NA,NA,NA,NA,NA
13222001300,139.535355,35.76704122,NA,NA,NA,NA,NA,NA,NA,NA,NA,NA,NA,NA,NA
13222001400,139.5383028,35.75328621,NA,NA,NA,NA,NA,NA,NA,NA,NA,NA,NA,NA,NA
13222001500,139.5378431,35.75457837,NA,NA,NA,NA,NA,NA,NA,NA,NA,NA,NA,NA,NA
13222001600,139.5298211,35.75698457,NA,NA,NA,NA,NA,NA,NA,NA,NA,NA,NA,NA,NA
13222001700,139.5384954,35.75733662,NA,NA,NA,NA,NA,NA,NA,NA,NA,NA,NA,NA,NA
13222001800,139.5435883,35.76018849,NA,NA,NA,NA,NA,NA,NA,NA,NA,NA,NA,NA,NA
13222001900,139.5445497,35.76088498,NA,NA,NA,NA,NA,NA,NA,NA,NA,NA,NA,NA,NA
13222002000,139.5454766,35.7583776,NA,NA,NA,NA,NA,NA,NA,NA,NA,NA,NA,NA,NA
13222002100,139.4967558,35.75009824,NA,NA,NA,NA,NA,NA,NA,NA,NA,NA,NA,NA,NA
13222002200,139.4961378,35.74527777,NA,NA,NA,NA,NA,NA,NA,NA,NA,NA,NA,NA,NA
13222002300,139.4942495,35.7508784,NA,NA,NA,NA,NA,NA,NA,NA,NA,NA,NA,NA,NA
13222002400,139.5318103,35.751165,NA,NA,NA,NA,NA,NA,NA,NA,NA,NA,NA,NA,NA
13222002500,139.5313983,35.74979971,NA,NA,NA,NA,NA,NA,NA,NA,NA,NA,NA,NA,NA
13222002600,139.5281625,35.75325468,NA,NA,NA,NA,NA,NA,NA,NA,NA,NA,NA,NA,NA
13222002700,139.5260339,35.75328254,NA,NA,NA,NA,NA,NA,NA,NA,NA,NA,NA,NA,NA
13222002800,139.5259309,35.75158294,NA,NA,NA,NA,NA,NA,NA,NA,NA,NA,NA,NA,NA
13222002900,139.5288492,35.75233523,NA,NA,NA,NA,NA,NA,NA,NA,NA,NA,NA,NA,NA
13222003000,139.5306001,35.75021766,NA,NA,NA,NA,NA,NA,NA,NA,NA,NA,NA,NA,NA
13222003100,139.5367445,35.75661224,NA,NA,NA,NA,NA,NA,NA,NA,NA,NA,NA,NA,NA
13222003200,139.5042059,35.75514131,NA,NA,NA,NA,NA,NA,NA,NA,NA,NA,NA,NA,NA
13222003300,139.5251519,35.75511788,NA,NA,NA,NA,NA,NA,NA,NA,NA,NA,NA,NA,NA
13222003400,139.5182621,35.75841435,NA,NA,NA,NA,NA,NA,NA,NA,NA,NA,NA,NA,NA
13222003500,139.52067,35.75983897,NA,NA,NA,NA,NA,NA,NA,NA,NA,NA,NA,NA,NA
13222003600,139.5230343,35.75897155,NA,NA,NA,NA,NA,NA,NA,NA,NA,NA,NA,NA,NA
13222003700,139.5182232,35.76400472,NA,NA,NA,NA,NA,NA,NA,NA,NA,NA,NA,NA,NA
13222003800,139.5330204,35.76665122,NA,NA,NA,NA,NA,NA,NA,NA,NA,NA,NA,NA,NA
13222003900,139.5421185,35.76823907,NA,NA,NA,NA,NA,NA,NA,NA,NA,NA,NA,NA,NA
13222004000,139.5342136,35.75356116,NA,NA,NA,NA,NA,NA,NA,NA,NA,NA,NA,NA,NA
13222004100,139.5299821,35.74929817,NA,NA,NA,NA,NA,NA,NA,NA,NA,NA,NA,NA,NA
13222004200,139.5335956,35.75186156,NA,NA,NA,NA,NA,NA,NA,NA,NA,NA,NA,NA,NA
13222004300,139.5406701,35.75450493,NA,NA,NA,NA,NA,NA,NA,NA,NA,NA,NA,NA,NA
13222004400,139.5381295,35.75885122,NA,NA,NA,NA,NA,NA,NA,NA,NA,NA,NA,NA,NA
13222004500,139.4961035,35.75458408,NA,NA,NA,NA,NA,NA,NA,NA,NA,NA,NA,NA,NA
13222004600,139.4878637,35.74878866,NA,NA,NA,NA,NA,NA,NA,NA,NA,NA,NA,NA,NA
13222004700,139.4921209,35.75151924,NA,NA,NA,NA,NA,NA,NA,NA,NA,NA,NA,NA,NA
13222004800,139.5030729,35.7476741,NA,NA,NA,NA,NA,NA,NA,NA,NA,NA,NA,NA,NA
13222004900,139.5119729,35.74660447,NA,NA,NA,NA,NA,NA,NA,NA,NA,NA,NA,NA,NA
13222005000,139.4895117,35.74530563,NA,NA,NA,NA,NA,NA,NA,NA,NA,NA,NA,NA,NA
13222005100,139.4919836,35.74692177,NA,NA,NA,NA,NA,NA,NA,NA,NA,NA,NA,NA,NA
13222005200,139.4934942,35.74630876,NA,NA,NA,NA,NA,NA,NA,NA,NA,NA,NA,NA,NA
13222005300,139.4958288,35.74694964,NA,NA,NA,NA,NA,NA,NA,NA,NA,NA,NA,NA,NA
13222005400,139.4877264,35.7477577,NA,NA,NA,NA,NA,NA,NA,NA,NA,NA,NA,NA,NA
13222005500,139.48934,35.74814779,NA,NA,NA,NA,NA,NA,NA,NA,NA,NA,NA,NA,NA
13222005600,139.4892027,35.74951311,NA,NA,NA,NA,NA,NA,NA,NA,NA,NA,NA,NA,NA
13222005700,139.4899237,35.75082267,NA,NA,NA,NA,NA,NA,NA,NA,NA,NA,NA,NA,NA
13222005800,139.500498,35.75653436,NA,NA,NA,NA,NA,NA,NA,NA,NA,NA,NA,NA,NA
13222005900,139.5060202,35.75847175,NA,NA,NA,NA,NA,NA,NA,NA,NA,NA,NA,NA,NA
13222006000,139.5047209,35.74903943,NA,NA,NA,NA,NA,NA,NA,NA,NA,NA,NA,NA,NA
13222006100,139.5217424,35.74598235,NA,NA,NA,NA,NA,NA,NA,NA,NA,NA,NA,NA,NA
13222006200,139.5191845,35.76573192,NA,NA,NA,NA,NA,NA,NA,NA,NA,NA,NA,NA,NA
13222006300,139.5198025,35.76497976,NA,NA,NA,NA,NA,NA,NA,NA,NA,NA,NA,NA,NA
13222006400,139.5206265,35.76589906,NA,NA,NA,NA,NA,NA,NA,NA,NA,NA,NA,NA,NA
13222006500,139.5211071,35.7651469,NA,NA,NA,NA,NA,NA,NA,NA,NA,NA,NA,NA,NA
13222006600,139.5227551,35.76478475,NA,NA,NA,NA,NA,NA,NA,NA,NA,NA,NA,NA,NA
13222006700,139.5221714,35.7634197,NA,NA,NA,NA,NA,NA,NA,NA,NA,NA,NA,NA,NA
13222006800,139.5237164,35.76754265,NA,NA,NA,NA,NA,NA,NA,NA,NA,NA,NA,NA,NA
13222006900,139.5241284,35.76656764,NA,NA,NA,NA,NA,NA,NA,NA,NA,NA,NA,NA,NA
13222007000,139.5266346,35.76701336,NA,NA,NA,NA,NA,NA,NA,NA,NA,NA,NA,NA,NA
13222007100,139.5460667,35.76829478,NA,NA,NA,NA,NA,NA,NA,NA,NA,NA,NA,NA,NA
13222007200,139.546265,35.767365,NA,NA,NA,NA,NA,NA,NA,NA,NA,NA,NA,NA,NA
13222007300,139.51153299999999,35.75339935,NA,NA,NA,NA,NA,NA,NA,NA,NA,NA,NA,NA,NA
13222007400,139.5131809,35.75590689,NA,NA,NA,NA,NA,NA,NA,NA,NA,NA,NA,NA,NA
13222007500,139.5160992,35.75599047,NA,NA,NA,NA,NA,NA,NA,NA,NA,NA,NA,NA,NA
13222007600,139.5161225,35.75690099,NA,NA,NA,NA,NA,NA,NA,NA,NA,NA,NA,NA,NA
13222007700,139.520631,35.75835863,NA,NA,NA,NA,NA,NA,NA,NA,NA,NA,NA,NA,NA
13222007800,139.5230343,35.75849793,NA,NA,NA,NA,NA,NA,NA,NA,NA,NA,NA,NA,NA
13222007900,139.521856,35.7609407,NA,NA,NA,NA,NA,NA,NA,NA,NA,NA,NA,NA,NA
13222008000,139.5261883,35.76180389,NA,NA,NA,NA,NA,NA,NA,NA,NA,NA,NA,NA,NA
13222008100,139.5133869,35.753065,NA,NA,NA,NA,NA,NA,NA,NA,NA,NA,NA,NA,NA
13222008200,139.521558,35.75585116,NA,NA,NA,NA,NA,NA,NA,NA,NA,NA,NA,NA,NA
13222008300,139.5230343,35.75665913,NA,NA,NA,NA,NA,NA,NA,NA,NA,NA,NA,NA,NA
13222008400,139.5272805,35.75673382,NA,NA,NA,NA,NA,NA,NA,NA,NA,NA,NA,NA,NA
13222008500,139.5315034,35.75968702,NA,NA,NA,NA,NA,NA,NA,NA,NA,NA,NA,NA,NA
13222008600,139.5338037,35.75818257,NA,NA,NA,NA,NA,NA,NA,NA,NA,NA,NA,NA,NA
13222008700,139.5370996,35.76180433,NA,NA,NA,NA,NA,NA,NA,NA,NA,NA,NA,NA,NA
13222008800,139.5360353,35.76135858,NA,NA,NA,NA,NA,NA,NA,NA,NA,NA,NA,NA,NA
13222008900,139.5365846,35.76063424,NA,NA,NA,NA,NA,NA,NA,NA,NA,NA,NA,NA,NA
13222009000,139.5378549,35.76068996,NA,NA,NA,NA,NA,NA,NA,NA,NA,NA,NA,NA,NA
13222009100,139.5387818,35.76258438,NA,NA,NA,NA,NA,NA,NA,NA,NA,NA,NA,NA,NA
13222009200,139.5396058,35.76085712,NA,NA,NA,NA,NA,NA,NA,NA,NA,NA,NA,NA,NA
13222009300,139.5406014,35.76127501,NA,NA,NA,NA,NA,NA,NA,NA,NA,NA,NA,NA,NA
13222009400,139.5422151,35.76144216,NA,NA,NA,NA,NA,NA,NA,NA,NA,NA,NA,NA,NA
13222009500,139.5125413,35.75133217,NA,NA,NA,NA,NA,NA,NA,NA,NA,NA,NA,NA,NA
13222009600,139.5170045,35.75188943,NA,NA,NA,NA,NA,NA,NA,NA,NA,NA,NA,NA,NA
13222009700,139.5161119,35.75088637,NA,NA,NA,NA,NA,NA,NA,NA,NA,NA,NA,NA,NA
13222009800,139.5162149,35.74938176,NA,NA,NA,NA,NA,NA,NA,NA,NA,NA,NA,NA,NA
13222009900,139.5198884,35.74940962,NA,NA,NA,NA,NA,NA,NA,NA,NA,NA,NA,NA,NA
13222010000,139.5214846,35.7504103,NA,NA,NA,NA,NA,NA,NA,NA,NA,NA,NA,NA,NA
13222010100,139.5219567,35.75159447,NA,NA,NA,NA,NA,NA,NA,NA,NA,NA,NA,NA,NA
13222010200,139.522629,35.753078,NA,NA,NA,NA,NA,NA,NA,NA,NA,NA,NA,NA,NA
13222010300,139.5296817,35.75383978,NA,NA,NA,NA,NA,NA,NA,NA,NA,NA,NA,NA,NA
13222010400,139.5321193,35.7553443,NA,NA,NA,NA,NA,NA,NA,NA,NA,NA,NA,NA,NA
13222010500,139.5341486,35.75573803,NA,NA,NA,NA,NA,NA,NA,NA,NA,NA,NA,NA,NA
13222010600,139.5360235,35.75524705,NA,NA,NA,NA,NA,NA,NA,NA,NA,NA,NA,NA,NA
13222010700,139.5392164,35.75613861,NA,NA,NA,NA,NA,NA,NA,NA,NA,NA,NA,NA,NA
13222010800,139.5422494,35.75729104,NA,NA,NA,NA,NA,NA,NA,NA,NA,NA,NA,NA,NA
13222010900,139.5438287,35.75871192,NA,NA,NA,NA,NA,NA,NA,NA,NA,NA,NA,NA,NA
13222011000,139.5238023,35.74754276,NA,NA,NA,NA,NA,NA,NA,NA,NA,NA,NA,NA,NA
13222011100,139.5248323,35.74695761,NA,NA,NA,NA,NA,NA,NA,NA,NA,NA,NA,NA,NA
13222011200,139.5264459,35.74684615,NA,NA,NA,NA,NA,NA,NA,NA,NA,NA,NA,NA,NA
13222011300,139.5267549,35.74804431,NA,NA,NA,NA,NA,NA,NA,NA,NA,NA,NA,NA,NA
13222011400,139.5278192,35.75049629,NA,NA,NA,NA,NA,NA,NA,NA,NA,NA,NA,NA,NA
13222011500,139.5291238,35.74807217,NA,NA,NA,NA,NA,NA,NA,NA,NA,NA,NA,NA,NA
13222011600,139.5310464,35.7474313,NA,NA,NA,NA,NA,NA,NA,NA,NA,NA,NA,NA,NA
13222011700,139.531982,35.74899167,NA,NA,NA,NA,NA,NA,NA,NA,NA,NA,NA,NA,NA
13222011800,139.5337329,35.74993903,NA,NA,NA,NA,NA,NA,NA,NA,NA,NA,NA,NA,NA
13222011900,139.5359549,35.75237728,NA,NA,NA,NA,NA,NA,NA,NA,NA,NA,NA,NA,NA
13222012000,139.5460603,35.76199934,NA,NA,NA,NA,NA,NA,NA,NA,NA,NA,NA,NA,NA
13222012100,139.5147643,35.74677149,NA,NA,NA,NA,NA,NA,NA,NA,NA,NA,NA,NA,NA
13222012200,139.5157942,35.74643712,NA,NA,NA,NA,NA,NA,NA,NA,NA,NA,NA,NA,NA
13222012300,139.5160584,35.74490473,NA,NA,NA,NA,NA,NA,NA,NA,NA,NA,NA,NA,NA
13222012400,139.5231157,35.74478417,NA,NA,NA,NA,NA,NA,NA,NA,NA,NA,NA,NA,NA
13222012500,139.5222039,35.74214605,NA,NA,NA,NA,NA,NA,NA,NA,NA,NA,NA,NA,NA
13222012600,139.5243325,35.74041834,NA,NA,NA,NA,NA,NA,NA,NA,NA,NA,NA,NA,NA
13222012700,139.5251908,35.73880206,NA,NA,NA,NA,NA,NA,NA,NA,NA,NA,NA,NA,NA
13222012800,139.5156286,35.7402619,NA,NA,NA,NA,NA,NA,NA,NA,NA,NA,NA,NA,NA
13222012900,139.5050543,35.7391751,NA,NA,NA,NA,NA,NA,NA,NA,NA,NA,NA,NA,NA
13222013000,139.5047796,35.73778174,NA,NA,NA,NA,NA,NA,NA,NA,NA,NA,NA,NA,NA
13222013100,139.4982664,35.75865176,NA,NA,NA,NA,NA,NA,NA,NA,NA,NA,NA,NA,NA
13222013200,139.5241608,35.74214605,NA,NA,NA,NA,NA,NA,NA,NA,NA,NA,NA,NA,NA
13222013300,139.5213057,35.73456166,NA,NA,NA,NA,NA,NA,NA,NA,NA,NA,NA,NA,NA
13222013400,139.5203862,35.76347541,NA,NA,NA,NA,NA,NA,NA,NA,NA,NA,NA,NA,NA
13222013500,139.5308167,35.76247295,NA,NA,NA,NA,NA,NA,NA,NA,NA,NA,NA,NA,NA
13222013600,139.5205405,35.75236068,NA,NA,NA,NA,NA,NA,NA,NA,NA,NA,NA,NA,NA
13222013700,139.5012877,35.7492902,NA,NA,NA,NA,NA,NA,NA,NA,NA,NA,NA,NA,NA
13222013800,139.4937689,35.75277305,NA,NA,NA,NA,NA,NA,NA,NA,NA,NA,NA,NA,NA
13223000100,139.3701925,35.76669671,NA,NA,NA,NA,NA,NA,NA,NA,NA,NA,NA,NA,NA
13223000200,139.3767285,35.76543267,NA,NA,NA,NA,NA,NA,NA,NA,NA,NA,NA,NA,NA
13223000300,139.3792691,35.76504266,NA,NA,NA,NA,NA,NA,NA,NA,NA,NA,NA,NA,NA
13223000400,139.3816068,35.76470685,NA,NA,NA,NA,NA,NA,NA,NA,NA,NA,NA,NA,NA
13223000500,139.386894,35.76348108,NA,NA,NA,NA,NA,NA,NA,NA,NA,NA,NA,NA,NA
13223000600,139.3810201,35.76264685,NA,NA,NA,NA,NA,NA,NA,NA,NA,NA,NA,NA,NA
13223000700,139.3829801,35.76041659,NA,NA,NA,NA,NA,NA,NA,NA,NA,NA,NA,NA,NA
13223000800,139.3851431,35.76217173,NA,NA,NA,NA,NA,NA,NA,NA,NA,NA,NA,NA,NA
13223000900,139.3851431,35.76428897,NA,NA,NA,NA,NA,NA,NA,NA,NA,NA,NA,NA,NA
13223001000,139.3805051,35.76086387,NA,NA,NA,NA,NA,NA,NA,NA,NA,NA,NA,NA,NA
13223001100,139.3829115,35.75857784,NA,NA,NA,NA,NA,NA,NA,NA,NA,NA,NA,NA,NA
13223001200,139.386173,35.76105736,NA,NA,NA,NA,NA,NA,NA,NA,NA,NA,NA,NA,NA
13223001300,139.387821,35.75868928,NA,NA,NA,NA,NA,NA,NA,NA,NA,NA,NA,NA,NA
13223001400,139.3912895,35.75877286,NA,NA,NA,NA,NA,NA,NA,NA,NA,NA,NA,NA,NA
13223001500,139.3916328,35.75737985,NA,NA,NA,NA,NA,NA,NA,NA,NA,NA,NA,NA,NA
13223001600,139.3910149,35.75935793,NA,NA,NA,NA,NA,NA,NA,NA,NA,NA,NA,NA,NA
13223001700,139.3896416,35.75946936,NA,NA,NA,NA,NA,NA,NA,NA,NA,NA,NA,NA,NA
13223001800,139.3980655,35.75746344,NA,NA,NA,NA,NA,NA,NA,NA,NA,NA,NA,NA,NA
13223001900,139.3976536,35.75679478,NA,NA,NA,NA,NA,NA,NA,NA,NA,NA,NA,NA,NA
13223002000,139.39981649999999,35.75891217,NA,NA,NA,NA,NA,NA,NA,NA,NA,NA,NA,NA,NA
13223002100,139.4029751,35.75969225,NA,NA,NA,NA,NA,NA,NA,NA,NA,NA,NA,NA,NA
13223002200,139.4062023,35.75899575,NA,NA,NA,NA,NA,NA,NA,NA,NA,NA,NA,NA,NA
13223002300,139.4020481,35.75476091,NA,NA,NA,NA,NA,NA,NA,NA,NA,NA,NA,NA,NA
13223002400,139.4041767,35.75565248,NA,NA,NA,NA,NA,NA,NA,NA,NA,NA,NA,NA,NA
13223002500,139.3703084,35.7599445,NA,NA,NA,NA,NA,NA,NA,NA,NA,NA,NA,NA,NA
13223002600,139.3671539,35.75503952,NA,NA,NA,NA,NA,NA,NA,NA,NA,NA,NA,NA,NA
13223002700,139.3747757,35.7530892,NA,NA,NA,NA,NA,NA,NA,NA,NA,NA,NA,NA,NA
13223002800,139.3764236,35.74996859,NA,NA,NA,NA,NA,NA,NA,NA,NA,NA,NA,NA,NA
13223002900,139.3837364,35.75373003,NA,NA,NA,NA,NA,NA,NA,NA,NA,NA,NA,NA,NA
13223003000,139.3823414,35.74670853,NA,NA,NA,NA,NA,NA,NA,NA,NA,NA,NA,NA,NA
13223003100,139.3929157,35.75102738,NA,NA,NA,NA,NA,NA,NA,NA,NA,NA,NA,NA,NA
13223003200,139.394083,35.74757232,NA,NA,NA,NA,NA,NA,NA,NA,NA,NA,NA,NA,NA
13223003300,139.3993015,35.75286631,NA,NA,NA,NA,NA,NA,NA,NA,NA,NA,NA,NA,NA
13223003400,139.4019451,35.7513896,NA,NA,NA,NA,NA,NA,NA,NA,NA,NA,NA,NA,NA
13223003500,139.4034557,35.74952278,NA,NA,NA,NA,NA,NA,NA,NA,NA,NA,NA,NA,NA
13223003600,139.4080562,35.74676426,NA,NA,NA,NA,NA,NA,NA,NA,NA,NA,NA,NA,NA
13223003800,139.3727331,35.76496954,NA,NA,NA,NA,NA,NA,NA,NA,NA,NA,NA,NA,NA
13223003900,139.3786512,35.76796769,NA,NA,NA,NA,NA,NA,NA,NA,NA,NA,NA,NA,NA
13223004000,139.3756642,35.76412335,NA,NA,NA,NA,NA,NA,NA,NA,NA,NA,NA,NA,NA
13224000100,139.4243852,35.64166408,NA,NA,NA,NA,NA,NA,NA,NA,NA,NA,NA,NA,NA
13224000201,139.428739,35.64541337,NA,NA,NA,NA,NA,NA,NA,NA,NA,NA,NA,NA,NA
13224000202,139.4315499,35.64706494,NA,NA,NA,NA,NA,NA,NA,NA,NA,NA,NA,NA,NA
13224000400,139.4340158,35.6384356,NA,NA,NA,NA,NA,NA,NA,NA,NA,NA,NA,NA,NA
13224000500,139.4345651,35.63854721,NA,NA,NA,NA,NA,NA,NA,NA,NA,NA,NA,NA,NA
13224000600,139.4342278,35.64156861,NA,NA,NA,NA,NA,NA,NA,NA,NA,NA,NA,NA,NA
13224000700,139.4361202,35.63531813,NA,NA,NA,NA,NA,NA,NA,NA,NA,NA,NA,NA,NA
13224000800,139.4349529,35.63529023,NA,NA,NA,NA,NA,NA,NA,NA,NA,NA,NA,NA,NA
13224000900,139.4333591,35.63535242,NA,NA,NA,NA,NA,NA,NA,NA,NA,NA,NA,NA,NA
13224001000,139.4334725,35.64036886,NA,NA,NA,NA,NA,NA,NA,NA,NA,NA,NA,NA,NA
13224001200,139.4358697,35.63772409,NA,NA,NA,NA,NA,NA,NA,NA,NA,NA,NA,NA,NA
13224001300,139.4377409,35.63811473,NA,NA,NA,NA,NA,NA,NA,NA,NA,NA,NA,NA,NA
13224001600,139.4397251,35.63632264,NA,NA,NA,NA,NA,NA,NA,NA,NA,NA,NA,NA,NA
13224001700,139.4512538,35.64705639,NA,NA,NA,NA,NA,NA,NA,NA,NA,NA,NA,NA,NA
13224001800,139.4504298,35.64613571,NA,NA,NA,NA,NA,NA,NA,NA,NA,NA,NA,NA,NA
13224001900,139.4501208,35.63846298,NA,NA,NA,NA,NA,NA,NA,NA,NA,NA,NA,NA,NA
13224002000,139.4651332,35.62869501,NA,NA,NA,NA,NA,NA,NA,NA,NA,NA,NA,NA,NA
13224002100,139.463262,35.62500931,NA,NA,NA,NA,NA,NA,NA,NA,NA,NA,NA,NA,NA
13224002200,139.4597773,35.62640672,NA,NA,NA,NA,NA,NA,NA,NA,NA,NA,NA,NA,NA
13224002300,139.4587644,35.62115808,NA,NA,NA,NA,NA,NA,NA,NA,NA,NA,NA,NA,NA
13224002400,139.4567045,35.62428374,NA,NA,NA,NA,NA,NA,NA,NA,NA,NA,NA,NA,NA
13224002500,139.4528502,35.62393682,NA,NA,NA,NA,NA,NA,NA,NA,NA,NA,NA,NA,NA
13224002600,139.4527815,35.62301587,NA,NA,NA,NA,NA,NA,NA,NA,NA,NA,NA,NA,NA
13224002700,139.4595044,35.64554104,NA,NA,NA,NA,NA,NA,NA,NA,NA,NA,NA,NA,NA
13224002900,139.4617703,35.64827516,NA,NA,NA,NA,NA,NA,NA,NA,NA,NA,NA,NA,NA
13224003000,139.460603,35.6384263,NA,NA,NA,NA,NA,NA,NA,NA,NA,NA,NA,NA,NA
13224003100,139.455202,35.63916053,NA,NA,NA,NA,NA,NA,NA,NA,NA,NA,NA,NA,NA
13224003200,139.454584,35.63977437,NA,NA,NA,NA,NA,NA,NA,NA,NA,NA,NA,NA,NA
13224003300,139.4534167,35.64055561,NA,NA,NA,NA,NA,NA,NA,NA,NA,NA,NA,NA,NA
13224003400,139.4506702,35.63667722,NA,NA,NA,NA,NA,NA,NA,NA,NA,NA,NA,NA,NA
13224003500,139.4505672,35.63547739,NA,NA,NA,NA,NA,NA,NA,NA,NA,NA,NA,NA,NA
13224003600,139.4634182,35.63404554,NA,NA,NA,NA,NA,NA,NA,NA,NA,NA,NA,NA,NA
13224003700,139.4645512,35.63401763,NA,NA,NA,NA,NA,NA,NA,NA,NA,NA,NA,NA,NA
13224003800,139.4655468,35.63410134,NA,NA,NA,NA,NA,NA,NA,NA,NA,NA,NA,NA,NA
13224003900,139.4672978,35.63337584,NA,NA,NA,NA,NA,NA,NA,NA,NA,NA,NA,NA,NA
13224004000,139.4666111,35.63365488,NA,NA,NA,NA,NA,NA,NA,NA,NA,NA,NA,NA,NA
13224004100,139.4661648,35.63276195,NA,NA,NA,NA,NA,NA,NA,NA,NA,NA,NA,NA,NA
13224004200,139.4666111,35.63223177,NA,NA,NA,NA,NA,NA,NA,NA,NA,NA,NA,NA,NA
13224004300,139.4663708,35.63192482,NA,NA,NA,NA,NA,NA,NA,NA,NA,NA,NA,NA,NA
13224004400,139.4675038,35.63164578,NA,NA,NA,NA,NA,NA,NA,NA,NA,NA,NA,NA,NA
13224004500,139.4665081,35.63103188,NA,NA,NA,NA,NA,NA,NA,NA,NA,NA,NA,NA,NA
13224004600,139.4655125,35.63167368,NA,NA,NA,NA,NA,NA,NA,NA,NA,NA,NA,NA,NA
13224004700,139.4645495,35.63151342,NA,NA,NA,NA,NA,NA,NA,NA,NA,NA,NA,NA,NA
13224004800,139.4540861,35.63278293,NA,NA,NA,NA,NA,NA,NA,NA,NA,NA,NA,NA,NA
13224004900,139.4564551,35.62714609,NA,NA,NA,NA,NA,NA,NA,NA,NA,NA,NA,NA,NA
13224005000,139.4571417,35.62692284,NA,NA,NA,NA,NA,NA,NA,NA,NA,NA,NA,NA,NA
13224005100,139.4582404,35.62642053,NA,NA,NA,NA,NA,NA,NA,NA,NA,NA,NA,NA,NA
13224005200,139.4575971,35.62509304,NA,NA,NA,NA,NA,NA,NA,NA,NA,NA,NA,NA,NA
13224005300,139.4606527,35.62442327,NA,NA,NA,NA,NA,NA,NA,NA,NA,NA,NA,NA,NA
13224005400,139.4589704,35.62445118,NA,NA,NA,NA,NA,NA,NA,NA,NA,NA,NA,NA,NA
13224005500,139.4607214,35.62369768,NA,NA,NA,NA,NA,NA,NA,NA,NA,NA,NA,NA,NA
13224005600,139.4573568,35.62344652,NA,NA,NA,NA,NA,NA,NA,NA,NA,NA,NA,NA,NA
13224005700,139.4599661,35.62199532,NA,NA,NA,NA,NA,NA,NA,NA,NA,NA,NA,NA,NA
13224005800,139.4542235,35.62410426,NA,NA,NA,NA,NA,NA,NA,NA,NA,NA,NA,NA,NA
13224005900,139.4018206,35.61450004,NA,NA,NA,NA,NA,NA,NA,NA,NA,NA,NA,NA,NA
13224006000,139.4031938,35.6151978,NA,NA,NA,NA,NA,NA,NA,NA,NA,NA,NA,NA,NA
13224006100,139.4018549,35.6154769,NA,NA,NA,NA,NA,NA,NA,NA,NA,NA,NA,NA,NA
13224006200,139.4038805,35.61597929,NA,NA,NA,NA,NA,NA,NA,NA,NA,NA,NA,NA,NA
13224006300,139.4060778,35.61564437,NA,NA,NA,NA,NA,NA,NA,NA,NA,NA,NA,NA,NA
13224006400,139.4079317,35.61609093,NA,NA,NA,NA,NA,NA,NA,NA,NA,NA,NA,NA,NA
13224006500,139.4091284,35.61639563,NA,NA,NA,NA,NA,NA,NA,NA,NA,NA,NA,NA,NA
13224006600,139.4127332,35.61798648,NA,NA,NA,NA,NA,NA,NA,NA,NA,NA,NA,NA,NA
13224006700,139.4048504,35.6132615,NA,NA,NA,NA,NA,NA,NA,NA,NA,NA,NA,NA,NA
13224006800,139.4053482,35.61306613,NA,NA,NA,NA,NA,NA,NA,NA,NA,NA,NA,NA,NA
13224006900,139.4111426,35.61459322,NA,NA,NA,NA,NA,NA,NA,NA,NA,NA,NA,NA,NA
13224007000,139.4114859,35.61376986,NA,NA,NA,NA,NA,NA,NA,NA,NA,NA,NA,NA,NA
13224007100,139.4187426,35.62607249,NA,NA,NA,NA,NA,NA,NA,NA,NA,NA,NA,NA,NA
13224007200,139.4198413,35.62780267,NA,NA,NA,NA,NA,NA,NA,NA,NA,NA,NA,NA,NA
13224007300,139.4225192,35.62769105,NA,NA,NA,NA,NA,NA,NA,NA,NA,NA,NA,NA,NA
13224007400,139.4221759,35.62568179,NA,NA,NA,NA,NA,NA,NA,NA,NA,NA,NA,NA,NA
13224007500,139.4250416,35.62771762,NA,NA,NA,NA,NA,NA,NA,NA,NA,NA,NA,NA,NA
13224007600,139.4264974,35.6286193,NA,NA,NA,NA,NA,NA,NA,NA,NA,NA,NA,NA,NA
13224007700,139.4267549,35.62864721,NA,NA,NA,NA,NA,NA,NA,NA,NA,NA,NA,NA,NA
13224007800,139.4273386,35.63079591,NA,NA,NA,NA,NA,NA,NA,NA,NA,NA,NA,NA,NA
13224007900,139.4280123,35.62840765,NA,NA,NA,NA,NA,NA,NA,NA,NA,NA,NA,NA,NA
13224008000,139.4289393,35.62914489,NA,NA,NA,NA,NA,NA,NA,NA,NA,NA,NA,NA,NA
13224008100,139.4301753,35.62992624,NA,NA,NA,NA,NA,NA,NA,NA,NA,NA,NA,NA,NA
13224008200,139.4163725,35.62007966,NA,NA,NA,NA,NA,NA,NA,NA,NA,NA,NA,NA,NA
13224008300,139.4183294,35.61890749,NA,NA,NA,NA,NA,NA,NA,NA,NA,NA,NA,NA,NA
13224008400,139.4201846,35.62467715,NA,NA,NA,NA,NA,NA,NA,NA,NA,NA,NA,NA,NA
13224008500,139.4204249,35.62325388,NA,NA,NA,NA,NA,NA,NA,NA,NA,NA,NA,NA,NA
13224008600,139.4190516,35.62389575,NA,NA,NA,NA,NA,NA,NA,NA,NA,NA,NA,NA,NA
13224008700,139.418777,35.62317016,NA,NA,NA,NA,NA,NA,NA,NA,NA,NA,NA,NA,NA
13224008800,139.4182963,35.62263991,NA,NA,NA,NA,NA,NA,NA,NA,NA,NA,NA,NA,NA
13224008900,139.4190859,35.62227711,NA,NA,NA,NA,NA,NA,NA,NA,NA,NA,NA,NA,NA
13224009000,139.4201846,35.62160732,NA,NA,NA,NA,NA,NA,NA,NA,NA,NA,NA,NA,NA
13224009100,139.4251628,35.6231729,NA,NA,NA,NA,NA,NA,NA,NA,NA,NA,NA,NA,NA
13224009200,139.4265361,35.6238589,NA,NA,NA,NA,NA,NA,NA,NA,NA,NA,NA,NA,NA
13224009300,139.4256434,35.62639842,NA,NA,NA,NA,NA,NA,NA,NA,NA,NA,NA,NA,NA
13224009400,139.4266734,35.62614726,NA,NA,NA,NA,NA,NA,NA,NA,NA,NA,NA,NA,NA
13224009500,139.4284243,35.62654964,NA,NA,NA,NA,NA,NA,NA,NA,NA,NA,NA,NA,NA
13224009600,139.429214,35.62610314,NA,NA,NA,NA,NA,NA,NA,NA,NA,NA,NA,NA,NA
13224009700,139.4290423,35.62297755,NA,NA,NA,NA,NA,NA,NA,NA,NA,NA,NA,NA,NA
13224009800,139.42588370000001,35.62020296,NA,NA,NA,NA,NA,NA,NA,NA,NA,NA,NA,NA,NA
13224010200,139.4277033,35.6152909,NA,NA,NA,NA,NA,NA,NA,NA,NA,NA,NA,NA,NA
13224010400,139.4250598,35.61495598,NA,NA,NA,NA,NA,NA,NA,NA,NA,NA,NA,NA,NA
13224010500,139.4256777,35.61456524,NA,NA,NA,NA,NA,NA,NA,NA,NA,NA,NA,NA,NA
13224010600,139.4255404,35.61353254,NA,NA,NA,NA,NA,NA,NA,NA,NA,NA,NA,NA,NA
13224010700,139.4338199,35.63222081,NA,NA,NA,NA,NA,NA,NA,NA,NA,NA,NA,NA,NA
13224010800,139.4340602,35.63322536,NA,NA,NA,NA,NA,NA,NA,NA,NA,NA,NA,NA,NA
13224010900,139.4376995,35.63330907,NA,NA,NA,NA,NA,NA,NA,NA,NA,NA,NA,NA,NA
13224011200,139.4382144,35.63333698,NA,NA,NA,NA,NA,NA,NA,NA,NA,NA,NA,NA,NA
13224011300,139.4383518,35.63286261,NA,NA,NA,NA,NA,NA,NA,NA,NA,NA,NA,NA,NA
13224011400,139.4410984,35.63205338,NA,NA,NA,NA,NA,NA,NA,NA,NA,NA,NA,NA,NA
13224011500,139.4419223,35.63515071,NA,NA,NA,NA,NA,NA,NA,NA,NA,NA,NA,NA,NA
13224011600,139.4409267,35.63573668,NA,NA,NA,NA,NA,NA,NA,NA,NA,NA,NA,NA,NA
13224011700,139.443124,35.63478797,NA,NA,NA,NA,NA,NA,NA,NA,NA,NA,NA,NA,NA
13224011800,139.4451254,35.63297826,NA,NA,NA,NA,NA,NA,NA,NA,NA,NA,NA,NA,NA
13224011900,139.4452628,35.63200161,NA,NA,NA,NA,NA,NA,NA,NA,NA,NA,NA,NA,NA
13224012000,139.4487646,35.63356424,NA,NA,NA,NA,NA,NA,NA,NA,NA,NA,NA,NA,NA
13224012100,139.4374999,35.62987332,NA,NA,NA,NA,NA,NA,NA,NA,NA,NA,NA,NA,NA
13224012200,139.4352039,35.62771761,NA,NA,NA,NA,NA,NA,NA,NA,NA,NA,NA,NA,NA
13224012300,139.4344272,35.62773854,NA,NA,NA,NA,NA,NA,NA,NA,NA,NA,NA,NA,NA
13224012400,139.4337748,35.62712461,NA,NA,NA,NA,NA,NA,NA,NA,NA,NA,NA,NA,NA
13224012500,139.4361996,35.62375487,NA,NA,NA,NA,NA,NA,NA,NA,NA,NA,NA,NA,NA
13224012600,139.4353069,35.62199669,NA,NA,NA,NA,NA,NA,NA,NA,NA,NA,NA,NA,NA
13224012700,139.4405598,35.61965239,NA,NA,NA,NA,NA,NA,NA,NA,NA,NA,NA,NA,NA
13224012800,139.4426192,35.61860635,NA,NA,NA,NA,NA,NA,NA,NA,NA,NA,NA,NA,NA
13224012900,139.4453314,35.63102494,NA,NA,NA,NA,NA,NA,NA,NA,NA,NA,NA,NA,NA
13224013000,139.4434775,35.63116447,NA,NA,NA,NA,NA,NA,NA,NA,NA,NA,NA,NA,NA
13224013100,139.4426535,35.62307169,NA,NA,NA,NA,NA,NA,NA,NA,NA,NA,NA,NA,NA
13224013200,139.4447821,35.62002971,NA,NA,NA,NA,NA,NA,NA,NA,NA,NA,NA,NA,NA
13224013300,139.4493483,35.62887625,NA,NA,NA,NA,NA,NA,NA,NA,NA,NA,NA,NA,NA
13224013400,139.4467734,35.62728562,NA,NA,NA,NA,NA,NA,NA,NA,NA,NA,NA,NA,NA
13224013500,139.4495886,35.62658796,NA,NA,NA,NA,NA,NA,NA,NA,NA,NA,NA,NA,NA
13224013600,139.4505499,35.6227368,NA,NA,NA,NA,NA,NA,NA,NA,NA,NA,NA,NA,NA
13224013700,139.4520605,35.6227368,NA,NA,NA,NA,NA,NA,NA,NA,NA,NA,NA,NA,NA
13224013800,139.4523352,35.62047624,NA,NA,NA,NA,NA,NA,NA,NA,NA,NA,NA,NA,NA
13224013900,139.4302601,35.616973110000004,NA,NA,NA,NA,NA,NA,NA,NA,NA,NA,NA,NA,NA
13224014000,139.4336933,35.6169452,NA,NA,NA,NA,NA,NA,NA,NA,NA,NA,NA,NA,NA
13224014100,139.4368519,35.61915003,NA,NA,NA,NA,NA,NA,NA,NA,NA,NA,NA,NA,NA
13224014200,139.4362339,35.6267409,NA,NA,NA,NA,NA,NA,NA,NA,NA,NA,NA,NA,NA
13224014300,139.4441539,35.63579249,NA,NA,NA,NA,NA,NA,NA,NA,NA,NA,NA,NA,NA
13224014400,139.4452113,35.63528207,NA,NA,NA,NA,NA,NA,NA,NA,NA,NA,NA,NA,NA
13224014500,139.4434088,35.63007618,NA,NA,NA,NA,NA,NA,NA,NA,NA,NA,NA,NA,NA
13224014600,139.4439581,35.62859719,NA,NA,NA,NA,NA,NA,NA,NA,NA,NA,NA,NA,NA
13224014700,139.4435461,35.62817861,NA,NA,NA,NA,NA,NA,NA,NA,NA,NA,NA,NA,NA
13224014800,139.4433401,35.62742515,NA,NA,NA,NA,NA,NA,NA,NA,NA,NA,NA,NA,NA
13224014900,139.4430998,35.62703446,NA,NA,NA,NA,NA,NA,NA,NA,NA,NA,NA,NA,NA
13224015000,139.4432715,35.62608565,NA,NA,NA,NA,NA,NA,NA,NA,NA,NA,NA,NA,NA
13224015100,139.3945507,35.60824086,NA,NA,NA,NA,NA,NA,NA,NA,NA,NA,NA,NA,NA
13224015300,139.396027,35.60895263,NA,NA,NA,NA,NA,NA,NA,NA,NA,NA,NA,NA,NA
13224015400,139.3953661,35.610425,NA,NA,NA,NA,NA,NA,NA,NA,NA,NA,NA,NA,NA
13224015500,139.3960527,35.61115071,NA,NA,NA,NA,NA,NA,NA,NA,NA,NA,NA,NA,NA
13224015600,139.396602,35.61156938,NA,NA,NA,NA,NA,NA,NA,NA,NA,NA,NA,NA,NA
13224015700,139.3981384,35.61219041,NA,NA,NA,NA,NA,NA,NA,NA,NA,NA,NA,NA,NA
13224015800,139.4002069,35.61218343,NA,NA,NA,NA,NA,NA,NA,NA,NA,NA,NA,NA,NA
13224015900,139.4018206,35.61274166,NA,NA,NA,NA,NA,NA,NA,NA,NA,NA,NA,NA,NA
13224016000,139.4015888,35.61057154,NA,NA,NA,NA,NA,NA,NA,NA,NA,NA,NA,NA,NA
13224016100,139.4028763,35.61057154,NA,NA,NA,NA,NA,NA,NA,NA,NA,NA,NA,NA,NA
13224016200,139.4024643,35.61004121,NA,NA,NA,NA,NA,NA,NA,NA,NA,NA,NA,NA,NA
13224016300,139.4028162,35.60969929,NA,NA,NA,NA,NA,NA,NA,NA,NA,NA,NA,NA,NA
13224016400,139.4042238,35.61048082,NA,NA,NA,NA,NA,NA,NA,NA,NA,NA,NA,NA,NA
13224016500,139.4053654,35.61197759,NA,NA,NA,NA,NA,NA,NA,NA,NA,NA,NA,NA,NA
13224016800,139.4303974,35.61058154,NA,NA,NA,NA,NA,NA,NA,NA,NA,NA,NA,NA,NA
13224016900,139.4320448,35.60685576,NA,NA,NA,NA,NA,NA,NA,NA,NA,NA,NA,NA,NA
13224017000,139.4332808,35.60836306,NA,NA,NA,NA,NA,NA,NA,NA,NA,NA,NA,NA,NA
13224017100,139.4331097,35.61594044,NA,NA,NA,NA,NA,NA,NA,NA,NA,NA,NA,NA,NA
13224017200,139.4343794,35.61042857,NA,NA,NA,NA,NA,NA,NA,NA,NA,NA,NA,NA,NA
13224017500,139.4288827,35.63754857,NA,NA,NA,NA,NA,NA,NA,NA,NA,NA,NA,NA,NA
13224017600,139.4412807,35.62568045,NA,NA,NA,NA,NA,NA,NA,NA,NA,NA,NA,NA,NA
13224017700,139.4440611,35.62930878,NA,NA,NA,NA,NA,NA,NA,NA,NA,NA,NA,NA,NA
13224017800,139.4511851,35.6365098,NA,NA,NA,NA,NA,NA,NA,NA,NA,NA,NA,NA,NA
13224017900,139.4261297,35.64369752,NA,NA,NA,NA,NA,NA,NA,NA,NA,NA,NA,NA,NA
13224018000,139.4222802,35.64360537,NA,NA,NA,NA,NA,NA,NA,NA,NA,NA,NA,NA,NA
13224018200,139.4466533,35.64493602,NA,NA,NA,NA,NA,NA,NA,NA,NA,NA,NA,NA,NA
13224018300,139.4444903,35.64814445,NA,NA,NA,NA,NA,NA,NA,NA,NA,NA,NA,NA,NA
13224018400,139.4410571,35.64203438,NA,NA,NA,NA,NA,NA,NA,NA,NA,NA,NA,NA,NA
13224018600,139.4092363,35.61402556,NA,NA,NA,NA,NA,NA,NA,NA,NA,NA,NA,NA,NA
13224018700,139.4003443,35.610425,NA,NA,NA,NA,NA,NA,NA,NA,NA,NA,NA,NA,NA
13224018800,139.4112913,35.61622818,NA,NA,NA,NA,NA,NA,NA,NA,NA,NA,NA,NA,NA
13224018900,139.4159948,35.61946566,NA,NA,NA,NA,NA,NA,NA,NA,NA,NA,NA,NA,NA
13224019100,139.4150335,35.62074946,NA,NA,NA,NA,NA,NA,NA,NA,NA,NA,NA,NA,NA
13224019200,139.41785,35.62484459,NA,NA,NA,NA,NA,NA,NA,NA,NA,NA,NA,NA,NA
13224019300,139.4436663,35.6294204,NA,NA,NA,NA,NA,NA,NA,NA,NA,NA,NA,NA,NA
13224019400,139.445633,35.631485,NA,NA,NA,NA,NA,NA,NA,NA,NA,NA,NA,NA,NA
13224019500,139.4480093,35.63311778,NA,NA,NA,NA,NA,NA,NA,NA,NA,NA,NA,NA,NA
13224019600,139.4502409,35.63487571,NA,NA,NA,NA,NA,NA,NA,NA,NA,NA,NA,NA,NA
13224019700,139.4507731,35.63517046,NA,NA,NA,NA,NA,NA,NA,NA,NA,NA,NA,NA,NA
13224019900,139.4656498,35.63362698,NA,NA,NA,NA,NA,NA,NA,NA,NA,NA,NA,NA,NA
13224020000,139.4644293,35.62729765,NA,NA,NA,NA,NA,NA,NA,NA,NA,NA,NA,NA,NA
13224020400,139.4222802,35.64564207,NA,NA,NA,NA,NA,NA,NA,NA,NA,NA,NA,NA,NA
13224020500,139.426576,35.63889006,NA,NA,NA,NA,NA,NA,NA,NA,NA,NA,NA,NA,NA
13224020600,139.4304041,35.63791349,NA,NA,NA,NA,NA,NA,NA,NA,NA,NA,NA,NA,NA
13224020700,139.4365049,35.63864487,NA,NA,NA,NA,NA,NA,NA,NA,NA,NA,NA,NA,NA
13224020800,139.4325155,35.64413547,NA,NA,NA,NA,NA,NA,NA,NA,NA,NA,NA,NA,NA
13224020801,139.4330133,35.64360537,NA,NA,NA,NA,NA,NA,NA,NA,NA,NA,NA,NA,NA
13224020802,139.4324812,35.64368907,NA,NA,NA,NA,NA,NA,NA,NA,NA,NA,NA,NA,NA
13224020803,139.4322194,35.64376928,NA,NA,NA,NA,NA,NA,NA,NA,NA,NA,NA,NA,NA
13224020804,139.4319319,35.64342401,NA,NA,NA,NA,NA,NA,NA,NA,NA,NA,NA,NA,NA
13224020805,139.4324646,35.64348409,NA,NA,NA,NA,NA,NA,NA,NA,NA,NA,NA,NA,NA
13224020806,139.4332027,35.64419555,NA,NA,NA,NA,NA,NA,NA,NA,NA,NA,NA,NA,NA
13224020807,139.4319152,35.64370729,NA,NA,NA,NA,NA,NA,NA,NA,NA,NA,NA,NA,NA
13224020808,139.4321212,35.64333064,NA,NA,NA,NA,NA,NA,NA,NA,NA,NA,NA,NA,NA
13224020809,139.4316744,35.6434409,NA,NA,NA,NA,NA,NA,NA,NA,NA,NA,NA,NA,NA
13224020900,139.4271253,35.64328451,NA,NA,NA,NA,NA,NA,NA,NA,NA,NA,NA,NA,NA
13224021000,139.4359073,35.64326201,NA,NA,NA,NA,NA,NA,NA,NA,NA,NA,NA,NA,NA
13224021100,139.4377065,35.64002601,NA,NA,NA,NA,NA,NA,NA,NA,NA,NA,NA,NA,NA
13224021200,139.4384479,35.6402487,NA,NA,NA,NA,NA,NA,NA,NA,NA,NA,NA,NA,NA
13224021300,139.4394092,35.64119735,NA,NA,NA,NA,NA,NA,NA,NA,NA,NA,NA,NA,NA
13224021400,139.4393748,35.64256449,NA,NA,NA,NA,NA,NA,NA,NA,NA,NA,NA,NA,NA
13224021500,139.4387569,35.64317831,NA,NA,NA,NA,NA,NA,NA,NA,NA,NA,NA,NA,NA
13224021600,139.4400271,35.64351311,NA,NA,NA,NA,NA,NA,NA,NA,NA,NA,NA,NA,NA
13224021800,139.4369716,35.64582881,NA,NA,NA,NA,NA,NA,NA,NA,NA,NA,NA,NA,NA
13224021900,139.4360008,35.6465564,NA,NA,NA,NA,NA,NA,NA,NA,NA,NA,NA,NA,NA
13224022000,139.4371509,35.64805963,NA,NA,NA,NA,NA,NA,NA,NA,NA,NA,NA,NA,NA
13224022100,139.4412288,35.65205018,NA,NA,NA,NA,NA,NA,NA,NA,NA,NA,NA,NA,NA
13224022200,139.4514598,35.64524292,NA,NA,NA,NA,NA,NA,NA,NA,NA,NA,NA,NA,NA
13224022300,139.4508075,35.64474072,NA,NA,NA,NA,NA,NA,NA,NA,NA,NA,NA,NA,NA
13224022400,139.4499148,35.64225759,NA,NA,NA,NA,NA,NA,NA,NA,NA,NA,NA,NA,NA
13224022500,139.4487132,35.64089043,NA,NA,NA,NA,NA,NA,NA,NA,NA,NA,NA,NA,NA
13224022600,139.4493655,35.63988598,NA,NA,NA,NA,NA,NA,NA,NA,NA,NA,NA,NA,NA
13224022800,139.4480266,35.63784913,NA,NA,NA,NA,NA,NA,NA,NA,NA,NA,NA,NA,NA
13224022900,139.4475802,35.63684464,NA,NA,NA,NA,NA,NA,NA,NA,NA,NA,NA,NA,NA
13224023000,139.4532902,35.64467614,NA,NA,NA,NA,NA,NA,NA,NA,NA,NA,NA,NA,NA
13224023100,139.4543094,35.64317831,NA,NA,NA,NA,NA,NA,NA,NA,NA,NA,NA,NA,NA
13224023200,139.4583714,35.64361593,NA,NA,NA,NA,NA,NA,NA,NA,NA,NA,NA,NA,NA
13224023300,139.4589894,35.64057473,NA,NA,NA,NA,NA,NA,NA,NA,NA,NA,NA,NA,NA
13224023400,139.4612896,35.639933,NA,NA,NA,NA,NA,NA,NA,NA,NA,NA,NA,NA,NA
13224023500,139.4640705,35.64026782,NA,NA,NA,NA,NA,NA,NA,NA,NA,NA,NA,NA,NA
13224023600,139.4649289,35.63970979,NA,NA,NA,NA,NA,NA,NA,NA,NA,NA,NA,NA,NA
13224023700,139.4633152,35.63864951,NA,NA,NA,NA,NA,NA,NA,NA,NA,NA,NA,NA,NA
13224023800,139.4644482,35.63781245,NA,NA,NA,NA,NA,NA,NA,NA,NA,NA,NA,NA,NA
13224023900,139.4637272,35.6372823,NA,NA,NA,NA,NA,NA,NA,NA,NA,NA,NA,NA,NA
13224024000,139.4629719,35.63518958,NA,NA,NA,NA,NA,NA,NA,NA,NA,NA,NA,NA,NA
13224024100,139.438582,35.642007,NA,NA,NA,NA,NA,NA,NA,NA,NA,NA,NA,NA,NA
13224024200,139.4569638,35.64180239,NA,NA,NA,NA,NA,NA,NA,NA,NA,NA,NA,NA,NA
13224024300,139.4284839,35.64338815,NA,NA,NA,NA,NA,NA,NA,NA,NA,NA,NA,NA,NA
13224024400,139.4297885,35.64366716,NA,NA,NA,NA,NA,NA,NA,NA,NA,NA,NA,NA,NA
13224024500,139.4361896,35.64819912,NA,NA,NA,NA,NA,NA,NA,NA,NA,NA,NA,NA,NA
13224024800,139.434576,35.64911978,NA,NA,NA,NA,NA,NA,NA,NA,NA,NA,NA,NA,NA
13224024900,139.4523181,35.63985808,NA,NA,NA,NA,NA,NA,NA,NA,NA,NA,NA,NA,NA
13224025200,139.397117,35.61017379,NA,NA,NA,NA,NA,NA,NA,NA,NA,NA,NA,NA,NA
13224025300,139.4007906,35.61427676,NA,NA,NA,NA,NA,NA,NA,NA,NA,NA,NA,NA,NA
13224025400,139.4003443,35.61357899,NA,NA,NA,NA,NA,NA,NA,NA,NA,NA,NA,NA,NA
13224025500,139.4004473,35.611374,NA,NA,NA,NA,NA,NA,NA,NA,NA,NA,NA,NA,NA
13224025600,139.4013742,35.6118485,NA,NA,NA,NA,NA,NA,NA,NA,NA,NA,NA,NA,NA
13224025700,139.4028419,35.61232997,NA,NA,NA,NA,NA,NA,NA,NA,NA,NA,NA,NA,NA
13224025800,139.4044298,35.61327197,NA,NA,NA,NA,NA,NA,NA,NA,NA,NA,NA,NA,NA
13224025900,139.4060778,35.61338361,NA,NA,NA,NA,NA,NA,NA,NA,NA,NA,NA,NA,NA
13224026000,139.4068931,35.61403254,NA,NA,NA,NA,NA,NA,NA,NA,NA,NA,NA,NA,NA
13224026100,139.4083351,35.61171243,NA,NA,NA,NA,NA,NA,NA,NA,NA,NA,NA,NA,NA
13224026200,139.4132826,35.61882376,NA,NA,NA,NA,NA,NA,NA,NA,NA,NA,NA,NA,NA
13224026300,139.4123899,35.61968893,NA,NA,NA,NA,NA,NA,NA,NA,NA,NA,NA,NA,NA
13224026400,139.4123213,35.62063783,NA,NA,NA,NA,NA,NA,NA,NA,NA,NA,NA,NA,NA
13224026500,139.4120466,35.62114017,NA,NA,NA,NA,NA,NA,NA,NA,NA,NA,NA,NA,NA
13224026600,139.4170248,35.6215867,NA,NA,NA,NA,NA,NA,NA,NA,NA,NA,NA,NA,NA
13224026700,139.4172994,35.62083318,NA,NA,NA,NA,NA,NA,NA,NA,NA,NA,NA,NA,NA
13224026800,139.4174024,35.61999593,NA,NA,NA,NA,NA,NA,NA,NA,NA,NA,NA,NA,NA
13224026900,139.4170591,35.61943775,NA,NA,NA,NA,NA,NA,NA,NA,NA,NA,NA,NA,NA
13224027000,139.4185354,35.61734457,NA,NA,NA,NA,NA,NA,NA,NA,NA,NA,NA,NA,NA
13224027100,139.4170934,35.6177353,NA,NA,NA,NA,NA,NA,NA,NA,NA,NA,NA,NA,NA
13224027200,139.4164068,35.61762366,NA,NA,NA,NA,NA,NA,NA,NA,NA,NA,NA,NA,NA
13224027300,139.4158231,35.6177353,NA,NA,NA,NA,NA,NA,NA,NA,NA,NA,NA,NA,NA
13224027400,139.4156565,35.61717941,NA,NA,NA,NA,NA,NA,NA,NA,NA,NA,NA,NA,NA
13224027500,139.4171621,35.61647937,NA,NA,NA,NA,NA,NA,NA,NA,NA,NA,NA,NA,NA
13224027600,139.4136995,35.61592347,NA,NA,NA,NA,NA,NA,NA,NA,NA,NA,NA,NA,NA
13224027700,139.4148668,35.61494661,NA,NA,NA,NA,NA,NA,NA,NA,NA,NA,NA,NA,NA
13224027800,139.4139742,35.61419303,NA,NA,NA,NA,NA,NA,NA,NA,NA,NA,NA,NA,NA
13224027900,139.4250254,35.60775478,NA,NA,NA,NA,NA,NA,NA,NA,NA,NA,NA,NA,NA
13224028000,139.4257121,35.60828512,NA,NA,NA,NA,NA,NA,NA,NA,NA,NA,NA,NA,NA
13224028100,139.4259181,35.60909459,NA,NA,NA,NA,NA,NA,NA,NA,NA,NA,NA,NA,NA
13224028200,139.4271197,35.61090887,NA,NA,NA,NA,NA,NA,NA,NA,NA,NA,NA,NA,NA
13224028300,139.4267764,35.61286268,NA,NA,NA,NA,NA,NA,NA,NA,NA,NA,NA,NA,NA
13224028400,139.4254718,35.61663059,NA,NA,NA,NA,NA,NA,NA,NA,NA,NA,NA,NA,NA
13224028500,139.427669,35.61615612,NA,NA,NA,NA,NA,NA,NA,NA,NA,NA,NA,NA,NA
13224028600,139.4273944,35.62070531,NA,NA,NA,NA,NA,NA,NA,NA,NA,NA,NA,NA,NA
13224028700,139.4311871,35.62646184,NA,NA,NA,NA,NA,NA,NA,NA,NA,NA,NA,NA,NA
13224028800,139.4327556,35.62594208,NA,NA,NA,NA,NA,NA,NA,NA,NA,NA,NA,NA,NA
13224028900,139.434677,35.623928,NA,NA,NA,NA,NA,NA,NA,NA,NA,NA,NA,NA,NA
13224029000,139.4316334,35.62841526,NA,NA,NA,NA,NA,NA,NA,NA,NA,NA,NA,NA,NA
13224029100,139.4324917,35.62847107,NA,NA,NA,NA,NA,NA,NA,NA,NA,NA,NA,NA,NA
13224029200,139.434483,35.6281362,NA,NA,NA,NA,NA,NA,NA,NA,NA,NA,NA,NA,NA
13224029300,139.4339336,35.62738274,NA,NA,NA,NA,NA,NA,NA,NA,NA,NA,NA,NA,NA
13224029400,139.4361094,35.62789203,NA,NA,NA,NA,NA,NA,NA,NA,NA,NA,NA,NA,NA
13224029500,139.4375965,35.62909546,NA,NA,NA,NA,NA,NA,NA,NA,NA,NA,NA,NA,NA
13224029600,139.4371501,35.62792342,NA,NA,NA,NA,NA,NA,NA,NA,NA,NA,NA,NA,NA
13224029700,139.4369205,35.62090828,NA,NA,NA,NA,NA,NA,NA,NA,NA,NA,NA,NA,NA
13224029800,139.4416927,35.62115945,NA,NA,NA,NA,NA,NA,NA,NA,NA,NA,NA,NA,NA
13224029900,139.4402851,35.6291129,NA,NA,NA,NA,NA,NA,NA,NA,NA,NA,NA,NA,NA
13224030000,139.4413837,35.62755018,NA,NA,NA,NA,NA,NA,NA,NA,NA,NA,NA,NA,NA
13224030100,139.4401134,35.62727112,NA,NA,NA,NA,NA,NA,NA,NA,NA,NA,NA,NA,NA
13224030200,139.4409374,35.62515023,NA,NA,NA,NA,NA,NA,NA,NA,NA,NA,NA,NA,NA
13224030300,139.4418656,35.62419449,NA,NA,NA,NA,NA,NA,NA,NA,NA,NA,NA,NA,NA
13224030400,139.4399345,35.62070951,NA,NA,NA,NA,NA,NA,NA,NA,NA,NA,NA,NA,NA
13224030500,139.4425848,35.60970285,NA,NA,NA,NA,NA,NA,NA,NA,NA,NA,NA,NA,NA
13224030600,139.4437178,35.6095912,NA,NA,NA,NA,NA,NA,NA,NA,NA,NA,NA,NA,NA
13224030700,139.4554342,35.61886957,NA,NA,NA,NA,NA,NA,NA,NA,NA,NA,NA,NA,NA
13224030800,139.4593138,35.62160461,NA,NA,NA,NA,NA,NA,NA,NA,NA,NA,NA,NA,NA
13224030900,139.4593118,35.62871534,NA,NA,NA,NA,NA,NA,NA,NA,NA,NA,NA,NA,NA
13224031000,139.4582818,35.62857581,NA,NA,NA,NA,NA,NA,NA,NA,NA,NA,NA,NA,NA
13224031100,139.4573892,35.63013851,NA,NA,NA,NA,NA,NA,NA,NA,NA,NA,NA,NA,NA
13224031200,139.4009279,35.61343943,NA,NA,NA,NA,NA,NA,NA,NA,NA,NA,NA,NA,NA
13224031300,139.4050821,35.61472333,NA,NA,NA,NA,NA,NA,NA,NA,NA,NA,NA,NA,NA
13224031400,139.4127382,35.61408138,NA,NA,NA,NA,NA,NA,NA,NA,NA,NA,NA,NA,NA
13224031500,139.4139005,35.61837721,NA,NA,NA,NA,NA,NA,NA,NA,NA,NA,NA,NA,NA
13224031600,139.4156858,35.62049828,NA,NA,NA,NA,NA,NA,NA,NA,NA,NA,NA,NA,NA
13224031700,139.4268408,35.6278798,NA,NA,NA,NA,NA,NA,NA,NA,NA,NA,NA,NA,NA
13224031800,139.4278407,35.62129139,NA,NA,NA,NA,NA,NA,NA,NA,NA,NA,NA,NA,NA
13224031900,139.4290423,35.62176582,NA,NA,NA,NA,NA,NA,NA,NA,NA,NA,NA,NA,NA
13224032000,139.4300379,35.62293795,NA,NA,NA,NA,NA,NA,NA,NA,NA,NA,NA,NA,NA
13224032100,139.440343,35.63252775,NA,NA,NA,NA,NA,NA,NA,NA,NA,NA,NA,NA,NA
13224032200,139.4530218,35.63378747,NA,NA,NA,NA,NA,NA,NA,NA,NA,NA,NA,NA,NA
13224032300,139.4555624,35.6286251,NA,NA,NA,NA,NA,NA,NA,NA,NA,NA,NA,NA,NA
13224032400,139.4395641,35.62852688,NA,NA,NA,NA,NA,NA,NA,NA,NA,NA,NA,NA,NA
13224032500,139.4555453,35.6401929,NA,NA,NA,NA,NA,NA,NA,NA,NA,NA,NA,NA,NA
13224032600,139.3993744,35.61027846,NA,NA,NA,NA,NA,NA,NA,NA,NA,NA,NA,NA,NA
13225000100,139.4766499,35.61807499,NA,NA,NA,NA,NA,NA,NA,NA,NA,NA,NA,NA,NA
13225000200,139.4788815,35.61935881,NA,NA,NA,NA,NA,NA,NA,NA,NA,NA,NA,NA,NA
13225000300,139.4832074,35.62139613,NA,NA,NA,NA,NA,NA,NA,NA,NA,NA,NA,NA,NA
13225000500,139.4855763,35.62424271,NA,NA,NA,NA,NA,NA,NA,NA,NA,NA,NA,NA,NA
13225000700,139.4807711,35.61954104,NA,NA,NA,NA,NA,NA,NA,NA,NA,NA,NA,NA,NA
13225000900,139.4748488,35.62269467,NA,NA,NA,NA,NA,NA,NA,NA,NA,NA,NA,NA,NA
13225001000,139.4741777,35.62371711,NA,NA,NA,NA,NA,NA,NA,NA,NA,NA,NA,NA,NA
13225001300,139.4713238,35.62401753,NA,NA,NA,NA,NA,NA,NA,NA,NA,NA,NA,NA,NA
13225001400,139.4732807,35.62301286,NA,NA,NA,NA,NA,NA,NA,NA,NA,NA,NA,NA,NA
13225001700,139.4662499,35.62499428,NA,NA,NA,NA,NA,NA,NA,NA,NA,NA,NA,NA,NA
13225001800,139.4672112,35.62750586,NA,NA,NA,NA,NA,NA,NA,NA,NA,NA,NA,NA,NA
13225001900,139.4663186,35.62750586,NA,NA,NA,NA,NA,NA,NA,NA,NA,NA,NA,NA,NA
13225002000,139.4700133,35.6236675,NA,NA,NA,NA,NA,NA,NA,NA,NA,NA,NA,NA,NA
13225002100,139.4707238,35.62430247,NA,NA,NA,NA,NA,NA,NA,NA,NA,NA,NA,NA,NA
13225002200,139.4715134,35.62623324,NA,NA,NA,NA,NA,NA,NA,NA,NA,NA,NA,NA,NA
13225002300,139.4666202,35.62904067,NA,NA,NA,NA,NA,NA,NA,NA,NA,NA,NA,NA,NA
13225002400,139.4669366,35.62837094,NA,NA,NA,NA,NA,NA,NA,NA,NA,NA,NA,NA,NA
13225002500,139.4684129,35.6268082,NA,NA,NA,NA,NA,NA,NA,NA,NA,NA,NA,NA,NA
13225002600,139.4690652,35.6268082,NA,NA,NA,NA,NA,NA,NA,NA,NA,NA,NA,NA,NA
13225002700,139.4691682,35.6282035,NA,NA,NA,NA,NA,NA,NA,NA,NA,NA,NA,NA,NA
13225002900,139.4709534,35.62719889,NA,NA,NA,NA,NA,NA,NA,NA,NA,NA,NA,NA,NA
13225003000,139.4725643,35.6266985,NA,NA,NA,NA,NA,NA,NA,NA,NA,NA,NA,NA,NA
13225003100,139.473354,35.62647525,NA,NA,NA,NA,NA,NA,NA,NA,NA,NA,NA,NA,NA
13225003200,139.4745556,35.62427061,NA,NA,NA,NA,NA,NA,NA,NA,NA,NA,NA,NA,NA
13225003300,139.474281,35.62496829,NA,NA,NA,NA,NA,NA,NA,NA,NA,NA,NA,NA,NA
13225003400,139.4763706,35.62605473,NA,NA,NA,NA,NA,NA,NA,NA,NA,NA,NA,NA,NA
13225003500,139.4760273,35.62446404,NA,NA,NA,NA,NA,NA,NA,NA,NA,NA,NA,NA,NA
13225003600,139.4729374,35.62421288,NA,NA,NA,NA,NA,NA,NA,NA,NA,NA,NA,NA,NA
13225003700,139.4761646,35.62276169,NA,NA,NA,NA,NA,NA,NA,NA,NA,NA,NA,NA,NA
13225003800,139.4807995,35.62527334,NA,NA,NA,NA,NA,NA,NA,NA,NA,NA,NA,NA,NA
13225003900,139.4794995,35.62577758,NA,NA,NA,NA,NA,NA,NA,NA,NA,NA,NA,NA,NA
13225004000,139.4791218,35.62535898,NA,NA,NA,NA,NA,NA,NA,NA,NA,NA,NA,NA,NA
13225004100,139.4828297,35.6281217,NA,NA,NA,NA,NA,NA,NA,NA,NA,NA,NA,NA,NA
13225004200,139.4808336,35.63176739,NA,NA,NA,NA,NA,NA,NA,NA,NA,NA,NA,NA,NA
13225004300,139.4844385,35.63263242,NA,NA,NA,NA,NA,NA,NA,NA,NA,NA,NA,NA,NA
13225004400,139.4811769,35.63263242,NA,NA,NA,NA,NA,NA,NA,NA,NA,NA,NA,NA,NA
13225004500,139.4930742,35.62895347,NA,NA,NA,NA,NA,NA,NA,NA,NA,NA,NA,NA,NA
13225004600,139.4951847,35.62518962,NA,NA,NA,NA,NA,NA,NA,NA,NA,NA,NA,NA,NA
13225004700,139.4897256,35.64651755,NA,NA,NA,NA,NA,NA,NA,NA,NA,NA,NA,NA,NA
13225004800,139.4879404,35.6424541,NA,NA,NA,NA,NA,NA,NA,NA,NA,NA,NA,NA,NA
13225004900,139.4886957,35.64270521,NA,NA,NA,NA,NA,NA,NA,NA,NA,NA,NA,NA,NA
13225005000,139.4904123,35.64136597,NA,NA,NA,NA,NA,NA,NA,NA,NA,NA,NA,NA,NA
13225005100,139.4966608,35.64164498,NA,NA,NA,NA,NA,NA,NA,NA,NA,NA,NA,NA,NA
13225005200,139.4888721,35.63472927,NA,NA,NA,NA,NA,NA,NA,NA,NA,NA,NA,NA,NA
13225005300,139.4946399,35.63735215,NA,NA,NA,NA,NA,NA,NA,NA,NA,NA,NA,NA,NA
13225005400,139.4962535,35.63313875,NA,NA,NA,NA,NA,NA,NA,NA,NA,NA,NA,NA,NA
13225005500,139.4973817,35.64125436,NA,NA,NA,NA,NA,NA,NA,NA,NA,NA,NA,NA,NA
13225005600,139.4984958,35.63251091,NA,NA,NA,NA,NA,NA,NA,NA,NA,NA,NA,NA,NA
13225005700,139.4979808,35.63193887,NA,NA,NA,NA,NA,NA,NA,NA,NA,NA,NA,NA,NA
13225005800,139.4993198,35.63051573,NA,NA,NA,NA,NA,NA,NA,NA,NA,NA,NA,NA,NA
13225005900,139.4989765,35.62944138,NA,NA,NA,NA,NA,NA,NA,NA,NA,NA,NA,NA,NA
13225006000,139.5006931,35.63079478,NA,NA,NA,NA,NA,NA,NA,NA,NA,NA,NA,NA,NA
13225006100,139.5012081,35.62980415,NA,NA,NA,NA,NA,NA,NA,NA,NA,NA,NA,NA,NA
13225006200,139.5049005,35.62827925,NA,NA,NA,NA,NA,NA,NA,NA,NA,NA,NA,NA,NA
13225006300,139.512808,35.62727464,NA,NA,NA,NA,NA,NA,NA,NA,NA,NA,NA,NA,NA
13225006500,139.4910008,35.61039956,NA,NA,NA,NA,NA,NA,NA,NA,NA,NA,NA,NA,NA
13225006600,139.4894558,35.60972967,NA,NA,NA,NA,NA,NA,NA,NA,NA,NA,NA,NA,NA
13225006700,139.4869839,35.61081824,NA,NA,NA,NA,NA,NA,NA,NA,NA,NA,NA,NA,NA
13225006800,139.4830357,35.6095622,NA,NA,NA,NA,NA,NA,NA,NA,NA,NA,NA,NA,NA
13225006900,139.4893142,35.60824682,NA,NA,NA,NA,NA,NA,NA,NA,NA,NA,NA,NA,NA
13225007000,139.4891155,35.60878838,NA,NA,NA,NA,NA,NA,NA,NA,NA,NA,NA,NA,NA
13225007100,139.4921024,35.6093885,NA,NA,NA,NA,NA,NA,NA,NA,NA,NA,NA,NA,NA
13225007200,139.4917076,35.60701592,NA,NA,NA,NA,NA,NA,NA,NA,NA,NA,NA,NA,NA
13225007300,139.491021,35.60828596,NA,NA,NA,NA,NA,NA,NA,NA,NA,NA,NA,NA,NA
13225007400,139.4904201,35.60673679,NA,NA,NA,NA,NA,NA,NA,NA,NA,NA,NA,NA,NA
13225007500,139.4898592,35.60512054,NA,NA,NA,NA,NA,NA,NA,NA,NA,NA,NA,NA,NA
13225007600,139.4900768,35.60454557,NA,NA,NA,NA,NA,NA,NA,NA,NA,NA,NA,NA,NA
13225007700,139.4893387,35.60506197,NA,NA,NA,NA,NA,NA,NA,NA,NA,NA,NA,NA,NA
13225007800,139.489888,35.60843948,NA,NA,NA,NA,NA,NA,NA,NA,NA,NA,NA,NA,NA
13225007900,139.4928577,35.61159354,NA,NA,NA,NA,NA,NA,NA,NA,NA,NA,NA,NA,NA
13225008000,139.4924972,35.61063059,NA,NA,NA,NA,NA,NA,NA,NA,NA,NA,NA,NA,NA
13225008100,139.4899665,35.60496701,NA,NA,NA,NA,NA,NA,NA,NA,NA,NA,NA,NA,NA
13225008200,139.4704309,35.64503887,NA,NA,NA,NA,NA,NA,NA,NA,NA,NA,NA,NA,NA
13225008400,139.4822117,35.62996346,NA,NA,NA,NA,NA,NA,NA,NA,NA,NA,NA,NA,NA
13225008500,139.489863,35.6471692,NA,NA,NA,NA,NA,NA,NA,NA,NA,NA,NA,NA,NA
13225008600,139.4653098,35.62701631,NA,NA,NA,NA,NA,NA,NA,NA,NA,NA,NA,NA,NA
13225008800,139.5227301,35.63218596,NA,NA,NA,NA,NA,NA,NA,NA,NA,NA,NA,NA,NA
13225008900,139.4948144,35.61751488,NA,NA,NA,NA,NA,NA,NA,NA,NA,NA,NA,NA,NA
13225009000,139.5142157,35.63254871,NA,NA,NA,NA,NA,NA,NA,NA,NA,NA,NA,NA,NA
13225009100,139.5000021,35.63709697,NA,NA,NA,NA,NA,NA,NA,NA,NA,NA,NA,NA,NA
13225009300,139.4957687,35.61041003,NA,NA,NA,NA,NA,NA,NA,NA,NA,NA,NA,NA,NA
13225009400,139.4763886,35.62530711,NA,NA,NA,NA,NA,NA,NA,NA,NA,NA,NA,NA,NA
13225009500,139.4812981,35.62539083,NA,NA,NA,NA,NA,NA,NA,NA,NA,NA,NA,NA,NA
13225009600,139.4799029,35.61412224,NA,NA,NA,NA,NA,NA,NA,NA,NA,NA,NA,NA,NA
13225010100,139.474157,35.63744564,NA,NA,NA,NA,NA,NA,NA,NA,NA,NA,NA,NA,NA
13225010200,139.4924561,35.62737219,NA,NA,NA,NA,NA,NA,NA,NA,NA,NA,NA,NA,NA
13225010300,139.4951341,35.62678616,NA,NA,NA,NA,NA,NA,NA,NA,NA,NA,NA,NA,NA
13225010400,139.4960267,35.62808839,NA,NA,NA,NA,NA,NA,NA,NA,NA,NA,NA,NA,NA
13225010500,139.4967821,35.62633031,NA,NA,NA,NA,NA,NA,NA,NA,NA,NA,NA,NA,NA
13225010600,139.4975202,35.62747446,NA,NA,NA,NA,NA,NA,NA,NA,NA,NA,NA,NA,NA
13225010700,139.4664495,35.63075335,NA,NA,NA,NA,NA,NA,NA,NA,NA,NA,NA,NA,NA
13225010800,139.4899316,35.64605322,NA,NA,NA,NA,NA,NA,NA,NA,NA,NA,NA,NA,NA
13225010900,139.4671426,35.62544078,NA,NA,NA,NA,NA,NA,NA,NA,NA,NA,NA,NA,NA
13225011000,139.4690995,35.62513381,NA,NA,NA,NA,NA,NA,NA,NA,NA,NA,NA,NA,NA
13225011100,139.4697834,35.62427061,NA,NA,NA,NA,NA,NA,NA,NA,NA,NA,NA,NA,NA
13225011200,139.4688908,35.62376828,NA,NA,NA,NA,NA,NA,NA,NA,NA,NA,NA,NA,NA
13225011300,139.4681355,35.62318223,NA,NA,NA,NA,NA,NA,NA,NA,NA,NA,NA,NA,NA
13225011400,139.4697445,35.62292914,NA,NA,NA,NA,NA,NA,NA,NA,NA,NA,NA,NA,NA
13225011500,139.472118,35.62273571,NA,NA,NA,NA,NA,NA,NA,NA,NA,NA,NA,NA,NA
13225011600,139.472736,35.62055888,NA,NA,NA,NA,NA,NA,NA,NA,NA,NA,NA,NA,NA
13225011700,139.472736,35.62457759,NA,NA,NA,NA,NA,NA,NA,NA,NA,NA,NA,NA,NA
13225011800,139.4771992,35.62558224,NA,NA,NA,NA,NA,NA,NA,NA,NA,NA,NA,NA,NA
13225011900,139.4796368,35.62507992,NA,NA,NA,NA,NA,NA,NA,NA,NA,NA,NA,NA,NA
13225012000,139.4811817,35.63013089,NA,NA,NA,NA,NA,NA,NA,NA,NA,NA,NA,NA,NA
13225012100,139.4831387,35.62876353,NA,NA,NA,NA,NA,NA,NA,NA,NA,NA,NA,NA,NA
13225012200,139.4829965,35.63893853,NA,NA,NA,NA,NA,NA,NA,NA,NA,NA,NA,NA,NA
13225012300,139.4858118,35.64161708,NA,NA,NA,NA,NA,NA,NA,NA,NA,NA,NA,NA,NA
13225012400,139.488112,35.63955237,NA,NA,NA,NA,NA,NA,NA,NA,NA,NA,NA,NA,NA
13225012500,139.4868074,35.63888272,NA,NA,NA,NA,NA,NA,NA,NA,NA,NA,NA,NA,NA
13225012600,139.4877344,35.63787824,NA,NA,NA,NA,NA,NA,NA,NA,NA,NA,NA,NA,NA
13225012700,139.4856744,35.63648311,NA,NA,NA,NA,NA,NA,NA,NA,NA,NA,NA,NA,NA
13225012800,139.4862238,35.63586925,NA,NA,NA,NA,NA,NA,NA,NA,NA,NA,NA,NA,NA
13225012900,139.491138,35.63539895,NA,NA,NA,NA,NA,NA,NA,NA,NA,NA,NA,NA,NA
13225013000,139.4794308,35.62161939,NA,NA,NA,NA,NA,NA,NA,NA,NA,NA,NA,NA,NA
13225013100,139.4898678,35.62661478,NA,NA,NA,NA,NA,NA,NA,NA,NA,NA,NA,NA,NA
13225013200,139.4931294,35.62429852,NA,NA,NA,NA,NA,NA,NA,NA,NA,NA,NA,NA,NA
13225013300,139.4878079,35.62189847,NA,NA,NA,NA,NA,NA,NA,NA,NA,NA,NA,NA,NA
13225013400,139.4885289,35.61891226,NA,NA,NA,NA,NA,NA,NA,NA,NA,NA,NA,NA,NA
13225013500,139.4869839,35.61821454,NA,NA,NA,NA,NA,NA,NA,NA,NA,NA,NA,NA,NA
13225013600,139.4846493,35.61667951,NA,NA,NA,NA,NA,NA,NA,NA,NA,NA,NA,NA,NA
13225013700,139.4831044,35.61832617,NA,NA,NA,NA,NA,NA,NA,NA,NA,NA,NA,NA,NA
13225013800,139.4839627,35.61799126,NA,NA,NA,NA,NA,NA,NA,NA,NA,NA,NA,NA,NA
13225013900,139.4881598,35.61502933,NA,NA,NA,NA,NA,NA,NA,NA,NA,NA,NA,NA,NA
13225014000,139.482289,35.61491769,NA,NA,NA,NA,NA,NA,NA,NA,NA,NA,NA,NA,NA
13225014100,139.483208,35.61307989,NA,NA,NA,NA,NA,NA,NA,NA,NA,NA,NA,NA,NA
13225014200,139.4829161,35.61201372,NA,NA,NA,NA,NA,NA,NA,NA,NA,NA,NA,NA,NA
13225014300,139.477432,35.61426187,NA,NA,NA,NA,NA,NA,NA,NA,NA,NA,NA,NA,NA
13225014400,139.4772432,35.61324312,NA,NA,NA,NA,NA,NA,NA,NA,NA,NA,NA,NA,NA
13225014500,139.484826,35.61176926,NA,NA,NA,NA,NA,NA,NA,NA,NA,NA,NA,NA,NA
13225014600,139.4860963,35.61241122,NA,NA,NA,NA,NA,NA,NA,NA,NA,NA,NA,NA,NA
13225014700,139.4833447,35.61659578,NA,NA,NA,NA,NA,NA,NA,NA,NA,NA,NA,NA,NA
13225014800,139.4840133,35.61939782,NA,NA,NA,NA,NA,NA,NA,NA,NA,NA,NA,NA,NA
13225014900,139.4858103,35.61840915,NA,NA,NA,NA,NA,NA,NA,NA,NA,NA,NA,NA,NA
13225015000,139.4866762,35.61911892,NA,NA,NA,NA,NA,NA,NA,NA,NA,NA,NA,NA,NA
13225015100,139.4876547,35.61678849,NA,NA,NA,NA,NA,NA,NA,NA,NA,NA,NA,NA,NA
13225015200,139.4905558,35.61870029,NA,NA,NA,NA,NA,NA,NA,NA,NA,NA,NA,NA,NA
13225015300,139.489234,35.61739204,NA,NA,NA,NA,NA,NA,NA,NA,NA,NA,NA,NA,NA
13225015400,139.4865376,35.62304269,NA,NA,NA,NA,NA,NA,NA,NA,NA,NA,NA,NA,NA
13225015500,139.4895272,35.62362683,NA,NA,NA,NA,NA,NA,NA,NA,NA,NA,NA,NA,NA
13225015600,139.4890032,35.62421405,NA,NA,NA,NA,NA,NA,NA,NA,NA,NA,NA,NA,NA
13225015700,139.490737,35.62361404,NA,NA,NA,NA,NA,NA,NA,NA,NA,NA,NA,NA,NA
13225015800,139.4919901,35.62319543,NA,NA,NA,NA,NA,NA,NA,NA,NA,NA,NA,NA,NA
13225015900,139.5081045,35.62961871,NA,NA,NA,NA,NA,NA,NA,NA,NA,NA,NA,NA,NA
13225016000,139.5062849,35.62995357,NA,NA,NA,NA,NA,NA,NA,NA,NA,NA,NA,NA,NA
13225016100,139.503298,35.62827925,NA,NA,NA,NA,NA,NA,NA,NA,NA,NA,NA,NA,NA
13227000100,139.299062,35.76848948,NA,NA,NA,NA,NA,NA,NA,NA,NA,NA,NA,NA,NA
13227000200,139.3045895,35.76436658,NA,NA,NA,NA,NA,NA,NA,NA,NA,NA,NA,NA,NA
13227000300,139.3008473,35.76046634,NA,NA,NA,NA,NA,NA,NA,NA,NA,NA,NA,NA,NA
13227000500,139.3131593,35.7576718,NA,NA,NA,NA,NA,NA,NA,NA,NA,NA,NA,NA,NA
13227000600,139.3152879,35.7541613,NA,NA,NA,NA,NA,NA,NA,NA,NA,NA,NA,NA,NA
13227000700,139.3179658,35.75912053,NA,NA,NA,NA,NA,NA,NA,NA,NA,NA,NA,NA,NA
13227000800,139.3188109,35.75217143,NA,NA,NA,NA,NA,NA,NA,NA,NA,NA,NA,NA,NA
13227000900,139.3204245,35.75052753,NA,NA,NA,NA,NA,NA,NA,NA,NA,NA,NA,NA,NA
13227001000,139.3100007,35.76104285,NA,NA,NA,NA,NA,NA,NA,NA,NA,NA,NA,NA,NA
13227001100,139.3091424,35.76388445,NA,NA,NA,NA,NA,NA,NA,NA,NA,NA,NA,NA,NA
13228000100,139.1797183,35.72689206,NA,NA,NA,NA,NA,NA,NA,NA,NA,NA,NA,NA,NA
13228000200,139.1821902,35.73051524,NA,NA,NA,NA,NA,NA,NA,NA,NA,NA,NA,NA,NA
13228000300,139.1847995,35.73475137,NA,NA,NA,NA,NA,NA,NA,NA,NA,NA,NA,NA,NA
13228000400,139.1892283,35.73154642,NA,NA,NA,NA,NA,NA,NA,NA,NA,NA,NA,NA,NA
13228000500,139.1912539,35.73034802,NA,NA,NA,NA,NA,NA,NA,NA,NA,NA,NA,NA,NA
13228000600,139.1972621,35.72591656,NA,NA,NA,NA,NA,NA,NA,NA,NA,NA,NA,NA,NA
13228000700,139.2028926,35.72747735,NA,NA,NA,NA,NA,NA,NA,NA,NA,NA,NA,NA,NA
13228000800,139.2051928,35.72669696,NA,NA,NA,NA,NA,NA,NA,NA,NA,NA,NA,NA,NA
13228000900,139.211982,35.72767942,NA,NA,NA,NA,NA,NA,NA,NA,NA,NA,NA,NA,NA
13228001000,139.2138703,35.727122,NA,NA,NA,NA,NA,NA,NA,NA,NA,NA,NA,NA,NA
13228001100,139.2176469,35.73197144,NA,NA,NA,NA,NA,NA,NA,NA,NA,NA,NA,NA,NA
13228001200,139.2181275,35.72910083,NA,NA,NA,NA,NA,NA,NA,NA,NA,NA,NA,NA,NA
13228001300,139.2185395,35.7227461,NA,NA,NA,NA,NA,NA,NA,NA,NA,NA,NA,NA,NA
13228001400,139.2210801,35.73066156,NA,NA,NA,NA,NA,NA,NA,NA,NA,NA,NA,NA,NA
13228001500,139.2220414,35.73283539,NA,NA,NA,NA,NA,NA,NA,NA,NA,NA,NA,NA,NA
13228001600,139.2241357,35.72492015,NA,NA,NA,NA,NA,NA,NA,NA,NA,NA,NA,NA,NA
13228001700,139.2260583,35.73927291,NA,NA,NA,NA,NA,NA,NA,NA,NA,NA,NA,NA,NA
13228001800,139.2262643,35.73353211,NA,NA,NA,NA,NA,NA,NA,NA,NA,NA,NA,NA,NA
13228001900,139.2286675,35.7281811,NA,NA,NA,NA,NA,NA,NA,NA,NA,NA,NA,NA,NA
13228002000,139.2318261,35.72319207,NA,NA,NA,NA,NA,NA,NA,NA,NA,NA,NA,NA,NA
13228002100,139.2341607,35.72781878,NA,NA,NA,NA,NA,NA,NA,NA,NA,NA,NA,NA,NA
13228002200,139.2327187,35.72820897,NA,NA,NA,NA,NA,NA,NA,NA,NA,NA,NA,NA,NA
13228002300,139.2363923,35.72296909,NA,NA,NA,NA,NA,NA,NA,NA,NA,NA,NA,NA,NA
13228002400,139.2373536,35.72511525,NA,NA,NA,NA,NA,NA,NA,NA,NA,NA,NA,NA,NA
13228002500,139.2415078,35.73250096,NA,NA,NA,NA,NA,NA,NA,NA,NA,NA,NA,NA,NA
13228002600,139.2434991,35.73311408,NA,NA,NA,NA,NA,NA,NA,NA,NA,NA,NA,NA,NA
13228002700,139.2411645,35.72890574,NA,NA,NA,NA,NA,NA,NA,NA,NA,NA,NA,NA,NA
13228002800,139.2427781,35.72046051,NA,NA,NA,NA,NA,NA,NA,NA,NA,NA,NA,NA,NA
13228002900,139.2477219,35.73202718,NA,NA,NA,NA,NA,NA,NA,NA,NA,NA,NA,NA,NA
13228003000,139.246692,35.720572,NA,NA,NA,NA,NA,NA,NA,NA,NA,NA,NA,NA,NA
13228003100,139.2521165,35.73534358,NA,NA,NA,NA,NA,NA,NA,NA,NA,NA,NA,NA,NA
13228003200,139.2520135,35.72333143,NA,NA,NA,NA,NA,NA,NA,NA,NA,NA,NA,NA,NA
13228003300,139.2512925,35.72065562,NA,NA,NA,NA,NA,NA,NA,NA,NA,NA,NA,NA,NA
13228003400,139.2577813,35.73277965,NA,NA,NA,NA,NA,NA,NA,NA,NA,NA,NA,NA,NA
13228003500,139.2547601,35.72112947,NA,NA,NA,NA,NA,NA,NA,NA,NA,NA,NA,NA,NA
13228003600,139.2599786,35.72578417,NA,NA,NA,NA,NA,NA,NA,NA,NA,NA,NA,NA,NA
13228003700,139.2655061,35.72422335,NA,NA,NA,NA,NA,NA,NA,NA,NA,NA,NA,NA,NA
13228003800,139.2567513,35.72104585,NA,NA,NA,NA,NA,NA,NA,NA,NA,NA,NA,NA,NA
13228003900,139.2560647,35.72037689,NA,NA,NA,NA,NA,NA,NA,NA,NA,NA,NA,NA,NA
13228004000,139.2570946,35.71934556,NA,NA,NA,NA,NA,NA,NA,NA,NA,NA,NA,NA,NA
13228004100,139.2376282,35.72299696,NA,NA,NA,NA,NA,NA,NA,NA,NA,NA,NA,NA,NA
13228004200,139.2873744,35.75373129,NA,NA,NA,NA,NA,NA,NA,NA,NA,NA,NA,NA,NA
13228004300,139.2879237,35.7515023,NA,NA,NA,NA,NA,NA,NA,NA,NA,NA,NA,NA,NA
13228004400,139.289812,35.74553947,NA,NA,NA,NA,NA,NA,NA,NA,NA,NA,NA,NA,NA
13228004500,139.2836665,35.74317093,NA,NA,NA,NA,NA,NA,NA,NA,NA,NA,NA,NA,NA
13228004600,139.2947987,35.74245687,NA,NA,NA,NA,NA,NA,NA,NA,NA,NA,NA,NA,NA
13228004701,139.2936829,35.74205282,NA,NA,NA,NA,NA,NA,NA,NA,NA,NA,NA,NA,NA
13228004702,139.2946099,35.74208068,NA,NA,NA,NA,NA,NA,NA,NA,NA,NA,NA,NA,NA
13228004703,139.2939747,35.74160696,NA,NA,NA,NA,NA,NA,NA,NA,NA,NA,NA,NA,NA
13228004704,139.2969102,35.740966040000004,NA,NA,NA,NA,NA,NA,NA,NA,NA,NA,NA,NA,NA
13228004800,139.2984723,35.7409939,NA,NA,NA,NA,NA,NA,NA,NA,NA,NA,NA,NA,NA
13228004900,139.3028325,35.74060377,NA,NA,NA,NA,NA,NA,NA,NA,NA,NA,NA,NA,NA
13228005000,139.3013905,35.74056197,NA,NA,NA,NA,NA,NA,NA,NA,NA,NA,NA,NA,NA
13228005100,139.3054589,35.73916864,NA,NA,NA,NA,NA,NA,NA,NA,NA,NA,NA,NA,NA
13228005200,139.3060597,35.73751053,NA,NA,NA,NA,NA,NA,NA,NA,NA,NA,NA,NA,NA
13228005300,139.2993199,35.75091892,NA,NA,NA,NA,NA,NA,NA,NA,NA,NA,NA,NA,NA
13228005400,139.3045384,35.74785395,NA,NA,NA,NA,NA,NA,NA,NA,NA,NA,NA,NA,NA
13228005500,139.3084522,35.74905209,NA,NA,NA,NA,NA,NA,NA,NA,NA,NA,NA,NA,NA
13228005600,139.310083,35.74658613,NA,NA,NA,NA,NA,NA,NA,NA,NA,NA,NA,NA,NA
13228005700,139.3081947,35.74544368,NA,NA,NA,NA,NA,NA,NA,NA,NA,NA,NA,NA,NA
13228005800,139.3054825,35.74209984,NA,NA,NA,NA,NA,NA,NA,NA,NA,NA,NA,NA,NA
13228005900,139.3102547,35.73739035,NA,NA,NA,NA,NA,NA,NA,NA,NA,NA,NA,NA,NA
13228005901,139.3067185,35.74028853,NA,NA,NA,NA,NA,NA,NA,NA,NA,NA,NA,NA,NA
13228005902,139.3087441,35.74000986,NA,NA,NA,NA,NA,NA,NA,NA,NA,NA,NA,NA,NA
13228005903,139.3076733,35.73843016,NA,NA,NA,NA,NA,NA,NA,NA,NA,NA,NA,NA,NA
13228005904,139.3076218,35.73787281,NA,NA,NA,NA,NA,NA,NA,NA,NA,NA,NA,NA,NA
13228005905,139.3104886,35.73790068,NA,NA,NA,NA,NA,NA,NA,NA,NA,NA,NA,NA,NA
13228005906,139.3114499,35.73707859,NA,NA,NA,NA,NA,NA,NA,NA,NA,NA,NA,NA,NA
13228005907,139.3137845,35.7352811,NA,NA,NA,NA,NA,NA,NA,NA,NA,NA,NA,NA,NA
13228005908,139.3142651,35.7348352,NA,NA,NA,NA,NA,NA,NA,NA,NA,NA,NA,NA,NA
13228005909,139.3079137,35.73815149,NA,NA,NA,NA,NA,NA,NA,NA,NA,NA,NA,NA,NA
13228005910,139.3119477,35.73734333,NA,NA,NA,NA,NA,NA,NA,NA,NA,NA,NA,NA,NA
13228005911,139.3112096,35.73771954,NA,NA,NA,NA,NA,NA,NA,NA,NA,NA,NA,NA,NA
13228006000,139.3126858,35.74155123,NA,NA,NA,NA,NA,NA,NA,NA,NA,NA,NA,NA,NA
13228006100,139.3124283,35.74213641,NA,NA,NA,NA,NA,NA,NA,NA,NA,NA,NA,NA,NA
13228006200,139.3129948,35.73929404,NA,NA,NA,NA,NA,NA,NA,NA,NA,NA,NA,NA,NA
13228006300,139.3109349,35.73731546,NA,NA,NA,NA,NA,NA,NA,NA,NA,NA,NA,NA,NA
13228006400,139.3090809,35.73508602,NA,NA,NA,NA,NA,NA,NA,NA,NA,NA,NA,NA,NA
13228006500,139.3165997,35.73355324,NA,NA,NA,NA,NA,NA,NA,NA,NA,NA,NA,NA,NA
13228006601,139.3190373,35.73217372,NA,NA,NA,NA,NA,NA,NA,NA,NA,NA,NA,NA,NA
13228006602,139.3184022,35.73220158,NA,NA,NA,NA,NA,NA,NA,NA,NA,NA,NA,NA,NA
13228006603,139.3185738,35.73302373,NA,NA,NA,NA,NA,NA,NA,NA,NA,NA,NA,NA,NA
13228006700,139.2876823,35.73894482,NA,NA,NA,NA,NA,NA,NA,NA,NA,NA,NA,NA,NA
13228006701,139.2861132,35.73965325,NA,NA,NA,NA,NA,NA,NA,NA,NA,NA,NA,NA,NA
13228006702,139.2864308,35.73971595,NA,NA,NA,NA,NA,NA,NA,NA,NA,NA,NA,NA,NA
13228006703,139.2866968,35.73970202,NA,NA,NA,NA,NA,NA,NA,NA,NA,NA,NA,NA,NA
13228006704,139.2858844,35.73916493,NA,NA,NA,NA,NA,NA,NA,NA,NA,NA,NA,NA,NA
13228006705,139.2857557,35.73908133,NA,NA,NA,NA,NA,NA,NA,NA,NA,NA,NA,NA,NA
13228006706,139.2856824,35.73884032,NA,NA,NA,NA,NA,NA,NA,NA,NA,NA,NA,NA,NA
13228006707,139.2856567,35.73842928,NA,NA,NA,NA,NA,NA,NA,NA,NA,NA,NA,NA,NA
13228006708,139.2861459,35.73822724,NA,NA,NA,NA,NA,NA,NA,NA,NA,NA,NA,NA,NA
13228006709,139.2859743,35.73799037,NA,NA,NA,NA,NA,NA,NA,NA,NA,NA,NA,NA,NA
13228006710,139.2873561,35.73978083,NA,NA,NA,NA,NA,NA,NA,NA,NA,NA,NA,NA,NA
13228006711,139.2875621,35.73998287,NA,NA,NA,NA,NA,NA,NA,NA,NA,NA,NA,NA,NA
13228006712,139.2875793,35.7401222,NA,NA,NA,NA,NA,NA,NA,NA,NA,NA,NA,NA,NA
13228006713,139.2877595,35.74015703,NA,NA,NA,NA,NA,NA,NA,NA,NA,NA,NA,NA,NA
13228006714,139.2881801,35.7402267,NA,NA,NA,NA,NA,NA,NA,NA,NA,NA,NA,NA,NA
13228006715,139.2883518,35.7401849,NA,NA,NA,NA,NA,NA,NA,NA,NA,NA,NA,NA,NA
13228006716,139.288429,35.7402894,NA,NA,NA,NA,NA,NA,NA,NA,NA,NA,NA,NA,NA
13228006717,139.2885578,35.74024063,NA,NA,NA,NA,NA,NA,NA,NA,NA,NA,NA,NA,NA
13228006718,139.2880771,35.7399968,NA,NA,NA,NA,NA,NA,NA,NA,NA,NA,NA,NA,NA
13228006719,139.2882917,35.74006646,NA,NA,NA,NA,NA,NA,NA,NA,NA,NA,NA,NA,NA
13228006720,139.28795,35.73986225,NA,NA,NA,NA,NA,NA,NA,NA,NA,NA,NA,NA,NA
13228006721,139.2881216,35.73986922,NA,NA,NA,NA,NA,NA,NA,NA,NA,NA,NA,NA,NA
13228006722,139.2876238,35.73975775,NA,NA,NA,NA,NA,NA,NA,NA,NA,NA,NA,NA,NA
13228006723,139.2879071,35.73972989,NA,NA,NA,NA,NA,NA,NA,NA,NA,NA,NA,NA,NA
13228006724,139.2882059,35.73971117,NA,NA,NA,NA,NA,NA,NA,NA,NA,NA,NA,NA,NA
13228006725,139.2885578,35.73989927,NA,NA,NA,NA,NA,NA,NA,NA,NA,NA,NA,NA,NA
13228006727,139.2874677,35.73953003,NA,NA,NA,NA,NA,NA,NA,NA,NA,NA,NA,NA,NA
13228006728,139.2876394,35.73957183,NA,NA,NA,NA,NA,NA,NA,NA,NA,NA,NA,NA,NA
13228006729,139.2877853,35.73946733,NA,NA,NA,NA,NA,NA,NA,NA,NA,NA,NA,NA,NA
13228006730,139.2879312,35.739328,NA,NA,NA,NA,NA,NA,NA,NA,NA,NA,NA,NA,NA
13228006731,139.2881372,35.7395161,NA,NA,NA,NA,NA,NA,NA,NA,NA,NA,NA,NA,NA
13228006732,139.2883003,35.73943946,NA,NA,NA,NA,NA,NA,NA,NA,NA,NA,NA,NA,NA
13228006733,139.2885148,35.7395579,NA,NA,NA,NA,NA,NA,NA,NA,NA,NA,NA,NA,NA
13228006734,139.2879484,35.73867312,NA,NA,NA,NA,NA,NA,NA,NA,NA,NA,NA,NA,NA
13228006735,139.2880514,35.73851288,NA,NA,NA,NA,NA,NA,NA,NA,NA,NA,NA,NA,NA
13228006737,139.2879398,35.73941856,NA,NA,NA,NA,NA,NA,NA,NA,NA,NA,NA,NA,NA
13228006738,139.287339,35.73961363,NA,NA,NA,NA,NA,NA,NA,NA,NA,NA,NA,NA,NA
13228006739,139.2871072,35.73967633,NA,NA,NA,NA,NA,NA,NA,NA,NA,NA,NA,NA,NA
13228006740,139.2878368,35.7395788,NA,NA,NA,NA,NA,NA,NA,NA,NA,NA,NA,NA,NA
13228006741,139.2892272,35.7396415,NA,NA,NA,NA,NA,NA,NA,NA,NA,NA,NA,NA,NA
13228006742,139.2856567,35.73869402,NA,NA,NA,NA,NA,NA,NA,NA,NA,NA,NA,NA,NA
13228006743,139.2859142,35.73880549,NA,NA,NA,NA,NA,NA,NA,NA,NA,NA,NA,NA,NA
13228006744,139.2877595,35.74000377,NA,NA,NA,NA,NA,NA,NA,NA,NA,NA,NA,NA,NA
13228006745,139.2874677,35.7397042,NA,NA,NA,NA,NA,NA,NA,NA,NA,NA,NA,NA,NA
13228006746,139.2886522,35.740373,NA,NA,NA,NA,NA,NA,NA,NA,NA,NA,NA,NA,NA
13228006747,139.2889268,35.74054716,NA,NA,NA,NA,NA,NA,NA,NA,NA,NA,NA,NA,NA
13228006748,139.2883775,35.73994803,NA,NA,NA,NA,NA,NA,NA,NA,NA,NA,NA,NA,NA
13228006749,139.2885835,35.73975296,NA,NA,NA,NA,NA,NA,NA,NA,NA,NA,NA,NA,NA
13228006800,139.29947430000001,35.73449207,NA,NA,NA,NA,NA,NA,NA,NA,NA,NA,NA,NA,NA
13228006905,139.3013283,35.7344642,NA,NA,NA,NA,NA,NA,NA,NA,NA,NA,NA,NA,NA
13228007000,139.3078858,35.73231829,NA,NA,NA,NA,NA,NA,NA,NA,NA,NA,NA,NA,NA
13228007100,139.30998,35.73117563,NA,NA,NA,NA,NA,NA,NA,NA,NA,NA,NA,NA,NA
13228007400,139.2762349,35.72354744,NA,NA,NA,NA,NA,NA,NA,NA,NA,NA,NA,NA,NA
13228007500,139.2811787,35.72528945,NA,NA,NA,NA,NA,NA,NA,NA,NA,NA,NA,NA,NA
13228007600,139.2854625,35.72481759,NA,NA,NA,NA,NA,NA,NA,NA,NA,NA,NA,NA,NA
13228007700,139.2899943,35.72459461,NA,NA,NA,NA,NA,NA,NA,NA,NA,NA,NA,NA,NA
13228007800,139.2912003,35.72788693,NA,NA,NA,NA,NA,NA,NA,NA,NA,NA,NA,NA,NA
13228007900,139.2929855,35.72783119,NA,NA,NA,NA,NA,NA,NA,NA,NA,NA,NA,NA,NA
13228008000,139.2889343,35.7193301,NA,NA,NA,NA,NA,NA,NA,NA,NA,NA,NA,NA,NA
13228008100,139.2935692,35.72183871,NA,NA,NA,NA,NA,NA,NA,NA,NA,NA,NA,NA,NA
13228008200,139.2968004,35.72540663,NA,NA,NA,NA,NA,NA,NA,NA,NA,NA,NA,NA,NA
13228008600,139.2980324,35.72080741,NA,NA,NA,NA,NA,NA,NA,NA,NA,NA,NA,NA,NA
13228008700,139.3071991,35.72688357,NA,NA,NA,NA,NA,NA,NA,NA,NA,NA,NA,NA,NA
13228008800,139.309671,35.72412427,NA,NA,NA,NA,NA,NA,NA,NA,NA,NA,NA,NA,NA
13228008900,139.3154045,35.72418002,NA,NA,NA,NA,NA,NA,NA,NA,NA,NA,NA,NA,NA
13228009000,139.3084007,35.72139275,NA,NA,NA,NA,NA,NA,NA,NA,NA,NA,NA,NA,NA
13228009100,139.3128296,35.72886241,NA,NA,NA,NA,NA,NA,NA,NA,NA,NA,NA,NA,NA
13228009200,139.3159538,35.71969246,NA,NA,NA,NA,NA,NA,NA,NA,NA,NA,NA,NA,NA
13228009300,139.3186661,35.72119763,NA,NA,NA,NA,NA,NA,NA,NA,NA,NA,NA,NA,NA
13228009400,139.3203484,35.7194416,NA,NA,NA,NA,NA,NA,NA,NA,NA,NA,NA,NA,NA
13228009500,139.3215157,35.72144849,NA,NA,NA,NA,NA,NA,NA,NA,NA,NA,NA,NA,NA
13228009700,139.2668793,35.71463473,NA,NA,NA,NA,NA,NA,NA,NA,NA,NA,NA,NA,NA
13228009800,139.2786381,35.71512952,NA,NA,NA,NA,NA,NA,NA,NA,NA,NA,NA,NA,NA
13228009900,139.3038229,35.71534556,NA,NA,NA,NA,NA,NA,NA,NA,NA,NA,NA,NA,NA
13228010000,139.3033508,35.7144396,NA,NA,NA,NA,NA,NA,NA,NA,NA,NA,NA,NA,NA
13228010100,139.2850645,35.73818544,NA,NA,NA,NA,NA,NA,NA,NA,NA,NA,NA,NA,NA
13228010200,139.2733338,35.72261371,NA,NA,NA,NA,NA,NA,NA,NA,NA,NA,NA,NA,NA
13228010300,139.2735741,35.72227924,NA,NA,NA,NA,NA,NA,NA,NA,NA,NA,NA,NA,NA
13228010401,139.2840677,35.72077256,NA,NA,NA,NA,NA,NA,NA,NA,NA,NA,NA,NA,NA
13228010402,139.2842051,35.7205217,NA,NA,NA,NA,NA,NA,NA,NA,NA,NA,NA,NA,NA
13228010403,139.2845484,35.72053564,NA,NA,NA,NA,NA,NA,NA,NA,NA,NA,NA,NA,NA
13228010500,139.3133103,35.72710654,NA,NA,NA,NA,NA,NA,NA,NA,NA,NA,NA,NA,NA
13228010600,139.2697633,35.71956855,NA,NA,NA,NA,NA,NA,NA,NA,NA,NA,NA,NA,NA
13228010700,139.2377656,35.73879917,NA,NA,NA,NA,NA,NA,NA,NA,NA,NA,NA,NA,NA
13228010800,139.2935531,35.73898662,NA,NA,NA,NA,NA,NA,NA,NA,NA,NA,NA,NA,NA
13228010900,139.2509492,35.73319769,NA,NA,NA,NA,NA,NA,NA,NA,NA,NA,NA,NA,NA
13228011000,139.289974,35.7394116,NA,NA,NA,NA,NA,NA,NA,NA,NA,NA,NA,NA,NA
13228011100,139.2694199,35.73264031,NA,NA,NA,NA,NA,NA,NA,NA,NA,NA,NA,NA,NA
13228011200,139.2841879,35.72244495,NA,NA,NA,NA,NA,NA,NA,NA,NA,NA,NA,NA,NA
13228011300,139.3014849,35.73887952,NA,NA,NA,NA,NA,NA,NA,NA,NA,NA,NA,NA,NA
13228011400,139.2927989,35.7421399,NA,NA,NA,NA,NA,NA,NA,NA,NA,NA,NA,NA,NA
13228011500,139.3060661,35.7199712,NA,NA,NA,NA,NA,NA,NA,NA,NA,NA,NA,NA,NA
13228011600,139.2164796,35.73559439,NA,NA,NA,NA,NA,NA,NA,NA,NA,NA,NA,NA,NA
13228011700,139.2655061,35.7319157,NA,NA,NA,NA,NA,NA,NA,NA,NA,NA,NA,NA,NA
13228011800,139.2638924,35.73085665,NA,NA,NA,NA,NA,NA,NA,NA,NA,NA,NA,NA,NA
13228011900,139.2668107,35.73180422,NA,NA,NA,NA,NA,NA,NA,NA,NA,NA,NA,NA,NA
13228012000,139.2670167,35.73102387,NA,NA,NA,NA,NA,NA,NA,NA,NA,NA,NA,NA,NA
13228012100,139.2678063,35.73074517,NA,NA,NA,NA,NA,NA,NA,NA,NA,NA,NA,NA,NA
13228012200,139.268493,35.73082878,NA,NA,NA,NA,NA,NA,NA,NA,NA,NA,NA,NA,NA
13228012300,139.2688706,35.72996481,NA,NA,NA,NA,NA,NA,NA,NA,NA,NA,NA,NA,NA
13229000100,139.5624277,35.75560167,NA,NA,NA,NA,NA,NA,NA,NA,NA,NA,NA,NA,NA
13229000200,139.5604536,35.75479369,NA,NA,NA,NA,NA,NA,NA,NA,NA,NA,NA,NA,NA
13229000300,139.564522,35.75359564,NA,NA,NA,NA,NA,NA,NA,NA,NA,NA,NA,NA,NA
13229000700,139.5622433,35.72454327,NA,NA,NA,NA,NA,NA,NA,NA,NA,NA,NA,NA,NA
13229000800,139.5575398,35.72359561,NA,NA,NA,NA,NA,NA,NA,NA,NA,NA,NA,NA,NA
13229000900,139.549403,35.74337561,NA,NA,NA,NA,NA,NA,NA,NA,NA,NA,NA,NA,NA
13229001000,139.5579861,35.72660578,NA,NA,NA,NA,NA,NA,NA,NA,NA,NA,NA,NA,NA
13229001100,139.5647496,35.72671726,NA,NA,NA,NA,NA,NA,NA,NA,NA,NA,NA,NA,NA
13229001200,139.5421719,35.72592787,NA,NA,NA,NA,NA,NA,NA,NA,NA,NA,NA,NA,NA
13229001300,139.538876,35.72644349,NA,NA,NA,NA,NA,NA,NA,NA,NA,NA,NA,NA,NA
13229001400,139.5370735,35.72312672,NA,NA,NA,NA,NA,NA,NA,NA,NA,NA,NA,NA,NA
13229001500,139.5377602,35.7218167,NA,NA,NA,NA,NA,NA,NA,NA,NA,NA,NA,NA,NA
13229001600,139.5342497,35.72330441,NA,NA,NA,NA,NA,NA,NA,NA,NA,NA,NA,NA,NA
13303000100,139.3442205,35.77458789,NA,NA,NA,NA,NA,NA,NA,NA,NA,NA,NA,NA,NA
13303000200,139.3498167,35.77550709,NA,NA,NA,NA,NA,NA,NA,NA,NA,NA,NA,NA,NA
13303000300,139.3540739,35.776287,NA,NA,NA,NA,NA,NA,NA,NA,NA,NA,NA,NA,NA
13303000400,139.3563055,35.77550709,NA,NA,NA,NA,NA,NA,NA,NA,NA,NA,NA,NA,NA
13303000500,139.3568811,35.77251852,NA,NA,NA,NA,NA,NA,NA,NA,NA,NA,NA,NA,NA
13303000600,139.3631033,35.77584134,NA,NA,NA,NA,NA,NA,NA,NA,NA,NA,NA,NA,NA
13303000700,139.3581251,35.77199737,NA,NA,NA,NA,NA,NA,NA,NA,NA,NA,NA,NA,NA
13303000800,139.3597902,35.77082322,NA,NA,NA,NA,NA,NA,NA,NA,NA,NA,NA,NA,NA
13303000900,139.3661932,35.77542352,NA,NA,NA,NA,NA,NA,NA,NA,NA,NA,NA,NA,NA
13303001000,139.3634466,35.77762398,NA,NA,NA,NA,NA,NA,NA,NA,NA,NA,NA,NA,NA
13303001100,139.3606657,35.76982462,NA,NA,NA,NA,NA,NA,NA,NA,NA,NA,NA,NA,NA
13303001200,139.3620514,35.77046311,NA,NA,NA,NA,NA,NA,NA,NA,NA,NA,NA,NA,NA
13303001300,139.3635964,35.77244973,NA,NA,NA,NA,NA,NA,NA,NA,NA,NA,NA,NA,NA
13303001400,139.3625933,35.76994806,NA,NA,NA,NA,NA,NA,NA,NA,NA,NA,NA,NA,NA
13303001500,139.363253,35.76779775,NA,NA,NA,NA,NA,NA,NA,NA,NA,NA,NA,NA,NA
13303001600,139.3652652,35.76712181,NA,NA,NA,NA,NA,NA,NA,NA,NA,NA,NA,NA,NA
13303001700,139.3584481,35.75729499,NA,NA,NA,NA,NA,NA,NA,NA,NA,NA,NA,NA,NA
13303001800,139.3627437,35.79052622,NA,NA,NA,NA,NA,NA,NA,NA,NA,NA,NA,NA,NA
13303001900,139.3614946,35.77596477,NA,NA,NA,NA,NA,NA,NA,NA,NA,NA,NA,NA,NA
13303002000,139.3616055,35.7677568,NA,NA,NA,NA,NA,NA,NA,NA,NA,NA,NA,NA,NA
13303002100,139.3649965,35.77744102,NA,NA,NA,NA,NA,NA,NA,NA,NA,NA,NA,NA,NA
13303002200,139.3629307,35.77104957,NA,NA,NA,NA,NA,NA,NA,NA,NA,NA,NA,NA,NA
13305000100,139.2289512,35.74847833,NA,NA,NA,NA,NA,NA,NA,NA,NA,NA,NA,NA,NA
13305000200,139.2313202,35.74493955,NA,NA,NA,NA,NA,NA,NA,NA,NA,NA,NA,NA,NA
13305000300,139.247422,35.74566404,NA,NA,NA,NA,NA,NA,NA,NA,NA,NA,NA,NA,NA
13305000400,139.2526405,35.74527394,NA,NA,NA,NA,NA,NA,NA,NA,NA,NA,NA,NA,NA
13305000500,139.2670944,35.74435439,NA,NA,NA,NA,NA,NA,NA,NA,NA,NA,NA,NA,NA
13305000600,139.2742012,35.74496742,NA,NA,NA,NA,NA,NA,NA,NA,NA,NA,NA,NA,NA
13305000700,139.2778747,35.74446585,NA,NA,NA,NA,NA,NA,NA,NA,NA,NA,NA,NA,NA
13305000800,139.2770035,35.74067261,NA,NA,NA,NA,NA,NA,NA,NA,NA,NA,NA,NA,NA
13305000900,139.2547562,35.73861047,NA,NA,NA,NA,NA,NA,NA,NA,NA,NA,NA,NA,NA
13305001000,139.2589104,35.73529421,NA,NA,NA,NA,NA,NA,NA,NA,NA,NA,NA,NA,NA
13305001200,139.2302215,35.76257612,NA,NA,NA,NA,NA,NA,NA,NA,NA,NA,NA,NA,NA
13305001300,139.2252434,35.74301685,NA,NA,NA,NA,NA,NA,NA,NA,NA,NA,NA,NA,NA
13305001400,139.2293976,35.74454945,NA,NA,NA,NA,NA,NA,NA,NA,NA,NA,NA,NA,NA
13305001500,139.2692917,35.73958931,NA,NA,NA,NA,NA,NA,NA,NA,NA,NA,NA,NA,NA
13305001600,139.2655022,35.75042527,NA,NA,NA,NA,NA,NA,NA,NA,NA,NA,NA,NA,NA
13305001700,139.2759392,35.73964155,NA,NA,NA,NA,NA,NA,NA,NA,NA,NA,NA,NA,NA
13305001800,139.2825654,35.73827606,NA,NA,NA,NA,NA,NA,NA,NA,NA,NA,NA,NA,NA
13305001900,139.2741196,35.74017102,NA,NA,NA,NA,NA,NA,NA,NA,NA,NA,NA,NA,NA
13305002000,139.2426155,35.74415933,NA,NA,NA,NA,NA,NA,NA,NA,NA,NA,NA,NA,NA
13305002100,139.2686608,35.74053328,NA,NA,NA,NA,NA,NA,NA,NA,NA,NA,NA,NA,NA
13305002200,139.2636826,35.73844327,NA,NA,NA,NA,NA,NA,NA,NA,NA,NA,NA,NA,NA
13305002400,139.2705147,35.7337057,NA,NA,NA,NA,NA,NA,NA,NA,NA,NA,NA,NA,NA
13305002500,139.2134674,35.75878723,NA,NA,NA,NA,NA,NA,NA,NA,NA,NA,NA,NA,NA
13305002600,139.2392724,35.74669154,NA,NA,NA,NA,NA,NA,NA,NA,NA,NA,NA,NA,NA
13307000100,139.0716743,35.75846009,NA,NA,NA,NA,NA,NA,NA,NA,NA,NA,NA,NA,NA
13307000200,139.1327514,35.76495126,NA,NA,NA,NA,NA,NA,NA,NA,NA,NA,NA,NA,NA
13307000300,139.0730444,35.7416383,NA,NA,NA,NA,NA,NA,NA,NA,NA,NA,NA,NA,NA
13307000400,139.0948646,35.74182518,NA,NA,NA,NA,NA,NA,NA,NA,NA,NA,NA,NA,NA
13307000500,139.1125791,35.73067187,NA,NA,NA,NA,NA,NA,NA,NA,NA,NA,NA,NA,NA
13307000600,139.0417998,35.72828461,NA,NA,NA,NA,NA,NA,NA,NA,NA,NA,NA,NA,NA
13307000700,139.0761664,35.7117834,NA,NA,NA,NA,NA,NA,NA,NA,NA,NA,NA,NA,NA
13307000800,139.0845435,35.71373473,NA,NA,NA,NA,NA,NA,NA,NA,NA,NA,NA,NA,NA
13307000900,139.088835,35.71345597,NA,NA,NA,NA,NA,NA,NA,NA,NA,NA,NA,NA,NA
13307001000,139.1256409,35.7036551,NA,NA,NA,NA,NA,NA,NA,NA,NA,NA,NA,NA,NA
13307001100,139.1080825,35.70419714,NA,NA,NA,NA,NA,NA,NA,NA,NA,NA,NA,NA,NA
13307001200,139.1097992,35.70210617,NA,NA,NA,NA,NA,NA,NA,NA,NA,NA,NA,NA,NA
13307001300,139.1229818,35.73855867,NA,NA,NA,NA,NA,NA,NA,NA,NA,NA,NA,NA,NA
13307001400,139.1337262,35.74089328,NA,NA,NA,NA,NA,NA,NA,NA,NA,NA,NA,NA,NA
13307001500,139.1358204,35.74078181,NA,NA,NA,NA,NA,NA,NA,NA,NA,NA,NA,NA,NA
13307001600,139.1388968,35.74029316,NA,NA,NA,NA,NA,NA,NA,NA,NA,NA,NA,NA,NA
13307001700,139.1449211,35.72981401,NA,NA,NA,NA,NA,NA,NA,NA,NA,NA,NA,NA,NA
13307001800,139.146775,35.72610719,NA,NA,NA,NA,NA,NA,NA,NA,NA,NA,NA,NA,NA
13307001900,139.1449211,35.72574485,NA,NA,NA,NA,NA,NA,NA,NA,NA,NA,NA,NA,NA
13307002000,139.1426895,35.73073373,NA,NA,NA,NA,NA,NA,NA,NA,NA,NA,NA,NA,NA
13307002100,139.1114814,35.70297044,NA,NA,NA,NA,NA,NA,NA,NA,NA,NA,NA,NA,NA
13307002200,139.1402519,35.70285892,NA,NA,NA,NA,NA,NA,NA,NA,NA,NA,NA,NA,NA
13307002300,139.1575337,35.70161329,NA,NA,NA,NA,NA,NA,NA,NA,NA,NA,NA,NA,NA
13307002400,139.0814246,35.76993768,NA,NA,NA,NA,NA,NA,NA,NA,NA,NA,NA,NA,NA
13307002500,139.1036033,35.77795986,NA,NA,NA,NA,NA,NA,NA,NA,NA,NA,NA,NA,NA
13307002600,139.1320304,35.74698086,NA,NA,NA,NA,NA,NA,NA,NA,NA,NA,NA,NA,NA
13307002700,139.1409169,35.73932615,NA,NA,NA,NA,NA,NA,NA,NA,NA,NA,NA,NA,NA
13307002800,139.1578961,35.68831996,NA,NA,NA,NA,NA,NA,NA,NA,NA,NA,NA,NA,NA
13307002900,139.1267739,35.70396177,NA,NA,NA,NA,NA,NA,NA,NA,NA,NA,NA,NA,NA
13307003000,139.1201134,35.70479815,NA,NA,NA,NA,NA,NA,NA,NA,NA,NA,NA,NA,NA
13307003100,139.0833418,35.7200623,NA,NA,NA,NA,NA,NA,NA,NA,NA,NA,NA,NA,NA
13307003200,139.1059035,35.72042181,NA,NA,NA,NA,NA,NA,NA,NA,NA,NA,NA,NA,NA
13307003300,139.0688215,35.74127604,NA,NA,NA,NA,NA,NA,NA,NA,NA,NA,NA,NA,NA
13307003400,139.1212995,35.73727677,NA,NA,NA,NA,NA,NA,NA,NA,NA,NA,NA,NA,NA
13307003500,139.1440068,35.73835081,NA,NA,NA,NA,NA,NA,NA,NA,NA,NA,NA,NA,NA
13307003600,139.1138686,35.73115239,NA,NA,NA,NA,NA,NA,NA,NA,NA,NA,NA,NA,NA
13307003700,139.1408482,35.74010642,NA,NA,NA,NA,NA,NA,NA,NA,NA,NA,NA,NA,NA
13307003800,139.0498679,35.72669596,NA,NA,NA,NA,NA,NA,NA,NA,NA,NA,NA,NA,NA
13307003900,139.1099708,35.70297044,NA,NA,NA,NA,NA,NA,NA,NA,NA,NA,NA,NA,NA
13307004000,139.1200447,35.70582967,NA,NA,NA,NA,NA,NA,NA,NA,NA,NA,NA,NA,NA
13307004100,139.1467896,35.70454724,NA,NA,NA,NA,NA,NA,NA,NA,NA,NA,NA,NA,NA
13307004200,139.1520279,35.71431665,NA,NA,NA,NA,NA,NA,NA,NA,NA,NA,NA,NA,NA
13308000100,138.9890009,35.77751389,NA,NA,NA,NA,NA,NA,NA,NA,NA,NA,NA,NA,NA
13308000200,138.9981538,35.77369976,NA,NA,NA,NA,NA,NA,NA,NA,NA,NA,NA,NA,NA
13308000300,139.0014734,35.7731148,NA,NA,NA,NA,NA,NA,NA,NA,NA,NA,NA,NA,NA
13308000400,139.0117044,35.77634593,NA,NA,NA,NA,NA,NA,NA,NA,NA,NA,NA,NA,NA
13308000500,139.0211909,35.77246903,NA,NA,NA,NA,NA,NA,NA,NA,NA,NA,NA,NA,NA
13308000600,139.0250805,35.77440271,NA,NA,NA,NA,NA,NA,NA,NA,NA,NA,NA,NA,NA
13308000700,139.0220659,35.77668017,NA,NA,NA,NA,NA,NA,NA,NA,NA,NA,NA,NA,NA
13308000800,139.0239885,35.77709798,NA,NA,NA,NA,NA,NA,NA,NA,NA,NA,NA,NA,NA
13308000900,139.0244349,35.77963263,NA,NA,NA,NA,NA,NA,NA,NA,NA,NA,NA,NA,NA
13308001000,139.0349405,35.78010612,NA,NA,NA,NA,NA,NA,NA,NA,NA,NA,NA,NA,NA
13308001100,139.0387171,35.7789363,NA,NA,NA,NA,NA,NA,NA,NA,NA,NA,NA,NA,NA
13308001400,139.0386141,35.78294704,NA,NA,NA,NA,NA,NA,NA,NA,NA,NA,NA,NA,NA
13308001500,139.0490168,35.78350407,NA,NA,NA,NA,NA,NA,NA,NA,NA,NA,NA,NA,NA
13308001600,138.9983864,35.7936499,NA,NA,NA,NA,NA,NA,NA,NA,NA,NA,NA,NA,NA
13308001700,139.0788515,35.78676262,NA,NA,NA,NA,NA,NA,NA,NA,NA,NA,NA,NA,NA
13308001800,139.0792978,35.80639467,NA,NA,NA,NA,NA,NA,NA,NA,NA,NA,NA,NA,NA
13308001900,139.0876063,35.80867779,NA,NA,NA,NA,NA,NA,NA,NA,NA,NA,NA,NA,NA
13308002000,139.0940264,35.81265919,NA,NA,NA,NA,NA,NA,NA,NA,NA,NA,NA,NA,NA
13308002100,139.095434,35.80753624,NA,NA,NA,NA,NA,NA,NA,NA,NA,NA,NA,NA,NA
13308002200,139.0950564,35.80695153,NA,NA,NA,NA,NA,NA,NA,NA,NA,NA,NA,NA,NA
13308002300,139.0936144,35.8046962,NA,NA,NA,NA,NA,NA,NA,NA,NA,NA,NA,NA,NA
13308002400,139.1120508,35.81115575,NA,NA,NA,NA,NA,NA,NA,NA,NA,NA,NA,NA,NA
13308002500,139.1131495,35.81257566,NA,NA,NA,NA,NA,NA,NA,NA,NA,NA,NA,NA,NA
13308002600,139.1133898,35.8001018,NA,NA,NA,NA,NA,NA,NA,NA,NA,NA,NA,NA,NA
13308002700,139.1162737,35.79976765,NA,NA,NA,NA,NA,NA,NA,NA,NA,NA,NA,NA,NA
13308002800,139.1265991,35.81663342,NA,NA,NA,NA,NA,NA,NA,NA,NA,NA,NA,NA,NA
13308002900,139.1347359,35.81479597,NA,NA,NA,NA,NA,NA,NA,NA,NA,NA,NA,NA,NA
13308003000,139.1315773,35.81295848,NA,NA,NA,NA,NA,NA,NA,NA,NA,NA,NA,NA,NA
13308003100,139.1342552,35.81220677,NA,NA,NA,NA,NA,NA,NA,NA,NA,NA,NA,NA,NA
13308003200,139.1413963,35.81822028,NA,NA,NA,NA,NA,NA,NA,NA,NA,NA,NA,NA,NA
13308003300,139.1397484,35.81387723,NA,NA,NA,NA,NA,NA,NA,NA,NA,NA,NA,NA,NA
13308003400,139.1464775,35.81471245,NA,NA,NA,NA,NA,NA,NA,NA,NA,NA,NA,NA,NA
13308003500,139.1506317,35.81493517,NA,NA,NA,NA,NA,NA,NA,NA,NA,NA,NA,NA,NA
13308003600,139.153138,35.81546414,NA,NA,NA,NA,NA,NA,NA,NA,NA,NA,NA,NA,NA
13308003700,139.151696,35.81749645,NA,NA,NA,NA,NA,NA,NA,NA,NA,NA,NA,NA,NA
13308003800,139.1531723,35.81293063,NA,NA,NA,NA,NA,NA,NA,NA,NA,NA,NA,NA,NA
13308003900,139.1566055,35.80842024,NA,NA,NA,NA,NA,NA,NA,NA,NA,NA,NA,NA,NA
13308004000,139.1596955,35.80972884,NA,NA,NA,NA,NA,NA,NA,NA,NA,NA,NA,NA,NA
13308004100,139.1596611,35.81117662,NA,NA,NA,NA,NA,NA,NA,NA,NA,NA,NA,NA,NA
13308004200,139.1617554,35.81401643,NA,NA,NA,NA,NA,NA,NA,NA,NA,NA,NA,NA,NA
13308004300,139.1672142,35.80906062,NA,NA,NA,NA,NA,NA,NA,NA,NA,NA,NA,NA,NA
13308004400,139.1684158,35.80797476,NA,NA,NA,NA,NA,NA,NA,NA,NA,NA,NA,NA,NA
13308004500,139.1675919,35.80711163,NA,NA,NA,NA,NA,NA,NA,NA,NA,NA,NA,NA,NA
13308004600,139.1651028,35.83024788,NA,NA,NA,NA,NA,NA,NA,NA,NA,NA,NA,NA,NA
13308004700,139.1648968,35.82788187,NA,NA,NA,NA,NA,NA,NA,NA,NA,NA,NA,NA,NA
13308004800,139.1639698,35.82693544,NA,NA,NA,NA,NA,NA,NA,NA,NA,NA,NA,NA,NA
13308004900,139.1632832,35.82476418,NA,NA,NA,NA,NA,NA,NA,NA,NA,NA,NA,NA,NA
13308005000,139.0800531,35.81572166,NA,NA,NA,NA,NA,NA,NA,NA,NA,NA,NA,NA,NA
13308005100,139.1211403,35.82921603,NA,NA,NA,NA,NA,NA,NA,NA,NA,NA,NA,NA,NA
