landscape_unit_id,watersystem_code,watersystem_name,unit_basin_code,gsi_landform_class,available_area_m2,available_area_km2,available_share_known,available_share_basin,landform_coverage_ratio,resolution_m,source,selection_inference_ready
B_120000_10_LF_CLASS::旧水部,120000,,10,旧水部,20700.0,0.0207,1.0,1.0,1.0,10.0,GSI_natural_landform_GeoJSON_rasterized,True
B_120000_11_LF_CLASS::旧水部,120000,,11,旧水部,10800.0,0.0108,1.0,1.0,1.0,10.0,GSI_natural_landform_GeoJSON_rasterized,True
B_120000_12_LF_CLASS::水部,120000,,12,水部,500.0,0.0005,0.009578544061302681,0.009578544061302681,1.0,10.0,GSI_natural_landform_GeoJSON_rasterized,True
B_120000_12_LF_CLASS::旧水部,120000,,12,旧水部,51700.0,0.0517,0.9904214559386973,0.9904214559386973,1.0,10.0,GSI_natural_landform_GeoJSON_rasterized,True
B_120000_13_LF_CLASS::水部,120000,,13,水部,2400.0,0.0024,0.11483253588516747,0.11483253588516747,1.0,10.0,GSI_natural_landform_GeoJSON_rasterized,True
B_120000_13_LF_CLASS::旧水部,120000,,13,旧水部,18500.0,0.0185,0.8851674641148325,0.8851674641148325,1.0,10.0,GSI_natural_landform_GeoJSON_rasterized,True
B_120000_14_LF_CLASS::水部,120000,,14,水部,2200.0,0.0022,0.2222222222222222,0.2222222222222222,1.0,10.0,GSI_natural_landform_GeoJSON_rasterized,True
B_120000_14_LF_CLASS::旧水部,120000,,14,旧水部,7700.0,0.0077,0.7777777777777778,0.7777777777777778,1.0,10.0,GSI_natural_landform_GeoJSON_rasterized,True
B_120000_15_LF_CLASS::水部,120000,,15,水部,5400.0,0.0054,0.5,0.5,1.0,10.0,GSI_natural_landform_GeoJSON_rasterized,True
B_120000_15_LF_CLASS::旧水部,120000,,15,旧水部,5400.0,0.0054,0.5,0.5,1.0,10.0,GSI_natural_landform_GeoJSON_rasterized,True
B_120000_16_LF_CLASS::水部,120000,,16,水部,4400.0,0.0044,0.21052631578947367,0.21052631578947367,1.0,10.0,GSI_natural_landform_GeoJSON_rasterized,True
B_120000_16_LF_CLASS::旧水部,120000,,16,旧水部,16500.0,0.0165,0.7894736842105263,0.7894736842105263,1.0,10.0,GSI_natural_landform_GeoJSON_rasterized,True
B_120000_2_LF_CLASS::山地斜面等,120000,,2,山地斜面等,4900.0,0.0049,0.44545454545454544,0.44545454545454544,1.0,10.0,GSI_natural_landform_GeoJSON_rasterized,True
B_120000_2_LF_CLASS::台地・段丘,120000,,2,台地・段丘,5900.0,0.0059,0.5363636363636364,0.5363636363636364,1.0,10.0,GSI_natural_landform_GeoJSON_rasterized,True
B_120000_2_LF_CLASS::凹地・浅い谷,120000,,2,凹地・浅い谷,200.0,0.0002,0.01818181818181818,0.01818181818181818,1.0,10.0,GSI_natural_landform_GeoJSON_rasterized,True
B_120000_3_LF_CLASS::台地・段丘,120000,,3,台地・段丘,11000.0,0.011,1.0,1.0,1.0,10.0,GSI_natural_landform_GeoJSON_rasterized,True
B_120000_4_LF_CLASS::山地斜面等,120000,,4,山地斜面等,3400.0,0.0034,0.1642512077294686,0.1642512077294686,1.0,10.0,GSI_natural_landform_GeoJSON_rasterized,True
B_120000_4_LF_CLASS::台地・段丘,120000,,4,台地・段丘,17300.0,0.0173,0.8357487922705314,0.8357487922705314,1.0,10.0,GSI_natural_landform_GeoJSON_rasterized,True
B_120000_5_LF_CLASS::砂州・砂丘,120000,,5,砂州・砂丘,3500.0,0.0035,0.35353535353535354,0.35353535353535354,1.0,10.0,GSI_natural_landform_GeoJSON_rasterized,True
B_120000_5_LF_CLASS::氾濫平野・海岸平野,120000,,5,氾濫平野・海岸平野,6400.0,0.0064,0.6464646464646465,0.6464646464646465,1.0,10.0,GSI_natural_landform_GeoJSON_rasterized,True
B_120000_6_LF_CLASS::台地・段丘,120000,,6,台地・段丘,21900.0,0.0219,1.0,1.0,1.0,10.0,GSI_natural_landform_GeoJSON_rasterized,True
B_120000_7_LF_CLASS::氾濫平野・海岸平野,120000,,7,氾濫平野・海岸平野,9900.0,0.0099,1.0,1.0,1.0,10.0,GSI_natural_landform_GeoJSON_rasterized,True
B_120000_8_LF_CLASS::旧水部,120000,,8,旧水部,11000.0,0.011,1.0,1.0,1.0,10.0,GSI_natural_landform_GeoJSON_rasterized,True
B_130000_1_LF_CLASS::崖・段丘崖,130000,,1,崖・段丘崖,163500.0,0.1635,0.0461864406779661,0.0461864406779661,1.0,10.0,GSI_natural_landform_GeoJSON_rasterized,True
B_130000_1_LF_CLASS::台地・段丘,130000,,1,台地・段丘,2384200.0,2.3842,0.673502824858757,0.673502824858757,1.0,10.0,GSI_natural_landform_GeoJSON_rasterized,True
B_130000_1_LF_CLASS::山麓堆積地形,130000,,1,山麓堆積地形,14400.0,0.0144,0.004067796610169492,0.004067796610169492,1.0,10.0,GSI_natural_landform_GeoJSON_rasterized,True
B_130000_1_LF_CLASS::砂州・砂丘,130000,,1,砂州・砂丘,20400.0,0.0204,0.00576271186440678,0.00576271186440678,1.0,10.0,GSI_natural_landform_GeoJSON_rasterized,True
B_130000_1_LF_CLASS::凹地・浅い谷,130000,,1,凹地・浅い谷,207100.0,0.2071,0.05850282485875706,0.05850282485875706,1.0,10.0,GSI_natural_landform_GeoJSON_rasterized,True
B_130000_1_LF_CLASS::氾濫平野・海岸平野,130000,,1,氾濫平野・海岸平野,740800.0,0.7408,0.20926553672316384,0.20926553672316384,1.0,10.0,GSI_natural_landform_GeoJSON_rasterized,True
B_130000_1_LF_CLASS::水部,130000,,1,水部,9600.0,0.0096,0.002711864406779661,0.002711864406779661,1.0,10.0,GSI_natural_landform_GeoJSON_rasterized,True
B_130000_10_LF_CLASS::水部,130000,,10,水部,54700.0,0.0547,0.0450465288643663,0.04503169506874125,0.9996707005845065,10.0,GSI_natural_landform_GeoJSON_rasterized,True
B_130000_10_LF_CLASS::旧水部,130000,,10,旧水部,1159600.0,1.1596,0.9549534711356337,0.9546390055157652,0.9996707005845065,10.0,GSI_natural_landform_GeoJSON_rasterized,True
B_130000_11_LF_CLASS::水部,130000,,11,水部,1400.0,0.0014,0.0012866464479367706,0.0012866464479367706,1.0,10.0,GSI_natural_landform_GeoJSON_rasterized,True
B_130000_11_LF_CLASS::旧水部,130000,,11,旧水部,1086700.0,1.0867,0.9987133535520633,0.9987133535520633,1.0,10.0,GSI_natural_landform_GeoJSON_rasterized,True
B_130000_12_LF_CLASS::水部,130000,,12,水部,35500.0,0.0355,0.047638217928073004,0.047638217928073004,1.0,10.0,GSI_natural_landform_GeoJSON_rasterized,True
B_130000_12_LF_CLASS::旧水部,130000,,12,旧水部,709700.0,0.7097,0.952361782071927,0.952361782071927,1.0,10.0,GSI_natural_landform_GeoJSON_rasterized,True
B_130000_13_LF_CLASS::水部,130000,,13,水部,24800.0,0.0248,0.0403580146460537,0.0403580146460537,1.0,10.0,GSI_natural_landform_GeoJSON_rasterized,True
B_130000_13_LF_CLASS::旧水部,130000,,13,旧水部,589700.0,0.5897,0.9596419853539463,0.9596419853539463,1.0,10.0,GSI_natural_landform_GeoJSON_rasterized,True
B_130000_14_LF_CLASS::水部,130000,,14,水部,30300.0,0.0303,0.03623535039464243,0.03623535039464243,1.0,10.0,GSI_natural_landform_GeoJSON_rasterized,True
B_130000_14_LF_CLASS::旧水部,130000,,14,旧水部,805900.0,0.8059,0.9637646496053576,0.9637646496053576,1.0,10.0,GSI_natural_landform_GeoJSON_rasterized,True
B_130000_15_LF_CLASS::水部,130000,,15,水部,31600.0,0.0316,0.07229466941203386,0.07229466941203386,1.0,10.0,GSI_natural_landform_GeoJSON_rasterized,True
B_130000_15_LF_CLASS::旧水部,130000,,15,旧水部,405500.0,0.4055,0.9277053305879661,0.9277053305879661,1.0,10.0,GSI_natural_landform_GeoJSON_rasterized,True
B_130000_16_LF_CLASS::水部,130000,,16,水部,64600.0,0.0646,0.08813096862210096,0.08813096862210096,1.0,10.0,GSI_natural_landform_GeoJSON_rasterized,True
B_130000_16_LF_CLASS::旧水部,130000,,16,旧水部,668400.0,0.6684,0.9118690313778991,0.9118690313778991,1.0,10.0,GSI_natural_landform_GeoJSON_rasterized,True
B_130000_17_LF_CLASS::水部,130000,,17,水部,28700.0,0.0287,0.05714854639585822,0.05714854639585822,1.0,10.0,GSI_natural_landform_GeoJSON_rasterized,True
B_130000_17_LF_CLASS::旧水部,130000,,17,旧水部,473500.0,0.4735,0.9428514536041418,0.9428514536041418,1.0,10.0,GSI_natural_landform_GeoJSON_rasterized,True
B_130000_18_LF_CLASS::水部,130000,,18,水部,19300.0,0.0193,0.05980787108769755,0.05980787108769755,1.0,10.0,GSI_natural_landform_GeoJSON_rasterized,True
B_130000_18_LF_CLASS::旧水部,130000,,18,旧水部,303400.0,0.3034,0.9401921289123024,0.9401921289123024,1.0,10.0,GSI_natural_landform_GeoJSON_rasterized,True
B_130000_19_LF_CLASS::水部,130000,,19,水部,211500.0,0.2115,0.22040433513964153,0.22040433513964153,1.0,10.0,GSI_natural_landform_GeoJSON_rasterized,True
B_130000_19_LF_CLASS::旧水部,130000,,19,旧水部,748100.0,0.7481,0.7795956648603585,0.7795956648603585,1.0,10.0,GSI_natural_landform_GeoJSON_rasterized,True
B_130000_2_LF_CLASS::山地斜面等,130000,,2,山地斜面等,979900.0,0.9799,0.11400151241928916,0.11400151241928916,1.0,10.0,GSI_natural_landform_GeoJSON_rasterized,True
B_130000_2_LF_CLASS::台地・段丘,130000,,2,台地・段丘,5283200.0,5.2832,0.6146471991158164,0.6146471991158164,1.0,10.0,GSI_natural_landform_GeoJSON_rasterized,True
B_130000_2_LF_CLASS::凹地・浅い谷,130000,,2,凹地・浅い谷,1140400.0,1.1404,0.1326740736431854,0.1326740736431854,1.0,10.0,GSI_natural_landform_GeoJSON_rasterized,True
B_130000_2_LF_CLASS::氾濫平野・海岸平野,130000,,2,氾濫平野・海岸平野,1176500.0,1.1765,0.13687394566924554,0.13687394566924554,1.0,10.0,GSI_natural_landform_GeoJSON_rasterized,True
B_130000_2_LF_CLASS::水部,130000,,2,水部,15500.0,0.0155,0.0018032691524634983,0.0018032691524634983,1.0,10.0,GSI_natural_landform_GeoJSON_rasterized,True
B_130000_3_LF_CLASS::山地斜面等,130000,,3,山地斜面等,559300.0,0.5593,0.05181870402282877,0.05181822393106963,0.9999907351646824,10.0,GSI_natural_landform_GeoJSON_rasterized,True
B_130000_3_LF_CLASS::台地・段丘,130000,,3,台地・段丘,6150800.0,6.1508,0.5698667704337836,0.5698614907120026,0.9999907351646824,10.0,GSI_natural_landform_GeoJSON_rasterized,True
B_130000_3_LF_CLASS::凹地・浅い谷,130000,,3,凹地・浅い谷,3833600.0,3.8336,0.3551800174180518,0.35517672673368234,0.9999907351646824,10.0,GSI_natural_landform_GeoJSON_rasterized,True
B_130000_3_LF_CLASS::氾濫平野・海岸平野,130000,,3,氾濫平野・海岸平野,241100.0,0.2411,0.02233772490596105,0.02233751795061843,0.9999907351646824,10.0,GSI_natural_landform_GeoJSON_rasterized,True
B_130000_3_LF_CLASS::水部,130000,,3,水部,8600.0,0.0086,0.0007967832193748032,0.0007967758373094918,0.9999907351646824,10.0,GSI_natural_landform_GeoJSON_rasterized,True
B_130000_4_LF_CLASS::山地斜面等,130000,,4,山地斜面等,1598900.0,1.5989,0.1137845146598349,0.11378289520502127,0.9999857673531547,10.0,GSI_natural_landform_GeoJSON_rasterized,True
B_130000_4_LF_CLASS::崖・段丘崖,130000,,4,崖・段丘崖,220700.0,0.2207,0.01570594933105608,0.015705725793825877,0.9999857673531547,10.0,GSI_natural_landform_GeoJSON_rasterized,True
B_130000_4_LF_CLASS::台地・段丘,130000,,4,台地・段丘,8889100.0,8.8891,0.6325861087389696,0.6325771053642846,0.9999857673531547,10.0,GSI_natural_landform_GeoJSON_rasterized,True
B_130000_4_LF_CLASS::凹地・浅い谷,130000,,4,凹地・浅い谷,955400.0,0.9554,0.06799032166239681,0.06798935398015969,0.9999857673531547,10.0,GSI_natural_landform_GeoJSON_rasterized,True
B_130000_4_LF_CLASS::氾濫平野・海岸平野,130000,,4,氾濫平野・海岸平野,1900800.0,1.9008,0.13526900085397098,0.13526707561805268,0.9999857673531547,10.0,GSI_natural_landform_GeoJSON_rasterized,True
B_130000_4_LF_CLASS::後背低地・湿地,130000,,4,後背低地・湿地,456500.0,0.4565,0.03248647879305437,0.03248601642447446,0.9999857673531547,10.0,GSI_natural_landform_GeoJSON_rasterized,True
B_130000_4_LF_CLASS::水部,130000,,4,水部,30600.0,0.0306,0.0021776259607173354,0.0021775949673360755,0.9999857673531547,10.0,GSI_natural_landform_GeoJSON_rasterized,True
B_130000_5_LF_CLASS::山地斜面等,130000,,5,山地斜面等,437600.0,0.4376,0.054513291974985674,0.054513291974985674,1.0,10.0,GSI_natural_landform_GeoJSON_rasterized,True
B_130000_5_LF_CLASS::崖・段丘崖,130000,,5,崖・段丘崖,257100.0,0.2571,0.03202780476866732,0.03202780476866732,1.0,10.0,GSI_natural_landform_GeoJSON_rasterized,True
B_130000_5_LF_CLASS::台地・段丘,130000,,5,台地・段丘,4660000.0,4.66,0.5805117472656153,0.5805117472656153,1.0,10.0,GSI_natural_landform_GeoJSON_rasterized,True
B_130000_5_LF_CLASS::砂州・砂丘,130000,,5,砂州・砂丘,516700.0,0.5167,0.06436704287814236,0.06436704287814236,1.0,10.0,GSI_natural_landform_GeoJSON_rasterized,True
B_130000_5_LF_CLASS::凹地・浅い谷,130000,,5,凹地・浅い谷,45600.0,0.0456,0.0056805441363330595,0.0056805441363330595,1.0,10.0,GSI_natural_landform_GeoJSON_rasterized,True
B_130000_5_LF_CLASS::氾濫平野・海岸平野,130000,,5,氾濫平野・海岸平野,1533800.0,1.5338,0.19107058325236068,0.19107058325236068,1.0,10.0,GSI_natural_landform_GeoJSON_rasterized,True
B_130000_5_LF_CLASS::後背低地・湿地,130000,,5,後背低地・湿地,443400.0,0.4434,0.05523581732565962,0.05523581732565962,1.0,10.0,GSI_natural_landform_GeoJSON_rasterized,True
B_130000_5_LF_CLASS::水部,130000,,5,水部,133200.0,0.1332,0.016593168398236043,0.016593168398236043,1.0,10.0,GSI_natural_landform_GeoJSON_rasterized,True
B_130000_6_LF_CLASS::山地斜面等,130000,,6,山地斜面等,1275300.0,1.2753,0.17855842737531852,0.17855842737531852,1.0,10.0,GSI_natural_landform_GeoJSON_rasterized,True
B_130000_6_LF_CLASS::台地・段丘,130000,,6,台地・段丘,4116100.0,4.1161,0.5763070202458627,0.5763070202458627,1.0,10.0,GSI_natural_landform_GeoJSON_rasterized,True
B_130000_6_LF_CLASS::山麓堆積地形,130000,,6,山麓堆積地形,9500.0,0.0095,0.0013301223712581557,0.0013301223712581557,1.0,10.0,GSI_natural_landform_GeoJSON_rasterized,True
B_130000_6_LF_CLASS::凹地・浅い谷,130000,,6,凹地・浅い谷,386900.0,0.3869,0.054170983730503205,0.054170983730503205,1.0,10.0,GSI_natural_landform_GeoJSON_rasterized,True
B_130000_6_LF_CLASS::氾濫平野・海岸平野,130000,,6,氾濫平野・海岸平野,1349000.0,1.349,0.18887737671865812,0.18887737671865812,1.0,10.0,GSI_natural_landform_GeoJSON_rasterized,True
B_130000_6_LF_CLASS::水部,130000,,6,水部,5400.0,0.0054,0.0007560695583993727,0.0007560695583993727,1.0,10.0,GSI_natural_landform_GeoJSON_rasterized,True
B_130000_7_LF_CLASS::自然堤防,130000,,7,自然堤防,136600.0,0.1366,0.06313259694042613,0.06307138239911349,0.9990303813833226,10.0,GSI_natural_landform_GeoJSON_rasterized,True
B_130000_7_LF_CLASS::氾濫平野・海岸平野,130000,,7,氾濫平野・海岸平野,2019400.0,2.0194,0.9333086841983639,0.9324037307230585,0.9990303813833226,10.0,GSI_natural_landform_GeoJSON_rasterized,True
B_130000_7_LF_CLASS::水部,130000,,7,水部,7700.0,0.0077,0.0035587188612099642,0.003555268261150614,0.9990303813833226,10.0,GSI_natural_landform_GeoJSON_rasterized,True
B_130000_8_LF_CLASS::水部,130000,,8,水部,102600.0,0.1026,0.07789249924081385,0.07789249924081385,1.0,10.0,GSI_natural_landform_GeoJSON_rasterized,True
B_130000_8_LF_CLASS::旧水部,130000,,8,旧水部,1214600.0,1.2146,0.9221075007591861,0.9221075007591861,1.0,10.0,GSI_natural_landform_GeoJSON_rasterized,True
B_130000_9_LF_CLASS::水部,130000,,9,水部,6000.0,0.006,0.00880023467292461,0.00880023467292461,1.0,10.0,GSI_natural_landform_GeoJSON_rasterized,True
B_130000_9_LF_CLASS::旧水部,130000,,9,旧水部,675800.0,0.6758,0.9911997653270754,0.9911997653270754,1.0,10.0,GSI_natural_landform_GeoJSON_rasterized,True
B_140000_1_LF_CLASS::水部,140000,,1,水部,4500.0,0.0045,1.0,1.0,1.0,10.0,GSI_natural_landform_GeoJSON_rasterized,True
B_140001_5_LF_CLASS::山地斜面等,140001,,5,山地斜面等,1300.0,0.0013,0.018731988472622477,0.01870503597122302,0.9985611510791367,10.0,GSI_natural_landform_GeoJSON_rasterized,True
B_140001_5_LF_CLASS::台地・段丘,140001,,5,台地・段丘,65900.0,0.0659,0.9495677233429395,0.9482014388489208,0.9985611510791367,10.0,GSI_natural_landform_GeoJSON_rasterized,True
B_140001_5_LF_CLASS::氾濫平野・海岸平野,140001,,5,氾濫平野・海岸平野,2100.0,0.0021,0.03025936599423631,0.030215827338129497,0.9985611510791367,10.0,GSI_natural_landform_GeoJSON_rasterized,True
B_140001_5_LF_CLASS::水部,140001,,5,水部,100.0,0.0001,0.001440922190201729,0.0014388489208633094,0.9985611510791367,10.0,GSI_natural_landform_GeoJSON_rasterized,True
B_140013_16_LF_CLASS::山地斜面等,140013,,16,山地斜面等,17400.0,0.0174,0.12357954545454546,0.12357954545454546,1.0,10.0,GSI_natural_landform_GeoJSON_rasterized,True
B_140013_16_LF_CLASS::台地・段丘,140013,,16,台地・段丘,117700.0,0.1177,0.8359375,0.8359375,1.0,10.0,GSI_natural_landform_GeoJSON_rasterized,True
B_140013_16_LF_CLASS::氾濫平野・海岸平野,140013,,16,氾濫平野・海岸平野,5700.0,0.0057,0.040482954545454544,0.040482954545454544,1.0,10.0,GSI_natural_landform_GeoJSON_rasterized,True
B_140013_17_LF_CLASS::山地斜面等,140013,,17,山地斜面等,5384000.0,5.384,0.32747798160673447,0.3274540810120423,0.9999270161780806,10.0,GSI_natural_landform_GeoJSON_rasterized,True
B_140013_17_LF_CLASS::崖・段丘崖,140013,,17,崖・段丘崖,290700.0,0.2907,0.017681621332295266,0.017680330859992703,0.9999270161780806,10.0,GSI_natural_landform_GeoJSON_rasterized,True
B_140013_17_LF_CLASS::台地・段丘,140013,,17,台地・段丘,5938400.0,5.9384,0.36119896842002824,0.36117260673883955,0.9999270161780806,10.0,GSI_natural_landform_GeoJSON_rasterized,True
B_140013_17_LF_CLASS::山麓堆積地形,140013,,17,山麓堆積地形,74600.0,0.0746,0.004537492092842197,0.004537160929327332,0.9999270161780806,10.0,GSI_natural_landform_GeoJSON_rasterized,True
B_140013_17_LF_CLASS::凹地・浅い谷,140013,,17,凹地・浅い谷,4000.0,0.004,0.00024329716315507762,0.0002432794063982484,0.9999270161780806,10.0,GSI_natural_landform_GeoJSON_rasterized,True
B_140013_17_LF_CLASS::氾濫平野・海岸平野,140013,,17,氾濫平野・海岸平野,4504900.0,4.5049,0.27400734757432726,0.2739873494708673,0.9999270161780806,10.0,GSI_natural_landform_GeoJSON_rasterized,True
B_140013_17_LF_CLASS::旧河道,140013,,17,旧河道,123600.0,0.1236,0.007517882341491898,0.007517333657705875,0.9999270161780806,10.0,GSI_natural_landform_GeoJSON_rasterized,True
B_140013_17_LF_CLASS::水部,140013,,17,水部,120600.0,0.1206,0.00733540946912559,0.007334874102907189,0.9999270161780806,10.0,GSI_natural_landform_GeoJSON_rasterized,True
B_140013_19_LF_CLASS::山地斜面等,140013,,19,山地斜面等,1003700.0,1.0037,0.6792772062804547,0.3807229829685544,0.5604824944050374,10.0,GSI_natural_landform_GeoJSON_rasterized,True
B_140013_19_LF_CLASS::台地・段丘,140013,,19,台地・段丘,49400.0,0.0494,0.0334325933946941,0.018738383340287525,0.5604824944050374,10.0,GSI_natural_landform_GeoJSON_rasterized,True
B_140013_19_LF_CLASS::氾濫平野・海岸平野,140013,,19,氾濫平野・海岸平野,421100.0,0.4211,0.28498917162966975,0.1597314417934226,0.5604824944050374,10.0,GSI_natural_landform_GeoJSON_rasterized,True
B_140013_19_LF_CLASS::水部,140013,,19,水部,3400.0,0.0034,0.0023010286951813752,0.0012896863027728256,0.5604824944050374,10.0,GSI_natural_landform_GeoJSON_rasterized,True
B_830303_311_LF_CLASS::水部,830303,,311,水部,300.0,0.0003,1.0,1.0,1.0,10.0,GSI_natural_landform_GeoJSON_rasterized,True
B_830303_343_LF_CLASS::水部,830303,,343,水部,5400.0,0.0054,1.0,1.0,1.0,10.0,GSI_natural_landform_GeoJSON_rasterized,True
B_830303_345_LF_CLASS::自然堤防,830303,,345,自然堤防,1042200.0,1.0422,0.21080523473371224,0.18097520316732651,0.8584948253108287,10.0,GSI_natural_landform_GeoJSON_rasterized,True
B_830303_345_LF_CLASS::氾濫平野・海岸平野,830303,,345,氾濫平野・海岸平野,3571600.0,3.5716,0.7224256154048423,0.620198652497048,0.8584948253108287,10.0,GSI_natural_landform_GeoJSON_rasterized,True
B_830303_345_LF_CLASS::水部,830303,,345,水部,330100.0,0.3301,0.06676914986144541,0.057320969646454126,0.8584948253108287,10.0,GSI_natural_landform_GeoJSON_rasterized,True
B_830303_346_LF_CLASS::自然堤防,830303,,346,自然堤防,215700.0,0.2157,0.6481370192307693,0.4271287128712871,0.659009900990099,10.0,GSI_natural_landform_GeoJSON_rasterized,True
B_830303_346_LF_CLASS::氾濫平野・海岸平野,830303,,346,氾濫平野・海岸平野,21200.0,0.0212,0.06370192307692307,0.04198019801980198,0.659009900990099,10.0,GSI_natural_landform_GeoJSON_rasterized,True
B_830303_346_LF_CLASS::水部,830303,,346,水部,95900.0,0.0959,0.2881610576923077,0.1899009900990099,0.659009900990099,10.0,GSI_natural_landform_GeoJSON_rasterized,True
B_830303_347_LF_CLASS::自然堤防,830303,,347,自然堤防,1348900.0,1.3489,0.2685874716259806,0.23376195757659782,0.8703382781089699,10.0,GSI_natural_landform_GeoJSON_rasterized,True
B_830303_347_LF_CLASS::氾濫平野・海岸平野,830303,,347,氾濫平野・海岸平野,3074000.0,3.074,0.6120823543467007,0.5327187023429918,0.8703382781089699,10.0,GSI_natural_landform_GeoJSON_rasterized,True
B_830303_347_LF_CLASS::旧河道,830303,,347,旧河道,124300.0,0.1243,0.02475010951375891,0.021540967697213365,0.8703382781089699,10.0,GSI_natural_landform_GeoJSON_rasterized,True
B_830303_347_LF_CLASS::水部,830303,,347,水部,467200.0,0.4672,0.0930269602962845,0.08096492444197975,0.8703382781089699,10.0,GSI_natural_landform_GeoJSON_rasterized,True
B_830303_347_LF_CLASS::旧水部,830303,,347,旧水部,7800.0,0.0078,0.0015531042172752976,0.001351726050187162,0.8703382781089699,10.0,GSI_natural_landform_GeoJSON_rasterized,True
B_830303_388_LF_CLASS::自然堤防,830303,,388,自然堤防,20100.0,0.0201,0.0040655339805825245,0.003895197860548041,0.9581023991318166,10.0,GSI_natural_landform_GeoJSON_rasterized,True
B_830303_388_LF_CLASS::砂州・砂丘,830303,,388,砂州・砂丘,919500.0,0.9195,0.18598300970873785,0.1781907677996977,0.9581023991318166,10.0,GSI_natural_landform_GeoJSON_rasterized,True
B_830303_388_LF_CLASS::氾濫平野・海岸平野,830303,,388,氾濫平野・海岸平野,3438900.0,3.4389,0.6955703883495146,0.6664276578427193,0.9581023991318166,10.0,GSI_natural_landform_GeoJSON_rasterized,True
B_830303_388_LF_CLASS::旧河道,830303,,388,旧河道,193800.0,0.1938,0.03919902912621359,0.0375566838494632,0.9581023991318166,10.0,GSI_natural_landform_GeoJSON_rasterized,True
B_830303_388_LF_CLASS::水部,830303,,388,水部,371700.0,0.3717,0.07518203883495146,0.0720320917793884,0.9581023991318166,10.0,GSI_natural_landform_GeoJSON_rasterized,True
B_830303_389_LF_CLASS::自然堤防,830303,,389,自然堤防,275900.0,0.2759,0.10168054838947446,0.09862024592507863,0.9699027738061196,10.0,GSI_natural_landform_GeoJSON_rasterized,True
B_830303_389_LF_CLASS::砂州・砂丘,830303,,389,砂州・砂丘,6400.0,0.0064,0.002358664406279944,0.002287675150128682,0.9699027738061196,10.0,GSI_natural_landform_GeoJSON_rasterized,True
B_830303_389_LF_CLASS::氾濫平野・海岸平野,830303,,389,氾濫平野・海岸平野,2270500.0,2.2705,0.8367730522591582,0.8115885044323706,0.9699027738061196,10.0,GSI_natural_landform_GeoJSON_rasterized,True
B_830303_389_LF_CLASS::水部,830303,,389,水部,160600.0,0.1606,0.05918773494508735,0.057406348298541604,0.9699027738061196,10.0,GSI_natural_landform_GeoJSON_rasterized,True
B_830303_390_LF_CLASS::自然堤防,830303,,390,自然堤防,1708500.0,1.7085,0.26172676858972393,0.2497989619124205,0.9544264931647051,10.0,GSI_natural_landform_GeoJSON_rasterized,True
B_830303_390_LF_CLASS::氾濫平野・海岸平野,830303,,390,氾濫平野・海岸平野,4297400.0,4.2974,0.6583228652838629,0.6283207836830178,0.9544264931647051,10.0,GSI_natural_landform_GeoJSON_rasterized,True
B_830303_390_LF_CLASS::旧河道,830303,,390,旧河道,121700.0,0.1217,0.018643340788627102,0.017793698369763872,0.9544264931647051,10.0,GSI_natural_landform_GeoJSON_rasterized,True
B_830303_390_LF_CLASS::水部,830303,,390,水部,400000.0,0.4,0.061276387144213976,0.05848380729585496,0.9544264931647051,10.0,GSI_natural_landform_GeoJSON_rasterized,True
B_830303_390_LF_CLASS::旧水部,830303,,390,旧水部,200.0,0.0002,3.0638193572106986e-05,2.924190364792748e-05,0.9544264931647051,10.0,GSI_natural_landform_GeoJSON_rasterized,True
B_830303_391_LF_CLASS::自然堤防,830303,,391,自然堤防,1062900.0,1.0629,0.32129254579529654,0.30078102892070857,0.9361593751768634,10.0,GSI_natural_landform_GeoJSON_rasterized,True
B_830303_391_LF_CLASS::氾濫平野・海岸平野,830303,,391,氾濫平野・海岸平野,1555600.0,1.5556,0.4702255002720513,0.44020601052691155,0.9361593751768634,10.0,GSI_natural_landform_GeoJSON_rasterized,True
B_830303_391_LF_CLASS::旧河道,830303,,391,旧河道,233700.0,0.2337,0.07064264554742761,0.06613277491652046,0.9361593751768634,10.0,GSI_natural_landform_GeoJSON_rasterized,True
B_830303_391_LF_CLASS::落堀,830303,,391,落堀,37000.0,0.037,0.011184329847046733,0.010470315241383213,0.9361593751768634,10.0,GSI_natural_landform_GeoJSON_rasterized,True
B_830303_391_LF_CLASS::水部,830303,,391,水部,414200.0,0.4142,0.12520403844991235,0.11721093440488992,0.9361593751768634,10.0,GSI_natural_landform_GeoJSON_rasterized,True
B_830303_391_LF_CLASS::旧水部,830303,,391,旧水部,4800.0,0.0048,0.001450940088265522,0.001358311166449714,0.9361593751768634,10.0,GSI_natural_landform_GeoJSON_rasterized,True
B_830303_393_LF_CLASS::自然堤防,830303,,393,自然堤防,3122600.0,3.1226,0.2737321937321937,0.26902267558067405,0.9827951616238197,10.0,GSI_natural_landform_GeoJSON_rasterized,True
B_830303_393_LF_CLASS::砂州・砂丘,830303,,393,砂州・砂丘,174800.0,0.1748,0.01532325224632917,0.015059618168033634,0.9827951616238197,10.0,GSI_natural_landform_GeoJSON_rasterized,True
B_830303_393_LF_CLASS::氾濫平野・海岸平野,830303,,393,氾濫平野・海岸平野,7226200.0,7.2262,0.6334604426912119,0.622561858157006,0.9827951616238197,10.0,GSI_natural_landform_GeoJSON_rasterized,True
B_830303_393_LF_CLASS::旧河道,830303,,393,旧河道,90400.0,0.0904,0.007924611001534078,0.007788269350058584,0.9827951616238197,10.0,GSI_natural_landform_GeoJSON_rasterized,True
B_830303_393_LF_CLASS::水部,830303,,393,水部,777300.0,0.7773,0.06813938198553583,0.06696705493142188,0.9827951616238197,10.0,GSI_natural_landform_GeoJSON_rasterized,True
B_830303_393_LF_CLASS::旧水部,830303,,393,旧水部,16200.0,0.0162,0.0014201183431952662,0.0013956854366255428,0.9827951616238197,10.0,GSI_natural_landform_GeoJSON_rasterized,True
B_830303_423_LF_CLASS::砂州・砂丘,830303,,423,砂州・砂丘,12300.0,0.0123,0.05032733224222586,0.05032733224222586,1.0,10.0,GSI_natural_landform_GeoJSON_rasterized,True
B_830303_423_LF_CLASS::氾濫平野・海岸平野,830303,,423,氾濫平野・海岸平野,139300.0,0.1393,0.5699672667757774,0.5699672667757774,1.0,10.0,GSI_natural_landform_GeoJSON_rasterized,True
B_830303_423_LF_CLASS::水部,830303,,423,水部,92800.0,0.0928,0.37970540098199673,0.37970540098199673,1.0,10.0,GSI_natural_landform_GeoJSON_rasterized,True
B_830303_424_LF_CLASS::砂州・砂丘,830303,,424,砂州・砂丘,68000.0,0.068,0.2399435426958363,0.2399435426958363,1.0,10.0,GSI_natural_landform_GeoJSON_rasterized,True
B_830303_424_LF_CLASS::氾濫平野・海岸平野,830303,,424,氾濫平野・海岸平野,182900.0,0.1829,0.6453775582215949,0.6453775582215949,1.0,10.0,GSI_natural_landform_GeoJSON_rasterized,True
B_830303_424_LF_CLASS::水部,830303,,424,水部,32500.0,0.0325,0.11467889908256881,0.11467889908256881,1.0,10.0,GSI_natural_landform_GeoJSON_rasterized,True
B_830303_425_LF_CLASS::自然堤防,830303,,425,自然堤防,479000.0,0.479,0.15756060655899476,0.15726574299034737,0.9981285704905115,10.0,GSI_natural_landform_GeoJSON_rasterized,True
B_830303_425_LF_CLASS::氾濫平野・海岸平野,830303,,425,氾濫平野・海岸平野,2521500.0,2.5215,0.8294135061346666,0.8278613172237179,0.9981285704905115,10.0,GSI_natural_landform_GeoJSON_rasterized,True
B_830303_425_LF_CLASS::水部,830303,,425,水部,39600.0,0.0396,0.013025887306338607,0.013001510276446254,0.9981285704905115,10.0,GSI_natural_landform_GeoJSON_rasterized,True
B_830303_426_LF_CLASS::自然堤防,830303,,426,自然堤防,664800.0,0.6648,0.20945179584120982,0.20926059995593188,0.999087160439422,10.0,GSI_natural_landform_GeoJSON_rasterized,True
B_830303_426_LF_CLASS::氾濫平野・海岸平野,830303,,426,氾濫平野・海岸平野,2498000.0,2.498,0.7870195337114052,0.7863011111460858,0.999087160439422,10.0,GSI_natural_landform_GeoJSON_rasterized,True
B_830303_426_LF_CLASS::水部,830303,,426,水部,11200.0,0.0112,0.003528670447385003,0.003525449337404388,0.999087160439422,10.0,GSI_natural_landform_GeoJSON_rasterized,True
B_830303_427_LF_CLASS::自然堤防,830303,,427,自然堤防,1597300.0,1.5973,0.27709254922369675,0.27667977343195166,0.9985103324037345,10.0,GSI_natural_landform_GeoJSON_rasterized,True
B_830303_427_LF_CLASS::氾濫平野・海岸平野,830303,,427,氾濫平野・海岸平野,3386800.0,3.3868,0.5875271055598924,0.5866518854688122,0.9985103324037345,10.0,GSI_natural_landform_GeoJSON_rasterized,True
B_830303_427_LF_CLASS::旧河道,830303,,427,旧河道,136700.0,0.1367,0.023714112238702404,0.023678786094126207,0.9985103324037345,10.0,GSI_natural_landform_GeoJSON_rasterized,True
B_830303_427_LF_CLASS::水部,830303,,427,水部,643700.0,0.6437,0.11166623297770839,0.11149988740884446,0.9985103324037345,10.0,GSI_natural_landform_GeoJSON_rasterized,True
B_830303_430_LF_CLASS::自然堤防,830303,,430,自然堤防,341700.0,0.3417,0.41635189472401607,0.4159970781592403,0.9991477964450938,10.0,GSI_natural_landform_GeoJSON_rasterized,True
B_830303_430_LF_CLASS::氾濫平野・海岸平野,830303,,430,氾濫平野・海岸平野,420800.0,0.4208,0.5127330327768977,0.5122960798636474,0.9991477964450938,10.0,GSI_natural_landform_GeoJSON_rasterized,True
B_830303_430_LF_CLASS::旧河道,830303,,430,旧河道,1300.0,0.0013,0.0015840136468868039,0.001582663744825907,0.9991477964450938,10.0,GSI_natural_landform_GeoJSON_rasterized,True
B_830303_430_LF_CLASS::水部,830303,,430,水部,56900.0,0.0569,0.06933105885219934,0.06927197467738008,0.9991477964450938,10.0,GSI_natural_landform_GeoJSON_rasterized,True
B_830303_432_LF_CLASS::自然堤防,830303,,432,自然堤防,3104500.0,3.1045,0.17276880867711794,0.17259495641344957,0.9989937288738658,10.0,GSI_natural_landform_GeoJSON_rasterized,True
B_830303_432_LF_CLASS::氾濫平野・海岸平野,830303,,432,氾濫平野・海岸平野,13842900.0,13.8429,0.7703724727448787,0.769597269169187,0.9989937288738658,10.0,GSI_natural_landform_GeoJSON_rasterized,True
B_830303_432_LF_CLASS::旧河道,830303,,432,旧河道,507100.0,0.5071,0.02822066770177694,0.028192270058708415,0.9989937288738658,10.0,GSI_natural_landform_GeoJSON_rasterized,True
B_830303_432_LF_CLASS::水部,830303,,432,水部,509500.0,0.5095,0.02835423031760077,0.02832569827432841,0.9989937288738658,10.0,GSI_natural_landform_GeoJSON_rasterized,True
B_830303_432_LF_CLASS::旧水部,830303,,432,旧水部,5100.0,0.0051,0.0002838205586256407,0.0002835349581924924,0.9989937288738658,10.0,GSI_natural_landform_GeoJSON_rasterized,True
B_830303_468_LF_CLASS::自然堤防,830303,,468,自然堤防,108700.0,0.1087,0.1422961120565519,0.1422961120565519,1.0,10.0,GSI_natural_landform_GeoJSON_rasterized,True
B_830303_468_LF_CLASS::砂州・砂丘,830303,,468,砂州・砂丘,500.0,0.0005,0.0006545359340227779,0.0006545359340227779,1.0,10.0,GSI_natural_landform_GeoJSON_rasterized,True
B_830303_468_LF_CLASS::氾濫平野・海岸平野,830303,,468,氾濫平野・海岸平野,506000.0,0.506,0.6623903652310512,0.6623903652310512,1.0,10.0,GSI_natural_landform_GeoJSON_rasterized,True
B_830303_468_LF_CLASS::水部,830303,,468,水部,148700.0,0.1487,0.19465898677837412,0.19465898677837412,1.0,10.0,GSI_natural_landform_GeoJSON_rasterized,True
B_830303_469_LF_CLASS::自然堤防,830303,,469,自然堤防,89800.0,0.0898,0.09029663147310206,0.08990788946736084,0.9956948338005607,10.0,GSI_natural_landform_GeoJSON_rasterized,True
B_830303_469_LF_CLASS::砂州・砂丘,830303,,469,砂州・砂丘,170200.0,0.1702,0.17114127702362997,0.17040448538245895,0.9956948338005607,10.0,GSI_natural_landform_GeoJSON_rasterized,True
B_830303_469_LF_CLASS::氾濫平野・海岸平野,830303,,469,氾濫平野・海岸平野,684800.0,0.6848,0.6885872297637003,0.6856227472967561,0.9956948338005607,10.0,GSI_natural_landform_GeoJSON_rasterized,True
B_830303_469_LF_CLASS::水部,830303,,469,水部,49700.0,0.0497,0.049974861739567625,0.04975971165398478,0.9956948338005607,10.0,GSI_natural_landform_GeoJSON_rasterized,True
B_830303_470_LF_CLASS::自然堤防,830303,,470,自然堤防,9600.0,0.0096,0.003921728828792026,0.003921728828792026,1.0,10.0,GSI_natural_landform_GeoJSON_rasterized,True
B_830303_470_LF_CLASS::砂州・砂丘,830303,,470,砂州・砂丘,189800.0,0.1898,0.07753584705257567,0.07753584705257567,1.0,10.0,GSI_natural_landform_GeoJSON_rasterized,True
B_830303_470_LF_CLASS::氾濫平野・海岸平野,830303,,470,氾濫平野・海岸平野,1295000.0,1.295,0.5290248784672577,0.5290248784672577,1.0,10.0,GSI_natural_landform_GeoJSON_rasterized,True
B_830303_470_LF_CLASS::水部,830303,,470,水部,2600.0,0.0026,0.0010621348911311736,0.0010621348911311736,1.0,10.0,GSI_natural_landform_GeoJSON_rasterized,True
B_830303_470_LF_CLASS::旧水部,830303,,470,旧水部,950900.0,0.9509,0.3884554107602435,0.3884554107602435,1.0,10.0,GSI_natural_landform_GeoJSON_rasterized,True
B_830303_471_LF_CLASS::自然堤防,830303,,471,自然堤防,125100.0,0.1251,0.12585513078470825,0.1255141968496037,0.9972910604996489,10.0,GSI_natural_landform_GeoJSON_rasterized,True
B_830303_471_LF_CLASS::砂州・砂丘,830303,,471,砂州・砂丘,25600.0,0.0256,0.025754527162977867,0.02568475970703321,0.9972910604996489,10.0,GSI_natural_landform_GeoJSON_rasterized,True
B_830303_471_LF_CLASS::氾濫平野・海岸平野,830303,,471,氾濫平野・海岸平野,806200.0,0.8062,0.811066398390342,0.8088692685863349,0.9972910604996489,10.0,GSI_natural_landform_GeoJSON_rasterized,True
B_830303_471_LF_CLASS::旧河道,830303,,471,旧河道,8100.0,0.0081,0.008148893360160966,0.008126818501053476,0.9972910604996489,10.0,GSI_natural_landform_GeoJSON_rasterized,True
B_830303_471_LF_CLASS::水部,830303,,471,水部,27300.0,0.0273,0.027464788732394368,0.027390388281328382,0.9972910604996489,10.0,GSI_natural_landform_GeoJSON_rasterized,True
B_830303_471_LF_CLASS::旧水部,830303,,471,旧水部,1700.0,0.0017,0.001710261569416499,0.0017056285742951742,0.9972910604996489,10.0,GSI_natural_landform_GeoJSON_rasterized,True
B_830303_472_LF_CLASS::自然堤防,830303,,472,自然堤防,18900.0,0.0189,0.15390879478827363,0.13745454545454547,0.893090909090909,10.0,GSI_natural_landform_GeoJSON_rasterized,True
B_830303_472_LF_CLASS::氾濫平野・海岸平野,830303,,472,氾濫平野・海岸平野,31400.0,0.0314,0.255700325732899,0.22836363636363635,0.893090909090909,10.0,GSI_natural_landform_GeoJSON_rasterized,True
B_830303_472_LF_CLASS::水部,830303,,472,水部,72500.0,0.0725,0.5903908794788274,0.5272727272727272,0.893090909090909,10.0,GSI_natural_landform_GeoJSON_rasterized,True
B_830303_473_LF_CLASS::自然堤防,830303,,473,自然堤防,100.0,0.0001,0.0003097893432465923,0.00029027576197387516,0.9370101596516691,10.0,GSI_natural_landform_GeoJSON_rasterized,True
B_830303_473_LF_CLASS::氾濫平野・海岸平野,830303,,473,氾濫平野・海岸平野,222500.0,0.2225,0.6892812887236679,0.6458635703918723,0.9370101596516691,10.0,GSI_natural_landform_GeoJSON_rasterized,True
B_830303_473_LF_CLASS::水部,830303,,473,水部,99200.0,0.0992,0.3073110285006196,0.2879535558780842,0.9370101596516691,10.0,GSI_natural_landform_GeoJSON_rasterized,True
B_830303_473_LF_CLASS::旧水部,830303,,473,旧水部,1000.0,0.001,0.0030978934324659233,0.002902757619738752,0.9370101596516691,10.0,GSI_natural_landform_GeoJSON_rasterized,True
B_830303_474_LF_CLASS::自然堤防,830303,,474,自然堤防,133000.0,0.133,0.06036947936997867,0.05784117595894581,0.9581195094372444,10.0,GSI_natural_landform_GeoJSON_rasterized,True
B_830303_474_LF_CLASS::氾濫平野・海岸平野,830303,,474,氾濫平野・海岸平野,1689300.0,1.6893,0.766783169170714,0.7346699138905801,0.9581195094372444,10.0,GSI_natural_landform_GeoJSON_rasterized,True
B_830303_474_LF_CLASS::水部,830303,,474,水部,380800.0,0.3808,0.17284735145930735,0.16560841958771855,0.9581195094372444,10.0,GSI_natural_landform_GeoJSON_rasterized,True
B_830303_475_LF_CLASS::自然堤防,830303,,475,自然堤防,547500.0,0.5475,0.42047461792489055,0.42024869511820695,0.999462695732269,10.0,GSI_natural_landform_GeoJSON_rasterized,True
B_830303_475_LF_CLASS::氾濫平野・海岸平野,830303,,475,氾濫平野・海岸平野,644300.0,0.6443,0.49481606635435066,0.4945501995701566,0.999462695732269,10.0,GSI_natural_landform_GeoJSON_rasterized,True
B_830303_475_LF_CLASS::旧河道,830303,,475,旧河道,85900.0,0.0859,0.06597035557944858,0.065934909425852,0.999462695732269,10.0,GSI_natural_landform_GeoJSON_rasterized,True
B_830303_475_LF_CLASS::水部,830303,,475,水部,24400.0,0.0244,0.01873896014131019,0.018728891618053422,0.999462695732269,10.0,GSI_natural_landform_GeoJSON_rasterized,True
B_830303_476_LF_CLASS::氾濫平野・海岸平野,830303,,476,氾濫平野・海岸平野,84600.0,0.0846,0.6477794793261868,0.6477794793261868,1.0,10.0,GSI_natural_landform_GeoJSON_rasterized,True
B_830303_476_LF_CLASS::旧河道,830303,,476,旧河道,29000.0,0.029,0.222052067381317,0.222052067381317,1.0,10.0,GSI_natural_landform_GeoJSON_rasterized,True
B_830303_476_LF_CLASS::水部,830303,,476,水部,17000.0,0.017,0.13016845329249618,0.13016845329249618,1.0,10.0,GSI_natural_landform_GeoJSON_rasterized,True
B_830303_478_LF_CLASS::自然堤防,830303,,478,自然堤防,1056300.0,1.0563,0.3285536547433904,0.32740290735517463,0.9964975358770108,10.0,GSI_natural_landform_GeoJSON_rasterized,True
B_830303_478_LF_CLASS::氾濫平野・海岸平野,830303,,478,氾濫平野・海岸平野,1834500.0,1.8345,0.570606531881804,0.5686080029755447,0.9964975358770108,10.0,GSI_natural_landform_GeoJSON_rasterized,True
B_830303_478_LF_CLASS::旧河道,830303,,478,旧河道,275300.0,0.2753,0.0856298600311042,0.08532994451848867,0.9964975358770108,10.0,GSI_natural_landform_GeoJSON_rasterized,True
B_830303_478_LF_CLASS::水部,830303,,478,水部,48900.0,0.0489,0.015209953343701399,0.015156681027802746,0.9964975358770108,10.0,GSI_natural_landform_GeoJSON_rasterized,True
B_830303_513_LF_CLASS::水部,830303,,513,水部,207200.0,0.2072,0.22945736434108527,0.22945736434108527,1.0,10.0,GSI_natural_landform_GeoJSON_rasterized,True
B_830303_513_LF_CLASS::旧水部,830303,,513,旧水部,695800.0,0.6958,0.7705426356589147,0.7705426356589147,1.0,10.0,GSI_natural_landform_GeoJSON_rasterized,True
B_830303_514_LF_CLASS::氾濫平野・海岸平野,830303,,514,氾濫平野・海岸平野,996800.0,0.9968,0.2696969696969697,0.26779141928377614,0.9929344759960239,10.0,GSI_natural_landform_GeoJSON_rasterized,True
B_830303_514_LF_CLASS::水部,830303,,514,水部,104000.0,0.104,0.02813852813852814,0.027939714692528813,0.9929344759960239,10.0,GSI_natural_landform_GeoJSON_rasterized,True
B_830303_514_LF_CLASS::旧水部,830303,,514,旧水部,2595200.0,2.5952,0.7021645021645022,0.697203342019719,0.9929344759960239,10.0,GSI_natural_landform_GeoJSON_rasterized,True
B_830303_515_LF_CLASS::自然堤防,830303,,515,自然堤防,120900.0,0.1209,0.06041677077607316,0.056672760511883,0.938030281723152,10.0,GSI_natural_landform_GeoJSON_rasterized,True
B_830303_515_LF_CLASS::砂州・砂丘,830303,,515,砂州・砂丘,16500.0,0.0165,0.00824546499425316,0.00773449585149768,0.938030281723152,10.0,GSI_natural_landform_GeoJSON_rasterized,True
B_830303_515_LF_CLASS::氾濫平野・海岸平野,830303,,515,氾濫平野・海岸平野,618300.0,0.6183,0.30898006096646846,0.28983265363521304,0.938030281723152,10.0,GSI_natural_landform_GeoJSON_rasterized,True
B_830303_515_LF_CLASS::旧河道,830303,,515,旧河道,19500.0,0.0195,0.009744640447753736,0.009140767824497258,0.938030281723152,10.0,GSI_natural_landform_GeoJSON_rasterized,True
B_830303_515_LF_CLASS::水部,830303,,515,水部,515500.0,0.5155,0.2576083154265154,0.24164440069376084,0.938030281723152,10.0,GSI_natural_landform_GeoJSON_rasterized,True
B_830303_515_LF_CLASS::旧水部,830303,,515,旧水部,710400.0,0.7104,0.35500474738893606,0.3330052032063001,0.938030281723152,10.0,GSI_natural_landform_GeoJSON_rasterized,True
B_830303_516_LF_CLASS::旧河道,830303,,516,旧河道,1600.0,0.0016,0.6153846153846154,0.6153846153846154,1.0,10.0,GSI_natural_landform_GeoJSON_rasterized,True
B_830303_516_LF_CLASS::水部,830303,,516,水部,1000.0,0.001,0.38461538461538464,0.38461538461538464,1.0,10.0,GSI_natural_landform_GeoJSON_rasterized,True
B_830303_517_LF_CLASS::自然堤防,830303,,517,自然堤防,1633200.0,1.6332,0.34272763519610516,0.34272763519610516,1.0,10.0,GSI_natural_landform_GeoJSON_rasterized,True
B_830303_517_LF_CLASS::氾濫平野・海岸平野,830303,,517,氾濫平野・海岸平野,1546900.0,1.5469,0.3246175476884981,0.3246175476884981,1.0,10.0,GSI_natural_landform_GeoJSON_rasterized,True
B_830303_517_LF_CLASS::後背低地・湿地,830303,,517,後背低地・湿地,416100.0,0.4161,0.08731874173714142,0.08731874173714142,1.0,10.0,GSI_natural_landform_GeoJSON_rasterized,True
B_830303_517_LF_CLASS::旧河道,830303,,517,旧河道,1093700.0,1.0937,0.22951335697647576,0.22951335697647576,1.0,10.0,GSI_natural_landform_GeoJSON_rasterized,True
B_830303_517_LF_CLASS::水部,830303,,517,水部,75400.0,0.0754,0.015822718401779533,0.015822718401779533,1.0,10.0,GSI_natural_landform_GeoJSON_rasterized,True
B_830303_518_LF_CLASS::氾濫平野・海岸平野,830303,,518,氾濫平野・海岸平野,54600.0,0.0546,0.7994143484626647,0.7947598253275109,0.9941775836972343,10.0,GSI_natural_landform_GeoJSON_rasterized,True
B_830303_518_LF_CLASS::旧河道,830303,,518,旧河道,6300.0,0.0063,0.09224011713030747,0.09170305676855896,0.9941775836972343,10.0,GSI_natural_landform_GeoJSON_rasterized,True
B_830303_518_LF_CLASS::水部,830303,,518,水部,7400.0,0.0074,0.10834553440702782,0.10771470160116449,0.9941775836972343,10.0,GSI_natural_landform_GeoJSON_rasterized,True
B_830303_8_LF_CLASS::水部,830303,,8,水部,2700.0,0.0027,1.0,1.0,1.0,10.0,GSI_natural_landform_GeoJSON_rasterized,True
B_830304_1_LF_CLASS::水部,830304,,1,水部,1178300.0,1.1783,0.4701727784206536,0.418608782151485,0.8903296859457155,10.0,GSI_natural_landform_GeoJSON_rasterized,True
B_830304_1_LF_CLASS::旧水部,830304,,1,旧水部,1327800.0,1.3278,0.5298272215793464,0.4717209037942305,0.8903296859457155,10.0,GSI_natural_landform_GeoJSON_rasterized,True
B_830304_10_LF_CLASS::水部,830304,,10,水部,2438900.0,2.4389,1.0,0.9999180025419212,0.9999180025419212,10.0,GSI_natural_landform_GeoJSON_rasterized,True
B_830304_105_LF_CLASS::山地斜面等,830304,,105,山地斜面等,509400.0,0.5094,0.11024780867871442,0.11024303676932067,0.9999567165148138,10.0,GSI_natural_landform_GeoJSON_rasterized,True
B_830304_105_LF_CLASS::台地・段丘,830304,,105,台地・段丘,3862400.0,3.8624,0.8359268477437507,0.8358906659164196,0.9999567165148138,10.0,GSI_natural_landform_GeoJSON_rasterized,True
B_830304_105_LF_CLASS::扇状地,830304,,105,扇状地,247700.0,0.2477,0.05360891678389785,0.05360659640314238,0.9999567165148138,10.0,GSI_natural_landform_GeoJSON_rasterized,True
B_830304_105_LF_CLASS::水部,830304,,105,水部,1000.0,0.001,0.00021642679363705227,0.00021641742593113598,0.9999567165148138,10.0,GSI_natural_landform_GeoJSON_rasterized,True
B_830304_11_LF_CLASS::自然堤防,830304,,11,自然堤防,7203400.0,7.2034,0.35099157043317253,0.316367357515229,0.9013531496633596,10.0,GSI_natural_landform_GeoJSON_rasterized,True
B_830304_11_LF_CLASS::砂州・砂丘,830304,,11,砂州・砂丘,149300.0,0.1493,0.007274764897919408,0.006557132253800106,0.9013531496633596,10.0,GSI_natural_landform_GeoJSON_rasterized,True
B_830304_11_LF_CLASS::氾濫平野・海岸平野,830304,,11,氾濫平野・海岸平野,7524700.0,7.5247,0.3666471763387419,0.3304785872081022,0.9013531496633596,10.0,GSI_natural_landform_GeoJSON_rasterized,True
B_830304_11_LF_CLASS::旧河道,830304,,11,旧河道,521200.0,0.5212,0.025395897285971837,0.022890672007237878,0.9013531496633596,10.0,GSI_natural_landform_GeoJSON_rasterized,True
B_830304_11_LF_CLASS::水部,830304,,11,水部,5080500.0,5.0805,0.24755152755445112,0.22313134906518045,0.9013531496633596,10.0,GSI_natural_landform_GeoJSON_rasterized,True
B_830304_11_LF_CLASS::旧水部,830304,,11,旧水部,43900.0,0.0439,0.002139063489743215,0.0019280516138099441,0.9013531496633596,10.0,GSI_natural_landform_GeoJSON_rasterized,True
B_830304_12_LF_CLASS::水部,830304,,12,水部,42300.0,0.0423,0.04595827900912647,0.045749513303049966,0.9954574951330305,10.0,GSI_natural_landform_GeoJSON_rasterized,True
B_830304_12_LF_CLASS::旧水部,830304,,12,旧水部,878100.0,0.8781,0.9540417209908736,0.9497079818299805,0.9954574951330305,10.0,GSI_natural_landform_GeoJSON_rasterized,True
B_830304_120_LF_CLASS::山地斜面等,830304,,120,山地斜面等,3307400.0,3.3074,0.34460698507960325,0.34459621375509225,0.9999687431625668,10.0,GSI_natural_landform_GeoJSON_rasterized,True
B_830304_120_LF_CLASS::崖・段丘崖,830304,,120,崖・段丘崖,68400.0,0.0684,0.007126781695423856,0.007126558934766981,0.9999687431625668,10.0,GSI_natural_landform_GeoJSON_rasterized,True
B_830304_120_LF_CLASS::台地・段丘,830304,,120,台地・段丘,3256100.0,3.2561,0.33926189880803537,0.33925129455401704,0.9999687431625668,10.0,GSI_natural_landform_GeoJSON_rasterized,True
B_830304_120_LF_CLASS::山麓堆積地形,830304,,120,山麓堆積地形,23100.0,0.0231,0.002406851712928232,0.002406776482355515,0.9999687431625668,10.0,GSI_natural_landform_GeoJSON_rasterized,True
B_830304_120_LF_CLASS::凹地・浅い谷,830304,,120,凹地・浅い谷,613100.0,0.6131,0.06388055347170125,0.06387855676762626,0.9999687431625668,10.0,GSI_natural_landform_GeoJSON_rasterized,True
B_830304_120_LF_CLASS::氾濫平野・海岸平野,830304,,120,氾濫平野・海岸平野,2216100.0,2.2161,0.2309014753688422,0.23089425811896352,0.9999687431625668,10.0,GSI_natural_landform_GeoJSON_rasterized,True
B_830304_120_LF_CLASS::水部,830304,,120,水部,113400.0,0.1134,0.011815453863465867,0.011815084549745256,0.9999687431625668,10.0,GSI_natural_landform_GeoJSON_rasterized,True
B_830304_13_LF_CLASS::水部,830304,,13,水部,13900.0,0.0139,0.06017316017316017,0.06017316017316017,1.0,10.0,GSI_natural_landform_GeoJSON_rasterized,True
B_830304_13_LF_CLASS::旧水部,830304,,13,旧水部,217100.0,0.2171,0.9398268398268398,0.9398268398268398,1.0,10.0,GSI_natural_landform_GeoJSON_rasterized,True
B_830304_134_LF_CLASS::山地斜面等,830304,,134,山地斜面等,1084800.0,1.0848,0.9820749592612711,0.9820749592612711,1.0,10.0,GSI_natural_landform_GeoJSON_rasterized,True
B_830304_134_LF_CLASS::氾濫平野・海岸平野,830304,,134,氾濫平野・海岸平野,19800.0,0.0198,0.017925040738728953,0.017925040738728953,1.0,10.0,GSI_natural_landform_GeoJSON_rasterized,True
B_830304_139_LF_CLASS::山地斜面等,830304,,139,山地斜面等,10140300.0,10.1403,0.806398511308331,0.6958374505928854,0.8628952569169961,10.0,GSI_natural_landform_GeoJSON_rasterized,True
B_830304_139_LF_CLASS::台地・段丘,830304,,139,台地・段丘,630500.0,0.6305,0.05013996246461176,0.043265535792709704,0.8628952569169961,10.0,GSI_natural_landform_GeoJSON_rasterized,True
B_830304_139_LF_CLASS::扇状地,830304,,139,扇状地,9300.0,0.0093,0.0007395743868689761,0.0006381752305665349,0.8628952569169961,10.0,GSI_natural_landform_GeoJSON_rasterized,True
B_830304_139_LF_CLASS::氾濫平野・海岸平野,830304,,139,氾濫平野・海岸平野,1608800.0,1.6088,0.12793841651557084,0.11039745278875714,0.8628952569169961,10.0,GSI_natural_landform_GeoJSON_rasterized,True
B_830304_139_LF_CLASS::河川敷・浜,830304,,139,河川敷・浜,175300.0,0.1753,0.013940579571842096,0.012029259991216512,0.8628952569169961,10.0,GSI_natural_landform_GeoJSON_rasterized,True
B_830304_139_LF_CLASS::水部,830304,,139,水部,10600.0,0.0106,0.0008429557527753921,0.0007273825208607817,0.8628952569169961,10.0,GSI_natural_landform_GeoJSON_rasterized,True
B_830304_14_LF_CLASS::水部,830304,,14,水部,1203300.0,1.2033,0.8218139598415517,0.8218139598415517,1.0,10.0,GSI_natural_landform_GeoJSON_rasterized,True
B_830304_14_LF_CLASS::旧水部,830304,,14,旧水部,260900.0,0.2609,0.1781860401584483,0.1781860401584483,1.0,10.0,GSI_natural_landform_GeoJSON_rasterized,True
B_830304_15_LF_CLASS::山地斜面等,830304,,15,山地斜面等,17500.0,0.0175,0.0009199245136227678,0.0009109079930875097,0.9901986299943784,10.0,GSI_natural_landform_GeoJSON_rasterized,True
B_830304_15_LF_CLASS::崖・段丘崖,830304,,15,崖・段丘崖,78800.0,0.0788,0.004142288667055663,0.004101688563159758,0.9901986299943784,10.0,GSI_natural_landform_GeoJSON_rasterized,True
B_830304_15_LF_CLASS::台地・段丘,830304,,15,台地・段丘,442100.0,0.4421,0.023239921569864323,0.023012138499656457,0.9901986299943784,10.0,GSI_natural_landform_GeoJSON_rasterized,True
B_830304_15_LF_CLASS::自然堤防,830304,,15,自然堤防,1139800.0,1.1398,0.05991599775012747,0.059328738886922486,0.9901986299943784,10.0,GSI_natural_landform_GeoJSON_rasterized,True
B_830304_15_LF_CLASS::砂州・砂丘,830304,,15,砂州・砂丘,1329100.0,1.3291,0.06986695263177262,0.06918216077786338,0.9901986299943784,10.0,GSI_natural_landform_GeoJSON_rasterized,True
B_830304_15_LF_CLASS::氾濫平野・海岸平野,830304,,15,氾濫平野・海岸平野,11906500.0,11.9065,0.6258903555113992,0.6197557725540819,0.9901986299943784,10.0,GSI_natural_landform_GeoJSON_rasterized,True
B_830304_15_LF_CLASS::旧河道,830304,,15,旧河道,24300.0,0.0243,0.0012773808960590434,0.0012648608132586562,0.9901986299943784,10.0,GSI_natural_landform_GeoJSON_rasterized,True
B_830304_15_LF_CLASS::水部,830304,,15,水部,3733000.0,3.733,0.19623304053450244,0.19430968789689562,0.9901986299943784,10.0,GSI_natural_landform_GeoJSON_rasterized,True
B_830304_15_LF_CLASS::旧水部,830304,,15,旧水部,352200.0,0.3522,0.018514137925596506,0.018332674009452623,0.9901986299943784,10.0,GSI_natural_landform_GeoJSON_rasterized,True
B_830304_155_LF_CLASS::山地斜面等,830304,,155,山地斜面等,93400.0,0.0934,0.5417633410672854,0.5417633410672854,1.0,10.0,GSI_natural_landform_GeoJSON_rasterized,True
B_830304_155_LF_CLASS::台地・段丘,830304,,155,台地・段丘,65800.0,0.0658,0.38167053364269143,0.38167053364269143,1.0,10.0,GSI_natural_landform_GeoJSON_rasterized,True
B_830304_155_LF_CLASS::扇状地,830304,,155,扇状地,3500.0,0.0035,0.020301624129930394,0.020301624129930394,1.0,10.0,GSI_natural_landform_GeoJSON_rasterized,True
B_830304_155_LF_CLASS::水部,830304,,155,水部,9700.0,0.0097,0.05626450116009281,0.05626450116009281,1.0,10.0,GSI_natural_landform_GeoJSON_rasterized,True
B_830304_158_LF_CLASS::山地斜面等,830304,,158,山地斜面等,315600.0,0.3156,0.5564174894217208,0.5564174894217208,1.0,10.0,GSI_natural_landform_GeoJSON_rasterized,True
B_830304_158_LF_CLASS::台地・段丘,830304,,158,台地・段丘,130300.0,0.1303,0.22972496473906912,0.22972496473906912,1.0,10.0,GSI_natural_landform_GeoJSON_rasterized,True
B_830304_158_LF_CLASS::氾濫平野・海岸平野,830304,,158,氾濫平野・海岸平野,75600.0,0.0756,0.13328631875881522,0.13328631875881522,1.0,10.0,GSI_natural_landform_GeoJSON_rasterized,True
B_830304_158_LF_CLASS::河川敷・浜,830304,,158,河川敷・浜,900.0,0.0009,0.0015867418899858955,0.0015867418899858955,1.0,10.0,GSI_natural_landform_GeoJSON_rasterized,True
B_830304_158_LF_CLASS::水部,830304,,158,水部,44800.0,0.0448,0.07898448519040903,0.07898448519040903,1.0,10.0,GSI_natural_landform_GeoJSON_rasterized,True
B_830304_16_LF_CLASS::崖・段丘崖,830304,,16,崖・段丘崖,109000.0,0.109,0.012764362835796426,0.012754952783271118,0.99926278713271,10.0,GSI_natural_landform_GeoJSON_rasterized,True
B_830304_16_LF_CLASS::台地・段丘,830304,,16,台地・段丘,2471700.0,2.4717,0.28944656533245894,0.289233181600103,0.99926278713271,10.0,GSI_natural_landform_GeoJSON_rasterized,True
B_830304_16_LF_CLASS::自然堤防,830304,,16,自然堤防,1292700.0,1.2927,0.15138065906269763,0.15126905929297776,0.99926278713271,10.0,GSI_natural_landform_GeoJSON_rasterized,True
B_830304_16_LF_CLASS::砂州・砂丘,830304,,16,砂州・砂丘,157200.0,0.1572,0.018408787502634846,0.018395216307616695,0.99926278713271,10.0,GSI_natural_landform_GeoJSON_rasterized,True
B_830304_16_LF_CLASS::凹地・浅い谷,830304,,16,凹地・浅い谷,314500.0,0.3145,0.03682928542988969,0.036802134406777674,0.99926278713271,10.0,GSI_natural_landform_GeoJSON_rasterized,True
B_830304_16_LF_CLASS::氾濫平野・海岸平野,830304,,16,氾濫平野・海岸平野,3687900.0,3.6879,0.4318687495608591,0.43155037036170235,0.99926278713271,10.0,GSI_natural_landform_GeoJSON_rasterized,True
B_830304_16_LF_CLASS::旧河道,830304,,16,旧河道,79200.0,0.0792,0.009274656299037403,0.00926781890307406,0.99926278713271,10.0,GSI_natural_landform_GeoJSON_rasterized,True
B_830304_16_LF_CLASS::水部,830304,,16,水部,427200.0,0.4272,0.05002693397662599,0.04999005347718736,0.99926278713271,10.0,GSI_natural_landform_GeoJSON_rasterized,True
B_830304_161_LF_CLASS::山地斜面等,830304,,161,山地斜面等,3614200.0,3.6142,0.7305694245113299,0.707030791502015,0.9677804295942721,10.0,GSI_natural_landform_GeoJSON_rasterized,True
B_830304_161_LF_CLASS::台地・段丘,830304,,161,台地・段丘,947000.0,0.947,0.19142527945665136,0.18525763918776164,0.9677804295942721,10.0,GSI_natural_landform_GeoJSON_rasterized,True
B_830304_161_LF_CLASS::扇状地,830304,,161,扇状地,9100.0,0.0091,0.0018394615026985507,0.0017801948433037286,0.9677804295942721,10.0,GSI_natural_landform_GeoJSON_rasterized,True
B_830304_161_LF_CLASS::凹地・浅い谷,830304,,161,凹地・浅い谷,7100.0,0.0071,0.0014351842493582098,0.0013889432293908211,0.9677804295942721,10.0,GSI_natural_landform_GeoJSON_rasterized,True
B_830304_161_LF_CLASS::氾濫平野・海岸平野,830304,,161,氾濫平野・海岸平野,214300.0,0.2143,0.043318307695417516,0.041922610430768024,0.9677804295942721,10.0,GSI_natural_landform_GeoJSON_rasterized,True
B_830304_161_LF_CLASS::河川敷・浜,830304,,161,河川敷・浜,138500.0,0.1385,0.0279961997938186,0.027094174263468836,0.9677804295942721,10.0,GSI_natural_landform_GeoJSON_rasterized,True
B_830304_161_LF_CLASS::水部,830304,,161,水部,16900.0,0.0169,0.00341614279072588,0.0033060761375640676,0.9677804295942721,10.0,GSI_natural_landform_GeoJSON_rasterized,True
B_830304_167_LF_CLASS::山地斜面等,830304,,167,山地斜面等,121500.0,0.1215,0.8154362416107382,0.017247498048122648,0.02115125275037263,10.0,GSI_natural_landform_GeoJSON_rasterized,True
B_830304_167_LF_CLASS::氾濫平野・海岸平野,830304,,167,氾濫平野・海岸平野,16900.0,0.0169,0.11342281879194631,0.002399034707928171,0.02115125275037263,10.0,GSI_natural_landform_GeoJSON_rasterized,True
B_830304_167_LF_CLASS::河川敷・浜,830304,,167,河川敷・浜,10600.0,0.0106,0.07114093959731543,0.0015047199943218114,0.02115125275037263,10.0,GSI_natural_landform_GeoJSON_rasterized,True
B_830304_17_LF_CLASS::自然堤防,830304,,17,自然堤防,36800.0,0.0368,0.15020408163265306,0.14667198086887206,0.9764846552411319,10.0,GSI_natural_landform_GeoJSON_rasterized,True
B_830304_17_LF_CLASS::氾濫平野・海岸平野,830304,,17,氾濫平野・海岸平野,204400.0,0.2044,0.8342857142857143,0.8146671980868873,0.9764846552411319,10.0,GSI_natural_landform_GeoJSON_rasterized,True
B_830304_17_LF_CLASS::水部,830304,,17,水部,900.0,0.0009,0.003673469387755102,0.0035870864886408927,0.9764846552411319,10.0,GSI_natural_landform_GeoJSON_rasterized,True
B_830304_17_LF_CLASS::旧水部,830304,,17,旧水部,2900.0,0.0029,0.01183673469387755,0.011558389796731766,0.9764846552411319,10.0,GSI_natural_landform_GeoJSON_rasterized,True
B_830304_18_LF_CLASS::氾濫平野・海岸平野,830304,,18,氾濫平野・海岸平野,33000.0,0.033,0.27918781725888325,0.2108626198083067,0.7552715654952077,10.0,GSI_natural_landform_GeoJSON_rasterized,True
B_830304_18_LF_CLASS::水部,830304,,18,水部,85200.0,0.0852,0.7208121827411168,0.544408945686901,0.7552715654952077,10.0,GSI_natural_landform_GeoJSON_rasterized,True
B_830304_189_LF_CLASS::山地斜面等,830304,,189,山地斜面等,65400.0,0.0654,0.6022099447513812,0.145236508994004,0.24117255163224516,10.0,GSI_natural_landform_GeoJSON_rasterized,True
B_830304_189_LF_CLASS::台地・段丘,830304,,189,台地・段丘,34900.0,0.0349,0.32136279926335176,0.07750388629802354,0.24117255163224516,10.0,GSI_natural_landform_GeoJSON_rasterized,True
B_830304_189_LF_CLASS::氾濫平野・海岸平野,830304,,189,氾濫平野・海岸平野,8300.0,0.0083,0.07642725598526703,0.018432156340217633,0.24117255163224516,10.0,GSI_natural_landform_GeoJSON_rasterized,True
B_830304_19_LF_CLASS::氾濫平野・海岸平野,830304,,19,氾濫平野・海岸平野,5600.0,0.0056,0.034292712798530314,0.020172910662824207,0.5882564841498559,10.0,GSI_natural_landform_GeoJSON_rasterized,True
B_830304_19_LF_CLASS::水部,830304,,19,水部,157700.0,0.1577,0.9657072872014697,0.5680835734870316,0.5882564841498559,10.0,GSI_natural_landform_GeoJSON_rasterized,True
B_830304_194_LF_CLASS::山地斜面等,830304,,194,山地斜面等,172700.0,0.1727,0.8243436754176611,0.017270690827633106,0.02095083803352134,10.0,GSI_natural_landform_GeoJSON_rasterized,True
B_830304_194_LF_CLASS::台地・段丘,830304,,194,台地・段丘,18600.0,0.0186,0.08878281622911695,0.001860074402976119,0.02095083803352134,10.0,GSI_natural_landform_GeoJSON_rasterized,True
B_830304_194_LF_CLASS::氾濫平野・海岸平野,830304,,194,氾濫平野・海岸平野,8000.0,0.008,0.03818615751789976,0.0008000320012800512,0.02095083803352134,10.0,GSI_natural_landform_GeoJSON_rasterized,True
B_830304_194_LF_CLASS::河川敷・浜,830304,,194,河川敷・浜,10200.0,0.0102,0.0486873508353222,0.0010200408016320653,0.02095083803352134,10.0,GSI_natural_landform_GeoJSON_rasterized,True
B_830304_2_LF_CLASS::水部,830304,,2,水部,12500.0,0.0125,0.006865491294557038,0.006865491294557038,1.0,10.0,GSI_natural_landform_GeoJSON_rasterized,True
B_830304_2_LF_CLASS::旧水部,830304,,2,旧水部,1808200.0,1.8082,0.993134508705443,0.993134508705443,1.0,10.0,GSI_natural_landform_GeoJSON_rasterized,True
B_830304_20_LF_CLASS::自然堤防,830304,,20,自然堤防,745600.0,0.7456,0.20369915034286806,0.20141552758117673,0.9887892376681614,10.0,GSI_natural_landform_GeoJSON_rasterized,True
B_830304_20_LF_CLASS::氾濫平野・海岸平野,830304,,20,氾濫平野・海岸平野,1715100.0,1.7151,0.4685681501516269,0.4633151439840078,0.9887892376681614,10.0,GSI_natural_landform_GeoJSON_rasterized,True
B_830304_20_LF_CLASS::後背低地・湿地,830304,,20,後背低地・湿地,849800.0,0.8498,0.23216676228724423,0.22956399589388946,0.9887892376681614,10.0,GSI_natural_landform_GeoJSON_rasterized,True
B_830304_20_LF_CLASS::旧河道,830304,,20,旧河道,287300.0,0.2873,0.07849083408463788,0.07761089199848722,0.9887892376681614,10.0,GSI_natural_landform_GeoJSON_rasterized,True
B_830304_20_LF_CLASS::水部,830304,,20,水部,55900.0,0.0559,0.015271972242712347,0.015100761791560863,0.9887892376681614,10.0,GSI_natural_landform_GeoJSON_rasterized,True
B_830304_20_LF_CLASS::旧水部,830304,,20,旧水部,6600.0,0.0066,0.001803130890910581,0.0017829164190393861,0.9887892376681614,10.0,GSI_natural_landform_GeoJSON_rasterized,True
B_830304_21_LF_CLASS::水部,830304,,21,水部,51800.0,0.0518,0.08788598574821853,0.08788598574821853,1.0,10.0,GSI_natural_landform_GeoJSON_rasterized,True
B_830304_21_LF_CLASS::旧水部,830304,,21,旧水部,537600.0,0.5376,0.9121140142517815,0.9121140142517815,1.0,10.0,GSI_natural_landform_GeoJSON_rasterized,True
B_830304_22_LF_CLASS::水部,830304,,22,水部,62700.0,0.0627,0.07056837366347778,0.07056837366347778,1.0,10.0,GSI_natural_landform_GeoJSON_rasterized,True
B_830304_22_LF_CLASS::旧水部,830304,,22,旧水部,825800.0,0.8258,0.9294316263365222,0.9294316263365222,1.0,10.0,GSI_natural_landform_GeoJSON_rasterized,True
B_830304_23_LF_CLASS::水部,830304,,23,水部,414400.0,0.4144,0.46984126984126984,0.46984126984126984,1.0,10.0,GSI_natural_landform_GeoJSON_rasterized,True
B_830304_23_LF_CLASS::旧水部,830304,,23,旧水部,467600.0,0.4676,0.5301587301587302,0.5301587301587302,1.0,10.0,GSI_natural_landform_GeoJSON_rasterized,True
B_830304_24_LF_CLASS::水部,830304,,24,水部,343800.0,0.3438,0.7414276471856804,0.7414276471856804,1.0,10.0,GSI_natural_landform_GeoJSON_rasterized,True
B_830304_24_LF_CLASS::旧水部,830304,,24,旧水部,119900.0,0.1199,0.2585723528143196,0.2585723528143196,1.0,10.0,GSI_natural_landform_GeoJSON_rasterized,True
B_830304_25_LF_CLASS::崖・段丘崖,830304,,25,崖・段丘崖,72800.0,0.0728,0.009474602079727215,0.009453194998117151,0.9977405825141863,10.0,GSI_natural_landform_GeoJSON_rasterized,True
B_830304_25_LF_CLASS::台地・段丘,830304,,25,台地・段丘,388300.0,0.3883,0.05053554927964392,0.050421368375946296,0.9977405825141863,10.0,GSI_natural_landform_GeoJSON_rasterized,True
B_830304_25_LF_CLASS::砂州・砂丘,830304,,25,砂州・砂丘,2057200.0,2.0572,0.26773559613207176,0.26713066964459625,0.9977405825141863,10.0,GSI_natural_landform_GeoJSON_rasterized,True
B_830304_25_LF_CLASS::氾濫平野・海岸平野,830304,,25,氾濫平野・海岸平野,4059500.0,4.0595,0.5283261970144592,0.5271324875667113,0.9977405825141863,10.0,GSI_natural_landform_GeoJSON_rasterized,True
B_830304_25_LF_CLASS::水部,830304,,25,水部,484200.0,0.4842,0.06301651548082304,0.06287413486385061,0.9977405825141863,10.0,GSI_natural_landform_GeoJSON_rasterized,True
B_830304_25_LF_CLASS::旧水部,830304,,25,旧水部,621700.0,0.6217,0.08091154001327486,0.08072872706496474,0.9977405825141863,10.0,GSI_natural_landform_GeoJSON_rasterized,True
B_830304_26_LF_CLASS::山地斜面等,830304,,26,山地斜面等,1652200.0,1.6522,0.13404730031236056,0.13404730031236056,1.0,10.0,GSI_natural_landform_GeoJSON_rasterized,True
B_830304_26_LF_CLASS::崖・段丘崖,830304,,26,崖・段丘崖,118300.0,0.1183,0.009597987911240924,0.009597987911240924,1.0,10.0,GSI_natural_landform_GeoJSON_rasterized,True
B_830304_26_LF_CLASS::台地・段丘,830304,,26,台地・段丘,7302100.0,7.3021,0.5924384406312118,0.5924384406312118,1.0,10.0,GSI_natural_landform_GeoJSON_rasterized,True
B_830304_26_LF_CLASS::自然堤防,830304,,26,自然堤防,118000.0,0.118,0.009573648127864995,0.009573648127864995,1.0,10.0,GSI_natural_landform_GeoJSON_rasterized,True
B_830304_26_LF_CLASS::砂州・砂丘,830304,,26,砂州・砂丘,606600.0,0.6066,0.04921504198612632,0.04921504198612632,1.0,10.0,GSI_natural_landform_GeoJSON_rasterized,True
B_830304_26_LF_CLASS::凹地・浅い谷,830304,,26,凹地・浅い谷,408300.0,0.4083,0.03312644517463795,0.03312644517463795,1.0,10.0,GSI_natural_landform_GeoJSON_rasterized,True
B_830304_26_LF_CLASS::氾濫平野・海岸平野,830304,,26,氾濫平野・海岸平野,1925900.0,1.9259,0.15625329601233215,0.15625329601233215,1.0,10.0,GSI_natural_landform_GeoJSON_rasterized,True
B_830304_26_LF_CLASS::旧河道,830304,,26,旧河道,25700.0,0.0257,0.002085108109204495,0.002085108109204495,1.0,10.0,GSI_natural_landform_GeoJSON_rasterized,True
B_830304_26_LF_CLASS::水部,830304,,26,水部,168400.0,0.1684,0.013662731735020892,0.013662731735020892,1.0,10.0,GSI_natural_landform_GeoJSON_rasterized,True
B_830304_27_LF_CLASS::崖・段丘崖,830304,,27,崖・段丘崖,211200.0,0.2112,0.03739707835325365,0.03718440790168668,0.9943131800415508,10.0,GSI_natural_landform_GeoJSON_rasterized,True
B_830304_27_LF_CLASS::台地・段丘,830304,,27,台地・段丘,2142000.0,2.142,0.37928286852589643,0.37712595513926545,0.9943131800415508,10.0,GSI_natural_landform_GeoJSON_rasterized,True
B_830304_27_LF_CLASS::山麓堆積地形,830304,,27,山麓堆積地形,19900.0,0.0199,0.003523683045595396,0.003503644494524455,0.9943131800415508,10.0,GSI_natural_landform_GeoJSON_rasterized,True
B_830304_27_LF_CLASS::自然堤防,830304,,27,自然堤防,301800.0,0.3018,0.05343957503320053,0.05313567379133068,0.9943131800415508,10.0,GSI_natural_landform_GeoJSON_rasterized,True
B_830304_27_LF_CLASS::砂州・砂丘,830304,,27,砂州・砂丘,593100.0,0.5931,0.1050199203187251,0.10442269093982183,0.9943131800415508,10.0,GSI_natural_landform_GeoJSON_rasterized,True
B_830304_27_LF_CLASS::氾濫平野・海岸平野,830304,,27,氾濫平野・海岸平野,1890400.0,1.8904,0.33473218238158475,0.3328286207260819,0.9943131800415508,10.0,GSI_natural_landform_GeoJSON_rasterized,True
B_830304_27_LF_CLASS::後背低地・湿地,830304,,27,後背低地・湿地,21500.0,0.0215,0.003806994245241257,0.003785344554385718,0.9943131800415508,10.0,GSI_natural_landform_GeoJSON_rasterized,True
B_830304_27_LF_CLASS::旧河道,830304,,27,旧河道,235200.0,0.2352,0.04164674634794157,0.04140990879960562,0.9943131800415508,10.0,GSI_natural_landform_GeoJSON_rasterized,True
B_830304_27_LF_CLASS::水部,830304,,27,水部,232400.0,0.2324,0.04115095174856131,0.04091693369484841,0.9943131800415508,10.0,GSI_natural_landform_GeoJSON_rasterized,True
B_830304_28_LF_CLASS::氾濫平野・海岸平野,830304,,28,氾濫平野・海岸平野,2800.0,0.0028,0.42424242424242425,0.345679012345679,0.8148148148148148,10.0,GSI_natural_landform_GeoJSON_rasterized,True
B_830304_28_LF_CLASS::旧河道,830304,,28,旧河道,3800.0,0.0038,0.5757575757575758,0.4691358024691358,0.8148148148148148,10.0,GSI_natural_landform_GeoJSON_rasterized,True
B_830304_29_LF_CLASS::自然堤防,830304,,29,自然堤防,90100.0,0.0901,0.115869341563786,0.0716045458157832,0.6179766351426528,10.0,GSI_natural_landform_GeoJSON_rasterized,True
B_830304_29_LF_CLASS::氾濫平野・海岸平野,830304,,29,氾濫平野・海岸平野,408100.0,0.4081,0.5248199588477366,0.3243264722244298,0.6179766351426528,10.0,GSI_natural_landform_GeoJSON_rasterized,True
B_830304_29_LF_CLASS::後背低地・湿地,830304,,29,後背低地・湿地,6900.0,0.0069,0.008873456790123456,0.005483588969244218,0.6179766351426528,10.0,GSI_natural_landform_GeoJSON_rasterized,True
B_830304_29_LF_CLASS::旧河道,830304,,29,旧河道,47800.0,0.0478,0.06147119341563786,0.03798776126519908,0.6179766351426528,10.0,GSI_natural_landform_GeoJSON_rasterized,True
B_830304_29_LF_CLASS::水部,830304,,29,水部,224700.0,0.2247,0.28896604938271603,0.1785742668679965,0.6179766351426528,10.0,GSI_natural_landform_GeoJSON_rasterized,True
B_830304_3_LF_CLASS::水部,830304,,3,水部,172200.0,0.1722,0.5751503006012024,0.5464931767692796,0.950174547762615,10.0,GSI_natural_landform_GeoJSON_rasterized,True
B_830304_3_LF_CLASS::旧水部,830304,,3,旧水部,127200.0,0.1272,0.4248496993987976,0.40368137099333545,0.950174547762615,10.0,GSI_natural_landform_GeoJSON_rasterized,True
B_830304_31_LF_CLASS::水部,830304,,31,水部,3700.0,0.0037,0.058544303797468354,0.058544303797468354,1.0,10.0,GSI_natural_landform_GeoJSON_rasterized,True
B_830304_31_LF_CLASS::旧水部,830304,,31,旧水部,59500.0,0.0595,0.9414556962025317,0.9414556962025317,1.0,10.0,GSI_natural_landform_GeoJSON_rasterized,True
B_830304_32_LF_CLASS::水部,830304,,32,水部,76400.0,0.0764,0.2794440380395026,0.2794440380395026,1.0,10.0,GSI_natural_landform_GeoJSON_rasterized,True
B_830304_32_LF_CLASS::旧水部,830304,,32,旧水部,197000.0,0.197,0.7205559619604974,0.7205559619604974,1.0,10.0,GSI_natural_landform_GeoJSON_rasterized,True
B_830304_33_LF_CLASS::水部,830304,,33,水部,9700.0,0.0097,0.009561360275998028,0.009561360275998028,1.0,10.0,GSI_natural_landform_GeoJSON_rasterized,True
B_830304_33_LF_CLASS::旧水部,830304,,33,旧水部,1004800.0,1.0048,0.9904386397240019,0.9904386397240019,1.0,10.0,GSI_natural_landform_GeoJSON_rasterized,True
B_830304_34_LF_CLASS::水部,830304,,34,水部,54100.0,0.0541,0.12070504239178938,0.12070504239178938,1.0,10.0,GSI_natural_landform_GeoJSON_rasterized,True
B_830304_34_LF_CLASS::旧水部,830304,,34,旧水部,394100.0,0.3941,0.8792949576082106,0.8792949576082106,1.0,10.0,GSI_natural_landform_GeoJSON_rasterized,True
B_830304_35_LF_CLASS::水部,830304,,35,水部,80000.0,0.08,0.4568817818389492,0.4568817818389492,1.0,10.0,GSI_natural_landform_GeoJSON_rasterized,True
B_830304_35_LF_CLASS::旧水部,830304,,35,旧水部,95100.0,0.0951,0.5431182181610509,0.5431182181610509,1.0,10.0,GSI_natural_landform_GeoJSON_rasterized,True
B_830304_36_LF_CLASS::砂州・砂丘,830304,,36,砂州・砂丘,78300.0,0.0783,0.043959128677296205,0.043959128677296205,1.0,10.0,GSI_natural_landform_GeoJSON_rasterized,True
B_830304_36_LF_CLASS::氾濫平野・海岸平野,830304,,36,氾濫平野・海岸平野,558900.0,0.5589,0.3137772288344936,0.3137772288344936,1.0,10.0,GSI_natural_landform_GeoJSON_rasterized,True
B_830304_36_LF_CLASS::水部,830304,,36,水部,1144000.0,1.144,0.6422636424882102,0.6422636424882102,1.0,10.0,GSI_natural_landform_GeoJSON_rasterized,True
B_830304_37_LF_CLASS::山地斜面等,830304,,37,山地斜面等,819400.0,0.8194,0.06391376244110948,0.06391077139068715,0.9999532017783325,10.0,GSI_natural_landform_GeoJSON_rasterized,True
B_830304_37_LF_CLASS::崖・段丘崖,830304,,37,崖・段丘崖,353200.0,0.3532,0.02754984243861346,0.027548553154980112,0.9999532017783325,10.0,GSI_natural_landform_GeoJSON_rasterized,True
B_830304_37_LF_CLASS::台地・段丘,830304,,37,台地・段丘,3340600.0,3.3406,0.26056909300801845,0.26055689883784416,0.9999532017783325,10.0,GSI_natural_landform_GeoJSON_rasterized,True
B_830304_37_LF_CLASS::砂州・砂丘,830304,,37,砂州・砂丘,1281300.0,1.2813,0.09994227949205953,0.0999376023711099,0.9999532017783325,10.0,GSI_natural_landform_GeoJSON_rasterized,True
B_830304_37_LF_CLASS::凹地・浅い谷,830304,,37,凹地・浅い谷,73400.0,0.0734,0.005725250382203363,0.0057249824506668745,0.9999532017783325,10.0,GSI_natural_landform_GeoJSON_rasterized,True
B_830304_37_LF_CLASS::氾濫平野・海岸平野,830304,,37,氾濫平野・海岸平野,2727000.0,2.727,0.2127078718292721,0.2126979174791358,0.9999532017783325,10.0,GSI_natural_landform_GeoJSON_rasterized,True
B_830304_37_LF_CLASS::後背低地・湿地,830304,,37,後背低地・湿地,225300.0,0.2253,0.017573554647280897,0.017572732236175025,0.9999532017783325,10.0,GSI_natural_landform_GeoJSON_rasterized,True
B_830304_37_LF_CLASS::水部,830304,,37,水部,801200.0,0.8012,0.062494149948519546,0.06249122533343733,0.9999532017783325,10.0,GSI_natural_landform_GeoJSON_rasterized,True
B_830304_37_LF_CLASS::旧水部,830304,,37,旧水部,3199000.0,3.199,0.24952419581292315,0.24951251852429607,0.9999532017783325,10.0,GSI_natural_landform_GeoJSON_rasterized,True
B_830304_38_LF_CLASS::山地斜面等,830304,,38,山地斜面等,124800.0,0.1248,0.01361672413040632,0.01361672413040632,1.0,10.0,GSI_natural_landform_GeoJSON_rasterized,True
B_830304_38_LF_CLASS::崖・段丘崖,830304,,38,崖・段丘崖,103000.0,0.103,0.011238161742242396,0.011238161742242396,1.0,10.0,GSI_natural_landform_GeoJSON_rasterized,True
B_830304_38_LF_CLASS::台地・段丘,830304,,38,台地・段丘,2270600.0,2.2706,0.24774145681490856,0.24774145681490856,1.0,10.0,GSI_natural_landform_GeoJSON_rasterized,True
B_830304_38_LF_CLASS::砂州・砂丘,830304,,38,砂州・砂丘,1009800.0,1.0098,0.11017762842054729,0.11017762842054729,1.0,10.0,GSI_natural_landform_GeoJSON_rasterized,True
B_830304_38_LF_CLASS::凹地・浅い谷,830304,,38,凹地・浅い谷,79200.0,0.0792,0.008641382621219395,0.008641382621219395,1.0,10.0,GSI_natural_landform_GeoJSON_rasterized,True
B_830304_38_LF_CLASS::氾濫平野・海岸平野,830304,,38,氾濫平野・海岸平野,1825200.0,1.8252,0.19914459040719243,0.19914459040719243,1.0,10.0,GSI_natural_landform_GeoJSON_rasterized,True
B_830304_38_LF_CLASS::後背低地・湿地,830304,,38,後背低地・湿地,130000.0,0.13,0.014184087635839917,0.014184087635839917,1.0,10.0,GSI_natural_landform_GeoJSON_rasterized,True
B_830304_38_LF_CLASS::水部,830304,,38,水部,2728200.0,2.7282,0.29766944529306505,0.29766944529306505,1.0,10.0,GSI_natural_landform_GeoJSON_rasterized,True
B_830304_38_LF_CLASS::旧水部,830304,,38,旧水部,894400.0,0.8944,0.09758652293457862,0.09758652293457862,1.0,10.0,GSI_natural_landform_GeoJSON_rasterized,True
B_830304_39_LF_CLASS::山地斜面等,830304,,39,山地斜面等,994700.0,0.9947,0.19262199845081332,0.19262199845081332,1.0,10.0,GSI_natural_landform_GeoJSON_rasterized,True
B_830304_39_LF_CLASS::崖・段丘崖,830304,,39,崖・段丘崖,134900.0,0.1349,0.02612316034082107,0.02612316034082107,1.0,10.0,GSI_natural_landform_GeoJSON_rasterized,True
B_830304_39_LF_CLASS::台地・段丘,830304,,39,台地・段丘,2882400.0,2.8824,0.5581719597211464,0.5581719597211464,1.0,10.0,GSI_natural_landform_GeoJSON_rasterized,True
B_830304_39_LF_CLASS::山麓堆積地形,830304,,39,山麓堆積地形,73000.0,0.073,0.014136328427575524,0.014136328427575524,1.0,10.0,GSI_natural_landform_GeoJSON_rasterized,True
B_830304_39_LF_CLASS::凹地・浅い谷,830304,,39,凹地・浅い谷,317400.0,0.3174,0.06146398140975987,0.06146398140975987,1.0,10.0,GSI_natural_landform_GeoJSON_rasterized,True
B_830304_39_LF_CLASS::氾濫平野・海岸平野,830304,,39,氾濫平野・海岸平野,719400.0,0.7194,0.13931061192873742,0.13931061192873742,1.0,10.0,GSI_natural_landform_GeoJSON_rasterized,True
B_830304_39_LF_CLASS::旧河道,830304,,39,旧河道,3100.0,0.0031,0.0006003098373353989,0.0006003098373353989,1.0,10.0,GSI_natural_landform_GeoJSON_rasterized,True
B_830304_39_LF_CLASS::水部,830304,,39,水部,39100.0,0.0391,0.007571649883810999,0.007571649883810999,1.0,10.0,GSI_natural_landform_GeoJSON_rasterized,True
B_830304_4_LF_CLASS::水部,830304,,4,水部,23900.0,0.0239,0.06933565419205105,0.06933565419205105,1.0,10.0,GSI_natural_landform_GeoJSON_rasterized,True
B_830304_4_LF_CLASS::旧水部,830304,,4,旧水部,320800.0,0.3208,0.930664345807949,0.930664345807949,1.0,10.0,GSI_natural_landform_GeoJSON_rasterized,True
B_830304_40_LF_CLASS::山地斜面等,830304,,40,山地斜面等,517700.0,0.5177,0.1237037037037037,0.12369483669032089,0.9999283205504982,10.0,GSI_natural_landform_GeoJSON_rasterized,True
B_830304_40_LF_CLASS::台地・段丘,830304,,40,台地・段丘,2132100.0,2.1321,0.5094623655913979,0.5094258476094904,0.9999283205504982,10.0,GSI_natural_landform_GeoJSON_rasterized,True
B_830304_40_LF_CLASS::凹地・浅い谷,830304,,40,凹地・浅い谷,767200.0,0.7672,0.18332138590203106,0.1833082455260077,0.9999283205504982,10.0,GSI_natural_landform_GeoJSON_rasterized,True
B_830304_40_LF_CLASS::氾濫平野・海岸平野,830304,,40,氾濫平野・海岸平野,721700.0,0.7217,0.17244922341696536,0.1724368623515638,0.9999283205504982,10.0,GSI_natural_landform_GeoJSON_rasterized,True
B_830304_40_LF_CLASS::後背低地・湿地,830304,,40,後背低地・湿地,30100.0,0.0301,0.007192353643966547,0.007191838100016725,0.9999283205504982,10.0,GSI_natural_landform_GeoJSON_rasterized,True
B_830304_40_LF_CLASS::水部,830304,,40,水部,16200.0,0.0162,0.003870967741935484,0.0038706902730987025,0.9999283205504982,10.0,GSI_natural_landform_GeoJSON_rasterized,True
B_830304_41_LF_CLASS::水部,830304,,41,水部,300.0,0.0003,1.0,1.0,1.0,10.0,GSI_natural_landform_GeoJSON_rasterized,True
B_830304_42_LF_CLASS::山地斜面等,830304,,42,山地斜面等,71600.0,0.0716,0.015418075324619394,0.015418075324619394,1.0,10.0,GSI_natural_landform_GeoJSON_rasterized,True
B_830304_42_LF_CLASS::崖・段丘崖,830304,,42,崖・段丘崖,135100.0,0.1351,0.02909192704407933,0.02909192704407933,1.0,10.0,GSI_natural_landform_GeoJSON_rasterized,True
B_830304_42_LF_CLASS::台地・段丘,830304,,42,台地・段丘,654800.0,0.6548,0.14100217489610026,0.14100217489610026,1.0,10.0,GSI_natural_landform_GeoJSON_rasterized,True
B_830304_42_LF_CLASS::山麓堆積地形,830304,,42,山麓堆積地形,42300.0,0.0423,0.009108723271388272,0.009108723271388272,1.0,10.0,GSI_natural_landform_GeoJSON_rasterized,True
B_830304_42_LF_CLASS::自然堤防,830304,,42,自然堤防,316800.0,0.3168,0.0682185232240143,0.0682185232240143,1.0,10.0,GSI_natural_landform_GeoJSON_rasterized,True
B_830304_42_LF_CLASS::凹地・浅い谷,830304,,42,凹地・浅い谷,53600.0,0.0536,0.01154202286870949,0.01154202286870949,1.0,10.0,GSI_natural_landform_GeoJSON_rasterized,True
B_830304_42_LF_CLASS::氾濫平野・海岸平野,830304,,42,氾濫平野・海岸平野,2780400.0,2.7804,0.5987209026895497,0.5987209026895497,1.0,10.0,GSI_natural_landform_GeoJSON_rasterized,True
B_830304_42_LF_CLASS::後背低地・湿地,830304,,42,後背低地・湿地,239400.0,0.2394,0.05155149766360172,0.05155149766360172,1.0,10.0,GSI_natural_landform_GeoJSON_rasterized,True
B_830304_42_LF_CLASS::旧河道,830304,,42,旧河道,210000.0,0.21,0.04522061198561554,0.04522061198561554,1.0,10.0,GSI_natural_landform_GeoJSON_rasterized,True
B_830304_42_LF_CLASS::水部,830304,,42,水部,139900.0,0.1399,0.03012554103232197,0.03012554103232197,1.0,10.0,GSI_natural_landform_GeoJSON_rasterized,True
B_830304_44_LF_CLASS::自然堤防,830304,,44,自然堤防,116700.0,0.1167,0.0772080714521998,0.04571450955813225,0.5920949545596992,10.0,GSI_natural_landform_GeoJSON_rasterized,True
B_830304_44_LF_CLASS::氾濫平野・海岸平野,830304,,44,氾濫平野・海岸平野,717400.0,0.7174,0.4746278531260337,0.28102475712942654,0.5920949545596992,10.0,GSI_natural_landform_GeoJSON_rasterized,True
B_830304_44_LF_CLASS::後背低地・湿地,830304,,44,後背低地・湿地,71800.0,0.0718,0.047502480979159774,0.02812597931682858,0.5920949545596992,10.0,GSI_natural_landform_GeoJSON_rasterized,True
B_830304_44_LF_CLASS::旧河道,830304,,44,旧河道,154800.0,0.1548,0.10241481971551439,0.06063929802569727,0.5920949545596992,10.0,GSI_natural_landform_GeoJSON_rasterized,True
B_830304_44_LF_CLASS::水部,830304,,44,水部,450800.0,0.4508,0.29824677472709227,0.17659041052961455,0.5920949545596992,10.0,GSI_natural_landform_GeoJSON_rasterized,True
B_830304_47_LF_CLASS::山地斜面等,830304,,47,山地斜面等,4784000.0,4.784,0.1497189639848278,0.1497152156224573,0.9999749640107655,10.0,GSI_natural_landform_GeoJSON_rasterized,True
B_830304_47_LF_CLASS::台地・段丘,830304,,47,台地・段丘,20141800.0,20.1418,0.630353141469399,0.6303373599549352,0.9999749640107655,10.0,GSI_natural_landform_GeoJSON_rasterized,True
B_830304_47_LF_CLASS::山麓堆積地形,830304,,47,山麓堆積地形,65700.0,0.0657,0.002056132093186285,0.002056080615885335,0.9999749640107655,10.0,GSI_natural_landform_GeoJSON_rasterized,True
B_830304_47_LF_CLASS::凹地・浅い谷,830304,,47,凹地・浅い谷,3308700.0,3.3087,0.10354831440982437,0.10354572197533955,0.9999749640107655,10.0,GSI_natural_landform_GeoJSON_rasterized,True
B_830304_47_LF_CLASS::氾濫平野・海岸平野,830304,,47,氾濫平野・海岸平野,3316600.0,3.3166,0.10379555099332774,0.10379295236903048,0.9999749640107655,10.0,GSI_natural_landform_GeoJSON_rasterized,True
B_830304_47_LF_CLASS::旧河道,830304,,47,旧河道,37200.0,0.0372,0.0011642026463703167,0.0011641734994053952,0.9999749640107655,10.0,GSI_natural_landform_GeoJSON_rasterized,True
B_830304_47_LF_CLASS::水部,830304,,47,水部,299200.0,0.2992,0.009363694403064482,0.009363459973712211,0.9999749640107655,10.0,GSI_natural_landform_GeoJSON_rasterized,True
B_830304_5_LF_CLASS::水部,830304,,5,水部,3141500.0,3.1415,1.0,0.8881067480846974,0.8881067480846974,10.0,GSI_natural_landform_GeoJSON_rasterized,True
B_830304_50_LF_CLASS::水部,830304,,50,水部,447600.0,0.4476,0.42302239863907004,0.42016333427203606,0.9932413404674739,10.0,GSI_natural_landform_GeoJSON_rasterized,True
B_830304_50_LF_CLASS::旧水部,830304,,50,旧水部,610500.0,0.6105,0.57697760136093,0.5730780061954379,0.9932413404674739,10.0,GSI_natural_landform_GeoJSON_rasterized,True
B_830304_51_LF_CLASS::山地斜面等,830304,,51,山地斜面等,82500.0,0.0825,0.07878151260504201,0.07878151260504201,1.0,10.0,GSI_natural_landform_GeoJSON_rasterized,True
B_830304_51_LF_CLASS::崖・段丘崖,830304,,51,崖・段丘崖,2900.0,0.0029,0.0027692895339954163,0.0027692895339954163,1.0,10.0,GSI_natural_landform_GeoJSON_rasterized,True
B_830304_51_LF_CLASS::台地・段丘,830304,,51,台地・段丘,467500.0,0.4675,0.44642857142857145,0.44642857142857145,1.0,10.0,GSI_natural_landform_GeoJSON_rasterized,True
B_830304_51_LF_CLASS::砂州・砂丘,830304,,51,砂州・砂丘,48500.0,0.0485,0.04631398013750955,0.04631398013750955,1.0,10.0,GSI_natural_landform_GeoJSON_rasterized,True
B_830304_51_LF_CLASS::凹地・浅い谷,830304,,51,凹地・浅い谷,20900.0,0.0209,0.01995798319327731,0.01995798319327731,1.0,10.0,GSI_natural_landform_GeoJSON_rasterized,True
B_830304_51_LF_CLASS::氾濫平野・海岸平野,830304,,51,氾濫平野・海岸平野,6600.0,0.0066,0.0063025210084033615,0.0063025210084033615,1.0,10.0,GSI_natural_landform_GeoJSON_rasterized,True
B_830304_51_LF_CLASS::後背低地・湿地,830304,,51,後背低地・湿地,76000.0,0.076,0.07257448433919023,0.07257448433919023,1.0,10.0,GSI_natural_landform_GeoJSON_rasterized,True
B_830304_51_LF_CLASS::水部,830304,,51,水部,342300.0,0.3423,0.32687165775401067,0.32687165775401067,1.0,10.0,GSI_natural_landform_GeoJSON_rasterized,True
B_830304_52_LF_CLASS::山地斜面等,830304,,52,山地斜面等,2733400.0,2.7334,0.16067292883930356,0.16066442917516502,0.9999470995879646,10.0,GSI_natural_landform_GeoJSON_rasterized,True
B_830304_52_LF_CLASS::崖・段丘崖,830304,,52,崖・段丘崖,316600.0,0.3166,0.01861017387521896,0.01860918938935291,0.9999470995879646,10.0,GSI_natural_landform_GeoJSON_rasterized,True
B_830304_52_LF_CLASS::台地・段丘,830304,,52,台地・段丘,9543800.0,9.5438,0.5609974018645443,0.5609677248708348,0.9999470995879646,10.0,GSI_natural_landform_GeoJSON_rasterized,True
B_830304_52_LF_CLASS::凹地・浅い谷,830304,,52,凹地・浅い谷,1071100.0,1.0711,0.06296069879263116,0.062957368145723,0.9999470995879646,10.0,GSI_natural_landform_GeoJSON_rasterized,True
B_830304_52_LF_CLASS::氾濫平野・海岸平野,830304,,52,氾濫平野・海岸平野,2423400.0,2.4234,0.1424507118420898,0.14244317614073862,0.9999470995879646,10.0,GSI_natural_landform_GeoJSON_rasterized,True
B_830304_52_LF_CLASS::後背低地・湿地,830304,,52,後背低地・湿地,674200.0,0.6742,0.039630382901682325,0.0396282864380977,0.9999470995879646,10.0,GSI_natural_landform_GeoJSON_rasterized,True
B_830304_52_LF_CLASS::水部,830304,,52,水部,198100.0,0.1981,0.011644584474671118,0.011643968471354427,0.9999470995879646,10.0,GSI_natural_landform_GeoJSON_rasterized,True
B_830304_52_LF_CLASS::旧水部,830304,,52,旧水部,51600.0,0.0516,0.003033117409858807,0.003032956956698074,0.9999470995879646,10.0,GSI_natural_landform_GeoJSON_rasterized,True
B_830304_53_LF_CLASS::山地斜面等,830304,,53,山地斜面等,703900.0,0.7039,0.29128905441754604,0.29128905441754604,1.0,10.0,GSI_natural_landform_GeoJSON_rasterized,True
B_830304_53_LF_CLASS::台地・段丘,830304,,53,台地・段丘,1072100.0,1.0721,0.4436581833229878,0.4436581833229878,1.0,10.0,GSI_natural_landform_GeoJSON_rasterized,True
B_830304_53_LF_CLASS::氾濫平野・海岸平野,830304,,53,氾濫平野・海岸平野,591500.0,0.5915,0.244775501758742,0.244775501758742,1.0,10.0,GSI_natural_landform_GeoJSON_rasterized,True
B_830304_53_LF_CLASS::水部,830304,,53,水部,49000.0,0.049,0.020277260500724186,0.020277260500724186,1.0,10.0,GSI_natural_landform_GeoJSON_rasterized,True
B_830304_54_LF_CLASS::山地斜面等,830304,,54,山地斜面等,1823200.0,1.8232,0.14085399300056398,0.14085290482076637,0.9999922744128554,10.0,GSI_natural_landform_GeoJSON_rasterized,True
B_830304_54_LF_CLASS::台地・段丘,830304,,54,台地・段丘,7592400.0,7.5924,0.5865620099042792,0.586557478368356,0.9999922744128554,10.0,GSI_natural_landform_GeoJSON_rasterized,True
B_830304_54_LF_CLASS::凹地・浅い谷,830304,,54,凹地・浅い谷,1691200.0,1.6912,0.1306561391852533,0.13065512978986402,0.9999922744128554,10.0,GSI_natural_landform_GeoJSON_rasterized,True
B_830304_54_LF_CLASS::氾濫平野・海岸平野,830304,,54,氾濫平野・海岸平野,1748000.0,1.748,0.13504430658456879,0.1350432632880099,0.9999922744128554,10.0,GSI_natural_landform_GeoJSON_rasterized,True
B_830304_54_LF_CLASS::旧河道,830304,,54,旧河道,9800.0,0.0098,0.0007571133893185207,0.0007571075401730531,0.9999922744128554,10.0,GSI_natural_landform_GeoJSON_rasterized,True
B_830304_54_LF_CLASS::水部,830304,,54,水部,79300.0,0.0793,0.006126437936016193,0.006126390605686032,0.9999922744128554,10.0,GSI_natural_landform_GeoJSON_rasterized,True
B_830304_55_LF_CLASS::山地斜面等,830304,,55,山地斜面等,88600.0,0.0886,0.018184430351168852,0.018184430351168852,1.0,10.0,GSI_natural_landform_GeoJSON_rasterized,True
B_830304_55_LF_CLASS::崖・段丘崖,830304,,55,崖・段丘崖,231800.0,0.2318,0.0475750672167149,0.0475750672167149,1.0,10.0,GSI_natural_landform_GeoJSON_rasterized,True
B_830304_55_LF_CLASS::台地・段丘,830304,,55,台地・段丘,2625200.0,2.6252,0.5388009769513371,0.5388009769513371,1.0,10.0,GSI_natural_landform_GeoJSON_rasterized,True
B_830304_55_LF_CLASS::山麓堆積地形,830304,,55,山麓堆積地形,90200.0,0.0902,0.018512817355253165,0.018512817355253165,1.0,10.0,GSI_natural_landform_GeoJSON_rasterized,True
B_830304_55_LF_CLASS::自然堤防,830304,,55,自然堤防,2500.0,0.0025,0.0005131046938817396,0.0005131046938817396,1.0,10.0,GSI_natural_landform_GeoJSON_rasterized,True
B_830304_55_LF_CLASS::凹地・浅い谷,830304,,55,凹地・浅い谷,341100.0,0.3411,0.07000800443322455,0.07000800443322455,1.0,10.0,GSI_natural_landform_GeoJSON_rasterized,True
B_830304_55_LF_CLASS::氾濫平野・海岸平野,830304,,55,氾濫平野・海岸平野,1485800.0,1.4858,0.3049483816677955,0.3049483816677955,1.0,10.0,GSI_natural_landform_GeoJSON_rasterized,True
B_830304_55_LF_CLASS::後背低地・湿地,830304,,55,後背低地・湿地,800.0,0.0008,0.00016419350204215669,0.00016419350204215669,1.0,10.0,GSI_natural_landform_GeoJSON_rasterized,True
B_830304_55_LF_CLASS::水部,830304,,55,水部,6300.0,0.0063,0.001293023828581984,0.001293023828581984,1.0,10.0,GSI_natural_landform_GeoJSON_rasterized,True
B_830304_56_LF_CLASS::崖・段丘崖,830304,,56,崖・段丘崖,174600.0,0.1746,0.043542232973390854,0.04349992525786038,0.9990283521849619,10.0,GSI_natural_landform_GeoJSON_rasterized,True
B_830304_56_LF_CLASS::台地・段丘,830304,,56,台地・段丘,1132600.0,1.1326,0.2824509339385022,0.2821764911056854,0.9990283521849619,10.0,GSI_natural_landform_GeoJSON_rasterized,True
B_830304_56_LF_CLASS::山麓堆積地形,830304,,56,山麓堆積地形,8200.0,0.0082,0.002044938776528093,0.0020429518162339926,0.9990283521849619,10.0,GSI_natural_landform_GeoJSON_rasterized,True
B_830304_56_LF_CLASS::凹地・浅い谷,830304,,56,凹地・浅い谷,223300.0,0.2233,0.05568717424374673,0.05563306592256714,0.9990283521849619,10.0,GSI_natural_landform_GeoJSON_rasterized,True
B_830304_56_LF_CLASS::氾濫平野・海岸平野,830304,,56,氾濫平野・海岸平野,2359200.0,2.3592,0.5883438489737899,0.5877721859584434,0.9990283521849619,10.0,GSI_natural_landform_GeoJSON_rasterized,True
B_830304_56_LF_CLASS::水部,830304,,56,水部,107700.0,0.1077,0.026858525150253124,0.026832428122975732,0.9990283521849619,10.0,GSI_natural_landform_GeoJSON_rasterized,True
B_830304_56_LF_CLASS::旧水部,830304,,56,旧水部,4300.0,0.0043,0.0010723459437891219,0.0010713040011958743,0.9990283521849619,10.0,GSI_natural_landform_GeoJSON_rasterized,True
B_830304_57_LF_CLASS::山地斜面等,830304,,57,山地斜面等,1709300.0,1.7093,0.08573764571336852,0.08573592552465792,0.9999799365996549,10.0,GSI_natural_landform_GeoJSON_rasterized,True
B_830304_57_LF_CLASS::台地・段丘,830304,,57,台地・段丘,13864600.0,13.8646,0.6954415039826649,0.6954275510613539,0.9999799365996549,10.0,GSI_natural_landform_GeoJSON_rasterized,True
B_830304_57_LF_CLASS::凹地・浅い谷,830304,,57,凹地・浅い谷,2472900.0,2.4729,0.12403944543648804,0.12403695678343565,0.9999799365996549,10.0,GSI_natural_landform_GeoJSON_rasterized,True
B_830304_57_LF_CLASS::氾濫平野・海岸平野,830304,,57,氾濫平野・海岸平野,1637700.0,1.6377,0.08214622499548564,0.08214457686288672,0.9999799365996549,10.0,GSI_natural_landform_GeoJSON_rasterized,True
B_830304_57_LF_CLASS::後背低地・湿地,830304,,57,後背低地・湿地,57700.0,0.0577,0.0028942035673441544,0.0028941454997793025,0.9999799365996549,10.0,GSI_natural_landform_GeoJSON_rasterized,True
B_830304_57_LF_CLASS::旧河道,830304,,57,旧河道,38700.0,0.0387,0.0019411729299171365,0.0019411339833875045,0.9999799365996549,10.0,GSI_natural_landform_GeoJSON_rasterized,True
B_830304_57_LF_CLASS::水部,830304,,57,水部,134800.0,0.1348,0.006761501575008527,0.0067613659162954936,0.9999799365996549,10.0,GSI_natural_landform_GeoJSON_rasterized,True
B_830304_57_LF_CLASS::旧水部,830304,,57,旧水部,20700.0,0.0207,0.0010383017997231195,0.0010382809678584327,0.9999799365996549,10.0,GSI_natural_landform_GeoJSON_rasterized,True
B_830304_6_LF_CLASS::水部,830304,,6,水部,14300.0,0.0143,0.020387795836897635,0.020303847792134035,0.995882436461735,10.0,GSI_natural_landform_GeoJSON_rasterized,True
B_830304_6_LF_CLASS::旧水部,830304,,6,旧水部,687100.0,0.6871,0.9796122041631024,0.975578588669601,0.995882436461735,10.0,GSI_natural_landform_GeoJSON_rasterized,True
B_830304_60_LF_CLASS::水部,830304,,60,水部,3200.0,0.0032,1.0,1.0,1.0,10.0,GSI_natural_landform_GeoJSON_rasterized,True
B_830304_61_LF_CLASS::山地斜面等,830304,,61,山地斜面等,1336000.0,1.336,0.10221882172915073,0.1022133474106207,0.9999464451024046,10.0,GSI_natural_landform_GeoJSON_rasterized,True
B_830304_61_LF_CLASS::崖・段丘崖,830304,,61,崖・段丘崖,123200.0,0.1232,0.009426166794185157,0.009425661976787778,0.9999464451024046,10.0,GSI_natural_landform_GeoJSON_rasterized,True
B_830304_61_LF_CLASS::台地・段丘,830304,,61,台地・段丘,8283500.0,8.2835,0.6337796480489671,0.6337457060448178,0.9999464451024046,10.0,GSI_natural_landform_GeoJSON_rasterized,True
B_830304_61_LF_CLASS::山麓堆積地形,830304,,61,山麓堆積地形,64600.0,0.0646,0.004942616679418516,0.004942351978088396,0.9999464451024046,10.0,GSI_natural_landform_GeoJSON_rasterized,True
B_830304_61_LF_CLASS::凹地・浅い谷,830304,,61,凹地・浅い谷,2039100.0,2.0391,0.15601377199693955,0.15600541669535678,0.9999464451024046,10.0,GSI_natural_landform_GeoJSON_rasterized,True
B_830304_61_LF_CLASS::氾濫平野・海岸平野,830304,,61,氾濫平野・海岸平野,1126600.0,1.1266,0.0861973986228003,0.08619278232994407,0.9999464451024046,10.0,GSI_natural_landform_GeoJSON_rasterized,True
B_830304_61_LF_CLASS::旧河道,830304,,61,旧河道,25400.0,0.0254,0.001943381790359602,0.0019432777127468307,0.9999464451024046,10.0,GSI_natural_landform_GeoJSON_rasterized,True
B_830304_61_LF_CLASS::水部,830304,,61,水部,71600.0,0.0716,0.005478194338179036,0.005477900954042247,0.9999464451024046,10.0,GSI_natural_landform_GeoJSON_rasterized,True
B_830304_62_LF_CLASS::氾濫平野・海岸平野,830304,,62,氾濫平野・海岸平野,13700.0,0.0137,0.23181049069373943,0.12156166814551908,0.5244010647737356,10.0,GSI_natural_landform_GeoJSON_rasterized,True
B_830304_62_LF_CLASS::旧河道,830304,,62,旧河道,29200.0,0.0292,0.494077834179357,0.259094942324756,0.5244010647737356,10.0,GSI_natural_landform_GeoJSON_rasterized,True
B_830304_62_LF_CLASS::水部,830304,,62,水部,16200.0,0.0162,0.27411167512690354,0.14374445430346053,0.5244010647737356,10.0,GSI_natural_landform_GeoJSON_rasterized,True
B_830304_63_LF_CLASS::山地斜面等,830304,,63,山地斜面等,331200.0,0.3312,0.06390368140773327,0.06390368140773327,1.0,10.0,GSI_natural_landform_GeoJSON_rasterized,True
B_830304_63_LF_CLASS::台地・段丘,830304,,63,台地・段丘,3241000.0,3.241,0.6253376553214479,0.6253376553214479,1.0,10.0,GSI_natural_landform_GeoJSON_rasterized,True
B_830304_63_LF_CLASS::凹地・浅い谷,830304,,63,凹地・浅い谷,1571100.0,1.5711,0.3031373003009956,0.3031373003009956,1.0,10.0,GSI_natural_landform_GeoJSON_rasterized,True
B_830304_63_LF_CLASS::氾濫平野・海岸平野,830304,,63,氾濫平野・海岸平野,30400.0,0.0304,0.0058655552982943586,0.0058655552982943586,1.0,10.0,GSI_natural_landform_GeoJSON_rasterized,True
B_830304_63_LF_CLASS::水部,830304,,63,水部,9100.0,0.0091,0.0017558076715289033,0.0017558076715289033,1.0,10.0,GSI_natural_landform_GeoJSON_rasterized,True
B_830304_67_LF_CLASS::山地斜面等,830304,,67,山地斜面等,1247700.0,1.2477,0.1360751210574532,0.13607215303073267,0.9999781883220276,10.0,GSI_natural_landform_GeoJSON_rasterized,True
B_830304_67_LF_CLASS::台地・段丘,830304,,67,台地・段丘,5660100.0,5.6601,0.61729485669415,0.6172813924575218,0.9999781883220276,10.0,GSI_natural_landform_GeoJSON_rasterized,True
B_830304_67_LF_CLASS::凹地・浅い谷,830304,,67,凹地・浅い谷,1293900.0,1.2939,0.14111372856955895,0.14111065064235392,0.9999781883220276,10.0,GSI_natural_landform_GeoJSON_rasterized,True
B_830304_67_LF_CLASS::氾濫平野・海岸平野,830304,,67,氾濫平野・海岸平野,907900.0,0.9079,0.09901627186668412,0.09901411215564813,0.9999781883220276,10.0,GSI_natural_landform_GeoJSON_rasterized,True
B_830304_67_LF_CLASS::旧河道,830304,,67,旧河道,14900.0,0.0149,0.001625005453038433,0.001624970008942788,0.9999781883220276,10.0,GSI_natural_landform_GeoJSON_rasterized,True
B_830304_67_LF_CLASS::水部,830304,,67,水部,44700.0,0.0447,0.004875016359115299,0.004874910026828364,0.9999781883220276,10.0,GSI_natural_landform_GeoJSON_rasterized,True
B_830304_68_LF_CLASS::山地斜面等,830304,,68,山地斜面等,1201000.0,1.201,0.06156353962159696,0.061562592907743255,0.9999846221666342,10.0,GSI_natural_landform_GeoJSON_rasterized,True
B_830304_68_LF_CLASS::崖・段丘崖,830304,,68,崖・段丘崖,19800.0,0.0198,0.0010149526099147543,0.0010149370021426448,0.9999846221666342,10.0,GSI_natural_landform_GeoJSON_rasterized,True
B_830304_68_LF_CLASS::台地・段丘,830304,,68,台地・段丘,15137200.0,15.1372,0.7759363963031121,0.7759244640825071,0.9999846221666342,10.0,GSI_natural_landform_GeoJSON_rasterized,True
B_830304_68_LF_CLASS::山麓堆積地形,830304,,68,山麓堆積地形,39200.0,0.0392,0.0020094011266999176,0.002009370226464226,0.9999846221666342,10.0,GSI_natural_landform_GeoJSON_rasterized,True
B_830304_68_LF_CLASS::凹地・浅い谷,830304,,68,凹地・浅い谷,1667800.0,1.6678,0.08549181630382965,0.08549050162492439,0.9999846221666342,10.0,GSI_natural_landform_GeoJSON_rasterized,True
B_830304_68_LF_CLASS::氾濫平野・海岸平野,830304,,68,氾濫平野・海岸平野,1229700.0,1.2297,0.06303470830364512,0.06303373896640456,0.9999846221666342,10.0,GSI_natural_landform_GeoJSON_rasterized,True
B_830304_68_LF_CLASS::旧河道,830304,,68,旧河道,39100.0,0.0391,0.0020042751034175196,0.00200424428200896,0.9999846221666342,10.0,GSI_natural_landform_GeoJSON_rasterized,True
B_830304_68_LF_CLASS::水部,830304,,68,水部,163900.0,0.1639,0.00840155215984991,0.008401422962180782,0.9999846221666342,10.0,GSI_natural_landform_GeoJSON_rasterized,True
B_830304_68_LF_CLASS::旧水部,830304,,68,旧水部,10600.0,0.0106,0.0005433584679341613,0.0005433501122581836,0.9999846221666342,10.0,GSI_natural_landform_GeoJSON_rasterized,True
B_830304_69_LF_CLASS::山地斜面等,830304,,69,山地斜面等,1635300.0,1.6353,0.23056750088121256,0.23056750088121256,1.0,10.0,GSI_natural_landform_GeoJSON_rasterized,True
B_830304_69_LF_CLASS::台地・段丘,830304,,69,台地・段丘,4079600.0,4.0796,0.5751991540359535,0.5751991540359535,1.0,10.0,GSI_natural_landform_GeoJSON_rasterized,True
B_830304_69_LF_CLASS::凹地・浅い谷,830304,,69,凹地・浅い谷,127400.0,0.1274,0.017962636587945013,0.017962636587945013,1.0,10.0,GSI_natural_landform_GeoJSON_rasterized,True
B_830304_69_LF_CLASS::氾濫平野・海岸平野,830304,,69,氾濫平野・海岸平野,1069300.0,1.0693,0.1507648924920691,0.1507648924920691,1.0,10.0,GSI_natural_landform_GeoJSON_rasterized,True
B_830304_69_LF_CLASS::旧河道,830304,,69,旧河道,2000.0,0.002,0.0002819880155093409,0.0002819880155093409,1.0,10.0,GSI_natural_landform_GeoJSON_rasterized,True
B_830304_69_LF_CLASS::水部,830304,,69,水部,37200.0,0.0372,0.00524497708847374,0.00524497708847374,1.0,10.0,GSI_natural_landform_GeoJSON_rasterized,True
B_830304_69_LF_CLASS::旧水部,830304,,69,旧水部,141700.0,0.1417,0.0199788508988368,0.0199788508988368,1.0,10.0,GSI_natural_landform_GeoJSON_rasterized,True
B_830304_7_LF_CLASS::水部,830304,,7,水部,19800.0,0.0198,0.029355077835433653,0.028737300435413643,0.978955007256894,10.0,GSI_natural_landform_GeoJSON_rasterized,True
B_830304_7_LF_CLASS::旧水部,830304,,7,旧水部,654700.0,0.6547,0.9706449221645663,0.9502177068214804,0.978955007256894,10.0,GSI_natural_landform_GeoJSON_rasterized,True
B_830304_70_LF_CLASS::山地斜面等,830304,,70,山地斜面等,1922700.0,1.9227,0.1389977300001446,0.1389937106918239,0.9999710836405696,10.0,GSI_natural_landform_GeoJSON_rasterized,True
B_830304_70_LF_CLASS::台地・段丘,830304,,70,台地・段丘,8957400.0,8.9574,0.647557219900814,0.6475384949034917,0.9999710836405696,10.0,GSI_natural_landform_GeoJSON_rasterized,True
B_830304_70_LF_CLASS::山麓堆積地形,830304,,70,山麓堆積地形,16900.0,0.0169,0.00122175151453812,0.0012217161859321912,0.9999710836405696,10.0,GSI_natural_landform_GeoJSON_rasterized,True
B_830304_70_LF_CLASS::凹地・浅い谷,830304,,70,凹地・浅い谷,1086200.0,1.0862,0.07852464467995894,0.07852237403310923,0.9999710836405696,10.0,GSI_natural_landform_GeoJSON_rasterized,True
B_830304_70_LF_CLASS::氾濫平野・海岸平野,830304,,70,氾濫平野・海岸平野,1607300.0,1.6073,0.11619652126136808,0.11619316128099472,0.9999710836405696,10.0,GSI_natural_landform_GeoJSON_rasterized,True
B_830304_70_LF_CLASS::後背低地・湿地,830304,,70,後背低地・湿地,95100.0,0.0951,0.0068750632563653975,0.00687486445456517,0.9999710836405696,10.0,GSI_natural_landform_GeoJSON_rasterized,True
B_830304_70_LF_CLASS::旧河道,830304,,70,旧河道,2000.0,0.002,0.00014458597805184852,0.0001445817971517386,0.9999710836405696,10.0,GSI_natural_landform_GeoJSON_rasterized,True
B_830304_70_LF_CLASS::水部,830304,,70,水部,132200.0,0.1322,0.009557133149227189,0.009556856791729922,0.9999710836405696,10.0,GSI_natural_landform_GeoJSON_rasterized,True
B_830304_70_LF_CLASS::旧水部,830304,,70,旧水部,12800.0,0.0128,0.0009253502595318306,0.0009253235017711271,0.9999710836405696,10.0,GSI_natural_landform_GeoJSON_rasterized,True
B_830304_71_LF_CLASS::氾濫平野・海岸平野,830304,,71,氾濫平野・海岸平野,1900.0,0.0019,0.6333333333333333,0.6333333333333333,1.0,10.0,GSI_natural_landform_GeoJSON_rasterized,True
B_830304_71_LF_CLASS::旧河道,830304,,71,旧河道,200.0,0.0002,0.06666666666666667,0.06666666666666667,1.0,10.0,GSI_natural_landform_GeoJSON_rasterized,True
B_830304_71_LF_CLASS::水部,830304,,71,水部,900.0,0.0009,0.3,0.3,1.0,10.0,GSI_natural_landform_GeoJSON_rasterized,True
B_830304_72_LF_CLASS::台地・段丘,830304,,72,台地・段丘,1220600.0,1.2206,0.7198207230052486,0.7198207230052486,1.0,10.0,GSI_natural_landform_GeoJSON_rasterized,True
B_830304_72_LF_CLASS::凹地・浅い谷,830304,,72,凹地・浅い谷,473900.0,0.4739,0.2794716046470484,0.2794716046470484,1.0,10.0,GSI_natural_landform_GeoJSON_rasterized,True
B_830304_72_LF_CLASS::水部,830304,,72,水部,1200.0,0.0012,0.0007076723477030135,0.0007076723477030135,1.0,10.0,GSI_natural_landform_GeoJSON_rasterized,True
B_830304_77_LF_CLASS::山地斜面等,830304,,77,山地斜面等,18200.0,0.0182,0.020646625070901873,0.020646625070901873,1.0,10.0,GSI_natural_landform_GeoJSON_rasterized,True
B_830304_77_LF_CLASS::崖・段丘崖,830304,,77,崖・段丘崖,31200.0,0.0312,0.03539421440726035,0.03539421440726035,1.0,10.0,GSI_natural_landform_GeoJSON_rasterized,True
B_830304_77_LF_CLASS::台地・段丘,830304,,77,台地・段丘,701100.0,0.7011,0.7953488372093023,0.7953488372093023,1.0,10.0,GSI_natural_landform_GeoJSON_rasterized,True
B_830304_77_LF_CLASS::凹地・浅い谷,830304,,77,凹地・浅い谷,70200.0,0.0702,0.0796369824163358,0.0796369824163358,1.0,10.0,GSI_natural_landform_GeoJSON_rasterized,True
B_830304_77_LF_CLASS::氾濫平野・海岸平野,830304,,77,氾濫平野・海岸平野,57300.0,0.0573,0.06500283607487238,0.06500283607487238,1.0,10.0,GSI_natural_landform_GeoJSON_rasterized,True
B_830304_77_LF_CLASS::旧河道,830304,,77,旧河道,1200.0,0.0012,0.0013613159387407827,0.0013613159387407827,1.0,10.0,GSI_natural_landform_GeoJSON_rasterized,True
B_830304_77_LF_CLASS::水部,830304,,77,水部,2300.0,0.0023,0.0026091888825865,0.0026091888825865,1.0,10.0,GSI_natural_landform_GeoJSON_rasterized,True
B_830304_79_LF_CLASS::山地斜面等,830304,,79,山地斜面等,163700.0,0.1637,0.09430266720433204,0.09430266720433204,1.0,10.0,GSI_natural_landform_GeoJSON_rasterized,True
B_830304_79_LF_CLASS::台地・段丘,830304,,79,台地・段丘,1042900.0,1.0429,0.6007834552681606,0.6007834552681606,1.0,10.0,GSI_natural_landform_GeoJSON_rasterized,True
B_830304_79_LF_CLASS::凹地・浅い谷,830304,,79,凹地・浅い谷,399000.0,0.399,0.22985194999711964,0.22985194999711964,1.0,10.0,GSI_natural_landform_GeoJSON_rasterized,True
B_830304_79_LF_CLASS::氾濫平野・海岸平野,830304,,79,氾濫平野・海岸平野,114900.0,0.1149,0.06619044875856904,0.06619044875856904,1.0,10.0,GSI_natural_landform_GeoJSON_rasterized,True
B_830304_79_LF_CLASS::水部,830304,,79,水部,15400.0,0.0154,0.008871478771818653,0.008871478771818653,1.0,10.0,GSI_natural_landform_GeoJSON_rasterized,True
B_830304_8_LF_CLASS::水部,830304,,8,水部,368600.0,0.3686,0.3835188846113828,0.3835188846113828,1.0,10.0,GSI_natural_landform_GeoJSON_rasterized,True
B_830304_8_LF_CLASS::旧水部,830304,,8,旧水部,592500.0,0.5925,0.6164811153886172,0.6164811153886172,1.0,10.0,GSI_natural_landform_GeoJSON_rasterized,True
B_830304_80_LF_CLASS::山地斜面等,830304,,80,山地斜面等,786800.0,0.7868,0.14237116386797916,0.14237116386797916,1.0,10.0,GSI_natural_landform_GeoJSON_rasterized,True
B_830304_80_LF_CLASS::崖・段丘崖,830304,,80,崖・段丘崖,27600.0,0.0276,0.004994209612044007,0.004994209612044007,1.0,10.0,GSI_natural_landform_GeoJSON_rasterized,True
B_830304_80_LF_CLASS::台地・段丘,830304,,80,台地・段丘,3854600.0,3.8546,0.697488419224088,0.697488419224088,1.0,10.0,GSI_natural_landform_GeoJSON_rasterized,True
B_830304_80_LF_CLASS::凹地・浅い谷,830304,,80,凹地・浅い谷,523800.0,0.5238,0.09478141285466127,0.09478141285466127,1.0,10.0,GSI_natural_landform_GeoJSON_rasterized,True
B_830304_80_LF_CLASS::氾濫平野・海岸平野,830304,,80,氾濫平野・海岸平野,297600.0,0.2976,0.05385060799073538,0.05385060799073538,1.0,10.0,GSI_natural_landform_GeoJSON_rasterized,True
B_830304_80_LF_CLASS::旧河道,830304,,80,旧河道,1600.0,0.0016,0.00028951939779965256,0.00028951939779965256,1.0,10.0,GSI_natural_landform_GeoJSON_rasterized,True
B_830304_80_LF_CLASS::水部,830304,,80,水部,34400.0,0.0344,0.006224667052692531,0.006224667052692531,1.0,10.0,GSI_natural_landform_GeoJSON_rasterized,True
B_830304_82_LF_CLASS::山地斜面等,830304,,82,山地斜面等,585700.0,0.5857,0.09127602543323775,0.0912746030014493,0.999984416151101,10.0,GSI_natural_landform_GeoJSON_rasterized,True
B_830304_82_LF_CLASS::崖・段丘崖,830304,,82,崖・段丘崖,5800.0,0.0058,0.0009038773220296721,0.0009038632361420624,0.999984416151101,10.0,GSI_natural_landform_GeoJSON_rasterized,True
B_830304_82_LF_CLASS::台地・段丘,830304,,82,台地・段丘,4197400.0,4.1974,0.6541266674978182,0.6541164736866711,0.999984416151101,10.0,GSI_natural_landform_GeoJSON_rasterized,True
B_830304_82_LF_CLASS::凹地・浅い谷,830304,,82,凹地・浅い谷,1129600.0,1.1296,0.1760379005111582,0.17603515716311616,0.999984416151101,10.0,GSI_natural_landform_GeoJSON_rasterized,True
B_830304_82_LF_CLASS::氾濫平野・海岸平野,830304,,82,氾濫平野・海岸平野,400900.0,0.4009,0.0624766238623613,0.06247565023609531,0.999984416151101,10.0,GSI_natural_landform_GeoJSON_rasterized,True
B_830304_82_LF_CLASS::旧河道,830304,,82,旧河道,48100.0,0.0481,0.0074959481361426255,0.007495831320419517,0.999984416151101,10.0,GSI_natural_landform_GeoJSON_rasterized,True
B_830304_82_LF_CLASS::水部,830304,,82,水部,49300.0,0.0493,0.007682957237252213,0.00768283750720753,0.999984416151101,10.0,GSI_natural_landform_GeoJSON_rasterized,True
B_830304_83_LF_CLASS::山地斜面等,830304,,83,山地斜面等,237900.0,0.2379,0.10130301481859989,0.10130301481859989,1.0,10.0,GSI_natural_landform_GeoJSON_rasterized,True
B_830304_83_LF_CLASS::崖・段丘崖,830304,,83,崖・段丘崖,19900.0,0.0199,0.008473854539260773,0.008473854539260773,1.0,10.0,GSI_natural_landform_GeoJSON_rasterized,True
B_830304_83_LF_CLASS::台地・段丘,830304,,83,台地・段丘,1460400.0,1.4604,0.6218702095043434,0.6218702095043434,1.0,10.0,GSI_natural_landform_GeoJSON_rasterized,True
B_830304_83_LF_CLASS::山麓堆積地形,830304,,83,山麓堆積地形,46200.0,0.0462,0.019672968829841594,0.019672968829841594,1.0,10.0,GSI_natural_landform_GeoJSON_rasterized,True
B_830304_83_LF_CLASS::凹地・浅い谷,830304,,83,凹地・浅い谷,47700.0,0.0477,0.02031170158405723,0.02031170158405723,1.0,10.0,GSI_natural_landform_GeoJSON_rasterized,True
B_830304_83_LF_CLASS::氾濫平野・海岸平野,830304,,83,氾濫平野・海岸平野,521000.0,0.521,0.22185317663089762,0.22185317663089762,1.0,10.0,GSI_natural_landform_GeoJSON_rasterized,True
B_830304_83_LF_CLASS::旧河道,830304,,83,旧河道,2000.0,0.002,0.000851643672287515,0.000851643672287515,1.0,10.0,GSI_natural_landform_GeoJSON_rasterized,True
B_830304_83_LF_CLASS::水部,830304,,83,水部,13300.0,0.0133,0.0056634304207119745,0.0056634304207119745,1.0,10.0,GSI_natural_landform_GeoJSON_rasterized,True
B_830304_86_LF_CLASS::山地斜面等,830304,,86,山地斜面等,4467800.0,4.4678,0.5355597377222109,0.5355533179900268,0.9999880130418105,10.0,GSI_natural_landform_GeoJSON_rasterized,True
B_830304_86_LF_CLASS::台地・段丘,830304,,86,台地・段丘,1252000.0,1.252,0.1500785155173034,0.15007671653241272,0.9999880130418105,10.0,GSI_natural_landform_GeoJSON_rasterized,True
B_830304_86_LF_CLASS::山麓堆積地形,830304,,86,山麓堆積地形,309500.0,0.3095,0.037100080313582584,0.03709963559647104,0.9999880130418105,10.0,GSI_natural_landform_GeoJSON_rasterized,True
B_830304_86_LF_CLASS::氾濫平野・海岸平野,830304,,86,氾濫平野・海岸平野,1086800.0,1.0868,0.1302758232142215,0.13027426160337552,0.9999880130418105,10.0,GSI_natural_landform_GeoJSON_rasterized,True
B_830304_86_LF_CLASS::水部,830304,,86,水部,1226200.0,1.2262,0.14698584323268163,0.14698408131952437,0.9999880130418105,10.0,GSI_natural_landform_GeoJSON_rasterized,True
B_830304_87_LF_CLASS::山地斜面等,830304,,87,山地斜面等,1323000.0,1.323,0.5093555093555093,0.5093555093555093,1.0,10.0,GSI_natural_landform_GeoJSON_rasterized,True
B_830304_87_LF_CLASS::台地・段丘,830304,,87,台地・段丘,230800.0,0.2308,0.08885808885808885,0.08885808885808885,1.0,10.0,GSI_natural_landform_GeoJSON_rasterized,True
B_830304_87_LF_CLASS::山麓堆積地形,830304,,87,山麓堆積地形,407600.0,0.4076,0.15692615692615694,0.15692615692615694,1.0,10.0,GSI_natural_landform_GeoJSON_rasterized,True
B_830304_87_LF_CLASS::氾濫平野・海岸平野,830304,,87,氾濫平野・海岸平野,612100.0,0.6121,0.23565873565873566,0.23565873565873566,1.0,10.0,GSI_natural_landform_GeoJSON_rasterized,True
B_830304_87_LF_CLASS::水部,830304,,87,水部,23900.0,0.0239,0.009201509201509202,0.009201509201509202,1.0,10.0,GSI_natural_landform_GeoJSON_rasterized,True
B_830304_88_LF_CLASS::山地斜面等,830304,,88,山地斜面等,1276700.0,1.2767,0.10355847927127017,0.10355763927192499,0.9999918886473508,10.0,GSI_natural_landform_GeoJSON_rasterized,True
B_830304_88_LF_CLASS::台地・段丘,830304,,88,台地・段丘,8775900.0,8.7759,0.7118499712044645,0.7118441971383148,0.9999918886473508,10.0,GSI_natural_landform_GeoJSON_rasterized,True
B_830304_88_LF_CLASS::山麓堆積地形,830304,,88,山麓堆積地形,226000.0,0.226,0.01833180568285976,0.018331656987119173,0.9999918886473508,10.0,GSI_natural_landform_GeoJSON_rasterized,True
B_830304_88_LF_CLASS::凹地・浅い谷,830304,,88,凹地・浅い谷,1260800.0,1.2608,0.10226876373871499,0.10226793420070732,0.9999918886473508,10.0,GSI_natural_landform_GeoJSON_rasterized,True
B_830304_88_LF_CLASS::氾濫平野・海岸平野,830304,,88,氾濫平野・海岸平野,727300.0,0.7273,0.05899434634134471,0.05899386781739723,0.9999918886473508,10.0,GSI_natural_landform_GeoJSON_rasterized,True
B_830304_88_LF_CLASS::水部,830304,,88,水部,61600.0,0.0616,0.004996633761345847,0.004996593231887349,0.9999918886473508,10.0,GSI_natural_landform_GeoJSON_rasterized,True
B_830304_9_LF_CLASS::水部,830304,,9,水部,805300.0,0.8053,0.5864831403393781,0.5861843063036832,0.9994904644052992,10.0,GSI_natural_landform_GeoJSON_rasterized,True
B_830304_9_LF_CLASS::旧水部,830304,,9,旧水部,567800.0,0.5678,0.41351685966062196,0.413306158101616,0.9994904644052992,10.0,GSI_natural_landform_GeoJSON_rasterized,True
B_830304_96_LF_CLASS::氾濫平野・海岸平野,830304,,96,氾濫平野・海岸平野,100.0,0.0001,0.5,0.5,1.0,10.0,GSI_natural_landform_GeoJSON_rasterized,True
B_830304_96_LF_CLASS::水部,830304,,96,水部,100.0,0.0001,0.5,0.5,1.0,10.0,GSI_natural_landform_GeoJSON_rasterized,True
B_830304_98_LF_CLASS::山地斜面等,830304,,98,山地斜面等,1338400.0,1.3384,0.9437980396304915,0.9437980396304915,1.0,10.0,GSI_natural_landform_GeoJSON_rasterized,True
B_830304_98_LF_CLASS::山麓堆積地形,830304,,98,山麓堆積地形,78000.0,0.078,0.05500317325999577,0.05500317325999577,1.0,10.0,GSI_natural_landform_GeoJSON_rasterized,True
B_830304_98_LF_CLASS::氾濫平野・海岸平野,830304,,98,氾濫平野・海岸平野,1700.0,0.0017,0.0011987871095127283,0.0011987871095127283,1.0,10.0,GSI_natural_landform_GeoJSON_rasterized,True
B_830305_1_LF_CLASS::自然堤防,830305,,1,自然堤防,443200.0,0.4432,0.06785473697103313,0.0587206529227834,0.8653876729026445,10.0,GSI_natural_landform_GeoJSON_rasterized,True
B_830305_1_LF_CLASS::砂州・砂丘,830305,,1,砂州・砂丘,75900.0,0.0759,0.011620429909976117,0.010056176797922518,0.8653876729026445,10.0,GSI_natural_landform_GeoJSON_rasterized,True
B_830305_1_LF_CLASS::氾濫平野・海岸平野,830305,,1,氾濫平野・海岸平野,3445200.0,3.4452,0.5274664706963071,0.4564629816100482,0.8653876729026445,10.0,GSI_natural_landform_GeoJSON_rasterized,True
B_830305_1_LF_CLASS::旧河道,830305,,1,旧河道,34200.0,0.0342,0.005236083042439831,0.004531241719222004,0.8653876729026445,10.0,GSI_natural_landform_GeoJSON_rasterized,True
B_830305_1_LF_CLASS::水部,830305,,1,水部,1267400.0,1.2674,0.19404127625696613,0.1679209285070751,0.8653876729026445,10.0,GSI_natural_landform_GeoJSON_rasterized,True
B_830305_1_LF_CLASS::旧水部,830305,,1,旧水部,1265700.0,1.2657,0.19378100312327762,0.1676956913455933,0.8653876729026445,10.0,GSI_natural_landform_GeoJSON_rasterized,True
B_830305_10_LF_CLASS::山地斜面等,830305,,10,山地斜面等,57200.0,0.0572,0.012883173044437937,0.012608561477758674,0.978684477361901,10.0,GSI_natural_landform_GeoJSON_rasterized,True
B_830305_10_LF_CLASS::崖・段丘崖,830305,,10,崖・段丘崖,132500.0,0.1325,0.02984301448230816,0.029206895031521404,0.978684477361901,10.0,GSI_natural_landform_GeoJSON_rasterized,True
B_830305_10_LF_CLASS::台地・段丘,830305,,10,台地・段丘,2998500.0,2.9985,0.6753530484920831,0.660957545298241,0.978684477361901,10.0,GSI_natural_landform_GeoJSON_rasterized,True
B_830305_10_LF_CLASS::山麓堆積地形,830305,,10,山麓堆積地形,6600.0,0.0066,0.0014865199666659159,0.0014548340166644625,0.978684477361901,10.0,GSI_natural_landform_GeoJSON_rasterized,True
B_830305_10_LF_CLASS::自然堤防,830305,,10,自然堤防,2600.0,0.0026,0.000585598774747179,0.0005731164308072124,0.978684477361901,10.0,GSI_natural_landform_GeoJSON_rasterized,True
B_830305_10_LF_CLASS::凹地・浅い谷,830305,,10,凹地・浅い谷,134600.0,0.1346,0.030315998108065498,0.02966979676409646,0.978684477361901,10.0,GSI_natural_landform_GeoJSON_rasterized,True
B_830305_10_LF_CLASS::氾濫平野・海岸平野,830305,,10,氾濫平野・海岸平野,808000.0,0.808,0.18198608076758485,0.17810695234316448,0.978684477361901,10.0,GSI_natural_landform_GeoJSON_rasterized,True
B_830305_10_LF_CLASS::旧河道,830305,,10,旧河道,248400.0,0.2484,0.05594720601815356,0.05475466208173522,0.978684477361901,10.0,GSI_natural_landform_GeoJSON_rasterized,True
B_830305_10_LF_CLASS::水部,830305,,10,水部,48200.0,0.0482,0.01085610036262078,0.010624696909579862,0.978684477361901,10.0,GSI_natural_landform_GeoJSON_rasterized,True
B_830305_10_LF_CLASS::旧水部,830305,,10,旧水部,3300.0,0.0033,0.0007432599833329579,0.0007274170083322312,0.978684477361901,10.0,GSI_natural_landform_GeoJSON_rasterized,True
B_830305_11_LF_CLASS::山地斜面等,830305,,11,山地斜面等,23800.0,0.0238,0.8880597014925373,0.8880597014925373,1.0,10.0,GSI_natural_landform_GeoJSON_rasterized,True
B_830305_11_LF_CLASS::山麓堆積地形,830305,,11,山麓堆積地形,300.0,0.0003,0.011194029850746268,0.011194029850746268,1.0,10.0,GSI_natural_landform_GeoJSON_rasterized,True
B_830305_11_LF_CLASS::氾濫平野・海岸平野,830305,,11,氾濫平野・海岸平野,2700.0,0.0027,0.10074626865671642,0.10074626865671642,1.0,10.0,GSI_natural_landform_GeoJSON_rasterized,True
B_830305_12_LF_CLASS::台地・段丘,830305,,12,台地・段丘,4229100.0,4.2291,0.764686737184703,0.7628797171513096,0.9976369146403059,10.0,GSI_natural_landform_GeoJSON_rasterized,True
B_830305_12_LF_CLASS::自然堤防,830305,,12,自然堤防,59300.0,0.0593,0.010722357833830576,0.01069701998701205,0.9976369146403059,10.0,GSI_natural_landform_GeoJSON_rasterized,True
B_830305_12_LF_CLASS::凹地・浅い谷,830305,,12,凹地・浅い谷,152200.0,0.1522,0.027520115721905797,0.02745508333934627,0.9976369146403059,10.0,GSI_natural_landform_GeoJSON_rasterized,True
B_830305_12_LF_CLASS::氾濫平野・海岸平野,830305,,12,氾濫平野・海岸平野,365300.0,0.3653,0.06605189404213001,0.06589580777833899,0.9976369146403059,10.0,GSI_natural_landform_GeoJSON_rasterized,True
B_830305_12_LF_CLASS::旧河道,830305,,12,旧河道,722600.0,0.7226,0.1306572642618208,0.13034850999350603,0.9976369146403059,10.0,GSI_natural_landform_GeoJSON_rasterized,True
B_830305_12_LF_CLASS::水部,830305,,12,水部,2000.0,0.002,0.0003616309556098002,0.0003607763907929865,0.9976369146403059,10.0,GSI_natural_landform_GeoJSON_rasterized,True
B_830305_13_LF_CLASS::崖・段丘崖,830305,,13,崖・段丘崖,45800.0,0.0458,0.01132766125840918,0.00891848736223079,0.7873193908945749,10.0,GSI_natural_landform_GeoJSON_rasterized,True
B_830305_13_LF_CLASS::台地・段丘,830305,,13,台地・段丘,1106100.0,1.1061,0.2735704392560348,0.21538731160182265,0.7873193908945749,10.0,GSI_natural_landform_GeoJSON_rasterized,True
B_830305_13_LF_CLASS::自然堤防,830305,,13,自然堤防,152700.0,0.1527,0.037767115156311835,0.0297347821007127,0.7873193908945749,10.0,GSI_natural_landform_GeoJSON_rasterized,True
B_830305_13_LF_CLASS::凹地・浅い谷,830305,,13,凹地・浅い谷,5400.0,0.0054,0.001335575781559161,0.0010515247108307045,0.7873193908945749,10.0,GSI_natural_landform_GeoJSON_rasterized,True
B_830305_13_LF_CLASS::氾濫平野・海岸平野,830305,,13,氾濫平野・海岸平野,1683500.0,1.6835,0.4163781163434903,0.32782256494138723,0.7873193908945749,10.0,GSI_natural_landform_GeoJSON_rasterized,True
B_830305_13_LF_CLASS::旧河道,830305,,13,旧河道,628700.0,0.6287,0.1554956470122675,0.12242473809245628,0.7873193908945749,10.0,GSI_natural_landform_GeoJSON_rasterized,True
B_830305_13_LF_CLASS::水部,830305,,13,水部,421000.0,0.421,0.10412544519192718,0.08197998208513456,0.7873193908945749,10.0,GSI_natural_landform_GeoJSON_rasterized,True
B_830305_14_LF_CLASS::山地斜面等,830305,,14,山地斜面等,1602900.0,1.6029,0.06989491126324511,0.06989308263857397,0.9999738375135173,10.0,GSI_natural_landform_GeoJSON_rasterized,True
B_830305_14_LF_CLASS::崖・段丘崖,830305,,14,崖・段丘崖,106300.0,0.1063,0.0046352417913051065,0.004635120521854397,0.9999738375135173,10.0,GSI_natural_landform_GeoJSON_rasterized,True
B_830305_14_LF_CLASS::台地・段丘,830305,,14,台地・段丘,15989500.0,15.9895,0.6972267038765099,0.6972084626922943,0.9999738375135173,10.0,GSI_natural_landform_GeoJSON_rasterized,True
B_830305_14_LF_CLASS::凹地・浅い谷,830305,,14,凹地・浅い谷,1544900.0,1.5449,0.06736580473553394,0.06736404227857816,0.9999738375135173,10.0,GSI_natural_landform_GeoJSON_rasterized,True
B_830305_14_LF_CLASS::氾濫平野・海岸平野,830305,,14,氾濫平野・海岸平野,3494900.0,3.4949,0.15239611040858153,0.15239212334740293,0.9999738375135173,10.0,GSI_natural_landform_GeoJSON_rasterized,True
B_830305_14_LF_CLASS::水部,830305,,14,水部,194500.0,0.1945,0.008481227924824489,0.008481006034813549,0.9999738375135173,10.0,GSI_natural_landform_GeoJSON_rasterized,True
B_830305_16_LF_CLASS::山地斜面等,830305,,16,山地斜面等,244900.0,0.2449,0.0296690250048459,0.029668306156567247,0.9999757710852131,10.0,GSI_natural_landform_GeoJSON_rasterized,True
B_830305_16_LF_CLASS::崖・段丘崖,830305,,16,崖・段丘崖,115700.0,0.1157,0.014016766815274279,0.014016427204225523,0.9999757710852131,10.0,GSI_natural_landform_GeoJSON_rasterized,True
B_830305_16_LF_CLASS::台地・段丘,830305,,16,台地・段丘,4802400.0,4.8024,0.5817987982167087,0.5817847018632035,0.9999757710852131,10.0,GSI_natural_landform_GeoJSON_rasterized,True
B_830305_16_LF_CLASS::凹地・浅い谷,830305,,16,凹地・浅い谷,2404200.0,2.4042,0.291262841635976,0.29125578465340535,0.9999757710852131,10.0,GSI_natural_landform_GeoJSON_rasterized,True
B_830305_16_LF_CLASS::氾濫平野・海岸平野,830305,,16,氾濫平野・海岸平野,676500.0,0.6765,0.08195628997867804,0.0819543042667119,0.9999757710852131,10.0,GSI_natural_landform_GeoJSON_rasterized,True
B_830305_16_LF_CLASS::水部,830305,,16,水部,10700.0,0.0107,0.0012962783485171545,0.0012962469410995082,0.9999757710852131,10.0,GSI_natural_landform_GeoJSON_rasterized,True
B_830305_17_LF_CLASS::山地斜面等,830305,,17,山地斜面等,7298200.0,7.2982,0.5679533073929961,0.5651342331250339,0.9950364330460505,10.0,GSI_natural_landform_GeoJSON_rasterized,True
B_830305_17_LF_CLASS::台地・段丘,830305,,17,台地・段丘,441800.0,0.4418,0.034381322957198444,0.03421066895873503,0.9950364330460505,10.0,GSI_natural_landform_GeoJSON_rasterized,True
B_830305_17_LF_CLASS::山麓堆積地形,830305,,17,山麓堆積地形,275900.0,0.2759,0.021470817120622567,0.021364245282288353,0.9950364330460505,10.0,GSI_natural_landform_GeoJSON_rasterized,True
B_830305_17_LF_CLASS::扇状地,830305,,17,扇状地,188500.0,0.1885,0.014669260700389104,0.014596448842737782,0.9950364330460505,10.0,GSI_natural_landform_GeoJSON_rasterized,True
B_830305_17_LF_CLASS::自然堤防,830305,,17,自然堤防,193000.0,0.193,0.015019455252918288,0.014944905181158579,0.9950364330460505,10.0,GSI_natural_landform_GeoJSON_rasterized,True
B_830305_17_LF_CLASS::氾濫平野・海岸平野,830305,,17,氾濫平野・海岸平野,3915500.0,3.9155,0.3047081712062257,0.3031957317970281,0.9950364330460505,10.0,GSI_natural_landform_GeoJSON_rasterized,True
B_830305_17_LF_CLASS::旧河道,830305,,17,旧河道,466200.0,0.4662,0.036280155642023346,0.03610007666039445,0.9950364330460505,10.0,GSI_natural_landform_GeoJSON_rasterized,True
B_830305_17_LF_CLASS::水部,830305,,17,水部,70900.0,0.0709,0.005517509727626459,0.005490123198674317,0.9950364330460505,10.0,GSI_natural_landform_GeoJSON_rasterized,True
B_830305_18_LF_CLASS::山地斜面等,830305,,18,山地斜面等,995500.0,0.9955,0.03317293914573434,0.033038843457943924,0.9959576784197112,10.0,GSI_natural_landform_GeoJSON_rasterized,True
B_830305_18_LF_CLASS::崖・段丘崖,830305,,18,崖・段丘崖,923400.0,0.9234,0.03077035862096543,0.030645974936278676,0.9959576784197112,10.0,GSI_natural_landform_GeoJSON_rasterized,True
B_830305_18_LF_CLASS::台地・段丘,830305,,18,台地・段丘,22617300.0,22.6173,0.7536738488606903,0.7506272567969414,0.9959576784197112,10.0,GSI_natural_landform_GeoJSON_rasterized,True
B_830305_18_LF_CLASS::凹地・浅い谷,830305,,18,凹地・浅い谷,3755200.0,3.7552,0.12513412464094584,0.12462829226847918,0.9959576784197112,10.0,GSI_natural_landform_GeoJSON_rasterized,True
B_830305_18_LF_CLASS::氾濫平野・海岸平野,830305,,18,氾濫平野・海岸平野,1593200.0,1.5932,0.05309003179003912,0.05287542480883602,0.9959576784197112,10.0,GSI_natural_landform_GeoJSON_rasterized,True
B_830305_18_LF_CLASS::旧河道,830305,,18,旧河道,8700.0,0.0087,0.0002899091617959706,0.0002887372557349193,0.9959576784197112,10.0,GSI_natural_landform_GeoJSON_rasterized,True
B_830305_18_LF_CLASS::水部,830305,,18,水部,116100.0,0.1161,0.003868787779828987,0.003853148895497026,0.9959576784197112,10.0,GSI_natural_landform_GeoJSON_rasterized,True
B_830305_19_LF_CLASS::山地斜面等,830305,,19,山地斜面等,2143100.0,2.1431,0.07877682900381185,0.07394130514287292,0.938617434566896,10.0,GSI_natural_landform_GeoJSON_rasterized,True
B_830305_19_LF_CLASS::崖・段丘崖,830305,,19,崖・段丘崖,271300.0,0.2713,0.009972541509371543,0.009360401327638199,0.938617434566896,10.0,GSI_natural_landform_GeoJSON_rasterized,True
B_830305_19_LF_CLASS::台地・段丘,830305,,19,台地・段丘,13596900.0,13.5969,0.49979966696931044,0.46912068120812317,0.938617434566896,10.0,GSI_natural_landform_GeoJSON_rasterized,True
B_830305_19_LF_CLASS::山麓堆積地形,830305,,19,山麓堆積地形,4900.0,0.0049,0.00018011593584932016,0.0001690599576315045,0.938617434566896,10.0,GSI_natural_landform_GeoJSON_rasterized,True
B_830305_19_LF_CLASS::自然堤防,830305,,19,自然堤防,832600.0,0.8326,0.030605005752682442,0.028726391984487887,0.938617434566896,10.0,GSI_natural_landform_GeoJSON_rasterized,True
B_830305_19_LF_CLASS::凹地・浅い谷,830305,,19,凹地・浅い谷,1372200.0,1.3722,0.05043981370866064,0.0473436885432552,0.938617434566896,10.0,GSI_natural_landform_GeoJSON_rasterized,True
B_830305_19_LF_CLASS::氾濫平野・海岸平野,830305,,19,氾濫平野・海岸平野,6034100.0,6.0341,0.22180358540987402,0.20818871231515537,0.938617434566896,10.0,GSI_natural_landform_GeoJSON_rasterized,True
B_830305_19_LF_CLASS::旧河道,830305,,19,旧河道,2297000.0,2.297,0.0844339397236507,0.07925116789378894,0.938617434566896,10.0,GSI_natural_landform_GeoJSON_rasterized,True
B_830305_19_LF_CLASS::水部,830305,,19,水部,652600.0,0.6526,0.02398850198678905,0.02251602619394282,0.938617434566896,10.0,GSI_natural_landform_GeoJSON_rasterized,True
B_830305_2_LF_CLASS::山地斜面等,830305,,2,山地斜面等,452600.0,0.4526,0.05631945049338626,0.052120039613993877,0.9254358690895691,10.0,GSI_natural_landform_GeoJSON_rasterized,True
B_830305_2_LF_CLASS::崖・段丘崖,830305,,2,崖・段丘崖,115400.0,0.1154,0.014359842215945148,0.013289113061102283,0.9254358690895691,10.0,GSI_natural_landform_GeoJSON_rasterized,True
B_830305_2_LF_CLASS::台地・段丘,830305,,2,台地・段丘,2021000.0,2.021,0.2514838918407725,0.23273221400769248,0.9254358690895691,10.0,GSI_natural_landform_GeoJSON_rasterized,True
B_830305_2_LF_CLASS::自然堤防,830305,,2,自然堤防,813900.0,0.8139,0.10127795129599443,0.09372624887721966,0.9254358690895691,10.0,GSI_natural_landform_GeoJSON_rasterized,True
B_830305_2_LF_CLASS::砂州・砂丘,830305,,2,砂州・砂丘,49800.0,0.0498,0.006196881649515324,0.005734816554964417,0.9254358690895691,10.0,GSI_natural_landform_GeoJSON_rasterized,True
B_830305_2_LF_CLASS::凹地・浅い谷,830305,,2,凹地・浅い谷,37900.0,0.0379,0.004716100693105036,0.004364448743637578,0.9254358690895691,10.0,GSI_natural_landform_GeoJSON_rasterized,True
B_830305_2_LF_CLASS::氾濫平野・海岸平野,830305,,2,氾濫平野・海岸平野,3835800.0,3.8358,0.4773092094620659,0.4417190630829821,0.9254358690895691,10.0,GSI_natural_landform_GeoJSON_rasterized,True
B_830305_2_LF_CLASS::旧河道,830305,,2,旧河道,280800.0,0.2808,0.03494145315630327,0.032336074068955986,0.9254358690895691,10.0,GSI_natural_landform_GeoJSON_rasterized,True
B_830305_2_LF_CLASS::落堀,830305,,2,落堀,1500.0,0.0015,0.00018665306173238928,0.00017273543840254265,0.9254358690895691,10.0,GSI_natural_landform_GeoJSON_rasterized,True
B_830305_2_LF_CLASS::水部,830305,,2,水部,427600.0,0.4276,0.053208566131179774,0.049241115640618165,0.9254358690895691,10.0,GSI_natural_landform_GeoJSON_rasterized,True
B_830305_20_LF_CLASS::山地斜面等,830305,,20,山地斜面等,442000.0,0.442,0.02817799311487951,0.026359261225049647,0.9354555918011963,10.0,GSI_natural_landform_GeoJSON_rasterized,True
B_830305_20_LF_CLASS::崖・段丘崖,830305,,20,崖・段丘崖,51600.0,0.0516,0.003289557567257427,0.0030772350208429,0.9354555918011963,10.0,GSI_natural_landform_GeoJSON_rasterized,True
B_830305_20_LF_CLASS::台地・段丘,830305,,20,台地・段丘,8068200.0,8.0682,0.5143567512431467,0.4811578991310986,0.9354555918011963,10.0,GSI_natural_landform_GeoJSON_rasterized,True
B_830305_20_LF_CLASS::山麓堆積地形,830305,,20,山麓堆積地形,100.0,0.0001,6.375111564452378e-06,5.96363376132345e-06,0.9354555918011963,10.0,GSI_natural_landform_GeoJSON_rasterized,True
B_830305_20_LF_CLASS::扇状地,830305,,20,扇状地,35700.0,0.0357,0.002275914828509499,0.0021290172527924714,0.9354555918011963,10.0,GSI_natural_landform_GeoJSON_rasterized,True
B_830305_20_LF_CLASS::自然堤防,830305,,20,自然堤防,346200.0,0.3462,0.02207063623613413,0.02064610008170178,0.9354555918011963,10.0,GSI_natural_landform_GeoJSON_rasterized,True
B_830305_20_LF_CLASS::凹地・浅い谷,830305,,20,凹地・浅い谷,1630500.0,1.6305,0.10394619405839602,0.09723704847837884,0.9354555918011963,10.0,GSI_natural_landform_GeoJSON_rasterized,True
B_830305_20_LF_CLASS::氾濫平野・海岸平野,830305,,20,氾濫平野・海岸平野,2951500.0,2.9515,0.18816141782481194,0.1760166504654616,0.9354555918011963,10.0,GSI_natural_landform_GeoJSON_rasterized,True
B_830305_20_LF_CLASS::旧河道,830305,,20,旧河道,1841200.0,1.8412,0.11737855412469718,0.10980242481348736,0.9354555918011963,10.0,GSI_natural_landform_GeoJSON_rasterized,True
B_830305_20_LF_CLASS::水部,830305,,20,水部,319000.0,0.319,0.020336605890603085,0.019023991698621803,0.9354555918011963,10.0,GSI_natural_landform_GeoJSON_rasterized,True
B_830305_21_LF_CLASS::山地斜面等,830305,,21,山地斜面等,620000.0,0.62,0.5430022771063233,0.468702751738736,0.8631690353794981,10.0,GSI_natural_landform_GeoJSON_rasterized,True
B_830305_21_LF_CLASS::崖・段丘崖,830305,,21,崖・段丘崖,7700.0,0.0077,0.00674373795761079,0.005820985787723012,0.8631690353794981,10.0,GSI_natural_landform_GeoJSON_rasterized,True
B_830305_21_LF_CLASS::台地・段丘,830305,,21,台地・段丘,138200.0,0.1382,0.1210369591872482,0.1044753553069247,0.8631690353794981,10.0,GSI_natural_landform_GeoJSON_rasterized,True
B_830305_21_LF_CLASS::氾濫平野・海岸平野,830305,,21,氾濫平野・海岸平野,194800.0,0.1948,0.17060781222630933,0.14726338070758996,0.8631690353794981,10.0,GSI_natural_landform_GeoJSON_rasterized,True
B_830305_21_LF_CLASS::旧河道,830305,,21,旧河道,79800.0,0.0798,0.06988964792433,0.06032657998185667,0.8631690353794981,10.0,GSI_natural_landform_GeoJSON_rasterized,True
B_830305_21_LF_CLASS::水部,830305,,21,水部,101300.0,0.1013,0.08871956559817831,0.07657998185666767,0.8631690353794981,10.0,GSI_natural_landform_GeoJSON_rasterized,True
B_830305_22_LF_CLASS::山地斜面等,830305,,22,山地斜面等,10676800.0,10.6768,0.7426667501373789,0.7380463560136317,0.9937786441591837,10.0,GSI_natural_landform_GeoJSON_rasterized,True
B_830305_22_LF_CLASS::崖・段丘崖,830305,,22,崖・段丘崖,24000.0,0.024,0.0016694142442770393,0.0016590282242176645,0.9937786441591837,10.0,GSI_natural_landform_GeoJSON_rasterized,True
B_830305_22_LF_CLASS::台地・段丘,830305,,22,台地・段丘,332100.0,0.3321,0.02310051960518353,0.022956803052611933,0.9937786441591837,10.0,GSI_natural_landform_GeoJSON_rasterized,True
B_830305_22_LF_CLASS::山麓堆積地形,830305,,22,山麓堆積地形,447600.0,0.4476,0.031134575655766782,0.030940876381659443,0.9937786441591837,10.0,GSI_natural_landform_GeoJSON_rasterized,True
B_830305_22_LF_CLASS::氾濫平野・海岸平野,830305,,22,氾濫平野・海岸平野,2734200.0,2.7342,0.1901880177792617,0.18900479044399743,0.9937786441591837,10.0,GSI_natural_landform_GeoJSON_rasterized,True
B_830305_22_LF_CLASS::旧河道,830305,,22,旧河道,95300.0,0.0953,0.006628965728316743,0.006587724573664309,0.9937786441591837,10.0,GSI_natural_landform_GeoJSON_rasterized,True
B_830305_22_LF_CLASS::水部,830305,,22,水部,66300.0,0.0663,0.004611756849815321,0.004583065469401298,0.9937786441591837,10.0,GSI_natural_landform_GeoJSON_rasterized,True
B_830305_23_LF_CLASS::山地斜面等,830305,,23,山地斜面等,7441700.0,7.4417,0.589637740872211,0.5813373955159753,0.9859229747675963,10.0,GSI_natural_landform_GeoJSON_rasterized,True
B_830305_23_LF_CLASS::崖・段丘崖,830305,,23,崖・段丘崖,47000.0,0.047,0.0037240111561866124,0.0036715881571752207,0.9859229747675963,10.0,GSI_natural_landform_GeoJSON_rasterized,True
B_830305_23_LF_CLASS::台地・段丘,830305,,23,台地・段丘,1346400.0,1.3464,0.10668103448275862,0.1051792828685259,0.9859229747675963,10.0,GSI_natural_landform_GeoJSON_rasterized,True
B_830305_23_LF_CLASS::山麓堆積地形,830305,,23,山麓堆積地形,214700.0,0.2147,0.017011599898580122,0.016772127177564253,0.9859229747675963,10.0,GSI_natural_landform_GeoJSON_rasterized,True
B_830305_23_LF_CLASS::自然堤防,830305,,23,自然堤防,78900.0,0.0789,0.006251584685598378,0.0061635809702367,0.9859229747675963,10.0,GSI_natural_landform_GeoJSON_rasterized,True
B_830305_23_LF_CLASS::氾濫平野・海岸平野,830305,,23,氾濫平野・海岸平野,3087700.0,3.0877,0.24465168610547666,0.24120771814701977,0.9859229747675963,10.0,GSI_natural_landform_GeoJSON_rasterized,True
B_830305_23_LF_CLASS::旧河道,830305,,23,旧河道,292800.0,0.2928,0.023199797160243407,0.022873213030232015,0.9859229747675963,10.0,GSI_natural_landform_GeoJSON_rasterized,True
B_830305_23_LF_CLASS::水部,830305,,23,水部,111600.0,0.1116,0.008842545638945234,0.00871806890086712,0.9859229747675963,10.0,GSI_natural_landform_GeoJSON_rasterized,True
B_830305_24_LF_CLASS::山地斜面等,830305,,24,山地斜面等,2859000.0,2.859,0.6370462799973261,0.6347831879038167,0.9964475232576212,10.0,GSI_natural_landform_GeoJSON_rasterized,True
B_830305_24_LF_CLASS::台地・段丘,830305,,24,台地・段丘,86200.0,0.0862,0.01920720158648811,0.019138968449565932,0.9964475232576212,10.0,GSI_natural_landform_GeoJSON_rasterized,True
B_830305_24_LF_CLASS::山麓堆積地形,830305,,24,山麓堆積地形,193000.0,0.193,0.04300452327369148,0.042851750704944604,0.9964475232576212,10.0,GSI_natural_landform_GeoJSON_rasterized,True
B_830305_24_LF_CLASS::自然堤防,830305,,24,自然堤防,103800.0,0.1038,0.023128857594866197,0.02304669286618264,0.9964475232576212,10.0,GSI_natural_landform_GeoJSON_rasterized,True
B_830305_24_LF_CLASS::氾濫平野・海岸平野,830305,,24,氾濫平野・海岸平野,1109300.0,1.1093,0.24717573920987546,0.24629765314505206,0.9964475232576212,10.0,GSI_natural_landform_GeoJSON_rasterized,True
B_830305_24_LF_CLASS::旧河道,830305,,24,旧河道,90300.0,0.0903,0.020120769179348914,0.020049290614800507,0.9964475232576212,10.0,GSI_natural_landform_GeoJSON_rasterized,True
B_830305_24_LF_CLASS::水部,830305,,24,水部,46300.0,0.0463,0.010316629158403708,0.010279979573258732,0.9964475232576212,10.0,GSI_natural_landform_GeoJSON_rasterized,True
B_830305_25_LF_CLASS::山地斜面等,830305,,25,山地斜面等,79400.0,0.0794,0.0072992700729927005,0.006710785432355452,0.9193776042326969,10.0,GSI_natural_landform_GeoJSON_rasterized,True
B_830305_25_LF_CLASS::崖・段丘崖,830305,,25,崖・段丘崖,229200.0,0.2292,0.021070437036900844,0.019371687923121782,0.9193776042326969,10.0,GSI_natural_landform_GeoJSON_rasterized,True
B_830305_25_LF_CLASS::台地・段丘,830305,,25,台地・段丘,6061900.0,6.0619,0.557272610270459,0.5123439573349561,0.9193776042326969,10.0,GSI_natural_landform_GeoJSON_rasterized,True
B_830305_25_LF_CLASS::自然堤防,830305,,25,自然堤防,262100.0,0.2621,0.024094945669161042,0.022152353423430277,0.9193776042326969,10.0,GSI_natural_landform_GeoJSON_rasterized,True
B_830305_25_LF_CLASS::凹地・浅い谷,830305,,25,凹地・浅い谷,710800.0,0.7108,0.06534409531339058,0.060075897799978024,0.9193776042326969,10.0,GSI_natural_landform_GeoJSON_rasterized,True
B_830305_25_LF_CLASS::氾濫平野・海岸平野,830305,,25,氾濫平野・海岸平野,1914900.0,1.9149,0.17603743403997132,0.16184487436294023,0.9193776042326969,10.0,GSI_natural_landform_GeoJSON_rasterized,True
B_830305_25_LF_CLASS::旧河道,830305,,25,旧河道,1147900.0,1.1479,0.10552685285627608,0.09701902516121944,0.9193776042326969,10.0,GSI_natural_landform_GeoJSON_rasterized,True
B_830305_25_LF_CLASS::水部,830305,,25,水部,471600.0,0.4716,0.04335435474084833,0.03985902279469561,0.9193776042326969,10.0,GSI_natural_landform_GeoJSON_rasterized,True
B_830305_26_LF_CLASS::山地斜面等,830305,,26,山地斜面等,31400.0,0.0314,0.005071387040506492,0.005031164378074378,0.992068705837112,10.0,GSI_natural_landform_GeoJSON_rasterized,True
B_830305_26_LF_CLASS::崖・段丘崖,830305,,26,崖・段丘崖,47500.0,0.0475,0.007671684217326701,0.0076108378330742976,0.992068705837112,10.0,GSI_natural_landform_GeoJSON_rasterized,True
B_830305_26_LF_CLASS::台地・段丘,830305,,26,台地・段丘,5156900.0,5.1569,0.8328864913754118,0.8262806236080178,0.992068705837112,10.0,GSI_natural_landform_GeoJSON_rasterized,True
B_830305_26_LF_CLASS::自然堤防,830305,,26,自然堤防,4800.0,0.0048,0.0007752438788035403,0.0007690951915527712,0.992068705837112,10.0,GSI_natural_landform_GeoJSON_rasterized,True
B_830305_26_LF_CLASS::凹地・浅い谷,830305,,26,凹地・浅い谷,56700.0,0.0567,0.00915756831836682,0.00908493695021711,0.992068705837112,10.0,GSI_natural_landform_GeoJSON_rasterized,True
B_830305_26_LF_CLASS::氾濫平野・海岸平野,830305,,26,氾濫平野・海岸平野,556200.0,0.5562,0.08983138445636023,0.08911890532117736,0.992068705837112,10.0,GSI_natural_landform_GeoJSON_rasterized,True
B_830305_26_LF_CLASS::旧河道,830305,,26,旧河道,293200.0,0.2932,0.04735448026358292,0.04697889795068177,0.992068705837112,10.0,GSI_natural_landform_GeoJSON_rasterized,True
B_830305_26_LF_CLASS::水部,830305,,26,水部,44900.0,0.0449,0.007251760449641449,0.007194244604316547,0.992068705837112,10.0,GSI_natural_landform_GeoJSON_rasterized,True
B_830305_27_LF_CLASS::山地斜面等,830305,,27,山地斜面等,2702300.0,2.7023,0.2234524616733094,0.20882662050632128,0.9345460727643659,10.0,GSI_natural_landform_GeoJSON_rasterized,True
B_830305_27_LF_CLASS::崖・段丘崖,830305,,27,崖・段丘崖,336900.0,0.3369,0.027858170572378323,0.026034743902815988,0.9345460727643659,10.0,GSI_natural_landform_GeoJSON_rasterized,True
B_830305_27_LF_CLASS::台地・段丘,830305,,27,台地・段丘,4576400.0,4.5764,0.3784212876445003,0.3536521282186022,0.9345460727643659,10.0,GSI_natural_landform_GeoJSON_rasterized,True
B_830305_27_LF_CLASS::山麓堆積地形,830305,,27,山麓堆積地形,209600.0,0.2096,0.017331767741081913,0.016197335476492224,0.9345460727643659,10.0,GSI_natural_landform_GeoJSON_rasterized,True
B_830305_27_LF_CLASS::扇状地,830305,,27,扇状地,79100.0,0.0791,0.006540757768700283,0.006112639485641866,0.9345460727643659,10.0,GSI_natural_landform_GeoJSON_rasterized,True
B_830305_27_LF_CLASS::自然堤防,830305,,27,自然堤防,144800.0,0.1448,0.011973473134106207,0.011189762294828598,0.9345460727643659,10.0,GSI_natural_landform_GeoJSON_rasterized,True
B_830305_27_LF_CLASS::凹地・浅い谷,830305,,27,凹地・浅い谷,227500.0,0.2275,0.018811913936527362,0.017580600290562888,0.9345460727643659,10.0,GSI_natural_landform_GeoJSON_rasterized,True
B_830305_27_LF_CLASS::氾濫平野・海岸平野,830305,,27,氾濫平野・海岸平野,2825000.0,2.825,0.2335984917392958,0.21830855305863806,0.9345460727643659,10.0,GSI_natural_landform_GeoJSON_rasterized,True
B_830305_27_LF_CLASS::旧河道,830305,,27,旧河道,712400.0,0.7124,0.05890816478409711,0.05505239405273407,0.9345460727643659,10.0,GSI_natural_landform_GeoJSON_rasterized,True
B_830305_27_LF_CLASS::水部,830305,,27,水部,279400.0,0.2794,0.023103511006003274,0.021591295477728662,0.9345460727643659,10.0,GSI_natural_landform_GeoJSON_rasterized,True
B_830305_28_LF_CLASS::山地斜面等,830305,,28,山地斜面等,3081900.0,3.0819,0.7650052127289877,0.756981799425245,0.9895119495001596,10.0,GSI_natural_landform_GeoJSON_rasterized,True
B_830305_28_LF_CLASS::台地・段丘,830305,,28,台地・段丘,43800.0,0.0438,0.010872263317281437,0.010758234470562228,0.9895119495001596,10.0,GSI_natural_landform_GeoJSON_rasterized,True
B_830305_28_LF_CLASS::山麓堆積地形,830305,,28,山麓堆積地形,75800.0,0.0758,0.018815469393834085,0.018618131800653356,0.9895119495001596,10.0,GSI_natural_landform_GeoJSON_rasterized,True
B_830305_28_LF_CLASS::氾濫平野・海岸平野,830305,,28,氾濫平野・海岸平野,792000.0,0.792,0.19659435039467804,0.19453245891975537,0.9895119495001596,10.0,GSI_natural_landform_GeoJSON_rasterized,True
B_830305_28_LF_CLASS::旧河道,830305,,28,旧河道,23900.0,0.0239,0.005932582038425259,0.0058703608184118095,0.9895119495001596,10.0,GSI_natural_landform_GeoJSON_rasterized,True
B_830305_28_LF_CLASS::水部,830305,,28,水部,11200.0,0.0112,0.002780122126793427,0.002750964065531894,0.9895119495001596,10.0,GSI_natural_landform_GeoJSON_rasterized,True
B_830305_29_LF_CLASS::台地・段丘,830305,,29,台地・段丘,134600.0,0.1346,0.22105436032189194,0.1296974368857198,0.5867219117363653,10.0,GSI_natural_landform_GeoJSON_rasterized,True
B_830305_29_LF_CLASS::自然堤防,830305,,29,自然堤防,8200.0,0.0082,0.013466907538183609,0.007901329735979958,0.5867219117363653,10.0,GSI_natural_landform_GeoJSON_rasterized,True
B_830305_29_LF_CLASS::凹地・浅い谷,830305,,29,凹地・浅い谷,9400.0,0.0094,0.015437674494990967,0.00905762189246483,0.5867219117363653,10.0,GSI_natural_landform_GeoJSON_rasterized,True
B_830305_29_LF_CLASS::氾濫平野・海岸平野,830305,,29,氾濫平野・海岸平野,218900.0,0.2189,0.3595007390376088,0.21092696087878204,0.5867219117363653,10.0,GSI_natural_landform_GeoJSON_rasterized,True
B_830305_29_LF_CLASS::旧河道,830305,,29,旧河道,171600.0,0.1716,0.2818196748234521,0.16534977837733666,0.5867219117363653,10.0,GSI_natural_landform_GeoJSON_rasterized,True
B_830305_29_LF_CLASS::水部,830305,,29,水部,66200.0,0.0662,0.10872064378387256,0.06378878396608209,0.5867219117363653,10.0,GSI_natural_landform_GeoJSON_rasterized,True
B_830305_3_LF_CLASS::山地斜面等,830305,,3,山地斜面等,643500.0,0.6435,0.2883839741866093,0.28285714285714286,0.9808351648351649,10.0,GSI_natural_landform_GeoJSON_rasterized,True
B_830305_3_LF_CLASS::台地・段丘,830305,,3,台地・段丘,724000.0,0.724,0.3244599802814377,0.31824175824175827,0.9808351648351649,10.0,GSI_natural_landform_GeoJSON_rasterized,True
B_830305_3_LF_CLASS::山麓堆積地形,830305,,3,山麓堆積地形,28800.0,0.0288,0.012906695348211886,0.01265934065934066,0.9808351648351649,10.0,GSI_natural_landform_GeoJSON_rasterized,True
B_830305_3_LF_CLASS::凹地・浅い谷,830305,,3,凹地・浅い谷,241300.0,0.2413,0.10813838845567805,0.10606593406593406,0.9808351648351649,10.0,GSI_natural_landform_GeoJSON_rasterized,True
B_830305_3_LF_CLASS::氾濫平野・海岸平野,830305,,3,氾濫平野・海岸平野,474000.0,0.474,0.21242269427265395,0.20835164835164835,0.9808351648351649,10.0,GSI_natural_landform_GeoJSON_rasterized,True
B_830305_3_LF_CLASS::旧河道,830305,,3,旧河道,91700.0,0.0917,0.04109527650802187,0.04030769230769231,0.9808351648351649,10.0,GSI_natural_landform_GeoJSON_rasterized,True
B_830305_3_LF_CLASS::水部,830305,,3,水部,28100.0,0.0281,0.01259299094738729,0.01235164835164835,0.9808351648351649,10.0,GSI_natural_landform_GeoJSON_rasterized,True
B_830305_30_LF_CLASS::山地斜面等,830305,,30,山地斜面等,7104600.0,7.1046,0.7216308454881567,0.7160884552583304,0.9923196323099562,10.0,GSI_natural_landform_GeoJSON_rasterized,True
B_830305_30_LF_CLASS::崖・段丘崖,830305,,30,崖・段丘崖,6000.0,0.006,0.0006094340389225206,0.0006047533614207672,0.9923196323099562,10.0,GSI_natural_landform_GeoJSON_rasterized,True
B_830305_30_LF_CLASS::台地・段丘,830305,,30,台地・段丘,388800.0,0.3888,0.03949132572217934,0.039188017820065715,0.9923196323099562,10.0,GSI_natural_landform_GeoJSON_rasterized,True
B_830305_30_LF_CLASS::山麓堆積地形,830305,,30,山麓堆積地形,468800.0,0.4688,0.047617112907812946,0.04725139597234261,0.9923196323099562,10.0,GSI_natural_landform_GeoJSON_rasterized,True
B_830305_30_LF_CLASS::凹地・浅い谷,830305,,30,凹地・浅い谷,4500.0,0.0045,0.0004570755291918905,0.0004535650210655754,0.9923196323099562,10.0,GSI_natural_landform_GeoJSON_rasterized,True
B_830305_30_LF_CLASS::氾濫平野・海岸平野,830305,,30,氾濫平野・海岸平野,1778800.0,1.7788,0.18067687807256327,0.1792892132158768,0.9923196323099562,10.0,GSI_natural_landform_GeoJSON_rasterized,True
B_830305_30_LF_CLASS::旧河道,830305,,30,旧河道,41000.0,0.041,0.004164465932637224,0.00413248130304191,0.9923196323099562,10.0,GSI_natural_landform_GeoJSON_rasterized,True
B_830305_30_LF_CLASS::水部,830305,,30,水部,52700.0,0.0527,0.005352862308536139,0.005311750357812405,0.9923196323099562,10.0,GSI_natural_landform_GeoJSON_rasterized,True
B_830305_31_LF_CLASS::山地斜面等,830305,,31,山地斜面等,16600.0,0.0166,0.006350906725839774,0.0060284718187100525,0.9492300987797792,10.0,GSI_natural_landform_GeoJSON_rasterized,True
B_830305_31_LF_CLASS::崖・段丘崖,830305,,31,崖・段丘崖,121000.0,0.121,0.046292753844976664,0.0439424753050552,0.9492300987797792,10.0,GSI_natural_landform_GeoJSON_rasterized,True
B_830305_31_LF_CLASS::台地・段丘,830305,,31,台地・段丘,1639200.0,1.6392,0.6271329099395516,0.5952934340499709,0.9492300987797792,10.0,GSI_natural_landform_GeoJSON_rasterized,True
B_830305_31_LF_CLASS::凹地・浅い谷,830305,,31,凹地・浅い谷,7800.0,0.0078,0.0029841609916596524,0.002832655432887856,0.9492300987797792,10.0,GSI_natural_landform_GeoJSON_rasterized,True
B_830305_31_LF_CLASS::氾濫平野・海岸平野,830305,,31,氾濫平野・海岸平野,618200.0,0.6182,0.23651388782615348,0.2245061011040093,0.9492300987797792,10.0,GSI_natural_landform_GeoJSON_rasterized,True
B_830305_31_LF_CLASS::旧河道,830305,,31,旧河道,175200.0,0.1752,0.06702884688958605,0.06362579895409645,0.9492300987797792,10.0,GSI_natural_landform_GeoJSON_rasterized,True
B_830305_31_LF_CLASS::水部,830305,,31,水部,35800.0,0.0358,0.013696533782232765,0.01300116211504939,0.9492300987797792,10.0,GSI_natural_landform_GeoJSON_rasterized,True
B_830305_32_LF_CLASS::山地斜面等,830305,,32,山地斜面等,1804300.0,1.8043,0.5747825809945526,0.5643022455745293,0.9817664352286233,10.0,GSI_natural_landform_GeoJSON_rasterized,True
B_830305_32_LF_CLASS::台地・段丘,830305,,32,台地・段丘,428100.0,0.4281,0.13637666847185498,0.13389003565396884,0.9817664352286233,10.0,GSI_natural_landform_GeoJSON_rasterized,True
B_830305_32_LF_CLASS::山麓堆積地形,830305,,32,山麓堆積地形,24600.0,0.0246,0.00783664107546749,0.0076937511728279225,0.9817664352286233,10.0,GSI_natural_landform_GeoJSON_rasterized,True
B_830305_32_LF_CLASS::氾濫平野・海岸平野,830305,,32,氾濫平野・海岸平野,770800.0,0.7708,0.2455480870313147,0.24107087008194159,0.9817664352286233,10.0,GSI_natural_landform_GeoJSON_rasterized,True
B_830305_32_LF_CLASS::旧河道,830305,,32,旧河道,75200.0,0.0752,0.02395591092988436,0.023519109276286983,0.9817664352286233,10.0,GSI_natural_landform_GeoJSON_rasterized,True
B_830305_32_LF_CLASS::水部,830305,,32,水部,36100.0,0.0361,0.01150011149692587,0.011290423469068618,0.9817664352286233,10.0,GSI_natural_landform_GeoJSON_rasterized,True
B_830305_33_LF_CLASS::山地斜面等,830305,,33,山地斜面等,1686700.0,1.6867,0.14835044020510654,0.11866219229930422,0.7998775880627256,10.0,GSI_natural_landform_GeoJSON_rasterized,True
B_830305_33_LF_CLASS::崖・段丘崖,830305,,33,崖・段丘崖,247100.0,0.2471,0.021733203162792335,0.01738390212673153,0.7998775880627256,10.0,GSI_natural_landform_GeoJSON_rasterized,True
B_830305_33_LF_CLASS::台地・段丘,830305,,33,台地・段丘,5411700.0,5.4117,0.4759756194094831,0.38072223042991915,0.7998775880627256,10.0,GSI_natural_landform_GeoJSON_rasterized,True
B_830305_33_LF_CLASS::山麓堆積地形,830305,,33,山麓堆積地形,106900.0,0.1069,0.009402182995153786,0.007520595456687983,0.7998775880627256,10.0,GSI_natural_landform_GeoJSON_rasterized,True
B_830305_33_LF_CLASS::自然堤防,830305,,33,自然堤防,121400.0,0.1214,0.010677502484674178,0.00854069493397494,0.7998775880627256,10.0,GSI_natural_landform_GeoJSON_rasterized,True
B_830305_33_LF_CLASS::凹地・浅い谷,830305,,33,凹地・浅い谷,333600.0,0.3336,0.029341143565793294,0.0234693231464089,0.7998775880627256,10.0,GSI_natural_landform_GeoJSON_rasterized,True
B_830305_33_LF_CLASS::氾濫平野・海岸平野,830305,,33,氾濫平野・海岸平野,1649500.0,1.6495,0.14507858606647492,0.11604510950240252,0.7998775880627256,10.0,GSI_natural_landform_GeoJSON_rasterized,True
B_830305_33_LF_CLASS::旧河道,830305,,33,旧河道,1296500.0,1.2965,0.11403115297677159,0.09121096360707175,0.7998775880627256,10.0,GSI_natural_landform_GeoJSON_rasterized,True
B_830305_33_LF_CLASS::水部,830305,,33,水部,516300.0,0.5163,0.04541016913375023,0.03632257656022456,0.7998775880627256,10.0,GSI_natural_landform_GeoJSON_rasterized,True
B_830305_34_LF_CLASS::山地斜面等,830305,,34,山地斜面等,2178900.0,2.1789,0.04668277821341801,0.046682278131166294,0.9999892876501604,10.0,GSI_natural_landform_GeoJSON_rasterized,True
B_830305_34_LF_CLASS::崖・段丘崖,830305,,34,崖・段丘崖,1400.0,0.0014,2.9994900866852634e-05,2.9994579550981144e-05,0.9999892876501604,10.0,GSI_natural_landform_GeoJSON_rasterized,True
B_830305_34_LF_CLASS::台地・段丘,830305,,34,台地・段丘,41869000.0,41.869,0.8970403602816093,0.8970307508714497,0.9999892876501604,10.0,GSI_natural_landform_GeoJSON_rasterized,True
B_830305_34_LF_CLASS::山麓堆積地形,830305,,34,山麓堆積地形,41300.0,0.0413,0.0008848495755721527,0.0008848400967539437,0.9999892876501604,10.0,GSI_natural_landform_GeoJSON_rasterized,True
B_830305_34_LF_CLASS::扇状地,830305,,34,扇状地,9200.0,0.0092,0.00019710934855360303,0.00019710723704930466,0.9999892876501604,10.0,GSI_natural_landform_GeoJSON_rasterized,True
B_830305_34_LF_CLASS::凹地・浅い谷,830305,,34,凹地・浅い谷,2046000.0,2.046,0.043835405123986065,0.04383493554379102,0.9999892876501604,10.0,GSI_natural_landform_GeoJSON_rasterized,True
B_830305_34_LF_CLASS::氾濫平野・海岸平野,830305,,34,氾濫平野・海岸平野,338800.0,0.3388,0.007258766009778338,0.007258688251337437,0.9999892876501604,10.0,GSI_natural_landform_GeoJSON_rasterized,True
B_830305_34_LF_CLASS::水部,830305,,34,水部,190000.0,0.19,0.004070736546215715,0.004070692939061727,0.9999892876501604,10.0,GSI_natural_landform_GeoJSON_rasterized,True
B_830305_35_LF_CLASS::山地斜面等,830305,,35,山地斜面等,9800000.0,9.8,0.48537438213822276,0.47674412947981376,0.982219389864809,10.0,GSI_natural_landform_GeoJSON_rasterized,True
B_830305_35_LF_CLASS::崖・段丘崖,830305,,35,崖・段丘崖,290100.0,0.2901,0.014368072271254941,0.014112599179805507,0.982219389864809,10.0,GSI_natural_landform_GeoJSON_rasterized,True
B_830305_35_LF_CLASS::台地・段丘,830305,,35,台地・段丘,5376400.0,5.3764,0.26628232940081026,0.261547667115844,0.982219389864809,10.0,GSI_natural_landform_GeoJSON_rasterized,True
B_830305_35_LF_CLASS::山麓堆積地形,830305,,35,山麓堆積地形,434900.0,0.4349,0.021539726407338068,0.021156736929670513,0.982219389864809,10.0,GSI_natural_landform_GeoJSON_rasterized,True
B_830305_35_LF_CLASS::扇状地,830305,,35,扇状地,125700.0,0.1257,0.006225669370895367,0.006114973170980877,0.982219389864809,10.0,GSI_natural_landform_GeoJSON_rasterized,True
B_830305_35_LF_CLASS::凹地・浅い谷,830305,,35,凹地・浅い谷,64200.0,0.0642,0.0031796974829871325,0.0031231605216942905,0.982219389864809,10.0,GSI_natural_landform_GeoJSON_rasterized,True
B_830305_35_LF_CLASS::氾濫平野・海岸平野,830305,,35,氾濫平野・海岸平野,3559300.0,3.5593,0.17628500391271185,0.1731505489854593,0.982219389864809,10.0,GSI_natural_landform_GeoJSON_rasterized,True
B_830305_35_LF_CLASS::旧河道,830305,,35,旧河道,344400.0,0.3444,0.017057442572286113,0.016754150836004886,0.982219389864809,10.0,GSI_natural_landform_GeoJSON_rasterized,True
B_830305_35_LF_CLASS::水部,830305,,35,水部,195600.0,0.1956,0.009687676443493507,0.009515423645535875,0.982219389864809,10.0,GSI_natural_landform_GeoJSON_rasterized,True
B_830305_36_LF_CLASS::山地斜面等,830305,,36,山地斜面等,4372600.0,4.3726,0.7371207012811868,0.7331287829250709,0.994584444109116,10.0,GSI_natural_landform_GeoJSON_rasterized,True
B_830305_36_LF_CLASS::崖・段丘崖,830305,,36,崖・段丘崖,5600.0,0.0056,0.0009440323668240054,0.0009389199067786665,0.994584444109116,10.0,GSI_natural_landform_GeoJSON_rasterized,True
B_830305_36_LF_CLASS::台地・段丘,830305,,36,台地・段丘,314300.0,0.3143,0.0529838165879973,0.052696879767952655,0.994584444109116,10.0,GSI_natural_landform_GeoJSON_rasterized,True
B_830305_36_LF_CLASS::山麓堆積地形,830305,,36,山麓堆積地形,41700.0,0.0417,0.007029669588671612,0.006991600020119712,0.994584444109116,10.0,GSI_natural_landform_GeoJSON_rasterized,True
B_830305_36_LF_CLASS::氾濫平野・海岸平野,830305,,36,氾濫平野・海岸平野,1145100.0,1.1451,0.19303776129467295,0.19199235450933053,0.994584444109116,10.0,GSI_natural_landform_GeoJSON_rasterized,True
B_830305_36_LF_CLASS::旧河道,830305,,36,旧河道,19500.0,0.0195,0.003287255563047876,0.0032694532468185706,0.994584444109116,10.0,GSI_natural_landform_GeoJSON_rasterized,True
B_830305_36_LF_CLASS::水部,830305,,36,水部,33200.0,0.0332,0.005596763317599461,0.005566453733044951,0.994584444109116,10.0,GSI_natural_landform_GeoJSON_rasterized,True
B_830305_37_LF_CLASS::山地斜面等,830305,,37,山地斜面等,755300.0,0.7553,0.13443089792649285,0.12660073751257123,0.9417532685216226,10.0,GSI_natural_landform_GeoJSON_rasterized,True
B_830305_37_LF_CLASS::崖・段丘崖,830305,,37,崖・段丘崖,109600.0,0.1096,0.01950698585031592,0.01837076768354006,0.9417532685216226,10.0,GSI_natural_landform_GeoJSON_rasterized,True
B_830305_37_LF_CLASS::台地・段丘,830305,,37,台地・段丘,2679300.0,2.6793,0.47687105099225774,0.44909487093530004,0.9417532685216226,10.0,GSI_natural_landform_GeoJSON_rasterized,True
B_830305_37_LF_CLASS::山麓堆積地形,830305,,37,山麓堆積地形,74700.0,0.0747,0.013295363531191599,0.012520952061682869,0.9417532685216226,10.0,GSI_natural_landform_GeoJSON_rasterized,True
B_830305_37_LF_CLASS::凹地・浅い谷,830305,,37,凹地・浅い谷,330100.0,0.3301,0.05875233603274895,0.055330204492122025,0.9417532685216226,10.0,GSI_natural_landform_GeoJSON_rasterized,True
B_830305_37_LF_CLASS::氾濫平野・海岸平野,830305,,37,氾濫平野・海岸平野,1397200.0,1.3972,0.2486784729020201,0.23419376466644318,0.9417532685216226,10.0,GSI_natural_landform_GeoJSON_rasterized,True
B_830305_37_LF_CLASS::旧河道,830305,,37,旧河道,195300.0,0.1953,0.03476016730444069,0.03273550117331545,0.9417532685216226,10.0,GSI_natural_landform_GeoJSON_rasterized,True
B_830305_37_LF_CLASS::水部,830305,,37,水部,77000.0,0.077,0.01370472546053217,0.012906469996647671,0.9417532685216226,10.0,GSI_natural_landform_GeoJSON_rasterized,True
B_830305_38_LF_CLASS::山地斜面等,830305,,38,山地斜面等,1199600.0,1.1996,0.30073453834390435,0.29933873986275733,0.9953587024329382,10.0,GSI_natural_landform_GeoJSON_rasterized,True
B_830305_38_LF_CLASS::崖・段丘崖,830305,,38,崖・段丘崖,28100.0,0.0281,0.007044548622427236,0.007011852776044916,0.9953587024329382,10.0,GSI_natural_landform_GeoJSON_rasterized,True
B_830305_38_LF_CLASS::台地・段丘,830305,,38,台地・段丘,1225200.0,1.2252,0.307152347765048,0.30572676232064877,0.9953587024329382,10.0,GSI_natural_landform_GeoJSON_rasterized,True
B_830305_38_LF_CLASS::山麓堆積地形,830305,,38,山麓堆積地形,15600.0,0.0156,0.003910852616009426,0.0038927011852776046,0.9953587024329382,10.0,GSI_natural_landform_GeoJSON_rasterized,True
B_830305_38_LF_CLASS::凹地・浅い谷,830305,,38,凹地・浅い谷,136200.0,0.1362,0.034144751685928454,0.03398627573300062,0.9953587024329382,10.0,GSI_natural_landform_GeoJSON_rasterized,True
B_830305_38_LF_CLASS::氾濫平野・海岸平野,830305,,38,氾濫平野・海岸平野,1263400.0,1.2634,0.31672892276066084,0.3152588895820337,0.9953587024329382,10.0,GSI_natural_landform_GeoJSON_rasterized,True
B_830305_38_LF_CLASS::旧河道,830305,,38,旧河道,83800.0,0.0838,0.021008298027024995,0.020910792264504055,0.9953587024329382,10.0,GSI_natural_landform_GeoJSON_rasterized,True
B_830305_38_LF_CLASS::水部,830305,,38,水部,37000.0,0.037,0.009275740178996716,0.00923268870867124,0.9953587024329382,10.0,GSI_natural_landform_GeoJSON_rasterized,True
B_830305_39_LF_CLASS::崖・段丘崖,830305,,39,崖・段丘崖,106700.0,0.1067,0.04598939700874962,0.036613821975156134,0.7961361608674765,10.0,GSI_natural_landform_GeoJSON_rasterized,True
B_830305_39_LF_CLASS::台地・段丘,830305,,39,台地・段丘,1533700.0,1.5337,0.661049092711521,0.526285086816279,0.7961361608674765,10.0,GSI_natural_landform_GeoJSON_rasterized,True
B_830305_39_LF_CLASS::自然堤防,830305,,39,自然堤防,5600.0,0.0056,0.0024136890651265033,0.0019216251458376227,0.7961361608674765,10.0,GSI_natural_landform_GeoJSON_rasterized,True
B_830305_39_LF_CLASS::凹地・浅い谷,830305,,39,凹地・浅い谷,21300.0,0.0213,0.009180638765570449,0.007309038501132386,0.7961361608674765,10.0,GSI_natural_landform_GeoJSON_rasterized,True
B_830305_39_LF_CLASS::氾濫平野・海岸平野,830305,,39,氾濫平野・海岸平野,459800.0,0.4598,0.1981811128830654,0.15777915036716766,0.7961361608674765,10.0,GSI_natural_landform_GeoJSON_rasterized,True
B_830305_39_LF_CLASS::旧河道,830305,,39,旧河道,83600.0,0.0836,0.0360329296151028,0.02868711824857594,0.7961361608674765,10.0,GSI_natural_landform_GeoJSON_rasterized,True
B_830305_39_LF_CLASS::水部,830305,,39,水部,109400.0,0.1094,0.04715313995086419,0.037540319813327845,0.7961361608674765,10.0,GSI_natural_landform_GeoJSON_rasterized,True
B_830305_4_LF_CLASS::氾濫平野・海岸平野,830305,,4,氾濫平野・海岸平野,100700.0,0.1007,0.3925925925925926,0.13274452939625625,0.33812285789612445,10.0,GSI_natural_landform_GeoJSON_rasterized,True
B_830305_4_LF_CLASS::旧河道,830305,,4,旧河道,25000.0,0.025,0.09746588693957114,0.03295544423938835,0.33812285789612445,10.0,GSI_natural_landform_GeoJSON_rasterized,True
B_830305_4_LF_CLASS::水部,830305,,4,水部,130800.0,0.1308,0.5099415204678363,0.17242288426047983,0.33812285789612445,10.0,GSI_natural_landform_GeoJSON_rasterized,True
B_830305_40_LF_CLASS::山地斜面等,830305,,40,山地斜面等,6305800.0,6.3058,0.5878492388294847,0.5673744826345151,0.9651700557854958,10.0,GSI_natural_landform_GeoJSON_rasterized,True
B_830305_40_LF_CLASS::崖・段丘崖,830305,,40,崖・段丘崖,82500.0,0.0825,0.00769094519385843,0.007423070001799532,0.9651700557854958,10.0,GSI_natural_landform_GeoJSON_rasterized,True
B_830305_40_LF_CLASS::台地・段丘,830305,,40,台地・段丘,2193300.0,2.1933,0.20446727386290542,0.19734569012056866,0.9651700557854958,10.0,GSI_natural_landform_GeoJSON_rasterized,True
B_830305_40_LF_CLASS::山麓堆積地形,830305,,40,山麓堆積地形,181600.0,0.1816,0.016929401784299285,0.016339751664567213,0.9651700557854958,10.0,GSI_natural_landform_GeoJSON_rasterized,True
B_830305_40_LF_CLASS::凹地・浅い谷,830305,,40,凹地・浅い谷,91300.0,0.0913,0.00851131268120333,0.008214864135324816,0.9651700557854958,10.0,GSI_natural_landform_GeoJSON_rasterized,True
B_830305_40_LF_CLASS::氾濫平野・海岸平野,830305,,40,氾濫平野・海岸平野,1715100.0,1.7151,0.1598877588119587,0.1543188770919561,0.9651700557854958,10.0,GSI_natural_landform_GeoJSON_rasterized,True
B_830305_40_LF_CLASS::旧河道,830305,,40,旧河道,59000.0,0.059,0.00550019110833512,0.0053086197588626954,0.9651700557854958,10.0,GSI_natural_landform_GeoJSON_rasterized,True
B_830305_40_LF_CLASS::水部,830305,,40,水部,98300.0,0.0983,0.009163877727954954,0.008844700377901745,0.9651700557854958,10.0,GSI_natural_landform_GeoJSON_rasterized,True
B_830305_41_LF_CLASS::山地斜面等,830305,,41,山地斜面等,1480700.0,1.4807,0.267961200188208,0.2621914509331728,0.9784679675602932,10.0,GSI_natural_landform_GeoJSON_rasterized,True
B_830305_41_LF_CLASS::崖・段丘崖,830305,,41,崖・段丘崖,75100.0,0.0751,0.013590792283470267,0.013298154903141268,0.9784679675602932,10.0,GSI_natural_landform_GeoJSON_rasterized,True
B_830305_41_LF_CLASS::台地・段丘,830305,,41,台地・段丘,1976000.0,1.976,0.3575952803214014,0.349895527145235,0.9784679675602932,10.0,GSI_natural_landform_GeoJSON_rasterized,True
B_830305_41_LF_CLASS::山麓堆積地形,830305,,41,山麓堆積地形,246000.0,0.246,0.04451844076875747,0.04355986825795941,0.9784679675602932,10.0,GSI_natural_landform_GeoJSON_rasterized,True
B_830305_41_LF_CLASS::凹地・浅い谷,830305,,41,凹地・浅い谷,19300.0,0.0193,0.003492706938361866,0.0034175018592626696,0.9784679675602932,10.0,GSI_natural_landform_GeoJSON_rasterized,True
B_830305_41_LF_CLASS::氾濫平野・海岸平野,830305,,41,氾濫平野・海岸平野,1525600.0,1.5256,0.2760867204748634,0.2701420122534264,0.9784679675602932,10.0,GSI_natural_landform_GeoJSON_rasterized,True
B_830305_41_LF_CLASS::旧河道,830305,,41,旧河道,150500.0,0.1505,0.027235875348365846,0.026649431596841026,0.9784679675602932,10.0,GSI_natural_landform_GeoJSON_rasterized,True
B_830305_41_LF_CLASS::水部,830305,,41,水部,52600.0,0.0526,0.009518983676571719,0.009314020611254737,0.9784679675602932,10.0,GSI_natural_landform_GeoJSON_rasterized,True
B_830305_42_LF_CLASS::山地斜面等,830305,,42,山地斜面等,781400.0,0.7814,0.07931464996599641,0.07146057962266912,0.9009757926600638,10.0,GSI_natural_landform_GeoJSON_rasterized,True
B_830305_42_LF_CLASS::崖・段丘崖,830305,,42,崖・段丘崖,512000.0,0.512,0.05196967082491702,0.046823415365762205,0.9009757926600638,10.0,GSI_natural_landform_GeoJSON_rasterized,True
B_830305_42_LF_CLASS::台地・段丘,830305,,42,台地・段丘,6513000.0,6.513,0.6610907540677433,0.5956267661664243,0.9009757926600638,10.0,GSI_natural_landform_GeoJSON_rasterized,True
B_830305_42_LF_CLASS::山麓堆積地形,830305,,42,山麓堆積地形,57200.0,0.0572,0.0058059866624711985,0.0052310534353937465,0.9009757926600638,10.0,GSI_natural_landform_GeoJSON_rasterized,True
B_830305_42_LF_CLASS::扇状地,830305,,42,扇状地,5100.0,0.0051,0.0005176666429825719,0.000466405113994897,0.9009757926600638,10.0,GSI_natural_landform_GeoJSON_rasterized,True
B_830305_42_LF_CLASS::凹地・浅い谷,830305,,42,凹地・浅い谷,418100.0,0.4181,0.042438514398237905,0.038236074149267926,0.9009757926600638,10.0,GSI_natural_landform_GeoJSON_rasterized,True
B_830305_42_LF_CLASS::氾濫平野・海岸平野,830305,,42,氾濫平野・海岸平野,1021800.0,1.0218,0.10371603447050823,0.09344563636862466,0.9009757926600638,10.0,GSI_natural_landform_GeoJSON_rasterized,True
B_830305_42_LF_CLASS::旧河道,830305,,42,旧河道,149500.0,0.1495,0.01517473786782245,0.01367207147887002,0.9009757926600638,10.0,GSI_natural_landform_GeoJSON_rasterized,True
B_830305_42_LF_CLASS::水部,830305,,42,水部,393800.0,0.3938,0.03997198509932094,0.03601379095905695,0.9009757926600638,10.0,GSI_natural_landform_GeoJSON_rasterized,True
B_830305_43_LF_CLASS::山地斜面等,830305,,43,山地斜面等,3908800.0,3.9088,0.24487699141101218,0.21264395954716325,0.8683705166495302,10.0,GSI_natural_landform_GeoJSON_rasterized,True
B_830305_43_LF_CLASS::崖・段丘崖,830305,,43,崖・段丘崖,327300.0,0.3273,0.020504563878639043,0.01780555872896708,0.8683705166495302,10.0,GSI_natural_landform_GeoJSON_rasterized,True
B_830305_43_LF_CLASS::地すべり地形,830305,,43,地すべり地形,31600.0,0.0316,0.001979664584677647,0.0017190823581893057,0.8683705166495302,10.0,GSI_natural_landform_GeoJSON_rasterized,True
B_830305_43_LF_CLASS::台地・段丘,830305,,43,台地・段丘,7902300.0,7.9023,0.49506023568032176,0.4298957126303592,0.8683705166495302,10.0,GSI_natural_landform_GeoJSON_rasterized,True
B_830305_43_LF_CLASS::山麓堆積地形,830305,,43,山麓堆積地形,481500.0,0.4815,0.030164825870958447,0.0261942454262073,0.8683705166495302,10.0,GSI_natural_landform_GeoJSON_rasterized,True
B_830305_43_LF_CLASS::扇状地,830305,,43,扇状地,57100.0,0.0571,0.003577178727376381,0.0031063165396395366,0.8683705166495302,10.0,GSI_natural_landform_GeoJSON_rasterized,True
B_830305_43_LF_CLASS::自然堤防,830305,,43,自然堤防,123100.0,0.1231,0.007711921214361339,0.006696805009275429,0.8683705166495302,10.0,GSI_natural_landform_GeoJSON_rasterized,True
B_830305_43_LF_CLASS::凹地・浅い谷,830305,,43,凹地・浅い谷,845900.0,0.8459,0.05299361620819055,0.04601809388583335,0.8683705166495302,10.0,GSI_natural_landform_GeoJSON_rasterized,True
B_830305_43_LF_CLASS::氾濫平野・海岸平野,830305,,43,氾濫平野・海岸平野,1366400.0,1.3664,0.08560169900327647,0.07433399158955277,0.8683705166495302,10.0,GSI_natural_landform_GeoJSON_rasterized,True
B_830305_43_LF_CLASS::旧河道,830305,,43,旧河道,264600.0,0.2646,0.016576558516003332,0.014394594682812985,0.8683705166495302,10.0,GSI_natural_landform_GeoJSON_rasterized,True
B_830305_43_LF_CLASS::河川敷・浜,830305,,43,河川敷・浜,279200.0,0.2792,0.017491213672215157,0.015188854253368803,0.8683705166495302,10.0,GSI_natural_landform_GeoJSON_rasterized,True
B_830305_43_LF_CLASS::水部,830305,,43,水部,374500.0,0.3745,0.02346153123296768,0.020373301998161234,0.8683705166495302,10.0,GSI_natural_landform_GeoJSON_rasterized,True
B_830305_44_LF_CLASS::山地斜面等,830305,,44,山地斜面等,4833900.0,4.8339,0.6756163694303126,0.4747262460103118,0.7026565185367051,10.0,GSI_natural_landform_GeoJSON_rasterized,True
B_830305_44_LF_CLASS::崖・段丘崖,830305,,44,崖・段丘崖,4100.0,0.0041,0.0005730418739866943,0.0004026516081512399,0.7026565185367051,10.0,GSI_natural_landform_GeoJSON_rasterized,True
B_830305_44_LF_CLASS::台地・段丘,830305,,44,台地・段丘,869700.0,0.8697,0.1215547604405434,0.08541124478271545,0.7026565185367051,10.0,GSI_natural_landform_GeoJSON_rasterized,True
B_830305_44_LF_CLASS::山麓堆積地形,830305,,44,山麓堆積地形,81100.0,0.0811,0.011335047800078268,0.007964645224650135,0.7026565185367051,10.0,GSI_natural_landform_GeoJSON_rasterized,True
B_830305_44_LF_CLASS::氾濫平野・海岸平野,830305,,44,氾濫平野・海岸平野,1306200.0,1.3062,0.18256275507351707,0.12827890989442672,0.7026565185367051,10.0,GSI_natural_landform_GeoJSON_rasterized,True
B_830305_44_LF_CLASS::旧河道,830305,,44,旧河道,9000.0,0.009,0.0012578967965561582,0.0008838693837466241,0.7026565185367051,10.0,GSI_natural_landform_GeoJSON_rasterized,True
B_830305_44_LF_CLASS::水部,830305,,44,水部,50800.0,0.0508,0.00710012858500587,0.004988951632703167,0.7026565185367051,10.0,GSI_natural_landform_GeoJSON_rasterized,True
B_830305_45_LF_CLASS::山地斜面等,830305,,45,山地斜面等,505000.0,0.505,0.15273409145898864,0.13885070112730272,0.9091009073412153,10.0,GSI_natural_landform_GeoJSON_rasterized,True
B_830305_45_LF_CLASS::崖・段丘崖,830305,,45,崖・段丘崖,196100.0,0.1961,0.05930921848536172,0.05391806433874072,0.9091009073412153,10.0,GSI_natural_landform_GeoJSON_rasterized,True
B_830305_45_LF_CLASS::台地・段丘,830305,,45,台地・段丘,2206300.0,2.2063,0.6672816356157755,0.6066263403904317,0.9091009073412153,10.0,GSI_natural_landform_GeoJSON_rasterized,True
B_830305_45_LF_CLASS::扇状地,830305,,45,扇状地,35500.0,0.0355,0.010736752963948706,0.009760791861424251,0.9091009073412153,10.0,GSI_natural_landform_GeoJSON_rasterized,True
B_830305_45_LF_CLASS::凹地・浅い谷,830305,,45,凹地・浅い谷,79400.0,0.0794,0.0240140333897895,0.021831179543579875,0.9091009073412153,10.0,GSI_natural_landform_GeoJSON_rasterized,True
B_830305_45_LF_CLASS::氾濫平野・海岸平野,830305,,45,氾濫平野・海岸平野,66700.0,0.0667,0.02017299782240503,0.018339290624140775,0.9091009073412153,10.0,GSI_natural_landform_GeoJSON_rasterized,True
B_830305_45_LF_CLASS::旧河道,830305,,45,旧河道,77800.0,0.0778,0.023530123397048148,0.02139125653010723,0.9091009073412153,10.0,GSI_natural_landform_GeoJSON_rasterized,True
B_830305_45_LF_CLASS::水部,830305,,45,水部,139600.0,0.1396,0.042221146866682796,0.03838328292548804,0.9091009073412153,10.0,GSI_natural_landform_GeoJSON_rasterized,True
B_830305_46_LF_CLASS::山地斜面等,830305,,46,山地斜面等,1867700.0,1.8677,0.32876254180602005,0.04608805515662091,0.14018645464730065,10.0,GSI_natural_landform_GeoJSON_rasterized,True
B_830305_46_LF_CLASS::崖・段丘崖,830305,,46,崖・段丘崖,468700.0,0.4687,0.08250308044358387,0.011565814344867068,0.14018645464730065,10.0,GSI_natural_landform_GeoJSON_rasterized,True
B_830305_46_LF_CLASS::台地・段丘,830305,,46,台地・段丘,2663200.0,2.6632,0.46879070586164406,0.06571810702634942,0.14018645464730065,10.0,GSI_natural_landform_GeoJSON_rasterized,True
B_830305_46_LF_CLASS::山麓堆積地形,830305,,46,山麓堆積地形,146100.0,0.1461,0.025717303291674,0.003605217571549133,0.14018645464730065,10.0,GSI_natural_landform_GeoJSON_rasterized,True
B_830305_46_LF_CLASS::自然堤防,830305,,46,自然堤防,5600.0,0.0056,0.0009857419468403451,0.00013818766872467588,0.14018645464730065,10.0,GSI_natural_landform_GeoJSON_rasterized,True
B_830305_46_LF_CLASS::凹地・浅い谷,830305,,46,凹地・浅い谷,82600.0,0.0826,0.014539693715895089,0.002038268113688969,0.14018645464730065,10.0,GSI_natural_landform_GeoJSON_rasterized,True
B_830305_46_LF_CLASS::氾濫平野・海岸平野,830305,,46,氾濫平野・海岸平野,239600.0,0.2396,0.04217567329695476,0.005912458111862918,0.14018645464730065,10.0,GSI_natural_landform_GeoJSON_rasterized,True
B_830305_46_LF_CLASS::旧河道,830305,,46,旧河道,2600.0,0.0026,0.0004576659038901602,6.41585604793138e-05,0.14018645464730065,10.0,GSI_natural_landform_GeoJSON_rasterized,True
B_830305_46_LF_CLASS::水部,830305,,46,水部,204900.0,0.2049,0.036067593733497626,0.00505618809315823,0.14018645464730065,10.0,GSI_natural_landform_GeoJSON_rasterized,True
B_830305_47_LF_CLASS::崖・段丘崖,830305,,47,崖・段丘崖,10400.0,0.0104,0.006772156020056001,0.0060056591788416,0.8868164231679853,10.0,GSI_natural_landform_GeoJSON_rasterized,True
B_830305_47_LF_CLASS::台地・段丘,830305,,47,台地・段丘,800900.0,0.8009,0.5215211304291203,0.46249350349367674,0.8868164231679853,10.0,GSI_natural_landform_GeoJSON_rasterized,True
B_830305_47_LF_CLASS::凹地・浅い谷,830305,,47,凹地・浅い谷,145200.0,0.1452,0.09454971674155109,0.0838482416122885,0.8868164231679853,10.0,GSI_natural_landform_GeoJSON_rasterized,True
B_830305_47_LF_CLASS::氾濫平野・海岸平野,830305,,47,氾濫平野・海岸平野,436100.0,0.4361,0.2839747346486944,0.2518334584512329,0.8868164231679853,10.0,GSI_natural_landform_GeoJSON_rasterized,True
B_830305_47_LF_CLASS::旧河道,830305,,47,旧河道,100800.0,0.1008,0.06563781988669662,0.05820869665646475,0.8868164231679853,10.0,GSI_natural_landform_GeoJSON_rasterized,True
B_830305_47_LF_CLASS::水部,830305,,47,水部,42300.0,0.0423,0.027544442273881618,0.024426863775480742,0.8868164231679853,10.0,GSI_natural_landform_GeoJSON_rasterized,True
B_830305_48_LF_CLASS::山地斜面等,830305,,48,山地斜面等,3831400.0,3.8314,0.410966544744661,0.399004415562776,0.9708926934932933,10.0,GSI_natural_landform_GeoJSON_rasterized,True
B_830305_48_LF_CLASS::崖・段丘崖,830305,,48,崖・段丘崖,122100.0,0.1221,0.013096783189780005,0.012715571107223194,0.9708926934932933,10.0,GSI_natural_landform_GeoJSON_rasterized,True
B_830305_48_LF_CLASS::台地・段丘,830305,,48,台地・段丘,3349900.0,3.3499,0.3593195250404917,0.34886070149129383,0.9708926934932933,10.0,GSI_natural_landform_GeoJSON_rasterized,True
B_830305_48_LF_CLASS::山麓堆積地形,830305,,48,山麓堆積地形,203700.0,0.2037,0.021849424535284087,0.021213446638340416,0.9708926934932933,10.0,GSI_natural_landform_GeoJSON_rasterized,True
B_830305_48_LF_CLASS::扇状地,830305,,48,扇状地,33900.0,0.0339,0.0036362076178013277,0.003530367408147963,0.9708926934932933,10.0,GSI_natural_landform_GeoJSON_rasterized,True
B_830305_48_LF_CLASS::自然堤防,830305,,48,自然堤防,17100.0,0.0171,0.001834193223138723,0.0017808047988003,0.9708926934932933,10.0,GSI_natural_landform_GeoJSON_rasterized,True
B_830305_48_LF_CLASS::氾濫平野・海岸平野,830305,,48,氾濫平野・海岸平野,1522300.0,1.5223,0.16328610196398116,0.15853328334583022,0.9708926934932933,10.0,GSI_natural_landform_GeoJSON_rasterized,True
B_830305_48_LF_CLASS::旧河道,830305,,48,旧河道,153800.0,0.1538,0.0164970127320898,0.01601682912605182,0.9708926934932933,10.0,GSI_natural_landform_GeoJSON_rasterized,True
B_830305_48_LF_CLASS::水部,830305,,48,水部,88700.0,0.0887,0.009514206952772206,0.009237274014829626,0.9708926934932933,10.0,GSI_natural_landform_GeoJSON_rasterized,True
B_830305_49_LF_CLASS::山地斜面等,830305,,49,山地斜面等,582000.0,0.582,0.13095720264614555,0.11870767724565555,0.9064616137717223,10.0,GSI_natural_landform_GeoJSON_rasterized,True
B_830305_49_LF_CLASS::崖・段丘崖,830305,,49,崖・段丘崖,57600.0,0.0576,0.012960712839206157,0.011748388675858692,0.9064616137717223,10.0,GSI_natural_landform_GeoJSON_rasterized,True
B_830305_49_LF_CLASS::台地・段丘,830305,,49,台地・段丘,1777200.0,1.7772,0.3998919940596733,0.36248674226972344,0.9064616137717223,10.0,GSI_natural_landform_GeoJSON_rasterized,True
B_830305_49_LF_CLASS::山麓堆積地形,830305,,49,山麓堆積地形,21000.0,0.021,0.004725259889293911,0.004283266704740148,0.9064616137717223,10.0,GSI_natural_landform_GeoJSON_rasterized,True
B_830305_49_LF_CLASS::凹地・浅い谷,830305,,49,凹地・浅い谷,18300.0,0.0183,0.0041177264749561225,0.0037325609855592724,0.9064616137717223,10.0,GSI_natural_landform_GeoJSON_rasterized,True
B_830305_49_LF_CLASS::氾濫平野・海岸平野,830305,,49,氾濫平野・海岸平野,1521700.0,1.5217,0.342401332073264,0.3103736640287183,0.9064616137717223,10.0,GSI_natural_landform_GeoJSON_rasterized,True
B_830305_49_LF_CLASS::旧河道,830305,,49,旧河道,213600.0,0.2136,0.0480626434453895,0.04356694133964265,0.9064616137717223,10.0,GSI_natural_landform_GeoJSON_rasterized,True
B_830305_49_LF_CLASS::河川敷・浜,830305,,49,河川敷・浜,175500.0,0.1755,0.03948967193195626,0.035795871746756955,0.9064616137717223,10.0,GSI_natural_landform_GeoJSON_rasterized,True
B_830305_49_LF_CLASS::水部,830305,,49,水部,77300.0,0.0773,0.017393456640115205,0.015766500775067308,0.9064616137717223,10.0,GSI_natural_landform_GeoJSON_rasterized,True
B_830305_5_LF_CLASS::山地斜面等,830305,,5,山地斜面等,765100.0,0.7651,0.1557138495980462,0.15571068056007814,0.9999796483230218,10.0,GSI_natural_landform_GeoJSON_rasterized,True
B_830305_5_LF_CLASS::台地・段丘,830305,,5,台地・段丘,3325000.0,3.325,0.6767070316475018,0.6766932595245848,0.9999796483230218,10.0,GSI_natural_landform_GeoJSON_rasterized,True
B_830305_5_LF_CLASS::凹地・浅い谷,830305,,5,凹地・浅い谷,699500.0,0.6995,0.14236287778569248,0.1423599804623901,0.9999796483230218,10.0,GSI_natural_landform_GeoJSON_rasterized,True
B_830305_5_LF_CLASS::氾濫平野・海岸平野,830305,,5,氾濫平野・海岸平野,104500.0,0.1045,0.021267935280350057,0.021267502442201238,0.9999796483230218,10.0,GSI_natural_landform_GeoJSON_rasterized,True
B_830305_5_LF_CLASS::水部,830305,,5,水部,19400.0,0.0194,0.003948305688409484,0.003948225333767503,0.9999796483230218,10.0,GSI_natural_landform_GeoJSON_rasterized,True
B_830305_50_LF_CLASS::山地斜面等,830305,,50,山地斜面等,5200.0,0.0052,0.0030803862330430662,0.002866751199073819,0.9306466729147141,10.0,GSI_natural_landform_GeoJSON_rasterized,True
B_830305_50_LF_CLASS::崖・段丘崖,830305,,50,崖・段丘崖,107700.0,0.1077,0.06379953794206504,0.0593748277192789,0.9306466729147141,10.0,GSI_natural_landform_GeoJSON_rasterized,True
B_830305_50_LF_CLASS::台地・段丘,830305,,50,台地・段丘,1265800.0,1.2658,0.7498370949588294,0.6978333976514692,0.9306466729147141,10.0,GSI_natural_landform_GeoJSON_rasterized,True
B_830305_50_LF_CLASS::扇状地,830305,,50,扇状地,8400.0,0.0084,0.004976008530300338,0.004630905783119246,0.9306466729147141,10.0,GSI_natural_landform_GeoJSON_rasterized,True
B_830305_50_LF_CLASS::凹地・浅い谷,830305,,50,凹地・浅い谷,75400.0,0.0754,0.04466560037912446,0.041567892386570375,0.9306466729147141,10.0,GSI_natural_landform_GeoJSON_rasterized,True
B_830305_50_LF_CLASS::氾濫平野・海岸平野,830305,,50,氾濫平野・海岸平野,179000.0,0.179,0.10603637225282862,0.09868239704504107,0.9306466729147141,10.0,GSI_natural_landform_GeoJSON_rasterized,True
B_830305_50_LF_CLASS::旧河道,830305,,50,旧河道,15400.0,0.0154,0.00912268230555062,0.008489993935718617,0.9306466729147141,10.0,GSI_natural_landform_GeoJSON_rasterized,True
B_830305_50_LF_CLASS::水部,830305,,50,水部,31200.0,0.0312,0.018482317398258397,0.017200507194442913,0.9306466729147141,10.0,GSI_natural_landform_GeoJSON_rasterized,True
B_830305_51_LF_CLASS::山地斜面等,830305,,51,山地斜面等,955200.0,0.9552,0.6930779277318241,0.6930276427483132,0.9999274468548212,10.0,GSI_natural_landform_GeoJSON_rasterized,True
B_830305_51_LF_CLASS::崖・段丘崖,830305,,51,崖・段丘崖,26800.0,0.0268,0.019445653751269772,0.019444242907930058,0.9999274468548212,10.0,GSI_natural_landform_GeoJSON_rasterized,True
B_830305_51_LF_CLASS::台地・段丘,830305,,51,台地・段丘,177100.0,0.1771,0.12850094325932376,0.12849162011173185,0.9999274468548212,10.0,GSI_natural_landform_GeoJSON_rasterized,True
B_830305_51_LF_CLASS::山麓堆積地形,830305,,51,山麓堆積地形,7800.0,0.0078,0.0056595559425337396,0.005659145323949793,0.9999274468548212,10.0,GSI_natural_landform_GeoJSON_rasterized,True
B_830305_51_LF_CLASS::扇状地,830305,,51,扇状地,33900.0,0.0339,0.02459730082716587,0.024595516215627947,0.9999274468548212,10.0,GSI_natural_landform_GeoJSON_rasterized,True
B_830305_51_LF_CLASS::氾濫平野・海岸平野,830305,,51,氾濫平野・海岸平野,158700.0,0.1587,0.1151501959077057,0.11514184139882463,0.9999274468548212,10.0,GSI_natural_landform_GeoJSON_rasterized,True
B_830305_51_LF_CLASS::旧河道,830305,,51,旧河道,2300.0,0.0023,0.0016688434189522565,0.0016687223391134006,0.9999274468548212,10.0,GSI_natural_landform_GeoJSON_rasterized,True
B_830305_51_LF_CLASS::水部,830305,,51,水部,16400.0,0.0164,0.011899579161224786,0.011898715809330334,0.9999274468548212,10.0,GSI_natural_landform_GeoJSON_rasterized,True
B_830305_52_LF_CLASS::山地斜面等,830305,,52,山地斜面等,143000.0,0.143,0.07977239763472052,0.07659756816112272,0.960201403396004,10.0,GSI_natural_landform_GeoJSON_rasterized,True
B_830305_52_LF_CLASS::崖・段丘崖,830305,,52,崖・段丘崖,92500.0,0.0925,0.051601026442039497,0.04954737800632064,0.960201403396004,10.0,GSI_natural_landform_GeoJSON_rasterized,True
B_830305_52_LF_CLASS::台地・段丘,830305,,52,台地・段丘,1196700.0,1.1967,0.6675778199263639,0.6410091595693396,0.960201403396004,10.0,GSI_natural_landform_GeoJSON_rasterized,True
B_830305_52_LF_CLASS::山麓堆積地形,830305,,52,山麓堆積地形,15800.0,0.0158,0.008814013165234854,0.008463227810809363,0.960201403396004,10.0,GSI_natural_landform_GeoJSON_rasterized,True
B_830305_52_LF_CLASS::扇状地,830305,,52,扇状地,43000.0,0.043,0.023987504183867008,0.02303283518131662,0.960201403396004,10.0,GSI_natural_landform_GeoJSON_rasterized,True
B_830305_52_LF_CLASS::自然堤防,830305,,52,自然堤防,7000.0,0.007,0.0039049425415597456,0.0037495313085864268,0.960201403396004,10.0,GSI_natural_landform_GeoJSON_rasterized,True
B_830305_52_LF_CLASS::凹地・浅い谷,830305,,52,凹地・浅い谷,5400.0,0.0054,0.0030123842463460897,0.0028924955809095294,0.960201403396004,10.0,GSI_natural_landform_GeoJSON_rasterized,True
B_830305_52_LF_CLASS::氾濫平野・海岸平野,830305,,52,氾濫平野・海岸平野,208500.0,0.2085,0.11631150284502957,0.11168246826289571,0.960201403396004,10.0,GSI_natural_landform_GeoJSON_rasterized,True
B_830305_52_LF_CLASS::旧河道,830305,,52,旧河道,55700.0,0.0557,0.031072185652125404,0.029835556269751994,0.960201403396004,10.0,GSI_natural_landform_GeoJSON_rasterized,True
B_830305_52_LF_CLASS::水部,830305,,52,水部,25000.0,0.025,0.013946223362713377,0.013391183244951524,0.960201403396004,10.0,GSI_natural_landform_GeoJSON_rasterized,True
B_830305_53_LF_CLASS::山地斜面等,830305,,53,山地斜面等,444000.0,0.444,0.7207792207792207,0.7207792207792207,1.0,10.0,GSI_natural_landform_GeoJSON_rasterized,True
B_830305_53_LF_CLASS::台地・段丘,830305,,53,台地・段丘,1100.0,0.0011,0.0017857142857142857,0.0017857142857142857,1.0,10.0,GSI_natural_landform_GeoJSON_rasterized,True
B_830305_53_LF_CLASS::氾濫平野・海岸平野,830305,,53,氾濫平野・海岸平野,160200.0,0.1602,0.26006493506493505,0.26006493506493505,1.0,10.0,GSI_natural_landform_GeoJSON_rasterized,True
B_830305_53_LF_CLASS::河川敷・浜,830305,,53,河川敷・浜,500.0,0.0005,0.0008116883116883117,0.0008116883116883117,1.0,10.0,GSI_natural_landform_GeoJSON_rasterized,True
B_830305_53_LF_CLASS::水部,830305,,53,水部,10200.0,0.0102,0.016558441558441557,0.016558441558441557,1.0,10.0,GSI_natural_landform_GeoJSON_rasterized,True
B_830305_54_LF_CLASS::山地斜面等,830305,,54,山地斜面等,3053100.0,3.0531,0.8980498279259934,0.2990215762514324,0.33296768949002475,10.0,GSI_natural_landform_GeoJSON_rasterized,True
B_830305_54_LF_CLASS::崖・段丘崖,830305,,54,崖・段丘崖,3900.0,0.0039,0.0011471600435332529,0.0003819672291705435,0.33296768949002475,10.0,GSI_natural_landform_GeoJSON_rasterized,True
B_830305_54_LF_CLASS::台地・段丘,830305,,54,台地・段丘,133900.0,0.1339,0.03938582816130835,0.013114208201521992,0.33296768949002475,10.0,GSI_natural_landform_GeoJSON_rasterized,True
B_830305_54_LF_CLASS::山麓堆積地形,830305,,54,山麓堆積地形,3600.0,0.0036,0.0010589169632614643,0.0003525851346189632,0.33296768949002475,10.0,GSI_natural_landform_GeoJSON_rasterized,True
B_830305_54_LF_CLASS::扇状地,830305,,54,扇状地,18400.0,0.0184,0.005412242256669706,0.0018021017991635897,0.33296768949002475,10.0,GSI_natural_landform_GeoJSON_rasterized,True
B_830305_54_LF_CLASS::氾濫平野・海岸平野,830305,,54,氾濫平野・海岸平野,185400.0,0.1854,0.05453422360796541,0.018158134432876605,0.33296768949002475,10.0,GSI_natural_landform_GeoJSON_rasterized,True
B_830305_54_LF_CLASS::水部,830305,,54,水部,1400.0,0.0014,0.0004118010412683472,0.0001371164412407079,0.33296768949002475,10.0,GSI_natural_landform_GeoJSON_rasterized,True
B_830305_55_LF_CLASS::山地斜面等,830305,,55,山地斜面等,2984200.0,2.9842,0.8073260469646142,0.807042215431214,0.9996484301052005,10.0,GSI_natural_landform_GeoJSON_rasterized,True
B_830305_55_LF_CLASS::崖・段丘崖,830305,,55,崖・段丘崖,21500.0,0.0215,0.005816470078995779,0.0058144251832220025,0.9996484301052005,10.0,GSI_natural_landform_GeoJSON_rasterized,True
B_830305_55_LF_CLASS::台地・段丘,830305,,55,台地・段丘,185900.0,0.1859,0.05029217617141002,0.0502744949563242,0.9996484301052005,10.0,GSI_natural_landform_GeoJSON_rasterized,True
B_830305_55_LF_CLASS::山麓堆積地形,830305,,55,山麓堆積地形,25600.0,0.0256,0.0069256573963856725,0.006923222543743408,0.9996484301052005,10.0,GSI_natural_landform_GeoJSON_rasterized,True
B_830305_55_LF_CLASS::扇状地,830305,,55,扇状地,200.0,0.0002,5.410669840926307e-05,5.408767612299537e-05,0.9996484301052005,10.0,GSI_natural_landform_GeoJSON_rasterized,True
B_830305_55_LF_CLASS::氾濫平野・海岸平野,830305,,55,氾濫平野・海岸平野,456400.0,0.4564,0.12347148576993831,0.12342807691267545,0.9996484301052005,10.0,GSI_natural_landform_GeoJSON_rasterized,True
B_830305_55_LF_CLASS::水部,830305,,55,水部,22600.0,0.0226,0.006114056920246727,0.006111907401898478,0.9996484301052005,10.0,GSI_natural_landform_GeoJSON_rasterized,True
B_830305_56_LF_CLASS::山地斜面等,830305,,56,山地斜面等,3296900.0,3.2969,0.514128434644294,0.5072387956367217,0.9865993815099159,10.0,GSI_natural_landform_GeoJSON_rasterized,True
B_830305_56_LF_CLASS::崖・段丘崖,830305,,56,崖・段丘崖,29800.0,0.0298,0.004647101019867136,0.004584826992015016,0.9865993815099159,10.0,GSI_natural_landform_GeoJSON_rasterized,True
B_830305_56_LF_CLASS::台地・段丘,830305,,56,台地・段丘,2166400.0,2.1664,0.3378348875651062,0.3333076911242057,0.9865993815099159,10.0,GSI_natural_landform_GeoJSON_rasterized,True
B_830305_56_LF_CLASS::山麓堆積地形,830305,,56,山麓堆積地形,66900.0,0.0669,0.010432585846614478,0.010292782743818946,0.9865993815099159,10.0,GSI_natural_landform_GeoJSON_rasterized,True
B_830305_56_LF_CLASS::扇状地,830305,,56,扇状地,15100.0,0.0151,0.002354739107382341,0.002323184146960629,0.9865993815099159,10.0,GSI_natural_landform_GeoJSON_rasterized,True
B_830305_56_LF_CLASS::氾濫平野・海岸平野,830305,,56,氾濫平野・海岸平野,747300.0,0.7473,0.11653619436733931,0.11497453728633629,0.9865993815099159,10.0,GSI_natural_landform_GeoJSON_rasterized,True
B_830305_56_LF_CLASS::旧河道,830305,,56,旧河道,19100.0,0.0191,0.0029785110563577957,0.002938597166023047,0.9865993815099159,10.0,GSI_natural_landform_GeoJSON_rasterized,True
B_830305_56_LF_CLASS::河川敷・浜,830305,,56,河川敷・浜,17900.0,0.0179,0.0027913794716651593,0.0027539732603043218,0.9865993815099159,10.0,GSI_natural_landform_GeoJSON_rasterized,True
B_830305_56_LF_CLASS::水部,830305,,56,水部,53200.0,0.0532,0.008296166921373546,0.008184993153530162,0.9865993815099159,10.0,GSI_natural_landform_GeoJSON_rasterized,True
B_830305_57_LF_CLASS::山地斜面等,830305,,57,山地斜面等,2244900.0,2.2449,0.8671920268860818,0.8650200369913686,0.9974953760789149,10.0,GSI_natural_landform_GeoJSON_rasterized,True
B_830305_57_LF_CLASS::崖・段丘崖,830305,,57,崖・段丘崖,10200.0,0.0102,0.0039402016456136285,0.0039303329223181254,0.9974953760789149,10.0,GSI_natural_landform_GeoJSON_rasterized,True
B_830305_57_LF_CLASS::台地・段丘,830305,,57,台地・段丘,122600.0,0.1226,0.047359678603159885,0.04724106041923551,0.9974953760789149,10.0,GSI_natural_landform_GeoJSON_rasterized,True
B_830305_57_LF_CLASS::山麓堆積地形,830305,,57,山麓堆積地形,6500.0,0.0065,0.002510912813381234,0.0025046239210850803,0.9974953760789149,10.0,GSI_natural_landform_GeoJSON_rasterized,True
B_830305_57_LF_CLASS::氾濫平野・海岸平野,830305,,57,氾濫平野・海岸平野,175600.0,0.1756,0.06783327538919148,0.06766337854500616,0.9974953760789149,10.0,GSI_natural_landform_GeoJSON_rasterized,True
B_830305_57_LF_CLASS::水部,830305,,57,水部,28900.0,0.0289,0.011163904662571947,0.011135943279901356,0.9974953760789149,10.0,GSI_natural_landform_GeoJSON_rasterized,True
B_830305_58_LF_CLASS::山地斜面等,830305,,58,山地斜面等,1349600.0,1.3496,0.6773400250941028,0.1817961393914086,0.2683971604455999,10.0,GSI_natural_landform_GeoJSON_rasterized,True
B_830305_58_LF_CLASS::台地・段丘,830305,,58,台地・段丘,9100.0,0.0091,0.004567126725219573,0.0012258038444441452,0.2683971604455999,10.0,GSI_natural_landform_GeoJSON_rasterized,True
B_830305_58_LF_CLASS::山麓堆積地形,830305,,58,山麓堆積地形,13600.0,0.0136,0.0068255959849435385,0.0018319705807077332,0.2683971604455999,10.0,GSI_natural_landform_GeoJSON_rasterized,True
B_830305_58_LF_CLASS::扇状地,830305,,58,扇状地,11600.0,0.0116,0.005821831869510665,0.0015625631423683607,0.2683971604455999,10.0,GSI_natural_landform_GeoJSON_rasterized,True
B_830305_58_LF_CLASS::氾濫平野・海岸平野,830305,,58,氾濫平野・海岸平野,559300.0,0.5593,0.280702634880803,0.07533979013160554,0.2683971604455999,10.0,GSI_natural_landform_GeoJSON_rasterized,True
B_830305_58_LF_CLASS::河川敷・浜,830305,,58,河川敷・浜,7900.0,0.0079,0.0039648682559598495,0.0010641593814405216,0.2683971604455999,10.0,GSI_natural_landform_GeoJSON_rasterized,True
B_830305_58_LF_CLASS::水部,830305,,58,水部,41400.0,0.0414,0.02077791718946048,0.005576733973625012,0.2683971604455999,10.0,GSI_natural_landform_GeoJSON_rasterized,True
B_830305_59_LF_CLASS::山地斜面等,830305,,59,山地斜面等,1728000.0,1.728,0.7239819004524887,0.7221061429168408,0.9974091099038863,10.0,GSI_natural_landform_GeoJSON_rasterized,True
B_830305_59_LF_CLASS::崖・段丘崖,830305,,59,崖・段丘崖,24400.0,0.0244,0.010222892575833753,0.010196406184705391,0.9974091099038863,10.0,GSI_natural_landform_GeoJSON_rasterized,True
B_830305_59_LF_CLASS::台地・段丘,830305,,59,台地・段丘,412300.0,0.4123,0.17274174627115804,0.17229419139155872,0.9974091099038863,10.0,GSI_natural_landform_GeoJSON_rasterized,True
B_830305_59_LF_CLASS::凹地・浅い谷,830305,,59,凹地・浅い谷,78500.0,0.0785,0.03288922406569465,0.03280401170079398,0.9974091099038863,10.0,GSI_natural_landform_GeoJSON_rasterized,True
B_830305_59_LF_CLASS::氾濫平野・海岸平野,830305,,59,氾濫平野・海岸平野,118300.0,0.1183,0.049564270152505446,0.04943585457584622,0.9974091099038863,10.0,GSI_natural_landform_GeoJSON_rasterized,True
B_830305_59_LF_CLASS::水部,830305,,59,水部,25300.0,0.0253,0.010599966482319423,0.010572503134141245,0.9974091099038863,10.0,GSI_natural_landform_GeoJSON_rasterized,True
B_830305_6_LF_CLASS::自然堤防,830305,,6,自然堤防,227400.0,0.2274,0.3368888888888889,0.23794077639426597,0.7062885842837711,10.0,GSI_natural_landform_GeoJSON_rasterized,True
B_830305_6_LF_CLASS::氾濫平野・海岸平野,830305,,6,氾濫平野・海岸平野,372800.0,0.3728,0.5522962962962963,0.39008056921628126,0.7062885842837711,10.0,GSI_natural_landform_GeoJSON_rasterized,True
B_830305_6_LF_CLASS::旧河道,830305,,6,旧河道,41800.0,0.0418,0.061925925925925926,0.0437375745526839,0.7062885842837711,10.0,GSI_natural_landform_GeoJSON_rasterized,True
B_830305_6_LF_CLASS::水部,830305,,6,水部,33000.0,0.033,0.04888888888888889,0.03452966412053992,0.7062885842837711,10.0,GSI_natural_landform_GeoJSON_rasterized,True
B_830305_60_LF_CLASS::山地斜面等,830305,,60,山地斜面等,98400.0,0.0984,0.44931506849315067,0.2732574284920855,0.6081643987781172,10.0,GSI_natural_landform_GeoJSON_rasterized,True
B_830305_60_LF_CLASS::台地・段丘,830305,,60,台地・段丘,33800.0,0.0338,0.154337899543379,0.09386281588447654,0.6081643987781172,10.0,GSI_natural_landform_GeoJSON_rasterized,True
B_830305_60_LF_CLASS::氾濫平野・海岸平野,830305,,60,氾濫平野・海岸平野,81300.0,0.0813,0.37123287671232874,0.22577061927242434,0.6081643987781172,10.0,GSI_natural_landform_GeoJSON_rasterized,True
B_830305_60_LF_CLASS::河川敷・浜,830305,,60,河川敷・浜,300.0,0.0003,0.0013698630136986301,0.0008331019161344071,0.6081643987781172,10.0,GSI_natural_landform_GeoJSON_rasterized,True
B_830305_60_LF_CLASS::水部,830305,,60,水部,5200.0,0.0052,0.023744292237442923,0.01444043321299639,0.6081643987781172,10.0,GSI_natural_landform_GeoJSON_rasterized,True
B_830305_61_LF_CLASS::山地斜面等,830305,,61,山地斜面等,1275600.0,1.2756,0.8277741726151849,0.5502782451145335,0.6647685604589966,10.0,GSI_natural_landform_GeoJSON_rasterized,True
B_830305_61_LF_CLASS::台地・段丘,830305,,61,台地・段丘,93200.0,0.0932,0.060480207657365344,0.040205340580647946,0.6647685604589966,10.0,GSI_natural_landform_GeoJSON_rasterized,True
B_830305_61_LF_CLASS::氾濫平野・海岸平野,830305,,61,氾濫平野・海岸平野,170200.0,0.1702,0.11044776119402985,0.07342219921487425,0.6647685604589966,10.0,GSI_natural_landform_GeoJSON_rasterized,True
B_830305_61_LF_CLASS::水部,830305,,61,水部,2000.0,0.002,0.0012978585334198572,0.000862775548940943,0.6647685604589966,10.0,GSI_natural_landform_GeoJSON_rasterized,True
B_830305_63_LF_CLASS::山地斜面等,830305,,63,山地斜面等,6300.0,0.0063,1.0,0.0013831258644536654,0.0013831258644536654,10.0,GSI_natural_landform_GeoJSON_rasterized,True
B_830305_7_LF_CLASS::水部,830305,,7,水部,16900.0,0.0169,1.0,0.2893835616438356,0.2893835616438356,10.0,GSI_natural_landform_GeoJSON_rasterized,True
B_830305_71_LF_CLASS::山地斜面等,830305,,71,山地斜面等,18800.0,0.0188,0.01635066968168377,0.015920060970446268,0.9736641544584639,10.0,GSI_natural_landform_GeoJSON_rasterized,True
B_830305_71_LF_CLASS::台地・段丘,830305,,71,台地・段丘,787500.0,0.7875,0.6849017220386154,0.6668642560758743,0.9736641544584639,10.0,GSI_natural_landform_GeoJSON_rasterized,True
B_830305_71_LF_CLASS::凹地・浅い谷,830305,,71,凹地・浅い谷,73300.0,0.0733,0.06375021742911811,0.06207130154966551,0.9736641544584639,10.0,GSI_natural_landform_GeoJSON_rasterized,True
B_830305_71_LF_CLASS::氾濫平野・海岸平野,830305,,71,氾濫平野・海岸平野,238000.0,0.238,0.2069925204383371,0.2015411973918198,0.9736641544584639,10.0,GSI_natural_landform_GeoJSON_rasterized,True
B_830305_71_LF_CLASS::旧河道,830305,,71,旧河道,15600.0,0.0156,0.01356757696990781,0.013210263358455415,0.9736641544584639,10.0,GSI_natural_landform_GeoJSON_rasterized,True
B_830305_71_LF_CLASS::水部,830305,,71,水部,16600.0,0.0166,0.014437293442337799,0.014057075112202557,0.9736641544584639,10.0,GSI_natural_landform_GeoJSON_rasterized,True
B_830305_72_LF_CLASS::山地斜面等,830305,,72,山地斜面等,2525900.0,2.5259,0.6461259048934592,0.6445266649655524,0.9975248787956111,10.0,GSI_natural_landform_GeoJSON_rasterized,True
B_830305_72_LF_CLASS::崖・段丘崖,830305,,72,崖・段丘崖,2700.0,0.0027,0.000690660732100376,0.0006889512630773156,0.9975248787956111,10.0,GSI_natural_landform_GeoJSON_rasterized,True
B_830305_72_LF_CLASS::台地・段丘,830305,,72,台地・段丘,615100.0,0.6151,0.1573427467833116,0.15695330441439143,0.9975248787956111,10.0,GSI_natural_landform_GeoJSON_rasterized,True
B_830305_72_LF_CLASS::山麓堆積地形,830305,,72,山麓堆積地形,44100.0,0.0441,0.011280791957639475,0.011252870630262823,0.9975248787956111,10.0,GSI_natural_landform_GeoJSON_rasterized,True
B_830305_72_LF_CLASS::氾濫平野・海岸平野,830305,,72,氾濫平野・海岸平野,701000.0,0.701,0.17931599007494947,0.178872161265629,0.9975248787956111,10.0,GSI_natural_landform_GeoJSON_rasterized,True
B_830305_72_LF_CLASS::水部,830305,,72,水部,20500.0,0.0205,0.005243905558539892,0.005230926256698137,0.9975248787956111,10.0,GSI_natural_landform_GeoJSON_rasterized,True
B_830305_73_LF_CLASS::山地斜面等,830305,,73,山地斜面等,3141200.0,3.1412,0.7346289670010991,0.7057290496517636,0.9606605257245563,10.0,GSI_natural_landform_GeoJSON_rasterized,True
B_830305_73_LF_CLASS::崖・段丘崖,830305,,73,崖・段丘崖,15600.0,0.0156,0.003648354732337052,0.003504830375196585,0.9606605257245563,10.0,GSI_natural_landform_GeoJSON_rasterized,True
B_830305_73_LF_CLASS::台地・段丘,830305,,73,台地・段丘,790800.0,0.7908,0.1849435206623167,0.1776679397888115,0.9606605257245563,10.0,GSI_natural_landform_GeoJSON_rasterized,True
B_830305_73_LF_CLASS::山麓堆積地形,830305,,73,山麓堆積地形,4800.0,0.0048,0.001122570686872939,0.001078409346214334,0.9606605257245563,10.0,GSI_natural_landform_GeoJSON_rasterized,True
B_830305_73_LF_CLASS::氾濫平野・海岸平野,830305,,73,氾濫平野・海岸平野,312800.0,0.3128,0.07315418976121986,0.07027634239496743,0.9606605257245563,10.0,GSI_natural_landform_GeoJSON_rasterized,True
B_830305_73_LF_CLASS::水部,830305,,73,水部,10700.0,0.0107,0.00250239715615426,0.002403954167602786,0.9606605257245563,10.0,GSI_natural_landform_GeoJSON_rasterized,True
B_830305_74_LF_CLASS::山地斜面等,830305,,74,山地斜面等,2459500.0,2.4595,0.8558354791565175,0.2068579791081431,0.24170297229558108,10.0,GSI_natural_landform_GeoJSON_rasterized,True
B_830305_74_LF_CLASS::台地・段丘,830305,,74,台地・段丘,255200.0,0.2552,0.08880228269190618,0.021463775673266162,0.24170297229558108,10.0,GSI_natural_landform_GeoJSON_rasterized,True
B_830305_74_LF_CLASS::扇状地,830305,,74,扇状地,39800.0,0.0398,0.013849258821073143,0.003347407021144174,0.24170297229558108,10.0,GSI_natural_landform_GeoJSON_rasterized,True
B_830305_74_LF_CLASS::氾濫平野・海岸平野,830305,,74,氾濫平野・海岸平野,110100.0,0.1101,0.038311643120606864,0.00926003801577823,0.24170297229558108,10.0,GSI_natural_landform_GeoJSON_rasterized,True
B_830305_74_LF_CLASS::水部,830305,,74,水部,9200.0,0.0092,0.0032013362098963047,0.000773772477249407,0.24170297229558108,10.0,GSI_natural_landform_GeoJSON_rasterized,True
B_830305_75_LF_CLASS::山地斜面等,830305,,75,山地斜面等,2368400.0,2.3684,0.5296775059265555,0.1715076071922545,0.3237962822156083,10.0,GSI_natural_landform_GeoJSON_rasterized,True
B_830305_75_LF_CLASS::崖・段丘崖,830305,,75,崖・段丘崖,2800.0,0.0028,0.0006262020843583665,0.0002027619068309038,0.3237962822156083,10.0,GSI_natural_landform_GeoJSON_rasterized,True
B_830305_75_LF_CLASS::台地・段丘,830305,,75,台地・段丘,951300.0,0.9513,0.21275215816075502,0.06888835784579957,0.3237962822156083,10.0,GSI_natural_landform_GeoJSON_rasterized,True
B_830305_75_LF_CLASS::山麓堆積地形,830305,,75,山麓堆積地形,24900.0,0.0249,0.005568725678758331,0.0018031326714605374,0.3237962822156083,10.0,GSI_natural_landform_GeoJSON_rasterized,True
B_830305_75_LF_CLASS::扇状地,830305,,75,扇状地,90500.0,0.0905,0.020239745940868633,0.006553554488641713,0.3237962822156083,10.0,GSI_natural_landform_GeoJSON_rasterized,True
B_830305_75_LF_CLASS::氾濫平野・海岸平野,830305,,75,氾濫平野・海岸平野,934800.0,0.9348,0.2090620387350718,0.06769351089483175,0.3237962822156083,10.0,GSI_natural_landform_GeoJSON_rasterized,True
B_830305_75_LF_CLASS::河川敷・浜,830305,,75,河川敷・浜,23600.0,0.0236,0.005277988996734803,0.0017089932147176178,0.3237962822156083,10.0,GSI_natural_landform_GeoJSON_rasterized,True
B_830305_75_LF_CLASS::水部,830305,,75,水部,36900.0,0.0369,0.008252448897437044,0.0026721122721644107,0.3237962822156083,10.0,GSI_natural_landform_GeoJSON_rasterized,True
B_830305_75_LF_CLASS::旧水部,830305,,75,旧水部,38200.0,0.0382,0.008543185579460572,0.0027662517289073307,0.3237962822156083,10.0,GSI_natural_landform_GeoJSON_rasterized,True
B_830305_76_LF_CLASS::山地斜面等,830305,,76,山地斜面等,476400.0,0.4764,0.61829980532122,0.06739093532507215,0.10899394556668364,10.0,GSI_natural_landform_GeoJSON_rasterized,True
B_830305_76_LF_CLASS::台地・段丘,830305,,76,台地・段丘,13600.0,0.0136,0.01765087605451006,0.001923838623889549,0.10899394556668364,10.0,GSI_natural_landform_GeoJSON_rasterized,True
B_830305_76_LF_CLASS::扇状地,830305,,76,扇状地,30100.0,0.0301,0.039065541855937705,0.004257907542579075,0.10899394556668364,10.0,GSI_natural_landform_GeoJSON_rasterized,True
B_830305_76_LF_CLASS::氾濫平野・海岸平野,830305,,76,氾濫平野・海岸平野,207300.0,0.2073,0.2690460739779364,0.02932439314208114,0.10899394556668364,10.0,GSI_natural_landform_GeoJSON_rasterized,True
B_830305_76_LF_CLASS::水部,830305,,76,水部,43100.0,0.0431,0.055937702790395845,0.006096870933061733,0.10899394556668364,10.0,GSI_natural_landform_GeoJSON_rasterized,True
B_830305_8_LF_CLASS::山地斜面等,830305,,8,山地斜面等,282700.0,0.2827,0.05261492648427322,0.052510355331834985,0.9980125192711332,10.0,GSI_natural_landform_GeoJSON_rasterized,True
B_830305_8_LF_CLASS::崖・段丘崖,830305,,8,崖・段丘崖,215400.0,0.2154,0.0400893355667225,0.04000965878485057,0.9980125192711332,10.0,GSI_natural_landform_GeoJSON_rasterized,True
B_830305_8_LF_CLASS::台地・段丘,830305,,8,台地・段丘,3234900.0,3.2349,0.6020658849804579,0.600869290636551,0.9980125192711332,10.0,GSI_natural_landform_GeoJSON_rasterized,True
B_830305_8_LF_CLASS::山麓堆積地形,830305,,8,山麓堆積地形,24800.0,0.0248,0.004615670947329239,0.004606497390270632,0.9980125192711332,10.0,GSI_natural_landform_GeoJSON_rasterized,True
B_830305_8_LF_CLASS::自然堤防,830305,,8,自然堤防,17900.0,0.0179,0.0033314721756932814,0.003324850938945335,0.9980125192711332,10.0,GSI_natural_landform_GeoJSON_rasterized,True
B_830305_8_LF_CLASS::凹地・浅い谷,830305,,8,凹地・浅い谷,226300.0,0.2263,0.042117997394379304,0.042034288686219515,0.9980125192711332,10.0,GSI_natural_landform_GeoJSON_rasterized,True
B_830305_8_LF_CLASS::氾濫平野・海岸平野,830305,,8,氾濫平野・海岸平野,1265600.0,1.2656,0.23554811092499534,0.23507996359381095,0.9980125192711332,10.0,GSI_natural_landform_GeoJSON_rasterized,True
B_830305_8_LF_CLASS::旧河道,830305,,8,旧河道,66600.0,0.0666,0.012395309882747068,0.012370674443226776,0.9980125192711332,10.0,GSI_natural_landform_GeoJSON_rasterized,True
B_830305_8_LF_CLASS::水部,830305,,8,水部,38800.0,0.0388,0.0072212916434021964,0.007206939465423408,0.9980125192711332,10.0,GSI_natural_landform_GeoJSON_rasterized,True
B_830305_9_LF_CLASS::崖・段丘崖,830305,,9,崖・段丘崖,2200.0,0.0022,0.023835319609967497,0.023630504833512353,0.99140708915145,10.0,GSI_natural_landform_GeoJSON_rasterized,True
B_830305_9_LF_CLASS::台地・段丘,830305,,9,台地・段丘,2600.0,0.0026,0.028169014084507043,0.027926960257787327,0.99140708915145,10.0,GSI_natural_landform_GeoJSON_rasterized,True
B_830305_9_LF_CLASS::自然堤防,830305,,9,自然堤防,6800.0,0.0068,0.07367280606717226,0.07303974221267455,0.99140708915145,10.0,GSI_natural_landform_GeoJSON_rasterized,True
B_830305_9_LF_CLASS::氾濫平野・海岸平野,830305,,9,氾濫平野・海岸平野,71400.0,0.0714,0.7735644637053087,0.7669172932330827,0.99140708915145,10.0,GSI_natural_landform_GeoJSON_rasterized,True
B_830305_9_LF_CLASS::旧河道,830305,,9,旧河道,2300.0,0.0023,0.024918743228602384,0.024704618689581095,0.99140708915145,10.0,GSI_natural_landform_GeoJSON_rasterized,True
B_830305_9_LF_CLASS::水部,830305,,9,水部,7000.0,0.007,0.07583965330444203,0.07518796992481203,0.99140708915145,10.0,GSI_natural_landform_GeoJSON_rasterized,True
B_830306_16_LF_CLASS::山地斜面等,830306,,16,山地斜面等,8117500.0,8.1175,0.42989085247342806,0.4298749165934101,0.9999629304044823,10.0,GSI_natural_landform_GeoJSON_rasterized,True
B_830306_16_LF_CLASS::崖・段丘崖,830306,,16,崖・段丘崖,472600.0,0.4726,0.02502820041625403,0.025027272630988064,0.9999629304044823,10.0,GSI_natural_landform_GeoJSON_rasterized,True
B_830306_16_LF_CLASS::台地・段丘,830306,,16,台地・段丘,5775500.0,5.7755,0.3058619794838662,0.30585064130400247,0.9999629304044823,10.0,GSI_natural_landform_GeoJSON_rasterized,True
B_830306_16_LF_CLASS::山麓堆積地形,830306,,16,山麓堆積地形,341400.0,0.3414,0.01808004151948609,0.01807937129966002,0.9999629304044823,10.0,GSI_natural_landform_GeoJSON_rasterized,True
B_830306_16_LF_CLASS::自然堤防,830306,,16,自然堤防,139500.0,0.1395,0.007387714680633596,0.007387440821038584,0.9999629304044823,10.0,GSI_natural_landform_GeoJSON_rasterized,True
B_830306_16_LF_CLASS::凹地・浅い谷,830306,,16,凹地・浅い谷,104200.0,0.1042,0.005518278636000148,0.005518074075643157,0.9999629304044823,10.0,GSI_natural_landform_GeoJSON_rasterized,True
B_830306_16_LF_CLASS::氾濫平野・海岸平野,830306,,16,氾濫平野・海岸平野,3733100.0,3.7331,0.19769948153600916,0.19769215289619455,0.9999629304044823,10.0,GSI_natural_landform_GeoJSON_rasterized,True
B_830306_16_LF_CLASS::旧河道,830306,,16,旧河道,48700.0,0.0487,0.0025790803221996854,0.0025789847167353337,0.9999629304044823,10.0,GSI_natural_landform_GeoJSON_rasterized,True
B_830306_16_LF_CLASS::水部,830306,,16,水部,150200.0,0.1502,0.007954370932123055,0.007954076066810003,0.9999629304044823,10.0,GSI_natural_landform_GeoJSON_rasterized,True
B_830306_17_LF_CLASS::山地斜面等,830306,,17,山地斜面等,1019900.0,1.0199,0.7103357013511631,0.7102862316317292,0.9999303572672191,10.0,GSI_natural_landform_GeoJSON_rasterized,True
B_830306_17_LF_CLASS::崖・段丘崖,830306,,17,崖・段丘崖,5500.0,0.0055,0.0038306170775874076,0.0038303503029458877,0.9999303572672191,10.0,GSI_natural_landform_GeoJSON_rasterized,True
B_830306_17_LF_CLASS::台地・段丘,830306,,17,台地・段丘,46100.0,0.0461,0.032107535868505364,0.032105299811964624,0.9999303572672191,10.0,GSI_natural_landform_GeoJSON_rasterized,True
B_830306_17_LF_CLASS::山麓堆積地形,830306,,17,山麓堆積地形,26300.0,0.0263,0.018317314389190695,0.018316038721359427,0.9999303572672191,10.0,GSI_natural_landform_GeoJSON_rasterized,True
B_830306_17_LF_CLASS::自然堤防,830306,,17,自然堤防,1000.0,0.001,0.0006964758322886195,0.0006964273278083432,0.9999303572672191,10.0,GSI_natural_landform_GeoJSON_rasterized,True
B_830306_17_LF_CLASS::氾濫平野・海岸平野,830306,,17,氾濫平野・海岸平野,314800.0,0.3148,0.21925059200445746,0.21923532279406643,0.9999303572672191,10.0,GSI_natural_landform_GeoJSON_rasterized,True
B_830306_17_LF_CLASS::旧河道,830306,,17,旧河道,8700.0,0.0087,0.00605933974091099,0.006058917751932586,0.9999303572672191,10.0,GSI_natural_landform_GeoJSON_rasterized,True
B_830306_17_LF_CLASS::水部,830306,,17,水部,13500.0,0.0135,0.009402423735896365,0.009401768925412633,0.9999303572672191,10.0,GSI_natural_landform_GeoJSON_rasterized,True
B_830306_18_LF_CLASS::氾濫平野・海岸平野,830306,,18,氾濫平野・海岸平野,49300.0,0.0493,0.9499036608863198,0.9499036608863198,1.0,10.0,GSI_natural_landform_GeoJSON_rasterized,True
B_830306_18_LF_CLASS::旧河道,830306,,18,旧河道,2300.0,0.0023,0.04431599229287091,0.04431599229287091,1.0,10.0,GSI_natural_landform_GeoJSON_rasterized,True
B_830306_18_LF_CLASS::水部,830306,,18,水部,300.0,0.0003,0.005780346820809248,0.005780346820809248,1.0,10.0,GSI_natural_landform_GeoJSON_rasterized,True
B_830306_19_LF_CLASS::山地斜面等,830306,,19,山地斜面等,1727700.0,1.7277,0.8003798758454553,0.8003798758454553,1.0,10.0,GSI_natural_landform_GeoJSON_rasterized,True
B_830306_19_LF_CLASS::台地・段丘,830306,,19,台地・段丘,70100.0,0.0701,0.032474752154174,0.032474752154174,1.0,10.0,GSI_natural_landform_GeoJSON_rasterized,True
B_830306_19_LF_CLASS::山麓堆積地形,830306,,19,山麓堆積地形,23400.0,0.0234,0.010840359492263503,0.010840359492263503,1.0,10.0,GSI_natural_landform_GeoJSON_rasterized,True
B_830306_19_LF_CLASS::氾濫平野・海岸平野,830306,,19,氾濫平野・海岸平野,329100.0,0.3291,0.15245992773093672,0.15245992773093672,1.0,10.0,GSI_natural_landform_GeoJSON_rasterized,True
B_830306_19_LF_CLASS::水部,830306,,19,水部,8300.0,0.0083,0.0038450847771703883,0.0038450847771703883,1.0,10.0,GSI_natural_landform_GeoJSON_rasterized,True
B_830306_20_LF_CLASS::山地斜面等,830306,,20,山地斜面等,17268300.0,17.2683,0.6549234077574535,0.6528781262405716,0.9968770676194257,10.0,GSI_natural_landform_GeoJSON_rasterized,True
B_830306_20_LF_CLASS::崖・段丘崖,830306,,20,崖・段丘崖,159500.0,0.1595,0.006049251144427293,0.0060303597421501355,0.9968770676194257,10.0,GSI_natural_landform_GeoJSON_rasterized,True
B_830306_20_LF_CLASS::台地・段丘,830306,,20,台地・段丘,1641000.0,1.641,0.062237123059593655,0.06204276073271706,0.9968770676194257,10.0,GSI_natural_landform_GeoJSON_rasterized,True
B_830306_20_LF_CLASS::山麓堆積地形,830306,,20,山麓堆積地形,885800.0,0.8858,0.03359515149676299,0.033490236110323444,0.9968770676194257,10.0,GSI_natural_landform_GeoJSON_rasterized,True
B_830306_20_LF_CLASS::凹地・浅い谷,830306,,20,凹地・浅い谷,44000.0,0.044,0.001668758936393736,0.0016635475150758993,0.9968770676194257,10.0,GSI_natural_landform_GeoJSON_rasterized,True
B_830306_20_LF_CLASS::氾濫平野・海岸平野,830306,,20,氾濫平野・海岸平野,6028600.0,6.0286,0.22864273008961994,0.22792869430424015,0.9968770676194257,10.0,GSI_natural_landform_GeoJSON_rasterized,True
B_830306_20_LF_CLASS::旧河道,830306,,20,旧河道,73500.0,0.0735,0.0027875859505668093,0.00277888050813815,0.9968770676194257,10.0,GSI_natural_landform_GeoJSON_rasterized,True
B_830306_20_LF_CLASS::水部,830306,,20,水部,266200.0,0.2662,0.010095991565182103,0.01006446246620919,0.9968770676194257,10.0,GSI_natural_landform_GeoJSON_rasterized,True
B_830306_21_LF_CLASS::山地斜面等,830306,,21,山地斜面等,3053500.0,3.0535,0.6777723519488591,0.6777422648377502,0.9999556088249656,10.0,GSI_natural_landform_GeoJSON_rasterized,True
B_830306_21_LF_CLASS::台地・段丘,830306,,21,台地・段丘,179600.0,0.1796,0.03986504483707715,0.03986327518089404,0.9999556088249656,10.0,GSI_natural_landform_GeoJSON_rasterized,True
B_830306_21_LF_CLASS::山麓堆積地形,830306,,21,山麓堆積地形,139600.0,0.1396,0.03098641569741632,0.030985040174013406,0.9999556088249656,10.0,GSI_natural_landform_GeoJSON_rasterized,True
B_830306_21_LF_CLASS::氾濫平野・海岸平野,830306,,21,氾濫平野・海岸平野,1083200.0,1.0832,0.24043327710201545,0.2404226039863275,0.9999556088249656,10.0,GSI_natural_landform_GeoJSON_rasterized,True
B_830306_21_LF_CLASS::旧河道,830306,,21,旧河道,14100.0,0.0141,0.003129716771730445,0.0031295778399254228,0.9999556088249656,10.0,GSI_natural_landform_GeoJSON_rasterized,True
B_830306_21_LF_CLASS::水部,830306,,21,水部,35200.0,0.0352,0.007813193642901535,0.007812846806054955,0.9999556088249656,10.0,GSI_natural_landform_GeoJSON_rasterized,True
B_unknown_0_LF_CLASS::山地斜面等,unknown,,0,山地斜面等,21245400.0,21.2454,0.11575490171506905,0.11517981157382158,0.9950318290394038,10.0,GSI_natural_landform_GeoJSON_rasterized,True
B_unknown_0_LF_CLASS::崖・段丘崖,unknown,,0,崖・段丘崖,1141100.0,1.1411,0.0062172478911701025,0.006186359540742363,0.9950318290394038,10.0,GSI_natural_landform_GeoJSON_rasterized,True
B_unknown_0_LF_CLASS::台地・段丘,unknown,,0,台地・段丘,53481100.0,53.4811,0.2913901114647773,0.2899424355747931,0.9950318290394038,10.0,GSI_natural_landform_GeoJSON_rasterized,True
B_unknown_0_LF_CLASS::自然堤防,unknown,,0,自然堤防,53900.0,0.0539,0.0002936724750977728,0.00029221346003506564,0.9950318290394038,10.0,GSI_natural_landform_GeoJSON_rasterized,True
B_unknown_0_LF_CLASS::砂州・砂丘,unknown,,0,砂州・砂丘,4070300.0,4.0703,0.02217690306846873,0.022066724422648006,0.9950318290394038,10.0,GSI_natural_landform_GeoJSON_rasterized,True
B_unknown_0_LF_CLASS::凹地・浅い谷,unknown,,0,凹地・浅い谷,4256300.0,4.2563,0.023190318288657703,0.02307510482276901,0.9950318290394038,10.0,GSI_natural_landform_GeoJSON_rasterized,True
B_unknown_0_LF_CLASS::氾濫平野・海岸平野,unknown,,0,氾濫平野・海岸平野,28105000.0,28.105,0.15312921915812439,0.15236844701828423,0.9950318290394038,10.0,GSI_natural_landform_GeoJSON_rasterized,True
B_unknown_0_LF_CLASS::後背低地・湿地,unknown,,0,後背低地・湿地,1597200.0,1.5972,0.00870229456820339,0.008659060081039087,0.9950318290394038,10.0,GSI_natural_landform_GeoJSON_rasterized,True
B_unknown_0_LF_CLASS::旧河道,unknown,,0,旧河道,219100.0,0.2191,0.0011937595416312062,0.0011878287401425394,0.9950318290394038,10.0,GSI_natural_landform_GeoJSON_rasterized,True
B_unknown_0_LF_CLASS::水部,unknown,,0,水部,6705600.0,6.7056,0.036535253228490265,0.03635373984436245,0.9950318290394038,10.0,GSI_natural_landform_GeoJSON_rasterized,True
B_unknown_0_LF_CLASS::旧水部,unknown,,0,旧水部,62662800.0,62.6628,0.34141631860031013,0.3397201039607664,0.9950318290394038,10.0,GSI_natural_landform_GeoJSON_rasterized,True
