landscape_code,basin_id,class_id,watersystem_code,watersystem_name,unit_basin_code,basin_unit_id,gsi_landform_class,landform_unit_id,landscape_unit_id,available_cell_count,available_area_m2,available_area_km2,basin_cell_count,basin_grid_area_m2,landform_known_cell_count,landform_known_area_m2,landform_coverage_ratio,available_share_known,available_share_basin,resolution_m
1017,1,17,120000,,10,B_120000_10,旧水部,LF_CLASS::旧水部,B_120000_10_LF_CLASS::旧水部,207,20700.0,0.0207,207,20700.0,207,20700.0,1.0,1.0,1.0,10.0
2017,2,17,120000,,11,B_120000_11,旧水部,LF_CLASS::旧水部,B_120000_11_LF_CLASS::旧水部,108,10800.0,0.0108,108,10800.0,108,10800.0,1.0,1.0,1.0,10.0
3016,3,16,120000,,12,B_120000_12,水部,LF_CLASS::水部,B_120000_12_LF_CLASS::水部,5,500.0,0.0005,522,52200.0,522,52200.0,1.0,0.009578544061302681,0.009578544061302681,10.0
3017,3,17,120000,,12,B_120000_12,旧水部,LF_CLASS::旧水部,B_120000_12_LF_CLASS::旧水部,517,51700.0,0.0517,522,52200.0,522,52200.0,1.0,0.9904214559386973,0.9904214559386973,10.0
4016,4,16,120000,,13,B_120000_13,水部,LF_CLASS::水部,B_120000_13_LF_CLASS::水部,24,2400.0,0.0024,209,20900.0,209,20900.0,1.0,0.11483253588516747,0.11483253588516747,10.0
4017,4,17,120000,,13,B_120000_13,旧水部,LF_CLASS::旧水部,B_120000_13_LF_CLASS::旧水部,185,18500.0,0.0185,209,20900.0,209,20900.0,1.0,0.8851674641148325,0.8851674641148325,10.0
5016,5,16,120000,,14,B_120000_14,水部,LF_CLASS::水部,B_120000_14_LF_CLASS::水部,22,2200.0,0.0022,99,9900.0,99,9900.0,1.0,0.2222222222222222,0.2222222222222222,10.0
5017,5,17,120000,,14,B_120000_14,旧水部,LF_CLASS::旧水部,B_120000_14_LF_CLASS::旧水部,77,7700.0,0.0077,99,9900.0,99,9900.0,1.0,0.7777777777777778,0.7777777777777778,10.0
6016,6,16,120000,,15,B_120000_15,水部,LF_CLASS::水部,B_120000_15_LF_CLASS::水部,54,5400.0,0.0054,108,10800.0,108,10800.0,1.0,0.5,0.5,10.0
6017,6,17,120000,,15,B_120000_15,旧水部,LF_CLASS::旧水部,B_120000_15_LF_CLASS::旧水部,54,5400.0,0.0054,108,10800.0,108,10800.0,1.0,0.5,0.5,10.0
7016,7,16,120000,,16,B_120000_16,水部,LF_CLASS::水部,B_120000_16_LF_CLASS::水部,44,4400.0,0.0044,209,20900.0,209,20900.0,1.0,0.21052631578947367,0.21052631578947367,10.0
7017,7,17,120000,,16,B_120000_16,旧水部,LF_CLASS::旧水部,B_120000_16_LF_CLASS::旧水部,165,16500.0,0.0165,209,20900.0,209,20900.0,1.0,0.7894736842105263,0.7894736842105263,10.0
8001,8,1,120000,,2,B_120000_2,山地斜面等,LF_CLASS::山地斜面等,B_120000_2_LF_CLASS::山地斜面等,49,4900.0,0.0049,110,11000.0,110,11000.0,1.0,0.44545454545454544,0.44545454545454544,10.0
8004,8,4,120000,,2,B_120000_2,台地・段丘,LF_CLASS::台地・段丘,B_120000_2_LF_CLASS::台地・段丘,59,5900.0,0.0059,110,11000.0,110,11000.0,1.0,0.5363636363636364,0.5363636363636364,10.0
8010,8,10,120000,,2,B_120000_2,凹地・浅い谷,LF_CLASS::凹地・浅い谷,B_120000_2_LF_CLASS::凹地・浅い谷,2,200.0,0.0002,110,11000.0,110,11000.0,1.0,0.01818181818181818,0.01818181818181818,10.0
9004,9,4,120000,,3,B_120000_3,台地・段丘,LF_CLASS::台地・段丘,B_120000_3_LF_CLASS::台地・段丘,110,11000.0,0.011,110,11000.0,110,11000.0,1.0,1.0,1.0,10.0
10001,10,1,120000,,4,B_120000_4,山地斜面等,LF_CLASS::山地斜面等,B_120000_4_LF_CLASS::山地斜面等,34,3400.0,0.0034,207,20700.0,207,20700.0,1.0,0.1642512077294686,0.1642512077294686,10.0
10004,10,4,120000,,4,B_120000_4,台地・段丘,LF_CLASS::台地・段丘,B_120000_4_LF_CLASS::台地・段丘,173,17300.0,0.0173,207,20700.0,207,20700.0,1.0,0.8357487922705314,0.8357487922705314,10.0
11009,11,9,120000,,5,B_120000_5,砂州・砂丘,LF_CLASS::砂州・砂丘,B_120000_5_LF_CLASS::砂州・砂丘,35,3500.0,0.0035,99,9900.0,99,9900.0,1.0,0.35353535353535354,0.35353535353535354,10.0
11011,11,11,120000,,5,B_120000_5,氾濫平野・海岸平野,LF_CLASS::氾濫平野・海岸平野,B_120000_5_LF_CLASS::氾濫平野・海岸平野,64,6400.0,0.0064,99,9900.0,99,9900.0,1.0,0.6464646464646465,0.6464646464646465,10.0
12004,12,4,120000,,6,B_120000_6,台地・段丘,LF_CLASS::台地・段丘,B_120000_6_LF_CLASS::台地・段丘,219,21900.0,0.0219,219,21900.0,219,21900.0,1.0,1.0,1.0,10.0
13011,13,11,120000,,7,B_120000_7,氾濫平野・海岸平野,LF_CLASS::氾濫平野・海岸平野,B_120000_7_LF_CLASS::氾濫平野・海岸平野,99,9900.0,0.0099,99,9900.0,99,9900.0,1.0,1.0,1.0,10.0
14017,14,17,120000,,8,B_120000_8,旧水部,LF_CLASS::旧水部,B_120000_8_LF_CLASS::旧水部,110,11000.0,0.011,110,11000.0,110,11000.0,1.0,1.0,1.0,10.0
15002,15,2,130000,,1,B_130000_1,崖・段丘崖,LF_CLASS::崖・段丘崖,B_130000_1_LF_CLASS::崖・段丘崖,1635,163500.0,0.1635,35400,3540000.0,35400,3540000.0,1.0,0.0461864406779661,0.0461864406779661,10.0
15004,15,4,130000,,1,B_130000_1,台地・段丘,LF_CLASS::台地・段丘,B_130000_1_LF_CLASS::台地・段丘,23842,2384200.0,2.3842,35400,3540000.0,35400,3540000.0,1.0,0.673502824858757,0.673502824858757,10.0
15005,15,5,130000,,1,B_130000_1,山麓堆積地形,LF_CLASS::山麓堆積地形,B_130000_1_LF_CLASS::山麓堆積地形,144,14400.0,0.0144,35400,3540000.0,35400,3540000.0,1.0,0.004067796610169492,0.004067796610169492,10.0
15009,15,9,130000,,1,B_130000_1,砂州・砂丘,LF_CLASS::砂州・砂丘,B_130000_1_LF_CLASS::砂州・砂丘,204,20400.0,0.0204,35400,3540000.0,35400,3540000.0,1.0,0.00576271186440678,0.00576271186440678,10.0
15010,15,10,130000,,1,B_130000_1,凹地・浅い谷,LF_CLASS::凹地・浅い谷,B_130000_1_LF_CLASS::凹地・浅い谷,2071,207100.0,0.2071,35400,3540000.0,35400,3540000.0,1.0,0.05850282485875706,0.05850282485875706,10.0
15011,15,11,130000,,1,B_130000_1,氾濫平野・海岸平野,LF_CLASS::氾濫平野・海岸平野,B_130000_1_LF_CLASS::氾濫平野・海岸平野,7408,740800.0,0.7408,35400,3540000.0,35400,3540000.0,1.0,0.20926553672316384,0.20926553672316384,10.0
15016,15,16,130000,,1,B_130000_1,水部,LF_CLASS::水部,B_130000_1_LF_CLASS::水部,96,9600.0,0.0096,35400,3540000.0,35400,3540000.0,1.0,0.002711864406779661,0.002711864406779661,10.0
16016,16,16,130000,,10,B_130000_10,水部,LF_CLASS::水部,B_130000_10_LF_CLASS::水部,547,54700.0,0.0547,12147,1214700.0,12143,1214300.0,0.9996707005845065,0.0450465288643663,0.04503169506874125,10.0
16017,16,17,130000,,10,B_130000_10,旧水部,LF_CLASS::旧水部,B_130000_10_LF_CLASS::旧水部,11596,1159600.0,1.1596,12147,1214700.0,12143,1214300.0,0.9996707005845065,0.9549534711356337,0.9546390055157652,10.0
17016,17,16,130000,,11,B_130000_11,水部,LF_CLASS::水部,B_130000_11_LF_CLASS::水部,14,1400.0,0.0014,10881,1088100.0,10881,1088100.0,1.0,0.0012866464479367706,0.0012866464479367706,10.0
17017,17,17,130000,,11,B_130000_11,旧水部,LF_CLASS::旧水部,B_130000_11_LF_CLASS::旧水部,10867,1086700.0,1.0867,10881,1088100.0,10881,1088100.0,1.0,0.9987133535520633,0.9987133535520633,10.0
18016,18,16,130000,,12,B_130000_12,水部,LF_CLASS::水部,B_130000_12_LF_CLASS::水部,355,35500.0,0.0355,7452,745200.0,7452,745200.0,1.0,0.047638217928073004,0.047638217928073004,10.0
18017,18,17,130000,,12,B_130000_12,旧水部,LF_CLASS::旧水部,B_130000_12_LF_CLASS::旧水部,7097,709700.0,0.7097,7452,745200.0,7452,745200.0,1.0,0.952361782071927,0.952361782071927,10.0
19016,19,16,130000,,13,B_130000_13,水部,LF_CLASS::水部,B_130000_13_LF_CLASS::水部,248,24800.0,0.0248,6145,614500.0,6145,614500.0,1.0,0.0403580146460537,0.0403580146460537,10.0
19017,19,17,130000,,13,B_130000_13,旧水部,LF_CLASS::旧水部,B_130000_13_LF_CLASS::旧水部,5897,589700.0,0.5897,6145,614500.0,6145,614500.0,1.0,0.9596419853539463,0.9596419853539463,10.0
20016,20,16,130000,,14,B_130000_14,水部,LF_CLASS::水部,B_130000_14_LF_CLASS::水部,303,30300.0,0.0303,8362,836200.0,8362,836200.0,1.0,0.03623535039464243,0.03623535039464243,10.0
20017,20,17,130000,,14,B_130000_14,旧水部,LF_CLASS::旧水部,B_130000_14_LF_CLASS::旧水部,8059,805900.0,0.8059,8362,836200.0,8362,836200.0,1.0,0.9637646496053576,0.9637646496053576,10.0
21016,21,16,130000,,15,B_130000_15,水部,LF_CLASS::水部,B_130000_15_LF_CLASS::水部,316,31600.0,0.0316,4371,437100.0,4371,437100.0,1.0,0.07229466941203386,0.07229466941203386,10.0
21017,21,17,130000,,15,B_130000_15,旧水部,LF_CLASS::旧水部,B_130000_15_LF_CLASS::旧水部,4055,405500.0,0.4055,4371,437100.0,4371,437100.0,1.0,0.9277053305879661,0.9277053305879661,10.0
22016,22,16,130000,,16,B_130000_16,水部,LF_CLASS::水部,B_130000_16_LF_CLASS::水部,646,64600.0,0.0646,7330,733000.0,7330,733000.0,1.0,0.08813096862210096,0.08813096862210096,10.0
22017,22,17,130000,,16,B_130000_16,旧水部,LF_CLASS::旧水部,B_130000_16_LF_CLASS::旧水部,6684,668400.0,0.6684,7330,733000.0,7330,733000.0,1.0,0.9118690313778991,0.9118690313778991,10.0
23016,23,16,130000,,17,B_130000_17,水部,LF_CLASS::水部,B_130000_17_LF_CLASS::水部,287,28700.0,0.0287,5022,502200.0,5022,502200.0,1.0,0.05714854639585822,0.05714854639585822,10.0
23017,23,17,130000,,17,B_130000_17,旧水部,LF_CLASS::旧水部,B_130000_17_LF_CLASS::旧水部,4735,473500.0,0.4735,5022,502200.0,5022,502200.0,1.0,0.9428514536041418,0.9428514536041418,10.0
24016,24,16,130000,,18,B_130000_18,水部,LF_CLASS::水部,B_130000_18_LF_CLASS::水部,193,19300.0,0.0193,3227,322700.0,3227,322700.0,1.0,0.05980787108769755,0.05980787108769755,10.0
24017,24,17,130000,,18,B_130000_18,旧水部,LF_CLASS::旧水部,B_130000_18_LF_CLASS::旧水部,3034,303400.0,0.3034,3227,322700.0,3227,322700.0,1.0,0.9401921289123024,0.9401921289123024,10.0
25016,25,16,130000,,19,B_130000_19,水部,LF_CLASS::水部,B_130000_19_LF_CLASS::水部,2115,211500.0,0.2115,9596,959600.0,9596,959600.0,1.0,0.22040433513964153,0.22040433513964153,10.0
25017,25,17,130000,,19,B_130000_19,旧水部,LF_CLASS::旧水部,B_130000_19_LF_CLASS::旧水部,7481,748100.0,0.7481,9596,959600.0,9596,959600.0,1.0,0.7795956648603585,0.7795956648603585,10.0
26001,26,1,130000,,2,B_130000_2,山地斜面等,LF_CLASS::山地斜面等,B_130000_2_LF_CLASS::山地斜面等,9799,979900.0,0.9799,85955,8595500.0,85955,8595500.0,1.0,0.11400151241928916,0.11400151241928916,10.0
26004,26,4,130000,,2,B_130000_2,台地・段丘,LF_CLASS::台地・段丘,B_130000_2_LF_CLASS::台地・段丘,52832,5283200.0,5.2832,85955,8595500.0,85955,8595500.0,1.0,0.6146471991158164,0.6146471991158164,10.0
26010,26,10,130000,,2,B_130000_2,凹地・浅い谷,LF_CLASS::凹地・浅い谷,B_130000_2_LF_CLASS::凹地・浅い谷,11404,1140400.0,1.1404,85955,8595500.0,85955,8595500.0,1.0,0.1326740736431854,0.1326740736431854,10.0
26011,26,11,130000,,2,B_130000_2,氾濫平野・海岸平野,LF_CLASS::氾濫平野・海岸平野,B_130000_2_LF_CLASS::氾濫平野・海岸平野,11765,1176500.0,1.1765,85955,8595500.0,85955,8595500.0,1.0,0.13687394566924554,0.13687394566924554,10.0
26016,26,16,130000,,2,B_130000_2,水部,LF_CLASS::水部,B_130000_2_LF_CLASS::水部,155,15500.0,0.0155,85955,8595500.0,85955,8595500.0,1.0,0.0018032691524634983,0.0018032691524634983,10.0
27001,27,1,130000,,3,B_130000_3,山地斜面等,LF_CLASS::山地斜面等,B_130000_3_LF_CLASS::山地斜面等,5593,559300.0,0.5593,107935,10793500.0,107934,10793400.0,0.9999907351646824,0.05181870402282877,0.05181822393106963,10.0
27004,27,4,130000,,3,B_130000_3,台地・段丘,LF_CLASS::台地・段丘,B_130000_3_LF_CLASS::台地・段丘,61508,6150800.0,6.1508,107935,10793500.0,107934,10793400.0,0.9999907351646824,0.5698667704337836,0.5698614907120026,10.0
27010,27,10,130000,,3,B_130000_3,凹地・浅い谷,LF_CLASS::凹地・浅い谷,B_130000_3_LF_CLASS::凹地・浅い谷,38336,3833600.0,3.8336,107935,10793500.0,107934,10793400.0,0.9999907351646824,0.3551800174180518,0.35517672673368234,10.0
27011,27,11,130000,,3,B_130000_3,氾濫平野・海岸平野,LF_CLASS::氾濫平野・海岸平野,B_130000_3_LF_CLASS::氾濫平野・海岸平野,2411,241100.0,0.2411,107935,10793500.0,107934,10793400.0,0.9999907351646824,0.02233772490596105,0.02233751795061843,10.0
27016,27,16,130000,,3,B_130000_3,水部,LF_CLASS::水部,B_130000_3_LF_CLASS::水部,86,8600.0,0.0086,107935,10793500.0,107934,10793400.0,0.9999907351646824,0.0007967832193748032,0.0007967758373094918,10.0
28001,28,1,130000,,4,B_130000_4,山地斜面等,LF_CLASS::山地斜面等,B_130000_4_LF_CLASS::山地斜面等,15989,1598900.0,1.5989,140522,14052200.0,140520,14052000.0,0.9999857673531547,0.1137845146598349,0.11378289520502127,10.0
28002,28,2,130000,,4,B_130000_4,崖・段丘崖,LF_CLASS::崖・段丘崖,B_130000_4_LF_CLASS::崖・段丘崖,2207,220700.0,0.2207,140522,14052200.0,140520,14052000.0,0.9999857673531547,0.01570594933105608,0.015705725793825877,10.0
28004,28,4,130000,,4,B_130000_4,台地・段丘,LF_CLASS::台地・段丘,B_130000_4_LF_CLASS::台地・段丘,88891,8889100.0,8.8891,140522,14052200.0,140520,14052000.0,0.9999857673531547,0.6325861087389696,0.6325771053642846,10.0
28010,28,10,130000,,4,B_130000_4,凹地・浅い谷,LF_CLASS::凹地・浅い谷,B_130000_4_LF_CLASS::凹地・浅い谷,9554,955400.0,0.9554,140522,14052200.0,140520,14052000.0,0.9999857673531547,0.06799032166239681,0.06798935398015969,10.0
28011,28,11,130000,,4,B_130000_4,氾濫平野・海岸平野,LF_CLASS::氾濫平野・海岸平野,B_130000_4_LF_CLASS::氾濫平野・海岸平野,19008,1900800.0,1.9008,140522,14052200.0,140520,14052000.0,0.9999857673531547,0.13526900085397098,0.13526707561805268,10.0
28012,28,12,130000,,4,B_130000_4,後背低地・湿地,LF_CLASS::後背低地・湿地,B_130000_4_LF_CLASS::後背低地・湿地,4565,456500.0,0.4565,140522,14052200.0,140520,14052000.0,0.9999857673531547,0.03248647879305437,0.03248601642447446,10.0
28016,28,16,130000,,4,B_130000_4,水部,LF_CLASS::水部,B_130000_4_LF_CLASS::水部,306,30600.0,0.0306,140522,14052200.0,140520,14052000.0,0.9999857673531547,0.0021776259607173354,0.0021775949673360755,10.0
29001,29,1,130000,,5,B_130000_5,山地斜面等,LF_CLASS::山地斜面等,B_130000_5_LF_CLASS::山地斜面等,4376,437600.0,0.4376,80274,8027400.0,80274,8027400.0,1.0,0.054513291974985674,0.054513291974985674,10.0
29002,29,2,130000,,5,B_130000_5,崖・段丘崖,LF_CLASS::崖・段丘崖,B_130000_5_LF_CLASS::崖・段丘崖,2571,257100.0,0.2571,80274,8027400.0,80274,8027400.0,1.0,0.03202780476866732,0.03202780476866732,10.0
29004,29,4,130000,,5,B_130000_5,台地・段丘,LF_CLASS::台地・段丘,B_130000_5_LF_CLASS::台地・段丘,46600,4660000.0,4.66,80274,8027400.0,80274,8027400.0,1.0,0.5805117472656153,0.5805117472656153,10.0
29009,29,9,130000,,5,B_130000_5,砂州・砂丘,LF_CLASS::砂州・砂丘,B_130000_5_LF_CLASS::砂州・砂丘,5167,516700.0,0.5167,80274,8027400.0,80274,8027400.0,1.0,0.06436704287814236,0.06436704287814236,10.0
29010,29,10,130000,,5,B_130000_5,凹地・浅い谷,LF_CLASS::凹地・浅い谷,B_130000_5_LF_CLASS::凹地・浅い谷,456,45600.0,0.0456,80274,8027400.0,80274,8027400.0,1.0,0.0056805441363330595,0.0056805441363330595,10.0
29011,29,11,130000,,5,B_130000_5,氾濫平野・海岸平野,LF_CLASS::氾濫平野・海岸平野,B_130000_5_LF_CLASS::氾濫平野・海岸平野,15338,1533800.0,1.5338,80274,8027400.0,80274,8027400.0,1.0,0.19107058325236068,0.19107058325236068,10.0
29012,29,12,130000,,5,B_130000_5,後背低地・湿地,LF_CLASS::後背低地・湿地,B_130000_5_LF_CLASS::後背低地・湿地,4434,443400.0,0.4434,80274,8027400.0,80274,8027400.0,1.0,0.05523581732565962,0.05523581732565962,10.0
29016,29,16,130000,,5,B_130000_5,水部,LF_CLASS::水部,B_130000_5_LF_CLASS::水部,1332,133200.0,0.1332,80274,8027400.0,80274,8027400.0,1.0,0.016593168398236043,0.016593168398236043,10.0
30001,30,1,130000,,6,B_130000_6,山地斜面等,LF_CLASS::山地斜面等,B_130000_6_LF_CLASS::山地斜面等,12753,1275300.0,1.2753,71422,7142200.0,71422,7142200.0,1.0,0.17855842737531852,0.17855842737531852,10.0
30004,30,4,130000,,6,B_130000_6,台地・段丘,LF_CLASS::台地・段丘,B_130000_6_LF_CLASS::台地・段丘,41161,4116100.0,4.1161,71422,7142200.0,71422,7142200.0,1.0,0.5763070202458627,0.5763070202458627,10.0
30005,30,5,130000,,6,B_130000_6,山麓堆積地形,LF_CLASS::山麓堆積地形,B_130000_6_LF_CLASS::山麓堆積地形,95,9500.0,0.0095,71422,7142200.0,71422,7142200.0,1.0,0.0013301223712581557,0.0013301223712581557,10.0
30010,30,10,130000,,6,B_130000_6,凹地・浅い谷,LF_CLASS::凹地・浅い谷,B_130000_6_LF_CLASS::凹地・浅い谷,3869,386900.0,0.3869,71422,7142200.0,71422,7142200.0,1.0,0.054170983730503205,0.054170983730503205,10.0
30011,30,11,130000,,6,B_130000_6,氾濫平野・海岸平野,LF_CLASS::氾濫平野・海岸平野,B_130000_6_LF_CLASS::氾濫平野・海岸平野,13490,1349000.0,1.349,71422,7142200.0,71422,7142200.0,1.0,0.18887737671865812,0.18887737671865812,10.0
30016,30,16,130000,,6,B_130000_6,水部,LF_CLASS::水部,B_130000_6_LF_CLASS::水部,54,5400.0,0.0054,71422,7142200.0,71422,7142200.0,1.0,0.0007560695583993727,0.0007560695583993727,10.0
31007,31,7,130000,,7,B_130000_7,自然堤防,LF_CLASS::自然堤防,B_130000_7_LF_CLASS::自然堤防,1366,136600.0,0.1366,21658,2165800.0,21637,2163700.0,0.9990303813833226,0.06313259694042613,0.06307138239911349,10.0
31011,31,11,130000,,7,B_130000_7,氾濫平野・海岸平野,LF_CLASS::氾濫平野・海岸平野,B_130000_7_LF_CLASS::氾濫平野・海岸平野,20194,2019400.0,2.0194,21658,2165800.0,21637,2163700.0,0.9990303813833226,0.9333086841983639,0.9324037307230585,10.0
31016,31,16,130000,,7,B_130000_7,水部,LF_CLASS::水部,B_130000_7_LF_CLASS::水部,77,7700.0,0.0077,21658,2165800.0,21637,2163700.0,0.9990303813833226,0.0035587188612099642,0.003555268261150614,10.0
32016,32,16,130000,,8,B_130000_8,水部,LF_CLASS::水部,B_130000_8_LF_CLASS::水部,1026,102600.0,0.1026,13172,1317200.0,13172,1317200.0,1.0,0.07789249924081385,0.07789249924081385,10.0
32017,32,17,130000,,8,B_130000_8,旧水部,LF_CLASS::旧水部,B_130000_8_LF_CLASS::旧水部,12146,1214600.0,1.2146,13172,1317200.0,13172,1317200.0,1.0,0.9221075007591861,0.9221075007591861,10.0
33016,33,16,130000,,9,B_130000_9,水部,LF_CLASS::水部,B_130000_9_LF_CLASS::水部,60,6000.0,0.006,6818,681800.0,6818,681800.0,1.0,0.00880023467292461,0.00880023467292461,10.0
33017,33,17,130000,,9,B_130000_9,旧水部,LF_CLASS::旧水部,B_130000_9_LF_CLASS::旧水部,6758,675800.0,0.6758,6818,681800.0,6818,681800.0,1.0,0.9911997653270754,0.9911997653270754,10.0
34016,34,16,140000,,1,B_140000_1,水部,LF_CLASS::水部,B_140000_1_LF_CLASS::水部,45,4500.0,0.0045,45,4500.0,45,4500.0,1.0,1.0,1.0,10.0
35001,35,1,140001,,5,B_140001_5,山地斜面等,LF_CLASS::山地斜面等,B_140001_5_LF_CLASS::山地斜面等,13,1300.0,0.0013,695,69500.0,694,69400.0,0.9985611510791367,0.018731988472622477,0.01870503597122302,10.0
35004,35,4,140001,,5,B_140001_5,台地・段丘,LF_CLASS::台地・段丘,B_140001_5_LF_CLASS::台地・段丘,659,65900.0,0.0659,695,69500.0,694,69400.0,0.9985611510791367,0.9495677233429395,0.9482014388489208,10.0
35011,35,11,140001,,5,B_140001_5,氾濫平野・海岸平野,LF_CLASS::氾濫平野・海岸平野,B_140001_5_LF_CLASS::氾濫平野・海岸平野,21,2100.0,0.0021,695,69500.0,694,69400.0,0.9985611510791367,0.03025936599423631,0.030215827338129497,10.0
35016,35,16,140001,,5,B_140001_5,水部,LF_CLASS::水部,B_140001_5_LF_CLASS::水部,1,100.0,0.0001,695,69500.0,694,69400.0,0.9985611510791367,0.001440922190201729,0.0014388489208633094,10.0
36001,36,1,140013,,16,B_140013_16,山地斜面等,LF_CLASS::山地斜面等,B_140013_16_LF_CLASS::山地斜面等,174,17400.0,0.0174,1408,140800.0,1408,140800.0,1.0,0.12357954545454546,0.12357954545454546,10.0
36004,36,4,140013,,16,B_140013_16,台地・段丘,LF_CLASS::台地・段丘,B_140013_16_LF_CLASS::台地・段丘,1177,117700.0,0.1177,1408,140800.0,1408,140800.0,1.0,0.8359375,0.8359375,10.0
36011,36,11,140013,,16,B_140013_16,氾濫平野・海岸平野,LF_CLASS::氾濫平野・海岸平野,B_140013_16_LF_CLASS::氾濫平野・海岸平野,57,5700.0,0.0057,1408,140800.0,1408,140800.0,1.0,0.040482954545454544,0.040482954545454544,10.0
37001,37,1,140013,,17,B_140013_17,山地斜面等,LF_CLASS::山地斜面等,B_140013_17_LF_CLASS::山地斜面等,53840,5384000.0,5.384,164420,16442000.0,164408,16440800.0,0.9999270161780806,0.32747798160673447,0.3274540810120423,10.0
37002,37,2,140013,,17,B_140013_17,崖・段丘崖,LF_CLASS::崖・段丘崖,B_140013_17_LF_CLASS::崖・段丘崖,2907,290700.0,0.2907,164420,16442000.0,164408,16440800.0,0.9999270161780806,0.017681621332295266,0.017680330859992703,10.0
37004,37,4,140013,,17,B_140013_17,台地・段丘,LF_CLASS::台地・段丘,B_140013_17_LF_CLASS::台地・段丘,59384,5938400.0,5.9384,164420,16442000.0,164408,16440800.0,0.9999270161780806,0.36119896842002824,0.36117260673883955,10.0
37005,37,5,140013,,17,B_140013_17,山麓堆積地形,LF_CLASS::山麓堆積地形,B_140013_17_LF_CLASS::山麓堆積地形,746,74600.0,0.0746,164420,16442000.0,164408,16440800.0,0.9999270161780806,0.004537492092842197,0.004537160929327332,10.0
37010,37,10,140013,,17,B_140013_17,凹地・浅い谷,LF_CLASS::凹地・浅い谷,B_140013_17_LF_CLASS::凹地・浅い谷,40,4000.0,0.004,164420,16442000.0,164408,16440800.0,0.9999270161780806,0.00024329716315507762,0.0002432794063982484,10.0
37011,37,11,140013,,17,B_140013_17,氾濫平野・海岸平野,LF_CLASS::氾濫平野・海岸平野,B_140013_17_LF_CLASS::氾濫平野・海岸平野,45049,4504900.0,4.5049,164420,16442000.0,164408,16440800.0,0.9999270161780806,0.27400734757432726,0.2739873494708673,10.0
37013,37,13,140013,,17,B_140013_17,旧河道,LF_CLASS::旧河道,B_140013_17_LF_CLASS::旧河道,1236,123600.0,0.1236,164420,16442000.0,164408,16440800.0,0.9999270161780806,0.007517882341491898,0.007517333657705875,10.0
37016,37,16,140013,,17,B_140013_17,水部,LF_CLASS::水部,B_140013_17_LF_CLASS::水部,1206,120600.0,0.1206,164420,16442000.0,164408,16440800.0,0.9999270161780806,0.00733540946912559,0.007334874102907189,10.0
38001,38,1,140013,,19,B_140013_19,山地斜面等,LF_CLASS::山地斜面等,B_140013_19_LF_CLASS::山地斜面等,10037,1003700.0,1.0037,26363,2636300.0,14776,1477600.0,0.5604824944050374,0.6792772062804547,0.3807229829685544,10.0
38004,38,4,140013,,19,B_140013_19,台地・段丘,LF_CLASS::台地・段丘,B_140013_19_LF_CLASS::台地・段丘,494,49400.0,0.0494,26363,2636300.0,14776,1477600.0,0.5604824944050374,0.0334325933946941,0.018738383340287525,10.0
38011,38,11,140013,,19,B_140013_19,氾濫平野・海岸平野,LF_CLASS::氾濫平野・海岸平野,B_140013_19_LF_CLASS::氾濫平野・海岸平野,4211,421100.0,0.4211,26363,2636300.0,14776,1477600.0,0.5604824944050374,0.28498917162966975,0.1597314417934226,10.0
38016,38,16,140013,,19,B_140013_19,水部,LF_CLASS::水部,B_140013_19_LF_CLASS::水部,34,3400.0,0.0034,26363,2636300.0,14776,1477600.0,0.5604824944050374,0.0023010286951813752,0.0012896863027728256,10.0
39016,39,16,830303,,311,B_830303_311,水部,LF_CLASS::水部,B_830303_311_LF_CLASS::水部,3,300.0,0.0003,3,300.0,3,300.0,1.0,1.0,1.0,10.0
40016,40,16,830303,,343,B_830303_343,水部,LF_CLASS::水部,B_830303_343_LF_CLASS::水部,54,5400.0,0.0054,54,5400.0,54,5400.0,1.0,1.0,1.0,10.0
41007,41,7,830303,,345,B_830303_345,自然堤防,LF_CLASS::自然堤防,B_830303_345_LF_CLASS::自然堤防,10422,1042200.0,1.0422,57588,5758800.0,49439,4943900.0,0.8584948253108287,0.21080523473371224,0.18097520316732651,10.0
41011,41,11,830303,,345,B_830303_345,氾濫平野・海岸平野,LF_CLASS::氾濫平野・海岸平野,B_830303_345_LF_CLASS::氾濫平野・海岸平野,35716,3571600.0,3.5716,57588,5758800.0,49439,4943900.0,0.8584948253108287,0.7224256154048423,0.620198652497048,10.0
41016,41,16,830303,,345,B_830303_345,水部,LF_CLASS::水部,B_830303_345_LF_CLASS::水部,3301,330100.0,0.3301,57588,5758800.0,49439,4943900.0,0.8584948253108287,0.06676914986144541,0.057320969646454126,10.0
42007,42,7,830303,,346,B_830303_346,自然堤防,LF_CLASS::自然堤防,B_830303_346_LF_CLASS::自然堤防,2157,215700.0,0.2157,5050,505000.0,3328,332800.0,0.659009900990099,0.6481370192307693,0.4271287128712871,10.0
42011,42,11,830303,,346,B_830303_346,氾濫平野・海岸平野,LF_CLASS::氾濫平野・海岸平野,B_830303_346_LF_CLASS::氾濫平野・海岸平野,212,21200.0,0.0212,5050,505000.0,3328,332800.0,0.659009900990099,0.06370192307692307,0.04198019801980198,10.0
42016,42,16,830303,,346,B_830303_346,水部,LF_CLASS::水部,B_830303_346_LF_CLASS::水部,959,95900.0,0.0959,5050,505000.0,3328,332800.0,0.659009900990099,0.2881610576923077,0.1899009900990099,10.0
43007,43,7,830303,,347,B_830303_347,自然堤防,LF_CLASS::自然堤防,B_830303_347_LF_CLASS::自然堤防,13489,1348900.0,1.3489,57704,5770400.0,50222,5022200.0,0.8703382781089699,0.2685874716259806,0.23376195757659782,10.0
43011,43,11,830303,,347,B_830303_347,氾濫平野・海岸平野,LF_CLASS::氾濫平野・海岸平野,B_830303_347_LF_CLASS::氾濫平野・海岸平野,30740,3074000.0,3.074,57704,5770400.0,50222,5022200.0,0.8703382781089699,0.6120823543467007,0.5327187023429918,10.0
43013,43,13,830303,,347,B_830303_347,旧河道,LF_CLASS::旧河道,B_830303_347_LF_CLASS::旧河道,1243,124300.0,0.1243,57704,5770400.0,50222,5022200.0,0.8703382781089699,0.02475010951375891,0.021540967697213365,10.0
43016,43,16,830303,,347,B_830303_347,水部,LF_CLASS::水部,B_830303_347_LF_CLASS::水部,4672,467200.0,0.4672,57704,5770400.0,50222,5022200.0,0.8703382781089699,0.0930269602962845,0.08096492444197975,10.0
43017,43,17,830303,,347,B_830303_347,旧水部,LF_CLASS::旧水部,B_830303_347_LF_CLASS::旧水部,78,7800.0,0.0078,57704,5770400.0,50222,5022200.0,0.8703382781089699,0.0015531042172752976,0.001351726050187162,10.0
44007,44,7,830303,,388,B_830303_388,自然堤防,LF_CLASS::自然堤防,B_830303_388_LF_CLASS::自然堤防,201,20100.0,0.0201,51602,5160200.0,49440,4944000.0,0.9581023991318166,0.0040655339805825245,0.003895197860548041,10.0
44009,44,9,830303,,388,B_830303_388,砂州・砂丘,LF_CLASS::砂州・砂丘,B_830303_388_LF_CLASS::砂州・砂丘,9195,919500.0,0.9195,51602,5160200.0,49440,4944000.0,0.9581023991318166,0.18598300970873785,0.1781907677996977,10.0
44011,44,11,830303,,388,B_830303_388,氾濫平野・海岸平野,LF_CLASS::氾濫平野・海岸平野,B_830303_388_LF_CLASS::氾濫平野・海岸平野,34389,3438900.0,3.4389,51602,5160200.0,49440,4944000.0,0.9581023991318166,0.6955703883495146,0.6664276578427193,10.0
44013,44,13,830303,,388,B_830303_388,旧河道,LF_CLASS::旧河道,B_830303_388_LF_CLASS::旧河道,1938,193800.0,0.1938,51602,5160200.0,49440,4944000.0,0.9581023991318166,0.03919902912621359,0.0375566838494632,10.0
44016,44,16,830303,,388,B_830303_388,水部,LF_CLASS::水部,B_830303_388_LF_CLASS::水部,3717,371700.0,0.3717,51602,5160200.0,49440,4944000.0,0.9581023991318166,0.07518203883495146,0.0720320917793884,10.0
45007,45,7,830303,,389,B_830303_389,自然堤防,LF_CLASS::自然堤防,B_830303_389_LF_CLASS::自然堤防,2759,275900.0,0.2759,27976,2797600.0,27134,2713400.0,0.9699027738061196,0.10168054838947446,0.09862024592507863,10.0
45009,45,9,830303,,389,B_830303_389,砂州・砂丘,LF_CLASS::砂州・砂丘,B_830303_389_LF_CLASS::砂州・砂丘,64,6400.0,0.0064,27976,2797600.0,27134,2713400.0,0.9699027738061196,0.002358664406279944,0.002287675150128682,10.0
45011,45,11,830303,,389,B_830303_389,氾濫平野・海岸平野,LF_CLASS::氾濫平野・海岸平野,B_830303_389_LF_CLASS::氾濫平野・海岸平野,22705,2270500.0,2.2705,27976,2797600.0,27134,2713400.0,0.9699027738061196,0.8367730522591582,0.8115885044323706,10.0
45016,45,16,830303,,389,B_830303_389,水部,LF_CLASS::水部,B_830303_389_LF_CLASS::水部,1606,160600.0,0.1606,27976,2797600.0,27134,2713400.0,0.9699027738061196,0.05918773494508735,0.057406348298541604,10.0
46007,46,7,830303,,390,B_830303_390,自然堤防,LF_CLASS::自然堤防,B_830303_390_LF_CLASS::自然堤防,17085,1708500.0,1.7085,68395,6839500.0,65278,6527800.0,0.9544264931647051,0.26172676858972393,0.2497989619124205,10.0
46011,46,11,830303,,390,B_830303_390,氾濫平野・海岸平野,LF_CLASS::氾濫平野・海岸平野,B_830303_390_LF_CLASS::氾濫平野・海岸平野,42974,4297400.0,4.2974,68395,6839500.0,65278,6527800.0,0.9544264931647051,0.6583228652838629,0.6283207836830178,10.0
46013,46,13,830303,,390,B_830303_390,旧河道,LF_CLASS::旧河道,B_830303_390_LF_CLASS::旧河道,1217,121700.0,0.1217,68395,6839500.0,65278,6527800.0,0.9544264931647051,0.018643340788627102,0.017793698369763872,10.0
46016,46,16,830303,,390,B_830303_390,水部,LF_CLASS::水部,B_830303_390_LF_CLASS::水部,4000,400000.0,0.4,68395,6839500.0,65278,6527800.0,0.9544264931647051,0.061276387144213976,0.05848380729585496,10.0
46017,46,17,830303,,390,B_830303_390,旧水部,LF_CLASS::旧水部,B_830303_390_LF_CLASS::旧水部,2,200.0,0.0002,68395,6839500.0,65278,6527800.0,0.9544264931647051,3.0638193572106986e-05,2.924190364792748e-05,10.0
47007,47,7,830303,,391,B_830303_391,自然堤防,LF_CLASS::自然堤防,B_830303_391_LF_CLASS::自然堤防,10629,1062900.0,1.0629,35338,3533800.0,33082,3308200.0,0.9361593751768634,0.32129254579529654,0.30078102892070857,10.0
47011,47,11,830303,,391,B_830303_391,氾濫平野・海岸平野,LF_CLASS::氾濫平野・海岸平野,B_830303_391_LF_CLASS::氾濫平野・海岸平野,15556,1555600.0,1.5556,35338,3533800.0,33082,3308200.0,0.9361593751768634,0.4702255002720513,0.44020601052691155,10.0
47013,47,13,830303,,391,B_830303_391,旧河道,LF_CLASS::旧河道,B_830303_391_LF_CLASS::旧河道,2337,233700.0,0.2337,35338,3533800.0,33082,3308200.0,0.9361593751768634,0.07064264554742761,0.06613277491652046,10.0
47014,47,14,830303,,391,B_830303_391,落堀,LF_CLASS::落堀,B_830303_391_LF_CLASS::落堀,370,37000.0,0.037,35338,3533800.0,33082,3308200.0,0.9361593751768634,0.011184329847046733,0.010470315241383213,10.0
47016,47,16,830303,,391,B_830303_391,水部,LF_CLASS::水部,B_830303_391_LF_CLASS::水部,4142,414200.0,0.4142,35338,3533800.0,33082,3308200.0,0.9361593751768634,0.12520403844991235,0.11721093440488992,10.0
47017,47,17,830303,,391,B_830303_391,旧水部,LF_CLASS::旧水部,B_830303_391_LF_CLASS::旧水部,48,4800.0,0.0048,35338,3533800.0,33082,3308200.0,0.9361593751768634,0.001450940088265522,0.001358311166449714,10.0
48007,48,7,830303,,393,B_830303_393,自然堤防,LF_CLASS::自然堤防,B_830303_393_LF_CLASS::自然堤防,31226,3122600.0,3.1226,116072,11607200.0,114075,11407500.0,0.9827951616238197,0.2737321937321937,0.26902267558067405,10.0
48009,48,9,830303,,393,B_830303_393,砂州・砂丘,LF_CLASS::砂州・砂丘,B_830303_393_LF_CLASS::砂州・砂丘,1748,174800.0,0.1748,116072,11607200.0,114075,11407500.0,0.9827951616238197,0.01532325224632917,0.015059618168033634,10.0
48011,48,11,830303,,393,B_830303_393,氾濫平野・海岸平野,LF_CLASS::氾濫平野・海岸平野,B_830303_393_LF_CLASS::氾濫平野・海岸平野,72262,7226200.0,7.2262,116072,11607200.0,114075,11407500.0,0.9827951616238197,0.6334604426912119,0.622561858157006,10.0
48013,48,13,830303,,393,B_830303_393,旧河道,LF_CLASS::旧河道,B_830303_393_LF_CLASS::旧河道,904,90400.0,0.0904,116072,11607200.0,114075,11407500.0,0.9827951616238197,0.007924611001534078,0.007788269350058584,10.0
48016,48,16,830303,,393,B_830303_393,水部,LF_CLASS::水部,B_830303_393_LF_CLASS::水部,7773,777300.0,0.7773,116072,11607200.0,114075,11407500.0,0.9827951616238197,0.06813938198553583,0.06696705493142188,10.0
48017,48,17,830303,,393,B_830303_393,旧水部,LF_CLASS::旧水部,B_830303_393_LF_CLASS::旧水部,162,16200.0,0.0162,116072,11607200.0,114075,11407500.0,0.9827951616238197,0.0014201183431952662,0.0013956854366255428,10.0
49009,49,9,830303,,423,B_830303_423,砂州・砂丘,LF_CLASS::砂州・砂丘,B_830303_423_LF_CLASS::砂州・砂丘,123,12300.0,0.0123,2444,244400.0,2444,244400.0,1.0,0.05032733224222586,0.05032733224222586,10.0
49011,49,11,830303,,423,B_830303_423,氾濫平野・海岸平野,LF_CLASS::氾濫平野・海岸平野,B_830303_423_LF_CLASS::氾濫平野・海岸平野,1393,139300.0,0.1393,2444,244400.0,2444,244400.0,1.0,0.5699672667757774,0.5699672667757774,10.0
49016,49,16,830303,,423,B_830303_423,水部,LF_CLASS::水部,B_830303_423_LF_CLASS::水部,928,92800.0,0.0928,2444,244400.0,2444,244400.0,1.0,0.37970540098199673,0.37970540098199673,10.0
50009,50,9,830303,,424,B_830303_424,砂州・砂丘,LF_CLASS::砂州・砂丘,B_830303_424_LF_CLASS::砂州・砂丘,680,68000.0,0.068,2834,283400.0,2834,283400.0,1.0,0.2399435426958363,0.2399435426958363,10.0
50011,50,11,830303,,424,B_830303_424,氾濫平野・海岸平野,LF_CLASS::氾濫平野・海岸平野,B_830303_424_LF_CLASS::氾濫平野・海岸平野,1829,182900.0,0.1829,2834,283400.0,2834,283400.0,1.0,0.6453775582215949,0.6453775582215949,10.0
50016,50,16,830303,,424,B_830303_424,水部,LF_CLASS::水部,B_830303_424_LF_CLASS::水部,325,32500.0,0.0325,2834,283400.0,2834,283400.0,1.0,0.11467889908256881,0.11467889908256881,10.0
51007,51,7,830303,,425,B_830303_425,自然堤防,LF_CLASS::自然堤防,B_830303_425_LF_CLASS::自然堤防,4790,479000.0,0.479,30458,3045800.0,30401,3040100.0,0.9981285704905115,0.15756060655899476,0.15726574299034737,10.0
51011,51,11,830303,,425,B_830303_425,氾濫平野・海岸平野,LF_CLASS::氾濫平野・海岸平野,B_830303_425_LF_CLASS::氾濫平野・海岸平野,25215,2521500.0,2.5215,30458,3045800.0,30401,3040100.0,0.9981285704905115,0.8294135061346666,0.8278613172237179,10.0
51016,51,16,830303,,425,B_830303_425,水部,LF_CLASS::水部,B_830303_425_LF_CLASS::水部,396,39600.0,0.0396,30458,3045800.0,30401,3040100.0,0.9981285704905115,0.013025887306338607,0.013001510276446254,10.0
52007,52,7,830303,,426,B_830303_426,自然堤防,LF_CLASS::自然堤防,B_830303_426_LF_CLASS::自然堤防,6648,664800.0,0.6648,31769,3176900.0,31740,3174000.0,0.999087160439422,0.20945179584120982,0.20926059995593188,10.0
52011,52,11,830303,,426,B_830303_426,氾濫平野・海岸平野,LF_CLASS::氾濫平野・海岸平野,B_830303_426_LF_CLASS::氾濫平野・海岸平野,24980,2498000.0,2.498,31769,3176900.0,31740,3174000.0,0.999087160439422,0.7870195337114052,0.7863011111460858,10.0
52016,52,16,830303,,426,B_830303_426,水部,LF_CLASS::水部,B_830303_426_LF_CLASS::水部,112,11200.0,0.0112,31769,3176900.0,31740,3174000.0,0.999087160439422,0.003528670447385003,0.003525449337404388,10.0
53007,53,7,830303,,427,B_830303_427,自然堤防,LF_CLASS::自然堤防,B_830303_427_LF_CLASS::自然堤防,15973,1597300.0,1.5973,57731,5773100.0,57645,5764500.0,0.9985103324037345,0.27709254922369675,0.27667977343195166,10.0
53011,53,11,830303,,427,B_830303_427,氾濫平野・海岸平野,LF_CLASS::氾濫平野・海岸平野,B_830303_427_LF_CLASS::氾濫平野・海岸平野,33868,3386800.0,3.3868,57731,5773100.0,57645,5764500.0,0.9985103324037345,0.5875271055598924,0.5866518854688122,10.0
53013,53,13,830303,,427,B_830303_427,旧河道,LF_CLASS::旧河道,B_830303_427_LF_CLASS::旧河道,1367,136700.0,0.1367,57731,5773100.0,57645,5764500.0,0.9985103324037345,0.023714112238702404,0.023678786094126207,10.0
53016,53,16,830303,,427,B_830303_427,水部,LF_CLASS::水部,B_830303_427_LF_CLASS::水部,6437,643700.0,0.6437,57731,5773100.0,57645,5764500.0,0.9985103324037345,0.11166623297770839,0.11149988740884446,10.0
54007,54,7,830303,,430,B_830303_430,自然堤防,LF_CLASS::自然堤防,B_830303_430_LF_CLASS::自然堤防,3417,341700.0,0.3417,8214,821400.0,8207,820700.0,0.9991477964450938,0.41635189472401607,0.4159970781592403,10.0
54011,54,11,830303,,430,B_830303_430,氾濫平野・海岸平野,LF_CLASS::氾濫平野・海岸平野,B_830303_430_LF_CLASS::氾濫平野・海岸平野,4208,420800.0,0.4208,8214,821400.0,8207,820700.0,0.9991477964450938,0.5127330327768977,0.5122960798636474,10.0
54013,54,13,830303,,430,B_830303_430,旧河道,LF_CLASS::旧河道,B_830303_430_LF_CLASS::旧河道,13,1300.0,0.0013,8214,821400.0,8207,820700.0,0.9991477964450938,0.0015840136468868039,0.001582663744825907,10.0
54016,54,16,830303,,430,B_830303_430,水部,LF_CLASS::水部,B_830303_430_LF_CLASS::水部,569,56900.0,0.0569,8214,821400.0,8207,820700.0,0.9991477964450938,0.06933105885219934,0.06927197467738008,10.0
55007,55,7,830303,,432,B_830303_432,自然堤防,LF_CLASS::自然堤防,B_830303_432_LF_CLASS::自然堤防,31045,3104500.0,3.1045,179872,17987200.0,179691,17969100.0,0.9989937288738658,0.17276880867711794,0.17259495641344957,10.0
55011,55,11,830303,,432,B_830303_432,氾濫平野・海岸平野,LF_CLASS::氾濫平野・海岸平野,B_830303_432_LF_CLASS::氾濫平野・海岸平野,138429,13842900.0,13.8429,179872,17987200.0,179691,17969100.0,0.9989937288738658,0.7703724727448787,0.769597269169187,10.0
55013,55,13,830303,,432,B_830303_432,旧河道,LF_CLASS::旧河道,B_830303_432_LF_CLASS::旧河道,5071,507100.0,0.5071,179872,17987200.0,179691,17969100.0,0.9989937288738658,0.02822066770177694,0.028192270058708415,10.0
55016,55,16,830303,,432,B_830303_432,水部,LF_CLASS::水部,B_830303_432_LF_CLASS::水部,5095,509500.0,0.5095,179872,17987200.0,179691,17969100.0,0.9989937288738658,0.02835423031760077,0.02832569827432841,10.0
55017,55,17,830303,,432,B_830303_432,旧水部,LF_CLASS::旧水部,B_830303_432_LF_CLASS::旧水部,51,5100.0,0.0051,179872,17987200.0,179691,17969100.0,0.9989937288738658,0.0002838205586256407,0.0002835349581924924,10.0
56007,56,7,830303,,468,B_830303_468,自然堤防,LF_CLASS::自然堤防,B_830303_468_LF_CLASS::自然堤防,1087,108700.0,0.1087,7639,763900.0,7639,763900.0,1.0,0.1422961120565519,0.1422961120565519,10.0
56009,56,9,830303,,468,B_830303_468,砂州・砂丘,LF_CLASS::砂州・砂丘,B_830303_468_LF_CLASS::砂州・砂丘,5,500.0,0.0005,7639,763900.0,7639,763900.0,1.0,0.0006545359340227779,0.0006545359340227779,10.0
56011,56,11,830303,,468,B_830303_468,氾濫平野・海岸平野,LF_CLASS::氾濫平野・海岸平野,B_830303_468_LF_CLASS::氾濫平野・海岸平野,5060,506000.0,0.506,7639,763900.0,7639,763900.0,1.0,0.6623903652310512,0.6623903652310512,10.0
56016,56,16,830303,,468,B_830303_468,水部,LF_CLASS::水部,B_830303_468_LF_CLASS::水部,1487,148700.0,0.1487,7639,763900.0,7639,763900.0,1.0,0.19465898677837412,0.19465898677837412,10.0
57007,57,7,830303,,469,B_830303_469,自然堤防,LF_CLASS::自然堤防,B_830303_469_LF_CLASS::自然堤防,898,89800.0,0.0898,9988,998800.0,9945,994500.0,0.9956948338005607,0.09029663147310206,0.08990788946736084,10.0
57009,57,9,830303,,469,B_830303_469,砂州・砂丘,LF_CLASS::砂州・砂丘,B_830303_469_LF_CLASS::砂州・砂丘,1702,170200.0,0.1702,9988,998800.0,9945,994500.0,0.9956948338005607,0.17114127702362997,0.17040448538245895,10.0
57011,57,11,830303,,469,B_830303_469,氾濫平野・海岸平野,LF_CLASS::氾濫平野・海岸平野,B_830303_469_LF_CLASS::氾濫平野・海岸平野,6848,684800.0,0.6848,9988,998800.0,9945,994500.0,0.9956948338005607,0.6885872297637003,0.6856227472967561,10.0
57016,57,16,830303,,469,B_830303_469,水部,LF_CLASS::水部,B_830303_469_LF_CLASS::水部,497,49700.0,0.0497,9988,998800.0,9945,994500.0,0.9956948338005607,0.049974861739567625,0.04975971165398478,10.0
58007,58,7,830303,,470,B_830303_470,自然堤防,LF_CLASS::自然堤防,B_830303_470_LF_CLASS::自然堤防,96,9600.0,0.0096,24479,2447900.0,24479,2447900.0,1.0,0.003921728828792026,0.003921728828792026,10.0
58009,58,9,830303,,470,B_830303_470,砂州・砂丘,LF_CLASS::砂州・砂丘,B_830303_470_LF_CLASS::砂州・砂丘,1898,189800.0,0.1898,24479,2447900.0,24479,2447900.0,1.0,0.07753584705257567,0.07753584705257567,10.0
58011,58,11,830303,,470,B_830303_470,氾濫平野・海岸平野,LF_CLASS::氾濫平野・海岸平野,B_830303_470_LF_CLASS::氾濫平野・海岸平野,12950,1295000.0,1.295,24479,2447900.0,24479,2447900.0,1.0,0.5290248784672577,0.5290248784672577,10.0
58016,58,16,830303,,470,B_830303_470,水部,LF_CLASS::水部,B_830303_470_LF_CLASS::水部,26,2600.0,0.0026,24479,2447900.0,24479,2447900.0,1.0,0.0010621348911311736,0.0010621348911311736,10.0
58017,58,17,830303,,470,B_830303_470,旧水部,LF_CLASS::旧水部,B_830303_470_LF_CLASS::旧水部,9509,950900.0,0.9509,24479,2447900.0,24479,2447900.0,1.0,0.3884554107602435,0.3884554107602435,10.0
59007,59,7,830303,,471,B_830303_471,自然堤防,LF_CLASS::自然堤防,B_830303_471_LF_CLASS::自然堤防,1251,125100.0,0.1251,9967,996700.0,9940,994000.0,0.9972910604996489,0.12585513078470825,0.1255141968496037,10.0
59009,59,9,830303,,471,B_830303_471,砂州・砂丘,LF_CLASS::砂州・砂丘,B_830303_471_LF_CLASS::砂州・砂丘,256,25600.0,0.0256,9967,996700.0,9940,994000.0,0.9972910604996489,0.025754527162977867,0.02568475970703321,10.0
59011,59,11,830303,,471,B_830303_471,氾濫平野・海岸平野,LF_CLASS::氾濫平野・海岸平野,B_830303_471_LF_CLASS::氾濫平野・海岸平野,8062,806200.0,0.8062,9967,996700.0,9940,994000.0,0.9972910604996489,0.811066398390342,0.8088692685863349,10.0
59013,59,13,830303,,471,B_830303_471,旧河道,LF_CLASS::旧河道,B_830303_471_LF_CLASS::旧河道,81,8100.0,0.0081,9967,996700.0,9940,994000.0,0.9972910604996489,0.008148893360160966,0.008126818501053476,10.0
59016,59,16,830303,,471,B_830303_471,水部,LF_CLASS::水部,B_830303_471_LF_CLASS::水部,273,27300.0,0.0273,9967,996700.0,9940,994000.0,0.9972910604996489,0.027464788732394368,0.027390388281328382,10.0
59017,59,17,830303,,471,B_830303_471,旧水部,LF_CLASS::旧水部,B_830303_471_LF_CLASS::旧水部,17,1700.0,0.0017,9967,996700.0,9940,994000.0,0.9972910604996489,0.001710261569416499,0.0017056285742951742,10.0
60007,60,7,830303,,472,B_830303_472,自然堤防,LF_CLASS::自然堤防,B_830303_472_LF_CLASS::自然堤防,189,18900.0,0.0189,1375,137500.0,1228,122800.0,0.893090909090909,0.15390879478827363,0.13745454545454547,10.0
60011,60,11,830303,,472,B_830303_472,氾濫平野・海岸平野,LF_CLASS::氾濫平野・海岸平野,B_830303_472_LF_CLASS::氾濫平野・海岸平野,314,31400.0,0.0314,1375,137500.0,1228,122800.0,0.893090909090909,0.255700325732899,0.22836363636363635,10.0
60016,60,16,830303,,472,B_830303_472,水部,LF_CLASS::水部,B_830303_472_LF_CLASS::水部,725,72500.0,0.0725,1375,137500.0,1228,122800.0,0.893090909090909,0.5903908794788274,0.5272727272727272,10.0
61007,61,7,830303,,473,B_830303_473,自然堤防,LF_CLASS::自然堤防,B_830303_473_LF_CLASS::自然堤防,1,100.0,0.0001,3445,344500.0,3228,322800.0,0.9370101596516691,0.0003097893432465923,0.00029027576197387516,10.0
61011,61,11,830303,,473,B_830303_473,氾濫平野・海岸平野,LF_CLASS::氾濫平野・海岸平野,B_830303_473_LF_CLASS::氾濫平野・海岸平野,2225,222500.0,0.2225,3445,344500.0,3228,322800.0,0.9370101596516691,0.6892812887236679,0.6458635703918723,10.0
61016,61,16,830303,,473,B_830303_473,水部,LF_CLASS::水部,B_830303_473_LF_CLASS::水部,992,99200.0,0.0992,3445,344500.0,3228,322800.0,0.9370101596516691,0.3073110285006196,0.2879535558780842,10.0
61017,61,17,830303,,473,B_830303_473,旧水部,LF_CLASS::旧水部,B_830303_473_LF_CLASS::旧水部,10,1000.0,0.001,3445,344500.0,3228,322800.0,0.9370101596516691,0.0030978934324659233,0.002902757619738752,10.0
62007,62,7,830303,,474,B_830303_474,自然堤防,LF_CLASS::自然堤防,B_830303_474_LF_CLASS::自然堤防,1330,133000.0,0.133,22994,2299400.0,22031,2203100.0,0.9581195094372444,0.06036947936997867,0.05784117595894581,10.0
62011,62,11,830303,,474,B_830303_474,氾濫平野・海岸平野,LF_CLASS::氾濫平野・海岸平野,B_830303_474_LF_CLASS::氾濫平野・海岸平野,16893,1689300.0,1.6893,22994,2299400.0,22031,2203100.0,0.9581195094372444,0.766783169170714,0.7346699138905801,10.0
62016,62,16,830303,,474,B_830303_474,水部,LF_CLASS::水部,B_830303_474_LF_CLASS::水部,3808,380800.0,0.3808,22994,2299400.0,22031,2203100.0,0.9581195094372444,0.17284735145930735,0.16560841958771855,10.0
63007,63,7,830303,,475,B_830303_475,自然堤防,LF_CLASS::自然堤防,B_830303_475_LF_CLASS::自然堤防,5475,547500.0,0.5475,13028,1302800.0,13021,1302100.0,0.999462695732269,0.42047461792489055,0.42024869511820695,10.0
63011,63,11,830303,,475,B_830303_475,氾濫平野・海岸平野,LF_CLASS::氾濫平野・海岸平野,B_830303_475_LF_CLASS::氾濫平野・海岸平野,6443,644300.0,0.6443,13028,1302800.0,13021,1302100.0,0.999462695732269,0.49481606635435066,0.4945501995701566,10.0
63013,63,13,830303,,475,B_830303_475,旧河道,LF_CLASS::旧河道,B_830303_475_LF_CLASS::旧河道,859,85900.0,0.0859,13028,1302800.0,13021,1302100.0,0.999462695732269,0.06597035557944858,0.065934909425852,10.0
63016,63,16,830303,,475,B_830303_475,水部,LF_CLASS::水部,B_830303_475_LF_CLASS::水部,244,24400.0,0.0244,13028,1302800.0,13021,1302100.0,0.999462695732269,0.01873896014131019,0.018728891618053422,10.0
64011,64,11,830303,,476,B_830303_476,氾濫平野・海岸平野,LF_CLASS::氾濫平野・海岸平野,B_830303_476_LF_CLASS::氾濫平野・海岸平野,846,84600.0,0.0846,1306,130600.0,1306,130600.0,1.0,0.6477794793261868,0.6477794793261868,10.0
64013,64,13,830303,,476,B_830303_476,旧河道,LF_CLASS::旧河道,B_830303_476_LF_CLASS::旧河道,290,29000.0,0.029,1306,130600.0,1306,130600.0,1.0,0.222052067381317,0.222052067381317,10.0
64016,64,16,830303,,476,B_830303_476,水部,LF_CLASS::水部,B_830303_476_LF_CLASS::水部,170,17000.0,0.017,1306,130600.0,1306,130600.0,1.0,0.13016845329249618,0.13016845329249618,10.0
65007,65,7,830303,,478,B_830303_478,自然堤防,LF_CLASS::自然堤防,B_830303_478_LF_CLASS::自然堤防,10563,1056300.0,1.0563,32263,3226300.0,32150,3215000.0,0.9964975358770108,0.3285536547433904,0.32740290735517463,10.0
65011,65,11,830303,,478,B_830303_478,氾濫平野・海岸平野,LF_CLASS::氾濫平野・海岸平野,B_830303_478_LF_CLASS::氾濫平野・海岸平野,18345,1834500.0,1.8345,32263,3226300.0,32150,3215000.0,0.9964975358770108,0.570606531881804,0.5686080029755447,10.0
65013,65,13,830303,,478,B_830303_478,旧河道,LF_CLASS::旧河道,B_830303_478_LF_CLASS::旧河道,2753,275300.0,0.2753,32263,3226300.0,32150,3215000.0,0.9964975358770108,0.0856298600311042,0.08532994451848867,10.0
65016,65,16,830303,,478,B_830303_478,水部,LF_CLASS::水部,B_830303_478_LF_CLASS::水部,489,48900.0,0.0489,32263,3226300.0,32150,3215000.0,0.9964975358770108,0.015209953343701399,0.015156681027802746,10.0
66016,66,16,830303,,513,B_830303_513,水部,LF_CLASS::水部,B_830303_513_LF_CLASS::水部,2072,207200.0,0.2072,9030,903000.0,9030,903000.0,1.0,0.22945736434108527,0.22945736434108527,10.0
66017,66,17,830303,,513,B_830303_513,旧水部,LF_CLASS::旧水部,B_830303_513_LF_CLASS::旧水部,6958,695800.0,0.6958,9030,903000.0,9030,903000.0,1.0,0.7705426356589147,0.7705426356589147,10.0
67011,67,11,830303,,514,B_830303_514,氾濫平野・海岸平野,LF_CLASS::氾濫平野・海岸平野,B_830303_514_LF_CLASS::氾濫平野・海岸平野,9968,996800.0,0.9968,37223,3722300.0,36960,3696000.0,0.9929344759960239,0.2696969696969697,0.26779141928377614,10.0
67016,67,16,830303,,514,B_830303_514,水部,LF_CLASS::水部,B_830303_514_LF_CLASS::水部,1040,104000.0,0.104,37223,3722300.0,36960,3696000.0,0.9929344759960239,0.02813852813852814,0.027939714692528813,10.0
67017,67,17,830303,,514,B_830303_514,旧水部,LF_CLASS::旧水部,B_830303_514_LF_CLASS::旧水部,25952,2595200.0,2.5952,37223,3722300.0,36960,3696000.0,0.9929344759960239,0.7021645021645022,0.697203342019719,10.0
68007,68,7,830303,,515,B_830303_515,自然堤防,LF_CLASS::自然堤防,B_830303_515_LF_CLASS::自然堤防,1209,120900.0,0.1209,21333,2133300.0,20011,2001100.0,0.938030281723152,0.06041677077607316,0.056672760511883,10.0
68009,68,9,830303,,515,B_830303_515,砂州・砂丘,LF_CLASS::砂州・砂丘,B_830303_515_LF_CLASS::砂州・砂丘,165,16500.0,0.0165,21333,2133300.0,20011,2001100.0,0.938030281723152,0.00824546499425316,0.00773449585149768,10.0
68011,68,11,830303,,515,B_830303_515,氾濫平野・海岸平野,LF_CLASS::氾濫平野・海岸平野,B_830303_515_LF_CLASS::氾濫平野・海岸平野,6183,618300.0,0.6183,21333,2133300.0,20011,2001100.0,0.938030281723152,0.30898006096646846,0.28983265363521304,10.0
68013,68,13,830303,,515,B_830303_515,旧河道,LF_CLASS::旧河道,B_830303_515_LF_CLASS::旧河道,195,19500.0,0.0195,21333,2133300.0,20011,2001100.0,0.938030281723152,0.009744640447753736,0.009140767824497258,10.0
68016,68,16,830303,,515,B_830303_515,水部,LF_CLASS::水部,B_830303_515_LF_CLASS::水部,5155,515500.0,0.5155,21333,2133300.0,20011,2001100.0,0.938030281723152,0.2576083154265154,0.24164440069376084,10.0
68017,68,17,830303,,515,B_830303_515,旧水部,LF_CLASS::旧水部,B_830303_515_LF_CLASS::旧水部,7104,710400.0,0.7104,21333,2133300.0,20011,2001100.0,0.938030281723152,0.35500474738893606,0.3330052032063001,10.0
69013,69,13,830303,,516,B_830303_516,旧河道,LF_CLASS::旧河道,B_830303_516_LF_CLASS::旧河道,16,1600.0,0.0016,26,2600.0,26,2600.0,1.0,0.6153846153846154,0.6153846153846154,10.0
69016,69,16,830303,,516,B_830303_516,水部,LF_CLASS::水部,B_830303_516_LF_CLASS::水部,10,1000.0,0.001,26,2600.0,26,2600.0,1.0,0.38461538461538464,0.38461538461538464,10.0
70007,70,7,830303,,517,B_830303_517,自然堤防,LF_CLASS::自然堤防,B_830303_517_LF_CLASS::自然堤防,16332,1633200.0,1.6332,47653,4765300.0,47653,4765300.0,1.0,0.34272763519610516,0.34272763519610516,10.0
70011,70,11,830303,,517,B_830303_517,氾濫平野・海岸平野,LF_CLASS::氾濫平野・海岸平野,B_830303_517_LF_CLASS::氾濫平野・海岸平野,15469,1546900.0,1.5469,47653,4765300.0,47653,4765300.0,1.0,0.3246175476884981,0.3246175476884981,10.0
70012,70,12,830303,,517,B_830303_517,後背低地・湿地,LF_CLASS::後背低地・湿地,B_830303_517_LF_CLASS::後背低地・湿地,4161,416100.0,0.4161,47653,4765300.0,47653,4765300.0,1.0,0.08731874173714142,0.08731874173714142,10.0
70013,70,13,830303,,517,B_830303_517,旧河道,LF_CLASS::旧河道,B_830303_517_LF_CLASS::旧河道,10937,1093700.0,1.0937,47653,4765300.0,47653,4765300.0,1.0,0.22951335697647576,0.22951335697647576,10.0
70016,70,16,830303,,517,B_830303_517,水部,LF_CLASS::水部,B_830303_517_LF_CLASS::水部,754,75400.0,0.0754,47653,4765300.0,47653,4765300.0,1.0,0.015822718401779533,0.015822718401779533,10.0
71011,71,11,830303,,518,B_830303_518,氾濫平野・海岸平野,LF_CLASS::氾濫平野・海岸平野,B_830303_518_LF_CLASS::氾濫平野・海岸平野,546,54600.0,0.0546,687,68700.0,683,68300.0,0.9941775836972343,0.7994143484626647,0.7947598253275109,10.0
71013,71,13,830303,,518,B_830303_518,旧河道,LF_CLASS::旧河道,B_830303_518_LF_CLASS::旧河道,63,6300.0,0.0063,687,68700.0,683,68300.0,0.9941775836972343,0.09224011713030747,0.09170305676855896,10.0
71016,71,16,830303,,518,B_830303_518,水部,LF_CLASS::水部,B_830303_518_LF_CLASS::水部,74,7400.0,0.0074,687,68700.0,683,68300.0,0.9941775836972343,0.10834553440702782,0.10771470160116449,10.0
72016,72,16,830303,,8,B_830303_8,水部,LF_CLASS::水部,B_830303_8_LF_CLASS::水部,27,2700.0,0.0027,27,2700.0,27,2700.0,1.0,1.0,1.0,10.0
73016,73,16,830304,,1,B_830304_1,水部,LF_CLASS::水部,B_830304_1_LF_CLASS::水部,11783,1178300.0,1.1783,28148,2814800.0,25061,2506100.0,0.8903296859457155,0.4701727784206536,0.418608782151485,10.0
73017,73,17,830304,,1,B_830304_1,旧水部,LF_CLASS::旧水部,B_830304_1_LF_CLASS::旧水部,13278,1327800.0,1.3278,28148,2814800.0,25061,2506100.0,0.8903296859457155,0.5298272215793464,0.4717209037942305,10.0
74016,74,16,830304,,10,B_830304_10,水部,LF_CLASS::水部,B_830304_10_LF_CLASS::水部,24389,2438900.0,2.4389,24391,2439100.0,24389,2438900.0,0.9999180025419212,1.0,0.9999180025419212,10.0
75001,75,1,830304,,105,B_830304_105,山地斜面等,LF_CLASS::山地斜面等,B_830304_105_LF_CLASS::山地斜面等,5094,509400.0,0.5094,46207,4620700.0,46205,4620500.0,0.9999567165148138,0.11024780867871442,0.11024303676932067,10.0
75004,75,4,830304,,105,B_830304_105,台地・段丘,LF_CLASS::台地・段丘,B_830304_105_LF_CLASS::台地・段丘,38624,3862400.0,3.8624,46207,4620700.0,46205,4620500.0,0.9999567165148138,0.8359268477437507,0.8358906659164196,10.0
75006,75,6,830304,,105,B_830304_105,扇状地,LF_CLASS::扇状地,B_830304_105_LF_CLASS::扇状地,2477,247700.0,0.2477,46207,4620700.0,46205,4620500.0,0.9999567165148138,0.05360891678389785,0.05360659640314238,10.0
75016,75,16,830304,,105,B_830304_105,水部,LF_CLASS::水部,B_830304_105_LF_CLASS::水部,10,1000.0,0.001,46207,4620700.0,46205,4620500.0,0.9999567165148138,0.00021642679363705227,0.00021641742593113598,10.0
76007,76,7,830304,,11,B_830304_11,自然堤防,LF_CLASS::自然堤防,B_830304_11_LF_CLASS::自然堤防,72034,7203400.0,7.2034,227691,22769100.0,205230,20523000.0,0.9013531496633596,0.35099157043317253,0.316367357515229,10.0
76009,76,9,830304,,11,B_830304_11,砂州・砂丘,LF_CLASS::砂州・砂丘,B_830304_11_LF_CLASS::砂州・砂丘,1493,149300.0,0.1493,227691,22769100.0,205230,20523000.0,0.9013531496633596,0.007274764897919408,0.006557132253800106,10.0
76011,76,11,830304,,11,B_830304_11,氾濫平野・海岸平野,LF_CLASS::氾濫平野・海岸平野,B_830304_11_LF_CLASS::氾濫平野・海岸平野,75247,7524700.0,7.5247,227691,22769100.0,205230,20523000.0,0.9013531496633596,0.3666471763387419,0.3304785872081022,10.0
76013,76,13,830304,,11,B_830304_11,旧河道,LF_CLASS::旧河道,B_830304_11_LF_CLASS::旧河道,5212,521200.0,0.5212,227691,22769100.0,205230,20523000.0,0.9013531496633596,0.025395897285971837,0.022890672007237878,10.0
76016,76,16,830304,,11,B_830304_11,水部,LF_CLASS::水部,B_830304_11_LF_CLASS::水部,50805,5080500.0,5.0805,227691,22769100.0,205230,20523000.0,0.9013531496633596,0.24755152755445112,0.22313134906518045,10.0
76017,76,17,830304,,11,B_830304_11,旧水部,LF_CLASS::旧水部,B_830304_11_LF_CLASS::旧水部,439,43900.0,0.0439,227691,22769100.0,205230,20523000.0,0.9013531496633596,0.002139063489743215,0.0019280516138099441,10.0
77016,77,16,830304,,12,B_830304_12,水部,LF_CLASS::水部,B_830304_12_LF_CLASS::水部,423,42300.0,0.0423,9246,924600.0,9204,920400.0,0.9954574951330305,0.04595827900912647,0.045749513303049966,10.0
77017,77,17,830304,,12,B_830304_12,旧水部,LF_CLASS::旧水部,B_830304_12_LF_CLASS::旧水部,8781,878100.0,0.8781,9246,924600.0,9204,920400.0,0.9954574951330305,0.9540417209908736,0.9497079818299805,10.0
78001,78,1,830304,,120,B_830304_120,山地斜面等,LF_CLASS::山地斜面等,B_830304_120_LF_CLASS::山地斜面等,33074,3307400.0,3.3074,95979,9597900.0,95976,9597600.0,0.9999687431625668,0.34460698507960325,0.34459621375509225,10.0
78002,78,2,830304,,120,B_830304_120,崖・段丘崖,LF_CLASS::崖・段丘崖,B_830304_120_LF_CLASS::崖・段丘崖,684,68400.0,0.0684,95979,9597900.0,95976,9597600.0,0.9999687431625668,0.007126781695423856,0.007126558934766981,10.0
78004,78,4,830304,,120,B_830304_120,台地・段丘,LF_CLASS::台地・段丘,B_830304_120_LF_CLASS::台地・段丘,32561,3256100.0,3.2561,95979,9597900.0,95976,9597600.0,0.9999687431625668,0.33926189880803537,0.33925129455401704,10.0
78005,78,5,830304,,120,B_830304_120,山麓堆積地形,LF_CLASS::山麓堆積地形,B_830304_120_LF_CLASS::山麓堆積地形,231,23100.0,0.0231,95979,9597900.0,95976,9597600.0,0.9999687431625668,0.002406851712928232,0.002406776482355515,10.0
78010,78,10,830304,,120,B_830304_120,凹地・浅い谷,LF_CLASS::凹地・浅い谷,B_830304_120_LF_CLASS::凹地・浅い谷,6131,613100.0,0.6131,95979,9597900.0,95976,9597600.0,0.9999687431625668,0.06388055347170125,0.06387855676762626,10.0
78011,78,11,830304,,120,B_830304_120,氾濫平野・海岸平野,LF_CLASS::氾濫平野・海岸平野,B_830304_120_LF_CLASS::氾濫平野・海岸平野,22161,2216100.0,2.2161,95979,9597900.0,95976,9597600.0,0.9999687431625668,0.2309014753688422,0.23089425811896352,10.0
78016,78,16,830304,,120,B_830304_120,水部,LF_CLASS::水部,B_830304_120_LF_CLASS::水部,1134,113400.0,0.1134,95979,9597900.0,95976,9597600.0,0.9999687431625668,0.011815453863465867,0.011815084549745256,10.0
79016,79,16,830304,,13,B_830304_13,水部,LF_CLASS::水部,B_830304_13_LF_CLASS::水部,139,13900.0,0.0139,2310,231000.0,2310,231000.0,1.0,0.06017316017316017,0.06017316017316017,10.0
79017,79,17,830304,,13,B_830304_13,旧水部,LF_CLASS::旧水部,B_830304_13_LF_CLASS::旧水部,2171,217100.0,0.2171,2310,231000.0,2310,231000.0,1.0,0.9398268398268398,0.9398268398268398,10.0
80001,80,1,830304,,134,B_830304_134,山地斜面等,LF_CLASS::山地斜面等,B_830304_134_LF_CLASS::山地斜面等,10848,1084800.0,1.0848,11046,1104600.0,11046,1104600.0,1.0,0.9820749592612711,0.9820749592612711,10.0
80011,80,11,830304,,134,B_830304_134,氾濫平野・海岸平野,LF_CLASS::氾濫平野・海岸平野,B_830304_134_LF_CLASS::氾濫平野・海岸平野,198,19800.0,0.0198,11046,1104600.0,11046,1104600.0,1.0,0.017925040738728953,0.017925040738728953,10.0
81001,81,1,830304,,139,B_830304_139,山地斜面等,LF_CLASS::山地斜面等,B_830304_139_LF_CLASS::山地斜面等,101403,10140300.0,10.1403,145728,14572800.0,125748,12574800.0,0.8628952569169961,0.806398511308331,0.6958374505928854,10.0
81004,81,4,830304,,139,B_830304_139,台地・段丘,LF_CLASS::台地・段丘,B_830304_139_LF_CLASS::台地・段丘,6305,630500.0,0.6305,145728,14572800.0,125748,12574800.0,0.8628952569169961,0.05013996246461176,0.043265535792709704,10.0
81006,81,6,830304,,139,B_830304_139,扇状地,LF_CLASS::扇状地,B_830304_139_LF_CLASS::扇状地,93,9300.0,0.0093,145728,14572800.0,125748,12574800.0,0.8628952569169961,0.0007395743868689761,0.0006381752305665349,10.0
81011,81,11,830304,,139,B_830304_139,氾濫平野・海岸平野,LF_CLASS::氾濫平野・海岸平野,B_830304_139_LF_CLASS::氾濫平野・海岸平野,16088,1608800.0,1.6088,145728,14572800.0,125748,12574800.0,0.8628952569169961,0.12793841651557084,0.11039745278875714,10.0
81015,81,15,830304,,139,B_830304_139,河川敷・浜,LF_CLASS::河川敷・浜,B_830304_139_LF_CLASS::河川敷・浜,1753,175300.0,0.1753,145728,14572800.0,125748,12574800.0,0.8628952569169961,0.013940579571842096,0.012029259991216512,10.0
81016,81,16,830304,,139,B_830304_139,水部,LF_CLASS::水部,B_830304_139_LF_CLASS::水部,106,10600.0,0.0106,145728,14572800.0,125748,12574800.0,0.8628952569169961,0.0008429557527753921,0.0007273825208607817,10.0
82016,82,16,830304,,14,B_830304_14,水部,LF_CLASS::水部,B_830304_14_LF_CLASS::水部,12033,1203300.0,1.2033,14642,1464200.0,14642,1464200.0,1.0,0.8218139598415517,0.8218139598415517,10.0
82017,82,17,830304,,14,B_830304_14,旧水部,LF_CLASS::旧水部,B_830304_14_LF_CLASS::旧水部,2609,260900.0,0.2609,14642,1464200.0,14642,1464200.0,1.0,0.1781860401584483,0.1781860401584483,10.0
83001,83,1,830304,,15,B_830304_15,山地斜面等,LF_CLASS::山地斜面等,B_830304_15_LF_CLASS::山地斜面等,175,17500.0,0.0175,192116,19211600.0,190233,19023300.0,0.9901986299943784,0.0009199245136227678,0.0009109079930875097,10.0
83002,83,2,830304,,15,B_830304_15,崖・段丘崖,LF_CLASS::崖・段丘崖,B_830304_15_LF_CLASS::崖・段丘崖,788,78800.0,0.0788,192116,19211600.0,190233,19023300.0,0.9901986299943784,0.004142288667055663,0.004101688563159758,10.0
83004,83,4,830304,,15,B_830304_15,台地・段丘,LF_CLASS::台地・段丘,B_830304_15_LF_CLASS::台地・段丘,4421,442100.0,0.4421,192116,19211600.0,190233,19023300.0,0.9901986299943784,0.023239921569864323,0.023012138499656457,10.0
83007,83,7,830304,,15,B_830304_15,自然堤防,LF_CLASS::自然堤防,B_830304_15_LF_CLASS::自然堤防,11398,1139800.0,1.1398,192116,19211600.0,190233,19023300.0,0.9901986299943784,0.05991599775012747,0.059328738886922486,10.0
83009,83,9,830304,,15,B_830304_15,砂州・砂丘,LF_CLASS::砂州・砂丘,B_830304_15_LF_CLASS::砂州・砂丘,13291,1329100.0,1.3291,192116,19211600.0,190233,19023300.0,0.9901986299943784,0.06986695263177262,0.06918216077786338,10.0
83011,83,11,830304,,15,B_830304_15,氾濫平野・海岸平野,LF_CLASS::氾濫平野・海岸平野,B_830304_15_LF_CLASS::氾濫平野・海岸平野,119065,11906500.0,11.9065,192116,19211600.0,190233,19023300.0,0.9901986299943784,0.6258903555113992,0.6197557725540819,10.0
83013,83,13,830304,,15,B_830304_15,旧河道,LF_CLASS::旧河道,B_830304_15_LF_CLASS::旧河道,243,24300.0,0.0243,192116,19211600.0,190233,19023300.0,0.9901986299943784,0.0012773808960590434,0.0012648608132586562,10.0
83016,83,16,830304,,15,B_830304_15,水部,LF_CLASS::水部,B_830304_15_LF_CLASS::水部,37330,3733000.0,3.733,192116,19211600.0,190233,19023300.0,0.9901986299943784,0.19623304053450244,0.19430968789689562,10.0
83017,83,17,830304,,15,B_830304_15,旧水部,LF_CLASS::旧水部,B_830304_15_LF_CLASS::旧水部,3522,352200.0,0.3522,192116,19211600.0,190233,19023300.0,0.9901986299943784,0.018514137925596506,0.018332674009452623,10.0
84001,84,1,830304,,155,B_830304_155,山地斜面等,LF_CLASS::山地斜面等,B_830304_155_LF_CLASS::山地斜面等,934,93400.0,0.0934,1724,172400.0,1724,172400.0,1.0,0.5417633410672854,0.5417633410672854,10.0
84004,84,4,830304,,155,B_830304_155,台地・段丘,LF_CLASS::台地・段丘,B_830304_155_LF_CLASS::台地・段丘,658,65800.0,0.0658,1724,172400.0,1724,172400.0,1.0,0.38167053364269143,0.38167053364269143,10.0
84006,84,6,830304,,155,B_830304_155,扇状地,LF_CLASS::扇状地,B_830304_155_LF_CLASS::扇状地,35,3500.0,0.0035,1724,172400.0,1724,172400.0,1.0,0.020301624129930394,0.020301624129930394,10.0
84016,84,16,830304,,155,B_830304_155,水部,LF_CLASS::水部,B_830304_155_LF_CLASS::水部,97,9700.0,0.0097,1724,172400.0,1724,172400.0,1.0,0.05626450116009281,0.05626450116009281,10.0
85001,85,1,830304,,158,B_830304_158,山地斜面等,LF_CLASS::山地斜面等,B_830304_158_LF_CLASS::山地斜面等,3156,315600.0,0.3156,5672,567200.0,5672,567200.0,1.0,0.5564174894217208,0.5564174894217208,10.0
85004,85,4,830304,,158,B_830304_158,台地・段丘,LF_CLASS::台地・段丘,B_830304_158_LF_CLASS::台地・段丘,1303,130300.0,0.1303,5672,567200.0,5672,567200.0,1.0,0.22972496473906912,0.22972496473906912,10.0
85011,85,11,830304,,158,B_830304_158,氾濫平野・海岸平野,LF_CLASS::氾濫平野・海岸平野,B_830304_158_LF_CLASS::氾濫平野・海岸平野,756,75600.0,0.0756,5672,567200.0,5672,567200.0,1.0,0.13328631875881522,0.13328631875881522,10.0
85015,85,15,830304,,158,B_830304_158,河川敷・浜,LF_CLASS::河川敷・浜,B_830304_158_LF_CLASS::河川敷・浜,9,900.0,0.0009,5672,567200.0,5672,567200.0,1.0,0.0015867418899858955,0.0015867418899858955,10.0
85016,85,16,830304,,158,B_830304_158,水部,LF_CLASS::水部,B_830304_158_LF_CLASS::水部,448,44800.0,0.0448,5672,567200.0,5672,567200.0,1.0,0.07898448519040903,0.07898448519040903,10.0
86002,86,2,830304,,16,B_830304_16,崖・段丘崖,LF_CLASS::崖・段丘崖,B_830304_16_LF_CLASS::崖・段丘崖,1090,109000.0,0.109,85457,8545700.0,85394,8539400.0,0.99926278713271,0.012764362835796426,0.012754952783271118,10.0
86004,86,4,830304,,16,B_830304_16,台地・段丘,LF_CLASS::台地・段丘,B_830304_16_LF_CLASS::台地・段丘,24717,2471700.0,2.4717,85457,8545700.0,85394,8539400.0,0.99926278713271,0.28944656533245894,0.289233181600103,10.0
86007,86,7,830304,,16,B_830304_16,自然堤防,LF_CLASS::自然堤防,B_830304_16_LF_CLASS::自然堤防,12927,1292700.0,1.2927,85457,8545700.0,85394,8539400.0,0.99926278713271,0.15138065906269763,0.15126905929297776,10.0
86009,86,9,830304,,16,B_830304_16,砂州・砂丘,LF_CLASS::砂州・砂丘,B_830304_16_LF_CLASS::砂州・砂丘,1572,157200.0,0.1572,85457,8545700.0,85394,8539400.0,0.99926278713271,0.018408787502634846,0.018395216307616695,10.0
86010,86,10,830304,,16,B_830304_16,凹地・浅い谷,LF_CLASS::凹地・浅い谷,B_830304_16_LF_CLASS::凹地・浅い谷,3145,314500.0,0.3145,85457,8545700.0,85394,8539400.0,0.99926278713271,0.03682928542988969,0.036802134406777674,10.0
86011,86,11,830304,,16,B_830304_16,氾濫平野・海岸平野,LF_CLASS::氾濫平野・海岸平野,B_830304_16_LF_CLASS::氾濫平野・海岸平野,36879,3687900.0,3.6879,85457,8545700.0,85394,8539400.0,0.99926278713271,0.4318687495608591,0.43155037036170235,10.0
86013,86,13,830304,,16,B_830304_16,旧河道,LF_CLASS::旧河道,B_830304_16_LF_CLASS::旧河道,792,79200.0,0.0792,85457,8545700.0,85394,8539400.0,0.99926278713271,0.009274656299037403,0.00926781890307406,10.0
86016,86,16,830304,,16,B_830304_16,水部,LF_CLASS::水部,B_830304_16_LF_CLASS::水部,4272,427200.0,0.4272,85457,8545700.0,85394,8539400.0,0.99926278713271,0.05002693397662599,0.04999005347718736,10.0
87001,87,1,830304,,161,B_830304_161,山地斜面等,LF_CLASS::山地斜面等,B_830304_161_LF_CLASS::山地斜面等,36142,3614200.0,3.6142,51118,5111800.0,49471,4947100.0,0.9677804295942721,0.7305694245113299,0.707030791502015,10.0
87004,87,4,830304,,161,B_830304_161,台地・段丘,LF_CLASS::台地・段丘,B_830304_161_LF_CLASS::台地・段丘,9470,947000.0,0.947,51118,5111800.0,49471,4947100.0,0.9677804295942721,0.19142527945665136,0.18525763918776164,10.0
87006,87,6,830304,,161,B_830304_161,扇状地,LF_CLASS::扇状地,B_830304_161_LF_CLASS::扇状地,91,9100.0,0.0091,51118,5111800.0,49471,4947100.0,0.9677804295942721,0.0018394615026985507,0.0017801948433037286,10.0
87010,87,10,830304,,161,B_830304_161,凹地・浅い谷,LF_CLASS::凹地・浅い谷,B_830304_161_LF_CLASS::凹地・浅い谷,71,7100.0,0.0071,51118,5111800.0,49471,4947100.0,0.9677804295942721,0.0014351842493582098,0.0013889432293908211,10.0
87011,87,11,830304,,161,B_830304_161,氾濫平野・海岸平野,LF_CLASS::氾濫平野・海岸平野,B_830304_161_LF_CLASS::氾濫平野・海岸平野,2143,214300.0,0.2143,51118,5111800.0,49471,4947100.0,0.9677804295942721,0.043318307695417516,0.041922610430768024,10.0
87015,87,15,830304,,161,B_830304_161,河川敷・浜,LF_CLASS::河川敷・浜,B_830304_161_LF_CLASS::河川敷・浜,1385,138500.0,0.1385,51118,5111800.0,49471,4947100.0,0.9677804295942721,0.0279961997938186,0.027094174263468836,10.0
87016,87,16,830304,,161,B_830304_161,水部,LF_CLASS::水部,B_830304_161_LF_CLASS::水部,169,16900.0,0.0169,51118,5111800.0,49471,4947100.0,0.9677804295942721,0.00341614279072588,0.0033060761375640676,10.0
88001,88,1,830304,,167,B_830304_167,山地斜面等,LF_CLASS::山地斜面等,B_830304_167_LF_CLASS::山地斜面等,1215,121500.0,0.1215,70445,7044500.0,1490,149000.0,0.02115125275037263,0.8154362416107382,0.017247498048122648,10.0
88011,88,11,830304,,167,B_830304_167,氾濫平野・海岸平野,LF_CLASS::氾濫平野・海岸平野,B_830304_167_LF_CLASS::氾濫平野・海岸平野,169,16900.0,0.0169,70445,7044500.0,1490,149000.0,0.02115125275037263,0.11342281879194631,0.002399034707928171,10.0
88015,88,15,830304,,167,B_830304_167,河川敷・浜,LF_CLASS::河川敷・浜,B_830304_167_LF_CLASS::河川敷・浜,106,10600.0,0.0106,70445,7044500.0,1490,149000.0,0.02115125275037263,0.07114093959731543,0.0015047199943218114,10.0
89007,89,7,830304,,17,B_830304_17,自然堤防,LF_CLASS::自然堤防,B_830304_17_LF_CLASS::自然堤防,368,36800.0,0.0368,2509,250900.0,2450,245000.0,0.9764846552411319,0.15020408163265306,0.14667198086887206,10.0
89011,89,11,830304,,17,B_830304_17,氾濫平野・海岸平野,LF_CLASS::氾濫平野・海岸平野,B_830304_17_LF_CLASS::氾濫平野・海岸平野,2044,204400.0,0.2044,2509,250900.0,2450,245000.0,0.9764846552411319,0.8342857142857143,0.8146671980868873,10.0
89016,89,16,830304,,17,B_830304_17,水部,LF_CLASS::水部,B_830304_17_LF_CLASS::水部,9,900.0,0.0009,2509,250900.0,2450,245000.0,0.9764846552411319,0.003673469387755102,0.0035870864886408927,10.0
89017,89,17,830304,,17,B_830304_17,旧水部,LF_CLASS::旧水部,B_830304_17_LF_CLASS::旧水部,29,2900.0,0.0029,2509,250900.0,2450,245000.0,0.9764846552411319,0.01183673469387755,0.011558389796731766,10.0
90011,90,11,830304,,18,B_830304_18,氾濫平野・海岸平野,LF_CLASS::氾濫平野・海岸平野,B_830304_18_LF_CLASS::氾濫平野・海岸平野,330,33000.0,0.033,1565,156500.0,1182,118200.0,0.7552715654952077,0.27918781725888325,0.2108626198083067,10.0
90016,90,16,830304,,18,B_830304_18,水部,LF_CLASS::水部,B_830304_18_LF_CLASS::水部,852,85200.0,0.0852,1565,156500.0,1182,118200.0,0.7552715654952077,0.7208121827411168,0.544408945686901,10.0
91001,91,1,830304,,189,B_830304_189,山地斜面等,LF_CLASS::山地斜面等,B_830304_189_LF_CLASS::山地斜面等,654,65400.0,0.0654,4503,450300.0,1086,108600.0,0.24117255163224516,0.6022099447513812,0.145236508994004,10.0
91004,91,4,830304,,189,B_830304_189,台地・段丘,LF_CLASS::台地・段丘,B_830304_189_LF_CLASS::台地・段丘,349,34900.0,0.0349,4503,450300.0,1086,108600.0,0.24117255163224516,0.32136279926335176,0.07750388629802354,10.0
91011,91,11,830304,,189,B_830304_189,氾濫平野・海岸平野,LF_CLASS::氾濫平野・海岸平野,B_830304_189_LF_CLASS::氾濫平野・海岸平野,83,8300.0,0.0083,4503,450300.0,1086,108600.0,0.24117255163224516,0.07642725598526703,0.018432156340217633,10.0
92011,92,11,830304,,19,B_830304_19,氾濫平野・海岸平野,LF_CLASS::氾濫平野・海岸平野,B_830304_19_LF_CLASS::氾濫平野・海岸平野,56,5600.0,0.0056,2776,277600.0,1633,163300.0,0.5882564841498559,0.034292712798530314,0.020172910662824207,10.0
92016,92,16,830304,,19,B_830304_19,水部,LF_CLASS::水部,B_830304_19_LF_CLASS::水部,1577,157700.0,0.1577,2776,277600.0,1633,163300.0,0.5882564841498559,0.9657072872014697,0.5680835734870316,10.0
93001,93,1,830304,,194,B_830304_194,山地斜面等,LF_CLASS::山地斜面等,B_830304_194_LF_CLASS::山地斜面等,1727,172700.0,0.1727,99996,9999600.0,2095,209500.0,0.02095083803352134,0.8243436754176611,0.017270690827633106,10.0
93004,93,4,830304,,194,B_830304_194,台地・段丘,LF_CLASS::台地・段丘,B_830304_194_LF_CLASS::台地・段丘,186,18600.0,0.0186,99996,9999600.0,2095,209500.0,0.02095083803352134,0.08878281622911695,0.001860074402976119,10.0
93011,93,11,830304,,194,B_830304_194,氾濫平野・海岸平野,LF_CLASS::氾濫平野・海岸平野,B_830304_194_LF_CLASS::氾濫平野・海岸平野,80,8000.0,0.008,99996,9999600.0,2095,209500.0,0.02095083803352134,0.03818615751789976,0.0008000320012800512,10.0
93015,93,15,830304,,194,B_830304_194,河川敷・浜,LF_CLASS::河川敷・浜,B_830304_194_LF_CLASS::河川敷・浜,102,10200.0,0.0102,99996,9999600.0,2095,209500.0,0.02095083803352134,0.0486873508353222,0.0010200408016320653,10.0
95016,95,16,830304,,2,B_830304_2,水部,LF_CLASS::水部,B_830304_2_LF_CLASS::水部,125,12500.0,0.0125,18207,1820700.0,18207,1820700.0,1.0,0.006865491294557038,0.006865491294557038,10.0
95017,95,17,830304,,2,B_830304_2,旧水部,LF_CLASS::旧水部,B_830304_2_LF_CLASS::旧水部,18082,1808200.0,1.8082,18207,1820700.0,18207,1820700.0,1.0,0.993134508705443,0.993134508705443,10.0
96007,96,7,830304,,20,B_830304_20,自然堤防,LF_CLASS::自然堤防,B_830304_20_LF_CLASS::自然堤防,7456,745600.0,0.7456,37018,3701800.0,36603,3660300.0,0.9887892376681614,0.20369915034286806,0.20141552758117673,10.0
96011,96,11,830304,,20,B_830304_20,氾濫平野・海岸平野,LF_CLASS::氾濫平野・海岸平野,B_830304_20_LF_CLASS::氾濫平野・海岸平野,17151,1715100.0,1.7151,37018,3701800.0,36603,3660300.0,0.9887892376681614,0.4685681501516269,0.4633151439840078,10.0
96012,96,12,830304,,20,B_830304_20,後背低地・湿地,LF_CLASS::後背低地・湿地,B_830304_20_LF_CLASS::後背低地・湿地,8498,849800.0,0.8498,37018,3701800.0,36603,3660300.0,0.9887892376681614,0.23216676228724423,0.22956399589388946,10.0
96013,96,13,830304,,20,B_830304_20,旧河道,LF_CLASS::旧河道,B_830304_20_LF_CLASS::旧河道,2873,287300.0,0.2873,37018,3701800.0,36603,3660300.0,0.9887892376681614,0.07849083408463788,0.07761089199848722,10.0
96016,96,16,830304,,20,B_830304_20,水部,LF_CLASS::水部,B_830304_20_LF_CLASS::水部,559,55900.0,0.0559,37018,3701800.0,36603,3660300.0,0.9887892376681614,0.015271972242712347,0.015100761791560863,10.0
96017,96,17,830304,,20,B_830304_20,旧水部,LF_CLASS::旧水部,B_830304_20_LF_CLASS::旧水部,66,6600.0,0.0066,37018,3701800.0,36603,3660300.0,0.9887892376681614,0.001803130890910581,0.0017829164190393861,10.0
97016,97,16,830304,,21,B_830304_21,水部,LF_CLASS::水部,B_830304_21_LF_CLASS::水部,518,51800.0,0.0518,5894,589400.0,5894,589400.0,1.0,0.08788598574821853,0.08788598574821853,10.0
97017,97,17,830304,,21,B_830304_21,旧水部,LF_CLASS::旧水部,B_830304_21_LF_CLASS::旧水部,5376,537600.0,0.5376,5894,589400.0,5894,589400.0,1.0,0.9121140142517815,0.9121140142517815,10.0
98016,98,16,830304,,22,B_830304_22,水部,LF_CLASS::水部,B_830304_22_LF_CLASS::水部,627,62700.0,0.0627,8885,888500.0,8885,888500.0,1.0,0.07056837366347778,0.07056837366347778,10.0
98017,98,17,830304,,22,B_830304_22,旧水部,LF_CLASS::旧水部,B_830304_22_LF_CLASS::旧水部,8258,825800.0,0.8258,8885,888500.0,8885,888500.0,1.0,0.9294316263365222,0.9294316263365222,10.0
100016,100,16,830304,,23,B_830304_23,水部,LF_CLASS::水部,B_830304_23_LF_CLASS::水部,4144,414400.0,0.4144,8820,882000.0,8820,882000.0,1.0,0.46984126984126984,0.46984126984126984,10.0
100017,100,17,830304,,23,B_830304_23,旧水部,LF_CLASS::旧水部,B_830304_23_LF_CLASS::旧水部,4676,467600.0,0.4676,8820,882000.0,8820,882000.0,1.0,0.5301587301587302,0.5301587301587302,10.0
102016,102,16,830304,,24,B_830304_24,水部,LF_CLASS::水部,B_830304_24_LF_CLASS::水部,3438,343800.0,0.3438,4637,463700.0,4637,463700.0,1.0,0.7414276471856804,0.7414276471856804,10.0
102017,102,17,830304,,24,B_830304_24,旧水部,LF_CLASS::旧水部,B_830304_24_LF_CLASS::旧水部,1199,119900.0,0.1199,4637,463700.0,4637,463700.0,1.0,0.2585723528143196,0.2585723528143196,10.0
103002,103,2,830304,,25,B_830304_25,崖・段丘崖,LF_CLASS::崖・段丘崖,B_830304_25_LF_CLASS::崖・段丘崖,728,72800.0,0.0728,77011,7701100.0,76837,7683700.0,0.9977405825141863,0.009474602079727215,0.009453194998117151,10.0
103004,103,4,830304,,25,B_830304_25,台地・段丘,LF_CLASS::台地・段丘,B_830304_25_LF_CLASS::台地・段丘,3883,388300.0,0.3883,77011,7701100.0,76837,7683700.0,0.9977405825141863,0.05053554927964392,0.050421368375946296,10.0
103009,103,9,830304,,25,B_830304_25,砂州・砂丘,LF_CLASS::砂州・砂丘,B_830304_25_LF_CLASS::砂州・砂丘,20572,2057200.0,2.0572,77011,7701100.0,76837,7683700.0,0.9977405825141863,0.26773559613207176,0.26713066964459625,10.0
103011,103,11,830304,,25,B_830304_25,氾濫平野・海岸平野,LF_CLASS::氾濫平野・海岸平野,B_830304_25_LF_CLASS::氾濫平野・海岸平野,40595,4059500.0,4.0595,77011,7701100.0,76837,7683700.0,0.9977405825141863,0.5283261970144592,0.5271324875667113,10.0
103016,103,16,830304,,25,B_830304_25,水部,LF_CLASS::水部,B_830304_25_LF_CLASS::水部,4842,484200.0,0.4842,77011,7701100.0,76837,7683700.0,0.9977405825141863,0.06301651548082304,0.06287413486385061,10.0
103017,103,17,830304,,25,B_830304_25,旧水部,LF_CLASS::旧水部,B_830304_25_LF_CLASS::旧水部,6217,621700.0,0.6217,77011,7701100.0,76837,7683700.0,0.9977405825141863,0.08091154001327486,0.08072872706496474,10.0
105001,105,1,830304,,26,B_830304_26,山地斜面等,LF_CLASS::山地斜面等,B_830304_26_LF_CLASS::山地斜面等,16522,1652200.0,1.6522,123255,12325500.0,123255,12325500.0,1.0,0.13404730031236056,0.13404730031236056,10.0
105002,105,2,830304,,26,B_830304_26,崖・段丘崖,LF_CLASS::崖・段丘崖,B_830304_26_LF_CLASS::崖・段丘崖,1183,118300.0,0.1183,123255,12325500.0,123255,12325500.0,1.0,0.009597987911240924,0.009597987911240924,10.0
105004,105,4,830304,,26,B_830304_26,台地・段丘,LF_CLASS::台地・段丘,B_830304_26_LF_CLASS::台地・段丘,73021,7302100.0,7.3021,123255,12325500.0,123255,12325500.0,1.0,0.5924384406312118,0.5924384406312118,10.0
105007,105,7,830304,,26,B_830304_26,自然堤防,LF_CLASS::自然堤防,B_830304_26_LF_CLASS::自然堤防,1180,118000.0,0.118,123255,12325500.0,123255,12325500.0,1.0,0.009573648127864995,0.009573648127864995,10.0
105009,105,9,830304,,26,B_830304_26,砂州・砂丘,LF_CLASS::砂州・砂丘,B_830304_26_LF_CLASS::砂州・砂丘,6066,606600.0,0.6066,123255,12325500.0,123255,12325500.0,1.0,0.04921504198612632,0.04921504198612632,10.0
105010,105,10,830304,,26,B_830304_26,凹地・浅い谷,LF_CLASS::凹地・浅い谷,B_830304_26_LF_CLASS::凹地・浅い谷,4083,408300.0,0.4083,123255,12325500.0,123255,12325500.0,1.0,0.03312644517463795,0.03312644517463795,10.0
105011,105,11,830304,,26,B_830304_26,氾濫平野・海岸平野,LF_CLASS::氾濫平野・海岸平野,B_830304_26_LF_CLASS::氾濫平野・海岸平野,19259,1925900.0,1.9259,123255,12325500.0,123255,12325500.0,1.0,0.15625329601233215,0.15625329601233215,10.0
105013,105,13,830304,,26,B_830304_26,旧河道,LF_CLASS::旧河道,B_830304_26_LF_CLASS::旧河道,257,25700.0,0.0257,123255,12325500.0,123255,12325500.0,1.0,0.002085108109204495,0.002085108109204495,10.0
105016,105,16,830304,,26,B_830304_26,水部,LF_CLASS::水部,B_830304_26_LF_CLASS::水部,1684,168400.0,0.1684,123255,12325500.0,123255,12325500.0,1.0,0.013662731735020892,0.013662731735020892,10.0
108002,108,2,830304,,27,B_830304_27,崖・段丘崖,LF_CLASS::崖・段丘崖,B_830304_27_LF_CLASS::崖・段丘崖,2112,211200.0,0.2112,56798,5679800.0,56475,5647500.0,0.9943131800415508,0.03739707835325365,0.03718440790168668,10.0
108004,108,4,830304,,27,B_830304_27,台地・段丘,LF_CLASS::台地・段丘,B_830304_27_LF_CLASS::台地・段丘,21420,2142000.0,2.142,56798,5679800.0,56475,5647500.0,0.9943131800415508,0.37928286852589643,0.37712595513926545,10.0
108005,108,5,830304,,27,B_830304_27,山麓堆積地形,LF_CLASS::山麓堆積地形,B_830304_27_LF_CLASS::山麓堆積地形,199,19900.0,0.0199,56798,5679800.0,56475,5647500.0,0.9943131800415508,0.003523683045595396,0.003503644494524455,10.0
108007,108,7,830304,,27,B_830304_27,自然堤防,LF_CLASS::自然堤防,B_830304_27_LF_CLASS::自然堤防,3018,301800.0,0.3018,56798,5679800.0,56475,5647500.0,0.9943131800415508,0.05343957503320053,0.05313567379133068,10.0
108009,108,9,830304,,27,B_830304_27,砂州・砂丘,LF_CLASS::砂州・砂丘,B_830304_27_LF_CLASS::砂州・砂丘,5931,593100.0,0.5931,56798,5679800.0,56475,5647500.0,0.9943131800415508,0.1050199203187251,0.10442269093982183,10.0
108011,108,11,830304,,27,B_830304_27,氾濫平野・海岸平野,LF_CLASS::氾濫平野・海岸平野,B_830304_27_LF_CLASS::氾濫平野・海岸平野,18904,1890400.0,1.8904,56798,5679800.0,56475,5647500.0,0.9943131800415508,0.33473218238158475,0.3328286207260819,10.0
108012,108,12,830304,,27,B_830304_27,後背低地・湿地,LF_CLASS::後背低地・湿地,B_830304_27_LF_CLASS::後背低地・湿地,215,21500.0,0.0215,56798,5679800.0,56475,5647500.0,0.9943131800415508,0.003806994245241257,0.003785344554385718,10.0
108013,108,13,830304,,27,B_830304_27,旧河道,LF_CLASS::旧河道,B_830304_27_LF_CLASS::旧河道,2352,235200.0,0.2352,56798,5679800.0,56475,5647500.0,0.9943131800415508,0.04164674634794157,0.04140990879960562,10.0
108016,108,16,830304,,27,B_830304_27,水部,LF_CLASS::水部,B_830304_27_LF_CLASS::水部,2324,232400.0,0.2324,56798,5679800.0,56475,5647500.0,0.9943131800415508,0.04115095174856131,0.04091693369484841,10.0
112011,112,11,830304,,28,B_830304_28,氾濫平野・海岸平野,LF_CLASS::氾濫平野・海岸平野,B_830304_28_LF_CLASS::氾濫平野・海岸平野,28,2800.0,0.0028,81,8100.0,66,6600.0,0.8148148148148148,0.42424242424242425,0.345679012345679,10.0
112013,112,13,830304,,28,B_830304_28,旧河道,LF_CLASS::旧河道,B_830304_28_LF_CLASS::旧河道,38,3800.0,0.0038,81,8100.0,66,6600.0,0.8148148148148148,0.5757575757575758,0.4691358024691358,10.0
113007,113,7,830304,,29,B_830304_29,自然堤防,LF_CLASS::自然堤防,B_830304_29_LF_CLASS::自然堤防,901,90100.0,0.0901,12583,1258300.0,7776,777600.0,0.6179766351426528,0.115869341563786,0.0716045458157832,10.0
113011,113,11,830304,,29,B_830304_29,氾濫平野・海岸平野,LF_CLASS::氾濫平野・海岸平野,B_830304_29_LF_CLASS::氾濫平野・海岸平野,4081,408100.0,0.4081,12583,1258300.0,7776,777600.0,0.6179766351426528,0.5248199588477366,0.3243264722244298,10.0
113012,113,12,830304,,29,B_830304_29,後背低地・湿地,LF_CLASS::後背低地・湿地,B_830304_29_LF_CLASS::後背低地・湿地,69,6900.0,0.0069,12583,1258300.0,7776,777600.0,0.6179766351426528,0.008873456790123456,0.005483588969244218,10.0
113013,113,13,830304,,29,B_830304_29,旧河道,LF_CLASS::旧河道,B_830304_29_LF_CLASS::旧河道,478,47800.0,0.0478,12583,1258300.0,7776,777600.0,0.6179766351426528,0.06147119341563786,0.03798776126519908,10.0
113016,113,16,830304,,29,B_830304_29,水部,LF_CLASS::水部,B_830304_29_LF_CLASS::水部,2247,224700.0,0.2247,12583,1258300.0,7776,777600.0,0.6179766351426528,0.28896604938271603,0.1785742668679965,10.0
114016,114,16,830304,,3,B_830304_3,水部,LF_CLASS::水部,B_830304_3_LF_CLASS::水部,1722,172200.0,0.1722,3151,315100.0,2994,299400.0,0.950174547762615,0.5751503006012024,0.5464931767692796,10.0
114017,114,17,830304,,3,B_830304_3,旧水部,LF_CLASS::旧水部,B_830304_3_LF_CLASS::旧水部,1272,127200.0,0.1272,3151,315100.0,2994,299400.0,0.950174547762615,0.4248496993987976,0.40368137099333545,10.0
115016,115,16,830304,,31,B_830304_31,水部,LF_CLASS::水部,B_830304_31_LF_CLASS::水部,37,3700.0,0.0037,632,63200.0,632,63200.0,1.0,0.058544303797468354,0.058544303797468354,10.0
115017,115,17,830304,,31,B_830304_31,旧水部,LF_CLASS::旧水部,B_830304_31_LF_CLASS::旧水部,595,59500.0,0.0595,632,63200.0,632,63200.0,1.0,0.9414556962025317,0.9414556962025317,10.0
116016,116,16,830304,,32,B_830304_32,水部,LF_CLASS::水部,B_830304_32_LF_CLASS::水部,764,76400.0,0.0764,2734,273400.0,2734,273400.0,1.0,0.2794440380395026,0.2794440380395026,10.0
116017,116,17,830304,,32,B_830304_32,旧水部,LF_CLASS::旧水部,B_830304_32_LF_CLASS::旧水部,1970,197000.0,0.197,2734,273400.0,2734,273400.0,1.0,0.7205559619604974,0.7205559619604974,10.0
117016,117,16,830304,,33,B_830304_33,水部,LF_CLASS::水部,B_830304_33_LF_CLASS::水部,97,9700.0,0.0097,10145,1014500.0,10145,1014500.0,1.0,0.009561360275998028,0.009561360275998028,10.0
117017,117,17,830304,,33,B_830304_33,旧水部,LF_CLASS::旧水部,B_830304_33_LF_CLASS::旧水部,10048,1004800.0,1.0048,10145,1014500.0,10145,1014500.0,1.0,0.9904386397240019,0.9904386397240019,10.0
118016,118,16,830304,,34,B_830304_34,水部,LF_CLASS::水部,B_830304_34_LF_CLASS::水部,541,54100.0,0.0541,4482,448200.0,4482,448200.0,1.0,0.12070504239178938,0.12070504239178938,10.0
118017,118,17,830304,,34,B_830304_34,旧水部,LF_CLASS::旧水部,B_830304_34_LF_CLASS::旧水部,3941,394100.0,0.3941,4482,448200.0,4482,448200.0,1.0,0.8792949576082106,0.8792949576082106,10.0
119016,119,16,830304,,35,B_830304_35,水部,LF_CLASS::水部,B_830304_35_LF_CLASS::水部,800,80000.0,0.08,1751,175100.0,1751,175100.0,1.0,0.4568817818389492,0.4568817818389492,10.0
119017,119,17,830304,,35,B_830304_35,旧水部,LF_CLASS::旧水部,B_830304_35_LF_CLASS::旧水部,951,95100.0,0.0951,1751,175100.0,1751,175100.0,1.0,0.5431182181610509,0.5431182181610509,10.0
120009,120,9,830304,,36,B_830304_36,砂州・砂丘,LF_CLASS::砂州・砂丘,B_830304_36_LF_CLASS::砂州・砂丘,783,78300.0,0.0783,17812,1781200.0,17812,1781200.0,1.0,0.043959128677296205,0.043959128677296205,10.0
120011,120,11,830304,,36,B_830304_36,氾濫平野・海岸平野,LF_CLASS::氾濫平野・海岸平野,B_830304_36_LF_CLASS::氾濫平野・海岸平野,5589,558900.0,0.5589,17812,1781200.0,17812,1781200.0,1.0,0.3137772288344936,0.3137772288344936,10.0
120016,120,16,830304,,36,B_830304_36,水部,LF_CLASS::水部,B_830304_36_LF_CLASS::水部,11440,1144000.0,1.144,17812,1781200.0,17812,1781200.0,1.0,0.6422636424882102,0.6422636424882102,10.0
121001,121,1,830304,,37,B_830304_37,山地斜面等,LF_CLASS::山地斜面等,B_830304_37_LF_CLASS::山地斜面等,8194,819400.0,0.8194,128210,12821000.0,128204,12820400.0,0.9999532017783325,0.06391376244110948,0.06391077139068715,10.0
121002,121,2,830304,,37,B_830304_37,崖・段丘崖,LF_CLASS::崖・段丘崖,B_830304_37_LF_CLASS::崖・段丘崖,3532,353200.0,0.3532,128210,12821000.0,128204,12820400.0,0.9999532017783325,0.02754984243861346,0.027548553154980112,10.0
121004,121,4,830304,,37,B_830304_37,台地・段丘,LF_CLASS::台地・段丘,B_830304_37_LF_CLASS::台地・段丘,33406,3340600.0,3.3406,128210,12821000.0,128204,12820400.0,0.9999532017783325,0.26056909300801845,0.26055689883784416,10.0
121009,121,9,830304,,37,B_830304_37,砂州・砂丘,LF_CLASS::砂州・砂丘,B_830304_37_LF_CLASS::砂州・砂丘,12813,1281300.0,1.2813,128210,12821000.0,128204,12820400.0,0.9999532017783325,0.09994227949205953,0.0999376023711099,10.0
121010,121,10,830304,,37,B_830304_37,凹地・浅い谷,LF_CLASS::凹地・浅い谷,B_830304_37_LF_CLASS::凹地・浅い谷,734,73400.0,0.0734,128210,12821000.0,128204,12820400.0,0.9999532017783325,0.005725250382203363,0.0057249824506668745,10.0
121011,121,11,830304,,37,B_830304_37,氾濫平野・海岸平野,LF_CLASS::氾濫平野・海岸平野,B_830304_37_LF_CLASS::氾濫平野・海岸平野,27270,2727000.0,2.727,128210,12821000.0,128204,12820400.0,0.9999532017783325,0.2127078718292721,0.2126979174791358,10.0
121012,121,12,830304,,37,B_830304_37,後背低地・湿地,LF_CLASS::後背低地・湿地,B_830304_37_LF_CLASS::後背低地・湿地,2253,225300.0,0.2253,128210,12821000.0,128204,12820400.0,0.9999532017783325,0.017573554647280897,0.017572732236175025,10.0
121016,121,16,830304,,37,B_830304_37,水部,LF_CLASS::水部,B_830304_37_LF_CLASS::水部,8012,801200.0,0.8012,128210,12821000.0,128204,12820400.0,0.9999532017783325,0.062494149948519546,0.06249122533343733,10.0
121017,121,17,830304,,37,B_830304_37,旧水部,LF_CLASS::旧水部,B_830304_37_LF_CLASS::旧水部,31990,3199000.0,3.199,128210,12821000.0,128204,12820400.0,0.9999532017783325,0.24952419581292315,0.24951251852429607,10.0
122001,122,1,830304,,38,B_830304_38,山地斜面等,LF_CLASS::山地斜面等,B_830304_38_LF_CLASS::山地斜面等,1248,124800.0,0.1248,91652,9165200.0,91652,9165200.0,1.0,0.01361672413040632,0.01361672413040632,10.0
122002,122,2,830304,,38,B_830304_38,崖・段丘崖,LF_CLASS::崖・段丘崖,B_830304_38_LF_CLASS::崖・段丘崖,1030,103000.0,0.103,91652,9165200.0,91652,9165200.0,1.0,0.011238161742242396,0.011238161742242396,10.0
122004,122,4,830304,,38,B_830304_38,台地・段丘,LF_CLASS::台地・段丘,B_830304_38_LF_CLASS::台地・段丘,22706,2270600.0,2.2706,91652,9165200.0,91652,9165200.0,1.0,0.24774145681490856,0.24774145681490856,10.0
122009,122,9,830304,,38,B_830304_38,砂州・砂丘,LF_CLASS::砂州・砂丘,B_830304_38_LF_CLASS::砂州・砂丘,10098,1009800.0,1.0098,91652,9165200.0,91652,9165200.0,1.0,0.11017762842054729,0.11017762842054729,10.0
122010,122,10,830304,,38,B_830304_38,凹地・浅い谷,LF_CLASS::凹地・浅い谷,B_830304_38_LF_CLASS::凹地・浅い谷,792,79200.0,0.0792,91652,9165200.0,91652,9165200.0,1.0,0.008641382621219395,0.008641382621219395,10.0
122011,122,11,830304,,38,B_830304_38,氾濫平野・海岸平野,LF_CLASS::氾濫平野・海岸平野,B_830304_38_LF_CLASS::氾濫平野・海岸平野,18252,1825200.0,1.8252,91652,9165200.0,91652,9165200.0,1.0,0.19914459040719243,0.19914459040719243,10.0
122012,122,12,830304,,38,B_830304_38,後背低地・湿地,LF_CLASS::後背低地・湿地,B_830304_38_LF_CLASS::後背低地・湿地,1300,130000.0,0.13,91652,9165200.0,91652,9165200.0,1.0,0.014184087635839917,0.014184087635839917,10.0
122016,122,16,830304,,38,B_830304_38,水部,LF_CLASS::水部,B_830304_38_LF_CLASS::水部,27282,2728200.0,2.7282,91652,9165200.0,91652,9165200.0,1.0,0.29766944529306505,0.29766944529306505,10.0
122017,122,17,830304,,38,B_830304_38,旧水部,LF_CLASS::旧水部,B_830304_38_LF_CLASS::旧水部,8944,894400.0,0.8944,91652,9165200.0,91652,9165200.0,1.0,0.09758652293457862,0.09758652293457862,10.0
123001,123,1,830304,,39,B_830304_39,山地斜面等,LF_CLASS::山地斜面等,B_830304_39_LF_CLASS::山地斜面等,9947,994700.0,0.9947,51640,5164000.0,51640,5164000.0,1.0,0.19262199845081332,0.19262199845081332,10.0
123002,123,2,830304,,39,B_830304_39,崖・段丘崖,LF_CLASS::崖・段丘崖,B_830304_39_LF_CLASS::崖・段丘崖,1349,134900.0,0.1349,51640,5164000.0,51640,5164000.0,1.0,0.02612316034082107,0.02612316034082107,10.0
123004,123,4,830304,,39,B_830304_39,台地・段丘,LF_CLASS::台地・段丘,B_830304_39_LF_CLASS::台地・段丘,28824,2882400.0,2.8824,51640,5164000.0,51640,5164000.0,1.0,0.5581719597211464,0.5581719597211464,10.0
123005,123,5,830304,,39,B_830304_39,山麓堆積地形,LF_CLASS::山麓堆積地形,B_830304_39_LF_CLASS::山麓堆積地形,730,73000.0,0.073,51640,5164000.0,51640,5164000.0,1.0,0.014136328427575524,0.014136328427575524,10.0
123010,123,10,830304,,39,B_830304_39,凹地・浅い谷,LF_CLASS::凹地・浅い谷,B_830304_39_LF_CLASS::凹地・浅い谷,3174,317400.0,0.3174,51640,5164000.0,51640,5164000.0,1.0,0.06146398140975987,0.06146398140975987,10.0
123011,123,11,830304,,39,B_830304_39,氾濫平野・海岸平野,LF_CLASS::氾濫平野・海岸平野,B_830304_39_LF_CLASS::氾濫平野・海岸平野,7194,719400.0,0.7194,51640,5164000.0,51640,5164000.0,1.0,0.13931061192873742,0.13931061192873742,10.0
123013,123,13,830304,,39,B_830304_39,旧河道,LF_CLASS::旧河道,B_830304_39_LF_CLASS::旧河道,31,3100.0,0.0031,51640,5164000.0,51640,5164000.0,1.0,0.0006003098373353989,0.0006003098373353989,10.0
123016,123,16,830304,,39,B_830304_39,水部,LF_CLASS::水部,B_830304_39_LF_CLASS::水部,391,39100.0,0.0391,51640,5164000.0,51640,5164000.0,1.0,0.007571649883810999,0.007571649883810999,10.0
124016,124,16,830304,,4,B_830304_4,水部,LF_CLASS::水部,B_830304_4_LF_CLASS::水部,239,23900.0,0.0239,3447,344700.0,3447,344700.0,1.0,0.06933565419205105,0.06933565419205105,10.0
124017,124,17,830304,,4,B_830304_4,旧水部,LF_CLASS::旧水部,B_830304_4_LF_CLASS::旧水部,3208,320800.0,0.3208,3447,344700.0,3447,344700.0,1.0,0.930664345807949,0.930664345807949,10.0
125001,125,1,830304,,40,B_830304_40,山地斜面等,LF_CLASS::山地斜面等,B_830304_40_LF_CLASS::山地斜面等,5177,517700.0,0.5177,41853,4185300.0,41850,4185000.0,0.9999283205504982,0.1237037037037037,0.12369483669032089,10.0
125004,125,4,830304,,40,B_830304_40,台地・段丘,LF_CLASS::台地・段丘,B_830304_40_LF_CLASS::台地・段丘,21321,2132100.0,2.1321,41853,4185300.0,41850,4185000.0,0.9999283205504982,0.5094623655913979,0.5094258476094904,10.0
125010,125,10,830304,,40,B_830304_40,凹地・浅い谷,LF_CLASS::凹地・浅い谷,B_830304_40_LF_CLASS::凹地・浅い谷,7672,767200.0,0.7672,41853,4185300.0,41850,4185000.0,0.9999283205504982,0.18332138590203106,0.1833082455260077,10.0
125011,125,11,830304,,40,B_830304_40,氾濫平野・海岸平野,LF_CLASS::氾濫平野・海岸平野,B_830304_40_LF_CLASS::氾濫平野・海岸平野,7217,721700.0,0.7217,41853,4185300.0,41850,4185000.0,0.9999283205504982,0.17244922341696536,0.1724368623515638,10.0
125012,125,12,830304,,40,B_830304_40,後背低地・湿地,LF_CLASS::後背低地・湿地,B_830304_40_LF_CLASS::後背低地・湿地,301,30100.0,0.0301,41853,4185300.0,41850,4185000.0,0.9999283205504982,0.007192353643966547,0.007191838100016725,10.0
125016,125,16,830304,,40,B_830304_40,水部,LF_CLASS::水部,B_830304_40_LF_CLASS::水部,162,16200.0,0.0162,41853,4185300.0,41850,4185000.0,0.9999283205504982,0.003870967741935484,0.0038706902730987025,10.0
126016,126,16,830304,,41,B_830304_41,水部,LF_CLASS::水部,B_830304_41_LF_CLASS::水部,3,300.0,0.0003,3,300.0,3,300.0,1.0,1.0,1.0,10.0
127001,127,1,830304,,42,B_830304_42,山地斜面等,LF_CLASS::山地斜面等,B_830304_42_LF_CLASS::山地斜面等,716,71600.0,0.0716,46439,4643900.0,46439,4643900.0,1.0,0.015418075324619394,0.015418075324619394,10.0
127002,127,2,830304,,42,B_830304_42,崖・段丘崖,LF_CLASS::崖・段丘崖,B_830304_42_LF_CLASS::崖・段丘崖,1351,135100.0,0.1351,46439,4643900.0,46439,4643900.0,1.0,0.02909192704407933,0.02909192704407933,10.0
127004,127,4,830304,,42,B_830304_42,台地・段丘,LF_CLASS::台地・段丘,B_830304_42_LF_CLASS::台地・段丘,6548,654800.0,0.6548,46439,4643900.0,46439,4643900.0,1.0,0.14100217489610026,0.14100217489610026,10.0
127005,127,5,830304,,42,B_830304_42,山麓堆積地形,LF_CLASS::山麓堆積地形,B_830304_42_LF_CLASS::山麓堆積地形,423,42300.0,0.0423,46439,4643900.0,46439,4643900.0,1.0,0.009108723271388272,0.009108723271388272,10.0
127007,127,7,830304,,42,B_830304_42,自然堤防,LF_CLASS::自然堤防,B_830304_42_LF_CLASS::自然堤防,3168,316800.0,0.3168,46439,4643900.0,46439,4643900.0,1.0,0.0682185232240143,0.0682185232240143,10.0
127010,127,10,830304,,42,B_830304_42,凹地・浅い谷,LF_CLASS::凹地・浅い谷,B_830304_42_LF_CLASS::凹地・浅い谷,536,53600.0,0.0536,46439,4643900.0,46439,4643900.0,1.0,0.01154202286870949,0.01154202286870949,10.0
127011,127,11,830304,,42,B_830304_42,氾濫平野・海岸平野,LF_CLASS::氾濫平野・海岸平野,B_830304_42_LF_CLASS::氾濫平野・海岸平野,27804,2780400.0,2.7804,46439,4643900.0,46439,4643900.0,1.0,0.5987209026895497,0.5987209026895497,10.0
127012,127,12,830304,,42,B_830304_42,後背低地・湿地,LF_CLASS::後背低地・湿地,B_830304_42_LF_CLASS::後背低地・湿地,2394,239400.0,0.2394,46439,4643900.0,46439,4643900.0,1.0,0.05155149766360172,0.05155149766360172,10.0
127013,127,13,830304,,42,B_830304_42,旧河道,LF_CLASS::旧河道,B_830304_42_LF_CLASS::旧河道,2100,210000.0,0.21,46439,4643900.0,46439,4643900.0,1.0,0.04522061198561554,0.04522061198561554,10.0
127016,127,16,830304,,42,B_830304_42,水部,LF_CLASS::水部,B_830304_42_LF_CLASS::水部,1399,139900.0,0.1399,46439,4643900.0,46439,4643900.0,1.0,0.03012554103232197,0.03012554103232197,10.0
128007,128,7,830304,,44,B_830304_44,自然堤防,LF_CLASS::自然堤防,B_830304_44_LF_CLASS::自然堤防,1167,116700.0,0.1167,25528,2552800.0,15115,1511500.0,0.5920949545596992,0.0772080714521998,0.04571450955813225,10.0
128011,128,11,830304,,44,B_830304_44,氾濫平野・海岸平野,LF_CLASS::氾濫平野・海岸平野,B_830304_44_LF_CLASS::氾濫平野・海岸平野,7174,717400.0,0.7174,25528,2552800.0,15115,1511500.0,0.5920949545596992,0.4746278531260337,0.28102475712942654,10.0
128012,128,12,830304,,44,B_830304_44,後背低地・湿地,LF_CLASS::後背低地・湿地,B_830304_44_LF_CLASS::後背低地・湿地,718,71800.0,0.0718,25528,2552800.0,15115,1511500.0,0.5920949545596992,0.047502480979159774,0.02812597931682858,10.0
128013,128,13,830304,,44,B_830304_44,旧河道,LF_CLASS::旧河道,B_830304_44_LF_CLASS::旧河道,1548,154800.0,0.1548,25528,2552800.0,15115,1511500.0,0.5920949545596992,0.10241481971551439,0.06063929802569727,10.0
128016,128,16,830304,,44,B_830304_44,水部,LF_CLASS::水部,B_830304_44_LF_CLASS::水部,4508,450800.0,0.4508,25528,2552800.0,15115,1511500.0,0.5920949545596992,0.29824677472709227,0.17659041052961455,10.0
129001,129,1,830304,,47,B_830304_47,山地斜面等,LF_CLASS::山地斜面等,B_830304_47_LF_CLASS::山地斜面等,47840,4784000.0,4.784,319540,31954000.0,319532,31953200.0,0.9999749640107655,0.1497189639848278,0.1497152156224573,10.0
129004,129,4,830304,,47,B_830304_47,台地・段丘,LF_CLASS::台地・段丘,B_830304_47_LF_CLASS::台地・段丘,201418,20141800.0,20.1418,319540,31954000.0,319532,31953200.0,0.9999749640107655,0.630353141469399,0.6303373599549352,10.0
129005,129,5,830304,,47,B_830304_47,山麓堆積地形,LF_CLASS::山麓堆積地形,B_830304_47_LF_CLASS::山麓堆積地形,657,65700.0,0.0657,319540,31954000.0,319532,31953200.0,0.9999749640107655,0.002056132093186285,0.002056080615885335,10.0
129010,129,10,830304,,47,B_830304_47,凹地・浅い谷,LF_CLASS::凹地・浅い谷,B_830304_47_LF_CLASS::凹地・浅い谷,33087,3308700.0,3.3087,319540,31954000.0,319532,31953200.0,0.9999749640107655,0.10354831440982437,0.10354572197533955,10.0
129011,129,11,830304,,47,B_830304_47,氾濫平野・海岸平野,LF_CLASS::氾濫平野・海岸平野,B_830304_47_LF_CLASS::氾濫平野・海岸平野,33166,3316600.0,3.3166,319540,31954000.0,319532,31953200.0,0.9999749640107655,0.10379555099332774,0.10379295236903048,10.0
129013,129,13,830304,,47,B_830304_47,旧河道,LF_CLASS::旧河道,B_830304_47_LF_CLASS::旧河道,372,37200.0,0.0372,319540,31954000.0,319532,31953200.0,0.9999749640107655,0.0011642026463703167,0.0011641734994053952,10.0
129016,129,16,830304,,47,B_830304_47,水部,LF_CLASS::水部,B_830304_47_LF_CLASS::水部,2992,299200.0,0.2992,319540,31954000.0,319532,31953200.0,0.9999749640107655,0.009363694403064482,0.009363459973712211,10.0
130016,130,16,830304,,5,B_830304_5,水部,LF_CLASS::水部,B_830304_5_LF_CLASS::水部,31415,3141500.0,3.1415,35373,3537300.0,31415,3141500.0,0.8881067480846974,1.0,0.8881067480846974,10.0
131016,131,16,830304,,50,B_830304_50,水部,LF_CLASS::水部,B_830304_50_LF_CLASS::水部,4476,447600.0,0.4476,10653,1065300.0,10581,1058100.0,0.9932413404674739,0.42302239863907004,0.42016333427203606,10.0
131017,131,17,830304,,50,B_830304_50,旧水部,LF_CLASS::旧水部,B_830304_50_LF_CLASS::旧水部,6105,610500.0,0.6105,10653,1065300.0,10581,1058100.0,0.9932413404674739,0.57697760136093,0.5730780061954379,10.0
132001,132,1,830304,,51,B_830304_51,山地斜面等,LF_CLASS::山地斜面等,B_830304_51_LF_CLASS::山地斜面等,825,82500.0,0.0825,10472,1047200.0,10472,1047200.0,1.0,0.07878151260504201,0.07878151260504201,10.0
132002,132,2,830304,,51,B_830304_51,崖・段丘崖,LF_CLASS::崖・段丘崖,B_830304_51_LF_CLASS::崖・段丘崖,29,2900.0,0.0029,10472,1047200.0,10472,1047200.0,1.0,0.0027692895339954163,0.0027692895339954163,10.0
132004,132,4,830304,,51,B_830304_51,台地・段丘,LF_CLASS::台地・段丘,B_830304_51_LF_CLASS::台地・段丘,4675,467500.0,0.4675,10472,1047200.0,10472,1047200.0,1.0,0.44642857142857145,0.44642857142857145,10.0
132009,132,9,830304,,51,B_830304_51,砂州・砂丘,LF_CLASS::砂州・砂丘,B_830304_51_LF_CLASS::砂州・砂丘,485,48500.0,0.0485,10472,1047200.0,10472,1047200.0,1.0,0.04631398013750955,0.04631398013750955,10.0
132010,132,10,830304,,51,B_830304_51,凹地・浅い谷,LF_CLASS::凹地・浅い谷,B_830304_51_LF_CLASS::凹地・浅い谷,209,20900.0,0.0209,10472,1047200.0,10472,1047200.0,1.0,0.01995798319327731,0.01995798319327731,10.0
132011,132,11,830304,,51,B_830304_51,氾濫平野・海岸平野,LF_CLASS::氾濫平野・海岸平野,B_830304_51_LF_CLASS::氾濫平野・海岸平野,66,6600.0,0.0066,10472,1047200.0,10472,1047200.0,1.0,0.0063025210084033615,0.0063025210084033615,10.0
132012,132,12,830304,,51,B_830304_51,後背低地・湿地,LF_CLASS::後背低地・湿地,B_830304_51_LF_CLASS::後背低地・湿地,760,76000.0,0.076,10472,1047200.0,10472,1047200.0,1.0,0.07257448433919023,0.07257448433919023,10.0
132016,132,16,830304,,51,B_830304_51,水部,LF_CLASS::水部,B_830304_51_LF_CLASS::水部,3423,342300.0,0.3423,10472,1047200.0,10472,1047200.0,1.0,0.32687165775401067,0.32687165775401067,10.0
133001,133,1,830304,,52,B_830304_52,山地斜面等,LF_CLASS::山地斜面等,B_830304_52_LF_CLASS::山地斜面等,27334,2733400.0,2.7334,170131,17013100.0,170122,17012200.0,0.9999470995879646,0.16067292883930356,0.16066442917516502,10.0
133002,133,2,830304,,52,B_830304_52,崖・段丘崖,LF_CLASS::崖・段丘崖,B_830304_52_LF_CLASS::崖・段丘崖,3166,316600.0,0.3166,170131,17013100.0,170122,17012200.0,0.9999470995879646,0.01861017387521896,0.01860918938935291,10.0
133004,133,4,830304,,52,B_830304_52,台地・段丘,LF_CLASS::台地・段丘,B_830304_52_LF_CLASS::台地・段丘,95438,9543800.0,9.5438,170131,17013100.0,170122,17012200.0,0.9999470995879646,0.5609974018645443,0.5609677248708348,10.0
133010,133,10,830304,,52,B_830304_52,凹地・浅い谷,LF_CLASS::凹地・浅い谷,B_830304_52_LF_CLASS::凹地・浅い谷,10711,1071100.0,1.0711,170131,17013100.0,170122,17012200.0,0.9999470995879646,0.06296069879263116,0.062957368145723,10.0
133011,133,11,830304,,52,B_830304_52,氾濫平野・海岸平野,LF_CLASS::氾濫平野・海岸平野,B_830304_52_LF_CLASS::氾濫平野・海岸平野,24234,2423400.0,2.4234,170131,17013100.0,170122,17012200.0,0.9999470995879646,0.1424507118420898,0.14244317614073862,10.0
133012,133,12,830304,,52,B_830304_52,後背低地・湿地,LF_CLASS::後背低地・湿地,B_830304_52_LF_CLASS::後背低地・湿地,6742,674200.0,0.6742,170131,17013100.0,170122,17012200.0,0.9999470995879646,0.039630382901682325,0.0396282864380977,10.0
133016,133,16,830304,,52,B_830304_52,水部,LF_CLASS::水部,B_830304_52_LF_CLASS::水部,1981,198100.0,0.1981,170131,17013100.0,170122,17012200.0,0.9999470995879646,0.011644584474671118,0.011643968471354427,10.0
133017,133,17,830304,,52,B_830304_52,旧水部,LF_CLASS::旧水部,B_830304_52_LF_CLASS::旧水部,516,51600.0,0.0516,170131,17013100.0,170122,17012200.0,0.9999470995879646,0.003033117409858807,0.003032956956698074,10.0
134001,134,1,830304,,53,B_830304_53,山地斜面等,LF_CLASS::山地斜面等,B_830304_53_LF_CLASS::山地斜面等,7039,703900.0,0.7039,24165,2416500.0,24165,2416500.0,1.0,0.29128905441754604,0.29128905441754604,10.0
134004,134,4,830304,,53,B_830304_53,台地・段丘,LF_CLASS::台地・段丘,B_830304_53_LF_CLASS::台地・段丘,10721,1072100.0,1.0721,24165,2416500.0,24165,2416500.0,1.0,0.4436581833229878,0.4436581833229878,10.0
134011,134,11,830304,,53,B_830304_53,氾濫平野・海岸平野,LF_CLASS::氾濫平野・海岸平野,B_830304_53_LF_CLASS::氾濫平野・海岸平野,5915,591500.0,0.5915,24165,2416500.0,24165,2416500.0,1.0,0.244775501758742,0.244775501758742,10.0
134016,134,16,830304,,53,B_830304_53,水部,LF_CLASS::水部,B_830304_53_LF_CLASS::水部,490,49000.0,0.049,24165,2416500.0,24165,2416500.0,1.0,0.020277260500724186,0.020277260500724186,10.0
135001,135,1,830304,,54,B_830304_54,山地斜面等,LF_CLASS::山地斜面等,B_830304_54_LF_CLASS::山地斜面等,18232,1823200.0,1.8232,129440,12944000.0,129439,12943900.0,0.9999922744128554,0.14085399300056398,0.14085290482076637,10.0
135004,135,4,830304,,54,B_830304_54,台地・段丘,LF_CLASS::台地・段丘,B_830304_54_LF_CLASS::台地・段丘,75924,7592400.0,7.5924,129440,12944000.0,129439,12943900.0,0.9999922744128554,0.5865620099042792,0.586557478368356,10.0
135010,135,10,830304,,54,B_830304_54,凹地・浅い谷,LF_CLASS::凹地・浅い谷,B_830304_54_LF_CLASS::凹地・浅い谷,16912,1691200.0,1.6912,129440,12944000.0,129439,12943900.0,0.9999922744128554,0.1306561391852533,0.13065512978986402,10.0
135011,135,11,830304,,54,B_830304_54,氾濫平野・海岸平野,LF_CLASS::氾濫平野・海岸平野,B_830304_54_LF_CLASS::氾濫平野・海岸平野,17480,1748000.0,1.748,129440,12944000.0,129439,12943900.0,0.9999922744128554,0.13504430658456879,0.1350432632880099,10.0
135013,135,13,830304,,54,B_830304_54,旧河道,LF_CLASS::旧河道,B_830304_54_LF_CLASS::旧河道,98,9800.0,0.0098,129440,12944000.0,129439,12943900.0,0.9999922744128554,0.0007571133893185207,0.0007571075401730531,10.0
135016,135,16,830304,,54,B_830304_54,水部,LF_CLASS::水部,B_830304_54_LF_CLASS::水部,793,79300.0,0.0793,129440,12944000.0,129439,12943900.0,0.9999922744128554,0.006126437936016193,0.006126390605686032,10.0
136001,136,1,830304,,55,B_830304_55,山地斜面等,LF_CLASS::山地斜面等,B_830304_55_LF_CLASS::山地斜面等,886,88600.0,0.0886,48723,4872300.0,48723,4872300.0,1.0,0.018184430351168852,0.018184430351168852,10.0
136002,136,2,830304,,55,B_830304_55,崖・段丘崖,LF_CLASS::崖・段丘崖,B_830304_55_LF_CLASS::崖・段丘崖,2318,231800.0,0.2318,48723,4872300.0,48723,4872300.0,1.0,0.0475750672167149,0.0475750672167149,10.0
136004,136,4,830304,,55,B_830304_55,台地・段丘,LF_CLASS::台地・段丘,B_830304_55_LF_CLASS::台地・段丘,26252,2625200.0,2.6252,48723,4872300.0,48723,4872300.0,1.0,0.5388009769513371,0.5388009769513371,10.0
136005,136,5,830304,,55,B_830304_55,山麓堆積地形,LF_CLASS::山麓堆積地形,B_830304_55_LF_CLASS::山麓堆積地形,902,90200.0,0.0902,48723,4872300.0,48723,4872300.0,1.0,0.018512817355253165,0.018512817355253165,10.0
136007,136,7,830304,,55,B_830304_55,自然堤防,LF_CLASS::自然堤防,B_830304_55_LF_CLASS::自然堤防,25,2500.0,0.0025,48723,4872300.0,48723,4872300.0,1.0,0.0005131046938817396,0.0005131046938817396,10.0
136010,136,10,830304,,55,B_830304_55,凹地・浅い谷,LF_CLASS::凹地・浅い谷,B_830304_55_LF_CLASS::凹地・浅い谷,3411,341100.0,0.3411,48723,4872300.0,48723,4872300.0,1.0,0.07000800443322455,0.07000800443322455,10.0
136011,136,11,830304,,55,B_830304_55,氾濫平野・海岸平野,LF_CLASS::氾濫平野・海岸平野,B_830304_55_LF_CLASS::氾濫平野・海岸平野,14858,1485800.0,1.4858,48723,4872300.0,48723,4872300.0,1.0,0.3049483816677955,0.3049483816677955,10.0
136012,136,12,830304,,55,B_830304_55,後背低地・湿地,LF_CLASS::後背低地・湿地,B_830304_55_LF_CLASS::後背低地・湿地,8,800.0,0.0008,48723,4872300.0,48723,4872300.0,1.0,0.00016419350204215669,0.00016419350204215669,10.0
136016,136,16,830304,,55,B_830304_55,水部,LF_CLASS::水部,B_830304_55_LF_CLASS::水部,63,6300.0,0.0063,48723,4872300.0,48723,4872300.0,1.0,0.001293023828581984,0.001293023828581984,10.0
137002,137,2,830304,,56,B_830304_56,崖・段丘崖,LF_CLASS::崖・段丘崖,B_830304_56_LF_CLASS::崖・段丘崖,1746,174600.0,0.1746,40138,4013800.0,40099,4009900.0,0.9990283521849619,0.043542232973390854,0.04349992525786038,10.0
137004,137,4,830304,,56,B_830304_56,台地・段丘,LF_CLASS::台地・段丘,B_830304_56_LF_CLASS::台地・段丘,11326,1132600.0,1.1326,40138,4013800.0,40099,4009900.0,0.9990283521849619,0.2824509339385022,0.2821764911056854,10.0
137005,137,5,830304,,56,B_830304_56,山麓堆積地形,LF_CLASS::山麓堆積地形,B_830304_56_LF_CLASS::山麓堆積地形,82,8200.0,0.0082,40138,4013800.0,40099,4009900.0,0.9990283521849619,0.002044938776528093,0.0020429518162339926,10.0
137010,137,10,830304,,56,B_830304_56,凹地・浅い谷,LF_CLASS::凹地・浅い谷,B_830304_56_LF_CLASS::凹地・浅い谷,2233,223300.0,0.2233,40138,4013800.0,40099,4009900.0,0.9990283521849619,0.05568717424374673,0.05563306592256714,10.0
137011,137,11,830304,,56,B_830304_56,氾濫平野・海岸平野,LF_CLASS::氾濫平野・海岸平野,B_830304_56_LF_CLASS::氾濫平野・海岸平野,23592,2359200.0,2.3592,40138,4013800.0,40099,4009900.0,0.9990283521849619,0.5883438489737899,0.5877721859584434,10.0
137016,137,16,830304,,56,B_830304_56,水部,LF_CLASS::水部,B_830304_56_LF_CLASS::水部,1077,107700.0,0.1077,40138,4013800.0,40099,4009900.0,0.9990283521849619,0.026858525150253124,0.026832428122975732,10.0
137017,137,17,830304,,56,B_830304_56,旧水部,LF_CLASS::旧水部,B_830304_56_LF_CLASS::旧水部,43,4300.0,0.0043,40138,4013800.0,40099,4009900.0,0.9990283521849619,0.0010723459437891219,0.0010713040011958743,10.0
138001,138,1,830304,,57,B_830304_57,山地斜面等,LF_CLASS::山地斜面等,B_830304_57_LF_CLASS::山地斜面等,17093,1709300.0,1.7093,199368,19936800.0,199364,19936400.0,0.9999799365996549,0.08573764571336852,0.08573592552465792,10.0
138004,138,4,830304,,57,B_830304_57,台地・段丘,LF_CLASS::台地・段丘,B_830304_57_LF_CLASS::台地・段丘,138646,13864600.0,13.8646,199368,19936800.0,199364,19936400.0,0.9999799365996549,0.6954415039826649,0.6954275510613539,10.0
138010,138,10,830304,,57,B_830304_57,凹地・浅い谷,LF_CLASS::凹地・浅い谷,B_830304_57_LF_CLASS::凹地・浅い谷,24729,2472900.0,2.4729,199368,19936800.0,199364,19936400.0,0.9999799365996549,0.12403944543648804,0.12403695678343565,10.0
138011,138,11,830304,,57,B_830304_57,氾濫平野・海岸平野,LF_CLASS::氾濫平野・海岸平野,B_830304_57_LF_CLASS::氾濫平野・海岸平野,16377,1637700.0,1.6377,199368,19936800.0,199364,19936400.0,0.9999799365996549,0.08214622499548564,0.08214457686288672,10.0
138012,138,12,830304,,57,B_830304_57,後背低地・湿地,LF_CLASS::後背低地・湿地,B_830304_57_LF_CLASS::後背低地・湿地,577,57700.0,0.0577,199368,19936800.0,199364,19936400.0,0.9999799365996549,0.0028942035673441544,0.0028941454997793025,10.0
138013,138,13,830304,,57,B_830304_57,旧河道,LF_CLASS::旧河道,B_830304_57_LF_CLASS::旧河道,387,38700.0,0.0387,199368,19936800.0,199364,19936400.0,0.9999799365996549,0.0019411729299171365,0.0019411339833875045,10.0
138016,138,16,830304,,57,B_830304_57,水部,LF_CLASS::水部,B_830304_57_LF_CLASS::水部,1348,134800.0,0.1348,199368,19936800.0,199364,19936400.0,0.9999799365996549,0.006761501575008527,0.0067613659162954936,10.0
138017,138,17,830304,,57,B_830304_57,旧水部,LF_CLASS::旧水部,B_830304_57_LF_CLASS::旧水部,207,20700.0,0.0207,199368,19936800.0,199364,19936400.0,0.9999799365996549,0.0010383017997231195,0.0010382809678584327,10.0
139016,139,16,830304,,6,B_830304_6,水部,LF_CLASS::水部,B_830304_6_LF_CLASS::水部,143,14300.0,0.0143,7043,704300.0,7014,701400.0,0.995882436461735,0.020387795836897635,0.020303847792134035,10.0
139017,139,17,830304,,6,B_830304_6,旧水部,LF_CLASS::旧水部,B_830304_6_LF_CLASS::旧水部,6871,687100.0,0.6871,7043,704300.0,7014,701400.0,0.995882436461735,0.9796122041631024,0.975578588669601,10.0
140016,140,16,830304,,60,B_830304_60,水部,LF_CLASS::水部,B_830304_60_LF_CLASS::水部,32,3200.0,0.0032,32,3200.0,32,3200.0,1.0,1.0,1.0,10.0
141001,141,1,830304,,61,B_830304_61,山地斜面等,LF_CLASS::山地斜面等,B_830304_61_LF_CLASS::山地斜面等,13360,1336000.0,1.336,130707,13070700.0,130700,13070000.0,0.9999464451024046,0.10221882172915073,0.1022133474106207,10.0
141002,141,2,830304,,61,B_830304_61,崖・段丘崖,LF_CLASS::崖・段丘崖,B_830304_61_LF_CLASS::崖・段丘崖,1232,123200.0,0.1232,130707,13070700.0,130700,13070000.0,0.9999464451024046,0.009426166794185157,0.009425661976787778,10.0
141004,141,4,830304,,61,B_830304_61,台地・段丘,LF_CLASS::台地・段丘,B_830304_61_LF_CLASS::台地・段丘,82835,8283500.0,8.2835,130707,13070700.0,130700,13070000.0,0.9999464451024046,0.6337796480489671,0.6337457060448178,10.0
141005,141,5,830304,,61,B_830304_61,山麓堆積地形,LF_CLASS::山麓堆積地形,B_830304_61_LF_CLASS::山麓堆積地形,646,64600.0,0.0646,130707,13070700.0,130700,13070000.0,0.9999464451024046,0.004942616679418516,0.004942351978088396,10.0
141010,141,10,830304,,61,B_830304_61,凹地・浅い谷,LF_CLASS::凹地・浅い谷,B_830304_61_LF_CLASS::凹地・浅い谷,20391,2039100.0,2.0391,130707,13070700.0,130700,13070000.0,0.9999464451024046,0.15601377199693955,0.15600541669535678,10.0
141011,141,11,830304,,61,B_830304_61,氾濫平野・海岸平野,LF_CLASS::氾濫平野・海岸平野,B_830304_61_LF_CLASS::氾濫平野・海岸平野,11266,1126600.0,1.1266,130707,13070700.0,130700,13070000.0,0.9999464451024046,0.0861973986228003,0.08619278232994407,10.0
141013,141,13,830304,,61,B_830304_61,旧河道,LF_CLASS::旧河道,B_830304_61_LF_CLASS::旧河道,254,25400.0,0.0254,130707,13070700.0,130700,13070000.0,0.9999464451024046,0.001943381790359602,0.0019432777127468307,10.0
141016,141,16,830304,,61,B_830304_61,水部,LF_CLASS::水部,B_830304_61_LF_CLASS::水部,716,71600.0,0.0716,130707,13070700.0,130700,13070000.0,0.9999464451024046,0.005478194338179036,0.005477900954042247,10.0
142011,142,11,830304,,62,B_830304_62,氾濫平野・海岸平野,LF_CLASS::氾濫平野・海岸平野,B_830304_62_LF_CLASS::氾濫平野・海岸平野,137,13700.0,0.0137,1127,112700.0,591,59100.0,0.5244010647737356,0.23181049069373943,0.12156166814551908,10.0
142013,142,13,830304,,62,B_830304_62,旧河道,LF_CLASS::旧河道,B_830304_62_LF_CLASS::旧河道,292,29200.0,0.0292,1127,112700.0,591,59100.0,0.5244010647737356,0.494077834179357,0.259094942324756,10.0
142016,142,16,830304,,62,B_830304_62,水部,LF_CLASS::水部,B_830304_62_LF_CLASS::水部,162,16200.0,0.0162,1127,112700.0,591,59100.0,0.5244010647737356,0.27411167512690354,0.14374445430346053,10.0
143001,143,1,830304,,63,B_830304_63,山地斜面等,LF_CLASS::山地斜面等,B_830304_63_LF_CLASS::山地斜面等,3312,331200.0,0.3312,51828,5182800.0,51828,5182800.0,1.0,0.06390368140773327,0.06390368140773327,10.0
143004,143,4,830304,,63,B_830304_63,台地・段丘,LF_CLASS::台地・段丘,B_830304_63_LF_CLASS::台地・段丘,32410,3241000.0,3.241,51828,5182800.0,51828,5182800.0,1.0,0.6253376553214479,0.6253376553214479,10.0
143010,143,10,830304,,63,B_830304_63,凹地・浅い谷,LF_CLASS::凹地・浅い谷,B_830304_63_LF_CLASS::凹地・浅い谷,15711,1571100.0,1.5711,51828,5182800.0,51828,5182800.0,1.0,0.3031373003009956,0.3031373003009956,10.0
143011,143,11,830304,,63,B_830304_63,氾濫平野・海岸平野,LF_CLASS::氾濫平野・海岸平野,B_830304_63_LF_CLASS::氾濫平野・海岸平野,304,30400.0,0.0304,51828,5182800.0,51828,5182800.0,1.0,0.0058655552982943586,0.0058655552982943586,10.0
143016,143,16,830304,,63,B_830304_63,水部,LF_CLASS::水部,B_830304_63_LF_CLASS::水部,91,9100.0,0.0091,51828,5182800.0,51828,5182800.0,1.0,0.0017558076715289033,0.0017558076715289033,10.0
144001,144,1,830304,,67,B_830304_67,山地斜面等,LF_CLASS::山地斜面等,B_830304_67_LF_CLASS::山地斜面等,12477,1247700.0,1.2477,91694,9169400.0,91692,9169200.0,0.9999781883220276,0.1360751210574532,0.13607215303073267,10.0
144004,144,4,830304,,67,B_830304_67,台地・段丘,LF_CLASS::台地・段丘,B_830304_67_LF_CLASS::台地・段丘,56601,5660100.0,5.6601,91694,9169400.0,91692,9169200.0,0.9999781883220276,0.61729485669415,0.6172813924575218,10.0
144010,144,10,830304,,67,B_830304_67,凹地・浅い谷,LF_CLASS::凹地・浅い谷,B_830304_67_LF_CLASS::凹地・浅い谷,12939,1293900.0,1.2939,91694,9169400.0,91692,9169200.0,0.9999781883220276,0.14111372856955895,0.14111065064235392,10.0
144011,144,11,830304,,67,B_830304_67,氾濫平野・海岸平野,LF_CLASS::氾濫平野・海岸平野,B_830304_67_LF_CLASS::氾濫平野・海岸平野,9079,907900.0,0.9079,91694,9169400.0,91692,9169200.0,0.9999781883220276,0.09901627186668412,0.09901411215564813,10.0
144013,144,13,830304,,67,B_830304_67,旧河道,LF_CLASS::旧河道,B_830304_67_LF_CLASS::旧河道,149,14900.0,0.0149,91694,9169400.0,91692,9169200.0,0.9999781883220276,0.001625005453038433,0.001624970008942788,10.0
144016,144,16,830304,,67,B_830304_67,水部,LF_CLASS::水部,B_830304_67_LF_CLASS::水部,447,44700.0,0.0447,91694,9169400.0,91692,9169200.0,0.9999781883220276,0.004875016359115299,0.004874910026828364,10.0
145001,145,1,830304,,68,B_830304_68,山地斜面等,LF_CLASS::山地斜面等,B_830304_68_LF_CLASS::山地斜面等,12010,1201000.0,1.201,195086,19508600.0,195083,19508300.0,0.9999846221666342,0.06156353962159696,0.061562592907743255,10.0
145002,145,2,830304,,68,B_830304_68,崖・段丘崖,LF_CLASS::崖・段丘崖,B_830304_68_LF_CLASS::崖・段丘崖,198,19800.0,0.0198,195086,19508600.0,195083,19508300.0,0.9999846221666342,0.0010149526099147543,0.0010149370021426448,10.0
145004,145,4,830304,,68,B_830304_68,台地・段丘,LF_CLASS::台地・段丘,B_830304_68_LF_CLASS::台地・段丘,151372,15137200.0,15.1372,195086,19508600.0,195083,19508300.0,0.9999846221666342,0.7759363963031121,0.7759244640825071,10.0
145005,145,5,830304,,68,B_830304_68,山麓堆積地形,LF_CLASS::山麓堆積地形,B_830304_68_LF_CLASS::山麓堆積地形,392,39200.0,0.0392,195086,19508600.0,195083,19508300.0,0.9999846221666342,0.0020094011266999176,0.002009370226464226,10.0
145010,145,10,830304,,68,B_830304_68,凹地・浅い谷,LF_CLASS::凹地・浅い谷,B_830304_68_LF_CLASS::凹地・浅い谷,16678,1667800.0,1.6678,195086,19508600.0,195083,19508300.0,0.9999846221666342,0.08549181630382965,0.08549050162492439,10.0
145011,145,11,830304,,68,B_830304_68,氾濫平野・海岸平野,LF_CLASS::氾濫平野・海岸平野,B_830304_68_LF_CLASS::氾濫平野・海岸平野,12297,1229700.0,1.2297,195086,19508600.0,195083,19508300.0,0.9999846221666342,0.06303470830364512,0.06303373896640456,10.0
145013,145,13,830304,,68,B_830304_68,旧河道,LF_CLASS::旧河道,B_830304_68_LF_CLASS::旧河道,391,39100.0,0.0391,195086,19508600.0,195083,19508300.0,0.9999846221666342,0.0020042751034175196,0.00200424428200896,10.0
145016,145,16,830304,,68,B_830304_68,水部,LF_CLASS::水部,B_830304_68_LF_CLASS::水部,1639,163900.0,0.1639,195086,19508600.0,195083,19508300.0,0.9999846221666342,0.00840155215984991,0.008401422962180782,10.0
145017,145,17,830304,,68,B_830304_68,旧水部,LF_CLASS::旧水部,B_830304_68_LF_CLASS::旧水部,106,10600.0,0.0106,195086,19508600.0,195083,19508300.0,0.9999846221666342,0.0005433584679341613,0.0005433501122581836,10.0
146001,146,1,830304,,69,B_830304_69,山地斜面等,LF_CLASS::山地斜面等,B_830304_69_LF_CLASS::山地斜面等,16353,1635300.0,1.6353,70925,7092500.0,70925,7092500.0,1.0,0.23056750088121256,0.23056750088121256,10.0
146004,146,4,830304,,69,B_830304_69,台地・段丘,LF_CLASS::台地・段丘,B_830304_69_LF_CLASS::台地・段丘,40796,4079600.0,4.0796,70925,7092500.0,70925,7092500.0,1.0,0.5751991540359535,0.5751991540359535,10.0
146010,146,10,830304,,69,B_830304_69,凹地・浅い谷,LF_CLASS::凹地・浅い谷,B_830304_69_LF_CLASS::凹地・浅い谷,1274,127400.0,0.1274,70925,7092500.0,70925,7092500.0,1.0,0.017962636587945013,0.017962636587945013,10.0
146011,146,11,830304,,69,B_830304_69,氾濫平野・海岸平野,LF_CLASS::氾濫平野・海岸平野,B_830304_69_LF_CLASS::氾濫平野・海岸平野,10693,1069300.0,1.0693,70925,7092500.0,70925,7092500.0,1.0,0.1507648924920691,0.1507648924920691,10.0
146013,146,13,830304,,69,B_830304_69,旧河道,LF_CLASS::旧河道,B_830304_69_LF_CLASS::旧河道,20,2000.0,0.002,70925,7092500.0,70925,7092500.0,1.0,0.0002819880155093409,0.0002819880155093409,10.0
146016,146,16,830304,,69,B_830304_69,水部,LF_CLASS::水部,B_830304_69_LF_CLASS::水部,372,37200.0,0.0372,70925,7092500.0,70925,7092500.0,1.0,0.00524497708847374,0.00524497708847374,10.0
146017,146,17,830304,,69,B_830304_69,旧水部,LF_CLASS::旧水部,B_830304_69_LF_CLASS::旧水部,1417,141700.0,0.1417,70925,7092500.0,70925,7092500.0,1.0,0.0199788508988368,0.0199788508988368,10.0
147016,147,16,830304,,7,B_830304_7,水部,LF_CLASS::水部,B_830304_7_LF_CLASS::水部,198,19800.0,0.0198,6890,689000.0,6745,674500.0,0.978955007256894,0.029355077835433653,0.028737300435413643,10.0
147017,147,17,830304,,7,B_830304_7,旧水部,LF_CLASS::旧水部,B_830304_7_LF_CLASS::旧水部,6547,654700.0,0.6547,6890,689000.0,6745,674500.0,0.978955007256894,0.9706449221645663,0.9502177068214804,10.0
148001,148,1,830304,,70,B_830304_70,山地斜面等,LF_CLASS::山地斜面等,B_830304_70_LF_CLASS::山地斜面等,19227,1922700.0,1.9227,138330,13833000.0,138326,13832600.0,0.9999710836405696,0.1389977300001446,0.1389937106918239,10.0
148004,148,4,830304,,70,B_830304_70,台地・段丘,LF_CLASS::台地・段丘,B_830304_70_LF_CLASS::台地・段丘,89574,8957400.0,8.9574,138330,13833000.0,138326,13832600.0,0.9999710836405696,0.647557219900814,0.6475384949034917,10.0
148005,148,5,830304,,70,B_830304_70,山麓堆積地形,LF_CLASS::山麓堆積地形,B_830304_70_LF_CLASS::山麓堆積地形,169,16900.0,0.0169,138330,13833000.0,138326,13832600.0,0.9999710836405696,0.00122175151453812,0.0012217161859321912,10.0
148010,148,10,830304,,70,B_830304_70,凹地・浅い谷,LF_CLASS::凹地・浅い谷,B_830304_70_LF_CLASS::凹地・浅い谷,10862,1086200.0,1.0862,138330,13833000.0,138326,13832600.0,0.9999710836405696,0.07852464467995894,0.07852237403310923,10.0
148011,148,11,830304,,70,B_830304_70,氾濫平野・海岸平野,LF_CLASS::氾濫平野・海岸平野,B_830304_70_LF_CLASS::氾濫平野・海岸平野,16073,1607300.0,1.6073,138330,13833000.0,138326,13832600.0,0.9999710836405696,0.11619652126136808,0.11619316128099472,10.0
148012,148,12,830304,,70,B_830304_70,後背低地・湿地,LF_CLASS::後背低地・湿地,B_830304_70_LF_CLASS::後背低地・湿地,951,95100.0,0.0951,138330,13833000.0,138326,13832600.0,0.9999710836405696,0.0068750632563653975,0.00687486445456517,10.0
148013,148,13,830304,,70,B_830304_70,旧河道,LF_CLASS::旧河道,B_830304_70_LF_CLASS::旧河道,20,2000.0,0.002,138330,13833000.0,138326,13832600.0,0.9999710836405696,0.00014458597805184852,0.0001445817971517386,10.0
148016,148,16,830304,,70,B_830304_70,水部,LF_CLASS::水部,B_830304_70_LF_CLASS::水部,1322,132200.0,0.1322,138330,13833000.0,138326,13832600.0,0.9999710836405696,0.009557133149227189,0.009556856791729922,10.0
148017,148,17,830304,,70,B_830304_70,旧水部,LF_CLASS::旧水部,B_830304_70_LF_CLASS::旧水部,128,12800.0,0.0128,138330,13833000.0,138326,13832600.0,0.9999710836405696,0.0009253502595318306,0.0009253235017711271,10.0
149011,149,11,830304,,71,B_830304_71,氾濫平野・海岸平野,LF_CLASS::氾濫平野・海岸平野,B_830304_71_LF_CLASS::氾濫平野・海岸平野,19,1900.0,0.0019,30,3000.0,30,3000.0,1.0,0.6333333333333333,0.6333333333333333,10.0
149013,149,13,830304,,71,B_830304_71,旧河道,LF_CLASS::旧河道,B_830304_71_LF_CLASS::旧河道,2,200.0,0.0002,30,3000.0,30,3000.0,1.0,0.06666666666666667,0.06666666666666667,10.0
149016,149,16,830304,,71,B_830304_71,水部,LF_CLASS::水部,B_830304_71_LF_CLASS::水部,9,900.0,0.0009,30,3000.0,30,3000.0,1.0,0.3,0.3,10.0
150004,150,4,830304,,72,B_830304_72,台地・段丘,LF_CLASS::台地・段丘,B_830304_72_LF_CLASS::台地・段丘,12206,1220600.0,1.2206,16957,1695700.0,16957,1695700.0,1.0,0.7198207230052486,0.7198207230052486,10.0
150010,150,10,830304,,72,B_830304_72,凹地・浅い谷,LF_CLASS::凹地・浅い谷,B_830304_72_LF_CLASS::凹地・浅い谷,4739,473900.0,0.4739,16957,1695700.0,16957,1695700.0,1.0,0.2794716046470484,0.2794716046470484,10.0
150016,150,16,830304,,72,B_830304_72,水部,LF_CLASS::水部,B_830304_72_LF_CLASS::水部,12,1200.0,0.0012,16957,1695700.0,16957,1695700.0,1.0,0.0007076723477030135,0.0007076723477030135,10.0
151001,151,1,830304,,77,B_830304_77,山地斜面等,LF_CLASS::山地斜面等,B_830304_77_LF_CLASS::山地斜面等,182,18200.0,0.0182,8815,881500.0,8815,881500.0,1.0,0.020646625070901873,0.020646625070901873,10.0
151002,151,2,830304,,77,B_830304_77,崖・段丘崖,LF_CLASS::崖・段丘崖,B_830304_77_LF_CLASS::崖・段丘崖,312,31200.0,0.0312,8815,881500.0,8815,881500.0,1.0,0.03539421440726035,0.03539421440726035,10.0
151004,151,4,830304,,77,B_830304_77,台地・段丘,LF_CLASS::台地・段丘,B_830304_77_LF_CLASS::台地・段丘,7011,701100.0,0.7011,8815,881500.0,8815,881500.0,1.0,0.7953488372093023,0.7953488372093023,10.0
151010,151,10,830304,,77,B_830304_77,凹地・浅い谷,LF_CLASS::凹地・浅い谷,B_830304_77_LF_CLASS::凹地・浅い谷,702,70200.0,0.0702,8815,881500.0,8815,881500.0,1.0,0.0796369824163358,0.0796369824163358,10.0
151011,151,11,830304,,77,B_830304_77,氾濫平野・海岸平野,LF_CLASS::氾濫平野・海岸平野,B_830304_77_LF_CLASS::氾濫平野・海岸平野,573,57300.0,0.0573,8815,881500.0,8815,881500.0,1.0,0.06500283607487238,0.06500283607487238,10.0
151013,151,13,830304,,77,B_830304_77,旧河道,LF_CLASS::旧河道,B_830304_77_LF_CLASS::旧河道,12,1200.0,0.0012,8815,881500.0,8815,881500.0,1.0,0.0013613159387407827,0.0013613159387407827,10.0
151016,151,16,830304,,77,B_830304_77,水部,LF_CLASS::水部,B_830304_77_LF_CLASS::水部,23,2300.0,0.0023,8815,881500.0,8815,881500.0,1.0,0.0026091888825865,0.0026091888825865,10.0
152001,152,1,830304,,79,B_830304_79,山地斜面等,LF_CLASS::山地斜面等,B_830304_79_LF_CLASS::山地斜面等,1637,163700.0,0.1637,17359,1735900.0,17359,1735900.0,1.0,0.09430266720433204,0.09430266720433204,10.0
152004,152,4,830304,,79,B_830304_79,台地・段丘,LF_CLASS::台地・段丘,B_830304_79_LF_CLASS::台地・段丘,10429,1042900.0,1.0429,17359,1735900.0,17359,1735900.0,1.0,0.6007834552681606,0.6007834552681606,10.0
152010,152,10,830304,,79,B_830304_79,凹地・浅い谷,LF_CLASS::凹地・浅い谷,B_830304_79_LF_CLASS::凹地・浅い谷,3990,399000.0,0.399,17359,1735900.0,17359,1735900.0,1.0,0.22985194999711964,0.22985194999711964,10.0
152011,152,11,830304,,79,B_830304_79,氾濫平野・海岸平野,LF_CLASS::氾濫平野・海岸平野,B_830304_79_LF_CLASS::氾濫平野・海岸平野,1149,114900.0,0.1149,17359,1735900.0,17359,1735900.0,1.0,0.06619044875856904,0.06619044875856904,10.0
152016,152,16,830304,,79,B_830304_79,水部,LF_CLASS::水部,B_830304_79_LF_CLASS::水部,154,15400.0,0.0154,17359,1735900.0,17359,1735900.0,1.0,0.008871478771818653,0.008871478771818653,10.0
153016,153,16,830304,,8,B_830304_8,水部,LF_CLASS::水部,B_830304_8_LF_CLASS::水部,3686,368600.0,0.3686,9611,961100.0,9611,961100.0,1.0,0.3835188846113828,0.3835188846113828,10.0
153017,153,17,830304,,8,B_830304_8,旧水部,LF_CLASS::旧水部,B_830304_8_LF_CLASS::旧水部,5925,592500.0,0.5925,9611,961100.0,9611,961100.0,1.0,0.6164811153886172,0.6164811153886172,10.0
154001,154,1,830304,,80,B_830304_80,山地斜面等,LF_CLASS::山地斜面等,B_830304_80_LF_CLASS::山地斜面等,7868,786800.0,0.7868,55264,5526400.0,55264,5526400.0,1.0,0.14237116386797916,0.14237116386797916,10.0
154002,154,2,830304,,80,B_830304_80,崖・段丘崖,LF_CLASS::崖・段丘崖,B_830304_80_LF_CLASS::崖・段丘崖,276,27600.0,0.0276,55264,5526400.0,55264,5526400.0,1.0,0.004994209612044007,0.004994209612044007,10.0
154004,154,4,830304,,80,B_830304_80,台地・段丘,LF_CLASS::台地・段丘,B_830304_80_LF_CLASS::台地・段丘,38546,3854600.0,3.8546,55264,5526400.0,55264,5526400.0,1.0,0.697488419224088,0.697488419224088,10.0
154010,154,10,830304,,80,B_830304_80,凹地・浅い谷,LF_CLASS::凹地・浅い谷,B_830304_80_LF_CLASS::凹地・浅い谷,5238,523800.0,0.5238,55264,5526400.0,55264,5526400.0,1.0,0.09478141285466127,0.09478141285466127,10.0
154011,154,11,830304,,80,B_830304_80,氾濫平野・海岸平野,LF_CLASS::氾濫平野・海岸平野,B_830304_80_LF_CLASS::氾濫平野・海岸平野,2976,297600.0,0.2976,55264,5526400.0,55264,5526400.0,1.0,0.05385060799073538,0.05385060799073538,10.0
154013,154,13,830304,,80,B_830304_80,旧河道,LF_CLASS::旧河道,B_830304_80_LF_CLASS::旧河道,16,1600.0,0.0016,55264,5526400.0,55264,5526400.0,1.0,0.00028951939779965256,0.00028951939779965256,10.0
154016,154,16,830304,,80,B_830304_80,水部,LF_CLASS::水部,B_830304_80_LF_CLASS::水部,344,34400.0,0.0344,55264,5526400.0,55264,5526400.0,1.0,0.006224667052692531,0.006224667052692531,10.0
155001,155,1,830304,,82,B_830304_82,山地斜面等,LF_CLASS::山地斜面等,B_830304_82_LF_CLASS::山地斜面等,5857,585700.0,0.5857,64169,6416900.0,64168,6416800.0,0.999984416151101,0.09127602543323775,0.0912746030014493,10.0
155002,155,2,830304,,82,B_830304_82,崖・段丘崖,LF_CLASS::崖・段丘崖,B_830304_82_LF_CLASS::崖・段丘崖,58,5800.0,0.0058,64169,6416900.0,64168,6416800.0,0.999984416151101,0.0009038773220296721,0.0009038632361420624,10.0
155004,155,4,830304,,82,B_830304_82,台地・段丘,LF_CLASS::台地・段丘,B_830304_82_LF_CLASS::台地・段丘,41974,4197400.0,4.1974,64169,6416900.0,64168,6416800.0,0.999984416151101,0.6541266674978182,0.6541164736866711,10.0
155010,155,10,830304,,82,B_830304_82,凹地・浅い谷,LF_CLASS::凹地・浅い谷,B_830304_82_LF_CLASS::凹地・浅い谷,11296,1129600.0,1.1296,64169,6416900.0,64168,6416800.0,0.999984416151101,0.1760379005111582,0.17603515716311616,10.0
155011,155,11,830304,,82,B_830304_82,氾濫平野・海岸平野,LF_CLASS::氾濫平野・海岸平野,B_830304_82_LF_CLASS::氾濫平野・海岸平野,4009,400900.0,0.4009,64169,6416900.0,64168,6416800.0,0.999984416151101,0.0624766238623613,0.06247565023609531,10.0
155013,155,13,830304,,82,B_830304_82,旧河道,LF_CLASS::旧河道,B_830304_82_LF_CLASS::旧河道,481,48100.0,0.0481,64169,6416900.0,64168,6416800.0,0.999984416151101,0.0074959481361426255,0.007495831320419517,10.0
155016,155,16,830304,,82,B_830304_82,水部,LF_CLASS::水部,B_830304_82_LF_CLASS::水部,493,49300.0,0.0493,64169,6416900.0,64168,6416800.0,0.999984416151101,0.007682957237252213,0.00768283750720753,10.0
156001,156,1,830304,,83,B_830304_83,山地斜面等,LF_CLASS::山地斜面等,B_830304_83_LF_CLASS::山地斜面等,2379,237900.0,0.2379,23484,2348400.0,23484,2348400.0,1.0,0.10130301481859989,0.10130301481859989,10.0
156002,156,2,830304,,83,B_830304_83,崖・段丘崖,LF_CLASS::崖・段丘崖,B_830304_83_LF_CLASS::崖・段丘崖,199,19900.0,0.0199,23484,2348400.0,23484,2348400.0,1.0,0.008473854539260773,0.008473854539260773,10.0
156004,156,4,830304,,83,B_830304_83,台地・段丘,LF_CLASS::台地・段丘,B_830304_83_LF_CLASS::台地・段丘,14604,1460400.0,1.4604,23484,2348400.0,23484,2348400.0,1.0,0.6218702095043434,0.6218702095043434,10.0
156005,156,5,830304,,83,B_830304_83,山麓堆積地形,LF_CLASS::山麓堆積地形,B_830304_83_LF_CLASS::山麓堆積地形,462,46200.0,0.0462,23484,2348400.0,23484,2348400.0,1.0,0.019672968829841594,0.019672968829841594,10.0
156010,156,10,830304,,83,B_830304_83,凹地・浅い谷,LF_CLASS::凹地・浅い谷,B_830304_83_LF_CLASS::凹地・浅い谷,477,47700.0,0.0477,23484,2348400.0,23484,2348400.0,1.0,0.02031170158405723,0.02031170158405723,10.0
156011,156,11,830304,,83,B_830304_83,氾濫平野・海岸平野,LF_CLASS::氾濫平野・海岸平野,B_830304_83_LF_CLASS::氾濫平野・海岸平野,5210,521000.0,0.521,23484,2348400.0,23484,2348400.0,1.0,0.22185317663089762,0.22185317663089762,10.0
156013,156,13,830304,,83,B_830304_83,旧河道,LF_CLASS::旧河道,B_830304_83_LF_CLASS::旧河道,20,2000.0,0.002,23484,2348400.0,23484,2348400.0,1.0,0.000851643672287515,0.000851643672287515,10.0
156016,156,16,830304,,83,B_830304_83,水部,LF_CLASS::水部,B_830304_83_LF_CLASS::水部,133,13300.0,0.0133,23484,2348400.0,23484,2348400.0,1.0,0.0056634304207119745,0.0056634304207119745,10.0
157001,157,1,830304,,86,B_830304_86,山地斜面等,LF_CLASS::山地斜面等,B_830304_86_LF_CLASS::山地斜面等,44678,4467800.0,4.4678,83424,8342400.0,83423,8342300.0,0.9999880130418105,0.5355597377222109,0.5355533179900268,10.0
157004,157,4,830304,,86,B_830304_86,台地・段丘,LF_CLASS::台地・段丘,B_830304_86_LF_CLASS::台地・段丘,12520,1252000.0,1.252,83424,8342400.0,83423,8342300.0,0.9999880130418105,0.1500785155173034,0.15007671653241272,10.0
157005,157,5,830304,,86,B_830304_86,山麓堆積地形,LF_CLASS::山麓堆積地形,B_830304_86_LF_CLASS::山麓堆積地形,3095,309500.0,0.3095,83424,8342400.0,83423,8342300.0,0.9999880130418105,0.037100080313582584,0.03709963559647104,10.0
157011,157,11,830304,,86,B_830304_86,氾濫平野・海岸平野,LF_CLASS::氾濫平野・海岸平野,B_830304_86_LF_CLASS::氾濫平野・海岸平野,10868,1086800.0,1.0868,83424,8342400.0,83423,8342300.0,0.9999880130418105,0.1302758232142215,0.13027426160337552,10.0
157016,157,16,830304,,86,B_830304_86,水部,LF_CLASS::水部,B_830304_86_LF_CLASS::水部,12262,1226200.0,1.2262,83424,8342400.0,83423,8342300.0,0.9999880130418105,0.14698584323268163,0.14698408131952437,10.0
158001,158,1,830304,,87,B_830304_87,山地斜面等,LF_CLASS::山地斜面等,B_830304_87_LF_CLASS::山地斜面等,13230,1323000.0,1.323,25974,2597400.0,25974,2597400.0,1.0,0.5093555093555093,0.5093555093555093,10.0
158004,158,4,830304,,87,B_830304_87,台地・段丘,LF_CLASS::台地・段丘,B_830304_87_LF_CLASS::台地・段丘,2308,230800.0,0.2308,25974,2597400.0,25974,2597400.0,1.0,0.08885808885808885,0.08885808885808885,10.0
158005,158,5,830304,,87,B_830304_87,山麓堆積地形,LF_CLASS::山麓堆積地形,B_830304_87_LF_CLASS::山麓堆積地形,4076,407600.0,0.4076,25974,2597400.0,25974,2597400.0,1.0,0.15692615692615694,0.15692615692615694,10.0
158011,158,11,830304,,87,B_830304_87,氾濫平野・海岸平野,LF_CLASS::氾濫平野・海岸平野,B_830304_87_LF_CLASS::氾濫平野・海岸平野,6121,612100.0,0.6121,25974,2597400.0,25974,2597400.0,1.0,0.23565873565873566,0.23565873565873566,10.0
158016,158,16,830304,,87,B_830304_87,水部,LF_CLASS::水部,B_830304_87_LF_CLASS::水部,239,23900.0,0.0239,25974,2597400.0,25974,2597400.0,1.0,0.009201509201509202,0.009201509201509202,10.0
159001,159,1,830304,,88,B_830304_88,山地斜面等,LF_CLASS::山地斜面等,B_830304_88_LF_CLASS::山地斜面等,12767,1276700.0,1.2767,123284,12328400.0,123283,12328300.0,0.9999918886473508,0.10355847927127017,0.10355763927192499,10.0
159004,159,4,830304,,88,B_830304_88,台地・段丘,LF_CLASS::台地・段丘,B_830304_88_LF_CLASS::台地・段丘,87759,8775900.0,8.7759,123284,12328400.0,123283,12328300.0,0.9999918886473508,0.7118499712044645,0.7118441971383148,10.0
159005,159,5,830304,,88,B_830304_88,山麓堆積地形,LF_CLASS::山麓堆積地形,B_830304_88_LF_CLASS::山麓堆積地形,2260,226000.0,0.226,123284,12328400.0,123283,12328300.0,0.9999918886473508,0.01833180568285976,0.018331656987119173,10.0
159010,159,10,830304,,88,B_830304_88,凹地・浅い谷,LF_CLASS::凹地・浅い谷,B_830304_88_LF_CLASS::凹地・浅い谷,12608,1260800.0,1.2608,123284,12328400.0,123283,12328300.0,0.9999918886473508,0.10226876373871499,0.10226793420070732,10.0
159011,159,11,830304,,88,B_830304_88,氾濫平野・海岸平野,LF_CLASS::氾濫平野・海岸平野,B_830304_88_LF_CLASS::氾濫平野・海岸平野,7273,727300.0,0.7273,123284,12328400.0,123283,12328300.0,0.9999918886473508,0.05899434634134471,0.05899386781739723,10.0
159016,159,16,830304,,88,B_830304_88,水部,LF_CLASS::水部,B_830304_88_LF_CLASS::水部,616,61600.0,0.0616,123284,12328400.0,123283,12328300.0,0.9999918886473508,0.004996633761345847,0.004996593231887349,10.0
160016,160,16,830304,,9,B_830304_9,水部,LF_CLASS::水部,B_830304_9_LF_CLASS::水部,8053,805300.0,0.8053,13738,1373800.0,13731,1373100.0,0.9994904644052992,0.5864831403393781,0.5861843063036832,10.0
160017,160,17,830304,,9,B_830304_9,旧水部,LF_CLASS::旧水部,B_830304_9_LF_CLASS::旧水部,5678,567800.0,0.5678,13738,1373800.0,13731,1373100.0,0.9994904644052992,0.41351685966062196,0.413306158101616,10.0
161011,161,11,830304,,96,B_830304_96,氾濫平野・海岸平野,LF_CLASS::氾濫平野・海岸平野,B_830304_96_LF_CLASS::氾濫平野・海岸平野,1,100.0,0.0001,2,200.0,2,200.0,1.0,0.5,0.5,10.0
161016,161,16,830304,,96,B_830304_96,水部,LF_CLASS::水部,B_830304_96_LF_CLASS::水部,1,100.0,0.0001,2,200.0,2,200.0,1.0,0.5,0.5,10.0
162001,162,1,830304,,98,B_830304_98,山地斜面等,LF_CLASS::山地斜面等,B_830304_98_LF_CLASS::山地斜面等,13384,1338400.0,1.3384,14181,1418100.0,14181,1418100.0,1.0,0.9437980396304915,0.9437980396304915,10.0
162005,162,5,830304,,98,B_830304_98,山麓堆積地形,LF_CLASS::山麓堆積地形,B_830304_98_LF_CLASS::山麓堆積地形,780,78000.0,0.078,14181,1418100.0,14181,1418100.0,1.0,0.05500317325999577,0.05500317325999577,10.0
162011,162,11,830304,,98,B_830304_98,氾濫平野・海岸平野,LF_CLASS::氾濫平野・海岸平野,B_830304_98_LF_CLASS::氾濫平野・海岸平野,17,1700.0,0.0017,14181,1418100.0,14181,1418100.0,1.0,0.0011987871095127283,0.0011987871095127283,10.0
163007,163,7,830305,,1,B_830305_1,自然堤防,LF_CLASS::自然堤防,B_830305_1_LF_CLASS::自然堤防,4432,443200.0,0.4432,75476,7547600.0,65316,6531600.0,0.8653876729026445,0.06785473697103313,0.0587206529227834,10.0
163009,163,9,830305,,1,B_830305_1,砂州・砂丘,LF_CLASS::砂州・砂丘,B_830305_1_LF_CLASS::砂州・砂丘,759,75900.0,0.0759,75476,7547600.0,65316,6531600.0,0.8653876729026445,0.011620429909976117,0.010056176797922518,10.0
163011,163,11,830305,,1,B_830305_1,氾濫平野・海岸平野,LF_CLASS::氾濫平野・海岸平野,B_830305_1_LF_CLASS::氾濫平野・海岸平野,34452,3445200.0,3.4452,75476,7547600.0,65316,6531600.0,0.8653876729026445,0.5274664706963071,0.4564629816100482,10.0
163013,163,13,830305,,1,B_830305_1,旧河道,LF_CLASS::旧河道,B_830305_1_LF_CLASS::旧河道,342,34200.0,0.0342,75476,7547600.0,65316,6531600.0,0.8653876729026445,0.005236083042439831,0.004531241719222004,10.0
163016,163,16,830305,,1,B_830305_1,水部,LF_CLASS::水部,B_830305_1_LF_CLASS::水部,12674,1267400.0,1.2674,75476,7547600.0,65316,6531600.0,0.8653876729026445,0.19404127625696613,0.1679209285070751,10.0
163017,163,17,830305,,1,B_830305_1,旧水部,LF_CLASS::旧水部,B_830305_1_LF_CLASS::旧水部,12657,1265700.0,1.2657,75476,7547600.0,65316,6531600.0,0.8653876729026445,0.19378100312327762,0.1676956913455933,10.0
164001,164,1,830305,,10,B_830305_10,山地斜面等,LF_CLASS::山地斜面等,B_830305_10_LF_CLASS::山地斜面等,572,57200.0,0.0572,45366,4536600.0,44399,4439900.0,0.978684477361901,0.012883173044437937,0.012608561477758674,10.0
164002,164,2,830305,,10,B_830305_10,崖・段丘崖,LF_CLASS::崖・段丘崖,B_830305_10_LF_CLASS::崖・段丘崖,1325,132500.0,0.1325,45366,4536600.0,44399,4439900.0,0.978684477361901,0.02984301448230816,0.029206895031521404,10.0
164004,164,4,830305,,10,B_830305_10,台地・段丘,LF_CLASS::台地・段丘,B_830305_10_LF_CLASS::台地・段丘,29985,2998500.0,2.9985,45366,4536600.0,44399,4439900.0,0.978684477361901,0.6753530484920831,0.660957545298241,10.0
164005,164,5,830305,,10,B_830305_10,山麓堆積地形,LF_CLASS::山麓堆積地形,B_830305_10_LF_CLASS::山麓堆積地形,66,6600.0,0.0066,45366,4536600.0,44399,4439900.0,0.978684477361901,0.0014865199666659159,0.0014548340166644625,10.0
164007,164,7,830305,,10,B_830305_10,自然堤防,LF_CLASS::自然堤防,B_830305_10_LF_CLASS::自然堤防,26,2600.0,0.0026,45366,4536600.0,44399,4439900.0,0.978684477361901,0.000585598774747179,0.0005731164308072124,10.0
164010,164,10,830305,,10,B_830305_10,凹地・浅い谷,LF_CLASS::凹地・浅い谷,B_830305_10_LF_CLASS::凹地・浅い谷,1346,134600.0,0.1346,45366,4536600.0,44399,4439900.0,0.978684477361901,0.030315998108065498,0.02966979676409646,10.0
164011,164,11,830305,,10,B_830305_10,氾濫平野・海岸平野,LF_CLASS::氾濫平野・海岸平野,B_830305_10_LF_CLASS::氾濫平野・海岸平野,8080,808000.0,0.808,45366,4536600.0,44399,4439900.0,0.978684477361901,0.18198608076758485,0.17810695234316448,10.0
164013,164,13,830305,,10,B_830305_10,旧河道,LF_CLASS::旧河道,B_830305_10_LF_CLASS::旧河道,2484,248400.0,0.2484,45366,4536600.0,44399,4439900.0,0.978684477361901,0.05594720601815356,0.05475466208173522,10.0
164016,164,16,830305,,10,B_830305_10,水部,LF_CLASS::水部,B_830305_10_LF_CLASS::水部,482,48200.0,0.0482,45366,4536600.0,44399,4439900.0,0.978684477361901,0.01085610036262078,0.010624696909579862,10.0
164017,164,17,830305,,10,B_830305_10,旧水部,LF_CLASS::旧水部,B_830305_10_LF_CLASS::旧水部,33,3300.0,0.0033,45366,4536600.0,44399,4439900.0,0.978684477361901,0.0007432599833329579,0.0007274170083322312,10.0
171001,171,1,830305,,11,B_830305_11,山地斜面等,LF_CLASS::山地斜面等,B_830305_11_LF_CLASS::山地斜面等,238,23800.0,0.0238,268,26800.0,268,26800.0,1.0,0.8880597014925373,0.8880597014925373,10.0
171005,171,5,830305,,11,B_830305_11,山麓堆積地形,LF_CLASS::山麓堆積地形,B_830305_11_LF_CLASS::山麓堆積地形,3,300.0,0.0003,268,26800.0,268,26800.0,1.0,0.011194029850746268,0.011194029850746268,10.0
171011,171,11,830305,,11,B_830305_11,氾濫平野・海岸平野,LF_CLASS::氾濫平野・海岸平野,B_830305_11_LF_CLASS::氾濫平野・海岸平野,27,2700.0,0.0027,268,26800.0,268,26800.0,1.0,0.10074626865671642,0.10074626865671642,10.0
172004,172,4,830305,,12,B_830305_12,台地・段丘,LF_CLASS::台地・段丘,B_830305_12_LF_CLASS::台地・段丘,42291,4229100.0,4.2291,55436,5543600.0,55305,5530500.0,0.9976369146403059,0.764686737184703,0.7628797171513096,10.0
172007,172,7,830305,,12,B_830305_12,自然堤防,LF_CLASS::自然堤防,B_830305_12_LF_CLASS::自然堤防,593,59300.0,0.0593,55436,5543600.0,55305,5530500.0,0.9976369146403059,0.010722357833830576,0.01069701998701205,10.0
172010,172,10,830305,,12,B_830305_12,凹地・浅い谷,LF_CLASS::凹地・浅い谷,B_830305_12_LF_CLASS::凹地・浅い谷,1522,152200.0,0.1522,55436,5543600.0,55305,5530500.0,0.9976369146403059,0.027520115721905797,0.02745508333934627,10.0
172011,172,11,830305,,12,B_830305_12,氾濫平野・海岸平野,LF_CLASS::氾濫平野・海岸平野,B_830305_12_LF_CLASS::氾濫平野・海岸平野,3653,365300.0,0.3653,55436,5543600.0,55305,5530500.0,0.9976369146403059,0.06605189404213001,0.06589580777833899,10.0
172013,172,13,830305,,12,B_830305_12,旧河道,LF_CLASS::旧河道,B_830305_12_LF_CLASS::旧河道,7226,722600.0,0.7226,55436,5543600.0,55305,5530500.0,0.9976369146403059,0.1306572642618208,0.13034850999350603,10.0
172016,172,16,830305,,12,B_830305_12,水部,LF_CLASS::水部,B_830305_12_LF_CLASS::水部,20,2000.0,0.002,55436,5543600.0,55305,5530500.0,0.9976369146403059,0.0003616309556098002,0.0003607763907929865,10.0
173002,173,2,830305,,13,B_830305_13,崖・段丘崖,LF_CLASS::崖・段丘崖,B_830305_13_LF_CLASS::崖・段丘崖,458,45800.0,0.0458,51354,5135400.0,40432,4043200.0,0.7873193908945749,0.01132766125840918,0.00891848736223079,10.0
173004,173,4,830305,,13,B_830305_13,台地・段丘,LF_CLASS::台地・段丘,B_830305_13_LF_CLASS::台地・段丘,11061,1106100.0,1.1061,51354,5135400.0,40432,4043200.0,0.7873193908945749,0.2735704392560348,0.21538731160182265,10.0
173007,173,7,830305,,13,B_830305_13,自然堤防,LF_CLASS::自然堤防,B_830305_13_LF_CLASS::自然堤防,1527,152700.0,0.1527,51354,5135400.0,40432,4043200.0,0.7873193908945749,0.037767115156311835,0.0297347821007127,10.0
173010,173,10,830305,,13,B_830305_13,凹地・浅い谷,LF_CLASS::凹地・浅い谷,B_830305_13_LF_CLASS::凹地・浅い谷,54,5400.0,0.0054,51354,5135400.0,40432,4043200.0,0.7873193908945749,0.001335575781559161,0.0010515247108307045,10.0
173011,173,11,830305,,13,B_830305_13,氾濫平野・海岸平野,LF_CLASS::氾濫平野・海岸平野,B_830305_13_LF_CLASS::氾濫平野・海岸平野,16835,1683500.0,1.6835,51354,5135400.0,40432,4043200.0,0.7873193908945749,0.4163781163434903,0.32782256494138723,10.0
173013,173,13,830305,,13,B_830305_13,旧河道,LF_CLASS::旧河道,B_830305_13_LF_CLASS::旧河道,6287,628700.0,0.6287,51354,5135400.0,40432,4043200.0,0.7873193908945749,0.1554956470122675,0.12242473809245628,10.0
173016,173,16,830305,,13,B_830305_13,水部,LF_CLASS::水部,B_830305_13_LF_CLASS::水部,4210,421000.0,0.421,51354,5135400.0,40432,4043200.0,0.7873193908945749,0.10412544519192718,0.08197998208513456,10.0
174001,174,1,830305,,14,B_830305_14,山地斜面等,LF_CLASS::山地斜面等,B_830305_14_LF_CLASS::山地斜面等,16029,1602900.0,1.6029,229336,22933600.0,229330,22933000.0,0.9999738375135173,0.06989491126324511,0.06989308263857397,10.0
174002,174,2,830305,,14,B_830305_14,崖・段丘崖,LF_CLASS::崖・段丘崖,B_830305_14_LF_CLASS::崖・段丘崖,1063,106300.0,0.1063,229336,22933600.0,229330,22933000.0,0.9999738375135173,0.0046352417913051065,0.004635120521854397,10.0
174004,174,4,830305,,14,B_830305_14,台地・段丘,LF_CLASS::台地・段丘,B_830305_14_LF_CLASS::台地・段丘,159895,15989500.0,15.9895,229336,22933600.0,229330,22933000.0,0.9999738375135173,0.6972267038765099,0.6972084626922943,10.0
174010,174,10,830305,,14,B_830305_14,凹地・浅い谷,LF_CLASS::凹地・浅い谷,B_830305_14_LF_CLASS::凹地・浅い谷,15449,1544900.0,1.5449,229336,22933600.0,229330,22933000.0,0.9999738375135173,0.06736580473553394,0.06736404227857816,10.0
174011,174,11,830305,,14,B_830305_14,氾濫平野・海岸平野,LF_CLASS::氾濫平野・海岸平野,B_830305_14_LF_CLASS::氾濫平野・海岸平野,34949,3494900.0,3.4949,229336,22933600.0,229330,22933000.0,0.9999738375135173,0.15239611040858153,0.15239212334740293,10.0
174016,174,16,830305,,14,B_830305_14,水部,LF_CLASS::水部,B_830305_14_LF_CLASS::水部,1945,194500.0,0.1945,229336,22933600.0,229330,22933000.0,0.9999738375135173,0.008481227924824489,0.008481006034813549,10.0
175001,175,1,830305,,16,B_830305_16,山地斜面等,LF_CLASS::山地斜面等,B_830305_16_LF_CLASS::山地斜面等,2449,244900.0,0.2449,82546,8254600.0,82544,8254400.0,0.9999757710852131,0.0296690250048459,0.029668306156567247,10.0
175002,175,2,830305,,16,B_830305_16,崖・段丘崖,LF_CLASS::崖・段丘崖,B_830305_16_LF_CLASS::崖・段丘崖,1157,115700.0,0.1157,82546,8254600.0,82544,8254400.0,0.9999757710852131,0.014016766815274279,0.014016427204225523,10.0
175004,175,4,830305,,16,B_830305_16,台地・段丘,LF_CLASS::台地・段丘,B_830305_16_LF_CLASS::台地・段丘,48024,4802400.0,4.8024,82546,8254600.0,82544,8254400.0,0.9999757710852131,0.5817987982167087,0.5817847018632035,10.0
175010,175,10,830305,,16,B_830305_16,凹地・浅い谷,LF_CLASS::凹地・浅い谷,B_830305_16_LF_CLASS::凹地・浅い谷,24042,2404200.0,2.4042,82546,8254600.0,82544,8254400.0,0.9999757710852131,0.291262841635976,0.29125578465340535,10.0
175011,175,11,830305,,16,B_830305_16,氾濫平野・海岸平野,LF_CLASS::氾濫平野・海岸平野,B_830305_16_LF_CLASS::氾濫平野・海岸平野,6765,676500.0,0.6765,82546,8254600.0,82544,8254400.0,0.9999757710852131,0.08195628997867804,0.0819543042667119,10.0
175016,175,16,830305,,16,B_830305_16,水部,LF_CLASS::水部,B_830305_16_LF_CLASS::水部,107,10700.0,0.0107,82546,8254600.0,82544,8254400.0,0.9999757710852131,0.0012962783485171545,0.0012962469410995082,10.0
176001,176,1,830305,,17,B_830305_17,山地斜面等,LF_CLASS::山地斜面等,B_830305_17_LF_CLASS::山地斜面等,72982,7298200.0,7.2982,129141,12914100.0,128500,12850000.0,0.9950364330460505,0.5679533073929961,0.5651342331250339,10.0
176004,176,4,830305,,17,B_830305_17,台地・段丘,LF_CLASS::台地・段丘,B_830305_17_LF_CLASS::台地・段丘,4418,441800.0,0.4418,129141,12914100.0,128500,12850000.0,0.9950364330460505,0.034381322957198444,0.03421066895873503,10.0
176005,176,5,830305,,17,B_830305_17,山麓堆積地形,LF_CLASS::山麓堆積地形,B_830305_17_LF_CLASS::山麓堆積地形,2759,275900.0,0.2759,129141,12914100.0,128500,12850000.0,0.9950364330460505,0.021470817120622567,0.021364245282288353,10.0
176006,176,6,830305,,17,B_830305_17,扇状地,LF_CLASS::扇状地,B_830305_17_LF_CLASS::扇状地,1885,188500.0,0.1885,129141,12914100.0,128500,12850000.0,0.9950364330460505,0.014669260700389104,0.014596448842737782,10.0
176007,176,7,830305,,17,B_830305_17,自然堤防,LF_CLASS::自然堤防,B_830305_17_LF_CLASS::自然堤防,1930,193000.0,0.193,129141,12914100.0,128500,12850000.0,0.9950364330460505,0.015019455252918288,0.014944905181158579,10.0
176011,176,11,830305,,17,B_830305_17,氾濫平野・海岸平野,LF_CLASS::氾濫平野・海岸平野,B_830305_17_LF_CLASS::氾濫平野・海岸平野,39155,3915500.0,3.9155,129141,12914100.0,128500,12850000.0,0.9950364330460505,0.3047081712062257,0.3031957317970281,10.0
176013,176,13,830305,,17,B_830305_17,旧河道,LF_CLASS::旧河道,B_830305_17_LF_CLASS::旧河道,4662,466200.0,0.4662,129141,12914100.0,128500,12850000.0,0.9950364330460505,0.036280155642023346,0.03610007666039445,10.0
176016,176,16,830305,,17,B_830305_17,水部,LF_CLASS::水部,B_830305_17_LF_CLASS::水部,709,70900.0,0.0709,129141,12914100.0,128500,12850000.0,0.9950364330460505,0.005517509727626459,0.005490123198674317,10.0
177001,177,1,830305,,18,B_830305_18,山地斜面等,LF_CLASS::山地斜面等,B_830305_18_LF_CLASS::山地斜面等,9955,995500.0,0.9955,301312,30131200.0,300094,30009400.0,0.9959576784197112,0.03317293914573434,0.033038843457943924,10.0
177002,177,2,830305,,18,B_830305_18,崖・段丘崖,LF_CLASS::崖・段丘崖,B_830305_18_LF_CLASS::崖・段丘崖,9234,923400.0,0.9234,301312,30131200.0,300094,30009400.0,0.9959576784197112,0.03077035862096543,0.030645974936278676,10.0
177004,177,4,830305,,18,B_830305_18,台地・段丘,LF_CLASS::台地・段丘,B_830305_18_LF_CLASS::台地・段丘,226173,22617300.0,22.6173,301312,30131200.0,300094,30009400.0,0.9959576784197112,0.7536738488606903,0.7506272567969414,10.0
177010,177,10,830305,,18,B_830305_18,凹地・浅い谷,LF_CLASS::凹地・浅い谷,B_830305_18_LF_CLASS::凹地・浅い谷,37552,3755200.0,3.7552,301312,30131200.0,300094,30009400.0,0.9959576784197112,0.12513412464094584,0.12462829226847918,10.0
177011,177,11,830305,,18,B_830305_18,氾濫平野・海岸平野,LF_CLASS::氾濫平野・海岸平野,B_830305_18_LF_CLASS::氾濫平野・海岸平野,15932,1593200.0,1.5932,301312,30131200.0,300094,30009400.0,0.9959576784197112,0.05309003179003912,0.05287542480883602,10.0
177013,177,13,830305,,18,B_830305_18,旧河道,LF_CLASS::旧河道,B_830305_18_LF_CLASS::旧河道,87,8700.0,0.0087,301312,30131200.0,300094,30009400.0,0.9959576784197112,0.0002899091617959706,0.0002887372557349193,10.0
177016,177,16,830305,,18,B_830305_18,水部,LF_CLASS::水部,B_830305_18_LF_CLASS::水部,1161,116100.0,0.1161,301312,30131200.0,300094,30009400.0,0.9959576784197112,0.003868787779828987,0.003853148895497026,10.0
178001,178,1,830305,,19,B_830305_19,山地斜面等,LF_CLASS::山地斜面等,B_830305_19_LF_CLASS::山地斜面等,21431,2143100.0,2.1431,289838,28983800.0,272047,27204700.0,0.938617434566896,0.07877682900381185,0.07394130514287292,10.0
178002,178,2,830305,,19,B_830305_19,崖・段丘崖,LF_CLASS::崖・段丘崖,B_830305_19_LF_CLASS::崖・段丘崖,2713,271300.0,0.2713,289838,28983800.0,272047,27204700.0,0.938617434566896,0.009972541509371543,0.009360401327638199,10.0
178004,178,4,830305,,19,B_830305_19,台地・段丘,LF_CLASS::台地・段丘,B_830305_19_LF_CLASS::台地・段丘,135969,13596900.0,13.5969,289838,28983800.0,272047,27204700.0,0.938617434566896,0.49979966696931044,0.46912068120812317,10.0
178005,178,5,830305,,19,B_830305_19,山麓堆積地形,LF_CLASS::山麓堆積地形,B_830305_19_LF_CLASS::山麓堆積地形,49,4900.0,0.0049,289838,28983800.0,272047,27204700.0,0.938617434566896,0.00018011593584932016,0.0001690599576315045,10.0
178007,178,7,830305,,19,B_830305_19,自然堤防,LF_CLASS::自然堤防,B_830305_19_LF_CLASS::自然堤防,8326,832600.0,0.8326,289838,28983800.0,272047,27204700.0,0.938617434566896,0.030605005752682442,0.028726391984487887,10.0
178010,178,10,830305,,19,B_830305_19,凹地・浅い谷,LF_CLASS::凹地・浅い谷,B_830305_19_LF_CLASS::凹地・浅い谷,13722,1372200.0,1.3722,289838,28983800.0,272047,27204700.0,0.938617434566896,0.05043981370866064,0.0473436885432552,10.0
178011,178,11,830305,,19,B_830305_19,氾濫平野・海岸平野,LF_CLASS::氾濫平野・海岸平野,B_830305_19_LF_CLASS::氾濫平野・海岸平野,60341,6034100.0,6.0341,289838,28983800.0,272047,27204700.0,0.938617434566896,0.22180358540987402,0.20818871231515537,10.0
178013,178,13,830305,,19,B_830305_19,旧河道,LF_CLASS::旧河道,B_830305_19_LF_CLASS::旧河道,22970,2297000.0,2.297,289838,28983800.0,272047,27204700.0,0.938617434566896,0.0844339397236507,0.07925116789378894,10.0
178016,178,16,830305,,19,B_830305_19,水部,LF_CLASS::水部,B_830305_19_LF_CLASS::水部,6526,652600.0,0.6526,289838,28983800.0,272047,27204700.0,0.938617434566896,0.02398850198678905,0.02251602619394282,10.0
179001,179,1,830305,,2,B_830305_2,山地斜面等,LF_CLASS::山地斜面等,B_830305_2_LF_CLASS::山地斜面等,4526,452600.0,0.4526,86838,8683800.0,80363,8036300.0,0.9254358690895691,0.05631945049338626,0.052120039613993877,10.0
179002,179,2,830305,,2,B_830305_2,崖・段丘崖,LF_CLASS::崖・段丘崖,B_830305_2_LF_CLASS::崖・段丘崖,1154,115400.0,0.1154,86838,8683800.0,80363,8036300.0,0.9254358690895691,0.014359842215945148,0.013289113061102283,10.0
179004,179,4,830305,,2,B_830305_2,台地・段丘,LF_CLASS::台地・段丘,B_830305_2_LF_CLASS::台地・段丘,20210,2021000.0,2.021,86838,8683800.0,80363,8036300.0,0.9254358690895691,0.2514838918407725,0.23273221400769248,10.0
179007,179,7,830305,,2,B_830305_2,自然堤防,LF_CLASS::自然堤防,B_830305_2_LF_CLASS::自然堤防,8139,813900.0,0.8139,86838,8683800.0,80363,8036300.0,0.9254358690895691,0.10127795129599443,0.09372624887721966,10.0
179009,179,9,830305,,2,B_830305_2,砂州・砂丘,LF_CLASS::砂州・砂丘,B_830305_2_LF_CLASS::砂州・砂丘,498,49800.0,0.0498,86838,8683800.0,80363,8036300.0,0.9254358690895691,0.006196881649515324,0.005734816554964417,10.0
179010,179,10,830305,,2,B_830305_2,凹地・浅い谷,LF_CLASS::凹地・浅い谷,B_830305_2_LF_CLASS::凹地・浅い谷,379,37900.0,0.0379,86838,8683800.0,80363,8036300.0,0.9254358690895691,0.004716100693105036,0.004364448743637578,10.0
179011,179,11,830305,,2,B_830305_2,氾濫平野・海岸平野,LF_CLASS::氾濫平野・海岸平野,B_830305_2_LF_CLASS::氾濫平野・海岸平野,38358,3835800.0,3.8358,86838,8683800.0,80363,8036300.0,0.9254358690895691,0.4773092094620659,0.4417190630829821,10.0
179013,179,13,830305,,2,B_830305_2,旧河道,LF_CLASS::旧河道,B_830305_2_LF_CLASS::旧河道,2808,280800.0,0.2808,86838,8683800.0,80363,8036300.0,0.9254358690895691,0.03494145315630327,0.032336074068955986,10.0
179014,179,14,830305,,2,B_830305_2,落堀,LF_CLASS::落堀,B_830305_2_LF_CLASS::落堀,15,1500.0,0.0015,86838,8683800.0,80363,8036300.0,0.9254358690895691,0.00018665306173238928,0.00017273543840254265,10.0
179016,179,16,830305,,2,B_830305_2,水部,LF_CLASS::水部,B_830305_2_LF_CLASS::水部,4276,427600.0,0.4276,86838,8683800.0,80363,8036300.0,0.9254358690895691,0.053208566131179774,0.049241115640618165,10.0
180001,180,1,830305,,20,B_830305_20,山地斜面等,LF_CLASS::山地斜面等,B_830305_20_LF_CLASS::山地斜面等,4420,442000.0,0.442,167683,16768300.0,156860,15686000.0,0.9354555918011963,0.02817799311487951,0.026359261225049647,10.0
180002,180,2,830305,,20,B_830305_20,崖・段丘崖,LF_CLASS::崖・段丘崖,B_830305_20_LF_CLASS::崖・段丘崖,516,51600.0,0.0516,167683,16768300.0,156860,15686000.0,0.9354555918011963,0.003289557567257427,0.0030772350208429,10.0
180004,180,4,830305,,20,B_830305_20,台地・段丘,LF_CLASS::台地・段丘,B_830305_20_LF_CLASS::台地・段丘,80682,8068200.0,8.0682,167683,16768300.0,156860,15686000.0,0.9354555918011963,0.5143567512431467,0.4811578991310986,10.0
180005,180,5,830305,,20,B_830305_20,山麓堆積地形,LF_CLASS::山麓堆積地形,B_830305_20_LF_CLASS::山麓堆積地形,1,100.0,0.0001,167683,16768300.0,156860,15686000.0,0.9354555918011963,6.375111564452378e-06,5.96363376132345e-06,10.0
180006,180,6,830305,,20,B_830305_20,扇状地,LF_CLASS::扇状地,B_830305_20_LF_CLASS::扇状地,357,35700.0,0.0357,167683,16768300.0,156860,15686000.0,0.9354555918011963,0.002275914828509499,0.0021290172527924714,10.0
180007,180,7,830305,,20,B_830305_20,自然堤防,LF_CLASS::自然堤防,B_830305_20_LF_CLASS::自然堤防,3462,346200.0,0.3462,167683,16768300.0,156860,15686000.0,0.9354555918011963,0.02207063623613413,0.02064610008170178,10.0
180010,180,10,830305,,20,B_830305_20,凹地・浅い谷,LF_CLASS::凹地・浅い谷,B_830305_20_LF_CLASS::凹地・浅い谷,16305,1630500.0,1.6305,167683,16768300.0,156860,15686000.0,0.9354555918011963,0.10394619405839602,0.09723704847837884,10.0
180011,180,11,830305,,20,B_830305_20,氾濫平野・海岸平野,LF_CLASS::氾濫平野・海岸平野,B_830305_20_LF_CLASS::氾濫平野・海岸平野,29515,2951500.0,2.9515,167683,16768300.0,156860,15686000.0,0.9354555918011963,0.18816141782481194,0.1760166504654616,10.0
180013,180,13,830305,,20,B_830305_20,旧河道,LF_CLASS::旧河道,B_830305_20_LF_CLASS::旧河道,18412,1841200.0,1.8412,167683,16768300.0,156860,15686000.0,0.9354555918011963,0.11737855412469718,0.10980242481348736,10.0
180016,180,16,830305,,20,B_830305_20,水部,LF_CLASS::水部,B_830305_20_LF_CLASS::水部,3190,319000.0,0.319,167683,16768300.0,156860,15686000.0,0.9354555918011963,0.020336605890603085,0.019023991698621803,10.0
181001,181,1,830305,,21,B_830305_21,山地斜面等,LF_CLASS::山地斜面等,B_830305_21_LF_CLASS::山地斜面等,6200,620000.0,0.62,13228,1322800.0,11418,1141800.0,0.8631690353794981,0.5430022771063233,0.468702751738736,10.0
181002,181,2,830305,,21,B_830305_21,崖・段丘崖,LF_CLASS::崖・段丘崖,B_830305_21_LF_CLASS::崖・段丘崖,77,7700.0,0.0077,13228,1322800.0,11418,1141800.0,0.8631690353794981,0.00674373795761079,0.005820985787723012,10.0
181004,181,4,830305,,21,B_830305_21,台地・段丘,LF_CLASS::台地・段丘,B_830305_21_LF_CLASS::台地・段丘,1382,138200.0,0.1382,13228,1322800.0,11418,1141800.0,0.8631690353794981,0.1210369591872482,0.1044753553069247,10.0
181011,181,11,830305,,21,B_830305_21,氾濫平野・海岸平野,LF_CLASS::氾濫平野・海岸平野,B_830305_21_LF_CLASS::氾濫平野・海岸平野,1948,194800.0,0.1948,13228,1322800.0,11418,1141800.0,0.8631690353794981,0.17060781222630933,0.14726338070758996,10.0
181013,181,13,830305,,21,B_830305_21,旧河道,LF_CLASS::旧河道,B_830305_21_LF_CLASS::旧河道,798,79800.0,0.0798,13228,1322800.0,11418,1141800.0,0.8631690353794981,0.06988964792433,0.06032657998185667,10.0
181016,181,16,830305,,21,B_830305_21,水部,LF_CLASS::水部,B_830305_21_LF_CLASS::水部,1013,101300.0,0.1013,13228,1322800.0,11418,1141800.0,0.8631690353794981,0.08871956559817831,0.07657998185666767,10.0
182001,182,1,830305,,22,B_830305_22,山地斜面等,LF_CLASS::山地斜面等,B_830305_22_LF_CLASS::山地斜面等,106768,10676800.0,10.6768,144663,14466300.0,143763,14376300.0,0.9937786441591837,0.7426667501373789,0.7380463560136317,10.0
182002,182,2,830305,,22,B_830305_22,崖・段丘崖,LF_CLASS::崖・段丘崖,B_830305_22_LF_CLASS::崖・段丘崖,240,24000.0,0.024,144663,14466300.0,143763,14376300.0,0.9937786441591837,0.0016694142442770393,0.0016590282242176645,10.0
182004,182,4,830305,,22,B_830305_22,台地・段丘,LF_CLASS::台地・段丘,B_830305_22_LF_CLASS::台地・段丘,3321,332100.0,0.3321,144663,14466300.0,143763,14376300.0,0.9937786441591837,0.02310051960518353,0.022956803052611933,10.0
182005,182,5,830305,,22,B_830305_22,山麓堆積地形,LF_CLASS::山麓堆積地形,B_830305_22_LF_CLASS::山麓堆積地形,4476,447600.0,0.4476,144663,14466300.0,143763,14376300.0,0.9937786441591837,0.031134575655766782,0.030940876381659443,10.0
182011,182,11,830305,,22,B_830305_22,氾濫平野・海岸平野,LF_CLASS::氾濫平野・海岸平野,B_830305_22_LF_CLASS::氾濫平野・海岸平野,27342,2734200.0,2.7342,144663,14466300.0,143763,14376300.0,0.9937786441591837,0.1901880177792617,0.18900479044399743,10.0
182013,182,13,830305,,22,B_830305_22,旧河道,LF_CLASS::旧河道,B_830305_22_LF_CLASS::旧河道,953,95300.0,0.0953,144663,14466300.0,143763,14376300.0,0.9937786441591837,0.006628965728316743,0.006587724573664309,10.0
182016,182,16,830305,,22,B_830305_22,水部,LF_CLASS::水部,B_830305_22_LF_CLASS::水部,663,66300.0,0.0663,144663,14466300.0,143763,14376300.0,0.9937786441591837,0.004611756849815321,0.004583065469401298,10.0
183001,183,1,830305,,23,B_830305_23,山地斜面等,LF_CLASS::山地斜面等,B_830305_23_LF_CLASS::山地斜面等,74417,7441700.0,7.4417,128010,12801000.0,126208,12620800.0,0.9859229747675963,0.589637740872211,0.5813373955159753,10.0
183002,183,2,830305,,23,B_830305_23,崖・段丘崖,LF_CLASS::崖・段丘崖,B_830305_23_LF_CLASS::崖・段丘崖,470,47000.0,0.047,128010,12801000.0,126208,12620800.0,0.9859229747675963,0.0037240111561866124,0.0036715881571752207,10.0
183004,183,4,830305,,23,B_830305_23,台地・段丘,LF_CLASS::台地・段丘,B_830305_23_LF_CLASS::台地・段丘,13464,1346400.0,1.3464,128010,12801000.0,126208,12620800.0,0.9859229747675963,0.10668103448275862,0.1051792828685259,10.0
183005,183,5,830305,,23,B_830305_23,山麓堆積地形,LF_CLASS::山麓堆積地形,B_830305_23_LF_CLASS::山麓堆積地形,2147,214700.0,0.2147,128010,12801000.0,126208,12620800.0,0.9859229747675963,0.017011599898580122,0.016772127177564253,10.0
183007,183,7,830305,,23,B_830305_23,自然堤防,LF_CLASS::自然堤防,B_830305_23_LF_CLASS::自然堤防,789,78900.0,0.0789,128010,12801000.0,126208,12620800.0,0.9859229747675963,0.006251584685598378,0.0061635809702367,10.0
183011,183,11,830305,,23,B_830305_23,氾濫平野・海岸平野,LF_CLASS::氾濫平野・海岸平野,B_830305_23_LF_CLASS::氾濫平野・海岸平野,30877,3087700.0,3.0877,128010,12801000.0,126208,12620800.0,0.9859229747675963,0.24465168610547666,0.24120771814701977,10.0
183013,183,13,830305,,23,B_830305_23,旧河道,LF_CLASS::旧河道,B_830305_23_LF_CLASS::旧河道,2928,292800.0,0.2928,128010,12801000.0,126208,12620800.0,0.9859229747675963,0.023199797160243407,0.022873213030232015,10.0
183016,183,16,830305,,23,B_830305_23,水部,LF_CLASS::水部,B_830305_23_LF_CLASS::水部,1116,111600.0,0.1116,128010,12801000.0,126208,12620800.0,0.9859229747675963,0.008842545638945234,0.00871806890086712,10.0
184001,184,1,830305,,24,B_830305_24,山地斜面等,LF_CLASS::山地斜面等,B_830305_24_LF_CLASS::山地斜面等,28590,2859000.0,2.859,45039,4503900.0,44879,4487900.0,0.9964475232576212,0.6370462799973261,0.6347831879038167,10.0
184004,184,4,830305,,24,B_830305_24,台地・段丘,LF_CLASS::台地・段丘,B_830305_24_LF_CLASS::台地・段丘,862,86200.0,0.0862,45039,4503900.0,44879,4487900.0,0.9964475232576212,0.01920720158648811,0.019138968449565932,10.0
184005,184,5,830305,,24,B_830305_24,山麓堆積地形,LF_CLASS::山麓堆積地形,B_830305_24_LF_CLASS::山麓堆積地形,1930,193000.0,0.193,45039,4503900.0,44879,4487900.0,0.9964475232576212,0.04300452327369148,0.042851750704944604,10.0
184007,184,7,830305,,24,B_830305_24,自然堤防,LF_CLASS::自然堤防,B_830305_24_LF_CLASS::自然堤防,1038,103800.0,0.1038,45039,4503900.0,44879,4487900.0,0.9964475232576212,0.023128857594866197,0.02304669286618264,10.0
184011,184,11,830305,,24,B_830305_24,氾濫平野・海岸平野,LF_CLASS::氾濫平野・海岸平野,B_830305_24_LF_CLASS::氾濫平野・海岸平野,11093,1109300.0,1.1093,45039,4503900.0,44879,4487900.0,0.9964475232576212,0.24717573920987546,0.24629765314505206,10.0
184013,184,13,830305,,24,B_830305_24,旧河道,LF_CLASS::旧河道,B_830305_24_LF_CLASS::旧河道,903,90300.0,0.0903,45039,4503900.0,44879,4487900.0,0.9964475232576212,0.020120769179348914,0.020049290614800507,10.0
184016,184,16,830305,,24,B_830305_24,水部,LF_CLASS::水部,B_830305_24_LF_CLASS::水部,463,46300.0,0.0463,45039,4503900.0,44879,4487900.0,0.9964475232576212,0.010316629158403708,0.010279979573258732,10.0
185001,185,1,830305,,25,B_830305_25,山地斜面等,LF_CLASS::山地斜面等,B_830305_25_LF_CLASS::山地斜面等,794,79400.0,0.0794,118317,11831700.0,108778,10877800.0,0.9193776042326969,0.0072992700729927005,0.006710785432355452,10.0
185002,185,2,830305,,25,B_830305_25,崖・段丘崖,LF_CLASS::崖・段丘崖,B_830305_25_LF_CLASS::崖・段丘崖,2292,229200.0,0.2292,118317,11831700.0,108778,10877800.0,0.9193776042326969,0.021070437036900844,0.019371687923121782,10.0
185004,185,4,830305,,25,B_830305_25,台地・段丘,LF_CLASS::台地・段丘,B_830305_25_LF_CLASS::台地・段丘,60619,6061900.0,6.0619,118317,11831700.0,108778,10877800.0,0.9193776042326969,0.557272610270459,0.5123439573349561,10.0
185007,185,7,830305,,25,B_830305_25,自然堤防,LF_CLASS::自然堤防,B_830305_25_LF_CLASS::自然堤防,2621,262100.0,0.2621,118317,11831700.0,108778,10877800.0,0.9193776042326969,0.024094945669161042,0.022152353423430277,10.0
185010,185,10,830305,,25,B_830305_25,凹地・浅い谷,LF_CLASS::凹地・浅い谷,B_830305_25_LF_CLASS::凹地・浅い谷,7108,710800.0,0.7108,118317,11831700.0,108778,10877800.0,0.9193776042326969,0.06534409531339058,0.060075897799978024,10.0
185011,185,11,830305,,25,B_830305_25,氾濫平野・海岸平野,LF_CLASS::氾濫平野・海岸平野,B_830305_25_LF_CLASS::氾濫平野・海岸平野,19149,1914900.0,1.9149,118317,11831700.0,108778,10877800.0,0.9193776042326969,0.17603743403997132,0.16184487436294023,10.0
185013,185,13,830305,,25,B_830305_25,旧河道,LF_CLASS::旧河道,B_830305_25_LF_CLASS::旧河道,11479,1147900.0,1.1479,118317,11831700.0,108778,10877800.0,0.9193776042326969,0.10552685285627608,0.09701902516121944,10.0
185016,185,16,830305,,25,B_830305_25,水部,LF_CLASS::水部,B_830305_25_LF_CLASS::水部,4716,471600.0,0.4716,118317,11831700.0,108778,10877800.0,0.9193776042326969,0.04335435474084833,0.03985902279469561,10.0
186001,186,1,830305,,26,B_830305_26,山地斜面等,LF_CLASS::山地斜面等,B_830305_26_LF_CLASS::山地斜面等,314,31400.0,0.0314,62411,6241100.0,61916,6191600.0,0.992068705837112,0.005071387040506492,0.005031164378074378,10.0
186002,186,2,830305,,26,B_830305_26,崖・段丘崖,LF_CLASS::崖・段丘崖,B_830305_26_LF_CLASS::崖・段丘崖,475,47500.0,0.0475,62411,6241100.0,61916,6191600.0,0.992068705837112,0.007671684217326701,0.0076108378330742976,10.0
186004,186,4,830305,,26,B_830305_26,台地・段丘,LF_CLASS::台地・段丘,B_830305_26_LF_CLASS::台地・段丘,51569,5156900.0,5.1569,62411,6241100.0,61916,6191600.0,0.992068705837112,0.8328864913754118,0.8262806236080178,10.0
186007,186,7,830305,,26,B_830305_26,自然堤防,LF_CLASS::自然堤防,B_830305_26_LF_CLASS::自然堤防,48,4800.0,0.0048,62411,6241100.0,61916,6191600.0,0.992068705837112,0.0007752438788035403,0.0007690951915527712,10.0
186010,186,10,830305,,26,B_830305_26,凹地・浅い谷,LF_CLASS::凹地・浅い谷,B_830305_26_LF_CLASS::凹地・浅い谷,567,56700.0,0.0567,62411,6241100.0,61916,6191600.0,0.992068705837112,0.00915756831836682,0.00908493695021711,10.0
186011,186,11,830305,,26,B_830305_26,氾濫平野・海岸平野,LF_CLASS::氾濫平野・海岸平野,B_830305_26_LF_CLASS::氾濫平野・海岸平野,5562,556200.0,0.5562,62411,6241100.0,61916,6191600.0,0.992068705837112,0.08983138445636023,0.08911890532117736,10.0
186013,186,13,830305,,26,B_830305_26,旧河道,LF_CLASS::旧河道,B_830305_26_LF_CLASS::旧河道,2932,293200.0,0.2932,62411,6241100.0,61916,6191600.0,0.992068705837112,0.04735448026358292,0.04697889795068177,10.0
186016,186,16,830305,,26,B_830305_26,水部,LF_CLASS::水部,B_830305_26_LF_CLASS::水部,449,44900.0,0.0449,62411,6241100.0,61916,6191600.0,0.992068705837112,0.007251760449641449,0.007194244604316547,10.0
187001,187,1,830305,,27,B_830305_27,山地斜面等,LF_CLASS::山地斜面等,B_830305_27_LF_CLASS::山地斜面等,27023,2702300.0,2.7023,129404,12940400.0,120934,12093400.0,0.9345460727643659,0.2234524616733094,0.20882662050632128,10.0
187002,187,2,830305,,27,B_830305_27,崖・段丘崖,LF_CLASS::崖・段丘崖,B_830305_27_LF_CLASS::崖・段丘崖,3369,336900.0,0.3369,129404,12940400.0,120934,12093400.0,0.9345460727643659,0.027858170572378323,0.026034743902815988,10.0
187004,187,4,830305,,27,B_830305_27,台地・段丘,LF_CLASS::台地・段丘,B_830305_27_LF_CLASS::台地・段丘,45764,4576400.0,4.5764,129404,12940400.0,120934,12093400.0,0.9345460727643659,0.3784212876445003,0.3536521282186022,10.0
187005,187,5,830305,,27,B_830305_27,山麓堆積地形,LF_CLASS::山麓堆積地形,B_830305_27_LF_CLASS::山麓堆積地形,2096,209600.0,0.2096,129404,12940400.0,120934,12093400.0,0.9345460727643659,0.017331767741081913,0.016197335476492224,10.0
187006,187,6,830305,,27,B_830305_27,扇状地,LF_CLASS::扇状地,B_830305_27_LF_CLASS::扇状地,791,79100.0,0.0791,129404,12940400.0,120934,12093400.0,0.9345460727643659,0.006540757768700283,0.006112639485641866,10.0
187007,187,7,830305,,27,B_830305_27,自然堤防,LF_CLASS::自然堤防,B_830305_27_LF_CLASS::自然堤防,1448,144800.0,0.1448,129404,12940400.0,120934,12093400.0,0.9345460727643659,0.011973473134106207,0.011189762294828598,10.0
187010,187,10,830305,,27,B_830305_27,凹地・浅い谷,LF_CLASS::凹地・浅い谷,B_830305_27_LF_CLASS::凹地・浅い谷,2275,227500.0,0.2275,129404,12940400.0,120934,12093400.0,0.9345460727643659,0.018811913936527362,0.017580600290562888,10.0
187011,187,11,830305,,27,B_830305_27,氾濫平野・海岸平野,LF_CLASS::氾濫平野・海岸平野,B_830305_27_LF_CLASS::氾濫平野・海岸平野,28250,2825000.0,2.825,129404,12940400.0,120934,12093400.0,0.9345460727643659,0.2335984917392958,0.21830855305863806,10.0
187013,187,13,830305,,27,B_830305_27,旧河道,LF_CLASS::旧河道,B_830305_27_LF_CLASS::旧河道,7124,712400.0,0.7124,129404,12940400.0,120934,12093400.0,0.9345460727643659,0.05890816478409711,0.05505239405273407,10.0
187016,187,16,830305,,27,B_830305_27,水部,LF_CLASS::水部,B_830305_27_LF_CLASS::水部,2794,279400.0,0.2794,129404,12940400.0,120934,12093400.0,0.9345460727643659,0.023103511006003274,0.021591295477728662,10.0
188001,188,1,830305,,28,B_830305_28,山地斜面等,LF_CLASS::山地斜面等,B_830305_28_LF_CLASS::山地斜面等,30819,3081900.0,3.0819,40713,4071300.0,40286,4028600.0,0.9895119495001596,0.7650052127289877,0.756981799425245,10.0
188004,188,4,830305,,28,B_830305_28,台地・段丘,LF_CLASS::台地・段丘,B_830305_28_LF_CLASS::台地・段丘,438,43800.0,0.0438,40713,4071300.0,40286,4028600.0,0.9895119495001596,0.010872263317281437,0.010758234470562228,10.0
188005,188,5,830305,,28,B_830305_28,山麓堆積地形,LF_CLASS::山麓堆積地形,B_830305_28_LF_CLASS::山麓堆積地形,758,75800.0,0.0758,40713,4071300.0,40286,4028600.0,0.9895119495001596,0.018815469393834085,0.018618131800653356,10.0
188011,188,11,830305,,28,B_830305_28,氾濫平野・海岸平野,LF_CLASS::氾濫平野・海岸平野,B_830305_28_LF_CLASS::氾濫平野・海岸平野,7920,792000.0,0.792,40713,4071300.0,40286,4028600.0,0.9895119495001596,0.19659435039467804,0.19453245891975537,10.0
188013,188,13,830305,,28,B_830305_28,旧河道,LF_CLASS::旧河道,B_830305_28_LF_CLASS::旧河道,239,23900.0,0.0239,40713,4071300.0,40286,4028600.0,0.9895119495001596,0.005932582038425259,0.0058703608184118095,10.0
188016,188,16,830305,,28,B_830305_28,水部,LF_CLASS::水部,B_830305_28_LF_CLASS::水部,112,11200.0,0.0112,40713,4071300.0,40286,4028600.0,0.9895119495001596,0.002780122126793427,0.002750964065531894,10.0
189004,189,4,830305,,29,B_830305_29,台地・段丘,LF_CLASS::台地・段丘,B_830305_29_LF_CLASS::台地・段丘,1346,134600.0,0.1346,10378,1037800.0,6089,608900.0,0.5867219117363653,0.22105436032189194,0.1296974368857198,10.0
189007,189,7,830305,,29,B_830305_29,自然堤防,LF_CLASS::自然堤防,B_830305_29_LF_CLASS::自然堤防,82,8200.0,0.0082,10378,1037800.0,6089,608900.0,0.5867219117363653,0.013466907538183609,0.007901329735979958,10.0
189010,189,10,830305,,29,B_830305_29,凹地・浅い谷,LF_CLASS::凹地・浅い谷,B_830305_29_LF_CLASS::凹地・浅い谷,94,9400.0,0.0094,10378,1037800.0,6089,608900.0,0.5867219117363653,0.015437674494990967,0.00905762189246483,10.0
189011,189,11,830305,,29,B_830305_29,氾濫平野・海岸平野,LF_CLASS::氾濫平野・海岸平野,B_830305_29_LF_CLASS::氾濫平野・海岸平野,2189,218900.0,0.2189,10378,1037800.0,6089,608900.0,0.5867219117363653,0.3595007390376088,0.21092696087878204,10.0
189013,189,13,830305,,29,B_830305_29,旧河道,LF_CLASS::旧河道,B_830305_29_LF_CLASS::旧河道,1716,171600.0,0.1716,10378,1037800.0,6089,608900.0,0.5867219117363653,0.2818196748234521,0.16534977837733666,10.0
189016,189,16,830305,,29,B_830305_29,水部,LF_CLASS::水部,B_830305_29_LF_CLASS::水部,662,66200.0,0.0662,10378,1037800.0,6089,608900.0,0.5867219117363653,0.10872064378387256,0.06378878396608209,10.0
190001,190,1,830305,,3,B_830305_3,山地斜面等,LF_CLASS::山地斜面等,B_830305_3_LF_CLASS::山地斜面等,6435,643500.0,0.6435,22750,2275000.0,22314,2231400.0,0.9808351648351649,0.2883839741866093,0.28285714285714286,10.0
190004,190,4,830305,,3,B_830305_3,台地・段丘,LF_CLASS::台地・段丘,B_830305_3_LF_CLASS::台地・段丘,7240,724000.0,0.724,22750,2275000.0,22314,2231400.0,0.9808351648351649,0.3244599802814377,0.31824175824175827,10.0
190005,190,5,830305,,3,B_830305_3,山麓堆積地形,LF_CLASS::山麓堆積地形,B_830305_3_LF_CLASS::山麓堆積地形,288,28800.0,0.0288,22750,2275000.0,22314,2231400.0,0.9808351648351649,0.012906695348211886,0.01265934065934066,10.0
190010,190,10,830305,,3,B_830305_3,凹地・浅い谷,LF_CLASS::凹地・浅い谷,B_830305_3_LF_CLASS::凹地・浅い谷,2413,241300.0,0.2413,22750,2275000.0,22314,2231400.0,0.9808351648351649,0.10813838845567805,0.10606593406593406,10.0
190011,190,11,830305,,3,B_830305_3,氾濫平野・海岸平野,LF_CLASS::氾濫平野・海岸平野,B_830305_3_LF_CLASS::氾濫平野・海岸平野,4740,474000.0,0.474,22750,2275000.0,22314,2231400.0,0.9808351648351649,0.21242269427265395,0.20835164835164835,10.0
190013,190,13,830305,,3,B_830305_3,旧河道,LF_CLASS::旧河道,B_830305_3_LF_CLASS::旧河道,917,91700.0,0.0917,22750,2275000.0,22314,2231400.0,0.9808351648351649,0.04109527650802187,0.04030769230769231,10.0
190016,190,16,830305,,3,B_830305_3,水部,LF_CLASS::水部,B_830305_3_LF_CLASS::水部,281,28100.0,0.0281,22750,2275000.0,22314,2231400.0,0.9808351648351649,0.01259299094738729,0.01235164835164835,10.0
191001,191,1,830305,,30,B_830305_30,山地斜面等,LF_CLASS::山地斜面等,B_830305_30_LF_CLASS::山地斜面等,71046,7104600.0,7.1046,99214,9921400.0,98452,9845200.0,0.9923196323099562,0.7216308454881567,0.7160884552583304,10.0
191002,191,2,830305,,30,B_830305_30,崖・段丘崖,LF_CLASS::崖・段丘崖,B_830305_30_LF_CLASS::崖・段丘崖,60,6000.0,0.006,99214,9921400.0,98452,9845200.0,0.9923196323099562,0.0006094340389225206,0.0006047533614207672,10.0
191004,191,4,830305,,30,B_830305_30,台地・段丘,LF_CLASS::台地・段丘,B_830305_30_LF_CLASS::台地・段丘,3888,388800.0,0.3888,99214,9921400.0,98452,9845200.0,0.9923196323099562,0.03949132572217934,0.039188017820065715,10.0
191005,191,5,830305,,30,B_830305_30,山麓堆積地形,LF_CLASS::山麓堆積地形,B_830305_30_LF_CLASS::山麓堆積地形,4688,468800.0,0.4688,99214,9921400.0,98452,9845200.0,0.9923196323099562,0.047617112907812946,0.04725139597234261,10.0
191010,191,10,830305,,30,B_830305_30,凹地・浅い谷,LF_CLASS::凹地・浅い谷,B_830305_30_LF_CLASS::凹地・浅い谷,45,4500.0,0.0045,99214,9921400.0,98452,9845200.0,0.9923196323099562,0.0004570755291918905,0.0004535650210655754,10.0
191011,191,11,830305,,30,B_830305_30,氾濫平野・海岸平野,LF_CLASS::氾濫平野・海岸平野,B_830305_30_LF_CLASS::氾濫平野・海岸平野,17788,1778800.0,1.7788,99214,9921400.0,98452,9845200.0,0.9923196323099562,0.18067687807256327,0.1792892132158768,10.0
191013,191,13,830305,,30,B_830305_30,旧河道,LF_CLASS::旧河道,B_830305_30_LF_CLASS::旧河道,410,41000.0,0.041,99214,9921400.0,98452,9845200.0,0.9923196323099562,0.004164465932637224,0.00413248130304191,10.0
191016,191,16,830305,,30,B_830305_30,水部,LF_CLASS::水部,B_830305_30_LF_CLASS::水部,527,52700.0,0.0527,99214,9921400.0,98452,9845200.0,0.9923196323099562,0.005352862308536139,0.005311750357812405,10.0
192001,192,1,830305,,31,B_830305_31,山地斜面等,LF_CLASS::山地斜面等,B_830305_31_LF_CLASS::山地斜面等,166,16600.0,0.0166,27536,2753600.0,26138,2613800.0,0.9492300987797792,0.006350906725839774,0.0060284718187100525,10.0
192002,192,2,830305,,31,B_830305_31,崖・段丘崖,LF_CLASS::崖・段丘崖,B_830305_31_LF_CLASS::崖・段丘崖,1210,121000.0,0.121,27536,2753600.0,26138,2613800.0,0.9492300987797792,0.046292753844976664,0.0439424753050552,10.0
192004,192,4,830305,,31,B_830305_31,台地・段丘,LF_CLASS::台地・段丘,B_830305_31_LF_CLASS::台地・段丘,16392,1639200.0,1.6392,27536,2753600.0,26138,2613800.0,0.9492300987797792,0.6271329099395516,0.5952934340499709,10.0
192010,192,10,830305,,31,B_830305_31,凹地・浅い谷,LF_CLASS::凹地・浅い谷,B_830305_31_LF_CLASS::凹地・浅い谷,78,7800.0,0.0078,27536,2753600.0,26138,2613800.0,0.9492300987797792,0.0029841609916596524,0.002832655432887856,10.0
192011,192,11,830305,,31,B_830305_31,氾濫平野・海岸平野,LF_CLASS::氾濫平野・海岸平野,B_830305_31_LF_CLASS::氾濫平野・海岸平野,6182,618200.0,0.6182,27536,2753600.0,26138,2613800.0,0.9492300987797792,0.23651388782615348,0.2245061011040093,10.0
192013,192,13,830305,,31,B_830305_31,旧河道,LF_CLASS::旧河道,B_830305_31_LF_CLASS::旧河道,1752,175200.0,0.1752,27536,2753600.0,26138,2613800.0,0.9492300987797792,0.06702884688958605,0.06362579895409645,10.0
192016,192,16,830305,,31,B_830305_31,水部,LF_CLASS::水部,B_830305_31_LF_CLASS::水部,358,35800.0,0.0358,27536,2753600.0,26138,2613800.0,0.9492300987797792,0.013696533782232765,0.01300116211504939,10.0
193001,193,1,830305,,32,B_830305_32,山地斜面等,LF_CLASS::山地斜面等,B_830305_32_LF_CLASS::山地斜面等,18043,1804300.0,1.8043,31974,3197400.0,31391,3139100.0,0.9817664352286233,0.5747825809945526,0.5643022455745293,10.0
193004,193,4,830305,,32,B_830305_32,台地・段丘,LF_CLASS::台地・段丘,B_830305_32_LF_CLASS::台地・段丘,4281,428100.0,0.4281,31974,3197400.0,31391,3139100.0,0.9817664352286233,0.13637666847185498,0.13389003565396884,10.0
193005,193,5,830305,,32,B_830305_32,山麓堆積地形,LF_CLASS::山麓堆積地形,B_830305_32_LF_CLASS::山麓堆積地形,246,24600.0,0.0246,31974,3197400.0,31391,3139100.0,0.9817664352286233,0.00783664107546749,0.0076937511728279225,10.0
193011,193,11,830305,,32,B_830305_32,氾濫平野・海岸平野,LF_CLASS::氾濫平野・海岸平野,B_830305_32_LF_CLASS::氾濫平野・海岸平野,7708,770800.0,0.7708,31974,3197400.0,31391,3139100.0,0.9817664352286233,0.2455480870313147,0.24107087008194159,10.0
193013,193,13,830305,,32,B_830305_32,旧河道,LF_CLASS::旧河道,B_830305_32_LF_CLASS::旧河道,752,75200.0,0.0752,31974,3197400.0,31391,3139100.0,0.9817664352286233,0.02395591092988436,0.023519109276286983,10.0
193016,193,16,830305,,32,B_830305_32,水部,LF_CLASS::水部,B_830305_32_LF_CLASS::水部,361,36100.0,0.0361,31974,3197400.0,31391,3139100.0,0.9817664352286233,0.01150011149692587,0.011290423469068618,10.0
194001,194,1,830305,,33,B_830305_33,山地斜面等,LF_CLASS::山地斜面等,B_830305_33_LF_CLASS::山地斜面等,16867,1686700.0,1.6867,142143,14214300.0,113697,11369700.0,0.7998775880627256,0.14835044020510654,0.11866219229930422,10.0
194002,194,2,830305,,33,B_830305_33,崖・段丘崖,LF_CLASS::崖・段丘崖,B_830305_33_LF_CLASS::崖・段丘崖,2471,247100.0,0.2471,142143,14214300.0,113697,11369700.0,0.7998775880627256,0.021733203162792335,0.01738390212673153,10.0
194004,194,4,830305,,33,B_830305_33,台地・段丘,LF_CLASS::台地・段丘,B_830305_33_LF_CLASS::台地・段丘,54117,5411700.0,5.4117,142143,14214300.0,113697,11369700.0,0.7998775880627256,0.4759756194094831,0.38072223042991915,10.0
194005,194,5,830305,,33,B_830305_33,山麓堆積地形,LF_CLASS::山麓堆積地形,B_830305_33_LF_CLASS::山麓堆積地形,1069,106900.0,0.1069,142143,14214300.0,113697,11369700.0,0.7998775880627256,0.009402182995153786,0.007520595456687983,10.0
194007,194,7,830305,,33,B_830305_33,自然堤防,LF_CLASS::自然堤防,B_830305_33_LF_CLASS::自然堤防,1214,121400.0,0.1214,142143,14214300.0,113697,11369700.0,0.7998775880627256,0.010677502484674178,0.00854069493397494,10.0
194010,194,10,830305,,33,B_830305_33,凹地・浅い谷,LF_CLASS::凹地・浅い谷,B_830305_33_LF_CLASS::凹地・浅い谷,3336,333600.0,0.3336,142143,14214300.0,113697,11369700.0,0.7998775880627256,0.029341143565793294,0.0234693231464089,10.0
194011,194,11,830305,,33,B_830305_33,氾濫平野・海岸平野,LF_CLASS::氾濫平野・海岸平野,B_830305_33_LF_CLASS::氾濫平野・海岸平野,16495,1649500.0,1.6495,142143,14214300.0,113697,11369700.0,0.7998775880627256,0.14507858606647492,0.11604510950240252,10.0
194013,194,13,830305,,33,B_830305_33,旧河道,LF_CLASS::旧河道,B_830305_33_LF_CLASS::旧河道,12965,1296500.0,1.2965,142143,14214300.0,113697,11369700.0,0.7998775880627256,0.11403115297677159,0.09121096360707175,10.0
194016,194,16,830305,,33,B_830305_33,水部,LF_CLASS::水部,B_830305_33_LF_CLASS::水部,5163,516300.0,0.5163,142143,14214300.0,113697,11369700.0,0.7998775880627256,0.04541016913375023,0.03632257656022456,10.0
195001,195,1,830305,,34,B_830305_34,山地斜面等,LF_CLASS::山地斜面等,B_830305_34_LF_CLASS::山地斜面等,21789,2178900.0,2.1789,466751,46675100.0,466746,46674600.0,0.9999892876501604,0.04668277821341801,0.046682278131166294,10.0
195002,195,2,830305,,34,B_830305_34,崖・段丘崖,LF_CLASS::崖・段丘崖,B_830305_34_LF_CLASS::崖・段丘崖,14,1400.0,0.0014,466751,46675100.0,466746,46674600.0,0.9999892876501604,2.9994900866852634e-05,2.9994579550981144e-05,10.0
195004,195,4,830305,,34,B_830305_34,台地・段丘,LF_CLASS::台地・段丘,B_830305_34_LF_CLASS::台地・段丘,418690,41869000.0,41.869,466751,46675100.0,466746,46674600.0,0.9999892876501604,0.8970403602816093,0.8970307508714497,10.0
195005,195,5,830305,,34,B_830305_34,山麓堆積地形,LF_CLASS::山麓堆積地形,B_830305_34_LF_CLASS::山麓堆積地形,413,41300.0,0.0413,466751,46675100.0,466746,46674600.0,0.9999892876501604,0.0008848495755721527,0.0008848400967539437,10.0
195006,195,6,830305,,34,B_830305_34,扇状地,LF_CLASS::扇状地,B_830305_34_LF_CLASS::扇状地,92,9200.0,0.0092,466751,46675100.0,466746,46674600.0,0.9999892876501604,0.00019710934855360303,0.00019710723704930466,10.0
195010,195,10,830305,,34,B_830305_34,凹地・浅い谷,LF_CLASS::凹地・浅い谷,B_830305_34_LF_CLASS::凹地・浅い谷,20460,2046000.0,2.046,466751,46675100.0,466746,46674600.0,0.9999892876501604,0.043835405123986065,0.04383493554379102,10.0
195011,195,11,830305,,34,B_830305_34,氾濫平野・海岸平野,LF_CLASS::氾濫平野・海岸平野,B_830305_34_LF_CLASS::氾濫平野・海岸平野,3388,338800.0,0.3388,466751,46675100.0,466746,46674600.0,0.9999892876501604,0.007258766009778338,0.007258688251337437,10.0
195016,195,16,830305,,34,B_830305_34,水部,LF_CLASS::水部,B_830305_34_LF_CLASS::水部,1900,190000.0,0.19,466751,46675100.0,466746,46674600.0,0.9999892876501604,0.004070736546215715,0.004070692939061727,10.0
196001,196,1,830305,,35,B_830305_35,山地斜面等,LF_CLASS::山地斜面等,B_830305_35_LF_CLASS::山地斜面等,98000,9800000.0,9.8,205561,20556100.0,201906,20190600.0,0.982219389864809,0.48537438213822276,0.47674412947981376,10.0
196002,196,2,830305,,35,B_830305_35,崖・段丘崖,LF_CLASS::崖・段丘崖,B_830305_35_LF_CLASS::崖・段丘崖,2901,290100.0,0.2901,205561,20556100.0,201906,20190600.0,0.982219389864809,0.014368072271254941,0.014112599179805507,10.0
196004,196,4,830305,,35,B_830305_35,台地・段丘,LF_CLASS::台地・段丘,B_830305_35_LF_CLASS::台地・段丘,53764,5376400.0,5.3764,205561,20556100.0,201906,20190600.0,0.982219389864809,0.26628232940081026,0.261547667115844,10.0
196005,196,5,830305,,35,B_830305_35,山麓堆積地形,LF_CLASS::山麓堆積地形,B_830305_35_LF_CLASS::山麓堆積地形,4349,434900.0,0.4349,205561,20556100.0,201906,20190600.0,0.982219389864809,0.021539726407338068,0.021156736929670513,10.0
196006,196,6,830305,,35,B_830305_35,扇状地,LF_CLASS::扇状地,B_830305_35_LF_CLASS::扇状地,1257,125700.0,0.1257,205561,20556100.0,201906,20190600.0,0.982219389864809,0.006225669370895367,0.006114973170980877,10.0
196010,196,10,830305,,35,B_830305_35,凹地・浅い谷,LF_CLASS::凹地・浅い谷,B_830305_35_LF_CLASS::凹地・浅い谷,642,64200.0,0.0642,205561,20556100.0,201906,20190600.0,0.982219389864809,0.0031796974829871325,0.0031231605216942905,10.0
196011,196,11,830305,,35,B_830305_35,氾濫平野・海岸平野,LF_CLASS::氾濫平野・海岸平野,B_830305_35_LF_CLASS::氾濫平野・海岸平野,35593,3559300.0,3.5593,205561,20556100.0,201906,20190600.0,0.982219389864809,0.17628500391271185,0.1731505489854593,10.0
196013,196,13,830305,,35,B_830305_35,旧河道,LF_CLASS::旧河道,B_830305_35_LF_CLASS::旧河道,3444,344400.0,0.3444,205561,20556100.0,201906,20190600.0,0.982219389864809,0.017057442572286113,0.016754150836004886,10.0
196016,196,16,830305,,35,B_830305_35,水部,LF_CLASS::水部,B_830305_35_LF_CLASS::水部,1956,195600.0,0.1956,205561,20556100.0,201906,20190600.0,0.982219389864809,0.009687676443493507,0.009515423645535875,10.0
197001,197,1,830305,,36,B_830305_36,山地斜面等,LF_CLASS::山地斜面等,B_830305_36_LF_CLASS::山地斜面等,43726,4372600.0,4.3726,59643,5964300.0,59320,5932000.0,0.994584444109116,0.7371207012811868,0.7331287829250709,10.0
197002,197,2,830305,,36,B_830305_36,崖・段丘崖,LF_CLASS::崖・段丘崖,B_830305_36_LF_CLASS::崖・段丘崖,56,5600.0,0.0056,59643,5964300.0,59320,5932000.0,0.994584444109116,0.0009440323668240054,0.0009389199067786665,10.0
197004,197,4,830305,,36,B_830305_36,台地・段丘,LF_CLASS::台地・段丘,B_830305_36_LF_CLASS::台地・段丘,3143,314300.0,0.3143,59643,5964300.0,59320,5932000.0,0.994584444109116,0.0529838165879973,0.052696879767952655,10.0
197005,197,5,830305,,36,B_830305_36,山麓堆積地形,LF_CLASS::山麓堆積地形,B_830305_36_LF_CLASS::山麓堆積地形,417,41700.0,0.0417,59643,5964300.0,59320,5932000.0,0.994584444109116,0.007029669588671612,0.006991600020119712,10.0
197011,197,11,830305,,36,B_830305_36,氾濫平野・海岸平野,LF_CLASS::氾濫平野・海岸平野,B_830305_36_LF_CLASS::氾濫平野・海岸平野,11451,1145100.0,1.1451,59643,5964300.0,59320,5932000.0,0.994584444109116,0.19303776129467295,0.19199235450933053,10.0
197013,197,13,830305,,36,B_830305_36,旧河道,LF_CLASS::旧河道,B_830305_36_LF_CLASS::旧河道,195,19500.0,0.0195,59643,5964300.0,59320,5932000.0,0.994584444109116,0.003287255563047876,0.0032694532468185706,10.0
197016,197,16,830305,,36,B_830305_36,水部,LF_CLASS::水部,B_830305_36_LF_CLASS::水部,332,33200.0,0.0332,59643,5964300.0,59320,5932000.0,0.994584444109116,0.005596763317599461,0.005566453733044951,10.0
198001,198,1,830305,,37,B_830305_37,山地斜面等,LF_CLASS::山地斜面等,B_830305_37_LF_CLASS::山地斜面等,7553,755300.0,0.7553,59660,5966000.0,56185,5618500.0,0.9417532685216226,0.13443089792649285,0.12660073751257123,10.0
198002,198,2,830305,,37,B_830305_37,崖・段丘崖,LF_CLASS::崖・段丘崖,B_830305_37_LF_CLASS::崖・段丘崖,1096,109600.0,0.1096,59660,5966000.0,56185,5618500.0,0.9417532685216226,0.01950698585031592,0.01837076768354006,10.0
198004,198,4,830305,,37,B_830305_37,台地・段丘,LF_CLASS::台地・段丘,B_830305_37_LF_CLASS::台地・段丘,26793,2679300.0,2.6793,59660,5966000.0,56185,5618500.0,0.9417532685216226,0.47687105099225774,0.44909487093530004,10.0
198005,198,5,830305,,37,B_830305_37,山麓堆積地形,LF_CLASS::山麓堆積地形,B_830305_37_LF_CLASS::山麓堆積地形,747,74700.0,0.0747,59660,5966000.0,56185,5618500.0,0.9417532685216226,0.013295363531191599,0.012520952061682869,10.0
198010,198,10,830305,,37,B_830305_37,凹地・浅い谷,LF_CLASS::凹地・浅い谷,B_830305_37_LF_CLASS::凹地・浅い谷,3301,330100.0,0.3301,59660,5966000.0,56185,5618500.0,0.9417532685216226,0.05875233603274895,0.055330204492122025,10.0
198011,198,11,830305,,37,B_830305_37,氾濫平野・海岸平野,LF_CLASS::氾濫平野・海岸平野,B_830305_37_LF_CLASS::氾濫平野・海岸平野,13972,1397200.0,1.3972,59660,5966000.0,56185,5618500.0,0.9417532685216226,0.2486784729020201,0.23419376466644318,10.0
198013,198,13,830305,,37,B_830305_37,旧河道,LF_CLASS::旧河道,B_830305_37_LF_CLASS::旧河道,1953,195300.0,0.1953,59660,5966000.0,56185,5618500.0,0.9417532685216226,0.03476016730444069,0.03273550117331545,10.0
198016,198,16,830305,,37,B_830305_37,水部,LF_CLASS::水部,B_830305_37_LF_CLASS::水部,770,77000.0,0.077,59660,5966000.0,56185,5618500.0,0.9417532685216226,0.01370472546053217,0.012906469996647671,10.0
199001,199,1,830305,,38,B_830305_38,山地斜面等,LF_CLASS::山地斜面等,B_830305_38_LF_CLASS::山地斜面等,11996,1199600.0,1.1996,40075,4007500.0,39889,3988900.0,0.9953587024329382,0.30073453834390435,0.29933873986275733,10.0
199002,199,2,830305,,38,B_830305_38,崖・段丘崖,LF_CLASS::崖・段丘崖,B_830305_38_LF_CLASS::崖・段丘崖,281,28100.0,0.0281,40075,4007500.0,39889,3988900.0,0.9953587024329382,0.007044548622427236,0.007011852776044916,10.0
199004,199,4,830305,,38,B_830305_38,台地・段丘,LF_CLASS::台地・段丘,B_830305_38_LF_CLASS::台地・段丘,12252,1225200.0,1.2252,40075,4007500.0,39889,3988900.0,0.9953587024329382,0.307152347765048,0.30572676232064877,10.0
199005,199,5,830305,,38,B_830305_38,山麓堆積地形,LF_CLASS::山麓堆積地形,B_830305_38_LF_CLASS::山麓堆積地形,156,15600.0,0.0156,40075,4007500.0,39889,3988900.0,0.9953587024329382,0.003910852616009426,0.0038927011852776046,10.0
199010,199,10,830305,,38,B_830305_38,凹地・浅い谷,LF_CLASS::凹地・浅い谷,B_830305_38_LF_CLASS::凹地・浅い谷,1362,136200.0,0.1362,40075,4007500.0,39889,3988900.0,0.9953587024329382,0.034144751685928454,0.03398627573300062,10.0
199011,199,11,830305,,38,B_830305_38,氾濫平野・海岸平野,LF_CLASS::氾濫平野・海岸平野,B_830305_38_LF_CLASS::氾濫平野・海岸平野,12634,1263400.0,1.2634,40075,4007500.0,39889,3988900.0,0.9953587024329382,0.31672892276066084,0.3152588895820337,10.0
199013,199,13,830305,,38,B_830305_38,旧河道,LF_CLASS::旧河道,B_830305_38_LF_CLASS::旧河道,838,83800.0,0.0838,40075,4007500.0,39889,3988900.0,0.9953587024329382,0.021008298027024995,0.020910792264504055,10.0
199016,199,16,830305,,38,B_830305_38,水部,LF_CLASS::水部,B_830305_38_LF_CLASS::水部,370,37000.0,0.037,40075,4007500.0,39889,3988900.0,0.9953587024329382,0.009275740178996716,0.00923268870867124,10.0
200002,200,2,830305,,39,B_830305_39,崖・段丘崖,LF_CLASS::崖・段丘崖,B_830305_39_LF_CLASS::崖・段丘崖,1067,106700.0,0.1067,29142,2914200.0,23201,2320100.0,0.7961361608674765,0.04598939700874962,0.036613821975156134,10.0
200004,200,4,830305,,39,B_830305_39,台地・段丘,LF_CLASS::台地・段丘,B_830305_39_LF_CLASS::台地・段丘,15337,1533700.0,1.5337,29142,2914200.0,23201,2320100.0,0.7961361608674765,0.661049092711521,0.526285086816279,10.0
200007,200,7,830305,,39,B_830305_39,自然堤防,LF_CLASS::自然堤防,B_830305_39_LF_CLASS::自然堤防,56,5600.0,0.0056,29142,2914200.0,23201,2320100.0,0.7961361608674765,0.0024136890651265033,0.0019216251458376227,10.0
200010,200,10,830305,,39,B_830305_39,凹地・浅い谷,LF_CLASS::凹地・浅い谷,B_830305_39_LF_CLASS::凹地・浅い谷,213,21300.0,0.0213,29142,2914200.0,23201,2320100.0,0.7961361608674765,0.009180638765570449,0.007309038501132386,10.0
200011,200,11,830305,,39,B_830305_39,氾濫平野・海岸平野,LF_CLASS::氾濫平野・海岸平野,B_830305_39_LF_CLASS::氾濫平野・海岸平野,4598,459800.0,0.4598,29142,2914200.0,23201,2320100.0,0.7961361608674765,0.1981811128830654,0.15777915036716766,10.0
200013,200,13,830305,,39,B_830305_39,旧河道,LF_CLASS::旧河道,B_830305_39_LF_CLASS::旧河道,836,83600.0,0.0836,29142,2914200.0,23201,2320100.0,0.7961361608674765,0.0360329296151028,0.02868711824857594,10.0
200016,200,16,830305,,39,B_830305_39,水部,LF_CLASS::水部,B_830305_39_LF_CLASS::水部,1094,109400.0,0.1094,29142,2914200.0,23201,2320100.0,0.7961361608674765,0.04715313995086419,0.037540319813327845,10.0
201011,201,11,830305,,4,B_830305_4,氾濫平野・海岸平野,LF_CLASS::氾濫平野・海岸平野,B_830305_4_LF_CLASS::氾濫平野・海岸平野,1007,100700.0,0.1007,7586,758600.0,2565,256500.0,0.33812285789612445,0.3925925925925926,0.13274452939625625,10.0
201013,201,13,830305,,4,B_830305_4,旧河道,LF_CLASS::旧河道,B_830305_4_LF_CLASS::旧河道,250,25000.0,0.025,7586,758600.0,2565,256500.0,0.33812285789612445,0.09746588693957114,0.03295544423938835,10.0
201016,201,16,830305,,4,B_830305_4,水部,LF_CLASS::水部,B_830305_4_LF_CLASS::水部,1308,130800.0,0.1308,7586,758600.0,2565,256500.0,0.33812285789612445,0.5099415204678363,0.17242288426047983,10.0
202001,202,1,830305,,40,B_830305_40,山地斜面等,LF_CLASS::山地斜面等,B_830305_40_LF_CLASS::山地斜面等,63058,6305800.0,6.3058,111140,11114000.0,107269,10726900.0,0.9651700557854958,0.5878492388294847,0.5673744826345151,10.0
202002,202,2,830305,,40,B_830305_40,崖・段丘崖,LF_CLASS::崖・段丘崖,B_830305_40_LF_CLASS::崖・段丘崖,825,82500.0,0.0825,111140,11114000.0,107269,10726900.0,0.9651700557854958,0.00769094519385843,0.007423070001799532,10.0
202004,202,4,830305,,40,B_830305_40,台地・段丘,LF_CLASS::台地・段丘,B_830305_40_LF_CLASS::台地・段丘,21933,2193300.0,2.1933,111140,11114000.0,107269,10726900.0,0.9651700557854958,0.20446727386290542,0.19734569012056866,10.0
202005,202,5,830305,,40,B_830305_40,山麓堆積地形,LF_CLASS::山麓堆積地形,B_830305_40_LF_CLASS::山麓堆積地形,1816,181600.0,0.1816,111140,11114000.0,107269,10726900.0,0.9651700557854958,0.016929401784299285,0.016339751664567213,10.0
202010,202,10,830305,,40,B_830305_40,凹地・浅い谷,LF_CLASS::凹地・浅い谷,B_830305_40_LF_CLASS::凹地・浅い谷,913,91300.0,0.0913,111140,11114000.0,107269,10726900.0,0.9651700557854958,0.00851131268120333,0.008214864135324816,10.0
202011,202,11,830305,,40,B_830305_40,氾濫平野・海岸平野,LF_CLASS::氾濫平野・海岸平野,B_830305_40_LF_CLASS::氾濫平野・海岸平野,17151,1715100.0,1.7151,111140,11114000.0,107269,10726900.0,0.9651700557854958,0.1598877588119587,0.1543188770919561,10.0
202013,202,13,830305,,40,B_830305_40,旧河道,LF_CLASS::旧河道,B_830305_40_LF_CLASS::旧河道,590,59000.0,0.059,111140,11114000.0,107269,10726900.0,0.9651700557854958,0.00550019110833512,0.0053086197588626954,10.0
202016,202,16,830305,,40,B_830305_40,水部,LF_CLASS::水部,B_830305_40_LF_CLASS::水部,983,98300.0,0.0983,111140,11114000.0,107269,10726900.0,0.9651700557854958,0.009163877727954954,0.008844700377901745,10.0
203001,203,1,830305,,41,B_830305_41,山地斜面等,LF_CLASS::山地斜面等,B_830305_41_LF_CLASS::山地斜面等,14807,1480700.0,1.4807,56474,5647400.0,55258,5525800.0,0.9784679675602932,0.267961200188208,0.2621914509331728,10.0
203002,203,2,830305,,41,B_830305_41,崖・段丘崖,LF_CLASS::崖・段丘崖,B_830305_41_LF_CLASS::崖・段丘崖,751,75100.0,0.0751,56474,5647400.0,55258,5525800.0,0.9784679675602932,0.013590792283470267,0.013298154903141268,10.0
203004,203,4,830305,,41,B_830305_41,台地・段丘,LF_CLASS::台地・段丘,B_830305_41_LF_CLASS::台地・段丘,19760,1976000.0,1.976,56474,5647400.0,55258,5525800.0,0.9784679675602932,0.3575952803214014,0.349895527145235,10.0
203005,203,5,830305,,41,B_830305_41,山麓堆積地形,LF_CLASS::山麓堆積地形,B_830305_41_LF_CLASS::山麓堆積地形,2460,246000.0,0.246,56474,5647400.0,55258,5525800.0,0.9784679675602932,0.04451844076875747,0.04355986825795941,10.0
203010,203,10,830305,,41,B_830305_41,凹地・浅い谷,LF_CLASS::凹地・浅い谷,B_830305_41_LF_CLASS::凹地・浅い谷,193,19300.0,0.0193,56474,5647400.0,55258,5525800.0,0.9784679675602932,0.003492706938361866,0.0034175018592626696,10.0
203011,203,11,830305,,41,B_830305_41,氾濫平野・海岸平野,LF_CLASS::氾濫平野・海岸平野,B_830305_41_LF_CLASS::氾濫平野・海岸平野,15256,1525600.0,1.5256,56474,5647400.0,55258,5525800.0,0.9784679675602932,0.2760867204748634,0.2701420122534264,10.0
203013,203,13,830305,,41,B_830305_41,旧河道,LF_CLASS::旧河道,B_830305_41_LF_CLASS::旧河道,1505,150500.0,0.1505,56474,5647400.0,55258,5525800.0,0.9784679675602932,0.027235875348365846,0.026649431596841026,10.0
203016,203,16,830305,,41,B_830305_41,水部,LF_CLASS::水部,B_830305_41_LF_CLASS::水部,526,52600.0,0.0526,56474,5647400.0,55258,5525800.0,0.9784679675602932,0.009518983676571719,0.009314020611254737,10.0
204001,204,1,830305,,42,B_830305_42,山地斜面等,LF_CLASS::山地斜面等,B_830305_42_LF_CLASS::山地斜面等,7814,781400.0,0.7814,109347,10934700.0,98519,9851900.0,0.9009757926600638,0.07931464996599641,0.07146057962266912,10.0
204002,204,2,830305,,42,B_830305_42,崖・段丘崖,LF_CLASS::崖・段丘崖,B_830305_42_LF_CLASS::崖・段丘崖,5120,512000.0,0.512,109347,10934700.0,98519,9851900.0,0.9009757926600638,0.05196967082491702,0.046823415365762205,10.0
204004,204,4,830305,,42,B_830305_42,台地・段丘,LF_CLASS::台地・段丘,B_830305_42_LF_CLASS::台地・段丘,65130,6513000.0,6.513,109347,10934700.0,98519,9851900.0,0.9009757926600638,0.6610907540677433,0.5956267661664243,10.0
204005,204,5,830305,,42,B_830305_42,山麓堆積地形,LF_CLASS::山麓堆積地形,B_830305_42_LF_CLASS::山麓堆積地形,572,57200.0,0.0572,109347,10934700.0,98519,9851900.0,0.9009757926600638,0.0058059866624711985,0.0052310534353937465,10.0
204006,204,6,830305,,42,B_830305_42,扇状地,LF_CLASS::扇状地,B_830305_42_LF_CLASS::扇状地,51,5100.0,0.0051,109347,10934700.0,98519,9851900.0,0.9009757926600638,0.0005176666429825719,0.000466405113994897,10.0
204010,204,10,830305,,42,B_830305_42,凹地・浅い谷,LF_CLASS::凹地・浅い谷,B_830305_42_LF_CLASS::凹地・浅い谷,4181,418100.0,0.4181,109347,10934700.0,98519,9851900.0,0.9009757926600638,0.042438514398237905,0.038236074149267926,10.0
204011,204,11,830305,,42,B_830305_42,氾濫平野・海岸平野,LF_CLASS::氾濫平野・海岸平野,B_830305_42_LF_CLASS::氾濫平野・海岸平野,10218,1021800.0,1.0218,109347,10934700.0,98519,9851900.0,0.9009757926600638,0.10371603447050823,0.09344563636862466,10.0
204013,204,13,830305,,42,B_830305_42,旧河道,LF_CLASS::旧河道,B_830305_42_LF_CLASS::旧河道,1495,149500.0,0.1495,109347,10934700.0,98519,9851900.0,0.9009757926600638,0.01517473786782245,0.01367207147887002,10.0
204016,204,16,830305,,42,B_830305_42,水部,LF_CLASS::水部,B_830305_42_LF_CLASS::水部,3938,393800.0,0.3938,109347,10934700.0,98519,9851900.0,0.9009757926600638,0.03997198509932094,0.03601379095905695,10.0
205001,205,1,830305,,43,B_830305_43,山地斜面等,LF_CLASS::山地斜面等,B_830305_43_LF_CLASS::山地斜面等,39088,3908800.0,3.9088,183819,18381900.0,159623,15962300.0,0.8683705166495302,0.24487699141101218,0.21264395954716325,10.0
205002,205,2,830305,,43,B_830305_43,崖・段丘崖,LF_CLASS::崖・段丘崖,B_830305_43_LF_CLASS::崖・段丘崖,3273,327300.0,0.3273,183819,18381900.0,159623,15962300.0,0.8683705166495302,0.020504563878639043,0.01780555872896708,10.0
205003,205,3,830305,,43,B_830305_43,地すべり地形,LF_CLASS::地すべり地形,B_830305_43_LF_CLASS::地すべり地形,316,31600.0,0.0316,183819,18381900.0,159623,15962300.0,0.8683705166495302,0.001979664584677647,0.0017190823581893057,10.0
205004,205,4,830305,,43,B_830305_43,台地・段丘,LF_CLASS::台地・段丘,B_830305_43_LF_CLASS::台地・段丘,79023,7902300.0,7.9023,183819,18381900.0,159623,15962300.0,0.8683705166495302,0.49506023568032176,0.4298957126303592,10.0
205005,205,5,830305,,43,B_830305_43,山麓堆積地形,LF_CLASS::山麓堆積地形,B_830305_43_LF_CLASS::山麓堆積地形,4815,481500.0,0.4815,183819,18381900.0,159623,15962300.0,0.8683705166495302,0.030164825870958447,0.0261942454262073,10.0
205006,205,6,830305,,43,B_830305_43,扇状地,LF_CLASS::扇状地,B_830305_43_LF_CLASS::扇状地,571,57100.0,0.0571,183819,18381900.0,159623,15962300.0,0.8683705166495302,0.003577178727376381,0.0031063165396395366,10.0
205007,205,7,830305,,43,B_830305_43,自然堤防,LF_CLASS::自然堤防,B_830305_43_LF_CLASS::自然堤防,1231,123100.0,0.1231,183819,18381900.0,159623,15962300.0,0.8683705166495302,0.007711921214361339,0.006696805009275429,10.0
205010,205,10,830305,,43,B_830305_43,凹地・浅い谷,LF_CLASS::凹地・浅い谷,B_830305_43_LF_CLASS::凹地・浅い谷,8459,845900.0,0.8459,183819,18381900.0,159623,15962300.0,0.8683705166495302,0.05299361620819055,0.04601809388583335,10.0
205011,205,11,830305,,43,B_830305_43,氾濫平野・海岸平野,LF_CLASS::氾濫平野・海岸平野,B_830305_43_LF_CLASS::氾濫平野・海岸平野,13664,1366400.0,1.3664,183819,18381900.0,159623,15962300.0,0.8683705166495302,0.08560169900327647,0.07433399158955277,10.0
205013,205,13,830305,,43,B_830305_43,旧河道,LF_CLASS::旧河道,B_830305_43_LF_CLASS::旧河道,2646,264600.0,0.2646,183819,18381900.0,159623,15962300.0,0.8683705166495302,0.016576558516003332,0.014394594682812985,10.0
205015,205,15,830305,,43,B_830305_43,河川敷・浜,LF_CLASS::河川敷・浜,B_830305_43_LF_CLASS::河川敷・浜,2792,279200.0,0.2792,183819,18381900.0,159623,15962300.0,0.8683705166495302,0.017491213672215157,0.015188854253368803,10.0
205016,205,16,830305,,43,B_830305_43,水部,LF_CLASS::水部,B_830305_43_LF_CLASS::水部,3745,374500.0,0.3745,183819,18381900.0,159623,15962300.0,0.8683705166495302,0.02346153123296768,0.020373301998161234,10.0
206001,206,1,830305,,44,B_830305_44,山地斜面等,LF_CLASS::山地斜面等,B_830305_44_LF_CLASS::山地斜面等,48339,4833900.0,4.8339,101825,10182500.0,71548,7154800.0,0.7026565185367051,0.6756163694303126,0.4747262460103118,10.0
206002,206,2,830305,,44,B_830305_44,崖・段丘崖,LF_CLASS::崖・段丘崖,B_830305_44_LF_CLASS::崖・段丘崖,41,4100.0,0.0041,101825,10182500.0,71548,7154800.0,0.7026565185367051,0.0005730418739866943,0.0004026516081512399,10.0
206004,206,4,830305,,44,B_830305_44,台地・段丘,LF_CLASS::台地・段丘,B_830305_44_LF_CLASS::台地・段丘,8697,869700.0,0.8697,101825,10182500.0,71548,7154800.0,0.7026565185367051,0.1215547604405434,0.08541124478271545,10.0
206005,206,5,830305,,44,B_830305_44,山麓堆積地形,LF_CLASS::山麓堆積地形,B_830305_44_LF_CLASS::山麓堆積地形,811,81100.0,0.0811,101825,10182500.0,71548,7154800.0,0.7026565185367051,0.011335047800078268,0.007964645224650135,10.0
206011,206,11,830305,,44,B_830305_44,氾濫平野・海岸平野,LF_CLASS::氾濫平野・海岸平野,B_830305_44_LF_CLASS::氾濫平野・海岸平野,13062,1306200.0,1.3062,101825,10182500.0,71548,7154800.0,0.7026565185367051,0.18256275507351707,0.12827890989442672,10.0
206013,206,13,830305,,44,B_830305_44,旧河道,LF_CLASS::旧河道,B_830305_44_LF_CLASS::旧河道,90,9000.0,0.009,101825,10182500.0,71548,7154800.0,0.7026565185367051,0.0012578967965561582,0.0008838693837466241,10.0
206016,206,16,830305,,44,B_830305_44,水部,LF_CLASS::水部,B_830305_44_LF_CLASS::水部,508,50800.0,0.0508,101825,10182500.0,71548,7154800.0,0.7026565185367051,0.00710012858500587,0.004988951632703167,10.0
207001,207,1,830305,,45,B_830305_45,山地斜面等,LF_CLASS::山地斜面等,B_830305_45_LF_CLASS::山地斜面等,5050,505000.0,0.505,36370,3637000.0,33064,3306400.0,0.9091009073412153,0.15273409145898864,0.13885070112730272,10.0
207002,207,2,830305,,45,B_830305_45,崖・段丘崖,LF_CLASS::崖・段丘崖,B_830305_45_LF_CLASS::崖・段丘崖,1961,196100.0,0.1961,36370,3637000.0,33064,3306400.0,0.9091009073412153,0.05930921848536172,0.05391806433874072,10.0
207004,207,4,830305,,45,B_830305_45,台地・段丘,LF_CLASS::台地・段丘,B_830305_45_LF_CLASS::台地・段丘,22063,2206300.0,2.2063,36370,3637000.0,33064,3306400.0,0.9091009073412153,0.6672816356157755,0.6066263403904317,10.0
207006,207,6,830305,,45,B_830305_45,扇状地,LF_CLASS::扇状地,B_830305_45_LF_CLASS::扇状地,355,35500.0,0.0355,36370,3637000.0,33064,3306400.0,0.9091009073412153,0.010736752963948706,0.009760791861424251,10.0
207010,207,10,830305,,45,B_830305_45,凹地・浅い谷,LF_CLASS::凹地・浅い谷,B_830305_45_LF_CLASS::凹地・浅い谷,794,79400.0,0.0794,36370,3637000.0,33064,3306400.0,0.9091009073412153,0.0240140333897895,0.021831179543579875,10.0
207011,207,11,830305,,45,B_830305_45,氾濫平野・海岸平野,LF_CLASS::氾濫平野・海岸平野,B_830305_45_LF_CLASS::氾濫平野・海岸平野,667,66700.0,0.0667,36370,3637000.0,33064,3306400.0,0.9091009073412153,0.02017299782240503,0.018339290624140775,10.0
207013,207,13,830305,,45,B_830305_45,旧河道,LF_CLASS::旧河道,B_830305_45_LF_CLASS::旧河道,778,77800.0,0.0778,36370,3637000.0,33064,3306400.0,0.9091009073412153,0.023530123397048148,0.02139125653010723,10.0
207016,207,16,830305,,45,B_830305_45,水部,LF_CLASS::水部,B_830305_45_LF_CLASS::水部,1396,139600.0,0.1396,36370,3637000.0,33064,3306400.0,0.9091009073412153,0.042221146866682796,0.03838328292548804,10.0
208001,208,1,830305,,46,B_830305_46,山地斜面等,LF_CLASS::山地斜面等,B_830305_46_LF_CLASS::山地斜面等,18677,1867700.0,1.8677,405246,40524600.0,56810,5681000.0,0.14018645464730065,0.32876254180602005,0.04608805515662091,10.0
208002,208,2,830305,,46,B_830305_46,崖・段丘崖,LF_CLASS::崖・段丘崖,B_830305_46_LF_CLASS::崖・段丘崖,4687,468700.0,0.4687,405246,40524600.0,56810,5681000.0,0.14018645464730065,0.08250308044358387,0.011565814344867068,10.0
208004,208,4,830305,,46,B_830305_46,台地・段丘,LF_CLASS::台地・段丘,B_830305_46_LF_CLASS::台地・段丘,26632,2663200.0,2.6632,405246,40524600.0,56810,5681000.0,0.14018645464730065,0.46879070586164406,0.06571810702634942,10.0
208005,208,5,830305,,46,B_830305_46,山麓堆積地形,LF_CLASS::山麓堆積地形,B_830305_46_LF_CLASS::山麓堆積地形,1461,146100.0,0.1461,405246,40524600.0,56810,5681000.0,0.14018645464730065,0.025717303291674,0.003605217571549133,10.0
208007,208,7,830305,,46,B_830305_46,自然堤防,LF_CLASS::自然堤防,B_830305_46_LF_CLASS::自然堤防,56,5600.0,0.0056,405246,40524600.0,56810,5681000.0,0.14018645464730065,0.0009857419468403451,0.00013818766872467588,10.0
208010,208,10,830305,,46,B_830305_46,凹地・浅い谷,LF_CLASS::凹地・浅い谷,B_830305_46_LF_CLASS::凹地・浅い谷,826,82600.0,0.0826,405246,40524600.0,56810,5681000.0,0.14018645464730065,0.014539693715895089,0.002038268113688969,10.0
208011,208,11,830305,,46,B_830305_46,氾濫平野・海岸平野,LF_CLASS::氾濫平野・海岸平野,B_830305_46_LF_CLASS::氾濫平野・海岸平野,2396,239600.0,0.2396,405246,40524600.0,56810,5681000.0,0.14018645464730065,0.04217567329695476,0.005912458111862918,10.0
208013,208,13,830305,,46,B_830305_46,旧河道,LF_CLASS::旧河道,B_830305_46_LF_CLASS::旧河道,26,2600.0,0.0026,405246,40524600.0,56810,5681000.0,0.14018645464730065,0.0004576659038901602,6.41585604793138e-05,10.0
208016,208,16,830305,,46,B_830305_46,水部,LF_CLASS::水部,B_830305_46_LF_CLASS::水部,2049,204900.0,0.2049,405246,40524600.0,56810,5681000.0,0.14018645464730065,0.036067593733497626,0.00505618809315823,10.0
209002,209,2,830305,,47,B_830305_47,崖・段丘崖,LF_CLASS::崖・段丘崖,B_830305_47_LF_CLASS::崖・段丘崖,104,10400.0,0.0104,17317,1731700.0,15357,1535700.0,0.8868164231679853,0.006772156020056001,0.0060056591788416,10.0
209004,209,4,830305,,47,B_830305_47,台地・段丘,LF_CLASS::台地・段丘,B_830305_47_LF_CLASS::台地・段丘,8009,800900.0,0.8009,17317,1731700.0,15357,1535700.0,0.8868164231679853,0.5215211304291203,0.46249350349367674,10.0
209010,209,10,830305,,47,B_830305_47,凹地・浅い谷,LF_CLASS::凹地・浅い谷,B_830305_47_LF_CLASS::凹地・浅い谷,1452,145200.0,0.1452,17317,1731700.0,15357,1535700.0,0.8868164231679853,0.09454971674155109,0.0838482416122885,10.0
209011,209,11,830305,,47,B_830305_47,氾濫平野・海岸平野,LF_CLASS::氾濫平野・海岸平野,B_830305_47_LF_CLASS::氾濫平野・海岸平野,4361,436100.0,0.4361,17317,1731700.0,15357,1535700.0,0.8868164231679853,0.2839747346486944,0.2518334584512329,10.0
209013,209,13,830305,,47,B_830305_47,旧河道,LF_CLASS::旧河道,B_830305_47_LF_CLASS::旧河道,1008,100800.0,0.1008,17317,1731700.0,15357,1535700.0,0.8868164231679853,0.06563781988669662,0.05820869665646475,10.0
209016,209,16,830305,,47,B_830305_47,水部,LF_CLASS::水部,B_830305_47_LF_CLASS::水部,423,42300.0,0.0423,17317,1731700.0,15357,1535700.0,0.8868164231679853,0.027544442273881618,0.024426863775480742,10.0
210001,210,1,830305,,48,B_830305_48,山地斜面等,LF_CLASS::山地斜面等,B_830305_48_LF_CLASS::山地斜面等,38314,3831400.0,3.8314,96024,9602400.0,93229,9322900.0,0.9708926934932933,0.410966544744661,0.399004415562776,10.0
210002,210,2,830305,,48,B_830305_48,崖・段丘崖,LF_CLASS::崖・段丘崖,B_830305_48_LF_CLASS::崖・段丘崖,1221,122100.0,0.1221,96024,9602400.0,93229,9322900.0,0.9708926934932933,0.013096783189780005,0.012715571107223194,10.0
210004,210,4,830305,,48,B_830305_48,台地・段丘,LF_CLASS::台地・段丘,B_830305_48_LF_CLASS::台地・段丘,33499,3349900.0,3.3499,96024,9602400.0,93229,9322900.0,0.9708926934932933,0.3593195250404917,0.34886070149129383,10.0
210005,210,5,830305,,48,B_830305_48,山麓堆積地形,LF_CLASS::山麓堆積地形,B_830305_48_LF_CLASS::山麓堆積地形,2037,203700.0,0.2037,96024,9602400.0,93229,9322900.0,0.9708926934932933,0.021849424535284087,0.021213446638340416,10.0
210006,210,6,830305,,48,B_830305_48,扇状地,LF_CLASS::扇状地,B_830305_48_LF_CLASS::扇状地,339,33900.0,0.0339,96024,9602400.0,93229,9322900.0,0.9708926934932933,0.0036362076178013277,0.003530367408147963,10.0
210007,210,7,830305,,48,B_830305_48,自然堤防,LF_CLASS::自然堤防,B_830305_48_LF_CLASS::自然堤防,171,17100.0,0.0171,96024,9602400.0,93229,9322900.0,0.9708926934932933,0.001834193223138723,0.0017808047988003,10.0
210011,210,11,830305,,48,B_830305_48,氾濫平野・海岸平野,LF_CLASS::氾濫平野・海岸平野,B_830305_48_LF_CLASS::氾濫平野・海岸平野,15223,1522300.0,1.5223,96024,9602400.0,93229,9322900.0,0.9708926934932933,0.16328610196398116,0.15853328334583022,10.0
210013,210,13,830305,,48,B_830305_48,旧河道,LF_CLASS::旧河道,B_830305_48_LF_CLASS::旧河道,1538,153800.0,0.1538,96024,9602400.0,93229,9322900.0,0.9708926934932933,0.0164970127320898,0.01601682912605182,10.0
210016,210,16,830305,,48,B_830305_48,水部,LF_CLASS::水部,B_830305_48_LF_CLASS::水部,887,88700.0,0.0887,96024,9602400.0,93229,9322900.0,0.9708926934932933,0.009514206952772206,0.009237274014829626,10.0
211001,211,1,830305,,49,B_830305_49,山地斜面等,LF_CLASS::山地斜面等,B_830305_49_LF_CLASS::山地斜面等,5820,582000.0,0.582,49028,4902800.0,44442,4444200.0,0.9064616137717223,0.13095720264614555,0.11870767724565555,10.0
211002,211,2,830305,,49,B_830305_49,崖・段丘崖,LF_CLASS::崖・段丘崖,B_830305_49_LF_CLASS::崖・段丘崖,576,57600.0,0.0576,49028,4902800.0,44442,4444200.0,0.9064616137717223,0.012960712839206157,0.011748388675858692,10.0
211004,211,4,830305,,49,B_830305_49,台地・段丘,LF_CLASS::台地・段丘,B_830305_49_LF_CLASS::台地・段丘,17772,1777200.0,1.7772,49028,4902800.0,44442,4444200.0,0.9064616137717223,0.3998919940596733,0.36248674226972344,10.0
211005,211,5,830305,,49,B_830305_49,山麓堆積地形,LF_CLASS::山麓堆積地形,B_830305_49_LF_CLASS::山麓堆積地形,210,21000.0,0.021,49028,4902800.0,44442,4444200.0,0.9064616137717223,0.004725259889293911,0.004283266704740148,10.0
211010,211,10,830305,,49,B_830305_49,凹地・浅い谷,LF_CLASS::凹地・浅い谷,B_830305_49_LF_CLASS::凹地・浅い谷,183,18300.0,0.0183,49028,4902800.0,44442,4444200.0,0.9064616137717223,0.0041177264749561225,0.0037325609855592724,10.0
211011,211,11,830305,,49,B_830305_49,氾濫平野・海岸平野,LF_CLASS::氾濫平野・海岸平野,B_830305_49_LF_CLASS::氾濫平野・海岸平野,15217,1521700.0,1.5217,49028,4902800.0,44442,4444200.0,0.9064616137717223,0.342401332073264,0.3103736640287183,10.0
211013,211,13,830305,,49,B_830305_49,旧河道,LF_CLASS::旧河道,B_830305_49_LF_CLASS::旧河道,2136,213600.0,0.2136,49028,4902800.0,44442,4444200.0,0.9064616137717223,0.0480626434453895,0.04356694133964265,10.0
211015,211,15,830305,,49,B_830305_49,河川敷・浜,LF_CLASS::河川敷・浜,B_830305_49_LF_CLASS::河川敷・浜,1755,175500.0,0.1755,49028,4902800.0,44442,4444200.0,0.9064616137717223,0.03948967193195626,0.035795871746756955,10.0
211016,211,16,830305,,49,B_830305_49,水部,LF_CLASS::水部,B_830305_49_LF_CLASS::水部,773,77300.0,0.0773,49028,4902800.0,44442,4444200.0,0.9064616137717223,0.017393456640115205,0.015766500775067308,10.0
212001,212,1,830305,,5,B_830305_5,山地斜面等,LF_CLASS::山地斜面等,B_830305_5_LF_CLASS::山地斜面等,7651,765100.0,0.7651,49136,4913600.0,49135,4913500.0,0.9999796483230218,0.1557138495980462,0.15571068056007814,10.0
212004,212,4,830305,,5,B_830305_5,台地・段丘,LF_CLASS::台地・段丘,B_830305_5_LF_CLASS::台地・段丘,33250,3325000.0,3.325,49136,4913600.0,49135,4913500.0,0.9999796483230218,0.6767070316475018,0.6766932595245848,10.0
212010,212,10,830305,,5,B_830305_5,凹地・浅い谷,LF_CLASS::凹地・浅い谷,B_830305_5_LF_CLASS::凹地・浅い谷,6995,699500.0,0.6995,49136,4913600.0,49135,4913500.0,0.9999796483230218,0.14236287778569248,0.1423599804623901,10.0
212011,212,11,830305,,5,B_830305_5,氾濫平野・海岸平野,LF_CLASS::氾濫平野・海岸平野,B_830305_5_LF_CLASS::氾濫平野・海岸平野,1045,104500.0,0.1045,49136,4913600.0,49135,4913500.0,0.9999796483230218,0.021267935280350057,0.021267502442201238,10.0
212016,212,16,830305,,5,B_830305_5,水部,LF_CLASS::水部,B_830305_5_LF_CLASS::水部,194,19400.0,0.0194,49136,4913600.0,49135,4913500.0,0.9999796483230218,0.003948305688409484,0.003948225333767503,10.0
213001,213,1,830305,,50,B_830305_50,山地斜面等,LF_CLASS::山地斜面等,B_830305_50_LF_CLASS::山地斜面等,52,5200.0,0.0052,18139,1813900.0,16881,1688100.0,0.9306466729147141,0.0030803862330430662,0.002866751199073819,10.0
213002,213,2,830305,,50,B_830305_50,崖・段丘崖,LF_CLASS::崖・段丘崖,B_830305_50_LF_CLASS::崖・段丘崖,1077,107700.0,0.1077,18139,1813900.0,16881,1688100.0,0.9306466729147141,0.06379953794206504,0.0593748277192789,10.0
213004,213,4,830305,,50,B_830305_50,台地・段丘,LF_CLASS::台地・段丘,B_830305_50_LF_CLASS::台地・段丘,12658,1265800.0,1.2658,18139,1813900.0,16881,1688100.0,0.9306466729147141,0.7498370949588294,0.6978333976514692,10.0
213006,213,6,830305,,50,B_830305_50,扇状地,LF_CLASS::扇状地,B_830305_50_LF_CLASS::扇状地,84,8400.0,0.0084,18139,1813900.0,16881,1688100.0,0.9306466729147141,0.004976008530300338,0.004630905783119246,10.0
213010,213,10,830305,,50,B_830305_50,凹地・浅い谷,LF_CLASS::凹地・浅い谷,B_830305_50_LF_CLASS::凹地・浅い谷,754,75400.0,0.0754,18139,1813900.0,16881,1688100.0,0.9306466729147141,0.04466560037912446,0.041567892386570375,10.0
213011,213,11,830305,,50,B_830305_50,氾濫平野・海岸平野,LF_CLASS::氾濫平野・海岸平野,B_830305_50_LF_CLASS::氾濫平野・海岸平野,1790,179000.0,0.179,18139,1813900.0,16881,1688100.0,0.9306466729147141,0.10603637225282862,0.09868239704504107,10.0
213013,213,13,830305,,50,B_830305_50,旧河道,LF_CLASS::旧河道,B_830305_50_LF_CLASS::旧河道,154,15400.0,0.0154,18139,1813900.0,16881,1688100.0,0.9306466729147141,0.00912268230555062,0.008489993935718617,10.0
213016,213,16,830305,,50,B_830305_50,水部,LF_CLASS::水部,B_830305_50_LF_CLASS::水部,312,31200.0,0.0312,18139,1813900.0,16881,1688100.0,0.9306466729147141,0.018482317398258397,0.017200507194442913,10.0
214001,214,1,830305,,51,B_830305_51,山地斜面等,LF_CLASS::山地斜面等,B_830305_51_LF_CLASS::山地斜面等,9552,955200.0,0.9552,13783,1378300.0,13782,1378200.0,0.9999274468548212,0.6930779277318241,0.6930276427483132,10.0
214002,214,2,830305,,51,B_830305_51,崖・段丘崖,LF_CLASS::崖・段丘崖,B_830305_51_LF_CLASS::崖・段丘崖,268,26800.0,0.0268,13783,1378300.0,13782,1378200.0,0.9999274468548212,0.019445653751269772,0.019444242907930058,10.0
214004,214,4,830305,,51,B_830305_51,台地・段丘,LF_CLASS::台地・段丘,B_830305_51_LF_CLASS::台地・段丘,1771,177100.0,0.1771,13783,1378300.0,13782,1378200.0,0.9999274468548212,0.12850094325932376,0.12849162011173185,10.0
214005,214,5,830305,,51,B_830305_51,山麓堆積地形,LF_CLASS::山麓堆積地形,B_830305_51_LF_CLASS::山麓堆積地形,78,7800.0,0.0078,13783,1378300.0,13782,1378200.0,0.9999274468548212,0.0056595559425337396,0.005659145323949793,10.0
214006,214,6,830305,,51,B_830305_51,扇状地,LF_CLASS::扇状地,B_830305_51_LF_CLASS::扇状地,339,33900.0,0.0339,13783,1378300.0,13782,1378200.0,0.9999274468548212,0.02459730082716587,0.024595516215627947,10.0
214011,214,11,830305,,51,B_830305_51,氾濫平野・海岸平野,LF_CLASS::氾濫平野・海岸平野,B_830305_51_LF_CLASS::氾濫平野・海岸平野,1587,158700.0,0.1587,13783,1378300.0,13782,1378200.0,0.9999274468548212,0.1151501959077057,0.11514184139882463,10.0
214013,214,13,830305,,51,B_830305_51,旧河道,LF_CLASS::旧河道,B_830305_51_LF_CLASS::旧河道,23,2300.0,0.0023,13783,1378300.0,13782,1378200.0,0.9999274468548212,0.0016688434189522565,0.0016687223391134006,10.0
214016,214,16,830305,,51,B_830305_51,水部,LF_CLASS::水部,B_830305_51_LF_CLASS::水部,164,16400.0,0.0164,13783,1378300.0,13782,1378200.0,0.9999274468548212,0.011899579161224786,0.011898715809330334,10.0
215001,215,1,830305,,52,B_830305_52,山地斜面等,LF_CLASS::山地斜面等,B_830305_52_LF_CLASS::山地斜面等,1430,143000.0,0.143,18669,1866900.0,17926,1792600.0,0.960201403396004,0.07977239763472052,0.07659756816112272,10.0
215002,215,2,830305,,52,B_830305_52,崖・段丘崖,LF_CLASS::崖・段丘崖,B_830305_52_LF_CLASS::崖・段丘崖,925,92500.0,0.0925,18669,1866900.0,17926,1792600.0,0.960201403396004,0.051601026442039497,0.04954737800632064,10.0
215004,215,4,830305,,52,B_830305_52,台地・段丘,LF_CLASS::台地・段丘,B_830305_52_LF_CLASS::台地・段丘,11967,1196700.0,1.1967,18669,1866900.0,17926,1792600.0,0.960201403396004,0.6675778199263639,0.6410091595693396,10.0
215005,215,5,830305,,52,B_830305_52,山麓堆積地形,LF_CLASS::山麓堆積地形,B_830305_52_LF_CLASS::山麓堆積地形,158,15800.0,0.0158,18669,1866900.0,17926,1792600.0,0.960201403396004,0.008814013165234854,0.008463227810809363,10.0
215006,215,6,830305,,52,B_830305_52,扇状地,LF_CLASS::扇状地,B_830305_52_LF_CLASS::扇状地,430,43000.0,0.043,18669,1866900.0,17926,1792600.0,0.960201403396004,0.023987504183867008,0.02303283518131662,10.0
215007,215,7,830305,,52,B_830305_52,自然堤防,LF_CLASS::自然堤防,B_830305_52_LF_CLASS::自然堤防,70,7000.0,0.007,18669,1866900.0,17926,1792600.0,0.960201403396004,0.0039049425415597456,0.0037495313085864268,10.0
215010,215,10,830305,,52,B_830305_52,凹地・浅い谷,LF_CLASS::凹地・浅い谷,B_830305_52_LF_CLASS::凹地・浅い谷,54,5400.0,0.0054,18669,1866900.0,17926,1792600.0,0.960201403396004,0.0030123842463460897,0.0028924955809095294,10.0
215011,215,11,830305,,52,B_830305_52,氾濫平野・海岸平野,LF_CLASS::氾濫平野・海岸平野,B_830305_52_LF_CLASS::氾濫平野・海岸平野,2085,208500.0,0.2085,18669,1866900.0,17926,1792600.0,0.960201403396004,0.11631150284502957,0.11168246826289571,10.0
215013,215,13,830305,,52,B_830305_52,旧河道,LF_CLASS::旧河道,B_830305_52_LF_CLASS::旧河道,557,55700.0,0.0557,18669,1866900.0,17926,1792600.0,0.960201403396004,0.031072185652125404,0.029835556269751994,10.0
215016,215,16,830305,,52,B_830305_52,水部,LF_CLASS::水部,B_830305_52_LF_CLASS::水部,250,25000.0,0.025,18669,1866900.0,17926,1792600.0,0.960201403396004,0.013946223362713377,0.013391183244951524,10.0
216001,216,1,830305,,53,B_830305_53,山地斜面等,LF_CLASS::山地斜面等,B_830305_53_LF_CLASS::山地斜面等,4440,444000.0,0.444,6160,616000.0,6160,616000.0,1.0,0.7207792207792207,0.7207792207792207,10.0
216004,216,4,830305,,53,B_830305_53,台地・段丘,LF_CLASS::台地・段丘,B_830305_53_LF_CLASS::台地・段丘,11,1100.0,0.0011,6160,616000.0,6160,616000.0,1.0,0.0017857142857142857,0.0017857142857142857,10.0
216011,216,11,830305,,53,B_830305_53,氾濫平野・海岸平野,LF_CLASS::氾濫平野・海岸平野,B_830305_53_LF_CLASS::氾濫平野・海岸平野,1602,160200.0,0.1602,6160,616000.0,6160,616000.0,1.0,0.26006493506493505,0.26006493506493505,10.0
216015,216,15,830305,,53,B_830305_53,河川敷・浜,LF_CLASS::河川敷・浜,B_830305_53_LF_CLASS::河川敷・浜,5,500.0,0.0005,6160,616000.0,6160,616000.0,1.0,0.0008116883116883117,0.0008116883116883117,10.0
216016,216,16,830305,,53,B_830305_53,水部,LF_CLASS::水部,B_830305_53_LF_CLASS::水部,102,10200.0,0.0102,6160,616000.0,6160,616000.0,1.0,0.016558441558441557,0.016558441558441557,10.0
217001,217,1,830305,,54,B_830305_54,山地斜面等,LF_CLASS::山地斜面等,B_830305_54_LF_CLASS::山地斜面等,30531,3053100.0,3.0531,102103,10210300.0,33997,3399700.0,0.33296768949002475,0.8980498279259934,0.2990215762514324,10.0
217002,217,2,830305,,54,B_830305_54,崖・段丘崖,LF_CLASS::崖・段丘崖,B_830305_54_LF_CLASS::崖・段丘崖,39,3900.0,0.0039,102103,10210300.0,33997,3399700.0,0.33296768949002475,0.0011471600435332529,0.0003819672291705435,10.0
217004,217,4,830305,,54,B_830305_54,台地・段丘,LF_CLASS::台地・段丘,B_830305_54_LF_CLASS::台地・段丘,1339,133900.0,0.1339,102103,10210300.0,33997,3399700.0,0.33296768949002475,0.03938582816130835,0.013114208201521992,10.0
217005,217,5,830305,,54,B_830305_54,山麓堆積地形,LF_CLASS::山麓堆積地形,B_830305_54_LF_CLASS::山麓堆積地形,36,3600.0,0.0036,102103,10210300.0,33997,3399700.0,0.33296768949002475,0.0010589169632614643,0.0003525851346189632,10.0
217006,217,6,830305,,54,B_830305_54,扇状地,LF_CLASS::扇状地,B_830305_54_LF_CLASS::扇状地,184,18400.0,0.0184,102103,10210300.0,33997,3399700.0,0.33296768949002475,0.005412242256669706,0.0018021017991635897,10.0
217011,217,11,830305,,54,B_830305_54,氾濫平野・海岸平野,LF_CLASS::氾濫平野・海岸平野,B_830305_54_LF_CLASS::氾濫平野・海岸平野,1854,185400.0,0.1854,102103,10210300.0,33997,3399700.0,0.33296768949002475,0.05453422360796541,0.018158134432876605,10.0
217016,217,16,830305,,54,B_830305_54,水部,LF_CLASS::水部,B_830305_54_LF_CLASS::水部,14,1400.0,0.0014,102103,10210300.0,33997,3399700.0,0.33296768949002475,0.0004118010412683472,0.0001371164412407079,10.0
218001,218,1,830305,,55,B_830305_55,山地斜面等,LF_CLASS::山地斜面等,B_830305_55_LF_CLASS::山地斜面等,29842,2984200.0,2.9842,36977,3697700.0,36964,3696400.0,0.9996484301052005,0.8073260469646142,0.807042215431214,10.0
218002,218,2,830305,,55,B_830305_55,崖・段丘崖,LF_CLASS::崖・段丘崖,B_830305_55_LF_CLASS::崖・段丘崖,215,21500.0,0.0215,36977,3697700.0,36964,3696400.0,0.9996484301052005,0.005816470078995779,0.0058144251832220025,10.0
218004,218,4,830305,,55,B_830305_55,台地・段丘,LF_CLASS::台地・段丘,B_830305_55_LF_CLASS::台地・段丘,1859,185900.0,0.1859,36977,3697700.0,36964,3696400.0,0.9996484301052005,0.05029217617141002,0.0502744949563242,10.0
218005,218,5,830305,,55,B_830305_55,山麓堆積地形,LF_CLASS::山麓堆積地形,B_830305_55_LF_CLASS::山麓堆積地形,256,25600.0,0.0256,36977,3697700.0,36964,3696400.0,0.9996484301052005,0.0069256573963856725,0.006923222543743408,10.0
218006,218,6,830305,,55,B_830305_55,扇状地,LF_CLASS::扇状地,B_830305_55_LF_CLASS::扇状地,2,200.0,0.0002,36977,3697700.0,36964,3696400.0,0.9996484301052005,5.410669840926307e-05,5.408767612299537e-05,10.0
218011,218,11,830305,,55,B_830305_55,氾濫平野・海岸平野,LF_CLASS::氾濫平野・海岸平野,B_830305_55_LF_CLASS::氾濫平野・海岸平野,4564,456400.0,0.4564,36977,3697700.0,36964,3696400.0,0.9996484301052005,0.12347148576993831,0.12342807691267545,10.0
218016,218,16,830305,,55,B_830305_55,水部,LF_CLASS::水部,B_830305_55_LF_CLASS::水部,226,22600.0,0.0226,36977,3697700.0,36964,3696400.0,0.9996484301052005,0.006114056920246727,0.006111907401898478,10.0
219001,219,1,830305,,56,B_830305_56,山地斜面等,LF_CLASS::山地斜面等,B_830305_56_LF_CLASS::山地斜面等,32969,3296900.0,3.2969,64997,6499700.0,64126,6412600.0,0.9865993815099159,0.514128434644294,0.5072387956367217,10.0
219002,219,2,830305,,56,B_830305_56,崖・段丘崖,LF_CLASS::崖・段丘崖,B_830305_56_LF_CLASS::崖・段丘崖,298,29800.0,0.0298,64997,6499700.0,64126,6412600.0,0.9865993815099159,0.004647101019867136,0.004584826992015016,10.0
219004,219,4,830305,,56,B_830305_56,台地・段丘,LF_CLASS::台地・段丘,B_830305_56_LF_CLASS::台地・段丘,21664,2166400.0,2.1664,64997,6499700.0,64126,6412600.0,0.9865993815099159,0.3378348875651062,0.3333076911242057,10.0
219005,219,5,830305,,56,B_830305_56,山麓堆積地形,LF_CLASS::山麓堆積地形,B_830305_56_LF_CLASS::山麓堆積地形,669,66900.0,0.0669,64997,6499700.0,64126,6412600.0,0.9865993815099159,0.010432585846614478,0.010292782743818946,10.0
219006,219,6,830305,,56,B_830305_56,扇状地,LF_CLASS::扇状地,B_830305_56_LF_CLASS::扇状地,151,15100.0,0.0151,64997,6499700.0,64126,6412600.0,0.9865993815099159,0.002354739107382341,0.002323184146960629,10.0
219011,219,11,830305,,56,B_830305_56,氾濫平野・海岸平野,LF_CLASS::氾濫平野・海岸平野,B_830305_56_LF_CLASS::氾濫平野・海岸平野,7473,747300.0,0.7473,64997,6499700.0,64126,6412600.0,0.9865993815099159,0.11653619436733931,0.11497453728633629,10.0
219013,219,13,830305,,56,B_830305_56,旧河道,LF_CLASS::旧河道,B_830305_56_LF_CLASS::旧河道,191,19100.0,0.0191,64997,6499700.0,64126,6412600.0,0.9865993815099159,0.0029785110563577957,0.002938597166023047,10.0
219015,219,15,830305,,56,B_830305_56,河川敷・浜,LF_CLASS::河川敷・浜,B_830305_56_LF_CLASS::河川敷・浜,179,17900.0,0.0179,64997,6499700.0,64126,6412600.0,0.9865993815099159,0.0027913794716651593,0.0027539732603043218,10.0
219016,219,16,830305,,56,B_830305_56,水部,LF_CLASS::水部,B_830305_56_LF_CLASS::水部,532,53200.0,0.0532,64997,6499700.0,64126,6412600.0,0.9865993815099159,0.008296166921373546,0.008184993153530162,10.0
220001,220,1,830305,,57,B_830305_57,山地斜面等,LF_CLASS::山地斜面等,B_830305_57_LF_CLASS::山地斜面等,22449,2244900.0,2.2449,25952,2595200.0,25887,2588700.0,0.9974953760789149,0.8671920268860818,0.8650200369913686,10.0
220002,220,2,830305,,57,B_830305_57,崖・段丘崖,LF_CLASS::崖・段丘崖,B_830305_57_LF_CLASS::崖・段丘崖,102,10200.0,0.0102,25952,2595200.0,25887,2588700.0,0.9974953760789149,0.0039402016456136285,0.0039303329223181254,10.0
220004,220,4,830305,,57,B_830305_57,台地・段丘,LF_CLASS::台地・段丘,B_830305_57_LF_CLASS::台地・段丘,1226,122600.0,0.1226,25952,2595200.0,25887,2588700.0,0.9974953760789149,0.047359678603159885,0.04724106041923551,10.0
220005,220,5,830305,,57,B_830305_57,山麓堆積地形,LF_CLASS::山麓堆積地形,B_830305_57_LF_CLASS::山麓堆積地形,65,6500.0,0.0065,25952,2595200.0,25887,2588700.0,0.9974953760789149,0.002510912813381234,0.0025046239210850803,10.0
220011,220,11,830305,,57,B_830305_57,氾濫平野・海岸平野,LF_CLASS::氾濫平野・海岸平野,B_830305_57_LF_CLASS::氾濫平野・海岸平野,1756,175600.0,0.1756,25952,2595200.0,25887,2588700.0,0.9974953760789149,0.06783327538919148,0.06766337854500616,10.0
220016,220,16,830305,,57,B_830305_57,水部,LF_CLASS::水部,B_830305_57_LF_CLASS::水部,289,28900.0,0.0289,25952,2595200.0,25887,2588700.0,0.9974953760789149,0.011163904662571947,0.011135943279901356,10.0
221001,221,1,830305,,58,B_830305_58,山地斜面等,LF_CLASS::山地斜面等,B_830305_58_LF_CLASS::山地斜面等,13496,1349600.0,1.3496,74237,7423700.0,19925,1992500.0,0.2683971604455999,0.6773400250941028,0.1817961393914086,10.0
221004,221,4,830305,,58,B_830305_58,台地・段丘,LF_CLASS::台地・段丘,B_830305_58_LF_CLASS::台地・段丘,91,9100.0,0.0091,74237,7423700.0,19925,1992500.0,0.2683971604455999,0.004567126725219573,0.0012258038444441452,10.0
221005,221,5,830305,,58,B_830305_58,山麓堆積地形,LF_CLASS::山麓堆積地形,B_830305_58_LF_CLASS::山麓堆積地形,136,13600.0,0.0136,74237,7423700.0,19925,1992500.0,0.2683971604455999,0.0068255959849435385,0.0018319705807077332,10.0
221006,221,6,830305,,58,B_830305_58,扇状地,LF_CLASS::扇状地,B_830305_58_LF_CLASS::扇状地,116,11600.0,0.0116,74237,7423700.0,19925,1992500.0,0.2683971604455999,0.005821831869510665,0.0015625631423683607,10.0
221011,221,11,830305,,58,B_830305_58,氾濫平野・海岸平野,LF_CLASS::氾濫平野・海岸平野,B_830305_58_LF_CLASS::氾濫平野・海岸平野,5593,559300.0,0.5593,74237,7423700.0,19925,1992500.0,0.2683971604455999,0.280702634880803,0.07533979013160554,10.0
221015,221,15,830305,,58,B_830305_58,河川敷・浜,LF_CLASS::河川敷・浜,B_830305_58_LF_CLASS::河川敷・浜,79,7900.0,0.0079,74237,7423700.0,19925,1992500.0,0.2683971604455999,0.0039648682559598495,0.0010641593814405216,10.0
221016,221,16,830305,,58,B_830305_58,水部,LF_CLASS::水部,B_830305_58_LF_CLASS::水部,414,41400.0,0.0414,74237,7423700.0,19925,1992500.0,0.2683971604455999,0.02077791718946048,0.005576733973625012,10.0
222001,222,1,830305,,59,B_830305_59,山地斜面等,LF_CLASS::山地斜面等,B_830305_59_LF_CLASS::山地斜面等,17280,1728000.0,1.728,23930,2393000.0,23868,2386800.0,0.9974091099038863,0.7239819004524887,0.7221061429168408,10.0
222002,222,2,830305,,59,B_830305_59,崖・段丘崖,LF_CLASS::崖・段丘崖,B_830305_59_LF_CLASS::崖・段丘崖,244,24400.0,0.0244,23930,2393000.0,23868,2386800.0,0.9974091099038863,0.010222892575833753,0.010196406184705391,10.0
222004,222,4,830305,,59,B_830305_59,台地・段丘,LF_CLASS::台地・段丘,B_830305_59_LF_CLASS::台地・段丘,4123,412300.0,0.4123,23930,2393000.0,23868,2386800.0,0.9974091099038863,0.17274174627115804,0.17229419139155872,10.0
222010,222,10,830305,,59,B_830305_59,凹地・浅い谷,LF_CLASS::凹地・浅い谷,B_830305_59_LF_CLASS::凹地・浅い谷,785,78500.0,0.0785,23930,2393000.0,23868,2386800.0,0.9974091099038863,0.03288922406569465,0.03280401170079398,10.0
222011,222,11,830305,,59,B_830305_59,氾濫平野・海岸平野,LF_CLASS::氾濫平野・海岸平野,B_830305_59_LF_CLASS::氾濫平野・海岸平野,1183,118300.0,0.1183,23930,2393000.0,23868,2386800.0,0.9974091099038863,0.049564270152505446,0.04943585457584622,10.0
222016,222,16,830305,,59,B_830305_59,水部,LF_CLASS::水部,B_830305_59_LF_CLASS::水部,253,25300.0,0.0253,23930,2393000.0,23868,2386800.0,0.9974091099038863,0.010599966482319423,0.010572503134141245,10.0
223007,223,7,830305,,6,B_830305_6,自然堤防,LF_CLASS::自然堤防,B_830305_6_LF_CLASS::自然堤防,2274,227400.0,0.2274,9557,955700.0,6750,675000.0,0.7062885842837711,0.3368888888888889,0.23794077639426597,10.0
223011,223,11,830305,,6,B_830305_6,氾濫平野・海岸平野,LF_CLASS::氾濫平野・海岸平野,B_830305_6_LF_CLASS::氾濫平野・海岸平野,3728,372800.0,0.3728,9557,955700.0,6750,675000.0,0.7062885842837711,0.5522962962962963,0.39008056921628126,10.0
223013,223,13,830305,,6,B_830305_6,旧河道,LF_CLASS::旧河道,B_830305_6_LF_CLASS::旧河道,418,41800.0,0.0418,9557,955700.0,6750,675000.0,0.7062885842837711,0.061925925925925926,0.0437375745526839,10.0
223016,223,16,830305,,6,B_830305_6,水部,LF_CLASS::水部,B_830305_6_LF_CLASS::水部,330,33000.0,0.033,9557,955700.0,6750,675000.0,0.7062885842837711,0.04888888888888889,0.03452966412053992,10.0
224001,224,1,830305,,60,B_830305_60,山地斜面等,LF_CLASS::山地斜面等,B_830305_60_LF_CLASS::山地斜面等,984,98400.0,0.0984,3601,360100.0,2190,219000.0,0.6081643987781172,0.44931506849315067,0.2732574284920855,10.0
224004,224,4,830305,,60,B_830305_60,台地・段丘,LF_CLASS::台地・段丘,B_830305_60_LF_CLASS::台地・段丘,338,33800.0,0.0338,3601,360100.0,2190,219000.0,0.6081643987781172,0.154337899543379,0.09386281588447654,10.0
224011,224,11,830305,,60,B_830305_60,氾濫平野・海岸平野,LF_CLASS::氾濫平野・海岸平野,B_830305_60_LF_CLASS::氾濫平野・海岸平野,813,81300.0,0.0813,3601,360100.0,2190,219000.0,0.6081643987781172,0.37123287671232874,0.22577061927242434,10.0
224015,224,15,830305,,60,B_830305_60,河川敷・浜,LF_CLASS::河川敷・浜,B_830305_60_LF_CLASS::河川敷・浜,3,300.0,0.0003,3601,360100.0,2190,219000.0,0.6081643987781172,0.0013698630136986301,0.0008331019161344071,10.0
224016,224,16,830305,,60,B_830305_60,水部,LF_CLASS::水部,B_830305_60_LF_CLASS::水部,52,5200.0,0.0052,3601,360100.0,2190,219000.0,0.6081643987781172,0.023744292237442923,0.01444043321299639,10.0
225001,225,1,830305,,61,B_830305_61,山地斜面等,LF_CLASS::山地斜面等,B_830305_61_LF_CLASS::山地斜面等,12756,1275600.0,1.2756,23181,2318100.0,15410,1541000.0,0.6647685604589966,0.8277741726151849,0.5502782451145335,10.0
225004,225,4,830305,,61,B_830305_61,台地・段丘,LF_CLASS::台地・段丘,B_830305_61_LF_CLASS::台地・段丘,932,93200.0,0.0932,23181,2318100.0,15410,1541000.0,0.6647685604589966,0.060480207657365344,0.040205340580647946,10.0
225011,225,11,830305,,61,B_830305_61,氾濫平野・海岸平野,LF_CLASS::氾濫平野・海岸平野,B_830305_61_LF_CLASS::氾濫平野・海岸平野,1702,170200.0,0.1702,23181,2318100.0,15410,1541000.0,0.6647685604589966,0.11044776119402985,0.07342219921487425,10.0
225016,225,16,830305,,61,B_830305_61,水部,LF_CLASS::水部,B_830305_61_LF_CLASS::水部,20,2000.0,0.002,23181,2318100.0,15410,1541000.0,0.6647685604589966,0.0012978585334198572,0.000862775548940943,10.0
227001,227,1,830305,,63,B_830305_63,山地斜面等,LF_CLASS::山地斜面等,B_830305_63_LF_CLASS::山地斜面等,63,6300.0,0.0063,45549,4554900.0,63,6300.0,0.0013831258644536654,1.0,0.0013831258644536654,10.0
234016,234,16,830305,,7,B_830305_7,水部,LF_CLASS::水部,B_830305_7_LF_CLASS::水部,169,16900.0,0.0169,584,58400.0,169,16900.0,0.2893835616438356,1.0,0.2893835616438356,10.0
236001,236,1,830305,,71,B_830305_71,山地斜面等,LF_CLASS::山地斜面等,B_830305_71_LF_CLASS::山地斜面等,188,18800.0,0.0188,11809,1180900.0,11498,1149800.0,0.9736641544584639,0.01635066968168377,0.015920060970446268,10.0
236004,236,4,830305,,71,B_830305_71,台地・段丘,LF_CLASS::台地・段丘,B_830305_71_LF_CLASS::台地・段丘,7875,787500.0,0.7875,11809,1180900.0,11498,1149800.0,0.9736641544584639,0.6849017220386154,0.6668642560758743,10.0
236010,236,10,830305,,71,B_830305_71,凹地・浅い谷,LF_CLASS::凹地・浅い谷,B_830305_71_LF_CLASS::凹地・浅い谷,733,73300.0,0.0733,11809,1180900.0,11498,1149800.0,0.9736641544584639,0.06375021742911811,0.06207130154966551,10.0
236011,236,11,830305,,71,B_830305_71,氾濫平野・海岸平野,LF_CLASS::氾濫平野・海岸平野,B_830305_71_LF_CLASS::氾濫平野・海岸平野,2380,238000.0,0.238,11809,1180900.0,11498,1149800.0,0.9736641544584639,0.2069925204383371,0.2015411973918198,10.0
236013,236,13,830305,,71,B_830305_71,旧河道,LF_CLASS::旧河道,B_830305_71_LF_CLASS::旧河道,156,15600.0,0.0156,11809,1180900.0,11498,1149800.0,0.9736641544584639,0.01356757696990781,0.013210263358455415,10.0
236016,236,16,830305,,71,B_830305_71,水部,LF_CLASS::水部,B_830305_71_LF_CLASS::水部,166,16600.0,0.0166,11809,1180900.0,11498,1149800.0,0.9736641544584639,0.014437293442337799,0.014057075112202557,10.0
237001,237,1,830305,,72,B_830305_72,山地斜面等,LF_CLASS::山地斜面等,B_830305_72_LF_CLASS::山地斜面等,25259,2525900.0,2.5259,39190,3919000.0,39093,3909300.0,0.9975248787956111,0.6461259048934592,0.6445266649655524,10.0
237002,237,2,830305,,72,B_830305_72,崖・段丘崖,LF_CLASS::崖・段丘崖,B_830305_72_LF_CLASS::崖・段丘崖,27,2700.0,0.0027,39190,3919000.0,39093,3909300.0,0.9975248787956111,0.000690660732100376,0.0006889512630773156,10.0
237004,237,4,830305,,72,B_830305_72,台地・段丘,LF_CLASS::台地・段丘,B_830305_72_LF_CLASS::台地・段丘,6151,615100.0,0.6151,39190,3919000.0,39093,3909300.0,0.9975248787956111,0.1573427467833116,0.15695330441439143,10.0
237005,237,5,830305,,72,B_830305_72,山麓堆積地形,LF_CLASS::山麓堆積地形,B_830305_72_LF_CLASS::山麓堆積地形,441,44100.0,0.0441,39190,3919000.0,39093,3909300.0,0.9975248787956111,0.011280791957639475,0.011252870630262823,10.0
237011,237,11,830305,,72,B_830305_72,氾濫平野・海岸平野,LF_CLASS::氾濫平野・海岸平野,B_830305_72_LF_CLASS::氾濫平野・海岸平野,7010,701000.0,0.701,39190,3919000.0,39093,3909300.0,0.9975248787956111,0.17931599007494947,0.178872161265629,10.0
237016,237,16,830305,,72,B_830305_72,水部,LF_CLASS::水部,B_830305_72_LF_CLASS::水部,205,20500.0,0.0205,39190,3919000.0,39093,3909300.0,0.9975248787956111,0.005243905558539892,0.005230926256698137,10.0
238001,238,1,830305,,73,B_830305_73,山地斜面等,LF_CLASS::山地斜面等,B_830305_73_LF_CLASS::山地斜面等,31412,3141200.0,3.1412,44510,4451000.0,42759,4275900.0,0.9606605257245563,0.7346289670010991,0.7057290496517636,10.0
238002,238,2,830305,,73,B_830305_73,崖・段丘崖,LF_CLASS::崖・段丘崖,B_830305_73_LF_CLASS::崖・段丘崖,156,15600.0,0.0156,44510,4451000.0,42759,4275900.0,0.9606605257245563,0.003648354732337052,0.003504830375196585,10.0
238004,238,4,830305,,73,B_830305_73,台地・段丘,LF_CLASS::台地・段丘,B_830305_73_LF_CLASS::台地・段丘,7908,790800.0,0.7908,44510,4451000.0,42759,4275900.0,0.9606605257245563,0.1849435206623167,0.1776679397888115,10.0
238005,238,5,830305,,73,B_830305_73,山麓堆積地形,LF_CLASS::山麓堆積地形,B_830305_73_LF_CLASS::山麓堆積地形,48,4800.0,0.0048,44510,4451000.0,42759,4275900.0,0.9606605257245563,0.001122570686872939,0.001078409346214334,10.0
238011,238,11,830305,,73,B_830305_73,氾濫平野・海岸平野,LF_CLASS::氾濫平野・海岸平野,B_830305_73_LF_CLASS::氾濫平野・海岸平野,3128,312800.0,0.3128,44510,4451000.0,42759,4275900.0,0.9606605257245563,0.07315418976121986,0.07027634239496743,10.0
238016,238,16,830305,,73,B_830305_73,水部,LF_CLASS::水部,B_830305_73_LF_CLASS::水部,107,10700.0,0.0107,44510,4451000.0,42759,4275900.0,0.9606605257245563,0.00250239715615426,0.002403954167602786,10.0
239001,239,1,830305,,74,B_830305_74,山地斜面等,LF_CLASS::山地斜面等,B_830305_74_LF_CLASS::山地斜面等,24595,2459500.0,2.4595,118898,11889800.0,28738,2873800.0,0.24170297229558108,0.8558354791565175,0.2068579791081431,10.0
239004,239,4,830305,,74,B_830305_74,台地・段丘,LF_CLASS::台地・段丘,B_830305_74_LF_CLASS::台地・段丘,2552,255200.0,0.2552,118898,11889800.0,28738,2873800.0,0.24170297229558108,0.08880228269190618,0.021463775673266162,10.0
239006,239,6,830305,,74,B_830305_74,扇状地,LF_CLASS::扇状地,B_830305_74_LF_CLASS::扇状地,398,39800.0,0.0398,118898,11889800.0,28738,2873800.0,0.24170297229558108,0.013849258821073143,0.003347407021144174,10.0
239011,239,11,830305,,74,B_830305_74,氾濫平野・海岸平野,LF_CLASS::氾濫平野・海岸平野,B_830305_74_LF_CLASS::氾濫平野・海岸平野,1101,110100.0,0.1101,118898,11889800.0,28738,2873800.0,0.24170297229558108,0.038311643120606864,0.00926003801577823,10.0
239016,239,16,830305,,74,B_830305_74,水部,LF_CLASS::水部,B_830305_74_LF_CLASS::水部,92,9200.0,0.0092,118898,11889800.0,28738,2873800.0,0.24170297229558108,0.0032013362098963047,0.000773772477249407,10.0
240001,240,1,830305,,75,B_830305_75,山地斜面等,LF_CLASS::山地斜面等,B_830305_75_LF_CLASS::山地斜面等,23684,2368400.0,2.3684,138093,13809300.0,44714,4471400.0,0.3237962822156083,0.5296775059265555,0.1715076071922545,10.0
240002,240,2,830305,,75,B_830305_75,崖・段丘崖,LF_CLASS::崖・段丘崖,B_830305_75_LF_CLASS::崖・段丘崖,28,2800.0,0.0028,138093,13809300.0,44714,4471400.0,0.3237962822156083,0.0006262020843583665,0.0002027619068309038,10.0
240004,240,4,830305,,75,B_830305_75,台地・段丘,LF_CLASS::台地・段丘,B_830305_75_LF_CLASS::台地・段丘,9513,951300.0,0.9513,138093,13809300.0,44714,4471400.0,0.3237962822156083,0.21275215816075502,0.06888835784579957,10.0
240005,240,5,830305,,75,B_830305_75,山麓堆積地形,LF_CLASS::山麓堆積地形,B_830305_75_LF_CLASS::山麓堆積地形,249,24900.0,0.0249,138093,13809300.0,44714,4471400.0,0.3237962822156083,0.005568725678758331,0.0018031326714605374,10.0
240006,240,6,830305,,75,B_830305_75,扇状地,LF_CLASS::扇状地,B_830305_75_LF_CLASS::扇状地,905,90500.0,0.0905,138093,13809300.0,44714,4471400.0,0.3237962822156083,0.020239745940868633,0.006553554488641713,10.0
240011,240,11,830305,,75,B_830305_75,氾濫平野・海岸平野,LF_CLASS::氾濫平野・海岸平野,B_830305_75_LF_CLASS::氾濫平野・海岸平野,9348,934800.0,0.9348,138093,13809300.0,44714,4471400.0,0.3237962822156083,0.2090620387350718,0.06769351089483175,10.0
240015,240,15,830305,,75,B_830305_75,河川敷・浜,LF_CLASS::河川敷・浜,B_830305_75_LF_CLASS::河川敷・浜,236,23600.0,0.0236,138093,13809300.0,44714,4471400.0,0.3237962822156083,0.005277988996734803,0.0017089932147176178,10.0
240016,240,16,830305,,75,B_830305_75,水部,LF_CLASS::水部,B_830305_75_LF_CLASS::水部,369,36900.0,0.0369,138093,13809300.0,44714,4471400.0,0.3237962822156083,0.008252448897437044,0.0026721122721644107,10.0
240017,240,17,830305,,75,B_830305_75,旧水部,LF_CLASS::旧水部,B_830305_75_LF_CLASS::旧水部,382,38200.0,0.0382,138093,13809300.0,44714,4471400.0,0.3237962822156083,0.008543185579460572,0.0027662517289073307,10.0
241001,241,1,830305,,76,B_830305_76,山地斜面等,LF_CLASS::山地斜面等,B_830305_76_LF_CLASS::山地斜面等,4764,476400.0,0.4764,70692,7069200.0,7705,770500.0,0.10899394556668364,0.61829980532122,0.06739093532507215,10.0
241004,241,4,830305,,76,B_830305_76,台地・段丘,LF_CLASS::台地・段丘,B_830305_76_LF_CLASS::台地・段丘,136,13600.0,0.0136,70692,7069200.0,7705,770500.0,0.10899394556668364,0.01765087605451006,0.001923838623889549,10.0
241006,241,6,830305,,76,B_830305_76,扇状地,LF_CLASS::扇状地,B_830305_76_LF_CLASS::扇状地,301,30100.0,0.0301,70692,7069200.0,7705,770500.0,0.10899394556668364,0.039065541855937705,0.004257907542579075,10.0
241011,241,11,830305,,76,B_830305_76,氾濫平野・海岸平野,LF_CLASS::氾濫平野・海岸平野,B_830305_76_LF_CLASS::氾濫平野・海岸平野,2073,207300.0,0.2073,70692,7069200.0,7705,770500.0,0.10899394556668364,0.2690460739779364,0.02932439314208114,10.0
241016,241,16,830305,,76,B_830305_76,水部,LF_CLASS::水部,B_830305_76_LF_CLASS::水部,431,43100.0,0.0431,70692,7069200.0,7705,770500.0,0.10899394556668364,0.055937702790395845,0.006096870933061733,10.0
245001,245,1,830305,,8,B_830305_8,山地斜面等,LF_CLASS::山地斜面等,B_830305_8_LF_CLASS::山地斜面等,2827,282700.0,0.2827,53837,5383700.0,53730,5373000.0,0.9980125192711332,0.05261492648427322,0.052510355331834985,10.0
245002,245,2,830305,,8,B_830305_8,崖・段丘崖,LF_CLASS::崖・段丘崖,B_830305_8_LF_CLASS::崖・段丘崖,2154,215400.0,0.2154,53837,5383700.0,53730,5373000.0,0.9980125192711332,0.0400893355667225,0.04000965878485057,10.0
245004,245,4,830305,,8,B_830305_8,台地・段丘,LF_CLASS::台地・段丘,B_830305_8_LF_CLASS::台地・段丘,32349,3234900.0,3.2349,53837,5383700.0,53730,5373000.0,0.9980125192711332,0.6020658849804579,0.600869290636551,10.0
245005,245,5,830305,,8,B_830305_8,山麓堆積地形,LF_CLASS::山麓堆積地形,B_830305_8_LF_CLASS::山麓堆積地形,248,24800.0,0.0248,53837,5383700.0,53730,5373000.0,0.9980125192711332,0.004615670947329239,0.004606497390270632,10.0
245007,245,7,830305,,8,B_830305_8,自然堤防,LF_CLASS::自然堤防,B_830305_8_LF_CLASS::自然堤防,179,17900.0,0.0179,53837,5383700.0,53730,5373000.0,0.9980125192711332,0.0033314721756932814,0.003324850938945335,10.0
245010,245,10,830305,,8,B_830305_8,凹地・浅い谷,LF_CLASS::凹地・浅い谷,B_830305_8_LF_CLASS::凹地・浅い谷,2263,226300.0,0.2263,53837,5383700.0,53730,5373000.0,0.9980125192711332,0.042117997394379304,0.042034288686219515,10.0
245011,245,11,830305,,8,B_830305_8,氾濫平野・海岸平野,LF_CLASS::氾濫平野・海岸平野,B_830305_8_LF_CLASS::氾濫平野・海岸平野,12656,1265600.0,1.2656,53837,5383700.0,53730,5373000.0,0.9980125192711332,0.23554811092499534,0.23507996359381095,10.0
245013,245,13,830305,,8,B_830305_8,旧河道,LF_CLASS::旧河道,B_830305_8_LF_CLASS::旧河道,666,66600.0,0.0666,53837,5383700.0,53730,5373000.0,0.9980125192711332,0.012395309882747068,0.012370674443226776,10.0
245016,245,16,830305,,8,B_830305_8,水部,LF_CLASS::水部,B_830305_8_LF_CLASS::水部,388,38800.0,0.0388,53837,5383700.0,53730,5373000.0,0.9980125192711332,0.0072212916434021964,0.007206939465423408,10.0
256002,256,2,830305,,9,B_830305_9,崖・段丘崖,LF_CLASS::崖・段丘崖,B_830305_9_LF_CLASS::崖・段丘崖,22,2200.0,0.0022,931,93100.0,923,92300.0,0.99140708915145,0.023835319609967497,0.023630504833512353,10.0
256004,256,4,830305,,9,B_830305_9,台地・段丘,LF_CLASS::台地・段丘,B_830305_9_LF_CLASS::台地・段丘,26,2600.0,0.0026,931,93100.0,923,92300.0,0.99140708915145,0.028169014084507043,0.027926960257787327,10.0
256007,256,7,830305,,9,B_830305_9,自然堤防,LF_CLASS::自然堤防,B_830305_9_LF_CLASS::自然堤防,68,6800.0,0.0068,931,93100.0,923,92300.0,0.99140708915145,0.07367280606717226,0.07303974221267455,10.0
256011,256,11,830305,,9,B_830305_9,氾濫平野・海岸平野,LF_CLASS::氾濫平野・海岸平野,B_830305_9_LF_CLASS::氾濫平野・海岸平野,714,71400.0,0.0714,931,93100.0,923,92300.0,0.99140708915145,0.7735644637053087,0.7669172932330827,10.0
256013,256,13,830305,,9,B_830305_9,旧河道,LF_CLASS::旧河道,B_830305_9_LF_CLASS::旧河道,23,2300.0,0.0023,931,93100.0,923,92300.0,0.99140708915145,0.024918743228602384,0.024704618689581095,10.0
256016,256,16,830305,,9,B_830305_9,水部,LF_CLASS::水部,B_830305_9_LF_CLASS::水部,70,7000.0,0.007,931,93100.0,923,92300.0,0.99140708915145,0.07583965330444203,0.07518796992481203,10.0
267001,267,1,830306,,16,B_830306_16,山地斜面等,LF_CLASS::山地斜面等,B_830306_16_LF_CLASS::山地斜面等,81175,8117500.0,8.1175,188834,18883400.0,188827,18882700.0,0.9999629304044823,0.42989085247342806,0.4298749165934101,10.0
267002,267,2,830306,,16,B_830306_16,崖・段丘崖,LF_CLASS::崖・段丘崖,B_830306_16_LF_CLASS::崖・段丘崖,4726,472600.0,0.4726,188834,18883400.0,188827,18882700.0,0.9999629304044823,0.02502820041625403,0.025027272630988064,10.0
267004,267,4,830306,,16,B_830306_16,台地・段丘,LF_CLASS::台地・段丘,B_830306_16_LF_CLASS::台地・段丘,57755,5775500.0,5.7755,188834,18883400.0,188827,18882700.0,0.9999629304044823,0.3058619794838662,0.30585064130400247,10.0
267005,267,5,830306,,16,B_830306_16,山麓堆積地形,LF_CLASS::山麓堆積地形,B_830306_16_LF_CLASS::山麓堆積地形,3414,341400.0,0.3414,188834,18883400.0,188827,18882700.0,0.9999629304044823,0.01808004151948609,0.01807937129966002,10.0
267007,267,7,830306,,16,B_830306_16,自然堤防,LF_CLASS::自然堤防,B_830306_16_LF_CLASS::自然堤防,1395,139500.0,0.1395,188834,18883400.0,188827,18882700.0,0.9999629304044823,0.007387714680633596,0.007387440821038584,10.0
267010,267,10,830306,,16,B_830306_16,凹地・浅い谷,LF_CLASS::凹地・浅い谷,B_830306_16_LF_CLASS::凹地・浅い谷,1042,104200.0,0.1042,188834,18883400.0,188827,18882700.0,0.9999629304044823,0.005518278636000148,0.005518074075643157,10.0
267011,267,11,830306,,16,B_830306_16,氾濫平野・海岸平野,LF_CLASS::氾濫平野・海岸平野,B_830306_16_LF_CLASS::氾濫平野・海岸平野,37331,3733100.0,3.7331,188834,18883400.0,188827,18882700.0,0.9999629304044823,0.19769948153600916,0.19769215289619455,10.0
267013,267,13,830306,,16,B_830306_16,旧河道,LF_CLASS::旧河道,B_830306_16_LF_CLASS::旧河道,487,48700.0,0.0487,188834,18883400.0,188827,18882700.0,0.9999629304044823,0.0025790803221996854,0.0025789847167353337,10.0
267016,267,16,830306,,16,B_830306_16,水部,LF_CLASS::水部,B_830306_16_LF_CLASS::水部,1502,150200.0,0.1502,188834,18883400.0,188827,18882700.0,0.9999629304044823,0.007954370932123055,0.007954076066810003,10.0
268001,268,1,830306,,17,B_830306_17,山地斜面等,LF_CLASS::山地斜面等,B_830306_17_LF_CLASS::山地斜面等,10199,1019900.0,1.0199,14359,1435900.0,14358,1435800.0,0.9999303572672191,0.7103357013511631,0.7102862316317292,10.0
268002,268,2,830306,,17,B_830306_17,崖・段丘崖,LF_CLASS::崖・段丘崖,B_830306_17_LF_CLASS::崖・段丘崖,55,5500.0,0.0055,14359,1435900.0,14358,1435800.0,0.9999303572672191,0.0038306170775874076,0.0038303503029458877,10.0
268004,268,4,830306,,17,B_830306_17,台地・段丘,LF_CLASS::台地・段丘,B_830306_17_LF_CLASS::台地・段丘,461,46100.0,0.0461,14359,1435900.0,14358,1435800.0,0.9999303572672191,0.032107535868505364,0.032105299811964624,10.0
268005,268,5,830306,,17,B_830306_17,山麓堆積地形,LF_CLASS::山麓堆積地形,B_830306_17_LF_CLASS::山麓堆積地形,263,26300.0,0.0263,14359,1435900.0,14358,1435800.0,0.9999303572672191,0.018317314389190695,0.018316038721359427,10.0
268007,268,7,830306,,17,B_830306_17,自然堤防,LF_CLASS::自然堤防,B_830306_17_LF_CLASS::自然堤防,10,1000.0,0.001,14359,1435900.0,14358,1435800.0,0.9999303572672191,0.0006964758322886195,0.0006964273278083432,10.0
268011,268,11,830306,,17,B_830306_17,氾濫平野・海岸平野,LF_CLASS::氾濫平野・海岸平野,B_830306_17_LF_CLASS::氾濫平野・海岸平野,3148,314800.0,0.3148,14359,1435900.0,14358,1435800.0,0.9999303572672191,0.21925059200445746,0.21923532279406643,10.0
268013,268,13,830306,,17,B_830306_17,旧河道,LF_CLASS::旧河道,B_830306_17_LF_CLASS::旧河道,87,8700.0,0.0087,14359,1435900.0,14358,1435800.0,0.9999303572672191,0.00605933974091099,0.006058917751932586,10.0
268016,268,16,830306,,17,B_830306_17,水部,LF_CLASS::水部,B_830306_17_LF_CLASS::水部,135,13500.0,0.0135,14359,1435900.0,14358,1435800.0,0.9999303572672191,0.009402423735896365,0.009401768925412633,10.0
269011,269,11,830306,,18,B_830306_18,氾濫平野・海岸平野,LF_CLASS::氾濫平野・海岸平野,B_830306_18_LF_CLASS::氾濫平野・海岸平野,493,49300.0,0.0493,519,51900.0,519,51900.0,1.0,0.9499036608863198,0.9499036608863198,10.0
269013,269,13,830306,,18,B_830306_18,旧河道,LF_CLASS::旧河道,B_830306_18_LF_CLASS::旧河道,23,2300.0,0.0023,519,51900.0,519,51900.0,1.0,0.04431599229287091,0.04431599229287091,10.0
269016,269,16,830306,,18,B_830306_18,水部,LF_CLASS::水部,B_830306_18_LF_CLASS::水部,3,300.0,0.0003,519,51900.0,519,51900.0,1.0,0.005780346820809248,0.005780346820809248,10.0
270001,270,1,830306,,19,B_830306_19,山地斜面等,LF_CLASS::山地斜面等,B_830306_19_LF_CLASS::山地斜面等,17277,1727700.0,1.7277,21586,2158600.0,21586,2158600.0,1.0,0.8003798758454553,0.8003798758454553,10.0
270004,270,4,830306,,19,B_830306_19,台地・段丘,LF_CLASS::台地・段丘,B_830306_19_LF_CLASS::台地・段丘,701,70100.0,0.0701,21586,2158600.0,21586,2158600.0,1.0,0.032474752154174,0.032474752154174,10.0
270005,270,5,830306,,19,B_830306_19,山麓堆積地形,LF_CLASS::山麓堆積地形,B_830306_19_LF_CLASS::山麓堆積地形,234,23400.0,0.0234,21586,2158600.0,21586,2158600.0,1.0,0.010840359492263503,0.010840359492263503,10.0
270011,270,11,830306,,19,B_830306_19,氾濫平野・海岸平野,LF_CLASS::氾濫平野・海岸平野,B_830306_19_LF_CLASS::氾濫平野・海岸平野,3291,329100.0,0.3291,21586,2158600.0,21586,2158600.0,1.0,0.15245992773093672,0.15245992773093672,10.0
270016,270,16,830306,,19,B_830306_19,水部,LF_CLASS::水部,B_830306_19_LF_CLASS::水部,83,8300.0,0.0083,21586,2158600.0,21586,2158600.0,1.0,0.0038450847771703883,0.0038450847771703883,10.0
271001,271,1,830306,,20,B_830306_20,山地斜面等,LF_CLASS::山地斜面等,B_830306_20_LF_CLASS::山地斜面等,172683,17268300.0,17.2683,264495,26449500.0,263669,26366900.0,0.9968770676194257,0.6549234077574535,0.6528781262405716,10.0
271002,271,2,830306,,20,B_830306_20,崖・段丘崖,LF_CLASS::崖・段丘崖,B_830306_20_LF_CLASS::崖・段丘崖,1595,159500.0,0.1595,264495,26449500.0,263669,26366900.0,0.9968770676194257,0.006049251144427293,0.0060303597421501355,10.0
271004,271,4,830306,,20,B_830306_20,台地・段丘,LF_CLASS::台地・段丘,B_830306_20_LF_CLASS::台地・段丘,16410,1641000.0,1.641,264495,26449500.0,263669,26366900.0,0.9968770676194257,0.062237123059593655,0.06204276073271706,10.0
271005,271,5,830306,,20,B_830306_20,山麓堆積地形,LF_CLASS::山麓堆積地形,B_830306_20_LF_CLASS::山麓堆積地形,8858,885800.0,0.8858,264495,26449500.0,263669,26366900.0,0.9968770676194257,0.03359515149676299,0.033490236110323444,10.0
271010,271,10,830306,,20,B_830306_20,凹地・浅い谷,LF_CLASS::凹地・浅い谷,B_830306_20_LF_CLASS::凹地・浅い谷,440,44000.0,0.044,264495,26449500.0,263669,26366900.0,0.9968770676194257,0.001668758936393736,0.0016635475150758993,10.0
271011,271,11,830306,,20,B_830306_20,氾濫平野・海岸平野,LF_CLASS::氾濫平野・海岸平野,B_830306_20_LF_CLASS::氾濫平野・海岸平野,60286,6028600.0,6.0286,264495,26449500.0,263669,26366900.0,0.9968770676194257,0.22864273008961994,0.22792869430424015,10.0
271013,271,13,830306,,20,B_830306_20,旧河道,LF_CLASS::旧河道,B_830306_20_LF_CLASS::旧河道,735,73500.0,0.0735,264495,26449500.0,263669,26366900.0,0.9968770676194257,0.0027875859505668093,0.00277888050813815,10.0
271016,271,16,830306,,20,B_830306_20,水部,LF_CLASS::水部,B_830306_20_LF_CLASS::水部,2662,266200.0,0.2662,264495,26449500.0,263669,26366900.0,0.9968770676194257,0.010095991565182103,0.01006446246620919,10.0
272001,272,1,830306,,21,B_830306_21,山地斜面等,LF_CLASS::山地斜面等,B_830306_21_LF_CLASS::山地斜面等,30535,3053500.0,3.0535,45054,4505400.0,45052,4505200.0,0.9999556088249656,0.6777723519488591,0.6777422648377502,10.0
272004,272,4,830306,,21,B_830306_21,台地・段丘,LF_CLASS::台地・段丘,B_830306_21_LF_CLASS::台地・段丘,1796,179600.0,0.1796,45054,4505400.0,45052,4505200.0,0.9999556088249656,0.03986504483707715,0.03986327518089404,10.0
272005,272,5,830306,,21,B_830306_21,山麓堆積地形,LF_CLASS::山麓堆積地形,B_830306_21_LF_CLASS::山麓堆積地形,1396,139600.0,0.1396,45054,4505400.0,45052,4505200.0,0.9999556088249656,0.03098641569741632,0.030985040174013406,10.0
272011,272,11,830306,,21,B_830306_21,氾濫平野・海岸平野,LF_CLASS::氾濫平野・海岸平野,B_830306_21_LF_CLASS::氾濫平野・海岸平野,10832,1083200.0,1.0832,45054,4505400.0,45052,4505200.0,0.9999556088249656,0.24043327710201545,0.2404226039863275,10.0
272013,272,13,830306,,21,B_830306_21,旧河道,LF_CLASS::旧河道,B_830306_21_LF_CLASS::旧河道,141,14100.0,0.0141,45054,4505400.0,45052,4505200.0,0.9999556088249656,0.003129716771730445,0.0031295778399254228,10.0
272016,272,16,830306,,21,B_830306_21,水部,LF_CLASS::水部,B_830306_21_LF_CLASS::水部,352,35200.0,0.0352,45054,4505400.0,45052,4505200.0,0.9999556088249656,0.007813193642901535,0.007812846806054955,10.0
277001,277,1,unknown,,0,B_unknown_0,山地斜面等,LF_CLASS::山地斜面等,B_unknown_0_LF_CLASS::山地斜面等,212454,21245400.0,21.2454,1844542,184454200.0,1835378,183537800.0,0.9950318290394038,0.11575490171506905,0.11517981157382158,10.0
277002,277,2,unknown,,0,B_unknown_0,崖・段丘崖,LF_CLASS::崖・段丘崖,B_unknown_0_LF_CLASS::崖・段丘崖,11411,1141100.0,1.1411,1844542,184454200.0,1835378,183537800.0,0.9950318290394038,0.0062172478911701025,0.006186359540742363,10.0
277004,277,4,unknown,,0,B_unknown_0,台地・段丘,LF_CLASS::台地・段丘,B_unknown_0_LF_CLASS::台地・段丘,534811,53481100.0,53.4811,1844542,184454200.0,1835378,183537800.0,0.9950318290394038,0.2913901114647773,0.2899424355747931,10.0
277007,277,7,unknown,,0,B_unknown_0,自然堤防,LF_CLASS::自然堤防,B_unknown_0_LF_CLASS::自然堤防,539,53900.0,0.0539,1844542,184454200.0,1835378,183537800.0,0.9950318290394038,0.0002936724750977728,0.00029221346003506564,10.0
277009,277,9,unknown,,0,B_unknown_0,砂州・砂丘,LF_CLASS::砂州・砂丘,B_unknown_0_LF_CLASS::砂州・砂丘,40703,4070300.0,4.0703,1844542,184454200.0,1835378,183537800.0,0.9950318290394038,0.02217690306846873,0.022066724422648006,10.0
277010,277,10,unknown,,0,B_unknown_0,凹地・浅い谷,LF_CLASS::凹地・浅い谷,B_unknown_0_LF_CLASS::凹地・浅い谷,42563,4256300.0,4.2563,1844542,184454200.0,1835378,183537800.0,0.9950318290394038,0.023190318288657703,0.02307510482276901,10.0
277011,277,11,unknown,,0,B_unknown_0,氾濫平野・海岸平野,LF_CLASS::氾濫平野・海岸平野,B_unknown_0_LF_CLASS::氾濫平野・海岸平野,281050,28105000.0,28.105,1844542,184454200.0,1835378,183537800.0,0.9950318290394038,0.15312921915812439,0.15236844701828423,10.0
277012,277,12,unknown,,0,B_unknown_0,後背低地・湿地,LF_CLASS::後背低地・湿地,B_unknown_0_LF_CLASS::後背低地・湿地,15972,1597200.0,1.5972,1844542,184454200.0,1835378,183537800.0,0.9950318290394038,0.00870229456820339,0.008659060081039087,10.0
277013,277,13,unknown,,0,B_unknown_0,旧河道,LF_CLASS::旧河道,B_unknown_0_LF_CLASS::旧河道,2191,219100.0,0.2191,1844542,184454200.0,1835378,183537800.0,0.9950318290394038,0.0011937595416312062,0.0011878287401425394,10.0
277016,277,16,unknown,,0,B_unknown_0,水部,LF_CLASS::水部,B_unknown_0_LF_CLASS::水部,67056,6705600.0,6.7056,1844542,184454200.0,1835378,183537800.0,0.9950318290394038,0.036535253228490265,0.03635373984436245,10.0
277017,277,17,unknown,,0,B_unknown_0,旧水部,LF_CLASS::旧水部,B_unknown_0_LF_CLASS::旧水部,626628,62662800.0,62.6628,1844542,184454200.0,1835378,183537800.0,0.9950318290394038,0.34141631860031013,0.3397201039607664,10.0
