scheme,group_id,group_label,activity_domain,phase_pair,phase_pair_order,transition,n_places,active_total_places,active_transition_composition
unit_basin,B_120000_6,名称不明 / basin 6,all_land_use,He->Me,6,continue,0,1,0
unit_basin,B_120000_6,名称不明 / basin 6,all_land_use,He->Me,6,drop,1,1,1
unit_basin,B_120000_6,名称不明 / basin 6,all_land_use,He->Me,6,new,0,1,0
unit_basin,B_120000_6,名称不明 / basin 6,all_land_use,Jo->Ya,2,continue,0,1,0
unit_basin,B_120000_6,名称不明 / basin 6,all_land_use,Jo->Ya,2,drop,1,1,1
unit_basin,B_120000_6,名称不明 / basin 6,all_land_use,Jo->Ya,2,new,0,1,0
unit_basin,B_120000_6,名称不明 / basin 6,all_land_use,Ko->Na,4,continue,0,1,0
unit_basin,B_120000_6,名称不明 / basin 6,all_land_use,Ko->Na,4,drop,0,1,0
unit_basin,B_120000_6,名称不明 / basin 6,all_land_use,Ko->Na,4,new,1,1,1
unit_basin,B_120000_6,名称不明 / basin 6,all_land_use,Na->He,5,continue,1,1,1
unit_basin,B_120000_6,名称不明 / basin 6,all_land_use,Na->He,5,drop,0,1,0
unit_basin,B_120000_6,名称不明 / basin 6,all_land_use,Na->He,5,new,0,1,0
unit_basin,B_120000_6,名称不明 / basin 6,all_land_use,Pa->Jo,1,continue,0,1,0
unit_basin,B_120000_6,名称不明 / basin 6,all_land_use,Pa->Jo,1,drop,0,1,0
unit_basin,B_120000_6,名称不明 / basin 6,all_land_use,Pa->Jo,1,new,1,1,1
unit_basin,B_130000_1,名称不明 / basin 1,all_land_use,He->Me,6,continue,1,4,0.25
unit_basin,B_130000_1,名称不明 / basin 1,all_land_use,He->Me,6,drop,3,4,0.75
unit_basin,B_130000_1,名称不明 / basin 1,all_land_use,He->Me,6,new,0,4,0
unit_basin,B_130000_1,名称不明 / basin 1,all_land_use,Jo->Ya,2,continue,8,18,0.4444444444444444
unit_basin,B_130000_1,名称不明 / basin 1,all_land_use,Jo->Ya,2,drop,4,18,0.2222222222222222
unit_basin,B_130000_1,名称不明 / basin 1,all_land_use,Jo->Ya,2,new,6,18,0.3333333333333333
unit_basin,B_130000_1,名称不明 / basin 1,all_land_use,Ko->Na,4,continue,4,12,0.3333333333333333
unit_basin,B_130000_1,名称不明 / basin 1,all_land_use,Ko->Na,4,drop,8,12,0.6666666666666666
unit_basin,B_130000_1,名称不明 / basin 1,all_land_use,Ko->Na,4,new,0,12,0
unit_basin,B_130000_1,名称不明 / basin 1,all_land_use,Na->He,5,continue,4,4,1
unit_basin,B_130000_1,名称不明 / basin 1,all_land_use,Na->He,5,drop,0,4,0
unit_basin,B_130000_1,名称不明 / basin 1,all_land_use,Na->He,5,new,0,4,0
unit_basin,B_130000_1,名称不明 / basin 1,all_land_use,Pa->Jo,1,continue,2,12,0.16666666666666666
unit_basin,B_130000_1,名称不明 / basin 1,all_land_use,Pa->Jo,1,drop,0,12,0
unit_basin,B_130000_1,名称不明 / basin 1,all_land_use,Pa->Jo,1,new,10,12,0.8333333333333334
unit_basin,B_130000_1,名称不明 / basin 1,all_land_use,Ya->Ko,3,continue,9,17,0.5294117647058824
unit_basin,B_130000_1,名称不明 / basin 1,all_land_use,Ya->Ko,3,drop,5,17,0.29411764705882354
unit_basin,B_130000_1,名称不明 / basin 1,all_land_use,Ya->Ko,3,new,3,17,0.17647058823529413
unit_basin,B_130000_2,名称不明 / basin 2,all_land_use,He->Me,6,continue,0,1,0
unit_basin,B_130000_2,名称不明 / basin 2,all_land_use,He->Me,6,drop,1,1,1
unit_basin,B_130000_2,名称不明 / basin 2,all_land_use,He->Me,6,new,0,1,0
unit_basin,B_130000_2,名称不明 / basin 2,all_land_use,Jo->Ya,2,continue,2,5,0.4
unit_basin,B_130000_2,名称不明 / basin 2,all_land_use,Jo->Ya,2,drop,3,5,0.6
unit_basin,B_130000_2,名称不明 / basin 2,all_land_use,Jo->Ya,2,new,0,5,0
unit_basin,B_130000_2,名称不明 / basin 2,all_land_use,Na->He,5,continue,0,1,0
unit_basin,B_130000_2,名称不明 / basin 2,all_land_use,Na->He,5,drop,0,1,0
unit_basin,B_130000_2,名称不明 / basin 2,all_land_use,Na->He,5,new,1,1,1
unit_basin,B_130000_2,名称不明 / basin 2,all_land_use,Pa->Jo,1,continue,1,6,0.16666666666666666
unit_basin,B_130000_2,名称不明 / basin 2,all_land_use,Pa->Jo,1,drop,1,6,0.16666666666666666
unit_basin,B_130000_2,名称不明 / basin 2,all_land_use,Pa->Jo,1,new,4,6,0.6666666666666666
unit_basin,B_130000_2,名称不明 / basin 2,all_land_use,Ya->Ko,3,continue,0,2,0
unit_basin,B_130000_2,名称不明 / basin 2,all_land_use,Ya->Ko,3,drop,2,2,1
unit_basin,B_130000_2,名称不明 / basin 2,all_land_use,Ya->Ko,3,new,0,2,0
unit_basin,B_130000_3,名称不明 / basin 3,all_land_use,Jo->Ya,2,continue,1,12,0.08333333333333333
unit_basin,B_130000_3,名称不明 / basin 3,all_land_use,Jo->Ya,2,drop,11,12,0.9166666666666666
unit_basin,B_130000_3,名称不明 / basin 3,all_land_use,Jo->Ya,2,new,0,12,0
unit_basin,B_130000_3,名称不明 / basin 3,all_land_use,Pa->Jo,1,continue,2,12,0.16666666666666666
unit_basin,B_130000_3,名称不明 / basin 3,all_land_use,Pa->Jo,1,drop,0,12,0
unit_basin,B_130000_3,名称不明 / basin 3,all_land_use,Pa->Jo,1,new,10,12,0.8333333333333334
unit_basin,B_130000_3,名称不明 / basin 3,all_land_use,Ya->Ko,3,continue,0,1,0
unit_basin,B_130000_3,名称不明 / basin 3,all_land_use,Ya->Ko,3,drop,1,1,1
unit_basin,B_130000_3,名称不明 / basin 3,all_land_use,Ya->Ko,3,new,0,1,0
unit_basin,B_130000_4,名称不明 / basin 4,all_land_use,He->Me,6,continue,4,13,0.3076923076923077
unit_basin,B_130000_4,名称不明 / basin 4,all_land_use,He->Me,6,drop,4,13,0.3076923076923077
unit_basin,B_130000_4,名称不明 / basin 4,all_land_use,He->Me,6,new,5,13,0.38461538461538464
unit_basin,B_130000_4,名称不明 / basin 4,all_land_use,Jo->Ya,2,continue,12,42,0.2857142857142857
unit_basin,B_130000_4,名称不明 / basin 4,all_land_use,Jo->Ya,2,drop,29,42,0.6904761904761905
unit_basin,B_130000_4,名称不明 / basin 4,all_land_use,Jo->Ya,2,new,1,42,0.023809523809523808
unit_basin,B_130000_4,名称不明 / basin 4,all_land_use,Ko->Na,4,continue,4,14,0.2857142857142857
unit_basin,B_130000_4,名称不明 / basin 4,all_land_use,Ko->Na,4,drop,8,14,0.5714285714285714
unit_basin,B_130000_4,名称不明 / basin 4,all_land_use,Ko->Na,4,new,2,14,0.14285714285714285
unit_basin,B_130000_4,名称不明 / basin 4,all_land_use,Na->He,5,continue,4,10,0.4
unit_basin,B_130000_4,名称不明 / basin 4,all_land_use,Na->He,5,drop,2,10,0.2
unit_basin,B_130000_4,名称不明 / basin 4,all_land_use,Na->He,5,new,4,10,0.4
unit_basin,B_130000_4,名称不明 / basin 4,all_land_use,Pa->Jo,1,continue,8,41,0.1951219512195122
unit_basin,B_130000_4,名称不明 / basin 4,all_land_use,Pa->Jo,1,drop,0,41,0
unit_basin,B_130000_4,名称不明 / basin 4,all_land_use,Pa->Jo,1,new,33,41,0.8048780487804879
unit_basin,B_130000_4,名称不明 / basin 4,all_land_use,Ya->Ko,3,continue,6,19,0.3157894736842105
unit_basin,B_130000_4,名称不明 / basin 4,all_land_use,Ya->Ko,3,drop,7,19,0.3684210526315789
unit_basin,B_130000_4,名称不明 / basin 4,all_land_use,Ya->Ko,3,new,6,19,0.3157894736842105
unit_basin,B_130000_5,名称不明 / basin 5,all_land_use,He->Me,6,continue,11,35,0.3142857142857143
unit_basin,B_130000_5,名称不明 / basin 5,all_land_use,He->Me,6,drop,22,35,0.6285714285714286
unit_basin,B_130000_5,名称不明 / basin 5,all_land_use,He->Me,6,new,2,35,0.05714285714285714
unit_basin,B_130000_5,名称不明 / basin 5,all_land_use,Jo->Ya,2,continue,22,43,0.5116279069767442
unit_basin,B_130000_5,名称不明 / basin 5,all_land_use,Jo->Ya,2,drop,18,43,0.4186046511627907
unit_basin,B_130000_5,名称不明 / basin 5,all_land_use,Jo->Ya,2,new,3,43,0.06976744186046512
unit_basin,B_130000_5,名称不明 / basin 5,all_land_use,Ko->Na,4,continue,16,43,0.37209302325581395
unit_basin,B_130000_5,名称不明 / basin 5,all_land_use,Ko->Na,4,drop,13,43,0.3023255813953488
unit_basin,B_130000_5,名称不明 / basin 5,all_land_use,Ko->Na,4,new,14,43,0.32558139534883723
unit_basin,B_130000_5,名称不明 / basin 5,all_land_use,Na->He,5,continue,30,33,0.9090909090909091
unit_basin,B_130000_5,名称不明 / basin 5,all_land_use,Na->He,5,drop,0,33,0
unit_basin,B_130000_5,名称不明 / basin 5,all_land_use,Na->He,5,new,3,33,0.09090909090909091
unit_basin,B_130000_5,名称不明 / basin 5,all_land_use,Pa->Jo,1,continue,7,40,0.175
unit_basin,B_130000_5,名称不明 / basin 5,all_land_use,Pa->Jo,1,drop,0,40,0
unit_basin,B_130000_5,名称不明 / basin 5,all_land_use,Pa->Jo,1,new,33,40,0.825
unit_basin,B_130000_5,名称不明 / basin 5,all_land_use,Ya->Ko,3,continue,12,42,0.2857142857142857
unit_basin,B_130000_5,名称不明 / basin 5,all_land_use,Ya->Ko,3,drop,13,42,0.30952380952380953
unit_basin,B_130000_5,名称不明 / basin 5,all_land_use,Ya->Ko,3,new,17,42,0.40476190476190477
unit_basin,B_130000_6,名称不明 / basin 6,all_land_use,He->Me,6,continue,0,3,0
unit_basin,B_130000_6,名称不明 / basin 6,all_land_use,He->Me,6,drop,3,3,1
unit_basin,B_130000_6,名称不明 / basin 6,all_land_use,He->Me,6,new,0,3,0
unit_basin,B_130000_6,名称不明 / basin 6,all_land_use,Jo->Ya,2,continue,0,16,0
unit_basin,B_130000_6,名称不明 / basin 6,all_land_use,Jo->Ya,2,drop,16,16,1
unit_basin,B_130000_6,名称不明 / basin 6,all_land_use,Jo->Ya,2,new,0,16,0
unit_basin,B_130000_6,名称不明 / basin 6,all_land_use,Ko->Na,4,continue,3,9,0.3333333333333333
unit_basin,B_130000_6,名称不明 / basin 6,all_land_use,Ko->Na,4,drop,5,9,0.5555555555555556
unit_basin,B_130000_6,名称不明 / basin 6,all_land_use,Ko->Na,4,new,1,9,0.1111111111111111
unit_basin,B_130000_6,名称不明 / basin 6,all_land_use,Na->He,5,continue,3,4,0.75
unit_basin,B_130000_6,名称不明 / basin 6,all_land_use,Na->He,5,drop,1,4,0.25
unit_basin,B_130000_6,名称不明 / basin 6,all_land_use,Na->He,5,new,0,4,0
unit_basin,B_130000_6,名称不明 / basin 6,all_land_use,Pa->Jo,1,continue,1,16,0.0625
unit_basin,B_130000_6,名称不明 / basin 6,all_land_use,Pa->Jo,1,drop,0,16,0
unit_basin,B_130000_6,名称不明 / basin 6,all_land_use,Pa->Jo,1,new,15,16,0.9375
unit_basin,B_130000_6,名称不明 / basin 6,all_land_use,Ya->Ko,3,continue,0,8,0
unit_basin,B_130000_6,名称不明 / basin 6,all_land_use,Ya->Ko,3,drop,0,8,0
unit_basin,B_130000_6,名称不明 / basin 6,all_land_use,Ya->Ko,3,new,8,8,1
unit_basin,B_140013_16,境川 / basin 16,all_land_use,He->Me,6,continue,0,1,0
unit_basin,B_140013_16,境川 / basin 16,all_land_use,He->Me,6,drop,0,1,0
unit_basin,B_140013_16,境川 / basin 16,all_land_use,He->Me,6,new,1,1,1
unit_basin,B_140013_17,境川 / basin 17,all_land_use,He->Me,6,continue,35,187,0.18716577540106952
unit_basin,B_140013_17,境川 / basin 17,all_land_use,He->Me,6,drop,147,187,0.786096256684492
unit_basin,B_140013_17,境川 / basin 17,all_land_use,He->Me,6,new,5,187,0.026737967914438502
unit_basin,B_140013_17,境川 / basin 17,all_land_use,Jo->Ya,2,continue,23,188,0.12234042553191489
unit_basin,B_140013_17,境川 / basin 17,all_land_use,Jo->Ya,2,drop,164,188,0.8723404255319149
unit_basin,B_140013_17,境川 / basin 17,all_land_use,Jo->Ya,2,new,1,188,0.005319148936170213
unit_basin,B_140013_17,境川 / basin 17,all_land_use,Ko->Na,4,continue,53,179,0.29608938547486036
unit_basin,B_140013_17,境川 / basin 17,all_land_use,Ko->Na,4,drop,13,179,0.07262569832402235
unit_basin,B_140013_17,境川 / basin 17,all_land_use,Ko->Na,4,new,113,179,0.6312849162011173
unit_basin,B_140013_17,境川 / basin 17,all_land_use,Na->He,5,continue,162,186,0.8709677419354839
unit_basin,B_140013_17,境川 / basin 17,all_land_use,Na->He,5,drop,4,186,0.021505376344086023
unit_basin,B_140013_17,境川 / basin 17,all_land_use,Na->He,5,new,20,186,0.10752688172043011
unit_basin,B_140013_17,境川 / basin 17,all_land_use,Pa->Jo,1,continue,20,188,0.10638297872340426
unit_basin,B_140013_17,境川 / basin 17,all_land_use,Pa->Jo,1,drop,1,188,0.005319148936170213
unit_basin,B_140013_17,境川 / basin 17,all_land_use,Pa->Jo,1,new,167,188,0.8882978723404256
unit_basin,B_140013_17,境川 / basin 17,all_land_use,Ya->Ko,3,continue,14,76,0.18421052631578946
unit_basin,B_140013_17,境川 / basin 17,all_land_use,Ya->Ko,3,drop,10,76,0.13157894736842105
unit_basin,B_140013_17,境川 / basin 17,all_land_use,Ya->Ko,3,new,52,76,0.6842105263157895
unit_basin,B_140013_19,境川 / basin 19,all_land_use,He->Me,6,continue,3,16,0.1875
unit_basin,B_140013_19,境川 / basin 19,all_land_use,He->Me,6,drop,12,16,0.75
unit_basin,B_140013_19,境川 / basin 19,all_land_use,He->Me,6,new,1,16,0.0625
unit_basin,B_140013_19,境川 / basin 19,all_land_use,Jo->Ya,2,continue,1,19,0.05263157894736842
unit_basin,B_140013_19,境川 / basin 19,all_land_use,Jo->Ya,2,drop,17,19,0.8947368421052632
unit_basin,B_140013_19,境川 / basin 19,all_land_use,Jo->Ya,2,new,1,19,0.05263157894736842
unit_basin,B_140013_19,境川 / basin 19,all_land_use,Ko->Na,4,continue,2,10,0.2
unit_basin,B_140013_19,境川 / basin 19,all_land_use,Ko->Na,4,drop,0,10,0
unit_basin,B_140013_19,境川 / basin 19,all_land_use,Ko->Na,4,new,8,10,0.8
unit_basin,B_140013_19,境川 / basin 19,all_land_use,Na->He,5,continue,9,16,0.5625
unit_basin,B_140013_19,境川 / basin 19,all_land_use,Na->He,5,drop,1,16,0.0625
unit_basin,B_140013_19,境川 / basin 19,all_land_use,Na->He,5,new,6,16,0.375
unit_basin,B_140013_19,境川 / basin 19,all_land_use,Pa->Jo,1,continue,3,18,0.16666666666666666
unit_basin,B_140013_19,境川 / basin 19,all_land_use,Pa->Jo,1,drop,0,18,0
unit_basin,B_140013_19,境川 / basin 19,all_land_use,Pa->Jo,1,new,15,18,0.8333333333333334
unit_basin,B_140013_19,境川 / basin 19,all_land_use,Ya->Ko,3,continue,0,4,0
unit_basin,B_140013_19,境川 / basin 19,all_land_use,Ya->Ko,3,drop,2,4,0.5
unit_basin,B_140013_19,境川 / basin 19,all_land_use,Ya->Ko,3,new,2,4,0.5
unit_basin,B_830303_345,利根川 / basin 345,all_land_use,He->Me,6,continue,1,1,1
unit_basin,B_830303_345,利根川 / basin 345,all_land_use,He->Me,6,drop,0,1,0
unit_basin,B_830303_345,利根川 / basin 345,all_land_use,He->Me,6,new,0,1,0
unit_basin,B_830303_345,利根川 / basin 345,all_land_use,Jo->Ya,2,continue,0,1,0
unit_basin,B_830303_345,利根川 / basin 345,all_land_use,Jo->Ya,2,drop,0,1,0
unit_basin,B_830303_345,利根川 / basin 345,all_land_use,Jo->Ya,2,new,1,1,1
unit_basin,B_830303_345,利根川 / basin 345,all_land_use,Ko->Na,4,continue,1,1,1
unit_basin,B_830303_345,利根川 / basin 345,all_land_use,Ko->Na,4,drop,0,1,0
unit_basin,B_830303_345,利根川 / basin 345,all_land_use,Ko->Na,4,new,0,1,0
unit_basin,B_830303_345,利根川 / basin 345,all_land_use,Na->He,5,continue,1,1,1
unit_basin,B_830303_345,利根川 / basin 345,all_land_use,Na->He,5,drop,0,1,0
unit_basin,B_830303_345,利根川 / basin 345,all_land_use,Na->He,5,new,0,1,0
unit_basin,B_830303_345,利根川 / basin 345,all_land_use,Ya->Ko,3,continue,1,1,1
unit_basin,B_830303_345,利根川 / basin 345,all_land_use,Ya->Ko,3,drop,0,1,0
unit_basin,B_830303_345,利根川 / basin 345,all_land_use,Ya->Ko,3,new,0,1,0
unit_basin,B_830303_347,利根川 / basin 347,all_land_use,He->Me,6,continue,6,6,1
unit_basin,B_830303_347,利根川 / basin 347,all_land_use,He->Me,6,drop,0,6,0
unit_basin,B_830303_347,利根川 / basin 347,all_land_use,He->Me,6,new,0,6,0
unit_basin,B_830303_347,利根川 / basin 347,all_land_use,Jo->Ya,2,continue,1,2,0.5
unit_basin,B_830303_347,利根川 / basin 347,all_land_use,Jo->Ya,2,drop,0,2,0
unit_basin,B_830303_347,利根川 / basin 347,all_land_use,Jo->Ya,2,new,1,2,0.5
unit_basin,B_830303_347,利根川 / basin 347,all_land_use,Ko->Na,4,continue,4,8,0.5
unit_basin,B_830303_347,利根川 / basin 347,all_land_use,Ko->Na,4,drop,2,8,0.25
unit_basin,B_830303_347,利根川 / basin 347,all_land_use,Ko->Na,4,new,2,8,0.25
unit_basin,B_830303_347,利根川 / basin 347,all_land_use,Na->He,5,continue,6,6,1
unit_basin,B_830303_347,利根川 / basin 347,all_land_use,Na->He,5,drop,0,6,0
unit_basin,B_830303_347,利根川 / basin 347,all_land_use,Na->He,5,new,0,6,0
unit_basin,B_830303_347,利根川 / basin 347,all_land_use,Pa->Jo,1,continue,0,1,0
unit_basin,B_830303_347,利根川 / basin 347,all_land_use,Pa->Jo,1,drop,0,1,0
unit_basin,B_830303_347,利根川 / basin 347,all_land_use,Pa->Jo,1,new,1,1,1
unit_basin,B_830303_347,利根川 / basin 347,all_land_use,Ya->Ko,3,continue,2,6,0.3333333333333333
unit_basin,B_830303_347,利根川 / basin 347,all_land_use,Ya->Ko,3,drop,0,6,0
unit_basin,B_830303_347,利根川 / basin 347,all_land_use,Ya->Ko,3,new,4,6,0.6666666666666666
unit_basin,B_830303_388,利根川 / basin 388,all_land_use,Jo->Ya,2,continue,0,1,0
unit_basin,B_830303_388,利根川 / basin 388,all_land_use,Jo->Ya,2,drop,0,1,0
unit_basin,B_830303_388,利根川 / basin 388,all_land_use,Jo->Ya,2,new,1,1,1
unit_basin,B_830303_388,利根川 / basin 388,all_land_use,Ya->Ko,3,continue,0,1,0
unit_basin,B_830303_388,利根川 / basin 388,all_land_use,Ya->Ko,3,drop,1,1,1
unit_basin,B_830303_388,利根川 / basin 388,all_land_use,Ya->Ko,3,new,0,1,0
unit_basin,B_830303_389,利根川 / basin 389,all_land_use,He->Me,6,continue,0,1,0
unit_basin,B_830303_389,利根川 / basin 389,all_land_use,He->Me,6,drop,1,1,1
unit_basin,B_830303_389,利根川 / basin 389,all_land_use,He->Me,6,new,0,1,0
unit_basin,B_830303_389,利根川 / basin 389,all_land_use,Jo->Ya,2,continue,0,1,0
unit_basin,B_830303_389,利根川 / basin 389,all_land_use,Jo->Ya,2,drop,0,1,0
unit_basin,B_830303_389,利根川 / basin 389,all_land_use,Jo->Ya,2,new,1,1,1
unit_basin,B_830303_389,利根川 / basin 389,all_land_use,Ko->Na,4,continue,1,1,1
unit_basin,B_830303_389,利根川 / basin 389,all_land_use,Ko->Na,4,drop,0,1,0
unit_basin,B_830303_389,利根川 / basin 389,all_land_use,Ko->Na,4,new,0,1,0
unit_basin,B_830303_389,利根川 / basin 389,all_land_use,Na->He,5,continue,1,1,1
unit_basin,B_830303_389,利根川 / basin 389,all_land_use,Na->He,5,drop,0,1,0
unit_basin,B_830303_389,利根川 / basin 389,all_land_use,Na->He,5,new,0,1,0
unit_basin,B_830303_389,利根川 / basin 389,all_land_use,Ya->Ko,3,continue,1,1,1
unit_basin,B_830303_389,利根川 / basin 389,all_land_use,Ya->Ko,3,drop,0,1,0
unit_basin,B_830303_389,利根川 / basin 389,all_land_use,Ya->Ko,3,new,0,1,0
unit_basin,B_830303_390,利根川 / basin 390,all_land_use,Jo->Ya,2,continue,0,1,0
unit_basin,B_830303_390,利根川 / basin 390,all_land_use,Jo->Ya,2,drop,1,1,1
unit_basin,B_830303_390,利根川 / basin 390,all_land_use,Jo->Ya,2,new,0,1,0
unit_basin,B_830303_390,利根川 / basin 390,all_land_use,Ko->Na,4,continue,0,1,0
unit_basin,B_830303_390,利根川 / basin 390,all_land_use,Ko->Na,4,drop,1,1,1
unit_basin,B_830303_390,利根川 / basin 390,all_land_use,Ko->Na,4,new,0,1,0
unit_basin,B_830303_390,利根川 / basin 390,all_land_use,Pa->Jo,1,continue,0,1,0
unit_basin,B_830303_390,利根川 / basin 390,all_land_use,Pa->Jo,1,drop,0,1,0
unit_basin,B_830303_390,利根川 / basin 390,all_land_use,Pa->Jo,1,new,1,1,1
unit_basin,B_830303_390,利根川 / basin 390,all_land_use,Ya->Ko,3,continue,0,1,0
unit_basin,B_830303_390,利根川 / basin 390,all_land_use,Ya->Ko,3,drop,0,1,0
unit_basin,B_830303_390,利根川 / basin 390,all_land_use,Ya->Ko,3,new,1,1,1
unit_basin,B_830303_393,利根川 / basin 393,all_land_use,He->Me,6,continue,1,3,0.3333333333333333
unit_basin,B_830303_393,利根川 / basin 393,all_land_use,He->Me,6,drop,1,3,0.3333333333333333
unit_basin,B_830303_393,利根川 / basin 393,all_land_use,He->Me,6,new,1,3,0.3333333333333333
unit_basin,B_830303_393,利根川 / basin 393,all_land_use,Jo->Ya,2,continue,0,2,0
unit_basin,B_830303_393,利根川 / basin 393,all_land_use,Jo->Ya,2,drop,0,2,0
unit_basin,B_830303_393,利根川 / basin 393,all_land_use,Jo->Ya,2,new,2,2,1
unit_basin,B_830303_393,利根川 / basin 393,all_land_use,Ko->Na,4,continue,0,5,0
unit_basin,B_830303_393,利根川 / basin 393,all_land_use,Ko->Na,4,drop,2,5,0.4
unit_basin,B_830303_393,利根川 / basin 393,all_land_use,Ko->Na,4,new,3,5,0.6
unit_basin,B_830303_393,利根川 / basin 393,all_land_use,Na->He,5,continue,2,3,0.6666666666666666
unit_basin,B_830303_393,利根川 / basin 393,all_land_use,Na->He,5,drop,1,3,0.3333333333333333
unit_basin,B_830303_393,利根川 / basin 393,all_land_use,Na->He,5,new,0,3,0
unit_basin,B_830303_393,利根川 / basin 393,all_land_use,Ya->Ko,3,continue,0,4,0
unit_basin,B_830303_393,利根川 / basin 393,all_land_use,Ya->Ko,3,drop,2,4,0.5
unit_basin,B_830303_393,利根川 / basin 393,all_land_use,Ya->Ko,3,new,2,4,0.5
unit_basin,B_830303_425,利根川 / basin 425,all_land_use,He->Me,6,continue,0,1,0
unit_basin,B_830303_425,利根川 / basin 425,all_land_use,He->Me,6,drop,0,1,0
unit_basin,B_830303_425,利根川 / basin 425,all_land_use,He->Me,6,new,1,1,1
unit_basin,B_830303_426,利根川 / basin 426,all_land_use,He->Me,6,continue,0,3,0
unit_basin,B_830303_426,利根川 / basin 426,all_land_use,He->Me,6,drop,0,3,0
unit_basin,B_830303_426,利根川 / basin 426,all_land_use,He->Me,6,new,3,3,1
unit_basin,B_830303_427,利根川 / basin 427,all_land_use,He->Me,6,continue,4,5,0.8
unit_basin,B_830303_427,利根川 / basin 427,all_land_use,He->Me,6,drop,0,5,0
unit_basin,B_830303_427,利根川 / basin 427,all_land_use,He->Me,6,new,1,5,0.2
unit_basin,B_830303_427,利根川 / basin 427,all_land_use,Ko->Na,4,continue,4,7,0.5714285714285714
unit_basin,B_830303_427,利根川 / basin 427,all_land_use,Ko->Na,4,drop,3,7,0.42857142857142855
unit_basin,B_830303_427,利根川 / basin 427,all_land_use,Ko->Na,4,new,0,7,0
unit_basin,B_830303_427,利根川 / basin 427,all_land_use,Na->He,5,continue,4,4,1
unit_basin,B_830303_427,利根川 / basin 427,all_land_use,Na->He,5,drop,0,4,0
unit_basin,B_830303_427,利根川 / basin 427,all_land_use,Na->He,5,new,0,4,0
unit_basin,B_830303_427,利根川 / basin 427,all_land_use,Ya->Ko,3,continue,0,7,0
unit_basin,B_830303_427,利根川 / basin 427,all_land_use,Ya->Ko,3,drop,0,7,0
unit_basin,B_830303_427,利根川 / basin 427,all_land_use,Ya->Ko,3,new,7,7,1
unit_basin,B_830303_432,利根川 / basin 432,all_land_use,He->Me,6,continue,0,2,0
unit_basin,B_830303_432,利根川 / basin 432,all_land_use,He->Me,6,drop,0,2,0
unit_basin,B_830303_432,利根川 / basin 432,all_land_use,He->Me,6,new,2,2,1
unit_basin,B_830303_470,利根川 / basin 470,all_land_use,He->Me,6,continue,0,1,0
unit_basin,B_830303_470,利根川 / basin 470,all_land_use,He->Me,6,drop,0,1,0
unit_basin,B_830303_470,利根川 / basin 470,all_land_use,He->Me,6,new,1,1,1
unit_basin,B_830303_478,利根川 / basin 478,all_land_use,He->Me,6,continue,0,3,0
unit_basin,B_830303_478,利根川 / basin 478,all_land_use,He->Me,6,drop,3,3,1
unit_basin,B_830303_478,利根川 / basin 478,all_land_use,He->Me,6,new,0,3,0
unit_basin,B_830303_478,利根川 / basin 478,all_land_use,Jo->Ya,2,continue,1,1,1
unit_basin,B_830303_478,利根川 / basin 478,all_land_use,Jo->Ya,2,drop,0,1,0
unit_basin,B_830303_478,利根川 / basin 478,all_land_use,Jo->Ya,2,new,0,1,0
unit_basin,B_830303_478,利根川 / basin 478,all_land_use,Ko->Na,4,continue,3,10,0.3
unit_basin,B_830303_478,利根川 / basin 478,all_land_use,Ko->Na,4,drop,7,10,0.7
unit_basin,B_830303_478,利根川 / basin 478,all_land_use,Ko->Na,4,new,0,10,0
unit_basin,B_830303_478,利根川 / basin 478,all_land_use,Na->He,5,continue,3,3,1
unit_basin,B_830303_478,利根川 / basin 478,all_land_use,Na->He,5,drop,0,3,0
unit_basin,B_830303_478,利根川 / basin 478,all_land_use,Na->He,5,new,0,3,0
unit_basin,B_830303_478,利根川 / basin 478,all_land_use,Pa->Jo,1,continue,0,1,0
unit_basin,B_830303_478,利根川 / basin 478,all_land_use,Pa->Jo,1,drop,0,1,0
unit_basin,B_830303_478,利根川 / basin 478,all_land_use,Pa->Jo,1,new,1,1,1
unit_basin,B_830303_478,利根川 / basin 478,all_land_use,Ya->Ko,3,continue,1,10,0.1
unit_basin,B_830303_478,利根川 / basin 478,all_land_use,Ya->Ko,3,drop,0,10,0
unit_basin,B_830303_478,利根川 / basin 478,all_land_use,Ya->Ko,3,new,9,10,0.9
unit_basin,B_830303_517,利根川 / basin 517,all_land_use,He->Me,6,continue,3,6,0.5
unit_basin,B_830303_517,利根川 / basin 517,all_land_use,He->Me,6,drop,1,6,0.16666666666666666
unit_basin,B_830303_517,利根川 / basin 517,all_land_use,He->Me,6,new,2,6,0.3333333333333333
unit_basin,B_830303_517,利根川 / basin 517,all_land_use,Jo->Ya,2,continue,0,1,0
unit_basin,B_830303_517,利根川 / basin 517,all_land_use,Jo->Ya,2,drop,1,1,1
unit_basin,B_830303_517,利根川 / basin 517,all_land_use,Jo->Ya,2,new,0,1,0
unit_basin,B_830303_517,利根川 / basin 517,all_land_use,Ko->Na,4,continue,4,9,0.4444444444444444
unit_basin,B_830303_517,利根川 / basin 517,all_land_use,Ko->Na,4,drop,4,9,0.4444444444444444
unit_basin,B_830303_517,利根川 / basin 517,all_land_use,Ko->Na,4,new,1,9,0.1111111111111111
unit_basin,B_830303_517,利根川 / basin 517,all_land_use,Na->He,5,continue,4,5,0.8
unit_basin,B_830303_517,利根川 / basin 517,all_land_use,Na->He,5,drop,1,5,0.2
unit_basin,B_830303_517,利根川 / basin 517,all_land_use,Na->He,5,new,0,5,0
unit_basin,B_830303_517,利根川 / basin 517,all_land_use,Pa->Jo,1,continue,0,1,0
unit_basin,B_830303_517,利根川 / basin 517,all_land_use,Pa->Jo,1,drop,0,1,0
unit_basin,B_830303_517,利根川 / basin 517,all_land_use,Pa->Jo,1,new,1,1,1
unit_basin,B_830303_517,利根川 / basin 517,all_land_use,Ya->Ko,3,continue,0,8,0
unit_basin,B_830303_517,利根川 / basin 517,all_land_use,Ya->Ko,3,drop,0,8,0
unit_basin,B_830303_517,利根川 / basin 517,all_land_use,Ya->Ko,3,new,8,8,1
unit_basin,B_830304_105,荒川 / basin 105,all_land_use,He->Me,6,continue,0,1,0
unit_basin,B_830304_105,荒川 / basin 105,all_land_use,He->Me,6,drop,0,1,0
unit_basin,B_830304_105,荒川 / basin 105,all_land_use,He->Me,6,new,1,1,1
unit_basin,B_830304_11,荒川 / basin 11,all_land_use,He->Me,6,continue,0,3,0
unit_basin,B_830304_11,荒川 / basin 11,all_land_use,He->Me,6,drop,0,3,0
unit_basin,B_830304_11,荒川 / basin 11,all_land_use,He->Me,6,new,3,3,1
unit_basin,B_830304_11,荒川 / basin 11,all_land_use,Jo->Ya,2,continue,0,1,0
unit_basin,B_830304_11,荒川 / basin 11,all_land_use,Jo->Ya,2,drop,0,1,0
unit_basin,B_830304_11,荒川 / basin 11,all_land_use,Jo->Ya,2,new,1,1,1
unit_basin,B_830304_11,荒川 / basin 11,all_land_use,Ko->Na,4,continue,0,2,0
unit_basin,B_830304_11,荒川 / basin 11,all_land_use,Ko->Na,4,drop,2,2,1
unit_basin,B_830304_11,荒川 / basin 11,all_land_use,Ko->Na,4,new,0,2,0
unit_basin,B_830304_11,荒川 / basin 11,all_land_use,Ya->Ko,3,continue,1,2,0.5
unit_basin,B_830304_11,荒川 / basin 11,all_land_use,Ya->Ko,3,drop,0,2,0
unit_basin,B_830304_11,荒川 / basin 11,all_land_use,Ya->Ko,3,new,1,2,0.5
unit_basin,B_830304_120,荒川 / basin 120,all_land_use,He->Me,6,continue,7,41,0.17073170731707318
unit_basin,B_830304_120,荒川 / basin 120,all_land_use,He->Me,6,drop,24,41,0.5853658536585366
unit_basin,B_830304_120,荒川 / basin 120,all_land_use,He->Me,6,new,10,41,0.24390243902439024
unit_basin,B_830304_120,荒川 / basin 120,all_land_use,Jo->Ya,2,continue,6,43,0.13953488372093023
unit_basin,B_830304_120,荒川 / basin 120,all_land_use,Jo->Ya,2,drop,36,43,0.8372093023255814
unit_basin,B_830304_120,荒川 / basin 120,all_land_use,Jo->Ya,2,new,1,43,0.023255813953488372
unit_basin,B_830304_120,荒川 / basin 120,all_land_use,Ko->Na,4,continue,18,31,0.5806451612903226
unit_basin,B_830304_120,荒川 / basin 120,all_land_use,Ko->Na,4,drop,3,31,0.0967741935483871
unit_basin,B_830304_120,荒川 / basin 120,all_land_use,Ko->Na,4,new,10,31,0.3225806451612903
unit_basin,B_830304_120,荒川 / basin 120,all_land_use,Na->He,5,continue,28,31,0.9032258064516129
unit_basin,B_830304_120,荒川 / basin 120,all_land_use,Na->He,5,drop,0,31,0
unit_basin,B_830304_120,荒川 / basin 120,all_land_use,Na->He,5,new,3,31,0.0967741935483871
unit_basin,B_830304_120,荒川 / basin 120,all_land_use,Pa->Jo,1,continue,6,42,0.14285714285714285
unit_basin,B_830304_120,荒川 / basin 120,all_land_use,Pa->Jo,1,drop,0,42,0
unit_basin,B_830304_120,荒川 / basin 120,all_land_use,Pa->Jo,1,new,36,42,0.8571428571428571
unit_basin,B_830304_120,荒川 / basin 120,all_land_use,Ya->Ko,3,continue,7,21,0.3333333333333333
unit_basin,B_830304_120,荒川 / basin 120,all_land_use,Ya->Ko,3,drop,0,21,0
unit_basin,B_830304_120,荒川 / basin 120,all_land_use,Ya->Ko,3,new,14,21,0.6666666666666666
unit_basin,B_830304_139,荒川 / basin 139,all_land_use,Jo->Ya,2,continue,0,11,0
unit_basin,B_830304_139,荒川 / basin 139,all_land_use,Jo->Ya,2,drop,11,11,1
unit_basin,B_830304_139,荒川 / basin 139,all_land_use,Jo->Ya,2,new,0,11,0
unit_basin,B_830304_139,荒川 / basin 139,all_land_use,Pa->Jo,1,continue,0,11,0
unit_basin,B_830304_139,荒川 / basin 139,all_land_use,Pa->Jo,1,drop,0,11,0
unit_basin,B_830304_139,荒川 / basin 139,all_land_use,Pa->Jo,1,new,11,11,1
unit_basin,B_830304_14,荒川 / basin 14,all_land_use,Jo->Ya,2,continue,0,1,0
unit_basin,B_830304_14,荒川 / basin 14,all_land_use,Jo->Ya,2,drop,1,1,1
unit_basin,B_830304_14,荒川 / basin 14,all_land_use,Jo->Ya,2,new,0,1,0
unit_basin,B_830304_14,荒川 / basin 14,all_land_use,Pa->Jo,1,continue,0,1,0
unit_basin,B_830304_14,荒川 / basin 14,all_land_use,Pa->Jo,1,drop,0,1,0
unit_basin,B_830304_14,荒川 / basin 14,all_land_use,Pa->Jo,1,new,1,1,1
unit_basin,B_830304_15,荒川 / basin 15,all_land_use,He->Me,6,continue,3,6,0.5
unit_basin,B_830304_15,荒川 / basin 15,all_land_use,He->Me,6,drop,2,6,0.3333333333333333
unit_basin,B_830304_15,荒川 / basin 15,all_land_use,He->Me,6,new,1,6,0.16666666666666666
unit_basin,B_830304_15,荒川 / basin 15,all_land_use,Jo->Ya,2,continue,4,5,0.8
unit_basin,B_830304_15,荒川 / basin 15,all_land_use,Jo->Ya,2,drop,1,5,0.2
unit_basin,B_830304_15,荒川 / basin 15,all_land_use,Jo->Ya,2,new,0,5,0
unit_basin,B_830304_15,荒川 / basin 15,all_land_use,Ko->Na,4,continue,2,6,0.3333333333333333
unit_basin,B_830304_15,荒川 / basin 15,all_land_use,Ko->Na,4,drop,1,6,0.16666666666666666
unit_basin,B_830304_15,荒川 / basin 15,all_land_use,Ko->Na,4,new,3,6,0.5
unit_basin,B_830304_15,荒川 / basin 15,all_land_use,Na->He,5,continue,5,5,1
unit_basin,B_830304_15,荒川 / basin 15,all_land_use,Na->He,5,drop,0,5,0
unit_basin,B_830304_15,荒川 / basin 15,all_land_use,Na->He,5,new,0,5,0
unit_basin,B_830304_15,荒川 / basin 15,all_land_use,Pa->Jo,1,continue,1,5,0.2
unit_basin,B_830304_15,荒川 / basin 15,all_land_use,Pa->Jo,1,drop,0,5,0
unit_basin,B_830304_15,荒川 / basin 15,all_land_use,Pa->Jo,1,new,4,5,0.8
unit_basin,B_830304_15,荒川 / basin 15,all_land_use,Ya->Ko,3,continue,2,5,0.4
unit_basin,B_830304_15,荒川 / basin 15,all_land_use,Ya->Ko,3,drop,2,5,0.4
unit_basin,B_830304_15,荒川 / basin 15,all_land_use,Ya->Ko,3,new,1,5,0.2
unit_basin,B_830304_158,荒川 / basin 158,all_land_use,Jo->Ya,2,continue,0,2,0
unit_basin,B_830304_158,荒川 / basin 158,all_land_use,Jo->Ya,2,drop,2,2,1
unit_basin,B_830304_158,荒川 / basin 158,all_land_use,Jo->Ya,2,new,0,2,0
unit_basin,B_830304_158,荒川 / basin 158,all_land_use,Pa->Jo,1,continue,0,2,0
unit_basin,B_830304_158,荒川 / basin 158,all_land_use,Pa->Jo,1,drop,0,2,0
unit_basin,B_830304_158,荒川 / basin 158,all_land_use,Pa->Jo,1,new,2,2,1
unit_basin,B_830304_16,荒川 / basin 16,all_land_use,He->Me,6,continue,3,8,0.375
unit_basin,B_830304_16,荒川 / basin 16,all_land_use,He->Me,6,drop,4,8,0.5
unit_basin,B_830304_16,荒川 / basin 16,all_land_use,He->Me,6,new,1,8,0.125
unit_basin,B_830304_16,荒川 / basin 16,all_land_use,Jo->Ya,2,continue,4,8,0.5
unit_basin,B_830304_16,荒川 / basin 16,all_land_use,Jo->Ya,2,drop,2,8,0.25
unit_basin,B_830304_16,荒川 / basin 16,all_land_use,Jo->Ya,2,new,2,8,0.25
unit_basin,B_830304_16,荒川 / basin 16,all_land_use,Ko->Na,4,continue,5,10,0.5
unit_basin,B_830304_16,荒川 / basin 16,all_land_use,Ko->Na,4,drop,3,10,0.3
unit_basin,B_830304_16,荒川 / basin 16,all_land_use,Ko->Na,4,new,2,10,0.2
unit_basin,B_830304_16,荒川 / basin 16,all_land_use,Na->He,5,continue,6,8,0.75
unit_basin,B_830304_16,荒川 / basin 16,all_land_use,Na->He,5,drop,1,8,0.125
unit_basin,B_830304_16,荒川 / basin 16,all_land_use,Na->He,5,new,1,8,0.125
unit_basin,B_830304_16,荒川 / basin 16,all_land_use,Pa->Jo,1,continue,1,6,0.16666666666666666
unit_basin,B_830304_16,荒川 / basin 16,all_land_use,Pa->Jo,1,drop,0,6,0
unit_basin,B_830304_16,荒川 / basin 16,all_land_use,Pa->Jo,1,new,5,6,0.8333333333333334
unit_basin,B_830304_16,荒川 / basin 16,all_land_use,Ya->Ko,3,continue,3,11,0.2727272727272727
unit_basin,B_830304_16,荒川 / basin 16,all_land_use,Ya->Ko,3,drop,3,11,0.2727272727272727
unit_basin,B_830304_16,荒川 / basin 16,all_land_use,Ya->Ko,3,new,5,11,0.45454545454545453
unit_basin,B_830304_161,荒川 / basin 161,all_land_use,He->Me,6,continue,1,2,0.5
unit_basin,B_830304_161,荒川 / basin 161,all_land_use,He->Me,6,drop,1,2,0.5
unit_basin,B_830304_161,荒川 / basin 161,all_land_use,He->Me,6,new,0,2,0
unit_basin,B_830304_161,荒川 / basin 161,all_land_use,Jo->Ya,2,continue,0,3,0
unit_basin,B_830304_161,荒川 / basin 161,all_land_use,Jo->Ya,2,drop,3,3,1
unit_basin,B_830304_161,荒川 / basin 161,all_land_use,Jo->Ya,2,new,0,3,0
unit_basin,B_830304_161,荒川 / basin 161,all_land_use,Ko->Na,4,continue,0,1,0
unit_basin,B_830304_161,荒川 / basin 161,all_land_use,Ko->Na,4,drop,0,1,0
unit_basin,B_830304_161,荒川 / basin 161,all_land_use,Ko->Na,4,new,1,1,1
unit_basin,B_830304_161,荒川 / basin 161,all_land_use,Na->He,5,continue,1,2,0.5
unit_basin,B_830304_161,荒川 / basin 161,all_land_use,Na->He,5,drop,0,2,0
unit_basin,B_830304_161,荒川 / basin 161,all_land_use,Na->He,5,new,1,2,0.5
unit_basin,B_830304_161,荒川 / basin 161,all_land_use,Pa->Jo,1,continue,1,3,0.3333333333333333
unit_basin,B_830304_161,荒川 / basin 161,all_land_use,Pa->Jo,1,drop,0,3,0
unit_basin,B_830304_161,荒川 / basin 161,all_land_use,Pa->Jo,1,new,2,3,0.6666666666666666
unit_basin,B_830304_167,荒川 / basin 167,all_land_use,He->Me,6,continue,0,1,0
unit_basin,B_830304_167,荒川 / basin 167,all_land_use,He->Me,6,drop,0,1,0
unit_basin,B_830304_167,荒川 / basin 167,all_land_use,He->Me,6,new,1,1,1
unit_basin,B_830304_167,荒川 / basin 167,all_land_use,Jo->Ya,2,continue,0,3,0
unit_basin,B_830304_167,荒川 / basin 167,all_land_use,Jo->Ya,2,drop,3,3,1
unit_basin,B_830304_167,荒川 / basin 167,all_land_use,Jo->Ya,2,new,0,3,0
unit_basin,B_830304_167,荒川 / basin 167,all_land_use,Pa->Jo,1,continue,0,3,0
unit_basin,B_830304_167,荒川 / basin 167,all_land_use,Pa->Jo,1,drop,0,3,0
unit_basin,B_830304_167,荒川 / basin 167,all_land_use,Pa->Jo,1,new,3,3,1
unit_basin,B_830304_18,荒川 / basin 18,all_land_use,Jo->Ya,2,continue,0,1,0
unit_basin,B_830304_18,荒川 / basin 18,all_land_use,Jo->Ya,2,drop,0,1,0
unit_basin,B_830304_18,荒川 / basin 18,all_land_use,Jo->Ya,2,new,1,1,1
unit_basin,B_830304_18,荒川 / basin 18,all_land_use,Ya->Ko,3,continue,0,1,0
unit_basin,B_830304_18,荒川 / basin 18,all_land_use,Ya->Ko,3,drop,1,1,1
unit_basin,B_830304_18,荒川 / basin 18,all_land_use,Ya->Ko,3,new,0,1,0
unit_basin,B_830304_194,荒川 / basin 194,all_land_use,He->Me,6,continue,0,3,0
unit_basin,B_830304_194,荒川 / basin 194,all_land_use,He->Me,6,drop,3,3,1
unit_basin,B_830304_194,荒川 / basin 194,all_land_use,He->Me,6,new,0,3,0
unit_basin,B_830304_194,荒川 / basin 194,all_land_use,Jo->Ya,2,continue,0,6,0
unit_basin,B_830304_194,荒川 / basin 194,all_land_use,Jo->Ya,2,drop,6,6,1
unit_basin,B_830304_194,荒川 / basin 194,all_land_use,Jo->Ya,2,new,0,6,0
unit_basin,B_830304_194,荒川 / basin 194,all_land_use,Ko->Na,4,continue,0,3,0
unit_basin,B_830304_194,荒川 / basin 194,all_land_use,Ko->Na,4,drop,0,3,0
unit_basin,B_830304_194,荒川 / basin 194,all_land_use,Ko->Na,4,new,3,3,1
unit_basin,B_830304_194,荒川 / basin 194,all_land_use,Na->He,5,continue,3,3,1
unit_basin,B_830304_194,荒川 / basin 194,all_land_use,Na->He,5,drop,0,3,0
unit_basin,B_830304_194,荒川 / basin 194,all_land_use,Na->He,5,new,0,3,0
unit_basin,B_830304_194,荒川 / basin 194,all_land_use,Pa->Jo,1,continue,0,6,0
unit_basin,B_830304_194,荒川 / basin 194,all_land_use,Pa->Jo,1,drop,0,6,0
unit_basin,B_830304_194,荒川 / basin 194,all_land_use,Pa->Jo,1,new,6,6,1
unit_basin,B_830304_25,荒川 / basin 25,all_land_use,He->Me,6,continue,11,23,0.4782608695652174
unit_basin,B_830304_25,荒川 / basin 25,all_land_use,He->Me,6,drop,9,23,0.391304347826087
unit_basin,B_830304_25,荒川 / basin 25,all_land_use,He->Me,6,new,3,23,0.13043478260869565
unit_basin,B_830304_25,荒川 / basin 25,all_land_use,Jo->Ya,2,continue,4,12,0.3333333333333333
unit_basin,B_830304_25,荒川 / basin 25,all_land_use,Jo->Ya,2,drop,7,12,0.5833333333333334
unit_basin,B_830304_25,荒川 / basin 25,all_land_use,Jo->Ya,2,new,1,12,0.08333333333333333
unit_basin,B_830304_25,荒川 / basin 25,all_land_use,Ko->Na,4,continue,12,27,0.4444444444444444
unit_basin,B_830304_25,荒川 / basin 25,all_land_use,Ko->Na,4,drop,6,27,0.2222222222222222
unit_basin,B_830304_25,荒川 / basin 25,all_land_use,Ko->Na,4,new,9,27,0.3333333333333333
unit_basin,B_830304_25,荒川 / basin 25,all_land_use,Na->He,5,continue,20,21,0.9523809523809523
unit_basin,B_830304_25,荒川 / basin 25,all_land_use,Na->He,5,drop,1,21,0.047619047619047616
unit_basin,B_830304_25,荒川 / basin 25,all_land_use,Na->He,5,new,0,21,0
unit_basin,B_830304_25,荒川 / basin 25,all_land_use,Pa->Jo,1,continue,1,11,0.09090909090909091
unit_basin,B_830304_25,荒川 / basin 25,all_land_use,Pa->Jo,1,drop,0,11,0
unit_basin,B_830304_25,荒川 / basin 25,all_land_use,Pa->Jo,1,new,10,11,0.9090909090909091
unit_basin,B_830304_25,荒川 / basin 25,all_land_use,Ya->Ko,3,continue,2,21,0.09523809523809523
unit_basin,B_830304_25,荒川 / basin 25,all_land_use,Ya->Ko,3,drop,3,21,0.14285714285714285
unit_basin,B_830304_25,荒川 / basin 25,all_land_use,Ya->Ko,3,new,16,21,0.7619047619047619
unit_basin,B_830304_26,荒川 / basin 26,all_land_use,He->Me,6,continue,2,9,0.2222222222222222
unit_basin,B_830304_26,荒川 / basin 26,all_land_use,He->Me,6,drop,3,9,0.3333333333333333
unit_basin,B_830304_26,荒川 / basin 26,all_land_use,He->Me,6,new,4,9,0.4444444444444444
unit_basin,B_830304_26,荒川 / basin 26,all_land_use,Jo->Ya,2,continue,9,33,0.2727272727272727
unit_basin,B_830304_26,荒川 / basin 26,all_land_use,Jo->Ya,2,drop,18,33,0.5454545454545454
unit_basin,B_830304_26,荒川 / basin 26,all_land_use,Jo->Ya,2,new,6,33,0.18181818181818182
unit_basin,B_830304_26,荒川 / basin 26,all_land_use,Ko->Na,4,continue,4,21,0.19047619047619047
unit_basin,B_830304_26,荒川 / basin 26,all_land_use,Ko->Na,4,drop,15,21,0.7142857142857143
unit_basin,B_830304_26,荒川 / basin 26,all_land_use,Ko->Na,4,new,2,21,0.09523809523809523
unit_basin,B_830304_26,荒川 / basin 26,all_land_use,Na->He,5,continue,4,7,0.5714285714285714
unit_basin,B_830304_26,荒川 / basin 26,all_land_use,Na->He,5,drop,2,7,0.2857142857142857
unit_basin,B_830304_26,荒川 / basin 26,all_land_use,Na->He,5,new,1,7,0.14285714285714285
unit_basin,B_830304_26,荒川 / basin 26,all_land_use,Pa->Jo,1,continue,10,28,0.35714285714285715
unit_basin,B_830304_26,荒川 / basin 26,all_land_use,Pa->Jo,1,drop,1,28,0.03571428571428571
unit_basin,B_830304_26,荒川 / basin 26,all_land_use,Pa->Jo,1,new,17,28,0.6071428571428571
unit_basin,B_830304_26,荒川 / basin 26,all_land_use,Ya->Ko,3,continue,8,26,0.3076923076923077
unit_basin,B_830304_26,荒川 / basin 26,all_land_use,Ya->Ko,3,drop,7,26,0.2692307692307692
unit_basin,B_830304_26,荒川 / basin 26,all_land_use,Ya->Ko,3,new,11,26,0.4230769230769231
unit_basin,B_830304_27,荒川 / basin 27,all_land_use,He->Me,6,continue,5,12,0.4166666666666667
unit_basin,B_830304_27,荒川 / basin 27,all_land_use,He->Me,6,drop,5,12,0.4166666666666667
unit_basin,B_830304_27,荒川 / basin 27,all_land_use,He->Me,6,new,2,12,0.16666666666666666
unit_basin,B_830304_27,荒川 / basin 27,all_land_use,Jo->Ya,2,continue,9,14,0.6428571428571429
unit_basin,B_830304_27,荒川 / basin 27,all_land_use,Jo->Ya,2,drop,3,14,0.21428571428571427
unit_basin,B_830304_27,荒川 / basin 27,all_land_use,Jo->Ya,2,new,2,14,0.14285714285714285
unit_basin,B_830304_27,荒川 / basin 27,all_land_use,Ko->Na,4,continue,9,17,0.5294117647058824
unit_basin,B_830304_27,荒川 / basin 27,all_land_use,Ko->Na,4,drop,6,17,0.35294117647058826
unit_basin,B_830304_27,荒川 / basin 27,all_land_use,Ko->Na,4,new,2,17,0.11764705882352941
unit_basin,B_830304_27,荒川 / basin 27,all_land_use,Na->He,5,continue,8,13,0.6153846153846154
unit_basin,B_830304_27,荒川 / basin 27,all_land_use,Na->He,5,drop,3,13,0.23076923076923078
unit_basin,B_830304_27,荒川 / basin 27,all_land_use,Na->He,5,new,2,13,0.15384615384615385
unit_basin,B_830304_27,荒川 / basin 27,all_land_use,Pa->Jo,1,continue,4,12,0.3333333333333333
unit_basin,B_830304_27,荒川 / basin 27,all_land_use,Pa->Jo,1,drop,0,12,0
unit_basin,B_830304_27,荒川 / basin 27,all_land_use,Pa->Jo,1,new,8,12,0.6666666666666666
unit_basin,B_830304_27,荒川 / basin 27,all_land_use,Ya->Ko,3,continue,7,19,0.3684210526315789
unit_basin,B_830304_27,荒川 / basin 27,all_land_use,Ya->Ko,3,drop,4,19,0.21052631578947367
unit_basin,B_830304_27,荒川 / basin 27,all_land_use,Ya->Ko,3,new,8,19,0.42105263157894735
unit_basin,B_830304_36,荒川 / basin 36,all_land_use,He->Me,6,continue,1,2,0.5
unit_basin,B_830304_36,荒川 / basin 36,all_land_use,He->Me,6,drop,0,2,0
unit_basin,B_830304_36,荒川 / basin 36,all_land_use,He->Me,6,new,1,2,0.5
unit_basin,B_830304_36,荒川 / basin 36,all_land_use,Jo->Ya,2,continue,1,1,1
unit_basin,B_830304_36,荒川 / basin 36,all_land_use,Jo->Ya,2,drop,0,1,0
unit_basin,B_830304_36,荒川 / basin 36,all_land_use,Jo->Ya,2,new,0,1,0
unit_basin,B_830304_36,荒川 / basin 36,all_land_use,Ko->Na,4,continue,1,1,1
unit_basin,B_830304_36,荒川 / basin 36,all_land_use,Ko->Na,4,drop,0,1,0
unit_basin,B_830304_36,荒川 / basin 36,all_land_use,Ko->Na,4,new,0,1,0
unit_basin,B_830304_36,荒川 / basin 36,all_land_use,Na->He,5,continue,1,1,1
unit_basin,B_830304_36,荒川 / basin 36,all_land_use,Na->He,5,drop,0,1,0
unit_basin,B_830304_36,荒川 / basin 36,all_land_use,Na->He,5,new,0,1,0
unit_basin,B_830304_36,荒川 / basin 36,all_land_use,Pa->Jo,1,continue,0,1,0
unit_basin,B_830304_36,荒川 / basin 36,all_land_use,Pa->Jo,1,drop,0,1,0
unit_basin,B_830304_36,荒川 / basin 36,all_land_use,Pa->Jo,1,new,1,1,1
unit_basin,B_830304_36,荒川 / basin 36,all_land_use,Ya->Ko,3,continue,1,1,1
unit_basin,B_830304_36,荒川 / basin 36,all_land_use,Ya->Ko,3,drop,0,1,0
unit_basin,B_830304_36,荒川 / basin 36,all_land_use,Ya->Ko,3,new,0,1,0
unit_basin,B_830304_37,荒川 / basin 37,all_land_use,He->Me,6,continue,0,8,0
unit_basin,B_830304_37,荒川 / basin 37,all_land_use,He->Me,6,drop,2,8,0.25
unit_basin,B_830304_37,荒川 / basin 37,all_land_use,He->Me,6,new,6,8,0.75
unit_basin,B_830304_37,荒川 / basin 37,all_land_use,Jo->Ya,2,continue,5,24,0.20833333333333334
unit_basin,B_830304_37,荒川 / basin 37,all_land_use,Jo->Ya,2,drop,17,24,0.7083333333333334
unit_basin,B_830304_37,荒川 / basin 37,all_land_use,Jo->Ya,2,new,2,24,0.08333333333333333
unit_basin,B_830304_37,荒川 / basin 37,all_land_use,Ko->Na,4,continue,2,7,0.2857142857142857
unit_basin,B_830304_37,荒川 / basin 37,all_land_use,Ko->Na,4,drop,5,7,0.7142857142857143
unit_basin,B_830304_37,荒川 / basin 37,all_land_use,Ko->Na,4,new,0,7,0
unit_basin,B_830304_37,荒川 / basin 37,all_land_use,Na->He,5,continue,1,3,0.3333333333333333
unit_basin,B_830304_37,荒川 / basin 37,all_land_use,Na->He,5,drop,1,3,0.3333333333333333
unit_basin,B_830304_37,荒川 / basin 37,all_land_use,Na->He,5,new,1,3,0.3333333333333333
unit_basin,B_830304_37,荒川 / basin 37,all_land_use,Pa->Jo,1,continue,3,22,0.13636363636363635
unit_basin,B_830304_37,荒川 / basin 37,all_land_use,Pa->Jo,1,drop,0,22,0
unit_basin,B_830304_37,荒川 / basin 37,all_land_use,Pa->Jo,1,new,19,22,0.8636363636363636
unit_basin,B_830304_37,荒川 / basin 37,all_land_use,Ya->Ko,3,continue,3,11,0.2727272727272727
unit_basin,B_830304_37,荒川 / basin 37,all_land_use,Ya->Ko,3,drop,4,11,0.36363636363636365
unit_basin,B_830304_37,荒川 / basin 37,all_land_use,Ya->Ko,3,new,4,11,0.36363636363636365
unit_basin,B_830304_38,荒川 / basin 38,all_land_use,He->Me,6,continue,0,12,0
unit_basin,B_830304_38,荒川 / basin 38,all_land_use,He->Me,6,drop,5,12,0.4166666666666667
unit_basin,B_830304_38,荒川 / basin 38,all_land_use,He->Me,6,new,7,12,0.5833333333333334
unit_basin,B_830304_38,荒川 / basin 38,all_land_use,Jo->Ya,2,continue,8,15,0.5333333333333333
unit_basin,B_830304_38,荒川 / basin 38,all_land_use,Jo->Ya,2,drop,6,15,0.4
unit_basin,B_830304_38,荒川 / basin 38,all_land_use,Jo->Ya,2,new,1,15,0.06666666666666667
unit_basin,B_830304_38,荒川 / basin 38,all_land_use,Ko->Na,4,continue,2,6,0.3333333333333333
unit_basin,B_830304_38,荒川 / basin 38,all_land_use,Ko->Na,4,drop,3,6,0.5
unit_basin,B_830304_38,荒川 / basin 38,all_land_use,Ko->Na,4,new,1,6,0.16666666666666666
unit_basin,B_830304_38,荒川 / basin 38,all_land_use,Na->He,5,continue,3,5,0.6
unit_basin,B_830304_38,荒川 / basin 38,all_land_use,Na->He,5,drop,0,5,0
unit_basin,B_830304_38,荒川 / basin 38,all_land_use,Na->He,5,new,2,5,0.4
unit_basin,B_830304_38,荒川 / basin 38,all_land_use,Pa->Jo,1,continue,1,14,0.07142857142857142
unit_basin,B_830304_38,荒川 / basin 38,all_land_use,Pa->Jo,1,drop,0,14,0
unit_basin,B_830304_38,荒川 / basin 38,all_land_use,Pa->Jo,1,new,13,14,0.9285714285714286
unit_basin,B_830304_38,荒川 / basin 38,all_land_use,Ya->Ko,3,continue,3,11,0.2727272727272727
unit_basin,B_830304_38,荒川 / basin 38,all_land_use,Ya->Ko,3,drop,6,11,0.5454545454545454
unit_basin,B_830304_38,荒川 / basin 38,all_land_use,Ya->Ko,3,new,2,11,0.18181818181818182
unit_basin,B_830304_39,荒川 / basin 39,all_land_use,He->Me,6,continue,1,7,0.14285714285714285
unit_basin,B_830304_39,荒川 / basin 39,all_land_use,He->Me,6,drop,5,7,0.7142857142857143
unit_basin,B_830304_39,荒川 / basin 39,all_land_use,He->Me,6,new,1,7,0.14285714285714285
unit_basin,B_830304_39,荒川 / basin 39,all_land_use,Jo->Ya,2,continue,4,17,0.23529411764705882
unit_basin,B_830304_39,荒川 / basin 39,all_land_use,Jo->Ya,2,drop,13,17,0.7647058823529411
unit_basin,B_830304_39,荒川 / basin 39,all_land_use,Jo->Ya,2,new,0,17,0
unit_basin,B_830304_39,荒川 / basin 39,all_land_use,Ko->Na,4,continue,3,7,0.42857142857142855
unit_basin,B_830304_39,荒川 / basin 39,all_land_use,Ko->Na,4,drop,2,7,0.2857142857142857
unit_basin,B_830304_39,荒川 / basin 39,all_land_use,Ko->Na,4,new,2,7,0.2857142857142857
unit_basin,B_830304_39,荒川 / basin 39,all_land_use,Na->He,5,continue,4,7,0.5714285714285714
unit_basin,B_830304_39,荒川 / basin 39,all_land_use,Na->He,5,drop,1,7,0.14285714285714285
unit_basin,B_830304_39,荒川 / basin 39,all_land_use,Na->He,5,new,2,7,0.2857142857142857
unit_basin,B_830304_39,荒川 / basin 39,all_land_use,Pa->Jo,1,continue,6,17,0.35294117647058826
unit_basin,B_830304_39,荒川 / basin 39,all_land_use,Pa->Jo,1,drop,0,17,0
unit_basin,B_830304_39,荒川 / basin 39,all_land_use,Pa->Jo,1,new,11,17,0.6470588235294118
unit_basin,B_830304_39,荒川 / basin 39,all_land_use,Ya->Ko,3,continue,3,6,0.5
unit_basin,B_830304_39,荒川 / basin 39,all_land_use,Ya->Ko,3,drop,1,6,0.16666666666666666
unit_basin,B_830304_39,荒川 / basin 39,all_land_use,Ya->Ko,3,new,2,6,0.3333333333333333
unit_basin,B_830304_40,荒川 / basin 40,all_land_use,He->Me,6,continue,0,1,0
unit_basin,B_830304_40,荒川 / basin 40,all_land_use,He->Me,6,drop,1,1,1
unit_basin,B_830304_40,荒川 / basin 40,all_land_use,He->Me,6,new,0,1,0
unit_basin,B_830304_40,荒川 / basin 40,all_land_use,Jo->Ya,2,continue,2,23,0.08695652173913043
unit_basin,B_830304_40,荒川 / basin 40,all_land_use,Jo->Ya,2,drop,21,23,0.9130434782608695
unit_basin,B_830304_40,荒川 / basin 40,all_land_use,Jo->Ya,2,new,0,23,0
unit_basin,B_830304_40,荒川 / basin 40,all_land_use,Ko->Na,4,continue,0,4,0
unit_basin,B_830304_40,荒川 / basin 40,all_land_use,Ko->Na,4,drop,3,4,0.75
unit_basin,B_830304_40,荒川 / basin 40,all_land_use,Ko->Na,4,new,1,4,0.25
unit_basin,B_830304_40,荒川 / basin 40,all_land_use,Na->He,5,continue,1,1,1
unit_basin,B_830304_40,荒川 / basin 40,all_land_use,Na->He,5,drop,0,1,0
unit_basin,B_830304_40,荒川 / basin 40,all_land_use,Na->He,5,new,0,1,0
unit_basin,B_830304_40,荒川 / basin 40,all_land_use,Pa->Jo,1,continue,4,23,0.17391304347826086
unit_basin,B_830304_40,荒川 / basin 40,all_land_use,Pa->Jo,1,drop,0,23,0
unit_basin,B_830304_40,荒川 / basin 40,all_land_use,Pa->Jo,1,new,19,23,0.8260869565217391
unit_basin,B_830304_40,荒川 / basin 40,all_land_use,Ya->Ko,3,continue,0,5,0
unit_basin,B_830304_40,荒川 / basin 40,all_land_use,Ya->Ko,3,drop,2,5,0.4
unit_basin,B_830304_40,荒川 / basin 40,all_land_use,Ya->Ko,3,new,3,5,0.6
unit_basin,B_830304_42,荒川 / basin 42,all_land_use,He->Me,6,continue,1,7,0.14285714285714285
unit_basin,B_830304_42,荒川 / basin 42,all_land_use,He->Me,6,drop,6,7,0.8571428571428571
unit_basin,B_830304_42,荒川 / basin 42,all_land_use,He->Me,6,new,0,7,0
unit_basin,B_830304_42,荒川 / basin 42,all_land_use,Jo->Ya,2,continue,13,21,0.6190476190476191
unit_basin,B_830304_42,荒川 / basin 42,all_land_use,Jo->Ya,2,drop,6,21,0.2857142857142857
unit_basin,B_830304_42,荒川 / basin 42,all_land_use,Jo->Ya,2,new,2,21,0.09523809523809523
unit_basin,B_830304_42,荒川 / basin 42,all_land_use,Ko->Na,4,continue,5,16,0.3125
unit_basin,B_830304_42,荒川 / basin 42,all_land_use,Ko->Na,4,drop,10,16,0.625
unit_basin,B_830304_42,荒川 / basin 42,all_land_use,Ko->Na,4,new,1,16,0.0625
unit_basin,B_830304_42,荒川 / basin 42,all_land_use,Na->He,5,continue,5,8,0.625
unit_basin,B_830304_42,荒川 / basin 42,all_land_use,Na->He,5,drop,1,8,0.125
unit_basin,B_830304_42,荒川 / basin 42,all_land_use,Na->He,5,new,2,8,0.25
unit_basin,B_830304_42,荒川 / basin 42,all_land_use,Pa->Jo,1,continue,4,19,0.21052631578947367
unit_basin,B_830304_42,荒川 / basin 42,all_land_use,Pa->Jo,1,drop,0,19,0
unit_basin,B_830304_42,荒川 / basin 42,all_land_use,Pa->Jo,1,new,15,19,0.7894736842105263
unit_basin,B_830304_42,荒川 / basin 42,all_land_use,Ya->Ko,3,continue,13,17,0.7647058823529411
unit_basin,B_830304_42,荒川 / basin 42,all_land_use,Ya->Ko,3,drop,2,17,0.11764705882352941
unit_basin,B_830304_42,荒川 / basin 42,all_land_use,Ya->Ko,3,new,2,17,0.11764705882352941
unit_basin,B_830304_44,荒川 / basin 44,all_land_use,He->Me,6,continue,1,1,1
unit_basin,B_830304_44,荒川 / basin 44,all_land_use,He->Me,6,drop,0,1,0
unit_basin,B_830304_44,荒川 / basin 44,all_land_use,He->Me,6,new,0,1,0
unit_basin,B_830304_44,荒川 / basin 44,all_land_use,Jo->Ya,2,continue,1,1,1
unit_basin,B_830304_44,荒川 / basin 44,all_land_use,Jo->Ya,2,drop,0,1,0
unit_basin,B_830304_44,荒川 / basin 44,all_land_use,Jo->Ya,2,new,0,1,0
unit_basin,B_830304_44,荒川 / basin 44,all_land_use,Ko->Na,4,continue,0,1,0
unit_basin,B_830304_44,荒川 / basin 44,all_land_use,Ko->Na,4,drop,1,1,1
unit_basin,B_830304_44,荒川 / basin 44,all_land_use,Ko->Na,4,new,0,1,0
unit_basin,B_830304_44,荒川 / basin 44,all_land_use,Na->He,5,continue,0,1,0
unit_basin,B_830304_44,荒川 / basin 44,all_land_use,Na->He,5,drop,0,1,0
unit_basin,B_830304_44,荒川 / basin 44,all_land_use,Na->He,5,new,1,1,1
unit_basin,B_830304_44,荒川 / basin 44,all_land_use,Pa->Jo,1,continue,0,1,0
unit_basin,B_830304_44,荒川 / basin 44,all_land_use,Pa->Jo,1,drop,0,1,0
unit_basin,B_830304_44,荒川 / basin 44,all_land_use,Pa->Jo,1,new,1,1,1
unit_basin,B_830304_44,荒川 / basin 44,all_land_use,Ya->Ko,3,continue,1,1,1
unit_basin,B_830304_44,荒川 / basin 44,all_land_use,Ya->Ko,3,drop,0,1,0
unit_basin,B_830304_44,荒川 / basin 44,all_land_use,Ya->Ko,3,new,0,1,0
unit_basin,B_830304_47,荒川 / basin 47,all_land_use,He->Me,6,continue,4,18,0.2222222222222222
unit_basin,B_830304_47,荒川 / basin 47,all_land_use,He->Me,6,drop,10,18,0.5555555555555556
unit_basin,B_830304_47,荒川 / basin 47,all_land_use,He->Me,6,new,4,18,0.2222222222222222
unit_basin,B_830304_47,荒川 / basin 47,all_land_use,Jo->Ya,2,continue,16,59,0.2711864406779661
unit_basin,B_830304_47,荒川 / basin 47,all_land_use,Jo->Ya,2,drop,42,59,0.711864406779661
unit_basin,B_830304_47,荒川 / basin 47,all_land_use,Jo->Ya,2,new,1,59,0.01694915254237288
unit_basin,B_830304_47,荒川 / basin 47,all_land_use,Ko->Na,4,continue,4,15,0.26666666666666666
unit_basin,B_830304_47,荒川 / basin 47,all_land_use,Ko->Na,4,drop,7,15,0.4666666666666667
unit_basin,B_830304_47,荒川 / basin 47,all_land_use,Ko->Na,4,new,4,15,0.26666666666666666
unit_basin,B_830304_47,荒川 / basin 47,all_land_use,Na->He,5,continue,8,14,0.5714285714285714
unit_basin,B_830304_47,荒川 / basin 47,all_land_use,Na->He,5,drop,0,14,0
unit_basin,B_830304_47,荒川 / basin 47,all_land_use,Na->He,5,new,6,14,0.42857142857142855
unit_basin,B_830304_47,荒川 / basin 47,all_land_use,Pa->Jo,1,continue,35,61,0.5737704918032787
unit_basin,B_830304_47,荒川 / basin 47,all_land_use,Pa->Jo,1,drop,3,61,0.04918032786885246
unit_basin,B_830304_47,荒川 / basin 47,all_land_use,Pa->Jo,1,new,23,61,0.3770491803278688
unit_basin,B_830304_47,荒川 / basin 47,all_land_use,Ya->Ko,3,continue,8,20,0.4
unit_basin,B_830304_47,荒川 / basin 47,all_land_use,Ya->Ko,3,drop,9,20,0.45
unit_basin,B_830304_47,荒川 / basin 47,all_land_use,Ya->Ko,3,new,3,20,0.15
unit_basin,B_830304_51,荒川 / basin 51,all_land_use,He->Me,6,continue,3,4,0.75
unit_basin,B_830304_51,荒川 / basin 51,all_land_use,He->Me,6,drop,1,4,0.25
unit_basin,B_830304_51,荒川 / basin 51,all_land_use,He->Me,6,new,0,4,0
unit_basin,B_830304_51,荒川 / basin 51,all_land_use,Jo->Ya,2,continue,4,7,0.5714285714285714
unit_basin,B_830304_51,荒川 / basin 51,all_land_use,Jo->Ya,2,drop,3,7,0.42857142857142855
unit_basin,B_830304_51,荒川 / basin 51,all_land_use,Jo->Ya,2,new,0,7,0
unit_basin,B_830304_51,荒川 / basin 51,all_land_use,Ko->Na,4,continue,2,4,0.5
unit_basin,B_830304_51,荒川 / basin 51,all_land_use,Ko->Na,4,drop,0,4,0
unit_basin,B_830304_51,荒川 / basin 51,all_land_use,Ko->Na,4,new,2,4,0.5
unit_basin,B_830304_51,荒川 / basin 51,all_land_use,Na->He,5,continue,4,4,1
unit_basin,B_830304_51,荒川 / basin 51,all_land_use,Na->He,5,drop,0,4,0
unit_basin,B_830304_51,荒川 / basin 51,all_land_use,Na->He,5,new,0,4,0
unit_basin,B_830304_51,荒川 / basin 51,all_land_use,Pa->Jo,1,continue,2,7,0.2857142857142857
unit_basin,B_830304_51,荒川 / basin 51,all_land_use,Pa->Jo,1,drop,0,7,0
unit_basin,B_830304_51,荒川 / basin 51,all_land_use,Pa->Jo,1,new,5,7,0.7142857142857143
unit_basin,B_830304_51,荒川 / basin 51,all_land_use,Ya->Ko,3,continue,2,4,0.5
unit_basin,B_830304_51,荒川 / basin 51,all_land_use,Ya->Ko,3,drop,2,4,0.5
unit_basin,B_830304_51,荒川 / basin 51,all_land_use,Ya->Ko,3,new,0,4,0
unit_basin,B_830304_52,荒川 / basin 52,all_land_use,He->Me,6,continue,6,25,0.24
unit_basin,B_830304_52,荒川 / basin 52,all_land_use,He->Me,6,drop,9,25,0.36
unit_basin,B_830304_52,荒川 / basin 52,all_land_use,He->Me,6,new,10,25,0.4
unit_basin,B_830304_52,荒川 / basin 52,all_land_use,Jo->Ya,2,continue,17,69,0.2463768115942029
unit_basin,B_830304_52,荒川 / basin 52,all_land_use,Jo->Ya,2,drop,47,69,0.6811594202898551
unit_basin,B_830304_52,荒川 / basin 52,all_land_use,Jo->Ya,2,new,5,69,0.07246376811594203
unit_basin,B_830304_52,荒川 / basin 52,all_land_use,Ko->Na,4,continue,13,27,0.48148148148148145
unit_basin,B_830304_52,荒川 / basin 52,all_land_use,Ko->Na,4,drop,9,27,0.3333333333333333
unit_basin,B_830304_52,荒川 / basin 52,all_land_use,Ko->Na,4,new,5,27,0.18518518518518517
unit_basin,B_830304_52,荒川 / basin 52,all_land_use,Na->He,5,continue,10,23,0.43478260869565216
unit_basin,B_830304_52,荒川 / basin 52,all_land_use,Na->He,5,drop,8,23,0.34782608695652173
unit_basin,B_830304_52,荒川 / basin 52,all_land_use,Na->He,5,new,5,23,0.21739130434782608
unit_basin,B_830304_52,荒川 / basin 52,all_land_use,Pa->Jo,1,continue,19,68,0.27941176470588236
unit_basin,B_830304_52,荒川 / basin 52,all_land_use,Pa->Jo,1,drop,4,68,0.058823529411764705
unit_basin,B_830304_52,荒川 / basin 52,all_land_use,Pa->Jo,1,new,45,68,0.6617647058823529
unit_basin,B_830304_52,荒川 / basin 52,all_land_use,Ya->Ko,3,continue,12,32,0.375
unit_basin,B_830304_52,荒川 / basin 52,all_land_use,Ya->Ko,3,drop,10,32,0.3125
unit_basin,B_830304_52,荒川 / basin 52,all_land_use,Ya->Ko,3,new,10,32,0.3125
unit_basin,B_830304_53,荒川 / basin 53,all_land_use,He->Me,6,continue,0,3,0
unit_basin,B_830304_53,荒川 / basin 53,all_land_use,He->Me,6,drop,2,3,0.6666666666666666
unit_basin,B_830304_53,荒川 / basin 53,all_land_use,He->Me,6,new,1,3,0.3333333333333333
unit_basin,B_830304_53,荒川 / basin 53,all_land_use,Jo->Ya,2,continue,5,6,0.8333333333333334
unit_basin,B_830304_53,荒川 / basin 53,all_land_use,Jo->Ya,2,drop,0,6,0
unit_basin,B_830304_53,荒川 / basin 53,all_land_use,Jo->Ya,2,new,1,6,0.16666666666666666
unit_basin,B_830304_53,荒川 / basin 53,all_land_use,Ko->Na,4,continue,4,6,0.6666666666666666
unit_basin,B_830304_53,荒川 / basin 53,all_land_use,Ko->Na,4,drop,2,6,0.3333333333333333
unit_basin,B_830304_53,荒川 / basin 53,all_land_use,Ko->Na,4,new,0,6,0
unit_basin,B_830304_53,荒川 / basin 53,all_land_use,Na->He,5,continue,2,4,0.5
unit_basin,B_830304_53,荒川 / basin 53,all_land_use,Na->He,5,drop,2,4,0.5
unit_basin,B_830304_53,荒川 / basin 53,all_land_use,Na->He,5,new,0,4,0
unit_basin,B_830304_53,荒川 / basin 53,all_land_use,Pa->Jo,1,continue,5,6,0.8333333333333334
unit_basin,B_830304_53,荒川 / basin 53,all_land_use,Pa->Jo,1,drop,1,6,0.16666666666666666
unit_basin,B_830304_53,荒川 / basin 53,all_land_use,Pa->Jo,1,new,0,6,0
unit_basin,B_830304_53,荒川 / basin 53,all_land_use,Ya->Ko,3,continue,5,7,0.7142857142857143
unit_basin,B_830304_53,荒川 / basin 53,all_land_use,Ya->Ko,3,drop,1,7,0.14285714285714285
unit_basin,B_830304_53,荒川 / basin 53,all_land_use,Ya->Ko,3,new,1,7,0.14285714285714285
unit_basin,B_830304_54,荒川 / basin 54,all_land_use,He->Me,6,continue,0,7,0
unit_basin,B_830304_54,荒川 / basin 54,all_land_use,He->Me,6,drop,6,7,0.8571428571428571
unit_basin,B_830304_54,荒川 / basin 54,all_land_use,He->Me,6,new,1,7,0.14285714285714285
unit_basin,B_830304_54,荒川 / basin 54,all_land_use,Jo->Ya,2,continue,7,56,0.125
unit_basin,B_830304_54,荒川 / basin 54,all_land_use,Jo->Ya,2,drop,47,56,0.8392857142857143
unit_basin,B_830304_54,荒川 / basin 54,all_land_use,Jo->Ya,2,new,2,56,0.03571428571428571
unit_basin,B_830304_54,荒川 / basin 54,all_land_use,Ko->Na,4,continue,2,22,0.09090909090909091
unit_basin,B_830304_54,荒川 / basin 54,all_land_use,Ko->Na,4,drop,14,22,0.6363636363636364
unit_basin,B_830304_54,荒川 / basin 54,all_land_use,Ko->Na,4,new,6,22,0.2727272727272727
unit_basin,B_830304_54,荒川 / basin 54,all_land_use,Na->He,5,continue,6,8,0.75
unit_basin,B_830304_54,荒川 / basin 54,all_land_use,Na->He,5,drop,2,8,0.25
unit_basin,B_830304_54,荒川 / basin 54,all_land_use,Na->He,5,new,0,8,0
unit_basin,B_830304_54,荒川 / basin 54,all_land_use,Pa->Jo,1,continue,9,56,0.16071428571428573
unit_basin,B_830304_54,荒川 / basin 54,all_land_use,Pa->Jo,1,drop,2,56,0.03571428571428571
unit_basin,B_830304_54,荒川 / basin 54,all_land_use,Pa->Jo,1,new,45,56,0.8035714285714286
unit_basin,B_830304_54,荒川 / basin 54,all_land_use,Ya->Ko,3,continue,3,22,0.13636363636363635
unit_basin,B_830304_54,荒川 / basin 54,all_land_use,Ya->Ko,3,drop,6,22,0.2727272727272727
unit_basin,B_830304_54,荒川 / basin 54,all_land_use,Ya->Ko,3,new,13,22,0.5909090909090909
unit_basin,B_830304_55,荒川 / basin 55,all_land_use,He->Me,6,continue,3,9,0.3333333333333333
unit_basin,B_830304_55,荒川 / basin 55,all_land_use,He->Me,6,drop,5,9,0.5555555555555556
unit_basin,B_830304_55,荒川 / basin 55,all_land_use,He->Me,6,new,1,9,0.1111111111111111
unit_basin,B_830304_55,荒川 / basin 55,all_land_use,Jo->Ya,2,continue,19,27,0.7037037037037037
unit_basin,B_830304_55,荒川 / basin 55,all_land_use,Jo->Ya,2,drop,7,27,0.25925925925925924
unit_basin,B_830304_55,荒川 / basin 55,all_land_use,Jo->Ya,2,new,1,27,0.037037037037037035
unit_basin,B_830304_55,荒川 / basin 55,all_land_use,Ko->Na,4,continue,6,23,0.2608695652173913
unit_basin,B_830304_55,荒川 / basin 55,all_land_use,Ko->Na,4,drop,17,23,0.7391304347826086
unit_basin,B_830304_55,荒川 / basin 55,all_land_use,Ko->Na,4,new,0,23,0
unit_basin,B_830304_55,荒川 / basin 55,all_land_use,Na->He,5,continue,6,8,0.75
unit_basin,B_830304_55,荒川 / basin 55,all_land_use,Na->He,5,drop,0,8,0
unit_basin,B_830304_55,荒川 / basin 55,all_land_use,Na->He,5,new,2,8,0.25
unit_basin,B_830304_55,荒川 / basin 55,all_land_use,Pa->Jo,1,continue,3,27,0.1111111111111111
unit_basin,B_830304_55,荒川 / basin 55,all_land_use,Pa->Jo,1,drop,1,27,0.037037037037037035
unit_basin,B_830304_55,荒川 / basin 55,all_land_use,Pa->Jo,1,new,23,27,0.8518518518518519
unit_basin,B_830304_55,荒川 / basin 55,all_land_use,Ya->Ko,3,continue,19,24,0.7916666666666666
unit_basin,B_830304_55,荒川 / basin 55,all_land_use,Ya->Ko,3,drop,1,24,0.041666666666666664
unit_basin,B_830304_55,荒川 / basin 55,all_land_use,Ya->Ko,3,new,4,24,0.16666666666666666
unit_basin,B_830304_56,荒川 / basin 56,all_land_use,He->Me,6,continue,6,14,0.42857142857142855
unit_basin,B_830304_56,荒川 / basin 56,all_land_use,He->Me,6,drop,4,14,0.2857142857142857
unit_basin,B_830304_56,荒川 / basin 56,all_land_use,He->Me,6,new,4,14,0.2857142857142857
unit_basin,B_830304_56,荒川 / basin 56,all_land_use,Jo->Ya,2,continue,11,17,0.6470588235294118
unit_basin,B_830304_56,荒川 / basin 56,all_land_use,Jo->Ya,2,drop,5,17,0.29411764705882354
unit_basin,B_830304_56,荒川 / basin 56,all_land_use,Jo->Ya,2,new,1,17,0.058823529411764705
unit_basin,B_830304_56,荒川 / basin 56,all_land_use,Ko->Na,4,continue,5,13,0.38461538461538464
unit_basin,B_830304_56,荒川 / basin 56,all_land_use,Ko->Na,4,drop,7,13,0.5384615384615384
unit_basin,B_830304_56,荒川 / basin 56,all_land_use,Ko->Na,4,new,1,13,0.07692307692307693
unit_basin,B_830304_56,荒川 / basin 56,all_land_use,Na->He,5,continue,6,10,0.6
unit_basin,B_830304_56,荒川 / basin 56,all_land_use,Na->He,5,drop,0,10,0
unit_basin,B_830304_56,荒川 / basin 56,all_land_use,Na->He,5,new,4,10,0.4
unit_basin,B_830304_56,荒川 / basin 56,all_land_use,Pa->Jo,1,continue,3,16,0.1875
unit_basin,B_830304_56,荒川 / basin 56,all_land_use,Pa->Jo,1,drop,0,16,0
unit_basin,B_830304_56,荒川 / basin 56,all_land_use,Pa->Jo,1,new,13,16,0.8125
unit_basin,B_830304_56,荒川 / basin 56,all_land_use,Ya->Ko,3,continue,10,14,0.7142857142857143
unit_basin,B_830304_56,荒川 / basin 56,all_land_use,Ya->Ko,3,drop,2,14,0.14285714285714285
unit_basin,B_830304_56,荒川 / basin 56,all_land_use,Ya->Ko,3,new,2,14,0.14285714285714285
unit_basin,B_830304_57,荒川 / basin 57,all_land_use,He->Me,6,continue,1,10,0.1
unit_basin,B_830304_57,荒川 / basin 57,all_land_use,He->Me,6,drop,4,10,0.4
unit_basin,B_830304_57,荒川 / basin 57,all_land_use,He->Me,6,new,5,10,0.5
unit_basin,B_830304_57,荒川 / basin 57,all_land_use,Jo->Ya,2,continue,13,52,0.25
unit_basin,B_830304_57,荒川 / basin 57,all_land_use,Jo->Ya,2,drop,39,52,0.75
unit_basin,B_830304_57,荒川 / basin 57,all_land_use,Jo->Ya,2,new,0,52,0
unit_basin,B_830304_57,荒川 / basin 57,all_land_use,Ko->Na,4,continue,5,27,0.18518518518518517
unit_basin,B_830304_57,荒川 / basin 57,all_land_use,Ko->Na,4,drop,18,27,0.6666666666666666
unit_basin,B_830304_57,荒川 / basin 57,all_land_use,Ko->Na,4,new,4,27,0.14814814814814814
unit_basin,B_830304_57,荒川 / basin 57,all_land_use,Na->He,5,continue,3,11,0.2727272727272727
unit_basin,B_830304_57,荒川 / basin 57,all_land_use,Na->He,5,drop,6,11,0.5454545454545454
unit_basin,B_830304_57,荒川 / basin 57,all_land_use,Na->He,5,new,2,11,0.18181818181818182
unit_basin,B_830304_57,荒川 / basin 57,all_land_use,Pa->Jo,1,continue,12,55,0.21818181818181817
unit_basin,B_830304_57,荒川 / basin 57,all_land_use,Pa->Jo,1,drop,3,55,0.05454545454545454
unit_basin,B_830304_57,荒川 / basin 57,all_land_use,Pa->Jo,1,new,40,55,0.7272727272727273
unit_basin,B_830304_57,荒川 / basin 57,all_land_use,Ya->Ko,3,continue,8,28,0.2857142857142857
unit_basin,B_830304_57,荒川 / basin 57,all_land_use,Ya->Ko,3,drop,5,28,0.17857142857142858
unit_basin,B_830304_57,荒川 / basin 57,all_land_use,Ya->Ko,3,new,15,28,0.5357142857142857
unit_basin,B_830304_61,荒川 / basin 61,all_land_use,He->Me,6,continue,4,11,0.36363636363636365
unit_basin,B_830304_61,荒川 / basin 61,all_land_use,He->Me,6,drop,3,11,0.2727272727272727
unit_basin,B_830304_61,荒川 / basin 61,all_land_use,He->Me,6,new,4,11,0.36363636363636365
unit_basin,B_830304_61,荒川 / basin 61,all_land_use,Jo->Ya,2,continue,16,40,0.4
unit_basin,B_830304_61,荒川 / basin 61,all_land_use,Jo->Ya,2,drop,21,40,0.525
unit_basin,B_830304_61,荒川 / basin 61,all_land_use,Jo->Ya,2,new,3,40,0.075
unit_basin,B_830304_61,荒川 / basin 61,all_land_use,Ko->Na,4,continue,4,14,0.2857142857142857
unit_basin,B_830304_61,荒川 / basin 61,all_land_use,Ko->Na,4,drop,7,14,0.5
unit_basin,B_830304_61,荒川 / basin 61,all_land_use,Ko->Na,4,new,3,14,0.21428571428571427
unit_basin,B_830304_61,荒川 / basin 61,all_land_use,Na->He,5,continue,5,9,0.5555555555555556
unit_basin,B_830304_61,荒川 / basin 61,all_land_use,Na->He,5,drop,2,9,0.2222222222222222
unit_basin,B_830304_61,荒川 / basin 61,all_land_use,Na->He,5,new,2,9,0.2222222222222222
unit_basin,B_830304_61,荒川 / basin 61,all_land_use,Pa->Jo,1,continue,19,37,0.5135135135135135
unit_basin,B_830304_61,荒川 / basin 61,all_land_use,Pa->Jo,1,drop,0,37,0
unit_basin,B_830304_61,荒川 / basin 61,all_land_use,Pa->Jo,1,new,18,37,0.4864864864864865
unit_basin,B_830304_61,荒川 / basin 61,all_land_use,Ya->Ko,3,continue,10,20,0.5
unit_basin,B_830304_61,荒川 / basin 61,all_land_use,Ya->Ko,3,drop,9,20,0.45
unit_basin,B_830304_61,荒川 / basin 61,all_land_use,Ya->Ko,3,new,1,20,0.05
unit_basin,B_830304_63,荒川 / basin 63,all_land_use,Jo->Ya,2,continue,1,3,0.3333333333333333
unit_basin,B_830304_63,荒川 / basin 63,all_land_use,Jo->Ya,2,drop,2,3,0.6666666666666666
unit_basin,B_830304_63,荒川 / basin 63,all_land_use,Jo->Ya,2,new,0,3,0
unit_basin,B_830304_63,荒川 / basin 63,all_land_use,Pa->Jo,1,continue,0,3,0
unit_basin,B_830304_63,荒川 / basin 63,all_land_use,Pa->Jo,1,drop,0,3,0
unit_basin,B_830304_63,荒川 / basin 63,all_land_use,Pa->Jo,1,new,3,3,1
unit_basin,B_830304_63,荒川 / basin 63,all_land_use,Ya->Ko,3,continue,0,1,0
unit_basin,B_830304_63,荒川 / basin 63,all_land_use,Ya->Ko,3,drop,1,1,1
unit_basin,B_830304_63,荒川 / basin 63,all_land_use,Ya->Ko,3,new,0,1,0
unit_basin,B_830304_67,荒川 / basin 67,all_land_use,He->Me,6,continue,0,4,0
unit_basin,B_830304_67,荒川 / basin 67,all_land_use,He->Me,6,drop,3,4,0.75
unit_basin,B_830304_67,荒川 / basin 67,all_land_use,He->Me,6,new,1,4,0.25
unit_basin,B_830304_67,荒川 / basin 67,all_land_use,Jo->Ya,2,continue,2,63,0.031746031746031744
unit_basin,B_830304_67,荒川 / basin 67,all_land_use,Jo->Ya,2,drop,61,63,0.9682539682539683
unit_basin,B_830304_67,荒川 / basin 67,all_land_use,Jo->Ya,2,new,0,63,0
unit_basin,B_830304_67,荒川 / basin 67,all_land_use,Ko->Na,4,continue,0,4,0
unit_basin,B_830304_67,荒川 / basin 67,all_land_use,Ko->Na,4,drop,3,4,0.75
unit_basin,B_830304_67,荒川 / basin 67,all_land_use,Ko->Na,4,new,1,4,0.25
unit_basin,B_830304_67,荒川 / basin 67,all_land_use,Na->He,5,continue,1,3,0.3333333333333333
unit_basin,B_830304_67,荒川 / basin 67,all_land_use,Na->He,5,drop,0,3,0
unit_basin,B_830304_67,荒川 / basin 67,all_land_use,Na->He,5,new,2,3,0.6666666666666666
unit_basin,B_830304_67,荒川 / basin 67,all_land_use,Pa->Jo,1,continue,23,69,0.3333333333333333
unit_basin,B_830304_67,荒川 / basin 67,all_land_use,Pa->Jo,1,drop,6,69,0.08695652173913043
unit_basin,B_830304_67,荒川 / basin 67,all_land_use,Pa->Jo,1,new,40,69,0.5797101449275363
unit_basin,B_830304_67,荒川 / basin 67,all_land_use,Ya->Ko,3,continue,0,5,0
unit_basin,B_830304_67,荒川 / basin 67,all_land_use,Ya->Ko,3,drop,2,5,0.4
unit_basin,B_830304_67,荒川 / basin 67,all_land_use,Ya->Ko,3,new,3,5,0.6
unit_basin,B_830304_68,荒川 / basin 68,all_land_use,He->Me,6,continue,8,39,0.20512820512820512
unit_basin,B_830304_68,荒川 / basin 68,all_land_use,He->Me,6,drop,24,39,0.6153846153846154
unit_basin,B_830304_68,荒川 / basin 68,all_land_use,He->Me,6,new,7,39,0.1794871794871795
unit_basin,B_830304_68,荒川 / basin 68,all_land_use,Jo->Ya,2,continue,1,60,0.016666666666666666
unit_basin,B_830304_68,荒川 / basin 68,all_land_use,Jo->Ya,2,drop,58,60,0.9666666666666667
unit_basin,B_830304_68,荒川 / basin 68,all_land_use,Jo->Ya,2,new,1,60,0.016666666666666666
unit_basin,B_830304_68,荒川 / basin 68,all_land_use,Ko->Na,4,continue,5,12,0.4166666666666667
unit_basin,B_830304_68,荒川 / basin 68,all_land_use,Ko->Na,4,drop,0,12,0
unit_basin,B_830304_68,荒川 / basin 68,all_land_use,Ko->Na,4,new,7,12,0.5833333333333334
unit_basin,B_830304_68,荒川 / basin 68,all_land_use,Na->He,5,continue,10,34,0.29411764705882354
unit_basin,B_830304_68,荒川 / basin 68,all_land_use,Na->He,5,drop,2,34,0.058823529411764705
unit_basin,B_830304_68,荒川 / basin 68,all_land_use,Na->He,5,new,22,34,0.6470588235294118
unit_basin,B_830304_68,荒川 / basin 68,all_land_use,Pa->Jo,1,continue,7,60,0.11666666666666667
unit_basin,B_830304_68,荒川 / basin 68,all_land_use,Pa->Jo,1,drop,1,60,0.016666666666666666
unit_basin,B_830304_68,荒川 / basin 68,all_land_use,Pa->Jo,1,new,52,60,0.8666666666666667
unit_basin,B_830304_68,荒川 / basin 68,all_land_use,Ya->Ko,3,continue,1,6,0.16666666666666666
unit_basin,B_830304_68,荒川 / basin 68,all_land_use,Ya->Ko,3,drop,1,6,0.16666666666666666
unit_basin,B_830304_68,荒川 / basin 68,all_land_use,Ya->Ko,3,new,4,6,0.6666666666666666
unit_basin,B_830304_69,荒川 / basin 69,all_land_use,He->Me,6,continue,0,6,0
unit_basin,B_830304_69,荒川 / basin 69,all_land_use,He->Me,6,drop,3,6,0.5
unit_basin,B_830304_69,荒川 / basin 69,all_land_use,He->Me,6,new,3,6,0.5
unit_basin,B_830304_69,荒川 / basin 69,all_land_use,Jo->Ya,2,continue,6,24,0.25
unit_basin,B_830304_69,荒川 / basin 69,all_land_use,Jo->Ya,2,drop,14,24,0.5833333333333334
unit_basin,B_830304_69,荒川 / basin 69,all_land_use,Jo->Ya,2,new,4,24,0.16666666666666666
unit_basin,B_830304_69,荒川 / basin 69,all_land_use,Ko->Na,4,continue,3,12,0.25
unit_basin,B_830304_69,荒川 / basin 69,all_land_use,Ko->Na,4,drop,7,12,0.5833333333333334
unit_basin,B_830304_69,荒川 / basin 69,all_land_use,Ko->Na,4,new,2,12,0.16666666666666666
unit_basin,B_830304_69,荒川 / basin 69,all_land_use,Na->He,5,continue,2,6,0.3333333333333333
unit_basin,B_830304_69,荒川 / basin 69,all_land_use,Na->He,5,drop,3,6,0.5
unit_basin,B_830304_69,荒川 / basin 69,all_land_use,Na->He,5,new,1,6,0.16666666666666666
unit_basin,B_830304_69,荒川 / basin 69,all_land_use,Pa->Jo,1,continue,0,21,0
unit_basin,B_830304_69,荒川 / basin 69,all_land_use,Pa->Jo,1,drop,1,21,0.047619047619047616
unit_basin,B_830304_69,荒川 / basin 69,all_land_use,Pa->Jo,1,new,20,21,0.9523809523809523
unit_basin,B_830304_69,荒川 / basin 69,all_land_use,Ya->Ko,3,continue,4,16,0.25
unit_basin,B_830304_69,荒川 / basin 69,all_land_use,Ya->Ko,3,drop,6,16,0.375
unit_basin,B_830304_69,荒川 / basin 69,all_land_use,Ya->Ko,3,new,6,16,0.375
unit_basin,B_830304_70,荒川 / basin 70,all_land_use,He->Me,6,continue,1,13,0.07692307692307693
unit_basin,B_830304_70,荒川 / basin 70,all_land_use,He->Me,6,drop,6,13,0.46153846153846156
unit_basin,B_830304_70,荒川 / basin 70,all_land_use,He->Me,6,new,6,13,0.46153846153846156
unit_basin,B_830304_70,荒川 / basin 70,all_land_use,Jo->Ya,2,continue,6,53,0.11320754716981132
unit_basin,B_830304_70,荒川 / basin 70,all_land_use,Jo->Ya,2,drop,46,53,0.8679245283018868
unit_basin,B_830304_70,荒川 / basin 70,all_land_use,Jo->Ya,2,new,1,53,0.018867924528301886
unit_basin,B_830304_70,荒川 / basin 70,all_land_use,Ko->Na,4,continue,3,22,0.13636363636363635
unit_basin,B_830304_70,荒川 / basin 70,all_land_use,Ko->Na,4,drop,16,22,0.7272727272727273
unit_basin,B_830304_70,荒川 / basin 70,all_land_use,Ko->Na,4,new,3,22,0.13636363636363635
unit_basin,B_830304_70,荒川 / basin 70,all_land_use,Na->He,5,continue,6,7,0.8571428571428571
unit_basin,B_830304_70,荒川 / basin 70,all_land_use,Na->He,5,drop,0,7,0
unit_basin,B_830304_70,荒川 / basin 70,all_land_use,Na->He,5,new,1,7,0.14285714285714285
unit_basin,B_830304_70,荒川 / basin 70,all_land_use,Pa->Jo,1,continue,20,52,0.38461538461538464
unit_basin,B_830304_70,荒川 / basin 70,all_land_use,Pa->Jo,1,drop,0,52,0
unit_basin,B_830304_70,荒川 / basin 70,all_land_use,Pa->Jo,1,new,32,52,0.6153846153846154
unit_basin,B_830304_70,荒川 / basin 70,all_land_use,Ya->Ko,3,continue,3,23,0.13043478260869565
unit_basin,B_830304_70,荒川 / basin 70,all_land_use,Ya->Ko,3,drop,4,23,0.17391304347826086
unit_basin,B_830304_70,荒川 / basin 70,all_land_use,Ya->Ko,3,new,16,23,0.6956521739130435
unit_basin,B_830304_77,荒川 / basin 77,all_land_use,Jo->Ya,2,continue,0,3,0
unit_basin,B_830304_77,荒川 / basin 77,all_land_use,Jo->Ya,2,drop,3,3,1
unit_basin,B_830304_77,荒川 / basin 77,all_land_use,Jo->Ya,2,new,0,3,0
unit_basin,B_830304_77,荒川 / basin 77,all_land_use,Pa->Jo,1,continue,1,3,0.3333333333333333
unit_basin,B_830304_77,荒川 / basin 77,all_land_use,Pa->Jo,1,drop,0,3,0
unit_basin,B_830304_77,荒川 / basin 77,all_land_use,Pa->Jo,1,new,2,3,0.6666666666666666
unit_basin,B_830304_79,荒川 / basin 79,all_land_use,He->Me,6,continue,1,9,0.1111111111111111
unit_basin,B_830304_79,荒川 / basin 79,all_land_use,He->Me,6,drop,7,9,0.7777777777777778
unit_basin,B_830304_79,荒川 / basin 79,all_land_use,He->Me,6,new,1,9,0.1111111111111111
unit_basin,B_830304_79,荒川 / basin 79,all_land_use,Jo->Ya,2,continue,1,5,0.2
unit_basin,B_830304_79,荒川 / basin 79,all_land_use,Jo->Ya,2,drop,4,5,0.8
unit_basin,B_830304_79,荒川 / basin 79,all_land_use,Jo->Ya,2,new,0,5,0
unit_basin,B_830304_79,荒川 / basin 79,all_land_use,Ko->Na,4,continue,2,2,1
unit_basin,B_830304_79,荒川 / basin 79,all_land_use,Ko->Na,4,drop,0,2,0
unit_basin,B_830304_79,荒川 / basin 79,all_land_use,Ko->Na,4,new,0,2,0
unit_basin,B_830304_79,荒川 / basin 79,all_land_use,Na->He,5,continue,2,8,0.25
unit_basin,B_830304_79,荒川 / basin 79,all_land_use,Na->He,5,drop,0,8,0
unit_basin,B_830304_79,荒川 / basin 79,all_land_use,Na->He,5,new,6,8,0.75
unit_basin,B_830304_79,荒川 / basin 79,all_land_use,Pa->Jo,1,continue,2,5,0.4
unit_basin,B_830304_79,荒川 / basin 79,all_land_use,Pa->Jo,1,drop,0,5,0
unit_basin,B_830304_79,荒川 / basin 79,all_land_use,Pa->Jo,1,new,3,5,0.6
unit_basin,B_830304_79,荒川 / basin 79,all_land_use,Ya->Ko,3,continue,1,2,0.5
unit_basin,B_830304_79,荒川 / basin 79,all_land_use,Ya->Ko,3,drop,0,2,0
unit_basin,B_830304_79,荒川 / basin 79,all_land_use,Ya->Ko,3,new,1,2,0.5
unit_basin,B_830304_80,荒川 / basin 80,all_land_use,He->Me,6,continue,0,6,0
unit_basin,B_830304_80,荒川 / basin 80,all_land_use,He->Me,6,drop,6,6,1
unit_basin,B_830304_80,荒川 / basin 80,all_land_use,He->Me,6,new,0,6,0
unit_basin,B_830304_80,荒川 / basin 80,all_land_use,Jo->Ya,2,continue,2,64,0.03125
unit_basin,B_830304_80,荒川 / basin 80,all_land_use,Jo->Ya,2,drop,62,64,0.96875
unit_basin,B_830304_80,荒川 / basin 80,all_land_use,Jo->Ya,2,new,0,64,0
unit_basin,B_830304_80,荒川 / basin 80,all_land_use,Na->He,5,continue,0,6,0
unit_basin,B_830304_80,荒川 / basin 80,all_land_use,Na->He,5,drop,0,6,0
unit_basin,B_830304_80,荒川 / basin 80,all_land_use,Na->He,5,new,6,6,1
unit_basin,B_830304_80,荒川 / basin 80,all_land_use,Pa->Jo,1,continue,19,65,0.2923076923076923
unit_basin,B_830304_80,荒川 / basin 80,all_land_use,Pa->Jo,1,drop,1,65,0.015384615384615385
unit_basin,B_830304_80,荒川 / basin 80,all_land_use,Pa->Jo,1,new,45,65,0.6923076923076923
unit_basin,B_830304_80,荒川 / basin 80,all_land_use,Ya->Ko,3,continue,0,2,0
unit_basin,B_830304_80,荒川 / basin 80,all_land_use,Ya->Ko,3,drop,2,2,1
unit_basin,B_830304_80,荒川 / basin 80,all_land_use,Ya->Ko,3,new,0,2,0
unit_basin,B_830304_82,荒川 / basin 82,all_land_use,He->Me,6,continue,1,34,0.029411764705882353
unit_basin,B_830304_82,荒川 / basin 82,all_land_use,He->Me,6,drop,31,34,0.9117647058823529
unit_basin,B_830304_82,荒川 / basin 82,all_land_use,He->Me,6,new,2,34,0.058823529411764705
unit_basin,B_830304_82,荒川 / basin 82,all_land_use,Jo->Ya,2,continue,0,25,0
unit_basin,B_830304_82,荒川 / basin 82,all_land_use,Jo->Ya,2,drop,25,25,1
unit_basin,B_830304_82,荒川 / basin 82,all_land_use,Jo->Ya,2,new,0,25,0
unit_basin,B_830304_82,荒川 / basin 82,all_land_use,Na->He,5,continue,0,32,0
unit_basin,B_830304_82,荒川 / basin 82,all_land_use,Na->He,5,drop,0,32,0
unit_basin,B_830304_82,荒川 / basin 82,all_land_use,Na->He,5,new,32,32,1
unit_basin,B_830304_82,荒川 / basin 82,all_land_use,Pa->Jo,1,continue,2,25,0.08
unit_basin,B_830304_82,荒川 / basin 82,all_land_use,Pa->Jo,1,drop,0,25,0
unit_basin,B_830304_82,荒川 / basin 82,all_land_use,Pa->Jo,1,new,23,25,0.92
unit_basin,B_830304_83,荒川 / basin 83,all_land_use,He->Me,6,continue,7,18,0.3888888888888889
unit_basin,B_830304_83,荒川 / basin 83,all_land_use,He->Me,6,drop,9,18,0.5
unit_basin,B_830304_83,荒川 / basin 83,all_land_use,He->Me,6,new,2,18,0.1111111111111111
unit_basin,B_830304_83,荒川 / basin 83,all_land_use,Jo->Ya,2,continue,2,24,0.08333333333333333
unit_basin,B_830304_83,荒川 / basin 83,all_land_use,Jo->Ya,2,drop,22,24,0.9166666666666666
unit_basin,B_830304_83,荒川 / basin 83,all_land_use,Jo->Ya,2,new,0,24,0
unit_basin,B_830304_83,荒川 / basin 83,all_land_use,Ko->Na,4,continue,7,11,0.6363636363636364
unit_basin,B_830304_83,荒川 / basin 83,all_land_use,Ko->Na,4,drop,3,11,0.2727272727272727
unit_basin,B_830304_83,荒川 / basin 83,all_land_use,Ko->Na,4,new,1,11,0.09090909090909091
unit_basin,B_830304_83,荒川 / basin 83,all_land_use,Na->He,5,continue,7,17,0.4117647058823529
unit_basin,B_830304_83,荒川 / basin 83,all_land_use,Na->He,5,drop,1,17,0.058823529411764705
unit_basin,B_830304_83,荒川 / basin 83,all_land_use,Na->He,5,new,9,17,0.5294117647058824
unit_basin,B_830304_83,荒川 / basin 83,all_land_use,Pa->Jo,1,continue,5,24,0.20833333333333334
unit_basin,B_830304_83,荒川 / basin 83,all_land_use,Pa->Jo,1,drop,0,24,0
unit_basin,B_830304_83,荒川 / basin 83,all_land_use,Pa->Jo,1,new,19,24,0.7916666666666666
unit_basin,B_830304_83,荒川 / basin 83,all_land_use,Ya->Ko,3,continue,2,10,0.2
unit_basin,B_830304_83,荒川 / basin 83,all_land_use,Ya->Ko,3,drop,0,10,0
unit_basin,B_830304_83,荒川 / basin 83,all_land_use,Ya->Ko,3,new,8,10,0.8
unit_basin,B_830304_86,荒川 / basin 86,all_land_use,He->Me,6,continue,19,68,0.27941176470588236
unit_basin,B_830304_86,荒川 / basin 86,all_land_use,He->Me,6,drop,38,68,0.5588235294117647
unit_basin,B_830304_86,荒川 / basin 86,all_land_use,He->Me,6,new,11,68,0.16176470588235295
unit_basin,B_830304_86,荒川 / basin 86,all_land_use,Jo->Ya,2,continue,10,97,0.10309278350515463
unit_basin,B_830304_86,荒川 / basin 86,all_land_use,Jo->Ya,2,drop,86,97,0.8865979381443299
unit_basin,B_830304_86,荒川 / basin 86,all_land_use,Jo->Ya,2,new,1,97,0.010309278350515464
unit_basin,B_830304_86,荒川 / basin 86,all_land_use,Ko->Na,4,continue,22,44,0.5
unit_basin,B_830304_86,荒川 / basin 86,all_land_use,Ko->Na,4,drop,10,44,0.22727272727272727
unit_basin,B_830304_86,荒川 / basin 86,all_land_use,Ko->Na,4,new,12,44,0.2727272727272727
unit_basin,B_830304_86,荒川 / basin 86,all_land_use,Na->He,5,continue,27,64,0.421875
unit_basin,B_830304_86,荒川 / basin 86,all_land_use,Na->He,5,drop,7,64,0.109375
unit_basin,B_830304_86,荒川 / basin 86,all_land_use,Na->He,5,new,30,64,0.46875
unit_basin,B_830304_86,荒川 / basin 86,all_land_use,Pa->Jo,1,continue,15,96,0.15625
unit_basin,B_830304_86,荒川 / basin 86,all_land_use,Pa->Jo,1,drop,0,96,0
unit_basin,B_830304_86,荒川 / basin 86,all_land_use,Pa->Jo,1,new,81,96,0.84375
unit_basin,B_830304_86,荒川 / basin 86,all_land_use,Ya->Ko,3,continue,10,33,0.30303030303030304
unit_basin,B_830304_86,荒川 / basin 86,all_land_use,Ya->Ko,3,drop,1,33,0.030303030303030304
unit_basin,B_830304_86,荒川 / basin 86,all_land_use,Ya->Ko,3,new,22,33,0.6666666666666666
unit_basin,B_830304_87,荒川 / basin 87,all_land_use,He->Me,6,continue,1,4,0.25
unit_basin,B_830304_87,荒川 / basin 87,all_land_use,He->Me,6,drop,3,4,0.75
unit_basin,B_830304_87,荒川 / basin 87,all_land_use,He->Me,6,new,0,4,0
unit_basin,B_830304_87,荒川 / basin 87,all_land_use,Jo->Ya,2,continue,1,18,0.05555555555555555
unit_basin,B_830304_87,荒川 / basin 87,all_land_use,Jo->Ya,2,drop,17,18,0.9444444444444444
unit_basin,B_830304_87,荒川 / basin 87,all_land_use,Jo->Ya,2,new,0,18,0
unit_basin,B_830304_87,荒川 / basin 87,all_land_use,Ko->Na,4,continue,0,2,0
unit_basin,B_830304_87,荒川 / basin 87,all_land_use,Ko->Na,4,drop,1,2,0.5
unit_basin,B_830304_87,荒川 / basin 87,all_land_use,Ko->Na,4,new,1,2,0.5
unit_basin,B_830304_87,荒川 / basin 87,all_land_use,Na->He,5,continue,0,5,0
unit_basin,B_830304_87,荒川 / basin 87,all_land_use,Na->He,5,drop,1,5,0.2
unit_basin,B_830304_87,荒川 / basin 87,all_land_use,Na->He,5,new,4,5,0.8
unit_basin,B_830304_87,荒川 / basin 87,all_land_use,Pa->Jo,1,continue,3,18,0.16666666666666666
unit_basin,B_830304_87,荒川 / basin 87,all_land_use,Pa->Jo,1,drop,0,18,0
unit_basin,B_830304_87,荒川 / basin 87,all_land_use,Pa->Jo,1,new,15,18,0.8333333333333334
unit_basin,B_830304_87,荒川 / basin 87,all_land_use,Ya->Ko,3,continue,1,1,1
unit_basin,B_830304_87,荒川 / basin 87,all_land_use,Ya->Ko,3,drop,0,1,0
unit_basin,B_830304_87,荒川 / basin 87,all_land_use,Ya->Ko,3,new,0,1,0
unit_basin,B_830304_88,荒川 / basin 88,all_land_use,He->Me,6,continue,0,8,0
unit_basin,B_830304_88,荒川 / basin 88,all_land_use,He->Me,6,drop,8,8,1
unit_basin,B_830304_88,荒川 / basin 88,all_land_use,He->Me,6,new,0,8,0
unit_basin,B_830304_88,荒川 / basin 88,all_land_use,Jo->Ya,2,continue,2,24,0.08333333333333333
unit_basin,B_830304_88,荒川 / basin 88,all_land_use,Jo->Ya,2,drop,22,24,0.9166666666666666
unit_basin,B_830304_88,荒川 / basin 88,all_land_use,Jo->Ya,2,new,0,24,0
unit_basin,B_830304_88,荒川 / basin 88,all_land_use,Ko->Na,4,continue,1,9,0.1111111111111111
unit_basin,B_830304_88,荒川 / basin 88,all_land_use,Ko->Na,4,drop,8,9,0.8888888888888888
unit_basin,B_830304_88,荒川 / basin 88,all_land_use,Ko->Na,4,new,0,9,0
unit_basin,B_830304_88,荒川 / basin 88,all_land_use,Na->He,5,continue,1,8,0.125
unit_basin,B_830304_88,荒川 / basin 88,all_land_use,Na->He,5,drop,0,8,0
unit_basin,B_830304_88,荒川 / basin 88,all_land_use,Na->He,5,new,7,8,0.875
unit_basin,B_830304_88,荒川 / basin 88,all_land_use,Pa->Jo,1,continue,5,27,0.18518518518518517
unit_basin,B_830304_88,荒川 / basin 88,all_land_use,Pa->Jo,1,drop,3,27,0.1111111111111111
unit_basin,B_830304_88,荒川 / basin 88,all_land_use,Pa->Jo,1,new,19,27,0.7037037037037037
unit_basin,B_830304_88,荒川 / basin 88,all_land_use,Ya->Ko,3,continue,2,9,0.2222222222222222
unit_basin,B_830304_88,荒川 / basin 88,all_land_use,Ya->Ko,3,drop,0,9,0
unit_basin,B_830304_88,荒川 / basin 88,all_land_use,Ya->Ko,3,new,7,9,0.7777777777777778
unit_basin,B_830304_98,荒川 / basin 98,all_land_use,He->Me,6,continue,0,1,0
unit_basin,B_830304_98,荒川 / basin 98,all_land_use,He->Me,6,drop,0,1,0
unit_basin,B_830304_98,荒川 / basin 98,all_land_use,He->Me,6,new,1,1,1
unit_basin,B_830304_98,荒川 / basin 98,all_land_use,Jo->Ya,2,continue,0,1,0
unit_basin,B_830304_98,荒川 / basin 98,all_land_use,Jo->Ya,2,drop,1,1,1
unit_basin,B_830304_98,荒川 / basin 98,all_land_use,Jo->Ya,2,new,0,1,0
unit_basin,B_830304_98,荒川 / basin 98,all_land_use,Pa->Jo,1,continue,1,1,1
unit_basin,B_830304_98,荒川 / basin 98,all_land_use,Pa->Jo,1,drop,0,1,0
unit_basin,B_830304_98,荒川 / basin 98,all_land_use,Pa->Jo,1,new,0,1,0
unit_basin,B_830305_1,多摩川 / basin 1,all_land_use,He->Me,6,continue,0,6,0
unit_basin,B_830305_1,多摩川 / basin 1,all_land_use,He->Me,6,drop,3,6,0.5
unit_basin,B_830305_1,多摩川 / basin 1,all_land_use,He->Me,6,new,3,6,0.5
unit_basin,B_830305_1,多摩川 / basin 1,all_land_use,Ko->Na,4,continue,0,3,0
unit_basin,B_830305_1,多摩川 / basin 1,all_land_use,Ko->Na,4,drop,0,3,0
unit_basin,B_830305_1,多摩川 / basin 1,all_land_use,Ko->Na,4,new,3,3,1
unit_basin,B_830305_1,多摩川 / basin 1,all_land_use,Na->He,5,continue,3,3,1
unit_basin,B_830305_1,多摩川 / basin 1,all_land_use,Na->He,5,drop,0,3,0
unit_basin,B_830305_1,多摩川 / basin 1,all_land_use,Na->He,5,new,0,3,0
unit_basin,B_830305_10,多摩川 / basin 10,all_land_use,He->Me,6,continue,7,24,0.2916666666666667
unit_basin,B_830305_10,多摩川 / basin 10,all_land_use,He->Me,6,drop,13,24,0.5416666666666666
unit_basin,B_830305_10,多摩川 / basin 10,all_land_use,He->Me,6,new,4,24,0.16666666666666666
unit_basin,B_830305_10,多摩川 / basin 10,all_land_use,Jo->Ya,2,continue,6,24,0.25
unit_basin,B_830305_10,多摩川 / basin 10,all_land_use,Jo->Ya,2,drop,15,24,0.625
unit_basin,B_830305_10,多摩川 / basin 10,all_land_use,Jo->Ya,2,new,3,24,0.125
unit_basin,B_830305_10,多摩川 / basin 10,all_land_use,Ko->Na,4,continue,18,63,0.2857142857142857
unit_basin,B_830305_10,多摩川 / basin 10,all_land_use,Ko->Na,4,drop,40,63,0.6349206349206349
unit_basin,B_830305_10,多摩川 / basin 10,all_land_use,Ko->Na,4,new,5,63,0.07936507936507936
unit_basin,B_830305_10,多摩川 / basin 10,all_land_use,Na->He,5,continue,18,25,0.72
unit_basin,B_830305_10,多摩川 / basin 10,all_land_use,Na->He,5,drop,5,25,0.2
unit_basin,B_830305_10,多摩川 / basin 10,all_land_use,Na->He,5,new,2,25,0.08
unit_basin,B_830305_10,多摩川 / basin 10,all_land_use,Pa->Jo,1,continue,8,23,0.34782608695652173
unit_basin,B_830305_10,多摩川 / basin 10,all_land_use,Pa->Jo,1,drop,2,23,0.08695652173913043
unit_basin,B_830305_10,多摩川 / basin 10,all_land_use,Pa->Jo,1,new,13,23,0.5652173913043478
unit_basin,B_830305_10,多摩川 / basin 10,all_land_use,Ya->Ko,3,continue,9,58,0.15517241379310345
unit_basin,B_830305_10,多摩川 / basin 10,all_land_use,Ya->Ko,3,drop,0,58,0
unit_basin,B_830305_10,多摩川 / basin 10,all_land_use,Ya->Ko,3,new,49,58,0.8448275862068966
unit_basin,B_830305_101,多摩川 / basin 101,all_land_use,Jo->Ya,2,continue,0,1,0
unit_basin,B_830305_101,多摩川 / basin 101,all_land_use,Jo->Ya,2,drop,1,1,1
unit_basin,B_830305_101,多摩川 / basin 101,all_land_use,Jo->Ya,2,new,0,1,0
unit_basin,B_830305_101,多摩川 / basin 101,all_land_use,Pa->Jo,1,continue,0,1,0
unit_basin,B_830305_101,多摩川 / basin 101,all_land_use,Pa->Jo,1,drop,0,1,0
unit_basin,B_830305_101,多摩川 / basin 101,all_land_use,Pa->Jo,1,new,1,1,1
unit_basin,B_830305_12,多摩川 / basin 12,all_land_use,He->Me,6,continue,8,25,0.32
unit_basin,B_830305_12,多摩川 / basin 12,all_land_use,He->Me,6,drop,12,25,0.48
unit_basin,B_830305_12,多摩川 / basin 12,all_land_use,He->Me,6,new,5,25,0.2
unit_basin,B_830305_12,多摩川 / basin 12,all_land_use,Jo->Ya,2,continue,6,19,0.3157894736842105
unit_basin,B_830305_12,多摩川 / basin 12,all_land_use,Jo->Ya,2,drop,12,19,0.631578947368421
unit_basin,B_830305_12,多摩川 / basin 12,all_land_use,Jo->Ya,2,new,1,19,0.05263157894736842
unit_basin,B_830305_12,多摩川 / basin 12,all_land_use,Ko->Na,4,continue,16,64,0.25
unit_basin,B_830305_12,多摩川 / basin 12,all_land_use,Ko->Na,4,drop,43,64,0.671875
unit_basin,B_830305_12,多摩川 / basin 12,all_land_use,Ko->Na,4,new,5,64,0.078125
unit_basin,B_830305_12,多摩川 / basin 12,all_land_use,Na->He,5,continue,18,23,0.782608695652174
unit_basin,B_830305_12,多摩川 / basin 12,all_land_use,Na->He,5,drop,3,23,0.13043478260869565
unit_basin,B_830305_12,多摩川 / basin 12,all_land_use,Na->He,5,new,2,23,0.08695652173913043
unit_basin,B_830305_12,多摩川 / basin 12,all_land_use,Pa->Jo,1,continue,4,18,0.2222222222222222
unit_basin,B_830305_12,多摩川 / basin 12,all_land_use,Pa->Jo,1,drop,0,18,0
unit_basin,B_830305_12,多摩川 / basin 12,all_land_use,Pa->Jo,1,new,14,18,0.7777777777777778
unit_basin,B_830305_12,多摩川 / basin 12,all_land_use,Ya->Ko,3,continue,7,59,0.11864406779661017
unit_basin,B_830305_12,多摩川 / basin 12,all_land_use,Ya->Ko,3,drop,0,59,0
unit_basin,B_830305_12,多摩川 / basin 12,all_land_use,Ya->Ko,3,new,52,59,0.8813559322033898
unit_basin,B_830305_13,多摩川 / basin 13,all_land_use,He->Me,6,continue,4,11,0.36363636363636365
unit_basin,B_830305_13,多摩川 / basin 13,all_land_use,He->Me,6,drop,3,11,0.2727272727272727
unit_basin,B_830305_13,多摩川 / basin 13,all_land_use,He->Me,6,new,4,11,0.36363636363636365
unit_basin,B_830305_13,多摩川 / basin 13,all_land_use,Jo->Ya,2,continue,3,9,0.3333333333333333
unit_basin,B_830305_13,多摩川 / basin 13,all_land_use,Jo->Ya,2,drop,6,9,0.6666666666666666
unit_basin,B_830305_13,多摩川 / basin 13,all_land_use,Jo->Ya,2,new,0,9,0
unit_basin,B_830305_13,多摩川 / basin 13,all_land_use,Ko->Na,4,continue,9,30,0.3
unit_basin,B_830305_13,多摩川 / basin 13,all_land_use,Ko->Na,4,drop,21,30,0.7
unit_basin,B_830305_13,多摩川 / basin 13,all_land_use,Ko->Na,4,new,0,30,0
unit_basin,B_830305_13,多摩川 / basin 13,all_land_use,Na->He,5,continue,7,9,0.7777777777777778
unit_basin,B_830305_13,多摩川 / basin 13,all_land_use,Na->He,5,drop,2,9,0.2222222222222222
unit_basin,B_830305_13,多摩川 / basin 13,all_land_use,Na->He,5,new,0,9,0
unit_basin,B_830305_13,多摩川 / basin 13,all_land_use,Pa->Jo,1,continue,2,9,0.2222222222222222
unit_basin,B_830305_13,多摩川 / basin 13,all_land_use,Pa->Jo,1,drop,0,9,0
unit_basin,B_830305_13,多摩川 / basin 13,all_land_use,Pa->Jo,1,new,7,9,0.7777777777777778
unit_basin,B_830305_13,多摩川 / basin 13,all_land_use,Ya->Ko,3,continue,3,30,0.1
unit_basin,B_830305_13,多摩川 / basin 13,all_land_use,Ya->Ko,3,drop,0,30,0
unit_basin,B_830305_13,多摩川 / basin 13,all_land_use,Ya->Ko,3,new,27,30,0.9
unit_basin,B_830305_14,多摩川 / basin 14,all_land_use,He->Me,6,continue,9,19,0.47368421052631576
unit_basin,B_830305_14,多摩川 / basin 14,all_land_use,He->Me,6,drop,7,19,0.3684210526315789
unit_basin,B_830305_14,多摩川 / basin 14,all_land_use,He->Me,6,new,3,19,0.15789473684210525
unit_basin,B_830305_14,多摩川 / basin 14,all_land_use,Jo->Ya,2,continue,6,37,0.16216216216216217
unit_basin,B_830305_14,多摩川 / basin 14,all_land_use,Jo->Ya,2,drop,31,37,0.8378378378378378
unit_basin,B_830305_14,多摩川 / basin 14,all_land_use,Jo->Ya,2,new,0,37,0
unit_basin,B_830305_14,多摩川 / basin 14,all_land_use,Ko->Na,4,continue,9,33,0.2727272727272727
unit_basin,B_830305_14,多摩川 / basin 14,all_land_use,Ko->Na,4,drop,17,33,0.5151515151515151
unit_basin,B_830305_14,多摩川 / basin 14,all_land_use,Ko->Na,4,new,7,33,0.21212121212121213
unit_basin,B_830305_14,多摩川 / basin 14,all_land_use,Na->He,5,continue,13,19,0.6842105263157895
unit_basin,B_830305_14,多摩川 / basin 14,all_land_use,Na->He,5,drop,3,19,0.15789473684210525
unit_basin,B_830305_14,多摩川 / basin 14,all_land_use,Na->He,5,new,3,19,0.15789473684210525
unit_basin,B_830305_14,多摩川 / basin 14,all_land_use,Pa->Jo,1,continue,13,38,0.34210526315789475
unit_basin,B_830305_14,多摩川 / basin 14,all_land_use,Pa->Jo,1,drop,1,38,0.02631578947368421
unit_basin,B_830305_14,多摩川 / basin 14,all_land_use,Pa->Jo,1,new,24,38,0.631578947368421
unit_basin,B_830305_14,多摩川 / basin 14,all_land_use,Ya->Ko,3,continue,6,26,0.23076923076923078
unit_basin,B_830305_14,多摩川 / basin 14,all_land_use,Ya->Ko,3,drop,0,26,0
unit_basin,B_830305_14,多摩川 / basin 14,all_land_use,Ya->Ko,3,new,20,26,0.7692307692307693
unit_basin,B_830305_16,多摩川 / basin 16,all_land_use,He->Me,6,continue,1,4,0.25
unit_basin,B_830305_16,多摩川 / basin 16,all_land_use,He->Me,6,drop,2,4,0.5
unit_basin,B_830305_16,多摩川 / basin 16,all_land_use,He->Me,6,new,1,4,0.25
unit_basin,B_830305_16,多摩川 / basin 16,all_land_use,Jo->Ya,2,continue,1,14,0.07142857142857142
unit_basin,B_830305_16,多摩川 / basin 16,all_land_use,Jo->Ya,2,drop,13,14,0.9285714285714286
unit_basin,B_830305_16,多摩川 / basin 16,all_land_use,Jo->Ya,2,new,0,14,0
unit_basin,B_830305_16,多摩川 / basin 16,all_land_use,Ko->Na,4,continue,1,9,0.1111111111111111
unit_basin,B_830305_16,多摩川 / basin 16,all_land_use,Ko->Na,4,drop,5,9,0.5555555555555556
unit_basin,B_830305_16,多摩川 / basin 16,all_land_use,Ko->Na,4,new,3,9,0.3333333333333333
unit_basin,B_830305_16,多摩川 / basin 16,all_land_use,Na->He,5,continue,3,4,0.75
unit_basin,B_830305_16,多摩川 / basin 16,all_land_use,Na->He,5,drop,1,4,0.25
unit_basin,B_830305_16,多摩川 / basin 16,all_land_use,Na->He,5,new,0,4,0
unit_basin,B_830305_16,多摩川 / basin 16,all_land_use,Pa->Jo,1,continue,8,14,0.5714285714285714
unit_basin,B_830305_16,多摩川 / basin 16,all_land_use,Pa->Jo,1,drop,0,14,0
unit_basin,B_830305_16,多摩川 / basin 16,all_land_use,Pa->Jo,1,new,6,14,0.42857142857142855
unit_basin,B_830305_16,多摩川 / basin 16,all_land_use,Ya->Ko,3,continue,1,6,0.16666666666666666
unit_basin,B_830305_16,多摩川 / basin 16,all_land_use,Ya->Ko,3,drop,0,6,0
unit_basin,B_830305_16,多摩川 / basin 16,all_land_use,Ya->Ko,3,new,5,6,0.8333333333333334
unit_basin,B_830305_17,多摩川 / basin 17,all_land_use,He->Me,6,continue,21,67,0.31343283582089554
unit_basin,B_830305_17,多摩川 / basin 17,all_land_use,He->Me,6,drop,32,67,0.47761194029850745
unit_basin,B_830305_17,多摩川 / basin 17,all_land_use,He->Me,6,new,14,67,0.208955223880597
unit_basin,B_830305_17,多摩川 / basin 17,all_land_use,Jo->Ya,2,continue,7,96,0.07291666666666667
unit_basin,B_830305_17,多摩川 / basin 17,all_land_use,Jo->Ya,2,drop,89,96,0.9270833333333334
unit_basin,B_830305_17,多摩川 / basin 17,all_land_use,Jo->Ya,2,new,0,96,0
unit_basin,B_830305_17,多摩川 / basin 17,all_land_use,Ko->Na,4,continue,14,54,0.25925925925925924
unit_basin,B_830305_17,多摩川 / basin 17,all_land_use,Ko->Na,4,drop,5,54,0.09259259259259259
unit_basin,B_830305_17,多摩川 / basin 17,all_land_use,Ko->Na,4,new,35,54,0.6481481481481481
unit_basin,B_830305_17,多摩川 / basin 17,all_land_use,Na->He,5,continue,41,61,0.6721311475409836
unit_basin,B_830305_17,多摩川 / basin 17,all_land_use,Na->He,5,drop,8,61,0.13114754098360656
unit_basin,B_830305_17,多摩川 / basin 17,all_land_use,Na->He,5,new,12,61,0.19672131147540983
unit_basin,B_830305_17,多摩川 / basin 17,all_land_use,Pa->Jo,1,continue,13,97,0.13402061855670103
unit_basin,B_830305_17,多摩川 / basin 17,all_land_use,Pa->Jo,1,drop,1,97,0.010309278350515464
unit_basin,B_830305_17,多摩川 / basin 17,all_land_use,Pa->Jo,1,new,83,97,0.8556701030927835
unit_basin,B_830305_17,多摩川 / basin 17,all_land_use,Ya->Ko,3,continue,3,23,0.13043478260869565
unit_basin,B_830305_17,多摩川 / basin 17,all_land_use,Ya->Ko,3,drop,4,23,0.17391304347826086
unit_basin,B_830305_17,多摩川 / basin 17,all_land_use,Ya->Ko,3,new,16,23,0.6956521739130435
unit_basin,B_830305_18,多摩川 / basin 18,all_land_use,He->Me,6,continue,14,55,0.2545454545454545
unit_basin,B_830305_18,多摩川 / basin 18,all_land_use,He->Me,6,drop,31,55,0.5636363636363636
unit_basin,B_830305_18,多摩川 / basin 18,all_land_use,He->Me,6,new,10,55,0.18181818181818182
unit_basin,B_830305_18,多摩川 / basin 18,all_land_use,Jo->Ya,2,continue,7,103,0.06796116504854369
unit_basin,B_830305_18,多摩川 / basin 18,all_land_use,Jo->Ya,2,drop,93,103,0.9029126213592233
unit_basin,B_830305_18,多摩川 / basin 18,all_land_use,Jo->Ya,2,new,3,103,0.02912621359223301
unit_basin,B_830305_18,多摩川 / basin 18,all_land_use,Ko->Na,4,continue,23,68,0.3382352941176471
unit_basin,B_830305_18,多摩川 / basin 18,all_land_use,Ko->Na,4,drop,8,68,0.11764705882352941
unit_basin,B_830305_18,多摩川 / basin 18,all_land_use,Ko->Na,4,new,37,68,0.5441176470588235
unit_basin,B_830305_18,多摩川 / basin 18,all_land_use,Na->He,5,continue,43,62,0.6935483870967742
unit_basin,B_830305_18,多摩川 / basin 18,all_land_use,Na->He,5,drop,17,62,0.27419354838709675
unit_basin,B_830305_18,多摩川 / basin 18,all_land_use,Na->He,5,new,2,62,0.03225806451612903
unit_basin,B_830305_18,多摩川 / basin 18,all_land_use,Pa->Jo,1,continue,55,104,0.5288461538461539
unit_basin,B_830305_18,多摩川 / basin 18,all_land_use,Pa->Jo,1,drop,4,104,0.038461538461538464
unit_basin,B_830305_18,多摩川 / basin 18,all_land_use,Pa->Jo,1,new,45,104,0.4326923076923077
unit_basin,B_830305_18,多摩川 / basin 18,all_land_use,Ya->Ko,3,continue,5,36,0.1388888888888889
unit_basin,B_830305_18,多摩川 / basin 18,all_land_use,Ya->Ko,3,drop,5,36,0.1388888888888889
unit_basin,B_830305_18,多摩川 / basin 18,all_land_use,Ya->Ko,3,new,26,36,0.7222222222222222
unit_basin,B_830305_19,多摩川 / basin 19,all_land_use,He->Me,6,continue,7,27,0.25925925925925924
unit_basin,B_830305_19,多摩川 / basin 19,all_land_use,He->Me,6,drop,12,27,0.4444444444444444
unit_basin,B_830305_19,多摩川 / basin 19,all_land_use,He->Me,6,new,8,27,0.2962962962962963
unit_basin,B_830305_19,多摩川 / basin 19,all_land_use,Jo->Ya,2,continue,0,24,0
unit_basin,B_830305_19,多摩川 / basin 19,all_land_use,Jo->Ya,2,drop,24,24,1
unit_basin,B_830305_19,多摩川 / basin 19,all_land_use,Jo->Ya,2,new,0,24,0
unit_basin,B_830305_19,多摩川 / basin 19,all_land_use,Ko->Na,4,continue,3,112,0.026785714285714284
unit_basin,B_830305_19,多摩川 / basin 19,all_land_use,Ko->Na,4,drop,95,112,0.8482142857142857
unit_basin,B_830305_19,多摩川 / basin 19,all_land_use,Ko->Na,4,new,14,112,0.125
unit_basin,B_830305_19,多摩川 / basin 19,all_land_use,Na->He,5,continue,13,23,0.5652173913043478
unit_basin,B_830305_19,多摩川 / basin 19,all_land_use,Na->He,5,drop,4,23,0.17391304347826086
unit_basin,B_830305_19,多摩川 / basin 19,all_land_use,Na->He,5,new,6,23,0.2608695652173913
unit_basin,B_830305_19,多摩川 / basin 19,all_land_use,Pa->Jo,1,continue,6,24,0.25
unit_basin,B_830305_19,多摩川 / basin 19,all_land_use,Pa->Jo,1,drop,0,24,0
unit_basin,B_830305_19,多摩川 / basin 19,all_land_use,Pa->Jo,1,new,18,24,0.75
unit_basin,B_830305_19,多摩川 / basin 19,all_land_use,Ya->Ko,3,continue,0,98,0
unit_basin,B_830305_19,多摩川 / basin 19,all_land_use,Ya->Ko,3,drop,0,98,0
unit_basin,B_830305_19,多摩川 / basin 19,all_land_use,Ya->Ko,3,new,98,98,1
unit_basin,B_830305_2,多摩川 / basin 2,all_land_use,He->Me,6,continue,1,14,0.07142857142857142
unit_basin,B_830305_2,多摩川 / basin 2,all_land_use,He->Me,6,drop,4,14,0.2857142857142857
unit_basin,B_830305_2,多摩川 / basin 2,all_land_use,He->Me,6,new,9,14,0.6428571428571429
unit_basin,B_830305_2,多摩川 / basin 2,all_land_use,Jo->Ya,2,continue,5,14,0.35714285714285715
unit_basin,B_830305_2,多摩川 / basin 2,all_land_use,Jo->Ya,2,drop,5,14,0.35714285714285715
unit_basin,B_830305_2,多摩川 / basin 2,all_land_use,Jo->Ya,2,new,4,14,0.2857142857142857
unit_basin,B_830305_2,多摩川 / basin 2,all_land_use,Ko->Na,4,continue,19,54,0.35185185185185186
unit_basin,B_830305_2,多摩川 / basin 2,all_land_use,Ko->Na,4,drop,29,54,0.5370370370370371
unit_basin,B_830305_2,多摩川 / basin 2,all_land_use,Ko->Na,4,new,6,54,0.1111111111111111
unit_basin,B_830305_2,多摩川 / basin 2,all_land_use,Na->He,5,continue,5,25,0.2
unit_basin,B_830305_2,多摩川 / basin 2,all_land_use,Na->He,5,drop,20,25,0.8
unit_basin,B_830305_2,多摩川 / basin 2,all_land_use,Na->He,5,new,0,25,0
unit_basin,B_830305_2,多摩川 / basin 2,all_land_use,Pa->Jo,1,continue,1,10,0.1
unit_basin,B_830305_2,多摩川 / basin 2,all_land_use,Pa->Jo,1,drop,0,10,0
unit_basin,B_830305_2,多摩川 / basin 2,all_land_use,Pa->Jo,1,new,9,10,0.9
unit_basin,B_830305_2,多摩川 / basin 2,all_land_use,Ya->Ko,3,continue,2,55,0.03636363636363636
unit_basin,B_830305_2,多摩川 / basin 2,all_land_use,Ya->Ko,3,drop,7,55,0.12727272727272726
unit_basin,B_830305_2,多摩川 / basin 2,all_land_use,Ya->Ko,3,new,46,55,0.8363636363636363
unit_basin,B_830305_20,多摩川 / basin 20,all_land_use,He->Me,6,continue,7,16,0.4375
unit_basin,B_830305_20,多摩川 / basin 20,all_land_use,He->Me,6,drop,7,16,0.4375
unit_basin,B_830305_20,多摩川 / basin 20,all_land_use,He->Me,6,new,2,16,0.125
unit_basin,B_830305_20,多摩川 / basin 20,all_land_use,Jo->Ya,2,continue,1,13,0.07692307692307693
unit_basin,B_830305_20,多摩川 / basin 20,all_land_use,Jo->Ya,2,drop,12,13,0.9230769230769231
unit_basin,B_830305_20,多摩川 / basin 20,all_land_use,Jo->Ya,2,new,0,13,0
unit_basin,B_830305_20,多摩川 / basin 20,all_land_use,Ko->Na,4,continue,1,19,0.05263157894736842
unit_basin,B_830305_20,多摩川 / basin 20,all_land_use,Ko->Na,4,drop,12,19,0.631578947368421
unit_basin,B_830305_20,多摩川 / basin 20,all_land_use,Ko->Na,4,new,6,19,0.3157894736842105
unit_basin,B_830305_20,多摩川 / basin 20,all_land_use,Na->He,5,continue,6,15,0.4
unit_basin,B_830305_20,多摩川 / basin 20,all_land_use,Na->He,5,drop,1,15,0.06666666666666667
unit_basin,B_830305_20,多摩川 / basin 20,all_land_use,Na->He,5,new,8,15,0.5333333333333333
unit_basin,B_830305_20,多摩川 / basin 20,all_land_use,Pa->Jo,1,continue,4,14,0.2857142857142857
unit_basin,B_830305_20,多摩川 / basin 20,all_land_use,Pa->Jo,1,drop,1,14,0.07142857142857142
unit_basin,B_830305_20,多摩川 / basin 20,all_land_use,Pa->Jo,1,new,9,14,0.6428571428571429
unit_basin,B_830305_20,多摩川 / basin 20,all_land_use,Ya->Ko,3,continue,1,13,0.07692307692307693
unit_basin,B_830305_20,多摩川 / basin 20,all_land_use,Ya->Ko,3,drop,0,13,0
unit_basin,B_830305_20,多摩川 / basin 20,all_land_use,Ya->Ko,3,new,12,13,0.9230769230769231
unit_basin,B_830305_21,多摩川 / basin 21,all_land_use,He->Me,6,continue,1,2,0.5
unit_basin,B_830305_21,多摩川 / basin 21,all_land_use,He->Me,6,drop,1,2,0.5
unit_basin,B_830305_21,多摩川 / basin 21,all_land_use,He->Me,6,new,0,2,0
unit_basin,B_830305_21,多摩川 / basin 21,all_land_use,Jo->Ya,2,continue,0,2,0
unit_basin,B_830305_21,多摩川 / basin 21,all_land_use,Jo->Ya,2,drop,2,2,1
unit_basin,B_830305_21,多摩川 / basin 21,all_land_use,Jo->Ya,2,new,0,2,0
unit_basin,B_830305_21,多摩川 / basin 21,all_land_use,Ko->Na,4,continue,0,1,0
unit_basin,B_830305_21,多摩川 / basin 21,all_land_use,Ko->Na,4,drop,0,1,0
unit_basin,B_830305_21,多摩川 / basin 21,all_land_use,Ko->Na,4,new,1,1,1
unit_basin,B_830305_21,多摩川 / basin 21,all_land_use,Na->He,5,continue,1,2,0.5
unit_basin,B_830305_21,多摩川 / basin 21,all_land_use,Na->He,5,drop,0,2,0
unit_basin,B_830305_21,多摩川 / basin 21,all_land_use,Na->He,5,new,1,2,0.5
unit_basin,B_830305_21,多摩川 / basin 21,all_land_use,Pa->Jo,1,continue,0,2,0
unit_basin,B_830305_21,多摩川 / basin 21,all_land_use,Pa->Jo,1,drop,0,2,0
unit_basin,B_830305_21,多摩川 / basin 21,all_land_use,Pa->Jo,1,new,2,2,1
unit_basin,B_830305_22,多摩川 / basin 22,all_land_use,He->Me,6,continue,43,147,0.2925170068027211
unit_basin,B_830305_22,多摩川 / basin 22,all_land_use,He->Me,6,drop,79,147,0.5374149659863946
unit_basin,B_830305_22,多摩川 / basin 22,all_land_use,He->Me,6,new,25,147,0.17006802721088435
unit_basin,B_830305_22,多摩川 / basin 22,all_land_use,Jo->Ya,2,continue,7,198,0.03535353535353535
unit_basin,B_830305_22,多摩川 / basin 22,all_land_use,Jo->Ya,2,drop,191,198,0.9646464646464646
unit_basin,B_830305_22,多摩川 / basin 22,all_land_use,Jo->Ya,2,new,0,198,0
unit_basin,B_830305_22,多摩川 / basin 22,all_land_use,Ko->Na,4,continue,8,98,0.08163265306122448
unit_basin,B_830305_22,多摩川 / basin 22,all_land_use,Ko->Na,4,drop,3,98,0.030612244897959183
unit_basin,B_830305_22,多摩川 / basin 22,all_land_use,Ko->Na,4,new,87,98,0.8877551020408163
unit_basin,B_830305_22,多摩川 / basin 22,all_land_use,Na->He,5,continue,89,128,0.6953125
unit_basin,B_830305_22,多摩川 / basin 22,all_land_use,Na->He,5,drop,6,128,0.046875
unit_basin,B_830305_22,多摩川 / basin 22,all_land_use,Na->He,5,new,33,128,0.2578125
unit_basin,B_830305_22,多摩川 / basin 22,all_land_use,Pa->Jo,1,continue,26,199,0.1306532663316583
unit_basin,B_830305_22,多摩川 / basin 22,all_land_use,Pa->Jo,1,drop,1,199,0.005025125628140704
unit_basin,B_830305_22,多摩川 / basin 22,all_land_use,Pa->Jo,1,new,172,199,0.864321608040201
unit_basin,B_830305_22,多摩川 / basin 22,all_land_use,Ya->Ko,3,continue,4,14,0.2857142857142857
unit_basin,B_830305_22,多摩川 / basin 22,all_land_use,Ya->Ko,3,drop,3,14,0.21428571428571427
unit_basin,B_830305_22,多摩川 / basin 22,all_land_use,Ya->Ko,3,new,7,14,0.5
unit_basin,B_830305_23,多摩川 / basin 23,all_land_use,He->Me,6,continue,47,141,0.3333333333333333
unit_basin,B_830305_23,多摩川 / basin 23,all_land_use,He->Me,6,drop,81,141,0.574468085106383
unit_basin,B_830305_23,多摩川 / basin 23,all_land_use,He->Me,6,new,13,141,0.09219858156028368
unit_basin,B_830305_23,多摩川 / basin 23,all_land_use,Jo->Ya,2,continue,9,161,0.055900621118012424
unit_basin,B_830305_23,多摩川 / basin 23,all_land_use,Jo->Ya,2,drop,151,161,0.937888198757764
unit_basin,B_830305_23,多摩川 / basin 23,all_land_use,Jo->Ya,2,new,1,161,0.006211180124223602
unit_basin,B_830305_23,多摩川 / basin 23,all_land_use,Ko->Na,4,continue,26,120,0.21666666666666667
unit_basin,B_830305_23,多摩川 / basin 23,all_land_use,Ko->Na,4,drop,27,120,0.225
unit_basin,B_830305_23,多摩川 / basin 23,all_land_use,Ko->Na,4,new,67,120,0.5583333333333333
unit_basin,B_830305_23,多摩川 / basin 23,all_land_use,Na->He,5,continue,90,131,0.6870229007633588
unit_basin,B_830305_23,多摩川 / basin 23,all_land_use,Na->He,5,drop,3,131,0.022900763358778626
unit_basin,B_830305_23,多摩川 / basin 23,all_land_use,Na->He,5,new,38,131,0.2900763358778626
unit_basin,B_830305_23,多摩川 / basin 23,all_land_use,Pa->Jo,1,continue,23,160,0.14375
unit_basin,B_830305_23,多摩川 / basin 23,all_land_use,Pa->Jo,1,drop,0,160,0
unit_basin,B_830305_23,多摩川 / basin 23,all_land_use,Pa->Jo,1,new,137,160,0.85625
unit_basin,B_830305_23,多摩川 / basin 23,all_land_use,Ya->Ko,3,continue,5,58,0.08620689655172414
unit_basin,B_830305_23,多摩川 / basin 23,all_land_use,Ya->Ko,3,drop,5,58,0.08620689655172414
unit_basin,B_830305_23,多摩川 / basin 23,all_land_use,Ya->Ko,3,new,48,58,0.8275862068965517
unit_basin,B_830305_24,多摩川 / basin 24,all_land_use,He->Me,6,continue,0,2,0
unit_basin,B_830305_24,多摩川 / basin 24,all_land_use,He->Me,6,drop,2,2,1
unit_basin,B_830305_24,多摩川 / basin 24,all_land_use,He->Me,6,new,0,2,0
unit_basin,B_830305_24,多摩川 / basin 24,all_land_use,Jo->Ya,2,continue,0,7,0
unit_basin,B_830305_24,多摩川 / basin 24,all_land_use,Jo->Ya,2,drop,7,7,1
unit_basin,B_830305_24,多摩川 / basin 24,all_land_use,Jo->Ya,2,new,0,7,0
unit_basin,B_830305_24,多摩川 / basin 24,all_land_use,Ko->Na,4,continue,1,2,0.5
unit_basin,B_830305_24,多摩川 / basin 24,all_land_use,Ko->Na,4,drop,1,2,0.5
unit_basin,B_830305_24,多摩川 / basin 24,all_land_use,Ko->Na,4,new,0,2,0
unit_basin,B_830305_24,多摩川 / basin 24,all_land_use,Na->He,5,continue,1,2,0.5
unit_basin,B_830305_24,多摩川 / basin 24,all_land_use,Na->He,5,drop,0,2,0
unit_basin,B_830305_24,多摩川 / basin 24,all_land_use,Na->He,5,new,1,2,0.5
unit_basin,B_830305_24,多摩川 / basin 24,all_land_use,Pa->Jo,1,continue,0,7,0
unit_basin,B_830305_24,多摩川 / basin 24,all_land_use,Pa->Jo,1,drop,0,7,0
unit_basin,B_830305_24,多摩川 / basin 24,all_land_use,Pa->Jo,1,new,7,7,1
unit_basin,B_830305_24,多摩川 / basin 24,all_land_use,Ya->Ko,3,continue,0,2,0
unit_basin,B_830305_24,多摩川 / basin 24,all_land_use,Ya->Ko,3,drop,0,2,0
unit_basin,B_830305_24,多摩川 / basin 24,all_land_use,Ya->Ko,3,new,2,2,1
unit_basin,B_830305_25,多摩川 / basin 25,all_land_use,He->Me,6,continue,4,13,0.3076923076923077
unit_basin,B_830305_25,多摩川 / basin 25,all_land_use,He->Me,6,drop,8,13,0.6153846153846154
unit_basin,B_830305_25,多摩川 / basin 25,all_land_use,He->Me,6,new,1,13,0.07692307692307693
unit_basin,B_830305_25,多摩川 / basin 25,all_land_use,Jo->Ya,2,continue,1,10,0.1
unit_basin,B_830305_25,多摩川 / basin 25,all_land_use,Jo->Ya,2,drop,9,10,0.9
unit_basin,B_830305_25,多摩川 / basin 25,all_land_use,Jo->Ya,2,new,0,10,0
unit_basin,B_830305_25,多摩川 / basin 25,all_land_use,Ko->Na,4,continue,2,28,0.07142857142857142
unit_basin,B_830305_25,多摩川 / basin 25,all_land_use,Ko->Na,4,drop,18,28,0.6428571428571429
unit_basin,B_830305_25,多摩川 / basin 25,all_land_use,Ko->Na,4,new,8,28,0.2857142857142857
unit_basin,B_830305_25,多摩川 / basin 25,all_land_use,Na->He,5,continue,10,12,0.8333333333333334
unit_basin,B_830305_25,多摩川 / basin 25,all_land_use,Na->He,5,drop,0,12,0
unit_basin,B_830305_25,多摩川 / basin 25,all_land_use,Na->He,5,new,2,12,0.16666666666666666
unit_basin,B_830305_25,多摩川 / basin 25,all_land_use,Pa->Jo,1,continue,6,10,0.6
unit_basin,B_830305_25,多摩川 / basin 25,all_land_use,Pa->Jo,1,drop,0,10,0
unit_basin,B_830305_25,多摩川 / basin 25,all_land_use,Pa->Jo,1,new,4,10,0.4
unit_basin,B_830305_25,多摩川 / basin 25,all_land_use,Ya->Ko,3,continue,1,20,0.05
unit_basin,B_830305_25,多摩川 / basin 25,all_land_use,Ya->Ko,3,drop,0,20,0
unit_basin,B_830305_25,多摩川 / basin 25,all_land_use,Ya->Ko,3,new,19,20,0.95
unit_basin,B_830305_26,多摩川 / basin 26,all_land_use,He->Me,6,continue,1,4,0.25
unit_basin,B_830305_26,多摩川 / basin 26,all_land_use,He->Me,6,drop,2,4,0.5
unit_basin,B_830305_26,多摩川 / basin 26,all_land_use,He->Me,6,new,1,4,0.25
unit_basin,B_830305_26,多摩川 / basin 26,all_land_use,Jo->Ya,2,continue,0,6,0
unit_basin,B_830305_26,多摩川 / basin 26,all_land_use,Jo->Ya,2,drop,6,6,1
unit_basin,B_830305_26,多摩川 / basin 26,all_land_use,Jo->Ya,2,new,0,6,0
unit_basin,B_830305_26,多摩川 / basin 26,all_land_use,Ko->Na,4,continue,0,5,0
unit_basin,B_830305_26,多摩川 / basin 26,all_land_use,Ko->Na,4,drop,2,5,0.4
unit_basin,B_830305_26,多摩川 / basin 26,all_land_use,Ko->Na,4,new,3,5,0.6
unit_basin,B_830305_26,多摩川 / basin 26,all_land_use,Na->He,5,continue,3,3,1
unit_basin,B_830305_26,多摩川 / basin 26,all_land_use,Na->He,5,drop,0,3,0
unit_basin,B_830305_26,多摩川 / basin 26,all_land_use,Na->He,5,new,0,3,0
unit_basin,B_830305_26,多摩川 / basin 26,all_land_use,Pa->Jo,1,continue,1,7,0.14285714285714285
unit_basin,B_830305_26,多摩川 / basin 26,all_land_use,Pa->Jo,1,drop,1,7,0.14285714285714285
unit_basin,B_830305_26,多摩川 / basin 26,all_land_use,Pa->Jo,1,new,5,7,0.7142857142857143
unit_basin,B_830305_26,多摩川 / basin 26,all_land_use,Ya->Ko,3,continue,0,2,0
unit_basin,B_830305_26,多摩川 / basin 26,all_land_use,Ya->Ko,3,drop,0,2,0
unit_basin,B_830305_26,多摩川 / basin 26,all_land_use,Ya->Ko,3,new,2,2,1
unit_basin,B_830305_27,多摩川 / basin 27,all_land_use,He->Me,6,continue,7,14,0.5
unit_basin,B_830305_27,多摩川 / basin 27,all_land_use,He->Me,6,drop,2,14,0.14285714285714285
unit_basin,B_830305_27,多摩川 / basin 27,all_land_use,He->Me,6,new,5,14,0.35714285714285715
unit_basin,B_830305_27,多摩川 / basin 27,all_land_use,Jo->Ya,2,continue,2,6,0.3333333333333333
unit_basin,B_830305_27,多摩川 / basin 27,all_land_use,Jo->Ya,2,drop,4,6,0.6666666666666666
unit_basin,B_830305_27,多摩川 / basin 27,all_land_use,Jo->Ya,2,new,0,6,0
unit_basin,B_830305_27,多摩川 / basin 27,all_land_use,Ko->Na,4,continue,5,14,0.35714285714285715
unit_basin,B_830305_27,多摩川 / basin 27,all_land_use,Ko->Na,4,drop,6,14,0.42857142857142855
unit_basin,B_830305_27,多摩川 / basin 27,all_land_use,Ko->Na,4,new,3,14,0.21428571428571427
unit_basin,B_830305_27,多摩川 / basin 27,all_land_use,Na->He,5,continue,5,12,0.4166666666666667
unit_basin,B_830305_27,多摩川 / basin 27,all_land_use,Na->He,5,drop,3,12,0.25
unit_basin,B_830305_27,多摩川 / basin 27,all_land_use,Na->He,5,new,4,12,0.3333333333333333
unit_basin,B_830305_27,多摩川 / basin 27,all_land_use,Pa->Jo,1,continue,2,8,0.25
unit_basin,B_830305_27,多摩川 / basin 27,all_land_use,Pa->Jo,1,drop,2,8,0.25
unit_basin,B_830305_27,多摩川 / basin 27,all_land_use,Pa->Jo,1,new,4,8,0.5
unit_basin,B_830305_27,多摩川 / basin 27,all_land_use,Ya->Ko,3,continue,2,11,0.18181818181818182
unit_basin,B_830305_27,多摩川 / basin 27,all_land_use,Ya->Ko,3,drop,0,11,0
unit_basin,B_830305_27,多摩川 / basin 27,all_land_use,Ya->Ko,3,new,9,11,0.8181818181818182
unit_basin,B_830305_28,多摩川 / basin 28,all_land_use,He->Me,6,continue,43,168,0.25595238095238093
unit_basin,B_830305_28,多摩川 / basin 28,all_land_use,He->Me,6,drop,113,168,0.6726190476190477
unit_basin,B_830305_28,多摩川 / basin 28,all_land_use,He->Me,6,new,12,168,0.07142857142857142
unit_basin,B_830305_28,多摩川 / basin 28,all_land_use,Jo->Ya,2,continue,8,180,0.044444444444444446
unit_basin,B_830305_28,多摩川 / basin 28,all_land_use,Jo->Ya,2,drop,172,180,0.9555555555555556
unit_basin,B_830305_28,多摩川 / basin 28,all_land_use,Jo->Ya,2,new,0,180,0
unit_basin,B_830305_28,多摩川 / basin 28,all_land_use,Ko->Na,4,continue,16,127,0.12598425196850394
unit_basin,B_830305_28,多摩川 / basin 28,all_land_use,Ko->Na,4,drop,6,127,0.047244094488188976
unit_basin,B_830305_28,多摩川 / basin 28,all_land_use,Ko->Na,4,new,105,127,0.8267716535433071
unit_basin,B_830305_28,多摩川 / basin 28,all_land_use,Na->He,5,continue,121,156,0.7756410256410257
unit_basin,B_830305_28,多摩川 / basin 28,all_land_use,Na->He,5,drop,0,156,0
unit_basin,B_830305_28,多摩川 / basin 28,all_land_use,Na->He,5,new,35,156,0.22435897435897437
unit_basin,B_830305_28,多摩川 / basin 28,all_land_use,Pa->Jo,1,continue,22,180,0.12222222222222222
unit_basin,B_830305_28,多摩川 / basin 28,all_land_use,Pa->Jo,1,drop,0,180,0
unit_basin,B_830305_28,多摩川 / basin 28,all_land_use,Pa->Jo,1,new,158,180,0.8777777777777778
unit_basin,B_830305_28,多摩川 / basin 28,all_land_use,Ya->Ko,3,continue,4,26,0.15384615384615385
unit_basin,B_830305_28,多摩川 / basin 28,all_land_use,Ya->Ko,3,drop,4,26,0.15384615384615385
unit_basin,B_830305_28,多摩川 / basin 28,all_land_use,Ya->Ko,3,new,18,26,0.6923076923076923
unit_basin,B_830305_29,多摩川 / basin 29,all_land_use,He->Me,6,continue,1,1,1
unit_basin,B_830305_29,多摩川 / basin 29,all_land_use,He->Me,6,drop,0,1,0
unit_basin,B_830305_29,多摩川 / basin 29,all_land_use,He->Me,6,new,0,1,0
unit_basin,B_830305_29,多摩川 / basin 29,all_land_use,Jo->Ya,2,continue,0,1,0
unit_basin,B_830305_29,多摩川 / basin 29,all_land_use,Jo->Ya,2,drop,1,1,1
unit_basin,B_830305_29,多摩川 / basin 29,all_land_use,Jo->Ya,2,new,0,1,0
unit_basin,B_830305_29,多摩川 / basin 29,all_land_use,Ko->Na,4,continue,1,1,1
unit_basin,B_830305_29,多摩川 / basin 29,all_land_use,Ko->Na,4,drop,0,1,0
unit_basin,B_830305_29,多摩川 / basin 29,all_land_use,Ko->Na,4,new,0,1,0
unit_basin,B_830305_29,多摩川 / basin 29,all_land_use,Na->He,5,continue,1,1,1
unit_basin,B_830305_29,多摩川 / basin 29,all_land_use,Na->He,5,drop,0,1,0
unit_basin,B_830305_29,多摩川 / basin 29,all_land_use,Na->He,5,new,0,1,0
unit_basin,B_830305_29,多摩川 / basin 29,all_land_use,Pa->Jo,1,continue,0,1,0
unit_basin,B_830305_29,多摩川 / basin 29,all_land_use,Pa->Jo,1,drop,0,1,0
unit_basin,B_830305_29,多摩川 / basin 29,all_land_use,Pa->Jo,1,new,1,1,1
unit_basin,B_830305_29,多摩川 / basin 29,all_land_use,Ya->Ko,3,continue,0,1,0
unit_basin,B_830305_29,多摩川 / basin 29,all_land_use,Ya->Ko,3,drop,0,1,0
unit_basin,B_830305_29,多摩川 / basin 29,all_land_use,Ya->Ko,3,new,1,1,1
unit_basin,B_830305_3,多摩川 / basin 3,all_land_use,He->Me,6,continue,0,5,0
unit_basin,B_830305_3,多摩川 / basin 3,all_land_use,He->Me,6,drop,0,5,0
unit_basin,B_830305_3,多摩川 / basin 3,all_land_use,He->Me,6,new,5,5,1
unit_basin,B_830305_3,多摩川 / basin 3,all_land_use,Jo->Ya,2,continue,2,9,0.2222222222222222
unit_basin,B_830305_3,多摩川 / basin 3,all_land_use,Jo->Ya,2,drop,7,9,0.7777777777777778
unit_basin,B_830305_3,多摩川 / basin 3,all_land_use,Jo->Ya,2,new,0,9,0
unit_basin,B_830305_3,多摩川 / basin 3,all_land_use,Ko->Na,4,continue,8,38,0.21052631578947367
unit_basin,B_830305_3,多摩川 / basin 3,all_land_use,Ko->Na,4,drop,30,38,0.7894736842105263
unit_basin,B_830305_3,多摩川 / basin 3,all_land_use,Ko->Na,4,new,0,38,0
unit_basin,B_830305_3,多摩川 / basin 3,all_land_use,Na->He,5,continue,0,8,0
unit_basin,B_830305_3,多摩川 / basin 3,all_land_use,Na->He,5,drop,8,8,1
unit_basin,B_830305_3,多摩川 / basin 3,all_land_use,Na->He,5,new,0,8,0
unit_basin,B_830305_3,多摩川 / basin 3,all_land_use,Pa->Jo,1,continue,3,9,0.3333333333333333
unit_basin,B_830305_3,多摩川 / basin 3,all_land_use,Pa->Jo,1,drop,0,9,0
unit_basin,B_830305_3,多摩川 / basin 3,all_land_use,Pa->Jo,1,new,6,9,0.6666666666666666
unit_basin,B_830305_3,多摩川 / basin 3,all_land_use,Ya->Ko,3,continue,2,38,0.05263157894736842
unit_basin,B_830305_3,多摩川 / basin 3,all_land_use,Ya->Ko,3,drop,0,38,0
unit_basin,B_830305_3,多摩川 / basin 3,all_land_use,Ya->Ko,3,new,36,38,0.9473684210526315
unit_basin,B_830305_30,多摩川 / basin 30,all_land_use,He->Me,6,continue,42,179,0.2346368715083799
unit_basin,B_830305_30,多摩川 / basin 30,all_land_use,He->Me,6,drop,125,179,0.6983240223463687
unit_basin,B_830305_30,多摩川 / basin 30,all_land_use,He->Me,6,new,12,179,0.0670391061452514
unit_basin,B_830305_30,多摩川 / basin 30,all_land_use,Jo->Ya,2,continue,16,174,0.09195402298850575
unit_basin,B_830305_30,多摩川 / basin 30,all_land_use,Jo->Ya,2,drop,156,174,0.896551724137931
unit_basin,B_830305_30,多摩川 / basin 30,all_land_use,Jo->Ya,2,new,2,174,0.011494252873563218
unit_basin,B_830305_30,多摩川 / basin 30,all_land_use,Ko->Na,4,continue,20,101,0.19801980198019803
unit_basin,B_830305_30,多摩川 / basin 30,all_land_use,Ko->Na,4,drop,9,101,0.0891089108910891
unit_basin,B_830305_30,多摩川 / basin 30,all_land_use,Ko->Na,4,new,72,101,0.7128712871287128
unit_basin,B_830305_30,多摩川 / basin 30,all_land_use,Na->He,5,continue,90,169,0.5325443786982249
unit_basin,B_830305_30,多摩川 / basin 30,all_land_use,Na->He,5,drop,2,169,0.011834319526627219
unit_basin,B_830305_30,多摩川 / basin 30,all_land_use,Na->He,5,new,77,169,0.4556213017751479
unit_basin,B_830305_30,多摩川 / basin 30,all_land_use,Pa->Jo,1,continue,30,172,0.1744186046511628
unit_basin,B_830305_30,多摩川 / basin 30,all_land_use,Pa->Jo,1,drop,0,172,0
unit_basin,B_830305_30,多摩川 / basin 30,all_land_use,Pa->Jo,1,new,142,172,0.8255813953488372
unit_basin,B_830305_30,多摩川 / basin 30,all_land_use,Ya->Ko,3,continue,4,43,0.09302325581395349
unit_basin,B_830305_30,多摩川 / basin 30,all_land_use,Ya->Ko,3,drop,14,43,0.32558139534883723
unit_basin,B_830305_30,多摩川 / basin 30,all_land_use,Ya->Ko,3,new,25,43,0.5813953488372093
unit_basin,B_830305_31,多摩川 / basin 31,all_land_use,He->Me,6,continue,0,2,0
unit_basin,B_830305_31,多摩川 / basin 31,all_land_use,He->Me,6,drop,2,2,1
unit_basin,B_830305_31,多摩川 / basin 31,all_land_use,He->Me,6,new,0,2,0
unit_basin,B_830305_31,多摩川 / basin 31,all_land_use,Jo->Ya,2,continue,0,3,0
unit_basin,B_830305_31,多摩川 / basin 31,all_land_use,Jo->Ya,2,drop,3,3,1
unit_basin,B_830305_31,多摩川 / basin 31,all_land_use,Jo->Ya,2,new,0,3,0
unit_basin,B_830305_31,多摩川 / basin 31,all_land_use,Ko->Na,4,continue,0,2,0
unit_basin,B_830305_31,多摩川 / basin 31,all_land_use,Ko->Na,4,drop,1,2,0.5
unit_basin,B_830305_31,多摩川 / basin 31,all_land_use,Ko->Na,4,new,1,2,0.5
unit_basin,B_830305_31,多摩川 / basin 31,all_land_use,Na->He,5,continue,1,2,0.5
unit_basin,B_830305_31,多摩川 / basin 31,all_land_use,Na->He,5,drop,0,2,0
unit_basin,B_830305_31,多摩川 / basin 31,all_land_use,Na->He,5,new,1,2,0.5
unit_basin,B_830305_31,多摩川 / basin 31,all_land_use,Pa->Jo,1,continue,0,3,0
unit_basin,B_830305_31,多摩川 / basin 31,all_land_use,Pa->Jo,1,drop,0,3,0
unit_basin,B_830305_31,多摩川 / basin 31,all_land_use,Pa->Jo,1,new,3,3,1
unit_basin,B_830305_31,多摩川 / basin 31,all_land_use,Ya->Ko,3,continue,0,1,0
unit_basin,B_830305_31,多摩川 / basin 31,all_land_use,Ya->Ko,3,drop,0,1,0
unit_basin,B_830305_31,多摩川 / basin 31,all_land_use,Ya->Ko,3,new,1,1,1
unit_basin,B_830305_32,多摩川 / basin 32,all_land_use,He->Me,6,continue,1,6,0.16666666666666666
unit_basin,B_830305_32,多摩川 / basin 32,all_land_use,He->Me,6,drop,5,6,0.8333333333333334
unit_basin,B_830305_32,多摩川 / basin 32,all_land_use,He->Me,6,new,0,6,0
unit_basin,B_830305_32,多摩川 / basin 32,all_land_use,Jo->Ya,2,continue,1,7,0.14285714285714285
unit_basin,B_830305_32,多摩川 / basin 32,all_land_use,Jo->Ya,2,drop,6,7,0.8571428571428571
unit_basin,B_830305_32,多摩川 / basin 32,all_land_use,Jo->Ya,2,new,0,7,0
unit_basin,B_830305_32,多摩川 / basin 32,all_land_use,Ko->Na,4,continue,0,2,0
unit_basin,B_830305_32,多摩川 / basin 32,all_land_use,Ko->Na,4,drop,0,2,0
unit_basin,B_830305_32,多摩川 / basin 32,all_land_use,Ko->Na,4,new,2,2,1
unit_basin,B_830305_32,多摩川 / basin 32,all_land_use,Na->He,5,continue,2,6,0.3333333333333333
unit_basin,B_830305_32,多摩川 / basin 32,all_land_use,Na->He,5,drop,0,6,0
unit_basin,B_830305_32,多摩川 / basin 32,all_land_use,Na->He,5,new,4,6,0.6666666666666666
unit_basin,B_830305_32,多摩川 / basin 32,all_land_use,Pa->Jo,1,continue,0,7,0
unit_basin,B_830305_32,多摩川 / basin 32,all_land_use,Pa->Jo,1,drop,0,7,0
unit_basin,B_830305_32,多摩川 / basin 32,all_land_use,Pa->Jo,1,new,7,7,1
unit_basin,B_830305_32,多摩川 / basin 32,all_land_use,Ya->Ko,3,continue,0,1,0
unit_basin,B_830305_32,多摩川 / basin 32,all_land_use,Ya->Ko,3,drop,1,1,1
unit_basin,B_830305_32,多摩川 / basin 32,all_land_use,Ya->Ko,3,new,0,1,0
unit_basin,B_830305_33,多摩川 / basin 33,all_land_use,He->Me,6,continue,2,26,0.07692307692307693
unit_basin,B_830305_33,多摩川 / basin 33,all_land_use,He->Me,6,drop,23,26,0.8846153846153846
unit_basin,B_830305_33,多摩川 / basin 33,all_land_use,He->Me,6,new,1,26,0.038461538461538464
unit_basin,B_830305_33,多摩川 / basin 33,all_land_use,Jo->Ya,2,continue,1,31,0.03225806451612903
unit_basin,B_830305_33,多摩川 / basin 33,all_land_use,Jo->Ya,2,drop,30,31,0.967741935483871
unit_basin,B_830305_33,多摩川 / basin 33,all_land_use,Jo->Ya,2,new,0,31,0
unit_basin,B_830305_33,多摩川 / basin 33,all_land_use,Ko->Na,4,continue,3,22,0.13636363636363635
unit_basin,B_830305_33,多摩川 / basin 33,all_land_use,Ko->Na,4,drop,7,22,0.3181818181818182
unit_basin,B_830305_33,多摩川 / basin 33,all_land_use,Ko->Na,4,new,12,22,0.5454545454545454
unit_basin,B_830305_33,多摩川 / basin 33,all_land_use,Na->He,5,continue,12,28,0.42857142857142855
unit_basin,B_830305_33,多摩川 / basin 33,all_land_use,Na->He,5,drop,3,28,0.10714285714285714
unit_basin,B_830305_33,多摩川 / basin 33,all_land_use,Na->He,5,new,13,28,0.4642857142857143
unit_basin,B_830305_33,多摩川 / basin 33,all_land_use,Pa->Jo,1,continue,2,31,0.06451612903225806
unit_basin,B_830305_33,多摩川 / basin 33,all_land_use,Pa->Jo,1,drop,0,31,0
unit_basin,B_830305_33,多摩川 / basin 33,all_land_use,Pa->Jo,1,new,29,31,0.9354838709677419
unit_basin,B_830305_33,多摩川 / basin 33,all_land_use,Ya->Ko,3,continue,1,10,0.1
unit_basin,B_830305_33,多摩川 / basin 33,all_land_use,Ya->Ko,3,drop,0,10,0
unit_basin,B_830305_33,多摩川 / basin 33,all_land_use,Ya->Ko,3,new,9,10,0.9
unit_basin,B_830305_34,多摩川 / basin 34,all_land_use,He->Me,6,continue,1,10,0.1
unit_basin,B_830305_34,多摩川 / basin 34,all_land_use,He->Me,6,drop,4,10,0.4
unit_basin,B_830305_34,多摩川 / basin 34,all_land_use,He->Me,6,new,5,10,0.5
unit_basin,B_830305_34,多摩川 / basin 34,all_land_use,Jo->Ya,2,continue,3,33,0.09090909090909091
unit_basin,B_830305_34,多摩川 / basin 34,all_land_use,Jo->Ya,2,drop,30,33,0.9090909090909091
unit_basin,B_830305_34,多摩川 / basin 34,all_land_use,Jo->Ya,2,new,0,33,0
unit_basin,B_830305_34,多摩川 / basin 34,all_land_use,Ko->Na,4,continue,1,10,0.1
unit_basin,B_830305_34,多摩川 / basin 34,all_land_use,Ko->Na,4,drop,7,10,0.7
unit_basin,B_830305_34,多摩川 / basin 34,all_land_use,Ko->Na,4,new,2,10,0.2
unit_basin,B_830305_34,多摩川 / basin 34,all_land_use,Na->He,5,continue,1,7,0.14285714285714285
unit_basin,B_830305_34,多摩川 / basin 34,all_land_use,Na->He,5,drop,2,7,0.2857142857142857
unit_basin,B_830305_34,多摩川 / basin 34,all_land_use,Na->He,5,new,4,7,0.5714285714285714
unit_basin,B_830305_34,多摩川 / basin 34,all_land_use,Pa->Jo,1,continue,5,38,0.13157894736842105
unit_basin,B_830305_34,多摩川 / basin 34,all_land_use,Pa->Jo,1,drop,5,38,0.13157894736842105
unit_basin,B_830305_34,多摩川 / basin 34,all_land_use,Pa->Jo,1,new,28,38,0.7368421052631579
unit_basin,B_830305_34,多摩川 / basin 34,all_land_use,Ya->Ko,3,continue,2,9,0.2222222222222222
unit_basin,B_830305_34,多摩川 / basin 34,all_land_use,Ya->Ko,3,drop,1,9,0.1111111111111111
unit_basin,B_830305_34,多摩川 / basin 34,all_land_use,Ya->Ko,3,new,6,9,0.6666666666666666
unit_basin,B_830305_35,多摩川 / basin 35,all_land_use,He->Me,6,continue,13,58,0.22413793103448276
unit_basin,B_830305_35,多摩川 / basin 35,all_land_use,He->Me,6,drop,36,58,0.6206896551724138
unit_basin,B_830305_35,多摩川 / basin 35,all_land_use,He->Me,6,new,9,58,0.15517241379310345
unit_basin,B_830305_35,多摩川 / basin 35,all_land_use,Jo->Ya,2,continue,12,63,0.19047619047619047
unit_basin,B_830305_35,多摩川 / basin 35,all_land_use,Jo->Ya,2,drop,51,63,0.8095238095238095
unit_basin,B_830305_35,多摩川 / basin 35,all_land_use,Jo->Ya,2,new,0,63,0
unit_basin,B_830305_35,多摩川 / basin 35,all_land_use,Ko->Na,4,continue,15,47,0.3191489361702128
unit_basin,B_830305_35,多摩川 / basin 35,all_land_use,Ko->Na,4,drop,21,47,0.44680851063829785
unit_basin,B_830305_35,多摩川 / basin 35,all_land_use,Ko->Na,4,new,11,47,0.23404255319148937
unit_basin,B_830305_35,多摩川 / basin 35,all_land_use,Na->He,5,continue,22,53,0.41509433962264153
unit_basin,B_830305_35,多摩川 / basin 35,all_land_use,Na->He,5,drop,4,53,0.07547169811320754
unit_basin,B_830305_35,多摩川 / basin 35,all_land_use,Na->He,5,new,27,53,0.5094339622641509
unit_basin,B_830305_35,多摩川 / basin 35,all_land_use,Pa->Jo,1,continue,8,64,0.125
unit_basin,B_830305_35,多摩川 / basin 35,all_land_use,Pa->Jo,1,drop,1,64,0.015625
unit_basin,B_830305_35,多摩川 / basin 35,all_land_use,Pa->Jo,1,new,55,64,0.859375
unit_basin,B_830305_35,多摩川 / basin 35,all_land_use,Ya->Ko,3,continue,8,40,0.2
unit_basin,B_830305_35,多摩川 / basin 35,all_land_use,Ya->Ko,3,drop,4,40,0.1
unit_basin,B_830305_35,多摩川 / basin 35,all_land_use,Ya->Ko,3,new,28,40,0.7
unit_basin,B_830305_36,多摩川 / basin 36,all_land_use,He->Me,6,continue,7,74,0.0945945945945946
unit_basin,B_830305_36,多摩川 / basin 36,all_land_use,He->Me,6,drop,63,74,0.8513513513513513
unit_basin,B_830305_36,多摩川 / basin 36,all_land_use,He->Me,6,new,4,74,0.05405405405405406
unit_basin,B_830305_36,多摩川 / basin 36,all_land_use,Jo->Ya,2,continue,4,48,0.08333333333333333
unit_basin,B_830305_36,多摩川 / basin 36,all_land_use,Jo->Ya,2,drop,44,48,0.9166666666666666
unit_basin,B_830305_36,多摩川 / basin 36,all_land_use,Jo->Ya,2,new,0,48,0
unit_basin,B_830305_36,多摩川 / basin 36,all_land_use,Ko->Na,4,continue,4,16,0.25
unit_basin,B_830305_36,多摩川 / basin 36,all_land_use,Ko->Na,4,drop,9,16,0.5625
unit_basin,B_830305_36,多摩川 / basin 36,all_land_use,Ko->Na,4,new,3,16,0.1875
unit_basin,B_830305_36,多摩川 / basin 36,all_land_use,Na->He,5,continue,7,70,0.1
unit_basin,B_830305_36,多摩川 / basin 36,all_land_use,Na->He,5,drop,0,70,0
unit_basin,B_830305_36,多摩川 / basin 36,all_land_use,Na->He,5,new,63,70,0.9
unit_basin,B_830305_36,多摩川 / basin 36,all_land_use,Pa->Jo,1,continue,5,48,0.10416666666666667
unit_basin,B_830305_36,多摩川 / basin 36,all_land_use,Pa->Jo,1,drop,0,48,0
unit_basin,B_830305_36,多摩川 / basin 36,all_land_use,Pa->Jo,1,new,43,48,0.8958333333333334
unit_basin,B_830305_36,多摩川 / basin 36,all_land_use,Ya->Ko,3,continue,4,13,0.3076923076923077
unit_basin,B_830305_36,多摩川 / basin 36,all_land_use,Ya->Ko,3,drop,0,13,0
unit_basin,B_830305_36,多摩川 / basin 36,all_land_use,Ya->Ko,3,new,9,13,0.6923076923076923
unit_basin,B_830305_37,多摩川 / basin 37,all_land_use,He->Me,6,continue,0,4,0
unit_basin,B_830305_37,多摩川 / basin 37,all_land_use,He->Me,6,drop,3,4,0.75
unit_basin,B_830305_37,多摩川 / basin 37,all_land_use,He->Me,6,new,1,4,0.25
unit_basin,B_830305_37,多摩川 / basin 37,all_land_use,Jo->Ya,2,continue,3,7,0.42857142857142855
unit_basin,B_830305_37,多摩川 / basin 37,all_land_use,Jo->Ya,2,drop,3,7,0.42857142857142855
unit_basin,B_830305_37,多摩川 / basin 37,all_land_use,Jo->Ya,2,new,1,7,0.14285714285714285
unit_basin,B_830305_37,多摩川 / basin 37,all_land_use,Ko->Na,4,continue,1,4,0.25
unit_basin,B_830305_37,多摩川 / basin 37,all_land_use,Ko->Na,4,drop,2,4,0.5
unit_basin,B_830305_37,多摩川 / basin 37,all_land_use,Ko->Na,4,new,1,4,0.25
unit_basin,B_830305_37,多摩川 / basin 37,all_land_use,Na->He,5,continue,2,3,0.6666666666666666
unit_basin,B_830305_37,多摩川 / basin 37,all_land_use,Na->He,5,drop,0,3,0
unit_basin,B_830305_37,多摩川 / basin 37,all_land_use,Na->He,5,new,1,3,0.3333333333333333
unit_basin,B_830305_37,多摩川 / basin 37,all_land_use,Pa->Jo,1,continue,0,6,0
unit_basin,B_830305_37,多摩川 / basin 37,all_land_use,Pa->Jo,1,drop,0,6,0
unit_basin,B_830305_37,多摩川 / basin 37,all_land_use,Pa->Jo,1,new,6,6,1
unit_basin,B_830305_37,多摩川 / basin 37,all_land_use,Ya->Ko,3,continue,1,6,0.16666666666666666
unit_basin,B_830305_37,多摩川 / basin 37,all_land_use,Ya->Ko,3,drop,3,6,0.5
unit_basin,B_830305_37,多摩川 / basin 37,all_land_use,Ya->Ko,3,new,2,6,0.3333333333333333
unit_basin,B_830305_38,多摩川 / basin 38,all_land_use,He->Me,6,continue,2,4,0.5
unit_basin,B_830305_38,多摩川 / basin 38,all_land_use,He->Me,6,drop,2,4,0.5
unit_basin,B_830305_38,多摩川 / basin 38,all_land_use,He->Me,6,new,0,4,0
unit_basin,B_830305_38,多摩川 / basin 38,all_land_use,Jo->Ya,2,continue,1,5,0.2
unit_basin,B_830305_38,多摩川 / basin 38,all_land_use,Jo->Ya,2,drop,4,5,0.8
unit_basin,B_830305_38,多摩川 / basin 38,all_land_use,Jo->Ya,2,new,0,5,0
unit_basin,B_830305_38,多摩川 / basin 38,all_land_use,Ko->Na,4,continue,3,4,0.75
unit_basin,B_830305_38,多摩川 / basin 38,all_land_use,Ko->Na,4,drop,1,4,0.25
unit_basin,B_830305_38,多摩川 / basin 38,all_land_use,Ko->Na,4,new,0,4,0
unit_basin,B_830305_38,多摩川 / basin 38,all_land_use,Na->He,5,continue,3,4,0.75
unit_basin,B_830305_38,多摩川 / basin 38,all_land_use,Na->He,5,drop,0,4,0
unit_basin,B_830305_38,多摩川 / basin 38,all_land_use,Na->He,5,new,1,4,0.25
unit_basin,B_830305_38,多摩川 / basin 38,all_land_use,Pa->Jo,1,continue,0,5,0
unit_basin,B_830305_38,多摩川 / basin 38,all_land_use,Pa->Jo,1,drop,0,5,0
unit_basin,B_830305_38,多摩川 / basin 38,all_land_use,Pa->Jo,1,new,5,5,1
unit_basin,B_830305_38,多摩川 / basin 38,all_land_use,Ya->Ko,3,continue,1,4,0.25
unit_basin,B_830305_38,多摩川 / basin 38,all_land_use,Ya->Ko,3,drop,0,4,0
unit_basin,B_830305_38,多摩川 / basin 38,all_land_use,Ya->Ko,3,new,3,4,0.75
unit_basin,B_830305_39,多摩川 / basin 39,all_land_use,He->Me,6,continue,0,3,0
unit_basin,B_830305_39,多摩川 / basin 39,all_land_use,He->Me,6,drop,1,3,0.3333333333333333
unit_basin,B_830305_39,多摩川 / basin 39,all_land_use,He->Me,6,new,2,3,0.6666666666666666
unit_basin,B_830305_39,多摩川 / basin 39,all_land_use,Jo->Ya,2,continue,0,2,0
unit_basin,B_830305_39,多摩川 / basin 39,all_land_use,Jo->Ya,2,drop,2,2,1
unit_basin,B_830305_39,多摩川 / basin 39,all_land_use,Jo->Ya,2,new,0,2,0
unit_basin,B_830305_39,多摩川 / basin 39,all_land_use,Na->He,5,continue,0,1,0
unit_basin,B_830305_39,多摩川 / basin 39,all_land_use,Na->He,5,drop,0,1,0
unit_basin,B_830305_39,多摩川 / basin 39,all_land_use,Na->He,5,new,1,1,1
unit_basin,B_830305_39,多摩川 / basin 39,all_land_use,Pa->Jo,1,continue,0,2,0
unit_basin,B_830305_39,多摩川 / basin 39,all_land_use,Pa->Jo,1,drop,0,2,0
unit_basin,B_830305_39,多摩川 / basin 39,all_land_use,Pa->Jo,1,new,2,2,1
unit_basin,B_830305_40,多摩川 / basin 40,all_land_use,He->Me,6,continue,12,47,0.2553191489361702
unit_basin,B_830305_40,多摩川 / basin 40,all_land_use,He->Me,6,drop,30,47,0.6382978723404256
unit_basin,B_830305_40,多摩川 / basin 40,all_land_use,He->Me,6,new,5,47,0.10638297872340426
unit_basin,B_830305_40,多摩川 / basin 40,all_land_use,Jo->Ya,2,continue,17,59,0.288135593220339
unit_basin,B_830305_40,多摩川 / basin 40,all_land_use,Jo->Ya,2,drop,42,59,0.711864406779661
unit_basin,B_830305_40,多摩川 / basin 40,all_land_use,Jo->Ya,2,new,0,59,0
unit_basin,B_830305_40,多摩川 / basin 40,all_land_use,Ko->Na,4,continue,13,35,0.37142857142857144
unit_basin,B_830305_40,多摩川 / basin 40,all_land_use,Ko->Na,4,drop,14,35,0.4
unit_basin,B_830305_40,多摩川 / basin 40,all_land_use,Ko->Na,4,new,8,35,0.22857142857142856
unit_basin,B_830305_40,多摩川 / basin 40,all_land_use,Na->He,5,continue,21,42,0.5
unit_basin,B_830305_40,多摩川 / basin 40,all_land_use,Na->He,5,drop,0,42,0
unit_basin,B_830305_40,多摩川 / basin 40,all_land_use,Na->He,5,new,21,42,0.5
unit_basin,B_830305_40,多摩川 / basin 40,all_land_use,Pa->Jo,1,continue,13,59,0.22033898305084745
unit_basin,B_830305_40,多摩川 / basin 40,all_land_use,Pa->Jo,1,drop,0,59,0
unit_basin,B_830305_40,多摩川 / basin 40,all_land_use,Pa->Jo,1,new,46,59,0.7796610169491526
unit_basin,B_830305_40,多摩川 / basin 40,all_land_use,Ya->Ko,3,continue,10,34,0.29411764705882354
unit_basin,B_830305_40,多摩川 / basin 40,all_land_use,Ya->Ko,3,drop,7,34,0.20588235294117646
unit_basin,B_830305_40,多摩川 / basin 40,all_land_use,Ya->Ko,3,new,17,34,0.5
unit_basin,B_830305_41,多摩川 / basin 41,all_land_use,He->Me,6,continue,1,9,0.1111111111111111
unit_basin,B_830305_41,多摩川 / basin 41,all_land_use,He->Me,6,drop,8,9,0.8888888888888888
unit_basin,B_830305_41,多摩川 / basin 41,all_land_use,He->Me,6,new,0,9,0
unit_basin,B_830305_41,多摩川 / basin 41,all_land_use,Jo->Ya,2,continue,4,8,0.5
unit_basin,B_830305_41,多摩川 / basin 41,all_land_use,Jo->Ya,2,drop,4,8,0.5
unit_basin,B_830305_41,多摩川 / basin 41,all_land_use,Jo->Ya,2,new,0,8,0
unit_basin,B_830305_41,多摩川 / basin 41,all_land_use,Ko->Na,4,continue,2,10,0.2
unit_basin,B_830305_41,多摩川 / basin 41,all_land_use,Ko->Na,4,drop,7,10,0.7
unit_basin,B_830305_41,多摩川 / basin 41,all_land_use,Ko->Na,4,new,1,10,0.1
unit_basin,B_830305_41,多摩川 / basin 41,all_land_use,Na->He,5,continue,3,9,0.3333333333333333
unit_basin,B_830305_41,多摩川 / basin 41,all_land_use,Na->He,5,drop,0,9,0
unit_basin,B_830305_41,多摩川 / basin 41,all_land_use,Na->He,5,new,6,9,0.6666666666666666
unit_basin,B_830305_41,多摩川 / basin 41,all_land_use,Pa->Jo,1,continue,0,8,0
unit_basin,B_830305_41,多摩川 / basin 41,all_land_use,Pa->Jo,1,drop,0,8,0
unit_basin,B_830305_41,多摩川 / basin 41,all_land_use,Pa->Jo,1,new,8,8,1
unit_basin,B_830305_41,多摩川 / basin 41,all_land_use,Ya->Ko,3,continue,4,9,0.4444444444444444
unit_basin,B_830305_41,多摩川 / basin 41,all_land_use,Ya->Ko,3,drop,0,9,0
unit_basin,B_830305_41,多摩川 / basin 41,all_land_use,Ya->Ko,3,new,5,9,0.5555555555555556
unit_basin,B_830305_42,多摩川 / basin 42,all_land_use,He->Me,6,continue,0,5,0
unit_basin,B_830305_42,多摩川 / basin 42,all_land_use,He->Me,6,drop,4,5,0.8
unit_basin,B_830305_42,多摩川 / basin 42,all_land_use,He->Me,6,new,1,5,0.2
unit_basin,B_830305_42,多摩川 / basin 42,all_land_use,Jo->Ya,2,continue,0,21,0
unit_basin,B_830305_42,多摩川 / basin 42,all_land_use,Jo->Ya,2,drop,21,21,1
unit_basin,B_830305_42,多摩川 / basin 42,all_land_use,Jo->Ya,2,new,0,21,0
unit_basin,B_830305_42,多摩川 / basin 42,all_land_use,Ko->Na,4,continue,1,5,0.2
unit_basin,B_830305_42,多摩川 / basin 42,all_land_use,Ko->Na,4,drop,3,5,0.6
unit_basin,B_830305_42,多摩川 / basin 42,all_land_use,Ko->Na,4,new,1,5,0.2
unit_basin,B_830305_42,多摩川 / basin 42,all_land_use,Na->He,5,continue,1,5,0.2
unit_basin,B_830305_42,多摩川 / basin 42,all_land_use,Na->He,5,drop,1,5,0.2
unit_basin,B_830305_42,多摩川 / basin 42,all_land_use,Na->He,5,new,3,5,0.6
unit_basin,B_830305_42,多摩川 / basin 42,all_land_use,Pa->Jo,1,continue,0,21,0
unit_basin,B_830305_42,多摩川 / basin 42,all_land_use,Pa->Jo,1,drop,0,21,0
unit_basin,B_830305_42,多摩川 / basin 42,all_land_use,Pa->Jo,1,new,21,21,1
unit_basin,B_830305_42,多摩川 / basin 42,all_land_use,Ya->Ko,3,continue,0,4,0
unit_basin,B_830305_42,多摩川 / basin 42,all_land_use,Ya->Ko,3,drop,0,4,0
unit_basin,B_830305_42,多摩川 / basin 42,all_land_use,Ya->Ko,3,new,4,4,1
unit_basin,B_830305_43,多摩川 / basin 43,all_land_use,He->Me,6,continue,7,29,0.2413793103448276
unit_basin,B_830305_43,多摩川 / basin 43,all_land_use,He->Me,6,drop,9,29,0.3103448275862069
unit_basin,B_830305_43,多摩川 / basin 43,all_land_use,He->Me,6,new,13,29,0.4482758620689655
unit_basin,B_830305_43,多摩川 / basin 43,all_land_use,Jo->Ya,2,continue,4,46,0.08695652173913043
unit_basin,B_830305_43,多摩川 / basin 43,all_land_use,Jo->Ya,2,drop,41,46,0.8913043478260869
unit_basin,B_830305_43,多摩川 / basin 43,all_land_use,Jo->Ya,2,new,1,46,0.021739130434782608
unit_basin,B_830305_43,多摩川 / basin 43,all_land_use,Ko->Na,4,continue,5,25,0.2
unit_basin,B_830305_43,多摩川 / basin 43,all_land_use,Ko->Na,4,drop,17,25,0.68
unit_basin,B_830305_43,多摩川 / basin 43,all_land_use,Ko->Na,4,new,3,25,0.12
unit_basin,B_830305_43,多摩川 / basin 43,all_land_use,Na->He,5,continue,7,17,0.4117647058823529
unit_basin,B_830305_43,多摩川 / basin 43,all_land_use,Na->He,5,drop,1,17,0.058823529411764705
unit_basin,B_830305_43,多摩川 / basin 43,all_land_use,Na->He,5,new,9,17,0.5294117647058824
unit_basin,B_830305_43,多摩川 / basin 43,all_land_use,Pa->Jo,1,continue,2,45,0.044444444444444446
unit_basin,B_830305_43,多摩川 / basin 43,all_land_use,Pa->Jo,1,drop,0,45,0
unit_basin,B_830305_43,多摩川 / basin 43,all_land_use,Pa->Jo,1,new,43,45,0.9555555555555556
unit_basin,B_830305_43,多摩川 / basin 43,all_land_use,Ya->Ko,3,continue,3,24,0.125
unit_basin,B_830305_43,多摩川 / basin 43,all_land_use,Ya->Ko,3,drop,2,24,0.08333333333333333
unit_basin,B_830305_43,多摩川 / basin 43,all_land_use,Ya->Ko,3,new,19,24,0.7916666666666666
unit_basin,B_830305_44,多摩川 / basin 44,all_land_use,He->Me,6,continue,1,5,0.2
unit_basin,B_830305_44,多摩川 / basin 44,all_land_use,He->Me,6,drop,3,5,0.6
unit_basin,B_830305_44,多摩川 / basin 44,all_land_use,He->Me,6,new,1,5,0.2
unit_basin,B_830305_44,多摩川 / basin 44,all_land_use,Jo->Ya,2,continue,1,14,0.07142857142857142
unit_basin,B_830305_44,多摩川 / basin 44,all_land_use,Jo->Ya,2,drop,13,14,0.9285714285714286
unit_basin,B_830305_44,多摩川 / basin 44,all_land_use,Jo->Ya,2,new,0,14,0
unit_basin,B_830305_44,多摩川 / basin 44,all_land_use,Ko->Na,4,continue,2,9,0.2222222222222222
unit_basin,B_830305_44,多摩川 / basin 44,all_land_use,Ko->Na,4,drop,6,9,0.6666666666666666
unit_basin,B_830305_44,多摩川 / basin 44,all_land_use,Ko->Na,4,new,1,9,0.1111111111111111
unit_basin,B_830305_44,多摩川 / basin 44,all_land_use,Na->He,5,continue,3,4,0.75
unit_basin,B_830305_44,多摩川 / basin 44,all_land_use,Na->He,5,drop,0,4,0
unit_basin,B_830305_44,多摩川 / basin 44,all_land_use,Na->He,5,new,1,4,0.25
unit_basin,B_830305_44,多摩川 / basin 44,all_land_use,Pa->Jo,1,continue,0,14,0
unit_basin,B_830305_44,多摩川 / basin 44,all_land_use,Pa->Jo,1,drop,0,14,0
unit_basin,B_830305_44,多摩川 / basin 44,all_land_use,Pa->Jo,1,new,14,14,1
unit_basin,B_830305_44,多摩川 / basin 44,all_land_use,Ya->Ko,3,continue,1,8,0.125
unit_basin,B_830305_44,多摩川 / basin 44,all_land_use,Ya->Ko,3,drop,0,8,0
unit_basin,B_830305_44,多摩川 / basin 44,all_land_use,Ya->Ko,3,new,7,8,0.875
unit_basin,B_830305_45,多摩川 / basin 45,all_land_use,He->Me,6,continue,0,1,0
unit_basin,B_830305_45,多摩川 / basin 45,all_land_use,He->Me,6,drop,0,1,0
unit_basin,B_830305_45,多摩川 / basin 45,all_land_use,He->Me,6,new,1,1,1
unit_basin,B_830305_46,多摩川 / basin 46,all_land_use,He->Me,6,continue,0,36,0
unit_basin,B_830305_46,多摩川 / basin 46,all_land_use,He->Me,6,drop,28,36,0.7777777777777778
unit_basin,B_830305_46,多摩川 / basin 46,all_land_use,He->Me,6,new,8,36,0.2222222222222222
unit_basin,B_830305_46,多摩川 / basin 46,all_land_use,Jo->Ya,2,continue,1,71,0.014084507042253521
unit_basin,B_830305_46,多摩川 / basin 46,all_land_use,Jo->Ya,2,drop,70,71,0.9859154929577465
unit_basin,B_830305_46,多摩川 / basin 46,all_land_use,Jo->Ya,2,new,0,71,0
unit_basin,B_830305_46,多摩川 / basin 46,all_land_use,Ko->Na,4,continue,0,22,0
unit_basin,B_830305_46,多摩川 / basin 46,all_land_use,Ko->Na,4,drop,0,22,0
unit_basin,B_830305_46,多摩川 / basin 46,all_land_use,Ko->Na,4,new,22,22,1
unit_basin,B_830305_46,多摩川 / basin 46,all_land_use,Na->He,5,continue,22,28,0.7857142857142857
unit_basin,B_830305_46,多摩川 / basin 46,all_land_use,Na->He,5,drop,0,28,0
unit_basin,B_830305_46,多摩川 / basin 46,all_land_use,Na->He,5,new,6,28,0.21428571428571427
unit_basin,B_830305_46,多摩川 / basin 46,all_land_use,Pa->Jo,1,continue,1,71,0.014084507042253521
unit_basin,B_830305_46,多摩川 / basin 46,all_land_use,Pa->Jo,1,drop,0,71,0
unit_basin,B_830305_46,多摩川 / basin 46,all_land_use,Pa->Jo,1,new,70,71,0.9859154929577465
unit_basin,B_830305_46,多摩川 / basin 46,all_land_use,Ya->Ko,3,continue,0,1,0
unit_basin,B_830305_46,多摩川 / basin 46,all_land_use,Ya->Ko,3,drop,1,1,1
unit_basin,B_830305_46,多摩川 / basin 46,all_land_use,Ya->Ko,3,new,0,1,0
unit_basin,B_830305_47,多摩川 / basin 47,all_land_use,He->Me,6,continue,0,1,0
unit_basin,B_830305_47,多摩川 / basin 47,all_land_use,He->Me,6,drop,1,1,1
unit_basin,B_830305_47,多摩川 / basin 47,all_land_use,He->Me,6,new,0,1,0
unit_basin,B_830305_47,多摩川 / basin 47,all_land_use,Jo->Ya,2,continue,1,1,1
unit_basin,B_830305_47,多摩川 / basin 47,all_land_use,Jo->Ya,2,drop,0,1,0
unit_basin,B_830305_47,多摩川 / basin 47,all_land_use,Jo->Ya,2,new,0,1,0
unit_basin,B_830305_47,多摩川 / basin 47,all_land_use,Ko->Na,4,continue,0,1,0
unit_basin,B_830305_47,多摩川 / basin 47,all_land_use,Ko->Na,4,drop,1,1,1
unit_basin,B_830305_47,多摩川 / basin 47,all_land_use,Ko->Na,4,new,0,1,0
unit_basin,B_830305_47,多摩川 / basin 47,all_land_use,Na->He,5,continue,0,1,0
unit_basin,B_830305_47,多摩川 / basin 47,all_land_use,Na->He,5,drop,0,1,0
unit_basin,B_830305_47,多摩川 / basin 47,all_land_use,Na->He,5,new,1,1,1
unit_basin,B_830305_47,多摩川 / basin 47,all_land_use,Pa->Jo,1,continue,0,1,0
unit_basin,B_830305_47,多摩川 / basin 47,all_land_use,Pa->Jo,1,drop,0,1,0
unit_basin,B_830305_47,多摩川 / basin 47,all_land_use,Pa->Jo,1,new,1,1,1
unit_basin,B_830305_47,多摩川 / basin 47,all_land_use,Ya->Ko,3,continue,1,1,1
unit_basin,B_830305_47,多摩川 / basin 47,all_land_use,Ya->Ko,3,drop,0,1,0
unit_basin,B_830305_47,多摩川 / basin 47,all_land_use,Ya->Ko,3,new,0,1,0
unit_basin,B_830305_48,多摩川 / basin 48,all_land_use,He->Me,6,continue,2,18,0.1111111111111111
unit_basin,B_830305_48,多摩川 / basin 48,all_land_use,He->Me,6,drop,11,18,0.6111111111111112
unit_basin,B_830305_48,多摩川 / basin 48,all_land_use,He->Me,6,new,5,18,0.2777777777777778
unit_basin,B_830305_48,多摩川 / basin 48,all_land_use,Jo->Ya,2,continue,5,19,0.2631578947368421
unit_basin,B_830305_48,多摩川 / basin 48,all_land_use,Jo->Ya,2,drop,13,19,0.6842105263157895
unit_basin,B_830305_48,多摩川 / basin 48,all_land_use,Jo->Ya,2,new,1,19,0.05263157894736842
unit_basin,B_830305_48,多摩川 / basin 48,all_land_use,Ko->Na,4,continue,2,6,0.3333333333333333
unit_basin,B_830305_48,多摩川 / basin 48,all_land_use,Ko->Na,4,drop,3,6,0.5
unit_basin,B_830305_48,多摩川 / basin 48,all_land_use,Ko->Na,4,new,1,6,0.16666666666666666
unit_basin,B_830305_48,多摩川 / basin 48,all_land_use,Na->He,5,continue,3,13,0.23076923076923078
unit_basin,B_830305_48,多摩川 / basin 48,all_land_use,Na->He,5,drop,0,13,0
unit_basin,B_830305_48,多摩川 / basin 48,all_land_use,Na->He,5,new,10,13,0.7692307692307693
unit_basin,B_830305_48,多摩川 / basin 48,all_land_use,Pa->Jo,1,continue,0,18,0
unit_basin,B_830305_48,多摩川 / basin 48,all_land_use,Pa->Jo,1,drop,0,18,0
unit_basin,B_830305_48,多摩川 / basin 48,all_land_use,Pa->Jo,1,new,18,18,1
unit_basin,B_830305_48,多摩川 / basin 48,all_land_use,Ya->Ko,3,continue,2,9,0.2222222222222222
unit_basin,B_830305_48,多摩川 / basin 48,all_land_use,Ya->Ko,3,drop,4,9,0.4444444444444444
unit_basin,B_830305_48,多摩川 / basin 48,all_land_use,Ya->Ko,3,new,3,9,0.3333333333333333
unit_basin,B_830305_49,多摩川 / basin 49,all_land_use,He->Me,6,continue,0,2,0
unit_basin,B_830305_49,多摩川 / basin 49,all_land_use,He->Me,6,drop,1,2,0.5
unit_basin,B_830305_49,多摩川 / basin 49,all_land_use,He->Me,6,new,1,2,0.5
unit_basin,B_830305_49,多摩川 / basin 49,all_land_use,Jo->Ya,2,continue,0,3,0
unit_basin,B_830305_49,多摩川 / basin 49,all_land_use,Jo->Ya,2,drop,3,3,1
unit_basin,B_830305_49,多摩川 / basin 49,all_land_use,Jo->Ya,2,new,0,3,0
unit_basin,B_830305_49,多摩川 / basin 49,all_land_use,Ko->Na,4,continue,1,6,0.16666666666666666
unit_basin,B_830305_49,多摩川 / basin 49,all_land_use,Ko->Na,4,drop,4,6,0.6666666666666666
unit_basin,B_830305_49,多摩川 / basin 49,all_land_use,Ko->Na,4,new,1,6,0.16666666666666666
unit_basin,B_830305_49,多摩川 / basin 49,all_land_use,Na->He,5,continue,0,3,0
unit_basin,B_830305_49,多摩川 / basin 49,all_land_use,Na->He,5,drop,2,3,0.6666666666666666
unit_basin,B_830305_49,多摩川 / basin 49,all_land_use,Na->He,5,new,1,3,0.3333333333333333
unit_basin,B_830305_49,多摩川 / basin 49,all_land_use,Pa->Jo,1,continue,0,3,0
unit_basin,B_830305_49,多摩川 / basin 49,all_land_use,Pa->Jo,1,drop,0,3,0
unit_basin,B_830305_49,多摩川 / basin 49,all_land_use,Pa->Jo,1,new,3,3,1
unit_basin,B_830305_49,多摩川 / basin 49,all_land_use,Ya->Ko,3,continue,0,5,0
unit_basin,B_830305_49,多摩川 / basin 49,all_land_use,Ya->Ko,3,drop,0,5,0
unit_basin,B_830305_49,多摩川 / basin 49,all_land_use,Ya->Ko,3,new,5,5,1
unit_basin,B_830305_5,多摩川 / basin 5,all_land_use,He->Me,6,continue,0,3,0
unit_basin,B_830305_5,多摩川 / basin 5,all_land_use,He->Me,6,drop,0,3,0
unit_basin,B_830305_5,多摩川 / basin 5,all_land_use,He->Me,6,new,3,3,1
unit_basin,B_830305_5,多摩川 / basin 5,all_land_use,Jo->Ya,2,continue,0,5,0
unit_basin,B_830305_5,多摩川 / basin 5,all_land_use,Jo->Ya,2,drop,5,5,1
unit_basin,B_830305_5,多摩川 / basin 5,all_land_use,Jo->Ya,2,new,0,5,0
unit_basin,B_830305_5,多摩川 / basin 5,all_land_use,Ko->Na,4,continue,0,14,0
unit_basin,B_830305_5,多摩川 / basin 5,all_land_use,Ko->Na,4,drop,14,14,1
unit_basin,B_830305_5,多摩川 / basin 5,all_land_use,Ko->Na,4,new,0,14,0
unit_basin,B_830305_5,多摩川 / basin 5,all_land_use,Pa->Jo,1,continue,2,5,0.4
unit_basin,B_830305_5,多摩川 / basin 5,all_land_use,Pa->Jo,1,drop,0,5,0
unit_basin,B_830305_5,多摩川 / basin 5,all_land_use,Pa->Jo,1,new,3,5,0.6
unit_basin,B_830305_5,多摩川 / basin 5,all_land_use,Ya->Ko,3,continue,0,14,0
unit_basin,B_830305_5,多摩川 / basin 5,all_land_use,Ya->Ko,3,drop,0,14,0
unit_basin,B_830305_5,多摩川 / basin 5,all_land_use,Ya->Ko,3,new,14,14,1
unit_basin,B_830305_50,多摩川 / basin 50,all_land_use,He->Me,6,continue,1,3,0.3333333333333333
unit_basin,B_830305_50,多摩川 / basin 50,all_land_use,He->Me,6,drop,2,3,0.6666666666666666
unit_basin,B_830305_50,多摩川 / basin 50,all_land_use,He->Me,6,new,0,3,0
unit_basin,B_830305_50,多摩川 / basin 50,all_land_use,Jo->Ya,2,continue,1,5,0.2
unit_basin,B_830305_50,多摩川 / basin 50,all_land_use,Jo->Ya,2,drop,4,5,0.8
unit_basin,B_830305_50,多摩川 / basin 50,all_land_use,Jo->Ya,2,new,0,5,0
unit_basin,B_830305_50,多摩川 / basin 50,all_land_use,Ko->Na,4,continue,2,16,0.125
unit_basin,B_830305_50,多摩川 / basin 50,all_land_use,Ko->Na,4,drop,14,16,0.875
unit_basin,B_830305_50,多摩川 / basin 50,all_land_use,Ko->Na,4,new,0,16,0
unit_basin,B_830305_50,多摩川 / basin 50,all_land_use,Na->He,5,continue,2,3,0.6666666666666666
unit_basin,B_830305_50,多摩川 / basin 50,all_land_use,Na->He,5,drop,0,3,0
unit_basin,B_830305_50,多摩川 / basin 50,all_land_use,Na->He,5,new,1,3,0.3333333333333333
unit_basin,B_830305_50,多摩川 / basin 50,all_land_use,Pa->Jo,1,continue,1,5,0.2
unit_basin,B_830305_50,多摩川 / basin 50,all_land_use,Pa->Jo,1,drop,0,5,0
unit_basin,B_830305_50,多摩川 / basin 50,all_land_use,Pa->Jo,1,new,4,5,0.8
unit_basin,B_830305_50,多摩川 / basin 50,all_land_use,Ya->Ko,3,continue,1,16,0.0625
unit_basin,B_830305_50,多摩川 / basin 50,all_land_use,Ya->Ko,3,drop,0,16,0
unit_basin,B_830305_50,多摩川 / basin 50,all_land_use,Ya->Ko,3,new,15,16,0.9375
unit_basin,B_830305_51,多摩川 / basin 51,all_land_use,He->Me,6,continue,0,2,0
unit_basin,B_830305_51,多摩川 / basin 51,all_land_use,He->Me,6,drop,2,2,1
unit_basin,B_830305_51,多摩川 / basin 51,all_land_use,He->Me,6,new,0,2,0
unit_basin,B_830305_51,多摩川 / basin 51,all_land_use,Jo->Ya,2,continue,0,6,0
unit_basin,B_830305_51,多摩川 / basin 51,all_land_use,Jo->Ya,2,drop,6,6,1
unit_basin,B_830305_51,多摩川 / basin 51,all_land_use,Jo->Ya,2,new,0,6,0
unit_basin,B_830305_51,多摩川 / basin 51,all_land_use,Ko->Na,4,continue,1,5,0.2
unit_basin,B_830305_51,多摩川 / basin 51,all_land_use,Ko->Na,4,drop,3,5,0.6
unit_basin,B_830305_51,多摩川 / basin 51,all_land_use,Ko->Na,4,new,1,5,0.2
unit_basin,B_830305_51,多摩川 / basin 51,all_land_use,Na->He,5,continue,1,3,0.3333333333333333
unit_basin,B_830305_51,多摩川 / basin 51,all_land_use,Na->He,5,drop,1,3,0.3333333333333333
unit_basin,B_830305_51,多摩川 / basin 51,all_land_use,Na->He,5,new,1,3,0.3333333333333333
unit_basin,B_830305_51,多摩川 / basin 51,all_land_use,Pa->Jo,1,continue,0,6,0
unit_basin,B_830305_51,多摩川 / basin 51,all_land_use,Pa->Jo,1,drop,0,6,0
unit_basin,B_830305_51,多摩川 / basin 51,all_land_use,Pa->Jo,1,new,6,6,1
unit_basin,B_830305_51,多摩川 / basin 51,all_land_use,Ya->Ko,3,continue,0,4,0
unit_basin,B_830305_51,多摩川 / basin 51,all_land_use,Ya->Ko,3,drop,0,4,0
unit_basin,B_830305_51,多摩川 / basin 51,all_land_use,Ya->Ko,3,new,4,4,1
unit_basin,B_830305_52,多摩川 / basin 52,all_land_use,He->Me,6,continue,1,3,0.3333333333333333
unit_basin,B_830305_52,多摩川 / basin 52,all_land_use,He->Me,6,drop,1,3,0.3333333333333333
unit_basin,B_830305_52,多摩川 / basin 52,all_land_use,He->Me,6,new,1,3,0.3333333333333333
unit_basin,B_830305_52,多摩川 / basin 52,all_land_use,Jo->Ya,2,continue,0,5,0
unit_basin,B_830305_52,多摩川 / basin 52,all_land_use,Jo->Ya,2,drop,5,5,1
unit_basin,B_830305_52,多摩川 / basin 52,all_land_use,Jo->Ya,2,new,0,5,0
unit_basin,B_830305_52,多摩川 / basin 52,all_land_use,Ko->Na,4,continue,2,10,0.2
unit_basin,B_830305_52,多摩川 / basin 52,all_land_use,Ko->Na,4,drop,7,10,0.7
unit_basin,B_830305_52,多摩川 / basin 52,all_land_use,Ko->Na,4,new,1,10,0.1
unit_basin,B_830305_52,多摩川 / basin 52,all_land_use,Na->He,5,continue,2,3,0.6666666666666666
unit_basin,B_830305_52,多摩川 / basin 52,all_land_use,Na->He,5,drop,1,3,0.3333333333333333
unit_basin,B_830305_52,多摩川 / basin 52,all_land_use,Na->He,5,new,0,3,0
unit_basin,B_830305_52,多摩川 / basin 52,all_land_use,Pa->Jo,1,continue,0,5,0
unit_basin,B_830305_52,多摩川 / basin 52,all_land_use,Pa->Jo,1,drop,0,5,0
unit_basin,B_830305_52,多摩川 / basin 52,all_land_use,Pa->Jo,1,new,5,5,1
unit_basin,B_830305_52,多摩川 / basin 52,all_land_use,Ya->Ko,3,continue,0,9,0
unit_basin,B_830305_52,多摩川 / basin 52,all_land_use,Ya->Ko,3,drop,0,9,0
unit_basin,B_830305_52,多摩川 / basin 52,all_land_use,Ya->Ko,3,new,9,9,1
unit_basin,B_830305_54,多摩川 / basin 54,all_land_use,He->Me,6,continue,0,1,0
unit_basin,B_830305_54,多摩川 / basin 54,all_land_use,He->Me,6,drop,0,1,0
unit_basin,B_830305_54,多摩川 / basin 54,all_land_use,He->Me,6,new,1,1,1
unit_basin,B_830305_55,多摩川 / basin 55,all_land_use,He->Me,6,continue,0,1,0
unit_basin,B_830305_55,多摩川 / basin 55,all_land_use,He->Me,6,drop,1,1,1
unit_basin,B_830305_55,多摩川 / basin 55,all_land_use,He->Me,6,new,0,1,0
unit_basin,B_830305_55,多摩川 / basin 55,all_land_use,Jo->Ya,2,continue,0,4,0
unit_basin,B_830305_55,多摩川 / basin 55,all_land_use,Jo->Ya,2,drop,4,4,1
unit_basin,B_830305_55,多摩川 / basin 55,all_land_use,Jo->Ya,2,new,0,4,0
unit_basin,B_830305_55,多摩川 / basin 55,all_land_use,Ko->Na,4,continue,0,4,0
unit_basin,B_830305_55,多摩川 / basin 55,all_land_use,Ko->Na,4,drop,4,4,1
unit_basin,B_830305_55,多摩川 / basin 55,all_land_use,Ko->Na,4,new,0,4,0
unit_basin,B_830305_55,多摩川 / basin 55,all_land_use,Na->He,5,continue,0,1,0
unit_basin,B_830305_55,多摩川 / basin 55,all_land_use,Na->He,5,drop,0,1,0
unit_basin,B_830305_55,多摩川 / basin 55,all_land_use,Na->He,5,new,1,1,1
unit_basin,B_830305_55,多摩川 / basin 55,all_land_use,Pa->Jo,1,continue,0,4,0
unit_basin,B_830305_55,多摩川 / basin 55,all_land_use,Pa->Jo,1,drop,0,4,0
unit_basin,B_830305_55,多摩川 / basin 55,all_land_use,Pa->Jo,1,new,4,4,1
unit_basin,B_830305_55,多摩川 / basin 55,all_land_use,Ya->Ko,3,continue,0,4,0
unit_basin,B_830305_55,多摩川 / basin 55,all_land_use,Ya->Ko,3,drop,0,4,0
unit_basin,B_830305_55,多摩川 / basin 55,all_land_use,Ya->Ko,3,new,4,4,1
unit_basin,B_830305_56,多摩川 / basin 56,all_land_use,He->Me,6,continue,3,5,0.6
unit_basin,B_830305_56,多摩川 / basin 56,all_land_use,He->Me,6,drop,2,5,0.4
unit_basin,B_830305_56,多摩川 / basin 56,all_land_use,He->Me,6,new,0,5,0
unit_basin,B_830305_56,多摩川 / basin 56,all_land_use,Jo->Ya,2,continue,2,10,0.2
unit_basin,B_830305_56,多摩川 / basin 56,all_land_use,Jo->Ya,2,drop,8,10,0.8
unit_basin,B_830305_56,多摩川 / basin 56,all_land_use,Jo->Ya,2,new,0,10,0
unit_basin,B_830305_56,多摩川 / basin 56,all_land_use,Ko->Na,4,continue,3,54,0.05555555555555555
unit_basin,B_830305_56,多摩川 / basin 56,all_land_use,Ko->Na,4,drop,51,54,0.9444444444444444
unit_basin,B_830305_56,多摩川 / basin 56,all_land_use,Ko->Na,4,new,0,54,0
unit_basin,B_830305_56,多摩川 / basin 56,all_land_use,Na->He,5,continue,3,5,0.6
unit_basin,B_830305_56,多摩川 / basin 56,all_land_use,Na->He,5,drop,0,5,0
unit_basin,B_830305_56,多摩川 / basin 56,all_land_use,Na->He,5,new,2,5,0.4
unit_basin,B_830305_56,多摩川 / basin 56,all_land_use,Pa->Jo,1,continue,1,10,0.1
unit_basin,B_830305_56,多摩川 / basin 56,all_land_use,Pa->Jo,1,drop,0,10,0
unit_basin,B_830305_56,多摩川 / basin 56,all_land_use,Pa->Jo,1,new,9,10,0.9
unit_basin,B_830305_56,多摩川 / basin 56,all_land_use,Ya->Ko,3,continue,1,55,0.01818181818181818
unit_basin,B_830305_56,多摩川 / basin 56,all_land_use,Ya->Ko,3,drop,1,55,0.01818181818181818
unit_basin,B_830305_56,多摩川 / basin 56,all_land_use,Ya->Ko,3,new,53,55,0.9636363636363636
unit_basin,B_830305_57,多摩川 / basin 57,all_land_use,He->Me,6,continue,0,1,0
unit_basin,B_830305_57,多摩川 / basin 57,all_land_use,He->Me,6,drop,1,1,1
unit_basin,B_830305_57,多摩川 / basin 57,all_land_use,He->Me,6,new,0,1,0
unit_basin,B_830305_57,多摩川 / basin 57,all_land_use,Jo->Ya,2,continue,0,2,0
unit_basin,B_830305_57,多摩川 / basin 57,all_land_use,Jo->Ya,2,drop,2,2,1
unit_basin,B_830305_57,多摩川 / basin 57,all_land_use,Jo->Ya,2,new,0,2,0
unit_basin,B_830305_57,多摩川 / basin 57,all_land_use,Ko->Na,4,continue,0,1,0
unit_basin,B_830305_57,多摩川 / basin 57,all_land_use,Ko->Na,4,drop,0,1,0
unit_basin,B_830305_57,多摩川 / basin 57,all_land_use,Ko->Na,4,new,1,1,1
unit_basin,B_830305_57,多摩川 / basin 57,all_land_use,Na->He,5,continue,1,1,1
unit_basin,B_830305_57,多摩川 / basin 57,all_land_use,Na->He,5,drop,0,1,0
unit_basin,B_830305_57,多摩川 / basin 57,all_land_use,Na->He,5,new,0,1,0
unit_basin,B_830305_57,多摩川 / basin 57,all_land_use,Pa->Jo,1,continue,0,2,0
unit_basin,B_830305_57,多摩川 / basin 57,all_land_use,Pa->Jo,1,drop,0,2,0
unit_basin,B_830305_57,多摩川 / basin 57,all_land_use,Pa->Jo,1,new,2,2,1
unit_basin,B_830305_58,多摩川 / basin 58,all_land_use,He->Me,6,continue,0,1,0
unit_basin,B_830305_58,多摩川 / basin 58,all_land_use,He->Me,6,drop,1,1,1
unit_basin,B_830305_58,多摩川 / basin 58,all_land_use,He->Me,6,new,0,1,0
unit_basin,B_830305_58,多摩川 / basin 58,all_land_use,Jo->Ya,2,continue,0,1,0
unit_basin,B_830305_58,多摩川 / basin 58,all_land_use,Jo->Ya,2,drop,1,1,1
unit_basin,B_830305_58,多摩川 / basin 58,all_land_use,Jo->Ya,2,new,0,1,0
unit_basin,B_830305_58,多摩川 / basin 58,all_land_use,Na->He,5,continue,0,1,0
unit_basin,B_830305_58,多摩川 / basin 58,all_land_use,Na->He,5,drop,0,1,0
unit_basin,B_830305_58,多摩川 / basin 58,all_land_use,Na->He,5,new,1,1,1
unit_basin,B_830305_58,多摩川 / basin 58,all_land_use,Pa->Jo,1,continue,0,1,0
unit_basin,B_830305_58,多摩川 / basin 58,all_land_use,Pa->Jo,1,drop,0,1,0
unit_basin,B_830305_58,多摩川 / basin 58,all_land_use,Pa->Jo,1,new,1,1,1
unit_basin,B_830305_59,多摩川 / basin 59,all_land_use,He->Me,6,continue,0,1,0
unit_basin,B_830305_59,多摩川 / basin 59,all_land_use,He->Me,6,drop,1,1,1
unit_basin,B_830305_59,多摩川 / basin 59,all_land_use,He->Me,6,new,0,1,0
unit_basin,B_830305_59,多摩川 / basin 59,all_land_use,Na->He,5,continue,0,1,0
unit_basin,B_830305_59,多摩川 / basin 59,all_land_use,Na->He,5,drop,0,1,0
unit_basin,B_830305_59,多摩川 / basin 59,all_land_use,Na->He,5,new,1,1,1
unit_basin,B_830305_60,多摩川 / basin 60,all_land_use,Ko->Na,4,continue,0,1,0
unit_basin,B_830305_60,多摩川 / basin 60,all_land_use,Ko->Na,4,drop,1,1,1
unit_basin,B_830305_60,多摩川 / basin 60,all_land_use,Ko->Na,4,new,0,1,0
unit_basin,B_830305_60,多摩川 / basin 60,all_land_use,Ya->Ko,3,continue,0,1,0
unit_basin,B_830305_60,多摩川 / basin 60,all_land_use,Ya->Ko,3,drop,0,1,0
unit_basin,B_830305_60,多摩川 / basin 60,all_land_use,Ya->Ko,3,new,1,1,1
unit_basin,B_830305_62,多摩川 / basin 62,all_land_use,He->Me,6,continue,0,4,0
unit_basin,B_830305_62,多摩川 / basin 62,all_land_use,He->Me,6,drop,3,4,0.75
unit_basin,B_830305_62,多摩川 / basin 62,all_land_use,He->Me,6,new,1,4,0.25
unit_basin,B_830305_62,多摩川 / basin 62,all_land_use,Jo->Ya,2,continue,0,16,0
unit_basin,B_830305_62,多摩川 / basin 62,all_land_use,Jo->Ya,2,drop,16,16,1
unit_basin,B_830305_62,多摩川 / basin 62,all_land_use,Jo->Ya,2,new,0,16,0
unit_basin,B_830305_62,多摩川 / basin 62,all_land_use,Ko->Na,4,continue,0,4,0
unit_basin,B_830305_62,多摩川 / basin 62,all_land_use,Ko->Na,4,drop,3,4,0.75
unit_basin,B_830305_62,多摩川 / basin 62,all_land_use,Ko->Na,4,new,1,4,0.25
unit_basin,B_830305_62,多摩川 / basin 62,all_land_use,Na->He,5,continue,0,4,0
unit_basin,B_830305_62,多摩川 / basin 62,all_land_use,Na->He,5,drop,1,4,0.25
unit_basin,B_830305_62,多摩川 / basin 62,all_land_use,Na->He,5,new,3,4,0.75
unit_basin,B_830305_62,多摩川 / basin 62,all_land_use,Pa->Jo,1,continue,0,16,0
unit_basin,B_830305_62,多摩川 / basin 62,all_land_use,Pa->Jo,1,drop,0,16,0
unit_basin,B_830305_62,多摩川 / basin 62,all_land_use,Pa->Jo,1,new,16,16,1
unit_basin,B_830305_62,多摩川 / basin 62,all_land_use,Ya->Ko,3,continue,0,3,0
unit_basin,B_830305_62,多摩川 / basin 62,all_land_use,Ya->Ko,3,drop,0,3,0
unit_basin,B_830305_62,多摩川 / basin 62,all_land_use,Ya->Ko,3,new,3,3,1
unit_basin,B_830305_64,多摩川 / basin 64,all_land_use,He->Me,6,continue,0,1,0
unit_basin,B_830305_64,多摩川 / basin 64,all_land_use,He->Me,6,drop,0,1,0
unit_basin,B_830305_64,多摩川 / basin 64,all_land_use,He->Me,6,new,1,1,1
unit_basin,B_830305_64,多摩川 / basin 64,all_land_use,Jo->Ya,2,continue,0,1,0
unit_basin,B_830305_64,多摩川 / basin 64,all_land_use,Jo->Ya,2,drop,1,1,1
unit_basin,B_830305_64,多摩川 / basin 64,all_land_use,Jo->Ya,2,new,0,1,0
unit_basin,B_830305_64,多摩川 / basin 64,all_land_use,Pa->Jo,1,continue,0,1,0
unit_basin,B_830305_64,多摩川 / basin 64,all_land_use,Pa->Jo,1,drop,0,1,0
unit_basin,B_830305_64,多摩川 / basin 64,all_land_use,Pa->Jo,1,new,1,1,1
unit_basin,B_830305_66,多摩川 / basin 66,all_land_use,He->Me,6,continue,0,4,0
unit_basin,B_830305_66,多摩川 / basin 66,all_land_use,He->Me,6,drop,0,4,0
unit_basin,B_830305_66,多摩川 / basin 66,all_land_use,He->Me,6,new,4,4,1
unit_basin,B_830305_66,多摩川 / basin 66,all_land_use,Jo->Ya,2,continue,0,4,0
unit_basin,B_830305_66,多摩川 / basin 66,all_land_use,Jo->Ya,2,drop,4,4,1
unit_basin,B_830305_66,多摩川 / basin 66,all_land_use,Jo->Ya,2,new,0,4,0
unit_basin,B_830305_66,多摩川 / basin 66,all_land_use,Ko->Na,4,continue,0,1,0
unit_basin,B_830305_66,多摩川 / basin 66,all_land_use,Ko->Na,4,drop,1,1,1
unit_basin,B_830305_66,多摩川 / basin 66,all_land_use,Ko->Na,4,new,0,1,0
unit_basin,B_830305_66,多摩川 / basin 66,all_land_use,Pa->Jo,1,continue,0,4,0
unit_basin,B_830305_66,多摩川 / basin 66,all_land_use,Pa->Jo,1,drop,0,4,0
unit_basin,B_830305_66,多摩川 / basin 66,all_land_use,Pa->Jo,1,new,4,4,1
unit_basin,B_830305_66,多摩川 / basin 66,all_land_use,Ya->Ko,3,continue,0,1,0
unit_basin,B_830305_66,多摩川 / basin 66,all_land_use,Ya->Ko,3,drop,0,1,0
unit_basin,B_830305_66,多摩川 / basin 66,all_land_use,Ya->Ko,3,new,1,1,1
unit_basin,B_830305_67,多摩川 / basin 67,all_land_use,He->Me,6,continue,0,1,0
unit_basin,B_830305_67,多摩川 / basin 67,all_land_use,He->Me,6,drop,1,1,1
unit_basin,B_830305_67,多摩川 / basin 67,all_land_use,He->Me,6,new,0,1,0
unit_basin,B_830305_67,多摩川 / basin 67,all_land_use,Jo->Ya,2,continue,0,3,0
unit_basin,B_830305_67,多摩川 / basin 67,all_land_use,Jo->Ya,2,drop,3,3,1
unit_basin,B_830305_67,多摩川 / basin 67,all_land_use,Jo->Ya,2,new,0,3,0
unit_basin,B_830305_67,多摩川 / basin 67,all_land_use,Na->He,5,continue,0,1,0
unit_basin,B_830305_67,多摩川 / basin 67,all_land_use,Na->He,5,drop,0,1,0
unit_basin,B_830305_67,多摩川 / basin 67,all_land_use,Na->He,5,new,1,1,1
unit_basin,B_830305_67,多摩川 / basin 67,all_land_use,Pa->Jo,1,continue,0,3,0
unit_basin,B_830305_67,多摩川 / basin 67,all_land_use,Pa->Jo,1,drop,0,3,0
unit_basin,B_830305_67,多摩川 / basin 67,all_land_use,Pa->Jo,1,new,3,3,1
unit_basin,B_830305_68,多摩川 / basin 68,all_land_use,He->Me,6,continue,0,4,0
unit_basin,B_830305_68,多摩川 / basin 68,all_land_use,He->Me,6,drop,4,4,1
unit_basin,B_830305_68,多摩川 / basin 68,all_land_use,He->Me,6,new,0,4,0
unit_basin,B_830305_68,多摩川 / basin 68,all_land_use,Jo->Ya,2,continue,0,8,0
unit_basin,B_830305_68,多摩川 / basin 68,all_land_use,Jo->Ya,2,drop,8,8,1
unit_basin,B_830305_68,多摩川 / basin 68,all_land_use,Jo->Ya,2,new,0,8,0
unit_basin,B_830305_68,多摩川 / basin 68,all_land_use,Na->He,5,continue,0,4,0
unit_basin,B_830305_68,多摩川 / basin 68,all_land_use,Na->He,5,drop,0,4,0
unit_basin,B_830305_68,多摩川 / basin 68,all_land_use,Na->He,5,new,4,4,1
unit_basin,B_830305_68,多摩川 / basin 68,all_land_use,Pa->Jo,1,continue,0,8,0
unit_basin,B_830305_68,多摩川 / basin 68,all_land_use,Pa->Jo,1,drop,0,8,0
unit_basin,B_830305_68,多摩川 / basin 68,all_land_use,Pa->Jo,1,new,8,8,1
unit_basin,B_830305_69,多摩川 / basin 69,all_land_use,He->Me,6,continue,0,1,0
unit_basin,B_830305_69,多摩川 / basin 69,all_land_use,He->Me,6,drop,1,1,1
unit_basin,B_830305_69,多摩川 / basin 69,all_land_use,He->Me,6,new,0,1,0
unit_basin,B_830305_69,多摩川 / basin 69,all_land_use,Jo->Ya,2,continue,0,5,0
unit_basin,B_830305_69,多摩川 / basin 69,all_land_use,Jo->Ya,2,drop,5,5,1
unit_basin,B_830305_69,多摩川 / basin 69,all_land_use,Jo->Ya,2,new,0,5,0
unit_basin,B_830305_69,多摩川 / basin 69,all_land_use,Na->He,5,continue,0,1,0
unit_basin,B_830305_69,多摩川 / basin 69,all_land_use,Na->He,5,drop,0,1,0
unit_basin,B_830305_69,多摩川 / basin 69,all_land_use,Na->He,5,new,1,1,1
unit_basin,B_830305_69,多摩川 / basin 69,all_land_use,Pa->Jo,1,continue,0,5,0
unit_basin,B_830305_69,多摩川 / basin 69,all_land_use,Pa->Jo,1,drop,0,5,0
unit_basin,B_830305_69,多摩川 / basin 69,all_land_use,Pa->Jo,1,new,5,5,1
unit_basin,B_830305_70,多摩川 / basin 70,all_land_use,He->Me,6,continue,1,3,0.3333333333333333
unit_basin,B_830305_70,多摩川 / basin 70,all_land_use,He->Me,6,drop,2,3,0.6666666666666666
unit_basin,B_830305_70,多摩川 / basin 70,all_land_use,He->Me,6,new,0,3,0
unit_basin,B_830305_70,多摩川 / basin 70,all_land_use,Jo->Ya,2,continue,0,7,0
unit_basin,B_830305_70,多摩川 / basin 70,all_land_use,Jo->Ya,2,drop,7,7,1
unit_basin,B_830305_70,多摩川 / basin 70,all_land_use,Jo->Ya,2,new,0,7,0
unit_basin,B_830305_70,多摩川 / basin 70,all_land_use,Ko->Na,4,continue,0,1,0
unit_basin,B_830305_70,多摩川 / basin 70,all_land_use,Ko->Na,4,drop,0,1,0
unit_basin,B_830305_70,多摩川 / basin 70,all_land_use,Ko->Na,4,new,1,1,1
unit_basin,B_830305_70,多摩川 / basin 70,all_land_use,Na->He,5,continue,1,3,0.3333333333333333
unit_basin,B_830305_70,多摩川 / basin 70,all_land_use,Na->He,5,drop,0,3,0
unit_basin,B_830305_70,多摩川 / basin 70,all_land_use,Na->He,5,new,2,3,0.6666666666666666
unit_basin,B_830305_70,多摩川 / basin 70,all_land_use,Pa->Jo,1,continue,0,7,0
unit_basin,B_830305_70,多摩川 / basin 70,all_land_use,Pa->Jo,1,drop,0,7,0
unit_basin,B_830305_70,多摩川 / basin 70,all_land_use,Pa->Jo,1,new,7,7,1
unit_basin,B_830305_71,多摩川 / basin 71,all_land_use,Jo->Ya,2,continue,1,1,1
unit_basin,B_830305_71,多摩川 / basin 71,all_land_use,Jo->Ya,2,drop,0,1,0
unit_basin,B_830305_71,多摩川 / basin 71,all_land_use,Jo->Ya,2,new,0,1,0
unit_basin,B_830305_71,多摩川 / basin 71,all_land_use,Ko->Na,4,continue,0,1,0
unit_basin,B_830305_71,多摩川 / basin 71,all_land_use,Ko->Na,4,drop,1,1,1
unit_basin,B_830305_71,多摩川 / basin 71,all_land_use,Ko->Na,4,new,0,1,0
unit_basin,B_830305_71,多摩川 / basin 71,all_land_use,Pa->Jo,1,continue,0,1,0
unit_basin,B_830305_71,多摩川 / basin 71,all_land_use,Pa->Jo,1,drop,0,1,0
unit_basin,B_830305_71,多摩川 / basin 71,all_land_use,Pa->Jo,1,new,1,1,1
unit_basin,B_830305_71,多摩川 / basin 71,all_land_use,Ya->Ko,3,continue,1,1,1
unit_basin,B_830305_71,多摩川 / basin 71,all_land_use,Ya->Ko,3,drop,0,1,0
unit_basin,B_830305_71,多摩川 / basin 71,all_land_use,Ya->Ko,3,new,0,1,0
unit_basin,B_830305_72,多摩川 / basin 72,all_land_use,He->Me,6,continue,0,5,0
unit_basin,B_830305_72,多摩川 / basin 72,all_land_use,He->Me,6,drop,2,5,0.4
unit_basin,B_830305_72,多摩川 / basin 72,all_land_use,He->Me,6,new,3,5,0.6
unit_basin,B_830305_72,多摩川 / basin 72,all_land_use,Jo->Ya,2,continue,0,10,0
unit_basin,B_830305_72,多摩川 / basin 72,all_land_use,Jo->Ya,2,drop,10,10,1
unit_basin,B_830305_72,多摩川 / basin 72,all_land_use,Jo->Ya,2,new,0,10,0
unit_basin,B_830305_72,多摩川 / basin 72,all_land_use,Ko->Na,4,continue,1,2,0.5
unit_basin,B_830305_72,多摩川 / basin 72,all_land_use,Ko->Na,4,drop,0,2,0
unit_basin,B_830305_72,多摩川 / basin 72,all_land_use,Ko->Na,4,new,1,2,0.5
unit_basin,B_830305_72,多摩川 / basin 72,all_land_use,Na->He,5,continue,2,2,1
unit_basin,B_830305_72,多摩川 / basin 72,all_land_use,Na->He,5,drop,0,2,0
unit_basin,B_830305_72,多摩川 / basin 72,all_land_use,Na->He,5,new,0,2,0
unit_basin,B_830305_72,多摩川 / basin 72,all_land_use,Pa->Jo,1,continue,1,10,0.1
unit_basin,B_830305_72,多摩川 / basin 72,all_land_use,Pa->Jo,1,drop,0,10,0
unit_basin,B_830305_72,多摩川 / basin 72,all_land_use,Pa->Jo,1,new,9,10,0.9
unit_basin,B_830305_72,多摩川 / basin 72,all_land_use,Ya->Ko,3,continue,0,1,0
unit_basin,B_830305_72,多摩川 / basin 72,all_land_use,Ya->Ko,3,drop,0,1,0
unit_basin,B_830305_72,多摩川 / basin 72,all_land_use,Ya->Ko,3,new,1,1,1
unit_basin,B_830305_73,多摩川 / basin 73,all_land_use,He->Me,6,continue,2,7,0.2857142857142857
unit_basin,B_830305_73,多摩川 / basin 73,all_land_use,He->Me,6,drop,3,7,0.42857142857142855
unit_basin,B_830305_73,多摩川 / basin 73,all_land_use,He->Me,6,new,2,7,0.2857142857142857
unit_basin,B_830305_73,多摩川 / basin 73,all_land_use,Jo->Ya,2,continue,0,5,0
unit_basin,B_830305_73,多摩川 / basin 73,all_land_use,Jo->Ya,2,drop,5,5,1
unit_basin,B_830305_73,多摩川 / basin 73,all_land_use,Jo->Ya,2,new,0,5,0
unit_basin,B_830305_73,多摩川 / basin 73,all_land_use,Ko->Na,4,continue,2,3,0.6666666666666666
unit_basin,B_830305_73,多摩川 / basin 73,all_land_use,Ko->Na,4,drop,1,3,0.3333333333333333
unit_basin,B_830305_73,多摩川 / basin 73,all_land_use,Ko->Na,4,new,0,3,0
unit_basin,B_830305_73,多摩川 / basin 73,all_land_use,Na->He,5,continue,2,5,0.4
unit_basin,B_830305_73,多摩川 / basin 73,all_land_use,Na->He,5,drop,0,5,0
unit_basin,B_830305_73,多摩川 / basin 73,all_land_use,Na->He,5,new,3,5,0.6
unit_basin,B_830305_73,多摩川 / basin 73,all_land_use,Pa->Jo,1,continue,0,5,0
unit_basin,B_830305_73,多摩川 / basin 73,all_land_use,Pa->Jo,1,drop,0,5,0
unit_basin,B_830305_73,多摩川 / basin 73,all_land_use,Pa->Jo,1,new,5,5,1
unit_basin,B_830305_73,多摩川 / basin 73,all_land_use,Ya->Ko,3,continue,0,3,0
unit_basin,B_830305_73,多摩川 / basin 73,all_land_use,Ya->Ko,3,drop,0,3,0
unit_basin,B_830305_73,多摩川 / basin 73,all_land_use,Ya->Ko,3,new,3,3,1
unit_basin,B_830305_74,多摩川 / basin 74,all_land_use,He->Me,6,continue,1,2,0.5
unit_basin,B_830305_74,多摩川 / basin 74,all_land_use,He->Me,6,drop,1,2,0.5
unit_basin,B_830305_74,多摩川 / basin 74,all_land_use,He->Me,6,new,0,2,0
unit_basin,B_830305_74,多摩川 / basin 74,all_land_use,Jo->Ya,2,continue,0,2,0
unit_basin,B_830305_74,多摩川 / basin 74,all_land_use,Jo->Ya,2,drop,2,2,1
unit_basin,B_830305_74,多摩川 / basin 74,all_land_use,Jo->Ya,2,new,0,2,0
unit_basin,B_830305_74,多摩川 / basin 74,all_land_use,Na->He,5,continue,0,2,0
unit_basin,B_830305_74,多摩川 / basin 74,all_land_use,Na->He,5,drop,0,2,0
unit_basin,B_830305_74,多摩川 / basin 74,all_land_use,Na->He,5,new,2,2,1
unit_basin,B_830305_74,多摩川 / basin 74,all_land_use,Pa->Jo,1,continue,0,2,0
unit_basin,B_830305_74,多摩川 / basin 74,all_land_use,Pa->Jo,1,drop,0,2,0
unit_basin,B_830305_74,多摩川 / basin 74,all_land_use,Pa->Jo,1,new,2,2,1
unit_basin,B_830305_75,多摩川 / basin 75,all_land_use,He->Me,6,continue,2,13,0.15384615384615385
unit_basin,B_830305_75,多摩川 / basin 75,all_land_use,He->Me,6,drop,6,13,0.46153846153846156
unit_basin,B_830305_75,多摩川 / basin 75,all_land_use,He->Me,6,new,5,13,0.38461538461538464
unit_basin,B_830305_75,多摩川 / basin 75,all_land_use,Jo->Ya,2,continue,1,14,0.07142857142857142
unit_basin,B_830305_75,多摩川 / basin 75,all_land_use,Jo->Ya,2,drop,13,14,0.9285714285714286
unit_basin,B_830305_75,多摩川 / basin 75,all_land_use,Jo->Ya,2,new,0,14,0
unit_basin,B_830305_75,多摩川 / basin 75,all_land_use,Ko->Na,4,continue,1,4,0.25
unit_basin,B_830305_75,多摩川 / basin 75,all_land_use,Ko->Na,4,drop,2,4,0.5
unit_basin,B_830305_75,多摩川 / basin 75,all_land_use,Ko->Na,4,new,1,4,0.25
unit_basin,B_830305_75,多摩川 / basin 75,all_land_use,Na->He,5,continue,2,8,0.25
unit_basin,B_830305_75,多摩川 / basin 75,all_land_use,Na->He,5,drop,0,8,0
unit_basin,B_830305_75,多摩川 / basin 75,all_land_use,Na->He,5,new,6,8,0.75
unit_basin,B_830305_75,多摩川 / basin 75,all_land_use,Pa->Jo,1,continue,0,14,0
unit_basin,B_830305_75,多摩川 / basin 75,all_land_use,Pa->Jo,1,drop,0,14,0
unit_basin,B_830305_75,多摩川 / basin 75,all_land_use,Pa->Jo,1,new,14,14,1
unit_basin,B_830305_75,多摩川 / basin 75,all_land_use,Ya->Ko,3,continue,0,4,0
unit_basin,B_830305_75,多摩川 / basin 75,all_land_use,Ya->Ko,3,drop,1,4,0.25
unit_basin,B_830305_75,多摩川 / basin 75,all_land_use,Ya->Ko,3,new,3,4,0.75
unit_basin,B_830305_76,多摩川 / basin 76,all_land_use,He->Me,6,continue,0,1,0
unit_basin,B_830305_76,多摩川 / basin 76,all_land_use,He->Me,6,drop,1,1,1
unit_basin,B_830305_76,多摩川 / basin 76,all_land_use,He->Me,6,new,0,1,0
unit_basin,B_830305_76,多摩川 / basin 76,all_land_use,Jo->Ya,2,continue,0,3,0
unit_basin,B_830305_76,多摩川 / basin 76,all_land_use,Jo->Ya,2,drop,3,3,1
unit_basin,B_830305_76,多摩川 / basin 76,all_land_use,Jo->Ya,2,new,0,3,0
unit_basin,B_830305_76,多摩川 / basin 76,all_land_use,Na->He,5,continue,0,1,0
unit_basin,B_830305_76,多摩川 / basin 76,all_land_use,Na->He,5,drop,0,1,0
unit_basin,B_830305_76,多摩川 / basin 76,all_land_use,Na->He,5,new,1,1,1
unit_basin,B_830305_76,多摩川 / basin 76,all_land_use,Pa->Jo,1,continue,0,3,0
unit_basin,B_830305_76,多摩川 / basin 76,all_land_use,Pa->Jo,1,drop,0,3,0
unit_basin,B_830305_76,多摩川 / basin 76,all_land_use,Pa->Jo,1,new,3,3,1
unit_basin,B_830305_77,多摩川 / basin 77,all_land_use,Jo->Ya,2,continue,0,2,0
unit_basin,B_830305_77,多摩川 / basin 77,all_land_use,Jo->Ya,2,drop,2,2,1
unit_basin,B_830305_77,多摩川 / basin 77,all_land_use,Jo->Ya,2,new,0,2,0
unit_basin,B_830305_77,多摩川 / basin 77,all_land_use,Pa->Jo,1,continue,0,2,0
unit_basin,B_830305_77,多摩川 / basin 77,all_land_use,Pa->Jo,1,drop,0,2,0
unit_basin,B_830305_77,多摩川 / basin 77,all_land_use,Pa->Jo,1,new,2,2,1
unit_basin,B_830305_78,多摩川 / basin 78,all_land_use,He->Me,6,continue,0,1,0
unit_basin,B_830305_78,多摩川 / basin 78,all_land_use,He->Me,6,drop,0,1,0
unit_basin,B_830305_78,多摩川 / basin 78,all_land_use,He->Me,6,new,1,1,1
unit_basin,B_830305_78,多摩川 / basin 78,all_land_use,Jo->Ya,2,continue,0,4,0
unit_basin,B_830305_78,多摩川 / basin 78,all_land_use,Jo->Ya,2,drop,4,4,1
unit_basin,B_830305_78,多摩川 / basin 78,all_land_use,Jo->Ya,2,new,0,4,0
unit_basin,B_830305_78,多摩川 / basin 78,all_land_use,Pa->Jo,1,continue,0,4,0
unit_basin,B_830305_78,多摩川 / basin 78,all_land_use,Pa->Jo,1,drop,0,4,0
unit_basin,B_830305_78,多摩川 / basin 78,all_land_use,Pa->Jo,1,new,4,4,1
unit_basin,B_830305_79,多摩川 / basin 79,all_land_use,Jo->Ya,2,continue,0,1,0
unit_basin,B_830305_79,多摩川 / basin 79,all_land_use,Jo->Ya,2,drop,1,1,1
unit_basin,B_830305_79,多摩川 / basin 79,all_land_use,Jo->Ya,2,new,0,1,0
unit_basin,B_830305_79,多摩川 / basin 79,all_land_use,Pa->Jo,1,continue,0,1,0
unit_basin,B_830305_79,多摩川 / basin 79,all_land_use,Pa->Jo,1,drop,0,1,0
unit_basin,B_830305_79,多摩川 / basin 79,all_land_use,Pa->Jo,1,new,1,1,1
unit_basin,B_830305_8,多摩川 / basin 8,all_land_use,He->Me,6,continue,6,14,0.42857142857142855
unit_basin,B_830305_8,多摩川 / basin 8,all_land_use,He->Me,6,drop,1,14,0.07142857142857142
unit_basin,B_830305_8,多摩川 / basin 8,all_land_use,He->Me,6,new,7,14,0.5
unit_basin,B_830305_8,多摩川 / basin 8,all_land_use,Jo->Ya,2,continue,6,19,0.3157894736842105
unit_basin,B_830305_8,多摩川 / basin 8,all_land_use,Jo->Ya,2,drop,13,19,0.6842105263157895
unit_basin,B_830305_8,多摩川 / basin 8,all_land_use,Jo->Ya,2,new,0,19,0
unit_basin,B_830305_8,多摩川 / basin 8,all_land_use,Ko->Na,4,continue,8,40,0.2
unit_basin,B_830305_8,多摩川 / basin 8,all_land_use,Ko->Na,4,drop,30,40,0.75
unit_basin,B_830305_8,多摩川 / basin 8,all_land_use,Ko->Na,4,new,2,40,0.05
unit_basin,B_830305_8,多摩川 / basin 8,all_land_use,Na->He,5,continue,6,11,0.5454545454545454
unit_basin,B_830305_8,多摩川 / basin 8,all_land_use,Na->He,5,drop,4,11,0.36363636363636365
unit_basin,B_830305_8,多摩川 / basin 8,all_land_use,Na->He,5,new,1,11,0.09090909090909091
unit_basin,B_830305_8,多摩川 / basin 8,all_land_use,Pa->Jo,1,continue,9,19,0.47368421052631576
unit_basin,B_830305_8,多摩川 / basin 8,all_land_use,Pa->Jo,1,drop,0,19,0
unit_basin,B_830305_8,多摩川 / basin 8,all_land_use,Pa->Jo,1,new,10,19,0.5263157894736842
unit_basin,B_830305_8,多摩川 / basin 8,all_land_use,Ya->Ko,3,continue,6,38,0.15789473684210525
unit_basin,B_830305_8,多摩川 / basin 8,all_land_use,Ya->Ko,3,drop,0,38,0
unit_basin,B_830305_8,多摩川 / basin 8,all_land_use,Ya->Ko,3,new,32,38,0.8421052631578947
unit_basin,B_830305_80,多摩川 / basin 80,all_land_use,Jo->Ya,2,continue,0,2,0
unit_basin,B_830305_80,多摩川 / basin 80,all_land_use,Jo->Ya,2,drop,2,2,1
unit_basin,B_830305_80,多摩川 / basin 80,all_land_use,Jo->Ya,2,new,0,2,0
unit_basin,B_830305_80,多摩川 / basin 80,all_land_use,Pa->Jo,1,continue,0,2,0
unit_basin,B_830305_80,多摩川 / basin 80,all_land_use,Pa->Jo,1,drop,0,2,0
unit_basin,B_830305_80,多摩川 / basin 80,all_land_use,Pa->Jo,1,new,2,2,1
unit_basin,B_830305_81,多摩川 / basin 81,all_land_use,Jo->Ya,2,continue,0,8,0
unit_basin,B_830305_81,多摩川 / basin 81,all_land_use,Jo->Ya,2,drop,8,8,1
unit_basin,B_830305_81,多摩川 / basin 81,all_land_use,Jo->Ya,2,new,0,8,0
unit_basin,B_830305_81,多摩川 / basin 81,all_land_use,Pa->Jo,1,continue,0,8,0
unit_basin,B_830305_81,多摩川 / basin 81,all_land_use,Pa->Jo,1,drop,0,8,0
unit_basin,B_830305_81,多摩川 / basin 81,all_land_use,Pa->Jo,1,new,8,8,1
unit_basin,B_830305_82,多摩川 / basin 82,all_land_use,He->Me,6,continue,0,1,0
unit_basin,B_830305_82,多摩川 / basin 82,all_land_use,He->Me,6,drop,1,1,1
unit_basin,B_830305_82,多摩川 / basin 82,all_land_use,He->Me,6,new,0,1,0
unit_basin,B_830305_82,多摩川 / basin 82,all_land_use,Jo->Ya,2,continue,0,1,0
unit_basin,B_830305_82,多摩川 / basin 82,all_land_use,Jo->Ya,2,drop,1,1,1
unit_basin,B_830305_82,多摩川 / basin 82,all_land_use,Jo->Ya,2,new,0,1,0
unit_basin,B_830305_82,多摩川 / basin 82,all_land_use,Na->He,5,continue,0,1,0
unit_basin,B_830305_82,多摩川 / basin 82,all_land_use,Na->He,5,drop,0,1,0
unit_basin,B_830305_82,多摩川 / basin 82,all_land_use,Na->He,5,new,1,1,1
unit_basin,B_830305_82,多摩川 / basin 82,all_land_use,Pa->Jo,1,continue,0,1,0
unit_basin,B_830305_82,多摩川 / basin 82,all_land_use,Pa->Jo,1,drop,0,1,0
unit_basin,B_830305_82,多摩川 / basin 82,all_land_use,Pa->Jo,1,new,1,1,1
unit_basin,B_830305_83,多摩川 / basin 83,all_land_use,Jo->Ya,2,continue,0,1,0
unit_basin,B_830305_83,多摩川 / basin 83,all_land_use,Jo->Ya,2,drop,1,1,1
unit_basin,B_830305_83,多摩川 / basin 83,all_land_use,Jo->Ya,2,new,0,1,0
unit_basin,B_830305_83,多摩川 / basin 83,all_land_use,Pa->Jo,1,continue,0,1,0
unit_basin,B_830305_83,多摩川 / basin 83,all_land_use,Pa->Jo,1,drop,0,1,0
unit_basin,B_830305_83,多摩川 / basin 83,all_land_use,Pa->Jo,1,new,1,1,1
unit_basin,B_830305_84,多摩川 / basin 84,all_land_use,Jo->Ya,2,continue,0,2,0
unit_basin,B_830305_84,多摩川 / basin 84,all_land_use,Jo->Ya,2,drop,2,2,1
unit_basin,B_830305_84,多摩川 / basin 84,all_land_use,Jo->Ya,2,new,0,2,0
unit_basin,B_830305_84,多摩川 / basin 84,all_land_use,Pa->Jo,1,continue,0,2,0
unit_basin,B_830305_84,多摩川 / basin 84,all_land_use,Pa->Jo,1,drop,0,2,0
unit_basin,B_830305_84,多摩川 / basin 84,all_land_use,Pa->Jo,1,new,2,2,1
unit_basin,B_830305_87,多摩川 / basin 87,all_land_use,He->Me,6,continue,0,1,0
unit_basin,B_830305_87,多摩川 / basin 87,all_land_use,He->Me,6,drop,1,1,1
unit_basin,B_830305_87,多摩川 / basin 87,all_land_use,He->Me,6,new,0,1,0
unit_basin,B_830305_87,多摩川 / basin 87,all_land_use,Jo->Ya,2,continue,0,3,0
unit_basin,B_830305_87,多摩川 / basin 87,all_land_use,Jo->Ya,2,drop,3,3,1
unit_basin,B_830305_87,多摩川 / basin 87,all_land_use,Jo->Ya,2,new,0,3,0
unit_basin,B_830305_87,多摩川 / basin 87,all_land_use,Na->He,5,continue,0,1,0
unit_basin,B_830305_87,多摩川 / basin 87,all_land_use,Na->He,5,drop,0,1,0
unit_basin,B_830305_87,多摩川 / basin 87,all_land_use,Na->He,5,new,1,1,1
unit_basin,B_830305_87,多摩川 / basin 87,all_land_use,Pa->Jo,1,continue,0,3,0
unit_basin,B_830305_87,多摩川 / basin 87,all_land_use,Pa->Jo,1,drop,0,3,0
unit_basin,B_830305_87,多摩川 / basin 87,all_land_use,Pa->Jo,1,new,3,3,1
unit_basin,B_830305_88,多摩川 / basin 88,all_land_use,Jo->Ya,2,continue,0,3,0
unit_basin,B_830305_88,多摩川 / basin 88,all_land_use,Jo->Ya,2,drop,3,3,1
unit_basin,B_830305_88,多摩川 / basin 88,all_land_use,Jo->Ya,2,new,0,3,0
unit_basin,B_830305_88,多摩川 / basin 88,all_land_use,Ko->Na,4,continue,0,1,0
unit_basin,B_830305_88,多摩川 / basin 88,all_land_use,Ko->Na,4,drop,1,1,1
unit_basin,B_830305_88,多摩川 / basin 88,all_land_use,Ko->Na,4,new,0,1,0
unit_basin,B_830305_88,多摩川 / basin 88,all_land_use,Pa->Jo,1,continue,0,3,0
unit_basin,B_830305_88,多摩川 / basin 88,all_land_use,Pa->Jo,1,drop,0,3,0
unit_basin,B_830305_88,多摩川 / basin 88,all_land_use,Pa->Jo,1,new,3,3,1
unit_basin,B_830305_88,多摩川 / basin 88,all_land_use,Ya->Ko,3,continue,0,1,0
unit_basin,B_830305_88,多摩川 / basin 88,all_land_use,Ya->Ko,3,drop,0,1,0
unit_basin,B_830305_88,多摩川 / basin 88,all_land_use,Ya->Ko,3,new,1,1,1
unit_basin,B_830305_89,多摩川 / basin 89,all_land_use,He->Me,6,continue,0,1,0
unit_basin,B_830305_89,多摩川 / basin 89,all_land_use,He->Me,6,drop,0,1,0
unit_basin,B_830305_89,多摩川 / basin 89,all_land_use,He->Me,6,new,1,1,1
unit_basin,B_830305_89,多摩川 / basin 89,all_land_use,Jo->Ya,2,continue,0,2,0
unit_basin,B_830305_89,多摩川 / basin 89,all_land_use,Jo->Ya,2,drop,2,2,1
unit_basin,B_830305_89,多摩川 / basin 89,all_land_use,Jo->Ya,2,new,0,2,0
unit_basin,B_830305_89,多摩川 / basin 89,all_land_use,Pa->Jo,1,continue,0,2,0
unit_basin,B_830305_89,多摩川 / basin 89,all_land_use,Pa->Jo,1,drop,0,2,0
unit_basin,B_830305_89,多摩川 / basin 89,all_land_use,Pa->Jo,1,new,2,2,1
unit_basin,B_830305_9,多摩川 / basin 9,all_land_use,He->Me,6,continue,1,1,1
unit_basin,B_830305_9,多摩川 / basin 9,all_land_use,He->Me,6,drop,0,1,0
unit_basin,B_830305_9,多摩川 / basin 9,all_land_use,He->Me,6,new,0,1,0
unit_basin,B_830305_9,多摩川 / basin 9,all_land_use,Jo->Ya,2,continue,0,1,0
unit_basin,B_830305_9,多摩川 / basin 9,all_land_use,Jo->Ya,2,drop,1,1,1
unit_basin,B_830305_9,多摩川 / basin 9,all_land_use,Jo->Ya,2,new,0,1,0
unit_basin,B_830305_9,多摩川 / basin 9,all_land_use,Ko->Na,4,continue,1,1,1
unit_basin,B_830305_9,多摩川 / basin 9,all_land_use,Ko->Na,4,drop,0,1,0
unit_basin,B_830305_9,多摩川 / basin 9,all_land_use,Ko->Na,4,new,0,1,0
unit_basin,B_830305_9,多摩川 / basin 9,all_land_use,Na->He,5,continue,1,1,1
unit_basin,B_830305_9,多摩川 / basin 9,all_land_use,Na->He,5,drop,0,1,0
unit_basin,B_830305_9,多摩川 / basin 9,all_land_use,Na->He,5,new,0,1,0
unit_basin,B_830305_9,多摩川 / basin 9,all_land_use,Pa->Jo,1,continue,0,1,0
unit_basin,B_830305_9,多摩川 / basin 9,all_land_use,Pa->Jo,1,drop,0,1,0
unit_basin,B_830305_9,多摩川 / basin 9,all_land_use,Pa->Jo,1,new,1,1,1
unit_basin,B_830305_9,多摩川 / basin 9,all_land_use,Ya->Ko,3,continue,0,1,0
unit_basin,B_830305_9,多摩川 / basin 9,all_land_use,Ya->Ko,3,drop,0,1,0
unit_basin,B_830305_9,多摩川 / basin 9,all_land_use,Ya->Ko,3,new,1,1,1
unit_basin,B_830305_90,多摩川 / basin 90,all_land_use,Jo->Ya,2,continue,0,15,0
unit_basin,B_830305_90,多摩川 / basin 90,all_land_use,Jo->Ya,2,drop,15,15,1
unit_basin,B_830305_90,多摩川 / basin 90,all_land_use,Jo->Ya,2,new,0,15,0
unit_basin,B_830305_90,多摩川 / basin 90,all_land_use,Pa->Jo,1,continue,0,15,0
unit_basin,B_830305_90,多摩川 / basin 90,all_land_use,Pa->Jo,1,drop,0,15,0
unit_basin,B_830305_90,多摩川 / basin 90,all_land_use,Pa->Jo,1,new,15,15,1
unit_basin,B_830305_91,多摩川 / basin 91,all_land_use,He->Me,6,continue,0,1,0
unit_basin,B_830305_91,多摩川 / basin 91,all_land_use,He->Me,6,drop,0,1,0
unit_basin,B_830305_91,多摩川 / basin 91,all_land_use,He->Me,6,new,1,1,1
unit_basin,B_830305_91,多摩川 / basin 91,all_land_use,Jo->Ya,2,continue,0,9,0
unit_basin,B_830305_91,多摩川 / basin 91,all_land_use,Jo->Ya,2,drop,9,9,1
unit_basin,B_830305_91,多摩川 / basin 91,all_land_use,Jo->Ya,2,new,0,9,0
unit_basin,B_830305_91,多摩川 / basin 91,all_land_use,Pa->Jo,1,continue,1,9,0.1111111111111111
unit_basin,B_830305_91,多摩川 / basin 91,all_land_use,Pa->Jo,1,drop,0,9,0
unit_basin,B_830305_91,多摩川 / basin 91,all_land_use,Pa->Jo,1,new,8,9,0.8888888888888888
unit_basin,B_830305_92,多摩川 / basin 92,all_land_use,He->Me,6,continue,0,1,0
unit_basin,B_830305_92,多摩川 / basin 92,all_land_use,He->Me,6,drop,1,1,1
unit_basin,B_830305_92,多摩川 / basin 92,all_land_use,He->Me,6,new,0,1,0
unit_basin,B_830305_92,多摩川 / basin 92,all_land_use,Jo->Ya,2,continue,0,4,0
unit_basin,B_830305_92,多摩川 / basin 92,all_land_use,Jo->Ya,2,drop,4,4,1
unit_basin,B_830305_92,多摩川 / basin 92,all_land_use,Jo->Ya,2,new,0,4,0
unit_basin,B_830305_92,多摩川 / basin 92,all_land_use,Na->He,5,continue,0,1,0
unit_basin,B_830305_92,多摩川 / basin 92,all_land_use,Na->He,5,drop,0,1,0
unit_basin,B_830305_92,多摩川 / basin 92,all_land_use,Na->He,5,new,1,1,1
unit_basin,B_830305_92,多摩川 / basin 92,all_land_use,Pa->Jo,1,continue,0,4,0
unit_basin,B_830305_92,多摩川 / basin 92,all_land_use,Pa->Jo,1,drop,0,4,0
unit_basin,B_830305_92,多摩川 / basin 92,all_land_use,Pa->Jo,1,new,4,4,1
unit_basin,B_830305_98,多摩川 / basin 98,all_land_use,Jo->Ya,2,continue,0,13,0
unit_basin,B_830305_98,多摩川 / basin 98,all_land_use,Jo->Ya,2,drop,13,13,1
unit_basin,B_830305_98,多摩川 / basin 98,all_land_use,Jo->Ya,2,new,0,13,0
unit_basin,B_830305_98,多摩川 / basin 98,all_land_use,Pa->Jo,1,continue,0,13,0
unit_basin,B_830305_98,多摩川 / basin 98,all_land_use,Pa->Jo,1,drop,0,13,0
unit_basin,B_830305_98,多摩川 / basin 98,all_land_use,Pa->Jo,1,new,13,13,1
unit_basin,B_830306_16,鶴見川 / basin 16,all_land_use,He->Me,6,continue,8,84,0.09523809523809523
unit_basin,B_830306_16,鶴見川 / basin 16,all_land_use,He->Me,6,drop,73,84,0.8690476190476191
unit_basin,B_830306_16,鶴見川 / basin 16,all_land_use,He->Me,6,new,3,84,0.03571428571428571
unit_basin,B_830306_16,鶴見川 / basin 16,all_land_use,Jo->Ya,2,continue,16,135,0.11851851851851852
unit_basin,B_830306_16,鶴見川 / basin 16,all_land_use,Jo->Ya,2,drop,118,135,0.8740740740740741
unit_basin,B_830306_16,鶴見川 / basin 16,all_land_use,Jo->Ya,2,new,1,135,0.007407407407407408
unit_basin,B_830306_16,鶴見川 / basin 16,all_land_use,Ko->Na,4,continue,25,85,0.29411764705882354
unit_basin,B_830306_16,鶴見川 / basin 16,all_land_use,Ko->Na,4,drop,6,85,0.07058823529411765
unit_basin,B_830306_16,鶴見川 / basin 16,all_land_use,Ko->Na,4,new,54,85,0.6352941176470588
unit_basin,B_830306_16,鶴見川 / basin 16,all_land_use,Na->He,5,continue,77,83,0.927710843373494
unit_basin,B_830306_16,鶴見川 / basin 16,all_land_use,Na->He,5,drop,2,83,0.024096385542168676
unit_basin,B_830306_16,鶴見川 / basin 16,all_land_use,Na->He,5,new,4,83,0.04819277108433735
unit_basin,B_830306_16,鶴見川 / basin 16,all_land_use,Pa->Jo,1,continue,6,136,0.04411764705882353
unit_basin,B_830306_16,鶴見川 / basin 16,all_land_use,Pa->Jo,1,drop,2,136,0.014705882352941176
unit_basin,B_830306_16,鶴見川 / basin 16,all_land_use,Pa->Jo,1,new,128,136,0.9411764705882353
unit_basin,B_830306_16,鶴見川 / basin 16,all_land_use,Ya->Ko,3,continue,10,38,0.2631578947368421
unit_basin,B_830306_16,鶴見川 / basin 16,all_land_use,Ya->Ko,3,drop,7,38,0.18421052631578946
unit_basin,B_830306_16,鶴見川 / basin 16,all_land_use,Ya->Ko,3,new,21,38,0.5526315789473685
unit_basin,B_830306_17,鶴見川 / basin 17,all_land_use,He->Me,6,continue,0,9,0
unit_basin,B_830306_17,鶴見川 / basin 17,all_land_use,He->Me,6,drop,9,9,1
unit_basin,B_830306_17,鶴見川 / basin 17,all_land_use,He->Me,6,new,0,9,0
unit_basin,B_830306_17,鶴見川 / basin 17,all_land_use,Jo->Ya,2,continue,2,9,0.2222222222222222
unit_basin,B_830306_17,鶴見川 / basin 17,all_land_use,Jo->Ya,2,drop,7,9,0.7777777777777778
unit_basin,B_830306_17,鶴見川 / basin 17,all_land_use,Jo->Ya,2,new,0,9,0
unit_basin,B_830306_17,鶴見川 / basin 17,all_land_use,Ko->Na,4,continue,2,10,0.2
unit_basin,B_830306_17,鶴見川 / basin 17,all_land_use,Ko->Na,4,drop,2,10,0.2
unit_basin,B_830306_17,鶴見川 / basin 17,all_land_use,Ko->Na,4,new,6,10,0.6
unit_basin,B_830306_17,鶴見川 / basin 17,all_land_use,Na->He,5,continue,8,9,0.8888888888888888
unit_basin,B_830306_17,鶴見川 / basin 17,all_land_use,Na->He,5,drop,0,9,0
unit_basin,B_830306_17,鶴見川 / basin 17,all_land_use,Na->He,5,new,1,9,0.1111111111111111
unit_basin,B_830306_17,鶴見川 / basin 17,all_land_use,Pa->Jo,1,continue,0,9,0
unit_basin,B_830306_17,鶴見川 / basin 17,all_land_use,Pa->Jo,1,drop,0,9,0
unit_basin,B_830306_17,鶴見川 / basin 17,all_land_use,Pa->Jo,1,new,9,9,1
unit_basin,B_830306_17,鶴見川 / basin 17,all_land_use,Ya->Ko,3,continue,2,4,0.5
unit_basin,B_830306_17,鶴見川 / basin 17,all_land_use,Ya->Ko,3,drop,0,4,0
unit_basin,B_830306_17,鶴見川 / basin 17,all_land_use,Ya->Ko,3,new,2,4,0.5
unit_basin,B_830306_19,鶴見川 / basin 19,all_land_use,He->Me,6,continue,0,14,0
unit_basin,B_830306_19,鶴見川 / basin 19,all_land_use,He->Me,6,drop,11,14,0.7857142857142857
unit_basin,B_830306_19,鶴見川 / basin 19,all_land_use,He->Me,6,new,3,14,0.21428571428571427
unit_basin,B_830306_19,鶴見川 / basin 19,all_land_use,Jo->Ya,2,continue,1,23,0.043478260869565216
unit_basin,B_830306_19,鶴見川 / basin 19,all_land_use,Jo->Ya,2,drop,22,23,0.9565217391304348
unit_basin,B_830306_19,鶴見川 / basin 19,all_land_use,Jo->Ya,2,new,0,23,0
unit_basin,B_830306_19,鶴見川 / basin 19,all_land_use,Ko->Na,4,continue,1,12,0.08333333333333333
unit_basin,B_830306_19,鶴見川 / basin 19,all_land_use,Ko->Na,4,drop,5,12,0.4166666666666667
unit_basin,B_830306_19,鶴見川 / basin 19,all_land_use,Ko->Na,4,new,6,12,0.5
unit_basin,B_830306_19,鶴見川 / basin 19,all_land_use,Na->He,5,continue,5,13,0.38461538461538464
unit_basin,B_830306_19,鶴見川 / basin 19,all_land_use,Na->He,5,drop,2,13,0.15384615384615385
unit_basin,B_830306_19,鶴見川 / basin 19,all_land_use,Na->He,5,new,6,13,0.46153846153846156
unit_basin,B_830306_19,鶴見川 / basin 19,all_land_use,Pa->Jo,1,continue,2,23,0.08695652173913043
unit_basin,B_830306_19,鶴見川 / basin 19,all_land_use,Pa->Jo,1,drop,0,23,0
unit_basin,B_830306_19,鶴見川 / basin 19,all_land_use,Pa->Jo,1,new,21,23,0.9130434782608695
unit_basin,B_830306_19,鶴見川 / basin 19,all_land_use,Ya->Ko,3,continue,1,6,0.16666666666666666
unit_basin,B_830306_19,鶴見川 / basin 19,all_land_use,Ya->Ko,3,drop,0,6,0
unit_basin,B_830306_19,鶴見川 / basin 19,all_land_use,Ya->Ko,3,new,5,6,0.8333333333333334
unit_basin,B_830306_20,鶴見川 / basin 20,all_land_use,He->Me,6,continue,39,237,0.16455696202531644
unit_basin,B_830306_20,鶴見川 / basin 20,all_land_use,He->Me,6,drop,179,237,0.7552742616033755
unit_basin,B_830306_20,鶴見川 / basin 20,all_land_use,He->Me,6,new,19,237,0.08016877637130802
unit_basin,B_830306_20,鶴見川 / basin 20,all_land_use,Jo->Ya,2,continue,44,318,0.13836477987421383
unit_basin,B_830306_20,鶴見川 / basin 20,all_land_use,Jo->Ya,2,drop,270,318,0.8490566037735849
unit_basin,B_830306_20,鶴見川 / basin 20,all_land_use,Jo->Ya,2,new,4,318,0.012578616352201259
unit_basin,B_830306_20,鶴見川 / basin 20,all_land_use,Ko->Na,4,continue,38,207,0.18357487922705315
unit_basin,B_830306_20,鶴見川 / basin 20,all_land_use,Ko->Na,4,drop,11,207,0.05314009661835749
unit_basin,B_830306_20,鶴見川 / basin 20,all_land_use,Ko->Na,4,new,158,207,0.7632850241545893
unit_basin,B_830306_20,鶴見川 / basin 20,all_land_use,Na->He,5,continue,189,225,0.84
unit_basin,B_830306_20,鶴見川 / basin 20,all_land_use,Na->He,5,drop,7,225,0.03111111111111111
unit_basin,B_830306_20,鶴見川 / basin 20,all_land_use,Na->He,5,new,29,225,0.1288888888888889
unit_basin,B_830306_20,鶴見川 / basin 20,all_land_use,Pa->Jo,1,continue,13,316,0.04113924050632911
unit_basin,B_830306_20,鶴見川 / basin 20,all_land_use,Pa->Jo,1,drop,2,316,0.006329113924050633
unit_basin,B_830306_20,鶴見川 / basin 20,all_land_use,Pa->Jo,1,new,301,316,0.9525316455696202
unit_basin,B_830306_20,鶴見川 / basin 20,all_land_use,Ya->Ko,3,continue,17,80,0.2125
unit_basin,B_830306_20,鶴見川 / basin 20,all_land_use,Ya->Ko,3,drop,31,80,0.3875
unit_basin,B_830306_20,鶴見川 / basin 20,all_land_use,Ya->Ko,3,new,32,80,0.4
unit_basin,B_830306_21,鶴見川 / basin 21,all_land_use,He->Me,6,continue,9,54,0.16666666666666666
unit_basin,B_830306_21,鶴見川 / basin 21,all_land_use,He->Me,6,drop,36,54,0.6666666666666666
unit_basin,B_830306_21,鶴見川 / basin 21,all_land_use,He->Me,6,new,9,54,0.16666666666666666
unit_basin,B_830306_21,鶴見川 / basin 21,all_land_use,Jo->Ya,2,continue,7,59,0.11864406779661017
unit_basin,B_830306_21,鶴見川 / basin 21,all_land_use,Jo->Ya,2,drop,52,59,0.8813559322033898
unit_basin,B_830306_21,鶴見川 / basin 21,all_land_use,Jo->Ya,2,new,0,59,0
unit_basin,B_830306_21,鶴見川 / basin 21,all_land_use,Ko->Na,4,continue,7,47,0.14893617021276595
unit_basin,B_830306_21,鶴見川 / basin 21,all_land_use,Ko->Na,4,drop,10,47,0.2127659574468085
unit_basin,B_830306_21,鶴見川 / basin 21,all_land_use,Ko->Na,4,new,30,47,0.6382978723404256
unit_basin,B_830306_21,鶴見川 / basin 21,all_land_use,Na->He,5,continue,35,47,0.7446808510638298
unit_basin,B_830306_21,鶴見川 / basin 21,all_land_use,Na->He,5,drop,2,47,0.0425531914893617
unit_basin,B_830306_21,鶴見川 / basin 21,all_land_use,Na->He,5,new,10,47,0.2127659574468085
unit_basin,B_830306_21,鶴見川 / basin 21,all_land_use,Pa->Jo,1,continue,6,61,0.09836065573770492
unit_basin,B_830306_21,鶴見川 / basin 21,all_land_use,Pa->Jo,1,drop,2,61,0.03278688524590164
unit_basin,B_830306_21,鶴見川 / basin 21,all_land_use,Pa->Jo,1,new,53,61,0.8688524590163934
unit_basin,B_830306_21,鶴見川 / basin 21,all_land_use,Ya->Ko,3,continue,2,22,0.09090909090909091
unit_basin,B_830306_21,鶴見川 / basin 21,all_land_use,Ya->Ko,3,drop,5,22,0.22727272727272727
unit_basin,B_830306_21,鶴見川 / basin 21,all_land_use,Ya->Ko,3,new,15,22,0.6818181818181818
unit_basin,B_unknown_0,unknown / basin 0,all_land_use,He->Me,6,continue,10,105,0.09523809523809523
unit_basin,B_unknown_0,unknown / basin 0,all_land_use,He->Me,6,drop,32,105,0.3047619047619048
unit_basin,B_unknown_0,unknown / basin 0,all_land_use,He->Me,6,new,63,105,0.6
unit_basin,B_unknown_0,unknown / basin 0,all_land_use,Jo->Ya,2,continue,40,248,0.16129032258064516
unit_basin,B_unknown_0,unknown / basin 0,all_land_use,Jo->Ya,2,drop,190,248,0.7661290322580645
unit_basin,B_unknown_0,unknown / basin 0,all_land_use,Jo->Ya,2,new,18,248,0.07258064516129033
unit_basin,B_unknown_0,unknown / basin 0,all_land_use,Ko->Na,4,continue,54,158,0.34177215189873417
unit_basin,B_unknown_0,unknown / basin 0,all_land_use,Ko->Na,4,drop,84,158,0.5316455696202531
unit_basin,B_unknown_0,unknown / basin 0,all_land_use,Ko->Na,4,new,20,158,0.12658227848101267
unit_basin,B_unknown_0,unknown / basin 0,all_land_use,Na->He,5,continue,27,89,0.30337078651685395
unit_basin,B_unknown_0,unknown / basin 0,all_land_use,Na->He,5,drop,47,89,0.5280898876404494
unit_basin,B_unknown_0,unknown / basin 0,all_land_use,Na->He,5,new,15,89,0.16853932584269662
unit_basin,B_unknown_0,unknown / basin 0,all_land_use,Pa->Jo,1,continue,33,236,0.13983050847457626
unit_basin,B_unknown_0,unknown / basin 0,all_land_use,Pa->Jo,1,drop,6,236,0.025423728813559324
unit_basin,B_unknown_0,unknown / basin 0,all_land_use,Pa->Jo,1,new,197,236,0.8347457627118644
unit_basin,B_unknown_0,unknown / basin 0,all_land_use,Ya->Ko,3,continue,19,177,0.10734463276836158
unit_basin,B_unknown_0,unknown / basin 0,all_land_use,Ya->Ko,3,drop,39,177,0.22033898305084745
unit_basin,B_unknown_0,unknown / basin 0,all_land_use,Ya->Ko,3,new,119,177,0.672316384180791
watershed_x_landform,B_120000_6_LF_10314,名称不明 / basin 6 / 台地・段丘,all_land_use,He->Me,6,continue,0,1,0
watershed_x_landform,B_120000_6_LF_10314,名称不明 / basin 6 / 台地・段丘,all_land_use,He->Me,6,drop,1,1,1
watershed_x_landform,B_120000_6_LF_10314,名称不明 / basin 6 / 台地・段丘,all_land_use,He->Me,6,new,0,1,0
watershed_x_landform,B_120000_6_LF_10314,名称不明 / basin 6 / 台地・段丘,all_land_use,Jo->Ya,2,continue,0,1,0
watershed_x_landform,B_120000_6_LF_10314,名称不明 / basin 6 / 台地・段丘,all_land_use,Jo->Ya,2,drop,1,1,1
watershed_x_landform,B_120000_6_LF_10314,名称不明 / basin 6 / 台地・段丘,all_land_use,Jo->Ya,2,new,0,1,0
watershed_x_landform,B_120000_6_LF_10314,名称不明 / basin 6 / 台地・段丘,all_land_use,Ko->Na,4,continue,0,1,0
watershed_x_landform,B_120000_6_LF_10314,名称不明 / basin 6 / 台地・段丘,all_land_use,Ko->Na,4,drop,0,1,0
watershed_x_landform,B_120000_6_LF_10314,名称不明 / basin 6 / 台地・段丘,all_land_use,Ko->Na,4,new,1,1,1
watershed_x_landform,B_120000_6_LF_10314,名称不明 / basin 6 / 台地・段丘,all_land_use,Na->He,5,continue,1,1,1
watershed_x_landform,B_120000_6_LF_10314,名称不明 / basin 6 / 台地・段丘,all_land_use,Na->He,5,drop,0,1,0
watershed_x_landform,B_120000_6_LF_10314,名称不明 / basin 6 / 台地・段丘,all_land_use,Na->He,5,new,0,1,0
watershed_x_landform,B_120000_6_LF_10314,名称不明 / basin 6 / 台地・段丘,all_land_use,Pa->Jo,1,continue,0,1,0
watershed_x_landform,B_120000_6_LF_10314,名称不明 / basin 6 / 台地・段丘,all_land_use,Pa->Jo,1,drop,0,1,0
watershed_x_landform,B_120000_6_LF_10314,名称不明 / basin 6 / 台地・段丘,all_land_use,Pa->Jo,1,new,1,1,1
watershed_x_landform,B_130000_1_LF_2010101,名称不明 / basin 1 / 台地・段丘,all_land_use,He->Me,6,continue,1,4,0.25
watershed_x_landform,B_130000_1_LF_2010101,名称不明 / basin 1 / 台地・段丘,all_land_use,He->Me,6,drop,3,4,0.75
watershed_x_landform,B_130000_1_LF_2010101,名称不明 / basin 1 / 台地・段丘,all_land_use,He->Me,6,new,0,4,0
watershed_x_landform,B_130000_1_LF_2010101,名称不明 / basin 1 / 台地・段丘,all_land_use,Jo->Ya,2,continue,7,16,0.4375
watershed_x_landform,B_130000_1_LF_2010101,名称不明 / basin 1 / 台地・段丘,all_land_use,Jo->Ya,2,drop,4,16,0.25
watershed_x_landform,B_130000_1_LF_2010101,名称不明 / basin 1 / 台地・段丘,all_land_use,Jo->Ya,2,new,5,16,0.3125
watershed_x_landform,B_130000_1_LF_2010101,名称不明 / basin 1 / 台地・段丘,all_land_use,Ko->Na,4,continue,4,11,0.36363636363636365
watershed_x_landform,B_130000_1_LF_2010101,名称不明 / basin 1 / 台地・段丘,all_land_use,Ko->Na,4,drop,7,11,0.6363636363636364
watershed_x_landform,B_130000_1_LF_2010101,名称不明 / basin 1 / 台地・段丘,all_land_use,Ko->Na,4,new,0,11,0
watershed_x_landform,B_130000_1_LF_2010101,名称不明 / basin 1 / 台地・段丘,all_land_use,Na->He,5,continue,4,4,1
watershed_x_landform,B_130000_1_LF_2010101,名称不明 / basin 1 / 台地・段丘,all_land_use,Na->He,5,drop,0,4,0
watershed_x_landform,B_130000_1_LF_2010101,名称不明 / basin 1 / 台地・段丘,all_land_use,Na->He,5,new,0,4,0
watershed_x_landform,B_130000_1_LF_2010101,名称不明 / basin 1 / 台地・段丘,all_land_use,Pa->Jo,1,continue,2,11,0.18181818181818182
watershed_x_landform,B_130000_1_LF_2010101,名称不明 / basin 1 / 台地・段丘,all_land_use,Pa->Jo,1,drop,0,11,0
watershed_x_landform,B_130000_1_LF_2010101,名称不明 / basin 1 / 台地・段丘,all_land_use,Pa->Jo,1,new,9,11,0.8181818181818182
watershed_x_landform,B_130000_1_LF_2010101,名称不明 / basin 1 / 台地・段丘,all_land_use,Ya->Ko,3,continue,9,14,0.6428571428571429
watershed_x_landform,B_130000_1_LF_2010101,名称不明 / basin 1 / 台地・段丘,all_land_use,Ya->Ko,3,drop,3,14,0.21428571428571427
watershed_x_landform,B_130000_1_LF_2010101,名称不明 / basin 1 / 台地・段丘,all_land_use,Ya->Ko,3,new,2,14,0.14285714285714285
watershed_x_landform,B_130000_1_LF_2010201,名称不明 / basin 1 / 崖・段丘崖,all_land_use,Ko->Na,4,continue,0,1,0
watershed_x_landform,B_130000_1_LF_2010201,名称不明 / basin 1 / 崖・段丘崖,all_land_use,Ko->Na,4,drop,1,1,1
watershed_x_landform,B_130000_1_LF_2010201,名称不明 / basin 1 / 崖・段丘崖,all_land_use,Ko->Na,4,new,0,1,0
watershed_x_landform,B_130000_1_LF_2010201,名称不明 / basin 1 / 崖・段丘崖,all_land_use,Ya->Ko,3,continue,0,1,0
watershed_x_landform,B_130000_1_LF_2010201,名称不明 / basin 1 / 崖・段丘崖,all_land_use,Ya->Ko,3,drop,0,1,0
watershed_x_landform,B_130000_1_LF_2010201,名称不明 / basin 1 / 崖・段丘崖,all_land_use,Ya->Ko,3,new,1,1,1
watershed_x_landform,B_130000_1_LF_3030101,名称不明 / basin 1 / 氾濫平野・海岸平野,all_land_use,Jo->Ya,2,continue,1,2,0.5
watershed_x_landform,B_130000_1_LF_3030101,名称不明 / basin 1 / 氾濫平野・海岸平野,all_land_use,Jo->Ya,2,drop,0,2,0
watershed_x_landform,B_130000_1_LF_3030101,名称不明 / basin 1 / 氾濫平野・海岸平野,all_land_use,Jo->Ya,2,new,1,2,0.5
watershed_x_landform,B_130000_1_LF_3030101,名称不明 / basin 1 / 氾濫平野・海岸平野,all_land_use,Pa->Jo,1,continue,0,1,0
watershed_x_landform,B_130000_1_LF_3030101,名称不明 / basin 1 / 氾濫平野・海岸平野,all_land_use,Pa->Jo,1,drop,0,1,0
watershed_x_landform,B_130000_1_LF_3030101,名称不明 / basin 1 / 氾濫平野・海岸平野,all_land_use,Pa->Jo,1,new,1,1,1
watershed_x_landform,B_130000_1_LF_3030101,名称不明 / basin 1 / 氾濫平野・海岸平野,all_land_use,Ya->Ko,3,continue,0,2,0
watershed_x_landform,B_130000_1_LF_3030101,名称不明 / basin 1 / 氾濫平野・海岸平野,all_land_use,Ya->Ko,3,drop,2,2,1
watershed_x_landform,B_130000_1_LF_3030101,名称不明 / basin 1 / 氾濫平野・海岸平野,all_land_use,Ya->Ko,3,new,0,2,0
watershed_x_landform,B_130000_2_LF_10101,名称不明 / basin 2 / 山地斜面等,all_land_use,He->Me,6,continue,0,1,0
watershed_x_landform,B_130000_2_LF_10101,名称不明 / basin 2 / 山地斜面等,all_land_use,He->Me,6,drop,1,1,1
watershed_x_landform,B_130000_2_LF_10101,名称不明 / basin 2 / 山地斜面等,all_land_use,He->Me,6,new,0,1,0
watershed_x_landform,B_130000_2_LF_10101,名称不明 / basin 2 / 山地斜面等,all_land_use,Jo->Ya,2,continue,1,2,0.5
watershed_x_landform,B_130000_2_LF_10101,名称不明 / basin 2 / 山地斜面等,all_land_use,Jo->Ya,2,drop,1,2,0.5
watershed_x_landform,B_130000_2_LF_10101,名称不明 / basin 2 / 山地斜面等,all_land_use,Jo->Ya,2,new,0,2,0
watershed_x_landform,B_130000_2_LF_10101,名称不明 / basin 2 / 山地斜面等,all_land_use,Na->He,5,continue,0,1,0
watershed_x_landform,B_130000_2_LF_10101,名称不明 / basin 2 / 山地斜面等,all_land_use,Na->He,5,drop,0,1,0
watershed_x_landform,B_130000_2_LF_10101,名称不明 / basin 2 / 山地斜面等,all_land_use,Na->He,5,new,1,1,1
watershed_x_landform,B_130000_2_LF_10101,名称不明 / basin 2 / 山地斜面等,all_land_use,Pa->Jo,1,continue,0,3,0
watershed_x_landform,B_130000_2_LF_10101,名称不明 / basin 2 / 山地斜面等,all_land_use,Pa->Jo,1,drop,1,3,0.3333333333333333
watershed_x_landform,B_130000_2_LF_10101,名称不明 / basin 2 / 山地斜面等,all_land_use,Pa->Jo,1,new,2,3,0.6666666666666666
watershed_x_landform,B_130000_2_LF_10101,名称不明 / basin 2 / 山地斜面等,all_land_use,Ya->Ko,3,continue,0,1,0
watershed_x_landform,B_130000_2_LF_10101,名称不明 / basin 2 / 山地斜面等,all_land_use,Ya->Ko,3,drop,1,1,1
watershed_x_landform,B_130000_2_LF_10101,名称不明 / basin 2 / 山地斜面等,all_land_use,Ya->Ko,3,new,0,1,0
watershed_x_landform,B_130000_2_LF_10314,名称不明 / basin 2 / 台地・段丘,all_land_use,Jo->Ya,2,continue,1,1,1
watershed_x_landform,B_130000_2_LF_10314,名称不明 / basin 2 / 台地・段丘,all_land_use,Jo->Ya,2,drop,0,1,0
watershed_x_landform,B_130000_2_LF_10314,名称不明 / basin 2 / 台地・段丘,all_land_use,Jo->Ya,2,new,0,1,0
watershed_x_landform,B_130000_2_LF_10314,名称不明 / basin 2 / 台地・段丘,all_land_use,Pa->Jo,1,continue,0,1,0
watershed_x_landform,B_130000_2_LF_10314,名称不明 / basin 2 / 台地・段丘,all_land_use,Pa->Jo,1,drop,0,1,0
watershed_x_landform,B_130000_2_LF_10314,名称不明 / basin 2 / 台地・段丘,all_land_use,Pa->Jo,1,new,1,1,1
watershed_x_landform,B_130000_2_LF_10314,名称不明 / basin 2 / 台地・段丘,all_land_use,Ya->Ko,3,continue,0,1,0
watershed_x_landform,B_130000_2_LF_10314,名称不明 / basin 2 / 台地・段丘,all_land_use,Ya->Ko,3,drop,1,1,1
watershed_x_landform,B_130000_2_LF_10314,名称不明 / basin 2 / 台地・段丘,all_land_use,Ya->Ko,3,new,0,1,0
watershed_x_landform,B_130000_2_LF_10601,名称不明 / basin 2 / 凹地・浅い谷,all_land_use,Jo->Ya,2,continue,0,1,0
watershed_x_landform,B_130000_2_LF_10601,名称不明 / basin 2 / 凹地・浅い谷,all_land_use,Jo->Ya,2,drop,1,1,1
watershed_x_landform,B_130000_2_LF_10601,名称不明 / basin 2 / 凹地・浅い谷,all_land_use,Jo->Ya,2,new,0,1,0
watershed_x_landform,B_130000_2_LF_10601,名称不明 / basin 2 / 凹地・浅い谷,all_land_use,Pa->Jo,1,continue,1,1,1
watershed_x_landform,B_130000_2_LF_10601,名称不明 / basin 2 / 凹地・浅い谷,all_land_use,Pa->Jo,1,drop,0,1,0
watershed_x_landform,B_130000_2_LF_10601,名称不明 / basin 2 / 凹地・浅い谷,all_land_use,Pa->Jo,1,new,0,1,0
watershed_x_landform,B_130000_2_LF_10701,名称不明 / basin 2 / 氾濫平野・海岸平野,all_land_use,Jo->Ya,2,continue,0,1,0
watershed_x_landform,B_130000_2_LF_10701,名称不明 / basin 2 / 氾濫平野・海岸平野,all_land_use,Jo->Ya,2,drop,1,1,1
watershed_x_landform,B_130000_2_LF_10701,名称不明 / basin 2 / 氾濫平野・海岸平野,all_land_use,Jo->Ya,2,new,0,1,0
watershed_x_landform,B_130000_2_LF_10701,名称不明 / basin 2 / 氾濫平野・海岸平野,all_land_use,Pa->Jo,1,continue,0,1,0
watershed_x_landform,B_130000_2_LF_10701,名称不明 / basin 2 / 氾濫平野・海岸平野,all_land_use,Pa->Jo,1,drop,0,1,0
watershed_x_landform,B_130000_2_LF_10701,名称不明 / basin 2 / 氾濫平野・海岸平野,all_land_use,Pa->Jo,1,new,1,1,1
watershed_x_landform,B_130000_3_LF_10314,名称不明 / basin 3 / 台地・段丘,all_land_use,Jo->Ya,2,continue,1,9,0.1111111111111111
watershed_x_landform,B_130000_3_LF_10314,名称不明 / basin 3 / 台地・段丘,all_land_use,Jo->Ya,2,drop,8,9,0.8888888888888888
watershed_x_landform,B_130000_3_LF_10314,名称不明 / basin 3 / 台地・段丘,all_land_use,Jo->Ya,2,new,0,9,0
watershed_x_landform,B_130000_3_LF_10314,名称不明 / basin 3 / 台地・段丘,all_land_use,Pa->Jo,1,continue,1,9,0.1111111111111111
watershed_x_landform,B_130000_3_LF_10314,名称不明 / basin 3 / 台地・段丘,all_land_use,Pa->Jo,1,drop,0,9,0
watershed_x_landform,B_130000_3_LF_10314,名称不明 / basin 3 / 台地・段丘,all_land_use,Pa->Jo,1,new,8,9,0.8888888888888888
watershed_x_landform,B_130000_3_LF_10314,名称不明 / basin 3 / 台地・段丘,all_land_use,Ya->Ko,3,continue,0,1,0
watershed_x_landform,B_130000_3_LF_10314,名称不明 / basin 3 / 台地・段丘,all_land_use,Ya->Ko,3,drop,1,1,1
watershed_x_landform,B_130000_3_LF_10314,名称不明 / basin 3 / 台地・段丘,all_land_use,Ya->Ko,3,new,0,1,0
watershed_x_landform,B_130000_3_LF_10601,名称不明 / basin 3 / 凹地・浅い谷,all_land_use,Jo->Ya,2,continue,0,3,0
watershed_x_landform,B_130000_3_LF_10601,名称不明 / basin 3 / 凹地・浅い谷,all_land_use,Jo->Ya,2,drop,3,3,1
watershed_x_landform,B_130000_3_LF_10601,名称不明 / basin 3 / 凹地・浅い谷,all_land_use,Jo->Ya,2,new,0,3,0
watershed_x_landform,B_130000_3_LF_10601,名称不明 / basin 3 / 凹地・浅い谷,all_land_use,Pa->Jo,1,continue,1,3,0.3333333333333333
watershed_x_landform,B_130000_3_LF_10601,名称不明 / basin 3 / 凹地・浅い谷,all_land_use,Pa->Jo,1,drop,0,3,0
watershed_x_landform,B_130000_3_LF_10601,名称不明 / basin 3 / 凹地・浅い谷,all_land_use,Pa->Jo,1,new,2,3,0.6666666666666666
watershed_x_landform,B_130000_4_LF_1010101,名称不明 / basin 4 / 山地斜面等,all_land_use,He->Me,6,continue,0,1,0
watershed_x_landform,B_130000_4_LF_1010101,名称不明 / basin 4 / 山地斜面等,all_land_use,He->Me,6,drop,0,1,0
watershed_x_landform,B_130000_4_LF_1010101,名称不明 / basin 4 / 山地斜面等,all_land_use,He->Me,6,new,1,1,1
watershed_x_landform,B_130000_4_LF_1010101,名称不明 / basin 4 / 山地斜面等,all_land_use,Jo->Ya,2,continue,2,3,0.6666666666666666
watershed_x_landform,B_130000_4_LF_1010101,名称不明 / basin 4 / 山地斜面等,all_land_use,Jo->Ya,2,drop,1,3,0.3333333333333333
watershed_x_landform,B_130000_4_LF_1010101,名称不明 / basin 4 / 山地斜面等,all_land_use,Jo->Ya,2,new,0,3,0
watershed_x_landform,B_130000_4_LF_1010101,名称不明 / basin 4 / 山地斜面等,all_land_use,Pa->Jo,1,continue,1,3,0.3333333333333333
watershed_x_landform,B_130000_4_LF_1010101,名称不明 / basin 4 / 山地斜面等,all_land_use,Pa->Jo,1,drop,0,3,0
watershed_x_landform,B_130000_4_LF_1010101,名称不明 / basin 4 / 山地斜面等,all_land_use,Pa->Jo,1,new,2,3,0.6666666666666666
watershed_x_landform,B_130000_4_LF_1010101,名称不明 / basin 4 / 山地斜面等,all_land_use,Ya->Ko,3,continue,0,2,0
watershed_x_landform,B_130000_4_LF_1010101,名称不明 / basin 4 / 山地斜面等,all_land_use,Ya->Ko,3,drop,2,2,1
watershed_x_landform,B_130000_4_LF_1010101,名称不明 / basin 4 / 山地斜面等,all_land_use,Ya->Ko,3,new,0,2,0
watershed_x_landform,B_130000_4_LF_10305,名称不明 / basin 4 / 台地・段丘,all_land_use,He->Me,6,continue,1,1,1
watershed_x_landform,B_130000_4_LF_10305,名称不明 / basin 4 / 台地・段丘,all_land_use,He->Me,6,drop,0,1,0
watershed_x_landform,B_130000_4_LF_10305,名称不明 / basin 4 / 台地・段丘,all_land_use,He->Me,6,new,0,1,0
watershed_x_landform,B_130000_4_LF_10305,名称不明 / basin 4 / 台地・段丘,all_land_use,Jo->Ya,2,continue,0,1,0
watershed_x_landform,B_130000_4_LF_10305,名称不明 / basin 4 / 台地・段丘,all_land_use,Jo->Ya,2,drop,1,1,1
watershed_x_landform,B_130000_4_LF_10305,名称不明 / basin 4 / 台地・段丘,all_land_use,Jo->Ya,2,new,0,1,0
watershed_x_landform,B_130000_4_LF_10305,名称不明 / basin 4 / 台地・段丘,all_land_use,Ko->Na,4,continue,1,1,1
watershed_x_landform,B_130000_4_LF_10305,名称不明 / basin 4 / 台地・段丘,all_land_use,Ko->Na,4,drop,0,1,0
watershed_x_landform,B_130000_4_LF_10305,名称不明 / basin 4 / 台地・段丘,all_land_use,Ko->Na,4,new,0,1,0
watershed_x_landform,B_130000_4_LF_10305,名称不明 / basin 4 / 台地・段丘,all_land_use,Na->He,5,continue,1,1,1
watershed_x_landform,B_130000_4_LF_10305,名称不明 / basin 4 / 台地・段丘,all_land_use,Na->He,5,drop,0,1,0
watershed_x_landform,B_130000_4_LF_10305,名称不明 / basin 4 / 台地・段丘,all_land_use,Na->He,5,new,0,1,0
watershed_x_landform,B_130000_4_LF_10305,名称不明 / basin 4 / 台地・段丘,all_land_use,Pa->Jo,1,continue,0,1,0
watershed_x_landform,B_130000_4_LF_10305,名称不明 / basin 4 / 台地・段丘,all_land_use,Pa->Jo,1,drop,0,1,0
watershed_x_landform,B_130000_4_LF_10305,名称不明 / basin 4 / 台地・段丘,all_land_use,Pa->Jo,1,new,1,1,1
watershed_x_landform,B_130000_4_LF_10305,名称不明 / basin 4 / 台地・段丘,all_land_use,Ya->Ko,3,continue,0,1,0
watershed_x_landform,B_130000_4_LF_10305,名称不明 / basin 4 / 台地・段丘,all_land_use,Ya->Ko,3,drop,0,1,0
watershed_x_landform,B_130000_4_LF_10305,名称不明 / basin 4 / 台地・段丘,all_land_use,Ya->Ko,3,new,1,1,1
watershed_x_landform,B_130000_4_LF_10314,名称不明 / basin 4 / 台地・段丘,all_land_use,He->Me,6,continue,1,3,0.3333333333333333
watershed_x_landform,B_130000_4_LF_10314,名称不明 / basin 4 / 台地・段丘,all_land_use,He->Me,6,drop,1,3,0.3333333333333333
watershed_x_landform,B_130000_4_LF_10314,名称不明 / basin 4 / 台地・段丘,all_land_use,He->Me,6,new,1,3,0.3333333333333333
watershed_x_landform,B_130000_4_LF_10314,名称不明 / basin 4 / 台地・段丘,all_land_use,Jo->Ya,2,continue,1,2,0.5
watershed_x_landform,B_130000_4_LF_10314,名称不明 / basin 4 / 台地・段丘,all_land_use,Jo->Ya,2,drop,1,2,0.5
watershed_x_landform,B_130000_4_LF_10314,名称不明 / basin 4 / 台地・段丘,all_land_use,Jo->Ya,2,new,0,2,0
watershed_x_landform,B_130000_4_LF_10314,名称不明 / basin 4 / 台地・段丘,all_land_use,Na->He,5,continue,0,2,0
watershed_x_landform,B_130000_4_LF_10314,名称不明 / basin 4 / 台地・段丘,all_land_use,Na->He,5,drop,0,2,0
watershed_x_landform,B_130000_4_LF_10314,名称不明 / basin 4 / 台地・段丘,all_land_use,Na->He,5,new,2,2,1
watershed_x_landform,B_130000_4_LF_10314,名称不明 / basin 4 / 台地・段丘,all_land_use,Pa->Jo,1,continue,0,2,0
watershed_x_landform,B_130000_4_LF_10314,名称不明 / basin 4 / 台地・段丘,all_land_use,Pa->Jo,1,drop,0,2,0
watershed_x_landform,B_130000_4_LF_10314,名称不明 / basin 4 / 台地・段丘,all_land_use,Pa->Jo,1,new,2,2,1
watershed_x_landform,B_130000_4_LF_10314,名称不明 / basin 4 / 台地・段丘,all_land_use,Ya->Ko,3,continue,0,1,0
watershed_x_landform,B_130000_4_LF_10314,名称不明 / basin 4 / 台地・段丘,all_land_use,Ya->Ko,3,drop,1,1,1
watershed_x_landform,B_130000_4_LF_10314,名称不明 / basin 4 / 台地・段丘,all_land_use,Ya->Ko,3,new,0,1,0
watershed_x_landform,B_130000_4_LF_10701,名称不明 / basin 4 / 氾濫平野・海岸平野,all_land_use,Jo->Ya,2,continue,0,1,0
watershed_x_landform,B_130000_4_LF_10701,名称不明 / basin 4 / 氾濫平野・海岸平野,all_land_use,Jo->Ya,2,drop,1,1,1
watershed_x_landform,B_130000_4_LF_10701,名称不明 / basin 4 / 氾濫平野・海岸平野,all_land_use,Jo->Ya,2,new,0,1,0
watershed_x_landform,B_130000_4_LF_10701,名称不明 / basin 4 / 氾濫平野・海岸平野,all_land_use,Pa->Jo,1,continue,0,1,0
watershed_x_landform,B_130000_4_LF_10701,名称不明 / basin 4 / 氾濫平野・海岸平野,all_land_use,Pa->Jo,1,drop,0,1,0
watershed_x_landform,B_130000_4_LF_10701,名称不明 / basin 4 / 氾濫平野・海岸平野,all_land_use,Pa->Jo,1,new,1,1,1
watershed_x_landform,B_130000_4_LF_2010101,名称不明 / basin 4 / 台地・段丘,all_land_use,He->Me,6,continue,1,4,0.25
watershed_x_landform,B_130000_4_LF_2010101,名称不明 / basin 4 / 台地・段丘,all_land_use,He->Me,6,drop,2,4,0.5
watershed_x_landform,B_130000_4_LF_2010101,名称不明 / basin 4 / 台地・段丘,all_land_use,He->Me,6,new,1,4,0.25
watershed_x_landform,B_130000_4_LF_2010101,名称不明 / basin 4 / 台地・段丘,all_land_use,Jo->Ya,2,continue,6,30,0.2
watershed_x_landform,B_130000_4_LF_2010101,名称不明 / basin 4 / 台地・段丘,all_land_use,Jo->Ya,2,drop,24,30,0.8
watershed_x_landform,B_130000_4_LF_2010101,名称不明 / basin 4 / 台地・段丘,all_land_use,Jo->Ya,2,new,0,30,0
watershed_x_landform,B_130000_4_LF_2010101,名称不明 / basin 4 / 台地・段丘,all_land_use,Ko->Na,4,continue,1,9,0.1111111111111111
watershed_x_landform,B_130000_4_LF_2010101,名称不明 / basin 4 / 台地・段丘,all_land_use,Ko->Na,4,drop,6,9,0.6666666666666666
watershed_x_landform,B_130000_4_LF_2010101,名称不明 / basin 4 / 台地・段丘,all_land_use,Ko->Na,4,new,2,9,0.2222222222222222
watershed_x_landform,B_130000_4_LF_2010101,名称不明 / basin 4 / 台地・段丘,all_land_use,Na->He,5,continue,2,4,0.5
watershed_x_landform,B_130000_4_LF_2010101,名称不明 / basin 4 / 台地・段丘,all_land_use,Na->He,5,drop,1,4,0.25
watershed_x_landform,B_130000_4_LF_2010101,名称不明 / basin 4 / 台地・段丘,all_land_use,Na->He,5,new,1,4,0.25
watershed_x_landform,B_130000_4_LF_2010101,名称不明 / basin 4 / 台地・段丘,all_land_use,Pa->Jo,1,continue,6,30,0.2
watershed_x_landform,B_130000_4_LF_2010101,名称不明 / basin 4 / 台地・段丘,all_land_use,Pa->Jo,1,drop,0,30,0
watershed_x_landform,B_130000_4_LF_2010101,名称不明 / basin 4 / 台地・段丘,all_land_use,Pa->Jo,1,new,24,30,0.8
watershed_x_landform,B_130000_4_LF_2010101,名称不明 / basin 4 / 台地・段丘,all_land_use,Ya->Ko,3,continue,2,11,0.18181818181818182
watershed_x_landform,B_130000_4_LF_2010101,名称不明 / basin 4 / 台地・段丘,all_land_use,Ya->Ko,3,drop,4,11,0.36363636363636365
watershed_x_landform,B_130000_4_LF_2010101,名称不明 / basin 4 / 台地・段丘,all_land_use,Ya->Ko,3,new,5,11,0.45454545454545453
watershed_x_landform,B_130000_4_LF_3030101,名称不明 / basin 4 / 氾濫平野・海岸平野,all_land_use,He->Me,6,continue,0,1,0
watershed_x_landform,B_130000_4_LF_3030101,名称不明 / basin 4 / 氾濫平野・海岸平野,all_land_use,He->Me,6,drop,0,1,0
watershed_x_landform,B_130000_4_LF_3030101,名称不明 / basin 4 / 氾濫平野・海岸平野,all_land_use,He->Me,6,new,1,1,1
watershed_x_landform,B_130000_4_LF_3030101,名称不明 / basin 4 / 氾濫平野・海岸平野,all_land_use,Jo->Ya,2,continue,0,2,0
watershed_x_landform,B_130000_4_LF_3030101,名称不明 / basin 4 / 氾濫平野・海岸平野,all_land_use,Jo->Ya,2,drop,1,2,0.5
watershed_x_landform,B_130000_4_LF_3030101,名称不明 / basin 4 / 氾濫平野・海岸平野,all_land_use,Jo->Ya,2,new,1,2,0.5
watershed_x_landform,B_130000_4_LF_3030101,名称不明 / basin 4 / 氾濫平野・海岸平野,all_land_use,Ko->Na,4,continue,0,1,0
watershed_x_landform,B_130000_4_LF_3030101,名称不明 / basin 4 / 氾濫平野・海岸平野,all_land_use,Ko->Na,4,drop,1,1,1
watershed_x_landform,B_130000_4_LF_3030101,名称不明 / basin 4 / 氾濫平野・海岸平野,all_land_use,Ko->Na,4,new,0,1,0
watershed_x_landform,B_130000_4_LF_3030101,名称不明 / basin 4 / 氾濫平野・海岸平野,all_land_use,Pa->Jo,1,continue,0,1,0
watershed_x_landform,B_130000_4_LF_3030101,名称不明 / basin 4 / 氾濫平野・海岸平野,all_land_use,Pa->Jo,1,drop,0,1,0
watershed_x_landform,B_130000_4_LF_3030101,名称不明 / basin 4 / 氾濫平野・海岸平野,all_land_use,Pa->Jo,1,new,1,1,1
watershed_x_landform,B_130000_4_LF_3030101,名称不明 / basin 4 / 氾濫平野・海岸平野,all_land_use,Ya->Ko,3,continue,1,1,1
watershed_x_landform,B_130000_4_LF_3030101,名称不明 / basin 4 / 氾濫平野・海岸平野,all_land_use,Ya->Ko,3,drop,0,1,0
watershed_x_landform,B_130000_4_LF_3030101,名称不明 / basin 4 / 氾濫平野・海岸平野,all_land_use,Ya->Ko,3,new,0,1,0
watershed_x_landform,B_130000_4_LF_3030201,名称不明 / basin 4 / 後背低地・湿地,all_land_use,He->Me,6,continue,1,3,0.3333333333333333
watershed_x_landform,B_130000_4_LF_3030201,名称不明 / basin 4 / 後背低地・湿地,all_land_use,He->Me,6,drop,1,3,0.3333333333333333
watershed_x_landform,B_130000_4_LF_3030201,名称不明 / basin 4 / 後背低地・湿地,all_land_use,He->Me,6,new,1,3,0.3333333333333333
watershed_x_landform,B_130000_4_LF_3030201,名称不明 / basin 4 / 後背低地・湿地,all_land_use,Jo->Ya,2,continue,3,3,1
watershed_x_landform,B_130000_4_LF_3030201,名称不明 / basin 4 / 後背低地・湿地,all_land_use,Jo->Ya,2,drop,0,3,0
watershed_x_landform,B_130000_4_LF_3030201,名称不明 / basin 4 / 後背低地・湿地,all_land_use,Jo->Ya,2,new,0,3,0
watershed_x_landform,B_130000_4_LF_3030201,名称不明 / basin 4 / 後背低地・湿地,all_land_use,Ko->Na,4,continue,2,3,0.6666666666666666
watershed_x_landform,B_130000_4_LF_3030201,名称不明 / basin 4 / 後背低地・湿地,all_land_use,Ko->Na,4,drop,1,3,0.3333333333333333
watershed_x_landform,B_130000_4_LF_3030201,名称不明 / basin 4 / 後背低地・湿地,all_land_use,Ko->Na,4,new,0,3,0
watershed_x_landform,B_130000_4_LF_3030201,名称不明 / basin 4 / 後背低地・湿地,all_land_use,Na->He,5,continue,1,3,0.3333333333333333
watershed_x_landform,B_130000_4_LF_3030201,名称不明 / basin 4 / 後背低地・湿地,all_land_use,Na->He,5,drop,1,3,0.3333333333333333
watershed_x_landform,B_130000_4_LF_3030201,名称不明 / basin 4 / 後背低地・湿地,all_land_use,Na->He,5,new,1,3,0.3333333333333333
watershed_x_landform,B_130000_4_LF_3030201,名称不明 / basin 4 / 後背低地・湿地,all_land_use,Pa->Jo,1,continue,1,3,0.3333333333333333
watershed_x_landform,B_130000_4_LF_3030201,名称不明 / basin 4 / 後背低地・湿地,all_land_use,Pa->Jo,1,drop,0,3,0
watershed_x_landform,B_130000_4_LF_3030201,名称不明 / basin 4 / 後背低地・湿地,all_land_use,Pa->Jo,1,new,2,3,0.6666666666666666
watershed_x_landform,B_130000_4_LF_3030201,名称不明 / basin 4 / 後背低地・湿地,all_land_use,Ya->Ko,3,continue,3,3,1
watershed_x_landform,B_130000_4_LF_3030201,名称不明 / basin 4 / 後背低地・湿地,all_land_use,Ya->Ko,3,drop,0,3,0
watershed_x_landform,B_130000_4_LF_3030201,名称不明 / basin 4 / 後背低地・湿地,all_land_use,Ya->Ko,3,new,0,3,0
watershed_x_landform,B_130000_5_LF_1010101,名称不明 / basin 5 / 山地斜面等,all_land_use,He->Me,6,continue,0,1,0
watershed_x_landform,B_130000_5_LF_1010101,名称不明 / basin 5 / 山地斜面等,all_land_use,He->Me,6,drop,1,1,1
watershed_x_landform,B_130000_5_LF_1010101,名称不明 / basin 5 / 山地斜面等,all_land_use,He->Me,6,new,0,1,0
watershed_x_landform,B_130000_5_LF_1010101,名称不明 / basin 5 / 山地斜面等,all_land_use,Jo->Ya,2,continue,1,2,0.5
watershed_x_landform,B_130000_5_LF_1010101,名称不明 / basin 5 / 山地斜面等,all_land_use,Jo->Ya,2,drop,0,2,0
watershed_x_landform,B_130000_5_LF_1010101,名称不明 / basin 5 / 山地斜面等,all_land_use,Jo->Ya,2,new,1,2,0.5
watershed_x_landform,B_130000_5_LF_1010101,名称不明 / basin 5 / 山地斜面等,all_land_use,Ko->Na,4,continue,1,1,1
watershed_x_landform,B_130000_5_LF_1010101,名称不明 / basin 5 / 山地斜面等,all_land_use,Ko->Na,4,drop,0,1,0
watershed_x_landform,B_130000_5_LF_1010101,名称不明 / basin 5 / 山地斜面等,all_land_use,Ko->Na,4,new,0,1,0
watershed_x_landform,B_130000_5_LF_1010101,名称不明 / basin 5 / 山地斜面等,all_land_use,Na->He,5,continue,1,1,1
watershed_x_landform,B_130000_5_LF_1010101,名称不明 / basin 5 / 山地斜面等,all_land_use,Na->He,5,drop,0,1,0
watershed_x_landform,B_130000_5_LF_1010101,名称不明 / basin 5 / 山地斜面等,all_land_use,Na->He,5,new,0,1,0
watershed_x_landform,B_130000_5_LF_1010101,名称不明 / basin 5 / 山地斜面等,all_land_use,Pa->Jo,1,continue,1,1,1
watershed_x_landform,B_130000_5_LF_1010101,名称不明 / basin 5 / 山地斜面等,all_land_use,Pa->Jo,1,drop,0,1,0
watershed_x_landform,B_130000_5_LF_1010101,名称不明 / basin 5 / 山地斜面等,all_land_use,Pa->Jo,1,new,0,1,0
watershed_x_landform,B_130000_5_LF_1010101,名称不明 / basin 5 / 山地斜面等,all_land_use,Ya->Ko,3,continue,1,2,0.5
watershed_x_landform,B_130000_5_LF_1010101,名称不明 / basin 5 / 山地斜面等,all_land_use,Ya->Ko,3,drop,1,2,0.5
watershed_x_landform,B_130000_5_LF_1010101,名称不明 / basin 5 / 山地斜面等,all_land_use,Ya->Ko,3,new,0,2,0
watershed_x_landform,B_130000_5_LF_2010101,名称不明 / basin 5 / 台地・段丘,all_land_use,He->Me,6,continue,7,28,0.25
watershed_x_landform,B_130000_5_LF_2010101,名称不明 / basin 5 / 台地・段丘,all_land_use,He->Me,6,drop,19,28,0.6785714285714286
watershed_x_landform,B_130000_5_LF_2010101,名称不明 / basin 5 / 台地・段丘,all_land_use,He->Me,6,new,2,28,0.07142857142857142
watershed_x_landform,B_130000_5_LF_2010101,名称不明 / basin 5 / 台地・段丘,all_land_use,Jo->Ya,2,continue,15,31,0.4838709677419355
watershed_x_landform,B_130000_5_LF_2010101,名称不明 / basin 5 / 台地・段丘,all_land_use,Jo->Ya,2,drop,15,31,0.4838709677419355
watershed_x_landform,B_130000_5_LF_2010101,名称不明 / basin 5 / 台地・段丘,all_land_use,Jo->Ya,2,new,1,31,0.03225806451612903
watershed_x_landform,B_130000_5_LF_2010101,名称不明 / basin 5 / 台地・段丘,all_land_use,Ko->Na,4,continue,14,35,0.4
watershed_x_landform,B_130000_5_LF_2010101,名称不明 / basin 5 / 台地・段丘,all_land_use,Ko->Na,4,drop,12,35,0.34285714285714286
watershed_x_landform,B_130000_5_LF_2010101,名称不明 / basin 5 / 台地・段丘,all_land_use,Ko->Na,4,new,9,35,0.2571428571428571
watershed_x_landform,B_130000_5_LF_2010101,名称不明 / basin 5 / 台地・段丘,all_land_use,Na->He,5,continue,23,26,0.8846153846153846
watershed_x_landform,B_130000_5_LF_2010101,名称不明 / basin 5 / 台地・段丘,all_land_use,Na->He,5,drop,0,26,0
watershed_x_landform,B_130000_5_LF_2010101,名称不明 / basin 5 / 台地・段丘,all_land_use,Na->He,5,new,3,26,0.11538461538461539
watershed_x_landform,B_130000_5_LF_2010101,名称不明 / basin 5 / 台地・段丘,all_land_use,Pa->Jo,1,continue,6,30,0.2
watershed_x_landform,B_130000_5_LF_2010101,名称不明 / basin 5 / 台地・段丘,all_land_use,Pa->Jo,1,drop,0,30,0
watershed_x_landform,B_130000_5_LF_2010101,名称不明 / basin 5 / 台地・段丘,all_land_use,Pa->Jo,1,new,24,30,0.8
watershed_x_landform,B_130000_5_LF_2010101,名称不明 / basin 5 / 台地・段丘,all_land_use,Ya->Ko,3,continue,9,33,0.2727272727272727
watershed_x_landform,B_130000_5_LF_2010101,名称不明 / basin 5 / 台地・段丘,all_land_use,Ya->Ko,3,drop,7,33,0.21212121212121213
watershed_x_landform,B_130000_5_LF_2010101,名称不明 / basin 5 / 台地・段丘,all_land_use,Ya->Ko,3,new,17,33,0.5151515151515151
watershed_x_landform,B_130000_5_LF_2010201,名称不明 / basin 5 / 崖・段丘崖,all_land_use,He->Me,6,continue,1,1,1
watershed_x_landform,B_130000_5_LF_2010201,名称不明 / basin 5 / 崖・段丘崖,all_land_use,He->Me,6,drop,0,1,0
watershed_x_landform,B_130000_5_LF_2010201,名称不明 / basin 5 / 崖・段丘崖,all_land_use,He->Me,6,new,0,1,0
watershed_x_landform,B_130000_5_LF_2010201,名称不明 / basin 5 / 崖・段丘崖,all_land_use,Jo->Ya,2,continue,3,4,0.75
watershed_x_landform,B_130000_5_LF_2010201,名称不明 / basin 5 / 崖・段丘崖,all_land_use,Jo->Ya,2,drop,0,4,0
watershed_x_landform,B_130000_5_LF_2010201,名称不明 / basin 5 / 崖・段丘崖,all_land_use,Jo->Ya,2,new,1,4,0.25
watershed_x_landform,B_130000_5_LF_2010201,名称不明 / basin 5 / 崖・段丘崖,all_land_use,Ko->Na,4,continue,0,1,0
watershed_x_landform,B_130000_5_LF_2010201,名称不明 / basin 5 / 崖・段丘崖,all_land_use,Ko->Na,4,drop,0,1,0
watershed_x_landform,B_130000_5_LF_2010201,名称不明 / basin 5 / 崖・段丘崖,all_land_use,Ko->Na,4,new,1,1,1
watershed_x_landform,B_130000_5_LF_2010201,名称不明 / basin 5 / 崖・段丘崖,all_land_use,Na->He,5,continue,1,1,1
watershed_x_landform,B_130000_5_LF_2010201,名称不明 / basin 5 / 崖・段丘崖,all_land_use,Na->He,5,drop,0,1,0
watershed_x_landform,B_130000_5_LF_2010201,名称不明 / basin 5 / 崖・段丘崖,all_land_use,Na->He,5,new,0,1,0
watershed_x_landform,B_130000_5_LF_2010201,名称不明 / basin 5 / 崖・段丘崖,all_land_use,Pa->Jo,1,continue,0,3,0
watershed_x_landform,B_130000_5_LF_2010201,名称不明 / basin 5 / 崖・段丘崖,all_land_use,Pa->Jo,1,drop,0,3,0
watershed_x_landform,B_130000_5_LF_2010201,名称不明 / basin 5 / 崖・段丘崖,all_land_use,Pa->Jo,1,new,3,3,1
watershed_x_landform,B_130000_5_LF_2010201,名称不明 / basin 5 / 崖・段丘崖,all_land_use,Ya->Ko,3,continue,0,4,0
watershed_x_landform,B_130000_5_LF_2010201,名称不明 / basin 5 / 崖・段丘崖,all_land_use,Ya->Ko,3,drop,4,4,1
watershed_x_landform,B_130000_5_LF_2010201,名称不明 / basin 5 / 崖・段丘崖,all_land_use,Ya->Ko,3,new,0,4,0
watershed_x_landform,B_130000_5_LF_3030101,名称不明 / basin 5 / 氾濫平野・海岸平野,all_land_use,He->Me,6,continue,1,1,1
watershed_x_landform,B_130000_5_LF_3030101,名称不明 / basin 5 / 氾濫平野・海岸平野,all_land_use,He->Me,6,drop,0,1,0
watershed_x_landform,B_130000_5_LF_3030101,名称不明 / basin 5 / 氾濫平野・海岸平野,all_land_use,He->Me,6,new,0,1,0
watershed_x_landform,B_130000_5_LF_3030101,名称不明 / basin 5 / 氾濫平野・海岸平野,all_land_use,Jo->Ya,2,continue,1,2,0.5
watershed_x_landform,B_130000_5_LF_3030101,名称不明 / basin 5 / 氾濫平野・海岸平野,all_land_use,Jo->Ya,2,drop,1,2,0.5
watershed_x_landform,B_130000_5_LF_3030101,名称不明 / basin 5 / 氾濫平野・海岸平野,all_land_use,Jo->Ya,2,new,0,2,0
watershed_x_landform,B_130000_5_LF_3030101,名称不明 / basin 5 / 氾濫平野・海岸平野,all_land_use,Ko->Na,4,continue,0,1,0
watershed_x_landform,B_130000_5_LF_3030101,名称不明 / basin 5 / 氾濫平野・海岸平野,all_land_use,Ko->Na,4,drop,0,1,0
watershed_x_landform,B_130000_5_LF_3030101,名称不明 / basin 5 / 氾濫平野・海岸平野,all_land_use,Ko->Na,4,new,1,1,1
watershed_x_landform,B_130000_5_LF_3030101,名称不明 / basin 5 / 氾濫平野・海岸平野,all_land_use,Na->He,5,continue,1,1,1
watershed_x_landform,B_130000_5_LF_3030101,名称不明 / basin 5 / 氾濫平野・海岸平野,all_land_use,Na->He,5,drop,0,1,0
watershed_x_landform,B_130000_5_LF_3030101,名称不明 / basin 5 / 氾濫平野・海岸平野,all_land_use,Na->He,5,new,0,1,0
watershed_x_landform,B_130000_5_LF_3030101,名称不明 / basin 5 / 氾濫平野・海岸平野,all_land_use,Pa->Jo,1,continue,0,2,0
watershed_x_landform,B_130000_5_LF_3030101,名称不明 / basin 5 / 氾濫平野・海岸平野,all_land_use,Pa->Jo,1,drop,0,2,0
watershed_x_landform,B_130000_5_LF_3030101,名称不明 / basin 5 / 氾濫平野・海岸平野,all_land_use,Pa->Jo,1,new,2,2,1
watershed_x_landform,B_130000_5_LF_3030101,名称不明 / basin 5 / 氾濫平野・海岸平野,all_land_use,Ya->Ko,3,continue,0,1,0
watershed_x_landform,B_130000_5_LF_3030101,名称不明 / basin 5 / 氾濫平野・海岸平野,all_land_use,Ya->Ko,3,drop,1,1,1
watershed_x_landform,B_130000_5_LF_3030101,名称不明 / basin 5 / 氾濫平野・海岸平野,all_land_use,Ya->Ko,3,new,0,1,0
watershed_x_landform,B_130000_5_LF_3030201,名称不明 / basin 5 / 後背低地・湿地,all_land_use,He->Me,6,continue,2,3,0.6666666666666666
watershed_x_landform,B_130000_5_LF_3030201,名称不明 / basin 5 / 後背低地・湿地,all_land_use,He->Me,6,drop,1,3,0.3333333333333333
watershed_x_landform,B_130000_5_LF_3030201,名称不明 / basin 5 / 後背低地・湿地,all_land_use,He->Me,6,new,0,3,0
watershed_x_landform,B_130000_5_LF_3030201,名称不明 / basin 5 / 後背低地・湿地,all_land_use,Jo->Ya,2,continue,2,3,0.6666666666666666
watershed_x_landform,B_130000_5_LF_3030201,名称不明 / basin 5 / 後背低地・湿地,all_land_use,Jo->Ya,2,drop,1,3,0.3333333333333333
watershed_x_landform,B_130000_5_LF_3030201,名称不明 / basin 5 / 後背低地・湿地,all_land_use,Jo->Ya,2,new,0,3,0
watershed_x_landform,B_130000_5_LF_3030201,名称不明 / basin 5 / 後背低地・湿地,all_land_use,Ko->Na,4,continue,1,4,0.25
watershed_x_landform,B_130000_5_LF_3030201,名称不明 / basin 5 / 後背低地・湿地,all_land_use,Ko->Na,4,drop,1,4,0.25
watershed_x_landform,B_130000_5_LF_3030201,名称不明 / basin 5 / 後背低地・湿地,all_land_use,Ko->Na,4,new,2,4,0.5
watershed_x_landform,B_130000_5_LF_3030201,名称不明 / basin 5 / 後背低地・湿地,all_land_use,Na->He,5,continue,3,3,1
watershed_x_landform,B_130000_5_LF_3030201,名称不明 / basin 5 / 後背低地・湿地,all_land_use,Na->He,5,drop,0,3,0
watershed_x_landform,B_130000_5_LF_3030201,名称不明 / basin 5 / 後背低地・湿地,all_land_use,Na->He,5,new,0,3,0
watershed_x_landform,B_130000_5_LF_3030201,名称不明 / basin 5 / 後背低地・湿地,all_land_use,Pa->Jo,1,continue,0,3,0
watershed_x_landform,B_130000_5_LF_3030201,名称不明 / basin 5 / 後背低地・湿地,all_land_use,Pa->Jo,1,drop,0,3,0
watershed_x_landform,B_130000_5_LF_3030201,名称不明 / basin 5 / 後背低地・湿地,all_land_use,Pa->Jo,1,new,3,3,1
watershed_x_landform,B_130000_5_LF_3030201,名称不明 / basin 5 / 後背低地・湿地,all_land_use,Ya->Ko,3,continue,2,2,1
watershed_x_landform,B_130000_5_LF_3030201,名称不明 / basin 5 / 後背低地・湿地,all_land_use,Ya->Ko,3,drop,0,2,0
watershed_x_landform,B_130000_5_LF_3030201,名称不明 / basin 5 / 後背低地・湿地,all_land_use,Ya->Ko,3,new,0,2,0
watershed_x_landform,B_130000_5_LF_5010201,名称不明 / basin 5 / 水部,all_land_use,He->Me,6,continue,0,1,0
watershed_x_landform,B_130000_5_LF_5010201,名称不明 / basin 5 / 水部,all_land_use,He->Me,6,drop,1,1,1
watershed_x_landform,B_130000_5_LF_5010201,名称不明 / basin 5 / 水部,all_land_use,He->Me,6,new,0,1,0
watershed_x_landform,B_130000_5_LF_5010201,名称不明 / basin 5 / 水部,all_land_use,Jo->Ya,2,continue,0,1,0
watershed_x_landform,B_130000_5_LF_5010201,名称不明 / basin 5 / 水部,all_land_use,Jo->Ya,2,drop,1,1,1
watershed_x_landform,B_130000_5_LF_5010201,名称不明 / basin 5 / 水部,all_land_use,Jo->Ya,2,new,0,1,0
watershed_x_landform,B_130000_5_LF_5010201,名称不明 / basin 5 / 水部,all_land_use,Ko->Na,4,continue,0,1,0
watershed_x_landform,B_130000_5_LF_5010201,名称不明 / basin 5 / 水部,all_land_use,Ko->Na,4,drop,0,1,0
watershed_x_landform,B_130000_5_LF_5010201,名称不明 / basin 5 / 水部,all_land_use,Ko->Na,4,new,1,1,1
watershed_x_landform,B_130000_5_LF_5010201,名称不明 / basin 5 / 水部,all_land_use,Na->He,5,continue,1,1,1
watershed_x_landform,B_130000_5_LF_5010201,名称不明 / basin 5 / 水部,all_land_use,Na->He,5,drop,0,1,0
watershed_x_landform,B_130000_5_LF_5010201,名称不明 / basin 5 / 水部,all_land_use,Na->He,5,new,0,1,0
watershed_x_landform,B_130000_5_LF_5010201,名称不明 / basin 5 / 水部,all_land_use,Pa->Jo,1,continue,0,1,0
watershed_x_landform,B_130000_5_LF_5010201,名称不明 / basin 5 / 水部,all_land_use,Pa->Jo,1,drop,0,1,0
watershed_x_landform,B_130000_5_LF_5010201,名称不明 / basin 5 / 水部,all_land_use,Pa->Jo,1,new,1,1,1
watershed_x_landform,B_130000_6_LF_10101,名称不明 / basin 6 / 山地斜面等,all_land_use,He->Me,6,continue,0,1,0
watershed_x_landform,B_130000_6_LF_10101,名称不明 / basin 6 / 山地斜面等,all_land_use,He->Me,6,drop,1,1,1
watershed_x_landform,B_130000_6_LF_10101,名称不明 / basin 6 / 山地斜面等,all_land_use,He->Me,6,new,0,1,0
watershed_x_landform,B_130000_6_LF_10101,名称不明 / basin 6 / 山地斜面等,all_land_use,Jo->Ya,2,continue,0,7,0
watershed_x_landform,B_130000_6_LF_10101,名称不明 / basin 6 / 山地斜面等,all_land_use,Jo->Ya,2,drop,7,7,1
watershed_x_landform,B_130000_6_LF_10101,名称不明 / basin 6 / 山地斜面等,all_land_use,Jo->Ya,2,new,0,7,0
watershed_x_landform,B_130000_6_LF_10101,名称不明 / basin 6 / 山地斜面等,all_land_use,Ko->Na,4,continue,2,3,0.6666666666666666
watershed_x_landform,B_130000_6_LF_10101,名称不明 / basin 6 / 山地斜面等,all_land_use,Ko->Na,4,drop,1,3,0.3333333333333333
watershed_x_landform,B_130000_6_LF_10101,名称不明 / basin 6 / 山地斜面等,all_land_use,Ko->Na,4,new,0,3,0
watershed_x_landform,B_130000_6_LF_10101,名称不明 / basin 6 / 山地斜面等,all_land_use,Na->He,5,continue,1,2,0.5
watershed_x_landform,B_130000_6_LF_10101,名称不明 / basin 6 / 山地斜面等,all_land_use,Na->He,5,drop,1,2,0.5
watershed_x_landform,B_130000_6_LF_10101,名称不明 / basin 6 / 山地斜面等,all_land_use,Na->He,5,new,0,2,0
watershed_x_landform,B_130000_6_LF_10101,名称不明 / basin 6 / 山地斜面等,all_land_use,Pa->Jo,1,continue,1,7,0.14285714285714285
watershed_x_landform,B_130000_6_LF_10101,名称不明 / basin 6 / 山地斜面等,all_land_use,Pa->Jo,1,drop,0,7,0
watershed_x_landform,B_130000_6_LF_10101,名称不明 / basin 6 / 山地斜面等,all_land_use,Pa->Jo,1,new,6,7,0.8571428571428571
watershed_x_landform,B_130000_6_LF_10101,名称不明 / basin 6 / 山地斜面等,all_land_use,Ya->Ko,3,continue,0,3,0
watershed_x_landform,B_130000_6_LF_10101,名称不明 / basin 6 / 山地斜面等,all_land_use,Ya->Ko,3,drop,0,3,0
watershed_x_landform,B_130000_6_LF_10101,名称不明 / basin 6 / 山地斜面等,all_land_use,Ya->Ko,3,new,3,3,1
watershed_x_landform,B_130000_6_LF_10314,名称不明 / basin 6 / 台地・段丘,all_land_use,He->Me,6,continue,0,1,0
watershed_x_landform,B_130000_6_LF_10314,名称不明 / basin 6 / 台地・段丘,all_land_use,He->Me,6,drop,1,1,1
watershed_x_landform,B_130000_6_LF_10314,名称不明 / basin 6 / 台地・段丘,all_land_use,He->Me,6,new,0,1,0
watershed_x_landform,B_130000_6_LF_10314,名称不明 / basin 6 / 台地・段丘,all_land_use,Jo->Ya,2,continue,0,9,0
watershed_x_landform,B_130000_6_LF_10314,名称不明 / basin 6 / 台地・段丘,all_land_use,Jo->Ya,2,drop,9,9,1
watershed_x_landform,B_130000_6_LF_10314,名称不明 / basin 6 / 台地・段丘,all_land_use,Jo->Ya,2,new,0,9,0
watershed_x_landform,B_130000_6_LF_10314,名称不明 / basin 6 / 台地・段丘,all_land_use,Ko->Na,4,continue,0,5,0
watershed_x_landform,B_130000_6_LF_10314,名称不明 / basin 6 / 台地・段丘,all_land_use,Ko->Na,4,drop,4,5,0.8
watershed_x_landform,B_130000_6_LF_10314,名称不明 / basin 6 / 台地・段丘,all_land_use,Ko->Na,4,new,1,5,0.2
watershed_x_landform,B_130000_6_LF_10314,名称不明 / basin 6 / 台地・段丘,all_land_use,Na->He,5,continue,1,1,1
watershed_x_landform,B_130000_6_LF_10314,名称不明 / basin 6 / 台地・段丘,all_land_use,Na->He,5,drop,0,1,0
watershed_x_landform,B_130000_6_LF_10314,名称不明 / basin 6 / 台地・段丘,all_land_use,Na->He,5,new,0,1,0
watershed_x_landform,B_130000_6_LF_10314,名称不明 / basin 6 / 台地・段丘,all_land_use,Pa->Jo,1,continue,0,9,0
watershed_x_landform,B_130000_6_LF_10314,名称不明 / basin 6 / 台地・段丘,all_land_use,Pa->Jo,1,drop,0,9,0
watershed_x_landform,B_130000_6_LF_10314,名称不明 / basin 6 / 台地・段丘,all_land_use,Pa->Jo,1,new,9,9,1
watershed_x_landform,B_130000_6_LF_10314,名称不明 / basin 6 / 台地・段丘,all_land_use,Ya->Ko,3,continue,0,4,0
watershed_x_landform,B_130000_6_LF_10314,名称不明 / basin 6 / 台地・段丘,all_land_use,Ya->Ko,3,drop,0,4,0
watershed_x_landform,B_130000_6_LF_10314,名称不明 / basin 6 / 台地・段丘,all_land_use,Ya->Ko,3,new,4,4,1
watershed_x_landform,B_130000_6_LF_10701,名称不明 / basin 6 / 氾濫平野・海岸平野,all_land_use,He->Me,6,continue,0,1,0
watershed_x_landform,B_130000_6_LF_10701,名称不明 / basin 6 / 氾濫平野・海岸平野,all_land_use,He->Me,6,drop,1,1,1
watershed_x_landform,B_130000_6_LF_10701,名称不明 / basin 6 / 氾濫平野・海岸平野,all_land_use,He->Me,6,new,0,1,0
watershed_x_landform,B_130000_6_LF_10701,名称不明 / basin 6 / 氾濫平野・海岸平野,all_land_use,Ko->Na,4,continue,1,1,1
watershed_x_landform,B_130000_6_LF_10701,名称不明 / basin 6 / 氾濫平野・海岸平野,all_land_use,Ko->Na,4,drop,0,1,0
watershed_x_landform,B_130000_6_LF_10701,名称不明 / basin 6 / 氾濫平野・海岸平野,all_land_use,Ko->Na,4,new,0,1,0
watershed_x_landform,B_130000_6_LF_10701,名称不明 / basin 6 / 氾濫平野・海岸平野,all_land_use,Na->He,5,continue,1,1,1
watershed_x_landform,B_130000_6_LF_10701,名称不明 / basin 6 / 氾濫平野・海岸平野,all_land_use,Na->He,5,drop,0,1,0
watershed_x_landform,B_130000_6_LF_10701,名称不明 / basin 6 / 氾濫平野・海岸平野,all_land_use,Na->He,5,new,0,1,0
watershed_x_landform,B_130000_6_LF_10701,名称不明 / basin 6 / 氾濫平野・海岸平野,all_land_use,Ya->Ko,3,continue,0,1,0
watershed_x_landform,B_130000_6_LF_10701,名称不明 / basin 6 / 氾濫平野・海岸平野,all_land_use,Ya->Ko,3,drop,0,1,0
watershed_x_landform,B_130000_6_LF_10701,名称不明 / basin 6 / 氾濫平野・海岸平野,all_land_use,Ya->Ko,3,new,1,1,1
watershed_x_landform,B_140013_16_LF_10314,境川 / basin 16 / 台地・段丘,all_land_use,He->Me,6,continue,0,1,0
watershed_x_landform,B_140013_16_LF_10314,境川 / basin 16 / 台地・段丘,all_land_use,He->Me,6,drop,0,1,0
watershed_x_landform,B_140013_16_LF_10314,境川 / basin 16 / 台地・段丘,all_land_use,He->Me,6,new,1,1,1
watershed_x_landform,B_140013_17_LF_10101,境川 / basin 17 / 山地斜面等,all_land_use,He->Me,6,continue,24,120,0.2
watershed_x_landform,B_140013_17_LF_10101,境川 / basin 17 / 山地斜面等,all_land_use,He->Me,6,drop,93,120,0.775
watershed_x_landform,B_140013_17_LF_10101,境川 / basin 17 / 山地斜面等,all_land_use,He->Me,6,new,3,120,0.025
watershed_x_landform,B_140013_17_LF_10101,境川 / basin 17 / 山地斜面等,all_land_use,Jo->Ya,2,continue,17,122,0.13934426229508196
watershed_x_landform,B_140013_17_LF_10101,境川 / basin 17 / 山地斜面等,all_land_use,Jo->Ya,2,drop,104,122,0.8524590163934426
watershed_x_landform,B_140013_17_LF_10101,境川 / basin 17 / 山地斜面等,all_land_use,Jo->Ya,2,new,1,122,0.00819672131147541
watershed_x_landform,B_140013_17_LF_10101,境川 / basin 17 / 山地斜面等,all_land_use,Ko->Na,4,continue,31,112,0.2767857142857143
watershed_x_landform,B_140013_17_LF_10101,境川 / basin 17 / 山地斜面等,all_land_use,Ko->Na,4,drop,10,112,0.08928571428571429
watershed_x_landform,B_140013_17_LF_10101,境川 / basin 17 / 山地斜面等,all_land_use,Ko->Na,4,new,71,112,0.6339285714285714
watershed_x_landform,B_140013_17_LF_10101,境川 / basin 17 / 山地斜面等,all_land_use,Na->He,5,continue,100,119,0.8403361344537815
watershed_x_landform,B_140013_17_LF_10101,境川 / basin 17 / 山地斜面等,all_land_use,Na->He,5,drop,2,119,0.01680672268907563
watershed_x_landform,B_140013_17_LF_10101,境川 / basin 17 / 山地斜面等,all_land_use,Na->He,5,new,17,119,0.14285714285714285
watershed_x_landform,B_140013_17_LF_10101,境川 / basin 17 / 山地斜面等,all_land_use,Pa->Jo,1,continue,12,122,0.09836065573770492
watershed_x_landform,B_140013_17_LF_10101,境川 / basin 17 / 山地斜面等,all_land_use,Pa->Jo,1,drop,1,122,0.00819672131147541
watershed_x_landform,B_140013_17_LF_10101,境川 / basin 17 / 山地斜面等,all_land_use,Pa->Jo,1,new,109,122,0.8934426229508197
watershed_x_landform,B_140013_17_LF_10101,境川 / basin 17 / 山地斜面等,all_land_use,Ya->Ko,3,continue,10,49,0.20408163265306123
watershed_x_landform,B_140013_17_LF_10101,境川 / basin 17 / 山地斜面等,all_land_use,Ya->Ko,3,drop,8,49,0.16326530612244897
watershed_x_landform,B_140013_17_LF_10101,境川 / basin 17 / 山地斜面等,all_land_use,Ya->Ko,3,new,31,49,0.6326530612244898
watershed_x_landform,B_140013_17_LF_1010101,境川 / basin 17 / 山地斜面等,all_land_use,He->Me,6,continue,0,1,0
watershed_x_landform,B_140013_17_LF_1010101,境川 / basin 17 / 山地斜面等,all_land_use,He->Me,6,drop,1,1,1
watershed_x_landform,B_140013_17_LF_1010101,境川 / basin 17 / 山地斜面等,all_land_use,He->Me,6,new,0,1,0
watershed_x_landform,B_140013_17_LF_1010101,境川 / basin 17 / 山地斜面等,all_land_use,Jo->Ya,2,continue,1,3,0.3333333333333333
watershed_x_landform,B_140013_17_LF_1010101,境川 / basin 17 / 山地斜面等,all_land_use,Jo->Ya,2,drop,2,3,0.6666666666666666
watershed_x_landform,B_140013_17_LF_1010101,境川 / basin 17 / 山地斜面等,all_land_use,Jo->Ya,2,new,0,3,0
watershed_x_landform,B_140013_17_LF_1010101,境川 / basin 17 / 山地斜面等,all_land_use,Ko->Na,4,continue,0,2,0
watershed_x_landform,B_140013_17_LF_1010101,境川 / basin 17 / 山地斜面等,all_land_use,Ko->Na,4,drop,1,2,0.5
watershed_x_landform,B_140013_17_LF_1010101,境川 / basin 17 / 山地斜面等,all_land_use,Ko->Na,4,new,1,2,0.5
watershed_x_landform,B_140013_17_LF_1010101,境川 / basin 17 / 山地斜面等,all_land_use,Na->He,5,continue,1,1,1
watershed_x_landform,B_140013_17_LF_1010101,境川 / basin 17 / 山地斜面等,all_land_use,Na->He,5,drop,0,1,0
watershed_x_landform,B_140013_17_LF_1010101,境川 / basin 17 / 山地斜面等,all_land_use,Na->He,5,new,0,1,0
watershed_x_landform,B_140013_17_LF_1010101,境川 / basin 17 / 山地斜面等,all_land_use,Pa->Jo,1,continue,0,3,0
watershed_x_landform,B_140013_17_LF_1010101,境川 / basin 17 / 山地斜面等,all_land_use,Pa->Jo,1,drop,0,3,0
watershed_x_landform,B_140013_17_LF_1010101,境川 / basin 17 / 山地斜面等,all_land_use,Pa->Jo,1,new,3,3,1
watershed_x_landform,B_140013_17_LF_1010101,境川 / basin 17 / 山地斜面等,all_land_use,Ya->Ko,3,continue,1,1,1
watershed_x_landform,B_140013_17_LF_1010101,境川 / basin 17 / 山地斜面等,all_land_use,Ya->Ko,3,drop,0,1,0
watershed_x_landform,B_140013_17_LF_1010101,境川 / basin 17 / 山地斜面等,all_land_use,Ya->Ko,3,new,0,1,0
watershed_x_landform,B_140013_17_LF_10305,境川 / basin 17 / 台地・段丘,all_land_use,He->Me,6,continue,2,7,0.2857142857142857
watershed_x_landform,B_140013_17_LF_10305,境川 / basin 17 / 台地・段丘,all_land_use,He->Me,6,drop,5,7,0.7142857142857143
watershed_x_landform,B_140013_17_LF_10305,境川 / basin 17 / 台地・段丘,all_land_use,He->Me,6,new,0,7,0
watershed_x_landform,B_140013_17_LF_10305,境川 / basin 17 / 台地・段丘,all_land_use,Jo->Ya,2,continue,2,7,0.2857142857142857
watershed_x_landform,B_140013_17_LF_10305,境川 / basin 17 / 台地・段丘,all_land_use,Jo->Ya,2,drop,5,7,0.7142857142857143
watershed_x_landform,B_140013_17_LF_10305,境川 / basin 17 / 台地・段丘,all_land_use,Jo->Ya,2,new,0,7,0
watershed_x_landform,B_140013_17_LF_10305,境川 / basin 17 / 台地・段丘,all_land_use,Ko->Na,4,continue,2,7,0.2857142857142857
watershed_x_landform,B_140013_17_LF_10305,境川 / basin 17 / 台地・段丘,all_land_use,Ko->Na,4,drop,0,7,0
watershed_x_landform,B_140013_17_LF_10305,境川 / basin 17 / 台地・段丘,all_land_use,Ko->Na,4,new,5,7,0.7142857142857143
watershed_x_landform,B_140013_17_LF_10305,境川 / basin 17 / 台地・段丘,all_land_use,Na->He,5,continue,7,7,1
watershed_x_landform,B_140013_17_LF_10305,境川 / basin 17 / 台地・段丘,all_land_use,Na->He,5,drop,0,7,0
watershed_x_landform,B_140013_17_LF_10305,境川 / basin 17 / 台地・段丘,all_land_use,Na->He,5,new,0,7,0
watershed_x_landform,B_140013_17_LF_10305,境川 / basin 17 / 台地・段丘,all_land_use,Pa->Jo,1,continue,1,7,0.14285714285714285
watershed_x_landform,B_140013_17_LF_10305,境川 / basin 17 / 台地・段丘,all_land_use,Pa->Jo,1,drop,0,7,0
watershed_x_landform,B_140013_17_LF_10305,境川 / basin 17 / 台地・段丘,all_land_use,Pa->Jo,1,new,6,7,0.8571428571428571
watershed_x_landform,B_140013_17_LF_10305,境川 / basin 17 / 台地・段丘,all_land_use,Ya->Ko,3,continue,2,2,1
watershed_x_landform,B_140013_17_LF_10305,境川 / basin 17 / 台地・段丘,all_land_use,Ya->Ko,3,drop,0,2,0
watershed_x_landform,B_140013_17_LF_10305,境川 / basin 17 / 台地・段丘,all_land_use,Ya->Ko,3,new,0,2,0
watershed_x_landform,B_140013_17_LF_10314,境川 / basin 17 / 台地・段丘,all_land_use,He->Me,6,continue,1,8,0.125
watershed_x_landform,B_140013_17_LF_10314,境川 / basin 17 / 台地・段丘,all_land_use,He->Me,6,drop,7,8,0.875
watershed_x_landform,B_140013_17_LF_10314,境川 / basin 17 / 台地・段丘,all_land_use,He->Me,6,new,0,8,0
watershed_x_landform,B_140013_17_LF_10314,境川 / basin 17 / 台地・段丘,all_land_use,Jo->Ya,2,continue,3,8,0.375
watershed_x_landform,B_140013_17_LF_10314,境川 / basin 17 / 台地・段丘,all_land_use,Jo->Ya,2,drop,5,8,0.625
watershed_x_landform,B_140013_17_LF_10314,境川 / basin 17 / 台地・段丘,all_land_use,Jo->Ya,2,new,0,8,0
watershed_x_landform,B_140013_17_LF_10314,境川 / basin 17 / 台地・段丘,all_land_use,Ko->Na,4,continue,5,8,0.625
watershed_x_landform,B_140013_17_LF_10314,境川 / basin 17 / 台地・段丘,all_land_use,Ko->Na,4,drop,0,8,0
watershed_x_landform,B_140013_17_LF_10314,境川 / basin 17 / 台地・段丘,all_land_use,Ko->Na,4,new,3,8,0.375
watershed_x_landform,B_140013_17_LF_10314,境川 / basin 17 / 台地・段丘,all_land_use,Na->He,5,continue,8,8,1
watershed_x_landform,B_140013_17_LF_10314,境川 / basin 17 / 台地・段丘,all_land_use,Na->He,5,drop,0,8,0
watershed_x_landform,B_140013_17_LF_10314,境川 / basin 17 / 台地・段丘,all_land_use,Na->He,5,new,0,8,0
watershed_x_landform,B_140013_17_LF_10314,境川 / basin 17 / 台地・段丘,all_land_use,Pa->Jo,1,continue,0,8,0
watershed_x_landform,B_140013_17_LF_10314,境川 / basin 17 / 台地・段丘,all_land_use,Pa->Jo,1,drop,0,8,0
watershed_x_landform,B_140013_17_LF_10314,境川 / basin 17 / 台地・段丘,all_land_use,Pa->Jo,1,new,8,8,1
watershed_x_landform,B_140013_17_LF_10314,境川 / basin 17 / 台地・段丘,all_land_use,Ya->Ko,3,continue,1,7,0.14285714285714285
watershed_x_landform,B_140013_17_LF_10314,境川 / basin 17 / 台地・段丘,all_land_use,Ya->Ko,3,drop,2,7,0.2857142857142857
watershed_x_landform,B_140013_17_LF_10314,境川 / basin 17 / 台地・段丘,all_land_use,Ya->Ko,3,new,4,7,0.5714285714285714
watershed_x_landform,B_140013_17_LF_10406,境川 / basin 17 / 山麓堆積地形,all_land_use,He->Me,6,continue,0,1,0
watershed_x_landform,B_140013_17_LF_10406,境川 / basin 17 / 山麓堆積地形,all_land_use,He->Me,6,drop,1,1,1
watershed_x_landform,B_140013_17_LF_10406,境川 / basin 17 / 山麓堆積地形,all_land_use,He->Me,6,new,0,1,0
watershed_x_landform,B_140013_17_LF_10406,境川 / basin 17 / 山麓堆積地形,all_land_use,Ko->Na,4,continue,1,1,1
watershed_x_landform,B_140013_17_LF_10406,境川 / basin 17 / 山麓堆積地形,all_land_use,Ko->Na,4,drop,0,1,0
watershed_x_landform,B_140013_17_LF_10406,境川 / basin 17 / 山麓堆積地形,all_land_use,Ko->Na,4,new,0,1,0
watershed_x_landform,B_140013_17_LF_10406,境川 / basin 17 / 山麓堆積地形,all_land_use,Na->He,5,continue,1,1,1
watershed_x_landform,B_140013_17_LF_10406,境川 / basin 17 / 山麓堆積地形,all_land_use,Na->He,5,drop,0,1,0
watershed_x_landform,B_140013_17_LF_10406,境川 / basin 17 / 山麓堆積地形,all_land_use,Na->He,5,new,0,1,0
watershed_x_landform,B_140013_17_LF_10406,境川 / basin 17 / 山麓堆積地形,all_land_use,Ya->Ko,3,continue,0,1,0
watershed_x_landform,B_140013_17_LF_10406,境川 / basin 17 / 山麓堆積地形,all_land_use,Ya->Ko,3,drop,0,1,0
watershed_x_landform,B_140013_17_LF_10406,境川 / basin 17 / 山麓堆積地形,all_land_use,Ya->Ko,3,new,1,1,1
watershed_x_landform,B_140013_17_LF_10701,境川 / basin 17 / 氾濫平野・海岸平野,all_land_use,He->Me,6,continue,4,28,0.14285714285714285
watershed_x_landform,B_140013_17_LF_10701,境川 / basin 17 / 氾濫平野・海岸平野,all_land_use,He->Me,6,drop,24,28,0.8571428571428571
watershed_x_landform,B_140013_17_LF_10701,境川 / basin 17 / 氾濫平野・海岸平野,all_land_use,He->Me,6,new,0,28,0
watershed_x_landform,B_140013_17_LF_10701,境川 / basin 17 / 氾濫平野・海岸平野,all_land_use,Jo->Ya,2,continue,0,26,0
watershed_x_landform,B_140013_17_LF_10701,境川 / basin 17 / 氾濫平野・海岸平野,all_land_use,Jo->Ya,2,drop,26,26,1
watershed_x_landform,B_140013_17_LF_10701,境川 / basin 17 / 氾濫平野・海岸平野,all_land_use,Jo->Ya,2,new,0,26,0
watershed_x_landform,B_140013_17_LF_10701,境川 / basin 17 / 氾濫平野・海岸平野,all_land_use,Ko->Na,4,continue,8,28,0.2857142857142857
watershed_x_landform,B_140013_17_LF_10701,境川 / basin 17 / 氾濫平野・海岸平野,all_land_use,Ko->Na,4,drop,0,28,0
watershed_x_landform,B_140013_17_LF_10701,境川 / basin 17 / 氾濫平野・海岸平野,all_land_use,Ko->Na,4,new,20,28,0.7142857142857143
watershed_x_landform,B_140013_17_LF_10701,境川 / basin 17 / 氾濫平野・海岸平野,all_land_use,Na->He,5,continue,26,30,0.8666666666666667
watershed_x_landform,B_140013_17_LF_10701,境川 / basin 17 / 氾濫平野・海岸平野,all_land_use,Na->He,5,drop,2,30,0.06666666666666667
watershed_x_landform,B_140013_17_LF_10701,境川 / basin 17 / 氾濫平野・海岸平野,all_land_use,Na->He,5,new,2,30,0.06666666666666667
watershed_x_landform,B_140013_17_LF_10701,境川 / basin 17 / 氾濫平野・海岸平野,all_land_use,Pa->Jo,1,continue,3,26,0.11538461538461539
watershed_x_landform,B_140013_17_LF_10701,境川 / basin 17 / 氾濫平野・海岸平野,all_land_use,Pa->Jo,1,drop,0,26,0
watershed_x_landform,B_140013_17_LF_10701,境川 / basin 17 / 氾濫平野・海岸平野,all_land_use,Pa->Jo,1,new,23,26,0.8846153846153846
watershed_x_landform,B_140013_17_LF_10701,境川 / basin 17 / 氾濫平野・海岸平野,all_land_use,Ya->Ko,3,continue,0,8,0
watershed_x_landform,B_140013_17_LF_10701,境川 / basin 17 / 氾濫平野・海岸平野,all_land_use,Ya->Ko,3,drop,0,8,0
watershed_x_landform,B_140013_17_LF_10701,境川 / basin 17 / 氾濫平野・海岸平野,all_land_use,Ya->Ko,3,new,8,8,1
watershed_x_landform,B_140013_17_LF_10903,境川 / basin 17 / 水部,all_land_use,Jo->Ya,2,continue,0,1,0
watershed_x_landform,B_140013_17_LF_10903,境川 / basin 17 / 水部,all_land_use,Jo->Ya,2,drop,1,1,1
watershed_x_landform,B_140013_17_LF_10903,境川 / basin 17 / 水部,all_land_use,Jo->Ya,2,new,0,1,0
watershed_x_landform,B_140013_17_LF_10903,境川 / basin 17 / 水部,all_land_use,Pa->Jo,1,continue,0,1,0
watershed_x_landform,B_140013_17_LF_10903,境川 / basin 17 / 水部,all_land_use,Pa->Jo,1,drop,0,1,0
watershed_x_landform,B_140013_17_LF_10903,境川 / basin 17 / 水部,all_land_use,Pa->Jo,1,new,1,1,1
watershed_x_landform,B_140013_17_LF_2010101,境川 / basin 17 / 台地・段丘,all_land_use,He->Me,6,continue,4,18,0.2222222222222222
watershed_x_landform,B_140013_17_LF_2010101,境川 / basin 17 / 台地・段丘,all_land_use,He->Me,6,drop,13,18,0.7222222222222222
watershed_x_landform,B_140013_17_LF_2010101,境川 / basin 17 / 台地・段丘,all_land_use,He->Me,6,new,1,18,0.05555555555555555
watershed_x_landform,B_140013_17_LF_2010101,境川 / basin 17 / 台地・段丘,all_land_use,Jo->Ya,2,continue,0,19,0
watershed_x_landform,B_140013_17_LF_2010101,境川 / basin 17 / 台地・段丘,all_land_use,Jo->Ya,2,drop,19,19,1
watershed_x_landform,B_140013_17_LF_2010101,境川 / basin 17 / 台地・段丘,all_land_use,Jo->Ya,2,new,0,19,0
watershed_x_landform,B_140013_17_LF_2010101,境川 / basin 17 / 台地・段丘,all_land_use,Ko->Na,4,continue,5,17,0.29411764705882354
watershed_x_landform,B_140013_17_LF_2010101,境川 / basin 17 / 台地・段丘,all_land_use,Ko->Na,4,drop,1,17,0.058823529411764705
watershed_x_landform,B_140013_17_LF_2010101,境川 / basin 17 / 台地・段丘,all_land_use,Ko->Na,4,new,11,17,0.6470588235294118
watershed_x_landform,B_140013_17_LF_2010101,境川 / basin 17 / 台地・段丘,all_land_use,Na->He,5,continue,16,17,0.9411764705882353
watershed_x_landform,B_140013_17_LF_2010101,境川 / basin 17 / 台地・段丘,all_land_use,Na->He,5,drop,0,17,0
watershed_x_landform,B_140013_17_LF_2010101,境川 / basin 17 / 台地・段丘,all_land_use,Na->He,5,new,1,17,0.058823529411764705
watershed_x_landform,B_140013_17_LF_2010101,境川 / basin 17 / 台地・段丘,all_land_use,Pa->Jo,1,continue,4,19,0.21052631578947367
watershed_x_landform,B_140013_17_LF_2010101,境川 / basin 17 / 台地・段丘,all_land_use,Pa->Jo,1,drop,0,19,0
watershed_x_landform,B_140013_17_LF_2010101,境川 / basin 17 / 台地・段丘,all_land_use,Pa->Jo,1,new,15,19,0.7894736842105263
watershed_x_landform,B_140013_17_LF_2010101,境川 / basin 17 / 台地・段丘,all_land_use,Ya->Ko,3,continue,0,6,0
watershed_x_landform,B_140013_17_LF_2010101,境川 / basin 17 / 台地・段丘,all_land_use,Ya->Ko,3,drop,0,6,0
watershed_x_landform,B_140013_17_LF_2010101,境川 / basin 17 / 台地・段丘,all_land_use,Ya->Ko,3,new,6,6,1
watershed_x_landform,B_140013_17_LF_2010201,境川 / basin 17 / 崖・段丘崖,all_land_use,Ko->Na,4,continue,0,1,0
watershed_x_landform,B_140013_17_LF_2010201,境川 / basin 17 / 崖・段丘崖,all_land_use,Ko->Na,4,drop,1,1,1
watershed_x_landform,B_140013_17_LF_2010201,境川 / basin 17 / 崖・段丘崖,all_land_use,Ko->Na,4,new,0,1,0
watershed_x_landform,B_140013_17_LF_2010201,境川 / basin 17 / 崖・段丘崖,all_land_use,Ya->Ko,3,continue,0,1,0
watershed_x_landform,B_140013_17_LF_2010201,境川 / basin 17 / 崖・段丘崖,all_land_use,Ya->Ko,3,drop,0,1,0
watershed_x_landform,B_140013_17_LF_2010201,境川 / basin 17 / 崖・段丘崖,all_land_use,Ya->Ko,3,new,1,1,1
watershed_x_landform,B_140013_17_LF_3030101,境川 / basin 17 / 氾濫平野・海岸平野,all_land_use,He->Me,6,continue,0,4,0
watershed_x_landform,B_140013_17_LF_3030101,境川 / basin 17 / 氾濫平野・海岸平野,all_land_use,He->Me,6,drop,3,4,0.75
watershed_x_landform,B_140013_17_LF_3030101,境川 / basin 17 / 氾濫平野・海岸平野,all_land_use,He->Me,6,new,1,4,0.25
watershed_x_landform,B_140013_17_LF_3030101,境川 / basin 17 / 氾濫平野・海岸平野,all_land_use,Jo->Ya,2,continue,0,2,0
watershed_x_landform,B_140013_17_LF_3030101,境川 / basin 17 / 氾濫平野・海岸平野,all_land_use,Jo->Ya,2,drop,2,2,1
watershed_x_landform,B_140013_17_LF_3030101,境川 / basin 17 / 氾濫平野・海岸平野,all_land_use,Jo->Ya,2,new,0,2,0
watershed_x_landform,B_140013_17_LF_3030101,境川 / basin 17 / 氾濫平野・海岸平野,all_land_use,Ko->Na,4,continue,1,3,0.3333333333333333
watershed_x_landform,B_140013_17_LF_3030101,境川 / basin 17 / 氾濫平野・海岸平野,all_land_use,Ko->Na,4,drop,0,3,0
watershed_x_landform,B_140013_17_LF_3030101,境川 / basin 17 / 氾濫平野・海岸平野,all_land_use,Ko->Na,4,new,2,3,0.6666666666666666
watershed_x_landform,B_140013_17_LF_3030101,境川 / basin 17 / 氾濫平野・海岸平野,all_land_use,Na->He,5,continue,3,3,1
watershed_x_landform,B_140013_17_LF_3030101,境川 / basin 17 / 氾濫平野・海岸平野,all_land_use,Na->He,5,drop,0,3,0
watershed_x_landform,B_140013_17_LF_3030101,境川 / basin 17 / 氾濫平野・海岸平野,all_land_use,Na->He,5,new,0,3,0
watershed_x_landform,B_140013_17_LF_3030101,境川 / basin 17 / 氾濫平野・海岸平野,all_land_use,Pa->Jo,1,continue,0,2,0
watershed_x_landform,B_140013_17_LF_3030101,境川 / basin 17 / 氾濫平野・海岸平野,all_land_use,Pa->Jo,1,drop,0,2,0
watershed_x_landform,B_140013_17_LF_3030101,境川 / basin 17 / 氾濫平野・海岸平野,all_land_use,Pa->Jo,1,new,2,2,1
watershed_x_landform,B_140013_17_LF_3030101,境川 / basin 17 / 氾濫平野・海岸平野,all_land_use,Ya->Ko,3,continue,0,1,0
watershed_x_landform,B_140013_17_LF_3030101,境川 / basin 17 / 氾濫平野・海岸平野,all_land_use,Ya->Ko,3,drop,0,1,0
watershed_x_landform,B_140013_17_LF_3030101,境川 / basin 17 / 氾濫平野・海岸平野,all_land_use,Ya->Ko,3,new,1,1,1
watershed_x_landform,B_140013_19_LF_10101,境川 / basin 19 / 山地斜面等,all_land_use,He->Me,6,continue,1,11,0.09090909090909091
watershed_x_landform,B_140013_19_LF_10101,境川 / basin 19 / 山地斜面等,all_land_use,He->Me,6,drop,9,11,0.8181818181818182
watershed_x_landform,B_140013_19_LF_10101,境川 / basin 19 / 山地斜面等,all_land_use,He->Me,6,new,1,11,0.09090909090909091
watershed_x_landform,B_140013_19_LF_10101,境川 / basin 19 / 山地斜面等,all_land_use,Jo->Ya,2,continue,1,14,0.07142857142857142
watershed_x_landform,B_140013_19_LF_10101,境川 / basin 19 / 山地斜面等,all_land_use,Jo->Ya,2,drop,13,14,0.9285714285714286
watershed_x_landform,B_140013_19_LF_10101,境川 / basin 19 / 山地斜面等,all_land_use,Jo->Ya,2,new,0,14,0
watershed_x_landform,B_140013_19_LF_10101,境川 / basin 19 / 山地斜面等,all_land_use,Ko->Na,4,continue,0,5,0
watershed_x_landform,B_140013_19_LF_10101,境川 / basin 19 / 山地斜面等,all_land_use,Ko->Na,4,drop,0,5,0
watershed_x_landform,B_140013_19_LF_10101,境川 / basin 19 / 山地斜面等,all_land_use,Ko->Na,4,new,5,5,1
watershed_x_landform,B_140013_19_LF_10101,境川 / basin 19 / 山地斜面等,all_land_use,Na->He,5,continue,4,11,0.36363636363636365
watershed_x_landform,B_140013_19_LF_10101,境川 / basin 19 / 山地斜面等,all_land_use,Na->He,5,drop,1,11,0.09090909090909091
watershed_x_landform,B_140013_19_LF_10101,境川 / basin 19 / 山地斜面等,all_land_use,Na->He,5,new,6,11,0.5454545454545454
watershed_x_landform,B_140013_19_LF_10101,境川 / basin 19 / 山地斜面等,all_land_use,Pa->Jo,1,continue,3,14,0.21428571428571427
watershed_x_landform,B_140013_19_LF_10101,境川 / basin 19 / 山地斜面等,all_land_use,Pa->Jo,1,drop,0,14,0
watershed_x_landform,B_140013_19_LF_10101,境川 / basin 19 / 山地斜面等,all_land_use,Pa->Jo,1,new,11,14,0.7857142857142857
watershed_x_landform,B_140013_19_LF_10101,境川 / basin 19 / 山地斜面等,all_land_use,Ya->Ko,3,continue,0,1,0
watershed_x_landform,B_140013_19_LF_10101,境川 / basin 19 / 山地斜面等,all_land_use,Ya->Ko,3,drop,1,1,1
watershed_x_landform,B_140013_19_LF_10101,境川 / basin 19 / 山地斜面等,all_land_use,Ya->Ko,3,new,0,1,0
watershed_x_landform,B_140013_19_LF_10305,境川 / basin 19 / 台地・段丘,all_land_use,He->Me,6,continue,0,1,0
watershed_x_landform,B_140013_19_LF_10305,境川 / basin 19 / 台地・段丘,all_land_use,He->Me,6,drop,1,1,1
watershed_x_landform,B_140013_19_LF_10305,境川 / basin 19 / 台地・段丘,all_land_use,He->Me,6,new,0,1,0
watershed_x_landform,B_140013_19_LF_10305,境川 / basin 19 / 台地・段丘,all_land_use,Jo->Ya,2,continue,0,1,0
watershed_x_landform,B_140013_19_LF_10305,境川 / basin 19 / 台地・段丘,all_land_use,Jo->Ya,2,drop,1,1,1
watershed_x_landform,B_140013_19_LF_10305,境川 / basin 19 / 台地・段丘,all_land_use,Jo->Ya,2,new,0,1,0
watershed_x_landform,B_140013_19_LF_10305,境川 / basin 19 / 台地・段丘,all_land_use,Ko->Na,4,continue,1,1,1
watershed_x_landform,B_140013_19_LF_10305,境川 / basin 19 / 台地・段丘,all_land_use,Ko->Na,4,drop,0,1,0
watershed_x_landform,B_140013_19_LF_10305,境川 / basin 19 / 台地・段丘,all_land_use,Ko->Na,4,new,0,1,0
watershed_x_landform,B_140013_19_LF_10305,境川 / basin 19 / 台地・段丘,all_land_use,Na->He,5,continue,1,1,1
watershed_x_landform,B_140013_19_LF_10305,境川 / basin 19 / 台地・段丘,all_land_use,Na->He,5,drop,0,1,0
watershed_x_landform,B_140013_19_LF_10305,境川 / basin 19 / 台地・段丘,all_land_use,Na->He,5,new,0,1,0
watershed_x_landform,B_140013_19_LF_10305,境川 / basin 19 / 台地・段丘,all_land_use,Pa->Jo,1,continue,0,1,0
watershed_x_landform,B_140013_19_LF_10305,境川 / basin 19 / 台地・段丘,all_land_use,Pa->Jo,1,drop,0,1,0
watershed_x_landform,B_140013_19_LF_10305,境川 / basin 19 / 台地・段丘,all_land_use,Pa->Jo,1,new,1,1,1
watershed_x_landform,B_140013_19_LF_10305,境川 / basin 19 / 台地・段丘,all_land_use,Ya->Ko,3,continue,0,1,0
watershed_x_landform,B_140013_19_LF_10305,境川 / basin 19 / 台地・段丘,all_land_use,Ya->Ko,3,drop,0,1,0
watershed_x_landform,B_140013_19_LF_10305,境川 / basin 19 / 台地・段丘,all_land_use,Ya->Ko,3,new,1,1,1
watershed_x_landform,B_140013_19_LF_10701,境川 / basin 19 / 氾濫平野・海岸平野,all_land_use,He->Me,6,continue,1,3,0.3333333333333333
watershed_x_landform,B_140013_19_LF_10701,境川 / basin 19 / 氾濫平野・海岸平野,all_land_use,He->Me,6,drop,2,3,0.6666666666666666
watershed_x_landform,B_140013_19_LF_10701,境川 / basin 19 / 氾濫平野・海岸平野,all_land_use,He->Me,6,new,0,3,0
watershed_x_landform,B_140013_19_LF_10701,境川 / basin 19 / 氾濫平野・海岸平野,all_land_use,Jo->Ya,2,continue,0,3,0
watershed_x_landform,B_140013_19_LF_10701,境川 / basin 19 / 氾濫平野・海岸平野,all_land_use,Jo->Ya,2,drop,2,3,0.6666666666666666
watershed_x_landform,B_140013_19_LF_10701,境川 / basin 19 / 氾濫平野・海岸平野,all_land_use,Jo->Ya,2,new,1,3,0.3333333333333333
watershed_x_landform,B_140013_19_LF_10701,境川 / basin 19 / 氾濫平野・海岸平野,all_land_use,Ko->Na,4,continue,1,3,0.3333333333333333
watershed_x_landform,B_140013_19_LF_10701,境川 / basin 19 / 氾濫平野・海岸平野,all_land_use,Ko->Na,4,drop,0,3,0
watershed_x_landform,B_140013_19_LF_10701,境川 / basin 19 / 氾濫平野・海岸平野,all_land_use,Ko->Na,4,new,2,3,0.6666666666666666
watershed_x_landform,B_140013_19_LF_10701,境川 / basin 19 / 氾濫平野・海岸平野,all_land_use,Na->He,5,continue,3,3,1
watershed_x_landform,B_140013_19_LF_10701,境川 / basin 19 / 氾濫平野・海岸平野,all_land_use,Na->He,5,drop,0,3,0
watershed_x_landform,B_140013_19_LF_10701,境川 / basin 19 / 氾濫平野・海岸平野,all_land_use,Na->He,5,new,0,3,0
watershed_x_landform,B_140013_19_LF_10701,境川 / basin 19 / 氾濫平野・海岸平野,all_land_use,Pa->Jo,1,continue,0,2,0
watershed_x_landform,B_140013_19_LF_10701,境川 / basin 19 / 氾濫平野・海岸平野,all_land_use,Pa->Jo,1,drop,0,2,0
watershed_x_landform,B_140013_19_LF_10701,境川 / basin 19 / 氾濫平野・海岸平野,all_land_use,Pa->Jo,1,new,2,2,1
watershed_x_landform,B_140013_19_LF_10701,境川 / basin 19 / 氾濫平野・海岸平野,all_land_use,Ya->Ko,3,continue,0,2,0
watershed_x_landform,B_140013_19_LF_10701,境川 / basin 19 / 氾濫平野・海岸平野,all_land_use,Ya->Ko,3,drop,1,2,0.5
watershed_x_landform,B_140013_19_LF_10701,境川 / basin 19 / 氾濫平野・海岸平野,all_land_use,Ya->Ko,3,new,1,2,0.5
watershed_x_landform,B_830303_345_LF_3040101,利根川 / basin 345 / 自然堤防,all_land_use,He->Me,6,continue,1,1,1
watershed_x_landform,B_830303_345_LF_3040101,利根川 / basin 345 / 自然堤防,all_land_use,He->Me,6,drop,0,1,0
watershed_x_landform,B_830303_345_LF_3040101,利根川 / basin 345 / 自然堤防,all_land_use,He->Me,6,new,0,1,0
watershed_x_landform,B_830303_345_LF_3040101,利根川 / basin 345 / 自然堤防,all_land_use,Jo->Ya,2,continue,0,1,0
watershed_x_landform,B_830303_345_LF_3040101,利根川 / basin 345 / 自然堤防,all_land_use,Jo->Ya,2,drop,0,1,0
watershed_x_landform,B_830303_345_LF_3040101,利根川 / basin 345 / 自然堤防,all_land_use,Jo->Ya,2,new,1,1,1
watershed_x_landform,B_830303_345_LF_3040101,利根川 / basin 345 / 自然堤防,all_land_use,Ko->Na,4,continue,1,1,1
watershed_x_landform,B_830303_345_LF_3040101,利根川 / basin 345 / 自然堤防,all_land_use,Ko->Na,4,drop,0,1,0
watershed_x_landform,B_830303_345_LF_3040101,利根川 / basin 345 / 自然堤防,all_land_use,Ko->Na,4,new,0,1,0
watershed_x_landform,B_830303_345_LF_3040101,利根川 / basin 345 / 自然堤防,all_land_use,Na->He,5,continue,1,1,1
watershed_x_landform,B_830303_345_LF_3040101,利根川 / basin 345 / 自然堤防,all_land_use,Na->He,5,drop,0,1,0
watershed_x_landform,B_830303_345_LF_3040101,利根川 / basin 345 / 自然堤防,all_land_use,Na->He,5,new,0,1,0
watershed_x_landform,B_830303_345_LF_3040101,利根川 / basin 345 / 自然堤防,all_land_use,Ya->Ko,3,continue,1,1,1
watershed_x_landform,B_830303_345_LF_3040101,利根川 / basin 345 / 自然堤防,all_land_use,Ya->Ko,3,drop,0,1,0
watershed_x_landform,B_830303_345_LF_3040101,利根川 / basin 345 / 自然堤防,all_land_use,Ya->Ko,3,new,0,1,0
watershed_x_landform,B_830303_347_LF_3030101,利根川 / basin 347 / 氾濫平野・海岸平野,all_land_use,Ko->Na,4,continue,0,1,0
watershed_x_landform,B_830303_347_LF_3030101,利根川 / basin 347 / 氾濫平野・海岸平野,all_land_use,Ko->Na,4,drop,1,1,1
watershed_x_landform,B_830303_347_LF_3030101,利根川 / basin 347 / 氾濫平野・海岸平野,all_land_use,Ko->Na,4,new,0,1,0
watershed_x_landform,B_830303_347_LF_3030101,利根川 / basin 347 / 氾濫平野・海岸平野,all_land_use,Ya->Ko,3,continue,0,1,0
watershed_x_landform,B_830303_347_LF_3030101,利根川 / basin 347 / 氾濫平野・海岸平野,all_land_use,Ya->Ko,3,drop,0,1,0
watershed_x_landform,B_830303_347_LF_3030101,利根川 / basin 347 / 氾濫平野・海岸平野,all_land_use,Ya->Ko,3,new,1,1,1
watershed_x_landform,B_830303_347_LF_3040101,利根川 / basin 347 / 自然堤防,all_land_use,He->Me,6,continue,5,5,1
watershed_x_landform,B_830303_347_LF_3040101,利根川 / basin 347 / 自然堤防,all_land_use,He->Me,6,drop,0,5,0
watershed_x_landform,B_830303_347_LF_3040101,利根川 / basin 347 / 自然堤防,all_land_use,He->Me,6,new,0,5,0
watershed_x_landform,B_830303_347_LF_3040101,利根川 / basin 347 / 自然堤防,all_land_use,Jo->Ya,2,continue,0,1,0
watershed_x_landform,B_830303_347_LF_3040101,利根川 / basin 347 / 自然堤防,all_land_use,Jo->Ya,2,drop,0,1,0
watershed_x_landform,B_830303_347_LF_3040101,利根川 / basin 347 / 自然堤防,all_land_use,Jo->Ya,2,new,1,1,1
watershed_x_landform,B_830303_347_LF_3040101,利根川 / basin 347 / 自然堤防,all_land_use,Ko->Na,4,continue,3,5,0.6
watershed_x_landform,B_830303_347_LF_3040101,利根川 / basin 347 / 自然堤防,all_land_use,Ko->Na,4,drop,0,5,0
watershed_x_landform,B_830303_347_LF_3040101,利根川 / basin 347 / 自然堤防,all_land_use,Ko->Na,4,new,2,5,0.4
watershed_x_landform,B_830303_347_LF_3040101,利根川 / basin 347 / 自然堤防,all_land_use,Na->He,5,continue,5,5,1
watershed_x_landform,B_830303_347_LF_3040101,利根川 / basin 347 / 自然堤防,all_land_use,Na->He,5,drop,0,5,0
watershed_x_landform,B_830303_347_LF_3040101,利根川 / basin 347 / 自然堤防,all_land_use,Na->He,5,new,0,5,0
watershed_x_landform,B_830303_347_LF_3040101,利根川 / basin 347 / 自然堤防,all_land_use,Ya->Ko,3,continue,1,3,0.3333333333333333
watershed_x_landform,B_830303_347_LF_3040101,利根川 / basin 347 / 自然堤防,all_land_use,Ya->Ko,3,drop,0,3,0
watershed_x_landform,B_830303_347_LF_3040101,利根川 / basin 347 / 自然堤防,all_land_use,Ya->Ko,3,new,2,3,0.6666666666666666
watershed_x_landform,B_830303_347_LF_5010201,利根川 / basin 347 / 水部,all_land_use,Ko->Na,4,continue,0,1,0
watershed_x_landform,B_830303_347_LF_5010201,利根川 / basin 347 / 水部,all_land_use,Ko->Na,4,drop,1,1,1
watershed_x_landform,B_830303_347_LF_5010201,利根川 / basin 347 / 水部,all_land_use,Ko->Na,4,new,0,1,0
watershed_x_landform,B_830303_347_LF_5010201,利根川 / basin 347 / 水部,all_land_use,Ya->Ko,3,continue,0,1,0
watershed_x_landform,B_830303_347_LF_5010201,利根川 / basin 347 / 水部,all_land_use,Ya->Ko,3,drop,0,1,0
watershed_x_landform,B_830303_347_LF_5010201,利根川 / basin 347 / 水部,all_land_use,Ya->Ko,3,new,1,1,1
watershed_x_landform,B_830303_388_LF_3030101,利根川 / basin 388 / 氾濫平野・海岸平野,all_land_use,Jo->Ya,2,continue,0,1,0
watershed_x_landform,B_830303_388_LF_3030101,利根川 / basin 388 / 氾濫平野・海岸平野,all_land_use,Jo->Ya,2,drop,0,1,0
watershed_x_landform,B_830303_388_LF_3030101,利根川 / basin 388 / 氾濫平野・海岸平野,all_land_use,Jo->Ya,2,new,1,1,1
watershed_x_landform,B_830303_388_LF_3030101,利根川 / basin 388 / 氾濫平野・海岸平野,all_land_use,Ya->Ko,3,continue,0,1,0
watershed_x_landform,B_830303_388_LF_3030101,利根川 / basin 388 / 氾濫平野・海岸平野,all_land_use,Ya->Ko,3,drop,1,1,1
watershed_x_landform,B_830303_388_LF_3030101,利根川 / basin 388 / 氾濫平野・海岸平野,all_land_use,Ya->Ko,3,new,0,1,0
watershed_x_landform,B_830303_389_LF_3040101,利根川 / basin 389 / 自然堤防,all_land_use,He->Me,6,continue,0,1,0
watershed_x_landform,B_830303_389_LF_3040101,利根川 / basin 389 / 自然堤防,all_land_use,He->Me,6,drop,1,1,1
watershed_x_landform,B_830303_389_LF_3040101,利根川 / basin 389 / 自然堤防,all_land_use,He->Me,6,new,0,1,0
watershed_x_landform,B_830303_389_LF_3040101,利根川 / basin 389 / 自然堤防,all_land_use,Jo->Ya,2,continue,0,1,0
watershed_x_landform,B_830303_389_LF_3040101,利根川 / basin 389 / 自然堤防,all_land_use,Jo->Ya,2,drop,0,1,0
watershed_x_landform,B_830303_389_LF_3040101,利根川 / basin 389 / 自然堤防,all_land_use,Jo->Ya,2,new,1,1,1
watershed_x_landform,B_830303_389_LF_3040101,利根川 / basin 389 / 自然堤防,all_land_use,Ko->Na,4,continue,1,1,1
watershed_x_landform,B_830303_389_LF_3040101,利根川 / basin 389 / 自然堤防,all_land_use,Ko->Na,4,drop,0,1,0
watershed_x_landform,B_830303_389_LF_3040101,利根川 / basin 389 / 自然堤防,all_land_use,Ko->Na,4,new,0,1,0
watershed_x_landform,B_830303_389_LF_3040101,利根川 / basin 389 / 自然堤防,all_land_use,Na->He,5,continue,1,1,1
watershed_x_landform,B_830303_389_LF_3040101,利根川 / basin 389 / 自然堤防,all_land_use,Na->He,5,drop,0,1,0
watershed_x_landform,B_830303_389_LF_3040101,利根川 / basin 389 / 自然堤防,all_land_use,Na->He,5,new,0,1,0
watershed_x_landform,B_830303_389_LF_3040101,利根川 / basin 389 / 自然堤防,all_land_use,Ya->Ko,3,continue,1,1,1
watershed_x_landform,B_830303_389_LF_3040101,利根川 / basin 389 / 自然堤防,all_land_use,Ya->Ko,3,drop,0,1,0
watershed_x_landform,B_830303_389_LF_3040101,利根川 / basin 389 / 自然堤防,all_land_use,Ya->Ko,3,new,0,1,0
watershed_x_landform,B_830303_390_LF_3030101,利根川 / basin 390 / 氾濫平野・海岸平野,all_land_use,Jo->Ya,2,continue,0,1,0
watershed_x_landform,B_830303_390_LF_3030101,利根川 / basin 390 / 氾濫平野・海岸平野,all_land_use,Jo->Ya,2,drop,1,1,1
watershed_x_landform,B_830303_390_LF_3030101,利根川 / basin 390 / 氾濫平野・海岸平野,all_land_use,Jo->Ya,2,new,0,1,0
watershed_x_landform,B_830303_390_LF_3030101,利根川 / basin 390 / 氾濫平野・海岸平野,all_land_use,Pa->Jo,1,continue,0,1,0
watershed_x_landform,B_830303_390_LF_3030101,利根川 / basin 390 / 氾濫平野・海岸平野,all_land_use,Pa->Jo,1,drop,0,1,0
watershed_x_landform,B_830303_390_LF_3030101,利根川 / basin 390 / 氾濫平野・海岸平野,all_land_use,Pa->Jo,1,new,1,1,1
watershed_x_landform,B_830303_390_LF_3040101,利根川 / basin 390 / 自然堤防,all_land_use,Ko->Na,4,continue,0,1,0
watershed_x_landform,B_830303_390_LF_3040101,利根川 / basin 390 / 自然堤防,all_land_use,Ko->Na,4,drop,1,1,1
watershed_x_landform,B_830303_390_LF_3040101,利根川 / basin 390 / 自然堤防,all_land_use,Ko->Na,4,new,0,1,0
watershed_x_landform,B_830303_390_LF_3040101,利根川 / basin 390 / 自然堤防,all_land_use,Ya->Ko,3,continue,0,1,0
watershed_x_landform,B_830303_390_LF_3040101,利根川 / basin 390 / 自然堤防,all_land_use,Ya->Ko,3,drop,0,1,0
watershed_x_landform,B_830303_390_LF_3040101,利根川 / basin 390 / 自然堤防,all_land_use,Ya->Ko,3,new,1,1,1
watershed_x_landform,B_830303_393_LF_3030101,利根川 / basin 393 / 氾濫平野・海岸平野,all_land_use,He->Me,6,continue,1,1,1
watershed_x_landform,B_830303_393_LF_3030101,利根川 / basin 393 / 氾濫平野・海岸平野,all_land_use,He->Me,6,drop,0,1,0
watershed_x_landform,B_830303_393_LF_3030101,利根川 / basin 393 / 氾濫平野・海岸平野,all_land_use,He->Me,6,new,0,1,0
watershed_x_landform,B_830303_393_LF_3030101,利根川 / basin 393 / 氾濫平野・海岸平野,all_land_use,Jo->Ya,2,continue,0,1,0
watershed_x_landform,B_830303_393_LF_3030101,利根川 / basin 393 / 氾濫平野・海岸平野,all_land_use,Jo->Ya,2,drop,0,1,0
watershed_x_landform,B_830303_393_LF_3030101,利根川 / basin 393 / 氾濫平野・海岸平野,all_land_use,Jo->Ya,2,new,1,1,1
watershed_x_landform,B_830303_393_LF_3030101,利根川 / basin 393 / 氾濫平野・海岸平野,all_land_use,Ko->Na,4,continue,0,2,0
watershed_x_landform,B_830303_393_LF_3030101,利根川 / basin 393 / 氾濫平野・海岸平野,all_land_use,Ko->Na,4,drop,1,2,0.5
watershed_x_landform,B_830303_393_LF_3030101,利根川 / basin 393 / 氾濫平野・海岸平野,all_land_use,Ko->Na,4,new,1,2,0.5
watershed_x_landform,B_830303_393_LF_3030101,利根川 / basin 393 / 氾濫平野・海岸平野,all_land_use,Na->He,5,continue,1,1,1
watershed_x_landform,B_830303_393_LF_3030101,利根川 / basin 393 / 氾濫平野・海岸平野,all_land_use,Na->He,5,drop,0,1,0
watershed_x_landform,B_830303_393_LF_3030101,利根川 / basin 393 / 氾濫平野・海岸平野,all_land_use,Na->He,5,new,0,1,0
watershed_x_landform,B_830303_393_LF_3030101,利根川 / basin 393 / 氾濫平野・海岸平野,all_land_use,Ya->Ko,3,continue,0,2,0
watershed_x_landform,B_830303_393_LF_3030101,利根川 / basin 393 / 氾濫平野・海岸平野,all_land_use,Ya->Ko,3,drop,1,2,0.5
watershed_x_landform,B_830303_393_LF_3030101,利根川 / basin 393 / 氾濫平野・海岸平野,all_land_use,Ya->Ko,3,new,1,2,0.5
watershed_x_landform,B_830303_393_LF_3040101,利根川 / basin 393 / 自然堤防,all_land_use,He->Me,6,continue,0,2,0
watershed_x_landform,B_830303_393_LF_3040101,利根川 / basin 393 / 自然堤防,all_land_use,He->Me,6,drop,1,2,0.5
watershed_x_landform,B_830303_393_LF_3040101,利根川 / basin 393 / 自然堤防,all_land_use,He->Me,6,new,1,2,0.5
watershed_x_landform,B_830303_393_LF_3040101,利根川 / basin 393 / 自然堤防,all_land_use,Jo->Ya,2,continue,0,1,0
watershed_x_landform,B_830303_393_LF_3040101,利根川 / basin 393 / 自然堤防,all_land_use,Jo->Ya,2,drop,0,1,0
watershed_x_landform,B_830303_393_LF_3040101,利根川 / basin 393 / 自然堤防,all_land_use,Jo->Ya,2,new,1,1,1
watershed_x_landform,B_830303_393_LF_3040101,利根川 / basin 393 / 自然堤防,all_land_use,Ko->Na,4,continue,0,3,0
watershed_x_landform,B_830303_393_LF_3040101,利根川 / basin 393 / 自然堤防,all_land_use,Ko->Na,4,drop,1,3,0.3333333333333333
watershed_x_landform,B_830303_393_LF_3040101,利根川 / basin 393 / 自然堤防,all_land_use,Ko->Na,4,new,2,3,0.6666666666666666
watershed_x_landform,B_830303_393_LF_3040101,利根川 / basin 393 / 自然堤防,all_land_use,Na->He,5,continue,1,2,0.5
watershed_x_landform,B_830303_393_LF_3040101,利根川 / basin 393 / 自然堤防,all_land_use,Na->He,5,drop,1,2,0.5
watershed_x_landform,B_830303_393_LF_3040101,利根川 / basin 393 / 自然堤防,all_land_use,Na->He,5,new,0,2,0
watershed_x_landform,B_830303_393_LF_3040101,利根川 / basin 393 / 自然堤防,all_land_use,Ya->Ko,3,continue,0,2,0
watershed_x_landform,B_830303_393_LF_3040101,利根川 / basin 393 / 自然堤防,all_land_use,Ya->Ko,3,drop,1,2,0.5
watershed_x_landform,B_830303_393_LF_3040101,利根川 / basin 393 / 自然堤防,all_land_use,Ya->Ko,3,new,1,2,0.5
watershed_x_landform,B_830303_425_LF_3040101,利根川 / basin 425 / 自然堤防,all_land_use,He->Me,6,continue,0,1,0
watershed_x_landform,B_830303_425_LF_3040101,利根川 / basin 425 / 自然堤防,all_land_use,He->Me,6,drop,0,1,0
watershed_x_landform,B_830303_425_LF_3040101,利根川 / basin 425 / 自然堤防,all_land_use,He->Me,6,new,1,1,1
watershed_x_landform,B_830303_426_LF_3030101,利根川 / basin 426 / 氾濫平野・海岸平野,all_land_use,He->Me,6,continue,0,2,0
watershed_x_landform,B_830303_426_LF_3030101,利根川 / basin 426 / 氾濫平野・海岸平野,all_land_use,He->Me,6,drop,0,2,0
watershed_x_landform,B_830303_426_LF_3030101,利根川 / basin 426 / 氾濫平野・海岸平野,all_land_use,He->Me,6,new,2,2,1
watershed_x_landform,B_830303_426_LF_3040101,利根川 / basin 426 / 自然堤防,all_land_use,He->Me,6,continue,0,1,0
watershed_x_landform,B_830303_426_LF_3040101,利根川 / basin 426 / 自然堤防,all_land_use,He->Me,6,drop,0,1,0
watershed_x_landform,B_830303_426_LF_3040101,利根川 / basin 426 / 自然堤防,all_land_use,He->Me,6,new,1,1,1
watershed_x_landform,B_830303_427_LF_3030101,利根川 / basin 427 / 氾濫平野・海岸平野,all_land_use,He->Me,6,continue,2,3,0.6666666666666666
watershed_x_landform,B_830303_427_LF_3030101,利根川 / basin 427 / 氾濫平野・海岸平野,all_land_use,He->Me,6,drop,0,3,0
watershed_x_landform,B_830303_427_LF_3030101,利根川 / basin 427 / 氾濫平野・海岸平野,all_land_use,He->Me,6,new,1,3,0.3333333333333333
watershed_x_landform,B_830303_427_LF_3030101,利根川 / basin 427 / 氾濫平野・海岸平野,all_land_use,Ko->Na,4,continue,2,2,1
watershed_x_landform,B_830303_427_LF_3030101,利根川 / basin 427 / 氾濫平野・海岸平野,all_land_use,Ko->Na,4,drop,0,2,0
watershed_x_landform,B_830303_427_LF_3030101,利根川 / basin 427 / 氾濫平野・海岸平野,all_land_use,Ko->Na,4,new,0,2,0
watershed_x_landform,B_830303_427_LF_3030101,利根川 / basin 427 / 氾濫平野・海岸平野,all_land_use,Na->He,5,continue,2,2,1
watershed_x_landform,B_830303_427_LF_3030101,利根川 / basin 427 / 氾濫平野・海岸平野,all_land_use,Na->He,5,drop,0,2,0
watershed_x_landform,B_830303_427_LF_3030101,利根川 / basin 427 / 氾濫平野・海岸平野,all_land_use,Na->He,5,new,0,2,0
watershed_x_landform,B_830303_427_LF_3030101,利根川 / basin 427 / 氾濫平野・海岸平野,all_land_use,Ya->Ko,3,continue,0,2,0
watershed_x_landform,B_830303_427_LF_3030101,利根川 / basin 427 / 氾濫平野・海岸平野,all_land_use,Ya->Ko,3,drop,0,2,0
watershed_x_landform,B_830303_427_LF_3030101,利根川 / basin 427 / 氾濫平野・海岸平野,all_land_use,Ya->Ko,3,new,2,2,1
watershed_x_landform,B_830303_427_LF_3040101,利根川 / basin 427 / 自然堤防,all_land_use,He->Me,6,continue,2,2,1
watershed_x_landform,B_830303_427_LF_3040101,利根川 / basin 427 / 自然堤防,all_land_use,He->Me,6,drop,0,2,0
watershed_x_landform,B_830303_427_LF_3040101,利根川 / basin 427 / 自然堤防,all_land_use,He->Me,6,new,0,2,0
watershed_x_landform,B_830303_427_LF_3040101,利根川 / basin 427 / 自然堤防,all_land_use,Ko->Na,4,continue,2,5,0.4
watershed_x_landform,B_830303_427_LF_3040101,利根川 / basin 427 / 自然堤防,all_land_use,Ko->Na,4,drop,3,5,0.6
watershed_x_landform,B_830303_427_LF_3040101,利根川 / basin 427 / 自然堤防,all_land_use,Ko->Na,4,new,0,5,0
watershed_x_landform,B_830303_427_LF_3040101,利根川 / basin 427 / 自然堤防,all_land_use,Na->He,5,continue,2,2,1
watershed_x_landform,B_830303_427_LF_3040101,利根川 / basin 427 / 自然堤防,all_land_use,Na->He,5,drop,0,2,0
watershed_x_landform,B_830303_427_LF_3040101,利根川 / basin 427 / 自然堤防,all_land_use,Na->He,5,new,0,2,0
watershed_x_landform,B_830303_427_LF_3040101,利根川 / basin 427 / 自然堤防,all_land_use,Ya->Ko,3,continue,0,5,0
watershed_x_landform,B_830303_427_LF_3040101,利根川 / basin 427 / 自然堤防,all_land_use,Ya->Ko,3,drop,0,5,0
watershed_x_landform,B_830303_427_LF_3040101,利根川 / basin 427 / 自然堤防,all_land_use,Ya->Ko,3,new,5,5,1
watershed_x_landform,B_830303_432_LF_3030101,利根川 / basin 432 / 氾濫平野・海岸平野,all_land_use,He->Me,6,continue,0,1,0
watershed_x_landform,B_830303_432_LF_3030101,利根川 / basin 432 / 氾濫平野・海岸平野,all_land_use,He->Me,6,drop,0,1,0
watershed_x_landform,B_830303_432_LF_3030101,利根川 / basin 432 / 氾濫平野・海岸平野,all_land_use,He->Me,6,new,1,1,1
watershed_x_landform,B_830303_432_LF_3040101,利根川 / basin 432 / 自然堤防,all_land_use,He->Me,6,continue,0,1,0
watershed_x_landform,B_830303_432_LF_3040101,利根川 / basin 432 / 自然堤防,all_land_use,He->Me,6,drop,0,1,0
watershed_x_landform,B_830303_432_LF_3040101,利根川 / basin 432 / 自然堤防,all_land_use,He->Me,6,new,1,1,1
watershed_x_landform,B_830303_470_LF_3050101,利根川 / basin 470 / 砂州・砂丘,all_land_use,He->Me,6,continue,0,1,0
watershed_x_landform,B_830303_470_LF_3050101,利根川 / basin 470 / 砂州・砂丘,all_land_use,He->Me,6,drop,0,1,0
watershed_x_landform,B_830303_470_LF_3050101,利根川 / basin 470 / 砂州・砂丘,all_land_use,He->Me,6,new,1,1,1
watershed_x_landform,B_830303_478_LF_3030101,利根川 / basin 478 / 氾濫平野・海岸平野,all_land_use,He->Me,6,continue,0,1,0
watershed_x_landform,B_830303_478_LF_3030101,利根川 / basin 478 / 氾濫平野・海岸平野,all_land_use,He->Me,6,drop,1,1,1
watershed_x_landform,B_830303_478_LF_3030101,利根川 / basin 478 / 氾濫平野・海岸平野,all_land_use,He->Me,6,new,0,1,0
watershed_x_landform,B_830303_478_LF_3030101,利根川 / basin 478 / 氾濫平野・海岸平野,all_land_use,Jo->Ya,2,continue,1,1,1
watershed_x_landform,B_830303_478_LF_3030101,利根川 / basin 478 / 氾濫平野・海岸平野,all_land_use,Jo->Ya,2,drop,0,1,0
watershed_x_landform,B_830303_478_LF_3030101,利根川 / basin 478 / 氾濫平野・海岸平野,all_land_use,Jo->Ya,2,new,0,1,0
watershed_x_landform,B_830303_478_LF_3030101,利根川 / basin 478 / 氾濫平野・海岸平野,all_land_use,Ko->Na,4,continue,1,7,0.14285714285714285
watershed_x_landform,B_830303_478_LF_3030101,利根川 / basin 478 / 氾濫平野・海岸平野,all_land_use,Ko->Na,4,drop,6,7,0.8571428571428571
watershed_x_landform,B_830303_478_LF_3030101,利根川 / basin 478 / 氾濫平野・海岸平野,all_land_use,Ko->Na,4,new,0,7,0
watershed_x_landform,B_830303_478_LF_3030101,利根川 / basin 478 / 氾濫平野・海岸平野,all_land_use,Na->He,5,continue,1,1,1
watershed_x_landform,B_830303_478_LF_3030101,利根川 / basin 478 / 氾濫平野・海岸平野,all_land_use,Na->He,5,drop,0,1,0
watershed_x_landform,B_830303_478_LF_3030101,利根川 / basin 478 / 氾濫平野・海岸平野,all_land_use,Na->He,5,new,0,1,0
watershed_x_landform,B_830303_478_LF_3030101,利根川 / basin 478 / 氾濫平野・海岸平野,all_land_use,Pa->Jo,1,continue,0,1,0
watershed_x_landform,B_830303_478_LF_3030101,利根川 / basin 478 / 氾濫平野・海岸平野,all_land_use,Pa->Jo,1,drop,0,1,0
watershed_x_landform,B_830303_478_LF_3030101,利根川 / basin 478 / 氾濫平野・海岸平野,all_land_use,Pa->Jo,1,new,1,1,1
watershed_x_landform,B_830303_478_LF_3030101,利根川 / basin 478 / 氾濫平野・海岸平野,all_land_use,Ya->Ko,3,continue,1,7,0.14285714285714285
watershed_x_landform,B_830303_478_LF_3030101,利根川 / basin 478 / 氾濫平野・海岸平野,all_land_use,Ya->Ko,3,drop,0,7,0
watershed_x_landform,B_830303_478_LF_3030101,利根川 / basin 478 / 氾濫平野・海岸平野,all_land_use,Ya->Ko,3,new,6,7,0.8571428571428571
watershed_x_landform,B_830303_478_LF_3040101,利根川 / basin 478 / 自然堤防,all_land_use,He->Me,6,continue,0,2,0
watershed_x_landform,B_830303_478_LF_3040101,利根川 / basin 478 / 自然堤防,all_land_use,He->Me,6,drop,2,2,1
watershed_x_landform,B_830303_478_LF_3040101,利根川 / basin 478 / 自然堤防,all_land_use,He->Me,6,new,0,2,0
watershed_x_landform,B_830303_478_LF_3040101,利根川 / basin 478 / 自然堤防,all_land_use,Ko->Na,4,continue,2,2,1
watershed_x_landform,B_830303_478_LF_3040101,利根川 / basin 478 / 自然堤防,all_land_use,Ko->Na,4,drop,0,2,0
watershed_x_landform,B_830303_478_LF_3040101,利根川 / basin 478 / 自然堤防,all_land_use,Ko->Na,4,new,0,2,0
watershed_x_landform,B_830303_478_LF_3040101,利根川 / basin 478 / 自然堤防,all_land_use,Na->He,5,continue,2,2,1
watershed_x_landform,B_830303_478_LF_3040101,利根川 / basin 478 / 自然堤防,all_land_use,Na->He,5,drop,0,2,0
watershed_x_landform,B_830303_478_LF_3040101,利根川 / basin 478 / 自然堤防,all_land_use,Na->He,5,new,0,2,0
watershed_x_landform,B_830303_478_LF_3040101,利根川 / basin 478 / 自然堤防,all_land_use,Ya->Ko,3,continue,0,2,0
watershed_x_landform,B_830303_478_LF_3040101,利根川 / basin 478 / 自然堤防,all_land_use,Ya->Ko,3,drop,0,2,0
watershed_x_landform,B_830303_478_LF_3040101,利根川 / basin 478 / 自然堤防,all_land_use,Ya->Ko,3,new,2,2,1
watershed_x_landform,B_830303_517_LF_3030101,利根川 / basin 517 / 氾濫平野・海岸平野,all_land_use,He->Me,6,continue,1,1,1
watershed_x_landform,B_830303_517_LF_3030101,利根川 / basin 517 / 氾濫平野・海岸平野,all_land_use,He->Me,6,drop,0,1,0
watershed_x_landform,B_830303_517_LF_3030101,利根川 / basin 517 / 氾濫平野・海岸平野,all_land_use,He->Me,6,new,0,1,0
watershed_x_landform,B_830303_517_LF_3030101,利根川 / basin 517 / 氾濫平野・海岸平野,all_land_use,Jo->Ya,2,continue,0,1,0
watershed_x_landform,B_830303_517_LF_3030101,利根川 / basin 517 / 氾濫平野・海岸平野,all_land_use,Jo->Ya,2,drop,1,1,1
watershed_x_landform,B_830303_517_LF_3030101,利根川 / basin 517 / 氾濫平野・海岸平野,all_land_use,Jo->Ya,2,new,0,1,0
watershed_x_landform,B_830303_517_LF_3030101,利根川 / basin 517 / 氾濫平野・海岸平野,all_land_use,Ko->Na,4,continue,1,1,1
watershed_x_landform,B_830303_517_LF_3030101,利根川 / basin 517 / 氾濫平野・海岸平野,all_land_use,Ko->Na,4,drop,0,1,0
watershed_x_landform,B_830303_517_LF_3030101,利根川 / basin 517 / 氾濫平野・海岸平野,all_land_use,Ko->Na,4,new,0,1,0
watershed_x_landform,B_830303_517_LF_3030101,利根川 / basin 517 / 氾濫平野・海岸平野,all_land_use,Na->He,5,continue,1,1,1
watershed_x_landform,B_830303_517_LF_3030101,利根川 / basin 517 / 氾濫平野・海岸平野,all_land_use,Na->He,5,drop,0,1,0
watershed_x_landform,B_830303_517_LF_3030101,利根川 / basin 517 / 氾濫平野・海岸平野,all_land_use,Na->He,5,new,0,1,0
watershed_x_landform,B_830303_517_LF_3030101,利根川 / basin 517 / 氾濫平野・海岸平野,all_land_use,Pa->Jo,1,continue,0,1,0
watershed_x_landform,B_830303_517_LF_3030101,利根川 / basin 517 / 氾濫平野・海岸平野,all_land_use,Pa->Jo,1,drop,0,1,0
watershed_x_landform,B_830303_517_LF_3030101,利根川 / basin 517 / 氾濫平野・海岸平野,all_land_use,Pa->Jo,1,new,1,1,1
watershed_x_landform,B_830303_517_LF_3030101,利根川 / basin 517 / 氾濫平野・海岸平野,all_land_use,Ya->Ko,3,continue,0,1,0
watershed_x_landform,B_830303_517_LF_3030101,利根川 / basin 517 / 氾濫平野・海岸平野,all_land_use,Ya->Ko,3,drop,0,1,0
watershed_x_landform,B_830303_517_LF_3030101,利根川 / basin 517 / 氾濫平野・海岸平野,all_land_use,Ya->Ko,3,new,1,1,1
watershed_x_landform,B_830303_517_LF_3040101,利根川 / basin 517 / 自然堤防,all_land_use,He->Me,6,continue,1,3,0.3333333333333333
watershed_x_landform,B_830303_517_LF_3040101,利根川 / basin 517 / 自然堤防,all_land_use,He->Me,6,drop,0,3,0
watershed_x_landform,B_830303_517_LF_3040101,利根川 / basin 517 / 自然堤防,all_land_use,He->Me,6,new,2,3,0.6666666666666666
watershed_x_landform,B_830303_517_LF_3040101,利根川 / basin 517 / 自然堤防,all_land_use,Ko->Na,4,continue,1,3,0.3333333333333333
watershed_x_landform,B_830303_517_LF_3040101,利根川 / basin 517 / 自然堤防,all_land_use,Ko->Na,4,drop,1,3,0.3333333333333333
watershed_x_landform,B_830303_517_LF_3040101,利根川 / basin 517 / 自然堤防,all_land_use,Ko->Na,4,new,1,3,0.3333333333333333
watershed_x_landform,B_830303_517_LF_3040101,利根川 / basin 517 / 自然堤防,all_land_use,Na->He,5,continue,1,2,0.5
watershed_x_landform,B_830303_517_LF_3040101,利根川 / basin 517 / 自然堤防,all_land_use,Na->He,5,drop,1,2,0.5
watershed_x_landform,B_830303_517_LF_3040101,利根川 / basin 517 / 自然堤防,all_land_use,Na->He,5,new,0,2,0
watershed_x_landform,B_830303_517_LF_3040101,利根川 / basin 517 / 自然堤防,all_land_use,Ya->Ko,3,continue,0,2,0
watershed_x_landform,B_830303_517_LF_3040101,利根川 / basin 517 / 自然堤防,all_land_use,Ya->Ko,3,drop,0,2,0
watershed_x_landform,B_830303_517_LF_3040101,利根川 / basin 517 / 自然堤防,all_land_use,Ya->Ko,3,new,2,2,1
watershed_x_landform,B_830303_517_LF_3040201,利根川 / basin 517 / 旧河道,all_land_use,He->Me,6,continue,1,2,0.5
watershed_x_landform,B_830303_517_LF_3040201,利根川 / basin 517 / 旧河道,all_land_use,He->Me,6,drop,1,2,0.5
watershed_x_landform,B_830303_517_LF_3040201,利根川 / basin 517 / 旧河道,all_land_use,He->Me,6,new,0,2,0
watershed_x_landform,B_830303_517_LF_3040201,利根川 / basin 517 / 旧河道,all_land_use,Ko->Na,4,continue,2,5,0.4
watershed_x_landform,B_830303_517_LF_3040201,利根川 / basin 517 / 旧河道,all_land_use,Ko->Na,4,drop,3,5,0.6
watershed_x_landform,B_830303_517_LF_3040201,利根川 / basin 517 / 旧河道,all_land_use,Ko->Na,4,new,0,5,0
watershed_x_landform,B_830303_517_LF_3040201,利根川 / basin 517 / 旧河道,all_land_use,Na->He,5,continue,2,2,1
watershed_x_landform,B_830303_517_LF_3040201,利根川 / basin 517 / 旧河道,all_land_use,Na->He,5,drop,0,2,0
watershed_x_landform,B_830303_517_LF_3040201,利根川 / basin 517 / 旧河道,all_land_use,Na->He,5,new,0,2,0
watershed_x_landform,B_830303_517_LF_3040201,利根川 / basin 517 / 旧河道,all_land_use,Ya->Ko,3,continue,0,5,0
watershed_x_landform,B_830303_517_LF_3040201,利根川 / basin 517 / 旧河道,all_land_use,Ya->Ko,3,drop,0,5,0
watershed_x_landform,B_830303_517_LF_3040201,利根川 / basin 517 / 旧河道,all_land_use,Ya->Ko,3,new,5,5,1
watershed_x_landform,B_830304_105_LF_10314,荒川 / basin 105 / 台地・段丘,all_land_use,He->Me,6,continue,0,1,0
watershed_x_landform,B_830304_105_LF_10314,荒川 / basin 105 / 台地・段丘,all_land_use,He->Me,6,drop,0,1,0
watershed_x_landform,B_830304_105_LF_10314,荒川 / basin 105 / 台地・段丘,all_land_use,He->Me,6,new,1,1,1
watershed_x_landform,B_830304_11_LF_3030101,荒川 / basin 11 / 氾濫平野・海岸平野,all_land_use,He->Me,6,continue,0,1,0
watershed_x_landform,B_830304_11_LF_3030101,荒川 / basin 11 / 氾濫平野・海岸平野,all_land_use,He->Me,6,drop,0,1,0
watershed_x_landform,B_830304_11_LF_3030101,荒川 / basin 11 / 氾濫平野・海岸平野,all_land_use,He->Me,6,new,1,1,1
watershed_x_landform,B_830304_11_LF_3040101,荒川 / basin 11 / 自然堤防,all_land_use,He->Me,6,continue,0,2,0
watershed_x_landform,B_830304_11_LF_3040101,荒川 / basin 11 / 自然堤防,all_land_use,He->Me,6,drop,0,2,0
watershed_x_landform,B_830304_11_LF_3040101,荒川 / basin 11 / 自然堤防,all_land_use,He->Me,6,new,2,2,1
watershed_x_landform,B_830304_11_LF_5010201,荒川 / basin 11 / 水部,all_land_use,Ko->Na,4,continue,0,1,0
watershed_x_landform,B_830304_11_LF_5010201,荒川 / basin 11 / 水部,all_land_use,Ko->Na,4,drop,1,1,1
watershed_x_landform,B_830304_11_LF_5010201,荒川 / basin 11 / 水部,all_land_use,Ko->Na,4,new,0,1,0
watershed_x_landform,B_830304_11_LF_5010201,荒川 / basin 11 / 水部,all_land_use,Ya->Ko,3,continue,0,1,0
watershed_x_landform,B_830304_11_LF_5010201,荒川 / basin 11 / 水部,all_land_use,Ya->Ko,3,drop,0,1,0
watershed_x_landform,B_830304_11_LF_5010201,荒川 / basin 11 / 水部,all_land_use,Ya->Ko,3,new,1,1,1
watershed_x_landform,B_830304_120_LF_10101,荒川 / basin 120 / 山地斜面等,all_land_use,He->Me,6,continue,1,8,0.125
watershed_x_landform,B_830304_120_LF_10101,荒川 / basin 120 / 山地斜面等,all_land_use,He->Me,6,drop,2,8,0.25
watershed_x_landform,B_830304_120_LF_10101,荒川 / basin 120 / 山地斜面等,all_land_use,He->Me,6,new,5,8,0.625
watershed_x_landform,B_830304_120_LF_10101,荒川 / basin 120 / 山地斜面等,all_land_use,Jo->Ya,2,continue,0,5,0
watershed_x_landform,B_830304_120_LF_10101,荒川 / basin 120 / 山地斜面等,all_land_use,Jo->Ya,2,drop,5,5,1
watershed_x_landform,B_830304_120_LF_10101,荒川 / basin 120 / 山地斜面等,all_land_use,Jo->Ya,2,new,0,5,0
watershed_x_landform,B_830304_120_LF_10101,荒川 / basin 120 / 山地斜面等,all_land_use,Ko->Na,4,continue,0,2,0
watershed_x_landform,B_830304_120_LF_10101,荒川 / basin 120 / 山地斜面等,all_land_use,Ko->Na,4,drop,0,2,0
watershed_x_landform,B_830304_120_LF_10101,荒川 / basin 120 / 山地斜面等,all_land_use,Ko->Na,4,new,2,2,1
watershed_x_landform,B_830304_120_LF_10101,荒川 / basin 120 / 山地斜面等,all_land_use,Na->He,5,continue,2,3,0.6666666666666666
watershed_x_landform,B_830304_120_LF_10101,荒川 / basin 120 / 山地斜面等,all_land_use,Na->He,5,drop,0,3,0
watershed_x_landform,B_830304_120_LF_10101,荒川 / basin 120 / 山地斜面等,all_land_use,Na->He,5,new,1,3,0.3333333333333333
watershed_x_landform,B_830304_120_LF_10101,荒川 / basin 120 / 山地斜面等,all_land_use,Pa->Jo,1,continue,1,5,0.2
watershed_x_landform,B_830304_120_LF_10101,荒川 / basin 120 / 山地斜面等,all_land_use,Pa->Jo,1,drop,0,5,0
watershed_x_landform,B_830304_120_LF_10101,荒川 / basin 120 / 山地斜面等,all_land_use,Pa->Jo,1,new,4,5,0.8
watershed_x_landform,B_830304_120_LF_1010101,荒川 / basin 120 / 山地斜面等,all_land_use,He->Me,6,continue,1,6,0.16666666666666666
watershed_x_landform,B_830304_120_LF_1010101,荒川 / basin 120 / 山地斜面等,all_land_use,He->Me,6,drop,3,6,0.5
watershed_x_landform,B_830304_120_LF_1010101,荒川 / basin 120 / 山地斜面等,all_land_use,He->Me,6,new,2,6,0.3333333333333333
watershed_x_landform,B_830304_120_LF_1010101,荒川 / basin 120 / 山地斜面等,all_land_use,Jo->Ya,2,continue,0,11,0
watershed_x_landform,B_830304_120_LF_1010101,荒川 / basin 120 / 山地斜面等,all_land_use,Jo->Ya,2,drop,11,11,1
watershed_x_landform,B_830304_120_LF_1010101,荒川 / basin 120 / 山地斜面等,all_land_use,Jo->Ya,2,new,0,11,0
watershed_x_landform,B_830304_120_LF_1010101,荒川 / basin 120 / 山地斜面等,all_land_use,Ko->Na,4,continue,1,5,0.2
watershed_x_landform,B_830304_120_LF_1010101,荒川 / basin 120 / 山地斜面等,all_land_use,Ko->Na,4,drop,1,5,0.2
watershed_x_landform,B_830304_120_LF_1010101,荒川 / basin 120 / 山地斜面等,all_land_use,Ko->Na,4,new,3,5,0.6
watershed_x_landform,B_830304_120_LF_1010101,荒川 / basin 120 / 山地斜面等,all_land_use,Na->He,5,continue,4,4,1
watershed_x_landform,B_830304_120_LF_1010101,荒川 / basin 120 / 山地斜面等,all_land_use,Na->He,5,drop,0,4,0
watershed_x_landform,B_830304_120_LF_1010101,荒川 / basin 120 / 山地斜面等,all_land_use,Na->He,5,new,0,4,0
watershed_x_landform,B_830304_120_LF_1010101,荒川 / basin 120 / 山地斜面等,all_land_use,Pa->Jo,1,continue,0,11,0
watershed_x_landform,B_830304_120_LF_1010101,荒川 / basin 120 / 山地斜面等,all_land_use,Pa->Jo,1,drop,0,11,0
watershed_x_landform,B_830304_120_LF_1010101,荒川 / basin 120 / 山地斜面等,all_land_use,Pa->Jo,1,new,11,11,1
watershed_x_landform,B_830304_120_LF_1010101,荒川 / basin 120 / 山地斜面等,all_land_use,Ya->Ko,3,continue,0,2,0
watershed_x_landform,B_830304_120_LF_1010101,荒川 / basin 120 / 山地斜面等,all_land_use,Ya->Ko,3,drop,0,2,0
watershed_x_landform,B_830304_120_LF_1010101,荒川 / basin 120 / 山地斜面等,all_land_use,Ya->Ko,3,new,2,2,1
watershed_x_landform,B_830304_120_LF_10303,荒川 / basin 120 / 台地・段丘,all_land_use,He->Me,6,continue,2,7,0.2857142857142857
watershed_x_landform,B_830304_120_LF_10303,荒川 / basin 120 / 台地・段丘,all_land_use,He->Me,6,drop,3,7,0.42857142857142855
watershed_x_landform,B_830304_120_LF_10303,荒川 / basin 120 / 台地・段丘,all_land_use,He->Me,6,new,2,7,0.2857142857142857
watershed_x_landform,B_830304_120_LF_10303,荒川 / basin 120 / 台地・段丘,all_land_use,Jo->Ya,2,continue,2,4,0.5
watershed_x_landform,B_830304_120_LF_10303,荒川 / basin 120 / 台地・段丘,all_land_use,Jo->Ya,2,drop,2,4,0.5
watershed_x_landform,B_830304_120_LF_10303,荒川 / basin 120 / 台地・段丘,all_land_use,Jo->Ya,2,new,0,4,0
watershed_x_landform,B_830304_120_LF_10303,荒川 / basin 120 / 台地・段丘,all_land_use,Ko->Na,4,continue,3,6,0.5
watershed_x_landform,B_830304_120_LF_10303,荒川 / basin 120 / 台地・段丘,all_land_use,Ko->Na,4,drop,1,6,0.16666666666666666
watershed_x_landform,B_830304_120_LF_10303,荒川 / basin 120 / 台地・段丘,all_land_use,Ko->Na,4,new,2,6,0.3333333333333333
watershed_x_landform,B_830304_120_LF_10303,荒川 / basin 120 / 台地・段丘,all_land_use,Na->He,5,continue,5,5,1
watershed_x_landform,B_830304_120_LF_10303,荒川 / basin 120 / 台地・段丘,all_land_use,Na->He,5,drop,0,5,0
watershed_x_landform,B_830304_120_LF_10303,荒川 / basin 120 / 台地・段丘,all_land_use,Na->He,5,new,0,5,0
watershed_x_landform,B_830304_120_LF_10303,荒川 / basin 120 / 台地・段丘,all_land_use,Pa->Jo,1,continue,2,4,0.5
watershed_x_landform,B_830304_120_LF_10303,荒川 / basin 120 / 台地・段丘,all_land_use,Pa->Jo,1,drop,0,4,0
watershed_x_landform,B_830304_120_LF_10303,荒川 / basin 120 / 台地・段丘,all_land_use,Pa->Jo,1,new,2,4,0.5
watershed_x_landform,B_830304_120_LF_10303,荒川 / basin 120 / 台地・段丘,all_land_use,Ya->Ko,3,continue,2,4,0.5
watershed_x_landform,B_830304_120_LF_10303,荒川 / basin 120 / 台地・段丘,all_land_use,Ya->Ko,3,drop,0,4,0
watershed_x_landform,B_830304_120_LF_10303,荒川 / basin 120 / 台地・段丘,all_land_use,Ya->Ko,3,new,2,4,0.5
watershed_x_landform,B_830304_120_LF_10304,荒川 / basin 120 / 台地・段丘,all_land_use,He->Me,6,continue,0,1,0
watershed_x_landform,B_830304_120_LF_10304,荒川 / basin 120 / 台地・段丘,all_land_use,He->Me,6,drop,1,1,1
watershed_x_landform,B_830304_120_LF_10304,荒川 / basin 120 / 台地・段丘,all_land_use,He->Me,6,new,0,1,0
watershed_x_landform,B_830304_120_LF_10304,荒川 / basin 120 / 台地・段丘,all_land_use,Jo->Ya,2,continue,0,1,0
watershed_x_landform,B_830304_120_LF_10304,荒川 / basin 120 / 台地・段丘,all_land_use,Jo->Ya,2,drop,1,1,1
watershed_x_landform,B_830304_120_LF_10304,荒川 / basin 120 / 台地・段丘,all_land_use,Jo->Ya,2,new,0,1,0
watershed_x_landform,B_830304_120_LF_10304,荒川 / basin 120 / 台地・段丘,all_land_use,Ko->Na,4,continue,0,1,0
watershed_x_landform,B_830304_120_LF_10304,荒川 / basin 120 / 台地・段丘,all_land_use,Ko->Na,4,drop,0,1,0
watershed_x_landform,B_830304_120_LF_10304,荒川 / basin 120 / 台地・段丘,all_land_use,Ko->Na,4,new,1,1,1
watershed_x_landform,B_830304_120_LF_10304,荒川 / basin 120 / 台地・段丘,all_land_use,Na->He,5,continue,1,1,1
watershed_x_landform,B_830304_120_LF_10304,荒川 / basin 120 / 台地・段丘,all_land_use,Na->He,5,drop,0,1,0
watershed_x_landform,B_830304_120_LF_10304,荒川 / basin 120 / 台地・段丘,all_land_use,Na->He,5,new,0,1,0
watershed_x_landform,B_830304_120_LF_10304,荒川 / basin 120 / 台地・段丘,all_land_use,Pa->Jo,1,continue,0,1,0
watershed_x_landform,B_830304_120_LF_10304,荒川 / basin 120 / 台地・段丘,all_land_use,Pa->Jo,1,drop,0,1,0
watershed_x_landform,B_830304_120_LF_10304,荒川 / basin 120 / 台地・段丘,all_land_use,Pa->Jo,1,new,1,1,1
watershed_x_landform,B_830304_120_LF_10305,荒川 / basin 120 / 台地・段丘,all_land_use,He->Me,6,continue,0,2,0
watershed_x_landform,B_830304_120_LF_10305,荒川 / basin 120 / 台地・段丘,all_land_use,He->Me,6,drop,1,2,0.5
watershed_x_landform,B_830304_120_LF_10305,荒川 / basin 120 / 台地・段丘,all_land_use,He->Me,6,new,1,2,0.5
watershed_x_landform,B_830304_120_LF_10305,荒川 / basin 120 / 台地・段丘,all_land_use,Jo->Ya,2,continue,0,1,0
watershed_x_landform,B_830304_120_LF_10305,荒川 / basin 120 / 台地・段丘,all_land_use,Jo->Ya,2,drop,1,1,1
watershed_x_landform,B_830304_120_LF_10305,荒川 / basin 120 / 台地・段丘,all_land_use,Jo->Ya,2,new,0,1,0
watershed_x_landform,B_830304_120_LF_10305,荒川 / basin 120 / 台地・段丘,all_land_use,Ko->Na,4,continue,1,1,1
watershed_x_landform,B_830304_120_LF_10305,荒川 / basin 120 / 台地・段丘,all_land_use,Ko->Na,4,drop,0,1,0
watershed_x_landform,B_830304_120_LF_10305,荒川 / basin 120 / 台地・段丘,all_land_use,Ko->Na,4,new,0,1,0
watershed_x_landform,B_830304_120_LF_10305,荒川 / basin 120 / 台地・段丘,all_land_use,Na->He,5,continue,1,1,1
watershed_x_landform,B_830304_120_LF_10305,荒川 / basin 120 / 台地・段丘,all_land_use,Na->He,5,drop,0,1,0
watershed_x_landform,B_830304_120_LF_10305,荒川 / basin 120 / 台地・段丘,all_land_use,Na->He,5,new,0,1,0
watershed_x_landform,B_830304_120_LF_10305,荒川 / basin 120 / 台地・段丘,all_land_use,Pa->Jo,1,continue,1,1,1
watershed_x_landform,B_830304_120_LF_10305,荒川 / basin 120 / 台地・段丘,all_land_use,Pa->Jo,1,drop,0,1,0
watershed_x_landform,B_830304_120_LF_10305,荒川 / basin 120 / 台地・段丘,all_land_use,Pa->Jo,1,new,0,1,0
watershed_x_landform,B_830304_120_LF_10305,荒川 / basin 120 / 台地・段丘,all_land_use,Ya->Ko,3,continue,0,1,0
watershed_x_landform,B_830304_120_LF_10305,荒川 / basin 120 / 台地・段丘,all_land_use,Ya->Ko,3,drop,0,1,0
watershed_x_landform,B_830304_120_LF_10305,荒川 / basin 120 / 台地・段丘,all_land_use,Ya->Ko,3,new,1,1,1
watershed_x_landform,B_830304_120_LF_10701,荒川 / basin 120 / 氾濫平野・海岸平野,all_land_use,He->Me,6,continue,1,4,0.25
watershed_x_landform,B_830304_120_LF_10701,荒川 / basin 120 / 氾濫平野・海岸平野,all_land_use,He->Me,6,drop,3,4,0.75
watershed_x_landform,B_830304_120_LF_10701,荒川 / basin 120 / 氾濫平野・海岸平野,all_land_use,He->Me,6,new,0,4,0
watershed_x_landform,B_830304_120_LF_10701,荒川 / basin 120 / 氾濫平野・海岸平野,all_land_use,Jo->Ya,2,continue,1,8,0.125
watershed_x_landform,B_830304_120_LF_10701,荒川 / basin 120 / 氾濫平野・海岸平野,all_land_use,Jo->Ya,2,drop,6,8,0.75
watershed_x_landform,B_830304_120_LF_10701,荒川 / basin 120 / 氾濫平野・海岸平野,all_land_use,Jo->Ya,2,new,1,8,0.125
watershed_x_landform,B_830304_120_LF_10701,荒川 / basin 120 / 氾濫平野・海岸平野,all_land_use,Ko->Na,4,continue,2,4,0.5
watershed_x_landform,B_830304_120_LF_10701,荒川 / basin 120 / 氾濫平野・海岸平野,all_land_use,Ko->Na,4,drop,1,4,0.25
watershed_x_landform,B_830304_120_LF_10701,荒川 / basin 120 / 氾濫平野・海岸平野,all_land_use,Ko->Na,4,new,1,4,0.25
watershed_x_landform,B_830304_120_LF_10701,荒川 / basin 120 / 氾濫平野・海岸平野,all_land_use,Na->He,5,continue,3,4,0.75
watershed_x_landform,B_830304_120_LF_10701,荒川 / basin 120 / 氾濫平野・海岸平野,all_land_use,Na->He,5,drop,0,4,0
watershed_x_landform,B_830304_120_LF_10701,荒川 / basin 120 / 氾濫平野・海岸平野,all_land_use,Na->He,5,new,1,4,0.25
watershed_x_landform,B_830304_120_LF_10701,荒川 / basin 120 / 氾濫平野・海岸平野,all_land_use,Pa->Jo,1,continue,0,7,0
watershed_x_landform,B_830304_120_LF_10701,荒川 / basin 120 / 氾濫平野・海岸平野,all_land_use,Pa->Jo,1,drop,0,7,0
watershed_x_landform,B_830304_120_LF_10701,荒川 / basin 120 / 氾濫平野・海岸平野,all_land_use,Pa->Jo,1,new,7,7,1
watershed_x_landform,B_830304_120_LF_10701,荒川 / basin 120 / 氾濫平野・海岸平野,all_land_use,Ya->Ko,3,continue,2,3,0.6666666666666666
watershed_x_landform,B_830304_120_LF_10701,荒川 / basin 120 / 氾濫平野・海岸平野,all_land_use,Ya->Ko,3,drop,0,3,0
watershed_x_landform,B_830304_120_LF_10701,荒川 / basin 120 / 氾濫平野・海岸平野,all_land_use,Ya->Ko,3,new,1,3,0.3333333333333333
watershed_x_landform,B_830304_120_LF_2010101,荒川 / basin 120 / 台地・段丘,all_land_use,He->Me,6,continue,2,11,0.18181818181818182
watershed_x_landform,B_830304_120_LF_2010101,荒川 / basin 120 / 台地・段丘,all_land_use,He->Me,6,drop,9,11,0.8181818181818182
watershed_x_landform,B_830304_120_LF_2010101,荒川 / basin 120 / 台地・段丘,all_land_use,He->Me,6,new,0,11,0
watershed_x_landform,B_830304_120_LF_2010101,荒川 / basin 120 / 台地・段丘,all_land_use,Jo->Ya,2,continue,3,12,0.25
watershed_x_landform,B_830304_120_LF_2010101,荒川 / basin 120 / 台地・段丘,all_land_use,Jo->Ya,2,drop,9,12,0.75
watershed_x_landform,B_830304_120_LF_2010101,荒川 / basin 120 / 台地・段丘,all_land_use,Jo->Ya,2,new,0,12,0
watershed_x_landform,B_830304_120_LF_2010101,荒川 / basin 120 / 台地・段丘,all_land_use,Ko->Na,4,continue,10,10,1
watershed_x_landform,B_830304_120_LF_2010101,荒川 / basin 120 / 台地・段丘,all_land_use,Ko->Na,4,drop,0,10,0
watershed_x_landform,B_830304_120_LF_2010101,荒川 / basin 120 / 台地・段丘,all_land_use,Ko->Na,4,new,0,10,0
watershed_x_landform,B_830304_120_LF_2010101,荒川 / basin 120 / 台地・段丘,all_land_use,Na->He,5,continue,10,11,0.9090909090909091
watershed_x_landform,B_830304_120_LF_2010101,荒川 / basin 120 / 台地・段丘,all_land_use,Na->He,5,drop,0,11,0
watershed_x_landform,B_830304_120_LF_2010101,荒川 / basin 120 / 台地・段丘,all_land_use,Na->He,5,new,1,11,0.09090909090909091
watershed_x_landform,B_830304_120_LF_2010101,荒川 / basin 120 / 台地・段丘,all_land_use,Pa->Jo,1,continue,2,12,0.16666666666666666
watershed_x_landform,B_830304_120_LF_2010101,荒川 / basin 120 / 台地・段丘,all_land_use,Pa->Jo,1,drop,0,12,0
watershed_x_landform,B_830304_120_LF_2010101,荒川 / basin 120 / 台地・段丘,all_land_use,Pa->Jo,1,new,10,12,0.8333333333333334
watershed_x_landform,B_830304_120_LF_2010101,荒川 / basin 120 / 台地・段丘,all_land_use,Ya->Ko,3,continue,3,10,0.3
watershed_x_landform,B_830304_120_LF_2010101,荒川 / basin 120 / 台地・段丘,all_land_use,Ya->Ko,3,drop,0,10,0
watershed_x_landform,B_830304_120_LF_2010101,荒川 / basin 120 / 台地・段丘,all_land_use,Ya->Ko,3,new,7,10,0.7
watershed_x_landform,B_830304_120_LF_3030101,荒川 / basin 120 / 氾濫平野・海岸平野,all_land_use,He->Me,6,continue,0,2,0
watershed_x_landform,B_830304_120_LF_3030101,荒川 / basin 120 / 氾濫平野・海岸平野,all_land_use,He->Me,6,drop,2,2,1
watershed_x_landform,B_830304_120_LF_3030101,荒川 / basin 120 / 氾濫平野・海岸平野,all_land_use,He->Me,6,new,0,2,0
watershed_x_landform,B_830304_120_LF_3030101,荒川 / basin 120 / 氾濫平野・海岸平野,all_land_use,Jo->Ya,2,continue,0,1,0
watershed_x_landform,B_830304_120_LF_3030101,荒川 / basin 120 / 氾濫平野・海岸平野,all_land_use,Jo->Ya,2,drop,1,1,1
watershed_x_landform,B_830304_120_LF_3030101,荒川 / basin 120 / 氾濫平野・海岸平野,all_land_use,Jo->Ya,2,new,0,1,0
watershed_x_landform,B_830304_120_LF_3030101,荒川 / basin 120 / 氾濫平野・海岸平野,all_land_use,Ko->Na,4,continue,1,2,0.5
watershed_x_landform,B_830304_120_LF_3030101,荒川 / basin 120 / 氾濫平野・海岸平野,all_land_use,Ko->Na,4,drop,0,2,0
watershed_x_landform,B_830304_120_LF_3030101,荒川 / basin 120 / 氾濫平野・海岸平野,all_land_use,Ko->Na,4,new,1,2,0.5
watershed_x_landform,B_830304_120_LF_3030101,荒川 / basin 120 / 氾濫平野・海岸平野,all_land_use,Na->He,5,continue,2,2,1
watershed_x_landform,B_830304_120_LF_3030101,荒川 / basin 120 / 氾濫平野・海岸平野,all_land_use,Na->He,5,drop,0,2,0
watershed_x_landform,B_830304_120_LF_3030101,荒川 / basin 120 / 氾濫平野・海岸平野,all_land_use,Na->He,5,new,0,2,0
watershed_x_landform,B_830304_120_LF_3030101,荒川 / basin 120 / 氾濫平野・海岸平野,all_land_use,Pa->Jo,1,continue,0,1,0
watershed_x_landform,B_830304_120_LF_3030101,荒川 / basin 120 / 氾濫平野・海岸平野,all_land_use,Pa->Jo,1,drop,0,1,0
watershed_x_landform,B_830304_120_LF_3030101,荒川 / basin 120 / 氾濫平野・海岸平野,all_land_use,Pa->Jo,1,new,1,1,1
watershed_x_landform,B_830304_120_LF_3030101,荒川 / basin 120 / 氾濫平野・海岸平野,all_land_use,Ya->Ko,3,continue,0,1,0
watershed_x_landform,B_830304_120_LF_3030101,荒川 / basin 120 / 氾濫平野・海岸平野,all_land_use,Ya->Ko,3,drop,0,1,0
watershed_x_landform,B_830304_120_LF_3030101,荒川 / basin 120 / 氾濫平野・海岸平野,all_land_use,Ya->Ko,3,new,1,1,1
watershed_x_landform,B_830304_139_LF_10101,荒川 / basin 139 / 山地斜面等,all_land_use,Jo->Ya,2,continue,0,3,0
watershed_x_landform,B_830304_139_LF_10101,荒川 / basin 139 / 山地斜面等,all_land_use,Jo->Ya,2,drop,3,3,1
watershed_x_landform,B_830304_139_LF_10101,荒川 / basin 139 / 山地斜面等,all_land_use,Jo->Ya,2,new,0,3,0
watershed_x_landform,B_830304_139_LF_10101,荒川 / basin 139 / 山地斜面等,all_land_use,Pa->Jo,1,continue,0,3,0
watershed_x_landform,B_830304_139_LF_10101,荒川 / basin 139 / 山地斜面等,all_land_use,Pa->Jo,1,drop,0,3,0
watershed_x_landform,B_830304_139_LF_10101,荒川 / basin 139 / 山地斜面等,all_land_use,Pa->Jo,1,new,3,3,1
watershed_x_landform,B_830304_139_LF_10302,荒川 / basin 139 / 台地・段丘,all_land_use,Jo->Ya,2,continue,0,5,0
watershed_x_landform,B_830304_139_LF_10302,荒川 / basin 139 / 台地・段丘,all_land_use,Jo->Ya,2,drop,5,5,1
watershed_x_landform,B_830304_139_LF_10302,荒川 / basin 139 / 台地・段丘,all_land_use,Jo->Ya,2,new,0,5,0
watershed_x_landform,B_830304_139_LF_10302,荒川 / basin 139 / 台地・段丘,all_land_use,Pa->Jo,1,continue,0,5,0
watershed_x_landform,B_830304_139_LF_10302,荒川 / basin 139 / 台地・段丘,all_land_use,Pa->Jo,1,drop,0,5,0
watershed_x_landform,B_830304_139_LF_10302,荒川 / basin 139 / 台地・段丘,all_land_use,Pa->Jo,1,new,5,5,1
watershed_x_landform,B_830304_139_LF_10304,荒川 / basin 139 / 台地・段丘,all_land_use,Jo->Ya,2,continue,0,1,0
watershed_x_landform,B_830304_139_LF_10304,荒川 / basin 139 / 台地・段丘,all_land_use,Jo->Ya,2,drop,1,1,1
watershed_x_landform,B_830304_139_LF_10304,荒川 / basin 139 / 台地・段丘,all_land_use,Jo->Ya,2,new,0,1,0
watershed_x_landform,B_830304_139_LF_10304,荒川 / basin 139 / 台地・段丘,all_land_use,Pa->Jo,1,continue,0,1,0
watershed_x_landform,B_830304_139_LF_10304,荒川 / basin 139 / 台地・段丘,all_land_use,Pa->Jo,1,drop,0,1,0
watershed_x_landform,B_830304_139_LF_10304,荒川 / basin 139 / 台地・段丘,all_land_use,Pa->Jo,1,new,1,1,1
watershed_x_landform,B_830304_139_LF_10701,荒川 / basin 139 / 氾濫平野・海岸平野,all_land_use,Jo->Ya,2,continue,0,1,0
watershed_x_landform,B_830304_139_LF_10701,荒川 / basin 139 / 氾濫平野・海岸平野,all_land_use,Jo->Ya,2,drop,1,1,1
watershed_x_landform,B_830304_139_LF_10701,荒川 / basin 139 / 氾濫平野・海岸平野,all_land_use,Jo->Ya,2,new,0,1,0
watershed_x_landform,B_830304_139_LF_10701,荒川 / basin 139 / 氾濫平野・海岸平野,all_land_use,Pa->Jo,1,continue,0,1,0
watershed_x_landform,B_830304_139_LF_10701,荒川 / basin 139 / 氾濫平野・海岸平野,all_land_use,Pa->Jo,1,drop,0,1,0
watershed_x_landform,B_830304_139_LF_10701,荒川 / basin 139 / 氾濫平野・海岸平野,all_land_use,Pa->Jo,1,new,1,1,1
watershed_x_landform,B_830304_139_LF_3030101,荒川 / basin 139 / 氾濫平野・海岸平野,all_land_use,Jo->Ya,2,continue,0,1,0
watershed_x_landform,B_830304_139_LF_3030101,荒川 / basin 139 / 氾濫平野・海岸平野,all_land_use,Jo->Ya,2,drop,1,1,1
watershed_x_landform,B_830304_139_LF_3030101,荒川 / basin 139 / 氾濫平野・海岸平野,all_land_use,Jo->Ya,2,new,0,1,0
watershed_x_landform,B_830304_139_LF_3030101,荒川 / basin 139 / 氾濫平野・海岸平野,all_land_use,Pa->Jo,1,continue,0,1,0
watershed_x_landform,B_830304_139_LF_3030101,荒川 / basin 139 / 氾濫平野・海岸平野,all_land_use,Pa->Jo,1,drop,0,1,0
watershed_x_landform,B_830304_139_LF_3030101,荒川 / basin 139 / 氾濫平野・海岸平野,all_land_use,Pa->Jo,1,new,1,1,1
watershed_x_landform,B_830304_14_LF_3030101,荒川 / basin 14 / 氾濫平野・海岸平野,all_land_use,Jo->Ya,2,continue,0,1,0
watershed_x_landform,B_830304_14_LF_3030101,荒川 / basin 14 / 氾濫平野・海岸平野,all_land_use,Jo->Ya,2,drop,1,1,1
watershed_x_landform,B_830304_14_LF_3030101,荒川 / basin 14 / 氾濫平野・海岸平野,all_land_use,Jo->Ya,2,new,0,1,0
watershed_x_landform,B_830304_14_LF_3030101,荒川 / basin 14 / 氾濫平野・海岸平野,all_land_use,Pa->Jo,1,continue,0,1,0
watershed_x_landform,B_830304_14_LF_3030101,荒川 / basin 14 / 氾濫平野・海岸平野,all_land_use,Pa->Jo,1,drop,0,1,0
watershed_x_landform,B_830304_14_LF_3030101,荒川 / basin 14 / 氾濫平野・海岸平野,all_land_use,Pa->Jo,1,new,1,1,1
watershed_x_landform,B_830304_158_LF_10302,荒川 / basin 158 / 台地・段丘,all_land_use,Jo->Ya,2,continue,0,1,0
watershed_x_landform,B_830304_158_LF_10302,荒川 / basin 158 / 台地・段丘,all_land_use,Jo->Ya,2,drop,1,1,1
watershed_x_landform,B_830304_158_LF_10302,荒川 / basin 158 / 台地・段丘,all_land_use,Jo->Ya,2,new,0,1,0
watershed_x_landform,B_830304_158_LF_10302,荒川 / basin 158 / 台地・段丘,all_land_use,Pa->Jo,1,continue,0,1,0
watershed_x_landform,B_830304_158_LF_10302,荒川 / basin 158 / 台地・段丘,all_land_use,Pa->Jo,1,drop,0,1,0
watershed_x_landform,B_830304_158_LF_10302,荒川 / basin 158 / 台地・段丘,all_land_use,Pa->Jo,1,new,1,1,1
watershed_x_landform,B_830304_158_LF_10304,荒川 / basin 158 / 台地・段丘,all_land_use,Jo->Ya,2,continue,0,1,0
watershed_x_landform,B_830304_158_LF_10304,荒川 / basin 158 / 台地・段丘,all_land_use,Jo->Ya,2,drop,1,1,1
watershed_x_landform,B_830304_158_LF_10304,荒川 / basin 158 / 台地・段丘,all_land_use,Jo->Ya,2,new,0,1,0
watershed_x_landform,B_830304_158_LF_10304,荒川 / basin 158 / 台地・段丘,all_land_use,Pa->Jo,1,continue,0,1,0
watershed_x_landform,B_830304_158_LF_10304,荒川 / basin 158 / 台地・段丘,all_land_use,Pa->Jo,1,drop,0,1,0
watershed_x_landform,B_830304_158_LF_10304,荒川 / basin 158 / 台地・段丘,all_land_use,Pa->Jo,1,new,1,1,1
watershed_x_landform,B_830304_15_LF_2010101,荒川 / basin 15 / 台地・段丘,all_land_use,He->Me,6,continue,1,2,0.5
watershed_x_landform,B_830304_15_LF_2010101,荒川 / basin 15 / 台地・段丘,all_land_use,He->Me,6,drop,1,2,0.5
watershed_x_landform,B_830304_15_LF_2010101,荒川 / basin 15 / 台地・段丘,all_land_use,He->Me,6,new,0,2,0
watershed_x_landform,B_830304_15_LF_2010101,荒川 / basin 15 / 台地・段丘,all_land_use,Jo->Ya,2,continue,2,2,1
watershed_x_landform,B_830304_15_LF_2010101,荒川 / basin 15 / 台地・段丘,all_land_use,Jo->Ya,2,drop,0,2,0
watershed_x_landform,B_830304_15_LF_2010101,荒川 / basin 15 / 台地・段丘,all_land_use,Jo->Ya,2,new,0,2,0
watershed_x_landform,B_830304_15_LF_2010101,荒川 / basin 15 / 台地・段丘,all_land_use,Ko->Na,4,continue,1,3,0.3333333333333333
watershed_x_landform,B_830304_15_LF_2010101,荒川 / basin 15 / 台地・段丘,all_land_use,Ko->Na,4,drop,1,3,0.3333333333333333
watershed_x_landform,B_830304_15_LF_2010101,荒川 / basin 15 / 台地・段丘,all_land_use,Ko->Na,4,new,1,3,0.3333333333333333
watershed_x_landform,B_830304_15_LF_2010101,荒川 / basin 15 / 台地・段丘,all_land_use,Na->He,5,continue,2,2,1
watershed_x_landform,B_830304_15_LF_2010101,荒川 / basin 15 / 台地・段丘,all_land_use,Na->He,5,drop,0,2,0
watershed_x_landform,B_830304_15_LF_2010101,荒川 / basin 15 / 台地・段丘,all_land_use,Na->He,5,new,0,2,0
watershed_x_landform,B_830304_15_LF_2010101,荒川 / basin 15 / 台地・段丘,all_land_use,Pa->Jo,1,continue,1,2,0.5
watershed_x_landform,B_830304_15_LF_2010101,荒川 / basin 15 / 台地・段丘,all_land_use,Pa->Jo,1,drop,0,2,0
watershed_x_landform,B_830304_15_LF_2010101,荒川 / basin 15 / 台地・段丘,all_land_use,Pa->Jo,1,new,1,2,0.5
watershed_x_landform,B_830304_15_LF_2010101,荒川 / basin 15 / 台地・段丘,all_land_use,Ya->Ko,3,continue,1,3,0.3333333333333333
watershed_x_landform,B_830304_15_LF_2010101,荒川 / basin 15 / 台地・段丘,all_land_use,Ya->Ko,3,drop,1,3,0.3333333333333333
watershed_x_landform,B_830304_15_LF_2010101,荒川 / basin 15 / 台地・段丘,all_land_use,Ya->Ko,3,new,1,3,0.3333333333333333
watershed_x_landform,B_830304_15_LF_3030101,荒川 / basin 15 / 氾濫平野・海岸平野,all_land_use,He->Me,6,continue,0,2,0
watershed_x_landform,B_830304_15_LF_3030101,荒川 / basin 15 / 氾濫平野・海岸平野,all_land_use,He->Me,6,drop,1,2,0.5
watershed_x_landform,B_830304_15_LF_3030101,荒川 / basin 15 / 氾濫平野・海岸平野,all_land_use,He->Me,6,new,1,2,0.5
watershed_x_landform,B_830304_15_LF_3030101,荒川 / basin 15 / 氾濫平野・海岸平野,all_land_use,Ko->Na,4,continue,0,1,0
watershed_x_landform,B_830304_15_LF_3030101,荒川 / basin 15 / 氾濫平野・海岸平野,all_land_use,Ko->Na,4,drop,0,1,0
watershed_x_landform,B_830304_15_LF_3030101,荒川 / basin 15 / 氾濫平野・海岸平野,all_land_use,Ko->Na,4,new,1,1,1
watershed_x_landform,B_830304_15_LF_3030101,荒川 / basin 15 / 氾濫平野・海岸平野,all_land_use,Na->He,5,continue,1,1,1
watershed_x_landform,B_830304_15_LF_3030101,荒川 / basin 15 / 氾濫平野・海岸平野,all_land_use,Na->He,5,drop,0,1,0
watershed_x_landform,B_830304_15_LF_3030101,荒川 / basin 15 / 氾濫平野・海岸平野,all_land_use,Na->He,5,new,0,1,0
watershed_x_landform,B_830304_15_LF_3040101,荒川 / basin 15 / 自然堤防,all_land_use,He->Me,6,continue,1,1,1
watershed_x_landform,B_830304_15_LF_3040101,荒川 / basin 15 / 自然堤防,all_land_use,He->Me,6,drop,0,1,0
watershed_x_landform,B_830304_15_LF_3040101,荒川 / basin 15 / 自然堤防,all_land_use,He->Me,6,new,0,1,0
watershed_x_landform,B_830304_15_LF_3040101,荒川 / basin 15 / 自然堤防,all_land_use,Jo->Ya,2,continue,1,1,1
watershed_x_landform,B_830304_15_LF_3040101,荒川 / basin 15 / 自然堤防,all_land_use,Jo->Ya,2,drop,0,1,0
watershed_x_landform,B_830304_15_LF_3040101,荒川 / basin 15 / 自然堤防,all_land_use,Jo->Ya,2,new,0,1,0
watershed_x_landform,B_830304_15_LF_3040101,荒川 / basin 15 / 自然堤防,all_land_use,Ko->Na,4,continue,0,1,0
watershed_x_landform,B_830304_15_LF_3040101,荒川 / basin 15 / 自然堤防,all_land_use,Ko->Na,4,drop,0,1,0
watershed_x_landform,B_830304_15_LF_3040101,荒川 / basin 15 / 自然堤防,all_land_use,Ko->Na,4,new,1,1,1
watershed_x_landform,B_830304_15_LF_3040101,荒川 / basin 15 / 自然堤防,all_land_use,Na->He,5,continue,1,1,1
watershed_x_landform,B_830304_15_LF_3040101,荒川 / basin 15 / 自然堤防,all_land_use,Na->He,5,drop,0,1,0
watershed_x_landform,B_830304_15_LF_3040101,荒川 / basin 15 / 自然堤防,all_land_use,Na->He,5,new,0,1,0
watershed_x_landform,B_830304_15_LF_3040101,荒川 / basin 15 / 自然堤防,all_land_use,Pa->Jo,1,continue,0,1,0
watershed_x_landform,B_830304_15_LF_3040101,荒川 / basin 15 / 自然堤防,all_land_use,Pa->Jo,1,drop,0,1,0
watershed_x_landform,B_830304_15_LF_3040101,荒川 / basin 15 / 自然堤防,all_land_use,Pa->Jo,1,new,1,1,1
watershed_x_landform,B_830304_15_LF_3040101,荒川 / basin 15 / 自然堤防,all_land_use,Ya->Ko,3,continue,0,1,0
watershed_x_landform,B_830304_15_LF_3040101,荒川 / basin 15 / 自然堤防,all_land_use,Ya->Ko,3,drop,1,1,1
watershed_x_landform,B_830304_15_LF_3040101,荒川 / basin 15 / 自然堤防,all_land_use,Ya->Ko,3,new,0,1,0
watershed_x_landform,B_830304_15_LF_3050101,荒川 / basin 15 / 砂州・砂丘,all_land_use,He->Me,6,continue,1,1,1
watershed_x_landform,B_830304_15_LF_3050101,荒川 / basin 15 / 砂州・砂丘,all_land_use,He->Me,6,drop,0,1,0
watershed_x_landform,B_830304_15_LF_3050101,荒川 / basin 15 / 砂州・砂丘,all_land_use,He->Me,6,new,0,1,0
watershed_x_landform,B_830304_15_LF_3050101,荒川 / basin 15 / 砂州・砂丘,all_land_use,Jo->Ya,2,continue,1,2,0.5
watershed_x_landform,B_830304_15_LF_3050101,荒川 / basin 15 / 砂州・砂丘,all_land_use,Jo->Ya,2,drop,1,2,0.5
watershed_x_landform,B_830304_15_LF_3050101,荒川 / basin 15 / 砂州・砂丘,all_land_use,Jo->Ya,2,new,0,2,0
watershed_x_landform,B_830304_15_LF_3050101,荒川 / basin 15 / 砂州・砂丘,all_land_use,Ko->Na,4,continue,1,1,1
watershed_x_landform,B_830304_15_LF_3050101,荒川 / basin 15 / 砂州・砂丘,all_land_use,Ko->Na,4,drop,0,1,0
watershed_x_landform,B_830304_15_LF_3050101,荒川 / basin 15 / 砂州・砂丘,all_land_use,Ko->Na,4,new,0,1,0
watershed_x_landform,B_830304_15_LF_3050101,荒川 / basin 15 / 砂州・砂丘,all_land_use,Na->He,5,continue,1,1,1
watershed_x_landform,B_830304_15_LF_3050101,荒川 / basin 15 / 砂州・砂丘,all_land_use,Na->He,5,drop,0,1,0
watershed_x_landform,B_830304_15_LF_3050101,荒川 / basin 15 / 砂州・砂丘,all_land_use,Na->He,5,new,0,1,0
watershed_x_landform,B_830304_15_LF_3050101,荒川 / basin 15 / 砂州・砂丘,all_land_use,Pa->Jo,1,continue,0,2,0
watershed_x_landform,B_830304_15_LF_3050101,荒川 / basin 15 / 砂州・砂丘,all_land_use,Pa->Jo,1,drop,0,2,0
watershed_x_landform,B_830304_15_LF_3050101,荒川 / basin 15 / 砂州・砂丘,all_land_use,Pa->Jo,1,new,2,2,1
watershed_x_landform,B_830304_15_LF_3050101,荒川 / basin 15 / 砂州・砂丘,all_land_use,Ya->Ko,3,continue,1,1,1
watershed_x_landform,B_830304_15_LF_3050101,荒川 / basin 15 / 砂州・砂丘,all_land_use,Ya->Ko,3,drop,0,1,0
watershed_x_landform,B_830304_15_LF_3050101,荒川 / basin 15 / 砂州・砂丘,all_land_use,Ya->Ko,3,new,0,1,0
watershed_x_landform,B_830304_161_LF_10302,荒川 / basin 161 / 台地・段丘,all_land_use,He->Me,6,continue,1,2,0.5
watershed_x_landform,B_830304_161_LF_10302,荒川 / basin 161 / 台地・段丘,all_land_use,He->Me,6,drop,1,2,0.5
watershed_x_landform,B_830304_161_LF_10302,荒川 / basin 161 / 台地・段丘,all_land_use,He->Me,6,new,0,2,0
watershed_x_landform,B_830304_161_LF_10302,荒川 / basin 161 / 台地・段丘,all_land_use,Jo->Ya,2,continue,0,3,0
watershed_x_landform,B_830304_161_LF_10302,荒川 / basin 161 / 台地・段丘,all_land_use,Jo->Ya,2,drop,3,3,1
watershed_x_landform,B_830304_161_LF_10302,荒川 / basin 161 / 台地・段丘,all_land_use,Jo->Ya,2,new,0,3,0
watershed_x_landform,B_830304_161_LF_10302,荒川 / basin 161 / 台地・段丘,all_land_use,Ko->Na,4,continue,0,1,0
watershed_x_landform,B_830304_161_LF_10302,荒川 / basin 161 / 台地・段丘,all_land_use,Ko->Na,4,drop,0,1,0
watershed_x_landform,B_830304_161_LF_10302,荒川 / basin 161 / 台地・段丘,all_land_use,Ko->Na,4,new,1,1,1
watershed_x_landform,B_830304_161_LF_10302,荒川 / basin 161 / 台地・段丘,all_land_use,Na->He,5,continue,1,2,0.5
watershed_x_landform,B_830304_161_LF_10302,荒川 / basin 161 / 台地・段丘,all_land_use,Na->He,5,drop,0,2,0
watershed_x_landform,B_830304_161_LF_10302,荒川 / basin 161 / 台地・段丘,all_land_use,Na->He,5,new,1,2,0.5
watershed_x_landform,B_830304_161_LF_10302,荒川 / basin 161 / 台地・段丘,all_land_use,Pa->Jo,1,continue,1,3,0.3333333333333333
watershed_x_landform,B_830304_161_LF_10302,荒川 / basin 161 / 台地・段丘,all_land_use,Pa->Jo,1,drop,0,3,0
watershed_x_landform,B_830304_161_LF_10302,荒川 / basin 161 / 台地・段丘,all_land_use,Pa->Jo,1,new,2,3,0.6666666666666666
watershed_x_landform,B_830304_16_LF_2010101,荒川 / basin 16 / 台地・段丘,all_land_use,He->Me,6,continue,1,2,0.5
watershed_x_landform,B_830304_16_LF_2010101,荒川 / basin 16 / 台地・段丘,all_land_use,He->Me,6,drop,1,2,0.5
watershed_x_landform,B_830304_16_LF_2010101,荒川 / basin 16 / 台地・段丘,all_land_use,He->Me,6,new,0,2,0
watershed_x_landform,B_830304_16_LF_2010101,荒川 / basin 16 / 台地・段丘,all_land_use,Jo->Ya,2,continue,3,4,0.75
watershed_x_landform,B_830304_16_LF_2010101,荒川 / basin 16 / 台地・段丘,all_land_use,Jo->Ya,2,drop,1,4,0.25
watershed_x_landform,B_830304_16_LF_2010101,荒川 / basin 16 / 台地・段丘,all_land_use,Jo->Ya,2,new,0,4,0
watershed_x_landform,B_830304_16_LF_2010101,荒川 / basin 16 / 台地・段丘,all_land_use,Ko->Na,4,continue,2,6,0.3333333333333333
watershed_x_landform,B_830304_16_LF_2010101,荒川 / basin 16 / 台地・段丘,all_land_use,Ko->Na,4,drop,3,6,0.5
watershed_x_landform,B_830304_16_LF_2010101,荒川 / basin 16 / 台地・段丘,all_land_use,Ko->Na,4,new,1,6,0.16666666666666666
watershed_x_landform,B_830304_16_LF_2010101,荒川 / basin 16 / 台地・段丘,all_land_use,Na->He,5,continue,2,3,0.6666666666666666
watershed_x_landform,B_830304_16_LF_2010101,荒川 / basin 16 / 台地・段丘,all_land_use,Na->He,5,drop,1,3,0.3333333333333333
watershed_x_landform,B_830304_16_LF_2010101,荒川 / basin 16 / 台地・段丘,all_land_use,Na->He,5,new,0,3,0
watershed_x_landform,B_830304_16_LF_2010101,荒川 / basin 16 / 台地・段丘,all_land_use,Pa->Jo,1,continue,1,4,0.25
watershed_x_landform,B_830304_16_LF_2010101,荒川 / basin 16 / 台地・段丘,all_land_use,Pa->Jo,1,drop,0,4,0
watershed_x_landform,B_830304_16_LF_2010101,荒川 / basin 16 / 台地・段丘,all_land_use,Pa->Jo,1,new,3,4,0.75
watershed_x_landform,B_830304_16_LF_2010101,荒川 / basin 16 / 台地・段丘,all_land_use,Ya->Ko,3,continue,1,7,0.14285714285714285
watershed_x_landform,B_830304_16_LF_2010101,荒川 / basin 16 / 台地・段丘,all_land_use,Ya->Ko,3,drop,2,7,0.2857142857142857
watershed_x_landform,B_830304_16_LF_2010101,荒川 / basin 16 / 台地・段丘,all_land_use,Ya->Ko,3,new,4,7,0.5714285714285714
watershed_x_landform,B_830304_16_LF_2010301,荒川 / basin 16 / 凹地・浅い谷,all_land_use,He->Me,6,continue,1,1,1
watershed_x_landform,B_830304_16_LF_2010301,荒川 / basin 16 / 凹地・浅い谷,all_land_use,He->Me,6,drop,0,1,0
watershed_x_landform,B_830304_16_LF_2010301,荒川 / basin 16 / 凹地・浅い谷,all_land_use,He->Me,6,new,0,1,0
watershed_x_landform,B_830304_16_LF_2010301,荒川 / basin 16 / 凹地・浅い谷,all_land_use,Jo->Ya,2,continue,1,1,1
watershed_x_landform,B_830304_16_LF_2010301,荒川 / basin 16 / 凹地・浅い谷,all_land_use,Jo->Ya,2,drop,0,1,0
watershed_x_landform,B_830304_16_LF_2010301,荒川 / basin 16 / 凹地・浅い谷,all_land_use,Jo->Ya,2,new,0,1,0
watershed_x_landform,B_830304_16_LF_2010301,荒川 / basin 16 / 凹地・浅い谷,all_land_use,Ko->Na,4,continue,0,1,0
watershed_x_landform,B_830304_16_LF_2010301,荒川 / basin 16 / 凹地・浅い谷,all_land_use,Ko->Na,4,drop,0,1,0
watershed_x_landform,B_830304_16_LF_2010301,荒川 / basin 16 / 凹地・浅い谷,all_land_use,Ko->Na,4,new,1,1,1
watershed_x_landform,B_830304_16_LF_2010301,荒川 / basin 16 / 凹地・浅い谷,all_land_use,Na->He,5,continue,1,1,1
watershed_x_landform,B_830304_16_LF_2010301,荒川 / basin 16 / 凹地・浅い谷,all_land_use,Na->He,5,drop,0,1,0
watershed_x_landform,B_830304_16_LF_2010301,荒川 / basin 16 / 凹地・浅い谷,all_land_use,Na->He,5,new,0,1,0
watershed_x_landform,B_830304_16_LF_2010301,荒川 / basin 16 / 凹地・浅い谷,all_land_use,Pa->Jo,1,continue,0,1,0
watershed_x_landform,B_830304_16_LF_2010301,荒川 / basin 16 / 凹地・浅い谷,all_land_use,Pa->Jo,1,drop,0,1,0
watershed_x_landform,B_830304_16_LF_2010301,荒川 / basin 16 / 凹地・浅い谷,all_land_use,Pa->Jo,1,new,1,1,1
watershed_x_landform,B_830304_16_LF_2010301,荒川 / basin 16 / 凹地・浅い谷,all_land_use,Ya->Ko,3,continue,0,1,0
watershed_x_landform,B_830304_16_LF_2010301,荒川 / basin 16 / 凹地・浅い谷,all_land_use,Ya->Ko,3,drop,1,1,1
watershed_x_landform,B_830304_16_LF_2010301,荒川 / basin 16 / 凹地・浅い谷,all_land_use,Ya->Ko,3,new,0,1,0
watershed_x_landform,B_830304_16_LF_3030101,荒川 / basin 16 / 氾濫平野・海岸平野,all_land_use,He->Me,6,continue,1,2,0.5
watershed_x_landform,B_830304_16_LF_3030101,荒川 / basin 16 / 氾濫平野・海岸平野,all_land_use,He->Me,6,drop,1,2,0.5
watershed_x_landform,B_830304_16_LF_3030101,荒川 / basin 16 / 氾濫平野・海岸平野,all_land_use,He->Me,6,new,0,2,0
watershed_x_landform,B_830304_16_LF_3030101,荒川 / basin 16 / 氾濫平野・海岸平野,all_land_use,Jo->Ya,2,continue,0,2,0
watershed_x_landform,B_830304_16_LF_3030101,荒川 / basin 16 / 氾濫平野・海岸平野,all_land_use,Jo->Ya,2,drop,1,2,0.5
watershed_x_landform,B_830304_16_LF_3030101,荒川 / basin 16 / 氾濫平野・海岸平野,all_land_use,Jo->Ya,2,new,1,2,0.5
watershed_x_landform,B_830304_16_LF_3030101,荒川 / basin 16 / 氾濫平野・海岸平野,all_land_use,Ko->Na,4,continue,1,1,1
watershed_x_landform,B_830304_16_LF_3030101,荒川 / basin 16 / 氾濫平野・海岸平野,all_land_use,Ko->Na,4,drop,0,1,0
watershed_x_landform,B_830304_16_LF_3030101,荒川 / basin 16 / 氾濫平野・海岸平野,all_land_use,Ko->Na,4,new,0,1,0
watershed_x_landform,B_830304_16_LF_3030101,荒川 / basin 16 / 氾濫平野・海岸平野,all_land_use,Na->He,5,continue,1,2,0.5
watershed_x_landform,B_830304_16_LF_3030101,荒川 / basin 16 / 氾濫平野・海岸平野,all_land_use,Na->He,5,drop,0,2,0
watershed_x_landform,B_830304_16_LF_3030101,荒川 / basin 16 / 氾濫平野・海岸平野,all_land_use,Na->He,5,new,1,2,0.5
watershed_x_landform,B_830304_16_LF_3030101,荒川 / basin 16 / 氾濫平野・海岸平野,all_land_use,Pa->Jo,1,continue,0,1,0
watershed_x_landform,B_830304_16_LF_3030101,荒川 / basin 16 / 氾濫平野・海岸平野,all_land_use,Pa->Jo,1,drop,0,1,0
watershed_x_landform,B_830304_16_LF_3030101,荒川 / basin 16 / 氾濫平野・海岸平野,all_land_use,Pa->Jo,1,new,1,1,1
watershed_x_landform,B_830304_16_LF_3030101,荒川 / basin 16 / 氾濫平野・海岸平野,all_land_use,Ya->Ko,3,continue,1,1,1
watershed_x_landform,B_830304_16_LF_3030101,荒川 / basin 16 / 氾濫平野・海岸平野,all_land_use,Ya->Ko,3,drop,0,1,0
watershed_x_landform,B_830304_16_LF_3030101,荒川 / basin 16 / 氾濫平野・海岸平野,all_land_use,Ya->Ko,3,new,0,1,0
watershed_x_landform,B_830304_16_LF_3040101,荒川 / basin 16 / 自然堤防,all_land_use,He->Me,6,continue,0,3,0
watershed_x_landform,B_830304_16_LF_3040101,荒川 / basin 16 / 自然堤防,all_land_use,He->Me,6,drop,2,3,0.6666666666666666
watershed_x_landform,B_830304_16_LF_3040101,荒川 / basin 16 / 自然堤防,all_land_use,He->Me,6,new,1,3,0.3333333333333333
watershed_x_landform,B_830304_16_LF_3040101,荒川 / basin 16 / 自然堤防,all_land_use,Jo->Ya,2,continue,0,1,0
watershed_x_landform,B_830304_16_LF_3040101,荒川 / basin 16 / 自然堤防,all_land_use,Jo->Ya,2,drop,0,1,0
watershed_x_landform,B_830304_16_LF_3040101,荒川 / basin 16 / 自然堤防,all_land_use,Jo->Ya,2,new,1,1,1
watershed_x_landform,B_830304_16_LF_3040101,荒川 / basin 16 / 自然堤防,all_land_use,Ko->Na,4,continue,2,2,1
watershed_x_landform,B_830304_16_LF_3040101,荒川 / basin 16 / 自然堤防,all_land_use,Ko->Na,4,drop,0,2,0
watershed_x_landform,B_830304_16_LF_3040101,荒川 / basin 16 / 自然堤防,all_land_use,Ko->Na,4,new,0,2,0
watershed_x_landform,B_830304_16_LF_3040101,荒川 / basin 16 / 自然堤防,all_land_use,Na->He,5,continue,2,2,1
watershed_x_landform,B_830304_16_LF_3040101,荒川 / basin 16 / 自然堤防,all_land_use,Na->He,5,drop,0,2,0
watershed_x_landform,B_830304_16_LF_3040101,荒川 / basin 16 / 自然堤防,all_land_use,Na->He,5,new,0,2,0
watershed_x_landform,B_830304_16_LF_3040101,荒川 / basin 16 / 自然堤防,all_land_use,Ya->Ko,3,continue,1,2,0.5
watershed_x_landform,B_830304_16_LF_3040101,荒川 / basin 16 / 自然堤防,all_land_use,Ya->Ko,3,drop,0,2,0
watershed_x_landform,B_830304_16_LF_3040101,荒川 / basin 16 / 自然堤防,all_land_use,Ya->Ko,3,new,1,2,0.5
watershed_x_landform,B_830304_194_LF_10101,荒川 / basin 194 / 山地斜面等,all_land_use,Jo->Ya,2,continue,0,1,0
watershed_x_landform,B_830304_194_LF_10101,荒川 / basin 194 / 山地斜面等,all_land_use,Jo->Ya,2,drop,1,1,1
watershed_x_landform,B_830304_194_LF_10101,荒川 / basin 194 / 山地斜面等,all_land_use,Jo->Ya,2,new,0,1,0
watershed_x_landform,B_830304_194_LF_10101,荒川 / basin 194 / 山地斜面等,all_land_use,Pa->Jo,1,continue,0,1,0
watershed_x_landform,B_830304_194_LF_10101,荒川 / basin 194 / 山地斜面等,all_land_use,Pa->Jo,1,drop,0,1,0
watershed_x_landform,B_830304_194_LF_10101,荒川 / basin 194 / 山地斜面等,all_land_use,Pa->Jo,1,new,1,1,1
watershed_x_landform,B_830304_194_LF_10304,荒川 / basin 194 / 台地・段丘,all_land_use,Jo->Ya,2,continue,0,1,0
watershed_x_landform,B_830304_194_LF_10304,荒川 / basin 194 / 台地・段丘,all_land_use,Jo->Ya,2,drop,1,1,1
watershed_x_landform,B_830304_194_LF_10304,荒川 / basin 194 / 台地・段丘,all_land_use,Jo->Ya,2,new,0,1,0
watershed_x_landform,B_830304_194_LF_10304,荒川 / basin 194 / 台地・段丘,all_land_use,Pa->Jo,1,continue,0,1,0
watershed_x_landform,B_830304_194_LF_10304,荒川 / basin 194 / 台地・段丘,all_land_use,Pa->Jo,1,drop,0,1,0
watershed_x_landform,B_830304_194_LF_10304,荒川 / basin 194 / 台地・段丘,all_land_use,Pa->Jo,1,new,1,1,1
watershed_x_landform,B_830304_25_LF_2010101,荒川 / basin 25 / 台地・段丘,all_land_use,He->Me,6,continue,2,5,0.4
watershed_x_landform,B_830304_25_LF_2010101,荒川 / basin 25 / 台地・段丘,all_land_use,He->Me,6,drop,3,5,0.6
watershed_x_landform,B_830304_25_LF_2010101,荒川 / basin 25 / 台地・段丘,all_land_use,He->Me,6,new,0,5,0
watershed_x_landform,B_830304_25_LF_2010101,荒川 / basin 25 / 台地・段丘,all_land_use,Jo->Ya,2,continue,3,6,0.5
watershed_x_landform,B_830304_25_LF_2010101,荒川 / basin 25 / 台地・段丘,all_land_use,Jo->Ya,2,drop,3,6,0.5
watershed_x_landform,B_830304_25_LF_2010101,荒川 / basin 25 / 台地・段丘,all_land_use,Jo->Ya,2,new,0,6,0
watershed_x_landform,B_830304_25_LF_2010101,荒川 / basin 25 / 台地・段丘,all_land_use,Ko->Na,4,continue,4,8,0.5
watershed_x_landform,B_830304_25_LF_2010101,荒川 / basin 25 / 台地・段丘,all_land_use,Ko->Na,4,drop,3,8,0.375
watershed_x_landform,B_830304_25_LF_2010101,荒川 / basin 25 / 台地・段丘,all_land_use,Ko->Na,4,new,1,8,0.125
watershed_x_landform,B_830304_25_LF_2010101,荒川 / basin 25 / 台地・段丘,all_land_use,Na->He,5,continue,5,5,1
watershed_x_landform,B_830304_25_LF_2010101,荒川 / basin 25 / 台地・段丘,all_land_use,Na->He,5,drop,0,5,0
watershed_x_landform,B_830304_25_LF_2010101,荒川 / basin 25 / 台地・段丘,all_land_use,Na->He,5,new,0,5,0
watershed_x_landform,B_830304_25_LF_2010101,荒川 / basin 25 / 台地・段丘,all_land_use,Pa->Jo,1,continue,1,6,0.16666666666666666
watershed_x_landform,B_830304_25_LF_2010101,荒川 / basin 25 / 台地・段丘,all_land_use,Pa->Jo,1,drop,0,6,0
watershed_x_landform,B_830304_25_LF_2010101,荒川 / basin 25 / 台地・段丘,all_land_use,Pa->Jo,1,new,5,6,0.8333333333333334
watershed_x_landform,B_830304_25_LF_2010101,荒川 / basin 25 / 台地・段丘,all_land_use,Ya->Ko,3,continue,1,9,0.1111111111111111
watershed_x_landform,B_830304_25_LF_2010101,荒川 / basin 25 / 台地・段丘,all_land_use,Ya->Ko,3,drop,2,9,0.2222222222222222
watershed_x_landform,B_830304_25_LF_2010101,荒川 / basin 25 / 台地・段丘,all_land_use,Ya->Ko,3,new,6,9,0.6666666666666666
watershed_x_landform,B_830304_25_LF_2010201,荒川 / basin 25 / 崖・段丘崖,all_land_use,Jo->Ya,2,continue,0,1,0
watershed_x_landform,B_830304_25_LF_2010201,荒川 / basin 25 / 崖・段丘崖,all_land_use,Jo->Ya,2,drop,1,1,1
watershed_x_landform,B_830304_25_LF_2010201,荒川 / basin 25 / 崖・段丘崖,all_land_use,Jo->Ya,2,new,0,1,0
watershed_x_landform,B_830304_25_LF_2010201,荒川 / basin 25 / 崖・段丘崖,all_land_use,Pa->Jo,1,continue,0,1,0
watershed_x_landform,B_830304_25_LF_2010201,荒川 / basin 25 / 崖・段丘崖,all_land_use,Pa->Jo,1,drop,0,1,0
watershed_x_landform,B_830304_25_LF_2010201,荒川 / basin 25 / 崖・段丘崖,all_land_use,Pa->Jo,1,new,1,1,1
watershed_x_landform,B_830304_25_LF_3030101,荒川 / basin 25 / 氾濫平野・海岸平野,all_land_use,He->Me,6,continue,3,7,0.42857142857142855
watershed_x_landform,B_830304_25_LF_3030101,荒川 / basin 25 / 氾濫平野・海岸平野,all_land_use,He->Me,6,drop,1,7,0.14285714285714285
watershed_x_landform,B_830304_25_LF_3030101,荒川 / basin 25 / 氾濫平野・海岸平野,all_land_use,He->Me,6,new,3,7,0.42857142857142855
watershed_x_landform,B_830304_25_LF_3030101,荒川 / basin 25 / 氾濫平野・海岸平野,all_land_use,Jo->Ya,2,continue,0,1,0
watershed_x_landform,B_830304_25_LF_3030101,荒川 / basin 25 / 氾濫平野・海岸平野,all_land_use,Jo->Ya,2,drop,1,1,1
watershed_x_landform,B_830304_25_LF_3030101,荒川 / basin 25 / 氾濫平野・海岸平野,all_land_use,Jo->Ya,2,new,0,1,0
watershed_x_landform,B_830304_25_LF_3030101,荒川 / basin 25 / 氾濫平野・海岸平野,all_land_use,Ko->Na,4,continue,2,6,0.3333333333333333
watershed_x_landform,B_830304_25_LF_3030101,荒川 / basin 25 / 氾濫平野・海岸平野,all_land_use,Ko->Na,4,drop,1,6,0.16666666666666666
watershed_x_landform,B_830304_25_LF_3030101,荒川 / basin 25 / 氾濫平野・海岸平野,all_land_use,Ko->Na,4,new,3,6,0.5
watershed_x_landform,B_830304_25_LF_3030101,荒川 / basin 25 / 氾濫平野・海岸平野,all_land_use,Na->He,5,continue,4,5,0.8
watershed_x_landform,B_830304_25_LF_3030101,荒川 / basin 25 / 氾濫平野・海岸平野,all_land_use,Na->He,5,drop,1,5,0.2
watershed_x_landform,B_830304_25_LF_3030101,荒川 / basin 25 / 氾濫平野・海岸平野,all_land_use,Na->He,5,new,0,5,0
watershed_x_landform,B_830304_25_LF_3030101,荒川 / basin 25 / 氾濫平野・海岸平野,all_land_use,Pa->Jo,1,continue,0,1,0
watershed_x_landform,B_830304_25_LF_3030101,荒川 / basin 25 / 氾濫平野・海岸平野,all_land_use,Pa->Jo,1,drop,0,1,0
watershed_x_landform,B_830304_25_LF_3030101,荒川 / basin 25 / 氾濫平野・海岸平野,all_land_use,Pa->Jo,1,new,1,1,1
watershed_x_landform,B_830304_25_LF_3030101,荒川 / basin 25 / 氾濫平野・海岸平野,all_land_use,Ya->Ko,3,continue,0,3,0
watershed_x_landform,B_830304_25_LF_3030101,荒川 / basin 25 / 氾濫平野・海岸平野,all_land_use,Ya->Ko,3,drop,0,3,0
watershed_x_landform,B_830304_25_LF_3030101,荒川 / basin 25 / 氾濫平野・海岸平野,all_land_use,Ya->Ko,3,new,3,3,1
watershed_x_landform,B_830304_25_LF_3050101,荒川 / basin 25 / 砂州・砂丘,all_land_use,He->Me,6,continue,6,11,0.5454545454545454
watershed_x_landform,B_830304_25_LF_3050101,荒川 / basin 25 / 砂州・砂丘,all_land_use,He->Me,6,drop,5,11,0.45454545454545453
watershed_x_landform,B_830304_25_LF_3050101,荒川 / basin 25 / 砂州・砂丘,all_land_use,He->Me,6,new,0,11,0
watershed_x_landform,B_830304_25_LF_3050101,荒川 / basin 25 / 砂州・砂丘,all_land_use,Jo->Ya,2,continue,1,4,0.25
watershed_x_landform,B_830304_25_LF_3050101,荒川 / basin 25 / 砂州・砂丘,all_land_use,Jo->Ya,2,drop,2,4,0.5
watershed_x_landform,B_830304_25_LF_3050101,荒川 / basin 25 / 砂州・砂丘,all_land_use,Jo->Ya,2,new,1,4,0.25
watershed_x_landform,B_830304_25_LF_3050101,荒川 / basin 25 / 砂州・砂丘,all_land_use,Ko->Na,4,continue,6,12,0.5
watershed_x_landform,B_830304_25_LF_3050101,荒川 / basin 25 / 砂州・砂丘,all_land_use,Ko->Na,4,drop,1,12,0.08333333333333333
watershed_x_landform,B_830304_25_LF_3050101,荒川 / basin 25 / 砂州・砂丘,all_land_use,Ko->Na,4,new,5,12,0.4166666666666667
watershed_x_landform,B_830304_25_LF_3050101,荒川 / basin 25 / 砂州・砂丘,all_land_use,Na->He,5,continue,11,11,1
watershed_x_landform,B_830304_25_LF_3050101,荒川 / basin 25 / 砂州・砂丘,all_land_use,Na->He,5,drop,0,11,0
watershed_x_landform,B_830304_25_LF_3050101,荒川 / basin 25 / 砂州・砂丘,all_land_use,Na->He,5,new,0,11,0
watershed_x_landform,B_830304_25_LF_3050101,荒川 / basin 25 / 砂州・砂丘,all_land_use,Pa->Jo,1,continue,0,3,0
watershed_x_landform,B_830304_25_LF_3050101,荒川 / basin 25 / 砂州・砂丘,all_land_use,Pa->Jo,1,drop,0,3,0
watershed_x_landform,B_830304_25_LF_3050101,荒川 / basin 25 / 砂州・砂丘,all_land_use,Pa->Jo,1,new,3,3,1
watershed_x_landform,B_830304_25_LF_3050101,荒川 / basin 25 / 砂州・砂丘,all_land_use,Ya->Ko,3,continue,1,8,0.125
watershed_x_landform,B_830304_25_LF_3050101,荒川 / basin 25 / 砂州・砂丘,all_land_use,Ya->Ko,3,drop,1,8,0.125
watershed_x_landform,B_830304_25_LF_3050101,荒川 / basin 25 / 砂州・砂丘,all_land_use,Ya->Ko,3,new,6,8,0.75
watershed_x_landform,B_830304_25_LF_5010301,荒川 / basin 25 / 旧水部,all_land_use,Ko->Na,4,continue,0,1,0
watershed_x_landform,B_830304_25_LF_5010301,荒川 / basin 25 / 旧水部,all_land_use,Ko->Na,4,drop,1,1,1
watershed_x_landform,B_830304_25_LF_5010301,荒川 / basin 25 / 旧水部,all_land_use,Ko->Na,4,new,0,1,0
watershed_x_landform,B_830304_25_LF_5010301,荒川 / basin 25 / 旧水部,all_land_use,Ya->Ko,3,continue,0,1,0
watershed_x_landform,B_830304_25_LF_5010301,荒川 / basin 25 / 旧水部,all_land_use,Ya->Ko,3,drop,0,1,0
watershed_x_landform,B_830304_25_LF_5010301,荒川 / basin 25 / 旧水部,all_land_use,Ya->Ko,3,new,1,1,1
watershed_x_landform,B_830304_26_LF_10101,荒川 / basin 26 / 山地斜面等,all_land_use,He->Me,6,continue,0,1,0
watershed_x_landform,B_830304_26_LF_10101,荒川 / basin 26 / 山地斜面等,all_land_use,He->Me,6,drop,1,1,1
watershed_x_landform,B_830304_26_LF_10101,荒川 / basin 26 / 山地斜面等,all_land_use,He->Me,6,new,0,1,0
watershed_x_landform,B_830304_26_LF_10101,荒川 / basin 26 / 山地斜面等,all_land_use,Jo->Ya,2,continue,1,6,0.16666666666666666
watershed_x_landform,B_830304_26_LF_10101,荒川 / basin 26 / 山地斜面等,all_land_use,Jo->Ya,2,drop,3,6,0.5
watershed_x_landform,B_830304_26_LF_10101,荒川 / basin 26 / 山地斜面等,all_land_use,Jo->Ya,2,new,2,6,0.3333333333333333
watershed_x_landform,B_830304_26_LF_10101,荒川 / basin 26 / 山地斜面等,all_land_use,Ko->Na,4,continue,0,3,0
watershed_x_landform,B_830304_26_LF_10101,荒川 / basin 26 / 山地斜面等,all_land_use,Ko->Na,4,drop,3,3,1
watershed_x_landform,B_830304_26_LF_10101,荒川 / basin 26 / 山地斜面等,all_land_use,Ko->Na,4,new,0,3,0
watershed_x_landform,B_830304_26_LF_10101,荒川 / basin 26 / 山地斜面等,all_land_use,Na->He,5,continue,0,1,0
watershed_x_landform,B_830304_26_LF_10101,荒川 / basin 26 / 山地斜面等,all_land_use,Na->He,5,drop,0,1,0
watershed_x_landform,B_830304_26_LF_10101,荒川 / basin 26 / 山地斜面等,all_land_use,Na->He,5,new,1,1,1
watershed_x_landform,B_830304_26_LF_10101,荒川 / basin 26 / 山地斜面等,all_land_use,Pa->Jo,1,continue,1,5,0.2
watershed_x_landform,B_830304_26_LF_10101,荒川 / basin 26 / 山地斜面等,all_land_use,Pa->Jo,1,drop,1,5,0.2
watershed_x_landform,B_830304_26_LF_10101,荒川 / basin 26 / 山地斜面等,all_land_use,Pa->Jo,1,new,3,5,0.6
watershed_x_landform,B_830304_26_LF_10101,荒川 / basin 26 / 山地斜面等,all_land_use,Ya->Ko,3,continue,1,5,0.2
watershed_x_landform,B_830304_26_LF_10101,荒川 / basin 26 / 山地斜面等,all_land_use,Ya->Ko,3,drop,2,5,0.4
watershed_x_landform,B_830304_26_LF_10101,荒川 / basin 26 / 山地斜面等,all_land_use,Ya->Ko,3,new,2,5,0.4
watershed_x_landform,B_830304_26_LF_10314,荒川 / basin 26 / 台地・段丘,all_land_use,He->Me,6,continue,0,2,0
watershed_x_landform,B_830304_26_LF_10314,荒川 / basin 26 / 台地・段丘,all_land_use,He->Me,6,drop,1,2,0.5
watershed_x_landform,B_830304_26_LF_10314,荒川 / basin 26 / 台地・段丘,all_land_use,He->Me,6,new,1,2,0.5
watershed_x_landform,B_830304_26_LF_10314,荒川 / basin 26 / 台地・段丘,all_land_use,Jo->Ya,2,continue,3,17,0.17647058823529413
watershed_x_landform,B_830304_26_LF_10314,荒川 / basin 26 / 台地・段丘,all_land_use,Jo->Ya,2,drop,11,17,0.6470588235294118
watershed_x_landform,B_830304_26_LF_10314,荒川 / basin 26 / 台地・段丘,all_land_use,Jo->Ya,2,new,3,17,0.17647058823529413
watershed_x_landform,B_830304_26_LF_10314,荒川 / basin 26 / 台地・段丘,all_land_use,Ko->Na,4,continue,1,6,0.16666666666666666
watershed_x_landform,B_830304_26_LF_10314,荒川 / basin 26 / 台地・段丘,all_land_use,Ko->Na,4,drop,4,6,0.6666666666666666
watershed_x_landform,B_830304_26_LF_10314,荒川 / basin 26 / 台地・段丘,all_land_use,Ko->Na,4,new,1,6,0.16666666666666666
watershed_x_landform,B_830304_26_LF_10314,荒川 / basin 26 / 台地・段丘,all_land_use,Na->He,5,continue,1,2,0.5
watershed_x_landform,B_830304_26_LF_10314,荒川 / basin 26 / 台地・段丘,all_land_use,Na->He,5,drop,1,2,0.5
watershed_x_landform,B_830304_26_LF_10314,荒川 / basin 26 / 台地・段丘,all_land_use,Na->He,5,new,0,2,0
watershed_x_landform,B_830304_26_LF_10314,荒川 / basin 26 / 台地・段丘,all_land_use,Pa->Jo,1,continue,5,14,0.35714285714285715
watershed_x_landform,B_830304_26_LF_10314,荒川 / basin 26 / 台地・段丘,all_land_use,Pa->Jo,1,drop,0,14,0
watershed_x_landform,B_830304_26_LF_10314,荒川 / basin 26 / 台地・段丘,all_land_use,Pa->Jo,1,new,9,14,0.6428571428571429
watershed_x_landform,B_830304_26_LF_10314,荒川 / basin 26 / 台地・段丘,all_land_use,Ya->Ko,3,continue,3,8,0.375
watershed_x_landform,B_830304_26_LF_10314,荒川 / basin 26 / 台地・段丘,all_land_use,Ya->Ko,3,drop,3,8,0.375
watershed_x_landform,B_830304_26_LF_10314,荒川 / basin 26 / 台地・段丘,all_land_use,Ya->Ko,3,new,2,8,0.25
watershed_x_landform,B_830304_26_LF_10701,荒川 / basin 26 / 氾濫平野・海岸平野,all_land_use,He->Me,6,continue,1,1,1
watershed_x_landform,B_830304_26_LF_10701,荒川 / basin 26 / 氾濫平野・海岸平野,all_land_use,He->Me,6,drop,0,1,0
watershed_x_landform,B_830304_26_LF_10701,荒川 / basin 26 / 氾濫平野・海岸平野,all_land_use,He->Me,6,new,0,1,0
watershed_x_landform,B_830304_26_LF_10701,荒川 / basin 26 / 氾濫平野・海岸平野,all_land_use,Jo->Ya,2,continue,1,3,0.3333333333333333
watershed_x_landform,B_830304_26_LF_10701,荒川 / basin 26 / 氾濫平野・海岸平野,all_land_use,Jo->Ya,2,drop,1,3,0.3333333333333333
watershed_x_landform,B_830304_26_LF_10701,荒川 / basin 26 / 氾濫平野・海岸平野,all_land_use,Jo->Ya,2,new,1,3,0.3333333333333333
watershed_x_landform,B_830304_26_LF_10701,荒川 / basin 26 / 氾濫平野・海岸平野,all_land_use,Ko->Na,4,continue,0,2,0
watershed_x_landform,B_830304_26_LF_10701,荒川 / basin 26 / 氾濫平野・海岸平野,all_land_use,Ko->Na,4,drop,1,2,0.5
watershed_x_landform,B_830304_26_LF_10701,荒川 / basin 26 / 氾濫平野・海岸平野,all_land_use,Ko->Na,4,new,1,2,0.5
watershed_x_landform,B_830304_26_LF_10701,荒川 / basin 26 / 氾濫平野・海岸平野,all_land_use,Na->He,5,continue,1,1,1
watershed_x_landform,B_830304_26_LF_10701,荒川 / basin 26 / 氾濫平野・海岸平野,all_land_use,Na->He,5,drop,0,1,0
watershed_x_landform,B_830304_26_LF_10701,荒川 / basin 26 / 氾濫平野・海岸平野,all_land_use,Na->He,5,new,0,1,0
watershed_x_landform,B_830304_26_LF_10701,荒川 / basin 26 / 氾濫平野・海岸平野,all_land_use,Pa->Jo,1,continue,1,2,0.5
watershed_x_landform,B_830304_26_LF_10701,荒川 / basin 26 / 氾濫平野・海岸平野,all_land_use,Pa->Jo,1,drop,0,2,0
watershed_x_landform,B_830304_26_LF_10701,荒川 / basin 26 / 氾濫平野・海岸平野,all_land_use,Pa->Jo,1,new,1,2,0.5
watershed_x_landform,B_830304_26_LF_10701,荒川 / basin 26 / 氾濫平野・海岸平野,all_land_use,Ya->Ko,3,continue,1,2,0.5
watershed_x_landform,B_830304_26_LF_10701,荒川 / basin 26 / 氾濫平野・海岸平野,all_land_use,Ya->Ko,3,drop,1,2,0.5
watershed_x_landform,B_830304_26_LF_10701,荒川 / basin 26 / 氾濫平野・海岸平野,all_land_use,Ya->Ko,3,new,0,2,0
watershed_x_landform,B_830304_26_LF_2010101,荒川 / basin 26 / 台地・段丘,all_land_use,He->Me,6,continue,1,5,0.2
watershed_x_landform,B_830304_26_LF_2010101,荒川 / basin 26 / 台地・段丘,all_land_use,He->Me,6,drop,1,5,0.2
watershed_x_landform,B_830304_26_LF_2010101,荒川 / basin 26 / 台地・段丘,all_land_use,He->Me,6,new,3,5,0.6
watershed_x_landform,B_830304_26_LF_2010101,荒川 / basin 26 / 台地・段丘,all_land_use,Jo->Ya,2,continue,4,6,0.6666666666666666
watershed_x_landform,B_830304_26_LF_2010101,荒川 / basin 26 / 台地・段丘,all_land_use,Jo->Ya,2,drop,2,6,0.3333333333333333
watershed_x_landform,B_830304_26_LF_2010101,荒川 / basin 26 / 台地・段丘,all_land_use,Jo->Ya,2,new,0,6,0
watershed_x_landform,B_830304_26_LF_2010101,荒川 / basin 26 / 台地・段丘,all_land_use,Ko->Na,4,continue,3,9,0.3333333333333333
watershed_x_landform,B_830304_26_LF_2010101,荒川 / basin 26 / 台地・段丘,all_land_use,Ko->Na,4,drop,6,9,0.6666666666666666
watershed_x_landform,B_830304_26_LF_2010101,荒川 / basin 26 / 台地・段丘,all_land_use,Ko->Na,4,new,0,9,0
watershed_x_landform,B_830304_26_LF_2010101,荒川 / basin 26 / 台地・段丘,all_land_use,Na->He,5,continue,2,3,0.6666666666666666
watershed_x_landform,B_830304_26_LF_2010101,荒川 / basin 26 / 台地・段丘,all_land_use,Na->He,5,drop,1,3,0.3333333333333333
watershed_x_landform,B_830304_26_LF_2010101,荒川 / basin 26 / 台地・段丘,all_land_use,Na->He,5,new,0,3,0
watershed_x_landform,B_830304_26_LF_2010101,荒川 / basin 26 / 台地・段丘,all_land_use,Pa->Jo,1,continue,3,6,0.5
watershed_x_landform,B_830304_26_LF_2010101,荒川 / basin 26 / 台地・段丘,all_land_use,Pa->Jo,1,drop,0,6,0
watershed_x_landform,B_830304_26_LF_2010101,荒川 / basin 26 / 台地・段丘,all_land_use,Pa->Jo,1,new,3,6,0.5
watershed_x_landform,B_830304_26_LF_2010101,荒川 / basin 26 / 台地・段丘,all_land_use,Ya->Ko,3,continue,3,10,0.3
watershed_x_landform,B_830304_26_LF_2010101,荒川 / basin 26 / 台地・段丘,all_land_use,Ya->Ko,3,drop,1,10,0.1
watershed_x_landform,B_830304_26_LF_2010101,荒川 / basin 26 / 台地・段丘,all_land_use,Ya->Ko,3,new,6,10,0.6
watershed_x_landform,B_830304_26_LF_2010201,荒川 / basin 26 / 崖・段丘崖,all_land_use,Jo->Ya,2,continue,0,1,0
watershed_x_landform,B_830304_26_LF_2010201,荒川 / basin 26 / 崖・段丘崖,all_land_use,Jo->Ya,2,drop,1,1,1
watershed_x_landform,B_830304_26_LF_2010201,荒川 / basin 26 / 崖・段丘崖,all_land_use,Jo->Ya,2,new,0,1,0
watershed_x_landform,B_830304_26_LF_2010201,荒川 / basin 26 / 崖・段丘崖,all_land_use,Ko->Na,4,continue,0,1,0
watershed_x_landform,B_830304_26_LF_2010201,荒川 / basin 26 / 崖・段丘崖,all_land_use,Ko->Na,4,drop,1,1,1
watershed_x_landform,B_830304_26_LF_2010201,荒川 / basin 26 / 崖・段丘崖,all_land_use,Ko->Na,4,new,0,1,0
watershed_x_landform,B_830304_26_LF_2010201,荒川 / basin 26 / 崖・段丘崖,all_land_use,Pa->Jo,1,continue,0,1,0
watershed_x_landform,B_830304_26_LF_2010201,荒川 / basin 26 / 崖・段丘崖,all_land_use,Pa->Jo,1,drop,0,1,0
watershed_x_landform,B_830304_26_LF_2010201,荒川 / basin 26 / 崖・段丘崖,all_land_use,Pa->Jo,1,new,1,1,1
watershed_x_landform,B_830304_26_LF_2010201,荒川 / basin 26 / 崖・段丘崖,all_land_use,Ya->Ko,3,continue,0,1,0
watershed_x_landform,B_830304_26_LF_2010201,荒川 / basin 26 / 崖・段丘崖,all_land_use,Ya->Ko,3,drop,0,1,0
watershed_x_landform,B_830304_26_LF_2010201,荒川 / basin 26 / 崖・段丘崖,all_land_use,Ya->Ko,3,new,1,1,1
watershed_x_landform,B_830304_27_LF_2010101,荒川 / basin 27 / 台地・段丘,all_land_use,He->Me,6,continue,3,9,0.3333333333333333
watershed_x_landform,B_830304_27_LF_2010101,荒川 / basin 27 / 台地・段丘,all_land_use,He->Me,6,drop,5,9,0.5555555555555556
watershed_x_landform,B_830304_27_LF_2010101,荒川 / basin 27 / 台地・段丘,all_land_use,He->Me,6,new,1,9,0.1111111111111111
watershed_x_landform,B_830304_27_LF_2010101,荒川 / basin 27 / 台地・段丘,all_land_use,Jo->Ya,2,continue,7,9,0.7777777777777778
watershed_x_landform,B_830304_27_LF_2010101,荒川 / basin 27 / 台地・段丘,all_land_use,Jo->Ya,2,drop,2,9,0.2222222222222222
watershed_x_landform,B_830304_27_LF_2010101,荒川 / basin 27 / 台地・段丘,all_land_use,Jo->Ya,2,new,0,9,0
watershed_x_landform,B_830304_27_LF_2010101,荒川 / basin 27 / 台地・段丘,all_land_use,Ko->Na,4,continue,7,12,0.5833333333333334
watershed_x_landform,B_830304_27_LF_2010101,荒川 / basin 27 / 台地・段丘,all_land_use,Ko->Na,4,drop,4,12,0.3333333333333333
watershed_x_landform,B_830304_27_LF_2010101,荒川 / basin 27 / 台地・段丘,all_land_use,Ko->Na,4,new,1,12,0.08333333333333333
watershed_x_landform,B_830304_27_LF_2010101,荒川 / basin 27 / 台地・段丘,all_land_use,Na->He,5,continue,7,9,0.7777777777777778
watershed_x_landform,B_830304_27_LF_2010101,荒川 / basin 27 / 台地・段丘,all_land_use,Na->He,5,drop,1,9,0.1111111111111111
watershed_x_landform,B_830304_27_LF_2010101,荒川 / basin 27 / 台地・段丘,all_land_use,Na->He,5,new,1,9,0.1111111111111111
watershed_x_landform,B_830304_27_LF_2010101,荒川 / basin 27 / 台地・段丘,all_land_use,Pa->Jo,1,continue,4,9,0.4444444444444444
watershed_x_landform,B_830304_27_LF_2010101,荒川 / basin 27 / 台地・段丘,all_land_use,Pa->Jo,1,drop,0,9,0
watershed_x_landform,B_830304_27_LF_2010101,荒川 / basin 27 / 台地・段丘,all_land_use,Pa->Jo,1,new,5,9,0.5555555555555556
watershed_x_landform,B_830304_27_LF_2010101,荒川 / basin 27 / 台地・段丘,all_land_use,Ya->Ko,3,continue,6,12,0.5
watershed_x_landform,B_830304_27_LF_2010101,荒川 / basin 27 / 台地・段丘,all_land_use,Ya->Ko,3,drop,1,12,0.08333333333333333
watershed_x_landform,B_830304_27_LF_2010101,荒川 / basin 27 / 台地・段丘,all_land_use,Ya->Ko,3,new,5,12,0.4166666666666667
watershed_x_landform,B_830304_27_LF_2010201,荒川 / basin 27 / 崖・段丘崖,all_land_use,Ko->Na,4,continue,0,2,0
watershed_x_landform,B_830304_27_LF_2010201,荒川 / basin 27 / 崖・段丘崖,all_land_use,Ko->Na,4,drop,1,2,0.5
watershed_x_landform,B_830304_27_LF_2010201,荒川 / basin 27 / 崖・段丘崖,all_land_use,Ko->Na,4,new,1,2,0.5
watershed_x_landform,B_830304_27_LF_2010201,荒川 / basin 27 / 崖・段丘崖,all_land_use,Na->He,5,continue,0,1,0
watershed_x_landform,B_830304_27_LF_2010201,荒川 / basin 27 / 崖・段丘崖,all_land_use,Na->He,5,drop,1,1,1
watershed_x_landform,B_830304_27_LF_2010201,荒川 / basin 27 / 崖・段丘崖,all_land_use,Na->He,5,new,0,1,0
watershed_x_landform,B_830304_27_LF_2010201,荒川 / basin 27 / 崖・段丘崖,all_land_use,Ya->Ko,3,continue,0,1,0
watershed_x_landform,B_830304_27_LF_2010201,荒川 / basin 27 / 崖・段丘崖,all_land_use,Ya->Ko,3,drop,0,1,0
watershed_x_landform,B_830304_27_LF_2010201,荒川 / basin 27 / 崖・段丘崖,all_land_use,Ya->Ko,3,new,1,1,1
watershed_x_landform,B_830304_27_LF_3030101,荒川 / basin 27 / 氾濫平野・海岸平野,all_land_use,Jo->Ya,2,continue,1,1,1
watershed_x_landform,B_830304_27_LF_3030101,荒川 / basin 27 / 氾濫平野・海岸平野,all_land_use,Jo->Ya,2,drop,0,1,0
watershed_x_landform,B_830304_27_LF_3030101,荒川 / basin 27 / 氾濫平野・海岸平野,all_land_use,Jo->Ya,2,new,0,1,0
watershed_x_landform,B_830304_27_LF_3030101,荒川 / basin 27 / 氾濫平野・海岸平野,all_land_use,Pa->Jo,1,continue,0,1,0
watershed_x_landform,B_830304_27_LF_3030101,荒川 / basin 27 / 氾濫平野・海岸平野,all_land_use,Pa->Jo,1,drop,0,1,0
watershed_x_landform,B_830304_27_LF_3030101,荒川 / basin 27 / 氾濫平野・海岸平野,all_land_use,Pa->Jo,1,new,1,1,1
watershed_x_landform,B_830304_27_LF_3030101,荒川 / basin 27 / 氾濫平野・海岸平野,all_land_use,Ya->Ko,3,continue,0,1,0
watershed_x_landform,B_830304_27_LF_3030101,荒川 / basin 27 / 氾濫平野・海岸平野,all_land_use,Ya->Ko,3,drop,1,1,1
watershed_x_landform,B_830304_27_LF_3030101,荒川 / basin 27 / 氾濫平野・海岸平野,all_land_use,Ya->Ko,3,new,0,1,0
watershed_x_landform,B_830304_27_LF_3040101,荒川 / basin 27 / 自然堤防,all_land_use,He->Me,6,continue,1,1,1
watershed_x_landform,B_830304_27_LF_3040101,荒川 / basin 27 / 自然堤防,all_land_use,He->Me,6,drop,0,1,0
watershed_x_landform,B_830304_27_LF_3040101,荒川 / basin 27 / 自然堤防,all_land_use,He->Me,6,new,0,1,0
watershed_x_landform,B_830304_27_LF_3040101,荒川 / basin 27 / 自然堤防,all_land_use,Jo->Ya,2,continue,0,2,0
watershed_x_landform,B_830304_27_LF_3040101,荒川 / basin 27 / 自然堤防,all_land_use,Jo->Ya,2,drop,0,2,0
watershed_x_landform,B_830304_27_LF_3040101,荒川 / basin 27 / 自然堤防,all_land_use,Jo->Ya,2,new,2,2,1
watershed_x_landform,B_830304_27_LF_3040101,荒川 / basin 27 / 自然堤防,all_land_use,Na->He,5,continue,0,1,0
watershed_x_landform,B_830304_27_LF_3040101,荒川 / basin 27 / 自然堤防,all_land_use,Na->He,5,drop,0,1,0
watershed_x_landform,B_830304_27_LF_3040101,荒川 / basin 27 / 自然堤防,all_land_use,Na->He,5,new,1,1,1
watershed_x_landform,B_830304_27_LF_3040101,荒川 / basin 27 / 自然堤防,all_land_use,Ya->Ko,3,continue,0,2,0
watershed_x_landform,B_830304_27_LF_3040101,荒川 / basin 27 / 自然堤防,all_land_use,Ya->Ko,3,drop,2,2,1
watershed_x_landform,B_830304_27_LF_3040101,荒川 / basin 27 / 自然堤防,all_land_use,Ya->Ko,3,new,0,2,0
watershed_x_landform,B_830304_27_LF_3050101,荒川 / basin 27 / 砂州・砂丘,all_land_use,He->Me,6,continue,1,2,0.5
watershed_x_landform,B_830304_27_LF_3050101,荒川 / basin 27 / 砂州・砂丘,all_land_use,He->Me,6,drop,0,2,0
watershed_x_landform,B_830304_27_LF_3050101,荒川 / basin 27 / 砂州・砂丘,all_land_use,He->Me,6,new,1,2,0.5
watershed_x_landform,B_830304_27_LF_3050101,荒川 / basin 27 / 砂州・砂丘,all_land_use,Jo->Ya,2,continue,1,2,0.5
watershed_x_landform,B_830304_27_LF_3050101,荒川 / basin 27 / 砂州・砂丘,all_land_use,Jo->Ya,2,drop,1,2,0.5
watershed_x_landform,B_830304_27_LF_3050101,荒川 / basin 27 / 砂州・砂丘,all_land_use,Jo->Ya,2,new,0,2,0
watershed_x_landform,B_830304_27_LF_3050101,荒川 / basin 27 / 砂州・砂丘,all_land_use,Ko->Na,4,continue,2,3,0.6666666666666666
watershed_x_landform,B_830304_27_LF_3050101,荒川 / basin 27 / 砂州・砂丘,all_land_use,Ko->Na,4,drop,1,3,0.3333333333333333
watershed_x_landform,B_830304_27_LF_3050101,荒川 / basin 27 / 砂州・砂丘,all_land_use,Ko->Na,4,new,0,3,0
watershed_x_landform,B_830304_27_LF_3050101,荒川 / basin 27 / 砂州・砂丘,all_land_use,Na->He,5,continue,1,2,0.5
watershed_x_landform,B_830304_27_LF_3050101,荒川 / basin 27 / 砂州・砂丘,all_land_use,Na->He,5,drop,1,2,0.5
watershed_x_landform,B_830304_27_LF_3050101,荒川 / basin 27 / 砂州・砂丘,all_land_use,Na->He,5,new,0,2,0
watershed_x_landform,B_830304_27_LF_3050101,荒川 / basin 27 / 砂州・砂丘,all_land_use,Pa->Jo,1,continue,0,2,0
watershed_x_landform,B_830304_27_LF_3050101,荒川 / basin 27 / 砂州・砂丘,all_land_use,Pa->Jo,1,drop,0,2,0
watershed_x_landform,B_830304_27_LF_3050101,荒川 / basin 27 / 砂州・砂丘,all_land_use,Pa->Jo,1,new,2,2,1
watershed_x_landform,B_830304_27_LF_3050101,荒川 / basin 27 / 砂州・砂丘,all_land_use,Ya->Ko,3,continue,1,3,0.3333333333333333
watershed_x_landform,B_830304_27_LF_3050101,荒川 / basin 27 / 砂州・砂丘,all_land_use,Ya->Ko,3,drop,0,3,0
watershed_x_landform,B_830304_27_LF_3050101,荒川 / basin 27 / 砂州・砂丘,all_land_use,Ya->Ko,3,new,2,3,0.6666666666666666
watershed_x_landform,B_830304_36_LF_3030101,荒川 / basin 36 / 氾濫平野・海岸平野,all_land_use,He->Me,6,continue,1,2,0.5
watershed_x_landform,B_830304_36_LF_3030101,荒川 / basin 36 / 氾濫平野・海岸平野,all_land_use,He->Me,6,drop,0,2,0
watershed_x_landform,B_830304_36_LF_3030101,荒川 / basin 36 / 氾濫平野・海岸平野,all_land_use,He->Me,6,new,1,2,0.5
watershed_x_landform,B_830304_36_LF_3030101,荒川 / basin 36 / 氾濫平野・海岸平野,all_land_use,Jo->Ya,2,continue,1,1,1
watershed_x_landform,B_830304_36_LF_3030101,荒川 / basin 36 / 氾濫平野・海岸平野,all_land_use,Jo->Ya,2,drop,0,1,0
watershed_x_landform,B_830304_36_LF_3030101,荒川 / basin 36 / 氾濫平野・海岸平野,all_land_use,Jo->Ya,2,new,0,1,0
watershed_x_landform,B_830304_36_LF_3030101,荒川 / basin 36 / 氾濫平野・海岸平野,all_land_use,Ko->Na,4,continue,1,1,1
watershed_x_landform,B_830304_36_LF_3030101,荒川 / basin 36 / 氾濫平野・海岸平野,all_land_use,Ko->Na,4,drop,0,1,0
watershed_x_landform,B_830304_36_LF_3030101,荒川 / basin 36 / 氾濫平野・海岸平野,all_land_use,Ko->Na,4,new,0,1,0
watershed_x_landform,B_830304_36_LF_3030101,荒川 / basin 36 / 氾濫平野・海岸平野,all_land_use,Na->He,5,continue,1,1,1
watershed_x_landform,B_830304_36_LF_3030101,荒川 / basin 36 / 氾濫平野・海岸平野,all_land_use,Na->He,5,drop,0,1,0
watershed_x_landform,B_830304_36_LF_3030101,荒川 / basin 36 / 氾濫平野・海岸平野,all_land_use,Na->He,5,new,0,1,0
watershed_x_landform,B_830304_36_LF_3030101,荒川 / basin 36 / 氾濫平野・海岸平野,all_land_use,Pa->Jo,1,continue,0,1,0
watershed_x_landform,B_830304_36_LF_3030101,荒川 / basin 36 / 氾濫平野・海岸平野,all_land_use,Pa->Jo,1,drop,0,1,0
watershed_x_landform,B_830304_36_LF_3030101,荒川 / basin 36 / 氾濫平野・海岸平野,all_land_use,Pa->Jo,1,new,1,1,1
watershed_x_landform,B_830304_36_LF_3030101,荒川 / basin 36 / 氾濫平野・海岸平野,all_land_use,Ya->Ko,3,continue,1,1,1
watershed_x_landform,B_830304_36_LF_3030101,荒川 / basin 36 / 氾濫平野・海岸平野,all_land_use,Ya->Ko,3,drop,0,1,0
watershed_x_landform,B_830304_36_LF_3030101,荒川 / basin 36 / 氾濫平野・海岸平野,all_land_use,Ya->Ko,3,new,0,1,0
watershed_x_landform,B_830304_37_LF_1010101,荒川 / basin 37 / 山地斜面等,all_land_use,He->Me,6,continue,0,2,0
watershed_x_landform,B_830304_37_LF_1010101,荒川 / basin 37 / 山地斜面等,all_land_use,He->Me,6,drop,1,2,0.5
watershed_x_landform,B_830304_37_LF_1010101,荒川 / basin 37 / 山地斜面等,all_land_use,He->Me,6,new,1,2,0.5
watershed_x_landform,B_830304_37_LF_1010101,荒川 / basin 37 / 山地斜面等,all_land_use,Jo->Ya,2,continue,0,2,0
watershed_x_landform,B_830304_37_LF_1010101,荒川 / basin 37 / 山地斜面等,all_land_use,Jo->Ya,2,drop,2,2,1
watershed_x_landform,B_830304_37_LF_1010101,荒川 / basin 37 / 山地斜面等,all_land_use,Jo->Ya,2,new,0,2,0
watershed_x_landform,B_830304_37_LF_1010101,荒川 / basin 37 / 山地斜面等,all_land_use,Na->He,5,continue,0,1,0
watershed_x_landform,B_830304_37_LF_1010101,荒川 / basin 37 / 山地斜面等,all_land_use,Na->He,5,drop,0,1,0
watershed_x_landform,B_830304_37_LF_1010101,荒川 / basin 37 / 山地斜面等,all_land_use,Na->He,5,new,1,1,1
watershed_x_landform,B_830304_37_LF_1010101,荒川 / basin 37 / 山地斜面等,all_land_use,Pa->Jo,1,continue,0,2,0
watershed_x_landform,B_830304_37_LF_1010101,荒川 / basin 37 / 山地斜面等,all_land_use,Pa->Jo,1,drop,0,2,0
watershed_x_landform,B_830304_37_LF_1010101,荒川 / basin 37 / 山地斜面等,all_land_use,Pa->Jo,1,new,2,2,1
watershed_x_landform,B_830304_37_LF_10314,荒川 / basin 37 / 台地・段丘,all_land_use,He->Me,6,continue,0,1,0
watershed_x_landform,B_830304_37_LF_10314,荒川 / basin 37 / 台地・段丘,all_land_use,He->Me,6,drop,0,1,0
watershed_x_landform,B_830304_37_LF_10314,荒川 / basin 37 / 台地・段丘,all_land_use,He->Me,6,new,1,1,1
watershed_x_landform,B_830304_37_LF_10314,荒川 / basin 37 / 台地・段丘,all_land_use,Jo->Ya,2,continue,0,1,0
watershed_x_landform,B_830304_37_LF_10314,荒川 / basin 37 / 台地・段丘,all_land_use,Jo->Ya,2,drop,1,1,1
watershed_x_landform,B_830304_37_LF_10314,荒川 / basin 37 / 台地・段丘,all_land_use,Jo->Ya,2,new,0,1,0
watershed_x_landform,B_830304_37_LF_10314,荒川 / basin 37 / 台地・段丘,all_land_use,Pa->Jo,1,continue,0,1,0
watershed_x_landform,B_830304_37_LF_10314,荒川 / basin 37 / 台地・段丘,all_land_use,Pa->Jo,1,drop,0,1,0
watershed_x_landform,B_830304_37_LF_10314,荒川 / basin 37 / 台地・段丘,all_land_use,Pa->Jo,1,new,1,1,1
watershed_x_landform,B_830304_37_LF_2010101,荒川 / basin 37 / 台地・段丘,all_land_use,He->Me,6,continue,0,4,0
watershed_x_landform,B_830304_37_LF_2010101,荒川 / basin 37 / 台地・段丘,all_land_use,He->Me,6,drop,0,4,0
watershed_x_landform,B_830304_37_LF_2010101,荒川 / basin 37 / 台地・段丘,all_land_use,He->Me,6,new,4,4,1
watershed_x_landform,B_830304_37_LF_2010101,荒川 / basin 37 / 台地・段丘,all_land_use,Jo->Ya,2,continue,3,15,0.2
watershed_x_landform,B_830304_37_LF_2010101,荒川 / basin 37 / 台地・段丘,all_land_use,Jo->Ya,2,drop,10,15,0.6666666666666666
watershed_x_landform,B_830304_37_LF_2010101,荒川 / basin 37 / 台地・段丘,all_land_use,Jo->Ya,2,new,2,15,0.13333333333333333
watershed_x_landform,B_830304_37_LF_2010101,荒川 / basin 37 / 台地・段丘,all_land_use,Ko->Na,4,continue,1,5,0.2
watershed_x_landform,B_830304_37_LF_2010101,荒川 / basin 37 / 台地・段丘,all_land_use,Ko->Na,4,drop,4,5,0.8
watershed_x_landform,B_830304_37_LF_2010101,荒川 / basin 37 / 台地・段丘,all_land_use,Ko->Na,4,new,0,5,0
watershed_x_landform,B_830304_37_LF_2010101,荒川 / basin 37 / 台地・段丘,all_land_use,Na->He,5,continue,0,1,0
watershed_x_landform,B_830304_37_LF_2010101,荒川 / basin 37 / 台地・段丘,all_land_use,Na->He,5,drop,1,1,1
watershed_x_landform,B_830304_37_LF_2010101,荒川 / basin 37 / 台地・段丘,all_land_use,Na->He,5,new,0,1,0
watershed_x_landform,B_830304_37_LF_2010101,荒川 / basin 37 / 台地・段丘,all_land_use,Pa->Jo,1,continue,3,13,0.23076923076923078
watershed_x_landform,B_830304_37_LF_2010101,荒川 / basin 37 / 台地・段丘,all_land_use,Pa->Jo,1,drop,0,13,0
watershed_x_landform,B_830304_37_LF_2010101,荒川 / basin 37 / 台地・段丘,all_land_use,Pa->Jo,1,new,10,13,0.7692307692307693
watershed_x_landform,B_830304_37_LF_2010101,荒川 / basin 37 / 台地・段丘,all_land_use,Ya->Ko,3,continue,1,9,0.1111111111111111
watershed_x_landform,B_830304_37_LF_2010101,荒川 / basin 37 / 台地・段丘,all_land_use,Ya->Ko,3,drop,4,9,0.4444444444444444
watershed_x_landform,B_830304_37_LF_2010101,荒川 / basin 37 / 台地・段丘,all_land_use,Ya->Ko,3,new,4,9,0.4444444444444444
watershed_x_landform,B_830304_37_LF_3030101,荒川 / basin 37 / 氾濫平野・海岸平野,all_land_use,He->Me,6,continue,0,1,0
watershed_x_landform,B_830304_37_LF_3030101,荒川 / basin 37 / 氾濫平野・海岸平野,all_land_use,He->Me,6,drop,1,1,1
watershed_x_landform,B_830304_37_LF_3030101,荒川 / basin 37 / 氾濫平野・海岸平野,all_land_use,He->Me,6,new,0,1,0
watershed_x_landform,B_830304_37_LF_3030101,荒川 / basin 37 / 氾濫平野・海岸平野,all_land_use,Jo->Ya,2,continue,2,4,0.5
watershed_x_landform,B_830304_37_LF_3030101,荒川 / basin 37 / 氾濫平野・海岸平野,all_land_use,Jo->Ya,2,drop,2,4,0.5
watershed_x_landform,B_830304_37_LF_3030101,荒川 / basin 37 / 氾濫平野・海岸平野,all_land_use,Jo->Ya,2,new,0,4,0
watershed_x_landform,B_830304_37_LF_3030101,荒川 / basin 37 / 氾濫平野・海岸平野,all_land_use,Ko->Na,4,continue,1,2,0.5
watershed_x_landform,B_830304_37_LF_3030101,荒川 / basin 37 / 氾濫平野・海岸平野,all_land_use,Ko->Na,4,drop,1,2,0.5
watershed_x_landform,B_830304_37_LF_3030101,荒川 / basin 37 / 氾濫平野・海岸平野,all_land_use,Ko->Na,4,new,0,2,0
watershed_x_landform,B_830304_37_LF_3030101,荒川 / basin 37 / 氾濫平野・海岸平野,all_land_use,Na->He,5,continue,1,1,1
watershed_x_landform,B_830304_37_LF_3030101,荒川 / basin 37 / 氾濫平野・海岸平野,all_land_use,Na->He,5,drop,0,1,0
watershed_x_landform,B_830304_37_LF_3030101,荒川 / basin 37 / 氾濫平野・海岸平野,all_land_use,Na->He,5,new,0,1,0
watershed_x_landform,B_830304_37_LF_3030101,荒川 / basin 37 / 氾濫平野・海岸平野,all_land_use,Pa->Jo,1,continue,0,4,0
watershed_x_landform,B_830304_37_LF_3030101,荒川 / basin 37 / 氾濫平野・海岸平野,all_land_use,Pa->Jo,1,drop,0,4,0
watershed_x_landform,B_830304_37_LF_3030101,荒川 / basin 37 / 氾濫平野・海岸平野,all_land_use,Pa->Jo,1,new,4,4,1
watershed_x_landform,B_830304_37_LF_3030101,荒川 / basin 37 / 氾濫平野・海岸平野,all_land_use,Ya->Ko,3,continue,2,2,1
watershed_x_landform,B_830304_37_LF_3030101,荒川 / basin 37 / 氾濫平野・海岸平野,all_land_use,Ya->Ko,3,drop,0,2,0
watershed_x_landform,B_830304_37_LF_3030101,荒川 / basin 37 / 氾濫平野・海岸平野,all_land_use,Ya->Ko,3,new,0,2,0
watershed_x_landform,B_830304_37_LF_3050101,荒川 / basin 37 / 砂州・砂丘,all_land_use,Jo->Ya,2,continue,0,1,0
watershed_x_landform,B_830304_37_LF_3050101,荒川 / basin 37 / 砂州・砂丘,all_land_use,Jo->Ya,2,drop,1,1,1
watershed_x_landform,B_830304_37_LF_3050101,荒川 / basin 37 / 砂州・砂丘,all_land_use,Jo->Ya,2,new,0,1,0
watershed_x_landform,B_830304_37_LF_3050101,荒川 / basin 37 / 砂州・砂丘,all_land_use,Pa->Jo,1,continue,0,1,0
watershed_x_landform,B_830304_37_LF_3050101,荒川 / basin 37 / 砂州・砂丘,all_land_use,Pa->Jo,1,drop,0,1,0
watershed_x_landform,B_830304_37_LF_3050101,荒川 / basin 37 / 砂州・砂丘,all_land_use,Pa->Jo,1,new,1,1,1
watershed_x_landform,B_830304_37_LF_5010201,荒川 / basin 37 / 水部,all_land_use,Jo->Ya,2,continue,0,1,0
watershed_x_landform,B_830304_37_LF_5010201,荒川 / basin 37 / 水部,all_land_use,Jo->Ya,2,drop,1,1,1
watershed_x_landform,B_830304_37_LF_5010201,荒川 / basin 37 / 水部,all_land_use,Jo->Ya,2,new,0,1,0
watershed_x_landform,B_830304_37_LF_5010201,荒川 / basin 37 / 水部,all_land_use,Pa->Jo,1,continue,0,1,0
watershed_x_landform,B_830304_37_LF_5010201,荒川 / basin 37 / 水部,all_land_use,Pa->Jo,1,drop,0,1,0
watershed_x_landform,B_830304_37_LF_5010201,荒川 / basin 37 / 水部,all_land_use,Pa->Jo,1,new,1,1,1
watershed_x_landform,B_830304_38_LF_1010101,荒川 / basin 38 / 山地斜面等,all_land_use,He->Me,6,continue,0,1,0
watershed_x_landform,B_830304_38_LF_1010101,荒川 / basin 38 / 山地斜面等,all_land_use,He->Me,6,drop,1,1,1
watershed_x_landform,B_830304_38_LF_1010101,荒川 / basin 38 / 山地斜面等,all_land_use,He->Me,6,new,0,1,0
watershed_x_landform,B_830304_38_LF_1010101,荒川 / basin 38 / 山地斜面等,all_land_use,Jo->Ya,2,continue,1,1,1
watershed_x_landform,B_830304_38_LF_1010101,荒川 / basin 38 / 山地斜面等,all_land_use,Jo->Ya,2,drop,0,1,0
watershed_x_landform,B_830304_38_LF_1010101,荒川 / basin 38 / 山地斜面等,all_land_use,Jo->Ya,2,new,0,1,0
watershed_x_landform,B_830304_38_LF_1010101,荒川 / basin 38 / 山地斜面等,all_land_use,Ko->Na,4,continue,1,1,1
watershed_x_landform,B_830304_38_LF_1010101,荒川 / basin 38 / 山地斜面等,all_land_use,Ko->Na,4,drop,0,1,0
watershed_x_landform,B_830304_38_LF_1010101,荒川 / basin 38 / 山地斜面等,all_land_use,Ko->Na,4,new,0,1,0
watershed_x_landform,B_830304_38_LF_1010101,荒川 / basin 38 / 山地斜面等,all_land_use,Na->He,5,continue,1,1,1
watershed_x_landform,B_830304_38_LF_1010101,荒川 / basin 38 / 山地斜面等,all_land_use,Na->He,5,drop,0,1,0
watershed_x_landform,B_830304_38_LF_1010101,荒川 / basin 38 / 山地斜面等,all_land_use,Na->He,5,new,0,1,0
watershed_x_landform,B_830304_38_LF_1010101,荒川 / basin 38 / 山地斜面等,all_land_use,Pa->Jo,1,continue,0,1,0
watershed_x_landform,B_830304_38_LF_1010101,荒川 / basin 38 / 山地斜面等,all_land_use,Pa->Jo,1,drop,0,1,0
watershed_x_landform,B_830304_38_LF_1010101,荒川 / basin 38 / 山地斜面等,all_land_use,Pa->Jo,1,new,1,1,1
watershed_x_landform,B_830304_38_LF_1010101,荒川 / basin 38 / 山地斜面等,all_land_use,Ya->Ko,3,continue,1,1,1
watershed_x_landform,B_830304_38_LF_1010101,荒川 / basin 38 / 山地斜面等,all_land_use,Ya->Ko,3,drop,0,1,0
watershed_x_landform,B_830304_38_LF_1010101,荒川 / basin 38 / 山地斜面等,all_land_use,Ya->Ko,3,new,0,1,0
watershed_x_landform,B_830304_38_LF_2010101,荒川 / basin 38 / 台地・段丘,all_land_use,He->Me,6,continue,0,4,0
watershed_x_landform,B_830304_38_LF_2010101,荒川 / basin 38 / 台地・段丘,all_land_use,He->Me,6,drop,2,4,0.5
watershed_x_landform,B_830304_38_LF_2010101,荒川 / basin 38 / 台地・段丘,all_land_use,He->Me,6,new,2,4,0.5
watershed_x_landform,B_830304_38_LF_2010101,荒川 / basin 38 / 台地・段丘,all_land_use,Jo->Ya,2,continue,6,10,0.6
watershed_x_landform,B_830304_38_LF_2010101,荒川 / basin 38 / 台地・段丘,all_land_use,Jo->Ya,2,drop,3,10,0.3
watershed_x_landform,B_830304_38_LF_2010101,荒川 / basin 38 / 台地・段丘,all_land_use,Jo->Ya,2,new,1,10,0.1
watershed_x_landform,B_830304_38_LF_2010101,荒川 / basin 38 / 台地・段丘,all_land_use,Ko->Na,4,continue,0,2,0
watershed_x_landform,B_830304_38_LF_2010101,荒川 / basin 38 / 台地・段丘,all_land_use,Ko->Na,4,drop,2,2,1
watershed_x_landform,B_830304_38_LF_2010101,荒川 / basin 38 / 台地・段丘,all_land_use,Ko->Na,4,new,0,2,0
watershed_x_landform,B_830304_38_LF_2010101,荒川 / basin 38 / 台地・段丘,all_land_use,Na->He,5,continue,0,2,0
watershed_x_landform,B_830304_38_LF_2010101,荒川 / basin 38 / 台地・段丘,all_land_use,Na->He,5,drop,0,2,0
watershed_x_landform,B_830304_38_LF_2010101,荒川 / basin 38 / 台地・段丘,all_land_use,Na->He,5,new,2,2,1
watershed_x_landform,B_830304_38_LF_2010101,荒川 / basin 38 / 台地・段丘,all_land_use,Pa->Jo,1,continue,1,9,0.1111111111111111
watershed_x_landform,B_830304_38_LF_2010101,荒川 / basin 38 / 台地・段丘,all_land_use,Pa->Jo,1,drop,0,9,0
watershed_x_landform,B_830304_38_LF_2010101,荒川 / basin 38 / 台地・段丘,all_land_use,Pa->Jo,1,new,8,9,0.8888888888888888
watershed_x_landform,B_830304_38_LF_2010101,荒川 / basin 38 / 台地・段丘,all_land_use,Ya->Ko,3,continue,2,7,0.2857142857142857
watershed_x_landform,B_830304_38_LF_2010101,荒川 / basin 38 / 台地・段丘,all_land_use,Ya->Ko,3,drop,5,7,0.7142857142857143
watershed_x_landform,B_830304_38_LF_2010101,荒川 / basin 38 / 台地・段丘,all_land_use,Ya->Ko,3,new,0,7,0
watershed_x_landform,B_830304_38_LF_2010201,荒川 / basin 38 / 崖・段丘崖,all_land_use,Jo->Ya,2,continue,1,1,1
watershed_x_landform,B_830304_38_LF_2010201,荒川 / basin 38 / 崖・段丘崖,all_land_use,Jo->Ya,2,drop,0,1,0
watershed_x_landform,B_830304_38_LF_2010201,荒川 / basin 38 / 崖・段丘崖,all_land_use,Jo->Ya,2,new,0,1,0
watershed_x_landform,B_830304_38_LF_2010201,荒川 / basin 38 / 崖・段丘崖,all_land_use,Pa->Jo,1,continue,0,1,0
watershed_x_landform,B_830304_38_LF_2010201,荒川 / basin 38 / 崖・段丘崖,all_land_use,Pa->Jo,1,drop,0,1,0
watershed_x_landform,B_830304_38_LF_2010201,荒川 / basin 38 / 崖・段丘崖,all_land_use,Pa->Jo,1,new,1,1,1
watershed_x_landform,B_830304_38_LF_2010201,荒川 / basin 38 / 崖・段丘崖,all_land_use,Ya->Ko,3,continue,0,1,0
watershed_x_landform,B_830304_38_LF_2010201,荒川 / basin 38 / 崖・段丘崖,all_land_use,Ya->Ko,3,drop,1,1,1
watershed_x_landform,B_830304_38_LF_2010201,荒川 / basin 38 / 崖・段丘崖,all_land_use,Ya->Ko,3,new,0,1,0
watershed_x_landform,B_830304_38_LF_3030101,荒川 / basin 38 / 氾濫平野・海岸平野,all_land_use,He->Me,6,continue,0,3,0
watershed_x_landform,B_830304_38_LF_3030101,荒川 / basin 38 / 氾濫平野・海岸平野,all_land_use,He->Me,6,drop,1,3,0.3333333333333333
watershed_x_landform,B_830304_38_LF_3030101,荒川 / basin 38 / 氾濫平野・海岸平野,all_land_use,He->Me,6,new,2,3,0.6666666666666666
watershed_x_landform,B_830304_38_LF_3030101,荒川 / basin 38 / 氾濫平野・海岸平野,all_land_use,Jo->Ya,2,continue,0,1,0
watershed_x_landform,B_830304_38_LF_3030101,荒川 / basin 38 / 氾濫平野・海岸平野,all_land_use,Jo->Ya,2,drop,1,1,1
watershed_x_landform,B_830304_38_LF_3030101,荒川 / basin 38 / 氾濫平野・海岸平野,all_land_use,Jo->Ya,2,new,0,1,0
watershed_x_landform,B_830304_38_LF_3030101,荒川 / basin 38 / 氾濫平野・海岸平野,all_land_use,Ko->Na,4,continue,0,1,0
watershed_x_landform,B_830304_38_LF_3030101,荒川 / basin 38 / 氾濫平野・海岸平野,all_land_use,Ko->Na,4,drop,0,1,0
watershed_x_landform,B_830304_38_LF_3030101,荒川 / basin 38 / 氾濫平野・海岸平野,all_land_use,Ko->Na,4,new,1,1,1
watershed_x_landform,B_830304_38_LF_3030101,荒川 / basin 38 / 氾濫平野・海岸平野,all_land_use,Na->He,5,continue,1,1,1
watershed_x_landform,B_830304_38_LF_3030101,荒川 / basin 38 / 氾濫平野・海岸平野,all_land_use,Na->He,5,drop,0,1,0
watershed_x_landform,B_830304_38_LF_3030101,荒川 / basin 38 / 氾濫平野・海岸平野,all_land_use,Na->He,5,new,0,1,0
watershed_x_landform,B_830304_38_LF_3030101,荒川 / basin 38 / 氾濫平野・海岸平野,all_land_use,Pa->Jo,1,continue,0,1,0
watershed_x_landform,B_830304_38_LF_3030101,荒川 / basin 38 / 氾濫平野・海岸平野,all_land_use,Pa->Jo,1,drop,0,1,0
watershed_x_landform,B_830304_38_LF_3030101,荒川 / basin 38 / 氾濫平野・海岸平野,all_land_use,Pa->Jo,1,new,1,1,1
watershed_x_landform,B_830304_38_LF_3030201,荒川 / basin 38 / 後背低地・湿地,all_land_use,He->Me,6,continue,0,1,0
watershed_x_landform,B_830304_38_LF_3030201,荒川 / basin 38 / 後背低地・湿地,all_land_use,He->Me,6,drop,1,1,1
watershed_x_landform,B_830304_38_LF_3030201,荒川 / basin 38 / 後背低地・湿地,all_land_use,He->Me,6,new,0,1,0
watershed_x_landform,B_830304_38_LF_3030201,荒川 / basin 38 / 後背低地・湿地,all_land_use,Jo->Ya,2,continue,0,1,0
watershed_x_landform,B_830304_38_LF_3030201,荒川 / basin 38 / 後背低地・湿地,all_land_use,Jo->Ya,2,drop,1,1,1
watershed_x_landform,B_830304_38_LF_3030201,荒川 / basin 38 / 後背低地・湿地,all_land_use,Jo->Ya,2,new,0,1,0
watershed_x_landform,B_830304_38_LF_3030201,荒川 / basin 38 / 後背低地・湿地,all_land_use,Ko->Na,4,continue,1,1,1
watershed_x_landform,B_830304_38_LF_3030201,荒川 / basin 38 / 後背低地・湿地,all_land_use,Ko->Na,4,drop,0,1,0
watershed_x_landform,B_830304_38_LF_3030201,荒川 / basin 38 / 後背低地・湿地,all_land_use,Ko->Na,4,new,0,1,0
watershed_x_landform,B_830304_38_LF_3030201,荒川 / basin 38 / 後背低地・湿地,all_land_use,Na->He,5,continue,1,1,1
watershed_x_landform,B_830304_38_LF_3030201,荒川 / basin 38 / 後背低地・湿地,all_land_use,Na->He,5,drop,0,1,0
watershed_x_landform,B_830304_38_LF_3030201,荒川 / basin 38 / 後背低地・湿地,all_land_use,Na->He,5,new,0,1,0
watershed_x_landform,B_830304_38_LF_3030201,荒川 / basin 38 / 後背低地・湿地,all_land_use,Pa->Jo,1,continue,0,1,0
watershed_x_landform,B_830304_38_LF_3030201,荒川 / basin 38 / 後背低地・湿地,all_land_use,Pa->Jo,1,drop,0,1,0
watershed_x_landform,B_830304_38_LF_3030201,荒川 / basin 38 / 後背低地・湿地,all_land_use,Pa->Jo,1,new,1,1,1
watershed_x_landform,B_830304_38_LF_3030201,荒川 / basin 38 / 後背低地・湿地,all_land_use,Ya->Ko,3,continue,0,1,0
watershed_x_landform,B_830304_38_LF_3030201,荒川 / basin 38 / 後背低地・湿地,all_land_use,Ya->Ko,3,drop,0,1,0
watershed_x_landform,B_830304_38_LF_3030201,荒川 / basin 38 / 後背低地・湿地,all_land_use,Ya->Ko,3,new,1,1,1
watershed_x_landform,B_830304_38_LF_3050101,荒川 / basin 38 / 砂州・砂丘,all_land_use,He->Me,6,continue,0,3,0
watershed_x_landform,B_830304_38_LF_3050101,荒川 / basin 38 / 砂州・砂丘,all_land_use,He->Me,6,drop,0,3,0
watershed_x_landform,B_830304_38_LF_3050101,荒川 / basin 38 / 砂州・砂丘,all_land_use,He->Me,6,new,3,3,1
watershed_x_landform,B_830304_38_LF_3050101,荒川 / basin 38 / 砂州・砂丘,all_land_use,Jo->Ya,2,continue,0,1,0
watershed_x_landform,B_830304_38_LF_3050101,荒川 / basin 38 / 砂州・砂丘,all_land_use,Jo->Ya,2,drop,1,1,1
watershed_x_landform,B_830304_38_LF_3050101,荒川 / basin 38 / 砂州・砂丘,all_land_use,Jo->Ya,2,new,0,1,0
watershed_x_landform,B_830304_38_LF_3050101,荒川 / basin 38 / 砂州・砂丘,all_land_use,Ko->Na,4,continue,0,1,0
watershed_x_landform,B_830304_38_LF_3050101,荒川 / basin 38 / 砂州・砂丘,all_land_use,Ko->Na,4,drop,1,1,1
watershed_x_landform,B_830304_38_LF_3050101,荒川 / basin 38 / 砂州・砂丘,all_land_use,Ko->Na,4,new,0,1,0
watershed_x_landform,B_830304_38_LF_3050101,荒川 / basin 38 / 砂州・砂丘,all_land_use,Pa->Jo,1,continue,0,1,0
watershed_x_landform,B_830304_38_LF_3050101,荒川 / basin 38 / 砂州・砂丘,all_land_use,Pa->Jo,1,drop,0,1,0
watershed_x_landform,B_830304_38_LF_3050101,荒川 / basin 38 / 砂州・砂丘,all_land_use,Pa->Jo,1,new,1,1,1
watershed_x_landform,B_830304_38_LF_3050101,荒川 / basin 38 / 砂州・砂丘,all_land_use,Ya->Ko,3,continue,0,1,0
watershed_x_landform,B_830304_38_LF_3050101,荒川 / basin 38 / 砂州・砂丘,all_land_use,Ya->Ko,3,drop,0,1,0
watershed_x_landform,B_830304_38_LF_3050101,荒川 / basin 38 / 砂州・砂丘,all_land_use,Ya->Ko,3,new,1,1,1
watershed_x_landform,B_830304_39_LF_10101,荒川 / basin 39 / 山地斜面等,all_land_use,He->Me,6,continue,0,1,0
watershed_x_landform,B_830304_39_LF_10101,荒川 / basin 39 / 山地斜面等,all_land_use,He->Me,6,drop,1,1,1
watershed_x_landform,B_830304_39_LF_10101,荒川 / basin 39 / 山地斜面等,all_land_use,He->Me,6,new,0,1,0
watershed_x_landform,B_830304_39_LF_10101,荒川 / basin 39 / 山地斜面等,all_land_use,Jo->Ya,2,continue,0,3,0
watershed_x_landform,B_830304_39_LF_10101,荒川 / basin 39 / 山地斜面等,all_land_use,Jo->Ya,2,drop,3,3,1
watershed_x_landform,B_830304_39_LF_10101,荒川 / basin 39 / 山地斜面等,all_land_use,Jo->Ya,2,new,0,3,0
watershed_x_landform,B_830304_39_LF_10101,荒川 / basin 39 / 山地斜面等,all_land_use,Ko->Na,4,continue,0,1,0
watershed_x_landform,B_830304_39_LF_10101,荒川 / basin 39 / 山地斜面等,all_land_use,Ko->Na,4,drop,0,1,0
watershed_x_landform,B_830304_39_LF_10101,荒川 / basin 39 / 山地斜面等,all_land_use,Ko->Na,4,new,1,1,1
watershed_x_landform,B_830304_39_LF_10101,荒川 / basin 39 / 山地斜面等,all_land_use,Na->He,5,continue,1,1,1
watershed_x_landform,B_830304_39_LF_10101,荒川 / basin 39 / 山地斜面等,all_land_use,Na->He,5,drop,0,1,0
watershed_x_landform,B_830304_39_LF_10101,荒川 / basin 39 / 山地斜面等,all_land_use,Na->He,5,new,0,1,0
watershed_x_landform,B_830304_39_LF_10101,荒川 / basin 39 / 山地斜面等,all_land_use,Pa->Jo,1,continue,1,3,0.3333333333333333
watershed_x_landform,B_830304_39_LF_10101,荒川 / basin 39 / 山地斜面等,all_land_use,Pa->Jo,1,drop,0,3,0
watershed_x_landform,B_830304_39_LF_10101,荒川 / basin 39 / 山地斜面等,all_land_use,Pa->Jo,1,new,2,3,0.6666666666666666
watershed_x_landform,B_830304_39_LF_10202,荒川 / basin 39 / 崖・段丘崖,all_land_use,Jo->Ya,2,continue,1,2,0.5
watershed_x_landform,B_830304_39_LF_10202,荒川 / basin 39 / 崖・段丘崖,all_land_use,Jo->Ya,2,drop,1,2,0.5
watershed_x_landform,B_830304_39_LF_10202,荒川 / basin 39 / 崖・段丘崖,all_land_use,Jo->Ya,2,new,0,2,0
watershed_x_landform,B_830304_39_LF_10202,荒川 / basin 39 / 崖・段丘崖,all_land_use,Ko->Na,4,continue,0,2,0
watershed_x_landform,B_830304_39_LF_10202,荒川 / basin 39 / 崖・段丘崖,all_land_use,Ko->Na,4,drop,1,2,0.5
watershed_x_landform,B_830304_39_LF_10202,荒川 / basin 39 / 崖・段丘崖,all_land_use,Ko->Na,4,new,1,2,0.5
watershed_x_landform,B_830304_39_LF_10202,荒川 / basin 39 / 崖・段丘崖,all_land_use,Na->He,5,continue,0,1,0
watershed_x_landform,B_830304_39_LF_10202,荒川 / basin 39 / 崖・段丘崖,all_land_use,Na->He,5,drop,1,1,1
watershed_x_landform,B_830304_39_LF_10202,荒川 / basin 39 / 崖・段丘崖,all_land_use,Na->He,5,new,0,1,0
watershed_x_landform,B_830304_39_LF_10202,荒川 / basin 39 / 崖・段丘崖,all_land_use,Pa->Jo,1,continue,1,2,0.5
watershed_x_landform,B_830304_39_LF_10202,荒川 / basin 39 / 崖・段丘崖,all_land_use,Pa->Jo,1,drop,0,2,0
watershed_x_landform,B_830304_39_LF_10202,荒川 / basin 39 / 崖・段丘崖,all_land_use,Pa->Jo,1,new,1,2,0.5
watershed_x_landform,B_830304_39_LF_10202,荒川 / basin 39 / 崖・段丘崖,all_land_use,Ya->Ko,3,continue,1,1,1
watershed_x_landform,B_830304_39_LF_10202,荒川 / basin 39 / 崖・段丘崖,all_land_use,Ya->Ko,3,drop,0,1,0
watershed_x_landform,B_830304_39_LF_10202,荒川 / basin 39 / 崖・段丘崖,all_land_use,Ya->Ko,3,new,0,1,0
watershed_x_landform,B_830304_39_LF_10314,荒川 / basin 39 / 台地・段丘,all_land_use,He->Me,6,continue,0,4,0
watershed_x_landform,B_830304_39_LF_10314,荒川 / basin 39 / 台地・段丘,all_land_use,He->Me,6,drop,4,4,1
watershed_x_landform,B_830304_39_LF_10314,荒川 / basin 39 / 台地・段丘,all_land_use,He->Me,6,new,0,4,0
watershed_x_landform,B_830304_39_LF_10314,荒川 / basin 39 / 台地・段丘,all_land_use,Jo->Ya,2,continue,2,10,0.2
watershed_x_landform,B_830304_39_LF_10314,荒川 / basin 39 / 台地・段丘,all_land_use,Jo->Ya,2,drop,8,10,0.8
watershed_x_landform,B_830304_39_LF_10314,荒川 / basin 39 / 台地・段丘,all_land_use,Jo->Ya,2,new,0,10,0
watershed_x_landform,B_830304_39_LF_10314,荒川 / basin 39 / 台地・段丘,all_land_use,Ko->Na,4,continue,2,3,0.6666666666666666
watershed_x_landform,B_830304_39_LF_10314,荒川 / basin 39 / 台地・段丘,all_land_use,Ko->Na,4,drop,1,3,0.3333333333333333
watershed_x_landform,B_830304_39_LF_10314,荒川 / basin 39 / 台地・段丘,all_land_use,Ko->Na,4,new,0,3,0
watershed_x_landform,B_830304_39_LF_10314,荒川 / basin 39 / 台地・段丘,all_land_use,Na->He,5,continue,2,4,0.5
watershed_x_landform,B_830304_39_LF_10314,荒川 / basin 39 / 台地・段丘,all_land_use,Na->He,5,drop,0,4,0
watershed_x_landform,B_830304_39_LF_10314,荒川 / basin 39 / 台地・段丘,all_land_use,Na->He,5,new,2,4,0.5
watershed_x_landform,B_830304_39_LF_10314,荒川 / basin 39 / 台地・段丘,all_land_use,Pa->Jo,1,continue,3,10,0.3
watershed_x_landform,B_830304_39_LF_10314,荒川 / basin 39 / 台地・段丘,all_land_use,Pa->Jo,1,drop,0,10,0
watershed_x_landform,B_830304_39_LF_10314,荒川 / basin 39 / 台地・段丘,all_land_use,Pa->Jo,1,new,7,10,0.7
watershed_x_landform,B_830304_39_LF_10314,荒川 / basin 39 / 台地・段丘,all_land_use,Ya->Ko,3,continue,1,4,0.25
watershed_x_landform,B_830304_39_LF_10314,荒川 / basin 39 / 台地・段丘,all_land_use,Ya->Ko,3,drop,1,4,0.25
watershed_x_landform,B_830304_39_LF_10314,荒川 / basin 39 / 台地・段丘,all_land_use,Ya->Ko,3,new,2,4,0.5
watershed_x_landform,B_830304_39_LF_10701,荒川 / basin 39 / 氾濫平野・海岸平野,all_land_use,He->Me,6,continue,0,1,0
watershed_x_landform,B_830304_39_LF_10701,荒川 / basin 39 / 氾濫平野・海岸平野,all_land_use,He->Me,6,drop,0,1,0
watershed_x_landform,B_830304_39_LF_10701,荒川 / basin 39 / 氾濫平野・海岸平野,all_land_use,He->Me,6,new,1,1,1
watershed_x_landform,B_830304_39_LF_10701,荒川 / basin 39 / 氾濫平野・海岸平野,all_land_use,Jo->Ya,2,continue,0,1,0
watershed_x_landform,B_830304_39_LF_10701,荒川 / basin 39 / 氾濫平野・海岸平野,all_land_use,Jo->Ya,2,drop,1,1,1
watershed_x_landform,B_830304_39_LF_10701,荒川 / basin 39 / 氾濫平野・海岸平野,all_land_use,Jo->Ya,2,new,0,1,0
watershed_x_landform,B_830304_39_LF_10701,荒川 / basin 39 / 氾濫平野・海岸平野,all_land_use,Pa->Jo,1,continue,0,1,0
watershed_x_landform,B_830304_39_LF_10701,荒川 / basin 39 / 氾濫平野・海岸平野,all_land_use,Pa->Jo,1,drop,0,1,0
watershed_x_landform,B_830304_39_LF_10701,荒川 / basin 39 / 氾濫平野・海岸平野,all_land_use,Pa->Jo,1,new,1,1,1
watershed_x_landform,B_830304_39_LF_10903,荒川 / basin 39 / 水部,all_land_use,He->Me,6,continue,1,1,1
watershed_x_landform,B_830304_39_LF_10903,荒川 / basin 39 / 水部,all_land_use,He->Me,6,drop,0,1,0
watershed_x_landform,B_830304_39_LF_10903,荒川 / basin 39 / 水部,all_land_use,He->Me,6,new,0,1,0
watershed_x_landform,B_830304_39_LF_10903,荒川 / basin 39 / 水部,all_land_use,Jo->Ya,2,continue,1,1,1
watershed_x_landform,B_830304_39_LF_10903,荒川 / basin 39 / 水部,all_land_use,Jo->Ya,2,drop,0,1,0
watershed_x_landform,B_830304_39_LF_10903,荒川 / basin 39 / 水部,all_land_use,Jo->Ya,2,new,0,1,0
watershed_x_landform,B_830304_39_LF_10903,荒川 / basin 39 / 水部,all_land_use,Ko->Na,4,continue,1,1,1
watershed_x_landform,B_830304_39_LF_10903,荒川 / basin 39 / 水部,all_land_use,Ko->Na,4,drop,0,1,0
watershed_x_landform,B_830304_39_LF_10903,荒川 / basin 39 / 水部,all_land_use,Ko->Na,4,new,0,1,0
watershed_x_landform,B_830304_39_LF_10903,荒川 / basin 39 / 水部,all_land_use,Na->He,5,continue,1,1,1
watershed_x_landform,B_830304_39_LF_10903,荒川 / basin 39 / 水部,all_land_use,Na->He,5,drop,0,1,0
watershed_x_landform,B_830304_39_LF_10903,荒川 / basin 39 / 水部,all_land_use,Na->He,5,new,0,1,0
watershed_x_landform,B_830304_39_LF_10903,荒川 / basin 39 / 水部,all_land_use,Pa->Jo,1,continue,1,1,1
watershed_x_landform,B_830304_39_LF_10903,荒川 / basin 39 / 水部,all_land_use,Pa->Jo,1,drop,0,1,0
watershed_x_landform,B_830304_39_LF_10903,荒川 / basin 39 / 水部,all_land_use,Pa->Jo,1,new,0,1,0
watershed_x_landform,B_830304_39_LF_10903,荒川 / basin 39 / 水部,all_land_use,Ya->Ko,3,continue,1,1,1
watershed_x_landform,B_830304_39_LF_10903,荒川 / basin 39 / 水部,all_land_use,Ya->Ko,3,drop,0,1,0
watershed_x_landform,B_830304_39_LF_10903,荒川 / basin 39 / 水部,all_land_use,Ya->Ko,3,new,0,1,0
watershed_x_landform,B_830304_40_LF_10101,荒川 / basin 40 / 山地斜面等,all_land_use,Jo->Ya,2,continue,0,5,0
watershed_x_landform,B_830304_40_LF_10101,荒川 / basin 40 / 山地斜面等,all_land_use,Jo->Ya,2,drop,5,5,1
watershed_x_landform,B_830304_40_LF_10101,荒川 / basin 40 / 山地斜面等,all_land_use,Jo->Ya,2,new,0,5,0
watershed_x_landform,B_830304_40_LF_10101,荒川 / basin 40 / 山地斜面等,all_land_use,Pa->Jo,1,continue,1,5,0.2
watershed_x_landform,B_830304_40_LF_10101,荒川 / basin 40 / 山地斜面等,all_land_use,Pa->Jo,1,drop,0,5,0
watershed_x_landform,B_830304_40_LF_10101,荒川 / basin 40 / 山地斜面等,all_land_use,Pa->Jo,1,new,4,5,0.8
watershed_x_landform,B_830304_40_LF_10314,荒川 / basin 40 / 台地・段丘,all_land_use,He->Me,6,continue,0,1,0
watershed_x_landform,B_830304_40_LF_10314,荒川 / basin 40 / 台地・段丘,all_land_use,He->Me,6,drop,1,1,1
watershed_x_landform,B_830304_40_LF_10314,荒川 / basin 40 / 台地・段丘,all_land_use,He->Me,6,new,0,1,0
watershed_x_landform,B_830304_40_LF_10314,荒川 / basin 40 / 台地・段丘,all_land_use,Jo->Ya,2,continue,2,12,0.16666666666666666
watershed_x_landform,B_830304_40_LF_10314,荒川 / basin 40 / 台地・段丘,all_land_use,Jo->Ya,2,drop,10,12,0.8333333333333334
watershed_x_landform,B_830304_40_LF_10314,荒川 / basin 40 / 台地・段丘,all_land_use,Jo->Ya,2,new,0,12,0
watershed_x_landform,B_830304_40_LF_10314,荒川 / basin 40 / 台地・段丘,all_land_use,Ko->Na,4,continue,0,3,0
watershed_x_landform,B_830304_40_LF_10314,荒川 / basin 40 / 台地・段丘,all_land_use,Ko->Na,4,drop,2,3,0.6666666666666666
watershed_x_landform,B_830304_40_LF_10314,荒川 / basin 40 / 台地・段丘,all_land_use,Ko->Na,4,new,1,3,0.3333333333333333
watershed_x_landform,B_830304_40_LF_10314,荒川 / basin 40 / 台地・段丘,all_land_use,Na->He,5,continue,1,1,1
watershed_x_landform,B_830304_40_LF_10314,荒川 / basin 40 / 台地・段丘,all_land_use,Na->He,5,drop,0,1,0
watershed_x_landform,B_830304_40_LF_10314,荒川 / basin 40 / 台地・段丘,all_land_use,Na->He,5,new,0,1,0
watershed_x_landform,B_830304_40_LF_10314,荒川 / basin 40 / 台地・段丘,all_land_use,Pa->Jo,1,continue,1,12,0.08333333333333333
watershed_x_landform,B_830304_40_LF_10314,荒川 / basin 40 / 台地・段丘,all_land_use,Pa->Jo,1,drop,0,12,0
watershed_x_landform,B_830304_40_LF_10314,荒川 / basin 40 / 台地・段丘,all_land_use,Pa->Jo,1,new,11,12,0.9166666666666666
watershed_x_landform,B_830304_40_LF_10314,荒川 / basin 40 / 台地・段丘,all_land_use,Ya->Ko,3,continue,0,4,0
watershed_x_landform,B_830304_40_LF_10314,荒川 / basin 40 / 台地・段丘,all_land_use,Ya->Ko,3,drop,2,4,0.5
watershed_x_landform,B_830304_40_LF_10314,荒川 / basin 40 / 台地・段丘,all_land_use,Ya->Ko,3,new,2,4,0.5
watershed_x_landform,B_830304_40_LF_10601,荒川 / basin 40 / 凹地・浅い谷,all_land_use,Jo->Ya,2,continue,0,2,0
watershed_x_landform,B_830304_40_LF_10601,荒川 / basin 40 / 凹地・浅い谷,all_land_use,Jo->Ya,2,drop,2,2,1
watershed_x_landform,B_830304_40_LF_10601,荒川 / basin 40 / 凹地・浅い谷,all_land_use,Jo->Ya,2,new,0,2,0
watershed_x_landform,B_830304_40_LF_10601,荒川 / basin 40 / 凹地・浅い谷,all_land_use,Pa->Jo,1,continue,1,2,0.5
watershed_x_landform,B_830304_40_LF_10601,荒川 / basin 40 / 凹地・浅い谷,all_land_use,Pa->Jo,1,drop,0,2,0
watershed_x_landform,B_830304_40_LF_10601,荒川 / basin 40 / 凹地・浅い谷,all_land_use,Pa->Jo,1,new,1,2,0.5
watershed_x_landform,B_830304_40_LF_10701,荒川 / basin 40 / 氾濫平野・海岸平野,all_land_use,Jo->Ya,2,continue,0,4,0
watershed_x_landform,B_830304_40_LF_10701,荒川 / basin 40 / 氾濫平野・海岸平野,all_land_use,Jo->Ya,2,drop,4,4,1
watershed_x_landform,B_830304_40_LF_10701,荒川 / basin 40 / 氾濫平野・海岸平野,all_land_use,Jo->Ya,2,new,0,4,0
watershed_x_landform,B_830304_40_LF_10701,荒川 / basin 40 / 氾濫平野・海岸平野,all_land_use,Ko->Na,4,continue,0,1,0
watershed_x_landform,B_830304_40_LF_10701,荒川 / basin 40 / 氾濫平野・海岸平野,all_land_use,Ko->Na,4,drop,1,1,1
watershed_x_landform,B_830304_40_LF_10701,荒川 / basin 40 / 氾濫平野・海岸平野,all_land_use,Ko->Na,4,new,0,1,0
watershed_x_landform,B_830304_40_LF_10701,荒川 / basin 40 / 氾濫平野・海岸平野,all_land_use,Pa->Jo,1,continue,1,4,0.25
watershed_x_landform,B_830304_40_LF_10701,荒川 / basin 40 / 氾濫平野・海岸平野,all_land_use,Pa->Jo,1,drop,0,4,0
watershed_x_landform,B_830304_40_LF_10701,荒川 / basin 40 / 氾濫平野・海岸平野,all_land_use,Pa->Jo,1,new,3,4,0.75
watershed_x_landform,B_830304_40_LF_10701,荒川 / basin 40 / 氾濫平野・海岸平野,all_land_use,Ya->Ko,3,continue,0,1,0
watershed_x_landform,B_830304_40_LF_10701,荒川 / basin 40 / 氾濫平野・海岸平野,all_land_use,Ya->Ko,3,drop,0,1,0
watershed_x_landform,B_830304_40_LF_10701,荒川 / basin 40 / 氾濫平野・海岸平野,all_land_use,Ya->Ko,3,new,1,1,1
watershed_x_landform,B_830304_42_LF_2010101,荒川 / basin 42 / 台地・段丘,all_land_use,He->Me,6,continue,0,5,0
watershed_x_landform,B_830304_42_LF_2010101,荒川 / basin 42 / 台地・段丘,all_land_use,He->Me,6,drop,5,5,1
watershed_x_landform,B_830304_42_LF_2010101,荒川 / basin 42 / 台地・段丘,all_land_use,He->Me,6,new,0,5,0
watershed_x_landform,B_830304_42_LF_2010101,荒川 / basin 42 / 台地・段丘,all_land_use,Jo->Ya,2,continue,12,17,0.7058823529411765
watershed_x_landform,B_830304_42_LF_2010101,荒川 / basin 42 / 台地・段丘,all_land_use,Jo->Ya,2,drop,4,17,0.23529411764705882
watershed_x_landform,B_830304_42_LF_2010101,荒川 / basin 42 / 台地・段丘,all_land_use,Jo->Ya,2,new,1,17,0.058823529411764705
watershed_x_landform,B_830304_42_LF_2010101,荒川 / basin 42 / 台地・段丘,all_land_use,Ko->Na,4,continue,3,14,0.21428571428571427
watershed_x_landform,B_830304_42_LF_2010101,荒川 / basin 42 / 台地・段丘,all_land_use,Ko->Na,4,drop,10,14,0.7142857142857143
watershed_x_landform,B_830304_42_LF_2010101,荒川 / basin 42 / 台地・段丘,all_land_use,Ko->Na,4,new,1,14,0.07142857142857142
watershed_x_landform,B_830304_42_LF_2010101,荒川 / basin 42 / 台地・段丘,all_land_use,Na->He,5,continue,3,6,0.5
watershed_x_landform,B_830304_42_LF_2010101,荒川 / basin 42 / 台地・段丘,all_land_use,Na->He,5,drop,1,6,0.16666666666666666
watershed_x_landform,B_830304_42_LF_2010101,荒川 / basin 42 / 台地・段丘,all_land_use,Na->He,5,new,2,6,0.3333333333333333
watershed_x_landform,B_830304_42_LF_2010101,荒川 / basin 42 / 台地・段丘,all_land_use,Pa->Jo,1,continue,4,16,0.25
watershed_x_landform,B_830304_42_LF_2010101,荒川 / basin 42 / 台地・段丘,all_land_use,Pa->Jo,1,drop,0,16,0
watershed_x_landform,B_830304_42_LF_2010101,荒川 / basin 42 / 台地・段丘,all_land_use,Pa->Jo,1,new,12,16,0.75
watershed_x_landform,B_830304_42_LF_2010101,荒川 / basin 42 / 台地・段丘,all_land_use,Ya->Ko,3,continue,12,14,0.8571428571428571
watershed_x_landform,B_830304_42_LF_2010101,荒川 / basin 42 / 台地・段丘,all_land_use,Ya->Ko,3,drop,1,14,0.07142857142857142
watershed_x_landform,B_830304_42_LF_2010101,荒川 / basin 42 / 台地・段丘,all_land_use,Ya->Ko,3,new,1,14,0.07142857142857142
watershed_x_landform,B_830304_42_LF_3030101,荒川 / basin 42 / 氾濫平野・海岸平野,all_land_use,He->Me,6,continue,1,2,0.5
watershed_x_landform,B_830304_42_LF_3030101,荒川 / basin 42 / 氾濫平野・海岸平野,all_land_use,He->Me,6,drop,1,2,0.5
watershed_x_landform,B_830304_42_LF_3030101,荒川 / basin 42 / 氾濫平野・海岸平野,all_land_use,He->Me,6,new,0,2,0
watershed_x_landform,B_830304_42_LF_3030101,荒川 / basin 42 / 氾濫平野・海岸平野,all_land_use,Jo->Ya,2,continue,1,4,0.25
watershed_x_landform,B_830304_42_LF_3030101,荒川 / basin 42 / 氾濫平野・海岸平野,all_land_use,Jo->Ya,2,drop,2,4,0.5
watershed_x_landform,B_830304_42_LF_3030101,荒川 / basin 42 / 氾濫平野・海岸平野,all_land_use,Jo->Ya,2,new,1,4,0.25
watershed_x_landform,B_830304_42_LF_3030101,荒川 / basin 42 / 氾濫平野・海岸平野,all_land_use,Ko->Na,4,continue,2,2,1
watershed_x_landform,B_830304_42_LF_3030101,荒川 / basin 42 / 氾濫平野・海岸平野,all_land_use,Ko->Na,4,drop,0,2,0
watershed_x_landform,B_830304_42_LF_3030101,荒川 / basin 42 / 氾濫平野・海岸平野,all_land_use,Ko->Na,4,new,0,2,0
watershed_x_landform,B_830304_42_LF_3030101,荒川 / basin 42 / 氾濫平野・海岸平野,all_land_use,Na->He,5,continue,2,2,1
watershed_x_landform,B_830304_42_LF_3030101,荒川 / basin 42 / 氾濫平野・海岸平野,all_land_use,Na->He,5,drop,0,2,0
watershed_x_landform,B_830304_42_LF_3030101,荒川 / basin 42 / 氾濫平野・海岸平野,all_land_use,Na->He,5,new,0,2,0
watershed_x_landform,B_830304_42_LF_3030101,荒川 / basin 42 / 氾濫平野・海岸平野,all_land_use,Pa->Jo,1,continue,0,3,0
watershed_x_landform,B_830304_42_LF_3030101,荒川 / basin 42 / 氾濫平野・海岸平野,all_land_use,Pa->Jo,1,drop,0,3,0
watershed_x_landform,B_830304_42_LF_3030101,荒川 / basin 42 / 氾濫平野・海岸平野,all_land_use,Pa->Jo,1,new,3,3,1
watershed_x_landform,B_830304_42_LF_3030101,荒川 / basin 42 / 氾濫平野・海岸平野,all_land_use,Ya->Ko,3,continue,1,3,0.3333333333333333
watershed_x_landform,B_830304_42_LF_3030101,荒川 / basin 42 / 氾濫平野・海岸平野,all_land_use,Ya->Ko,3,drop,1,3,0.3333333333333333
watershed_x_landform,B_830304_42_LF_3030101,荒川 / basin 42 / 氾濫平野・海岸平野,all_land_use,Ya->Ko,3,new,1,3,0.3333333333333333
watershed_x_landform,B_830304_44_LF_3030101,荒川 / basin 44 / 氾濫平野・海岸平野,all_land_use,He->Me,6,continue,1,1,1
watershed_x_landform,B_830304_44_LF_3030101,荒川 / basin 44 / 氾濫平野・海岸平野,all_land_use,He->Me,6,drop,0,1,0
watershed_x_landform,B_830304_44_LF_3030101,荒川 / basin 44 / 氾濫平野・海岸平野,all_land_use,He->Me,6,new,0,1,0
watershed_x_landform,B_830304_44_LF_3030101,荒川 / basin 44 / 氾濫平野・海岸平野,all_land_use,Jo->Ya,2,continue,1,1,1
watershed_x_landform,B_830304_44_LF_3030101,荒川 / basin 44 / 氾濫平野・海岸平野,all_land_use,Jo->Ya,2,drop,0,1,0
watershed_x_landform,B_830304_44_LF_3030101,荒川 / basin 44 / 氾濫平野・海岸平野,all_land_use,Jo->Ya,2,new,0,1,0
watershed_x_landform,B_830304_44_LF_3030101,荒川 / basin 44 / 氾濫平野・海岸平野,all_land_use,Ko->Na,4,continue,0,1,0
watershed_x_landform,B_830304_44_LF_3030101,荒川 / basin 44 / 氾濫平野・海岸平野,all_land_use,Ko->Na,4,drop,1,1,1
watershed_x_landform,B_830304_44_LF_3030101,荒川 / basin 44 / 氾濫平野・海岸平野,all_land_use,Ko->Na,4,new,0,1,0
watershed_x_landform,B_830304_44_LF_3030101,荒川 / basin 44 / 氾濫平野・海岸平野,all_land_use,Na->He,5,continue,0,1,0
watershed_x_landform,B_830304_44_LF_3030101,荒川 / basin 44 / 氾濫平野・海岸平野,all_land_use,Na->He,5,drop,0,1,0
watershed_x_landform,B_830304_44_LF_3030101,荒川 / basin 44 / 氾濫平野・海岸平野,all_land_use,Na->He,5,new,1,1,1
watershed_x_landform,B_830304_44_LF_3030101,荒川 / basin 44 / 氾濫平野・海岸平野,all_land_use,Pa->Jo,1,continue,0,1,0
watershed_x_landform,B_830304_44_LF_3030101,荒川 / basin 44 / 氾濫平野・海岸平野,all_land_use,Pa->Jo,1,drop,0,1,0
watershed_x_landform,B_830304_44_LF_3030101,荒川 / basin 44 / 氾濫平野・海岸平野,all_land_use,Pa->Jo,1,new,1,1,1
watershed_x_landform,B_830304_44_LF_3030101,荒川 / basin 44 / 氾濫平野・海岸平野,all_land_use,Ya->Ko,3,continue,1,1,1
watershed_x_landform,B_830304_44_LF_3030101,荒川 / basin 44 / 氾濫平野・海岸平野,all_land_use,Ya->Ko,3,drop,0,1,0
watershed_x_landform,B_830304_44_LF_3030101,荒川 / basin 44 / 氾濫平野・海岸平野,all_land_use,Ya->Ko,3,new,0,1,0
watershed_x_landform,B_830304_47_LF_10101,荒川 / basin 47 / 山地斜面等,all_land_use,He->Me,6,continue,1,4,0.25
watershed_x_landform,B_830304_47_LF_10101,荒川 / basin 47 / 山地斜面等,all_land_use,He->Me,6,drop,2,4,0.5
watershed_x_landform,B_830304_47_LF_10101,荒川 / basin 47 / 山地斜面等,all_land_use,He->Me,6,new,1,4,0.25
watershed_x_landform,B_830304_47_LF_10101,荒川 / basin 47 / 山地斜面等,all_land_use,Jo->Ya,2,continue,2,16,0.125
watershed_x_landform,B_830304_47_LF_10101,荒川 / basin 47 / 山地斜面等,all_land_use,Jo->Ya,2,drop,14,16,0.875
watershed_x_landform,B_830304_47_LF_10101,荒川 / basin 47 / 山地斜面等,all_land_use,Jo->Ya,2,new,0,16,0
watershed_x_landform,B_830304_47_LF_10101,荒川 / basin 47 / 山地斜面等,all_land_use,Ko->Na,4,continue,1,3,0.3333333333333333
watershed_x_landform,B_830304_47_LF_10101,荒川 / basin 47 / 山地斜面等,all_land_use,Ko->Na,4,drop,1,3,0.3333333333333333
watershed_x_landform,B_830304_47_LF_10101,荒川 / basin 47 / 山地斜面等,all_land_use,Ko->Na,4,new,1,3,0.3333333333333333
watershed_x_landform,B_830304_47_LF_10101,荒川 / basin 47 / 山地斜面等,all_land_use,Na->He,5,continue,2,3,0.6666666666666666
watershed_x_landform,B_830304_47_LF_10101,荒川 / basin 47 / 山地斜面等,all_land_use,Na->He,5,drop,0,3,0
watershed_x_landform,B_830304_47_LF_10101,荒川 / basin 47 / 山地斜面等,all_land_use,Na->He,5,new,1,3,0.3333333333333333
watershed_x_landform,B_830304_47_LF_10101,荒川 / basin 47 / 山地斜面等,all_land_use,Pa->Jo,1,continue,8,17,0.47058823529411764
watershed_x_landform,B_830304_47_LF_10101,荒川 / basin 47 / 山地斜面等,all_land_use,Pa->Jo,1,drop,1,17,0.058823529411764705
watershed_x_landform,B_830304_47_LF_10101,荒川 / basin 47 / 山地斜面等,all_land_use,Pa->Jo,1,new,8,17,0.47058823529411764
watershed_x_landform,B_830304_47_LF_10101,荒川 / basin 47 / 山地斜面等,all_land_use,Ya->Ko,3,continue,1,3,0.3333333333333333
watershed_x_landform,B_830304_47_LF_10101,荒川 / basin 47 / 山地斜面等,all_land_use,Ya->Ko,3,drop,1,3,0.3333333333333333
watershed_x_landform,B_830304_47_LF_10101,荒川 / basin 47 / 山地斜面等,all_land_use,Ya->Ko,3,new,1,3,0.3333333333333333
watershed_x_landform,B_830304_47_LF_10314,荒川 / basin 47 / 台地・段丘,all_land_use,He->Me,6,continue,3,14,0.21428571428571427
watershed_x_landform,B_830304_47_LF_10314,荒川 / basin 47 / 台地・段丘,all_land_use,He->Me,6,drop,8,14,0.5714285714285714
watershed_x_landform,B_830304_47_LF_10314,荒川 / basin 47 / 台地・段丘,all_land_use,He->Me,6,new,3,14,0.21428571428571427
watershed_x_landform,B_830304_47_LF_10314,荒川 / basin 47 / 台地・段丘,all_land_use,Jo->Ya,2,continue,13,37,0.35135135135135137
watershed_x_landform,B_830304_47_LF_10314,荒川 / basin 47 / 台地・段丘,all_land_use,Jo->Ya,2,drop,23,37,0.6216216216216216
watershed_x_landform,B_830304_47_LF_10314,荒川 / basin 47 / 台地・段丘,all_land_use,Jo->Ya,2,new,1,37,0.02702702702702703
watershed_x_landform,B_830304_47_LF_10314,荒川 / basin 47 / 台地・段丘,all_land_use,Ko->Na,4,continue,3,12,0.25
watershed_x_landform,B_830304_47_LF_10314,荒川 / basin 47 / 台地・段丘,all_land_use,Ko->Na,4,drop,6,12,0.5
watershed_x_landform,B_830304_47_LF_10314,荒川 / basin 47 / 台地・段丘,all_land_use,Ko->Na,4,new,3,12,0.25
watershed_x_landform,B_830304_47_LF_10314,荒川 / basin 47 / 台地・段丘,all_land_use,Na->He,5,continue,6,11,0.5454545454545454
watershed_x_landform,B_830304_47_LF_10314,荒川 / basin 47 / 台地・段丘,all_land_use,Na->He,5,drop,0,11,0
watershed_x_landform,B_830304_47_LF_10314,荒川 / basin 47 / 台地・段丘,all_land_use,Na->He,5,new,5,11,0.45454545454545453
watershed_x_landform,B_830304_47_LF_10314,荒川 / basin 47 / 台地・段丘,all_land_use,Pa->Jo,1,continue,23,38,0.6052631578947368
watershed_x_landform,B_830304_47_LF_10314,荒川 / basin 47 / 台地・段丘,all_land_use,Pa->Jo,1,drop,2,38,0.05263157894736842
watershed_x_landform,B_830304_47_LF_10314,荒川 / basin 47 / 台地・段丘,all_land_use,Pa->Jo,1,new,13,38,0.34210526315789475
watershed_x_landform,B_830304_47_LF_10314,荒川 / basin 47 / 台地・段丘,all_land_use,Ya->Ko,3,continue,7,16,0.4375
watershed_x_landform,B_830304_47_LF_10314,荒川 / basin 47 / 台地・段丘,all_land_use,Ya->Ko,3,drop,7,16,0.4375
watershed_x_landform,B_830304_47_LF_10314,荒川 / basin 47 / 台地・段丘,all_land_use,Ya->Ko,3,new,2,16,0.125
watershed_x_landform,B_830304_47_LF_10601,荒川 / basin 47 / 凹地・浅い谷,all_land_use,Jo->Ya,2,continue,0,3,0
watershed_x_landform,B_830304_47_LF_10601,荒川 / basin 47 / 凹地・浅い谷,all_land_use,Jo->Ya,2,drop,3,3,1
watershed_x_landform,B_830304_47_LF_10601,荒川 / basin 47 / 凹地・浅い谷,all_land_use,Jo->Ya,2,new,0,3,0
watershed_x_landform,B_830304_47_LF_10601,荒川 / basin 47 / 凹地・浅い谷,all_land_use,Pa->Jo,1,continue,3,3,1
watershed_x_landform,B_830304_47_LF_10601,荒川 / basin 47 / 凹地・浅い谷,all_land_use,Pa->Jo,1,drop,0,3,0
watershed_x_landform,B_830304_47_LF_10601,荒川 / basin 47 / 凹地・浅い谷,all_land_use,Pa->Jo,1,new,0,3,0
watershed_x_landform,B_830304_47_LF_10701,荒川 / basin 47 / 氾濫平野・海岸平野,all_land_use,Jo->Ya,2,continue,1,3,0.3333333333333333
watershed_x_landform,B_830304_47_LF_10701,荒川 / basin 47 / 氾濫平野・海岸平野,all_land_use,Jo->Ya,2,drop,2,3,0.6666666666666666
watershed_x_landform,B_830304_47_LF_10701,荒川 / basin 47 / 氾濫平野・海岸平野,all_land_use,Jo->Ya,2,new,0,3,0
watershed_x_landform,B_830304_47_LF_10701,荒川 / basin 47 / 氾濫平野・海岸平野,all_land_use,Pa->Jo,1,continue,1,3,0.3333333333333333
watershed_x_landform,B_830304_47_LF_10701,荒川 / basin 47 / 氾濫平野・海岸平野,all_land_use,Pa->Jo,1,drop,0,3,0
watershed_x_landform,B_830304_47_LF_10701,荒川 / basin 47 / 氾濫平野・海岸平野,all_land_use,Pa->Jo,1,new,2,3,0.6666666666666666
watershed_x_landform,B_830304_47_LF_10701,荒川 / basin 47 / 氾濫平野・海岸平野,all_land_use,Ya->Ko,3,continue,0,1,0
watershed_x_landform,B_830304_47_LF_10701,荒川 / basin 47 / 氾濫平野・海岸平野,all_land_use,Ya->Ko,3,drop,1,1,1
watershed_x_landform,B_830304_47_LF_10701,荒川 / basin 47 / 氾濫平野・海岸平野,all_land_use,Ya->Ko,3,new,0,1,0
watershed_x_landform,B_830304_51_LF_1010101,荒川 / basin 51 / 山地斜面等,all_land_use,He->Me,6,continue,1,2,0.5
watershed_x_landform,B_830304_51_LF_1010101,荒川 / basin 51 / 山地斜面等,all_land_use,He->Me,6,drop,1,2,0.5
watershed_x_landform,B_830304_51_LF_1010101,荒川 / basin 51 / 山地斜面等,all_land_use,He->Me,6,new,0,2,0
watershed_x_landform,B_830304_51_LF_1010101,荒川 / basin 51 / 山地斜面等,all_land_use,Jo->Ya,2,continue,3,3,1
watershed_x_landform,B_830304_51_LF_1010101,荒川 / basin 51 / 山地斜面等,all_land_use,Jo->Ya,2,drop,0,3,0
watershed_x_landform,B_830304_51_LF_1010101,荒川 / basin 51 / 山地斜面等,all_land_use,Jo->Ya,2,new,0,3,0
watershed_x_landform,B_830304_51_LF_1010101,荒川 / basin 51 / 山地斜面等,all_land_use,Ko->Na,4,continue,2,2,1
watershed_x_landform,B_830304_51_LF_1010101,荒川 / basin 51 / 山地斜面等,all_land_use,Ko->Na,4,drop,0,2,0
watershed_x_landform,B_830304_51_LF_1010101,荒川 / basin 51 / 山地斜面等,all_land_use,Ko->Na,4,new,0,2,0
watershed_x_landform,B_830304_51_LF_1010101,荒川 / basin 51 / 山地斜面等,all_land_use,Na->He,5,continue,2,2,1
watershed_x_landform,B_830304_51_LF_1010101,荒川 / basin 51 / 山地斜面等,all_land_use,Na->He,5,drop,0,2,0
watershed_x_landform,B_830304_51_LF_1010101,荒川 / basin 51 / 山地斜面等,all_land_use,Na->He,5,new,0,2,0
watershed_x_landform,B_830304_51_LF_1010101,荒川 / basin 51 / 山地斜面等,all_land_use,Pa->Jo,1,continue,1,3,0.3333333333333333
watershed_x_landform,B_830304_51_LF_1010101,荒川 / basin 51 / 山地斜面等,all_land_use,Pa->Jo,1,drop,0,3,0
watershed_x_landform,B_830304_51_LF_1010101,荒川 / basin 51 / 山地斜面等,all_land_use,Pa->Jo,1,new,2,3,0.6666666666666666
watershed_x_landform,B_830304_51_LF_1010101,荒川 / basin 51 / 山地斜面等,all_land_use,Ya->Ko,3,continue,2,3,0.6666666666666666
watershed_x_landform,B_830304_51_LF_1010101,荒川 / basin 51 / 山地斜面等,all_land_use,Ya->Ko,3,drop,1,3,0.3333333333333333
watershed_x_landform,B_830304_51_LF_1010101,荒川 / basin 51 / 山地斜面等,all_land_use,Ya->Ko,3,new,0,3,0
watershed_x_landform,B_830304_51_LF_2010101,荒川 / basin 51 / 台地・段丘,all_land_use,He->Me,6,continue,2,2,1
watershed_x_landform,B_830304_51_LF_2010101,荒川 / basin 51 / 台地・段丘,all_land_use,He->Me,6,drop,0,2,0
watershed_x_landform,B_830304_51_LF_2010101,荒川 / basin 51 / 台地・段丘,all_land_use,He->Me,6,new,0,2,0
watershed_x_landform,B_830304_51_LF_2010101,荒川 / basin 51 / 台地・段丘,all_land_use,Jo->Ya,2,continue,1,4,0.25
watershed_x_landform,B_830304_51_LF_2010101,荒川 / basin 51 / 台地・段丘,all_land_use,Jo->Ya,2,drop,3,4,0.75
watershed_x_landform,B_830304_51_LF_2010101,荒川 / basin 51 / 台地・段丘,all_land_use,Jo->Ya,2,new,0,4,0
watershed_x_landform,B_830304_51_LF_2010101,荒川 / basin 51 / 台地・段丘,all_land_use,Ko->Na,4,continue,0,2,0
watershed_x_landform,B_830304_51_LF_2010101,荒川 / basin 51 / 台地・段丘,all_land_use,Ko->Na,4,drop,0,2,0
watershed_x_landform,B_830304_51_LF_2010101,荒川 / basin 51 / 台地・段丘,all_land_use,Ko->Na,4,new,2,2,1
watershed_x_landform,B_830304_51_LF_2010101,荒川 / basin 51 / 台地・段丘,all_land_use,Na->He,5,continue,2,2,1
watershed_x_landform,B_830304_51_LF_2010101,荒川 / basin 51 / 台地・段丘,all_land_use,Na->He,5,drop,0,2,0
watershed_x_landform,B_830304_51_LF_2010101,荒川 / basin 51 / 台地・段丘,all_land_use,Na->He,5,new,0,2,0
watershed_x_landform,B_830304_51_LF_2010101,荒川 / basin 51 / 台地・段丘,all_land_use,Pa->Jo,1,continue,1,4,0.25
watershed_x_landform,B_830304_51_LF_2010101,荒川 / basin 51 / 台地・段丘,all_land_use,Pa->Jo,1,drop,0,4,0
watershed_x_landform,B_830304_51_LF_2010101,荒川 / basin 51 / 台地・段丘,all_land_use,Pa->Jo,1,new,3,4,0.75
watershed_x_landform,B_830304_51_LF_2010101,荒川 / basin 51 / 台地・段丘,all_land_use,Ya->Ko,3,continue,0,1,0
watershed_x_landform,B_830304_51_LF_2010101,荒川 / basin 51 / 台地・段丘,all_land_use,Ya->Ko,3,drop,1,1,1
watershed_x_landform,B_830304_51_LF_2010101,荒川 / basin 51 / 台地・段丘,all_land_use,Ya->Ko,3,new,0,1,0
watershed_x_landform,B_830304_52_LF_10101,荒川 / basin 52 / 山地斜面等,all_land_use,He->Me,6,continue,1,2,0.5
watershed_x_landform,B_830304_52_LF_10101,荒川 / basin 52 / 山地斜面等,all_land_use,He->Me,6,drop,1,2,0.5
watershed_x_landform,B_830304_52_LF_10101,荒川 / basin 52 / 山地斜面等,all_land_use,He->Me,6,new,0,2,0
watershed_x_landform,B_830304_52_LF_10101,荒川 / basin 52 / 山地斜面等,all_land_use,Jo->Ya,2,continue,5,8,0.625
watershed_x_landform,B_830304_52_LF_10101,荒川 / basin 52 / 山地斜面等,all_land_use,Jo->Ya,2,drop,3,8,0.375
watershed_x_landform,B_830304_52_LF_10101,荒川 / basin 52 / 山地斜面等,all_land_use,Jo->Ya,2,new,0,8,0
watershed_x_landform,B_830304_52_LF_10101,荒川 / basin 52 / 山地斜面等,all_land_use,Ko->Na,4,continue,2,4,0.5
watershed_x_landform,B_830304_52_LF_10101,荒川 / basin 52 / 山地斜面等,all_land_use,Ko->Na,4,drop,1,4,0.25
watershed_x_landform,B_830304_52_LF_10101,荒川 / basin 52 / 山地斜面等,all_land_use,Ko->Na,4,new,1,4,0.25
watershed_x_landform,B_830304_52_LF_10101,荒川 / basin 52 / 山地斜面等,all_land_use,Na->He,5,continue,2,3,0.6666666666666666
watershed_x_landform,B_830304_52_LF_10101,荒川 / basin 52 / 山地斜面等,all_land_use,Na->He,5,drop,1,3,0.3333333333333333
watershed_x_landform,B_830304_52_LF_10101,荒川 / basin 52 / 山地斜面等,all_land_use,Na->He,5,new,0,3,0
watershed_x_landform,B_830304_52_LF_10101,荒川 / basin 52 / 山地斜面等,all_land_use,Pa->Jo,1,continue,4,8,0.5
watershed_x_landform,B_830304_52_LF_10101,荒川 / basin 52 / 山地斜面等,all_land_use,Pa->Jo,1,drop,0,8,0
watershed_x_landform,B_830304_52_LF_10101,荒川 / basin 52 / 山地斜面等,all_land_use,Pa->Jo,1,new,4,8,0.5
watershed_x_landform,B_830304_52_LF_10101,荒川 / basin 52 / 山地斜面等,all_land_use,Ya->Ko,3,continue,3,5,0.6
watershed_x_landform,B_830304_52_LF_10101,荒川 / basin 52 / 山地斜面等,all_land_use,Ya->Ko,3,drop,2,5,0.4
watershed_x_landform,B_830304_52_LF_10101,荒川 / basin 52 / 山地斜面等,all_land_use,Ya->Ko,3,new,0,5,0
watershed_x_landform,B_830304_52_LF_1010101,荒川 / basin 52 / 山地斜面等,all_land_use,He->Me,6,continue,1,4,0.25
watershed_x_landform,B_830304_52_LF_1010101,荒川 / basin 52 / 山地斜面等,all_land_use,He->Me,6,drop,1,4,0.25
watershed_x_landform,B_830304_52_LF_1010101,荒川 / basin 52 / 山地斜面等,all_land_use,He->Me,6,new,2,4,0.5
watershed_x_landform,B_830304_52_LF_1010101,荒川 / basin 52 / 山地斜面等,all_land_use,Jo->Ya,2,continue,1,7,0.14285714285714285
watershed_x_landform,B_830304_52_LF_1010101,荒川 / basin 52 / 山地斜面等,all_land_use,Jo->Ya,2,drop,5,7,0.7142857142857143
watershed_x_landform,B_830304_52_LF_1010101,荒川 / basin 52 / 山地斜面等,all_land_use,Jo->Ya,2,new,1,7,0.14285714285714285
watershed_x_landform,B_830304_52_LF_1010101,荒川 / basin 52 / 山地斜面等,all_land_use,Ko->Na,4,continue,2,3,0.6666666666666666
watershed_x_landform,B_830304_52_LF_1010101,荒川 / basin 52 / 山地斜面等,all_land_use,Ko->Na,4,drop,0,3,0
watershed_x_landform,B_830304_52_LF_1010101,荒川 / basin 52 / 山地斜面等,all_land_use,Ko->Na,4,new,1,3,0.3333333333333333
watershed_x_landform,B_830304_52_LF_1010101,荒川 / basin 52 / 山地斜面等,all_land_use,Na->He,5,continue,2,3,0.6666666666666666
watershed_x_landform,B_830304_52_LF_1010101,荒川 / basin 52 / 山地斜面等,all_land_use,Na->He,5,drop,1,3,0.3333333333333333
watershed_x_landform,B_830304_52_LF_1010101,荒川 / basin 52 / 山地斜面等,all_land_use,Na->He,5,new,0,3,0
watershed_x_landform,B_830304_52_LF_1010101,荒川 / basin 52 / 山地斜面等,all_land_use,Pa->Jo,1,continue,0,6,0
watershed_x_landform,B_830304_52_LF_1010101,荒川 / basin 52 / 山地斜面等,all_land_use,Pa->Jo,1,drop,0,6,0
watershed_x_landform,B_830304_52_LF_1010101,荒川 / basin 52 / 山地斜面等,all_land_use,Pa->Jo,1,new,6,6,1
watershed_x_landform,B_830304_52_LF_1010101,荒川 / basin 52 / 山地斜面等,all_land_use,Ya->Ko,3,continue,1,3,0.3333333333333333
watershed_x_landform,B_830304_52_LF_1010101,荒川 / basin 52 / 山地斜面等,all_land_use,Ya->Ko,3,drop,1,3,0.3333333333333333
watershed_x_landform,B_830304_52_LF_1010101,荒川 / basin 52 / 山地斜面等,all_land_use,Ya->Ko,3,new,1,3,0.3333333333333333
watershed_x_landform,B_830304_52_LF_10314,荒川 / basin 52 / 台地・段丘,all_land_use,He->Me,6,continue,1,4,0.25
watershed_x_landform,B_830304_52_LF_10314,荒川 / basin 52 / 台地・段丘,all_land_use,He->Me,6,drop,2,4,0.5
watershed_x_landform,B_830304_52_LF_10314,荒川 / basin 52 / 台地・段丘,all_land_use,He->Me,6,new,1,4,0.25
watershed_x_landform,B_830304_52_LF_10314,荒川 / basin 52 / 台地・段丘,all_land_use,Jo->Ya,2,continue,2,7,0.2857142857142857
watershed_x_landform,B_830304_52_LF_10314,荒川 / basin 52 / 台地・段丘,all_land_use,Jo->Ya,2,drop,5,7,0.7142857142857143
watershed_x_landform,B_830304_52_LF_10314,荒川 / basin 52 / 台地・段丘,all_land_use,Jo->Ya,2,new,0,7,0
watershed_x_landform,B_830304_52_LF_10314,荒川 / basin 52 / 台地・段丘,all_land_use,Ko->Na,4,continue,1,1,1
watershed_x_landform,B_830304_52_LF_10314,荒川 / basin 52 / 台地・段丘,all_land_use,Ko->Na,4,drop,0,1,0
watershed_x_landform,B_830304_52_LF_10314,荒川 / basin 52 / 台地・段丘,all_land_use,Ko->Na,4,new,0,1,0
watershed_x_landform,B_830304_52_LF_10314,荒川 / basin 52 / 台地・段丘,all_land_use,Na->He,5,continue,1,3,0.3333333333333333
watershed_x_landform,B_830304_52_LF_10314,荒川 / basin 52 / 台地・段丘,all_land_use,Na->He,5,drop,0,3,0
watershed_x_landform,B_830304_52_LF_10314,荒川 / basin 52 / 台地・段丘,all_land_use,Na->He,5,new,2,3,0.6666666666666666
watershed_x_landform,B_830304_52_LF_10314,荒川 / basin 52 / 台地・段丘,all_land_use,Pa->Jo,1,continue,2,7,0.2857142857142857
watershed_x_landform,B_830304_52_LF_10314,荒川 / basin 52 / 台地・段丘,all_land_use,Pa->Jo,1,drop,0,7,0
watershed_x_landform,B_830304_52_LF_10314,荒川 / basin 52 / 台地・段丘,all_land_use,Pa->Jo,1,new,5,7,0.7142857142857143
watershed_x_landform,B_830304_52_LF_10314,荒川 / basin 52 / 台地・段丘,all_land_use,Ya->Ko,3,continue,1,2,0.5
watershed_x_landform,B_830304_52_LF_10314,荒川 / basin 52 / 台地・段丘,all_land_use,Ya->Ko,3,drop,1,2,0.5
watershed_x_landform,B_830304_52_LF_10314,荒川 / basin 52 / 台地・段丘,all_land_use,Ya->Ko,3,new,0,2,0
watershed_x_landform,B_830304_52_LF_2010101,荒川 / basin 52 / 台地・段丘,all_land_use,He->Me,6,continue,2,12,0.16666666666666666
watershed_x_landform,B_830304_52_LF_2010101,荒川 / basin 52 / 台地・段丘,all_land_use,He->Me,6,drop,4,12,0.3333333333333333
watershed_x_landform,B_830304_52_LF_2010101,荒川 / basin 52 / 台地・段丘,all_land_use,He->Me,6,new,6,12,0.5
watershed_x_landform,B_830304_52_LF_2010101,荒川 / basin 52 / 台地・段丘,all_land_use,Jo->Ya,2,continue,9,39,0.23076923076923078
watershed_x_landform,B_830304_52_LF_2010101,荒川 / basin 52 / 台地・段丘,all_land_use,Jo->Ya,2,drop,26,39,0.6666666666666666
watershed_x_landform,B_830304_52_LF_2010101,荒川 / basin 52 / 台地・段丘,all_land_use,Jo->Ya,2,new,4,39,0.10256410256410256
watershed_x_landform,B_830304_52_LF_2010101,荒川 / basin 52 / 台地・段丘,all_land_use,Ko->Na,4,continue,6,17,0.35294117647058826
watershed_x_landform,B_830304_52_LF_2010101,荒川 / basin 52 / 台地・段丘,all_land_use,Ko->Na,4,drop,8,17,0.47058823529411764
watershed_x_landform,B_830304_52_LF_2010101,荒川 / basin 52 / 台地・段丘,all_land_use,Ko->Na,4,new,3,17,0.17647058823529413
watershed_x_landform,B_830304_52_LF_2010101,荒川 / basin 52 / 台地・段丘,all_land_use,Na->He,5,continue,4,11,0.36363636363636365
watershed_x_landform,B_830304_52_LF_2010101,荒川 / basin 52 / 台地・段丘,all_land_use,Na->He,5,drop,5,11,0.45454545454545453
watershed_x_landform,B_830304_52_LF_2010101,荒川 / basin 52 / 台地・段丘,all_land_use,Na->He,5,new,2,11,0.18181818181818182
watershed_x_landform,B_830304_52_LF_2010101,荒川 / basin 52 / 台地・段丘,all_land_use,Pa->Jo,1,continue,13,39,0.3333333333333333
watershed_x_landform,B_830304_52_LF_2010101,荒川 / basin 52 / 台地・段丘,all_land_use,Pa->Jo,1,drop,4,39,0.10256410256410256
watershed_x_landform,B_830304_52_LF_2010101,荒川 / basin 52 / 台地・段丘,all_land_use,Pa->Jo,1,new,22,39,0.5641025641025641
watershed_x_landform,B_830304_52_LF_2010101,荒川 / basin 52 / 台地・段丘,all_land_use,Ya->Ko,3,continue,7,20,0.35
watershed_x_landform,B_830304_52_LF_2010101,荒川 / basin 52 / 台地・段丘,all_land_use,Ya->Ko,3,drop,6,20,0.3
watershed_x_landform,B_830304_52_LF_2010101,荒川 / basin 52 / 台地・段丘,all_land_use,Ya->Ko,3,new,7,20,0.35
watershed_x_landform,B_830304_52_LF_3030101,荒川 / basin 52 / 氾濫平野・海岸平野,all_land_use,He->Me,6,continue,1,1,1
watershed_x_landform,B_830304_52_LF_3030101,荒川 / basin 52 / 氾濫平野・海岸平野,all_land_use,He->Me,6,drop,0,1,0
watershed_x_landform,B_830304_52_LF_3030101,荒川 / basin 52 / 氾濫平野・海岸平野,all_land_use,He->Me,6,new,0,1,0
watershed_x_landform,B_830304_52_LF_3030101,荒川 / basin 52 / 氾濫平野・海岸平野,all_land_use,Jo->Ya,2,continue,0,6,0
watershed_x_landform,B_830304_52_LF_3030101,荒川 / basin 52 / 氾濫平野・海岸平野,all_land_use,Jo->Ya,2,drop,6,6,1
watershed_x_landform,B_830304_52_LF_3030101,荒川 / basin 52 / 氾濫平野・海岸平野,all_land_use,Jo->Ya,2,new,0,6,0
watershed_x_landform,B_830304_52_LF_3030101,荒川 / basin 52 / 氾濫平野・海岸平野,all_land_use,Ko->Na,4,continue,2,2,1
watershed_x_landform,B_830304_52_LF_3030101,荒川 / basin 52 / 氾濫平野・海岸平野,all_land_use,Ko->Na,4,drop,0,2,0
watershed_x_landform,B_830304_52_LF_3030101,荒川 / basin 52 / 氾濫平野・海岸平野,all_land_use,Ko->Na,4,new,0,2,0
watershed_x_landform,B_830304_52_LF_3030101,荒川 / basin 52 / 氾濫平野・海岸平野,all_land_use,Na->He,5,continue,1,2,0.5
watershed_x_landform,B_830304_52_LF_3030101,荒川 / basin 52 / 氾濫平野・海岸平野,all_land_use,Na->He,5,drop,1,2,0.5
watershed_x_landform,B_830304_52_LF_3030101,荒川 / basin 52 / 氾濫平野・海岸平野,all_land_use,Na->He,5,new,0,2,0
watershed_x_landform,B_830304_52_LF_3030101,荒川 / basin 52 / 氾濫平野・海岸平野,all_land_use,Pa->Jo,1,continue,0,6,0
watershed_x_landform,B_830304_52_LF_3030101,荒川 / basin 52 / 氾濫平野・海岸平野,all_land_use,Pa->Jo,1,drop,0,6,0
watershed_x_landform,B_830304_52_LF_3030101,荒川 / basin 52 / 氾濫平野・海岸平野,all_land_use,Pa->Jo,1,new,6,6,1
watershed_x_landform,B_830304_52_LF_3030101,荒川 / basin 52 / 氾濫平野・海岸平野,all_land_use,Ya->Ko,3,continue,0,2,0
watershed_x_landform,B_830304_52_LF_3030101,荒川 / basin 52 / 氾濫平野・海岸平野,all_land_use,Ya->Ko,3,drop,0,2,0
watershed_x_landform,B_830304_52_LF_3030101,荒川 / basin 52 / 氾濫平野・海岸平野,all_land_use,Ya->Ko,3,new,2,2,1
watershed_x_landform,B_830304_52_LF_3030201,荒川 / basin 52 / 後背低地・湿地,all_land_use,He->Me,6,continue,0,2,0
watershed_x_landform,B_830304_52_LF_3030201,荒川 / basin 52 / 後背低地・湿地,all_land_use,He->Me,6,drop,1,2,0.5
watershed_x_landform,B_830304_52_LF_3030201,荒川 / basin 52 / 後背低地・湿地,all_land_use,He->Me,6,new,1,2,0.5
watershed_x_landform,B_830304_52_LF_3030201,荒川 / basin 52 / 後背低地・湿地,all_land_use,Jo->Ya,2,continue,0,1,0
watershed_x_landform,B_830304_52_LF_3030201,荒川 / basin 52 / 後背低地・湿地,all_land_use,Jo->Ya,2,drop,1,1,1
watershed_x_landform,B_830304_52_LF_3030201,荒川 / basin 52 / 後背低地・湿地,all_land_use,Jo->Ya,2,new,0,1,0
watershed_x_landform,B_830304_52_LF_3030201,荒川 / basin 52 / 後背低地・湿地,all_land_use,Na->He,5,continue,0,1,0
watershed_x_landform,B_830304_52_LF_3030201,荒川 / basin 52 / 後背低地・湿地,all_land_use,Na->He,5,drop,0,1,0
watershed_x_landform,B_830304_52_LF_3030201,荒川 / basin 52 / 後背低地・湿地,all_land_use,Na->He,5,new,1,1,1
watershed_x_landform,B_830304_52_LF_3030201,荒川 / basin 52 / 後背低地・湿地,all_land_use,Pa->Jo,1,continue,0,1,0
watershed_x_landform,B_830304_52_LF_3030201,荒川 / basin 52 / 後背低地・湿地,all_land_use,Pa->Jo,1,drop,0,1,0
watershed_x_landform,B_830304_52_LF_3030201,荒川 / basin 52 / 後背低地・湿地,all_land_use,Pa->Jo,1,new,1,1,1
watershed_x_landform,B_830304_52_LF_5010201,荒川 / basin 52 / 水部,all_land_use,Jo->Ya,2,continue,0,1,0
watershed_x_landform,B_830304_52_LF_5010201,荒川 / basin 52 / 水部,all_land_use,Jo->Ya,2,drop,1,1,1
watershed_x_landform,B_830304_52_LF_5010201,荒川 / basin 52 / 水部,all_land_use,Jo->Ya,2,new,0,1,0
watershed_x_landform,B_830304_52_LF_5010201,荒川 / basin 52 / 水部,all_land_use,Pa->Jo,1,continue,0,1,0
watershed_x_landform,B_830304_52_LF_5010201,荒川 / basin 52 / 水部,all_land_use,Pa->Jo,1,drop,0,1,0
watershed_x_landform,B_830304_52_LF_5010201,荒川 / basin 52 / 水部,all_land_use,Pa->Jo,1,new,1,1,1
watershed_x_landform,B_830304_53_LF_10101,荒川 / basin 53 / 山地斜面等,all_land_use,He->Me,6,continue,0,2,0
watershed_x_landform,B_830304_53_LF_10101,荒川 / basin 53 / 山地斜面等,all_land_use,He->Me,6,drop,2,2,1
watershed_x_landform,B_830304_53_LF_10101,荒川 / basin 53 / 山地斜面等,all_land_use,He->Me,6,new,0,2,0
watershed_x_landform,B_830304_53_LF_10101,荒川 / basin 53 / 山地斜面等,all_land_use,Jo->Ya,2,continue,2,2,1
watershed_x_landform,B_830304_53_LF_10101,荒川 / basin 53 / 山地斜面等,all_land_use,Jo->Ya,2,drop,0,2,0
watershed_x_landform,B_830304_53_LF_10101,荒川 / basin 53 / 山地斜面等,all_land_use,Jo->Ya,2,new,0,2,0
watershed_x_landform,B_830304_53_LF_10101,荒川 / basin 53 / 山地斜面等,all_land_use,Ko->Na,4,continue,3,3,1
watershed_x_landform,B_830304_53_LF_10101,荒川 / basin 53 / 山地斜面等,all_land_use,Ko->Na,4,drop,0,3,0
watershed_x_landform,B_830304_53_LF_10101,荒川 / basin 53 / 山地斜面等,all_land_use,Ko->Na,4,new,0,3,0
watershed_x_landform,B_830304_53_LF_10101,荒川 / basin 53 / 山地斜面等,all_land_use,Na->He,5,continue,2,3,0.6666666666666666
watershed_x_landform,B_830304_53_LF_10101,荒川 / basin 53 / 山地斜面等,all_land_use,Na->He,5,drop,1,3,0.3333333333333333
watershed_x_landform,B_830304_53_LF_10101,荒川 / basin 53 / 山地斜面等,all_land_use,Na->He,5,new,0,3,0
watershed_x_landform,B_830304_53_LF_10101,荒川 / basin 53 / 山地斜面等,all_land_use,Pa->Jo,1,continue,2,3,0.6666666666666666
watershed_x_landform,B_830304_53_LF_10101,荒川 / basin 53 / 山地斜面等,all_land_use,Pa->Jo,1,drop,1,3,0.3333333333333333
watershed_x_landform,B_830304_53_LF_10101,荒川 / basin 53 / 山地斜面等,all_land_use,Pa->Jo,1,new,0,3,0
watershed_x_landform,B_830304_53_LF_10101,荒川 / basin 53 / 山地斜面等,all_land_use,Ya->Ko,3,continue,2,3,0.6666666666666666
watershed_x_landform,B_830304_53_LF_10101,荒川 / basin 53 / 山地斜面等,all_land_use,Ya->Ko,3,drop,0,3,0
watershed_x_landform,B_830304_53_LF_10101,荒川 / basin 53 / 山地斜面等,all_land_use,Ya->Ko,3,new,1,3,0.3333333333333333
watershed_x_landform,B_830304_53_LF_10314,荒川 / basin 53 / 台地・段丘,all_land_use,He->Me,6,continue,0,1,0
watershed_x_landform,B_830304_53_LF_10314,荒川 / basin 53 / 台地・段丘,all_land_use,He->Me,6,drop,0,1,0
watershed_x_landform,B_830304_53_LF_10314,荒川 / basin 53 / 台地・段丘,all_land_use,He->Me,6,new,1,1,1
watershed_x_landform,B_830304_53_LF_10314,荒川 / basin 53 / 台地・段丘,all_land_use,Jo->Ya,2,continue,3,4,0.75
watershed_x_landform,B_830304_53_LF_10314,荒川 / basin 53 / 台地・段丘,all_land_use,Jo->Ya,2,drop,0,4,0
watershed_x_landform,B_830304_53_LF_10314,荒川 / basin 53 / 台地・段丘,all_land_use,Jo->Ya,2,new,1,4,0.25
watershed_x_landform,B_830304_53_LF_10314,荒川 / basin 53 / 台地・段丘,all_land_use,Ko->Na,4,continue,1,3,0.3333333333333333
watershed_x_landform,B_830304_53_LF_10314,荒川 / basin 53 / 台地・段丘,all_land_use,Ko->Na,4,drop,2,3,0.6666666666666666
watershed_x_landform,B_830304_53_LF_10314,荒川 / basin 53 / 台地・段丘,all_land_use,Ko->Na,4,new,0,3,0
watershed_x_landform,B_830304_53_LF_10314,荒川 / basin 53 / 台地・段丘,all_land_use,Na->He,5,continue,0,1,0
watershed_x_landform,B_830304_53_LF_10314,荒川 / basin 53 / 台地・段丘,all_land_use,Na->He,5,drop,1,1,1
watershed_x_landform,B_830304_53_LF_10314,荒川 / basin 53 / 台地・段丘,all_land_use,Na->He,5,new,0,1,0
watershed_x_landform,B_830304_53_LF_10314,荒川 / basin 53 / 台地・段丘,all_land_use,Pa->Jo,1,continue,3,3,1
watershed_x_landform,B_830304_53_LF_10314,荒川 / basin 53 / 台地・段丘,all_land_use,Pa->Jo,1,drop,0,3,0
watershed_x_landform,B_830304_53_LF_10314,荒川 / basin 53 / 台地・段丘,all_land_use,Pa->Jo,1,new,0,3,0
watershed_x_landform,B_830304_53_LF_10314,荒川 / basin 53 / 台地・段丘,all_land_use,Ya->Ko,3,continue,3,4,0.75
watershed_x_landform,B_830304_53_LF_10314,荒川 / basin 53 / 台地・段丘,all_land_use,Ya->Ko,3,drop,1,4,0.25
watershed_x_landform,B_830304_53_LF_10314,荒川 / basin 53 / 台地・段丘,all_land_use,Ya->Ko,3,new,0,4,0
watershed_x_landform,B_830304_54_LF_10101,荒川 / basin 54 / 山地斜面等,all_land_use,He->Me,6,continue,0,2,0
watershed_x_landform,B_830304_54_LF_10101,荒川 / basin 54 / 山地斜面等,all_land_use,He->Me,6,drop,2,2,1
watershed_x_landform,B_830304_54_LF_10101,荒川 / basin 54 / 山地斜面等,all_land_use,He->Me,6,new,0,2,0
watershed_x_landform,B_830304_54_LF_10101,荒川 / basin 54 / 山地斜面等,all_land_use,Jo->Ya,2,continue,2,23,0.08695652173913043
watershed_x_landform,B_830304_54_LF_10101,荒川 / basin 54 / 山地斜面等,all_land_use,Jo->Ya,2,drop,20,23,0.8695652173913043
watershed_x_landform,B_830304_54_LF_10101,荒川 / basin 54 / 山地斜面等,all_land_use,Jo->Ya,2,new,1,23,0.043478260869565216
watershed_x_landform,B_830304_54_LF_10101,荒川 / basin 54 / 山地斜面等,all_land_use,Ko->Na,4,continue,1,9,0.1111111111111111
watershed_x_landform,B_830304_54_LF_10101,荒川 / basin 54 / 山地斜面等,all_land_use,Ko->Na,4,drop,6,9,0.6666666666666666
watershed_x_landform,B_830304_54_LF_10101,荒川 / basin 54 / 山地斜面等,all_land_use,Ko->Na,4,new,2,9,0.2222222222222222
watershed_x_landform,B_830304_54_LF_10101,荒川 / basin 54 / 山地斜面等,all_land_use,Na->He,5,continue,2,3,0.6666666666666666
watershed_x_landform,B_830304_54_LF_10101,荒川 / basin 54 / 山地斜面等,all_land_use,Na->He,5,drop,1,3,0.3333333333333333
watershed_x_landform,B_830304_54_LF_10101,荒川 / basin 54 / 山地斜面等,all_land_use,Na->He,5,new,0,3,0
watershed_x_landform,B_830304_54_LF_10101,荒川 / basin 54 / 山地斜面等,all_land_use,Pa->Jo,1,continue,4,23,0.17391304347826086
watershed_x_landform,B_830304_54_LF_10101,荒川 / basin 54 / 山地斜面等,all_land_use,Pa->Jo,1,drop,1,23,0.043478260869565216
watershed_x_landform,B_830304_54_LF_10101,荒川 / basin 54 / 山地斜面等,all_land_use,Pa->Jo,1,new,18,23,0.782608695652174
watershed_x_landform,B_830304_54_LF_10101,荒川 / basin 54 / 山地斜面等,all_land_use,Ya->Ko,3,continue,0,10,0
watershed_x_landform,B_830304_54_LF_10101,荒川 / basin 54 / 山地斜面等,all_land_use,Ya->Ko,3,drop,3,10,0.3
watershed_x_landform,B_830304_54_LF_10101,荒川 / basin 54 / 山地斜面等,all_land_use,Ya->Ko,3,new,7,10,0.7
watershed_x_landform,B_830304_54_LF_10314,荒川 / basin 54 / 台地・段丘,all_land_use,He->Me,6,continue,0,5,0
watershed_x_landform,B_830304_54_LF_10314,荒川 / basin 54 / 台地・段丘,all_land_use,He->Me,6,drop,4,5,0.8
watershed_x_landform,B_830304_54_LF_10314,荒川 / basin 54 / 台地・段丘,all_land_use,He->Me,6,new,1,5,0.2
watershed_x_landform,B_830304_54_LF_10314,荒川 / basin 54 / 台地・段丘,all_land_use,Jo->Ya,2,continue,5,23,0.21739130434782608
watershed_x_landform,B_830304_54_LF_10314,荒川 / basin 54 / 台地・段丘,all_land_use,Jo->Ya,2,drop,18,23,0.782608695652174
watershed_x_landform,B_830304_54_LF_10314,荒川 / basin 54 / 台地・段丘,all_land_use,Jo->Ya,2,new,0,23,0
watershed_x_landform,B_830304_54_LF_10314,荒川 / basin 54 / 台地・段丘,all_land_use,Ko->Na,4,continue,1,10,0.1
watershed_x_landform,B_830304_54_LF_10314,荒川 / basin 54 / 台地・段丘,all_land_use,Ko->Na,4,drop,5,10,0.5
watershed_x_landform,B_830304_54_LF_10314,荒川 / basin 54 / 台地・段丘,all_land_use,Ko->Na,4,new,4,10,0.4
watershed_x_landform,B_830304_54_LF_10314,荒川 / basin 54 / 台地・段丘,all_land_use,Na->He,5,continue,4,5,0.8
watershed_x_landform,B_830304_54_LF_10314,荒川 / basin 54 / 台地・段丘,all_land_use,Na->He,5,drop,1,5,0.2
watershed_x_landform,B_830304_54_LF_10314,荒川 / basin 54 / 台地・段丘,all_land_use,Na->He,5,new,0,5,0
watershed_x_landform,B_830304_54_LF_10314,荒川 / basin 54 / 台地・段丘,all_land_use,Pa->Jo,1,continue,5,24,0.20833333333333334
watershed_x_landform,B_830304_54_LF_10314,荒川 / basin 54 / 台地・段丘,all_land_use,Pa->Jo,1,drop,1,24,0.041666666666666664
watershed_x_landform,B_830304_54_LF_10314,荒川 / basin 54 / 台地・段丘,all_land_use,Pa->Jo,1,new,18,24,0.75
watershed_x_landform,B_830304_54_LF_10314,荒川 / basin 54 / 台地・段丘,all_land_use,Ya->Ko,3,continue,3,8,0.375
watershed_x_landform,B_830304_54_LF_10314,荒川 / basin 54 / 台地・段丘,all_land_use,Ya->Ko,3,drop,2,8,0.25
watershed_x_landform,B_830304_54_LF_10314,荒川 / basin 54 / 台地・段丘,all_land_use,Ya->Ko,3,new,3,8,0.375
watershed_x_landform,B_830304_54_LF_10601,荒川 / basin 54 / 凹地・浅い谷,all_land_use,Jo->Ya,2,continue,0,4,0
watershed_x_landform,B_830304_54_LF_10601,荒川 / basin 54 / 凹地・浅い谷,all_land_use,Jo->Ya,2,drop,4,4,1
watershed_x_landform,B_830304_54_LF_10601,荒川 / basin 54 / 凹地・浅い谷,all_land_use,Jo->Ya,2,new,0,4,0
watershed_x_landform,B_830304_54_LF_10601,荒川 / basin 54 / 凹地・浅い谷,all_land_use,Ko->Na,4,continue,0,1,0
watershed_x_landform,B_830304_54_LF_10601,荒川 / basin 54 / 凹地・浅い谷,all_land_use,Ko->Na,4,drop,1,1,1
watershed_x_landform,B_830304_54_LF_10601,荒川 / basin 54 / 凹地・浅い谷,all_land_use,Ko->Na,4,new,0,1,0
watershed_x_landform,B_830304_54_LF_10601,荒川 / basin 54 / 凹地・浅い谷,all_land_use,Pa->Jo,1,continue,0,4,0
watershed_x_landform,B_830304_54_LF_10601,荒川 / basin 54 / 凹地・浅い谷,all_land_use,Pa->Jo,1,drop,0,4,0
watershed_x_landform,B_830304_54_LF_10601,荒川 / basin 54 / 凹地・浅い谷,all_land_use,Pa->Jo,1,new,4,4,1
watershed_x_landform,B_830304_54_LF_10601,荒川 / basin 54 / 凹地・浅い谷,all_land_use,Ya->Ko,3,continue,0,1,0
watershed_x_landform,B_830304_54_LF_10601,荒川 / basin 54 / 凹地・浅い谷,all_land_use,Ya->Ko,3,drop,0,1,0
watershed_x_landform,B_830304_54_LF_10601,荒川 / basin 54 / 凹地・浅い谷,all_land_use,Ya->Ko,3,new,1,1,1
watershed_x_landform,B_830304_54_LF_10701,荒川 / basin 54 / 氾濫平野・海岸平野,all_land_use,Jo->Ya,2,continue,0,6,0
watershed_x_landform,B_830304_54_LF_10701,荒川 / basin 54 / 氾濫平野・海岸平野,all_land_use,Jo->Ya,2,drop,5,6,0.8333333333333334
watershed_x_landform,B_830304_54_LF_10701,荒川 / basin 54 / 氾濫平野・海岸平野,all_land_use,Jo->Ya,2,new,1,6,0.16666666666666666
watershed_x_landform,B_830304_54_LF_10701,荒川 / basin 54 / 氾濫平野・海岸平野,all_land_use,Ko->Na,4,continue,0,2,0
watershed_x_landform,B_830304_54_LF_10701,荒川 / basin 54 / 氾濫平野・海岸平野,all_land_use,Ko->Na,4,drop,2,2,1
watershed_x_landform,B_830304_54_LF_10701,荒川 / basin 54 / 氾濫平野・海岸平野,all_land_use,Ko->Na,4,new,0,2,0
watershed_x_landform,B_830304_54_LF_10701,荒川 / basin 54 / 氾濫平野・海岸平野,all_land_use,Pa->Jo,1,continue,0,5,0
watershed_x_landform,B_830304_54_LF_10701,荒川 / basin 54 / 氾濫平野・海岸平野,all_land_use,Pa->Jo,1,drop,0,5,0
watershed_x_landform,B_830304_54_LF_10701,荒川 / basin 54 / 氾濫平野・海岸平野,all_land_use,Pa->Jo,1,new,5,5,1
watershed_x_landform,B_830304_54_LF_10701,荒川 / basin 54 / 氾濫平野・海岸平野,all_land_use,Ya->Ko,3,continue,0,3,0
watershed_x_landform,B_830304_54_LF_10701,荒川 / basin 54 / 氾濫平野・海岸平野,all_land_use,Ya->Ko,3,drop,1,3,0.3333333333333333
watershed_x_landform,B_830304_54_LF_10701,荒川 / basin 54 / 氾濫平野・海岸平野,all_land_use,Ya->Ko,3,new,2,3,0.6666666666666666
watershed_x_landform,B_830304_55_LF_2010101,荒川 / basin 55 / 台地・段丘,all_land_use,He->Me,6,continue,2,8,0.25
watershed_x_landform,B_830304_55_LF_2010101,荒川 / basin 55 / 台地・段丘,all_land_use,He->Me,6,drop,5,8,0.625
watershed_x_landform,B_830304_55_LF_2010101,荒川 / basin 55 / 台地・段丘,all_land_use,He->Me,6,new,1,8,0.125
watershed_x_landform,B_830304_55_LF_2010101,荒川 / basin 55 / 台地・段丘,all_land_use,Jo->Ya,2,continue,18,26,0.6923076923076923
watershed_x_landform,B_830304_55_LF_2010101,荒川 / basin 55 / 台地・段丘,all_land_use,Jo->Ya,2,drop,7,26,0.2692307692307692
watershed_x_landform,B_830304_55_LF_2010101,荒川 / basin 55 / 台地・段丘,all_land_use,Jo->Ya,2,new,1,26,0.038461538461538464
watershed_x_landform,B_830304_55_LF_2010101,荒川 / basin 55 / 台地・段丘,all_land_use,Ko->Na,4,continue,5,20,0.25
watershed_x_landform,B_830304_55_LF_2010101,荒川 / basin 55 / 台地・段丘,all_land_use,Ko->Na,4,drop,15,20,0.75
watershed_x_landform,B_830304_55_LF_2010101,荒川 / basin 55 / 台地・段丘,all_land_use,Ko->Na,4,new,0,20,0
watershed_x_landform,B_830304_55_LF_2010101,荒川 / basin 55 / 台地・段丘,all_land_use,Na->He,5,continue,5,7,0.7142857142857143
watershed_x_landform,B_830304_55_LF_2010101,荒川 / basin 55 / 台地・段丘,all_land_use,Na->He,5,drop,0,7,0
watershed_x_landform,B_830304_55_LF_2010101,荒川 / basin 55 / 台地・段丘,all_land_use,Na->He,5,new,2,7,0.2857142857142857
watershed_x_landform,B_830304_55_LF_2010101,荒川 / basin 55 / 台地・段丘,all_land_use,Pa->Jo,1,continue,3,26,0.11538461538461539
watershed_x_landform,B_830304_55_LF_2010101,荒川 / basin 55 / 台地・段丘,all_land_use,Pa->Jo,1,drop,1,26,0.038461538461538464
watershed_x_landform,B_830304_55_LF_2010101,荒川 / basin 55 / 台地・段丘,all_land_use,Pa->Jo,1,new,22,26,0.8461538461538461
watershed_x_landform,B_830304_55_LF_2010101,荒川 / basin 55 / 台地・段丘,all_land_use,Ya->Ko,3,continue,18,21,0.8571428571428571
watershed_x_landform,B_830304_55_LF_2010101,荒川 / basin 55 / 台地・段丘,all_land_use,Ya->Ko,3,drop,1,21,0.047619047619047616
watershed_x_landform,B_830304_55_LF_2010101,荒川 / basin 55 / 台地・段丘,all_land_use,Ya->Ko,3,new,2,21,0.09523809523809523
watershed_x_landform,B_830304_55_LF_2010301,荒川 / basin 55 / 凹地・浅い谷,all_land_use,Jo->Ya,2,continue,1,1,1
watershed_x_landform,B_830304_55_LF_2010301,荒川 / basin 55 / 凹地・浅い谷,all_land_use,Jo->Ya,2,drop,0,1,0
watershed_x_landform,B_830304_55_LF_2010301,荒川 / basin 55 / 凹地・浅い谷,all_land_use,Jo->Ya,2,new,0,1,0
watershed_x_landform,B_830304_55_LF_2010301,荒川 / basin 55 / 凹地・浅い谷,all_land_use,Ko->Na,4,continue,0,1,0
watershed_x_landform,B_830304_55_LF_2010301,荒川 / basin 55 / 凹地・浅い谷,all_land_use,Ko->Na,4,drop,1,1,1
watershed_x_landform,B_830304_55_LF_2010301,荒川 / basin 55 / 凹地・浅い谷,all_land_use,Ko->Na,4,new,0,1,0
watershed_x_landform,B_830304_55_LF_2010301,荒川 / basin 55 / 凹地・浅い谷,all_land_use,Pa->Jo,1,continue,0,1,0
watershed_x_landform,B_830304_55_LF_2010301,荒川 / basin 55 / 凹地・浅い谷,all_land_use,Pa->Jo,1,drop,0,1,0
watershed_x_landform,B_830304_55_LF_2010301,荒川 / basin 55 / 凹地・浅い谷,all_land_use,Pa->Jo,1,new,1,1,1
watershed_x_landform,B_830304_55_LF_2010301,荒川 / basin 55 / 凹地・浅い谷,all_land_use,Ya->Ko,3,continue,1,1,1
watershed_x_landform,B_830304_55_LF_2010301,荒川 / basin 55 / 凹地・浅い谷,all_land_use,Ya->Ko,3,drop,0,1,0
watershed_x_landform,B_830304_55_LF_2010301,荒川 / basin 55 / 凹地・浅い谷,all_land_use,Ya->Ko,3,new,0,1,0
watershed_x_landform,B_830304_55_LF_3030101,荒川 / basin 55 / 氾濫平野・海岸平野,all_land_use,He->Me,6,continue,1,1,1
watershed_x_landform,B_830304_55_LF_3030101,荒川 / basin 55 / 氾濫平野・海岸平野,all_land_use,He->Me,6,drop,0,1,0
watershed_x_landform,B_830304_55_LF_3030101,荒川 / basin 55 / 氾濫平野・海岸平野,all_land_use,He->Me,6,new,0,1,0
watershed_x_landform,B_830304_55_LF_3030101,荒川 / basin 55 / 氾濫平野・海岸平野,all_land_use,Ko->Na,4,continue,1,2,0.5
watershed_x_landform,B_830304_55_LF_3030101,荒川 / basin 55 / 氾濫平野・海岸平野,all_land_use,Ko->Na,4,drop,1,2,0.5
watershed_x_landform,B_830304_55_LF_3030101,荒川 / basin 55 / 氾濫平野・海岸平野,all_land_use,Ko->Na,4,new,0,2,0
watershed_x_landform,B_830304_55_LF_3030101,荒川 / basin 55 / 氾濫平野・海岸平野,all_land_use,Na->He,5,continue,1,1,1
watershed_x_landform,B_830304_55_LF_3030101,荒川 / basin 55 / 氾濫平野・海岸平野,all_land_use,Na->He,5,drop,0,1,0
watershed_x_landform,B_830304_55_LF_3030101,荒川 / basin 55 / 氾濫平野・海岸平野,all_land_use,Na->He,5,new,0,1,0
watershed_x_landform,B_830304_55_LF_3030101,荒川 / basin 55 / 氾濫平野・海岸平野,all_land_use,Ya->Ko,3,continue,0,2,0
watershed_x_landform,B_830304_55_LF_3030101,荒川 / basin 55 / 氾濫平野・海岸平野,all_land_use,Ya->Ko,3,drop,0,2,0
watershed_x_landform,B_830304_55_LF_3030101,荒川 / basin 55 / 氾濫平野・海岸平野,all_land_use,Ya->Ko,3,new,2,2,1
watershed_x_landform,B_830304_56_LF_2010101,荒川 / basin 56 / 台地・段丘,all_land_use,He->Me,6,continue,5,11,0.45454545454545453
watershed_x_landform,B_830304_56_LF_2010101,荒川 / basin 56 / 台地・段丘,all_land_use,He->Me,6,drop,3,11,0.2727272727272727
watershed_x_landform,B_830304_56_LF_2010101,荒川 / basin 56 / 台地・段丘,all_land_use,He->Me,6,new,3,11,0.2727272727272727
watershed_x_landform,B_830304_56_LF_2010101,荒川 / basin 56 / 台地・段丘,all_land_use,Jo->Ya,2,continue,9,15,0.6
watershed_x_landform,B_830304_56_LF_2010101,荒川 / basin 56 / 台地・段丘,all_land_use,Jo->Ya,2,drop,5,15,0.3333333333333333
watershed_x_landform,B_830304_56_LF_2010101,荒川 / basin 56 / 台地・段丘,all_land_use,Jo->Ya,2,new,1,15,0.06666666666666667
watershed_x_landform,B_830304_56_LF_2010101,荒川 / basin 56 / 台地・段丘,all_land_use,Ko->Na,4,continue,4,11,0.36363636363636365
watershed_x_landform,B_830304_56_LF_2010101,荒川 / basin 56 / 台地・段丘,all_land_use,Ko->Na,4,drop,6,11,0.5454545454545454
watershed_x_landform,B_830304_56_LF_2010101,荒川 / basin 56 / 台地・段丘,all_land_use,Ko->Na,4,new,1,11,0.09090909090909091
watershed_x_landform,B_830304_56_LF_2010101,荒川 / basin 56 / 台地・段丘,all_land_use,Na->He,5,continue,5,8,0.625
watershed_x_landform,B_830304_56_LF_2010101,荒川 / basin 56 / 台地・段丘,all_land_use,Na->He,5,drop,0,8,0
watershed_x_landform,B_830304_56_LF_2010101,荒川 / basin 56 / 台地・段丘,all_land_use,Na->He,5,new,3,8,0.375
watershed_x_landform,B_830304_56_LF_2010101,荒川 / basin 56 / 台地・段丘,all_land_use,Pa->Jo,1,continue,3,14,0.21428571428571427
watershed_x_landform,B_830304_56_LF_2010101,荒川 / basin 56 / 台地・段丘,all_land_use,Pa->Jo,1,drop,0,14,0
watershed_x_landform,B_830304_56_LF_2010101,荒川 / basin 56 / 台地・段丘,all_land_use,Pa->Jo,1,new,11,14,0.7857142857142857
watershed_x_landform,B_830304_56_LF_2010101,荒川 / basin 56 / 台地・段丘,all_land_use,Ya->Ko,3,continue,8,12,0.6666666666666666
watershed_x_landform,B_830304_56_LF_2010101,荒川 / basin 56 / 台地・段丘,all_land_use,Ya->Ko,3,drop,2,12,0.16666666666666666
watershed_x_landform,B_830304_56_LF_2010101,荒川 / basin 56 / 台地・段丘,all_land_use,Ya->Ko,3,new,2,12,0.16666666666666666
watershed_x_landform,B_830304_56_LF_3030101,荒川 / basin 56 / 氾濫平野・海岸平野,all_land_use,He->Me,6,continue,1,3,0.3333333333333333
watershed_x_landform,B_830304_56_LF_3030101,荒川 / basin 56 / 氾濫平野・海岸平野,all_land_use,He->Me,6,drop,1,3,0.3333333333333333
watershed_x_landform,B_830304_56_LF_3030101,荒川 / basin 56 / 氾濫平野・海岸平野,all_land_use,He->Me,6,new,1,3,0.3333333333333333
watershed_x_landform,B_830304_56_LF_3030101,荒川 / basin 56 / 氾濫平野・海岸平野,all_land_use,Jo->Ya,2,continue,2,2,1
watershed_x_landform,B_830304_56_LF_3030101,荒川 / basin 56 / 氾濫平野・海岸平野,all_land_use,Jo->Ya,2,drop,0,2,0
watershed_x_landform,B_830304_56_LF_3030101,荒川 / basin 56 / 氾濫平野・海岸平野,all_land_use,Jo->Ya,2,new,0,2,0
watershed_x_landform,B_830304_56_LF_3030101,荒川 / basin 56 / 氾濫平野・海岸平野,all_land_use,Ko->Na,4,continue,1,2,0.5
watershed_x_landform,B_830304_56_LF_3030101,荒川 / basin 56 / 氾濫平野・海岸平野,all_land_use,Ko->Na,4,drop,1,2,0.5
watershed_x_landform,B_830304_56_LF_3030101,荒川 / basin 56 / 氾濫平野・海岸平野,all_land_use,Ko->Na,4,new,0,2,0
watershed_x_landform,B_830304_56_LF_3030101,荒川 / basin 56 / 氾濫平野・海岸平野,all_land_use,Na->He,5,continue,1,2,0.5
watershed_x_landform,B_830304_56_LF_3030101,荒川 / basin 56 / 氾濫平野・海岸平野,all_land_use,Na->He,5,drop,0,2,0
watershed_x_landform,B_830304_56_LF_3030101,荒川 / basin 56 / 氾濫平野・海岸平野,all_land_use,Na->He,5,new,1,2,0.5
watershed_x_landform,B_830304_56_LF_3030101,荒川 / basin 56 / 氾濫平野・海岸平野,all_land_use,Pa->Jo,1,continue,0,2,0
watershed_x_landform,B_830304_56_LF_3030101,荒川 / basin 56 / 氾濫平野・海岸平野,all_land_use,Pa->Jo,1,drop,0,2,0
watershed_x_landform,B_830304_56_LF_3030101,荒川 / basin 56 / 氾濫平野・海岸平野,all_land_use,Pa->Jo,1,new,2,2,1
watershed_x_landform,B_830304_56_LF_3030101,荒川 / basin 56 / 氾濫平野・海岸平野,all_land_use,Ya->Ko,3,continue,2,2,1
watershed_x_landform,B_830304_56_LF_3030101,荒川 / basin 56 / 氾濫平野・海岸平野,all_land_use,Ya->Ko,3,drop,0,2,0
watershed_x_landform,B_830304_56_LF_3030101,荒川 / basin 56 / 氾濫平野・海岸平野,all_land_use,Ya->Ko,3,new,0,2,0
watershed_x_landform,B_830304_57_LF_10101,荒川 / basin 57 / 山地斜面等,all_land_use,He->Me,6,continue,0,3,0
watershed_x_landform,B_830304_57_LF_10101,荒川 / basin 57 / 山地斜面等,all_land_use,He->Me,6,drop,2,3,0.6666666666666666
watershed_x_landform,B_830304_57_LF_10101,荒川 / basin 57 / 山地斜面等,all_land_use,He->Me,6,new,1,3,0.3333333333333333
watershed_x_landform,B_830304_57_LF_10101,荒川 / basin 57 / 山地斜面等,all_land_use,Jo->Ya,2,continue,4,20,0.2
watershed_x_landform,B_830304_57_LF_10101,荒川 / basin 57 / 山地斜面等,all_land_use,Jo->Ya,2,drop,16,20,0.8
watershed_x_landform,B_830304_57_LF_10101,荒川 / basin 57 / 山地斜面等,all_land_use,Jo->Ya,2,new,0,20,0
watershed_x_landform,B_830304_57_LF_10101,荒川 / basin 57 / 山地斜面等,all_land_use,Ko->Na,4,continue,2,8,0.25
watershed_x_landform,B_830304_57_LF_10101,荒川 / basin 57 / 山地斜面等,all_land_use,Ko->Na,4,drop,5,8,0.625
watershed_x_landform,B_830304_57_LF_10101,荒川 / basin 57 / 山地斜面等,all_land_use,Ko->Na,4,new,1,8,0.125
watershed_x_landform,B_830304_57_LF_10101,荒川 / basin 57 / 山地斜面等,all_land_use,Na->He,5,continue,1,4,0.25
watershed_x_landform,B_830304_57_LF_10101,荒川 / basin 57 / 山地斜面等,all_land_use,Na->He,5,drop,2,4,0.5
watershed_x_landform,B_830304_57_LF_10101,荒川 / basin 57 / 山地斜面等,all_land_use,Na->He,5,new,1,4,0.25
watershed_x_landform,B_830304_57_LF_10101,荒川 / basin 57 / 山地斜面等,all_land_use,Pa->Jo,1,continue,6,22,0.2727272727272727
watershed_x_landform,B_830304_57_LF_10101,荒川 / basin 57 / 山地斜面等,all_land_use,Pa->Jo,1,drop,2,22,0.09090909090909091
watershed_x_landform,B_830304_57_LF_10101,荒川 / basin 57 / 山地斜面等,all_land_use,Pa->Jo,1,new,14,22,0.6363636363636364
watershed_x_landform,B_830304_57_LF_10101,荒川 / basin 57 / 山地斜面等,all_land_use,Ya->Ko,3,continue,1,10,0.1
watershed_x_landform,B_830304_57_LF_10101,荒川 / basin 57 / 山地斜面等,all_land_use,Ya->Ko,3,drop,3,10,0.3
watershed_x_landform,B_830304_57_LF_10101,荒川 / basin 57 / 山地斜面等,all_land_use,Ya->Ko,3,new,6,10,0.6
watershed_x_landform,B_830304_57_LF_10314,荒川 / basin 57 / 台地・段丘,all_land_use,He->Me,6,continue,0,4,0
watershed_x_landform,B_830304_57_LF_10314,荒川 / basin 57 / 台地・段丘,all_land_use,He->Me,6,drop,1,4,0.25
watershed_x_landform,B_830304_57_LF_10314,荒川 / basin 57 / 台地・段丘,all_land_use,He->Me,6,new,3,4,0.75
watershed_x_landform,B_830304_57_LF_10314,荒川 / basin 57 / 台地・段丘,all_land_use,Jo->Ya,2,continue,6,24,0.25
watershed_x_landform,B_830304_57_LF_10314,荒川 / basin 57 / 台地・段丘,all_land_use,Jo->Ya,2,drop,18,24,0.75
watershed_x_landform,B_830304_57_LF_10314,荒川 / basin 57 / 台地・段丘,all_land_use,Jo->Ya,2,new,0,24,0
watershed_x_landform,B_830304_57_LF_10314,荒川 / basin 57 / 台地・段丘,all_land_use,Ko->Na,4,continue,2,15,0.13333333333333333
watershed_x_landform,B_830304_57_LF_10314,荒川 / basin 57 / 台地・段丘,all_land_use,Ko->Na,4,drop,11,15,0.7333333333333333
watershed_x_landform,B_830304_57_LF_10314,荒川 / basin 57 / 台地・段丘,all_land_use,Ko->Na,4,new,2,15,0.13333333333333333
watershed_x_landform,B_830304_57_LF_10314,荒川 / basin 57 / 台地・段丘,all_land_use,Na->He,5,continue,1,4,0.25
watershed_x_landform,B_830304_57_LF_10314,荒川 / basin 57 / 台地・段丘,all_land_use,Na->He,5,drop,3,4,0.75
watershed_x_landform,B_830304_57_LF_10314,荒川 / basin 57 / 台地・段丘,all_land_use,Na->He,5,new,0,4,0
watershed_x_landform,B_830304_57_LF_10314,荒川 / basin 57 / 台地・段丘,all_land_use,Pa->Jo,1,continue,5,25,0.2
watershed_x_landform,B_830304_57_LF_10314,荒川 / basin 57 / 台地・段丘,all_land_use,Pa->Jo,1,drop,1,25,0.04
watershed_x_landform,B_830304_57_LF_10314,荒川 / basin 57 / 台地・段丘,all_land_use,Pa->Jo,1,new,19,25,0.76
watershed_x_landform,B_830304_57_LF_10314,荒川 / basin 57 / 台地・段丘,all_land_use,Ya->Ko,3,continue,5,14,0.35714285714285715
watershed_x_landform,B_830304_57_LF_10314,荒川 / basin 57 / 台地・段丘,all_land_use,Ya->Ko,3,drop,1,14,0.07142857142857142
watershed_x_landform,B_830304_57_LF_10314,荒川 / basin 57 / 台地・段丘,all_land_use,Ya->Ko,3,new,8,14,0.5714285714285714
watershed_x_landform,B_830304_57_LF_10701,荒川 / basin 57 / 氾濫平野・海岸平野,all_land_use,He->Me,6,continue,1,3,0.3333333333333333
watershed_x_landform,B_830304_57_LF_10701,荒川 / basin 57 / 氾濫平野・海岸平野,all_land_use,He->Me,6,drop,1,3,0.3333333333333333
watershed_x_landform,B_830304_57_LF_10701,荒川 / basin 57 / 氾濫平野・海岸平野,all_land_use,He->Me,6,new,1,3,0.3333333333333333
watershed_x_landform,B_830304_57_LF_10701,荒川 / basin 57 / 氾濫平野・海岸平野,all_land_use,Jo->Ya,2,continue,3,8,0.375
watershed_x_landform,B_830304_57_LF_10701,荒川 / basin 57 / 氾濫平野・海岸平野,all_land_use,Jo->Ya,2,drop,5,8,0.625
watershed_x_landform,B_830304_57_LF_10701,荒川 / basin 57 / 氾濫平野・海岸平野,all_land_use,Jo->Ya,2,new,0,8,0
watershed_x_landform,B_830304_57_LF_10701,荒川 / basin 57 / 氾濫平野・海岸平野,all_land_use,Ko->Na,4,continue,1,4,0.25
watershed_x_landform,B_830304_57_LF_10701,荒川 / basin 57 / 氾濫平野・海岸平野,all_land_use,Ko->Na,4,drop,2,4,0.5
watershed_x_landform,B_830304_57_LF_10701,荒川 / basin 57 / 氾濫平野・海岸平野,all_land_use,Ko->Na,4,new,1,4,0.25
watershed_x_landform,B_830304_57_LF_10701,荒川 / basin 57 / 氾濫平野・海岸平野,all_land_use,Na->He,5,continue,1,3,0.3333333333333333
watershed_x_landform,B_830304_57_LF_10701,荒川 / basin 57 / 氾濫平野・海岸平野,all_land_use,Na->He,5,drop,1,3,0.3333333333333333
watershed_x_landform,B_830304_57_LF_10701,荒川 / basin 57 / 氾濫平野・海岸平野,all_land_use,Na->He,5,new,1,3,0.3333333333333333
watershed_x_landform,B_830304_57_LF_10701,荒川 / basin 57 / 氾濫平野・海岸平野,all_land_use,Pa->Jo,1,continue,1,8,0.125
watershed_x_landform,B_830304_57_LF_10701,荒川 / basin 57 / 氾濫平野・海岸平野,all_land_use,Pa->Jo,1,drop,0,8,0
watershed_x_landform,B_830304_57_LF_10701,荒川 / basin 57 / 氾濫平野・海岸平野,all_land_use,Pa->Jo,1,new,7,8,0.875
watershed_x_landform,B_830304_57_LF_10701,荒川 / basin 57 / 氾濫平野・海岸平野,all_land_use,Ya->Ko,3,continue,2,4,0.5
watershed_x_landform,B_830304_57_LF_10701,荒川 / basin 57 / 氾濫平野・海岸平野,all_land_use,Ya->Ko,3,drop,1,4,0.25
watershed_x_landform,B_830304_57_LF_10701,荒川 / basin 57 / 氾濫平野・海岸平野,all_land_use,Ya->Ko,3,new,1,4,0.25
watershed_x_landform,B_830304_61_LF_10101,荒川 / basin 61 / 山地斜面等,all_land_use,He->Me,6,continue,2,5,0.4
watershed_x_landform,B_830304_61_LF_10101,荒川 / basin 61 / 山地斜面等,all_land_use,He->Me,6,drop,1,5,0.2
watershed_x_landform,B_830304_61_LF_10101,荒川 / basin 61 / 山地斜面等,all_land_use,He->Me,6,new,2,5,0.4
watershed_x_landform,B_830304_61_LF_10101,荒川 / basin 61 / 山地斜面等,all_land_use,Jo->Ya,2,continue,2,10,0.2
watershed_x_landform,B_830304_61_LF_10101,荒川 / basin 61 / 山地斜面等,all_land_use,Jo->Ya,2,drop,8,10,0.8
watershed_x_landform,B_830304_61_LF_10101,荒川 / basin 61 / 山地斜面等,all_land_use,Jo->Ya,2,new,0,10,0
watershed_x_landform,B_830304_61_LF_10101,荒川 / basin 61 / 山地斜面等,all_land_use,Ko->Na,4,continue,0,3,0
watershed_x_landform,B_830304_61_LF_10101,荒川 / basin 61 / 山地斜面等,all_land_use,Ko->Na,4,drop,1,3,0.3333333333333333
watershed_x_landform,B_830304_61_LF_10101,荒川 / basin 61 / 山地斜面等,all_land_use,Ko->Na,4,new,2,3,0.6666666666666666
watershed_x_landform,B_830304_61_LF_10101,荒川 / basin 61 / 山地斜面等,all_land_use,Na->He,5,continue,2,3,0.6666666666666666
watershed_x_landform,B_830304_61_LF_10101,荒川 / basin 61 / 山地斜面等,all_land_use,Na->He,5,drop,0,3,0
watershed_x_landform,B_830304_61_LF_10101,荒川 / basin 61 / 山地斜面等,all_land_use,Na->He,5,new,1,3,0.3333333333333333
watershed_x_landform,B_830304_61_LF_10101,荒川 / basin 61 / 山地斜面等,all_land_use,Pa->Jo,1,continue,3,10,0.3
watershed_x_landform,B_830304_61_LF_10101,荒川 / basin 61 / 山地斜面等,all_land_use,Pa->Jo,1,drop,0,10,0
watershed_x_landform,B_830304_61_LF_10101,荒川 / basin 61 / 山地斜面等,all_land_use,Pa->Jo,1,new,7,10,0.7
watershed_x_landform,B_830304_61_LF_10101,荒川 / basin 61 / 山地斜面等,all_land_use,Ya->Ko,3,continue,0,3,0
watershed_x_landform,B_830304_61_LF_10101,荒川 / basin 61 / 山地斜面等,all_land_use,Ya->Ko,3,drop,2,3,0.6666666666666666
watershed_x_landform,B_830304_61_LF_10101,荒川 / basin 61 / 山地斜面等,all_land_use,Ya->Ko,3,new,1,3,0.3333333333333333
watershed_x_landform,B_830304_61_LF_10314,荒川 / basin 61 / 台地・段丘,all_land_use,He->Me,6,continue,2,4,0.5
watershed_x_landform,B_830304_61_LF_10314,荒川 / basin 61 / 台地・段丘,all_land_use,He->Me,6,drop,1,4,0.25
watershed_x_landform,B_830304_61_LF_10314,荒川 / basin 61 / 台地・段丘,all_land_use,He->Me,6,new,1,4,0.25
watershed_x_landform,B_830304_61_LF_10314,荒川 / basin 61 / 台地・段丘,all_land_use,Jo->Ya,2,continue,7,15,0.4666666666666667
watershed_x_landform,B_830304_61_LF_10314,荒川 / basin 61 / 台地・段丘,all_land_use,Jo->Ya,2,drop,7,15,0.4666666666666667
watershed_x_landform,B_830304_61_LF_10314,荒川 / basin 61 / 台地・段丘,all_land_use,Jo->Ya,2,new,1,15,0.06666666666666667
watershed_x_landform,B_830304_61_LF_10314,荒川 / basin 61 / 台地・段丘,all_land_use,Ko->Na,4,continue,2,4,0.5
watershed_x_landform,B_830304_61_LF_10314,荒川 / basin 61 / 台地・段丘,all_land_use,Ko->Na,4,drop,1,4,0.25
watershed_x_landform,B_830304_61_LF_10314,荒川 / basin 61 / 台地・段丘,all_land_use,Ko->Na,4,new,1,4,0.25
watershed_x_landform,B_830304_61_LF_10314,荒川 / basin 61 / 台地・段丘,all_land_use,Na->He,5,continue,3,3,1
watershed_x_landform,B_830304_61_LF_10314,荒川 / basin 61 / 台地・段丘,all_land_use,Na->He,5,drop,0,3,0
watershed_x_landform,B_830304_61_LF_10314,荒川 / basin 61 / 台地・段丘,all_land_use,Na->He,5,new,0,3,0
watershed_x_landform,B_830304_61_LF_10314,荒川 / basin 61 / 台地・段丘,all_land_use,Pa->Jo,1,continue,9,14,0.6428571428571429
watershed_x_landform,B_830304_61_LF_10314,荒川 / basin 61 / 台地・段丘,all_land_use,Pa->Jo,1,drop,0,14,0
watershed_x_landform,B_830304_61_LF_10314,荒川 / basin 61 / 台地・段丘,all_land_use,Pa->Jo,1,new,5,14,0.35714285714285715
watershed_x_landform,B_830304_61_LF_10314,荒川 / basin 61 / 台地・段丘,all_land_use,Ya->Ko,3,continue,3,8,0.375
watershed_x_landform,B_830304_61_LF_10314,荒川 / basin 61 / 台地・段丘,all_land_use,Ya->Ko,3,drop,5,8,0.625
watershed_x_landform,B_830304_61_LF_10314,荒川 / basin 61 / 台地・段丘,all_land_use,Ya->Ko,3,new,0,8,0
watershed_x_landform,B_830304_61_LF_10601,荒川 / basin 61 / 凹地・浅い谷,all_land_use,Jo->Ya,2,continue,0,2,0
watershed_x_landform,B_830304_61_LF_10601,荒川 / basin 61 / 凹地・浅い谷,all_land_use,Jo->Ya,2,drop,2,2,1
watershed_x_landform,B_830304_61_LF_10601,荒川 / basin 61 / 凹地・浅い谷,all_land_use,Jo->Ya,2,new,0,2,0
watershed_x_landform,B_830304_61_LF_10601,荒川 / basin 61 / 凹地・浅い谷,all_land_use,Pa->Jo,1,continue,1,2,0.5
watershed_x_landform,B_830304_61_LF_10601,荒川 / basin 61 / 凹地・浅い谷,all_land_use,Pa->Jo,1,drop,0,2,0
watershed_x_landform,B_830304_61_LF_10601,荒川 / basin 61 / 凹地・浅い谷,all_land_use,Pa->Jo,1,new,1,2,0.5
watershed_x_landform,B_830304_61_LF_10701,荒川 / basin 61 / 氾濫平野・海岸平野,all_land_use,He->Me,6,continue,0,1,0
watershed_x_landform,B_830304_61_LF_10701,荒川 / basin 61 / 氾濫平野・海岸平野,all_land_use,He->Me,6,drop,0,1,0
watershed_x_landform,B_830304_61_LF_10701,荒川 / basin 61 / 氾濫平野・海岸平野,all_land_use,He->Me,6,new,1,1,1
watershed_x_landform,B_830304_61_LF_10701,荒川 / basin 61 / 氾濫平野・海岸平野,all_land_use,Jo->Ya,2,continue,0,1,0
watershed_x_landform,B_830304_61_LF_10701,荒川 / basin 61 / 氾濫平野・海岸平野,all_land_use,Jo->Ya,2,drop,1,1,1
watershed_x_landform,B_830304_61_LF_10701,荒川 / basin 61 / 氾濫平野・海岸平野,all_land_use,Jo->Ya,2,new,0,1,0
watershed_x_landform,B_830304_61_LF_10701,荒川 / basin 61 / 氾濫平野・海岸平野,all_land_use,Pa->Jo,1,continue,0,1,0
watershed_x_landform,B_830304_61_LF_10701,荒川 / basin 61 / 氾濫平野・海岸平野,all_land_use,Pa->Jo,1,drop,0,1,0
watershed_x_landform,B_830304_61_LF_10701,荒川 / basin 61 / 氾濫平野・海岸平野,all_land_use,Pa->Jo,1,new,1,1,1
watershed_x_landform,B_830304_61_LF_2010101,荒川 / basin 61 / 台地・段丘,all_land_use,He->Me,6,continue,0,1,0
watershed_x_landform,B_830304_61_LF_2010101,荒川 / basin 61 / 台地・段丘,all_land_use,He->Me,6,drop,1,1,1
watershed_x_landform,B_830304_61_LF_2010101,荒川 / basin 61 / 台地・段丘,all_land_use,He->Me,6,new,0,1,0
watershed_x_landform,B_830304_61_LF_2010101,荒川 / basin 61 / 台地・段丘,all_land_use,Jo->Ya,2,continue,7,12,0.5833333333333334
watershed_x_landform,B_830304_61_LF_2010101,荒川 / basin 61 / 台地・段丘,all_land_use,Jo->Ya,2,drop,3,12,0.25
watershed_x_landform,B_830304_61_LF_2010101,荒川 / basin 61 / 台地・段丘,all_land_use,Jo->Ya,2,new,2,12,0.16666666666666666
watershed_x_landform,B_830304_61_LF_2010101,荒川 / basin 61 / 台地・段丘,all_land_use,Ko->Na,4,continue,2,7,0.2857142857142857
watershed_x_landform,B_830304_61_LF_2010101,荒川 / basin 61 / 台地・段丘,all_land_use,Ko->Na,4,drop,5,7,0.7142857142857143
watershed_x_landform,B_830304_61_LF_2010101,荒川 / basin 61 / 台地・段丘,all_land_use,Ko->Na,4,new,0,7,0
watershed_x_landform,B_830304_61_LF_2010101,荒川 / basin 61 / 台地・段丘,all_land_use,Na->He,5,continue,0,3,0
watershed_x_landform,B_830304_61_LF_2010101,荒川 / basin 61 / 台地・段丘,all_land_use,Na->He,5,drop,2,3,0.6666666666666666
watershed_x_landform,B_830304_61_LF_2010101,荒川 / basin 61 / 台地・段丘,all_land_use,Na->He,5,new,1,3,0.3333333333333333
watershed_x_landform,B_830304_61_LF_2010101,荒川 / basin 61 / 台地・段丘,all_land_use,Pa->Jo,1,continue,6,10,0.6
watershed_x_landform,B_830304_61_LF_2010101,荒川 / basin 61 / 台地・段丘,all_land_use,Pa->Jo,1,drop,0,10,0
watershed_x_landform,B_830304_61_LF_2010101,荒川 / basin 61 / 台地・段丘,all_land_use,Pa->Jo,1,new,4,10,0.4
watershed_x_landform,B_830304_61_LF_2010101,荒川 / basin 61 / 台地・段丘,all_land_use,Ya->Ko,3,continue,7,9,0.7777777777777778
watershed_x_landform,B_830304_61_LF_2010101,荒川 / basin 61 / 台地・段丘,all_land_use,Ya->Ko,3,drop,2,9,0.2222222222222222
watershed_x_landform,B_830304_61_LF_2010101,荒川 / basin 61 / 台地・段丘,all_land_use,Ya->Ko,3,new,0,9,0
watershed_x_landform,B_830304_63_LF_10101,荒川 / basin 63 / 山地斜面等,all_land_use,Jo->Ya,2,continue,0,1,0
watershed_x_landform,B_830304_63_LF_10101,荒川 / basin 63 / 山地斜面等,all_land_use,Jo->Ya,2,drop,1,1,1
watershed_x_landform,B_830304_63_LF_10101,荒川 / basin 63 / 山地斜面等,all_land_use,Jo->Ya,2,new,0,1,0
watershed_x_landform,B_830304_63_LF_10101,荒川 / basin 63 / 山地斜面等,all_land_use,Pa->Jo,1,continue,0,1,0
watershed_x_landform,B_830304_63_LF_10101,荒川 / basin 63 / 山地斜面等,all_land_use,Pa->Jo,1,drop,0,1,0
watershed_x_landform,B_830304_63_LF_10101,荒川 / basin 63 / 山地斜面等,all_land_use,Pa->Jo,1,new,1,1,1
watershed_x_landform,B_830304_63_LF_10314,荒川 / basin 63 / 台地・段丘,all_land_use,Jo->Ya,2,continue,1,2,0.5
watershed_x_landform,B_830304_63_LF_10314,荒川 / basin 63 / 台地・段丘,all_land_use,Jo->Ya,2,drop,1,2,0.5
watershed_x_landform,B_830304_63_LF_10314,荒川 / basin 63 / 台地・段丘,all_land_use,Jo->Ya,2,new,0,2,0
watershed_x_landform,B_830304_63_LF_10314,荒川 / basin 63 / 台地・段丘,all_land_use,Pa->Jo,1,continue,0,2,0
watershed_x_landform,B_830304_63_LF_10314,荒川 / basin 63 / 台地・段丘,all_land_use,Pa->Jo,1,drop,0,2,0
watershed_x_landform,B_830304_63_LF_10314,荒川 / basin 63 / 台地・段丘,all_land_use,Pa->Jo,1,new,2,2,1
watershed_x_landform,B_830304_63_LF_10314,荒川 / basin 63 / 台地・段丘,all_land_use,Ya->Ko,3,continue,0,1,0
watershed_x_landform,B_830304_63_LF_10314,荒川 / basin 63 / 台地・段丘,all_land_use,Ya->Ko,3,drop,1,1,1
watershed_x_landform,B_830304_63_LF_10314,荒川 / basin 63 / 台地・段丘,all_land_use,Ya->Ko,3,new,0,1,0
watershed_x_landform,B_830304_67_LF_10101,荒川 / basin 67 / 山地斜面等,all_land_use,He->Me,6,continue,0,1,0
watershed_x_landform,B_830304_67_LF_10101,荒川 / basin 67 / 山地斜面等,all_land_use,He->Me,6,drop,1,1,1
watershed_x_landform,B_830304_67_LF_10101,荒川 / basin 67 / 山地斜面等,all_land_use,He->Me,6,new,0,1,0
watershed_x_landform,B_830304_67_LF_10101,荒川 / basin 67 / 山地斜面等,all_land_use,Jo->Ya,2,continue,1,9,0.1111111111111111
watershed_x_landform,B_830304_67_LF_10101,荒川 / basin 67 / 山地斜面等,all_land_use,Jo->Ya,2,drop,8,9,0.8888888888888888
watershed_x_landform,B_830304_67_LF_10101,荒川 / basin 67 / 山地斜面等,all_land_use,Jo->Ya,2,new,0,9,0
watershed_x_landform,B_830304_67_LF_10101,荒川 / basin 67 / 山地斜面等,all_land_use,Ko->Na,4,continue,0,1,0
watershed_x_landform,B_830304_67_LF_10101,荒川 / basin 67 / 山地斜面等,all_land_use,Ko->Na,4,drop,0,1,0
watershed_x_landform,B_830304_67_LF_10101,荒川 / basin 67 / 山地斜面等,all_land_use,Ko->Na,4,new,1,1,1
watershed_x_landform,B_830304_67_LF_10101,荒川 / basin 67 / 山地斜面等,all_land_use,Na->He,5,continue,1,1,1
watershed_x_landform,B_830304_67_LF_10101,荒川 / basin 67 / 山地斜面等,all_land_use,Na->He,5,drop,0,1,0
watershed_x_landform,B_830304_67_LF_10101,荒川 / basin 67 / 山地斜面等,all_land_use,Na->He,5,new,0,1,0
watershed_x_landform,B_830304_67_LF_10101,荒川 / basin 67 / 山地斜面等,all_land_use,Pa->Jo,1,continue,5,9,0.5555555555555556
watershed_x_landform,B_830304_67_LF_10101,荒川 / basin 67 / 山地斜面等,all_land_use,Pa->Jo,1,drop,0,9,0
watershed_x_landform,B_830304_67_LF_10101,荒川 / basin 67 / 山地斜面等,all_land_use,Pa->Jo,1,new,4,9,0.4444444444444444
watershed_x_landform,B_830304_67_LF_10101,荒川 / basin 67 / 山地斜面等,all_land_use,Ya->Ko,3,continue,0,1,0
watershed_x_landform,B_830304_67_LF_10101,荒川 / basin 67 / 山地斜面等,all_land_use,Ya->Ko,3,drop,1,1,1
watershed_x_landform,B_830304_67_LF_10101,荒川 / basin 67 / 山地斜面等,all_land_use,Ya->Ko,3,new,0,1,0
watershed_x_landform,B_830304_67_LF_10314,荒川 / basin 67 / 台地・段丘,all_land_use,He->Me,6,continue,0,3,0
watershed_x_landform,B_830304_67_LF_10314,荒川 / basin 67 / 台地・段丘,all_land_use,He->Me,6,drop,2,3,0.6666666666666666
watershed_x_landform,B_830304_67_LF_10314,荒川 / basin 67 / 台地・段丘,all_land_use,He->Me,6,new,1,3,0.3333333333333333
watershed_x_landform,B_830304_67_LF_10314,荒川 / basin 67 / 台地・段丘,all_land_use,Jo->Ya,2,continue,1,46,0.021739130434782608
watershed_x_landform,B_830304_67_LF_10314,荒川 / basin 67 / 台地・段丘,all_land_use,Jo->Ya,2,drop,45,46,0.9782608695652174
watershed_x_landform,B_830304_67_LF_10314,荒川 / basin 67 / 台地・段丘,all_land_use,Jo->Ya,2,new,0,46,0
watershed_x_landform,B_830304_67_LF_10314,荒川 / basin 67 / 台地・段丘,all_land_use,Ko->Na,4,continue,0,2,0
watershed_x_landform,B_830304_67_LF_10314,荒川 / basin 67 / 台地・段丘,all_land_use,Ko->Na,4,drop,2,2,1
watershed_x_landform,B_830304_67_LF_10314,荒川 / basin 67 / 台地・段丘,all_land_use,Ko->Na,4,new,0,2,0
watershed_x_landform,B_830304_67_LF_10314,荒川 / basin 67 / 台地・段丘,all_land_use,Na->He,5,continue,0,2,0
watershed_x_landform,B_830304_67_LF_10314,荒川 / basin 67 / 台地・段丘,all_land_use,Na->He,5,drop,0,2,0
watershed_x_landform,B_830304_67_LF_10314,荒川 / basin 67 / 台地・段丘,all_land_use,Na->He,5,new,2,2,1
watershed_x_landform,B_830304_67_LF_10314,荒川 / basin 67 / 台地・段丘,all_land_use,Pa->Jo,1,continue,17,51,0.3333333333333333
watershed_x_landform,B_830304_67_LF_10314,荒川 / basin 67 / 台地・段丘,all_land_use,Pa->Jo,1,drop,5,51,0.09803921568627451
watershed_x_landform,B_830304_67_LF_10314,荒川 / basin 67 / 台地・段丘,all_land_use,Pa->Jo,1,new,29,51,0.5686274509803921
watershed_x_landform,B_830304_67_LF_10314,荒川 / basin 67 / 台地・段丘,all_land_use,Ya->Ko,3,continue,0,3,0
watershed_x_landform,B_830304_67_LF_10314,荒川 / basin 67 / 台地・段丘,all_land_use,Ya->Ko,3,drop,1,3,0.3333333333333333
watershed_x_landform,B_830304_67_LF_10314,荒川 / basin 67 / 台地・段丘,all_land_use,Ya->Ko,3,new,2,3,0.6666666666666666
watershed_x_landform,B_830304_67_LF_10601,荒川 / basin 67 / 凹地・浅い谷,all_land_use,Jo->Ya,2,continue,0,5,0
watershed_x_landform,B_830304_67_LF_10601,荒川 / basin 67 / 凹地・浅い谷,all_land_use,Jo->Ya,2,drop,5,5,1
watershed_x_landform,B_830304_67_LF_10601,荒川 / basin 67 / 凹地・浅い谷,all_land_use,Jo->Ya,2,new,0,5,0
watershed_x_landform,B_830304_67_LF_10601,荒川 / basin 67 / 凹地・浅い谷,all_land_use,Ko->Na,4,continue,0,1,0
watershed_x_landform,B_830304_67_LF_10601,荒川 / basin 67 / 凹地・浅い谷,all_land_use,Ko->Na,4,drop,1,1,1
watershed_x_landform,B_830304_67_LF_10601,荒川 / basin 67 / 凹地・浅い谷,all_land_use,Ko->Na,4,new,0,1,0
watershed_x_landform,B_830304_67_LF_10601,荒川 / basin 67 / 凹地・浅い谷,all_land_use,Pa->Jo,1,continue,0,5,0
watershed_x_landform,B_830304_67_LF_10601,荒川 / basin 67 / 凹地・浅い谷,all_land_use,Pa->Jo,1,drop,0,5,0
watershed_x_landform,B_830304_67_LF_10601,荒川 / basin 67 / 凹地・浅い谷,all_land_use,Pa->Jo,1,new,5,5,1
watershed_x_landform,B_830304_67_LF_10601,荒川 / basin 67 / 凹地・浅い谷,all_land_use,Ya->Ko,3,continue,0,1,0
watershed_x_landform,B_830304_67_LF_10601,荒川 / basin 67 / 凹地・浅い谷,all_land_use,Ya->Ko,3,drop,0,1,0
watershed_x_landform,B_830304_67_LF_10601,荒川 / basin 67 / 凹地・浅い谷,all_land_use,Ya->Ko,3,new,1,1,1
watershed_x_landform,B_830304_67_LF_10701,荒川 / basin 67 / 氾濫平野・海岸平野,all_land_use,Jo->Ya,2,continue,0,3,0
watershed_x_landform,B_830304_67_LF_10701,荒川 / basin 67 / 氾濫平野・海岸平野,all_land_use,Jo->Ya,2,drop,3,3,1
watershed_x_landform,B_830304_67_LF_10701,荒川 / basin 67 / 氾濫平野・海岸平野,all_land_use,Jo->Ya,2,new,0,3,0
watershed_x_landform,B_830304_67_LF_10701,荒川 / basin 67 / 氾濫平野・海岸平野,all_land_use,Pa->Jo,1,continue,1,4,0.25
watershed_x_landform,B_830304_67_LF_10701,荒川 / basin 67 / 氾濫平野・海岸平野,all_land_use,Pa->Jo,1,drop,1,4,0.25
watershed_x_landform,B_830304_67_LF_10701,荒川 / basin 67 / 氾濫平野・海岸平野,all_land_use,Pa->Jo,1,new,2,4,0.5
watershed_x_landform,B_830304_68_LF_10101,荒川 / basin 68 / 山地斜面等,all_land_use,He->Me,6,continue,0,10,0
watershed_x_landform,B_830304_68_LF_10101,荒川 / basin 68 / 山地斜面等,all_land_use,He->Me,6,drop,10,10,1
watershed_x_landform,B_830304_68_LF_10101,荒川 / basin 68 / 山地斜面等,all_land_use,He->Me,6,new,0,10,0
watershed_x_landform,B_830304_68_LF_10101,荒川 / basin 68 / 山地斜面等,all_land_use,Jo->Ya,2,continue,0,12,0
watershed_x_landform,B_830304_68_LF_10101,荒川 / basin 68 / 山地斜面等,all_land_use,Jo->Ya,2,drop,12,12,1
watershed_x_landform,B_830304_68_LF_10101,荒川 / basin 68 / 山地斜面等,all_land_use,Jo->Ya,2,new,0,12,0
watershed_x_landform,B_830304_68_LF_10101,荒川 / basin 68 / 山地斜面等,all_land_use,Ko->Na,4,continue,0,2,0
watershed_x_landform,B_830304_68_LF_10101,荒川 / basin 68 / 山地斜面等,all_land_use,Ko->Na,4,drop,0,2,0
watershed_x_landform,B_830304_68_LF_10101,荒川 / basin 68 / 山地斜面等,all_land_use,Ko->Na,4,new,2,2,1
watershed_x_landform,B_830304_68_LF_10101,荒川 / basin 68 / 山地斜面等,all_land_use,Na->He,5,continue,2,10,0.2
watershed_x_landform,B_830304_68_LF_10101,荒川 / basin 68 / 山地斜面等,all_land_use,Na->He,5,drop,0,10,0
watershed_x_landform,B_830304_68_LF_10101,荒川 / basin 68 / 山地斜面等,all_land_use,Na->He,5,new,8,10,0.8
watershed_x_landform,B_830304_68_LF_10101,荒川 / basin 68 / 山地斜面等,all_land_use,Pa->Jo,1,continue,3,12,0.25
watershed_x_landform,B_830304_68_LF_10101,荒川 / basin 68 / 山地斜面等,all_land_use,Pa->Jo,1,drop,0,12,0
watershed_x_landform,B_830304_68_LF_10101,荒川 / basin 68 / 山地斜面等,all_land_use,Pa->Jo,1,new,9,12,0.75
watershed_x_landform,B_830304_68_LF_10314,荒川 / basin 68 / 台地・段丘,all_land_use,He->Me,6,continue,8,28,0.2857142857142857
watershed_x_landform,B_830304_68_LF_10314,荒川 / basin 68 / 台地・段丘,all_land_use,He->Me,6,drop,13,28,0.4642857142857143
watershed_x_landform,B_830304_68_LF_10314,荒川 / basin 68 / 台地・段丘,all_land_use,He->Me,6,new,7,28,0.25
watershed_x_landform,B_830304_68_LF_10314,荒川 / basin 68 / 台地・段丘,all_land_use,Jo->Ya,2,continue,1,46,0.021739130434782608
watershed_x_landform,B_830304_68_LF_10314,荒川 / basin 68 / 台地・段丘,all_land_use,Jo->Ya,2,drop,44,46,0.9565217391304348
watershed_x_landform,B_830304_68_LF_10314,荒川 / basin 68 / 台地・段丘,all_land_use,Jo->Ya,2,new,1,46,0.021739130434782608
watershed_x_landform,B_830304_68_LF_10314,荒川 / basin 68 / 台地・段丘,all_land_use,Ko->Na,4,continue,5,10,0.5
watershed_x_landform,B_830304_68_LF_10314,荒川 / basin 68 / 台地・段丘,all_land_use,Ko->Na,4,drop,0,10,0
watershed_x_landform,B_830304_68_LF_10314,荒川 / basin 68 / 台地・段丘,all_land_use,Ko->Na,4,new,5,10,0.5
watershed_x_landform,B_830304_68_LF_10314,荒川 / basin 68 / 台地・段丘,all_land_use,Na->He,5,continue,8,23,0.34782608695652173
watershed_x_landform,B_830304_68_LF_10314,荒川 / basin 68 / 台地・段丘,all_land_use,Na->He,5,drop,2,23,0.08695652173913043
watershed_x_landform,B_830304_68_LF_10314,荒川 / basin 68 / 台地・段丘,all_land_use,Na->He,5,new,13,23,0.5652173913043478
watershed_x_landform,B_830304_68_LF_10314,荒川 / basin 68 / 台地・段丘,all_land_use,Pa->Jo,1,continue,4,45,0.08888888888888889
watershed_x_landform,B_830304_68_LF_10314,荒川 / basin 68 / 台地・段丘,all_land_use,Pa->Jo,1,drop,0,45,0
watershed_x_landform,B_830304_68_LF_10314,荒川 / basin 68 / 台地・段丘,all_land_use,Pa->Jo,1,new,41,45,0.9111111111111111
watershed_x_landform,B_830304_68_LF_10314,荒川 / basin 68 / 台地・段丘,all_land_use,Ya->Ko,3,continue,1,6,0.16666666666666666
watershed_x_landform,B_830304_68_LF_10314,荒川 / basin 68 / 台地・段丘,all_land_use,Ya->Ko,3,drop,1,6,0.16666666666666666
watershed_x_landform,B_830304_68_LF_10314,荒川 / basin 68 / 台地・段丘,all_land_use,Ya->Ko,3,new,4,6,0.6666666666666666
watershed_x_landform,B_830304_68_LF_10601,荒川 / basin 68 / 凹地・浅い谷,all_land_use,Jo->Ya,2,continue,0,1,0
watershed_x_landform,B_830304_68_LF_10601,荒川 / basin 68 / 凹地・浅い谷,all_land_use,Jo->Ya,2,drop,1,1,1
watershed_x_landform,B_830304_68_LF_10601,荒川 / basin 68 / 凹地・浅い谷,all_land_use,Jo->Ya,2,new,0,1,0
watershed_x_landform,B_830304_68_LF_10601,荒川 / basin 68 / 凹地・浅い谷,all_land_use,Pa->Jo,1,continue,0,2,0
watershed_x_landform,B_830304_68_LF_10601,荒川 / basin 68 / 凹地・浅い谷,all_land_use,Pa->Jo,1,drop,1,2,0.5
watershed_x_landform,B_830304_68_LF_10601,荒川 / basin 68 / 凹地・浅い谷,all_land_use,Pa->Jo,1,new,1,2,0.5
watershed_x_landform,B_830304_68_LF_10701,荒川 / basin 68 / 氾濫平野・海岸平野,all_land_use,He->Me,6,continue,0,1,0
watershed_x_landform,B_830304_68_LF_10701,荒川 / basin 68 / 氾濫平野・海岸平野,all_land_use,He->Me,6,drop,1,1,1
watershed_x_landform,B_830304_68_LF_10701,荒川 / basin 68 / 氾濫平野・海岸平野,all_land_use,He->Me,6,new,0,1,0
watershed_x_landform,B_830304_68_LF_10701,荒川 / basin 68 / 氾濫平野・海岸平野,all_land_use,Jo->Ya,2,continue,0,1,0
watershed_x_landform,B_830304_68_LF_10701,荒川 / basin 68 / 氾濫平野・海岸平野,all_land_use,Jo->Ya,2,drop,1,1,1
watershed_x_landform,B_830304_68_LF_10701,荒川 / basin 68 / 氾濫平野・海岸平野,all_land_use,Jo->Ya,2,new,0,1,0
watershed_x_landform,B_830304_68_LF_10701,荒川 / basin 68 / 氾濫平野・海岸平野,all_land_use,Na->He,5,continue,0,1,0
watershed_x_landform,B_830304_68_LF_10701,荒川 / basin 68 / 氾濫平野・海岸平野,all_land_use,Na->He,5,drop,0,1,0
watershed_x_landform,B_830304_68_LF_10701,荒川 / basin 68 / 氾濫平野・海岸平野,all_land_use,Na->He,5,new,1,1,1
watershed_x_landform,B_830304_68_LF_10701,荒川 / basin 68 / 氾濫平野・海岸平野,all_land_use,Pa->Jo,1,continue,0,1,0
watershed_x_landform,B_830304_68_LF_10701,荒川 / basin 68 / 氾濫平野・海岸平野,all_land_use,Pa->Jo,1,drop,0,1,0
watershed_x_landform,B_830304_68_LF_10701,荒川 / basin 68 / 氾濫平野・海岸平野,all_land_use,Pa->Jo,1,new,1,1,1
watershed_x_landform,B_830304_69_LF_10101,荒川 / basin 69 / 山地斜面等,all_land_use,He->Me,6,continue,0,2,0
watershed_x_landform,B_830304_69_LF_10101,荒川 / basin 69 / 山地斜面等,all_land_use,He->Me,6,drop,2,2,1
watershed_x_landform,B_830304_69_LF_10101,荒川 / basin 69 / 山地斜面等,all_land_use,He->Me,6,new,0,2,0
watershed_x_landform,B_830304_69_LF_10101,荒川 / basin 69 / 山地斜面等,all_land_use,Jo->Ya,2,continue,1,7,0.14285714285714285
watershed_x_landform,B_830304_69_LF_10101,荒川 / basin 69 / 山地斜面等,all_land_use,Jo->Ya,2,drop,4,7,0.5714285714285714
watershed_x_landform,B_830304_69_LF_10101,荒川 / basin 69 / 山地斜面等,all_land_use,Jo->Ya,2,new,2,7,0.2857142857142857
watershed_x_landform,B_830304_69_LF_10101,荒川 / basin 69 / 山地斜面等,all_land_use,Ko->Na,4,continue,1,4,0.25
watershed_x_landform,B_830304_69_LF_10101,荒川 / basin 69 / 山地斜面等,all_land_use,Ko->Na,4,drop,1,4,0.25
watershed_x_landform,B_830304_69_LF_10101,荒川 / basin 69 / 山地斜面等,all_land_use,Ko->Na,4,new,2,4,0.5
watershed_x_landform,B_830304_69_LF_10101,荒川 / basin 69 / 山地斜面等,all_land_use,Na->He,5,continue,2,3,0.6666666666666666
watershed_x_landform,B_830304_69_LF_10101,荒川 / basin 69 / 山地斜面等,all_land_use,Na->He,5,drop,1,3,0.3333333333333333
watershed_x_landform,B_830304_69_LF_10101,荒川 / basin 69 / 山地斜面等,all_land_use,Na->He,5,new,0,3,0
watershed_x_landform,B_830304_69_LF_10101,荒川 / basin 69 / 山地斜面等,all_land_use,Pa->Jo,1,continue,0,5,0
watershed_x_landform,B_830304_69_LF_10101,荒川 / basin 69 / 山地斜面等,all_land_use,Pa->Jo,1,drop,0,5,0
watershed_x_landform,B_830304_69_LF_10101,荒川 / basin 69 / 山地斜面等,all_land_use,Pa->Jo,1,new,5,5,1
watershed_x_landform,B_830304_69_LF_10101,荒川 / basin 69 / 山地斜面等,all_land_use,Ya->Ko,3,continue,0,5,0
watershed_x_landform,B_830304_69_LF_10101,荒川 / basin 69 / 山地斜面等,all_land_use,Ya->Ko,3,drop,3,5,0.6
watershed_x_landform,B_830304_69_LF_10101,荒川 / basin 69 / 山地斜面等,all_land_use,Ya->Ko,3,new,2,5,0.4
watershed_x_landform,B_830304_69_LF_10314,荒川 / basin 69 / 台地・段丘,all_land_use,He->Me,6,continue,0,3,0
watershed_x_landform,B_830304_69_LF_10314,荒川 / basin 69 / 台地・段丘,all_land_use,He->Me,6,drop,1,3,0.3333333333333333
watershed_x_landform,B_830304_69_LF_10314,荒川 / basin 69 / 台地・段丘,all_land_use,He->Me,6,new,2,3,0.6666666666666666
watershed_x_landform,B_830304_69_LF_10314,荒川 / basin 69 / 台地・段丘,all_land_use,Jo->Ya,2,continue,4,15,0.26666666666666666
watershed_x_landform,B_830304_69_LF_10314,荒川 / basin 69 / 台地・段丘,all_land_use,Jo->Ya,2,drop,9,15,0.6
watershed_x_landform,B_830304_69_LF_10314,荒川 / basin 69 / 台地・段丘,all_land_use,Jo->Ya,2,new,2,15,0.13333333333333333
watershed_x_landform,B_830304_69_LF_10314,荒川 / basin 69 / 台地・段丘,all_land_use,Ko->Na,4,continue,2,7,0.2857142857142857
watershed_x_landform,B_830304_69_LF_10314,荒川 / basin 69 / 台地・段丘,all_land_use,Ko->Na,4,drop,5,7,0.7142857142857143
watershed_x_landform,B_830304_69_LF_10314,荒川 / basin 69 / 台地・段丘,all_land_use,Ko->Na,4,new,0,7,0
watershed_x_landform,B_830304_69_LF_10314,荒川 / basin 69 / 台地・段丘,all_land_use,Na->He,5,continue,0,3,0
watershed_x_landform,B_830304_69_LF_10314,荒川 / basin 69 / 台地・段丘,all_land_use,Na->He,5,drop,2,3,0.6666666666666666
watershed_x_landform,B_830304_69_LF_10314,荒川 / basin 69 / 台地・段丘,all_land_use,Na->He,5,new,1,3,0.3333333333333333
watershed_x_landform,B_830304_69_LF_10314,荒川 / basin 69 / 台地・段丘,all_land_use,Pa->Jo,1,continue,0,14,0
watershed_x_landform,B_830304_69_LF_10314,荒川 / basin 69 / 台地・段丘,all_land_use,Pa->Jo,1,drop,1,14,0.07142857142857142
watershed_x_landform,B_830304_69_LF_10314,荒川 / basin 69 / 台地・段丘,all_land_use,Pa->Jo,1,new,13,14,0.9285714285714286
watershed_x_landform,B_830304_69_LF_10314,荒川 / basin 69 / 台地・段丘,all_land_use,Ya->Ko,3,continue,3,10,0.3
watershed_x_landform,B_830304_69_LF_10314,荒川 / basin 69 / 台地・段丘,all_land_use,Ya->Ko,3,drop,3,10,0.3
watershed_x_landform,B_830304_69_LF_10314,荒川 / basin 69 / 台地・段丘,all_land_use,Ya->Ko,3,new,4,10,0.4
watershed_x_landform,B_830304_69_LF_10701,荒川 / basin 69 / 氾濫平野・海岸平野,all_land_use,He->Me,6,continue,0,1,0
watershed_x_landform,B_830304_69_LF_10701,荒川 / basin 69 / 氾濫平野・海岸平野,all_land_use,He->Me,6,drop,0,1,0
watershed_x_landform,B_830304_69_LF_10701,荒川 / basin 69 / 氾濫平野・海岸平野,all_land_use,He->Me,6,new,1,1,1
watershed_x_landform,B_830304_69_LF_10701,荒川 / basin 69 / 氾濫平野・海岸平野,all_land_use,Jo->Ya,2,continue,1,2,0.5
watershed_x_landform,B_830304_69_LF_10701,荒川 / basin 69 / 氾濫平野・海岸平野,all_land_use,Jo->Ya,2,drop,1,2,0.5
watershed_x_landform,B_830304_69_LF_10701,荒川 / basin 69 / 氾濫平野・海岸平野,all_land_use,Jo->Ya,2,new,0,2,0
watershed_x_landform,B_830304_69_LF_10701,荒川 / basin 69 / 氾濫平野・海岸平野,all_land_use,Ko->Na,4,continue,0,1,0
watershed_x_landform,B_830304_69_LF_10701,荒川 / basin 69 / 氾濫平野・海岸平野,all_land_use,Ko->Na,4,drop,1,1,1
watershed_x_landform,B_830304_69_LF_10701,荒川 / basin 69 / 氾濫平野・海岸平野,all_land_use,Ko->Na,4,new,0,1,0
watershed_x_landform,B_830304_69_LF_10701,荒川 / basin 69 / 氾濫平野・海岸平野,all_land_use,Pa->Jo,1,continue,0,2,0
watershed_x_landform,B_830304_69_LF_10701,荒川 / basin 69 / 氾濫平野・海岸平野,all_land_use,Pa->Jo,1,drop,0,2,0
watershed_x_landform,B_830304_69_LF_10701,荒川 / basin 69 / 氾濫平野・海岸平野,all_land_use,Pa->Jo,1,new,2,2,1
watershed_x_landform,B_830304_69_LF_10701,荒川 / basin 69 / 氾濫平野・海岸平野,all_land_use,Ya->Ko,3,continue,1,1,1
watershed_x_landform,B_830304_69_LF_10701,荒川 / basin 69 / 氾濫平野・海岸平野,all_land_use,Ya->Ko,3,drop,0,1,0
watershed_x_landform,B_830304_69_LF_10701,荒川 / basin 69 / 氾濫平野・海岸平野,all_land_use,Ya->Ko,3,new,0,1,0
watershed_x_landform,B_830304_70_LF_10101,荒川 / basin 70 / 山地斜面等,all_land_use,He->Me,6,continue,0,3,0
watershed_x_landform,B_830304_70_LF_10101,荒川 / basin 70 / 山地斜面等,all_land_use,He->Me,6,drop,3,3,1
watershed_x_landform,B_830304_70_LF_10101,荒川 / basin 70 / 山地斜面等,all_land_use,He->Me,6,new,0,3,0
watershed_x_landform,B_830304_70_LF_10101,荒川 / basin 70 / 山地斜面等,all_land_use,Jo->Ya,2,continue,1,14,0.07142857142857142
watershed_x_landform,B_830304_70_LF_10101,荒川 / basin 70 / 山地斜面等,all_land_use,Jo->Ya,2,drop,13,14,0.9285714285714286
watershed_x_landform,B_830304_70_LF_10101,荒川 / basin 70 / 山地斜面等,all_land_use,Jo->Ya,2,new,0,14,0
watershed_x_landform,B_830304_70_LF_10101,荒川 / basin 70 / 山地斜面等,all_land_use,Ko->Na,4,continue,1,5,0.2
watershed_x_landform,B_830304_70_LF_10101,荒川 / basin 70 / 山地斜面等,all_land_use,Ko->Na,4,drop,2,5,0.4
watershed_x_landform,B_830304_70_LF_10101,荒川 / basin 70 / 山地斜面等,all_land_use,Ko->Na,4,new,2,5,0.4
watershed_x_landform,B_830304_70_LF_10101,荒川 / basin 70 / 山地斜面等,all_land_use,Na->He,5,continue,3,3,1
watershed_x_landform,B_830304_70_LF_10101,荒川 / basin 70 / 山地斜面等,all_land_use,Na->He,5,drop,0,3,0
watershed_x_landform,B_830304_70_LF_10101,荒川 / basin 70 / 山地斜面等,all_land_use,Na->He,5,new,0,3,0
watershed_x_landform,B_830304_70_LF_10101,荒川 / basin 70 / 山地斜面等,all_land_use,Pa->Jo,1,continue,3,14,0.21428571428571427
watershed_x_landform,B_830304_70_LF_10101,荒川 / basin 70 / 山地斜面等,all_land_use,Pa->Jo,1,drop,0,14,0
watershed_x_landform,B_830304_70_LF_10101,荒川 / basin 70 / 山地斜面等,all_land_use,Pa->Jo,1,new,11,14,0.7857142857142857
watershed_x_landform,B_830304_70_LF_10101,荒川 / basin 70 / 山地斜面等,all_land_use,Ya->Ko,3,continue,0,4,0
watershed_x_landform,B_830304_70_LF_10101,荒川 / basin 70 / 山地斜面等,all_land_use,Ya->Ko,3,drop,1,4,0.25
watershed_x_landform,B_830304_70_LF_10101,荒川 / basin 70 / 山地斜面等,all_land_use,Ya->Ko,3,new,3,4,0.75
watershed_x_landform,B_830304_70_LF_10314,荒川 / basin 70 / 台地・段丘,all_land_use,He->Me,6,continue,1,8,0.125
watershed_x_landform,B_830304_70_LF_10314,荒川 / basin 70 / 台地・段丘,all_land_use,He->Me,6,drop,3,8,0.375
watershed_x_landform,B_830304_70_LF_10314,荒川 / basin 70 / 台地・段丘,all_land_use,He->Me,6,new,4,8,0.5
watershed_x_landform,B_830304_70_LF_10314,荒川 / basin 70 / 台地・段丘,all_land_use,Jo->Ya,2,continue,4,31,0.12903225806451613
watershed_x_landform,B_830304_70_LF_10314,荒川 / basin 70 / 台地・段丘,all_land_use,Jo->Ya,2,drop,26,31,0.8387096774193549
watershed_x_landform,B_830304_70_LF_10314,荒川 / basin 70 / 台地・段丘,all_land_use,Jo->Ya,2,new,1,31,0.03225806451612903
watershed_x_landform,B_830304_70_LF_10314,荒川 / basin 70 / 台地・段丘,all_land_use,Ko->Na,4,continue,2,16,0.125
watershed_x_landform,B_830304_70_LF_10314,荒川 / basin 70 / 台地・段丘,all_land_use,Ko->Na,4,drop,13,16,0.8125
watershed_x_landform,B_830304_70_LF_10314,荒川 / basin 70 / 台地・段丘,all_land_use,Ko->Na,4,new,1,16,0.0625
watershed_x_landform,B_830304_70_LF_10314,荒川 / basin 70 / 台地・段丘,all_land_use,Na->He,5,continue,3,4,0.75
watershed_x_landform,B_830304_70_LF_10314,荒川 / basin 70 / 台地・段丘,all_land_use,Na->He,5,drop,0,4,0
watershed_x_landform,B_830304_70_LF_10314,荒川 / basin 70 / 台地・段丘,all_land_use,Na->He,5,new,1,4,0.25
watershed_x_landform,B_830304_70_LF_10314,荒川 / basin 70 / 台地・段丘,all_land_use,Pa->Jo,1,continue,15,30,0.5
watershed_x_landform,B_830304_70_LF_10314,荒川 / basin 70 / 台地・段丘,all_land_use,Pa->Jo,1,drop,0,30,0
watershed_x_landform,B_830304_70_LF_10314,荒川 / basin 70 / 台地・段丘,all_land_use,Pa->Jo,1,new,15,30,0.5
watershed_x_landform,B_830304_70_LF_10314,荒川 / basin 70 / 台地・段丘,all_land_use,Ya->Ko,3,continue,3,17,0.17647058823529413
watershed_x_landform,B_830304_70_LF_10314,荒川 / basin 70 / 台地・段丘,all_land_use,Ya->Ko,3,drop,2,17,0.11764705882352941
watershed_x_landform,B_830304_70_LF_10314,荒川 / basin 70 / 台地・段丘,all_land_use,Ya->Ko,3,new,12,17,0.7058823529411765
watershed_x_landform,B_830304_70_LF_10601,荒川 / basin 70 / 凹地・浅い谷,all_land_use,Jo->Ya,2,continue,0,2,0
watershed_x_landform,B_830304_70_LF_10601,荒川 / basin 70 / 凹地・浅い谷,all_land_use,Jo->Ya,2,drop,2,2,1
watershed_x_landform,B_830304_70_LF_10601,荒川 / basin 70 / 凹地・浅い谷,all_land_use,Jo->Ya,2,new,0,2,0
watershed_x_landform,B_830304_70_LF_10601,荒川 / basin 70 / 凹地・浅い谷,all_land_use,Pa->Jo,1,continue,0,2,0
watershed_x_landform,B_830304_70_LF_10601,荒川 / basin 70 / 凹地・浅い谷,all_land_use,Pa->Jo,1,drop,0,2,0
watershed_x_landform,B_830304_70_LF_10601,荒川 / basin 70 / 凹地・浅い谷,all_land_use,Pa->Jo,1,new,2,2,1
watershed_x_landform,B_830304_70_LF_10701,荒川 / basin 70 / 氾濫平野・海岸平野,all_land_use,He->Me,6,continue,0,2,0
watershed_x_landform,B_830304_70_LF_10701,荒川 / basin 70 / 氾濫平野・海岸平野,all_land_use,He->Me,6,drop,0,2,0
watershed_x_landform,B_830304_70_LF_10701,荒川 / basin 70 / 氾濫平野・海岸平野,all_land_use,He->Me,6,new,2,2,1
watershed_x_landform,B_830304_70_LF_10701,荒川 / basin 70 / 氾濫平野・海岸平野,all_land_use,Jo->Ya,2,continue,1,6,0.16666666666666666
watershed_x_landform,B_830304_70_LF_10701,荒川 / basin 70 / 氾濫平野・海岸平野,all_land_use,Jo->Ya,2,drop,5,6,0.8333333333333334
watershed_x_landform,B_830304_70_LF_10701,荒川 / basin 70 / 氾濫平野・海岸平野,all_land_use,Jo->Ya,2,new,0,6,0
watershed_x_landform,B_830304_70_LF_10701,荒川 / basin 70 / 氾濫平野・海岸平野,all_land_use,Ko->Na,4,continue,0,1,0
watershed_x_landform,B_830304_70_LF_10701,荒川 / basin 70 / 氾濫平野・海岸平野,all_land_use,Ko->Na,4,drop,1,1,1
watershed_x_landform,B_830304_70_LF_10701,荒川 / basin 70 / 氾濫平野・海岸平野,all_land_use,Ko->Na,4,new,0,1,0
watershed_x_landform,B_830304_70_LF_10701,荒川 / basin 70 / 氾濫平野・海岸平野,all_land_use,Pa->Jo,1,continue,2,6,0.3333333333333333
watershed_x_landform,B_830304_70_LF_10701,荒川 / basin 70 / 氾濫平野・海岸平野,all_land_use,Pa->Jo,1,drop,0,6,0
watershed_x_landform,B_830304_70_LF_10701,荒川 / basin 70 / 氾濫平野・海岸平野,all_land_use,Pa->Jo,1,new,4,6,0.6666666666666666
watershed_x_landform,B_830304_70_LF_10701,荒川 / basin 70 / 氾濫平野・海岸平野,all_land_use,Ya->Ko,3,continue,0,2,0
watershed_x_landform,B_830304_70_LF_10701,荒川 / basin 70 / 氾濫平野・海岸平野,all_land_use,Ya->Ko,3,drop,1,2,0.5
watershed_x_landform,B_830304_70_LF_10701,荒川 / basin 70 / 氾濫平野・海岸平野,all_land_use,Ya->Ko,3,new,1,2,0.5
watershed_x_landform,B_830304_77_LF_10314,荒川 / basin 77 / 台地・段丘,all_land_use,Jo->Ya,2,continue,0,2,0
watershed_x_landform,B_830304_77_LF_10314,荒川 / basin 77 / 台地・段丘,all_land_use,Jo->Ya,2,drop,2,2,1
watershed_x_landform,B_830304_77_LF_10314,荒川 / basin 77 / 台地・段丘,all_land_use,Jo->Ya,2,new,0,2,0
watershed_x_landform,B_830304_77_LF_10314,荒川 / basin 77 / 台地・段丘,all_land_use,Pa->Jo,1,continue,1,2,0.5
watershed_x_landform,B_830304_77_LF_10314,荒川 / basin 77 / 台地・段丘,all_land_use,Pa->Jo,1,drop,0,2,0
watershed_x_landform,B_830304_77_LF_10314,荒川 / basin 77 / 台地・段丘,all_land_use,Pa->Jo,1,new,1,2,0.5
watershed_x_landform,B_830304_77_LF_10701,荒川 / basin 77 / 氾濫平野・海岸平野,all_land_use,Jo->Ya,2,continue,0,1,0
watershed_x_landform,B_830304_77_LF_10701,荒川 / basin 77 / 氾濫平野・海岸平野,all_land_use,Jo->Ya,2,drop,1,1,1
watershed_x_landform,B_830304_77_LF_10701,荒川 / basin 77 / 氾濫平野・海岸平野,all_land_use,Jo->Ya,2,new,0,1,0
watershed_x_landform,B_830304_77_LF_10701,荒川 / basin 77 / 氾濫平野・海岸平野,all_land_use,Pa->Jo,1,continue,0,1,0
watershed_x_landform,B_830304_77_LF_10701,荒川 / basin 77 / 氾濫平野・海岸平野,all_land_use,Pa->Jo,1,drop,0,1,0
watershed_x_landform,B_830304_77_LF_10701,荒川 / basin 77 / 氾濫平野・海岸平野,all_land_use,Pa->Jo,1,new,1,1,1
watershed_x_landform,B_830304_79_LF_10101,荒川 / basin 79 / 山地斜面等,all_land_use,He->Me,6,continue,0,1,0
watershed_x_landform,B_830304_79_LF_10101,荒川 / basin 79 / 山地斜面等,all_land_use,He->Me,6,drop,0,1,0
watershed_x_landform,B_830304_79_LF_10101,荒川 / basin 79 / 山地斜面等,all_land_use,He->Me,6,new,1,1,1
watershed_x_landform,B_830304_79_LF_10101,荒川 / basin 79 / 山地斜面等,all_land_use,Jo->Ya,2,continue,0,1,0
watershed_x_landform,B_830304_79_LF_10101,荒川 / basin 79 / 山地斜面等,all_land_use,Jo->Ya,2,drop,1,1,1
watershed_x_landform,B_830304_79_LF_10101,荒川 / basin 79 / 山地斜面等,all_land_use,Jo->Ya,2,new,0,1,0
watershed_x_landform,B_830304_79_LF_10101,荒川 / basin 79 / 山地斜面等,all_land_use,Pa->Jo,1,continue,1,1,1
watershed_x_landform,B_830304_79_LF_10101,荒川 / basin 79 / 山地斜面等,all_land_use,Pa->Jo,1,drop,0,1,0
watershed_x_landform,B_830304_79_LF_10101,荒川 / basin 79 / 山地斜面等,all_land_use,Pa->Jo,1,new,0,1,0
watershed_x_landform,B_830304_79_LF_10314,荒川 / basin 79 / 台地・段丘,all_land_use,He->Me,6,continue,1,6,0.16666666666666666
watershed_x_landform,B_830304_79_LF_10314,荒川 / basin 79 / 台地・段丘,all_land_use,He->Me,6,drop,5,6,0.8333333333333334
watershed_x_landform,B_830304_79_LF_10314,荒川 / basin 79 / 台地・段丘,all_land_use,He->Me,6,new,0,6,0
watershed_x_landform,B_830304_79_LF_10314,荒川 / basin 79 / 台地・段丘,all_land_use,Jo->Ya,2,continue,1,2,0.5
watershed_x_landform,B_830304_79_LF_10314,荒川 / basin 79 / 台地・段丘,all_land_use,Jo->Ya,2,drop,1,2,0.5
watershed_x_landform,B_830304_79_LF_10314,荒川 / basin 79 / 台地・段丘,all_land_use,Jo->Ya,2,new,0,2,0
watershed_x_landform,B_830304_79_LF_10314,荒川 / basin 79 / 台地・段丘,all_land_use,Ko->Na,4,continue,2,2,1
watershed_x_landform,B_830304_79_LF_10314,荒川 / basin 79 / 台地・段丘,all_land_use,Ko->Na,4,drop,0,2,0
watershed_x_landform,B_830304_79_LF_10314,荒川 / basin 79 / 台地・段丘,all_land_use,Ko->Na,4,new,0,2,0
watershed_x_landform,B_830304_79_LF_10314,荒川 / basin 79 / 台地・段丘,all_land_use,Na->He,5,continue,2,6,0.3333333333333333
watershed_x_landform,B_830304_79_LF_10314,荒川 / basin 79 / 台地・段丘,all_land_use,Na->He,5,drop,0,6,0
watershed_x_landform,B_830304_79_LF_10314,荒川 / basin 79 / 台地・段丘,all_land_use,Na->He,5,new,4,6,0.6666666666666666
watershed_x_landform,B_830304_79_LF_10314,荒川 / basin 79 / 台地・段丘,all_land_use,Pa->Jo,1,continue,1,2,0.5
watershed_x_landform,B_830304_79_LF_10314,荒川 / basin 79 / 台地・段丘,all_land_use,Pa->Jo,1,drop,0,2,0
watershed_x_landform,B_830304_79_LF_10314,荒川 / basin 79 / 台地・段丘,all_land_use,Pa->Jo,1,new,1,2,0.5
watershed_x_landform,B_830304_79_LF_10314,荒川 / basin 79 / 台地・段丘,all_land_use,Ya->Ko,3,continue,1,2,0.5
watershed_x_landform,B_830304_79_LF_10314,荒川 / basin 79 / 台地・段丘,all_land_use,Ya->Ko,3,drop,0,2,0
watershed_x_landform,B_830304_79_LF_10314,荒川 / basin 79 / 台地・段丘,all_land_use,Ya->Ko,3,new,1,2,0.5
watershed_x_landform,B_830304_79_LF_10601,荒川 / basin 79 / 凹地・浅い谷,all_land_use,He->Me,6,continue,0,2,0
watershed_x_landform,B_830304_79_LF_10601,荒川 / basin 79 / 凹地・浅い谷,all_land_use,He->Me,6,drop,2,2,1
watershed_x_landform,B_830304_79_LF_10601,荒川 / basin 79 / 凹地・浅い谷,all_land_use,He->Me,6,new,0,2,0
watershed_x_landform,B_830304_79_LF_10601,荒川 / basin 79 / 凹地・浅い谷,all_land_use,Jo->Ya,2,continue,0,2,0
watershed_x_landform,B_830304_79_LF_10601,荒川 / basin 79 / 凹地・浅い谷,all_land_use,Jo->Ya,2,drop,2,2,1
watershed_x_landform,B_830304_79_LF_10601,荒川 / basin 79 / 凹地・浅い谷,all_land_use,Jo->Ya,2,new,0,2,0
watershed_x_landform,B_830304_79_LF_10601,荒川 / basin 79 / 凹地・浅い谷,all_land_use,Na->He,5,continue,0,2,0
watershed_x_landform,B_830304_79_LF_10601,荒川 / basin 79 / 凹地・浅い谷,all_land_use,Na->He,5,drop,0,2,0
watershed_x_landform,B_830304_79_LF_10601,荒川 / basin 79 / 凹地・浅い谷,all_land_use,Na->He,5,new,2,2,1
watershed_x_landform,B_830304_79_LF_10601,荒川 / basin 79 / 凹地・浅い谷,all_land_use,Pa->Jo,1,continue,0,2,0
watershed_x_landform,B_830304_79_LF_10601,荒川 / basin 79 / 凹地・浅い谷,all_land_use,Pa->Jo,1,drop,0,2,0
watershed_x_landform,B_830304_79_LF_10601,荒川 / basin 79 / 凹地・浅い谷,all_land_use,Pa->Jo,1,new,2,2,1
watershed_x_landform,B_830304_80_LF_10101,荒川 / basin 80 / 山地斜面等,all_land_use,He->Me,6,continue,0,1,0
watershed_x_landform,B_830304_80_LF_10101,荒川 / basin 80 / 山地斜面等,all_land_use,He->Me,6,drop,1,1,1
watershed_x_landform,B_830304_80_LF_10101,荒川 / basin 80 / 山地斜面等,all_land_use,He->Me,6,new,0,1,0
watershed_x_landform,B_830304_80_LF_10101,荒川 / basin 80 / 山地斜面等,all_land_use,Jo->Ya,2,continue,1,14,0.07142857142857142
watershed_x_landform,B_830304_80_LF_10101,荒川 / basin 80 / 山地斜面等,all_land_use,Jo->Ya,2,drop,13,14,0.9285714285714286
watershed_x_landform,B_830304_80_LF_10101,荒川 / basin 80 / 山地斜面等,all_land_use,Jo->Ya,2,new,0,14,0
watershed_x_landform,B_830304_80_LF_10101,荒川 / basin 80 / 山地斜面等,all_land_use,Na->He,5,continue,0,1,0
watershed_x_landform,B_830304_80_LF_10101,荒川 / basin 80 / 山地斜面等,all_land_use,Na->He,5,drop,0,1,0
watershed_x_landform,B_830304_80_LF_10101,荒川 / basin 80 / 山地斜面等,all_land_use,Na->He,5,new,1,1,1
watershed_x_landform,B_830304_80_LF_10101,荒川 / basin 80 / 山地斜面等,all_land_use,Pa->Jo,1,continue,4,14,0.2857142857142857
watershed_x_landform,B_830304_80_LF_10101,荒川 / basin 80 / 山地斜面等,all_land_use,Pa->Jo,1,drop,0,14,0
watershed_x_landform,B_830304_80_LF_10101,荒川 / basin 80 / 山地斜面等,all_land_use,Pa->Jo,1,new,10,14,0.7142857142857143
watershed_x_landform,B_830304_80_LF_10101,荒川 / basin 80 / 山地斜面等,all_land_use,Ya->Ko,3,continue,0,1,0
watershed_x_landform,B_830304_80_LF_10101,荒川 / basin 80 / 山地斜面等,all_land_use,Ya->Ko,3,drop,1,1,1
watershed_x_landform,B_830304_80_LF_10101,荒川 / basin 80 / 山地斜面等,all_land_use,Ya->Ko,3,new,0,1,0
watershed_x_landform,B_830304_80_LF_10314,荒川 / basin 80 / 台地・段丘,all_land_use,He->Me,6,continue,0,5,0
watershed_x_landform,B_830304_80_LF_10314,荒川 / basin 80 / 台地・段丘,all_land_use,He->Me,6,drop,5,5,1
watershed_x_landform,B_830304_80_LF_10314,荒川 / basin 80 / 台地・段丘,all_land_use,He->Me,6,new,0,5,0
watershed_x_landform,B_830304_80_LF_10314,荒川 / basin 80 / 台地・段丘,all_land_use,Jo->Ya,2,continue,1,47,0.02127659574468085
watershed_x_landform,B_830304_80_LF_10314,荒川 / basin 80 / 台地・段丘,all_land_use,Jo->Ya,2,drop,46,47,0.9787234042553191
watershed_x_landform,B_830304_80_LF_10314,荒川 / basin 80 / 台地・段丘,all_land_use,Jo->Ya,2,new,0,47,0
watershed_x_landform,B_830304_80_LF_10314,荒川 / basin 80 / 台地・段丘,all_land_use,Na->He,5,continue,0,5,0
watershed_x_landform,B_830304_80_LF_10314,荒川 / basin 80 / 台地・段丘,all_land_use,Na->He,5,drop,0,5,0
watershed_x_landform,B_830304_80_LF_10314,荒川 / basin 80 / 台地・段丘,all_land_use,Na->He,5,new,5,5,1
watershed_x_landform,B_830304_80_LF_10314,荒川 / basin 80 / 台地・段丘,all_land_use,Pa->Jo,1,continue,14,48,0.2916666666666667
watershed_x_landform,B_830304_80_LF_10314,荒川 / basin 80 / 台地・段丘,all_land_use,Pa->Jo,1,drop,1,48,0.020833333333333332
watershed_x_landform,B_830304_80_LF_10314,荒川 / basin 80 / 台地・段丘,all_land_use,Pa->Jo,1,new,33,48,0.6875
watershed_x_landform,B_830304_80_LF_10314,荒川 / basin 80 / 台地・段丘,all_land_use,Ya->Ko,3,continue,0,1,0
watershed_x_landform,B_830304_80_LF_10314,荒川 / basin 80 / 台地・段丘,all_land_use,Ya->Ko,3,drop,1,1,1
watershed_x_landform,B_830304_80_LF_10314,荒川 / basin 80 / 台地・段丘,all_land_use,Ya->Ko,3,new,0,1,0
watershed_x_landform,B_830304_80_LF_10601,荒川 / basin 80 / 凹地・浅い谷,all_land_use,Jo->Ya,2,continue,0,2,0
watershed_x_landform,B_830304_80_LF_10601,荒川 / basin 80 / 凹地・浅い谷,all_land_use,Jo->Ya,2,drop,2,2,1
watershed_x_landform,B_830304_80_LF_10601,荒川 / basin 80 / 凹地・浅い谷,all_land_use,Jo->Ya,2,new,0,2,0
watershed_x_landform,B_830304_80_LF_10601,荒川 / basin 80 / 凹地・浅い谷,all_land_use,Pa->Jo,1,continue,0,2,0
watershed_x_landform,B_830304_80_LF_10601,荒川 / basin 80 / 凹地・浅い谷,all_land_use,Pa->Jo,1,drop,0,2,0
watershed_x_landform,B_830304_80_LF_10601,荒川 / basin 80 / 凹地・浅い谷,all_land_use,Pa->Jo,1,new,2,2,1
watershed_x_landform,B_830304_80_LF_10701,荒川 / basin 80 / 氾濫平野・海岸平野,all_land_use,Jo->Ya,2,continue,0,1,0
watershed_x_landform,B_830304_80_LF_10701,荒川 / basin 80 / 氾濫平野・海岸平野,all_land_use,Jo->Ya,2,drop,1,1,1
watershed_x_landform,B_830304_80_LF_10701,荒川 / basin 80 / 氾濫平野・海岸平野,all_land_use,Jo->Ya,2,new,0,1,0
watershed_x_landform,B_830304_80_LF_10701,荒川 / basin 80 / 氾濫平野・海岸平野,all_land_use,Pa->Jo,1,continue,1,1,1
watershed_x_landform,B_830304_80_LF_10701,荒川 / basin 80 / 氾濫平野・海岸平野,all_land_use,Pa->Jo,1,drop,0,1,0
watershed_x_landform,B_830304_80_LF_10701,荒川 / basin 80 / 氾濫平野・海岸平野,all_land_use,Pa->Jo,1,new,0,1,0
watershed_x_landform,B_830304_82_LF_10101,荒川 / basin 82 / 山地斜面等,all_land_use,He->Me,6,continue,0,7,0
watershed_x_landform,B_830304_82_LF_10101,荒川 / basin 82 / 山地斜面等,all_land_use,He->Me,6,drop,6,7,0.8571428571428571
watershed_x_landform,B_830304_82_LF_10101,荒川 / basin 82 / 山地斜面等,all_land_use,He->Me,6,new,1,7,0.14285714285714285
watershed_x_landform,B_830304_82_LF_10101,荒川 / basin 82 / 山地斜面等,all_land_use,Jo->Ya,2,continue,0,7,0
watershed_x_landform,B_830304_82_LF_10101,荒川 / basin 82 / 山地斜面等,all_land_use,Jo->Ya,2,drop,7,7,1
watershed_x_landform,B_830304_82_LF_10101,荒川 / basin 82 / 山地斜面等,all_land_use,Jo->Ya,2,new,0,7,0
watershed_x_landform,B_830304_82_LF_10101,荒川 / basin 82 / 山地斜面等,all_land_use,Na->He,5,continue,0,6,0
watershed_x_landform,B_830304_82_LF_10101,荒川 / basin 82 / 山地斜面等,all_land_use,Na->He,5,drop,0,6,0
watershed_x_landform,B_830304_82_LF_10101,荒川 / basin 82 / 山地斜面等,all_land_use,Na->He,5,new,6,6,1
watershed_x_landform,B_830304_82_LF_10101,荒川 / basin 82 / 山地斜面等,all_land_use,Pa->Jo,1,continue,2,7,0.2857142857142857
watershed_x_landform,B_830304_82_LF_10101,荒川 / basin 82 / 山地斜面等,all_land_use,Pa->Jo,1,drop,0,7,0
watershed_x_landform,B_830304_82_LF_10101,荒川 / basin 82 / 山地斜面等,all_land_use,Pa->Jo,1,new,5,7,0.7142857142857143
watershed_x_landform,B_830304_82_LF_10314,荒川 / basin 82 / 台地・段丘,all_land_use,He->Me,6,continue,1,23,0.043478260869565216
watershed_x_landform,B_830304_82_LF_10314,荒川 / basin 82 / 台地・段丘,all_land_use,He->Me,6,drop,21,23,0.9130434782608695
watershed_x_landform,B_830304_82_LF_10314,荒川 / basin 82 / 台地・段丘,all_land_use,He->Me,6,new,1,23,0.043478260869565216
watershed_x_landform,B_830304_82_LF_10314,荒川 / basin 82 / 台地・段丘,all_land_use,Jo->Ya,2,continue,0,17,0
watershed_x_landform,B_830304_82_LF_10314,荒川 / basin 82 / 台地・段丘,all_land_use,Jo->Ya,2,drop,17,17,1
watershed_x_landform,B_830304_82_LF_10314,荒川 / basin 82 / 台地・段丘,all_land_use,Jo->Ya,2,new,0,17,0
watershed_x_landform,B_830304_82_LF_10314,荒川 / basin 82 / 台地・段丘,all_land_use,Na->He,5,continue,0,22,0
watershed_x_landform,B_830304_82_LF_10314,荒川 / basin 82 / 台地・段丘,all_land_use,Na->He,5,drop,0,22,0
watershed_x_landform,B_830304_82_LF_10314,荒川 / basin 82 / 台地・段丘,all_land_use,Na->He,5,new,22,22,1
watershed_x_landform,B_830304_82_LF_10314,荒川 / basin 82 / 台地・段丘,all_land_use,Pa->Jo,1,continue,0,17,0
watershed_x_landform,B_830304_82_LF_10314,荒川 / basin 82 / 台地・段丘,all_land_use,Pa->Jo,1,drop,0,17,0
watershed_x_landform,B_830304_82_LF_10314,荒川 / basin 82 / 台地・段丘,all_land_use,Pa->Jo,1,new,17,17,1
watershed_x_landform,B_830304_82_LF_10601,荒川 / basin 82 / 凹地・浅い谷,all_land_use,He->Me,6,continue,0,4,0
watershed_x_landform,B_830304_82_LF_10601,荒川 / basin 82 / 凹地・浅い谷,all_land_use,He->Me,6,drop,4,4,1
watershed_x_landform,B_830304_82_LF_10601,荒川 / basin 82 / 凹地・浅い谷,all_land_use,He->Me,6,new,0,4,0
watershed_x_landform,B_830304_82_LF_10601,荒川 / basin 82 / 凹地・浅い谷,all_land_use,Jo->Ya,2,continue,0,1,0
watershed_x_landform,B_830304_82_LF_10601,荒川 / basin 82 / 凹地・浅い谷,all_land_use,Jo->Ya,2,drop,1,1,1
watershed_x_landform,B_830304_82_LF_10601,荒川 / basin 82 / 凹地・浅い谷,all_land_use,Jo->Ya,2,new,0,1,0
watershed_x_landform,B_830304_82_LF_10601,荒川 / basin 82 / 凹地・浅い谷,all_land_use,Na->He,5,continue,0,4,0
watershed_x_landform,B_830304_82_LF_10601,荒川 / basin 82 / 凹地・浅い谷,all_land_use,Na->He,5,drop,0,4,0
watershed_x_landform,B_830304_82_LF_10601,荒川 / basin 82 / 凹地・浅い谷,all_land_use,Na->He,5,new,4,4,1
watershed_x_landform,B_830304_82_LF_10601,荒川 / basin 82 / 凹地・浅い谷,all_land_use,Pa->Jo,1,continue,0,1,0
watershed_x_landform,B_830304_82_LF_10601,荒川 / basin 82 / 凹地・浅い谷,all_land_use,Pa->Jo,1,drop,0,1,0
watershed_x_landform,B_830304_82_LF_10601,荒川 / basin 82 / 凹地・浅い谷,all_land_use,Pa->Jo,1,new,1,1,1
watershed_x_landform,B_830304_83_LF_10101,荒川 / basin 83 / 山地斜面等,all_land_use,He->Me,6,continue,0,2,0
watershed_x_landform,B_830304_83_LF_10101,荒川 / basin 83 / 山地斜面等,all_land_use,He->Me,6,drop,2,2,1
watershed_x_landform,B_830304_83_LF_10101,荒川 / basin 83 / 山地斜面等,all_land_use,He->Me,6,new,0,2,0
watershed_x_landform,B_830304_83_LF_10101,荒川 / basin 83 / 山地斜面等,all_land_use,Jo->Ya,2,continue,0,4,0
watershed_x_landform,B_830304_83_LF_10101,荒川 / basin 83 / 山地斜面等,all_land_use,Jo->Ya,2,drop,4,4,1
watershed_x_landform,B_830304_83_LF_10101,荒川 / basin 83 / 山地斜面等,all_land_use,Jo->Ya,2,new,0,4,0
watershed_x_landform,B_830304_83_LF_10101,荒川 / basin 83 / 山地斜面等,all_land_use,Ko->Na,4,continue,1,2,0.5
watershed_x_landform,B_830304_83_LF_10101,荒川 / basin 83 / 山地斜面等,all_land_use,Ko->Na,4,drop,0,2,0
watershed_x_landform,B_830304_83_LF_10101,荒川 / basin 83 / 山地斜面等,all_land_use,Ko->Na,4,new,1,2,0.5
watershed_x_landform,B_830304_83_LF_10101,荒川 / basin 83 / 山地斜面等,all_land_use,Na->He,5,continue,2,2,1
watershed_x_landform,B_830304_83_LF_10101,荒川 / basin 83 / 山地斜面等,all_land_use,Na->He,5,drop,0,2,0
watershed_x_landform,B_830304_83_LF_10101,荒川 / basin 83 / 山地斜面等,all_land_use,Na->He,5,new,0,2,0
watershed_x_landform,B_830304_83_LF_10101,荒川 / basin 83 / 山地斜面等,all_land_use,Pa->Jo,1,continue,0,4,0
watershed_x_landform,B_830304_83_LF_10101,荒川 / basin 83 / 山地斜面等,all_land_use,Pa->Jo,1,drop,0,4,0
watershed_x_landform,B_830304_83_LF_10101,荒川 / basin 83 / 山地斜面等,all_land_use,Pa->Jo,1,new,4,4,1
watershed_x_landform,B_830304_83_LF_10101,荒川 / basin 83 / 山地斜面等,all_land_use,Ya->Ko,3,continue,0,1,0
watershed_x_landform,B_830304_83_LF_10101,荒川 / basin 83 / 山地斜面等,all_land_use,Ya->Ko,3,drop,0,1,0
watershed_x_landform,B_830304_83_LF_10101,荒川 / basin 83 / 山地斜面等,all_land_use,Ya->Ko,3,new,1,1,1
watershed_x_landform,B_830304_83_LF_10202,荒川 / basin 83 / 崖・段丘崖,all_land_use,He->Me,6,continue,0,1,0
watershed_x_landform,B_830304_83_LF_10202,荒川 / basin 83 / 崖・段丘崖,all_land_use,He->Me,6,drop,1,1,1
watershed_x_landform,B_830304_83_LF_10202,荒川 / basin 83 / 崖・段丘崖,all_land_use,He->Me,6,new,0,1,0
watershed_x_landform,B_830304_83_LF_10202,荒川 / basin 83 / 崖・段丘崖,all_land_use,Jo->Ya,2,continue,0,1,0
watershed_x_landform,B_830304_83_LF_10202,荒川 / basin 83 / 崖・段丘崖,all_land_use,Jo->Ya,2,drop,1,1,1
watershed_x_landform,B_830304_83_LF_10202,荒川 / basin 83 / 崖・段丘崖,all_land_use,Jo->Ya,2,new,0,1,0
watershed_x_landform,B_830304_83_LF_10202,荒川 / basin 83 / 崖・段丘崖,all_land_use,Na->He,5,continue,0,1,0
watershed_x_landform,B_830304_83_LF_10202,荒川 / basin 83 / 崖・段丘崖,all_land_use,Na->He,5,drop,0,1,0
watershed_x_landform,B_830304_83_LF_10202,荒川 / basin 83 / 崖・段丘崖,all_land_use,Na->He,5,new,1,1,1
watershed_x_landform,B_830304_83_LF_10202,荒川 / basin 83 / 崖・段丘崖,all_land_use,Pa->Jo,1,continue,0,1,0
watershed_x_landform,B_830304_83_LF_10202,荒川 / basin 83 / 崖・段丘崖,all_land_use,Pa->Jo,1,drop,0,1,0
watershed_x_landform,B_830304_83_LF_10202,荒川 / basin 83 / 崖・段丘崖,all_land_use,Pa->Jo,1,new,1,1,1
watershed_x_landform,B_830304_83_LF_10314,荒川 / basin 83 / 台地・段丘,all_land_use,He->Me,6,continue,7,15,0.4666666666666667
watershed_x_landform,B_830304_83_LF_10314,荒川 / basin 83 / 台地・段丘,all_land_use,He->Me,6,drop,6,15,0.4
watershed_x_landform,B_830304_83_LF_10314,荒川 / basin 83 / 台地・段丘,all_land_use,He->Me,6,new,2,15,0.13333333333333333
watershed_x_landform,B_830304_83_LF_10314,荒川 / basin 83 / 台地・段丘,all_land_use,Jo->Ya,2,continue,2,18,0.1111111111111111
watershed_x_landform,B_830304_83_LF_10314,荒川 / basin 83 / 台地・段丘,all_land_use,Jo->Ya,2,drop,16,18,0.8888888888888888
watershed_x_landform,B_830304_83_LF_10314,荒川 / basin 83 / 台地・段丘,all_land_use,Jo->Ya,2,new,0,18,0
watershed_x_landform,B_830304_83_LF_10314,荒川 / basin 83 / 台地・段丘,all_land_use,Ko->Na,4,continue,6,9,0.6666666666666666
watershed_x_landform,B_830304_83_LF_10314,荒川 / basin 83 / 台地・段丘,all_land_use,Ko->Na,4,drop,3,9,0.3333333333333333
watershed_x_landform,B_830304_83_LF_10314,荒川 / basin 83 / 台地・段丘,all_land_use,Ko->Na,4,new,0,9,0
watershed_x_landform,B_830304_83_LF_10314,荒川 / basin 83 / 台地・段丘,all_land_use,Na->He,5,continue,5,14,0.35714285714285715
watershed_x_landform,B_830304_83_LF_10314,荒川 / basin 83 / 台地・段丘,all_land_use,Na->He,5,drop,1,14,0.07142857142857142
watershed_x_landform,B_830304_83_LF_10314,荒川 / basin 83 / 台地・段丘,all_land_use,Na->He,5,new,8,14,0.5714285714285714
watershed_x_landform,B_830304_83_LF_10314,荒川 / basin 83 / 台地・段丘,all_land_use,Pa->Jo,1,continue,5,18,0.2777777777777778
watershed_x_landform,B_830304_83_LF_10314,荒川 / basin 83 / 台地・段丘,all_land_use,Pa->Jo,1,drop,0,18,0
watershed_x_landform,B_830304_83_LF_10314,荒川 / basin 83 / 台地・段丘,all_land_use,Pa->Jo,1,new,13,18,0.7222222222222222
watershed_x_landform,B_830304_83_LF_10314,荒川 / basin 83 / 台地・段丘,all_land_use,Ya->Ko,3,continue,2,9,0.2222222222222222
watershed_x_landform,B_830304_83_LF_10314,荒川 / basin 83 / 台地・段丘,all_land_use,Ya->Ko,3,drop,0,9,0
watershed_x_landform,B_830304_83_LF_10314,荒川 / basin 83 / 台地・段丘,all_land_use,Ya->Ko,3,new,7,9,0.7777777777777778
watershed_x_landform,B_830304_83_LF_10701,荒川 / basin 83 / 氾濫平野・海岸平野,all_land_use,Jo->Ya,2,continue,0,1,0
watershed_x_landform,B_830304_83_LF_10701,荒川 / basin 83 / 氾濫平野・海岸平野,all_land_use,Jo->Ya,2,drop,1,1,1
watershed_x_landform,B_830304_83_LF_10701,荒川 / basin 83 / 氾濫平野・海岸平野,all_land_use,Jo->Ya,2,new,0,1,0
watershed_x_landform,B_830304_83_LF_10701,荒川 / basin 83 / 氾濫平野・海岸平野,all_land_use,Pa->Jo,1,continue,0,1,0
watershed_x_landform,B_830304_83_LF_10701,荒川 / basin 83 / 氾濫平野・海岸平野,all_land_use,Pa->Jo,1,drop,0,1,0
watershed_x_landform,B_830304_83_LF_10701,荒川 / basin 83 / 氾濫平野・海岸平野,all_land_use,Pa->Jo,1,new,1,1,1
watershed_x_landform,B_830304_86_LF_10101,荒川 / basin 86 / 山地斜面等,all_land_use,He->Me,6,continue,7,33,0.21212121212121213
watershed_x_landform,B_830304_86_LF_10101,荒川 / basin 86 / 山地斜面等,all_land_use,He->Me,6,drop,19,33,0.5757575757575758
watershed_x_landform,B_830304_86_LF_10101,荒川 / basin 86 / 山地斜面等,all_land_use,He->Me,6,new,7,33,0.21212121212121213
watershed_x_landform,B_830304_86_LF_10101,荒川 / basin 86 / 山地斜面等,all_land_use,Jo->Ya,2,continue,3,49,0.061224489795918366
watershed_x_landform,B_830304_86_LF_10101,荒川 / basin 86 / 山地斜面等,all_land_use,Jo->Ya,2,drop,45,49,0.9183673469387755
watershed_x_landform,B_830304_86_LF_10101,荒川 / basin 86 / 山地斜面等,all_land_use,Jo->Ya,2,new,1,49,0.02040816326530612
watershed_x_landform,B_830304_86_LF_10101,荒川 / basin 86 / 山地斜面等,all_land_use,Ko->Na,4,continue,6,15,0.4
watershed_x_landform,B_830304_86_LF_10101,荒川 / basin 86 / 山地斜面等,all_land_use,Ko->Na,4,drop,4,15,0.26666666666666666
watershed_x_landform,B_830304_86_LF_10101,荒川 / basin 86 / 山地斜面等,all_land_use,Ko->Na,4,new,5,15,0.3333333333333333
watershed_x_landform,B_830304_86_LF_10101,荒川 / basin 86 / 山地斜面等,all_land_use,Na->He,5,continue,10,27,0.37037037037037035
watershed_x_landform,B_830304_86_LF_10101,荒川 / basin 86 / 山地斜面等,all_land_use,Na->He,5,drop,1,27,0.037037037037037035
watershed_x_landform,B_830304_86_LF_10101,荒川 / basin 86 / 山地斜面等,all_land_use,Na->He,5,new,16,27,0.5925925925925926
watershed_x_landform,B_830304_86_LF_10101,荒川 / basin 86 / 山地斜面等,all_land_use,Pa->Jo,1,continue,4,48,0.08333333333333333
watershed_x_landform,B_830304_86_LF_10101,荒川 / basin 86 / 山地斜面等,all_land_use,Pa->Jo,1,drop,0,48,0
watershed_x_landform,B_830304_86_LF_10101,荒川 / basin 86 / 山地斜面等,all_land_use,Pa->Jo,1,new,44,48,0.9166666666666666
watershed_x_landform,B_830304_86_LF_10101,荒川 / basin 86 / 山地斜面等,all_land_use,Ya->Ko,3,continue,3,11,0.2727272727272727
watershed_x_landform,B_830304_86_LF_10101,荒川 / basin 86 / 山地斜面等,all_land_use,Ya->Ko,3,drop,1,11,0.09090909090909091
watershed_x_landform,B_830304_86_LF_10101,荒川 / basin 86 / 山地斜面等,all_land_use,Ya->Ko,3,new,7,11,0.6363636363636364
watershed_x_landform,B_830304_86_LF_10314,荒川 / basin 86 / 台地・段丘,all_land_use,He->Me,6,continue,8,16,0.5
watershed_x_landform,B_830304_86_LF_10314,荒川 / basin 86 / 台地・段丘,all_land_use,He->Me,6,drop,5,16,0.3125
watershed_x_landform,B_830304_86_LF_10314,荒川 / basin 86 / 台地・段丘,all_land_use,He->Me,6,new,3,16,0.1875
watershed_x_landform,B_830304_86_LF_10314,荒川 / basin 86 / 台地・段丘,all_land_use,Jo->Ya,2,continue,4,20,0.2
watershed_x_landform,B_830304_86_LF_10314,荒川 / basin 86 / 台地・段丘,all_land_use,Jo->Ya,2,drop,16,20,0.8
watershed_x_landform,B_830304_86_LF_10314,荒川 / basin 86 / 台地・段丘,all_land_use,Jo->Ya,2,new,0,20,0
watershed_x_landform,B_830304_86_LF_10314,荒川 / basin 86 / 台地・段丘,all_land_use,Ko->Na,4,continue,9,16,0.5625
watershed_x_landform,B_830304_86_LF_10314,荒川 / basin 86 / 台地・段丘,all_land_use,Ko->Na,4,drop,4,16,0.25
watershed_x_landform,B_830304_86_LF_10314,荒川 / basin 86 / 台地・段丘,all_land_use,Ko->Na,4,new,3,16,0.1875
watershed_x_landform,B_830304_86_LF_10314,荒川 / basin 86 / 台地・段丘,all_land_use,Na->He,5,continue,10,15,0.6666666666666666
watershed_x_landform,B_830304_86_LF_10314,荒川 / basin 86 / 台地・段丘,all_land_use,Na->He,5,drop,2,15,0.13333333333333333
watershed_x_landform,B_830304_86_LF_10314,荒川 / basin 86 / 台地・段丘,all_land_use,Na->He,5,new,3,15,0.2
watershed_x_landform,B_830304_86_LF_10314,荒川 / basin 86 / 台地・段丘,all_land_use,Pa->Jo,1,continue,4,20,0.2
watershed_x_landform,B_830304_86_LF_10314,荒川 / basin 86 / 台地・段丘,all_land_use,Pa->Jo,1,drop,0,20,0
watershed_x_landform,B_830304_86_LF_10314,荒川 / basin 86 / 台地・段丘,all_land_use,Pa->Jo,1,new,16,20,0.8
watershed_x_landform,B_830304_86_LF_10314,荒川 / basin 86 / 台地・段丘,all_land_use,Ya->Ko,3,continue,4,13,0.3076923076923077
watershed_x_landform,B_830304_86_LF_10314,荒川 / basin 86 / 台地・段丘,all_land_use,Ya->Ko,3,drop,0,13,0
watershed_x_landform,B_830304_86_LF_10314,荒川 / basin 86 / 台地・段丘,all_land_use,Ya->Ko,3,new,9,13,0.6923076923076923
watershed_x_landform,B_830304_86_LF_10406,荒川 / basin 86 / 山麓堆積地形,all_land_use,He->Me,6,continue,1,1,1
watershed_x_landform,B_830304_86_LF_10406,荒川 / basin 86 / 山麓堆積地形,all_land_use,He->Me,6,drop,0,1,0
watershed_x_landform,B_830304_86_LF_10406,荒川 / basin 86 / 山麓堆積地形,all_land_use,He->Me,6,new,0,1,0
watershed_x_landform,B_830304_86_LF_10406,荒川 / basin 86 / 山麓堆積地形,all_land_use,Jo->Ya,2,continue,0,2,0
watershed_x_landform,B_830304_86_LF_10406,荒川 / basin 86 / 山麓堆積地形,all_land_use,Jo->Ya,2,drop,2,2,1
watershed_x_landform,B_830304_86_LF_10406,荒川 / basin 86 / 山麓堆積地形,all_land_use,Jo->Ya,2,new,0,2,0
watershed_x_landform,B_830304_86_LF_10406,荒川 / basin 86 / 山麓堆積地形,all_land_use,Ko->Na,4,continue,2,2,1
watershed_x_landform,B_830304_86_LF_10406,荒川 / basin 86 / 山麓堆積地形,all_land_use,Ko->Na,4,drop,0,2,0
watershed_x_landform,B_830304_86_LF_10406,荒川 / basin 86 / 山麓堆積地形,all_land_use,Ko->Na,4,new,0,2,0
watershed_x_landform,B_830304_86_LF_10406,荒川 / basin 86 / 山麓堆積地形,all_land_use,Na->He,5,continue,1,2,0.5
watershed_x_landform,B_830304_86_LF_10406,荒川 / basin 86 / 山麓堆積地形,all_land_use,Na->He,5,drop,1,2,0.5
watershed_x_landform,B_830304_86_LF_10406,荒川 / basin 86 / 山麓堆積地形,all_land_use,Na->He,5,new,0,2,0
watershed_x_landform,B_830304_86_LF_10406,荒川 / basin 86 / 山麓堆積地形,all_land_use,Pa->Jo,1,continue,0,2,0
watershed_x_landform,B_830304_86_LF_10406,荒川 / basin 86 / 山麓堆積地形,all_land_use,Pa->Jo,1,drop,0,2,0
watershed_x_landform,B_830304_86_LF_10406,荒川 / basin 86 / 山麓堆積地形,all_land_use,Pa->Jo,1,new,2,2,1
watershed_x_landform,B_830304_86_LF_10406,荒川 / basin 86 / 山麓堆積地形,all_land_use,Ya->Ko,3,continue,0,2,0
watershed_x_landform,B_830304_86_LF_10406,荒川 / basin 86 / 山麓堆積地形,all_land_use,Ya->Ko,3,drop,0,2,0
watershed_x_landform,B_830304_86_LF_10406,荒川 / basin 86 / 山麓堆積地形,all_land_use,Ya->Ko,3,new,2,2,1
watershed_x_landform,B_830304_86_LF_10601,荒川 / basin 86 / 凹地・浅い谷,all_land_use,Jo->Ya,2,continue,0,1,0
watershed_x_landform,B_830304_86_LF_10601,荒川 / basin 86 / 凹地・浅い谷,all_land_use,Jo->Ya,2,drop,1,1,1
watershed_x_landform,B_830304_86_LF_10601,荒川 / basin 86 / 凹地・浅い谷,all_land_use,Jo->Ya,2,new,0,1,0
watershed_x_landform,B_830304_86_LF_10601,荒川 / basin 86 / 凹地・浅い谷,all_land_use,Pa->Jo,1,continue,0,1,0
watershed_x_landform,B_830304_86_LF_10601,荒川 / basin 86 / 凹地・浅い谷,all_land_use,Pa->Jo,1,drop,0,1,0
watershed_x_landform,B_830304_86_LF_10601,荒川 / basin 86 / 凹地・浅い谷,all_land_use,Pa->Jo,1,new,1,1,1
watershed_x_landform,B_830304_86_LF_10701,荒川 / basin 86 / 氾濫平野・海岸平野,all_land_use,He->Me,6,continue,3,6,0.5
watershed_x_landform,B_830304_86_LF_10701,荒川 / basin 86 / 氾濫平野・海岸平野,all_land_use,He->Me,6,drop,2,6,0.3333333333333333
watershed_x_landform,B_830304_86_LF_10701,荒川 / basin 86 / 氾濫平野・海岸平野,all_land_use,He->Me,6,new,1,6,0.16666666666666666
watershed_x_landform,B_830304_86_LF_10701,荒川 / basin 86 / 氾濫平野・海岸平野,all_land_use,Jo->Ya,2,continue,3,11,0.2727272727272727
watershed_x_landform,B_830304_86_LF_10701,荒川 / basin 86 / 氾濫平野・海岸平野,all_land_use,Jo->Ya,2,drop,8,11,0.7272727272727273
watershed_x_landform,B_830304_86_LF_10701,荒川 / basin 86 / 氾濫平野・海岸平野,all_land_use,Jo->Ya,2,new,0,11,0
watershed_x_landform,B_830304_86_LF_10701,荒川 / basin 86 / 氾濫平野・海岸平野,all_land_use,Ko->Na,4,continue,5,9,0.5555555555555556
watershed_x_landform,B_830304_86_LF_10701,荒川 / basin 86 / 氾濫平野・海岸平野,all_land_use,Ko->Na,4,drop,2,9,0.2222222222222222
watershed_x_landform,B_830304_86_LF_10701,荒川 / basin 86 / 氾濫平野・海岸平野,all_land_use,Ko->Na,4,new,2,9,0.2222222222222222
watershed_x_landform,B_830304_86_LF_10701,荒川 / basin 86 / 氾濫平野・海岸平野,all_land_use,Na->He,5,continue,4,8,0.5
watershed_x_landform,B_830304_86_LF_10701,荒川 / basin 86 / 氾濫平野・海岸平野,all_land_use,Na->He,5,drop,3,8,0.375
watershed_x_landform,B_830304_86_LF_10701,荒川 / basin 86 / 氾濫平野・海岸平野,all_land_use,Na->He,5,new,1,8,0.125
watershed_x_landform,B_830304_86_LF_10701,荒川 / basin 86 / 氾濫平野・海岸平野,all_land_use,Pa->Jo,1,continue,1,11,0.09090909090909091
watershed_x_landform,B_830304_86_LF_10701,荒川 / basin 86 / 氾濫平野・海岸平野,all_land_use,Pa->Jo,1,drop,0,11,0
watershed_x_landform,B_830304_86_LF_10701,荒川 / basin 86 / 氾濫平野・海岸平野,all_land_use,Pa->Jo,1,new,10,11,0.9090909090909091
watershed_x_landform,B_830304_86_LF_10701,荒川 / basin 86 / 氾濫平野・海岸平野,all_land_use,Ya->Ko,3,continue,3,7,0.42857142857142855
watershed_x_landform,B_830304_86_LF_10701,荒川 / basin 86 / 氾濫平野・海岸平野,all_land_use,Ya->Ko,3,drop,0,7,0
watershed_x_landform,B_830304_86_LF_10701,荒川 / basin 86 / 氾濫平野・海岸平野,all_land_use,Ya->Ko,3,new,4,7,0.5714285714285714
watershed_x_landform,B_830304_86_LF_10903,荒川 / basin 86 / 水部,all_land_use,He->Me,6,continue,0,12,0
watershed_x_landform,B_830304_86_LF_10903,荒川 / basin 86 / 水部,all_land_use,He->Me,6,drop,12,12,1
watershed_x_landform,B_830304_86_LF_10903,荒川 / basin 86 / 水部,all_land_use,He->Me,6,new,0,12,0
watershed_x_landform,B_830304_86_LF_10903,荒川 / basin 86 / 水部,all_land_use,Jo->Ya,2,continue,0,14,0
watershed_x_landform,B_830304_86_LF_10903,荒川 / basin 86 / 水部,all_land_use,Jo->Ya,2,drop,14,14,1
watershed_x_landform,B_830304_86_LF_10903,荒川 / basin 86 / 水部,all_land_use,Jo->Ya,2,new,0,14,0
watershed_x_landform,B_830304_86_LF_10903,荒川 / basin 86 / 水部,all_land_use,Ko->Na,4,continue,0,2,0
watershed_x_landform,B_830304_86_LF_10903,荒川 / basin 86 / 水部,all_land_use,Ko->Na,4,drop,0,2,0
watershed_x_landform,B_830304_86_LF_10903,荒川 / basin 86 / 水部,all_land_use,Ko->Na,4,new,2,2,1
watershed_x_landform,B_830304_86_LF_10903,荒川 / basin 86 / 水部,all_land_use,Na->He,5,continue,2,12,0.16666666666666666
watershed_x_landform,B_830304_86_LF_10903,荒川 / basin 86 / 水部,all_land_use,Na->He,5,drop,0,12,0
watershed_x_landform,B_830304_86_LF_10903,荒川 / basin 86 / 水部,all_land_use,Na->He,5,new,10,12,0.8333333333333334
watershed_x_landform,B_830304_86_LF_10903,荒川 / basin 86 / 水部,all_land_use,Pa->Jo,1,continue,6,14,0.42857142857142855
watershed_x_landform,B_830304_86_LF_10903,荒川 / basin 86 / 水部,all_land_use,Pa->Jo,1,drop,0,14,0
watershed_x_landform,B_830304_86_LF_10903,荒川 / basin 86 / 水部,all_land_use,Pa->Jo,1,new,8,14,0.5714285714285714
watershed_x_landform,B_830304_87_LF_10101,荒川 / basin 87 / 山地斜面等,all_land_use,He->Me,6,continue,1,4,0.25
watershed_x_landform,B_830304_87_LF_10101,荒川 / basin 87 / 山地斜面等,all_land_use,He->Me,6,drop,3,4,0.75
watershed_x_landform,B_830304_87_LF_10101,荒川 / basin 87 / 山地斜面等,all_land_use,He->Me,6,new,0,4,0
watershed_x_landform,B_830304_87_LF_10101,荒川 / basin 87 / 山地斜面等,all_land_use,Jo->Ya,2,continue,1,13,0.07692307692307693
watershed_x_landform,B_830304_87_LF_10101,荒川 / basin 87 / 山地斜面等,all_land_use,Jo->Ya,2,drop,12,13,0.9230769230769231
watershed_x_landform,B_830304_87_LF_10101,荒川 / basin 87 / 山地斜面等,all_land_use,Jo->Ya,2,new,0,13,0
watershed_x_landform,B_830304_87_LF_10101,荒川 / basin 87 / 山地斜面等,all_land_use,Ko->Na,4,continue,0,2,0
watershed_x_landform,B_830304_87_LF_10101,荒川 / basin 87 / 山地斜面等,all_land_use,Ko->Na,4,drop,1,2,0.5
watershed_x_landform,B_830304_87_LF_10101,荒川 / basin 87 / 山地斜面等,all_land_use,Ko->Na,4,new,1,2,0.5
watershed_x_landform,B_830304_87_LF_10101,荒川 / basin 87 / 山地斜面等,all_land_use,Na->He,5,continue,0,5,0
watershed_x_landform,B_830304_87_LF_10101,荒川 / basin 87 / 山地斜面等,all_land_use,Na->He,5,drop,1,5,0.2
watershed_x_landform,B_830304_87_LF_10101,荒川 / basin 87 / 山地斜面等,all_land_use,Na->He,5,new,4,5,0.8
watershed_x_landform,B_830304_87_LF_10101,荒川 / basin 87 / 山地斜面等,all_land_use,Pa->Jo,1,continue,3,13,0.23076923076923078
watershed_x_landform,B_830304_87_LF_10101,荒川 / basin 87 / 山地斜面等,all_land_use,Pa->Jo,1,drop,0,13,0
watershed_x_landform,B_830304_87_LF_10101,荒川 / basin 87 / 山地斜面等,all_land_use,Pa->Jo,1,new,10,13,0.7692307692307693
watershed_x_landform,B_830304_87_LF_10101,荒川 / basin 87 / 山地斜面等,all_land_use,Ya->Ko,3,continue,1,1,1
watershed_x_landform,B_830304_87_LF_10101,荒川 / basin 87 / 山地斜面等,all_land_use,Ya->Ko,3,drop,0,1,0
watershed_x_landform,B_830304_87_LF_10101,荒川 / basin 87 / 山地斜面等,all_land_use,Ya->Ko,3,new,0,1,0
watershed_x_landform,B_830304_87_LF_10314,荒川 / basin 87 / 台地・段丘,all_land_use,Jo->Ya,2,continue,0,1,0
watershed_x_landform,B_830304_87_LF_10314,荒川 / basin 87 / 台地・段丘,all_land_use,Jo->Ya,2,drop,1,1,1
watershed_x_landform,B_830304_87_LF_10314,荒川 / basin 87 / 台地・段丘,all_land_use,Jo->Ya,2,new,0,1,0
watershed_x_landform,B_830304_87_LF_10314,荒川 / basin 87 / 台地・段丘,all_land_use,Pa->Jo,1,continue,0,1,0
watershed_x_landform,B_830304_87_LF_10314,荒川 / basin 87 / 台地・段丘,all_land_use,Pa->Jo,1,drop,0,1,0
watershed_x_landform,B_830304_87_LF_10314,荒川 / basin 87 / 台地・段丘,all_land_use,Pa->Jo,1,new,1,1,1
watershed_x_landform,B_830304_87_LF_10701,荒川 / basin 87 / 氾濫平野・海岸平野,all_land_use,Jo->Ya,2,continue,0,4,0
watershed_x_landform,B_830304_87_LF_10701,荒川 / basin 87 / 氾濫平野・海岸平野,all_land_use,Jo->Ya,2,drop,4,4,1
watershed_x_landform,B_830304_87_LF_10701,荒川 / basin 87 / 氾濫平野・海岸平野,all_land_use,Jo->Ya,2,new,0,4,0
watershed_x_landform,B_830304_87_LF_10701,荒川 / basin 87 / 氾濫平野・海岸平野,all_land_use,Pa->Jo,1,continue,0,4,0
watershed_x_landform,B_830304_87_LF_10701,荒川 / basin 87 / 氾濫平野・海岸平野,all_land_use,Pa->Jo,1,drop,0,4,0
watershed_x_landform,B_830304_87_LF_10701,荒川 / basin 87 / 氾濫平野・海岸平野,all_land_use,Pa->Jo,1,new,4,4,1
watershed_x_landform,B_830304_88_LF_10101,荒川 / basin 88 / 山地斜面等,all_land_use,He->Me,6,continue,0,6,0
watershed_x_landform,B_830304_88_LF_10101,荒川 / basin 88 / 山地斜面等,all_land_use,He->Me,6,drop,6,6,1
watershed_x_landform,B_830304_88_LF_10101,荒川 / basin 88 / 山地斜面等,all_land_use,He->Me,6,new,0,6,0
watershed_x_landform,B_830304_88_LF_10101,荒川 / basin 88 / 山地斜面等,all_land_use,Jo->Ya,2,continue,2,15,0.13333333333333333
watershed_x_landform,B_830304_88_LF_10101,荒川 / basin 88 / 山地斜面等,all_land_use,Jo->Ya,2,drop,13,15,0.8666666666666667
watershed_x_landform,B_830304_88_LF_10101,荒川 / basin 88 / 山地斜面等,all_land_use,Jo->Ya,2,new,0,15,0
watershed_x_landform,B_830304_88_LF_10101,荒川 / basin 88 / 山地斜面等,all_land_use,Ko->Na,4,continue,1,8,0.125
watershed_x_landform,B_830304_88_LF_10101,荒川 / basin 88 / 山地斜面等,all_land_use,Ko->Na,4,drop,7,8,0.875
watershed_x_landform,B_830304_88_LF_10101,荒川 / basin 88 / 山地斜面等,all_land_use,Ko->Na,4,new,0,8,0
watershed_x_landform,B_830304_88_LF_10101,荒川 / basin 88 / 山地斜面等,all_land_use,Na->He,5,continue,1,6,0.16666666666666666
watershed_x_landform,B_830304_88_LF_10101,荒川 / basin 88 / 山地斜面等,all_land_use,Na->He,5,drop,0,6,0
watershed_x_landform,B_830304_88_LF_10101,荒川 / basin 88 / 山地斜面等,all_land_use,Na->He,5,new,5,6,0.8333333333333334
watershed_x_landform,B_830304_88_LF_10101,荒川 / basin 88 / 山地斜面等,all_land_use,Pa->Jo,1,continue,3,17,0.17647058823529413
watershed_x_landform,B_830304_88_LF_10101,荒川 / basin 88 / 山地斜面等,all_land_use,Pa->Jo,1,drop,2,17,0.11764705882352941
watershed_x_landform,B_830304_88_LF_10101,荒川 / basin 88 / 山地斜面等,all_land_use,Pa->Jo,1,new,12,17,0.7058823529411765
watershed_x_landform,B_830304_88_LF_10101,荒川 / basin 88 / 山地斜面等,all_land_use,Ya->Ko,3,continue,2,8,0.25
watershed_x_landform,B_830304_88_LF_10101,荒川 / basin 88 / 山地斜面等,all_land_use,Ya->Ko,3,drop,0,8,0
watershed_x_landform,B_830304_88_LF_10101,荒川 / basin 88 / 山地斜面等,all_land_use,Ya->Ko,3,new,6,8,0.75
watershed_x_landform,B_830304_88_LF_10314,荒川 / basin 88 / 台地・段丘,all_land_use,He->Me,6,continue,0,1,0
watershed_x_landform,B_830304_88_LF_10314,荒川 / basin 88 / 台地・段丘,all_land_use,He->Me,6,drop,1,1,1
watershed_x_landform,B_830304_88_LF_10314,荒川 / basin 88 / 台地・段丘,all_land_use,He->Me,6,new,0,1,0
watershed_x_landform,B_830304_88_LF_10314,荒川 / basin 88 / 台地・段丘,all_land_use,Jo->Ya,2,continue,0,8,0
watershed_x_landform,B_830304_88_LF_10314,荒川 / basin 88 / 台地・段丘,all_land_use,Jo->Ya,2,drop,8,8,1
watershed_x_landform,B_830304_88_LF_10314,荒川 / basin 88 / 台地・段丘,all_land_use,Jo->Ya,2,new,0,8,0
watershed_x_landform,B_830304_88_LF_10314,荒川 / basin 88 / 台地・段丘,all_land_use,Na->He,5,continue,0,1,0
watershed_x_landform,B_830304_88_LF_10314,荒川 / basin 88 / 台地・段丘,all_land_use,Na->He,5,drop,0,1,0
watershed_x_landform,B_830304_88_LF_10314,荒川 / basin 88 / 台地・段丘,all_land_use,Na->He,5,new,1,1,1
watershed_x_landform,B_830304_88_LF_10314,荒川 / basin 88 / 台地・段丘,all_land_use,Pa->Jo,1,continue,2,8,0.25
watershed_x_landform,B_830304_88_LF_10314,荒川 / basin 88 / 台地・段丘,all_land_use,Pa->Jo,1,drop,0,8,0
watershed_x_landform,B_830304_88_LF_10314,荒川 / basin 88 / 台地・段丘,all_land_use,Pa->Jo,1,new,6,8,0.75
watershed_x_landform,B_830304_88_LF_10406,荒川 / basin 88 / 山麓堆積地形,all_land_use,He->Me,6,continue,0,1,0
watershed_x_landform,B_830304_88_LF_10406,荒川 / basin 88 / 山麓堆積地形,all_land_use,He->Me,6,drop,1,1,1
watershed_x_landform,B_830304_88_LF_10406,荒川 / basin 88 / 山麓堆積地形,all_land_use,He->Me,6,new,0,1,0
watershed_x_landform,B_830304_88_LF_10406,荒川 / basin 88 / 山麓堆積地形,all_land_use,Jo->Ya,2,continue,0,1,0
watershed_x_landform,B_830304_88_LF_10406,荒川 / basin 88 / 山麓堆積地形,all_land_use,Jo->Ya,2,drop,1,1,1
watershed_x_landform,B_830304_88_LF_10406,荒川 / basin 88 / 山麓堆積地形,all_land_use,Jo->Ya,2,new,0,1,0
watershed_x_landform,B_830304_88_LF_10406,荒川 / basin 88 / 山麓堆積地形,all_land_use,Ko->Na,4,continue,0,1,0
watershed_x_landform,B_830304_88_LF_10406,荒川 / basin 88 / 山麓堆積地形,all_land_use,Ko->Na,4,drop,1,1,1
watershed_x_landform,B_830304_88_LF_10406,荒川 / basin 88 / 山麓堆積地形,all_land_use,Ko->Na,4,new,0,1,0
watershed_x_landform,B_830304_88_LF_10406,荒川 / basin 88 / 山麓堆積地形,all_land_use,Na->He,5,continue,0,1,0
watershed_x_landform,B_830304_88_LF_10406,荒川 / basin 88 / 山麓堆積地形,all_land_use,Na->He,5,drop,0,1,0
watershed_x_landform,B_830304_88_LF_10406,荒川 / basin 88 / 山麓堆積地形,all_land_use,Na->He,5,new,1,1,1
watershed_x_landform,B_830304_88_LF_10406,荒川 / basin 88 / 山麓堆積地形,all_land_use,Pa->Jo,1,continue,0,1,0
watershed_x_landform,B_830304_88_LF_10406,荒川 / basin 88 / 山麓堆積地形,all_land_use,Pa->Jo,1,drop,0,1,0
watershed_x_landform,B_830304_88_LF_10406,荒川 / basin 88 / 山麓堆積地形,all_land_use,Pa->Jo,1,new,1,1,1
watershed_x_landform,B_830304_88_LF_10406,荒川 / basin 88 / 山麓堆積地形,all_land_use,Ya->Ko,3,continue,0,1,0
watershed_x_landform,B_830304_88_LF_10406,荒川 / basin 88 / 山麓堆積地形,all_land_use,Ya->Ko,3,drop,0,1,0
watershed_x_landform,B_830304_88_LF_10406,荒川 / basin 88 / 山麓堆積地形,all_land_use,Ya->Ko,3,new,1,1,1
watershed_x_landform,B_830304_88_LF_10701,荒川 / basin 88 / 氾濫平野・海岸平野,all_land_use,Pa->Jo,1,continue,0,1,0
watershed_x_landform,B_830304_88_LF_10701,荒川 / basin 88 / 氾濫平野・海岸平野,all_land_use,Pa->Jo,1,drop,1,1,1
watershed_x_landform,B_830304_88_LF_10701,荒川 / basin 88 / 氾濫平野・海岸平野,all_land_use,Pa->Jo,1,new,0,1,0
watershed_x_landform,B_830304_98_LF_10101,荒川 / basin 98 / 山地斜面等,all_land_use,Jo->Ya,2,continue,0,1,0
watershed_x_landform,B_830304_98_LF_10101,荒川 / basin 98 / 山地斜面等,all_land_use,Jo->Ya,2,drop,1,1,1
watershed_x_landform,B_830304_98_LF_10101,荒川 / basin 98 / 山地斜面等,all_land_use,Jo->Ya,2,new,0,1,0
watershed_x_landform,B_830304_98_LF_10101,荒川 / basin 98 / 山地斜面等,all_land_use,Pa->Jo,1,continue,1,1,1
watershed_x_landform,B_830304_98_LF_10101,荒川 / basin 98 / 山地斜面等,all_land_use,Pa->Jo,1,drop,0,1,0
watershed_x_landform,B_830304_98_LF_10101,荒川 / basin 98 / 山地斜面等,all_land_use,Pa->Jo,1,new,0,1,0
watershed_x_landform,B_830304_98_LF_10406,荒川 / basin 98 / 山麓堆積地形,all_land_use,He->Me,6,continue,0,1,0
watershed_x_landform,B_830304_98_LF_10406,荒川 / basin 98 / 山麓堆積地形,all_land_use,He->Me,6,drop,0,1,0
watershed_x_landform,B_830304_98_LF_10406,荒川 / basin 98 / 山麓堆積地形,all_land_use,He->Me,6,new,1,1,1
watershed_x_landform,B_830305_10_LF_1010101,多摩川 / basin 10 / 山地斜面等,all_land_use,Ko->Na,4,continue,0,2,0
watershed_x_landform,B_830305_10_LF_1010101,多摩川 / basin 10 / 山地斜面等,all_land_use,Ko->Na,4,drop,2,2,1
watershed_x_landform,B_830305_10_LF_1010101,多摩川 / basin 10 / 山地斜面等,all_land_use,Ko->Na,4,new,0,2,0
watershed_x_landform,B_830305_10_LF_1010101,多摩川 / basin 10 / 山地斜面等,all_land_use,Ya->Ko,3,continue,0,2,0
watershed_x_landform,B_830305_10_LF_1010101,多摩川 / basin 10 / 山地斜面等,all_land_use,Ya->Ko,3,drop,0,2,0
watershed_x_landform,B_830305_10_LF_1010101,多摩川 / basin 10 / 山地斜面等,all_land_use,Ya->Ko,3,new,2,2,1
watershed_x_landform,B_830305_10_LF_2010101,多摩川 / basin 10 / 台地・段丘,all_land_use,He->Me,6,continue,6,21,0.2857142857142857
watershed_x_landform,B_830305_10_LF_2010101,多摩川 / basin 10 / 台地・段丘,all_land_use,He->Me,6,drop,13,21,0.6190476190476191
watershed_x_landform,B_830305_10_LF_2010101,多摩川 / basin 10 / 台地・段丘,all_land_use,He->Me,6,new,2,21,0.09523809523809523
watershed_x_landform,B_830305_10_LF_2010101,多摩川 / basin 10 / 台地・段丘,all_land_use,Jo->Ya,2,continue,6,22,0.2727272727272727
watershed_x_landform,B_830305_10_LF_2010101,多摩川 / basin 10 / 台地・段丘,all_land_use,Jo->Ya,2,drop,13,22,0.5909090909090909
watershed_x_landform,B_830305_10_LF_2010101,多摩川 / basin 10 / 台地・段丘,all_land_use,Jo->Ya,2,new,3,22,0.13636363636363635
watershed_x_landform,B_830305_10_LF_2010101,多摩川 / basin 10 / 台地・段丘,all_land_use,Ko->Na,4,continue,17,56,0.30357142857142855
watershed_x_landform,B_830305_10_LF_2010101,多摩川 / basin 10 / 台地・段丘,all_land_use,Ko->Na,4,drop,34,56,0.6071428571428571
watershed_x_landform,B_830305_10_LF_2010101,多摩川 / basin 10 / 台地・段丘,all_land_use,Ko->Na,4,new,5,56,0.08928571428571429
watershed_x_landform,B_830305_10_LF_2010101,多摩川 / basin 10 / 台地・段丘,all_land_use,Na->He,5,continue,17,24,0.7083333333333334
watershed_x_landform,B_830305_10_LF_2010101,多摩川 / basin 10 / 台地・段丘,all_land_use,Na->He,5,drop,5,24,0.20833333333333334
watershed_x_landform,B_830305_10_LF_2010101,多摩川 / basin 10 / 台地・段丘,all_land_use,Na->He,5,new,2,24,0.08333333333333333
watershed_x_landform,B_830305_10_LF_2010101,多摩川 / basin 10 / 台地・段丘,all_land_use,Pa->Jo,1,continue,7,21,0.3333333333333333
watershed_x_landform,B_830305_10_LF_2010101,多摩川 / basin 10 / 台地・段丘,all_land_use,Pa->Jo,1,drop,2,21,0.09523809523809523
watershed_x_landform,B_830305_10_LF_2010101,多摩川 / basin 10 / 台地・段丘,all_land_use,Pa->Jo,1,new,12,21,0.5714285714285714
watershed_x_landform,B_830305_10_LF_2010101,多摩川 / basin 10 / 台地・段丘,all_land_use,Ya->Ko,3,continue,9,51,0.17647058823529413
watershed_x_landform,B_830305_10_LF_2010101,多摩川 / basin 10 / 台地・段丘,all_land_use,Ya->Ko,3,drop,0,51,0
watershed_x_landform,B_830305_10_LF_2010101,多摩川 / basin 10 / 台地・段丘,all_land_use,Ya->Ko,3,new,42,51,0.8235294117647058
watershed_x_landform,B_830305_10_LF_2010201,多摩川 / basin 10 / 崖・段丘崖,all_land_use,Ko->Na,4,continue,0,1,0
watershed_x_landform,B_830305_10_LF_2010201,多摩川 / basin 10 / 崖・段丘崖,all_land_use,Ko->Na,4,drop,1,1,1
watershed_x_landform,B_830305_10_LF_2010201,多摩川 / basin 10 / 崖・段丘崖,all_land_use,Ko->Na,4,new,0,1,0
watershed_x_landform,B_830305_10_LF_2010201,多摩川 / basin 10 / 崖・段丘崖,all_land_use,Ya->Ko,3,continue,0,1,0
watershed_x_landform,B_830305_10_LF_2010201,多摩川 / basin 10 / 崖・段丘崖,all_land_use,Ya->Ko,3,drop,0,1,0
watershed_x_landform,B_830305_10_LF_2010201,多摩川 / basin 10 / 崖・段丘崖,all_land_use,Ya->Ko,3,new,1,1,1
watershed_x_landform,B_830305_10_LF_3030101,多摩川 / basin 10 / 氾濫平野・海岸平野,all_land_use,He->Me,6,continue,0,2,0
watershed_x_landform,B_830305_10_LF_3030101,多摩川 / basin 10 / 氾濫平野・海岸平野,all_land_use,He->Me,6,drop,0,2,0
watershed_x_landform,B_830305_10_LF_3030101,多摩川 / basin 10 / 氾濫平野・海岸平野,all_land_use,He->Me,6,new,2,2,1
watershed_x_landform,B_830305_10_LF_3030101,多摩川 / basin 10 / 氾濫平野・海岸平野,all_land_use,Jo->Ya,2,continue,0,1,0
watershed_x_landform,B_830305_10_LF_3030101,多摩川 / basin 10 / 氾濫平野・海岸平野,all_land_use,Jo->Ya,2,drop,1,1,1
watershed_x_landform,B_830305_10_LF_3030101,多摩川 / basin 10 / 氾濫平野・海岸平野,all_land_use,Jo->Ya,2,new,0,1,0
watershed_x_landform,B_830305_10_LF_3030101,多摩川 / basin 10 / 氾濫平野・海岸平野,all_land_use,Ko->Na,4,continue,0,3,0
watershed_x_landform,B_830305_10_LF_3030101,多摩川 / basin 10 / 氾濫平野・海岸平野,all_land_use,Ko->Na,4,drop,3,3,1
watershed_x_landform,B_830305_10_LF_3030101,多摩川 / basin 10 / 氾濫平野・海岸平野,all_land_use,Ko->Na,4,new,0,3,0
watershed_x_landform,B_830305_10_LF_3030101,多摩川 / basin 10 / 氾濫平野・海岸平野,all_land_use,Pa->Jo,1,continue,0,1,0
watershed_x_landform,B_830305_10_LF_3030101,多摩川 / basin 10 / 氾濫平野・海岸平野,all_land_use,Pa->Jo,1,drop,0,1,0
watershed_x_landform,B_830305_10_LF_3030101,多摩川 / basin 10 / 氾濫平野・海岸平野,all_land_use,Pa->Jo,1,new,1,1,1
watershed_x_landform,B_830305_10_LF_3030101,多摩川 / basin 10 / 氾濫平野・海岸平野,all_land_use,Ya->Ko,3,continue,0,3,0
watershed_x_landform,B_830305_10_LF_3030101,多摩川 / basin 10 / 氾濫平野・海岸平野,all_land_use,Ya->Ko,3,drop,0,3,0
watershed_x_landform,B_830305_10_LF_3030101,多摩川 / basin 10 / 氾濫平野・海岸平野,all_land_use,Ya->Ko,3,new,3,3,1
watershed_x_landform,B_830305_12_LF_2010101,多摩川 / basin 12 / 台地・段丘,all_land_use,He->Me,6,continue,6,21,0.2857142857142857
watershed_x_landform,B_830305_12_LF_2010101,多摩川 / basin 12 / 台地・段丘,all_land_use,He->Me,6,drop,10,21,0.47619047619047616
watershed_x_landform,B_830305_12_LF_2010101,多摩川 / basin 12 / 台地・段丘,all_land_use,He->Me,6,new,5,21,0.23809523809523808
watershed_x_landform,B_830305_12_LF_2010101,多摩川 / basin 12 / 台地・段丘,all_land_use,Jo->Ya,2,continue,5,17,0.29411764705882354
watershed_x_landform,B_830305_12_LF_2010101,多摩川 / basin 12 / 台地・段丘,all_land_use,Jo->Ya,2,drop,11,17,0.6470588235294118
watershed_x_landform,B_830305_12_LF_2010101,多摩川 / basin 12 / 台地・段丘,all_land_use,Jo->Ya,2,new,1,17,0.058823529411764705
watershed_x_landform,B_830305_12_LF_2010101,多摩川 / basin 12 / 台地・段丘,all_land_use,Ko->Na,4,continue,13,54,0.24074074074074073
watershed_x_landform,B_830305_12_LF_2010101,多摩川 / basin 12 / 台地・段丘,all_land_use,Ko->Na,4,drop,37,54,0.6851851851851852
watershed_x_landform,B_830305_12_LF_2010101,多摩川 / basin 12 / 台地・段丘,all_land_use,Ko->Na,4,new,4,54,0.07407407407407407
watershed_x_landform,B_830305_12_LF_2010101,多摩川 / basin 12 / 台地・段丘,all_land_use,Na->He,5,continue,14,19,0.7368421052631579
watershed_x_landform,B_830305_12_LF_2010101,多摩川 / basin 12 / 台地・段丘,all_land_use,Na->He,5,drop,3,19,0.15789473684210525
watershed_x_landform,B_830305_12_LF_2010101,多摩川 / basin 12 / 台地・段丘,all_land_use,Na->He,5,new,2,19,0.10526315789473684
watershed_x_landform,B_830305_12_LF_2010101,多摩川 / basin 12 / 台地・段丘,all_land_use,Pa->Jo,1,continue,3,16,0.1875
watershed_x_landform,B_830305_12_LF_2010101,多摩川 / basin 12 / 台地・段丘,all_land_use,Pa->Jo,1,drop,0,16,0
watershed_x_landform,B_830305_12_LF_2010101,多摩川 / basin 12 / 台地・段丘,all_land_use,Pa->Jo,1,new,13,16,0.8125
watershed_x_landform,B_830305_12_LF_2010101,多摩川 / basin 12 / 台地・段丘,all_land_use,Ya->Ko,3,continue,6,50,0.12
watershed_x_landform,B_830305_12_LF_2010101,多摩川 / basin 12 / 台地・段丘,all_land_use,Ya->Ko,3,drop,0,50,0
watershed_x_landform,B_830305_12_LF_2010101,多摩川 / basin 12 / 台地・段丘,all_land_use,Ya->Ko,3,new,44,50,0.88
watershed_x_landform,B_830305_12_LF_2010301,多摩川 / basin 12 / 凹地・浅い谷,all_land_use,He->Me,6,continue,0,2,0
watershed_x_landform,B_830305_12_LF_2010301,多摩川 / basin 12 / 凹地・浅い谷,all_land_use,He->Me,6,drop,2,2,1
watershed_x_landform,B_830305_12_LF_2010301,多摩川 / basin 12 / 凹地・浅い谷,all_land_use,He->Me,6,new,0,2,0
watershed_x_landform,B_830305_12_LF_2010301,多摩川 / basin 12 / 凹地・浅い谷,all_land_use,Jo->Ya,2,continue,1,2,0.5
watershed_x_landform,B_830305_12_LF_2010301,多摩川 / basin 12 / 凹地・浅い谷,all_land_use,Jo->Ya,2,drop,1,2,0.5
watershed_x_landform,B_830305_12_LF_2010301,多摩川 / basin 12 / 凹地・浅い谷,all_land_use,Jo->Ya,2,new,0,2,0
watershed_x_landform,B_830305_12_LF_2010301,多摩川 / basin 12 / 凹地・浅い谷,all_land_use,Ko->Na,4,continue,2,6,0.3333333333333333
watershed_x_landform,B_830305_12_LF_2010301,多摩川 / basin 12 / 凹地・浅い谷,all_land_use,Ko->Na,4,drop,4,6,0.6666666666666666
watershed_x_landform,B_830305_12_LF_2010301,多摩川 / basin 12 / 凹地・浅い谷,all_land_use,Ko->Na,4,new,0,6,0
watershed_x_landform,B_830305_12_LF_2010301,多摩川 / basin 12 / 凹地・浅い谷,all_land_use,Na->He,5,continue,2,2,1
watershed_x_landform,B_830305_12_LF_2010301,多摩川 / basin 12 / 凹地・浅い谷,all_land_use,Na->He,5,drop,0,2,0
watershed_x_landform,B_830305_12_LF_2010301,多摩川 / basin 12 / 凹地・浅い谷,all_land_use,Na->He,5,new,0,2,0
watershed_x_landform,B_830305_12_LF_2010301,多摩川 / basin 12 / 凹地・浅い谷,all_land_use,Pa->Jo,1,continue,1,2,0.5
watershed_x_landform,B_830305_12_LF_2010301,多摩川 / basin 12 / 凹地・浅い谷,all_land_use,Pa->Jo,1,drop,0,2,0
watershed_x_landform,B_830305_12_LF_2010301,多摩川 / basin 12 / 凹地・浅い谷,all_land_use,Pa->Jo,1,new,1,2,0.5
watershed_x_landform,B_830305_12_LF_2010301,多摩川 / basin 12 / 凹地・浅い谷,all_land_use,Ya->Ko,3,continue,1,6,0.16666666666666666
watershed_x_landform,B_830305_12_LF_2010301,多摩川 / basin 12 / 凹地・浅い谷,all_land_use,Ya->Ko,3,drop,0,6,0
watershed_x_landform,B_830305_12_LF_2010301,多摩川 / basin 12 / 凹地・浅い谷,all_land_use,Ya->Ko,3,new,5,6,0.8333333333333334
watershed_x_landform,B_830305_12_LF_3030101,多摩川 / basin 12 / 氾濫平野・海岸平野,all_land_use,Ko->Na,4,continue,0,1,0
watershed_x_landform,B_830305_12_LF_3030101,多摩川 / basin 12 / 氾濫平野・海岸平野,all_land_use,Ko->Na,4,drop,1,1,1
watershed_x_landform,B_830305_12_LF_3030101,多摩川 / basin 12 / 氾濫平野・海岸平野,all_land_use,Ko->Na,4,new,0,1,0
watershed_x_landform,B_830305_12_LF_3030101,多摩川 / basin 12 / 氾濫平野・海岸平野,all_land_use,Ya->Ko,3,continue,0,1,0
watershed_x_landform,B_830305_12_LF_3030101,多摩川 / basin 12 / 氾濫平野・海岸平野,all_land_use,Ya->Ko,3,drop,0,1,0
watershed_x_landform,B_830305_12_LF_3030101,多摩川 / basin 12 / 氾濫平野・海岸平野,all_land_use,Ya->Ko,3,new,1,1,1
watershed_x_landform,B_830305_12_LF_3040101,多摩川 / basin 12 / 自然堤防,all_land_use,He->Me,6,continue,1,1,1
watershed_x_landform,B_830305_12_LF_3040101,多摩川 / basin 12 / 自然堤防,all_land_use,He->Me,6,drop,0,1,0
watershed_x_landform,B_830305_12_LF_3040101,多摩川 / basin 12 / 自然堤防,all_land_use,He->Me,6,new,0,1,0
watershed_x_landform,B_830305_12_LF_3040101,多摩川 / basin 12 / 自然堤防,all_land_use,Ko->Na,4,continue,1,1,1
watershed_x_landform,B_830305_12_LF_3040101,多摩川 / basin 12 / 自然堤防,all_land_use,Ko->Na,4,drop,0,1,0
watershed_x_landform,B_830305_12_LF_3040101,多摩川 / basin 12 / 自然堤防,all_land_use,Ko->Na,4,new,0,1,0
watershed_x_landform,B_830305_12_LF_3040101,多摩川 / basin 12 / 自然堤防,all_land_use,Na->He,5,continue,1,1,1
watershed_x_landform,B_830305_12_LF_3040101,多摩川 / basin 12 / 自然堤防,all_land_use,Na->He,5,drop,0,1,0
watershed_x_landform,B_830305_12_LF_3040101,多摩川 / basin 12 / 自然堤防,all_land_use,Na->He,5,new,0,1,0
watershed_x_landform,B_830305_12_LF_3040101,多摩川 / basin 12 / 自然堤防,all_land_use,Ya->Ko,3,continue,0,1,0
watershed_x_landform,B_830305_12_LF_3040101,多摩川 / basin 12 / 自然堤防,all_land_use,Ya->Ko,3,drop,0,1,0
watershed_x_landform,B_830305_12_LF_3040101,多摩川 / basin 12 / 自然堤防,all_land_use,Ya->Ko,3,new,1,1,1
watershed_x_landform,B_830305_12_LF_3040202,多摩川 / basin 12 / 旧河道,all_land_use,He->Me,6,continue,1,1,1
watershed_x_landform,B_830305_12_LF_3040202,多摩川 / basin 12 / 旧河道,all_land_use,He->Me,6,drop,0,1,0
watershed_x_landform,B_830305_12_LF_3040202,多摩川 / basin 12 / 旧河道,all_land_use,He->Me,6,new,0,1,0
watershed_x_landform,B_830305_12_LF_3040202,多摩川 / basin 12 / 旧河道,all_land_use,Ko->Na,4,continue,0,2,0
watershed_x_landform,B_830305_12_LF_3040202,多摩川 / basin 12 / 旧河道,all_land_use,Ko->Na,4,drop,1,2,0.5
watershed_x_landform,B_830305_12_LF_3040202,多摩川 / basin 12 / 旧河道,all_land_use,Ko->Na,4,new,1,2,0.5
watershed_x_landform,B_830305_12_LF_3040202,多摩川 / basin 12 / 旧河道,all_land_use,Na->He,5,continue,1,1,1
watershed_x_landform,B_830305_12_LF_3040202,多摩川 / basin 12 / 旧河道,all_land_use,Na->He,5,drop,0,1,0
watershed_x_landform,B_830305_12_LF_3040202,多摩川 / basin 12 / 旧河道,all_land_use,Na->He,5,new,0,1,0
watershed_x_landform,B_830305_12_LF_3040202,多摩川 / basin 12 / 旧河道,all_land_use,Ya->Ko,3,continue,0,1,0
watershed_x_landform,B_830305_12_LF_3040202,多摩川 / basin 12 / 旧河道,all_land_use,Ya->Ko,3,drop,0,1,0
watershed_x_landform,B_830305_12_LF_3040202,多摩川 / basin 12 / 旧河道,all_land_use,Ya->Ko,3,new,1,1,1
watershed_x_landform,B_830305_13_LF_2010101,多摩川 / basin 13 / 台地・段丘,all_land_use,He->Me,6,continue,3,7,0.42857142857142855
watershed_x_landform,B_830305_13_LF_2010101,多摩川 / basin 13 / 台地・段丘,all_land_use,He->Me,6,drop,2,7,0.2857142857142857
watershed_x_landform,B_830305_13_LF_2010101,多摩川 / basin 13 / 台地・段丘,all_land_use,He->Me,6,new,2,7,0.2857142857142857
watershed_x_landform,B_830305_13_LF_2010101,多摩川 / basin 13 / 台地・段丘,all_land_use,Jo->Ya,2,continue,1,6,0.16666666666666666
watershed_x_landform,B_830305_13_LF_2010101,多摩川 / basin 13 / 台地・段丘,all_land_use,Jo->Ya,2,drop,5,6,0.8333333333333334
watershed_x_landform,B_830305_13_LF_2010101,多摩川 / basin 13 / 台地・段丘,all_land_use,Jo->Ya,2,new,0,6,0
watershed_x_landform,B_830305_13_LF_2010101,多摩川 / basin 13 / 台地・段丘,all_land_use,Ko->Na,4,continue,7,27,0.25925925925925924
watershed_x_landform,B_830305_13_LF_2010101,多摩川 / basin 13 / 台地・段丘,all_land_use,Ko->Na,4,drop,20,27,0.7407407407407407
watershed_x_landform,B_830305_13_LF_2010101,多摩川 / basin 13 / 台地・段丘,all_land_use,Ko->Na,4,new,0,27,0
watershed_x_landform,B_830305_13_LF_2010101,多摩川 / basin 13 / 台地・段丘,all_land_use,Na->He,5,continue,5,7,0.7142857142857143
watershed_x_landform,B_830305_13_LF_2010101,多摩川 / basin 13 / 台地・段丘,all_land_use,Na->He,5,drop,2,7,0.2857142857142857
watershed_x_landform,B_830305_13_LF_2010101,多摩川 / basin 13 / 台地・段丘,all_land_use,Na->He,5,new,0,7,0
watershed_x_landform,B_830305_13_LF_2010101,多摩川 / basin 13 / 台地・段丘,all_land_use,Pa->Jo,1,continue,2,6,0.3333333333333333
watershed_x_landform,B_830305_13_LF_2010101,多摩川 / basin 13 / 台地・段丘,all_land_use,Pa->Jo,1,drop,0,6,0
watershed_x_landform,B_830305_13_LF_2010101,多摩川 / basin 13 / 台地・段丘,all_land_use,Pa->Jo,1,new,4,6,0.6666666666666666
watershed_x_landform,B_830305_13_LF_2010101,多摩川 / basin 13 / 台地・段丘,all_land_use,Ya->Ko,3,continue,1,27,0.037037037037037035
watershed_x_landform,B_830305_13_LF_2010101,多摩川 / basin 13 / 台地・段丘,all_land_use,Ya->Ko,3,drop,0,27,0
watershed_x_landform,B_830305_13_LF_2010101,多摩川 / basin 13 / 台地・段丘,all_land_use,Ya->Ko,3,new,26,27,0.9629629629629629
watershed_x_landform,B_830305_13_LF_3030101,多摩川 / basin 13 / 氾濫平野・海岸平野,all_land_use,He->Me,6,continue,1,2,0.5
watershed_x_landform,B_830305_13_LF_3030101,多摩川 / basin 13 / 氾濫平野・海岸平野,all_land_use,He->Me,6,drop,1,2,0.5
watershed_x_landform,B_830305_13_LF_3030101,多摩川 / basin 13 / 氾濫平野・海岸平野,all_land_use,He->Me,6,new,0,2,0
watershed_x_landform,B_830305_13_LF_3030101,多摩川 / basin 13 / 氾濫平野・海岸平野,all_land_use,Jo->Ya,2,continue,2,3,0.6666666666666666
watershed_x_landform,B_830305_13_LF_3030101,多摩川 / basin 13 / 氾濫平野・海岸平野,all_land_use,Jo->Ya,2,drop,1,3,0.3333333333333333
watershed_x_landform,B_830305_13_LF_3030101,多摩川 / basin 13 / 氾濫平野・海岸平野,all_land_use,Jo->Ya,2,new,0,3,0
watershed_x_landform,B_830305_13_LF_3030101,多摩川 / basin 13 / 氾濫平野・海岸平野,all_land_use,Ko->Na,4,continue,2,3,0.6666666666666666
watershed_x_landform,B_830305_13_LF_3030101,多摩川 / basin 13 / 氾濫平野・海岸平野,all_land_use,Ko->Na,4,drop,1,3,0.3333333333333333
watershed_x_landform,B_830305_13_LF_3030101,多摩川 / basin 13 / 氾濫平野・海岸平野,all_land_use,Ko->Na,4,new,0,3,0
watershed_x_landform,B_830305_13_LF_3030101,多摩川 / basin 13 / 氾濫平野・海岸平野,all_land_use,Na->He,5,continue,2,2,1
watershed_x_landform,B_830305_13_LF_3030101,多摩川 / basin 13 / 氾濫平野・海岸平野,all_land_use,Na->He,5,drop,0,2,0
watershed_x_landform,B_830305_13_LF_3030101,多摩川 / basin 13 / 氾濫平野・海岸平野,all_land_use,Na->He,5,new,0,2,0
watershed_x_landform,B_830305_13_LF_3030101,多摩川 / basin 13 / 氾濫平野・海岸平野,all_land_use,Pa->Jo,1,continue,0,3,0
watershed_x_landform,B_830305_13_LF_3030101,多摩川 / basin 13 / 氾濫平野・海岸平野,all_land_use,Pa->Jo,1,drop,0,3,0
watershed_x_landform,B_830305_13_LF_3030101,多摩川 / basin 13 / 氾濫平野・海岸平野,all_land_use,Pa->Jo,1,new,3,3,1
watershed_x_landform,B_830305_13_LF_3030101,多摩川 / basin 13 / 氾濫平野・海岸平野,all_land_use,Ya->Ko,3,continue,2,3,0.6666666666666666
watershed_x_landform,B_830305_13_LF_3030101,多摩川 / basin 13 / 氾濫平野・海岸平野,all_land_use,Ya->Ko,3,drop,0,3,0
watershed_x_landform,B_830305_13_LF_3030101,多摩川 / basin 13 / 氾濫平野・海岸平野,all_land_use,Ya->Ko,3,new,1,3,0.3333333333333333
watershed_x_landform,B_830305_14_LF_10101,多摩川 / basin 14 / 山地斜面等,all_land_use,He->Me,6,continue,0,1,0
watershed_x_landform,B_830305_14_LF_10101,多摩川 / basin 14 / 山地斜面等,all_land_use,He->Me,6,drop,1,1,1
watershed_x_landform,B_830305_14_LF_10101,多摩川 / basin 14 / 山地斜面等,all_land_use,He->Me,6,new,0,1,0
watershed_x_landform,B_830305_14_LF_10101,多摩川 / basin 14 / 山地斜面等,all_land_use,Jo->Ya,2,continue,0,2,0
watershed_x_landform,B_830305_14_LF_10101,多摩川 / basin 14 / 山地斜面等,all_land_use,Jo->Ya,2,drop,2,2,1
watershed_x_landform,B_830305_14_LF_10101,多摩川 / basin 14 / 山地斜面等,all_land_use,Jo->Ya,2,new,0,2,0
watershed_x_landform,B_830305_14_LF_10101,多摩川 / basin 14 / 山地斜面等,all_land_use,Ko->Na,4,continue,0,1,0
watershed_x_landform,B_830305_14_LF_10101,多摩川 / basin 14 / 山地斜面等,all_land_use,Ko->Na,4,drop,0,1,0
watershed_x_landform,B_830305_14_LF_10101,多摩川 / basin 14 / 山地斜面等,all_land_use,Ko->Na,4,new,1,1,1
watershed_x_landform,B_830305_14_LF_10101,多摩川 / basin 14 / 山地斜面等,all_land_use,Na->He,5,continue,1,1,1
watershed_x_landform,B_830305_14_LF_10101,多摩川 / basin 14 / 山地斜面等,all_land_use,Na->He,5,drop,0,1,0
watershed_x_landform,B_830305_14_LF_10101,多摩川 / basin 14 / 山地斜面等,all_land_use,Na->He,5,new,0,1,0
watershed_x_landform,B_830305_14_LF_10101,多摩川 / basin 14 / 山地斜面等,all_land_use,Pa->Jo,1,continue,1,2,0.5
watershed_x_landform,B_830305_14_LF_10101,多摩川 / basin 14 / 山地斜面等,all_land_use,Pa->Jo,1,drop,0,2,0
watershed_x_landform,B_830305_14_LF_10101,多摩川 / basin 14 / 山地斜面等,all_land_use,Pa->Jo,1,new,1,2,0.5
watershed_x_landform,B_830305_14_LF_10314,多摩川 / basin 14 / 台地・段丘,all_land_use,He->Me,6,continue,5,10,0.5
watershed_x_landform,B_830305_14_LF_10314,多摩川 / basin 14 / 台地・段丘,all_land_use,He->Me,6,drop,4,10,0.4
watershed_x_landform,B_830305_14_LF_10314,多摩川 / basin 14 / 台地・段丘,all_land_use,He->Me,6,new,1,10,0.1
watershed_x_landform,B_830305_14_LF_10314,多摩川 / basin 14 / 台地・段丘,all_land_use,Jo->Ya,2,continue,3,20,0.15
watershed_x_landform,B_830305_14_LF_10314,多摩川 / basin 14 / 台地・段丘,all_land_use,Jo->Ya,2,drop,17,20,0.85
watershed_x_landform,B_830305_14_LF_10314,多摩川 / basin 14 / 台地・段丘,all_land_use,Jo->Ya,2,new,0,20,0
watershed_x_landform,B_830305_14_LF_10314,多摩川 / basin 14 / 台地・段丘,all_land_use,Ko->Na,4,continue,2,10,0.2
watershed_x_landform,B_830305_14_LF_10314,多摩川 / basin 14 / 台地・段丘,all_land_use,Ko->Na,4,drop,3,10,0.3
watershed_x_landform,B_830305_14_LF_10314,多摩川 / basin 14 / 台地・段丘,all_land_use,Ko->Na,4,new,5,10,0.5
watershed_x_landform,B_830305_14_LF_10314,多摩川 / basin 14 / 台地・段丘,all_land_use,Na->He,5,continue,6,10,0.6
watershed_x_landform,B_830305_14_LF_10314,多摩川 / basin 14 / 台地・段丘,all_land_use,Na->He,5,drop,1,10,0.1
watershed_x_landform,B_830305_14_LF_10314,多摩川 / basin 14 / 台地・段丘,all_land_use,Na->He,5,new,3,10,0.3
watershed_x_landform,B_830305_14_LF_10314,多摩川 / basin 14 / 台地・段丘,all_land_use,Pa->Jo,1,continue,8,20,0.4
watershed_x_landform,B_830305_14_LF_10314,多摩川 / basin 14 / 台地・段丘,all_land_use,Pa->Jo,1,drop,0,20,0
watershed_x_landform,B_830305_14_LF_10314,多摩川 / basin 14 / 台地・段丘,all_land_use,Pa->Jo,1,new,12,20,0.6
watershed_x_landform,B_830305_14_LF_10314,多摩川 / basin 14 / 台地・段丘,all_land_use,Ya->Ko,3,continue,3,5,0.6
watershed_x_landform,B_830305_14_LF_10314,多摩川 / basin 14 / 台地・段丘,all_land_use,Ya->Ko,3,drop,0,5,0
watershed_x_landform,B_830305_14_LF_10314,多摩川 / basin 14 / 台地・段丘,all_land_use,Ya->Ko,3,new,2,5,0.4
watershed_x_landform,B_830305_14_LF_10601,多摩川 / basin 14 / 凹地・浅い谷,all_land_use,He->Me,6,continue,1,1,1
watershed_x_landform,B_830305_14_LF_10601,多摩川 / basin 14 / 凹地・浅い谷,all_land_use,He->Me,6,drop,0,1,0
watershed_x_landform,B_830305_14_LF_10601,多摩川 / basin 14 / 凹地・浅い谷,all_land_use,He->Me,6,new,0,1,0
watershed_x_landform,B_830305_14_LF_10601,多摩川 / basin 14 / 凹地・浅い谷,all_land_use,Jo->Ya,2,continue,0,2,0
watershed_x_landform,B_830305_14_LF_10601,多摩川 / basin 14 / 凹地・浅い谷,all_land_use,Jo->Ya,2,drop,2,2,1
watershed_x_landform,B_830305_14_LF_10601,多摩川 / basin 14 / 凹地・浅い谷,all_land_use,Jo->Ya,2,new,0,2,0
watershed_x_landform,B_830305_14_LF_10601,多摩川 / basin 14 / 凹地・浅い谷,all_land_use,Ko->Na,4,continue,1,1,1
watershed_x_landform,B_830305_14_LF_10601,多摩川 / basin 14 / 凹地・浅い谷,all_land_use,Ko->Na,4,drop,0,1,0
watershed_x_landform,B_830305_14_LF_10601,多摩川 / basin 14 / 凹地・浅い谷,all_land_use,Ko->Na,4,new,0,1,0
watershed_x_landform,B_830305_14_LF_10601,多摩川 / basin 14 / 凹地・浅い谷,all_land_use,Na->He,5,continue,1,1,1
watershed_x_landform,B_830305_14_LF_10601,多摩川 / basin 14 / 凹地・浅い谷,all_land_use,Na->He,5,drop,0,1,0
watershed_x_landform,B_830305_14_LF_10601,多摩川 / basin 14 / 凹地・浅い谷,all_land_use,Na->He,5,new,0,1,0
watershed_x_landform,B_830305_14_LF_10601,多摩川 / basin 14 / 凹地・浅い谷,all_land_use,Pa->Jo,1,continue,1,2,0.5
watershed_x_landform,B_830305_14_LF_10601,多摩川 / basin 14 / 凹地・浅い谷,all_land_use,Pa->Jo,1,drop,0,2,0
watershed_x_landform,B_830305_14_LF_10601,多摩川 / basin 14 / 凹地・浅い谷,all_land_use,Pa->Jo,1,new,1,2,0.5
watershed_x_landform,B_830305_14_LF_10601,多摩川 / basin 14 / 凹地・浅い谷,all_land_use,Ya->Ko,3,continue,0,1,0
watershed_x_landform,B_830305_14_LF_10601,多摩川 / basin 14 / 凹地・浅い谷,all_land_use,Ya->Ko,3,drop,0,1,0
watershed_x_landform,B_830305_14_LF_10601,多摩川 / basin 14 / 凹地・浅い谷,all_land_use,Ya->Ko,3,new,1,1,1
watershed_x_landform,B_830305_14_LF_10701,多摩川 / basin 14 / 氾濫平野・海岸平野,all_land_use,Jo->Ya,2,continue,0,1,0
watershed_x_landform,B_830305_14_LF_10701,多摩川 / basin 14 / 氾濫平野・海岸平野,all_land_use,Jo->Ya,2,drop,1,1,1
watershed_x_landform,B_830305_14_LF_10701,多摩川 / basin 14 / 氾濫平野・海岸平野,all_land_use,Jo->Ya,2,new,0,1,0
watershed_x_landform,B_830305_14_LF_10701,多摩川 / basin 14 / 氾濫平野・海岸平野,all_land_use,Pa->Jo,1,continue,1,1,1
watershed_x_landform,B_830305_14_LF_10701,多摩川 / basin 14 / 氾濫平野・海岸平野,all_land_use,Pa->Jo,1,drop,0,1,0
watershed_x_landform,B_830305_14_LF_10701,多摩川 / basin 14 / 氾濫平野・海岸平野,all_land_use,Pa->Jo,1,new,0,1,0
watershed_x_landform,B_830305_14_LF_2010101,多摩川 / basin 14 / 台地・段丘,all_land_use,He->Me,6,continue,3,7,0.42857142857142855
watershed_x_landform,B_830305_14_LF_2010101,多摩川 / basin 14 / 台地・段丘,all_land_use,He->Me,6,drop,2,7,0.2857142857142857
watershed_x_landform,B_830305_14_LF_2010101,多摩川 / basin 14 / 台地・段丘,all_land_use,He->Me,6,new,2,7,0.2857142857142857
watershed_x_landform,B_830305_14_LF_2010101,多摩川 / basin 14 / 台地・段丘,all_land_use,Jo->Ya,2,continue,3,11,0.2727272727272727
watershed_x_landform,B_830305_14_LF_2010101,多摩川 / basin 14 / 台地・段丘,all_land_use,Jo->Ya,2,drop,8,11,0.7272727272727273
watershed_x_landform,B_830305_14_LF_2010101,多摩川 / basin 14 / 台地・段丘,all_land_use,Jo->Ya,2,new,0,11,0
watershed_x_landform,B_830305_14_LF_2010101,多摩川 / basin 14 / 台地・段丘,all_land_use,Ko->Na,4,continue,5,18,0.2777777777777778
watershed_x_landform,B_830305_14_LF_2010101,多摩川 / basin 14 / 台地・段丘,all_land_use,Ko->Na,4,drop,12,18,0.6666666666666666
watershed_x_landform,B_830305_14_LF_2010101,多摩川 / basin 14 / 台地・段丘,all_land_use,Ko->Na,4,new,1,18,0.05555555555555555
watershed_x_landform,B_830305_14_LF_2010101,多摩川 / basin 14 / 台地・段丘,all_land_use,Na->He,5,continue,5,6,0.8333333333333334
watershed_x_landform,B_830305_14_LF_2010101,多摩川 / basin 14 / 台地・段丘,all_land_use,Na->He,5,drop,1,6,0.16666666666666666
watershed_x_landform,B_830305_14_LF_2010101,多摩川 / basin 14 / 台地・段丘,all_land_use,Na->He,5,new,0,6,0
watershed_x_landform,B_830305_14_LF_2010101,多摩川 / basin 14 / 台地・段丘,all_land_use,Pa->Jo,1,continue,2,12,0.16666666666666666
watershed_x_landform,B_830305_14_LF_2010101,多摩川 / basin 14 / 台地・段丘,all_land_use,Pa->Jo,1,drop,1,12,0.08333333333333333
watershed_x_landform,B_830305_14_LF_2010101,多摩川 / basin 14 / 台地・段丘,all_land_use,Pa->Jo,1,new,9,12,0.75
watershed_x_landform,B_830305_14_LF_2010101,多摩川 / basin 14 / 台地・段丘,all_land_use,Ya->Ko,3,continue,3,17,0.17647058823529413
watershed_x_landform,B_830305_14_LF_2010101,多摩川 / basin 14 / 台地・段丘,all_land_use,Ya->Ko,3,drop,0,17,0
watershed_x_landform,B_830305_14_LF_2010101,多摩川 / basin 14 / 台地・段丘,all_land_use,Ya->Ko,3,new,14,17,0.8235294117647058
watershed_x_landform,B_830305_14_LF_2010201,多摩川 / basin 14 / 崖・段丘崖,all_land_use,Jo->Ya,2,continue,0,1,0
watershed_x_landform,B_830305_14_LF_2010201,多摩川 / basin 14 / 崖・段丘崖,all_land_use,Jo->Ya,2,drop,1,1,1
watershed_x_landform,B_830305_14_LF_2010201,多摩川 / basin 14 / 崖・段丘崖,all_land_use,Jo->Ya,2,new,0,1,0
watershed_x_landform,B_830305_14_LF_2010201,多摩川 / basin 14 / 崖・段丘崖,all_land_use,Ko->Na,4,continue,1,2,0.5
watershed_x_landform,B_830305_14_LF_2010201,多摩川 / basin 14 / 崖・段丘崖,all_land_use,Ko->Na,4,drop,1,2,0.5
watershed_x_landform,B_830305_14_LF_2010201,多摩川 / basin 14 / 崖・段丘崖,all_land_use,Ko->Na,4,new,0,2,0
watershed_x_landform,B_830305_14_LF_2010201,多摩川 / basin 14 / 崖・段丘崖,all_land_use,Na->He,5,continue,0,1,0
watershed_x_landform,B_830305_14_LF_2010201,多摩川 / basin 14 / 崖・段丘崖,all_land_use,Na->He,5,drop,1,1,1
watershed_x_landform,B_830305_14_LF_2010201,多摩川 / basin 14 / 崖・段丘崖,all_land_use,Na->He,5,new,0,1,0
watershed_x_landform,B_830305_14_LF_2010201,多摩川 / basin 14 / 崖・段丘崖,all_land_use,Pa->Jo,1,continue,0,1,0
watershed_x_landform,B_830305_14_LF_2010201,多摩川 / basin 14 / 崖・段丘崖,all_land_use,Pa->Jo,1,drop,0,1,0
watershed_x_landform,B_830305_14_LF_2010201,多摩川 / basin 14 / 崖・段丘崖,all_land_use,Pa->Jo,1,new,1,1,1
watershed_x_landform,B_830305_14_LF_2010201,多摩川 / basin 14 / 崖・段丘崖,all_land_use,Ya->Ko,3,continue,0,2,0
watershed_x_landform,B_830305_14_LF_2010201,多摩川 / basin 14 / 崖・段丘崖,all_land_use,Ya->Ko,3,drop,0,2,0
watershed_x_landform,B_830305_14_LF_2010201,多摩川 / basin 14 / 崖・段丘崖,all_land_use,Ya->Ko,3,new,2,2,1
watershed_x_landform,B_830305_14_LF_3030101,多摩川 / basin 14 / 氾濫平野・海岸平野,all_land_use,Ko->Na,4,continue,0,1,0
watershed_x_landform,B_830305_14_LF_3030101,多摩川 / basin 14 / 氾濫平野・海岸平野,all_land_use,Ko->Na,4,drop,1,1,1
watershed_x_landform,B_830305_14_LF_3030101,多摩川 / basin 14 / 氾濫平野・海岸平野,all_land_use,Ko->Na,4,new,0,1,0
watershed_x_landform,B_830305_14_LF_3030101,多摩川 / basin 14 / 氾濫平野・海岸平野,all_land_use,Ya->Ko,3,continue,0,1,0
watershed_x_landform,B_830305_14_LF_3030101,多摩川 / basin 14 / 氾濫平野・海岸平野,all_land_use,Ya->Ko,3,drop,0,1,0
watershed_x_landform,B_830305_14_LF_3030101,多摩川 / basin 14 / 氾濫平野・海岸平野,all_land_use,Ya->Ko,3,new,1,1,1
watershed_x_landform,B_830305_16_LF_10101,多摩川 / basin 16 / 山地斜面等,all_land_use,He->Me,6,continue,1,2,0.5
watershed_x_landform,B_830305_16_LF_10101,多摩川 / basin 16 / 山地斜面等,all_land_use,He->Me,6,drop,1,2,0.5
watershed_x_landform,B_830305_16_LF_10101,多摩川 / basin 16 / 山地斜面等,all_land_use,He->Me,6,new,0,2,0
watershed_x_landform,B_830305_16_LF_10101,多摩川 / basin 16 / 山地斜面等,all_land_use,Jo->Ya,2,continue,0,2,0
watershed_x_landform,B_830305_16_LF_10101,多摩川 / basin 16 / 山地斜面等,all_land_use,Jo->Ya,2,drop,2,2,1
watershed_x_landform,B_830305_16_LF_10101,多摩川 / basin 16 / 山地斜面等,all_land_use,Jo->Ya,2,new,0,2,0
watershed_x_landform,B_830305_16_LF_10101,多摩川 / basin 16 / 山地斜面等,all_land_use,Ko->Na,4,continue,0,2,0
watershed_x_landform,B_830305_16_LF_10101,多摩川 / basin 16 / 山地斜面等,all_land_use,Ko->Na,4,drop,0,2,0
watershed_x_landform,B_830305_16_LF_10101,多摩川 / basin 16 / 山地斜面等,all_land_use,Ko->Na,4,new,2,2,1
watershed_x_landform,B_830305_16_LF_10101,多摩川 / basin 16 / 山地斜面等,all_land_use,Na->He,5,continue,2,2,1
watershed_x_landform,B_830305_16_LF_10101,多摩川 / basin 16 / 山地斜面等,all_land_use,Na->He,5,drop,0,2,0
watershed_x_landform,B_830305_16_LF_10101,多摩川 / basin 16 / 山地斜面等,all_land_use,Na->He,5,new,0,2,0
watershed_x_landform,B_830305_16_LF_10101,多摩川 / basin 16 / 山地斜面等,all_land_use,Pa->Jo,1,continue,1,2,0.5
watershed_x_landform,B_830305_16_LF_10101,多摩川 / basin 16 / 山地斜面等,all_land_use,Pa->Jo,1,drop,0,2,0
watershed_x_landform,B_830305_16_LF_10101,多摩川 / basin 16 / 山地斜面等,all_land_use,Pa->Jo,1,new,1,2,0.5
watershed_x_landform,B_830305_16_LF_10202,多摩川 / basin 16 / 崖・段丘崖,all_land_use,Jo->Ya,2,continue,0,1,0
watershed_x_landform,B_830305_16_LF_10202,多摩川 / basin 16 / 崖・段丘崖,all_land_use,Jo->Ya,2,drop,1,1,1
watershed_x_landform,B_830305_16_LF_10202,多摩川 / basin 16 / 崖・段丘崖,all_land_use,Jo->Ya,2,new,0,1,0
watershed_x_landform,B_830305_16_LF_10202,多摩川 / basin 16 / 崖・段丘崖,all_land_use,Ko->Na,4,continue,0,1,0
watershed_x_landform,B_830305_16_LF_10202,多摩川 / basin 16 / 崖・段丘崖,all_land_use,Ko->Na,4,drop,1,1,1
watershed_x_landform,B_830305_16_LF_10202,多摩川 / basin 16 / 崖・段丘崖,all_land_use,Ko->Na,4,new,0,1,0
watershed_x_landform,B_830305_16_LF_10202,多摩川 / basin 16 / 崖・段丘崖,all_land_use,Pa->Jo,1,continue,1,1,1
watershed_x_landform,B_830305_16_LF_10202,多摩川 / basin 16 / 崖・段丘崖,all_land_use,Pa->Jo,1,drop,0,1,0
watershed_x_landform,B_830305_16_LF_10202,多摩川 / basin 16 / 崖・段丘崖,all_land_use,Pa->Jo,1,new,0,1,0
watershed_x_landform,B_830305_16_LF_10202,多摩川 / basin 16 / 崖・段丘崖,all_land_use,Ya->Ko,3,continue,0,1,0
watershed_x_landform,B_830305_16_LF_10202,多摩川 / basin 16 / 崖・段丘崖,all_land_use,Ya->Ko,3,drop,0,1,0
watershed_x_landform,B_830305_16_LF_10202,多摩川 / basin 16 / 崖・段丘崖,all_land_use,Ya->Ko,3,new,1,1,1
watershed_x_landform,B_830305_16_LF_10314,多摩川 / basin 16 / 台地・段丘,all_land_use,He->Me,6,continue,0,1,0
watershed_x_landform,B_830305_16_LF_10314,多摩川 / basin 16 / 台地・段丘,all_land_use,He->Me,6,drop,1,1,1
watershed_x_landform,B_830305_16_LF_10314,多摩川 / basin 16 / 台地・段丘,all_land_use,He->Me,6,new,0,1,0
watershed_x_landform,B_830305_16_LF_10314,多摩川 / basin 16 / 台地・段丘,all_land_use,Jo->Ya,2,continue,1,6,0.16666666666666666
watershed_x_landform,B_830305_16_LF_10314,多摩川 / basin 16 / 台地・段丘,all_land_use,Jo->Ya,2,drop,5,6,0.8333333333333334
watershed_x_landform,B_830305_16_LF_10314,多摩川 / basin 16 / 台地・段丘,all_land_use,Jo->Ya,2,new,0,6,0
watershed_x_landform,B_830305_16_LF_10314,多摩川 / basin 16 / 台地・段丘,all_land_use,Ko->Na,4,continue,1,2,0.5
watershed_x_landform,B_830305_16_LF_10314,多摩川 / basin 16 / 台地・段丘,all_land_use,Ko->Na,4,drop,1,2,0.5
watershed_x_landform,B_830305_16_LF_10314,多摩川 / basin 16 / 台地・段丘,all_land_use,Ko->Na,4,new,0,2,0
watershed_x_landform,B_830305_16_LF_10314,多摩川 / basin 16 / 台地・段丘,all_land_use,Na->He,5,continue,1,1,1
watershed_x_landform,B_830305_16_LF_10314,多摩川 / basin 16 / 台地・段丘,all_land_use,Na->He,5,drop,0,1,0
watershed_x_landform,B_830305_16_LF_10314,多摩川 / basin 16 / 台地・段丘,all_land_use,Na->He,5,new,0,1,0
watershed_x_landform,B_830305_16_LF_10314,多摩川 / basin 16 / 台地・段丘,all_land_use,Pa->Jo,1,continue,5,6,0.8333333333333334
watershed_x_landform,B_830305_16_LF_10314,多摩川 / basin 16 / 台地・段丘,all_land_use,Pa->Jo,1,drop,0,6,0
watershed_x_landform,B_830305_16_LF_10314,多摩川 / basin 16 / 台地・段丘,all_land_use,Pa->Jo,1,new,1,6,0.16666666666666666
watershed_x_landform,B_830305_16_LF_10314,多摩川 / basin 16 / 台地・段丘,all_land_use,Ya->Ko,3,continue,1,2,0.5
watershed_x_landform,B_830305_16_LF_10314,多摩川 / basin 16 / 台地・段丘,all_land_use,Ya->Ko,3,drop,0,2,0
watershed_x_landform,B_830305_16_LF_10314,多摩川 / basin 16 / 台地・段丘,all_land_use,Ya->Ko,3,new,1,2,0.5
watershed_x_landform,B_830305_16_LF_2010101,多摩川 / basin 16 / 台地・段丘,all_land_use,Jo->Ya,2,continue,0,4,0
watershed_x_landform,B_830305_16_LF_2010101,多摩川 / basin 16 / 台地・段丘,all_land_use,Jo->Ya,2,drop,4,4,1
watershed_x_landform,B_830305_16_LF_2010101,多摩川 / basin 16 / 台地・段丘,all_land_use,Jo->Ya,2,new,0,4,0
watershed_x_landform,B_830305_16_LF_2010101,多摩川 / basin 16 / 台地・段丘,all_land_use,Ko->Na,4,continue,0,3,0
watershed_x_landform,B_830305_16_LF_2010101,多摩川 / basin 16 / 台地・段丘,all_land_use,Ko->Na,4,drop,3,3,1
watershed_x_landform,B_830305_16_LF_2010101,多摩川 / basin 16 / 台地・段丘,all_land_use,Ko->Na,4,new,0,3,0
watershed_x_landform,B_830305_16_LF_2010101,多摩川 / basin 16 / 台地・段丘,all_land_use,Pa->Jo,1,continue,1,4,0.25
watershed_x_landform,B_830305_16_LF_2010101,多摩川 / basin 16 / 台地・段丘,all_land_use,Pa->Jo,1,drop,0,4,0
watershed_x_landform,B_830305_16_LF_2010101,多摩川 / basin 16 / 台地・段丘,all_land_use,Pa->Jo,1,new,3,4,0.75
watershed_x_landform,B_830305_16_LF_2010101,多摩川 / basin 16 / 台地・段丘,all_land_use,Ya->Ko,3,continue,0,3,0
watershed_x_landform,B_830305_16_LF_2010101,多摩川 / basin 16 / 台地・段丘,all_land_use,Ya->Ko,3,drop,0,3,0
watershed_x_landform,B_830305_16_LF_2010101,多摩川 / basin 16 / 台地・段丘,all_land_use,Ya->Ko,3,new,3,3,1
watershed_x_landform,B_830305_16_LF_2010201,多摩川 / basin 16 / 崖・段丘崖,all_land_use,He->Me,6,continue,0,1,0
watershed_x_landform,B_830305_16_LF_2010201,多摩川 / basin 16 / 崖・段丘崖,all_land_use,He->Me,6,drop,0,1,0
watershed_x_landform,B_830305_16_LF_2010201,多摩川 / basin 16 / 崖・段丘崖,all_land_use,He->Me,6,new,1,1,1
watershed_x_landform,B_830305_16_LF_2010201,多摩川 / basin 16 / 崖・段丘崖,all_land_use,Jo->Ya,2,continue,0,1,0
watershed_x_landform,B_830305_16_LF_2010201,多摩川 / basin 16 / 崖・段丘崖,all_land_use,Jo->Ya,2,drop,1,1,1
watershed_x_landform,B_830305_16_LF_2010201,多摩川 / basin 16 / 崖・段丘崖,all_land_use,Jo->Ya,2,new,0,1,0
watershed_x_landform,B_830305_16_LF_2010201,多摩川 / basin 16 / 崖・段丘崖,all_land_use,Ko->Na,4,continue,0,1,0
watershed_x_landform,B_830305_16_LF_2010201,多摩川 / basin 16 / 崖・段丘崖,all_land_use,Ko->Na,4,drop,0,1,0
watershed_x_landform,B_830305_16_LF_2010201,多摩川 / basin 16 / 崖・段丘崖,all_land_use,Ko->Na,4,new,1,1,1
watershed_x_landform,B_830305_16_LF_2010201,多摩川 / basin 16 / 崖・段丘崖,all_land_use,Na->He,5,continue,0,1,0
watershed_x_landform,B_830305_16_LF_2010201,多摩川 / basin 16 / 崖・段丘崖,all_land_use,Na->He,5,drop,1,1,1
watershed_x_landform,B_830305_16_LF_2010201,多摩川 / basin 16 / 崖・段丘崖,all_land_use,Na->He,5,new,0,1,0
watershed_x_landform,B_830305_16_LF_2010201,多摩川 / basin 16 / 崖・段丘崖,all_land_use,Pa->Jo,1,continue,0,1,0
watershed_x_landform,B_830305_16_LF_2010201,多摩川 / basin 16 / 崖・段丘崖,all_land_use,Pa->Jo,1,drop,0,1,0
watershed_x_landform,B_830305_16_LF_2010201,多摩川 / basin 16 / 崖・段丘崖,all_land_use,Pa->Jo,1,new,1,1,1
watershed_x_landform,B_830305_17_LF_1010101,多摩川 / basin 17 / 山地斜面等,all_land_use,He->Me,6,continue,15,49,0.30612244897959184
watershed_x_landform,B_830305_17_LF_1010101,多摩川 / basin 17 / 山地斜面等,all_land_use,He->Me,6,drop,24,49,0.4897959183673469
watershed_x_landform,B_830305_17_LF_1010101,多摩川 / basin 17 / 山地斜面等,all_land_use,He->Me,6,new,10,49,0.20408163265306123
watershed_x_landform,B_830305_17_LF_1010101,多摩川 / basin 17 / 山地斜面等,all_land_use,Jo->Ya,2,continue,5,75,0.06666666666666667
watershed_x_landform,B_830305_17_LF_1010101,多摩川 / basin 17 / 山地斜面等,all_land_use,Jo->Ya,2,drop,70,75,0.9333333333333333
watershed_x_landform,B_830305_17_LF_1010101,多摩川 / basin 17 / 山地斜面等,all_land_use,Jo->Ya,2,new,0,75,0
watershed_x_landform,B_830305_17_LF_1010101,多摩川 / basin 17 / 山地斜面等,all_land_use,Ko->Na,4,continue,10,41,0.24390243902439024
watershed_x_landform,B_830305_17_LF_1010101,多摩川 / basin 17 / 山地斜面等,all_land_use,Ko->Na,4,drop,5,41,0.12195121951219512
watershed_x_landform,B_830305_17_LF_1010101,多摩川 / basin 17 / 山地斜面等,all_land_use,Ko->Na,4,new,26,41,0.6341463414634146
watershed_x_landform,B_830305_17_LF_1010101,多摩川 / basin 17 / 山地斜面等,all_land_use,Na->He,5,continue,29,46,0.6304347826086957
watershed_x_landform,B_830305_17_LF_1010101,多摩川 / basin 17 / 山地斜面等,all_land_use,Na->He,5,drop,7,46,0.15217391304347827
watershed_x_landform,B_830305_17_LF_1010101,多摩川 / basin 17 / 山地斜面等,all_land_use,Na->He,5,new,10,46,0.21739130434782608
watershed_x_landform,B_830305_17_LF_1010101,多摩川 / basin 17 / 山地斜面等,all_land_use,Pa->Jo,1,continue,8,76,0.10526315789473684
watershed_x_landform,B_830305_17_LF_1010101,多摩川 / basin 17 / 山地斜面等,all_land_use,Pa->Jo,1,drop,1,76,0.013157894736842105
watershed_x_landform,B_830305_17_LF_1010101,多摩川 / basin 17 / 山地斜面等,all_land_use,Pa->Jo,1,new,67,76,0.881578947368421
watershed_x_landform,B_830305_17_LF_1010101,多摩川 / basin 17 / 山地斜面等,all_land_use,Ya->Ko,3,continue,3,17,0.17647058823529413
watershed_x_landform,B_830305_17_LF_1010101,多摩川 / basin 17 / 山地斜面等,all_land_use,Ya->Ko,3,drop,2,17,0.11764705882352941
watershed_x_landform,B_830305_17_LF_1010101,多摩川 / basin 17 / 山地斜面等,all_land_use,Ya->Ko,3,new,12,17,0.7058823529411765
watershed_x_landform,B_830305_17_LF_2010101,多摩川 / basin 17 / 台地・段丘,all_land_use,He->Me,6,continue,3,13,0.23076923076923078
watershed_x_landform,B_830305_17_LF_2010101,多摩川 / basin 17 / 台地・段丘,all_land_use,He->Me,6,drop,6,13,0.46153846153846156
watershed_x_landform,B_830305_17_LF_2010101,多摩川 / basin 17 / 台地・段丘,all_land_use,He->Me,6,new,4,13,0.3076923076923077
watershed_x_landform,B_830305_17_LF_2010101,多摩川 / basin 17 / 台地・段丘,all_land_use,Jo->Ya,2,continue,1,14,0.07142857142857142
watershed_x_landform,B_830305_17_LF_2010101,多摩川 / basin 17 / 台地・段丘,all_land_use,Jo->Ya,2,drop,13,14,0.9285714285714286
watershed_x_landform,B_830305_17_LF_2010101,多摩川 / basin 17 / 台地・段丘,all_land_use,Jo->Ya,2,new,0,14,0
watershed_x_landform,B_830305_17_LF_2010101,多摩川 / basin 17 / 台地・段丘,all_land_use,Ko->Na,4,continue,2,8,0.25
watershed_x_landform,B_830305_17_LF_2010101,多摩川 / basin 17 / 台地・段丘,all_land_use,Ko->Na,4,drop,0,8,0
watershed_x_landform,B_830305_17_LF_2010101,多摩川 / basin 17 / 台地・段丘,all_land_use,Ko->Na,4,new,6,8,0.75
watershed_x_landform,B_830305_17_LF_2010101,多摩川 / basin 17 / 台地・段丘,all_land_use,Na->He,5,continue,8,9,0.8888888888888888
watershed_x_landform,B_830305_17_LF_2010101,多摩川 / basin 17 / 台地・段丘,all_land_use,Na->He,5,drop,0,9,0
watershed_x_landform,B_830305_17_LF_2010101,多摩川 / basin 17 / 台地・段丘,all_land_use,Na->He,5,new,1,9,0.1111111111111111
watershed_x_landform,B_830305_17_LF_2010101,多摩川 / basin 17 / 台地・段丘,all_land_use,Pa->Jo,1,continue,5,14,0.35714285714285715
watershed_x_landform,B_830305_17_LF_2010101,多摩川 / basin 17 / 台地・段丘,all_land_use,Pa->Jo,1,drop,0,14,0
watershed_x_landform,B_830305_17_LF_2010101,多摩川 / basin 17 / 台地・段丘,all_land_use,Pa->Jo,1,new,9,14,0.6428571428571429
watershed_x_landform,B_830305_17_LF_2010101,多摩川 / basin 17 / 台地・段丘,all_land_use,Ya->Ko,3,continue,0,3,0
watershed_x_landform,B_830305_17_LF_2010101,多摩川 / basin 17 / 台地・段丘,all_land_use,Ya->Ko,3,drop,1,3,0.3333333333333333
watershed_x_landform,B_830305_17_LF_2010101,多摩川 / basin 17 / 台地・段丘,all_land_use,Ya->Ko,3,new,2,3,0.6666666666666666
watershed_x_landform,B_830305_17_LF_3010101,多摩川 / basin 17 / 山麓堆積地形,all_land_use,He->Me,6,continue,0,1,0
watershed_x_landform,B_830305_17_LF_3010101,多摩川 / basin 17 / 山麓堆積地形,all_land_use,He->Me,6,drop,1,1,1
watershed_x_landform,B_830305_17_LF_3010101,多摩川 / basin 17 / 山麓堆積地形,all_land_use,He->Me,6,new,0,1,0
watershed_x_landform,B_830305_17_LF_3010101,多摩川 / basin 17 / 山麓堆積地形,all_land_use,Jo->Ya,2,continue,0,1,0
watershed_x_landform,B_830305_17_LF_3010101,多摩川 / basin 17 / 山麓堆積地形,all_land_use,Jo->Ya,2,drop,1,1,1
watershed_x_landform,B_830305_17_LF_3010101,多摩川 / basin 17 / 山麓堆積地形,all_land_use,Jo->Ya,2,new,0,1,0
watershed_x_landform,B_830305_17_LF_3010101,多摩川 / basin 17 / 山麓堆積地形,all_land_use,Ko->Na,4,continue,0,1,0
watershed_x_landform,B_830305_17_LF_3010101,多摩川 / basin 17 / 山麓堆積地形,all_land_use,Ko->Na,4,drop,0,1,0
watershed_x_landform,B_830305_17_LF_3010101,多摩川 / basin 17 / 山麓堆積地形,all_land_use,Ko->Na,4,new,1,1,1
watershed_x_landform,B_830305_17_LF_3010101,多摩川 / basin 17 / 山麓堆積地形,all_land_use,Na->He,5,continue,1,1,1
watershed_x_landform,B_830305_17_LF_3010101,多摩川 / basin 17 / 山麓堆積地形,all_land_use,Na->He,5,drop,0,1,0
watershed_x_landform,B_830305_17_LF_3010101,多摩川 / basin 17 / 山麓堆積地形,all_land_use,Na->He,5,new,0,1,0
watershed_x_landform,B_830305_17_LF_3010101,多摩川 / basin 17 / 山麓堆積地形,all_land_use,Pa->Jo,1,continue,0,1,0
watershed_x_landform,B_830305_17_LF_3010101,多摩川 / basin 17 / 山麓堆積地形,all_land_use,Pa->Jo,1,drop,0,1,0
watershed_x_landform,B_830305_17_LF_3010101,多摩川 / basin 17 / 山麓堆積地形,all_land_use,Pa->Jo,1,new,1,1,1
watershed_x_landform,B_830305_17_LF_3030101,多摩川 / basin 17 / 氾濫平野・海岸平野,all_land_use,He->Me,6,continue,3,4,0.75
watershed_x_landform,B_830305_17_LF_3030101,多摩川 / basin 17 / 氾濫平野・海岸平野,all_land_use,He->Me,6,drop,1,4,0.25
watershed_x_landform,B_830305_17_LF_3030101,多摩川 / basin 17 / 氾濫平野・海岸平野,all_land_use,He->Me,6,new,0,4,0
watershed_x_landform,B_830305_17_LF_3030101,多摩川 / basin 17 / 氾濫平野・海岸平野,all_land_use,Jo->Ya,2,continue,1,6,0.16666666666666666
watershed_x_landform,B_830305_17_LF_3030101,多摩川 / basin 17 / 氾濫平野・海岸平野,all_land_use,Jo->Ya,2,drop,5,6,0.8333333333333334
watershed_x_landform,B_830305_17_LF_3030101,多摩川 / basin 17 / 氾濫平野・海岸平野,all_land_use,Jo->Ya,2,new,0,6,0
watershed_x_landform,B_830305_17_LF_3030101,多摩川 / basin 17 / 氾濫平野・海岸平野,all_land_use,Ko->Na,4,continue,2,4,0.5
watershed_x_landform,B_830305_17_LF_3030101,多摩川 / basin 17 / 氾濫平野・海岸平野,all_land_use,Ko->Na,4,drop,0,4,0
watershed_x_landform,B_830305_17_LF_3030101,多摩川 / basin 17 / 氾濫平野・海岸平野,all_land_use,Ko->Na,4,new,2,4,0.5
watershed_x_landform,B_830305_17_LF_3030101,多摩川 / basin 17 / 氾濫平野・海岸平野,all_land_use,Na->He,5,continue,3,5,0.6
watershed_x_landform,B_830305_17_LF_3030101,多摩川 / basin 17 / 氾濫平野・海岸平野,all_land_use,Na->He,5,drop,1,5,0.2
watershed_x_landform,B_830305_17_LF_3030101,多摩川 / basin 17 / 氾濫平野・海岸平野,all_land_use,Na->He,5,new,1,5,0.2
watershed_x_landform,B_830305_17_LF_3030101,多摩川 / basin 17 / 氾濫平野・海岸平野,all_land_use,Pa->Jo,1,continue,0,6,0
watershed_x_landform,B_830305_17_LF_3030101,多摩川 / basin 17 / 氾濫平野・海岸平野,all_land_use,Pa->Jo,1,drop,0,6,0
watershed_x_landform,B_830305_17_LF_3030101,多摩川 / basin 17 / 氾濫平野・海岸平野,all_land_use,Pa->Jo,1,new,6,6,1
watershed_x_landform,B_830305_17_LF_3030101,多摩川 / basin 17 / 氾濫平野・海岸平野,all_land_use,Ya->Ko,3,continue,0,3,0
watershed_x_landform,B_830305_17_LF_3030101,多摩川 / basin 17 / 氾濫平野・海岸平野,all_land_use,Ya->Ko,3,drop,1,3,0.3333333333333333
watershed_x_landform,B_830305_17_LF_3030101,多摩川 / basin 17 / 氾濫平野・海岸平野,all_land_use,Ya->Ko,3,new,2,3,0.6666666666666666
watershed_x_landform,B_830305_18_LF_10101,多摩川 / basin 18 / 山地斜面等,all_land_use,He->Me,6,continue,0,4,0
watershed_x_landform,B_830305_18_LF_10101,多摩川 / basin 18 / 山地斜面等,all_land_use,He->Me,6,drop,4,4,1
watershed_x_landform,B_830305_18_LF_10101,多摩川 / basin 18 / 山地斜面等,all_land_use,He->Me,6,new,0,4,0
watershed_x_landform,B_830305_18_LF_10101,多摩川 / basin 18 / 山地斜面等,all_land_use,Jo->Ya,2,continue,0,7,0
watershed_x_landform,B_830305_18_LF_10101,多摩川 / basin 18 / 山地斜面等,all_land_use,Jo->Ya,2,drop,7,7,1
watershed_x_landform,B_830305_18_LF_10101,多摩川 / basin 18 / 山地斜面等,all_land_use,Jo->Ya,2,new,0,7,0
watershed_x_landform,B_830305_18_LF_10101,多摩川 / basin 18 / 山地斜面等,all_land_use,Ko->Na,4,continue,1,6,0.16666666666666666
watershed_x_landform,B_830305_18_LF_10101,多摩川 / basin 18 / 山地斜面等,all_land_use,Ko->Na,4,drop,0,6,0
watershed_x_landform,B_830305_18_LF_10101,多摩川 / basin 18 / 山地斜面等,all_land_use,Ko->Na,4,new,5,6,0.8333333333333334
watershed_x_landform,B_830305_18_LF_10101,多摩川 / basin 18 / 山地斜面等,all_land_use,Na->He,5,continue,4,6,0.6666666666666666
watershed_x_landform,B_830305_18_LF_10101,多摩川 / basin 18 / 山地斜面等,all_land_use,Na->He,5,drop,2,6,0.3333333333333333
watershed_x_landform,B_830305_18_LF_10101,多摩川 / basin 18 / 山地斜面等,all_land_use,Na->He,5,new,0,6,0
watershed_x_landform,B_830305_18_LF_10101,多摩川 / basin 18 / 山地斜面等,all_land_use,Pa->Jo,1,continue,4,7,0.5714285714285714
watershed_x_landform,B_830305_18_LF_10101,多摩川 / basin 18 / 山地斜面等,all_land_use,Pa->Jo,1,drop,0,7,0
watershed_x_landform,B_830305_18_LF_10101,多摩川 / basin 18 / 山地斜面等,all_land_use,Pa->Jo,1,new,3,7,0.42857142857142855
watershed_x_landform,B_830305_18_LF_10101,多摩川 / basin 18 / 山地斜面等,all_land_use,Ya->Ko,3,continue,0,1,0
watershed_x_landform,B_830305_18_LF_10101,多摩川 / basin 18 / 山地斜面等,all_land_use,Ya->Ko,3,drop,0,1,0
watershed_x_landform,B_830305_18_LF_10101,多摩川 / basin 18 / 山地斜面等,all_land_use,Ya->Ko,3,new,1,1,1
watershed_x_landform,B_830305_18_LF_10202,多摩川 / basin 18 / 崖・段丘崖,all_land_use,He->Me,6,continue,1,4,0.25
watershed_x_landform,B_830305_18_LF_10202,多摩川 / basin 18 / 崖・段丘崖,all_land_use,He->Me,6,drop,1,4,0.25
watershed_x_landform,B_830305_18_LF_10202,多摩川 / basin 18 / 崖・段丘崖,all_land_use,He->Me,6,new,2,4,0.5
watershed_x_landform,B_830305_18_LF_10202,多摩川 / basin 18 / 崖・段丘崖,all_land_use,Jo->Ya,2,continue,0,6,0
watershed_x_landform,B_830305_18_LF_10202,多摩川 / basin 18 / 崖・段丘崖,all_land_use,Jo->Ya,2,drop,6,6,1
watershed_x_landform,B_830305_18_LF_10202,多摩川 / basin 18 / 崖・段丘崖,all_land_use,Jo->Ya,2,new,0,6,0
watershed_x_landform,B_830305_18_LF_10202,多摩川 / basin 18 / 崖・段丘崖,all_land_use,Ko->Na,4,continue,2,5,0.4
watershed_x_landform,B_830305_18_LF_10202,多摩川 / basin 18 / 崖・段丘崖,all_land_use,Ko->Na,4,drop,1,5,0.2
watershed_x_landform,B_830305_18_LF_10202,多摩川 / basin 18 / 崖・段丘崖,all_land_use,Ko->Na,4,new,2,5,0.4
watershed_x_landform,B_830305_18_LF_10202,多摩川 / basin 18 / 崖・段丘崖,all_land_use,Na->He,5,continue,2,4,0.5
watershed_x_landform,B_830305_18_LF_10202,多摩川 / basin 18 / 崖・段丘崖,all_land_use,Na->He,5,drop,2,4,0.5
watershed_x_landform,B_830305_18_LF_10202,多摩川 / basin 18 / 崖・段丘崖,all_land_use,Na->He,5,new,0,4,0
watershed_x_landform,B_830305_18_LF_10202,多摩川 / basin 18 / 崖・段丘崖,all_land_use,Pa->Jo,1,continue,6,6,1
watershed_x_landform,B_830305_18_LF_10202,多摩川 / basin 18 / 崖・段丘崖,all_land_use,Pa->Jo,1,drop,0,6,0
watershed_x_landform,B_830305_18_LF_10202,多摩川 / basin 18 / 崖・段丘崖,all_land_use,Pa->Jo,1,new,0,6,0
watershed_x_landform,B_830305_18_LF_10202,多摩川 / basin 18 / 崖・段丘崖,all_land_use,Ya->Ko,3,continue,0,3,0
watershed_x_landform,B_830305_18_LF_10202,多摩川 / basin 18 / 崖・段丘崖,all_land_use,Ya->Ko,3,drop,0,3,0
watershed_x_landform,B_830305_18_LF_10202,多摩川 / basin 18 / 崖・段丘崖,all_land_use,Ya->Ko,3,new,3,3,1
watershed_x_landform,B_830305_18_LF_10314,多摩川 / basin 18 / 台地・段丘,all_land_use,He->Me,6,continue,4,19,0.21052631578947367
watershed_x_landform,B_830305_18_LF_10314,多摩川 / basin 18 / 台地・段丘,all_land_use,He->Me,6,drop,12,19,0.631578947368421
watershed_x_landform,B_830305_18_LF_10314,多摩川 / basin 18 / 台地・段丘,all_land_use,He->Me,6,new,3,19,0.15789473684210525
watershed_x_landform,B_830305_18_LF_10314,多摩川 / basin 18 / 台地・段丘,all_land_use,Jo->Ya,2,continue,4,49,0.08163265306122448
watershed_x_landform,B_830305_18_LF_10314,多摩川 / basin 18 / 台地・段丘,all_land_use,Jo->Ya,2,drop,45,49,0.9183673469387755
watershed_x_landform,B_830305_18_LF_10314,多摩川 / basin 18 / 台地・段丘,all_land_use,Jo->Ya,2,new,0,49,0
watershed_x_landform,B_830305_18_LF_10314,多摩川 / basin 18 / 台地・段丘,all_land_use,Ko->Na,4,continue,2,19,0.10526315789473684
watershed_x_landform,B_830305_18_LF_10314,多摩川 / basin 18 / 台地・段丘,all_land_use,Ko->Na,4,drop,2,19,0.10526315789473684
watershed_x_landform,B_830305_18_LF_10314,多摩川 / basin 18 / 台地・段丘,all_land_use,Ko->Na,4,new,15,19,0.7894736842105263
watershed_x_landform,B_830305_18_LF_10314,多摩川 / basin 18 / 台地・段丘,all_land_use,Na->He,5,continue,15,18,0.8333333333333334
watershed_x_landform,B_830305_18_LF_10314,多摩川 / basin 18 / 台地・段丘,all_land_use,Na->He,5,drop,2,18,0.1111111111111111
watershed_x_landform,B_830305_18_LF_10314,多摩川 / basin 18 / 台地・段丘,all_land_use,Na->He,5,new,1,18,0.05555555555555555
watershed_x_landform,B_830305_18_LF_10314,多摩川 / basin 18 / 台地・段丘,all_land_use,Pa->Jo,1,continue,28,52,0.5384615384615384
watershed_x_landform,B_830305_18_LF_10314,多摩川 / basin 18 / 台地・段丘,all_land_use,Pa->Jo,1,drop,3,52,0.057692307692307696
watershed_x_landform,B_830305_18_LF_10314,多摩川 / basin 18 / 台地・段丘,all_land_use,Pa->Jo,1,new,21,52,0.40384615384615385
watershed_x_landform,B_830305_18_LF_10314,多摩川 / basin 18 / 台地・段丘,all_land_use,Ya->Ko,3,continue,0,8,0
watershed_x_landform,B_830305_18_LF_10314,多摩川 / basin 18 / 台地・段丘,all_land_use,Ya->Ko,3,drop,4,8,0.5
watershed_x_landform,B_830305_18_LF_10314,多摩川 / basin 18 / 台地・段丘,all_land_use,Ya->Ko,3,new,4,8,0.5
watershed_x_landform,B_830305_18_LF_10601,多摩川 / basin 18 / 凹地・浅い谷,all_land_use,He->Me,6,continue,0,1,0
watershed_x_landform,B_830305_18_LF_10601,多摩川 / basin 18 / 凹地・浅い谷,all_land_use,He->Me,6,drop,1,1,1
watershed_x_landform,B_830305_18_LF_10601,多摩川 / basin 18 / 凹地・浅い谷,all_land_use,He->Me,6,new,0,1,0
watershed_x_landform,B_830305_18_LF_10601,多摩川 / basin 18 / 凹地・浅い谷,all_land_use,Jo->Ya,2,continue,0,3,0
watershed_x_landform,B_830305_18_LF_10601,多摩川 / basin 18 / 凹地・浅い谷,all_land_use,Jo->Ya,2,drop,3,3,1
watershed_x_landform,B_830305_18_LF_10601,多摩川 / basin 18 / 凹地・浅い谷,all_land_use,Jo->Ya,2,new,0,3,0
watershed_x_landform,B_830305_18_LF_10601,多摩川 / basin 18 / 凹地・浅い谷,all_land_use,Ko->Na,4,continue,0,1,0
watershed_x_landform,B_830305_18_LF_10601,多摩川 / basin 18 / 凹地・浅い谷,all_land_use,Ko->Na,4,drop,0,1,0
watershed_x_landform,B_830305_18_LF_10601,多摩川 / basin 18 / 凹地・浅い谷,all_land_use,Ko->Na,4,new,1,1,1
watershed_x_landform,B_830305_18_LF_10601,多摩川 / basin 18 / 凹地・浅い谷,all_land_use,Na->He,5,continue,1,1,1
watershed_x_landform,B_830305_18_LF_10601,多摩川 / basin 18 / 凹地・浅い谷,all_land_use,Na->He,5,drop,0,1,0
watershed_x_landform,B_830305_18_LF_10601,多摩川 / basin 18 / 凹地・浅い谷,all_land_use,Na->He,5,new,0,1,0
watershed_x_landform,B_830305_18_LF_10601,多摩川 / basin 18 / 凹地・浅い谷,all_land_use,Pa->Jo,1,continue,1,4,0.25
watershed_x_landform,B_830305_18_LF_10601,多摩川 / basin 18 / 凹地・浅い谷,all_land_use,Pa->Jo,1,drop,1,4,0.25
watershed_x_landform,B_830305_18_LF_10601,多摩川 / basin 18 / 凹地・浅い谷,all_land_use,Pa->Jo,1,new,2,4,0.5
watershed_x_landform,B_830305_18_LF_10701,多摩川 / basin 18 / 氾濫平野・海岸平野,all_land_use,He->Me,6,continue,2,3,0.6666666666666666
watershed_x_landform,B_830305_18_LF_10701,多摩川 / basin 18 / 氾濫平野・海岸平野,all_land_use,He->Me,6,drop,0,3,0
watershed_x_landform,B_830305_18_LF_10701,多摩川 / basin 18 / 氾濫平野・海岸平野,all_land_use,He->Me,6,new,1,3,0.3333333333333333
watershed_x_landform,B_830305_18_LF_10701,多摩川 / basin 18 / 氾濫平野・海岸平野,all_land_use,Jo->Ya,2,continue,0,8,0
watershed_x_landform,B_830305_18_LF_10701,多摩川 / basin 18 / 氾濫平野・海岸平野,all_land_use,Jo->Ya,2,drop,8,8,1
watershed_x_landform,B_830305_18_LF_10701,多摩川 / basin 18 / 氾濫平野・海岸平野,all_land_use,Jo->Ya,2,new,0,8,0
watershed_x_landform,B_830305_18_LF_10701,多摩川 / basin 18 / 氾濫平野・海岸平野,all_land_use,Ko->Na,4,continue,1,3,0.3333333333333333
watershed_x_landform,B_830305_18_LF_10701,多摩川 / basin 18 / 氾濫平野・海岸平野,all_land_use,Ko->Na,4,drop,2,3,0.6666666666666666
watershed_x_landform,B_830305_18_LF_10701,多摩川 / basin 18 / 氾濫平野・海岸平野,all_land_use,Ko->Na,4,new,0,3,0
watershed_x_landform,B_830305_18_LF_10701,多摩川 / basin 18 / 氾濫平野・海岸平野,all_land_use,Na->He,5,continue,1,2,0.5
watershed_x_landform,B_830305_18_LF_10701,多摩川 / basin 18 / 氾濫平野・海岸平野,all_land_use,Na->He,5,drop,0,2,0
watershed_x_landform,B_830305_18_LF_10701,多摩川 / basin 18 / 氾濫平野・海岸平野,all_land_use,Na->He,5,new,1,2,0.5
watershed_x_landform,B_830305_18_LF_10701,多摩川 / basin 18 / 氾濫平野・海岸平野,all_land_use,Pa->Jo,1,continue,6,8,0.75
watershed_x_landform,B_830305_18_LF_10701,多摩川 / basin 18 / 氾濫平野・海岸平野,all_land_use,Pa->Jo,1,drop,0,8,0
watershed_x_landform,B_830305_18_LF_10701,多摩川 / basin 18 / 氾濫平野・海岸平野,all_land_use,Pa->Jo,1,new,2,8,0.25
watershed_x_landform,B_830305_18_LF_10701,多摩川 / basin 18 / 氾濫平野・海岸平野,all_land_use,Ya->Ko,3,continue,0,3,0
watershed_x_landform,B_830305_18_LF_10701,多摩川 / basin 18 / 氾濫平野・海岸平野,all_land_use,Ya->Ko,3,drop,0,3,0
watershed_x_landform,B_830305_18_LF_10701,多摩川 / basin 18 / 氾濫平野・海岸平野,all_land_use,Ya->Ko,3,new,3,3,1
watershed_x_landform,B_830305_18_LF_2010101,多摩川 / basin 18 / 台地・段丘,all_land_use,He->Me,6,continue,4,20,0.2
watershed_x_landform,B_830305_18_LF_2010101,多摩川 / basin 18 / 台地・段丘,all_land_use,He->Me,6,drop,12,20,0.6
watershed_x_landform,B_830305_18_LF_2010101,多摩川 / basin 18 / 台地・段丘,all_land_use,He->Me,6,new,4,20,0.2
watershed_x_landform,B_830305_18_LF_2010101,多摩川 / basin 18 / 台地・段丘,all_land_use,Jo->Ya,2,continue,2,26,0.07692307692307693
watershed_x_landform,B_830305_18_LF_2010101,多摩川 / basin 18 / 台地・段丘,all_land_use,Jo->Ya,2,drop,21,26,0.8076923076923077
watershed_x_landform,B_830305_18_LF_2010101,多摩川 / basin 18 / 台地・段丘,all_land_use,Jo->Ya,2,new,3,26,0.11538461538461539
watershed_x_landform,B_830305_18_LF_2010101,多摩川 / basin 18 / 台地・段丘,all_land_use,Ko->Na,4,continue,16,29,0.5517241379310345
watershed_x_landform,B_830305_18_LF_2010101,多摩川 / basin 18 / 台地・段丘,all_land_use,Ko->Na,4,drop,3,29,0.10344827586206896
watershed_x_landform,B_830305_18_LF_2010101,多摩川 / basin 18 / 台地・段丘,all_land_use,Ko->Na,4,new,10,29,0.3448275862068966
watershed_x_landform,B_830305_18_LF_2010101,多摩川 / basin 18 / 台地・段丘,all_land_use,Na->He,5,continue,16,26,0.6153846153846154
watershed_x_landform,B_830305_18_LF_2010101,多摩川 / basin 18 / 台地・段丘,all_land_use,Na->He,5,drop,10,26,0.38461538461538464
watershed_x_landform,B_830305_18_LF_2010101,多摩川 / basin 18 / 台地・段丘,all_land_use,Na->He,5,new,0,26,0
watershed_x_landform,B_830305_18_LF_2010101,多摩川 / basin 18 / 台地・段丘,all_land_use,Pa->Jo,1,continue,9,23,0.391304347826087
watershed_x_landform,B_830305_18_LF_2010101,多摩川 / basin 18 / 台地・段丘,all_land_use,Pa->Jo,1,drop,0,23,0
watershed_x_landform,B_830305_18_LF_2010101,多摩川 / basin 18 / 台地・段丘,all_land_use,Pa->Jo,1,new,14,23,0.6086956521739131
watershed_x_landform,B_830305_18_LF_2010101,多摩川 / basin 18 / 台地・段丘,all_land_use,Ya->Ko,3,continue,5,19,0.2631578947368421
watershed_x_landform,B_830305_18_LF_2010101,多摩川 / basin 18 / 台地・段丘,all_land_use,Ya->Ko,3,drop,0,19,0
watershed_x_landform,B_830305_18_LF_2010101,多摩川 / basin 18 / 台地・段丘,all_land_use,Ya->Ko,3,new,14,19,0.7368421052631579
watershed_x_landform,B_830305_18_LF_2010201,多摩川 / basin 18 / 崖・段丘崖,all_land_use,Ko->Na,4,continue,1,1,1
watershed_x_landform,B_830305_18_LF_2010201,多摩川 / basin 18 / 崖・段丘崖,all_land_use,Ko->Na,4,drop,0,1,0
watershed_x_landform,B_830305_18_LF_2010201,多摩川 / basin 18 / 崖・段丘崖,all_land_use,Ko->Na,4,new,0,1,0
watershed_x_landform,B_830305_18_LF_2010201,多摩川 / basin 18 / 崖・段丘崖,all_land_use,Na->He,5,continue,0,1,0
watershed_x_landform,B_830305_18_LF_2010201,多摩川 / basin 18 / 崖・段丘崖,all_land_use,Na->He,5,drop,1,1,1
watershed_x_landform,B_830305_18_LF_2010201,多摩川 / basin 18 / 崖・段丘崖,all_land_use,Na->He,5,new,0,1,0
watershed_x_landform,B_830305_18_LF_2010201,多摩川 / basin 18 / 崖・段丘崖,all_land_use,Ya->Ko,3,continue,0,1,0
watershed_x_landform,B_830305_18_LF_2010201,多摩川 / basin 18 / 崖・段丘崖,all_land_use,Ya->Ko,3,drop,0,1,0
watershed_x_landform,B_830305_18_LF_2010201,多摩川 / basin 18 / 崖・段丘崖,all_land_use,Ya->Ko,3,new,1,1,1
watershed_x_landform,B_830305_18_LF_2010301,多摩川 / basin 18 / 凹地・浅い谷,all_land_use,He->Me,6,continue,1,1,1
watershed_x_landform,B_830305_18_LF_2010301,多摩川 / basin 18 / 凹地・浅い谷,all_land_use,He->Me,6,drop,0,1,0
watershed_x_landform,B_830305_18_LF_2010301,多摩川 / basin 18 / 凹地・浅い谷,all_land_use,He->Me,6,new,0,1,0
watershed_x_landform,B_830305_18_LF_2010301,多摩川 / basin 18 / 凹地・浅い谷,all_land_use,Jo->Ya,2,continue,0,1,0
watershed_x_landform,B_830305_18_LF_2010301,多摩川 / basin 18 / 凹地・浅い谷,all_land_use,Jo->Ya,2,drop,1,1,1
watershed_x_landform,B_830305_18_LF_2010301,多摩川 / basin 18 / 凹地・浅い谷,all_land_use,Jo->Ya,2,new,0,1,0
watershed_x_landform,B_830305_18_LF_2010301,多摩川 / basin 18 / 凹地・浅い谷,all_land_use,Ko->Na,4,continue,0,1,0
watershed_x_landform,B_830305_18_LF_2010301,多摩川 / basin 18 / 凹地・浅い谷,all_land_use,Ko->Na,4,drop,0,1,0
watershed_x_landform,B_830305_18_LF_2010301,多摩川 / basin 18 / 凹地・浅い谷,all_land_use,Ko->Na,4,new,1,1,1
watershed_x_landform,B_830305_18_LF_2010301,多摩川 / basin 18 / 凹地・浅い谷,all_land_use,Na->He,5,continue,1,1,1
watershed_x_landform,B_830305_18_LF_2010301,多摩川 / basin 18 / 凹地・浅い谷,all_land_use,Na->He,5,drop,0,1,0
watershed_x_landform,B_830305_18_LF_2010301,多摩川 / basin 18 / 凹地・浅い谷,all_land_use,Na->He,5,new,0,1,0
watershed_x_landform,B_830305_18_LF_2010301,多摩川 / basin 18 / 凹地・浅い谷,all_land_use,Pa->Jo,1,continue,0,1,0
watershed_x_landform,B_830305_18_LF_2010301,多摩川 / basin 18 / 凹地・浅い谷,all_land_use,Pa->Jo,1,drop,0,1,0
watershed_x_landform,B_830305_18_LF_2010301,多摩川 / basin 18 / 凹地・浅い谷,all_land_use,Pa->Jo,1,new,1,1,1
watershed_x_landform,B_830305_18_LF_3030101,多摩川 / basin 18 / 氾濫平野・海岸平野,all_land_use,He->Me,6,continue,2,2,1
watershed_x_landform,B_830305_18_LF_3030101,多摩川 / basin 18 / 氾濫平野・海岸平野,all_land_use,He->Me,6,drop,0,2,0
watershed_x_landform,B_830305_18_LF_3030101,多摩川 / basin 18 / 氾濫平野・海岸平野,all_land_use,He->Me,6,new,0,2,0
watershed_x_landform,B_830305_18_LF_3030101,多摩川 / basin 18 / 氾濫平野・海岸平野,all_land_use,Jo->Ya,2,continue,1,2,0.5
watershed_x_landform,B_830305_18_LF_3030101,多摩川 / basin 18 / 氾濫平野・海岸平野,all_land_use,Jo->Ya,2,drop,1,2,0.5
watershed_x_landform,B_830305_18_LF_3030101,多摩川 / basin 18 / 氾濫平野・海岸平野,all_land_use,Jo->Ya,2,new,0,2,0
watershed_x_landform,B_830305_18_LF_3030101,多摩川 / basin 18 / 氾濫平野・海岸平野,all_land_use,Ko->Na,4,continue,0,2,0
watershed_x_landform,B_830305_18_LF_3030101,多摩川 / basin 18 / 氾濫平野・海岸平野,all_land_use,Ko->Na,4,drop,0,2,0
watershed_x_landform,B_830305_18_LF_3030101,多摩川 / basin 18 / 氾濫平野・海岸平野,all_land_use,Ko->Na,4,new,2,2,1
watershed_x_landform,B_830305_18_LF_3030101,多摩川 / basin 18 / 氾濫平野・海岸平野,all_land_use,Na->He,5,continue,2,2,1
watershed_x_landform,B_830305_18_LF_3030101,多摩川 / basin 18 / 氾濫平野・海岸平野,all_land_use,Na->He,5,drop,0,2,0
watershed_x_landform,B_830305_18_LF_3030101,多摩川 / basin 18 / 氾濫平野・海岸平野,all_land_use,Na->He,5,new,0,2,0
watershed_x_landform,B_830305_18_LF_3030101,多摩川 / basin 18 / 氾濫平野・海岸平野,all_land_use,Pa->Jo,1,continue,1,2,0.5
watershed_x_landform,B_830305_18_LF_3030101,多摩川 / basin 18 / 氾濫平野・海岸平野,all_land_use,Pa->Jo,1,drop,0,2,0
watershed_x_landform,B_830305_18_LF_3030101,多摩川 / basin 18 / 氾濫平野・海岸平野,all_land_use,Pa->Jo,1,new,1,2,0.5
watershed_x_landform,B_830305_18_LF_3030101,多摩川 / basin 18 / 氾濫平野・海岸平野,all_land_use,Ya->Ko,3,continue,0,1,0
watershed_x_landform,B_830305_18_LF_3030101,多摩川 / basin 18 / 氾濫平野・海岸平野,all_land_use,Ya->Ko,3,drop,1,1,1
watershed_x_landform,B_830305_18_LF_3030101,多摩川 / basin 18 / 氾濫平野・海岸平野,all_land_use,Ya->Ko,3,new,0,1,0
watershed_x_landform,B_830305_18_LF_5010201,多摩川 / basin 18 / 水部,all_land_use,He->Me,6,continue,0,1,0
watershed_x_landform,B_830305_18_LF_5010201,多摩川 / basin 18 / 水部,all_land_use,He->Me,6,drop,1,1,1
watershed_x_landform,B_830305_18_LF_5010201,多摩川 / basin 18 / 水部,all_land_use,He->Me,6,new,0,1,0
watershed_x_landform,B_830305_18_LF_5010201,多摩川 / basin 18 / 水部,all_land_use,Jo->Ya,2,continue,0,1,0
watershed_x_landform,B_830305_18_LF_5010201,多摩川 / basin 18 / 水部,all_land_use,Jo->Ya,2,drop,1,1,1
watershed_x_landform,B_830305_18_LF_5010201,多摩川 / basin 18 / 水部,all_land_use,Jo->Ya,2,new,0,1,0
watershed_x_landform,B_830305_18_LF_5010201,多摩川 / basin 18 / 水部,all_land_use,Ko->Na,4,continue,0,1,0
watershed_x_landform,B_830305_18_LF_5010201,多摩川 / basin 18 / 水部,all_land_use,Ko->Na,4,drop,0,1,0
watershed_x_landform,B_830305_18_LF_5010201,多摩川 / basin 18 / 水部,all_land_use,Ko->Na,4,new,1,1,1
watershed_x_landform,B_830305_18_LF_5010201,多摩川 / basin 18 / 水部,all_land_use,Na->He,5,continue,1,1,1
watershed_x_landform,B_830305_18_LF_5010201,多摩川 / basin 18 / 水部,all_land_use,Na->He,5,drop,0,1,0
watershed_x_landform,B_830305_18_LF_5010201,多摩川 / basin 18 / 水部,all_land_use,Na->He,5,new,0,1,0
watershed_x_landform,B_830305_18_LF_5010201,多摩川 / basin 18 / 水部,all_land_use,Pa->Jo,1,continue,0,1,0
watershed_x_landform,B_830305_18_LF_5010201,多摩川 / basin 18 / 水部,all_land_use,Pa->Jo,1,drop,0,1,0
watershed_x_landform,B_830305_18_LF_5010201,多摩川 / basin 18 / 水部,all_land_use,Pa->Jo,1,new,1,1,1
watershed_x_landform,B_830305_19_LF_10101,多摩川 / basin 19 / 山地斜面等,all_land_use,He->Me,6,continue,1,2,0.5
watershed_x_landform,B_830305_19_LF_10101,多摩川 / basin 19 / 山地斜面等,all_land_use,He->Me,6,drop,1,2,0.5
watershed_x_landform,B_830305_19_LF_10101,多摩川 / basin 19 / 山地斜面等,all_land_use,He->Me,6,new,0,2,0
watershed_x_landform,B_830305_19_LF_10101,多摩川 / basin 19 / 山地斜面等,all_land_use,Jo->Ya,2,continue,0,2,0
watershed_x_landform,B_830305_19_LF_10101,多摩川 / basin 19 / 山地斜面等,all_land_use,Jo->Ya,2,drop,2,2,1
watershed_x_landform,B_830305_19_LF_10101,多摩川 / basin 19 / 山地斜面等,all_land_use,Jo->Ya,2,new,0,2,0
watershed_x_landform,B_830305_19_LF_10101,多摩川 / basin 19 / 山地斜面等,all_land_use,Ko->Na,4,continue,0,3,0
watershed_x_landform,B_830305_19_LF_10101,多摩川 / basin 19 / 山地斜面等,all_land_use,Ko->Na,4,drop,1,3,0.3333333333333333
watershed_x_landform,B_830305_19_LF_10101,多摩川 / basin 19 / 山地斜面等,all_land_use,Ko->Na,4,new,2,3,0.6666666666666666
watershed_x_landform,B_830305_19_LF_10101,多摩川 / basin 19 / 山地斜面等,all_land_use,Na->He,5,continue,2,2,1
watershed_x_landform,B_830305_19_LF_10101,多摩川 / basin 19 / 山地斜面等,all_land_use,Na->He,5,drop,0,2,0
watershed_x_landform,B_830305_19_LF_10101,多摩川 / basin 19 / 山地斜面等,all_land_use,Na->He,5,new,0,2,0
watershed_x_landform,B_830305_19_LF_10101,多摩川 / basin 19 / 山地斜面等,all_land_use,Pa->Jo,1,continue,1,2,0.5
watershed_x_landform,B_830305_19_LF_10101,多摩川 / basin 19 / 山地斜面等,all_land_use,Pa->Jo,1,drop,0,2,0
watershed_x_landform,B_830305_19_LF_10101,多摩川 / basin 19 / 山地斜面等,all_land_use,Pa->Jo,1,new,1,2,0.5
watershed_x_landform,B_830305_19_LF_10101,多摩川 / basin 19 / 山地斜面等,all_land_use,Ya->Ko,3,continue,0,1,0
watershed_x_landform,B_830305_19_LF_10101,多摩川 / basin 19 / 山地斜面等,all_land_use,Ya->Ko,3,drop,0,1,0
watershed_x_landform,B_830305_19_LF_10101,多摩川 / basin 19 / 山地斜面等,all_land_use,Ya->Ko,3,new,1,1,1
watershed_x_landform,B_830305_19_LF_1010101,多摩川 / basin 19 / 山地斜面等,all_land_use,He->Me,6,continue,0,6,0
watershed_x_landform,B_830305_19_LF_1010101,多摩川 / basin 19 / 山地斜面等,all_land_use,He->Me,6,drop,4,6,0.6666666666666666
watershed_x_landform,B_830305_19_LF_1010101,多摩川 / basin 19 / 山地斜面等,all_land_use,He->Me,6,new,2,6,0.3333333333333333
watershed_x_landform,B_830305_19_LF_1010101,多摩川 / basin 19 / 山地斜面等,all_land_use,Jo->Ya,2,continue,0,5,0
watershed_x_landform,B_830305_19_LF_1010101,多摩川 / basin 19 / 山地斜面等,all_land_use,Jo->Ya,2,drop,5,5,1
watershed_x_landform,B_830305_19_LF_1010101,多摩川 / basin 19 / 山地斜面等,all_land_use,Jo->Ya,2,new,0,5,0
watershed_x_landform,B_830305_19_LF_1010101,多摩川 / basin 19 / 山地斜面等,all_land_use,Ko->Na,4,continue,0,1,0
watershed_x_landform,B_830305_19_LF_1010101,多摩川 / basin 19 / 山地斜面等,all_land_use,Ko->Na,4,drop,0,1,0
watershed_x_landform,B_830305_19_LF_1010101,多摩川 / basin 19 / 山地斜面等,all_land_use,Ko->Na,4,new,1,1,1
watershed_x_landform,B_830305_19_LF_1010101,多摩川 / basin 19 / 山地斜面等,all_land_use,Na->He,5,continue,0,5,0
watershed_x_landform,B_830305_19_LF_1010101,多摩川 / basin 19 / 山地斜面等,all_land_use,Na->He,5,drop,1,5,0.2
watershed_x_landform,B_830305_19_LF_1010101,多摩川 / basin 19 / 山地斜面等,all_land_use,Na->He,5,new,4,5,0.8
watershed_x_landform,B_830305_19_LF_1010101,多摩川 / basin 19 / 山地斜面等,all_land_use,Pa->Jo,1,continue,0,5,0
watershed_x_landform,B_830305_19_LF_1010101,多摩川 / basin 19 / 山地斜面等,all_land_use,Pa->Jo,1,drop,0,5,0
watershed_x_landform,B_830305_19_LF_1010101,多摩川 / basin 19 / 山地斜面等,all_land_use,Pa->Jo,1,new,5,5,1
watershed_x_landform,B_830305_19_LF_10314,多摩川 / basin 19 / 台地・段丘,all_land_use,He->Me,6,continue,1,5,0.2
watershed_x_landform,B_830305_19_LF_10314,多摩川 / basin 19 / 台地・段丘,all_land_use,He->Me,6,drop,2,5,0.4
watershed_x_landform,B_830305_19_LF_10314,多摩川 / basin 19 / 台地・段丘,all_land_use,He->Me,6,new,2,5,0.4
watershed_x_landform,B_830305_19_LF_10314,多摩川 / basin 19 / 台地・段丘,all_land_use,Jo->Ya,2,continue,0,2,0
watershed_x_landform,B_830305_19_LF_10314,多摩川 / basin 19 / 台地・段丘,all_land_use,Jo->Ya,2,drop,2,2,1
watershed_x_landform,B_830305_19_LF_10314,多摩川 / basin 19 / 台地・段丘,all_land_use,Jo->Ya,2,new,0,2,0
watershed_x_landform,B_830305_19_LF_10314,多摩川 / basin 19 / 台地・段丘,all_land_use,Ko->Na,4,continue,0,3,0
watershed_x_landform,B_830305_19_LF_10314,多摩川 / basin 19 / 台地・段丘,all_land_use,Ko->Na,4,drop,0,3,0
watershed_x_landform,B_830305_19_LF_10314,多摩川 / basin 19 / 台地・段丘,all_land_use,Ko->Na,4,new,3,3,1
watershed_x_landform,B_830305_19_LF_10314,多摩川 / basin 19 / 台地・段丘,all_land_use,Na->He,5,continue,3,3,1
watershed_x_landform,B_830305_19_LF_10314,多摩川 / basin 19 / 台地・段丘,all_land_use,Na->He,5,drop,0,3,0
watershed_x_landform,B_830305_19_LF_10314,多摩川 / basin 19 / 台地・段丘,all_land_use,Na->He,5,new,0,3,0
watershed_x_landform,B_830305_19_LF_10314,多摩川 / basin 19 / 台地・段丘,all_land_use,Pa->Jo,1,continue,1,2,0.5
watershed_x_landform,B_830305_19_LF_10314,多摩川 / basin 19 / 台地・段丘,all_land_use,Pa->Jo,1,drop,0,2,0
watershed_x_landform,B_830305_19_LF_10314,多摩川 / basin 19 / 台地・段丘,all_land_use,Pa->Jo,1,new,1,2,0.5
watershed_x_landform,B_830305_19_LF_10601,多摩川 / basin 19 / 凹地・浅い谷,all_land_use,He->Me,6,continue,0,2,0
watershed_x_landform,B_830305_19_LF_10601,多摩川 / basin 19 / 凹地・浅い谷,all_land_use,He->Me,6,drop,2,2,1
watershed_x_landform,B_830305_19_LF_10601,多摩川 / basin 19 / 凹地・浅い谷,all_land_use,He->Me,6,new,0,2,0
watershed_x_landform,B_830305_19_LF_10601,多摩川 / basin 19 / 凹地・浅い谷,all_land_use,Jo->Ya,2,continue,0,2,0
watershed_x_landform,B_830305_19_LF_10601,多摩川 / basin 19 / 凹地・浅い谷,all_land_use,Jo->Ya,2,drop,2,2,1
watershed_x_landform,B_830305_19_LF_10601,多摩川 / basin 19 / 凹地・浅い谷,all_land_use,Jo->Ya,2,new,0,2,0
watershed_x_landform,B_830305_19_LF_10601,多摩川 / basin 19 / 凹地・浅い谷,all_land_use,Ko->Na,4,continue,0,2,0
watershed_x_landform,B_830305_19_LF_10601,多摩川 / basin 19 / 凹地・浅い谷,all_land_use,Ko->Na,4,drop,0,2,0
watershed_x_landform,B_830305_19_LF_10601,多摩川 / basin 19 / 凹地・浅い谷,all_land_use,Ko->Na,4,new,2,2,1
watershed_x_landform,B_830305_19_LF_10601,多摩川 / basin 19 / 凹地・浅い谷,all_land_use,Na->He,5,continue,2,2,1
watershed_x_landform,B_830305_19_LF_10601,多摩川 / basin 19 / 凹地・浅い谷,all_land_use,Na->He,5,drop,0,2,0
watershed_x_landform,B_830305_19_LF_10601,多摩川 / basin 19 / 凹地・浅い谷,all_land_use,Na->He,5,new,0,2,0
watershed_x_landform,B_830305_19_LF_10601,多摩川 / basin 19 / 凹地・浅い谷,all_land_use,Pa->Jo,1,continue,2,2,1
watershed_x_landform,B_830305_19_LF_10601,多摩川 / basin 19 / 凹地・浅い谷,all_land_use,Pa->Jo,1,drop,0,2,0
watershed_x_landform,B_830305_19_LF_10601,多摩川 / basin 19 / 凹地・浅い谷,all_land_use,Pa->Jo,1,new,0,2,0
watershed_x_landform,B_830305_19_LF_2010101,多摩川 / basin 19 / 台地・段丘,all_land_use,He->Me,6,continue,5,9,0.5555555555555556
watershed_x_landform,B_830305_19_LF_2010101,多摩川 / basin 19 / 台地・段丘,all_land_use,He->Me,6,drop,3,9,0.3333333333333333
watershed_x_landform,B_830305_19_LF_2010101,多摩川 / basin 19 / 台地・段丘,all_land_use,He->Me,6,new,1,9,0.1111111111111111
watershed_x_landform,B_830305_19_LF_2010101,多摩川 / basin 19 / 台地・段丘,all_land_use,Jo->Ya,2,continue,0,10,0
watershed_x_landform,B_830305_19_LF_2010101,多摩川 / basin 19 / 台地・段丘,all_land_use,Jo->Ya,2,drop,10,10,1
watershed_x_landform,B_830305_19_LF_2010101,多摩川 / basin 19 / 台地・段丘,all_land_use,Jo->Ya,2,new,0,10,0
watershed_x_landform,B_830305_19_LF_2010101,多摩川 / basin 19 / 台地・段丘,all_land_use,Ko->Na,4,continue,3,103,0.02912621359223301
watershed_x_landform,B_830305_19_LF_2010101,多摩川 / basin 19 / 台地・段丘,all_land_use,Ko->Na,4,drop,94,103,0.912621359223301
watershed_x_landform,B_830305_19_LF_2010101,多摩川 / basin 19 / 台地・段丘,all_land_use,Ko->Na,4,new,6,103,0.05825242718446602
watershed_x_landform,B_830305_19_LF_2010101,多摩川 / basin 19 / 台地・段丘,all_land_use,Na->He,5,continue,6,11,0.5454545454545454
watershed_x_landform,B_830305_19_LF_2010101,多摩川 / basin 19 / 台地・段丘,all_land_use,Na->He,5,drop,3,11,0.2727272727272727
watershed_x_landform,B_830305_19_LF_2010101,多摩川 / basin 19 / 台地・段丘,all_land_use,Na->He,5,new,2,11,0.18181818181818182
watershed_x_landform,B_830305_19_LF_2010101,多摩川 / basin 19 / 台地・段丘,all_land_use,Pa->Jo,1,continue,2,10,0.2
watershed_x_landform,B_830305_19_LF_2010101,多摩川 / basin 19 / 台地・段丘,all_land_use,Pa->Jo,1,drop,0,10,0
watershed_x_landform,B_830305_19_LF_2010101,多摩川 / basin 19 / 台地・段丘,all_land_use,Pa->Jo,1,new,8,10,0.8
watershed_x_landform,B_830305_19_LF_2010101,多摩川 / basin 19 / 台地・段丘,all_land_use,Ya->Ko,3,continue,0,97,0
watershed_x_landform,B_830305_19_LF_2010101,多摩川 / basin 19 / 台地・段丘,all_land_use,Ya->Ko,3,drop,0,97,0
watershed_x_landform,B_830305_19_LF_2010101,多摩川 / basin 19 / 台地・段丘,all_land_use,Ya->Ko,3,new,97,97,1
watershed_x_landform,B_830305_19_LF_2010301,多摩川 / basin 19 / 凹地・浅い谷,all_land_use,Jo->Ya,2,continue,0,1,0
watershed_x_landform,B_830305_19_LF_2010301,多摩川 / basin 19 / 凹地・浅い谷,all_land_use,Jo->Ya,2,drop,1,1,1
watershed_x_landform,B_830305_19_LF_2010301,多摩川 / basin 19 / 凹地・浅い谷,all_land_use,Jo->Ya,2,new,0,1,0
watershed_x_landform,B_830305_19_LF_2010301,多摩川 / basin 19 / 凹地・浅い谷,all_land_use,Pa->Jo,1,continue,0,1,0
watershed_x_landform,B_830305_19_LF_2010301,多摩川 / basin 19 / 凹地・浅い谷,all_land_use,Pa->Jo,1,drop,0,1,0
watershed_x_landform,B_830305_19_LF_2010301,多摩川 / basin 19 / 凹地・浅い谷,all_land_use,Pa->Jo,1,new,1,1,1
watershed_x_landform,B_830305_19_LF_3030101,多摩川 / basin 19 / 氾濫平野・海岸平野,all_land_use,He->Me,6,continue,0,3,0
watershed_x_landform,B_830305_19_LF_3030101,多摩川 / basin 19 / 氾濫平野・海岸平野,all_land_use,He->Me,6,drop,0,3,0
watershed_x_landform,B_830305_19_LF_3030101,多摩川 / basin 19 / 氾濫平野・海岸平野,all_land_use,He->Me,6,new,3,3,1
watershed_x_landform,B_830305_19_LF_3030101,多摩川 / basin 19 / 氾濫平野・海岸平野,all_land_use,Jo->Ya,2,continue,0,2,0
watershed_x_landform,B_830305_19_LF_3030101,多摩川 / basin 19 / 氾濫平野・海岸平野,all_land_use,Jo->Ya,2,drop,2,2,1
watershed_x_landform,B_830305_19_LF_3030101,多摩川 / basin 19 / 氾濫平野・海岸平野,all_land_use,Jo->Ya,2,new,0,2,0
watershed_x_landform,B_830305_19_LF_3030101,多摩川 / basin 19 / 氾濫平野・海岸平野,all_land_use,Pa->Jo,1,continue,0,2,0
watershed_x_landform,B_830305_19_LF_3030101,多摩川 / basin 19 / 氾濫平野・海岸平野,all_land_use,Pa->Jo,1,drop,0,2,0
watershed_x_landform,B_830305_19_LF_3030101,多摩川 / basin 19 / 氾濫平野・海岸平野,all_land_use,Pa->Jo,1,new,2,2,1
watershed_x_landform,B_830305_1_LF_3030101,多摩川 / basin 1 / 氾濫平野・海岸平野,all_land_use,He->Me,6,continue,0,2,0
watershed_x_landform,B_830305_1_LF_3030101,多摩川 / basin 1 / 氾濫平野・海岸平野,all_land_use,He->Me,6,drop,2,2,1
watershed_x_landform,B_830305_1_LF_3030101,多摩川 / basin 1 / 氾濫平野・海岸平野,all_land_use,He->Me,6,new,0,2,0
watershed_x_landform,B_830305_1_LF_3030101,多摩川 / basin 1 / 氾濫平野・海岸平野,all_land_use,Ko->Na,4,continue,0,2,0
watershed_x_landform,B_830305_1_LF_3030101,多摩川 / basin 1 / 氾濫平野・海岸平野,all_land_use,Ko->Na,4,drop,0,2,0
watershed_x_landform,B_830305_1_LF_3030101,多摩川 / basin 1 / 氾濫平野・海岸平野,all_land_use,Ko->Na,4,new,2,2,1
watershed_x_landform,B_830305_1_LF_3030101,多摩川 / basin 1 / 氾濫平野・海岸平野,all_land_use,Na->He,5,continue,2,2,1
watershed_x_landform,B_830305_1_LF_3030101,多摩川 / basin 1 / 氾濫平野・海岸平野,all_land_use,Na->He,5,drop,0,2,0
watershed_x_landform,B_830305_1_LF_3030101,多摩川 / basin 1 / 氾濫平野・海岸平野,all_land_use,Na->He,5,new,0,2,0
watershed_x_landform,B_830305_1_LF_3040101,多摩川 / basin 1 / 自然堤防,all_land_use,He->Me,6,continue,0,2,0
watershed_x_landform,B_830305_1_LF_3040101,多摩川 / basin 1 / 自然堤防,all_land_use,He->Me,6,drop,1,2,0.5
watershed_x_landform,B_830305_1_LF_3040101,多摩川 / basin 1 / 自然堤防,all_land_use,He->Me,6,new,1,2,0.5
watershed_x_landform,B_830305_1_LF_3040101,多摩川 / basin 1 / 自然堤防,all_land_use,Ko->Na,4,continue,0,1,0
watershed_x_landform,B_830305_1_LF_3040101,多摩川 / basin 1 / 自然堤防,all_land_use,Ko->Na,4,drop,0,1,0
watershed_x_landform,B_830305_1_LF_3040101,多摩川 / basin 1 / 自然堤防,all_land_use,Ko->Na,4,new,1,1,1
watershed_x_landform,B_830305_1_LF_3040101,多摩川 / basin 1 / 自然堤防,all_land_use,Na->He,5,continue,1,1,1
watershed_x_landform,B_830305_1_LF_3040101,多摩川 / basin 1 / 自然堤防,all_land_use,Na->He,5,drop,0,1,0
watershed_x_landform,B_830305_1_LF_3040101,多摩川 / basin 1 / 自然堤防,all_land_use,Na->He,5,new,0,1,0
watershed_x_landform,B_830305_1_LF_3050101,多摩川 / basin 1 / 砂州・砂丘,all_land_use,He->Me,6,continue,0,2,0
watershed_x_landform,B_830305_1_LF_3050101,多摩川 / basin 1 / 砂州・砂丘,all_land_use,He->Me,6,drop,0,2,0
watershed_x_landform,B_830305_1_LF_3050101,多摩川 / basin 1 / 砂州・砂丘,all_land_use,He->Me,6,new,2,2,1
watershed_x_landform,B_830305_20_LF_10101,多摩川 / basin 20 / 山地斜面等,all_land_use,Pa->Jo,1,continue,0,1,0
watershed_x_landform,B_830305_20_LF_10101,多摩川 / basin 20 / 山地斜面等,all_land_use,Pa->Jo,1,drop,1,1,1
watershed_x_landform,B_830305_20_LF_10101,多摩川 / basin 20 / 山地斜面等,all_land_use,Pa->Jo,1,new,0,1,0
watershed_x_landform,B_830305_20_LF_10314,多摩川 / basin 20 / 台地・段丘,all_land_use,He->Me,6,continue,0,1,0
watershed_x_landform,B_830305_20_LF_10314,多摩川 / basin 20 / 台地・段丘,all_land_use,He->Me,6,drop,1,1,1
watershed_x_landform,B_830305_20_LF_10314,多摩川 / basin 20 / 台地・段丘,all_land_use,He->Me,6,new,0,1,0
watershed_x_landform,B_830305_20_LF_10314,多摩川 / basin 20 / 台地・段丘,all_land_use,Jo->Ya,2,continue,0,4,0
watershed_x_landform,B_830305_20_LF_10314,多摩川 / basin 20 / 台地・段丘,all_land_use,Jo->Ya,2,drop,4,4,1
watershed_x_landform,B_830305_20_LF_10314,多摩川 / basin 20 / 台地・段丘,all_land_use,Jo->Ya,2,new,0,4,0
watershed_x_landform,B_830305_20_LF_10314,多摩川 / basin 20 / 台地・段丘,all_land_use,Ko->Na,4,continue,0,1,0
watershed_x_landform,B_830305_20_LF_10314,多摩川 / basin 20 / 台地・段丘,all_land_use,Ko->Na,4,drop,0,1,0
watershed_x_landform,B_830305_20_LF_10314,多摩川 / basin 20 / 台地・段丘,all_land_use,Ko->Na,4,new,1,1,1
watershed_x_landform,B_830305_20_LF_10314,多摩川 / basin 20 / 台地・段丘,all_land_use,Na->He,5,continue,1,1,1
watershed_x_landform,B_830305_20_LF_10314,多摩川 / basin 20 / 台地・段丘,all_land_use,Na->He,5,drop,0,1,0
watershed_x_landform,B_830305_20_LF_10314,多摩川 / basin 20 / 台地・段丘,all_land_use,Na->He,5,new,0,1,0
watershed_x_landform,B_830305_20_LF_10314,多摩川 / basin 20 / 台地・段丘,all_land_use,Pa->Jo,1,continue,2,4,0.5
watershed_x_landform,B_830305_20_LF_10314,多摩川 / basin 20 / 台地・段丘,all_land_use,Pa->Jo,1,drop,0,4,0
watershed_x_landform,B_830305_20_LF_10314,多摩川 / basin 20 / 台地・段丘,all_land_use,Pa->Jo,1,new,2,4,0.5
watershed_x_landform,B_830305_20_LF_2010101,多摩川 / basin 20 / 台地・段丘,all_land_use,He->Me,6,continue,6,13,0.46153846153846156
watershed_x_landform,B_830305_20_LF_2010101,多摩川 / basin 20 / 台地・段丘,all_land_use,He->Me,6,drop,5,13,0.38461538461538464
watershed_x_landform,B_830305_20_LF_2010101,多摩川 / basin 20 / 台地・段丘,all_land_use,He->Me,6,new,2,13,0.15384615384615385
watershed_x_landform,B_830305_20_LF_2010101,多摩川 / basin 20 / 台地・段丘,all_land_use,Jo->Ya,2,continue,0,7,0
watershed_x_landform,B_830305_20_LF_2010101,多摩川 / basin 20 / 台地・段丘,all_land_use,Jo->Ya,2,drop,7,7,1
watershed_x_landform,B_830305_20_LF_2010101,多摩川 / basin 20 / 台地・段丘,all_land_use,Jo->Ya,2,new,0,7,0
watershed_x_landform,B_830305_20_LF_2010101,多摩川 / basin 20 / 台地・段丘,all_land_use,Ko->Na,4,continue,0,15,0
watershed_x_landform,B_830305_20_LF_2010101,多摩川 / basin 20 / 台地・段丘,all_land_use,Ko->Na,4,drop,11,15,0.7333333333333333
watershed_x_landform,B_830305_20_LF_2010101,多摩川 / basin 20 / 台地・段丘,all_land_use,Ko->Na,4,new,4,15,0.26666666666666666
watershed_x_landform,B_830305_20_LF_2010101,多摩川 / basin 20 / 台地・段丘,all_land_use,Na->He,5,continue,4,11,0.36363636363636365
watershed_x_landform,B_830305_20_LF_2010101,多摩川 / basin 20 / 台地・段丘,all_land_use,Na->He,5,drop,0,11,0
watershed_x_landform,B_830305_20_LF_2010101,多摩川 / basin 20 / 台地・段丘,all_land_use,Na->He,5,new,7,11,0.6363636363636364
watershed_x_landform,B_830305_20_LF_2010101,多摩川 / basin 20 / 台地・段丘,all_land_use,Pa->Jo,1,continue,2,7,0.2857142857142857
watershed_x_landform,B_830305_20_LF_2010101,多摩川 / basin 20 / 台地・段丘,all_land_use,Pa->Jo,1,drop,0,7,0
watershed_x_landform,B_830305_20_LF_2010101,多摩川 / basin 20 / 台地・段丘,all_land_use,Pa->Jo,1,new,5,7,0.7142857142857143
watershed_x_landform,B_830305_20_LF_2010101,多摩川 / basin 20 / 台地・段丘,all_land_use,Ya->Ko,3,continue,0,11,0
watershed_x_landform,B_830305_20_LF_2010101,多摩川 / basin 20 / 台地・段丘,all_land_use,Ya->Ko,3,drop,0,11,0
watershed_x_landform,B_830305_20_LF_2010101,多摩川 / basin 20 / 台地・段丘,all_land_use,Ya->Ko,3,new,11,11,1
watershed_x_landform,B_830305_20_LF_2010201,多摩川 / basin 20 / 崖・段丘崖,all_land_use,Ko->Na,4,continue,0,2,0
watershed_x_landform,B_830305_20_LF_2010201,多摩川 / basin 20 / 崖・段丘崖,all_land_use,Ko->Na,4,drop,1,2,0.5
watershed_x_landform,B_830305_20_LF_2010201,多摩川 / basin 20 / 崖・段丘崖,all_land_use,Ko->Na,4,new,1,2,0.5
watershed_x_landform,B_830305_20_LF_2010201,多摩川 / basin 20 / 崖・段丘崖,all_land_use,Na->He,5,continue,0,1,0
watershed_x_landform,B_830305_20_LF_2010201,多摩川 / basin 20 / 崖・段丘崖,all_land_use,Na->He,5,drop,1,1,1
watershed_x_landform,B_830305_20_LF_2010201,多摩川 / basin 20 / 崖・段丘崖,all_land_use,Na->He,5,new,0,1,0
watershed_x_landform,B_830305_20_LF_2010201,多摩川 / basin 20 / 崖・段丘崖,all_land_use,Ya->Ko,3,continue,0,1,0
watershed_x_landform,B_830305_20_LF_2010201,多摩川 / basin 20 / 崖・段丘崖,all_land_use,Ya->Ko,3,drop,0,1,0
watershed_x_landform,B_830305_20_LF_2010201,多摩川 / basin 20 / 崖・段丘崖,all_land_use,Ya->Ko,3,new,1,1,1
watershed_x_landform,B_830305_20_LF_3030101,多摩川 / basin 20 / 氾濫平野・海岸平野,all_land_use,He->Me,6,continue,1,2,0.5
watershed_x_landform,B_830305_20_LF_3030101,多摩川 / basin 20 / 氾濫平野・海岸平野,all_land_use,He->Me,6,drop,1,2,0.5
watershed_x_landform,B_830305_20_LF_3030101,多摩川 / basin 20 / 氾濫平野・海岸平野,all_land_use,He->Me,6,new,0,2,0
watershed_x_landform,B_830305_20_LF_3030101,多摩川 / basin 20 / 氾濫平野・海岸平野,all_land_use,Jo->Ya,2,continue,1,2,0.5
watershed_x_landform,B_830305_20_LF_3030101,多摩川 / basin 20 / 氾濫平野・海岸平野,all_land_use,Jo->Ya,2,drop,1,2,0.5
watershed_x_landform,B_830305_20_LF_3030101,多摩川 / basin 20 / 氾濫平野・海岸平野,all_land_use,Jo->Ya,2,new,0,2,0
watershed_x_landform,B_830305_20_LF_3030101,多摩川 / basin 20 / 氾濫平野・海岸平野,all_land_use,Ko->Na,4,continue,1,1,1
watershed_x_landform,B_830305_20_LF_3030101,多摩川 / basin 20 / 氾濫平野・海岸平野,all_land_use,Ko->Na,4,drop,0,1,0
watershed_x_landform,B_830305_20_LF_3030101,多摩川 / basin 20 / 氾濫平野・海岸平野,all_land_use,Ko->Na,4,new,0,1,0
watershed_x_landform,B_830305_20_LF_3030101,多摩川 / basin 20 / 氾濫平野・海岸平野,all_land_use,Na->He,5,continue,1,2,0.5
watershed_x_landform,B_830305_20_LF_3030101,多摩川 / basin 20 / 氾濫平野・海岸平野,all_land_use,Na->He,5,drop,0,2,0
watershed_x_landform,B_830305_20_LF_3030101,多摩川 / basin 20 / 氾濫平野・海岸平野,all_land_use,Na->He,5,new,1,2,0.5
watershed_x_landform,B_830305_20_LF_3030101,多摩川 / basin 20 / 氾濫平野・海岸平野,all_land_use,Pa->Jo,1,continue,0,2,0
watershed_x_landform,B_830305_20_LF_3030101,多摩川 / basin 20 / 氾濫平野・海岸平野,all_land_use,Pa->Jo,1,drop,0,2,0
watershed_x_landform,B_830305_20_LF_3030101,多摩川 / basin 20 / 氾濫平野・海岸平野,all_land_use,Pa->Jo,1,new,2,2,1
watershed_x_landform,B_830305_20_LF_3030101,多摩川 / basin 20 / 氾濫平野・海岸平野,all_land_use,Ya->Ko,3,continue,1,1,1
watershed_x_landform,B_830305_20_LF_3030101,多摩川 / basin 20 / 氾濫平野・海岸平野,all_land_use,Ya->Ko,3,drop,0,1,0
watershed_x_landform,B_830305_20_LF_3030101,多摩川 / basin 20 / 氾濫平野・海岸平野,all_land_use,Ya->Ko,3,new,0,1,0
watershed_x_landform,B_830305_21_LF_2010101,多摩川 / basin 21 / 台地・段丘,all_land_use,He->Me,6,continue,1,1,1
watershed_x_landform,B_830305_21_LF_2010101,多摩川 / basin 21 / 台地・段丘,all_land_use,He->Me,6,drop,0,1,0
watershed_x_landform,B_830305_21_LF_2010101,多摩川 / basin 21 / 台地・段丘,all_land_use,He->Me,6,new,0,1,0
watershed_x_landform,B_830305_21_LF_2010101,多摩川 / basin 21 / 台地・段丘,all_land_use,Jo->Ya,2,continue,0,1,0
watershed_x_landform,B_830305_21_LF_2010101,多摩川 / basin 21 / 台地・段丘,all_land_use,Jo->Ya,2,drop,1,1,1
watershed_x_landform,B_830305_21_LF_2010101,多摩川 / basin 21 / 台地・段丘,all_land_use,Jo->Ya,2,new,0,1,0
watershed_x_landform,B_830305_21_LF_2010101,多摩川 / basin 21 / 台地・段丘,all_land_use,Ko->Na,4,continue,0,1,0
watershed_x_landform,B_830305_21_LF_2010101,多摩川 / basin 21 / 台地・段丘,all_land_use,Ko->Na,4,drop,0,1,0
watershed_x_landform,B_830305_21_LF_2010101,多摩川 / basin 21 / 台地・段丘,all_land_use,Ko->Na,4,new,1,1,1
watershed_x_landform,B_830305_21_LF_2010101,多摩川 / basin 21 / 台地・段丘,all_land_use,Na->He,5,continue,1,1,1
watershed_x_landform,B_830305_21_LF_2010101,多摩川 / basin 21 / 台地・段丘,all_land_use,Na->He,5,drop,0,1,0
watershed_x_landform,B_830305_21_LF_2010101,多摩川 / basin 21 / 台地・段丘,all_land_use,Na->He,5,new,0,1,0
watershed_x_landform,B_830305_21_LF_2010101,多摩川 / basin 21 / 台地・段丘,all_land_use,Pa->Jo,1,continue,0,1,0
watershed_x_landform,B_830305_21_LF_2010101,多摩川 / basin 21 / 台地・段丘,all_land_use,Pa->Jo,1,drop,0,1,0
watershed_x_landform,B_830305_21_LF_2010101,多摩川 / basin 21 / 台地・段丘,all_land_use,Pa->Jo,1,new,1,1,1
watershed_x_landform,B_830305_21_LF_3030101,多摩川 / basin 21 / 氾濫平野・海岸平野,all_land_use,He->Me,6,continue,0,1,0
watershed_x_landform,B_830305_21_LF_3030101,多摩川 / basin 21 / 氾濫平野・海岸平野,all_land_use,He->Me,6,drop,1,1,1
watershed_x_landform,B_830305_21_LF_3030101,多摩川 / basin 21 / 氾濫平野・海岸平野,all_land_use,He->Me,6,new,0,1,0
watershed_x_landform,B_830305_21_LF_3030101,多摩川 / basin 21 / 氾濫平野・海岸平野,all_land_use,Jo->Ya,2,continue,0,1,0
watershed_x_landform,B_830305_21_LF_3030101,多摩川 / basin 21 / 氾濫平野・海岸平野,all_land_use,Jo->Ya,2,drop,1,1,1
watershed_x_landform,B_830305_21_LF_3030101,多摩川 / basin 21 / 氾濫平野・海岸平野,all_land_use,Jo->Ya,2,new,0,1,0
watershed_x_landform,B_830305_21_LF_3030101,多摩川 / basin 21 / 氾濫平野・海岸平野,all_land_use,Na->He,5,continue,0,1,0
watershed_x_landform,B_830305_21_LF_3030101,多摩川 / basin 21 / 氾濫平野・海岸平野,all_land_use,Na->He,5,drop,0,1,0
watershed_x_landform,B_830305_21_LF_3030101,多摩川 / basin 21 / 氾濫平野・海岸平野,all_land_use,Na->He,5,new,1,1,1
watershed_x_landform,B_830305_21_LF_3030101,多摩川 / basin 21 / 氾濫平野・海岸平野,all_land_use,Pa->Jo,1,continue,0,1,0
watershed_x_landform,B_830305_21_LF_3030101,多摩川 / basin 21 / 氾濫平野・海岸平野,all_land_use,Pa->Jo,1,drop,0,1,0
watershed_x_landform,B_830305_21_LF_3030101,多摩川 / basin 21 / 氾濫平野・海岸平野,all_land_use,Pa->Jo,1,new,1,1,1
watershed_x_landform,B_830305_22_LF_1010101,多摩川 / basin 22 / 山地斜面等,all_land_use,He->Me,6,continue,28,95,0.29473684210526313
watershed_x_landform,B_830305_22_LF_1010101,多摩川 / basin 22 / 山地斜面等,all_land_use,He->Me,6,drop,54,95,0.5684210526315789
watershed_x_landform,B_830305_22_LF_1010101,多摩川 / basin 22 / 山地斜面等,all_land_use,He->Me,6,new,13,95,0.1368421052631579
watershed_x_landform,B_830305_22_LF_1010101,多摩川 / basin 22 / 山地斜面等,all_land_use,Jo->Ya,2,continue,5,148,0.033783783783783786
watershed_x_landform,B_830305_22_LF_1010101,多摩川 / basin 22 / 山地斜面等,all_land_use,Jo->Ya,2,drop,143,148,0.9662162162162162
watershed_x_landform,B_830305_22_LF_1010101,多摩川 / basin 22 / 山地斜面等,all_land_use,Jo->Ya,2,new,0,148,0
watershed_x_landform,B_830305_22_LF_1010101,多摩川 / basin 22 / 山地斜面等,all_land_use,Ko->Na,4,continue,6,68,0.08823529411764706
watershed_x_landform,B_830305_22_LF_1010101,多摩川 / basin 22 / 山地斜面等,all_land_use,Ko->Na,4,drop,3,68,0.04411764705882353
watershed_x_landform,B_830305_22_LF_1010101,多摩川 / basin 22 / 山地斜面等,all_land_use,Ko->Na,4,new,59,68,0.8676470588235294
watershed_x_landform,B_830305_22_LF_1010101,多摩川 / basin 22 / 山地斜面等,all_land_use,Na->He,5,continue,61,86,0.7093023255813954
watershed_x_landform,B_830305_22_LF_1010101,多摩川 / basin 22 / 山地斜面等,all_land_use,Na->He,5,drop,4,86,0.046511627906976744
watershed_x_landform,B_830305_22_LF_1010101,多摩川 / basin 22 / 山地斜面等,all_land_use,Na->He,5,new,21,86,0.2441860465116279
watershed_x_landform,B_830305_22_LF_1010101,多摩川 / basin 22 / 山地斜面等,all_land_use,Pa->Jo,1,continue,14,149,0.09395973154362416
watershed_x_landform,B_830305_22_LF_1010101,多摩川 / basin 22 / 山地斜面等,all_land_use,Pa->Jo,1,drop,1,149,0.006711409395973154
watershed_x_landform,B_830305_22_LF_1010101,多摩川 / basin 22 / 山地斜面等,all_land_use,Pa->Jo,1,new,134,149,0.8993288590604027
watershed_x_landform,B_830305_22_LF_1010101,多摩川 / basin 22 / 山地斜面等,all_land_use,Ya->Ko,3,continue,3,11,0.2727272727272727
watershed_x_landform,B_830305_22_LF_1010101,多摩川 / basin 22 / 山地斜面等,all_land_use,Ya->Ko,3,drop,2,11,0.18181818181818182
watershed_x_landform,B_830305_22_LF_1010101,多摩川 / basin 22 / 山地斜面等,all_land_use,Ya->Ko,3,new,6,11,0.5454545454545454
watershed_x_landform,B_830305_22_LF_2010101,多摩川 / basin 22 / 台地・段丘,all_land_use,He->Me,6,continue,4,15,0.26666666666666666
watershed_x_landform,B_830305_22_LF_2010101,多摩川 / basin 22 / 台地・段丘,all_land_use,He->Me,6,drop,7,15,0.4666666666666667
watershed_x_landform,B_830305_22_LF_2010101,多摩川 / basin 22 / 台地・段丘,all_land_use,He->Me,6,new,4,15,0.26666666666666666
watershed_x_landform,B_830305_22_LF_2010101,多摩川 / basin 22 / 台地・段丘,all_land_use,Jo->Ya,2,continue,0,13,0
watershed_x_landform,B_830305_22_LF_2010101,多摩川 / basin 22 / 台地・段丘,all_land_use,Jo->Ya,2,drop,13,13,1
watershed_x_landform,B_830305_22_LF_2010101,多摩川 / basin 22 / 台地・段丘,all_land_use,Jo->Ya,2,new,0,13,0
watershed_x_landform,B_830305_22_LF_2010101,多摩川 / basin 22 / 台地・段丘,all_land_use,Ko->Na,4,continue,1,10,0.1
watershed_x_landform,B_830305_22_LF_2010101,多摩川 / basin 22 / 台地・段丘,all_land_use,Ko->Na,4,drop,0,10,0
watershed_x_landform,B_830305_22_LF_2010101,多摩川 / basin 22 / 台地・段丘,all_land_use,Ko->Na,4,new,9,10,0.9
watershed_x_landform,B_830305_22_LF_2010101,多摩川 / basin 22 / 台地・段丘,all_land_use,Na->He,5,continue,9,12,0.75
watershed_x_landform,B_830305_22_LF_2010101,多摩川 / basin 22 / 台地・段丘,all_land_use,Na->He,5,drop,1,12,0.08333333333333333
watershed_x_landform,B_830305_22_LF_2010101,多摩川 / basin 22 / 台地・段丘,all_land_use,Na->He,5,new,2,12,0.16666666666666666
watershed_x_landform,B_830305_22_LF_2010101,多摩川 / basin 22 / 台地・段丘,all_land_use,Pa->Jo,1,continue,5,13,0.38461538461538464
watershed_x_landform,B_830305_22_LF_2010101,多摩川 / basin 22 / 台地・段丘,all_land_use,Pa->Jo,1,drop,0,13,0
watershed_x_landform,B_830305_22_LF_2010101,多摩川 / basin 22 / 台地・段丘,all_land_use,Pa->Jo,1,new,8,13,0.6153846153846154
watershed_x_landform,B_830305_22_LF_2010101,多摩川 / basin 22 / 台地・段丘,all_land_use,Ya->Ko,3,continue,0,1,0
watershed_x_landform,B_830305_22_LF_2010101,多摩川 / basin 22 / 台地・段丘,all_land_use,Ya->Ko,3,drop,0,1,0
watershed_x_landform,B_830305_22_LF_2010101,多摩川 / basin 22 / 台地・段丘,all_land_use,Ya->Ko,3,new,1,1,1
watershed_x_landform,B_830305_22_LF_3010101,多摩川 / basin 22 / 山麓堆積地形,all_land_use,He->Me,6,continue,5,13,0.38461538461538464
watershed_x_landform,B_830305_22_LF_3010101,多摩川 / basin 22 / 山麓堆積地形,all_land_use,He->Me,6,drop,3,13,0.23076923076923078
watershed_x_landform,B_830305_22_LF_3010101,多摩川 / basin 22 / 山麓堆積地形,all_land_use,He->Me,6,new,5,13,0.38461538461538464
watershed_x_landform,B_830305_22_LF_3010101,多摩川 / basin 22 / 山麓堆積地形,all_land_use,Jo->Ya,2,continue,2,11,0.18181818181818182
watershed_x_landform,B_830305_22_LF_3010101,多摩川 / basin 22 / 山麓堆積地形,all_land_use,Jo->Ya,2,drop,9,11,0.8181818181818182
watershed_x_landform,B_830305_22_LF_3010101,多摩川 / basin 22 / 山麓堆積地形,all_land_use,Jo->Ya,2,new,0,11,0
watershed_x_landform,B_830305_22_LF_3010101,多摩川 / basin 22 / 山麓堆積地形,all_land_use,Ko->Na,4,continue,1,6,0.16666666666666666
watershed_x_landform,B_830305_22_LF_3010101,多摩川 / basin 22 / 山麓堆積地形,all_land_use,Ko->Na,4,drop,0,6,0
watershed_x_landform,B_830305_22_LF_3010101,多摩川 / basin 22 / 山麓堆積地形,all_land_use,Ko->Na,4,new,5,6,0.8333333333333334
watershed_x_landform,B_830305_22_LF_3010101,多摩川 / basin 22 / 山麓堆積地形,all_land_use,Na->He,5,continue,5,9,0.5555555555555556
watershed_x_landform,B_830305_22_LF_3010101,多摩川 / basin 22 / 山麓堆積地形,all_land_use,Na->He,5,drop,1,9,0.1111111111111111
watershed_x_landform,B_830305_22_LF_3010101,多摩川 / basin 22 / 山麓堆積地形,all_land_use,Na->He,5,new,3,9,0.3333333333333333
watershed_x_landform,B_830305_22_LF_3010101,多摩川 / basin 22 / 山麓堆積地形,all_land_use,Pa->Jo,1,continue,4,11,0.36363636363636365
watershed_x_landform,B_830305_22_LF_3010101,多摩川 / basin 22 / 山麓堆積地形,all_land_use,Pa->Jo,1,drop,0,11,0
watershed_x_landform,B_830305_22_LF_3010101,多摩川 / basin 22 / 山麓堆積地形,all_land_use,Pa->Jo,1,new,7,11,0.6363636363636364
watershed_x_landform,B_830305_22_LF_3010101,多摩川 / basin 22 / 山麓堆積地形,all_land_use,Ya->Ko,3,continue,1,2,0.5
watershed_x_landform,B_830305_22_LF_3010101,多摩川 / basin 22 / 山麓堆積地形,all_land_use,Ya->Ko,3,drop,1,2,0.5
watershed_x_landform,B_830305_22_LF_3010101,多摩川 / basin 22 / 山麓堆積地形,all_land_use,Ya->Ko,3,new,0,2,0
watershed_x_landform,B_830305_22_LF_3030101,多摩川 / basin 22 / 氾濫平野・海岸平野,all_land_use,He->Me,6,continue,6,21,0.2857142857142857
watershed_x_landform,B_830305_22_LF_3030101,多摩川 / basin 22 / 氾濫平野・海岸平野,all_land_use,He->Me,6,drop,13,21,0.6190476190476191
watershed_x_landform,B_830305_22_LF_3030101,多摩川 / basin 22 / 氾濫平野・海岸平野,all_land_use,He->Me,6,new,2,21,0.09523809523809523
watershed_x_landform,B_830305_22_LF_3030101,多摩川 / basin 22 / 氾濫平野・海岸平野,all_land_use,Jo->Ya,2,continue,0,23,0
watershed_x_landform,B_830305_22_LF_3030101,多摩川 / basin 22 / 氾濫平野・海岸平野,all_land_use,Jo->Ya,2,drop,23,23,1
watershed_x_landform,B_830305_22_LF_3030101,多摩川 / basin 22 / 氾濫平野・海岸平野,all_land_use,Jo->Ya,2,new,0,23,0
watershed_x_landform,B_830305_22_LF_3030101,多摩川 / basin 22 / 氾濫平野・海岸平野,all_land_use,Ko->Na,4,continue,0,13,0
watershed_x_landform,B_830305_22_LF_3030101,多摩川 / basin 22 / 氾濫平野・海岸平野,all_land_use,Ko->Na,4,drop,0,13,0
watershed_x_landform,B_830305_22_LF_3030101,多摩川 / basin 22 / 氾濫平野・海岸平野,all_land_use,Ko->Na,4,new,13,13,1
watershed_x_landform,B_830305_22_LF_3030101,多摩川 / basin 22 / 氾濫平野・海岸平野,all_land_use,Na->He,5,continue,13,19,0.6842105263157895
watershed_x_landform,B_830305_22_LF_3030101,多摩川 / basin 22 / 氾濫平野・海岸平野,all_land_use,Na->He,5,drop,0,19,0
watershed_x_landform,B_830305_22_LF_3030101,多摩川 / basin 22 / 氾濫平野・海岸平野,all_land_use,Na->He,5,new,6,19,0.3157894736842105
watershed_x_landform,B_830305_22_LF_3030101,多摩川 / basin 22 / 氾濫平野・海岸平野,all_land_use,Pa->Jo,1,continue,2,23,0.08695652173913043
watershed_x_landform,B_830305_22_LF_3030101,多摩川 / basin 22 / 氾濫平野・海岸平野,all_land_use,Pa->Jo,1,drop,0,23,0
watershed_x_landform,B_830305_22_LF_3030101,多摩川 / basin 22 / 氾濫平野・海岸平野,all_land_use,Pa->Jo,1,new,21,23,0.9130434782608695
watershed_x_landform,B_830305_22_LF_3040201,多摩川 / basin 22 / 旧河道,all_land_use,He->Me,6,continue,0,2,0
watershed_x_landform,B_830305_22_LF_3040201,多摩川 / basin 22 / 旧河道,all_land_use,He->Me,6,drop,1,2,0.5
watershed_x_landform,B_830305_22_LF_3040201,多摩川 / basin 22 / 旧河道,all_land_use,He->Me,6,new,1,2,0.5
watershed_x_landform,B_830305_22_LF_3040201,多摩川 / basin 22 / 旧河道,all_land_use,Jo->Ya,2,continue,0,1,0
watershed_x_landform,B_830305_22_LF_3040201,多摩川 / basin 22 / 旧河道,all_land_use,Jo->Ya,2,drop,1,1,1
watershed_x_landform,B_830305_22_LF_3040201,多摩川 / basin 22 / 旧河道,all_land_use,Jo->Ya,2,new,0,1,0
watershed_x_landform,B_830305_22_LF_3040201,多摩川 / basin 22 / 旧河道,all_land_use,Na->He,5,continue,0,1,0
watershed_x_landform,B_830305_22_LF_3040201,多摩川 / basin 22 / 旧河道,all_land_use,Na->He,5,drop,0,1,0
watershed_x_landform,B_830305_22_LF_3040201,多摩川 / basin 22 / 旧河道,all_land_use,Na->He,5,new,1,1,1
watershed_x_landform,B_830305_22_LF_3040201,多摩川 / basin 22 / 旧河道,all_land_use,Pa->Jo,1,continue,1,1,1
watershed_x_landform,B_830305_22_LF_3040201,多摩川 / basin 22 / 旧河道,all_land_use,Pa->Jo,1,drop,0,1,0
watershed_x_landform,B_830305_22_LF_3040201,多摩川 / basin 22 / 旧河道,all_land_use,Pa->Jo,1,new,0,1,0
watershed_x_landform,B_830305_22_LF_5010201,多摩川 / basin 22 / 水部,all_land_use,Jo->Ya,2,continue,0,1,0
watershed_x_landform,B_830305_22_LF_5010201,多摩川 / basin 22 / 水部,all_land_use,Jo->Ya,2,drop,1,1,1
watershed_x_landform,B_830305_22_LF_5010201,多摩川 / basin 22 / 水部,all_land_use,Jo->Ya,2,new,0,1,0
watershed_x_landform,B_830305_22_LF_5010201,多摩川 / basin 22 / 水部,all_land_use,Pa->Jo,1,continue,0,1,0
watershed_x_landform,B_830305_22_LF_5010201,多摩川 / basin 22 / 水部,all_land_use,Pa->Jo,1,drop,0,1,0
watershed_x_landform,B_830305_22_LF_5010201,多摩川 / basin 22 / 水部,all_land_use,Pa->Jo,1,new,1,1,1
watershed_x_landform,B_830305_23_LF_1010101,多摩川 / basin 23 / 山地斜面等,all_land_use,He->Me,6,continue,21,83,0.25301204819277107
watershed_x_landform,B_830305_23_LF_1010101,多摩川 / basin 23 / 山地斜面等,all_land_use,He->Me,6,drop,54,83,0.6506024096385542
watershed_x_landform,B_830305_23_LF_1010101,多摩川 / basin 23 / 山地斜面等,all_land_use,He->Me,6,new,8,83,0.0963855421686747
watershed_x_landform,B_830305_23_LF_1010101,多摩川 / basin 23 / 山地斜面等,all_land_use,Jo->Ya,2,continue,3,109,0.027522935779816515
watershed_x_landform,B_830305_23_LF_1010101,多摩川 / basin 23 / 山地斜面等,all_land_use,Jo->Ya,2,drop,105,109,0.963302752293578
watershed_x_landform,B_830305_23_LF_1010101,多摩川 / basin 23 / 山地斜面等,all_land_use,Jo->Ya,2,new,1,109,0.009174311926605505
watershed_x_landform,B_830305_23_LF_1010101,多摩川 / basin 23 / 山地斜面等,all_land_use,Ko->Na,4,continue,11,65,0.16923076923076924
watershed_x_landform,B_830305_23_LF_1010101,多摩川 / basin 23 / 山地斜面等,all_land_use,Ko->Na,4,drop,9,65,0.13846153846153847
watershed_x_landform,B_830305_23_LF_1010101,多摩川 / basin 23 / 山地斜面等,all_land_use,Ko->Na,4,new,45,65,0.6923076923076923
watershed_x_landform,B_830305_23_LF_1010101,多摩川 / basin 23 / 山地斜面等,all_land_use,Na->He,5,continue,53,78,0.6794871794871795
watershed_x_landform,B_830305_23_LF_1010101,多摩川 / basin 23 / 山地斜面等,all_land_use,Na->He,5,drop,3,78,0.038461538461538464
watershed_x_landform,B_830305_23_LF_1010101,多摩川 / basin 23 / 山地斜面等,all_land_use,Na->He,5,new,22,78,0.28205128205128205
watershed_x_landform,B_830305_23_LF_1010101,多摩川 / basin 23 / 山地斜面等,all_land_use,Pa->Jo,1,continue,16,108,0.14814814814814814
watershed_x_landform,B_830305_23_LF_1010101,多摩川 / basin 23 / 山地斜面等,all_land_use,Pa->Jo,1,drop,0,108,0
watershed_x_landform,B_830305_23_LF_1010101,多摩川 / basin 23 / 山地斜面等,all_land_use,Pa->Jo,1,new,92,108,0.8518518518518519
watershed_x_landform,B_830305_23_LF_1010101,多摩川 / basin 23 / 山地斜面等,all_land_use,Ya->Ko,3,continue,2,22,0.09090909090909091
watershed_x_landform,B_830305_23_LF_1010101,多摩川 / basin 23 / 山地斜面等,all_land_use,Ya->Ko,3,drop,2,22,0.09090909090909091
watershed_x_landform,B_830305_23_LF_1010101,多摩川 / basin 23 / 山地斜面等,all_land_use,Ya->Ko,3,new,18,22,0.8181818181818182
watershed_x_landform,B_830305_23_LF_2010101,多摩川 / basin 23 / 台地・段丘,all_land_use,He->Me,6,continue,8,22,0.36363636363636365
watershed_x_landform,B_830305_23_LF_2010101,多摩川 / basin 23 / 台地・段丘,all_land_use,He->Me,6,drop,12,22,0.5454545454545454
watershed_x_landform,B_830305_23_LF_2010101,多摩川 / basin 23 / 台地・段丘,all_land_use,He->Me,6,new,2,22,0.09090909090909091
watershed_x_landform,B_830305_23_LF_2010101,多摩川 / basin 23 / 台地・段丘,all_land_use,Jo->Ya,2,continue,2,20,0.1
watershed_x_landform,B_830305_23_LF_2010101,多摩川 / basin 23 / 台地・段丘,all_land_use,Jo->Ya,2,drop,18,20,0.9
watershed_x_landform,B_830305_23_LF_2010101,多摩川 / basin 23 / 台地・段丘,all_land_use,Jo->Ya,2,new,0,20,0
watershed_x_landform,B_830305_23_LF_2010101,多摩川 / basin 23 / 台地・段丘,all_land_use,Ko->Na,4,continue,8,27,0.2962962962962963
watershed_x_landform,B_830305_23_LF_2010101,多摩川 / basin 23 / 台地・段丘,all_land_use,Ko->Na,4,drop,15,27,0.5555555555555556
watershed_x_landform,B_830305_23_LF_2010101,多摩川 / basin 23 / 台地・段丘,all_land_use,Ko->Na,4,new,4,27,0.14814814814814814
watershed_x_landform,B_830305_23_LF_2010101,多摩川 / basin 23 / 台地・段丘,all_land_use,Na->He,5,continue,12,20,0.6
watershed_x_landform,B_830305_23_LF_2010101,多摩川 / basin 23 / 台地・段丘,all_land_use,Na->He,5,drop,0,20,0
watershed_x_landform,B_830305_23_LF_2010101,多摩川 / basin 23 / 台地・段丘,all_land_use,Na->He,5,new,8,20,0.4
watershed_x_landform,B_830305_23_LF_2010101,多摩川 / basin 23 / 台地・段丘,all_land_use,Pa->Jo,1,continue,4,20,0.2
watershed_x_landform,B_830305_23_LF_2010101,多摩川 / basin 23 / 台地・段丘,all_land_use,Pa->Jo,1,drop,0,20,0
watershed_x_landform,B_830305_23_LF_2010101,多摩川 / basin 23 / 台地・段丘,all_land_use,Pa->Jo,1,new,16,20,0.8
watershed_x_landform,B_830305_23_LF_2010101,多摩川 / basin 23 / 台地・段丘,all_land_use,Ya->Ko,3,continue,1,24,0.041666666666666664
watershed_x_landform,B_830305_23_LF_2010101,多摩川 / basin 23 / 台地・段丘,all_land_use,Ya->Ko,3,drop,1,24,0.041666666666666664
watershed_x_landform,B_830305_23_LF_2010101,多摩川 / basin 23 / 台地・段丘,all_land_use,Ya->Ko,3,new,22,24,0.9166666666666666
watershed_x_landform,B_830305_23_LF_2010201,多摩川 / basin 23 / 崖・段丘崖,all_land_use,He->Me,6,continue,1,1,1
watershed_x_landform,B_830305_23_LF_2010201,多摩川 / basin 23 / 崖・段丘崖,all_land_use,He->Me,6,drop,0,1,0
watershed_x_landform,B_830305_23_LF_2010201,多摩川 / basin 23 / 崖・段丘崖,all_land_use,He->Me,6,new,0,1,0
watershed_x_landform,B_830305_23_LF_2010201,多摩川 / basin 23 / 崖・段丘崖,all_land_use,Jo->Ya,2,continue,0,1,0
watershed_x_landform,B_830305_23_LF_2010201,多摩川 / basin 23 / 崖・段丘崖,all_land_use,Jo->Ya,2,drop,1,1,1
watershed_x_landform,B_830305_23_LF_2010201,多摩川 / basin 23 / 崖・段丘崖,all_land_use,Jo->Ya,2,new,0,1,0
watershed_x_landform,B_830305_23_LF_2010201,多摩川 / basin 23 / 崖・段丘崖,all_land_use,Ko->Na,4,continue,0,2,0
watershed_x_landform,B_830305_23_LF_2010201,多摩川 / basin 23 / 崖・段丘崖,all_land_use,Ko->Na,4,drop,1,2,0.5
watershed_x_landform,B_830305_23_LF_2010201,多摩川 / basin 23 / 崖・段丘崖,all_land_use,Ko->Na,4,new,1,2,0.5
watershed_x_landform,B_830305_23_LF_2010201,多摩川 / basin 23 / 崖・段丘崖,all_land_use,Na->He,5,continue,1,1,1
watershed_x_landform,B_830305_23_LF_2010201,多摩川 / basin 23 / 崖・段丘崖,all_land_use,Na->He,5,drop,0,1,0
watershed_x_landform,B_830305_23_LF_2010201,多摩川 / basin 23 / 崖・段丘崖,all_land_use,Na->He,5,new,0,1,0
watershed_x_landform,B_830305_23_LF_2010201,多摩川 / basin 23 / 崖・段丘崖,all_land_use,Pa->Jo,1,continue,1,1,1
watershed_x_landform,B_830305_23_LF_2010201,多摩川 / basin 23 / 崖・段丘崖,all_land_use,Pa->Jo,1,drop,0,1,0
watershed_x_landform,B_830305_23_LF_2010201,多摩川 / basin 23 / 崖・段丘崖,all_land_use,Pa->Jo,1,new,0,1,0
watershed_x_landform,B_830305_23_LF_2010201,多摩川 / basin 23 / 崖・段丘崖,all_land_use,Ya->Ko,3,continue,0,1,0
watershed_x_landform,B_830305_23_LF_2010201,多摩川 / basin 23 / 崖・段丘崖,all_land_use,Ya->Ko,3,drop,0,1,0
watershed_x_landform,B_830305_23_LF_2010201,多摩川 / basin 23 / 崖・段丘崖,all_land_use,Ya->Ko,3,new,1,1,1
watershed_x_landform,B_830305_23_LF_3010101,多摩川 / basin 23 / 山麓堆積地形,all_land_use,He->Me,6,continue,3,5,0.6
watershed_x_landform,B_830305_23_LF_3010101,多摩川 / basin 23 / 山麓堆積地形,all_land_use,He->Me,6,drop,2,5,0.4
watershed_x_landform,B_830305_23_LF_3010101,多摩川 / basin 23 / 山麓堆積地形,all_land_use,He->Me,6,new,0,5,0
watershed_x_landform,B_830305_23_LF_3010101,多摩川 / basin 23 / 山麓堆積地形,all_land_use,Jo->Ya,2,continue,2,6,0.3333333333333333
watershed_x_landform,B_830305_23_LF_3010101,多摩川 / basin 23 / 山麓堆積地形,all_land_use,Jo->Ya,2,drop,4,6,0.6666666666666666
watershed_x_landform,B_830305_23_LF_3010101,多摩川 / basin 23 / 山麓堆積地形,all_land_use,Jo->Ya,2,new,0,6,0
watershed_x_landform,B_830305_23_LF_3010101,多摩川 / basin 23 / 山麓堆積地形,all_land_use,Ko->Na,4,continue,1,4,0.25
watershed_x_landform,B_830305_23_LF_3010101,多摩川 / basin 23 / 山麓堆積地形,all_land_use,Ko->Na,4,drop,0,4,0
watershed_x_landform,B_830305_23_LF_3010101,多摩川 / basin 23 / 山麓堆積地形,all_land_use,Ko->Na,4,new,3,4,0.75
watershed_x_landform,B_830305_23_LF_3010101,多摩川 / basin 23 / 山麓堆積地形,all_land_use,Na->He,5,continue,4,5,0.8
watershed_x_landform,B_830305_23_LF_3010101,多摩川 / basin 23 / 山麓堆積地形,all_land_use,Na->He,5,drop,0,5,0
watershed_x_landform,B_830305_23_LF_3010101,多摩川 / basin 23 / 山麓堆積地形,all_land_use,Na->He,5,new,1,5,0.2
watershed_x_landform,B_830305_23_LF_3010101,多摩川 / basin 23 / 山麓堆積地形,all_land_use,Pa->Jo,1,continue,0,6,0
watershed_x_landform,B_830305_23_LF_3010101,多摩川 / basin 23 / 山麓堆積地形,all_land_use,Pa->Jo,1,drop,0,6,0
watershed_x_landform,B_830305_23_LF_3010101,多摩川 / basin 23 / 山麓堆積地形,all_land_use,Pa->Jo,1,new,6,6,1
watershed_x_landform,B_830305_23_LF_3010101,多摩川 / basin 23 / 山麓堆積地形,all_land_use,Ya->Ko,3,continue,1,2,0.5
watershed_x_landform,B_830305_23_LF_3010101,多摩川 / basin 23 / 山麓堆積地形,all_land_use,Ya->Ko,3,drop,1,2,0.5
watershed_x_landform,B_830305_23_LF_3010101,多摩川 / basin 23 / 山麓堆積地形,all_land_use,Ya->Ko,3,new,0,2,0
watershed_x_landform,B_830305_23_LF_3030101,多摩川 / basin 23 / 氾濫平野・海岸平野,all_land_use,He->Me,6,continue,13,29,0.4482758620689655
watershed_x_landform,B_830305_23_LF_3030101,多摩川 / basin 23 / 氾濫平野・海岸平野,all_land_use,He->Me,6,drop,13,29,0.4482758620689655
watershed_x_landform,B_830305_23_LF_3030101,多摩川 / basin 23 / 氾濫平野・海岸平野,all_land_use,He->Me,6,new,3,29,0.10344827586206896
watershed_x_landform,B_830305_23_LF_3030101,多摩川 / basin 23 / 氾濫平野・海岸平野,all_land_use,Jo->Ya,2,continue,2,24,0.08333333333333333
watershed_x_landform,B_830305_23_LF_3030101,多摩川 / basin 23 / 氾濫平野・海岸平野,all_land_use,Jo->Ya,2,drop,22,24,0.9166666666666666
watershed_x_landform,B_830305_23_LF_3030101,多摩川 / basin 23 / 氾濫平野・海岸平野,all_land_use,Jo->Ya,2,new,0,24,0
watershed_x_landform,B_830305_23_LF_3030101,多摩川 / basin 23 / 氾濫平野・海岸平野,all_land_use,Ko->Na,4,continue,5,21,0.23809523809523808
watershed_x_landform,B_830305_23_LF_3030101,多摩川 / basin 23 / 氾濫平野・海岸平野,all_land_use,Ko->Na,4,drop,2,21,0.09523809523809523
watershed_x_landform,B_830305_23_LF_3030101,多摩川 / basin 23 / 氾濫平野・海岸平野,all_land_use,Ko->Na,4,new,14,21,0.6666666666666666
watershed_x_landform,B_830305_23_LF_3030101,多摩川 / basin 23 / 氾濫平野・海岸平野,all_land_use,Na->He,5,continue,19,26,0.7307692307692307
watershed_x_landform,B_830305_23_LF_3030101,多摩川 / basin 23 / 氾濫平野・海岸平野,all_land_use,Na->He,5,drop,0,26,0
watershed_x_landform,B_830305_23_LF_3030101,多摩川 / basin 23 / 氾濫平野・海岸平野,all_land_use,Na->He,5,new,7,26,0.2692307692307692
watershed_x_landform,B_830305_23_LF_3030101,多摩川 / basin 23 / 氾濫平野・海岸平野,all_land_use,Pa->Jo,1,continue,2,24,0.08333333333333333
watershed_x_landform,B_830305_23_LF_3030101,多摩川 / basin 23 / 氾濫平野・海岸平野,all_land_use,Pa->Jo,1,drop,0,24,0
watershed_x_landform,B_830305_23_LF_3030101,多摩川 / basin 23 / 氾濫平野・海岸平野,all_land_use,Pa->Jo,1,new,22,24,0.9166666666666666
watershed_x_landform,B_830305_23_LF_3030101,多摩川 / basin 23 / 氾濫平野・海岸平野,all_land_use,Ya->Ko,3,continue,1,8,0.125
watershed_x_landform,B_830305_23_LF_3030101,多摩川 / basin 23 / 氾濫平野・海岸平野,all_land_use,Ya->Ko,3,drop,1,8,0.125
watershed_x_landform,B_830305_23_LF_3030101,多摩川 / basin 23 / 氾濫平野・海岸平野,all_land_use,Ya->Ko,3,new,6,8,0.75
watershed_x_landform,B_830305_23_LF_3040202,多摩川 / basin 23 / 旧河道,all_land_use,He->Me,6,continue,1,1,1
watershed_x_landform,B_830305_23_LF_3040202,多摩川 / basin 23 / 旧河道,all_land_use,He->Me,6,drop,0,1,0
watershed_x_landform,B_830305_23_LF_3040202,多摩川 / basin 23 / 旧河道,all_land_use,He->Me,6,new,0,1,0
watershed_x_landform,B_830305_23_LF_3040202,多摩川 / basin 23 / 旧河道,all_land_use,Jo->Ya,2,continue,0,1,0
watershed_x_landform,B_830305_23_LF_3040202,多摩川 / basin 23 / 旧河道,all_land_use,Jo->Ya,2,drop,1,1,1
watershed_x_landform,B_830305_23_LF_3040202,多摩川 / basin 23 / 旧河道,all_land_use,Jo->Ya,2,new,0,1,0
watershed_x_landform,B_830305_23_LF_3040202,多摩川 / basin 23 / 旧河道,all_land_use,Ko->Na,4,continue,1,1,1
watershed_x_landform,B_830305_23_LF_3040202,多摩川 / basin 23 / 旧河道,all_land_use,Ko->Na,4,drop,0,1,0
watershed_x_landform,B_830305_23_LF_3040202,多摩川 / basin 23 / 旧河道,all_land_use,Ko->Na,4,new,0,1,0
watershed_x_landform,B_830305_23_LF_3040202,多摩川 / basin 23 / 旧河道,all_land_use,Na->He,5,continue,1,1,1
watershed_x_landform,B_830305_23_LF_3040202,多摩川 / basin 23 / 旧河道,all_land_use,Na->He,5,drop,0,1,0
watershed_x_landform,B_830305_23_LF_3040202,多摩川 / basin 23 / 旧河道,all_land_use,Na->He,5,new,0,1,0
watershed_x_landform,B_830305_23_LF_3040202,多摩川 / basin 23 / 旧河道,all_land_use,Pa->Jo,1,continue,0,1,0
watershed_x_landform,B_830305_23_LF_3040202,多摩川 / basin 23 / 旧河道,all_land_use,Pa->Jo,1,drop,0,1,0
watershed_x_landform,B_830305_23_LF_3040202,多摩川 / basin 23 / 旧河道,all_land_use,Pa->Jo,1,new,1,1,1
watershed_x_landform,B_830305_23_LF_3040202,多摩川 / basin 23 / 旧河道,all_land_use,Ya->Ko,3,continue,0,1,0
watershed_x_landform,B_830305_23_LF_3040202,多摩川 / basin 23 / 旧河道,all_land_use,Ya->Ko,3,drop,0,1,0
watershed_x_landform,B_830305_23_LF_3040202,多摩川 / basin 23 / 旧河道,all_land_use,Ya->Ko,3,new,1,1,1
watershed_x_landform,B_830305_24_LF_1010101,多摩川 / basin 24 / 山地斜面等,all_land_use,He->Me,6,continue,0,1,0
watershed_x_landform,B_830305_24_LF_1010101,多摩川 / basin 24 / 山地斜面等,all_land_use,He->Me,6,drop,1,1,1
watershed_x_landform,B_830305_24_LF_1010101,多摩川 / basin 24 / 山地斜面等,all_land_use,He->Me,6,new,0,1,0
watershed_x_landform,B_830305_24_LF_1010101,多摩川 / basin 24 / 山地斜面等,all_land_use,Jo->Ya,2,continue,0,4,0
watershed_x_landform,B_830305_24_LF_1010101,多摩川 / basin 24 / 山地斜面等,all_land_use,Jo->Ya,2,drop,4,4,1
watershed_x_landform,B_830305_24_LF_1010101,多摩川 / basin 24 / 山地斜面等,all_land_use,Jo->Ya,2,new,0,4,0
watershed_x_landform,B_830305_24_LF_1010101,多摩川 / basin 24 / 山地斜面等,all_land_use,Ko->Na,4,continue,1,2,0.5
watershed_x_landform,B_830305_24_LF_1010101,多摩川 / basin 24 / 山地斜面等,all_land_use,Ko->Na,4,drop,1,2,0.5
watershed_x_landform,B_830305_24_LF_1010101,多摩川 / basin 24 / 山地斜面等,all_land_use,Ko->Na,4,new,0,2,0
watershed_x_landform,B_830305_24_LF_1010101,多摩川 / basin 24 / 山地斜面等,all_land_use,Na->He,5,continue,1,1,1
watershed_x_landform,B_830305_24_LF_1010101,多摩川 / basin 24 / 山地斜面等,all_land_use,Na->He,5,drop,0,1,0
watershed_x_landform,B_830305_24_LF_1010101,多摩川 / basin 24 / 山地斜面等,all_land_use,Na->He,5,new,0,1,0
watershed_x_landform,B_830305_24_LF_1010101,多摩川 / basin 24 / 山地斜面等,all_land_use,Pa->Jo,1,continue,0,4,0
watershed_x_landform,B_830305_24_LF_1010101,多摩川 / basin 24 / 山地斜面等,all_land_use,Pa->Jo,1,drop,0,4,0
watershed_x_landform,B_830305_24_LF_1010101,多摩川 / basin 24 / 山地斜面等,all_land_use,Pa->Jo,1,new,4,4,1
watershed_x_landform,B_830305_24_LF_1010101,多摩川 / basin 24 / 山地斜面等,all_land_use,Ya->Ko,3,continue,0,2,0
watershed_x_landform,B_830305_24_LF_1010101,多摩川 / basin 24 / 山地斜面等,all_land_use,Ya->Ko,3,drop,0,2,0
watershed_x_landform,B_830305_24_LF_1010101,多摩川 / basin 24 / 山地斜面等,all_land_use,Ya->Ko,3,new,2,2,1
watershed_x_landform,B_830305_24_LF_2010101,多摩川 / basin 24 / 台地・段丘,all_land_use,He->Me,6,continue,0,1,0
watershed_x_landform,B_830305_24_LF_2010101,多摩川 / basin 24 / 台地・段丘,all_land_use,He->Me,6,drop,1,1,1
watershed_x_landform,B_830305_24_LF_2010101,多摩川 / basin 24 / 台地・段丘,all_land_use,He->Me,6,new,0,1,0
watershed_x_landform,B_830305_24_LF_2010101,多摩川 / basin 24 / 台地・段丘,all_land_use,Jo->Ya,2,continue,0,3,0
watershed_x_landform,B_830305_24_LF_2010101,多摩川 / basin 24 / 台地・段丘,all_land_use,Jo->Ya,2,drop,3,3,1
watershed_x_landform,B_830305_24_LF_2010101,多摩川 / basin 24 / 台地・段丘,all_land_use,Jo->Ya,2,new,0,3,0
watershed_x_landform,B_830305_24_LF_2010101,多摩川 / basin 24 / 台地・段丘,all_land_use,Na->He,5,continue,0,1,0
watershed_x_landform,B_830305_24_LF_2010101,多摩川 / basin 24 / 台地・段丘,all_land_use,Na->He,5,drop,0,1,0
watershed_x_landform,B_830305_24_LF_2010101,多摩川 / basin 24 / 台地・段丘,all_land_use,Na->He,5,new,1,1,1
watershed_x_landform,B_830305_24_LF_2010101,多摩川 / basin 24 / 台地・段丘,all_land_use,Pa->Jo,1,continue,0,3,0
watershed_x_landform,B_830305_24_LF_2010101,多摩川 / basin 24 / 台地・段丘,all_land_use,Pa->Jo,1,drop,0,3,0
watershed_x_landform,B_830305_24_LF_2010101,多摩川 / basin 24 / 台地・段丘,all_land_use,Pa->Jo,1,new,3,3,1
watershed_x_landform,B_830305_25_LF_2010101,多摩川 / basin 25 / 台地・段丘,all_land_use,He->Me,6,continue,3,8,0.375
watershed_x_landform,B_830305_25_LF_2010101,多摩川 / basin 25 / 台地・段丘,all_land_use,He->Me,6,drop,5,8,0.625
watershed_x_landform,B_830305_25_LF_2010101,多摩川 / basin 25 / 台地・段丘,all_land_use,He->Me,6,new,0,8,0
watershed_x_landform,B_830305_25_LF_2010101,多摩川 / basin 25 / 台地・段丘,all_land_use,Jo->Ya,2,continue,1,8,0.125
watershed_x_landform,B_830305_25_LF_2010101,多摩川 / basin 25 / 台地・段丘,all_land_use,Jo->Ya,2,drop,7,8,0.875
watershed_x_landform,B_830305_25_LF_2010101,多摩川 / basin 25 / 台地・段丘,all_land_use,Jo->Ya,2,new,0,8,0
watershed_x_landform,B_830305_25_LF_2010101,多摩川 / basin 25 / 台地・段丘,all_land_use,Ko->Na,4,continue,1,24,0.041666666666666664
watershed_x_landform,B_830305_25_LF_2010101,多摩川 / basin 25 / 台地・段丘,all_land_use,Ko->Na,4,drop,18,24,0.75
watershed_x_landform,B_830305_25_LF_2010101,多摩川 / basin 25 / 台地・段丘,all_land_use,Ko->Na,4,new,5,24,0.20833333333333334
watershed_x_landform,B_830305_25_LF_2010101,多摩川 / basin 25 / 台地・段丘,all_land_use,Na->He,5,continue,6,8,0.75
watershed_x_landform,B_830305_25_LF_2010101,多摩川 / basin 25 / 台地・段丘,all_land_use,Na->He,5,drop,0,8,0
watershed_x_landform,B_830305_25_LF_2010101,多摩川 / basin 25 / 台地・段丘,all_land_use,Na->He,5,new,2,8,0.25
watershed_x_landform,B_830305_25_LF_2010101,多摩川 / basin 25 / 台地・段丘,all_land_use,Pa->Jo,1,continue,5,8,0.625
watershed_x_landform,B_830305_25_LF_2010101,多摩川 / basin 25 / 台地・段丘,all_land_use,Pa->Jo,1,drop,0,8,0
watershed_x_landform,B_830305_25_LF_2010101,多摩川 / basin 25 / 台地・段丘,all_land_use,Pa->Jo,1,new,3,8,0.375
watershed_x_landform,B_830305_25_LF_2010101,多摩川 / basin 25 / 台地・段丘,all_land_use,Ya->Ko,3,continue,1,19,0.05263157894736842
watershed_x_landform,B_830305_25_LF_2010101,多摩川 / basin 25 / 台地・段丘,all_land_use,Ya->Ko,3,drop,0,19,0
watershed_x_landform,B_830305_25_LF_2010101,多摩川 / basin 25 / 台地・段丘,all_land_use,Ya->Ko,3,new,18,19,0.9473684210526315
watershed_x_landform,B_830305_25_LF_2010201,多摩川 / basin 25 / 崖・段丘崖,all_land_use,He->Me,6,continue,0,2,0
watershed_x_landform,B_830305_25_LF_2010201,多摩川 / basin 25 / 崖・段丘崖,all_land_use,He->Me,6,drop,2,2,1
watershed_x_landform,B_830305_25_LF_2010201,多摩川 / basin 25 / 崖・段丘崖,all_land_use,He->Me,6,new,0,2,0
watershed_x_landform,B_830305_25_LF_2010201,多摩川 / basin 25 / 崖・段丘崖,all_land_use,Ko->Na,4,continue,0,2,0
watershed_x_landform,B_830305_25_LF_2010201,多摩川 / basin 25 / 崖・段丘崖,all_land_use,Ko->Na,4,drop,0,2,0
watershed_x_landform,B_830305_25_LF_2010201,多摩川 / basin 25 / 崖・段丘崖,all_land_use,Ko->Na,4,new,2,2,1
watershed_x_landform,B_830305_25_LF_2010201,多摩川 / basin 25 / 崖・段丘崖,all_land_use,Na->He,5,continue,2,2,1
watershed_x_landform,B_830305_25_LF_2010201,多摩川 / basin 25 / 崖・段丘崖,all_land_use,Na->He,5,drop,0,2,0
watershed_x_landform,B_830305_25_LF_2010201,多摩川 / basin 25 / 崖・段丘崖,all_land_use,Na->He,5,new,0,2,0
watershed_x_landform,B_830305_25_LF_2010301,多摩川 / basin 25 / 凹地・浅い谷,all_land_use,He->Me,6,continue,0,1,0
watershed_x_landform,B_830305_25_LF_2010301,多摩川 / basin 25 / 凹地・浅い谷,all_land_use,He->Me,6,drop,1,1,1
watershed_x_landform,B_830305_25_LF_2010301,多摩川 / basin 25 / 凹地・浅い谷,all_land_use,He->Me,6,new,0,1,0
watershed_x_landform,B_830305_25_LF_2010301,多摩川 / basin 25 / 凹地・浅い谷,all_land_use,Jo->Ya,2,continue,0,1,0
watershed_x_landform,B_830305_25_LF_2010301,多摩川 / basin 25 / 凹地・浅い谷,all_land_use,Jo->Ya,2,drop,1,1,1
watershed_x_landform,B_830305_25_LF_2010301,多摩川 / basin 25 / 凹地・浅い谷,all_land_use,Jo->Ya,2,new,0,1,0
watershed_x_landform,B_830305_25_LF_2010301,多摩川 / basin 25 / 凹地・浅い谷,all_land_use,Ko->Na,4,continue,0,1,0
watershed_x_landform,B_830305_25_LF_2010301,多摩川 / basin 25 / 凹地・浅い谷,all_land_use,Ko->Na,4,drop,0,1,0
watershed_x_landform,B_830305_25_LF_2010301,多摩川 / basin 25 / 凹地・浅い谷,all_land_use,Ko->Na,4,new,1,1,1
watershed_x_landform,B_830305_25_LF_2010301,多摩川 / basin 25 / 凹地・浅い谷,all_land_use,Na->He,5,continue,1,1,1
watershed_x_landform,B_830305_25_LF_2010301,多摩川 / basin 25 / 凹地・浅い谷,all_land_use,Na->He,5,drop,0,1,0
watershed_x_landform,B_830305_25_LF_2010301,多摩川 / basin 25 / 凹地・浅い谷,all_land_use,Na->He,5,new,0,1,0
watershed_x_landform,B_830305_25_LF_2010301,多摩川 / basin 25 / 凹地・浅い谷,all_land_use,Pa->Jo,1,continue,1,1,1
watershed_x_landform,B_830305_25_LF_2010301,多摩川 / basin 25 / 凹地・浅い谷,all_land_use,Pa->Jo,1,drop,0,1,0
watershed_x_landform,B_830305_25_LF_2010301,多摩川 / basin 25 / 凹地・浅い谷,all_land_use,Pa->Jo,1,new,0,1,0
watershed_x_landform,B_830305_25_LF_3030101,多摩川 / basin 25 / 氾濫平野・海岸平野,all_land_use,He->Me,6,continue,1,2,0.5
watershed_x_landform,B_830305_25_LF_3030101,多摩川 / basin 25 / 氾濫平野・海岸平野,all_land_use,He->Me,6,drop,0,2,0
watershed_x_landform,B_830305_25_LF_3030101,多摩川 / basin 25 / 氾濫平野・海岸平野,all_land_use,He->Me,6,new,1,2,0.5
watershed_x_landform,B_830305_25_LF_3030101,多摩川 / basin 25 / 氾濫平野・海岸平野,all_land_use,Jo->Ya,2,continue,0,1,0
watershed_x_landform,B_830305_25_LF_3030101,多摩川 / basin 25 / 氾濫平野・海岸平野,all_land_use,Jo->Ya,2,drop,1,1,1
watershed_x_landform,B_830305_25_LF_3030101,多摩川 / basin 25 / 氾濫平野・海岸平野,all_land_use,Jo->Ya,2,new,0,1,0
watershed_x_landform,B_830305_25_LF_3030101,多摩川 / basin 25 / 氾濫平野・海岸平野,all_land_use,Ko->Na,4,continue,1,1,1
watershed_x_landform,B_830305_25_LF_3030101,多摩川 / basin 25 / 氾濫平野・海岸平野,all_land_use,Ko->Na,4,drop,0,1,0
watershed_x_landform,B_830305_25_LF_3030101,多摩川 / basin 25 / 氾濫平野・海岸平野,all_land_use,Ko->Na,4,new,0,1,0
watershed_x_landform,B_830305_25_LF_3030101,多摩川 / basin 25 / 氾濫平野・海岸平野,all_land_use,Na->He,5,continue,1,1,1
watershed_x_landform,B_830305_25_LF_3030101,多摩川 / basin 25 / 氾濫平野・海岸平野,all_land_use,Na->He,5,drop,0,1,0
watershed_x_landform,B_830305_25_LF_3030101,多摩川 / basin 25 / 氾濫平野・海岸平野,all_land_use,Na->He,5,new,0,1,0
watershed_x_landform,B_830305_25_LF_3030101,多摩川 / basin 25 / 氾濫平野・海岸平野,all_land_use,Pa->Jo,1,continue,0,1,0
watershed_x_landform,B_830305_25_LF_3030101,多摩川 / basin 25 / 氾濫平野・海岸平野,all_land_use,Pa->Jo,1,drop,0,1,0
watershed_x_landform,B_830305_25_LF_3030101,多摩川 / basin 25 / 氾濫平野・海岸平野,all_land_use,Pa->Jo,1,new,1,1,1
watershed_x_landform,B_830305_25_LF_3030101,多摩川 / basin 25 / 氾濫平野・海岸平野,all_land_use,Ya->Ko,3,continue,0,1,0
watershed_x_landform,B_830305_25_LF_3030101,多摩川 / basin 25 / 氾濫平野・海岸平野,all_land_use,Ya->Ko,3,drop,0,1,0
watershed_x_landform,B_830305_25_LF_3030101,多摩川 / basin 25 / 氾濫平野・海岸平野,all_land_use,Ya->Ko,3,new,1,1,1
watershed_x_landform,B_830305_26_LF_10314,多摩川 / basin 26 / 台地・段丘,all_land_use,Pa->Jo,1,continue,0,1,0
watershed_x_landform,B_830305_26_LF_10314,多摩川 / basin 26 / 台地・段丘,all_land_use,Pa->Jo,1,drop,1,1,1
watershed_x_landform,B_830305_26_LF_10314,多摩川 / basin 26 / 台地・段丘,all_land_use,Pa->Jo,1,new,0,1,0
watershed_x_landform,B_830305_26_LF_10601,多摩川 / basin 26 / 凹地・浅い谷,all_land_use,Jo->Ya,2,continue,0,1,0
watershed_x_landform,B_830305_26_LF_10601,多摩川 / basin 26 / 凹地・浅い谷,all_land_use,Jo->Ya,2,drop,1,1,1
watershed_x_landform,B_830305_26_LF_10601,多摩川 / basin 26 / 凹地・浅い谷,all_land_use,Jo->Ya,2,new,0,1,0
watershed_x_landform,B_830305_26_LF_10601,多摩川 / basin 26 / 凹地・浅い谷,all_land_use,Pa->Jo,1,continue,1,1,1
watershed_x_landform,B_830305_26_LF_10601,多摩川 / basin 26 / 凹地・浅い谷,all_land_use,Pa->Jo,1,drop,0,1,0
watershed_x_landform,B_830305_26_LF_10601,多摩川 / basin 26 / 凹地・浅い谷,all_land_use,Pa->Jo,1,new,0,1,0
watershed_x_landform,B_830305_26_LF_2010101,多摩川 / basin 26 / 台地・段丘,all_land_use,He->Me,6,continue,0,3,0
watershed_x_landform,B_830305_26_LF_2010101,多摩川 / basin 26 / 台地・段丘,all_land_use,He->Me,6,drop,2,3,0.6666666666666666
watershed_x_landform,B_830305_26_LF_2010101,多摩川 / basin 26 / 台地・段丘,all_land_use,He->Me,6,new,1,3,0.3333333333333333
watershed_x_landform,B_830305_26_LF_2010101,多摩川 / basin 26 / 台地・段丘,all_land_use,Jo->Ya,2,continue,0,4,0
watershed_x_landform,B_830305_26_LF_2010101,多摩川 / basin 26 / 台地・段丘,all_land_use,Jo->Ya,2,drop,4,4,1
watershed_x_landform,B_830305_26_LF_2010101,多摩川 / basin 26 / 台地・段丘,all_land_use,Jo->Ya,2,new,0,4,0
watershed_x_landform,B_830305_26_LF_2010101,多摩川 / basin 26 / 台地・段丘,all_land_use,Ko->Na,4,continue,0,4,0
watershed_x_landform,B_830305_26_LF_2010101,多摩川 / basin 26 / 台地・段丘,all_land_use,Ko->Na,4,drop,2,4,0.5
watershed_x_landform,B_830305_26_LF_2010101,多摩川 / basin 26 / 台地・段丘,all_land_use,Ko->Na,4,new,2,4,0.5
watershed_x_landform,B_830305_26_LF_2010101,多摩川 / basin 26 / 台地・段丘,all_land_use,Na->He,5,continue,2,2,1
watershed_x_landform,B_830305_26_LF_2010101,多摩川 / basin 26 / 台地・段丘,all_land_use,Na->He,5,drop,0,2,0
watershed_x_landform,B_830305_26_LF_2010101,多摩川 / basin 26 / 台地・段丘,all_land_use,Na->He,5,new,0,2,0
watershed_x_landform,B_830305_26_LF_2010101,多摩川 / basin 26 / 台地・段丘,all_land_use,Pa->Jo,1,continue,0,4,0
watershed_x_landform,B_830305_26_LF_2010101,多摩川 / basin 26 / 台地・段丘,all_land_use,Pa->Jo,1,drop,0,4,0
watershed_x_landform,B_830305_26_LF_2010101,多摩川 / basin 26 / 台地・段丘,all_land_use,Pa->Jo,1,new,4,4,1
watershed_x_landform,B_830305_26_LF_2010101,多摩川 / basin 26 / 台地・段丘,all_land_use,Ya->Ko,3,continue,0,2,0
watershed_x_landform,B_830305_26_LF_2010101,多摩川 / basin 26 / 台地・段丘,all_land_use,Ya->Ko,3,drop,0,2,0
watershed_x_landform,B_830305_26_LF_2010101,多摩川 / basin 26 / 台地・段丘,all_land_use,Ya->Ko,3,new,2,2,1
watershed_x_landform,B_830305_26_LF_3030101,多摩川 / basin 26 / 氾濫平野・海岸平野,all_land_use,He->Me,6,continue,1,1,1
watershed_x_landform,B_830305_26_LF_3030101,多摩川 / basin 26 / 氾濫平野・海岸平野,all_land_use,He->Me,6,drop,0,1,0
watershed_x_landform,B_830305_26_LF_3030101,多摩川 / basin 26 / 氾濫平野・海岸平野,all_land_use,He->Me,6,new,0,1,0
watershed_x_landform,B_830305_26_LF_3030101,多摩川 / basin 26 / 氾濫平野・海岸平野,all_land_use,Jo->Ya,2,continue,0,1,0
watershed_x_landform,B_830305_26_LF_3030101,多摩川 / basin 26 / 氾濫平野・海岸平野,all_land_use,Jo->Ya,2,drop,1,1,1
watershed_x_landform,B_830305_26_LF_3030101,多摩川 / basin 26 / 氾濫平野・海岸平野,all_land_use,Jo->Ya,2,new,0,1,0
watershed_x_landform,B_830305_26_LF_3030101,多摩川 / basin 26 / 氾濫平野・海岸平野,all_land_use,Ko->Na,4,continue,0,1,0
watershed_x_landform,B_830305_26_LF_3030101,多摩川 / basin 26 / 氾濫平野・海岸平野,all_land_use,Ko->Na,4,drop,0,1,0
watershed_x_landform,B_830305_26_LF_3030101,多摩川 / basin 26 / 氾濫平野・海岸平野,all_land_use,Ko->Na,4,new,1,1,1
watershed_x_landform,B_830305_26_LF_3030101,多摩川 / basin 26 / 氾濫平野・海岸平野,all_land_use,Na->He,5,continue,1,1,1
watershed_x_landform,B_830305_26_LF_3030101,多摩川 / basin 26 / 氾濫平野・海岸平野,all_land_use,Na->He,5,drop,0,1,0
watershed_x_landform,B_830305_26_LF_3030101,多摩川 / basin 26 / 氾濫平野・海岸平野,all_land_use,Na->He,5,new,0,1,0
watershed_x_landform,B_830305_26_LF_3030101,多摩川 / basin 26 / 氾濫平野・海岸平野,all_land_use,Pa->Jo,1,continue,0,1,0
watershed_x_landform,B_830305_26_LF_3030101,多摩川 / basin 26 / 氾濫平野・海岸平野,all_land_use,Pa->Jo,1,drop,0,1,0
watershed_x_landform,B_830305_26_LF_3030101,多摩川 / basin 26 / 氾濫平野・海岸平野,all_land_use,Pa->Jo,1,new,1,1,1
watershed_x_landform,B_830305_27_LF_1010101,多摩川 / basin 27 / 山地斜面等,all_land_use,He->Me,6,continue,0,3,0
watershed_x_landform,B_830305_27_LF_1010101,多摩川 / basin 27 / 山地斜面等,all_land_use,He->Me,6,drop,0,3,0
watershed_x_landform,B_830305_27_LF_1010101,多摩川 / basin 27 / 山地斜面等,all_land_use,He->Me,6,new,3,3,1
watershed_x_landform,B_830305_27_LF_1010101,多摩川 / basin 27 / 山地斜面等,all_land_use,Pa->Jo,1,continue,0,1,0
watershed_x_landform,B_830305_27_LF_1010101,多摩川 / basin 27 / 山地斜面等,all_land_use,Pa->Jo,1,drop,1,1,1
watershed_x_landform,B_830305_27_LF_1010101,多摩川 / basin 27 / 山地斜面等,all_land_use,Pa->Jo,1,new,0,1,0
watershed_x_landform,B_830305_27_LF_2010101,多摩川 / basin 27 / 台地・段丘,all_land_use,He->Me,6,continue,4,7,0.5714285714285714
watershed_x_landform,B_830305_27_LF_2010101,多摩川 / basin 27 / 台地・段丘,all_land_use,He->Me,6,drop,1,7,0.14285714285714285
watershed_x_landform,B_830305_27_LF_2010101,多摩川 / basin 27 / 台地・段丘,all_land_use,He->Me,6,new,2,7,0.2857142857142857
watershed_x_landform,B_830305_27_LF_2010101,多摩川 / basin 27 / 台地・段丘,all_land_use,Jo->Ya,2,continue,2,5,0.4
watershed_x_landform,B_830305_27_LF_2010101,多摩川 / basin 27 / 台地・段丘,all_land_use,Jo->Ya,2,drop,3,5,0.6
watershed_x_landform,B_830305_27_LF_2010101,多摩川 / basin 27 / 台地・段丘,all_land_use,Jo->Ya,2,new,0,5,0
watershed_x_landform,B_830305_27_LF_2010101,多摩川 / basin 27 / 台地・段丘,all_land_use,Ko->Na,4,continue,2,7,0.2857142857142857
watershed_x_landform,B_830305_27_LF_2010101,多摩川 / basin 27 / 台地・段丘,all_land_use,Ko->Na,4,drop,4,7,0.5714285714285714
watershed_x_landform,B_830305_27_LF_2010101,多摩川 / basin 27 / 台地・段丘,all_land_use,Ko->Na,4,new,1,7,0.14285714285714285
watershed_x_landform,B_830305_27_LF_2010101,多摩川 / basin 27 / 台地・段丘,all_land_use,Na->He,5,continue,3,5,0.6
watershed_x_landform,B_830305_27_LF_2010101,多摩川 / basin 27 / 台地・段丘,all_land_use,Na->He,5,drop,0,5,0
watershed_x_landform,B_830305_27_LF_2010101,多摩川 / basin 27 / 台地・段丘,all_land_use,Na->He,5,new,2,5,0.4
watershed_x_landform,B_830305_27_LF_2010101,多摩川 / basin 27 / 台地・段丘,all_land_use,Pa->Jo,1,continue,1,6,0.16666666666666666
watershed_x_landform,B_830305_27_LF_2010101,多摩川 / basin 27 / 台地・段丘,all_land_use,Pa->Jo,1,drop,1,6,0.16666666666666666
watershed_x_landform,B_830305_27_LF_2010101,多摩川 / basin 27 / 台地・段丘,all_land_use,Pa->Jo,1,new,4,6,0.6666666666666666
watershed_x_landform,B_830305_27_LF_2010101,多摩川 / basin 27 / 台地・段丘,all_land_use,Ya->Ko,3,continue,2,6,0.3333333333333333
watershed_x_landform,B_830305_27_LF_2010101,多摩川 / basin 27 / 台地・段丘,all_land_use,Ya->Ko,3,drop,0,6,0
watershed_x_landform,B_830305_27_LF_2010101,多摩川 / basin 27 / 台地・段丘,all_land_use,Ya->Ko,3,new,4,6,0.6666666666666666
watershed_x_landform,B_830305_27_LF_2010201,多摩川 / basin 27 / 崖・段丘崖,all_land_use,He->Me,6,continue,0,1,0
watershed_x_landform,B_830305_27_LF_2010201,多摩川 / basin 27 / 崖・段丘崖,all_land_use,He->Me,6,drop,1,1,1
watershed_x_landform,B_830305_27_LF_2010201,多摩川 / basin 27 / 崖・段丘崖,all_land_use,He->Me,6,new,0,1,0
watershed_x_landform,B_830305_27_LF_2010201,多摩川 / basin 27 / 崖・段丘崖,all_land_use,Ko->Na,4,continue,3,6,0.5
watershed_x_landform,B_830305_27_LF_2010201,多摩川 / basin 27 / 崖・段丘崖,all_land_use,Ko->Na,4,drop,2,6,0.3333333333333333
watershed_x_landform,B_830305_27_LF_2010201,多摩川 / basin 27 / 崖・段丘崖,all_land_use,Ko->Na,4,new,1,6,0.16666666666666666
watershed_x_landform,B_830305_27_LF_2010201,多摩川 / basin 27 / 崖・段丘崖,all_land_use,Na->He,5,continue,1,4,0.25
watershed_x_landform,B_830305_27_LF_2010201,多摩川 / basin 27 / 崖・段丘崖,all_land_use,Na->He,5,drop,3,4,0.75
watershed_x_landform,B_830305_27_LF_2010201,多摩川 / basin 27 / 崖・段丘崖,all_land_use,Na->He,5,new,0,4,0
watershed_x_landform,B_830305_27_LF_2010201,多摩川 / basin 27 / 崖・段丘崖,all_land_use,Ya->Ko,3,continue,0,5,0
watershed_x_landform,B_830305_27_LF_2010201,多摩川 / basin 27 / 崖・段丘崖,all_land_use,Ya->Ko,3,drop,0,5,0
watershed_x_landform,B_830305_27_LF_2010201,多摩川 / basin 27 / 崖・段丘崖,all_land_use,Ya->Ko,3,new,5,5,1
watershed_x_landform,B_830305_27_LF_2010301,多摩川 / basin 27 / 凹地・浅い谷,all_land_use,He->Me,6,continue,2,2,1
watershed_x_landform,B_830305_27_LF_2010301,多摩川 / basin 27 / 凹地・浅い谷,all_land_use,He->Me,6,drop,0,2,0
watershed_x_landform,B_830305_27_LF_2010301,多摩川 / basin 27 / 凹地・浅い谷,all_land_use,He->Me,6,new,0,2,0
watershed_x_landform,B_830305_27_LF_2010301,多摩川 / basin 27 / 凹地・浅い谷,all_land_use,Jo->Ya,2,continue,0,1,0
watershed_x_landform,B_830305_27_LF_2010301,多摩川 / basin 27 / 凹地・浅い谷,all_land_use,Jo->Ya,2,drop,1,1,1
watershed_x_landform,B_830305_27_LF_2010301,多摩川 / basin 27 / 凹地・浅い谷,all_land_use,Jo->Ya,2,new,0,1,0
watershed_x_landform,B_830305_27_LF_2010301,多摩川 / basin 27 / 凹地・浅い谷,all_land_use,Ko->Na,4,continue,0,1,0
watershed_x_landform,B_830305_27_LF_2010301,多摩川 / basin 27 / 凹地・浅い谷,all_land_use,Ko->Na,4,drop,0,1,0
watershed_x_landform,B_830305_27_LF_2010301,多摩川 / basin 27 / 凹地・浅い谷,all_land_use,Ko->Na,4,new,1,1,1
watershed_x_landform,B_830305_27_LF_2010301,多摩川 / basin 27 / 凹地・浅い谷,all_land_use,Na->He,5,continue,1,2,0.5
watershed_x_landform,B_830305_27_LF_2010301,多摩川 / basin 27 / 凹地・浅い谷,all_land_use,Na->He,5,drop,0,2,0
watershed_x_landform,B_830305_27_LF_2010301,多摩川 / basin 27 / 凹地・浅い谷,all_land_use,Na->He,5,new,1,2,0.5
watershed_x_landform,B_830305_27_LF_2010301,多摩川 / basin 27 / 凹地・浅い谷,all_land_use,Pa->Jo,1,continue,1,1,1
watershed_x_landform,B_830305_27_LF_2010301,多摩川 / basin 27 / 凹地・浅い谷,all_land_use,Pa->Jo,1,drop,0,1,0
watershed_x_landform,B_830305_27_LF_2010301,多摩川 / basin 27 / 凹地・浅い谷,all_land_use,Pa->Jo,1,new,0,1,0
watershed_x_landform,B_830305_27_LF_3020101,多摩川 / basin 27 / 扇状地,all_land_use,He->Me,6,continue,1,1,1
watershed_x_landform,B_830305_27_LF_3020101,多摩川 / basin 27 / 扇状地,all_land_use,He->Me,6,drop,0,1,0
watershed_x_landform,B_830305_27_LF_3020101,多摩川 / basin 27 / 扇状地,all_land_use,He->Me,6,new,0,1,0
watershed_x_landform,B_830305_27_LF_3020101,多摩川 / basin 27 / 扇状地,all_land_use,Na->He,5,continue,0,1,0
watershed_x_landform,B_830305_27_LF_3020101,多摩川 / basin 27 / 扇状地,all_land_use,Na->He,5,drop,0,1,0
watershed_x_landform,B_830305_27_LF_3020101,多摩川 / basin 27 / 扇状地,all_land_use,Na->He,5,new,1,1,1
watershed_x_landform,B_830305_28_LF_10101,多摩川 / basin 28 / 山地斜面等,all_land_use,He->Me,6,continue,5,28,0.17857142857142858
watershed_x_landform,B_830305_28_LF_10101,多摩川 / basin 28 / 山地斜面等,all_land_use,He->Me,6,drop,21,28,0.75
watershed_x_landform,B_830305_28_LF_10101,多摩川 / basin 28 / 山地斜面等,all_land_use,He->Me,6,new,2,28,0.07142857142857142
watershed_x_landform,B_830305_28_LF_10101,多摩川 / basin 28 / 山地斜面等,all_land_use,Jo->Ya,2,continue,2,36,0.05555555555555555
watershed_x_landform,B_830305_28_LF_10101,多摩川 / basin 28 / 山地斜面等,all_land_use,Jo->Ya,2,drop,34,36,0.9444444444444444
watershed_x_landform,B_830305_28_LF_10101,多摩川 / basin 28 / 山地斜面等,all_land_use,Jo->Ya,2,new,0,36,0
watershed_x_landform,B_830305_28_LF_10101,多摩川 / basin 28 / 山地斜面等,all_land_use,Ko->Na,4,continue,5,22,0.22727272727272727
watershed_x_landform,B_830305_28_LF_10101,多摩川 / basin 28 / 山地斜面等,all_land_use,Ko->Na,4,drop,3,22,0.13636363636363635
watershed_x_landform,B_830305_28_LF_10101,多摩川 / basin 28 / 山地斜面等,all_land_use,Ko->Na,4,new,14,22,0.6363636363636364
watershed_x_landform,B_830305_28_LF_10101,多摩川 / basin 28 / 山地斜面等,all_land_use,Na->He,5,continue,19,26,0.7307692307692307
watershed_x_landform,B_830305_28_LF_10101,多摩川 / basin 28 / 山地斜面等,all_land_use,Na->He,5,drop,0,26,0
watershed_x_landform,B_830305_28_LF_10101,多摩川 / basin 28 / 山地斜面等,all_land_use,Na->He,5,new,7,26,0.2692307692307692
watershed_x_landform,B_830305_28_LF_10101,多摩川 / basin 28 / 山地斜面等,all_land_use,Pa->Jo,1,continue,2,36,0.05555555555555555
watershed_x_landform,B_830305_28_LF_10101,多摩川 / basin 28 / 山地斜面等,all_land_use,Pa->Jo,1,drop,0,36,0
watershed_x_landform,B_830305_28_LF_10101,多摩川 / basin 28 / 山地斜面等,all_land_use,Pa->Jo,1,new,34,36,0.9444444444444444
watershed_x_landform,B_830305_28_LF_10101,多摩川 / basin 28 / 山地斜面等,all_land_use,Ya->Ko,3,continue,2,8,0.25
watershed_x_landform,B_830305_28_LF_10101,多摩川 / basin 28 / 山地斜面等,all_land_use,Ya->Ko,3,drop,0,8,0
watershed_x_landform,B_830305_28_LF_10101,多摩川 / basin 28 / 山地斜面等,all_land_use,Ya->Ko,3,new,6,8,0.75
watershed_x_landform,B_830305_28_LF_1010101,多摩川 / basin 28 / 山地斜面等,all_land_use,He->Me,6,continue,25,112,0.22321428571428573
watershed_x_landform,B_830305_28_LF_1010101,多摩川 / basin 28 / 山地斜面等,all_land_use,He->Me,6,drop,78,112,0.6964285714285714
watershed_x_landform,B_830305_28_LF_1010101,多摩川 / basin 28 / 山地斜面等,all_land_use,He->Me,6,new,9,112,0.08035714285714286
watershed_x_landform,B_830305_28_LF_1010101,多摩川 / basin 28 / 山地斜面等,all_land_use,Jo->Ya,2,continue,4,115,0.034782608695652174
watershed_x_landform,B_830305_28_LF_1010101,多摩川 / basin 28 / 山地斜面等,all_land_use,Jo->Ya,2,drop,111,115,0.9652173913043478
watershed_x_landform,B_830305_28_LF_1010101,多摩川 / basin 28 / 山地斜面等,all_land_use,Jo->Ya,2,new,0,115,0
watershed_x_landform,B_830305_28_LF_1010101,多摩川 / basin 28 / 山地斜面等,all_land_use,Ko->Na,4,continue,8,83,0.0963855421686747
watershed_x_landform,B_830305_28_LF_1010101,多摩川 / basin 28 / 山地斜面等,all_land_use,Ko->Na,4,drop,2,83,0.024096385542168676
watershed_x_landform,B_830305_28_LF_1010101,多摩川 / basin 28 / 山地斜面等,all_land_use,Ko->Na,4,new,73,83,0.8795180722891566
watershed_x_landform,B_830305_28_LF_1010101,多摩川 / basin 28 / 山地斜面等,all_land_use,Na->He,5,continue,81,103,0.7864077669902912
watershed_x_landform,B_830305_28_LF_1010101,多摩川 / basin 28 / 山地斜面等,all_land_use,Na->He,5,drop,0,103,0
watershed_x_landform,B_830305_28_LF_1010101,多摩川 / basin 28 / 山地斜面等,all_land_use,Na->He,5,new,22,103,0.21359223300970873
watershed_x_landform,B_830305_28_LF_1010101,多摩川 / basin 28 / 山地斜面等,all_land_use,Pa->Jo,1,continue,17,115,0.14782608695652175
watershed_x_landform,B_830305_28_LF_1010101,多摩川 / basin 28 / 山地斜面等,all_land_use,Pa->Jo,1,drop,0,115,0
watershed_x_landform,B_830305_28_LF_1010101,多摩川 / basin 28 / 山地斜面等,all_land_use,Pa->Jo,1,new,98,115,0.8521739130434782
watershed_x_landform,B_830305_28_LF_1010101,多摩川 / basin 28 / 山地斜面等,all_land_use,Ya->Ko,3,continue,1,13,0.07692307692307693
watershed_x_landform,B_830305_28_LF_1010101,多摩川 / basin 28 / 山地斜面等,all_land_use,Ya->Ko,3,drop,3,13,0.23076923076923078
watershed_x_landform,B_830305_28_LF_1010101,多摩川 / basin 28 / 山地斜面等,all_land_use,Ya->Ko,3,new,9,13,0.6923076923076923
watershed_x_landform,B_830305_28_LF_10701,多摩川 / basin 28 / 氾濫平野・海岸平野,all_land_use,He->Me,6,continue,0,3,0
watershed_x_landform,B_830305_28_LF_10701,多摩川 / basin 28 / 氾濫平野・海岸平野,all_land_use,He->Me,6,drop,3,3,1
watershed_x_landform,B_830305_28_LF_10701,多摩川 / basin 28 / 氾濫平野・海岸平野,all_land_use,He->Me,6,new,0,3,0
watershed_x_landform,B_830305_28_LF_10701,多摩川 / basin 28 / 氾濫平野・海岸平野,all_land_use,Jo->Ya,2,continue,0,3,0
watershed_x_landform,B_830305_28_LF_10701,多摩川 / basin 28 / 氾濫平野・海岸平野,all_land_use,Jo->Ya,2,drop,3,3,1
watershed_x_landform,B_830305_28_LF_10701,多摩川 / basin 28 / 氾濫平野・海岸平野,all_land_use,Jo->Ya,2,new,0,3,0
watershed_x_landform,B_830305_28_LF_10701,多摩川 / basin 28 / 氾濫平野・海岸平野,all_land_use,Ko->Na,4,continue,0,3,0
watershed_x_landform,B_830305_28_LF_10701,多摩川 / basin 28 / 氾濫平野・海岸平野,all_land_use,Ko->Na,4,drop,0,3,0
watershed_x_landform,B_830305_28_LF_10701,多摩川 / basin 28 / 氾濫平野・海岸平野,all_land_use,Ko->Na,4,new,3,3,1
watershed_x_landform,B_830305_28_LF_10701,多摩川 / basin 28 / 氾濫平野・海岸平野,all_land_use,Na->He,5,continue,3,3,1
watershed_x_landform,B_830305_28_LF_10701,多摩川 / basin 28 / 氾濫平野・海岸平野,all_land_use,Na->He,5,drop,0,3,0
watershed_x_landform,B_830305_28_LF_10701,多摩川 / basin 28 / 氾濫平野・海岸平野,all_land_use,Na->He,5,new,0,3,0
watershed_x_landform,B_830305_28_LF_10701,多摩川 / basin 28 / 氾濫平野・海岸平野,all_land_use,Pa->Jo,1,continue,0,3,0
watershed_x_landform,B_830305_28_LF_10701,多摩川 / basin 28 / 氾濫平野・海岸平野,all_land_use,Pa->Jo,1,drop,0,3,0
watershed_x_landform,B_830305_28_LF_10701,多摩川 / basin 28 / 氾濫平野・海岸平野,all_land_use,Pa->Jo,1,new,3,3,1
watershed_x_landform,B_830305_28_LF_2010101,多摩川 / basin 28 / 台地・段丘,all_land_use,He->Me,6,continue,2,3,0.6666666666666666
watershed_x_landform,B_830305_28_LF_2010101,多摩川 / basin 28 / 台地・段丘,all_land_use,He->Me,6,drop,1,3,0.3333333333333333
watershed_x_landform,B_830305_28_LF_2010101,多摩川 / basin 28 / 台地・段丘,all_land_use,He->Me,6,new,0,3,0
watershed_x_landform,B_830305_28_LF_2010101,多摩川 / basin 28 / 台地・段丘,all_land_use,Jo->Ya,2,continue,1,3,0.3333333333333333
watershed_x_landform,B_830305_28_LF_2010101,多摩川 / basin 28 / 台地・段丘,all_land_use,Jo->Ya,2,drop,2,3,0.6666666666666666
watershed_x_landform,B_830305_28_LF_2010101,多摩川 / basin 28 / 台地・段丘,all_land_use,Jo->Ya,2,new,0,3,0
watershed_x_landform,B_830305_28_LF_2010101,多摩川 / basin 28 / 台地・段丘,all_land_use,Ko->Na,4,continue,2,3,0.6666666666666666
watershed_x_landform,B_830305_28_LF_2010101,多摩川 / basin 28 / 台地・段丘,all_land_use,Ko->Na,4,drop,0,3,0
watershed_x_landform,B_830305_28_LF_2010101,多摩川 / basin 28 / 台地・段丘,all_land_use,Ko->Na,4,new,1,3,0.3333333333333333
watershed_x_landform,B_830305_28_LF_2010101,多摩川 / basin 28 / 台地・段丘,all_land_use,Na->He,5,continue,3,3,1
watershed_x_landform,B_830305_28_LF_2010101,多摩川 / basin 28 / 台地・段丘,all_land_use,Na->He,5,drop,0,3,0
watershed_x_landform,B_830305_28_LF_2010101,多摩川 / basin 28 / 台地・段丘,all_land_use,Na->He,5,new,0,3,0
watershed_x_landform,B_830305_28_LF_2010101,多摩川 / basin 28 / 台地・段丘,all_land_use,Pa->Jo,1,continue,2,3,0.6666666666666666
watershed_x_landform,B_830305_28_LF_2010101,多摩川 / basin 28 / 台地・段丘,all_land_use,Pa->Jo,1,drop,0,3,0
watershed_x_landform,B_830305_28_LF_2010101,多摩川 / basin 28 / 台地・段丘,all_land_use,Pa->Jo,1,new,1,3,0.3333333333333333
watershed_x_landform,B_830305_28_LF_2010101,多摩川 / basin 28 / 台地・段丘,all_land_use,Ya->Ko,3,continue,1,2,0.5
watershed_x_landform,B_830305_28_LF_2010101,多摩川 / basin 28 / 台地・段丘,all_land_use,Ya->Ko,3,drop,0,2,0
watershed_x_landform,B_830305_28_LF_2010101,多摩川 / basin 28 / 台地・段丘,all_land_use,Ya->Ko,3,new,1,2,0.5
watershed_x_landform,B_830305_28_LF_3010101,多摩川 / basin 28 / 山麓堆積地形,all_land_use,He->Me,6,continue,5,6,0.8333333333333334
watershed_x_landform,B_830305_28_LF_3010101,多摩川 / basin 28 / 山麓堆積地形,all_land_use,He->Me,6,drop,1,6,0.16666666666666666
watershed_x_landform,B_830305_28_LF_3010101,多摩川 / basin 28 / 山麓堆積地形,all_land_use,He->Me,6,new,0,6,0
watershed_x_landform,B_830305_28_LF_3010101,多摩川 / basin 28 / 山麓堆積地形,all_land_use,Jo->Ya,2,continue,0,6,0
watershed_x_landform,B_830305_28_LF_3010101,多摩川 / basin 28 / 山麓堆積地形,all_land_use,Jo->Ya,2,drop,6,6,1
watershed_x_landform,B_830305_28_LF_3010101,多摩川 / basin 28 / 山麓堆積地形,all_land_use,Jo->Ya,2,new,0,6,0
watershed_x_landform,B_830305_28_LF_3010101,多摩川 / basin 28 / 山麓堆積地形,all_land_use,Ko->Na,4,continue,0,5,0
watershed_x_landform,B_830305_28_LF_3010101,多摩川 / basin 28 / 山麓堆積地形,all_land_use,Ko->Na,4,drop,0,5,0
watershed_x_landform,B_830305_28_LF_3010101,多摩川 / basin 28 / 山麓堆積地形,all_land_use,Ko->Na,4,new,5,5,1
watershed_x_landform,B_830305_28_LF_3010101,多摩川 / basin 28 / 山麓堆積地形,all_land_use,Na->He,5,continue,5,6,0.8333333333333334
watershed_x_landform,B_830305_28_LF_3010101,多摩川 / basin 28 / 山麓堆積地形,all_land_use,Na->He,5,drop,0,6,0
watershed_x_landform,B_830305_28_LF_3010101,多摩川 / basin 28 / 山麓堆積地形,all_land_use,Na->He,5,new,1,6,0.16666666666666666
watershed_x_landform,B_830305_28_LF_3010101,多摩川 / basin 28 / 山麓堆積地形,all_land_use,Pa->Jo,1,continue,1,6,0.16666666666666666
watershed_x_landform,B_830305_28_LF_3010101,多摩川 / basin 28 / 山麓堆積地形,all_land_use,Pa->Jo,1,drop,0,6,0
watershed_x_landform,B_830305_28_LF_3010101,多摩川 / basin 28 / 山麓堆積地形,all_land_use,Pa->Jo,1,new,5,6,0.8333333333333334
watershed_x_landform,B_830305_28_LF_3030101,多摩川 / basin 28 / 氾濫平野・海岸平野,all_land_use,He->Me,6,continue,6,16,0.375
watershed_x_landform,B_830305_28_LF_3030101,多摩川 / basin 28 / 氾濫平野・海岸平野,all_land_use,He->Me,6,drop,9,16,0.5625
watershed_x_landform,B_830305_28_LF_3030101,多摩川 / basin 28 / 氾濫平野・海岸平野,all_land_use,He->Me,6,new,1,16,0.0625
watershed_x_landform,B_830305_28_LF_3030101,多摩川 / basin 28 / 氾濫平野・海岸平野,all_land_use,Jo->Ya,2,continue,1,17,0.058823529411764705
watershed_x_landform,B_830305_28_LF_3030101,多摩川 / basin 28 / 氾濫平野・海岸平野,all_land_use,Jo->Ya,2,drop,16,17,0.9411764705882353
watershed_x_landform,B_830305_28_LF_3030101,多摩川 / basin 28 / 氾濫平野・海岸平野,all_land_use,Jo->Ya,2,new,0,17,0
watershed_x_landform,B_830305_28_LF_3030101,多摩川 / basin 28 / 氾濫平野・海岸平野,all_land_use,Ko->Na,4,continue,1,11,0.09090909090909091
watershed_x_landform,B_830305_28_LF_3030101,多摩川 / basin 28 / 氾濫平野・海岸平野,all_land_use,Ko->Na,4,drop,1,11,0.09090909090909091
watershed_x_landform,B_830305_28_LF_3030101,多摩川 / basin 28 / 氾濫平野・海岸平野,all_land_use,Ko->Na,4,new,9,11,0.8181818181818182
watershed_x_landform,B_830305_28_LF_3030101,多摩川 / basin 28 / 氾濫平野・海岸平野,all_land_use,Na->He,5,continue,10,15,0.6666666666666666
watershed_x_landform,B_830305_28_LF_3030101,多摩川 / basin 28 / 氾濫平野・海岸平野,all_land_use,Na->He,5,drop,0,15,0
watershed_x_landform,B_830305_28_LF_3030101,多摩川 / basin 28 / 氾濫平野・海岸平野,all_land_use,Na->He,5,new,5,15,0.3333333333333333
watershed_x_landform,B_830305_28_LF_3030101,多摩川 / basin 28 / 氾濫平野・海岸平野,all_land_use,Pa->Jo,1,continue,0,17,0
watershed_x_landform,B_830305_28_LF_3030101,多摩川 / basin 28 / 氾濫平野・海岸平野,all_land_use,Pa->Jo,1,drop,0,17,0
watershed_x_landform,B_830305_28_LF_3030101,多摩川 / basin 28 / 氾濫平野・海岸平野,all_land_use,Pa->Jo,1,new,17,17,1
watershed_x_landform,B_830305_28_LF_3030101,多摩川 / basin 28 / 氾濫平野・海岸平野,all_land_use,Ya->Ko,3,continue,0,3,0
watershed_x_landform,B_830305_28_LF_3030101,多摩川 / basin 28 / 氾濫平野・海岸平野,all_land_use,Ya->Ko,3,drop,1,3,0.3333333333333333
watershed_x_landform,B_830305_28_LF_3030101,多摩川 / basin 28 / 氾濫平野・海岸平野,all_land_use,Ya->Ko,3,new,2,3,0.6666666666666666
watershed_x_landform,B_830305_29_LF_2010101,多摩川 / basin 29 / 台地・段丘,all_land_use,He->Me,6,continue,1,1,1
watershed_x_landform,B_830305_29_LF_2010101,多摩川 / basin 29 / 台地・段丘,all_land_use,He->Me,6,drop,0,1,0
watershed_x_landform,B_830305_29_LF_2010101,多摩川 / basin 29 / 台地・段丘,all_land_use,He->Me,6,new,0,1,0
watershed_x_landform,B_830305_29_LF_2010101,多摩川 / basin 29 / 台地・段丘,all_land_use,Jo->Ya,2,continue,0,1,0
watershed_x_landform,B_830305_29_LF_2010101,多摩川 / basin 29 / 台地・段丘,all_land_use,Jo->Ya,2,drop,1,1,1
watershed_x_landform,B_830305_29_LF_2010101,多摩川 / basin 29 / 台地・段丘,all_land_use,Jo->Ya,2,new,0,1,0
watershed_x_landform,B_830305_29_LF_2010101,多摩川 / basin 29 / 台地・段丘,all_land_use,Ko->Na,4,continue,1,1,1
watershed_x_landform,B_830305_29_LF_2010101,多摩川 / basin 29 / 台地・段丘,all_land_use,Ko->Na,4,drop,0,1,0
watershed_x_landform,B_830305_29_LF_2010101,多摩川 / basin 29 / 台地・段丘,all_land_use,Ko->Na,4,new,0,1,0
watershed_x_landform,B_830305_29_LF_2010101,多摩川 / basin 29 / 台地・段丘,all_land_use,Na->He,5,continue,1,1,1
watershed_x_landform,B_830305_29_LF_2010101,多摩川 / basin 29 / 台地・段丘,all_land_use,Na->He,5,drop,0,1,0
watershed_x_landform,B_830305_29_LF_2010101,多摩川 / basin 29 / 台地・段丘,all_land_use,Na->He,5,new,0,1,0
watershed_x_landform,B_830305_29_LF_2010101,多摩川 / basin 29 / 台地・段丘,all_land_use,Pa->Jo,1,continue,0,1,0
watershed_x_landform,B_830305_29_LF_2010101,多摩川 / basin 29 / 台地・段丘,all_land_use,Pa->Jo,1,drop,0,1,0
watershed_x_landform,B_830305_29_LF_2010101,多摩川 / basin 29 / 台地・段丘,all_land_use,Pa->Jo,1,new,1,1,1
watershed_x_landform,B_830305_29_LF_2010101,多摩川 / basin 29 / 台地・段丘,all_land_use,Ya->Ko,3,continue,0,1,0
watershed_x_landform,B_830305_29_LF_2010101,多摩川 / basin 29 / 台地・段丘,all_land_use,Ya->Ko,3,drop,0,1,0
watershed_x_landform,B_830305_29_LF_2010101,多摩川 / basin 29 / 台地・段丘,all_land_use,Ya->Ko,3,new,1,1,1
watershed_x_landform,B_830305_2_LF_1010101,多摩川 / basin 2 / 山地斜面等,all_land_use,He->Me,6,continue,0,1,0
watershed_x_landform,B_830305_2_LF_1010101,多摩川 / basin 2 / 山地斜面等,all_land_use,He->Me,6,drop,0,1,0
watershed_x_landform,B_830305_2_LF_1010101,多摩川 / basin 2 / 山地斜面等,all_land_use,He->Me,6,new,1,1,1
watershed_x_landform,B_830305_2_LF_1010101,多摩川 / basin 2 / 山地斜面等,all_land_use,Jo->Ya,2,continue,1,2,0.5
watershed_x_landform,B_830305_2_LF_1010101,多摩川 / basin 2 / 山地斜面等,all_land_use,Jo->Ya,2,drop,0,2,0
watershed_x_landform,B_830305_2_LF_1010101,多摩川 / basin 2 / 山地斜面等,all_land_use,Jo->Ya,2,new,1,2,0.5
watershed_x_landform,B_830305_2_LF_1010101,多摩川 / basin 2 / 山地斜面等,all_land_use,Ko->Na,4,continue,5,10,0.5
watershed_x_landform,B_830305_2_LF_1010101,多摩川 / basin 2 / 山地斜面等,all_land_use,Ko->Na,4,drop,5,10,0.5
watershed_x_landform,B_830305_2_LF_1010101,多摩川 / basin 2 / 山地斜面等,all_land_use,Ko->Na,4,new,0,10,0
watershed_x_landform,B_830305_2_LF_1010101,多摩川 / basin 2 / 山地斜面等,all_land_use,Na->He,5,continue,0,5,0
watershed_x_landform,B_830305_2_LF_1010101,多摩川 / basin 2 / 山地斜面等,all_land_use,Na->He,5,drop,5,5,1
watershed_x_landform,B_830305_2_LF_1010101,多摩川 / basin 2 / 山地斜面等,all_land_use,Na->He,5,new,0,5,0
watershed_x_landform,B_830305_2_LF_1010101,多摩川 / basin 2 / 山地斜面等,all_land_use,Pa->Jo,1,continue,0,1,0
watershed_x_landform,B_830305_2_LF_1010101,多摩川 / basin 2 / 山地斜面等,all_land_use,Pa->Jo,1,drop,0,1,0
watershed_x_landform,B_830305_2_LF_1010101,多摩川 / basin 2 / 山地斜面等,all_land_use,Pa->Jo,1,new,1,1,1
watershed_x_landform,B_830305_2_LF_1010101,多摩川 / basin 2 / 山地斜面等,all_land_use,Ya->Ko,3,continue,1,11,0.09090909090909091
watershed_x_landform,B_830305_2_LF_1010101,多摩川 / basin 2 / 山地斜面等,all_land_use,Ya->Ko,3,drop,1,11,0.09090909090909091
watershed_x_landform,B_830305_2_LF_1010101,多摩川 / basin 2 / 山地斜面等,all_land_use,Ya->Ko,3,new,9,11,0.8181818181818182
watershed_x_landform,B_830305_2_LF_2010101,多摩川 / basin 2 / 台地・段丘,all_land_use,He->Me,6,continue,0,2,0
watershed_x_landform,B_830305_2_LF_2010101,多摩川 / basin 2 / 台地・段丘,all_land_use,He->Me,6,drop,0,2,0
watershed_x_landform,B_830305_2_LF_2010101,多摩川 / basin 2 / 台地・段丘,all_land_use,He->Me,6,new,2,2,1
watershed_x_landform,B_830305_2_LF_2010101,多摩川 / basin 2 / 台地・段丘,all_land_use,Jo->Ya,2,continue,4,11,0.36363636363636365
watershed_x_landform,B_830305_2_LF_2010101,多摩川 / basin 2 / 台地・段丘,all_land_use,Jo->Ya,2,drop,4,11,0.36363636363636365
watershed_x_landform,B_830305_2_LF_2010101,多摩川 / basin 2 / 台地・段丘,all_land_use,Jo->Ya,2,new,3,11,0.2727272727272727
watershed_x_landform,B_830305_2_LF_2010101,多摩川 / basin 2 / 台地・段丘,all_land_use,Ko->Na,4,continue,10,21,0.47619047619047616
watershed_x_landform,B_830305_2_LF_2010101,多摩川 / basin 2 / 台地・段丘,all_land_use,Ko->Na,4,drop,11,21,0.5238095238095238
watershed_x_landform,B_830305_2_LF_2010101,多摩川 / basin 2 / 台地・段丘,all_land_use,Ko->Na,4,new,0,21,0
watershed_x_landform,B_830305_2_LF_2010101,多摩川 / basin 2 / 台地・段丘,all_land_use,Na->He,5,continue,0,10,0
watershed_x_landform,B_830305_2_LF_2010101,多摩川 / basin 2 / 台地・段丘,all_land_use,Na->He,5,drop,10,10,1
watershed_x_landform,B_830305_2_LF_2010101,多摩川 / basin 2 / 台地・段丘,all_land_use,Na->He,5,new,0,10,0
watershed_x_landform,B_830305_2_LF_2010101,多摩川 / basin 2 / 台地・段丘,all_land_use,Pa->Jo,1,continue,1,8,0.125
watershed_x_landform,B_830305_2_LF_2010101,多摩川 / basin 2 / 台地・段丘,all_land_use,Pa->Jo,1,drop,0,8,0
watershed_x_landform,B_830305_2_LF_2010101,多摩川 / basin 2 / 台地・段丘,all_land_use,Pa->Jo,1,new,7,8,0.875
watershed_x_landform,B_830305_2_LF_2010101,多摩川 / basin 2 / 台地・段丘,all_land_use,Ya->Ko,3,continue,1,27,0.037037037037037035
watershed_x_landform,B_830305_2_LF_2010101,多摩川 / basin 2 / 台地・段丘,all_land_use,Ya->Ko,3,drop,6,27,0.2222222222222222
watershed_x_landform,B_830305_2_LF_2010101,多摩川 / basin 2 / 台地・段丘,all_land_use,Ya->Ko,3,new,20,27,0.7407407407407407
watershed_x_landform,B_830305_2_LF_2010201,多摩川 / basin 2 / 崖・段丘崖,all_land_use,Jo->Ya,2,continue,0,1,0
watershed_x_landform,B_830305_2_LF_2010201,多摩川 / basin 2 / 崖・段丘崖,all_land_use,Jo->Ya,2,drop,1,1,1
watershed_x_landform,B_830305_2_LF_2010201,多摩川 / basin 2 / 崖・段丘崖,all_land_use,Jo->Ya,2,new,0,1,0
watershed_x_landform,B_830305_2_LF_2010201,多摩川 / basin 2 / 崖・段丘崖,all_land_use,Ko->Na,4,continue,1,10,0.1
watershed_x_landform,B_830305_2_LF_2010201,多摩川 / basin 2 / 崖・段丘崖,all_land_use,Ko->Na,4,drop,9,10,0.9
watershed_x_landform,B_830305_2_LF_2010201,多摩川 / basin 2 / 崖・段丘崖,all_land_use,Ko->Na,4,new,0,10,0
watershed_x_landform,B_830305_2_LF_2010201,多摩川 / basin 2 / 崖・段丘崖,all_land_use,Na->He,5,continue,0,1,0
watershed_x_landform,B_830305_2_LF_2010201,多摩川 / basin 2 / 崖・段丘崖,all_land_use,Na->He,5,drop,1,1,1
watershed_x_landform,B_830305_2_LF_2010201,多摩川 / basin 2 / 崖・段丘崖,all_land_use,Na->He,5,new,0,1,0
watershed_x_landform,B_830305_2_LF_2010201,多摩川 / basin 2 / 崖・段丘崖,all_land_use,Pa->Jo,1,continue,0,1,0
watershed_x_landform,B_830305_2_LF_2010201,多摩川 / basin 2 / 崖・段丘崖,all_land_use,Pa->Jo,1,drop,0,1,0
watershed_x_landform,B_830305_2_LF_2010201,多摩川 / basin 2 / 崖・段丘崖,all_land_use,Pa->Jo,1,new,1,1,1
watershed_x_landform,B_830305_2_LF_2010201,多摩川 / basin 2 / 崖・段丘崖,all_land_use,Ya->Ko,3,continue,0,10,0
watershed_x_landform,B_830305_2_LF_2010201,多摩川 / basin 2 / 崖・段丘崖,all_land_use,Ya->Ko,3,drop,0,10,0
watershed_x_landform,B_830305_2_LF_2010201,多摩川 / basin 2 / 崖・段丘崖,all_land_use,Ya->Ko,3,new,10,10,1
watershed_x_landform,B_830305_2_LF_2010301,多摩川 / basin 2 / 凹地・浅い谷,all_land_use,Ko->Na,4,continue,1,1,1
watershed_x_landform,B_830305_2_LF_2010301,多摩川 / basin 2 / 凹地・浅い谷,all_land_use,Ko->Na,4,drop,0,1,0
watershed_x_landform,B_830305_2_LF_2010301,多摩川 / basin 2 / 凹地・浅い谷,all_land_use,Ko->Na,4,new,0,1,0
watershed_x_landform,B_830305_2_LF_2010301,多摩川 / basin 2 / 凹地・浅い谷,all_land_use,Na->He,5,continue,0,1,0
watershed_x_landform,B_830305_2_LF_2010301,多摩川 / basin 2 / 凹地・浅い谷,all_land_use,Na->He,5,drop,1,1,1
watershed_x_landform,B_830305_2_LF_2010301,多摩川 / basin 2 / 凹地・浅い谷,all_land_use,Na->He,5,new,0,1,0
watershed_x_landform,B_830305_2_LF_2010301,多摩川 / basin 2 / 凹地・浅い谷,all_land_use,Ya->Ko,3,continue,0,1,0
watershed_x_landform,B_830305_2_LF_2010301,多摩川 / basin 2 / 凹地・浅い谷,all_land_use,Ya->Ko,3,drop,0,1,0
watershed_x_landform,B_830305_2_LF_2010301,多摩川 / basin 2 / 凹地・浅い谷,all_land_use,Ya->Ko,3,new,1,1,1
watershed_x_landform,B_830305_2_LF_3030101,多摩川 / basin 2 / 氾濫平野・海岸平野,all_land_use,He->Me,6,continue,1,8,0.125
watershed_x_landform,B_830305_2_LF_3030101,多摩川 / basin 2 / 氾濫平野・海岸平野,all_land_use,He->Me,6,drop,4,8,0.5
watershed_x_landform,B_830305_2_LF_3030101,多摩川 / basin 2 / 氾濫平野・海岸平野,all_land_use,He->Me,6,new,3,8,0.375
watershed_x_landform,B_830305_2_LF_3030101,多摩川 / basin 2 / 氾濫平野・海岸平野,all_land_use,Ko->Na,4,continue,2,9,0.2222222222222222
watershed_x_landform,B_830305_2_LF_3030101,多摩川 / basin 2 / 氾濫平野・海岸平野,all_land_use,Ko->Na,4,drop,2,9,0.2222222222222222
watershed_x_landform,B_830305_2_LF_3030101,多摩川 / basin 2 / 氾濫平野・海岸平野,all_land_use,Ko->Na,4,new,5,9,0.5555555555555556
watershed_x_landform,B_830305_2_LF_3030101,多摩川 / basin 2 / 氾濫平野・海岸平野,all_land_use,Na->He,5,continue,5,7,0.7142857142857143
watershed_x_landform,B_830305_2_LF_3030101,多摩川 / basin 2 / 氾濫平野・海岸平野,all_land_use,Na->He,5,drop,2,7,0.2857142857142857
watershed_x_landform,B_830305_2_LF_3030101,多摩川 / basin 2 / 氾濫平野・海岸平野,all_land_use,Na->He,5,new,0,7,0
watershed_x_landform,B_830305_2_LF_3030101,多摩川 / basin 2 / 氾濫平野・海岸平野,all_land_use,Ya->Ko,3,continue,0,4,0
watershed_x_landform,B_830305_2_LF_3030101,多摩川 / basin 2 / 氾濫平野・海岸平野,all_land_use,Ya->Ko,3,drop,0,4,0
watershed_x_landform,B_830305_2_LF_3030101,多摩川 / basin 2 / 氾濫平野・海岸平野,all_land_use,Ya->Ko,3,new,4,4,1
watershed_x_landform,B_830305_2_LF_3040101,多摩川 / basin 2 / 自然堤防,all_land_use,He->Me,6,continue,0,1,0
watershed_x_landform,B_830305_2_LF_3040101,多摩川 / basin 2 / 自然堤防,all_land_use,He->Me,6,drop,0,1,0
watershed_x_landform,B_830305_2_LF_3040101,多摩川 / basin 2 / 自然堤防,all_land_use,He->Me,6,new,1,1,1
watershed_x_landform,B_830305_2_LF_3040101,多摩川 / basin 2 / 自然堤防,all_land_use,Ko->Na,4,continue,0,2,0
watershed_x_landform,B_830305_2_LF_3040101,多摩川 / basin 2 / 自然堤防,all_land_use,Ko->Na,4,drop,2,2,1
watershed_x_landform,B_830305_2_LF_3040101,多摩川 / basin 2 / 自然堤防,all_land_use,Ko->Na,4,new,0,2,0
watershed_x_landform,B_830305_2_LF_3040101,多摩川 / basin 2 / 自然堤防,all_land_use,Ya->Ko,3,continue,0,2,0
watershed_x_landform,B_830305_2_LF_3040101,多摩川 / basin 2 / 自然堤防,all_land_use,Ya->Ko,3,drop,0,2,0
watershed_x_landform,B_830305_2_LF_3040101,多摩川 / basin 2 / 自然堤防,all_land_use,Ya->Ko,3,new,2,2,1
watershed_x_landform,B_830305_2_LF_3040202,多摩川 / basin 2 / 旧河道,all_land_use,He->Me,6,continue,0,1,0
watershed_x_landform,B_830305_2_LF_3040202,多摩川 / basin 2 / 旧河道,all_land_use,He->Me,6,drop,0,1,0
watershed_x_landform,B_830305_2_LF_3040202,多摩川 / basin 2 / 旧河道,all_land_use,He->Me,6,new,1,1,1
watershed_x_landform,B_830305_2_LF_3050101,多摩川 / basin 2 / 砂州・砂丘,all_land_use,He->Me,6,continue,0,1,0
watershed_x_landform,B_830305_2_LF_3050101,多摩川 / basin 2 / 砂州・砂丘,all_land_use,He->Me,6,drop,0,1,0
watershed_x_landform,B_830305_2_LF_3050101,多摩川 / basin 2 / 砂州・砂丘,all_land_use,He->Me,6,new,1,1,1
watershed_x_landform,B_830305_30_LF_10101,多摩川 / basin 30 / 山地斜面等,all_land_use,He->Me,6,continue,18,105,0.17142857142857143
watershed_x_landform,B_830305_30_LF_10101,多摩川 / basin 30 / 山地斜面等,all_land_use,He->Me,6,drop,86,105,0.819047619047619
watershed_x_landform,B_830305_30_LF_10101,多摩川 / basin 30 / 山地斜面等,all_land_use,He->Me,6,new,1,105,0.009523809523809525
watershed_x_landform,B_830305_30_LF_10101,多摩川 / basin 30 / 山地斜面等,all_land_use,Jo->Ya,2,continue,7,87,0.08045977011494253
watershed_x_landform,B_830305_30_LF_10101,多摩川 / basin 30 / 山地斜面等,all_land_use,Jo->Ya,2,drop,78,87,0.896551724137931
watershed_x_landform,B_830305_30_LF_10101,多摩川 / basin 30 / 山地斜面等,all_land_use,Jo->Ya,2,new,2,87,0.022988505747126436
watershed_x_landform,B_830305_30_LF_10101,多摩川 / basin 30 / 山地斜面等,all_land_use,Ko->Na,4,continue,12,54,0.2222222222222222
watershed_x_landform,B_830305_30_LF_10101,多摩川 / basin 30 / 山地斜面等,all_land_use,Ko->Na,4,drop,7,54,0.12962962962962962
watershed_x_landform,B_830305_30_LF_10101,多摩川 / basin 30 / 山地斜面等,all_land_use,Ko->Na,4,new,35,54,0.6481481481481481
watershed_x_landform,B_830305_30_LF_10101,多摩川 / basin 30 / 山地斜面等,all_land_use,Na->He,5,continue,47,104,0.4519230769230769
watershed_x_landform,B_830305_30_LF_10101,多摩川 / basin 30 / 山地斜面等,all_land_use,Na->He,5,drop,0,104,0
watershed_x_landform,B_830305_30_LF_10101,多摩川 / basin 30 / 山地斜面等,all_land_use,Na->He,5,new,57,104,0.5480769230769231
watershed_x_landform,B_830305_30_LF_10101,多摩川 / basin 30 / 山地斜面等,all_land_use,Pa->Jo,1,continue,8,85,0.09411764705882353
watershed_x_landform,B_830305_30_LF_10101,多摩川 / basin 30 / 山地斜面等,all_land_use,Pa->Jo,1,drop,0,85,0
watershed_x_landform,B_830305_30_LF_10101,多摩川 / basin 30 / 山地斜面等,all_land_use,Pa->Jo,1,new,77,85,0.9058823529411765
watershed_x_landform,B_830305_30_LF_10101,多摩川 / basin 30 / 山地斜面等,all_land_use,Ya->Ko,3,continue,3,25,0.12
watershed_x_landform,B_830305_30_LF_10101,多摩川 / basin 30 / 山地斜面等,all_land_use,Ya->Ko,3,drop,6,25,0.24
watershed_x_landform,B_830305_30_LF_10101,多摩川 / basin 30 / 山地斜面等,all_land_use,Ya->Ko,3,new,16,25,0.64
watershed_x_landform,B_830305_30_LF_1010101,多摩川 / basin 30 / 山地斜面等,all_land_use,He->Me,6,continue,8,39,0.20512820512820512
watershed_x_landform,B_830305_30_LF_1010101,多摩川 / basin 30 / 山地斜面等,all_land_use,He->Me,6,drop,22,39,0.5641025641025641
watershed_x_landform,B_830305_30_LF_1010101,多摩川 / basin 30 / 山地斜面等,all_land_use,He->Me,6,new,9,39,0.23076923076923078
watershed_x_landform,B_830305_30_LF_1010101,多摩川 / basin 30 / 山地斜面等,all_land_use,Jo->Ya,2,continue,5,49,0.10204081632653061
watershed_x_landform,B_830305_30_LF_1010101,多摩川 / basin 30 / 山地斜面等,all_land_use,Jo->Ya,2,drop,44,49,0.8979591836734694
watershed_x_landform,B_830305_30_LF_1010101,多摩川 / basin 30 / 山地斜面等,all_land_use,Jo->Ya,2,new,0,49,0
watershed_x_landform,B_830305_30_LF_1010101,多摩川 / basin 30 / 山地斜面等,all_land_use,Ko->Na,4,continue,2,20,0.1
watershed_x_landform,B_830305_30_LF_1010101,多摩川 / basin 30 / 山地斜面等,all_land_use,Ko->Na,4,drop,2,20,0.1
watershed_x_landform,B_830305_30_LF_1010101,多摩川 / basin 30 / 山地斜面等,all_land_use,Ko->Na,4,new,16,20,0.8
watershed_x_landform,B_830305_30_LF_1010101,多摩川 / basin 30 / 山地斜面等,all_land_use,Na->He,5,continue,18,30,0.6
watershed_x_landform,B_830305_30_LF_1010101,多摩川 / basin 30 / 山地斜面等,all_land_use,Na->He,5,drop,0,30,0
watershed_x_landform,B_830305_30_LF_1010101,多摩川 / basin 30 / 山地斜面等,all_land_use,Na->He,5,new,12,30,0.4
watershed_x_landform,B_830305_30_LF_1010101,多摩川 / basin 30 / 山地斜面等,all_land_use,Pa->Jo,1,continue,11,49,0.22448979591836735
watershed_x_landform,B_830305_30_LF_1010101,多摩川 / basin 30 / 山地斜面等,all_land_use,Pa->Jo,1,drop,0,49,0
watershed_x_landform,B_830305_30_LF_1010101,多摩川 / basin 30 / 山地斜面等,all_land_use,Pa->Jo,1,new,38,49,0.7755102040816326
watershed_x_landform,B_830305_30_LF_1010101,多摩川 / basin 30 / 山地斜面等,all_land_use,Ya->Ko,3,continue,0,9,0
watershed_x_landform,B_830305_30_LF_1010101,多摩川 / basin 30 / 山地斜面等,all_land_use,Ya->Ko,3,drop,5,9,0.5555555555555556
watershed_x_landform,B_830305_30_LF_1010101,多摩川 / basin 30 / 山地斜面等,all_land_use,Ya->Ko,3,new,4,9,0.4444444444444444
watershed_x_landform,B_830305_30_LF_10305,多摩川 / basin 30 / 台地・段丘,all_land_use,He->Me,6,continue,1,3,0.3333333333333333
watershed_x_landform,B_830305_30_LF_10305,多摩川 / basin 30 / 台地・段丘,all_land_use,He->Me,6,drop,1,3,0.3333333333333333
watershed_x_landform,B_830305_30_LF_10305,多摩川 / basin 30 / 台地・段丘,all_land_use,He->Me,6,new,1,3,0.3333333333333333
watershed_x_landform,B_830305_30_LF_10305,多摩川 / basin 30 / 台地・段丘,all_land_use,Jo->Ya,2,continue,1,3,0.3333333333333333
watershed_x_landform,B_830305_30_LF_10305,多摩川 / basin 30 / 台地・段丘,all_land_use,Jo->Ya,2,drop,2,3,0.6666666666666666
watershed_x_landform,B_830305_30_LF_10305,多摩川 / basin 30 / 台地・段丘,all_land_use,Jo->Ya,2,new,0,3,0
watershed_x_landform,B_830305_30_LF_10305,多摩川 / basin 30 / 台地・段丘,all_land_use,Ko->Na,4,continue,0,2,0
watershed_x_landform,B_830305_30_LF_10305,多摩川 / basin 30 / 台地・段丘,all_land_use,Ko->Na,4,drop,0,2,0
watershed_x_landform,B_830305_30_LF_10305,多摩川 / basin 30 / 台地・段丘,all_land_use,Ko->Na,4,new,2,2,1
watershed_x_landform,B_830305_30_LF_10305,多摩川 / basin 30 / 台地・段丘,all_land_use,Na->He,5,continue,2,2,1
watershed_x_landform,B_830305_30_LF_10305,多摩川 / basin 30 / 台地・段丘,all_land_use,Na->He,5,drop,0,2,0
watershed_x_landform,B_830305_30_LF_10305,多摩川 / basin 30 / 台地・段丘,all_land_use,Na->He,5,new,0,2,0
watershed_x_landform,B_830305_30_LF_10305,多摩川 / basin 30 / 台地・段丘,all_land_use,Pa->Jo,1,continue,0,3,0
watershed_x_landform,B_830305_30_LF_10305,多摩川 / basin 30 / 台地・段丘,all_land_use,Pa->Jo,1,drop,0,3,0
watershed_x_landform,B_830305_30_LF_10305,多摩川 / basin 30 / 台地・段丘,all_land_use,Pa->Jo,1,new,3,3,1
watershed_x_landform,B_830305_30_LF_10305,多摩川 / basin 30 / 台地・段丘,all_land_use,Ya->Ko,3,continue,0,1,0
watershed_x_landform,B_830305_30_LF_10305,多摩川 / basin 30 / 台地・段丘,all_land_use,Ya->Ko,3,drop,1,1,1
watershed_x_landform,B_830305_30_LF_10305,多摩川 / basin 30 / 台地・段丘,all_land_use,Ya->Ko,3,new,0,1,0
watershed_x_landform,B_830305_30_LF_10314,多摩川 / basin 30 / 台地・段丘,all_land_use,He->Me,6,continue,1,2,0.5
watershed_x_landform,B_830305_30_LF_10314,多摩川 / basin 30 / 台地・段丘,all_land_use,He->Me,6,drop,1,2,0.5
watershed_x_landform,B_830305_30_LF_10314,多摩川 / basin 30 / 台地・段丘,all_land_use,He->Me,6,new,0,2,0
watershed_x_landform,B_830305_30_LF_10314,多摩川 / basin 30 / 台地・段丘,all_land_use,Jo->Ya,2,continue,0,3,0
watershed_x_landform,B_830305_30_LF_10314,多摩川 / basin 30 / 台地・段丘,all_land_use,Jo->Ya,2,drop,3,3,1
watershed_x_landform,B_830305_30_LF_10314,多摩川 / basin 30 / 台地・段丘,all_land_use,Jo->Ya,2,new,0,3,0
watershed_x_landform,B_830305_30_LF_10314,多摩川 / basin 30 / 台地・段丘,all_land_use,Ko->Na,4,continue,1,2,0.5
watershed_x_landform,B_830305_30_LF_10314,多摩川 / basin 30 / 台地・段丘,all_land_use,Ko->Na,4,drop,0,2,0
watershed_x_landform,B_830305_30_LF_10314,多摩川 / basin 30 / 台地・段丘,all_land_use,Ko->Na,4,new,1,2,0.5
watershed_x_landform,B_830305_30_LF_10314,多摩川 / basin 30 / 台地・段丘,all_land_use,Na->He,5,continue,2,2,1
watershed_x_landform,B_830305_30_LF_10314,多摩川 / basin 30 / 台地・段丘,all_land_use,Na->He,5,drop,0,2,0
watershed_x_landform,B_830305_30_LF_10314,多摩川 / basin 30 / 台地・段丘,all_land_use,Na->He,5,new,0,2,0
watershed_x_landform,B_830305_30_LF_10314,多摩川 / basin 30 / 台地・段丘,all_land_use,Pa->Jo,1,continue,3,3,1
watershed_x_landform,B_830305_30_LF_10314,多摩川 / basin 30 / 台地・段丘,all_land_use,Pa->Jo,1,drop,0,3,0
watershed_x_landform,B_830305_30_LF_10314,多摩川 / basin 30 / 台地・段丘,all_land_use,Pa->Jo,1,new,0,3,0
watershed_x_landform,B_830305_30_LF_10314,多摩川 / basin 30 / 台地・段丘,all_land_use,Ya->Ko,3,continue,0,1,0
watershed_x_landform,B_830305_30_LF_10314,多摩川 / basin 30 / 台地・段丘,all_land_use,Ya->Ko,3,drop,0,1,0
watershed_x_landform,B_830305_30_LF_10314,多摩川 / basin 30 / 台地・段丘,all_land_use,Ya->Ko,3,new,1,1,1
watershed_x_landform,B_830305_30_LF_10601,多摩川 / basin 30 / 凹地・浅い谷,all_land_use,He->Me,6,continue,0,1,0
watershed_x_landform,B_830305_30_LF_10601,多摩川 / basin 30 / 凹地・浅い谷,all_land_use,He->Me,6,drop,1,1,1
watershed_x_landform,B_830305_30_LF_10601,多摩川 / basin 30 / 凹地・浅い谷,all_land_use,He->Me,6,new,0,1,0
watershed_x_landform,B_830305_30_LF_10601,多摩川 / basin 30 / 凹地・浅い谷,all_land_use,Jo->Ya,2,continue,1,1,1
watershed_x_landform,B_830305_30_LF_10601,多摩川 / basin 30 / 凹地・浅い谷,all_land_use,Jo->Ya,2,drop,0,1,0
watershed_x_landform,B_830305_30_LF_10601,多摩川 / basin 30 / 凹地・浅い谷,all_land_use,Jo->Ya,2,new,0,1,0
watershed_x_landform,B_830305_30_LF_10601,多摩川 / basin 30 / 凹地・浅い谷,all_land_use,Na->He,5,continue,0,1,0
watershed_x_landform,B_830305_30_LF_10601,多摩川 / basin 30 / 凹地・浅い谷,all_land_use,Na->He,5,drop,0,1,0
watershed_x_landform,B_830305_30_LF_10601,多摩川 / basin 30 / 凹地・浅い谷,all_land_use,Na->He,5,new,1,1,1
watershed_x_landform,B_830305_30_LF_10601,多摩川 / basin 30 / 凹地・浅い谷,all_land_use,Pa->Jo,1,continue,0,1,0
watershed_x_landform,B_830305_30_LF_10601,多摩川 / basin 30 / 凹地・浅い谷,all_land_use,Pa->Jo,1,drop,0,1,0
watershed_x_landform,B_830305_30_LF_10601,多摩川 / basin 30 / 凹地・浅い谷,all_land_use,Pa->Jo,1,new,1,1,1
watershed_x_landform,B_830305_30_LF_10601,多摩川 / basin 30 / 凹地・浅い谷,all_land_use,Ya->Ko,3,continue,0,1,0
watershed_x_landform,B_830305_30_LF_10601,多摩川 / basin 30 / 凹地・浅い谷,all_land_use,Ya->Ko,3,drop,1,1,1
watershed_x_landform,B_830305_30_LF_10601,多摩川 / basin 30 / 凹地・浅い谷,all_land_use,Ya->Ko,3,new,0,1,0
watershed_x_landform,B_830305_30_LF_10701,多摩川 / basin 30 / 氾濫平野・海岸平野,all_land_use,He->Me,6,continue,1,9,0.1111111111111111
watershed_x_landform,B_830305_30_LF_10701,多摩川 / basin 30 / 氾濫平野・海岸平野,all_land_use,He->Me,6,drop,8,9,0.8888888888888888
watershed_x_landform,B_830305_30_LF_10701,多摩川 / basin 30 / 氾濫平野・海岸平野,all_land_use,He->Me,6,new,0,9,0
watershed_x_landform,B_830305_30_LF_10701,多摩川 / basin 30 / 氾濫平野・海岸平野,all_land_use,Jo->Ya,2,continue,0,7,0
watershed_x_landform,B_830305_30_LF_10701,多摩川 / basin 30 / 氾濫平野・海岸平野,all_land_use,Jo->Ya,2,drop,7,7,1
watershed_x_landform,B_830305_30_LF_10701,多摩川 / basin 30 / 氾濫平野・海岸平野,all_land_use,Jo->Ya,2,new,0,7,0
watershed_x_landform,B_830305_30_LF_10701,多摩川 / basin 30 / 氾濫平野・海岸平野,all_land_use,Ko->Na,4,continue,1,6,0.16666666666666666
watershed_x_landform,B_830305_30_LF_10701,多摩川 / basin 30 / 氾濫平野・海岸平野,all_land_use,Ko->Na,4,drop,0,6,0
watershed_x_landform,B_830305_30_LF_10701,多摩川 / basin 30 / 氾濫平野・海岸平野,all_land_use,Ko->Na,4,new,5,6,0.8333333333333334
watershed_x_landform,B_830305_30_LF_10701,多摩川 / basin 30 / 氾濫平野・海岸平野,all_land_use,Na->He,5,continue,5,10,0.5
watershed_x_landform,B_830305_30_LF_10701,多摩川 / basin 30 / 氾濫平野・海岸平野,all_land_use,Na->He,5,drop,1,10,0.1
watershed_x_landform,B_830305_30_LF_10701,多摩川 / basin 30 / 氾濫平野・海岸平野,all_land_use,Na->He,5,new,4,10,0.4
watershed_x_landform,B_830305_30_LF_10701,多摩川 / basin 30 / 氾濫平野・海岸平野,all_land_use,Pa->Jo,1,continue,1,7,0.14285714285714285
watershed_x_landform,B_830305_30_LF_10701,多摩川 / basin 30 / 氾濫平野・海岸平野,all_land_use,Pa->Jo,1,drop,0,7,0
watershed_x_landform,B_830305_30_LF_10701,多摩川 / basin 30 / 氾濫平野・海岸平野,all_land_use,Pa->Jo,1,new,6,7,0.8571428571428571
watershed_x_landform,B_830305_30_LF_10701,多摩川 / basin 30 / 氾濫平野・海岸平野,all_land_use,Ya->Ko,3,continue,0,1,0
watershed_x_landform,B_830305_30_LF_10701,多摩川 / basin 30 / 氾濫平野・海岸平野,all_land_use,Ya->Ko,3,drop,0,1,0
watershed_x_landform,B_830305_30_LF_10701,多摩川 / basin 30 / 氾濫平野・海岸平野,all_land_use,Ya->Ko,3,new,1,1,1
watershed_x_landform,B_830305_30_LF_2010101,多摩川 / basin 30 / 台地・段丘,all_land_use,He->Me,6,continue,4,5,0.8
watershed_x_landform,B_830305_30_LF_2010101,多摩川 / basin 30 / 台地・段丘,all_land_use,He->Me,6,drop,1,5,0.2
watershed_x_landform,B_830305_30_LF_2010101,多摩川 / basin 30 / 台地・段丘,all_land_use,He->Me,6,new,0,5,0
watershed_x_landform,B_830305_30_LF_2010101,多摩川 / basin 30 / 台地・段丘,all_land_use,Jo->Ya,2,continue,1,7,0.14285714285714285
watershed_x_landform,B_830305_30_LF_2010101,多摩川 / basin 30 / 台地・段丘,all_land_use,Jo->Ya,2,drop,6,7,0.8571428571428571
watershed_x_landform,B_830305_30_LF_2010101,多摩川 / basin 30 / 台地・段丘,all_land_use,Jo->Ya,2,new,0,7,0
watershed_x_landform,B_830305_30_LF_2010101,多摩川 / basin 30 / 台地・段丘,all_land_use,Ko->Na,4,continue,2,5,0.4
watershed_x_landform,B_830305_30_LF_2010101,多摩川 / basin 30 / 台地・段丘,all_land_use,Ko->Na,4,drop,0,5,0
watershed_x_landform,B_830305_30_LF_2010101,多摩川 / basin 30 / 台地・段丘,all_land_use,Ko->Na,4,new,3,5,0.6
watershed_x_landform,B_830305_30_LF_2010101,多摩川 / basin 30 / 台地・段丘,all_land_use,Na->He,5,continue,5,5,1
watershed_x_landform,B_830305_30_LF_2010101,多摩川 / basin 30 / 台地・段丘,all_land_use,Na->He,5,drop,0,5,0
watershed_x_landform,B_830305_30_LF_2010101,多摩川 / basin 30 / 台地・段丘,all_land_use,Na->He,5,new,0,5,0
watershed_x_landform,B_830305_30_LF_2010101,多摩川 / basin 30 / 台地・段丘,all_land_use,Pa->Jo,1,continue,5,7,0.7142857142857143
watershed_x_landform,B_830305_30_LF_2010101,多摩川 / basin 30 / 台地・段丘,all_land_use,Pa->Jo,1,drop,0,7,0
watershed_x_landform,B_830305_30_LF_2010101,多摩川 / basin 30 / 台地・段丘,all_land_use,Pa->Jo,1,new,2,7,0.2857142857142857
watershed_x_landform,B_830305_30_LF_2010101,多摩川 / basin 30 / 台地・段丘,all_land_use,Ya->Ko,3,continue,0,3,0
watershed_x_landform,B_830305_30_LF_2010101,多摩川 / basin 30 / 台地・段丘,all_land_use,Ya->Ko,3,drop,1,3,0.3333333333333333
watershed_x_landform,B_830305_30_LF_2010101,多摩川 / basin 30 / 台地・段丘,all_land_use,Ya->Ko,3,new,2,3,0.6666666666666666
watershed_x_landform,B_830305_30_LF_3010101,多摩川 / basin 30 / 山麓堆積地形,all_land_use,He->Me,6,continue,5,6,0.8333333333333334
watershed_x_landform,B_830305_30_LF_3010101,多摩川 / basin 30 / 山麓堆積地形,all_land_use,He->Me,6,drop,1,6,0.16666666666666666
watershed_x_landform,B_830305_30_LF_3010101,多摩川 / basin 30 / 山麓堆積地形,all_land_use,He->Me,6,new,0,6,0
watershed_x_landform,B_830305_30_LF_3010101,多摩川 / basin 30 / 山麓堆積地形,all_land_use,Jo->Ya,2,continue,0,5,0
watershed_x_landform,B_830305_30_LF_3010101,多摩川 / basin 30 / 山麓堆積地形,all_land_use,Jo->Ya,2,drop,5,5,1
watershed_x_landform,B_830305_30_LF_3010101,多摩川 / basin 30 / 山麓堆積地形,all_land_use,Jo->Ya,2,new,0,5,0
watershed_x_landform,B_830305_30_LF_3010101,多摩川 / basin 30 / 山麓堆積地形,all_land_use,Ko->Na,4,continue,0,4,0
watershed_x_landform,B_830305_30_LF_3010101,多摩川 / basin 30 / 山麓堆積地形,all_land_use,Ko->Na,4,drop,0,4,0
watershed_x_landform,B_830305_30_LF_3010101,多摩川 / basin 30 / 山麓堆積地形,all_land_use,Ko->Na,4,new,4,4,1
watershed_x_landform,B_830305_30_LF_3010101,多摩川 / basin 30 / 山麓堆積地形,all_land_use,Na->He,5,continue,4,6,0.6666666666666666
watershed_x_landform,B_830305_30_LF_3010101,多摩川 / basin 30 / 山麓堆積地形,all_land_use,Na->He,5,drop,0,6,0
watershed_x_landform,B_830305_30_LF_3010101,多摩川 / basin 30 / 山麓堆積地形,all_land_use,Na->He,5,new,2,6,0.3333333333333333
watershed_x_landform,B_830305_30_LF_3010101,多摩川 / basin 30 / 山麓堆積地形,all_land_use,Pa->Jo,1,continue,2,5,0.4
watershed_x_landform,B_830305_30_LF_3010101,多摩川 / basin 30 / 山麓堆積地形,all_land_use,Pa->Jo,1,drop,0,5,0
watershed_x_landform,B_830305_30_LF_3010101,多摩川 / basin 30 / 山麓堆積地形,all_land_use,Pa->Jo,1,new,3,5,0.6
watershed_x_landform,B_830305_30_LF_3030101,多摩川 / basin 30 / 氾濫平野・海岸平野,all_land_use,He->Me,6,continue,4,9,0.4444444444444444
watershed_x_landform,B_830305_30_LF_3030101,多摩川 / basin 30 / 氾濫平野・海岸平野,all_land_use,He->Me,6,drop,4,9,0.4444444444444444
watershed_x_landform,B_830305_30_LF_3030101,多摩川 / basin 30 / 氾濫平野・海岸平野,all_land_use,He->Me,6,new,1,9,0.1111111111111111
watershed_x_landform,B_830305_30_LF_3030101,多摩川 / basin 30 / 氾濫平野・海岸平野,all_land_use,Jo->Ya,2,continue,1,12,0.08333333333333333
watershed_x_landform,B_830305_30_LF_3030101,多摩川 / basin 30 / 氾濫平野・海岸平野,all_land_use,Jo->Ya,2,drop,11,12,0.9166666666666666
watershed_x_landform,B_830305_30_LF_3030101,多摩川 / basin 30 / 氾濫平野・海岸平野,all_land_use,Jo->Ya,2,new,0,12,0
watershed_x_landform,B_830305_30_LF_3030101,多摩川 / basin 30 / 氾濫平野・海岸平野,all_land_use,Ko->Na,4,continue,2,8,0.25
watershed_x_landform,B_830305_30_LF_3030101,多摩川 / basin 30 / 氾濫平野・海岸平野,all_land_use,Ko->Na,4,drop,0,8,0
watershed_x_landform,B_830305_30_LF_3030101,多摩川 / basin 30 / 氾濫平野・海岸平野,all_land_use,Ko->Na,4,new,6,8,0.75
watershed_x_landform,B_830305_30_LF_3030101,多摩川 / basin 30 / 氾濫平野・海岸平野,all_land_use,Na->He,5,continue,7,9,0.7777777777777778
watershed_x_landform,B_830305_30_LF_3030101,多摩川 / basin 30 / 氾濫平野・海岸平野,all_land_use,Na->He,5,drop,1,9,0.1111111111111111
watershed_x_landform,B_830305_30_LF_3030101,多摩川 / basin 30 / 氾濫平野・海岸平野,all_land_use,Na->He,5,new,1,9,0.1111111111111111
watershed_x_landform,B_830305_30_LF_3030101,多摩川 / basin 30 / 氾濫平野・海岸平野,all_land_use,Pa->Jo,1,continue,0,12,0
watershed_x_landform,B_830305_30_LF_3030101,多摩川 / basin 30 / 氾濫平野・海岸平野,all_land_use,Pa->Jo,1,drop,0,12,0
watershed_x_landform,B_830305_30_LF_3030101,多摩川 / basin 30 / 氾濫平野・海岸平野,all_land_use,Pa->Jo,1,new,12,12,1
watershed_x_landform,B_830305_30_LF_3030101,多摩川 / basin 30 / 氾濫平野・海岸平野,all_land_use,Ya->Ko,3,continue,1,2,0.5
watershed_x_landform,B_830305_30_LF_3030101,多摩川 / basin 30 / 氾濫平野・海岸平野,all_land_use,Ya->Ko,3,drop,0,2,0
watershed_x_landform,B_830305_30_LF_3030101,多摩川 / basin 30 / 氾濫平野・海岸平野,all_land_use,Ya->Ko,3,new,1,2,0.5
watershed_x_landform,B_830305_31_LF_2010101,多摩川 / basin 31 / 台地・段丘,all_land_use,He->Me,6,continue,0,2,0
watershed_x_landform,B_830305_31_LF_2010101,多摩川 / basin 31 / 台地・段丘,all_land_use,He->Me,6,drop,2,2,1
watershed_x_landform,B_830305_31_LF_2010101,多摩川 / basin 31 / 台地・段丘,all_land_use,He->Me,6,new,0,2,0
watershed_x_landform,B_830305_31_LF_2010101,多摩川 / basin 31 / 台地・段丘,all_land_use,Jo->Ya,2,continue,0,3,0
watershed_x_landform,B_830305_31_LF_2010101,多摩川 / basin 31 / 台地・段丘,all_land_use,Jo->Ya,2,drop,3,3,1
watershed_x_landform,B_830305_31_LF_2010101,多摩川 / basin 31 / 台地・段丘,all_land_use,Jo->Ya,2,new,0,3,0
watershed_x_landform,B_830305_31_LF_2010101,多摩川 / basin 31 / 台地・段丘,all_land_use,Ko->Na,4,continue,0,2,0
watershed_x_landform,B_830305_31_LF_2010101,多摩川 / basin 31 / 台地・段丘,all_land_use,Ko->Na,4,drop,1,2,0.5
watershed_x_landform,B_830305_31_LF_2010101,多摩川 / basin 31 / 台地・段丘,all_land_use,Ko->Na,4,new,1,2,0.5
watershed_x_landform,B_830305_31_LF_2010101,多摩川 / basin 31 / 台地・段丘,all_land_use,Na->He,5,continue,1,2,0.5
watershed_x_landform,B_830305_31_LF_2010101,多摩川 / basin 31 / 台地・段丘,all_land_use,Na->He,5,drop,0,2,0
watershed_x_landform,B_830305_31_LF_2010101,多摩川 / basin 31 / 台地・段丘,all_land_use,Na->He,5,new,1,2,0.5
watershed_x_landform,B_830305_31_LF_2010101,多摩川 / basin 31 / 台地・段丘,all_land_use,Pa->Jo,1,continue,0,3,0
watershed_x_landform,B_830305_31_LF_2010101,多摩川 / basin 31 / 台地・段丘,all_land_use,Pa->Jo,1,drop,0,3,0
watershed_x_landform,B_830305_31_LF_2010101,多摩川 / basin 31 / 台地・段丘,all_land_use,Pa->Jo,1,new,3,3,1
watershed_x_landform,B_830305_31_LF_2010101,多摩川 / basin 31 / 台地・段丘,all_land_use,Ya->Ko,3,continue,0,1,0
watershed_x_landform,B_830305_31_LF_2010101,多摩川 / basin 31 / 台地・段丘,all_land_use,Ya->Ko,3,drop,0,1,0
watershed_x_landform,B_830305_31_LF_2010101,多摩川 / basin 31 / 台地・段丘,all_land_use,Ya->Ko,3,new,1,1,1
watershed_x_landform,B_830305_32_LF_1010101,多摩川 / basin 32 / 山地斜面等,all_land_use,He->Me,6,continue,1,5,0.2
watershed_x_landform,B_830305_32_LF_1010101,多摩川 / basin 32 / 山地斜面等,all_land_use,He->Me,6,drop,4,5,0.8
watershed_x_landform,B_830305_32_LF_1010101,多摩川 / basin 32 / 山地斜面等,all_land_use,He->Me,6,new,0,5,0
watershed_x_landform,B_830305_32_LF_1010101,多摩川 / basin 32 / 山地斜面等,all_land_use,Jo->Ya,2,continue,1,5,0.2
watershed_x_landform,B_830305_32_LF_1010101,多摩川 / basin 32 / 山地斜面等,all_land_use,Jo->Ya,2,drop,4,5,0.8
watershed_x_landform,B_830305_32_LF_1010101,多摩川 / basin 32 / 山地斜面等,all_land_use,Jo->Ya,2,new,0,5,0
watershed_x_landform,B_830305_32_LF_1010101,多摩川 / basin 32 / 山地斜面等,all_land_use,Ko->Na,4,continue,0,2,0
watershed_x_landform,B_830305_32_LF_1010101,多摩川 / basin 32 / 山地斜面等,all_land_use,Ko->Na,4,drop,0,2,0
watershed_x_landform,B_830305_32_LF_1010101,多摩川 / basin 32 / 山地斜面等,all_land_use,Ko->Na,4,new,2,2,1
watershed_x_landform,B_830305_32_LF_1010101,多摩川 / basin 32 / 山地斜面等,all_land_use,Na->He,5,continue,2,5,0.4
watershed_x_landform,B_830305_32_LF_1010101,多摩川 / basin 32 / 山地斜面等,all_land_use,Na->He,5,drop,0,5,0
watershed_x_landform,B_830305_32_LF_1010101,多摩川 / basin 32 / 山地斜面等,all_land_use,Na->He,5,new,3,5,0.6
watershed_x_landform,B_830305_32_LF_1010101,多摩川 / basin 32 / 山地斜面等,all_land_use,Pa->Jo,1,continue,0,5,0
watershed_x_landform,B_830305_32_LF_1010101,多摩川 / basin 32 / 山地斜面等,all_land_use,Pa->Jo,1,drop,0,5,0
watershed_x_landform,B_830305_32_LF_1010101,多摩川 / basin 32 / 山地斜面等,all_land_use,Pa->Jo,1,new,5,5,1
watershed_x_landform,B_830305_32_LF_1010101,多摩川 / basin 32 / 山地斜面等,all_land_use,Ya->Ko,3,continue,0,1,0
watershed_x_landform,B_830305_32_LF_1010101,多摩川 / basin 32 / 山地斜面等,all_land_use,Ya->Ko,3,drop,1,1,1
watershed_x_landform,B_830305_32_LF_1010101,多摩川 / basin 32 / 山地斜面等,all_land_use,Ya->Ko,3,new,0,1,0
watershed_x_landform,B_830305_32_LF_2010101,多摩川 / basin 32 / 台地・段丘,all_land_use,He->Me,6,continue,0,1,0
watershed_x_landform,B_830305_32_LF_2010101,多摩川 / basin 32 / 台地・段丘,all_land_use,He->Me,6,drop,1,1,1
watershed_x_landform,B_830305_32_LF_2010101,多摩川 / basin 32 / 台地・段丘,all_land_use,He->Me,6,new,0,1,0
watershed_x_landform,B_830305_32_LF_2010101,多摩川 / basin 32 / 台地・段丘,all_land_use,Jo->Ya,2,continue,0,2,0
watershed_x_landform,B_830305_32_LF_2010101,多摩川 / basin 32 / 台地・段丘,all_land_use,Jo->Ya,2,drop,2,2,1
watershed_x_landform,B_830305_32_LF_2010101,多摩川 / basin 32 / 台地・段丘,all_land_use,Jo->Ya,2,new,0,2,0
watershed_x_landform,B_830305_32_LF_2010101,多摩川 / basin 32 / 台地・段丘,all_land_use,Na->He,5,continue,0,1,0
watershed_x_landform,B_830305_32_LF_2010101,多摩川 / basin 32 / 台地・段丘,all_land_use,Na->He,5,drop,0,1,0
watershed_x_landform,B_830305_32_LF_2010101,多摩川 / basin 32 / 台地・段丘,all_land_use,Na->He,5,new,1,1,1
watershed_x_landform,B_830305_32_LF_2010101,多摩川 / basin 32 / 台地・段丘,all_land_use,Pa->Jo,1,continue,0,2,0
watershed_x_landform,B_830305_32_LF_2010101,多摩川 / basin 32 / 台地・段丘,all_land_use,Pa->Jo,1,drop,0,2,0
watershed_x_landform,B_830305_32_LF_2010101,多摩川 / basin 32 / 台地・段丘,all_land_use,Pa->Jo,1,new,2,2,1
watershed_x_landform,B_830305_33_LF_1010101,多摩川 / basin 33 / 山地斜面等,all_land_use,He->Me,6,continue,0,5,0
watershed_x_landform,B_830305_33_LF_1010101,多摩川 / basin 33 / 山地斜面等,all_land_use,He->Me,6,drop,5,5,1
watershed_x_landform,B_830305_33_LF_1010101,多摩川 / basin 33 / 山地斜面等,all_land_use,He->Me,6,new,0,5,0
watershed_x_landform,B_830305_33_LF_1010101,多摩川 / basin 33 / 山地斜面等,all_land_use,Jo->Ya,2,continue,1,8,0.125
watershed_x_landform,B_830305_33_LF_1010101,多摩川 / basin 33 / 山地斜面等,all_land_use,Jo->Ya,2,drop,7,8,0.875
watershed_x_landform,B_830305_33_LF_1010101,多摩川 / basin 33 / 山地斜面等,all_land_use,Jo->Ya,2,new,0,8,0
watershed_x_landform,B_830305_33_LF_1010101,多摩川 / basin 33 / 山地斜面等,all_land_use,Ko->Na,4,continue,1,7,0.14285714285714285
watershed_x_landform,B_830305_33_LF_1010101,多摩川 / basin 33 / 山地斜面等,all_land_use,Ko->Na,4,drop,3,7,0.42857142857142855
watershed_x_landform,B_830305_33_LF_1010101,多摩川 / basin 33 / 山地斜面等,all_land_use,Ko->Na,4,new,3,7,0.42857142857142855
watershed_x_landform,B_830305_33_LF_1010101,多摩川 / basin 33 / 山地斜面等,all_land_use,Na->He,5,continue,4,5,0.8
watershed_x_landform,B_830305_33_LF_1010101,多摩川 / basin 33 / 山地斜面等,all_land_use,Na->He,5,drop,0,5,0
watershed_x_landform,B_830305_33_LF_1010101,多摩川 / basin 33 / 山地斜面等,all_land_use,Na->He,5,new,1,5,0.2
watershed_x_landform,B_830305_33_LF_1010101,多摩川 / basin 33 / 山地斜面等,all_land_use,Pa->Jo,1,continue,0,8,0
watershed_x_landform,B_830305_33_LF_1010101,多摩川 / basin 33 / 山地斜面等,all_land_use,Pa->Jo,1,drop,0,8,0
watershed_x_landform,B_830305_33_LF_1010101,多摩川 / basin 33 / 山地斜面等,all_land_use,Pa->Jo,1,new,8,8,1
watershed_x_landform,B_830305_33_LF_1010101,多摩川 / basin 33 / 山地斜面等,all_land_use,Ya->Ko,3,continue,1,4,0.25
watershed_x_landform,B_830305_33_LF_1010101,多摩川 / basin 33 / 山地斜面等,all_land_use,Ya->Ko,3,drop,0,4,0
watershed_x_landform,B_830305_33_LF_1010101,多摩川 / basin 33 / 山地斜面等,all_land_use,Ya->Ko,3,new,3,4,0.75
watershed_x_landform,B_830305_33_LF_2010101,多摩川 / basin 33 / 台地・段丘,all_land_use,He->Me,6,continue,1,16,0.0625
watershed_x_landform,B_830305_33_LF_2010101,多摩川 / basin 33 / 台地・段丘,all_land_use,He->Me,6,drop,15,16,0.9375
watershed_x_landform,B_830305_33_LF_2010101,多摩川 / basin 33 / 台地・段丘,all_land_use,He->Me,6,new,0,16,0
watershed_x_landform,B_830305_33_LF_2010101,多摩川 / basin 33 / 台地・段丘,all_land_use,Jo->Ya,2,continue,0,20,0
watershed_x_landform,B_830305_33_LF_2010101,多摩川 / basin 33 / 台地・段丘,all_land_use,Jo->Ya,2,drop,20,20,1
watershed_x_landform,B_830305_33_LF_2010101,多摩川 / basin 33 / 台地・段丘,all_land_use,Jo->Ya,2,new,0,20,0
watershed_x_landform,B_830305_33_LF_2010101,多摩川 / basin 33 / 台地・段丘,all_land_use,Ko->Na,4,continue,2,12,0.16666666666666666
watershed_x_landform,B_830305_33_LF_2010101,多摩川 / basin 33 / 台地・段丘,all_land_use,Ko->Na,4,drop,4,12,0.3333333333333333
watershed_x_landform,B_830305_33_LF_2010101,多摩川 / basin 33 / 台地・段丘,all_land_use,Ko->Na,4,new,6,12,0.5
watershed_x_landform,B_830305_33_LF_2010101,多摩川 / basin 33 / 台地・段丘,all_land_use,Na->He,5,continue,5,19,0.2631578947368421
watershed_x_landform,B_830305_33_LF_2010101,多摩川 / basin 33 / 台地・段丘,all_land_use,Na->He,5,drop,3,19,0.15789473684210525
watershed_x_landform,B_830305_33_LF_2010101,多摩川 / basin 33 / 台地・段丘,all_land_use,Na->He,5,new,11,19,0.5789473684210527
watershed_x_landform,B_830305_33_LF_2010101,多摩川 / basin 33 / 台地・段丘,all_land_use,Pa->Jo,1,continue,2,20,0.1
watershed_x_landform,B_830305_33_LF_2010101,多摩川 / basin 33 / 台地・段丘,all_land_use,Pa->Jo,1,drop,0,20,0
watershed_x_landform,B_830305_33_LF_2010101,多摩川 / basin 33 / 台地・段丘,all_land_use,Pa->Jo,1,new,18,20,0.9
watershed_x_landform,B_830305_33_LF_2010101,多摩川 / basin 33 / 台地・段丘,all_land_use,Ya->Ko,3,continue,0,6,0
watershed_x_landform,B_830305_33_LF_2010101,多摩川 / basin 33 / 台地・段丘,all_land_use,Ya->Ko,3,drop,0,6,0
watershed_x_landform,B_830305_33_LF_2010101,多摩川 / basin 33 / 台地・段丘,all_land_use,Ya->Ko,3,new,6,6,1
watershed_x_landform,B_830305_33_LF_2010301,多摩川 / basin 33 / 凹地・浅い谷,all_land_use,He->Me,6,continue,0,2,0
watershed_x_landform,B_830305_33_LF_2010301,多摩川 / basin 33 / 凹地・浅い谷,all_land_use,He->Me,6,drop,1,2,0.5
watershed_x_landform,B_830305_33_LF_2010301,多摩川 / basin 33 / 凹地・浅い谷,all_land_use,He->Me,6,new,1,2,0.5
watershed_x_landform,B_830305_33_LF_2010301,多摩川 / basin 33 / 凹地・浅い谷,all_land_use,Jo->Ya,2,continue,0,2,0
watershed_x_landform,B_830305_33_LF_2010301,多摩川 / basin 33 / 凹地・浅い谷,all_land_use,Jo->Ya,2,drop,2,2,1
watershed_x_landform,B_830305_33_LF_2010301,多摩川 / basin 33 / 凹地・浅い谷,all_land_use,Jo->Ya,2,new,0,2,0
watershed_x_landform,B_830305_33_LF_2010301,多摩川 / basin 33 / 凹地・浅い谷,all_land_use,Ko->Na,4,continue,0,1,0
watershed_x_landform,B_830305_33_LF_2010301,多摩川 / basin 33 / 凹地・浅い谷,all_land_use,Ko->Na,4,drop,0,1,0
watershed_x_landform,B_830305_33_LF_2010301,多摩川 / basin 33 / 凹地・浅い谷,all_land_use,Ko->Na,4,new,1,1,1
watershed_x_landform,B_830305_33_LF_2010301,多摩川 / basin 33 / 凹地・浅い谷,all_land_use,Na->He,5,continue,1,1,1
watershed_x_landform,B_830305_33_LF_2010301,多摩川 / basin 33 / 凹地・浅い谷,all_land_use,Na->He,5,drop,0,1,0
watershed_x_landform,B_830305_33_LF_2010301,多摩川 / basin 33 / 凹地・浅い谷,all_land_use,Na->He,5,new,0,1,0
watershed_x_landform,B_830305_33_LF_2010301,多摩川 / basin 33 / 凹地・浅い谷,all_land_use,Pa->Jo,1,continue,0,2,0
watershed_x_landform,B_830305_33_LF_2010301,多摩川 / basin 33 / 凹地・浅い谷,all_land_use,Pa->Jo,1,drop,0,2,0
watershed_x_landform,B_830305_33_LF_2010301,多摩川 / basin 33 / 凹地・浅い谷,all_land_use,Pa->Jo,1,new,2,2,1
watershed_x_landform,B_830305_33_LF_3030101,多摩川 / basin 33 / 氾濫平野・海岸平野,all_land_use,He->Me,6,continue,1,3,0.3333333333333333
watershed_x_landform,B_830305_33_LF_3030101,多摩川 / basin 33 / 氾濫平野・海岸平野,all_land_use,He->Me,6,drop,2,3,0.6666666666666666
watershed_x_landform,B_830305_33_LF_3030101,多摩川 / basin 33 / 氾濫平野・海岸平野,all_land_use,He->Me,6,new,0,3,0
watershed_x_landform,B_830305_33_LF_3030101,多摩川 / basin 33 / 氾濫平野・海岸平野,all_land_use,Jo->Ya,2,continue,0,1,0
watershed_x_landform,B_830305_33_LF_3030101,多摩川 / basin 33 / 氾濫平野・海岸平野,all_land_use,Jo->Ya,2,drop,1,1,1
watershed_x_landform,B_830305_33_LF_3030101,多摩川 / basin 33 / 氾濫平野・海岸平野,all_land_use,Jo->Ya,2,new,0,1,0
watershed_x_landform,B_830305_33_LF_3030101,多摩川 / basin 33 / 氾濫平野・海岸平野,all_land_use,Ko->Na,4,continue,0,2,0
watershed_x_landform,B_830305_33_LF_3030101,多摩川 / basin 33 / 氾濫平野・海岸平野,all_land_use,Ko->Na,4,drop,0,2,0
watershed_x_landform,B_830305_33_LF_3030101,多摩川 / basin 33 / 氾濫平野・海岸平野,all_land_use,Ko->Na,4,new,2,2,1
watershed_x_landform,B_830305_33_LF_3030101,多摩川 / basin 33 / 氾濫平野・海岸平野,all_land_use,Na->He,5,continue,2,3,0.6666666666666666
watershed_x_landform,B_830305_33_LF_3030101,多摩川 / basin 33 / 氾濫平野・海岸平野,all_land_use,Na->He,5,drop,0,3,0
watershed_x_landform,B_830305_33_LF_3030101,多摩川 / basin 33 / 氾濫平野・海岸平野,all_land_use,Na->He,5,new,1,3,0.3333333333333333
watershed_x_landform,B_830305_33_LF_3030101,多摩川 / basin 33 / 氾濫平野・海岸平野,all_land_use,Pa->Jo,1,continue,0,1,0
watershed_x_landform,B_830305_33_LF_3030101,多摩川 / basin 33 / 氾濫平野・海岸平野,all_land_use,Pa->Jo,1,drop,0,1,0
watershed_x_landform,B_830305_33_LF_3030101,多摩川 / basin 33 / 氾濫平野・海岸平野,all_land_use,Pa->Jo,1,new,1,1,1
watershed_x_landform,B_830305_34_LF_10101,多摩川 / basin 34 / 山地斜面等,all_land_use,He->Me,6,continue,0,3,0
watershed_x_landform,B_830305_34_LF_10101,多摩川 / basin 34 / 山地斜面等,all_land_use,He->Me,6,drop,1,3,0.3333333333333333
watershed_x_landform,B_830305_34_LF_10101,多摩川 / basin 34 / 山地斜面等,all_land_use,He->Me,6,new,2,3,0.6666666666666666
watershed_x_landform,B_830305_34_LF_10101,多摩川 / basin 34 / 山地斜面等,all_land_use,Jo->Ya,2,continue,0,13,0
watershed_x_landform,B_830305_34_LF_10101,多摩川 / basin 34 / 山地斜面等,all_land_use,Jo->Ya,2,drop,13,13,1
watershed_x_landform,B_830305_34_LF_10101,多摩川 / basin 34 / 山地斜面等,all_land_use,Jo->Ya,2,new,0,13,0
watershed_x_landform,B_830305_34_LF_10101,多摩川 / basin 34 / 山地斜面等,all_land_use,Ko->Na,4,continue,1,5,0.2
watershed_x_landform,B_830305_34_LF_10101,多摩川 / basin 34 / 山地斜面等,all_land_use,Ko->Na,4,drop,2,5,0.4
watershed_x_landform,B_830305_34_LF_10101,多摩川 / basin 34 / 山地斜面等,all_land_use,Ko->Na,4,new,2,5,0.4
watershed_x_landform,B_830305_34_LF_10101,多摩川 / basin 34 / 山地斜面等,all_land_use,Na->He,5,continue,1,3,0.3333333333333333
watershed_x_landform,B_830305_34_LF_10101,多摩川 / basin 34 / 山地斜面等,all_land_use,Na->He,5,drop,2,3,0.6666666666666666
watershed_x_landform,B_830305_34_LF_10101,多摩川 / basin 34 / 山地斜面等,all_land_use,Na->He,5,new,0,3,0
watershed_x_landform,B_830305_34_LF_10101,多摩川 / basin 34 / 山地斜面等,all_land_use,Pa->Jo,1,continue,1,13,0.07692307692307693
watershed_x_landform,B_830305_34_LF_10101,多摩川 / basin 34 / 山地斜面等,all_land_use,Pa->Jo,1,drop,0,13,0
watershed_x_landform,B_830305_34_LF_10101,多摩川 / basin 34 / 山地斜面等,all_land_use,Pa->Jo,1,new,12,13,0.9230769230769231
watershed_x_landform,B_830305_34_LF_10101,多摩川 / basin 34 / 山地斜面等,all_land_use,Ya->Ko,3,continue,0,3,0
watershed_x_landform,B_830305_34_LF_10101,多摩川 / basin 34 / 山地斜面等,all_land_use,Ya->Ko,3,drop,0,3,0
watershed_x_landform,B_830305_34_LF_10101,多摩川 / basin 34 / 山地斜面等,all_land_use,Ya->Ko,3,new,3,3,1
watershed_x_landform,B_830305_34_LF_10314,多摩川 / basin 34 / 台地・段丘,all_land_use,He->Me,6,continue,1,3,0.3333333333333333
watershed_x_landform,B_830305_34_LF_10314,多摩川 / basin 34 / 台地・段丘,all_land_use,He->Me,6,drop,1,3,0.3333333333333333
watershed_x_landform,B_830305_34_LF_10314,多摩川 / basin 34 / 台地・段丘,all_land_use,He->Me,6,new,1,3,0.3333333333333333
watershed_x_landform,B_830305_34_LF_10314,多摩川 / basin 34 / 台地・段丘,all_land_use,Jo->Ya,2,continue,0,10,0
watershed_x_landform,B_830305_34_LF_10314,多摩川 / basin 34 / 台地・段丘,all_land_use,Jo->Ya,2,drop,10,10,1
watershed_x_landform,B_830305_34_LF_10314,多摩川 / basin 34 / 台地・段丘,all_land_use,Jo->Ya,2,new,0,10,0
watershed_x_landform,B_830305_34_LF_10314,多摩川 / basin 34 / 台地・段丘,all_land_use,Ko->Na,4,continue,0,2,0
watershed_x_landform,B_830305_34_LF_10314,多摩川 / basin 34 / 台地・段丘,all_land_use,Ko->Na,4,drop,2,2,1
watershed_x_landform,B_830305_34_LF_10314,多摩川 / basin 34 / 台地・段丘,all_land_use,Ko->Na,4,new,0,2,0
watershed_x_landform,B_830305_34_LF_10314,多摩川 / basin 34 / 台地・段丘,all_land_use,Na->He,5,continue,0,2,0
watershed_x_landform,B_830305_34_LF_10314,多摩川 / basin 34 / 台地・段丘,all_land_use,Na->He,5,drop,0,2,0
watershed_x_landform,B_830305_34_LF_10314,多摩川 / basin 34 / 台地・段丘,all_land_use,Na->He,5,new,2,2,1
watershed_x_landform,B_830305_34_LF_10314,多摩川 / basin 34 / 台地・段丘,all_land_use,Pa->Jo,1,continue,2,13,0.15384615384615385
watershed_x_landform,B_830305_34_LF_10314,多摩川 / basin 34 / 台地・段丘,all_land_use,Pa->Jo,1,drop,3,13,0.23076923076923078
watershed_x_landform,B_830305_34_LF_10314,多摩川 / basin 34 / 台地・段丘,all_land_use,Pa->Jo,1,new,8,13,0.6153846153846154
watershed_x_landform,B_830305_34_LF_10314,多摩川 / basin 34 / 台地・段丘,all_land_use,Ya->Ko,3,continue,0,2,0
watershed_x_landform,B_830305_34_LF_10314,多摩川 / basin 34 / 台地・段丘,all_land_use,Ya->Ko,3,drop,0,2,0
watershed_x_landform,B_830305_34_LF_10314,多摩川 / basin 34 / 台地・段丘,all_land_use,Ya->Ko,3,new,2,2,1
watershed_x_landform,B_830305_34_LF_10601,多摩川 / basin 34 / 凹地・浅い谷,all_land_use,He->Me,6,continue,0,1,0
watershed_x_landform,B_830305_34_LF_10601,多摩川 / basin 34 / 凹地・浅い谷,all_land_use,He->Me,6,drop,1,1,1
watershed_x_landform,B_830305_34_LF_10601,多摩川 / basin 34 / 凹地・浅い谷,all_land_use,He->Me,6,new,0,1,0
watershed_x_landform,B_830305_34_LF_10601,多摩川 / basin 34 / 凹地・浅い谷,all_land_use,Jo->Ya,2,continue,1,2,0.5
watershed_x_landform,B_830305_34_LF_10601,多摩川 / basin 34 / 凹地・浅い谷,all_land_use,Jo->Ya,2,drop,1,2,0.5
watershed_x_landform,B_830305_34_LF_10601,多摩川 / basin 34 / 凹地・浅い谷,all_land_use,Jo->Ya,2,new,0,2,0
watershed_x_landform,B_830305_34_LF_10601,多摩川 / basin 34 / 凹地・浅い谷,all_land_use,Ko->Na,4,continue,0,1,0
watershed_x_landform,B_830305_34_LF_10601,多摩川 / basin 34 / 凹地・浅い谷,all_land_use,Ko->Na,4,drop,1,1,1
watershed_x_landform,B_830305_34_LF_10601,多摩川 / basin 34 / 凹地・浅い谷,all_land_use,Ko->Na,4,new,0,1,0
watershed_x_landform,B_830305_34_LF_10601,多摩川 / basin 34 / 凹地・浅い谷,all_land_use,Na->He,5,continue,0,1,0
watershed_x_landform,B_830305_34_LF_10601,多摩川 / basin 34 / 凹地・浅い谷,all_land_use,Na->He,5,drop,0,1,0
watershed_x_landform,B_830305_34_LF_10601,多摩川 / basin 34 / 凹地・浅い谷,all_land_use,Na->He,5,new,1,1,1
watershed_x_landform,B_830305_34_LF_10601,多摩川 / basin 34 / 凹地・浅い谷,all_land_use,Pa->Jo,1,continue,1,3,0.3333333333333333
watershed_x_landform,B_830305_34_LF_10601,多摩川 / basin 34 / 凹地・浅い谷,all_land_use,Pa->Jo,1,drop,1,3,0.3333333333333333
watershed_x_landform,B_830305_34_LF_10601,多摩川 / basin 34 / 凹地・浅い谷,all_land_use,Pa->Jo,1,new,1,3,0.3333333333333333
watershed_x_landform,B_830305_34_LF_10601,多摩川 / basin 34 / 凹地・浅い谷,all_land_use,Ya->Ko,3,continue,1,1,1
watershed_x_landform,B_830305_34_LF_10601,多摩川 / basin 34 / 凹地・浅い谷,all_land_use,Ya->Ko,3,drop,0,1,0
watershed_x_landform,B_830305_34_LF_10601,多摩川 / basin 34 / 凹地・浅い谷,all_land_use,Ya->Ko,3,new,0,1,0
watershed_x_landform,B_830305_34_LF_10701,多摩川 / basin 34 / 氾濫平野・海岸平野,all_land_use,He->Me,6,continue,0,1,0
watershed_x_landform,B_830305_34_LF_10701,多摩川 / basin 34 / 氾濫平野・海岸平野,all_land_use,He->Me,6,drop,0,1,0
watershed_x_landform,B_830305_34_LF_10701,多摩川 / basin 34 / 氾濫平野・海岸平野,all_land_use,He->Me,6,new,1,1,1
watershed_x_landform,B_830305_34_LF_10701,多摩川 / basin 34 / 氾濫平野・海岸平野,all_land_use,Jo->Ya,2,continue,2,2,1
watershed_x_landform,B_830305_34_LF_10701,多摩川 / basin 34 / 氾濫平野・海岸平野,all_land_use,Jo->Ya,2,drop,0,2,0
watershed_x_landform,B_830305_34_LF_10701,多摩川 / basin 34 / 氾濫平野・海岸平野,all_land_use,Jo->Ya,2,new,0,2,0
watershed_x_landform,B_830305_34_LF_10701,多摩川 / basin 34 / 氾濫平野・海岸平野,all_land_use,Ko->Na,4,continue,0,1,0
watershed_x_landform,B_830305_34_LF_10701,多摩川 / basin 34 / 氾濫平野・海岸平野,all_land_use,Ko->Na,4,drop,1,1,1
watershed_x_landform,B_830305_34_LF_10701,多摩川 / basin 34 / 氾濫平野・海岸平野,all_land_use,Ko->Na,4,new,0,1,0
watershed_x_landform,B_830305_34_LF_10701,多摩川 / basin 34 / 氾濫平野・海岸平野,all_land_use,Pa->Jo,1,continue,1,2,0.5
watershed_x_landform,B_830305_34_LF_10701,多摩川 / basin 34 / 氾濫平野・海岸平野,all_land_use,Pa->Jo,1,drop,0,2,0
watershed_x_landform,B_830305_34_LF_10701,多摩川 / basin 34 / 氾濫平野・海岸平野,all_land_use,Pa->Jo,1,new,1,2,0.5
watershed_x_landform,B_830305_34_LF_10701,多摩川 / basin 34 / 氾濫平野・海岸平野,all_land_use,Ya->Ko,3,continue,1,2,0.5
watershed_x_landform,B_830305_34_LF_10701,多摩川 / basin 34 / 氾濫平野・海岸平野,all_land_use,Ya->Ko,3,drop,1,2,0.5
watershed_x_landform,B_830305_34_LF_10701,多摩川 / basin 34 / 氾濫平野・海岸平野,all_land_use,Ya->Ko,3,new,0,2,0
watershed_x_landform,B_830305_34_LF_2010101,多摩川 / basin 34 / 台地・段丘,all_land_use,He->Me,6,continue,0,2,0
watershed_x_landform,B_830305_34_LF_2010101,多摩川 / basin 34 / 台地・段丘,all_land_use,He->Me,6,drop,1,2,0.5
watershed_x_landform,B_830305_34_LF_2010101,多摩川 / basin 34 / 台地・段丘,all_land_use,He->Me,6,new,1,2,0.5
watershed_x_landform,B_830305_34_LF_2010101,多摩川 / basin 34 / 台地・段丘,all_land_use,Jo->Ya,2,continue,0,6,0
watershed_x_landform,B_830305_34_LF_2010101,多摩川 / basin 34 / 台地・段丘,all_land_use,Jo->Ya,2,drop,6,6,1
watershed_x_landform,B_830305_34_LF_2010101,多摩川 / basin 34 / 台地・段丘,all_land_use,Jo->Ya,2,new,0,6,0
watershed_x_landform,B_830305_34_LF_2010101,多摩川 / basin 34 / 台地・段丘,all_land_use,Ko->Na,4,continue,0,1,0
watershed_x_landform,B_830305_34_LF_2010101,多摩川 / basin 34 / 台地・段丘,all_land_use,Ko->Na,4,drop,1,1,1
watershed_x_landform,B_830305_34_LF_2010101,多摩川 / basin 34 / 台地・段丘,all_land_use,Ko->Na,4,new,0,1,0
watershed_x_landform,B_830305_34_LF_2010101,多摩川 / basin 34 / 台地・段丘,all_land_use,Na->He,5,continue,0,1,0
watershed_x_landform,B_830305_34_LF_2010101,多摩川 / basin 34 / 台地・段丘,all_land_use,Na->He,5,drop,0,1,0
watershed_x_landform,B_830305_34_LF_2010101,多摩川 / basin 34 / 台地・段丘,all_land_use,Na->He,5,new,1,1,1
watershed_x_landform,B_830305_34_LF_2010101,多摩川 / basin 34 / 台地・段丘,all_land_use,Pa->Jo,1,continue,0,7,0
watershed_x_landform,B_830305_34_LF_2010101,多摩川 / basin 34 / 台地・段丘,all_land_use,Pa->Jo,1,drop,1,7,0.14285714285714285
watershed_x_landform,B_830305_34_LF_2010101,多摩川 / basin 34 / 台地・段丘,all_land_use,Pa->Jo,1,new,6,7,0.8571428571428571
watershed_x_landform,B_830305_34_LF_2010101,多摩川 / basin 34 / 台地・段丘,all_land_use,Ya->Ko,3,continue,0,1,0
watershed_x_landform,B_830305_34_LF_2010101,多摩川 / basin 34 / 台地・段丘,all_land_use,Ya->Ko,3,drop,0,1,0
watershed_x_landform,B_830305_34_LF_2010101,多摩川 / basin 34 / 台地・段丘,all_land_use,Ya->Ko,3,new,1,1,1
watershed_x_landform,B_830305_35_LF_10101,多摩川 / basin 35 / 山地斜面等,all_land_use,He->Me,6,continue,0,1,0
watershed_x_landform,B_830305_35_LF_10101,多摩川 / basin 35 / 山地斜面等,all_land_use,He->Me,6,drop,1,1,1
watershed_x_landform,B_830305_35_LF_10101,多摩川 / basin 35 / 山地斜面等,all_land_use,He->Me,6,new,0,1,0
watershed_x_landform,B_830305_35_LF_10101,多摩川 / basin 35 / 山地斜面等,all_land_use,Jo->Ya,2,continue,0,1,0
watershed_x_landform,B_830305_35_LF_10101,多摩川 / basin 35 / 山地斜面等,all_land_use,Jo->Ya,2,drop,1,1,1
watershed_x_landform,B_830305_35_LF_10101,多摩川 / basin 35 / 山地斜面等,all_land_use,Jo->Ya,2,new,0,1,0
watershed_x_landform,B_830305_35_LF_10101,多摩川 / basin 35 / 山地斜面等,all_land_use,Na->He,5,continue,0,1,0
watershed_x_landform,B_830305_35_LF_10101,多摩川 / basin 35 / 山地斜面等,all_land_use,Na->He,5,drop,0,1,0
watershed_x_landform,B_830305_35_LF_10101,多摩川 / basin 35 / 山地斜面等,all_land_use,Na->He,5,new,1,1,1
watershed_x_landform,B_830305_35_LF_10101,多摩川 / basin 35 / 山地斜面等,all_land_use,Pa->Jo,1,continue,0,1,0
watershed_x_landform,B_830305_35_LF_10101,多摩川 / basin 35 / 山地斜面等,all_land_use,Pa->Jo,1,drop,0,1,0
watershed_x_landform,B_830305_35_LF_10101,多摩川 / basin 35 / 山地斜面等,all_land_use,Pa->Jo,1,new,1,1,1
watershed_x_landform,B_830305_35_LF_1010101,多摩川 / basin 35 / 山地斜面等,all_land_use,He->Me,6,continue,5,28,0.17857142857142858
watershed_x_landform,B_830305_35_LF_1010101,多摩川 / basin 35 / 山地斜面等,all_land_use,He->Me,6,drop,20,28,0.7142857142857143
watershed_x_landform,B_830305_35_LF_1010101,多摩川 / basin 35 / 山地斜面等,all_land_use,He->Me,6,new,3,28,0.10714285714285714
watershed_x_landform,B_830305_35_LF_1010101,多摩川 / basin 35 / 山地斜面等,all_land_use,Jo->Ya,2,continue,9,36,0.25
watershed_x_landform,B_830305_35_LF_1010101,多摩川 / basin 35 / 山地斜面等,all_land_use,Jo->Ya,2,drop,27,36,0.75
watershed_x_landform,B_830305_35_LF_1010101,多摩川 / basin 35 / 山地斜面等,all_land_use,Jo->Ya,2,new,0,36,0
watershed_x_landform,B_830305_35_LF_1010101,多摩川 / basin 35 / 山地斜面等,all_land_use,Ko->Na,4,continue,5,25,0.2
watershed_x_landform,B_830305_35_LF_1010101,多摩川 / basin 35 / 山地斜面等,all_land_use,Ko->Na,4,drop,12,25,0.48
watershed_x_landform,B_830305_35_LF_1010101,多摩川 / basin 35 / 山地斜面等,all_land_use,Ko->Na,4,new,8,25,0.32
watershed_x_landform,B_830305_35_LF_1010101,多摩川 / basin 35 / 山地斜面等,all_land_use,Na->He,5,continue,11,27,0.4074074074074074
watershed_x_landform,B_830305_35_LF_1010101,多摩川 / basin 35 / 山地斜面等,all_land_use,Na->He,5,drop,2,27,0.07407407407407407
watershed_x_landform,B_830305_35_LF_1010101,多摩川 / basin 35 / 山地斜面等,all_land_use,Na->He,5,new,14,27,0.5185185185185185
watershed_x_landform,B_830305_35_LF_1010101,多摩川 / basin 35 / 山地斜面等,all_land_use,Pa->Jo,1,continue,3,37,0.08108108108108109
watershed_x_landform,B_830305_35_LF_1010101,多摩川 / basin 35 / 山地斜面等,all_land_use,Pa->Jo,1,drop,1,37,0.02702702702702703
watershed_x_landform,B_830305_35_LF_1010101,多摩川 / basin 35 / 山地斜面等,all_land_use,Pa->Jo,1,new,33,37,0.8918918918918919
watershed_x_landform,B_830305_35_LF_1010101,多摩川 / basin 35 / 山地斜面等,all_land_use,Ya->Ko,3,continue,5,21,0.23809523809523808
watershed_x_landform,B_830305_35_LF_1010101,多摩川 / basin 35 / 山地斜面等,all_land_use,Ya->Ko,3,drop,4,21,0.19047619047619047
watershed_x_landform,B_830305_35_LF_1010101,多摩川 / basin 35 / 山地斜面等,all_land_use,Ya->Ko,3,new,12,21,0.5714285714285714
watershed_x_landform,B_830305_35_LF_10406,多摩川 / basin 35 / 山麓堆積地形,all_land_use,He->Me,6,continue,0,1,0
watershed_x_landform,B_830305_35_LF_10406,多摩川 / basin 35 / 山麓堆積地形,all_land_use,He->Me,6,drop,1,1,1
watershed_x_landform,B_830305_35_LF_10406,多摩川 / basin 35 / 山麓堆積地形,all_land_use,He->Me,6,new,0,1,0
watershed_x_landform,B_830305_35_LF_10406,多摩川 / basin 35 / 山麓堆積地形,all_land_use,Jo->Ya,2,continue,0,1,0
watershed_x_landform,B_830305_35_LF_10406,多摩川 / basin 35 / 山麓堆積地形,all_land_use,Jo->Ya,2,drop,1,1,1
watershed_x_landform,B_830305_35_LF_10406,多摩川 / basin 35 / 山麓堆積地形,all_land_use,Jo->Ya,2,new,0,1,0
watershed_x_landform,B_830305_35_LF_10406,多摩川 / basin 35 / 山麓堆積地形,all_land_use,Na->He,5,continue,0,1,0
watershed_x_landform,B_830305_35_LF_10406,多摩川 / basin 35 / 山麓堆積地形,all_land_use,Na->He,5,drop,0,1,0
watershed_x_landform,B_830305_35_LF_10406,多摩川 / basin 35 / 山麓堆積地形,all_land_use,Na->He,5,new,1,1,1
watershed_x_landform,B_830305_35_LF_10406,多摩川 / basin 35 / 山麓堆積地形,all_land_use,Pa->Jo,1,continue,0,1,0
watershed_x_landform,B_830305_35_LF_10406,多摩川 / basin 35 / 山麓堆積地形,all_land_use,Pa->Jo,1,drop,0,1,0
watershed_x_landform,B_830305_35_LF_10406,多摩川 / basin 35 / 山麓堆積地形,all_land_use,Pa->Jo,1,new,1,1,1
watershed_x_landform,B_830305_35_LF_2010101,多摩川 / basin 35 / 台地・段丘,all_land_use,He->Me,6,continue,7,21,0.3333333333333333
watershed_x_landform,B_830305_35_LF_2010101,多摩川 / basin 35 / 台地・段丘,all_land_use,He->Me,6,drop,9,21,0.42857142857142855
watershed_x_landform,B_830305_35_LF_2010101,多摩川 / basin 35 / 台地・段丘,all_land_use,He->Me,6,new,5,21,0.23809523809523808
watershed_x_landform,B_830305_35_LF_2010101,多摩川 / basin 35 / 台地・段丘,all_land_use,Jo->Ya,2,continue,3,18,0.16666666666666666
watershed_x_landform,B_830305_35_LF_2010101,多摩川 / basin 35 / 台地・段丘,all_land_use,Jo->Ya,2,drop,15,18,0.8333333333333334
watershed_x_landform,B_830305_35_LF_2010101,多摩川 / basin 35 / 台地・段丘,all_land_use,Jo->Ya,2,new,0,18,0
watershed_x_landform,B_830305_35_LF_2010101,多摩川 / basin 35 / 台地・段丘,all_land_use,Ko->Na,4,continue,9,16,0.5625
watershed_x_landform,B_830305_35_LF_2010101,多摩川 / basin 35 / 台地・段丘,all_land_use,Ko->Na,4,drop,6,16,0.375
watershed_x_landform,B_830305_35_LF_2010101,多摩川 / basin 35 / 台地・段丘,all_land_use,Ko->Na,4,new,1,16,0.0625
watershed_x_landform,B_830305_35_LF_2010101,多摩川 / basin 35 / 台地・段丘,all_land_use,Na->He,5,continue,9,17,0.5294117647058824
watershed_x_landform,B_830305_35_LF_2010101,多摩川 / basin 35 / 台地・段丘,all_land_use,Na->He,5,drop,1,17,0.058823529411764705
watershed_x_landform,B_830305_35_LF_2010101,多摩川 / basin 35 / 台地・段丘,all_land_use,Na->He,5,new,7,17,0.4117647058823529
watershed_x_landform,B_830305_35_LF_2010101,多摩川 / basin 35 / 台地・段丘,all_land_use,Pa->Jo,1,continue,5,18,0.2777777777777778
watershed_x_landform,B_830305_35_LF_2010101,多摩川 / basin 35 / 台地・段丘,all_land_use,Pa->Jo,1,drop,0,18,0
watershed_x_landform,B_830305_35_LF_2010101,多摩川 / basin 35 / 台地・段丘,all_land_use,Pa->Jo,1,new,13,18,0.7222222222222222
watershed_x_landform,B_830305_35_LF_2010101,多摩川 / basin 35 / 台地・段丘,all_land_use,Ya->Ko,3,continue,3,15,0.2
watershed_x_landform,B_830305_35_LF_2010101,多摩川 / basin 35 / 台地・段丘,all_land_use,Ya->Ko,3,drop,0,15,0
watershed_x_landform,B_830305_35_LF_2010101,多摩川 / basin 35 / 台地・段丘,all_land_use,Ya->Ko,3,new,12,15,0.8
watershed_x_landform,B_830305_35_LF_2010301,多摩川 / basin 35 / 凹地・浅い谷,all_land_use,Ko->Na,4,continue,1,1,1
watershed_x_landform,B_830305_35_LF_2010301,多摩川 / basin 35 / 凹地・浅い谷,all_land_use,Ko->Na,4,drop,0,1,0
watershed_x_landform,B_830305_35_LF_2010301,多摩川 / basin 35 / 凹地・浅い谷,all_land_use,Ko->Na,4,new,0,1,0
watershed_x_landform,B_830305_35_LF_2010301,多摩川 / basin 35 / 凹地・浅い谷,all_land_use,Na->He,5,continue,0,1,0
watershed_x_landform,B_830305_35_LF_2010301,多摩川 / basin 35 / 凹地・浅い谷,all_land_use,Na->He,5,drop,1,1,1
watershed_x_landform,B_830305_35_LF_2010301,多摩川 / basin 35 / 凹地・浅い谷,all_land_use,Na->He,5,new,0,1,0
watershed_x_landform,B_830305_35_LF_2010301,多摩川 / basin 35 / 凹地・浅い谷,all_land_use,Ya->Ko,3,continue,0,1,0
watershed_x_landform,B_830305_35_LF_2010301,多摩川 / basin 35 / 凹地・浅い谷,all_land_use,Ya->Ko,3,drop,0,1,0
watershed_x_landform,B_830305_35_LF_2010301,多摩川 / basin 35 / 凹地・浅い谷,all_land_use,Ya->Ko,3,new,1,1,1
watershed_x_landform,B_830305_35_LF_3010101,多摩川 / basin 35 / 山麓堆積地形,all_land_use,He->Me,6,continue,0,2,0
watershed_x_landform,B_830305_35_LF_3010101,多摩川 / basin 35 / 山麓堆積地形,all_land_use,He->Me,6,drop,2,2,1
watershed_x_landform,B_830305_35_LF_3010101,多摩川 / basin 35 / 山麓堆積地形,all_land_use,He->Me,6,new,0,2,0
watershed_x_landform,B_830305_35_LF_3010101,多摩川 / basin 35 / 山麓堆積地形,all_land_use,Jo->Ya,2,continue,0,2,0
watershed_x_landform,B_830305_35_LF_3010101,多摩川 / basin 35 / 山麓堆積地形,all_land_use,Jo->Ya,2,drop,2,2,1
watershed_x_landform,B_830305_35_LF_3010101,多摩川 / basin 35 / 山麓堆積地形,all_land_use,Jo->Ya,2,new,0,2,0
watershed_x_landform,B_830305_35_LF_3010101,多摩川 / basin 35 / 山麓堆積地形,all_land_use,Ko->Na,4,continue,0,2,0
watershed_x_landform,B_830305_35_LF_3010101,多摩川 / basin 35 / 山麓堆積地形,all_land_use,Ko->Na,4,drop,0,2,0
watershed_x_landform,B_830305_35_LF_3010101,多摩川 / basin 35 / 山麓堆積地形,all_land_use,Ko->Na,4,new,2,2,1
watershed_x_landform,B_830305_35_LF_3010101,多摩川 / basin 35 / 山麓堆積地形,all_land_use,Na->He,5,continue,2,2,1
watershed_x_landform,B_830305_35_LF_3010101,多摩川 / basin 35 / 山麓堆積地形,all_land_use,Na->He,5,drop,0,2,0
watershed_x_landform,B_830305_35_LF_3010101,多摩川 / basin 35 / 山麓堆積地形,all_land_use,Na->He,5,new,0,2,0
watershed_x_landform,B_830305_35_LF_3010101,多摩川 / basin 35 / 山麓堆積地形,all_land_use,Pa->Jo,1,continue,0,2,0
watershed_x_landform,B_830305_35_LF_3010101,多摩川 / basin 35 / 山麓堆積地形,all_land_use,Pa->Jo,1,drop,0,2,0
watershed_x_landform,B_830305_35_LF_3010101,多摩川 / basin 35 / 山麓堆積地形,all_land_use,Pa->Jo,1,new,2,2,1
watershed_x_landform,B_830305_35_LF_3020101,多摩川 / basin 35 / 扇状地,all_land_use,He->Me,6,continue,1,1,1
watershed_x_landform,B_830305_35_LF_3020101,多摩川 / basin 35 / 扇状地,all_land_use,He->Me,6,drop,0,1,0
watershed_x_landform,B_830305_35_LF_3020101,多摩川 / basin 35 / 扇状地,all_land_use,He->Me,6,new,0,1,0
watershed_x_landform,B_830305_35_LF_3020101,多摩川 / basin 35 / 扇状地,all_land_use,Ko->Na,4,continue,0,1,0
watershed_x_landform,B_830305_35_LF_3020101,多摩川 / basin 35 / 扇状地,all_land_use,Ko->Na,4,drop,1,1,1
watershed_x_landform,B_830305_35_LF_3020101,多摩川 / basin 35 / 扇状地,all_land_use,Ko->Na,4,new,0,1,0
watershed_x_landform,B_830305_35_LF_3020101,多摩川 / basin 35 / 扇状地,all_land_use,Na->He,5,continue,0,1,0
watershed_x_landform,B_830305_35_LF_3020101,多摩川 / basin 35 / 扇状地,all_land_use,Na->He,5,drop,0,1,0
watershed_x_landform,B_830305_35_LF_3020101,多摩川 / basin 35 / 扇状地,all_land_use,Na->He,5,new,1,1,1
watershed_x_landform,B_830305_35_LF_3020101,多摩川 / basin 35 / 扇状地,all_land_use,Ya->Ko,3,continue,0,1,0
watershed_x_landform,B_830305_35_LF_3020101,多摩川 / basin 35 / 扇状地,all_land_use,Ya->Ko,3,drop,0,1,0
watershed_x_landform,B_830305_35_LF_3020101,多摩川 / basin 35 / 扇状地,all_land_use,Ya->Ko,3,new,1,1,1
watershed_x_landform,B_830305_35_LF_3030101,多摩川 / basin 35 / 氾濫平野・海岸平野,all_land_use,He->Me,6,continue,0,4,0
watershed_x_landform,B_830305_35_LF_3030101,多摩川 / basin 35 / 氾濫平野・海岸平野,all_land_use,He->Me,6,drop,3,4,0.75
watershed_x_landform,B_830305_35_LF_3030101,多摩川 / basin 35 / 氾濫平野・海岸平野,all_land_use,He->Me,6,new,1,4,0.25
watershed_x_landform,B_830305_35_LF_3030101,多摩川 / basin 35 / 氾濫平野・海岸平野,all_land_use,Jo->Ya,2,continue,0,5,0
watershed_x_landform,B_830305_35_LF_3030101,多摩川 / basin 35 / 氾濫平野・海岸平野,all_land_use,Jo->Ya,2,drop,5,5,1
watershed_x_landform,B_830305_35_LF_3030101,多摩川 / basin 35 / 氾濫平野・海岸平野,all_land_use,Jo->Ya,2,new,0,5,0
watershed_x_landform,B_830305_35_LF_3030101,多摩川 / basin 35 / 氾濫平野・海岸平野,all_land_use,Ko->Na,4,continue,0,2,0
watershed_x_landform,B_830305_35_LF_3030101,多摩川 / basin 35 / 氾濫平野・海岸平野,all_land_use,Ko->Na,4,drop,2,2,1
watershed_x_landform,B_830305_35_LF_3030101,多摩川 / basin 35 / 氾濫平野・海岸平野,all_land_use,Ko->Na,4,new,0,2,0
watershed_x_landform,B_830305_35_LF_3030101,多摩川 / basin 35 / 氾濫平野・海岸平野,all_land_use,Na->He,5,continue,0,3,0
watershed_x_landform,B_830305_35_LF_3030101,多摩川 / basin 35 / 氾濫平野・海岸平野,all_land_use,Na->He,5,drop,0,3,0
watershed_x_landform,B_830305_35_LF_3030101,多摩川 / basin 35 / 氾濫平野・海岸平野,all_land_use,Na->He,5,new,3,3,1
watershed_x_landform,B_830305_35_LF_3030101,多摩川 / basin 35 / 氾濫平野・海岸平野,all_land_use,Pa->Jo,1,continue,0,5,0
watershed_x_landform,B_830305_35_LF_3030101,多摩川 / basin 35 / 氾濫平野・海岸平野,all_land_use,Pa->Jo,1,drop,0,5,0
watershed_x_landform,B_830305_35_LF_3030101,多摩川 / basin 35 / 氾濫平野・海岸平野,all_land_use,Pa->Jo,1,new,5,5,1
watershed_x_landform,B_830305_35_LF_3030101,多摩川 / basin 35 / 氾濫平野・海岸平野,all_land_use,Ya->Ko,3,continue,0,2,0
watershed_x_landform,B_830305_35_LF_3030101,多摩川 / basin 35 / 氾濫平野・海岸平野,all_land_use,Ya->Ko,3,drop,0,2,0
watershed_x_landform,B_830305_35_LF_3030101,多摩川 / basin 35 / 氾濫平野・海岸平野,all_land_use,Ya->Ko,3,new,2,2,1
watershed_x_landform,B_830305_36_LF_10101,多摩川 / basin 36 / 山地斜面等,all_land_use,He->Me,6,continue,3,52,0.057692307692307696
watershed_x_landform,B_830305_36_LF_10101,多摩川 / basin 36 / 山地斜面等,all_land_use,He->Me,6,drop,48,52,0.9230769230769231
watershed_x_landform,B_830305_36_LF_10101,多摩川 / basin 36 / 山地斜面等,all_land_use,He->Me,6,new,1,52,0.019230769230769232
watershed_x_landform,B_830305_36_LF_10101,多摩川 / basin 36 / 山地斜面等,all_land_use,Jo->Ya,2,continue,0,22,0
watershed_x_landform,B_830305_36_LF_10101,多摩川 / basin 36 / 山地斜面等,all_land_use,Jo->Ya,2,drop,22,22,1
watershed_x_landform,B_830305_36_LF_10101,多摩川 / basin 36 / 山地斜面等,all_land_use,Jo->Ya,2,new,0,22,0
watershed_x_landform,B_830305_36_LF_10101,多摩川 / basin 36 / 山地斜面等,all_land_use,Ko->Na,4,continue,0,4,0
watershed_x_landform,B_830305_36_LF_10101,多摩川 / basin 36 / 山地斜面等,all_land_use,Ko->Na,4,drop,3,4,0.75
watershed_x_landform,B_830305_36_LF_10101,多摩川 / basin 36 / 山地斜面等,all_land_use,Ko->Na,4,new,1,4,0.25
watershed_x_landform,B_830305_36_LF_10101,多摩川 / basin 36 / 山地斜面等,all_land_use,Na->He,5,continue,1,51,0.0196078431372549
watershed_x_landform,B_830305_36_LF_10101,多摩川 / basin 36 / 山地斜面等,all_land_use,Na->He,5,drop,0,51,0
watershed_x_landform,B_830305_36_LF_10101,多摩川 / basin 36 / 山地斜面等,all_land_use,Na->He,5,new,50,51,0.9803921568627451
watershed_x_landform,B_830305_36_LF_10101,多摩川 / basin 36 / 山地斜面等,all_land_use,Pa->Jo,1,continue,1,22,0.045454545454545456
watershed_x_landform,B_830305_36_LF_10101,多摩川 / basin 36 / 山地斜面等,all_land_use,Pa->Jo,1,drop,0,22,0
watershed_x_landform,B_830305_36_LF_10101,多摩川 / basin 36 / 山地斜面等,all_land_use,Pa->Jo,1,new,21,22,0.9545454545454546
watershed_x_landform,B_830305_36_LF_10101,多摩川 / basin 36 / 山地斜面等,all_land_use,Ya->Ko,3,continue,0,3,0
watershed_x_landform,B_830305_36_LF_10101,多摩川 / basin 36 / 山地斜面等,all_land_use,Ya->Ko,3,drop,0,3,0
watershed_x_landform,B_830305_36_LF_10101,多摩川 / basin 36 / 山地斜面等,all_land_use,Ya->Ko,3,new,3,3,1
watershed_x_landform,B_830305_36_LF_1010101,多摩川 / basin 36 / 山地斜面等,all_land_use,He->Me,6,continue,1,11,0.09090909090909091
watershed_x_landform,B_830305_36_LF_1010101,多摩川 / basin 36 / 山地斜面等,all_land_use,He->Me,6,drop,8,11,0.7272727272727273
watershed_x_landform,B_830305_36_LF_1010101,多摩川 / basin 36 / 山地斜面等,all_land_use,He->Me,6,new,2,11,0.18181818181818182
watershed_x_landform,B_830305_36_LF_1010101,多摩川 / basin 36 / 山地斜面等,all_land_use,Jo->Ya,2,continue,1,17,0.058823529411764705
watershed_x_landform,B_830305_36_LF_1010101,多摩川 / basin 36 / 山地斜面等,all_land_use,Jo->Ya,2,drop,16,17,0.9411764705882353
watershed_x_landform,B_830305_36_LF_1010101,多摩川 / basin 36 / 山地斜面等,all_land_use,Jo->Ya,2,new,0,17,0
watershed_x_landform,B_830305_36_LF_1010101,多摩川 / basin 36 / 山地斜面等,all_land_use,Ko->Na,4,continue,1,6,0.16666666666666666
watershed_x_landform,B_830305_36_LF_1010101,多摩川 / basin 36 / 山地斜面等,all_land_use,Ko->Na,4,drop,5,6,0.8333333333333334
watershed_x_landform,B_830305_36_LF_1010101,多摩川 / basin 36 / 山地斜面等,all_land_use,Ko->Na,4,new,0,6,0
watershed_x_landform,B_830305_36_LF_1010101,多摩川 / basin 36 / 山地斜面等,all_land_use,Na->He,5,continue,1,9,0.1111111111111111
watershed_x_landform,B_830305_36_LF_1010101,多摩川 / basin 36 / 山地斜面等,all_land_use,Na->He,5,drop,0,9,0
watershed_x_landform,B_830305_36_LF_1010101,多摩川 / basin 36 / 山地斜面等,all_land_use,Na->He,5,new,8,9,0.8888888888888888
watershed_x_landform,B_830305_36_LF_1010101,多摩川 / basin 36 / 山地斜面等,all_land_use,Pa->Jo,1,continue,1,17,0.058823529411764705
watershed_x_landform,B_830305_36_LF_1010101,多摩川 / basin 36 / 山地斜面等,all_land_use,Pa->Jo,1,drop,0,17,0
watershed_x_landform,B_830305_36_LF_1010101,多摩川 / basin 36 / 山地斜面等,all_land_use,Pa->Jo,1,new,16,17,0.9411764705882353
watershed_x_landform,B_830305_36_LF_1010101,多摩川 / basin 36 / 山地斜面等,all_land_use,Ya->Ko,3,continue,1,6,0.16666666666666666
watershed_x_landform,B_830305_36_LF_1010101,多摩川 / basin 36 / 山地斜面等,all_land_use,Ya->Ko,3,drop,0,6,0
watershed_x_landform,B_830305_36_LF_1010101,多摩川 / basin 36 / 山地斜面等,all_land_use,Ya->Ko,3,new,5,6,0.8333333333333334
watershed_x_landform,B_830305_36_LF_10314,多摩川 / basin 36 / 台地・段丘,all_land_use,He->Me,6,continue,1,3,0.3333333333333333
watershed_x_landform,B_830305_36_LF_10314,多摩川 / basin 36 / 台地・段丘,all_land_use,He->Me,6,drop,2,3,0.6666666666666666
watershed_x_landform,B_830305_36_LF_10314,多摩川 / basin 36 / 台地・段丘,all_land_use,He->Me,6,new,0,3,0
watershed_x_landform,B_830305_36_LF_10314,多摩川 / basin 36 / 台地・段丘,all_land_use,Jo->Ya,2,continue,1,3,0.3333333333333333
watershed_x_landform,B_830305_36_LF_10314,多摩川 / basin 36 / 台地・段丘,all_land_use,Jo->Ya,2,drop,2,3,0.6666666666666666
watershed_x_landform,B_830305_36_LF_10314,多摩川 / basin 36 / 台地・段丘,all_land_use,Jo->Ya,2,new,0,3,0
watershed_x_landform,B_830305_36_LF_10314,多摩川 / basin 36 / 台地・段丘,all_land_use,Ko->Na,4,continue,1,1,1
watershed_x_landform,B_830305_36_LF_10314,多摩川 / basin 36 / 台地・段丘,all_land_use,Ko->Na,4,drop,0,1,0
watershed_x_landform,B_830305_36_LF_10314,多摩川 / basin 36 / 台地・段丘,all_land_use,Ko->Na,4,new,0,1,0
watershed_x_landform,B_830305_36_LF_10314,多摩川 / basin 36 / 台地・段丘,all_land_use,Na->He,5,continue,1,3,0.3333333333333333
watershed_x_landform,B_830305_36_LF_10314,多摩川 / basin 36 / 台地・段丘,all_land_use,Na->He,5,drop,0,3,0
watershed_x_landform,B_830305_36_LF_10314,多摩川 / basin 36 / 台地・段丘,all_land_use,Na->He,5,new,2,3,0.6666666666666666
watershed_x_landform,B_830305_36_LF_10314,多摩川 / basin 36 / 台地・段丘,all_land_use,Pa->Jo,1,continue,1,3,0.3333333333333333
watershed_x_landform,B_830305_36_LF_10314,多摩川 / basin 36 / 台地・段丘,all_land_use,Pa->Jo,1,drop,0,3,0
watershed_x_landform,B_830305_36_LF_10314,多摩川 / basin 36 / 台地・段丘,all_land_use,Pa->Jo,1,new,2,3,0.6666666666666666
watershed_x_landform,B_830305_36_LF_10314,多摩川 / basin 36 / 台地・段丘,all_land_use,Ya->Ko,3,continue,1,1,1
watershed_x_landform,B_830305_36_LF_10314,多摩川 / basin 36 / 台地・段丘,all_land_use,Ya->Ko,3,drop,0,1,0
watershed_x_landform,B_830305_36_LF_10314,多摩川 / basin 36 / 台地・段丘,all_land_use,Ya->Ko,3,new,0,1,0
watershed_x_landform,B_830305_36_LF_10701,多摩川 / basin 36 / 氾濫平野・海岸平野,all_land_use,He->Me,6,continue,0,3,0
watershed_x_landform,B_830305_36_LF_10701,多摩川 / basin 36 / 氾濫平野・海岸平野,all_land_use,He->Me,6,drop,3,3,1
watershed_x_landform,B_830305_36_LF_10701,多摩川 / basin 36 / 氾濫平野・海岸平野,all_land_use,He->Me,6,new,0,3,0
watershed_x_landform,B_830305_36_LF_10701,多摩川 / basin 36 / 氾濫平野・海岸平野,all_land_use,Jo->Ya,2,continue,0,2,0
watershed_x_landform,B_830305_36_LF_10701,多摩川 / basin 36 / 氾濫平野・海岸平野,all_land_use,Jo->Ya,2,drop,2,2,1
watershed_x_landform,B_830305_36_LF_10701,多摩川 / basin 36 / 氾濫平野・海岸平野,all_land_use,Jo->Ya,2,new,0,2,0
watershed_x_landform,B_830305_36_LF_10701,多摩川 / basin 36 / 氾濫平野・海岸平野,all_land_use,Ko->Na,4,continue,0,1,0
watershed_x_landform,B_830305_36_LF_10701,多摩川 / basin 36 / 氾濫平野・海岸平野,all_land_use,Ko->Na,4,drop,1,1,1
watershed_x_landform,B_830305_36_LF_10701,多摩川 / basin 36 / 氾濫平野・海岸平野,all_land_use,Ko->Na,4,new,0,1,0
watershed_x_landform,B_830305_36_LF_10701,多摩川 / basin 36 / 氾濫平野・海岸平野,all_land_use,Na->He,5,continue,0,3,0
watershed_x_landform,B_830305_36_LF_10701,多摩川 / basin 36 / 氾濫平野・海岸平野,all_land_use,Na->He,5,drop,0,3,0
watershed_x_landform,B_830305_36_LF_10701,多摩川 / basin 36 / 氾濫平野・海岸平野,all_land_use,Na->He,5,new,3,3,1
watershed_x_landform,B_830305_36_LF_10701,多摩川 / basin 36 / 氾濫平野・海岸平野,all_land_use,Pa->Jo,1,continue,0,2,0
watershed_x_landform,B_830305_36_LF_10701,多摩川 / basin 36 / 氾濫平野・海岸平野,all_land_use,Pa->Jo,1,drop,0,2,0
watershed_x_landform,B_830305_36_LF_10701,多摩川 / basin 36 / 氾濫平野・海岸平野,all_land_use,Pa->Jo,1,new,2,2,1
watershed_x_landform,B_830305_36_LF_10701,多摩川 / basin 36 / 氾濫平野・海岸平野,all_land_use,Ya->Ko,3,continue,0,1,0
watershed_x_landform,B_830305_36_LF_10701,多摩川 / basin 36 / 氾濫平野・海岸平野,all_land_use,Ya->Ko,3,drop,0,1,0
watershed_x_landform,B_830305_36_LF_10701,多摩川 / basin 36 / 氾濫平野・海岸平野,all_land_use,Ya->Ko,3,new,1,1,1
watershed_x_landform,B_830305_36_LF_2010101,多摩川 / basin 36 / 台地・段丘,all_land_use,He->Me,6,continue,2,4,0.5
watershed_x_landform,B_830305_36_LF_2010101,多摩川 / basin 36 / 台地・段丘,all_land_use,He->Me,6,drop,1,4,0.25
watershed_x_landform,B_830305_36_LF_2010101,多摩川 / basin 36 / 台地・段丘,all_land_use,He->Me,6,new,1,4,0.25
watershed_x_landform,B_830305_36_LF_2010101,多摩川 / basin 36 / 台地・段丘,all_land_use,Jo->Ya,2,continue,2,3,0.6666666666666666
watershed_x_landform,B_830305_36_LF_2010101,多摩川 / basin 36 / 台地・段丘,all_land_use,Jo->Ya,2,drop,1,3,0.3333333333333333
watershed_x_landform,B_830305_36_LF_2010101,多摩川 / basin 36 / 台地・段丘,all_land_use,Jo->Ya,2,new,0,3,0
watershed_x_landform,B_830305_36_LF_2010101,多摩川 / basin 36 / 台地・段丘,all_land_use,Ko->Na,4,continue,2,3,0.6666666666666666
watershed_x_landform,B_830305_36_LF_2010101,多摩川 / basin 36 / 台地・段丘,all_land_use,Ko->Na,4,drop,0,3,0
watershed_x_landform,B_830305_36_LF_2010101,多摩川 / basin 36 / 台地・段丘,all_land_use,Ko->Na,4,new,1,3,0.3333333333333333
watershed_x_landform,B_830305_36_LF_2010101,多摩川 / basin 36 / 台地・段丘,all_land_use,Na->He,5,continue,3,3,1
watershed_x_landform,B_830305_36_LF_2010101,多摩川 / basin 36 / 台地・段丘,all_land_use,Na->He,5,drop,0,3,0
watershed_x_landform,B_830305_36_LF_2010101,多摩川 / basin 36 / 台地・段丘,all_land_use,Na->He,5,new,0,3,0
watershed_x_landform,B_830305_36_LF_2010101,多摩川 / basin 36 / 台地・段丘,all_land_use,Pa->Jo,1,continue,2,3,0.6666666666666666
watershed_x_landform,B_830305_36_LF_2010101,多摩川 / basin 36 / 台地・段丘,all_land_use,Pa->Jo,1,drop,0,3,0
watershed_x_landform,B_830305_36_LF_2010101,多摩川 / basin 36 / 台地・段丘,all_land_use,Pa->Jo,1,new,1,3,0.3333333333333333
watershed_x_landform,B_830305_36_LF_2010101,多摩川 / basin 36 / 台地・段丘,all_land_use,Ya->Ko,3,continue,2,2,1
watershed_x_landform,B_830305_36_LF_2010101,多摩川 / basin 36 / 台地・段丘,all_land_use,Ya->Ko,3,drop,0,2,0
watershed_x_landform,B_830305_36_LF_2010101,多摩川 / basin 36 / 台地・段丘,all_land_use,Ya->Ko,3,new,0,2,0
watershed_x_landform,B_830305_36_LF_3030101,多摩川 / basin 36 / 氾濫平野・海岸平野,all_land_use,He->Me,6,continue,0,1,0
watershed_x_landform,B_830305_36_LF_3030101,多摩川 / basin 36 / 氾濫平野・海岸平野,all_land_use,He->Me,6,drop,1,1,1
watershed_x_landform,B_830305_36_LF_3030101,多摩川 / basin 36 / 氾濫平野・海岸平野,all_land_use,He->Me,6,new,0,1,0
watershed_x_landform,B_830305_36_LF_3030101,多摩川 / basin 36 / 氾濫平野・海岸平野,all_land_use,Jo->Ya,2,continue,0,1,0
watershed_x_landform,B_830305_36_LF_3030101,多摩川 / basin 36 / 氾濫平野・海岸平野,all_land_use,Jo->Ya,2,drop,1,1,1
watershed_x_landform,B_830305_36_LF_3030101,多摩川 / basin 36 / 氾濫平野・海岸平野,all_land_use,Jo->Ya,2,new,0,1,0
watershed_x_landform,B_830305_36_LF_3030101,多摩川 / basin 36 / 氾濫平野・海岸平野,all_land_use,Ko->Na,4,continue,0,1,0
watershed_x_landform,B_830305_36_LF_3030101,多摩川 / basin 36 / 氾濫平野・海岸平野,all_land_use,Ko->Na,4,drop,0,1,0
watershed_x_landform,B_830305_36_LF_3030101,多摩川 / basin 36 / 氾濫平野・海岸平野,all_land_use,Ko->Na,4,new,1,1,1
watershed_x_landform,B_830305_36_LF_3030101,多摩川 / basin 36 / 氾濫平野・海岸平野,all_land_use,Na->He,5,continue,1,1,1
watershed_x_landform,B_830305_36_LF_3030101,多摩川 / basin 36 / 氾濫平野・海岸平野,all_land_use,Na->He,5,drop,0,1,0
watershed_x_landform,B_830305_36_LF_3030101,多摩川 / basin 36 / 氾濫平野・海岸平野,all_land_use,Na->He,5,new,0,1,0
watershed_x_landform,B_830305_36_LF_3030101,多摩川 / basin 36 / 氾濫平野・海岸平野,all_land_use,Pa->Jo,1,continue,0,1,0
watershed_x_landform,B_830305_36_LF_3030101,多摩川 / basin 36 / 氾濫平野・海岸平野,all_land_use,Pa->Jo,1,drop,0,1,0
watershed_x_landform,B_830305_36_LF_3030101,多摩川 / basin 36 / 氾濫平野・海岸平野,all_land_use,Pa->Jo,1,new,1,1,1
watershed_x_landform,B_830305_37_LF_1010101,多摩川 / basin 37 / 山地斜面等,all_land_use,Jo->Ya,2,continue,1,2,0.5
watershed_x_landform,B_830305_37_LF_1010101,多摩川 / basin 37 / 山地斜面等,all_land_use,Jo->Ya,2,drop,1,2,0.5
watershed_x_landform,B_830305_37_LF_1010101,多摩川 / basin 37 / 山地斜面等,all_land_use,Jo->Ya,2,new,0,2,0
watershed_x_landform,B_830305_37_LF_1010101,多摩川 / basin 37 / 山地斜面等,all_land_use,Ko->Na,4,continue,0,1,0
watershed_x_landform,B_830305_37_LF_1010101,多摩川 / basin 37 / 山地斜面等,all_land_use,Ko->Na,4,drop,1,1,1
watershed_x_landform,B_830305_37_LF_1010101,多摩川 / basin 37 / 山地斜面等,all_land_use,Ko->Na,4,new,0,1,0
watershed_x_landform,B_830305_37_LF_1010101,多摩川 / basin 37 / 山地斜面等,all_land_use,Pa->Jo,1,continue,0,2,0
watershed_x_landform,B_830305_37_LF_1010101,多摩川 / basin 37 / 山地斜面等,all_land_use,Pa->Jo,1,drop,0,2,0
watershed_x_landform,B_830305_37_LF_1010101,多摩川 / basin 37 / 山地斜面等,all_land_use,Pa->Jo,1,new,2,2,1
watershed_x_landform,B_830305_37_LF_1010101,多摩川 / basin 37 / 山地斜面等,all_land_use,Ya->Ko,3,continue,0,2,0
watershed_x_landform,B_830305_37_LF_1010101,多摩川 / basin 37 / 山地斜面等,all_land_use,Ya->Ko,3,drop,1,2,0.5
watershed_x_landform,B_830305_37_LF_1010101,多摩川 / basin 37 / 山地斜面等,all_land_use,Ya->Ko,3,new,1,2,0.5
watershed_x_landform,B_830305_37_LF_2010101,多摩川 / basin 37 / 台地・段丘,all_land_use,He->Me,6,continue,0,3,0
watershed_x_landform,B_830305_37_LF_2010101,多摩川 / basin 37 / 台地・段丘,all_land_use,He->Me,6,drop,3,3,1
watershed_x_landform,B_830305_37_LF_2010101,多摩川 / basin 37 / 台地・段丘,all_land_use,He->Me,6,new,0,3,0
watershed_x_landform,B_830305_37_LF_2010101,多摩川 / basin 37 / 台地・段丘,all_land_use,Jo->Ya,2,continue,2,5,0.4
watershed_x_landform,B_830305_37_LF_2010101,多摩川 / basin 37 / 台地・段丘,all_land_use,Jo->Ya,2,drop,2,5,0.4
watershed_x_landform,B_830305_37_LF_2010101,多摩川 / basin 37 / 台地・段丘,all_land_use,Jo->Ya,2,new,1,5,0.2
watershed_x_landform,B_830305_37_LF_2010101,多摩川 / basin 37 / 台地・段丘,all_land_use,Ko->Na,4,continue,1,2,0.5
watershed_x_landform,B_830305_37_LF_2010101,多摩川 / basin 37 / 台地・段丘,all_land_use,Ko->Na,4,drop,0,2,0
watershed_x_landform,B_830305_37_LF_2010101,多摩川 / basin 37 / 台地・段丘,all_land_use,Ko->Na,4,new,1,2,0.5
watershed_x_landform,B_830305_37_LF_2010101,多摩川 / basin 37 / 台地・段丘,all_land_use,Na->He,5,continue,2,3,0.6666666666666666
watershed_x_landform,B_830305_37_LF_2010101,多摩川 / basin 37 / 台地・段丘,all_land_use,Na->He,5,drop,0,3,0
watershed_x_landform,B_830305_37_LF_2010101,多摩川 / basin 37 / 台地・段丘,all_land_use,Na->He,5,new,1,3,0.3333333333333333
watershed_x_landform,B_830305_37_LF_2010101,多摩川 / basin 37 / 台地・段丘,all_land_use,Pa->Jo,1,continue,0,4,0
watershed_x_landform,B_830305_37_LF_2010101,多摩川 / basin 37 / 台地・段丘,all_land_use,Pa->Jo,1,drop,0,4,0
watershed_x_landform,B_830305_37_LF_2010101,多摩川 / basin 37 / 台地・段丘,all_land_use,Pa->Jo,1,new,4,4,1
watershed_x_landform,B_830305_37_LF_2010101,多摩川 / basin 37 / 台地・段丘,all_land_use,Ya->Ko,3,continue,1,3,0.3333333333333333
watershed_x_landform,B_830305_37_LF_2010101,多摩川 / basin 37 / 台地・段丘,all_land_use,Ya->Ko,3,drop,2,3,0.6666666666666666
watershed_x_landform,B_830305_37_LF_2010101,多摩川 / basin 37 / 台地・段丘,all_land_use,Ya->Ko,3,new,0,3,0
watershed_x_landform,B_830305_37_LF_2010201,多摩川 / basin 37 / 崖・段丘崖,all_land_use,He->Me,6,continue,0,1,0
watershed_x_landform,B_830305_37_LF_2010201,多摩川 / basin 37 / 崖・段丘崖,all_land_use,He->Me,6,drop,0,1,0
watershed_x_landform,B_830305_37_LF_2010201,多摩川 / basin 37 / 崖・段丘崖,all_land_use,He->Me,6,new,1,1,1
watershed_x_landform,B_830305_37_LF_2010201,多摩川 / basin 37 / 崖・段丘崖,all_land_use,Ko->Na,4,continue,0,1,0
watershed_x_landform,B_830305_37_LF_2010201,多摩川 / basin 37 / 崖・段丘崖,all_land_use,Ko->Na,4,drop,1,1,1
watershed_x_landform,B_830305_37_LF_2010201,多摩川 / basin 37 / 崖・段丘崖,all_land_use,Ko->Na,4,new,0,1,0
watershed_x_landform,B_830305_37_LF_2010201,多摩川 / basin 37 / 崖・段丘崖,all_land_use,Ya->Ko,3,continue,0,1,0
watershed_x_landform,B_830305_37_LF_2010201,多摩川 / basin 37 / 崖・段丘崖,all_land_use,Ya->Ko,3,drop,0,1,0
watershed_x_landform,B_830305_37_LF_2010201,多摩川 / basin 37 / 崖・段丘崖,all_land_use,Ya->Ko,3,new,1,1,1
watershed_x_landform,B_830305_38_LF_1010101,多摩川 / basin 38 / 山地斜面等,all_land_use,He->Me,6,continue,0,1,0
watershed_x_landform,B_830305_38_LF_1010101,多摩川 / basin 38 / 山地斜面等,all_land_use,He->Me,6,drop,1,1,1
watershed_x_landform,B_830305_38_LF_1010101,多摩川 / basin 38 / 山地斜面等,all_land_use,He->Me,6,new,0,1,0
watershed_x_landform,B_830305_38_LF_1010101,多摩川 / basin 38 / 山地斜面等,all_land_use,Jo->Ya,2,continue,0,1,0
watershed_x_landform,B_830305_38_LF_1010101,多摩川 / basin 38 / 山地斜面等,all_land_use,Jo->Ya,2,drop,1,1,1
watershed_x_landform,B_830305_38_LF_1010101,多摩川 / basin 38 / 山地斜面等,all_land_use,Jo->Ya,2,new,0,1,0
watershed_x_landform,B_830305_38_LF_1010101,多摩川 / basin 38 / 山地斜面等,all_land_use,Ko->Na,4,continue,1,1,1
watershed_x_landform,B_830305_38_LF_1010101,多摩川 / basin 38 / 山地斜面等,all_land_use,Ko->Na,4,drop,0,1,0
watershed_x_landform,B_830305_38_LF_1010101,多摩川 / basin 38 / 山地斜面等,all_land_use,Ko->Na,4,new,0,1,0
watershed_x_landform,B_830305_38_LF_1010101,多摩川 / basin 38 / 山地斜面等,all_land_use,Na->He,5,continue,1,1,1
watershed_x_landform,B_830305_38_LF_1010101,多摩川 / basin 38 / 山地斜面等,all_land_use,Na->He,5,drop,0,1,0
watershed_x_landform,B_830305_38_LF_1010101,多摩川 / basin 38 / 山地斜面等,all_land_use,Na->He,5,new,0,1,0
watershed_x_landform,B_830305_38_LF_1010101,多摩川 / basin 38 / 山地斜面等,all_land_use,Pa->Jo,1,continue,0,1,0
watershed_x_landform,B_830305_38_LF_1010101,多摩川 / basin 38 / 山地斜面等,all_land_use,Pa->Jo,1,drop,0,1,0
watershed_x_landform,B_830305_38_LF_1010101,多摩川 / basin 38 / 山地斜面等,all_land_use,Pa->Jo,1,new,1,1,1
watershed_x_landform,B_830305_38_LF_1010101,多摩川 / basin 38 / 山地斜面等,all_land_use,Ya->Ko,3,continue,0,1,0
watershed_x_landform,B_830305_38_LF_1010101,多摩川 / basin 38 / 山地斜面等,all_land_use,Ya->Ko,3,drop,0,1,0
watershed_x_landform,B_830305_38_LF_1010101,多摩川 / basin 38 / 山地斜面等,all_land_use,Ya->Ko,3,new,1,1,1
watershed_x_landform,B_830305_38_LF_2010101,多摩川 / basin 38 / 台地・段丘,all_land_use,He->Me,6,continue,2,3,0.6666666666666666
watershed_x_landform,B_830305_38_LF_2010101,多摩川 / basin 38 / 台地・段丘,all_land_use,He->Me,6,drop,1,3,0.3333333333333333
watershed_x_landform,B_830305_38_LF_2010101,多摩川 / basin 38 / 台地・段丘,all_land_use,He->Me,6,new,0,3,0
watershed_x_landform,B_830305_38_LF_2010101,多摩川 / basin 38 / 台地・段丘,all_land_use,Jo->Ya,2,continue,1,4,0.25
watershed_x_landform,B_830305_38_LF_2010101,多摩川 / basin 38 / 台地・段丘,all_land_use,Jo->Ya,2,drop,3,4,0.75
watershed_x_landform,B_830305_38_LF_2010101,多摩川 / basin 38 / 台地・段丘,all_land_use,Jo->Ya,2,new,0,4,0
watershed_x_landform,B_830305_38_LF_2010101,多摩川 / basin 38 / 台地・段丘,all_land_use,Ko->Na,4,continue,2,3,0.6666666666666666
watershed_x_landform,B_830305_38_LF_2010101,多摩川 / basin 38 / 台地・段丘,all_land_use,Ko->Na,4,drop,1,3,0.3333333333333333
watershed_x_landform,B_830305_38_LF_2010101,多摩川 / basin 38 / 台地・段丘,all_land_use,Ko->Na,4,new,0,3,0
watershed_x_landform,B_830305_38_LF_2010101,多摩川 / basin 38 / 台地・段丘,all_land_use,Na->He,5,continue,2,3,0.6666666666666666
watershed_x_landform,B_830305_38_LF_2010101,多摩川 / basin 38 / 台地・段丘,all_land_use,Na->He,5,drop,0,3,0
watershed_x_landform,B_830305_38_LF_2010101,多摩川 / basin 38 / 台地・段丘,all_land_use,Na->He,5,new,1,3,0.3333333333333333
watershed_x_landform,B_830305_38_LF_2010101,多摩川 / basin 38 / 台地・段丘,all_land_use,Pa->Jo,1,continue,0,4,0
watershed_x_landform,B_830305_38_LF_2010101,多摩川 / basin 38 / 台地・段丘,all_land_use,Pa->Jo,1,drop,0,4,0
watershed_x_landform,B_830305_38_LF_2010101,多摩川 / basin 38 / 台地・段丘,all_land_use,Pa->Jo,1,new,4,4,1
watershed_x_landform,B_830305_38_LF_2010101,多摩川 / basin 38 / 台地・段丘,all_land_use,Ya->Ko,3,continue,1,3,0.3333333333333333
watershed_x_landform,B_830305_38_LF_2010101,多摩川 / basin 38 / 台地・段丘,all_land_use,Ya->Ko,3,drop,0,3,0
watershed_x_landform,B_830305_38_LF_2010101,多摩川 / basin 38 / 台地・段丘,all_land_use,Ya->Ko,3,new,2,3,0.6666666666666666
watershed_x_landform,B_830305_39_LF_2010101,多摩川 / basin 39 / 台地・段丘,all_land_use,He->Me,6,continue,0,3,0
watershed_x_landform,B_830305_39_LF_2010101,多摩川 / basin 39 / 台地・段丘,all_land_use,He->Me,6,drop,1,3,0.3333333333333333
watershed_x_landform,B_830305_39_LF_2010101,多摩川 / basin 39 / 台地・段丘,all_land_use,He->Me,6,new,2,3,0.6666666666666666
watershed_x_landform,B_830305_39_LF_2010101,多摩川 / basin 39 / 台地・段丘,all_land_use,Jo->Ya,2,continue,0,2,0
watershed_x_landform,B_830305_39_LF_2010101,多摩川 / basin 39 / 台地・段丘,all_land_use,Jo->Ya,2,drop,2,2,1
watershed_x_landform,B_830305_39_LF_2010101,多摩川 / basin 39 / 台地・段丘,all_land_use,Jo->Ya,2,new,0,2,0
watershed_x_landform,B_830305_39_LF_2010101,多摩川 / basin 39 / 台地・段丘,all_land_use,Na->He,5,continue,0,1,0
watershed_x_landform,B_830305_39_LF_2010101,多摩川 / basin 39 / 台地・段丘,all_land_use,Na->He,5,drop,0,1,0
watershed_x_landform,B_830305_39_LF_2010101,多摩川 / basin 39 / 台地・段丘,all_land_use,Na->He,5,new,1,1,1
watershed_x_landform,B_830305_39_LF_2010101,多摩川 / basin 39 / 台地・段丘,all_land_use,Pa->Jo,1,continue,0,2,0
watershed_x_landform,B_830305_39_LF_2010101,多摩川 / basin 39 / 台地・段丘,all_land_use,Pa->Jo,1,drop,0,2,0
watershed_x_landform,B_830305_39_LF_2010101,多摩川 / basin 39 / 台地・段丘,all_land_use,Pa->Jo,1,new,2,2,1
watershed_x_landform,B_830305_3_LF_1010101,多摩川 / basin 3 / 山地斜面等,all_land_use,He->Me,6,continue,0,2,0
watershed_x_landform,B_830305_3_LF_1010101,多摩川 / basin 3 / 山地斜面等,all_land_use,He->Me,6,drop,0,2,0
watershed_x_landform,B_830305_3_LF_1010101,多摩川 / basin 3 / 山地斜面等,all_land_use,He->Me,6,new,2,2,1
watershed_x_landform,B_830305_3_LF_1010101,多摩川 / basin 3 / 山地斜面等,all_land_use,Jo->Ya,2,continue,0,3,0
watershed_x_landform,B_830305_3_LF_1010101,多摩川 / basin 3 / 山地斜面等,all_land_use,Jo->Ya,2,drop,3,3,1
watershed_x_landform,B_830305_3_LF_1010101,多摩川 / basin 3 / 山地斜面等,all_land_use,Jo->Ya,2,new,0,3,0
watershed_x_landform,B_830305_3_LF_1010101,多摩川 / basin 3 / 山地斜面等,all_land_use,Ko->Na,4,continue,6,20,0.3
watershed_x_landform,B_830305_3_LF_1010101,多摩川 / basin 3 / 山地斜面等,all_land_use,Ko->Na,4,drop,14,20,0.7
watershed_x_landform,B_830305_3_LF_1010101,多摩川 / basin 3 / 山地斜面等,all_land_use,Ko->Na,4,new,0,20,0
watershed_x_landform,B_830305_3_LF_1010101,多摩川 / basin 3 / 山地斜面等,all_land_use,Na->He,5,continue,0,6,0
watershed_x_landform,B_830305_3_LF_1010101,多摩川 / basin 3 / 山地斜面等,all_land_use,Na->He,5,drop,6,6,1
watershed_x_landform,B_830305_3_LF_1010101,多摩川 / basin 3 / 山地斜面等,all_land_use,Na->He,5,new,0,6,0
watershed_x_landform,B_830305_3_LF_1010101,多摩川 / basin 3 / 山地斜面等,all_land_use,Pa->Jo,1,continue,0,3,0
watershed_x_landform,B_830305_3_LF_1010101,多摩川 / basin 3 / 山地斜面等,all_land_use,Pa->Jo,1,drop,0,3,0
watershed_x_landform,B_830305_3_LF_1010101,多摩川 / basin 3 / 山地斜面等,all_land_use,Pa->Jo,1,new,3,3,1
watershed_x_landform,B_830305_3_LF_1010101,多摩川 / basin 3 / 山地斜面等,all_land_use,Ya->Ko,3,continue,0,20,0
watershed_x_landform,B_830305_3_LF_1010101,多摩川 / basin 3 / 山地斜面等,all_land_use,Ya->Ko,3,drop,0,20,0
watershed_x_landform,B_830305_3_LF_1010101,多摩川 / basin 3 / 山地斜面等,all_land_use,Ya->Ko,3,new,20,20,1
watershed_x_landform,B_830305_3_LF_2010101,多摩川 / basin 3 / 台地・段丘,all_land_use,He->Me,6,continue,0,3,0
watershed_x_landform,B_830305_3_LF_2010101,多摩川 / basin 3 / 台地・段丘,all_land_use,He->Me,6,drop,0,3,0
watershed_x_landform,B_830305_3_LF_2010101,多摩川 / basin 3 / 台地・段丘,all_land_use,He->Me,6,new,3,3,1
watershed_x_landform,B_830305_3_LF_2010101,多摩川 / basin 3 / 台地・段丘,all_land_use,Jo->Ya,2,continue,2,6,0.3333333333333333
watershed_x_landform,B_830305_3_LF_2010101,多摩川 / basin 3 / 台地・段丘,all_land_use,Jo->Ya,2,drop,4,6,0.6666666666666666
watershed_x_landform,B_830305_3_LF_2010101,多摩川 / basin 3 / 台地・段丘,all_land_use,Jo->Ya,2,new,0,6,0
watershed_x_landform,B_830305_3_LF_2010101,多摩川 / basin 3 / 台地・段丘,all_land_use,Ko->Na,4,continue,2,18,0.1111111111111111
watershed_x_landform,B_830305_3_LF_2010101,多摩川 / basin 3 / 台地・段丘,all_land_use,Ko->Na,4,drop,16,18,0.8888888888888888
watershed_x_landform,B_830305_3_LF_2010101,多摩川 / basin 3 / 台地・段丘,all_land_use,Ko->Na,4,new,0,18,0
watershed_x_landform,B_830305_3_LF_2010101,多摩川 / basin 3 / 台地・段丘,all_land_use,Na->He,5,continue,0,2,0
watershed_x_landform,B_830305_3_LF_2010101,多摩川 / basin 3 / 台地・段丘,all_land_use,Na->He,5,drop,2,2,1
watershed_x_landform,B_830305_3_LF_2010101,多摩川 / basin 3 / 台地・段丘,all_land_use,Na->He,5,new,0,2,0
watershed_x_landform,B_830305_3_LF_2010101,多摩川 / basin 3 / 台地・段丘,all_land_use,Pa->Jo,1,continue,3,6,0.5
watershed_x_landform,B_830305_3_LF_2010101,多摩川 / basin 3 / 台地・段丘,all_land_use,Pa->Jo,1,drop,0,6,0
watershed_x_landform,B_830305_3_LF_2010101,多摩川 / basin 3 / 台地・段丘,all_land_use,Pa->Jo,1,new,3,6,0.5
watershed_x_landform,B_830305_3_LF_2010101,多摩川 / basin 3 / 台地・段丘,all_land_use,Ya->Ko,3,continue,2,18,0.1111111111111111
watershed_x_landform,B_830305_3_LF_2010101,多摩川 / basin 3 / 台地・段丘,all_land_use,Ya->Ko,3,drop,0,18,0
watershed_x_landform,B_830305_3_LF_2010101,多摩川 / basin 3 / 台地・段丘,all_land_use,Ya->Ko,3,new,16,18,0.8888888888888888
watershed_x_landform,B_830305_40_LF_10101,多摩川 / basin 40 / 山地斜面等,all_land_use,He->Me,6,continue,1,7,0.14285714285714285
watershed_x_landform,B_830305_40_LF_10101,多摩川 / basin 40 / 山地斜面等,all_land_use,He->Me,6,drop,2,7,0.2857142857142857
watershed_x_landform,B_830305_40_LF_10101,多摩川 / basin 40 / 山地斜面等,all_land_use,He->Me,6,new,4,7,0.5714285714285714
watershed_x_landform,B_830305_40_LF_10101,多摩川 / basin 40 / 山地斜面等,all_land_use,Jo->Ya,2,continue,0,16,0
watershed_x_landform,B_830305_40_LF_10101,多摩川 / basin 40 / 山地斜面等,all_land_use,Jo->Ya,2,drop,16,16,1
watershed_x_landform,B_830305_40_LF_10101,多摩川 / basin 40 / 山地斜面等,all_land_use,Jo->Ya,2,new,0,16,0
watershed_x_landform,B_830305_40_LF_10101,多摩川 / basin 40 / 山地斜面等,all_land_use,Ko->Na,4,continue,1,2,0.5
watershed_x_landform,B_830305_40_LF_10101,多摩川 / basin 40 / 山地斜面等,all_land_use,Ko->Na,4,drop,1,2,0.5
watershed_x_landform,B_830305_40_LF_10101,多摩川 / basin 40 / 山地斜面等,all_land_use,Ko->Na,4,new,0,2,0
watershed_x_landform,B_830305_40_LF_10101,多摩川 / basin 40 / 山地斜面等,all_land_use,Na->He,5,continue,1,3,0.3333333333333333
watershed_x_landform,B_830305_40_LF_10101,多摩川 / basin 40 / 山地斜面等,all_land_use,Na->He,5,drop,0,3,0
watershed_x_landform,B_830305_40_LF_10101,多摩川 / basin 40 / 山地斜面等,all_land_use,Na->He,5,new,2,3,0.6666666666666666
watershed_x_landform,B_830305_40_LF_10101,多摩川 / basin 40 / 山地斜面等,all_land_use,Pa->Jo,1,continue,3,16,0.1875
watershed_x_landform,B_830305_40_LF_10101,多摩川 / basin 40 / 山地斜面等,all_land_use,Pa->Jo,1,drop,0,16,0
watershed_x_landform,B_830305_40_LF_10101,多摩川 / basin 40 / 山地斜面等,all_land_use,Pa->Jo,1,new,13,16,0.8125
watershed_x_landform,B_830305_40_LF_10101,多摩川 / basin 40 / 山地斜面等,all_land_use,Ya->Ko,3,continue,0,2,0
watershed_x_landform,B_830305_40_LF_10101,多摩川 / basin 40 / 山地斜面等,all_land_use,Ya->Ko,3,drop,0,2,0
watershed_x_landform,B_830305_40_LF_10101,多摩川 / basin 40 / 山地斜面等,all_land_use,Ya->Ko,3,new,2,2,1
watershed_x_landform,B_830305_40_LF_1010101,多摩川 / basin 40 / 山地斜面等,all_land_use,He->Me,6,continue,4,8,0.5
watershed_x_landform,B_830305_40_LF_1010101,多摩川 / basin 40 / 山地斜面等,all_land_use,He->Me,6,drop,4,8,0.5
watershed_x_landform,B_830305_40_LF_1010101,多摩川 / basin 40 / 山地斜面等,all_land_use,He->Me,6,new,0,8,0
watershed_x_landform,B_830305_40_LF_1010101,多摩川 / basin 40 / 山地斜面等,all_land_use,Jo->Ya,2,continue,4,10,0.4
watershed_x_landform,B_830305_40_LF_1010101,多摩川 / basin 40 / 山地斜面等,all_land_use,Jo->Ya,2,drop,6,10,0.6
watershed_x_landform,B_830305_40_LF_1010101,多摩川 / basin 40 / 山地斜面等,all_land_use,Jo->Ya,2,new,0,10,0
watershed_x_landform,B_830305_40_LF_1010101,多摩川 / basin 40 / 山地斜面等,all_land_use,Ko->Na,4,continue,3,6,0.5
watershed_x_landform,B_830305_40_LF_1010101,多摩川 / basin 40 / 山地斜面等,all_land_use,Ko->Na,4,drop,2,6,0.3333333333333333
watershed_x_landform,B_830305_40_LF_1010101,多摩川 / basin 40 / 山地斜面等,all_land_use,Ko->Na,4,new,1,6,0.16666666666666666
watershed_x_landform,B_830305_40_LF_1010101,多摩川 / basin 40 / 山地斜面等,all_land_use,Na->He,5,continue,4,8,0.5
watershed_x_landform,B_830305_40_LF_1010101,多摩川 / basin 40 / 山地斜面等,all_land_use,Na->He,5,drop,0,8,0
watershed_x_landform,B_830305_40_LF_1010101,多摩川 / basin 40 / 山地斜面等,all_land_use,Na->He,5,new,4,8,0.5
watershed_x_landform,B_830305_40_LF_1010101,多摩川 / basin 40 / 山地斜面等,all_land_use,Pa->Jo,1,continue,2,10,0.2
watershed_x_landform,B_830305_40_LF_1010101,多摩川 / basin 40 / 山地斜面等,all_land_use,Pa->Jo,1,drop,0,10,0
watershed_x_landform,B_830305_40_LF_1010101,多摩川 / basin 40 / 山地斜面等,all_land_use,Pa->Jo,1,new,8,10,0.8
watershed_x_landform,B_830305_40_LF_1010101,多摩川 / basin 40 / 山地斜面等,all_land_use,Ya->Ko,3,continue,2,7,0.2857142857142857
watershed_x_landform,B_830305_40_LF_1010101,多摩川 / basin 40 / 山地斜面等,all_land_use,Ya->Ko,3,drop,2,7,0.2857142857142857
watershed_x_landform,B_830305_40_LF_1010101,多摩川 / basin 40 / 山地斜面等,all_land_use,Ya->Ko,3,new,3,7,0.42857142857142855
watershed_x_landform,B_830305_40_LF_2010101,多摩川 / basin 40 / 台地・段丘,all_land_use,He->Me,6,continue,6,27,0.2222222222222222
watershed_x_landform,B_830305_40_LF_2010101,多摩川 / basin 40 / 台地・段丘,all_land_use,He->Me,6,drop,21,27,0.7777777777777778
watershed_x_landform,B_830305_40_LF_2010101,多摩川 / basin 40 / 台地・段丘,all_land_use,He->Me,6,new,0,27,0
watershed_x_landform,B_830305_40_LF_2010101,多摩川 / basin 40 / 台地・段丘,all_land_use,Jo->Ya,2,continue,12,28,0.42857142857142855
watershed_x_landform,B_830305_40_LF_2010101,多摩川 / basin 40 / 台地・段丘,all_land_use,Jo->Ya,2,drop,16,28,0.5714285714285714
watershed_x_landform,B_830305_40_LF_2010101,多摩川 / basin 40 / 台地・段丘,all_land_use,Jo->Ya,2,new,0,28,0
watershed_x_landform,B_830305_40_LF_2010101,多摩川 / basin 40 / 台地・段丘,all_land_use,Ko->Na,4,continue,8,24,0.3333333333333333
watershed_x_landform,B_830305_40_LF_2010101,多摩川 / basin 40 / 台地・段丘,all_land_use,Ko->Na,4,drop,10,24,0.4166666666666667
watershed_x_landform,B_830305_40_LF_2010101,多摩川 / basin 40 / 台地・段丘,all_land_use,Ko->Na,4,new,6,24,0.25
watershed_x_landform,B_830305_40_LF_2010101,多摩川 / basin 40 / 台地・段丘,all_land_use,Na->He,5,continue,14,27,0.5185185185185185
watershed_x_landform,B_830305_40_LF_2010101,多摩川 / basin 40 / 台地・段丘,all_land_use,Na->He,5,drop,0,27,0
watershed_x_landform,B_830305_40_LF_2010101,多摩川 / basin 40 / 台地・段丘,all_land_use,Na->He,5,new,13,27,0.48148148148148145
watershed_x_landform,B_830305_40_LF_2010101,多摩川 / basin 40 / 台地・段丘,all_land_use,Pa->Jo,1,continue,7,28,0.25
watershed_x_landform,B_830305_40_LF_2010101,多摩川 / basin 40 / 台地・段丘,all_land_use,Pa->Jo,1,drop,0,28,0
watershed_x_landform,B_830305_40_LF_2010101,多摩川 / basin 40 / 台地・段丘,all_land_use,Pa->Jo,1,new,21,28,0.75
watershed_x_landform,B_830305_40_LF_2010101,多摩川 / basin 40 / 台地・段丘,all_land_use,Ya->Ko,3,continue,8,22,0.36363636363636365
watershed_x_landform,B_830305_40_LF_2010101,多摩川 / basin 40 / 台地・段丘,all_land_use,Ya->Ko,3,drop,4,22,0.18181818181818182
watershed_x_landform,B_830305_40_LF_2010101,多摩川 / basin 40 / 台地・段丘,all_land_use,Ya->Ko,3,new,10,22,0.45454545454545453
watershed_x_landform,B_830305_40_LF_2010201,多摩川 / basin 40 / 崖・段丘崖,all_land_use,He->Me,6,continue,0,1,0
watershed_x_landform,B_830305_40_LF_2010201,多摩川 / basin 40 / 崖・段丘崖,all_land_use,He->Me,6,drop,1,1,1
watershed_x_landform,B_830305_40_LF_2010201,多摩川 / basin 40 / 崖・段丘崖,all_land_use,He->Me,6,new,0,1,0
watershed_x_landform,B_830305_40_LF_2010201,多摩川 / basin 40 / 崖・段丘崖,all_land_use,Jo->Ya,2,continue,0,1,0
watershed_x_landform,B_830305_40_LF_2010201,多摩川 / basin 40 / 崖・段丘崖,all_land_use,Jo->Ya,2,drop,1,1,1
watershed_x_landform,B_830305_40_LF_2010201,多摩川 / basin 40 / 崖・段丘崖,all_land_use,Jo->Ya,2,new,0,1,0
watershed_x_landform,B_830305_40_LF_2010201,多摩川 / basin 40 / 崖・段丘崖,all_land_use,Ko->Na,4,continue,1,1,1
watershed_x_landform,B_830305_40_LF_2010201,多摩川 / basin 40 / 崖・段丘崖,all_land_use,Ko->Na,4,drop,0,1,0
watershed_x_landform,B_830305_40_LF_2010201,多摩川 / basin 40 / 崖・段丘崖,all_land_use,Ko->Na,4,new,0,1,0
watershed_x_landform,B_830305_40_LF_2010201,多摩川 / basin 40 / 崖・段丘崖,all_land_use,Na->He,5,continue,1,1,1
watershed_x_landform,B_830305_40_LF_2010201,多摩川 / basin 40 / 崖・段丘崖,all_land_use,Na->He,5,drop,0,1,0
watershed_x_landform,B_830305_40_LF_2010201,多摩川 / basin 40 / 崖・段丘崖,all_land_use,Na->He,5,new,0,1,0
watershed_x_landform,B_830305_40_LF_2010201,多摩川 / basin 40 / 崖・段丘崖,all_land_use,Pa->Jo,1,continue,0,1,0
watershed_x_landform,B_830305_40_LF_2010201,多摩川 / basin 40 / 崖・段丘崖,all_land_use,Pa->Jo,1,drop,0,1,0
watershed_x_landform,B_830305_40_LF_2010201,多摩川 / basin 40 / 崖・段丘崖,all_land_use,Pa->Jo,1,new,1,1,1
watershed_x_landform,B_830305_40_LF_2010201,多摩川 / basin 40 / 崖・段丘崖,all_land_use,Ya->Ko,3,continue,0,1,0
watershed_x_landform,B_830305_40_LF_2010201,多摩川 / basin 40 / 崖・段丘崖,all_land_use,Ya->Ko,3,drop,0,1,0
watershed_x_landform,B_830305_40_LF_2010201,多摩川 / basin 40 / 崖・段丘崖,all_land_use,Ya->Ko,3,new,1,1,1
watershed_x_landform,B_830305_40_LF_2010301,多摩川 / basin 40 / 凹地・浅い谷,all_land_use,He->Me,6,continue,1,2,0.5
watershed_x_landform,B_830305_40_LF_2010301,多摩川 / basin 40 / 凹地・浅い谷,all_land_use,He->Me,6,drop,1,2,0.5
watershed_x_landform,B_830305_40_LF_2010301,多摩川 / basin 40 / 凹地・浅い谷,all_land_use,He->Me,6,new,0,2,0
watershed_x_landform,B_830305_40_LF_2010301,多摩川 / basin 40 / 凹地・浅い谷,all_land_use,Jo->Ya,2,continue,1,2,0.5
watershed_x_landform,B_830305_40_LF_2010301,多摩川 / basin 40 / 凹地・浅い谷,all_land_use,Jo->Ya,2,drop,1,2,0.5
watershed_x_landform,B_830305_40_LF_2010301,多摩川 / basin 40 / 凹地・浅い谷,all_land_use,Jo->Ya,2,new,0,2,0
watershed_x_landform,B_830305_40_LF_2010301,多摩川 / basin 40 / 凹地・浅い谷,all_land_use,Na->He,5,continue,0,2,0
watershed_x_landform,B_830305_40_LF_2010301,多摩川 / basin 40 / 凹地・浅い谷,all_land_use,Na->He,5,drop,0,2,0
watershed_x_landform,B_830305_40_LF_2010301,多摩川 / basin 40 / 凹地・浅い谷,all_land_use,Na->He,5,new,2,2,1
watershed_x_landform,B_830305_40_LF_2010301,多摩川 / basin 40 / 凹地・浅い谷,all_land_use,Pa->Jo,1,continue,1,2,0.5
watershed_x_landform,B_830305_40_LF_2010301,多摩川 / basin 40 / 凹地・浅い谷,all_land_use,Pa->Jo,1,drop,0,2,0
watershed_x_landform,B_830305_40_LF_2010301,多摩川 / basin 40 / 凹地・浅い谷,all_land_use,Pa->Jo,1,new,1,2,0.5
watershed_x_landform,B_830305_40_LF_2010301,多摩川 / basin 40 / 凹地・浅い谷,all_land_use,Ya->Ko,3,continue,0,1,0
watershed_x_landform,B_830305_40_LF_2010301,多摩川 / basin 40 / 凹地・浅い谷,all_land_use,Ya->Ko,3,drop,1,1,1
watershed_x_landform,B_830305_40_LF_2010301,多摩川 / basin 40 / 凹地・浅い谷,all_land_use,Ya->Ko,3,new,0,1,0
watershed_x_landform,B_830305_40_LF_3010101,多摩川 / basin 40 / 山麓堆積地形,all_land_use,He->Me,6,continue,0,2,0
watershed_x_landform,B_830305_40_LF_3010101,多摩川 / basin 40 / 山麓堆積地形,all_land_use,He->Me,6,drop,1,2,0.5
watershed_x_landform,B_830305_40_LF_3010101,多摩川 / basin 40 / 山麓堆積地形,all_land_use,He->Me,6,new,1,2,0.5
watershed_x_landform,B_830305_40_LF_3010101,多摩川 / basin 40 / 山麓堆積地形,all_land_use,Jo->Ya,2,continue,0,1,0
watershed_x_landform,B_830305_40_LF_3010101,多摩川 / basin 40 / 山麓堆積地形,all_land_use,Jo->Ya,2,drop,1,1,1
watershed_x_landform,B_830305_40_LF_3010101,多摩川 / basin 40 / 山麓堆積地形,all_land_use,Jo->Ya,2,new,0,1,0
watershed_x_landform,B_830305_40_LF_3010101,多摩川 / basin 40 / 山麓堆積地形,all_land_use,Ko->Na,4,continue,0,1,0
watershed_x_landform,B_830305_40_LF_3010101,多摩川 / basin 40 / 山麓堆積地形,all_land_use,Ko->Na,4,drop,0,1,0
watershed_x_landform,B_830305_40_LF_3010101,多摩川 / basin 40 / 山麓堆積地形,all_land_use,Ko->Na,4,new,1,1,1
watershed_x_landform,B_830305_40_LF_3010101,多摩川 / basin 40 / 山麓堆積地形,all_land_use,Na->He,5,continue,1,1,1
watershed_x_landform,B_830305_40_LF_3010101,多摩川 / basin 40 / 山麓堆積地形,all_land_use,Na->He,5,drop,0,1,0
watershed_x_landform,B_830305_40_LF_3010101,多摩川 / basin 40 / 山麓堆積地形,all_land_use,Na->He,5,new,0,1,0
watershed_x_landform,B_830305_40_LF_3010101,多摩川 / basin 40 / 山麓堆積地形,all_land_use,Pa->Jo,1,continue,0,1,0
watershed_x_landform,B_830305_40_LF_3010101,多摩川 / basin 40 / 山麓堆積地形,all_land_use,Pa->Jo,1,drop,0,1,0
watershed_x_landform,B_830305_40_LF_3010101,多摩川 / basin 40 / 山麓堆積地形,all_land_use,Pa->Jo,1,new,1,1,1
watershed_x_landform,B_830305_40_LF_3030101,多摩川 / basin 40 / 氾濫平野・海岸平野,all_land_use,Jo->Ya,2,continue,0,1,0
watershed_x_landform,B_830305_40_LF_3030101,多摩川 / basin 40 / 氾濫平野・海岸平野,all_land_use,Jo->Ya,2,drop,1,1,1
watershed_x_landform,B_830305_40_LF_3030101,多摩川 / basin 40 / 氾濫平野・海岸平野,all_land_use,Jo->Ya,2,new,0,1,0
watershed_x_landform,B_830305_40_LF_3030101,多摩川 / basin 40 / 氾濫平野・海岸平野,all_land_use,Ko->Na,4,continue,0,1,0
watershed_x_landform,B_830305_40_LF_3030101,多摩川 / basin 40 / 氾濫平野・海岸平野,all_land_use,Ko->Na,4,drop,1,1,1
watershed_x_landform,B_830305_40_LF_3030101,多摩川 / basin 40 / 氾濫平野・海岸平野,all_land_use,Ko->Na,4,new,0,1,0
watershed_x_landform,B_830305_40_LF_3030101,多摩川 / basin 40 / 氾濫平野・海岸平野,all_land_use,Pa->Jo,1,continue,0,1,0
watershed_x_landform,B_830305_40_LF_3030101,多摩川 / basin 40 / 氾濫平野・海岸平野,all_land_use,Pa->Jo,1,drop,0,1,0
watershed_x_landform,B_830305_40_LF_3030101,多摩川 / basin 40 / 氾濫平野・海岸平野,all_land_use,Pa->Jo,1,new,1,1,1
watershed_x_landform,B_830305_40_LF_3030101,多摩川 / basin 40 / 氾濫平野・海岸平野,all_land_use,Ya->Ko,3,continue,0,1,0
watershed_x_landform,B_830305_40_LF_3030101,多摩川 / basin 40 / 氾濫平野・海岸平野,all_land_use,Ya->Ko,3,drop,0,1,0
watershed_x_landform,B_830305_40_LF_3030101,多摩川 / basin 40 / 氾濫平野・海岸平野,all_land_use,Ya->Ko,3,new,1,1,1
watershed_x_landform,B_830305_41_LF_1010101,多摩川 / basin 41 / 山地斜面等,all_land_use,He->Me,6,continue,1,2,0.5
watershed_x_landform,B_830305_41_LF_1010101,多摩川 / basin 41 / 山地斜面等,all_land_use,He->Me,6,drop,1,2,0.5
watershed_x_landform,B_830305_41_LF_1010101,多摩川 / basin 41 / 山地斜面等,all_land_use,He->Me,6,new,0,2,0
watershed_x_landform,B_830305_41_LF_1010101,多摩川 / basin 41 / 山地斜面等,all_land_use,Jo->Ya,2,continue,0,1,0
watershed_x_landform,B_830305_41_LF_1010101,多摩川 / basin 41 / 山地斜面等,all_land_use,Jo->Ya,2,drop,1,1,1
watershed_x_landform,B_830305_41_LF_1010101,多摩川 / basin 41 / 山地斜面等,all_land_use,Jo->Ya,2,new,0,1,0
watershed_x_landform,B_830305_41_LF_1010101,多摩川 / basin 41 / 山地斜面等,all_land_use,Ko->Na,4,continue,0,2,0
watershed_x_landform,B_830305_41_LF_1010101,多摩川 / basin 41 / 山地斜面等,all_land_use,Ko->Na,4,drop,1,2,0.5
watershed_x_landform,B_830305_41_LF_1010101,多摩川 / basin 41 / 山地斜面等,all_land_use,Ko->Na,4,new,1,2,0.5
watershed_x_landform,B_830305_41_LF_1010101,多摩川 / basin 41 / 山地斜面等,all_land_use,Na->He,5,continue,1,2,0.5
watershed_x_landform,B_830305_41_LF_1010101,多摩川 / basin 41 / 山地斜面等,all_land_use,Na->He,5,drop,0,2,0
watershed_x_landform,B_830305_41_LF_1010101,多摩川 / basin 41 / 山地斜面等,all_land_use,Na->He,5,new,1,2,0.5
watershed_x_landform,B_830305_41_LF_1010101,多摩川 / basin 41 / 山地斜面等,all_land_use,Pa->Jo,1,continue,0,1,0
watershed_x_landform,B_830305_41_LF_1010101,多摩川 / basin 41 / 山地斜面等,all_land_use,Pa->Jo,1,drop,0,1,0
watershed_x_landform,B_830305_41_LF_1010101,多摩川 / basin 41 / 山地斜面等,all_land_use,Pa->Jo,1,new,1,1,1
watershed_x_landform,B_830305_41_LF_1010101,多摩川 / basin 41 / 山地斜面等,all_land_use,Ya->Ko,3,continue,0,1,0
watershed_x_landform,B_830305_41_LF_1010101,多摩川 / basin 41 / 山地斜面等,all_land_use,Ya->Ko,3,drop,0,1,0
watershed_x_landform,B_830305_41_LF_1010101,多摩川 / basin 41 / 山地斜面等,all_land_use,Ya->Ko,3,new,1,1,1
watershed_x_landform,B_830305_41_LF_2010101,多摩川 / basin 41 / 台地・段丘,all_land_use,He->Me,6,continue,0,6,0
watershed_x_landform,B_830305_41_LF_2010101,多摩川 / basin 41 / 台地・段丘,all_land_use,He->Me,6,drop,6,6,1
watershed_x_landform,B_830305_41_LF_2010101,多摩川 / basin 41 / 台地・段丘,all_land_use,He->Me,6,new,0,6,0
watershed_x_landform,B_830305_41_LF_2010101,多摩川 / basin 41 / 台地・段丘,all_land_use,Jo->Ya,2,continue,4,6,0.6666666666666666
watershed_x_landform,B_830305_41_LF_2010101,多摩川 / basin 41 / 台地・段丘,all_land_use,Jo->Ya,2,drop,2,6,0.3333333333333333
watershed_x_landform,B_830305_41_LF_2010101,多摩川 / basin 41 / 台地・段丘,all_land_use,Jo->Ya,2,new,0,6,0
watershed_x_landform,B_830305_41_LF_2010101,多摩川 / basin 41 / 台地・段丘,all_land_use,Ko->Na,4,continue,2,7,0.2857142857142857
watershed_x_landform,B_830305_41_LF_2010101,多摩川 / basin 41 / 台地・段丘,all_land_use,Ko->Na,4,drop,5,7,0.7142857142857143
watershed_x_landform,B_830305_41_LF_2010101,多摩川 / basin 41 / 台地・段丘,all_land_use,Ko->Na,4,new,0,7,0
watershed_x_landform,B_830305_41_LF_2010101,多摩川 / basin 41 / 台地・段丘,all_land_use,Na->He,5,continue,2,6,0.3333333333333333
watershed_x_landform,B_830305_41_LF_2010101,多摩川 / basin 41 / 台地・段丘,all_land_use,Na->He,5,drop,0,6,0
watershed_x_landform,B_830305_41_LF_2010101,多摩川 / basin 41 / 台地・段丘,all_land_use,Na->He,5,new,4,6,0.6666666666666666
watershed_x_landform,B_830305_41_LF_2010101,多摩川 / basin 41 / 台地・段丘,all_land_use,Pa->Jo,1,continue,0,6,0
watershed_x_landform,B_830305_41_LF_2010101,多摩川 / basin 41 / 台地・段丘,all_land_use,Pa->Jo,1,drop,0,6,0
watershed_x_landform,B_830305_41_LF_2010101,多摩川 / basin 41 / 台地・段丘,all_land_use,Pa->Jo,1,new,6,6,1
watershed_x_landform,B_830305_41_LF_2010101,多摩川 / basin 41 / 台地・段丘,all_land_use,Ya->Ko,3,continue,4,7,0.5714285714285714
watershed_x_landform,B_830305_41_LF_2010101,多摩川 / basin 41 / 台地・段丘,all_land_use,Ya->Ko,3,drop,0,7,0
watershed_x_landform,B_830305_41_LF_2010101,多摩川 / basin 41 / 台地・段丘,all_land_use,Ya->Ko,3,new,3,7,0.42857142857142855
watershed_x_landform,B_830305_41_LF_3030101,多摩川 / basin 41 / 氾濫平野・海岸平野,all_land_use,He->Me,6,continue,0,1,0
watershed_x_landform,B_830305_41_LF_3030101,多摩川 / basin 41 / 氾濫平野・海岸平野,all_land_use,He->Me,6,drop,1,1,1
watershed_x_landform,B_830305_41_LF_3030101,多摩川 / basin 41 / 氾濫平野・海岸平野,all_land_use,He->Me,6,new,0,1,0
watershed_x_landform,B_830305_41_LF_3030101,多摩川 / basin 41 / 氾濫平野・海岸平野,all_land_use,Jo->Ya,2,continue,0,1,0
watershed_x_landform,B_830305_41_LF_3030101,多摩川 / basin 41 / 氾濫平野・海岸平野,all_land_use,Jo->Ya,2,drop,1,1,1
watershed_x_landform,B_830305_41_LF_3030101,多摩川 / basin 41 / 氾濫平野・海岸平野,all_land_use,Jo->Ya,2,new,0,1,0
watershed_x_landform,B_830305_41_LF_3030101,多摩川 / basin 41 / 氾濫平野・海岸平野,all_land_use,Ko->Na,4,continue,0,1,0
watershed_x_landform,B_830305_41_LF_3030101,多摩川 / basin 41 / 氾濫平野・海岸平野,all_land_use,Ko->Na,4,drop,1,1,1
watershed_x_landform,B_830305_41_LF_3030101,多摩川 / basin 41 / 氾濫平野・海岸平野,all_land_use,Ko->Na,4,new,0,1,0
watershed_x_landform,B_830305_41_LF_3030101,多摩川 / basin 41 / 氾濫平野・海岸平野,all_land_use,Na->He,5,continue,0,1,0
watershed_x_landform,B_830305_41_LF_3030101,多摩川 / basin 41 / 氾濫平野・海岸平野,all_land_use,Na->He,5,drop,0,1,0
watershed_x_landform,B_830305_41_LF_3030101,多摩川 / basin 41 / 氾濫平野・海岸平野,all_land_use,Na->He,5,new,1,1,1
watershed_x_landform,B_830305_41_LF_3030101,多摩川 / basin 41 / 氾濫平野・海岸平野,all_land_use,Pa->Jo,1,continue,0,1,0
watershed_x_landform,B_830305_41_LF_3030101,多摩川 / basin 41 / 氾濫平野・海岸平野,all_land_use,Pa->Jo,1,drop,0,1,0
watershed_x_landform,B_830305_41_LF_3030101,多摩川 / basin 41 / 氾濫平野・海岸平野,all_land_use,Pa->Jo,1,new,1,1,1
watershed_x_landform,B_830305_41_LF_3030101,多摩川 / basin 41 / 氾濫平野・海岸平野,all_land_use,Ya->Ko,3,continue,0,1,0
watershed_x_landform,B_830305_41_LF_3030101,多摩川 / basin 41 / 氾濫平野・海岸平野,all_land_use,Ya->Ko,3,drop,0,1,0
watershed_x_landform,B_830305_41_LF_3030101,多摩川 / basin 41 / 氾濫平野・海岸平野,all_land_use,Ya->Ko,3,new,1,1,1
watershed_x_landform,B_830305_42_LF_1010101,多摩川 / basin 42 / 山地斜面等,all_land_use,Jo->Ya,2,continue,0,3,0
watershed_x_landform,B_830305_42_LF_1010101,多摩川 / basin 42 / 山地斜面等,all_land_use,Jo->Ya,2,drop,3,3,1
watershed_x_landform,B_830305_42_LF_1010101,多摩川 / basin 42 / 山地斜面等,all_land_use,Jo->Ya,2,new,0,3,0
watershed_x_landform,B_830305_42_LF_1010101,多摩川 / basin 42 / 山地斜面等,all_land_use,Ko->Na,4,continue,0,1,0
watershed_x_landform,B_830305_42_LF_1010101,多摩川 / basin 42 / 山地斜面等,all_land_use,Ko->Na,4,drop,0,1,0
watershed_x_landform,B_830305_42_LF_1010101,多摩川 / basin 42 / 山地斜面等,all_land_use,Ko->Na,4,new,1,1,1
watershed_x_landform,B_830305_42_LF_1010101,多摩川 / basin 42 / 山地斜面等,all_land_use,Na->He,5,continue,0,1,0
watershed_x_landform,B_830305_42_LF_1010101,多摩川 / basin 42 / 山地斜面等,all_land_use,Na->He,5,drop,1,1,1
watershed_x_landform,B_830305_42_LF_1010101,多摩川 / basin 42 / 山地斜面等,all_land_use,Na->He,5,new,0,1,0
watershed_x_landform,B_830305_42_LF_1010101,多摩川 / basin 42 / 山地斜面等,all_land_use,Pa->Jo,1,continue,0,3,0
watershed_x_landform,B_830305_42_LF_1010101,多摩川 / basin 42 / 山地斜面等,all_land_use,Pa->Jo,1,drop,0,3,0
watershed_x_landform,B_830305_42_LF_1010101,多摩川 / basin 42 / 山地斜面等,all_land_use,Pa->Jo,1,new,3,3,1
watershed_x_landform,B_830305_42_LF_2010101,多摩川 / basin 42 / 台地・段丘,all_land_use,He->Me,6,continue,0,4,0
watershed_x_landform,B_830305_42_LF_2010101,多摩川 / basin 42 / 台地・段丘,all_land_use,He->Me,6,drop,3,4,0.75
watershed_x_landform,B_830305_42_LF_2010101,多摩川 / basin 42 / 台地・段丘,all_land_use,He->Me,6,new,1,4,0.25
watershed_x_landform,B_830305_42_LF_2010101,多摩川 / basin 42 / 台地・段丘,all_land_use,Jo->Ya,2,continue,0,17,0
watershed_x_landform,B_830305_42_LF_2010101,多摩川 / basin 42 / 台地・段丘,all_land_use,Jo->Ya,2,drop,17,17,1
watershed_x_landform,B_830305_42_LF_2010101,多摩川 / basin 42 / 台地・段丘,all_land_use,Jo->Ya,2,new,0,17,0
watershed_x_landform,B_830305_42_LF_2010101,多摩川 / basin 42 / 台地・段丘,all_land_use,Ko->Na,4,continue,1,2,0.5
watershed_x_landform,B_830305_42_LF_2010101,多摩川 / basin 42 / 台地・段丘,all_land_use,Ko->Na,4,drop,1,2,0.5
watershed_x_landform,B_830305_42_LF_2010101,多摩川 / basin 42 / 台地・段丘,all_land_use,Ko->Na,4,new,0,2,0
watershed_x_landform,B_830305_42_LF_2010101,多摩川 / basin 42 / 台地・段丘,all_land_use,Na->He,5,continue,1,3,0.3333333333333333
watershed_x_landform,B_830305_42_LF_2010101,多摩川 / basin 42 / 台地・段丘,all_land_use,Na->He,5,drop,0,3,0
watershed_x_landform,B_830305_42_LF_2010101,多摩川 / basin 42 / 台地・段丘,all_land_use,Na->He,5,new,2,3,0.6666666666666666
watershed_x_landform,B_830305_42_LF_2010101,多摩川 / basin 42 / 台地・段丘,all_land_use,Pa->Jo,1,continue,0,17,0
watershed_x_landform,B_830305_42_LF_2010101,多摩川 / basin 42 / 台地・段丘,all_land_use,Pa->Jo,1,drop,0,17,0
watershed_x_landform,B_830305_42_LF_2010101,多摩川 / basin 42 / 台地・段丘,all_land_use,Pa->Jo,1,new,17,17,1
watershed_x_landform,B_830305_42_LF_2010101,多摩川 / basin 42 / 台地・段丘,all_land_use,Ya->Ko,3,continue,0,2,0
watershed_x_landform,B_830305_42_LF_2010101,多摩川 / basin 42 / 台地・段丘,all_land_use,Ya->Ko,3,drop,0,2,0
watershed_x_landform,B_830305_42_LF_2010101,多摩川 / basin 42 / 台地・段丘,all_land_use,Ya->Ko,3,new,2,2,1
watershed_x_landform,B_830305_42_LF_2010201,多摩川 / basin 42 / 崖・段丘崖,all_land_use,He->Me,6,continue,0,1,0
watershed_x_landform,B_830305_42_LF_2010201,多摩川 / basin 42 / 崖・段丘崖,all_land_use,He->Me,6,drop,1,1,1
watershed_x_landform,B_830305_42_LF_2010201,多摩川 / basin 42 / 崖・段丘崖,all_land_use,He->Me,6,new,0,1,0
watershed_x_landform,B_830305_42_LF_2010201,多摩川 / basin 42 / 崖・段丘崖,all_land_use,Jo->Ya,2,continue,0,1,0
watershed_x_landform,B_830305_42_LF_2010201,多摩川 / basin 42 / 崖・段丘崖,all_land_use,Jo->Ya,2,drop,1,1,1
watershed_x_landform,B_830305_42_LF_2010201,多摩川 / basin 42 / 崖・段丘崖,all_land_use,Jo->Ya,2,new,0,1,0
watershed_x_landform,B_830305_42_LF_2010201,多摩川 / basin 42 / 崖・段丘崖,all_land_use,Ko->Na,4,continue,0,1,0
watershed_x_landform,B_830305_42_LF_2010201,多摩川 / basin 42 / 崖・段丘崖,all_land_use,Ko->Na,4,drop,1,1,1
watershed_x_landform,B_830305_42_LF_2010201,多摩川 / basin 42 / 崖・段丘崖,all_land_use,Ko->Na,4,new,0,1,0
watershed_x_landform,B_830305_42_LF_2010201,多摩川 / basin 42 / 崖・段丘崖,all_land_use,Na->He,5,continue,0,1,0
watershed_x_landform,B_830305_42_LF_2010201,多摩川 / basin 42 / 崖・段丘崖,all_land_use,Na->He,5,drop,0,1,0
watershed_x_landform,B_830305_42_LF_2010201,多摩川 / basin 42 / 崖・段丘崖,all_land_use,Na->He,5,new,1,1,1
watershed_x_landform,B_830305_42_LF_2010201,多摩川 / basin 42 / 崖・段丘崖,all_land_use,Pa->Jo,1,continue,0,1,0
watershed_x_landform,B_830305_42_LF_2010201,多摩川 / basin 42 / 崖・段丘崖,all_land_use,Pa->Jo,1,drop,0,1,0
watershed_x_landform,B_830305_42_LF_2010201,多摩川 / basin 42 / 崖・段丘崖,all_land_use,Pa->Jo,1,new,1,1,1
watershed_x_landform,B_830305_42_LF_2010201,多摩川 / basin 42 / 崖・段丘崖,all_land_use,Ya->Ko,3,continue,0,1,0
watershed_x_landform,B_830305_42_LF_2010201,多摩川 / basin 42 / 崖・段丘崖,all_land_use,Ya->Ko,3,drop,0,1,0
watershed_x_landform,B_830305_42_LF_2010201,多摩川 / basin 42 / 崖・段丘崖,all_land_use,Ya->Ko,3,new,1,1,1
watershed_x_landform,B_830305_42_LF_3030101,多摩川 / basin 42 / 氾濫平野・海岸平野,all_land_use,Ko->Na,4,continue,0,1,0
watershed_x_landform,B_830305_42_LF_3030101,多摩川 / basin 42 / 氾濫平野・海岸平野,all_land_use,Ko->Na,4,drop,1,1,1
watershed_x_landform,B_830305_42_LF_3030101,多摩川 / basin 42 / 氾濫平野・海岸平野,all_land_use,Ko->Na,4,new,0,1,0
watershed_x_landform,B_830305_42_LF_3030101,多摩川 / basin 42 / 氾濫平野・海岸平野,all_land_use,Ya->Ko,3,continue,0,1,0
watershed_x_landform,B_830305_42_LF_3030101,多摩川 / basin 42 / 氾濫平野・海岸平野,all_land_use,Ya->Ko,3,drop,0,1,0
watershed_x_landform,B_830305_42_LF_3030101,多摩川 / basin 42 / 氾濫平野・海岸平野,all_land_use,Ya->Ko,3,new,1,1,1
watershed_x_landform,B_830305_43_LF_10101,多摩川 / basin 43 / 山地斜面等,all_land_use,He->Me,6,continue,1,5,0.2
watershed_x_landform,B_830305_43_LF_10101,多摩川 / basin 43 / 山地斜面等,all_land_use,He->Me,6,drop,1,5,0.2
watershed_x_landform,B_830305_43_LF_10101,多摩川 / basin 43 / 山地斜面等,all_land_use,He->Me,6,new,3,5,0.6
watershed_x_landform,B_830305_43_LF_10101,多摩川 / basin 43 / 山地斜面等,all_land_use,Jo->Ya,2,continue,0,3,0
watershed_x_landform,B_830305_43_LF_10101,多摩川 / basin 43 / 山地斜面等,all_land_use,Jo->Ya,2,drop,2,3,0.6666666666666666
watershed_x_landform,B_830305_43_LF_10101,多摩川 / basin 43 / 山地斜面等,all_land_use,Jo->Ya,2,new,1,3,0.3333333333333333
watershed_x_landform,B_830305_43_LF_10101,多摩川 / basin 43 / 山地斜面等,all_land_use,Ko->Na,4,continue,1,3,0.3333333333333333
watershed_x_landform,B_830305_43_LF_10101,多摩川 / basin 43 / 山地斜面等,all_land_use,Ko->Na,4,drop,1,3,0.3333333333333333
watershed_x_landform,B_830305_43_LF_10101,多摩川 / basin 43 / 山地斜面等,all_land_use,Ko->Na,4,new,1,3,0.3333333333333333
watershed_x_landform,B_830305_43_LF_10101,多摩川 / basin 43 / 山地斜面等,all_land_use,Na->He,5,continue,1,3,0.3333333333333333
watershed_x_landform,B_830305_43_LF_10101,多摩川 / basin 43 / 山地斜面等,all_land_use,Na->He,5,drop,1,3,0.3333333333333333
watershed_x_landform,B_830305_43_LF_10101,多摩川 / basin 43 / 山地斜面等,all_land_use,Na->He,5,new,1,3,0.3333333333333333
watershed_x_landform,B_830305_43_LF_10101,多摩川 / basin 43 / 山地斜面等,all_land_use,Pa->Jo,1,continue,0,2,0
watershed_x_landform,B_830305_43_LF_10101,多摩川 / basin 43 / 山地斜面等,all_land_use,Pa->Jo,1,drop,0,2,0
watershed_x_landform,B_830305_43_LF_10101,多摩川 / basin 43 / 山地斜面等,all_land_use,Pa->Jo,1,new,2,2,1
watershed_x_landform,B_830305_43_LF_10101,多摩川 / basin 43 / 山地斜面等,all_land_use,Ya->Ko,3,continue,0,3,0
watershed_x_landform,B_830305_43_LF_10101,多摩川 / basin 43 / 山地斜面等,all_land_use,Ya->Ko,3,drop,1,3,0.3333333333333333
watershed_x_landform,B_830305_43_LF_10101,多摩川 / basin 43 / 山地斜面等,all_land_use,Ya->Ko,3,new,2,3,0.6666666666666666
watershed_x_landform,B_830305_43_LF_1010101,多摩川 / basin 43 / 山地斜面等,all_land_use,Jo->Ya,2,continue,0,3,0
watershed_x_landform,B_830305_43_LF_1010101,多摩川 / basin 43 / 山地斜面等,all_land_use,Jo->Ya,2,drop,3,3,1
watershed_x_landform,B_830305_43_LF_1010101,多摩川 / basin 43 / 山地斜面等,all_land_use,Jo->Ya,2,new,0,3,0
watershed_x_landform,B_830305_43_LF_1010101,多摩川 / basin 43 / 山地斜面等,all_land_use,Pa->Jo,1,continue,0,3,0
watershed_x_landform,B_830305_43_LF_1010101,多摩川 / basin 43 / 山地斜面等,all_land_use,Pa->Jo,1,drop,0,3,0
watershed_x_landform,B_830305_43_LF_1010101,多摩川 / basin 43 / 山地斜面等,all_land_use,Pa->Jo,1,new,3,3,1
watershed_x_landform,B_830305_43_LF_10305,多摩川 / basin 43 / 台地・段丘,all_land_use,He->Me,6,continue,1,5,0.2
watershed_x_landform,B_830305_43_LF_10305,多摩川 / basin 43 / 台地・段丘,all_land_use,He->Me,6,drop,2,5,0.4
watershed_x_landform,B_830305_43_LF_10305,多摩川 / basin 43 / 台地・段丘,all_land_use,He->Me,6,new,2,5,0.4
watershed_x_landform,B_830305_43_LF_10305,多摩川 / basin 43 / 台地・段丘,all_land_use,Jo->Ya,2,continue,0,6,0
watershed_x_landform,B_830305_43_LF_10305,多摩川 / basin 43 / 台地・段丘,all_land_use,Jo->Ya,2,drop,6,6,1
watershed_x_landform,B_830305_43_LF_10305,多摩川 / basin 43 / 台地・段丘,all_land_use,Jo->Ya,2,new,0,6,0
watershed_x_landform,B_830305_43_LF_10305,多摩川 / basin 43 / 台地・段丘,all_land_use,Ko->Na,4,continue,1,4,0.25
watershed_x_landform,B_830305_43_LF_10305,多摩川 / basin 43 / 台地・段丘,all_land_use,Ko->Na,4,drop,3,4,0.75
watershed_x_landform,B_830305_43_LF_10305,多摩川 / basin 43 / 台地・段丘,all_land_use,Ko->Na,4,new,0,4,0
watershed_x_landform,B_830305_43_LF_10305,多摩川 / basin 43 / 台地・段丘,all_land_use,Na->He,5,continue,1,3,0.3333333333333333
watershed_x_landform,B_830305_43_LF_10305,多摩川 / basin 43 / 台地・段丘,all_land_use,Na->He,5,drop,0,3,0
watershed_x_landform,B_830305_43_LF_10305,多摩川 / basin 43 / 台地・段丘,all_land_use,Na->He,5,new,2,3,0.6666666666666666
watershed_x_landform,B_830305_43_LF_10305,多摩川 / basin 43 / 台地・段丘,all_land_use,Pa->Jo,1,continue,0,6,0
watershed_x_landform,B_830305_43_LF_10305,多摩川 / basin 43 / 台地・段丘,all_land_use,Pa->Jo,1,drop,0,6,0
watershed_x_landform,B_830305_43_LF_10305,多摩川 / basin 43 / 台地・段丘,all_land_use,Pa->Jo,1,new,6,6,1
watershed_x_landform,B_830305_43_LF_10305,多摩川 / basin 43 / 台地・段丘,all_land_use,Ya->Ko,3,continue,0,4,0
watershed_x_landform,B_830305_43_LF_10305,多摩川 / basin 43 / 台地・段丘,all_land_use,Ya->Ko,3,drop,0,4,0
watershed_x_landform,B_830305_43_LF_10305,多摩川 / basin 43 / 台地・段丘,all_land_use,Ya->Ko,3,new,4,4,1
watershed_x_landform,B_830305_43_LF_10314,多摩川 / basin 43 / 台地・段丘,all_land_use,He->Me,6,continue,2,6,0.3333333333333333
watershed_x_landform,B_830305_43_LF_10314,多摩川 / basin 43 / 台地・段丘,all_land_use,He->Me,6,drop,4,6,0.6666666666666666
watershed_x_landform,B_830305_43_LF_10314,多摩川 / basin 43 / 台地・段丘,all_land_use,He->Me,6,new,0,6,0
watershed_x_landform,B_830305_43_LF_10314,多摩川 / basin 43 / 台地・段丘,all_land_use,Jo->Ya,2,continue,1,16,0.0625
watershed_x_landform,B_830305_43_LF_10314,多摩川 / basin 43 / 台地・段丘,all_land_use,Jo->Ya,2,drop,15,16,0.9375
watershed_x_landform,B_830305_43_LF_10314,多摩川 / basin 43 / 台地・段丘,all_land_use,Jo->Ya,2,new,0,16,0
watershed_x_landform,B_830305_43_LF_10314,多摩川 / basin 43 / 台地・段丘,all_land_use,Ko->Na,4,continue,3,8,0.375
watershed_x_landform,B_830305_43_LF_10314,多摩川 / basin 43 / 台地・段丘,all_land_use,Ko->Na,4,drop,3,8,0.375
watershed_x_landform,B_830305_43_LF_10314,多摩川 / basin 43 / 台地・段丘,all_land_use,Ko->Na,4,new,2,8,0.25
watershed_x_landform,B_830305_43_LF_10314,多摩川 / basin 43 / 台地・段丘,all_land_use,Na->He,5,continue,5,6,0.8333333333333334
watershed_x_landform,B_830305_43_LF_10314,多摩川 / basin 43 / 台地・段丘,all_land_use,Na->He,5,drop,0,6,0
watershed_x_landform,B_830305_43_LF_10314,多摩川 / basin 43 / 台地・段丘,all_land_use,Na->He,5,new,1,6,0.16666666666666666
watershed_x_landform,B_830305_43_LF_10314,多摩川 / basin 43 / 台地・段丘,all_land_use,Pa->Jo,1,continue,0,16,0
watershed_x_landform,B_830305_43_LF_10314,多摩川 / basin 43 / 台地・段丘,all_land_use,Pa->Jo,1,drop,0,16,0
watershed_x_landform,B_830305_43_LF_10314,多摩川 / basin 43 / 台地・段丘,all_land_use,Pa->Jo,1,new,16,16,1
watershed_x_landform,B_830305_43_LF_10314,多摩川 / basin 43 / 台地・段丘,all_land_use,Ya->Ko,3,continue,1,6,0.16666666666666666
watershed_x_landform,B_830305_43_LF_10314,多摩川 / basin 43 / 台地・段丘,all_land_use,Ya->Ko,3,drop,0,6,0
watershed_x_landform,B_830305_43_LF_10314,多摩川 / basin 43 / 台地・段丘,all_land_use,Ya->Ko,3,new,5,6,0.8333333333333334
watershed_x_landform,B_830305_43_LF_2010101,多摩川 / basin 43 / 台地・段丘,all_land_use,He->Me,6,continue,1,6,0.16666666666666666
watershed_x_landform,B_830305_43_LF_2010101,多摩川 / basin 43 / 台地・段丘,all_land_use,He->Me,6,drop,0,6,0
watershed_x_landform,B_830305_43_LF_2010101,多摩川 / basin 43 / 台地・段丘,all_land_use,He->Me,6,new,5,6,0.8333333333333334
watershed_x_landform,B_830305_43_LF_2010101,多摩川 / basin 43 / 台地・段丘,all_land_use,Jo->Ya,2,continue,1,14,0.07142857142857142
watershed_x_landform,B_830305_43_LF_2010101,多摩川 / basin 43 / 台地・段丘,all_land_use,Jo->Ya,2,drop,13,14,0.9285714285714286
watershed_x_landform,B_830305_43_LF_2010101,多摩川 / basin 43 / 台地・段丘,all_land_use,Jo->Ya,2,new,0,14,0
watershed_x_landform,B_830305_43_LF_2010101,多摩川 / basin 43 / 台地・段丘,all_land_use,Ko->Na,4,continue,0,8,0
watershed_x_landform,B_830305_43_LF_2010101,多摩川 / basin 43 / 台地・段丘,all_land_use,Ko->Na,4,drop,8,8,1
watershed_x_landform,B_830305_43_LF_2010101,多摩川 / basin 43 / 台地・段丘,all_land_use,Ko->Na,4,new,0,8,0
watershed_x_landform,B_830305_43_LF_2010101,多摩川 / basin 43 / 台地・段丘,all_land_use,Na->He,5,continue,0,1,0
watershed_x_landform,B_830305_43_LF_2010101,多摩川 / basin 43 / 台地・段丘,all_land_use,Na->He,5,drop,0,1,0
watershed_x_landform,B_830305_43_LF_2010101,多摩川 / basin 43 / 台地・段丘,all_land_use,Na->He,5,new,1,1,1
watershed_x_landform,B_830305_43_LF_2010101,多摩川 / basin 43 / 台地・段丘,all_land_use,Pa->Jo,1,continue,1,14,0.07142857142857142
watershed_x_landform,B_830305_43_LF_2010101,多摩川 / basin 43 / 台地・段丘,all_land_use,Pa->Jo,1,drop,0,14,0
watershed_x_landform,B_830305_43_LF_2010101,多摩川 / basin 43 / 台地・段丘,all_land_use,Pa->Jo,1,new,13,14,0.9285714285714286
watershed_x_landform,B_830305_43_LF_2010101,多摩川 / basin 43 / 台地・段丘,all_land_use,Ya->Ko,3,continue,1,8,0.125
watershed_x_landform,B_830305_43_LF_2010101,多摩川 / basin 43 / 台地・段丘,all_land_use,Ya->Ko,3,drop,0,8,0
watershed_x_landform,B_830305_43_LF_2010101,多摩川 / basin 43 / 台地・段丘,all_land_use,Ya->Ko,3,new,7,8,0.875
watershed_x_landform,B_830305_43_LF_2010201,多摩川 / basin 43 / 崖・段丘崖,all_land_use,Jo->Ya,2,continue,0,1,0
watershed_x_landform,B_830305_43_LF_2010201,多摩川 / basin 43 / 崖・段丘崖,all_land_use,Jo->Ya,2,drop,1,1,1
watershed_x_landform,B_830305_43_LF_2010201,多摩川 / basin 43 / 崖・段丘崖,all_land_use,Jo->Ya,2,new,0,1,0
watershed_x_landform,B_830305_43_LF_2010201,多摩川 / basin 43 / 崖・段丘崖,all_land_use,Pa->Jo,1,continue,0,1,0
watershed_x_landform,B_830305_43_LF_2010201,多摩川 / basin 43 / 崖・段丘崖,all_land_use,Pa->Jo,1,drop,0,1,0
watershed_x_landform,B_830305_43_LF_2010201,多摩川 / basin 43 / 崖・段丘崖,all_land_use,Pa->Jo,1,new,1,1,1
watershed_x_landform,B_830305_43_LF_2010301,多摩川 / basin 43 / 凹地・浅い谷,all_land_use,He->Me,6,continue,1,1,1
watershed_x_landform,B_830305_43_LF_2010301,多摩川 / basin 43 / 凹地・浅い谷,all_land_use,He->Me,6,drop,0,1,0
watershed_x_landform,B_830305_43_LF_2010301,多摩川 / basin 43 / 凹地・浅い谷,all_land_use,He->Me,6,new,0,1,0
watershed_x_landform,B_830305_43_LF_2010301,多摩川 / basin 43 / 凹地・浅い谷,all_land_use,Jo->Ya,2,continue,1,1,1
watershed_x_landform,B_830305_43_LF_2010301,多摩川 / basin 43 / 凹地・浅い谷,all_land_use,Jo->Ya,2,drop,0,1,0
watershed_x_landform,B_830305_43_LF_2010301,多摩川 / basin 43 / 凹地・浅い谷,all_land_use,Jo->Ya,2,new,0,1,0
watershed_x_landform,B_830305_43_LF_2010301,多摩川 / basin 43 / 凹地・浅い谷,all_land_use,Ko->Na,4,continue,0,1,0
watershed_x_landform,B_830305_43_LF_2010301,多摩川 / basin 43 / 凹地・浅い谷,all_land_use,Ko->Na,4,drop,1,1,1
watershed_x_landform,B_830305_43_LF_2010301,多摩川 / basin 43 / 凹地・浅い谷,all_land_use,Ko->Na,4,new,0,1,0
watershed_x_landform,B_830305_43_LF_2010301,多摩川 / basin 43 / 凹地・浅い谷,all_land_use,Na->He,5,continue,0,1,0
watershed_x_landform,B_830305_43_LF_2010301,多摩川 / basin 43 / 凹地・浅い谷,all_land_use,Na->He,5,drop,0,1,0
watershed_x_landform,B_830305_43_LF_2010301,多摩川 / basin 43 / 凹地・浅い谷,all_land_use,Na->He,5,new,1,1,1
watershed_x_landform,B_830305_43_LF_2010301,多摩川 / basin 43 / 凹地・浅い谷,all_land_use,Pa->Jo,1,continue,1,1,1
watershed_x_landform,B_830305_43_LF_2010301,多摩川 / basin 43 / 凹地・浅い谷,all_land_use,Pa->Jo,1,drop,0,1,0
watershed_x_landform,B_830305_43_LF_2010301,多摩川 / basin 43 / 凹地・浅い谷,all_land_use,Pa->Jo,1,new,0,1,0
watershed_x_landform,B_830305_43_LF_2010301,多摩川 / basin 43 / 凹地・浅い谷,all_land_use,Ya->Ko,3,continue,1,1,1
watershed_x_landform,B_830305_43_LF_2010301,多摩川 / basin 43 / 凹地・浅い谷,all_land_use,Ya->Ko,3,drop,0,1,0
watershed_x_landform,B_830305_43_LF_2010301,多摩川 / basin 43 / 凹地・浅い谷,all_land_use,Ya->Ko,3,new,0,1,0
watershed_x_landform,B_830305_44_LF_10101,多摩川 / basin 44 / 山地斜面等,all_land_use,He->Me,6,continue,1,2,0.5
watershed_x_landform,B_830305_44_LF_10101,多摩川 / basin 44 / 山地斜面等,all_land_use,He->Me,6,drop,1,2,0.5
watershed_x_landform,B_830305_44_LF_10101,多摩川 / basin 44 / 山地斜面等,all_land_use,He->Me,6,new,0,2,0
watershed_x_landform,B_830305_44_LF_10101,多摩川 / basin 44 / 山地斜面等,all_land_use,Jo->Ya,2,continue,0,8,0
watershed_x_landform,B_830305_44_LF_10101,多摩川 / basin 44 / 山地斜面等,all_land_use,Jo->Ya,2,drop,8,8,1
watershed_x_landform,B_830305_44_LF_10101,多摩川 / basin 44 / 山地斜面等,all_land_use,Jo->Ya,2,new,0,8,0
watershed_x_landform,B_830305_44_LF_10101,多摩川 / basin 44 / 山地斜面等,all_land_use,Ko->Na,4,continue,1,5,0.2
watershed_x_landform,B_830305_44_LF_10101,多摩川 / basin 44 / 山地斜面等,all_land_use,Ko->Na,4,drop,3,5,0.6
watershed_x_landform,B_830305_44_LF_10101,多摩川 / basin 44 / 山地斜面等,all_land_use,Ko->Na,4,new,1,5,0.2
watershed_x_landform,B_830305_44_LF_10101,多摩川 / basin 44 / 山地斜面等,all_land_use,Na->He,5,continue,2,2,1
watershed_x_landform,B_830305_44_LF_10101,多摩川 / basin 44 / 山地斜面等,all_land_use,Na->He,5,drop,0,2,0
watershed_x_landform,B_830305_44_LF_10101,多摩川 / basin 44 / 山地斜面等,all_land_use,Na->He,5,new,0,2,0
watershed_x_landform,B_830305_44_LF_10101,多摩川 / basin 44 / 山地斜面等,all_land_use,Pa->Jo,1,continue,0,8,0
watershed_x_landform,B_830305_44_LF_10101,多摩川 / basin 44 / 山地斜面等,all_land_use,Pa->Jo,1,drop,0,8,0
watershed_x_landform,B_830305_44_LF_10101,多摩川 / basin 44 / 山地斜面等,all_land_use,Pa->Jo,1,new,8,8,1
watershed_x_landform,B_830305_44_LF_10101,多摩川 / basin 44 / 山地斜面等,all_land_use,Ya->Ko,3,continue,0,4,0
watershed_x_landform,B_830305_44_LF_10101,多摩川 / basin 44 / 山地斜面等,all_land_use,Ya->Ko,3,drop,0,4,0
watershed_x_landform,B_830305_44_LF_10101,多摩川 / basin 44 / 山地斜面等,all_land_use,Ya->Ko,3,new,4,4,1
watershed_x_landform,B_830305_44_LF_10305,多摩川 / basin 44 / 台地・段丘,all_land_use,Jo->Ya,2,continue,0,1,0
watershed_x_landform,B_830305_44_LF_10305,多摩川 / basin 44 / 台地・段丘,all_land_use,Jo->Ya,2,drop,1,1,1
watershed_x_landform,B_830305_44_LF_10305,多摩川 / basin 44 / 台地・段丘,all_land_use,Jo->Ya,2,new,0,1,0
watershed_x_landform,B_830305_44_LF_10305,多摩川 / basin 44 / 台地・段丘,all_land_use,Ko->Na,4,continue,0,1,0
watershed_x_landform,B_830305_44_LF_10305,多摩川 / basin 44 / 台地・段丘,all_land_use,Ko->Na,4,drop,1,1,1
watershed_x_landform,B_830305_44_LF_10305,多摩川 / basin 44 / 台地・段丘,all_land_use,Ko->Na,4,new,0,1,0
watershed_x_landform,B_830305_44_LF_10305,多摩川 / basin 44 / 台地・段丘,all_land_use,Pa->Jo,1,continue,0,1,0
watershed_x_landform,B_830305_44_LF_10305,多摩川 / basin 44 / 台地・段丘,all_land_use,Pa->Jo,1,drop,0,1,0
watershed_x_landform,B_830305_44_LF_10305,多摩川 / basin 44 / 台地・段丘,all_land_use,Pa->Jo,1,new,1,1,1
watershed_x_landform,B_830305_44_LF_10305,多摩川 / basin 44 / 台地・段丘,all_land_use,Ya->Ko,3,continue,0,1,0
watershed_x_landform,B_830305_44_LF_10305,多摩川 / basin 44 / 台地・段丘,all_land_use,Ya->Ko,3,drop,0,1,0
watershed_x_landform,B_830305_44_LF_10305,多摩川 / basin 44 / 台地・段丘,all_land_use,Ya->Ko,3,new,1,1,1
watershed_x_landform,B_830305_44_LF_10314,多摩川 / basin 44 / 台地・段丘,all_land_use,He->Me,6,continue,0,2,0
watershed_x_landform,B_830305_44_LF_10314,多摩川 / basin 44 / 台地・段丘,all_land_use,He->Me,6,drop,1,2,0.5
watershed_x_landform,B_830305_44_LF_10314,多摩川 / basin 44 / 台地・段丘,all_land_use,He->Me,6,new,1,2,0.5
watershed_x_landform,B_830305_44_LF_10314,多摩川 / basin 44 / 台地・段丘,all_land_use,Jo->Ya,2,continue,1,2,0.5
watershed_x_landform,B_830305_44_LF_10314,多摩川 / basin 44 / 台地・段丘,all_land_use,Jo->Ya,2,drop,1,2,0.5
watershed_x_landform,B_830305_44_LF_10314,多摩川 / basin 44 / 台地・段丘,all_land_use,Jo->Ya,2,new,0,2,0
watershed_x_landform,B_830305_44_LF_10314,多摩川 / basin 44 / 台地・段丘,all_land_use,Ko->Na,4,continue,0,2,0
watershed_x_landform,B_830305_44_LF_10314,多摩川 / basin 44 / 台地・段丘,all_land_use,Ko->Na,4,drop,2,2,1
watershed_x_landform,B_830305_44_LF_10314,多摩川 / basin 44 / 台地・段丘,all_land_use,Ko->Na,4,new,0,2,0
watershed_x_landform,B_830305_44_LF_10314,多摩川 / basin 44 / 台地・段丘,all_land_use,Na->He,5,continue,0,1,0
watershed_x_landform,B_830305_44_LF_10314,多摩川 / basin 44 / 台地・段丘,all_land_use,Na->He,5,drop,0,1,0
watershed_x_landform,B_830305_44_LF_10314,多摩川 / basin 44 / 台地・段丘,all_land_use,Na->He,5,new,1,1,1
watershed_x_landform,B_830305_44_LF_10314,多摩川 / basin 44 / 台地・段丘,all_land_use,Pa->Jo,1,continue,0,2,0
watershed_x_landform,B_830305_44_LF_10314,多摩川 / basin 44 / 台地・段丘,all_land_use,Pa->Jo,1,drop,0,2,0
watershed_x_landform,B_830305_44_LF_10314,多摩川 / basin 44 / 台地・段丘,all_land_use,Pa->Jo,1,new,2,2,1
watershed_x_landform,B_830305_44_LF_10314,多摩川 / basin 44 / 台地・段丘,all_land_use,Ya->Ko,3,continue,1,2,0.5
watershed_x_landform,B_830305_44_LF_10314,多摩川 / basin 44 / 台地・段丘,all_land_use,Ya->Ko,3,drop,0,2,0
watershed_x_landform,B_830305_44_LF_10314,多摩川 / basin 44 / 台地・段丘,all_land_use,Ya->Ko,3,new,1,2,0.5
watershed_x_landform,B_830305_44_LF_10701,多摩川 / basin 44 / 氾濫平野・海岸平野,all_land_use,He->Me,6,continue,0,1,0
watershed_x_landform,B_830305_44_LF_10701,多摩川 / basin 44 / 氾濫平野・海岸平野,all_land_use,He->Me,6,drop,1,1,1
watershed_x_landform,B_830305_44_LF_10701,多摩川 / basin 44 / 氾濫平野・海岸平野,all_land_use,He->Me,6,new,0,1,0
watershed_x_landform,B_830305_44_LF_10701,多摩川 / basin 44 / 氾濫平野・海岸平野,all_land_use,Jo->Ya,2,continue,0,2,0
watershed_x_landform,B_830305_44_LF_10701,多摩川 / basin 44 / 氾濫平野・海岸平野,all_land_use,Jo->Ya,2,drop,2,2,1
watershed_x_landform,B_830305_44_LF_10701,多摩川 / basin 44 / 氾濫平野・海岸平野,all_land_use,Jo->Ya,2,new,0,2,0
watershed_x_landform,B_830305_44_LF_10701,多摩川 / basin 44 / 氾濫平野・海岸平野,all_land_use,Ko->Na,4,continue,1,1,1
watershed_x_landform,B_830305_44_LF_10701,多摩川 / basin 44 / 氾濫平野・海岸平野,all_land_use,Ko->Na,4,drop,0,1,0
watershed_x_landform,B_830305_44_LF_10701,多摩川 / basin 44 / 氾濫平野・海岸平野,all_land_use,Ko->Na,4,new,0,1,0
watershed_x_landform,B_830305_44_LF_10701,多摩川 / basin 44 / 氾濫平野・海岸平野,all_land_use,Na->He,5,continue,1,1,1
watershed_x_landform,B_830305_44_LF_10701,多摩川 / basin 44 / 氾濫平野・海岸平野,all_land_use,Na->He,5,drop,0,1,0
watershed_x_landform,B_830305_44_LF_10701,多摩川 / basin 44 / 氾濫平野・海岸平野,all_land_use,Na->He,5,new,0,1,0
watershed_x_landform,B_830305_44_LF_10701,多摩川 / basin 44 / 氾濫平野・海岸平野,all_land_use,Pa->Jo,1,continue,0,2,0
watershed_x_landform,B_830305_44_LF_10701,多摩川 / basin 44 / 氾濫平野・海岸平野,all_land_use,Pa->Jo,1,drop,0,2,0
watershed_x_landform,B_830305_44_LF_10701,多摩川 / basin 44 / 氾濫平野・海岸平野,all_land_use,Pa->Jo,1,new,2,2,1
watershed_x_landform,B_830305_44_LF_10701,多摩川 / basin 44 / 氾濫平野・海岸平野,all_land_use,Ya->Ko,3,continue,0,1,0
watershed_x_landform,B_830305_44_LF_10701,多摩川 / basin 44 / 氾濫平野・海岸平野,all_land_use,Ya->Ko,3,drop,0,1,0
watershed_x_landform,B_830305_44_LF_10701,多摩川 / basin 44 / 氾濫平野・海岸平野,all_land_use,Ya->Ko,3,new,1,1,1
watershed_x_landform,B_830305_45_LF_2010101,多摩川 / basin 45 / 台地・段丘,all_land_use,He->Me,6,continue,0,1,0
watershed_x_landform,B_830305_45_LF_2010101,多摩川 / basin 45 / 台地・段丘,all_land_use,He->Me,6,drop,0,1,0
watershed_x_landform,B_830305_45_LF_2010101,多摩川 / basin 45 / 台地・段丘,all_land_use,He->Me,6,new,1,1,1
watershed_x_landform,B_830305_46_LF_1010101,多摩川 / basin 46 / 山地斜面等,all_land_use,He->Me,6,continue,0,2,0
watershed_x_landform,B_830305_46_LF_1010101,多摩川 / basin 46 / 山地斜面等,all_land_use,He->Me,6,drop,2,2,1
watershed_x_landform,B_830305_46_LF_1010101,多摩川 / basin 46 / 山地斜面等,all_land_use,He->Me,6,new,0,2,0
watershed_x_landform,B_830305_46_LF_1010101,多摩川 / basin 46 / 山地斜面等,all_land_use,Jo->Ya,2,continue,0,2,0
watershed_x_landform,B_830305_46_LF_1010101,多摩川 / basin 46 / 山地斜面等,all_land_use,Jo->Ya,2,drop,2,2,1
watershed_x_landform,B_830305_46_LF_1010101,多摩川 / basin 46 / 山地斜面等,all_land_use,Jo->Ya,2,new,0,2,0
watershed_x_landform,B_830305_46_LF_1010101,多摩川 / basin 46 / 山地斜面等,all_land_use,Ko->Na,4,continue,0,2,0
watershed_x_landform,B_830305_46_LF_1010101,多摩川 / basin 46 / 山地斜面等,all_land_use,Ko->Na,4,drop,0,2,0
watershed_x_landform,B_830305_46_LF_1010101,多摩川 / basin 46 / 山地斜面等,all_land_use,Ko->Na,4,new,2,2,1
watershed_x_landform,B_830305_46_LF_1010101,多摩川 / basin 46 / 山地斜面等,all_land_use,Na->He,5,continue,2,2,1
watershed_x_landform,B_830305_46_LF_1010101,多摩川 / basin 46 / 山地斜面等,all_land_use,Na->He,5,drop,0,2,0
watershed_x_landform,B_830305_46_LF_1010101,多摩川 / basin 46 / 山地斜面等,all_land_use,Na->He,5,new,0,2,0
watershed_x_landform,B_830305_46_LF_1010101,多摩川 / basin 46 / 山地斜面等,all_land_use,Pa->Jo,1,continue,0,2,0
watershed_x_landform,B_830305_46_LF_1010101,多摩川 / basin 46 / 山地斜面等,all_land_use,Pa->Jo,1,drop,0,2,0
watershed_x_landform,B_830305_46_LF_1010101,多摩川 / basin 46 / 山地斜面等,all_land_use,Pa->Jo,1,new,2,2,1
watershed_x_landform,B_830305_46_LF_2010101,多摩川 / basin 46 / 台地・段丘,all_land_use,He->Me,6,continue,0,5,0
watershed_x_landform,B_830305_46_LF_2010101,多摩川 / basin 46 / 台地・段丘,all_land_use,He->Me,6,drop,4,5,0.8
watershed_x_landform,B_830305_46_LF_2010101,多摩川 / basin 46 / 台地・段丘,all_land_use,He->Me,6,new,1,5,0.2
watershed_x_landform,B_830305_46_LF_2010101,多摩川 / basin 46 / 台地・段丘,all_land_use,Jo->Ya,2,continue,1,14,0.07142857142857142
watershed_x_landform,B_830305_46_LF_2010101,多摩川 / basin 46 / 台地・段丘,all_land_use,Jo->Ya,2,drop,13,14,0.9285714285714286
watershed_x_landform,B_830305_46_LF_2010101,多摩川 / basin 46 / 台地・段丘,all_land_use,Jo->Ya,2,new,0,14,0
watershed_x_landform,B_830305_46_LF_2010101,多摩川 / basin 46 / 台地・段丘,all_land_use,Ko->Na,4,continue,0,2,0
watershed_x_landform,B_830305_46_LF_2010101,多摩川 / basin 46 / 台地・段丘,all_land_use,Ko->Na,4,drop,0,2,0
watershed_x_landform,B_830305_46_LF_2010101,多摩川 / basin 46 / 台地・段丘,all_land_use,Ko->Na,4,new,2,2,1
watershed_x_landform,B_830305_46_LF_2010101,多摩川 / basin 46 / 台地・段丘,all_land_use,Na->He,5,continue,2,4,0.5
watershed_x_landform,B_830305_46_LF_2010101,多摩川 / basin 46 / 台地・段丘,all_land_use,Na->He,5,drop,0,4,0
watershed_x_landform,B_830305_46_LF_2010101,多摩川 / basin 46 / 台地・段丘,all_land_use,Na->He,5,new,2,4,0.5
watershed_x_landform,B_830305_46_LF_2010101,多摩川 / basin 46 / 台地・段丘,all_land_use,Pa->Jo,1,continue,0,14,0
watershed_x_landform,B_830305_46_LF_2010101,多摩川 / basin 46 / 台地・段丘,all_land_use,Pa->Jo,1,drop,0,14,0
watershed_x_landform,B_830305_46_LF_2010101,多摩川 / basin 46 / 台地・段丘,all_land_use,Pa->Jo,1,new,14,14,1
watershed_x_landform,B_830305_46_LF_2010101,多摩川 / basin 46 / 台地・段丘,all_land_use,Ya->Ko,3,continue,0,1,0
watershed_x_landform,B_830305_46_LF_2010101,多摩川 / basin 46 / 台地・段丘,all_land_use,Ya->Ko,3,drop,1,1,1
watershed_x_landform,B_830305_46_LF_2010101,多摩川 / basin 46 / 台地・段丘,all_land_use,Ya->Ko,3,new,0,1,0
watershed_x_landform,B_830305_46_LF_2010201,多摩川 / basin 46 / 崖・段丘崖,all_land_use,Jo->Ya,2,continue,0,1,0
watershed_x_landform,B_830305_46_LF_2010201,多摩川 / basin 46 / 崖・段丘崖,all_land_use,Jo->Ya,2,drop,1,1,1
watershed_x_landform,B_830305_46_LF_2010201,多摩川 / basin 46 / 崖・段丘崖,all_land_use,Jo->Ya,2,new,0,1,0
watershed_x_landform,B_830305_46_LF_2010201,多摩川 / basin 46 / 崖・段丘崖,all_land_use,Pa->Jo,1,continue,0,1,0
watershed_x_landform,B_830305_46_LF_2010201,多摩川 / basin 46 / 崖・段丘崖,all_land_use,Pa->Jo,1,drop,0,1,0
watershed_x_landform,B_830305_46_LF_2010201,多摩川 / basin 46 / 崖・段丘崖,all_land_use,Pa->Jo,1,new,1,1,1
watershed_x_landform,B_830305_46_LF_3010101,多摩川 / basin 46 / 山麓堆積地形,all_land_use,Jo->Ya,2,continue,0,1,0
watershed_x_landform,B_830305_46_LF_3010101,多摩川 / basin 46 / 山麓堆積地形,all_land_use,Jo->Ya,2,drop,1,1,1
watershed_x_landform,B_830305_46_LF_3010101,多摩川 / basin 46 / 山麓堆積地形,all_land_use,Jo->Ya,2,new,0,1,0
watershed_x_landform,B_830305_46_LF_3010101,多摩川 / basin 46 / 山麓堆積地形,all_land_use,Pa->Jo,1,continue,0,1,0
watershed_x_landform,B_830305_46_LF_3010101,多摩川 / basin 46 / 山麓堆積地形,all_land_use,Pa->Jo,1,drop,0,1,0
watershed_x_landform,B_830305_46_LF_3010101,多摩川 / basin 46 / 山麓堆積地形,all_land_use,Pa->Jo,1,new,1,1,1
watershed_x_landform,B_830305_46_LF_3030101,多摩川 / basin 46 / 氾濫平野・海岸平野,all_land_use,He->Me,6,continue,0,1,0
watershed_x_landform,B_830305_46_LF_3030101,多摩川 / basin 46 / 氾濫平野・海岸平野,all_land_use,He->Me,6,drop,1,1,1
watershed_x_landform,B_830305_46_LF_3030101,多摩川 / basin 46 / 氾濫平野・海岸平野,all_land_use,He->Me,6,new,0,1,0
watershed_x_landform,B_830305_46_LF_3030101,多摩川 / basin 46 / 氾濫平野・海岸平野,all_land_use,Jo->Ya,2,continue,0,1,0
watershed_x_landform,B_830305_46_LF_3030101,多摩川 / basin 46 / 氾濫平野・海岸平野,all_land_use,Jo->Ya,2,drop,1,1,1
watershed_x_landform,B_830305_46_LF_3030101,多摩川 / basin 46 / 氾濫平野・海岸平野,all_land_use,Jo->Ya,2,new,0,1,0
watershed_x_landform,B_830305_46_LF_3030101,多摩川 / basin 46 / 氾濫平野・海岸平野,all_land_use,Ko->Na,4,continue,0,1,0
watershed_x_landform,B_830305_46_LF_3030101,多摩川 / basin 46 / 氾濫平野・海岸平野,all_land_use,Ko->Na,4,drop,0,1,0
watershed_x_landform,B_830305_46_LF_3030101,多摩川 / basin 46 / 氾濫平野・海岸平野,all_land_use,Ko->Na,4,new,1,1,1
watershed_x_landform,B_830305_46_LF_3030101,多摩川 / basin 46 / 氾濫平野・海岸平野,all_land_use,Na->He,5,continue,1,1,1
watershed_x_landform,B_830305_46_LF_3030101,多摩川 / basin 46 / 氾濫平野・海岸平野,all_land_use,Na->He,5,drop,0,1,0
watershed_x_landform,B_830305_46_LF_3030101,多摩川 / basin 46 / 氾濫平野・海岸平野,all_land_use,Na->He,5,new,0,1,0
watershed_x_landform,B_830305_46_LF_3030101,多摩川 / basin 46 / 氾濫平野・海岸平野,all_land_use,Pa->Jo,1,continue,0,1,0
watershed_x_landform,B_830305_46_LF_3030101,多摩川 / basin 46 / 氾濫平野・海岸平野,all_land_use,Pa->Jo,1,drop,0,1,0
watershed_x_landform,B_830305_46_LF_3030101,多摩川 / basin 46 / 氾濫平野・海岸平野,all_land_use,Pa->Jo,1,new,1,1,1
watershed_x_landform,B_830305_47_LF_2010101,多摩川 / basin 47 / 台地・段丘,all_land_use,He->Me,6,continue,0,1,0
watershed_x_landform,B_830305_47_LF_2010101,多摩川 / basin 47 / 台地・段丘,all_land_use,He->Me,6,drop,1,1,1
watershed_x_landform,B_830305_47_LF_2010101,多摩川 / basin 47 / 台地・段丘,all_land_use,He->Me,6,new,0,1,0
watershed_x_landform,B_830305_47_LF_2010101,多摩川 / basin 47 / 台地・段丘,all_land_use,Jo->Ya,2,continue,1,1,1
watershed_x_landform,B_830305_47_LF_2010101,多摩川 / basin 47 / 台地・段丘,all_land_use,Jo->Ya,2,drop,0,1,0
watershed_x_landform,B_830305_47_LF_2010101,多摩川 / basin 47 / 台地・段丘,all_land_use,Jo->Ya,2,new,0,1,0
watershed_x_landform,B_830305_47_LF_2010101,多摩川 / basin 47 / 台地・段丘,all_land_use,Ko->Na,4,continue,0,1,0
watershed_x_landform,B_830305_47_LF_2010101,多摩川 / basin 47 / 台地・段丘,all_land_use,Ko->Na,4,drop,1,1,1
watershed_x_landform,B_830305_47_LF_2010101,多摩川 / basin 47 / 台地・段丘,all_land_use,Ko->Na,4,new,0,1,0
watershed_x_landform,B_830305_47_LF_2010101,多摩川 / basin 47 / 台地・段丘,all_land_use,Na->He,5,continue,0,1,0
watershed_x_landform,B_830305_47_LF_2010101,多摩川 / basin 47 / 台地・段丘,all_land_use,Na->He,5,drop,0,1,0
watershed_x_landform,B_830305_47_LF_2010101,多摩川 / basin 47 / 台地・段丘,all_land_use,Na->He,5,new,1,1,1
watershed_x_landform,B_830305_47_LF_2010101,多摩川 / basin 47 / 台地・段丘,all_land_use,Pa->Jo,1,continue,0,1,0
watershed_x_landform,B_830305_47_LF_2010101,多摩川 / basin 47 / 台地・段丘,all_land_use,Pa->Jo,1,drop,0,1,0
watershed_x_landform,B_830305_47_LF_2010101,多摩川 / basin 47 / 台地・段丘,all_land_use,Pa->Jo,1,new,1,1,1
watershed_x_landform,B_830305_47_LF_2010101,多摩川 / basin 47 / 台地・段丘,all_land_use,Ya->Ko,3,continue,1,1,1
watershed_x_landform,B_830305_47_LF_2010101,多摩川 / basin 47 / 台地・段丘,all_land_use,Ya->Ko,3,drop,0,1,0
watershed_x_landform,B_830305_47_LF_2010101,多摩川 / basin 47 / 台地・段丘,all_land_use,Ya->Ko,3,new,0,1,0
watershed_x_landform,B_830305_48_LF_10101,多摩川 / basin 48 / 山地斜面等,all_land_use,He->Me,6,continue,0,4,0
watershed_x_landform,B_830305_48_LF_10101,多摩川 / basin 48 / 山地斜面等,all_land_use,He->Me,6,drop,1,4,0.25
watershed_x_landform,B_830305_48_LF_10101,多摩川 / basin 48 / 山地斜面等,all_land_use,He->Me,6,new,3,4,0.75
watershed_x_landform,B_830305_48_LF_10101,多摩川 / basin 48 / 山地斜面等,all_land_use,Jo->Ya,2,continue,1,2,0.5
watershed_x_landform,B_830305_48_LF_10101,多摩川 / basin 48 / 山地斜面等,all_land_use,Jo->Ya,2,drop,0,2,0
watershed_x_landform,B_830305_48_LF_10101,多摩川 / basin 48 / 山地斜面等,all_land_use,Jo->Ya,2,new,1,2,0.5
watershed_x_landform,B_830305_48_LF_10101,多摩川 / basin 48 / 山地斜面等,all_land_use,Na->He,5,continue,0,1,0
watershed_x_landform,B_830305_48_LF_10101,多摩川 / basin 48 / 山地斜面等,all_land_use,Na->He,5,drop,0,1,0
watershed_x_landform,B_830305_48_LF_10101,多摩川 / basin 48 / 山地斜面等,all_land_use,Na->He,5,new,1,1,1
watershed_x_landform,B_830305_48_LF_10101,多摩川 / basin 48 / 山地斜面等,all_land_use,Pa->Jo,1,continue,0,1,0
watershed_x_landform,B_830305_48_LF_10101,多摩川 / basin 48 / 山地斜面等,all_land_use,Pa->Jo,1,drop,0,1,0
watershed_x_landform,B_830305_48_LF_10101,多摩川 / basin 48 / 山地斜面等,all_land_use,Pa->Jo,1,new,1,1,1
watershed_x_landform,B_830305_48_LF_10101,多摩川 / basin 48 / 山地斜面等,all_land_use,Ya->Ko,3,continue,0,2,0
watershed_x_landform,B_830305_48_LF_10101,多摩川 / basin 48 / 山地斜面等,all_land_use,Ya->Ko,3,drop,2,2,1
watershed_x_landform,B_830305_48_LF_10101,多摩川 / basin 48 / 山地斜面等,all_land_use,Ya->Ko,3,new,0,2,0
watershed_x_landform,B_830305_48_LF_1010101,多摩川 / basin 48 / 山地斜面等,all_land_use,He->Me,6,continue,2,4,0.5
watershed_x_landform,B_830305_48_LF_1010101,多摩川 / basin 48 / 山地斜面等,all_land_use,He->Me,6,drop,2,4,0.5
watershed_x_landform,B_830305_48_LF_1010101,多摩川 / basin 48 / 山地斜面等,all_land_use,He->Me,6,new,0,4,0
watershed_x_landform,B_830305_48_LF_1010101,多摩川 / basin 48 / 山地斜面等,all_land_use,Jo->Ya,2,continue,2,6,0.3333333333333333
watershed_x_landform,B_830305_48_LF_1010101,多摩川 / basin 48 / 山地斜面等,all_land_use,Jo->Ya,2,drop,4,6,0.6666666666666666
watershed_x_landform,B_830305_48_LF_1010101,多摩川 / basin 48 / 山地斜面等,all_land_use,Jo->Ya,2,new,0,6,0
watershed_x_landform,B_830305_48_LF_1010101,多摩川 / basin 48 / 山地斜面等,all_land_use,Na->He,5,continue,0,4,0
watershed_x_landform,B_830305_48_LF_1010101,多摩川 / basin 48 / 山地斜面等,all_land_use,Na->He,5,drop,0,4,0
watershed_x_landform,B_830305_48_LF_1010101,多摩川 / basin 48 / 山地斜面等,all_land_use,Na->He,5,new,4,4,1
watershed_x_landform,B_830305_48_LF_1010101,多摩川 / basin 48 / 山地斜面等,all_land_use,Pa->Jo,1,continue,0,6,0
watershed_x_landform,B_830305_48_LF_1010101,多摩川 / basin 48 / 山地斜面等,all_land_use,Pa->Jo,1,drop,0,6,0
watershed_x_landform,B_830305_48_LF_1010101,多摩川 / basin 48 / 山地斜面等,all_land_use,Pa->Jo,1,new,6,6,1
watershed_x_landform,B_830305_48_LF_1010101,多摩川 / basin 48 / 山地斜面等,all_land_use,Ya->Ko,3,continue,0,2,0
watershed_x_landform,B_830305_48_LF_1010101,多摩川 / basin 48 / 山地斜面等,all_land_use,Ya->Ko,3,drop,2,2,1
watershed_x_landform,B_830305_48_LF_1010101,多摩川 / basin 48 / 山地斜面等,all_land_use,Ya->Ko,3,new,0,2,0
watershed_x_landform,B_830305_48_LF_10305,多摩川 / basin 48 / 台地・段丘,all_land_use,He->Me,6,continue,0,1,0
watershed_x_landform,B_830305_48_LF_10305,多摩川 / basin 48 / 台地・段丘,all_land_use,He->Me,6,drop,0,1,0
watershed_x_landform,B_830305_48_LF_10305,多摩川 / basin 48 / 台地・段丘,all_land_use,He->Me,6,new,1,1,1
watershed_x_landform,B_830305_48_LF_10314,多摩川 / basin 48 / 台地・段丘,all_land_use,Jo->Ya,2,continue,0,1,0
watershed_x_landform,B_830305_48_LF_10314,多摩川 / basin 48 / 台地・段丘,all_land_use,Jo->Ya,2,drop,1,1,1
watershed_x_landform,B_830305_48_LF_10314,多摩川 / basin 48 / 台地・段丘,all_land_use,Jo->Ya,2,new,0,1,0
watershed_x_landform,B_830305_48_LF_10314,多摩川 / basin 48 / 台地・段丘,all_land_use,Pa->Jo,1,continue,0,1,0
watershed_x_landform,B_830305_48_LF_10314,多摩川 / basin 48 / 台地・段丘,all_land_use,Pa->Jo,1,drop,0,1,0
watershed_x_landform,B_830305_48_LF_10314,多摩川 / basin 48 / 台地・段丘,all_land_use,Pa->Jo,1,new,1,1,1
watershed_x_landform,B_830305_48_LF_10501,多摩川 / basin 48 / 扇状地,all_land_use,Jo->Ya,2,continue,0,1,0
watershed_x_landform,B_830305_48_LF_10501,多摩川 / basin 48 / 扇状地,all_land_use,Jo->Ya,2,drop,1,1,1
watershed_x_landform,B_830305_48_LF_10501,多摩川 / basin 48 / 扇状地,all_land_use,Jo->Ya,2,new,0,1,0
watershed_x_landform,B_830305_48_LF_10501,多摩川 / basin 48 / 扇状地,all_land_use,Pa->Jo,1,continue,0,1,0
watershed_x_landform,B_830305_48_LF_10501,多摩川 / basin 48 / 扇状地,all_land_use,Pa->Jo,1,drop,0,1,0
watershed_x_landform,B_830305_48_LF_10501,多摩川 / basin 48 / 扇状地,all_land_use,Pa->Jo,1,new,1,1,1
watershed_x_landform,B_830305_48_LF_2010101,多摩川 / basin 48 / 台地・段丘,all_land_use,He->Me,6,continue,0,6,0
watershed_x_landform,B_830305_48_LF_2010101,多摩川 / basin 48 / 台地・段丘,all_land_use,He->Me,6,drop,6,6,1
watershed_x_landform,B_830305_48_LF_2010101,多摩川 / basin 48 / 台地・段丘,all_land_use,He->Me,6,new,0,6,0
watershed_x_landform,B_830305_48_LF_2010101,多摩川 / basin 48 / 台地・段丘,all_land_use,Jo->Ya,2,continue,2,7,0.2857142857142857
watershed_x_landform,B_830305_48_LF_2010101,多摩川 / basin 48 / 台地・段丘,all_land_use,Jo->Ya,2,drop,5,7,0.7142857142857143
watershed_x_landform,B_830305_48_LF_2010101,多摩川 / basin 48 / 台地・段丘,all_land_use,Jo->Ya,2,new,0,7,0
watershed_x_landform,B_830305_48_LF_2010101,多摩川 / basin 48 / 台地・段丘,all_land_use,Ko->Na,4,continue,2,6,0.3333333333333333
watershed_x_landform,B_830305_48_LF_2010101,多摩川 / basin 48 / 台地・段丘,all_land_use,Ko->Na,4,drop,3,6,0.5
watershed_x_landform,B_830305_48_LF_2010101,多摩川 / basin 48 / 台地・段丘,all_land_use,Ko->Na,4,new,1,6,0.16666666666666666
watershed_x_landform,B_830305_48_LF_2010101,多摩川 / basin 48 / 台地・段丘,all_land_use,Na->He,5,continue,3,6,0.5
watershed_x_landform,B_830305_48_LF_2010101,多摩川 / basin 48 / 台地・段丘,all_land_use,Na->He,5,drop,0,6,0
watershed_x_landform,B_830305_48_LF_2010101,多摩川 / basin 48 / 台地・段丘,all_land_use,Na->He,5,new,3,6,0.5
watershed_x_landform,B_830305_48_LF_2010101,多摩川 / basin 48 / 台地・段丘,all_land_use,Pa->Jo,1,continue,0,7,0
watershed_x_landform,B_830305_48_LF_2010101,多摩川 / basin 48 / 台地・段丘,all_land_use,Pa->Jo,1,drop,0,7,0
watershed_x_landform,B_830305_48_LF_2010101,多摩川 / basin 48 / 台地・段丘,all_land_use,Pa->Jo,1,new,7,7,1
watershed_x_landform,B_830305_48_LF_2010101,多摩川 / basin 48 / 台地・段丘,all_land_use,Ya->Ko,3,continue,2,5,0.4
watershed_x_landform,B_830305_48_LF_2010101,多摩川 / basin 48 / 台地・段丘,all_land_use,Ya->Ko,3,drop,0,5,0
watershed_x_landform,B_830305_48_LF_2010101,多摩川 / basin 48 / 台地・段丘,all_land_use,Ya->Ko,3,new,3,5,0.6
watershed_x_landform,B_830305_48_LF_3010101,多摩川 / basin 48 / 山麓堆積地形,all_land_use,He->Me,6,continue,0,1,0
watershed_x_landform,B_830305_48_LF_3010101,多摩川 / basin 48 / 山麓堆積地形,all_land_use,He->Me,6,drop,0,1,0
watershed_x_landform,B_830305_48_LF_3010101,多摩川 / basin 48 / 山麓堆積地形,all_land_use,He->Me,6,new,1,1,1
watershed_x_landform,B_830305_48_LF_3030101,多摩川 / basin 48 / 氾濫平野・海岸平野,all_land_use,He->Me,6,continue,0,2,0
watershed_x_landform,B_830305_48_LF_3030101,多摩川 / basin 48 / 氾濫平野・海岸平野,all_land_use,He->Me,6,drop,2,2,1
watershed_x_landform,B_830305_48_LF_3030101,多摩川 / basin 48 / 氾濫平野・海岸平野,all_land_use,He->Me,6,new,0,2,0
watershed_x_landform,B_830305_48_LF_3030101,多摩川 / basin 48 / 氾濫平野・海岸平野,all_land_use,Jo->Ya,2,continue,0,2,0
watershed_x_landform,B_830305_48_LF_3030101,多摩川 / basin 48 / 氾濫平野・海岸平野,all_land_use,Jo->Ya,2,drop,2,2,1
watershed_x_landform,B_830305_48_LF_3030101,多摩川 / basin 48 / 氾濫平野・海岸平野,all_land_use,Jo->Ya,2,new,0,2,0
watershed_x_landform,B_830305_48_LF_3030101,多摩川 / basin 48 / 氾濫平野・海岸平野,all_land_use,Na->He,5,continue,0,2,0
watershed_x_landform,B_830305_48_LF_3030101,多摩川 / basin 48 / 氾濫平野・海岸平野,all_land_use,Na->He,5,drop,0,2,0
watershed_x_landform,B_830305_48_LF_3030101,多摩川 / basin 48 / 氾濫平野・海岸平野,all_land_use,Na->He,5,new,2,2,1
watershed_x_landform,B_830305_48_LF_3030101,多摩川 / basin 48 / 氾濫平野・海岸平野,all_land_use,Pa->Jo,1,continue,0,2,0
watershed_x_landform,B_830305_48_LF_3030101,多摩川 / basin 48 / 氾濫平野・海岸平野,all_land_use,Pa->Jo,1,drop,0,2,0
watershed_x_landform,B_830305_48_LF_3030101,多摩川 / basin 48 / 氾濫平野・海岸平野,all_land_use,Pa->Jo,1,new,2,2,1
watershed_x_landform,B_830305_49_LF_10101,多摩川 / basin 49 / 山地斜面等,all_land_use,He->Me,6,continue,0,2,0
watershed_x_landform,B_830305_49_LF_10101,多摩川 / basin 49 / 山地斜面等,all_land_use,He->Me,6,drop,1,2,0.5
watershed_x_landform,B_830305_49_LF_10101,多摩川 / basin 49 / 山地斜面等,all_land_use,He->Me,6,new,1,2,0.5
watershed_x_landform,B_830305_49_LF_10101,多摩川 / basin 49 / 山地斜面等,all_land_use,Jo->Ya,2,continue,0,2,0
watershed_x_landform,B_830305_49_LF_10101,多摩川 / basin 49 / 山地斜面等,all_land_use,Jo->Ya,2,drop,2,2,1
watershed_x_landform,B_830305_49_LF_10101,多摩川 / basin 49 / 山地斜面等,all_land_use,Jo->Ya,2,new,0,2,0
watershed_x_landform,B_830305_49_LF_10101,多摩川 / basin 49 / 山地斜面等,all_land_use,Na->He,5,continue,0,1,0
watershed_x_landform,B_830305_49_LF_10101,多摩川 / basin 49 / 山地斜面等,all_land_use,Na->He,5,drop,0,1,0
watershed_x_landform,B_830305_49_LF_10101,多摩川 / basin 49 / 山地斜面等,all_land_use,Na->He,5,new,1,1,1
watershed_x_landform,B_830305_49_LF_10101,多摩川 / basin 49 / 山地斜面等,all_land_use,Pa->Jo,1,continue,0,2,0
watershed_x_landform,B_830305_49_LF_10101,多摩川 / basin 49 / 山地斜面等,all_land_use,Pa->Jo,1,drop,0,2,0
watershed_x_landform,B_830305_49_LF_10101,多摩川 / basin 49 / 山地斜面等,all_land_use,Pa->Jo,1,new,2,2,1
watershed_x_landform,B_830305_49_LF_10701,多摩川 / basin 49 / 氾濫平野・海岸平野,all_land_use,Jo->Ya,2,continue,0,1,0
watershed_x_landform,B_830305_49_LF_10701,多摩川 / basin 49 / 氾濫平野・海岸平野,all_land_use,Jo->Ya,2,drop,1,1,1
watershed_x_landform,B_830305_49_LF_10701,多摩川 / basin 49 / 氾濫平野・海岸平野,all_land_use,Jo->Ya,2,new,0,1,0
watershed_x_landform,B_830305_49_LF_10701,多摩川 / basin 49 / 氾濫平野・海岸平野,all_land_use,Ko->Na,4,continue,0,1,0
watershed_x_landform,B_830305_49_LF_10701,多摩川 / basin 49 / 氾濫平野・海岸平野,all_land_use,Ko->Na,4,drop,1,1,1
watershed_x_landform,B_830305_49_LF_10701,多摩川 / basin 49 / 氾濫平野・海岸平野,all_land_use,Ko->Na,4,new,0,1,0
watershed_x_landform,B_830305_49_LF_10701,多摩川 / basin 49 / 氾濫平野・海岸平野,all_land_use,Pa->Jo,1,continue,0,1,0
watershed_x_landform,B_830305_49_LF_10701,多摩川 / basin 49 / 氾濫平野・海岸平野,all_land_use,Pa->Jo,1,drop,0,1,0
watershed_x_landform,B_830305_49_LF_10701,多摩川 / basin 49 / 氾濫平野・海岸平野,all_land_use,Pa->Jo,1,new,1,1,1
watershed_x_landform,B_830305_49_LF_10701,多摩川 / basin 49 / 氾濫平野・海岸平野,all_land_use,Ya->Ko,3,continue,0,1,0
watershed_x_landform,B_830305_49_LF_10701,多摩川 / basin 49 / 氾濫平野・海岸平野,all_land_use,Ya->Ko,3,drop,0,1,0
watershed_x_landform,B_830305_49_LF_10701,多摩川 / basin 49 / 氾濫平野・海岸平野,all_land_use,Ya->Ko,3,new,1,1,1
watershed_x_landform,B_830305_49_LF_2010101,多摩川 / basin 49 / 台地・段丘,all_land_use,Ko->Na,4,continue,0,4,0
watershed_x_landform,B_830305_49_LF_2010101,多摩川 / basin 49 / 台地・段丘,all_land_use,Ko->Na,4,drop,3,4,0.75
watershed_x_landform,B_830305_49_LF_2010101,多摩川 / basin 49 / 台地・段丘,all_land_use,Ko->Na,4,new,1,4,0.25
watershed_x_landform,B_830305_49_LF_2010101,多摩川 / basin 49 / 台地・段丘,all_land_use,Na->He,5,continue,0,1,0
watershed_x_landform,B_830305_49_LF_2010101,多摩川 / basin 49 / 台地・段丘,all_land_use,Na->He,5,drop,1,1,1
watershed_x_landform,B_830305_49_LF_2010101,多摩川 / basin 49 / 台地・段丘,all_land_use,Na->He,5,new,0,1,0
watershed_x_landform,B_830305_49_LF_2010101,多摩川 / basin 49 / 台地・段丘,all_land_use,Ya->Ko,3,continue,0,3,0
watershed_x_landform,B_830305_49_LF_2010101,多摩川 / basin 49 / 台地・段丘,all_land_use,Ya->Ko,3,drop,0,3,0
watershed_x_landform,B_830305_49_LF_2010101,多摩川 / basin 49 / 台地・段丘,all_land_use,Ya->Ko,3,new,3,3,1
watershed_x_landform,B_830305_49_LF_2010201,多摩川 / basin 49 / 崖・段丘崖,all_land_use,Ko->Na,4,continue,1,1,1
watershed_x_landform,B_830305_49_LF_2010201,多摩川 / basin 49 / 崖・段丘崖,all_land_use,Ko->Na,4,drop,0,1,0
watershed_x_landform,B_830305_49_LF_2010201,多摩川 / basin 49 / 崖・段丘崖,all_land_use,Ko->Na,4,new,0,1,0
watershed_x_landform,B_830305_49_LF_2010201,多摩川 / basin 49 / 崖・段丘崖,all_land_use,Na->He,5,continue,0,1,0
watershed_x_landform,B_830305_49_LF_2010201,多摩川 / basin 49 / 崖・段丘崖,all_land_use,Na->He,5,drop,1,1,1
watershed_x_landform,B_830305_49_LF_2010201,多摩川 / basin 49 / 崖・段丘崖,all_land_use,Na->He,5,new,0,1,0
watershed_x_landform,B_830305_49_LF_2010201,多摩川 / basin 49 / 崖・段丘崖,all_land_use,Ya->Ko,3,continue,0,1,0
watershed_x_landform,B_830305_49_LF_2010201,多摩川 / basin 49 / 崖・段丘崖,all_land_use,Ya->Ko,3,drop,0,1,0
watershed_x_landform,B_830305_49_LF_2010201,多摩川 / basin 49 / 崖・段丘崖,all_land_use,Ya->Ko,3,new,1,1,1
watershed_x_landform,B_830305_50_LF_2010101,多摩川 / basin 50 / 台地・段丘,all_land_use,He->Me,6,continue,1,3,0.3333333333333333
watershed_x_landform,B_830305_50_LF_2010101,多摩川 / basin 50 / 台地・段丘,all_land_use,He->Me,6,drop,2,3,0.6666666666666666
watershed_x_landform,B_830305_50_LF_2010101,多摩川 / basin 50 / 台地・段丘,all_land_use,He->Me,6,new,0,3,0
watershed_x_landform,B_830305_50_LF_2010101,多摩川 / basin 50 / 台地・段丘,all_land_use,Jo->Ya,2,continue,1,5,0.2
watershed_x_landform,B_830305_50_LF_2010101,多摩川 / basin 50 / 台地・段丘,all_land_use,Jo->Ya,2,drop,4,5,0.8
watershed_x_landform,B_830305_50_LF_2010101,多摩川 / basin 50 / 台地・段丘,all_land_use,Jo->Ya,2,new,0,5,0
watershed_x_landform,B_830305_50_LF_2010101,多摩川 / basin 50 / 台地・段丘,all_land_use,Ko->Na,4,continue,2,15,0.13333333333333333
watershed_x_landform,B_830305_50_LF_2010101,多摩川 / basin 50 / 台地・段丘,all_land_use,Ko->Na,4,drop,13,15,0.8666666666666667
watershed_x_landform,B_830305_50_LF_2010101,多摩川 / basin 50 / 台地・段丘,all_land_use,Ko->Na,4,new,0,15,0
watershed_x_landform,B_830305_50_LF_2010101,多摩川 / basin 50 / 台地・段丘,all_land_use,Na->He,5,continue,2,3,0.6666666666666666
watershed_x_landform,B_830305_50_LF_2010101,多摩川 / basin 50 / 台地・段丘,all_land_use,Na->He,5,drop,0,3,0
watershed_x_landform,B_830305_50_LF_2010101,多摩川 / basin 50 / 台地・段丘,all_land_use,Na->He,5,new,1,3,0.3333333333333333
watershed_x_landform,B_830305_50_LF_2010101,多摩川 / basin 50 / 台地・段丘,all_land_use,Pa->Jo,1,continue,1,5,0.2
watershed_x_landform,B_830305_50_LF_2010101,多摩川 / basin 50 / 台地・段丘,all_land_use,Pa->Jo,1,drop,0,5,0
watershed_x_landform,B_830305_50_LF_2010101,多摩川 / basin 50 / 台地・段丘,all_land_use,Pa->Jo,1,new,4,5,0.8
watershed_x_landform,B_830305_50_LF_2010101,多摩川 / basin 50 / 台地・段丘,all_land_use,Ya->Ko,3,continue,1,15,0.06666666666666667
watershed_x_landform,B_830305_50_LF_2010101,多摩川 / basin 50 / 台地・段丘,all_land_use,Ya->Ko,3,drop,0,15,0
watershed_x_landform,B_830305_50_LF_2010101,多摩川 / basin 50 / 台地・段丘,all_land_use,Ya->Ko,3,new,14,15,0.9333333333333333
watershed_x_landform,B_830305_50_LF_2010201,多摩川 / basin 50 / 崖・段丘崖,all_land_use,Ko->Na,4,continue,0,1,0
watershed_x_landform,B_830305_50_LF_2010201,多摩川 / basin 50 / 崖・段丘崖,all_land_use,Ko->Na,4,drop,1,1,1
watershed_x_landform,B_830305_50_LF_2010201,多摩川 / basin 50 / 崖・段丘崖,all_land_use,Ko->Na,4,new,0,1,0
watershed_x_landform,B_830305_50_LF_2010201,多摩川 / basin 50 / 崖・段丘崖,all_land_use,Ya->Ko,3,continue,0,1,0
watershed_x_landform,B_830305_50_LF_2010201,多摩川 / basin 50 / 崖・段丘崖,all_land_use,Ya->Ko,3,drop,0,1,0
watershed_x_landform,B_830305_50_LF_2010201,多摩川 / basin 50 / 崖・段丘崖,all_land_use,Ya->Ko,3,new,1,1,1
watershed_x_landform,B_830305_51_LF_1010101,多摩川 / basin 51 / 山地斜面等,all_land_use,Jo->Ya,2,continue,0,2,0
watershed_x_landform,B_830305_51_LF_1010101,多摩川 / basin 51 / 山地斜面等,all_land_use,Jo->Ya,2,drop,2,2,1
watershed_x_landform,B_830305_51_LF_1010101,多摩川 / basin 51 / 山地斜面等,all_land_use,Jo->Ya,2,new,0,2,0
watershed_x_landform,B_830305_51_LF_1010101,多摩川 / basin 51 / 山地斜面等,all_land_use,Pa->Jo,1,continue,0,2,0
watershed_x_landform,B_830305_51_LF_1010101,多摩川 / basin 51 / 山地斜面等,all_land_use,Pa->Jo,1,drop,0,2,0
watershed_x_landform,B_830305_51_LF_1010101,多摩川 / basin 51 / 山地斜面等,all_land_use,Pa->Jo,1,new,2,2,1
watershed_x_landform,B_830305_51_LF_2010101,多摩川 / basin 51 / 台地・段丘,all_land_use,He->Me,6,continue,0,2,0
watershed_x_landform,B_830305_51_LF_2010101,多摩川 / basin 51 / 台地・段丘,all_land_use,He->Me,6,drop,2,2,1
watershed_x_landform,B_830305_51_LF_2010101,多摩川 / basin 51 / 台地・段丘,all_land_use,He->Me,6,new,0,2,0
watershed_x_landform,B_830305_51_LF_2010101,多摩川 / basin 51 / 台地・段丘,all_land_use,Jo->Ya,2,continue,0,3,0
watershed_x_landform,B_830305_51_LF_2010101,多摩川 / basin 51 / 台地・段丘,all_land_use,Jo->Ya,2,drop,3,3,1
watershed_x_landform,B_830305_51_LF_2010101,多摩川 / basin 51 / 台地・段丘,all_land_use,Jo->Ya,2,new,0,3,0
watershed_x_landform,B_830305_51_LF_2010101,多摩川 / basin 51 / 台地・段丘,all_land_use,Ko->Na,4,continue,1,5,0.2
watershed_x_landform,B_830305_51_LF_2010101,多摩川 / basin 51 / 台地・段丘,all_land_use,Ko->Na,4,drop,3,5,0.6
watershed_x_landform,B_830305_51_LF_2010101,多摩川 / basin 51 / 台地・段丘,all_land_use,Ko->Na,4,new,1,5,0.2
watershed_x_landform,B_830305_51_LF_2010101,多摩川 / basin 51 / 台地・段丘,all_land_use,Na->He,5,continue,1,3,0.3333333333333333
watershed_x_landform,B_830305_51_LF_2010101,多摩川 / basin 51 / 台地・段丘,all_land_use,Na->He,5,drop,1,3,0.3333333333333333
watershed_x_landform,B_830305_51_LF_2010101,多摩川 / basin 51 / 台地・段丘,all_land_use,Na->He,5,new,1,3,0.3333333333333333
watershed_x_landform,B_830305_51_LF_2010101,多摩川 / basin 51 / 台地・段丘,all_land_use,Pa->Jo,1,continue,0,3,0
watershed_x_landform,B_830305_51_LF_2010101,多摩川 / basin 51 / 台地・段丘,all_land_use,Pa->Jo,1,drop,0,3,0
watershed_x_landform,B_830305_51_LF_2010101,多摩川 / basin 51 / 台地・段丘,all_land_use,Pa->Jo,1,new,3,3,1
watershed_x_landform,B_830305_51_LF_2010101,多摩川 / basin 51 / 台地・段丘,all_land_use,Ya->Ko,3,continue,0,4,0
watershed_x_landform,B_830305_51_LF_2010101,多摩川 / basin 51 / 台地・段丘,all_land_use,Ya->Ko,3,drop,0,4,0
watershed_x_landform,B_830305_51_LF_2010101,多摩川 / basin 51 / 台地・段丘,all_land_use,Ya->Ko,3,new,4,4,1
watershed_x_landform,B_830305_51_LF_3030101,多摩川 / basin 51 / 氾濫平野・海岸平野,all_land_use,Jo->Ya,2,continue,0,1,0
watershed_x_landform,B_830305_51_LF_3030101,多摩川 / basin 51 / 氾濫平野・海岸平野,all_land_use,Jo->Ya,2,drop,1,1,1
watershed_x_landform,B_830305_51_LF_3030101,多摩川 / basin 51 / 氾濫平野・海岸平野,all_land_use,Jo->Ya,2,new,0,1,0
watershed_x_landform,B_830305_51_LF_3030101,多摩川 / basin 51 / 氾濫平野・海岸平野,all_land_use,Pa->Jo,1,continue,0,1,0
watershed_x_landform,B_830305_51_LF_3030101,多摩川 / basin 51 / 氾濫平野・海岸平野,all_land_use,Pa->Jo,1,drop,0,1,0
watershed_x_landform,B_830305_51_LF_3030101,多摩川 / basin 51 / 氾濫平野・海岸平野,all_land_use,Pa->Jo,1,new,1,1,1
watershed_x_landform,B_830305_52_LF_2010101,多摩川 / basin 52 / 台地・段丘,all_land_use,He->Me,6,continue,1,3,0.3333333333333333
watershed_x_landform,B_830305_52_LF_2010101,多摩川 / basin 52 / 台地・段丘,all_land_use,He->Me,6,drop,1,3,0.3333333333333333
watershed_x_landform,B_830305_52_LF_2010101,多摩川 / basin 52 / 台地・段丘,all_land_use,He->Me,6,new,1,3,0.3333333333333333
watershed_x_landform,B_830305_52_LF_2010101,多摩川 / basin 52 / 台地・段丘,all_land_use,Jo->Ya,2,continue,0,5,0
watershed_x_landform,B_830305_52_LF_2010101,多摩川 / basin 52 / 台地・段丘,all_land_use,Jo->Ya,2,drop,5,5,1
watershed_x_landform,B_830305_52_LF_2010101,多摩川 / basin 52 / 台地・段丘,all_land_use,Jo->Ya,2,new,0,5,0
watershed_x_landform,B_830305_52_LF_2010101,多摩川 / basin 52 / 台地・段丘,all_land_use,Ko->Na,4,continue,2,9,0.2222222222222222
watershed_x_landform,B_830305_52_LF_2010101,多摩川 / basin 52 / 台地・段丘,all_land_use,Ko->Na,4,drop,6,9,0.6666666666666666
watershed_x_landform,B_830305_52_LF_2010101,多摩川 / basin 52 / 台地・段丘,all_land_use,Ko->Na,4,new,1,9,0.1111111111111111
watershed_x_landform,B_830305_52_LF_2010101,多摩川 / basin 52 / 台地・段丘,all_land_use,Na->He,5,continue,2,3,0.6666666666666666
watershed_x_landform,B_830305_52_LF_2010101,多摩川 / basin 52 / 台地・段丘,all_land_use,Na->He,5,drop,1,3,0.3333333333333333
watershed_x_landform,B_830305_52_LF_2010101,多摩川 / basin 52 / 台地・段丘,all_land_use,Na->He,5,new,0,3,0
watershed_x_landform,B_830305_52_LF_2010101,多摩川 / basin 52 / 台地・段丘,all_land_use,Pa->Jo,1,continue,0,5,0
watershed_x_landform,B_830305_52_LF_2010101,多摩川 / basin 52 / 台地・段丘,all_land_use,Pa->Jo,1,drop,0,5,0
watershed_x_landform,B_830305_52_LF_2010101,多摩川 / basin 52 / 台地・段丘,all_land_use,Pa->Jo,1,new,5,5,1
watershed_x_landform,B_830305_52_LF_2010101,多摩川 / basin 52 / 台地・段丘,all_land_use,Ya->Ko,3,continue,0,8,0
watershed_x_landform,B_830305_52_LF_2010101,多摩川 / basin 52 / 台地・段丘,all_land_use,Ya->Ko,3,drop,0,8,0
watershed_x_landform,B_830305_52_LF_2010101,多摩川 / basin 52 / 台地・段丘,all_land_use,Ya->Ko,3,new,8,8,1
watershed_x_landform,B_830305_52_LF_3030101,多摩川 / basin 52 / 氾濫平野・海岸平野,all_land_use,Ko->Na,4,continue,0,1,0
watershed_x_landform,B_830305_52_LF_3030101,多摩川 / basin 52 / 氾濫平野・海岸平野,all_land_use,Ko->Na,4,drop,1,1,1
watershed_x_landform,B_830305_52_LF_3030101,多摩川 / basin 52 / 氾濫平野・海岸平野,all_land_use,Ko->Na,4,new,0,1,0
watershed_x_landform,B_830305_52_LF_3030101,多摩川 / basin 52 / 氾濫平野・海岸平野,all_land_use,Ya->Ko,3,continue,0,1,0
watershed_x_landform,B_830305_52_LF_3030101,多摩川 / basin 52 / 氾濫平野・海岸平野,all_land_use,Ya->Ko,3,drop,0,1,0
watershed_x_landform,B_830305_52_LF_3030101,多摩川 / basin 52 / 氾濫平野・海岸平野,all_land_use,Ya->Ko,3,new,1,1,1
watershed_x_landform,B_830305_54_LF_10101,多摩川 / basin 54 / 山地斜面等,all_land_use,He->Me,6,continue,0,1,0
watershed_x_landform,B_830305_54_LF_10101,多摩川 / basin 54 / 山地斜面等,all_land_use,He->Me,6,drop,0,1,0
watershed_x_landform,B_830305_54_LF_10101,多摩川 / basin 54 / 山地斜面等,all_land_use,He->Me,6,new,1,1,1
watershed_x_landform,B_830305_55_LF_2010101,多摩川 / basin 55 / 台地・段丘,all_land_use,He->Me,6,continue,0,1,0
watershed_x_landform,B_830305_55_LF_2010101,多摩川 / basin 55 / 台地・段丘,all_land_use,He->Me,6,drop,1,1,1
watershed_x_landform,B_830305_55_LF_2010101,多摩川 / basin 55 / 台地・段丘,all_land_use,He->Me,6,new,0,1,0
watershed_x_landform,B_830305_55_LF_2010101,多摩川 / basin 55 / 台地・段丘,all_land_use,Jo->Ya,2,continue,0,3,0
watershed_x_landform,B_830305_55_LF_2010101,多摩川 / basin 55 / 台地・段丘,all_land_use,Jo->Ya,2,drop,3,3,1
watershed_x_landform,B_830305_55_LF_2010101,多摩川 / basin 55 / 台地・段丘,all_land_use,Jo->Ya,2,new,0,3,0
watershed_x_landform,B_830305_55_LF_2010101,多摩川 / basin 55 / 台地・段丘,all_land_use,Ko->Na,4,continue,0,3,0
watershed_x_landform,B_830305_55_LF_2010101,多摩川 / basin 55 / 台地・段丘,all_land_use,Ko->Na,4,drop,3,3,1
watershed_x_landform,B_830305_55_LF_2010101,多摩川 / basin 55 / 台地・段丘,all_land_use,Ko->Na,4,new,0,3,0
watershed_x_landform,B_830305_55_LF_2010101,多摩川 / basin 55 / 台地・段丘,all_land_use,Na->He,5,continue,0,1,0
watershed_x_landform,B_830305_55_LF_2010101,多摩川 / basin 55 / 台地・段丘,all_land_use,Na->He,5,drop,0,1,0
watershed_x_landform,B_830305_55_LF_2010101,多摩川 / basin 55 / 台地・段丘,all_land_use,Na->He,5,new,1,1,1
watershed_x_landform,B_830305_55_LF_2010101,多摩川 / basin 55 / 台地・段丘,all_land_use,Pa->Jo,1,continue,0,3,0
watershed_x_landform,B_830305_55_LF_2010101,多摩川 / basin 55 / 台地・段丘,all_land_use,Pa->Jo,1,drop,0,3,0
watershed_x_landform,B_830305_55_LF_2010101,多摩川 / basin 55 / 台地・段丘,all_land_use,Pa->Jo,1,new,3,3,1
watershed_x_landform,B_830305_55_LF_2010101,多摩川 / basin 55 / 台地・段丘,all_land_use,Ya->Ko,3,continue,0,3,0
watershed_x_landform,B_830305_55_LF_2010101,多摩川 / basin 55 / 台地・段丘,all_land_use,Ya->Ko,3,drop,0,3,0
watershed_x_landform,B_830305_55_LF_2010101,多摩川 / basin 55 / 台地・段丘,all_land_use,Ya->Ko,3,new,3,3,1
watershed_x_landform,B_830305_55_LF_3030101,多摩川 / basin 55 / 氾濫平野・海岸平野,all_land_use,Jo->Ya,2,continue,0,1,0
watershed_x_landform,B_830305_55_LF_3030101,多摩川 / basin 55 / 氾濫平野・海岸平野,all_land_use,Jo->Ya,2,drop,1,1,1
watershed_x_landform,B_830305_55_LF_3030101,多摩川 / basin 55 / 氾濫平野・海岸平野,all_land_use,Jo->Ya,2,new,0,1,0
watershed_x_landform,B_830305_55_LF_3030101,多摩川 / basin 55 / 氾濫平野・海岸平野,all_land_use,Ko->Na,4,continue,0,1,0
watershed_x_landform,B_830305_55_LF_3030101,多摩川 / basin 55 / 氾濫平野・海岸平野,all_land_use,Ko->Na,4,drop,1,1,1
watershed_x_landform,B_830305_55_LF_3030101,多摩川 / basin 55 / 氾濫平野・海岸平野,all_land_use,Ko->Na,4,new,0,1,0
watershed_x_landform,B_830305_55_LF_3030101,多摩川 / basin 55 / 氾濫平野・海岸平野,all_land_use,Pa->Jo,1,continue,0,1,0
watershed_x_landform,B_830305_55_LF_3030101,多摩川 / basin 55 / 氾濫平野・海岸平野,all_land_use,Pa->Jo,1,drop,0,1,0
watershed_x_landform,B_830305_55_LF_3030101,多摩川 / basin 55 / 氾濫平野・海岸平野,all_land_use,Pa->Jo,1,new,1,1,1
watershed_x_landform,B_830305_55_LF_3030101,多摩川 / basin 55 / 氾濫平野・海岸平野,all_land_use,Ya->Ko,3,continue,0,1,0
watershed_x_landform,B_830305_55_LF_3030101,多摩川 / basin 55 / 氾濫平野・海岸平野,all_land_use,Ya->Ko,3,drop,0,1,0
watershed_x_landform,B_830305_55_LF_3030101,多摩川 / basin 55 / 氾濫平野・海岸平野,all_land_use,Ya->Ko,3,new,1,1,1
watershed_x_landform,B_830305_56_LF_10101,多摩川 / basin 56 / 山地斜面等,all_land_use,Jo->Ya,2,continue,1,1,1
watershed_x_landform,B_830305_56_LF_10101,多摩川 / basin 56 / 山地斜面等,all_land_use,Jo->Ya,2,drop,0,1,0
watershed_x_landform,B_830305_56_LF_10101,多摩川 / basin 56 / 山地斜面等,all_land_use,Jo->Ya,2,new,0,1,0
watershed_x_landform,B_830305_56_LF_10101,多摩川 / basin 56 / 山地斜面等,all_land_use,Ko->Na,4,continue,0,1,0
watershed_x_landform,B_830305_56_LF_10101,多摩川 / basin 56 / 山地斜面等,all_land_use,Ko->Na,4,drop,1,1,1
watershed_x_landform,B_830305_56_LF_10101,多摩川 / basin 56 / 山地斜面等,all_land_use,Ko->Na,4,new,0,1,0
watershed_x_landform,B_830305_56_LF_10101,多摩川 / basin 56 / 山地斜面等,all_land_use,Pa->Jo,1,continue,0,1,0
watershed_x_landform,B_830305_56_LF_10101,多摩川 / basin 56 / 山地斜面等,all_land_use,Pa->Jo,1,drop,0,1,0
watershed_x_landform,B_830305_56_LF_10101,多摩川 / basin 56 / 山地斜面等,all_land_use,Pa->Jo,1,new,1,1,1
watershed_x_landform,B_830305_56_LF_10101,多摩川 / basin 56 / 山地斜面等,all_land_use,Ya->Ko,3,continue,0,2,0
watershed_x_landform,B_830305_56_LF_10101,多摩川 / basin 56 / 山地斜面等,all_land_use,Ya->Ko,3,drop,1,2,0.5
watershed_x_landform,B_830305_56_LF_10101,多摩川 / basin 56 / 山地斜面等,all_land_use,Ya->Ko,3,new,1,2,0.5
watershed_x_landform,B_830305_56_LF_10305,多摩川 / basin 56 / 台地・段丘,all_land_use,He->Me,6,continue,1,1,1
watershed_x_landform,B_830305_56_LF_10305,多摩川 / basin 56 / 台地・段丘,all_land_use,He->Me,6,drop,0,1,0
watershed_x_landform,B_830305_56_LF_10305,多摩川 / basin 56 / 台地・段丘,all_land_use,He->Me,6,new,0,1,0
watershed_x_landform,B_830305_56_LF_10305,多摩川 / basin 56 / 台地・段丘,all_land_use,Jo->Ya,2,continue,0,2,0
watershed_x_landform,B_830305_56_LF_10305,多摩川 / basin 56 / 台地・段丘,all_land_use,Jo->Ya,2,drop,2,2,1
watershed_x_landform,B_830305_56_LF_10305,多摩川 / basin 56 / 台地・段丘,all_land_use,Jo->Ya,2,new,0,2,0
watershed_x_landform,B_830305_56_LF_10305,多摩川 / basin 56 / 台地・段丘,all_land_use,Ko->Na,4,continue,0,2,0
watershed_x_landform,B_830305_56_LF_10305,多摩川 / basin 56 / 台地・段丘,all_land_use,Ko->Na,4,drop,2,2,1
watershed_x_landform,B_830305_56_LF_10305,多摩川 / basin 56 / 台地・段丘,all_land_use,Ko->Na,4,new,0,2,0
watershed_x_landform,B_830305_56_LF_10305,多摩川 / basin 56 / 台地・段丘,all_land_use,Na->He,5,continue,0,1,0
watershed_x_landform,B_830305_56_LF_10305,多摩川 / basin 56 / 台地・段丘,all_land_use,Na->He,5,drop,0,1,0
watershed_x_landform,B_830305_56_LF_10305,多摩川 / basin 56 / 台地・段丘,all_land_use,Na->He,5,new,1,1,1
watershed_x_landform,B_830305_56_LF_10305,多摩川 / basin 56 / 台地・段丘,all_land_use,Pa->Jo,1,continue,0,2,0
watershed_x_landform,B_830305_56_LF_10305,多摩川 / basin 56 / 台地・段丘,all_land_use,Pa->Jo,1,drop,0,2,0
watershed_x_landform,B_830305_56_LF_10305,多摩川 / basin 56 / 台地・段丘,all_land_use,Pa->Jo,1,new,2,2,1
watershed_x_landform,B_830305_56_LF_10305,多摩川 / basin 56 / 台地・段丘,all_land_use,Ya->Ko,3,continue,0,2,0
watershed_x_landform,B_830305_56_LF_10305,多摩川 / basin 56 / 台地・段丘,all_land_use,Ya->Ko,3,drop,0,2,0
watershed_x_landform,B_830305_56_LF_10305,多摩川 / basin 56 / 台地・段丘,all_land_use,Ya->Ko,3,new,2,2,1
watershed_x_landform,B_830305_56_LF_10314,多摩川 / basin 56 / 台地・段丘,all_land_use,He->Me,6,continue,2,3,0.6666666666666666
watershed_x_landform,B_830305_56_LF_10314,多摩川 / basin 56 / 台地・段丘,all_land_use,He->Me,6,drop,1,3,0.3333333333333333
watershed_x_landform,B_830305_56_LF_10314,多摩川 / basin 56 / 台地・段丘,all_land_use,He->Me,6,new,0,3,0
watershed_x_landform,B_830305_56_LF_10314,多摩川 / basin 56 / 台地・段丘,all_land_use,Jo->Ya,2,continue,1,6,0.16666666666666666
watershed_x_landform,B_830305_56_LF_10314,多摩川 / basin 56 / 台地・段丘,all_land_use,Jo->Ya,2,drop,5,6,0.8333333333333334
watershed_x_landform,B_830305_56_LF_10314,多摩川 / basin 56 / 台地・段丘,all_land_use,Jo->Ya,2,new,0,6,0
watershed_x_landform,B_830305_56_LF_10314,多摩川 / basin 56 / 台地・段丘,all_land_use,Ko->Na,4,continue,3,4,0.75
watershed_x_landform,B_830305_56_LF_10314,多摩川 / basin 56 / 台地・段丘,all_land_use,Ko->Na,4,drop,1,4,0.25
watershed_x_landform,B_830305_56_LF_10314,多摩川 / basin 56 / 台地・段丘,all_land_use,Ko->Na,4,new,0,4,0
watershed_x_landform,B_830305_56_LF_10314,多摩川 / basin 56 / 台地・段丘,all_land_use,Na->He,5,continue,3,3,1
watershed_x_landform,B_830305_56_LF_10314,多摩川 / basin 56 / 台地・段丘,all_land_use,Na->He,5,drop,0,3,0
watershed_x_landform,B_830305_56_LF_10314,多摩川 / basin 56 / 台地・段丘,all_land_use,Na->He,5,new,0,3,0
watershed_x_landform,B_830305_56_LF_10314,多摩川 / basin 56 / 台地・段丘,all_land_use,Pa->Jo,1,continue,1,6,0.16666666666666666
watershed_x_landform,B_830305_56_LF_10314,多摩川 / basin 56 / 台地・段丘,all_land_use,Pa->Jo,1,drop,0,6,0
watershed_x_landform,B_830305_56_LF_10314,多摩川 / basin 56 / 台地・段丘,all_land_use,Pa->Jo,1,new,5,6,0.8333333333333334
watershed_x_landform,B_830305_56_LF_10314,多摩川 / basin 56 / 台地・段丘,all_land_use,Ya->Ko,3,continue,1,4,0.25
watershed_x_landform,B_830305_56_LF_10314,多摩川 / basin 56 / 台地・段丘,all_land_use,Ya->Ko,3,drop,0,4,0
watershed_x_landform,B_830305_56_LF_10314,多摩川 / basin 56 / 台地・段丘,all_land_use,Ya->Ko,3,new,3,4,0.75
watershed_x_landform,B_830305_56_LF_2010101,多摩川 / basin 56 / 台地・段丘,all_land_use,He->Me,6,continue,0,1,0
watershed_x_landform,B_830305_56_LF_2010101,多摩川 / basin 56 / 台地・段丘,all_land_use,He->Me,6,drop,1,1,1
watershed_x_landform,B_830305_56_LF_2010101,多摩川 / basin 56 / 台地・段丘,all_land_use,He->Me,6,new,0,1,0
watershed_x_landform,B_830305_56_LF_2010101,多摩川 / basin 56 / 台地・段丘,all_land_use,Jo->Ya,2,continue,0,1,0
watershed_x_landform,B_830305_56_LF_2010101,多摩川 / basin 56 / 台地・段丘,all_land_use,Jo->Ya,2,drop,1,1,1
watershed_x_landform,B_830305_56_LF_2010101,多摩川 / basin 56 / 台地・段丘,all_land_use,Jo->Ya,2,new,0,1,0
watershed_x_landform,B_830305_56_LF_2010101,多摩川 / basin 56 / 台地・段丘,all_land_use,Ko->Na,4,continue,0,41,0
watershed_x_landform,B_830305_56_LF_2010101,多摩川 / basin 56 / 台地・段丘,all_land_use,Ko->Na,4,drop,41,41,1
watershed_x_landform,B_830305_56_LF_2010101,多摩川 / basin 56 / 台地・段丘,all_land_use,Ko->Na,4,new,0,41,0
watershed_x_landform,B_830305_56_LF_2010101,多摩川 / basin 56 / 台地・段丘,all_land_use,Na->He,5,continue,0,1,0
watershed_x_landform,B_830305_56_LF_2010101,多摩川 / basin 56 / 台地・段丘,all_land_use,Na->He,5,drop,0,1,0
watershed_x_landform,B_830305_56_LF_2010101,多摩川 / basin 56 / 台地・段丘,all_land_use,Na->He,5,new,1,1,1
watershed_x_landform,B_830305_56_LF_2010101,多摩川 / basin 56 / 台地・段丘,all_land_use,Pa->Jo,1,continue,0,1,0
watershed_x_landform,B_830305_56_LF_2010101,多摩川 / basin 56 / 台地・段丘,all_land_use,Pa->Jo,1,drop,0,1,0
watershed_x_landform,B_830305_56_LF_2010101,多摩川 / basin 56 / 台地・段丘,all_land_use,Pa->Jo,1,new,1,1,1
watershed_x_landform,B_830305_56_LF_2010101,多摩川 / basin 56 / 台地・段丘,all_land_use,Ya->Ko,3,continue,0,41,0
watershed_x_landform,B_830305_56_LF_2010101,多摩川 / basin 56 / 台地・段丘,all_land_use,Ya->Ko,3,drop,0,41,0
watershed_x_landform,B_830305_56_LF_2010101,多摩川 / basin 56 / 台地・段丘,all_land_use,Ya->Ko,3,new,41,41,1
watershed_x_landform,B_830305_56_LF_2010201,多摩川 / basin 56 / 崖・段丘崖,all_land_use,Ko->Na,4,continue,0,5,0
watershed_x_landform,B_830305_56_LF_2010201,多摩川 / basin 56 / 崖・段丘崖,all_land_use,Ko->Na,4,drop,5,5,1
watershed_x_landform,B_830305_56_LF_2010201,多摩川 / basin 56 / 崖・段丘崖,all_land_use,Ko->Na,4,new,0,5,0
watershed_x_landform,B_830305_56_LF_2010201,多摩川 / basin 56 / 崖・段丘崖,all_land_use,Ya->Ko,3,continue,0,5,0
watershed_x_landform,B_830305_56_LF_2010201,多摩川 / basin 56 / 崖・段丘崖,all_land_use,Ya->Ko,3,drop,0,5,0
watershed_x_landform,B_830305_56_LF_2010201,多摩川 / basin 56 / 崖・段丘崖,all_land_use,Ya->Ko,3,new,5,5,1
watershed_x_landform,B_830305_56_LF_3030101,多摩川 / basin 56 / 氾濫平野・海岸平野,all_land_use,Ko->Na,4,continue,0,1,0
watershed_x_landform,B_830305_56_LF_3030101,多摩川 / basin 56 / 氾濫平野・海岸平野,all_land_use,Ko->Na,4,drop,1,1,1
watershed_x_landform,B_830305_56_LF_3030101,多摩川 / basin 56 / 氾濫平野・海岸平野,all_land_use,Ko->Na,4,new,0,1,0
watershed_x_landform,B_830305_56_LF_3030101,多摩川 / basin 56 / 氾濫平野・海岸平野,all_land_use,Ya->Ko,3,continue,0,1,0
watershed_x_landform,B_830305_56_LF_3030101,多摩川 / basin 56 / 氾濫平野・海岸平野,all_land_use,Ya->Ko,3,drop,0,1,0
watershed_x_landform,B_830305_56_LF_3030101,多摩川 / basin 56 / 氾濫平野・海岸平野,all_land_use,Ya->Ko,3,new,1,1,1
watershed_x_landform,B_830305_57_LF_2010101,多摩川 / basin 57 / 台地・段丘,all_land_use,He->Me,6,continue,0,1,0
watershed_x_landform,B_830305_57_LF_2010101,多摩川 / basin 57 / 台地・段丘,all_land_use,He->Me,6,drop,1,1,1
watershed_x_landform,B_830305_57_LF_2010101,多摩川 / basin 57 / 台地・段丘,all_land_use,He->Me,6,new,0,1,0
watershed_x_landform,B_830305_57_LF_2010101,多摩川 / basin 57 / 台地・段丘,all_land_use,Jo->Ya,2,continue,0,1,0
watershed_x_landform,B_830305_57_LF_2010101,多摩川 / basin 57 / 台地・段丘,all_land_use,Jo->Ya,2,drop,1,1,1
watershed_x_landform,B_830305_57_LF_2010101,多摩川 / basin 57 / 台地・段丘,all_land_use,Jo->Ya,2,new,0,1,0
watershed_x_landform,B_830305_57_LF_2010101,多摩川 / basin 57 / 台地・段丘,all_land_use,Ko->Na,4,continue,0,1,0
watershed_x_landform,B_830305_57_LF_2010101,多摩川 / basin 57 / 台地・段丘,all_land_use,Ko->Na,4,drop,0,1,0
watershed_x_landform,B_830305_57_LF_2010101,多摩川 / basin 57 / 台地・段丘,all_land_use,Ko->Na,4,new,1,1,1
watershed_x_landform,B_830305_57_LF_2010101,多摩川 / basin 57 / 台地・段丘,all_land_use,Na->He,5,continue,1,1,1
watershed_x_landform,B_830305_57_LF_2010101,多摩川 / basin 57 / 台地・段丘,all_land_use,Na->He,5,drop,0,1,0
watershed_x_landform,B_830305_57_LF_2010101,多摩川 / basin 57 / 台地・段丘,all_land_use,Na->He,5,new,0,1,0
watershed_x_landform,B_830305_57_LF_2010101,多摩川 / basin 57 / 台地・段丘,all_land_use,Pa->Jo,1,continue,0,1,0
watershed_x_landform,B_830305_57_LF_2010101,多摩川 / basin 57 / 台地・段丘,all_land_use,Pa->Jo,1,drop,0,1,0
watershed_x_landform,B_830305_57_LF_2010101,多摩川 / basin 57 / 台地・段丘,all_land_use,Pa->Jo,1,new,1,1,1
watershed_x_landform,B_830305_57_LF_2010201,多摩川 / basin 57 / 崖・段丘崖,all_land_use,Jo->Ya,2,continue,0,1,0
watershed_x_landform,B_830305_57_LF_2010201,多摩川 / basin 57 / 崖・段丘崖,all_land_use,Jo->Ya,2,drop,1,1,1
watershed_x_landform,B_830305_57_LF_2010201,多摩川 / basin 57 / 崖・段丘崖,all_land_use,Jo->Ya,2,new,0,1,0
watershed_x_landform,B_830305_57_LF_2010201,多摩川 / basin 57 / 崖・段丘崖,all_land_use,Pa->Jo,1,continue,0,1,0
watershed_x_landform,B_830305_57_LF_2010201,多摩川 / basin 57 / 崖・段丘崖,all_land_use,Pa->Jo,1,drop,0,1,0
watershed_x_landform,B_830305_57_LF_2010201,多摩川 / basin 57 / 崖・段丘崖,all_land_use,Pa->Jo,1,new,1,1,1
watershed_x_landform,B_830305_58_LF_10701,多摩川 / basin 58 / 氾濫平野・海岸平野,all_land_use,He->Me,6,continue,0,1,0
watershed_x_landform,B_830305_58_LF_10701,多摩川 / basin 58 / 氾濫平野・海岸平野,all_land_use,He->Me,6,drop,1,1,1
watershed_x_landform,B_830305_58_LF_10701,多摩川 / basin 58 / 氾濫平野・海岸平野,all_land_use,He->Me,6,new,0,1,0
watershed_x_landform,B_830305_58_LF_10701,多摩川 / basin 58 / 氾濫平野・海岸平野,all_land_use,Jo->Ya,2,continue,0,1,0
watershed_x_landform,B_830305_58_LF_10701,多摩川 / basin 58 / 氾濫平野・海岸平野,all_land_use,Jo->Ya,2,drop,1,1,1
watershed_x_landform,B_830305_58_LF_10701,多摩川 / basin 58 / 氾濫平野・海岸平野,all_land_use,Jo->Ya,2,new,0,1,0
watershed_x_landform,B_830305_58_LF_10701,多摩川 / basin 58 / 氾濫平野・海岸平野,all_land_use,Na->He,5,continue,0,1,0
watershed_x_landform,B_830305_58_LF_10701,多摩川 / basin 58 / 氾濫平野・海岸平野,all_land_use,Na->He,5,drop,0,1,0
watershed_x_landform,B_830305_58_LF_10701,多摩川 / basin 58 / 氾濫平野・海岸平野,all_land_use,Na->He,5,new,1,1,1
watershed_x_landform,B_830305_58_LF_10701,多摩川 / basin 58 / 氾濫平野・海岸平野,all_land_use,Pa->Jo,1,continue,0,1,0
watershed_x_landform,B_830305_58_LF_10701,多摩川 / basin 58 / 氾濫平野・海岸平野,all_land_use,Pa->Jo,1,drop,0,1,0
watershed_x_landform,B_830305_58_LF_10701,多摩川 / basin 58 / 氾濫平野・海岸平野,all_land_use,Pa->Jo,1,new,1,1,1
watershed_x_landform,B_830305_59_LF_2010301,多摩川 / basin 59 / 凹地・浅い谷,all_land_use,He->Me,6,continue,0,1,0
watershed_x_landform,B_830305_59_LF_2010301,多摩川 / basin 59 / 凹地・浅い谷,all_land_use,He->Me,6,drop,1,1,1
watershed_x_landform,B_830305_59_LF_2010301,多摩川 / basin 59 / 凹地・浅い谷,all_land_use,He->Me,6,new,0,1,0
watershed_x_landform,B_830305_59_LF_2010301,多摩川 / basin 59 / 凹地・浅い谷,all_land_use,Na->He,5,continue,0,1,0
watershed_x_landform,B_830305_59_LF_2010301,多摩川 / basin 59 / 凹地・浅い谷,all_land_use,Na->He,5,drop,0,1,0
watershed_x_landform,B_830305_59_LF_2010301,多摩川 / basin 59 / 凹地・浅い谷,all_land_use,Na->He,5,new,1,1,1
watershed_x_landform,B_830305_5_LF_1010101,多摩川 / basin 5 / 山地斜面等,all_land_use,Jo->Ya,2,continue,0,1,0
watershed_x_landform,B_830305_5_LF_1010101,多摩川 / basin 5 / 山地斜面等,all_land_use,Jo->Ya,2,drop,1,1,1
watershed_x_landform,B_830305_5_LF_1010101,多摩川 / basin 5 / 山地斜面等,all_land_use,Jo->Ya,2,new,0,1,0
watershed_x_landform,B_830305_5_LF_1010101,多摩川 / basin 5 / 山地斜面等,all_land_use,Ko->Na,4,continue,0,3,0
watershed_x_landform,B_830305_5_LF_1010101,多摩川 / basin 5 / 山地斜面等,all_land_use,Ko->Na,4,drop,3,3,1
watershed_x_landform,B_830305_5_LF_1010101,多摩川 / basin 5 / 山地斜面等,all_land_use,Ko->Na,4,new,0,3,0
watershed_x_landform,B_830305_5_LF_1010101,多摩川 / basin 5 / 山地斜面等,all_land_use,Pa->Jo,1,continue,0,1,0
watershed_x_landform,B_830305_5_LF_1010101,多摩川 / basin 5 / 山地斜面等,all_land_use,Pa->Jo,1,drop,0,1,0
watershed_x_landform,B_830305_5_LF_1010101,多摩川 / basin 5 / 山地斜面等,all_land_use,Pa->Jo,1,new,1,1,1
watershed_x_landform,B_830305_5_LF_1010101,多摩川 / basin 5 / 山地斜面等,all_land_use,Ya->Ko,3,continue,0,3,0
watershed_x_landform,B_830305_5_LF_1010101,多摩川 / basin 5 / 山地斜面等,all_land_use,Ya->Ko,3,drop,0,3,0
watershed_x_landform,B_830305_5_LF_1010101,多摩川 / basin 5 / 山地斜面等,all_land_use,Ya->Ko,3,new,3,3,1
watershed_x_landform,B_830305_5_LF_2010101,多摩川 / basin 5 / 台地・段丘,all_land_use,He->Me,6,continue,0,3,0
watershed_x_landform,B_830305_5_LF_2010101,多摩川 / basin 5 / 台地・段丘,all_land_use,He->Me,6,drop,0,3,0
watershed_x_landform,B_830305_5_LF_2010101,多摩川 / basin 5 / 台地・段丘,all_land_use,He->Me,6,new,3,3,1
watershed_x_landform,B_830305_5_LF_2010101,多摩川 / basin 5 / 台地・段丘,all_land_use,Jo->Ya,2,continue,0,3,0
watershed_x_landform,B_830305_5_LF_2010101,多摩川 / basin 5 / 台地・段丘,all_land_use,Jo->Ya,2,drop,3,3,1
watershed_x_landform,B_830305_5_LF_2010101,多摩川 / basin 5 / 台地・段丘,all_land_use,Jo->Ya,2,new,0,3,0
watershed_x_landform,B_830305_5_LF_2010101,多摩川 / basin 5 / 台地・段丘,all_land_use,Ko->Na,4,continue,0,10,0
watershed_x_landform,B_830305_5_LF_2010101,多摩川 / basin 5 / 台地・段丘,all_land_use,Ko->Na,4,drop,10,10,1
watershed_x_landform,B_830305_5_LF_2010101,多摩川 / basin 5 / 台地・段丘,all_land_use,Ko->Na,4,new,0,10,0
watershed_x_landform,B_830305_5_LF_2010101,多摩川 / basin 5 / 台地・段丘,all_land_use,Pa->Jo,1,continue,2,3,0.6666666666666666
watershed_x_landform,B_830305_5_LF_2010101,多摩川 / basin 5 / 台地・段丘,all_land_use,Pa->Jo,1,drop,0,3,0
watershed_x_landform,B_830305_5_LF_2010101,多摩川 / basin 5 / 台地・段丘,all_land_use,Pa->Jo,1,new,1,3,0.3333333333333333
watershed_x_landform,B_830305_5_LF_2010101,多摩川 / basin 5 / 台地・段丘,all_land_use,Ya->Ko,3,continue,0,10,0
watershed_x_landform,B_830305_5_LF_2010101,多摩川 / basin 5 / 台地・段丘,all_land_use,Ya->Ko,3,drop,0,10,0
watershed_x_landform,B_830305_5_LF_2010101,多摩川 / basin 5 / 台地・段丘,all_land_use,Ya->Ko,3,new,10,10,1
watershed_x_landform,B_830305_5_LF_2010301,多摩川 / basin 5 / 凹地・浅い谷,all_land_use,Jo->Ya,2,continue,0,1,0
watershed_x_landform,B_830305_5_LF_2010301,多摩川 / basin 5 / 凹地・浅い谷,all_land_use,Jo->Ya,2,drop,1,1,1
watershed_x_landform,B_830305_5_LF_2010301,多摩川 / basin 5 / 凹地・浅い谷,all_land_use,Jo->Ya,2,new,0,1,0
watershed_x_landform,B_830305_5_LF_2010301,多摩川 / basin 5 / 凹地・浅い谷,all_land_use,Pa->Jo,1,continue,0,1,0
watershed_x_landform,B_830305_5_LF_2010301,多摩川 / basin 5 / 凹地・浅い谷,all_land_use,Pa->Jo,1,drop,0,1,0
watershed_x_landform,B_830305_5_LF_2010301,多摩川 / basin 5 / 凹地・浅い谷,all_land_use,Pa->Jo,1,new,1,1,1
watershed_x_landform,B_830305_5_LF_3030101,多摩川 / basin 5 / 氾濫平野・海岸平野,all_land_use,Ko->Na,4,continue,0,1,0
watershed_x_landform,B_830305_5_LF_3030101,多摩川 / basin 5 / 氾濫平野・海岸平野,all_land_use,Ko->Na,4,drop,1,1,1
watershed_x_landform,B_830305_5_LF_3030101,多摩川 / basin 5 / 氾濫平野・海岸平野,all_land_use,Ko->Na,4,new,0,1,0
watershed_x_landform,B_830305_5_LF_3030101,多摩川 / basin 5 / 氾濫平野・海岸平野,all_land_use,Ya->Ko,3,continue,0,1,0
watershed_x_landform,B_830305_5_LF_3030101,多摩川 / basin 5 / 氾濫平野・海岸平野,all_land_use,Ya->Ko,3,drop,0,1,0
watershed_x_landform,B_830305_5_LF_3030101,多摩川 / basin 5 / 氾濫平野・海岸平野,all_land_use,Ya->Ko,3,new,1,1,1
watershed_x_landform,B_830305_60_LF_10701,多摩川 / basin 60 / 氾濫平野・海岸平野,all_land_use,Ko->Na,4,continue,0,1,0
watershed_x_landform,B_830305_60_LF_10701,多摩川 / basin 60 / 氾濫平野・海岸平野,all_land_use,Ko->Na,4,drop,1,1,1
watershed_x_landform,B_830305_60_LF_10701,多摩川 / basin 60 / 氾濫平野・海岸平野,all_land_use,Ko->Na,4,new,0,1,0
watershed_x_landform,B_830305_60_LF_10701,多摩川 / basin 60 / 氾濫平野・海岸平野,all_land_use,Ya->Ko,3,continue,0,1,0
watershed_x_landform,B_830305_60_LF_10701,多摩川 / basin 60 / 氾濫平野・海岸平野,all_land_use,Ya->Ko,3,drop,0,1,0
watershed_x_landform,B_830305_60_LF_10701,多摩川 / basin 60 / 氾濫平野・海岸平野,all_land_use,Ya->Ko,3,new,1,1,1
watershed_x_landform,B_830305_71_LF_2010101,多摩川 / basin 71 / 台地・段丘,all_land_use,Jo->Ya,2,continue,1,1,1
watershed_x_landform,B_830305_71_LF_2010101,多摩川 / basin 71 / 台地・段丘,all_land_use,Jo->Ya,2,drop,0,1,0
watershed_x_landform,B_830305_71_LF_2010101,多摩川 / basin 71 / 台地・段丘,all_land_use,Jo->Ya,2,new,0,1,0
watershed_x_landform,B_830305_71_LF_2010101,多摩川 / basin 71 / 台地・段丘,all_land_use,Ko->Na,4,continue,0,1,0
watershed_x_landform,B_830305_71_LF_2010101,多摩川 / basin 71 / 台地・段丘,all_land_use,Ko->Na,4,drop,1,1,1
watershed_x_landform,B_830305_71_LF_2010101,多摩川 / basin 71 / 台地・段丘,all_land_use,Ko->Na,4,new,0,1,0
watershed_x_landform,B_830305_71_LF_2010101,多摩川 / basin 71 / 台地・段丘,all_land_use,Pa->Jo,1,continue,0,1,0
watershed_x_landform,B_830305_71_LF_2010101,多摩川 / basin 71 / 台地・段丘,all_land_use,Pa->Jo,1,drop,0,1,0
watershed_x_landform,B_830305_71_LF_2010101,多摩川 / basin 71 / 台地・段丘,all_land_use,Pa->Jo,1,new,1,1,1
watershed_x_landform,B_830305_71_LF_2010101,多摩川 / basin 71 / 台地・段丘,all_land_use,Ya->Ko,3,continue,1,1,1
watershed_x_landform,B_830305_71_LF_2010101,多摩川 / basin 71 / 台地・段丘,all_land_use,Ya->Ko,3,drop,0,1,0
watershed_x_landform,B_830305_71_LF_2010101,多摩川 / basin 71 / 台地・段丘,all_land_use,Ya->Ko,3,new,0,1,0
watershed_x_landform,B_830305_72_LF_10101,多摩川 / basin 72 / 山地斜面等,all_land_use,He->Me,6,continue,0,2,0
watershed_x_landform,B_830305_72_LF_10101,多摩川 / basin 72 / 山地斜面等,all_land_use,He->Me,6,drop,1,2,0.5
watershed_x_landform,B_830305_72_LF_10101,多摩川 / basin 72 / 山地斜面等,all_land_use,He->Me,6,new,1,2,0.5
watershed_x_landform,B_830305_72_LF_10101,多摩川 / basin 72 / 山地斜面等,all_land_use,Jo->Ya,2,continue,0,6,0
watershed_x_landform,B_830305_72_LF_10101,多摩川 / basin 72 / 山地斜面等,all_land_use,Jo->Ya,2,drop,6,6,1
watershed_x_landform,B_830305_72_LF_10101,多摩川 / basin 72 / 山地斜面等,all_land_use,Jo->Ya,2,new,0,6,0
watershed_x_landform,B_830305_72_LF_10101,多摩川 / basin 72 / 山地斜面等,all_land_use,Ko->Na,4,continue,0,1,0
watershed_x_landform,B_830305_72_LF_10101,多摩川 / basin 72 / 山地斜面等,all_land_use,Ko->Na,4,drop,0,1,0
watershed_x_landform,B_830305_72_LF_10101,多摩川 / basin 72 / 山地斜面等,all_land_use,Ko->Na,4,new,1,1,1
watershed_x_landform,B_830305_72_LF_10101,多摩川 / basin 72 / 山地斜面等,all_land_use,Na->He,5,continue,1,1,1
watershed_x_landform,B_830305_72_LF_10101,多摩川 / basin 72 / 山地斜面等,all_land_use,Na->He,5,drop,0,1,0
watershed_x_landform,B_830305_72_LF_10101,多摩川 / basin 72 / 山地斜面等,all_land_use,Na->He,5,new,0,1,0
watershed_x_landform,B_830305_72_LF_10101,多摩川 / basin 72 / 山地斜面等,all_land_use,Pa->Jo,1,continue,0,6,0
watershed_x_landform,B_830305_72_LF_10101,多摩川 / basin 72 / 山地斜面等,all_land_use,Pa->Jo,1,drop,0,6,0
watershed_x_landform,B_830305_72_LF_10101,多摩川 / basin 72 / 山地斜面等,all_land_use,Pa->Jo,1,new,6,6,1
watershed_x_landform,B_830305_72_LF_1010101,多摩川 / basin 72 / 山地斜面等,all_land_use,He->Me,6,continue,0,1,0
watershed_x_landform,B_830305_72_LF_1010101,多摩川 / basin 72 / 山地斜面等,all_land_use,He->Me,6,drop,1,1,1
watershed_x_landform,B_830305_72_LF_1010101,多摩川 / basin 72 / 山地斜面等,all_land_use,He->Me,6,new,0,1,0
watershed_x_landform,B_830305_72_LF_1010101,多摩川 / basin 72 / 山地斜面等,all_land_use,Jo->Ya,2,continue,0,1,0
watershed_x_landform,B_830305_72_LF_1010101,多摩川 / basin 72 / 山地斜面等,all_land_use,Jo->Ya,2,drop,1,1,1
watershed_x_landform,B_830305_72_LF_1010101,多摩川 / basin 72 / 山地斜面等,all_land_use,Jo->Ya,2,new,0,1,0
watershed_x_landform,B_830305_72_LF_1010101,多摩川 / basin 72 / 山地斜面等,all_land_use,Ko->Na,4,continue,1,1,1
watershed_x_landform,B_830305_72_LF_1010101,多摩川 / basin 72 / 山地斜面等,all_land_use,Ko->Na,4,drop,0,1,0
watershed_x_landform,B_830305_72_LF_1010101,多摩川 / basin 72 / 山地斜面等,all_land_use,Ko->Na,4,new,0,1,0
watershed_x_landform,B_830305_72_LF_1010101,多摩川 / basin 72 / 山地斜面等,all_land_use,Na->He,5,continue,1,1,1
watershed_x_landform,B_830305_72_LF_1010101,多摩川 / basin 72 / 山地斜面等,all_land_use,Na->He,5,drop,0,1,0
watershed_x_landform,B_830305_72_LF_1010101,多摩川 / basin 72 / 山地斜面等,all_land_use,Na->He,5,new,0,1,0
watershed_x_landform,B_830305_72_LF_1010101,多摩川 / basin 72 / 山地斜面等,all_land_use,Pa->Jo,1,continue,0,1,0
watershed_x_landform,B_830305_72_LF_1010101,多摩川 / basin 72 / 山地斜面等,all_land_use,Pa->Jo,1,drop,0,1,0
watershed_x_landform,B_830305_72_LF_1010101,多摩川 / basin 72 / 山地斜面等,all_land_use,Pa->Jo,1,new,1,1,1
watershed_x_landform,B_830305_72_LF_1010101,多摩川 / basin 72 / 山地斜面等,all_land_use,Ya->Ko,3,continue,0,1,0
watershed_x_landform,B_830305_72_LF_1010101,多摩川 / basin 72 / 山地斜面等,all_land_use,Ya->Ko,3,drop,0,1,0
watershed_x_landform,B_830305_72_LF_1010101,多摩川 / basin 72 / 山地斜面等,all_land_use,Ya->Ko,3,new,1,1,1
watershed_x_landform,B_830305_72_LF_10305,多摩川 / basin 72 / 台地・段丘,all_land_use,He->Me,6,continue,0,2,0
watershed_x_landform,B_830305_72_LF_10305,多摩川 / basin 72 / 台地・段丘,all_land_use,He->Me,6,drop,0,2,0
watershed_x_landform,B_830305_72_LF_10305,多摩川 / basin 72 / 台地・段丘,all_land_use,He->Me,6,new,2,2,1
watershed_x_landform,B_830305_72_LF_10305,多摩川 / basin 72 / 台地・段丘,all_land_use,Jo->Ya,2,continue,0,2,0
watershed_x_landform,B_830305_72_LF_10305,多摩川 / basin 72 / 台地・段丘,all_land_use,Jo->Ya,2,drop,2,2,1
watershed_x_landform,B_830305_72_LF_10305,多摩川 / basin 72 / 台地・段丘,all_land_use,Jo->Ya,2,new,0,2,0
watershed_x_landform,B_830305_72_LF_10305,多摩川 / basin 72 / 台地・段丘,all_land_use,Pa->Jo,1,continue,1,2,0.5
watershed_x_landform,B_830305_72_LF_10305,多摩川 / basin 72 / 台地・段丘,all_land_use,Pa->Jo,1,drop,0,2,0
watershed_x_landform,B_830305_72_LF_10305,多摩川 / basin 72 / 台地・段丘,all_land_use,Pa->Jo,1,new,1,2,0.5
watershed_x_landform,B_830305_72_LF_10701,多摩川 / basin 72 / 氾濫平野・海岸平野,all_land_use,Jo->Ya,2,continue,0,1,0
watershed_x_landform,B_830305_72_LF_10701,多摩川 / basin 72 / 氾濫平野・海岸平野,all_land_use,Jo->Ya,2,drop,1,1,1
watershed_x_landform,B_830305_72_LF_10701,多摩川 / basin 72 / 氾濫平野・海岸平野,all_land_use,Jo->Ya,2,new,0,1,0
watershed_x_landform,B_830305_72_LF_10701,多摩川 / basin 72 / 氾濫平野・海岸平野,all_land_use,Pa->Jo,1,continue,0,1,0
watershed_x_landform,B_830305_72_LF_10701,多摩川 / basin 72 / 氾濫平野・海岸平野,all_land_use,Pa->Jo,1,drop,0,1,0
watershed_x_landform,B_830305_72_LF_10701,多摩川 / basin 72 / 氾濫平野・海岸平野,all_land_use,Pa->Jo,1,new,1,1,1
watershed_x_landform,B_830305_73_LF_10101,多摩川 / basin 73 / 山地斜面等,all_land_use,He->Me,6,continue,0,2,0
watershed_x_landform,B_830305_73_LF_10101,多摩川 / basin 73 / 山地斜面等,all_land_use,He->Me,6,drop,0,2,0
watershed_x_landform,B_830305_73_LF_10101,多摩川 / basin 73 / 山地斜面等,all_land_use,He->Me,6,new,2,2,1
watershed_x_landform,B_830305_73_LF_10101,多摩川 / basin 73 / 山地斜面等,all_land_use,Jo->Ya,2,continue,0,1,0
watershed_x_landform,B_830305_73_LF_10101,多摩川 / basin 73 / 山地斜面等,all_land_use,Jo->Ya,2,drop,1,1,1
watershed_x_landform,B_830305_73_LF_10101,多摩川 / basin 73 / 山地斜面等,all_land_use,Jo->Ya,2,new,0,1,0
watershed_x_landform,B_830305_73_LF_10101,多摩川 / basin 73 / 山地斜面等,all_land_use,Pa->Jo,1,continue,0,1,0
watershed_x_landform,B_830305_73_LF_10101,多摩川 / basin 73 / 山地斜面等,all_land_use,Pa->Jo,1,drop,0,1,0
watershed_x_landform,B_830305_73_LF_10101,多摩川 / basin 73 / 山地斜面等,all_land_use,Pa->Jo,1,new,1,1,1
watershed_x_landform,B_830305_73_LF_10305,多摩川 / basin 73 / 台地・段丘,all_land_use,He->Me,6,continue,0,1,0
watershed_x_landform,B_830305_73_LF_10305,多摩川 / basin 73 / 台地・段丘,all_land_use,He->Me,6,drop,1,1,1
watershed_x_landform,B_830305_73_LF_10305,多摩川 / basin 73 / 台地・段丘,all_land_use,He->Me,6,new,0,1,0
watershed_x_landform,B_830305_73_LF_10305,多摩川 / basin 73 / 台地・段丘,all_land_use,Jo->Ya,2,continue,0,1,0
watershed_x_landform,B_830305_73_LF_10305,多摩川 / basin 73 / 台地・段丘,all_land_use,Jo->Ya,2,drop,1,1,1
watershed_x_landform,B_830305_73_LF_10305,多摩川 / basin 73 / 台地・段丘,all_land_use,Jo->Ya,2,new,0,1,0
watershed_x_landform,B_830305_73_LF_10305,多摩川 / basin 73 / 台地・段丘,all_land_use,Na->He,5,continue,0,1,0
watershed_x_landform,B_830305_73_LF_10305,多摩川 / basin 73 / 台地・段丘,all_land_use,Na->He,5,drop,0,1,0
watershed_x_landform,B_830305_73_LF_10305,多摩川 / basin 73 / 台地・段丘,all_land_use,Na->He,5,new,1,1,1
watershed_x_landform,B_830305_73_LF_10305,多摩川 / basin 73 / 台地・段丘,all_land_use,Pa->Jo,1,continue,0,1,0
watershed_x_landform,B_830305_73_LF_10305,多摩川 / basin 73 / 台地・段丘,all_land_use,Pa->Jo,1,drop,0,1,0
watershed_x_landform,B_830305_73_LF_10305,多摩川 / basin 73 / 台地・段丘,all_land_use,Pa->Jo,1,new,1,1,1
watershed_x_landform,B_830305_73_LF_10314,多摩川 / basin 73 / 台地・段丘,all_land_use,He->Me,6,continue,2,2,1
watershed_x_landform,B_830305_73_LF_10314,多摩川 / basin 73 / 台地・段丘,all_land_use,He->Me,6,drop,0,2,0
watershed_x_landform,B_830305_73_LF_10314,多摩川 / basin 73 / 台地・段丘,all_land_use,He->Me,6,new,0,2,0
watershed_x_landform,B_830305_73_LF_10314,多摩川 / basin 73 / 台地・段丘,all_land_use,Jo->Ya,2,continue,0,2,0
watershed_x_landform,B_830305_73_LF_10314,多摩川 / basin 73 / 台地・段丘,all_land_use,Jo->Ya,2,drop,2,2,1
watershed_x_landform,B_830305_73_LF_10314,多摩川 / basin 73 / 台地・段丘,all_land_use,Jo->Ya,2,new,0,2,0
watershed_x_landform,B_830305_73_LF_10314,多摩川 / basin 73 / 台地・段丘,all_land_use,Ko->Na,4,continue,1,2,0.5
watershed_x_landform,B_830305_73_LF_10314,多摩川 / basin 73 / 台地・段丘,all_land_use,Ko->Na,4,drop,1,2,0.5
watershed_x_landform,B_830305_73_LF_10314,多摩川 / basin 73 / 台地・段丘,all_land_use,Ko->Na,4,new,0,2,0
watershed_x_landform,B_830305_73_LF_10314,多摩川 / basin 73 / 台地・段丘,all_land_use,Na->He,5,continue,1,2,0.5
watershed_x_landform,B_830305_73_LF_10314,多摩川 / basin 73 / 台地・段丘,all_land_use,Na->He,5,drop,0,2,0
watershed_x_landform,B_830305_73_LF_10314,多摩川 / basin 73 / 台地・段丘,all_land_use,Na->He,5,new,1,2,0.5
watershed_x_landform,B_830305_73_LF_10314,多摩川 / basin 73 / 台地・段丘,all_land_use,Pa->Jo,1,continue,0,2,0
watershed_x_landform,B_830305_73_LF_10314,多摩川 / basin 73 / 台地・段丘,all_land_use,Pa->Jo,1,drop,0,2,0
watershed_x_landform,B_830305_73_LF_10314,多摩川 / basin 73 / 台地・段丘,all_land_use,Pa->Jo,1,new,2,2,1
watershed_x_landform,B_830305_73_LF_10314,多摩川 / basin 73 / 台地・段丘,all_land_use,Ya->Ko,3,continue,0,2,0
watershed_x_landform,B_830305_73_LF_10314,多摩川 / basin 73 / 台地・段丘,all_land_use,Ya->Ko,3,drop,0,2,0
watershed_x_landform,B_830305_73_LF_10314,多摩川 / basin 73 / 台地・段丘,all_land_use,Ya->Ko,3,new,2,2,1
watershed_x_landform,B_830305_73_LF_2010101,多摩川 / basin 73 / 台地・段丘,all_land_use,He->Me,6,continue,0,2,0
watershed_x_landform,B_830305_73_LF_2010101,多摩川 / basin 73 / 台地・段丘,all_land_use,He->Me,6,drop,2,2,1
watershed_x_landform,B_830305_73_LF_2010101,多摩川 / basin 73 / 台地・段丘,all_land_use,He->Me,6,new,0,2,0
watershed_x_landform,B_830305_73_LF_2010101,多摩川 / basin 73 / 台地・段丘,all_land_use,Jo->Ya,2,continue,0,1,0
watershed_x_landform,B_830305_73_LF_2010101,多摩川 / basin 73 / 台地・段丘,all_land_use,Jo->Ya,2,drop,1,1,1
watershed_x_landform,B_830305_73_LF_2010101,多摩川 / basin 73 / 台地・段丘,all_land_use,Jo->Ya,2,new,0,1,0
watershed_x_landform,B_830305_73_LF_2010101,多摩川 / basin 73 / 台地・段丘,all_land_use,Ko->Na,4,continue,1,1,1
watershed_x_landform,B_830305_73_LF_2010101,多摩川 / basin 73 / 台地・段丘,all_land_use,Ko->Na,4,drop,0,1,0
watershed_x_landform,B_830305_73_LF_2010101,多摩川 / basin 73 / 台地・段丘,all_land_use,Ko->Na,4,new,0,1,0
watershed_x_landform,B_830305_73_LF_2010101,多摩川 / basin 73 / 台地・段丘,all_land_use,Na->He,5,continue,1,2,0.5
watershed_x_landform,B_830305_73_LF_2010101,多摩川 / basin 73 / 台地・段丘,all_land_use,Na->He,5,drop,0,2,0
watershed_x_landform,B_830305_73_LF_2010101,多摩川 / basin 73 / 台地・段丘,all_land_use,Na->He,5,new,1,2,0.5
watershed_x_landform,B_830305_73_LF_2010101,多摩川 / basin 73 / 台地・段丘,all_land_use,Pa->Jo,1,continue,0,1,0
watershed_x_landform,B_830305_73_LF_2010101,多摩川 / basin 73 / 台地・段丘,all_land_use,Pa->Jo,1,drop,0,1,0
watershed_x_landform,B_830305_73_LF_2010101,多摩川 / basin 73 / 台地・段丘,all_land_use,Pa->Jo,1,new,1,1,1
watershed_x_landform,B_830305_73_LF_2010101,多摩川 / basin 73 / 台地・段丘,all_land_use,Ya->Ko,3,continue,0,1,0
watershed_x_landform,B_830305_73_LF_2010101,多摩川 / basin 73 / 台地・段丘,all_land_use,Ya->Ko,3,drop,0,1,0
watershed_x_landform,B_830305_73_LF_2010101,多摩川 / basin 73 / 台地・段丘,all_land_use,Ya->Ko,3,new,1,1,1
watershed_x_landform,B_830305_74_LF_10305,多摩川 / basin 74 / 台地・段丘,all_land_use,He->Me,6,continue,1,1,1
watershed_x_landform,B_830305_74_LF_10305,多摩川 / basin 74 / 台地・段丘,all_land_use,He->Me,6,drop,0,1,0
watershed_x_landform,B_830305_74_LF_10305,多摩川 / basin 74 / 台地・段丘,all_land_use,He->Me,6,new,0,1,0
watershed_x_landform,B_830305_74_LF_10305,多摩川 / basin 74 / 台地・段丘,all_land_use,Jo->Ya,2,continue,0,1,0
watershed_x_landform,B_830305_74_LF_10305,多摩川 / basin 74 / 台地・段丘,all_land_use,Jo->Ya,2,drop,1,1,1
watershed_x_landform,B_830305_74_LF_10305,多摩川 / basin 74 / 台地・段丘,all_land_use,Jo->Ya,2,new,0,1,0
watershed_x_landform,B_830305_74_LF_10305,多摩川 / basin 74 / 台地・段丘,all_land_use,Na->He,5,continue,0,1,0
watershed_x_landform,B_830305_74_LF_10305,多摩川 / basin 74 / 台地・段丘,all_land_use,Na->He,5,drop,0,1,0
watershed_x_landform,B_830305_74_LF_10305,多摩川 / basin 74 / 台地・段丘,all_land_use,Na->He,5,new,1,1,1
watershed_x_landform,B_830305_74_LF_10305,多摩川 / basin 74 / 台地・段丘,all_land_use,Pa->Jo,1,continue,0,1,0
watershed_x_landform,B_830305_74_LF_10305,多摩川 / basin 74 / 台地・段丘,all_land_use,Pa->Jo,1,drop,0,1,0
watershed_x_landform,B_830305_74_LF_10305,多摩川 / basin 74 / 台地・段丘,all_land_use,Pa->Jo,1,new,1,1,1
watershed_x_landform,B_830305_75_LF_10101,多摩川 / basin 75 / 山地斜面等,all_land_use,He->Me,6,continue,0,3,0
watershed_x_landform,B_830305_75_LF_10101,多摩川 / basin 75 / 山地斜面等,all_land_use,He->Me,6,drop,0,3,0
watershed_x_landform,B_830305_75_LF_10101,多摩川 / basin 75 / 山地斜面等,all_land_use,He->Me,6,new,3,3,1
watershed_x_landform,B_830305_75_LF_10101,多摩川 / basin 75 / 山地斜面等,all_land_use,Jo->Ya,2,continue,0,1,0
watershed_x_landform,B_830305_75_LF_10101,多摩川 / basin 75 / 山地斜面等,all_land_use,Jo->Ya,2,drop,1,1,1
watershed_x_landform,B_830305_75_LF_10101,多摩川 / basin 75 / 山地斜面等,all_land_use,Jo->Ya,2,new,0,1,0
watershed_x_landform,B_830305_75_LF_10101,多摩川 / basin 75 / 山地斜面等,all_land_use,Pa->Jo,1,continue,0,1,0
watershed_x_landform,B_830305_75_LF_10101,多摩川 / basin 75 / 山地斜面等,all_land_use,Pa->Jo,1,drop,0,1,0
watershed_x_landform,B_830305_75_LF_10101,多摩川 / basin 75 / 山地斜面等,all_land_use,Pa->Jo,1,new,1,1,1
watershed_x_landform,B_830305_75_LF_10305,多摩川 / basin 75 / 台地・段丘,all_land_use,He->Me,6,continue,0,2,0
watershed_x_landform,B_830305_75_LF_10305,多摩川 / basin 75 / 台地・段丘,all_land_use,He->Me,6,drop,2,2,1
watershed_x_landform,B_830305_75_LF_10305,多摩川 / basin 75 / 台地・段丘,all_land_use,He->Me,6,new,0,2,0
watershed_x_landform,B_830305_75_LF_10305,多摩川 / basin 75 / 台地・段丘,all_land_use,Jo->Ya,2,continue,0,1,0
watershed_x_landform,B_830305_75_LF_10305,多摩川 / basin 75 / 台地・段丘,all_land_use,Jo->Ya,2,drop,1,1,1
watershed_x_landform,B_830305_75_LF_10305,多摩川 / basin 75 / 台地・段丘,all_land_use,Jo->Ya,2,new,0,1,0
watershed_x_landform,B_830305_75_LF_10305,多摩川 / basin 75 / 台地・段丘,all_land_use,Ko->Na,4,continue,1,2,0.5
watershed_x_landform,B_830305_75_LF_10305,多摩川 / basin 75 / 台地・段丘,all_land_use,Ko->Na,4,drop,0,2,0
watershed_x_landform,B_830305_75_LF_10305,多摩川 / basin 75 / 台地・段丘,all_land_use,Ko->Na,4,new,1,2,0.5
watershed_x_landform,B_830305_75_LF_10305,多摩川 / basin 75 / 台地・段丘,all_land_use,Na->He,5,continue,2,2,1
watershed_x_landform,B_830305_75_LF_10305,多摩川 / basin 75 / 台地・段丘,all_land_use,Na->He,5,drop,0,2,0
watershed_x_landform,B_830305_75_LF_10305,多摩川 / basin 75 / 台地・段丘,all_land_use,Na->He,5,new,0,2,0
watershed_x_landform,B_830305_75_LF_10305,多摩川 / basin 75 / 台地・段丘,all_land_use,Pa->Jo,1,continue,0,1,0
watershed_x_landform,B_830305_75_LF_10305,多摩川 / basin 75 / 台地・段丘,all_land_use,Pa->Jo,1,drop,0,1,0
watershed_x_landform,B_830305_75_LF_10305,多摩川 / basin 75 / 台地・段丘,all_land_use,Pa->Jo,1,new,1,1,1
watershed_x_landform,B_830305_75_LF_10305,多摩川 / basin 75 / 台地・段丘,all_land_use,Ya->Ko,3,continue,0,1,0
watershed_x_landform,B_830305_75_LF_10305,多摩川 / basin 75 / 台地・段丘,all_land_use,Ya->Ko,3,drop,0,1,0
watershed_x_landform,B_830305_75_LF_10305,多摩川 / basin 75 / 台地・段丘,all_land_use,Ya->Ko,3,new,1,1,1
watershed_x_landform,B_830305_75_LF_10314,多摩川 / basin 75 / 台地・段丘,all_land_use,He->Me,6,continue,2,4,0.5
watershed_x_landform,B_830305_75_LF_10314,多摩川 / basin 75 / 台地・段丘,all_land_use,He->Me,6,drop,2,4,0.5
watershed_x_landform,B_830305_75_LF_10314,多摩川 / basin 75 / 台地・段丘,all_land_use,He->Me,6,new,0,4,0
watershed_x_landform,B_830305_75_LF_10314,多摩川 / basin 75 / 台地・段丘,all_land_use,Jo->Ya,2,continue,1,4,0.25
watershed_x_landform,B_830305_75_LF_10314,多摩川 / basin 75 / 台地・段丘,all_land_use,Jo->Ya,2,drop,3,4,0.75
watershed_x_landform,B_830305_75_LF_10314,多摩川 / basin 75 / 台地・段丘,all_land_use,Jo->Ya,2,new,0,4,0
watershed_x_landform,B_830305_75_LF_10314,多摩川 / basin 75 / 台地・段丘,all_land_use,Ko->Na,4,continue,0,1,0
watershed_x_landform,B_830305_75_LF_10314,多摩川 / basin 75 / 台地・段丘,all_land_use,Ko->Na,4,drop,1,1,1
watershed_x_landform,B_830305_75_LF_10314,多摩川 / basin 75 / 台地・段丘,all_land_use,Ko->Na,4,new,0,1,0
watershed_x_landform,B_830305_75_LF_10314,多摩川 / basin 75 / 台地・段丘,all_land_use,Na->He,5,continue,0,4,0
watershed_x_landform,B_830305_75_LF_10314,多摩川 / basin 75 / 台地・段丘,all_land_use,Na->He,5,drop,0,4,0
watershed_x_landform,B_830305_75_LF_10314,多摩川 / basin 75 / 台地・段丘,all_land_use,Na->He,5,new,4,4,1
watershed_x_landform,B_830305_75_LF_10314,多摩川 / basin 75 / 台地・段丘,all_land_use,Pa->Jo,1,continue,0,4,0
watershed_x_landform,B_830305_75_LF_10314,多摩川 / basin 75 / 台地・段丘,all_land_use,Pa->Jo,1,drop,0,4,0
watershed_x_landform,B_830305_75_LF_10314,多摩川 / basin 75 / 台地・段丘,all_land_use,Pa->Jo,1,new,4,4,1
watershed_x_landform,B_830305_75_LF_10314,多摩川 / basin 75 / 台地・段丘,all_land_use,Ya->Ko,3,continue,0,2,0
watershed_x_landform,B_830305_75_LF_10314,多摩川 / basin 75 / 台地・段丘,all_land_use,Ya->Ko,3,drop,1,2,0.5
watershed_x_landform,B_830305_75_LF_10314,多摩川 / basin 75 / 台地・段丘,all_land_use,Ya->Ko,3,new,1,2,0.5
watershed_x_landform,B_830305_75_LF_10406,多摩川 / basin 75 / 山麓堆積地形,all_land_use,He->Me,6,continue,0,1,0
watershed_x_landform,B_830305_75_LF_10406,多摩川 / basin 75 / 山麓堆積地形,all_land_use,He->Me,6,drop,1,1,1
watershed_x_landform,B_830305_75_LF_10406,多摩川 / basin 75 / 山麓堆積地形,all_land_use,He->Me,6,new,0,1,0
watershed_x_landform,B_830305_75_LF_10406,多摩川 / basin 75 / 山麓堆積地形,all_land_use,Jo->Ya,2,continue,0,1,0
watershed_x_landform,B_830305_75_LF_10406,多摩川 / basin 75 / 山麓堆積地形,all_land_use,Jo->Ya,2,drop,1,1,1
watershed_x_landform,B_830305_75_LF_10406,多摩川 / basin 75 / 山麓堆積地形,all_land_use,Jo->Ya,2,new,0,1,0
watershed_x_landform,B_830305_75_LF_10406,多摩川 / basin 75 / 山麓堆積地形,all_land_use,Na->He,5,continue,0,1,0
watershed_x_landform,B_830305_75_LF_10406,多摩川 / basin 75 / 山麓堆積地形,all_land_use,Na->He,5,drop,0,1,0
watershed_x_landform,B_830305_75_LF_10406,多摩川 / basin 75 / 山麓堆積地形,all_land_use,Na->He,5,new,1,1,1
watershed_x_landform,B_830305_75_LF_10406,多摩川 / basin 75 / 山麓堆積地形,all_land_use,Pa->Jo,1,continue,0,1,0
watershed_x_landform,B_830305_75_LF_10406,多摩川 / basin 75 / 山麓堆積地形,all_land_use,Pa->Jo,1,drop,0,1,0
watershed_x_landform,B_830305_75_LF_10406,多摩川 / basin 75 / 山麓堆積地形,all_land_use,Pa->Jo,1,new,1,1,1
watershed_x_landform,B_830305_75_LF_10701,多摩川 / basin 75 / 氾濫平野・海岸平野,all_land_use,He->Me,6,continue,0,1,0
watershed_x_landform,B_830305_75_LF_10701,多摩川 / basin 75 / 氾濫平野・海岸平野,all_land_use,He->Me,6,drop,0,1,0
watershed_x_landform,B_830305_75_LF_10701,多摩川 / basin 75 / 氾濫平野・海岸平野,all_land_use,He->Me,6,new,1,1,1
watershed_x_landform,B_830305_76_LF_10101,多摩川 / basin 76 / 山地斜面等,all_land_use,He->Me,6,continue,0,1,0
watershed_x_landform,B_830305_76_LF_10101,多摩川 / basin 76 / 山地斜面等,all_land_use,He->Me,6,drop,1,1,1
watershed_x_landform,B_830305_76_LF_10101,多摩川 / basin 76 / 山地斜面等,all_land_use,He->Me,6,new,0,1,0
watershed_x_landform,B_830305_76_LF_10101,多摩川 / basin 76 / 山地斜面等,all_land_use,Jo->Ya,2,continue,0,1,0
watershed_x_landform,B_830305_76_LF_10101,多摩川 / basin 76 / 山地斜面等,all_land_use,Jo->Ya,2,drop,1,1,1
watershed_x_landform,B_830305_76_LF_10101,多摩川 / basin 76 / 山地斜面等,all_land_use,Jo->Ya,2,new,0,1,0
watershed_x_landform,B_830305_76_LF_10101,多摩川 / basin 76 / 山地斜面等,all_land_use,Na->He,5,continue,0,1,0
watershed_x_landform,B_830305_76_LF_10101,多摩川 / basin 76 / 山地斜面等,all_land_use,Na->He,5,drop,0,1,0
watershed_x_landform,B_830305_76_LF_10101,多摩川 / basin 76 / 山地斜面等,all_land_use,Na->He,5,new,1,1,1
watershed_x_landform,B_830305_76_LF_10101,多摩川 / basin 76 / 山地斜面等,all_land_use,Pa->Jo,1,continue,0,1,0
watershed_x_landform,B_830305_76_LF_10101,多摩川 / basin 76 / 山地斜面等,all_land_use,Pa->Jo,1,drop,0,1,0
watershed_x_landform,B_830305_76_LF_10101,多摩川 / basin 76 / 山地斜面等,all_land_use,Pa->Jo,1,new,1,1,1
watershed_x_landform,B_830305_8_LF_1010101,多摩川 / basin 8 / 山地斜面等,all_land_use,He->Me,6,continue,0,1,0
watershed_x_landform,B_830305_8_LF_1010101,多摩川 / basin 8 / 山地斜面等,all_land_use,He->Me,6,drop,0,1,0
watershed_x_landform,B_830305_8_LF_1010101,多摩川 / basin 8 / 山地斜面等,all_land_use,He->Me,6,new,1,1,1
watershed_x_landform,B_830305_8_LF_1010101,多摩川 / basin 8 / 山地斜面等,all_land_use,Jo->Ya,2,continue,0,1,0
watershed_x_landform,B_830305_8_LF_1010101,多摩川 / basin 8 / 山地斜面等,all_land_use,Jo->Ya,2,drop,1,1,1
watershed_x_landform,B_830305_8_LF_1010101,多摩川 / basin 8 / 山地斜面等,all_land_use,Jo->Ya,2,new,0,1,0
watershed_x_landform,B_830305_8_LF_1010101,多摩川 / basin 8 / 山地斜面等,all_land_use,Ko->Na,4,continue,0,1,0
watershed_x_landform,B_830305_8_LF_1010101,多摩川 / basin 8 / 山地斜面等,all_land_use,Ko->Na,4,drop,1,1,1
watershed_x_landform,B_830305_8_LF_1010101,多摩川 / basin 8 / 山地斜面等,all_land_use,Ko->Na,4,new,0,1,0
watershed_x_landform,B_830305_8_LF_1010101,多摩川 / basin 8 / 山地斜面等,all_land_use,Pa->Jo,1,continue,1,1,1
watershed_x_landform,B_830305_8_LF_1010101,多摩川 / basin 8 / 山地斜面等,all_land_use,Pa->Jo,1,drop,0,1,0
watershed_x_landform,B_830305_8_LF_1010101,多摩川 / basin 8 / 山地斜面等,all_land_use,Pa->Jo,1,new,0,1,0
watershed_x_landform,B_830305_8_LF_1010101,多摩川 / basin 8 / 山地斜面等,all_land_use,Ya->Ko,3,continue,0,1,0
watershed_x_landform,B_830305_8_LF_1010101,多摩川 / basin 8 / 山地斜面等,all_land_use,Ya->Ko,3,drop,0,1,0
watershed_x_landform,B_830305_8_LF_1010101,多摩川 / basin 8 / 山地斜面等,all_land_use,Ya->Ko,3,new,1,1,1
watershed_x_landform,B_830305_8_LF_2010101,多摩川 / basin 8 / 台地・段丘,all_land_use,He->Me,6,continue,5,11,0.45454545454545453
watershed_x_landform,B_830305_8_LF_2010101,多摩川 / basin 8 / 台地・段丘,all_land_use,He->Me,6,drop,0,11,0
watershed_x_landform,B_830305_8_LF_2010101,多摩川 / basin 8 / 台地・段丘,all_land_use,He->Me,6,new,6,11,0.5454545454545454
watershed_x_landform,B_830305_8_LF_2010101,多摩川 / basin 8 / 台地・段丘,all_land_use,Jo->Ya,2,continue,5,17,0.29411764705882354
watershed_x_landform,B_830305_8_LF_2010101,多摩川 / basin 8 / 台地・段丘,all_land_use,Jo->Ya,2,drop,12,17,0.7058823529411765
watershed_x_landform,B_830305_8_LF_2010101,多摩川 / basin 8 / 台地・段丘,all_land_use,Jo->Ya,2,new,0,17,0
watershed_x_landform,B_830305_8_LF_2010101,多摩川 / basin 8 / 台地・段丘,all_land_use,Ko->Na,4,continue,7,26,0.2692307692307692
watershed_x_landform,B_830305_8_LF_2010101,多摩川 / basin 8 / 台地・段丘,all_land_use,Ko->Na,4,drop,17,26,0.6538461538461539
watershed_x_landform,B_830305_8_LF_2010101,多摩川 / basin 8 / 台地・段丘,all_land_use,Ko->Na,4,new,2,26,0.07692307692307693
watershed_x_landform,B_830305_8_LF_2010101,多摩川 / basin 8 / 台地・段丘,all_land_use,Na->He,5,continue,5,9,0.5555555555555556
watershed_x_landform,B_830305_8_LF_2010101,多摩川 / basin 8 / 台地・段丘,all_land_use,Na->He,5,drop,4,9,0.4444444444444444
watershed_x_landform,B_830305_8_LF_2010101,多摩川 / basin 8 / 台地・段丘,all_land_use,Na->He,5,new,0,9,0
watershed_x_landform,B_830305_8_LF_2010101,多摩川 / basin 8 / 台地・段丘,all_land_use,Pa->Jo,1,continue,8,17,0.47058823529411764
watershed_x_landform,B_830305_8_LF_2010101,多摩川 / basin 8 / 台地・段丘,all_land_use,Pa->Jo,1,drop,0,17,0
watershed_x_landform,B_830305_8_LF_2010101,多摩川 / basin 8 / 台地・段丘,all_land_use,Pa->Jo,1,new,9,17,0.5294117647058824
watershed_x_landform,B_830305_8_LF_2010101,多摩川 / basin 8 / 台地・段丘,all_land_use,Ya->Ko,3,continue,5,24,0.20833333333333334
watershed_x_landform,B_830305_8_LF_2010101,多摩川 / basin 8 / 台地・段丘,all_land_use,Ya->Ko,3,drop,0,24,0
watershed_x_landform,B_830305_8_LF_2010101,多摩川 / basin 8 / 台地・段丘,all_land_use,Ya->Ko,3,new,19,24,0.7916666666666666
watershed_x_landform,B_830305_8_LF_2010201,多摩川 / basin 8 / 崖・段丘崖,all_land_use,Ko->Na,4,continue,0,10,0
watershed_x_landform,B_830305_8_LF_2010201,多摩川 / basin 8 / 崖・段丘崖,all_land_use,Ko->Na,4,drop,10,10,1
watershed_x_landform,B_830305_8_LF_2010201,多摩川 / basin 8 / 崖・段丘崖,all_land_use,Ko->Na,4,new,0,10,0
watershed_x_landform,B_830305_8_LF_2010201,多摩川 / basin 8 / 崖・段丘崖,all_land_use,Ya->Ko,3,continue,0,10,0
watershed_x_landform,B_830305_8_LF_2010201,多摩川 / basin 8 / 崖・段丘崖,all_land_use,Ya->Ko,3,drop,0,10,0
watershed_x_landform,B_830305_8_LF_2010201,多摩川 / basin 8 / 崖・段丘崖,all_land_use,Ya->Ko,3,new,10,10,1
watershed_x_landform,B_830305_8_LF_2010301,多摩川 / basin 8 / 凹地・浅い谷,all_land_use,He->Me,6,continue,0,1,0
watershed_x_landform,B_830305_8_LF_2010301,多摩川 / basin 8 / 凹地・浅い谷,all_land_use,He->Me,6,drop,1,1,1
watershed_x_landform,B_830305_8_LF_2010301,多摩川 / basin 8 / 凹地・浅い谷,all_land_use,He->Me,6,new,0,1,0
watershed_x_landform,B_830305_8_LF_2010301,多摩川 / basin 8 / 凹地・浅い谷,all_land_use,Na->He,5,continue,0,1,0
watershed_x_landform,B_830305_8_LF_2010301,多摩川 / basin 8 / 凹地・浅い谷,all_land_use,Na->He,5,drop,0,1,0
watershed_x_landform,B_830305_8_LF_2010301,多摩川 / basin 8 / 凹地・浅い谷,all_land_use,Na->He,5,new,1,1,1
watershed_x_landform,B_830305_8_LF_3030101,多摩川 / basin 8 / 氾濫平野・海岸平野,all_land_use,He->Me,6,continue,1,1,1
watershed_x_landform,B_830305_8_LF_3030101,多摩川 / basin 8 / 氾濫平野・海岸平野,all_land_use,He->Me,6,drop,0,1,0
watershed_x_landform,B_830305_8_LF_3030101,多摩川 / basin 8 / 氾濫平野・海岸平野,all_land_use,He->Me,6,new,0,1,0
watershed_x_landform,B_830305_8_LF_3030101,多摩川 / basin 8 / 氾濫平野・海岸平野,all_land_use,Jo->Ya,2,continue,1,1,1
watershed_x_landform,B_830305_8_LF_3030101,多摩川 / basin 8 / 氾濫平野・海岸平野,all_land_use,Jo->Ya,2,drop,0,1,0
watershed_x_landform,B_830305_8_LF_3030101,多摩川 / basin 8 / 氾濫平野・海岸平野,all_land_use,Jo->Ya,2,new,0,1,0
watershed_x_landform,B_830305_8_LF_3030101,多摩川 / basin 8 / 氾濫平野・海岸平野,all_land_use,Ko->Na,4,continue,1,3,0.3333333333333333
watershed_x_landform,B_830305_8_LF_3030101,多摩川 / basin 8 / 氾濫平野・海岸平野,all_land_use,Ko->Na,4,drop,2,3,0.6666666666666666
watershed_x_landform,B_830305_8_LF_3030101,多摩川 / basin 8 / 氾濫平野・海岸平野,all_land_use,Ko->Na,4,new,0,3,0
watershed_x_landform,B_830305_8_LF_3030101,多摩川 / basin 8 / 氾濫平野・海岸平野,all_land_use,Na->He,5,continue,1,1,1
watershed_x_landform,B_830305_8_LF_3030101,多摩川 / basin 8 / 氾濫平野・海岸平野,all_land_use,Na->He,5,drop,0,1,0
watershed_x_landform,B_830305_8_LF_3030101,多摩川 / basin 8 / 氾濫平野・海岸平野,all_land_use,Na->He,5,new,0,1,0
watershed_x_landform,B_830305_8_LF_3030101,多摩川 / basin 8 / 氾濫平野・海岸平野,all_land_use,Pa->Jo,1,continue,0,1,0
watershed_x_landform,B_830305_8_LF_3030101,多摩川 / basin 8 / 氾濫平野・海岸平野,all_land_use,Pa->Jo,1,drop,0,1,0
watershed_x_landform,B_830305_8_LF_3030101,多摩川 / basin 8 / 氾濫平野・海岸平野,all_land_use,Pa->Jo,1,new,1,1,1
watershed_x_landform,B_830305_8_LF_3030101,多摩川 / basin 8 / 氾濫平野・海岸平野,all_land_use,Ya->Ko,3,continue,1,3,0.3333333333333333
watershed_x_landform,B_830305_8_LF_3030101,多摩川 / basin 8 / 氾濫平野・海岸平野,all_land_use,Ya->Ko,3,drop,0,3,0
watershed_x_landform,B_830305_8_LF_3030101,多摩川 / basin 8 / 氾濫平野・海岸平野,all_land_use,Ya->Ko,3,new,2,3,0.6666666666666666
watershed_x_landform,B_830305_9_LF_3030101,多摩川 / basin 9 / 氾濫平野・海岸平野,all_land_use,He->Me,6,continue,1,1,1
watershed_x_landform,B_830305_9_LF_3030101,多摩川 / basin 9 / 氾濫平野・海岸平野,all_land_use,He->Me,6,drop,0,1,0
watershed_x_landform,B_830305_9_LF_3030101,多摩川 / basin 9 / 氾濫平野・海岸平野,all_land_use,He->Me,6,new,0,1,0
watershed_x_landform,B_830305_9_LF_3030101,多摩川 / basin 9 / 氾濫平野・海岸平野,all_land_use,Jo->Ya,2,continue,0,1,0
watershed_x_landform,B_830305_9_LF_3030101,多摩川 / basin 9 / 氾濫平野・海岸平野,all_land_use,Jo->Ya,2,drop,1,1,1
watershed_x_landform,B_830305_9_LF_3030101,多摩川 / basin 9 / 氾濫平野・海岸平野,all_land_use,Jo->Ya,2,new,0,1,0
watershed_x_landform,B_830305_9_LF_3030101,多摩川 / basin 9 / 氾濫平野・海岸平野,all_land_use,Ko->Na,4,continue,1,1,1
watershed_x_landform,B_830305_9_LF_3030101,多摩川 / basin 9 / 氾濫平野・海岸平野,all_land_use,Ko->Na,4,drop,0,1,0
watershed_x_landform,B_830305_9_LF_3030101,多摩川 / basin 9 / 氾濫平野・海岸平野,all_land_use,Ko->Na,4,new,0,1,0
watershed_x_landform,B_830305_9_LF_3030101,多摩川 / basin 9 / 氾濫平野・海岸平野,all_land_use,Na->He,5,continue,1,1,1
watershed_x_landform,B_830305_9_LF_3030101,多摩川 / basin 9 / 氾濫平野・海岸平野,all_land_use,Na->He,5,drop,0,1,0
watershed_x_landform,B_830305_9_LF_3030101,多摩川 / basin 9 / 氾濫平野・海岸平野,all_land_use,Na->He,5,new,0,1,0
watershed_x_landform,B_830305_9_LF_3030101,多摩川 / basin 9 / 氾濫平野・海岸平野,all_land_use,Pa->Jo,1,continue,0,1,0
watershed_x_landform,B_830305_9_LF_3030101,多摩川 / basin 9 / 氾濫平野・海岸平野,all_land_use,Pa->Jo,1,drop,0,1,0
watershed_x_landform,B_830305_9_LF_3030101,多摩川 / basin 9 / 氾濫平野・海岸平野,all_land_use,Pa->Jo,1,new,1,1,1
watershed_x_landform,B_830305_9_LF_3030101,多摩川 / basin 9 / 氾濫平野・海岸平野,all_land_use,Ya->Ko,3,continue,0,1,0
watershed_x_landform,B_830305_9_LF_3030101,多摩川 / basin 9 / 氾濫平野・海岸平野,all_land_use,Ya->Ko,3,drop,0,1,0
watershed_x_landform,B_830305_9_LF_3030101,多摩川 / basin 9 / 氾濫平野・海岸平野,all_land_use,Ya->Ko,3,new,1,1,1
watershed_x_landform,B_830306_16_LF_1010101,鶴見川 / basin 16 / 山地斜面等,all_land_use,He->Me,6,continue,5,36,0.1388888888888889
watershed_x_landform,B_830306_16_LF_1010101,鶴見川 / basin 16 / 山地斜面等,all_land_use,He->Me,6,drop,31,36,0.8611111111111112
watershed_x_landform,B_830306_16_LF_1010101,鶴見川 / basin 16 / 山地斜面等,all_land_use,He->Me,6,new,0,36,0
watershed_x_landform,B_830306_16_LF_1010101,鶴見川 / basin 16 / 山地斜面等,all_land_use,Jo->Ya,2,continue,5,65,0.07692307692307693
watershed_x_landform,B_830306_16_LF_1010101,鶴見川 / basin 16 / 山地斜面等,all_land_use,Jo->Ya,2,drop,60,65,0.9230769230769231
watershed_x_landform,B_830306_16_LF_1010101,鶴見川 / basin 16 / 山地斜面等,all_land_use,Jo->Ya,2,new,0,65,0
watershed_x_landform,B_830306_16_LF_1010101,鶴見川 / basin 16 / 山地斜面等,all_land_use,Ko->Na,4,continue,9,39,0.23076923076923078
watershed_x_landform,B_830306_16_LF_1010101,鶴見川 / basin 16 / 山地斜面等,all_land_use,Ko->Na,4,drop,4,39,0.10256410256410256
watershed_x_landform,B_830306_16_LF_1010101,鶴見川 / basin 16 / 山地斜面等,all_land_use,Ko->Na,4,new,26,39,0.6666666666666666
watershed_x_landform,B_830306_16_LF_1010101,鶴見川 / basin 16 / 山地斜面等,all_land_use,Na->He,5,continue,34,37,0.918918918918919
watershed_x_landform,B_830306_16_LF_1010101,鶴見川 / basin 16 / 山地斜面等,all_land_use,Na->He,5,drop,1,37,0.02702702702702703
watershed_x_landform,B_830306_16_LF_1010101,鶴見川 / basin 16 / 山地斜面等,all_land_use,Na->He,5,new,2,37,0.05405405405405406
watershed_x_landform,B_830306_16_LF_1010101,鶴見川 / basin 16 / 山地斜面等,all_land_use,Pa->Jo,1,continue,2,66,0.030303030303030304
watershed_x_landform,B_830306_16_LF_1010101,鶴見川 / basin 16 / 山地斜面等,all_land_use,Pa->Jo,1,drop,1,66,0.015151515151515152
watershed_x_landform,B_830306_16_LF_1010101,鶴見川 / basin 16 / 山地斜面等,all_land_use,Pa->Jo,1,new,63,66,0.9545454545454546
watershed_x_landform,B_830306_16_LF_1010101,鶴見川 / basin 16 / 山地斜面等,all_land_use,Ya->Ko,3,continue,2,16,0.125
watershed_x_landform,B_830306_16_LF_1010101,鶴見川 / basin 16 / 山地斜面等,all_land_use,Ya->Ko,3,drop,3,16,0.1875
watershed_x_landform,B_830306_16_LF_1010101,鶴見川 / basin 16 / 山地斜面等,all_land_use,Ya->Ko,3,new,11,16,0.6875
watershed_x_landform,B_830306_16_LF_2010101,鶴見川 / basin 16 / 台地・段丘,all_land_use,He->Me,6,continue,2,31,0.06451612903225806
watershed_x_landform,B_830306_16_LF_2010101,鶴見川 / basin 16 / 台地・段丘,all_land_use,He->Me,6,drop,26,31,0.8387096774193549
watershed_x_landform,B_830306_16_LF_2010101,鶴見川 / basin 16 / 台地・段丘,all_land_use,He->Me,6,new,3,31,0.0967741935483871
watershed_x_landform,B_830306_16_LF_2010101,鶴見川 / basin 16 / 台地・段丘,all_land_use,Jo->Ya,2,continue,11,54,0.2037037037037037
watershed_x_landform,B_830306_16_LF_2010101,鶴見川 / basin 16 / 台地・段丘,all_land_use,Jo->Ya,2,drop,43,54,0.7962962962962963
watershed_x_landform,B_830306_16_LF_2010101,鶴見川 / basin 16 / 台地・段丘,all_land_use,Jo->Ya,2,new,0,54,0
watershed_x_landform,B_830306_16_LF_2010101,鶴見川 / basin 16 / 台地・段丘,all_land_use,Ko->Na,4,continue,12,29,0.41379310344827586
watershed_x_landform,B_830306_16_LF_2010101,鶴見川 / basin 16 / 台地・段丘,all_land_use,Ko->Na,4,drop,1,29,0.034482758620689655
watershed_x_landform,B_830306_16_LF_2010101,鶴見川 / basin 16 / 台地・段丘,all_land_use,Ko->Na,4,new,16,29,0.5517241379310345
watershed_x_landform,B_830306_16_LF_2010101,鶴見川 / basin 16 / 台地・段丘,all_land_use,Na->He,5,continue,27,29,0.9310344827586207
watershed_x_landform,B_830306_16_LF_2010101,鶴見川 / basin 16 / 台地・段丘,all_land_use,Na->He,5,drop,1,29,0.034482758620689655
watershed_x_landform,B_830306_16_LF_2010101,鶴見川 / basin 16 / 台地・段丘,all_land_use,Na->He,5,new,1,29,0.034482758620689655
watershed_x_landform,B_830306_16_LF_2010101,鶴見川 / basin 16 / 台地・段丘,all_land_use,Pa->Jo,1,continue,3,54,0.05555555555555555
watershed_x_landform,B_830306_16_LF_2010101,鶴見川 / basin 16 / 台地・段丘,all_land_use,Pa->Jo,1,drop,0,54,0
watershed_x_landform,B_830306_16_LF_2010101,鶴見川 / basin 16 / 台地・段丘,all_land_use,Pa->Jo,1,new,51,54,0.9444444444444444
watershed_x_landform,B_830306_16_LF_2010101,鶴見川 / basin 16 / 台地・段丘,all_land_use,Ya->Ko,3,continue,7,17,0.4117647058823529
watershed_x_landform,B_830306_16_LF_2010101,鶴見川 / basin 16 / 台地・段丘,all_land_use,Ya->Ko,3,drop,4,17,0.23529411764705882
watershed_x_landform,B_830306_16_LF_2010101,鶴見川 / basin 16 / 台地・段丘,all_land_use,Ya->Ko,3,new,6,17,0.35294117647058826
watershed_x_landform,B_830306_16_LF_2010201,鶴見川 / basin 16 / 崖・段丘崖,all_land_use,He->Me,6,continue,1,2,0.5
watershed_x_landform,B_830306_16_LF_2010201,鶴見川 / basin 16 / 崖・段丘崖,all_land_use,He->Me,6,drop,1,2,0.5
watershed_x_landform,B_830306_16_LF_2010201,鶴見川 / basin 16 / 崖・段丘崖,all_land_use,He->Me,6,new,0,2,0
watershed_x_landform,B_830306_16_LF_2010201,鶴見川 / basin 16 / 崖・段丘崖,all_land_use,Jo->Ya,2,continue,0,1,0
watershed_x_landform,B_830306_16_LF_2010201,鶴見川 / basin 16 / 崖・段丘崖,all_land_use,Jo->Ya,2,drop,1,1,1
watershed_x_landform,B_830306_16_LF_2010201,鶴見川 / basin 16 / 崖・段丘崖,all_land_use,Jo->Ya,2,new,0,1,0
watershed_x_landform,B_830306_16_LF_2010201,鶴見川 / basin 16 / 崖・段丘崖,all_land_use,Ko->Na,4,continue,0,1,0
watershed_x_landform,B_830306_16_LF_2010201,鶴見川 / basin 16 / 崖・段丘崖,all_land_use,Ko->Na,4,drop,0,1,0
watershed_x_landform,B_830306_16_LF_2010201,鶴見川 / basin 16 / 崖・段丘崖,all_land_use,Ko->Na,4,new,1,1,1
watershed_x_landform,B_830306_16_LF_2010201,鶴見川 / basin 16 / 崖・段丘崖,all_land_use,Na->He,5,continue,1,2,0.5
watershed_x_landform,B_830306_16_LF_2010201,鶴見川 / basin 16 / 崖・段丘崖,all_land_use,Na->He,5,drop,0,2,0
watershed_x_landform,B_830306_16_LF_2010201,鶴見川 / basin 16 / 崖・段丘崖,all_land_use,Na->He,5,new,1,2,0.5
watershed_x_landform,B_830306_16_LF_2010201,鶴見川 / basin 16 / 崖・段丘崖,all_land_use,Pa->Jo,1,continue,0,1,0
watershed_x_landform,B_830306_16_LF_2010201,鶴見川 / basin 16 / 崖・段丘崖,all_land_use,Pa->Jo,1,drop,0,1,0
watershed_x_landform,B_830306_16_LF_2010201,鶴見川 / basin 16 / 崖・段丘崖,all_land_use,Pa->Jo,1,new,1,1,1
watershed_x_landform,B_830306_16_LF_2010301,鶴見川 / basin 16 / 凹地・浅い谷,all_land_use,He->Me,6,continue,0,1,0
watershed_x_landform,B_830306_16_LF_2010301,鶴見川 / basin 16 / 凹地・浅い谷,all_land_use,He->Me,6,drop,1,1,1
watershed_x_landform,B_830306_16_LF_2010301,鶴見川 / basin 16 / 凹地・浅い谷,all_land_use,He->Me,6,new,0,1,0
watershed_x_landform,B_830306_16_LF_2010301,鶴見川 / basin 16 / 凹地・浅い谷,all_land_use,Jo->Ya,2,continue,0,1,0
watershed_x_landform,B_830306_16_LF_2010301,鶴見川 / basin 16 / 凹地・浅い谷,all_land_use,Jo->Ya,2,drop,0,1,0
watershed_x_landform,B_830306_16_LF_2010301,鶴見川 / basin 16 / 凹地・浅い谷,all_land_use,Jo->Ya,2,new,1,1,1
watershed_x_landform,B_830306_16_LF_2010301,鶴見川 / basin 16 / 凹地・浅い谷,all_land_use,Ko->Na,4,continue,1,1,1
watershed_x_landform,B_830306_16_LF_2010301,鶴見川 / basin 16 / 凹地・浅い谷,all_land_use,Ko->Na,4,drop,0,1,0
watershed_x_landform,B_830306_16_LF_2010301,鶴見川 / basin 16 / 凹地・浅い谷,all_land_use,Ko->Na,4,new,0,1,0
watershed_x_landform,B_830306_16_LF_2010301,鶴見川 / basin 16 / 凹地・浅い谷,all_land_use,Na->He,5,continue,1,1,1
watershed_x_landform,B_830306_16_LF_2010301,鶴見川 / basin 16 / 凹地・浅い谷,all_land_use,Na->He,5,drop,0,1,0
watershed_x_landform,B_830306_16_LF_2010301,鶴見川 / basin 16 / 凹地・浅い谷,all_land_use,Na->He,5,new,0,1,0
watershed_x_landform,B_830306_16_LF_2010301,鶴見川 / basin 16 / 凹地・浅い谷,all_land_use,Ya->Ko,3,continue,1,1,1
watershed_x_landform,B_830306_16_LF_2010301,鶴見川 / basin 16 / 凹地・浅い谷,all_land_use,Ya->Ko,3,drop,0,1,0
watershed_x_landform,B_830306_16_LF_2010301,鶴見川 / basin 16 / 凹地・浅い谷,all_land_use,Ya->Ko,3,new,0,1,0
watershed_x_landform,B_830306_16_LF_3010101,鶴見川 / basin 16 / 山麓堆積地形,all_land_use,He->Me,6,continue,0,2,0
watershed_x_landform,B_830306_16_LF_3010101,鶴見川 / basin 16 / 山麓堆積地形,all_land_use,He->Me,6,drop,2,2,1
watershed_x_landform,B_830306_16_LF_3010101,鶴見川 / basin 16 / 山麓堆積地形,all_land_use,He->Me,6,new,0,2,0
watershed_x_landform,B_830306_16_LF_3010101,鶴見川 / basin 16 / 山麓堆積地形,all_land_use,Jo->Ya,2,continue,0,2,0
watershed_x_landform,B_830306_16_LF_3010101,鶴見川 / basin 16 / 山麓堆積地形,all_land_use,Jo->Ya,2,drop,2,2,1
watershed_x_landform,B_830306_16_LF_3010101,鶴見川 / basin 16 / 山麓堆積地形,all_land_use,Jo->Ya,2,new,0,2,0
watershed_x_landform,B_830306_16_LF_3010101,鶴見川 / basin 16 / 山麓堆積地形,all_land_use,Ko->Na,4,continue,2,2,1
watershed_x_landform,B_830306_16_LF_3010101,鶴見川 / basin 16 / 山麓堆積地形,all_land_use,Ko->Na,4,drop,0,2,0
watershed_x_landform,B_830306_16_LF_3010101,鶴見川 / basin 16 / 山麓堆積地形,all_land_use,Ko->Na,4,new,0,2,0
watershed_x_landform,B_830306_16_LF_3010101,鶴見川 / basin 16 / 山麓堆積地形,all_land_use,Na->He,5,continue,2,2,1
watershed_x_landform,B_830306_16_LF_3010101,鶴見川 / basin 16 / 山麓堆積地形,all_land_use,Na->He,5,drop,0,2,0
watershed_x_landform,B_830306_16_LF_3010101,鶴見川 / basin 16 / 山麓堆積地形,all_land_use,Na->He,5,new,0,2,0
watershed_x_landform,B_830306_16_LF_3010101,鶴見川 / basin 16 / 山麓堆積地形,all_land_use,Pa->Jo,1,continue,0,2,0
watershed_x_landform,B_830306_16_LF_3010101,鶴見川 / basin 16 / 山麓堆積地形,all_land_use,Pa->Jo,1,drop,0,2,0
watershed_x_landform,B_830306_16_LF_3010101,鶴見川 / basin 16 / 山麓堆積地形,all_land_use,Pa->Jo,1,new,2,2,1
watershed_x_landform,B_830306_16_LF_3010101,鶴見川 / basin 16 / 山麓堆積地形,all_land_use,Ya->Ko,3,continue,0,2,0
watershed_x_landform,B_830306_16_LF_3010101,鶴見川 / basin 16 / 山麓堆積地形,all_land_use,Ya->Ko,3,drop,0,2,0
watershed_x_landform,B_830306_16_LF_3010101,鶴見川 / basin 16 / 山麓堆積地形,all_land_use,Ya->Ko,3,new,2,2,1
watershed_x_landform,B_830306_16_LF_3030101,鶴見川 / basin 16 / 氾濫平野・海岸平野,all_land_use,He->Me,6,continue,0,7,0
watershed_x_landform,B_830306_16_LF_3030101,鶴見川 / basin 16 / 氾濫平野・海岸平野,all_land_use,He->Me,6,drop,7,7,1
watershed_x_landform,B_830306_16_LF_3030101,鶴見川 / basin 16 / 氾濫平野・海岸平野,all_land_use,He->Me,6,new,0,7,0
watershed_x_landform,B_830306_16_LF_3030101,鶴見川 / basin 16 / 氾濫平野・海岸平野,all_land_use,Jo->Ya,2,continue,0,8,0
watershed_x_landform,B_830306_16_LF_3030101,鶴見川 / basin 16 / 氾濫平野・海岸平野,all_land_use,Jo->Ya,2,drop,8,8,1
watershed_x_landform,B_830306_16_LF_3030101,鶴見川 / basin 16 / 氾濫平野・海岸平野,all_land_use,Jo->Ya,2,new,0,8,0
watershed_x_landform,B_830306_16_LF_3030101,鶴見川 / basin 16 / 氾濫平野・海岸平野,all_land_use,Ko->Na,4,continue,0,8,0
watershed_x_landform,B_830306_16_LF_3030101,鶴見川 / basin 16 / 氾濫平野・海岸平野,all_land_use,Ko->Na,4,drop,1,8,0.125
watershed_x_landform,B_830306_16_LF_3030101,鶴見川 / basin 16 / 氾濫平野・海岸平野,all_land_use,Ko->Na,4,new,7,8,0.875
watershed_x_landform,B_830306_16_LF_3030101,鶴見川 / basin 16 / 氾濫平野・海岸平野,all_land_use,Na->He,5,continue,7,7,1
watershed_x_landform,B_830306_16_LF_3030101,鶴見川 / basin 16 / 氾濫平野・海岸平野,all_land_use,Na->He,5,drop,0,7,0
watershed_x_landform,B_830306_16_LF_3030101,鶴見川 / basin 16 / 氾濫平野・海岸平野,all_land_use,Na->He,5,new,0,7,0
watershed_x_landform,B_830306_16_LF_3030101,鶴見川 / basin 16 / 氾濫平野・海岸平野,all_land_use,Pa->Jo,1,continue,1,9,0.1111111111111111
watershed_x_landform,B_830306_16_LF_3030101,鶴見川 / basin 16 / 氾濫平野・海岸平野,all_land_use,Pa->Jo,1,drop,1,9,0.1111111111111111
watershed_x_landform,B_830306_16_LF_3030101,鶴見川 / basin 16 / 氾濫平野・海岸平野,all_land_use,Pa->Jo,1,new,7,9,0.7777777777777778
watershed_x_landform,B_830306_16_LF_3030101,鶴見川 / basin 16 / 氾濫平野・海岸平野,all_land_use,Ya->Ko,3,continue,0,1,0
watershed_x_landform,B_830306_16_LF_3030101,鶴見川 / basin 16 / 氾濫平野・海岸平野,all_land_use,Ya->Ko,3,drop,0,1,0
watershed_x_landform,B_830306_16_LF_3030101,鶴見川 / basin 16 / 氾濫平野・海岸平野,all_land_use,Ya->Ko,3,new,1,1,1
watershed_x_landform,B_830306_16_LF_3040101,鶴見川 / basin 16 / 自然堤防,all_land_use,He->Me,6,continue,0,3,0
watershed_x_landform,B_830306_16_LF_3040101,鶴見川 / basin 16 / 自然堤防,all_land_use,He->Me,6,drop,3,3,1
watershed_x_landform,B_830306_16_LF_3040101,鶴見川 / basin 16 / 自然堤防,all_land_use,He->Me,6,new,0,3,0
watershed_x_landform,B_830306_16_LF_3040101,鶴見川 / basin 16 / 自然堤防,all_land_use,Jo->Ya,2,continue,0,2,0
watershed_x_landform,B_830306_16_LF_3040101,鶴見川 / basin 16 / 自然堤防,all_land_use,Jo->Ya,2,drop,2,2,1
watershed_x_landform,B_830306_16_LF_3040101,鶴見川 / basin 16 / 自然堤防,all_land_use,Jo->Ya,2,new,0,2,0
watershed_x_landform,B_830306_16_LF_3040101,鶴見川 / basin 16 / 自然堤防,all_land_use,Ko->Na,4,continue,0,3,0
watershed_x_landform,B_830306_16_LF_3040101,鶴見川 / basin 16 / 自然堤防,all_land_use,Ko->Na,4,drop,0,3,0
watershed_x_landform,B_830306_16_LF_3040101,鶴見川 / basin 16 / 自然堤防,all_land_use,Ko->Na,4,new,3,3,1
watershed_x_landform,B_830306_16_LF_3040101,鶴見川 / basin 16 / 自然堤防,all_land_use,Na->He,5,continue,3,3,1
watershed_x_landform,B_830306_16_LF_3040101,鶴見川 / basin 16 / 自然堤防,all_land_use,Na->He,5,drop,0,3,0
watershed_x_landform,B_830306_16_LF_3040101,鶴見川 / basin 16 / 自然堤防,all_land_use,Na->He,5,new,0,3,0
watershed_x_landform,B_830306_16_LF_3040101,鶴見川 / basin 16 / 自然堤防,all_land_use,Pa->Jo,1,continue,0,2,0
watershed_x_landform,B_830306_16_LF_3040101,鶴見川 / basin 16 / 自然堤防,all_land_use,Pa->Jo,1,drop,0,2,0
watershed_x_landform,B_830306_16_LF_3040101,鶴見川 / basin 16 / 自然堤防,all_land_use,Pa->Jo,1,new,2,2,1
watershed_x_landform,B_830306_16_LF_5010201,鶴見川 / basin 16 / 水部,all_land_use,He->Me,6,continue,0,2,0
watershed_x_landform,B_830306_16_LF_5010201,鶴見川 / basin 16 / 水部,all_land_use,He->Me,6,drop,2,2,1
watershed_x_landform,B_830306_16_LF_5010201,鶴見川 / basin 16 / 水部,all_land_use,He->Me,6,new,0,2,0
watershed_x_landform,B_830306_16_LF_5010201,鶴見川 / basin 16 / 水部,all_land_use,Jo->Ya,2,continue,0,2,0
watershed_x_landform,B_830306_16_LF_5010201,鶴見川 / basin 16 / 水部,all_land_use,Jo->Ya,2,drop,2,2,1
watershed_x_landform,B_830306_16_LF_5010201,鶴見川 / basin 16 / 水部,all_land_use,Jo->Ya,2,new,0,2,0
watershed_x_landform,B_830306_16_LF_5010201,鶴見川 / basin 16 / 水部,all_land_use,Ko->Na,4,continue,1,2,0.5
watershed_x_landform,B_830306_16_LF_5010201,鶴見川 / basin 16 / 水部,all_land_use,Ko->Na,4,drop,0,2,0
watershed_x_landform,B_830306_16_LF_5010201,鶴見川 / basin 16 / 水部,all_land_use,Ko->Na,4,new,1,2,0.5
watershed_x_landform,B_830306_16_LF_5010201,鶴見川 / basin 16 / 水部,all_land_use,Na->He,5,continue,2,2,1
watershed_x_landform,B_830306_16_LF_5010201,鶴見川 / basin 16 / 水部,all_land_use,Na->He,5,drop,0,2,0
watershed_x_landform,B_830306_16_LF_5010201,鶴見川 / basin 16 / 水部,all_land_use,Na->He,5,new,0,2,0
watershed_x_landform,B_830306_16_LF_5010201,鶴見川 / basin 16 / 水部,all_land_use,Pa->Jo,1,continue,0,2,0
watershed_x_landform,B_830306_16_LF_5010201,鶴見川 / basin 16 / 水部,all_land_use,Pa->Jo,1,drop,0,2,0
watershed_x_landform,B_830306_16_LF_5010201,鶴見川 / basin 16 / 水部,all_land_use,Pa->Jo,1,new,2,2,1
watershed_x_landform,B_830306_16_LF_5010201,鶴見川 / basin 16 / 水部,all_land_use,Ya->Ko,3,continue,0,1,0
watershed_x_landform,B_830306_16_LF_5010201,鶴見川 / basin 16 / 水部,all_land_use,Ya->Ko,3,drop,0,1,0
watershed_x_landform,B_830306_16_LF_5010201,鶴見川 / basin 16 / 水部,all_land_use,Ya->Ko,3,new,1,1,1
watershed_x_landform,B_830306_17_LF_1010101,鶴見川 / basin 17 / 山地斜面等,all_land_use,He->Me,6,continue,0,6,0
watershed_x_landform,B_830306_17_LF_1010101,鶴見川 / basin 17 / 山地斜面等,all_land_use,He->Me,6,drop,6,6,1
watershed_x_landform,B_830306_17_LF_1010101,鶴見川 / basin 17 / 山地斜面等,all_land_use,He->Me,6,new,0,6,0
watershed_x_landform,B_830306_17_LF_1010101,鶴見川 / basin 17 / 山地斜面等,all_land_use,Jo->Ya,2,continue,0,6,0
watershed_x_landform,B_830306_17_LF_1010101,鶴見川 / basin 17 / 山地斜面等,all_land_use,Jo->Ya,2,drop,6,6,1
watershed_x_landform,B_830306_17_LF_1010101,鶴見川 / basin 17 / 山地斜面等,all_land_use,Jo->Ya,2,new,0,6,0
watershed_x_landform,B_830306_17_LF_1010101,鶴見川 / basin 17 / 山地斜面等,all_land_use,Ko->Na,4,continue,0,7,0
watershed_x_landform,B_830306_17_LF_1010101,鶴見川 / basin 17 / 山地斜面等,all_land_use,Ko->Na,4,drop,2,7,0.2857142857142857
watershed_x_landform,B_830306_17_LF_1010101,鶴見川 / basin 17 / 山地斜面等,all_land_use,Ko->Na,4,new,5,7,0.7142857142857143
watershed_x_landform,B_830306_17_LF_1010101,鶴見川 / basin 17 / 山地斜面等,all_land_use,Na->He,5,continue,5,6,0.8333333333333334
watershed_x_landform,B_830306_17_LF_1010101,鶴見川 / basin 17 / 山地斜面等,all_land_use,Na->He,5,drop,0,6,0
watershed_x_landform,B_830306_17_LF_1010101,鶴見川 / basin 17 / 山地斜面等,all_land_use,Na->He,5,new,1,6,0.16666666666666666
watershed_x_landform,B_830306_17_LF_1010101,鶴見川 / basin 17 / 山地斜面等,all_land_use,Pa->Jo,1,continue,0,6,0
watershed_x_landform,B_830306_17_LF_1010101,鶴見川 / basin 17 / 山地斜面等,all_land_use,Pa->Jo,1,drop,0,6,0
watershed_x_landform,B_830306_17_LF_1010101,鶴見川 / basin 17 / 山地斜面等,all_land_use,Pa->Jo,1,new,6,6,1
watershed_x_landform,B_830306_17_LF_1010101,鶴見川 / basin 17 / 山地斜面等,all_land_use,Ya->Ko,3,continue,0,2,0
watershed_x_landform,B_830306_17_LF_1010101,鶴見川 / basin 17 / 山地斜面等,all_land_use,Ya->Ko,3,drop,0,2,0
watershed_x_landform,B_830306_17_LF_1010101,鶴見川 / basin 17 / 山地斜面等,all_land_use,Ya->Ko,3,new,2,2,1
watershed_x_landform,B_830306_17_LF_2010101,鶴見川 / basin 17 / 台地・段丘,all_land_use,He->Me,6,continue,0,3,0
watershed_x_landform,B_830306_17_LF_2010101,鶴見川 / basin 17 / 台地・段丘,all_land_use,He->Me,6,drop,3,3,1
watershed_x_landform,B_830306_17_LF_2010101,鶴見川 / basin 17 / 台地・段丘,all_land_use,He->Me,6,new,0,3,0
watershed_x_landform,B_830306_17_LF_2010101,鶴見川 / basin 17 / 台地・段丘,all_land_use,Jo->Ya,2,continue,2,3,0.6666666666666666
watershed_x_landform,B_830306_17_LF_2010101,鶴見川 / basin 17 / 台地・段丘,all_land_use,Jo->Ya,2,drop,1,3,0.3333333333333333
watershed_x_landform,B_830306_17_LF_2010101,鶴見川 / basin 17 / 台地・段丘,all_land_use,Jo->Ya,2,new,0,3,0
watershed_x_landform,B_830306_17_LF_2010101,鶴見川 / basin 17 / 台地・段丘,all_land_use,Ko->Na,4,continue,2,3,0.6666666666666666
watershed_x_landform,B_830306_17_LF_2010101,鶴見川 / basin 17 / 台地・段丘,all_land_use,Ko->Na,4,drop,0,3,0
watershed_x_landform,B_830306_17_LF_2010101,鶴見川 / basin 17 / 台地・段丘,all_land_use,Ko->Na,4,new,1,3,0.3333333333333333
watershed_x_landform,B_830306_17_LF_2010101,鶴見川 / basin 17 / 台地・段丘,all_land_use,Na->He,5,continue,3,3,1
watershed_x_landform,B_830306_17_LF_2010101,鶴見川 / basin 17 / 台地・段丘,all_land_use,Na->He,5,drop,0,3,0
watershed_x_landform,B_830306_17_LF_2010101,鶴見川 / basin 17 / 台地・段丘,all_land_use,Na->He,5,new,0,3,0
watershed_x_landform,B_830306_17_LF_2010101,鶴見川 / basin 17 / 台地・段丘,all_land_use,Pa->Jo,1,continue,0,3,0
watershed_x_landform,B_830306_17_LF_2010101,鶴見川 / basin 17 / 台地・段丘,all_land_use,Pa->Jo,1,drop,0,3,0
watershed_x_landform,B_830306_17_LF_2010101,鶴見川 / basin 17 / 台地・段丘,all_land_use,Pa->Jo,1,new,3,3,1
watershed_x_landform,B_830306_17_LF_2010101,鶴見川 / basin 17 / 台地・段丘,all_land_use,Ya->Ko,3,continue,2,2,1
watershed_x_landform,B_830306_17_LF_2010101,鶴見川 / basin 17 / 台地・段丘,all_land_use,Ya->Ko,3,drop,0,2,0
watershed_x_landform,B_830306_17_LF_2010101,鶴見川 / basin 17 / 台地・段丘,all_land_use,Ya->Ko,3,new,0,2,0
watershed_x_landform,B_830306_19_LF_1010101,鶴見川 / basin 19 / 山地斜面等,all_land_use,He->Me,6,continue,0,13,0
watershed_x_landform,B_830306_19_LF_1010101,鶴見川 / basin 19 / 山地斜面等,all_land_use,He->Me,6,drop,10,13,0.7692307692307693
watershed_x_landform,B_830306_19_LF_1010101,鶴見川 / basin 19 / 山地斜面等,all_land_use,He->Me,6,new,3,13,0.23076923076923078
watershed_x_landform,B_830306_19_LF_1010101,鶴見川 / basin 19 / 山地斜面等,all_land_use,Jo->Ya,2,continue,0,19,0
watershed_x_landform,B_830306_19_LF_1010101,鶴見川 / basin 19 / 山地斜面等,all_land_use,Jo->Ya,2,drop,19,19,1
watershed_x_landform,B_830306_19_LF_1010101,鶴見川 / basin 19 / 山地斜面等,all_land_use,Jo->Ya,2,new,0,19,0
watershed_x_landform,B_830306_19_LF_1010101,鶴見川 / basin 19 / 山地斜面等,all_land_use,Ko->Na,4,continue,0,9,0
watershed_x_landform,B_830306_19_LF_1010101,鶴見川 / basin 19 / 山地斜面等,all_land_use,Ko->Na,4,drop,3,9,0.3333333333333333
watershed_x_landform,B_830306_19_LF_1010101,鶴見川 / basin 19 / 山地斜面等,all_land_use,Ko->Na,4,new,6,9,0.6666666666666666
watershed_x_landform,B_830306_19_LF_1010101,鶴見川 / basin 19 / 山地斜面等,all_land_use,Na->He,5,continue,5,11,0.45454545454545453
watershed_x_landform,B_830306_19_LF_1010101,鶴見川 / basin 19 / 山地斜面等,all_land_use,Na->He,5,drop,1,11,0.09090909090909091
watershed_x_landform,B_830306_19_LF_1010101,鶴見川 / basin 19 / 山地斜面等,all_land_use,Na->He,5,new,5,11,0.45454545454545453
watershed_x_landform,B_830306_19_LF_1010101,鶴見川 / basin 19 / 山地斜面等,all_land_use,Pa->Jo,1,continue,2,19,0.10526315789473684
watershed_x_landform,B_830306_19_LF_1010101,鶴見川 / basin 19 / 山地斜面等,all_land_use,Pa->Jo,1,drop,0,19,0
watershed_x_landform,B_830306_19_LF_1010101,鶴見川 / basin 19 / 山地斜面等,all_land_use,Pa->Jo,1,new,17,19,0.8947368421052632
watershed_x_landform,B_830306_19_LF_1010101,鶴見川 / basin 19 / 山地斜面等,all_land_use,Ya->Ko,3,continue,0,3,0
watershed_x_landform,B_830306_19_LF_1010101,鶴見川 / basin 19 / 山地斜面等,all_land_use,Ya->Ko,3,drop,0,3,0
watershed_x_landform,B_830306_19_LF_1010101,鶴見川 / basin 19 / 山地斜面等,all_land_use,Ya->Ko,3,new,3,3,1
watershed_x_landform,B_830306_19_LF_2010101,鶴見川 / basin 19 / 台地・段丘,all_land_use,Jo->Ya,2,continue,1,2,0.5
watershed_x_landform,B_830306_19_LF_2010101,鶴見川 / basin 19 / 台地・段丘,all_land_use,Jo->Ya,2,drop,1,2,0.5
watershed_x_landform,B_830306_19_LF_2010101,鶴見川 / basin 19 / 台地・段丘,all_land_use,Jo->Ya,2,new,0,2,0
watershed_x_landform,B_830306_19_LF_2010101,鶴見川 / basin 19 / 台地・段丘,all_land_use,Ko->Na,4,continue,1,2,0.5
watershed_x_landform,B_830306_19_LF_2010101,鶴見川 / basin 19 / 台地・段丘,all_land_use,Ko->Na,4,drop,1,2,0.5
watershed_x_landform,B_830306_19_LF_2010101,鶴見川 / basin 19 / 台地・段丘,all_land_use,Ko->Na,4,new,0,2,0
watershed_x_landform,B_830306_19_LF_2010101,鶴見川 / basin 19 / 台地・段丘,all_land_use,Na->He,5,continue,0,1,0
watershed_x_landform,B_830306_19_LF_2010101,鶴見川 / basin 19 / 台地・段丘,all_land_use,Na->He,5,drop,1,1,1
watershed_x_landform,B_830306_19_LF_2010101,鶴見川 / basin 19 / 台地・段丘,all_land_use,Na->He,5,new,0,1,0
watershed_x_landform,B_830306_19_LF_2010101,鶴見川 / basin 19 / 台地・段丘,all_land_use,Pa->Jo,1,continue,0,2,0
watershed_x_landform,B_830306_19_LF_2010101,鶴見川 / basin 19 / 台地・段丘,all_land_use,Pa->Jo,1,drop,0,2,0
watershed_x_landform,B_830306_19_LF_2010101,鶴見川 / basin 19 / 台地・段丘,all_land_use,Pa->Jo,1,new,2,2,1
watershed_x_landform,B_830306_19_LF_2010101,鶴見川 / basin 19 / 台地・段丘,all_land_use,Ya->Ko,3,continue,1,2,0.5
watershed_x_landform,B_830306_19_LF_2010101,鶴見川 / basin 19 / 台地・段丘,all_land_use,Ya->Ko,3,drop,0,2,0
watershed_x_landform,B_830306_19_LF_2010101,鶴見川 / basin 19 / 台地・段丘,all_land_use,Ya->Ko,3,new,1,2,0.5
watershed_x_landform,B_830306_19_LF_3030101,鶴見川 / basin 19 / 氾濫平野・海岸平野,all_land_use,He->Me,6,continue,0,1,0
watershed_x_landform,B_830306_19_LF_3030101,鶴見川 / basin 19 / 氾濫平野・海岸平野,all_land_use,He->Me,6,drop,1,1,1
watershed_x_landform,B_830306_19_LF_3030101,鶴見川 / basin 19 / 氾濫平野・海岸平野,all_land_use,He->Me,6,new,0,1,0
watershed_x_landform,B_830306_19_LF_3030101,鶴見川 / basin 19 / 氾濫平野・海岸平野,all_land_use,Jo->Ya,2,continue,0,2,0
watershed_x_landform,B_830306_19_LF_3030101,鶴見川 / basin 19 / 氾濫平野・海岸平野,all_land_use,Jo->Ya,2,drop,2,2,1
watershed_x_landform,B_830306_19_LF_3030101,鶴見川 / basin 19 / 氾濫平野・海岸平野,all_land_use,Jo->Ya,2,new,0,2,0
watershed_x_landform,B_830306_19_LF_3030101,鶴見川 / basin 19 / 氾濫平野・海岸平野,all_land_use,Ko->Na,4,continue,0,1,0
watershed_x_landform,B_830306_19_LF_3030101,鶴見川 / basin 19 / 氾濫平野・海岸平野,all_land_use,Ko->Na,4,drop,1,1,1
watershed_x_landform,B_830306_19_LF_3030101,鶴見川 / basin 19 / 氾濫平野・海岸平野,all_land_use,Ko->Na,4,new,0,1,0
watershed_x_landform,B_830306_19_LF_3030101,鶴見川 / basin 19 / 氾濫平野・海岸平野,all_land_use,Na->He,5,continue,0,1,0
watershed_x_landform,B_830306_19_LF_3030101,鶴見川 / basin 19 / 氾濫平野・海岸平野,all_land_use,Na->He,5,drop,0,1,0
watershed_x_landform,B_830306_19_LF_3030101,鶴見川 / basin 19 / 氾濫平野・海岸平野,all_land_use,Na->He,5,new,1,1,1
watershed_x_landform,B_830306_19_LF_3030101,鶴見川 / basin 19 / 氾濫平野・海岸平野,all_land_use,Pa->Jo,1,continue,0,2,0
watershed_x_landform,B_830306_19_LF_3030101,鶴見川 / basin 19 / 氾濫平野・海岸平野,all_land_use,Pa->Jo,1,drop,0,2,0
watershed_x_landform,B_830306_19_LF_3030101,鶴見川 / basin 19 / 氾濫平野・海岸平野,all_land_use,Pa->Jo,1,new,2,2,1
watershed_x_landform,B_830306_19_LF_3030101,鶴見川 / basin 19 / 氾濫平野・海岸平野,all_land_use,Ya->Ko,3,continue,0,1,0
watershed_x_landform,B_830306_19_LF_3030101,鶴見川 / basin 19 / 氾濫平野・海岸平野,all_land_use,Ya->Ko,3,drop,0,1,0
watershed_x_landform,B_830306_19_LF_3030101,鶴見川 / basin 19 / 氾濫平野・海岸平野,all_land_use,Ya->Ko,3,new,1,1,1
watershed_x_landform,B_830306_20_LF_10101,鶴見川 / basin 20 / 山地斜面等,all_land_use,He->Me,6,continue,0,2,0
watershed_x_landform,B_830306_20_LF_10101,鶴見川 / basin 20 / 山地斜面等,all_land_use,He->Me,6,drop,2,2,1
watershed_x_landform,B_830306_20_LF_10101,鶴見川 / basin 20 / 山地斜面等,all_land_use,He->Me,6,new,0,2,0
watershed_x_landform,B_830306_20_LF_10101,鶴見川 / basin 20 / 山地斜面等,all_land_use,Jo->Ya,2,continue,0,3,0
watershed_x_landform,B_830306_20_LF_10101,鶴見川 / basin 20 / 山地斜面等,all_land_use,Jo->Ya,2,drop,3,3,1
watershed_x_landform,B_830306_20_LF_10101,鶴見川 / basin 20 / 山地斜面等,all_land_use,Jo->Ya,2,new,0,3,0
watershed_x_landform,B_830306_20_LF_10101,鶴見川 / basin 20 / 山地斜面等,all_land_use,Ko->Na,4,continue,0,2,0
watershed_x_landform,B_830306_20_LF_10101,鶴見川 / basin 20 / 山地斜面等,all_land_use,Ko->Na,4,drop,0,2,0
watershed_x_landform,B_830306_20_LF_10101,鶴見川 / basin 20 / 山地斜面等,all_land_use,Ko->Na,4,new,2,2,1
watershed_x_landform,B_830306_20_LF_10101,鶴見川 / basin 20 / 山地斜面等,all_land_use,Na->He,5,continue,2,2,1
watershed_x_landform,B_830306_20_LF_10101,鶴見川 / basin 20 / 山地斜面等,all_land_use,Na->He,5,drop,0,2,0
watershed_x_landform,B_830306_20_LF_10101,鶴見川 / basin 20 / 山地斜面等,all_land_use,Na->He,5,new,0,2,0
watershed_x_landform,B_830306_20_LF_10101,鶴見川 / basin 20 / 山地斜面等,all_land_use,Pa->Jo,1,continue,0,3,0
watershed_x_landform,B_830306_20_LF_10101,鶴見川 / basin 20 / 山地斜面等,all_land_use,Pa->Jo,1,drop,0,3,0
watershed_x_landform,B_830306_20_LF_10101,鶴見川 / basin 20 / 山地斜面等,all_land_use,Pa->Jo,1,new,3,3,1
watershed_x_landform,B_830306_20_LF_1010101,鶴見川 / basin 20 / 山地斜面等,all_land_use,He->Me,6,continue,29,179,0.16201117318435754
watershed_x_landform,B_830306_20_LF_1010101,鶴見川 / basin 20 / 山地斜面等,all_land_use,He->Me,6,drop,136,179,0.7597765363128491
watershed_x_landform,B_830306_20_LF_1010101,鶴見川 / basin 20 / 山地斜面等,all_land_use,He->Me,6,new,14,179,0.0782122905027933
watershed_x_landform,B_830306_20_LF_1010101,鶴見川 / basin 20 / 山地斜面等,all_land_use,Jo->Ya,2,continue,26,252,0.10317460317460317
watershed_x_landform,B_830306_20_LF_1010101,鶴見川 / basin 20 / 山地斜面等,all_land_use,Jo->Ya,2,drop,223,252,0.8849206349206349
watershed_x_landform,B_830306_20_LF_1010101,鶴見川 / basin 20 / 山地斜面等,all_land_use,Jo->Ya,2,new,3,252,0.011904761904761904
watershed_x_landform,B_830306_20_LF_1010101,鶴見川 / basin 20 / 山地斜面等,all_land_use,Ko->Na,4,continue,27,154,0.17532467532467533
watershed_x_landform,B_830306_20_LF_1010101,鶴見川 / basin 20 / 山地斜面等,all_land_use,Ko->Na,4,drop,9,154,0.05844155844155844
watershed_x_landform,B_830306_20_LF_1010101,鶴見川 / basin 20 / 山地斜面等,all_land_use,Ko->Na,4,new,118,154,0.7662337662337663
watershed_x_landform,B_830306_20_LF_1010101,鶴見川 / basin 20 / 山地斜面等,all_land_use,Na->He,5,continue,139,171,0.8128654970760234
watershed_x_landform,B_830306_20_LF_1010101,鶴見川 / basin 20 / 山地斜面等,all_land_use,Na->He,5,drop,6,171,0.03508771929824561
watershed_x_landform,B_830306_20_LF_1010101,鶴見川 / basin 20 / 山地斜面等,all_land_use,Na->He,5,new,26,171,0.15204678362573099
watershed_x_landform,B_830306_20_LF_1010101,鶴見川 / basin 20 / 山地斜面等,all_land_use,Pa->Jo,1,continue,12,251,0.04780876494023904
watershed_x_landform,B_830306_20_LF_1010101,鶴見川 / basin 20 / 山地斜面等,all_land_use,Pa->Jo,1,drop,2,251,0.00796812749003984
watershed_x_landform,B_830306_20_LF_1010101,鶴見川 / basin 20 / 山地斜面等,all_land_use,Pa->Jo,1,new,237,251,0.9442231075697212
watershed_x_landform,B_830306_20_LF_1010101,鶴見川 / basin 20 / 山地斜面等,all_land_use,Ya->Ko,3,continue,9,56,0.16071428571428573
watershed_x_landform,B_830306_20_LF_1010101,鶴見川 / basin 20 / 山地斜面等,all_land_use,Ya->Ko,3,drop,20,56,0.35714285714285715
watershed_x_landform,B_830306_20_LF_1010101,鶴見川 / basin 20 / 山地斜面等,all_land_use,Ya->Ko,3,new,27,56,0.48214285714285715
watershed_x_landform,B_830306_20_LF_2010101,鶴見川 / basin 20 / 台地・段丘,all_land_use,He->Me,6,continue,4,26,0.15384615384615385
watershed_x_landform,B_830306_20_LF_2010101,鶴見川 / basin 20 / 台地・段丘,all_land_use,He->Me,6,drop,20,26,0.7692307692307693
watershed_x_landform,B_830306_20_LF_2010101,鶴見川 / basin 20 / 台地・段丘,all_land_use,He->Me,6,new,2,26,0.07692307692307693
watershed_x_landform,B_830306_20_LF_2010101,鶴見川 / basin 20 / 台地・段丘,all_land_use,Jo->Ya,2,continue,10,28,0.35714285714285715
watershed_x_landform,B_830306_20_LF_2010101,鶴見川 / basin 20 / 台地・段丘,all_land_use,Jo->Ya,2,drop,18,28,0.6428571428571429
watershed_x_landform,B_830306_20_LF_2010101,鶴見川 / basin 20 / 台地・段丘,all_land_use,Jo->Ya,2,new,0,28,0
watershed_x_landform,B_830306_20_LF_2010101,鶴見川 / basin 20 / 台地・段丘,all_land_use,Ko->Na,4,continue,5,26,0.19230769230769232
watershed_x_landform,B_830306_20_LF_2010101,鶴見川 / basin 20 / 台地・段丘,all_land_use,Ko->Na,4,drop,1,26,0.038461538461538464
watershed_x_landform,B_830306_20_LF_2010101,鶴見川 / basin 20 / 台地・段丘,all_land_use,Ko->Na,4,new,20,26,0.7692307692307693
watershed_x_landform,B_830306_20_LF_2010101,鶴見川 / basin 20 / 台地・段丘,all_land_use,Na->He,5,continue,24,25,0.96
watershed_x_landform,B_830306_20_LF_2010101,鶴見川 / basin 20 / 台地・段丘,all_land_use,Na->He,5,drop,1,25,0.04
watershed_x_landform,B_830306_20_LF_2010101,鶴見川 / basin 20 / 台地・段丘,all_land_use,Na->He,5,new,0,25,0
watershed_x_landform,B_830306_20_LF_2010101,鶴見川 / basin 20 / 台地・段丘,all_land_use,Pa->Jo,1,continue,1,28,0.03571428571428571
watershed_x_landform,B_830306_20_LF_2010101,鶴見川 / basin 20 / 台地・段丘,all_land_use,Pa->Jo,1,drop,0,28,0
watershed_x_landform,B_830306_20_LF_2010101,鶴見川 / basin 20 / 台地・段丘,all_land_use,Pa->Jo,1,new,27,28,0.9642857142857143
watershed_x_landform,B_830306_20_LF_2010101,鶴見川 / basin 20 / 台地・段丘,all_land_use,Ya->Ko,3,continue,6,10,0.6
watershed_x_landform,B_830306_20_LF_2010101,鶴見川 / basin 20 / 台地・段丘,all_land_use,Ya->Ko,3,drop,4,10,0.4
watershed_x_landform,B_830306_20_LF_2010101,鶴見川 / basin 20 / 台地・段丘,all_land_use,Ya->Ko,3,new,0,10,0
watershed_x_landform,B_830306_20_LF_2010201,鶴見川 / basin 20 / 崖・段丘崖,all_land_use,He->Me,6,continue,0,1,0
watershed_x_landform,B_830306_20_LF_2010201,鶴見川 / basin 20 / 崖・段丘崖,all_land_use,He->Me,6,drop,1,1,1
watershed_x_landform,B_830306_20_LF_2010201,鶴見川 / basin 20 / 崖・段丘崖,all_land_use,He->Me,6,new,0,1,0
watershed_x_landform,B_830306_20_LF_2010201,鶴見川 / basin 20 / 崖・段丘崖,all_land_use,Jo->Ya,2,continue,1,1,1
watershed_x_landform,B_830306_20_LF_2010201,鶴見川 / basin 20 / 崖・段丘崖,all_land_use,Jo->Ya,2,drop,0,1,0
watershed_x_landform,B_830306_20_LF_2010201,鶴見川 / basin 20 / 崖・段丘崖,all_land_use,Jo->Ya,2,new,0,1,0
watershed_x_landform,B_830306_20_LF_2010201,鶴見川 / basin 20 / 崖・段丘崖,all_land_use,Ko->Na,4,continue,0,1,0
watershed_x_landform,B_830306_20_LF_2010201,鶴見川 / basin 20 / 崖・段丘崖,all_land_use,Ko->Na,4,drop,0,1,0
watershed_x_landform,B_830306_20_LF_2010201,鶴見川 / basin 20 / 崖・段丘崖,all_land_use,Ko->Na,4,new,1,1,1
watershed_x_landform,B_830306_20_LF_2010201,鶴見川 / basin 20 / 崖・段丘崖,all_land_use,Na->He,5,continue,1,1,1
watershed_x_landform,B_830306_20_LF_2010201,鶴見川 / basin 20 / 崖・段丘崖,all_land_use,Na->He,5,drop,0,1,0
watershed_x_landform,B_830306_20_LF_2010201,鶴見川 / basin 20 / 崖・段丘崖,all_land_use,Na->He,5,new,0,1,0
watershed_x_landform,B_830306_20_LF_2010201,鶴見川 / basin 20 / 崖・段丘崖,all_land_use,Pa->Jo,1,continue,0,1,0
watershed_x_landform,B_830306_20_LF_2010201,鶴見川 / basin 20 / 崖・段丘崖,all_land_use,Pa->Jo,1,drop,0,1,0
watershed_x_landform,B_830306_20_LF_2010201,鶴見川 / basin 20 / 崖・段丘崖,all_land_use,Pa->Jo,1,new,1,1,1
watershed_x_landform,B_830306_20_LF_2010201,鶴見川 / basin 20 / 崖・段丘崖,all_land_use,Ya->Ko,3,continue,0,1,0
watershed_x_landform,B_830306_20_LF_2010201,鶴見川 / basin 20 / 崖・段丘崖,all_land_use,Ya->Ko,3,drop,1,1,1
watershed_x_landform,B_830306_20_LF_2010201,鶴見川 / basin 20 / 崖・段丘崖,all_land_use,Ya->Ko,3,new,0,1,0
watershed_x_landform,B_830306_20_LF_3010101,鶴見川 / basin 20 / 山麓堆積地形,all_land_use,He->Me,6,continue,3,8,0.375
watershed_x_landform,B_830306_20_LF_3010101,鶴見川 / basin 20 / 山麓堆積地形,all_land_use,He->Me,6,drop,3,8,0.375
watershed_x_landform,B_830306_20_LF_3010101,鶴見川 / basin 20 / 山麓堆積地形,all_land_use,He->Me,6,new,2,8,0.25
watershed_x_landform,B_830306_20_LF_3010101,鶴見川 / basin 20 / 山麓堆積地形,all_land_use,Jo->Ya,2,continue,1,7,0.14285714285714285
watershed_x_landform,B_830306_20_LF_3010101,鶴見川 / basin 20 / 山麓堆積地形,all_land_use,Jo->Ya,2,drop,6,7,0.8571428571428571
watershed_x_landform,B_830306_20_LF_3010101,鶴見川 / basin 20 / 山麓堆積地形,all_land_use,Jo->Ya,2,new,0,7,0
watershed_x_landform,B_830306_20_LF_3010101,鶴見川 / basin 20 / 山麓堆積地形,all_land_use,Ko->Na,4,continue,0,6,0
watershed_x_landform,B_830306_20_LF_3010101,鶴見川 / basin 20 / 山麓堆積地形,all_land_use,Ko->Na,4,drop,0,6,0
watershed_x_landform,B_830306_20_LF_3010101,鶴見川 / basin 20 / 山麓堆積地形,all_land_use,Ko->Na,4,new,6,6,1
watershed_x_landform,B_830306_20_LF_3010101,鶴見川 / basin 20 / 山麓堆積地形,all_land_use,Na->He,5,continue,6,6,1
watershed_x_landform,B_830306_20_LF_3010101,鶴見川 / basin 20 / 山麓堆積地形,all_land_use,Na->He,5,drop,0,6,0
watershed_x_landform,B_830306_20_LF_3010101,鶴見川 / basin 20 / 山麓堆積地形,all_land_use,Na->He,5,new,0,6,0
watershed_x_landform,B_830306_20_LF_3010101,鶴見川 / basin 20 / 山麓堆積地形,all_land_use,Pa->Jo,1,continue,0,7,0
watershed_x_landform,B_830306_20_LF_3010101,鶴見川 / basin 20 / 山麓堆積地形,all_land_use,Pa->Jo,1,drop,0,7,0
watershed_x_landform,B_830306_20_LF_3010101,鶴見川 / basin 20 / 山麓堆積地形,all_land_use,Pa->Jo,1,new,7,7,1
watershed_x_landform,B_830306_20_LF_3010101,鶴見川 / basin 20 / 山麓堆積地形,all_land_use,Ya->Ko,3,continue,0,1,0
watershed_x_landform,B_830306_20_LF_3010101,鶴見川 / basin 20 / 山麓堆積地形,all_land_use,Ya->Ko,3,drop,1,1,1
watershed_x_landform,B_830306_20_LF_3010101,鶴見川 / basin 20 / 山麓堆積地形,all_land_use,Ya->Ko,3,new,0,1,0
watershed_x_landform,B_830306_20_LF_3030101,鶴見川 / basin 20 / 氾濫平野・海岸平野,all_land_use,He->Me,6,continue,3,19,0.15789473684210525
watershed_x_landform,B_830306_20_LF_3030101,鶴見川 / basin 20 / 氾濫平野・海岸平野,all_land_use,He->Me,6,drop,15,19,0.7894736842105263
watershed_x_landform,B_830306_20_LF_3030101,鶴見川 / basin 20 / 氾濫平野・海岸平野,all_land_use,He->Me,6,new,1,19,0.05263157894736842
watershed_x_landform,B_830306_20_LF_3030101,鶴見川 / basin 20 / 氾濫平野・海岸平野,all_land_use,Jo->Ya,2,continue,5,25,0.2
watershed_x_landform,B_830306_20_LF_3030101,鶴見川 / basin 20 / 氾濫平野・海岸平野,all_land_use,Jo->Ya,2,drop,19,25,0.76
watershed_x_landform,B_830306_20_LF_3030101,鶴見川 / basin 20 / 氾濫平野・海岸平野,all_land_use,Jo->Ya,2,new,1,25,0.04
watershed_x_landform,B_830306_20_LF_3030101,鶴見川 / basin 20 / 氾濫平野・海岸平野,all_land_use,Ko->Na,4,continue,6,18,0.3333333333333333
watershed_x_landform,B_830306_20_LF_3030101,鶴見川 / basin 20 / 氾濫平野・海岸平野,all_land_use,Ko->Na,4,drop,1,18,0.05555555555555555
watershed_x_landform,B_830306_20_LF_3030101,鶴見川 / basin 20 / 氾濫平野・海岸平野,all_land_use,Ko->Na,4,new,11,18,0.6111111111111112
watershed_x_landform,B_830306_20_LF_3030101,鶴見川 / basin 20 / 氾濫平野・海岸平野,all_land_use,Na->He,5,continue,17,18,0.9444444444444444
watershed_x_landform,B_830306_20_LF_3030101,鶴見川 / basin 20 / 氾濫平野・海岸平野,all_land_use,Na->He,5,drop,0,18,0
watershed_x_landform,B_830306_20_LF_3030101,鶴見川 / basin 20 / 氾濫平野・海岸平野,all_land_use,Na->He,5,new,1,18,0.05555555555555555
watershed_x_landform,B_830306_20_LF_3030101,鶴見川 / basin 20 / 氾濫平野・海岸平野,all_land_use,Pa->Jo,1,continue,0,24,0
watershed_x_landform,B_830306_20_LF_3030101,鶴見川 / basin 20 / 氾濫平野・海岸平野,all_land_use,Pa->Jo,1,drop,0,24,0
watershed_x_landform,B_830306_20_LF_3030101,鶴見川 / basin 20 / 氾濫平野・海岸平野,all_land_use,Pa->Jo,1,new,24,24,1
watershed_x_landform,B_830306_20_LF_3030101,鶴見川 / basin 20 / 氾濫平野・海岸平野,all_land_use,Ya->Ko,3,continue,2,11,0.18181818181818182
watershed_x_landform,B_830306_20_LF_3030101,鶴見川 / basin 20 / 氾濫平野・海岸平野,all_land_use,Ya->Ko,3,drop,4,11,0.36363636363636365
watershed_x_landform,B_830306_20_LF_3030101,鶴見川 / basin 20 / 氾濫平野・海岸平野,all_land_use,Ya->Ko,3,new,5,11,0.45454545454545453
watershed_x_landform,B_830306_20_LF_5010201,鶴見川 / basin 20 / 水部,all_land_use,He->Me,6,continue,0,2,0
watershed_x_landform,B_830306_20_LF_5010201,鶴見川 / basin 20 / 水部,all_land_use,He->Me,6,drop,2,2,1
watershed_x_landform,B_830306_20_LF_5010201,鶴見川 / basin 20 / 水部,all_land_use,He->Me,6,new,0,2,0
watershed_x_landform,B_830306_20_LF_5010201,鶴見川 / basin 20 / 水部,all_land_use,Jo->Ya,2,continue,1,2,0.5
watershed_x_landform,B_830306_20_LF_5010201,鶴見川 / basin 20 / 水部,all_land_use,Jo->Ya,2,drop,1,2,0.5
watershed_x_landform,B_830306_20_LF_5010201,鶴見川 / basin 20 / 水部,all_land_use,Jo->Ya,2,new,0,2,0
watershed_x_landform,B_830306_20_LF_5010201,鶴見川 / basin 20 / 水部,all_land_use,Na->He,5,continue,0,2,0
watershed_x_landform,B_830306_20_LF_5010201,鶴見川 / basin 20 / 水部,all_land_use,Na->He,5,drop,0,2,0
watershed_x_landform,B_830306_20_LF_5010201,鶴見川 / basin 20 / 水部,all_land_use,Na->He,5,new,2,2,1
watershed_x_landform,B_830306_20_LF_5010201,鶴見川 / basin 20 / 水部,all_land_use,Pa->Jo,1,continue,0,2,0
watershed_x_landform,B_830306_20_LF_5010201,鶴見川 / basin 20 / 水部,all_land_use,Pa->Jo,1,drop,0,2,0
watershed_x_landform,B_830306_20_LF_5010201,鶴見川 / basin 20 / 水部,all_land_use,Pa->Jo,1,new,2,2,1
watershed_x_landform,B_830306_20_LF_5010201,鶴見川 / basin 20 / 水部,all_land_use,Ya->Ko,3,continue,0,1,0
watershed_x_landform,B_830306_20_LF_5010201,鶴見川 / basin 20 / 水部,all_land_use,Ya->Ko,3,drop,1,1,1
watershed_x_landform,B_830306_20_LF_5010201,鶴見川 / basin 20 / 水部,all_land_use,Ya->Ko,3,new,0,1,0
watershed_x_landform,B_830306_21_LF_1010101,鶴見川 / basin 21 / 山地斜面等,all_land_use,He->Me,6,continue,7,39,0.1794871794871795
watershed_x_landform,B_830306_21_LF_1010101,鶴見川 / basin 21 / 山地斜面等,all_land_use,He->Me,6,drop,25,39,0.6410256410256411
watershed_x_landform,B_830306_21_LF_1010101,鶴見川 / basin 21 / 山地斜面等,all_land_use,He->Me,6,new,7,39,0.1794871794871795
watershed_x_landform,B_830306_21_LF_1010101,鶴見川 / basin 21 / 山地斜面等,all_land_use,Jo->Ya,2,continue,6,48,0.125
watershed_x_landform,B_830306_21_LF_1010101,鶴見川 / basin 21 / 山地斜面等,all_land_use,Jo->Ya,2,drop,42,48,0.875
watershed_x_landform,B_830306_21_LF_1010101,鶴見川 / basin 21 / 山地斜面等,all_land_use,Jo->Ya,2,new,0,48,0
watershed_x_landform,B_830306_21_LF_1010101,鶴見川 / basin 21 / 山地斜面等,all_land_use,Ko->Na,4,continue,5,33,0.15151515151515152
watershed_x_landform,B_830306_21_LF_1010101,鶴見川 / basin 21 / 山地斜面等,all_land_use,Ko->Na,4,drop,9,33,0.2727272727272727
watershed_x_landform,B_830306_21_LF_1010101,鶴見川 / basin 21 / 山地斜面等,all_land_use,Ko->Na,4,new,19,33,0.5757575757575758
watershed_x_landform,B_830306_21_LF_1010101,鶴見川 / basin 21 / 山地斜面等,all_land_use,Na->He,5,continue,22,34,0.6470588235294118
watershed_x_landform,B_830306_21_LF_1010101,鶴見川 / basin 21 / 山地斜面等,all_land_use,Na->He,5,drop,2,34,0.058823529411764705
watershed_x_landform,B_830306_21_LF_1010101,鶴見川 / basin 21 / 山地斜面等,all_land_use,Na->He,5,new,10,34,0.29411764705882354
watershed_x_landform,B_830306_21_LF_1010101,鶴見川 / basin 21 / 山地斜面等,all_land_use,Pa->Jo,1,continue,4,49,0.08163265306122448
watershed_x_landform,B_830306_21_LF_1010101,鶴見川 / basin 21 / 山地斜面等,all_land_use,Pa->Jo,1,drop,1,49,0.02040816326530612
watershed_x_landform,B_830306_21_LF_1010101,鶴見川 / basin 21 / 山地斜面等,all_land_use,Pa->Jo,1,new,44,49,0.8979591836734694
watershed_x_landform,B_830306_21_LF_1010101,鶴見川 / basin 21 / 山地斜面等,all_land_use,Ya->Ko,3,continue,1,19,0.05263157894736842
watershed_x_landform,B_830306_21_LF_1010101,鶴見川 / basin 21 / 山地斜面等,all_land_use,Ya->Ko,3,drop,5,19,0.2631578947368421
watershed_x_landform,B_830306_21_LF_1010101,鶴見川 / basin 21 / 山地斜面等,all_land_use,Ya->Ko,3,new,13,19,0.6842105263157895
watershed_x_landform,B_830306_21_LF_2010101,鶴見川 / basin 21 / 台地・段丘,all_land_use,He->Me,6,continue,0,5,0
watershed_x_landform,B_830306_21_LF_2010101,鶴見川 / basin 21 / 台地・段丘,all_land_use,He->Me,6,drop,5,5,1
watershed_x_landform,B_830306_21_LF_2010101,鶴見川 / basin 21 / 台地・段丘,all_land_use,He->Me,6,new,0,5,0
watershed_x_landform,B_830306_21_LF_2010101,鶴見川 / basin 21 / 台地・段丘,all_land_use,Jo->Ya,2,continue,1,5,0.2
watershed_x_landform,B_830306_21_LF_2010101,鶴見川 / basin 21 / 台地・段丘,all_land_use,Jo->Ya,2,drop,4,5,0.8
watershed_x_landform,B_830306_21_LF_2010101,鶴見川 / basin 21 / 台地・段丘,all_land_use,Jo->Ya,2,new,0,5,0
watershed_x_landform,B_830306_21_LF_2010101,鶴見川 / basin 21 / 台地・段丘,all_land_use,Ko->Na,4,continue,1,5,0.2
watershed_x_landform,B_830306_21_LF_2010101,鶴見川 / basin 21 / 台地・段丘,all_land_use,Ko->Na,4,drop,0,5,0
watershed_x_landform,B_830306_21_LF_2010101,鶴見川 / basin 21 / 台地・段丘,all_land_use,Ko->Na,4,new,4,5,0.8
watershed_x_landform,B_830306_21_LF_2010101,鶴見川 / basin 21 / 台地・段丘,all_land_use,Na->He,5,continue,5,5,1
watershed_x_landform,B_830306_21_LF_2010101,鶴見川 / basin 21 / 台地・段丘,all_land_use,Na->He,5,drop,0,5,0
watershed_x_landform,B_830306_21_LF_2010101,鶴見川 / basin 21 / 台地・段丘,all_land_use,Na->He,5,new,0,5,0
watershed_x_landform,B_830306_21_LF_2010101,鶴見川 / basin 21 / 台地・段丘,all_land_use,Pa->Jo,1,continue,1,5,0.2
watershed_x_landform,B_830306_21_LF_2010101,鶴見川 / basin 21 / 台地・段丘,all_land_use,Pa->Jo,1,drop,0,5,0
watershed_x_landform,B_830306_21_LF_2010101,鶴見川 / basin 21 / 台地・段丘,all_land_use,Pa->Jo,1,new,4,5,0.8
watershed_x_landform,B_830306_21_LF_2010101,鶴見川 / basin 21 / 台地・段丘,all_land_use,Ya->Ko,3,continue,1,1,1
watershed_x_landform,B_830306_21_LF_2010101,鶴見川 / basin 21 / 台地・段丘,all_land_use,Ya->Ko,3,drop,0,1,0
watershed_x_landform,B_830306_21_LF_2010101,鶴見川 / basin 21 / 台地・段丘,all_land_use,Ya->Ko,3,new,0,1,0
watershed_x_landform,B_830306_21_LF_3030101,鶴見川 / basin 21 / 氾濫平野・海岸平野,all_land_use,He->Me,6,continue,2,10,0.2
watershed_x_landform,B_830306_21_LF_3030101,鶴見川 / basin 21 / 氾濫平野・海岸平野,all_land_use,He->Me,6,drop,6,10,0.6
watershed_x_landform,B_830306_21_LF_3030101,鶴見川 / basin 21 / 氾濫平野・海岸平野,all_land_use,He->Me,6,new,2,10,0.2
watershed_x_landform,B_830306_21_LF_3030101,鶴見川 / basin 21 / 氾濫平野・海岸平野,all_land_use,Jo->Ya,2,continue,0,6,0
watershed_x_landform,B_830306_21_LF_3030101,鶴見川 / basin 21 / 氾濫平野・海岸平野,all_land_use,Jo->Ya,2,drop,6,6,1
watershed_x_landform,B_830306_21_LF_3030101,鶴見川 / basin 21 / 氾濫平野・海岸平野,all_land_use,Jo->Ya,2,new,0,6,0
watershed_x_landform,B_830306_21_LF_3030101,鶴見川 / basin 21 / 氾濫平野・海岸平野,all_land_use,Ko->Na,4,continue,1,9,0.1111111111111111
watershed_x_landform,B_830306_21_LF_3030101,鶴見川 / basin 21 / 氾濫平野・海岸平野,all_land_use,Ko->Na,4,drop,1,9,0.1111111111111111
watershed_x_landform,B_830306_21_LF_3030101,鶴見川 / basin 21 / 氾濫平野・海岸平野,all_land_use,Ko->Na,4,new,7,9,0.7777777777777778
watershed_x_landform,B_830306_21_LF_3030101,鶴見川 / basin 21 / 氾濫平野・海岸平野,all_land_use,Na->He,5,continue,8,8,1
watershed_x_landform,B_830306_21_LF_3030101,鶴見川 / basin 21 / 氾濫平野・海岸平野,all_land_use,Na->He,5,drop,0,8,0
watershed_x_landform,B_830306_21_LF_3030101,鶴見川 / basin 21 / 氾濫平野・海岸平野,all_land_use,Na->He,5,new,0,8,0
watershed_x_landform,B_830306_21_LF_3030101,鶴見川 / basin 21 / 氾濫平野・海岸平野,all_land_use,Pa->Jo,1,continue,1,7,0.14285714285714285
watershed_x_landform,B_830306_21_LF_3030101,鶴見川 / basin 21 / 氾濫平野・海岸平野,all_land_use,Pa->Jo,1,drop,1,7,0.14285714285714285
watershed_x_landform,B_830306_21_LF_3030101,鶴見川 / basin 21 / 氾濫平野・海岸平野,all_land_use,Pa->Jo,1,new,5,7,0.7142857142857143
watershed_x_landform,B_830306_21_LF_3030101,鶴見川 / basin 21 / 氾濫平野・海岸平野,all_land_use,Ya->Ko,3,continue,0,2,0
watershed_x_landform,B_830306_21_LF_3030101,鶴見川 / basin 21 / 氾濫平野・海岸平野,all_land_use,Ya->Ko,3,drop,0,2,0
watershed_x_landform,B_830306_21_LF_3030101,鶴見川 / basin 21 / 氾濫平野・海岸平野,all_land_use,Ya->Ko,3,new,2,2,1
watershed_x_landform,B_unknown_0_LF_10101,unknown / basin 0 / 山地斜面等,all_land_use,He->Me,6,continue,0,9,0
watershed_x_landform,B_unknown_0_LF_10101,unknown / basin 0 / 山地斜面等,all_land_use,He->Me,6,drop,2,9,0.2222222222222222
watershed_x_landform,B_unknown_0_LF_10101,unknown / basin 0 / 山地斜面等,all_land_use,He->Me,6,new,7,9,0.7777777777777778
watershed_x_landform,B_unknown_0_LF_10101,unknown / basin 0 / 山地斜面等,all_land_use,Jo->Ya,2,continue,3,43,0.06976744186046512
watershed_x_landform,B_unknown_0_LF_10101,unknown / basin 0 / 山地斜面等,all_land_use,Jo->Ya,2,drop,39,43,0.9069767441860465
watershed_x_landform,B_unknown_0_LF_10101,unknown / basin 0 / 山地斜面等,all_land_use,Jo->Ya,2,new,1,43,0.023255813953488372
watershed_x_landform,B_unknown_0_LF_10101,unknown / basin 0 / 山地斜面等,all_land_use,Ko->Na,4,continue,14,25,0.56
watershed_x_landform,B_unknown_0_LF_10101,unknown / basin 0 / 山地斜面等,all_land_use,Ko->Na,4,drop,11,25,0.44
watershed_x_landform,B_unknown_0_LF_10101,unknown / basin 0 / 山地斜面等,all_land_use,Ko->Na,4,new,0,25,0
watershed_x_landform,B_unknown_0_LF_10101,unknown / basin 0 / 山地斜面等,all_land_use,Na->He,5,continue,2,14,0.14285714285714285
watershed_x_landform,B_unknown_0_LF_10101,unknown / basin 0 / 山地斜面等,all_land_use,Na->He,5,drop,12,14,0.8571428571428571
watershed_x_landform,B_unknown_0_LF_10101,unknown / basin 0 / 山地斜面等,all_land_use,Na->He,5,new,0,14,0
watershed_x_landform,B_unknown_0_LF_10101,unknown / basin 0 / 山地斜面等,all_land_use,Pa->Jo,1,continue,2,44,0.045454545454545456
watershed_x_landform,B_unknown_0_LF_10101,unknown / basin 0 / 山地斜面等,all_land_use,Pa->Jo,1,drop,2,44,0.045454545454545456
watershed_x_landform,B_unknown_0_LF_10101,unknown / basin 0 / 山地斜面等,all_land_use,Pa->Jo,1,new,40,44,0.9090909090909091
watershed_x_landform,B_unknown_0_LF_10101,unknown / basin 0 / 山地斜面等,all_land_use,Ya->Ko,3,continue,0,29,0
watershed_x_landform,B_unknown_0_LF_10101,unknown / basin 0 / 山地斜面等,all_land_use,Ya->Ko,3,drop,4,29,0.13793103448275862
watershed_x_landform,B_unknown_0_LF_10101,unknown / basin 0 / 山地斜面等,all_land_use,Ya->Ko,3,new,25,29,0.8620689655172413
watershed_x_landform,B_unknown_0_LF_1010101,unknown / basin 0 / 山地斜面等,all_land_use,He->Me,6,continue,0,6,0
watershed_x_landform,B_unknown_0_LF_1010101,unknown / basin 0 / 山地斜面等,all_land_use,He->Me,6,drop,2,6,0.3333333333333333
watershed_x_landform,B_unknown_0_LF_1010101,unknown / basin 0 / 山地斜面等,all_land_use,He->Me,6,new,4,6,0.6666666666666666
watershed_x_landform,B_unknown_0_LF_1010101,unknown / basin 0 / 山地斜面等,all_land_use,Jo->Ya,2,continue,1,18,0.05555555555555555
watershed_x_landform,B_unknown_0_LF_1010101,unknown / basin 0 / 山地斜面等,all_land_use,Jo->Ya,2,drop,13,18,0.7222222222222222
watershed_x_landform,B_unknown_0_LF_1010101,unknown / basin 0 / 山地斜面等,all_land_use,Jo->Ya,2,new,4,18,0.2222222222222222
watershed_x_landform,B_unknown_0_LF_1010101,unknown / basin 0 / 山地斜面等,all_land_use,Ko->Na,4,continue,10,24,0.4166666666666667
watershed_x_landform,B_unknown_0_LF_1010101,unknown / basin 0 / 山地斜面等,all_land_use,Ko->Na,4,drop,14,24,0.5833333333333334
watershed_x_landform,B_unknown_0_LF_1010101,unknown / basin 0 / 山地斜面等,all_land_use,Ko->Na,4,new,0,24,0
watershed_x_landform,B_unknown_0_LF_1010101,unknown / basin 0 / 山地斜面等,all_land_use,Na->He,5,continue,0,12,0
watershed_x_landform,B_unknown_0_LF_1010101,unknown / basin 0 / 山地斜面等,all_land_use,Na->He,5,drop,10,12,0.8333333333333334
watershed_x_landform,B_unknown_0_LF_1010101,unknown / basin 0 / 山地斜面等,all_land_use,Na->He,5,new,2,12,0.16666666666666666
watershed_x_landform,B_unknown_0_LF_1010101,unknown / basin 0 / 山地斜面等,all_land_use,Pa->Jo,1,continue,0,14,0
watershed_x_landform,B_unknown_0_LF_1010101,unknown / basin 0 / 山地斜面等,all_land_use,Pa->Jo,1,drop,0,14,0
watershed_x_landform,B_unknown_0_LF_1010101,unknown / basin 0 / 山地斜面等,all_land_use,Pa->Jo,1,new,14,14,1
watershed_x_landform,B_unknown_0_LF_1010101,unknown / basin 0 / 山地斜面等,all_land_use,Ya->Ko,3,continue,1,28,0.03571428571428571
watershed_x_landform,B_unknown_0_LF_1010101,unknown / basin 0 / 山地斜面等,all_land_use,Ya->Ko,3,drop,4,28,0.14285714285714285
watershed_x_landform,B_unknown_0_LF_1010101,unknown / basin 0 / 山地斜面等,all_land_use,Ya->Ko,3,new,23,28,0.8214285714285714
watershed_x_landform,B_unknown_0_LF_10202,unknown / basin 0 / 崖・段丘崖,all_land_use,Jo->Ya,2,continue,0,1,0
watershed_x_landform,B_unknown_0_LF_10202,unknown / basin 0 / 崖・段丘崖,all_land_use,Jo->Ya,2,drop,1,1,1
watershed_x_landform,B_unknown_0_LF_10202,unknown / basin 0 / 崖・段丘崖,all_land_use,Jo->Ya,2,new,0,1,0
watershed_x_landform,B_unknown_0_LF_10202,unknown / basin 0 / 崖・段丘崖,all_land_use,Pa->Jo,1,continue,0,1,0
watershed_x_landform,B_unknown_0_LF_10202,unknown / basin 0 / 崖・段丘崖,all_land_use,Pa->Jo,1,drop,0,1,0
watershed_x_landform,B_unknown_0_LF_10202,unknown / basin 0 / 崖・段丘崖,all_land_use,Pa->Jo,1,new,1,1,1
watershed_x_landform,B_unknown_0_LF_10314,unknown / basin 0 / 台地・段丘,all_land_use,He->Me,6,continue,5,28,0.17857142857142858
watershed_x_landform,B_unknown_0_LF_10314,unknown / basin 0 / 台地・段丘,all_land_use,He->Me,6,drop,5,28,0.17857142857142858
watershed_x_landform,B_unknown_0_LF_10314,unknown / basin 0 / 台地・段丘,all_land_use,He->Me,6,new,18,28,0.6428571428571429
watershed_x_landform,B_unknown_0_LF_10314,unknown / basin 0 / 台地・段丘,all_land_use,Jo->Ya,2,continue,17,101,0.16831683168316833
watershed_x_landform,B_unknown_0_LF_10314,unknown / basin 0 / 台地・段丘,all_land_use,Jo->Ya,2,drop,82,101,0.8118811881188119
watershed_x_landform,B_unknown_0_LF_10314,unknown / basin 0 / 台地・段丘,all_land_use,Jo->Ya,2,new,2,101,0.019801980198019802
watershed_x_landform,B_unknown_0_LF_10314,unknown / basin 0 / 台地・段丘,all_land_use,Ko->Na,4,continue,4,23,0.17391304347826086
watershed_x_landform,B_unknown_0_LF_10314,unknown / basin 0 / 台地・段丘,all_land_use,Ko->Na,4,drop,18,23,0.782608695652174
watershed_x_landform,B_unknown_0_LF_10314,unknown / basin 0 / 台地・段丘,all_land_use,Ko->Na,4,new,1,23,0.043478260869565216
watershed_x_landform,B_unknown_0_LF_10314,unknown / basin 0 / 台地・段丘,all_land_use,Na->He,5,continue,4,11,0.36363636363636365
watershed_x_landform,B_unknown_0_LF_10314,unknown / basin 0 / 台地・段丘,all_land_use,Na->He,5,drop,1,11,0.09090909090909091
watershed_x_landform,B_unknown_0_LF_10314,unknown / basin 0 / 台地・段丘,all_land_use,Na->He,5,new,6,11,0.5454545454545454
watershed_x_landform,B_unknown_0_LF_10314,unknown / basin 0 / 台地・段丘,all_land_use,Pa->Jo,1,continue,23,102,0.22549019607843138
watershed_x_landform,B_unknown_0_LF_10314,unknown / basin 0 / 台地・段丘,all_land_use,Pa->Jo,1,drop,3,102,0.029411764705882353
watershed_x_landform,B_unknown_0_LF_10314,unknown / basin 0 / 台地・段丘,all_land_use,Pa->Jo,1,new,76,102,0.7450980392156863
watershed_x_landform,B_unknown_0_LF_10314,unknown / basin 0 / 台地・段丘,all_land_use,Ya->Ko,3,continue,6,35,0.17142857142857143
watershed_x_landform,B_unknown_0_LF_10314,unknown / basin 0 / 台地・段丘,all_land_use,Ya->Ko,3,drop,13,35,0.37142857142857144
watershed_x_landform,B_unknown_0_LF_10314,unknown / basin 0 / 台地・段丘,all_land_use,Ya->Ko,3,new,16,35,0.45714285714285713
watershed_x_landform,B_unknown_0_LF_10601,unknown / basin 0 / 凹地・浅い谷,all_land_use,He->Me,6,continue,0,2,0
watershed_x_landform,B_unknown_0_LF_10601,unknown / basin 0 / 凹地・浅い谷,all_land_use,He->Me,6,drop,1,2,0.5
watershed_x_landform,B_unknown_0_LF_10601,unknown / basin 0 / 凹地・浅い谷,all_land_use,He->Me,6,new,1,2,0.5
watershed_x_landform,B_unknown_0_LF_10601,unknown / basin 0 / 凹地・浅い谷,all_land_use,Jo->Ya,2,continue,1,4,0.25
watershed_x_landform,B_unknown_0_LF_10601,unknown / basin 0 / 凹地・浅い谷,all_land_use,Jo->Ya,2,drop,3,4,0.75
watershed_x_landform,B_unknown_0_LF_10601,unknown / basin 0 / 凹地・浅い谷,all_land_use,Jo->Ya,2,new,0,4,0
watershed_x_landform,B_unknown_0_LF_10601,unknown / basin 0 / 凹地・浅い谷,all_land_use,Ko->Na,4,continue,1,2,0.5
watershed_x_landform,B_unknown_0_LF_10601,unknown / basin 0 / 凹地・浅い谷,all_land_use,Ko->Na,4,drop,1,2,0.5
watershed_x_landform,B_unknown_0_LF_10601,unknown / basin 0 / 凹地・浅い谷,all_land_use,Ko->Na,4,new,0,2,0
watershed_x_landform,B_unknown_0_LF_10601,unknown / basin 0 / 凹地・浅い谷,all_land_use,Na->He,5,continue,1,1,1
watershed_x_landform,B_unknown_0_LF_10601,unknown / basin 0 / 凹地・浅い谷,all_land_use,Na->He,5,drop,0,1,0
watershed_x_landform,B_unknown_0_LF_10601,unknown / basin 0 / 凹地・浅い谷,all_land_use,Na->He,5,new,0,1,0
watershed_x_landform,B_unknown_0_LF_10601,unknown / basin 0 / 凹地・浅い谷,all_land_use,Pa->Jo,1,continue,2,5,0.4
watershed_x_landform,B_unknown_0_LF_10601,unknown / basin 0 / 凹地・浅い谷,all_land_use,Pa->Jo,1,drop,1,5,0.2
watershed_x_landform,B_unknown_0_LF_10601,unknown / basin 0 / 凹地・浅い谷,all_land_use,Pa->Jo,1,new,2,5,0.4
watershed_x_landform,B_unknown_0_LF_10601,unknown / basin 0 / 凹地・浅い谷,all_land_use,Ya->Ko,3,continue,1,2,0.5
watershed_x_landform,B_unknown_0_LF_10601,unknown / basin 0 / 凹地・浅い谷,all_land_use,Ya->Ko,3,drop,0,2,0
watershed_x_landform,B_unknown_0_LF_10601,unknown / basin 0 / 凹地・浅い谷,all_land_use,Ya->Ko,3,new,1,2,0.5
watershed_x_landform,B_unknown_0_LF_10701,unknown / basin 0 / 氾濫平野・海岸平野,all_land_use,Jo->Ya,2,continue,2,5,0.4
watershed_x_landform,B_unknown_0_LF_10701,unknown / basin 0 / 氾濫平野・海岸平野,all_land_use,Jo->Ya,2,drop,2,5,0.4
watershed_x_landform,B_unknown_0_LF_10701,unknown / basin 0 / 氾濫平野・海岸平野,all_land_use,Jo->Ya,2,new,1,5,0.2
watershed_x_landform,B_unknown_0_LF_10701,unknown / basin 0 / 氾濫平野・海岸平野,all_land_use,Ko->Na,4,continue,1,1,1
watershed_x_landform,B_unknown_0_LF_10701,unknown / basin 0 / 氾濫平野・海岸平野,all_land_use,Ko->Na,4,drop,0,1,0
watershed_x_landform,B_unknown_0_LF_10701,unknown / basin 0 / 氾濫平野・海岸平野,all_land_use,Ko->Na,4,new,0,1,0
watershed_x_landform,B_unknown_0_LF_10701,unknown / basin 0 / 氾濫平野・海岸平野,all_land_use,Na->He,5,continue,0,1,0
watershed_x_landform,B_unknown_0_LF_10701,unknown / basin 0 / 氾濫平野・海岸平野,all_land_use,Na->He,5,drop,1,1,1
watershed_x_landform,B_unknown_0_LF_10701,unknown / basin 0 / 氾濫平野・海岸平野,all_land_use,Na->He,5,new,0,1,0
watershed_x_landform,B_unknown_0_LF_10701,unknown / basin 0 / 氾濫平野・海岸平野,all_land_use,Pa->Jo,1,continue,1,4,0.25
watershed_x_landform,B_unknown_0_LF_10701,unknown / basin 0 / 氾濫平野・海岸平野,all_land_use,Pa->Jo,1,drop,0,4,0
watershed_x_landform,B_unknown_0_LF_10701,unknown / basin 0 / 氾濫平野・海岸平野,all_land_use,Pa->Jo,1,new,3,4,0.75
watershed_x_landform,B_unknown_0_LF_10701,unknown / basin 0 / 氾濫平野・海岸平野,all_land_use,Ya->Ko,3,continue,0,4,0
watershed_x_landform,B_unknown_0_LF_10701,unknown / basin 0 / 氾濫平野・海岸平野,all_land_use,Ya->Ko,3,drop,3,4,0.75
watershed_x_landform,B_unknown_0_LF_10701,unknown / basin 0 / 氾濫平野・海岸平野,all_land_use,Ya->Ko,3,new,1,4,0.25
watershed_x_landform,B_unknown_0_LF_2010101,unknown / basin 0 / 台地・段丘,all_land_use,He->Me,6,continue,4,28,0.14285714285714285
watershed_x_landform,B_unknown_0_LF_2010101,unknown / basin 0 / 台地・段丘,all_land_use,He->Me,6,drop,8,28,0.2857142857142857
watershed_x_landform,B_unknown_0_LF_2010101,unknown / basin 0 / 台地・段丘,all_land_use,He->Me,6,new,16,28,0.5714285714285714
watershed_x_landform,B_unknown_0_LF_2010101,unknown / basin 0 / 台地・段丘,all_land_use,Jo->Ya,2,continue,15,62,0.24193548387096775
watershed_x_landform,B_unknown_0_LF_2010101,unknown / basin 0 / 台地・段丘,all_land_use,Jo->Ya,2,drop,39,62,0.6290322580645161
watershed_x_landform,B_unknown_0_LF_2010101,unknown / basin 0 / 台地・段丘,all_land_use,Jo->Ya,2,new,8,62,0.12903225806451613
watershed_x_landform,B_unknown_0_LF_2010101,unknown / basin 0 / 台地・段丘,all_land_use,Ko->Na,4,continue,13,40,0.325
watershed_x_landform,B_unknown_0_LF_2010101,unknown / basin 0 / 台地・段丘,all_land_use,Ko->Na,4,drop,23,40,0.575
watershed_x_landform,B_unknown_0_LF_2010101,unknown / basin 0 / 台地・段丘,all_land_use,Ko->Na,4,new,4,40,0.1
watershed_x_landform,B_unknown_0_LF_2010101,unknown / basin 0 / 台地・段丘,all_land_use,Na->He,5,continue,8,21,0.38095238095238093
watershed_x_landform,B_unknown_0_LF_2010101,unknown / basin 0 / 台地・段丘,all_land_use,Na->He,5,drop,9,21,0.42857142857142855
watershed_x_landform,B_unknown_0_LF_2010101,unknown / basin 0 / 台地・段丘,all_land_use,Na->He,5,new,4,21,0.19047619047619047
watershed_x_landform,B_unknown_0_LF_2010101,unknown / basin 0 / 台地・段丘,all_land_use,Pa->Jo,1,continue,5,54,0.09259259259259259
watershed_x_landform,B_unknown_0_LF_2010101,unknown / basin 0 / 台地・段丘,all_land_use,Pa->Jo,1,drop,0,54,0
watershed_x_landform,B_unknown_0_LF_2010101,unknown / basin 0 / 台地・段丘,all_land_use,Pa->Jo,1,new,49,54,0.9074074074074074
watershed_x_landform,B_unknown_0_LF_2010101,unknown / basin 0 / 台地・段丘,all_land_use,Ya->Ko,3,continue,9,50,0.18
watershed_x_landform,B_unknown_0_LF_2010101,unknown / basin 0 / 台地・段丘,all_land_use,Ya->Ko,3,drop,14,50,0.28
watershed_x_landform,B_unknown_0_LF_2010101,unknown / basin 0 / 台地・段丘,all_land_use,Ya->Ko,3,new,27,50,0.54
watershed_x_landform,B_unknown_0_LF_2010201,unknown / basin 0 / 崖・段丘崖,all_land_use,He->Me,6,continue,1,3,0.3333333333333333
watershed_x_landform,B_unknown_0_LF_2010201,unknown / basin 0 / 崖・段丘崖,all_land_use,He->Me,6,drop,1,3,0.3333333333333333
watershed_x_landform,B_unknown_0_LF_2010201,unknown / basin 0 / 崖・段丘崖,all_land_use,He->Me,6,new,1,3,0.3333333333333333
watershed_x_landform,B_unknown_0_LF_2010201,unknown / basin 0 / 崖・段丘崖,all_land_use,Jo->Ya,2,continue,1,6,0.16666666666666666
watershed_x_landform,B_unknown_0_LF_2010201,unknown / basin 0 / 崖・段丘崖,all_land_use,Jo->Ya,2,drop,5,6,0.8333333333333334
watershed_x_landform,B_unknown_0_LF_2010201,unknown / basin 0 / 崖・段丘崖,all_land_use,Jo->Ya,2,new,0,6,0
watershed_x_landform,B_unknown_0_LF_2010201,unknown / basin 0 / 崖・段丘崖,all_land_use,Ko->Na,4,continue,5,10,0.5
watershed_x_landform,B_unknown_0_LF_2010201,unknown / basin 0 / 崖・段丘崖,all_land_use,Ko->Na,4,drop,3,10,0.3
watershed_x_landform,B_unknown_0_LF_2010201,unknown / basin 0 / 崖・段丘崖,all_land_use,Ko->Na,4,new,2,10,0.2
watershed_x_landform,B_unknown_0_LF_2010201,unknown / basin 0 / 崖・段丘崖,all_land_use,Na->He,5,continue,2,7,0.2857142857142857
watershed_x_landform,B_unknown_0_LF_2010201,unknown / basin 0 / 崖・段丘崖,all_land_use,Na->He,5,drop,5,7,0.7142857142857143
watershed_x_landform,B_unknown_0_LF_2010201,unknown / basin 0 / 崖・段丘崖,all_land_use,Na->He,5,new,0,7,0
watershed_x_landform,B_unknown_0_LF_2010201,unknown / basin 0 / 崖・段丘崖,all_land_use,Pa->Jo,1,continue,0,6,0
watershed_x_landform,B_unknown_0_LF_2010201,unknown / basin 0 / 崖・段丘崖,all_land_use,Pa->Jo,1,drop,0,6,0
watershed_x_landform,B_unknown_0_LF_2010201,unknown / basin 0 / 崖・段丘崖,all_land_use,Pa->Jo,1,new,6,6,1
watershed_x_landform,B_unknown_0_LF_2010201,unknown / basin 0 / 崖・段丘崖,all_land_use,Ya->Ko,3,continue,1,8,0.125
watershed_x_landform,B_unknown_0_LF_2010201,unknown / basin 0 / 崖・段丘崖,all_land_use,Ya->Ko,3,drop,0,8,0
watershed_x_landform,B_unknown_0_LF_2010201,unknown / basin 0 / 崖・段丘崖,all_land_use,Ya->Ko,3,new,7,8,0.875
watershed_x_landform,B_unknown_0_LF_2010301,unknown / basin 0 / 凹地・浅い谷,all_land_use,Jo->Ya,2,continue,0,1,0
watershed_x_landform,B_unknown_0_LF_2010301,unknown / basin 0 / 凹地・浅い谷,all_land_use,Jo->Ya,2,drop,1,1,1
watershed_x_landform,B_unknown_0_LF_2010301,unknown / basin 0 / 凹地・浅い谷,all_land_use,Jo->Ya,2,new,0,1,0
watershed_x_landform,B_unknown_0_LF_2010301,unknown / basin 0 / 凹地・浅い谷,all_land_use,Ko->Na,4,continue,1,1,1
watershed_x_landform,B_unknown_0_LF_2010301,unknown / basin 0 / 凹地・浅い谷,all_land_use,Ko->Na,4,drop,0,1,0
watershed_x_landform,B_unknown_0_LF_2010301,unknown / basin 0 / 凹地・浅い谷,all_land_use,Ko->Na,4,new,0,1,0
watershed_x_landform,B_unknown_0_LF_2010301,unknown / basin 0 / 凹地・浅い谷,all_land_use,Na->He,5,continue,0,1,0
watershed_x_landform,B_unknown_0_LF_2010301,unknown / basin 0 / 凹地・浅い谷,all_land_use,Na->He,5,drop,1,1,1
watershed_x_landform,B_unknown_0_LF_2010301,unknown / basin 0 / 凹地・浅い谷,all_land_use,Na->He,5,new,0,1,0
watershed_x_landform,B_unknown_0_LF_2010301,unknown / basin 0 / 凹地・浅い谷,all_land_use,Pa->Jo,1,continue,0,1,0
watershed_x_landform,B_unknown_0_LF_2010301,unknown / basin 0 / 凹地・浅い谷,all_land_use,Pa->Jo,1,drop,0,1,0
watershed_x_landform,B_unknown_0_LF_2010301,unknown / basin 0 / 凹地・浅い谷,all_land_use,Pa->Jo,1,new,1,1,1
watershed_x_landform,B_unknown_0_LF_2010301,unknown / basin 0 / 凹地・浅い谷,all_land_use,Ya->Ko,3,continue,0,1,0
watershed_x_landform,B_unknown_0_LF_2010301,unknown / basin 0 / 凹地・浅い谷,all_land_use,Ya->Ko,3,drop,0,1,0
watershed_x_landform,B_unknown_0_LF_2010301,unknown / basin 0 / 凹地・浅い谷,all_land_use,Ya->Ko,3,new,1,1,1
watershed_x_landform,B_unknown_0_LF_3030101,unknown / basin 0 / 氾濫平野・海岸平野,all_land_use,He->Me,6,continue,0,14,0
watershed_x_landform,B_unknown_0_LF_3030101,unknown / basin 0 / 氾濫平野・海岸平野,all_land_use,He->Me,6,drop,4,14,0.2857142857142857
watershed_x_landform,B_unknown_0_LF_3030101,unknown / basin 0 / 氾濫平野・海岸平野,all_land_use,He->Me,6,new,10,14,0.7142857142857143
watershed_x_landform,B_unknown_0_LF_3030101,unknown / basin 0 / 氾濫平野・海岸平野,all_land_use,Jo->Ya,2,continue,0,4,0
watershed_x_landform,B_unknown_0_LF_3030101,unknown / basin 0 / 氾濫平野・海岸平野,all_land_use,Jo->Ya,2,drop,3,4,0.75
watershed_x_landform,B_unknown_0_LF_3030101,unknown / basin 0 / 氾濫平野・海岸平野,all_land_use,Jo->Ya,2,new,1,4,0.25
watershed_x_landform,B_unknown_0_LF_3030101,unknown / basin 0 / 氾濫平野・海岸平野,all_land_use,Ko->Na,4,continue,4,18,0.2222222222222222
watershed_x_landform,B_unknown_0_LF_3030101,unknown / basin 0 / 氾濫平野・海岸平野,all_land_use,Ko->Na,4,drop,9,18,0.5
watershed_x_landform,B_unknown_0_LF_3030101,unknown / basin 0 / 氾濫平野・海岸平野,all_land_use,Ko->Na,4,new,5,18,0.2777777777777778
watershed_x_landform,B_unknown_0_LF_3030101,unknown / basin 0 / 氾濫平野・海岸平野,all_land_use,Na->He,5,continue,3,10,0.3
watershed_x_landform,B_unknown_0_LF_3030101,unknown / basin 0 / 氾濫平野・海岸平野,all_land_use,Na->He,5,drop,6,10,0.6
watershed_x_landform,B_unknown_0_LF_3030101,unknown / basin 0 / 氾濫平野・海岸平野,all_land_use,Na->He,5,new,1,10,0.1
watershed_x_landform,B_unknown_0_LF_3030101,unknown / basin 0 / 氾濫平野・海岸平野,all_land_use,Pa->Jo,1,continue,0,3,0
watershed_x_landform,B_unknown_0_LF_3030101,unknown / basin 0 / 氾濫平野・海岸平野,all_land_use,Pa->Jo,1,drop,0,3,0
watershed_x_landform,B_unknown_0_LF_3030101,unknown / basin 0 / 氾濫平野・海岸平野,all_land_use,Pa->Jo,1,new,3,3,1
watershed_x_landform,B_unknown_0_LF_3030101,unknown / basin 0 / 氾濫平野・海岸平野,all_land_use,Ya->Ko,3,continue,1,13,0.07692307692307693
watershed_x_landform,B_unknown_0_LF_3030101,unknown / basin 0 / 氾濫平野・海岸平野,all_land_use,Ya->Ko,3,drop,0,13,0
watershed_x_landform,B_unknown_0_LF_3030101,unknown / basin 0 / 氾濫平野・海岸平野,all_land_use,Ya->Ko,3,new,12,13,0.9230769230769231
watershed_x_landform,B_unknown_0_LF_3030201,unknown / basin 0 / 後背低地・湿地,all_land_use,He->Me,6,continue,0,2,0
watershed_x_landform,B_unknown_0_LF_3030201,unknown / basin 0 / 後背低地・湿地,all_land_use,He->Me,6,drop,1,2,0.5
watershed_x_landform,B_unknown_0_LF_3030201,unknown / basin 0 / 後背低地・湿地,all_land_use,He->Me,6,new,1,2,0.5
watershed_x_landform,B_unknown_0_LF_3030201,unknown / basin 0 / 後背低地・湿地,all_land_use,Jo->Ya,2,continue,0,1,0
watershed_x_landform,B_unknown_0_LF_3030201,unknown / basin 0 / 後背低地・湿地,all_land_use,Jo->Ya,2,drop,1,1,1
watershed_x_landform,B_unknown_0_LF_3030201,unknown / basin 0 / 後背低地・湿地,all_land_use,Jo->Ya,2,new,0,1,0
watershed_x_landform,B_unknown_0_LF_3030201,unknown / basin 0 / 後背低地・湿地,all_land_use,Ko->Na,4,continue,0,1,0
watershed_x_landform,B_unknown_0_LF_3030201,unknown / basin 0 / 後背低地・湿地,all_land_use,Ko->Na,4,drop,0,1,0
watershed_x_landform,B_unknown_0_LF_3030201,unknown / basin 0 / 後背低地・湿地,all_land_use,Ko->Na,4,new,1,1,1
watershed_x_landform,B_unknown_0_LF_3030201,unknown / basin 0 / 後背低地・湿地,all_land_use,Na->He,5,continue,1,1,1
watershed_x_landform,B_unknown_0_LF_3030201,unknown / basin 0 / 後背低地・湿地,all_land_use,Na->He,5,drop,0,1,0
watershed_x_landform,B_unknown_0_LF_3030201,unknown / basin 0 / 後背低地・湿地,all_land_use,Na->He,5,new,0,1,0
watershed_x_landform,B_unknown_0_LF_3030201,unknown / basin 0 / 後背低地・湿地,all_land_use,Pa->Jo,1,continue,0,1,0
watershed_x_landform,B_unknown_0_LF_3030201,unknown / basin 0 / 後背低地・湿地,all_land_use,Pa->Jo,1,drop,0,1,0
watershed_x_landform,B_unknown_0_LF_3030201,unknown / basin 0 / 後背低地・湿地,all_land_use,Pa->Jo,1,new,1,1,1
watershed_x_landform,B_unknown_0_LF_3050101,unknown / basin 0 / 砂州・砂丘,all_land_use,He->Me,6,continue,0,13,0
watershed_x_landform,B_unknown_0_LF_3050101,unknown / basin 0 / 砂州・砂丘,all_land_use,He->Me,6,drop,8,13,0.6153846153846154
watershed_x_landform,B_unknown_0_LF_3050101,unknown / basin 0 / 砂州・砂丘,all_land_use,He->Me,6,new,5,13,0.38461538461538464
watershed_x_landform,B_unknown_0_LF_3050101,unknown / basin 0 / 砂州・砂丘,all_land_use,Jo->Ya,2,continue,0,2,0
watershed_x_landform,B_unknown_0_LF_3050101,unknown / basin 0 / 砂州・砂丘,all_land_use,Jo->Ya,2,drop,1,2,0.5
watershed_x_landform,B_unknown_0_LF_3050101,unknown / basin 0 / 砂州・砂丘,all_land_use,Jo->Ya,2,new,1,2,0.5
watershed_x_landform,B_unknown_0_LF_3050101,unknown / basin 0 / 砂州・砂丘,all_land_use,Ko->Na,4,continue,1,13,0.07692307692307693
watershed_x_landform,B_unknown_0_LF_3050101,unknown / basin 0 / 砂州・砂丘,all_land_use,Ko->Na,4,drop,5,13,0.38461538461538464
watershed_x_landform,B_unknown_0_LF_3050101,unknown / basin 0 / 砂州・砂丘,all_land_use,Ko->Na,4,new,7,13,0.5384615384615384
watershed_x_landform,B_unknown_0_LF_3050101,unknown / basin 0 / 砂州・砂丘,all_land_use,Na->He,5,continue,6,10,0.6
watershed_x_landform,B_unknown_0_LF_3050101,unknown / basin 0 / 砂州・砂丘,all_land_use,Na->He,5,drop,2,10,0.2
watershed_x_landform,B_unknown_0_LF_3050101,unknown / basin 0 / 砂州・砂丘,all_land_use,Na->He,5,new,2,10,0.2
watershed_x_landform,B_unknown_0_LF_3050101,unknown / basin 0 / 砂州・砂丘,all_land_use,Pa->Jo,1,continue,0,1,0
watershed_x_landform,B_unknown_0_LF_3050101,unknown / basin 0 / 砂州・砂丘,all_land_use,Pa->Jo,1,drop,0,1,0
watershed_x_landform,B_unknown_0_LF_3050101,unknown / basin 0 / 砂州・砂丘,all_land_use,Pa->Jo,1,new,1,1,1
watershed_x_landform,B_unknown_0_LF_3050101,unknown / basin 0 / 砂州・砂丘,all_land_use,Ya->Ko,3,continue,0,7,0
watershed_x_landform,B_unknown_0_LF_3050101,unknown / basin 0 / 砂州・砂丘,all_land_use,Ya->Ko,3,drop,1,7,0.14285714285714285
watershed_x_landform,B_unknown_0_LF_3050101,unknown / basin 0 / 砂州・砂丘,all_land_use,Ya->Ko,3,new,6,7,0.8571428571428571
watersystem,WS_120000,120000 / 名称不明,all_land_use,He->Me,6,continue,0,1,0
watersystem,WS_120000,120000 / 名称不明,all_land_use,He->Me,6,drop,1,1,1
watersystem,WS_120000,120000 / 名称不明,all_land_use,He->Me,6,new,0,1,0
watersystem,WS_120000,120000 / 名称不明,all_land_use,Jo->Ya,2,continue,0,1,0
watersystem,WS_120000,120000 / 名称不明,all_land_use,Jo->Ya,2,drop,1,1,1
watersystem,WS_120000,120000 / 名称不明,all_land_use,Jo->Ya,2,new,0,1,0
watersystem,WS_120000,120000 / 名称不明,all_land_use,Ko->Na,4,continue,0,1,0
watersystem,WS_120000,120000 / 名称不明,all_land_use,Ko->Na,4,drop,0,1,0
watersystem,WS_120000,120000 / 名称不明,all_land_use,Ko->Na,4,new,1,1,1
watersystem,WS_120000,120000 / 名称不明,all_land_use,Na->He,5,continue,1,1,1
watersystem,WS_120000,120000 / 名称不明,all_land_use,Na->He,5,drop,0,1,0
watersystem,WS_120000,120000 / 名称不明,all_land_use,Na->He,5,new,0,1,0
watersystem,WS_120000,120000 / 名称不明,all_land_use,Pa->Jo,1,continue,0,1,0
watersystem,WS_120000,120000 / 名称不明,all_land_use,Pa->Jo,1,drop,0,1,0
watersystem,WS_120000,120000 / 名称不明,all_land_use,Pa->Jo,1,new,1,1,1
watersystem,WS_130000,130000 / 名称不明,all_land_use,He->Me,6,continue,16,56,0.2857142857142857
watersystem,WS_130000,130000 / 名称不明,all_land_use,He->Me,6,drop,33,56,0.5892857142857143
watersystem,WS_130000,130000 / 名称不明,all_land_use,He->Me,6,new,7,56,0.125
watersystem,WS_130000,130000 / 名称不明,all_land_use,Jo->Ya,2,continue,45,136,0.33088235294117646
watersystem,WS_130000,130000 / 名称不明,all_land_use,Jo->Ya,2,drop,81,136,0.5955882352941176
watersystem,WS_130000,130000 / 名称不明,all_land_use,Jo->Ya,2,new,10,136,0.07352941176470588
watersystem,WS_130000,130000 / 名称不明,all_land_use,Ko->Na,4,continue,27,78,0.34615384615384615
watersystem,WS_130000,130000 / 名称不明,all_land_use,Ko->Na,4,drop,34,78,0.4358974358974359
watersystem,WS_130000,130000 / 名称不明,all_land_use,Ko->Na,4,new,17,78,0.21794871794871795
watersystem,WS_130000,130000 / 名称不明,all_land_use,Na->He,5,continue,41,52,0.7884615384615384
watersystem,WS_130000,130000 / 名称不明,all_land_use,Na->He,5,drop,3,52,0.057692307692307696
watersystem,WS_130000,130000 / 名称不明,all_land_use,Na->He,5,new,8,52,0.15384615384615385
watersystem,WS_130000,130000 / 名称不明,all_land_use,Pa->Jo,1,continue,21,127,0.16535433070866143
watersystem,WS_130000,130000 / 名称不明,all_land_use,Pa->Jo,1,drop,1,127,0.007874015748031496
watersystem,WS_130000,130000 / 名称不明,all_land_use,Pa->Jo,1,new,105,127,0.8267716535433071
watersystem,WS_130000,130000 / 名称不明,all_land_use,Ya->Ko,3,continue,27,89,0.30337078651685395
watersystem,WS_130000,130000 / 名称不明,all_land_use,Ya->Ko,3,drop,28,89,0.3146067415730337
watersystem,WS_130000,130000 / 名称不明,all_land_use,Ya->Ko,3,new,34,89,0.38202247191011235
watersystem,WS_140013,140013 / 境川,all_land_use,He->Me,6,continue,38,204,0.18627450980392157
watersystem,WS_140013,140013 / 境川,all_land_use,He->Me,6,drop,159,204,0.7794117647058824
watersystem,WS_140013,140013 / 境川,all_land_use,He->Me,6,new,7,204,0.03431372549019608
watersystem,WS_140013,140013 / 境川,all_land_use,Jo->Ya,2,continue,24,207,0.11594202898550725
watersystem,WS_140013,140013 / 境川,all_land_use,Jo->Ya,2,drop,181,207,0.8743961352657005
watersystem,WS_140013,140013 / 境川,all_land_use,Jo->Ya,2,new,2,207,0.00966183574879227
watersystem,WS_140013,140013 / 境川,all_land_use,Ko->Na,4,continue,55,189,0.291005291005291
watersystem,WS_140013,140013 / 境川,all_land_use,Ko->Na,4,drop,13,189,0.06878306878306878
watersystem,WS_140013,140013 / 境川,all_land_use,Ko->Na,4,new,121,189,0.6402116402116402
watersystem,WS_140013,140013 / 境川,all_land_use,Na->He,5,continue,171,202,0.8465346534653465
watersystem,WS_140013,140013 / 境川,all_land_use,Na->He,5,drop,5,202,0.024752475247524754
watersystem,WS_140013,140013 / 境川,all_land_use,Na->He,5,new,26,202,0.12871287128712872
watersystem,WS_140013,140013 / 境川,all_land_use,Pa->Jo,1,continue,23,206,0.11165048543689321
watersystem,WS_140013,140013 / 境川,all_land_use,Pa->Jo,1,drop,1,206,0.0048543689320388345
watersystem,WS_140013,140013 / 境川,all_land_use,Pa->Jo,1,new,182,206,0.883495145631068
watersystem,WS_140013,140013 / 境川,all_land_use,Ya->Ko,3,continue,14,80,0.175
watersystem,WS_140013,140013 / 境川,all_land_use,Ya->Ko,3,drop,12,80,0.15
watersystem,WS_140013,140013 / 境川,all_land_use,Ya->Ko,3,new,54,80,0.675
watersystem,WS_830303,830303 / 利根川,all_land_use,He->Me,6,continue,15,32,0.46875
watersystem,WS_830303,830303 / 利根川,all_land_use,He->Me,6,drop,6,32,0.1875
watersystem,WS_830303,830303 / 利根川,all_land_use,He->Me,6,new,11,32,0.34375
watersystem,WS_830303,830303 / 利根川,all_land_use,Jo->Ya,2,continue,2,10,0.2
watersystem,WS_830303,830303 / 利根川,all_land_use,Jo->Ya,2,drop,2,10,0.2
watersystem,WS_830303,830303 / 利根川,all_land_use,Jo->Ya,2,new,6,10,0.6
watersystem,WS_830303,830303 / 利根川,all_land_use,Ko->Na,4,continue,17,42,0.40476190476190477
watersystem,WS_830303,830303 / 利根川,all_land_use,Ko->Na,4,drop,19,42,0.4523809523809524
watersystem,WS_830303,830303 / 利根川,all_land_use,Ko->Na,4,new,6,42,0.14285714285714285
watersystem,WS_830303,830303 / 利根川,all_land_use,Na->He,5,continue,21,23,0.9130434782608695
watersystem,WS_830303,830303 / 利根川,all_land_use,Na->He,5,drop,2,23,0.08695652173913043
watersystem,WS_830303,830303 / 利根川,all_land_use,Na->He,5,new,0,23,0
watersystem,WS_830303,830303 / 利根川,all_land_use,Pa->Jo,1,continue,0,4,0
watersystem,WS_830303,830303 / 利根川,all_land_use,Pa->Jo,1,drop,0,4,0
watersystem,WS_830303,830303 / 利根川,all_land_use,Pa->Jo,1,new,4,4,1
watersystem,WS_830303,830303 / 利根川,all_land_use,Ya->Ko,3,continue,5,39,0.1282051282051282
watersystem,WS_830303,830303 / 利根川,all_land_use,Ya->Ko,3,drop,3,39,0.07692307692307693
watersystem,WS_830303,830303 / 利根川,all_land_use,Ya->Ko,3,new,31,39,0.7948717948717948
watersystem,WS_830304,830304 / 荒川,all_land_use,He->Me,6,continue,101,458,0.2205240174672489
watersystem,WS_830304,830304 / 荒川,all_land_use,He->Me,6,drop,252,458,0.5502183406113537
watersystem,WS_830304,830304 / 荒川,all_land_use,He->Me,6,new,105,458,0.2292576419213974
watersystem,WS_830304,830304 / 荒川,all_land_use,Jo->Ya,2,continue,212,1042,0.2034548944337812
watersystem,WS_830304,830304 / 荒川,all_land_use,Jo->Ya,2,drop,790,1042,0.7581573896353166
watersystem,WS_830304,830304 / 荒川,all_land_use,Jo->Ya,2,new,40,1042,0.03838771593090211
watersystem,WS_830304,830304 / 荒川,all_land_use,Ko->Na,4,continue,151,429,0.351981351981352
watersystem,WS_830304,830304 / 荒川,all_land_use,Ko->Na,4,drop,189,429,0.4405594405594406
watersystem,WS_830304,830304 / 荒川,all_land_use,Ko->Na,4,new,89,429,0.20745920745920746
watersystem,WS_830304,830304 / 荒川,all_land_use,Na->He,5,continue,196,397,0.49370277078085645
watersystem,WS_830304,830304 / 荒川,all_land_use,Na->He,5,drop,44,397,0.11083123425692695
watersystem,WS_830304,830304 / 荒川,all_land_use,Na->He,5,new,157,397,0.3954659949622166
watersystem,WS_830304,830304 / 荒川,all_land_use,Pa->Jo,1,continue,252,1029,0.24489795918367346
watersystem,WS_830304,830304 / 荒川,all_land_use,Pa->Jo,1,drop,27,1029,0.026239067055393587
watersystem,WS_830304,830304 / 荒川,all_land_use,Pa->Jo,1,new,750,1029,0.7288629737609329
watersystem,WS_830304,830304 / 荒川,all_land_use,Ya->Ko,3,continue,155,437,0.35469107551487417
watersystem,WS_830304,830304 / 荒川,all_land_use,Ya->Ko,3,drop,97,437,0.2219679633867277
watersystem,WS_830304,830304 / 荒川,all_land_use,Ya->Ko,3,new,185,437,0.4233409610983982
watersystem,WS_830305,830305 / 多摩川,all_land_use,He->Me,6,continue,335,1372,0.24416909620991253
watersystem,WS_830305,830305 / 多摩川,all_land_use,He->Me,6,drop,812,1372,0.5918367346938775
watersystem,WS_830305,830305 / 多摩川,all_land_use,He->Me,6,new,225,1372,0.16399416909620992
watersystem,WS_830305,830305 / 多摩川,all_land_use,Jo->Ya,2,continue,156,1756,0.0888382687927107
watersystem,WS_830305,830305 / 多摩川,all_land_use,Jo->Ya,2,drop,1583,1756,0.9014806378132119
watersystem,WS_830305,830305 / 多摩川,all_land_use,Jo->Ya,2,new,17,1756,0.00968109339407745
watersystem,WS_830305,830305 / 多摩川,all_land_use,Ko->Na,4,continue,274,1433,0.19120725750174458
watersystem,WS_830305,830305 / 多摩川,all_land_use,Ko->Na,4,drop,613,1433,0.4277739009071877
watersystem,WS_830305,830305 / 多摩川,all_land_use,Ko->Na,4,new,546,1433,0.3810188415910677
watersystem,WS_830305,830305 / 多摩川,all_land_use,Na->He,5,continue,714,1253,0.5698324022346368
watersystem,WS_830305,830305 / 多摩川,all_land_use,Na->He,5,drop,106,1253,0.08459696727853153
watersystem,WS_830305,830305 / 多摩川,all_land_use,Na->He,5,new,433,1253,0.3455706304868316
watersystem,WS_830305,830305 / 多摩川,all_land_use,Pa->Jo,1,continue,278,1758,0.15813424345847554
watersystem,WS_830305,830305 / 多摩川,all_land_use,Pa->Jo,1,drop,19,1758,0.01080773606370876
watersystem,WS_830305,830305 / 多摩川,all_land_use,Pa->Jo,1,new,1461,1758,0.8310580204778157
watersystem,WS_830305,830305 / 多摩川,all_land_use,Ya->Ko,3,continue,106,954,0.1111111111111111
watersystem,WS_830305,830305 / 多摩川,all_land_use,Ya->Ko,3,drop,67,954,0.07023060796645703
watersystem,WS_830305,830305 / 多摩川,all_land_use,Ya->Ko,3,new,781,954,0.8186582809224319
watersystem,WS_830306,830306 / 鶴見川,all_land_use,He->Me,6,continue,56,398,0.1407035175879397
watersystem,WS_830306,830306 / 鶴見川,all_land_use,He->Me,6,drop,308,398,0.7738693467336684
watersystem,WS_830306,830306 / 鶴見川,all_land_use,He->Me,6,new,34,398,0.08542713567839195
watersystem,WS_830306,830306 / 鶴見川,all_land_use,Jo->Ya,2,continue,70,544,0.12867647058823528
watersystem,WS_830306,830306 / 鶴見川,all_land_use,Jo->Ya,2,drop,469,544,0.8621323529411765
watersystem,WS_830306,830306 / 鶴見川,all_land_use,Jo->Ya,2,new,5,544,0.009191176470588236
watersystem,WS_830306,830306 / 鶴見川,all_land_use,Ko->Na,4,continue,73,361,0.20221606648199447
watersystem,WS_830306,830306 / 鶴見川,all_land_use,Ko->Na,4,drop,34,361,0.09418282548476455
watersystem,WS_830306,830306 / 鶴見川,all_land_use,Ko->Na,4,new,254,361,0.703601108033241
watersystem,WS_830306,830306 / 鶴見川,all_land_use,Na->He,5,continue,314,377,0.8328912466843501
watersystem,WS_830306,830306 / 鶴見川,all_land_use,Na->He,5,drop,13,377,0.034482758620689655
watersystem,WS_830306,830306 / 鶴見川,all_land_use,Na->He,5,new,50,377,0.13262599469496023
watersystem,WS_830306,830306 / 鶴見川,all_land_use,Pa->Jo,1,continue,27,545,0.04954128440366973
watersystem,WS_830306,830306 / 鶴見川,all_land_use,Pa->Jo,1,drop,6,545,0.011009174311926606
watersystem,WS_830306,830306 / 鶴見川,all_land_use,Pa->Jo,1,new,512,545,0.9394495412844037
watersystem,WS_830306,830306 / 鶴見川,all_land_use,Ya->Ko,3,continue,32,150,0.21333333333333335
watersystem,WS_830306,830306 / 鶴見川,all_land_use,Ya->Ko,3,drop,43,150,0.2866666666666667
watersystem,WS_830306,830306 / 鶴見川,all_land_use,Ya->Ko,3,new,75,150,0.5
watersystem,WS_unknown,unknown / unknown,all_land_use,He->Me,6,continue,10,105,0.09523809523809523
watersystem,WS_unknown,unknown / unknown,all_land_use,He->Me,6,drop,32,105,0.3047619047619048
watersystem,WS_unknown,unknown / unknown,all_land_use,He->Me,6,new,63,105,0.6
watersystem,WS_unknown,unknown / unknown,all_land_use,Jo->Ya,2,continue,40,248,0.16129032258064516
watersystem,WS_unknown,unknown / unknown,all_land_use,Jo->Ya,2,drop,190,248,0.7661290322580645
watersystem,WS_unknown,unknown / unknown,all_land_use,Jo->Ya,2,new,18,248,0.07258064516129033
watersystem,WS_unknown,unknown / unknown,all_land_use,Ko->Na,4,continue,54,158,0.34177215189873417
watersystem,WS_unknown,unknown / unknown,all_land_use,Ko->Na,4,drop,84,158,0.5316455696202531
watersystem,WS_unknown,unknown / unknown,all_land_use,Ko->Na,4,new,20,158,0.12658227848101267
watersystem,WS_unknown,unknown / unknown,all_land_use,Na->He,5,continue,27,89,0.30337078651685395
watersystem,WS_unknown,unknown / unknown,all_land_use,Na->He,5,drop,47,89,0.5280898876404494
watersystem,WS_unknown,unknown / unknown,all_land_use,Na->He,5,new,15,89,0.16853932584269662
watersystem,WS_unknown,unknown / unknown,all_land_use,Pa->Jo,1,continue,33,236,0.13983050847457626
watersystem,WS_unknown,unknown / unknown,all_land_use,Pa->Jo,1,drop,6,236,0.025423728813559324
watersystem,WS_unknown,unknown / unknown,all_land_use,Pa->Jo,1,new,197,236,0.8347457627118644
watersystem,WS_unknown,unknown / unknown,all_land_use,Ya->Ko,3,continue,19,177,0.10734463276836158
watersystem,WS_unknown,unknown / unknown,all_land_use,Ya->Ko,3,drop,39,177,0.22033898305084745
watersystem,WS_unknown,unknown / unknown,all_land_use,Ya->Ko,3,new,119,177,0.672316384180791
