uid,FeatureID,lid,lnm,t,SiteLabel,SiteNo,Address,SiteType,LandCategory,Topography,SiteSize,Chronology,PrefectureSiteNo,ProxyLon,ProxyLat,ProxySource,center_x,center_y,distance,DetailMatched,DetailAttributeCount,Detail_uid,Detail_lid,Detail_lnm,Detail_gmt,Detail_x,Detail_y,Detail_t,Ward,■遺跡番号,カテゴリ,備考,写真・動画一覧,地目,所在,所在地,時代時期,県管理番号,種類,立地,規模,RetryMethod,RetryQueryLon,RetryQueryLat
1524-1430,1524,1430,埋蔵文化財包蔵地,中区NO.1,中区NO.1,中区NO.1,日ノ出町一丁目83付近,古墳,宅地,斜面,,古墳,1,139.629286805,35.4410579,JsonThemeAroundPoint:x/y,139.629277167551,35.4410366423651,1027.0442475332,1,12,1524-1430,0,埋蔵文化財包蔵地,5,139.629286805,35.4410579,中区NO.1,中区,中区NO.1,埋蔵文化財包蔵地,,[],宅地,中区,日ノ出町一丁目83付近,古墳,1,古墳,斜面,,,,
439-1430,439,1430,埋蔵文化財包蔵地,中区NO.10,中区NO.10,中区NO.10,滝之上100付近,散布地,学校,台地上,,縄文(早期),10,139.645824685,35.418880145,JsonThemeAroundPoint:x/y,139.645824667706,35.4188878096257,3233.85995064546,1,12,439-1430,0,埋蔵文化財包蔵地,5,139.645824685,35.418880145,中区NO.10,中区,中区NO.10,埋蔵文化財包蔵地,,[],学校,中区,滝之上100付近,縄文(早期),10,散布地,台地上,,,,
1536-1430,1536,1430,埋蔵文化財包蔵地,中区NO.11,中区NO.11,中区NO.11,豆口台82付近,散布地,畑地・荒地,台地斜面,,(不明),11,139.649214225,35.41821187,JsonThemeAroundPoint:x/y,139.649270325054,35.4180904369057,3387.55992781483,1,12,1536-1430,0,埋蔵文化財包蔵地,5,139.649214225,35.41821187,中区NO.11,中区,中区NO.11,埋蔵文化財包蔵地,,[],畑地・荒地,中区,豆口台82付近,(不明),11,散布地,台地斜面,,,,
1537-1430,1537,1430,埋蔵文化財包蔵地,中区NO.12,中区NO.12,中区NO.12,本牧緑ヶ丘137付近,貝塚,学校・宅地,台地上・斜面,,縄文(前期),12,139.65528127,35.4201267,JsonThemeAroundPoint:x/y,139.655238226141,35.4200701726245,3404.685329201,1,12,1537-1430,0,埋蔵文化財包蔵地,5,139.65528127,35.4201267,中区NO.12,中区,中区NO.12,埋蔵文化財包蔵地,,[],学校・宅地,中区,本牧緑ヶ丘137付近,縄文(前期),12,貝塚,台地上・斜面,,,,
2357-1430,2357,1430,埋蔵文化財包蔵地,中区NO.13,中区NO.13,中区NO.13,本牧荒井61付近,やぐら,道路,崖,,鎌倉(後期),14,139.656987705,35.418559775,JsonThemeAroundPoint:x/y,139.656989791414,35.4185563398761,3631.4411061527,1,12,2357-1430,0,埋蔵文化財包蔵地,5,139.656987705,35.418559775,中区NO.13,中区,中区NO.13,埋蔵文化財包蔵地,,[],道路,中区,本牧荒井61付近,鎌倉(後期),14,やぐら,崖,,,,
1538-1430,1538,1430,埋蔵文化財包蔵地,中区NO.14,中区NO.14,中区NO.14,和田山1付近,散布地,宅地,台地上,,縄文(前期),13,139.65991268,35.422270235,JsonThemeAroundPoint:x/y,139.659855969524,35.4223119623401,3423.78716533447,1,12,1538-1430,0,埋蔵文化財包蔵地,5,139.65991268,35.422270235,中区NO.14,中区,中区NO.14,埋蔵文化財包蔵地,,[],宅地,中区,和田山1付近,縄文(前期),13,散布地,台地上,,,,
2359-1430,2359,1430,埋蔵文化財包蔵地,中区NO.16,中区NO.16,中区NO.16,本牧町二丁目549付近,横穴墓,崖面,崖,5基以上,古墳,17,139.663553465,35.424170685,JsonThemeAroundPoint:x/y,139.663549115211,35.4241671730582,3468.24411604459,1,12,2359-1430,0,埋蔵文化財包蔵地,5,139.663553465,35.424170685,中区NO.16,中区,中区NO.16,埋蔵文化財包蔵地,,[],崖面,中区,本牧町二丁目549付近,古墳,17,横穴墓,崖,5基以上,,,
1541-1430,1541,1430,埋蔵文化財包蔵地,中区NO.17,中区NO.17,中区NO.17,本牧元町447付近,散布地,公園,台地上・斜面,120×70,縄文,16,139.667725595,35.41164016,JsonThemeAroundPoint:x/y,139.667676096447,35.4116743705232,4798.35551083107,1,12,1541-1430,0,埋蔵文化財包蔵地,5,139.667725595,35.41164016,中区NO.17,中区,中区NO.17,埋蔵文化財包蔵地,,[],公園,中区,本牧元町447付近,縄文,16,散布地,台地上・斜面,120×70,,,
1529-1430,1529,1430,埋蔵文化財包蔵地,中区NO.19,中区NO.19,中区NO.19,山手町120,散布地・近代建物跡,宅地,台地上,55×52,縄文・近世・近代,19,139.65884887,35.43438298,JsonThemeAroundPoint:x/y,139.658868692177,35.4344206243743,2384.79346935182,1,12,1529-1430,0,埋蔵文化財包蔵地,5,139.65884887,35.43438298,中区NO.19,中区,中区NO.19,埋蔵文化財包蔵地,,[],宅地,中区,山手町120,縄文・近世・近代,19,散布地・近代建物跡,台地上,55×52,,,
1526-1430,1526,1430,埋蔵文化財包蔵地,中区NO.2,中区NO.2,中区NO.2,山手町97付近,貝塚,荒地・崖,台地上・斜面,100×60,縄文(中期),2,139.65487863,35.43796518,JsonThemeAroundPoint:x/y,139.654884631404,35.4378856457428,1861.07571815677,1,12,1526-1430,0,埋蔵文化財包蔵地,5,139.65487863,35.43796518,中区NO.2,中区,中区NO.2,埋蔵文化財包蔵地,,[],荒地・崖,中区,山手町97付近,縄文(中期),2,貝塚,台地上・斜面,100×60,,,
1527-1430,1527,1430,埋蔵文化財包蔵地,中区NO.20,中区NO.20,中区NO.20,山手町99,散布地・近代建物跡,宅地,台地上,60×50,縄文・古墳・近代,20,139.656289442501,35.4366332549724,JsonThemeAroundPoint:x/y,139.656138718314,35.4366081540532,2050.14955349765,1,12,1527-1430,0,埋蔵文化財包蔵地,5,139.656289442501,35.4366332549724,中区NO.20,中区,中区NO.20,埋蔵文化財包蔵地,,[],宅地,中区,山手町99,縄文・古墳・近代,20,散布地・近代建物跡,台地上,60×50,,,
1525-1430,1525,1430,埋蔵文化財包蔵地,中区NO.21,中区NO.21,中区NO.21,山手町48・53・55番地、49番地の一部,都市遺跡・近代建物跡,宅地,砂州上,220×110,近代・近世,21,139.649274435,35.442206675,JsonThemeAroundPoint:x/y,139.649133873968,35.4421324946213,1182.58722660848,1,12,1525-1430,0,埋蔵文化財包蔵地,5,139.649274435,35.442206675,中区NO.21,中区,中区NO.21,埋蔵文化財包蔵地,,[],宅地,中区,山手町48・53・55番地、49番地の一部,近代・近世,21,都市遺跡・近代建物跡,砂州上,220×110,,,
2358-1430,2358,1430,埋蔵文化財包蔵地,中区NO.22,中区NO.22,中区NO.22,本牧荒井62他,横穴墓,雑木林,斜面地,,古墳,22,139.657800475,35.418675435,JsonThemeAroundPoint:x/y,139.657803334812,35.4186754422987,3656.19862193649,1,12,2358-1430,0,埋蔵文化財包蔵地,5,139.657800475,35.418675435,中区NO.22,中区,中区NO.22,埋蔵文化財包蔵地,,[],雑木林,中区,本牧荒井62他,古墳,22,横穴墓,斜面地,,,,
2421-1430,2421,1430,埋蔵文化財包蔵地,中区NO.23,中区NO.23,中区NO.23,中区花咲町三丁目36,工場（ガス製造所）跡,学校,砂州上,120×90,近代（明治初期～大正末期）,C-2,139.631801435,35.44736417,JsonThemeAroundPoint:x/y,139.631627991376,35.4474285916676,539.59530887852,1,12,2421-1430,0,埋蔵文化財包蔵地,5,139.631801435,35.44736417,中区NO.23,中区,中区NO.23,埋蔵文化財包蔵地,,[],学校,中区,中区花咲町三丁目36,近代（明治初期～大正末期）,C-2,工場（ガス製造所）跡,砂州上,120×90,,,
2410-1430,2410,1430,埋蔵文化財包蔵地,中区NO.24,中区NO.24,中区NO.24,中区新港町一丁目,港湾施設(税関事務所)跡,公園,砂州上,50×50,近代(大正期),24,139.64644368,35.450220885,JsonThemeAroundPoint:x/y,139.646368318079,35.4501625772591,856.557436910946,1,12,2410-1430,0,埋蔵文化財包蔵地,5,139.64644368,35.450220885,中区NO.24,中区,中区NO.24,埋蔵文化財包蔵地,,[],公園,中区,中区新港町一丁目,近代(大正期),24,港湾施設(税関事務所)跡,砂州上,50×50,,,
2411-1430,2411,1430,埋蔵文化財包蔵地,中区NO.25,中区NO.25,中区NO.25,中区海岸通一丁目1他,港湾施設(税関施設・防波堤)跡,公園,砂州上,300×250,近代(明治中期～大正末期),25,139.64732554,35.446084575,JsonThemeAroundPoint:x/y,139.647294321143,35.4464074667535,876.383091868057,1,12,2411-1430,0,埋蔵文化財包蔵地,5,139.64732554,35.446084575,中区NO.25,中区,中区NO.25,埋蔵文化財包蔵地,,[],公園,中区,中区海岸通一丁目1他,近代(明治中期～大正末期),25,港湾施設(税関施設・防波堤)跡,砂州上,300×250,center_N5,139.647294321143,35.4464523823122
2412-1430,2412,1430,埋蔵文化財包蔵地,中区NO.26,中区NO.26,中区NO.26,中区山下町279,港湾施設(波止場)跡,公園,砂州上,130×40,近世・近代(幕末期～大正末期),26,139.653588395,35.441830005,JsonThemeAroundPoint:x/y,139.653691008019,35.4419373687287,1554.39196824383,1,12,2412-1430,0,埋蔵文化財包蔵地,5,139.653588395,35.441830005,中区NO.26,中区,中区NO.26,埋蔵文化財包蔵地,,[],公園,中区,中区山下町279,近世・近代(幕末期～大正末期),26,港湾施設(波止場)跡,砂州上,130×40,,,
2413-1430,2413,1430,埋蔵文化財包蔵地,中区NO.27,中区NO.27,中区NO.27,中区山手町186,外国公邸跡,公園,台地上,50x5020x50,近代(明治中期～大正末期),27,139.65665085,35.437847835,JsonThemeAroundPoint:x/y,139.656682483271,35.4379875404639,2003.73371723788,1,12,2413-1430,0,埋蔵文化財包蔵地,5,139.65665085,35.437847835,中区NO.27,中区,中区NO.27,埋蔵文化財包蔵地,,[],公園,中区,中区山手町186,近代(明治中期～大正末期),27,外国公邸跡,台地上,50x5020x50,,,
2414-1430,2414,1430,埋蔵文化財包蔵地,中区NO.28,中区NO.28,中区NO.28,中区元町一丁目77-4他1,工場(船舶給水関連施設)跡,公園,台地上,150×80,近代(明治期),28,139.65425446,35.43604604,JsonThemeAroundPoint:x/y,139.654156336745,35.43594055496,1943.00385114333,1,12,2414-1430,0,埋蔵文化財包蔵地,5,139.65425446,35.43604604,中区NO.28,中区,中区NO.28,埋蔵文化財包蔵地,,[],公園,中区,中区元町一丁目77-4他1,近代(明治期),28,工場(船舶給水関連施設)跡,台地上,150×80,,,
1528-1430,1528,1430,埋蔵文化財包蔵地,中区NO.3,中区NO.3,中区NO.3,山手町77付近,貝塚,墓地・公園,台地上・斜面,200×120,縄文(中・後期),3,139.65468381,35.43474741,JsonThemeAroundPoint:x/y,139.654593090051,35.4347724520194,2066.98425549381,1,12,1528-1430,0,埋蔵文化財包蔵地,5,139.65468381,35.43474741,中区NO.3,中区,中区NO.3,埋蔵文化財包蔵地,,[],墓地・公園,中区,山手町77付近,縄文(中・後期),3,貝塚,台地上・斜面,200×120,,,
2416-1430,2416,1430,埋蔵文化財包蔵地,中区NO.30,中区NO.30,中区NO.30,中区諏訪町29,工場(醸造関連利水施設)跡,学校,台地上,130×60,近代(明治期～大正末期),30,139.65692889,35.432907975,JsonThemeAroundPoint:x/y,139.656833268125,35.43281237265,2355.17934984632,1,12,2416-1430,0,埋蔵文化財包蔵地,5,139.65692889,35.432907975,中区NO.30,中区,中区NO.30,埋蔵文化財包蔵地,,[],学校,中区,中区諏訪町29,近代(明治期～大正末期),30,工場(醸造関連利水施設)跡,台地上,130×60,,,
1532-1430,1532,1430,埋蔵文化財包蔵地,中区NO.31,中区NO.31,中区NO.31,北仲通一丁目,都市遺跡,県庁敷地,砂州上,,近世・近代,31,139.64496395,35.44474606,JsonThemeAroundPoint:x/y,139.644964364919,35.4447459184277,708.14788587049,1,12,1532-1430,0,埋蔵文化財包蔵地,5,139.64496395,35.44474606,中区NO.31,中区,中区NO.31,埋蔵文化財包蔵地,,[],県庁敷地,中区,北仲通一丁目,近世・近代,31,都市遺跡,砂州上,,,,
1530-1430,1530,1430,埋蔵文化財包蔵地,中区NO.32,中区NO.32,中区NO.32,本町六丁目61番1外,近代建物跡,宅地,埋立低地,100×140,近代,32,139.637419365,35.44738061,JsonThemeAroundPoint:x/y,139.637431989222,35.4471642038014,36.4646282373457,1,12,1530-1430,0,埋蔵文化財包蔵地,5,139.637419365,35.44738061,中区NO.32,中区,中区NO.32,埋蔵文化財包蔵地,,[],宅地,中区,本町六丁目61番1外,近代,32,近代建物跡,埋立低地,100×140,,,
1531-1430,1531,1430,埋蔵文化財包蔵地,中区NO.33,中区NO.33,中区NO.33,新港一丁目6-2付近,港湾施設,第一港湾合同庁舎・横浜税関新港分関敷地・駐車場・荒,埋立地(明治),210×80,近代(明治・大正),33,139.64388544,35.44854049,JsonThemeAroundPoint:x/y,139.643869549587,35.4485962609461,575.620661539056,1,12,1531-1430,0,埋蔵文化財包蔵地,5,139.64388544,35.44854049,中区NO.33,中区,中区NO.33,埋蔵文化財包蔵地,,[],第一港湾合同庁舎・横浜税関新港分関敷地・駐車場・荒,中区,新港一丁目6-2付近,近代(明治・大正),33,港湾施設,埋立地(明治),210×80,,,
2423-1430,2423,1430,埋蔵文化財包蔵地,中区NO.34,中区NO.34,中区NO.34,横浜市中区港町1丁目1番地（住居表示）付近,都市遺跡,,その他（埋立地）,,その他（近代）,34,139.640984441518,35.4406454377129,JsonThemeAroundPoint:x/y,139.640873477038,35.4406007258534,785.410691875098,1,12,2423-1430,0,埋蔵文化財包蔵地,5,139.640984441518,35.4406454377129,中区NO.34,中区,中区NO.34,埋蔵文化財包蔵地,,[],,中区,横浜市中区港町1丁目1番地（住居表示）付近,その他（近代）,34,都市遺跡,その他（埋立地）,,,,
1534-1430,1534,1430,埋蔵文化財包蔵地,中区NO.4,中区NO.4,中区NO.4,大芝台42付近,散布地,墓地・山林,台地上,,(不明),4,139.633434585,35.423149365,JsonThemeAroundPoint:x/y,139.633410586466,35.4232757028193,2703.549938097,1,12,1534-1430,0,埋蔵文化財包蔵地,5,139.633434585,35.423149365,中区NO.4,中区,中区NO.4,埋蔵文化財包蔵地,,[],墓地・山林,中区,大芝台42付近,(不明),4,散布地,台地上,,,,
1533-1430,1533,1430,埋蔵文化財包蔵地,中区NO.5,中区NO.5,中区NO.5,塚越92付近,散布地,山林・宅地,台地上,,縄文(早期),5,139.632102755,35.42196467,JsonThemeAroundPoint:x/y,139.632031574481,35.4218886932731,2853.18736494367,1,12,1533-1430,0,埋蔵文化財包蔵地,5,139.632102755,35.42196467,中区NO.5,中区,中区NO.5,埋蔵文化財包蔵地,,[],山林・宅地,中区,塚越92付近,縄文(早期),5,散布地,台地上,,,,
1535-1430,1535,1430,埋蔵文化財包蔵地,中区NO.6,中区NO.6,中区NO.6,塚越35付近,散布地,宅地・山林,台地上・斜面,,縄文(前期),7,139.632245685,35.420247265,JsonThemeAroundPoint:x/y,139.632156384845,35.4202078069909,3039.17918385786,1,12,1535-1430,0,埋蔵文化財包蔵地,5,139.632245685,35.420247265,中区NO.6,中区,中区NO.6,埋蔵文化財包蔵地,,[],宅地・山林,中区,塚越35付近,縄文(前期),7,散布地,台地上・斜面,,,,
436-1430,436,1430,埋蔵文化財包蔵地,中区NO.7,中区NO.7,中区NO.7,塚越5付近,散布地・貝塚,宅地,台地上・斜面,,縄文(前期),6,139.635316385,35.421298545,JsonThemeAroundPoint:x/y,139.635316364841,35.4213062128782,2889.4255050434,1,12,436-1430,0,埋蔵文化財包蔵地,5,139.635316385,35.421298545,中区NO.7,中区,中区NO.7,埋蔵文化財包蔵地,,[],宅地,中区,塚越5付近,縄文(前期),6,散布地・貝塚,台地上・斜面,,,,
437-1430,437,1430,埋蔵文化財包蔵地,中区NO.8,中区NO.8,中区NO.8,寺久保町89付近,貝塚,宅地,台地上・斜面,,縄文(後期),8,139.634549455,35.417743805,JsonThemeAroundPoint:x/y,139.634549435756,35.4177514673762,3289.25960522891,1,12,437-1430,0,埋蔵文化財包蔵地,5,139.634549455,35.417743805,中区NO.8,中区,中区NO.8,埋蔵文化財包蔵地,,[],宅地,中区,寺久保町89付近,縄文(後期),8,貝塚,台地上・斜面,,,,
438-1430,438,1430,埋蔵文化財包蔵地,中区NO.9,中区NO.9,中区NO.9,仲尾台60付近,散布地,宅地,台地斜面,,(不明),9,139.64492787,35.42005006,JsonThemeAroundPoint:x/y,139.644927850189,35.4200577261711,3089.10009977232,1,12,438-1430,0,埋蔵文化財包蔵地,5,139.64492787,35.42005006,中区NO.9,中区,中区NO.9,埋蔵文化財包蔵地,,[],宅地,中区,仲尾台60付近,(不明),9,散布地,台地斜面,,,,
1540-1430,1540,1430,埋蔵文化財包蔵地,中区NO.C-12,中区NO.C-12,中区NO.C-12,本牧三之谷58-1((公財)三溪園保勝会),名勝,,,,,,139.662183425,35.41345977,JsonThemeAroundPoint:x/y,139.662578210463,35.4135719582928,4357.45653386844,1,12,1540-1430,0,埋蔵文化財包蔵地,5,139.662183425,35.41345977,中区NO.C-12,中区,中区NO.C-12,埋蔵文化財包蔵地,,[],,中区,本牧三之谷58-1((公財)三溪園保勝会),,,名勝,,,,,
2052-1430,2052,1430,埋蔵文化財包蔵地,保土ヶ谷区NO.1,保土ヶ谷区NO.1,保土ヶ谷区NO.1,上菅田町1741付近,散布地,畑地,台地上・斜面,,縄文(中・後期)・弥生(後期),1,139.556298975,35.492634235,JsonThemeAroundPoint:x/y,139.556617133088,35.492539203958,8946.5650330118,1,12,2052-1430,0,埋蔵文化財包蔵地,5,139.556298975,35.492634235,保土ヶ谷区NO.1,保土ヶ谷区,保土ヶ谷区NO.1,埋蔵文化財包蔵地,,[],畑地,保土ヶ谷区,上菅田町1741付近,縄文(中・後期)・弥生(後期),1,散布地,台地上・斜面,,,,
2061-1430,2061,1430,埋蔵文化財包蔵地,保土ヶ谷区NO.10,保土ヶ谷区NO.10,保土ヶ谷区NO.10,峰沢町90付近,散布地,畑地,台地上・斜面,,縄文(前・中・後期)・古墳,26,139.601881565,35.47808247,JsonThemeAroundPoint:x/y,139.602339541748,35.4778626410239,4730.056441259,1,12,2061-1430,0,埋蔵文化財包蔵地,5,139.601881565,35.47808247,保土ヶ谷区NO.10,保土ヶ谷区,保土ヶ谷区NO.10,埋蔵文化財包蔵地,,[],畑地,保土ヶ谷区,峰沢町90付近,縄文(前・中・後期)・古墳,26,散布地,台地上・斜面,,center,139.602339541748,35.4778626410239
2062-1430,2062,1430,埋蔵文化財包蔵地,保土ヶ谷区NO.11,保土ヶ谷区NO.11,保土ヶ谷区NO.11,西谷町1250付近,散布地,畑地,台地斜面,150×100,縄文(中・後期),82,139.56544076,35.476270905,JsonThemeAroundPoint:x/y,139.565494234167,35.4762572772688,7308.00285955054,1,12,2062-1430,0,埋蔵文化財包蔵地,5,139.56544076,35.476270905,保土ヶ谷区NO.11,保土ヶ谷区,保土ヶ谷区NO.11,埋蔵文化財包蔵地,,[],畑地,保土ヶ谷区,西谷町1250付近,縄文(中・後期),82,散布地,台地斜面,150×100,,,
2063-1430,2063,1430,埋蔵文化財包蔵地,保土ヶ谷区NO.12,保土ヶ谷区NO.12,保土ヶ谷区NO.12,西谷町1188付近,散布地,畑地・宅地,台地斜面,150×110,縄文(前期),10,139.56656049,35.47586199,JsonThemeAroundPoint:x/y,139.566508732704,35.4758104244867,7196.87415775301,1,12,2063-1430,0,埋蔵文化財包蔵地,5,139.56656049,35.47586199,保土ヶ谷区NO.12,保土ヶ谷区,保土ヶ谷区NO.12,埋蔵文化財包蔵地,,[],畑地・宅地,保土ヶ谷区,西谷町1188付近,縄文(前期),10,散布地,台地斜面,150×110,,,
2064-1430,2064,1430,埋蔵文化財包蔵地,保土ヶ谷区NO.13,保土ヶ谷区NO.13,保土ヶ谷区NO.13,西谷町1031付近,散布地,畑地,台地斜面,150×100,縄文(早・前・中期)・弥生(後期),9,139.567912005,35.476268675,JsonThemeAroundPoint:x/y,139.568091917026,35.4762851188196,7107.75147247893,1,12,2064-1430,0,埋蔵文化財包蔵地,5,139.567912005,35.476268675,保土ヶ谷区NO.13,保土ヶ谷区,保土ヶ谷区NO.13,埋蔵文化財包蔵地,,[],畑地,保土ヶ谷区,西谷町1031付近,縄文(早・前・中期)・弥生(後期),9,散布地,台地斜面,150×100,,,
2067-1430,2067,1430,埋蔵文化財包蔵地,保土ヶ谷区NO.14,保土ヶ谷区NO.14,保土ヶ谷区NO.14,東川島町35付近,散布地,宅地・畑地,台地上・斜面,,弥生,18,139.57788799,35.475200805,JsonThemeAroundPoint:x/y,139.577906820295,35.4752598863067,6256.09677457033,1,12,2067-1430,0,埋蔵文化財包蔵地,5,139.57788799,35.475200805,保土ヶ谷区NO.14,保土ヶ谷区,保土ヶ谷区NO.14,埋蔵文化財包蔵地,,[],宅地・畑地,保土ヶ谷区,東川島町35付近,弥生,18,散布地,台地上・斜面,,,,
2066-1430,2066,1430,埋蔵文化財包蔵地,保土ヶ谷区NO.15,保土ヶ谷区NO.15,保土ヶ谷区NO.15,西谷町937付近,塚,神社境内,台地上,,近世,17,139.572319065,35.475567865,JsonThemeAroundPoint:x/y,139.572319565739,35.4755678243864,6717.56354108152,1,12,2066-1430,0,埋蔵文化財包蔵地,5,139.572319065,35.475567865,保土ヶ谷区NO.15,保土ヶ谷区,保土ヶ谷区NO.15,埋蔵文化財包蔵地,,[],神社境内,保土ヶ谷区,西谷町937付近,近世,17,塚,台地上,,,,
2068-1430,2068,1430,埋蔵文化財包蔵地,保土ヶ谷区NO.16,保土ヶ谷区NO.16,保土ヶ谷区NO.16,上星川町565付近,散布地,宅地・畑地,台地上・斜面,,縄文(早・中期),19,139.581166915,35.47171711,JsonThemeAroundPoint:x/y,139.58136155828,35.4717795093823,5808.46464194477,1,12,2068-1430,0,埋蔵文化財包蔵地,5,139.581166915,35.47171711,保土ヶ谷区NO.16,保土ヶ谷区,保土ヶ谷区NO.16,埋蔵文化財包蔵地,,[],宅地・畑地,保土ヶ谷区,上星川町565付近,縄文(早・中期),19,散布地,台地上・斜面,,,,
2069-1430,2069,1430,埋蔵文化財包蔵地,保土ヶ谷区NO.17,保土ヶ谷区NO.17,保土ヶ谷区NO.17,川島町1197付近,散布地,畑地,台地上・斜面,200×100,縄文(後期)・弥生(後期),16,139.56965995,35.471065645,JsonThemeAroundPoint:x/y,139.569702561843,35.4709517584383,6717.96374976434,1,12,2069-1430,0,埋蔵文化財包蔵地,5,139.56965995,35.471065645,保土ヶ谷区NO.17,保土ヶ谷区,保土ヶ谷区NO.17,埋蔵文化財包蔵地,,[],畑地,保土ヶ谷区,川島町1197付近,縄文(後期)・弥生(後期),16,散布地,台地上・斜面,200×100,,,
2070-1430,2070,1430,埋蔵文化財包蔵地,保土ヶ谷区NO.18,保土ヶ谷区NO.18,保土ヶ谷区NO.18,川島町1208付近,散布地,畑地・学校,台地上,,縄文(中期),11,139.56643532,35.4709774,JsonThemeAroundPoint:x/y,139.566156821954,35.470934287047,6983.63160465958,1,12,2070-1430,0,埋蔵文化財包蔵地,5,139.56643532,35.4709774,保土ヶ谷区NO.18,保土ヶ谷区,保土ヶ谷区NO.18,埋蔵文化財包蔵地,,[],畑地・学校,保土ヶ谷区,川島町1208付近,縄文(中期),11,散布地,台地上,,,,
2071-1430,2071,1430,埋蔵文化財包蔵地,保土ヶ谷区NO.19,保土ヶ谷区NO.19,保土ヶ谷区NO.19,川島町1266付近,散布地,畑地,台地上,330×210,縄文(早・前・中期)・古墳,12,139.56571091,35.469155155,JsonThemeAroundPoint:x/y,139.565705897803,35.4690560819259,6970.83471672005,1,12,2071-1430,0,埋蔵文化財包蔵地,5,139.56571091,35.469155155,保土ヶ谷区NO.19,保土ヶ谷区,保土ヶ谷区NO.19,埋蔵文化財包蔵地,,[],畑地,保土ヶ谷区,川島町1266付近,縄文(早・前・中期)・古墳,12,散布地,台地上,330×210,,,
2053-1430,2053,1430,埋蔵文化財包蔵地,保土ヶ谷区NO.2,保土ヶ谷区NO.2,保土ヶ谷区NO.2,上菅田町1360付近,散布地・貝塚,畑地・雑木林,台地上・斜面,,縄文(早・前・中期)・弥生(後期)・古墳,2・3,139.568737545,35.49021776,JsonThemeAroundPoint:x/y,139.568449558781,35.4899022873069,7875.53580263753,1,12,2053-1430,0,埋蔵文化財包蔵地,5,139.568737545,35.49021776,保土ヶ谷区NO.2,保土ヶ谷区,保土ヶ谷区NO.2,埋蔵文化財包蔵地,,[],畑地・雑木林,保土ヶ谷区,上菅田町1360付近,縄文(早・前・中期)・弥生(後期)・古墳,2・3,散布地・貝塚,台地上・斜面,,,,
2072-1430,2072,1430,埋蔵文化財包蔵地,保土ヶ谷区NO.20,保土ヶ谷区NO.20,保土ヶ谷区NO.20,川島町1236付近,集落跡,宅地・畑地,台地上・斜面,400×150,先土器、縄文(草創・早・前・中・後期)・弥生(後期)・中～近世,15,139.5679087,35.468243895,JsonThemeAroundPoint:x/y,139.568388888843,35.4681564883378,6748.81030855248,1,12,2072-1430,0,埋蔵文化財包蔵地,5,139.5679087,35.468243895,保土ヶ谷区NO.20,保土ヶ谷区,保土ヶ谷区NO.20,埋蔵文化財包蔵地,,[],宅地・畑地,保土ヶ谷区,川島町1236付近,先土器、縄文(草創・早・前・中・後期)・弥生(後期)・中～近世,15,集落跡,台地上・斜面,400×150,,,
2073-1430,2073,1430,埋蔵文化財包蔵地,保土ヶ谷区NO.21,保土ヶ谷区NO.21,保土ヶ谷区NO.21,川島町1505付近,集落跡・包含地,宅地・畑地・駐車場,台地上,400×250,縄文(中・後期)・弥生(後期),13・14,139.564999595,35.465261055,JsonThemeAroundPoint:x/y,139.565370653075,35.4652827939566,6892.7221678491,1,12,2073-1430,0,埋蔵文化財包蔵地,5,139.564999595,35.465261055,保土ヶ谷区NO.21,保土ヶ谷区,保土ヶ谷区NO.21,埋蔵文化財包蔵地,,[],宅地・畑地・駐車場,保土ヶ谷区,川島町1505付近,縄文(中・後期)・弥生(後期),13・14,集落跡・包含地,台地上,400×250,,,
2074-1430,2074,1430,埋蔵文化財包蔵地,保土ヶ谷区NO.22,保土ヶ谷区NO.22,保土ヶ谷区NO.22,川島町762付近,散布地,畑地・宅地,台地上,270×140,縄文(中期)・弥生(後期)・古墳,34,139.575108245,35.46558669,JsonThemeAroundPoint:x/y,139.574991714337,35.4655136973562,6034.52922849737,1,12,2074-1430,0,埋蔵文化財包蔵地,5,139.575108245,35.46558669,保土ヶ谷区NO.22,保土ヶ谷区,保土ヶ谷区NO.22,埋蔵文化財包蔵地,,[],畑地・宅地,保土ヶ谷区,川島町762付近,縄文(中期)・弥生(後期)・古墳,34,散布地,台地上,270×140,center,139.574991714337,35.4655136973562
2075-1430,2075,1430,埋蔵文化財包蔵地,保土ヶ谷区NO.23,保土ヶ谷区NO.23,保土ヶ谷区NO.23,川島町540付近,散布地,宅地・畑地,台地斜面,150×130,縄文(前・中期),33,139.57821258,35.464249655,JsonThemeAroundPoint:x/y,139.578271609175,35.4642290156471,5719.60448380685,1,12,2075-1430,0,埋蔵文化財包蔵地,5,139.57821258,35.464249655,保土ヶ谷区NO.23,保土ヶ谷区,保土ヶ谷区NO.23,埋蔵文化財包蔵地,,[],宅地・畑地,保土ヶ谷区,川島町540付近,縄文(前・中期),33,散布地,台地斜面,150×130,,,
2076-1430,2076,1430,埋蔵文化財包蔵地,保土ヶ谷区NO.24,保土ヶ谷区NO.24,保土ヶ谷区NO.24,川島町584付近,散布地,宅地・畑地,台地斜面,110×70,縄文(前・中期)・弥生,35,139.57801438,35.462762465,JsonThemeAroundPoint:x/y,139.577957169688,35.4627845772089,5683.98438468469,1,12,2076-1430,0,埋蔵文化財包蔵地,5,139.57801438,35.462762465,保土ヶ谷区NO.24,保土ヶ谷区,保土ヶ谷区NO.24,埋蔵文化財包蔵地,,[],宅地・畑地,保土ヶ谷区,川島町584付近,縄文(前・中期)・弥生,35,散布地,台地斜面,110×70,,,
2077-1430,2077,1430,埋蔵文化財包蔵地,保土ヶ谷区NO.25,保土ヶ谷区NO.25,保土ヶ谷区NO.25,坂本町213・仏向町556付近,散布地,畑地・宅地,台地上・斜面,270×210,縄文(前・中期),36,139.581261505,35.460413215,JsonThemeAroundPoint:x/y,139.581279234537,35.4601644020041,5326.4609507175,1,12,2077-1430,0,埋蔵文化財包蔵地,5,139.581261505,35.460413215,保土ヶ谷区NO.25,保土ヶ谷区,保土ヶ谷区NO.25,埋蔵文化財包蔵地,,[],畑地・宅地,保土ヶ谷区,坂本町213・仏向町556付近,縄文(前・中期),36,散布地,台地上・斜面,270×210,center,139.581279234537,35.4601644020041
2078-1430,2078,1430,埋蔵文化財包蔵地,保土ヶ谷区NO.26,保土ヶ谷区NO.26,保土ヶ谷区NO.26,仏向町1688付近,集落跡,宅地・雑木林,台地上,180×100,弥生(後期)・古墳(後期)・奈良,83,139.57524181,35.457431465,JsonThemeAroundPoint:x/y,139.575410839833,35.4573672820578,5778.33741633714,1,12,2078-1430,0,埋蔵文化財包蔵地,5,139.57524181,35.457431465,保土ヶ谷区NO.26,保土ヶ谷区,保土ヶ谷区NO.26,埋蔵文化財包蔵地,,[],宅地・雑木林,保土ヶ谷区,仏向町1688付近,弥生(後期)・古墳(後期)・奈良,83,集落跡,台地上,180×100,,,
2079-1430,2079,1430,埋蔵文化財包蔵地,保土ヶ谷区NO.27,保土ヶ谷区NO.27,保土ヶ谷区NO.27,仏向町662付近,散布地,畑地・宅地,台地上・斜面,300×170,縄文(中・後期),37,139.579472375,35.45751738,JsonThemeAroundPoint:x/y,139.579124474123,35.4575011419366,5405.00616373334,1,12,2079-1430,0,埋蔵文化財包蔵地,5,139.579472375,35.45751738,保土ヶ谷区NO.27,保土ヶ谷区,保土ヶ谷区NO.27,埋蔵文化財包蔵地,,[],畑地・宅地,保土ヶ谷区,仏向町662付近,縄文(中・後期),37,散布地,台地上・斜面,300×170,,,
2080-1430,2080,1430,埋蔵文化財包蔵地,保土ヶ谷区NO.28,保土ヶ谷区NO.28,保土ヶ谷区NO.28,仏向町453付近,散布地,畑地・宅地,台地上,500×100,縄文(早・中・晩期)・弥生(後期)・古墳,38,139.58417459,35.45788745,JsonThemeAroundPoint:x/y,139.584278333475,35.4579164541146,4999.04540398085,1,12,2080-1430,0,埋蔵文化財包蔵地,5,139.58417459,35.45788745,保土ヶ谷区NO.28,保土ヶ谷区,保土ヶ谷区NO.28,埋蔵文化財包蔵地,,[],畑地・宅地,保土ヶ谷区,仏向町453付近,縄文(早・中・晩期)・弥生(後期)・古墳,38,散布地,台地上,500×100,,,
2081-1430,2081,1430,埋蔵文化財包蔵地,保土ヶ谷区NO.29,保土ヶ谷区NO.29,保土ヶ谷区NO.29,峰沢町306付近,散布地,畑地・雑木林・宅地,台地斜面,230×130,縄文(前・中期),23,139.597064445,35.474170685,JsonThemeAroundPoint:x/y,139.597020815327,35.4740023140314,4754.07773659066,1,12,2081-1430,0,埋蔵文化財包蔵地,5,139.597064445,35.474170685,保土ヶ谷区NO.29,保土ヶ谷区,保土ヶ谷区NO.29,埋蔵文化財包蔵地,,[],畑地・雑木林・宅地,保土ヶ谷区,峰沢町306付近,縄文(前・中期),23,散布地,台地斜面,230×130,,,
2057-1430,2057,1430,埋蔵文化財包蔵地,保土ヶ谷区NO.3,保土ヶ谷区NO.3,保土ヶ谷区NO.3,新井町117付近,散布地,畑地・宅地,台地上・斜面,300×260,縄文(早・前・中期)・弥生(後期),7,139.564373655,35.48485997,JsonThemeAroundPoint:x/y,139.564317848,35.4845764250928,7859.87731886278,1,12,2057-1430,0,埋蔵文化財包蔵地,5,139.564373655,35.48485997,保土ヶ谷区NO.3,保土ヶ谷区,保土ヶ谷区NO.3,埋蔵文化財包蔵地,,[],畑地・宅地,保土ヶ谷区,新井町117付近,縄文(早・前・中期)・弥生(後期),7,散布地,台地上・斜面,300×260,,,
2082-1430,2082,1430,埋蔵文化財包蔵地,保土ヶ谷区NO.30,保土ヶ谷区NO.30,保土ヶ谷区NO.30,峰沢町342付近,包含地,宅地,台地上,,縄文(早・前・中期),14,139.598991615,35.472501855,JsonThemeAroundPoint:x/y,139.598945156125,35.4725129654235,4501.55891187815,1,12,2082-1430,0,埋蔵文化財包蔵地,5,139.598991615,35.472501855,保土ヶ谷区NO.30,保土ヶ谷区,保土ヶ谷区NO.30,埋蔵文化財包蔵地,,[],宅地,保土ヶ谷区,峰沢町342付近,縄文(早・前・中期),14,包含地,台地上,,,,
2083-1430,2083,1430,埋蔵文化財包蔵地,保土ヶ谷区NO.31,保土ヶ谷区NO.31,保土ヶ谷区NO.31,岡沢町344付近,集落跡,畑地・道路,台地上・斜面,,縄文(早・前・後期),27,139.601407655,35.47212103,JsonThemeAroundPoint:x/y,139.601311011367,35.4722433986474,4305.46076100107,1,12,2083-1430,0,埋蔵文化財包蔵地,5,139.601407655,35.47212103,保土ヶ谷区NO.31,保土ヶ谷区,保土ヶ谷区NO.31,埋蔵文化財包蔵地,,[],畑地・道路,保土ヶ谷区,岡沢町344付近,縄文(早・前・後期),27,集落跡,台地上・斜面,,,,
2084-1430,2084,1430,埋蔵文化財包蔵地,保土ヶ谷区NO.32,保土ヶ谷区NO.32,保土ヶ谷区NO.32,常盤台144付近,散布地,畑地・学校,台地斜面,100×60,縄文(中・後期),28,139.600186625,35.469838915,JsonThemeAroundPoint:x/y,139.600168619662,35.4698554049572,4234.94579395899,1,12,2084-1430,0,埋蔵文化財包蔵地,5,139.600186625,35.469838915,保土ヶ谷区NO.32,保土ヶ谷区,保土ヶ谷区NO.32,埋蔵文化財包蔵地,,[],畑地・学校,保土ヶ谷区,常盤台144付近,縄文(中・後期),28,散布地,台地斜面,100×60,,,
2087-1430,2087,1430,埋蔵文化財包蔵地,保土ヶ谷区NO.33,保土ヶ谷区NO.33,保土ヶ谷区NO.33,常盤台191・250付近,集落跡・貝塚,学校,台地上・斜面,,縄文(早・中・後期),21・22,139.593792135,35.470224425,JsonThemeAroundPoint:x/y,139.593577088806,35.4702821146058,4736.47804751467,1,12,2087-1430,0,埋蔵文化財包蔵地,5,139.593792135,35.470224425,保土ヶ谷区NO.33,保土ヶ谷区,保土ヶ谷区NO.33,埋蔵文化財包蔵地,,[],学校,保土ヶ谷区,常盤台191・250付近,縄文(早・中・後期),21・22,集落跡・貝塚,台地上・斜面,,,,
500-1430,500,1430,埋蔵文化財包蔵地,保土ヶ谷区NO.34,保土ヶ谷区NO.34,保土ヶ谷区NO.34,釜台町165付近,散布地,宅地,台地上,,縄文(早・前期)・古墳,20,139.587320525,35.46865308,JsonThemeAroundPoint:x/y,139.587320503142,35.468660522798,5156.18234759144,1,12,500-1430,0,埋蔵文化財包蔵地,5,139.587320525,35.46865308,保土ヶ谷区NO.34,保土ヶ谷区,保土ヶ谷区NO.34,埋蔵文化財包蔵地,,[],宅地,保土ヶ谷区,釜台町165付近,縄文(早・前期)・古墳,20,散布地,台地上,,,,
501-1430,501,1430,埋蔵文化財包蔵地,保土ヶ谷区NO.35,保土ヶ谷区NO.35,保土ヶ谷区NO.35,釜台町154付近,散布地,宅地,台地上・斜面,,縄文(中期),85,139.586162215,35.467571585,JsonThemeAroundPoint:x/y,139.586162191221,35.4675790292768,5195.85268552275,1,12,501-1430,0,埋蔵文化財包蔵地,5,139.586162215,35.467571585,保土ヶ谷区NO.35,保土ヶ谷区,保土ヶ谷区NO.35,埋蔵文化財包蔵地,,[],宅地,保土ヶ谷区,釜台町154付近,縄文(中期),85,散布地,台地上・斜面,,,,
2086-1430,2086,1430,埋蔵文化財包蔵地,保土ヶ谷区NO.36,保土ヶ谷区NO.36,保土ヶ谷区NO.36,釜台町48付近,集落跡,宅地,台地上,100×100,縄文(早・中期)・弥生(後期),80,139.58612599,35.464593765,JsonThemeAroundPoint:x/y,139.586060846781,35.4645858282439,5063.15900485394,1,12,2086-1430,0,埋蔵文化財包蔵地,5,139.58612599,35.464593765,保土ヶ谷区NO.36,保土ヶ谷区,保土ヶ谷区NO.36,埋蔵文化財包蔵地,,[],宅地,保土ヶ谷区,釜台町48付近,縄文(早・中期)・弥生(後期),80,集落跡,台地上,100×100,,,
502-1430,502,1430,埋蔵文化財包蔵地,保土ヶ谷区NO.37,保土ヶ谷区NO.37,保土ヶ谷区NO.37,釜台町80付近,古墳,学校,台地上,,古墳,32,139.587413215,35.46338558,JsonThemeAroundPoint:x/y,139.587413191936,35.463393020572,4904.63161521935,1,12,502-1430,0,埋蔵文化財包蔵地,5,139.587413215,35.46338558,保土ヶ谷区NO.37,保土ヶ谷区,保土ヶ谷区NO.37,埋蔵文化財包蔵地,,[],学校,保土ヶ谷区,釜台町80付近,古墳,32,古墳,台地上,,,,
503-1430,503,1430,埋蔵文化財包蔵地,保土ヶ谷区NO.38,保土ヶ谷区NO.38,保土ヶ谷区NO.38,常盤台1-2付近,散布地,グランド,台地上,,縄文(中期)・弥生(後期),31,139.597379455,35.46589005,JsonThemeAroundPoint:x/y,139.597379432769,35.4658974931619,4208.51136825817,1,12,503-1430,0,埋蔵文化財包蔵地,5,139.597379455,35.46589005,保土ヶ谷区NO.38,保土ヶ谷区,保土ヶ谷区NO.38,埋蔵文化財包蔵地,,[],グランド,保土ヶ谷区,常盤台1-2付近,縄文(中期)・弥生(後期),31,散布地,台地上,,,,
2085-1430,2085,1430,埋蔵文化財包蔵地,保土ヶ谷区NO.39,保土ヶ谷区NO.39,保土ヶ谷区NO.39,岡沢町261付近,散布地,宅地,台地斜面,130×40,縄文(中期),30,139.60128649,35.46728177,JsonThemeAroundPoint:x/y,139.601308306592,35.4671928686055,3989.21603337667,1,12,2085-1430,0,埋蔵文化財包蔵地,5,139.60128649,35.46728177,保土ヶ谷区NO.39,保土ヶ谷区,保土ヶ谷区NO.39,埋蔵文化財包蔵地,,[],宅地,保土ヶ谷区,岡沢町261付近,縄文(中期),30,散布地,台地斜面,130×40,,,
2058-1430,2058,1430,埋蔵文化財包蔵地,保土ヶ谷区NO.4,保土ヶ谷区NO.4,保土ヶ谷区NO.4,新井町97付近,散布地,畑地・荒地,台地上・斜面,420×260,縄文(早・前・中期),8,139.56487292,35.481553685,JsonThemeAroundPoint:x/y,139.564471700097,35.4816756057204,7630.92715005886,1,12,2058-1430,0,埋蔵文化財包蔵地,5,139.56487292,35.481553685,保土ヶ谷区NO.4,保土ヶ谷区,保土ヶ谷区NO.4,埋蔵文化財包蔵地,,[],畑地・荒地,保土ヶ谷区,新井町97付近,縄文(早・前・中期),8,散布地,台地上・斜面,420×260,,,
504-1430,504,1430,埋蔵文化財包蔵地,保土ヶ谷区NO.40,保土ヶ谷区NO.40,保土ヶ谷区NO.40,岡沢町22付近,散布地,宅地,台地上・斜面,,縄文(早期),29,139.60269737,35.46691336,JsonThemeAroundPoint:x/y,139.602697347853,35.4669207997466,3860.52117849118,1,12,504-1430,0,埋蔵文化財包蔵地,5,139.60269737,35.46691336,保土ヶ谷区NO.40,保土ヶ谷区,保土ヶ谷区NO.40,埋蔵文化財包蔵地,,[],宅地,保土ヶ谷区,岡沢町22付近,縄文(早期),29,散布地,台地上・斜面,,,,
499-1430,499,1430,埋蔵文化財包蔵地,保土ヶ谷区NO.41,保土ヶ谷区NO.41,保土ヶ谷区NO.41,明神台43付近,散布地,宅地,台地上,,縄文(早期)・弥生・古墳,40,139.592124955,35.45495641,JsonThemeAroundPoint:x/y,139.592124932073,35.4549638478769,4224.14778013123,1,12,499-1430,0,埋蔵文化財包蔵地,5,139.592124955,35.45495641,保土ヶ谷区NO.41,保土ヶ谷区,保土ヶ谷区NO.41,埋蔵文化財包蔵地,,[],宅地,保土ヶ谷区,明神台43付近,縄文(早期)・弥生・古墳,40,散布地,台地上,,,,
2114-1430,2114,1430,埋蔵文化財包蔵地,保土ヶ谷区NO.42,保土ヶ谷区NO.42,保土ヶ谷区NO.42,仏向町845・929・1046・1067・1093・1248・1262付近,散布地・集落跡・貝塚・古墳・墓地,宅地・畑地・雑木林・学校,台地上・斜面,,縄文(早～晩期)・弥生(中・後期)古墳・平安,84・39・42,139.583962975,35.4550582,JsonThemeAroundPoint:x/y,139.583697474123,35.4550088689109,4952.5186859888,1,12,2114-1430,0,埋蔵文化財包蔵地,5,139.583962975,35.4550582,保土ヶ谷区NO.42,保土ヶ谷区,保土ヶ谷区NO.42,埋蔵文化財包蔵地,,[],宅地・畑地・雑木林・学校,保土ヶ谷区,仏向町845・929・1046・1067・1093・1248・1262付近,縄文(早～晩期)・弥生(中・後期)古墳・平安,84・39・42,散布地・集落跡・貝塚・古墳・墓地,台地上・斜面,,,,
2115-1430,2115,1430,埋蔵文化財包蔵地,保土ヶ谷区NO.43,保土ヶ谷区NO.43,保土ヶ谷区NO.43,仏向町1557付近,散布地,雑木林・畑地,台地上・斜面,280×80,縄文(前・中期)・弥生・古墳,43,139.572054115,35.45151233,JsonThemeAroundPoint:x/y,139.572035170413,35.4514845860493,5973.25964768348,1,12,2115-1430,0,埋蔵文化財包蔵地,5,139.572054115,35.45151233,保土ヶ谷区NO.43,保土ヶ谷区,保土ヶ谷区NO.43,埋蔵文化財包蔵地,,[],雑木林・畑地,保土ヶ谷区,仏向町1557付近,縄文(前・中期)・弥生・古墳,43,散布地,台地上・斜面,280×80,,,
2113-1430,2113,1430,埋蔵文化財包蔵地,保土ヶ谷区NO.44,保土ヶ谷区NO.44,保土ヶ谷区NO.44,仏向町1384付近,散布地,雑木林・畑地,台地上・斜面,380×130,縄文(早期),44,139.574824515,35.45132665,JsonThemeAroundPoint:x/y,139.574782677505,35.4516126579682,5721.34155144629,1,12,2113-1430,0,埋蔵文化財包蔵地,5,139.574824515,35.45132665,保土ヶ谷区NO.44,保土ヶ谷区,保土ヶ谷区NO.44,埋蔵文化財包蔵地,,[],雑木林・畑地,保土ヶ谷区,仏向町1384付近,縄文(早期),44,散布地,台地上・斜面,380×130,,,
2112-1430,2112,1430,埋蔵文化財包蔵地,保土ヶ谷区NO.45,保土ヶ谷区NO.45,保土ヶ谷区NO.45,仏向町1375付近,散布地,畑地,台地上・斜面,120×100,縄文(早・後期),45,139.57688028,35.449631275,JsonThemeAroundPoint:x/y,139.576817822613,35.4496526897395,5523.20138768279,1,12,2112-1430,0,埋蔵文化財包蔵地,5,139.57688028,35.449631275,保土ヶ谷区NO.45,保土ヶ谷区,保土ヶ谷区NO.45,埋蔵文化財包蔵地,,[],畑地,保土ヶ谷区,仏向町1375付近,縄文(早・後期),45,散布地,台地上・斜面,120×100,,,
2111-1430,2111,1430,埋蔵文化財包蔵地,保土ヶ谷区NO.46,保土ヶ谷区NO.46,保土ヶ谷区NO.46,新桜が丘二丁目2付近,散布地,畑地・宅地,台地斜面,100×70,縄文(早・中期)・古墳,46,139.573196265,35.449132525,JsonThemeAroundPoint:x/y,139.573145570583,35.4491448416935,5854.38585558334,1,12,2111-1430,0,埋蔵文化財包蔵地,5,139.573196265,35.449132525,保土ヶ谷区NO.46,保土ヶ谷区,保土ヶ谷区NO.46,埋蔵文化財包蔵地,,[],畑地・宅地,保土ヶ谷区,新桜が丘二丁目2付近,縄文(早・中期)・古墳,46,散布地,台地斜面,100×70,,,
508-1430,508,1430,埋蔵文化財包蔵地,保土ヶ谷区NO.47,保土ヶ谷区NO.47,保土ヶ谷区NO.47,新桜が丘二丁目11付近,散布地,宅地,台地上,,縄文(早・中期),47,139.5713833,35.448912895,JsonThemeAroundPoint:x/y,139.5713832729,35.4489203350316,6017.75437518488,1,12,508-1430,0,埋蔵文化財包蔵地,5,139.5713833,35.448912895,保土ヶ谷区NO.47,保土ヶ谷区,保土ヶ谷区NO.47,埋蔵文化財包蔵地,,[],宅地,保土ヶ谷区,新桜が丘二丁目11付近,縄文(早・中期),47,散布地,台地上,,,,
507-1430,507,1430,埋蔵文化財包蔵地,保土ヶ谷区NO.48,保土ヶ谷区NO.48,保土ヶ谷区NO.48,新桜が丘一丁目19付近,散布地,道路・宅地,台地上,,縄文(前・中期),48,139.570355255,35.447910435,JsonThemeAroundPoint:x/y,139.570355233213,35.4479178773857,6108.40751590236,1,12,507-1430,0,埋蔵文化財包蔵地,5,139.570355255,35.447910435,保土ヶ谷区NO.48,保土ヶ谷区,保土ヶ谷区NO.48,埋蔵文化財包蔵地,,[],道路・宅地,保土ヶ谷区,新桜が丘一丁目19付近,縄文(前・中期),48,散布地,台地上,,,,
506-1430,506,1430,埋蔵文化財包蔵地,保土ヶ谷区NO.49,保土ヶ谷区NO.49,保土ヶ谷区NO.49,新桜が丘一丁目25付近,散布地,宅地,台地上,,古墳,52,139.567951455,35.447521685,JsonThemeAroundPoint:x/y,139.567951432998,35.4475291260443,6325.84099629354,1,12,506-1430,0,埋蔵文化財包蔵地,5,139.567951455,35.447521685,保土ヶ谷区NO.49,保土ヶ谷区,保土ヶ谷区NO.49,埋蔵文化財包蔵地,,[],宅地,保土ヶ谷区,新桜が丘一丁目25付近,古墳,52,散布地,台地上,,,,
2054-1430,2054,1430,埋蔵文化財包蔵地,保土ヶ谷区NO.5,保土ヶ谷区NO.5,保土ヶ谷区NO.5,上菅田町1082付近,散布地,畑地,台地斜面,220×50,縄文(中期)・弥生(中期)・古墳,4,139.571035525,35.485927855,JsonThemeAroundPoint:x/y,139.571077149315,35.485784665887,7424.4252733597,1,12,2054-1430,0,埋蔵文化財包蔵地,5,139.571035525,35.485927855,保土ヶ谷区NO.5,保土ヶ谷区,保土ヶ谷区NO.5,埋蔵文化財包蔵地,,[],畑地,保土ヶ谷区,上菅田町1082付近,縄文(中期)・弥生(中期)・古墳,4,散布地,台地斜面,220×50,,,
505-1430,505,1430,埋蔵文化財包蔵地,保土ヶ谷区NO.50,保土ヶ谷区NO.50,保土ヶ谷区NO.50,新桜が丘一丁目62付近,散布地,宅地,台地上,,縄文,53,139.56513656,35.447440405,JsonThemeAroundPoint:x/y,139.565136535755,35.4474478440068,6580.89599867239,1,12,505-1430,0,埋蔵文化財包蔵地,5,139.56513656,35.447440405,保土ヶ谷区NO.50,保土ヶ谷区,保土ヶ谷区NO.50,埋蔵文化財包蔵地,,[],宅地,保土ヶ谷区,新桜が丘一丁目62付近,縄文,53,散布地,台地上,,,,
2094-1430,2094,1430,埋蔵文化財包蔵地,保土ヶ谷区NO.51,保土ヶ谷区NO.51,保土ヶ谷区NO.51,今井町421付近,散布地,畑地・雑木林,台地上・斜面,150×150,縄文(早・前・中期),54,139.56289222,35.447687605,JsonThemeAroundPoint:x/y,139.563100751362,35.4477708211732,6784.4556745449,1,12,2094-1430,0,埋蔵文化財包蔵地,5,139.56289222,35.447687605,保土ヶ谷区NO.51,保土ヶ谷区,保土ヶ谷区NO.51,埋蔵文化財包蔵地,,[],畑地・雑木林,保土ヶ谷区,今井町421付近,縄文(早・前・中期),54,散布地,台地上・斜面,150×150,,,
2091-1430,2091,1430,埋蔵文化財包蔵地,保土ヶ谷区NO.52,保土ヶ谷区NO.52,保土ヶ谷区NO.52,今井町644付近,散布地,畑地,台地上,100×80,古墳,55,139.552086355,35.448881575,JsonThemeAroundPoint:x/y,139.552020859235,35.4488307777772,7765.79110219763,1,12,2091-1430,0,埋蔵文化財包蔵地,5,139.552086355,35.448881575,保土ヶ谷区NO.52,保土ヶ谷区,保土ヶ谷区NO.52,埋蔵文化財包蔵地,,[],畑地,保土ヶ谷区,今井町644付近,古墳,55,散布地,台地上,100×80,,,
2090-1430,2090,1430,埋蔵文化財包蔵地,保土ヶ谷区NO.53,保土ヶ谷区NO.53,保土ヶ谷区NO.53,今井町652付近,散布地,荒地,台地上・斜面,100×50,縄文(前期),56,139.55073152,35.44839052,JsonThemeAroundPoint:x/y,139.550722043678,35.4483303584041,7887.42975188282,1,12,2090-1430,0,埋蔵文化財包蔵地,5,139.55073152,35.44839052,保土ヶ谷区NO.53,保土ヶ谷区,保土ヶ谷区NO.53,埋蔵文化財包蔵地,,[],荒地,保土ヶ谷区,今井町652付近,縄文(前期),56,散布地,台地上・斜面,100×50,,,
510-1430,510,1430,埋蔵文化財包蔵地,保土ヶ谷区NO.54,保土ヶ谷区NO.54,保土ヶ谷区NO.54,今井町750付近,散布地,学校,台地上,,縄文(早・前・中期),57,139.5562354,35.447216365,JsonThemeAroundPoint:x/y,139.556235372278,35.4472238097785,7387.51643217427,1,12,510-1430,0,埋蔵文化財包蔵地,5,139.5562354,35.447216365,保土ヶ谷区NO.54,保土ヶ谷区,保土ヶ谷区NO.54,埋蔵文化財包蔵地,,[],学校,保土ヶ谷区,今井町750付近,縄文(早・前・中期),57,散布地,台地上,,,,
2092-1430,2092,1430,埋蔵文化財包蔵地,保土ヶ谷区NO.55,保土ヶ谷区NO.55,保土ヶ谷区NO.55,今井町761付近,散布地,畑地,台地斜面,200×50,縄文(前期)・弥生(後期),58,139.555302535,35.445486125,JsonThemeAroundPoint:x/y,139.555303382989,35.4454977440923,7474.4789950138,1,12,2092-1430,0,埋蔵文化財包蔵地,5,139.555302535,35.445486125,保土ヶ谷区NO.55,保土ヶ谷区,保土ヶ谷区NO.55,埋蔵文化財包蔵地,,[],畑地,保土ヶ谷区,今井町761付近,縄文(前期)・弥生(後期),58,散布地,台地斜面,200×50,,,
2093-1430,2093,1430,埋蔵文化財包蔵地,保土ヶ谷区NO.56,保土ヶ谷区NO.56,保土ヶ谷区NO.56,今井町897付近,散布地,雑木林,台地上・斜面,230×53,古墳,59,139.557657345,35.44554074,JsonThemeAroundPoint:x/y,139.557740923603,35.4454378816725,7260.986596799,1,12,2093-1430,0,埋蔵文化財包蔵地,5,139.557657345,35.44554074,保土ヶ谷区NO.56,保土ヶ谷区,保土ヶ谷区NO.56,埋蔵文化財包蔵地,,[],雑木林,保土ヶ谷区,今井町897付近,古墳,59,散布地,台地上・斜面,230×53,,,
511-1430,511,1430,埋蔵文化財包蔵地,保土ヶ谷区NO.57,保土ヶ谷区NO.57,保土ヶ谷区NO.57,今井町1008付近,散布地,ゴルフ場,台地上・斜面,,古墳,60,139.558634725,35.443668115,JsonThemeAroundPoint:x/y,139.558634703363,35.44367570288,7180.80852535944,1,12,511-1430,0,埋蔵文化財包蔵地,5,139.558634725,35.443668115,保土ヶ谷区NO.57,保土ヶ谷区,保土ヶ谷区NO.57,埋蔵文化財包蔵地,,[],ゴルフ場,保土ヶ谷区,今井町1008付近,古墳,60,散布地,台地上・斜面,,,,
2095-1430,2095,1430,埋蔵文化財包蔵地,保土ヶ谷区NO.58,保土ヶ谷区NO.58,保土ヶ谷区NO.58,今井町994付近,散布地,畑地,台地上・斜面,150×100,縄文(草創～中期),61,139.562972125,35.444420625,JsonThemeAroundPoint:x/y,139.562909343625,35.4444206970812,6784.0238730363,1,12,2095-1430,0,埋蔵文化財包蔵地,5,139.562972125,35.444420625,保土ヶ谷区NO.58,保土ヶ谷区,保土ヶ谷区NO.58,埋蔵文化財包蔵地,,[],畑地,保土ヶ谷区,今井町994付近,縄文(草創～中期),61,散布地,台地上・斜面,150×100,,,
2096-1430,2096,1430,埋蔵文化財包蔵地,保土ヶ谷区NO.59,保土ヶ谷区NO.59,保土ヶ谷区NO.59,今井町119付近,散布地,畑地・荒地,台地斜面,250×100,縄文(後期)・弥生(後期),62,139.56639582,35.44488958,JsonThemeAroundPoint:x/y,139.566455867687,35.4448590295114,6471.80689473689,1,12,2096-1430,0,埋蔵文化財包蔵地,5,139.56639582,35.44488958,保土ヶ谷区NO.59,保土ヶ谷区,保土ヶ谷区NO.59,埋蔵文化財包蔵地,,[],畑地・荒地,保土ヶ谷区,今井町119付近,縄文(後期)・弥生(後期),62,散布地,台地斜面,250×100,,,
2055-1430,2055,1430,埋蔵文化財包蔵地,保土ヶ谷区NO.6,保土ヶ谷区NO.6,保土ヶ谷区NO.6,上菅田町730付近,散布地,宅地・雑木林,台地上・斜面,100×100,縄文(早・前・中期),5,139.5729578,35.484397525,JsonThemeAroundPoint:x/y,139.572998610315,35.4843579897734,7183.85445326738,1,12,2055-1430,0,埋蔵文化財包蔵地,5,139.5729578,35.484397525,保土ヶ谷区NO.6,保土ヶ谷区,保土ヶ谷区NO.6,埋蔵文化財包蔵地,,[],宅地・雑木林,保土ヶ谷区,上菅田町730付近,縄文(早・前・中期),5,散布地,台地上・斜面,100×100,,,
2097-1430,2097,1430,埋蔵文化財包蔵地,保土ヶ谷区NO.60,保土ヶ谷区NO.60,保土ヶ谷区NO.60,今井町112付近,城跡,雑木林,台地斜面,,(不明),63,139.566577795,35.44362313,JsonThemeAroundPoint:x/y,139.566578127771,35.443623295144,6462.46179560897,1,12,2097-1430,0,埋蔵文化財包蔵地,5,139.566577795,35.44362313,保土ヶ谷区NO.60,保土ヶ谷区,保土ヶ谷区NO.60,埋蔵文化財包蔵地,,[],雑木林,保土ヶ谷区,今井町112付近,(不明),63,城跡,台地斜面,,,,
2098-1430,2098,1430,埋蔵文化財包蔵地,保土ヶ谷区NO.61,保土ヶ谷区NO.61,保土ヶ谷区NO.61,今井町112付近,包含地・城跡,雑木林,台地斜面,,室町末,64,139.566455275,35.443217375,JsonThemeAroundPoint:x/y,139.566461357884,35.4432028818185,6476.47252426473,1,12,2098-1430,0,埋蔵文化財包蔵地,5,139.566455275,35.443217375,保土ヶ谷区NO.61,保土ヶ谷区,保土ヶ谷区NO.61,埋蔵文化財包蔵地,,[],雑木林,保土ヶ谷区,今井町112付近,室町末,64,包含地・城跡,台地斜面,,,,
2099-1430,2099,1430,埋蔵文化財包蔵地,保土ヶ谷区NO.62,保土ヶ谷区NO.62,保土ヶ谷区NO.62,法泉二丁目19付近,散布地,宅地・雑木林,台地上・斜面,130×130,縄文(早期)・弥生(後期),51,139.572513435,35.445596685,JsonThemeAroundPoint:x/y,139.572673529499,35.4456531131021,5914.98028541001,1,12,2099-1430,0,埋蔵文化財包蔵地,5,139.572513435,35.445596685,保土ヶ谷区NO.62,保土ヶ谷区,保土ヶ谷区NO.62,埋蔵文化財包蔵地,,[],宅地・雑木林,保土ヶ谷区,法泉二丁目19付近,縄文(早期)・弥生(後期),51,散布地,台地上・斜面,130×130,,,
509-1430,509,1430,埋蔵文化財包蔵地,保土ヶ谷区NO.63,保土ヶ谷区NO.63,保土ヶ谷区NO.63,法泉二丁目18付近,散布地,宅地,台地上,,縄文(早・前・中期),50,139.574265385,35.445548725,JsonThemeAroundPoint:x/y,139.57426535773,35.4455561696712,5756.44935069553,1,12,509-1430,0,埋蔵文化財包蔵地,5,139.574265385,35.445548725,保土ヶ谷区NO.63,保土ヶ谷区,保土ヶ谷区NO.63,埋蔵文化財包蔵地,,[],宅地,保土ヶ谷区,法泉二丁目18付近,縄文(早・前・中期),50,散布地,台地上,,,,
2109-1430,2109,1430,埋蔵文化財包蔵地,保土ヶ谷区NO.64,保土ヶ谷区NO.64,保土ヶ谷区NO.64,藤塚町95付近,包含地,宅地,台地上・斜面,,縄文(早・前期),49,139.57883945,35.446649245,JsonThemeAroundPoint:x/y,139.578904672266,35.4464561184727,5339.34890343678,1,12,2109-1430,0,埋蔵文化財包蔵地,5,139.57883945,35.446649245,保土ヶ谷区NO.64,保土ヶ谷区,保土ヶ谷区NO.64,埋蔵文化財包蔵地,,[],宅地,保土ヶ谷区,藤塚町95付近,縄文(早・前期),49,包含地,台地上・斜面,,,,
2110-1430,2110,1430,埋蔵文化財包蔵地,保土ヶ谷区NO.65,保土ヶ谷区NO.65,保土ヶ谷区NO.65,初音ヶ丘43付近,散布地,宅地・畑地,台地上・斜面,,縄文(早・前・中期),74,139.584613565,35.444802415,JsonThemeAroundPoint:x/y,139.584600321996,35.4448073736305,4823.0742756094,1,12,2110-1430,0,埋蔵文化財包蔵地,5,139.584613565,35.444802415,保土ヶ谷区NO.65,保土ヶ谷区,保土ヶ谷区NO.65,埋蔵文化財包蔵地,,[],宅地・畑地,保土ヶ谷区,初音ヶ丘43付近,縄文(早・前・中期),74,散布地,台地上・斜面,,,,
2101-1430,2101,1430,埋蔵文化財包蔵地,保土ヶ谷区NO.67,保土ヶ谷区NO.67,保土ヶ谷区NO.67,今井町1232～1312付近,散布地・集落跡・塚,スポーツ施設・道路・雑木林,台地上・斜面,,縄文(草創～中期)・古墳(前期)・中世,65,139.5622796,35.440939755,JsonThemeAroundPoint:x/y,139.561983138828,35.4411881922419,6875.07439067521,1,12,2101-1430,0,埋蔵文化財包蔵地,5,139.5622796,35.440939755,保土ヶ谷区NO.67,保土ヶ谷区,保土ヶ谷区NO.67,埋蔵文化財包蔵地,,[],スポーツ施設・道路・雑木林,保土ヶ谷区,今井町1232～1312付近,縄文(草創～中期)・古墳(前期)・中世,65,散布地・集落跡・塚,台地上・斜面,,,,
2102-1430,2102,1430,埋蔵文化財包蔵地,保土ヶ谷区NO.68,保土ヶ谷区NO.68,保土ヶ谷区NO.68,今井町1418付近,散布地,畑地,台地斜面,110×80,縄文(中期),66,139.56418233,35.438664525,JsonThemeAroundPoint:x/y,139.564097285514,35.4385387721138,6734.53183118351,1,12,2102-1430,0,埋蔵文化財包蔵地,5,139.56418233,35.438664525,保土ヶ谷区NO.68,保土ヶ谷区,保土ヶ谷区NO.68,埋蔵文化財包蔵地,,[],畑地,保土ヶ谷区,今井町1418付近,縄文(中期),66,散布地,台地斜面,110×80,,,
2103-1430,2103,1430,埋蔵文化財包蔵地,保土ヶ谷区NO.69,保土ヶ谷区NO.69,保土ヶ谷区NO.69,境木町92付近,散布地,畑地・雑木林,台地上・斜面,300×80,縄文(中期),67,139.56548511,35.43879672,JsonThemeAroundPoint:x/y,139.565515374118,35.4387181353092,6615.57228849265,1,12,2103-1430,0,埋蔵文化財包蔵地,5,139.56548511,35.43879672,保土ヶ谷区NO.69,保土ヶ谷区,保土ヶ谷区NO.69,埋蔵文化財包蔵地,,[],畑地・雑木林,保土ヶ谷区,境木町92付近,縄文(中期),67,散布地,台地上・斜面,300×80,,,
2056-1430,2056,1430,埋蔵文化財包蔵地,保土ヶ谷区NO.7,保土ヶ谷区NO.7,保土ヶ谷区NO.7,上菅田町862付近,散布地,畑地・宅地,台地上・斜面,160×90,縄文(早期)・弥生(後期),6,139.5703035,35.482678485,JsonThemeAroundPoint:x/y,139.570202245144,35.4827618193757,7276.28839070785,1,12,2056-1430,0,埋蔵文化財包蔵地,5,139.5703035,35.482678485,保土ヶ谷区NO.7,保土ヶ谷区,保土ヶ谷区NO.7,埋蔵文化財包蔵地,,[],畑地・宅地,保土ヶ谷区,上菅田町862付近,縄文(早期)・弥生(後期),6,散布地,台地上・斜面,160×90,,,
2104-1430,2104,1430,埋蔵文化財包蔵地,保土ヶ谷区NO.70,保土ヶ谷区NO.70,保土ヶ谷区NO.70,境木町15付近,散布地,畑地,台地上・斜面,100×80,縄文,71,139.568854275,35.439186435,JsonThemeAroundPoint:x/y,139.568820547408,35.4391369407566,6307.17601388824,1,12,2104-1430,0,埋蔵文化財包蔵地,5,139.568854275,35.439186435,保土ヶ谷区NO.70,保土ヶ谷区,保土ヶ谷区NO.70,埋蔵文化財包蔵地,,[],畑地,保土ヶ谷区,境木町15付近,縄文,71,散布地,台地上・斜面,100×80,,,
2108-1430,2108,1430,埋蔵文化財包蔵地,保土ヶ谷区NO.71,保土ヶ谷区NO.71,保土ヶ谷区NO.71,権太坂二丁目4付近,集落跡,学校・畑地,台地上,230×100,縄文(早～中期),73,139.577440205,35.438062295,JsonThemeAroundPoint:x/y,139.577658557794,35.4380681794374,5559.45419336705,1,12,2108-1430,0,埋蔵文化財包蔵地,5,139.577440205,35.438062295,保土ヶ谷区NO.71,保土ヶ谷区,保土ヶ谷区NO.71,埋蔵文化財包蔵地,,[],学校・畑地,保土ヶ谷区,権太坂二丁目4付近,縄文(早～中期),73,集落跡,台地上,230×100,,,
2105-1430,2105,1430,埋蔵文化財包蔵地,保土ヶ谷区NO.72,保土ヶ谷区NO.72,保土ヶ谷区NO.72,境木町107付近,集落跡,雑木林・畑地,台地上・斜面,210×70,縄文(中期)・古墳・歴史,68,139.562116765,35.43550454,JsonThemeAroundPoint:x/y,139.562152488792,35.4353937373855,6976.81718113356,1,12,2105-1430,0,埋蔵文化財包蔵地,5,139.562116765,35.43550454,保土ヶ谷区NO.72,保土ヶ谷区,保土ヶ谷区NO.72,埋蔵文化財包蔵地,,[],雑木林・畑地,保土ヶ谷区,境木町107付近,縄文(中期)・古墳・歴史,68,集落跡,台地上・斜面,210×70,,,
2106-1430,2106,1430,埋蔵文化財包蔵地,保土ヶ谷区NO.73,保土ヶ谷区NO.73,保土ヶ谷区NO.73,境木本町66付近,散布地,道路・公園・宅地,台地上・斜面,300×100,縄文(中期)・弥生,69,139.564995785,35.434007935,JsonThemeAroundPoint:x/y,139.564937762162,35.4338157262074,6754.84883311334,1,12,2106-1430,0,埋蔵文化財包蔵地,5,139.564995785,35.434007935,保土ヶ谷区NO.73,保土ヶ谷区,保土ヶ谷区NO.73,埋蔵文化財包蔵地,,[],道路・公園・宅地,保土ヶ谷区,境木本町66付近,縄文(中期)・弥生,69,散布地,台地上・斜面,300×100,center,139.564937762162,35.4338157262074
2107-1430,2107,1430,埋蔵文化財包蔵地,保土ヶ谷区NO.74,保土ヶ谷区NO.74,保土ヶ谷区NO.74,境木本町48・49付近,散布地,宅地,台地上・斜面,190×170,縄文,70,139.568086485,35.433939895,JsonThemeAroundPoint:x/y,139.568177490483,35.4339446251546,6483.44058142833,1,12,2107-1430,0,埋蔵文化財包蔵地,5,139.568086485,35.433939895,保土ヶ谷区NO.74,保土ヶ谷区,保土ヶ谷区NO.74,埋蔵文化財包蔵地,,[],宅地,保土ヶ谷区,境木本町48・49付近,縄文,70,散布地,台地上・斜面,190×170,,,
2116-1430,2116,1430,埋蔵文化財包蔵地,保土ヶ谷区NO.75,保土ヶ谷区NO.75,保土ヶ谷区NO.75,明神台29付近,散布地・集落跡,宅地,台地上,,縄文・弥生(後期)・古墳・中世,41,139.592118275,35.453727585,JsonThemeAroundPoint:x/y,139.592014446084,35.4538019753712,4198.93941425802,1,12,2116-1430,0,埋蔵文化財包蔵地,5,139.592118275,35.453727585,保土ヶ谷区NO.75,保土ヶ谷区,保土ヶ谷区NO.75,埋蔵文化財包蔵地,,[],宅地,保土ヶ谷区,明神台29付近,縄文・弥生(後期)・古墳・中世,41,散布地・集落跡,台地上,,,,
514-1430,514,1430,埋蔵文化財包蔵地,保土ヶ谷区NO.76,保土ヶ谷区NO.76,保土ヶ谷区NO.76,瀬戸ヶ谷町208付近,散布地,宅地・道路,台地斜面,,弥生(後期)・古墳,75,139.591070115,35.43997221,JsonThemeAroundPoint:x/y,139.591070092791,35.4399796555527,4306.23703566362,1,12,514-1430,0,埋蔵文化財包蔵地,5,139.591070115,35.43997221,保土ヶ谷区NO.76,保土ヶ谷区,保土ヶ谷区NO.76,埋蔵文化財包蔵地,,[],宅地・道路,保土ヶ谷区,瀬戸ヶ谷町208付近,弥生(後期)・古墳,75,散布地,台地斜面,,,,
2118-1430,2118,1430,埋蔵文化財包蔵地,保土ヶ谷区NO.77,保土ヶ谷区NO.77,保土ヶ谷区NO.77,瀬戸ヶ谷町138付近,散布地,宅地・雑木林,台地上・斜面,,縄文(前・中期),76,139.59350041,35.440173345,JsonThemeAroundPoint:x/y,139.593617817126,35.440232568599,4085.72752929689,1,12,2118-1430,0,埋蔵文化財包蔵地,5,139.59350041,35.440173345,保土ヶ谷区NO.77,保土ヶ谷区,保土ヶ谷区NO.77,埋蔵文化財包蔵地,,[],宅地・雑木林,保土ヶ谷区,瀬戸ヶ谷町138付近,縄文(前・中期),76,散布地,台地上・斜面,,,,
512-1430,512,1430,埋蔵文化財包蔵地,保土ヶ谷区NO.78,保土ヶ谷区NO.78,保土ヶ谷区NO.78,瀬戸ヶ谷町53付近,古墳,宅地,台地上,"D40.9,H13",古墳,77,139.597718585,35.439065765,JsonThemeAroundPoint:x/y,139.59771856595,35.4390732095906,3739.10319204035,1,12,512-1430,0,埋蔵文化財包蔵地,5,139.597718585,35.439065765,保土ヶ谷区NO.78,保土ヶ谷区,保土ヶ谷区NO.78,埋蔵文化財包蔵地,,[],宅地,保土ヶ谷区,瀬戸ヶ谷町53付近,古墳,77,古墳,台地上,"D40.9,H13",,,
2120-1430,2120,1430,埋蔵文化財包蔵地,保土ヶ谷区NO.79,保土ヶ谷区NO.79,保土ヶ谷区NO.79,瀬戸ヶ谷町49付近,集落跡,道路,台地上・斜面,150×40,縄文(早・前・中期)・弥生(後期)・古墳(前期),79,139.59836747,35.437289715,JsonThemeAroundPoint:x/y,139.598334256264,35.4372995144716,3735.5170737935,1,12,2120-1430,0,埋蔵文化財包蔵地,5,139.59836747,35.437289715,保土ヶ谷区NO.79,保土ヶ谷区,保土ヶ谷区NO.79,埋蔵文化財包蔵地,,[],道路,保土ヶ谷区,瀬戸ヶ谷町49付近,縄文(早・前・中期)・弥生(後期)・古墳(前期),79,集落跡,台地上・斜面,150×40,,,
2059-1430,2059,1430,埋蔵文化財包蔵地,保土ヶ谷区NO.8,保土ヶ谷区NO.8,保土ヶ谷区NO.8,峰沢町224・250付近,散布地,畑地,台地上・斜面,,縄文(前・中・後期)・弥生(中・後期),24,139.595355695,35.477994125,JsonThemeAroundPoint:x/y,139.59606909965,35.4776158615077,5147.9007338893,1,12,2059-1430,0,埋蔵文化財包蔵地,5,139.595355695,35.477994125,保土ヶ谷区NO.8,保土ヶ谷区,保土ヶ谷区NO.8,埋蔵文化財包蔵地,,[],畑地,保土ヶ谷区,峰沢町224・250付近,縄文(前・中・後期)・弥生(中・後期),24,散布地,台地上・斜面,,,,
2119-1430,2119,1430,埋蔵文化財包蔵地,保土ヶ谷区NO.80,保土ヶ谷区NO.80,保土ヶ谷区NO.80,岩井町451付近,散布地,宅地,台地上,130×100,弥生(後期)・古墳,78,139.60075097,35.439435495,JsonThemeAroundPoint:x/y,139.600704369786,35.4394447369196,3462.60421002677,1,12,2119-1430,0,埋蔵文化財包蔵地,5,139.60075097,35.439435495,保土ヶ谷区NO.80,保土ヶ谷区,保土ヶ谷区NO.80,埋蔵文化財包蔵地,,[],宅地,保土ヶ谷区,岩井町451付近,弥生(後期)・古墳,78,散布地,台地上,130×100,,,
513-1430,513,1430,埋蔵文化財包蔵地,保土ヶ谷区NO.81,保土ヶ谷区NO.81,保土ヶ谷区NO.81,岩井町281付近,集落跡,宅地,台地上,,古墳,86,139.604695555,35.437293985,JsonThemeAroundPoint:x/y,139.604695532777,35.4373014282138,3191.87609842242,1,12,513-1430,0,埋蔵文化財包蔵地,5,139.604695555,35.437293985,保土ヶ谷区NO.81,保土ヶ谷区,保土ヶ谷区NO.81,埋蔵文化財包蔵地,,[],宅地,保土ヶ谷区,岩井町281付近,古墳,86,集落跡,台地上,,,,
2121-1430,2121,1430,埋蔵文化財包蔵地,保土ヶ谷区NO.82,保土ヶ谷区NO.82,保土ヶ谷区NO.82,狩場町218付近,集落跡,宅地・植木畑,台地上,120×80,縄文(前・中期),81,139.5800769,35.430193415,JsonThemeAroundPoint:x/y,139.579971819501,35.4302445726042,5558.56971034835,1,12,2121-1430,0,埋蔵文化財包蔵地,5,139.5800769,35.430193415,保土ヶ谷区NO.82,保土ヶ谷区,保土ヶ谷区NO.82,埋蔵文化財包蔵地,,[],宅地・植木畑,保土ヶ谷区,狩場町218付近,縄文(前・中期),81,集落跡,台地上,120×80,,,
2088-1430,2088,1430,埋蔵文化財包蔵地,保土ヶ谷区NO.83,保土ヶ谷区NO.83,保土ヶ谷区NO.83,明神台109-1他,集落跡・墓地,宅地,台地上,,弥生(後期)・古代～中世,87,139.592088885,35.45657761,JsonThemeAroundPoint:x/y,139.592076301372,35.4565482286795,4267.83161707932,1,12,2088-1430,0,埋蔵文化財包蔵地,5,139.592088885,35.45657761,保土ヶ谷区NO.83,保土ヶ谷区,保土ヶ谷区NO.83,埋蔵文化財包蔵地,,[],宅地,保土ヶ谷区,明神台109-1他,弥生(後期)・古代～中世,87,集落跡・墓地,台地上,,,,
2089-1430,2089,1430,埋蔵文化財包蔵地,保土ヶ谷区NO.84,保土ヶ谷区NO.84,保土ヶ谷区NO.84,明神台109-1,集落跡・墓地,宅地,台地上,,弥生・古代・中世,87,139.59237162,35.456095895,JsonThemeAroundPoint:x/y,139.592350920142,35.4561124788253,4230.12882839235,1,12,2089-1430,0,埋蔵文化財包蔵地,5,139.59237162,35.456095895,保土ヶ谷区NO.84,保土ヶ谷区,保土ヶ谷区NO.84,埋蔵文化財包蔵地,,[],宅地,保土ヶ谷区,明神台109-1,弥生・古代・中世,87,集落跡・墓地,台地上,,,,
2117-1430,2117,1430,埋蔵文化財包蔵地,保土ヶ谷区NO.85,保土ヶ谷区NO.85,保土ヶ谷区NO.85,桜ケ丘二丁目43-1付近,散布地・集落跡,宅地,台地上,220×120,縄文・弥生,89,139.592222295,35.448810675,JsonThemeAroundPoint:x/y,139.592158339622,35.4486857418162,4130.07641728288,1,12,2117-1430,0,埋蔵文化財包蔵地,5,139.592222295,35.448810675,保土ヶ谷区NO.85,保土ヶ谷区,保土ヶ谷区NO.85,埋蔵文化財包蔵地,,[],宅地,保土ヶ谷区,桜ケ丘二丁目43-1付近,縄文・弥生,89,散布地・集落跡,台地上,220×120,,,
2065-1430,2065,1430,埋蔵文化財包蔵地,保土ヶ谷区NO.86,保土ヶ谷区NO.86,保土ヶ谷区NO.86,西谷町,散布地,,埋没谷,,縄文,90,139.567022665,35.4746717,JsonThemeAroundPoint:x/y,139.567023296289,35.4746717378972,7101.35879336515,1,12,2065-1430,0,埋蔵文化財包蔵地,5,139.567022665,35.4746717,保土ヶ谷区NO.86,保土ヶ谷区,保土ヶ谷区NO.86,埋蔵文化財包蔵地,,[],,保土ヶ谷区,西谷町,縄文,90,散布地,埋没谷,,,,
2060-1430,2060,1430,埋蔵文化財包蔵地,保土ヶ谷区NO.9,保土ヶ谷区NO.9,保土ヶ谷区NO.9,峰沢町183付近,散布地,畑地・雑木林,台地上・斜面,,縄文(早・中期)・弥生(後期),25,139.600364165,35.47691762,JsonThemeAroundPoint:x/y,139.600551858475,35.477005024129,4734.20699897201,1,12,2060-1430,0,埋蔵文化財包蔵地,5,139.600364165,35.47691762,保土ヶ谷区NO.9,保土ヶ谷区,保土ヶ谷区NO.9,埋蔵文化財包蔵地,,[],畑地・雑木林,保土ヶ谷区,峰沢町183付近,縄文(早・中期)・弥生(後期),25,散布地,台地上・斜面,,,,
2026-1430,2026,1430,埋蔵文化財包蔵地,南区NO.1,南区NO.1,南区NO.1,永田北一丁目8付近,散布地,雑木林・畑地・墓地,台地上・斜面,,縄文(中期),12,139.59754633,35.436713225,JsonThemeAroundPoint:x/y,139.597497329767,35.4366444139734,3825.74360263929,1,12,2026-1430,0,埋蔵文化財包蔵地,5,139.59754633,35.436713225,南区NO.1,南区,南区NO.1,埋蔵文化財包蔵地,,[],雑木林・畑地・墓地,南区,永田北一丁目8付近,縄文(中期),12,散布地,台地上・斜面,,,,
2034-1430,2034,1430,埋蔵文化財包蔵地,南区NO.10,南区NO.10,南区NO.10,清水ヶ丘60付近,散布地,荒地,台地上・斜面,,縄文(早・中期),4,139.612197435,35.435835175,JsonThemeAroundPoint:x/y,139.612228926188,35.435811445114,2638.3189551104,1,12,2034-1430,0,埋蔵文化財包蔵地,5,139.612197435,35.435835175,南区NO.10,南区,南区NO.10,埋蔵文化財包蔵地,,[],荒地,南区,清水ヶ丘60付近,縄文(早・中期),4,散布地,台地上・斜面,,,,
2032-1430,2032,1430,埋蔵文化財包蔵地,南区NO.11,南区NO.11,南区NO.11,南太田一丁目52付近,散布地,道路,台地上,180×100,(不明),2,139.612091565,35.433349485,JsonThemeAroundPoint:x/y,139.611958325839,35.4332504972135,2789.38820767557,1,12,2032-1430,0,埋蔵文化財包蔵地,5,139.612091565,35.433349485,南区NO.11,南区,南区NO.11,埋蔵文化財包蔵地,,[],道路,南区,南太田一丁目52付近,(不明),2,散布地,台地上,180×100,,,
2035-1430,2035,1430,埋蔵文化財包蔵地,南区NO.12,南区NO.12,南区NO.12,南太田二丁目252付近,塚,墓地・雑木林,台地上,,(不明),45,139.614143025,35.43387028,JsonThemeAroundPoint:x/y,139.614138740853,35.4338523459428,2602.965538733,1,12,2035-1430,0,埋蔵文化財包蔵地,5,139.614143025,35.43387028,南区NO.12,南区,南区NO.12,埋蔵文化財包蔵地,,[],墓地・雑木林,南区,南太田二丁目252付近,(不明),45,塚,台地上,,,,
487-1430,487,1430,埋蔵文化財包蔵地,南区NO.13,南区NO.13,南区NO.13,三春台42付近,屋敷跡,学校,台地上,,室町？,1,139.620184375,35.43757862,JsonThemeAroundPoint:x/y,139.620184357726,35.4375860597885,1918.17734043097,1,12,487-1430,0,埋蔵文化財包蔵地,5,139.620184375,35.43757862,南区NO.13,南区,南区NO.13,埋蔵文化財包蔵地,,[],学校,南区,三春台42付近,室町？,1,屋敷跡,台地上,,,,
488-1430,488,1430,埋蔵文化財包蔵地,南区NO.14,南区NO.14,南区NO.14,六ツ川三丁目30付近,散布地,宅地,台地上,,(不明),22,139.58181089,35.42911222,JsonThemeAroundPoint:x/y,139.581810869717,35.4291196625141,5454.27523082052,1,12,488-1430,0,埋蔵文化財包蔵地,5,139.58181089,35.42911222,南区NO.14,南区,南区NO.14,埋蔵文化財包蔵地,,[],宅地,南区,六ツ川三丁目30付近,(不明),22,散布地,台地上,,,,
2036-1430,2036,1430,埋蔵文化財包蔵地,南区NO.15,南区NO.15,南区NO.15,六ツ川三丁目27付近,散布地,宅地・畑地,台地上,100×100,縄文(早・前・中期),21,139.58326271,35.4293895,JsonThemeAroundPoint:x/y,139.583223011064,35.4293312480147,5320.63921132622,1,12,2036-1430,0,埋蔵文化財包蔵地,5,139.58326271,35.4293895,南区NO.15,南区,南区NO.15,埋蔵文化財包蔵地,,[],宅地・畑地,南区,六ツ川三丁目27付近,縄文(早・前・中期),21,散布地,台地上,100×100,,,
489-1430,489,1430,埋蔵文化財包蔵地,南区NO.16,南区NO.16,南区NO.16,六ツ川三丁目112付近,包含地,宅地,台地斜面,,縄文(早期),23,139.57979508,35.425647475,JsonThemeAroundPoint:x/y,139.579795054524,35.4256549177682,5773.57542515396,1,12,489-1430,0,埋蔵文化財包蔵地,5,139.57979508,35.425647475,南区NO.16,南区,南区NO.16,埋蔵文化財包蔵地,,[],宅地,南区,六ツ川三丁目112付近,縄文(早期),23,包含地,台地斜面,,,,
2037-1430,2037,1430,埋蔵文化財包蔵地,南区NO.17,南区NO.17,南区NO.17,六ツ川三丁目74～86付近,散布地,宅地,台地上・台地斜面,,縄文(前期)・弥生(後期)・古墳,24,139.581995915,35.424633455,JsonThemeAroundPoint:x/y,139.582005974312,35.4246584347609,5642.01180464325,1,12,2037-1430,0,埋蔵文化財包蔵地,5,139.581995915,35.424633455,南区NO.17,南区,南区NO.17,埋蔵文化財包蔵地,,[],宅地,南区,六ツ川三丁目74～86付近,縄文(前期)・弥生(後期)・古墳,24,散布地,台地上・台地斜面,,,,
2038-1430,2038,1430,埋蔵文化財包蔵地,南区NO.18,南区NO.18,南区NO.18,六ツ川二丁目105付近,包含地,道路,台地上・斜面,,縄文(早・前・中期),25,139.58394533,35.420233075,JsonThemeAroundPoint:x/y,139.583993666762,35.4201477327603,5724.95790854372,1,12,2038-1430,0,埋蔵文化財包蔵地,5,139.58394533,35.420233075,南区NO.18,南区,南区NO.18,埋蔵文化財包蔵地,,[],道路,南区,六ツ川二丁目105付近,縄文(早・前・中期),25,包含地,台地上・斜面,,,,
2039-1430,2039,1430,埋蔵文化財包蔵地,南区NO.19,南区NO.19,南区NO.19,別所七丁目3付近,包含地,道路・宅地,台地上・斜面,,縄文(前期),26,139.58245958,35.41635694,JsonThemeAroundPoint:x/y,139.582459951049,35.4163371711091,6072.82078863518,1,12,2039-1430,0,埋蔵文化財包蔵地,5,139.58245958,35.41635694,南区NO.19,南区,南区NO.19,埋蔵文化財包蔵地,,[],道路・宅地,南区,別所七丁目3付近,縄文(前期),26,包含地,台地上・斜面,,,,
485-1430,485,1430,埋蔵文化財包蔵地,南区NO.2,南区NO.2,南区NO.2,永田北一丁目6付近,陣屋跡,墓地,台地上,,室町？,11,139.598750805,35.436509965,JsonThemeAroundPoint:x/y,139.598750780693,35.4365174043429,3729.07711804874,1,12,485-1430,0,埋蔵文化財包蔵地,5,139.598750805,35.436509965,南区NO.2,南区,南区NO.2,埋蔵文化財包蔵地,,[],墓地,南区,永田北一丁目6付近,室町？,11,陣屋跡,台地上,,,,
2042-1430,2042,1430,埋蔵文化財包蔵地,南区NO.20,南区NO.20,南区NO.20,六ツ川三丁目11付近,集落跡・包含地,道路・宅地・駐車場,台地上・斜面,,縄文(前・中期)・古墳(前期),20,139.58640366,35.42655126,JsonThemeAroundPoint:x/y,139.586349079736,35.4264912220975,5189.3664328108,1,12,2042-1430,0,埋蔵文化財包蔵地,5,139.58640366,35.42655126,南区NO.20,南区,南区NO.20,埋蔵文化財包蔵地,,[],道路・宅地・駐車場,南区,六ツ川三丁目11付近,縄文(前・中期)・古墳(前期),20,集落跡・包含地,台地上・斜面,,,,
2041-1430,2041,1430,埋蔵文化財包蔵地,南区NO.21,南区NO.21,南区NO.21,六ツ川一丁目757付近,集落跡,学校,台地上,320×80,縄文(草期～中期),42,139.588648825,35.4240813,JsonThemeAroundPoint:x/y,139.588446547751,35.4240323947079,5139.5363119056,1,12,2041-1430,0,埋蔵文化財包蔵地,5,139.588648825,35.4240813,南区NO.21,南区,南区NO.21,埋蔵文化財包蔵地,,[],学校,南区,六ツ川一丁目757付近,縄文(草期～中期),42,集落跡,台地上,320×80,,,
493-1430,493,1430,埋蔵文化財包蔵地,南区NO.22,南区NO.22,南区NO.22,永田三王台,貝塚,宅地,台地上,,縄文(中期),19,139.59211183,35.425034245,JsonThemeAroundPoint:x/y,139.592111809194,35.4250416906976,4815.20516642153,1,12,493-1430,0,埋蔵文化財包蔵地,5,139.59211183,35.425034245,南区NO.22,南区,南区NO.22,埋蔵文化財包蔵地,,[],宅地,南区,永田三王台,縄文(中期),19,貝塚,台地上,,,,
491-1430,491,1430,埋蔵文化財包蔵地,南区NO.23,南区NO.23,南区NO.23,永田みなみ台4付近,散布地,宅地,台地上,,(不明),15,139.594839775,35.428966515,JsonThemeAroundPoint:x/y,139.594839750461,35.4289739590259,4385.95497735045,1,12,491-1430,0,埋蔵文化財包蔵地,5,139.594839775,35.428966515,南区NO.23,南区,南区NO.23,埋蔵文化財包蔵地,,[],宅地,南区,永田みなみ台4付近,(不明),15,散布地,台地上,,,,
492-1430,492,1430,埋蔵文化財包蔵地,南区NO.24,南区NO.24,南区NO.24,永田南二丁目1付近,散布地,宅地,台地上・斜面,,縄文(中・後期)・弥生,16,139.595918955,35.428624145,JsonThemeAroundPoint:x/y,139.59591893305,35.4286315847819,4317.56888781035,1,12,492-1430,0,埋蔵文化財包蔵地,5,139.595918955,35.428624145,南区NO.24,南区,南区NO.24,埋蔵文化財包蔵地,,[],宅地,南区,永田南二丁目1付近,縄文(中・後期)・弥生,16,散布地,台地上・斜面,,,,
2040-1430,2040,1430,埋蔵文化財包蔵地,南区NO.25,南区NO.25,南区NO.25,永田南二丁目5付近,散布地,宅地・雑木林,台地上,,(不明),17,139.595426298264,35.4268649916675,JsonThemeAroundPoint:x/y,139.595393295858,35.4268366979196,4452.9610655009,1,12,2040-1430,0,埋蔵文化財包蔵地,5,139.595426298264,35.4268649916675,南区NO.25,南区,南区NO.25,埋蔵文化財包蔵地,,[],宅地・雑木林,南区,永田南二丁目5付近,(不明),17,散布地,台地上,,,,
495-1430,495,1430,埋蔵文化財包蔵地,南区NO.27,南区NO.27,南区NO.27,六ツ川一丁目12付近,散布地,宅地,台地上,,(不明),35,139.60117393,35.42409344,JsonThemeAroundPoint:x/y,139.601173905904,35.4241008819043,4194.50979676204,1,12,495-1430,0,埋蔵文化財包蔵地,5,139.60117393,35.42409344,南区NO.27,南区,南区NO.27,埋蔵文化財包蔵地,,[],宅地,南区,六ツ川一丁目12付近,(不明),35,散布地,台地上,,,,
494-1430,494,1430,埋蔵文化財包蔵地,南区NO.28,南区NO.28,南区NO.28,六ツ川一丁目138付近,包含地,道路,台地上・斜面,,縄文(中期)・弥生(中期),29,139.595993155,35.42327403,JsonThemeAroundPoint:x/y,139.595993134523,35.4232814733747,4626.44652452901,1,12,494-1430,0,埋蔵文化財包蔵地,5,139.595993155,35.42327403,南区NO.28,南区,南区NO.28,埋蔵文化財包蔵地,,[],道路,南区,六ツ川一丁目138付近,縄文(中期)・弥生(中期),29,包含地,台地上・斜面,,,,
2050-1430,2050,1430,埋蔵文化財包蔵地,南区NO.29,南区NO.29,南区NO.29,弘明寺町267付近,寺院跡,寺,低台地,,奈良～平安,34,139.600613825,35.420959395,JsonThemeAroundPoint:x/y,139.600596288541,35.4209423002746,4454.95991658518,1,12,2050-1430,0,埋蔵文化財包蔵地,5,139.600613825,35.420959395,南区NO.29,南区,南区NO.29,埋蔵文化財包蔵地,,[],寺,南区,弘明寺町267付近,奈良～平安,34,寺院跡,低台地,,,,
2027-1430,2027,1430,埋蔵文化財包蔵地,南区NO.3,南区NO.3,南区NO.3,永田東二丁目40付近,散布地,畑地・雑木林,台地斜面,,縄文(前・中期),14,139.596491375,35.43251513,JsonThemeAroundPoint:x/y,139.596476370247,35.4325076348236,4080.38287220164,1,12,2027-1430,0,埋蔵文化財包蔵地,5,139.596491375,35.43251513,南区NO.3,南区,南区NO.3,埋蔵文化財包蔵地,,[],畑地・雑木林,南区,永田東二丁目40付近,縄文(前・中期),14,散布地,台地斜面,,,,
496-1430,496,1430,埋蔵文化財包蔵地,南区NO.30,南区NO.30,南区NO.30,中里三丁目368付近,散布地,宅地,台地上,,縄文(早・中期),33,139.597696205,35.41875305,JsonThemeAroundPoint:x/y,139.597696185772,35.4187604946875,4815.54209920869,1,12,496-1430,0,埋蔵文化財包蔵地,5,139.597696205,35.41875305,南区NO.30,南区,南区NO.30,埋蔵文化財包蔵地,,[],宅地,南区,中里三丁目368付近,縄文(早・中期),33,散布地,台地上,,,,
2387-1430,2387,1430,埋蔵文化財包蔵地,南区NO.31,南区NO.31,南区NO.31,六ツ川一丁目693付近,横穴墓,宅地,台地斜面,,古墳,28,139.58983252,35.419882675,JsonThemeAroundPoint:x/y,139.589847805562,35.4198871101414,5300.17554670142,1,12,2387-1430,0,埋蔵文化財包蔵地,5,139.58983252,35.419882675,南区NO.31,南区,南区NO.31,埋蔵文化財包蔵地,,[],宅地,南区,六ツ川一丁目693付近,古墳,28,横穴墓,台地斜面,,center_S5,139.589847805562,35.4198421945827
2043-1430,2043,1430,埋蔵文化財包蔵地,南区NO.32,南区NO.32,南区NO.32,六ツ川一丁目417付近,散布地,畑地,台地上・斜面,150×80,縄文(中・後期)・古墳,29,139.592433225,35.418527295,JsonThemeAroundPoint:x/y,139.592377940153,35.4185315879251,5199.93608827424,1,12,2043-1430,0,埋蔵文化財包蔵地,5,139.592433225,35.418527295,南区NO.32,南区,南区NO.32,埋蔵文化財包蔵地,,[],畑地,南区,六ツ川一丁目417付近,縄文(中・後期)・古墳,29,散布地,台地上・斜面,150×80,center,139.592377940153,35.4185315879251
498-1430,498,1430,埋蔵文化財包蔵地,南区NO.33,南区NO.33,南区NO.33,六ツ川二丁目49付近,散布地,宅地,台地斜面,,(不明),27,139.587179085,35.415607855,JsonThemeAroundPoint:x/y,139.587179064961,35.4156152968849,5775.32400821269,1,12,498-1430,0,埋蔵文化財包蔵地,5,139.587179085,35.415607855,南区NO.33,南区,南区NO.33,埋蔵文化財包蔵地,,[],宅地,南区,六ツ川二丁目49付近,(不明),27,散布地,台地斜面,,,,
2044-1430,2044,1430,埋蔵文化財包蔵地,南区NO.34,南区NO.34,南区NO.34,中里三丁目441付近,散布地,宅地・荒地,台地上,,(不明),30,139.595904375,35.41723352,JsonThemeAroundPoint:x/y,139.595830311129,35.4171518526456,5049.06771829852,1,12,2044-1430,0,埋蔵文化財包蔵地,5,139.595904375,35.41723352,南区NO.34,南区,南区NO.34,埋蔵文化財包蔵地,,[],宅地・荒地,南区,中里三丁目441付近,(不明),30,散布地,台地上,,,,
2045-1430,2045,1430,埋蔵文化財包蔵地,南区NO.35,南区NO.35,南区NO.35,中里三丁目22付近,散布地,宅地,台地上,100×30,縄文(前・中期)・古墳,32,139.59731396,35.417651775,JsonThemeAroundPoint:x/y,139.597369973394,35.4176307910545,4922.64652386332,1,12,2045-1430,0,埋蔵文化財包蔵地,5,139.59731396,35.417651775,南区NO.35,南区,南区NO.35,埋蔵文化財包蔵地,,[],宅地,南区,中里三丁目22付近,縄文(前・中期)・古墳,32,散布地,台地上,100×30,,,
497-1430,497,1430,埋蔵文化財包蔵地,南区NO.37,南区NO.37,南区NO.37,中里二丁目11付近,貝塚,宅地,台地上・斜面,,縄文(後期),31,139.59760765,35.4152197,JsonThemeAroundPoint:x/y,139.597607624487,35.4152271383159,5088.19595065014,1,12,497-1430,0,埋蔵文化財包蔵地,5,139.59760765,35.4152197,南区NO.37,南区,南区NO.37,埋蔵文化財包蔵地,,[],宅地,南区,中里二丁目11付近,縄文(後期),31,貝塚,台地上・斜面,,,,
2046-1430,2046,1430,埋蔵文化財包蔵地,南区NO.38,南区NO.38,南区NO.38,蒔田町124付近,集落跡・城跡,学校,台地上,230×180,縄文(前期)・弥生(中・後期)・古墳・室町？,36・37,139.61302359,35.423790795,JsonThemeAroundPoint:x/y,139.613066674875,35.4235739496098,3435.35164639453,1,12,2046-1430,0,埋蔵文化財包蔵地,5,139.61302359,35.423790795,南区NO.38,南区,南区NO.38,埋蔵文化財包蔵地,,[],学校,南区,蒔田町124付近,縄文(前期)・弥生(中・後期)・古墳・室町？,36・37,集落跡・城跡,台地上,230×180,,,
2049-1430,2049,1430,埋蔵文化財包蔵地,南区NO.39,南区NO.39,南区NO.39,蒔田町1020・1027付近,散布地,学校・宅地,台地上・斜面,,縄文・弥生(後期)・古墳,38,139.61714017,35.42141464,JsonThemeAroundPoint:x/y,139.616851997082,35.4210310893533,3422.73214551119,1,12,2049-1430,0,埋蔵文化財包蔵地,5,139.61714017,35.42141464,南区NO.39,南区,南区NO.39,埋蔵文化財包蔵地,,[],学校・宅地,南区,蒔田町1020・1027付近,縄文・弥生(後期)・古墳,38,散布地,台地上・斜面,,center,139.616851997082,35.4210310893533
2028-1430,2028,1430,埋蔵文化財包蔵地,南区NO.4,南区NO.4,南区NO.4,永田東二丁目4付近,集落跡・古墳・横穴墓,宅地,台地上・斜面,,弥生(後期)・古墳(前・後期),13,139.59999652,35.43291748,JsonThemeAroundPoint:x/y,139.600016441494,35.432847255902,3772.34866585588,1,12,2028-1430,0,埋蔵文化財包蔵地,5,139.59999652,35.43291748,南区NO.4,南区,南区NO.4,埋蔵文化財包蔵地,,[],宅地,南区,永田東二丁目4付近,弥生(後期)・古墳(前・後期),13,集落跡・古墳・横穴墓,台地上・斜面,,,,
2047-1430,2047,1430,埋蔵文化財包蔵地,南区NO.40,南区NO.40,南区NO.40,堀ノ内町二丁目239付近,散布地,宅地・雑木林,台地上,,(不明),39,139.619306975,35.421656735,JsonThemeAroundPoint:x/y,139.619237575035,35.4217615213346,3296.40366928552,1,12,2047-1430,0,埋蔵文化財包蔵地,5,139.619306975,35.421656735,南区NO.40,南区,南区NO.40,埋蔵文化財包蔵地,,[],宅地・雑木林,南区,堀ノ内町二丁目239付近,(不明),39,散布地,台地上,,,,
2048-1430,2048,1430,埋蔵文化財包蔵地,南区NO.41,南区NO.41,南区NO.41,堀ノ内町一丁目68付近,散布地,雑木林,台地上,,縄文(早・前・中期)・歴史,40,139.622740345,35.42496155,JsonThemeAroundPoint:x/y,139.622853927443,35.4249285404299,2822.93406438192,1,12,2048-1430,0,埋蔵文化財包蔵地,5,139.622740345,35.42496155,南区NO.41,南区,南区NO.41,埋蔵文化財包蔵地,,[],雑木林,南区,堀ノ内町一丁目68付近,縄文(早・前・中期)・歴史,40,散布地,台地上,,,,
2051-1430,2051,1430,埋蔵文化財包蔵地,南区NO.42,南区NO.42,南区NO.42,山谷23付近,集落跡・貝塚,宅地,台地上,,縄文(後期),41,139.628227285,35.425702095,JsonThemeAroundPoint:x/y,139.628204973648,35.4256666457565,2542.14152280695,1,12,2051-1430,0,埋蔵文化財包蔵地,5,139.628227285,35.425702095,南区NO.42,南区,南区NO.42,埋蔵文化財包蔵地,,[],宅地,南区,山谷23付近,縄文(後期),41,集落跡・貝塚,台地上,,,,
490-1430,490,1430,埋蔵文化財包蔵地,南区NO.43,南区NO.43,南区NO.43,六ツ川二丁目156,包含地,学校,台地上,,縄文・弥生,-,139.581180975,35.421547675,JsonThemeAroundPoint:x/y,139.581180950023,35.4215551182052,5867.30000008492,1,12,490-1430,0,埋蔵文化財包蔵地,5,139.581180975,35.421547675,南区NO.43,南区,南区NO.43,埋蔵文化財包蔵地,,[],学校,南区,六ツ川二丁目156,縄文・弥生,-,包含地,台地上,,,,
2029-1430,2029,1430,埋蔵文化財包蔵地,南区NO.5,南区NO.5,南区NO.5,永田東三丁目11～四丁目28付近,散布地・集落跡,道路・宅地・墓地,台地上・斜面,350×100,縄文(中期)・弥生(後期)・古墳(前期),9・10,139.603664395,35.435791145,JsonThemeAroundPoint:x/y,139.603627145115,35.4357127490827,3339.60963432785,1,12,2029-1430,0,埋蔵文化財包蔵地,5,139.603664395,35.435791145,南区NO.5,南区,南区NO.5,埋蔵文化財包蔵地,,[],道路・宅地・墓地,南区,永田東三丁目11～四丁目28付近,縄文(中期)・弥生(後期)・古墳(前期),9・10,散布地・集落跡,台地上・斜面,350×100,,,
486-1430,486,1430,埋蔵文化財包蔵地,南区NO.6,南区NO.6,南区NO.6,清水ヶ丘121付近,集落跡・貝塚,公園,台地上・斜面,,縄文(前期),6,139.608393435,35.435169325,JsonThemeAroundPoint:x/y,139.608393411353,35.4351767695031,2978.0980212879,1,12,486-1430,0,埋蔵文化財包蔵地,5,139.608393435,35.435169325,南区NO.6,南区,南区NO.6,埋蔵文化財包蔵地,,[],公園,南区,清水ヶ丘121付近,縄文(前期),6,集落跡・貝塚,台地上・斜面,,,,
2031-1430,2031,1430,埋蔵文化財包蔵地,南区NO.8,南区NO.8,南区NO.8,南太田三丁目304付近,古墳,荒地,台地斜面,,古墳,3,139.607932055,35.43275867,JsonThemeAroundPoint:x/y,139.607947981072,35.4327610565391,3143.69609246907,1,12,2031-1430,0,埋蔵文化財包蔵地,5,139.607932055,35.43275867,南区NO.8,南区,南区NO.8,埋蔵文化財包蔵地,,[],荒地,南区,南太田三丁目304付近,古墳,3,古墳,台地斜面,,,,
2033-1430,2033,1430,埋蔵文化財包蔵地,南区NO.9,南区NO.9,南区NO.9,清水ヶ丘69付近,散布地,畑地,台地斜面,70×20,縄文(早・中・後期),5,139.61129016,35.435481305,JsonThemeAroundPoint:x/y,139.611268675486,35.4354507810038,2729.35579667407,1,12,2033-1430,0,埋蔵文化財包蔵地,5,139.61129016,35.435481305,南区NO.9,南区,南区NO.9,埋蔵文化財包蔵地,,[],畑地,南区,清水ヶ丘69付近,縄文(早・中・後期),5,散布地,台地斜面,70×20,,,
763-1430,763,1430,埋蔵文化財包蔵地,戸塚区NO.1,戸塚区NO.1,戸塚区NO.1,川上町783付近,散布地,荒地,台地上・斜面,100×50,縄文,1,139.544759125,35.441398495,JsonThemeAroundPoint:x/y,139.544803438729,35.4413055565035,8452.20779007122,1,12,763-1430,0,埋蔵文化財包蔵地,5,139.544759125,35.441398495,戸塚区NO.1,戸塚区,戸塚区NO.1,埋蔵文化財包蔵地,,[],荒地,戸塚区,川上町783付近,縄文,1,散布地,台地上・斜面,100×50,,,
798-1430,798,1430,埋蔵文化財包蔵地,戸塚区NO.10,戸塚区NO.10,戸塚区NO.10,名瀬町2152付近,散布地・塚,雑木林・畑地,台地上・斜面,280×150,(不明),11,139.53217417,35.42879103,JsonThemeAroundPoint:x/y,139.531975125282,35.4288299197321,9784.70662410105,1,12,798-1430,0,埋蔵文化財包蔵地,5,139.53217417,35.42879103,戸塚区NO.10,戸塚区,戸塚区NO.10,埋蔵文化財包蔵地,,[],雑木林・畑地,戸塚区,名瀬町2152付近,(不明),11,散布地・塚,台地上・斜面,280×150,,,
839-1430,839,1430,埋蔵文化財包蔵地,戸塚区NO.100,戸塚区NO.100,戸塚区NO.100,汲沢町973・979・988・1073付近,貝塚・包含地,学校・宅地・畑地,台地上・斜面・低台地上,650×300,縄文(草創～後期)・弥生(中・後期)・古墳,116,139.51975897,35.387175425,JsonThemeAroundPoint:x/y,139.519609554626,35.3870855939227,12606.651825821,1,12,839-1430,0,埋蔵文化財包蔵地,5,139.51975897,35.387175425,戸塚区NO.100,戸塚区,戸塚区NO.100,埋蔵文化財包蔵地,,[],学校・宅地・畑地,戸塚区,汲沢町973・979・988・1073付近,縄文(草創～後期)・弥生(中・後期)・古墳,116,貝塚・包含地,台地上・斜面・低台地上,650×300,,,
146-1430,146,1430,埋蔵文化財包蔵地,戸塚区NO.101,戸塚区NO.101,戸塚区NO.101,汲沢町1229付近,散布地,宅地,台地上,,縄文(早・前・中期),115,139.523082185,35.388008585,JsonThemeAroundPoint:x/y,139.523082158818,35.3880160287664,12302.369485963,1,12,146-1430,0,埋蔵文化財包蔵地,5,139.523082185,35.388008585,戸塚区NO.101,戸塚区,戸塚区NO.101,埋蔵文化財包蔵地,,[],宅地,戸塚区,汲沢町1229付近,縄文(早・前・中期),115,散布地,台地上,,,,
145-1430,145,1430,埋蔵文化財包蔵地,戸塚区NO.102,戸塚区NO.102,戸塚区NO.102,戸塚町4265付近,塚,宅地,台地上,,(不明),132,139.531980855,35.394824815,JsonThemeAroundPoint:x/y,139.531980827554,35.3948322557316,11217.2559579964,1,12,145-1430,0,埋蔵文化財包蔵地,5,139.531980855,35.394824815,戸塚区NO.102,戸塚区,戸塚区NO.102,埋蔵文化財包蔵地,,[],宅地,戸塚区,戸塚町4265付近,(不明),132,塚,台地上,,,,
843-1430,843,1430,埋蔵文化財包蔵地,戸塚区NO.103,戸塚区NO.103,戸塚区NO.103,戸塚町3630付近,集落跡,雑木林,台地上・斜面,50×50,弥生(後期)・古墳・歴史,183,139.53198119,35.39355579,JsonThemeAroundPoint:x/y,139.531955866181,35.3935619452676,11291.1975908569,1,12,843-1430,0,埋蔵文化財包蔵地,5,139.53198119,35.39355579,戸塚区NO.103,戸塚区,戸塚区NO.103,埋蔵文化財包蔵地,,[],雑木林,戸塚区,戸塚町3630付近,弥生(後期)・古墳・歴史,183,集落跡,台地上・斜面,50×50,,,
842-1430,842,1430,埋蔵文化財包蔵地,戸塚区NO.104,戸塚区NO.104,戸塚区NO.104,戸塚町3827付近,古墳,雑木林,台地上,,古墳,129,139.53163549,35.391233765,JsonThemeAroundPoint:x/y,139.531703293228,35.3912163461424,11456.103732634,1,12,842-1430,0,埋蔵文化財包蔵地,5,139.53163549,35.391233765,戸塚区NO.104,戸塚区,戸塚区NO.104,埋蔵文化財包蔵地,,[],雑木林,戸塚区,戸塚町3827付近,古墳,129,古墳,台地上,,,,
147-1430,147,1430,埋蔵文化財包蔵地,戸塚区NO.105,戸塚区NO.105,戸塚区NO.105,戸塚町3078付近,古墳,宅地,台地上,,古墳,130,139.52892917,35.38825163,JsonThemeAroundPoint:x/y,139.52892914334,35.3882598161865,11843.1622359262,1,12,147-1430,0,埋蔵文化財包蔵地,5,139.52892917,35.38825163,戸塚区NO.105,戸塚区,戸塚区NO.105,埋蔵文化財包蔵地,,[],宅地,戸塚区,戸塚町3078付近,古墳,130,古墳,台地上,,,,
841-1430,841,1430,埋蔵文化財包蔵地,戸塚区NO.106,戸塚区NO.106,戸塚区NO.106,戸塚町463付近,散布地,宅地,低台地上,,縄文(中期),128,139.53129325,35.38823095,JsonThemeAroundPoint:x/y,139.531272748278,35.3882160431857,11666.6485604503,1,12,841-1430,0,埋蔵文化財包蔵地,5,139.53129325,35.38823095,戸塚区NO.106,戸塚区,戸塚区NO.106,埋蔵文化財包蔵地,,[],宅地,戸塚区,戸塚町463付近,縄文(中期),128,散布地,低台地上,,,,
148-1430,148,1430,埋蔵文化財包蔵地,戸塚区NO.107,戸塚区NO.107,戸塚区NO.107,戸塚町464付近,塚？,宅地,台地上,,(不明),131,139.531885985,35.38764204,JsonThemeAroundPoint:x/y,139.531885951259,35.3876502277827,11659.3666566964,1,12,148-1430,0,埋蔵文化財包蔵地,5,139.531885985,35.38764204,戸塚区NO.107,戸塚区,戸塚区NO.107,埋蔵文化財包蔵地,,[],宅地,戸塚区,戸塚町464付近,(不明),131,塚？,台地上,,,,
840-1430,840,1430,埋蔵文化財包蔵地,戸塚区NO.108,戸塚区NO.108,戸塚区NO.108,戸塚町3150付近,散布地,畑地,台地上,90×50,縄文(早期),125,139.52636658,35.3870217,JsonThemeAroundPoint:x/y,139.526352661126,35.3869773806358,12112.31852017,1,12,840-1430,0,埋蔵文化財包蔵地,5,139.52636658,35.3870217,戸塚区NO.108,戸塚区,戸塚区NO.108,埋蔵文化財包蔵地,,[],畑地,戸塚区,戸塚町3150付近,縄文(早期),125,散布地,台地上,90×50,,,
846-1430,846,1430,埋蔵文化財包蔵地,戸塚区NO.109,戸塚区NO.109,戸塚区NO.109,上倉田町2000付近,散布地・貝塚？,宅地,台地上,,縄文(中期),142,139.545691275,35.393560965,JsonThemeAroundPoint:x/y,139.545699704225,35.393446196385,10257.0995994989,1,12,846-1430,0,埋蔵文化財包蔵地,5,139.545691275,35.393560965,戸塚区NO.109,戸塚区,戸塚区NO.109,埋蔵文化財包蔵地,,[],宅地,戸塚区,上倉田町2000付近,縄文(中期),142,散布地・貝塚？,台地上,,,,
792-1430,792,1430,埋蔵文化財包蔵地,戸塚区NO.11,戸塚区NO.11,戸塚区NO.11,上矢部町1005付近,散布地,雑木林・畑地,台地上・斜面,330×150,縄文(中期)・弥生(後期)・古墳,12,139.534588235,35.424044545,JsonThemeAroundPoint:x/y,139.534619336301,35.4239542008337,9697.56862141355,1,12,792-1430,0,埋蔵文化財包蔵地,5,139.534588235,35.424044545,戸塚区NO.11,戸塚区,戸塚区NO.11,埋蔵文化財包蔵地,,[],雑木林・畑地,戸塚区,上矢部町1005付近,縄文(中期)・弥生(後期)・古墳,12,散布地,台地上・斜面,330×150,,,
848-1430,848,1430,埋蔵文化財包蔵地,戸塚区NO.111,戸塚区NO.111,戸塚区NO.111,上倉田町1730付近,集落跡,宅地,台地上・斜面,200×100,縄文(後期)・弥生(中・後期)・古墳,134,139.545737815,35.38850164,JsonThemeAroundPoint:x/y,139.545771266075,35.3884517709085,10591.0754976874,1,12,848-1430,0,埋蔵文化財包蔵地,5,139.545737815,35.38850164,戸塚区NO.111,戸塚区,戸塚区NO.111,埋蔵文化財包蔵地,,[],宅地,戸塚区,上倉田町1730付近,縄文(後期)・弥生(中・後期)・古墳,134,集落跡,台地上・斜面,200×100,,,
856-1430,856,1430,埋蔵文化財包蔵地,戸塚区NO.112,戸塚区NO.112,戸塚区NO.112,舞岡町3600付近,散布地,宅地,台地上・斜面,,縄文(早・前・中期),88,139.552192605,35.408189335,JsonThemeAroundPoint:x/y,139.55227726791,35.4081023813514,8885.52937475649,1,12,856-1430,0,埋蔵文化財包蔵地,5,139.552192605,35.408189335,戸塚区NO.112,戸塚区,戸塚区NO.112,埋蔵文化財包蔵地,,[],宅地,戸塚区,舞岡町3600付近,縄文(早・前・中期),88,散布地,台地上・斜面,,,,
855-1430,855,1430,埋蔵文化財包蔵地,戸塚区NO.113,戸塚区NO.113,戸塚区NO.113,舞岡町3482付近,散布地,病院・宅地・雑木林,台地上・斜面,150×150,弥生(後期)・古墳,89,139.555430155,35.407170035,JsonThemeAroundPoint:x/y,139.555125281778,35.4072704739526,8688.2441145551,1,12,855-1430,0,埋蔵文化財包蔵地,5,139.555430155,35.407170035,戸塚区NO.113,戸塚区,戸塚区NO.113,埋蔵文化財包蔵地,,[],病院・宅地・雑木林,戸塚区,舞岡町3482付近,弥生(後期)・古墳,89,散布地,台地上・斜面,150×150,,,
854-1430,854,1430,埋蔵文化財包蔵地,戸塚区NO.114,戸塚区NO.114,戸塚区NO.114,舞岡町3383付近,散布地,雑木林・宅地,台地上・斜面,230×130,縄文(中・後期),90,139.558090205,35.40560045,JsonThemeAroundPoint:x/y,139.558003940377,35.4054259359116,8575.08942371905,1,12,854-1430,0,埋蔵文化財包蔵地,5,139.558090205,35.40560045,戸塚区NO.114,戸塚区,戸塚区NO.114,埋蔵文化財包蔵地,,[],雑木林・宅地,戸塚区,舞岡町3383付近,縄文(中・後期),90,散布地,台地上・斜面,230×130,,,
857-1430,857,1430,埋蔵文化財包蔵地,戸塚区NO.115,戸塚区NO.115,戸塚区NO.115,舞岡町296・吉田町1478付近,散布地,雑木林,台地上,330×70,縄文(中期)・弥生(後期),99,139.5486305,35.40374766,JsonThemeAroundPoint:x/y,139.548720668395,35.4039283615956,9412.51590476899,1,12,857-1430,0,埋蔵文化財包蔵地,5,139.5486305,35.40374766,戸塚区NO.115,戸塚区,戸塚区NO.115,埋蔵文化財包蔵地,,[],雑木林,戸塚区,舞岡町296・吉田町1478付近,縄文(中期)・弥生(後期),99,散布地,台地上,330×70,,,
860-1430,860,1430,埋蔵文化財包蔵地,戸塚区NO.116,戸塚区NO.116,戸塚区NO.116,舞岡町830付近,散布地,畑地・雑木林,台地上・斜面,350×100,縄文(中期),95,139.550043685,35.398929475,JsonThemeAroundPoint:x/y,139.549814411167,35.3989419618103,9592.27846325938,1,12,860-1430,0,埋蔵文化財包蔵地,5,139.550043685,35.398929475,戸塚区NO.116,戸塚区,戸塚区NO.116,埋蔵文化財包蔵地,,[],畑地・雑木林,戸塚区,舞岡町830付近,縄文(中期),95,散布地,台地上・斜面,350×100,,,
858-1430,858,1430,埋蔵文化財包蔵地,戸塚区NO.117,戸塚区NO.117,戸塚区NO.117,舞岡町395付近,散布地,雑木林,台地上,330×70,縄文(早・前期)・古墳,98,139.550763345,35.40388831,JsonThemeAroundPoint:x/y,139.550781139219,35.4039389446457,9239.02008717277,1,12,858-1430,0,埋蔵文化財包蔵地,5,139.550763345,35.40388831,戸塚区NO.117,戸塚区,戸塚区NO.117,埋蔵文化財包蔵地,,[],雑木林,戸塚区,舞岡町395付近,縄文(早・前期)・古墳,98,散布地,台地上,330×70,,,
859-1430,859,1430,埋蔵文化財包蔵地,戸塚区NO.118,戸塚区NO.118,戸塚区NO.118,舞岡町463・638・712・719・726付近,散布地・集落跡・包含地,畑地・宅地・雑木林,台地上・斜面,400×100,縄文(早・前・中期)・弥生(中・後期)・古墳(前・後期)・奈良～平安,96・97,139.552934825,35.402263525,JsonThemeAroundPoint:x/y,139.553093626455,35.4019305257488,9168.95404668715,1,12,859-1430,0,埋蔵文化財包蔵地,5,139.552934825,35.402263525,戸塚区NO.118,戸塚区,戸塚区NO.118,埋蔵文化財包蔵地,,[],畑地・宅地・雑木林,戸塚区,舞岡町463・638・712・719・726付近,縄文(早・前・中期)・弥生(中・後期)・古墳(前・後期)・奈良～平安,96・97,散布地・集落跡・包含地,台地上・斜面,400×100,,,
150-1430,150,1430,埋蔵文化財包蔵地,戸塚区NO.119,戸塚区NO.119,戸塚区NO.119,吉田町1545付近,散布地,宅地,台地上,,弥生(後期),105,139.547200425,35.39865559,JsonThemeAroundPoint:x/y,139.547200399977,35.3986630301681,9823.57531124428,1,12,150-1430,0,埋蔵文化財包蔵地,5,139.547200425,35.39865559,戸塚区NO.119,戸塚区,戸塚区NO.119,埋蔵文化財包蔵地,,[],宅地,戸塚区,吉田町1545付近,弥生(後期),105,散布地,台地上,,,,
888-1430,888,1430,埋蔵文化財包蔵地,戸塚区NO.119,戸塚区NO.119,戸塚区NO.119,汲沢町51、52‐1、52‐3、‐4、88付近外,散布地,畑地・宅地・雑木林・荒蕪地,台地上・斜面,350×100,縄文(中・後期)・古墳・奈良・平安・中世・近世,119,139.518267393856,35.381864685557,JsonThemeAroundPoint:x/y,139.518069869699,35.3818523017383,13041.2957325989,1,12,888-1430,0,埋蔵文化財包蔵地,5,139.518267393856,35.381864685557,戸塚区NO.119,戸塚区,戸塚区NO.119,埋蔵文化財包蔵地,,[],畑地・宅地・雑木林・荒蕪地,戸塚区,汲沢町51、52‐1、52‐3、‐4、88付近外,縄文(中・後期)・古墳・奈良・平安・中世・近世,119,散布地,台地上・斜面,350×100,,,
797-1430,797,1430,埋蔵文化財包蔵地,戸塚区NO.12,戸塚区NO.12,戸塚区NO.12,名瀬町1730付近,散布地,宅地・畑地・雑木林,台地上・斜面,230×200,平安,20,139.540008585,35.429287355,JsonThemeAroundPoint:x/y,139.540228996119,35.4292386179155,9079.36252969273,1,12,797-1430,0,埋蔵文化財包蔵地,5,139.540008585,35.429287355,戸塚区NO.12,戸塚区,戸塚区NO.12,埋蔵文化財包蔵地,,[],宅地・畑地・雑木林,戸塚区,名瀬町1730付近,平安,20,散布地,台地上・斜面,230×200,,,
853-1430,853,1430,埋蔵文化財包蔵地,戸塚区NO.120,戸塚区NO.120,戸塚区NO.120,舞岡町3143・3159・3234付近,散布地・包含地,雑木林・畑地・荒地,台地上・斜面,,縄文(早・中・後期)・弥生・古墳,91,139.559556105,35.40065513,JsonThemeAroundPoint:x/y,139.559397448179,35.4006285108528,8776.42654850311,1,12,853-1430,0,埋蔵文化財包蔵地,5,139.559556105,35.40065513,戸塚区NO.120,戸塚区,戸塚区NO.120,埋蔵文化財包蔵地,,[],雑木林・畑地・荒地,戸塚区,舞岡町3143・3159・3234付近,縄文(早・中・後期)・弥生・古墳,91,散布地・包含地,台地上・斜面,,,,
866-1430,866,1430,埋蔵文化財包蔵地,戸塚区NO.123,戸塚区NO.123,戸塚区NO.123,舞岡町2721・2768付近,散布地,雑木林,台地上,600×70,縄文(早・前？・中・後期)・弥生・古墳,93,139.55609922,35.396132495,JsonThemeAroundPoint:x/y,139.556088546652,35.3966109026782,9328.8231869619,1,12,866-1430,0,埋蔵文化財包蔵地,5,139.55609922,35.396132495,戸塚区NO.123,戸塚区,戸塚区NO.123,埋蔵文化財包蔵地,,[],雑木林,戸塚区,舞岡町2721・2768付近,縄文(早・前？・中・後期)・弥生・古墳,93,散布地,台地上,600×70,,,
861-1430,861,1430,埋蔵文化財包蔵地,戸塚区NO.124,戸塚区NO.124,戸塚区NO.124,舞岡町932付近,散布地,雑木林,台地上,240×70,弥生(後期)・古墳,94,139.55258196,35.396928125,JsonThemeAroundPoint:x/y,139.552531879855,35.3968852555178,9531.43680033555,1,12,861-1430,0,埋蔵文化財包蔵地,5,139.55258196,35.396928125,戸塚区NO.124,戸塚区,戸塚区NO.124,埋蔵文化財包蔵地,,[],雑木林,戸塚区,舞岡町932付近,弥生(後期)・古墳,94,散布地,台地上,240×70,,,
862-1430,862,1430,埋蔵文化財包蔵地,戸塚区NO.125,戸塚区NO.125,戸塚区NO.125,上倉田町2142付近,散布地,雑木林・学校・宅地,台地上・斜面,,縄文(前・中期),143,139.5477109,35.39485819,JsonThemeAroundPoint:x/y,139.547635785178,35.39485424796,10024.2826248551,1,12,862-1430,0,埋蔵文化財包蔵地,5,139.5477109,35.39485819,戸塚区NO.125,戸塚区,戸塚区NO.125,埋蔵文化財包蔵地,,[],雑木林・学校・宅地,戸塚区,上倉田町2142付近,縄文(前・中期),143,散布地,台地上・斜面,,,,
153-1430,153,1430,埋蔵文化財包蔵地,戸塚区NO.126,戸塚区NO.126,戸塚区NO.126,上倉田町2040付近,散布地,宅地,台地上,,弥生(後期),141,139.548888245,35.392571965,JsonThemeAroundPoint:x/y,139.548888216499,35.3925801497905,10088.7363174871,1,12,153-1430,0,埋蔵文化財包蔵地,5,139.548888245,35.392571965,戸塚区NO.126,戸塚区,戸塚区NO.126,埋蔵文化財包蔵地,,[],宅地,戸塚区,上倉田町2040付近,弥生(後期),141,散布地,台地上,,,,
154-1430,154,1430,埋蔵文化財包蔵地,戸塚区NO.127,戸塚区NO.127,戸塚区NO.127,上倉田町1802付近,散布地,宅地,台地上,,縄文(早・中期)・弥生(後期),140,139.54825123,35.39124929,JsonThemeAroundPoint:x/y,139.548251201639,35.3912574805235,10223.7804359704,1,12,154-1430,0,埋蔵文化財包蔵地,5,139.54825123,35.39124929,戸塚区NO.127,戸塚区,戸塚区NO.127,埋蔵文化財包蔵地,,[],宅地,戸塚区,上倉田町1802付近,縄文(早・中期)・弥生(後期),140,散布地,台地上,,,,
155-1430,155,1430,埋蔵文化財包蔵地,戸塚区NO.128,戸塚区NO.128,戸塚区NO.128,上倉田町1735付近,散布地,宅地,台地上,,縄文(早期),139,139.548105525,35.39047107,JsonThemeAroundPoint:x/y,139.548105496749,35.3904792602112,10287.1374311777,1,12,155-1430,0,埋蔵文化財包蔵地,5,139.548105525,35.39047107,戸塚区NO.128,戸塚区,戸塚区NO.128,埋蔵文化財包蔵地,,[],宅地,戸塚区,上倉田町1735付近,縄文(早期),139,散布地,台地上,,,,
165-1430,165,1430,埋蔵文化財包蔵地,戸塚区NO.129,戸塚区NO.129,戸塚区NO.129,上倉田町1652付近,散布地,宅地,台地上,,弥生(後期)・古墳,138,139.54716623,35.3892016,JsonThemeAroundPoint:x/y,139.547166199806,35.3892097848846,10441.1626747141,1,12,165-1430,0,埋蔵文化財包蔵地,5,139.54716623,35.3892016,戸塚区NO.129,戸塚区,戸塚区NO.129,埋蔵文化財包蔵地,,[],宅地,戸塚区,上倉田町1652付近,弥生(後期)・古墳,138,散布地,台地上,,,,
796-1430,796,1430,埋蔵文化財包蔵地,戸塚区NO.13,戸塚区NO.13,戸塚区NO.13,名瀬町795付近,散布地,宅地・荒地,台地上・斜面,180×80,弥生(中・後期),19,139.543058595,35.429641445,JsonThemeAroundPoint:x/y,139.543072282122,35.4296050363485,8801.07351144692,1,12,796-1430,0,埋蔵文化財包蔵地,5,139.543058595,35.429641445,戸塚区NO.13,戸塚区,戸塚区NO.13,埋蔵文化財包蔵地,,[],宅地・荒地,戸塚区,名瀬町795付近,弥生(中・後期),19,散布地,台地上・斜面,180×80,,,
166-1430,166,1430,埋蔵文化財包蔵地,戸塚区NO.130,戸塚区NO.130,戸塚区NO.130,上倉田町1666付近,散布地,宅地,台地上,,縄文(前・中期),136,139.54714907,35.38818691,JsonThemeAroundPoint:x/y,139.547070162829,35.3881720577499,10512.500405264,1,12,166-1430,0,埋蔵文化財包蔵地,5,139.54714907,35.38818691,戸塚区NO.130,戸塚区,戸塚区NO.130,埋蔵文化財包蔵地,,[],宅地,戸塚区,上倉田町1666付近,縄文(前・中期),136,散布地,台地上,,,,
156-1430,156,1430,埋蔵文化財包蔵地,戸塚区NO.131,戸塚区NO.131,戸塚区NO.131,上倉田町1577付近,散布地,宅地,台地上,,縄文(後期),137,139.54869364,35.38880229,JsonThemeAroundPoint:x/y,139.548693613129,35.3888104782874,10360.4751877696,1,12,156-1430,0,埋蔵文化財包蔵地,5,139.54869364,35.38880229,戸塚区NO.131,戸塚区,戸塚区NO.131,埋蔵文化財包蔵地,,[],宅地,戸塚区,上倉田町1577付近,縄文(後期),137,散布地,台地上,,,,
863-1430,863,1430,埋蔵文化財包蔵地,戸塚区NO.133,戸塚区NO.133,戸塚区NO.133,舞岡町1340・1415付近,散布地,畑地・雑木林,台地上・斜面,400×100,縄文(中期)・弥生・古墳,145,139.55303412,35.392136435,JsonThemeAroundPoint:x/y,139.553005372212,35.3923530071753,9821.57191816942,1,12,863-1430,0,埋蔵文化財包蔵地,5,139.55303412,35.392136435,戸塚区NO.133,戸塚区,戸塚区NO.133,埋蔵文化財包蔵地,,[],畑地・雑木林,戸塚区,舞岡町1340・1415付近,縄文(中期)・弥生・古墳,145,散布地,台地上・斜面,400×100,,,
865-1430,865,1430,埋蔵文化財包蔵地,戸塚区NO.135,戸塚区NO.135,戸塚区NO.135,南舞岡三丁目36付近,散布地,学校,台地上,,縄文(前？・中期),146,139.55822452,35.39437939,JsonThemeAroundPoint:x/y,139.558164199263,35.3943383652036,9298.7766707847,1,12,865-1430,0,埋蔵文化財包蔵地,5,139.55822452,35.39437939,戸塚区NO.135,戸塚区,戸塚区NO.135,埋蔵文化財包蔵地,,[],学校,戸塚区,南舞岡三丁目36付近,縄文(前？・中期),146,散布地,台地上,,,,
163-1430,163,1430,埋蔵文化財包蔵地,戸塚区NO.136,戸塚区NO.136,戸塚区NO.136,南舞岡三丁目36付近,散布地,宅地,台地上,,縄文(中期),155,139.559085635,35.3925381,JsonThemeAroundPoint:x/y,139.559085610351,35.3925459176324,9370.0295762944,1,12,163-1430,0,埋蔵文化財包蔵地,5,139.559085635,35.3925381,戸塚区NO.136,戸塚区,戸塚区NO.136,埋蔵文化財包蔵地,,[],宅地,戸塚区,南舞岡三丁目36付近,縄文(中期),155,散布地,台地上,,,,
164-1430,164,1430,埋蔵文化財包蔵地,戸塚区NO.137,戸塚区NO.137,戸塚区NO.137,南舞岡三丁目11付近,散布地,宅地,台地斜面,,縄文(前期？)・弥生(後期)・古墳,154,139.55857259,35.391417045,JsonThemeAroundPoint:x/y,139.558572564371,35.3914248583066,9486.55502970682,1,12,164-1430,0,埋蔵文化財包蔵地,5,139.55857259,35.391417045,戸塚区NO.137,戸塚区,戸塚区NO.137,埋蔵文化財包蔵地,,[],宅地,戸塚区,南舞岡三丁目11付近,縄文(前期？)・弥生(後期)・古墳,154,散布地,台地斜面,,,,
151-1430,151,1430,埋蔵文化財包蔵地,戸塚区NO.138,戸塚区NO.138,戸塚区NO.138,南舞岡一丁目8付近,散布地,宅地,台地上,,縄文(後期),147,139.560747025,35.39529476,JsonThemeAroundPoint:x/y,139.560746998072,35.3953025746723,9057.48447755012,1,12,151-1430,0,埋蔵文化財包蔵地,5,139.560747025,35.39529476,戸塚区NO.138,戸塚区,戸塚区NO.138,埋蔵文化財包蔵地,,[],宅地,戸塚区,南舞岡一丁目8付近,縄文(後期),147,散布地,台地上,,,,
152-1430,152,1430,埋蔵文化財包蔵地,戸塚区NO.139,戸塚区NO.139,戸塚区NO.139,南舞岡一丁目19付近,散布地,宅地,台地斜面,,(不明),148,139.562018595,35.39321768,JsonThemeAroundPoint:x/y,139.562018565961,35.3932251184994,9119.4591548257,1,12,152-1430,0,埋蔵文化財包蔵地,5,139.562018595,35.39321768,戸塚区NO.139,戸塚区,戸塚区NO.139,埋蔵文化財包蔵地,,[],宅地,戸塚区,南舞岡一丁目19付近,(不明),148,散布地,台地斜面,,,,
114-1430,114,1430,埋蔵文化財包蔵地,戸塚区NO.14,戸塚区NO.14,戸塚区NO.14,名瀬町776付近,墓地,学校,台地上,,弥生(後期)・古墳,22,139.54424766,35.427643975,JsonThemeAroundPoint:x/y,139.544247629344,35.4276517896769,8748.61423205956,1,12,114-1430,0,埋蔵文化財包蔵地,5,139.54424766,35.427643975,戸塚区NO.14,戸塚区,戸塚区NO.14,埋蔵文化財包蔵地,,[],学校,戸塚区,名瀬町776付近,弥生(後期)・古墳,22,墓地,台地上,,,,
161-1430,161,1430,埋蔵文化財包蔵地,戸塚区NO.140,戸塚区NO.140,戸塚区NO.140,南舞岡一丁目28付近,散布地,宅地,台地上,,古墳,149,139.561698975,35.39218481,JsonThemeAroundPoint:x/y,139.561698949798,35.3921926233992,9217.16450692469,1,12,161-1430,0,埋蔵文化財包蔵地,5,139.561698975,35.39218481,戸塚区NO.140,戸塚区,戸塚区NO.140,埋蔵文化財包蔵地,,[],宅地,戸塚区,南舞岡一丁目28付近,古墳,149,散布地,台地上,,,,
160-1430,160,1430,埋蔵文化財包蔵地,戸塚区NO.141,戸塚区NO.141,戸塚区NO.141,南舞岡一丁目29付近,散布地,宅地,台地上,,縄文(早期)・弥生(後期),150,139.560758995,35.39139376,JsonThemeAroundPoint:x/y,139.560758967801,35.3914015754531,9339.29762501644,1,12,160-1430,0,埋蔵文化財包蔵地,5,139.560758995,35.39139376,戸塚区NO.141,戸塚区,戸塚区NO.141,埋蔵文化財包蔵地,,[],宅地,戸塚区,南舞岡一丁目29付近,縄文(早期)・弥生(後期),150,散布地,台地上,,,,
159-1430,159,1430,埋蔵文化財包蔵地,戸塚区NO.142,戸塚区NO.142,戸塚区NO.142,南舞岡一丁目31付近,散布地,宅地,台地上,,古墳,151,139.560863195,35.39058739,JsonThemeAroundPoint:x/y,139.560863167811,35.3905952034596,9392.15441115386,1,12,159-1430,0,埋蔵文化財包蔵地,5,139.560863195,35.39058739,戸塚区NO.142,戸塚区,戸塚区NO.142,埋蔵文化財包蔵地,,[],宅地,戸塚区,南舞岡一丁目31付近,古墳,151,散布地,台地上,,,,
162-1430,162,1430,埋蔵文化財包蔵地,戸塚区NO.143,戸塚区NO.143,戸塚区NO.143,南舞岡三丁目36付近,塚,宅地,台地上？,,(不明),187,139.55805623,35.3922582,JsonThemeAroundPoint:x/y,139.558056203975,35.3922660119428,9461.2878080901,1,12,162-1430,0,埋蔵文化財包蔵地,5,139.55805623,35.3922582,戸塚区NO.143,戸塚区,戸塚区NO.143,埋蔵文化財包蔵地,,[],宅地,戸塚区,南舞岡三丁目36付近,(不明),187,塚,台地上？,,,,
158-1430,158,1430,埋蔵文化財包蔵地,戸塚区NO.144,戸塚区NO.144,戸塚区NO.144,南舞岡二丁目8付近,散布地,宅地,台地上,,縄文(後期)・弥生(後期),152,139.560354405,35.38892353,JsonThemeAroundPoint:x/y,139.560354382501,35.3889309722491,9551.06369422445,1,12,158-1430,0,埋蔵文化財包蔵地,5,139.560354405,35.38892353,戸塚区NO.144,戸塚区,戸塚区NO.144,埋蔵文化財包蔵地,,[],宅地,戸塚区,南舞岡二丁目8付近,縄文(後期)・弥生(後期),152,散布地,台地上,,,,
157-1430,157,1430,埋蔵文化財包蔵地,戸塚区NO.145,戸塚区NO.145,戸塚区NO.145,南舞岡二丁目17付近,散布地,宅地,台地上,,縄文(中・後期)・古墳,153,139.559425085,35.38865873,JsonThemeAroundPoint:x/y,139.559425062058,35.3886661711385,9632.97382343745,1,12,157-1430,0,埋蔵文化財包蔵地,5,139.559425085,35.38865873,戸塚区NO.145,戸塚区,戸塚区NO.145,埋蔵文化財包蔵地,,[],宅地,戸塚区,南舞岡二丁目17付近,縄文(中・後期)・古墳,153,散布地,台地上,,,,
869-1430,869,1430,埋蔵文化財包蔵地,戸塚区NO.146,戸塚区NO.146,戸塚区NO.146,俣野町700付近,散布地,宅地・畑地・荒地,台地上・斜面,,弥生(後期)・古墳,107,139.49766145,35.3794585,JsonThemeAroundPoint:x/y,139.497393838317,35.379427740134,14763.7341423921,1,12,869-1430,0,埋蔵文化財包蔵地,5,139.49766145,35.3794585,戸塚区NO.146,戸塚区,戸塚区NO.146,埋蔵文化財包蔵地,,[],宅地・畑地・荒地,戸塚区,俣野町700付近,弥生(後期)・古墳,107,散布地,台地上・斜面,,,,
870-1430,870,1430,埋蔵文化財包蔵地,戸塚区NO.147,戸塚区NO.147,戸塚区NO.147,深谷町909付近,散布地,畑地・宅地,台地上,750×330,(不明),108,139.50552183,35.38433501,JsonThemeAroundPoint:x/y,139.505415074109,35.3835957100364,13874.6490095932,1,12,870-1430,0,埋蔵文化財包蔵地,5,139.50552183,35.38433501,戸塚区NO.147,戸塚区,戸塚区NO.147,埋蔵文化財包蔵地,,[],畑地・宅地,戸塚区,深谷町909付近,(不明),108,散布地,台地上,750×330,,,
169-1430,169,1430,埋蔵文化財包蔵地,戸塚区NO.148,戸塚区NO.148,戸塚区NO.148,深谷町241付近,散布地,宅地,台地上,,縄文(早期),109,139.506556105,35.378225225,JsonThemeAroundPoint:x/y,139.506556076025,35.3782330131789,14150.4852064752,1,12,169-1430,0,埋蔵文化財包蔵地,5,139.506556105,35.378225225,戸塚区NO.148,戸塚区,戸塚区NO.148,埋蔵文化財包蔵地,,[],宅地,戸塚区,深谷町241付近,縄文(早期),109,散布地,台地上,,,,
168-1430,168,1430,埋蔵文化財包蔵地,戸塚区NO.149,戸塚区NO.149,戸塚区NO.149,深谷町55付近,散布地,宅地,台地上・斜面,,弥生(後期),162,139.50243134,35.37609499,JsonThemeAroundPoint:x/y,139.502431309223,35.376102747578,14593.0696102172,1,12,168-1430,0,埋蔵文化財包蔵地,5,139.50243134,35.37609499,戸塚区NO.149,戸塚区,戸塚区NO.149,埋蔵文化財包蔵地,,[],宅地,戸塚区,深谷町55付近,弥生(後期),162,散布地,台地上・斜面,,,,
795-1430,795,1430,埋蔵文化財包蔵地,戸塚区NO.15,戸塚区NO.15,戸塚区NO.15,名瀬町587付近,散布地,ゴルフ場・雑木林,台地上・斜面,220×70,縄文(早期),21,139.54080545,35.42489648,JsonThemeAroundPoint:x/y,139.540824047548,35.4249392871152,9129.37745850299,1,12,795-1430,0,埋蔵文化財包蔵地,5,139.54080545,35.42489648,戸塚区NO.15,戸塚区,戸塚区NO.15,埋蔵文化財包蔵地,,[],ゴルフ場・雑木林,戸塚区,名瀬町587付近,縄文(早期),21,散布地,台地上・斜面,220×70,,,
170-1430,170,1430,埋蔵文化財包蔵地,戸塚区NO.150,戸塚区NO.150,戸塚区NO.150,原宿三丁目252付近,散布地,宅地,台地上,,縄文(前・中・後期),179,139.508529515,35.3766938,JsonThemeAroundPoint:x/y,139.508529486703,35.3767012460298,14094.6357220327,1,12,170-1430,0,埋蔵文化財包蔵地,5,139.508529515,35.3766938,戸塚区NO.150,戸塚区,戸塚区NO.150,埋蔵文化財包蔵地,,[],宅地,戸塚区,原宿三丁目252付近,縄文(前・中・後期),179,散布地,台地上,,,,
871-1430,871,1430,埋蔵文化財包蔵地,戸塚区NO.151,戸塚区NO.151,戸塚区NO.151,原宿五丁目1005付近,散布地,畑地・宅地,台地上,400×170,古墳・中世・近世,167,139.505779865,35.368433705,JsonThemeAroundPoint:x/y,139.506197057345,35.3685955690578,14826.1791641576,1,12,871-1430,0,埋蔵文化財包蔵地,5,139.505779865,35.368433705,戸塚区NO.151,戸塚区,戸塚区NO.151,埋蔵文化財包蔵地,,[],畑地・宅地,戸塚区,原宿五丁目1005付近,古墳・中世・近世,167,散布地,台地上,400×170,,,
167-1430,167,1430,埋蔵文化財包蔵地,戸塚区NO.152,戸塚区NO.152,戸塚区NO.152,東俣野町1069付近,塚,宅地,台地上,,(不明),166,139.50260084,35.366385745,JsonThemeAroundPoint:x/y,139.502600809088,35.3663935575941,15193.2336956478,1,12,167-1430,0,埋蔵文化財包蔵地,5,139.50260084,35.366385745,戸塚区NO.152,戸塚区,戸塚区NO.152,埋蔵文化財包蔵地,,[],宅地,戸塚区,東俣野町1069付近,(不明),166,塚,台地上,,,,
872-1430,872,1430,埋蔵文化財包蔵地,戸塚区NO.153,戸塚区NO.153,戸塚区NO.153,東俣野町1103付近,猟場,宅地・畑地,台地上,350×250,縄文(早・前・後期),165,139.500374095,35.36403071,JsonThemeAroundPoint:x/y,139.500462081382,35.3644555069969,15511.2056593766,1,12,872-1430,0,埋蔵文化財包蔵地,5,139.500374095,35.36403071,戸塚区NO.153,戸塚区,戸塚区NO.153,埋蔵文化財包蔵地,,[],宅地・畑地,戸塚区,東俣野町1103付近,縄文(早・前・後期),165,猟場,台地上,350×250,,,
892-1430,892,1430,埋蔵文化財包蔵地,戸塚区NO.154,戸塚区NO.154,戸塚区NO.154,汲沢町257付近,散布地,畑地・宅地,台地上・斜面,300×150,縄文(前・中期),117,139.51535853,35.385484165,JsonThemeAroundPoint:x/y,139.515011560083,35.385651803255,13044.6689186436,1,12,892-1430,0,埋蔵文化財包蔵地,5,139.51535853,35.385484165,戸塚区NO.154,戸塚区,戸塚区NO.154,埋蔵文化財包蔵地,,[],畑地・宅地,戸塚区,汲沢町257付近,縄文(前・中期),117,散布地,台地上・斜面,300×150,,,
889-1430,889,1430,埋蔵文化財包蔵地,戸塚区NO.155,戸塚区NO.155,戸塚区NO.155,汲沢町147付近,散布地,畑地・荒地,台地上・斜面,180×140,(不明),118,139.520217515,35.383785905,JsonThemeAroundPoint:x/y,139.520132372317,35.3840403970636,12775.6885412381,1,12,889-1430,0,埋蔵文化財包蔵地,5,139.520217515,35.383785905,戸塚区NO.155,戸塚区,戸塚区NO.155,埋蔵文化財包蔵地,,[],畑地・荒地,戸塚区,汲沢町147付近,(不明),118,散布地,台地上・斜面,180×140,,,
171-1430,171,1430,埋蔵文化財包蔵地,戸塚区NO.157,戸塚区NO.157,戸塚区NO.157,戸塚町2033付近,散布地,宅地,台地斜面,,縄文・古墳,124,139.52404767,35.384831975,JsonThemeAroundPoint:x/y,139.524047643038,35.3848394154721,12422.3926525176,1,12,171-1430,0,埋蔵文化財包蔵地,5,139.52404767,35.384831975,戸塚区NO.157,戸塚区,戸塚区NO.157,埋蔵文化財包蔵地,,[],宅地,戸塚区,戸塚町2033付近,縄文・古墳,124,散布地,台地斜面,,,,
890-1430,890,1430,埋蔵文化財包蔵地,戸塚区NO.158,戸塚区NO.158,戸塚区NO.158,戸塚町2069付近,集落跡・猟場,宅地,台地上・斜面,100×80,縄文(草創・早・中・後期)・奈良・平安,122,139.52405705,35.38199587,JsonThemeAroundPoint:x/y,139.524497951693,35.3820329230528,12600.6192035265,1,12,890-1430,0,埋蔵文化財包蔵地,5,139.52405705,35.38199587,戸塚区NO.158,戸塚区,戸塚区NO.158,埋蔵文化財包蔵地,,[],宅地,戸塚区,戸塚町2069付近,縄文(草創・早・中・後期)・奈良・平安,122,集落跡・猟場,台地上・斜面,100×80,,,
891-1430,891,1430,埋蔵文化財包蔵地,戸塚区NO.159,戸塚区NO.159,戸塚区NO.159,戸塚町2358・2421・2485付近,散布地,雑木林・宅地・畑地,台地上・斜面,200×100,縄文(早・中期)・弥生(後期)・古墳,123,139.52688737,35.38410594,JsonThemeAroundPoint:x/y,139.52710127599,35.3841595253054,12255.8358845965,1,12,891-1430,0,埋蔵文化財包蔵地,5,139.52688737,35.38410594,戸塚区NO.159,戸塚区,戸塚区NO.159,埋蔵文化財包蔵地,,[],雑木林・宅地・畑地,戸塚区,戸塚町2358・2421・2485付近,縄文(早・中期)・弥生(後期)・古墳,123,散布地,台地上・斜面,200×100,,,
115-1430,115,1430,埋蔵文化財包蔵地,戸塚区NO.16,戸塚区NO.16,戸塚区NO.16,名瀬町765付近,散布地,宅地,台地上,,弥生(後期),24,139.545094815,35.42439447,JsonThemeAroundPoint:x/y,139.545094785733,35.4244022848829,8771.89916982591,1,12,115-1430,0,埋蔵文化財包蔵地,5,139.545094815,35.42439447,戸塚区NO.16,戸塚区,戸塚区NO.16,埋蔵文化財包蔵地,,[],宅地,戸塚区,名瀬町765付近,弥生(後期),24,散布地,台地上,,,,
172-1430,172,1430,埋蔵文化財包蔵地,戸塚区NO.160,戸塚区NO.160,戸塚区NO.160,戸塚町2790付近,散布地,学校,台地上・斜面,,弥生(後期),126,139.529059735,35.384750235,JsonThemeAroundPoint:x/y,139.529059707531,35.3847576795091,12053.516979005,1,12,172-1430,0,埋蔵文化財包蔵地,5,139.529059735,35.384750235,戸塚区NO.160,戸塚区,戸塚区NO.160,埋蔵文化財包蔵地,,[],学校,戸塚区,戸塚町2790付近,弥生(後期),126,散布地,台地上・斜面,,,,
173-1430,173,1430,埋蔵文化財包蔵地,戸塚区NO.161,戸塚区NO.161,戸塚区NO.161,戸塚町486付近,散布地,宅地,台地上,,縄文・古墳,127,139.532038975,35.38568808,JsonThemeAroundPoint:x/y,139.532038946016,35.3856955231165,11772.9524772533,1,12,173-1430,0,埋蔵文化財包蔵地,5,139.532038975,35.38568808,戸塚区NO.161,戸塚区,戸塚区NO.161,埋蔵文化財包蔵地,,[],宅地,戸塚区,戸塚町486付近,縄文・古墳,127,散布地,台地上,,,,
174-1430,174,1430,埋蔵文化財包蔵地,戸塚区NO.162,戸塚区NO.162,戸塚区NO.162,原宿三丁目444付近,散布地,宅地,台地斜面,,縄文(早・前期),120,139.515598915,35.3783275,JsonThemeAroundPoint:x/y,139.515598884632,35.3783349427242,13462.7542320486,1,12,174-1430,0,埋蔵文化財包蔵地,5,139.515598915,35.3783275,戸塚区NO.162,戸塚区,戸塚区NO.162,埋蔵文化財包蔵地,,[],宅地,戸塚区,原宿三丁目444付近,縄文(早・前期),120,散布地,台地斜面,,,,
886-1430,886,1430,埋蔵文化財包蔵地,戸塚区NO.163,戸塚区NO.163,戸塚区NO.163,原宿一丁目512付近,散布地,宅地・畑地,台地上,400×350,縄文・古墳,121,139.518309965,35.37821794,JsonThemeAroundPoint:x/y,139.518415297394,35.378212127696,13268.5074633819,1,12,886-1430,0,埋蔵文化財包蔵地,5,139.518309965,35.37821794,戸塚区NO.163,戸塚区,戸塚区NO.163,埋蔵文化財包蔵地,,[],宅地・畑地,戸塚区,原宿一丁目512付近,縄文・古墳,121,散布地,台地上,400×350,,,
880-1430,880,1430,埋蔵文化財包蔵地,戸塚区NO.165,戸塚区NO.165,戸塚区NO.165,原宿二丁目885付近,散布地,畑地・荒地,台地上,400×200,(不明),178,139.50960666,35.37269413,JsonThemeAroundPoint:x/y,139.509139138346,35.372360690953,14267.4217373028,1,12,880-1430,0,埋蔵文化財包蔵地,5,139.50960666,35.37269413,戸塚区NO.165,戸塚区,戸塚区NO.165,埋蔵文化財包蔵地,,[],畑地・荒地,戸塚区,原宿二丁目885付近,(不明),178,散布地,台地上,400×200,,,
885-1430,885,1430,埋蔵文化財包蔵地,戸塚区NO.167,戸塚区NO.167,戸塚区NO.167,原宿一丁目530付近,散布地,宅地,台地上,450×250,(不明),182,139.521568255,35.375496825,JsonThemeAroundPoint:x/y,139.521731128873,35.3751251220655,13209.2829034825,1,12,885-1430,0,埋蔵文化財包蔵地,5,139.521568255,35.375496825,戸塚区NO.167,戸塚区,戸塚区NO.167,埋蔵文化財包蔵地,,[],宅地,戸塚区,原宿一丁目530付近,(不明),182,散布地,台地上,450×250,,,
881-1430,881,1430,埋蔵文化財包蔵地,戸塚区NO.169,戸塚区NO.169,戸塚区NO.169,小雀町1800・1827・1871・1912付近,散布地,畑地・宅地・雑木林,台地上・斜面,500×400,縄文(早・前・中期)・弥生(後期)・古墳,177,139.51406296,35.373265475,JsonThemeAroundPoint:x/y,139.515146110206,35.3730408031545,13902.9744295495,1,12,881-1430,0,埋蔵文化財包蔵地,5,139.51406296,35.373265475,戸塚区NO.169,戸塚区,戸塚区NO.169,埋蔵文化財包蔵地,,[],畑地・宅地・雑木林,戸塚区,小雀町1800・1827・1871・1912付近,縄文(早・前・中期)・弥生(後期)・古墳,177,散布地,台地上・斜面,500×400,,,
116-1430,116,1430,埋蔵文化財包蔵地,戸塚区NO.17,戸塚区NO.17,戸塚区NO.17,名瀬町761付近,塚,宅地・公園,台地上,,(不明),52,139.54521944,35.42365273,JsonThemeAroundPoint:x/y,139.545219413224,35.4236605437739,8785.3334343359,1,12,116-1430,0,埋蔵文化財包蔵地,5,139.54521944,35.42365273,戸塚区NO.17,戸塚区,戸塚区NO.17,埋蔵文化財包蔵地,,[],宅地・公園,戸塚区,名瀬町761付近,(不明),52,塚,台地上,,,,
876-1430,876,1430,埋蔵文化財包蔵地,戸塚区NO.170,戸塚区NO.170,戸塚区NO.170,小雀町2006付近,散布地,畑地・宅地・雑木林,台地上,800×550,(不明),168,139.51174268,35.36748492,JsonThemeAroundPoint:x/y,139.511965478744,35.36764168246,14458.2923820853,1,12,876-1430,0,埋蔵文化財包蔵地,5,139.51174268,35.36748492,戸塚区NO.170,戸塚区,戸塚区NO.170,埋蔵文化財包蔵地,,[],畑地・宅地・雑木林,戸塚区,小雀町2006付近,(不明),168,散布地,台地上,800×550,,,
875-1430,875,1430,埋蔵文化財包蔵地,戸塚区NO.173,戸塚区NO.173,戸塚区NO.173,小雀町2112付近,塚,雑木林,台地上,"D5,H0.6",近世,171,139.51495556,35.367066785,JsonThemeAroundPoint:x/y,139.514956114558,35.36706679028,14258.4694726721,1,12,875-1430,0,埋蔵文化財包蔵地,5,139.51495556,35.367066785,戸塚区NO.173,戸塚区,戸塚区NO.173,埋蔵文化財包蔵地,,[],雑木林,戸塚区,小雀町2112付近,近世,171,塚,台地上,"D5,H0.6",,,
878-1430,878,1430,埋蔵文化財包蔵地,戸塚区NO.174,戸塚区NO.174,戸塚区NO.174,小雀町1188付近,散布地,畑地・宅地,台地上,350×250,縄文(早・後期),176,139.51838946,35.36995277,JsonThemeAroundPoint:x/y,139.518533295249,35.3697251465275,13814.9823101637,1,12,878-1430,0,埋蔵文化財包蔵地,5,139.51838946,35.36995277,戸塚区NO.174,戸塚区,戸塚区NO.174,埋蔵文化財包蔵地,,[],畑地・宅地,戸塚区,小雀町1188付近,縄文(早・後期),176,散布地,台地上,350×250,,,
877-1430,877,1430,埋蔵文化財包蔵地,戸塚区NO.175,戸塚区NO.175,戸塚区NO.175,小雀町634付近,散布地,畑地・山林,台地上,130×250,(不明),172,139.517458285,35.364259485,JsonThemeAroundPoint:x/y,139.517424120381,35.3642607638066,14281.8913811811,1,12,877-1430,0,埋蔵文化財包蔵地,5,139.517458285,35.364259485,戸塚区NO.175,戸塚区,戸塚区NO.175,埋蔵文化財包蔵地,,[],畑地・山林,戸塚区,小雀町634付近,(不明),172,散布地,台地上,130×250,,,
887-1430,887,1430,埋蔵文化財包蔵地,戸塚区NO.176,戸塚区NO.176,戸塚区NO.176,戸塚町1301付近,塚,畑地,台地上,"D8,H1.5",(不明),174,139.529418775,35.375926435,JsonThemeAroundPoint:x/y,139.529419391127,35.3759264373519,12619.3860138138,1,12,887-1430,0,埋蔵文化財包蔵地,5,139.529418775,35.375926435,戸塚区NO.176,戸塚区,戸塚区NO.176,埋蔵文化財包蔵地,,[],畑地,戸塚区,戸塚町1301付近,(不明),174,塚,台地上,"D8,H1.5",,,
764-1430,764,1430,埋蔵文化財包蔵地,戸塚区NO.177,戸塚区NO.177,戸塚区NO.177,上倉田町1440付近,墓地,学校,台地上,220×50,縄文(早・中・後期),135,139.547748485,35.386475955,JsonThemeAroundPoint:x/y,139.547718883026,35.3864355500236,10590.4992590776,1,12,764-1430,0,埋蔵文化財包蔵地,5,139.547748485,35.386475955,戸塚区NO.177,戸塚区,戸塚区NO.177,埋蔵文化財包蔵地,,[],学校,戸塚区,上倉田町1440付近,縄文(早・中・後期),135,墓地,台地上,220×50,,,
791-1430,791,1430,埋蔵文化財包蔵地,戸塚区NO.18,戸塚区NO.18,戸塚区NO.18,上矢部町1177付近,散布地,畑地・宅地・荒地,低台地上,250×120,縄文(中期)・弥生・古墳,27,139.53679399,35.42183087,JsonThemeAroundPoint:x/y,139.536968433408,35.4218572103626,9574.65936720261,1,12,791-1430,0,埋蔵文化財包蔵地,5,139.53679399,35.42183087,戸塚区NO.18,戸塚区,戸塚区NO.18,埋蔵文化財包蔵地,,[],畑地・宅地・荒地,戸塚区,上矢部町1177付近,縄文(中期)・弥生・古墳,27,散布地,低台地上,250×120,,,
766-1430,766,1430,埋蔵文化財包蔵地,戸塚区NO.180,戸塚区NO.180,戸塚区NO.180,舞岡町1863付近,散布地,畑地,台地上,250×70,縄文(中期),159,139.55625569,35.381252515,JsonThemeAroundPoint:x/y,139.556097712044,35.3814224370226,10409.7952050831,1,12,766-1430,0,埋蔵文化財包蔵地,5,139.55625569,35.381252515,戸塚区NO.180,戸塚区,戸塚区NO.180,埋蔵文化財包蔵地,,[],畑地,戸塚区,舞岡町1863付近,縄文(中期),159,散布地,台地上,250×70,,,
765-1430,765,1430,埋蔵文化財包蔵地,戸塚区NO.181,戸塚区NO.181,戸塚区NO.181,下倉田町1397・1450・1810付近,集落跡・墓地,雑木林・学校・畑地・荒地,台地上・斜面,500×100,縄文(晩期)・弥生(中・後期),160,139.5526535,35.38146597,JsonThemeAroundPoint:x/y,139.552879713459,35.3816034886142,10627.5450285008,1,12,765-1430,0,埋蔵文化財包蔵地,5,139.5526535,35.38146597,戸塚区NO.181,戸塚区,戸塚区NO.181,埋蔵文化財包蔵地,,[],雑木林・学校・畑地・荒地,戸塚区,下倉田町1397・1450・1810付近,縄文(晩期)・弥生(中・後期),160,集落跡・墓地,台地上・斜面,500×100,,,
769-1430,769,1430,埋蔵文化財包蔵地,戸塚区NO.182,戸塚区NO.182,戸塚区NO.182,下倉田町1747付近,散布地,雑木林・畑地・宅地,台地上,380×140,(不明),161,139.551605315,35.377395765,JsonThemeAroundPoint:x/y,139.551416046007,35.3773002460005,11011.1631574867,1,12,769-1430,0,埋蔵文化財包蔵地,5,139.551605315,35.377395765,戸塚区NO.182,戸塚区,戸塚区NO.182,埋蔵文化財包蔵地,,[],雑木林・畑地・宅地,戸塚区,下倉田町1747付近,(不明),161,散布地,台地上,380×140,,,
772-1430,772,1430,埋蔵文化財包蔵地,戸塚区NO.183,戸塚区NO.183,戸塚区NO.183,東俣野町890付近,散布地,畑地・宅地,台地上,300×130,古墳,163,139.497276495,35.36235803,JsonThemeAroundPoint:x/y,139.497114485653,35.3623751062964,15847.5242290955,1,12,772-1430,0,埋蔵文化財包蔵地,5,139.497276495,35.36235803,戸塚区NO.183,戸塚区,戸塚区NO.183,埋蔵文化財包蔵地,,[],畑地・宅地,戸塚区,東俣野町890付近,古墳,163,散布地,台地上,300×130,,,
771-1430,771,1430,埋蔵文化財包蔵地,戸塚区NO.184,戸塚区NO.184,戸塚区NO.184,東俣野町909付近,散布地,宅地・畑地・雑木林,台地上・斜面,300×100,縄文(中期)・古墳,164,139.49617791,35.359997725,JsonThemeAroundPoint:x/y,139.496119161764,35.3599662652944,16084.5909164406,1,12,771-1430,0,埋蔵文化財包蔵地,5,139.49617791,35.359997725,戸塚区NO.184,戸塚区,戸塚区NO.184,埋蔵文化財包蔵地,,[],宅地・畑地・雑木林,戸塚区,東俣野町909付近,縄文(中期)・古墳,164,散布地,台地上・斜面,300×100,,,
770-1430,770,1430,埋蔵文化財包蔵地,戸塚区NO.185,戸塚区NO.185,戸塚区NO.185,東俣野町80付近,散布地,畑地・宅地,台地上,350×200,古墳,184,139.496000335,35.35692197,JsonThemeAroundPoint:x/y,139.495963744598,35.3569892291638,16305.9067186281,1,12,770-1430,0,埋蔵文化財包蔵地,5,139.496000335,35.35692197,戸塚区NO.185,戸塚区,戸塚区NO.185,埋蔵文化財包蔵地,,[],畑地・宅地,戸塚区,東俣野町80付近,古墳,184,散布地,台地上,350×200,,,
773-1430,773,1430,埋蔵文化財包蔵地,戸塚区NO.186,戸塚区NO.186,戸塚区NO.186,小雀町257付近,散布地,畑地・荒地・宅地,低台地上,130×100,(不明),173,139.516471605,35.36181526,JsonThemeAroundPoint:x/y,139.516412837908,35.3617265529267,14526.5760026188,1,12,773-1430,0,埋蔵文化財包蔵地,5,139.516471605,35.36181526,戸塚区NO.186,戸塚区,戸塚区NO.186,埋蔵文化財包蔵地,,[],畑地・荒地・宅地,戸塚区,小雀町257付近,(不明),173,散布地,低台地上,130×100,,,
774-1430,774,1430,埋蔵文化財包蔵地,戸塚区NO.187,戸塚区NO.187,戸塚区NO.187,小雀町172付近,散布地,畑地・宅地,台地上,,(不明),175,139.52138654,35.36250557,JsonThemeAroundPoint:x/y,139.521371533988,35.3625269507062,14141.2704895202,1,12,774-1430,0,埋蔵文化財包蔵地,5,139.52138654,35.36250557,戸塚区NO.187,戸塚区,戸塚区NO.187,埋蔵文化財包蔵地,,[],畑地・宅地,戸塚区,小雀町172付近,(不明),175,散布地,台地上,,,,
775-1430,775,1430,埋蔵文化財包蔵地,戸塚区NO.188,戸塚区NO.188,戸塚区NO.188,小雀町13付近,散布地,畑地・雑木林,台地上,300×230,(不明),185,139.52193872,35.35924583,JsonThemeAroundPoint:x/y,139.522115087296,35.3593262254813,14348.7654467539,1,12,775-1430,0,埋蔵文化財包蔵地,5,139.52193872,35.35924583,戸塚区NO.188,戸塚区,戸塚区NO.188,埋蔵文化財包蔵地,,[],畑地・雑木林,戸塚区,小雀町13付近,(不明),185,散布地,台地上,300×230,,,
884-1430,884,1430,埋蔵文化財包蔵地,戸塚区NO.189,戸塚区NO.189,戸塚区NO.189,小雀町1777付近,集落跡,荒地,台地上,80×50,縄文・奈良・平安・近世,193,139.52039744,35.372466895,JsonThemeAroundPoint:x/y,139.520369868434,35.3724551214454,13498.9432830069,1,12,884-1430,0,埋蔵文化財包蔵地,5,139.52039744,35.372466895,戸塚区NO.189,戸塚区,戸塚区NO.189,埋蔵文化財包蔵地,,[],荒地,戸塚区,小雀町1777付近,縄文・奈良・平安・近世,193,集落跡,台地上,80×50,,,
793-1430,793,1430,埋蔵文化財包蔵地,戸塚区NO.19,戸塚区NO.19,戸塚区NO.19,上矢部町726付近,集落地・古墳・横穴墓,宅地,低台地上・崖・斜面,200×100,縄文(中期)・弥生(中・後期)・古墳,76,139.54071966,35.420499185,JsonThemeAroundPoint:x/y,139.540706103165,35.420474801373,9281.62389186443,1,12,793-1430,0,埋蔵文化財包蔵地,5,139.54071966,35.420499185,戸塚区NO.19,戸塚区,戸塚区NO.19,埋蔵文化財包蔵地,,[],宅地,戸塚区,上矢部町726付近,縄文(中期)・弥生(中・後期)・古墳,76,集落地・古墳・横穴墓,低台地上・崖・斜面,200×100,,,
883-1430,883,1430,埋蔵文化財包蔵地,戸塚区NO.190,戸塚区NO.190,戸塚区NO.190,原宿二丁目48付近,集落跡,荒地,谷,130×50,奈良・平安・中世・近世,194,139.51670262,35.375022925,JsonThemeAroundPoint:x/y,139.516683998908,35.3750978616875,13594.4541856474,1,12,883-1430,0,埋蔵文化財包蔵地,5,139.51670262,35.375022925,戸塚区NO.190,戸塚区,戸塚区NO.190,埋蔵文化財包蔵地,,[],荒地,戸塚区,原宿二丁目48付近,奈良・平安・中世・近世,194,集落跡,谷,130×50,,,
776-1430,776,1430,埋蔵文化財包蔵地,戸塚区NO.2,戸塚区NO.2,戸塚区NO.2,上品濃1173付近,散布地,畑地,低地,130×50,古墳,2,139.55175665,35.436433835,JsonThemeAroundPoint:x/y,139.551731077006,35.4363703600636,7884.83423712677,1,12,776-1430,0,埋蔵文化財包蔵地,5,139.55175665,35.436433835,戸塚区NO.2,戸塚区,戸塚区NO.2,埋蔵文化財包蔵地,,[],畑地,戸塚区,上品濃1173付近,古墳,2,散布地,低地,130×50,,,
789-1430,789,1430,埋蔵文化財包蔵地,戸塚区NO.20,戸塚区NO.20,戸塚区NO.20,上矢部町1922付近,塚？,山林,台地上,"D15～20,H2～5",(不明),50,139.536502255,35.417390005,JsonThemeAroundPoint:x/y,139.536502827706,35.417390006415,9756.57235156047,1,12,789-1430,0,埋蔵文化財包蔵地,5,139.536502255,35.417390005,戸塚区NO.20,戸塚区,戸塚区NO.20,埋蔵文化財包蔵地,,[],山林,戸塚区,上矢部町1922付近,(不明),50,塚？,台地上,"D15～20,H2～5",,,
788-1430,788,1430,埋蔵文化財包蔵地,戸塚区NO.21,戸塚区NO.21,戸塚区NO.21,上矢部町320付近,古墳,宅地,台地上,"D29,H2.1",古墳,49,139.53763127,35.41437201,JsonThemeAroundPoint:x/y,139.537632055449,35.4143720157738,9780.72857695954,1,12,788-1430,0,埋蔵文化財包蔵地,5,139.53763127,35.41437201,戸塚区NO.21,戸塚区,戸塚区NO.21,埋蔵文化財包蔵地,,[],宅地,戸塚区,上矢部町320付近,古墳,49,古墳,台地上,"D29,H2.1",,,
794-1430,794,1430,埋蔵文化財包蔵地,戸塚区NO.22,戸塚区NO.22,戸塚区NO.22,名瀬町277付近,散布地,宅地,台地縁辺,100×,弥生・古墳・歴史,28,139.542842875,35.418201305,JsonThemeAroundPoint:x/y,139.542846173687,35.4181597783561,9186.14056607096,1,12,794-1430,0,埋蔵文化財包蔵地,5,139.542842875,35.418201305,戸塚区NO.22,戸塚区,戸塚区NO.22,埋蔵文化財包蔵地,,[],宅地,戸塚区,名瀬町277付近,弥生・古墳・歴史,28,散布地,台地縁辺,100×,,,
120-1430,120,1430,埋蔵文化財包蔵地,戸塚区NO.23,戸塚区NO.23,戸塚区NO.23,秋葉町455付近,散布地,宅地,台地上,,縄文(前期),29,139.54524726,35.416958675,JsonThemeAroundPoint:x/y,139.545247234058,35.4169666476847,9033.00244618204,1,12,120-1430,0,埋蔵文化財包蔵地,5,139.54524726,35.416958675,戸塚区NO.23,戸塚区,戸塚区NO.23,埋蔵文化財包蔵地,,[],宅地,戸塚区,秋葉町455付近,縄文(前期),29,散布地,台地上,,,,
790-1430,790,1430,埋蔵文化財包蔵地,戸塚区NO.24,戸塚区NO.24,戸塚区NO.24,上矢部町1717付近,散布地,雑木林・畑地・宅地,台地上,100×,古墳,13,139.534150545,35.418715535,JsonThemeAroundPoint:x/y,139.534274667215,35.4187247735842,9909.14781825472,1,12,790-1430,0,埋蔵文化財包蔵地,5,139.534150545,35.418715535,戸塚区NO.24,戸塚区,戸塚区NO.24,埋蔵文化財包蔵地,,[],雑木林・畑地・宅地,戸塚区,上矢部町1717付近,古墳,13,散布地,台地上,100×,,,
117-1430,117,1430,埋蔵文化財包蔵地,戸塚区NO.25,戸塚区NO.25,戸塚区NO.25,上矢部町2332付近,散布地,宅地,台地上,,弥生(後期)・古墳,14,139.53187795,35.414999285,JsonThemeAroundPoint:x/y,139.531877924299,35.4150067277609,10241.6622528617,1,12,117-1430,0,埋蔵文化財包蔵地,5,139.53187795,35.414999285,戸塚区NO.25,戸塚区,戸塚区NO.25,埋蔵文化財包蔵地,,[],宅地,戸塚区,上矢部町2332付近,弥生(後期)・古墳,14,散布地,台地上,,,,
118-1430,118,1430,埋蔵文化財包蔵地,戸塚区NO.26,戸塚区NO.26,戸塚区NO.26,鳥が丘22付近,散布地,宅地,台地上,,縄文(早期)・古墳,62,139.525742855,35.411628455,JsonThemeAroundPoint:x/y,139.525742825308,35.411635895157,10894.8230819994,1,12,118-1430,0,埋蔵文化財包蔵地,5,139.525742855,35.411628455,戸塚区NO.26,戸塚区,戸塚区NO.26,埋蔵文化財包蔵地,,[],宅地,戸塚区,鳥が丘22付近,縄文(早期)・古墳,62,散布地,台地上,,,,
119-1430,119,1430,埋蔵文化財包蔵地,戸塚区NO.27,戸塚区NO.27,戸塚区NO.27,鳥が丘29付近,散布地,宅地,台地上,,(不明),63,139.526329065,35.410175985,JsonThemeAroundPoint:x/y,139.526329035526,35.4101834295873,10905.3293270082,1,12,119-1430,0,埋蔵文化財包蔵地,5,139.526329065,35.410175985,戸塚区NO.27,戸塚区,戸塚区NO.27,埋蔵文化財包蔵地,,[],宅地,戸塚区,鳥が丘29付近,(不明),63,散布地,台地上,,,,
784-1430,784,1430,埋蔵文化財包蔵地,戸塚区NO.28,戸塚区NO.28,戸塚区NO.28,上矢部町3138付近,散布地,学校,台地上・斜面,,(不明),61,139.531395535,35.410767545,JsonThemeAroundPoint:x/y,139.53138061866,35.4106153481464,10455.9280693959,1,12,784-1430,0,埋蔵文化財包蔵地,5,139.531395535,35.410767545,戸塚区NO.28,戸塚区,戸塚区NO.28,埋蔵文化財包蔵地,,[],学校,戸塚区,上矢部町3138付近,(不明),61,散布地,台地上・斜面,,,,
785-1430,785,1430,埋蔵文化財包蔵地,戸塚区NO.29,戸塚区NO.29,戸塚区NO.29,上矢部町3053付近,散布地,道路・宅地・畑地,台地上・斜面,300×80,縄文(中・後期)・古墳,60,139.534795675,35.40950927,JsonThemeAroundPoint:x/y,139.534791465017,35.4095071586263,10229.1429120123,1,12,785-1430,0,埋蔵文化財包蔵地,5,139.534795675,35.40950927,戸塚区NO.29,戸塚区,戸塚区NO.29,埋蔵文化財包蔵地,,[],道路・宅地・畑地,戸塚区,上矢部町3053付近,縄文(中・後期)・古墳,60,散布地,台地上・斜面,300×80,,,
777-1430,777,1430,埋蔵文化財包蔵地,戸塚区NO.3,戸塚区NO.3,戸塚区NO.3,上品濃1171付近,集落跡,宅地,台地上,330×170,縄文(草創・中期)・平安,3,139.549731815,35.43487534,JsonThemeAroundPoint:x/y,139.549592359335,35.4348889665338,8093.80704014865,1,12,777-1430,0,埋蔵文化財包蔵地,5,139.549731815,35.43487534,戸塚区NO.3,戸塚区,戸塚区NO.3,埋蔵文化財包蔵地,,[],宅地,戸塚区,上品濃1171付近,縄文(草創・中期)・平安,3,集落跡,台地上,330×170,,,
786-1430,786,1430,埋蔵文化財包蔵地,戸塚区NO.30,戸塚区NO.30,戸塚区NO.30,上矢部町2976付近,猟場,宅地,台地上,250×150,縄文(早・前期)・平安,78,139.536435885,35.41204552,JsonThemeAroundPoint:x/y,139.53651436082,35.411931516237,9979.84994853195,1,12,786-1430,0,埋蔵文化財包蔵地,5,139.536435885,35.41204552,戸塚区NO.30,戸塚区,戸塚区NO.30,埋蔵文化財包蔵地,,[],宅地,戸塚区,上矢部町2976付近,縄文(早・前期)・平安,78,猟場,台地上,250×150,,,
787-1430,787,1430,埋蔵文化財包蔵地,戸塚区NO.31,戸塚区NO.31,戸塚区NO.31,上矢部町45付近,集落跡,宅地,台地上・斜面,250×100,縄文(早・前期)・古墳・平安,76,139.53902854,35.41152505,JsonThemeAroundPoint:x/y,139.539076302068,35.4115053667014,9787.44110205353,1,12,787-1430,0,埋蔵文化財包蔵地,5,139.53902854,35.41152505,戸塚区NO.31,戸塚区,戸塚区NO.31,埋蔵文化財包蔵地,,[],宅地,戸塚区,上矢部町45付近,縄文(早・前期)・古墳・平安,76,集落跡,台地上・斜面,250×100,,,
805-1430,805,1430,埋蔵文化財包蔵地,戸塚区NO.32,戸塚区NO.32,戸塚区NO.32,上品濃982付近,集落跡,宅地,台地上・斜面,,古墳・平安,6,139.5544716,35.43145681,JsonThemeAroundPoint:x/y,139.55467388873,35.4314314897358,7747.80035494112,1,12,805-1430,0,埋蔵文化財包蔵地,5,139.5544716,35.43145681,戸塚区NO.32,戸塚区,戸塚区NO.32,埋蔵文化財包蔵地,,[],宅地,戸塚区,上品濃982付近,古墳・平安,6,集落跡,台地上・斜面,,,,
804-1430,804,1430,埋蔵文化財包蔵地,戸塚区NO.33,戸塚区NO.33,戸塚区NO.33,上品濃966付近,集落跡,宅地,台地上・斜面,200×80,縄文(中期)・弥生(後期)・古墳(前期)・奈良・平安,15,139.55597965,35.431027325,JsonThemeAroundPoint:x/y,139.555944186288,35.4310397125346,7625.85799242006,1,12,804-1430,0,埋蔵文化財包蔵地,5,139.55597965,35.431027325,戸塚区NO.33,戸塚区,戸塚区NO.33,埋蔵文化財包蔵地,,[],宅地,戸塚区,上品濃966付近,縄文(中期)・弥生(後期)・古墳(前期)・奈良・平安,15,集落跡,台地上・斜面,200×80,,,
802-1430,802,1430,埋蔵文化財包蔵地,戸塚区NO.34,戸塚区NO.34,戸塚区NO.34,川上町517付近,散布地,畑地,台地斜面,150×70,古墳,16,139.554633795,35.429494,JsonThemeAroundPoint:x/y,139.554534395399,35.4294773151102,7785.82467473128,1,12,802-1430,0,埋蔵文化財包蔵地,5,139.554633795,35.429494,戸塚区NO.34,戸塚区,戸塚区NO.34,埋蔵文化財包蔵地,,[],畑地,戸塚区,川上町517付近,古墳,16,散布地,台地斜面,150×70,,,
803-1430,803,1430,埋蔵文化財包蔵地,戸塚区NO.35,戸塚区NO.35,戸塚区NO.35,川上町283付近,散布地,畑地・雑木林,台地上,200×70,縄文・古墳,17,139.5554192,35.42909191,JsonThemeAroundPoint:x/y,139.55537417016,35.429035253337,7728.51769926398,1,12,803-1430,0,埋蔵文化財包蔵地,5,139.5554192,35.42909191,戸塚区NO.35,戸塚区,戸塚区NO.35,埋蔵文化財包蔵地,,[],畑地・雑木林,戸塚区,川上町283付近,縄文・古墳,17,散布地,台地上,200×70,,,
801-1430,801,1430,埋蔵文化財包蔵地,戸塚区NO.36,戸塚区NO.36,戸塚区NO.36,品濃841・川上町263付近,散布地,雑木林・畑地・宅地,台地上・斜面,300×80,縄文・古墳,18,139.557690235,35.429081675,JsonThemeAroundPoint:x/y,139.55810367596,35.4290763187945,7530.30982136007,1,12,801-1430,0,埋蔵文化財包蔵地,5,139.557690235,35.429081675,戸塚区NO.36,戸塚区,戸塚区NO.36,埋蔵文化財包蔵地,,[],雑木林・畑地・宅地,戸塚区,品濃841・川上町263付近,縄文・古墳,18,散布地,台地上・斜面,300×80,,,
121-1430,121,1430,埋蔵文化財包蔵地,戸塚区NO.38,戸塚区NO.38,戸塚区NO.38,名瀬町875付近,散布地,宅地,台地上,,縄文(早期),23,139.54748963,35.42749118,JsonThemeAroundPoint:x/y,139.54748960295,35.4274989933434,8468.73184225961,1,12,121-1430,0,埋蔵文化財包蔵地,5,139.54748963,35.42749118,戸塚区NO.38,戸塚区,戸塚区NO.38,埋蔵文化財包蔵地,,[],宅地,戸塚区,名瀬町875付近,縄文(早期),23,散布地,台地上,,,,
125-1430,125,1430,埋蔵文化財包蔵地,戸塚区NO.39,戸塚区NO.39,戸塚区NO.39,品濃町551付近,散布地,宅地,台地上,,(不明),42,139.56268559,35.428395415,JsonThemeAroundPoint:x/y,139.562685562727,35.4284028576589,7117.2053814016,1,12,125-1430,0,埋蔵文化財包蔵地,5,139.56268559,35.428395415,戸塚区NO.39,戸塚区,戸塚区NO.39,埋蔵文化財包蔵地,,[],宅地,戸塚区,品濃町551付近,(不明),42,散布地,台地上,,,,
778-1430,778,1430,埋蔵文化財包蔵地,戸塚区NO.4,戸塚区NO.4,戸塚区NO.4,上品濃1126付近,集落跡,宅地,台地上,250×100,縄文(中期)・平安,4,139.55082602,35.434149645,JsonThemeAroundPoint:x/y,139.550845746127,35.4340932136999,8010.32648844372,1,12,778-1430,0,埋蔵文化財包蔵地,5,139.55082602,35.434149645,戸塚区NO.4,戸塚区,戸塚区NO.4,埋蔵文化財包蔵地,,[],宅地,戸塚区,上品濃1126付近,縄文(中期)・平安,4,集落跡,台地上,250×100,,,
122-1430,122,1430,埋蔵文化財包蔵地,戸塚区NO.40,戸塚区NO.40,戸塚区NO.40,品濃町553付近,散布地,宅地,台地上,,(不明),43,139.565357885,35.429142205,JsonThemeAroundPoint:x/y,139.565357859554,35.4291496513839,6861.31062050245,1,12,122-1430,0,埋蔵文化財包蔵地,5,139.565357885,35.429142205,戸塚区NO.40,戸塚区,戸塚区NO.40,埋蔵文化財包蔵地,,[],宅地,戸塚区,品濃町553付近,(不明),43,散布地,台地上,,,,
123-1430,123,1430,埋蔵文化財包蔵地,戸塚区NO.41,戸塚区NO.41,戸塚区NO.41,品濃町554付近,塚,宅地,台地上,,(不明),40,139.566403085,35.427882325,JsonThemeAroundPoint:x/y,139.566403064819,35.4278897683212,6813.68299054738,1,12,123-1430,0,埋蔵文化財包蔵地,5,139.566403085,35.427882325,戸塚区NO.41,戸塚区,戸塚区NO.41,埋蔵文化財包蔵地,,[],宅地,戸塚区,品濃町554付近,(不明),40,塚,台地上,,,,
124-1430,124,1430,埋蔵文化財包蔵地,戸塚区NO.42,戸塚区NO.42,戸塚区NO.42,品濃町536付近,散布地,宅地,台地上,,(不明),41,139.563366345,35.427395475,JsonThemeAroundPoint:x/y,139.563366321709,35.4274029202136,7092.01637742276,1,12,124-1430,0,埋蔵文化財包蔵地,5,139.563366345,35.427395475,戸塚区NO.42,戸塚区,戸塚区NO.42,埋蔵文化財包蔵地,,[],宅地,戸塚区,品濃町536付近,(不明),41,散布地,台地上,,,,
800-1430,800,1430,埋蔵文化財包蔵地,戸塚区NO.43,戸塚区NO.43,戸塚区NO.43,品濃町518付近,塚,公園,台地上,,(不明),53,139.56251489,35.42608161,JsonThemeAroundPoint:x/y,139.562515794261,35.4260816126206,7211.67704701892,1,12,800-1430,0,埋蔵文化財包蔵地,5,139.56251489,35.42608161,戸塚区NO.43,戸塚区,戸塚区NO.43,埋蔵文化財包蔵地,,[],公園,戸塚区,品濃町518付近,(不明),53,塚,台地上,,,,
126-1430,126,1430,埋蔵文化財包蔵地,戸塚区NO.44,戸塚区NO.44,戸塚区NO.44,品濃町522付近,散布地,宅地,台地上,,(不明),38,139.56425242,35.424534625,JsonThemeAroundPoint:x/y,139.564252390719,35.4245422882331,7122.06623697837,1,12,126-1430,0,埋蔵文化財包蔵地,5,139.56425242,35.424534625,戸塚区NO.44,戸塚区,戸塚区NO.44,埋蔵文化財包蔵地,,[],宅地,戸塚区,品濃町522付近,(不明),38,散布地,台地上,,,,
128-1430,128,1430,埋蔵文化財包蔵地,戸塚区NO.45,戸塚区NO.45,戸塚区NO.45,品濃町503付近,散布地,宅地,斜面,,縄文(中・後期)・弥生・古墳,37,139.55985463,35.422405225,JsonThemeAroundPoint:x/y,139.559854604888,35.4224130368656,7579.09398857672,1,12,128-1430,0,埋蔵文化財包蔵地,5,139.55985463,35.422405225,戸塚区NO.45,戸塚区,戸塚区NO.45,埋蔵文化財包蔵地,,[],宅地,戸塚区,品濃町503付近,縄文(中・後期)・弥生・古墳,37,散布地,斜面,,,,
129-1430,129,1430,埋蔵文化財包蔵地,戸塚区NO.46,戸塚区NO.46,戸塚区NO.46,前田町258付近,散布地,宅地,斜面,,(不明),35,139.55924768,35.421473205,JsonThemeAroundPoint:x/y,139.559247654988,35.4214810158872,7668.43871889195,1,12,129-1430,0,埋蔵文化財包蔵地,5,139.55924768,35.421473205,戸塚区NO.46,戸塚区,戸塚区NO.46,埋蔵文化財包蔵地,,[],宅地,戸塚区,前田町258付近,(不明),35,散布地,斜面,,,,
130-1430,130,1430,埋蔵文化財包蔵地,戸塚区NO.47,戸塚区NO.47,戸塚区NO.47,品濃町505付近,散布地,宅地,台地上,,(不明),36,139.5605625,35.421290595,JsonThemeAroundPoint:x/y,139.56056247195,35.4212984092444,7565.73438763068,1,12,130-1430,0,埋蔵文化財包蔵地,5,139.5605625,35.421290595,戸塚区NO.47,戸塚区,戸塚区NO.47,埋蔵文化財包蔵地,,[],宅地,戸塚区,品濃町505付近,(不明),36,散布地,台地上,,,,
806-1430,806,1430,埋蔵文化財包蔵地,戸塚区NO.48,戸塚区NO.48,戸塚区NO.48,平戸町826付近,散布地,雑木林・畑地・宅地,台地上,350×,(不明),39,139.566474715,35.42515906,JsonThemeAroundPoint:x/y,139.566350032518,35.4248106084189,6909.12194907101,1,12,806-1430,0,埋蔵文化財包蔵地,5,139.566474715,35.42515906,戸塚区NO.48,戸塚区,戸塚区NO.48,埋蔵文化財包蔵地,,[],雑木林・畑地・宅地,戸塚区,平戸町826付近,(不明),39,散布地,台地上,350×,,,
807-1430,807,1430,埋蔵文化財包蔵地,戸塚区NO.49,戸塚区NO.49,戸塚区NO.49,平戸町993付近,包含地・炉跡,学校,台地上・斜面,100×60,縄文(早・前・中期)・弥生(中期),44,139.56818055,35.42177885,JsonThemeAroundPoint:x/y,139.568152735131,35.4217702710735,6909.97525426712,1,12,807-1430,0,埋蔵文化財包蔵地,5,139.56818055,35.42177885,戸塚区NO.49,戸塚区,戸塚区NO.49,埋蔵文化財包蔵地,,[],学校,戸塚区,平戸町993付近,縄文(早・前・中期)・弥生(中期),44,包含地・炉跡,台地上・斜面,100×60,,,
779-1430,779,1430,埋蔵文化財包蔵地,戸塚区NO.5,戸塚区NO.5,戸塚区NO.5,上品濃1103付近,集落跡,宅地,台地上・斜面,150×120,縄文(中期)・奈良・平安,5,139.55237792,35.43266763,JsonThemeAroundPoint:x/y,139.55264878922,35.4327143850446,7904.11056022273,1,12,779-1430,0,埋蔵文化財包蔵地,5,139.55237792,35.43266763,戸塚区NO.5,戸塚区,戸塚区NO.5,埋蔵文化財包蔵地,,[],宅地,戸塚区,上品濃1103付近,縄文(中期)・奈良・平安,5,集落跡,台地上・斜面,150×120,,,
808-1430,808,1430,埋蔵文化財包蔵地,戸塚区NO.50,戸塚区NO.50,戸塚区NO.50,平戸町615付近,包含地,宅地,台地上,100×50,縄文(早・前期),54,139.56505466,35.420360405,JsonThemeAroundPoint:x/y,139.565041952595,35.4203624065977,7233.08297630827,1,12,808-1430,0,埋蔵文化財包蔵地,5,139.56505466,35.420360405,戸塚区NO.50,戸塚区,戸塚区NO.50,埋蔵文化財包蔵地,,[],宅地,戸塚区,平戸町615付近,縄文(早・前期),54,包含地,台地上,100×50,,,
809-1430,809,1430,埋蔵文化財包蔵地,戸塚区NO.51,戸塚区NO.51,戸塚区NO.51,平戸町205付近,散布地,道路・宅地・畑地,低台地上,170×,古墳,45,139.563295635,35.418404795,JsonThemeAroundPoint:x/y,139.563418981497,35.4183152763192,7469.24911226892,1,12,809-1430,0,埋蔵文化財包蔵地,5,139.563295635,35.418404795,戸塚区NO.51,戸塚区,戸塚区NO.51,埋蔵文化財包蔵地,,[],道路・宅地・畑地,戸塚区,平戸町205付近,古墳,45,散布地,低台地上,170×,,,
812-1430,812,1430,埋蔵文化財包蔵地,戸塚区NO.52,戸塚区NO.52,戸塚区NO.52,上柏尾町527付近,集落跡,宅地,台地上,,縄文(中期)・弥生(後期)・平安,46,139.55914628,35.41556365,JsonThemeAroundPoint:x/y,139.559228607341,35.4154533061683,7945.46455545166,1,12,812-1430,0,埋蔵文化財包蔵地,5,139.55914628,35.41556365,戸塚区NO.52,戸塚区,戸塚区NO.52,埋蔵文化財包蔵地,,[],宅地,戸塚区,上柏尾町527付近,縄文(中期)・弥生(後期)・平安,46,集落跡,台地上,,,,
136-1430,136,1430,埋蔵文化財包蔵地,戸塚区NO.54,戸塚区NO.54,戸塚区NO.54,上柏尾町322付近,散布地,宅地,台地上,,弥生(後期),47,139.55763712,35.413972455,JsonThemeAroundPoint:x/y,139.557637095005,35.4139798941529,8147.07660314168,1,12,136-1430,0,埋蔵文化財包蔵地,5,139.55763712,35.413972455,戸塚区NO.54,戸塚区,戸塚区NO.54,埋蔵文化財包蔵地,,[],宅地,戸塚区,上柏尾町322付近,弥生(後期),47,散布地,台地上,,,,
131-1430,131,1430,埋蔵文化財包蔵地,戸塚区NO.55,戸塚区NO.55,戸塚区NO.55,秋葉町253付近,散布地,宅地,台地上,,縄文(中期)・弥生(後期)・古墳,30,139.54749378,35.419331255,JsonThemeAroundPoint:x/y,139.547493753759,35.4193393704838,8747.40056857606,1,12,131-1430,0,埋蔵文化財包蔵地,5,139.54749378,35.419331255,戸塚区NO.55,戸塚区,戸塚区NO.55,埋蔵文化財包蔵地,,[],宅地,戸塚区,秋葉町253付近,縄文(中期)・弥生(後期)・古墳,30,散布地,台地上,,,,
816-1430,816,1430,埋蔵文化財包蔵地,戸塚区NO.56,戸塚区NO.56,戸塚区NO.56,秋葉町374付近,散布地,学校・畑地,低台地上,280×130,縄文(前期)・弥生(後期)・古墳,31,139.54887109,35.417742175,JsonThemeAroundPoint:x/y,139.54858198091,35.417663937134,8695.8507239212,1,12,816-1430,0,埋蔵文化財包蔵地,5,139.54887109,35.417742175,戸塚区NO.56,戸塚区,戸塚区NO.56,埋蔵文化財包蔵地,,[],学校・畑地,戸塚区,秋葉町374付近,縄文(前期)・弥生(後期)・古墳,31,散布地,低台地上,280×130,,,
814-1430,814,1430,埋蔵文化財包蔵地,戸塚区NO.58,戸塚区NO.58,戸塚区NO.58,秋葉町57付近,散布地・集落跡,宅地・雑木林,台地上,150×80,縄文・弥生・奈良～平安,33,139.55198628,35.419191345,JsonThemeAroundPoint:x/y,139.55208483772,35.4191785679686,8373.70684769816,1,12,814-1430,0,埋蔵文化財包蔵地,5,139.55198628,35.419191345,戸塚区NO.58,戸塚区,戸塚区NO.58,埋蔵文化財包蔵地,,[],宅地・雑木林,戸塚区,秋葉町57付近,縄文・弥生・奈良～平安,33,散布地・集落跡,台地上,150×80,,,
127-1430,127,1430,埋蔵文化財包蔵地,戸塚区NO.59,戸塚区NO.59,戸塚区NO.59,前田町214付近,散布地,宅地,台地上,,弥生・古墳,34,139.556340365,35.421705975,JsonThemeAroundPoint:x/y,139.556340337674,35.4217134199757,7904.16924243303,1,12,127-1430,0,埋蔵文化財包蔵地,5,139.556340365,35.421705975,戸塚区NO.59,戸塚区,戸塚区NO.59,埋蔵文化財包蔵地,,[],宅地,戸塚区,前田町214付近,弥生・古墳,34,散布地,台地上,,,,
818-1430,818,1430,埋蔵文化財包蔵地,戸塚区NO.60,戸塚区NO.60,戸塚区NO.60,柏尾町979・1238付近,散布地,畑地・墓地・荒地,台地上,400×100,縄文(中・後期),85,139.549705475,35.411838845,JsonThemeAroundPoint:x/y,139.549793360628,35.411856729832,8896.08084586378,1,12,818-1430,0,埋蔵文化財包蔵地,5,139.549705475,35.411838845,戸塚区NO.60,戸塚区,戸塚区NO.60,埋蔵文化財包蔵地,,[],畑地・墓地・荒地,戸塚区,柏尾町979・1238付近,縄文(中・後期),85,散布地,台地上,400×100,,,
135-1430,135,1430,埋蔵文化財包蔵地,戸塚区NO.61,戸塚区NO.61,戸塚区NO.61,柏尾町827付近,散布地,宅地,台地上,,古墳,79,139.552843855,35.413286405,JsonThemeAroundPoint:x/y,139.552843829188,35.4132938463178,8569.79330557512,1,12,135-1430,0,埋蔵文化財包蔵地,5,139.552843855,35.413286405,戸塚区NO.61,戸塚区,戸塚区NO.61,埋蔵文化財包蔵地,,[],宅地,戸塚区,柏尾町827付近,古墳,79,散布地,台地上,,,,
817-1430,817,1430,埋蔵文化財包蔵地,戸塚区NO.62,戸塚区NO.62,戸塚区NO.62,柏尾町1317付近,散布地,畑地・荒地・宅地,台地上・斜面,250×100,弥生(後期)・古墳,82,139.556226095,35.411907045,JsonThemeAroundPoint:x/y,139.556167587515,35.4117634008741,8366.5586957411,1,12,817-1430,0,埋蔵文化財包蔵地,5,139.556226095,35.411907045,戸塚区NO.62,戸塚区,戸塚区NO.62,埋蔵文化財包蔵地,,[],畑地・荒地・宅地,戸塚区,柏尾町1317付近,弥生(後期)・古墳,82,散布地,台地上・斜面,250×100,,,
139-1430,139,1430,埋蔵文化財包蔵地,戸塚区NO.63,戸塚区NO.63,戸塚区NO.63,柏尾町1345付近,散布地,宅地,台地上,,縄文(早・中期),83,139.555878845,35.410742075,JsonThemeAroundPoint:x/y,139.555878818438,35.4107495192968,8455.74616033833,1,12,139-1430,0,埋蔵文化財包蔵地,5,139.555878845,35.410742075,戸塚区NO.63,戸塚区,戸塚区NO.63,埋蔵文化財包蔵地,,[],宅地,戸塚区,柏尾町1345付近,縄文(早・中期),83,散布地,台地上,,,,
140-1430,140,1430,埋蔵文化財包蔵地,戸塚区NO.64,戸塚区NO.64,戸塚区NO.64,柏尾町1352付近,散布地,宅地,台地斜面,,縄文,84,139.556406765,35.409253605,JsonThemeAroundPoint:x/y,139.556406746327,35.4092603015977,8494.84438734229,1,12,140-1430,0,埋蔵文化財包蔵地,5,139.556406765,35.409253605,戸塚区NO.64,戸塚区,戸塚区NO.64,埋蔵文化財包蔵地,,[],宅地,戸塚区,柏尾町1352付近,縄文,84,散布地,台地斜面,,,,
137-1430,137,1430,埋蔵文化財包蔵地,戸塚区NO.65,戸塚区NO.65,戸塚区NO.65,上柏尾町340付近,散布地,宅地,台地上,,縄文(早・前期？),80,139.558976185,35.413415865,JsonThemeAroundPoint:x/y,139.558976159821,35.4134233116925,8067.77132302081,1,12,137-1430,0,埋蔵文化財包蔵地,5,139.558976185,35.413415865,戸塚区NO.65,戸塚区,戸塚区NO.65,埋蔵文化財包蔵地,,[],宅地,戸塚区,上柏尾町340付近,縄文(早・前期？),80,散布地,台地上,,,,
138-1430,138,1430,埋蔵文化財包蔵地,戸塚区NO.66,戸塚区NO.66,戸塚区NO.66,上柏尾町399付近,散布地,宅地,台地上,,縄文(早・前・中期),81,139.560675285,35.41341153,JsonThemeAroundPoint:x/y,139.560675257622,35.4134189718903,7932.06570153948,1,12,138-1430,0,埋蔵文化財包蔵地,5,139.560675285,35.41341153,戸塚区NO.66,戸塚区,戸塚区NO.66,埋蔵文化財包蔵地,,[],宅地,戸塚区,上柏尾町399付近,縄文(早・前・中期),81,散布地,台地上,,,,
820-1430,820,1430,埋蔵文化財包蔵地,戸塚区NO.67,戸塚区NO.67,戸塚区NO.67,柏尾町1142付近,散布地,宅地,台地上・斜面,150×100,縄文(中・後期)・古墳,87,139.550694695,35.40923768,JsonThemeAroundPoint:x/y,139.550691914358,35.4092140383933,8948.61470941568,1,12,820-1430,0,埋蔵文化財包蔵地,5,139.550694695,35.40923768,戸塚区NO.67,戸塚区,戸塚区NO.67,埋蔵文化財包蔵地,,[],宅地,戸塚区,柏尾町1142付近,縄文(中・後期)・古墳,87,散布地,台地上・斜面,150×100,,,
819-1430,819,1430,埋蔵文化財包蔵地,戸塚区NO.68,戸塚区NO.68,戸塚区NO.68,柏尾町1220・舞岡町85付近,散布地,畑地・宅地,台地斜面,150×150,縄文(中期)・弥生(後期),86,139.548557475,35.409139695,JsonThemeAroundPoint:x/y,139.548537649755,35.4095130980426,9124.89183520866,1,12,819-1430,0,埋蔵文化財包蔵地,5,139.548557475,35.409139695,戸塚区NO.68,戸塚区,戸塚区NO.68,埋蔵文化財包蔵地,,[],畑地・宅地,戸塚区,柏尾町1220・舞岡町85付近,縄文(中期)・弥生(後期),86,散布地,台地斜面,150×150,,,
810-1430,810,1430,埋蔵文化財包蔵地,戸塚区NO.69,戸塚区NO.69,戸塚区NO.69,平戸町1137付近,散布地,宅地・畑地,台地上,×150,縄文(中期)・古墳,59,139.569960415,35.417374135,JsonThemeAroundPoint:x/y,139.570023159216,35.4173981719958,6982.18371907605,1,12,810-1430,0,埋蔵文化財包蔵地,5,139.569960415,35.417374135,戸塚区NO.69,戸塚区,戸塚区NO.69,埋蔵文化財包蔵地,,[],宅地・畑地,戸塚区,平戸町1137付近,縄文(中期)・古墳,59,散布地,台地上,×150,,,
132-1430,132,1430,埋蔵文化財包蔵地,戸塚区NO.70,戸塚区NO.70,戸塚区NO.70,平戸町1174付近,集落跡・墓地,宅地,台地上,,弥生(後期)・古墳(前期),58,139.572633735,35.41819547,JsonThemeAroundPoint:x/y,139.572633713405,35.4182029093183,6725.68241614918,1,12,132-1430,0,埋蔵文化財包蔵地,5,139.572633735,35.41819547,戸塚区NO.70,戸塚区,戸塚区NO.70,埋蔵文化財包蔵地,,[],宅地,戸塚区,平戸町1174付近,弥生(後期)・古墳(前期),58,集落跡・墓地,台地上,,,,
133-1430,133,1430,埋蔵文化財包蔵地,戸塚区NO.71,戸塚区NO.71,戸塚区NO.71,平戸町1201付近,散布地,宅地,台地上,,(不明),57,139.574166875,35.41979553,JsonThemeAroundPoint:x/y,139.574166847709,35.4198029712058,6519.00058602331,1,12,133-1430,0,埋蔵文化財包蔵地,5,139.574166875,35.41979553,戸塚区NO.71,戸塚区,戸塚区NO.71,埋蔵文化財包蔵地,,[],宅地,戸塚区,平戸町1201付近,(不明),57,散布地,台地上,,,,
134-1430,134,1430,埋蔵文化財包蔵地,戸塚区NO.72,戸塚区NO.72,戸塚区NO.72,平戸一丁目21付近,散布地,宅地・畑地,台地斜面,,(不明),55,139.577507245,35.422238975,JsonThemeAroundPoint:x/y,139.577507220077,35.4222464195536,6125.10409066817,1,12,134-1430,0,埋蔵文化財包蔵地,5,139.577507245,35.422238975,戸塚区NO.72,戸塚区,戸塚区NO.72,埋蔵文化財包蔵地,,[],宅地・畑地,戸塚区,平戸一丁目21付近,(不明),55,散布地,台地斜面,,,,
811-1430,811,1430,埋蔵文化財包蔵地,戸塚区NO.73,戸塚区NO.73,戸塚区NO.73,平戸一丁目29付近,散布地,宅地,台地上・斜面,120×120,(不明),56,139.57863143,35.421271435,JsonThemeAroundPoint:x/y,139.578634622094,35.4212085340751,6084.73902584727,1,12,811-1430,0,埋蔵文化財包蔵地,5,139.57863143,35.421271435,戸塚区NO.73,戸塚区,戸塚区NO.73,埋蔵文化財包蔵地,,[],宅地,戸塚区,平戸一丁目29付近,(不明),56,散布地,台地上・斜面,120×120,,,
141-1430,141,1430,埋蔵文化財包蔵地,戸塚区NO.74,戸塚区NO.74,戸塚区NO.74,鳥が丘57付近,散布地,宅地,台地上,,(不明),65,139.52761012,35.40798376,JsonThemeAroundPoint:x/y,139.527610091404,35.4079915733932,10893.2648125528,1,12,141-1430,0,埋蔵文化財包蔵地,5,139.52761012,35.40798376,戸塚区NO.74,戸塚区,戸塚区NO.74,埋蔵文化財包蔵地,,[],宅地,戸塚区,鳥が丘57付近,(不明),65,散布地,台地上,,,,
142-1430,142,1430,埋蔵文化財包蔵地,戸塚区NO.75,戸塚区NO.75,戸塚区NO.75,鳥が丘62付近,散布地・塚,宅地,台地上,,(不明),64,139.528749235,35.40861847,JsonThemeAroundPoint:x/y,139.528749202175,35.4086262842963,10770.4203535982,1,12,142-1430,0,埋蔵文化財包蔵地,5,139.528749235,35.40861847,戸塚区NO.75,戸塚区,戸塚区NO.75,埋蔵文化財包蔵地,,[],宅地,戸塚区,鳥が丘62付近,(不明),64,散布地・塚,台地上,,,,
831-1430,831,1430,埋蔵文化財包蔵地,戸塚区NO.76,戸塚区NO.76,戸塚区NO.76,矢部町1221付近,散布地,宅地・畑地,台地上,,縄文(中・後期),66,139.53157336,35.4070736,JsonThemeAroundPoint:x/y,139.531551943073,35.4070698570317,10607.3331413726,1,12,831-1430,0,埋蔵文化財包蔵地,5,139.53157336,35.4070736,戸塚区NO.76,戸塚区,戸塚区NO.76,埋蔵文化財包蔵地,,[],宅地・畑地,戸塚区,矢部町1221付近,縄文(中・後期),66,散布地,台地上,,,,
827-1430,827,1430,埋蔵文化財包蔵地,戸塚区NO.77,戸塚区NO.77,戸塚区NO.77,矢部町1003付近,塚,神社境内,谷,,(不明),75,139.535184285,35.40756211,JsonThemeAroundPoint:x/y,139.535184793175,35.407562112837,10287.9835482486,1,12,827-1430,0,埋蔵文化財包蔵地,5,139.535184285,35.40756211,戸塚区NO.77,戸塚区,戸塚区NO.77,埋蔵文化財包蔵地,,[],神社境内,戸塚区,矢部町1003付近,(不明),75,塚,谷,,,,
826-1430,826,1430,埋蔵文化財包蔵地,戸塚区NO.78,戸塚区NO.78,戸塚区NO.78,矢部町2072付近,塚,台地,台地上,,(不明),73,139.52325553,35.40679491,JsonThemeAroundPoint:x/y,139.52325614373,35.4067949115463,11307.9009621357,1,12,826-1430,0,埋蔵文化財包蔵地,5,139.52325553,35.40679491,戸塚区NO.78,戸塚区,戸塚区NO.78,埋蔵文化財包蔵地,,[],台地,戸塚区,矢部町2072付近,(不明),73,塚,台地上,,,,
832-1430,832,1430,埋蔵文化財包蔵地,戸塚区NO.79,戸塚区NO.79,戸塚区NO.79,矢部町1286付近,集落跡,宅地,台地上・斜面,150×150,先土器・縄文(中・後期)・奈良・平安・中世以降,67,139.531537085,35.404089425,JsonThemeAroundPoint:x/y,139.531500030451,35.4043347471657,10754.185458646,1,12,832-1430,0,埋蔵文化財包蔵地,5,139.531537085,35.404089425,戸塚区NO.79,戸塚区,戸塚区NO.79,埋蔵文化財包蔵地,,[],宅地,戸塚区,矢部町1286付近,先土器・縄文(中・後期)・奈良・平安・中世以降,67,集落跡,台地上・斜面,150×150,,,
782-1430,782,1430,埋蔵文化財包蔵地,戸塚区NO.8,戸塚区NO.8,戸塚区NO.8,品濃町1672付近,散布地,畑地・雑木林,台地上・斜面,250×130,(不明),9,139.56086079,35.434908215,JsonThemeAroundPoint:x/y,139.560761808355,35.4347861581697,7101.14873731748,1,12,782-1430,0,埋蔵文化財包蔵地,5,139.56086079,35.434908215,戸塚区NO.8,戸塚区,戸塚区NO.8,埋蔵文化財包蔵地,,[],畑地・雑木林,戸塚区,品濃町1672付近,(不明),9,散布地,台地上・斜面,250×130,,,
143-1430,143,1430,埋蔵文化財包蔵地,戸塚区NO.80,戸塚区NO.80,戸塚区NO.80,矢部町770付近,散布地,宅地,台地上,,縄文(後期),68,139.532784325,35.402953785,JsonThemeAroundPoint:x/y,139.532784296301,35.4029612250057,10710.5945618444,1,12,143-1430,0,埋蔵文化財包蔵地,5,139.532784325,35.402953785,戸塚区NO.80,戸塚区,戸塚区NO.80,埋蔵文化財包蔵地,,[],宅地,戸塚区,矢部町770付近,縄文(後期),68,散布地,台地上,,,,
833-1430,833,1430,埋蔵文化財包蔵地,戸塚区NO.81,戸塚区NO.81,戸塚区NO.81,矢部町685付近,散布地,雑木林・宅地,台地上,150×70,縄文(早・中・後期),69,139.535840625,35.402185005,JsonThemeAroundPoint:x/y,139.535901110992,35.4021699176022,10505.8557824185,1,12,833-1430,0,埋蔵文化財包蔵地,5,139.535840625,35.402185005,戸塚区NO.81,戸塚区,戸塚区NO.81,埋蔵文化財包蔵地,,[],雑木林・宅地,戸塚区,矢部町685付近,縄文(早・中・後期),69,散布地,台地上,150×70,,,
830-1430,830,1430,埋蔵文化財包蔵地,戸塚区NO.83,戸塚区NO.83,戸塚区NO.83,上矢部町2657付近,集落跡,宅地・畑地・荒地,台地上,250×100,縄文(早期)・弥生・古墳,77,139.53710855,35.407659445,JsonThemeAroundPoint:x/y,139.537058376081,35.4077414616609,10125.9897292064,1,12,830-1430,0,埋蔵文化財包蔵地,5,139.53710855,35.407659445,戸塚区NO.83,戸塚区,戸塚区NO.83,埋蔵文化財包蔵地,,[],宅地・畑地・荒地,戸塚区,上矢部町2657付近,縄文(早期)・弥生・古墳,77,集落跡,台地上,250×100,,,
834-1430,834,1430,埋蔵文化財包蔵地,戸塚区NO.84,戸塚区NO.84,戸塚区NO.84,矢部町1828付近,塚,宅地,台地上,,近世,74,139.522970385,35.402738785,JsonThemeAroundPoint:x/y,139.523090895821,35.4026205792294,11518.0372840947,1,12,834-1430,0,埋蔵文化財包蔵地,5,139.522970385,35.402738785,戸塚区NO.84,戸塚区,戸塚区NO.84,埋蔵文化財包蔵地,,[],宅地,戸塚区,矢部町1828付近,近世,74,塚,台地上,,,,
835-1430,835,1430,埋蔵文化財包蔵地,戸塚区NO.85,戸塚区NO.85,戸塚区NO.85,戸塚町4569・汲沢1丁目6付近,散布地,畑地・宅地,台地上・斜面,,縄文(中期)・古墳,70,139.526008215,35.39739157,JsonThemeAroundPoint:x/y,139.526278547447,35.3973013888243,11543.4453549786,1,12,835-1430,0,埋蔵文化財包蔵地,5,139.526008215,35.39739157,戸塚区NO.85,戸塚区,戸塚区NO.85,埋蔵文化財包蔵地,,[],畑地・宅地,戸塚区,戸塚町4569・汲沢1丁目6付近,縄文(中期)・古墳,70,散布地,台地上・斜面,,,,
822-1430,822,1430,埋蔵文化財包蔵地,戸塚区NO.87,戸塚区NO.87,戸塚区NO.87,戸塚町4843付近,塚,雑木林,台地上,"D4,H1.4",(不明),72,139.533014835,35.396427095,JsonThemeAroundPoint:x/y,139.533015422346,35.3964270953946,11045.0891010715,1,12,822-1430,0,埋蔵文化財包蔵地,5,139.533014835,35.396427095,戸塚区NO.87,戸塚区,戸塚区NO.87,埋蔵文化財包蔵地,,[],雑木林,戸塚区,戸塚町4843付近,(不明),72,塚,台地上,"D4,H1.4",,,
829-1430,829,1430,埋蔵文化財包蔵地,戸塚区NO.88,戸塚区NO.88,戸塚区NO.88,吉田町1156付近,散布地,畑地・宅地・雑木林,台地上・斜面,200×140,縄文(早・前？・中期)・弥生・古墳,101,139.545051345,35.405562515,JsonThemeAroundPoint:x/y,139.545246860919,35.4056950144767,9593.19265492046,1,12,829-1430,0,埋蔵文化財包蔵地,5,139.545051345,35.405562515,戸塚区NO.88,戸塚区,戸塚区NO.88,埋蔵文化財包蔵地,,[],畑地・宅地・雑木林,戸塚区,吉田町1156付近,縄文(早・前？・中期)・弥生・古墳,101,散布地,台地上・斜面,200×140,,,
783-1430,783,1430,埋蔵文化財包蔵地,戸塚区NO.9,戸塚区NO.9,戸塚区NO.9,品濃町1821付近,散布地,宅地・荒地,台地上・斜面,320×190,(不明),10,139.567363505,35.43242329,JsonThemeAroundPoint:x/y,139.567463877214,35.4324576297082,6587.31325174853,1,12,783-1430,0,埋蔵文化財包蔵地,5,139.567363505,35.43242329,戸塚区NO.9,戸塚区,戸塚区NO.9,埋蔵文化財包蔵地,,[],宅地・荒地,戸塚区,品濃町1821付近,(不明),10,散布地,台地上・斜面,320×190,,,
844-1430,844,1430,埋蔵文化財包蔵地,戸塚区NO.90,戸塚区NO.90,戸塚区NO.90,吉田町1034付近,散布地,墓地・畑地,低台地上,120×100,弥生(中・後期)・古墳,103,139.543208275,35.402995085,JsonThemeAroundPoint:x/y,139.543242931101,35.4029848691073,9878.81338969347,1,12,844-1430,0,埋蔵文化財包蔵地,5,139.543208275,35.402995085,戸塚区NO.90,戸塚区,戸塚区NO.90,埋蔵文化財包蔵地,,[],墓地・畑地,戸塚区,吉田町1034付近,弥生(中・後期)・古墳,103,散布地,低台地上,120×100,,,
2291-1430,2291,1430,埋蔵文化財包蔵地,戸塚区NO.92,戸塚区NO.92,戸塚区NO.92,吉田町1545付近,横穴墓,道路,崖,,古墳,104,139.54643982,35.400468085,JsonThemeAroundPoint:x/y,139.546442145048,35.4004638414731,9772.5017622196,1,12,2291-1430,0,埋蔵文化財包蔵地,5,139.54643982,35.400468085,戸塚区NO.92,戸塚区,戸塚区NO.92,埋蔵文化財包蔵地,,[],道路,戸塚区,吉田町1545付近,古墳,104,横穴墓,崖,,,,
144-1430,144,1430,埋蔵文化財包蔵地,戸塚区NO.93,戸塚区NO.93,戸塚区NO.93,吉田町1724付近,散布地,宅地,台地上,,縄文(前期？),106,139.54612535,35.3961133,JsonThemeAroundPoint:x/y,139.546125322295,35.3961207386144,10062.0854915579,1,12,144-1430,0,埋蔵文化財包蔵地,5,139.54612535,35.3961133,戸塚区NO.93,戸塚区,戸塚区NO.93,埋蔵文化財包蔵地,,[],宅地,戸塚区,吉田町1724付近,縄文(前期？),106,散布地,台地上,,,,
825-1430,825,1430,埋蔵文化財包蔵地,戸塚区NO.94,戸塚区NO.94,戸塚区NO.94,矢部町125付近,古墳？,墓地・畑地,台地上,,,186,139.53863902,35.399983015,JsonThemeAroundPoint:x/y,139.538639513277,35.3999830136356,10405.0930903701,1,12,825-1430,0,埋蔵文化財包蔵地,5,139.53863902,35.399983015,戸塚区NO.94,戸塚区,戸塚区NO.94,埋蔵文化財包蔵地,,[],墓地・畑地,戸塚区,矢部町125付近,,186,古墳？,台地上,,,,
836-1430,836,1430,埋蔵文化財包蔵地,戸塚区NO.95,戸塚区NO.95,戸塚区NO.95,汲沢町570付近,散布地,畑地,台地斜面,100×100,縄文(中期),110,139.512533495,35.393754135,JsonThemeAroundPoint:x/y,139.512499984762,35.393699622873,12811.0535505498,1,12,836-1430,0,埋蔵文化財包蔵地,5,139.512533495,35.393754135,戸塚区NO.95,戸塚区,戸塚区NO.95,埋蔵文化財包蔵地,,[],畑地,戸塚区,汲沢町570付近,縄文(中期),110,散布地,台地斜面,100×100,,,
837-1430,837,1430,埋蔵文化財包蔵地,戸塚区NO.96,戸塚区NO.96,戸塚区NO.96,汲沢六丁目29付近,散布地,畑地・宅地,台地上,550×150,(不明),111,139.513601425,35.395298795,JsonThemeAroundPoint:x/y,139.513765759852,35.3952011780868,12646.0358502495,1,12,837-1430,0,埋蔵文化財包蔵地,5,139.513601425,35.395298795,戸塚区NO.96,戸塚区,戸塚区NO.96,埋蔵文化財包蔵地,,[],畑地・宅地,戸塚区,汲沢六丁目29付近,(不明),111,散布地,台地上,550×150,,,
821-1430,821,1430,埋蔵文化財包蔵地,戸塚区NO.97,戸塚区NO.97,戸塚区NO.97,汲沢三丁目28付近,塚？,宅地,台地上,"D-5,Ｈ2～4",(不明),112,139.515585865,35.39227115,JsonThemeAroundPoint:x/y,139.51558645829,35.3922711547546,12645.5587775729,1,12,821-1430,0,埋蔵文化財包蔵地,5,139.515585865,35.39227115,戸塚区NO.97,戸塚区,戸塚区NO.97,埋蔵文化財包蔵地,,[],宅地,戸塚区,汲沢三丁目28付近,(不明),112,塚？,台地上,"D-5,Ｈ2～4",,,
149-1430,149,1430,埋蔵文化財包蔵地,戸塚区NO.98,戸塚区NO.98,戸塚区NO.98,汲沢三丁目6付近,包含地,学校,台地上,,縄文(早期),113,139.51726935,35.394106695,JsonThemeAroundPoint:x/y,139.517269321323,35.3941141397263,12413.7635204627,1,12,149-1430,0,埋蔵文化財包蔵地,5,139.51726935,35.394106695,戸塚区NO.98,戸塚区,戸塚区NO.98,埋蔵文化財包蔵地,,[],学校,戸塚区,汲沢三丁目6付近,縄文(早期),113,包含地,台地上,,,,
838-1430,838,1430,埋蔵文化財包蔵地,戸塚区NO.99,戸塚区NO.99,戸塚区NO.99,汲沢町1246・1301付近,散布地,畑地・雑木林,台地上・斜面,400×130,縄文(中期)・古墳,114,139.52163475,35.39071646,JsonThemeAroundPoint:x/y,139.521841036814,35.390573644975,12256.2515781398,1,12,838-1430,0,埋蔵文化財包蔵地,5,139.52163475,35.39071646,戸塚区NO.99,戸塚区,戸塚区NO.99,埋蔵文化財包蔵地,,[],畑地・雑木林,戸塚区,汲沢町1246・1301付近,縄文(中期)・古墳,114,散布地,台地上・斜面,400×130,,,
1-1430,1,1430,埋蔵文化財包蔵地,旭区NO.1,旭区NO.1,旭区NO.1,若葉台四丁目35付近,散布地,宅地・学校,台地上・斜面,,弥生(後期),2,139.49615438,35.502706405,JsonThemeAroundPoint:x/y,139.496154346968,35.5027145893404,14240.9502855994,1,12,1-1430,0,埋蔵文化財包蔵地,5,139.49615438,35.502706405,旭区NO.1,旭区,旭区NO.1,埋蔵文化財包蔵地,,[],宅地・学校,旭区,若葉台四丁目35付近,弥生(後期),2,散布地,台地上・斜面,,,,
537-1430,537,1430,埋蔵文化財包蔵地,旭区NO.10,旭区NO.10,旭区NO.10,上川井町2195付近,散布地,畑地・宅地・雑木林,台地上・斜面,,縄文(中期),5,139.496089885,35.49855602,JsonThemeAroundPoint:x/y,139.496061890881,35.4984632209502,14052.2427317423,1,12,537-1430,0,埋蔵文化財包蔵地,5,139.496089885,35.49855602,旭区NO.10,旭区,旭区NO.10,埋蔵文化財包蔵地,,[],畑地・宅地・雑木林,旭区,上川井町2195付近,縄文(中期),5,散布地,台地上・斜面,,,,
619-1430,619,1430,埋蔵文化財包蔵地,旭区NO.100,旭区NO.100,旭区NO.100,笹野台一丁目24付近,散布地,畑地・宅地,台地斜面,200×150,縄文(早・前・中期),61,139.508744745,35.465152885,JsonThemeAroundPoint:x/y,139.508754317587,35.4650767627863,11860.8309506462,1,12,619-1430,0,埋蔵文化財包蔵地,5,139.508744745,35.465152885,旭区NO.100,旭区,旭区NO.100,埋蔵文化財包蔵地,,[],畑地・宅地,旭区,笹野台一丁目24付近,縄文(早・前・中期),61,散布地,台地斜面,200×150,,,
22-1430,22,1430,埋蔵文化財包蔵地,旭区NO.102,旭区NO.102,旭区NO.102,東希望ヶ丘125付近,散布地,宅地,台地上・斜面,,縄文(早・中期)・弥生(中期),92,139.516828815,35.46249526,JsonThemeAroundPoint:x/y,139.516828786475,35.462502701495,11090.1496620686,1,12,22-1430,0,埋蔵文化財包蔵地,5,139.516828815,35.46249526,旭区NO.102,旭区,旭区NO.102,埋蔵文化財包蔵地,,[],宅地,旭区,東希望ヶ丘125付近,縄文(早・中期)・弥生(中期),92,散布地,台地上・斜面,,,,
23-1430,23,1430,埋蔵文化財包蔵地,旭区NO.103,旭区NO.103,旭区NO.103,中希望ヶ丘228付近,散布地,宅地,台地上,,縄文(中・後期),90,139.51014939,35.458669545,JsonThemeAroundPoint:x/y,139.510149355922,35.4586771353112,11634.3297932565,1,12,23-1430,0,埋蔵文化財包蔵地,5,139.51014939,35.458669545,旭区NO.103,旭区,旭区NO.103,埋蔵文化財包蔵地,,[],宅地,旭区,中希望ヶ丘228付近,縄文(中・後期),90,散布地,台地上,,,,
617-1430,617,1430,埋蔵文化財包蔵地,旭区NO.104,旭区NO.104,旭区NO.104,東希望ヶ丘115付近,散布地,畑地・宅地,台地上・斜面,250×200,縄文(早・中期)・弥生(後期),93,139.518225525,35.459369445,JsonThemeAroundPoint:x/y,139.518216196877,35.4593395347843,10916.5207999136,1,12,617-1430,0,埋蔵文化財包蔵地,5,139.518225525,35.459369445,旭区NO.104,旭区,旭区NO.104,埋蔵文化財包蔵地,,[],畑地・宅地,旭区,東希望ヶ丘115付近,縄文(早・中期)・弥生(後期),93,散布地,台地上・斜面,250×200,,,
615-1430,615,1430,埋蔵文化財包蔵地,旭区NO.105,旭区NO.105,旭区NO.105,中尾町11・さちが丘26付近,散布地・集落跡,畑地・宅地・雑木林,台地上・斜面,,縄文(早・前・中期)・弥生(後期)・古墳,94,139.52515374,35.461122495,JsonThemeAroundPoint:x/y,139.524782342811,35.4612262312022,10321.2560731315,1,12,615-1430,0,埋蔵文化財包蔵地,5,139.52515374,35.461122495,旭区NO.105,旭区,旭区NO.105,埋蔵文化財包蔵地,,[],畑地・宅地・雑木林,旭区,中尾町11・さちが丘26付近,縄文(早・前・中期)・弥生(後期)・古墳,94,散布地・集落跡,台地上・斜面,,,,
614-1430,614,1430,埋蔵文化財包蔵地,旭区NO.106,旭区NO.106,旭区NO.106,中尾一丁目4付近,散布地,宅地,台地斜面,200×100,縄文,95,139.526615665,35.46301791,JsonThemeAroundPoint:x/y,139.526612042614,35.4629721404647,10224.4689908027,1,12,614-1430,0,埋蔵文化財包蔵地,5,139.526615665,35.46301791,旭区NO.106,旭区,旭区NO.106,埋蔵文化財包蔵地,,[],宅地,旭区,中尾一丁目4付近,縄文,95,散布地,台地斜面,200×100,,,
613-1430,613,1430,埋蔵文化財包蔵地,旭区NO.107,旭区NO.107,旭区NO.107,二俣川一丁目84付近,散布地,畑地・宅地,台地斜面,200×100,縄文(前？・中期)・古墳,96,139.529749495,35.4628999,JsonThemeAroundPoint:x/y,139.529753869964,35.4629169486362,9942.50750324937,1,12,613-1430,0,埋蔵文化財包蔵地,5,139.529749495,35.4628999,旭区NO.107,旭区,旭区NO.107,埋蔵文化財包蔵地,,[],畑地・宅地,旭区,二俣川一丁目84付近,縄文(前？・中期)・古墳,96,散布地,台地斜面,200×100,,,
616-1430,616,1430,埋蔵文化財包蔵地,旭区NO.108,旭区NO.108,旭区NO.108,二俣川一丁目33付近,散布地,学校・畑地,台地上,250×200,縄文(中期),97,139.53279543,35.46058085,JsonThemeAroundPoint:x/y,139.532651559166,35.4605567291504,9627.62445201779,1,12,616-1430,0,埋蔵文化財包蔵地,5,139.53279543,35.46058085,旭区NO.108,旭区,旭区NO.108,埋蔵文化財包蔵地,,[],学校・畑地,旭区,二俣川一丁目33付近,縄文(中期),97,散布地,台地上,250×200,,,
612-1430,612,1430,埋蔵文化財包蔵地,旭区NO.109,旭区NO.109,旭区NO.109,本村町84付近,散布地,畑地・宅地,台地上,150×130,縄文(前・中・後期),98,139.535661885,35.46516135,JsonThemeAroundPoint:x/y,139.535669989935,35.4650399531229,9465.40464364922,1,12,612-1430,0,埋蔵文化財包蔵地,5,139.535661885,35.46516135,旭区NO.109,旭区,旭区NO.109,埋蔵文化財包蔵地,,[],畑地・宅地,旭区,本村町84付近,縄文(前・中・後期),98,散布地,台地上,150×130,,,
539-1430,539,1430,埋蔵文化財包蔵地,旭区NO.11,旭区NO.11,旭区NO.11,上川井町2164付近,散布地,畑地・宅地,台地上・斜面,,古墳,6,139.49312896,35.495812305,JsonThemeAroundPoint:x/y,139.493023406258,35.495742494151,14178.6039895337,1,12,539-1430,0,埋蔵文化財包蔵地,5,139.49312896,35.495812305,旭区NO.11,旭区,旭区NO.11,埋蔵文化財包蔵地,,[],畑地・宅地,旭区,上川井町2164付近,古墳,6,散布地,台地上・斜面,,,,
610-1430,610,1430,埋蔵文化財包蔵地,旭区NO.110,旭区NO.110,旭区NO.110,本村町61付近,散布地,植木畑・宅地,台地上・斜面,,縄文(前？・中期),101,139.540583955,35.467349885,JsonThemeAroundPoint:x/y,139.540551600451,35.4670999366035,9086.87208697134,1,12,610-1430,0,埋蔵文化財包蔵地,5,139.540583955,35.467349885,旭区NO.110,旭区,旭区NO.110,埋蔵文化財包蔵地,,[],植木畑・宅地,旭区,本村町61付近,縄文(前？・中期),101,散布地,台地上・斜面,,,,
611-1430,611,1430,埋蔵文化財包蔵地,旭区NO.111,旭区NO.111,旭区NO.111,本村町74付近,散布地,畑地・道路・雑木林,台地上・斜面,,縄文(前・中期)・古墳,99,139.537518315,35.46548182,JsonThemeAroundPoint:x/y,139.53761997173,35.4654463131268,9308.75017075809,1,12,611-1430,0,埋蔵文化財包蔵地,5,139.537518315,35.46548182,旭区NO.111,旭区,旭区NO.111,埋蔵文化財包蔵地,,[],畑地・道路・雑木林,旭区,本村町74付近,縄文(前・中期)・古墳,99,散布地,台地上・斜面,,,,
25-1430,25,1430,埋蔵文化財包蔵地,旭区NO.112,旭区NO.112,旭区NO.112,本村町42付近,散布地,道路,台地斜面,,縄文(後期)・弥生,100,139.5378179,35.463997135,JsonThemeAroundPoint:x/y,139.537817872285,35.464005322063,9247.46677278307,1,12,25-1430,0,埋蔵文化財包蔵地,5,139.5378179,35.463997135,旭区NO.112,旭区,旭区NO.112,埋蔵文化財包蔵地,,[],道路,旭区,本村町42付近,縄文(後期)・弥生,100,散布地,台地斜面,,,,
625-1430,625,1430,埋蔵文化財包蔵地,旭区NO.113,旭区NO.113,旭区NO.113,本宿町86・106・123・128・136付近,散布地,畑地・宅地・寺院・駐車場,台地上・斜面,700×300,縄文(中・後期)・弥生(中・後期)・古墳,110～112,139.542161015,35.460338565,JsonThemeAroundPoint:x/y,139.542083260652,35.4601447573901,8785.52621401378,1,12,625-1430,0,埋蔵文化財包蔵地,5,139.542161015,35.460338565,旭区NO.113,旭区,旭区NO.113,埋蔵文化財包蔵地,,[],畑地・宅地・寺院・駐車場,旭区,本宿町86・106・123・128・136付近,縄文(中・後期)・弥生(中・後期)・古墳,110～112,散布地,台地上・斜面,700×300,,,
24-1430,24,1430,埋蔵文化財包蔵地,旭区NO.114,旭区NO.114,旭区NO.114,二俣川二丁目8付近,散布地,宅地,台地上,,古墳,113,139.53775774,35.46032009,JsonThemeAroundPoint:x/y,139.53775771118,35.4603282789205,9178.92597041907,1,12,24-1430,0,埋蔵文化財包蔵地,5,139.53775774,35.46032009,旭区NO.114,旭区,旭区NO.114,埋蔵文化財包蔵地,,[],宅地,旭区,二俣川二丁目8付近,古墳,113,散布地,台地上,,,,
624-1430,624,1430,埋蔵文化財包蔵地,旭区NO.115,旭区NO.115,旭区NO.115,二俣川二丁目45付近,集落跡,宅地,台地上,,縄文(中期),114,139.537723935,35.457290615,JsonThemeAroundPoint:x/y,139.537725104675,35.4572902689088,9134.42540717986,1,12,624-1430,0,埋蔵文化財包蔵地,5,139.537723935,35.457290615,旭区NO.115,旭区,旭区NO.115,埋蔵文化財包蔵地,,[],宅地,旭区,二俣川二丁目45付近,縄文(中期),114,集落跡,台地上,,,,
626-1430,626,1430,埋蔵文化財包蔵地,旭区NO.116,旭区NO.116,旭区NO.116,南本宿町47付近,散布地,畑地・宅地,台地斜面,,古墳,126,139.543344925,35.45767528,JsonThemeAroundPoint:x/y,139.543363931887,35.4576016870808,8634.7822502998,1,12,626-1430,0,埋蔵文化財包蔵地,5,139.543344925,35.45767528,旭区NO.116,旭区,旭区NO.116,埋蔵文化財包蔵地,,[],畑地・宅地,旭区,南本宿町47付近,古墳,126,散布地,台地斜面,,,,
627-1430,627,1430,埋蔵文化財包蔵地,旭区NO.117,旭区NO.117,旭区NO.117,南本宿町59付近,散布地,宅地・公園,台地上,500×150,縄文(早・中・後期)・古墳,125,139.541469815,35.45588542,JsonThemeAroundPoint:x/y,139.540941703307,35.4560585627811,8779.04123922399,1,12,627-1430,0,埋蔵文化財包蔵地,5,139.541469815,35.45588542,旭区NO.117,旭区,旭区NO.117,埋蔵文化財包蔵地,,[],宅地・公園,旭区,南本宿町59付近,縄文(早・中・後期)・古墳,125,散布地,台地上,500×150,,,
628-1430,628,1430,埋蔵文化財包蔵地,旭区NO.118,旭区NO.118,旭区NO.118,南本宿町73付近,散布地,宅地,台地斜面,100×50,縄文(前・中期),124,139.54299433,35.454604715,JsonThemeAroundPoint:x/y,139.542963664054,35.4545949097873,8626.9592743854,1,12,628-1430,0,埋蔵文化財包蔵地,5,139.54299433,35.454604715,旭区NO.118,旭区,旭区NO.118,埋蔵文化財包蔵地,,[],宅地,旭区,南本宿町73付近,縄文(前・中期),124,散布地,台地斜面,100×50,,,
629-1430,629,1430,埋蔵文化財包蔵地,旭区NO.119,旭区NO.119,旭区NO.119,南本宿町8付近,散布地,道路,台地斜面,,縄文(早・中期)・古墳,127,139.54665454,35.457884,JsonThemeAroundPoint:x/y,139.546661507377,35.4578605584077,8340.96769057653,1,12,629-1430,0,埋蔵文化財包蔵地,5,139.54665454,35.457884,旭区NO.119,旭区,旭区NO.119,埋蔵文化財包蔵地,,[],道路,旭区,南本宿町8付近,縄文(早・中期)・古墳,127,散布地,台地斜面,,,,
538-1430,538,1430,埋蔵文化財包蔵地,旭区NO.12,旭区NO.12,旭区NO.12,上川井町729付近,散布地,畑地,台地上・斜面,420×250,縄文(早・前・中期)・弥生,7,139.499711645,35.49585286,JsonThemeAroundPoint:x/y,139.499686570266,35.4956220895901,13630.8369752379,1,12,538-1430,0,埋蔵文化財包蔵地,5,139.499711645,35.49585286,旭区NO.12,旭区,旭区NO.12,埋蔵文化財包蔵地,,[],畑地,旭区,上川井町729付近,縄文(早・前・中期)・弥生,7,散布地,台地上・斜面,420×250,,,
620-1430,620,1430,埋蔵文化財包蔵地,旭区NO.120,旭区NO.120,旭区NO.120,中希望ヶ丘19付近,散布地,畑地・宅地,台地上・斜面,200×100,縄文(早期),118,139.52454176,35.45612188,JsonThemeAroundPoint:x/y,139.524440577126,35.4564211888179,10307.7197404925,1,12,620-1430,0,埋蔵文化財包蔵地,5,139.52454176,35.45612188,旭区NO.120,旭区,旭区NO.120,埋蔵文化財包蔵地,,[],畑地・宅地,旭区,中希望ヶ丘19付近,縄文(早期),118,散布地,台地上・斜面,200×100,,,
630-1430,630,1430,埋蔵文化財包蔵地,旭区NO.121,旭区NO.121,旭区NO.121,中希望ヶ丘39付近,散布地,畑地・荒地,台地上,200×100,縄文(中期)・弥生(後期),119,139.522603675,35.45409878,JsonThemeAroundPoint:x/y,139.522638779359,35.4540456323425,10463.6377732911,1,12,630-1430,0,埋蔵文化財包蔵地,5,139.522603675,35.45409878,旭区NO.121,旭区,旭区NO.121,埋蔵文化財包蔵地,,[],畑地・荒地,旭区,中希望ヶ丘39付近,縄文(中期)・弥生(後期),119,散布地,台地上,200×100,,,
621-1430,621,1430,埋蔵文化財包蔵地,旭区NO.122,旭区NO.122,旭区NO.122,さちが丘98・110付近,散布地,畑地,台地上・斜面,,縄文(早・中期)・古墳,120,139.52590357,35.45333163,JsonThemeAroundPoint:x/y,139.525849111749,35.4533319249702,10159.3214395312,1,12,621-1430,0,埋蔵文化財包蔵地,5,139.52590357,35.45333163,旭区NO.122,旭区,旭区NO.122,埋蔵文化財包蔵地,,[],畑地,旭区,さちが丘98・110付近,縄文(早・中期)・古墳,120,散布地,台地上・斜面,,,,
622-1430,622,1430,埋蔵文化財包蔵地,旭区NO.123,旭区NO.123,旭区NO.123,さちが丘142・160付近,散布地,宅地・荒地・畑地・雑木林,台地上・斜面,300×200,縄文(早・前・中期)・古墳,116,139.532983635,35.455854215,JsonThemeAroundPoint:x/y,139.53302750753,35.455799278814,9543.4579669527,1,12,622-1430,0,埋蔵文化財包蔵地,5,139.532983635,35.455854215,旭区NO.123,旭区,旭区NO.123,埋蔵文化財包蔵地,,[],宅地・荒地・畑地・雑木林,旭区,さちが丘142・160付近,縄文(早・前・中期)・古墳,116,散布地,台地上・斜面,300×200,,,
623-1430,623,1430,埋蔵文化財包蔵地,旭区NO.124,旭区NO.124,旭区NO.124,二俣川二丁目59付近,散布地,畑地・宅地・駐車場,台地上,,縄文(中期)・弥生(中期),115,139.535386525,35.457628445,JsonThemeAroundPoint:x/y,139.535417524379,35.4576026192361,9349.27559361802,1,12,623-1430,0,埋蔵文化財包蔵地,5,139.535386525,35.457628445,旭区NO.124,旭区,旭区NO.124,埋蔵文化財包蔵地,,[],畑地・宅地・駐車場,旭区,二俣川二丁目59付近,縄文(中期)・弥生(中期),115,散布地,台地上,,,,
631-1430,631,1430,埋蔵文化財包蔵地,旭区NO.125,旭区NO.125,旭区NO.125,鶴ヶ峰本町1189付近,集落跡,宅地,台地斜面,200×150,縄文(早・中期)・古墳,85,139.54833854,35.474512175,JsonThemeAroundPoint:x/y,139.548129679921,35.4745098979751,8654.22756568802,1,12,631-1430,0,埋蔵文化財包蔵地,5,139.54833854,35.474512175,旭区NO.125,旭区,旭区NO.125,埋蔵文化財包蔵地,,[],宅地,旭区,鶴ヶ峰本町1189付近,縄文(早・中期)・古墳,85,集落跡,台地斜面,200×150,,,
632-1430,632,1430,埋蔵文化財包蔵地,旭区NO.126,旭区NO.126,旭区NO.126,白根四丁目3付近,散布地,宅地・畑地,台地上,200×150,弥生(後期),84,139.55076169,35.47588919,JsonThemeAroundPoint:x/y,139.550683852171,35.4759081209819,8505.25862092991,1,12,632-1430,0,埋蔵文化財包蔵地,5,139.55076169,35.47588919,旭区NO.126,旭区,旭区NO.126,埋蔵文化財包蔵地,,[],宅地・畑地,旭区,白根四丁目3付近,弥生(後期),84,散布地,台地上,200×150,,,
29-1430,29,1430,埋蔵文化財包蔵地,旭区NO.127,旭区NO.127,旭区NO.127,鶴ヶ峰一丁目42付近,散布地,学校,台地上,,縄文(早期)・弥生(後期),86,139.554922915,35.4684612,JsonThemeAroundPoint:x/y,139.554922892311,35.4684686455783,7870.4004703731,1,12,29-1430,0,埋蔵文化財包蔵地,5,139.554922915,35.4684612,旭区NO.127,旭区,旭区NO.127,埋蔵文化財包蔵地,,[],学校,旭区,鶴ヶ峰一丁目42付近,縄文(早期)・弥生(後期),86,散布地,台地上,,,,
636-1430,636,1430,埋蔵文化財包蔵地,旭区NO.128,旭区NO.128,旭区NO.128,西川島町60・川島町1876付近,散布地,畑地,台地上・斜面,300×100,縄文(前期)・弥生(後期)・古墳,87,139.556326535,35.468457755,JsonThemeAroundPoint:x/y,139.556322378433,35.4682127204306,7749.05551880017,1,12,636-1430,0,埋蔵文化財包蔵地,5,139.556326535,35.468457755,旭区NO.128,旭区,旭区NO.128,埋蔵文化財包蔵地,,[],畑地,旭区,西川島町60・川島町1876付近,縄文(前期)・弥生(後期)・古墳,87,散布地,台地上・斜面,300×100,,,
633-1430,633,1430,埋蔵文化財包蔵地,旭区NO.129,旭区NO.129,旭区NO.129,本宿町3・17・27付近,散布地,宅地・畑地,台地上・斜面,400×200,縄文(中・後期)・弥生(後期)・古墳,102,139.548632905,35.46479259,JsonThemeAroundPoint:x/y,139.548471436698,35.4651917741155,8310.33926198695,1,12,633-1430,0,埋蔵文化財包蔵地,5,139.548632905,35.46479259,旭区NO.129,旭区,旭区NO.129,埋蔵文化財包蔵地,,[],宅地・畑地,旭区,本宿町3・17・27付近,縄文(中・後期)・弥生(後期)・古墳,102,散布地,台地上・斜面,400×200,,,
541-1430,541,1430,埋蔵文化財包蔵地,旭区NO.13,旭区NO.13,旭区NO.13,上川井町2908付近,散布地,畑地・宅地・学校,台地上・斜面,,縄文(早・前期),152,139.506031265,35.495915415,JsonThemeAroundPoint:x/y,139.506063809586,35.4961024537932,13110.0562028477,1,12,541-1430,0,埋蔵文化財包蔵地,5,139.506031265,35.495915415,旭区NO.13,旭区,旭区NO.13,埋蔵文化財包蔵地,,[],畑地・宅地・学校,旭区,上川井町2908付近,縄文(早・前期),152,散布地,台地上・斜面,,,,
634-1430,634,1430,埋蔵文化財包蔵地,旭区NO.130,旭区NO.130,旭区NO.130,川島町2056・本宿町49・51付近,散布地,宅地・畑地,台地上・斜面,550×250,縄文(早・前・中期)・弥生(後期)・古墳,103,139.54892399,35.4613935,JsonThemeAroundPoint:x/y,139.548945200534,35.4608072047776,8203.59062031322,1,12,634-1430,0,埋蔵文化財包蔵地,5,139.54892399,35.4613935,旭区NO.130,旭区,旭区NO.130,埋蔵文化財包蔵地,,[],宅地・畑地,旭区,川島町2056・本宿町49・51付近,縄文(早・前・中期)・弥生(後期)・古墳,103,散布地,台地上・斜面,550×250,,,
27-1430,27,1430,埋蔵文化財包蔵地,旭区NO.131,旭区NO.131,旭区NO.131,川島町1979付近,散布地,学校,台地上,,縄文(前・中期)・弥生,105,139.55135302,35.46110166,JsonThemeAroundPoint:x/y,139.551352991364,35.4611098471073,7981.33212227471,1,12,27-1430,0,埋蔵文化財包蔵地,5,139.55135302,35.46110166,旭区NO.131,旭区,旭区NO.131,埋蔵文化財包蔵地,,[],学校,旭区,川島町1979付近,縄文(前・中期)・弥生,105,散布地,台地上,,,,
638-1430,638,1430,埋蔵文化財包蔵地,旭区NO.132,旭区NO.132,旭区NO.132,川島町1878・1890・1912・1941付近,散布地,畑地・宅地,台地上・斜面,400×400,縄文(早・前・中・後期)・弥生・古墳,106,139.554386705,35.46431552,JsonThemeAroundPoint:x/y,139.554633648622,35.4646050666548,7791.39277615085,1,12,638-1430,0,埋蔵文化財包蔵地,5,139.554386705,35.46431552,旭区NO.132,旭区,旭区NO.132,埋蔵文化財包蔵地,,[],畑地・宅地,旭区,川島町1878・1890・1912・1941付近,縄文(早・前・中・後期)・弥生・古墳,106,散布地,台地上・斜面,400×400,,,
637-1430,637,1430,埋蔵文化財包蔵地,旭区NO.133,旭区NO.133,旭区NO.133,西川島町134・川島町1600付近,散布地,畑地・宅地,台地上・斜面,400×300,縄文(前期)・弥生(後期)・古墳,88,139.560023805,35.46666375,JsonThemeAroundPoint:x/y,139.559837587192,35.4665256071355,7369.58330546992,1,12,637-1430,0,埋蔵文化財包蔵地,5,139.560023805,35.46666375,旭区NO.133,旭区,旭区NO.133,埋蔵文化財包蔵地,,[],畑地・宅地,旭区,西川島町134・川島町1600付近,縄文(前期)・弥生(後期)・古墳,88,散布地,台地上・斜面,400×300,,,
639-1430,639,1430,埋蔵文化財包蔵地,旭区NO.134,旭区NO.134,旭区NO.134,小高町101付近,散布地,畑地・宅地,台地上,450×250,縄文(早・中期)・弥生,107,139.55740667,35.46006712,JsonThemeAroundPoint:x/y,139.557614947432,35.4603438782993,7420.81428254913,1,12,639-1430,0,埋蔵文化財包蔵地,5,139.55740667,35.46006712,旭区NO.134,旭区,旭区NO.134,埋蔵文化財包蔵地,,[],畑地・宅地,旭区,小高町101付近,縄文(早・中期)・弥生,107,散布地,台地上,450×250,,,
640-1430,640,1430,埋蔵文化財包蔵地,旭区NO.135,旭区NO.135,旭区NO.135,市沢町115・120・143付近,集落跡,宅地・畑地・学校,台地上,650×500,縄文(前・中期)・古墳・奈良～平安,108,139.564337235,35.46119497,JsonThemeAroundPoint:x/y,139.563835586703,35.4613121829481,6833.10507435637,1,12,640-1430,0,埋蔵文化財包蔵地,5,139.564337235,35.46119497,旭区NO.135,旭区,旭区NO.135,埋蔵文化財包蔵地,,[],宅地・畑地・学校,旭区,市沢町115・120・143付近,縄文(前・中期)・古墳・奈良～平安,108,集落跡,台地上,650×500,,,
641-1430,641,1430,埋蔵文化財包蔵地,旭区NO.136,旭区NO.136,旭区NO.136,市沢町812付近,散布地,神社境内,台地斜面,,縄文(中・後期),158,139.563685155,35.457856325,JsonThemeAroundPoint:x/y,139.563707714823,35.4578422475345,6816.32788755222,1,12,641-1430,0,埋蔵文化財包蔵地,5,139.563685155,35.457856325,旭区NO.136,旭区,旭区NO.136,埋蔵文化財包蔵地,,[],神社境内,旭区,市沢町812付近,縄文(中・後期),158,散布地,台地斜面,,,,
643-1430,643,1430,埋蔵文化財包蔵地,旭区NO.137,旭区NO.137,旭区NO.137,市沢町1086付近,散布地,畑地・宅地・荒地,台地上,280×150,縄文(前・中期),130,139.560339465,35.4572054,JsonThemeAroundPoint:x/y,139.56021469093,35.4572322838575,7103.39540948127,1,12,643-1430,0,埋蔵文化財包蔵地,5,139.560339465,35.4572054,旭区NO.137,旭区,旭区NO.137,埋蔵文化財包蔵地,,[],畑地・宅地・荒地,旭区,市沢町1086付近,縄文(前・中期),130,散布地,台地上,280×150,,,
642-1430,642,1430,埋蔵文化財包蔵地,旭区NO.138,旭区NO.138,旭区NO.138,市沢町872付近,散布地,畑地,台地斜面,200×50,縄文,131,139.56351869,35.456322735,JsonThemeAroundPoint:x/y,139.563579514094,35.4562521338764,6803.64220554988,1,12,642-1430,0,埋蔵文化財包蔵地,5,139.56351869,35.456322735,旭区NO.138,旭区,旭区NO.138,埋蔵文化財包蔵地,,[],畑地,旭区,市沢町872付近,縄文,131,散布地,台地斜面,200×50,,,
635-1430,635,1430,埋蔵文化財包蔵地,旭区NO.139,旭区NO.139,旭区NO.139,桐が作1873・2031付近,散布地,宅地・畑地,台地上・斜面,700×200,縄文(早・中期),128,139.548150905,35.454558085,JsonThemeAroundPoint:x/y,139.54831982914,35.4541094727226,8161.37707803675,1,12,635-1430,0,埋蔵文化財包蔵地,5,139.548150905,35.454558085,旭区NO.139,旭区,旭区NO.139,埋蔵文化財包蔵地,,[],宅地・畑地,旭区,桐が作1873・2031付近,縄文(早・中期),128,散布地,台地上・斜面,700×200,,,
7-1430,7,1430,埋蔵文化財包蔵地,旭区NO.14,旭区NO.14,旭区NO.14,上川井町2872付近,包含地,変電所,台地斜面,,縄文(早・前・後期),153,139.50765409,35.496699895,JsonThemeAroundPoint:x/y,139.50765405563,35.4967074900904,13012.9759039016,1,12,7-1430,0,埋蔵文化財包蔵地,5,139.50765409,35.496699895,旭区NO.14,旭区,旭区NO.14,埋蔵文化財包蔵地,,[],変電所,旭区,上川井町2872付近,縄文(早・前・後期),153,包含地,台地斜面,,,,
28-1430,28,1430,埋蔵文化財包蔵地,旭区NO.140,旭区NO.140,旭区NO.140,左近山1997付近,散布地,宅地,台地上・斜面,,縄文(前・中期)・古墳,104,139.55045539,35.458902335,JsonThemeAroundPoint:x/y,139.550455360446,35.4589105210855,8017.79912320845,1,12,28-1430,0,埋蔵文化財包蔵地,5,139.55045539,35.458902335,旭区NO.140,旭区,旭区NO.140,埋蔵文化財包蔵地,,[],宅地,旭区,左近山1997付近,縄文(前・中期)・古墳,104,散布地,台地上・斜面,,,,
646-1430,646,1430,埋蔵文化財包蔵地,旭区NO.142,旭区NO.142,旭区NO.142,善部町59・74付近,散布地,宅地・畑地,台地上,500×250,縄文(中・後期)・古墳,134,139.51337753,35.44674584,JsonThemeAroundPoint:x/y,139.51277112392,35.4466244310116,11271.6631406755,1,12,646-1430,0,埋蔵文化財包蔵地,5,139.51337753,35.44674584,旭区NO.142,旭区,旭区NO.142,埋蔵文化財包蔵地,,[],宅地・畑地,旭区,善部町59・74付近,縄文(中・後期)・古墳,134,散布地,台地上,500×250,,,
647-1430,647,1430,埋蔵文化財包蔵地,旭区NO.143,旭区NO.143,旭区NO.143,善部町112付近,包含地,宅地,台地上,250×100,縄文(早期),135,139.5235449,35.44774772,JsonThemeAroundPoint:x/y,139.523445614183,35.4477075939648,10350.3060291509,1,12,647-1430,0,埋蔵文化財包蔵地,5,139.5235449,35.44774772,旭区NO.143,旭区,旭区NO.143,埋蔵文化財包蔵地,,[],宅地,旭区,善部町112付近,縄文(早期),135,包含地,台地上,250×100,,,
30-1430,30,1430,埋蔵文化財包蔵地,旭区NO.144,旭区NO.144,旭区NO.144,柏町76付近,包含地,畑地・荒地,台地上,,縄文(中・後期),136,139.524394235,35.44667152,JsonThemeAroundPoint:x/y,139.52439420476,35.4466793344258,10273.3180979014,1,12,30-1430,0,埋蔵文化財包蔵地,5,139.524394235,35.44667152,旭区NO.144,旭区,旭区NO.144,埋蔵文化財包蔵地,,[],畑地・荒地,旭区,柏町76付近,縄文(中・後期),136,包含地,台地上,,,,
32-1430,32,1430,埋蔵文化財包蔵地,旭区NO.145,旭区NO.145,旭区NO.145,柏町108付近,包含地,宅地,台地上,,縄文(早期),138,139.5286332,35.44917433,JsonThemeAroundPoint:x/y,139.528633168045,35.4491821452508,9891.44036807969,1,12,32-1430,0,埋蔵文化財包蔵地,5,139.5286332,35.44917433,旭区NO.145,旭区,旭区NO.145,埋蔵文化財包蔵地,,[],宅地,旭区,柏町108付近,縄文(早期),138,包含地,台地上,,,,
31-1430,31,1430,埋蔵文化財包蔵地,旭区NO.146,旭区NO.146,旭区NO.146,柏町50付近,散布地,宅地,台地上,,縄文(早・中期),137,139.52825241,35.447276615,JsonThemeAroundPoint:x/y,139.528252380861,35.4472844318181,9923.50554660837,1,12,31-1430,0,埋蔵文化財包蔵地,5,139.52825241,35.447276615,旭区NO.146,旭区,旭区NO.146,埋蔵文化財包蔵地,,[],宅地,旭区,柏町50付近,縄文(早・中期),137,散布地,台地上,,,,
33-1430,33,1430,埋蔵文化財包蔵地,旭区NO.147,旭区NO.147,旭区NO.147,柏町131付近,散布地,宅地,台地上,,縄文・古墳,139,139.53039931,35.44877328,JsonThemeAroundPoint:x/y,139.530399278141,35.4487810966024,9730.51852843737,1,12,33-1430,0,埋蔵文化財包蔵地,5,139.53039931,35.44877328,旭区NO.147,旭区,旭区NO.147,埋蔵文化財包蔵地,,[],宅地,旭区,柏町131付近,縄文・古墳,139,散布地,台地上,,,,
34-1430,34,1430,埋蔵文化財包蔵地,旭区NO.148,旭区NO.148,旭区NO.148,柏町22付近,散布地,宅地,台地上,,縄文(早・前期),140,139.53319795,35.44742641,JsonThemeAroundPoint:x/y,139.533197917915,35.4474342237005,9475.34181240901,1,12,34-1430,0,埋蔵文化財包蔵地,5,139.53319795,35.44742641,旭区NO.148,旭区,旭区NO.148,埋蔵文化財包蔵地,,[],宅地,旭区,柏町22付近,縄文(早・前期),140,散布地,台地上,,,,
648-1430,648,1430,埋蔵文化財包蔵地,旭区NO.149,旭区NO.149,旭区NO.149,万騎が原109付近,散布地,宅地,台地上・斜面,150×40,縄文(中・後期),117,139.533577995,35.453527525,JsonThemeAroundPoint:x/y,139.53365742532,35.4535214788983,9467.10241233229,1,12,648-1430,0,埋蔵文化財包蔵地,5,139.533577995,35.453527525,旭区NO.149,旭区,旭区NO.149,埋蔵文化財包蔵地,,[],宅地,旭区,万騎が原109付近,縄文(中・後期),117,散布地,台地上・斜面,150×40,,,
543-1430,543,1430,埋蔵文化財包蔵地,旭区NO.15,旭区NO.15,旭区NO.15,上川井町1895付近,散布地,畑地,台地上・斜面,,縄文(中期),9,139.493501155,35.488685875,JsonThemeAroundPoint:x/y,139.493373207135,35.4887148863848,13863.7310834481,1,12,543-1430,0,埋蔵文化財包蔵地,5,139.493501155,35.488685875,旭区NO.15,旭区,旭区NO.15,埋蔵文化財包蔵地,,[],畑地,旭区,上川井町1895付近,縄文(中期),9,散布地,台地上・斜面,,,,
35-1430,35,1430,埋蔵文化財包蔵地,旭区NO.150,旭区NO.150,旭区NO.150,万騎が原43付近,散布地,宅地,台地上,,弥生(後期),121,139.53742756,35.453300245,JsonThemeAroundPoint:x/y,139.537427527667,35.4533084322071,9117.31769191103,1,12,35-1430,0,埋蔵文化財包蔵地,5,139.53742756,35.453300245,旭区NO.150,旭区,旭区NO.150,埋蔵文化財包蔵地,,[],宅地,旭区,万騎が原43付近,弥生(後期),121,散布地,台地上,,,,
649-1430,649,1430,埋蔵文化財包蔵地,旭区NO.151,旭区NO.151,旭区NO.151,南本宿町86付近,散布地,畑地・宅地,台地上・斜面,250×150,縄文(早・中期),122,139.54115016,35.453080325,JsonThemeAroundPoint:x/y,139.541201344135,35.4531049681697,8779.06838142788,1,12,649-1430,0,埋蔵文化財包蔵地,5,139.54115016,35.453080325,旭区NO.151,旭区,旭区NO.151,埋蔵文化財包蔵地,,[],畑地・宅地,旭区,南本宿町86付近,縄文(早・中期),122,散布地,台地上・斜面,250×150,,,
650-1430,650,1430,埋蔵文化財包蔵地,旭区NO.152,旭区NO.152,旭区NO.152,南本宿町156付近,散布地,畑地・宅地,台地上・斜面,350×200,縄文(中・後期),123,139.54434515,35.45211229,JsonThemeAroundPoint:x/y,139.544277787766,35.4521254879956,8482.72969426723,1,12,650-1430,0,埋蔵文化財包蔵地,5,139.54434515,35.45211229,旭区NO.152,旭区,旭区NO.152,埋蔵文化財包蔵地,,[],畑地・宅地,旭区,南本宿町156付近,縄文(中・後期),123,散布地,台地上・斜面,350×200,,,
652-1430,652,1430,埋蔵文化財包蔵地,旭区NO.153,旭区NO.153,旭区NO.153,大池町29付近,散布地,公園・雑木林,台地上・斜面,180×80,縄文(後期),141,139.53770563,35.44461882,JsonThemeAroundPoint:x/y,139.537725218756,35.4445467792833,9071.32647734154,1,12,652-1430,0,埋蔵文化財包蔵地,5,139.53770563,35.44461882,旭区NO.153,旭区,旭区NO.153,埋蔵文化財包蔵地,,[],公園・雑木林,旭区,大池町29付近,縄文(後期),141,散布地,台地上・斜面,180×80,,,
651-1430,651,1430,埋蔵文化財包蔵地,旭区NO.154,旭区NO.154,旭区NO.154,大池町11・35・40付近,散布地,公園・雑木林,台地上・斜面,400×100,縄文(早・前・中・後期),142,139.54137838,35.44766142,JsonThemeAroundPoint:x/y,139.541283843261,35.447717527675,8734.10121535027,1,12,651-1430,0,埋蔵文化財包蔵地,5,139.54137838,35.44766142,旭区NO.154,旭区,旭区NO.154,埋蔵文化財包蔵地,,[],公園・雑木林,旭区,大池町11・35・40付近,縄文(早・前・中・後期),142,散布地,台地上・斜面,400×100,,,
654-1430,654,1430,埋蔵文化財包蔵地,旭区NO.155,旭区NO.155,旭区NO.155,桐が作1498・1505・1764・1785付近,散布地,畑地・宅地,台地斜面・台地上,500×400,縄文(早・前・中・後期)・弥生・古墳～歴史,129,139.55194132,35.452619805,JsonThemeAroundPoint:x/y,139.552062545967,35.4525130955194,7800.04208181101,1,12,654-1430,0,埋蔵文化財包蔵地,5,139.55194132,35.452619805,旭区NO.155,旭区,旭区NO.155,埋蔵文化財包蔵地,,[],畑地・宅地,旭区,桐が作1498・1505・1764・1785付近,縄文(早・前・中・後期)・弥生・古墳～歴史,129,散布地,台地斜面・台地上,500×400,,,
653-1430,653,1430,埋蔵文化財包蔵地,旭区NO.156,旭区NO.156,旭区NO.156,桐が作1594・1600付近,散布地,畑地・雑木林,台地上,500×100,縄文(早？・前・後期)・弥生,132,139.556921125,35.450883005,JsonThemeAroundPoint:x/y,139.556467942586,35.4508006482061,7336.84469424876,1,12,653-1430,0,埋蔵文化財包蔵地,5,139.556921125,35.450883005,旭区NO.156,旭区,旭区NO.156,埋蔵文化財包蔵地,,[],畑地・雑木林,旭区,桐が作1594・1600付近,縄文(早？・前・後期)・弥生,132,散布地,台地上,500×100,,,
540-1430,540,1430,埋蔵文化財包蔵地,旭区NO.158,旭区NO.158,旭区NO.158,上川井町2106-3付近,散布地,,台地上,,縄文(早・前・中期),159,139.49713504,35.493407515,JsonThemeAroundPoint:x/y,139.497037235723,35.4935125852867,13741.3855901378,1,12,540-1430,0,埋蔵文化財包蔵地,5,139.49713504,35.493407515,旭区NO.158,旭区,旭区NO.158,埋蔵文化財包蔵地,,[],,旭区,上川井町2106-3付近,縄文(早・前・中期),159,散布地,台地上,,,,
544-1430,544,1430,埋蔵文化財包蔵地,旭区NO.17,旭区NO.17,旭区NO.17,上川井町1110付近,散布地,畑地,台地斜面,,縄文(早期),151,139.50179115,35.488868395,JsonThemeAroundPoint:x/y,139.501935888933,35.4887385628369,13164.813765252,1,12,544-1430,0,埋蔵文化財包蔵地,5,139.50179115,35.488868395,旭区NO.17,旭区,旭区NO.17,埋蔵文化財包蔵地,,[],畑地,旭区,上川井町1110付近,縄文(早期),151,散布地,台地斜面,,,,
546-1430,546,1430,埋蔵文化財包蔵地,旭区NO.18,旭区NO.18,旭区NO.18,上川井町1623付近,散布地,ゴルフ場,台地上・斜面,,縄文(早期),10,139.498976155,35.486193405,JsonThemeAroundPoint:x/y,139.498732323314,35.4861426751388,13303.8959511521,1,12,546-1430,0,埋蔵文化財包蔵地,5,139.498976155,35.486193405,旭区NO.18,旭区,旭区NO.18,埋蔵文化財包蔵地,,[],ゴルフ場,旭区,上川井町1623付近,縄文(早期),10,散布地,台地上・斜面,,,,
549-1430,549,1430,埋蔵文化財包蔵地,旭区NO.19,旭区NO.19,旭区NO.19,上川井町1216付近,散布地,畑地・幼稚園,台地上,230×120,弥生(後期),13,139.50710869,35.48928438,JsonThemeAroundPoint:x/y,139.507164013569,35.4896081712697,12731.8514953031,1,12,549-1430,0,埋蔵文化財包蔵地,5,139.50710869,35.48928438,旭区NO.19,旭区,旭区NO.19,埋蔵文化財包蔵地,,[],畑地・幼稚園,旭区,上川井町1216付近,弥生(後期),13,散布地,台地上,230×120,,,
534-1430,534,1430,埋蔵文化財包蔵地,旭区NO.2,旭区NO.2,旭区NO.2,若葉台三丁目3付近,散布地,雑木林,台地上・斜面,180×150,縄文(前・中期)・古墳,4,139.50032136,35.49960875,JsonThemeAroundPoint:x/y,139.500393521732,35.4996610532918,13752.020474724,1,12,534-1430,0,埋蔵文化財包蔵地,5,139.50032136,35.49960875,旭区NO.2,旭区,旭区NO.2,埋蔵文化財包蔵地,,[],雑木林,旭区,若葉台三丁目3付近,縄文(前・中期)・古墳,4,散布地,台地上・斜面,180×150,,,
545-1430,545,1430,埋蔵文化財包蔵地,旭区NO.20,旭区NO.20,旭区NO.20,上川井町1322・1378・1403付近,散布地,ゴミ処理場・雑木林・ゴルフ場,台地上・斜面,,縄文(早・前・中期)・弥生(後期),12,139.50561789,35.487288755,JsonThemeAroundPoint:x/y,139.505370426783,35.48756016024,12778.4149409381,1,12,545-1430,0,埋蔵文化財包蔵地,5,139.50561789,35.487288755,旭区NO.20,旭区,旭区NO.20,埋蔵文化財包蔵地,,[],ゴミ処理場・雑木林・ゴルフ場,旭区,上川井町1322・1378・1403付近,縄文(早・前・中期)・弥生(後期),12,散布地,台地上・斜面,,,,
547-1430,547,1430,埋蔵文化財包蔵地,旭区NO.21,旭区NO.21,旭区NO.21,上川井町136付近,散布地,畑地,台地上,,(不明),11,139.495015555,35.483495585,JsonThemeAroundPoint:x/y,139.495126785824,35.4836260621587,13551.2708308569,1,12,547-1430,0,埋蔵文化財包蔵地,5,139.495015555,35.483495585,旭区NO.21,旭区,旭区NO.21,埋蔵文化財包蔵地,,[],畑地,旭区,上川井町136付近,(不明),11,散布地,台地上,,,,
548-1430,548,1430,埋蔵文化財包蔵地,旭区NO.22,旭区NO.22,旭区NO.22,上川井町1614付近,散布地,畑地,台地上・斜面,,縄文(中期),155,139.500555245,35.483190995,JsonThemeAroundPoint:x/y,139.500579943419,35.4831344646178,13062.4684026808,1,12,548-1430,0,埋蔵文化財包蔵地,5,139.500555245,35.483190995,旭区NO.22,旭区,旭区NO.22,埋蔵文化財包蔵地,,[],畑地,旭区,上川井町1614付近,縄文(中期),155,散布地,台地上・斜面,,,,
550-1430,550,1430,埋蔵文化財包蔵地,旭区NO.23,旭区NO.23,旭区NO.23,上川井町2988付近,散布地,雑木林・畑地,台地上・斜面,400×150,縄文(後期)・弥生・古墳,19,139.5099094,35.49757119,JsonThemeAroundPoint:x/y,139.51016414796,35.4977010995901,12869.9912246168,1,12,550-1430,0,埋蔵文化財包蔵地,5,139.5099094,35.49757119,旭区NO.23,旭区,旭区NO.23,埋蔵文化財包蔵地,,[],雑木林・畑地,旭区,上川井町2988付近,縄文(後期)・弥生・古墳,19,散布地,台地上・斜面,400×150,,,
551-1430,551,1430,埋蔵文化財包蔵地,旭区NO.24,旭区NO.24,旭区NO.24,上川井町3066付近,散布地,雑木林・畑地,台地上,400×160,縄文(早・前・中期)・弥生,20,139.512419465,35.494870195,JsonThemeAroundPoint:x/y,139.512288023424,35.4948367339925,12535.5487062214,1,12,551-1430,0,埋蔵文化財包蔵地,5,139.512419465,35.494870195,旭区NO.24,旭区,旭区NO.24,埋蔵文化財包蔵地,,[],雑木林・畑地,旭区,上川井町3066付近,縄文(早・前・中期)・弥生,20,散布地,台地上,400×160,,,
552-1430,552,1430,埋蔵文化財包蔵地,旭区NO.25,旭区NO.25,旭区NO.25,上川井町32・3122・3154・3162付近,散布地・集落跡,雑木林・畑地・荒地・宅地,台地上・斜面,650×300,縄文(早・前・中期)・古墳,21,139.51559914,35.49208607,JsonThemeAroundPoint:x/y,139.516116476897,35.4920400205163,12144.4491637976,1,12,552-1430,0,埋蔵文化財包蔵地,5,139.51559914,35.49208607,旭区NO.25,旭区,旭区NO.25,埋蔵文化財包蔵地,,[],雑木林・畑地・荒地・宅地,旭区,上川井町32・3122・3154・3162付近,縄文(早・前・中期)・古墳,21,散布地・集落跡,台地上・斜面,650×300,,,
579-1430,579,1430,埋蔵文化財包蔵地,旭区NO.26,旭区NO.26,旭区NO.26,上川本町143・上川井町1304・下川井町1531付近,散布地,荒地・畑地・宅地,台地上,300×200,縄文(早・前・中期)・弥生(中期),23,139.510771495,35.487424595,JsonThemeAroundPoint:x/y,139.510994598309,35.4878239196878,12347.2832013177,1,12,579-1430,0,埋蔵文化財包蔵地,5,139.510771495,35.487424595,旭区NO.26,旭区,旭区NO.26,埋蔵文化財包蔵地,,[],荒地・畑地・宅地,旭区,上川本町143・上川井町1304・下川井町1531付近,縄文(早・前・中期)・弥生(中期),23,散布地,台地上,300×200,,,
574-1430,574,1430,埋蔵文化財包蔵地,旭区NO.27,旭区NO.27,旭区NO.27,川井本町86付近,散布地,果樹林,台地上,150×50,縄文(中・後期),22,139.5151758,35.48795824,JsonThemeAroundPoint:x/y,139.51522853526,35.4879059481792,11998.46248236,1,12,574-1430,0,埋蔵文化財包蔵地,5,139.5151758,35.48795824,旭区NO.27,旭区,旭区NO.27,埋蔵文化財包蔵地,,[],果樹林,旭区,川井本町86付近,縄文(中・後期),22,散布地,台地上,150×50,,,
576-1430,576,1430,埋蔵文化財包蔵地,旭区NO.28,旭区NO.28,旭区NO.28,下川井町2216付近,散布地,畑地・宅地,台地上,250×100,縄文(早・前・中期)・弥生,24,139.514395095,35.485903995,JsonThemeAroundPoint:x/y,139.514395609754,35.4859717028864,11979.9711716326,1,12,576-1430,0,埋蔵文化財包蔵地,5,139.514395095,35.485903995,旭区NO.28,旭区,旭区NO.28,埋蔵文化財包蔵地,,[],畑地・宅地,旭区,下川井町2216付近,縄文(早・前・中期)・弥生,24,散布地,台地上,250×100,,,
575-1430,575,1430,埋蔵文化財包蔵地,旭区NO.29,旭区NO.29,旭区NO.29,下川井町2192付近,散布地,畑地・宅地,台地上・斜面,200×100,縄文(早・前・中・後期)・弥生(後期),25,139.51781737,35.486186745,JsonThemeAroundPoint:x/y,139.517952859238,35.4861397434836,11702.7051462345,1,12,575-1430,0,埋蔵文化財包蔵地,5,139.51781737,35.486186745,旭区NO.29,旭区,旭区NO.29,埋蔵文化財包蔵地,,[],畑地・宅地,旭区,下川井町2192付近,縄文(早・前・中・後期)・弥生(後期),25,散布地,台地上・斜面,200×100,,,
2-1430,2,1430,埋蔵文化財包蔵地,旭区NO.3,旭区NO.3,旭区NO.3,若葉台二丁目18付近,散布地,宅地,台地上,,縄文(前・中期),14,139.50242816,35.503463955,JsonThemeAroundPoint:x/y,139.502428128175,35.5034721415825,13768.9387494115,1,12,2-1430,0,埋蔵文化財包蔵地,5,139.50242816,35.503463955,旭区NO.3,旭区,旭区NO.3,埋蔵文化財包蔵地,,[],宅地,旭区,若葉台二丁目18付近,縄文(前・中期),14,散布地,台地上,,,,
553-1430,553,1430,埋蔵文化財包蔵地,旭区NO.30,旭区NO.30,旭区NO.30,川井宿町158付近,散布地,雑木林,台地上,400×80,縄文・古墳,146,139.519755125,35.49680747,JsonThemeAroundPoint:x/y,139.519640395131,35.4970299617091,12033.7944225611,1,12,553-1430,0,埋蔵文化財包蔵地,5,139.519755125,35.49680747,旭区NO.30,旭区,旭区NO.30,埋蔵文化財包蔵地,,[],雑木林,旭区,川井宿町158付近,縄文・古墳,146,散布地,台地上,400×80,,,
2402-1430,2402,1430,埋蔵文化財包蔵地,旭区NO.31,旭区NO.31,旭区NO.31,川井宿町155付近,集落跡・墓地,公園,台地上・斜面,350×150,縄文(早・中期)・近世,27,139.52174527,35.497321075,JsonThemeAroundPoint:x/y,139.521875426918,35.497252196363,11900.4752824672,1,12,2402-1430,0,埋蔵文化財包蔵地,5,139.52174527,35.497321075,旭区NO.31,旭区,旭区NO.31,埋蔵文化財包蔵地,,[],公園,旭区,川井宿町155付近,縄文(早・中期)・近世,27,集落跡・墓地,台地上・斜面,350×150,,,
554-1430,554,1430,埋蔵文化財包蔵地,旭区NO.32,旭区NO.32,旭区NO.32,川井宿町143付近,集落跡,公園,台地上・斜面,350×200,縄文(早・前期),145,139.52447164,35.49721748,JsonThemeAroundPoint:x/y,139.524400691474,35.4972954418403,11677.2753392018,1,12,554-1430,0,埋蔵文化財包蔵地,5,139.52447164,35.49721748,旭区NO.32,旭区,旭区NO.32,埋蔵文化財包蔵地,,[],公園,旭区,川井宿町143付近,縄文(早・前期),145,集落跡,台地上・斜面,350×200,,,
561-1430,561,1430,埋蔵文化財包蔵地,旭区NO.33,旭区NO.33,旭区NO.33,川井宿町75・90付近,散布地,荒地・畑地・雑木林,台地上・斜面,600×200,縄文(早・中期),26,139.5228008,35.492587975,JsonThemeAroundPoint:x/y,139.522847381993,35.4930104852859,11576.8847349954,1,12,561-1430,0,埋蔵文化財包蔵地,5,139.5228008,35.492587975,旭区NO.33,旭区,旭区NO.33,埋蔵文化財包蔵地,,[],荒地・畑地・雑木林,旭区,川井宿町75・90付近,縄文(早・中期),26,散布地,台地上・斜面,600×200,,,
559-1430,559,1430,埋蔵文化財包蔵地,旭区NO.34,旭区NO.34,旭区NO.34,川井宿町36付近,集落跡,公園,台地上・斜面,350×100,縄文(早・前期),144,139.52537618,35.494027225,JsonThemeAroundPoint:x/y,139.52525906693,35.4940309044954,11439.3408073193,1,12,559-1430,0,埋蔵文化財包蔵地,5,139.52537618,35.494027225,旭区NO.34,旭区,旭区NO.34,埋蔵文化財包蔵地,,[],公園,旭区,川井宿町36付近,縄文(早・前期),144,集落跡,台地上・斜面,350×100,,,
555-1430,555,1430,埋蔵文化財包蔵地,旭区NO.36,旭区NO.36,旭区NO.36,上白根町1397付近,散布地,雑木林・畑地,台地上,300×50,縄文,150,139.52923801,35.50099126,JsonThemeAroundPoint:x/y,139.529358148649,35.5009953866787,11511.9403045605,1,12,555-1430,0,埋蔵文化財包蔵地,5,139.52923801,35.50099126,旭区NO.36,旭区,旭区NO.36,埋蔵文化財包蔵地,,[],雑木林・畑地,旭区,上白根町1397付近,縄文,150,散布地,台地上,300×50,,,
557-1430,557,1430,埋蔵文化財包蔵地,旭区NO.37,旭区NO.37,旭区NO.37,上白根町1425付近,散布地,雑木林,台地上,250×210,縄文,148,139.52944794,35.497648005,JsonThemeAroundPoint:x/y,139.529415187037,35.4976850232074,11306.5368575843,1,12,557-1430,0,埋蔵文化財包蔵地,5,139.52944794,35.497648005,旭区NO.37,旭区,旭区NO.37,埋蔵文化財包蔵地,,[],雑木林,旭区,上白根町1425付近,縄文,148,散布地,台地上,250×210,,,
558-1430,558,1430,埋蔵文化財包蔵地,旭区NO.38,旭区NO.38,旭区NO.38,上白根町1440付近,散布地,雑木林,台地上・斜面,280×110,縄文,147,139.527404625,35.496154235,JsonThemeAroundPoint:x/y,139.527473752412,35.496089494414,11387.2493639186,1,12,558-1430,0,埋蔵文化財包蔵地,5,139.527404625,35.496154235,旭区NO.38,旭区,旭区NO.38,埋蔵文化財包蔵地,,[],雑木林,旭区,上白根町1440付近,縄文,147,散布地,台地上・斜面,280×110,,,
560-1430,560,1430,埋蔵文化財包蔵地,旭区NO.39,旭区NO.39,旭区NO.39,上白根町1253付近,散布地,雑木林・畑地,台地上・斜面,300×150,縄文(中・後期)・弥生,28,139.5292724,35.494060975,JsonThemeAroundPoint:x/y,139.529449970441,35.4942854671346,11127.9064569433,1,12,560-1430,0,埋蔵文化財包蔵地,5,139.5292724,35.494060975,旭区NO.39,旭区,旭区NO.39,埋蔵文化財包蔵地,,[],雑木林・畑地,旭区,上白根町1253付近,縄文(中・後期)・弥生,28,散布地,台地上・斜面,300×150,,,
536-1430,536,1430,埋蔵文化財包蔵地,旭区NO.4,旭区NO.4,旭区NO.4,上川井町2508付近,散布地,宅地・畑地,台地上・斜面,,縄文(中期),1,139.493083895,35.5008407,JsonThemeAroundPoint:x/y,139.492769086825,35.5006964282194,14404.9803365621,1,12,536-1430,0,埋蔵文化財包蔵地,5,139.493083895,35.5008407,旭区NO.4,旭区,旭区NO.4,埋蔵文化財包蔵地,,[],宅地・畑地,旭区,上川井町2508付近,縄文(中期),1,散布地,台地上・斜面,,,,
563-1430,563,1430,埋蔵文化財包蔵地,旭区NO.40,旭区NO.40,旭区NO.40,上白根町1175付近,集落跡,公園,台地斜面,200×200,縄文(早・中・後期),29,139.52964922,35.490557865,JsonThemeAroundPoint:x/y,139.529650802527,35.4902932272944,10920.0935613223,1,12,563-1430,0,埋蔵文化財包蔵地,5,139.52964922,35.490557865,旭区NO.40,旭区,旭区NO.40,埋蔵文化財包蔵地,,[],公園,旭区,上白根町1175付近,縄文(早・中・後期),29,集落跡,台地斜面,200×200,,,
564-1430,564,1430,埋蔵文化財包蔵地,旭区NO.41,旭区NO.41,旭区NO.41,上白根町1161付近,集落跡,学校,台地上・斜面,250×200,縄文(早・前・中・後期),31,139.530559305,35.488532025,JsonThemeAroundPoint:x/y,139.530473147796,35.4885039394187,10747.8259726543,1,12,564-1430,0,埋蔵文化財包蔵地,5,139.530559305,35.488532025,旭区NO.41,旭区,旭区NO.41,埋蔵文化財包蔵地,,[],学校,旭区,上白根町1161付近,縄文(早・前・中・後期),31,集落跡,台地上・斜面,250×200,,,
571-1430,571,1430,埋蔵文化財包蔵地,旭区NO.42,旭区NO.42,旭区NO.42,上白根町1103・今宿西町500付近,散布地,雑木林・畑地,台地上・斜面,500×200,縄文(前？・中期)・弥生(後期)・古墳,32,139.534028235,35.48514026,JsonThemeAroundPoint:x/y,139.533905780285,35.4852588511427,10304.3135482202,1,12,571-1430,0,埋蔵文化財包蔵地,5,139.534028235,35.48514026,旭区NO.42,旭区,旭区NO.42,埋蔵文化財包蔵地,,[],雑木林・畑地,旭区,上白根町1103・今宿西町500付近,縄文(前？・中期)・弥生(後期)・古墳,32,散布地,台地上・斜面,500×200,,,
562-1430,562,1430,埋蔵文化財包蔵地,旭区NO.43,旭区NO.43,旭区NO.43,都岡町117付近,猟場,公園,台地上・斜面,300×150,縄文(早・中期),29,139.52638194,35.49093268,JsonThemeAroundPoint:x/y,139.526206646525,35.4908173761824,11204.5466961588,1,12,562-1430,0,埋蔵文化財包蔵地,5,139.52638194,35.49093268,旭区NO.43,旭区,旭区NO.43,埋蔵文化財包蔵地,,[],公園,旭区,都岡町117付近,縄文(早・中期),29,猟場,台地上・斜面,300×150,,,
573-1430,573,1430,埋蔵文化財包蔵地,旭区NO.44,旭区NO.44,旭区NO.44,都岡町103付近,猟場・包含地,雑木林・公園,台地上・斜面,300×200,縄文(早・前期),30,139.526600305,35.488355585,JsonThemeAroundPoint:x/y,139.526418963797,35.4883024563388,11065.044563224,1,12,573-1430,0,埋蔵文化財包蔵地,5,139.526600305,35.488355585,旭区NO.44,旭区,旭区NO.44,埋蔵文化財包蔵地,,[],雑木林・公園,旭区,都岡町103付近,縄文(早・前期),30,猟場・包含地,台地上・斜面,300×200,,,
569-1430,569,1430,埋蔵文化財包蔵地,旭区NO.45,旭区NO.45,旭区NO.45,上白根町792付近,散布地,雑木林・宅地,台地上・斜面,230×130,縄文(早・中期)・平安,37,139.540728745,35.49653544,JsonThemeAroundPoint:x/y,139.540663910226,35.4965341643047,10365.3379881999,1,12,569-1430,0,埋蔵文化財包蔵地,5,139.540728745,35.49653544,旭区NO.45,旭区,旭区NO.45,埋蔵文化財包蔵地,,[],雑木林・宅地,旭区,上白根町792付近,縄文(早・中期)・平安,37,散布地,台地上・斜面,230×130,,,
567-1430,567,1430,埋蔵文化財包蔵地,旭区NO.46,旭区NO.46,旭区NO.46,上白根二丁目47付近,集落跡,学校・宅地,台地上・斜面,350×300,先土器・縄文(早・中・後期),36,139.541376655,35.49245124,JsonThemeAroundPoint:x/y,139.541212969608,35.4925456523,10081.1662261242,1,12,567-1430,0,埋蔵文化財包蔵地,5,139.541376655,35.49245124,旭区NO.46,旭区,旭区NO.46,埋蔵文化財包蔵地,,[],学校・宅地,旭区,上白根二丁目47付近,先土器・縄文(早・中・後期),36,集落跡,台地上・斜面,350×300,,,
566-1430,566,1430,埋蔵文化財包蔵地,旭区NO.47,旭区NO.47,旭区NO.47,上白根二丁目52付近,散布地,宅地・畑地,台地斜面,120×100,縄文(中期),35,139.54157976,35.48983402,JsonThemeAroundPoint:x/y,139.541464444827,35.4897697254231,9922.79793450088,1,12,566-1430,0,埋蔵文化財包蔵地,5,139.54157976,35.48983402,旭区NO.47,旭区,旭区NO.47,埋蔵文化財包蔵地,,[],宅地・畑地,旭区,上白根二丁目52付近,縄文(中期),35,散布地,台地斜面,120×100,,,
8-1430,8,1430,埋蔵文化財包蔵地,旭区NO.48,旭区NO.48,旭区NO.48,上白根二丁目5付近,散布地,宅地・畑地,台地斜面,,縄文(中期)・弥生(中期),34,139.54220149,35.48819123,JsonThemeAroundPoint:x/y,139.542201462423,35.4881986705861,9786.86036447476,1,12,8-1430,0,埋蔵文化財包蔵地,5,139.54220149,35.48819123,旭区NO.48,旭区,旭区NO.48,埋蔵文化財包蔵地,,[],宅地・畑地,旭区,上白根二丁目5付近,縄文(中期)・弥生(中期),34,散布地,台地斜面,,,,
565-1430,565,1430,埋蔵文化財包蔵地,旭区NO.49,旭区NO.49,旭区NO.49,上白根町209付近,散布地,雑木林,台地上・斜面,550×100,縄文(中期),33,139.537716125,35.487900555,JsonThemeAroundPoint:x/y,139.537837497793,35.4877341010557,10133.7982232264,1,12,565-1430,0,埋蔵文化財包蔵地,5,139.537716125,35.487900555,旭区NO.49,旭区,旭区NO.49,埋蔵文化財包蔵地,,[],雑木林,旭区,上白根町209付近,縄文(中期),33,散布地,台地上・斜面,550×100,,,
3-1430,3,1430,埋蔵文化財包蔵地,旭区NO.5,旭区NO.5,旭区NO.5,若葉台二丁目17付近,散布地,宅地,台地上,,縄文(中期)・弥生・古墳,15,139.503574725,35.504113815,JsonThemeAroundPoint:x/y,139.503574692928,35.504122001033,13709.7086132392,1,12,3-1430,0,埋蔵文化財包蔵地,5,139.503574725,35.504113815,旭区NO.5,旭区,旭区NO.5,埋蔵文化財包蔵地,,[],宅地,旭区,若葉台二丁目17付近,縄文(中期)・弥生・古墳,15,散布地,台地上,,,,
570-1430,570,1430,埋蔵文化財包蔵地,旭区NO.50,旭区NO.50,旭区NO.50,上白根町1188付近,集落跡,宅地・畑地,台地斜面,200×100,縄文(早・中期)・歴史,154,139.535887555,35.48610724,JsonThemeAroundPoint:x/y,139.535968606921,35.4860429492403,10196.0343259814,1,12,570-1430,0,埋蔵文化財包蔵地,5,139.535887555,35.48610724,旭区NO.50,旭区,旭区NO.50,埋蔵文化財包蔵地,,[],宅地・畑地,旭区,上白根町1188付近,縄文(早・中期)・歴史,154,集落跡,台地斜面,200×100,,,
568-1430,568,1430,埋蔵文化財包蔵地,旭区NO.51,旭区NO.51,旭区NO.51,中白根三丁目30付近,散布地,果樹林,台地上,70×50,縄文(早・前期),38,139.54537969,35.494468275,JsonThemeAroundPoint:x/y,139.545347318435,35.4946441050075,9886.05442861871,1,12,568-1430,0,埋蔵文化財包蔵地,5,139.54537969,35.494468275,旭区NO.51,旭区,旭区NO.51,埋蔵文化財包蔵地,,[],果樹林,旭区,中白根三丁目30付近,縄文(早・前期),38,散布地,台地上,70×50,,,
580-1430,580,1430,埋蔵文化財包蔵地,旭区NO.52,旭区NO.52,旭区NO.52,下川井町1576付近,散布地,雑木林・畑地,台地上・斜面,400×150,縄文(中期)・古墳,47,139.509260075,35.482038115,JsonThemeAroundPoint:x/y,139.508959374203,35.4819406196876,12272.8340220454,1,12,580-1430,0,埋蔵文化財包蔵地,5,139.509260075,35.482038115,旭区NO.52,旭区,旭区NO.52,埋蔵文化財包蔵地,,[],雑木林・畑地,旭区,下川井町1576付近,縄文(中期)・古墳,47,散布地,台地上・斜面,400×150,,,
578-1430,578,1430,埋蔵文化財包蔵地,旭区NO.53,旭区NO.53,旭区NO.53,下川井町2256・2260付近,散布地,雑木林,台地上・斜面,350×150,縄文(早・前・中・後期),46,139.51456818,35.48283109,JsonThemeAroundPoint:x/y,139.514451216562,35.4825589001299,11846.6059871909,1,12,578-1430,0,埋蔵文化財包蔵地,5,139.51456818,35.48283109,旭区NO.53,旭区,旭区NO.53,埋蔵文化財包蔵地,,[],雑木林,旭区,下川井町2256・2260付近,縄文(早・前・中・後期),46,散布地,台地上・斜面,350×150,,,
577-1430,577,1430,埋蔵文化財包蔵地,旭区NO.54,旭区NO.54,旭区NO.54,下川井町164・224・2130・2163付近,散布地・集落跡,畑地・宅地・雑木林,台地上・斜面,500×400,縄文(早・前・中・後期)・弥生(中期),45,139.519165235,35.48258898,JsonThemeAroundPoint:x/y,139.519412780047,35.4828357887712,11445.5664836712,1,12,577-1430,0,埋蔵文化財包蔵地,5,139.519165235,35.48258898,旭区NO.54,旭区,旭区NO.54,埋蔵文化財包蔵地,,[],畑地・宅地・雑木林,旭区,下川井町164・224・2130・2163付近,縄文(早・前・中・後期)・弥生(中期),45,散布地・集落跡,台地上・斜面,500×400,,,
9-1430,9,1430,埋蔵文化財包蔵地,旭区NO.55,旭区NO.55,旭区NO.55,今宿西町238付近,散布地,宅地,低地,,(不明),44,139.52814411,35.480500585,JsonThemeAroundPoint:x/y,139.528144080439,35.4805082506798,10601.7694532732,1,12,9-1430,0,埋蔵文化財包蔵地,5,139.52814411,35.480500585,旭区NO.55,旭区,旭区NO.55,埋蔵文化財包蔵地,,[],宅地,旭区,今宿西町238付近,(不明),44,散布地,低地,,,,
581-1430,581,1430,埋蔵文化財包蔵地,旭区NO.56,旭区NO.56,旭区NO.56,矢指町1697・1716・1729付近,散布地,雑木林・畑地,台地上・斜面,500×200,縄文(早・前・中期)・古墳,48,139.508062505,35.47808988,JsonThemeAroundPoint:x/y,139.508181521249,35.4778519244585,12245.4038329141,1,12,581-1430,0,埋蔵文化財包蔵地,5,139.508062505,35.47808988,旭区NO.56,旭区,旭区NO.56,埋蔵文化財包蔵地,,[],雑木林・畑地,旭区,矢指町1697・1716・1729付近,縄文(早・前・中期)・古墳,48,散布地,台地上・斜面,500×200,,,
583-1430,583,1430,埋蔵文化財包蔵地,旭区NO.57,旭区NO.57,旭区NO.57,矢指町1825・1840付近,散布地,雑木林・畑地,台地上・斜面,400×150,縄文(前・中期)・古墳,50,139.511314365,35.47707294,JsonThemeAroundPoint:x/y,139.511297641071,35.4769937568834,11930.8229005737,1,12,583-1430,0,埋蔵文化財包蔵地,5,139.511314365,35.47707294,旭区NO.57,旭区,旭区NO.57,埋蔵文化財包蔵地,,[],雑木林・畑地,旭区,矢指町1825・1840付近,縄文(前・中期)・古墳,50,散布地,台地上・斜面,400×150,,,
582-1430,582,1430,埋蔵文化財包蔵地,旭区NO.58,旭区NO.58,旭区NO.58,金が谷622付近,散布地,雑木林・畑地,台地上・斜面,150×70,縄文(早・前・中期),51,139.51568576,35.477853695,JsonThemeAroundPoint:x/y,139.515665284559,35.477671023836,11576.1613893459,1,12,582-1430,0,埋蔵文化財包蔵地,5,139.51568576,35.477853695,旭区NO.58,旭区,旭区NO.58,埋蔵文化財包蔵地,,[],雑木林・畑地,旭区,金が谷622付近,縄文(早・前・中期),51,散布地,台地上・斜面,150×70,,,
572-1430,572,1430,埋蔵文化財包蔵地,旭区NO.59,旭区NO.59,旭区NO.59,今宿東町670付近,散布地,畑地・宅地,低位台地上,200×200,縄文・古墳～歴史,156,139.537287345,35.48035377,JsonThemeAroundPoint:x/y,139.537377443427,35.480265903355,9823.52189955669,1,12,572-1430,0,埋蔵文化財包蔵地,5,139.537287345,35.48035377,旭区NO.59,旭区,旭区NO.59,埋蔵文化財包蔵地,,[],畑地・宅地,旭区,今宿東町670付近,縄文・古墳～歴史,156,散布地,低位台地上,200×200,,,
4-1430,4,1430,埋蔵文化財包蔵地,旭区NO.6,旭区NO.6,旭区NO.6,若葉台二丁目8付近,散布地,公園,台地上,,縄文(早・前・中・後期)・弥生,17,139.50536084,35.50304932,JsonThemeAroundPoint:x/y,139.50536080815,35.5030575059375,13511.4798064409,1,12,4-1430,0,埋蔵文化財包蔵地,5,139.50536084,35.50304932,旭区NO.6,旭区,旭区NO.6,埋蔵文化財包蔵地,,[],公園,旭区,若葉台二丁目8付近,縄文(早・前・中・後期)・弥生,17,散布地,台地上,,,,
587-1430,587,1430,埋蔵文化財包蔵地,旭区NO.60,旭区NO.60,旭区NO.60,今宿東町949付近,散布地,雑木林・宅地,台地上・斜面,400×100,縄文(中期)・古墳,72,139.542033675,35.481025465,JsonThemeAroundPoint:x/y,139.541890565125,35.4809535433377,9455.7300533513,1,12,587-1430,0,埋蔵文化財包蔵地,5,139.542033675,35.481025465,旭区NO.60,旭区,旭区NO.60,埋蔵文化財包蔵地,,[],雑木林・宅地,旭区,今宿東町949付近,縄文(中期)・古墳,72,散布地,台地上・斜面,400×100,,,
584-1430,584,1430,埋蔵文化財包蔵地,旭区NO.61,旭区NO.61,旭区NO.61,今宿東町879付近,散布地,畑地・宅地,台地緩斜面,200×200,縄文(中期)・歴史,71,139.541040885,35.477271395,JsonThemeAroundPoint:x/y,139.540995783305,35.4773514307802,9381.41561186183,1,12,584-1430,0,埋蔵文化財包蔵地,5,139.541040885,35.477271395,旭区NO.61,旭区,旭区NO.61,埋蔵文化財包蔵地,,[],畑地・宅地,旭区,今宿東町879付近,縄文(中期)・歴史,71,散布地,台地緩斜面,200×200,,,
586-1430,586,1430,埋蔵文化財包蔵地,旭区NO.62,旭区NO.62,旭区NO.62,鶴ヶ峰本町955付近,集落跡,学校,台地上・斜面,200×150,縄文(中期),73,139.54521448,35.478384365,JsonThemeAroundPoint:x/y,139.545174958206,35.4783378051712,9075.66595667303,1,12,586-1430,0,埋蔵文化財包蔵地,5,139.54521448,35.478384365,旭区NO.62,旭区,旭区NO.62,埋蔵文化財包蔵地,,[],学校,旭区,鶴ヶ峰本町955付近,縄文(中期),73,集落跡,台地上・斜面,200×150,,,
585-1430,585,1430,埋蔵文化財包蔵地,旭区NO.63,旭区NO.63,旭区NO.63,鶴ヶ峰本町1067付近,散布地,宅地・荒地,台地斜面,80×30,縄文(前期),74,139.54561265,35.47685107,JsonThemeAroundPoint:x/y,139.54559277483,35.4768234334141,8978.26631962843,1,12,585-1430,0,埋蔵文化財包蔵地,5,139.54561265,35.47685107,旭区NO.63,旭区,旭区NO.63,埋蔵文化財包蔵地,,[],宅地・荒地,旭区,鶴ヶ峰本町1067付近,縄文(前期),74,散布地,台地斜面,80×30,,,
588-1430,588,1430,埋蔵文化財包蔵地,旭区NO.64,旭区NO.64,旭区NO.64,中白根三丁目31付近,散布地,畑地,台地上,350×200,縄文(中・後期)・弥生(後期),39,139.547968345,35.49421391,JsonThemeAroundPoint:x/y,139.548065800816,35.4940134503771,9672.87337498742,1,12,588-1430,0,埋蔵文化財包蔵地,5,139.547968345,35.49421391,旭区NO.64,旭区,旭区NO.64,埋蔵文化財包蔵地,,[],畑地,旭区,中白根三丁目31付近,縄文(中・後期)・弥生(後期),39,散布地,台地上,350×200,,,
590-1430,590,1430,埋蔵文化財包蔵地,旭区NO.65,旭区NO.65,旭区NO.65,白根855・885・914付近,散布地,畑地・宅地・荒地,台地上・斜面,350×300,縄文(前？・中・後期),40,139.55352172,35.493095075,JsonThemeAroundPoint:x/y,139.553161222344,35.4938337231497,9183.74267721071,1,12,590-1430,0,埋蔵文化財包蔵地,5,139.55352172,35.493095075,旭区NO.65,旭区,旭区NO.65,埋蔵文化財包蔵地,,[],畑地・宅地・荒地,旭区,白根855・885・914付近,縄文(前？・中・後期),40,散布地,台地上・斜面,350×300,,,
589-1430,589,1430,埋蔵文化財包蔵地,旭区NO.66,旭区NO.66,旭区NO.66,中白根四丁目10付近,包含地,宅地,台地上・斜面,30×80,縄文(早・前期),143,139.55209805,35.491255295,JsonThemeAroundPoint:x/y,139.552160510245,35.4912938509035,9180.37845917315,1,12,589-1430,0,埋蔵文化財包蔵地,5,139.55209805,35.491255295,旭区NO.66,旭区,旭区NO.66,埋蔵文化財包蔵地,,[],宅地,旭区,中白根四丁目10付近,縄文(早・前期),143,包含地,台地上・斜面,30×80,,,
16-1430,16,1430,埋蔵文化財包蔵地,旭区NO.67,旭区NO.67,旭区NO.67,中白根四丁目14付近,集落跡,宅地,台地上,,縄文(早・中・後期)・古墳,41,139.550109795,35.490542685,JsonThemeAroundPoint:x/y,139.550109771145,35.4905501314552,9291.84550812971,1,12,16-1430,0,埋蔵文化財包蔵地,5,139.550109795,35.490542685,旭区NO.67,旭区,旭区NO.67,埋蔵文化財包蔵地,,[],宅地,旭区,中白根四丁目14付近,縄文(早・中・後期)・古墳,41,集落跡,台地上,,,,
15-1430,15,1430,埋蔵文化財包蔵地,旭区NO.68,旭区NO.68,旭区NO.68,中白根三丁目1付近,散布地,公園,台地上,,縄文(早・中期),42,139.54843196,35.490702995,JsonThemeAroundPoint:x/y,139.548431936847,35.490710433495,9431.29212185838,1,12,15-1430,0,埋蔵文化財包蔵地,5,139.54843196,35.490702995,旭区NO.68,旭区,旭区NO.68,埋蔵文化財包蔵地,,[],公園,旭区,中白根三丁目1付近,縄文(早・中期),42,散布地,台地上,,,,
591-1430,591,1430,埋蔵文化財包蔵地,旭区NO.69,旭区NO.69,旭区NO.69,中白根二丁目20付近,散布地,宅地・畑地,台地上,300×200,縄文(中期),43,139.547628805,35.486855635,JsonThemeAroundPoint:x/y,139.547557799199,35.4868301244938,9282.94901117187,1,12,591-1430,0,埋蔵文化財包蔵地,5,139.547628805,35.486855635,旭区NO.69,旭区,旭区NO.69,埋蔵文化財包蔵地,,[],宅地・畑地,旭区,中白根二丁目20付近,縄文(中期),43,散布地,台地上,300×200,,,
5-1430,5,1430,埋蔵文化財包蔵地,旭区NO.7,旭区NO.7,旭区NO.7,若葉台一丁目13付近,散布地,学校,台地上,,縄文(前？・中期),16,139.50684714,35.50456238,JsonThemeAroundPoint:x/y,139.506847107506,35.5045705682888,13470.9328701199,1,12,5-1430,0,埋蔵文化財包蔵地,5,139.50684714,35.50456238,旭区NO.7,旭区,旭区NO.7,埋蔵文化財包蔵地,,[],学校,旭区,若葉台一丁目13付近,縄文(前？・中期),16,散布地,台地上,,,,
593-1430,593,1430,埋蔵文化財包蔵地,旭区NO.70,旭区NO.70,旭区NO.70,中白根一丁目5・白根六丁目25付近,散布地,畑地,台地上・斜面,300×150,縄文(前？・中期)・弥生(中期),77,139.54878542,35.482803365,JsonThemeAroundPoint:x/y,139.548420162032,35.4828185554653,8983.17114601219,1,12,593-1430,0,埋蔵文化財包蔵地,5,139.54878542,35.482803365,旭区NO.70,旭区,旭区NO.70,埋蔵文化財包蔵地,,[],畑地,旭区,中白根一丁目5・白根六丁目25付近,縄文(前？・中期)・弥生(中期),77,散布地,台地上・斜面,300×150,,,
10-1430,10,1430,埋蔵文化財包蔵地,旭区NO.71,旭区NO.71,旭区NO.71,白根六丁目63付近,散布地,宅地,台地上,,縄文・古墳,78,139.55116461,35.48309892,JsonThemeAroundPoint:x/y,139.551164583888,35.4831063642254,8805.02819107539,1,12,10-1430,0,埋蔵文化財包蔵地,5,139.55116461,35.48309892,旭区NO.71,旭区,旭区NO.71,埋蔵文化財包蔵地,,[],宅地,旭区,白根六丁目63付近,縄文・古墳,78,散布地,台地上,,,,
11-1430,11,1430,埋蔵文化財包蔵地,旭区NO.72,旭区NO.72,旭区NO.72,白根六丁目16付近,散布地,宅地,台地上,,縄文(前期),80,139.552001515,35.481085005,JsonThemeAroundPoint:x/y,139.552001490228,35.4810924461517,8637.39057850852,1,12,11-1430,0,埋蔵文化財包蔵地,5,139.552001515,35.481085005,旭区NO.72,旭区,旭区NO.72,埋蔵文化財包蔵地,,[],宅地,旭区,白根六丁目16付近,縄文(前期),80,散布地,台地上,,,,
592-1430,592,1430,埋蔵文化財包蔵地,旭区NO.73,旭区NO.73,旭区NO.73,白根七丁目28付近,散布地,畑地,台地上・斜面,300×150,縄文(早・前・中期),79,139.55306621,35.48459557,JsonThemeAroundPoint:x/y,139.553143848349,35.4844225769023,8729.90682924511,1,12,592-1430,0,埋蔵文化財包蔵地,5,139.55306621,35.48459557,旭区NO.73,旭区,旭区NO.73,埋蔵文化財包蔵地,,[],畑地,旭区,白根七丁目28付近,縄文(早・前・中期),79,散布地,台地上・斜面,300×150,,,
12-1430,12,1430,埋蔵文化財包蔵地,旭区NO.74,旭区NO.74,旭区NO.74,白根七丁目1付近,古墳,学校,台地上,,古墳(後期),81,139.55643738,35.481897605,JsonThemeAroundPoint:x/y,139.556437355578,35.4819050441733,8319.12031587563,1,12,12-1430,0,埋蔵文化財包蔵地,5,139.55643738,35.481897605,旭区NO.74,旭区,旭区NO.74,埋蔵文化財包蔵地,,[],学校,旭区,白根七丁目1付近,古墳(後期),81,古墳,台地上,,,,
13-1430,13,1430,埋蔵文化財包蔵地,旭区NO.75,旭区NO.75,旭区NO.75,白根二丁目33付近,散布地,宅地,台地上・斜面,,縄文(後期)・弥生(後期),82,139.556444085,35.479933135,JsonThemeAroundPoint:x/y,139.556444055911,35.4799405773088,8219.44585941018,1,12,13-1430,0,埋蔵文化財包蔵地,5,139.556444085,35.479933135,旭区NO.75,旭区,旭区NO.75,埋蔵文化財包蔵地,,[],宅地,旭区,白根二丁目33付近,縄文(後期)・弥生(後期),82,散布地,台地上・斜面,,,,
595-1430,595,1430,埋蔵文化財包蔵地,旭区NO.76,旭区NO.76,旭区NO.76,白根二丁目31付近,散布地・墳墓,雑木林・畑地・荒地,台地上・斜面,300×150,縄文(中期)・奈良～平安,83,139.555682635,35.47872983,JsonThemeAroundPoint:x/y,139.555493516247,35.4785716478108,8223.37749237953,1,12,595-1430,0,埋蔵文化財包蔵地,5,139.555682635,35.47872983,旭区NO.76,旭区,旭区NO.76,埋蔵文化財包蔵地,,[],雑木林・畑地・荒地,旭区,白根二丁目31付近,縄文(中期)・奈良～平安,83,散布地・墳墓,台地上・斜面,300×150,,,
14-1430,14,1430,埋蔵文化財包蔵地,旭区NO.77,旭区NO.77,旭区NO.77,白根四丁目24付近,散布地,宅地,台地上,,縄文,76,139.547823225,35.47856549,JsonThemeAroundPoint:x/y,139.547823196903,35.4785729317843,8865.57686867588,1,12,14-1430,0,埋蔵文化財包蔵地,5,139.547823225,35.47856549,旭区NO.77,旭区,旭区NO.77,埋蔵文化財包蔵地,,[],宅地,旭区,白根四丁目24付近,縄文,76,散布地,台地上,,,,
594-1430,594,1430,埋蔵文化財包蔵地,旭区NO.78,旭区NO.78,旭区NO.78,白根三丁目31付近,散布地,神社境内,台地上,150×100,縄文,157,139.551731245,35.47986432,JsonThemeAroundPoint:x/y,139.551728584978,35.4798552779521,8601.18328750852,1,12,594-1430,0,埋蔵文化財包蔵地,5,139.551731245,35.47986432,旭区NO.78,旭区,旭区NO.78,埋蔵文化財包蔵地,,[],神社境内,旭区,白根三丁目31付近,縄文,157,散布地,台地上,150×100,,,
596-1430,596,1430,埋蔵文化財包蔵地,旭区NO.79,旭区NO.79,旭区NO.79,矢指町1197付近,集落跡,病院,台地上・斜面,,先土器・縄文(早・前・中期),49,139.50637682,35.47445423,JsonThemeAroundPoint:x/y,139.506539303084,35.4742932074424,12286.0829653315,1,12,596-1430,0,埋蔵文化財包蔵地,5,139.50637682,35.47445423,旭区NO.79,旭区,旭区NO.79,埋蔵文化財包蔵地,,[],病院,旭区,矢指町1197付近,先土器・縄文(早・前・中期),49,集落跡,台地上・斜面,,,,
6-1430,6,1430,埋蔵文化財包蔵地,旭区NO.8,旭区NO.8,旭区NO.8,若葉台一丁目6付近,散布地,宅地,台地上,,(不明),18,139.50830574,35.500220325,JsonThemeAroundPoint:x/y,139.508305711122,35.5002277670489,13130.700475299,1,12,6-1430,0,埋蔵文化財包蔵地,5,139.50830574,35.500220325,旭区NO.8,旭区,旭区NO.8,埋蔵文化財包蔵地,,[],宅地,旭区,若葉台一丁目6付近,(不明),18,散布地,台地上,,,,
597-1430,597,1430,埋蔵文化財包蔵地,旭区NO.80,旭区NO.80,旭区NO.80,金が谷657付近,集落跡,宅地・畑地,台地上・斜面,300×150,縄文(早期),52,139.51230565,35.474539765,JsonThemeAroundPoint:x/y,139.512464534635,35.4743842943549,11768.6024573134,1,12,597-1430,0,埋蔵文化財包蔵地,5,139.51230565,35.474539765,旭区NO.80,旭区,旭区NO.80,埋蔵文化財包蔵地,,[],宅地・畑地,旭区,金が谷657付近,縄文(早期),52,集落跡,台地上・斜面,300×150,,,
17-1430,17,1430,埋蔵文化財包蔵地,旭区NO.81,旭区NO.81,旭区NO.81,笹野台三丁目51付近,散布地,宅地,台地斜面,,縄文(前・後期),53,139.51235979,35.471949565,JsonThemeAroundPoint:x/y,139.512359757597,35.4719571563214,11692.6683986929,1,12,17-1430,0,埋蔵文化財包蔵地,5,139.51235979,35.471949565,旭区NO.81,旭区,旭区NO.81,埋蔵文化財包蔵地,,[],宅地,旭区,笹野台三丁目51付近,縄文(前・後期),53,散布地,台地斜面,,,,
598-1430,598,1430,埋蔵文化財包蔵地,旭区NO.82,旭区NO.82,旭区NO.82,笹野台四丁目52付近,散布地,畑地・荒地,台地斜面,250×40,縄文(早・前・中期),54,139.5127518,35.470623345,JsonThemeAroundPoint:x/y,139.512686314574,35.4705333707722,11624.179915044,1,12,598-1430,0,埋蔵文化財包蔵地,5,139.5127518,35.470623345,旭区NO.82,旭区,旭区NO.82,埋蔵文化財包蔵地,,[],畑地・荒地,旭区,笹野台四丁目52付近,縄文(早・前・中期),54,散布地,台地斜面,250×40,,,
18-1430,18,1430,埋蔵文化財包蔵地,旭区NO.83,旭区NO.83,旭区NO.83,笹野台四丁目48付近,包含地,学校,台地上,,縄文(中期),55,139.51344474,35.469998515,JsonThemeAroundPoint:x/y,139.513444706597,35.4700061096349,11547.5207704717,1,12,18-1430,0,埋蔵文化財包蔵地,5,139.51344474,35.469998515,旭区NO.83,旭区,旭区NO.83,埋蔵文化財包蔵地,,[],学校,旭区,笹野台四丁目48付近,縄文(中期),55,包含地,台地上,,,,
599-1430,599,1430,埋蔵文化財包蔵地,旭区NO.84,旭区NO.84,旭区NO.84,笹野台四丁目55付近,散布地,宅地,台地斜面,170×60,縄文(中期)・古墳,56,139.51212296,35.468505795,JsonThemeAroundPoint:x/y,139.512114548684,35.4684211196184,11629.4290831926,1,12,599-1430,0,埋蔵文化財包蔵地,5,139.51212296,35.468505795,旭区NO.84,旭区,旭区NO.84,埋蔵文化財包蔵地,,[],宅地,旭区,笹野台四丁目55付近,縄文(中期)・古墳,56,散布地,台地斜面,170×60,,,
19-1430,19,1430,埋蔵文化財包蔵地,旭区NO.85,旭区NO.85,旭区NO.85,今宿一丁目63付近,散布地,宅地,台地上,,(不明),60,139.519581335,35.474847825,JsonThemeAroundPoint:x/y,139.519581305189,35.4748554144501,11142.3594576556,1,12,19-1430,0,埋蔵文化財包蔵地,5,139.519581335,35.474847825,旭区NO.85,旭区,旭区NO.85,埋蔵文化財包蔵地,,[],宅地,旭区,今宿一丁目63付近,(不明),60,散布地,台地上,,,,
601-1430,601,1430,埋蔵文化財包蔵地,旭区NO.86,旭区NO.86,旭区NO.86,今宿町2553付近,散布地,畑地・雑木林,台地上・斜面,200×180,縄文(前期),59,139.5183132,35.47274711,JsonThemeAroundPoint:x/y,139.518394087101,35.472693677135,11191.2380901164,1,12,601-1430,0,埋蔵文化財包蔵地,5,139.5183132,35.47274711,旭区NO.86,旭区,旭区NO.86,埋蔵文化財包蔵地,,[],畑地・雑木林,旭区,今宿町2553付近,縄文(前期),59,散布地,台地上・斜面,200×180,,,
600-1430,600,1430,埋蔵文化財包蔵地,旭区NO.87,旭区NO.87,旭区NO.87,今宿町2577付近,散布地,雑木林,台地上,,縄文(中期),57,139.51726334,35.470649315,JsonThemeAroundPoint:x/y,139.516978340333,35.4704890279261,11226.7711302851,1,12,600-1430,0,埋蔵文化財包蔵地,5,139.51726334,35.470649315,旭区NO.87,旭区,旭区NO.87,埋蔵文化財包蔵地,,[],雑木林,旭区,今宿町2577付近,縄文(中期),57,散布地,台地上,,,,
21-1430,21,1430,埋蔵文化財包蔵地,旭区NO.88,旭区NO.88,旭区NO.88,今宿二丁目52付近,包含地,宅地,台地上,,(不明),58,139.519026415,35.468977325,JsonThemeAroundPoint:x/y,139.519026384504,35.4689849133322,11029.0766804796,1,12,21-1430,0,埋蔵文化財包蔵地,5,139.519026415,35.468977325,旭区NO.88,旭区,旭区NO.88,埋蔵文化財包蔵地,,[],宅地,旭区,今宿二丁目52付近,(不明),58,包含地,台地上,,,,
20-1430,20,1430,埋蔵文化財包蔵地,旭区NO.89,旭区NO.89,旭区NO.89,今宿一丁目40付近,散布地,宅地,台地上,,縄文(早期),66,139.523957655,35.47326492,JsonThemeAroundPoint:x/y,139.523957626172,35.4732725115291,10712.7174586502,1,12,20-1430,0,埋蔵文化財包蔵地,5,139.523957655,35.47326492,旭区NO.89,旭区,旭区NO.89,埋蔵文化財包蔵地,,[],宅地,旭区,今宿一丁目40付近,縄文(早期),66,散布地,台地上,,,,
535-1430,535,1430,埋蔵文化財包蔵地,旭区NO.9,旭区NO.9,旭区NO.9,若葉台二丁目29付近,散布地,宅地,台地斜面,90×40,縄文(早・中・後期),3,139.50306859,35.499341785,JsonThemeAroundPoint:x/y,139.503065014923,35.4994084882709,13514.1728910519,1,12,535-1430,0,埋蔵文化財包蔵地,5,139.50306859,35.499341785,旭区NO.9,旭区,旭区NO.9,埋蔵文化財包蔵地,,[],宅地,旭区,若葉台二丁目29付近,縄文(早・中・後期),3,散布地,台地斜面,90×40,,,
602-1430,602,1430,埋蔵文化財包蔵地,旭区NO.90,旭区NO.90,旭区NO.90,今宿二丁目1付近,散布地,宅地・畑地,台地上・斜面,300×50,縄文(早・中期),67,139.52334197,35.470930265,JsonThemeAroundPoint:x/y,139.523284010527,35.470988129136,10699.4081465985,1,12,602-1430,0,埋蔵文化財包蔵地,5,139.52334197,35.470930265,旭区NO.90,旭区,旭区NO.90,埋蔵文化財包蔵地,,[],宅地・畑地,旭区,今宿二丁目1付近,縄文(早・中期),67,散布地,台地上・斜面,300×50,,,
603-1430,603,1430,埋蔵文化財包蔵地,旭区NO.91,旭区NO.91,旭区NO.91,今宿南町2180・2195・2200・2222付近,散布地・集落跡,雑木林・畑地,台地上・斜面,600×300,縄文(中期),61,139.52542063,35.47662383,JsonThemeAroundPoint:x/y,139.52495664464,35.4765558092457,10693.558336389,1,12,603-1430,0,埋蔵文化財包蔵地,5,139.52542063,35.47662383,旭区NO.91,旭区,旭区NO.91,埋蔵文化財包蔵地,,[],雑木林・畑地,旭区,今宿南町2180・2195・2200・2222付近,縄文(中期),61,散布地・集落跡,台地上・斜面,600×300,,,
605-1430,605,1430,埋蔵文化財包蔵地,旭区NO.92,旭区NO.92,旭区NO.92,今宿南町2222付近,地下式壙,畑地,台地斜面,,歴史,62,139.528124385,35.476342865,JsonThemeAroundPoint:x/y,139.528124996878,35.4763428647853,10450.8218269268,1,12,605-1430,0,埋蔵文化財包蔵地,5,139.528124385,35.476342865,旭区NO.92,旭区,旭区NO.92,埋蔵文化財包蔵地,,[],畑地,旭区,今宿南町2222付近,歴史,62,地下式壙,台地斜面,,,,
606-1430,606,1430,埋蔵文化財包蔵地,旭区NO.93,旭区NO.93,旭区NO.93,今宿南町2282付近,散布地,雑木林・畑地,台地上・斜面,250×250,縄文(前・中期),65,139.52973768,35.473561825,JsonThemeAroundPoint:x/y,139.529616953478,35.4735289651993,10218.8719098044,1,12,606-1430,0,埋蔵文化財包蔵地,5,139.52973768,35.473561825,旭区NO.93,旭区,旭区NO.93,埋蔵文化財包蔵地,,[],雑木林・畑地,旭区,今宿南町2282付近,縄文(前・中期),65,散布地,台地上・斜面,250×250,,,
604-1430,604,1430,埋蔵文化財包蔵地,旭区NO.94,旭区NO.94,旭区NO.94,今宿南町1722・1839・1879付近,散布地・城跡・塚,学校・畑地・宅地,台地上・斜面,500×300,縄文(早・前・中期),63・64,139.53187882,35.476177345,JsonThemeAroundPoint:x/y,139.531832006518,35.475806811723,10122.033071623,1,12,604-1430,0,埋蔵文化財包蔵地,5,139.53187882,35.476177345,旭区NO.94,旭区,旭区NO.94,埋蔵文化財包蔵地,,[],学校・畑地・宅地,旭区,今宿南町1722・1839・1879付近,縄文(早・前・中期),63・64,散布地・城跡・塚,台地上・斜面,500×300,,,
607-1430,607,1430,埋蔵文化財包蔵地,旭区NO.96,旭区NO.96,旭区NO.96,中沢一丁目18・今川町41・87・98・100・115付近,散布地,畑地・公園・宅地,台地上・斜面,700×400,縄文(早・中・後期)・古墳,68,139.534709125,35.470958355,JsonThemeAroundPoint:x/y,139.535040750919,35.4710829566754,9705.28869299749,1,12,607-1430,0,埋蔵文化財包蔵地,5,139.534709125,35.470958355,旭区NO.96,旭区,旭区NO.96,埋蔵文化財包蔵地,,[],畑地・公園・宅地,旭区,中沢一丁目18・今川町41・87・98・100・115付近,縄文(早・中・後期)・古墳,68,散布地,台地上・斜面,700×400,,,
26-1430,26,1430,埋蔵文化財包蔵地,旭区NO.97,旭区NO.97,旭区NO.97,鶴ヶ峰本町1072付近,散布地,宅地,台地斜面,,縄文(中・後期)・古墳,75,139.544830775,35.476086345,JsonThemeAroundPoint:x/y,139.544830750285,35.4760937863715,9013.52238672602,1,12,26-1430,0,埋蔵文化財包蔵地,5,139.544830775,35.476086345,旭区NO.97,旭区,旭区NO.97,埋蔵文化財包蔵地,,[],宅地,旭区,鶴ヶ峰本町1072付近,縄文(中・後期)・古墳,75,散布地,台地斜面,,,,
608-1430,608,1430,埋蔵文化財包蔵地,旭区NO.98,旭区NO.98,旭区NO.98,今川町33付近,散布地,畑地,台地上・斜面,350×200,縄文(早・前・中期),69,139.539710925,35.47101304,JsonThemeAroundPoint:x/y,139.539540960039,35.4714681009021,9271.69246800239,1,12,608-1430,0,埋蔵文化財包蔵地,5,139.539710925,35.47101304,旭区NO.98,旭区,旭区NO.98,埋蔵文化財包蔵地,,[],畑地,旭区,今川町33付近,縄文(早・前・中期),69,散布地,台地上・斜面,350×200,,,
609-1430,609,1430,埋蔵文化財包蔵地,旭区NO.99,旭区NO.99,旭区NO.99,今川町12・16・18・四季美台31付近,散布地,畑地・宅地・植木畑,台地上・斜面,500×300,縄文(前・中・後期)・弥生(後期)・古墳,70,139.54365507,35.469708185,JsonThemeAroundPoint:x/y,139.543489412525,35.4699750070124,8887.75151286835,1,12,609-1430,0,埋蔵文化財包蔵地,5,139.54365507,35.469708185,旭区NO.99,旭区,旭区NO.99,埋蔵文化財包蔵地,,[],畑地・宅地・植木畑,旭区,今川町12・16・18・四季美台31付近,縄文(前・中・後期)・弥生(後期)・古墳,70,散布地,台地上・斜面,500×300,,,
684-1430,684,1430,埋蔵文化財包蔵地,栄区NO.1,栄区NO.1,栄区NO.1,飯島町730・819・844付近,散布地・集落跡,宅地・学校,台地上,350×150,弥生・古墳・奈良・平安,1,139.53525116,35.37061174,JsonThemeAroundPoint:x/y,139.535299095673,35.3703409058924,12604.5327433544,1,12,684-1430,0,埋蔵文化財包蔵地,5,139.53525116,35.37061174,栄区NO.1,栄区,栄区NO.1,埋蔵文化財包蔵地,,[],宅地・学校,栄区,飯島町730・819・844付近,弥生・古墳・奈良・平安,1,散布地・集落跡,台地上,350×150,,,
686-1430,686,1430,埋蔵文化財包蔵地,栄区NO.10,栄区NO.10,栄区NO.10,飯島町779・814付近,散布地,畑地,台地上・斜面,250×60,弥生(中・後期)・古墳,9,139.53694404,35.36979681,JsonThemeAroundPoint:x/y,139.536849667066,35.3697417115026,12553.9016601989,1,12,686-1430,0,埋蔵文化財包蔵地,5,139.53694404,35.36979681,栄区NO.10,栄区,栄区NO.10,埋蔵文化財包蔵地,,[],畑地,栄区,飯島町779・814付近,弥生(中・後期)・古墳,9,散布地,台地上・斜面,250×60,,,
731-1430,731,1430,埋蔵文化財包蔵地,栄区NO.100,栄区NO.100,栄区NO.100,上郷町883付近,散布地,畑地,台地上,90×50,縄文(早期)・弥生・歴史,100,139.588058805,35.358533015,JsonThemeAroundPoint:x/y,139.588032512479,35.3584765002155,10842.8341352962,1,12,731-1430,0,埋蔵文化財包蔵地,5,139.588058805,35.358533015,栄区NO.100,栄区,栄区NO.100,埋蔵文化財包蔵地,,[],畑地,栄区,上郷町883付近,縄文(早期)・弥生・歴史,100,散布地,台地上,90×50,,,
94-1430,94,1430,埋蔵文化財包蔵地,栄区NO.101,栄区NO.101,栄区NO.101,上郷町1555付近,散布地,墓地,台地斜面,,(不明),95,139.58492474,35.3374386,JsonThemeAroundPoint:x/y,139.584924720336,35.3374460435708,13115.0465357737,1,12,94-1430,0,埋蔵文化財包蔵地,5,139.58492474,35.3374386,栄区NO.101,栄区,栄区NO.101,埋蔵文化財包蔵地,,[],墓地,栄区,上郷町1555付近,(不明),95,散布地,台地斜面,,,,
2266-1430,2266,1430,埋蔵文化財包蔵地,栄区NO.102,栄区NO.102,栄区NO.102,上郷町1773付近,やぐら,,崖,,中世,102,139.578924725,35.357407155,JsonThemeAroundPoint:x/y,139.578924792766,35.3574053297836,11322.3013196999,1,12,2266-1430,0,埋蔵文化財包蔵地,5,139.578924725,35.357407155,栄区NO.102,栄区,栄区NO.102,埋蔵文化財包蔵地,,[],,栄区,上郷町1773付近,中世,102,やぐら,崖,,,,
2268-1430,2268,1430,埋蔵文化財包蔵地,栄区NO.103,栄区NO.103,栄区NO.103,上郷町754付近,横穴墓,雑木林,台地斜面,,古墳,107,139.58111708,35.360414055,JsonThemeAroundPoint:x/y,139.581119563952,35.3604137131653,10933.6617416091,1,12,2268-1430,0,埋蔵文化財包蔵地,5,139.58111708,35.360414055,栄区NO.103,栄区,栄区NO.103,埋蔵文化財包蔵地,,[],雑木林,栄区,上郷町754付近,古墳,107,横穴墓,台地斜面,,,,
2251-1430,2251,1430,埋蔵文化財包蔵地,栄区NO.105,栄区NO.105,栄区NO.105,小菅ヶ谷二丁目1496付近,やぐら,,崖地,,中世,109,139.5468569,35.36450592,JsonThemeAroundPoint:x/y,139.546858735696,35.3645043325225,12348.0850513942,1,12,2251-1430,0,埋蔵文化財包蔵地,5,139.5468569,35.36450592,栄区NO.105,栄区,栄区NO.105,埋蔵文化財包蔵地,,[],,栄区,小菅ヶ谷二丁目1496付近,中世,109,やぐら,崖地,,,,
687-1430,687,1430,埋蔵文化財包蔵地,栄区NO.106,栄区NO.106,栄区NO.106,田谷町1954付近,集落跡,荒地,台地上,80×60,古墳・奈良・平安・中世・近世,110,139.522321515,35.370908925,JsonThemeAroundPoint:x/y,139.522251815255,35.3708926812665,13470.5073950783,1,12,687-1430,0,埋蔵文化財包蔵地,5,139.522321515,35.370908925,栄区NO.106,栄区,栄区NO.106,埋蔵文化財包蔵地,,[],荒地,栄区,田谷町1954付近,古墳・奈良・平安・中世・近世,110,集落跡,台地上,80×60,,,
689-1430,689,1430,埋蔵文化財包蔵地,栄区NO.107,栄区NO.107,栄区NO.107,田谷町1701付近,集落跡,荒地,台地裾部,100×70,中世・近世,111,139.524576925,35.3676169,JsonThemeAroundPoint:x/y,139.524551697152,35.3677974128711,13548.8003336629,1,12,689-1430,0,埋蔵文化財包蔵地,5,139.524576925,35.3676169,栄区NO.107,栄区,栄区NO.107,埋蔵文化財包蔵地,,[],荒地,栄区,田谷町1701付近,中世・近世,111,集落跡,台地裾部,100×70,,,
688-1430,688,1430,埋蔵文化財包蔵地,栄区NO.108,栄区NO.108,栄区NO.108,田谷町1832付近,散布地,荒地,台地上,40×40,縄文・弥生,112,139.523875045,35.368498875,JsonThemeAroundPoint:x/y,139.523862656329,35.3684915204401,13533.339640027,1,12,688-1430,0,埋蔵文化財包蔵地,5,139.523875045,35.368498875,栄区NO.108,栄区,栄区NO.108,埋蔵文化財包蔵地,,[],荒地,栄区,田谷町1832付近,縄文・弥生,112,散布地,台地上,40×40,,,
65-1430,65,1430,埋蔵文化財包蔵地,栄区NO.11,栄区NO.11,栄区NO.11,飯島町527付近,散布地,宅地,台地上,,古墳,10,139.536619425,35.3675335,JsonThemeAroundPoint:x/y,139.536619399728,35.3675409419477,12749.0422558498,1,12,65-1430,0,埋蔵文化財包蔵地,5,139.536619425,35.3675335,栄区NO.11,栄区,栄区NO.11,埋蔵文化財包蔵地,,[],宅地,栄区,飯島町527付近,古墳,10,散布地,台地上,,,,
682-1430,682,1430,埋蔵文化財包蔵地,栄区NO.12,栄区NO.12,栄区NO.12,飯島町2441付近,塚あるいは古墳,雑木林,台地上,"D6,H1.5",(不明),13,139.545679325,35.369894975,JsonThemeAroundPoint:x/y,139.545679877061,35.369894976629,11982.261560818,1,12,682-1430,0,埋蔵文化財包蔵地,5,139.545679325,35.369894975,栄区NO.12,栄区,栄区NO.12,埋蔵文化財包蔵地,,[],雑木林,栄区,飯島町2441付近,(不明),13,塚あるいは古墳,台地上,"D6,H1.5",,,
683-1430,683,1430,埋蔵文化財包蔵地,栄区NO.13,栄区NO.13,栄区NO.13,飯島町2441付近,古墳？,雑木林,台地上,"D10,H3",古墳？,14,139.54649643,35.36959301,JsonThemeAroundPoint:x/y,139.546496935922,35.3695930098629,11955.0475037961,1,12,683-1430,0,埋蔵文化財包蔵地,5,139.54649643,35.36959301,栄区NO.13,栄区,栄区NO.13,埋蔵文化財包蔵地,,[],雑木林,栄区,飯島町2441付近,古墳？,14,古墳？,台地上,"D10,H3",,,
692-1430,692,1430,埋蔵文化財包蔵地,栄区NO.14,栄区NO.14,栄区NO.14,飯島町1510付近,集落跡,雑木林・畑地,台地上,330×100,縄文(早期)・弥生(後期)・古墳以降,22,139.545033955,35.365792045,JsonThemeAroundPoint:x/y,139.544966408367,35.3657612236551,12353.6413972934,1,12,692-1430,0,埋蔵文化財包蔵地,5,139.545033955,35.365792045,栄区NO.14,栄区,栄区NO.14,埋蔵文化財包蔵地,,[],雑木林・畑地,栄区,飯島町1510付近,縄文(早期)・弥生(後期)・古墳以降,22,集落跡,台地上,330×100,,,
691-1430,691,1430,埋蔵文化財包蔵地,栄区NO.16,栄区NO.16,栄区NO.16,飯島町2073付近,散布地,雑木林・畑地,台地上,150×50,縄文(早期)・歴史,24,139.541271335,35.364148435,JsonThemeAroundPoint:x/y,139.541320413969,35.3640690599406,12720.228922699,1,12,691-1430,0,埋蔵文化財包蔵地,5,139.541271335,35.364148435,栄区NO.16,栄区,栄区NO.16,埋蔵文化財包蔵地,,[],雑木林・畑地,栄区,飯島町2073付近,縄文(早期)・歴史,24,散布地,台地上,150×50,,,
700-1430,700,1430,埋蔵文化財包蔵地,栄区NO.18,栄区NO.18,栄区NO.18,本郷台三丁目35付近,散布地,雑木林,台地上,150×60,(不明),12,139.55053729,35.374297295,JsonThemeAroundPoint:x/y,139.550445894427,35.374518357353,11324.2313194834,1,12,700-1430,0,埋蔵文化財包蔵地,5,139.55053729,35.374297295,栄区NO.18,栄区,栄区NO.18,埋蔵文化財包蔵地,,[],雑木林,栄区,本郷台三丁目35付近,(不明),12,散布地,台地上,150×60,,,
699-1430,699,1430,埋蔵文化財包蔵地,栄区NO.19,栄区NO.19,栄区NO.19,小菅ヶ谷三丁目734付近,散布地,雑木林,台地上・斜面,350×70,(不明),15,139.55622385,35.371090895,JsonThemeAroundPoint:x/y,139.556145868373,35.3710704883641,11236.9853286596,1,12,699-1430,0,埋蔵文化財包蔵地,5,139.55622385,35.371090895,栄区NO.19,栄区,栄区NO.19,埋蔵文化財包蔵地,,[],雑木林,栄区,小菅ヶ谷三丁目734付近,(不明),15,散布地,台地上・斜面,350×70,,,
66-1430,66,1430,埋蔵文化財包蔵地,栄区NO.20,栄区NO.20,栄区NO.20,小山台二丁目付近,散布地,宅地,台地上,,縄文(中期),16,139.562155115,35.373188045,JsonThemeAroundPoint:x/y,139.562155089836,35.3731954880562,10710.7302708844,1,12,66-1430,0,埋蔵文化財包蔵地,5,139.562155115,35.373188045,栄区NO.20,栄区,栄区NO.20,埋蔵文化財包蔵地,,[],宅地,栄区,小山台二丁目付近,縄文(中期),16,散布地,台地上,,,,
67-1430,67,1430,埋蔵文化財包蔵地,栄区NO.21,栄区NO.21,栄区NO.21,鍛冶ヶ谷町452付近,散布地,宅地,台地上,,縄文・弥生・古墳,17,139.562005595,35.372257155,JsonThemeAroundPoint:x/y,139.562005569103,35.3722645989557,10799.14345299,1,12,67-1430,0,埋蔵文化財包蔵地,5,139.562005595,35.372257155,栄区NO.21,栄区,栄区NO.21,埋蔵文化財包蔵地,,[],宅地,栄区,鍛冶ヶ谷町452付近,縄文・弥生・古墳,17,散布地,台地上,,,,
68-1430,68,1430,埋蔵文化財包蔵地,栄区NO.22,栄区NO.22,栄区NO.22,鍛冶ヶ谷町507付近,横穴墓,宅地,台地上,,古墳,18,139.56184043,35.370973965,JsonThemeAroundPoint:x/y,139.561840408851,35.3709814100987,10919.1428983169,1,12,68-1430,0,埋蔵文化財包蔵地,5,139.56184043,35.370973965,栄区NO.22,栄区,栄区NO.22,埋蔵文化財包蔵地,,[],宅地,栄区,鍛冶ヶ谷町507付近,古墳,18,横穴墓,台地上,,,,
2406-1430,2406,1430,埋蔵文化財包蔵地,栄区NO.23,栄区NO.23,栄区NO.23,鍛冶ヶ谷町925付近,散布地,畑地,台地上,150×50,縄文(早期)・古墳,38,139.56746669,35.36943398,JsonThemeAroundPoint:x/y,139.567347944153,35.3693686375516,10742.7530858236,1,12,2406-1430,0,埋蔵文化財包蔵地,5,139.56746669,35.36943398,栄区NO.23,栄区,栄区NO.23,埋蔵文化財包蔵地,,[],畑地,栄区,鍛冶ヶ谷町925付近,縄文(早期)・古墳,38,散布地,台地上,150×50,,,
697-1430,697,1430,埋蔵文化財包蔵地,栄区NO.24,栄区NO.24,栄区NO.24,小菅ヶ谷三丁目3付近,集落跡,宅地・畑地,台地上,,縄文(前期)・弥生(後期)・古墳,19,139.55520744,35.36705148,JsonThemeAroundPoint:x/y,139.555073826652,35.3668346725523,11638.3155571972,1,12,697-1430,0,埋蔵文化財包蔵地,5,139.55520744,35.36705148,栄区NO.24,栄区,栄区NO.24,埋蔵文化財包蔵地,,[],宅地・畑地,栄区,小菅ヶ谷三丁目3付近,縄文(前期)・弥生(後期)・古墳,19,集落跡,台地上,,,,
694-1430,694,1430,埋蔵文化財包蔵地,栄区NO.26,栄区NO.26,栄区NO.26,鍛冶ヶ谷町330付近,散布地,雑木林・宅地,台地上・斜面,110×100,弥生(後期),35,139.56104359,35.36739618,JsonThemeAroundPoint:x/y,139.561095124003,35.3673864580846,11275.4013047726,1,12,694-1430,0,埋蔵文化財包蔵地,5,139.56104359,35.36739618,栄区NO.26,栄区,栄区NO.26,埋蔵文化財包蔵地,,[],雑木林・宅地,栄区,鍛冶ヶ谷町330付近,弥生(後期),35,散布地,台地上・斜面,110×100,,,
69-1430,69,1430,埋蔵文化財包蔵地,栄区NO.27,栄区NO.27,栄区NO.27,鍛冶ヶ谷二丁目11付近,散布地,線路,台地斜面,,弥生(後期),34,139.56114946,35.36634135,JsonThemeAroundPoint:x/y,139.56114943126,35.3663487948402,11362.1548506344,1,12,69-1430,0,埋蔵文化財包蔵地,5,139.56114946,35.36634135,栄区NO.27,栄区,栄区NO.27,埋蔵文化財包蔵地,,[],線路,栄区,鍛冶ヶ谷二丁目11付近,弥生(後期),34,散布地,台地斜面,,,,
2254-1430,2254,1430,埋蔵文化財包蔵地,栄区NO.29,栄区NO.29,栄区NO.29,鍛冶ヶ谷二丁目36付近,横穴墓,雑木林,崖,,古墳,37,139.56425482,35.365562115,JsonThemeAroundPoint:x/y,139.564235749516,35.3655664340979,11262.2063337732,1,12,2254-1430,0,埋蔵文化財包蔵地,5,139.56425482,35.365562115,栄区NO.29,栄区,栄区NO.29,埋蔵文化財包蔵地,,[],雑木林,栄区,鍛冶ヶ谷二丁目36付近,古墳,37,横穴墓,崖,,,,
61-1430,61,1430,埋蔵文化財包蔵地,栄区NO.3,栄区NO.3,栄区NO.3,飯島町589付近,散布地,宅地,台地斜面,,縄文(後期),3,139.53465653,35.368562285,JsonThemeAroundPoint:x/y,139.534656505917,35.3685697285818,12799.0283989613,1,12,61-1430,0,埋蔵文化財包蔵地,5,139.53465653,35.368562285,栄区NO.3,栄区,栄区NO.3,埋蔵文化財包蔵地,,[],宅地,栄区,飯島町589付近,縄文(後期),3,散布地,台地斜面,,,,
695-1430,695,1430,埋蔵文化財包蔵地,栄区NO.30,栄区NO.30,栄区NO.30,柏陽24付近,散布地,宅地,台地上,180×,縄文(前・中・後期),33,139.55915533,35.36579328,JsonThemeAroundPoint:x/y,139.559117301095,35.3657123821315,11521.3252990447,1,12,695-1430,0,埋蔵文化財包蔵地,5,139.55915533,35.36579328,栄区NO.30,栄区,栄区NO.30,埋蔵文化財包蔵地,,[],宅地,栄区,柏陽24付近,縄文(前・中・後期),33,散布地,台地上,180×,,,
698-1430,698,1430,埋蔵文化財包蔵地,栄区NO.34,栄区NO.34,栄区NO.34,小菅ヶ谷二丁目5付近,横穴墓,線路・宅地・雑木林,崖,,古墳,21,139.5516251,35.36426615,JsonThemeAroundPoint:x/y,139.551485994277,35.3643372774437,12084.4608859194,1,12,698-1430,0,埋蔵文化財包蔵地,5,139.5516251,35.36426615,栄区NO.34,栄区,栄区NO.34,埋蔵文化財包蔵地,,[],線路・宅地・雑木林,栄区,小菅ヶ谷二丁目5付近,古墳,21,横穴墓,崖,,,,
75-1430,75,1430,埋蔵文化財包蔵地,栄区NO.38,栄区NO.38,栄区NO.38,元大橋一丁目11付近,散布地・屋敷跡,宅地,台地上,,弥生(後期),44,139.571139875,35.368939585,JsonThemeAroundPoint:x/y,139.571139852861,35.3689470274851,10593.9318784922,1,12,75-1430,0,埋蔵文化財包蔵地,5,139.571139875,35.368939585,栄区NO.38,栄区,栄区NO.38,埋蔵文化財包蔵地,,[],宅地,栄区,元大橋一丁目11付近,弥生(後期),44,散布地・屋敷跡,台地上,,,,
74-1430,74,1430,埋蔵文化財包蔵地,栄区NO.39,栄区NO.39,栄区NO.39,元大橋一丁目6付近,散布地,宅地,台地上,,縄文(早・中・後期)・古墳,45,139.57318627,35.36831823,JsonThemeAroundPoint:x/y,139.573186246524,35.3683256730826,10546.7986952539,1,12,74-1430,0,埋蔵文化財包蔵地,5,139.57318627,35.36831823,栄区NO.39,栄区,栄区NO.39,埋蔵文化財包蔵地,,[],宅地,栄区,元大橋一丁目6付近,縄文(早・中・後期)・古墳,45,散布地,台地上,,,,
63-1430,63,1430,埋蔵文化財包蔵地,栄区NO.4,栄区NO.4,栄区NO.4,飯島町577付近,散布地,宅地,台地上,,縄文(前・中期)・弥生(後期),4,139.53559179,35.368060285,JsonThemeAroundPoint:x/y,139.53559175943,35.3680677249357,12775.7047579517,1,12,63-1430,0,埋蔵文化財包蔵地,5,139.53559179,35.368060285,栄区NO.4,栄区,栄区NO.4,埋蔵文化財包蔵地,,[],宅地,栄区,飯島町577付近,縄文(前・中期)・弥生(後期),4,散布地,台地上,,,,
73-1430,73,1430,埋蔵文化財包蔵地,栄区NO.40,栄区NO.40,栄区NO.40,元大橋一丁目3付近,散布地,宅地,台地上,,縄文(早・中期)・弥生(後期),46,139.574865415,35.367630795,JsonThemeAroundPoint:x/y,139.574865389697,35.3676382384753,10527.3553552388,1,12,73-1430,0,埋蔵文化財包蔵地,5,139.574865415,35.367630795,栄区NO.40,栄区,栄区NO.40,埋蔵文化財包蔵地,,[],宅地,栄区,元大橋一丁目3付近,縄文(早・中期)・弥生(後期),46,散布地,台地上,,,,
70-1430,70,1430,埋蔵文化財包蔵地,栄区NO.42,栄区NO.42,栄区NO.42,元大橋二丁目21付近,横穴墓？,宅地,崖,,古墳？,48,139.57112266,35.365269965,JsonThemeAroundPoint:x/y,139.571122637638,35.365277408809,10932.7338811944,1,12,70-1430,0,埋蔵文化財包蔵地,5,139.57112266,35.365269965,栄区NO.42,栄区,栄区NO.42,埋蔵文化財包蔵地,,[],宅地,栄区,元大橋二丁目21付近,古墳？,48,横穴墓？,崖,,,,
72-1430,72,1430,埋蔵文化財包蔵地,栄区NO.43,栄区NO.43,栄区NO.43,若竹町23付近,散布地,宅地,台地上,,縄文(早・中期),50,139.575051015,35.366338175,JsonThemeAroundPoint:x/y,139.575050990097,35.3663456165941,10639.5504833432,1,12,72-1430,0,埋蔵文化財包蔵地,5,139.575051015,35.366338175,栄区NO.43,栄区,栄区NO.43,埋蔵文化財包蔵地,,[],宅地,栄区,若竹町23付近,縄文(早・中期),50,散布地,台地上,,,,
71-1430,71,1430,埋蔵文化財包蔵地,栄区NO.44,栄区NO.44,栄区NO.44,若竹町20-10付近,横穴墓,宅地,崖,,古墳,49,139.573440325,35.365364875,JsonThemeAroundPoint:x/y,139.573440299961,35.3653723191189,10809.2483311675,1,12,71-1430,0,埋蔵文化財包蔵地,5,139.573440325,35.365364875,栄区NO.44,栄区,栄区NO.44,埋蔵文化財包蔵地,,[],宅地,栄区,若竹町20-10付近,古墳,49,横穴墓,崖,,,,
693-1430,693,1430,埋蔵文化財包蔵地,栄区NO.45,栄区NO.45,栄区NO.45,若竹町13付近,散布地,畑地・宅地,台地上,,縄文,51,139.57619541,35.36553216,JsonThemeAroundPoint:x/y,139.576208124385,35.3654961695457,10660.8287474338,1,12,693-1430,0,埋蔵文化財包蔵地,5,139.57619541,35.36553216,栄区NO.45,栄区,栄区NO.45,埋蔵文化財包蔵地,,[],畑地・宅地,栄区,若竹町13付近,縄文,51,散布地,台地上,,,,
76-1430,76,1430,埋蔵文化財包蔵地,栄区NO.46,栄区NO.46,栄区NO.46,飯島町1809付近,散布地,宅地,台地上,,縄文(早期),26,139.53943388,35.36290839,JsonThemeAroundPoint:x/y,139.539433853758,35.3629158350551,12934.9107815772,1,12,76-1430,0,埋蔵文化財包蔵地,5,139.53943388,35.36290839,栄区NO.46,栄区,栄区NO.46,埋蔵文化財包蔵地,,[],宅地,栄区,飯島町1809付近,縄文(早期),26,散布地,台地上,,,,
62-1430,62,1430,埋蔵文化財包蔵地,栄区NO.5,栄区NO.5,栄区NO.5,飯島町412付近,散布地,宅地,台地上,,縄文(早・前・中期),5,139.534128185,35.367731315,JsonThemeAroundPoint:x/y,139.534128157901,35.3677387558015,12897.2084377641,1,12,62-1430,0,埋蔵文化財包蔵地,5,139.534128185,35.367731315,栄区NO.5,栄区,栄区NO.5,埋蔵文化財包蔵地,,[],宅地,栄区,飯島町412付近,縄文(早・前・中期),5,散布地,台地上,,,,
704-1430,704,1430,埋蔵文化財包蔵地,栄区NO.50,栄区NO.50,栄区NO.50,田谷町918付近,城跡・包含地,畑地,台地上・斜面,480×250,縄文・弥生・古墳・中世,57,139.528026655,35.358371765,JsonThemeAroundPoint:x/y,139.528070805025,35.3583671436087,14018.6367561467,1,12,704-1430,0,埋蔵文化財包蔵地,5,139.528026655,35.358371765,栄区NO.50,栄区,栄区NO.50,埋蔵文化財包蔵地,,[],畑地,栄区,田谷町918付近,縄文・弥生・古墳・中世,57,城跡・包含地,台地上・斜面,480×250,,,
702-1430,702,1430,埋蔵文化財包蔵地,栄区NO.52,栄区NO.52,栄区NO.52,長尾台町381付近,散布地,畑地,台地斜面,100×70,縄文(前・中期),59,139.52971425,35.35876271,JsonThemeAroundPoint:x/y,139.529730839944,35.358727739085,13879.7086417949,1,12,702-1430,0,埋蔵文化財包蔵地,5,139.52971425,35.35876271,栄区NO.52,栄区,栄区NO.52,埋蔵文化財包蔵地,,[],畑地,栄区,長尾台町381付近,縄文(前・中期),59,散布地,台地斜面,100×70,,,
706-1430,706,1430,埋蔵文化財包蔵地,栄区NO.53,栄区NO.53,栄区NO.53,笠間町1310付近,散布地,宅地・畑地,低台地上,150×70,古墳,60,139.53780462,35.35643805,JsonThemeAroundPoint:x/y,139.537834369403,35.3564507555678,13563.978585875,1,12,706-1430,0,埋蔵文化財包蔵地,5,139.53780462,35.35643805,栄区NO.53,栄区,栄区NO.53,埋蔵文化財包蔵地,,[],宅地・畑地,栄区,笠間町1310付近,古墳,60,散布地,低台地上,150×70,,,
705-1430,705,1430,埋蔵文化財包蔵地,栄区NO.54,栄区NO.54,栄区NO.54,笠間町482付近,散布地,宅地・道路・雑木林,台地上,,縄文(中期)・弥生(後期),61,139.54190234,35.357559205,JsonThemeAroundPoint:x/y,139.541876111683,35.3574933348973,13224.5622075337,1,12,705-1430,0,埋蔵文化財包蔵地,5,139.54190234,35.357559205,栄区NO.54,栄区,栄区NO.54,埋蔵文化財包蔵地,,[],宅地・道路・雑木林,栄区,笠間町482付近,縄文(中期)・弥生(後期),61,散布地,台地上,,,,
708-1430,708,1430,埋蔵文化財包蔵地,栄区NO.55,栄区NO.55,栄区NO.55,笠間町798付近,散布地,公園,低台地上,150×50,縄文・弥生・古墳,62,139.54130713,35.355579485,JsonThemeAroundPoint:x/y,139.541218162993,35.3555601258965,13426.4587175165,1,12,708-1430,0,埋蔵文化財包蔵地,5,139.54130713,35.355579485,栄区NO.55,栄区,栄区NO.55,埋蔵文化財包蔵地,,[],公園,栄区,笠間町798付近,縄文・弥生・古墳,62,散布地,低台地上,150×50,,,
707-1430,707,1430,埋蔵文化財包蔵地,栄区NO.56,栄区NO.56,栄区NO.56,笠間町45付近,散布地,荒地,台地上,,縄文(中期),63,139.53968636,35.354319665,JsonThemeAroundPoint:x/y,139.539794105949,35.354304804769,13628.4786824769,1,12,707-1430,0,埋蔵文化財包蔵地,5,139.53968636,35.354319665,栄区NO.56,栄区,栄区NO.56,埋蔵文化財包蔵地,,[],荒地,栄区,笠間町45付近,縄文(中期),63,散布地,台地上,,,,
709-1430,709,1430,埋蔵文化財包蔵地,栄区NO.57,栄区NO.57,栄区NO.57,笠間町302付近,散布地,宅地・畑地,台地上,300×200,縄文(早・前・中・後期)・弥生・古墳,64,139.54404541,35.35497747,JsonThemeAroundPoint:x/y,139.544152779976,35.3548557540512,13317.7688965593,1,12,709-1430,0,埋蔵文化財包蔵地,5,139.54404541,35.35497747,栄区NO.57,栄区,栄区NO.57,埋蔵文化財包蔵地,,[],宅地・畑地,栄区,笠間町302付近,縄文(早・前・中・後期)・弥生・古墳,64,散布地,台地上,300×200,,,
77-1430,77,1430,埋蔵文化財包蔵地,栄区NO.58,栄区NO.58,栄区NO.58,公田町482付近,散布地,宅地,台地上,,縄文(後期)・古墳,66,139.55489471,35.357432425,JsonThemeAroundPoint:x/y,139.55489468244,35.3574398659788,12494.0471498655,1,12,77-1430,0,埋蔵文化財包蔵地,5,139.55489471,35.357432425,栄区NO.58,栄区,栄区NO.58,埋蔵文化財包蔵地,,[],宅地,栄区,公田町482付近,縄文(後期)・古墳,66,散布地,台地上,,,,
64-1430,64,1430,埋蔵文化財包蔵地,栄区NO.6,栄区NO.6,栄区NO.6,飯島町546付近,散布地,宅地,台地上,,縄文(中期)・古墳,6,139.5353852,35.367205705,JsonThemeAroundPoint:x/y,139.535385173737,35.3672127361772,12854.9039989772,1,12,64-1430,0,埋蔵文化財包蔵地,5,139.5353852,35.367205705,栄区NO.6,栄区,栄区NO.6,埋蔵文化財包蔵地,,[],宅地,栄区,飯島町546付近,縄文(中期)・古墳,6,散布地,台地上,,,,
711-1430,711,1430,埋蔵文化財包蔵地,栄区NO.60,栄区NO.60,栄区NO.60,公田町623・627・1521付近,散布地,宅地・畑地,台地上・斜面,200×100,縄文(中・後・晩期)・古墳,74,139.55861183,35.35795097,JsonThemeAroundPoint:x/y,139.558453167395,35.3578526004463,12247.728752446,1,12,711-1430,0,埋蔵文化財包蔵地,5,139.55861183,35.35795097,栄区NO.60,栄区,栄区NO.60,埋蔵文化財包蔵地,,[],宅地・畑地,栄区,公田町623・627・1521付近,縄文(中・後・晩期)・古墳,74,散布地,台地上・斜面,200×100,,,
712-1430,712,1430,埋蔵文化財包蔵地,栄区NO.62,栄区NO.62,栄区NO.62,公田町1377・1612付近,散布地,畑地,低台地上,150×90,縄文(後期)・弥生(中・後期)・古墳～平安,76,139.560884555,35.35854037,JsonThemeAroundPoint:x/y,139.561007861772,35.3586382964038,12074.6505778131,1,12,712-1430,0,埋蔵文化財包蔵地,5,139.560884555,35.35854037,栄区NO.62,栄区,栄区NO.62,埋蔵文化財包蔵地,,[],畑地,栄区,公田町1377・1612付近,縄文(後期)・弥生(中・後期)・古墳～平安,76,散布地,低台地上,150×90,,,
713-1430,713,1430,埋蔵文化財包蔵地,栄区NO.63,栄区NO.63,栄区NO.63,公田町1468付近,包含地,宅地・畑地,台地上,,縄文(後・晩期),77,139.560979555,35.356914275,JsonThemeAroundPoint:x/y,139.560882575838,35.3569062321879,12217.945995299,1,12,713-1430,0,埋蔵文化財包蔵地,5,139.560979555,35.356914275,栄区NO.63,栄区,栄区NO.63,埋蔵文化財包蔵地,,[],宅地・畑地,栄区,公田町1468付近,縄文(後・晩期),77,包含地,台地上,,,,
714-1430,714,1430,埋蔵文化財包蔵地,栄区NO.64,栄区NO.64,栄区NO.64,中野町1071付近,散布地,宅地・畑地,台地上,,縄文(中期)・弥生(後期),82,139.56449527,35.357900085,JsonThemeAroundPoint:x/y,139.564509961249,35.3578606932338,11948.0255367677,1,12,714-1430,0,埋蔵文化財包蔵地,5,139.56449527,35.357900085,栄区NO.64,栄区,栄区NO.64,埋蔵文化財包蔵地,,[],宅地・畑地,栄区,中野町1071付近,縄文(中期)・弥生(後期),82,散布地,台地上,,,,
81-1430,81,1430,埋蔵文化財包蔵地,栄区NO.65,栄区NO.65,栄区NO.65,中野町1075付近,散布地,宅地,台地上,,縄文(早・中期),84,139.567930315,35.357162895,JsonThemeAroundPoint:x/y,139.567930291132,35.3571703393355,11847.1427424772,1,12,81-1430,0,埋蔵文化財包蔵地,5,139.567930315,35.357162895,栄区NO.65,栄区,栄区NO.65,埋蔵文化財包蔵地,,[],宅地,栄区,中野町1075付近,縄文(早・中期),84,散布地,台地上,,,,
80-1430,80,1430,埋蔵文化財包蔵地,栄区NO.66,栄区NO.66,栄区NO.66,中野町1113付近,散布地,宅地,台地上,,縄文(中・後期)・古墳,83,139.566463485,35.356601605,JsonThemeAroundPoint:x/y,139.566463463163,35.3566090491494,11971.192640314,1,12,80-1430,0,埋蔵文化財包蔵地,5,139.566463485,35.356601605,栄区NO.66,栄区,栄区NO.66,埋蔵文化財包蔵地,,[],宅地,栄区,中野町1113付近,縄文(中・後期)・古墳,83,散布地,台地上,,,,
715-1430,715,1430,埋蔵文化財包蔵地,栄区NO.68,栄区NO.68,栄区NO.68,公田町406・420・661付近,散布地・包含地,畑地,台地上・斜面,350×100,縄文・弥生(後期)・古墳,67,139.55625696,35.35462347,JsonThemeAroundPoint:x/y,139.55623909447,35.3545467375442,12672.8378048875,1,12,715-1430,0,埋蔵文化財包蔵地,5,139.55625696,35.35462347,栄区NO.68,栄区,栄区NO.68,埋蔵文化財包蔵地,,[],畑地,栄区,公田町406・420・661付近,縄文・弥生(後期)・古墳,67,散布地・包含地,台地上・斜面,350×100,,,
2263-1430,2263,1430,埋蔵文化財包蔵地,栄区NO.69,栄区NO.69,栄区NO.69,公田町678付近,横穴墓,雑木林,崖,,古墳,68,139.55831275,35.352749635,JsonThemeAroundPoint:x/y,139.558310824312,35.3527478039514,12736.5795525252,1,12,2263-1430,0,埋蔵文化財包蔵地,5,139.55831275,35.352749635,栄区NO.69,栄区,栄区NO.69,埋蔵文化財包蔵地,,[],雑木林,栄区,公田町678付近,古墳,68,横穴墓,崖,,,,
716-1430,716,1430,埋蔵文化財包蔵地,栄区NO.70,栄区NO.70,栄区NO.70,公田町332付近,塚？,雑木林,台地上,"D10,H1.3",(不明),69,139.55631059,35.352608835,JsonThemeAroundPoint:x/y,139.556311016708,35.3526088359983,12852.8340720038,1,12,716-1430,0,埋蔵文化財包蔵地,5,139.55631059,35.352608835,栄区NO.70,栄区,栄区NO.70,埋蔵文化財包蔵地,,[],雑木林,栄区,公田町332付近,(不明),69,塚？,台地上,"D10,H1.3",,,
717-1430,717,1430,埋蔵文化財包蔵地,栄区NO.71,栄区NO.71,栄区NO.71,公田町332付近,塚？,雑木林,台地上,"D10,H2.5",(不明),70,139.55652186,35.35208261,JsonThemeAroundPoint:x/y,139.556522194995,35.3520826117245,12889.8591350344,1,12,717-1430,0,埋蔵文化財包蔵地,5,139.55652186,35.35208261,栄区NO.71,栄区,栄区NO.71,埋蔵文化財包蔵地,,[],雑木林,栄区,公田町332付近,(不明),70,塚？,台地上,"D10,H2.5",,,
82-1430,82,1430,埋蔵文化財包蔵地,栄区NO.72,栄区NO.72,栄区NO.72,公田町354付近,散布地,宅地,台地上,,(不明),71,139.557593645,35.351729335,JsonThemeAroundPoint:x/y,139.55759362008,35.3517367789592,12867.0522286226,1,12,82-1430,0,埋蔵文化財包蔵地,5,139.557593645,35.351729335,栄区NO.72,栄区,栄区NO.72,埋蔵文化財包蔵地,,[],宅地,栄区,公田町354付近,(不明),71,散布地,台地上,,,,
78-1430,78,1430,埋蔵文化財包蔵地,栄区NO.73,栄区NO.73,栄区NO.73,公田町740付近,集落跡,宅地,台地上,,縄文(中期)・古墳,78,139.5596207,35.354909775,JsonThemeAroundPoint:x/y,139.559620677796,35.3549172167666,12471.4032328545,1,12,78-1430,0,埋蔵文化財包蔵地,5,139.5596207,35.354909775,栄区NO.73,栄区,栄区NO.73,埋蔵文化財包蔵地,,[],宅地,栄区,公田町740付近,縄文(中期)・古墳,78,集落跡,台地上,,,,
79-1430,79,1430,埋蔵文化財包蔵地,栄区NO.74,栄区NO.74,栄区NO.74,公田町809付近,散布地,宅地,台地上,,縄文(前？・中期),79,139.56192137,35.352781265,JsonThemeAroundPoint:x/y,139.561921347548,35.3527887108331,12551.6800334367,1,12,79-1430,0,埋蔵文化財包蔵地,5,139.56192137,35.352781265,栄区NO.74,栄区,栄区NO.74,埋蔵文化財包蔵地,,[],宅地,栄区,公田町809付近,縄文(前？・中期),79,散布地,台地上,,,,
83-1430,83,1430,埋蔵文化財包蔵地,栄区NO.75,栄区NO.75,栄区NO.75,桂台西二丁目35付近,散布地,宅地,台地斜面,,縄文(前期？),80,139.5642404,35.351083225,JsonThemeAroundPoint:x/y,139.564240376413,35.351090666653,12597.7783138625,1,12,83-1430,0,埋蔵文化財包蔵地,5,139.5642404,35.351083225,栄区NO.75,栄区,栄区NO.75,埋蔵文化財包蔵地,,[],宅地,栄区,桂台西二丁目35付近,縄文(前期？),80,散布地,台地斜面,,,,
719-1430,719,1430,埋蔵文化財包蔵地,栄区NO.77,栄区NO.77,栄区NO.77,公田町363付近,塚,雑木林,台地上,"D25,H5",近世？,72,139.556786255,35.349075675,JsonThemeAroundPoint:x/y,139.556786736145,35.3490756747856,13152.4502234014,1,12,719-1430,0,埋蔵文化財包蔵地,5,139.556786255,35.349075675,栄区NO.77,栄区,栄区NO.77,埋蔵文化財包蔵地,,[],雑木林,栄区,公田町363付近,近世？,72,塚,台地上,"D25,H5",,,
720-1430,720,1430,埋蔵文化財包蔵地,栄区NO.78,栄区NO.78,栄区NO.78,亀井町7付近,散布地,畑地・宅地,台地上,×150,縄文(前期？),85,139.571074985,35.357615755,JsonThemeAroundPoint:x/y,139.571040971269,35.3576948404909,11654.3025918764,1,12,720-1430,0,埋蔵文化財包蔵地,5,139.571074985,35.357615755,栄区NO.78,栄区,栄区NO.78,埋蔵文化財包蔵地,,[],畑地・宅地,栄区,亀井町7付近,縄文(前期？),85,散布地,台地上,×150,,,
93-1430,93,1430,埋蔵文化財包蔵地,栄区NO.79,栄区NO.79,栄区NO.79,尾月9付近,散布地,宅地,台地上,,縄文(早期)・古墳,87,139.57567377,35.357688035,JsonThemeAroundPoint:x/y,139.575673744228,35.3576954764584,11436.7598759101,1,12,93-1430,0,埋蔵文化財包蔵地,5,139.57567377,35.357688035,栄区NO.79,栄区,栄区NO.79,埋蔵文化財包蔵地,,[],宅地,栄区,尾月9付近,縄文(早期)・古墳,87,散布地,台地上,,,,
690-1430,690,1430,埋蔵文化財包蔵地,栄区NO.8,栄区NO.8,栄区NO.8,田谷町1403付近,城郭跡？,雑木林,台地上,170×100,(不明),8,139.5234417,35.36527999,JsonThemeAroundPoint:x/y,139.523358499096,35.3652023598076,13797.1556960698,1,12,690-1430,0,埋蔵文化財包蔵地,5,139.5234417,35.36527999,栄区NO.8,栄区,栄区NO.8,埋蔵文化財包蔵地,,[],雑木林,栄区,田谷町1403付近,(不明),8,城郭跡？,台地上,170×100,,,
84-1430,84,1430,埋蔵文化財包蔵地,栄区NO.80,栄区NO.80,栄区NO.80,尾月19付近,散布地,宅地,台地上,,縄文(中期),86,139.574200485,35.356671165,JsonThemeAroundPoint:x/y,139.574200460166,35.3566786057196,11601.0863319037,1,12,84-1430,0,埋蔵文化財包蔵地,5,139.574200485,35.356671165,栄区NO.80,栄区,栄区NO.80,埋蔵文化財包蔵地,,[],宅地,栄区,尾月19付近,縄文(中期),86,散布地,台地上,,,,
91-1430,91,1430,埋蔵文化財包蔵地,栄区NO.81,栄区NO.81,栄区NO.81,桂台北21付近,散布地,宅地,台地上,,古墳,88,139.56991077,35.353653785,JsonThemeAroundPoint:x/y,139.569910745338,35.3536612287199,12086.676844013,1,12,91-1430,0,埋蔵文化財包蔵地,5,139.56991077,35.353653785,栄区NO.81,栄区,栄区NO.81,埋蔵文化財包蔵地,,[],宅地,栄区,桂台北21付近,古墳,88,散布地,台地上,,,,
85-1430,85,1430,埋蔵文化財包蔵地,栄区NO.82,栄区NO.82,栄区NO.82,犬山町5付近,散布地,宅地,台地上,,縄文(後期)・弥生(後期),90,139.577313875,35.354881925,JsonThemeAroundPoint:x/y,139.577313849019,35.3548893665974,11638.8699072205,1,12,85-1430,0,埋蔵文化財包蔵地,5,139.577313875,35.354881925,栄区NO.82,栄区,栄区NO.82,埋蔵文化財包蔵地,,[],宅地,栄区,犬山町5付近,縄文(後期)・弥生(後期),90,散布地,台地上,,,,
86-1430,86,1430,埋蔵文化財包蔵地,栄区NO.83,栄区NO.83,栄区NO.83,犬山町10付近,散布地,宅地,台地上,,弥生(後期),91,139.5759449,35.35366709,JsonThemeAroundPoint:x/y,139.575944879829,35.3536745339086,11816.588184101,1,12,86-1430,0,埋蔵文化財包蔵地,5,139.5759449,35.35366709,栄区NO.83,栄区,栄区NO.83,埋蔵文化財包蔵地,,[],宅地,栄区,犬山町10付近,弥生(後期),91,散布地,台地上,,,,
87-1430,87,1430,埋蔵文化財包蔵地,栄区NO.84,栄区NO.84,栄区NO.84,犬山町22付近,散布地,宅地,台地上,,縄文(前期),89,139.573840405,35.352842955,JsonThemeAroundPoint:x/y,139.573840377853,35.352850398504,11988.3671725326,1,12,87-1430,0,埋蔵文化財包蔵地,5,139.573840405,35.352842955,栄区NO.84,栄区,栄区NO.84,埋蔵文化財包蔵地,,[],宅地,栄区,犬山町22付近,縄文(前期),89,散布地,台地上,,,,
88-1430,88,1430,埋蔵文化財包蔵地,栄区NO.85,栄区NO.85,栄区NO.85,犬山町18付近,散布地,宅地,台地上,,縄文(前・中期)・古墳,92,139.575799115,35.352672865,JsonThemeAroundPoint:x/y,139.575799087011,35.3526803091676,11920.3079119515,1,12,88-1430,0,埋蔵文化財包蔵地,5,139.575799115,35.352672865,栄区NO.85,栄区,栄区NO.85,埋蔵文化財包蔵地,,[],宅地,栄区,犬山町18付近,縄文(前・中期)・古墳,92,散布地,台地上,,,,
89-1430,89,1430,埋蔵文化財包蔵地,栄区NO.86,栄区NO.86,栄区NO.86,犬山町42付近,散布地,宅地,台地上,,古墳,93,139.576294445,35.35086921,JsonThemeAroundPoint:x/y,139.576294419377,35.3508766522865,12076.9067999462,1,12,89-1430,0,埋蔵文化財包蔵地,5,139.576294445,35.35086921,栄区NO.86,栄区,栄区NO.86,埋蔵文化財包蔵地,,[],宅地,栄区,犬山町42付近,古墳,93,散布地,台地上,,,,
90-1430,90,1430,埋蔵文化財包蔵地,栄区NO.87,栄区NO.87,栄区NO.87,犬山町55付近,散布地,宅地,台地上,,縄文(早・中期),94,139.5772126,35.34994703,JsonThemeAroundPoint:x/y,139.577212577007,35.3499544718049,12130.1644777308,1,12,90-1430,0,埋蔵文化財包蔵地,5,139.5772126,35.34994703,栄区NO.87,栄区,栄区NO.87,埋蔵文化財包蔵地,,[],宅地,栄区,犬山町55付近,縄文(早・中期),94,散布地,台地上,,,,
726-1430,726,1430,埋蔵文化財包蔵地,栄区NO.88,栄区NO.88,栄区NO.88,上郷町953付近,散布地,畑地,台地上,200×80,弥生・古墳・歴史,96,139.581049085,35.35855764,JsonThemeAroundPoint:x/y,139.581020841425,35.3584143431486,11119.2794536117,1,12,726-1430,0,埋蔵文化財包蔵地,5,139.581049085,35.35855764,栄区NO.88,栄区,栄区NO.88,埋蔵文化財包蔵地,,[],畑地,栄区,上郷町953付近,弥生・古墳・歴史,96,散布地,台地上,200×80,,,
727-1430,727,1430,埋蔵文化財包蔵地,栄区NO.89,栄区NO.89,栄区NO.89,上郷町944付近,散布地,畑地,台地上,70×30,古墳,97,139.582448385,35.359072095,JsonThemeAroundPoint:x/y,139.582411753112,35.3590649046881,11010.2567586795,1,12,727-1430,0,埋蔵文化財包蔵地,5,139.582448385,35.359072095,栄区NO.89,栄区,栄区NO.89,埋蔵文化財包蔵地,,[],畑地,栄区,上郷町944付近,古墳,97,散布地,台地上,70×30,,,
681-1430,681,1430,埋蔵文化財包蔵地,栄区NO.9,栄区NO.9,栄区NO.9,長沼町784付近,塚？,雑木林,台地上,"D10,H3",(不明),11,139.543307335,35.376023615,JsonThemeAroundPoint:x/y,139.5433080007,35.3760236180557,11659.640165913,1,12,681-1430,0,埋蔵文化財包蔵地,5,139.543307335,35.376023615,栄区NO.9,栄区,栄区NO.9,埋蔵文化財包蔵地,,[],雑木林,栄区,長沼町784付近,(不明),11,塚？,台地上,"D10,H3",,,
728-1430,728,1430,埋蔵文化財包蔵地,栄区NO.90,栄区NO.90,栄区NO.90,上郷町931付近,散布地,畑地,台地上,100×60,縄文(早期),98,139.58376774,35.358278265,JsonThemeAroundPoint:x/y,139.583793331988,35.3582651669272,11035.4331323212,1,12,728-1430,0,埋蔵文化財包蔵地,5,139.58376774,35.358278265,栄区NO.90,栄区,栄区NO.90,埋蔵文化財包蔵地,,[],畑地,栄区,上郷町931付近,縄文(早期),98,散布地,台地上,100×60,,,
729-1430,729,1430,埋蔵文化財包蔵地,栄区NO.91,栄区NO.91,栄区NO.91,上郷町927付近,散布地,畑地,台地上,200×100,縄文(早・中期),99,139.58513362,35.35862263,JsonThemeAroundPoint:x/y,139.585139261509,35.3586368709537,10946.6203684614,1,12,729-1430,0,埋蔵文化財包蔵地,5,139.58513362,35.35862263,栄区NO.91,栄区,栄区NO.91,埋蔵文化財包蔵地,,[],畑地,栄区,上郷町927付近,縄文(早・中期),99,散布地,台地上,200×100,,,
721-1430,721,1430,埋蔵文化財包蔵地,栄区NO.93,栄区NO.93,栄区NO.93,柏陽11・鍛冶ヶ谷二丁目4付近,集落跡,宅地,台地上,200×80,古墳(前期)・平安,29,139.56069556,35.363384725,JsonThemeAroundPoint:x/y,139.560733405633,35.3635162508969,11648.8831171446,1,12,721-1430,0,埋蔵文化財包蔵地,5,139.56069556,35.363384725,栄区NO.93,栄区,栄区NO.93,埋蔵文化財包蔵地,,[],宅地,栄区,柏陽11・鍛冶ヶ谷二丁目4付近,古墳(前期)・平安,29,集落跡,台地上,200×80,,,
722-1430,722,1430,埋蔵文化財包蔵地,栄区NO.94,栄区NO.94,栄区NO.94,中野町404付近,散布地,雑木林,台地上,130×100,縄文(早・前期)・弥生(後期),39,139.56734832,35.362565635,JsonThemeAroundPoint:x/y,139.567206176119,35.3625139704285,11373.0719048967,1,12,722-1430,0,埋蔵文化財包蔵地,5,139.56734832,35.362565635,栄区NO.94,栄区,栄区NO.94,埋蔵文化財包蔵地,,[],雑木林,栄区,中野町404付近,縄文(早・前期)・弥生(後期),39,散布地,台地上,130×100,,,
92-1430,92,1430,埋蔵文化財包蔵地,栄区NO.95,栄区NO.95,栄区NO.95,中野町16付近,集落跡,学校,台地上,,古墳(前・後期),40,139.564258185,35.35990505,JsonThemeAroundPoint:x/y,139.564258157421,35.3599124910124,11775.3771752098,1,12,92-1430,0,埋蔵文化財包蔵地,5,139.564258185,35.35990505,栄区NO.95,栄区,栄区NO.95,埋蔵文化財包蔵地,,[],学校,栄区,中野町16付近,古墳(前・後期),40,集落跡,台地上,,,,
723-1430,723,1430,埋蔵文化財包蔵地,栄区NO.96,栄区NO.96,栄区NO.96,上郷町208付近,散布地,学校・宅地・雑木林,台地上,400×130,縄文(早・中期)・古墳,52,139.57617412,35.36315321,JsonThemeAroundPoint:x/y,139.576259893575,35.3633187179065,10888.2196243165,1,12,723-1430,0,埋蔵文化財包蔵地,5,139.57617412,35.36315321,栄区NO.96,栄区,栄区NO.96,埋蔵文化財包蔵地,,[],学校・宅地・雑木林,栄区,上郷町208付近,縄文(早・中期)・古墳,52,散布地,台地上,400×130,,,
724-1430,724,1430,埋蔵文化財包蔵地,栄区NO.97,栄区NO.97,栄区NO.97,上郷町488付近,製鉄跡,道路・宅地・畑地,低台地・沖積地,100×50,奈良・平安,53,139.58016674,35.36225231,JsonThemeAroundPoint:x/y,139.580263013999,35.3622518674212,10794.8979602212,1,12,724-1430,0,埋蔵文化財包蔵地,5,139.58016674,35.36225231,栄区NO.97,栄区,栄区NO.97,埋蔵文化財包蔵地,,[],道路・宅地・畑地,栄区,上郷町488付近,奈良・平安,53,製鉄跡,低台地・沖積地,100×50,,,
725-1430,725,1430,埋蔵文化財包蔵地,栄区NO.98,栄区NO.98,栄区NO.98,上郷町561付近,集落跡,学校,台地上・斜面,270×100,縄文(後期)・奈良,54,139.58378021,35.361955585,JsonThemeAroundPoint:x/y,139.583928621314,35.361992536153,10669.7708281365,1,12,725-1430,0,埋蔵文化財包蔵地,5,139.58378021,35.361955585,栄区NO.98,栄区,栄区NO.98,埋蔵文化財包蔵地,,[],学校,栄区,上郷町561付近,縄文(後期)・奈良,54,集落跡,台地上・斜面,270×100,,,
2355-1430,2355,1430,埋蔵文化財包蔵地,泉区NO.1,泉区NO.1,泉区NO.1,上飯田町4811付近,横穴墓,雑木林,崖,,古墳,61,139.4839242,35.44517734,JsonThemeAroundPoint:x/y,139.483922648602,35.4451738247323,13942.5970623578,1,12,2355-1430,0,埋蔵文化財包蔵地,5,139.4839242,35.44517734,泉区NO.1,泉区,泉区NO.1,埋蔵文化財包蔵地,,[],雑木林,泉区,上飯田町4811付近,古墳,61,横穴墓,崖,,,,
1471-1430,1471,1430,埋蔵文化財包蔵地,泉区NO.10,泉区NO.10,泉区NO.10,新橋町1059付近,散布地,畑地・荒地,台地上,120×100,縄文(中期),76,139.51388994,35.43243369,JsonThemeAroundPoint:x/y,139.513890533134,35.4323720194961,11344.6099916358,1,12,1471-1430,0,埋蔵文化財包蔵地,5,139.51388994,35.43243369,泉区NO.10,泉区,泉区NO.10,埋蔵文化財包蔵地,,[],畑地・荒地,泉区,新橋町1059付近,縄文(中期),76,散布地,台地上,120×100,,,
1467-1430,1467,1430,埋蔵文化財包蔵地,泉区NO.11,泉区NO.11,泉区NO.11,池の谷3880付近,散布地,雑木林,台地上・斜面,200×150,縄文(前・中期),1,139.52180783,35.443372045,JsonThemeAroundPoint:x/y,139.521926718212,35.4433922092448,10516.1558915842,1,12,1467-1430,0,埋蔵文化財包蔵地,5,139.52180783,35.443372045,泉区NO.11,泉区,泉区NO.11,埋蔵文化財包蔵地,,[],雑木林,泉区,池の谷3880付近,縄文(前・中期),1,散布地,台地上・斜面,200×150,,,
1466-1430,1466,1430,埋蔵文化財包蔵地,泉区NO.12,泉区NO.12,泉区NO.12,池の谷3900付近,散布地,宅地・雑木林,台地上,,縄文(早・中・後期),66,139.52338103,35.44580465,JsonThemeAroundPoint:x/y,139.523512406972,35.4457047856279,10366.1308378724,1,12,1466-1430,0,埋蔵文化財包蔵地,5,139.52338103,35.44580465,泉区NO.12,泉区,泉区NO.12,埋蔵文化財包蔵地,,[],宅地・雑木林,泉区,池の谷3900付近,縄文(早・中・後期),66,散布地,台地上,,,,
1473-1430,1473,1430,埋蔵文化財包蔵地,泉区NO.13,泉区NO.13,泉区NO.13,緑園四丁目1付近,散布地,宅地,台地上・斜面,130×70,縄文,6,139.52658697,35.43679234,JsonThemeAroundPoint:x/y,139.526530865504,35.4367339879915,10140.696320976,1,12,1473-1430,0,埋蔵文化財包蔵地,5,139.52658697,35.43679234,泉区NO.13,泉区,泉区NO.13,埋蔵文化財包蔵地,,[],宅地,泉区,緑園四丁目1付近,縄文,6,散布地,台地上・斜面,130×70,,,
1472-1430,1472,1430,埋蔵文化財包蔵地,泉区NO.14,泉区NO.14,泉区NO.14,緑園一丁目8付近,散布地,宅地,台地上・斜面,220×70,古墳,7,139.52661354,35.435356495,JsonThemeAroundPoint:x/y,139.526608073824,35.4353793359448,10157.7783296216,1,12,1472-1430,0,埋蔵文化財包蔵地,5,139.52661354,35.435356495,泉区NO.14,泉区,泉区NO.14,埋蔵文化財包蔵地,,[],宅地,泉区,緑園一丁目8付近,古墳,7,散布地,台地上・斜面,220×70,,,
425-1430,425,1430,埋蔵文化財包蔵地,泉区NO.16,泉区NO.16,泉区NO.16,和泉町6226付近,包含地,公園・宅地,台地縁辺,,先土器,67,139.494238625,35.428010855,JsonThemeAroundPoint:x/y,139.494238590112,35.4280190445956,13179.9854573991,1,12,425-1430,0,埋蔵文化財包蔵地,5,139.494238625,35.428010855,泉区NO.16,泉区,泉区NO.16,埋蔵文化財包蔵地,,[],公園・宅地,泉区,和泉町6226付近,先土器,67,包含地,台地縁辺,,,,
1474-1430,1474,1430,埋蔵文化財包蔵地,泉区NO.17,泉区NO.17,泉区NO.17,和泉町6460付近,集落跡,畑地・線路,台地上,140×140,古墳(後期),49,139.491279515,35.42556578,JsonThemeAroundPoint:x/y,139.491375269865,35.4254561038236,13490.5406496336,1,12,1474-1430,0,埋蔵文化財包蔵地,5,139.491279515,35.42556578,泉区NO.17,泉区,泉区NO.17,埋蔵文化財包蔵地,,[],畑地・線路,泉区,和泉町6460付近,古墳(後期),49,集落跡,台地上,140×140,,,
1475-1430,1475,1430,埋蔵文化財包蔵地,泉区NO.18,泉区NO.18,泉区NO.18,和泉町5640付近,散布地,畑地・宅地,台地上,500×100,縄文(中期),10,139.49608196,35.4241356,JsonThemeAroundPoint:x/y,139.495802977957,35.4244829662547,13092.7665905988,1,12,1475-1430,0,埋蔵文化財包蔵地,5,139.49608196,35.4241356,泉区NO.18,泉区,泉区NO.18,埋蔵文化財包蔵地,,[],畑地・宅地,泉区,和泉町5640付近,縄文(中期),10,散布地,台地上,500×100,,,
1478-1430,1478,1430,埋蔵文化財包蔵地,泉区NO.19,泉区NO.19,泉区NO.19,和泉町5219付近,散布地,雑木林・墓地,台地上・斜面,140×70,縄文(中期),9,139.494147435,35.420449345,JsonThemeAroundPoint:x/y,139.494139478509,35.4204503815715,13350.1033318801,1,12,1478-1430,0,埋蔵文化財包蔵地,5,139.494147435,35.420449345,泉区NO.19,泉区,泉区NO.19,埋蔵文化財包蔵地,,[],雑木林・墓地,泉区,和泉町5219付近,縄文(中期),9,散布地,台地上・斜面,140×70,,,
1462-1430,1462,1430,埋蔵文化財包蔵地,泉区NO.2,泉区NO.2,泉区NO.2,上飯田町4632付近,散布地,畑地,台地上,,歴史,62,139.484117105,35.440069785,JsonThemeAroundPoint:x/y,139.484133350367,35.4397573246852,13945.8573617859,1,12,1462-1430,0,埋蔵文化財包蔵地,5,139.484117105,35.440069785,泉区NO.2,泉区,泉区NO.2,埋蔵文化財包蔵地,,[],畑地,泉区,上飯田町4632付近,歴史,62,散布地,台地上,,,,
1476-1430,1476,1430,埋蔵文化財包蔵地,泉区NO.20,泉区NO.20,泉区NO.20,和泉町5879付近,集落跡,畑地・宅地,台地上,800×800,縄文(中期),11,139.500055765,35.42284156,JsonThemeAroundPoint:x/y,139.499803028857,35.422388530974,12769.5792235797,1,12,1476-1430,0,埋蔵文化財包蔵地,5,139.500055765,35.42284156,泉区NO.20,泉区,泉区NO.20,埋蔵文化財包蔵地,,[],畑地・宅地,泉区,和泉町5879付近,縄文(中期),11,集落跡,台地上,800×800,,,
1480-1430,1480,1430,埋蔵文化財包蔵地,泉区NO.21,泉区NO.21,泉区NO.21,和泉町4916付近,散布地,畑地,台地上,100×50,古墳,60,139.487872395,35.42161816,JsonThemeAroundPoint:x/y,139.487891547217,35.4216466879151,13877.8160818947,1,12,1480-1430,0,埋蔵文化財包蔵地,5,139.487872395,35.42161816,泉区NO.21,泉区,泉区NO.21,埋蔵文化財包蔵地,,[],畑地,泉区,和泉町4916付近,古墳,60,散布地,台地上,100×50,,,
1479-1430,1479,1430,埋蔵文化財包蔵地,泉区NO.22,泉区NO.22,泉区NO.22,和泉町4927付近,散布地,畑地・線路,台地上,170×80,中世,50,139.490108765,35.41956811,JsonThemeAroundPoint:x/y,139.490089325095,35.4195515016117,13728.7618212273,1,12,1479-1430,0,埋蔵文化財包蔵地,5,139.490108765,35.41956811,泉区NO.22,泉区,泉区NO.22,埋蔵文化財包蔵地,,[],畑地・線路,泉区,和泉町4927付近,中世,50,散布地,台地上,170×80,,,
1481-1430,1481,1430,埋蔵文化財包蔵地,泉区NO.23,泉区NO.23,泉区NO.23,和泉町4680付近,集落跡,畑地・線路,台地上,100×90,古墳(後期)・平安・中世,51,139.49077316,35.416924935,JsonThemeAroundPoint:x/y,139.490737373499,35.4169505586002,13739.1830307795,1,12,1481-1430,0,埋蔵文化財包蔵地,5,139.49077316,35.416924935,泉区NO.23,泉区,泉区NO.23,埋蔵文化財包蔵地,,[],畑地・線路,泉区,和泉町4680付近,古墳(後期)・平安・中世,51,集落跡,台地上,100×90,,,
428-1430,428,1430,埋蔵文化財包蔵地,泉区NO.25,泉区NO.25,泉区NO.25,新橋町927付近,散布地,宅地,台地上・斜面,,縄文(早・前・中期),15,139.50816033,35.430687505,JsonThemeAroundPoint:x/y,139.508160301314,35.4306949435505,11887.0886200405,1,12,428-1430,0,埋蔵文化財包蔵地,5,139.50816033,35.430687505,泉区NO.25,泉区,泉区NO.25,埋蔵文化財包蔵地,,[],宅地,泉区,新橋町927付近,縄文(早・前・中期),15,散布地,台地上・斜面,,,,
427-1430,427,1430,埋蔵文化財包蔵地,泉区NO.26,泉区NO.26,泉区NO.26,弥生台72付近,集落跡,宅地,台地上,200×100,先土器・縄文(早～中期),13,139.506442025,35.425023775,JsonThemeAroundPoint:x/y,139.506441992544,35.4250312160101,12153.0271792037,1,12,427-1430,0,埋蔵文化財包蔵地,5,139.506442025,35.425023775,泉区NO.26,泉区,泉区NO.26,埋蔵文化財包蔵地,,[],宅地,泉区,弥生台72付近,先土器・縄文(早～中期),13,集落跡,台地上,200×100,,,
426-1430,426,1430,埋蔵文化財包蔵地,泉区NO.27,泉区NO.27,泉区NO.27,和泉町5953付近,塚,宅地,台地上,,近世？,55,139.504490945,35.42297818,JsonThemeAroundPoint:x/y,139.504490918165,35.4229848799505,12373.7637263073,1,12,426-1430,0,埋蔵文化財包蔵地,5,139.504490945,35.42297818,泉区NO.27,泉区,泉区NO.27,埋蔵文化財包蔵地,,[],宅地,泉区,和泉町5953付近,近世？,55,塚,台地上,,,,
1486-1430,1486,1430,埋蔵文化財包蔵地,泉区NO.28,泉区NO.28,泉区NO.28,弥生台53・66付近,散布地,畑地,台地上・斜面,,縄文(中期)・弥生(後期)・古墳,12,139.507152765,35.4220388,JsonThemeAroundPoint:x/y,139.507088051108,35.4218979654222,12162.0556770216,1,12,1486-1430,0,埋蔵文化財包蔵地,5,139.507152765,35.4220388,泉区NO.28,泉区,泉区NO.28,埋蔵文化財包蔵地,,[],畑地,泉区,弥生台53・66付近,縄文(中期)・弥生(後期)・古墳,12,散布地,台地上・斜面,,,,
1477-1430,1477,1430,埋蔵文化財包蔵地,泉区NO.29,泉区NO.29,泉区NO.29,中田町2761付近,散布地,畑地・宅地,台地上,,古墳？,74,139.504526675,35.41763527,JsonThemeAroundPoint:x/y,139.504647993048,35.4176146785576,12513.5025458892,1,12,1477-1430,0,埋蔵文化財包蔵地,5,139.504526675,35.41763527,泉区NO.29,泉区,泉区NO.29,埋蔵文化財包蔵地,,[],畑地・宅地,泉区,中田町2761付近,古墳？,74,散布地,台地上,,,,
1463-1430,1463,1430,埋蔵文化財包蔵地,泉区NO.3,泉区NO.3,泉区NO.3,和泉町7246付近,散布地,畑地・宅地,台地上,,縄文(中期)・古墳以降・近世,63,139.490859605,35.43427196,JsonThemeAroundPoint:x/y,139.491110589942,35.4342699035056,13389.6754841807,1,12,1463-1430,0,埋蔵文化財包蔵地,5,139.490859605,35.43427196,泉区NO.3,泉区,泉区NO.3,埋蔵文化財包蔵地,,[],畑地・宅地,泉区,和泉町7246付近,縄文(中期)・古墳以降・近世,63,散布地,台地上,,,,
1484-1430,1484,1430,埋蔵文化財包蔵地,泉区NO.30,泉区NO.30,泉区NO.30,上飯田町1121付近,包含地,畑地,台地縁辺,,先土器,68,139.48391181,35.41508489,JsonThemeAroundPoint:x/y,139.483913128144,35.4150848949978,14392.2775871147,1,12,1484-1430,0,埋蔵文化財包蔵地,5,139.48391181,35.41508489,泉区NO.30,泉区,泉区NO.30,埋蔵文化財包蔵地,,[],畑地,泉区,上飯田町1121付近,先土器,68,包含地,台地縁辺,,,,
1482-1430,1482,1430,埋蔵文化財包蔵地,泉区NO.31,泉区NO.31,泉区NO.31,上飯田町859付近,散布地,畑地,台地上,300×200,古墳,37,139.48610914,35.410580535,JsonThemeAroundPoint:x/y,139.48606205316,35.4104963314177,14333.7275029667,1,12,1482-1430,0,埋蔵文化財包蔵地,5,139.48610914,35.410580535,泉区NO.31,泉区,泉区NO.31,埋蔵文化財包蔵地,,[],畑地,泉区,上飯田町859付近,古墳,37,散布地,台地上,300×200,,,
1487-1430,1487,1430,埋蔵文化財包蔵地,泉区NO.32,泉区NO.32,泉区NO.32,新橋町1012付近,散布地,ゴルフ場・宅地・荒地,台地上・斜面,,縄文(早・前期),16,139.510092605,35.42963403,JsonThemeAroundPoint:x/y,139.510178519109,35.4296633228997,11733.0523772583,1,12,1487-1430,0,埋蔵文化財包蔵地,5,139.510092605,35.42963403,泉区NO.32,泉区,泉区NO.32,埋蔵文化財包蔵地,,[],ゴルフ場・宅地・荒地,泉区,新橋町1012付近,縄文(早・前期),16,散布地,台地上・斜面,,,,
1488-1430,1488,1430,埋蔵文化財包蔵地,泉区NO.33,泉区NO.33,泉区NO.33,新橋町759付近,散布地,畑地,台地上・斜面,170×130,縄文,69,139.51193579,35.427504395,JsonThemeAroundPoint:x/y,139.511973623654,35.4276071202011,11610.7360371847,1,12,1488-1430,0,埋蔵文化財包蔵地,5,139.51193579,35.427504395,泉区NO.33,泉区,泉区NO.33,埋蔵文化財包蔵地,,[],畑地,泉区,新橋町759付近,縄文,69,散布地,台地上・斜面,170×130,,,
1489-1430,1489,1430,埋蔵文化財包蔵地,泉区NO.34,泉区NO.34,泉区NO.34,新橋町594付近,散布地,宅地,台地斜面,,縄文・歴史,70,139.512168205,35.42542371,JsonThemeAroundPoint:x/y,139.51223764509,35.4254142646927,11636.0212758732,1,12,1489-1430,0,埋蔵文化財包蔵地,5,139.512168205,35.42542371,泉区NO.34,泉区,泉区NO.34,埋蔵文化財包蔵地,,[],宅地,泉区,新橋町594付近,縄文・歴史,70,散布地,台地斜面,,,,
1505-1430,1505,1430,埋蔵文化財包蔵地,泉区NO.35,泉区NO.35,泉区NO.35,新橋町92・1281付近,散布地・集落地,畑地・荒地・線路・宅地,台地上・斜面,,縄文(早・前・中・後期)・弥生(後期)・奈良・平安,17,139.519054695,35.42897163,JsonThemeAroundPoint:x/y,139.518926826476,35.4291174170752,10946.4377331981,1,12,1505-1430,0,埋蔵文化財包蔵地,5,139.519054695,35.42897163,泉区NO.35,泉区,泉区NO.35,埋蔵文化財包蔵地,,[],畑地・荒地・線路・宅地,泉区,新橋町92・1281付近,縄文(早・前・中・後期)・弥生(後期)・奈良・平安,17,散布地・集落地,台地上・斜面,,,,
1504-1430,1504,1430,埋蔵文化財包蔵地,泉区NO.36,泉区NO.36,泉区NO.36,岡津町2164付近,散布地,雑木林・畑地,台地上・斜面,200×130,縄文・歴史,18,139.52280474,35.428531515,JsonThemeAroundPoint:x/y,139.522810302528,35.4287063324963,10622.1146569674,1,12,1504-1430,0,埋蔵文化財包蔵地,5,139.52280474,35.428531515,泉区NO.36,泉区,泉区NO.36,埋蔵文化財包蔵地,,[],雑木林・畑地,泉区,岡津町2164付近,縄文・歴史,18,散布地,台地上・斜面,200×130,,,
1503-1430,1503,1430,埋蔵文化財包蔵地,泉区NO.37,泉区NO.37,泉区NO.37,岡津町2064付近,散布地,畑地,台地上・斜面,200×130,縄文(草創・早・前・中期)・古墳・平安,19,139.520712225,35.426681735,JsonThemeAroundPoint:x/y,139.520638150094,35.4266689510295,10849.5678489176,1,12,1503-1430,0,埋蔵文化財包蔵地,5,139.520712225,35.426681735,泉区NO.37,泉区,泉区NO.37,埋蔵文化財包蔵地,,[],畑地,泉区,岡津町2064付近,縄文(草創・早・前・中期)・古墳・平安,19,散布地,台地上・斜面,200×130,,,
429-1430,429,1430,埋蔵文化財包蔵地,泉区NO.38,泉区NO.38,泉区NO.38,岡津町2068付近,散布地・窯跡？,畑地・荒地,谷,,縄文(早・中期)・平安,20,139.52235249,35.42673925,JsonThemeAroundPoint:x/y,139.522352460994,35.4267474349648,10702.926306736,1,12,429-1430,0,埋蔵文化財包蔵地,5,139.52235249,35.42673925,泉区NO.38,泉区,泉区NO.38,埋蔵文化財包蔵地,,[],畑地・荒地,泉区,岡津町2068付近,縄文(早・中期)・平安,20,散布地・窯跡？,谷,,,,
1502-1430,1502,1430,埋蔵文化財包蔵地,泉区NO.39,泉区NO.39,泉区NO.39,岡津町2125付近,散布地,雑木林・畑地,台地斜面,80×60,縄文(中期),22,139.523609955,35.426246085,JsonThemeAroundPoint:x/y,139.523579876584,35.4261960071655,10603.5240704842,1,12,1502-1430,0,埋蔵文化財包蔵地,5,139.523609955,35.426246085,泉区NO.39,泉区,泉区NO.39,埋蔵文化財包蔵地,,[],雑木林・畑地,泉区,岡津町2125付近,縄文(中期),22,散布地,台地斜面,80×60,,,
1465-1430,1465,1430,埋蔵文化財包蔵地,泉区NO.4,泉区NO.4,泉区NO.4,和泉町7591付近,散布地,畑地・宅地,台地上,,古墳以降,64,139.495591465,35.439396065,JsonThemeAroundPoint:x/y,139.495620110873,35.43927543496,12912.6191962795,1,12,1465-1430,0,埋蔵文化財包蔵地,5,139.495591465,35.439396065,泉区NO.4,泉区,泉区NO.4,埋蔵文化財包蔵地,,[],畑地・宅地,泉区,和泉町7591付近,古墳以降,64,散布地,台地上,,,,
1501-1430,1501,1430,埋蔵文化財包蔵地,泉区NO.40,泉区NO.40,泉区NO.40,岡津町2111付近,塚,墓地・山林,台地斜面,"D10,H3",(不明),21,139.52276962,35.425444185,JsonThemeAroundPoint:x/y,139.522783243226,35.4254347518748,10697.6561411693,1,12,1501-1430,0,埋蔵文化財包蔵地,5,139.52276962,35.425444185,泉区NO.40,泉区,泉区NO.40,埋蔵文化財包蔵地,,[],墓地・山林,泉区,岡津町2111付近,(不明),21,塚,台地斜面,"D10,H3",,,
1496-1430,1496,1430,埋蔵文化財包蔵地,泉区NO.46,泉区NO.46,泉区NO.46,岡津町1579付近,散布地,畑地,台地斜面,110×50,縄文(中？・後期),73,139.52104517,35.42304109,JsonThemeAroundPoint:x/y,139.52110628184,35.4230327094084,10912.6768185009,1,12,1496-1430,0,埋蔵文化財包蔵地,5,139.52104517,35.42304109,泉区NO.46,泉区,泉区NO.46,埋蔵文化財包蔵地,,[],畑地,泉区,岡津町1579付近,縄文(中？・後期),73,散布地,台地斜面,110×50,,,
1497-1430,1497,1430,埋蔵文化財包蔵地,泉区NO.47,泉区NO.47,泉区NO.47,岡津町1507付近,包含地,畑地・宅地・雑木林,台地上・斜面,350×100,縄文(草創・早・前・中・後期)・古墳以降,26,139.52403935,35.421611525,JsonThemeAroundPoint:x/y,139.524251679542,35.421525026541,10691.1250135566,1,12,1497-1430,0,埋蔵文化財包蔵地,5,139.52403935,35.421611525,泉区NO.47,泉区,泉区NO.47,埋蔵文化財包蔵地,,[],畑地・宅地・雑木林,泉区,岡津町1507付近,縄文(草創・早・前・中・後期)・古墳以降,26,包含地,台地上・斜面,350×100,,,
1498-1430,1498,1430,埋蔵文化財包蔵地,泉区NO.48,泉区NO.48,泉区NO.48,岡津町46・121付近・領家一丁目15付近,散布地,宅地,台地上・斜面,,縄文(早・中・後期)・歴史,27,139.528331585,35.420369775,JsonThemeAroundPoint:x/y,139.528279205533,35.4200105880328,10355.6551575795,1,12,1498-1430,0,埋蔵文化財包蔵地,5,139.528331585,35.420369775,泉区NO.48,泉区,泉区NO.48,埋蔵文化財包蔵地,,[],宅地,泉区,岡津町46・121付近・領家一丁目15付近,縄文(早・中・後期)・歴史,27,散布地,台地上・斜面,,,,
1491-1430,1491,1430,埋蔵文化財包蔵地,泉区NO.49,泉区NO.49,泉区NO.49,西が岡一丁目31付近,集落跡,畑地・宅地,台地上,360×220,縄文(早・前・中期),34,139.511754305,35.420984785,JsonThemeAroundPoint:x/y,139.511861151746,35.4209323905129,11785.0816634534,1,12,1491-1430,0,埋蔵文化財包蔵地,5,139.511754305,35.420984785,泉区NO.49,泉区,泉区NO.49,埋蔵文化財包蔵地,,[],畑地・宅地,泉区,西が岡一丁目31付近,縄文(早・前・中期),34,集落跡,台地上,360×220,,,
1464-1430,1464,1430,埋蔵文化財包蔵地,泉区NO.5,泉区NO.5,泉区NO.5,和泉町7669付近,散布地,畑地,台地上,,縄文(中期),65,139.497173735,35.436130515,JsonThemeAroundPoint:x/y,139.497160237991,35.4360562500628,12799.3702597619,1,12,1464-1430,0,埋蔵文化財包蔵地,5,139.497173735,35.436130515,泉区NO.5,泉区,泉区NO.5,埋蔵文化財包蔵地,,[],畑地,泉区,和泉町7669付近,縄文(中期),65,散布地,台地上,,,,
1492-1430,1492,1430,埋蔵文化財包蔵地,泉区NO.51,泉区NO.51,泉区NO.51,中田北三丁目29付近,散布地,畑地・宅地,台地上,300×170,縄文,33,139.51424087,35.419210025,JsonThemeAroundPoint:x/y,139.514423350897,35.4193719367245,11618.2171831247,1,12,1492-1430,0,埋蔵文化財包蔵地,5,139.51424087,35.419210025,泉区NO.51,泉区,泉区NO.51,埋蔵文化財包蔵地,,[],畑地・宅地,泉区,中田北三丁目29付近,縄文,33,散布地,台地上,300×170,,,
1493-1430,1493,1430,埋蔵文化財包蔵地,泉区NO.52,泉区NO.52,泉区NO.52,西が岡三丁目9付近,包含地,宅地,台地上・斜面,300×200,縄文,32,139.51763451,35.418427585,JsonThemeAroundPoint:x/y,139.517512501319,35.4183703441573,11346.4563174239,1,12,1493-1430,0,埋蔵文化財包蔵地,5,139.51763451,35.418427585,泉区NO.52,泉区,泉区NO.52,埋蔵文化財包蔵地,,[],宅地,泉区,西が岡三丁目9付近,縄文,32,包含地,台地上・斜面,300×200,,,
1494-1430,1494,1430,埋蔵文化財包蔵地,泉区NO.53,泉区NO.53,泉区NO.53,西が岡二丁目7付近,集落跡・包含地,宅地,台地上・斜面,300×140,縄文(早～中期),31,139.520479185,35.419410505,JsonThemeAroundPoint:x/y,139.520598957993,35.4196965974325,11068.3274460906,1,12,1494-1430,0,埋蔵文化財包蔵地,5,139.520479185,35.419410505,泉区NO.53,泉区,泉区NO.53,埋蔵文化財包蔵地,,[],宅地,泉区,西が岡二丁目7付近,縄文(早～中期),31,集落跡・包含地,台地上・斜面,300×140,,,
1510-1430,1510,1430,埋蔵文化財包蔵地,泉区NO.54,泉区NO.54,泉区NO.54,岡津町999付近,散布地,宅地,台地上・斜面,350×100,縄文(中期),30,139.520335805,35.41575844,JsonThemeAroundPoint:x/y,139.520418722262,35.4158362260394,11200.9331832803,1,12,1510-1430,0,埋蔵文化財包蔵地,5,139.520335805,35.41575844,泉区NO.54,泉区,泉区NO.54,埋蔵文化財包蔵地,,[],宅地,泉区,岡津町999付近,縄文(中期),30,散布地,台地上・斜面,350×100,,,
1508-1430,1508,1430,埋蔵文化財包蔵地,泉区NO.55,泉区NO.55,泉区NO.55,領家三丁目23付近,散布地,宅地,台地上・斜面,,縄文(前・中期)・古墳,29,139.52438865,35.416421125,JsonThemeAroundPoint:x/y,139.524500243309,35.4168436334023,10829.0768223187,1,12,1508-1430,0,埋蔵文化財包蔵地,5,139.52438865,35.416421125,泉区NO.55,泉区,泉区NO.55,埋蔵文化財包蔵地,,[],宅地,泉区,領家三丁目23付近,縄文(前・中期)・古墳,29,散布地,台地上・斜面,,,,
431-1430,431,1430,埋蔵文化財包蔵地,泉区NO.56,泉区NO.56,泉区NO.56,岡津町673付近,塚,道路,谷,,(不明),54,139.522885865,35.415404035,JsonThemeAroundPoint:x/y,139.522885833209,35.4154122194817,10994.2417375523,1,12,431-1430,0,埋蔵文化財包蔵地,5,139.522885865,35.415404035,泉区NO.56,泉区,泉区NO.56,埋蔵文化財包蔵地,,[],道路,泉区,岡津町673付近,(不明),54,塚,谷,,,,
1507-1430,1507,1430,埋蔵文化財包蔵地,泉区NO.57,泉区NO.57,泉区NO.57,領家二丁目9付近,包含地,宅地,台地上・斜面,250×170,縄文,28,139.52794511,35.416274285,JsonThemeAroundPoint:x/y,139.527712163248,35.4163647147071,10529.1190038001,1,12,1507-1430,0,埋蔵文化財包蔵地,5,139.52794511,35.416274285,泉区NO.57,泉区,泉区NO.57,埋蔵文化財包蔵地,,[],宅地,泉区,領家二丁目9付近,縄文,28,包含地,台地上・斜面,250×170,,,
432-1430,432,1430,埋蔵文化財包蔵地,泉区NO.58,泉区NO.58,泉区NO.58,領家二丁目10付近,塚,宅地,台地上,,(不明),53,139.52679354,35.414185895,JsonThemeAroundPoint:x/y,139.526793510734,35.4141940806181,10705.2624104671,1,12,432-1430,0,埋蔵文化財包蔵地,5,139.52679354,35.414185895,泉区NO.58,泉区,泉区NO.58,埋蔵文化財包蔵地,,[],宅地,泉区,領家二丁目10付近,(不明),53,塚,台地上,,,,
433-1430,433,1430,埋蔵文化財包蔵地,泉区NO.59,泉区NO.59,泉区NO.59,中田東四丁目43付近,散布地,学校,台地上,,(不明),36,139.51492967,35.41401,JsonThemeAroundPoint:x/y,139.514929637827,35.4140178147672,11727.1494656316,1,12,433-1430,0,埋蔵文化財包蔵地,5,139.51492967,35.41401,泉区NO.59,泉区,泉区NO.59,埋蔵文化財包蔵地,,[],学校,泉区,中田東四丁目43付近,(不明),36,散布地,台地上,,,,
424-1430,424,1430,埋蔵文化財包蔵地,泉区NO.6,泉区NO.6,泉区NO.6,新橋町1727付近,集落跡,宅地,台地上・斜面,,縄文(中期),3,139.51538749,35.44184182,JsonThemeAroundPoint:x/y,139.515387460698,35.4418494895137,11105.3824901619,1,12,424-1430,0,埋蔵文化財包蔵地,5,139.51538749,35.44184182,泉区NO.6,泉区,泉区NO.6,埋蔵文化財包蔵地,,[],宅地,泉区,新橋町1727付近,縄文(中期),3,集落跡,台地上・斜面,,,,
1509-1430,1509,1430,埋蔵文化財包蔵地,泉区NO.60,泉区NO.60,泉区NO.60,中田北二丁目27付近,散布地,畑地・宅地,台地上,230×150,(不明),43,139.509732295,35.412187335,JsonThemeAroundPoint:x/y,139.509696842216,35.4120576540521,12238.1289507714,1,12,1509-1430,0,埋蔵文化財包蔵地,5,139.509732295,35.412187335,泉区NO.60,泉区,泉区NO.60,埋蔵文化財包蔵地,,[],畑地・宅地,泉区,中田北二丁目27付近,(不明),43,散布地,台地上,230×150,,,
434-1430,434,1430,埋蔵文化財包蔵地,泉区NO.61,泉区NO.61,泉区NO.61,中田東二丁目25付近,塚,宅地,台地上,,(不明),57,139.518790545,35.409762485,JsonThemeAroundPoint:x/y,139.518790515918,35.4097703005551,11557.3051840539,1,12,434-1430,0,埋蔵文化財包蔵地,5,139.518790545,35.409762485,泉区NO.61,泉区,泉区NO.61,埋蔵文化財包蔵地,,[],宅地,泉区,中田東二丁目25付近,(不明),57,塚,台地上,,,,
1511-1430,1511,1430,埋蔵文化財包蔵地,泉区NO.62,泉区NO.62,泉区NO.62,領家四丁目4付近,包含地,宅地・学校,台地上,200×100,縄文(早期)・古墳,44,139.524597905,35.412595785,JsonThemeAroundPoint:x/y,139.524443646131,35.4126847385981,10953.2875340827,1,12,1511-1430,0,埋蔵文化財包蔵地,5,139.524597905,35.412595785,泉区NO.62,泉区,泉区NO.62,埋蔵文化財包蔵地,,[],宅地・学校,泉区,領家四丁目4付近,縄文(早期)・古墳,44,包含地,台地上,200×100,,,
1512-1430,1512,1430,埋蔵文化財包蔵地,泉区NO.63,泉区NO.63,泉区NO.63,白百合一丁目20付近,散布地,宅地,台地上,220×50,縄文(早・前期),45,139.523691325,35.411229235,JsonThemeAroundPoint:x/y,139.523782941372,35.4112588806872,11084.210289001,1,12,1512-1430,0,埋蔵文化財包蔵地,5,139.523691325,35.411229235,泉区NO.63,泉区,泉区NO.63,埋蔵文化財包蔵地,,[],宅地,泉区,白百合一丁目20付近,縄文(早・前期),45,散布地,台地上,220×50,,,
1513-1430,1513,1430,埋蔵文化財包蔵地,泉区NO.64,泉区NO.64,泉区NO.64,上飯田町215付近,散布地,畑地・宅地,台地上,500×400,弥生(後期)・古墳,38,139.48445653,35.406626415,JsonThemeAroundPoint:x/y,139.484277396609,35.4066812880446,14607.2472122652,1,12,1513-1430,0,埋蔵文化財包蔵地,5,139.48445653,35.406626415,泉区NO.64,泉区,泉区NO.64,埋蔵文化財包蔵地,,[],畑地・宅地,泉区,上飯田町215付近,弥生(後期)・古墳,38,散布地,台地上,500×400,,,
1516-1430,1516,1430,埋蔵文化財包蔵地,泉区NO.65,泉区NO.65,泉区NO.65,上飯田町1399付近,散布地・集落跡,畑地・宅地・線路,台地上,550×300,弥生(後期)・古墳(前期)・平安,40,139.48407578,35.4012384,JsonThemeAroundPoint:x/y,139.4839047658,35.4012045914664,14835.8082296437,1,12,1516-1430,0,埋蔵文化財包蔵地,5,139.48407578,35.4012384,泉区NO.65,泉区,泉区NO.65,埋蔵文化財包蔵地,,[],畑地・宅地・線路,泉区,上飯田町1399付近,弥生(後期)・古墳(前期)・平安,40,散布地・集落跡,台地上,550×300,,,
435-1430,435,1430,埋蔵文化財包蔵地,泉区NO.66,泉区NO.66,泉区NO.66,上飯田町1016付近,塚,公園,台地上,,(不明),56,139.48332106,35.39745978,JsonThemeAroundPoint:x/y,139.483321024725,35.3974680084145,15049.4486191769,1,12,435-1430,0,埋蔵文化財包蔵地,5,139.48332106,35.39745978,泉区NO.66,泉区,泉区NO.66,埋蔵文化財包蔵地,,[],公園,泉区,上飯田町1016付近,(不明),56,塚,台地上,,,,
1514-1430,1514,1430,埋蔵文化財包蔵地,泉区NO.67,泉区NO.67,泉区NO.67,和泉町3274付近,散布地・包含地,畑地・宅地・線路,台地上,550×300,縄文(中期)・弥生(後期)・古墳・中～近世,39,139.48894058,35.40674474,JsonThemeAroundPoint:x/y,139.489033670176,35.406725916891,14217.1411437522,1,12,1514-1430,0,埋蔵文化財包蔵地,5,139.48894058,35.40674474,泉区NO.67,泉区,泉区NO.67,埋蔵文化財包蔵地,,[],畑地・宅地・線路,泉区,和泉町3274付近,縄文(中期)・弥生(後期)・古墳・中～近世,39,散布地・包含地,台地上,550×300,,,
1515-1430,1515,1430,埋蔵文化財包蔵地,泉区NO.68,泉区NO.68,泉区NO.68,和泉町3155付近,散布地,畑地・線路,台地上,140×140,縄文(早期)・中～近世,58,139.488254265,35.401094425,JsonThemeAroundPoint:x/y,139.488227507318,35.4010466968586,14486.57523056,1,12,1515-1430,0,埋蔵文化財包蔵地,5,139.488254265,35.401094425,泉区NO.68,泉区,泉区NO.68,埋蔵文化財包蔵地,,[],畑地・線路,泉区,和泉町3155付近,縄文(早期)・中～近世,58,散布地,台地上,140×140,,,
1519-1430,1519,1430,埋蔵文化財包蔵地,泉区NO.69,泉区NO.69,泉区NO.69,和泉町960・1044・3721・下飯田町734付近,散布地・包含地,学校・畑地・宅地,台地上,700×300,先土器・縄文(早期)・弥生(中・後期)・古墳,41,139.48588943,35.394010275,JsonThemeAroundPoint:x/y,139.486376347995,35.3937431679474,14980.6066001425,1,12,1519-1430,0,埋蔵文化財包蔵地,5,139.48588943,35.394010275,泉区NO.69,泉区,泉区NO.69,埋蔵文化財包蔵地,,[],学校・畑地・宅地,泉区,和泉町960・1044・3721・下飯田町734付近,先土器・縄文(早期)・弥生(中・後期)・古墳,41,散布地・包含地,台地上,700×300,,,
1468-1430,1468,1430,埋蔵文化財包蔵地,泉区NO.7,泉区NO.7,泉区NO.7,新橋町1612付近,集落跡,処分地,台地上・斜面,350×70,縄文(早・中期)・奈良・平安,2,139.517329655,35.44104116,JsonThemeAroundPoint:x/y,139.517205717973,35.4410986038348,10934.8451322433,1,12,1468-1430,0,埋蔵文化財包蔵地,5,139.517329655,35.44104116,泉区NO.7,泉区,泉区NO.7,埋蔵文化財包蔵地,,[],処分地,泉区,新橋町1612付近,縄文(早・中期)・奈良・平安,2,集落跡,台地上・斜面,350×70,,,
1518-1430,1518,1430,埋蔵文化財包蔵地,泉区NO.70,泉区NO.70,泉区NO.70,和泉町2302付近,散布地・塚,畑地・線路・雑木林,台地上・斜面,700×110,縄文(早期)・古墳・平安,59,139.494629965,35.4040539,JsonThemeAroundPoint:x/y,139.494316505163,35.4041552270179,13830.0237189242,1,12,1518-1430,0,埋蔵文化財包蔵地,5,139.494629965,35.4040539,泉区NO.70,泉区,泉区NO.70,埋蔵文化財包蔵地,,[],畑地・線路・雑木林,泉区,和泉町2302付近,縄文(早期)・古墳・平安,59,散布地・塚,台地上・斜面,700×110,,,
1517-1430,1517,1430,埋蔵文化財包蔵地,泉区NO.71,泉区NO.71,泉区NO.71,和泉町2713付近,散布地,畑地・宅地・雑木林,台地上,370×150,平安,42,139.496697935,35.403380095,JsonThemeAroundPoint:x/y,139.496994886985,35.4035506618833,13680.9400832256,1,12,1517-1430,0,埋蔵文化財包蔵地,5,139.496697935,35.403380095,泉区NO.71,泉区,泉区NO.71,埋蔵文化財包蔵地,,[],畑地・宅地・雑木林,泉区,和泉町2713付近,平安,42,散布地,台地上,370×150,,,
1522-1430,1522,1430,埋蔵文化財包蔵地,泉区NO.72,泉区NO.72,泉区NO.72,中田南二丁目39付近,散布地,畑地・宅地,台地上,150×130,古墳以降,48,139.512159035,35.402229235,JsonThemeAroundPoint:x/y,139.512035167552,35.4021910693662,12432.7380698864,1,12,1522-1430,0,埋蔵文化財包蔵地,5,139.512159035,35.402229235,泉区NO.72,泉区,泉区NO.72,埋蔵文化財包蔵地,,[],畑地・宅地,泉区,中田南二丁目39付近,古墳以降,48,散布地,台地上,150×130,,,
1520-1430,1520,1430,埋蔵文化財包蔵地,泉区NO.73,泉区NO.73,泉区NO.73,中田東一丁目25付近,散布地・陣屋跡,畑地・宅地,台地斜面,320×230,縄文(中・後期)・歴史,46,139.519854105,35.40628547,JsonThemeAroundPoint:x/y,139.519743987002,35.4060977172439,11613.5031933987,1,12,1520-1430,0,埋蔵文化財包蔵地,5,139.519854105,35.40628547,泉区NO.73,泉区,泉区NO.73,埋蔵文化財包蔵地,,[],畑地・宅地,泉区,中田東一丁目25付近,縄文(中・後期)・歴史,46,散布地・陣屋跡,台地斜面,320×230,,,
1521-1430,1521,1430,埋蔵文化財包蔵地,泉区NO.74,泉区NO.74,泉区NO.74,中田東一丁目4付近,散布地,宅地・畑地,台地斜面,,歴史,47,139.52212639,35.402928215,JsonThemeAroundPoint:x/y,139.522207379904,35.4032262014587,11578.1828437091,1,12,1521-1430,0,埋蔵文化財包蔵地,5,139.52212639,35.402928215,泉区NO.74,泉区,泉区NO.74,埋蔵文化財包蔵地,,[],宅地・畑地,泉区,中田東一丁目4付近,歴史,47,散布地,台地斜面,,,,
1523-1430,1523,1430,埋蔵文化財包蔵地,泉区NO.75,泉区NO.75,泉区NO.75,和泉町322付近,散布地,畑地・宅地,台地上,,歴史,75,139.49177834,35.38646924,JsonThemeAroundPoint:x/y,139.491713863315,35.3866066433863,14854.0981915768,1,12,1523-1430,0,埋蔵文化財包蔵地,5,139.49177834,35.38646924,泉区NO.75,泉区,泉区NO.75,埋蔵文化財包蔵地,,[],畑地・宅地,泉区,和泉町322付近,歴史,75,散布地,台地上,,,,
1483-1430,1483,1430,埋蔵文化財包蔵地,泉区NO.76,泉区NO.76,泉区NO.76,和泉町3026-1付近,城跡,公園,台地上,150×80,中世,78,139.492891715,35.409508575,JsonThemeAroundPoint:x/y,139.492754353306,35.4094863301522,13781.3110301756,1,12,1483-1430,0,埋蔵文化財包蔵地,5,139.492891715,35.409508575,泉区NO.76,泉区,泉区NO.76,埋蔵文化財包蔵地,,[],公園,泉区,和泉町3026-1付近,中世,78,城跡,台地上,150×80,,,
1469-1430,1469,1430,埋蔵文化財包蔵地,泉区NO.8,泉区NO.8,泉区NO.8,新橋町1791付近,集落跡？・猟場,処分地,台地上・斜面,400×150,縄文(早・前・中期),4,139.514114355,35.438861345,JsonThemeAroundPoint:x/y,139.514341248607,35.4386981512697,11243.074398564,1,12,1469-1430,0,埋蔵文化財包蔵地,5,139.514114355,35.438861345,泉区NO.8,泉区,泉区NO.8,埋蔵文化財包蔵地,,[],処分地,泉区,新橋町1791付近,縄文(早・前・中期),4,集落跡？・猟場,台地上・斜面,400×150,,,
1470-1430,1470,1430,埋蔵文化財包蔵地,泉区NO.9,泉区NO.9,泉区NO.9,新橋町1409・1401付近,散布地・包含地,宅地,台地上・斜面,,縄文(早・前・中期)・弥生(後期)・古墳,5,139.5160291,35.435176715,JsonThemeAroundPoint:x/y,139.516044493374,35.4352162471022,11111.9906219622,1,12,1470-1430,0,埋蔵文化財包蔵地,5,139.5160291,35.435176715,泉区NO.9,泉区,泉区NO.9,埋蔵文化財包蔵地,,[],宅地,泉区,新橋町1409・1401付近,縄文(早・前・中期)・弥生(後期)・古墳,5,散布地・包含地,台地上・斜面,,,,
943-1430,943,1430,埋蔵文化財包蔵地,港北区NO.1,港北区NO.1,港北区NO.1,高田町2523付近,散布地,畑地,台地上,350×100,縄文・弥生・奈良・平安,1,139.61846532,35.556820425,JsonThemeAroundPoint:x/y,139.61863263734,35.5566202847663,12319.7995092496,1,12,943-1430,0,埋蔵文化財包蔵地,5,139.61846532,35.556820425,港北区NO.1,港北区,港北区NO.1,埋蔵文化財包蔵地,,[],畑地,港北区,高田町2523付近,縄文・弥生・奈良・平安,1,散布地,台地上,350×100,,,
985-1430,985,1430,埋蔵文化財包蔵地,港北区NO.10,港北区NO.10,港北区NO.10,高田町2012付近,散布地,畑地・宅地,台地上,200×100,縄文(早期),10,139.62701355,35.553865365,JsonThemeAroundPoint:x/y,139.627058839324,35.5537575530694,11906.2822764411,1,12,985-1430,0,埋蔵文化財包蔵地,5,139.62701355,35.553865365,港北区NO.10,港北区,港北区NO.10,埋蔵文化財包蔵地,,[],畑地・宅地,港北区,高田町2012付近,縄文(早期),10,散布地,台地上,200×100,,,
1015-1430,1015,1430,埋蔵文化財包蔵地,港北区NO.100,港北区NO.100,港北区NO.100,新羽町4331付近,包含地,畑地,台地上,100×50,縄文(中期),109,139.599329915,35.531794755,JsonThemeAroundPoint:x/y,139.599360144051,35.5317682672994,10034.6960696307,1,12,1015-1430,0,埋蔵文化財包蔵地,5,139.599329915,35.531794755,港北区NO.100,港北区,港北区NO.100,埋蔵文化財包蔵地,,[],畑地,港北区,新羽町4331付近,縄文(中期),109,包含地,台地上,100×50,,,
1016-1430,1016,1430,埋蔵文化財包蔵地,港北区NO.101,港北区NO.101,港北区NO.101,新羽町4332付近,包含地,畑地,台地上,50×50,縄文,110,139.600293235,35.531710185,JsonThemeAroundPoint:x/y,139.600272568382,35.5316185722405,9995.88807570664,1,12,1016-1430,0,埋蔵文化財包蔵地,5,139.600293235,35.531710185,港北区NO.101,港北区,港北区NO.101,埋蔵文化財包蔵地,,[],畑地,港北区,新羽町4332付近,縄文,110,包含地,台地上,50×50,,,
1017-1430,1017,1430,埋蔵文化財包蔵地,港北区NO.102,港北区NO.102,港北区NO.102,新羽町4319付近,包含地,畑地,台地上,50×20,縄文(中期),111,139.601221925,35.532149255,JsonThemeAroundPoint:x/y,139.601226422937,35.5321178269875,10013.7042598925,1,12,1017-1430,0,埋蔵文化財包蔵地,5,139.601221925,35.532149255,港北区NO.102,港北区,港北区NO.102,埋蔵文化財包蔵地,,[],畑地,港北区,新羽町4319付近,縄文(中期),111,包含地,台地上,50×20,,,
1019-1430,1019,1430,埋蔵文化財包蔵地,港北区NO.103,港北区NO.103,港北区NO.103,新羽町4329付近,包含地,畑地,台地上,20×20,縄文,112,139.599767435,35.530622965,JsonThemeAroundPoint:x/y,139.599763089321,35.530566695883,9898.68416393704,1,12,1019-1430,0,埋蔵文化財包蔵地,5,139.599767435,35.530622965,港北区NO.103,港北区,港北区NO.103,埋蔵文化財包蔵地,,[],畑地,港北区,新羽町4329付近,縄文,112,包含地,台地上,20×20,,,
1018-1430,1018,1430,埋蔵文化財包蔵地,港北区NO.104,港北区NO.104,港北区NO.104,新羽町4263付近,包含地,畑地,台地上,70×20,縄文(中期),113,139.6006302,35.53100869,JsonThemeAroundPoint:x/y,139.60062144222,35.5309758920391,9912.11749418824,1,12,1018-1430,0,埋蔵文化財包蔵地,5,139.6006302,35.53100869,港北区NO.104,港北区,港北区NO.104,埋蔵文化財包蔵地,,[],畑地,港北区,新羽町4263付近,縄文(中期),113,包含地,台地上,70×20,,,
1050-1430,1050,1430,埋蔵文化財包蔵地,港北区NO.105,港北区NO.105,港北区NO.105,新羽町4310付近,集落跡・貝塚,畑地,台地上・斜面,550×200,縄文(早・前・中期),114,139.602840955,35.53216806,JsonThemeAroundPoint:x/y,139.602999670548,35.5324507340918,9968.14188597476,1,12,1050-1430,0,埋蔵文化財包蔵地,5,139.602840955,35.53216806,港北区NO.105,港北区,港北区NO.105,埋蔵文化財包蔵地,,[],畑地,港北区,新羽町4310付近,縄文(早・前・中期),114,集落跡・貝塚,台地上・斜面,550×200,,,
1027-1430,1027,1430,埋蔵文化財包蔵地,港北区NO.106,港北区NO.106,港北区NO.106,新羽町4400付近,散布地,畑地,台地上,150×120,縄文(前・中期)・平安,115,139.605709535,35.5338589,JsonThemeAroundPoint:x/y,139.605715166076,35.533881130519,10068.6590956199,1,12,1027-1430,0,埋蔵文化財包蔵地,5,139.605709535,35.5338589,港北区NO.106,港北区,港北区NO.106,埋蔵文化財包蔵地,,[],畑地,港北区,新羽町4400付近,縄文(前・中期)・平安,115,散布地,台地上,150×120,,,
1025-1430,1025,1430,埋蔵文化財包蔵地,港北区NO.108,港北区NO.108,港北区NO.108,新羽町3855付近,散布地,畑地,台地上,100×80,縄文(早・中期)・古墳,117,139.60751891,35.53167817,JsonThemeAroundPoint:x/y,139.607583418296,35.5317223879275,9789.46670928264,1,12,1025-1430,0,埋蔵文化財包蔵地,5,139.60751891,35.53167817,港北区NO.108,港北区,港北区NO.108,埋蔵文化財包蔵地,,[],畑地,港北区,新羽町3855付近,縄文(早・中期)・古墳,117,散布地,台地上,100×80,,,
1024-1430,1024,1430,埋蔵文化財包蔵地,港北区NO.109,港北区NO.109,港北区NO.109,新羽町3917付近,集落跡,神社境内・畑地,台地上,100×60,縄文(早期)・弥生(中期),118,139.60658828,35.530842225,JsonThemeAroundPoint:x/y,139.606525162695,35.5308080872899,9724.38213488699,1,12,1024-1430,0,埋蔵文化財包蔵地,5,139.60658828,35.530842225,港北区NO.109,港北区,港北区NO.109,埋蔵文化財包蔵地,,[],神社境内・畑地,港北区,新羽町3917付近,縄文(早期)・弥生(中期),118,集落跡,台地上,100×60,,,
986-1430,986,1430,埋蔵文化財包蔵地,港北区NO.11,港北区NO.11,港北区NO.11,下田町五丁目13付近,散布地,宅地,斜面下,,縄文(早期)・古墳以降,11,139.628155895,35.552712725,JsonThemeAroundPoint:x/y,139.628158305372,35.5526795579124,11770.3887963907,1,12,986-1430,0,埋蔵文化財包蔵地,5,139.628155895,35.552712725,港北区NO.11,港北区,港北区NO.11,埋蔵文化財包蔵地,,[],宅地,港北区,下田町五丁目13付近,縄文(早期)・古墳以降,11,散布地,斜面下,,,,
1023-1430,1023,1430,埋蔵文化財包蔵地,港北区NO.110,港北区NO.110,港北区NO.110,新羽町3930付近,散布地,畑地・宅地,台地斜面・低地,130×50,縄文(中期)・弥生(後期),119,139.606637425,35.53003688,JsonThemeAroundPoint:x/y,139.60663611254,35.5300883346333,9637.38405347675,1,12,1023-1430,0,埋蔵文化財包蔵地,5,139.606637425,35.53003688,港北区NO.110,港北区,港北区NO.110,埋蔵文化財包蔵地,,[],畑地・宅地,港北区,新羽町3930付近,縄文(中期)・弥生(後期),119,散布地,台地斜面・低地,130×50,,,
1020-1430,1020,1430,埋蔵文化財包蔵地,港北区NO.111,港北区NO.111,港北区NO.111,新羽町4198付近,散布地・貝塚,畑地,台地上,150×60,縄文(早・前・中期)・弥生(後期)・古墳,120,139.603814445,35.52915716,JsonThemeAroundPoint:x/y,139.603862673845,35.5290918053475,9622.53763835896,1,12,1020-1430,0,埋蔵文化財包蔵地,5,139.603814445,35.52915716,港北区NO.111,港北区,港北区NO.111,埋蔵文化財包蔵地,,[],畑地,港北区,新羽町4198付近,縄文(早・前・中期)・弥生(後期)・古墳,120,散布地・貝塚,台地上,150×60,,,
1049-1430,1049,1430,埋蔵文化財包蔵地,港北区NO.112,港北区NO.112,港北区NO.112,新羽町4173付近,散布地,畑地,台地上・斜面,,縄文(早・前・中期)・古墳・歴史,121,139.603384025,35.527350825,JsonThemeAroundPoint:x/y,139.603203628175,35.5273948305845,9445.14220681225,1,12,1049-1430,0,埋蔵文化財包蔵地,5,139.603384025,35.527350825,港北区NO.112,港北区,港北区NO.112,埋蔵文化財包蔵地,,[],畑地,港北区,新羽町4173付近,縄文(早・前・中期)・古墳・歴史,121,散布地,台地上・斜面,,,,
1021-1430,1021,1430,埋蔵文化財包蔵地,港北区NO.113,港北区NO.113,港北区NO.113,新羽町3957付近,散布地,雑木林・荒地,台地上,130×50,縄文(早・前・中・後期)・歴史,122,139.606055555,35.52822566,JsonThemeAroundPoint:x/y,139.606012403011,35.5282734127186,9460.77315370832,1,12,1021-1430,0,埋蔵文化財包蔵地,5,139.606055555,35.52822566,港北区NO.113,港北区,港北区NO.113,埋蔵文化財包蔵地,,[],雑木林・荒地,港北区,新羽町3957付近,縄文(早・前・中・後期)・歴史,122,散布地,台地上,130×50,,,
1022-1430,1022,1430,埋蔵文化財包蔵地,港北区NO.114,港北区NO.114,港北区NO.114,新羽町3986付近,散布地,畑地・雑木林,台地上,110×60,縄文(早・前・中期)・歴史,123,139.60734803,35.52867168,JsonThemeAroundPoint:x/y,139.607376701135,35.5286223740189,9473.3312614014,1,12,1022-1430,0,埋蔵文化財包蔵地,5,139.60734803,35.52867168,港北区NO.114,港北区,港北区NO.114,埋蔵文化財包蔵地,,[],畑地・雑木林,港北区,新羽町3986付近,縄文(早・前・中期)・歴史,123,散布地,台地上,110×60,,,
1048-1430,1048,1430,埋蔵文化財包蔵地,港北区NO.115,港北区NO.115,港北区NO.115,新羽町4064付近,散布地,雑木林,台地上,80×70,縄文(早・前・中期)・古墳・歴史,124,139.604754465,35.52677149,JsonThemeAroundPoint:x/y,139.604830242552,35.526754026975,9343.83672011828,1,12,1048-1430,0,埋蔵文化財包蔵地,5,139.604754465,35.52677149,港北区NO.115,港北区,港北区NO.115,埋蔵文化財包蔵地,,[],雑木林,港北区,新羽町4064付近,縄文(早・前・中期)・古墳・歴史,124,散布地,台地上,80×70,,,
1047-1430,1047,1430,埋蔵文化財包蔵地,港北区NO.116,港北区NO.116,港北区NO.116,新羽町4076付近,散布地,雑木林・畑地,台地上,90×50,縄文(中期),125,139.605416445,35.52598108,JsonThemeAroundPoint:x/y,139.605474241454,35.5259574601544,9241.37654882536,1,12,1047-1430,0,埋蔵文化財包蔵地,5,139.605416445,35.52598108,港北区NO.116,港北区,港北区NO.116,埋蔵文化財包蔵地,,[],雑木林・畑地,港北区,新羽町4076付近,縄文(中期),125,散布地,台地上,90×50,,,
1046-1430,1046,1430,埋蔵文化財包蔵地,港北区NO.117,港北区NO.117,港北区NO.117,新羽町4091付近,散布地,畑地,低地,150×80,縄文・古墳,126,139.60454253,35.525469805,JsonThemeAroundPoint:x/y,139.604581539829,35.5254142264529,9213.0199207576,1,12,1046-1430,0,埋蔵文化財包蔵地,5,139.60454253,35.525469805,港北区NO.117,港北区,港北区NO.117,埋蔵文化財包蔵地,,[],畑地,港北区,新羽町4091付近,縄文・古墳,126,散布地,低地,150×80,,,
1042-1430,1042,1430,埋蔵文化財包蔵地,港北区NO.118,港北区NO.118,港北区NO.118,新羽町2524付近,集落跡,畑地,台地上,150×80,縄文(前・中期)・弥生(中・後期)・平安・中近世,127,139.60937431,35.52663545,JsonThemeAroundPoint:x/y,139.609402744621,35.5265617140299,9203.84764221085,1,12,1042-1430,0,埋蔵文化財包蔵地,5,139.60937431,35.52663545,港北区NO.118,港北区,港北区NO.118,埋蔵文化財包蔵地,,[],畑地,港北区,新羽町2524付近,縄文(前・中期)・弥生(中・後期)・平安・中近世,127,集落跡,台地上,150×80,,,
1043-1430,1043,1430,埋蔵文化財包蔵地,港北区NO.119,港北区NO.119,港北区NO.119,新羽町2483付近,散布地,畑地,台地上,150×100,縄文(前・中・後期)・古墳・歴史,128,139.60843518,35.525479315,JsonThemeAroundPoint:x/y,139.608397668625,35.525391310255,9104.89770155617,1,12,1043-1430,0,埋蔵文化財包蔵地,5,139.60843518,35.525479315,港北区NO.119,港北区,港北区NO.119,埋蔵文化財包蔵地,,[],畑地,港北区,新羽町2483付近,縄文(前・中・後期)・古墳・歴史,128,散布地,台地上,150×100,,,
952-1430,952,1430,埋蔵文化財包蔵地,港北区NO.12,港北区NO.12,港北区NO.12,下田町三丁目15付近,包含地,宅地・畑地,台地上,130×100,縄文(前・中・後期),5,139.63553383,35.556572775,JsonThemeAroundPoint:x/y,139.635521695439,35.5565817692152,12169.2903633581,1,12,952-1430,0,埋蔵文化財包蔵地,5,139.63553383,35.556572775,港北区NO.12,港北区,港北区NO.12,埋蔵文化財包蔵地,,[],宅地・畑地,港北区,下田町三丁目15付近,縄文(前・中・後期),5,包含地,台地上,130×100,,,
1045-1430,1045,1430,埋蔵文化財包蔵地,港北区NO.120,港北区NO.120,港北区NO.120,新羽町2469付近,散布地,荒地・駐車場,台地上,130×80,縄文(中期)・弥生(後期)・歴史,129,139.606846895,35.524684875,JsonThemeAroundPoint:x/y,139.60684502325,35.5246349528355,9063.84305623214,1,12,1045-1430,0,埋蔵文化財包蔵地,5,139.606846895,35.524684875,港北区NO.120,港北区,港北区NO.120,埋蔵文化財包蔵地,,[],荒地・駐車場,港北区,新羽町2469付近,縄文(中期)・弥生(後期)・歴史,129,散布地,台地上,130×80,,,
1051-1430,1051,1430,埋蔵文化財包蔵地,港北区NO.125,港北区NO.125,港北区NO.125,新羽町2277付近,散布地,雑木林・畑地,台地上,150×50,縄文(中期)・古墳,134,139.60911826,35.52208166,JsonThemeAroundPoint:x/y,139.609101290298,35.522124096002,8725.46045031974,1,12,1051-1430,0,埋蔵文化財包蔵地,5,139.60911826,35.52208166,港北区NO.125,港北区,港北区NO.125,埋蔵文化財包蔵地,,[],雑木林・畑地,港北区,新羽町2277付近,縄文(中期)・古墳,134,散布地,台地上,150×50,,,
1069-1430,1069,1430,埋蔵文化財包蔵地,港北区NO.126,港北区NO.126,港北区NO.126,箕輪町一丁目11付近,散布地・古墳,宅地・雑木林,台地上,180×130,縄文(早期)・弥生(後期)・古墳,82,139.65163419,35.544242085,JsonThemeAroundPoint:x/y,139.651594667029,35.5442769837643,10868.9576614117,1,12,1069-1430,0,埋蔵文化財包蔵地,5,139.65163419,35.544242085,港北区NO.126,港北区,港北区NO.126,埋蔵文化財包蔵地,,[],宅地・雑木林,港北区,箕輪町一丁目11付近,縄文(早期)・弥生(後期)・古墳,82,散布地・古墳,台地上,180×130,,,
1068-1430,1068,1430,埋蔵文化財包蔵地,港北区NO.127,港北区NO.127,港北区NO.127,箕輪町一丁目30付近,集落跡,宅地,台地上,130×100,弥生(後期),83,139.650372335,35.54391464,JsonThemeAroundPoint:x/y,139.65032258458,35.5437923380186,10820.0917081889,1,12,1068-1430,0,埋蔵文化財包蔵地,5,139.650372335,35.54391464,港北区NO.127,港北区,港北区NO.127,埋蔵文化財包蔵地,,[],宅地,港北区,箕輪町一丁目30付近,弥生(後期),83,集落跡,台地上,130×100,,,
953-1430,953,1430,埋蔵文化財包蔵地,港北区NO.13,港北区NO.13,港北区NO.13,下田町三丁目7付近,散布地,宅地・畑地,台地上,300×130,縄文(中・後期),6,139.637408185,35.556828475,JsonThemeAroundPoint:x/y,139.637275283968,35.5568889585861,12196.1151663833,1,12,953-1430,0,埋蔵文化財包蔵地,5,139.637408185,35.556828475,港北区NO.13,港北区,港北区NO.13,埋蔵文化財包蔵地,,[],宅地・畑地,港北区,下田町三丁目7付近,縄文(中・後期),6,散布地,台地上,300×130,,,
1053-1430,1053,1430,埋蔵文化財包蔵地,港北区NO.130,港北区NO.130,港北区NO.130,新吉田町1156付近,集落跡,畑地・宅地,台地上,170×140,縄文(早・中期)・弥生(後期)・奈良・平安,39,139.62503164,35.54042578,JsonThemeAroundPoint:x/y,139.625043268171,35.540460523826,10435.2243257636,1,12,1053-1430,0,埋蔵文化財包蔵地,5,139.62503164,35.54042578,港北区NO.130,港北区,港北区NO.130,埋蔵文化財包蔵地,,[],畑地・宅地,港北区,新吉田町1156付近,縄文(早・中期)・弥生(後期)・奈良・平安,39,集落跡,台地上,170×140,,,
1054-1430,1054,1430,埋蔵文化財包蔵地,港北区NO.132,港北区NO.132,港北区NO.132,新吉田町1261付近,貝塚,宅地,台地上,90×70,(不明),41,139.626698515,35.540041515,JsonThemeAroundPoint:x/y,139.626851829636,35.5400298309328,10377.0692327374,1,12,1054-1430,0,埋蔵文化財包蔵地,5,139.626698515,35.540041515,港北区NO.132,港北区,港北区NO.132,埋蔵文化財包蔵地,,[],宅地,港北区,新吉田町1261付近,(不明),41,貝塚,台地上,90×70,,,
1055-1430,1055,1430,埋蔵文化財包蔵地,港北区NO.133,港北区NO.133,港北区NO.133,新吉田町1223付近,貝塚,宅地,台地上・低地,,縄文(前期)・古墳以降,42,139.627569125,35.53954785,JsonThemeAroundPoint:x/y,139.62753278364,35.5395257968023,10315.0513488503,1,12,1055-1430,0,埋蔵文化財包蔵地,5,139.627569125,35.53954785,港北区NO.133,港北区,港北区NO.133,埋蔵文化財包蔵地,,[],宅地,港北区,新吉田町1223付近,縄文(前期)・古墳以降,42,貝塚,台地上・低地,,,,
1059-1430,1059,1430,埋蔵文化財包蔵地,港北区NO.136,港北区NO.136,港北区NO.136,綱島台1付近,散布地,公園,台地上,320×80,縄文(前・後期)・弥生(後期)・歴史,145,139.638748295,35.53709466,JsonThemeAroundPoint:x/y,139.638658225817,35.5369414025738,10001.1902597088,1,12,1059-1430,0,埋蔵文化財包蔵地,5,139.638748295,35.53709466,港北区NO.136,港北区,港北区NO.136,埋蔵文化財包蔵地,,[],公園,港北区,綱島台1付近,縄文(前・後期)・弥生(後期)・歴史,145,散布地,台地上,320×80,,,
1057-1430,1057,1430,埋蔵文化財包蔵地,港北区NO.138,港北区NO.138,港北区NO.138,綱島東二丁目10-1付近,散布地,雑木林,台地上,140×80,古墳以降,147,139.641165475,35.53479084,JsonThemeAroundPoint:x/y,139.641066544943,35.5347311818196,9749.40288193318,1,12,1057-1430,0,埋蔵文化財包蔵地,5,139.641165475,35.53479084,港北区NO.138,港北区,港北区NO.138,埋蔵文化財包蔵地,,[],雑木林,港北区,綱島東二丁目10-1付近,古墳以降,147,散布地,台地上,140×80,,,
2316-1430,2316,1430,埋蔵文化財包蔵地,港北区NO.139,港北区NO.139,港北区NO.139,綱島西一丁目16付近,横穴墓,雑木林,崖,,古墳(後期),148,139.636519835,35.535029725,JsonThemeAroundPoint:x/y,139.636514392722,35.535027282631,9771.70648629411,1,12,2316-1430,0,埋蔵文化財包蔵地,5,139.636519835,35.535029725,港北区NO.139,港北区,港北区NO.139,埋蔵文化財包蔵地,,[],雑木林,港北区,綱島西一丁目16付近,古墳(後期),148,横穴墓,崖,,,,
959-1430,959,1430,埋蔵文化財包蔵地,港北区NO.14,港北区NO.14,港北区NO.14,下田町四丁目10付近,包含地,宅地・学校,台地上,370×250,先土器・縄文(草創・早・前期)・古墳以降,44,139.633981805,35.553891875,JsonThemeAroundPoint:x/y,139.634097975938,35.5537799196471,11874.3093399073,1,12,959-1430,0,埋蔵文化財包蔵地,5,139.633981805,35.553891875,港北区NO.14,港北区,港北区NO.14,埋蔵文化財包蔵地,,[],宅地・学校,港北区,下田町四丁目10付近,先土器・縄文(草創・早・前期)・古墳以降,44,包含地,台地上,370×250,,,
1056-1430,1056,1430,埋蔵文化財包蔵地,港北区NO.140,港北区NO.140,港北区NO.140,綱島西一丁目14付近,貝塚,宅地,台地上,,縄文(前期),149,139.63553541,35.534709385,JsonThemeAroundPoint:x/y,139.635549388146,35.5346772353453,9737.5043592444,1,12,1056-1430,0,埋蔵文化財包蔵地,5,139.63553541,35.534709385,港北区NO.140,港北区,港北区NO.140,埋蔵文化財包蔵地,,[],宅地,港北区,綱島西一丁目14付近,縄文(前期),149,貝塚,台地上,,,,
1061-1430,1061,1430,埋蔵文化財包蔵地,港北区NO.141,港北区NO.141,港北区NO.141,太尾町2182付近,集落跡,畑地・公園,台地上,300×170,縄文(早・前期)・弥生(中・後期)・古墳・平安・中近世,140,139.625314815,35.528991245,JsonThemeAroundPoint:x/y,139.625348525674,35.5291666572387,9168.85901241607,1,12,1061-1430,0,埋蔵文化財包蔵地,5,139.625314815,35.528991245,港北区NO.141,港北区,港北区NO.141,埋蔵文化財包蔵地,,[],畑地・公園,港北区,太尾町2182付近,縄文(早・前期)・弥生(中・後期)・古墳・平安・中近世,140,集落跡,台地上,300×170,,,
1062-1430,1062,1430,埋蔵文化財包蔵地,港北区NO.142,港北区NO.142,港北区NO.142,大曽根台619付近,散布地,雑木林・宅地,台地上,120×60,縄文,141,139.628739265,35.52665632,JsonThemeAroundPoint:x/y,139.628703955706,35.5266378175835,8877.22268161678,1,12,1062-1430,0,埋蔵文化財包蔵地,5,139.628739265,35.52665632,港北区NO.142,港北区,港北区NO.142,埋蔵文化財包蔵地,,[],雑木林・宅地,港北区,大曽根台619付近,縄文,141,散布地,台地上,120×60,,,
1063-1430,1063,1430,埋蔵文化財包蔵地,港北区NO.143,港北区NO.143,港北区NO.143,大曽根台21付近,散布地,畑地・荒地,台地上,150×80,縄文(中期)・弥生(後期),142,139.629148475,35.524984135,JsonThemeAroundPoint:x/y,139.629193256011,35.5249443498761,8688.59958844401,1,12,1063-1430,0,埋蔵文化財包蔵地,5,139.629148475,35.524984135,港北区NO.143,港北区,港北区NO.143,埋蔵文化財包蔵地,,[],畑地・荒地,港北区,大曽根台21付近,縄文(中期)・弥生(後期),142,散布地,台地上,150×80,,,
1064-1430,1064,1430,埋蔵文化財包蔵地,港北区NO.144,港北区NO.144,港北区NO.144,太尾町1691付近,墓地,擁壁,崖,,中世,143,139.62603448,35.524405755,JsonThemeAroundPoint:x/y,139.626007061414,35.5243930277297,8654.59687404598,1,12,1064-1430,0,埋蔵文化財包蔵地,5,139.62603448,35.524405755,港北区NO.144,港北区,港北区NO.144,埋蔵文化財包蔵地,,[],擁壁,港北区,太尾町1691付近,中世,143,墓地,崖,,,,
1067-1430,1067,1430,埋蔵文化財包蔵地,港北区NO.146,港北区NO.146,港北区NO.146,師岡町943付近,集落跡,畑地・荒地,台地上,240×130,縄文(中期)・弥生(中・後期)・古墳,150,139.64412459,35.52302693,JsonThemeAroundPoint:x/y,139.644084289983,35.5231246588423,8455.56080576908,1,12,1067-1430,0,埋蔵文化財包蔵地,5,139.64412459,35.52302693,港北区NO.146,港北区,港北区NO.146,埋蔵文化財包蔵地,,[],畑地・荒地,港北区,師岡町943付近,縄文(中期)・弥生(中・後期)・古墳,150,集落跡,台地上,240×130,,,
1066-1430,1066,1430,埋蔵文化財包蔵地,港北区NO.147,港北区NO.147,港北区NO.147,師岡町1004付近,散布地,畑地,台地斜面,130×50,奈良・平安,151,139.64158856,35.5227777,JsonThemeAroundPoint:x/y,139.641494257422,35.5227293773788,8415.27517796605,1,12,1066-1430,0,埋蔵文化財包蔵地,5,139.64158856,35.5227777,港北区NO.147,港北区,港北区NO.147,埋蔵文化財包蔵地,,[],畑地,港北区,師岡町1004付近,奈良・平安,151,散布地,台地斜面,130×50,,,
1065-1430,1065,1430,埋蔵文化財包蔵地,港北区NO.148,港北区NO.148,港北区NO.148,樽町一丁目8付近,散布地,宅地,台地上,,縄文・弥生(後期),152,139.63998372,35.52264909,JsonThemeAroundPoint:x/y,139.640016632609,35.5226176011622,8396.21835212756,1,12,1065-1430,0,埋蔵文化財包蔵地,5,139.63998372,35.52264909,港北区NO.148,港北区,港北区NO.148,埋蔵文化財包蔵地,,[],宅地,港北区,樽町一丁目8付近,縄文・弥生(後期),152,散布地,台地上,,,,
1070-1430,1070,1430,埋蔵文化財包蔵地,港北区NO.149,港北区NO.149,港北区NO.149,新羽町2319付近,包含地,畑地,台地斜面,70×50,弥生(後期)・古墳・歴史,135,139.60911069,35.52074887,JsonThemeAroundPoint:x/y,139.609082055309,35.5207175994224,8584.22323354453,1,12,1070-1430,0,埋蔵文化財包蔵地,5,139.60911069,35.52074887,港北区NO.149,港北区,港北区NO.149,埋蔵文化財包蔵地,,[],畑地,港北区,新羽町2319付近,弥生(後期)・古墳・歴史,135,包含地,台地斜面,70×50,,,
958-1430,958,1430,埋蔵文化財包蔵地,港北区NO.15,港北区NO.15,港北区NO.15,日吉本町六丁目32付近,集落跡,宅地,台地上,,縄文(早・前・中期)・古墳以降,45,139.633364875,35.55208804,JsonThemeAroundPoint:x/y,139.633415511975,35.5520291099387,11675.495977361,1,12,958-1430,0,埋蔵文化財包蔵地,5,139.633364875,35.55208804,港北区NO.15,港北区,港北区NO.15,埋蔵文化財包蔵地,,[],宅地,港北区,日吉本町六丁目32付近,縄文(早・前・中期)・古墳以降,45,集落跡,台地上,,,,
1071-1430,1071,1430,埋蔵文化財包蔵地,港北区NO.150,港北区NO.150,港北区NO.150,新羽町1481付近,散布地,畑地,台地上,110×80,縄文・弥生(後期)・奈良・平安,136,139.61015194,35.52074287,JsonThemeAroundPoint:x/y,139.610103879195,35.5207415940938,8555.52445867402,1,12,1071-1430,0,埋蔵文化財包蔵地,5,139.61015194,35.52074287,港北区NO.150,港北区,港北区NO.150,埋蔵文化財包蔵地,,[],畑地,港北区,新羽町1481付近,縄文・弥生(後期)・奈良・平安,136,散布地,台地上,110×80,,,
1072-1430,1072,1430,埋蔵文化財包蔵地,港北区NO.151,港北区NO.151,港北区NO.151,新羽町2225付近,散布地,畑地・荒地,台地上,80×60,縄文(早・前・中期)・古墳・歴史,137,139.611468065,35.52135295,JsonThemeAroundPoint:x/y,139.611356375276,35.5213154092576,8586.60082025718,1,12,1072-1430,0,埋蔵文化財包蔵地,5,139.611468065,35.52135295,港北区NO.151,港北区,港北区NO.151,埋蔵文化財包蔵地,,[],畑地・荒地,港北区,新羽町2225付近,縄文(早・前・中期)・古墳・歴史,137,散布地,台地上,80×60,,,
1073-1430,1073,1430,埋蔵文化財包蔵地,港北区NO.152,港北区NO.152,港北区NO.152,新羽町2323付近,散布地,宅地・畑地・雑木林,台地上・斜面,150×50,縄文(前期)・古墳・歴史,138,139.609898695,35.52003063,JsonThemeAroundPoint:x/y,139.609872672211,35.520061725552,8486.58264058452,1,12,1073-1430,0,埋蔵文化財包蔵地,5,139.609898695,35.52003063,港北区NO.152,港北区,港北区NO.152,埋蔵文化財包蔵地,,[],宅地・畑地・雑木林,港北区,新羽町2323付近,縄文(前期)・古墳・歴史,138,散布地,台地上・斜面,150×50,,,
1074-1430,1074,1430,埋蔵文化財包蔵地,港北区NO.154,港北区NO.154,港北区NO.154,新羽町1543付近,集落跡・貝塚,学校,台地上,200×100,縄文(早・前・中・後期)・弥生(中・後期)・古墳・歴史,163,139.61133544,35.519309815,JsonThemeAroundPoint:x/y,139.611590059251,35.5190761369424,8371.89910985697,1,12,1074-1430,0,埋蔵文化財包蔵地,5,139.61133544,35.519309815,港北区NO.154,港北区,港北区NO.154,埋蔵文化財包蔵地,,[],学校,港北区,新羽町1543付近,縄文(早・前・中・後期)・弥生(中・後期)・古墳・歴史,163,集落跡・貝塚,台地上,200×100,,,
1075-1430,1075,1430,埋蔵文化財包蔵地,港北区NO.155,港北区NO.155,港北区NO.155,新羽町1556付近,散布地,雑木林,台地上・斜面,110×50,縄文,164,139.61137499,35.518371225,JsonThemeAroundPoint:x/y,139.611371141824,35.5183463445404,8270.86283757153,1,12,1075-1430,0,埋蔵文化財包蔵地,5,139.61137499,35.518371225,港北区NO.155,港北区,港北区NO.155,埋蔵文化財包蔵地,,[],雑木林,港北区,新羽町1556付近,縄文,164,散布地,台地上・斜面,110×50,,,
1076-1430,1076,1430,埋蔵文化財包蔵地,港北区NO.156,港北区NO.156,港北区NO.156,新羽町1441付近,散布地,宅地・畑地,低台地上,90×70,縄文(中期)・弥生・古墳・歴史,165,139.610634815,35.51783328,JsonThemeAroundPoint:x/y,139.610491098332,35.5177960768176,8233.36360114624,1,12,1076-1430,0,埋蔵文化財包蔵地,5,139.610634815,35.51783328,港北区NO.156,港北区,港北区NO.156,埋蔵文化財包蔵地,,[],宅地・畑地,港北区,新羽町1441付近,縄文(中期)・弥生・古墳・歴史,165,散布地,低台地上,90×70,,,
1077-1430,1077,1430,埋蔵文化財包蔵地,港北区NO.157,港北区NO.157,港北区NO.157,新羽町1426付近,散布地,畑地,台地上,130×40,縄文(早・前・中期)・弥生(後期)・古墳・歴史,166,139.60971603,35.517939495,JsonThemeAroundPoint:x/y,139.609758227407,35.5179317833718,8269.84298652926,1,12,1077-1430,0,埋蔵文化財包蔵地,5,139.60971603,35.517939495,港北区NO.157,港北区,港北区NO.157,埋蔵文化財包蔵地,,[],畑地,港北区,新羽町1426付近,縄文(早・前・中期)・弥生(後期)・古墳・歴史,166,散布地,台地上,130×40,,,
1078-1430,1078,1430,埋蔵文化財包蔵地,港北区NO.158,港北区NO.158,港北区NO.158,新羽町1413付近,散布地,学校,低台地上,140×50,縄文・古墳・歴史,167,139.608805265,35.51782983,JsonThemeAroundPoint:x/y,139.608841098614,35.5178130224168,8284.00093947248,1,12,1078-1430,0,埋蔵文化財包蔵地,5,139.608805265,35.51782983,港北区NO.158,港北区,港北区NO.158,埋蔵文化財包蔵地,,[],学校,港北区,新羽町1413付近,縄文・古墳・歴史,167,散布地,低台地上,140×50,,,
1079-1430,1079,1430,埋蔵文化財包蔵地,港北区NO.159,港北区NO.159,港北区NO.159,新羽町1348付近,集落跡,学校,台地上・斜面,180×180,先土器・縄文(早・前・中期)・弥生(中・後期)・古墳(前期)・奈良・平安,168,139.608117605,35.517079685,JsonThemeAroundPoint:x/y,139.608128450021,35.5169627231195,8225.02550796582,1,12,1079-1430,0,埋蔵文化財包蔵地,5,139.608117605,35.517079685,港北区NO.159,港北区,港北区NO.159,埋蔵文化財包蔵地,,[],学校,港北区,新羽町1348付近,先土器・縄文(早・前・中期)・弥生(中・後期)・古墳(前期)・奈良・平安,168,集落跡,台地上・斜面,180×180,,,
991-1430,991,1430,埋蔵文化財包蔵地,港北区NO.16,港北区NO.16,港北区NO.16,高田東三丁目20付近,散布地・集落跡・貝塚・古墳・墓地,宅地・畑地,台地上,,縄文(早・前・中期)・弥生(後期)・古墳・古墳以降,13,139.625640755,35.548596095,JsonThemeAroundPoint:x/y,139.625763553724,35.5485727629725,11333.5352456225,1,12,991-1430,0,埋蔵文化財包蔵地,5,139.625640755,35.548596095,港北区NO.16,港北区,港北区NO.16,埋蔵文化財包蔵地,,[],宅地・畑地,港北区,高田東三丁目20付近,縄文(早・前・中期)・弥生(後期)・古墳・古墳以降,13,散布地・集落跡・貝塚・古墳・墓地,台地上,,,,
1080-1430,1080,1430,埋蔵文化財包蔵地,港北区NO.160,港北区NO.160,港北区NO.160,新羽町1008付近,散布地,畑地,台地上・斜面,60×50,縄文(前期),169,139.610140525,35.51702475,JsonThemeAroundPoint:x/y,139.610150984622,35.517036103607,8161.18611682797,1,12,1080-1430,0,埋蔵文化財包蔵地,5,139.610140525,35.51702475,港北区NO.160,港北区,港北区NO.160,埋蔵文化財包蔵地,,[],畑地,港北区,新羽町1008付近,縄文(前期),169,散布地,台地上・斜面,60×50,,,
1081-1430,1081,1430,埋蔵文化財包蔵地,港北区NO.161,港北区NO.161,港北区NO.161,新羽町1357付近,集落跡,畑地・宅地,台地上,90×60,縄文(前期)・弥生(後期)・古墳(後期),170,139.60858342,35.51595948,JsonThemeAroundPoint:x/y,139.608572673646,35.5159264934682,8093.45431402318,1,12,1081-1430,0,埋蔵文化財包蔵地,5,139.60858342,35.51595948,港北区NO.161,港北区,港北区NO.161,埋蔵文化財包蔵地,,[],畑地・宅地,港北区,新羽町1357付近,縄文(前期)・弥生(後期)・古墳(後期),170,集落跡,台地上,90×60,,,
1082-1430,1082,1430,埋蔵文化財包蔵地,港北区NO.162,港北区NO.162,港北区NO.162,新羽町1041付近,散布地,畑地,台地上,130×60,弥生(後期),171,139.61023701,35.515306215,JsonThemeAroundPoint:x/y,139.610236211958,35.5153100451476,7976.69300376953,1,12,1082-1430,0,埋蔵文化財包蔵地,5,139.61023701,35.515306215,港北区NO.162,港北区,港北区NO.162,埋蔵文化財包蔵地,,[],畑地,港北区,新羽町1041付近,弥生(後期),171,散布地,台地上,130×60,,,
1083-1430,1083,1430,埋蔵文化財包蔵地,港北区NO.163,港北区NO.163,港北区NO.163,新羽町976付近,散布地,畑地,台地上,150×80,先土器・縄文・弥生・古墳・歴史,172,139.61166365,35.515559775,JsonThemeAroundPoint:x/y,139.611663467073,35.5155258744393,7964.15737283567,1,12,1083-1430,0,埋蔵文化財包蔵地,5,139.61166365,35.515559775,港北区NO.163,港北区,港北区NO.163,埋蔵文化財包蔵地,,[],畑地,港北区,新羽町976付近,先土器・縄文・弥生・古墳・歴史,172,散布地,台地上,150×80,,,
1088-1430,1088,1430,埋蔵文化財包蔵地,港北区NO.164,港北区NO.164,港北区NO.164,新羽町1386付近,散布地,荒地,台地上・斜面,60×50,(不明),173,139.610002865,35.51429519,JsonThemeAroundPoint:x/y,139.609976983055,35.5142805564123,7876.68571415612,1,12,1088-1430,0,埋蔵文化財包蔵地,5,139.610002865,35.51429519,港北区NO.164,港北区,港北区NO.164,埋蔵文化財包蔵地,,[],荒地,港北区,新羽町1386付近,(不明),173,散布地,台地上・斜面,60×50,,,
1087-1430,1087,1430,埋蔵文化財包蔵地,港北区NO.165,港北区NO.165,港北区NO.165,新羽町1049付近,古墳,宅地,台地上,"D-30,H-5",古墳,174,139.610626795,35.51391532,JsonThemeAroundPoint:x/y,139.610627080166,35.5139153184981,7818.68857100644,1,12,1087-1430,0,埋蔵文化財包蔵地,5,139.610626795,35.51391532,港北区NO.165,港北区,港北区NO.165,埋蔵文化財包蔵地,,[],宅地,港北区,新羽町1049付近,古墳,174,古墳,台地上,"D-30,H-5",,,
1084-1430,1084,1430,埋蔵文化財包蔵地,港北区NO.166,港北区NO.166,港北区NO.166,新羽町1054付近,古墳・包含地・城跡,宅地,台地上,150×150,縄文(早期)・弥生(中・後期)・古墳・平安・中世,175,139.611701975,35.514157115,JsonThemeAroundPoint:x/y,139.611786604263,35.5141771419793,7814.23972374877,1,12,1084-1430,0,埋蔵文化財包蔵地,5,139.611701975,35.514157115,港北区NO.166,港北区,港北区NO.166,埋蔵文化財包蔵地,,[],宅地,港北区,新羽町1054付近,縄文(早期)・弥生(中・後期)・古墳・平安・中世,175,古墳・包含地・城跡,台地上,150×150,,,
1085-1430,1085,1430,埋蔵文化財包蔵地,港北区NO.167,港北区NO.167,港北区NO.167,新羽町1080付近,包含地,宅地・畑地,低台地上,120×50,平安,176,139.611387715,35.51316457,JsonThemeAroundPoint:x/y,139.61130978476,35.5131409262824,7717.82490656547,1,12,1085-1430,0,埋蔵文化財包蔵地,5,139.611387715,35.51316457,港北区NO.167,港北区,港北区NO.167,埋蔵文化財包蔵地,,[],宅地・畑地,港北区,新羽町1080付近,平安,176,包含地,低台地上,120×50,,,
1089-1430,1089,1430,埋蔵文化財包蔵地,港北区NO.168,港北区NO.168,港北区NO.168,小机町737付近,散布地・城跡・塚,公園・畑地,台地上・斜面,450×150,弥生・歴史・中近世,177,139.59696896,35.509157355,JsonThemeAroundPoint:x/y,139.597061173202,35.5090190753277,7821.27513836281,1,12,1089-1430,0,埋蔵文化財包蔵地,5,139.59696896,35.509157355,港北区NO.168,港北区,港北区NO.168,埋蔵文化財包蔵地,,[],公園・畑地,港北区,小机町737付近,弥生・歴史・中近世,177,散布地・城跡・塚,台地上・斜面,450×150,,,
1091-1430,1091,1430,埋蔵文化財包蔵地,港北区NO.169,港北区NO.169,港北区NO.169,小机町957付近,集落跡・横穴墓,雑木林・墓地・宅地,台地上・崖,130×100,弥生(後期)・古墳・歴史,178,139.597366275,35.50625893,JsonThemeAroundPoint:x/y,139.597500767228,35.5062568828436,7521.06446476665,1,12,1091-1430,0,埋蔵文化財包蔵地,5,139.597366275,35.50625893,港北区NO.169,港北区,港北区NO.169,埋蔵文化財包蔵地,,[],雑木林・墓地・宅地,港北区,小机町957付近,弥生(後期)・古墳・歴史,178,集落跡・横穴墓,台地上・崖,130×100,,,
987-1430,987,1430,埋蔵文化財包蔵地,港北区NO.17,港北区NO.17,港北区NO.17,日吉本町六丁目68付近,墓地,宅地・畑地,台地上,120×90,弥生(後期)・古墳以降,46,139.629716475,35.550255565,JsonThemeAroundPoint:x/y,139.629530557843,35.5502084970997,11487.9747739292,1,12,987-1430,0,埋蔵文化財包蔵地,5,139.629716475,35.550255565,港北区NO.17,港北区,港北区NO.17,埋蔵文化財包蔵地,,[],宅地・畑地,港北区,日吉本町六丁目68付近,弥生(後期)・古墳以降,46,墓地,台地上,120×90,,,
1093-1430,1093,1430,埋蔵文化財包蔵地,港北区NO.170,港北区NO.170,港北区NO.170,小机町1031付近,散布地,荒地,台地上,170×70,縄文(早・中・後期)・弥生(後期),179,139.596498465,35.50337447,JsonThemeAroundPoint:x/y,139.596622757581,35.5033824655733,7282.48328628982,1,12,1093-1430,0,埋蔵文化財包蔵地,5,139.596498465,35.50337447,港北区NO.170,港北区,港北区NO.170,埋蔵文化財包蔵地,,[],荒地,港北区,小机町1031付近,縄文(早・中・後期)・弥生(後期),179,散布地,台地上,170×70,,,
1099-1430,1099,1430,埋蔵文化財包蔵地,港北区NO.172,港北区NO.172,港北区NO.172,鳥山町879付近,散布地・塚,畑地,台地上,250×80,縄文(早・中期)・弥生(後期)・中世～近世,181,139.60310846,35.50203243,JsonThemeAroundPoint:x/y,139.603039078123,35.5020311137126,6860.79192175452,1,12,1099-1430,0,埋蔵文化財包蔵地,5,139.60310846,35.50203243,港北区NO.172,港北区,港北区NO.172,埋蔵文化財包蔵地,,[],畑地,港北区,鳥山町879付近,縄文(早・中期)・弥生(後期)・中世～近世,181,散布地・塚,台地上,250×80,,,
1092-1430,1092,1430,埋蔵文化財包蔵地,港北区NO.173,港北区NO.173,港北区NO.173,小机町109付近,集落跡,畑地・宅地,台地上,900×200,縄文(早・前・中期)・弥生(後期)・古墳(前・後期)・奈良・平安,159,139.589331695,35.50713094,JsonThemeAroundPoint:x/y,139.589297181523,35.5072314032168,7981.90163228587,1,12,1092-1430,0,埋蔵文化財包蔵地,5,139.589331695,35.50713094,港北区NO.173,港北区,港北区NO.173,埋蔵文化財包蔵地,,[],畑地・宅地,港北区,小机町109付近,縄文(早・前・中期)・弥生(後期)・古墳(前・後期)・奈良・平安,159,集落跡,台地上,900×200,,,
1090-1430,1090,1430,埋蔵文化財包蔵地,港北区NO.174,港北区NO.174,港北区NO.174,小机町868付近,散布地,畑地・荒地,台地上,170×80,縄文,160,139.59514905,35.50671726,JsonThemeAroundPoint:x/y,139.595233333606,35.5065806432543,7664.87221106114,1,12,1090-1430,0,埋蔵文化財包蔵地,5,139.59514905,35.50671726,港北区NO.174,港北区,港北区NO.174,埋蔵文化財包蔵地,,[],畑地・荒地,港北区,小机町868付近,縄文,160,散布地,台地上,170×80,,,
1095-1430,1095,1430,埋蔵文化財包蔵地,港北区NO.175,港北区NO.175,港北区NO.175,小机町325付近,包含地,学校,台地上,,弥生(後期),161,139.59035407,35.502076165,JsonThemeAroundPoint:x/y,139.590468348254,35.5020132991524,7464.84422465733,1,12,1095-1430,0,埋蔵文化財包蔵地,5,139.59035407,35.502076165,港北区NO.175,港北区,港北区NO.175,埋蔵文化財包蔵地,,[],学校,港北区,小机町325付近,弥生(後期),161,包含地,台地上,,,,
1094-1430,1094,1430,埋蔵文化財包蔵地,港北区NO.176,港北区NO.176,港北区NO.176,小机町351付近,集落跡,畑地・宅地,台地上,400×130,縄文(中期)・弥生(中・後期)・奈良・平安・中近世,162,139.593975535,35.5020218,JsonThemeAroundPoint:x/y,139.594145829557,35.5020387983497,7275.86852671707,1,12,1094-1430,0,埋蔵文化財包蔵地,5,139.593975535,35.5020218,港北区NO.176,港北区,港北区NO.176,埋蔵文化財包蔵地,,[],畑地・宅地,港北区,小机町351付近,縄文(中期)・弥生(中・後期)・奈良・平安・中近世,162,集落跡,台地上,400×130,,,
1096-1430,1096,1430,埋蔵文化財包蔵地,港北区NO.177,港北区NO.177,港北区NO.177,小机町261付近,散布地,宅地・畑地,台地上,130×80,縄文(早・後期),211,139.586295725,35.50160049,JsonThemeAroundPoint:x/y,139.586222463705,35.5015369710147,7640.38769194251,1,12,1096-1430,0,埋蔵文化財包蔵地,5,139.586295725,35.50160049,港北区NO.177,港北区,港北区NO.177,埋蔵文化財包蔵地,,[],宅地・畑地,港北区,小机町261付近,縄文(早・後期),211,散布地,台地上,130×80,,,
1097-1430,1097,1430,埋蔵文化財包蔵地,港北区NO.179,港北区NO.179,港北区NO.179,小机町1306付近,散布地,畑地・宅地,台地上,210×150,縄文・歴史・中近世,213,139.60016407,35.499476175,JsonThemeAroundPoint:x/y,139.600476404895,35.4994081120652,6740.0726899611,1,12,1097-1430,0,埋蔵文化財包蔵地,5,139.60016407,35.499476175,港北区NO.179,港北区,港北区NO.179,埋蔵文化財包蔵地,,[],畑地・宅地,港北区,小机町1306付近,縄文・歴史・中近世,213,散布地,台地上,210×150,,,
988-1430,988,1430,埋蔵文化財包蔵地,港北区NO.18,港北区NO.18,港北区NO.18,日吉本町五丁目43付近,集落跡,宅地・学校,台地上,400×200,弥生(中・後期)・古墳・奈良・平安,47,139.63115824,35.54840274,JsonThemeAroundPoint:x/y,139.63097661707,35.548226303851,11274.5992966938,1,12,988-1430,0,埋蔵文化財包蔵地,5,139.63115824,35.54840274,港北区NO.18,港北区,港北区NO.18,埋蔵文化財包蔵地,,[],宅地・学校,港北区,日吉本町五丁目43付近,弥生(中・後期)・古墳・奈良・平安,47,集落跡,台地上,400×200,,,
1098-1430,1098,1430,埋蔵文化財包蔵地,港北区NO.180,港北区NO.180,港北区NO.180,小机町1404付近,散布地,畑地,台地上,150×50,縄文・弥生(後期)・歴史,214,139.60245494,35.5007353,JsonThemeAroundPoint:x/y,139.602472624619,35.5006639198834,6760.63258152978,1,12,1098-1430,0,埋蔵文化財包蔵地,5,139.60245494,35.5007353,港北区NO.180,港北区,港北区NO.180,埋蔵文化財包蔵地,,[],畑地,港北区,小机町1404付近,縄文・弥生(後期)・歴史,214,散布地,台地上,150×50,,,
1102-1430,1102,1430,埋蔵文化財包蔵地,港北区NO.181,港北区NO.181,港北区NO.181,篠原町2579付近,散布地,宅地,台地上・斜面,130×80,歴史,184,139.623933635,35.50455528,JsonThemeAroundPoint:x/y,139.623814656327,35.5044620533525,6502.65664390745,1,12,1102-1430,0,埋蔵文化財包蔵地,5,139.623933635,35.50455528,港北区NO.181,港北区,港北区NO.181,埋蔵文化財包蔵地,,[],宅地,港北区,篠原町2579付近,歴史,184,散布地,台地上・斜面,130×80,,,
1101-1430,1101,1430,埋蔵文化財包蔵地,港北区NO.182,港北区NO.182,港北区NO.182,篠原町2855付近,散布地,宅地・畑地,台地上,220×80,縄文(中期)・弥生,185,139.62266868,35.502379725,JsonThemeAroundPoint:x/y,139.622495200687,35.5023989425393,6289.25692371151,1,12,1101-1430,0,埋蔵文化財包蔵地,5,139.62266868,35.502379725,港北区NO.182,港北区,港北区NO.182,埋蔵文化財包蔵地,,[],宅地・畑地,港北区,篠原町2855付近,縄文(中期)・弥生,185,散布地,台地上,220×80,,,
1108-1430,1108,1430,埋蔵文化財包蔵地,港北区NO.183,港北区NO.183,港北区NO.183,師岡町1137付近,貝塚・墓地,雑木林,台地斜面,100×70,縄文(早・前・中期)・歴史,153,139.638841,35.521571955,JsonThemeAroundPoint:x/y,139.638872043901,35.5215530605202,8274.54443005696,1,12,1108-1430,0,埋蔵文化財包蔵地,5,139.638841,35.521571955,港北区NO.183,港北区,港北区NO.183,埋蔵文化財包蔵地,,[],雑木林,港北区,師岡町1137付近,縄文(早・前・中期)・歴史,153,貝塚・墓地,台地斜面,100×70,,,
1107-1430,1107,1430,埋蔵文化財包蔵地,港北区NO.184,港北区NO.184,港北区NO.184,師岡町1148付近,散布地,宅地,台地斜面,80×70,縄文(早・中期),154,139.63800967,35.521030055,JsonThemeAroundPoint:x/y,139.637990523774,35.520971068414,8213.70522114864,1,12,1107-1430,0,埋蔵文化財包蔵地,5,139.63800967,35.521030055,港北区NO.184,港北区,港北区NO.184,埋蔵文化財包蔵地,,[],宅地,港北区,師岡町1148付近,縄文(早・中期),154,散布地,台地斜面,80×70,,,
1106-1430,1106,1430,埋蔵文化財包蔵地,港北区NO.185,港北区NO.185,港北区NO.185,師岡町1148付近,散布地,宅地,台地上,70×40,古墳以降,155,139.63694404,35.521130115,JsonThemeAroundPoint:x/y,139.637020207616,35.5211409915957,8225.12910117425,1,12,1106-1430,0,埋蔵文化財包蔵地,5,139.63694404,35.521130115,港北区NO.185,港北区,港北区NO.185,埋蔵文化財包蔵地,,[],宅地,港北区,師岡町1148付近,古墳以降,155,散布地,台地上,70×40,,,
1105-1430,1105,1430,埋蔵文化財包蔵地,港北区NO.186,港北区NO.186,港北区NO.186,師岡町1162付近,散布地,宅地,台地上,100×50,(不明),156,139.63721607,35.51988027,JsonThemeAroundPoint:x/y,139.637222222104,35.5198572561146,8085.90976555,1,12,1105-1430,0,埋蔵文化財包蔵地,5,139.63721607,35.51988027,港北区NO.186,港北区,港北区NO.186,埋蔵文化財包蔵地,,[],宅地,港北区,師岡町1162付近,(不明),156,散布地,台地上,100×50,,,
1104-1430,1104,1430,埋蔵文化財包蔵地,港北区NO.187,港北区NO.187,港北区NO.187,大曽根一丁目5付近,散布地,宅地,台地上,180×100,弥生(中・後期)・歴史,157,139.63547348,35.5203288,JsonThemeAroundPoint:x/y,139.635470891333,35.5202713028825,8138.28073603007,1,12,1104-1430,0,埋蔵文化財包蔵地,5,139.63547348,35.5203288,港北区NO.187,港北区,港北区NO.187,埋蔵文化財包蔵地,,[],宅地,港北区,大曽根一丁目5付近,弥生(中・後期)・歴史,157,散布地,台地上,180×100,,,
1103-1430,1103,1430,埋蔵文化財包蔵地,港北区NO.188,港北区NO.188,港北区NO.188,太尾町706付近,集落跡,宅地・畑地・公園,台地上,200×170,縄文(前期)・弥生(中・後期),158,139.630917695,35.520793735,JsonThemeAroundPoint:x/y,139.631115970338,35.5207903049123,8210.77591766563,1,12,1103-1430,0,埋蔵文化財包蔵地,5,139.630917695,35.520793735,港北区NO.188,港北区,港北区NO.188,埋蔵文化財包蔵地,,[],宅地・畑地・公園,港北区,太尾町706付近,縄文(前期)・弥生(中・後期),158,集落跡,台地上,200×170,,,
1111-1430,1111,1430,埋蔵文化財包蔵地,港北区NO.189,港北区NO.189,港北区NO.189,師岡町335付近,包含地,畑地・宅地,低台地上,250×100,縄文(前期)・弥生(中・後期)・奈良・平安・中世,245,139.6379481,35.517010805,JsonThemeAroundPoint:x/y,139.638016301995,35.5170015594258,7766.56997857482,1,12,1111-1430,0,埋蔵文化財包蔵地,5,139.6379481,35.517010805,港北区NO.189,港北区,港北区NO.189,埋蔵文化財包蔵地,,[],畑地・宅地,港北区,師岡町335付近,縄文(前期)・弥生(中・後期)・奈良・平安・中世,245,包含地,低台地上,250×100,,,
247-1430,247,1430,埋蔵文化財包蔵地,港北区NO.19,港北区NO.19,港北区NO.19,日吉本町五丁目59付近,古墳,宅地・雑木林,台地上,,古墳,48,139.63139158,35.54640156,JsonThemeAroundPoint:x/y,139.631391559577,35.5464094193382,11051.1736139558,1,12,247-1430,0,埋蔵文化財包蔵地,5,139.63139158,35.54640156,港北区NO.19,港北区,港北区NO.19,埋蔵文化財包蔵地,,[],宅地・雑木林,港北区,日吉本町五丁目59付近,古墳,48,古墳,台地上,,,,
1110-1430,1110,1430,埋蔵文化財包蔵地,港北区NO.190,港北区NO.190,港北区NO.190,師岡町1181付近,散布地,宅地,台地上,,弥生(後期),187,139.63798392,35.51857372,JsonThemeAroundPoint:x/y,139.637903478799,35.5185723371323,7940.4442979616,1,12,1110-1430,0,埋蔵文化財包蔵地,5,139.63798392,35.51857372,港北区NO.190,港北区,港北区NO.190,埋蔵文化財包蔵地,,[],宅地,港北区,師岡町1181付近,弥生(後期),187,散布地,台地上,,,,
1109-1430,1109,1430,埋蔵文化財包蔵地,港北区NO.191,港北区NO.191,港北区NO.191,師岡町372付近,包含地,畑地・宅地,低台地上・斜面,200×150,縄文(前期)・弥生(後期)・古墳・奈良・平安,188,139.640015805,35.51872296,JsonThemeAroundPoint:x/y,139.640062108609,35.51889127194,7959.66324007667,1,12,1109-1430,0,埋蔵文化財包蔵地,5,139.640015805,35.51872296,港北区NO.191,港北区,港北区NO.191,埋蔵文化財包蔵地,,[],畑地・宅地,港北区,師岡町372付近,縄文(前期)・弥生(後期)・古墳・奈良・平安,188,包含地,低台地上・斜面,200×150,,,
1116-1430,1116,1430,埋蔵文化財包蔵地,港北区NO.192,港北区NO.192,港北区NO.192,師岡町510付近,散布地,畑地・荒地,台地上,120×60,縄文(前期)・弥生(後期),189,139.64420442,35.519023495,JsonThemeAroundPoint:x/y,139.644182143689,35.518997190096,8011.82035138435,1,12,1116-1430,0,埋蔵文化財包蔵地,5,139.64420442,35.519023495,港北区NO.192,港北区,港北区NO.192,埋蔵文化財包蔵地,,[],畑地・荒地,港北区,師岡町510付近,縄文(前期)・弥生(後期),189,散布地,台地上,120×60,,,
1115-1430,1115,1430,埋蔵文化財包蔵地,港北区NO.193,港北区NO.193,港北区NO.193,師岡町189付近,散布地,畑地,台地上,100×90,奈良・平安,190,139.641159035,35.51588103,JsonThemeAroundPoint:x/y,139.641221544037,35.5158847632395,7647.10376849063,1,12,1115-1430,0,埋蔵文化財包蔵地,5,139.641159035,35.51588103,港北区NO.193,港北区,港北区NO.193,埋蔵文化財包蔵地,,[],畑地,港北区,師岡町189付近,奈良・平安,190,散布地,台地上,100×90,,,
1112-1430,1112,1430,埋蔵文化財包蔵地,港北区NO.194,港北区NO.194,港北区NO.194,師岡町293付近,集落跡,宅地・畑地,台地上・斜面,300×100,縄文(早・中期)・弥生(後期)・平安・近世,191,139.63913992,35.51459874,JsonThemeAroundPoint:x/y,139.639084284487,35.5143255140266,7499.27389929893,1,12,1112-1430,0,埋蔵文化財包蔵地,5,139.63913992,35.51459874,港北区NO.194,港北区,港北区NO.194,埋蔵文化財包蔵地,,[],宅地・畑地,港北区,師岡町293付近,縄文(早・中期)・弥生(後期)・平安・近世,191,集落跡,台地上・斜面,300×100,,,
1114-1430,1114,1430,埋蔵文化財包蔵地,港北区NO.195,港北区NO.195,港北区NO.195,師岡町206付近,散布地,宅地,台地斜面,90×30,縄文(中期)・奈良・平安,192,139.64300103,35.514247255,JsonThemeAroundPoint:x/y,139.642948804994,35.5143272704448,7474.27138417481,1,12,1114-1430,0,埋蔵文化財包蔵地,5,139.64300103,35.514247255,港北区NO.195,港北区,港北区NO.195,埋蔵文化財包蔵地,,[],宅地,港北区,師岡町206付近,縄文(中期)・奈良・平安,192,散布地,台地斜面,90×30,,,
1113-1430,1113,1430,埋蔵文化財包蔵地,港北区NO.196,港北区NO.196,港北区NO.196,師岡町242付近,散布地,宅地,台地上,170×50,縄文(中期),193,139.64185401,35.513439135,JsonThemeAroundPoint:x/y,139.641675286503,35.5135347956941,7378.58929469868,1,12,1113-1430,0,埋蔵文化財包蔵地,5,139.64185401,35.513439135,港北区NO.196,港北区,港北区NO.196,埋蔵文化財包蔵地,,[],宅地,港北区,師岡町242付近,縄文(中期),193,散布地,台地上,170×50,,,
1118-1430,1118,1430,埋蔵文化財包蔵地,港北区NO.198,港北区NO.198,港北区NO.198,菊名五丁目12付近,集落跡・貝塚,宅地,台地上・斜面,200×100,縄文(早・前期),195,139.640273505,35.508311945,JsonThemeAroundPoint:x/y,139.64026834239,35.5082390236678,6802.68229399884,1,12,1118-1430,0,埋蔵文化財包蔵地,5,139.640273505,35.508311945,港北区NO.198,港北区,港北区NO.198,埋蔵文化財包蔵地,,[],宅地,港北区,菊名五丁目12付近,縄文(早・前期),195,集落跡・貝塚,台地上・斜面,200×100,,,
1121-1430,1121,1430,埋蔵文化財包蔵地,港北区NO.199,港北区NO.199,港北区NO.199,菊名四丁目11付近,散布地,畑地,低台地上,100×70,縄文・弥生,196,139.64050939,35.50647406,JsonThemeAroundPoint:x/y,139.640496007175,35.5064796432787,6599.12026177339,1,12,1121-1430,0,埋蔵文化財包蔵地,5,139.64050939,35.50647406,港北区NO.199,港北区,港北区NO.199,埋蔵文化財包蔵地,,[],畑地,港北区,菊名四丁目11付近,縄文・弥生,196,散布地,低台地上,100×70,,,
949-1430,949,1430,埋蔵文化財包蔵地,港北区NO.2,港北区NO.2,港北区NO.2,高田町2284付近,集落跡・貝塚,畑地,台地上,450×400,縄文(前・後期),2,139.6234195,35.55690979,JsonThemeAroundPoint:x/y,139.623817044966,35.557042550036,12274.0419893221,1,12,949-1430,0,埋蔵文化財包蔵地,5,139.6234195,35.55690979,港北区NO.2,港北区,港北区NO.2,埋蔵文化財包蔵地,,[],畑地,港北区,高田町2284付近,縄文(前・後期),2,集落跡・貝塚,台地上,450×400,,,
989-1430,989,1430,埋蔵文化財包蔵地,港北区NO.20,港北区NO.20,港北区NO.20,日吉本町五丁目54付近,散布地,宅地・畑地,台地上,100×70,弥生・古墳以降,49,139.633164755,35.54718701,JsonThemeAroundPoint:x/y,139.633127907285,35.5471730144982,11131.2740447045,1,12,989-1430,0,埋蔵文化財包蔵地,5,139.633164755,35.54718701,港北区NO.20,港北区,港北区NO.20,埋蔵文化財包蔵地,,[],宅地・畑地,港北区,日吉本町五丁目54付近,弥生・古墳以降,49,散布地,台地上,100×70,,,
1119-1430,1119,1430,埋蔵文化財包蔵地,港北区NO.200,港北区NO.200,港北区NO.200,菊名五丁目3付近,散布地,宅地,台地上,,縄文(早・前・中期)・古墳以降,197,139.63834971,35.506944635,JsonThemeAroundPoint:x/y,139.638352153735,35.5068966283186,6646.95702303357,1,12,1119-1430,0,埋蔵文化財包蔵地,5,139.63834971,35.506944635,港北区NO.200,港北区,港北区NO.200,埋蔵文化財包蔵地,,[],宅地,港北区,菊名五丁目3付近,縄文(早・前・中期)・古墳以降,197,散布地,台地上,,,,
1120-1430,1120,1430,埋蔵文化財包蔵地,港北区NO.201,港北区NO.201,港北区NO.201,菊名四丁目4付近,散布地,図書館,低台地上,,縄文(前・中・後期)・古墳,198,139.638037885,35.50610882,JsonThemeAroundPoint:x/y,139.638076340679,35.5061997337794,6553.80706743557,1,12,1120-1430,0,埋蔵文化財包蔵地,5,139.638037885,35.50610882,港北区NO.201,港北区,港北区NO.201,埋蔵文化財包蔵地,,[],図書館,港北区,菊名四丁目4付近,縄文(前・中・後期)・古墳,198,散布地,低台地上,,,,
1122-1430,1122,1430,埋蔵文化財包蔵地,港北区NO.202,港北区NO.202,港北区NO.202,菊名四丁目12付近,散布地,墓地・宅地,台地斜面・低地,150×80,縄文(早・前・中・後期)・弥生(中期)・歴史,199,139.641536065,35.505147075,JsonThemeAroundPoint:x/y,139.641537185022,35.5050952899953,6455.88125221376,1,12,1122-1430,0,埋蔵文化財包蔵地,5,139.641536065,35.505147075,港北区NO.202,港北区,港北区NO.202,埋蔵文化財包蔵地,,[],墓地・宅地,港北区,菊名四丁目12付近,縄文(早・前・中・後期)・弥生(中期)・歴史,199,散布地,台地斜面・低地,150×80,,,
1136-1430,1136,1430,埋蔵文化財包蔵地,港北区NO.203,港北区NO.203,港北区NO.203,大豆戸町414付近,集落跡,宅地,台地上,230×150,縄文・弥生(中・後期)・平安,200,139.629812065,35.50856402,JsonThemeAroundPoint:x/y,139.629858871775,35.5085806336325,6864.70152248024,1,12,1136-1430,0,埋蔵文化財包蔵地,5,139.629812065,35.50856402,港北区NO.203,港北区,港北区NO.203,埋蔵文化財包蔵地,,[],宅地,港北区,大豆戸町414付近,縄文・弥生(中・後期)・平安,200,集落跡,台地上,230×150,,,
1137-1430,1137,1430,埋蔵文化財包蔵地,港北区NO.204,港北区NO.204,港北区NO.204,大豆戸町202付近,貝塚,宅地,台地上,120×80,縄文(早・前期),201,139.633249075,35.507482605,JsonThemeAroundPoint:x/y,139.633338731302,35.5074657960703,6718.9866088751,1,12,1137-1430,0,埋蔵文化財包蔵地,5,139.633249075,35.507482605,港北区NO.204,港北区,港北区NO.204,埋蔵文化財包蔵地,,[],宅地,港北区,大豆戸町202付近,縄文(早・前期),201,貝塚,台地上,120×80,,,
1135-1430,1135,1430,埋蔵文化財包蔵地,港北区NO.205,港北区NO.205,港北区NO.205,篠原北二丁目19付近,散布地,畑地・宅地,台地上・斜面,170×80,縄文(後期),182,139.62777946,35.507338615,JsonThemeAroundPoint:x/y,139.627631134194,35.5072068770192,6751.32948765887,1,12,1135-1430,0,埋蔵文化財包蔵地,5,139.62777946,35.507338615,港北区NO.205,港北区,港北区NO.205,埋蔵文化財包蔵地,,[],畑地・宅地,港北区,篠原北二丁目19付近,縄文(後期),182,散布地,台地上・斜面,170×80,,,
1132-1430,1132,1430,埋蔵文化財包蔵地,港北区NO.206,港北区NO.206,港北区NO.206,篠原町2565付近,散布地・城跡,雑木林・宅地,台地上,220×80,縄文(早期),183,139.62615487,35.505492105,JsonThemeAroundPoint:x/y,139.626133007353,35.5055613149647,6569.76064183149,1,12,1132-1430,0,埋蔵文化財包蔵地,5,139.62615487,35.505492105,港北区NO.206,港北区,港北区NO.206,埋蔵文化財包蔵地,,[],雑木林・宅地,港北区,篠原町2565付近,縄文(早期),183,散布地・城跡,台地上,220×80,,,
1131-1430,1131,1430,埋蔵文化財包蔵地,港北区NO.207,港北区NO.207,港北区NO.207,篠原町2792付近,散布地・貝塚,神社境内・畑地・宅地,台地上・斜面,220×100,縄文(前・中・後期)・弥生(後期),186,139.626216845,35.502214925,JsonThemeAroundPoint:x/y,139.626319022912,35.5021261360783,6209.21108636462,1,12,1131-1430,0,埋蔵文化財包蔵地,5,139.626216845,35.502214925,港北区NO.207,港北区,港北区NO.207,埋蔵文化財包蔵地,,[],神社境内・畑地・宅地,港北区,篠原町2792付近,縄文(前・中・後期)・弥生(後期),186,散布地・貝塚,台地上・斜面,220×100,,,
1134-1430,1134,1430,埋蔵文化財包蔵地,港北区NO.208,港北区NO.208,港北区NO.208,錦ヶ丘22・25-38付近,集落跡・貝塚,宅地・畑地・雑木林,台地上・斜面,,縄文(前・中・後期),202・203・206・207,139.63295598,35.503451165,JsonThemeAroundPoint:x/y,139.632844464903,35.5032260338727,6273.17960557828,1,12,1134-1430,0,埋蔵文化財包蔵地,5,139.63295598,35.503451165,港北区NO.208,港北区,港北区NO.208,埋蔵文化財包蔵地,,[],宅地・畑地・雑木林,港北区,錦ヶ丘22・25-38付近,縄文(前・中・後期),202・203・206・207,集落跡・貝塚,台地上・斜面,,,,
1133-1430,1133,1430,埋蔵文化財包蔵地,港北区NO.209,港北区NO.209,港北区NO.209,富士塚二丁目25付近,塚,宅地,台地上,,中近世,204,139.63106639,35.5028754,JsonThemeAroundPoint:x/y,139.631066990781,35.5028754001016,6223.61579401632,1,12,1133-1430,0,埋蔵文化財包蔵地,5,139.63106639,35.5028754,港北区NO.209,港北区,港北区NO.209,埋蔵文化財包蔵地,,[],宅地,港北区,富士塚二丁目25付近,中近世,204,塚,台地上,,,,
990-1430,990,1430,埋蔵文化財包蔵地,港北区NO.21,港北区NO.21,港北区NO.21,日吉本町五丁目62付近,散布地,畑地・宅地,台地上,100×90,弥生(後期)・古墳以降,50,139.634102465,35.547245285,JsonThemeAroundPoint:x/y,139.634156424986,35.5471757094822,11134.9042465906,1,12,990-1430,0,埋蔵文化財包蔵地,5,139.634102465,35.547245285,港北区NO.21,港北区,港北区NO.21,埋蔵文化財包蔵地,,[],畑地・宅地,港北区,日吉本町五丁目62付近,弥生(後期)・古墳以降,50,散布地,台地上,100×90,,,
256-1430,256,1430,埋蔵文化財包蔵地,港北区NO.210,港北区NO.210,港北区NO.210,富士塚二丁目26付近,散布地,宅地,台地上・斜面,,縄文(中期)・弥生,205,139.631142795,35.50182308,JsonThemeAroundPoint:x/y,139.631142775006,35.5018305230685,6106.43384944346,1,12,256-1430,0,埋蔵文化財包蔵地,5,139.631142795,35.50182308,港北区NO.210,港北区,港北区NO.210,埋蔵文化財包蔵地,,[],宅地,港北区,富士塚二丁目26付近,縄文(中期)・弥生,205,散布地,台地上・斜面,,,,
1126-1430,1126,1430,埋蔵文化財包蔵地,港北区NO.211,港北区NO.211,港北区NO.211,富士塚二丁目19付近,散布地・塚,宅地,台地上,70×70,縄文(前期)・中近世,208,139.634596065,35.502052315,JsonThemeAroundPoint:x/y,139.634620099524,35.5020203975357,6109.18744976621,1,12,1126-1430,0,埋蔵文化財包蔵地,5,139.634596065,35.502052315,港北区NO.211,港北区,港北区NO.211,埋蔵文化財包蔵地,,[],宅地,港北区,富士塚二丁目19付近,縄文(前期)・中近世,208,散布地・塚,台地上,70×70,,,
1124-1430,1124,1430,埋蔵文化財包蔵地,港北区NO.212,港北区NO.212,港北区NO.212,菊名三丁目18付近,散布地,雑木林・畑地,台地上,240×70,縄文(前期),209,139.63953648,35.50278365,JsonThemeAroundPoint:x/y,139.639831554329,35.5028352197306,6185.96095528118,1,12,1124-1430,0,埋蔵文化財包蔵地,5,139.63953648,35.50278365,港北区NO.212,港北区,港北区NO.212,埋蔵文化財包蔵地,,[],雑木林・畑地,港北区,菊名三丁目18付近,縄文(前期),209,散布地,台地上,240×70,,,
2407-1430,2407,1430,埋蔵文化財包蔵地,港北区NO.213,港北区NO.213,港北区NO.213,菊名三丁目19付近,散布地,宅地,台地上,170×100,縄文(前・中期),210,139.642175625,35.50303449,JsonThemeAroundPoint:x/y,139.642143681579,35.5030218007469,6224.67466452588,1,12,2407-1430,0,埋蔵文化財包蔵地,5,139.642175625,35.50303449,港北区NO.213,港北区,港北区NO.213,埋蔵文化財包蔵地,,[],宅地,港北区,菊名三丁目19付近,縄文(前・中期),210,散布地,台地上,170×100,,,
1128-1430,1128,1430,埋蔵文化財包蔵地,港北区NO.214,港北区NO.214,港北区NO.214,富士塚二丁目24付近,散布地,宅地・畑地,台地上・斜面,300×100,縄文(早・中期),232,139.632377815,35.50166639,JsonThemeAroundPoint:x/y,139.632408196097,35.5016794212112,6079.09795265072,1,12,1128-1430,0,埋蔵文化財包蔵地,5,139.632377815,35.50166639,港北区NO.214,港北区,港北区NO.214,埋蔵文化財包蔵地,,[],宅地・畑地,港北区,富士塚二丁目24付近,縄文(早・中期),232,散布地,台地上・斜面,300×100,,,
1129-1430,1129,1430,埋蔵文化財包蔵地,港北区NO.215,港北区NO.215,港北区NO.215,富士塚一丁目20付近,集落跡,宅地・畑地,台地上,150×70,縄文(中期)・弥生,233,139.631226345,35.500343055,JsonThemeAroundPoint:x/y,139.63127734996,35.5003484085336,5941.84562827873,1,12,1129-1430,0,埋蔵文化財包蔵地,5,139.631226345,35.500343055,港北区NO.215,港北区,港北区NO.215,埋蔵文化財包蔵地,,[],宅地・畑地,港北区,富士塚一丁目20付近,縄文(中期)・弥生,233,集落跡,台地上,150×70,,,
1130-1430,1130,1430,埋蔵文化財包蔵地,港北区NO.216,港北区NO.216,港北区NO.216,富士塚一丁目23付近,散布地・集落跡・貝塚,学校・畑地・宅地,台地上,350×140,縄文(中期)・弥生(中・後期)・中近世,222,139.62909858,35.50036776,JsonThemeAroundPoint:x/y,139.629056630968,35.5004405686916,5966.84965581374,1,12,1130-1430,0,埋蔵文化財包蔵地,5,139.62909858,35.50036776,港北区NO.216,港北区,港北区NO.216,埋蔵文化財包蔵地,,[],学校・畑地・宅地,港北区,富士塚一丁目23付近,縄文(中期)・弥生(中・後期)・中近世,222,散布地・集落跡・貝塚,台地上,350×140,,,
1127-1430,1127,1430,埋蔵文化財包蔵地,港北区NO.217,港北区NO.217,港北区NO.217,富士塚二丁目18付近,散布地,宅地,台地上・斜面,,縄文・平安,234,139.635680915,35.501505585,JsonThemeAroundPoint:x/y,139.635674545979,35.5014390103069,6044.58258825823,1,12,1127-1430,0,埋蔵文化財包蔵地,5,139.635680915,35.501505585,港北区NO.217,港北区,港北区NO.217,埋蔵文化財包蔵地,,[],宅地,港北区,富士塚二丁目18付近,縄文・平安,234,散布地,台地上・斜面,,,,
257-1430,257,1430,埋蔵文化財包蔵地,港北区NO.218,港北区NO.218,港北区NO.218,富士塚二丁目6付近,貝塚,宅地,台地上・斜面,,縄文(後期),235,139.63596023,35.500138365,JsonThemeAroundPoint:x/y,139.635960208481,35.5001458055535,5891.80916852452,1,12,257-1430,0,埋蔵文化財包蔵地,5,139.63596023,35.500138365,港北区NO.218,港北区,港北区NO.218,埋蔵文化財包蔵地,,[],宅地,港北区,富士塚二丁目6付近,縄文(後期),235,貝塚,台地上・斜面,,,,
1125-1430,1125,1430,埋蔵文化財包蔵地,港北区NO.219,港北区NO.219,港北区NO.219,菊名三丁目4付近,散布地,宅地・畑地,台地上・斜面,,縄文(早・前期),236,139.63943532,35.50084779,JsonThemeAroundPoint:x/y,139.639449736683,35.5008306373855,5970.44074713014,1,12,1125-1430,0,埋蔵文化財包蔵地,5,139.63943532,35.50084779,港北区NO.219,港北区,港北区NO.219,埋蔵文化財包蔵地,,[],宅地・畑地,港北区,菊名三丁目4付近,縄文(早・前期),236,散布地,台地上・斜面,,,,
1123-1430,1123,1430,埋蔵文化財包蔵地,港北区NO.220,港北区NO.220,港北区NO.220,菊名三丁目9付近,散布地,畑地,台地上・斜面,150×110,縄文(中期),237,139.64175192,35.501618235,JsonThemeAroundPoint:x/y,139.641736724149,35.5016377686656,6065.04252243999,1,12,1123-1430,0,埋蔵文化財包蔵地,5,139.64175192,35.501618235,港北区NO.220,港北区,港北区NO.220,埋蔵文化財包蔵地,,[],畑地,港北区,菊名三丁目9付近,縄文(中期),237,散布地,台地上・斜面,150×110,,,
1138-1430,1138,1430,埋蔵文化財包蔵地,港北区NO.221,港北区NO.221,港北区NO.221,鳥山町272付近,散布地,畑地・宅地,台地上・斜面,300×150,縄文(早・前・中・後期)・弥生(後期)・平安,215,139.605023275,35.498958005,JsonThemeAroundPoint:x/y,139.605086408571,35.499051026024,6477.27859079879,1,12,1138-1430,0,埋蔵文化財包蔵地,5,139.605023275,35.498958005,港北区NO.221,港北区,港北区NO.221,埋蔵文化財包蔵地,,[],畑地・宅地,港北区,鳥山町272付近,縄文(早・前・中・後期)・弥生(後期)・平安,215,散布地,台地上・斜面,300×150,,,
1139-1430,1139,1430,埋蔵文化財包蔵地,港北区NO.222,港北区NO.222,港北区NO.222,鳥山町328付近,散布地,畑地・宅地,台地上・斜面,330×100,縄文(早・後期)・弥生(後期)・奈良・平安,216,139.606247655,35.49690329,JsonThemeAroundPoint:x/y,139.606132390292,35.4968655264771,6223.26675948813,1,12,1139-1430,0,埋蔵文化財包蔵地,5,139.606247655,35.49690329,港北区NO.222,港北区,港北区NO.222,埋蔵文化財包蔵地,,[],畑地・宅地,港北区,鳥山町328付近,縄文(早・後期)・弥生(後期)・奈良・平安,216,散布地,台地上・斜面,330×100,,,
1141-1430,1141,1430,埋蔵文化財包蔵地,港北区NO.223,港北区NO.223,港北区NO.223,岸根町626付近,散布地,墓地・雑木林,台地上,190×60,弥生(中・後期),217,139.61372443,35.49587174,JsonThemeAroundPoint:x/y,139.613689971696,35.495906936876,5836.35536739104,1,12,1141-1430,0,埋蔵文化財包蔵地,5,139.61372443,35.49587174,港北区NO.223,港北区,港北区NO.223,埋蔵文化財包蔵地,,[],墓地・雑木林,港北区,岸根町626付近,弥生(中・後期),217,散布地,台地上,190×60,,,
1140-1430,1140,1430,埋蔵文化財包蔵地,港北区NO.224,港北区NO.224,港北区NO.224,岸根町370付近,集落跡・墓地,学校,台地上・斜面,300×150,縄文(早・中期)・弥生(中期)・古墳(前・後期)・平安・中世～近世,218,139.61631229,35.498028325,JsonThemeAroundPoint:x/y,139.615958283686,35.4978970641132,5979.3326026953,1,12,1140-1430,0,埋蔵文化財包蔵地,5,139.61631229,35.498028325,港北区NO.224,港北区,港北区NO.224,埋蔵文化財包蔵地,,[],学校,港北区,岸根町370付近,縄文(早・中期)・弥生(中期)・古墳(前・後期)・平安・中世～近世,218,集落跡・墓地,台地上・斜面,300×150,,,
1142-1430,1142,1430,埋蔵文化財包蔵地,港北区NO.225,港北区NO.225,港北区NO.225,岸根町407付近,散布地,雑木林・畑地,台地上,100×90,縄文(中期)・弥生,219,139.61758437,35.49531366,JsonThemeAroundPoint:x/y,139.617592021623,35.4953596782235,5656.27701974464,1,12,1142-1430,0,埋蔵文化財包蔵地,5,139.61758437,35.49531366,港北区NO.225,港北区,港北区NO.225,埋蔵文化財包蔵地,,[],雑木林・畑地,港北区,岸根町407付近,縄文(中期)・弥生,219,散布地,台地上,100×90,,,
1143-1430,1143,1430,埋蔵文化財包蔵地,港北区NO.226,港北区NO.226,港北区NO.226,岸根町677付近,散布地,畑地・宅地,台地上,200×100,縄文(中期)・歴史・中近世,220,139.61438896,35.49390042,JsonThemeAroundPoint:x/y,139.614315235393,35.4940513887338,5610.48123479403,1,12,1143-1430,0,埋蔵文化財包蔵地,5,139.61438896,35.49390042,港北区NO.226,港北区,港北区NO.226,埋蔵文化財包蔵地,,[],畑地・宅地,港北区,岸根町677付近,縄文(中期)・歴史・中近世,220,散布地,台地上,200×100,,,
1144-1430,1144,1430,埋蔵文化財包蔵地,港北区NO.227,港北区NO.227,港北区NO.227,岸根町506付近,散布地,宅地・畑地,台地上・斜面,300×100,縄文(早・前・中期)・弥生(後期)・歴史,221,139.617817075,35.492847895,JsonThemeAroundPoint:x/y,139.61763225004,35.4929471041197,5390.31054111204,1,12,1144-1430,0,埋蔵文化財包蔵地,5,139.617817075,35.492847895,港北区NO.227,港北区,港北区NO.227,埋蔵文化財包蔵地,,[],宅地・畑地,港北区,岸根町506付近,縄文(早・前・中期)・弥生(後期)・歴史,221,散布地,台地上・斜面,300×100,,,
1148-1430,1148,1430,埋蔵文化財包蔵地,港北区NO.228,港北区NO.228,港北区NO.228,篠原町1044付近,散布地,宅地,台地上,110×60,縄文(中・後期),226,139.6228387,35.497145945,JsonThemeAroundPoint:x/y,139.622900559985,35.497058302843,5718.68049696971,1,12,1148-1430,0,埋蔵文化財包蔵地,5,139.6228387,35.497145945,港北区NO.228,港北区,港北区NO.228,埋蔵文化財包蔵地,,[],宅地,港北区,篠原町1044付近,縄文(中・後期),226,散布地,台地上,110×60,,,
1147-1430,1147,1430,埋蔵文化財包蔵地,港北区NO.229,港北区NO.229,港北区NO.229,篠原町1069付近,散布地,雑木林・宅地,台地上,120×30,(不明),227,139.62209484,35.496468475,JsonThemeAroundPoint:x/y,139.62207209982,35.4964308150504,5661.99529129265,1,12,1147-1430,0,埋蔵文化財包蔵地,5,139.62209484,35.496468475,港北区NO.229,港北区,港北区NO.229,埋蔵文化財包蔵地,,[],雑木林・宅地,港北区,篠原町1069付近,(不明),227,散布地,台地上,120×30,,,
954-1430,954,1430,埋蔵文化財包蔵地,港北区NO.23,港北区NO.23,港北区NO.23,下田町二丁目17付近,集落跡・貝塚,宅地・畑地,台地上・斜面,160×100,縄文(前・中・後期)・弥生(後期),7,139.640131115,35.55642381,JsonThemeAroundPoint:x/y,139.640140149216,35.5562828436188,12152.9711501918,1,12,954-1430,0,埋蔵文化財包蔵地,5,139.640131115,35.55642381,港北区NO.23,港北区,港北区NO.23,埋蔵文化財包蔵地,,[],宅地・畑地,港北区,下田町二丁目17付近,縄文(前・中・後期)・弥生(後期),7,集落跡・貝塚,台地上・斜面,160×100,,,
1145-1430,1145,1430,埋蔵文化財包蔵地,港北区NO.230,港北区NO.230,港北区NO.230,篠原町1121付近,散布地,宅地,台地上・斜面,,縄文,228,139.621016985,35.493892725,JsonThemeAroundPoint:x/y,139.6209708302,35.4938575361975,5411.6371375239,1,12,1145-1430,0,埋蔵文化財包蔵地,5,139.621016985,35.493892725,港北区NO.230,港北区,港北区NO.230,埋蔵文化財包蔵地,,[],宅地,港北区,篠原町1121付近,縄文,228,散布地,台地上・斜面,,,,
1146-1430,1146,1430,埋蔵文化財包蔵地,港北区NO.231,港北区NO.231,港北区NO.231,篠原町1092付近,集落跡・貝塚,宅地・畑地,台地上,200×150,縄文(早・前・中・後期),229,139.62259565,35.493376205,JsonThemeAroundPoint:x/y,139.622703927659,35.4935982297328,5317.76634207663,1,12,1146-1430,0,埋蔵文化財包蔵地,5,139.62259565,35.493376205,港北区NO.231,港北区,港北区NO.231,埋蔵文化財包蔵地,,[],宅地・畑地,港北区,篠原町1092付近,縄文(早・前・中・後期),229,集落跡・貝塚,台地上,200×150,,,
1150-1430,1150,1430,埋蔵文化財包蔵地,港北区NO.232,港北区NO.232,港北区NO.232,篠原町1576付近,散布地,宅地・畑地・雑木林,台地上・斜面,170×130,縄文(中・後期),223,139.626991115,35.49856696,JsonThemeAroundPoint:x/y,139.627068985476,35.4986276448491,5797.37163487062,1,12,1150-1430,0,埋蔵文化財包蔵地,5,139.626991115,35.49856696,港北区NO.232,港北区,港北区NO.232,埋蔵文化財包蔵地,,[],宅地・畑地・雑木林,港北区,篠原町1576付近,縄文(中・後期),223,散布地,台地上・斜面,170×130,,,
1151-1430,1151,1430,埋蔵文化財包蔵地,港北区NO.233,港北区NO.233,港北区NO.233,篠原東二丁目12付近,散布地,宅地,台地緩斜面,100×40,縄文(中期),224,139.627004255,35.4969702,JsonThemeAroundPoint:x/y,139.62697651395,35.4969468884626,5622.14390870129,1,12,1151-1430,0,埋蔵文化財包蔵地,5,139.627004255,35.4969702,港北区NO.233,港北区,港北区NO.233,埋蔵文化財包蔵地,,[],宅地,港北区,篠原東二丁目12付近,縄文(中期),224,散布地,台地緩斜面,100×40,,,
1152-1430,1152,1430,埋蔵文化財包蔵地,港北区NO.234,港北区NO.234,港北区NO.234,篠原町973付近,散布地,宅地・雑木林,台地上,120×100,縄文(中・後期),225,139.624829065,35.496777975,JsonThemeAroundPoint:x/y,139.624867377196,35.4967847801952,5638.70736329449,1,12,1152-1430,0,埋蔵文化財包蔵地,5,139.624829065,35.496777975,港北区NO.234,港北区,港北区NO.234,埋蔵文化財包蔵地,,[],宅地・雑木林,港北区,篠原町973付近,縄文(中・後期),225,散布地,台地上,120×100,,,
1153-1430,1153,1430,埋蔵文化財包蔵地,港北区NO.235,港北区NO.235,港北区NO.235,篠原町102付近,散布地,畑地・宅地,台地上,,縄文(中・後期),230,139.62535859,35.494190645,JsonThemeAroundPoint:x/y,139.625331045656,35.4941759237975,5347.20417470691,1,12,1153-1430,0,埋蔵文化財包蔵地,5,139.62535859,35.494190645,港北区NO.235,港北区,港北区NO.235,埋蔵文化財包蔵地,,[],畑地・宅地,港北区,篠原町102付近,縄文(中・後期),230,散布地,台地上,,,,
1154-1430,1154,1430,埋蔵文化財包蔵地,港北区NO.236,港北区NO.236,港北区NO.236,篠原東一丁目13付近,散布地,宅地,台地上,,歴史,231,139.627206825,35.494547685,JsonThemeAroundPoint:x/y,139.627207173752,35.494486617492,5353.62180176689,1,12,1154-1430,0,埋蔵文化財包蔵地,5,139.627206825,35.494547685,港北区NO.236,港北区,港北区NO.236,埋蔵文化財包蔵地,,[],宅地,港北区,篠原東一丁目13付近,歴史,231,散布地,台地上,,,,
1149-1430,1149,1430,埋蔵文化財包蔵地,港北区NO.237,港北区NO.237,港北区NO.237,篠原東三丁目15-1付近,貝塚,荒地,台地斜面,,縄文(後期),-,139.63019632,35.49757228,JsonThemeAroundPoint:x/y,139.630196896445,35.4975722819658,5645.78372013963,1,12,1149-1430,0,埋蔵文化財包蔵地,5,139.63019632,35.49757228,港北区NO.237,港北区,港北区NO.237,埋蔵文化財包蔵地,,[],荒地,港北区,篠原東三丁目15-1付近,縄文(後期),-,貝塚,台地斜面,,,,
1161-1430,1161,1430,埋蔵文化財包蔵地,港北区NO.238,港北区NO.238,港北区NO.238,菊名二丁目17付近,散布地,学校・宅地,台地上・斜面,250×120,(不明),238,139.63851163,35.49645505,JsonThemeAroundPoint:x/y,139.638652993784,35.496434983512,5480.25246785731,1,12,1161-1430,0,埋蔵文化財包蔵地,5,139.63851163,35.49645505,港北区NO.238,港北区,港北区NO.238,埋蔵文化財包蔵地,,[],学校・宅地,港北区,菊名二丁目17付近,(不明),238,散布地,台地上・斜面,250×120,,,
1160-1430,1160,1430,埋蔵文化財包蔵地,港北区NO.239,港北区NO.239,港北区NO.239,仲手原一丁目21付近,散布地,宅地,台地上・斜面,130×80,縄文(早・中・後期)・弥生(後期),239,139.637444185,35.493986315,JsonThemeAroundPoint:x/y,139.637438651335,35.4939074994708,5205.2597457757,1,12,1160-1430,0,埋蔵文化財包蔵地,5,139.637444185,35.493986315,港北区NO.239,港北区,港北区NO.239,埋蔵文化財包蔵地,,[],宅地,港北区,仲手原一丁目21付近,縄文(早・中・後期)・弥生(後期),239,散布地,台地上・斜面,130×80,,,
957-1430,957,1430,埋蔵文化財包蔵地,港北区NO.24,港北区NO.24,港北区NO.24,下田町一丁目19付近,散布地,宅地,台地上,,縄文(中期)・古墳(前期),52,139.638086945,35.55311174,JsonThemeAroundPoint:x/y,139.638077237118,35.5530492580694,11782.6454578288,1,12,957-1430,0,埋蔵文化財包蔵地,5,139.638086945,35.55311174,港北区NO.24,港北区,港北区NO.24,埋蔵文化財包蔵地,,[],宅地,港北区,下田町一丁目19付近,縄文(中期)・古墳(前期),52,散布地,台地上,,,,
1159-1430,1159,1430,埋蔵文化財包蔵地,港北区NO.240,港北区NO.240,港北区NO.240,仲手原一丁目15付近,散布地,宅地,台地上・斜面,,縄文,240,139.63934788,35.49315018,JsonThemeAroundPoint:x/y,139.639367501843,35.4931397432732,5114.21453694223,1,12,1159-1430,0,埋蔵文化財包蔵地,5,139.63934788,35.49315018,港北区NO.240,港北区,港北区NO.240,埋蔵文化財包蔵地,,[],宅地,港北区,仲手原一丁目15付近,縄文,240,散布地,台地上・斜面,,,,
1158-1430,1158,1430,埋蔵文化財包蔵地,港北区NO.241,港北区NO.241,港北区NO.241,仲手原一丁目11付近,散布地,畑地・宅地,台地斜面,170×90,縄文(中期),241,139.638997115,35.491571965,JsonThemeAroundPoint:x/y,139.638951555608,35.4914831928041,4937.88966710627,1,12,1158-1430,0,埋蔵文化財包蔵地,5,139.638997115,35.491571965,港北区NO.241,港北区,港北区NO.241,埋蔵文化財包蔵地,,[],畑地・宅地,港北区,仲手原一丁目11付近,縄文(中期),241,散布地,台地斜面,170×90,,,
1157-1430,1157,1430,埋蔵文化財包蔵地,港北区NO.242,港北区NO.242,港北区NO.242,仲手原一丁目7付近,散布地,畑地・宅地,低台地上,100×80,縄文・平安,242,139.636698935,35.49090458,JsonThemeAroundPoint:x/y,139.636706853883,35.4908477296518,4863.29310078135,1,12,1157-1430,0,埋蔵文化財包蔵地,5,139.636698935,35.49090458,港北区NO.242,港北区,港北区NO.242,埋蔵文化財包蔵地,,[],畑地・宅地,港北区,仲手原一丁目7付近,縄文・平安,242,散布地,低台地上,100×80,,,
1156-1430,1156,1430,埋蔵文化財包蔵地,港北区NO.243,港北区NO.243,港北区NO.243,篠原台町17付近,散布地,宅地,台地上,,縄文(中期),243,139.63349499,35.49011398,JsonThemeAroundPoint:x/y,139.633505679653,35.490072453521,4789.96762239662,1,12,1156-1430,0,埋蔵文化財包蔵地,5,139.63349499,35.49011398,港北区NO.243,港北区,港北区NO.243,埋蔵文化財包蔵地,,[],宅地,港北区,篠原台町17付近,縄文(中期),243,散布地,台地上,,,,
1155-1430,1155,1430,埋蔵文化財包蔵地,港北区NO.244,港北区NO.244,港北区NO.244,仲手原二丁目34付近,散布地,学校,台地上,,縄文(早・中・後期),244,139.629657855,35.493208645,JsonThemeAroundPoint:x/y,139.629586661135,35.493088011029,5170.9657575194,1,12,1155-1430,0,埋蔵文化財包蔵地,5,139.629657855,35.493208645,港北区NO.244,港北区,港北区NO.244,埋蔵文化財包蔵地,,[],学校,港北区,仲手原二丁目34付近,縄文(早・中・後期),244,散布地,台地上,,,,
1086-1430,1086,1430,埋蔵文化財包蔵地,港北区NO.245,港北区NO.245,港北区NO.245,新羽町1162付近,散布地・横穴墓,竹林・荒地,台地上・崖,80×50,縄文・古墳・中近世,247,139.611419705,35.5122657,JsonThemeAroundPoint:x/y,139.611435144421,35.512242643512,7621.89698065976,1,12,1086-1430,0,埋蔵文化財包蔵地,5,139.611419705,35.5122657,港北区NO.245,港北区,港北区NO.245,埋蔵文化財包蔵地,,[],竹林・荒地,港北区,新羽町1162付近,縄文・古墳・中近世,247,散布地・横穴墓,台地上・崖,80×50,,,
970-1430,970,1430,埋蔵文化財包蔵地,港北区NO.246,港北区NO.246,港北区NO.246,日吉四丁目1付近,地下壕,学校用地,台地上・斜面～地中,200×150,近代(昭和前半期),248,139.655453605,35.549455895,JsonThemeAroundPoint:x/y,139.655281186708,35.549388541672,11488.4682876873,1,12,970-1430,0,埋蔵文化財包蔵地,5,139.655453605,35.549455895,港北区NO.246,港北区,港北区NO.246,埋蔵文化財包蔵地,,[],学校用地,港北区,日吉四丁目1付近,近代(昭和前半期),248,地下壕,台地上・斜面～地中,200×150,,,
980-1430,980,1430,埋蔵文化財包蔵地,港北区NO.249,港北区NO.249,港北区NO.249,日吉本町三丁目5・箕輪町三丁目13付近,地下壕,宅地・公園,台地斜面～地中,350×200,近代(昭和前半期),251,139.64471808,35.54587361,JsonThemeAroundPoint:x/y,139.64491541852,35.5457932115571,10995.5373736872,1,12,980-1430,0,埋蔵文化財包蔵地,5,139.64471808,35.54587361,港北区NO.249,港北区,港北区NO.249,埋蔵文化財包蔵地,,[],宅地・公園,港北区,日吉本町三丁目5・箕輪町三丁目13付近,近代(昭和前半期),251,地下壕,台地斜面～地中,350×200,,,
955-1430,955,1430,埋蔵文化財包蔵地,港北区NO.25,港北区NO.25,港北区NO.25,下田町二丁目8付近,集落跡・貝塚,宅地・畑地,台地上,230×130,縄文(前期),53,139.641749505,35.55521328,JsonThemeAroundPoint:x/y,139.641669759418,35.5552174357301,12021.85261809,1,12,955-1430,0,埋蔵文化財包蔵地,5,139.641749505,35.55521328,港北区NO.25,港北区,港北区NO.25,埋蔵文化財包蔵地,,[],宅地・畑地,港北区,下田町二丁目8付近,縄文(前期),53,集落跡・貝塚,台地上,230×130,,,
2319-1430,2319,1430,埋蔵文化財包蔵地,港北区NO.250,港北区NO.250,港北区NO.250,日吉五丁目1744付近,横穴墓,宅地,台地斜面,,古墳(後期),252,139.65105614,35.54327034,JsonThemeAroundPoint:x/y,139.651053178225,35.5432695913453,10755.5911469131,1,12,2319-1430,0,埋蔵文化財包蔵地,5,139.65105614,35.54327034,港北区NO.250,港北区,港北区NO.250,埋蔵文化財包蔵地,,[],宅地,港北区,日吉五丁目1744付近,古墳(後期),252,横穴墓,台地斜面,,,,
2418-1430,2418,1430,埋蔵文化財包蔵地,港北区NO.251,港北区NO.251,港北区NO.251,新吉田町1220付近,貝塚,宅地,台地上・斜面,20×10,縄文（中期）,206,139.62646553,35.539062995,JsonThemeAroundPoint:x/y,139.626532377338,35.539083540082,10270.8085523014,1,12,2418-1430,0,埋蔵文化財包蔵地,5,139.62646553,35.539062995,港北区NO.251,港北区,港北区NO.251,埋蔵文化財包蔵地,,[],宅地,港北区,新吉田町1220付近,縄文（中期）,206,貝塚,台地上・斜面,20×10,,,
956-1430,956,1430,埋蔵文化財包蔵地,港北区NO.26,港北区NO.26,港北区NO.26,下田町二丁目2付近,貝塚,宅地,台地上・斜面,200×100,縄文(早・前期),54,139.64236177,35.55358225,JsonThemeAroundPoint:x/y,139.642391341406,35.5535576350155,11842.3195878427,1,12,956-1430,0,埋蔵文化財包蔵地,5,139.64236177,35.55358225,港北区NO.26,港北区,港北区NO.26,埋蔵文化財包蔵地,,[],宅地,港北区,下田町二丁目2付近,縄文(早・前期),54,貝塚,台地上・斜面,200×100,,,
248-1430,248,1430,埋蔵文化財包蔵地,港北区NO.27,港北区NO.27,港北区NO.27,日吉一丁目20付近,貝塚,宅地,台地斜面,,縄文(前期),58,139.64367048,35.5545548,JsonThemeAroundPoint:x/y,139.6435520344,35.5545741274983,11955.1781862563,1,12,248-1430,0,埋蔵文化財包蔵地,5,139.64367048,35.5545548,港北区NO.27,港北区,港北区NO.27,埋蔵文化財包蔵地,,[],宅地,港北区,日吉一丁目20付近,縄文(前期),58,貝塚,台地斜面,,,,
249-1430,249,1430,埋蔵文化財包蔵地,港北区NO.28,港北区NO.28,港北区NO.28,日吉一丁目21付近,集落跡・貝塚,宅地,台地上・斜面,70×70,縄文(前期),59,139.64376177,35.55376834,JsonThemeAroundPoint:x/y,139.64376175619,35.5537757843324,11868.1538049891,1,12,249-1430,0,埋蔵文化財包蔵地,5,139.64376177,35.55376834,港北区NO.28,港北区,港北区NO.28,埋蔵文化財包蔵地,,[],宅地,港北区,日吉一丁目21付近,縄文(前期),59,集落跡・貝塚,台地上・斜面,70×70,,,
960-1430,960,1430,埋蔵文化財包蔵地,港北区NO.29,港北区NO.29,港北区NO.29,日吉一丁目14付近,散布地,宅地,台地上,70×30,縄文(早期)・弥生(後期)・古墳以降,60,139.64554196,35.5552362,JsonThemeAroundPoint:x/y,139.645467427365,35.5551917565631,12039.6586072649,1,12,960-1430,0,埋蔵文化財包蔵地,5,139.64554196,35.5552362,港北区NO.29,港北区,港北区NO.29,埋蔵文化財包蔵地,,[],宅地,港北区,日吉一丁目14付近,縄文(早期)・弥生(後期)・古墳以降,60,散布地,台地上,70×30,,,
944-1430,944,1430,埋蔵文化財包蔵地,港北区NO.3,港北区NO.3,港北区NO.3,高田町1739付近,集落跡,学校・畑地・宅地,台地上,500×300,縄文(早・前期)・弥生(後期)・古墳,9,139.621585325,35.553621905,JsonThemeAroundPoint:x/y,139.621680259652,35.553191460965,11929.6691148421,1,12,944-1430,0,埋蔵文化財包蔵地,5,139.621585325,35.553621905,港北区NO.3,港北区,港北区NO.3,埋蔵文化財包蔵地,,[],学校・畑地・宅地,港北区,高田町1739付近,縄文(早・前期)・弥生(後期)・古墳,9,集落跡,台地上,500×300,,,
983-1430,983,1430,埋蔵文化財包蔵地,港北区NO.30,港北区NO.30,港北区NO.30,日吉本町二丁目29付近,散布地,テニス場,台地上,100×50,縄文(早・中期)・中世,55,139.640441525,35.549961705,JsonThemeAroundPoint:x/y,139.640470721406,35.5499785350002,11434.7781323866,1,12,983-1430,0,埋蔵文化財包蔵地,5,139.640441525,35.549961705,港北区NO.30,港北区,港北区NO.30,埋蔵文化財包蔵地,,[],テニス場,港北区,日吉本町二丁目29付近,縄文(早・中期)・中世,55,散布地,台地上,100×50,,,
982-1430,982,1430,埋蔵文化財包蔵地,港北区NO.31,港北区NO.31,港北区NO.31,日吉本町二丁目42付近,散布地,宅地・雑木林,台地上,100×100,弥生(中・後期),56,139.64145983,35.548881445,JsonThemeAroundPoint:x/y,139.641400641421,35.548789423422,11316.996104236,1,12,982-1430,0,埋蔵文化財包蔵地,5,139.64145983,35.548881445,港北区NO.31,港北区,港北区NO.31,埋蔵文化財包蔵地,,[],宅地・雑木林,港北区,日吉本町二丁目42付近,弥生(中・後期),56,散布地,台地上,100×100,,,
961-1430,961,1430,埋蔵文化財包蔵地,港北区NO.34,港北区NO.34,港北区NO.34,日吉二丁目19付近,集落跡・貝塚,宅地・畑地,台地上,100×80,縄文(前期)・弥生(後期)・平安,66,139.64768413,35.555100305,JsonThemeAroundPoint:x/y,139.647642881767,35.5550851593558,12037.5251344396,1,12,961-1430,0,埋蔵文化財包蔵地,5,139.64768413,35.555100305,港北区NO.34,港北区,港北区NO.34,埋蔵文化財包蔵地,,[],宅地・畑地,港北区,日吉二丁目19付近,縄文(前期)・弥生(後期)・平安,66,集落跡・貝塚,台地上,100×80,,,
962-1430,962,1430,埋蔵文化財包蔵地,港北区NO.35,港北区NO.35,港北区NO.35,日吉二丁目21付近,集落跡,畑地・宅地・公園,台地上,250×100,縄文(早・前期)・弥生(後期)・古墳,67,139.6498973,35.556053675,JsonThemeAroundPoint:x/y,139.649731718226,35.5561166925682,12159.8010169646,1,12,962-1430,0,埋蔵文化財包蔵地,5,139.6498973,35.556053675,港北区NO.35,港北区,港北区NO.35,埋蔵文化財包蔵地,,[],畑地・宅地・公園,港北区,日吉二丁目21付近,縄文(早・前期)・弥生(後期)・古墳,67,集落跡,台地上,250×100,,,
250-1430,250,1430,埋蔵文化財包蔵地,港北区NO.36,港北区NO.36,港北区NO.36,日吉二丁目26付近,古墳,宅地,台地上,D-20,古墳(後期),68,139.651718375,35.55485062,JsonThemeAroundPoint:x/y,139.65171835619,35.554858287778,12042.7482214451,1,12,250-1430,0,埋蔵文化財包蔵地,5,139.651718375,35.55485062,港北区NO.36,港北区,港北区NO.36,埋蔵文化財包蔵地,,[],宅地,港北区,日吉二丁目26付近,古墳(後期),68,古墳,台地上,D-20,,,
984-1430,984,1430,埋蔵文化財包蔵地,港北区NO.37,港北区NO.37,港北区NO.37,日吉本町一丁目38付近,散布地,宅地,台地上,130×100,弥生(後期)・古墳以降,61,139.645257195,35.550040165,JsonThemeAroundPoint:x/y,139.645319638414,35.5501088937549,11461.1087350838,1,12,984-1430,0,埋蔵文化財包蔵地,5,139.645257195,35.550040165,港北区NO.37,港北区,港北区NO.37,埋蔵文化財包蔵地,,[],宅地,港北区,日吉本町一丁目38付近,弥生(後期)・古墳以降,61,散布地,台地上,130×100,,,
251-1430,251,1430,埋蔵文化財包蔵地,港北区NO.38,港北区NO.38,港北区NO.38,日吉本町一丁目45付近,集落跡,学校,台地上,,古墳(後期),62,139.64557892,35.548318515,JsonThemeAroundPoint:x/y,139.645578903374,35.5483264419043,11271.7239416855,1,12,251-1430,0,埋蔵文化財包蔵地,5,139.64557892,35.548318515,港北区NO.38,港北区,港北区NO.38,埋蔵文化財包蔵地,,[],学校,港北区,日吉本町一丁目45付近,古墳(後期),62,集落跡,台地上,,,,
978-1430,978,1430,埋蔵文化財包蔵地,港北区NO.39,港北区NO.39,港北区NO.39,日吉本町一丁目30付近,貝塚,宅地,台地上,200×100,縄文(前期)・弥生(後期),63,139.64758829,35.54743163,JsonThemeAroundPoint:x/y,139.647601480248,35.5473355012052,11186.296384036,1,12,978-1430,0,埋蔵文化財包蔵地,5,139.64758829,35.54743163,港北区NO.39,港北区,港北区NO.39,埋蔵文化財包蔵地,,[],宅地,港北区,日吉本町一丁目30付近,縄文(前期)・弥生(後期),63,貝塚,台地上,200×100,,,
945-1430,945,1430,埋蔵文化財包蔵地,港北区NO.4,港北区NO.4,港北区NO.4,高田西三丁目9付近,散布地,宅地,台地上,140×90,縄文(後期),12,139.621479005,35.550410095,JsonThemeAroundPoint:x/y,139.621504700498,35.5503822657488,11576.3820923026,1,12,945-1430,0,埋蔵文化財包蔵地,5,139.621479005,35.550410095,港北区NO.4,港北区,港北区NO.4,埋蔵文化財包蔵地,,[],宅地,港北区,高田西三丁目9付近,縄文(後期),12,散布地,台地上,140×90,,,
963-1430,963,1430,埋蔵文化財包蔵地,港北区NO.42,港北区NO.42,港北区NO.42,日吉三丁目9付近,散布地,学校,台地上,150×80,弥生・古墳以降,69,139.655774405,35.55295461,JsonThemeAroundPoint:x/y,139.655646356324,35.5529627035379,11877.9575088838,1,12,963-1430,0,埋蔵文化財包蔵地,5,139.655774405,35.55295461,港北区NO.42,港北区,港北区NO.42,埋蔵文化財包蔵地,,[],学校,港北区,日吉三丁目9付近,弥生・古墳以降,69,散布地,台地上,150×80,,,
965-1430,965,1430,埋蔵文化財包蔵地,港北区NO.43,港北区NO.43,港北区NO.43,日吉三丁目14付近,散布地・古墳,学校・グランド,台地上,"D90,220×120",縄文(早期)・弥生(後期)・古墳・古墳以降,70,139.65956557,35.551497165,JsonThemeAroundPoint:x/y,139.65957605226,35.5514347095641,11770.1950602229,1,12,965-1430,0,埋蔵文化財包蔵地,5,139.65956557,35.551497165,港北区NO.43,港北区,港北区NO.43,埋蔵文化財包蔵地,,[],学校・グランド,港北区,日吉三丁目14付近,縄文(早期)・弥生(後期)・古墳・古墳以降,70,散布地・古墳,台地上,"D90,220×120",,,
964-1430,964,1430,埋蔵文化財包蔵地,港北区NO.44,港北区NO.44,港北区NO.44,日吉三丁目13付近,散布地,雑木林・宅地,台地斜面,,(不明),71,139.656305175,35.551438155,JsonThemeAroundPoint:x/y,139.656301831047,35.5514057212506,11717.6900728816,1,12,964-1430,0,埋蔵文化財包蔵地,5,139.656305175,35.551438155,港北区NO.44,港北区,港北区NO.44,埋蔵文化財包蔵地,,[],雑木林・宅地,港北区,日吉三丁目13付近,(不明),71,散布地,台地斜面,,,,
967-1430,967,1430,埋蔵文化財包蔵地,港北区NO.45,港北区NO.45,港北区NO.45,日吉四丁目1付近,散布地・古墳,学校,台地上,150×110,縄文(前期)・弥生(後期)・古墳・古墳以降,72,139.652110775,35.55198355,JsonThemeAroundPoint:x/y,139.652055098797,35.5519456869226,11729.5067827635,1,12,967-1430,0,埋蔵文化財包蔵地,5,139.652110775,35.55198355,港北区NO.45,港北区,港北区NO.45,埋蔵文化財包蔵地,,[],学校,港北区,日吉四丁目1付近,縄文(前期)・弥生(後期)・古墳・古墳以降,72,散布地・古墳,台地上,150×110,,,
968-1430,968,1430,埋蔵文化財包蔵地,港北区NO.46,港北区NO.46,港北区NO.46,日吉四丁目1付近,集落跡,学校,台地上,200×100,弥生(後期)・古墳以降,73,139.651505735,35.550305945,JsonThemeAroundPoint:x/y,139.651548727553,35.5502173006826,11537.9996005259,1,12,968-1430,0,埋蔵文化財包蔵地,5,139.651505735,35.550305945,港北区NO.46,港北区,港北区NO.46,埋蔵文化財包蔵地,,[],学校,港北区,日吉四丁目1付近,弥生(後期)・古墳以降,73,集落跡,台地上,200×100,,,
971-1430,971,1430,埋蔵文化財包蔵地,港北区NO.48,港北区NO.48,港北区NO.48,日吉四丁目1付近,集落跡・古墳・城跡,野球場・雑木林,台地上,150×120,弥生(後期)・古墳(後期)・古墳以降,75,139.657408335,35.547720565,JsonThemeAroundPoint:x/y,139.657409919286,35.5476474714403,11323.8577237931,1,12,971-1430,0,埋蔵文化財包蔵地,5,139.657408335,35.547720565,港北区NO.48,港北区,港北区NO.48,埋蔵文化財包蔵地,,[],野球場・雑木林,港北区,日吉四丁目1付近,弥生(後期)・古墳(後期)・古墳以降,75,集落跡・古墳・城跡,台地上,150×120,,,
972-1430,972,1430,埋蔵文化財包蔵地,港北区NO.49,港北区NO.49,港北区NO.49,日吉四丁目1付近,散布地・古墳・城跡,グランド,台地上,150×100,縄文(前期)・弥生(後期)・古墳・古墳以降,76,139.656433385,35.546898935,JsonThemeAroundPoint:x/y,139.656399834476,35.5469155630359,11219.9306214564,1,12,972-1430,0,埋蔵文化財包蔵地,5,139.656433385,35.546898935,港北区NO.49,港北区,港北区NO.49,埋蔵文化財包蔵地,,[],グランド,港北区,日吉四丁目1付近,縄文(前期)・弥生(後期)・古墳・古墳以降,76,散布地・古墳・城跡,台地上,150×100,,,
946-1430,946,1430,埋蔵文化財包蔵地,港北区NO.5,港北区NO.5,港北区NO.5,新吉田町58付近,集落跡,畑地,台地上・斜面,220×180,縄文(中期)・弥生(中期)・古墳・平安・中世,14,139.61035021,35.547239535,JsonThemeAroundPoint:x/y,139.610327852736,35.5472900656577,11403.038695367,1,12,946-1430,0,埋蔵文化財包蔵地,5,139.61035021,35.547239535,港北区NO.5,港北区,港北区NO.5,埋蔵文化財包蔵地,,[],畑地,港北区,新吉田町58付近,縄文(中期)・弥生(中期)・古墳・平安・中世,14,集落跡,台地上・斜面,220×180,,,
974-1430,974,1430,埋蔵文化財包蔵地,港北区NO.50,港北区NO.50,港北区NO.50,日吉四丁目1-3付近,集落跡,グランド他,台地上,200×180,弥生(後期)・古墳以降,77,139.652269295,35.546983785,JsonThemeAroundPoint:x/y,139.652081650377,35.5470581451203,11178.5922263296,1,12,974-1430,0,埋蔵文化財包蔵地,5,139.652269295,35.546983785,港北区NO.50,港北区,港北区NO.50,埋蔵文化財包蔵地,,[],グランド他,港北区,日吉四丁目1-3付近,弥生(後期)・古墳以降,77,集落跡,台地上,200×180,,,
2303-1430,2303,1430,埋蔵文化財包蔵地,港北区NO.53,港北区NO.53,港北区NO.53,日吉五丁目2-11付近,横穴墓,神社境内,崖,,古墳(後期),80,139.65414369,35.54460172,JsonThemeAroundPoint:x/y,139.654136908819,35.5445986936202,10937.2595474775,1,12,2303-1430,0,埋蔵文化財包蔵地,5,139.65414369,35.54460172,港北区NO.53,港北区,港北区NO.53,埋蔵文化財包蔵地,,[],神社境内,港北区,日吉五丁目2-11付近,古墳(後期),80,横穴墓,崖,,,,
977-1430,977,1430,埋蔵文化財包蔵地,港北区NO.54,港北区NO.54,港北区NO.54,箕輪一丁目14付近,集落跡・横穴墓,宅地,台地上・崖,140×120,弥生末～古墳,81,139.65075663,35.54557827,JsonThemeAroundPoint:x/y,139.650810811951,35.5456185813517,11007.8174602303,1,12,977-1430,0,埋蔵文化財包蔵地,5,139.65075663,35.54557827,港北区NO.54,港北区,港北区NO.54,埋蔵文化財包蔵地,,[],宅地,港北区,箕輪一丁目14付近,弥生末～古墳,81,集落跡・横穴墓,台地上・崖,140×120,,,
992-1430,992,1430,埋蔵文化財包蔵地,港北区NO.56,港北区NO.56,港北区NO.56,新吉田町4535付近,散布地,畑地・宅地,台地上,200×150,弥生(後期)・古墳(前期)・歴史,18,139.60982772,35.544136215,JsonThemeAroundPoint:x/y,139.60998081621,35.5441203857109,11077.0722848989,1,12,992-1430,0,埋蔵文化財包蔵地,5,139.60982772,35.544136215,港北区NO.56,港北区,港北区NO.56,埋蔵文化財包蔵地,,[],畑地・宅地,港北区,新吉田町4535付近,弥生(後期)・古墳(前期)・歴史,18,散布地,台地上,200×150,,,
993-1430,993,1430,埋蔵文化財包蔵地,港北区NO.57,港北区NO.57,港北区NO.57,新吉田町4511付近,散布地？,宅地・畑地,台地上,150×80,(不明),19,139.60951355,35.542879375,JsonThemeAroundPoint:x/y,139.609502564472,35.5428557569299,10947.6197772927,1,12,993-1430,0,埋蔵文化財包蔵地,5,139.60951355,35.542879375,港北区NO.57,港北区,港北区NO.57,埋蔵文化財包蔵地,,[],宅地・畑地,港北区,新吉田町4511付近,(不明),19,散布地？,台地上,150×80,,,
995-1430,995,1430,埋蔵文化財包蔵地,港北区NO.58,港北区NO.58,港北区NO.58,新吉田町5109付近,集落跡,道路用地,台地上,170×80,縄文(早・前期)・平安,20,139.60686328,35.54228581,JsonThemeAroundPoint:x/y,139.606847395371,35.5423486022633,10942.3961979474,1,12,995-1430,0,埋蔵文化財包蔵地,5,139.60686328,35.54228581,港北区NO.58,港北区,港北区NO.58,埋蔵文化財包蔵地,,[],道路用地,港北区,新吉田町5109付近,縄文(早・前期)・平安,20,集落跡,台地上,170×80,,,
999-1430,999,1430,埋蔵文化財包蔵地,港北区NO.59,港北区NO.59,港北区NO.59,新吉田町5869付近,集落跡,道路用地,台地上,300×200,縄文(早・前・中・後期),21,139.606971345,35.540560925,JsonThemeAroundPoint:x/y,139.607226825026,35.5403492987626,10754.4637971055,1,12,999-1430,0,埋蔵文化財包蔵地,5,139.606971345,35.540560925,港北区NO.59,港北区,港北区NO.59,埋蔵文化財包蔵地,,[],道路用地,港北区,新吉田町5869付近,縄文(早・前・中・後期),21,集落跡,台地上,300×200,,,
947-1430,947,1430,埋蔵文化財包蔵地,港北区NO.6,港北区NO.6,港北区NO.6,新吉田町4569付近,集落跡,畑地,台地上,230×100,縄文(前・中期)・古墳・歴史,15,139.60921941,35.54578059,JsonThemeAroundPoint:x/y,139.609037788281,35.5457080564949,11267.7642417456,1,12,947-1430,0,埋蔵文化財包蔵地,5,139.60921941,35.54578059,港北区NO.6,港北区,港北区NO.6,埋蔵文化財包蔵地,,[],畑地,港北区,新吉田町4569付近,縄文(前・中期)・古墳・歴史,15,集落跡,台地上,230×100,,,
996-1430,996,1430,埋蔵文化財包蔵地,港北区NO.60,港北区NO.60,港北区NO.60,新吉田町5264付近,散布地,雑木林,台地上,150×30,縄文(中期)・古墳・歴史,22,139.60946636,35.540937255,JsonThemeAroundPoint:x/y,139.609382044924,35.5409445854651,10738.6929690402,1,12,996-1430,0,埋蔵文化財包蔵地,5,139.60946636,35.540937255,港北区NO.60,港北区,港北区NO.60,埋蔵文化財包蔵地,,[],雑木林,港北区,新吉田町5264付近,縄文(中期)・古墳・歴史,22,散布地,台地上,150×30,,,
997-1430,997,1430,埋蔵文化財包蔵地,港北区NO.61,港北区NO.61,港北区NO.61,新吉田町5862付近,富士塚,雑木林,台地上,,近世,23,139.608737785,35.53971221,JsonThemeAroundPoint:x/y,139.608736917551,35.5397078940025,10622.5532765872,1,12,997-1430,0,埋蔵文化財包蔵地,5,139.608737785,35.53971221,港北区NO.61,港北区,港北区NO.61,埋蔵文化財包蔵地,,[],雑木林,港北区,新吉田町5862付近,近世,23,富士塚,台地上,,,,
998-1430,998,1430,埋蔵文化財包蔵地,港北区NO.62,港北区NO.62,港北区NO.62,新吉田町5852付近,散布地,畑地,台地上,90×40,縄文,24,139.60950108,35.53980728,JsonThemeAroundPoint:x/y,139.609463158284,35.5398269327516,10615.9056815443,1,12,998-1430,0,埋蔵文化財包蔵地,5,139.60950108,35.53980728,港北区NO.62,港北区,港北区NO.62,埋蔵文化財包蔵地,,[],畑地,港北区,新吉田町5852付近,縄文,24,散布地,台地上,90×40,,,
1005-1430,1005,1430,埋蔵文化財包蔵地,港北区NO.63,港北区NO.63,港北区NO.63,新吉田町4070付近,集落跡,畑地・宅地,台地上,350×180,縄文(前・中期)・弥生(後期)・古墳(前・後期)・奈良・平安,27,139.616233345,35.544466665,JsonThemeAroundPoint:x/y,139.616374261764,35.5442545502993,10995.2068177048,1,12,1005-1430,0,埋蔵文化財包蔵地,5,139.616233345,35.544466665,港北区NO.63,港北区,港北区NO.63,埋蔵文化財包蔵地,,[],畑地・宅地,港北区,新吉田町4070付近,縄文(前・中期)・弥生(後期)・古墳(前・後期)・奈良・平安,27,集落跡,台地上,350×180,,,
1004-1430,1004,1430,埋蔵文化財包蔵地,港北区NO.64,港北区NO.64,港北区NO.64,新吉田町4249付近,散布地,畑地,台地上,170×120,縄文(前期)・弥生(後期)・古墳・中世,28,139.615148745,35.542386485,JsonThemeAroundPoint:x/y,139.615146967418,35.5423293224134,10785.7791898648,1,12,1004-1430,0,埋蔵文化財包蔵地,5,139.615148745,35.542386485,港北区NO.64,港北区,港北区NO.64,埋蔵文化財包蔵地,,[],畑地,港北区,新吉田町4249付近,縄文(前期)・弥生(後期)・古墳・中世,28,散布地,台地上,170×120,,,
1003-1430,1003,1430,埋蔵文化財包蔵地,港北区NO.65,港北区NO.65,港北区NO.65,新吉田町4150付近,集落跡,畑地,台地上,170×100,縄文(早・前・中期)・弥生(後期)・古墳・歴史,29,139.617169895,35.54160026,JsonThemeAroundPoint:x/y,139.61729519574,35.5415319711863,10666.3688133904,1,12,1003-1430,0,埋蔵文化財包蔵地,5,139.617169895,35.54160026,港北区NO.65,港北区,港北区NO.65,埋蔵文化財包蔵地,,[],畑地,港北区,新吉田町4150付近,縄文(早・前・中期)・弥生(後期)・古墳・歴史,29,集落跡,台地上,170×100,,,
1002-1430,1002,1430,埋蔵文化財包蔵地,港北区NO.66,港北区NO.66,港北区NO.66,新吉田町4200付近,散布地・塚,畑地,台地上,110×90,縄文(前・中期)・歴史,30,139.615803615,35.540956695,JsonThemeAroundPoint:x/y,139.615771765375,35.5409432793833,10618.3824427183,1,12,1002-1430,0,埋蔵文化財包蔵地,5,139.615803615,35.540956695,港北区NO.66,港北区,港北区NO.66,埋蔵文化財包蔵地,,[],畑地,港北区,新吉田町4200付近,縄文(前・中期)・歴史,30,散布地・塚,台地上,110×90,,,
1001-1430,1001,1430,埋蔵文化財包蔵地,港北区NO.67,港北区NO.67,港北区NO.67,新吉田町4300付近,包含地,畑地,台地上,150×100,縄文(早・中期)・弥生(後期)・古墳(前期)・歴史,31,139.613888335,35.541193545,JsonThemeAroundPoint:x/y,139.613809622308,35.5411229842678,10678.0628779602,1,12,1001-1430,0,埋蔵文化財包蔵地,5,139.613888335,35.541193545,港北区NO.67,港北区,港北区NO.67,埋蔵文化財包蔵地,,[],畑地,港北区,新吉田町4300付近,縄文(早・中期)・弥生(後期)・古墳(前期)・歴史,31,包含地,台地上,150×100,,,
1000-1430,1000,1430,埋蔵文化財包蔵地,港北区NO.68,港北区NO.68,港北区NO.68,新吉田町4230付近,散布地,畑地,台地上・斜面,100×80,縄文(早・中期)・古墳以降,32,139.61370083,35.539656365,JsonThemeAroundPoint:x/y,139.613718792315,35.5396201439222,10514.1695711259,1,12,1000-1430,0,埋蔵文化財包蔵地,5,139.61370083,35.539656365,港北区NO.68,港北区,港北区NO.68,埋蔵文化財包蔵地,,[],畑地,港北区,新吉田町4230付近,縄文(早・中期)・古墳以降,32,散布地,台地上・斜面,100×80,,,
1031-1430,1031,1430,埋蔵文化財包蔵地,港北区NO.69,港北区NO.69,港北区NO.69,新吉田町5794付近,散布地,雑木林・荒地,台地上,110×70,古墳・歴史,25,139.607314605,35.53774626,JsonThemeAroundPoint:x/y,139.607316658825,35.5378214635692,10444.1187606362,1,12,1031-1430,0,埋蔵文化財包蔵地,5,139.607314605,35.53774626,港北区NO.69,港北区,港北区NO.69,埋蔵文化財包蔵地,,[],雑木林・荒地,港北区,新吉田町5794付近,古墳・歴史,25,散布地,台地上,110×70,,,
948-1430,948,1430,埋蔵文化財包蔵地,港北区NO.7,港北区NO.7,港北区NO.7,新吉田町4442付近,散布地,畑地,台地上,130×90,縄文(前期)・古墳・歴史,16,139.61260752,35.54473881,JsonThemeAroundPoint:x/y,139.61247320977,35.5446703299751,11087.8435883522,1,12,948-1430,0,埋蔵文化財包蔵地,5,139.61260752,35.54473881,港北区NO.7,港北区,港北区NO.7,埋蔵文化財包蔵地,,[],畑地,港北区,新吉田町4442付近,縄文(前期)・古墳・歴史,16,散布地,台地上,130×90,,,
1010-1430,1010,1430,埋蔵文化財包蔵地,港北区NO.70,港北区NO.70,港北区NO.70,新吉田町5757付近,散布地,畑地,台地上,100×60,縄文(前期)・弥生(後期)・古墳,26,139.61043011,35.538395685,JsonThemeAroundPoint:x/y,139.610457540829,35.5383446346622,10443.2944191678,1,12,1010-1430,0,埋蔵文化財包蔵地,5,139.61043011,35.538395685,港北区NO.70,港北区,港北区NO.70,埋蔵文化財包蔵地,,[],畑地,港北区,新吉田町5757付近,縄文(前期)・弥生(後期)・古墳,26,散布地,台地上,100×60,,,
1008-1430,1008,1430,埋蔵文化財包蔵地,港北区NO.71,港北区NO.71,港北区NO.71,新吉田町3660付近,散布地,畑地,台地上,120×100,縄文・古墳以降,33,139.617862415,35.538345625,JsonThemeAroundPoint:x/y,139.617883513139,35.5383502272429,10298.9102604619,1,12,1008-1430,0,埋蔵文化財包蔵地,5,139.617862415,35.538345625,港北区NO.71,港北区,港北区NO.71,埋蔵文化財包蔵地,,[],畑地,港北区,新吉田町3660付近,縄文・古墳以降,33,散布地,台地上,120×100,,,
1007-1430,1007,1430,埋蔵文化財包蔵地,港北区NO.72,港北区NO.72,港北区NO.72,新吉田町3785付近,散布地,宅地・畑地,低台地上・斜面,300×150,縄文(前・中期)・古墳以降・中近世,34,139.620468435,35.53904881,JsonThemeAroundPoint:x/y,139.620380077046,35.5390082395159,10337.5265920359,1,12,1007-1430,0,埋蔵文化財包蔵地,5,139.620468435,35.53904881,港北区NO.72,港北区,港北区NO.72,埋蔵文化財包蔵地,,[],宅地・畑地,港北区,新吉田町3785付近,縄文(前・中期)・古墳以降・中近世,34,散布地,低台地上・斜面,300×150,,,
1006-1430,1006,1430,埋蔵文化財包蔵地,港北区NO.75,港北区NO.75,港北区NO.75,新吉田町1006付近,集落跡,宅地・畑地,台地上,280×150,縄文(早・中期)・弥生(後期)・古墳・奈良・平安,37,139.62296722,35.54034684,JsonThemeAroundPoint:x/y,139.622872250725,35.5403063962315,10448.8363769671,1,12,1006-1430,0,埋蔵文化財包蔵地,5,139.62296722,35.54034684,港北区NO.75,港北区,港北区NO.75,埋蔵文化財包蔵地,,[],宅地・畑地,港北区,新吉田町1006付近,縄文(早・中期)・弥生(後期)・古墳・奈良・平安,37,集落跡,台地上,280×150,,,
1032-1430,1032,1430,埋蔵文化財包蔵地,港北区NO.76,港北区NO.76,港北区NO.76,新吉田町5747付近,散布地,雑木林・工場,台地上,130×60,縄文(早・前・中・後期)・弥生(後期),86,139.608326095,35.537463305,JsonThemeAroundPoint:x/y,139.608350918339,35.5374278309621,10389.8574274941,1,12,1032-1430,0,埋蔵文化財包蔵地,5,139.608326095,35.537463305,港北区NO.76,港北区,港北区NO.76,埋蔵文化財包蔵地,,[],雑木林・工場,港北区,新吉田町5747付近,縄文(早・前・中・後期)・弥生(後期),86,散布地,台地上,130×60,,,
1011-1430,1011,1430,埋蔵文化財包蔵地,港北区NO.77,港北区NO.77,港北区NO.77,新吉田町5484付近,散布地,畑地,台地上,230×100,縄文(前期)・弥生(後期)・歴史,87,139.61123497,35.5375611,JsonThemeAroundPoint:x/y,139.611141622105,35.5376538535296,10335.9194808791,1,12,1011-1430,0,埋蔵文化財包蔵地,5,139.61123497,35.5375611,港北区NO.77,港北区,港北区NO.77,埋蔵文化財包蔵地,,[],畑地,港北区,新吉田町5484付近,縄文(前期)・弥生(後期)・歴史,87,散布地,台地上,230×100,,,
1009-1430,1009,1430,埋蔵文化財包蔵地,港北区NO.78,港北区NO.78,港北区NO.78,新吉田町3445付近,集落跡,畑地・宅地,台地上,380×170,縄文(早・前・中期)・弥生(後期)・古墳(前・後期)・奈良・平安,88,139.61480449,35.53737576,JsonThemeAroundPoint:x/y,139.614781189343,35.5375872562004,10245.3397452554,1,12,1009-1430,0,埋蔵文化財包蔵地,5,139.61480449,35.53737576,港北区NO.78,港北区,港北区NO.78,埋蔵文化財包蔵地,,[],畑地・宅地,港北区,新吉田町3445付近,縄文(早・前・中期)・弥生(後期)・古墳(前・後期)・奈良・平安,88,集落跡,台地上,380×170,,,
950-1430,950,1430,埋蔵文化財包蔵地,港北区NO.8,港北区NO.8,港北区NO.8,高田町2139付近,散布地,畑地,台地上,120×110,縄文・弥生,3,139.62861459,35.55855087,JsonThemeAroundPoint:x/y,139.628820056138,35.5584153221801,12415.330249718,1,12,950-1430,0,埋蔵文化財包蔵地,5,139.62861459,35.55855087,港北区NO.8,港北区,港北区NO.8,埋蔵文化財包蔵地,,[],畑地,港北区,高田町2139付近,縄文・弥生,3,散布地,台地上,120×110,,,
1013-1430,1013,1430,埋蔵文化財包蔵地,港北区NO.80,港北区NO.80,港北区NO.80,新吉田町5556付近,塚？,雑木林,台地上,D-10,(不明),90,139.612092425,35.53607082,JsonThemeAroundPoint:x/y,139.612093027595,35.5360708234399,10156.6764729407,1,12,1013-1430,0,埋蔵文化財包蔵地,5,139.612092425,35.53607082,港北区NO.80,港北区,港北区NO.80,埋蔵文化財包蔵地,,[],雑木林,港北区,新吉田町5556付近,(不明),90,塚？,台地上,D-10,,,
1014-1430,1014,1430,埋蔵文化財包蔵地,港北区NO.81,港北区NO.81,港北区NO.81,新吉田町5530付近,集落跡,宅地,台地上,100×50,縄文(早期)・弥生・古墳,91,139.61155208,35.53554095,JsonThemeAroundPoint:x/y,139.611527745313,35.5354887313896,10110.6934890697,1,12,1014-1430,0,埋蔵文化財包蔵地,5,139.61155208,35.53554095,港北区NO.81,港北区,港北区NO.81,埋蔵文化財包蔵地,,[],宅地,港北区,新吉田町5530付近,縄文(早期)・弥生・古墳,91,集落跡,台地上,100×50,,,
1012-1430,1012,1430,埋蔵文化財包蔵地,港北区NO.82,港北区NO.82,港北区NO.82,新吉田町5514付近,散布地,畑地,台地上,100×50,縄文(前・中期)・弥生(後期)・古墳・歴史,92,139.609730645,35.53648703,JsonThemeAroundPoint:x/y,139.609742231788,35.5364926282456,10252.6603897221,1,12,1012-1430,0,埋蔵文化財包蔵地,5,139.609730645,35.53648703,港北区NO.82,港北区,港北区NO.82,埋蔵文化財包蔵地,,[],畑地,港北区,新吉田町5514付近,縄文(前・中期)・弥生(後期)・古墳・歴史,92,散布地,台地上,100×50,,,
1033-1430,1033,1430,埋蔵文化財包蔵地,港北区NO.83,港北区NO.83,港北区NO.83,新吉田町5742付近,散布地,畑地・雑木林,谷頭,90×50,縄文(早期)・古墳～平安,93,139.608593895,35.53665443,JsonThemeAroundPoint:x/y,139.608630921912,35.5366760283302,10296.6591923801,1,12,1033-1430,0,埋蔵文化財包蔵地,5,139.608593895,35.53665443,港北区NO.83,港北区,港北区NO.83,埋蔵文化財包蔵地,,[],畑地・雑木林,港北区,新吉田町5742付近,縄文(早期)・古墳～平安,93,散布地,谷頭,90×50,,,
1034-1430,1034,1430,埋蔵文化財包蔵地,港北区NO.84,港北区NO.84,港北区NO.84,新吉田町5786付近,散布地,宅地・雑木林,台地上・斜面,150×130,縄文(早・前・中期),94,139.607241265,35.536175405,JsonThemeAroundPoint:x/y,139.607212100622,35.5360813590793,10277.4634901255,1,12,1034-1430,0,埋蔵文化財包蔵地,5,139.607241265,35.536175405,港北区NO.84,港北区,港北区NO.84,埋蔵文化財包蔵地,,[],宅地・雑木林,港北区,新吉田町5786付近,縄文(早・前・中期),94,散布地,台地上・斜面,150×130,,,
1030-1430,1030,1430,埋蔵文化財包蔵地,港北区NO.85,港北区NO.85,港北区NO.85,新吉田町6089付近,散布地,雑木林,台地上・斜面,90×50,縄文(早・前期),85,139.602612545,35.537462355,JsonThemeAroundPoint:x/y,139.602596633903,35.5374746203254,10534.5521467627,1,12,1030-1430,0,埋蔵文化財包蔵地,5,139.602612545,35.537462355,港北区NO.85,港北区,港北区NO.85,埋蔵文化財包蔵地,,[],雑木林,港北区,新吉田町6089付近,縄文(早・前期),85,散布地,台地上・斜面,90×50,,,
1035-1430,1035,1430,埋蔵文化財包蔵地,港北区NO.86,港北区NO.86,港北区NO.86,新吉田町5714付近,散布地,畑地,台地上・斜面,100×70,縄文・弥生・古墳以降,95,139.60877072,35.53562433,JsonThemeAroundPoint:x/y,139.608729573217,35.5356170794129,10181.8003592872,1,12,1035-1430,0,埋蔵文化財包蔵地,5,139.60877072,35.53562433,港北区NO.86,港北区,港北区NO.86,埋蔵文化財包蔵地,,[],畑地,港北区,新吉田町5714付近,縄文・弥生・古墳以降,95,散布地,台地上・斜面,100×70,,,
252-1430,252,1430,埋蔵文化財包蔵地,港北区NO.87,港北区NO.87,港北区NO.87,新吉田町5524付近,散布地・貝塚,宅地,台地上,100×80,縄文(中・後期)・弥生・古墳,96,139.609673855,35.535489235,JsonThemeAroundPoint:x/y,139.60965536933,35.5354828763845,10146.4459713725,1,12,252-1430,0,埋蔵文化財包蔵地,5,139.609673855,35.535489235,港北区NO.87,港北区,港北区NO.87,埋蔵文化財包蔵地,,[],宅地,港北区,新吉田町5524付近,縄文(中・後期)・弥生・古墳,96,散布地・貝塚,台地上,100×80,,,
253-1430,253,1430,埋蔵文化財包蔵地,港北区NO.88,港北区NO.88,港北区NO.88,新吉田町5524付近,散布地,宅地,台地上,,(不明),97,139.610423285,35.535133385,JsonThemeAroundPoint:x/y,139.610423265114,35.5351404779115,10091.2458878326,1,12,253-1430,0,埋蔵文化財包蔵地,5,139.610423285,35.535133385,港北区NO.88,港北区,港北区NO.88,埋蔵文化財包蔵地,,[],宅地,港北区,新吉田町5524付近,(不明),97,散布地,台地上,,,,
1036-1430,1036,1430,埋蔵文化財包蔵地,港北区NO.89,港北区NO.89,港北区NO.89,新吉田町3382付近,集落跡・貝塚,宅地・公園,台地上,230×150,縄文(早・前・中期)・弥生(中・後期)・古墳(前期),98,139.61225074,35.534183605,JsonThemeAroundPoint:x/y,139.612260277121,35.5341572493662,9949.08305743542,1,12,1036-1430,0,埋蔵文化財包蔵地,5,139.61225074,35.534183605,港北区NO.89,港北区,港北区NO.89,埋蔵文化財包蔵地,,[],宅地・公園,港北区,新吉田町3382付近,縄文(早・前・中期)・弥生(中・後期)・古墳(前期),98,集落跡・貝塚,台地上,230×150,,,
951-1430,951,1430,埋蔵文化財包蔵地,港北区NO.9,港北区NO.9,港北区NO.9,下田町三丁目19付近,散布地,宅地,台地上,70×60,縄文(早・前期),4,139.63321426,35.55772104,JsonThemeAroundPoint:x/y,139.633168393883,35.557653720446,12302.2441259098,1,12,951-1430,0,埋蔵文化財包蔵地,5,139.63321426,35.55772104,港北区NO.9,港北区,港北区NO.9,埋蔵文化財包蔵地,,[],宅地,港北区,下田町三丁目19付近,縄文(早・前期),4,散布地,台地上,70×60,,,
1037-1430,1037,1430,埋蔵文化財包蔵地,港北区NO.90,港北区NO.90,港北区NO.90,新吉田町3288付近,散布地,畑地・宅地,台地上,100×100,縄文(前・中期)・弥生,99,139.612864155,35.53275921,JsonThemeAroundPoint:x/y,139.612871385672,35.5327761366876,9782.06218231099,1,12,1037-1430,0,埋蔵文化財包蔵地,5,139.612864155,35.53275921,港北区NO.90,港北区,港北区NO.90,埋蔵文化財包蔵地,,[],畑地・宅地,港北区,新吉田町3288付近,縄文(前・中期)・弥生,99,散布地,台地上,100×100,,,
1038-1430,1038,1430,埋蔵文化財包蔵地,港北区NO.91,港北区NO.91,港北区NO.91,新吉田町3294付近,散布地・塚？,雑木林,台地上,140×60,古墳(後期)・歴史,100,139.614173895,35.53189402,JsonThemeAroundPoint:x/y,139.614138933544,35.5318135235575,9661.48968438867,1,12,1038-1430,0,埋蔵文化財包蔵地,5,139.614173895,35.53189402,港北区NO.91,港北区,港北区NO.91,埋蔵文化財包蔵地,,[],雑木林,港北区,新吉田町3294付近,古墳(後期)・歴史,100,散布地・塚？,台地上,140×60,,,
1039-1430,1039,1430,埋蔵文化財包蔵地,港北区NO.92,港北区NO.92,港北区NO.92,新吉田町3215付近,散布地,畑地・宅地,台地斜面,180×50,縄文(前期)・古墳・歴史,101,139.61219258,35.531104645,JsonThemeAroundPoint:x/y,139.612248522349,35.5310402296186,9617.52978186603,1,12,1039-1430,0,埋蔵文化財包蔵地,5,139.61219258,35.531104645,港北区NO.92,港北区,港北区NO.92,埋蔵文化財包蔵地,,[],畑地・宅地,港北区,新吉田町3215付近,縄文(前期)・古墳・歴史,101,散布地,台地斜面,180×50,,,
1040-1430,1040,1430,埋蔵文化財包蔵地,港北区NO.93,港北区NO.93,港北区NO.93,新吉田町3220付近,包含地,学校,台地上,180×70,古墳・歴史,102,139.613212555,35.52996689,JsonThemeAroundPoint:x/y,139.61315691685,35.5299173027064,9472.60805890515,1,12,1040-1430,0,埋蔵文化財包蔵地,5,139.613212555,35.52996689,港北区NO.93,港北区,港北区NO.93,埋蔵文化財包蔵地,,[],学校,港北区,新吉田町3220付近,古墳・歴史,102,包含地,台地上,180×70,,,
1041-1430,1041,1430,埋蔵文化財包蔵地,港北区NO.95,港北区NO.95,港北区NO.95,新吉田町3158付近,散布地,畑地・宅地,低台地上,100×60,弥生・古墳・歴史,104,139.611521215,35.529685565,JsonThemeAroundPoint:x/y,139.611555313917,35.5296353147373,9479.46180550988,1,12,1041-1430,0,埋蔵文化財包蔵地,5,139.611521215,35.529685565,港北区NO.95,港北区,港北区NO.95,埋蔵文化財包蔵地,,[],畑地・宅地,港北区,新吉田町3158付近,弥生・古墳・歴史,104,散布地,低台地上,100×60,,,
1029-1430,1029,1430,埋蔵文化財包蔵地,港北区NO.96,港北区NO.96,港北区NO.96,新羽町4493付近,散布地,畑地・宅地,台地上,220×70,縄文(早・前期),105,139.602132935,35.535065355,JsonThemeAroundPoint:x/y,139.601966009254,35.5350776018952,10294.2356560181,1,12,1029-1430,0,埋蔵文化財包蔵地,5,139.602132935,35.535065355,港北区NO.96,港北区,港北区NO.96,埋蔵文化財包蔵地,,[],畑地・宅地,港北区,新羽町4493付近,縄文(早・前期),105,散布地,台地上,220×70,,,
1028-1430,1028,1430,埋蔵文化財包蔵地,港北区NO.97,港北区NO.97,港北区NO.97,新羽町4484付近,散布地,畑地,台地上・斜面,80×80,縄文(早・前・中期),106,139.60097473,35.53388487,JsonThemeAroundPoint:x/y,139.600963361749,35.5338087677217,10203.4218338269,1,12,1028-1430,0,埋蔵文化財包蔵地,5,139.60097473,35.53388487,港北区NO.97,港北区,港北区NO.97,埋蔵文化財包蔵地,,[],畑地,港北区,新羽町4484付近,縄文(早・前・中期),106,散布地,台地上・斜面,80×80,,,
255-1430,255,1430,埋蔵文化財包蔵地,港北区NO.98,港北区NO.98,港北区NO.98,新羽町4340付近,包含地,畑地,台地上,90×80,縄文(中期),107,139.60003956,35.53302103,JsonThemeAroundPoint:x/y,139.600039535691,35.5330284745395,10140.8921727381,1,12,255-1430,0,埋蔵文化財包蔵地,5,139.60003956,35.53302103,港北区NO.98,港北区,港北区NO.98,埋蔵文化財包蔵地,,[],畑地,港北区,新羽町4340付近,縄文(中期),107,包含地,台地上,90×80,,,
254-1430,254,1430,埋蔵文化財包蔵地,港北区NO.99,港北区NO.99,港北区NO.99,新羽町4336付近,包含地,畑地,台地上,25×20,縄文(中期),108,139.59911219,35.532738665,JsonThemeAroundPoint:x/y,139.599112172112,35.5327461085887,10140.0397582398,1,12,254-1430,0,埋蔵文化財包蔵地,5,139.59911219,35.532738665,港北区NO.99,港北区,港北区NO.99,埋蔵文化財包蔵地,,[],畑地,港北区,新羽町4336付近,縄文(中期),108,包含地,台地上,25×20,,,
893-1430,893,1430,埋蔵文化財包蔵地,港南区NO.1,港南区NO.1,港南区NO.1,下永谷六丁目28付近,集落跡,雑木林・宅地・畑地,台地上・斜面,,縄文(中・後期),1,139.56126176,35.415106195,JsonThemeAroundPoint:x/y,139.561227699023,35.4149884040909,7797.20653516314,1,12,893-1430,0,埋蔵文化財包蔵地,5,139.56126176,35.415106195,港南区NO.1,港南区,港南区NO.1,埋蔵文化財包蔵地,,[],雑木林・宅地・畑地,港南区,下永谷六丁目28付近,縄文(中・後期),1,集落跡,台地上・斜面,,,,
900-1430,900,1430,埋蔵文化財包蔵地,港南区NO.10,港南区NO.10,港南区NO.10,東芹が谷13付近,包含地,宅地,台地上,,縄文(中・後期),16,139.58169865,35.410238325,JsonThemeAroundPoint:x/y,139.581665180185,35.4101955508042,6535.18671197396,1,12,900-1430,0,埋蔵文化財包蔵地,5,139.58169865,35.410238325,港南区NO.10,港南区,港南区NO.10,埋蔵文化財包蔵地,,[],宅地,港南区,東芹が谷13付近,縄文(中・後期),16,包含地,台地上,,,,
228-1430,228,1430,埋蔵文化財包蔵地,港南区NO.100,港南区NO.100,港南区NO.100,日野南六丁目10付近,屋敷跡,公園・宅地,台地上,,鎌倉？,101,139.5677275,35.371521365,JsonThemeAroundPoint:x/y,139.567727470683,35.3715293353507,10542.4164505044,1,12,228-1430,0,埋蔵文化財包蔵地,5,139.5677275,35.371521365,港南区NO.100,港南区,港南区NO.100,埋蔵文化財包蔵地,,[],公園・宅地,港南区,日野南六丁目10付近,鎌倉？,101,屋敷跡,台地上,,,,
229-1430,229,1430,埋蔵文化財包蔵地,港南区NO.101,港南区NO.101,港南区NO.101,日野南六丁目11付近,散布地,宅地,台地上,,縄文(後期),102,139.567703325,35.370776035,JsonThemeAroundPoint:x/y,139.567703302018,35.3707840076367,10610.0543641577,1,12,229-1430,0,埋蔵文化財包蔵地,5,139.567703325,35.370776035,港南区NO.101,港南区,港南区NO.101,埋蔵文化財包蔵地,,[],宅地,港南区,日野南六丁目11付近,縄文(後期),102,散布地,台地上,,,,
2405-1430,2405,1430,埋蔵文化財包蔵地,港南区NO.103,港南区NO.103,港南区NO.103,日野南六丁目16・17付近,散布地,畑地,台地上,200×60,縄文(早・中・後・晩期)・古墳,104,139.56760095,35.369939995,JsonThemeAroundPoint:x/y,139.567590815046,35.3699367999952,10690.2354036794,1,12,2405-1430,0,埋蔵文化財包蔵地,5,139.56760095,35.369939995,港南区NO.103,港南区,港南区NO.103,埋蔵文化財包蔵地,,[],畑地,港南区,日野南六丁目16・17付近,縄文(早・中・後・晩期)・古墳,104,散布地,台地上,200×60,,,
932-1430,932,1430,埋蔵文化財包蔵地,港南区NO.104,港南区NO.104,港南区NO.104,港南台九丁目6付近,散布地,宅地,台地上,,縄文(早・中期),105,139.56989085,35.36983653,JsonThemeAroundPoint:x/y,139.569796526527,35.3697894652985,10577.4997330138,1,12,932-1430,0,埋蔵文化財包蔵地,5,139.56989085,35.36983653,港南区NO.104,港南区,港南区NO.104,埋蔵文化財包蔵地,,[],宅地,港南区,港南台九丁目6付近,縄文(早・中期),105,散布地,台地上,,,,
225-1430,225,1430,埋蔵文化財包蔵地,港南区NO.105,港南区NO.105,港南区NO.105,港南台九丁目14付近,集落跡,宅地,台地斜面,,縄文(中期)・弥生(後期)・古墳(前・後期),106,139.57208799,35.36948994,JsonThemeAroundPoint:x/y,139.572087962005,35.3694976027655,10494.7186184488,1,12,225-1430,0,埋蔵文化財包蔵地,5,139.57208799,35.36948994,港南区NO.105,港南区,港南区NO.105,埋蔵文化財包蔵地,,[],宅地,港南区,港南台九丁目14付近,縄文(中期)・弥生(後期)・古墳(前・後期),106,集落跡,台地斜面,,,,
226-1430,226,1430,埋蔵文化財包蔵地,港南区NO.107,港南区NO.107,港南区NO.107,港南台四丁目36付近,散布地,宅地,台地上,,弥生・古墳,107,139.57455579,35.371275555,JsonThemeAroundPoint:x/y,139.574555765796,35.3712832207536,10204.5347849946,1,12,226-1430,0,埋蔵文化財包蔵地,5,139.57455579,35.371275555,港南区NO.107,港南区,港南区NO.107,埋蔵文化財包蔵地,,[],宅地,港南区,港南台四丁目36付近,弥生・古墳,107,散布地,台地上,,,,
933-1430,933,1430,埋蔵文化財包蔵地,港南区NO.108,港南区NO.108,港南区NO.108,港南台四丁目34付近,集落跡,公園,台地上,70×40,縄文(中期)・弥生(後期)・古墳(後期),108,139.57580328,35.369535295,JsonThemeAroundPoint:x/y,139.575906181058,35.3694958528754,10303.2980733665,1,12,933-1430,0,埋蔵文化財包蔵地,5,139.57580328,35.369535295,港南区NO.108,港南区,港南区NO.108,埋蔵文化財包蔵地,,[],公園,港南区,港南台四丁目34付近,縄文(中期)・弥生(後期)・古墳(後期),108,集落跡,台地上,70×40,,,
215-1430,215,1430,埋蔵文化財包蔵地,港南区NO.109,港南区NO.109,港南区NO.109,港南台三丁目11付近,散布地,宅地,台地上,,縄文・古墳,112,139.582771245,35.375067465,JsonThemeAroundPoint:x/y,139.582771223461,35.3750749068402,9445.16709986035,1,12,215-1430,0,埋蔵文化財包蔵地,5,139.582771245,35.375067465,港南区NO.109,港南区,港南区NO.109,埋蔵文化財包蔵地,,[],宅地,港南区,港南台三丁目11付近,縄文・古墳,112,散布地,台地上,,,,
178-1430,178,1430,埋蔵文化財包蔵地,港南区NO.11,港南区NO.11,港南区NO.11,下永谷五丁目14付近,散布地,宅地,台地上,,縄文(中期)・古墳～歴史,4,139.560623895,35.40957907,JsonThemeAroundPoint:x/y,139.560623868977,35.4095857700432,8146.73141266758,1,12,178-1430,0,埋蔵文化財包蔵地,5,139.560623895,35.40957907,港南区NO.11,港南区,港南区NO.11,埋蔵文化財包蔵地,,[],宅地,港南区,下永谷五丁目14付近,縄文(中期)・古墳～歴史,4,散布地,台地上,,,,
216-1430,216,1430,埋蔵文化財包蔵地,港南区NO.110,港南区NO.110,港南区NO.110,港南台三丁目3付近,散布地,宅地,台地斜面,,縄文(早期),110,139.58236853,35.372027725,JsonThemeAroundPoint:x/y,139.582368507968,35.372035390089,9752.80879517003,1,12,216-1430,0,埋蔵文化財包蔵地,5,139.58236853,35.372027725,港南区NO.110,港南区,港南区NO.110,埋蔵文化財包蔵地,,[],宅地,港南区,港南台三丁目3付近,縄文(早期),110,散布地,台地斜面,,,,
934-1430,934,1430,埋蔵文化財包蔵地,港南区NO.111,港南区NO.111,港南区NO.111,港南台三丁目5付近,散布地,雑木林,台地上,200×50,弥生(後期),111,139.58356386,35.372603585,JsonThemeAroundPoint:x/y,139.583526806449,35.3725508340093,9642.31822185255,1,12,934-1430,0,埋蔵文化財包蔵地,5,139.58356386,35.372603585,港南区NO.111,港南区,港南区NO.111,埋蔵文化財包蔵地,,[],雑木林,港南区,港南台三丁目5付近,弥生(後期),111,散布地,台地上,200×50,,,
217-1430,217,1430,埋蔵文化財包蔵地,港南区NO.112,港南区NO.112,港南区NO.112,港南台五丁目2付近,散布地,宅地,台地上,,古墳,118,139.584550615,35.3700415,JsonThemeAroundPoint:x/y,139.584550591829,35.3700491665908,9844.564320626,1,12,217-1430,0,埋蔵文化財包蔵地,5,139.584550615,35.3700415,港南区NO.112,港南区,港南区NO.112,埋蔵文化財包蔵地,,[],宅地,港南区,港南台五丁目2付近,古墳,118,散布地,台地上,,,,
218-1430,218,1430,埋蔵文化財包蔵地,港南区NO.113,港南区NO.113,港南区NO.113,港南台五丁目4付近,散布地,宅地,台地上,,縄文(中期),119,139.58212384,35.368305875,JsonThemeAroundPoint:x/y,139.582123815821,35.3683136907161,10121.0808933527,1,12,218-1430,0,埋蔵文化財包蔵地,5,139.58212384,35.368305875,港南区NO.113,港南区,港南区NO.113,埋蔵文化財包蔵地,,[],宅地,港南区,港南台五丁目4付近,縄文(中期),119,散布地,台地上,,,,
219-1430,219,1430,埋蔵文化財包蔵地,港南区NO.114,港南区NO.114,港南区NO.114,港南台五丁目6付近,散布地,宅地,台地上,,古墳,120,139.5811195,35.367591025,JsonThemeAroundPoint:x/y,139.581119475932,35.3675988388695,10235.4497949032,1,12,219-1430,0,埋蔵文化財包蔵地,5,139.5811195,35.367591025,港南区NO.114,港南区,港南区NO.114,埋蔵文化財包蔵地,,[],宅地,港南区,港南台五丁目6付近,古墳,120,散布地,台地上,,,,
220-1430,220,1430,埋蔵文化財包蔵地,港南区NO.115,港南区NO.115,港南区NO.115,港南台五丁目7付近,散布地,宅地,台地上,,縄文(後期)・弥生(中期),121,139.58254416,35.366591425,JsonThemeAroundPoint:x/y,139.5825441362,35.3665992362861,10268.2857759972,1,12,220-1430,0,埋蔵文化財包蔵地,5,139.58254416,35.366591425,港南区NO.115,港南区,港南区NO.115,埋蔵文化財包蔵地,,[],宅地,港南区,港南台五丁目7付近,縄文(後期)・弥生(中期),121,散布地,台地上,,,,
221-1430,221,1430,埋蔵文化財包蔵地,港南区NO.116,港南区NO.116,港南区NO.116,港南台五丁目11付近,散布地,宅地,台地上,,弥生(後期)・古墳,124,139.583880275,35.366394565,JsonThemeAroundPoint:x/y,139.583880254943,35.3664023790698,10229.0724366705,1,12,221-1430,0,埋蔵文化財包蔵地,5,139.583880275,35.366394565,港南区NO.116,港南区,港南区NO.116,埋蔵文化財包蔵地,,[],宅地,港南区,港南台五丁目11付近,弥生(後期)・古墳,124,散布地,台地上,,,,
222-1430,222,1430,埋蔵文化財包蔵地,港南区NO.117,港南区NO.117,港南区NO.117,港南台五丁目9付近,散布地,宅地,台地上,,古墳,123,139.583296165,35.3656629,JsonThemeAroundPoint:x/y,139.583296140424,35.3656707135695,10325.8656810503,1,12,222-1430,0,埋蔵文化財包蔵地,5,139.583296165,35.3656629,港南区NO.117,港南区,港南区NO.117,埋蔵文化財包蔵地,,[],宅地,港南区,港南台五丁目9付近,古墳,123,散布地,台地上,,,,
223-1430,223,1430,埋蔵文化財包蔵地,港南区NO.118,港南区NO.118,港南区NO.118,港南台九丁目30付近,包含地,宅地,台地上・斜面,70×70,縄文(後期),122,139.58221444,35.36509031,JsonThemeAroundPoint:x/y,139.582214412917,35.3650981250832,10428.8193849917,1,12,223-1430,0,埋蔵文化財包蔵地,5,139.58221444,35.36509031,港南区NO.118,港南区,港南区NO.118,埋蔵文化財包蔵地,,[],宅地,港南区,港南台九丁目30付近,縄文(後期),122,包含地,台地上・斜面,70×70,,,
224-1430,224,1430,埋蔵文化財包蔵地,港南区NO.119,港南区NO.119,港南区NO.119,港南台五丁目23付近,散布地,宅地,台地上,,縄文(中・晩期),125,139.584933665,35.364460235,JsonThemeAroundPoint:x/y,139.584933642759,35.3644680479631,10374.2805623521,1,12,224-1430,0,埋蔵文化財包蔵地,5,139.584933665,35.364460235,港南区NO.119,港南区,港南区NO.119,埋蔵文化財包蔵地,,[],宅地,港南区,港南台五丁目23付近,縄文(中・晩期),125,散布地,台地上,,,,
897-1430,897,1430,埋蔵文化財包蔵地,港南区NO.12,港南区NO.12,港南区NO.12,芹が谷四丁目4付近,散布地,宅地,台地上,,古墳,10,139.57102158,35.40936204,JsonThemeAroundPoint:x/y,139.571076139666,35.4094240977822,7367.95932662997,1,12,897-1430,0,埋蔵文化財包蔵地,5,139.57102158,35.40936204,港南区NO.12,港南区,港南区NO.12,埋蔵文化財包蔵地,,[],宅地,港南区,芹が谷四丁目4付近,古墳,10,散布地,台地上,,,,
237-1430,237,1430,埋蔵文化財包蔵地,港南区NO.120,港南区NO.120,港南区NO.120,日野中央二丁目2付近,散布地,宅地,台地斜面,,縄文(中期)・弥生(後期)・古墳,93,139.58615455,35.383868835,JsonThemeAroundPoint:x/y,139.586154527371,35.3838766456307,8455.50805002712,1,12,237-1430,0,埋蔵文化財包蔵地,5,139.58615455,35.383868835,港南区NO.120,港南区,港南区NO.120,埋蔵文化財包蔵地,,[],宅地,港南区,日野中央二丁目2付近,縄文(中期)・弥生(後期)・古墳,93,散布地,台地斜面,,,,
238-1430,238,1430,埋蔵文化財包蔵地,港南区NO.121,港南区NO.121,港南区NO.121,日野中央二丁目2付近,散布地,宅地,台地上,,縄文(早・前期)・古墳,94,139.587051545,35.38268526,JsonThemeAroundPoint:x/y,139.587051518153,35.3826930738978,8521.41235390986,1,12,238-1430,0,埋蔵文化財包蔵地,5,139.587051545,35.38268526,港南区NO.121,港南区,港南区NO.121,埋蔵文化財包蔵地,,[],宅地,港南区,日野中央二丁目2付近,縄文(早・前期)・古墳,94,散布地,台地上,,,,
239-1430,239,1430,埋蔵文化財包蔵地,港南区NO.122,港南区NO.122,港南区NO.122,港南台二丁目2付近,たたら跡,宅地,台地上・斜面,30×30,(不明),113,139.586369595,35.37421537,JsonThemeAroundPoint:x/y,139.586369571142,35.374222810639,9359.37904721533,1,12,239-1430,0,埋蔵文化財包蔵地,5,139.586369595,35.37421537,港南区NO.122,港南区,港南区NO.122,埋蔵文化財包蔵地,,[],宅地,港南区,港南台二丁目2付近,(不明),113,たたら跡,台地上・斜面,30×30,,,
242-1430,242,1430,埋蔵文化財包蔵地,港南区NO.123,港南区NO.123,港南区NO.123,港南台二丁目1付近,たたら跡,宅地,台地斜面,80×60,奈良～平安・鎌倉～室町,115,139.58575775,35.37283193,JsonThemeAroundPoint:x/y,139.585757728818,35.3728393732017,9520.51017782918,1,12,242-1430,0,埋蔵文化財包蔵地,5,139.58575775,35.37283193,港南区NO.123,港南区,港南区NO.123,埋蔵文化財包蔵地,,[],宅地,港南区,港南台二丁目1付近,奈良～平安・鎌倉～室町,115,たたら跡,台地斜面,80×60,,,
240-1430,240,1430,埋蔵文化財包蔵地,港南区NO.124,港南区NO.124,港南区NO.124,港南台二丁目2付近,散布地,宅地,台地上,,縄文(前期),114,139.5874977,35.37323043,JsonThemeAroundPoint:x/y,139.587497674942,35.3732378686038,9404.64998942693,1,12,240-1430,0,埋蔵文化財包蔵地,5,139.5874977,35.37323043,港南区NO.124,港南区,港南区NO.124,埋蔵文化財包蔵地,,[],宅地,港南区,港南台二丁目2付近,縄文(前期),114,散布地,台地上,,,,
241-1430,241,1430,埋蔵文化財包蔵地,港南区NO.125,港南区NO.125,港南区NO.125,港南台二丁目(港南台かもめ団地13号棟)付近,散布地,宅地,台地上,,弥生(後期),116,139.586575305,35.37178493,JsonThemeAroundPoint:x/y,139.586575284443,35.3717923694331,9585.8240033958,1,12,241-1430,0,埋蔵文化財包蔵地,5,139.586575305,35.37178493,港南区NO.125,港南区,港南区NO.125,埋蔵文化財包蔵地,,[],宅地,港南区,港南台二丁目(港南台かもめ団地13号棟)付近,弥生(後期),116,散布地,台地上,,,,
243-1430,243,1430,埋蔵文化財包蔵地,港南区NO.127,港南区NO.127,港南区NO.127,港南台六丁目(港南台めじろ団地26号棟)付近,散布地,宅地,台地上,,(不明),127,139.5883409,35.367816055,JsonThemeAroundPoint:x/y,139.58834087458,35.367823868288,9901.12413169498,1,12,243-1430,0,埋蔵文化財包蔵地,5,139.5883409,35.367816055,港南区NO.127,港南区,港南区NO.127,埋蔵文化財包蔵地,,[],宅地,港南区,港南台六丁目(港南台めじろ団地26号棟)付近,(不明),127,散布地,台地上,,,,
244-1430,244,1430,埋蔵文化財包蔵地,港南区NO.128,港南区NO.128,港南区NO.128,港南台六丁目(港南台めじろ団地30号棟)付近,散布地,宅地,台地上,,縄文(早期)・弥生(後期),126,139.58732153,35.3669661,JsonThemeAroundPoint:x/y,139.587321507168,35.3669739108176,10027.3139407746,1,12,244-1430,0,埋蔵文化財包蔵地,5,139.58732153,35.3669661,港南区NO.128,港南区,港南区NO.128,埋蔵文化財包蔵地,,[],宅地,港南区,港南台六丁目(港南台めじろ団地30号棟)付近,縄文(早期)・弥生(後期),126,散布地,台地上,,,,
245-1430,245,1430,埋蔵文化財包蔵地,港南区NO.129,港南区NO.129,港南区NO.129,港南台六丁目20付近,集落跡・塚,宅地,台地上・斜面,,縄文(早・前・中・後期)・中世,128,139.589849825,35.36371284,JsonThemeAroundPoint:x/y,139.589849797817,35.3637230225754,10251.6515973922,1,12,245-1430,0,埋蔵文化財包蔵地,5,139.589849825,35.36371284,港南区NO.129,港南区,港南区NO.129,埋蔵文化財包蔵地,,[],宅地,港南区,港南台六丁目20付近,縄文(早・前・中・後期)・中世,128,集落跡・塚,台地上・斜面,,,,
902-1430,902,1430,埋蔵文化財包蔵地,港南区NO.13,港南区NO.13,港南区NO.13,下永谷五丁目47付近,散布地,雑木林・畑地,台地斜面,80×60,縄文(中・後期)・中世,5,139.561493955,35.40862908,JsonThemeAroundPoint:x/y,139.56145858294,35.4086123117051,8134.42214892522,1,12,902-1430,0,埋蔵文化財包蔵地,5,139.561493955,35.40862908,港南区NO.13,港南区,港南区NO.13,埋蔵文化財包蔵地,,[],雑木林・畑地,港南区,下永谷五丁目47付近,縄文(中・後期)・中世,5,散布地,台地斜面,80×60,,,
246-1430,246,1430,埋蔵文化財包蔵地,港南区NO.130,港南区NO.130,港南区NO.130,港南台八丁目4付近,散布地,宅地,台地斜面,,縄文(前・後期),129,139.58869285,35.36225905,JsonThemeAroundPoint:x/y,139.588692824975,35.3622679800515,10442.5969403701,1,12,246-1430,0,埋蔵文化財包蔵地,5,139.58869285,35.36225905,港南区NO.130,港南区,港南区NO.130,埋蔵文化財包蔵地,,[],宅地,港南区,港南台八丁目4付近,縄文(前・後期),129,散布地,台地斜面,,,,
942-1430,942,1430,埋蔵文化財包蔵地,港南区NO.131,港南区NO.131,港南区NO.131,港南台八丁目4付近,散布地,雑木林,台地上,180×130,縄文(前・中期),130,139.59017544,35.36186733,JsonThemeAroundPoint:x/y,139.590133553197,35.3618906572822,10425.7632812702,1,12,942-1430,0,埋蔵文化財包蔵地,5,139.59017544,35.36186733,港南区NO.131,港南区,港南区NO.131,埋蔵文化財包蔵地,,[],雑木林,港南区,港南台八丁目4付近,縄文(前・中期),130,散布地,台地上,180×130,,,
898-1430,898,1430,埋蔵文化財包蔵地,港南区NO.132,港南区NO.132,港南区NO.132,芹が谷四丁目2173付近,集落跡,畑地,低丘陵上,100×100,弥生(後期),131,139.57438927,35.412249095,JsonThemeAroundPoint:x/y,139.574401691588,35.4121959667893,6934.56522377172,1,12,898-1430,0,埋蔵文化財包蔵地,5,139.57438927,35.412249095,港南区NO.132,港南区,港南区NO.132,埋蔵文化財包蔵地,,[],畑地,港南区,芹が谷四丁目2173付近,弥生(後期),131,集落跡,低丘陵上,100×100,,,
187-1430,187,1430,埋蔵文化財包蔵地,港南区NO.14,港南区NO.14,港南区NO.14,下永谷五丁目24付近,散布地,宅地,台地上,,縄文(早・前・中期),6,139.559614145,35.40827098,JsonThemeAroundPoint:x/y,139.559614122923,35.4082787915238,8300.35905470801,1,12,187-1430,0,埋蔵文化財包蔵地,5,139.559614145,35.40827098,港南区NO.14,港南区,港南区NO.14,埋蔵文化財包蔵地,,[],宅地,港南区,下永谷五丁目24付近,縄文(早・前・中期),6,散布地,台地上,,,,
903-1430,903,1430,埋蔵文化財包蔵地,港南区NO.15,港南区NO.15,港南区NO.15,下永谷五丁目81付近,塚,雑木林,台地上,,中世,8,139.563421625,35.4077028,JsonThemeAroundPoint:x/y,139.563417007782,35.4076794476007,8042.35770200464,1,12,903-1430,0,埋蔵文化財包蔵地,5,139.563421625,35.4077028,港南区NO.15,港南区,港南区NO.15,埋蔵文化財包蔵地,,[],雑木林,港南区,下永谷五丁目81付近,中世,8,塚,台地上,,,,
904-1430,904,1430,埋蔵文化財包蔵地,港南区NO.16,港南区NO.16,港南区NO.16,下永谷五丁目59付近,散布地,雑木林,台地上・斜面,110×80,弥生(後期)・古墳,7,139.56032949,35.4063672,JsonThemeAroundPoint:x/y,139.560368759668,35.4063908347467,8358.29175122231,1,12,904-1430,0,埋蔵文化財包蔵地,5,139.56032949,35.4063672,港南区NO.16,港南区,港南区NO.16,埋蔵文化財包蔵地,,[],雑木林,港南区,下永谷五丁目59付近,弥生(後期)・古墳,7,散布地,台地上・斜面,110×80,,,
195-1430,195,1430,埋蔵文化財包蔵地,港南区NO.17,港南区NO.17,港南区NO.17,東永谷一丁目29付近,散布地,宅地,台地上,,縄文(早・後期),17,139.583254305,35.406371945,JsonThemeAroundPoint:x/y,139.583254276801,35.4063797609428,6709.54037757084,1,12,195-1430,0,埋蔵文化財包蔵地,5,139.583254305,35.406371945,港南区NO.17,港南区,港南区NO.17,埋蔵文化財包蔵地,,[],宅地,港南区,東永谷一丁目29付近,縄文(早・後期),17,散布地,台地上,,,,
905-1430,905,1430,埋蔵文化財包蔵地,港南区NO.18,港南区NO.18,港南区NO.18,下永谷三丁目24付近,散布地,畑地・宅地,台地斜面,180×150,縄文(前・中期),18,139.565962535,35.40439452,JsonThemeAroundPoint:x/y,139.565911368974,35.4044220064059,8062.22563857797,1,12,905-1430,0,埋蔵文化財包蔵地,5,139.565962535,35.40439452,港南区NO.18,港南区,港南区NO.18,埋蔵文化財包蔵地,,[],畑地・宅地,港南区,下永谷三丁目24付近,縄文(前・中期),18,散布地,台地斜面,180×150,,,
188-1430,188,1430,埋蔵文化財包蔵地,港南区NO.19,港南区NO.19,港南区NO.19,下永谷四丁目1付近,散布地,宅地,台地上,,縄文(前期？)・古墳,19,139.56062387,35.40274537,JsonThemeAroundPoint:x/y,139.560623843947,35.4027531820383,8562.11288817411,1,12,188-1430,0,埋蔵文化財包蔵地,5,139.56062387,35.40274537,港南区NO.19,港南区,港南区NO.19,埋蔵文化財包蔵地,,[],宅地,港南区,下永谷四丁目1付近,縄文(前期？)・古墳,19,散布地,台地上,,,,
901-1430,901,1430,埋蔵文化財包蔵地,港南区NO.2,港南区NO.2,港南区NO.2,芹が谷一丁目24付近,散布地,宅地・グランド,台地斜面,150×110,縄文(後期)・弥生(後期)・古墳～歴史,14,139.581482285,35.415129085,JsonThemeAroundPoint:x/y,139.581438268334,35.415014354322,6223.38293256158,1,12,901-1430,0,埋蔵文化財包蔵地,5,139.581482285,35.415129085,港南区NO.2,港南区,港南区NO.2,埋蔵文化財包蔵地,,[],宅地・グランド,港南区,芹が谷一丁目24付近,縄文(後期)・弥生(後期)・古墳～歴史,14,散布地,台地斜面,150×110,,,
189-1430,189,1430,埋蔵文化財包蔵地,港南区NO.20,港南区NO.20,港南区NO.20,下永谷四丁目5付近,散布地・塚,宅地,台地上,,縄文(早・中期)・中世,20,139.561429375,35.40216676,JsonThemeAroundPoint:x/y,139.561429349605,35.4021745781282,8540.21833918087,1,12,189-1430,0,埋蔵文化財包蔵地,5,139.561429375,35.40216676,港南区NO.20,港南区,港南区NO.20,埋蔵文化財包蔵地,,[],宅地,港南区,下永谷四丁目5付近,縄文(早・中期)・中世,20,散布地・塚,台地上,,,,
906-1430,906,1430,埋蔵文化財包蔵地,港南区NO.21,港南区NO.21,港南区NO.21,下永谷三丁目47付近,散布地,宅地,台地斜面,220×50,弥生(後期),22,139.565784095,35.40213545,JsonThemeAroundPoint:x/y,139.565644403887,35.4022218977576,8225.96747014349,1,12,906-1430,0,埋蔵文化財包蔵地,5,139.565784095,35.40213545,港南区NO.21,港南区,港南区NO.21,埋蔵文化財包蔵地,,[],宅地,港南区,下永谷三丁目47付近,弥生(後期),22,散布地,台地斜面,220×50,,,
907-1430,907,1430,埋蔵文化財包蔵地,港南区NO.22,港南区NO.22,港南区NO.22,下永谷三丁目35付近,散布地,宅地,台地上・斜面,200×80,縄文(前期)・古墳(中・後期),23,139.567626725,35.401660855,JsonThemeAroundPoint:x/y,139.567633074291,35.4016675010871,8127.00787281078,1,12,907-1430,0,埋蔵文化財包蔵地,5,139.567626725,35.401660855,港南区NO.22,港南区,港南区NO.22,埋蔵文化財包蔵地,,[],宅地,港南区,下永谷三丁目35付近,縄文(前期)・古墳(中・後期),23,散布地,台地上・斜面,200×80,,,
196-1430,196,1430,埋蔵文化財包蔵地,港南区NO.23,港南区NO.23,港南区NO.23,下永谷一丁目3付近,散布地,宅地,台地上,,縄文(前・中期),32,139.583880745,35.401139305,JsonThemeAroundPoint:x/y,139.583880720208,35.4011467495563,7077.18081887399,1,12,196-1430,0,埋蔵文化財包蔵地,5,139.583880745,35.401139305,港南区NO.23,港南区,港南区NO.23,埋蔵文化財包蔵地,,[],宅地,港南区,下永谷一丁目3付近,縄文(前・中期),32,散布地,台地上,,,,
183-1430,183,1430,埋蔵文化財包蔵地,港南区NO.25,港南区NO.25,港南区NO.25,日限山一丁目53付近,散布地,宅地,台地上,,弥生(後期)・古墳,24,139.56557783,35.3996244,JsonThemeAroundPoint:x/y,139.565577801866,35.3996322139304,8413.63925351614,1,12,183-1430,0,埋蔵文化財包蔵地,5,139.56557783,35.3996244,港南区NO.25,港南区,港南区NO.25,埋蔵文化財包蔵地,,[],宅地,港南区,日限山一丁目53付近,弥生(後期)・古墳,24,散布地,台地上,,,,
184-1430,184,1430,埋蔵文化財包蔵地,港南区NO.26,港南区NO.26,港南区NO.26,日限山一丁目42付近,散布地,宅地,台地上,,縄文(前期？),25,139.565248395,35.39802285,JsonThemeAroundPoint:x/y,139.565248367735,35.3980306653207,8549.75204667604,1,12,184-1430,0,埋蔵文化財包蔵地,5,139.565248395,35.39802285,港南区NO.26,港南区,港南区NO.26,埋蔵文化財包蔵地,,[],宅地,港南区,日限山一丁目42付近,縄文(前期？),25,散布地,台地上,,,,
185-1430,185,1430,埋蔵文化財包蔵地,港南区NO.27,港南区NO.27,港南区NO.27,日限山一丁目43付近,散布地,宅地,台地上,,縄文(後期？)・弥生(後期),26,139.564100525,35.39768217,JsonThemeAroundPoint:x/y,139.564100497327,35.3976899807042,8654.02880496235,1,12,185-1430,0,埋蔵文化財包蔵地,5,139.564100525,35.39768217,港南区NO.27,港南区,港南区NO.27,埋蔵文化財包蔵地,,[],宅地,港南区,日限山一丁目43付近,縄文(後期？)・弥生(後期),26,散布地,台地上,,,,
186-1430,186,1430,埋蔵文化財包蔵地,港南区NO.28,港南区NO.28,港南区NO.28,日限山一丁目32付近,散布地,宅地,台地上,,古墳,27,139.56542746,35.39679301,JsonThemeAroundPoint:x/y,139.565427432538,35.3968008213777,8625.59022729448,1,12,186-1430,0,埋蔵文化財包蔵地,5,139.56542746,35.39679301,港南区NO.28,港南区,港南区NO.28,埋蔵文化財包蔵地,,[],宅地,港南区,日限山一丁目32付近,古墳,27,散布地,台地上,,,,
2293-1430,2293,1430,埋蔵文化財包蔵地,港南区NO.29,港南区NO.29,港南区NO.29,上永谷六丁目8付近,横穴墓,宅地,台地斜面,,古墳,28,139.567359035,35.39798459,JsonThemeAroundPoint:x/y,139.567363745606,35.397977549891,8406.4117625879,1,12,2293-1430,0,埋蔵文化財包蔵地,5,139.567359035,35.39798459,港南区NO.29,港南区,港南区NO.29,埋蔵文化財包蔵地,,[],宅地,港南区,上永谷六丁目8付近,古墳,28,横穴墓,台地斜面,,,,
894-1430,894,1430,埋蔵文化財包蔵地,港南区NO.3,港南区NO.3,港南区NO.3,下永谷六丁目13付近,散布地,宅地・公園,台地上・斜面,300×100,縄文(中期),3,139.558009985,35.41071192,JsonThemeAroundPoint:x/y,139.557985988718,35.4106264078631,8288.43066048201,1,12,894-1430,0,埋蔵文化財包蔵地,5,139.558009985,35.41071192,港南区NO.3,港南区,港南区NO.3,埋蔵文化財包蔵地,,[],宅地・公園,港南区,下永谷六丁目13付近,縄文(中期),3,散布地,台地上・斜面,300×100,,,
191-1430,191,1430,埋蔵文化財包蔵地,港南区NO.30,港南区NO.30,港南区NO.30,丸山台二丁目5付近,散布地,宅地,台地上,,縄文(中・後期),29,139.57400434,35.39620874,JsonThemeAroundPoint:x/y,139.574004315596,35.3962161850191,8096.21322396431,1,12,191-1430,0,埋蔵文化財包蔵地,5,139.57400434,35.39620874,港南区NO.30,港南区,港南区NO.30,埋蔵文化財包蔵地,,[],宅地,港南区,丸山台二丁目5付近,縄文(中・後期),29,散布地,台地上,,,,
192-1430,192,1430,埋蔵文化財包蔵地,港南区NO.31,港南区NO.31,港南区NO.31,丸山台二丁目2付近,散布地,宅地,台地上,,縄文(中・後期),30,139.575106935,35.39630978,JsonThemeAroundPoint:x/y,139.57510691329,35.396317593291,8017.27583142889,1,12,192-1430,0,埋蔵文化財包蔵地,5,139.575106935,35.39630978,港南区NO.31,港南区,港南区NO.31,埋蔵文化財包蔵地,,[],宅地,港南区,丸山台二丁目2付近,縄文(中・後期),30,散布地,台地上,,,,
193-1430,193,1430,埋蔵文化財包蔵地,港南区NO.32,港南区NO.32,港南区NO.32,丸山台二丁目8付近,散布地,公園,台地上,,縄文(早期),56,139.57451031,35.395280185,JsonThemeAroundPoint:x/y,139.574510282297,35.3952879995762,8136.55043247954,1,12,193-1430,0,埋蔵文化財包蔵地,5,139.57451031,35.395280185,港南区NO.32,港南区,港南区NO.32,埋蔵文化財包蔵地,,[],公園,港南区,丸山台二丁目8付近,縄文(早期),56,散布地,台地上,,,,
914-1430,914,1430,埋蔵文化財包蔵地,港南区NO.33,港南区NO.33,港南区NO.33,野庭町26・30、日野三丁目10付近,散布地,雑木林・畑地・宅地・公園,台地上・斜面,300×150,縄文(早・前・中・後期)・古墳,31,139.581404105,35.39598606,JsonThemeAroundPoint:x/y,139.581208023913,35.3961946974173,7650.59017734068,1,12,914-1430,0,埋蔵文化財包蔵地,5,139.581404105,35.39598606,港南区NO.33,港南区,港南区NO.33,埋蔵文化財包蔵地,,[],雑木林・畑地・宅地・公園,港南区,野庭町26・30、日野三丁目10付近,縄文(早・前・中・後期)・古墳,31,散布地,台地上・斜面,300×150,,,
909-1430,909,1430,埋蔵文化財包蔵地,港南区NO.34,港南区NO.34,港南区NO.34,日限山一丁目67付近,散布地,雑木林,台地上・斜面,150×80,弥生(中・後期),58,139.562385625,35.39549967,JsonThemeAroundPoint:x/y,139.562438380826,35.3955747769669,8928.86967143245,1,12,909-1430,0,埋蔵文化財包蔵地,5,139.562385625,35.39549967,港南区NO.34,港南区,港南区NO.34,埋蔵文化財包蔵地,,[],雑木林,港南区,日限山一丁目67付近,弥生(中・後期),58,散布地,台地上・斜面,150×80,,,
910-1430,910,1430,埋蔵文化財包蔵地,港南区NO.35,港南区NO.35,港南区NO.35,日限山一丁目67付近,散布地,荒地,台地上・斜面,100×50,縄文(前・中期),59,139.563723475,35.39460642,JsonThemeAroundPoint:x/y,139.563715794824,35.3946039137956,8901.46104011904,1,12,910-1430,0,埋蔵文化財包蔵地,5,139.563723475,35.39460642,港南区NO.35,港南区,港南区NO.35,埋蔵文化財包蔵地,,[],荒地,港南区,日限山一丁目67付近,縄文(前・中期),59,散布地,台地上・斜面,100×50,,,
911-1430,911,1430,埋蔵文化財包蔵地,港南区NO.36,港南区NO.36,港南区NO.36,日限山二丁目1付近,散布地・砦跡,宅地・雑木林,台地上,,縄文(中期)・近世？,60,139.56500471,35.393692225,JsonThemeAroundPoint:x/y,139.564990901992,35.3936617819617,8882.10618016968,1,12,911-1430,0,埋蔵文化財包蔵地,5,139.56500471,35.393692225,港南区NO.36,港南区,港南区NO.36,埋蔵文化財包蔵地,,[],宅地・雑木林,港南区,日限山二丁目1付近,縄文(中期)・近世？,60,散布地・砦跡,台地上,,,,
190-1430,190,1430,埋蔵文化財包蔵地,港南区NO.37,港南区NO.37,港南区NO.37,丸山台二丁目19付近,包含地,宅地,台地上,80×70,縄文(中期),57,139.57141914,35.39453649,JsonThemeAroundPoint:x/y,139.571419114634,35.3945443083882,8393.78092983052,1,12,190-1430,0,埋蔵文化財包蔵地,5,139.57141914,35.39453649,港南区NO.37,港南区,港南区NO.37,埋蔵文化財包蔵地,,[],宅地,港南区,丸山台二丁目19付近,縄文(中期),57,包含地,台地上,80×70,,,
194-1430,194,1430,埋蔵文化財包蔵地,港南区NO.38,港南区NO.38,港南区NO.38,野庭町259付近,十三塚,道路,台地上,70×20,中世,53,139.57779871,35.39344606,JsonThemeAroundPoint:x/y,139.577798687227,35.3934535017412,8079.2731458187,1,12,194-1430,0,埋蔵文化財包蔵地,5,139.57779871,35.39344606,港南区NO.38,港南区,港南区NO.38,埋蔵文化財包蔵地,,[],道路,港南区,野庭町259付近,中世,53,十三塚,台地上,70×20,,,
915-1430,915,1430,埋蔵文化財包蔵地,港南区NO.39,港南区NO.39,港南区NO.39,野庭町400付近,散布地,雑木林・道路,台地上・斜面,,(不明),54,139.577304555,35.39225546,JsonThemeAroundPoint:x/y,139.57734384087,35.3921841511034,8207.60516737678,1,12,915-1430,0,埋蔵文化財包蔵地,5,139.577304555,35.39225546,港南区NO.39,港南区,港南区NO.39,埋蔵文化財包蔵地,,[],雑木林・道路,港南区,野庭町400付近,(不明),54,散布地,台地上・斜面,,,,
895-1430,895,1430,埋蔵文化財包蔵地,港南区NO.4,港南区NO.4,港南区NO.4,下永谷六丁目23付近,包含地,畑地,台地斜面,150×100,弥生(後期),2,139.561667445,35.411935875,JsonThemeAroundPoint:x/y,139.561611872206,35.4119585246153,7932.874675931,1,12,895-1430,0,埋蔵文化財包蔵地,5,139.561667445,35.411935875,港南区NO.4,港南区,港南区NO.4,埋蔵文化財包蔵地,,[],畑地,港南区,下永谷六丁目23付近,弥生(後期),2,包含地,台地斜面,150×100,,,
197-1430,197,1430,埋蔵文化財包蔵地,港南区NO.40,港南区NO.40,港南区NO.40,野庭町396付近,散布地,道路,台地上,,古墳～歴史,55,139.57689283,35.39132335,JsonThemeAroundPoint:x/y,139.5768928025,35.3913311617525,8309.82869508511,1,12,197-1430,0,埋蔵文化財包蔵地,5,139.57689283,35.39132335,港南区NO.40,港南区,港南区NO.40,埋蔵文化財包蔵地,,[],道路,港南区,野庭町396付近,古墳～歴史,55,散布地,台地上,,,,
916-1430,916,1430,埋蔵文化財包蔵地,港南区NO.41,港南区NO.41,港南区NO.41,日野四丁目98付近,散布地,宅地・荒地,台地上・斜面,,縄文？,52,139.5841692,35.39114684,JsonThemeAroundPoint:x/y,139.584152020171,35.3910672333789,7903.07156045118,1,12,916-1430,0,埋蔵文化財包蔵地,5,139.5841692,35.39114684,港南区NO.41,港南区,港南区NO.41,埋蔵文化財包蔵地,,[],宅地・荒地,港南区,日野四丁目98付近,縄文？,52,散布地,台地上・斜面,,,,
179-1430,179,1430,埋蔵文化財包蔵地,港南区NO.42,港南区NO.42,港南区NO.42,丸山台四丁目7付近,包含地,宅地,台地上,110×40,縄文(中期),61,139.566712755,35.39200229,JsonThemeAroundPoint:x/y,139.566712731525,35.392010107637,8896.51701066637,1,12,179-1430,0,埋蔵文化財包蔵地,5,139.566712755,35.39200229,港南区NO.42,港南区,港南区NO.42,埋蔵文化財包蔵地,,[],宅地,港南区,丸山台四丁目7付近,縄文(中期),61,包含地,台地上,110×40,,,
180-1430,180,1430,埋蔵文化財包蔵地,港南区NO.43,港南区NO.43,港南区NO.43,丸山台四丁目1付近,散布地,宅地,台地上,,縄文(前・中期)・弥生(後期),62,139.567796485,35.39149237,JsonThemeAroundPoint:x/y,139.567796460509,35.3915001842762,8865.26244988666,1,12,180-1430,0,埋蔵文化財包蔵地,5,139.567796485,35.39149237,港南区NO.43,港南区,港南区NO.43,埋蔵文化財包蔵地,,[],宅地,港南区,丸山台四丁目1付近,縄文(前・中期)・弥生(後期),62,散布地,台地上,,,,
912-1430,912,1430,埋蔵文化財包蔵地,港南区NO.44,港南区NO.44,港南区NO.44,上永谷町4835付近,散布地,畑地・荒地,台地斜面,230×80,古墳,63,139.566819015,35.390130265,JsonThemeAroundPoint:x/y,139.566847324185,35.3902623028704,9034.64781229912,1,12,912-1430,0,埋蔵文化財包蔵地,5,139.566819015,35.390130265,港南区NO.44,港南区,港南区NO.44,埋蔵文化財包蔵地,,[],畑地・荒地,港南区,上永谷町4835付近,古墳,63,散布地,台地斜面,230×80,,,
181-1430,181,1430,埋蔵文化財包蔵地,港南区NO.45,港南区NO.45,港南区NO.45,日限山三丁目3付近,散布地,宅地,台地上,,縄文(早・中期)・古墳,65,139.56604404,35.389042415,JsonThemeAroundPoint:x/y,139.566044010323,35.3890502304169,9169.72867338428,1,12,181-1430,0,埋蔵文化財包蔵地,5,139.56604404,35.389042415,港南区NO.45,港南区,港南区NO.45,埋蔵文化財包蔵地,,[],宅地,港南区,日限山三丁目3付近,縄文(早・中期)・古墳,65,散布地,台地上,,,,
182-1430,182,1430,埋蔵文化財包蔵地,港南区NO.46,港南区NO.46,港南区NO.46,日限山三丁目33付近,散布地,宅地,台地上,,縄文(後期)・古墳,66,139.564675795,35.38811848,JsonThemeAroundPoint:x/y,139.564675772566,35.3881262929103,9330.13262078691,1,12,182-1430,0,埋蔵文化財包蔵地,5,139.564675795,35.38811848,港南区NO.46,港南区,港南区NO.46,埋蔵文化財包蔵地,,[],宅地,港南区,日限山三丁目33付近,縄文(後期)・古墳,66,散布地,台地上,,,,
913-1430,913,1430,埋蔵文化財包蔵地,港南区NO.47,港南区NO.47,港南区NO.47,上永谷町4773・4769付近,散布地,雑木林・畑地,台地上・斜面,200×80,縄文(早・中期)・古墳,64,139.56790795,35.388287335,JsonThemeAroundPoint:x/y,139.567861000178,35.3881335224801,9111.0305855661,1,12,913-1430,0,埋蔵文化財包蔵地,5,139.56790795,35.388287335,港南区NO.47,港南区,港南区NO.47,埋蔵文化財包蔵地,,[],雑木林・畑地,港南区,上永谷町4773・4769付近,縄文(早・中期)・古墳,64,散布地,台地上・斜面,200×80,,,
918-1430,918,1430,埋蔵文化財包蔵地,港南区NO.49,港南区NO.49,港南区NO.49,最戸二丁目14付近,散布地,雑木林・畑地,台地上・斜面,150×100,弥生(後期),37,139.594146965,35.40863355,JsonThemeAroundPoint:x/y,139.594247414152,35.4086424325658,5832.62769661834,1,12,918-1430,0,埋蔵文化財包蔵地,5,139.594146965,35.40863355,港南区NO.49,港南区,港南区NO.49,埋蔵文化財包蔵地,,[],雑木林・畑地,港南区,最戸二丁目14付近,弥生(後期),37,散布地,台地上・斜面,150×100,,,
896-1430,896,1430,埋蔵文化財包蔵地,港南区NO.5,港南区NO.5,港南区NO.5,下永谷一丁目28付近,貝塚・包含地,畑地・宅地・雑木林・グランド,台地上・斜面,,縄文(早・中・後期)・弥生(後期),9,139.56638439,35.41118041,JsonThemeAroundPoint:x/y,139.566211826744,35.4116623719024,7608.18636602467,1,12,896-1430,0,埋蔵文化財包蔵地,5,139.56638439,35.41118041,港南区NO.5,港南区,港南区NO.5,埋蔵文化財包蔵地,,[],畑地・宅地・雑木林・グランド,港南区,下永谷一丁目28付近,縄文(早・中・後期)・弥生(後期),9,貝塚・包含地,台地上・斜面,,,,
198-1430,198,1430,埋蔵文化財包蔵地,港南区NO.50,港南区NO.50,港南区NO.50,上大岡東一丁目21付近,古墳,宅地,台地上,,古墳,38,139.603186385,35.40558724,JsonThemeAroundPoint:x/y,139.603186360707,35.4055946860001,5589.14051434132,1,12,198-1430,0,埋蔵文化財包蔵地,5,139.603186385,35.40558724,港南区NO.50,港南区,港南区NO.50,埋蔵文化財包蔵地,,[],宅地,港南区,上大岡東一丁目21付近,古墳,38,古墳,台地上,,,,
919-1430,919,1430,埋蔵文化財包蔵地,港南区NO.51,港南区NO.51,港南区NO.51,大久保二丁目5付近,散布地,荒地,台地上・斜面,,弥生(後期),35,139.59341365,35.403760855,JsonThemeAroundPoint:x/y,139.593392943796,35.4036530230151,6284.41287110567,1,12,919-1430,0,埋蔵文化財包蔵地,5,139.59341365,35.403760855,港南区NO.51,港南区,港南区NO.51,埋蔵文化財包蔵地,,[],荒地,港南区,大久保二丁目5付近,弥生(後期),35,散布地,台地上・斜面,,,,
920-1430,920,1430,埋蔵文化財包蔵地,港南区NO.52,港南区NO.52,港南区NO.52,港南一丁目18付近,散布地,畑地,台地上・斜面,150×80,古墳,33,139.58974603,35.40190198,JsonThemeAroundPoint:x/y,139.589792308033,35.4017598363401,6657.07531357371,1,12,920-1430,0,埋蔵文化財包蔵地,5,139.58974603,35.40190198,港南区NO.52,港南区,港南区NO.52,埋蔵文化財包蔵地,,[],畑地,港南区,港南一丁目18付近,古墳,33,散布地,台地上・斜面,150×80,,,
200-1430,200,1430,埋蔵文化財包蔵地,港南区NO.53,港南区NO.53,港南区NO.53,港南一丁目13付近,散布地,宅地,台地上・斜面,,縄文(早期),34,139.592877775,35.402622645,JsonThemeAroundPoint:x/y,139.592877755776,35.4026300860186,6412.96882418656,1,12,200-1430,0,埋蔵文化財包蔵地,5,139.592877775,35.402622645,港南区NO.53,港南区,港南区NO.53,埋蔵文化財包蔵地,,[],宅地,港南区,港南一丁目13付近,縄文(早期),34,散布地,台地上・斜面,,,,
929-1430,929,1430,埋蔵文化財包蔵地,港南区NO.54,港南区NO.54,港南区NO.54,上大岡東三丁目1付近,散布地,墓地・畑地,台地上,120×90,縄文(中期),40,139.605530775,35.40326048,JsonThemeAroundPoint:x/y,139.60549962815,35.4032109213543,5693.4855075597,1,12,929-1430,0,埋蔵文化財包蔵地,5,139.605530775,35.40326048,港南区NO.54,港南区,港南区NO.54,埋蔵文化財包蔵地,,[],墓地・畑地,港南区,上大岡東三丁目1付近,縄文(中期),40,散布地,台地上,120×90,,,
199-1430,199,1430,埋蔵文化財包蔵地,港南区NO.55,港南区NO.55,港南区NO.55,上大岡東三丁目2付近,散布地,宅地,台地上・斜面,,縄文(早期),39,139.60749797,35.404230965,JsonThemeAroundPoint:x/y,139.607497947724,35.4042384062092,5510.23460231987,1,12,199-1430,0,埋蔵文化財包蔵地,5,139.60749797,35.404230965,港南区NO.55,港南区,港南区NO.55,埋蔵文化財包蔵地,,[],宅地,港南区,上大岡東三丁目2付近,縄文(早期),39,散布地,台地上・斜面,,,,
930-1430,930,1430,埋蔵文化財包蔵地,港南区NO.56,港南区NO.56,港南区NO.56,上大岡東三丁目10付近,集落跡・火葬墓,宅地,台地上・斜面,,縄文・中世,41,139.606757775,35.402103595,JsonThemeAroundPoint:x/y,139.606796776222,35.4020413763888,5749.2041237568,1,12,930-1430,0,埋蔵文化財包蔵地,5,139.606757775,35.402103595,港南区NO.56,港南区,港南区NO.56,埋蔵文化財包蔵地,,[],宅地,港南区,上大岡東三丁目10付近,縄文・中世,41,集落跡・火葬墓,台地上・斜面,,,,
931-1430,931,1430,埋蔵文化財包蔵地,港南区NO.57,港南区NO.57,港南区NO.57,上大岡東三丁目12付近,散布地,公園・畑地,台地上・斜面,300×250,縄文(早・中期)・古墳,42,139.610386995,35.40105965,JsonThemeAroundPoint:x/y,139.610522647316,35.4010842218414,5700.21533761465,1,12,931-1430,0,埋蔵文化財包蔵地,5,139.610386995,35.40105965,港南区NO.57,港南区,港南区NO.57,埋蔵文化財包蔵地,,[],公園・畑地,港南区,上大岡東三丁目12付近,縄文(早・中期)・古墳,42,散布地,台地上・斜面,300×250,,,
928-1430,928,1430,埋蔵文化財包蔵地,港南区NO.58,港南区NO.58,港南区NO.58,上大岡東三丁目45付近,貝塚,宅地・荒地,台地斜面,,(不明),43,139.60228634,35.400043915,JsonThemeAroundPoint:x/y,139.602270914766,35.400029047748,6151.85409529532,1,12,928-1430,0,埋蔵文化財包蔵地,5,139.60228634,35.400043915,港南区NO.58,港南区,港南区NO.58,埋蔵文化財包蔵地,,[],宅地・荒地,港南区,上大岡東三丁目45付近,(不明),43,貝塚,台地斜面,,,,
921-1430,921,1430,埋蔵文化財包蔵地,港南区NO.59,港南区NO.59,港南区NO.59,港南五丁目2付近,散布地,宅地,台地斜面,,縄文(中・後期)・歴史,44,139.59480513,35.39568909,JsonThemeAroundPoint:x/y,139.594789643546,35.3955451054427,6926.78229381373,1,12,921-1430,0,埋蔵文化財包蔵地,5,139.59480513,35.39568909,港南区NO.59,港南区,港南区NO.59,埋蔵文化財包蔵地,,[],宅地,港南区,港南五丁目2付近,縄文(中・後期)・歴史,44,散布地,台地斜面,,,,
175-1430,175,1430,埋蔵文化財包蔵地,港南区NO.6,港南区NO.6,港南区NO.6,芹が谷五丁目12付近,包含地,畑地・宅地,台地上・斜面,,縄文(中・後期),11,139.57246506,35.41284486,JsonThemeAroundPoint:x/y,139.572465036952,35.4128523057037,7043.465092985,1,12,175-1430,0,埋蔵文化財包蔵地,5,139.57246506,35.41284486,港南区NO.6,港南区,港南区NO.6,埋蔵文化財包蔵地,,[],畑地・宅地,港南区,芹が谷五丁目12付近,縄文(中・後期),11,包含地,台地上・斜面,,,,
926-1430,926,1430,埋蔵文化財包蔵地,港南区NO.60,港南区NO.60,港南区NO.60,笹下五丁目19付近,包含地,畑地,台地上・斜面,230×150,縄文(前・中期)・古墳,46,139.600344385,35.388780755,JsonThemeAroundPoint:x/y,139.600125466476,35.3888471412581,7329.55436256131,1,12,926-1430,0,埋蔵文化財包蔵地,5,139.600344385,35.388780755,港南区NO.60,港南区,港南区NO.60,埋蔵文化財包蔵地,,[],畑地,港南区,笹下五丁目19付近,縄文(前・中期)・古墳,46,包含地,台地上・斜面,230×150,,,
922-1430,922,1430,埋蔵文化財包蔵地,港南区NO.61,港南区NO.61,港南区NO.61,日野中央一丁目4付近,塚,雑木林,台地上,"D20,H5",中世,51,139.591632165,35.389887385,JsonThemeAroundPoint:x/y,139.591617195969,35.3899085585089,7623.26916431128,1,12,922-1430,0,埋蔵文化財包蔵地,5,139.591632165,35.389887385,港南区NO.61,港南区,港南区NO.61,埋蔵文化財包蔵地,,[],雑木林,港南区,日野中央一丁目4付近,中世,51,塚,台地上,"D20,H5",,,
923-1430,923,1430,埋蔵文化財包蔵地,港南区NO.62,港南区NO.62,港南区NO.62,港南六丁目30付近,散布地,雑木林・畑地,台地上・斜面,100×60,縄文(前・中期),50,139.592610855,35.38967329,JsonThemeAroundPoint:x/y,139.592626428945,35.3896352612124,7595.05916419034,1,12,923-1430,0,埋蔵文化財包蔵地,5,139.592610855,35.38967329,港南区NO.62,港南区,港南区NO.62,埋蔵文化財包蔵地,,[],雑木林・畑地,港南区,港南六丁目30付近,縄文(前・中期),50,散布地,台地上・斜面,100×60,,,
201-1430,201,1430,埋蔵文化財包蔵地,港南区NO.63,港南区NO.63,港南区NO.63,笹下七丁目21付近,散布地,宅地,台地斜面,,(不明),49,139.5939472,35.38798278,JsonThemeAroundPoint:x/y,139.593947174406,35.3879902260867,7690.9639491276,1,12,201-1430,0,埋蔵文化財包蔵地,5,139.5939472,35.38798278,港南区NO.63,港南区,港南区NO.63,埋蔵文化財包蔵地,,[],宅地,港南区,笹下七丁目21付近,(不明),49,散布地,台地斜面,,,,
924-1430,924,1430,埋蔵文化財包蔵地,港南区NO.64,港南区NO.64,港南区NO.64,笹下七丁目27付近,散布地,宅地・雑木林,台地斜面,130×80,(不明),48,139.593981165,35.38666333,JsonThemeAroundPoint:x/y,139.593803849252,35.386573320488,7815.48552704232,1,12,924-1430,0,埋蔵文化財包蔵地,5,139.593981165,35.38666333,港南区NO.64,港南区,港南区NO.64,埋蔵文化財包蔵地,,[],宅地・雑木林,港南区,笹下七丁目27付近,(不明),48,散布地,台地斜面,130×80,,,
925-1430,925,1430,埋蔵文化財包蔵地,港南区NO.65,港南区NO.65,港南区NO.65,笹下五丁目27付近,散布地,畑地・宅地,台地上,200×70,縄文(中期),47,139.598784625,35.387520835,JsonThemeAroundPoint:x/y,139.59884363184,35.3874265545999,7519.44460575252,1,12,925-1430,0,埋蔵文化財包蔵地,5,139.598784625,35.387520835,港南区NO.65,港南区,港南区NO.65,埋蔵文化財包蔵地,,[],畑地・宅地,港南区,笹下五丁目27付近,縄文(中期),47,散布地,台地上,200×70,,,
927-1430,927,1430,埋蔵文化財包蔵地,港南区NO.66,港南区NO.66,港南区NO.66,笹下三丁目18付近,貝塚・包含地,宅地・学校・畑地,台地上・斜面,,縄文(中期)・弥生(後期),45,139.607143645,35.386430815,JsonThemeAroundPoint:x/y,139.607143475708,35.3863616271179,7306.85620302757,1,12,927-1430,0,埋蔵文化財包蔵地,5,139.607143645,35.386430815,港南区NO.66,港南区,港南区NO.66,埋蔵文化財包蔵地,,[],宅地・学校・畑地,港南区,笹下三丁目18付近,縄文(中期)・弥生(後期),45,貝塚・包含地,台地上・斜面,,,,
941-1430,941,1430,埋蔵文化財包蔵地,港南区NO.67,港南区NO.67,港南区NO.67,野庭町613付近,城跡,公園・宅地,台地上,,鎌倉？,82,139.573772805,35.386614595,JsonThemeAroundPoint:x/y,139.573773611177,35.3866499003964,8890.3540439836,1,12,941-1430,0,埋蔵文化財包蔵地,5,139.573772805,35.386614595,港南区NO.67,港南区,港南区NO.67,埋蔵文化財包蔵地,,[],公園・宅地,港南区,野庭町613付近,鎌倉？,82,城跡,台地上,,,,
232-1430,232,1430,埋蔵文化財包蔵地,港南区NO.68,港南区NO.68,港南区NO.68,日限山三丁目7付近,散布地,宅地,台地上,,古墳,76,139.565322765,35.3856548,JsonThemeAroundPoint:x/y,139.565322741654,35.3856626123021,9484.50322465454,1,12,232-1430,0,埋蔵文化財包蔵地,5,139.565322765,35.3856548,港南区NO.68,港南区,港南区NO.68,埋蔵文化財包蔵地,,[],宅地,港南区,日限山三丁目7付近,古墳,76,散布地,台地上,,,,
230-1430,230,1430,埋蔵文化財包蔵地,港南区NO.69,港南区NO.69,港南区NO.69,日限山四丁目48付近,散布地,宅地,台地上,,縄文(前・中期)・弥生(後期),68,139.55870034,35.385149625,JsonThemeAroundPoint:x/y,139.558700312376,35.3851574381547,9948.24354194766,1,12,230-1430,0,埋蔵文化財包蔵地,5,139.55870034,35.385149625,港南区NO.69,港南区,港南区NO.69,埋蔵文化財包蔵地,,[],宅地,港南区,日限山四丁目48付近,縄文(前・中期)・弥生(後期),68,散布地,台地上,,,,
176-1430,176,1430,埋蔵文化財包蔵地,港南区NO.7,港南区NO.7,港南区NO.7,芹が谷三丁目32付近,包含地,学校,台地上,,古墳(前期),12,139.57631724,35.41190672,JsonThemeAroundPoint:x/y,139.576317213743,35.4119141642188,6812.46513664391,1,12,176-1430,0,埋蔵文化財包蔵地,5,139.57631724,35.41190672,港南区NO.7,港南区,港南区NO.7,埋蔵文化財包蔵地,,[],学校,港南区,芹が谷三丁目32付近,古墳(前期),12,包含地,台地上,,,,
231-1430,231,1430,埋蔵文化財包蔵地,港南区NO.70,港南区NO.70,港南区NO.70,日限山四丁目42付近,散布地,宅地,台地上,,縄文(早・中・後期),67,139.55995835,35.385633245,JsonThemeAroundPoint:x/y,139.559958322348,35.3856410582653,9828.89613412993,1,12,231-1430,0,埋蔵文化財包蔵地,5,139.55995835,35.385633245,港南区NO.70,港南区,港南区NO.70,埋蔵文化財包蔵地,,[],宅地,港南区,日限山四丁目42付近,縄文(早・中・後期),67,散布地,台地上,,,,
236-1430,236,1430,埋蔵文化財包蔵地,港南区NO.72,港南区NO.72,港南区NO.72,上永谷町4400付近,包含地,宅地,台地斜面,,先土器,70,139.558799755,35.381804885,JsonThemeAroundPoint:x/y,139.558799728867,35.3818126957528,10203.6046719466,1,12,236-1430,0,埋蔵文化財包蔵地,5,139.558799755,35.381804885,港南区NO.72,港南区,港南区NO.72,埋蔵文化財包蔵地,,[],宅地,港南区,上永谷町4400付近,先土器,70,包含地,台地斜面,,,,
235-1430,235,1430,埋蔵文化財包蔵地,港南区NO.73,港南区NO.73,港南区NO.73,上永谷町4459付近,散布地,宅地,台地斜面,,古墳,71,139.56026746,35.382440505,JsonThemeAroundPoint:x/y,139.560267432706,35.382448319617,10060.0225805422,1,12,235-1430,0,埋蔵文化財包蔵地,5,139.56026746,35.382440505,港南区NO.73,港南区,港南区NO.73,埋蔵文化財包蔵地,,[],宅地,港南区,上永谷町4459付近,古墳,71,散布地,台地斜面,,,,
233-1430,233,1430,埋蔵文化財包蔵地,港南区NO.74,港南区NO.74,港南区NO.74,上永谷町4582付近,散布地,宅地,台地斜面,,縄文(中期)・弥生(後期),72,139.562008525,35.38294634,JsonThemeAroundPoint:x/y,139.56200850315,35.3829541534375,9909.86406623242,1,12,233-1430,0,埋蔵文化財包蔵地,5,139.562008525,35.38294634,港南区NO.74,港南区,港南区NO.74,埋蔵文化財包蔵地,,[],宅地,港南区,上永谷町4582付近,縄文(中期)・弥生(後期),72,散布地,台地斜面,,,,
234-1430,234,1430,埋蔵文化財包蔵地,港南区NO.75,港南区NO.75,港南区NO.75,上永谷町4533付近,散布地,宅地,台地上,,弥生(後期),73,139.56177609,35.381938725,JsonThemeAroundPoint:x/y,139.56177606301,35.3819465421873,10005.4964645146,1,12,234-1430,0,埋蔵文化財包蔵地,5,139.56177609,35.381938725,港南区NO.75,港南区,港南区NO.75,埋蔵文化財包蔵地,,[],宅地,港南区,上永谷町4533付近,弥生(後期),73,散布地,台地上,,,,
940-1430,940,1430,埋蔵文化財包蔵地,港南区NO.76,港南区NO.76,港南区NO.76,上永谷町4611・4593・4596付近,散布地,宅地・畑地・雑木林・荒地,台地上・斜面,,縄文(早・前期)・弥生(中・後期)・古墳,75,139.564440845,35.383256495,JsonThemeAroundPoint:x/y,139.564407326369,35.3830096632416,9733.22866886931,1,12,940-1430,0,埋蔵文化財包蔵地,5,139.564440845,35.383256495,港南区NO.76,港南区,港南区NO.76,埋蔵文化財包蔵地,,[],宅地・畑地・雑木林・荒地,港南区,上永谷町4611・4593・4596付近,縄文(早・前期)・弥生(中・後期)・古墳,75,散布地,台地上・斜面,,,,
202-1430,202,1430,埋蔵文化財包蔵地,港南区NO.77,港南区NO.77,港南区NO.77,野庭町1660付近,散布地,学校,台地斜面,,縄文(中・後期),77,139.567923305,35.384276365,JsonThemeAroundPoint:x/y,139.567923281442,35.3842838067239,9436.13060239256,1,12,202-1430,0,埋蔵文化財包蔵地,5,139.567923305,35.384276365,港南区NO.77,港南区,港南区NO.77,埋蔵文化財包蔵地,,[],学校,港南区,野庭町1660付近,縄文(中・後期),77,散布地,台地斜面,,,,
938-1430,938,1430,埋蔵文化財包蔵地,港南区NO.78,港南区NO.78,港南区NO.78,野庭町2273付近,散布地,雑木林,台地上,100×60,縄文(中期),74,139.561765315,35.380452475,JsonThemeAroundPoint:x/y,139.561799125309,35.3804709262594,10126.7622922618,1,12,938-1430,0,埋蔵文化財包蔵地,5,139.561765315,35.380452475,港南区NO.78,港南区,港南区NO.78,埋蔵文化財包蔵地,,[],雑木林,港南区,野庭町2273付近,縄文(中期),74,散布地,台地上,100×60,,,
937-1430,937,1430,埋蔵文化財包蔵地,港南区NO.79,港南区NO.79,港南区NO.79,野庭町2184付近,散布地,雑木林・畑地,台地上・斜面,250×100,(不明),78,139.56560249,35.379502835,JsonThemeAroundPoint:x/y,139.565683213473,35.3795080520716,9973.10128947082,1,12,937-1430,0,埋蔵文化財包蔵地,5,139.56560249,35.379502835,港南区NO.79,港南区,港南区NO.79,埋蔵文化財包蔵地,,[],雑木林・畑地,港南区,野庭町2184付近,(不明),78,散布地,台地上・斜面,250×100,,,
177-1430,177,1430,埋蔵文化財包蔵地,港南区NO.8,港南区NO.8,港南区NO.8,芹が谷三丁目10付近,包含地,宅地,台地上,,弥生,13,139.57697097,35.410802945,JsonThemeAroundPoint:x/y,139.576970945775,35.4108107639272,6836.12881656238,1,12,177-1430,0,埋蔵文化財包蔵地,5,139.57697097,35.410802945,港南区NO.8,港南区,港南区NO.8,埋蔵文化財包蔵地,,[],宅地,港南区,芹が谷三丁目10付近,弥生,13,包含地,台地上,,,,
203-1430,203,1430,埋蔵文化財包蔵地,港南区NO.80,港南区NO.80,港南区NO.80,野庭町625付近,散布地,宅地,台地上,,縄文(中・後期),79,139.571906105,35.3839225,JsonThemeAroundPoint:x/y,139.571906078527,35.3839303188276,9227.9545998425,1,12,203-1430,0,埋蔵文化財包蔵地,5,139.571906105,35.3839225,港南区NO.80,港南区,港南区NO.80,埋蔵文化財包蔵地,,[],宅地,港南区,野庭町625付近,縄文(中・後期),79,散布地,台地上,,,,
204-1430,204,1430,埋蔵文化財包蔵地,港南区NO.81,港南区NO.81,港南区NO.81,野庭町628付近,散布地,宅地,台地上,,縄文(中期)・古墳,80,139.5729253,35.38457253,JsonThemeAroundPoint:x/y,139.572925275257,35.3845803418468,9113.0977354041,1,12,204-1430,0,埋蔵文化財包蔵地,5,139.5729253,35.38457253,港南区NO.81,港南区,港南区NO.81,埋蔵文化財包蔵地,,[],宅地,港南区,野庭町628付近,縄文(中期)・古墳,80,散布地,台地上,,,,
205-1430,205,1430,埋蔵文化財包蔵地,港南区NO.82,港南区NO.82,港南区NO.82,野庭町628付近,散布地,宅地,台地上,,縄文(中期),81,139.57378956,35.385054265,JsonThemeAroundPoint:x/y,139.57378953666,35.3850620800751,9021.67175023353,1,12,205-1430,0,埋蔵文化財包蔵地,5,139.57378956,35.385054265,港南区NO.82,港南区,港南区NO.82,埋蔵文化財包蔵地,,[],宅地,港南区,野庭町628付近,縄文(中期),81,散布地,台地上,,,,
208-1430,208,1430,埋蔵文化財包蔵地,港南区NO.83,港南区NO.83,港南区NO.83,野庭町631付近,散布地,学校,台地上,,縄文,83,139.574652615,35.38407255,JsonThemeAroundPoint:x/y,139.574652593127,35.3840803659018,9056.03571018325,1,12,208-1430,0,埋蔵文化財包蔵地,5,139.574652615,35.38407255,港南区NO.83,港南区,港南区NO.83,埋蔵文化財包蔵地,,[],学校,港南区,野庭町631付近,縄文,83,散布地,台地上,,,,
206-1430,206,1430,埋蔵文化財包蔵地,港南区NO.84,港南区NO.84,港南区NO.84,野庭町634付近,散布地,宅地,台地上,,弥生(後期)・古墳,85,139.575714725,35.385289755,JsonThemeAroundPoint:x/y,139.575714699428,35.3852975701361,8890.26449943891,1,12,206-1430,0,埋蔵文化財包蔵地,5,139.575714725,35.385289755,港南区NO.84,港南区,港南区NO.84,埋蔵文化財包蔵地,,[],宅地,港南区,野庭町634付近,弥生(後期)・古墳,85,散布地,台地上,,,,
207-1430,207,1430,埋蔵文化財包蔵地,港南区NO.85,港南区NO.85,港南区NO.85,野庭町635付近,散布地,宅地,台地上,,縄文(中期)・古墳,84,139.5757582,35.38448253,JsonThemeAroundPoint:x/y,139.575758177472,35.3844903434223,8957.53572400106,1,12,207-1430,0,埋蔵文化財包蔵地,5,139.5757582,35.38448253,港南区NO.85,港南区,港南区NO.85,埋蔵文化財包蔵地,,[],宅地,港南区,野庭町635付近,縄文(中期)・古墳,84,散布地,台地上,,,,
210-1430,210,1430,埋蔵文化財包蔵地,港南区NO.86,港南区NO.86,港南区NO.86,野庭町638付近,散布地,宅地,台地上,,(不明),86,139.577457335,35.386074325,JsonThemeAroundPoint:x/y,139.577457313827,35.3860821391869,8723.04036918838,1,12,210-1430,0,埋蔵文化財包蔵地,5,139.577457335,35.386074325,港南区NO.86,港南区,港南区NO.86,埋蔵文化財包蔵地,,[],宅地,港南区,野庭町638付近,(不明),86,散布地,台地上,,,,
211-1430,211,1430,埋蔵文化財包蔵地,港南区NO.87,港南区NO.87,港南区NO.87,野庭町963付近,包含地,道路,台地上,,縄文(前・中期),87,139.579119365,35.38552494,JsonThemeAroundPoint:x/y,139.579119342646,35.3855327526764,8677.7239559611,1,12,211-1430,0,埋蔵文化財包蔵地,5,139.579119365,35.38552494,港南区NO.87,港南区,港南区NO.87,埋蔵文化財包蔵地,,[],道路,港南区,野庭町963付近,縄文(前・中期),87,包含地,台地上,,,,
209-1430,209,1430,埋蔵文化財包蔵地,港南区NO.88,港南区NO.88,港南区NO.88,野庭町639付近,散布地,宅地,台地上,,(不明),88,139.577519905,35.383661355,JsonThemeAroundPoint:x/y,139.577519878286,35.3836691688097,8930.39497149393,1,12,209-1430,0,埋蔵文化財包蔵地,5,139.577519905,35.383661355,港南区NO.88,港南区,港南区NO.88,埋蔵文化財包蔵地,,[],宅地,港南区,野庭町639付近,(不明),88,散布地,台地上,,,,
899-1430,899,1430,埋蔵文化財包蔵地,港南区NO.9,港南区NO.9,港南区NO.9,芹が谷一丁目11付近,散布地,宅地,台地上・斜面,300×70,(不明),15,139.5799117,35.41219005,JsonThemeAroundPoint:x/y,139.579908986944,35.4121794444605,6530.08580708471,1,12,899-1430,0,埋蔵文化財包蔵地,5,139.5799117,35.41219005,港南区NO.9,港南区,港南区NO.9,埋蔵文化財包蔵地,,[],宅地,港南区,芹が谷一丁目11付近,(不明),15,散布地,台地上・斜面,300×70,,,
2295-1430,2295,1430,埋蔵文化財包蔵地,港南区NO.91,港南区NO.91,港南区NO.91,日野中央二丁目9付近,横穴墓,境内,崖,,古墳,95,139.585093805,35.382945785,JsonThemeAroundPoint:x/y,139.58509424581,35.3829413673899,8594.25581208399,1,12,2295-1430,0,埋蔵文化財包蔵地,5,139.585093805,35.382945785,港南区NO.91,港南区,港南区NO.91,埋蔵文化財包蔵地,,[],境内,港南区,日野中央二丁目9付近,古墳,95,横穴墓,崖,,,,
936-1430,936,1430,埋蔵文化財包蔵地,港南区NO.92,港南区NO.92,港南区NO.92,日野九丁目39付近,散布地,宅地・畑地,台地斜面,150×70,縄文(中・後期),89,139.575326825,35.381587305,JsonThemeAroundPoint:x/y,139.575375877659,35.3815876788672,9234.50190493976,1,12,936-1430,0,埋蔵文化財包蔵地,5,139.575326825,35.381587305,港南区NO.92,港南区,港南区NO.92,埋蔵文化財包蔵地,,[],宅地・畑地,港南区,日野九丁目39付近,縄文(中・後期),89,散布地,台地斜面,150×70,,,
212-1430,212,1430,埋蔵文化財包蔵地,港南区NO.94,港南区NO.94,港南区NO.94,日野八丁目16付近,散布地,宅地,台地斜面,,縄文(後期)・弥生(後期),91,139.58122873,35.381832235,JsonThemeAroundPoint:x/y,139.581228705185,35.3818400480004,8894.56455412631,1,12,212-1430,0,埋蔵文化財包蔵地,5,139.58122873,35.381832235,港南区NO.94,港南区,港南区NO.94,埋蔵文化財包蔵地,,[],宅地,港南区,日野八丁目16付近,縄文(後期)・弥生(後期),91,散布地,台地斜面,,,,
2297-1430,2297,1430,埋蔵文化財包蔵地,港南区NO.95,港南区NO.95,港南区NO.95,港南台一丁目2付近,やぐら,宅地,崖,,中世,97,139.582253775,35.37802311,JsonThemeAroundPoint:x/y,139.582256125292,35.3780184367273,9193.05411943857,1,12,2297-1430,0,埋蔵文化財包蔵地,5,139.582253775,35.37802311,港南区NO.95,港南区,港南区NO.95,埋蔵文化財包蔵地,,[],宅地,港南区,港南台一丁目2付近,中世,97,やぐら,崖,,,,
213-1430,213,1430,埋蔵文化財包蔵地,港南区NO.96,港南区NO.96,港南区NO.96,港南台一丁目3付近,散布地,宅地,台地上,,縄文(早期)・弥生(中・後期),96,139.582934115,35.378387885,JsonThemeAroundPoint:x/y,139.582934094713,35.3783957017325,9125.4012898525,1,12,213-1430,0,埋蔵文化財包蔵地,5,139.582934115,35.378387885,港南区NO.96,港南区,港南区NO.96,埋蔵文化財包蔵地,,[],宅地,港南区,港南台一丁目3付近,縄文(早期)・弥生(中・後期),96,散布地,台地上,,,,
935-1430,935,1430,埋蔵文化財包蔵地,港南区NO.97,港南区NO.97,港南区NO.97,日野南五丁目19付近,散布地,公園・宅地,台地上・斜面,150×50,(不明),99,139.570214245,35.377165335,JsonThemeAroundPoint:x/y,139.570274853337,35.3771286450055,9907.36663048565,1,12,935-1430,0,埋蔵文化財包蔵地,5,139.570214245,35.377165335,港南区NO.97,港南区,港南区NO.97,埋蔵文化財包蔵地,,[],公園・宅地,港南区,日野南五丁目19付近,(不明),99,散布地,台地上・斜面,150×50,,,
214-1430,214,1430,埋蔵文化財包蔵地,港南区NO.98,港南区NO.98,港南区NO.98,日野南一丁目9付近,塚,宅地,台地上,,古墳,98,139.577529575,35.377329655,JsonThemeAroundPoint:x/y,139.577529548858,35.3773370957596,9497.12781975246,1,12,214-1430,0,埋蔵文化財包蔵地,5,139.577529575,35.377329655,港南区NO.98,港南区,港南区NO.98,埋蔵文化財包蔵地,,[],宅地,港南区,日野南一丁目9付近,古墳,98,塚,台地上,,,,
227-1430,227,1430,埋蔵文化財包蔵地,港南区NO.99,港南区NO.99,港南区NO.99,日野南六丁目25付近,散布地,宅地,台地上,,(不明),100,139.56702345,35.372931605,JsonThemeAroundPoint:x/y,139.567023422894,35.372939576255,10456.559254545,1,12,227-1430,0,埋蔵文化財包蔵地,5,139.56702345,35.372931605,港南区NO.99,港南区,港南区NO.99,埋蔵文化財包蔵地,,[],宅地,港南区,日野南六丁目25付近,(不明),100,散布地,台地上,,,,
1214-1430,1214,1430,埋蔵文化財包蔵地,瀬谷区NO.1,瀬谷区NO.1,瀬谷区NO.1,五貫目町1・16付近,古墳・包含地・城跡,畑地・墓地・宅地・雑木林,台地上,300×200,縄文(中期)・古墳(前期)・奈良・平安,50,139.473733765,35.49714243,JsonThemeAroundPoint:x/y,139.473693354489,35.4973659569393,15868.8352687708,1,12,1214-1430,0,埋蔵文化財包蔵地,5,139.473733765,35.49714243,瀬谷区NO.1,瀬谷区,瀬谷区NO.1,埋蔵文化財包蔵地,,[],畑地・墓地・宅地・雑木林,瀬谷区,五貫目町1・16付近,縄文(中期)・古墳(前期)・奈良・平安,50,古墳・包含地・城跡,台地上,300×200,,,
1221-1430,1221,1430,埋蔵文化財包蔵地,瀬谷区NO.11,瀬谷区NO.11,瀬谷区NO.11,中屋敷二丁目7付近,散布地,畑地・宅地,台地上,450×330,古墳・歴史,6,139.478420135,35.478192065,JsonThemeAroundPoint:x/y,139.478483658955,35.4783120260068,14845.5976798056,1,12,1221-1430,0,埋蔵文化財包蔵地,5,139.478420135,35.478192065,瀬谷区NO.11,瀬谷区,瀬谷区NO.11,埋蔵文化財包蔵地,,[],畑地・宅地,瀬谷区,中屋敷二丁目7付近,古墳・歴史,6,散布地,台地上,450×330,,,
1222-1430,1222,1430,埋蔵文化財包蔵地,瀬谷区NO.12,瀬谷区NO.12,瀬谷区NO.12,本郷一丁目33・65付近,散布地,畑地・宅地,台地上,500×200,古墳・奈良・平安,12,139.476076865,35.47510714,JsonThemeAroundPoint:x/y,139.475950074036,35.4748107649484,14977.3417738135,1,12,1222-1430,0,埋蔵文化財包蔵地,5,139.476076865,35.47510714,瀬谷区NO.12,瀬谷区,瀬谷区NO.12,埋蔵文化財包蔵地,,[],畑地・宅地,瀬谷区,本郷一丁目33・65付近,古墳・奈良・平安,12,散布地,台地上,500×200,,,
1223-1430,1223,1430,埋蔵文化財包蔵地,瀬谷区NO.13,瀬谷区NO.13,瀬谷区NO.13,本郷二丁目15・26付近,散布地,畑地・宅地,台地上,200×150,古墳・歴史,9,139.48014134,35.473197875,JsonThemeAroundPoint:x/y,139.480083999593,35.4731955577224,14573.5575343307,1,12,1223-1430,0,埋蔵文化財包蔵地,5,139.48014134,35.473197875,瀬谷区NO.13,瀬谷区,瀬谷区NO.13,埋蔵文化財包蔵地,,[],畑地・宅地,瀬谷区,本郷二丁目15・26付近,古墳・歴史,9,散布地,台地上,200×150,,,
1225-1430,1225,1430,埋蔵文化財包蔵地,瀬谷区NO.14,瀬谷区NO.14,瀬谷区NO.14,本郷二丁目15・本郷四丁目8・中央35付近,散布地・包含地,畑地・宅地・駐車場・雑木林,台地上・縁辺部,500×500,先土器・縄文(前・後期)・古墳,10,139.48558421,35.47375393,JsonThemeAroundPoint:x/y,139.484376940446,35.4738645862087,14103.2745634116,1,12,1225-1430,0,埋蔵文化財包蔵地,5,139.48558421,35.47375393,瀬谷区NO.14,瀬谷区,瀬谷区NO.14,埋蔵文化財包蔵地,,[],畑地・宅地・駐車場・雑木林,瀬谷区,本郷二丁目15・本郷四丁目8・中央35付近,先土器・縄文(前・後期)・古墳,10,散布地・包含地,台地上・縁辺部,500×500,,,
1226-1430,1226,1430,埋蔵文化財包蔵地,瀬谷区NO.16,瀬谷区NO.16,瀬谷区NO.16,中央13付近,散布地,畑地・宅地,台地上,300×200,縄文(前・中期)・古墳,14,139.48599292,35.46844753,JsonThemeAroundPoint:x/y,139.485966526983,35.4681485540871,13955.0185922635,1,12,1226-1430,0,埋蔵文化財包蔵地,5,139.48599292,35.46844753,瀬谷区NO.16,瀬谷区,瀬谷区NO.16,埋蔵文化財包蔵地,,[],畑地・宅地,瀬谷区,中央13付近,縄文(前・中期)・古墳,14,散布地,台地上,300×200,,,
1227-1430,1227,1430,埋蔵文化財包蔵地,瀬谷区NO.18,瀬谷区NO.18,瀬谷区NO.18,相沢二丁目24付近,散布地,宅地・畑地,台地上,300×250,縄文(中期)・古墳,16,139.492977475,35.46980682,JsonThemeAroundPoint:x/y,139.493015284746,35.4697488510559,13359.2611920509,1,12,1227-1430,0,埋蔵文化財包蔵地,5,139.492977475,35.46980682,瀬谷区NO.18,瀬谷区,瀬谷区NO.18,埋蔵文化財包蔵地,,[],宅地・畑地,瀬谷区,相沢二丁目24付近,縄文(中期)・古墳,16,散布地,台地上,300×250,,,
280-1430,280,1430,埋蔵文化財包蔵地,瀬谷区NO.19,瀬谷区NO.19,瀬谷区NO.19,東野139付近,集落跡,宅地,低台地上,,縄文(中・後期),17,139.498727865,35.47215041,JsonThemeAroundPoint:x/y,139.498727829336,35.4721585954653,12901.397582797,1,12,280-1430,0,埋蔵文化財包蔵地,5,139.498727865,35.47215041,瀬谷区NO.19,瀬谷区,瀬谷区NO.19,埋蔵文化財包蔵地,,[],宅地,瀬谷区,東野139付近,縄文(中・後期),17,集落跡,低台地上,,,,
277-1430,277,1430,埋蔵文化財包蔵地,瀬谷区NO.2,瀬谷区NO.2,瀬谷区NO.2,上瀬谷町45付近,古墳,畑地,台地縁辺部,,古墳,1,139.477525285,35.49147617,JsonThemeAroundPoint:x/y,139.477525246339,35.4914843569075,15333.4774995207,1,12,277-1430,0,埋蔵文化財包蔵地,5,139.477525285,35.49147617,瀬谷区NO.2,瀬谷区,瀬谷区NO.2,埋蔵文化財包蔵地,,[],畑地,瀬谷区,上瀬谷町45付近,古墳,1,古墳,台地縁辺部,,,,
1228-1430,1228,1430,埋蔵文化財包蔵地,瀬谷区NO.20,瀬谷区NO.20,瀬谷区NO.20,二ツ橋町462付近,散布地,宅地・畑地,台地上,,縄文(前・中期),52,139.498846005,35.4688633,JsonThemeAroundPoint:x/y,139.498889908282,35.4687182035405,12817.1698447739,1,12,1228-1430,0,埋蔵文化財包蔵地,5,139.498846005,35.4688633,瀬谷区NO.20,瀬谷区,瀬谷区NO.20,埋蔵文化財包蔵地,,[],宅地・畑地,瀬谷区,二ツ橋町462付近,縄文(前・中期),52,散布地,台地上,,,,
1230-1430,1230,1430,埋蔵文化財包蔵地,瀬谷区NO.21,瀬谷区NO.21,瀬谷区NO.21,瀬谷五丁目26付近,散布地,宅地・畑地,台地上,420×410,縄文・弥生・古墳・歴史,19,139.48020873,35.46389997,JsonThemeAroundPoint:x/y,139.480194863882,35.4641703978427,14397.9226697509,1,12,1230-1430,0,埋蔵文化財包蔵地,5,139.48020873,35.46389997,瀬谷区NO.21,瀬谷区,瀬谷区NO.21,埋蔵文化財包蔵地,,[],宅地・畑地,瀬谷区,瀬谷五丁目26付近,縄文・弥生・古墳・歴史,19,散布地,台地上,420×410,,,
1229-1430,1229,1430,埋蔵文化財包蔵地,瀬谷区NO.22,瀬谷区NO.22,瀬谷区NO.22,瀬谷四丁目24付近,塚,宅地,台地上,"D17,H4",(不明),18,139.484046575,35.46631981,JsonThemeAroundPoint:x/y,139.484047228216,35.4663198141901,14091.2168366063,1,12,1229-1430,0,埋蔵文化財包蔵地,5,139.484046575,35.46631981,瀬谷区NO.22,瀬谷区,瀬谷区NO.22,埋蔵文化財包蔵地,,[],宅地,瀬谷区,瀬谷四丁目24付近,(不明),18,塚,台地上,"D17,H4",,,
1231-1430,1231,1430,埋蔵文化財包蔵地,瀬谷区NO.23,瀬谷区NO.23,瀬谷区NO.23,橋戸三丁目21付近,散布地,宅地・畑地,台地上,270×270,縄文・古墳・歴史,21,139.480679655,35.459860185,JsonThemeAroundPoint:x/y,139.480599782345,35.4598900209683,14304.3733694926,1,12,1231-1430,0,埋蔵文化財包蔵地,5,139.480679655,35.459860185,瀬谷区NO.23,瀬谷区,瀬谷区NO.23,埋蔵文化財包蔵地,,[],宅地・畑地,瀬谷区,橋戸三丁目21付近,縄文・古墳・歴史,21,散布地,台地上,270×270,,,
1232-1430,1232,1430,埋蔵文化財包蔵地,瀬谷区NO.24,瀬谷区NO.24,瀬谷区NO.24,橋戸二丁目31付近,散布地,畑地・宅地,台地上,250×220,歴史,20,139.48311324,35.45723682,JsonThemeAroundPoint:x/y,139.48318015914,35.4572040512485,14058.7250339824,1,12,1232-1430,0,埋蔵文化財包蔵地,5,139.48311324,35.45723682,瀬谷区NO.24,瀬谷区,瀬谷区NO.24,埋蔵文化財包蔵地,,[],畑地・宅地,瀬谷区,橋戸二丁目31付近,歴史,20,散布地,台地上,250×220,,,
279-1430,279,1430,埋蔵文化財包蔵地,瀬谷区NO.26,瀬谷区NO.26,瀬谷区NO.26,南台二丁目2付近,塚,荒地・雑木林,台地上,,(不明),25,139.489052985,35.455624475,JsonThemeAroundPoint:x/y,139.489052952023,35.4556321399404,13508.5657478315,1,12,279-1430,0,埋蔵文化財包蔵地,5,139.489052985,35.455624475,瀬谷区NO.26,瀬谷区,瀬谷区NO.26,埋蔵文化財包蔵地,,[],荒地・雑木林,瀬谷区,南台二丁目2付近,(不明),25,塚,台地上,,,,
281-1430,281,1430,埋蔵文化財包蔵地,瀬谷区NO.27,瀬谷区NO.27,瀬谷区NO.27,三ツ境3付近,散布地,宅地,台地上,,縄文(中期)・弥生(後期),22,139.507889005,35.463979265,JsonThemeAroundPoint:x/y,139.507888971797,35.463987454979,11916.1297271677,1,12,281-1430,0,埋蔵文化財包蔵地,5,139.507889005,35.463979265,瀬谷区NO.27,瀬谷区,瀬谷区NO.27,埋蔵文化財包蔵地,,[],宅地,瀬谷区,三ツ境3付近,縄文(中期)・弥生(後期),22,散布地,台地上,,,,
282-1430,282,1430,埋蔵文化財包蔵地,瀬谷区NO.28,瀬谷区NO.28,瀬谷区NO.28,三ツ境33付近,散布地,宅地,台地上,,縄文(前期),23,139.50745729,35.461369745,JsonThemeAroundPoint:x/y,139.507457257912,35.4613775620206,11912.8866515575,1,12,282-1430,0,埋蔵文化財包蔵地,5,139.50745729,35.461369745,瀬谷区NO.28,瀬谷区,瀬谷区NO.28,埋蔵文化財包蔵地,,[],宅地,瀬谷区,三ツ境33付近,縄文(前期),23,散布地,台地上,,,,
1233-1430,1233,1430,埋蔵文化財包蔵地,瀬谷区NO.29,瀬谷区NO.29,瀬谷区NO.29,阿久和東一丁目15付近,散布地,畑地・宅地,台地上,270×200,縄文,31,139.505554045,35.454295295,JsonThemeAroundPoint:x/y,139.505651498181,35.4543052977864,12006.5642530946,1,12,1233-1430,0,埋蔵文化財包蔵地,5,139.505554045,35.454295295,瀬谷区NO.29,瀬谷区,瀬谷区NO.29,埋蔵文化財包蔵地,,[],畑地・宅地,瀬谷区,阿久和東一丁目15付近,縄文,31,散布地,台地上,270×200,,,
1215-1430,1215,1430,埋蔵文化財包蔵地,瀬谷区NO.3,瀬谷区NO.3,瀬谷区NO.3,瀬谷町54付近,散布地,畑地,台地上,,縄文,51,139.480763505,35.493046665,JsonThemeAroundPoint:x/y,139.480773786667,35.4929997874906,15113.9246346319,1,12,1215-1430,0,埋蔵文化財包蔵地,5,139.480763505,35.493046665,瀬谷区NO.3,瀬谷区,瀬谷区NO.3,埋蔵文化財包蔵地,,[],畑地,瀬谷区,瀬谷町54付近,縄文,51,散布地,台地上,,,,
1234-1430,1234,1430,埋蔵文化財包蔵地,瀬谷区NO.30,瀬谷区NO.30,瀬谷区NO.30,下瀬谷三丁目20付近,散布地,畑地・荒地,低台地上,200×170,弥生・歴史,28,139.48237775,35.45142725,JsonThemeAroundPoint:x/y,139.482416617013,35.4512954061093,14088.8016121114,1,12,1234-1430,0,埋蔵文化財包蔵地,5,139.48237775,35.45142725,瀬谷区NO.30,瀬谷区,瀬谷区NO.30,埋蔵文化財包蔵地,,[],畑地・荒地,瀬谷区,下瀬谷三丁目20付近,弥生・歴史,28,散布地,低台地上,200×170,,,
1235-1430,1235,1430,埋蔵文化財包蔵地,瀬谷区NO.31,瀬谷区NO.31,瀬谷区NO.31,下瀬谷二丁目16付近,包含地,学校,台地上,170×100,先土器・縄文(早期),27,139.4852931,35.452935215,JsonThemeAroundPoint:x/y,139.485240665834,35.4528936253637,13831.473201015,1,12,1235-1430,0,埋蔵文化財包蔵地,5,139.4852931,35.452935215,瀬谷区NO.31,瀬谷区,瀬谷区NO.31,埋蔵文化財包蔵地,,[],学校,瀬谷区,下瀬谷二丁目16付近,先土器・縄文(早期),27,包含地,台地上,170×100,,,
285-1430,285,1430,埋蔵文化財包蔵地,瀬谷区NO.32,瀬谷区NO.32,瀬谷区NO.32,下瀬谷二丁目2付近,地下式壙,宅地,低台地上,,近世,29,139.48478541,35.44962732,JsonThemeAroundPoint:x/y,139.484785377282,35.4496355092377,13865.3782812652,1,12,285-1430,0,埋蔵文化財包蔵地,5,139.48478541,35.44962732,瀬谷区NO.32,瀬谷区,瀬谷区NO.32,埋蔵文化財包蔵地,,[],宅地,瀬谷区,下瀬谷二丁目2付近,近世,29,地下式壙,低台地上,,,,
1236-1430,1236,1430,埋蔵文化財包蔵地,瀬谷区NO.33,瀬谷区NO.33,瀬谷区NO.33,下瀬谷一丁目5付近,散布地,宅地・畑地,台地上,300×250,縄文(早期),26,139.488580485,35.452154705,JsonThemeAroundPoint:x/y,139.488295387968,35.4521146009604,13530.057279193,1,12,1236-1430,0,埋蔵文化財包蔵地,5,139.488580485,35.452154705,瀬谷区NO.33,瀬谷区,瀬谷区NO.33,埋蔵文化財包蔵地,,[],宅地・畑地,瀬谷区,下瀬谷一丁目5付近,縄文(早期),26,散布地,台地上,300×250,,,
1239-1430,1239,1430,埋蔵文化財包蔵地,瀬谷区NO.34,瀬谷区NO.34,瀬谷区NO.34,宮沢二丁目45付近,散布地,畑地・宅地,台地上,200×160,縄文・歴史,53,139.4963232,35.45310827,JsonThemeAroundPoint:x/y,139.496346716081,35.4530972353365,12833.9803694889,1,12,1239-1430,0,埋蔵文化財包蔵地,5,139.4963232,35.45310827,瀬谷区NO.34,瀬谷区,瀬谷区NO.34,埋蔵文化財包蔵地,,[],畑地・宅地,瀬谷区,宮沢二丁目45付近,縄文・歴史,53,散布地,台地上,200×160,,,
1243-1430,1243,1430,埋蔵文化財包蔵地,瀬谷区NO.35,瀬谷区NO.35,瀬谷区NO.35,阿久和東一丁目29付近,散布地,宅地・雑木林,台地上,,縄文(早・中期),32,139.50814362,35.453650385,JsonThemeAroundPoint:x/y,139.508101307197,35.4536466884019,11767.8047164745,1,12,1243-1430,0,埋蔵文化財包蔵地,5,139.50814362,35.453650385,瀬谷区NO.35,瀬谷区,瀬谷区NO.35,埋蔵文化財包蔵地,,[],宅地・雑木林,瀬谷区,阿久和東一丁目29付近,縄文(早・中期),32,散布地,台地上,,,,
1241-1430,1241,1430,埋蔵文化財包蔵地,瀬谷区NO.36,瀬谷区NO.36,瀬谷区NO.36,阿久和東一丁目5付近,散布地,畑地,台地上,200×200,縄文(中期),33,139.505097765,35.451277155,JsonThemeAroundPoint:x/y,139.505176157867,35.4513342579717,12030.4827718961,1,12,1241-1430,0,埋蔵文化財包蔵地,5,139.505097765,35.451277155,瀬谷区NO.36,瀬谷区,瀬谷区NO.36,埋蔵文化財包蔵地,,[],畑地,瀬谷区,阿久和東一丁目5付近,縄文(中期),33,散布地,台地上,200×200,,,
283-1430,283,1430,埋蔵文化財包蔵地,瀬谷区NO.37,瀬谷区NO.37,瀬谷区NO.37,阿久和東一丁目10付近,散布地,宅地,台地上,,縄文(前・中・後期),34,139.50649389,35.45000698,JsonThemeAroundPoint:x/y,139.506493857643,35.4500144192326,11899.4975174114,1,12,283-1430,0,埋蔵文化財包蔵地,5,139.50649389,35.45000698,瀬谷区NO.37,瀬谷区,瀬谷区NO.37,埋蔵文化財包蔵地,,[],宅地,瀬谷区,阿久和東一丁目10付近,縄文(前・中・後期),34,散布地,台地上,,,,
1237-1430,1237,1430,埋蔵文化財包蔵地,瀬谷区NO.38,瀬谷区NO.38,瀬谷区NO.38,下瀬谷一丁目27付近,散布地,畑地,台地上,250×170,縄文(中期)・古墳,30,139.487282765,35.448204935,JsonThemeAroundPoint:x/y,139.487153964386,35.4481957611441,13636.8768284571,1,12,1237-1430,0,埋蔵文化財包蔵地,5,139.487282765,35.448204935,瀬谷区NO.38,瀬谷区,瀬谷区NO.38,埋蔵文化財包蔵地,,[],畑地,瀬谷区,下瀬谷一丁目27付近,縄文(中期)・古墳,30,散布地,台地上,250×170,,,
1238-1430,1238,1430,埋蔵文化財包蔵地,瀬谷区NO.39,瀬谷区NO.39,瀬谷区NO.39,宮沢町516付近,散布地,畑地・雑木林,台地上,200×150,縄文(中期),54,139.49305957,35.44764745,JsonThemeAroundPoint:x/y,139.493029008192,35.4475325585322,13112.9826433362,1,12,1238-1430,0,埋蔵文化財包蔵地,5,139.49305957,35.44764745,瀬谷区NO.39,瀬谷区,瀬谷区NO.39,埋蔵文化財包蔵地,,[],畑地・雑木林,瀬谷区,宮沢町516付近,縄文(中期),54,散布地,台地上,200×150,,,
278-1430,278,1430,埋蔵文化財包蔵地,瀬谷区NO.4,瀬谷区NO.4,瀬谷区NO.4,瀬谷町7659付近,古墳,畑地,台地上,,古墳,2,139.48540471,35.49090285,JsonThemeAroundPoint:x/y,139.485404676862,35.4909110366576,14637.7346311181,1,12,278-1430,0,埋蔵文化財包蔵地,5,139.48540471,35.49090285,瀬谷区NO.4,瀬谷区,瀬谷区NO.4,埋蔵文化財包蔵地,,[],畑地,瀬谷区,瀬谷町7659付近,古墳,2,古墳,台地上,,,,
1244-1430,1244,1430,埋蔵文化財包蔵地,瀬谷区NO.40,瀬谷区NO.40,瀬谷区NO.40,宮沢町23・42付近,散布地,畑地,台地上,500×400,縄文(前・中期)・弥生(後期)・古墳,36,139.49245185,35.442351855,JsonThemeAroundPoint:x/y,139.492496853488,35.4422143591381,13178.9844771667,1,12,1244-1430,0,埋蔵文化財包蔵地,5,139.49245185,35.442351855,瀬谷区NO.40,瀬谷区,瀬谷区NO.40,埋蔵文化財包蔵地,,[],畑地,瀬谷区,宮沢町23・42付近,縄文(前・中期)・弥生(後期)・古墳,36,散布地,台地上,500×400,,,
1245-1430,1245,1430,埋蔵文化財包蔵地,瀬谷区NO.41,瀬谷区NO.41,瀬谷区NO.41,阿久和西四丁目29付近,散布地,畑地,台地上,350×200,縄文(前・中期),37,139.498105925,35.442746865,JsonThemeAroundPoint:x/y,139.497766262733,35.4426956766441,12665.2309812071,1,12,1245-1430,0,埋蔵文化財包蔵地,5,139.498105925,35.442746865,瀬谷区NO.41,瀬谷区,瀬谷区NO.41,埋蔵文化財包蔵地,,[],畑地,瀬谷区,阿久和西四丁目29付近,縄文(前・中期),37,散布地,台地上,350×200,,,
1246-1430,1246,1430,埋蔵文化財包蔵地,瀬谷区NO.42,瀬谷区NO.42,瀬谷区NO.42,阿久和西四丁目10付近,集落跡,畑地・宅地,台地上・斜面,700×250,縄文(中・後期)・古墳,38・39,139.50235083,35.442571255,JsonThemeAroundPoint:x/y,139.501975377926,35.4430155445934,12281.6383290614,1,12,1246-1430,0,埋蔵文化財包蔵地,5,139.50235083,35.442571255,瀬谷区NO.42,瀬谷区,瀬谷区NO.42,埋蔵文化財包蔵地,,[],畑地・宅地,瀬谷区,阿久和西四丁目10付近,縄文(中・後期)・古墳,38・39,集落跡,台地上・斜面,700×250,,,
1249-1430,1249,1430,埋蔵文化財包蔵地,瀬谷区NO.43,瀬谷区NO.43,瀬谷区NO.43,阿久和南四丁目8付近,集落跡,宅地,台地上,400×300,縄文(中期),40,139.50025898,35.437444575,JsonThemeAroundPoint:x/y,139.500335324338,35.4373045628306,12507.5662213462,1,12,1249-1430,0,埋蔵文化財包蔵地,5,139.50025898,35.437444575,瀬谷区NO.43,瀬谷区,瀬谷区NO.43,埋蔵文化財包蔵地,,[],宅地,瀬谷区,阿久和南四丁目8付近,縄文(中期),40,集落跡,台地上,400×300,,,
1240-1430,1240,1430,埋蔵文化財包蔵地,瀬谷区NO.44,瀬谷区NO.44,瀬谷区NO.44,阿久和西二丁目59付近,集落跡,宅地・畑地,台地上,300×270,縄文(早・中期),41,139.503406145,35.447577995,JsonThemeAroundPoint:x/y,139.503326557967,35.4472396947464,12175.2923116988,1,12,1240-1430,0,埋蔵文化財包蔵地,5,139.503406145,35.447577995,瀬谷区NO.44,瀬谷区,瀬谷区NO.44,埋蔵文化財包蔵地,,[],宅地・畑地,瀬谷区,阿久和西二丁目59付近,縄文(早・中期),41,集落跡,台地上,300×270,,,
284-1430,284,1430,埋蔵文化財包蔵地,瀬谷区NO.45,瀬谷区NO.45,瀬谷区NO.45,阿久和東二丁目14付近,散布地,宅地,台地斜面,,縄文,42,139.507176665,35.44848635,JsonThemeAroundPoint:x/y,139.507176634925,35.4484945349051,11834.3816218793,1,12,284-1430,0,埋蔵文化財包蔵地,5,139.507176665,35.44848635,瀬谷区NO.45,瀬谷区,瀬谷区NO.45,埋蔵文化財包蔵地,,[],宅地,瀬谷区,阿久和東二丁目14付近,縄文,42,散布地,台地斜面,,,,
1242-1430,1242,1430,埋蔵文化財包蔵地,瀬谷区NO.46,瀬谷区NO.46,瀬谷区NO.46,阿久和東三丁目1付近,散布地,畑地・宅地・雑木林,台地斜面,150×100,縄文(早期),44,139.507572945,35.44633097,JsonThemeAroundPoint:x/y,139.507527765398,35.4461717731811,11797.9905131345,1,12,1242-1430,0,埋蔵文化財包蔵地,5,139.507572945,35.44633097,瀬谷区NO.46,瀬谷区,瀬谷区NO.46,埋蔵文化財包蔵地,,[],畑地・宅地・雑木林,瀬谷区,阿久和東三丁目1付近,縄文(早期),44,散布地,台地斜面,150×100,,,
1247-1430,1247,1430,埋蔵文化財包蔵地,瀬谷区NO.47,瀬谷区NO.47,瀬谷区NO.47,阿久和南二丁目4付近,散布地,畑地・線路,台地上,250×250,縄文,45,139.50575262,35.442340995,JsonThemeAroundPoint:x/y,139.505770019647,35.4424125741544,11974.7534377345,1,12,1247-1430,0,埋蔵文化財包蔵地,5,139.50575262,35.442340995,瀬谷区NO.47,瀬谷区,瀬谷区NO.47,埋蔵文化財包蔵地,,[],畑地・線路,瀬谷区,阿久和南二丁目4付近,縄文,45,散布地,台地上,250×250,,,
1248-1430,1248,1430,埋蔵文化財包蔵地,瀬谷区NO.48,瀬谷区NO.48,瀬谷区NO.48,阿久和南二丁目32・三丁目10付近,集落跡,畑地・宅地,台地上・斜面,600×600,縄文(前・中・後期)・弥生(後期),47,139.50624966,35.43851152,JsonThemeAroundPoint:x/y,139.507144025318,35.4379486110411,11956.6181960263,1,12,1248-1430,0,埋蔵文化財包蔵地,5,139.50624966,35.43851152,瀬谷区NO.48,瀬谷区,瀬谷区NO.48,埋蔵文化財包蔵地,,[],畑地・宅地,瀬谷区,阿久和南二丁目32・三丁目10付近,縄文(前・中・後期)・弥生(後期),47,集落跡,台地上・斜面,600×600,,,
1250-1430,1250,1430,埋蔵文化財包蔵地,瀬谷区NO.49,瀬谷区NO.49,瀬谷区NO.49,阿久和南三丁目25・38付近,散布地,畑地・宅地,台地上・台地斜面,350×350,縄文(早・前？・中・後期)・弥生(後期),49,139.506338825,35.43350554,JsonThemeAroundPoint:x/y,139.506574009024,35.4334645563063,12006.4298646299,1,12,1250-1430,0,埋蔵文化財包蔵地,5,139.506338825,35.43350554,瀬谷区NO.49,瀬谷区,瀬谷区NO.49,埋蔵文化財包蔵地,,[],畑地・宅地,瀬谷区,阿久和南三丁目25・38付近,縄文(早・前？・中・後期)・弥生(後期),49,散布地,台地上・台地斜面,350×350,,,
1216-1430,1216,1430,埋蔵文化財包蔵地,瀬谷区NO.5,瀬谷区NO.5,瀬谷区NO.5,竹村町8・中屋敷二丁目31・瀬谷町698付近,散布地,畑地・公園・宅地・雑木林,台地上,600×500,縄文(前・後期)・弥生(後期)・古墳,3,139.47962568,35.48337133,JsonThemeAroundPoint:x/y,139.478929746846,35.4830624338912,14884.6884194391,1,12,1216-1430,0,埋蔵文化財包蔵地,5,139.47962568,35.48337133,瀬谷区NO.5,瀬谷区,瀬谷区NO.5,埋蔵文化財包蔵地,,[],畑地・公園・宅地・雑木林,瀬谷区,竹村町8・中屋敷二丁目31・瀬谷町698付近,縄文(前・後期)・弥生(後期)・古墳,3,散布地,台地上,600×500,,,
1251-1430,1251,1430,埋蔵文化財包蔵地,瀬谷区NO.50,瀬谷区NO.50,瀬谷区NO.50,阿久和東三丁目50・東二丁目61付近,散布地,畑地・宅地,台地上・斜面,600×300,縄文(中期)・弥生(後期),35,139.5101385,35.44849004,JsonThemeAroundPoint:x/y,139.510277564017,35.4484427882139,11565.9877745834,1,12,1251-1430,0,埋蔵文化財包蔵地,5,139.5101385,35.44849004,瀬谷区NO.50,瀬谷区,瀬谷区NO.50,埋蔵文化財包蔵地,,[],畑地・宅地,瀬谷区,阿久和東三丁目50・東二丁目61付近,縄文(中期)・弥生(後期),35,散布地,台地上・斜面,600×300,,,
1252-1430,1252,1430,埋蔵文化財包蔵地,瀬谷区NO.51,瀬谷区NO.51,瀬谷区NO.51,阿久和東三丁目6付近,散布地,宅地・畑地,台地上,150×100,縄文,43,139.509607985,35.44494838,JsonThemeAroundPoint:x/y,139.509547555378,35.4449299636426,11615.862179006,1,12,1252-1430,0,埋蔵文化財包蔵地,5,139.509607985,35.44494838,瀬谷区NO.51,瀬谷区,瀬谷区NO.51,埋蔵文化財包蔵地,,[],宅地・畑地,瀬谷区,阿久和東三丁目6付近,縄文,43,散布地,台地上,150×100,,,
1253-1430,1253,1430,埋蔵文化財包蔵地,瀬谷区NO.52,瀬谷区NO.52,瀬谷区NO.52,阿久和南一丁目3・12付近,散布地,畑地・墓地・学校用地,台地上,400×250,縄文(前・中・後期),46,139.511340555,35.44204602,JsonThemeAroundPoint:x/y,139.511151855746,35.4420508840951,11470.4717592629,1,12,1253-1430,0,埋蔵文化財包蔵地,5,139.511340555,35.44204602,瀬谷区NO.52,瀬谷区,瀬谷区NO.52,埋蔵文化財包蔵地,,[],畑地・墓地・学校用地,瀬谷区,阿久和南一丁目3・12付近,縄文(前・中・後期),46,散布地,台地上,400×250,,,
1254-1430,1254,1430,埋蔵文化財包蔵地,瀬谷区NO.53,瀬谷区NO.53,瀬谷区NO.53,阿久和南一丁目38付近,散布地,畑地・雑木林,台地上,300×150,縄文(中・後期),48,139.512786185,35.436560655,JsonThemeAroundPoint:x/y,139.512586814038,35.4364559903107,11386.7773478484,1,12,1254-1430,0,埋蔵文化財包蔵地,5,139.512786185,35.436560655,瀬谷区NO.53,瀬谷区,瀬谷区NO.53,埋蔵文化財包蔵地,,[],畑地・雑木林,瀬谷区,阿久和南一丁目38付近,縄文(中・後期),48,散布地,台地上,300×150,,,
1217-1430,1217,1430,埋蔵文化財包蔵地,瀬谷区NO.6,瀬谷区NO.6,瀬谷区NO.6,瀬谷町768付近,散布地,畑地,低位段丘上,200×100,歴史,4,139.481132615,35.48130184,JsonThemeAroundPoint:x/y,139.481252614321,35.481395223063,14692.1244258494,1,12,1217-1430,0,埋蔵文化財包蔵地,5,139.481132615,35.48130184,瀬谷区NO.6,瀬谷区,瀬谷区NO.6,埋蔵文化財包蔵地,,[],畑地,瀬谷区,瀬谷町768付近,歴史,4,散布地,低位段丘上,200×100,,,
1218-1430,1218,1430,埋蔵文化財包蔵地,瀬谷区NO.7,瀬谷区NO.7,瀬谷区NO.7,瀬谷町976付近,散布地,畑地,台地上,150×120,縄文,5,139.483575975,35.48170274,JsonThemeAroundPoint:x/y,139.483574551528,35.4815905123089,14490.067352815,1,12,1218-1430,0,埋蔵文化財包蔵地,5,139.483575975,35.48170274,瀬谷区NO.7,瀬谷区,瀬谷区NO.7,埋蔵文化財包蔵地,,[],畑地,瀬谷区,瀬谷町976付近,縄文,5,散布地,台地上,150×120,,,
1219-1430,1219,1430,埋蔵文化財包蔵地,瀬谷区NO.8,瀬谷区NO.8,瀬谷区NO.8,瀬谷町7431付近,散布地,畑地・荒地,台地縁辺部,100×100,歴史,11,139.489938835,35.483926105,JsonThemeAroundPoint:x/y,139.489910267692,35.4838628501064,14005.0213254622,1,12,1219-1430,0,埋蔵文化財包蔵地,5,139.489938835,35.483926105,瀬谷区NO.8,瀬谷区,瀬谷区NO.8,埋蔵文化財包蔵地,,[],畑地・荒地,瀬谷区,瀬谷町7431付近,歴史,11,散布地,台地縁辺部,100×100,,,
1220-1430,1220,1430,埋蔵文化財包蔵地,瀬谷区NO.9,瀬谷区NO.9,瀬谷区NO.9,中屋敷二丁目20付近,散布地,畑地,低位段丘上,150×50,縄文(前期)・古墳以降,7,139.481067445,35.47923316,JsonThemeAroundPoint:x/y,139.481088673154,35.4792007727283,14640.1126181857,1,12,1220-1430,0,埋蔵文化財包蔵地,5,139.481067445,35.47923316,瀬谷区NO.9,瀬谷区,瀬谷区NO.9,埋蔵文化財包蔵地,,[],畑地,瀬谷区,中屋敷二丁目20付近,縄文(前期)・古墳以降,7,散布地,低位段丘上,150×50,,,
40-1430,40,1430,埋蔵文化財包蔵地,磯子区NO.10,磯子区NO.10,磯子区NO.10,岡村五丁目3付近,散布地,宅地,台地上,,古墳,10,139.61114645,35.412725865,JsonThemeAroundPoint:x/y,139.611146430294,35.4127333066169,4529.70179857686,1,12,40-1430,0,埋蔵文化財包蔵地,5,139.61114645,35.412725865,磯子区NO.10,磯子区,磯子区NO.10,埋蔵文化財包蔵地,,[],宅地,磯子区,岡村五丁目3付近,古墳,10,散布地,台地上,,,,
42-1430,42,1430,埋蔵文化財包蔵地,磯子区NO.11,磯子区NO.11,磯子区NO.11,磯子八丁目11付近,屋敷跡,宅地,低地,,中世,13,139.62415757,35.41179121,JsonThemeAroundPoint:x/y,139.624053837547,35.4117197812161,4126.81780729467,1,12,42-1430,0,埋蔵文化財包蔵地,5,139.62415757,35.41179121,磯子区NO.11,磯子区,磯子区NO.11,埋蔵文化財包蔵地,,[],宅地,磯子区,磯子八丁目11付近,中世,13,屋敷跡,低地,,,,
661-1430,661,1430,埋蔵文化財包蔵地,磯子区NO.12,磯子区NO.12,磯子区NO.12,上町13付近,散布地,宅地,台地上,,縄文(早期),4,139.63078875,35.4210515,JsonThemeAroundPoint:x/y,139.630774587289,35.4210010291051,2976.13660909138,1,12,661-1430,0,埋蔵文化財包蔵地,5,139.63078875,35.4210515,磯子区NO.12,磯子区,磯子区NO.12,埋蔵文化財包蔵地,,[],宅地,磯子区,上町13付近,縄文(早期),4,散布地,台地上,,,,
660-1430,660,1430,埋蔵文化財包蔵地,磯子区NO.13,磯子区NO.13,磯子区NO.13,坂下町5付近,散布地,宅地・荒地,台地上,,縄文(前期),5,139.63422128,35.41715191,JsonThemeAroundPoint:x/y,139.634195175886,35.4171585801394,3357.55696743746,1,12,660-1430,0,埋蔵文化財包蔵地,5,139.63422128,35.41715191,磯子区NO.13,磯子区,磯子区NO.13,埋蔵文化財包蔵地,,[],宅地・荒地,磯子区,坂下町5付近,縄文(前期),5,散布地,台地上,,,,
659-1430,659,1430,埋蔵文化財包蔵地,磯子区NO.14,磯子区NO.14,磯子区NO.14,下町13付近,散布地,宅地,台地上,,縄文(中期),6,139.63462754,35.416403855,JsonThemeAroundPoint:x/y,139.634665003946,35.4163338307742,3437.17621379853,1,12,659-1430,0,埋蔵文化財包蔵地,5,139.63462754,35.416403855,磯子区NO.14,磯子区,磯子区NO.14,埋蔵文化財包蔵地,,[],宅地,磯子区,下町13付近,縄文(中期),6,散布地,台地上,,,,
44-1430,44,1430,埋蔵文化財包蔵地,磯子区NO.15,磯子区NO.15,磯子区NO.15,滝頭三丁目8付近,塚,宅地,低地,"D4,H1",(不明),7,139.62880305,35.41501157,JsonThemeAroundPoint:x/y,139.628803027293,35.4150190157136,3671.08095420318,1,12,44-1430,0,埋蔵文化財包蔵地,5,139.62880305,35.41501157,磯子区NO.15,磯子区,磯子区NO.15,埋蔵文化財包蔵地,,[],宅地,磯子区,滝頭三丁目8付近,(不明),7,塚,低地,"D4,H1",,,
46-1430,46,1430,埋蔵文化財包蔵地,磯子区NO.17,磯子区NO.17,磯子区NO.17,原町8付近,古墳？,宅地,低地,"D7,H2",古墳？,15,139.63152957,35.41296998,JsonThemeAroundPoint:x/y,139.631529553134,35.4129774217797,3849.02796839013,1,12,46-1430,0,埋蔵文化財包蔵地,5,139.63152957,35.41296998,磯子区NO.17,磯子区,磯子区NO.17,埋蔵文化財包蔵地,,[],宅地,磯子区,原町8付近,古墳？,15,古墳？,低地,"D7,H2",,,
45-1430,45,1430,埋蔵文化財包蔵地,磯子区NO.18,磯子区NO.18,磯子区NO.18,中浜町3付近,塚,境内,低地,,(不明),14,139.62958913,35.41246658,JsonThemeAroundPoint:x/y,139.629589108774,35.4124740202275,3933.68209136707,1,12,45-1430,0,埋蔵文化財包蔵地,5,139.62958913,35.41246658,磯子区NO.18,磯子区,磯子区NO.18,埋蔵文化財包蔵地,,[],境内,磯子区,中浜町3付近,(不明),14,塚,低地,,,,
43-1430,43,1430,埋蔵文化財包蔵地,磯子区NO.19,磯子区NO.19,磯子区NO.19,久木町20付近,古墳,宅地,低地,D30？,古墳,16,139.62568959,35.41003804,JsonThemeAroundPoint:x/y,139.625689571437,35.4100454820157,4275.76308701359,1,12,43-1430,0,埋蔵文化財包蔵地,5,139.62568959,35.41003804,磯子区NO.19,磯子区,磯子区NO.19,埋蔵文化財包蔵地,,[],宅地,磯子区,久木町20付近,古墳,16,古墳,低地,D30？,,,
38-1430,38,1430,埋蔵文化財包蔵地,磯子区NO.2,磯子区NO.2,磯子区NO.2,岡村四丁目15付近,散布地,学校・宅地,台地上,,古墳,49,139.61181971,35.41681597,JsonThemeAroundPoint:x/y,139.611819691015,35.416823417669,4116.44864506072,1,12,38-1430,0,埋蔵文化財包蔵地,5,139.61181971,35.41681597,磯子区NO.2,磯子区,磯子区NO.2,埋蔵文化財包蔵地,,[],学校・宅地,磯子区,岡村四丁目15付近,古墳,49,散布地,台地上,,,,
663-1430,663,1430,埋蔵文化財包蔵地,磯子区NO.22,磯子区NO.22,磯子区NO.22,磯子六丁目32付近,散布地,宅地,台地上,180×90,縄文(中期)・弥生(後期),19,139.61650693,35.40717878,JsonThemeAroundPoint:x/y,139.616426539499,35.4070823664202,4850.25303599383,1,12,663-1430,0,埋蔵文化財包蔵地,5,139.61650693,35.40717878,磯子区NO.22,磯子区,磯子区NO.22,埋蔵文化財包蔵地,,[],宅地,磯子区,磯子六丁目32付近,縄文(中期)・弥生(後期),19,散布地,台地上,180×90,,,
664-1430,664,1430,埋蔵文化財包蔵地,磯子区NO.23,磯子区NO.23,磯子区NO.23,磯子台11付近,散布地,雑木林・宅地,台地上,200×100,弥生,20,139.62032124,35.402309445,JsonThemeAroundPoint:x/y,139.620336614567,35.4022403763455,5237.33793680294,1,12,664-1430,0,埋蔵文化財包蔵地,5,139.62032124,35.402309445,磯子区NO.23,磯子区,磯子区NO.23,埋蔵文化財包蔵地,,[],雑木林・宅地,磯子区,磯子台11付近,弥生,20,散布地,台地上,200×100,,,
665-1430,665,1430,埋蔵文化財包蔵地,磯子区NO.24,磯子区NO.24,磯子区NO.24,磯子台26・27付近,包含地,宅地,台地上・斜面,,縄文(早・前・中期),21,139.61634595,35.398851085,JsonThemeAroundPoint:x/y,139.616438018115,35.398788038399,5717.33499953206,1,12,665-1430,0,埋蔵文化財包蔵地,5,139.61634595,35.398851085,磯子区NO.24,磯子区,磯子区NO.24,埋蔵文化財包蔵地,,[],宅地,磯子区,磯子台26・27付近,縄文(早・前・中期),21,包含地,台地上・斜面,,,,
49-1430,49,1430,埋蔵文化財包蔵地,磯子区NO.25,磯子区NO.25,磯子区NO.25,汐見台二丁目5付近,包含地,宅地,台地上・斜面,,縄文(早・中期),23,139.613138665,35.396892695,JsonThemeAroundPoint:x/y,139.613138646612,35.3969001375537,6024.20062167069,1,12,49-1430,0,埋蔵文化財包蔵地,5,139.613138665,35.396892695,磯子区NO.25,磯子区,磯子区NO.25,埋蔵文化財包蔵地,,[],宅地,磯子区,汐見台二丁目5付近,縄文(早・中期),23,包含地,台地上・斜面,,,,
48-1430,48,1430,埋蔵文化財包蔵地,磯子区NO.26,磯子区NO.26,磯子区NO.26,汐見台一丁目6付近,散布地,宅地,台地上・斜面,,縄文(早期),52,139.610508955,35.398688475,JsonThemeAroundPoint:x/y,139.6105089336,35.3986961430825,5934.22602741379,1,12,48-1430,0,埋蔵文化財包蔵地,5,139.610508955,35.398688475,磯子区NO.26,磯子区,磯子区NO.26,埋蔵文化財包蔵地,,[],宅地,磯子区,汐見台一丁目6付近,縄文(早期),52,散布地,台地上・斜面,,,,
47-1430,47,1430,埋蔵文化財包蔵地,磯子区NO.27,磯子区NO.27,磯子区NO.27,汐見台三丁目5付近,集落跡,宅地,台地上,,縄文(中期),22,139.60965822,35.397419515,JsonThemeAroundPoint:x/y,139.609658198453,35.3974271839884,6094.68142968574,1,12,47-1430,0,埋蔵文化財包蔵地,5,139.60965822,35.397419515,磯子区NO.27,磯子区,磯子区NO.27,埋蔵文化財包蔵地,,[],宅地,磯子区,汐見台三丁目5付近,縄文(中期),22,集落跡,台地上,,,,
50-1430,50,1430,埋蔵文化財包蔵地,磯子区NO.28,磯子区NO.28,磯子区NO.28,森四丁目14付近,散布地,宅地,台地上,,縄文(中期),24,139.60800629,35.393264225,JsonThemeAroundPoint:x/y,139.608006271008,35.3932716669044,6577.45830358264,1,12,50-1430,0,埋蔵文化財包蔵地,5,139.60800629,35.393264225,磯子区NO.28,磯子区,磯子区NO.28,埋蔵文化財包蔵地,,[],宅地,磯子区,森四丁目14付近,縄文(中期),24,散布地,台地上,,,,
51-1430,51,1430,埋蔵文化財包蔵地,磯子区NO.29,磯子区NO.29,磯子区NO.29,森四丁目14付近,散布地,畑地,台地上,,縄文(早期),53,139.608403985,35.39256982,JsonThemeAroundPoint:x/y,139.608403963025,35.392577261301,6633.46420587111,1,12,51-1430,0,埋蔵文化財包蔵地,5,139.608403985,35.39256982,磯子区NO.29,磯子区,磯子区NO.29,埋蔵文化財包蔵地,,[],畑地,磯子区,森四丁目14付近,縄文(早期),53,散布地,台地上,,,,
39-1430,39,1430,埋蔵文化財包蔵地,磯子区NO.3,磯子区NO.3,磯子区NO.3,岡村四丁目34付近,散布地,宅地,台地上,,縄文(早・中期),9,139.611348305,35.41445192,JsonThemeAroundPoint:x/y,139.611348284438,35.4144593617506,4358.27520511504,1,12,39-1430,0,埋蔵文化財包蔵地,5,139.611348305,35.41445192,磯子区NO.3,磯子区,磯子区NO.3,埋蔵文化財包蔵地,,[],宅地,磯子区,岡村四丁目34付近,縄文(早・中期),9,散布地,台地上,,,,
666-1430,666,1430,埋蔵文化財包蔵地,磯子区NO.30,磯子区NO.30,磯子区NO.30,森四丁目4付近,散布地,荒地・畑地,低台地上,230×80,弥生(後期)・歴史,25,139.61035854,35.393378755,JsonThemeAroundPoint:x/y,139.610272694676,35.3932847892771,6481.23115929258,1,12,666-1430,0,埋蔵文化財包蔵地,5,139.61035854,35.393378755,磯子区NO.30,磯子区,磯子区NO.30,埋蔵文化財包蔵地,,[],荒地・畑地,磯子区,森四丁目4付近,弥生(後期)・歴史,25,散布地,低台地上,230×80,,,
667-1430,667,1430,埋蔵文化財包蔵地,磯子区NO.31,磯子区NO.31,磯子区NO.31,森二丁目22付近,散布地,畑地・荒地,台地上,80×40,縄文・古墳～平安,48,139.61415153,35.393582095,JsonThemeAroundPoint:x/y,139.61412849601,35.3935479109792,6336.20150669374,1,12,667-1430,0,埋蔵文化財包蔵地,5,139.61415153,35.393582095,磯子区NO.31,磯子区,磯子区NO.31,埋蔵文化財包蔵地,,[],畑地・荒地,磯子区,森二丁目22付近,縄文・古墳～平安,48,散布地,台地上,80×40,,,
2243-1430,2243,1430,埋蔵文化財包蔵地,磯子区NO.33,磯子区NO.33,磯子区NO.33,森二丁目485付近,横穴墓,雑木林,崖,,古墳,56,139.61638582,35.39416269,JsonThemeAroundPoint:x/y,139.616383788165,35.3941563711762,6209.34925443619,1,12,2243-1430,0,埋蔵文化財包蔵地,5,139.61638582,35.39416269,磯子区NO.33,磯子区,磯子区NO.33,埋蔵文化財包蔵地,,[],雑木林,磯子区,森二丁目485付近,古墳,56,横穴墓,崖,,,,
668-1430,668,1430,埋蔵文化財包蔵地,磯子区NO.34,磯子区NO.34,磯子区NO.34,森二丁目21付近,城跡,宅地・雑木林,台地上,30×30,中世,26,139.614187345,35.39289406,JsonThemeAroundPoint:x/y,139.614188064938,35.3928940603476,6407.21916901807,1,12,668-1430,0,埋蔵文化財包蔵地,5,139.614187345,35.39289406,磯子区NO.34,磯子区,磯子区NO.34,埋蔵文化財包蔵地,,[],宅地・雑木林,磯子区,森二丁目21付近,中世,26,城跡,台地上,30×30,,,
669-1430,669,1430,埋蔵文化財包蔵地,磯子区NO.35,磯子区NO.35,磯子区NO.35,森五丁目22付近,集落跡・横穴墓,学校,台地上・斜面,150×70,縄文(早～後期)・弥生(後期)・古墳,28,139.60809852,35.3895893,JsonThemeAroundPoint:x/y,139.608177091368,35.3895710824078,6949.14652457698,1,12,669-1430,0,埋蔵文化財包蔵地,5,139.60809852,35.3895893,磯子区NO.35,磯子区,磯子区NO.35,埋蔵文化財包蔵地,,[],学校,磯子区,森五丁目22付近,縄文(早～後期)・弥生(後期)・古墳,28,集落跡・横穴墓,台地上・斜面,150×70,,,
53-1430,53,1430,埋蔵文化財包蔵地,磯子区NO.36,磯子区NO.36,磯子区NO.36,森五丁目24付近,集落跡,学校,台地上,,縄文(中期),54,139.60765572,35.387791465,JsonThemeAroundPoint:x/y,139.607655700232,35.3877989089102,7149.21904950712,1,12,53-1430,0,埋蔵文化財包蔵地,5,139.60765572,35.387791465,磯子区NO.36,磯子区,磯子区NO.36,埋蔵文化財包蔵地,,[],学校,磯子区,森五丁目24付近,縄文(中期),54,集落跡,台地上,,,,
52-1430,52,1430,埋蔵文化財包蔵地,磯子区NO.37,磯子区NO.37,磯子区NO.37,森三丁目17付近,館跡,宅地,低地,,室町？,27,139.6151189,35.39144004,JsonThemeAroundPoint:x/y,139.615118879043,35.3914474825413,6532.94834119251,1,12,52-1430,0,埋蔵文化財包蔵地,5,139.6151189,35.39144004,磯子区NO.37,磯子区,磯子区NO.37,埋蔵文化財包蔵地,,[],宅地,磯子区,森三丁目17付近,室町？,27,館跡,低地,,,,
670-1430,670,1430,埋蔵文化財包蔵地,磯子区NO.38,磯子区NO.38,磯子区NO.38,森六丁目17付近,貝塚,宅地・畑地,台地上・斜面,,縄文(後期),29,139.61510401,35.38707675,JsonThemeAroundPoint:x/y,139.615090392822,35.3870914885712,6995.85470701898,1,12,670-1430,0,埋蔵文化財包蔵地,5,139.61510401,35.38707675,磯子区NO.38,磯子区,磯子区NO.38,埋蔵文化財包蔵地,,[],宅地・畑地,磯子区,森六丁目17付近,縄文(後期),29,貝塚,台地上・斜面,,,,
2242-1430,2242,1430,埋蔵文化財包蔵地,磯子区NO.39,磯子区NO.39,磯子区NO.39,森三丁目11付近,横穴墓,学校,台地斜面,,古墳,30,139.61720292,35.387581875,JsonThemeAroundPoint:x/y,139.617203011686,35.3875756603138,6888.3130623644,1,12,2242-1430,0,埋蔵文化財包蔵地,5,139.61720292,35.387581875,磯子区NO.39,磯子区,磯子区NO.39,埋蔵文化財包蔵地,,[],学校,磯子区,森三丁目11付近,古墳,30,横穴墓,台地斜面,,,,
37-1430,37,1430,埋蔵文化財包蔵地,磯子区NO.4,磯子区NO.4,磯子区NO.4,滝頭一丁目6付近,塚,宅地,台地上,"D6,H2",(不明),2,139.61674861,35.418926715,JsonThemeAroundPoint:x/y,139.616748592582,35.4189341564026,3676.01905027338,1,12,37-1430,0,埋蔵文化財包蔵地,5,139.61674861,35.418926715,磯子区NO.4,磯子区,磯子区NO.4,埋蔵文化財包蔵地,,[],宅地,磯子区,滝頭一丁目6付近,(不明),2,塚,台地上,"D6,H2",,,
58-1430,58,1430,埋蔵文化財包蔵地,磯子区NO.41,磯子区NO.41,磯子区NO.41,洋光台一丁目・三丁目付近,城跡,宅地,低地,,中世,36,139.603555605,35.38393501,JsonThemeAroundPoint:x/y,139.603555581717,35.3839424513305,7689.6454689805,1,12,58-1430,0,埋蔵文化財包蔵地,5,139.603555605,35.38393501,磯子区NO.41,磯子区,磯子区NO.41,埋蔵文化財包蔵地,,[],宅地,磯子区,洋光台一丁目・三丁目付近,中世,36,城跡,低地,,,,
671-1430,671,1430,埋蔵文化財包蔵地,磯子区NO.42,磯子区NO.42,磯子区NO.42,田中一丁目21付近,散布地・塚,荒地・畑地,台地上・斜面,170×80,縄文(前・中期？)・弥生(後期)・中世,35,139.60688009,35.382944635,JsonThemeAroundPoint:x/y,139.606902821905,35.3828905788472,7675.73156421642,1,12,671-1430,0,埋蔵文化財包蔵地,5,139.60688009,35.382944635,磯子区NO.42,磯子区,磯子区NO.42,埋蔵文化財包蔵地,,[],荒地・畑地,磯子区,田中一丁目21付近,縄文(前・中期？)・弥生(後期)・中世,35,散布地・塚,台地上・斜面,170×80,,,
677-1430,677,1430,埋蔵文化財包蔵地,磯子区NO.43,磯子区NO.43,磯子区NO.43,杉田一丁目9付近,集落跡・貝塚・包含地,寺・学校,低地,,縄文(後・晩期)・弥生(中・後期)・古墳・中世～近世,31,139.62018082,35.382032415,JsonThemeAroundPoint:x/y,139.620173406883,35.3819685154186,7421.99064796434,1,12,677-1430,0,埋蔵文化財包蔵地,5,139.62018082,35.382032415,磯子区NO.43,磯子区,磯子区NO.43,埋蔵文化財包蔵地,,[],寺・学校,磯子区,杉田一丁目9付近,縄文(後・晩期)・弥生(中・後期)・古墳・中世～近世,31,集落跡・貝塚・包含地,低地,,,,
54-1430,54,1430,埋蔵文化財包蔵地,磯子区NO.44,磯子区NO.44,磯子区NO.44,杉田一丁目12付近,陣屋跡,宅地,低地,,室町？,32,139.6214864,35.380548935,JsonThemeAroundPoint:x/y,139.62148637964,35.3805565977369,7559.29968643956,1,12,54-1430,0,埋蔵文化財包蔵地,5,139.6214864,35.380548935,磯子区NO.44,磯子区,磯子区NO.44,埋蔵文化財包蔵地,,[],宅地,磯子区,杉田一丁目12付近,室町？,32,陣屋跡,低地,,,,
673-1430,673,1430,埋蔵文化財包蔵地,磯子区NO.45,磯子区NO.45,磯子区NO.45,杉田二丁目13付近,貝塚・包含地,宅地・畑地,台地上,,縄文(中・後・晩期),33,139.613856815,35.377772855,JsonThemeAroundPoint:x/y,139.613858549025,35.3777451136935,8020.86807048437,1,12,673-1430,0,埋蔵文化財包蔵地,5,139.613856815,35.377772855,磯子区NO.45,磯子区,磯子区NO.45,埋蔵文化財包蔵地,,[],宅地・畑地,磯子区,杉田二丁目13付近,縄文(中・後・晩期),33,貝塚・包含地,台地上,,,,
672-1430,672,1430,埋蔵文化財包蔵地,磯子区NO.46,磯子区NO.46,磯子区NO.46,杉田二丁目25付近,散布地,宅地,台地上・斜面,150×50,縄文(中・後期),34,139.61192333,35.378354435,JsonThemeAroundPoint:x/y,139.611936220372,35.3783158949723,8008.04529304439,1,12,672-1430,0,埋蔵文化財包蔵地,5,139.61192333,35.378354435,磯子区NO.46,磯子区,磯子区NO.46,埋蔵文化財包蔵地,,[],宅地,磯子区,杉田二丁目25付近,縄文(中・後期),34,散布地,台地上・斜面,150×50,,,
674-1430,674,1430,埋蔵文化財包蔵地,磯子区NO.47,磯子区NO.47,磯子区NO.47,栗木二丁目30付近,散布地,宅地,台地上・斜面,160×160,縄文(中期)・弥生(後期),41,139.60858708,35.37718671,JsonThemeAroundPoint:x/y,139.608556396285,35.3770933473931,8224.48903505389,1,12,674-1430,0,埋蔵文化財包蔵地,5,139.60858708,35.37718671,磯子区NO.47,磯子区,磯子区NO.47,埋蔵文化財包蔵地,,[],宅地,磯子区,栗木二丁目30付近,縄文(中期)・弥生(後期),41,散布地,台地上・斜面,160×160,,,
676-1430,676,1430,埋蔵文化財包蔵地,磯子区NO.48,磯子区NO.48,磯子区NO.48,栗木二丁目12付近,経塚,宅地,台地上,"D20,H4",中世,40,139.607068955,35.376864325,JsonThemeAroundPoint:x/y,139.607069558929,35.3768643243653,8303.51411158952,1,12,676-1430,0,埋蔵文化財包蔵地,5,139.607068955,35.376864325,磯子区NO.48,磯子区,磯子区NO.48,埋蔵文化財包蔵地,,[],宅地,磯子区,栗木二丁目12付近,中世,40,経塚,台地上,"D20,H4",,,
675-1430,675,1430,埋蔵文化財包蔵地,磯子区NO.49,磯子区NO.49,磯子区NO.49,栗木二丁目12付近,塚,宅地,台地上,,(不明),39,139.606632695,35.3769817,JsonThemeAroundPoint:x/y,139.606633169681,35.3769817025041,8304.55490653544,1,12,675-1430,0,埋蔵文化財包蔵地,5,139.606632695,35.3769817,磯子区NO.49,磯子区,磯子区NO.49,埋蔵文化財包蔵地,,[],宅地,磯子区,栗木二丁目12付近,(不明),39,塚,台地上,,,,
36-1430,36,1430,埋蔵文化財包蔵地,磯子区NO.5,磯子区NO.5,磯子区NO.5,滝頭一丁目2付近,屋敷跡,宅地,低地,,中世,3,139.62109134,35.41981468,JsonThemeAroundPoint:x/y,139.621091319232,35.4198221214551,3399.73574545682,1,12,36-1430,0,埋蔵文化財包蔵地,5,139.62109134,35.41981468,磯子区NO.5,磯子区,磯子区NO.5,埋蔵文化財包蔵地,,[],宅地,磯子区,滝頭一丁目2付近,中世,3,屋敷跡,低地,,,,
57-1430,57,1430,埋蔵文化財包蔵地,磯子区NO.50,磯子区NO.50,磯子区NO.50,洋光台四丁目17付近,集落跡,宅地,台地上,,縄文(中期),38,139.602191085,35.37240253,JsonThemeAroundPoint:x/y,139.602191065824,35.3724103918702,8922.7578298581,1,12,57-1430,0,埋蔵文化財包蔵地,5,139.602191085,35.37240253,磯子区NO.50,磯子区,磯子区NO.50,埋蔵文化財包蔵地,,[],宅地,磯子区,洋光台四丁目17付近,縄文(中期),38,集落跡,台地上,,,,
55-1430,55,1430,埋蔵文化財包蔵地,磯子区NO.51,磯子区NO.51,磯子区NO.51,上中里408付近,陣屋跡,宅地,低地,,江戸？,42,139.613649005,35.371014595,JsonThemeAroundPoint:x/y,139.613648984298,35.3710220378975,8751.80969706515,1,12,55-1430,0,埋蔵文化財包蔵地,5,139.613649005,35.371014595,磯子区NO.51,磯子区,磯子区NO.51,埋蔵文化財包蔵地,,[],宅地,磯子区,上中里408付近,江戸？,42,陣屋跡,低地,,,,
56-1430,56,1430,埋蔵文化財包蔵地,磯子区NO.52,磯子区NO.52,磯子区NO.52,杉田七丁目15付近,集落跡,宅地,台地斜面,,弥生(後期)・奈良・平安,43,139.619609135,35.371777115,JsonThemeAroundPoint:x/y,139.619609114726,35.3717845588248,8549.59733320786,1,12,56-1430,0,埋蔵文化財包蔵地,5,139.619609135,35.371777115,磯子区NO.52,磯子区,磯子区NO.52,埋蔵文化財包蔵地,,[],宅地,磯子区,杉田七丁目15付近,弥生(後期)・奈良・平安,43,集落跡,台地斜面,,,,
679-1430,679,1430,埋蔵文化財包蔵地,磯子区NO.53,磯子区NO.53,磯子区NO.53,峰町655付近,散布地,畑地・宅地,台地斜面,240×200,縄文(早・前・中期)・古墳,37,139.597768105,35.3614186,JsonThemeAroundPoint:x/y,139.597743876611,35.3612721491908,10207.1816149081,1,12,679-1430,0,埋蔵文化財包蔵地,5,139.597768105,35.3614186,磯子区NO.53,磯子区,磯子区NO.53,埋蔵文化財包蔵地,,[],畑地・宅地,磯子区,峰町655付近,縄文(早・前・中期)・古墳,37,散布地,台地斜面,240×200,,,
678-1430,678,1430,埋蔵文化財包蔵地,磯子区NO.54,磯子区NO.54,磯子区NO.54,峰町660付近,散布地,畑地,台地上,150×140,縄文(中期),47,139.595421195,35.36014982,JsonThemeAroundPoint:x/y,139.595379824568,35.3600246102177,10415.7016288926,1,12,678-1430,0,埋蔵文化財包蔵地,5,139.595421195,35.36014982,磯子区NO.54,磯子区,磯子区NO.54,埋蔵文化財包蔵地,,[],畑地,磯子区,峰町660付近,縄文(中期),47,散布地,台地上,150×140,,,
59-1430,59,1430,埋蔵文化財包蔵地,磯子区NO.55,磯子区NO.55,磯子区NO.55,氷取沢町204付近,散布地,宅地,台地上・斜面,,縄文(早・中期),45,139.607343545,35.35867491,JsonThemeAroundPoint:x/y,139.607343523538,35.3586823533245,10225.8926952889,1,12,59-1430,0,埋蔵文化財包蔵地,5,139.607343545,35.35867491,磯子区NO.55,磯子区,磯子区NO.55,埋蔵文化財包蔵地,,[],宅地,磯子区,氷取沢町204付近,縄文(早・中期),45,散布地,台地上・斜面,,,,
60-1430,60,1430,埋蔵文化財包蔵地,磯子区NO.56,磯子区NO.56,磯子区NO.56,氷取沢町327付近,陣屋跡,宅地,低地,,室町？,46,139.609020295,35.35756828,JsonThemeAroundPoint:x/y,139.609020274182,35.3575757226481,10305.057868231,1,12,60-1430,0,埋蔵文化財包蔵地,5,139.609020295,35.35756828,磯子区NO.56,磯子区,磯子区NO.56,埋蔵文化財包蔵地,,[],宅地,磯子区,氷取沢町327付近,室町？,46,陣屋跡,低地,,,,
680-1430,680,1430,埋蔵文化財包蔵地,磯子区NO.57,磯子区NO.57,磯子区NO.57,氷取沢町477付近,散布地,畑地・宅地,台地上・斜面,150×100,縄文(後期),44,139.61171719,35.358203075,JsonThemeAroundPoint:x/y,139.611629723291,35.3582569193112,10177.3240507568,1,12,680-1430,0,埋蔵文化財包蔵地,5,139.61171719,35.358203075,磯子区NO.57,磯子区,磯子区NO.57,埋蔵文化財包蔵地,,[],畑地・宅地,磯子区,氷取沢町477付近,縄文(後期),44,散布地,台地上・斜面,150×100,,,
2245-1430,2245,1430,埋蔵文化財包蔵地,磯子区NO.58,磯子区NO.58,磯子区NO.58,中原三丁目98-7付近,横穴墓,,台地斜面,,古墳,-,139.616813015,35.384579625,JsonThemeAroundPoint:x/y,139.61681405556,35.3845748514847,7219.63421758312,1,12,2245-1430,0,埋蔵文化財包蔵地,5,139.616813015,35.384579625,磯子区NO.58,磯子区,磯子区NO.58,埋蔵文化財包蔵地,,[],,磯子区,中原三丁目98-7付近,古墳,-,横穴墓,台地斜面,,,,
658-1430,658,1430,埋蔵文化財包蔵地,磯子区NO.6,磯子区NO.6,磯子区NO.6,丸山一丁目23付近,散布地,宅地,台地上,,縄文(前期),50,139.62286714,35.420067425,JsonThemeAroundPoint:x/y,139.623002551675,35.420081377329,3305.69528186501,1,12,658-1430,0,埋蔵文化財包蔵地,5,139.62286714,35.420067425,磯子区NO.6,磯子区,磯子区NO.6,埋蔵文化財包蔵地,,[],宅地,磯子区,丸山一丁目23付近,縄文(前期),50,散布地,台地上,,,,
656-1430,656,1430,埋蔵文化財包蔵地,磯子区NO.7,磯子区NO.7,磯子区NO.7,岡村二丁目4付近,貝塚,学校,台地上,,縄文(前期),51,139.61898073,35.41458472,JsonThemeAroundPoint:x/y,139.618918072652,35.4145446861242,4006.91140035869,1,12,656-1430,0,埋蔵文化財包蔵地,5,139.61898073,35.41458472,磯子区NO.7,磯子区,磯子区NO.7,埋蔵文化財包蔵地,,[],学校,磯子区,岡村二丁目4付近,縄文(前期),51,貝塚,台地上,,,,
657-1430,657,1430,埋蔵文化財包蔵地,磯子区NO.8,磯子区NO.8,磯子区NO.8,岡村二丁目15付近,散布地,宅地・荒地,台地上,200×70,縄文(中期)・弥生(中期),12,139.61789379,35.412732195,JsonThemeAroundPoint:x/y,139.617878418299,35.4127530512409,4235.32193208117,1,12,657-1430,0,埋蔵文化財包蔵地,5,139.61789379,35.412732195,磯子区NO.8,磯子区,磯子区NO.8,埋蔵文化財包蔵地,,[],宅地・荒地,磯子区,岡村二丁目15付近,縄文(中期)・弥生(中期),12,散布地,台地上,200×70,,,
41-1430,41,1430,埋蔵文化財包蔵地,磯子区NO.9,磯子区NO.9,磯子区NO.9,岡村六丁目2付近,散布地,宅地・公園,台地上,,弥生(後期)・古墳・歴史,11,139.61534417,35.412718205,JsonThemeAroundPoint:x/y,139.615344147247,35.412725647642,4339.9245549656,1,12,41-1430,0,埋蔵文化財包蔵地,5,139.61534417,35.412718205,磯子区NO.9,磯子区,磯子区NO.9,埋蔵文化財包蔵地,,[],宅地・公園,磯子区,岡村六丁目2付近,弥生(後期)・古墳・歴史,11,散布地,台地上,,,,
1162-1430,1162,1430,埋蔵文化財包蔵地,神奈川区NO.1,神奈川区NO.1,神奈川区NO.1,菅田町410付近,散布地・横穴墓,畑地・雑木林,台地上・斜面,200×100,縄文(中期)・古墳(後期)・奈良・平安,64,139.58232113,35.500122305,JsonThemeAroundPoint:x/y,139.582188801016,35.5001694759947,7739.5914294386,1,12,1162-1430,0,埋蔵文化財包蔵地,5,139.58232113,35.500122305,神奈川区NO.1,神奈川区,神奈川区NO.1,埋蔵文化財包蔵地,,[],畑地・雑木林,神奈川区,菅田町410付近,縄文(中期)・古墳(後期)・奈良・平安,64,散布地・横穴墓,台地上・斜面,200×100,,,
259-1430,259,1430,埋蔵文化財包蔵地,神奈川区NO.10,神奈川区NO.10,神奈川区NO.10,菅田町881付近,包含地,グランド,台地上,200×100,縄文(早・前・中・後期),2,139.585859315,35.49859072,JsonThemeAroundPoint:x/y,139.585859291609,35.4985989268874,7403.05454555126,1,12,259-1430,0,埋蔵文化財包蔵地,5,139.585859315,35.49859072,神奈川区NO.10,神奈川区,神奈川区NO.10,埋蔵文化財包蔵地,,[],グランド,神奈川区,菅田町881付近,縄文(早・前・中・後期),2,包含地,台地上,200×100,,,
1191-1430,1191,1430,埋蔵文化財包蔵地,神奈川区NO.11,神奈川区NO.11,神奈川区NO.11,菅田町1857付近,散布地,畑地,台地上,250×150,縄文(中期),6,139.58976416,35.495194185,JsonThemeAroundPoint:x/y,139.589880397825,35.4950929220098,6886.51753952478,1,12,1191-1430,0,埋蔵文化財包蔵地,5,139.58976416,35.495194185,神奈川区NO.11,神奈川区,神奈川区NO.11,埋蔵文化財包蔵地,,[],畑地,神奈川区,菅田町1857付近,縄文(中期),6,散布地,台地上,250×150,,,
1192-1430,1192,1430,埋蔵文化財包蔵地,神奈川区NO.12,神奈川区NO.12,神奈川区NO.12,菅田町2288付近,貝塚・包含地,畑地,台地上・斜面,230×150,縄文(前期),7,139.592660045,35.49502689,JsonThemeAroundPoint:x/y,139.592727524804,35.4948657270531,6709.09141005853,1,12,1192-1430,0,埋蔵文化財包蔵地,5,139.592660045,35.49502689,神奈川区NO.12,神奈川区,神奈川区NO.12,埋蔵文化財包蔵地,,[],畑地,神奈川区,菅田町2288付近,縄文(前期),7,貝塚・包含地,台地上・斜面,230×150,,,
1180-1430,1180,1430,埋蔵文化財包蔵地,神奈川区NO.13,神奈川区NO.13,神奈川区NO.13,菅田町2552付近,散布地,畑地・宅地,台地上,300×270,古墳～平安,70,139.598016635,35.494551965,JsonThemeAroundPoint:x/y,139.598037276872,35.4946435632926,6381.26661793075,1,12,1180-1430,0,埋蔵文化財包蔵地,5,139.598016635,35.494551965,神奈川区NO.13,神奈川区,神奈川区NO.13,埋蔵文化財包蔵地,,[],畑地・宅地,神奈川区,菅田町2552付近,古墳～平安,70,散布地,台地上,300×270,,,
1181-1430,1181,1430,埋蔵文化財包蔵地,神奈川区NO.14,神奈川区NO.14,神奈川区NO.14,菅田町2499付近,散布地,畑地,台地上・斜面,200×130,縄文(後期)・弥生(後期),11,139.599992315,35.495227915,JsonThemeAroundPoint:x/y,139.599849809278,35.495258121836,6345.15869115351,1,12,1181-1430,0,埋蔵文化財包蔵地,5,139.599992315,35.495227915,神奈川区NO.14,神奈川区,神奈川区NO.14,埋蔵文化財包蔵地,,[],畑地,神奈川区,菅田町2499付近,縄文(後期)・弥生(後期),11,散布地,台地上・斜面,200×130,,,
1182-1430,1182,1430,埋蔵文化財包蔵地,神奈川区NO.15,神奈川区NO.15,神奈川区NO.15,菅田町2652付近,散布地,畑地・ゴルフ場,台地上・斜面,200×70,弥生,12,139.60079717,35.494350535,JsonThemeAroundPoint:x/y,139.601025587662,35.4943193446228,6223.63389098318,1,12,1182-1430,0,埋蔵文化財包蔵地,5,139.60079717,35.494350535,神奈川区NO.15,神奈川区,神奈川区NO.15,埋蔵文化財包蔵地,,[],畑地・ゴルフ場,神奈川区,菅田町2652付近,弥生,12,散布地,台地上・斜面,200×70,,,
1183-1430,1183,1430,埋蔵文化財包蔵地,神奈川区NO.16,神奈川区NO.16,神奈川区NO.16,菅田町2708付近,富士塚,雑木林,台地上,,近世,31,139.603651875,35.494234225,JsonThemeAroundPoint:x/y,139.603653013809,35.4942342245996,6077.17821329267,1,12,1183-1430,0,埋蔵文化財包蔵地,5,139.603651875,35.494234225,神奈川区NO.16,神奈川区,神奈川区NO.16,埋蔵文化財包蔵地,,[],雑木林,神奈川区,菅田町2708付近,近世,31,富士塚,台地上,,,,
1184-1430,1184,1430,埋蔵文化財包蔵地,神奈川区NO.17,神奈川区NO.17,神奈川区NO.17,菅田町2721付近,散布地,畑地,台地上,150×100,弥生(中・後期),30,139.604100645,35.492681815,JsonThemeAroundPoint:x/y,139.604018052251,35.4927862258918,5908.03058330125,1,12,1184-1430,0,埋蔵文化財包蔵地,5,139.604100645,35.492681815,神奈川区NO.17,神奈川区,神奈川区NO.17,埋蔵文化財包蔵地,,[],畑地,神奈川区,菅田町2721付近,弥生(中・後期),30,散布地,台地上,150×100,,,
1185-1430,1185,1430,埋蔵文化財包蔵地,神奈川区NO.18,神奈川区NO.18,神奈川区NO.18,三枚町81付近,集落跡,畑地,台地上,250×120,縄文(早・前・中期)・弥生(後期)・古墳,32,139.60906579,35.492718525,JsonThemeAroundPoint:x/y,139.609314192671,35.4925487159753,5692.46057128886,1,12,1185-1430,0,埋蔵文化財包蔵地,5,139.60906579,35.492718525,神奈川区NO.18,神奈川区,神奈川区NO.18,埋蔵文化財包蔵地,,[],畑地,神奈川区,三枚町81付近,縄文(早・前・中期)・弥生(後期)・古墳,32,集落跡,台地上,250×120,,,
1178-1430,1178,1430,埋蔵文化財包蔵地,神奈川区NO.19,神奈川区NO.19,神奈川区NO.19,菅田町2017付近,集落跡,学校・畑地・宅地,台地上・斜面,250×200,縄文(中期)・古墳(後期),8,139.59296505,35.49091601,JsonThemeAroundPoint:x/y,139.592963026236,35.490803564876,6334.76070579099,1,12,1178-1430,0,埋蔵文化財包蔵地,5,139.59296505,35.49091601,神奈川区NO.19,神奈川区,神奈川区NO.19,埋蔵文化財包蔵地,,[],学校・畑地・宅地,神奈川区,菅田町2017付近,縄文(中期)・古墳(後期),8,集落跡,台地上・斜面,250×200,,,
1163-1430,1163,1430,埋蔵文化財包蔵地,神奈川区NO.2,神奈川区NO.2,神奈川区NO.2,菅田町229付近,散布地,畑地・宅地,台地上・斜面,,縄文・古墳,4,139.578435385,35.497446975,JsonThemeAroundPoint:x/y,139.578086423892,35.4975667894658,7755.46698322683,1,12,1163-1430,0,埋蔵文化財包蔵地,5,139.578435385,35.497446975,神奈川区NO.2,神奈川区,神奈川区NO.2,埋蔵文化財包蔵地,,[],畑地・宅地,神奈川区,菅田町229付近,縄文・古墳,4,散布地,台地上・斜面,,,,
1179-1430,1179,1430,埋蔵文化財包蔵地,神奈川区NO.20,神奈川区NO.20,神奈川区NO.20,菅田町2090付近,散布地,畑地,台地上・斜面,330×330,縄文(早・中・後期),9,139.59707937,35.49198554,JsonThemeAroundPoint:x/y,139.597372947605,35.4918865057785,6197.81596866196,1,12,1179-1430,0,埋蔵文化財包蔵地,5,139.59707937,35.49198554,神奈川区NO.20,神奈川区,神奈川区NO.20,埋蔵文化財包蔵地,,[],畑地,神奈川区,菅田町2090付近,縄文(早・中・後期),9,散布地,台地上・斜面,330×330,,,
1186-1430,1186,1430,埋蔵文化財包蔵地,神奈川区NO.21,神奈川区NO.21,神奈川区NO.21,片倉町290付近,火葬墓,宅地,低地,,奈良～平安？,10,139.610289085,35.49112807,JsonThemeAroundPoint:x/y,139.610283048625,35.4911193773412,5484.45777723741,1,12,1186-1430,0,埋蔵文化財包蔵地,5,139.610289085,35.49112807,神奈川区NO.21,神奈川区,神奈川区NO.21,埋蔵文化財包蔵地,,[],宅地,神奈川区,片倉町290付近,奈良～平安？,10,火葬墓,低地,,,,
1195-1430,1195,1430,埋蔵文化財包蔵地,神奈川区NO.22,神奈川区NO.22,神奈川区NO.22,片倉町373付近,散布地,宅地・畑地,台地斜面,280×130,縄文(中期)・弥生,33,139.613881595,35.49041145,JsonThemeAroundPoint:x/y,139.613806849756,35.4901639500483,5271.79243050998,1,12,1195-1430,0,埋蔵文化財包蔵地,5,139.613881595,35.49041145,神奈川区NO.22,神奈川区,神奈川区NO.22,埋蔵文化財包蔵地,,[],宅地・畑地,神奈川区,片倉町373付近,縄文(中期)・弥生,33,散布地,台地斜面,280×130,,,
2399-1430,2399,1430,埋蔵文化財包蔵地,神奈川区NO.23,神奈川区NO.23,神奈川区NO.23,片倉町410付近,散布地,宅地,台地上,,縄文,34,139.613828135,35.488660525,JsonThemeAroundPoint:x/y,139.613865032969,35.4886290098391,5096.85115812281,1,12,2399-1430,0,埋蔵文化財包蔵地,5,139.613828135,35.488660525,神奈川区NO.23,神奈川区,神奈川区NO.23,埋蔵文化財包蔵地,,[],宅地,神奈川区,片倉町410付近,縄文,34,散布地,台地上,,,,
263-1430,263,1430,埋蔵文化財包蔵地,神奈川区NO.24,神奈川区NO.24,神奈川区NO.24,六角橋五丁目33付近,火葬墓,ゴルフ場,台地上,,室町時代,35,139.616887315,35.488649305,JsonThemeAroundPoint:x/y,139.616960609514,35.4886491932488,4984.08040300031,1,12,263-1430,0,埋蔵文化財包蔵地,5,139.616887315,35.488649305,神奈川区NO.24,神奈川区,神奈川区NO.24,埋蔵文化財包蔵地,,[],ゴルフ場,神奈川区,六角橋五丁目33付近,室町時代,35,火葬墓,台地上,,,,
1171-1430,1171,1430,埋蔵文化財包蔵地,神奈川区NO.25,神奈川区NO.25,神奈川区NO.25,羽沢町1014付近,集落跡・十三塚,畑地,台地上・斜面,200×70,縄文(中期)・中世,15,139.59034439,35.486783375,JsonThemeAroundPoint:x/y,139.590498131978,35.4868591963368,6152.47451431807,1,12,1171-1430,0,埋蔵文化財包蔵地,5,139.59034439,35.486783375,神奈川区NO.25,神奈川区,神奈川区NO.25,埋蔵文化財包蔵地,,[],畑地,神奈川区,羽沢町1014付近,縄文(中期)・中世,15,集落跡・十三塚,台地上・斜面,200×70,,,
1172-1430,1172,1430,埋蔵文化財包蔵地,神奈川区NO.26,神奈川区NO.26,神奈川区NO.26,羽沢町979付近,塚,畑地・荒地,台地上,,(不明),14,139.594274375,35.48782086,JsonThemeAroundPoint:x/y,139.594288455449,35.4878137646547,5995.77318601396,1,12,1172-1430,0,埋蔵文化財包蔵地,5,139.594274375,35.48782086,神奈川区NO.26,神奈川区,神奈川区NO.26,埋蔵文化財包蔵地,,[],畑地・荒地,神奈川区,羽沢町979付近,(不明),14,塚,台地上,,,,
1173-1430,1173,1430,埋蔵文化財包蔵地,神奈川区NO.27,神奈川区NO.27,神奈川区NO.27,羽沢町917付近,富士塚,道路,台地上,"D15,H3",近世,16,139.592252425,35.48572599,JsonThemeAroundPoint:x/y,139.592261865595,35.4857169391226,5947.67165666381,1,12,1173-1430,0,埋蔵文化財包蔵地,5,139.592252425,35.48572599,神奈川区NO.27,神奈川区,神奈川区NO.27,埋蔵文化財包蔵地,,[],道路,神奈川区,羽沢町917付近,近世,16,富士塚,台地上,"D15,H3",,,
1175-1430,1175,1430,埋蔵文化財包蔵地,神奈川区NO.28,神奈川区NO.28,神奈川区NO.28,羽沢町915付近,集落跡,宅地・畑地,台地上,,縄文(中・後期),19,139.592994075,35.484778755,JsonThemeAroundPoint:x/y,139.592924132627,35.4845716651754,5825.18593941746,1,12,1175-1430,0,埋蔵文化財包蔵地,5,139.592994075,35.484778755,神奈川区NO.28,神奈川区,神奈川区NO.28,埋蔵文化財包蔵地,,[],宅地・畑地,神奈川区,羽沢町915付近,縄文(中・後期),19,集落跡,台地上,,,,
1174-1430,1174,1430,埋蔵文化財包蔵地,神奈川区NO.29,神奈川区NO.29,神奈川区NO.29,三枚町583付近,散布地,畑地,台地上・斜面,180×70,縄文(草創・早・前・中期),17,139.594534485,35.48613973,JsonThemeAroundPoint:x/y,139.594640582605,35.4862088866748,5840.26404726136,1,12,1174-1430,0,埋蔵文化財包蔵地,5,139.594534485,35.48613973,神奈川区NO.29,神奈川区,神奈川区NO.29,埋蔵文化財包蔵地,,[],畑地,神奈川区,三枚町583付近,縄文(草創・早・前・中期),17,散布地,台地上・斜面,180×70,,,
1164-1430,1164,1430,埋蔵文化財包蔵地,神奈川区NO.3,神奈川区NO.3,神奈川区NO.3,菅田町1219・1337、羽沢町1282・1423・1431付近,散布地,畑地,台地上・斜面,,先土器・縄文,5,139.58505844,35.490197245,JsonThemeAroundPoint:x/y,139.584410587435,35.4898955525688,6759.28532086256,1,12,1164-1430,0,埋蔵文化財包蔵地,5,139.58505844,35.490197245,神奈川区NO.3,神奈川区,神奈川区NO.3,埋蔵文化財包蔵地,,[],畑地,神奈川区,菅田町1219・1337、羽沢町1282・1423・1431付近,先土器・縄文,5,散布地,台地上・斜面,,,,
1176-1430,1176,1430,埋蔵文化財包蔵地,神奈川区NO.30,神奈川区NO.30,神奈川区NO.30,三枚町566付近,散布地,畑地・雑木林,台地上・斜面,120×140,縄文,18,139.596544225,35.485367695,JsonThemeAroundPoint:x/y,139.596634794414,35.4852899445916,5654.94193500566,1,12,1176-1430,0,埋蔵文化財包蔵地,5,139.596544225,35.485367695,神奈川区NO.30,神奈川区,神奈川区NO.30,埋蔵文化財包蔵地,,[],畑地・雑木林,神奈川区,三枚町566付近,縄文,18,散布地,台地上・斜面,120×140,,,
1177-1430,1177,1430,埋蔵文化財包蔵地,神奈川区NO.31,神奈川区NO.31,神奈川区NO.31,三枚町538付近,散布地,畑地,台地斜面,250×50,(不明),13,139.59906063,35.48700529,JsonThemeAroundPoint:x/y,139.598773911417,35.4870273550562,5648.66575132078,1,12,1177-1430,0,埋蔵文化財包蔵地,5,139.59906063,35.48700529,神奈川区NO.31,神奈川区,神奈川区NO.31,埋蔵文化財包蔵地,,[],畑地,神奈川区,三枚町538付近,(不明),13,散布地,台地斜面,250×50,,,
1187-1430,1187,1430,埋蔵文化財包蔵地,神奈川区NO.32,神奈川区NO.32,神奈川区NO.32,片倉町75付近,集落跡,宅地・畑地,低位台地上,,縄文(早・前期),68,139.608910155,35.489957765,JsonThemeAroundPoint:x/y,139.609132853015,35.4899617661046,5427.83091143237,1,12,1187-1430,0,埋蔵文化財包蔵地,5,139.608910155,35.489957765,神奈川区NO.32,神奈川区,神奈川区NO.32,埋蔵文化財包蔵地,,[],宅地・畑地,神奈川区,片倉町75付近,縄文(早・前期),68,集落跡,低位台地上,,,,
1188-1430,1188,1430,埋蔵文化財包蔵地,神奈川区NO.33,神奈川区NO.33,神奈川区NO.33,片倉町640付近,集落跡,畑地・宅地,台地上,600×400,縄文(早・前・中・後期),29,139.60615376,35.486755765,JsonThemeAroundPoint:x/y,139.605435837991,35.4867278709397,5250.47848673312,1,12,1188-1430,0,埋蔵文化財包蔵地,5,139.60615376,35.486755765,神奈川区NO.33,神奈川区,神奈川区NO.33,埋蔵文化財包蔵地,,[],畑地・宅地,神奈川区,片倉町640付近,縄文(早・前・中・後期),29,集落跡,台地上,600×400,,,
262-1430,262,1430,埋蔵文化財包蔵地,神奈川区NO.34,神奈川区NO.34,神奈川区NO.34,片倉町761付近,散布地・貝塚,宅地,台地上・斜面,,縄文(後期),28,139.60719723,35.48435851,JsonThemeAroundPoint:x/y,139.607197206034,35.4843666966594,4975.81536961144,1,12,262-1430,0,埋蔵文化財包蔵地,5,139.60719723,35.48435851,神奈川区NO.34,神奈川区,神奈川区NO.34,埋蔵文化財包蔵地,,[],宅地,神奈川区,片倉町761付近,縄文(後期),28,散布地・貝塚,台地上・斜面,,,,
1167-1430,1167,1430,埋蔵文化財包蔵地,神奈川区NO.35,神奈川区NO.35,神奈川区NO.35,羽沢町672付近,散布地,畑地,台地上,300×100,(不明),21,139.58722975,35.48146374,JsonThemeAroundPoint:x/y,139.587379056943,35.4815598634184,5957.84867993263,1,12,1167-1430,0,埋蔵文化財包蔵地,5,139.58722975,35.48146374,神奈川区NO.35,神奈川区,神奈川区NO.35,埋蔵文化財包蔵地,,[],畑地,神奈川区,羽沢町672付近,(不明),21,散布地,台地上,300×100,,,
1168-1430,1168,1430,埋蔵文化財包蔵地,神奈川区NO.36,神奈川区NO.36,神奈川区NO.36,羽沢町854付近,散布地,畑地,台地斜面,100×100,縄文,20,139.59113391,35.482245415,JsonThemeAroundPoint:x/y,139.590846317288,35.4822980159597,5749.06014248279,1,12,1168-1430,0,埋蔵文化財包蔵地,5,139.59113391,35.482245415,神奈川区NO.36,神奈川区,神奈川区NO.36,埋蔵文化財包蔵地,,[],畑地,神奈川区,羽沢町854付近,縄文,20,散布地,台地斜面,100×100,,,
1170-1430,1170,1430,埋蔵文化財包蔵地,神奈川区NO.37,神奈川区NO.37,神奈川区NO.37,羽沢町658付近,散布地,畑地・宅地,台地上・斜面,250×220,(不明),22,139.588002865,35.47942897,JsonThemeAroundPoint:x/y,139.588096502853,35.4793601070446,5760.61682375793,1,12,1170-1430,0,埋蔵文化財包蔵地,5,139.588002865,35.47942897,神奈川区NO.37,神奈川区,神奈川区NO.37,埋蔵文化財包蔵地,,[],畑地・宅地,神奈川区,羽沢町658付近,(不明),22,散布地,台地上・斜面,250×220,,,
1169-1430,1169,1430,埋蔵文化財包蔵地,神奈川区NO.38,神奈川区NO.38,神奈川区NO.38,羽沢町814付近,散布地,植木畑・畑地,台地上,220×120,縄文(早期),72,139.59024242,35.480431105,JsonThemeAroundPoint:x/y,139.590025838157,35.4804479475717,5675.18244225769,1,12,1169-1430,0,埋蔵文化財包蔵地,5,139.59024242,35.480431105,神奈川区NO.38,神奈川区,神奈川区NO.38,埋蔵文化財包蔵地,,[],植木畑・畑地,神奈川区,羽沢町814付近,縄文(早期),72,散布地,台地上,220×120,,,
267-1430,267,1430,埋蔵文化財包蔵地,神奈川区NO.39,神奈川区NO.39,神奈川区NO.39,羽沢町255付近,散布地,線路,台地上・斜面,,(不明),26,139.59075582,35.477445895,JsonThemeAroundPoint:x/y,139.590755794176,35.4774540840104,5428.0620571518,1,12,267-1430,0,埋蔵文化財包蔵地,5,139.59075582,35.477445895,神奈川区NO.39,神奈川区,神奈川区NO.39,埋蔵文化財包蔵地,,[],線路,神奈川区,羽沢町255付近,(不明),26,散布地,台地上・斜面,,,,
258-1430,258,1430,埋蔵文化財包蔵地,神奈川区NO.4,神奈川区NO.4,神奈川区NO.4,羽沢町1124付近,貝塚,宅地,台地上,,縄文(前期),71,139.580530105,35.483841335,JsonThemeAroundPoint:x/y,139.580530085133,35.4838487792618,6596.29215170462,1,12,258-1430,0,埋蔵文化財包蔵地,5,139.580530105,35.483841335,神奈川区NO.4,神奈川区,神奈川区NO.4,埋蔵文化財包蔵地,,[],宅地,神奈川区,羽沢町1124付近,縄文(前期),71,貝塚,台地上,,,,
1189-1430,1189,1430,埋蔵文化財包蔵地,神奈川区NO.40,神奈川区NO.40,神奈川区NO.40,羽沢町57付近,集落跡,畑地・道路,台地上・斜面,,縄文(早・前・中期),62,139.59885207,35.47947869,JsonThemeAroundPoint:x/y,139.598829582179,35.4795761026795,5032.42649842015,1,12,1189-1430,0,埋蔵文化財包蔵地,5,139.59885207,35.47947869,神奈川区NO.40,神奈川区,神奈川区NO.40,埋蔵文化財包蔵地,,[],畑地・道路,神奈川区,羽沢町57付近,縄文(早・前・中期),62,集落跡,台地上・斜面,,,,
1190-1430,1190,1430,埋蔵文化財包蔵地,神奈川区NO.41,神奈川区NO.41,神奈川区NO.41,三枚町736・759・777付近,散布地,畑地,台地上・斜面,,縄文(中期),27,139.601625495,35.482054045,JsonThemeAroundPoint:x/y,139.601146353954,35.4818228206345,5075.05638463184,1,12,1190-1430,0,埋蔵文化財包蔵地,5,139.601625495,35.482054045,神奈川区NO.41,神奈川区,神奈川区NO.41,埋蔵文化財包蔵地,,[],畑地,神奈川区,三枚町736・759・777付近,縄文(中期),27,散布地,台地上・斜面,,,,
265-1430,265,1430,埋蔵文化財包蔵地,神奈川区NO.42,神奈川区NO.42,神奈川区NO.42,神大寺三丁目5付近,猟場,宅地,台地上・斜面,,縄文(早・前・中・後期),73,139.608158775,35.479043915,JsonThemeAroundPoint:x/y,139.608158752244,35.4790525088426,4443.5216275254,1,12,265-1430,0,埋蔵文化財包蔵地,5,139.608158775,35.479043915,神奈川区NO.42,神奈川区,神奈川区NO.42,埋蔵文化財包蔵地,,[],宅地,神奈川区,神大寺三丁目5付近,縄文(早・前・中・後期),73,猟場,台地上・斜面,,,,
264-1430,264,1430,埋蔵文化財包蔵地,神奈川区NO.43,神奈川区NO.43,神奈川区NO.43,神大寺二丁目23付近,散布地,宅地,台地上・斜面,,縄文,48,139.615041095,35.48239399,JsonThemeAroundPoint:x/y,139.614982656836,35.4824380029181,4423.57748014385,1,12,264-1430,0,埋蔵文化財包蔵地,5,139.615041095,35.48239399,神奈川区NO.43,神奈川区,神奈川区NO.43,埋蔵文化財包蔵地,,[],宅地,神奈川区,神大寺二丁目23付近,縄文,48,散布地,台地上・斜面,,,,
1194-1430,1194,1430,埋蔵文化財包蔵地,神奈川区NO.44,神奈川区NO.44,神奈川区NO.44,神大寺二丁目11付近,集落跡・貝塚,宅地・畑地・山林,台地上・斜面,,縄文(後期),49,139.61516596,35.48034057,JsonThemeAroundPoint:x/y,139.614582685281,35.480674206121,4217.21035685165,1,12,1194-1430,0,埋蔵文化財包蔵地,5,139.61516596,35.48034057,神奈川区NO.44,神奈川区,神奈川区NO.44,埋蔵文化財包蔵地,,[],宅地・畑地・山林,神奈川区,神大寺二丁目11付近,縄文(後期),49,集落跡・貝塚,台地上・斜面,,,,
266-1430,266,1430,埋蔵文化財包蔵地,神奈川区NO.45,神奈川区NO.45,神奈川区NO.45,中丸15付近,散布地,宅地,台地上,,縄文,51,139.62384977,35.47937434,JsonThemeAroundPoint:x/y,139.623849755215,35.4793814102175,3794.91768248484,1,12,266-1430,0,埋蔵文化財包蔵地,5,139.62384977,35.47937434,神奈川区NO.45,神奈川区,神奈川区NO.45,埋蔵文化財包蔵地,,[],宅地,神奈川区,中丸15付近,縄文,51,散布地,台地上,,,,
1202-1430,1202,1430,埋蔵文化財包蔵地,神奈川区NO.46,神奈川区NO.46,神奈川区NO.46,松見町三丁目930付近,散布地,畑地・宅地,台地上,230×100,縄文(早・前・中期),41,139.643692755,35.49806616,JsonThemeAroundPoint:x/y,139.643811981017,35.4980240169806,5684.60134709347,1,12,1202-1430,0,埋蔵文化財包蔵地,5,139.643692755,35.49806616,神奈川区NO.46,神奈川区,神奈川区NO.46,埋蔵文化財包蔵地,,[],畑地・宅地,神奈川区,松見町三丁目930付近,縄文(早・前・中期),41,散布地,台地上,230×100,,,
1203-1430,1203,1430,埋蔵文化財包蔵地,神奈川区NO.47,神奈川区NO.47,神奈川区NO.47,西寺尾二丁目39付近,散布地,畑地,台地上,150×70,縄文,42,139.65250848,35.49745503,JsonThemeAroundPoint:x/y,139.652237265522,35.4974234136813,5748.77572700343,1,12,1203-1430,0,埋蔵文化財包蔵地,5,139.65250848,35.49745503,神奈川区NO.47,神奈川区,神奈川区NO.47,埋蔵文化財包蔵地,,[],畑地,神奈川区,西寺尾二丁目39付近,縄文,42,散布地,台地上,150×70,,,
1201-1430,1201,1430,埋蔵文化財包蔵地,神奈川区NO.48,神奈川区NO.48,神奈川区NO.48,松見町二丁目579付近,散布地,墓地・公園・宅地,台地上,,縄文(中・後期)・弥生,40,139.64455681,35.494795535,JsonThemeAroundPoint:x/y,139.644587865685,35.4948717193543,5330.99716670397,1,12,1201-1430,0,埋蔵文化財包蔵地,5,139.64455681,35.494795535,神奈川区NO.48,神奈川区,神奈川区NO.48,埋蔵文化財包蔵地,,[],墓地・公園・宅地,神奈川区,松見町二丁目579付近,縄文(中・後期)・弥生,40,散布地,台地上,,,,
1200-1430,1200,1430,埋蔵文化財包蔵地,神奈川区NO.49,神奈川区NO.49,神奈川区NO.49,松見町一丁目26付近,集落跡・貝塚,学校・宅地,台地上,,縄文(前・中期)・弥生(中期)・古墳,38・39,139.644755665,35.491337985,JsonThemeAroundPoint:x/y,139.644799697126,35.4912325844629,4951.42143008512,1,12,1200-1430,0,埋蔵文化財包蔵地,5,139.644755665,35.491337985,神奈川区NO.49,神奈川区,神奈川区NO.49,埋蔵文化財包蔵地,,[],学校・宅地,神奈川区,松見町一丁目26付近,縄文(前・中期)・弥生(中期)・古墳,38・39,集落跡・貝塚,台地上,,,,
1165-1430,1165,1430,埋蔵文化財包蔵地,神奈川区NO.5,神奈川区NO.5,神奈川区NO.5,羽沢町545付近,散布地,畑地,台地上・斜面,100×100,縄文(中期),67,139.580846455,35.47785077,JsonThemeAroundPoint:x/y,139.580930025668,35.4779709088517,6182.65204266295,1,12,1165-1430,0,埋蔵文化財包蔵地,5,139.580846455,35.47785077,神奈川区NO.5,神奈川区,神奈川区NO.5,埋蔵文化財包蔵地,,[],畑地,神奈川区,羽沢町545付近,縄文(中期),67,散布地,台地上・斜面,100×100,,,
1204-1430,1204,1430,埋蔵文化財包蔵地,神奈川区NO.50,神奈川区NO.50,神奈川区NO.50,西寺尾三丁目10付近,散布地,公園,台地上,,縄文,45,139.655803375,35.492524665,JsonThemeAroundPoint:x/y,139.655904041967,35.492528211252,5301.31177801121,1,12,1204-1430,0,埋蔵文化財包蔵地,5,139.655803375,35.492524665,神奈川区NO.50,神奈川区,神奈川区NO.50,埋蔵文化財包蔵地,,[],公園,神奈川区,西寺尾三丁目10付近,縄文,45,散布地,台地上,,,,
1205-1430,1205,1430,埋蔵文化財包蔵地,神奈川区NO.51,神奈川区NO.51,神奈川区NO.51,西寺尾四丁目26付近,古墳,宅地,台地上,"D13.2,H1.9",古墳,43,139.65862448,35.49461408,JsonThemeAroundPoint:x/y,139.658615957052,35.4946023889936,5603.92442261121,1,12,1205-1430,0,埋蔵文化財包蔵地,5,139.65862448,35.49461408,神奈川区NO.51,神奈川区,神奈川区NO.51,埋蔵文化財包蔵地,,[],宅地,神奈川区,西寺尾四丁目26付近,古墳,43,古墳,台地上,"D13.2,H1.9",,,
1206-1430,1206,1430,埋蔵文化財包蔵地,神奈川区NO.52,神奈川区NO.52,神奈川区NO.52,西寺尾四丁目24付近,散布地,宅地,台地上・斜面,,縄文(中期)・古墳,44,139.66027315,35.49303733,JsonThemeAroundPoint:x/y,139.660102732757,35.4930339483323,5492.88403541342,1,12,1206-1430,0,埋蔵文化財包蔵地,5,139.66027315,35.49303733,神奈川区NO.52,神奈川区,神奈川区NO.52,埋蔵文化財包蔵地,,[],宅地,神奈川区,西寺尾四丁目24付近,縄文(中期)・古墳,44,散布地,台地上・斜面,,,,
268-1430,268,1430,埋蔵文化財包蔵地,神奈川区NO.53,神奈川区NO.53,神奈川区NO.53,白幡向町150付近,散布地,宅地,台地上,,縄文・弥生・古墳,36,139.6394041,35.48991795,JsonThemeAroundPoint:x/y,139.639404081804,35.4899265057997,4754.95677640756,1,12,268-1430,0,埋蔵文化財包蔵地,5,139.6394041,35.48991795,神奈川区NO.53,神奈川区,神奈川区NO.53,埋蔵文化財包蔵地,,[],宅地,神奈川区,白幡向町150付近,縄文・弥生・古墳,36,散布地,台地上,,,,
269-1430,269,1430,埋蔵文化財包蔵地,神奈川区NO.54,神奈川区NO.54,神奈川区NO.54,白幡向町147付近,散布地,宅地,台地上・斜面,,(不明),37,139.640244835,35.489170735,JsonThemeAroundPoint:x/y,139.640244817855,35.4891792926162,4674.93679273977,1,12,269-1430,0,埋蔵文化財包蔵地,5,139.640244835,35.489170735,神奈川区NO.54,神奈川区,神奈川区NO.54,埋蔵文化財包蔵地,,[],宅地,神奈川区,白幡向町147付近,(不明),37,散布地,台地上・斜面,,,,
1199-1430,1199,1430,埋蔵文化財包蔵地,神奈川区NO.55,神奈川区NO.55,神奈川区NO.55,大口通130付近,散布地・貝塚,宅地・畑地,台地上,,縄文(中期),39,139.6465656,35.488897755,JsonThemeAroundPoint:x/y,139.646778159858,35.4890870274487,4707.36739900467,1,12,1199-1430,0,埋蔵文化財包蔵地,5,139.6465656,35.488897755,神奈川区NO.55,神奈川区,神奈川区NO.55,埋蔵文化財包蔵地,,[],宅地・畑地,神奈川区,大口通130付近,縄文(中期),39,散布地・貝塚,台地上,,,,
1207-1430,1207,1430,埋蔵文化財包蔵地,神奈川区NO.56,神奈川区NO.56,神奈川区NO.56,神之木台22付近,集落跡,宅地・公園,台地上,200×100,縄文(早・前・中期)・弥生(後期),46,139.655789155,35.48883056,JsonThemeAroundPoint:x/y,139.655783436034,35.4890929006901,4911.62478326739,1,12,1207-1430,0,埋蔵文化財包蔵地,5,139.655789155,35.48883056,神奈川区NO.56,神奈川区,神奈川区NO.56,埋蔵文化財包蔵地,,[],宅地・公園,神奈川区,神之木台22付近,縄文(早・前・中期)・弥生(後期),46,集落跡,台地上,200×100,,,
270-1430,270,1430,埋蔵文化財包蔵地,神奈川区NO.58,神奈川区NO.58,神奈川区NO.58,斉藤分町41付近,貝塚,宅地,台地上,,縄文(後期),50,139.627753045,35.48206949,JsonThemeAroundPoint:x/y,139.627753021417,35.482078053489,3983.91885533525,1,12,270-1430,0,埋蔵文化財包蔵地,5,139.627753045,35.48206949,神奈川区NO.58,神奈川区,神奈川区NO.58,埋蔵文化財包蔵地,,[],宅地,神奈川区,斉藤分町41付近,縄文(後期),50,貝塚,台地上,,,,
1196-1430,1196,1430,埋蔵文化財包蔵地,神奈川区NO.59,神奈川区NO.59,神奈川区NO.59,白幡西町65付近,貝塚,畑地・雑木林,台地斜面,100×80,縄文(早期),58,139.63503023,35.481835245,JsonThemeAroundPoint:x/y,139.634988041564,35.4817995800519,3861.32272860579,1,12,1196-1430,0,埋蔵文化財包蔵地,5,139.63503023,35.481835245,神奈川区NO.59,神奈川区,神奈川区NO.59,埋蔵文化財包蔵地,,[],畑地・雑木林,神奈川区,白幡西町65付近,縄文(早期),58,貝塚,台地斜面,100×80,,,
1198-1430,1198,1430,埋蔵文化財包蔵地,神奈川区NO.60,神奈川区NO.60,神奈川区NO.60,白幡東町3-10-8外,集落跡,宅地,台地斜面,150×50,縄文(前期)・古代・中世,74,139.64396638,35.48383269,JsonThemeAroundPoint:x/y,139.643914549237,35.4838001464221,4114.37050587913,1,12,1198-1430,0,埋蔵文化財包蔵地,5,139.64396638,35.48383269,神奈川区NO.60,神奈川区,神奈川区NO.60,埋蔵文化財包蔵地,,[],宅地,神奈川区,白幡東町3-10-8外,縄文(前期)・古代・中世,74,集落跡,台地斜面,150×50,,,
1197-1430,1197,1430,埋蔵文化財包蔵地,神奈川区NO.61,神奈川区NO.61,神奈川区NO.61,浦島丘16付近,散布地,宅地・畑地,台地上,,(不明),59,139.64018948,35.480981045,JsonThemeAroundPoint:x/y,139.640110514893,35.4810033477686,3764.89708011562,1,12,1197-1430,0,埋蔵文化財包蔵地,5,139.64018948,35.480981045,神奈川区NO.61,神奈川区,神奈川区NO.61,埋蔵文化財包蔵地,,[],宅地・畑地,神奈川区,浦島丘16付近,(不明),59,散布地,台地上,,,,
271-1430,271,1430,埋蔵文化財包蔵地,神奈川区NO.62,神奈川区NO.62,神奈川区NO.62,浦島丘48付近,包含地,宅地,台地斜面,,弥生(後期),60,139.64263796,35.480980415,JsonThemeAroundPoint:x/y,139.642637943896,35.4809886033852,3784.3356122809,1,12,271-1430,0,埋蔵文化財包蔵地,5,139.64263796,35.480980415,神奈川区NO.62,神奈川区,神奈川区NO.62,埋蔵文化財包蔵地,,[],宅地,神奈川区,浦島丘48付近,弥生(後期),60,包含地,台地斜面,,,,
272-1430,272,1430,埋蔵文化財包蔵地,神奈川区NO.63,神奈川区NO.63,神奈川区NO.63,入江一丁目14付近,包含地,宅地,低台地斜面,,縄文(早・前・中期),61,139.65417616,35.483485765,JsonThemeAroundPoint:x/y,139.65417613897,35.4834939559015,4302.70568643963,1,12,272-1430,0,埋蔵文化財包蔵地,5,139.65417616,35.483485765,神奈川区NO.63,神奈川区,神奈川区NO.63,埋蔵文化財包蔵地,,[],宅地,神奈川区,入江一丁目14付近,縄文(早・前・中期),61,包含地,低台地斜面,,,,
1209-1430,1209,1430,埋蔵文化財包蔵地,神奈川区NO.64,神奈川区NO.64,神奈川区NO.64,羽沢町331付近,散布地,畑地・宅地,台地上,170×110,縄文(後期),23,139.583759375,35.472016245,JsonThemeAroundPoint:x/y,139.584061802741,35.4720244080398,5618.4069109136,1,12,1209-1430,0,埋蔵文化財包蔵地,5,139.583759375,35.472016245,神奈川区NO.64,神奈川区,神奈川区NO.64,埋蔵文化財包蔵地,,[],畑地・宅地,神奈川区,羽沢町331付近,縄文(後期),23,散布地,台地上,170×110,,,
1211-1430,1211,1430,埋蔵文化財包蔵地,神奈川区NO.65,神奈川区NO.65,神奈川区NO.65,羽沢町370付近,散布地,畑地・宅地,台地上,450×200,縄文(中・後期),24,139.586516565,35.474793665,JsonThemeAroundPoint:x/y,139.586674674564,35.4751280528461,5566.4448795215,1,12,1211-1430,0,埋蔵文化財包蔵地,5,139.586516565,35.474793665,神奈川区NO.65,神奈川区,神奈川区NO.65,埋蔵文化財包蔵地,,[],畑地・宅地,神奈川区,羽沢町370付近,縄文(中・後期),24,散布地,台地上,450×200,,,
1210-1430,1210,1430,埋蔵文化財包蔵地,神奈川区NO.66,神奈川区NO.66,神奈川区NO.66,羽沢町234付近,散布地,植木畑,台地上,50×50,(不明),25,139.591223355,35.475371495,JsonThemeAroundPoint:x/y,139.59115099051,35.4753712827727,5254.03252190316,1,12,1210-1430,0,埋蔵文化財包蔵地,5,139.591223355,35.475371495,神奈川区NO.66,神奈川区,神奈川区NO.66,埋蔵文化財包蔵地,,[],植木畑,神奈川区,羽沢町234付近,(不明),25,散布地,台地上,50×50,,,
1213-1430,1213,1430,埋蔵文化財包蔵地,神奈川区NO.67,神奈川区NO.67,神奈川区NO.67,栗田谷52付近,散布地,畑地・荒地,台地斜面,,縄文(中期),52,139.62240796,35.47677566,JsonThemeAroundPoint:x/y,139.622382250825,35.4767569399176,3572.33776341731,1,12,1213-1430,0,埋蔵文化財包蔵地,5,139.62240796,35.47677566,神奈川区NO.67,神奈川区,神奈川区NO.67,埋蔵文化財包蔵地,,[],畑地・荒地,神奈川区,栗田谷52付近,縄文(中期),52,散布地,台地斜面,,,,
1212-1430,1212,1430,埋蔵文化財包蔵地,神奈川区NO.68,神奈川区NO.68,神奈川区NO.68,三ツ沢南・東町、沢渡,集落跡・貝塚,宅地,台地上・斜面,,縄文(後期),53,139.615736935,35.469668005,JsonThemeAroundPoint:x/y,139.615229876706,35.4697157314261,3198.43679262009,1,12,1212-1430,0,埋蔵文化財包蔵地,5,139.615736935,35.469668005,神奈川区NO.68,神奈川区,神奈川区NO.68,埋蔵文化財包蔵地,,[],宅地,神奈川区,三ツ沢南・東町、沢渡,縄文(後期),53,集落跡・貝塚,台地上・斜面,,,,
274-1430,274,1430,埋蔵文化財包蔵地,神奈川区NO.69,神奈川区NO.69,神奈川区NO.69,桐畑17-1付近,散布地・貝塚,学校,台地上,,縄文・弥生(後期),54,139.629214575,35.470165125,JsonThemeAroundPoint:x/y,139.629214554918,35.4701733096112,2669.76158152896,1,12,274-1430,0,埋蔵文化財包蔵地,5,139.629214575,35.470165125,神奈川区NO.69,神奈川区,神奈川区NO.69,埋蔵文化財包蔵地,,[],学校,神奈川区,桐畑17-1付近,縄文・弥生(後期),54,散布地・貝塚,台地上,,,,
260-1430,260,1430,埋蔵文化財包蔵地,神奈川区NO.7,神奈川区NO.7,神奈川区NO.7,菅田町1570付近,散布地,宅地,台地上・斜面,,縄文(中・後期)・古墳,1,139.587316145,35.50042751,JsonThemeAroundPoint:x/y,139.587316117276,35.5004353255479,7480.58327873345,1,12,260-1430,0,埋蔵文化財包蔵地,5,139.587316145,35.50042751,神奈川区NO.7,神奈川区,神奈川区NO.7,埋蔵文化財包蔵地,,[],宅地,神奈川区,菅田町1570付近,縄文(中・後期)・古墳,1,散布地,台地上・斜面,,,,
275-1430,275,1430,埋蔵文化財包蔵地,神奈川区NO.70,神奈川区NO.70,神奈川区NO.70,高島台1付近,城跡,寺,台地上,,室町？,55,139.62970165,35.468623525,JsonThemeAroundPoint:x/y,139.629701629485,35.4686317109995,2492.84421887732,1,12,275-1430,0,埋蔵文化財包蔵地,5,139.62970165,35.468623525,神奈川区NO.70,神奈川区,神奈川区NO.70,埋蔵文化財包蔵地,,[],寺,神奈川区,高島台1付近,室町？,55,城跡,台地上,,,,
276-1430,276,1430,埋蔵文化財包蔵地,神奈川区NO.71,神奈川区NO.71,神奈川区NO.71,幸ヶ谷5-1付近,城跡,公園,台地上,,室町？,56,139.631708435,35.468485725,JsonThemeAroundPoint:x/y,139.631708418362,35.4684939138551,2430.87079319313,1,12,276-1430,0,埋蔵文化財包蔵地,5,139.631708435,35.468485725,神奈川区NO.71,神奈川区,神奈川区NO.71,埋蔵文化財包蔵地,,[],公園,神奈川区,幸ヶ谷5-1付近,室町？,56,城跡,台地上,,,,
273-1430,273,1430,埋蔵文化財包蔵地,神奈川区NO.72,神奈川区NO.72,神奈川区NO.72,台町42付近,散布地,宅地,台地上・斜面,,弥生,57,139.62740598,35.46763188,JsonThemeAroundPoint:x/y,139.627405956786,35.4676400658588,2459.14126149395,1,12,273-1430,0,埋蔵文化財包蔵地,5,139.62740598,35.46763188,神奈川区NO.72,神奈川区,神奈川区NO.72,埋蔵文化財包蔵地,,[],宅地,神奈川区,台町42付近,弥生,57,散布地,台地上・斜面,,,,
2409-1430,2409,1430,埋蔵文化財包蔵地,神奈川区NO.74,神奈川区NO.74,神奈川区NO.74,松見町1124付近,散布地,宅地,台地上,170×100,縄文,76,139.64249768,35.50267707,JsonThemeAroundPoint:x/y,139.642541599882,35.5025899356234,6186.9568455554,1,12,2409-1430,0,埋蔵文化財包蔵地,5,139.64249768,35.50267707,神奈川区NO.74,神奈川区,神奈川区NO.74,埋蔵文化財包蔵地,,[],宅地,神奈川区,松見町1124付近,縄文,76,散布地,台地上,170×100,,,
261-1430,261,1430,埋蔵文化財包蔵地,神奈川区NO.8,神奈川区NO.8,神奈川区NO.8,菅田町1553付近,貝塚,宅地,台地上・斜面,120×70,縄文(中期),3,139.58852328,35.500304635,JsonThemeAroundPoint:x/y,139.588523254902,35.5003124493643,7403.33169131645,1,12,261-1430,0,埋蔵文化財包蔵地,5,139.58852328,35.500304635,神奈川区NO.8,神奈川区,神奈川区NO.8,埋蔵文化財包蔵地,,[],宅地,神奈川区,菅田町1553付近,縄文(中期),3,貝塚,台地上・斜面,120×70,,,
2122-1430,2122,1430,埋蔵文化財包蔵地,緑区NO.1,緑区NO.1,緑区NO.1,長津田町2207付近,集落跡,畑地・宅地,台地上,500×200,縄文・古墳～平安,1,139.49381078,35.531735095,JsonThemeAroundPoint:x/y,139.493690988424,35.5315612899777,16081.4391518707,1,12,2122-1430,0,埋蔵文化財包蔵地,5,139.49381078,35.531735095,緑区NO.1,緑区,緑区NO.1,埋蔵文化財包蔵地,,[],畑地・宅地,緑区,長津田町2207付近,縄文・古墳～平安,1,集落跡,台地上,500×200,,,
518-1430,518,1430,埋蔵文化財包蔵地,緑区NO.10,緑区NO.10,緑区NO.10,十日市場町636付近,散布地,宅地,台地上,70×30,古墳,12,139.516018625,35.52368718,JsonThemeAroundPoint:x/y,139.516018596036,35.5236946214429,13932.588423551,1,12,518-1430,0,埋蔵文化財包蔵地,5,139.516018625,35.52368718,緑区NO.10,緑区,緑区NO.10,埋蔵文化財包蔵地,,[],宅地,緑区,十日市場町636付近,古墳,12,散布地,台地上,70×30,,,
2201-1430,2201,1430,埋蔵文化財包蔵地,緑区NO.100,緑区NO.100,緑区NO.100,北八朔町1140付近,散布地,宅地・畑地,台地上,,弥生(中期)・古墳,108,139.544081285,35.51607221,JsonThemeAroundPoint:x/y,139.54414440166,35.5160345432044,11435.5299951072,1,12,2201-1430,0,埋蔵文化財包蔵地,5,139.544081285,35.51607221,緑区NO.100,緑区,緑区NO.100,埋蔵文化財包蔵地,,[],宅地・畑地,緑区,北八朔町1140付近,弥生(中期)・古墳,108,散布地,台地上,,,,
2394-1430,2394,1430,埋蔵文化財包蔵地,緑区NO.101,緑区NO.101,緑区NO.101,青砥町1140付近,横穴墓,宅地,崖,,古墳,109,139.546010525,35.515574985,JsonThemeAroundPoint:x/y,139.546015958651,35.5155742337954,11268.9356544693,1,12,2394-1430,0,埋蔵文化財包蔵地,5,139.546010525,35.515574985,緑区NO.101,緑区,緑区NO.101,埋蔵文化財包蔵地,,[],宅地,緑区,青砥町1140付近,古墳,109,横穴墓,崖,,,,
2199-1430,2199,1430,埋蔵文化財包蔵地,緑区NO.102,緑区NO.102,緑区NO.102,台村町411付近,散布地,畑地・宅地,台地上,400×250,縄文(前期)・弥生(後期)・古墳,110,139.53801028,35.510650065,JsonThemeAroundPoint:x/y,139.537861229563,35.5105258182086,11468.8975156513,1,12,2199-1430,0,埋蔵文化財包蔵地,5,139.53801028,35.510650065,緑区NO.102,緑区,緑区NO.102,埋蔵文化財包蔵地,,[],畑地・宅地,緑区,台村町411付近,縄文(前期)・弥生(後期)・古墳,110,散布地,台地上,400×250,,,
530-1430,530,1430,埋蔵文化財包蔵地,緑区NO.103,緑区NO.103,緑区NO.103,中山町178付近,散布地,宅地,台地上,,縄文(中期)・弥生(後期),111,139.545458035,35.50921408,JsonThemeAroundPoint:x/y,139.545458010029,35.5092215236904,10842.4738791172,1,12,530-1430,0,埋蔵文化財包蔵地,5,139.545458035,35.50921408,緑区NO.103,緑区,緑区NO.103,埋蔵文化財包蔵地,,[],宅地,緑区,中山町178付近,縄文(中期)・弥生(後期),111,散布地,台地上,,,,
2200-1430,2200,1430,埋蔵文化財包蔵地,緑区NO.104,緑区NO.104,緑区NO.104,中山町711付近,散布地,畑地・宅地,台地上,90×70,縄文・弥生(後期),112,139.546287775,35.50825901,JsonThemeAroundPoint:x/y,139.546326434176,35.5082770329172,10716.913351344,1,12,2200-1430,0,埋蔵文化財包蔵地,5,139.546287775,35.50825901,緑区NO.104,緑区,緑区NO.104,埋蔵文化財包蔵地,,[],畑地・宅地,緑区,中山町711付近,縄文・弥生(後期),112,散布地,台地上,90×70,,,
2198-1430,2198,1430,埋蔵文化財包蔵地,緑区NO.105,緑区NO.105,緑区NO.105,台村町1123付近,散布地,畑地,台地上,50×40,縄文・古墳,113,139.538066275,35.503415005,JsonThemeAroundPoint:x/y,139.538065998755,35.5034177517302,10987.6609037752,1,12,2198-1430,0,埋蔵文化財包蔵地,5,139.538066275,35.503415005,緑区NO.105,緑区,緑区NO.105,埋蔵文化財包蔵地,,[],畑地,緑区,台村町1123付近,縄文・古墳,113,散布地,台地上,50×40,,,
2196-1430,2196,1430,埋蔵文化財包蔵地,緑区NO.107,緑区NO.107,緑区NO.107,三保町249付近,散布地,畑地,台地斜面,,縄文,127,139.517035075,35.50087126,JsonThemeAroundPoint:x/y,139.517065924125,35.5008271788624,12463.5261872788,1,12,2196-1430,0,埋蔵文化財包蔵地,5,139.517035075,35.50087126,緑区NO.107,緑区,緑区NO.107,埋蔵文化財包蔵地,,[],畑地,緑区,三保町249付近,縄文,127,散布地,台地斜面,,,,
2195-1430,2195,1430,埋蔵文化財包蔵地,緑区NO.108,緑区NO.108,緑区NO.108,三保町702付近,散布地,畑地・雑木林,台地上,330×190,縄文(中・後期),129,139.52123917,35.49970072,JsonThemeAroundPoint:x/y,139.521208217625,35.4998934857146,12066.9042328046,1,12,2195-1430,0,埋蔵文化財包蔵地,5,139.52123917,35.49970072,緑区NO.108,緑区,緑区NO.108,埋蔵文化財包蔵地,,[],畑地・雑木林,緑区,三保町702付近,縄文(中・後期),129,散布地,台地上,330×190,,,
517-1430,517,1430,埋蔵文化財包蔵地,緑区NO.11,緑区NO.11,緑区NO.11,十日市場町771付近,散布地,宅地,台地上,50×50,古墳,13,139.51730483,35.5234321,JsonThemeAroundPoint:x/y,139.517304800446,35.5234395385726,13823.045328426,1,12,517-1430,0,埋蔵文化財包蔵地,5,139.51730483,35.5234321,緑区NO.11,緑区,緑区NO.11,埋蔵文化財包蔵地,,[],宅地,緑区,十日市場町771付近,古墳,13,散布地,台地上,50×50,,,
2210-1430,2210,1430,埋蔵文化財包蔵地,緑区NO.110,緑区NO.110,緑区NO.110,上山町582付近,集落跡・猟場,学校,台地上,180×70,縄文(早・後期),148,139.550304575,35.503604155,JsonThemeAroundPoint:x/y,139.550158665877,35.5035219512943,10108.553234964,1,12,2210-1430,0,埋蔵文化財包蔵地,5,139.550304575,35.503604155,緑区NO.110,緑区,緑区NO.110,埋蔵文化財包蔵地,,[],学校,緑区,上山町582付近,縄文(早・後期),148,集落跡・猟場,台地上,180×70,,,
2212-1430,2212,1430,埋蔵文化財包蔵地,緑区NO.111,緑区NO.111,緑区NO.111,白山町1034付近,包含地,畑地・雑木林,台地上・斜面,,古墳,115,139.560346045,35.50185105,JsonThemeAroundPoint:x/y,139.560347215478,35.5018251417629,9283.1902061724,1,12,2212-1430,0,埋蔵文化財包蔵地,5,139.560346045,35.50185105,緑区NO.111,緑区,緑区NO.111,埋蔵文化財包蔵地,,[],畑地・雑木林,緑区,白山町1034付近,古墳,115,包含地,台地上・斜面,,,,
531-1430,531,1430,埋蔵文化財包蔵地,緑区NO.112,緑区NO.112,緑区NO.112,白山町327付近,散布地,宅地,台地上,,弥生(後期),116,139.563785895,35.503464935,JsonThemeAroundPoint:x/y,139.563785870174,35.5034723786317,9171.50709146531,1,12,531-1430,0,埋蔵文化財包蔵地,5,139.563785895,35.503464935,緑区NO.112,緑区,緑区NO.112,埋蔵文化財包蔵地,,[],宅地,緑区,白山町327付近,弥生(後期),116,散布地,台地上,,,,
2213-1430,2213,1430,埋蔵文化財包蔵地,緑区NO.113,緑区NO.113,緑区NO.113,鴨居町1610付近,散布地,畑地,台地上,100×100,縄文(前・中・後期)・弥生・古墳,117,139.56586743,35.504584735,JsonThemeAroundPoint:x/y,139.565864257409,35.5045403185119,9121.30400126301,1,12,2213-1430,0,埋蔵文化財包蔵地,5,139.56586743,35.504584735,緑区NO.113,緑区,緑区NO.113,埋蔵文化財包蔵地,,[],畑地,緑区,鴨居町1610付近,縄文(前・中・後期)・弥生・古墳,117,散布地,台地上,100×100,,,
2214-1430,2214,1430,埋蔵文化財包蔵地,緑区NO.115,緑区NO.115,緑区NO.115,鴨居四丁目48付近,散布地,畑地,台地上,70×50,弥生(中期),119,139.568845485,35.504785525,JsonThemeAroundPoint:x/y,139.568830480997,35.5047524206143,8946.52399980465,1,12,2214-1430,0,埋蔵文化財包蔵地,5,139.568845485,35.504785525,緑区NO.115,緑区,緑区NO.115,埋蔵文化財包蔵地,,[],畑地,緑区,鴨居四丁目48付近,弥生(中期),119,散布地,台地上,70×50,,,
2215-1430,2215,1430,埋蔵文化財包蔵地,緑区NO.118,緑区NO.118,緑区NO.118,鴨居二丁目10付近,散布地,畑地,台地上,100×90,縄文(早・中期),122,139.57598497,35.505848385,JsonThemeAroundPoint:x/y,139.575918276789,35.505865957354,8596.91579176889,1,12,2215-1430,0,埋蔵文化財包蔵地,5,139.57598497,35.505848385,緑区NO.118,緑区,緑区NO.118,埋蔵文化財包蔵地,,[],畑地,緑区,鴨居二丁目10付近,縄文(早・中期),122,散布地,台地上,100×90,,,
2419-1430,2419,1430,埋蔵文化財包蔵地,緑区NO.119,緑区NO.119,緑区NO.119,東本郷六丁目12付近,散布地,畑地,台地上・斜面,550×150,古墳,123,139.585329435,35.508157015,JsonThemeAroundPoint:x/y,139.585258955786,35.5085433075474,8280.13860890389,1,12,2419-1430,0,埋蔵文化財包蔵地,5,139.585329435,35.508157015,緑区NO.119,緑区,緑区NO.119,埋蔵文化財包蔵地,,[],畑地,緑区,東本郷六丁目12付近,古墳,123,散布地,台地上・斜面,550×150,,,
519-1430,519,1430,埋蔵文化財包蔵地,緑区NO.12,緑区NO.12,緑区NO.12,十日市場町866付近,散布地,宅地,台地上,30×30,古墳,15,139.515385465,35.52220421,JsonThemeAroundPoint:x/y,139.515385433678,35.5222116551554,13878.2562647198,1,12,519-1430,0,埋蔵文化財包蔵地,5,139.515385465,35.52220421,緑区NO.12,緑区,緑区NO.12,埋蔵文化財包蔵地,,[],宅地,緑区,十日市場町866付近,古墳,15,散布地,台地上,30×30,,,
2216-1430,2216,1430,埋蔵文化財包蔵地,緑区NO.120,緑区NO.120,緑区NO.120,東本郷四丁目30付近,散布地,畑地,台地上,100×60,縄文,149,139.583483265,35.50416101,JsonThemeAroundPoint:x/y,139.583531422218,35.5041353669471,8021.63899889063,1,12,2216-1430,0,埋蔵文化財包蔵地,5,139.583483265,35.50416101,緑区NO.120,緑区,緑区NO.120,埋蔵文化財包蔵地,,[],畑地,緑区,東本郷四丁目30付近,縄文,149,散布地,台地上,100×60,,,
2218-1430,2218,1430,埋蔵文化財包蔵地,緑区NO.122,緑区NO.122,緑区NO.122,鴨居三丁目39付近,集落跡,学校,台地上・斜面,250×150,弥生(後期)・古墳・中世,138,139.57427664,35.501509235,JsonThemeAroundPoint:x/y,139.574200212715,35.5014423364285,8342.54424414855,1,12,2218-1430,0,埋蔵文化財包蔵地,5,139.57427664,35.501509235,緑区NO.122,緑区,緑区NO.122,埋蔵文化財包蔵地,,[],学校,緑区,鴨居三丁目39付近,弥生(後期)・古墳・中世,138,集落跡,台地上・斜面,250×150,,,
532-1430,532,1430,埋蔵文化財包蔵地,緑区NO.123,緑区NO.123,緑区NO.123,東本郷三丁目36付近,散布地,宅地,台地上,40×30,縄文(後期),139,139.581422915,35.50163378,JsonThemeAroundPoint:x/y,139.581422893988,35.5016412261777,7920.4802436666,1,12,532-1430,0,埋蔵文化財包蔵地,5,139.581422915,35.50163378,緑区NO.123,緑区,緑区NO.123,埋蔵文化財包蔵地,,[],宅地,緑区,東本郷三丁目36付近,縄文(後期),139,散布地,台地上,40×30,,,
2219-1430,2219,1430,埋蔵文化財包蔵地,緑区NO.124,緑区NO.124,緑区NO.124,鴨居町2526付近,散布地,畑地,台地上・斜面,250×120,縄文(中期)・弥生(後期)・古墳,140,139.56931449,35.49957377,JsonThemeAroundPoint:x/y,139.569374536873,35.4996443704191,8509.91096250838,1,12,2219-1430,0,埋蔵文化財包蔵地,5,139.56931449,35.49957377,緑区NO.124,緑区,緑区NO.124,埋蔵文化財包蔵地,,[],畑地,緑区,鴨居町2526付近,縄文(中期)・弥生(後期)・古墳,140,散布地,台地上・斜面,250×120,,,
2220-1430,2220,1430,埋蔵文化財包蔵地,緑区NO.125,緑区NO.125,緑区NO.125,鴨居町820付近,散布地,畑地,低位段丘上,120×70,古墳,142,139.57481699,35.499183825,JsonThemeAroundPoint:x/y,139.574830567345,35.4992362445118,8122.6786222934,1,12,2220-1430,0,埋蔵文化財包蔵地,5,139.57481699,35.499183825,緑区NO.125,緑区,緑区NO.125,埋蔵文化財包蔵地,,[],畑地,緑区,鴨居町820付近,古墳,142,散布地,低位段丘上,120×70,,,
2211-1430,2211,1430,埋蔵文化財包蔵地,緑区NO.126,緑区NO.126,緑区NO.126,白山町1068付近,包含地,竹林・墓地,台地上・斜面,,縄文(前・中期),130,139.5581247,35.500755695,JsonThemeAroundPoint:x/y,139.557978357337,35.5008660101978,9358.18533324602,1,12,2211-1430,0,埋蔵文化財包蔵地,5,139.5581247,35.500755695,緑区NO.126,緑区,緑区NO.126,埋蔵文化財包蔵地,,[],竹林・墓地,緑区,白山町1068付近,縄文(前・中期),130,包含地,台地上・斜面,,,,
2221-1430,2221,1430,埋蔵文化財包蔵地,緑区NO.127,緑区NO.127,緑区NO.127,東本郷五丁目20付近,散布地,畑地,台地斜面,250×80,古墳,124,139.5865578,35.504551515,JsonThemeAroundPoint:x/y,139.586591578208,35.5045113017094,7888.98519732152,1,12,2221-1430,0,埋蔵文化財包蔵地,5,139.5865578,35.504551515,緑区NO.127,緑区,緑区NO.127,埋蔵文化財包蔵地,,[],畑地,緑区,東本郷五丁目20付近,古墳,124,散布地,台地斜面,250×80,,,
2222-1430,2222,1430,埋蔵文化財包蔵地,緑区NO.128,緑区NO.128,緑区NO.128,東本郷五丁目18付近,集落跡・墓地,学校,台地上・斜面,200×90,縄文(早期)・弥生・奈良～平安・江戸,125,139.58590658,35.50369311,JsonThemeAroundPoint:x/y,139.585894929077,35.5036945407547,7847.14725752985,1,12,2222-1430,0,埋蔵文化財包蔵地,5,139.58590658,35.50369311,緑区NO.128,緑区,緑区NO.128,埋蔵文化財包蔵地,,[],学校,緑区,東本郷五丁目18付近,縄文(早期)・弥生・奈良～平安・江戸,125,集落跡・墓地,台地上・斜面,200×90,,,
2223-1430,2223,1430,埋蔵文化財包蔵地,緑区NO.129,緑区NO.129,緑区NO.129,三保町498付近,散布地,公園,台地上,,縄文(前・中期),128,139.51570733,35.49865044,JsonThemeAroundPoint:x/y,139.515630840639,35.4986277527535,12453.8111413514,1,12,2223-1430,0,埋蔵文化財包蔵地,5,139.51570733,35.49865044,緑区NO.129,緑区,緑区NO.129,埋蔵文化財包蔵地,,[],公園,緑区,三保町498付近,縄文(前・中期),128,散布地,台地上,,,,
2129-1430,2129,1430,埋蔵文化財包蔵地,緑区NO.13,緑区NO.13,緑区NO.13,十日市場町873付近,散布地,畑地・宅地,台地上,110×70,縄文(前・中期),16,139.52018636,35.52428858,JsonThemeAroundPoint:x/y,139.520117839339,35.5242681089064,13677.3137579288,1,12,2129-1430,0,埋蔵文化財包蔵地,5,139.52018636,35.52428858,緑区NO.13,緑区,緑区NO.13,埋蔵文化財包蔵地,,[],畑地・宅地,緑区,十日市場町873付近,縄文(前・中期),16,散布地,台地上,110×70,,,
2224-1430,2224,1430,埋蔵文化財包蔵地,緑区NO.130,緑区NO.130,緑区NO.130,寺山町864付近,猟場,宅地,台地上・斜面,80×60,縄文,131,139.544569435,35.49654438,JsonThemeAroundPoint:x/y,139.544572748182,35.4965196447587,10072.305180515,1,12,2224-1430,0,埋蔵文化財包蔵地,5,139.544569435,35.49654438,緑区NO.130,緑区,緑区NO.130,埋蔵文化財包蔵地,,[],宅地,緑区,寺山町864付近,縄文,131,猟場,台地上・斜面,80×60,,,
2234-1430,2234,1430,埋蔵文化財包蔵地,緑区NO.131,緑区NO.131,緑区NO.131,鴨居町876付近,集落跡・猟場,宅地,台地上・斜面,300×120,縄文(早期),145,139.572095015,35.496508565,JsonThemeAroundPoint:x/y,139.572074550628,35.4964525301588,8093.13689567062,1,12,2234-1430,0,埋蔵文化財包蔵地,5,139.572095015,35.496508565,緑区NO.131,緑区,緑区NO.131,埋蔵文化財包蔵地,,[],宅地,緑区,鴨居町876付近,縄文(早期),145,集落跡・猟場,台地上・斜面,300×120,,,
2225-1430,2225,1430,埋蔵文化財包蔵地,緑区NO.133,緑区NO.133,緑区NO.133,寺山町909付近,散布地,畑地・雑木林,台地上・斜面,180×100,縄文(中期),132,139.54849295,35.49632473,JsonThemeAroundPoint:x/y,139.54847575528,35.4962877597584,9762.40918828275,1,12,2225-1430,0,埋蔵文化財包蔵地,5,139.54849295,35.49632473,緑区NO.133,緑区,緑区NO.133,埋蔵文化財包蔵地,,[],畑地・雑木林,緑区,寺山町909付近,縄文(中期),132,散布地,台地上・斜面,180×100,,,
2226-1430,2226,1430,埋蔵文化財包蔵地,緑区NO.134,緑区NO.134,緑区NO.134,白山町1281付近,散布地,畑地,台地上,250×200,縄文(中期),133,139.55231066,35.49615184,JsonThemeAroundPoint:x/y,139.552282984075,35.4961051614817,9466.62698722904,1,12,2226-1430,0,埋蔵文化財包蔵地,5,139.55231066,35.49615184,緑区NO.134,緑区,緑区NO.134,埋蔵文化財包蔵地,,[],畑地,緑区,白山町1281付近,縄文(中期),133,散布地,台地上,250×200,,,
2227-1430,2227,1430,埋蔵文化財包蔵地,緑区NO.135,緑区NO.135,緑区NO.135,鴨居七丁目25付近,散布地,畑地,台地上,90×50,縄文(早・中期),134,139.55847909,35.49547355,JsonThemeAroundPoint:x/y,139.558494923745,35.4955049974843,8969.73423354753,1,12,2227-1430,0,埋蔵文化財包蔵地,5,139.55847909,35.49547355,緑区NO.135,緑区,緑区NO.135,埋蔵文化財包蔵地,,[],畑地,緑区,鴨居七丁目25付近,縄文(早・中期),134,散布地,台地上,90×50,,,
2228-1430,2228,1430,埋蔵文化財包蔵地,緑区NO.136,緑区NO.136,緑区NO.136,鴨居七丁目20付近,散布地,畑地,台地上,150×70,縄文(中・後期),135,139.55768099,35.49446666,JsonThemeAroundPoint:x/y,139.557815146623,35.4946008067785,8961.58500459878,1,12,2228-1430,0,埋蔵文化財包蔵地,5,139.55768099,35.49446666,緑区NO.136,緑区,緑区NO.136,埋蔵文化財包蔵地,,[],畑地,緑区,鴨居七丁目20付近,縄文(中・後期),135,散布地,台地上,150×70,,,
2229-1430,2229,1430,埋蔵文化財包蔵地,緑区NO.137,緑区NO.137,緑区NO.137,鴨居七丁目32付近,散布地,畑地,台地上・斜面,200×100,縄文・古墳,136,139.560248395,35.494429395,JsonThemeAroundPoint:x/y,139.560188055741,35.494390945103,8771.75952477341,1,12,2229-1430,0,埋蔵文化財包蔵地,5,139.560248395,35.494429395,緑区NO.137,緑区,緑区NO.137,埋蔵文化財包蔵地,,[],畑地,緑区,鴨居七丁目32付近,縄文・古墳,136,散布地,台地上・斜面,200×100,,,
533-1430,533,1430,埋蔵文化財包蔵地,緑区NO.138,緑区NO.138,緑区NO.138,竹山二丁目8付近,散布地,宅地,台地上,80×30,縄文(早・後期)・弥生・奈良～平安,137,139.56771125,35.49454762,JsonThemeAroundPoint:x/y,139.567655823932,35.4945879090211,8248.55949691519,1,12,533-1430,0,埋蔵文化財包蔵地,5,139.56771125,35.49454762,緑区NO.138,緑区,緑区NO.138,埋蔵文化財包蔵地,,[],宅地,緑区,竹山二丁目8付近,縄文(早・後期)・弥生・奈良～平安,137,散布地,台地上,80×30,,,
2131-1430,2131,1430,埋蔵文化財包蔵地,緑区NO.14,緑区NO.14,緑区NO.14,十日市場町894付近,散布地,畑地・宅地,低位段丘上,70×70,縄文・弥生,17,139.523600625,35.52307351,JsonThemeAroundPoint:x/y,139.523651660176,35.5231539748483,13351.8156154578,1,12,2131-1430,0,埋蔵文化財包蔵地,5,139.523600625,35.52307351,緑区NO.14,緑区,緑区NO.14,埋蔵文化財包蔵地,,[],畑地・宅地,緑区,十日市場町894付近,縄文・弥生,17,散布地,低位段丘上,70×70,,,
2231-1430,2231,1430,埋蔵文化財包蔵地,緑区NO.140,緑区NO.140,緑区NO.140,鴨居町943付近,古墳,雑木林,台地縁辺,"D-1.5,H-2",古墳,143,139.57181049,35.49847186,JsonThemeAroundPoint:x/y,139.571810839974,35.498471858014,8261.37720658339,1,12,2231-1430,0,埋蔵文化財包蔵地,5,139.57181049,35.49847186,緑区NO.140,緑区,緑区NO.140,埋蔵文化財包蔵地,,[],雑木林,緑区,鴨居町943付近,古墳,143,古墳,台地縁辺,"D-1.5,H-2",,,
2233-1430,2233,1430,埋蔵文化財包蔵地,緑区NO.141,緑区NO.141,緑区NO.141,鴨居町923付近,散布地,宅地,台地斜面,170×70,縄文(中期),144,139.570867145,35.49754216,JsonThemeAroundPoint:x/y,139.570831748399,35.4974269997764,8252.89337799958,1,12,2233-1430,0,埋蔵文化財包蔵地,5,139.570867145,35.49754216,緑区NO.141,緑区,緑区NO.141,埋蔵文化財包蔵地,,[],宅地,緑区,鴨居町923付近,縄文(中期),144,散布地,台地斜面,170×70,,,
2193-1430,2193,1430,埋蔵文化財包蔵地,緑区NO.142,緑区NO.142,緑区NO.142,三保町2770付近,散布地,雑木林,台地上・斜面,,縄文,167,139.528117275,35.50175735,JsonThemeAroundPoint:x/y,139.527897513676,35.501613038613,11643.0260138116,1,12,2193-1430,0,埋蔵文化財包蔵地,5,139.528117275,35.50175735,緑区NO.142,緑区,緑区NO.142,埋蔵文化財包蔵地,,[],雑木林,緑区,三保町2770付近,縄文,167,散布地,台地上・斜面,,,,
2403-1430,2403,1430,埋蔵文化財包蔵地,緑区NO.144,緑区NO.144,緑区NO.144,三保町640付近,猟場,公園,台地上,,縄文,169,139.522401065,35.498220015,JsonThemeAroundPoint:x/y,139.522455556185,35.4982301212451,11895.3967469813,1,12,2403-1430,0,埋蔵文化財包蔵地,5,139.522401065,35.498220015,緑区NO.144,緑区,緑区NO.144,埋蔵文化財包蔵地,,[],公園,緑区,三保町640付近,縄文,169,猟場,台地上,,,,
2404-1430,2404,1430,埋蔵文化財包蔵地,緑区NO.145,緑区NO.145,緑区NO.145,三保町2789付近,散布地,公園,台地上,,縄文,170,139.52466179,35.49852729,JsonThemeAroundPoint:x/y,139.524634041281,35.4985391495879,11732.3532348334,1,12,2404-1430,0,埋蔵文化財包蔵地,5,139.52466179,35.49852729,緑区NO.145,緑区,緑区NO.145,埋蔵文化財包蔵地,,[],公園,緑区,三保町2789付近,縄文,170,散布地,台地上,,,,
2392-1430,2392,1430,埋蔵文化財包蔵地,緑区NO.146,緑区NO.146,緑区NO.146,三保町1329付近,横穴墓,宅地,台地斜面,,古墳,151,139.524376265,35.513016855,JsonThemeAroundPoint:x/y,139.52437754218,35.5130142407756,12616.907170778,1,12,2392-1430,0,埋蔵文化財包蔵地,5,139.524376265,35.513016855,緑区NO.146,緑区,緑区NO.146,埋蔵文化財包蔵地,,[],宅地,緑区,三保町1329付近,古墳,151,横穴墓,台地斜面,,,,
2130-1430,2130,1430,埋蔵文化財包蔵地,緑区NO.15,緑区NO.15,緑区NO.15,十日市場町925付近,散布地,畑地・宅地,台地上,150×100,縄文(中期),18,139.522079085,35.52273426,JsonThemeAroundPoint:x/y,139.52214020809,35.5227030298915,13435.2997277509,1,12,2130-1430,0,埋蔵文化財包蔵地,5,139.522079085,35.52273426,緑区NO.15,緑区,緑区NO.15,埋蔵文化財包蔵地,,[],畑地・宅地,緑区,十日市場町925付近,縄文(中期),18,散布地,台地上,150×100,,,
2136-1430,2136,1430,埋蔵文化財包蔵地,緑区NO.16,緑区NO.16,緑区NO.16,西八朔町747付近,散布地,畑地,低位段丘上,220×150,縄文・古墳,25,139.52877864,35.52752762,JsonThemeAroundPoint:x/y,139.528846907559,35.5277337801901,13318.8811751769,1,12,2136-1430,0,埋蔵文化財包蔵地,5,139.52877864,35.52752762,緑区NO.16,緑区,緑区NO.16,埋蔵文化財包蔵地,,[],畑地,緑区,西八朔町747付近,縄文・古墳,25,散布地,低位段丘上,220×150,,,
2135-1430,2135,1430,埋蔵文化財包蔵地,緑区NO.17,緑区NO.17,緑区NO.17,西八朔町755付近,散布地,学校用地,台地上・斜面,160×130,縄文(早・前・中期)・弥生(後期),26,139.530890315,35.527007245,JsonThemeAroundPoint:x/y,139.530985787101,35.5269459970727,13138.416861543,1,12,2135-1430,0,埋蔵文化財包蔵地,5,139.530890315,35.527007245,緑区NO.17,緑区,緑区NO.17,埋蔵文化財包蔵地,,[],学校用地,緑区,西八朔町755付近,縄文(早・前・中期)・弥生(後期),26,散布地,台地上・斜面,160×130,,,
2134-1430,2134,1430,埋蔵文化財包蔵地,緑区NO.19,緑区NO.19,緑区NO.19,西八朔町74付近,散布地,畑地,台地上,200×120,,28,139.532519125,35.52640777,JsonThemeAroundPoint:x/y,139.532599849224,35.5263641794339,12984.6424882464,1,12,2134-1430,0,埋蔵文化財包蔵地,5,139.532519125,35.52640777,緑区NO.19,緑区,緑区NO.19,埋蔵文化財包蔵地,,[],畑地,緑区,西八朔町74付近,,28,散布地,台地上,200×120,,,
2123-1430,2123,1430,埋蔵文化財包蔵地,緑区NO.2,緑区NO.2,緑区NO.2,長津田町2421付近,散布地,畑地,台地上,120×90,縄文,2,139.492188175,35.52939272,JsonThemeAroundPoint:x/y,139.492264728438,35.5293553905037,16051.0887339027,1,12,2123-1430,0,埋蔵文化財包蔵地,5,139.492188175,35.52939272,緑区NO.2,緑区,緑区NO.2,埋蔵文化財包蔵地,,[],畑地,緑区,長津田町2421付近,縄文,2,散布地,台地上,120×90,,,
2137-1430,2137,1430,埋蔵文化財包蔵地,緑区NO.20,緑区NO.20,緑区NO.20,西八朔町107付近,集落跡,畑地,台地上,330×210,縄文(早・前期)・弥生(中期),29,139.533335175,35.524682265,JsonThemeAroundPoint:x/y,139.5331546465,35.5243785044014,12800.3784859547,1,12,2137-1430,0,埋蔵文化財包蔵地,5,139.533335175,35.524682265,緑区NO.20,緑区,緑区NO.20,埋蔵文化財包蔵地,,[],畑地,緑区,西八朔町107付近,縄文(早・前期)・弥生(中期),29,集落跡,台地上,330×210,,,
2133-1430,2133,1430,埋蔵文化財包蔵地,緑区NO.21,緑区NO.21,緑区NO.21,西八朔町174付近,散布地,畑地,台地斜面,170×50,古墳,30,139.53091428,35.525506115,JsonThemeAroundPoint:x/y,139.530808962861,35.5254586063511,13024.5338911956,1,12,2133-1430,0,埋蔵文化財包蔵地,5,139.53091428,35.525506115,緑区NO.21,緑区,緑区NO.21,埋蔵文化財包蔵地,,[],畑地,緑区,西八朔町174付近,古墳,30,散布地,台地斜面,170×50,,,
2132-1430,2132,1430,埋蔵文化財包蔵地,緑区NO.22,緑区NO.22,緑区NO.22,西八朔町300付近,散布地,畑地・宅地,低位段丘上,320×150,古墳・歴史,31,139.528164485,35.52523483,JsonThemeAroundPoint:x/y,139.528181419471,35.5250423490448,13190.9580421976,1,12,2132-1430,0,埋蔵文化財包蔵地,5,139.528164485,35.52523483,緑区NO.22,緑区,緑区NO.22,埋蔵文化財包蔵地,,[],畑地・宅地,緑区,西八朔町300付近,古墳・歴史,31,散布地,低位段丘上,320×150,,,
2139-1430,2139,1430,埋蔵文化財包蔵地,緑区NO.23,緑区NO.23,緑区NO.23,北八朔町1197・2036・2070・2201付近,散布地,荒地・畑地・グランド・果樹園,台地上・斜面,450×200,縄文(早・前・中・後期)・弥生(後期),22～24・37,139.535710355,35.529018,JsonThemeAroundPoint:x/y,139.53584126586,35.5291276440845,12975.7532895985,1,12,2139-1430,0,埋蔵文化財包蔵地,5,139.535710355,35.529018,緑区NO.23,緑区,緑区NO.23,埋蔵文化財包蔵地,,[],荒地・畑地・グランド・果樹園,緑区,北八朔町1197・2036・2070・2201付近,縄文(早・前・中・後期)・弥生(後期),22～24・37,散布地,台地上・斜面,450×200,,,
520-1430,520,1430,埋蔵文化財包蔵地,緑区NO.24,緑区NO.24,緑区NO.24,北八朔町2159付近,散布地,道路,台地上,,縄文,32,139.5370976,35.533106675,JsonThemeAroundPoint:x/y,139.537097573118,35.5331141202507,13211.6581115355,1,12,520-1430,0,埋蔵文化財包蔵地,5,139.5370976,35.533106675,緑区NO.24,緑区,緑区NO.24,埋蔵文化財包蔵地,,[],道路,緑区,北八朔町2159付近,縄文,32,散布地,台地上,,,,
521-1430,521,1430,埋蔵文化財包蔵地,緑区NO.25,緑区NO.25,緑区NO.25,北八朔町2155付近,散布地,道路,台地上,,縄文(中・後期),33,139.536938275,35.53244508,JsonThemeAroundPoint:x/y,139.536938248941,35.5324525217952,13168.5291548435,1,12,521-1430,0,埋蔵文化財包蔵地,5,139.536938275,35.53244508,緑区NO.25,緑区,緑区NO.25,埋蔵文化財包蔵地,,[],道路,緑区,北八朔町2155付近,縄文(中・後期),33,散布地,台地上,,,,
2145-1430,2145,1430,埋蔵文化財包蔵地,緑区NO.26,緑区NO.26,緑区NO.26,北八朔町2191付近,散布地,雑木林,台地上・斜面,70×60,縄文(中期)・古墳,34,139.535808125,35.531130975,JsonThemeAroundPoint:x/y,139.535829354377,35.5311586565683,13135.4774480751,1,12,2145-1430,0,埋蔵文化財包蔵地,5,139.535808125,35.531130975,緑区NO.26,緑区,緑区NO.26,埋蔵文化財包蔵地,,[],雑木林,緑区,北八朔町2191付近,縄文(中期)・古墳,34,散布地,台地上・斜面,70×60,,,
2144-1430,2144,1430,埋蔵文化財包蔵地,緑区NO.27,緑区NO.27,緑区NO.27,北八朔町2199付近,散布地,宅地・雑木林,台地上,160×50,古墳,35,139.538288015,35.530463965,JsonThemeAroundPoint:x/y,139.538275279686,35.5304739715718,12925.1076248844,1,12,2144-1430,0,埋蔵文化財包蔵地,5,139.538288015,35.530463965,緑区NO.27,緑区,緑区NO.27,埋蔵文化財包蔵地,,[],宅地・雑木林,緑区,北八朔町2199付近,古墳,35,散布地,台地上,160×50,,,
2140-1430,2140,1430,埋蔵文化財包蔵地,緑区NO.29,緑区NO.29,緑区NO.29,北八朔町2014付近,散布地,畑地・宅地,台地上・斜面,150×110,縄文,38,139.536980385,35.526680805,JsonThemeAroundPoint:x/y,139.536951534964,35.5266146274166,12711.7676998759,1,12,2140-1430,0,埋蔵文化財包蔵地,5,139.536980385,35.526680805,緑区NO.29,緑区,緑区NO.29,埋蔵文化財包蔵地,,[],畑地・宅地,緑区,北八朔町2014付近,縄文,38,散布地,台地上・斜面,150×110,,,
2124-1430,2124,1430,埋蔵文化財包蔵地,緑区NO.3,緑区NO.3,緑区NO.3,長津田町2404付近,集落跡,畑地・操車場,台地上・斜面,250×160,縄文(早～晩期)・古墳～平安・近世,3,139.490144885,35.5292664,JsonThemeAroundPoint:x/y,139.490218185745,35.5292762390312,16195.6955111483,1,12,2124-1430,0,埋蔵文化財包蔵地,5,139.490144885,35.5292664,緑区NO.3,緑区,緑区NO.3,埋蔵文化財包蔵地,,[],畑地・操車場,緑区,長津田町2404付近,縄文(早～晩期)・古墳～平安・近世,3,集落跡,台地上・斜面,250×160,,,
2141-1430,2141,1430,埋蔵文化財包蔵地,緑区NO.30,緑区NO.30,緑区NO.30,北八朔町1967付近,散布地,畑地,台地上,250×200,古墳,39,139.539529315,35.52652676,JsonThemeAroundPoint:x/y,139.53957574872,35.526564861618,12534.7686570088,1,12,2141-1430,0,埋蔵文化財包蔵地,5,139.539529315,35.52652676,緑区NO.30,緑区,緑区NO.30,埋蔵文化財包蔵地,,[],畑地,緑区,北八朔町1967付近,古墳,39,散布地,台地上,250×200,,,
2142-1430,2142,1430,埋蔵文化財包蔵地,緑区NO.31,緑区NO.31,緑区NO.31,北八朔町1138付近,散布地,畑地,台地上,200×160,縄文(中期)・弥生(後期)・古墳,40,139.54250365,35.52734155,JsonThemeAroundPoint:x/y,139.542482287557,35.5272425157256,12409.7665028603,1,12,2142-1430,0,埋蔵文化財包蔵地,5,139.54250365,35.52734155,緑区NO.31,緑区,緑区NO.31,埋蔵文化財包蔵地,,[],畑地,緑区,北八朔町1138付近,縄文(中期)・弥生(後期)・古墳,40,散布地,台地上,200×160,,,
522-1430,522,1430,埋蔵文化財包蔵地,緑区NO.32,緑区NO.32,緑区NO.32,北八朔町1938付近,散布地,宅地,台地上,,古墳・歴史,41,139.537507505,35.52481854,JsonThemeAroundPoint:x/y,139.537507480934,35.5248256087372,12533.8750101047,1,12,522-1430,0,埋蔵文化財包蔵地,5,139.537507505,35.52481854,緑区NO.32,緑区,緑区NO.32,埋蔵文化財包蔵地,,[],宅地,緑区,北八朔町1938付近,古墳・歴史,41,散布地,台地上,,,,
2147-1430,2147,1430,埋蔵文化財包蔵地,緑区NO.33,緑区NO.33,緑区NO.33,北八朔町1812付近,散布地,畑地,台地上,200×130,弥生(後期)・古墳,42,139.53739081,35.52243261,JsonThemeAroundPoint:x/y,139.537277127502,35.5224006933111,12360.2917198661,1,12,2147-1430,0,埋蔵文化財包蔵地,5,139.53739081,35.52243261,緑区NO.33,緑区,緑区NO.33,埋蔵文化財包蔵地,,[],畑地,緑区,北八朔町1812付近,弥生(後期)・古墳,42,散布地,台地上,200×130,,,
2146-1430,2146,1430,埋蔵文化財包蔵地,緑区NO.34,緑区NO.34,緑区NO.34,北八朔町1863付近,散布地,畑地,台地上,260×150,古墳・歴史,43,139.53927001,35.522234565,JsonThemeAroundPoint:x/y,139.539166644204,35.5222902711102,12220.4565827948,1,12,2146-1430,0,埋蔵文化財包蔵地,5,139.53927001,35.522234565,緑区NO.34,緑区,緑区NO.34,埋蔵文化財包蔵地,,[],畑地,緑区,北八朔町1863付近,古墳・歴史,43,散布地,台地上,260×150,,,
2148-1430,2148,1430,埋蔵文化財包蔵地,緑区NO.35,緑区NO.35,緑区NO.35,北八朔町1735・1274・1686・1881付近,散布地,畑地,台地上・斜面,700×250,縄文(早・前期)・弥生(後期)・古墳,44～47,139.54266477,35.522759395,JsonThemeAroundPoint:x/y,139.542887812393,35.5225041383575,12038.3033248519,1,12,2148-1430,0,埋蔵文化財包蔵地,5,139.54266477,35.522759395,緑区NO.35,緑区,緑区NO.35,埋蔵文化財包蔵地,,[],畑地,緑区,北八朔町1735・1274・1686・1881付近,縄文(早・前期)・弥生(後期)・古墳,44～47,散布地,台地上・斜面,700×250,,,
2170-1430,2170,1430,埋蔵文化財包蔵地,緑区NO.36,緑区NO.36,緑区NO.36,長津田町3321付近,散布地,畑地・宅地,台地上,270×220,縄文(草創期)・古代　・近世,6,139.498500325,35.52005689,JsonThemeAroundPoint:x/y,139.498480254717,35.5200491260795,14998.5793079169,1,12,2170-1430,0,埋蔵文化財包蔵地,5,139.498500325,35.52005689,緑区NO.36,緑区,緑区NO.36,埋蔵文化財包蔵地,,[],畑地・宅地,緑区,長津田町3321付近,縄文(草創期)・古代　・近世,6,散布地,台地上,270×220,,,
2168-1430,2168,1430,埋蔵文化財包蔵地,緑区NO.37,緑区NO.37,緑区NO.37,長津田町3464付近,集落跡,畑地・雑木林,台地斜面,170×90,縄文(草創～後期)・近現代,7,139.50150078,35.51934116,JsonThemeAroundPoint:x/y,139.50151835624,35.5193143918609,14726.9750137653,1,12,2168-1430,0,埋蔵文化財包蔵地,5,139.50150078,35.51934116,緑区NO.37,緑区,緑区NO.37,埋蔵文化財包蔵地,,[],畑地・雑木林,緑区,長津田町3464付近,縄文(草創～後期)・近現代,7,集落跡,台地斜面,170×90,,,
2171-1430,2171,1430,埋蔵文化財包蔵地,緑区NO.38,緑区NO.38,緑区NO.38,長津田町4153付近,散布地,荒地,台地上,250×60,縄文,51,139.493394115,35.51901343,JsonThemeAroundPoint:x/y,139.493390894444,35.5189070778145,15329.1557054045,1,12,2171-1430,0,埋蔵文化財包蔵地,5,139.493394115,35.51901343,緑区NO.38,緑区,緑区NO.38,埋蔵文化財包蔵地,,[],荒地,緑区,長津田町4153付近,縄文,51,散布地,台地上,250×60,,,
2125-1430,2125,1430,埋蔵文化財包蔵地,緑区NO.4,緑区NO.4,緑区NO.4,長津田町2325付近,猟場・他,学校・宅地・神社,台地斜面,200×150,縄文(早・中期),4,139.495484915,35.527256925,JsonThemeAroundPoint:x/y,139.495525098586,35.5272002126,15670.2052623188,1,12,2125-1430,0,埋蔵文化財包蔵地,5,139.495484915,35.527256925,緑区NO.4,緑区,緑区NO.4,埋蔵文化財包蔵地,,[],学校・宅地・神社,緑区,長津田町2325付近,縄文(早・中期),4,猟場・他,台地斜面,200×150,,,
2169-1430,2169,1430,埋蔵文化財包蔵地,緑区NO.40,緑区NO.40,緑区NO.40,長津田町3765付近,散布地,畑地,台地上・斜面,220×180,縄文(草創・早期)・平安・近世,53,139.4967589,35.518433115,JsonThemeAroundPoint:x/y,139.496691200847,35.5182688742852,15035.6215294575,1,12,2169-1430,0,埋蔵文化財包蔵地,5,139.4967589,35.518433115,緑区NO.40,緑区,緑区NO.40,埋蔵文化財包蔵地,,[],畑地,緑区,長津田町3765付近,縄文(草創・早期)・平安・近世,53,散布地,台地上・斜面,220×180,,,
2167-1430,2167,1430,埋蔵文化財包蔵地,緑区NO.41,緑区NO.41,緑区NO.41,長津田町3550付近,集落跡,雑木林,台地斜面,240×70,縄文(草創～中期)・平安・近世,54,139.500747175,35.5174059,JsonThemeAroundPoint:x/y,139.500723721639,35.5173666258612,14668.5280328251,1,12,2167-1430,0,埋蔵文化財包蔵地,5,139.500747175,35.5174059,緑区NO.41,緑区,緑区NO.41,埋蔵文化財包蔵地,,[],雑木林,緑区,長津田町3550付近,縄文(草創～中期)・平安・近世,54,集落跡,台地斜面,240×70,,,
2162-1430,2162,1430,埋蔵文化財包蔵地,緑区NO.42,緑区NO.42,緑区NO.42,長津田町3788付近,猟場,雑木林,丘陵上,90×60,縄文(前・中期)・弥生(中期),55,139.496883855,35.514803725,JsonThemeAroundPoint:x/y,139.49696309857,35.5148213925531,14817.0298817598,1,12,2162-1430,0,埋蔵文化財包蔵地,5,139.496883855,35.514803725,緑区NO.42,緑区,緑区NO.42,埋蔵文化財包蔵地,,[],雑木林,緑区,長津田町3788付近,縄文(前・中期)・弥生(中期),55,猟場,丘陵上,90×60,,,
2163-1430,2163,1430,埋蔵文化財包蔵地,緑区NO.43,緑区NO.43,緑区NO.43,長津田町4710付近,猟場,畑地,丘陵斜面,90×50,縄文(中期),56,139.498056475,35.51301181,JsonThemeAroundPoint:x/y,139.498083153085,35.5129680137485,14624.7580355273,1,12,2163-1430,0,埋蔵文化財包蔵地,5,139.498056475,35.51301181,緑区NO.43,緑区,緑区NO.43,埋蔵文化財包蔵地,,[],畑地,緑区,長津田町4710付近,縄文(中期),56,猟場,丘陵斜面,90×50,,,
2161-1430,2161,1430,埋蔵文化財包蔵地,緑区NO.44,緑区NO.44,緑区NO.44,長津田町4739付近,散布地,雑木林,台地上,110×70,縄文(前期)・弥生(後期),57,139.49578773,35.512353475,JsonThemeAroundPoint:x/y,139.495800366604,35.5123717278661,14767.0154320686,1,12,2161-1430,0,埋蔵文化財包蔵地,5,139.49578773,35.512353475,緑区NO.44,緑区,緑区NO.44,埋蔵文化財包蔵地,,[],雑木林,緑区,長津田町4739付近,縄文(前期)・弥生(後期),57,散布地,台地上,110×70,,,
2160-1430,2160,1430,埋蔵文化財包蔵地,緑区NO.45,緑区NO.45,緑区NO.45,長津田町4680付近,散布地,雑木林,台地上,100×70,縄文(早・前期)・弥生(後期),58,139.49468709,35.51199383,JsonThemeAroundPoint:x/y,139.494685008651,35.5120130256924,14834.5171629012,1,12,2160-1430,0,埋蔵文化財包蔵地,5,139.49468709,35.51199383,緑区NO.45,緑区,緑区NO.45,埋蔵文化財包蔵地,,[],雑木林,緑区,長津田町4680付近,縄文(早・前期)・弥生(後期),58,散布地,台地上,100×70,,,
2149-1430,2149,1430,埋蔵文化財包蔵地,緑区NO.46,緑区NO.46,緑区NO.46,長津田町5794付近,包含地,道路・雑木林,台地上,340×100,縄文(早期),59,139.48388747,35.510687535,JsonThemeAroundPoint:x/y,139.483847092514,35.5106604201426,15630.9310258741,1,12,2149-1430,0,埋蔵文化財包蔵地,5,139.48388747,35.510687535,緑区NO.46,緑区,緑区NO.46,埋蔵文化財包蔵地,,[],道路・雑木林,緑区,長津田町5794付近,縄文(早期),59,包含地,台地上,340×100,,,
2150-1430,2150,1430,埋蔵文化財包蔵地,緑区NO.47,緑区NO.47,緑区NO.47,長津田町5708付近,散布地,畑地,台地上・斜面,320×200,縄文(早・後・晩期)・古墳,60,139.485650735,35.508434185,JsonThemeAroundPoint:x/y,139.485699937683,35.5086329815815,15375.8518447282,1,12,2150-1430,0,埋蔵文化財包蔵地,5,139.485650735,35.508434185,緑区NO.47,緑区,緑区NO.47,埋蔵文化財包蔵地,,[],畑地,緑区,長津田町5708付近,縄文(早・後・晩期)・古墳,60,散布地,台地上・斜面,320×200,,,
2151-1430,2151,1430,埋蔵文化財包蔵地,緑区NO.48,緑区NO.48,緑区NO.48,長津田町5687付近,散布地,畑地,台地上・斜面,400×350,縄文(中期)・古墳・歴史,61,139.48411337,35.505930285,JsonThemeAroundPoint:x/y,139.484310998416,35.5061106677142,15380.4959669556,1,12,2151-1430,0,埋蔵文化財包蔵地,5,139.48411337,35.505930285,緑区NO.48,緑区,緑区NO.48,埋蔵文化財包蔵地,,[],畑地,緑区,長津田町5687付近,縄文(中期)・古墳・歴史,61,散布地,台地上・斜面,400×350,,,
2157-1430,2157,1430,埋蔵文化財包蔵地,緑区NO.49,緑区NO.49,緑区NO.49,長津田町4870・4911・4966付近,散布地,畑地・果樹園・雑木林,台地上・斜面,400×200,縄文(早・中期)・古墳,62～64,139.49935603,35.506679625,JsonThemeAroundPoint:x/y,139.499472731036,35.5068122742953,14180.8478788544,1,12,2157-1430,0,埋蔵文化財包蔵地,5,139.49935603,35.506679625,緑区NO.49,緑区,緑区NO.49,埋蔵文化財包蔵地,,[],畑地・果樹園・雑木林,緑区,長津田町4870・4911・4966付近,縄文(早・中期)・古墳,62～64,散布地,台地上・斜面,400×200,,,
2127-1430,2127,1430,埋蔵文化財包蔵地,緑区NO.5,緑区NO.5,緑区NO.5,長津田町3128付近,散布地,畑地,台地斜面,90×80,弥生(後期)・古墳,5,139.4960382,35.52197652,JsonThemeAroundPoint:x/y,139.496124549176,35.522066547963,15301.841998267,1,12,2127-1430,0,埋蔵文化財包蔵地,5,139.4960382,35.52197652,緑区NO.5,緑区,緑区NO.5,埋蔵文化財包蔵地,,[],畑地,緑区,長津田町3128付近,弥生(後期)・古墳,5,散布地,台地斜面,90×80,,,
2156-1430,2156,1430,埋蔵文化財包蔵地,緑区NO.50,緑区NO.50,緑区NO.50,長津田町5025付近,散布地,畑地・雑木林,台地上,240×120,縄文(早・前・中期),65,139.494641555,35.506406335,JsonThemeAroundPoint:x/y,139.494727572008,35.5063504941773,14546.3060262736,1,12,2156-1430,0,埋蔵文化財包蔵地,5,139.494641555,35.506406335,緑区NO.50,緑区,緑区NO.50,埋蔵文化財包蔵地,,[],畑地・雑木林,緑区,長津田町5025付近,縄文(早・前・中期),65,散布地,台地上,240×120,,,
2159-1430,2159,1430,埋蔵文化財包蔵地,緑区NO.51,緑区NO.51,緑区NO.51,長津田町5212付近,散布地,畑地・宅地,台地上・斜面,130×70,縄文(早・中期)・古墳,66,139.49269576,35.507517465,JsonThemeAroundPoint:x/y,139.492684453929,35.50750316358,14759.5340541207,1,12,2159-1430,0,埋蔵文化財包蔵地,5,139.49269576,35.507517465,緑区NO.51,緑区,緑区NO.51,埋蔵文化財包蔵地,,[],畑地・宅地,緑区,長津田町5212付近,縄文(早・中期)・古墳,66,散布地,台地上・斜面,130×70,,,
2158-1430,2158,1430,埋蔵文化財包蔵地,緑区NO.52,緑区NO.52,緑区NO.52,長津田町5161付近,墓地,雑木林,谷,80×50,中世,67,139.490514275,35.507462775,JsonThemeAroundPoint:x/y,139.49053485646,35.5074066667269,14933.1565619066,1,12,2158-1430,0,埋蔵文化財包蔵地,5,139.490514275,35.507462775,緑区NO.52,緑区,緑区NO.52,埋蔵文化財包蔵地,,[],雑木林,緑区,長津田町5161付近,中世,67,墓地,谷,80×50,,,
2154-1430,2154,1430,埋蔵文化財包蔵地,緑区NO.53,緑区NO.53,緑区NO.53,長津田町5121付近,散布地,畑地・雑木林,台地上・斜面,140×70,縄文(後期)・弥生(後期),68,139.49064571,35.50620056,JsonThemeAroundPoint:x/y,139.490665962525,35.5062979039705,14859.9578170482,1,12,2154-1430,0,埋蔵文化財包蔵地,5,139.49064571,35.50620056,緑区NO.53,緑区,緑区NO.53,埋蔵文化財包蔵地,,[],畑地・雑木林,緑区,長津田町5121付近,縄文(後期)・弥生(後期),68,散布地,台地上・斜面,140×70,,,
2155-1430,2155,1430,埋蔵文化財包蔵地,緑区NO.54,緑区NO.54,緑区NO.54,長津田町5225付近,散布地,畑地・雑木林,台地上・斜面,170×100,縄文(早期),69,139.492569625,35.50606359,JsonThemeAroundPoint:x/y,139.49271393018,35.5059572548408,14696.9392492729,1,12,2155-1430,0,埋蔵文化財包蔵地,5,139.492569625,35.50606359,緑区NO.54,緑区,緑区NO.54,埋蔵文化財包蔵地,,[],畑地・雑木林,緑区,長津田町5225付近,縄文(早期),69,散布地,台地上・斜面,170×100,,,
2153-1430,2153,1430,埋蔵文化財包蔵地,緑区NO.55,緑区NO.55,緑区NO.55,長津田町5361付近,散布地,畑地,台地上,350×200,縄文・古墳・歴史,70,139.491065925,35.50337883,JsonThemeAroundPoint:x/y,139.491091752628,35.5034182298597,14689.5208594176,1,12,2153-1430,0,埋蔵文化財包蔵地,5,139.491065925,35.50337883,緑区NO.55,緑区,緑区NO.55,埋蔵文化財包蔵地,,[],畑地,緑区,長津田町5361付近,縄文・古墳・歴史,70,散布地,台地上,350×200,,,
2152-1430,2152,1430,埋蔵文化財包蔵地,緑区NO.56,緑区NO.56,緑区NO.56,長津田町5460付近,散布地,畑地,低位段丘上,170×140,古墳,71,139.488113455,35.503379615,JsonThemeAroundPoint:x/y,139.488001686583,35.5033976410651,14932.1343853029,1,12,2152-1430,0,埋蔵文化財包蔵地,5,139.488113455,35.503379615,緑区NO.56,緑区,緑区NO.56,埋蔵文化財包蔵地,,[],畑地,緑区,長津田町5460付近,古墳,71,散布地,低位段丘上,170×140,,,
2166-1430,2166,1430,埋蔵文化財包蔵地,緑区NO.57,緑区NO.57,緑区NO.57,十日市場町2465付近,猟場,雑木林,低位段丘上,60×50,縄文(早・前・中・後期),76,139.504336755,35.516456355,JsonThemeAroundPoint:x/y,139.504321060569,35.5164074994606,14337.1690120466,1,12,2166-1430,0,埋蔵文化財包蔵地,5,139.504336755,35.516456355,緑区NO.57,緑区,緑区NO.57,埋蔵文化財包蔵地,,[],雑木林,緑区,十日市場町2465付近,縄文(早・前・中・後期),76,猟場,低位段丘上,60×50,,,
523-1430,523,1430,埋蔵文化財包蔵地,緑区NO.58,緑区NO.58,緑区NO.58,霧が丘二丁目7付近,集落跡・猟場,宅地,台地上,80×70,縄文(早・前・中・後期)・弥生,77,139.506204135,35.515585885,JsonThemeAroundPoint:x/y,139.506204104308,35.5155933272586,14142.4137141533,1,12,523-1430,0,埋蔵文化財包蔵地,5,139.506204135,35.515585885,緑区NO.58,緑区,緑区NO.58,埋蔵文化財包蔵地,,[],宅地,緑区,霧が丘二丁目7付近,縄文(早・前・中・後期)・弥生,77,集落跡・猟場,台地上,80×70,,,
2165-1430,2165,1430,埋蔵文化財包蔵地,緑区NO.59,緑区NO.59,緑区NO.59,霧が丘二丁目9付近,猟場,宅地,台地上,40×40,先土器・縄文(早・前・中期),79,139.506036915,35.514624605,JsonThemeAroundPoint:x/y,139.506095687707,35.5145911100608,14098.0030702431,1,12,2165-1430,0,埋蔵文化財包蔵地,5,139.506036915,35.514624605,緑区NO.59,緑区,緑区NO.59,埋蔵文化財包蔵地,,[],宅地,緑区,霧が丘二丁目9付近,先土器・縄文(早・前・中期),79,猟場,台地上,40×40,,,
515-1430,515,1430,埋蔵文化財包蔵地,緑区NO.6,緑区NO.6,緑区NO.6,長津田一丁目4付近,散布地,宅地,台地上,50×30,縄文(早・中期),8,139.506832855,35.530690635,JsonThemeAroundPoint:x/y,139.506832824893,35.5306980747288,15067.9829484377,1,12,515-1430,0,埋蔵文化財包蔵地,5,139.506832855,35.530690635,緑区NO.6,緑区,緑区NO.6,埋蔵文化財包蔵地,,[],宅地,緑区,長津田一丁目4付近,縄文(早・中期),8,散布地,台地上,50×30,,,
2164-1430,2164,1430,埋蔵文化財包蔵地,緑区NO.60,緑区NO.60,緑区NO.60,霧が丘五丁目付近,集落跡・猟場,宅地,台地上・斜面,300×150,先土器・縄文(早・前・中・後期),80,139.50538333,35.512961845,JsonThemeAroundPoint:x/y,139.50546471369,35.5128818327017,14050.9954438086,1,12,2164-1430,0,埋蔵文化財包蔵地,5,139.50538333,35.512961845,緑区NO.60,緑区,緑区NO.60,埋蔵文化財包蔵地,,[],宅地,緑区,霧が丘五丁目付近,先土器・縄文(早・前・中・後期),80,集落跡・猟場,台地上・斜面,300×150,,,
2172-1430,2172,1430,埋蔵文化財包蔵地,緑区NO.61,緑区NO.61,緑区NO.61,十日市場町1726付近,散布地,学校・宅地,台地上,120×100,古墳,14,139.512012045,35.521010965,JsonThemeAroundPoint:x/y,139.512103166204,35.5209410514376,14045.7250943481,1,12,2172-1430,0,埋蔵文化財包蔵地,5,139.512012045,35.521010965,緑区NO.61,緑区,緑区NO.61,埋蔵文化財包蔵地,,[],学校・宅地,緑区,十日市場町1726付近,古墳,14,散布地,台地上,120×100,,,
2174-1430,2174,1430,埋蔵文化財包蔵地,緑区NO.62,緑区NO.62,緑区NO.62,十日市場町954付近,集落跡,宅地,台地上,,縄文(後期)・古墳,19,139.524068505,35.521146535,JsonThemeAroundPoint:x/y,139.52402866675,35.5211876281482,13184.1756537244,1,12,2174-1430,0,埋蔵文化財包蔵地,5,139.524068505,35.521146535,緑区NO.62,緑区,緑区NO.62,埋蔵文化財包蔵地,,[],宅地,緑区,十日市場町954付近,縄文(後期)・古墳,19,集落跡,台地上,,,,
2236-1430,2236,1430,埋蔵文化財包蔵地,緑区NO.63,緑区NO.63,緑区NO.63,十日市場町807付近,散布地,宅地,台地上,,縄文(中期)・古墳,20,139.519388225,35.52134465,JsonThemeAroundPoint:x/y,139.519365517436,35.5213171497693,13531.6428080109,1,12,2236-1430,0,埋蔵文化財包蔵地,5,139.519388225,35.52134465,緑区NO.63,緑区,緑区NO.63,埋蔵文化財包蔵地,,[],宅地,緑区,十日市場町807付近,縄文(中期)・古墳,20,散布地,台地上,,,,
2173-1430,2173,1430,埋蔵文化財包蔵地,緑区NO.64,緑区NO.64,緑区NO.64,十日市場町842付近,散布地,宅地,台地上,,古墳,21,139.51699765,35.519713085,JsonThemeAroundPoint:x/y,139.516972626485,35.5196857014447,13595.5434551016,1,12,2173-1430,0,埋蔵文化財包蔵地,5,139.51699765,35.519713085,緑区NO.64,緑区,緑区NO.64,埋蔵文化財包蔵地,,[],宅地,緑区,十日市場町842付近,古墳,21,散布地,台地上,,,,
2176-1430,2176,1430,埋蔵文化財包蔵地,緑区NO.65,緑区NO.65,緑区NO.65,十日市場町911付近,散布地,宅地・畑地,台地上,,縄文(早・中期)・歴史,72,139.52436916,35.5184077,JsonThemeAroundPoint:x/y,139.524431540131,35.518122853363,12974.6524868364,1,12,2176-1430,0,埋蔵文化財包蔵地,5,139.52436916,35.5184077,緑区NO.65,緑区,緑区NO.65,埋蔵文化財包蔵地,,[],宅地・畑地,緑区,十日市場町911付近,縄文(早・中期)・歴史,72,散布地,台地上,,,,
2175-1430,2175,1430,埋蔵文化財包蔵地,緑区NO.66,緑区NO.66,緑区NO.66,十日市場町1241付近,寺院跡,宅地,台地上,,近世,73,139.526777645,35.518737725,JsonThemeAroundPoint:x/y,139.526762125309,35.5188005183173,12825.2339323289,1,12,2175-1430,0,埋蔵文化財包蔵地,5,139.526777645,35.518737725,緑区NO.66,緑区,緑区NO.66,埋蔵文化財包蔵地,,[],宅地,緑区,十日市場町1241付近,近世,73,寺院跡,台地上,,,,
2177-1430,2177,1430,埋蔵文化財包蔵地,緑区NO.67,緑区NO.67,緑区NO.67,十日市場町905付近,散布地,宅地・畑地,台地上,,縄文(後・晩期)・古墳(後期),74,139.5259994,35.51792875,JsonThemeAroundPoint:x/y,139.525921030698,35.5178271875914,12825.2045465588,1,12,2177-1430,0,埋蔵文化財包蔵地,5,139.5259994,35.51792875,緑区NO.67,緑区,緑区NO.67,埋蔵文化財包蔵地,,[],宅地・畑地,緑区,十日市場町905付近,縄文(後・晩期)・古墳(後期),74,散布地,台地上,,,,
2178-1430,2178,1430,埋蔵文化財包蔵地,緑区NO.68,緑区NO.68,緑区NO.68,新治町590付近,散布地,畑地・宅地,台地上,300×150,縄文(中期)・古墳,75,139.527058925,35.517410305,JsonThemeAroundPoint:x/y,139.52710427437,35.5174190796505,12714.0019206536,1,12,2178-1430,0,埋蔵文化財包蔵地,5,139.527058925,35.517410305,緑区NO.68,緑区,緑区NO.68,埋蔵文化財包蔵地,,[],畑地・宅地,緑区,新治町590付近,縄文(中期)・古墳,75,散布地,台地上,300×150,,,
2187-1430,2187,1430,埋蔵文化財包蔵地,緑区NO.69,緑区NO.69,緑区NO.69,霧が丘三丁目1付近,包含地・窯跡,宅地,台地上,70×60,縄文(早・前・中・後期)・弥生・江戸,78,139.50946201,35.51574901,JsonThemeAroundPoint:x/y,139.509456400804,35.5157081524259,13904.3807428117,1,12,2187-1430,0,埋蔵文化財包蔵地,5,139.50946201,35.51574901,緑区NO.69,緑区,緑区NO.69,埋蔵文化財包蔵地,,[],宅地,緑区,霧が丘三丁目1付近,縄文(早・前・中・後期)・弥生・江戸,78,包含地・窯跡,台地上,70×60,,,
2126-1430,2126,1430,埋蔵文化財包蔵地,緑区NO.7,緑区NO.7,緑区NO.7,長津田町1049付近,集落跡,畑地,台地斜面,150×1110,縄文(後期)・奈良・平安,9,139.50304021,35.522607945,JsonThemeAroundPoint:x/y,139.503012175039,35.5225974971922,14812.9447778868,1,12,2126-1430,0,埋蔵文化財包蔵地,5,139.50304021,35.522607945,緑区NO.7,緑区,緑区NO.7,埋蔵文化財包蔵地,,[],畑地,緑区,長津田町1049付近,縄文(後期)・奈良・平安,9,集落跡,台地斜面,150×1110,,,
2186-1430,2186,1430,埋蔵文化財包蔵地,緑区NO.70,緑区NO.70,緑区NO.70,新治町1078付近,散布地,雑木林,台地上・斜面,130×100,縄文(早・前・中期)・古墳,81,139.51432691,35.51496622,JsonThemeAroundPoint:x/y,139.514379086958,35.5148106224935,13489.0224807149,1,12,2186-1430,0,埋蔵文化財包蔵地,5,139.51432691,35.51496622,緑区NO.70,緑区,緑区NO.70,埋蔵文化財包蔵地,,[],雑木林,緑区,新治町1078付近,縄文(早・前・中期)・古墳,81,散布地,台地上・斜面,130×100,,,
524-1430,524,1430,埋蔵文化財包蔵地,緑区NO.71,緑区NO.71,緑区NO.71,霧が丘一丁目14付近,包含地,宅地,台地上,,縄文,82,139.512906735,35.514993135,JsonThemeAroundPoint:x/y,139.512906708235,35.5149998309723,13597.5992316118,1,12,524-1430,0,埋蔵文化財包蔵地,5,139.512906735,35.514993135,緑区NO.71,緑区,緑区NO.71,埋蔵文化財包蔵地,,[],宅地,緑区,霧が丘一丁目14付近,縄文,82,包含地,台地上,,,,
525-1430,525,1430,埋蔵文化財包蔵地,緑区NO.72,緑区NO.72,緑区NO.72,霧が丘一丁目17付近,猟場,宅地,台地上,,縄文(早・前・中・後期),83,139.512140755,35.513997745,JsonThemeAroundPoint:x/y,139.5121407213,35.5140051883906,13594.5684282099,1,12,525-1430,0,埋蔵文化財包蔵地,5,139.512140755,35.513997745,緑区NO.72,緑区,緑区NO.72,埋蔵文化財包蔵地,,[],宅地,緑区,霧が丘一丁目17付近,縄文(早・前・中・後期),83,猟場,台地上,,,,
526-1430,526,1430,埋蔵文化財包蔵地,緑区NO.73,緑区NO.73,緑区NO.73,霧が丘一丁目19付近,包含地,宅地,台地上,,先土器,84,139.512756505,35.512919765,JsonThemeAroundPoint:x/y,139.512756476245,35.5129272059333,13482.4688157586,1,12,526-1430,0,埋蔵文化財包蔵地,5,139.512756505,35.512919765,緑区NO.73,緑区,緑区NO.73,埋蔵文化財包蔵地,,[],宅地,緑区,霧が丘一丁目19付近,先土器,84,包含地,台地上,,,,
527-1430,527,1430,埋蔵文化財包蔵地,緑区NO.74,緑区NO.74,緑区NO.74,霧が丘一丁目26付近,包含地,宅地,台地上,,縄文(早・前期),85,139.512592805,35.51176006,JsonThemeAroundPoint:x/y,139.512592773891,35.5117675056169,13425.4763360012,1,12,527-1430,0,埋蔵文化財包蔵地,5,139.512592805,35.51176006,緑区NO.74,緑区,緑区NO.74,埋蔵文化財包蔵地,,[],宅地,緑区,霧が丘一丁目26付近,縄文(早・前期),85,包含地,台地上,,,,
2185-1430,2185,1430,埋蔵文化財包蔵地,緑区NO.75,緑区NO.75,緑区NO.75,新治町1178付近,散布地,雑木林,台地上,150×60,弥生(後期),86,139.51759201,35.512577455,JsonThemeAroundPoint:x/y,139.517592686769,35.5124903586589,13095.2431019314,1,12,2185-1430,0,埋蔵文化財包蔵地,5,139.51759201,35.512577455,緑区NO.75,緑区,緑区NO.75,埋蔵文化財包蔵地,,[],雑木林,緑区,新治町1178付近,弥生(後期),86,散布地,台地上,150×60,,,
2184-1430,2184,1430,埋蔵文化財包蔵地,緑区NO.76,緑区NO.76,緑区NO.76,新治町1210付近,散布地,畑地・雑木林,台地上,160×70,縄文(前・中期),87,139.5194328,35.512588475,JsonThemeAroundPoint:x/y,139.519411233627,35.512522996754,12957.5373282442,1,12,2184-1430,0,埋蔵文化財包蔵地,5,139.5194328,35.512588475,緑区NO.76,緑区,緑区NO.76,埋蔵文化財包蔵地,,[],畑地・雑木林,緑区,新治町1210付近,縄文(前・中期),87,散布地,台地上,160×70,,,
2183-1430,2183,1430,埋蔵文化財包蔵地,緑区NO.77,緑区NO.77,緑区NO.77,新治町1436付近,散布地,畑地,下位段丘上,200×100,縄文(前・中期)・歴史,88,139.521053765,35.511136625,JsonThemeAroundPoint:x/y,139.521154751594,35.5110095834347,12745.3989813404,1,12,2183-1430,0,埋蔵文化財包蔵地,5,139.521053765,35.511136625,緑区NO.77,緑区,緑区NO.77,埋蔵文化財包蔵地,,[],畑地,緑区,新治町1436付近,縄文(前・中期)・歴史,88,散布地,下位段丘上,200×100,,,
2180-1430,2180,1430,埋蔵文化財包蔵地,緑区NO.78,緑区NO.78,緑区NO.78,三保町2029付近,城跡,寺院・雑木林,台地上・他,300×200,室町,89,139.53335098,35.5141723,JsonThemeAroundPoint:x/y,139.533282743671,35.5141014236962,12042.9621477801,1,12,2180-1430,0,埋蔵文化財包蔵地,5,139.53335098,35.5141723,緑区NO.78,緑区,緑区NO.78,埋蔵文化財包蔵地,,[],寺院・雑木林,緑区,三保町2029付近,室町,89,城跡,台地上・他,300×200,,,
2181-1430,2181,1430,埋蔵文化財包蔵地,緑区NO.79,緑区NO.79,緑区NO.79,三保町1649・2596付近,散布地,畑地・学校・雑木林,台地上,550×280,縄文(早・前・中期)・古墳,90・91,139.530280045,35.512265465,JsonThemeAroundPoint:x/y,139.529930979231,35.5119289635014,12135.1034417438,1,12,2181-1430,0,埋蔵文化財包蔵地,5,139.530280045,35.512265465,緑区NO.79,緑区,緑区NO.79,埋蔵文化財包蔵地,,[],畑地・学校・雑木林,緑区,三保町1649・2596付近,縄文(早・前・中期)・古墳,90・91,散布地,台地上,550×280,,,
2128-1430,2128,1430,埋蔵文化財包蔵地,緑区NO.8,緑区NO.8,緑区NO.8,十日市場町508付近,古墳,雑木林・鉄道,台地上,,古墳,10,139.514065675,35.524924625,JsonThemeAroundPoint:x/y,139.514006519366,35.5248750405819,14156.8074363047,1,12,2128-1430,0,埋蔵文化財包蔵地,5,139.514065675,35.524924625,緑区NO.8,緑区,緑区NO.8,埋蔵文化財包蔵地,,[],雑木林・鉄道,緑区,十日市場町508付近,古墳,10,古墳,台地上,,,,
2179-1430,2179,1430,埋蔵文化財包蔵地,緑区NO.80,緑区NO.80,緑区NO.80,三保町1700付近,集落跡,畑地,台地上,230×150,縄文(前期)・弥生(後期)・古墳,150,139.529605305,35.514568995,JsonThemeAroundPoint:x/y,139.529699752912,35.5144706017505,12338.2008366543,1,12,2179-1430,0,埋蔵文化財包蔵地,5,139.529605305,35.514568995,緑区NO.80,緑区,緑区NO.80,埋蔵文化財包蔵地,,[],畑地,緑区,三保町1700付近,縄文(前期)・弥生(後期)・古墳,150,集落跡,台地上,230×150,,,
2182-1430,2182,1430,埋蔵文化財包蔵地,緑区NO.81,緑区NO.81,緑区NO.81,三保町1369付近,古墳,宅地,台地上,"D-28,H-2.5",古墳,92,139.525666155,35.51149786,JsonThemeAroundPoint:x/y,139.525668365748,35.5114822343028,12423.8373549636,1,12,2182-1430,0,埋蔵文化財包蔵地,5,139.525666155,35.51149786,緑区NO.81,緑区,緑区NO.81,埋蔵文化財包蔵地,,[],宅地,緑区,三保町1369付近,古墳,92,古墳,台地上,"D-28,H-2.5",,,
2235-1430,2235,1430,埋蔵文化財包蔵地,緑区NO.82,緑区NO.82,緑区NO.82,三保町1336付近,猟場,宅地,台地上,50×50,縄文(早・前・中期),93,139.525784245,35.510674135,JsonThemeAroundPoint:x/y,139.525784013227,35.5106474826869,12362.5176066277,1,12,2235-1430,0,埋蔵文化財包蔵地,5,139.525784245,35.510674135,緑区NO.82,緑区,緑区NO.82,埋蔵文化財包蔵地,,[],宅地,緑区,三保町1336付近,縄文(早・前・中期),93,猟場,台地上,50×50,,,
2188-1430,2188,1430,埋蔵文化財包蔵地,緑区NO.83,緑区NO.83,緑区NO.83,三保町1634付近,猟場,宅地,台地上・斜面,80×40,縄文(早・前・中期),94,139.52633424,35.50898255,JsonThemeAroundPoint:x/y,139.526338440789,35.5089312720783,12214.7642332814,1,12,2188-1430,0,埋蔵文化財包蔵地,5,139.52633424,35.50898255,緑区NO.83,緑区,緑区NO.83,埋蔵文化財包蔵地,,[],宅地,緑区,三保町1634付近,縄文(早・前・中期),94,猟場,台地上・斜面,80×40,,,
529-1430,529,1430,埋蔵文化財包蔵地,緑区NO.85,緑区NO.85,緑区NO.85,三保町2537付近,猟場,宅地,台地斜面,60×50,縄文(早・前・中期)・中世？,96,139.52629431,35.508137455,JsonThemeAroundPoint:x/y,139.526294281189,35.5081448976027,12165.1145411283,1,12,529-1430,0,埋蔵文化財包蔵地,5,139.52629431,35.508137455,緑区NO.85,緑区,緑区NO.85,埋蔵文化財包蔵地,,[],宅地,緑区,三保町2537付近,縄文(早・前・中期)・中世？,96,猟場,台地斜面,60×50,,,
528-1430,528,1430,埋蔵文化財包蔵地,緑区NO.86,緑区NO.86,緑区NO.86,霧が丘四丁目付近,散布地,宅地,台地上,20×20,古墳,97,139.508781205,35.50991708,JsonThemeAroundPoint:x/y,139.508781175817,35.5099245206382,13612.3415511447,1,12,528-1430,0,埋蔵文化財包蔵地,5,139.508781205,35.50991708,緑区NO.86,緑区,緑区NO.86,埋蔵文化財包蔵地,,[],宅地,緑区,霧が丘四丁目付近,古墳,97,散布地,台地上,20×20,,,
2189-1430,2189,1430,埋蔵文化財包蔵地,緑区NO.87,緑区NO.87,緑区NO.87,三保町47付近,集落跡,学校,台地斜面,110×100,縄文(早・前・中・後期)・古墳・歴史,98,139.51224297,35.507489365,JsonThemeAroundPoint:x/y,139.512324532441,35.5074245655384,13204.7222338875,1,12,2189-1430,0,埋蔵文化財包蔵地,5,139.51224297,35.507489365,緑区NO.87,緑区,緑区NO.87,埋蔵文化財包蔵地,,[],学校,緑区,三保町47付近,縄文(早・前・中・後期)・古墳・歴史,98,集落跡,台地斜面,110×100,,,
2190-1430,2190,1430,埋蔵文化財包蔵地,緑区NO.88,緑区NO.88,緑区NO.88,三保町115付近,集落跡,学校,台地上・斜面,300×90,縄文(中・後期),99,139.51173642,35.505366845,JsonThemeAroundPoint:x/y,139.511717776268,35.5053864260717,13126.2862909312,1,12,2190-1430,0,埋蔵文化財包蔵地,5,139.51173642,35.505366845,緑区NO.88,緑区,緑区NO.88,埋蔵文化財包蔵地,,[],学校,緑区,三保町115付近,縄文(中・後期),99,集落跡,台地上・斜面,300×90,,,
2191-1430,2191,1430,埋蔵文化財包蔵地,緑区NO.89,緑区NO.89,緑区NO.89,三保町851付近,散布地,雑木林,台地斜面,110×80,縄文(早・中期),100,139.52443921,35.505622295,JsonThemeAroundPoint:x/y,139.524432156636,35.5055912465205,12153.1539184454,1,12,2191-1430,0,埋蔵文化財包蔵地,5,139.52443921,35.505622295,緑区NO.89,緑区,緑区NO.89,埋蔵文化財包蔵地,,[],雑木林,緑区,三保町851付近,縄文(早・中期),100,散布地,台地斜面,110×80,,,
516-1430,516,1430,埋蔵文化財包蔵地,緑区NO.9,緑区NO.9,緑区NO.9,十日市場町745付近,散布地,宅地,台地上,20×20,古墳,11,139.517435,35.52425348,JsonThemeAroundPoint:x/y,139.517434972211,35.5242609214777,13870.0182934253,1,12,516-1430,0,埋蔵文化財包蔵地,5,139.517435,35.52425348,緑区NO.9,緑区,緑区NO.9,埋蔵文化財包蔵地,,[],宅地,緑区,十日市場町745付近,古墳,11,散布地,台地上,20×20,,,
2192-1430,2192,1430,埋蔵文化財包蔵地,緑区NO.90,緑区NO.90,緑区NO.90,三保町856付近,散布地,畑地・雑木林,丘陵上,400×100,縄文(中期),101,139.52558756,35.5037017,JsonThemeAroundPoint:x/y,139.525545532356,35.5038758256215,11951.6038120575,1,12,2192-1430,0,埋蔵文化財包蔵地,5,139.52558756,35.5037017,緑区NO.90,緑区,緑区NO.90,埋蔵文化財包蔵地,,[],畑地・雑木林,緑区,三保町856付近,縄文(中期),101,散布地,丘陵上,400×100,,,
2197-1430,2197,1430,埋蔵文化財包蔵地,緑区NO.91,緑区NO.91,緑区NO.91,森の台38付近,散布地,畑地,台地上,60×80,縄文(前期),102,139.535146905,35.50488155,JsonThemeAroundPoint:x/y,139.535109974738,35.5048042698791,11298.065638762,1,12,2197-1430,0,埋蔵文化財包蔵地,5,139.535146905,35.50488155,緑区NO.91,緑区,緑区NO.91,埋蔵文化財包蔵地,,[],畑地,緑区,森の台38付近,縄文(前期),102,散布地,台地上,60×80,,,
2202-1430,2202,1430,埋蔵文化財包蔵地,緑区NO.92,緑区NO.92,緑区NO.92,北八朔町1409付近,集落跡・古墳,宅地,台地上,,弥生(後期)・古墳・奈良・近世,48,139.546312475,35.51989492,JsonThemeAroundPoint:x/y,139.546243169262,35.5198382644725,11579.1552701175,1,12,2202-1430,0,埋蔵文化財包蔵地,5,139.546312475,35.51989492,緑区NO.92,緑区,緑区NO.92,埋蔵文化財包蔵地,,[],宅地,緑区,北八朔町1409付近,弥生(後期)・古墳・奈良・近世,48,集落跡・古墳,台地上,,,,
2204-1430,2204,1430,埋蔵文化財包蔵地,緑区NO.93,緑区NO.93,緑区NO.93,北八朔町1739付近,散布地,畑地,台地上・斜面,200×100,縄文・弥生・古墳,49,139.540835735,35.52012764,JsonThemeAroundPoint:x/y,139.540569364026,35.5200206419307,11956.9498627157,1,12,2204-1430,0,埋蔵文化財包蔵地,5,139.540835735,35.52012764,緑区NO.93,緑区,緑区NO.93,埋蔵文化財包蔵地,,[],畑地,緑区,北八朔町1739付近,縄文・弥生・古墳,49,散布地,台地上・斜面,200×100,,,
2207-1430,2207,1430,埋蔵文化財包蔵地,緑区NO.94,緑区NO.94,緑区NO.94,北八朔町1766付近,散布地,畑地・宅地,台地上・斜面,100×90,縄文(早期),50,139.539170625,35.519772035,JsonThemeAroundPoint:x/y,139.539152223375,35.5197293915068,12041.6718028358,1,12,2207-1430,0,埋蔵文化財包蔵地,5,139.539170625,35.519772035,緑区NO.94,緑区,緑区NO.94,埋蔵文化財包蔵地,,[],畑地・宅地,緑区,北八朔町1766付近,縄文(早期),50,散布地,台地上・斜面,100×90,,,
2205-1430,2205,1430,埋蔵文化財包蔵地,緑区NO.95,緑区NO.95,緑区NO.95,北八朔町1273付近,散布地,宅地・畑地,台地上,350×180,縄文・弥生・古墳,103,139.54255,35.519134775,JsonThemeAroundPoint:x/y,139.542486488219,35.5193368067866,11767.9096852256,1,12,2205-1430,0,埋蔵文化財包蔵地,5,139.54255,35.519134775,緑区NO.95,緑区,緑区NO.95,埋蔵文化財包蔵地,,[],宅地・畑地,緑区,北八朔町1273付近,縄文・弥生・古墳,103,散布地,台地上,350×180,,,
2206-1430,2206,1430,埋蔵文化財包蔵地,緑区NO.96,緑区NO.96,緑区NO.96,北八朔町1596付近,散布地,畑地・宅地,台地上,,縄文(早・中期)・古墳,104,139.540125045,35.51875142,JsonThemeAroundPoint:x/y,139.540132897614,35.5187201156119,11901.4021444103,1,12,2206-1430,0,埋蔵文化財包蔵地,5,139.540125045,35.51875142,緑区NO.96,緑区,緑区NO.96,埋蔵文化財包蔵地,,[],畑地・宅地,緑区,北八朔町1596付近,縄文(早・中期)・古墳,104,散布地,台地上,,,,
2208-1430,2208,1430,埋蔵文化財包蔵地,緑区NO.97,緑区NO.97,緑区NO.97,北八朔町1599付近,散布地,畑地・宅地,台地上・斜面,200×100,古墳・歴史,105,139.54178747,35.517583305,JsonThemeAroundPoint:x/y,139.541770793779,35.5175934488783,11702.4882482019,1,12,2208-1430,0,埋蔵文化財包蔵地,5,139.54178747,35.517583305,緑区NO.97,緑区,緑区NO.97,埋蔵文化財包蔵地,,[],畑地・宅地,緑区,北八朔町1599付近,古墳・歴史,105,散布地,台地上・斜面,200×100,,,
2209-1430,2209,1430,埋蔵文化財包蔵地,緑区NO.98,緑区NO.98,緑区NO.98,北八朔町1435付近,散布地,畑地・宅地,台地上・斜面,300×170,古墳・歴史,106,139.544029875,35.51862113,JsonThemeAroundPoint:x/y,139.544130377166,35.5184135771148,11630.8275621633,1,12,2209-1430,0,埋蔵文化財包蔵地,5,139.544029875,35.51862113,緑区NO.98,緑区,緑区NO.98,埋蔵文化財包蔵地,,[],畑地・宅地,緑区,北八朔町1435付近,古墳・歴史,106,散布地,台地上・斜面,300×170,,,
2203-1430,2203,1430,埋蔵文化財包蔵地,緑区NO.99,緑区NO.99,緑区NO.99,北八朔町1414付近,散布地,畑地・宅地,台地斜面,200×90,古墳・歴史,107,139.546639115,35.518448055,JsonThemeAroundPoint:x/y,139.546606631506,35.51848574945,11445.941005565,1,12,2203-1430,0,埋蔵文化財包蔵地,5,139.546639115,35.518448055,緑区NO.99,緑区,緑区NO.99,埋蔵文化財包蔵地,,[],畑地・宅地,緑区,北八朔町1414付近,古墳・歴史,107,散布地,台地斜面,200×90,,,
292-1430,292,1430,埋蔵文化財包蔵地,西区NO.10,西区NO.10,西区NO.10,西戸部町二丁目190付近,貝塚,宅地,台地斜面,,縄文(後期),10,139.622900605,35.44697527,JsonThemeAroundPoint:x/y,139.622900585324,35.4469827160752,1346.14191824616,1,12,292-1430,0,埋蔵文化財包蔵地,5,139.622900605,35.44697527,西区NO.10,西区,西区NO.10,埋蔵文化財包蔵地,,[],宅地,西区,西戸部町二丁目190付近,縄文(後期),10,貝塚,台地斜面,,,,
289-1430,289,1430,埋蔵文化財包蔵地,西区NO.11,西区NO.11,西区NO.11,久保町54付近,散布地,宅地,台地斜面,,縄文(後期),13,139.61453676,35.44219771,JsonThemeAroundPoint:x/y,139.614536741404,35.4422051523341,2176.13959245139,1,12,289-1430,0,埋蔵文化財包蔵地,5,139.61453676,35.44219771,西区NO.11,西区,西区NO.11,埋蔵文化財包蔵地,,[],宅地,西区,久保町54付近,縄文(後期),13,散布地,台地斜面,,,,
290-1430,290,1430,埋蔵文化財包蔵地,西区NO.12,西区NO.12,西区NO.12,境之谷115付近,散布地,宅地,台地上,,縄文(後期),14,139.615613115,35.44062821,JsonThemeAroundPoint:x/y,139.615613092999,35.4406356510495,2135.25243766377,1,12,290-1430,0,埋蔵文化財包蔵地,5,139.615613115,35.44062821,西区NO.12,西区,西区NO.12,埋蔵文化財包蔵地,,[],宅地,西区,境之谷115付近,縄文(後期),14,散布地,台地上,,,,
1256-1430,1256,1430,埋蔵文化財包蔵地,西区NO.13,西区NO.13,西区NO.13,紅葉ヶ丘9-1付近,集落跡,宅地,台地上,,縄文・弥生,15,139.62871833,35.4484491,JsonThemeAroundPoint:x/y,139.628778253231,35.4484856612531,830.461898637881,1,12,1256-1430,0,埋蔵文化財包蔵地,5,139.62871833,35.4484491,西区NO.13,西区,西区NO.13,埋蔵文化財包蔵地,,[],宅地,西区,紅葉ヶ丘9-1付近,縄文・弥生,15,集落跡,台地上,,,,
1257-1430,1257,1430,埋蔵文化財包蔵地,西区NO.14,西区NO.14,西区NO.14,宮崎町64付近,貝塚,神社,台地斜面,,縄文(後期),11,139.62937229,35.44727321,JsonThemeAroundPoint:x/y,139.629406001997,35.4472389930981,759.463409419561,1,12,1257-1430,0,埋蔵文化財包蔵地,5,139.62937229,35.44727321,西区NO.14,西区,西区NO.14,埋蔵文化財包蔵地,,[],神社,西区,宮崎町64付近,縄文(後期),11,貝塚,台地斜面,,,,
293-1430,293,1430,埋蔵文化財包蔵地,西区NO.15,西区NO.15,西区NO.15,老松町21付近,散布地,宅地,台地上,,縄文,12,139.626447695,35.44279608,JsonThemeAroundPoint:x/y,139.626447678875,35.442803525393,1135.39050719437,1,12,293-1430,0,埋蔵文化財包蔵地,5,139.626447695,35.44279608,西区NO.15,西区,西区NO.15,埋蔵文化財包蔵地,,[],宅地,西区,老松町21付近,縄文,12,散布地,台地上,,,,
1255-1430,1255,1430,埋蔵文化財包蔵地,西区NO.2,西区NO.2,西区NO.2,南軽井沢62付近,集落跡・古墳群,自動車学校,台地上,"D30.5,H17.5",縄文(中期)・古墳,2,139.61382274,35.46481598,JsonThemeAroundPoint:x/y,139.613768335308,35.4647989578879,2923.17436588062,1,12,1255-1430,0,埋蔵文化財包蔵地,5,139.61382274,35.46481598,西区NO.2,西区,西区NO.2,埋蔵文化財包蔵地,,[],自動車学校,西区,南軽井沢62付近,縄文(中期)・古墳,2,集落跡・古墳群,台地上,"D30.5,H17.5",,,
2326-1430,2326,1430,埋蔵文化財包蔵地,西区NO.5,西区NO.5,西区NO.5,浅間町一丁目19付近,横穴墓,崖,台地斜面,,古墳,5,139.614182855,35.46196746,JsonThemeAroundPoint:x/y,139.614177148194,35.461963242021,2694.92403538784,1,12,2326-1430,0,埋蔵文化財包蔵地,5,139.614182855,35.46196746,西区NO.5,西区,西区NO.5,埋蔵文化財包蔵地,,[],崖,西区,浅間町一丁目19付近,古墳,5,横穴墓,台地斜面,,,,
286-1430,286,1430,埋蔵文化財包蔵地,西区NO.6,西区NO.6,西区NO.6,東久保町34付近,散布地,宅地,台地上,,縄文・弥生,6,139.60845161,35.444355665,JsonThemeAroundPoint:x/y,139.608451587244,35.4443631045558,2674.10687880315,1,12,286-1430,0,埋蔵文化財包蔵地,5,139.60845161,35.444355665,西区NO.6,西区,西区NO.6,埋蔵文化財包蔵地,,[],宅地,西区,東久保町34付近,縄文・弥生,6,散布地,台地上,,,,
287-1430,287,1430,埋蔵文化財包蔵地,西区NO.7,西区NO.7,西区NO.7,東久保町28付近,貝塚,宅地,台地上,,縄文(後期),7,139.609662965,35.445119535,JsonThemeAroundPoint:x/y,139.609662942707,35.4451269803339,2556.05212510366,1,12,287-1430,0,埋蔵文化財包蔵地,5,139.609662965,35.445119535,西区NO.7,西区,西区NO.7,埋蔵文化財包蔵地,,[],宅地,西区,東久保町28付近,縄文(後期),7,貝塚,台地上,,,,
288-1430,288,1430,埋蔵文化財包蔵地,西区NO.8,西区NO.8,西区NO.8,藤棚町二丁目220付近,貝塚,学校,台地上・斜面,,縄文(前・中・後期),8,139.61557507,35.445949875,JsonThemeAroundPoint:x/y,139.615575048035,35.4459573175788,2014.5774772723,1,12,288-1430,0,埋蔵文化財包蔵地,5,139.61557507,35.445949875,西区NO.8,西区,西区NO.8,埋蔵文化財包蔵地,,[],学校,西区,藤棚町二丁目220付近,縄文(前・中・後期),8,貝塚,台地上・斜面,,,,
291-1430,291,1430,埋蔵文化財包蔵地,西区NO.9,西区NO.9,西区NO.9,西戸部町三丁目271付近,散布地,宅地,台地上,,縄文(中期),9,139.621049015,35.44766614,JsonThemeAroundPoint:x/y,139.621048992401,35.4476735869309,1514.62257891014,1,12,291-1430,0,埋蔵文化財包蔵地,5,139.621049015,35.44766614,西区NO.9,西区,西区NO.9,埋蔵文化財包蔵地,,[],宅地,西区,西戸部町三丁目271付近,縄文(中期),9,散布地,台地上,,,,
1616-1430,1616,1430,埋蔵文化財包蔵地,都筑区NO.1,都筑区NO.1,都筑区NO.1,牛久保町1904付近,散布地,畑地,台地上・斜面,80×50,縄文(前期)・古墳,1,139.57272059,35.56765898,JsonThemeAroundPoint:x/y,139.57266003028,35.5676542531666,14639.613399742,1,12,1616-1430,0,埋蔵文化財包蔵地,5,139.57272059,35.56765898,都筑区NO.1,都筑区,都筑区NO.1,埋蔵文化財包蔵地,,[],畑地,都筑区,牛久保町1904付近,縄文(前期)・古墳,1,散布地,台地上・斜面,80×50,,,
1622-1430,1622,1430,埋蔵文化財包蔵地,都筑区NO.10,都筑区NO.10,都筑区NO.10,牛久保三丁目17付近,散布地,宅地,台地上,100×70,縄文(早・前期),10,139.57847251,35.56477452,JsonThemeAroundPoint:x/y,139.578449250423,35.5647582780099,14140.3131223365,1,12,1622-1430,0,埋蔵文化財包蔵地,5,139.57847251,35.56477452,都筑区NO.10,都筑区,都筑区NO.10,埋蔵文化財包蔵地,,[],宅地,都筑区,牛久保三丁目17付近,縄文(早・前期),10,散布地,台地上,100×70,,,
1735-1430,1735,1430,埋蔵文化財包蔵地,都筑区NO.100,都筑区NO.100,都筑区NO.100,東山田四丁目6付近,集落跡,宅地,台地上,390×190,縄文(早・前・中期)・弥生(後期)・古墳・歴史,57,139.60839115,35.55920617,JsonThemeAroundPoint:x/y,139.608474031287,35.5591752761537,12741.5166582119,1,12,1735-1430,0,埋蔵文化財包蔵地,5,139.60839115,35.55920617,都筑区NO.100,都筑区,都筑区NO.100,埋蔵文化財包蔵地,,[],宅地,都筑区,東山田四丁目6付近,縄文(早・前・中期)・弥生(後期)・古墳・歴史,57,集落跡,台地上,390×190,,,
1736-1430,1736,1430,埋蔵文化財包蔵地,都筑区NO.101,都筑区NO.101,都筑区NO.101,東山田四丁目43付近,散布地,宅地,低位台地上,,歴史(中世),58,139.611636255,35.55970714,JsonThemeAroundPoint:x/y,139.611801032785,35.5596944934409,12738.1179192414,1,12,1736-1430,0,埋蔵文化財包蔵地,5,139.611636255,35.55970714,都筑区NO.101,都筑区,都筑区NO.101,埋蔵文化財包蔵地,,[],宅地,都筑区,東山田四丁目43付近,歴史(中世),58,散布地,低位台地上,,,,
1734-1430,1734,1430,埋蔵文化財包蔵地,都筑区NO.102,都筑区NO.102,都筑区NO.102,東山田四丁目39付近,集落跡,宅地,台地上,370×170,縄文(早・中・後期)・弥生(中・後期),59,139.610347475,35.557860735,JsonThemeAroundPoint:x/y,139.610514914167,35.5576309347386,12558.9229579782,1,12,1734-1430,0,埋蔵文化財包蔵地,5,139.610347475,35.557860735,都筑区NO.102,都筑区,都筑区NO.102,埋蔵文化財包蔵地,,[],宅地,都筑区,東山田四丁目39付近,縄文(早・中・後期)・弥生(中・後期),59,集落跡,台地上,370×170,,,
1733-1430,1733,1430,埋蔵文化財包蔵地,都筑区NO.103,都筑区NO.103,都筑区NO.103,東山田町1357付近,散布地,宅地,台地上,90×90,縄文(早・中期)・古墳・歴史,60,139.607889725,35.55688524,JsonThemeAroundPoint:x/y,139.607930331617,35.5568561181602,12498.8939276161,1,12,1733-1430,0,埋蔵文化財包蔵地,5,139.607889725,35.55688524,都筑区NO.103,都筑区,都筑区NO.103,埋蔵文化財包蔵地,,[],宅地,都筑区,東山田町1357付近,縄文(早・中期)・古墳・歴史,60,散布地,台地上,90×90,,,
1737-1430,1737,1430,埋蔵文化財包蔵地,都筑区NO.104,都筑区NO.104,都筑区NO.104,東山田町1579付近,散布地,畑地,台地上,240×150,縄文(早・前・中期)・古墳・歴史,61,139.61565871,35.55829158,JsonThemeAroundPoint:x/y,139.615710464605,35.5583127717506,12519.9755417023,1,12,1737-1430,0,埋蔵文化財包蔵地,5,139.61565871,35.55829158,都筑区NO.104,都筑区,都筑区NO.104,埋蔵文化財包蔵地,,[],畑地,都筑区,東山田町1579付近,縄文(早・前・中期)・古墳・歴史,61,散布地,台地上,240×150,,,
1738-1430,1738,1430,埋蔵文化財包蔵地,都筑区NO.105,都筑区NO.105,都筑区NO.105,東山田町1516付近,散布地,畑地,台地上・斜面,160×170,縄文(前・中・後期)・古墳,62,139.613237855,35.556083715,JsonThemeAroundPoint:x/y,139.613153288397,35.5560742370491,12315.2658254278,1,12,1738-1430,0,埋蔵文化財包蔵地,5,139.613237855,35.556083715,都筑区NO.105,都筑区,都筑区NO.105,埋蔵文化財包蔵地,,[],畑地,都筑区,東山田町1516付近,縄文(前・中・後期)・古墳,62,散布地,台地上・斜面,160×170,,,
1739-1430,1739,1430,埋蔵文化財包蔵地,都筑区NO.106,都筑区NO.106,都筑区NO.106,東山田町1554付近,散布地,病院・他,台地上,170×100,縄文・平安,63,139.61551591,35.555853385,JsonThemeAroundPoint:x/y,139.615529290102,35.5559136680117,12254.427176264,1,12,1739-1430,0,埋蔵文化財包蔵地,5,139.61551591,35.555853385,都筑区NO.106,都筑区,都筑区NO.106,埋蔵文化財包蔵地,,[],病院・他,都筑区,東山田町1554付近,縄文・平安,63,散布地,台地上,170×100,,,
1707-1430,1707,1430,埋蔵文化財包蔵地,都筑区NO.107,都筑区NO.107,都筑区NO.107,南山田一丁目3付近,猟場・他,宅地・他,台地上,250×120,古墳・歴史,123,139.58868901,35.554075615,JsonThemeAroundPoint:x/y,139.588431252212,35.5540184938474,12694.0296319377,1,12,1707-1430,0,埋蔵文化財包蔵地,5,139.58868901,35.554075615,都筑区NO.107,都筑区,都筑区NO.107,埋蔵文化財包蔵地,,[],宅地・他,都筑区,南山田一丁目3付近,古墳・歴史,123,猟場・他,台地上,250×120,,,
1708-1430,1708,1430,埋蔵文化財包蔵地,都筑区NO.108,都筑区NO.108,都筑区NO.108,南山田一丁目5付近,猟場・他,公園用地,台地上,140×110,縄文(早・中期),124,139.589040235,35.55288529,JsonThemeAroundPoint:x/y,139.589076362353,35.5528106947137,12558.8623510333,1,12,1708-1430,0,埋蔵文化財包蔵地,5,139.589040235,35.55288529,都筑区NO.108,都筑区,都筑区NO.108,埋蔵文化財包蔵地,,[],公園用地,都筑区,南山田一丁目5付近,縄文(早・中期),124,猟場・他,台地上,140×110,,,
1697-1430,1697,1430,埋蔵文化財包蔵地,都筑区NO.109,都筑区NO.109,都筑区NO.109,北山田三丁目21付近,散布地,宅地,台地上,170×70,縄文(早期)・古墳・歴史・中世,125,139.591834105,35.554655275,JsonThemeAroundPoint:x/y,139.591843042186,35.5546487204203,12657.9037655413,1,12,1697-1430,0,埋蔵文化財包蔵地,5,139.591834105,35.554655275,都筑区NO.109,都筑区,都筑区NO.109,埋蔵文化財包蔵地,,[],宅地,都筑区,北山田三丁目21付近,縄文(早期)・古墳・歴史・中世,125,散布地,台地上,170×70,,,
1630-1430,1630,1430,埋蔵文化財包蔵地,都筑区NO.11,都筑区NO.11,都筑区NO.11,牛久保町1412付近,集落跡,畑地・宅地,台地上,330×150,縄文(早・前・中期),11,139.57652021,35.56220852,JsonThemeAroundPoint:x/y,139.57662501168,35.5622005696452,13946.1367813897,1,12,1630-1430,0,埋蔵文化財包蔵地,5,139.57652021,35.56220852,都筑区NO.11,都筑区,都筑区NO.11,埋蔵文化財包蔵地,,[],畑地・宅地,都筑区,牛久保町1412付近,縄文(早・前・中期),11,集落跡,台地上,330×150,,,
1698-1430,1698,1430,埋蔵文化財包蔵地,都筑区NO.110,都筑区NO.110,都筑区NO.110,南山田二丁目28付近,散布地,荒地,台地上,140×80,縄文(前期),126,139.593455525,35.553825055,JsonThemeAroundPoint:x/y,139.593446190954,35.5537693994932,12522.8405634871,1,12,1698-1430,0,埋蔵文化財包蔵地,5,139.593455525,35.553825055,都筑区NO.110,都筑区,都筑区NO.110,埋蔵文化財包蔵地,,[],荒地,都筑区,南山田二丁目28付近,縄文(前期),126,散布地,台地上,140×80,,,
1700-1430,1700,1430,埋蔵文化財包蔵地,都筑区NO.111,都筑区NO.111,都筑区NO.111,北山田二丁目28付近,散布地,荒地,台地上,120×80,縄文(早・前期),127,139.59494779,35.55376128,JsonThemeAroundPoint:x/y,139.594941860846,35.5537766622379,12473.4021809388,1,12,1700-1430,0,埋蔵文化財包蔵地,5,139.59494779,35.55376128,都筑区NO.111,都筑区,都筑区NO.111,埋蔵文化財包蔵地,,[],荒地,都筑区,北山田二丁目28付近,縄文(早・前期),127,散布地,台地上,120×80,,,
1699-1430,1699,1430,埋蔵文化財包蔵地,都筑区NO.112,都筑区NO.112,都筑区NO.112,北山田二丁目22付近,散布地,宅地,台地上,70×60,縄文(早期),128,139.59591145,35.55424222,JsonThemeAroundPoint:x/y,139.595884742719,35.5542316297972,12497.4885535572,1,12,1699-1430,0,埋蔵文化財包蔵地,5,139.59591145,35.55424222,都筑区NO.112,都筑区,都筑区NO.112,埋蔵文化財包蔵地,,[],宅地,都筑区,北山田二丁目22付近,縄文(早期),128,散布地,台地上,70×60,,,
1712-1430,1712,1430,埋蔵文化財包蔵地,都筑区NO.113,都筑区NO.113,都筑区NO.113,牛久保東一丁目16付近,猟場,宅地,低位台地上・斜面,130×130,縄文(早・中・後期)・古墳・歴史,129,139.587882545,35.54984328,JsonThemeAroundPoint:x/y,139.587955463918,35.5498513133434,12280.8484839,1,12,1712-1430,0,埋蔵文化財包蔵地,5,139.587882545,35.54984328,都筑区NO.113,都筑区,都筑区NO.113,埋蔵文化財包蔵地,,[],宅地,都筑区,牛久保東一丁目16付近,縄文(早・中・後期)・古墳・歴史,129,猟場,低位台地上・斜面,130×130,,,
1716-1430,1716,1430,埋蔵文化財包蔵地,都筑区NO.114,都筑区NO.114,都筑区NO.114,牛久保東二丁目6付近,木道・他,調整池・他,谷地,,縄文(後期)・平安・近世,130,139.59170581,35.549240485,JsonThemeAroundPoint:x/y,139.591560243408,35.5491383046606,12094.6453269426,1,12,1716-1430,0,埋蔵文化財包蔵地,5,139.59170581,35.549240485,都筑区NO.114,都筑区,都筑区NO.114,埋蔵文化財包蔵地,,[],調整池・他,都筑区,牛久保東二丁目6付近,縄文(後期)・平安・近世,130,木道・他,谷地,,,,
1711-1430,1711,1430,埋蔵文化財包蔵地,都筑区NO.115,都筑区NO.115,都筑区NO.115,南山田二丁目17付近,集落跡,宅地,台地上,240×230,縄文(早・前・後期)・古墳・奈良・平安,131,139.592640435,35.55099456,JsonThemeAroundPoint:x/y,139.592613526864,35.5510653998286,12249.4510444826,1,12,1711-1430,0,埋蔵文化財包蔵地,5,139.592640435,35.55099456,都筑区NO.115,都筑区,都筑区NO.115,埋蔵文化財包蔵地,,[],宅地,都筑区,南山田二丁目17付近,縄文(早・前・後期)・古墳・奈良・平安,131,集落跡,台地上,240×230,,,
1710-1430,1710,1430,埋蔵文化財包蔵地,都筑区NO.116,都筑区NO.116,都筑区NO.116,南山田二丁目3付近,集落跡,宅地,台地斜面,120×110,平安・鎌倉・近世,132,139.59295032,35.55010738,JsonThemeAroundPoint:x/y,139.592922993076,35.5501092460191,12147.0443107296,1,12,1710-1430,0,埋蔵文化財包蔵地,5,139.59295032,35.55010738,都筑区NO.116,都筑区,都筑区NO.116,埋蔵文化財包蔵地,,[],宅地,都筑区,南山田二丁目3付近,平安・鎌倉・近世,132,集落跡,台地斜面,120×110,,,
1709-1430,1709,1430,埋蔵文化財包蔵地,都筑区NO.117,都筑区NO.117,都筑区NO.117,南山田二丁目3付近,火葬墓,雑木林,台地斜面,,歴史,133,139.59343465,35.54969306,JsonThemeAroundPoint:x/y,139.593435040733,35.5496930639994,12088.9607357786,1,12,1709-1430,0,埋蔵文化財包蔵地,5,139.59343465,35.54969306,都筑区NO.117,都筑区,都筑区NO.117,埋蔵文化財包蔵地,,[],雑木林,都筑区,南山田二丁目3付近,歴史,133,火葬墓,台地斜面,,,,
1714-1430,1714,1430,埋蔵文化財包蔵地,都筑区NO.118,都筑区NO.118,都筑区NO.118,牛久保東二丁目16付近,集落跡,宅地,台地上,250×250,縄文(早・中・後期)・弥生(後期),134,139.588910755,35.54795379,JsonThemeAroundPoint:x/y,139.588873629461,35.5478188020416,12051.1144520745,1,12,1714-1430,0,埋蔵文化財包蔵地,5,139.588910755,35.54795379,都筑区NO.118,都筑区,都筑区NO.118,埋蔵文化財包蔵地,,[],宅地,都筑区,牛久保東二丁目16付近,縄文(早・中・後期)・弥生(後期),134,集落跡,台地上,250×250,,,
1715-1430,1715,1430,埋蔵文化財包蔵地,都筑区NO.119,都筑区NO.119,都筑区NO.119,牛久保東三丁目4付近,集落跡,学校・畑地,台地上・斜面,270×150,縄文(早期)・弥生(後期)・古墳・歴史,135,139.59184358,35.54741887,JsonThemeAroundPoint:x/y,139.591895674195,35.547350235661,11900.2777341484,1,12,1715-1430,0,埋蔵文化財包蔵地,5,139.59184358,35.54741887,都筑区NO.119,都筑区,都筑区NO.119,埋蔵文化財包蔵地,,[],学校・畑地,都筑区,牛久保東三丁目4付近,縄文(早期)・弥生(後期)・古墳・歴史,135,集落跡,台地上・斜面,270×150,,,
1627-1430,1627,1430,埋蔵文化財包蔵地,都筑区NO.12,都筑区NO.12,都筑区NO.12,中川一丁目20付近,集落跡,宅地,丘陵上,80×80,縄文(早・前・中期)・中世,12,139.57349761,35.56161576,JsonThemeAroundPoint:x/y,139.573511145498,35.5615985105175,13997.3874190316,1,12,1627-1430,0,埋蔵文化財包蔵地,5,139.57349761,35.56161576,都筑区NO.12,都筑区,都筑区NO.12,埋蔵文化財包蔵地,,[],宅地,都筑区,中川一丁目20付近,縄文(早・前・中期)・中世,12,集落跡,丘陵上,80×80,,,
1718-1430,1718,1430,埋蔵文化財包蔵地,都筑区NO.120,都筑区NO.120,都筑区NO.120,大棚町73付近,散布地,学校・畑地,台地上,320×140,縄文(早・前・中期)・弥生(中期),136,139.59660374,35.54795069,JsonThemeAroundPoint:x/y,139.596484238556,35.5479029098169,11812.5284740077,1,12,1718-1430,0,埋蔵文化財包蔵地,5,139.59660374,35.54795069,都筑区NO.120,都筑区,都筑区NO.120,埋蔵文化財包蔵地,,[],学校・畑地,都筑区,大棚町73付近,縄文(早・前・中期)・弥生(中期),136,散布地,台地上,320×140,,,
1719-1430,1719,1430,埋蔵文化財包蔵地,都筑区NO.122,都筑区NO.122,都筑区NO.122,牛久保東三丁目6付近,散布地,雑木林,台地上,100×70,縄文(早期),138,139.592557025,35.54592749,JsonThemeAroundPoint:x/y,139.592571224347,35.5458913952881,11722.2341216191,1,12,1719-1430,0,埋蔵文化財包蔵地,5,139.592557025,35.54592749,都筑区NO.122,都筑区,都筑区NO.122,埋蔵文化財包蔵地,,[],雑木林,都筑区,牛久保東三丁目6付近,縄文(早期),138,散布地,台地上,100×70,,,
1717-1430,1717,1430,埋蔵文化財包蔵地,都筑区NO.123,都筑区NO.123,都筑区NO.123,牛久保東一丁目4付近,集落跡,宅地,台地上,230×130,縄文(早・前・中期)・古墳・歴史,114,139.58564354,35.548673435,JsonThemeAroundPoint:x/y,139.585767024678,35.5487336699825,12236.8020412538,1,12,1717-1430,0,埋蔵文化財包蔵地,5,139.58564354,35.548673435,都筑区NO.123,都筑区,都筑区NO.123,埋蔵文化財包蔵地,,[],宅地,都筑区,牛久保東一丁目4付近,縄文(早・前・中期)・古墳・歴史,114,集落跡,台地上,230×130,,,
1704-1430,1704,1430,埋蔵文化財包蔵地,都筑区NO.126,都筑区NO.126,都筑区NO.126,南山田三丁目43付近,集落跡・塚,宅地,台地上,350×120,縄文(早・中期)・弥生(後期)・平安・歴史,174,139.598387555,35.55457872,JsonThemeAroundPoint:x/y,139.598353154212,35.5546015905478,12467.1071713656,1,12,1704-1430,0,埋蔵文化財包蔵地,5,139.598387555,35.55457872,都筑区NO.126,都筑区,都筑区NO.126,埋蔵文化財包蔵地,,[],宅地,都筑区,南山田三丁目43付近,縄文(早・中期)・弥生(後期)・平安・歴史,174,集落跡・塚,台地上,350×120,,,
1721-1430,1721,1430,埋蔵文化財包蔵地,都筑区NO.127,都筑区NO.127,都筑区NO.127,南山田三丁目40付近,集落跡,宅地・荒地,台地上,230×110,縄文(早・前期),175,139.5984873,35.552089755,JsonThemeAroundPoint:x/y,139.598577945192,35.5520297311184,12199.4170098554,1,12,1721-1430,0,埋蔵文化財包蔵地,5,139.5984873,35.552089755,都筑区NO.127,都筑区,都筑区NO.127,埋蔵文化財包蔵地,,[],宅地・荒地,都筑区,南山田三丁目40付近,縄文(早・前期),175,集落跡,台地上,230×110,,,
1722-1430,1722,1430,埋蔵文化財包蔵地,都筑区NO.128,都筑区NO.128,都筑区NO.128,南山田町4830付近,散布地,雑木林,台地斜面,110×50,縄文(後期)・古墳以降,176,139.59836654,35.551078395,JsonThemeAroundPoint:x/y,139.598325493196,35.5510470335181,12095.0702429224,1,12,1722-1430,0,埋蔵文化財包蔵地,5,139.59836654,35.551078395,都筑区NO.128,都筑区,都筑区NO.128,埋蔵文化財包蔵地,,[],雑木林,都筑区,南山田町4830付近,縄文(後期)・古墳以降,176,散布地,台地斜面,110×50,,,
1724-1430,1724,1430,埋蔵文化財包蔵地,都筑区NO.129,都筑区NO.129,都筑区NO.129,南山田三丁目32付近,集落跡,宅地,台地上,300×100,縄文(早期)・弥生(後期)・平安・江戸,177,139.60020576,35.553254715,JsonThemeAroundPoint:x/y,139.600370604906,35.5532278299426,12279.3717643584,1,12,1724-1430,0,埋蔵文化財包蔵地,5,139.60020576,35.553254715,都筑区NO.129,都筑区,都筑区NO.129,埋蔵文化財包蔵地,,[],宅地,都筑区,南山田三丁目32付近,縄文(早期)・弥生(後期)・平安・江戸,177,集落跡,台地上,300×100,,,
1628-1430,1628,1430,埋蔵文化財包蔵地,都筑区NO.13,都筑区NO.13,都筑区NO.13,牛久保西四丁目18付近,集落跡,宅地,台地上,110×70,縄文(早・前・中期),13,139.574651625,35.561219385,JsonThemeAroundPoint:x/y,139.574707190011,35.5611494838345,13913.9928531728,1,12,1628-1430,0,埋蔵文化財包蔵地,5,139.574651625,35.561219385,都筑区NO.13,都筑区,都筑区NO.13,埋蔵文化財包蔵地,,[],宅地,都筑区,牛久保西四丁目18付近,縄文(早・前・中期),13,集落跡,台地上,110×70,,,
1723-1430,1723,1430,埋蔵文化財包蔵地,都筑区NO.130,都筑区NO.130,都筑区NO.130,南山田町3795付近,散布地,神社,台地上,80×50,古墳・歴史,178,139.601119735,35.551676775,JsonThemeAroundPoint:x/y,139.601064465766,35.5517090760046,12087.7946912061,1,12,1723-1430,0,埋蔵文化財包蔵地,5,139.601119735,35.551676775,都筑区NO.130,都筑区,都筑区NO.130,埋蔵文化財包蔵地,,[],神社,都筑区,南山田町3795付近,古墳・歴史,178,散布地,台地上,80×50,,,
1726-1430,1726,1430,埋蔵文化財包蔵地,都筑区NO.131,都筑区NO.131,都筑区NO.131,東山田三丁目24付近,猟場,宅地,台地斜面,130×110,縄文(早・前期),179,139.60545318,35.5556571,JsonThemeAroundPoint:x/y,139.605345167096,35.5555395369039,12415.74221057,1,12,1726-1430,0,埋蔵文化財包蔵地,5,139.60545318,35.5556571,都筑区NO.131,都筑区,都筑区NO.131,埋蔵文化財包蔵地,,[],宅地,都筑区,東山田三丁目24付近,縄文(早・前期),179,猟場,台地斜面,130×110,,,
1725-1430,1725,1430,埋蔵文化財包蔵地,都筑区NO.133,都筑区NO.133,都筑区NO.133,東山田三丁目20付近,散布地,宅地,丘陵上,150×60,縄文(前・中期)・古墳,181,139.60445453,35.55412328,JsonThemeAroundPoint:x/y,139.604394508886,35.5540975690653,12271.9281678113,1,12,1725-1430,0,埋蔵文化財包蔵地,5,139.60445453,35.55412328,都筑区NO.133,都筑区,都筑区NO.133,埋蔵文化財包蔵地,,[],宅地,都筑区,東山田三丁目20付近,縄文(前・中期)・古墳,181,散布地,丘陵上,150×60,,,
1727-1430,1727,1430,埋蔵文化財包蔵地,都筑区NO.134,都筑区NO.134,都筑区NO.134,東山田町1353付近,散布地,雑木林,台地上,130×70,縄文(中期)・古墳・歴史,182,139.607714295,35.554895835,JsonThemeAroundPoint:x/y,139.607691469601,35.5548577803558,12286.43833728,1,12,1727-1430,0,埋蔵文化財包蔵地,5,139.607714295,35.554895835,都筑区NO.134,都筑区,都筑区NO.134,埋蔵文化財包蔵地,,[],雑木林,都筑区,東山田町1353付近,縄文(中期)・古墳・歴史,182,散布地,台地上,130×70,,,
1740-1430,1740,1430,埋蔵文化財包蔵地,都筑区NO.135,都筑区NO.135,都筑区NO.135,東山田町1506付近,散布地,畑地,台地上,150×120,縄文(早・中期)・弥生・古墳・歴史,183,139.61336593,35.5543634,JsonThemeAroundPoint:x/y,139.613251679806,35.5544012505155,12124.9568636163,1,12,1740-1430,0,埋蔵文化財包蔵地,5,139.61336593,35.5543634,都筑区NO.135,都筑区,都筑区NO.135,埋蔵文化財包蔵地,,[],畑地,都筑区,東山田町1506付近,縄文(早・中期)・弥生・古墳・歴史,183,散布地,台地上,150×120,,,
1743-1430,1743,1430,埋蔵文化財包蔵地,都筑区NO.136,都筑区NO.136,都筑区NO.136,早渕三丁目33付近,集落跡,宅地,台地上,180×180,先土器・縄文(早・前・中期)・弥生・古墳・奈良・平安,184,139.607819985,35.5482706,JsonThemeAroundPoint:x/y,139.607607152866,35.5482316760328,11566.6326529905,1,12,1743-1430,0,埋蔵文化財包蔵地,5,139.607819985,35.5482706,都筑区NO.136,都筑区,都筑区NO.136,埋蔵文化財包蔵地,,[],宅地,都筑区,早渕三丁目33付近,先土器・縄文(早・前・中期)・弥生・古墳・奈良・平安,184,集落跡,台地上,180×180,,,
1744-1430,1744,1430,埋蔵文化財包蔵地,都筑区NO.137,都筑区NO.137,都筑区NO.137,早渕三丁目30付近,集落跡,宅地,台地上,330×130,先土器・縄文(早～後期)・弥生(後期)・古墳(前期)・平安,185,139.60660202,35.54632696,JsonThemeAroundPoint:x/y,139.60645273388,35.5462898884264,11383.425016338,1,12,1744-1430,0,埋蔵文化財包蔵地,5,139.60660202,35.54632696,都筑区NO.137,都筑区,都筑区NO.137,埋蔵文化財包蔵地,,[],宅地,都筑区,早渕三丁目30付近,先土器・縄文(早～後期)・弥生(後期)・古墳(前期)・平安,185,集落跡,台地上,330×130,,,
1745-1430,1745,1430,埋蔵文化財包蔵地,都筑区NO.138,都筑区NO.138,都筑区NO.138,早渕三丁目22付近,集落跡,道路用地,台地上,160×110,先土器・縄文(早・中期)・弥生(後期)・古墳(前期)・平安,186,139.60598115,35.544143655,JsonThemeAroundPoint:x/y,139.605999431026,35.5441035787727,11162.6733215201,1,12,1745-1430,0,埋蔵文化財包蔵地,5,139.60598115,35.544143655,都筑区NO.138,都筑区,都筑区NO.138,埋蔵文化財包蔵地,,[],道路用地,都筑区,早渕三丁目22付近,先土器・縄文(早・中期)・弥生(後期)・古墳(前期)・平安,186,集落跡,台地上,160×110,,,
1746-1430,1746,1430,埋蔵文化財包蔵地,都筑区NO.139,都筑区NO.139,都筑区NO.139,早渕三丁目7付近,集落跡,宅地・畑地,台地上,430×260,先土器・縄文(早・前・中期)・弥生(中・後期)・古墳・奈良・平安・近世,187,139.603876465,35.54611676,JsonThemeAroundPoint:x/y,139.603989548746,35.5459992936599,11424.656333448,1,12,1746-1430,0,埋蔵文化財包蔵地,5,139.603876465,35.54611676,都筑区NO.139,都筑区,都筑区NO.139,埋蔵文化財包蔵地,,[],宅地・畑地,都筑区,早渕三丁目7付近,先土器・縄文(早・前・中期)・弥生(中・後期)・古墳・奈良・平安・近世,187,集落跡,台地上,430×260,,,
1629-1430,1629,1430,埋蔵文化財包蔵地,都筑区NO.14,都筑区NO.14,都筑区NO.14,中川一丁目9付近,集落跡,宅地,台地上,110×70,縄文(早・前・中期・晩期)・中近世,14,139.57300755,35.5605704,JsonThemeAroundPoint:x/y,139.573059863285,35.5605389836673,13910.3962780247,1,12,1629-1430,0,埋蔵文化財包蔵地,5,139.57300755,35.5605704,都筑区NO.14,都筑区,都筑区NO.14,埋蔵文化財包蔵地,,[],宅地,都筑区,中川一丁目9付近,縄文(早・前・中期・晩期)・中近世,14,集落跡,台地上,110×70,,,
1764-1430,1764,1430,埋蔵文化財包蔵地,都筑区NO.140,都筑区NO.140,都筑区NO.140,荏田南五丁目10付近,集落跡,宅地,台地上,300×130,縄文(早・後期)・古墳・奈良,70,139.56183576,35.543724765,JsonThemeAroundPoint:x/y,139.561882014447,35.5435712413474,12753.2843953571,1,12,1764-1430,0,埋蔵文化財包蔵地,5,139.56183576,35.543724765,都筑区NO.140,都筑区,都筑区NO.140,埋蔵文化財包蔵地,,[],宅地,都筑区,荏田南五丁目10付近,縄文(早・後期)・古墳・奈良,70,集落跡,台地上,300×130,,,
1763-1430,1763,1430,埋蔵文化財包蔵地,都筑区NO.141,都筑区NO.141,都筑区NO.141,荏田南二丁目8付近,集落跡,宅地,台地上,80×70,縄文(中・後期)・古墳(後期),71,139.56010115,35.543053045,JsonThemeAroundPoint:x/y,139.559971959161,35.5430740560503,12776.3364604089,1,12,1763-1430,0,埋蔵文化財包蔵地,5,139.56010115,35.543053045,都筑区NO.141,都筑区,都筑区NO.141,埋蔵文化財包蔵地,,[],宅地,都筑区,荏田南二丁目8付近,縄文(中・後期)・古墳(後期),71,集落跡,台地上,80×70,,,
1748-1430,1748,1430,埋蔵文化財包蔵地,都筑区NO.142,都筑区NO.142,都筑区NO.142,荏田南三丁目12付近,集落跡,宅地,台地斜面,120×60,縄文(早・後期)・古墳(後期),72,139.55766727,35.543325645,JsonThemeAroundPoint:x/y,139.557777933926,35.5433149420488,12924.2223371466,1,12,1748-1430,0,埋蔵文化財包蔵地,5,139.55766727,35.543325645,都筑区NO.142,都筑区,都筑区NO.142,埋蔵文化財包蔵地,,[],宅地,都筑区,荏田南三丁目12付近,縄文(早・後期)・古墳(後期),72,集落跡,台地斜面,120×60,,,
1749-1430,1749,1430,埋蔵文化財包蔵地,都筑区NO.143,都筑区NO.143,都筑区NO.143,荏田南三丁目26付近,集落跡・猟場,宅地,台地上,180×130,縄文(早・中期)・歴史,73,139.55682603,35.542197755,JsonThemeAroundPoint:x/y,139.556718532442,35.542241554117,12863.9077853009,1,12,1749-1430,0,埋蔵文化財包蔵地,5,139.55682603,35.542197755,都筑区NO.143,都筑区,都筑区NO.143,埋蔵文化財包蔵地,,[],宅地,都筑区,荏田南三丁目26付近,縄文(早・中期)・歴史,73,集落跡・猟場,台地上,180×130,,,
1750-1430,1750,1430,埋蔵文化財包蔵地,都筑区NO.144,都筑区NO.144,都筑区NO.144,荏田南三丁目20付近,散布地,宅地,丘陵上,100×70,縄文(前・中期),74,139.55588305,35.541304415,JsonThemeAroundPoint:x/y,139.555894629375,35.5413177440207,12831.6101667584,1,12,1750-1430,0,埋蔵文化財包蔵地,5,139.55588305,35.541304415,都筑区NO.144,都筑区,都筑区NO.144,埋蔵文化財包蔵地,,[],宅地,都筑区,荏田南三丁目20付近,縄文(前・中期),74,散布地,丘陵上,100×70,,,
1761-1430,1761,1430,埋蔵文化財包蔵地,都筑区NO.145,都筑区NO.145,都筑区NO.145,荏田南二丁目5付近,集落跡,宅地,台地上,160×160,縄文(早・前・中・後期),75,139.559729805,35.54159582,JsonThemeAroundPoint:x/y,139.559887267665,35.5415224811185,12660.1141675517,1,12,1761-1430,0,埋蔵文化財包蔵地,5,139.559729805,35.54159582,都筑区NO.145,都筑区,都筑区NO.145,埋蔵文化財包蔵地,,[],宅地,都筑区,荏田南二丁目5付近,縄文(早・前・中・後期),75,集落跡,台地上,160×160,,,
1760-1430,1760,1430,埋蔵文化財包蔵地,都筑区NO.146,都筑区NO.146,都筑区NO.146,荏田南一丁目20付近,集落跡,宅地,丘陵上,150×120,縄文(早・前・中・後期),76,139.561782835,35.54132457,JsonThemeAroundPoint:x/y,139.561983557988,35.5412399431535,12531.9224158794,1,12,1760-1430,0,埋蔵文化財包蔵地,5,139.561782835,35.54132457,都筑区NO.146,都筑区,都筑区NO.146,埋蔵文化財包蔵地,,[],宅地,都筑区,荏田南一丁目20付近,縄文(早・前・中・後期),76,集落跡,丘陵上,150×120,,,
1759-1430,1759,1430,埋蔵文化財包蔵地,都筑区NO.148,都筑区NO.148,都筑区NO.148,荏田南一丁目20付近,集落跡,宅地,台地上・斜面,140×120,縄文(早・前・中期),78,139.56145627,35.540599025,JsonThemeAroundPoint:x/y,139.561326600895,35.5406074462679,12480.9305813675,1,12,1759-1430,0,埋蔵文化財包蔵地,5,139.56145627,35.540599025,都筑区NO.148,都筑区,都筑区NO.148,埋蔵文化財包蔵地,,[],宅地,都筑区,荏田南一丁目20付近,縄文(早・前・中期),78,集落跡,台地上・斜面,140×120,,,
1762-1430,1762,1430,埋蔵文化財包蔵地,都筑区NO.149,都筑区NO.149,都筑区NO.149,荏田南一丁目20付近,散布地,宅地,台地斜面,160×80,縄文(前・中期),79,139.561405825,35.539304095,JsonThemeAroundPoint:x/y,139.561462716556,35.5392180465031,12363.8174451246,1,12,1762-1430,0,埋蔵文化財包蔵地,5,139.561405825,35.539304095,都筑区NO.149,都筑区,都筑区NO.149,埋蔵文化財包蔵地,,[],宅地,都筑区,荏田南一丁目20付近,縄文(前・中期),79,散布地,台地斜面,160×80,,,
1669-1430,1669,1430,埋蔵文化財包蔵地,都筑区NO.15,都筑区NO.15,都筑区NO.15,中川三丁目10付近,集落跡,宅地,低位台地上,170×90,縄文(早・中期)・弥生(中期)・平安・中世,15,139.566939815,35.55963537,JsonThemeAroundPoint:x/y,139.566851989968,35.5596017279583,14058.5045978038,1,12,1669-1430,0,埋蔵文化財包蔵地,5,139.566939815,35.55963537,都筑区NO.15,都筑区,都筑区NO.15,埋蔵文化財包蔵地,,[],宅地,都筑区,中川三丁目10付近,縄文(早・中期)・弥生(中期)・平安・中世,15,集落跡,低位台地上,170×90,,,
1756-1430,1756,1430,埋蔵文化財包蔵地,都筑区NO.150,都筑区NO.150,都筑区NO.150,荏田南二丁目25付近,集落跡,宅地,丘陵上,40×20,縄文(中期),80,139.559577165,35.539490785,JsonThemeAroundPoint:x/y,139.559547169559,35.5394713848355,12474.4040785615,1,12,1756-1430,0,埋蔵文化財包蔵地,5,139.559577165,35.539490785,都筑区NO.150,都筑区,都筑区NO.150,埋蔵文化財包蔵地,,[],宅地,都筑区,荏田南二丁目25付近,縄文(中期),80,集落跡,丘陵上,40×20,,,
1755-1430,1755,1430,埋蔵文化財包蔵地,都筑区NO.151,都筑区NO.151,都筑区NO.151,荏田南二丁目25付近,集落跡,宅地,台地上,190×110,縄文(後期),81,139.558091695,35.54015567,JsonThemeAroundPoint:x/y,139.558141443466,35.5399675594014,12611.9273032854,1,12,1755-1430,0,埋蔵文化財包蔵地,5,139.558091695,35.54015567,都筑区NO.151,都筑区,都筑区NO.151,埋蔵文化財包蔵地,,[],宅地,都筑区,荏田南二丁目25付近,縄文(後期),81,集落跡,台地上,190×110,,,
1751-1430,1751,1430,埋蔵文化財包蔵地,都筑区NO.152,都筑区NO.152,都筑区NO.152,荏田南三丁目36付近,集落跡,宅地,台地上,120×100,縄文(早・中期),82,139.555416755,35.539225085,JsonThemeAroundPoint:x/y,139.555404230847,35.5391468286954,12668.4352095734,1,12,1751-1430,0,埋蔵文化財包蔵地,5,139.555416755,35.539225085,都筑区NO.152,都筑区,都筑区NO.152,埋蔵文化財包蔵地,,[],宅地,都筑区,荏田南三丁目36付近,縄文(早・中期),82,集落跡,台地上,120×100,,,
1754-1430,1754,1430,埋蔵文化財包蔵地,都筑区NO.153,都筑区NO.153,都筑区NO.153,大丸23付近,猟場,宅地,台地上・斜面,280×110,縄文(早・中期),83,139.55740148,35.537888495,JsonThemeAroundPoint:x/y,139.557375841068,35.5380488282582,12442.4666482147,1,12,1754-1430,0,埋蔵文化財包蔵地,5,139.55740148,35.537888495,都筑区NO.153,都筑区,都筑区NO.153,埋蔵文化財包蔵地,,[],宅地,都筑区,大丸23付近,縄文(早・中期),83,猟場,台地上・斜面,280×110,,,
1773-1430,1773,1430,埋蔵文化財包蔵地,都筑区NO.154,都筑区NO.154,都筑区NO.154,大丸12付近,集落跡,宅地,台地斜面,80×70,縄文(前・後期),84,139.560958435,35.53780427,JsonThemeAroundPoint:x/y,139.560959466417,35.5377336087057,12248.8887450036,1,12,1773-1430,0,埋蔵文化財包蔵地,5,139.560958435,35.53780427,都筑区NO.154,都筑区,都筑区NO.154,埋蔵文化財包蔵地,,[],宅地,都筑区,大丸12付近,縄文(前・後期),84,集落跡,台地斜面,80×70,,,
1757-1430,1757,1430,埋蔵文化財包蔵地,都筑区NO.155,都筑区NO.155,都筑区NO.155,荏田南二丁目5付近,集落跡,宅地,低位段丘上,130×70,縄文(早・後期),426,139.56036257,35.53997254,JsonThemeAroundPoint:x/y,139.560376532328,35.5400600597626,12478.4079026873,1,12,1757-1430,0,埋蔵文化財包蔵地,5,139.56036257,35.53997254,都筑区NO.155,都筑区,都筑区NO.155,埋蔵文化財包蔵地,,[],宅地,都筑区,荏田南二丁目5付近,縄文(早・後期),426,集落跡,低位段丘上,130×70,,,
1766-1430,1766,1430,埋蔵文化財包蔵地,都筑区NO.156,都筑区NO.156,都筑区NO.156,荏田東三丁目7付近,猟場・塚,宅地,台地上,30×30,縄文(早期)・歴史,141,139.566086415,35.544275745,JsonThemeAroundPoint:x/y,139.56605798283,35.5442755373999,12602.1505479478,1,12,1766-1430,0,埋蔵文化財包蔵地,5,139.566086415,35.544275745,都筑区NO.156,都筑区,都筑区NO.156,埋蔵文化財包蔵地,,[],宅地,都筑区,荏田東三丁目7付近,縄文(早期)・歴史,141,猟場・塚,台地上,30×30,,,
1765-1430,1765,1430,埋蔵文化財包蔵地,都筑区NO.157,都筑区NO.157,都筑区NO.157,荏田東三丁目1付近,散布地,宅地,丘陵斜面,120×80,縄文(早・中期),142,139.564186345,35.543366155,JsonThemeAroundPoint:x/y,139.564168353691,35.5432866162042,12605.7625045826,1,12,1765-1430,0,埋蔵文化財包蔵地,5,139.564186345,35.543366155,都筑区NO.157,都筑区,都筑区NO.157,埋蔵文化財包蔵地,,[],宅地,都筑区,荏田東三丁目1付近,縄文(早・中期),142,散布地,丘陵斜面,120×80,,,
1767-1430,1767,1430,埋蔵文化財包蔵地,都筑区NO.158,都筑区NO.158,都筑区NO.158,荏田東三丁目1付近,集落跡,宅地,丘陵上・斜面,140×130,縄文(早・前・中・後期),143,139.564645105,35.541862445,JsonThemeAroundPoint:x/y,139.564452701142,35.5418487179085,12441.9173459036,1,12,1767-1430,0,埋蔵文化財包蔵地,5,139.564645105,35.541862445,都筑区NO.158,都筑区,都筑区NO.158,埋蔵文化財包蔵地,,[],宅地,都筑区,荏田東三丁目1付近,縄文(早・前・中・後期),143,集落跡,丘陵上・斜面,140×130,,,
1768-1430,1768,1430,埋蔵文化財包蔵地,都筑区NO.159,都筑区NO.159,都筑区NO.159,荏田東三丁目2付近,散布地,宅地,丘陵上,110×60,縄文,144,139.56557988,35.54111117,JsonThemeAroundPoint:x/y,139.565571124637,35.5411065666449,12326.0955045662,1,12,1768-1430,0,埋蔵文化財包蔵地,5,139.56557988,35.54111117,都筑区NO.159,都筑区,都筑区NO.159,埋蔵文化財包蔵地,,[],宅地,都筑区,荏田東三丁目2付近,縄文,144,散布地,丘陵上,110×60,,,
1670-1430,1670,1430,埋蔵文化財包蔵地,都筑区NO.16,都筑区NO.16,都筑区NO.16,中川三丁目16付近,集落跡,宅地,低位台地上,150×90,縄文(早・中期)・弥生(中期)・古墳(前・後期),16,139.56658047,35.5585006,JsonThemeAroundPoint:x/y,139.566647330553,35.5585671190724,13961.3208762801,1,12,1670-1430,0,埋蔵文化財包蔵地,5,139.56658047,35.5585006,都筑区NO.16,都筑区,都筑区NO.16,埋蔵文化財包蔵地,,[],宅地,都筑区,中川三丁目16付近,縄文(早・中期)・弥生(中期)・古墳(前・後期),16,集落跡,低位台地上,150×90,,,
1770-1430,1770,1430,埋蔵文化財包蔵地,都筑区NO.160,都筑区NO.160,都筑区NO.160,荏田東三丁目2付近,散布地,公園,台地上,110×70,縄文(前・中・後期),145,139.565312295,35.540120685,JsonThemeAroundPoint:x/y,139.565296212408,35.5401293405344,12245.824182813,1,12,1770-1430,0,埋蔵文化財包蔵地,5,139.565312295,35.540120685,都筑区NO.160,都筑区,都筑区NO.160,埋蔵文化財包蔵地,,[],公園,都筑区,荏田東三丁目2付近,縄文(前・中・後期),145,散布地,台地上,110×70,,,
1769-1430,1769,1430,埋蔵文化財包蔵地,都筑区NO.161,都筑区NO.161,都筑区NO.161,荏田南一丁目16付近,散布地,宅地,丘陵斜面,80×70,縄文(前期),146,139.56415269,35.539884965,JsonThemeAroundPoint:x/y,139.564136930779,35.5398487312067,12280.4563837146,1,12,1769-1430,0,埋蔵文化財包蔵地,5,139.56415269,35.539884965,都筑区NO.161,都筑区,都筑区NO.161,埋蔵文化財包蔵地,,[],宅地,都筑区,荏田南一丁目16付近,縄文(前期),146,散布地,丘陵斜面,80×70,,,
1772-1430,1772,1430,埋蔵文化財包蔵地,都筑区NO.162,都筑区NO.162,都筑区NO.162,荏田南一丁目15付近,散布地,宅地,台地上,110×100,縄文(前・中期),147,139.5632419,35.53865572,JsonThemeAroundPoint:x/y,139.563199590006,35.5385934427778,12211.31280958,1,12,1772-1430,0,埋蔵文化財包蔵地,5,139.5632419,35.53865572,都筑区NO.162,都筑区,都筑区NO.162,埋蔵文化財包蔵地,,[],宅地,都筑区,荏田南一丁目15付近,縄文(前・中期),147,散布地,台地上,110×100,,,
1775-1430,1775,1430,埋蔵文化財包蔵地,都筑区NO.163,都筑区NO.163,都筑区NO.163,荏田南一丁目13付近,散布地,宅地,台地斜面,80×60,縄文(早・前・中期)・古墳・歴史,148,139.56391988,35.53799636,JsonThemeAroundPoint:x/y,139.563900024204,35.5379580640347,12116.2256583522,1,12,1775-1430,0,埋蔵文化財包蔵地,5,139.56391988,35.53799636,都筑区NO.163,都筑区,都筑区NO.163,埋蔵文化財包蔵地,,[],宅地,都筑区,荏田南一丁目13付近,縄文(早・前・中期)・古墳・歴史,148,散布地,台地斜面,80×60,,,
1771-1430,1771,1430,埋蔵文化財包蔵地,都筑区NO.164,都筑区NO.164,都筑区NO.164,荏田東二丁目11付近,散布地,宅地,丘陵斜面,150×90,縄文,149,139.56561368,35.53893186,JsonThemeAroundPoint:x/y,139.56554039886,35.5389192249895,12119.6352478149,1,12,1771-1430,0,埋蔵文化財包蔵地,5,139.56561368,35.53893186,都筑区NO.164,都筑区,都筑区NO.164,埋蔵文化財包蔵地,,[],宅地,都筑区,荏田東二丁目11付近,縄文,149,散布地,丘陵斜面,150×90,,,
1883-1430,1883,1430,埋蔵文化財包蔵地,都筑区NO.165,都筑区NO.165,都筑区NO.165,茅ヶ崎中央33付近,散布地,宅地,台地上,110×70,縄文(前・中期)・古墳,150,139.57415567,35.54268626,JsonThemeAroundPoint:x/y,139.574090390827,35.5426583023887,12085.6101387289,1,12,1883-1430,0,埋蔵文化財包蔵地,5,139.57415567,35.54268626,都筑区NO.165,都筑区,都筑区NO.165,埋蔵文化財包蔵地,,[],宅地,都筑区,茅ヶ崎中央33付近,縄文(前・中期)・古墳,150,散布地,台地上,110×70,,,
1885-1430,1885,1430,埋蔵文化財包蔵地,都筑区NO.166,都筑区NO.166,都筑区NO.166,茅ヶ崎中央1付近,集落跡・墓地,宅地,台地上,240×150,縄文(早・前・後期)・古墳・奈良・歴史,151,139.57840605,35.54218243,JsonThemeAroundPoint:x/y,139.578479848108,35.5421754749887,11856.752426872,1,12,1885-1430,0,埋蔵文化財包蔵地,5,139.57840605,35.54218243,都筑区NO.166,都筑区,都筑区NO.166,埋蔵文化財包蔵地,,[],宅地,都筑区,茅ヶ崎中央1付近,縄文(早・前・後期)・古墳・奈良・歴史,151,集落跡・墓地,台地上,240×150,,,
1887-1430,1887,1430,埋蔵文化財包蔵地,都筑区NO.167,都筑区NO.167,都筑区NO.167,茅ヶ崎東二丁目25付近,集落跡？,宅地,台地上,90×60,縄文？,152,139.58056132,35.54184261,JsonThemeAroundPoint:x/y,139.580540121802,35.5418092309863,11735.5115629257,1,12,1887-1430,0,埋蔵文化財包蔵地,5,139.58056132,35.54184261,都筑区NO.167,都筑区,都筑区NO.167,埋蔵文化財包蔵地,,[],宅地,都筑区,茅ヶ崎東二丁目25付近,縄文？,152,集落跡？,台地上,90×60,,,
1888-1430,1888,1430,埋蔵文化財包蔵地,都筑区NO.168,都筑区NO.168,都筑区NO.168,茅ヶ崎東二丁目25付近,城跡,畑地・雑木林,台地上とその周辺,350×200,縄文(前・中期)・中世,153,139.582736385,35.541624575,JsonThemeAroundPoint:x/y,139.582737084529,35.5416242365574,11627.8805550695,1,12,1888-1430,0,埋蔵文化財包蔵地,5,139.582736385,35.541624575,都筑区NO.168,都筑区,都筑区NO.168,埋蔵文化財包蔵地,,[],畑地・雑木林,都筑区,茅ヶ崎東二丁目25付近,縄文(前・中期)・中世,153,城跡,台地上とその周辺,350×200,,,
1886-1430,1886,1430,埋蔵文化財包蔵地,都筑区NO.169,都筑区NO.169,都筑区NO.169,茅ヶ崎中央6付近,集落跡・墓地,宅地,台地上,200×90,縄文(早・中期)・弥生(後期)・平安・中世,154,139.578083195,35.54120478,JsonThemeAroundPoint:x/y,139.578021756684,35.5411561681387,11773.3397244001,1,12,1886-1430,0,埋蔵文化財包蔵地,5,139.578083195,35.54120478,都筑区NO.169,都筑区,都筑区NO.169,埋蔵文化財包蔵地,,[],宅地,都筑区,茅ヶ崎中央6付近,縄文(早・中期)・弥生(後期)・平安・中世,154,集落跡・墓地,台地上,200×90,,,
470-1430,470,1430,埋蔵文化財包蔵地,都筑区NO.17,都筑区NO.17,都筑区NO.17,中川四丁目9付近,塚？,宅地,丘陵上,40×40,(不明),17,139.56859212,35.55659648,JsonThemeAroundPoint:x/y,139.568592096078,35.556603922738,13689.3815690256,1,12,470-1430,0,埋蔵文化財包蔵地,5,139.56859212,35.55659648,都筑区NO.17,都筑区,都筑区NO.17,埋蔵文化財包蔵地,,[],宅地,都筑区,中川四丁目9付近,(不明),17,塚？,丘陵上,40×40,,,
483-1430,483,1430,埋蔵文化財包蔵地,都筑区NO.171,都筑区NO.171,都筑区NO.171,茅ヶ崎中央14付近,散布地,宅地,台地上,100×80,縄文(早期)・古墳,156,139.576755295,35.54000022,JsonThemeAroundPoint:x/y,139.576755256115,35.5400115001185,11710.794044118,1,12,483-1430,0,埋蔵文化財包蔵地,5,139.576755295,35.54000022,都筑区NO.171,都筑区,都筑区NO.171,埋蔵文化財包蔵地,,[],宅地,都筑区,茅ヶ崎中央14付近,縄文(早期)・古墳,156,散布地,台地上,100×80,,,
1881-1430,1881,1430,埋蔵文化財包蔵地,都筑区NO.172,都筑区NO.172,都筑区NO.172,茅ヶ崎中央26付近,猟場,宅地,台地上,160×80,縄文(早期),157,139.57394875,35.53919318,JsonThemeAroundPoint:x/y,139.574012107547,35.5391551376217,11754.7296916139,1,12,1881-1430,0,埋蔵文化財包蔵地,5,139.57394875,35.53919318,都筑区NO.172,都筑区,都筑区NO.172,埋蔵文化財包蔵地,,[],宅地,都筑区,茅ヶ崎中央26付近,縄文(早期),157,猟場,台地上,160×80,,,
1880-1430,1880,1430,埋蔵文化財包蔵地,都筑区NO.173,都筑区NO.173,都筑区NO.173,茅ヶ崎南五丁目7付近,猟場,宅地,丘陵上,70×50,縄文(早期),158,139.572834745,35.53839899,JsonThemeAroundPoint:x/y,139.572868745244,35.538371614866,11728.2054872327,1,12,1880-1430,0,埋蔵文化財包蔵地,5,139.572834745,35.53839899,都筑区NO.173,都筑区,都筑区NO.173,埋蔵文化財包蔵地,,[],宅地,都筑区,茅ヶ崎南五丁目7付近,縄文(早期),158,猟場,丘陵上,70×50,,,
1882-1430,1882,1430,埋蔵文化財包蔵地,都筑区NO.174,都筑区NO.174,都筑区NO.174,茅ヶ崎中央16付近,猟場,宅地,台地上,250×100,縄文(早・前・中期),159,139.576125235,35.538283285,JsonThemeAroundPoint:x/y,139.575978959788,35.5381511606174,11570.2174068598,1,12,1882-1430,0,埋蔵文化財包蔵地,5,139.576125235,35.538283285,都筑区NO.174,都筑区,都筑区NO.174,埋蔵文化財包蔵地,,[],宅地,都筑区,茅ヶ崎中央16付近,縄文(早・前・中期),159,猟場,台地上,250×100,,,
1889-1430,1889,1430,埋蔵文化財包蔵地,都筑区NO.175,都筑区NO.175,都筑区NO.175,茅ヶ崎東三丁目2付近,キャンプ場,宅地,台地上,320×170,縄文(早・前・中期),160,139.579963025,35.538703835,JsonThemeAroundPoint:x/y,139.579920141188,35.5385610515358,11447.98084449,1,12,1889-1430,0,埋蔵文化財包蔵地,5,139.579963025,35.538703835,都筑区NO.175,都筑区,都筑区NO.175,埋蔵文化財包蔵地,,[],宅地,都筑区,茅ヶ崎東三丁目2付近,縄文(早・前・中期),160,キャンプ場,台地上,320×170,,,
1891-1430,1891,1430,埋蔵文化財包蔵地,都筑区NO.176,都筑区NO.176,都筑区NO.176,茅ヶ崎東三丁目5付近,猟場,宅地,台地上,220×200,縄文(早・前・中期)・歴史,161,139.582015785,35.53844692,JsonThemeAroundPoint:x/y,139.582157477514,35.5384087656617,11338.4841460627,1,12,1891-1430,0,埋蔵文化財包蔵地,5,139.582015785,35.53844692,都筑区NO.176,都筑区,都筑区NO.176,埋蔵文化財包蔵地,,[],宅地,都筑区,茅ヶ崎東三丁目5付近,縄文(早・前・中期)・歴史,161,猟場,台地上,220×200,,,
1895-1430,1895,1430,埋蔵文化財包蔵地,都筑区NO.177,都筑区NO.177,都筑区NO.177,茅ヶ崎東二丁目3付近,集落跡,学校・宅地,台地上,200×100,縄文(早・前・中期),162,139.583891985,35.538052945,JsonThemeAroundPoint:x/y,139.583936939793,35.5380298852184,11224.2828927184,1,12,1895-1430,0,埋蔵文化財包蔵地,5,139.583891985,35.538052945,都筑区NO.177,都筑区,都筑区NO.177,埋蔵文化財包蔵地,,[],学校・宅地,都筑区,茅ヶ崎東二丁目3付近,縄文(早・前・中期),162,集落跡,台地上,200×100,,,
1752-1430,1752,1430,埋蔵文化財包蔵地,都筑区NO.178,都筑区NO.178,都筑区NO.178,見花山37付近,猟場,宅地,台地斜面,70×50,縄文(早・前・中期),203,139.5550667,35.53731873,JsonThemeAroundPoint:x/y,139.555068666665,35.5373077982086,12516.6429674637,1,12,1752-1430,0,埋蔵文化財包蔵地,5,139.5550667,35.53731873,都筑区NO.178,都筑区,都筑区NO.178,埋蔵文化財包蔵地,,[],宅地,都筑区,見花山37付近,縄文(早・前・中期),203,猟場,台地斜面,70×50,,,
1753-1430,1753,1430,埋蔵文化財包蔵地,都筑区NO.179,都筑区NO.179,都筑区NO.179,大丸21付近,集落跡,宅地,台地上,120×90,縄文(早・前・中期),204,139.5580069,35.53674372,JsonThemeAroundPoint:x/y,139.557922823554,35.5366995725925,12307.1294653207,1,12,1753-1430,0,埋蔵文化財包蔵地,5,139.5580069,35.53674372,都筑区NO.179,都筑区,都筑区NO.179,埋蔵文化財包蔵地,,[],宅地,都筑区,大丸21付近,縄文(早・前・中期),204,集落跡,台地上,120×90,,,
471-1430,471,1430,埋蔵文化財包蔵地,都筑区NO.18,都筑区NO.18,都筑区NO.18,中川四丁目4付近,散布地,宅地,台地斜面,50×40,縄文・古墳・歴史,18,139.57067627,35.55681491,JsonThemeAroundPoint:x/y,139.570676244506,35.5568230956423,13625.6830032849,1,12,471-1430,0,埋蔵文化財包蔵地,5,139.57067627,35.55681491,都筑区NO.18,都筑区,都筑区NO.18,埋蔵文化財包蔵地,,[],宅地,都筑区,中川四丁目4付近,縄文・古墳・歴史,18,散布地,台地斜面,50×40,,,
1774-1430,1774,1430,埋蔵文化財包蔵地,都筑区NO.180,都筑区NO.180,都筑区NO.180,荏田南一丁目11付近,猟場,宅地,台地上,120×120,縄文(早期),205,139.56270565,35.537580995,JsonThemeAroundPoint:x/y,139.562641818506,35.5376073254847,12139.0389437405,1,12,1774-1430,0,埋蔵文化財包蔵地,5,139.56270565,35.537580995,都筑区NO.180,都筑区,都筑区NO.180,埋蔵文化財包蔵地,,[],宅地,都筑区,荏田南一丁目11付近,縄文(早期),205,猟場,台地上,120×120,,,
1778-1430,1778,1430,埋蔵文化財包蔵地,都筑区NO.181,都筑区NO.181,都筑区NO.181,荏田南一丁目9付近,集落跡,宅地,台地上,110×100,縄文(早・中期),206,139.563271065,35.53636242,JsonThemeAroundPoint:x/y,139.563289462537,35.5363025324283,11998.0905435391,1,12,1778-1430,0,埋蔵文化財包蔵地,5,139.563271065,35.53636242,都筑区NO.181,都筑区,都筑区NO.181,埋蔵文化財包蔵地,,[],宅地,都筑区,荏田南一丁目9付近,縄文(早・中期),206,集落跡,台地上,110×100,,,
1779-1430,1779,1430,埋蔵文化財包蔵地,都筑区NO.182,都筑区NO.182,都筑区NO.182,大丸2付近,集落跡,宅地,台地斜面,120×80,縄文(早・前・中期),207,139.562533205,35.53583777,JsonThemeAroundPoint:x/y,139.562594297555,35.5358390796092,11987.781187727,1,12,1779-1430,0,埋蔵文化財包蔵地,5,139.562533205,35.53583777,都筑区NO.182,都筑区,都筑区NO.182,埋蔵文化財包蔵地,,[],宅地,都筑区,大丸2付近,縄文(早・前・中期),207,集落跡,台地斜面,120×80,,,
1780-1430,1780,1430,埋蔵文化財包蔵地,都筑区NO.183,都筑区NO.183,都筑区NO.183,大丸11付近,集落跡,宅地,台地上,140×100,縄文(早・前・中・後期),208,139.561887945,35.53514653,JsonThemeAroundPoint:x/y,139.561838580684,35.5351113151023,11958.1321314457,1,12,1780-1430,0,埋蔵文化財包蔵地,5,139.561887945,35.53514653,都筑区NO.183,都筑区,都筑区NO.183,埋蔵文化財包蔵地,,[],宅地,都筑区,大丸11付近,縄文(早・前・中・後期),208,集落跡,台地上,140×100,,,
1822-1430,1822,1430,埋蔵文化財包蔵地,都筑区NO.184,都筑区NO.184,都筑区NO.184,高山4付近,集落跡,宅地,台地上・斜面,170×130,縄文(中・後期)・平安,209,139.562883345,35.53396067,JsonThemeAroundPoint:x/y,139.562980465681,35.5339164807758,11798.3301104273,1,12,1822-1430,0,埋蔵文化財包蔵地,5,139.562883345,35.53396067,都筑区NO.184,都筑区,都筑区NO.184,埋蔵文化財包蔵地,,[],宅地,都筑区,高山4付近,縄文(中・後期)・平安,209,集落跡,台地上・斜面,170×130,,,
1781-1430,1781,1430,埋蔵文化財包蔵地,都筑区NO.185,都筑区NO.185,都筑区NO.185,大丸10付近,散布地,宅地,台地上,150×100,縄文(早・中・後期),210,139.559982955,35.53516896,JsonThemeAroundPoint:x/y,139.559954329891,35.5351137647882,12060.2433489526,1,12,1781-1430,0,埋蔵文化財包蔵地,5,139.559982955,35.53516896,都筑区NO.185,都筑区,都筑区NO.185,埋蔵文化財包蔵地,,[],宅地,都筑区,大丸10付近,縄文(早・中・後期),210,散布地,台地上,150×100,,,
1782-1430,1782,1430,埋蔵文化財包蔵地,都筑区NO.186,都筑区NO.186,都筑区NO.186,見花山15付近,集落跡,宅地,台地上,150×100,先土器・縄文(草創・早・前・中期)・弥生(後期)・古墳(中期),211,139.557026345,35.53536817,JsonThemeAroundPoint:x/y,139.557011255154,35.5353436531216,12236.5199867784,1,12,1782-1430,0,埋蔵文化財包蔵地,5,139.557026345,35.53536817,都筑区NO.186,都筑区,都筑区NO.186,埋蔵文化財包蔵地,,[],宅地,都筑区,見花山15付近,先土器・縄文(草創・早・前・中期)・弥生(後期)・古墳(中期),211,集落跡,台地上,150×100,,,
1783-1430,1783,1430,埋蔵文化財包蔵地,都筑区NO.187,都筑区NO.187,都筑区NO.187,見花山20付近,集落跡,宅地,台地上・斜面,260×190,先土器・縄文(早・前・中期)・古墳,212,139.557568135,35.53365706,JsonThemeAroundPoint:x/y,139.557421410518,35.5336291358177,12054.8087169938,1,12,1783-1430,0,埋蔵文化財包蔵地,5,139.557568135,35.53365706,都筑区NO.187,都筑区,都筑区NO.187,埋蔵文化財包蔵地,,[],宅地,都筑区,見花山20付近,先土器・縄文(早・前・中期)・古墳,212,集落跡,台地上・斜面,260×190,,,
478-1430,478,1430,埋蔵文化財包蔵地,都筑区NO.188,都筑区NO.188,都筑区NO.188,川和町2703付近,散布地,宅地,台地上,,縄文(中期)・歴史,213,139.55239808,35.535539675,JsonThemeAroundPoint:x/y,139.552398055891,35.5355471200697,12506.8030335552,1,12,478-1430,0,埋蔵文化財包蔵地,5,139.55239808,35.535539675,都筑区NO.188,都筑区,都筑区NO.188,埋蔵文化財包蔵地,,[],宅地,都筑区,川和町2703付近,縄文(中期)・歴史,213,散布地,台地上,,,,
1792-1430,1792,1430,埋蔵文化財包蔵地,都筑区NO.189,都筑区NO.189,都筑区NO.189,川和町2590付近,散布地,宅地,台地上,,縄文,214,139.55033379,35.53468711,JsonThemeAroundPoint:x/y,139.550301053092,35.5346359135911,12549.6656935001,1,12,1792-1430,0,埋蔵文化財包蔵地,5,139.55033379,35.53468711,都筑区NO.189,都筑区,都筑区NO.189,埋蔵文化財包蔵地,,[],宅地,都筑区,川和町2590付近,縄文,214,散布地,台地上,,,,
1643-1430,1643,1430,埋蔵文化財包蔵地,都筑区NO.19,都筑区NO.19,都筑区NO.19,中川一丁目2付近,集落跡,宅地,台地上,250×150,縄文(早・中期)・弥生(後期)・古墳・歴史,19,139.573571075,35.557896735,JsonThemeAroundPoint:x/y,139.57376808528,35.557849057414,13619.4070042893,1,12,1643-1430,0,埋蔵文化財包蔵地,5,139.573571075,35.557896735,都筑区NO.19,都筑区,都筑区NO.19,埋蔵文化財包蔵地,,[],宅地,都筑区,中川一丁目2付近,縄文(早・中期)・弥生(後期)・古墳・歴史,19,集落跡,台地上,250×150,,,
477-1430,477,1430,埋蔵文化財包蔵地,都筑区NO.190,都筑区NO.190,都筑区NO.190,川和町2693付近,散布地,宅地,台地上,,縄文(前期),215,139.550878,35.534125655,JsonThemeAroundPoint:x/y,139.55087797404,35.5341330950885,12470.0907641873,1,12,477-1430,0,埋蔵文化財包蔵地,5,139.550878,35.534125655,都筑区NO.190,都筑区,都筑区NO.190,埋蔵文化財包蔵地,,[],宅地,都筑区,川和町2693付近,縄文(前期),215,散布地,台地上,,,,
1791-1430,1791,1430,埋蔵文化財包蔵地,都筑区NO.191,都筑区NO.191,都筑区NO.191,川和町2461付近,集落跡,畑地・宅地,下位段丘上,240×160,古墳・歴史,216,139.548626425,35.531017535,JsonThemeAroundPoint:x/y,139.548603282995,35.5309967714838,12336.5290192767,1,12,1791-1430,0,埋蔵文化財包蔵地,5,139.548626425,35.531017535,都筑区NO.191,都筑区,都筑区NO.191,埋蔵文化財包蔵地,,[],畑地・宅地,都筑区,川和町2461付近,古墳・歴史,216,集落跡,下位段丘上,240×160,,,
1790-1430,1790,1430,埋蔵文化財包蔵地,都筑区NO.192,都筑区NO.192,都筑区NO.192,川和町2347付近,散布地,畑地・宅地,台地上,200×100,古墳,217,139.55054078,35.53156964,JsonThemeAroundPoint:x/y,139.550546964935,35.5314176298117,12270.5606955357,1,12,1790-1430,0,埋蔵文化財包蔵地,5,139.55054078,35.53156964,都筑区NO.192,都筑区,都筑区NO.192,埋蔵文化財包蔵地,,[],畑地・宅地,都筑区,川和町2347付近,古墳,217,散布地,台地上,200×100,,,
1789-1430,1789,1430,埋蔵文化財包蔵地,都筑区NO.193,都筑区NO.193,都筑区NO.193,川和町2375付近,散布地,畑地・宅地,台地上,150×110,弥生・古墳(前期),218,139.55209088,35.532189055,JsonThemeAroundPoint:x/y,139.55209942154,35.5321445212317,12233.7280146188,1,12,1789-1430,0,埋蔵文化財包蔵地,5,139.55209088,35.532189055,都筑区NO.193,都筑区,都筑区NO.193,埋蔵文化財包蔵地,,[],畑地・宅地,都筑区,川和町2375付近,弥生・古墳(前期),218,散布地,台地上,150×110,,,
1784-1430,1784,1430,埋蔵文化財包蔵地,都筑区NO.195,都筑区NO.195,都筑区NO.195,見花山6付近,猟場・塚,宅地,台地上,130×100,縄文(早期)・歴史,220,139.557593065,35.53152981,JsonThemeAroundPoint:x/y,139.557535572569,35.5315031626971,11865.4658865215,1,12,1784-1430,0,埋蔵文化財包蔵地,5,139.557593065,35.53152981,都筑区NO.195,都筑区,都筑区NO.195,埋蔵文化財包蔵地,,[],宅地,都筑区,見花山6付近,縄文(早期)・歴史,220,猟場・塚,台地上,130×100,,,
1786-1430,1786,1430,埋蔵文化財包蔵地,都筑区NO.196,都筑区NO.196,都筑区NO.196,富士見ヶ丘11付近,集落跡,宅地,台地上・斜面,660×300,縄文(早・前・中・後期)・奈良・平安・中近世,221,139.56147928,35.53106788,JsonThemeAroundPoint:x/y,139.561199252291,35.531554791748,11611.8376488381,1,12,1786-1430,0,埋蔵文化財包蔵地,5,139.56147928,35.53106788,都筑区NO.196,都筑区,都筑区NO.196,埋蔵文化財包蔵地,,[],宅地,都筑区,富士見ヶ丘11付近,縄文(早・前・中・後期)・奈良・平安・中近世,221,集落跡,台地上・斜面,660×300,,,
1785-1430,1785,1430,埋蔵文化財包蔵地,都筑区NO.197,都筑区NO.197,都筑区NO.197,富士見ヶ丘18付近,集落跡・塚,宅地,丘陵上,140×120,縄文(早・中期)・歴史,222,139.55917696,35.530879145,JsonThemeAroundPoint:x/y,139.559149459652,35.5309314097129,11720.5566509995,1,12,1785-1430,0,埋蔵文化財包蔵地,5,139.55917696,35.530879145,都筑区NO.197,都筑区,都筑区NO.197,埋蔵文化財包蔵地,,[],宅地,都筑区,富士見ヶ丘18付近,縄文(早・中期)・歴史,222,集落跡・塚,丘陵上,140×120,,,
1787-1430,1787,1430,埋蔵文化財包蔵地,都筑区NO.198,都筑区NO.198,都筑区NO.198,富士見ヶ丘20付近,集落跡,公園・宅地,台地上・斜面,230×150,縄文(早・前・中期)・平安,223,139.56031598,35.52975496,JsonThemeAroundPoint:x/y,139.560361076359,35.5296804781968,11558.510915726,1,12,1787-1430,0,埋蔵文化財包蔵地,5,139.56031598,35.52975496,都筑区NO.198,都筑区,都筑区NO.198,埋蔵文化財包蔵地,,[],公園・宅地,都筑区,富士見ヶ丘20付近,縄文(早・前・中期)・平安,223,集落跡,台地上・斜面,230×150,,,
1788-1430,1788,1430,埋蔵文化財包蔵地,都筑区NO.199,都筑区NO.199,都筑区NO.199,見花山3付近,塚,宅地,丘陵上,,中世,224,139.556479445,35.52962524,JsonThemeAroundPoint:x/y,139.55648241812,35.529633138394,11761.597243274,1,12,1788-1430,0,埋蔵文化財包蔵地,5,139.556479445,35.52962524,都筑区NO.199,都筑区,都筑区NO.199,埋蔵文化財包蔵地,,[],宅地,都筑区,見花山3付近,中世,224,塚,丘陵上,,,,
1617-1430,1617,1430,埋蔵文化財包蔵地,都筑区NO.2,都筑区NO.2,都筑区NO.2,牛久保町1900付近,散布地,畑地,台地斜面,80×60,縄文(早・前・中期)・古墳・歴史,2,139.57416991,35.567901705,JsonThemeAroundPoint:x/y,139.574134048931,35.5678310626497,14612.0423304277,1,12,1617-1430,0,埋蔵文化財包蔵地,5,139.57416991,35.567901705,都筑区NO.2,都筑区,都筑区NO.2,埋蔵文化財包蔵地,,[],畑地,都筑区,牛久保町1900付近,縄文(早・前・中期)・古墳・歴史,2,散布地,台地斜面,80×60,,,
1644-1430,1644,1430,埋蔵文化財包蔵地,都筑区NO.20,都筑区NO.20,都筑区NO.20,中川四丁目19付近,散布地,雑木林,丘陵上・斜面,150×80,縄文(前・中期),20,139.57286559,35.55557655,JsonThemeAroundPoint:x/y,139.572829889757,35.5555579303994,13414.3771925182,1,12,1644-1430,0,埋蔵文化財包蔵地,5,139.57286559,35.55557655,都筑区NO.20,都筑区,都筑区NO.20,埋蔵文化財包蔵地,,[],雑木林,都筑区,中川四丁目19付近,縄文(前・中期),20,散布地,丘陵上・斜面,150×80,,,
1793-1430,1793,1430,埋蔵文化財包蔵地,都筑区NO.200,都筑区NO.200,都筑区NO.200,川和町2389付近,散布地,畑地・宅地,台地上,460×400,縄文(前期)・古墳・歴史・中世～近世,225,139.55309842,35.528681835,JsonThemeAroundPoint:x/y,139.553339816145,35.529060532465,11875.5621601672,1,12,1793-1430,0,埋蔵文化財包蔵地,5,139.55309842,35.528681835,都筑区NO.200,都筑区,都筑区NO.200,埋蔵文化財包蔵地,,[],畑地・宅地,都筑区,川和町2389付近,縄文(前期)・古墳・歴史・中世～近世,225,散布地,台地上,460×400,,,
479-1430,479,1430,埋蔵文化財包蔵地,都筑区NO.201,都筑区NO.201,都筑区NO.201,富士見ヶ丘25付近,散布地,宅地,台地上・斜面,,縄文(前・中期)・古墳・歴史,226,139.55947238,35.527735515,JsonThemeAroundPoint:x/y,139.559472352759,35.5277429565661,11428.1216225596,1,12,479-1430,0,埋蔵文化財包蔵地,5,139.55947238,35.527735515,都筑区NO.201,都筑区,都筑区NO.201,埋蔵文化財包蔵地,,[],宅地,都筑区,富士見ヶ丘25付近,縄文(前・中期)・古墳・歴史,226,散布地,台地上・斜面,,,,
480-1430,480,1430,埋蔵文化財包蔵地,都筑区NO.202,都筑区NO.202,都筑区NO.202,富士見ヶ丘21付近,散布地,配水池,台地斜面,,縄文(早・中期),227,139.561438405,35.527595555,JsonThemeAroundPoint:x/y,139.561438376903,35.5276029960668,11306.059280722,1,12,480-1430,0,埋蔵文化財包蔵地,5,139.561438405,35.527595555,都筑区NO.202,都筑区,都筑区NO.202,埋蔵文化財包蔵地,,[],配水池,都筑区,富士見ヶ丘21付近,縄文(早・中期),227,散布地,台地斜面,,,,
481-1430,481,1430,埋蔵文化財包蔵地,都筑区NO.203,都筑区NO.203,都筑区NO.203,二の丸14付近,散布地,配水池,台地上,,縄文(中期),228,139.56265053,35.526802765,JsonThemeAroundPoint:x/y,139.562650505249,35.5268103581894,11169.1429223908,1,12,481-1430,0,埋蔵文化財包蔵地,5,139.56265053,35.526802765,都筑区NO.203,都筑区,都筑区NO.203,埋蔵文化財包蔵地,,[],配水池,都筑区,二の丸14付近,縄文(中期),228,散布地,台地上,,,,
1802-1430,1802,1430,埋蔵文化財包蔵地,都筑区NO.204,都筑区NO.204,都筑区NO.204,二の丸14付近,墓地・包蔵地,配水池,台地上,150×100,縄文(早・中期)・奈良・平安,229,139.561284485,35.526455085,JsonThemeAroundPoint:x/y,139.561302738943,35.5263553983949,11214.5760029189,1,12,1802-1430,0,埋蔵文化財包蔵地,5,139.561284485,35.526455085,都筑区NO.204,都筑区,都筑区NO.204,埋蔵文化財包蔵地,,[],配水池,都筑区,二の丸14付近,縄文(早・中期)・奈良・平安,229,墓地・包蔵地,台地上,150×100,,,
1794-1430,1794,1430,埋蔵文化財包蔵地,都筑区NO.205,都筑区NO.205,都筑区NO.205,川和町1267付近,集落跡,畑地・宅地,段丘斜面,150×150,縄文(早・中期)・古墳,230,139.554430215,35.525147465,JsonThemeAroundPoint:x/y,139.554513730984,35.5250239806643,11498.6056059576,1,12,1794-1430,0,埋蔵文化財包蔵地,5,139.554430215,35.525147465,都筑区NO.205,都筑区,都筑区NO.205,埋蔵文化財包蔵地,,[],畑地・宅地,都筑区,川和町1267付近,縄文(早・中期)・古墳,230,集落跡,段丘斜面,150×150,,,
1795-1430,1795,1430,埋蔵文化財包蔵地,都筑区NO.206,都筑区NO.206,都筑区NO.206,川和町1211付近,散布地,畑地・宅地,下位段丘上,210×80,古墳・歴史,231,139.554858045,35.523384955,JsonThemeAroundPoint:x/y,139.554798337884,35.5233052768261,11325.7135098617,1,12,1795-1430,0,埋蔵文化財包蔵地,5,139.554858045,35.523384955,都筑区NO.206,都筑区,都筑区NO.206,埋蔵文化財包蔵地,,[],畑地・宅地,都筑区,川和町1211付近,古墳・歴史,231,散布地,下位段丘上,210×80,,,
1797-1430,1797,1430,埋蔵文化財包蔵地,都筑区NO.207,都筑区NO.207,都筑区NO.207,川和台23付近,集落跡,宅地,丘陵上・斜面,270×120,縄文(早期)・平安,232,139.557519705,35.523968895,JsonThemeAroundPoint:x/y,139.557559250726,35.5238218687416,11216.557858429,1,12,1797-1430,0,埋蔵文化財包蔵地,5,139.557519705,35.523968895,都筑区NO.207,都筑区,都筑区NO.207,埋蔵文化財包蔵地,,[],宅地,都筑区,川和台23付近,縄文(早期)・平安,232,集落跡,丘陵上・斜面,270×120,,,
1796-1430,1796,1430,埋蔵文化財包蔵地,都筑区NO.208,都筑区NO.208,都筑区NO.208,川和台32付近,集落跡,宅地,丘陵上・斜面,150×110,縄文(早・中・後期),233,139.55860443,35.522758785,JsonThemeAroundPoint:x/y,139.558475795101,35.5227848002422,11050.336502664,1,12,1796-1430,0,埋蔵文化財包蔵地,5,139.55860443,35.522758785,都筑区NO.208,都筑区,都筑区NO.208,埋蔵文化財包蔵地,,[],宅地,都筑区,川和台32付近,縄文(早・中・後期),233,集落跡,丘陵上・斜面,150×110,,,
1798-1430,1798,1430,埋蔵文化財包蔵地,都筑区NO.209,都筑区NO.209,都筑区NO.209,川和台26付近,集落跡,宅地,台地上,170×120,先土器・縄文(早・中・後期)・歴史,234,139.559410735,35.52352011,JsonThemeAroundPoint:x/y,139.559461194513,35.5235093302591,11067.8837853149,1,12,1798-1430,0,埋蔵文化財包蔵地,5,139.559410735,35.52352011,都筑区NO.209,都筑区,都筑区NO.209,埋蔵文化財包蔵地,,[],宅地,都筑区,川和台26付近,先土器・縄文(早・中・後期)・歴史,234,集落跡,台地上,170×120,,,
1642-1430,1642,1430,埋蔵文化財包蔵地,都筑区NO.21,都筑区NO.21,都筑区NO.21,牛久保西二丁目12付近,集落跡,宅地,台地上,230×120,縄文(早・前・中・後期)・古墳・歴史,21,139.575662105,35.555568095,JsonThemeAroundPoint:x/y,139.575777469456,35.5555596235111,13304.3771403312,1,12,1642-1430,0,埋蔵文化財包蔵地,5,139.575662105,35.555568095,都筑区NO.21,都筑区,都筑区NO.21,埋蔵文化財包蔵地,,[],宅地,都筑区,牛久保西二丁目12付近,縄文(早・前・中・後期)・古墳・歴史,21,集落跡,台地上,230×120,,,
1801-1430,1801,1430,埋蔵文化財包蔵地,都筑区NO.210,都筑区NO.210,都筑区NO.210,加賀原一丁目9付近,集落跡,宅地,台地上,220×130,先土器・縄文(早・中期)・弥生(後期),235,139.561525295,35.523749745,JsonThemeAroundPoint:x/y,139.561551623376,35.5237475711026,10965.7705225274,1,12,1801-1430,0,埋蔵文化財包蔵地,5,139.561525295,35.523749745,都筑区NO.210,都筑区,都筑区NO.210,埋蔵文化財包蔵地,,[],宅地,都筑区,加賀原一丁目9付近,先土器・縄文(早・中期)・弥生(後期),235,集落跡,台地上,220×130,,,
1800-1430,1800,1430,埋蔵文化財包蔵地,都筑区NO.211,都筑区NO.211,都筑区NO.211,加賀原一丁目4付近,集落跡,公園・宅地,台地上,240×220,縄文(中・後期),236,139.562333975,35.5229579,JsonThemeAroundPoint:x/y,139.562425036708,35.5229104556782,10851.1901343745,1,12,1800-1430,0,埋蔵文化財包蔵地,5,139.562333975,35.5229579,都筑区NO.211,都筑区,都筑区NO.211,埋蔵文化財包蔵地,,[],公園・宅地,都筑区,加賀原一丁目4付近,縄文(中・後期),236,集落跡,台地上,240×220,,,
1799-1430,1799,1430,埋蔵文化財包蔵地,都筑区NO.212,都筑区NO.212,都筑区NO.212,加賀原一丁目14付近,集落跡,宅地,台地上,160×150,縄文(早・中・後期)・中世,237,139.56023701,35.522290555,JsonThemeAroundPoint:x/y,139.560086621474,35.5223345958275,10914.9592639481,1,12,1799-1430,0,埋蔵文化財包蔵地,5,139.56023701,35.522290555,都筑区NO.212,都筑区,都筑区NO.212,埋蔵文化財包蔵地,,[],宅地,都筑区,加賀原一丁目14付近,縄文(早・中・後期)・中世,237,集落跡,台地上,160×150,,,
1776-1430,1776,1430,埋蔵文化財包蔵地,都筑区NO.213,都筑区NO.213,都筑区NO.213,荏田南一丁目4付近,散布地,宅地,丘陵上,100×80,縄文(前・後期),242,139.564579345,35.53766037,JsonThemeAroundPoint:x/y,139.564602998119,35.5375186808154,12052.095562527,1,12,1776-1430,0,埋蔵文化財包蔵地,5,139.564579345,35.53766037,都筑区NO.213,都筑区,都筑区NO.213,埋蔵文化財包蔵地,,[],宅地,都筑区,荏田南一丁目4付近,縄文(前・後期),242,散布地,丘陵上,100×80,,,
1777-1430,1777,1430,埋蔵文化財包蔵地,都筑区NO.214,都筑区NO.214,都筑区NO.214,荏田南一丁目7付近,猟場,宅地,丘陵上,110×100,縄文(早期),243,139.56443335,35.536673925,JsonThemeAroundPoint:x/y,139.564482236694,35.5366844623545,11967.956074227,1,12,1777-1430,0,埋蔵文化財包蔵地,5,139.56443335,35.536673925,都筑区NO.214,都筑区,都筑区NO.214,埋蔵文化財包蔵地,,[],宅地,都筑区,荏田南一丁目7付近,縄文(早期),243,猟場,丘陵上,110×100,,,
1823-1430,1823,1430,埋蔵文化財包蔵地,都筑区NO.215,都筑区NO.215,都筑区NO.215,荏田南一丁目2付近,猟場,宅地,低位台地,100×80,縄文(早期),244,139.565196775,35.535729575,JsonThemeAroundPoint:x/y,139.565190871002,35.5356939049451,11842.1684174914,1,12,1823-1430,0,埋蔵文化財包蔵地,5,139.565196775,35.535729575,都筑区NO.215,都筑区,都筑区NO.215,埋蔵文化財包蔵地,,[],宅地,都筑区,荏田南一丁目2付近,縄文(早期),244,猟場,低位台地,100×80,,,
1824-1430,1824,1430,埋蔵文化財包蔵地,都筑区NO.216,都筑区NO.216,都筑区NO.216,荏田東一丁目6付近,集落跡,宅地,台地上,170×110,縄文(早・中期)・近世,245,139.566281085,35.535888345,JsonThemeAroundPoint:x/y,139.566382783972,35.5358736624716,11802.6501656317,1,12,1824-1430,0,埋蔵文化財包蔵地,5,139.566281085,35.535888345,都筑区NO.216,都筑区,都筑区NO.216,埋蔵文化財包蔵地,,[],宅地,都筑区,荏田東一丁目6付近,縄文(早・中期)・近世,245,集落跡,台地上,170×110,,,
1827-1430,1827,1430,埋蔵文化財包蔵地,都筑区NO.217,都筑区NO.217,都筑区NO.217,葛が谷6付近,猟場,宅地,台地斜面,110×90,縄文(早・中期),246,139.56732608,35.534415845,JsonThemeAroundPoint:x/y,139.56729667203,35.5343831527361,11613.7451472669,1,12,1827-1430,0,埋蔵文化財包蔵地,5,139.56732608,35.534415845,都筑区NO.217,都筑区,都筑区NO.217,埋蔵文化財包蔵地,,[],宅地,都筑区,葛が谷6付近,縄文(早・中期),246,猟場,台地斜面,110×90,,,
1825-1430,1825,1430,埋蔵文化財包蔵地,都筑区NO.218,都筑区NO.218,都筑区NO.218,茅ヶ崎南五丁目25付近,猟場,宅地,丘陵上,80×70,縄文(早・前・中期)・歴史,247,139.56780547,35.53561452,JsonThemeAroundPoint:x/y,139.567793723143,35.5355985953866,11701.7881152926,1,12,1825-1430,0,埋蔵文化財包蔵地,5,139.56780547,35.53561452,都筑区NO.218,都筑区,都筑区NO.218,埋蔵文化財包蔵地,,[],宅地,都筑区,茅ヶ崎南五丁目25付近,縄文(早・前・中期)・歴史,247,猟場,丘陵上,80×70,,,
1826-1430,1826,1430,埋蔵文化財包蔵地,都筑区NO.219,都筑区NO.219,都筑区NO.219,茅ヶ崎南五丁目24付近,散布地,宅地,低位台地上,80×50,縄文・古墳・歴史,248,139.568706525,35.535387795,JsonThemeAroundPoint:x/y,139.568652314373,35.5353726803383,11636.4817428986,1,12,1826-1430,0,埋蔵文化財包蔵地,5,139.568706525,35.535387795,都筑区NO.219,都筑区,都筑区NO.219,埋蔵文化財包蔵地,,[],宅地,都筑区,茅ヶ崎南五丁目24付近,縄文・古墳・歴史,248,散布地,低位台地上,80×50,,,
1623-1430,1623,1430,埋蔵文化財包蔵地,都筑区NO.22,都筑区NO.22,都筑区NO.22,すみれが丘10-7付近,散布地,宅地,台地上,90×80,縄文,22,139.579662075,35.565075265,JsonThemeAroundPoint:x/y,139.579683080517,35.5650347653437,14130.7502342115,1,12,1623-1430,0,埋蔵文化財包蔵地,5,139.579662075,35.565075265,都筑区NO.22,都筑区,都筑区NO.22,埋蔵文化財包蔵地,,[],宅地,都筑区,すみれが丘10-7付近,縄文,22,散布地,台地上,90×80,,,
1873-1430,1873,1430,埋蔵文化財包蔵地,都筑区NO.220,都筑区NO.220,都筑区NO.220,茅ヶ崎南五丁目20付近,猟場,宅地,丘陵上,90×80,縄文(早・中期)・歴史,249,139.569696785,35.536828925,JsonThemeAroundPoint:x/y,139.569699429412,35.5367906321788,11724.5087535377,1,12,1873-1430,0,埋蔵文化財包蔵地,5,139.569696785,35.536828925,都筑区NO.220,都筑区,都筑区NO.220,埋蔵文化財包蔵地,,[],宅地,都筑区,茅ヶ崎南五丁目20付近,縄文(早・中期)・歴史,249,猟場,丘陵上,90×80,,,
1872-1430,1872,1430,埋蔵文化財包蔵地,都筑区NO.221,都筑区NO.221,都筑区NO.221,茅ヶ崎南五丁目22付近,猟場,宅地,丘陵上,110×80,縄文(早・中・後期)・歴史,250,139.569761105,35.53610045,JsonThemeAroundPoint:x/y,139.569802436109,35.5360387490061,11652.5826225802,1,12,1872-1430,0,埋蔵文化財包蔵地,5,139.569761105,35.53610045,都筑区NO.221,都筑区,都筑区NO.221,埋蔵文化財包蔵地,,[],宅地,都筑区,茅ヶ崎南五丁目22付近,縄文(早・中・後期)・歴史,250,猟場,丘陵上,110×80,,,
1874-1430,1874,1430,埋蔵文化財包蔵地,都筑区NO.222,都筑区NO.222,都筑区NO.222,茅ヶ崎南四丁目16付近,猟場・他,宅地,丘陵上,80×70,縄文(早・中期)・歴史,251,139.570524785,35.5355161,JsonThemeAroundPoint:x/y,139.570459586115,35.5354748046758,11560.8370888483,1,12,1874-1430,0,埋蔵文化財包蔵地,5,139.570524785,35.5355161,都筑区NO.222,都筑区,都筑区NO.222,埋蔵文化財包蔵地,,[],宅地,都筑区,茅ヶ崎南四丁目16付近,縄文(早・中期)・歴史,251,猟場・他,丘陵上,80×70,,,
1879-1430,1879,1430,埋蔵文化財包蔵地,都筑区NO.223,都筑区NO.223,都筑区NO.223,茅ヶ崎南五丁目12付近,猟場,宅地,台地上,110×50,縄文(早期),252,139.57214512,35.5370425,JsonThemeAroundPoint:x/y,139.572179522443,35.5369987921745,11629.7362906955,1,12,1879-1430,0,埋蔵文化財包蔵地,5,139.57214512,35.5370425,都筑区NO.223,都筑区,都筑区NO.223,埋蔵文化財包蔵地,,[],宅地,都筑区,茅ヶ崎南五丁目12付近,縄文(早期),252,猟場,台地上,110×50,,,
1876-1430,1876,1430,埋蔵文化財包蔵地,都筑区NO.224,都筑区NO.224,都筑区NO.224,茅ヶ崎南五丁目14付近,集落跡・塚,宅地,丘陵上,120×90,縄文(早・前・後期)・歴史,253,139.571997755,35.53568484,JsonThemeAroundPoint:x/y,139.571978561051,35.5356654511074,11507.1029511504,1,12,1876-1430,0,埋蔵文化財包蔵地,5,139.571997755,35.53568484,都筑区NO.224,都筑区,都筑区NO.224,埋蔵文化財包蔵地,,[],宅地,都筑区,茅ヶ崎南五丁目14付近,縄文(早・前・後期)・歴史,253,集落跡・塚,丘陵上,120×90,,,
1878-1430,1878,1430,埋蔵文化財包蔵地,都筑区NO.225,都筑区NO.225,都筑区NO.225,茅ヶ崎南五丁目5付近,散布地,宅地,台地上,100×90,縄文(早期),254,139.573545705,35.53755859,JsonThemeAroundPoint:x/y,139.573566431551,35.5375058243202,11615.0111775286,1,12,1878-1430,0,埋蔵文化財包蔵地,5,139.573545705,35.53755859,都筑区NO.225,都筑区,都筑区NO.225,埋蔵文化財包蔵地,,[],宅地,都筑区,茅ヶ崎南五丁目5付近,縄文(早期),254,散布地,台地上,100×90,,,
1877-1430,1877,1430,埋蔵文化財包蔵地,都筑区NO.226,都筑区NO.226,都筑区NO.226,茅ヶ崎南四丁目12付近,猟場,宅地,台地上,270×150,縄文(早・中期),255,139.574339025,35.53548176,JsonThemeAroundPoint:x/y,139.574300588474,35.5354853787598,11379.1647780995,1,12,1877-1430,0,埋蔵文化財包蔵地,5,139.574339025,35.53548176,都筑区NO.226,都筑区,都筑区NO.226,埋蔵文化財包蔵地,,[],宅地,都筑区,茅ヶ崎南四丁目12付近,縄文(早・中期),255,猟場,台地上,270×150,,,
1871-1430,1871,1430,埋蔵文化財包蔵地,都筑区NO.227,都筑区NO.227,都筑区NO.227,茅ヶ崎南四丁目9付近,散布地,宅地,台地上,220×110,縄文(早・前・中期)・歴史,256,139.57693873,35.53640984,JsonThemeAroundPoint:x/y,139.576897886805,35.5365110430407,11352.1641665203,1,12,1871-1430,0,埋蔵文化財包蔵地,5,139.57693873,35.53640984,都筑区NO.227,都筑区,都筑区NO.227,埋蔵文化財包蔵地,,[],宅地,都筑区,茅ヶ崎南四丁目9付近,縄文(早・前・中期)・歴史,256,散布地,台地上,220×110,,,
1821-1430,1821,1430,埋蔵文化財包蔵地,都筑区NO.228,都筑区NO.228,都筑区NO.228,高山7付近,集落跡,宅地,台地上,100×70,縄文(早・中期),257,139.563931535,35.533380085,JsonThemeAroundPoint:x/y,139.563913098007,35.5332596204713,11690.9328673191,1,12,1821-1430,0,埋蔵文化財包蔵地,5,139.563931535,35.533380085,都筑区NO.228,都筑区,都筑区NO.228,埋蔵文化財包蔵地,,[],宅地,都筑区,高山7付近,縄文(早・中期),257,集落跡,台地上,100×70,,,
1808-1430,1808,1430,埋蔵文化財包蔵地,都筑区NO.229,都筑区NO.229,都筑区NO.229,高山9付近,集落跡,宅地,台地斜面,220×160,縄文(早・中期),258,139.56449265,35.531902365,JsonThemeAroundPoint:x/y,139.564457866305,35.5319081068283,11527.1392626551,1,12,1808-1430,0,埋蔵文化財包蔵地,5,139.56449265,35.531902365,都筑区NO.229,都筑区,都筑区NO.229,埋蔵文化財包蔵地,,[],宅地,都筑区,高山9付近,縄文(早・中期),258,集落跡,台地斜面,220×160,,,
469-1430,469,1430,埋蔵文化財包蔵地,都筑区NO.23,都筑区NO.23,都筑区NO.23,すみれが丘7-7付近,集落跡,宅地,台地上,80×40,縄文(早・中期),23,139.582172055,35.56528854,JsonThemeAroundPoint:x/y,139.58217202945,35.5652972375746,14069.7427708018,1,12,469-1430,0,埋蔵文化財包蔵地,5,139.582172055,35.56528854,都筑区NO.23,都筑区,都筑区NO.23,埋蔵文化財包蔵地,,[],宅地,都筑区,すみれが丘7-7付近,縄文(早・中期),23,集落跡,台地上,80×40,,,
1807-1430,1807,1430,埋蔵文化財包蔵地,都筑区NO.230,都筑区NO.230,都筑区NO.230,高山19付近,散布地,山林・畑地,台地上・斜面,210×120,中世,259,139.56582088,35.530379685,JsonThemeAroundPoint:x/y,139.565901861326,35.5304660664995,11319.3364649353,1,12,1807-1430,0,埋蔵文化財包蔵地,5,139.56582088,35.530379685,都筑区NO.230,都筑区,都筑区NO.230,埋蔵文化財包蔵地,,[],山林・畑地,都筑区,高山19付近,中世,259,散布地,台地上・斜面,210×120,,,
1809-1430,1809,1430,埋蔵文化財包蔵地,都筑区NO.231,都筑区NO.231,都筑区NO.231,葛が谷14付近,猟場,宅地,台地上,140×140,縄文(早・中期),260,139.56661971,35.532076895,JsonThemeAroundPoint:x/y,139.566685107075,35.5321102290522,11433.2303156854,1,12,1809-1430,0,埋蔵文化財包蔵地,5,139.56661971,35.532076895,都筑区NO.231,都筑区,都筑区NO.231,埋蔵文化財包蔵地,,[],宅地,都筑区,葛が谷14付近,縄文(早・中期),260,猟場,台地上,140×140,,,
1810-1430,1810,1430,埋蔵文化財包蔵地,都筑区NO.232,都筑区NO.232,都筑区NO.232,葛が谷1付近,散布地,宅地,台地斜面,120×90,縄文(早・前・中・後期),261,139.56769803,35.53312002,JsonThemeAroundPoint:x/y,139.567656925485,35.533058250401,11474.8994395483,1,12,1810-1430,0,埋蔵文化財包蔵地,5,139.56769803,35.53312002,都筑区NO.232,都筑区,都筑区NO.232,埋蔵文化財包蔵地,,[],宅地,都筑区,葛が谷1付近,縄文(早・前・中・後期),261,散布地,台地斜面,120×90,,,
1811-1430,1811,1430,埋蔵文化財包蔵地,都筑区NO.233,都筑区NO.233,都筑区NO.233,平台27付近,猟場,宅地,低位台地上,80×70,縄文(早・前・中期),262,139.568347975,35.53258648,JsonThemeAroundPoint:x/y,139.568316048818,35.5325446211779,11392.8805534305,1,12,1811-1430,0,埋蔵文化財包蔵地,5,139.568347975,35.53258648,都筑区NO.233,都筑区,都筑区NO.233,埋蔵文化財包蔵地,,[],宅地,都筑区,平台27付近,縄文(早・前・中期),262,猟場,低位台地上,80×70,,,
1812-1430,1812,1430,埋蔵文化財包蔵地,都筑区NO.234,都筑区NO.234,都筑区NO.234,平台27付近,集落跡,宅地,低位台地上,110×80,縄文(早・前・後期),263,139.56912522,35.53297367,JsonThemeAroundPoint:x/y,139.569115844909,35.5329409664318,11390.205420815,1,12,1812-1430,0,埋蔵文化財包蔵地,5,139.56912522,35.53297367,都筑区NO.234,都筑区,都筑区NO.234,埋蔵文化財包蔵地,,[],宅地,都筑区,平台27付近,縄文(早・前・後期),263,集落跡,低位台地上,110×80,,,
1813-1430,1813,1430,埋蔵文化財包蔵地,都筑区NO.235,都筑区NO.235,都筑区NO.235,平台27付近,猟場,宅地,丘陵上,160×90,縄文(早期),264,139.56927412,35.53181685,JsonThemeAroundPoint:x/y,139.56919879071,35.5317101869092,11275.1785224368,1,12,1813-1430,0,埋蔵文化財包蔵地,5,139.56927412,35.53181685,都筑区NO.235,都筑区,都筑区NO.235,埋蔵文化財包蔵地,,[],宅地,都筑区,平台27付近,縄文(早期),264,猟場,丘陵上,160×90,,,
1815-1430,1815,1430,埋蔵文化財包蔵地,都筑区NO.236,都筑区NO.236,都筑区NO.236,池辺町509付近,散布地,畑地,台地上,150×80,縄文(早・前・中・後期),265,139.569487995,35.53039675,JsonThemeAroundPoint:x/y,139.569431966323,35.5303476655283,11132.8382153816,1,12,1815-1430,0,埋蔵文化財包蔵地,5,139.569487995,35.53039675,都筑区NO.236,都筑区,都筑区NO.236,埋蔵文化財包蔵地,,[],畑地,都筑区,池辺町509付近,縄文(早・前・中・後期),265,散布地,台地上,150×80,,,
1814-1430,1814,1430,埋蔵文化財包蔵地,都筑区NO.237,都筑区NO.237,都筑区NO.237,平台27付近,猟場,宅地,丘陵上,80×70,縄文(早期),266,139.570842985,35.531780085,JsonThemeAroundPoint:x/y,139.570868691461,35.5317580871706,11194.1136478525,1,12,1814-1430,0,埋蔵文化財包蔵地,5,139.570842985,35.531780085,都筑区NO.237,都筑区,都筑区NO.237,埋蔵文化財包蔵地,,[],宅地,都筑区,平台27付近,縄文(早期),266,猟場,丘陵上,80×70,,,
1820-1430,1820,1430,埋蔵文化財包蔵地,都筑区NO.238,都筑区NO.238,都筑区NO.238,平台21付近,猟場,宅地,台地上,160×150,縄文(早・前・中期),267,139.572661645,35.53308152,JsonThemeAroundPoint:x/y,139.572717646711,35.5330538229379,11228.6286367148,1,12,1820-1430,0,埋蔵文化財包蔵地,5,139.572661645,35.53308152,都筑区NO.238,都筑区,都筑区NO.238,埋蔵文化財包蔵地,,[],宅地,都筑区,平台21付近,縄文(早・前・中期),267,猟場,台地上,160×150,,,
1819-1430,1819,1430,埋蔵文化財包蔵地,都筑区NO.239,都筑区NO.239,都筑区NO.239,平台26付近,散布地,宅地,台地上,100×70,縄文,268,139.57236416,35.53171368,JsonThemeAroundPoint:x/y,139.572344984336,35.5316494428939,11113.7915557588,1,12,1819-1430,0,埋蔵文化財包蔵地,5,139.57236416,35.53171368,都筑区NO.239,都筑区,都筑区NO.239,埋蔵文化財包蔵地,,[],宅地,都筑区,平台26付近,縄文,268,散布地,台地上,100×70,,,
1624-1430,1624,1430,埋蔵文化財包蔵地,都筑区NO.24,都筑区NO.24,都筑区NO.24,すみれが丘15-14付近,包含地,宅地,台地上,120×60,縄文(早・前期),24,139.580801085,35.563680355,JsonThemeAroundPoint:x/y,139.580775803699,35.5636138666447,13948.3395627483,1,12,1624-1430,0,埋蔵文化財包蔵地,5,139.580801085,35.563680355,都筑区NO.24,都筑区,都筑区NO.24,埋蔵文化財包蔵地,,[],宅地,都筑区,すみれが丘15-14付近,縄文(早・前期),24,包含地,台地上,120×60,,,
1816-1430,1816,1430,埋蔵文化財包蔵地,都筑区NO.240,都筑区NO.240,都筑区NO.240,池辺町1568付近,散布地,畑地,台地上,150×130,縄文(早・中期),269,139.5715897,35.52984885,JsonThemeAroundPoint:x/y,139.571463117117,35.5296841043417,10977.0270131284,1,12,1816-1430,0,埋蔵文化財包蔵地,5,139.5715897,35.52984885,都筑区NO.240,都筑区,都筑区NO.240,埋蔵文化財包蔵地,,[],畑地,都筑区,池辺町1568付近,縄文(早・中期),269,散布地,台地上,150×130,,,
1837-1430,1837,1430,埋蔵文化財包蔵地,都筑区NO.241,都筑区NO.241,都筑区NO.241,池辺町1751付近,散布地,畑地・雑木林,台地上・斜面,150×90,縄文(早・中期)・古墳,270,139.571641635,35.528164975,JsonThemeAroundPoint:x/y,139.571676260172,35.5281565065296,10817.995436456,1,12,1837-1430,0,埋蔵文化財包蔵地,5,139.571641635,35.528164975,都筑区NO.241,都筑区,都筑区NO.241,埋蔵文化財包蔵地,,[],畑地・雑木林,都筑区,池辺町1751付近,縄文(早・中期)・古墳,270,散布地,台地上・斜面,150×90,,,
1806-1430,1806,1430,埋蔵文化財包蔵地,都筑区NO.242,都筑区NO.242,都筑区NO.242,池辺町1521付近,散布地,畑地,台地上・斜面,250×180,縄文(早・中期),271,139.56876603,35.52723236,JsonThemeAroundPoint:x/y,139.568879674774,35.5272282869914,10879.4031247593,1,12,1806-1430,0,埋蔵文化財包蔵地,5,139.56876603,35.52723236,都筑区NO.242,都筑区,都筑区NO.242,埋蔵文化財包蔵地,,[],畑地,都筑区,池辺町1521付近,縄文(早・中期),271,散布地,台地上・斜面,250×180,,,
1805-1430,1805,1430,埋蔵文化財包蔵地,都筑区NO.243,都筑区NO.243,都筑区NO.243,池辺町1482付近,散布地,畑地,台地上・斜面,120×80,縄文(早・中期)・古墳・歴史,272,139.566743005,35.52876431,JsonThemeAroundPoint:x/y,139.566735785415,35.5286692760717,11124.3544266224,1,12,1805-1430,0,埋蔵文化財包蔵地,5,139.566743005,35.52876431,都筑区NO.243,都筑区,都筑区NO.243,埋蔵文化財包蔵地,,[],畑地,都筑区,池辺町1482付近,縄文(早・中期)・古墳・歴史,272,散布地,台地上・斜面,120×80,,,
1804-1430,1804,1430,埋蔵文化財包蔵地,都筑区NO.244,都筑区NO.244,都筑区NO.244,二の丸6付近,集落跡,荒地,台地上,200×120,先土器・縄文(早・中期)・古墳・奈良,273,139.56468105,35.52787709,JsonThemeAroundPoint:x/y,139.564768052493,35.5278067902806,11153.9135586496,1,12,1804-1430,0,埋蔵文化財包蔵地,5,139.56468105,35.52787709,都筑区NO.244,都筑区,都筑区NO.244,埋蔵文化財包蔵地,,[],荒地,都筑区,二の丸6付近,先土器・縄文(早・中期)・古墳・奈良,273,集落跡,台地上,200×120,,,
1803-1430,1803,1430,埋蔵文化財包蔵地,都筑区NO.245,都筑区NO.245,都筑区NO.245,二の丸10付近,集落跡,荒地,台地斜面,130×50,縄文(早・中期),274,139.56344347,35.527341345,JsonThemeAroundPoint:x/y,139.563441424096,35.527396463648,11173.2494827591,1,12,1803-1430,0,埋蔵文化財包蔵地,5,139.56344347,35.527341345,都筑区NO.245,都筑区,都筑区NO.245,埋蔵文化財包蔵地,,[],荒地,都筑区,二の丸10付近,縄文(早・中期),274,集落跡,台地斜面,130×50,,,
1831-1430,1831,1430,埋蔵文化財包蔵地,都筑区NO.246,都筑区NO.246,都筑区NO.246,池辺町1302付近,散布地,畑地,台地上,210×120,縄文(早・前・中期),275,139.56568235,35.52604185,JsonThemeAroundPoint:x/y,139.565626679805,35.5259440420408,10935.8592412717,1,12,1831-1430,0,埋蔵文化財包蔵地,5,139.56568235,35.52604185,都筑区NO.246,都筑区,都筑区NO.246,埋蔵文化財包蔵地,,[],畑地,都筑区,池辺町1302付近,縄文(早・前・中期),275,散布地,台地上,210×120,,,
1828-1430,1828,1430,埋蔵文化財包蔵地,都筑区NO.247,都筑区NO.247,都筑区NO.247,池辺町990付近,集落跡,畑地,台地上・斜面,220×100,縄文(前・中・後期)・古墳・歴史,276,139.563960315,35.524918395,JsonThemeAroundPoint:x/y,139.563970863549,35.524831723426,10930.6516461153,1,12,1828-1430,0,埋蔵文化財包蔵地,5,139.563960315,35.524918395,都筑区NO.247,都筑区,都筑区NO.247,埋蔵文化財包蔵地,,[],畑地,都筑区,池辺町990付近,縄文(前・中・後期)・古墳・歴史,276,集落跡,台地上・斜面,220×100,,,
1829-1430,1829,1430,埋蔵文化財包蔵地,都筑区NO.248,都筑区NO.248,都筑区NO.248,池辺町1003付近,散布地,畑地,台地斜面,70×50,歴史,277,139.565481335,35.524480935,JsonThemeAroundPoint:x/y,139.565407186551,35.5244310572063,10808.1138957171,1,12,1829-1430,0,埋蔵文化財包蔵地,5,139.565481335,35.524480935,都筑区NO.248,都筑区,都筑区NO.248,埋蔵文化財包蔵地,,[],畑地,都筑区,池辺町1003付近,歴史,277,散布地,台地斜面,70×50,,,
1830-1430,1830,1430,埋蔵文化財包蔵地,都筑区NO.249,都筑区NO.249,都筑区NO.249,池辺町1266付近,散布地,畑地・宅地,台地上,80×50,縄文(早・中期)・古墳(後期),278,139.56735596,35.524766785,JsonThemeAroundPoint:x/y,139.567355872995,35.5246955622159,10731.5692339813,1,12,1830-1430,0,埋蔵文化財包蔵地,5,139.56735596,35.524766785,都筑区NO.249,都筑区,都筑区NO.249,埋蔵文化財包蔵地,,[],畑地・宅地,都筑区,池辺町1266付近,縄文(早・中期)・古墳(後期),278,散布地,台地上,80×50,,,
1631-1430,1631,1430,埋蔵文化財包蔵地,都筑区NO.25,都筑区NO.25,都筑区NO.25,牛久保二丁目24付近,猟場,宅地,台地上,140×100,縄文(早・前・中期),25,139.57992852,35.56068441,JsonThemeAroundPoint:x/y,139.579967321618,35.5605925110299,13669.3878718373,1,12,1631-1430,0,埋蔵文化財包蔵地,5,139.57992852,35.56068441,都筑区NO.25,都筑区,都筑区NO.25,埋蔵文化財包蔵地,,[],宅地,都筑区,牛久保二丁目24付近,縄文(早・前・中期),25,猟場,台地上,140×100,,,
1832-1430,1832,1430,埋蔵文化財包蔵地,都筑区NO.250,都筑区NO.250,都筑区NO.250,池辺町1186付近,散布地,畑地,台地斜面,60×60,縄文(中期),279,139.568167015,35.52311314,JsonThemeAroundPoint:x/y,139.568182521855,35.5230741966992,10540.0689675342,1,12,1832-1430,0,埋蔵文化財包蔵地,5,139.568167015,35.52311314,都筑区NO.250,都筑区,都筑区NO.250,埋蔵文化財包蔵地,,[],畑地,都筑区,池辺町1186付近,縄文(中期),279,散布地,台地斜面,60×60,,,
1835-1430,1835,1430,埋蔵文化財包蔵地,都筑区NO.251,都筑区NO.251,都筑区NO.251,池辺町1240付近,散布地,宅地,台地上,100×80,,280,139.56981727,35.52402488,JsonThemeAroundPoint:x/y,139.569925591433,35.5240178343659,10533.4053244564,1,12,1835-1430,0,埋蔵文化財包蔵地,5,139.56981727,35.52402488,都筑区NO.251,都筑区,都筑区NO.251,埋蔵文化財包蔵地,,[],宅地,都筑区,池辺町1240付近,,280,散布地,台地上,100×80,,,
1836-1430,1836,1430,埋蔵文化財包蔵地,都筑区NO.252,都筑区NO.252,都筑区NO.252,池辺町1629付近,散布地,畑地・宅地,台地上・斜面,220×130,縄文(早・中期)・古墳・歴史,281,139.571321835,35.524956655,JsonThemeAroundPoint:x/y,139.571330342494,35.5251813313341,10539.2061781817,1,12,1836-1430,0,埋蔵文化財包蔵地,5,139.571321835,35.524956655,都筑区NO.252,都筑区,都筑区NO.252,埋蔵文化財包蔵地,,[],畑地・宅地,都筑区,池辺町1629付近,縄文(早・中期)・古墳・歴史,281,散布地,台地上・斜面,220×130,,,
1833-1430,1833,1430,埋蔵文化財包蔵地,都筑区NO.253,都筑区NO.253,都筑区NO.253,池辺町2230付近,集落跡,荒地・雑木林,台地斜面,50×50,古墳,282,139.570147035,35.522625445,JsonThemeAroundPoint:x/y,139.570121431008,35.5225971491289,10389.832609319,1,12,1833-1430,0,埋蔵文化財包蔵地,5,139.570147035,35.522625445,都筑区NO.253,都筑区,都筑区NO.253,埋蔵文化財包蔵地,,[],荒地・雑木林,都筑区,池辺町2230付近,古墳,282,集落跡,台地斜面,50×50,,,
1834-1430,1834,1430,埋蔵文化財包蔵地,都筑区NO.254,都筑区NO.254,都筑区NO.254,池辺町2199付近,散布地,畑地,台地上・斜面,80×60,古墳(後期),283,139.57213729,35.523349485,JsonThemeAroundPoint:x/y,139.572161533573,35.5233142763612,10350.3254444096,1,12,1834-1430,0,埋蔵文化財包蔵地,5,139.57213729,35.523349485,都筑区NO.254,都筑区,都筑区NO.254,埋蔵文化財包蔵地,,[],畑地,都筑区,池辺町2199付近,古墳(後期),283,散布地,台地上・斜面,80×60,,,
1846-1430,1846,1430,埋蔵文化財包蔵地,都筑区NO.255,都筑区NO.255,都筑区NO.255,池辺町2070付近,散布地,畑地,台地上,90×80,縄文(早期),284,139.57384319,35.523677655,JsonThemeAroundPoint:x/y,139.573906105076,35.5236619863334,10292.4447185415,1,12,1846-1430,0,埋蔵文化財包蔵地,5,139.57384319,35.523677655,都筑区NO.255,都筑区,都筑区NO.255,埋蔵文化財包蔵地,,[],畑地,都筑区,池辺町2070付近,縄文(早期),284,散布地,台地上,90×80,,,
1847-1430,1847,1430,埋蔵文化財包蔵地,都筑区NO.256,都筑区NO.256,都筑区NO.256,池辺町2097付近,散布地,畑地,台地斜面,100×60,歴史,285,139.575141345,35.52269758,JsonThemeAroundPoint:x/y,139.5751169612,35.5226373649863,10136.1778228383,1,12,1847-1430,0,埋蔵文化財包蔵地,5,139.575141345,35.52269758,都筑区NO.256,都筑区,都筑区NO.256,埋蔵文化財包蔵地,,[],畑地,都筑区,池辺町2097付近,歴史,285,散布地,台地斜面,100×60,,,
1890-1430,1890,1430,埋蔵文化財包蔵地,都筑区NO.257,都筑区NO.257,都筑区NO.257,茅ヶ崎南三丁目5付近,猟場・他,宅地,台地上,170×80,縄文(早・前・中期),286,139.581562965,35.536927565,JsonThemeAroundPoint:x/y,139.581466988508,35.5369054383417,11206.0032160794,1,12,1890-1430,0,埋蔵文化財包蔵地,5,139.581562965,35.536927565,都筑区NO.257,都筑区,都筑区NO.257,埋蔵文化財包蔵地,,[],宅地,都筑区,茅ヶ崎南三丁目5付近,縄文(早・前・中期),286,猟場・他,台地上,170×80,,,
1870-1430,1870,1430,埋蔵文化財包蔵地,都筑区NO.258,都筑区NO.258,都筑区NO.258,茅ヶ崎南三丁目12付近,猟場・他,宅地,台地上,320×120,縄文(早・前・中期)・歴史,287,139.579063735,35.535582885,JsonThemeAroundPoint:x/y,139.579204709038,35.5356644360834,11178.9282116119,1,12,1870-1430,0,埋蔵文化財包蔵地,5,139.579063735,35.535582885,都筑区NO.258,都筑区,都筑区NO.258,埋蔵文化財包蔵地,,[],宅地,都筑区,茅ヶ崎南三丁目12付近,縄文(早・前・中期)・歴史,287,猟場・他,台地上,320×120,,,
1892-1430,1892,1430,埋蔵文化財包蔵地,都筑区NO.259,都筑区NO.259,都筑区NO.259,茅ヶ崎南三丁目15付近,散布地,宅地・雑木林,台地上,170×130,縄文(中期),288,139.581507315,35.53541064,JsonThemeAroundPoint:x/y,139.581508144626,35.5353444251025,11058.2715483159,1,12,1892-1430,0,埋蔵文化財包蔵地,5,139.581507315,35.53541064,都筑区NO.259,都筑区,都筑区NO.259,埋蔵文化財包蔵地,,[],宅地・雑木林,都筑区,茅ヶ崎南三丁目15付近,縄文(中期),288,散布地,台地上,170×130,,,
1632-1430,1632,1430,埋蔵文化財包蔵地,都筑区NO.26,都筑区NO.26,都筑区NO.26,牛久保二丁目27付近,猟場・他,宅地,丘陵上,170×90,縄文(早・前・中期),26,139.57830049,35.55975412,JsonThemeAroundPoint:x/y,139.578284446965,35.559740193395,13631.501550924,1,12,1632-1430,0,埋蔵文化財包蔵地,5,139.57830049,35.55975412,都筑区NO.26,都筑区,都筑区NO.26,埋蔵文化財包蔵地,,[],宅地,都筑区,牛久保二丁目27付近,縄文(早・前・中期),26,猟場・他,丘陵上,170×90,,,
1893-1430,1893,1430,埋蔵文化財包蔵地,都筑区NO.260,都筑区NO.260,都筑区NO.260,茅ヶ崎南一丁目4付近,散布地,公園用地,台地上,130×80,縄文(早・中期),289,139.583296485,35.535701985,JsonThemeAroundPoint:x/y,139.583315135715,35.535632134627,11013.4395902059,1,12,1893-1430,0,埋蔵文化財包蔵地,5,139.583296485,35.535701985,都筑区NO.260,都筑区,都筑区NO.260,埋蔵文化財包蔵地,,[],公園用地,都筑区,茅ヶ崎南一丁目4付近,縄文(早・中期),289,散布地,台地上,130×80,,,
1894-1430,1894,1430,埋蔵文化財包蔵地,都筑区NO.261,都筑区NO.261,都筑区NO.261,茅ヶ崎南一丁目4付近,散布地,宅地・雑木林,台地上,170×130,縄文(早・前・中期),290,139.584872375,35.53548428,JsonThemeAroundPoint:x/y,139.584829087341,35.5355453856924,10928.4173747796,1,12,1894-1430,0,埋蔵文化財包蔵地,5,139.584872375,35.53548428,都筑区NO.261,都筑区,都筑区NO.261,埋蔵文化財包蔵地,,[],宅地・雑木林,都筑区,茅ヶ崎南一丁目4付近,縄文(早・前・中期),290,散布地,台地上,170×130,,,
1869-1430,1869,1430,埋蔵文化財包蔵地,都筑区NO.262,都筑区NO.262,都筑区NO.262,茅ヶ崎南三丁目13付近,集落跡,宅地,台地上,200×120,縄文(早・中期),293,139.57949358,35.534122115,JsonThemeAroundPoint:x/y,139.57941590518,35.5340976344624,11017.5456630943,1,12,1869-1430,0,埋蔵文化財包蔵地,5,139.57949358,35.534122115,都筑区NO.262,都筑区,都筑区NO.262,埋蔵文化財包蔵地,,[],宅地,都筑区,茅ヶ崎南三丁目13付近,縄文(早・中期),293,集落跡,台地上,200×120,,,
1868-1430,1868,1430,埋蔵文化財包蔵地,都筑区NO.263,都筑区NO.263,都筑区NO.263,桜並木4付近,集落跡,宅地,台地上,230×170,,294,139.58099493,35.53310707,JsonThemeAroundPoint:x/y,139.580876861588,35.5330337943752,10853.4312481794,1,12,1868-1430,0,埋蔵文化財包蔵地,5,139.58099493,35.53310707,都筑区NO.263,都筑区,都筑区NO.263,埋蔵文化財包蔵地,,[],宅地,都筑区,桜並木4付近,,294,集落跡,台地上,230×170,,,
1866-1430,1866,1430,埋蔵文化財包蔵地,都筑区NO.264,都筑区NO.264,都筑区NO.264,桜並木10付近,集落跡,宅地,台地上,180×110,縄文(早・前・中期),295,139.582287395,35.53250395,JsonThemeAroundPoint:x/y,139.58213480913,35.5324863625116,10739.0765370428,1,12,1866-1430,0,埋蔵文化財包蔵地,5,139.582287395,35.53250395,都筑区NO.264,都筑区,都筑区NO.264,埋蔵文化財包蔵地,,[],宅地,都筑区,桜並木10付近,縄文(早・前・中期),295,集落跡,台地上,180×110,,,
1867-1430,1867,1430,埋蔵文化財包蔵地,都筑区NO.265,都筑区NO.265,都筑区NO.265,桜並木8付近,散布地,宅地,台地上,90×70,(不明),296,139.581301975,35.531656675,JsonThemeAroundPoint:x/y,139.581344715954,35.5316921250659,10698.2908326076,1,12,1867-1430,0,埋蔵文化財包蔵地,5,139.581301975,35.531656675,都筑区NO.265,都筑区,都筑区NO.265,埋蔵文化財包蔵地,,[],宅地,都筑区,桜並木8付近,(不明),296,散布地,台地上,90×70,,,
1865-1430,1865,1430,埋蔵文化財包蔵地,都筑区NO.266,都筑区NO.266,都筑区NO.266,桜並木7付近,集落跡,宅地,台地上,160×120,先土器・縄文(早・前・中期),297,139.5830568,35.532168475,JsonThemeAroundPoint:x/y,139.583208385846,35.5321343585991,10673.5513914338,1,12,1865-1430,0,埋蔵文化財包蔵地,5,139.5830568,35.532168475,都筑区NO.266,都筑区,都筑区NO.266,埋蔵文化財包蔵地,,[],宅地,都筑区,桜並木7付近,先土器・縄文(早・前・中期),297,集落跡,台地上,160×120,,,
1864-1430,1864,1430,埋蔵文化財包蔵地,都筑区NO.267,都筑区NO.267,都筑区NO.267,桜並木19付近,集落跡,宅地,台地上,230×160,縄文(早・前期),298,139.584984605,35.53238985,JsonThemeAroundPoint:x/y,139.584758856191,35.5324335841235,10615.5271553072,1,12,1864-1430,0,埋蔵文化財包蔵地,5,139.584984605,35.53238985,都筑区NO.267,都筑区,都筑区NO.267,埋蔵文化財包蔵地,,[],宅地,都筑区,桜並木19付近,縄文(早・前期),298,集落跡,台地上,230×160,,,
1863-1430,1863,1430,埋蔵文化財包蔵地,都筑区NO.268,都筑区NO.268,都筑区NO.268,東方町1777付近,散布地,畑地,台地上・斜面,130×80,縄文(早期),299,139.584417115,35.529749815,JsonThemeAroundPoint:x/y,139.584420770479,35.529682774064,10378.021925325,1,12,1863-1430,0,埋蔵文化財包蔵地,5,139.584417115,35.529749815,都筑区NO.268,都筑区,都筑区NO.268,埋蔵文化財包蔵地,,[],畑地,都筑区,東方町1777付近,縄文(早期),299,散布地,台地上・斜面,130×80,,,
1862-1430,1862,1430,埋蔵文化財包蔵地,都筑区NO.269,都筑区NO.269,都筑区NO.269,東方町1760付近,散布地,畑地,台地上・斜面,110×100,縄文・古墳・歴史,300,139.583495845,35.53024076,JsonThemeAroundPoint:x/y,139.583476727967,35.5301237881119,10465.3497182235,1,12,1862-1430,0,埋蔵文化財包蔵地,5,139.583495845,35.53024076,都筑区NO.269,都筑区,都筑区NO.269,埋蔵文化財包蔵地,,[],畑地,都筑区,東方町1760付近,縄文・古墳・歴史,300,散布地,台地上・斜面,110×100,,,
1633-1430,1633,1430,埋蔵文化財包蔵地,都筑区NO.27,都筑区NO.27,都筑区NO.27,牛久保二丁目13付近,猟場・他,宅地,丘陵上,170×70,縄文(早・前・中期)・平安,27,139.579879015,35.55914953,JsonThemeAroundPoint:x/y,139.579768733809,35.5590861042713,13513.5843283839,1,12,1633-1430,0,埋蔵文化財包蔵地,5,139.579879015,35.55914953,都筑区NO.27,都筑区,都筑区NO.27,埋蔵文化財包蔵地,,[],宅地,都筑区,牛久保二丁目13付近,縄文(早・前・中期)・平安,27,猟場・他,丘陵上,170×70,,,
1845-1430,1845,1430,埋蔵文化財包蔵地,都筑区NO.270,都筑区NO.270,都筑区NO.270,桜並木1付近,集落跡,宅地,低位台地上,170×130,縄文(早・前・中期),301,139.577920665,35.53209085,JsonThemeAroundPoint:x/y,139.57789685119,35.5320555346988,10890.0244613134,1,12,1845-1430,0,埋蔵文化財包蔵地,5,139.577920665,35.53209085,都筑区NO.270,都筑区,都筑区NO.270,埋蔵文化財包蔵地,,[],宅地,都筑区,桜並木1付近,縄文(早・前・中期),301,集落跡,低位台地上,170×130,,,
1844-1430,1844,1430,埋蔵文化財包蔵地,都筑区NO.271,都筑区NO.271,都筑区NO.271,東方町2100付近,散布地,宅地,台地上,150×100,縄文(早期)・弥生,302,139.579083905,35.5308693,JsonThemeAroundPoint:x/y,139.579067739615,35.5309045475472,10719.7121067754,1,12,1844-1430,0,埋蔵文化財包蔵地,5,139.579083905,35.5308693,都筑区NO.271,都筑区,都筑区NO.271,埋蔵文化財包蔵地,,[],宅地,都筑区,東方町2100付近,縄文(早期)・弥生,302,散布地,台地上,150×100,,,
1843-1430,1843,1430,埋蔵文化財包蔵地,都筑区NO.272,都筑区NO.272,都筑区NO.272,東方町2171付近,散布地,畑地,台地斜面,90×50,縄文(早・中期),303,139.576626745,35.530675095,JsonThemeAroundPoint:x/y,139.576623705757,35.5306832599698,10813.326149346,1,12,1843-1430,0,埋蔵文化財包蔵地,5,139.576626745,35.530675095,都筑区NO.272,都筑区,都筑区NO.272,埋蔵文化財包蔵地,,[],畑地,都筑区,東方町2171付近,縄文(早・中期),303,散布地,台地斜面,90×50,,,
1818-1430,1818,1430,埋蔵文化財包蔵地,都筑区NO.273,都筑区NO.273,都筑区NO.273,東方町2430付近,散布地,畑地,台地斜面,70×70,縄文(早期),304,139.574164135,35.531168175,JsonThemeAroundPoint:x/y,139.574149597618,35.5311324372183,10975.9837852018,1,12,1818-1430,0,埋蔵文化財包蔵地,5,139.574164135,35.531168175,都筑区NO.273,都筑区,都筑区NO.273,埋蔵文化財包蔵地,,[],畑地,都筑区,東方町2430付近,縄文(早期),304,散布地,台地斜面,70×70,,,
1817-1430,1817,1430,埋蔵文化財包蔵地,都筑区NO.274,都筑区NO.274,都筑区NO.274,池辺町1769付近,散布地,畑地,台地上,120×60,縄文(早期),305,139.57365939,35.52944908,JsonThemeAroundPoint:x/y,139.57364581449,35.5293714824508,10838.1335566055,1,12,1817-1430,0,埋蔵文化財包蔵地,5,139.57365939,35.52944908,都筑区NO.274,都筑区,都筑区NO.274,埋蔵文化財包蔵地,,[],畑地,都筑区,池辺町1769付近,縄文(早期),305,散布地,台地上,120×60,,,
1842-1430,1842,1430,埋蔵文化財包蔵地,都筑区NO.275,都筑区NO.275,都筑区NO.275,東方町2113付近,散布地,畑地,台地上・斜面,110×80,縄文(前期)・古墳,306,139.575421415,35.52963594,JsonThemeAroundPoint:x/y,139.575379142102,35.5296082820382,10771.0928350547,1,12,1842-1430,0,埋蔵文化財包蔵地,5,139.575421415,35.52963594,都筑区NO.275,都筑区,都筑区NO.275,埋蔵文化財包蔵地,,[],畑地,都筑区,東方町2113付近,縄文(前期)・古墳,306,散布地,台地上・斜面,110×80,,,
1838-1430,1838,1430,埋蔵文化財包蔵地,都筑区NO.276,都筑区NO.276,都筑区NO.276,池辺町1797付近,散布地,畑地,台地上,130×60,縄文(中期)・古墳～歴史,307,139.574716985,35.528413325,JsonThemeAroundPoint:x/y,139.57472217596,35.5283143528065,10689.5060124586,1,12,1838-1430,0,埋蔵文化財包蔵地,5,139.574716985,35.528413325,都筑区NO.276,都筑区,都筑区NO.276,埋蔵文化財包蔵地,,[],畑地,都筑区,池辺町1797付近,縄文(中期)・古墳～歴史,307,散布地,台地上,130×60,,,
1839-1430,1839,1430,埋蔵文化財包蔵地,都筑区NO.277,都筑区NO.277,都筑区NO.277,東方町1832付近,集落跡,畑地・道路・宅地,台地上,130×100,縄文(早期)・弥生(後期)・古墳(前期),308,139.576889065,35.528381105,JsonThemeAroundPoint:x/y,139.576930401195,35.5283352875858,10582.557114486,1,12,1839-1430,0,埋蔵文化財包蔵地,5,139.576889065,35.528381105,都筑区NO.277,都筑区,都筑区NO.277,埋蔵文化財包蔵地,,[],畑地・道路・宅地,都筑区,東方町1832付近,縄文(早期)・弥生(後期)・古墳(前期),308,集落跡,台地上,130×100,,,
1840-1430,1840,1430,埋蔵文化財包蔵地,都筑区NO.278,都筑区NO.278,都筑区NO.278,東方町1389付近,集落跡,畑地・宅地,台地上,200×160,縄文(早・中期),309,139.579137795,35.52938164,JsonThemeAroundPoint:x/y,139.579183622057,35.5294733688127,10573.8720830704,1,12,1840-1430,0,埋蔵文化財包蔵地,5,139.579137795,35.52938164,都筑区NO.278,都筑区,都筑区NO.278,埋蔵文化財包蔵地,,[],畑地・宅地,都筑区,東方町1389付近,縄文(早・中期),309,集落跡,台地上,200×160,,,
1841-1430,1841,1430,埋蔵文化財包蔵地,都筑区NO.279,都筑区NO.279,都筑区NO.279,東方町1428付近,散布地,畑地,台地上,140×80,縄文(早・前・中期),310,139.581463585,35.529006505,JsonThemeAroundPoint:x/y,139.581516478653,35.5289776347143,10433.1476613274,1,12,1841-1430,0,埋蔵文化財包蔵地,5,139.581463585,35.529006505,都筑区NO.279,都筑区,都筑区NO.279,埋蔵文化財包蔵地,,[],畑地,都筑区,東方町1428付近,縄文(早・前・中期),310,散布地,台地上,140×80,,,
1635-1430,1635,1430,埋蔵文化財包蔵地,都筑区NO.28,都筑区NO.28,都筑区NO.28,牛久保二丁目6付近,散布地,宅地,低位台地上,150×120,縄文・弥生,28,139.58237062,35.55983931,JsonThemeAroundPoint:x/y,139.582253472028,35.5597880200827,13498.7628522757,1,12,1635-1430,0,埋蔵文化財包蔵地,5,139.58237062,35.55983931,都筑区NO.28,都筑区,都筑区NO.28,埋蔵文化財包蔵地,,[],宅地,都筑区,牛久保二丁目6付近,縄文・弥生,28,散布地,低位台地上,150×120,,,
1852-1430,1852,1430,埋蔵文化財包蔵地,都筑区NO.280,都筑区NO.280,都筑区NO.280,東方町1498付近,散布地,畑地,台地上,100×90,縄文(早・前・中期)・古墳・歴史,311,139.57814476,35.527127515,JsonThemeAroundPoint:x/y,139.578166692719,35.5270823320687,10404.2571502655,1,12,1852-1430,0,埋蔵文化財包蔵地,5,139.57814476,35.527127515,都筑区NO.280,都筑区,都筑区NO.280,埋蔵文化財包蔵地,,[],畑地,都筑区,東方町1498付近,縄文(早・前・中期)・古墳・歴史,311,散布地,台地上,100×90,,,
1854-1430,1854,1430,埋蔵文化財包蔵地,都筑区NO.281,都筑区NO.281,都筑区NO.281,東方町1513付近,散布地,畑地,台地上,130×120,縄文(早・前・中期)・古墳・歴史,312,139.580353885,35.52733701,JsonThemeAroundPoint:x/y,139.580289241113,35.527369372355,10321.8537192266,1,12,1854-1430,0,埋蔵文化財包蔵地,5,139.580353885,35.52733701,都筑区NO.281,都筑区,都筑区NO.281,埋蔵文化財包蔵地,,[],畑地,都筑区,東方町1513付近,縄文(早・前・中期)・古墳・歴史,312,散布地,台地上,130×120,,,
1856-1430,1856,1430,埋蔵文化財包蔵地,都筑区NO.282,都筑区NO.282,都筑区NO.282,東方町1520付近,散布地,畑地,台地上,100×70,歴史,313,139.581591145,35.52669519,JsonThemeAroundPoint:x/y,139.58163361163,35.5266864688804,10203.8580045633,1,12,1856-1430,0,埋蔵文化財包蔵地,5,139.581591145,35.52669519,都筑区NO.282,都筑区,都筑区NO.282,埋蔵文化財包蔵地,,[],畑地,都筑区,東方町1520付近,歴史,313,散布地,台地上,100×70,,,
1855-1430,1855,1430,埋蔵文化財包蔵地,都筑区NO.283,都筑区NO.283,都筑区NO.283,東方町1582付近,散布地,畑地,台地上,130×110,(不明),314,139.582453475,35.527236635,JsonThemeAroundPoint:x/y,139.582429465554,35.5271640741566,10217.5506497268,1,12,1855-1430,0,埋蔵文化財包蔵地,5,139.582453475,35.527236635,都筑区NO.283,都筑区,都筑区NO.283,埋蔵文化財包蔵地,,[],畑地,都筑区,東方町1582付近,(不明),314,散布地,台地上,130×110,,,
1859-1430,1859,1430,埋蔵文化財包蔵地,都筑区NO.284,都筑区NO.284,都筑区NO.284,東方町1582付近,散布地,畑地,台地・斜面,90×90,縄文(前期)・歴史,315,139.584043855,35.527209915,JsonThemeAroundPoint:x/y,139.583986312294,35.5271009436504,10145.0275104873,1,12,1859-1430,0,埋蔵文化財包蔵地,5,139.584043855,35.527209915,都筑区NO.284,都筑区,都筑区NO.284,埋蔵文化財包蔵地,,[],畑地,都筑区,東方町1582付近,縄文(前期)・歴史,315,散布地,台地・斜面,90×90,,,
1857-1430,1857,1430,埋蔵文化財包蔵地,都筑区NO.285,都筑区NO.285,都筑区NO.285,東方町1237付近,散布地,畑地,台地上,180×100,縄文(前・中期)・古墳～歴史,316,139.582653905,35.52589408,JsonThemeAroundPoint:x/y,139.582744900617,35.5260306664577,10078.6510226169,1,12,1857-1430,0,埋蔵文化財包蔵地,5,139.582653905,35.52589408,都筑区NO.285,都筑区,都筑区NO.285,埋蔵文化財包蔵地,,[],畑地,都筑区,東方町1237付近,縄文(前・中期)・古墳～歴史,316,散布地,台地上,180×100,,,
1858-1430,1858,1430,埋蔵文化財包蔵地,都筑区NO.286,都筑区NO.286,都筑区NO.286,東方町1584付近,散布地,畑地,台地上,120×70,縄文(前期)・古墳(後期)・歴史,317,139.58414458,35.52629807,JsonThemeAroundPoint:x/y,139.584182339252,35.526268407283,10051.7290921171,1,12,1858-1430,0,埋蔵文化財包蔵地,5,139.58414458,35.52629807,都筑区NO.286,都筑区,都筑区NO.286,埋蔵文化財包蔵地,,[],畑地,都筑区,東方町1584付近,縄文(前期)・古墳(後期)・歴史,317,散布地,台地上,120×70,,,
1860-1430,1860,1430,埋蔵文化財包蔵地,都筑区NO.287,都筑区NO.287,都筑区NO.287,東方町1179付近,集落跡・貝塚,畑地,台地上,250×170,縄文(早・前・中期)・古墳～歴史,319,139.584835575,35.525208525,JsonThemeAroundPoint:x/y,139.584752286552,35.5251497414411,9915.35367289676,1,12,1860-1430,0,埋蔵文化財包蔵地,5,139.584835575,35.525208525,都筑区NO.287,都筑区,都筑区NO.287,埋蔵文化財包蔵地,,[],畑地,都筑区,東方町1179付近,縄文(早・前・中期)・古墳～歴史,319,集落跡・貝塚,台地上,250×170,,,
1861-1430,1861,1430,埋蔵文化財包蔵地,都筑区NO.288,都筑区NO.288,都筑区NO.288,東方町1202付近,散布地,畑地,台地斜面,140×90,古墳・歴史,320,139.58500922,35.523464505,JsonThemeAroundPoint:x/y,139.584965949086,35.5235138397795,9738.25915446442,1,12,1861-1430,0,埋蔵文化財包蔵地,5,139.58500922,35.523464505,都筑区NO.288,都筑区,都筑区NO.288,埋蔵文化財包蔵地,,[],畑地,都筑区,東方町1202付近,古墳・歴史,320,散布地,台地斜面,140×90,,,
1851-1430,1851,1430,埋蔵文化財包蔵地,都筑区NO.289,都筑区NO.289,都筑区NO.289,東方町1264付近,散布地,畑地・宅地,台地上,80×40,縄文(早・中期)・古墳(後期),321,139.582831755,35.523809325,JsonThemeAroundPoint:x/y,139.582860723077,35.5238029185347,9869.72610705764,1,12,1851-1430,0,埋蔵文化財包蔵地,5,139.582831755,35.523809325,都筑区NO.289,都筑区,都筑区NO.289,埋蔵文化財包蔵地,,[],畑地・宅地,都筑区,東方町1264付近,縄文(早・中期)・古墳(後期),321,散布地,台地上,80×40,,,
1634-1430,1634,1430,埋蔵文化財包蔵地,都筑区NO.29,都筑区NO.29,都筑区NO.29,牛久保西三丁目10付近,散布地,宅地,台地上,90×90,縄文(早・中期)・平安,29,139.58156134,35.55849726,JsonThemeAroundPoint:x/y,139.581591258735,35.5584518909062,13388.0092677743,1,12,1634-1430,0,埋蔵文化財包蔵地,5,139.58156134,35.55849726,都筑区NO.29,都筑区,都筑区NO.29,埋蔵文化財包蔵地,,[],宅地,都筑区,牛久保西三丁目10付近,縄文(早・中期)・平安,29,散布地,台地上,90×90,,,
1850-1430,1850,1430,埋蔵文化財包蔵地,都筑区NO.290,都筑区NO.290,都筑区NO.290,東方町1327付近,散布地,畑地,台地上,170×80,縄文・古墳,322,139.58076245,35.5244399,JsonThemeAroundPoint:x/y,139.58077016256,35.5244434116675,10025.6714105085,1,12,1850-1430,0,埋蔵文化財包蔵地,5,139.58076245,35.5244399,都筑区NO.290,都筑区,都筑区NO.290,埋蔵文化財包蔵地,,[],畑地,都筑区,東方町1327付近,縄文・古墳,322,散布地,台地上,170×80,,,
1853-1430,1853,1430,埋蔵文化財包蔵地,都筑区NO.291,都筑区NO.291,都筑区NO.291,東方町1360付近,散布地,畑地,台地上,70×70,縄文(前期)・古墳(後期),323,139.58021184,35.52597158,JsonThemeAroundPoint:x/y,139.580233448659,35.5259137740055,10197.5195430181,1,12,1853-1430,0,埋蔵文化財包蔵地,5,139.58021184,35.52597158,都筑区NO.291,都筑区,都筑区NO.291,埋蔵文化財包蔵地,,[],畑地,都筑区,東方町1360付近,縄文(前期)・古墳(後期),323,散布地,台地上,70×70,,,
1848-1430,1848,1430,埋蔵文化財包蔵地,都筑区NO.292,都筑区NO.292,都筑区NO.292,池辺町2957付近,散布地,畑地,台地上,270×160,縄文(中期)・歴史,324,139.5790891,35.52542521,JsonThemeAroundPoint:x/y,139.579049376812,35.5253794545619,10198.005984384,1,12,1848-1430,0,埋蔵文化財包蔵地,5,139.5790891,35.52542521,都筑区NO.292,都筑区,都筑区NO.292,埋蔵文化財包蔵地,,[],畑地,都筑区,池辺町2957付近,縄文(中期)・歴史,324,散布地,台地上,270×160,,,
1849-1430,1849,1430,埋蔵文化財包蔵地,都筑区NO.293,都筑区NO.293,都筑区NO.293,池辺町2964付近,散布地,畑地,台地上・斜面,120×80,古墳・歴史,325,139.579264445,35.52479078,JsonThemeAroundPoint:x/y,139.579259672926,35.5247989977927,10129.5203619755,1,12,1849-1430,0,埋蔵文化財包蔵地,5,139.579264445,35.52479078,都筑区NO.293,都筑区,都筑区NO.293,埋蔵文化財包蔵地,,[],畑地,都筑区,池辺町2964付近,古墳・歴史,325,散布地,台地上・斜面,120×80,,,
482-1430,482,1430,埋蔵文化財包蔵地,都筑区NO.294,都筑区NO.294,都筑区NO.294,池辺町1953付近,散布地,畑地,低位段丘上,,弥生,326,139.57715002,35.52455838,JsonThemeAroundPoint:x/y,139.577149996913,35.5245658222834,10209.2905224187,1,12,482-1430,0,埋蔵文化財包蔵地,5,139.57715002,35.52455838,都筑区NO.294,都筑区,都筑区NO.294,埋蔵文化財包蔵地,,[],畑地,都筑区,池辺町1953付近,弥生,326,散布地,低位段丘上,,,,
1884-1430,1884,1430,埋蔵文化財包蔵地,都筑区NO.295,都筑区NO.295,都筑区NO.295,茅ヶ崎中央56付近,集落跡,宅地,低位段丘上,130×80,古墳・奈良・平安,122,139.57801997,35.54415201,JsonThemeAroundPoint:x/y,139.577988655029,35.5442060003113,12068.0845351363,1,12,1884-1430,0,埋蔵文化財包蔵地,5,139.57801997,35.54415201,都筑区NO.295,都筑区,都筑区NO.295,埋蔵文化財包蔵地,,[],宅地,都筑区,茅ヶ崎中央56付近,古墳・奈良・平安,122,集落跡,低位段丘上,130×80,,,
1900-1430,1900,1430,埋蔵文化財包蔵地,都筑区NO.296,都筑区NO.296,都筑区NO.296,茅ヶ崎南一丁目10付近,猟場,学校・宅地,台地上,200×180,縄文(早・中期),163,139.58575972,35.538228735,JsonThemeAroundPoint:x/y,139.585920896214,35.5381254295051,11169.4435966669,1,12,1900-1430,0,埋蔵文化財包蔵地,5,139.58575972,35.538228735,都筑区NO.296,都筑区,都筑区NO.296,埋蔵文化財包蔵地,,[],学校・宅地,都筑区,茅ヶ崎南一丁目10付近,縄文(早・中期),163,猟場,台地上,200×180,,,
1896-1430,1896,1430,埋蔵文化財包蔵地,都筑区NO.297,都筑区NO.297,都筑区NO.297,茅ヶ崎東一丁目8付近,集落跡・横穴墓,宅地,台地上,250×230,弥生(中・後期)・古墳・奈良・平安,164,139.587665595,35.541360485,JsonThemeAroundPoint:x/y,139.587576305878,35.5414410419726,11416.4924684453,1,12,1896-1430,0,埋蔵文化財包蔵地,5,139.587665595,35.541360485,都筑区NO.297,都筑区,都筑区NO.297,埋蔵文化財包蔵地,,[],宅地,都筑区,茅ヶ崎東一丁目8付近,弥生(中・後期)・古墳・奈良・平安,164,集落跡・横穴墓,台地上,250×230,,,
1899-1430,1899,1430,埋蔵文化財包蔵地,都筑区NO.298,都筑区NO.298,都筑区NO.298,茅ヶ崎東一丁目1付近,集落跡,宅地・雑木林,台地上・斜面,180×120,縄文(前・中期)・古墳・奈良・平安,165,139.587301115,35.539873695,JsonThemeAroundPoint:x/y,139.587355846206,35.5398981033872,11278.2715718831,1,12,1899-1430,0,埋蔵文化財包蔵地,5,139.587301115,35.539873695,都筑区NO.298,都筑区,都筑区NO.298,埋蔵文化財包蔵地,,[],宅地・雑木林,都筑区,茅ヶ崎東一丁目1付近,縄文(前・中期)・古墳・奈良・平安,165,集落跡,台地上・斜面,180×120,,,
1897-1430,1897,1430,埋蔵文化財包蔵地,都筑区NO.299,都筑区NO.299,都筑区NO.299,茅ヶ崎東一丁目5付近,散布地,畑地,台地上,100×70,縄文(早・前期)・弥生・古墳,166,139.58896672,35.54059036,JsonThemeAroundPoint:x/y,139.589004727298,35.5405765999213,11291.2432856804,1,12,1897-1430,0,埋蔵文化財包蔵地,5,139.58896672,35.54059036,都筑区NO.299,都筑区,都筑区NO.299,埋蔵文化財包蔵地,,[],畑地,都筑区,茅ヶ崎東一丁目5付近,縄文(早・前期)・弥生・古墳,166,散布地,台地上,100×70,,,
1619-1430,1619,1430,埋蔵文化財包蔵地,都筑区NO.3,都筑区NO.3,都筑区NO.3,牛久保三丁目27付近,猟場,宅地,台地上,100×80,縄文(早・前・中・後期),3,139.575946415,35.56721247,JsonThemeAroundPoint:x/y,139.575801561474,35.5671524593578,14478.5717072336,1,12,1619-1430,0,埋蔵文化財包蔵地,5,139.575946415,35.56721247,都筑区NO.3,都筑区,都筑区NO.3,埋蔵文化財包蔵地,,[],宅地,都筑区,牛久保三丁目27付近,縄文(早・前・中・後期),3,猟場,台地上,100×80,,,
1636-1430,1636,1430,埋蔵文化財包蔵地,都筑区NO.30,都筑区NO.30,都筑区NO.30,牛久保一丁目24付近,散布地,公園,台地上,210×140,縄文(早・中期)・中世,30,139.583606155,35.55694861,JsonThemeAroundPoint:x/y,139.583667070457,35.5569109392308,13158.617614045,1,12,1636-1430,0,埋蔵文化財包蔵地,5,139.583606155,35.55694861,都筑区NO.30,都筑区,都筑区NO.30,埋蔵文化財包蔵地,,[],公園,都筑区,牛久保一丁目24付近,縄文(早・中期)・中世,30,散布地,台地上,210×140,,,
1898-1430,1898,1430,埋蔵文化財包蔵地,都筑区NO.300,都筑区NO.300,都筑区NO.300,茅ヶ崎東一丁目1付近,集落跡,宅地,台地上,230×180,縄文(早・前・中期)・弥生(中期)・歴史,167,139.58892259,35.53899346,JsonThemeAroundPoint:x/y,139.58905729386,35.5388797159112,11129.5875046695,1,12,1898-1430,0,埋蔵文化財包蔵地,5,139.58892259,35.53899346,都筑区NO.300,都筑区,都筑区NO.300,埋蔵文化財包蔵地,,[],宅地,都筑区,茅ヶ崎東一丁目1付近,縄文(早・前・中期)・弥生(中期)・歴史,167,集落跡,台地上,230×180,,,
1908-1430,1908,1430,埋蔵文化財包蔵地,都筑区NO.301,都筑区NO.301,都筑区NO.301,勝田町1267付近,散布地,畑地・宅地,台地斜面,90×80,縄文(早・前・中期)・弥生(後期)・古墳,168,139.589931035,35.541576525,JsonThemeAroundPoint:x/y,139.589908809803,35.5414976204652,11358.6403745895,1,12,1908-1430,0,埋蔵文化財包蔵地,5,139.589931035,35.541576525,都筑区NO.301,都筑区,都筑区NO.301,埋蔵文化財包蔵地,,[],畑地・宅地,都筑区,勝田町1267付近,縄文(早・前・中期)・弥生(後期)・古墳,168,散布地,台地斜面,90×80,,,
1909-1430,1909,1430,埋蔵文化財包蔵地,都筑区NO.302,都筑区NO.302,都筑区NO.302,勝田町1221付近,散布地,神社境内,台地上,120×50,縄文・弥生・古墳・歴史,169,139.591025685,35.541144245,JsonThemeAroundPoint:x/y,139.590971872486,35.5411187698764,11276.5772107701,1,12,1909-1430,0,埋蔵文化財包蔵地,5,139.591025685,35.541144245,都筑区NO.302,都筑区,都筑区NO.302,埋蔵文化財包蔵地,,[],神社境内,都筑区,勝田町1221付近,縄文・弥生・古墳・歴史,169,散布地,台地上,120×50,,,
1907-1430,1907,1430,埋蔵文化財包蔵地,都筑区NO.303,都筑区NO.303,都筑区NO.303,勝田町252付近,集落跡,宅地,台地上,180×100,縄文(前・中期)・鎌倉～室町,170,139.594157005,35.540739655,JsonThemeAroundPoint:x/y,139.594126078415,35.5407655349663,11131.0181527129,1,12,1907-1430,0,埋蔵文化財包蔵地,5,139.594157005,35.540739655,都筑区NO.303,都筑区,都筑区NO.303,埋蔵文化財包蔵地,,[],宅地,都筑区,勝田町252付近,縄文(前・中期)・鎌倉～室町,170,集落跡,台地上,180×100,,,
1906-1430,1906,1430,埋蔵文化財包蔵地,都筑区NO.304,都筑区NO.304,都筑区NO.304,勝田町185付近,集落跡,宅地・畑地,台地上,240×180,縄文(早・中・後期)・弥生(中期)・古墳,171,139.59257633,35.539061695,JsonThemeAroundPoint:x/y,139.592611206165,35.5392793660141,11009.17213474,1,12,1906-1430,0,埋蔵文化財包蔵地,5,139.59257633,35.539061695,都筑区NO.304,都筑区,都筑区NO.304,埋蔵文化財包蔵地,,[],宅地・畑地,都筑区,勝田町185付近,縄文(早・中・後期)・弥生(中期)・古墳,171,集落跡,台地上,240×180,,,
1910-1430,1910,1430,埋蔵文化財包蔵地,都筑区NO.305,都筑区NO.305,都筑区NO.305,勝田町305付近,集落跡,宅地,台地上,70×40,縄文(早・後期),172,139.59524057,35.539439285,JsonThemeAroundPoint:x/y,139.595165267932,35.539422066383,10960.997053898,1,12,1910-1430,0,埋蔵文化財包蔵地,5,139.59524057,35.539439285,都筑区NO.305,都筑区,都筑区NO.305,埋蔵文化財包蔵地,,[],宅地,都筑区,勝田町305付近,縄文(早・後期),172,集落跡,台地上,70×40,,,
1928-1430,1928,1430,埋蔵文化財包蔵地,都筑区NO.306,都筑区NO.306,都筑区NO.306,早渕二丁目7付近,集落跡・墓地,宅地,台地斜面,250×170,縄文(早・中期)・弥生(中期)・近世,188,139.60341229,35.544080845,JsonThemeAroundPoint:x/y,139.603166933036,35.5439364763155,11218.2628627967,1,12,1928-1430,0,埋蔵文化財包蔵地,5,139.60341229,35.544080845,都筑区NO.306,都筑区,都筑区NO.306,埋蔵文化財包蔵地,,[],宅地,都筑区,早渕二丁目7付近,縄文(早・中期)・弥生(中期)・近世,188,集落跡・墓地,台地斜面,250×170,,,
1927-1430,1927,1430,埋蔵文化財包蔵地,都筑区NO.307,都筑区NO.307,都筑区NO.307,早渕二丁目6付近,墓地・他,宅地,台地上,260×130,縄文(早期)・弥生(中期),189,139.60178582,35.5427531,JsonThemeAroundPoint:x/y,139.601844791729,35.5426415903265,11118.7445560913,1,12,1927-1430,0,埋蔵文化財包蔵地,5,139.60178582,35.5427531,都筑区NO.307,都筑区,都筑区NO.307,埋蔵文化財包蔵地,,[],宅地,都筑区,早渕二丁目6付近,縄文(早期)・弥生(中期),189,墓地・他,台地上,260×130,,,
1926-1430,1926,1430,埋蔵文化財包蔵地,都筑区NO.308,都筑区NO.308,都筑区NO.308,早渕二丁目15付近,集落跡,宅地,台地上,210×160,縄文(早・前・中・後期)・平安,190,139.59983364,35.543152375,JsonThemeAroundPoint:x/y,139.599867397967,35.5429986194301,11214.1610692866,1,12,1926-1430,0,埋蔵文化財包蔵地,5,139.59983364,35.543152375,都筑区NO.308,都筑区,都筑区NO.308,埋蔵文化財包蔵地,,[],宅地,都筑区,早渕二丁目15付近,縄文(早・前・中・後期)・平安,190,集落跡,台地上,210×160,,,
1925-1430,1925,1430,埋蔵文化財包蔵地,都筑区NO.309,都筑区NO.309,都筑区NO.309,勝田町607付近,集落跡,畑地,台地斜面,150×100,縄文(早期)・古墳・歴史,191,139.597927805,35.54166434,JsonThemeAroundPoint:x/y,139.597924026633,35.5416835432041,11111.5971509216,1,12,1925-1430,0,埋蔵文化財包蔵地,5,139.597927805,35.54166434,都筑区NO.309,都筑区,都筑区NO.309,埋蔵文化財包蔵地,,[],畑地,都筑区,勝田町607付近,縄文(早期)・古墳・歴史,191,集落跡,台地斜面,150×100,,,
1637-1430,1637,1430,埋蔵文化財包蔵地,都筑区NO.31,都筑区NO.31,都筑区NO.31,牛久保一丁目24付近,民家跡,荒地,丘陵裾部,80×50,先土器・室町・江戸以降,31,139.58289669,35.555702235,JsonThemeAroundPoint:x/y,139.582933463264,35.555670026815,13054.4176844806,1,12,1637-1430,0,埋蔵文化財包蔵地,5,139.58289669,35.555702235,都筑区NO.31,都筑区,都筑区NO.31,埋蔵文化財包蔵地,,[],荒地,都筑区,牛久保一丁目24付近,先土器・室町・江戸以降,31,民家跡,丘陵裾部,80×50,,,
1920-1430,1920,1430,埋蔵文化財包蔵地,都筑区NO.310,都筑区NO.310,都筑区NO.310,早渕二丁目21付近,集落跡,宅地,台地上,100×100,縄文(早・前・中期),192,139.600181835,35.540394845,JsonThemeAroundPoint:x/y,139.600120939712,35.540356164902,10912.6744401854,1,12,1920-1430,0,埋蔵文化財包蔵地,5,139.600181835,35.540394845,都筑区NO.310,都筑区,都筑区NO.310,埋蔵文化財包蔵地,,[],宅地,都筑区,早渕二丁目21付近,縄文(早・前・中期),192,集落跡,台地上,100×100,,,
1924-1430,1924,1430,埋蔵文化財包蔵地,都筑区NO.311,都筑区NO.311,都筑区NO.311,早渕二丁目4付近,集落跡,宅地,台地上,130×80,縄文(早・前・中期)・弥生・古墳,193,139.60074986,35.54148425,JsonThemeAroundPoint:x/y,139.600825804077,35.5414734027633,11012.0957157444,1,12,1924-1430,0,埋蔵文化財包蔵地,5,139.60074986,35.54148425,都筑区NO.311,都筑区,都筑区NO.311,埋蔵文化財包蔵地,,[],宅地,都筑区,早渕二丁目4付近,縄文(早・前・中期)・弥生・古墳,193,集落跡,台地上,130×80,,,
1923-1430,1923,1430,埋蔵文化財包蔵地,都筑区NO.312,都筑区NO.312,都筑区NO.312,早渕一丁目40付近,集落跡,宅地,台地上,170×150,縄文(中期)・弥生(後期)・平安,194,139.604353055,35.542063185,JsonThemeAroundPoint:x/y,139.604429384907,35.5419716258462,10978.9835289069,1,12,1923-1430,0,埋蔵文化財包蔵地,5,139.604353055,35.542063185,都筑区NO.312,都筑区,都筑区NO.312,埋蔵文化財包蔵地,,[],宅地,都筑区,早渕一丁目40付近,縄文(中期)・弥生(後期)・平安,194,集落跡,台地上,170×150,,,
1921-1430,1921,1430,埋蔵文化財包蔵地,都筑区NO.313,都筑区NO.313,都筑区NO.313,早渕一丁目35付近,塚,宅地,台地上,,縄文(早・中期)・江戸,195,139.603361555,35.54126452,JsonThemeAroundPoint:x/y,139.60336039084,35.5412492844076,10918.9143066598,1,12,1921-1430,0,埋蔵文化財包蔵地,5,139.603361555,35.54126452,都筑区NO.313,都筑区,都筑区NO.313,埋蔵文化財包蔵地,,[],宅地,都筑区,早渕一丁目35付近,縄文(早・中期)・江戸,195,塚,台地上,,,,
1922-1430,1922,1430,埋蔵文化財包蔵地,都筑区NO.314,都筑区NO.314,都筑区NO.314,早渕一丁目31付近,集落跡,宅地,台地上,150×80,縄文(早・中・後期),196,139.604495325,35.540783805,JsonThemeAroundPoint:x/y,139.604595025331,35.5407346194846,10838.6528866977,1,12,1922-1430,0,埋蔵文化財包蔵地,5,139.604495325,35.540783805,都筑区NO.314,都筑区,都筑区NO.314,埋蔵文化財包蔵地,,[],宅地,都筑区,早渕一丁目31付近,縄文(早・中・後期),196,集落跡,台地上,150×80,,,
1919-1430,1919,1430,埋蔵文化財包蔵地,都筑区NO.315,都筑区NO.315,都筑区NO.315,早渕一丁目16付近,集落跡,宅地,台地上,220×150,縄文(早・前・中・後期)・平安,197,139.603007995,35.539785465,JsonThemeAroundPoint:x/y,139.602761228613,35.5397844220319,10770.6476637828,1,12,1919-1430,0,埋蔵文化財包蔵地,5,139.603007995,35.539785465,都筑区NO.315,都筑区,都筑区NO.315,埋蔵文化財包蔵地,,[],宅地,都筑区,早渕一丁目16付近,縄文(早・前・中・後期)・平安,197,集落跡,台地上,220×150,,,
1918-1430,1918,1430,埋蔵文化財包蔵地,都筑区NO.316,都筑区NO.316,都筑区NO.316,早渕一丁目19付近,集落跡,宅地,台地上,130×60,縄文(早期)・平安？,198,139.601124595,35.53931195,JsonThemeAroundPoint:x/y,139.601100519951,35.5392717836475,10771.6520490715,1,12,1918-1430,0,埋蔵文化財包蔵地,5,139.601124595,35.53931195,都筑区NO.316,都筑区,都筑区NO.316,埋蔵文化財包蔵地,,[],宅地,都筑区,早渕一丁目19付近,縄文(早期)・平安？,198,集落跡,台地上,130×60,,,
1917-1430,1917,1430,埋蔵文化財包蔵地,都筑区NO.317,都筑区NO.317,都筑区NO.317,早渕一丁目25付近,集落跡・塚,宅地,台地上,140×100,縄文(早期)・中世,199,139.60416776,35.538286405,JsonThemeAroundPoint:x/y,139.604158754231,35.5382905998389,10580.5697406657,1,12,1917-1430,0,埋蔵文化財包蔵地,5,139.60416776,35.538286405,都筑区NO.317,都筑区,都筑区NO.317,埋蔵文化財包蔵地,,[],宅地,都筑区,早渕一丁目25付近,縄文(早期)・中世,199,集落跡・塚,台地上,140×100,,,
1916-1430,1916,1430,埋蔵文化財包蔵地,都筑区NO.318,都筑区NO.318,都筑区NO.318,早渕一丁目22付近,集落跡・塚,宅地,台地上,180×100,縄文(早期)・歴史,200,139.60208346,35.538333395,JsonThemeAroundPoint:x/y,139.602081031392,35.538275091291,10641.4250638984,1,12,1916-1430,0,埋蔵文化財包蔵地,5,139.60208346,35.538333395,都筑区NO.318,都筑区,都筑区NO.318,埋蔵文化財包蔵地,,[],宅地,都筑区,早渕一丁目22付近,縄文(早期)・歴史,200,集落跡・塚,台地上,180×100,,,
1912-1430,1912,1430,埋蔵文化財包蔵地,都筑区NO.319,都筑区NO.319,都筑区NO.319,早渕一丁目2付近,散布地・塚？,宅地,台地上・斜面,70×60,中世以降？,201,139.60048535,35.537778005,JsonThemeAroundPoint:x/y,139.600469464682,35.5377498701674,10627.7105252234,1,12,1912-1430,0,埋蔵文化財包蔵地,5,139.60048535,35.537778005,都筑区NO.319,都筑区,都筑区NO.319,埋蔵文化財包蔵地,,[],宅地,都筑区,早渕一丁目2付近,中世以降？,201,散布地・塚？,台地上・斜面,70×60,,,
1645-1430,1645,1430,埋蔵文化財包蔵地,都筑区NO.32,都筑区NO.32,都筑区NO.32,中川五丁目16付近,集落跡,宅地,低位台地上,200×150,古墳・奈良・平安・中世・近世,85,139.571431375,35.55441466,JsonThemeAroundPoint:x/y,139.57155563478,35.5543197520363,13356.307520066,1,12,1645-1430,0,埋蔵文化財包蔵地,5,139.571431375,35.55441466,都筑区NO.32,都筑区,都筑区NO.32,埋蔵文化財包蔵地,,[],宅地,都筑区,中川五丁目16付近,古墳・奈良・平安・中世・近世,85,集落跡,低位台地上,200×150,,,
1911-1430,1911,1430,埋蔵文化財包蔵地,都筑区NO.320,都筑区NO.320,都筑区NO.320,早渕一丁目4付近,散布地,宅地,台地上,80×60,(不明),202,139.59823896,35.53784613,JsonThemeAroundPoint:x/y,139.598235131947,35.5378061231737,10701.2890954039,1,12,1911-1430,0,埋蔵文化財包蔵地,5,139.59823896,35.53784613,都筑区NO.320,都筑区,都筑区NO.320,埋蔵文化財包蔵地,,[],宅地,都筑区,早渕一丁目4付近,(不明),202,散布地,台地上,80×60,,,
1901-1430,1901,1430,埋蔵文化財包蔵地,都筑区NO.321,都筑区NO.321,都筑区NO.321,茅ヶ崎南一丁目14付近,散布地,宅地,尾根上,110×60,縄文(早・前期)・古墳,291,139.587913525,35.53655022,JsonThemeAroundPoint:x/y,139.587898653988,35.5365023666009,10918.245138363,1,12,1901-1430,0,埋蔵文化財包蔵地,5,139.587913525,35.53655022,都筑区NO.321,都筑区,都筑区NO.321,埋蔵文化財包蔵地,,[],宅地,都筑区,茅ヶ崎南一丁目14付近,縄文(早・前期)・古墳,291,散布地,尾根上,110×60,,,
1948-1430,1948,1430,埋蔵文化財包蔵地,都筑区NO.322,都筑区NO.322,都筑区NO.322,茅ヶ崎南二丁目3付近,散布地,宅地,台地上,150×100,縄文(中期)・歴史,292,139.58670267,35.534628775,JsonThemeAroundPoint:x/y,139.586753475662,35.5345916400754,10770.6826103397,1,12,1948-1430,0,埋蔵文化財包蔵地,5,139.58670267,35.534628775,都筑区NO.322,都筑区,都筑区NO.322,埋蔵文化財包蔵地,,[],宅地,都筑区,茅ヶ崎南二丁目3付近,縄文(中期)・歴史,292,散布地,台地上,150×100,,,
1902-1430,1902,1430,埋蔵文化財包蔵地,都筑区NO.323,都筑区NO.323,都筑区NO.323,勝田南二丁目6付近,集落跡,宅地,台地上,160×80,縄文(早・中・後期),333,139.59075242,35.53758336,JsonThemeAroundPoint:x/y,139.590797530141,35.537551642237,10920.0872365515,1,12,1902-1430,0,埋蔵文化財包蔵地,5,139.59075242,35.53758336,都筑区NO.323,都筑区,都筑区NO.323,埋蔵文化財包蔵地,,[],宅地,都筑区,勝田南二丁目6付近,縄文(早・中・後期),333,集落跡,台地上,160×80,,,
1903-1430,1903,1430,埋蔵文化財包蔵地,都筑区NO.324,都筑区NO.324,都筑区NO.324,勝田南二丁目17付近,集落跡,宅地,台地上,120×90,縄文(早・中期)・近世,334,139.592996165,35.53687163,JsonThemeAroundPoint:x/y,139.59290927251,35.536911515059,10769.0037026102,1,12,1903-1430,0,埋蔵文化財包蔵地,5,139.592996165,35.53687163,都筑区NO.324,都筑区,都筑区NO.324,埋蔵文化財包蔵地,,[],宅地,都筑区,勝田南二丁目17付近,縄文(早・中期)・近世,334,集落跡,台地上,120×90,,,
1904-1430,1904,1430,埋蔵文化財包蔵地,都筑区NO.325,都筑区NO.325,都筑区NO.325,勝田南二丁目19付近,集落跡,宅地,台地上,160×100,先土器・縄文(早・前・中期),335,139.593939165,35.535701085,JsonThemeAroundPoint:x/y,139.593883991723,35.5357058314217,10616.2303917661,1,12,1904-1430,0,埋蔵文化財包蔵地,5,139.593939165,35.535701085,都筑区NO.325,都筑区,都筑区NO.325,埋蔵文化財包蔵地,,[],宅地,都筑区,勝田南二丁目19付近,先土器・縄文(早・前・中期),335,集落跡,台地上,160×100,,,
1905-1430,1905,1430,埋蔵文化財包蔵地,都筑区NO.326,都筑区NO.326,都筑区NO.326,勝田南一丁目13付近,集落跡,宅地,台地上,360×200,縄文(早・前・中期),336,139.59116571,35.53542545,JsonThemeAroundPoint:x/y,139.591277816101,35.5355700300226,10684.598543801,1,12,1905-1430,0,埋蔵文化財包蔵地,5,139.59116571,35.53542545,都筑区NO.326,都筑区,都筑区NO.326,埋蔵文化財包蔵地,,[],宅地,都筑区,勝田南一丁目13付近,縄文(早・前・中期),336,集落跡,台地上,360×200,,,
1947-1430,1947,1430,埋蔵文化財包蔵地,都筑区NO.327,都筑区NO.327,都筑区NO.327,仲町台五丁目7付近,散布地,宅地,台地上,110×70,縄文(早・中期),337,139.588134445,35.53368084,JsonThemeAroundPoint:x/y,139.588176773332,35.5336716330225,10619.9615187593,1,12,1947-1430,0,埋蔵文化財包蔵地,5,139.588134445,35.53368084,都筑区NO.327,都筑区,都筑区NO.327,埋蔵文化財包蔵地,,[],宅地,都筑区,仲町台五丁目7付近,縄文(早・中期),337,散布地,台地上,110×70,,,
1945-1430,1945,1430,埋蔵文化財包蔵地,都筑区NO.328,都筑区NO.328,都筑区NO.328,仲町台五丁目7付近,集落跡,宅地,台地上,160×90,縄文(早・前・中期)・古墳,338,139.58996229,35.5335963,JsonThemeAroundPoint:x/y,139.589929299044,35.5335415826076,10542.3151771833,1,12,1945-1430,0,埋蔵文化財包蔵地,5,139.58996229,35.5335963,都筑区NO.328,都筑区,都筑区NO.328,埋蔵文化財包蔵地,,[],宅地,都筑区,仲町台五丁目7付近,縄文(早・前・中期)・古墳,338,集落跡,台地上,160×90,,,
1946-1430,1946,1430,埋蔵文化財包蔵地,都筑区NO.329,都筑区NO.329,都筑区NO.329,仲町台五丁目7付近,集落跡,宅地,台地上,90×60,縄文(早・中・後期),339,139.590072405,35.53292078,JsonThemeAroundPoint:x/y,139.590109129726,35.5329195617764,10469.7240981431,1,12,1946-1430,0,埋蔵文化財包蔵地,5,139.590072405,35.53292078,都筑区NO.329,都筑区,都筑区NO.329,埋蔵文化財包蔵地,,[],宅地,都筑区,仲町台五丁目7付近,縄文(早・中・後期),339,集落跡,台地上,90×60,,,
472-1430,472,1430,埋蔵文化財包蔵地,都筑区NO.33,都筑区NO.33,都筑区NO.33,中川五丁目2付近,散布地,宅地,丘陵上,80×70,縄文(早・前期),86,139.57469652,35.554952775,JsonThemeAroundPoint:x/y,139.574696496494,35.5549609645065,13279.8007710462,1,12,472-1430,0,埋蔵文化財包蔵地,5,139.57469652,35.554952775,都筑区NO.33,都筑区,都筑区NO.33,埋蔵文化財包蔵地,,[],宅地,都筑区,中川五丁目2付近,縄文(早・前期),86,散布地,丘陵上,80×70,,,
1944-1430,1944,1430,埋蔵文化財包蔵地,都筑区NO.330,都筑区NO.330,都筑区NO.330,仲町台一丁目28付近,集落跡,宅地,台地上,130×90,縄文(早・前・中期),340,139.591805805,35.53329968,JsonThemeAroundPoint:x/y,139.591807665068,35.533296365632,10444.5169177171,1,12,1944-1430,0,埋蔵文化財包蔵地,5,139.591805805,35.53329968,都筑区NO.330,都筑区,都筑区NO.330,埋蔵文化財包蔵地,,[],宅地,都筑区,仲町台一丁目28付近,縄文(早・前・中期),340,集落跡,台地上,130×90,,,
1943-1430,1943,1430,埋蔵文化財包蔵地,都筑区NO.331,都筑区NO.331,都筑区NO.331,仲町台一丁目6付近,散布地,宅地,台地上,120×70,縄文(早・前・中期),341,139.593033255,35.53260149,JsonThemeAroundPoint:x/y,139.593035781502,35.5325908791687,10329.18271265,1,12,1943-1430,0,埋蔵文化財包蔵地,5,139.593033255,35.53260149,都筑区NO.331,都筑区,都筑区NO.331,埋蔵文化財包蔵地,,[],宅地,都筑区,仲町台一丁目6付近,縄文(早・前・中期),341,散布地,台地上,120×70,,,
1942-1430,1942,1430,埋蔵文化財包蔵地,都筑区NO.332,都筑区NO.332,都筑区NO.332,仲町台二丁目19付近,包含地,宅地,台地上,150×90,縄文(早・前・中期),342,139.594075255,35.533486775,JsonThemeAroundPoint:x/y,139.594164385374,35.5333856801954,10383.4773249299,1,12,1942-1430,0,埋蔵文化財包蔵地,5,139.594075255,35.533486775,都筑区NO.332,都筑区,都筑区NO.332,埋蔵文化財包蔵地,,[],宅地,都筑区,仲町台二丁目19付近,縄文(早・前・中期),342,包含地,台地上,150×90,,,
1933-1430,1933,1430,埋蔵文化財包蔵地,都筑区NO.333,都筑区NO.333,都筑区NO.333,新栄町17付近,集落跡,公園,台地上,110×70,縄文(早・中期),343,139.59522504,35.53458952,JsonThemeAroundPoint:x/y,139.595299162255,35.5345867732914,10458.1464955939,1,12,1933-1430,0,埋蔵文化財包蔵地,5,139.59522504,35.53458952,都筑区NO.333,都筑区,都筑区NO.333,埋蔵文化財包蔵地,,[],公園,都筑区,新栄町17付近,縄文(早・中期),343,集落跡,台地上,110×70,,,
1934-1430,1934,1430,埋蔵文化財包蔵地,都筑区NO.334,都筑区NO.334,都筑区NO.334,仲町台二丁目18付近,集落跡,宅地,台地上,200×180,縄文(早・前・中期),344,139.59615742,35.533902405,JsonThemeAroundPoint:x/y,139.596104632632,35.5339030803565,10356.0713485212,1,12,1934-1430,0,埋蔵文化財包蔵地,5,139.59615742,35.533902405,都筑区NO.334,都筑区,都筑区NO.334,埋蔵文化財包蔵地,,[],宅地,都筑区,仲町台二丁目18付近,縄文(早・前・中期),344,集落跡,台地上,200×180,,,
1935-1430,1935,1430,埋蔵文化財包蔵地,都筑区NO.335,都筑区NO.335,都筑区NO.335,仲町台二丁目5付近,包含地,宅地,丘陵上,80×70,縄文(早期),345,139.595761685,35.53261218,JsonThemeAroundPoint:x/y,139.595797843119,35.5326207582615,10235.798582377,1,12,1935-1430,0,埋蔵文化財包蔵地,5,139.595761685,35.53261218,都筑区NO.335,都筑区,都筑区NO.335,埋蔵文化財包蔵地,,[],宅地,都筑区,仲町台二丁目5付近,縄文(早期),345,包含地,丘陵上,80×70,,,
1937-1430,1937,1430,埋蔵文化財包蔵地,都筑区NO.336,都筑区NO.336,都筑区NO.336,仲町台二丁目9付近,散布地,宅地,台地上,140×90,縄文(早期),346,139.59514312,35.53230378,JsonThemeAroundPoint:x/y,139.595154932975,35.5323757018297,10224.995899881,1,12,1937-1430,0,埋蔵文化財包蔵地,5,139.59514312,35.53230378,都筑区NO.336,都筑区,都筑区NO.336,埋蔵文化財包蔵地,,[],宅地,都筑区,仲町台二丁目9付近,縄文(早期),346,散布地,台地上,140×90,,,
1939-1430,1939,1430,埋蔵文化財包蔵地,都筑区NO.337,都筑区NO.337,都筑区NO.337,仲町台二丁目7付近,包含地,宅地,台地上,100×70,縄文(早・中・後期),347,139.59545196,35.531521185,JsonThemeAroundPoint:x/y,139.595525455389,35.5315092149334,10133.8152413132,1,12,1939-1430,0,埋蔵文化財包蔵地,5,139.59545196,35.531521185,都筑区NO.337,都筑区,都筑区NO.337,埋蔵文化財包蔵地,,[],宅地,都筑区,仲町台二丁目7付近,縄文(早・中・後期),347,包含地,台地上,100×70,,,
1958-1430,1958,1430,埋蔵文化財包蔵地,都筑区NO.338,都筑区NO.338,都筑区NO.338,仲町台四丁目4付近,集落跡,宅地,台地上,130×80,縄文(早期),348,139.59422188,35.52944117,JsonThemeAroundPoint:x/y,139.594265422367,35.5294508106172,9963.61432278165,1,12,1958-1430,0,埋蔵文化財包蔵地,5,139.59422188,35.52944117,都筑区NO.338,都筑区,都筑区NO.338,埋蔵文化財包蔵地,,[],宅地,都筑区,仲町台四丁目4付近,縄文(早期),348,集落跡,台地上,130×80,,,
1959-1430,1959,1430,埋蔵文化財包蔵地,都筑区NO.339,都筑区NO.339,都筑区NO.339,仲町台四丁目3付近,散布地,宅地,台地上,70×60,縄文(前期),349,139.594027,35.53020664,JsonThemeAroundPoint:x/y,139.594058560205,35.5301669323228,10048.8181209718,1,12,1959-1430,0,埋蔵文化財包蔵地,5,139.594027,35.53020664,都筑区NO.339,都筑区,都筑区NO.339,埋蔵文化財包蔵地,,[],宅地,都筑区,仲町台四丁目3付近,縄文(前期),349,散布地,台地上,70×60,,,
1646-1430,1646,1430,埋蔵文化財包蔵地,都筑区NO.34,都筑区NO.34,都筑区NO.34,中川五丁目5付近,散布地,宅地,台地上,180×90,縄文(早・中期)・古墳・歴史,87,139.57477011,35.553622915,JsonThemeAroundPoint:x/y,139.574639708369,35.5535992018204,13143.5143151189,1,12,1646-1430,0,埋蔵文化財包蔵地,5,139.57477011,35.553622915,都筑区NO.34,都筑区,都筑区NO.34,埋蔵文化財包蔵地,,[],宅地,都筑区,中川五丁目5付近,縄文(早・中期)・古墳・歴史,87,散布地,台地上,180×90,,,
1960-1430,1960,1430,埋蔵文化財包蔵地,都筑区NO.340,都筑区NO.340,都筑区NO.340,仲町台四丁目19付近,散布地,宅地,台地上,100×100,縄文(早期)・近世,350,139.59281314,35.53066295,JsonThemeAroundPoint:x/y,139.592820006628,35.5305981486054,10139.1709873539,1,12,1960-1430,0,埋蔵文化財包蔵地,5,139.59281314,35.53066295,都筑区NO.340,都筑区,都筑区NO.340,埋蔵文化財包蔵地,,[],宅地,都筑区,仲町台四丁目19付近,縄文(早期)・近世,350,散布地,台地上,100×100,,,
1962-1430,1962,1430,埋蔵文化財包蔵地,都筑区NO.341,都筑区NO.341,都筑区NO.341,仲町台四丁目26付近,集落跡,宅地,台地上,270×130,縄文(早・中期),351,139.58996119,35.530734165,JsonThemeAroundPoint:x/y,139.589951585257,35.5307531961074,10252.9020957857,1,12,1962-1430,0,埋蔵文化財包蔵地,5,139.58996119,35.530734165,都筑区NO.341,都筑区,都筑区NO.341,埋蔵文化財包蔵地,,[],宅地,都筑区,仲町台四丁目26付近,縄文(早・中期),351,集落跡,台地上,270×130,,,
1961-1430,1961,1430,埋蔵文化財包蔵地,都筑区NO.342,都筑区NO.342,都筑区NO.342,桜並木21付近,集落跡,宅地,台地上,260×200,縄文(早・前・中期),352,139.58701493,35.531283675,JsonThemeAroundPoint:x/y,139.587224215113,35.5313500058783,10423.3435535644,1,12,1961-1430,0,埋蔵文化財包蔵地,5,139.58701493,35.531283675,都筑区NO.342,都筑区,都筑区NO.342,埋蔵文化財包蔵地,,[],宅地,都筑区,桜並木21付近,縄文(早・前・中期),352,集落跡,台地上,260×200,,,
1974-1430,1974,1430,埋蔵文化財包蔵地,都筑区NO.343,都筑区NO.343,都筑区NO.343,東方町1793付近,散布地,畑地,台地上・斜面,120×100,縄文(前・中期),353,139.585488215,35.529379655,JsonThemeAroundPoint:x/y,139.58551337841,35.5293824117571,10296.5887409795,1,12,1974-1430,0,埋蔵文化財包蔵地,5,139.585488215,35.529379655,都筑区NO.343,都筑区,都筑区NO.343,埋蔵文化財包蔵地,,[],畑地,都筑区,東方町1793付近,縄文(前・中期),353,散布地,台地上・斜面,120×100,,,
1972-1430,1972,1430,埋蔵文化財包蔵地,都筑区NO.344,都筑区NO.344,都筑区NO.344,東方町1804付近,散布地,畑地,台地上・斜面,70×70,縄文(早・中期),354,139.586856825,35.529723195,JsonThemeAroundPoint:x/y,139.586865841535,35.5296428046313,10274.2614296508,1,12,1972-1430,0,埋蔵文化財包蔵地,5,139.586856825,35.529723195,都筑区NO.344,都筑区,都筑区NO.344,埋蔵文化財包蔵地,,[],畑地,都筑区,東方町1804付近,縄文(早・中期),354,散布地,台地上・斜面,70×70,,,
1971-1430,1971,1430,埋蔵文化財包蔵地,都筑区NO.345,都筑区NO.345,都筑区NO.345,東方町1053付近,散布地,畑地,台地上・斜面,120×80,縄文(後期),355,139.586868225,35.52897701,JsonThemeAroundPoint:x/y,139.586896181268,35.5289165243518,10199.6877909173,1,12,1971-1430,0,埋蔵文化財包蔵地,5,139.586868225,35.52897701,都筑区NO.345,都筑区,都筑区NO.345,埋蔵文化財包蔵地,,[],畑地,都筑区,東方町1053付近,縄文(後期),355,散布地,台地上・斜面,120×80,,,
1970-1430,1970,1430,埋蔵文化財包蔵地,都筑区NO.346,都筑区NO.346,都筑区NO.346,東方町1047付近,散布地,畑地,台地上・斜面,70×60,縄文(中期),356,139.587007515,35.528233615,JsonThemeAroundPoint:x/y,139.587016608337,35.5282455104572,10120.249913691,1,12,1970-1430,0,埋蔵文化財包蔵地,5,139.587007515,35.528233615,都筑区NO.346,都筑区,都筑区NO.346,埋蔵文化財包蔵地,,[],畑地,都筑区,東方町1047付近,縄文(中期),356,散布地,台地上・斜面,70×60,,,
1973-1430,1973,1430,埋蔵文化財包蔵地,都筑区NO.347,都筑区NO.347,都筑区NO.347,折本町2197付近,散布地,畑地,台地上,150×100,縄文(早・前期),357,139.5880919,35.529081365,JsonThemeAroundPoint:x/y,139.588161794565,35.5290782659837,10160.4389457761,1,12,1973-1430,0,埋蔵文化財包蔵地,5,139.5880919,35.529081365,都筑区NO.347,都筑区,都筑区NO.347,埋蔵文化財包蔵地,,[],畑地,都筑区,折本町2197付近,縄文(早・前期),357,散布地,台地上,150×100,,,
1969-1430,1969,1430,埋蔵文化財包蔵地,都筑区NO.348,都筑区NO.348,都筑区NO.348,東方町1043付近,散布地,畑地,台地上・斜面,90×70,縄文(早・前・中期),358,139.58806744,35.527361,JsonThemeAroundPoint:x/y,139.588057857085,35.5273126413425,9990.21365974774,1,12,1969-1430,0,埋蔵文化財包蔵地,5,139.58806744,35.527361,都筑区NO.348,都筑区,都筑区NO.348,埋蔵文化財包蔵地,,[],畑地,都筑区,東方町1043付近,縄文(早・前・中期),358,散布地,台地上・斜面,90×70,,,
1963-1430,1963,1430,埋蔵文化財包蔵地,都筑区NO.349,都筑区NO.349,都筑区NO.349,折本町2245付近,散布地,畑地,台地上,150×100,縄文(早・前・中期)・古墳・歴史,359,139.590728045,35.528911155,JsonThemeAroundPoint:x/y,139.590761875339,35.5288903430353,10039.7519074247,1,12,1963-1430,0,埋蔵文化財包蔵地,5,139.590728045,35.528911155,都筑区NO.349,都筑区,都筑区NO.349,埋蔵文化財包蔵地,,[],畑地,都筑区,折本町2245付近,縄文(早・前・中期)・古墳・歴史,359,散布地,台地上,150×100,,,
1641-1430,1641,1430,埋蔵文化財包蔵地,都筑区NO.35,都筑区NO.35,都筑区NO.35,牛久保西二丁目16付近,散布地,宅地,台地上,150×80,縄文(中期),88,139.577407435,35.55428465,JsonThemeAroundPoint:x/y,139.577427265981,35.5542147044944,13108.3636094245,1,12,1641-1430,0,埋蔵文化財包蔵地,5,139.577407435,35.55428465,都筑区NO.35,都筑区,都筑区NO.35,埋蔵文化財包蔵地,,[],宅地,都筑区,牛久保西二丁目16付近,縄文(中期),88,散布地,台地上,150×80,,,
1968-1430,1968,1430,埋蔵文化財包蔵地,都筑区NO.350,都筑区NO.350,都筑区NO.350,折本町2159付近,散布地,畑地,台地斜面,100×100,縄文(早・中期),360,139.590293785,35.527794535,JsonThemeAroundPoint:x/y,139.590198751011,35.5277283714839,9944.3769493047,1,12,1968-1430,0,埋蔵文化財包蔵地,5,139.590293785,35.527794535,都筑区NO.350,都筑区,都筑区NO.350,埋蔵文化財包蔵地,,[],畑地,都筑区,折本町2159付近,縄文(早・中期),360,散布地,台地斜面,100×100,,,
1964-1430,1964,1430,埋蔵文化財包蔵地,都筑区NO.351,都筑区NO.351,都筑区NO.351,折本町2081付近,集落跡,宅地,台地上,200×150,縄文(早・中期),361,139.59219719,35.529055465,JsonThemeAroundPoint:x/y,139.59221292632,35.5290042697911,9998.58369824771,1,12,1964-1430,0,埋蔵文化財包蔵地,5,139.59219719,35.529055465,都筑区NO.351,都筑区,都筑区NO.351,埋蔵文化財包蔵地,,[],宅地,都筑区,折本町2081付近,縄文(早・中期),361,集落跡,台地上,200×150,,,
1967-1430,1967,1430,埋蔵文化財包蔵地,都筑区NO.352,都筑区NO.352,都筑区NO.352,折本町2137付近,散布地,畑地,台地上,140×90,縄文(早・中・後期)・古墳・歴史,362,139.59238792,35.527218255,JsonThemeAroundPoint:x/y,139.592456313408,35.5271640412474,9805.5419547795,1,12,1967-1430,0,埋蔵文化財包蔵地,5,139.59238792,35.527218255,都筑区NO.352,都筑区,都筑区NO.352,埋蔵文化財包蔵地,,[],畑地,都筑区,折本町2137付近,縄文(早・中・後期)・古墳・歴史,362,散布地,台地上,140×90,,,
1965-1430,1965,1430,埋蔵文化財包蔵地,都筑区NO.353,都筑区NO.353,都筑区NO.353,仲町台四丁目11付近,包含地,畑地・宅地,台地上,130×50,縄文(早・前・中期),363,139.5937157,35.52840572,JsonThemeAroundPoint:x/y,139.593730537055,35.5283713923933,9876.39137415205,1,12,1965-1430,0,埋蔵文化財包蔵地,5,139.5937157,35.52840572,都筑区NO.353,都筑区,都筑区NO.353,埋蔵文化財包蔵地,,[],畑地・宅地,都筑区,仲町台四丁目11付近,縄文(早・前・中期),363,包含地,台地上,130×50,,,
1966-1430,1966,1430,埋蔵文化財包蔵地,都筑区NO.354,都筑区NO.354,都筑区NO.354,折本町2030付近,集落跡・墓地,畑地・宅地,台地上・斜面,270×100,縄文(早～後期)・弥生・古墳・歴史,364,139.594118875,35.52679968,JsonThemeAroundPoint:x/y,139.594015591686,35.5266833645971,9698.27600028527,1,12,1966-1430,0,埋蔵文化財包蔵地,5,139.594118875,35.52679968,都筑区NO.354,都筑区,都筑区NO.354,埋蔵文化財包蔵地,,[],畑地・宅地,都筑区,折本町2030付近,縄文(早～後期)・弥生・古墳・歴史,364,集落跡・墓地,台地上・斜面,270×100,,,
1986-1430,1986,1430,埋蔵文化財包蔵地,都筑区NO.355,都筑区NO.355,都筑区NO.355,東方町551付近,散布地,畑地,台地上,140×100,歴史,365,139.587714835,35.522321585,JsonThemeAroundPoint:x/y,139.587681077241,35.5222409528906,9508.33498734231,1,12,1986-1430,0,埋蔵文化財包蔵地,5,139.587714835,35.522321585,都筑区NO.355,都筑区,都筑区NO.355,埋蔵文化財包蔵地,,[],畑地,都筑区,東方町551付近,歴史,365,散布地,台地上,140×100,,,
1977-1430,1977,1430,埋蔵文化財包蔵地,都筑区NO.356,都筑区NO.356,都筑区NO.356,折本町1576付近,散布地,畑地,台地上,140×100,縄文・歴史,370,139.589521235,35.522797705,JsonThemeAroundPoint:x/y,139.589510719058,35.5227915637622,9478.32485314536,1,12,1977-1430,0,埋蔵文化財包蔵地,5,139.589521235,35.522797705,都筑区NO.356,都筑区,都筑区NO.356,埋蔵文化財包蔵地,,[],畑地,都筑区,折本町1576付近,縄文・歴史,370,散布地,台地上,140×100,,,
1976-1430,1976,1430,埋蔵文化財包蔵地,都筑区NO.357,都筑区NO.357,都筑区NO.357,折本町1607付近,散布地,畑地,台地上,150×70,縄文・古墳・歴史,371,139.59025188,35.523557315,JsonThemeAroundPoint:x/y,139.590167318741,35.5234353001124,9523.2721012653,1,12,1976-1430,0,埋蔵文化財包蔵地,5,139.59025188,35.523557315,都筑区NO.357,都筑区,都筑区NO.357,埋蔵文化財包蔵地,,[],畑地,都筑区,折本町1607付近,縄文・古墳・歴史,371,散布地,台地上,150×70,,,
1978-1430,1978,1430,埋蔵文化財包蔵地,都筑区NO.358,都筑区NO.358,都筑区NO.358,折本町1598付近,散布地,畑地,台地上,100×100,,372,139.590916575,35.521973245,JsonThemeAroundPoint:x/y,139.590994037342,35.5220523553729,9338.88929073646,1,12,1978-1430,0,埋蔵文化財包蔵地,5,139.590916575,35.521973245,都筑区NO.358,都筑区,都筑区NO.358,埋蔵文化財包蔵地,,[],畑地,都筑区,折本町1598付近,,372,散布地,台地上,100×100,,,
1979-1430,1979,1430,埋蔵文化財包蔵地,都筑区NO.359,都筑区NO.359,都筑区NO.359,折本町1862付近,散布地,畑地,低位台地上,90×80,縄文・弥生・歴史,373,139.59300712,35.523442885,JsonThemeAroundPoint:x/y,139.593039093382,35.5234196502111,9401.55265113398,1,12,1979-1430,0,埋蔵文化財包蔵地,5,139.59300712,35.523442885,都筑区NO.359,都筑区,都筑区NO.359,埋蔵文化財包蔵地,,[],畑地,都筑区,折本町1862付近,縄文・弥生・歴史,373,散布地,低位台地上,90×80,,,
1649-1430,1649,1430,埋蔵文化財包蔵地,都筑区NO.36,都筑区NO.36,都筑区NO.36,中川六丁目1付近,集落跡,宅地,台地上・斜面,180×140,縄文(早・前・中期),89,139.577794495,35.55257037,JsonThemeAroundPoint:x/y,139.577701491687,35.5523894493377,12920.5011355424,1,12,1649-1430,0,埋蔵文化財包蔵地,5,139.577794495,35.55257037,都筑区NO.36,都筑区,都筑区NO.36,埋蔵文化財包蔵地,,[],宅地,都筑区,中川六丁目1付近,縄文(早・前・中期),89,集落跡,台地上・斜面,180×140,,,
1980-1430,1980,1430,埋蔵文化財包蔵地,都筑区NO.360,都筑区NO.360,都筑区NO.360,折本町1400付近,集落跡,畑地・宅地,台地上,420×200,縄文(早・前・中・後期)・弥生(中・後期)・古墳・歴史,374,139.59433749,35.52294698,JsonThemeAroundPoint:x/y,139.594457807809,35.5223708941436,9300.16703042939,1,12,1980-1430,0,埋蔵文化財包蔵地,5,139.59433749,35.52294698,都筑区NO.360,都筑区,都筑区NO.360,埋蔵文化財包蔵地,,[],畑地・宅地,都筑区,折本町1400付近,縄文(早・前・中・後期)・弥生(中・後期)・古墳・歴史,374,集落跡,台地上,420×200,,,
1975-1430,1975,1430,埋蔵文化財包蔵地,都筑区NO.361,都筑区NO.361,都筑区NO.361,東方町1141付近,集落跡,畑地,台地上,110×70,縄文(前期)・古墳(後期),318,139.587001375,35.525771965,JsonThemeAroundPoint:x/y,139.586967741673,35.5257321087854,9877.3524851902,1,12,1975-1430,0,埋蔵文化財包蔵地,5,139.587001375,35.525771965,都筑区NO.361,都筑区,都筑区NO.361,埋蔵文化財包蔵地,,[],畑地,都筑区,東方町1141付近,縄文(前期)・古墳(後期),318,集落跡,台地上,110×70,,,
1913-1430,1913,1430,埋蔵文化財包蔵地,都筑区NO.362,都筑区NO.362,都筑区NO.362,早渕一丁目1付近,散布地・塚？,宅地,台地上・斜面,70×60,中世以降？,377,139.60133342,35.537399275,JsonThemeAroundPoint:x/y,139.601315597847,35.5373643140941,10563.5060809894,1,12,1913-1430,0,埋蔵文化財包蔵地,5,139.60133342,35.537399275,都筑区NO.362,都筑区,都筑区NO.362,埋蔵文化財包蔵地,,[],宅地,都筑区,早渕一丁目1付近,中世以降？,377,散布地・塚？,台地上・斜面,70×60,,,
1932-1430,1932,1430,埋蔵文化財包蔵地,都筑区NO.363,都筑区NO.363,都筑区NO.363,新栄町14付近,集落跡,宅地,低位台地上,70×70,縄文(早期),378,139.599622615,35.53627476,JsonThemeAroundPoint:x/y,139.599652699365,35.5362209850117,10494.7685029713,1,12,1932-1430,0,埋蔵文化財包蔵地,5,139.599622615,35.53627476,都筑区NO.363,都筑区,都筑区NO.363,埋蔵文化財包蔵地,,[],宅地,都筑区,新栄町14付近,縄文(早期),378,集落跡,低位台地上,70×70,,,
1929-1430,1929,1430,埋蔵文化財包蔵地,都筑区NO.364,都筑区NO.364,都筑区NO.364,新栄町14付近,集落跡,宅地,台地上,140×110,縄文(早・前・中期),379,139.598131035,35.53616183,JsonThemeAroundPoint:x/y,139.59811739179,35.5361022925888,10528.238811934,1,12,1929-1430,0,埋蔵文化財包蔵地,5,139.598131035,35.53616183,都筑区NO.364,都筑区,都筑区NO.364,埋蔵文化財包蔵地,,[],宅地,都筑区,新栄町14付近,縄文(早・前・中期),379,集落跡,台地上,140×110,,,
1931-1430,1931,1430,埋蔵文化財包蔵地,都筑区NO.365,都筑区NO.365,都筑区NO.365,新栄町5付近,集落跡,宅地,台地上,120×100,縄文(早・中期),380,139.59946691,35.535481415,JsonThemeAroundPoint:x/y,139.599531201577,35.5354886640404,10416.1662568404,1,12,1931-1430,0,埋蔵文化財包蔵地,5,139.59946691,35.535481415,都筑区NO.365,都筑区,都筑区NO.365,埋蔵文化財包蔵地,,[],宅地,都筑区,新栄町5付近,縄文(早・中期),380,集落跡,台地上,120×100,,,
1930-1430,1930,1430,埋蔵文化財包蔵地,都筑区NO.366,都筑区NO.366,都筑区NO.366,新栄町15付近,集落跡,学校・研究所,台地上,220×150,縄文(早・前・中期),381,139.59833252,35.534981255,JsonThemeAroundPoint:x/y,139.598305487137,35.5348621079701,10398.5888289124,1,12,1930-1430,0,埋蔵文化財包蔵地,5,139.59833252,35.534981255,都筑区NO.366,都筑区,都筑区NO.366,埋蔵文化財包蔵地,,[],学校・研究所,都筑区,新栄町15付近,縄文(早・前・中期),381,集落跡,台地上,220×150,,,
1936-1430,1936,1430,埋蔵文化財包蔵地,都筑区NO.367,都筑区NO.367,都筑区NO.367,新栄町1付近,集落跡,学校・宅地,台地上,120×90,縄文(早期),382,139.597545585,35.53355803,JsonThemeAroundPoint:x/y,139.597472332815,35.5334326066117,10275.1160656076,1,12,1936-1430,0,埋蔵文化財包蔵地,5,139.597545585,35.53355803,都筑区NO.367,都筑区,都筑区NO.367,埋蔵文化財包蔵地,,[],学校・宅地,都筑区,新栄町1付近,縄文(早期),382,集落跡,台地上,120×90,,,
1940-1430,1940,1430,埋蔵文化財包蔵地,都筑区NO.368,都筑区NO.368,都筑区NO.368,仲町台三丁目1付近,集落跡,宅地,台地上,100×60,縄文(早・中期),383,139.597282325,35.53256037,JsonThemeAroundPoint:x/y,139.597319193364,35.5325679842549,10179.9912311559,1,12,1940-1430,0,埋蔵文化財包蔵地,5,139.597282325,35.53256037,都筑区NO.368,都筑区,都筑区NO.368,埋蔵文化財包蔵地,,[],宅地,都筑区,仲町台三丁目1付近,縄文(早・中期),383,集落跡,台地上,100×60,,,
1938-1430,1938,1430,埋蔵文化財包蔵地,都筑区NO.369,都筑区NO.369,都筑区NO.369,仲町台二丁目6付近,集落跡,宅地,台地斜面,160×110,縄文(早期),384,139.596674235,35.53199157,JsonThemeAroundPoint:x/y,139.596620700918,35.5321505948634,10141.0900065106,1,12,1938-1430,0,埋蔵文化財包蔵地,5,139.596674235,35.53199157,都筑区NO.369,都筑区,都筑区NO.369,埋蔵文化財包蔵地,,[],宅地,都筑区,仲町台二丁目6付近,縄文(早期),384,集落跡,台地斜面,160×110,,,
1650-1430,1650,1430,埋蔵文化財包蔵地,都筑区NO.37,都筑区NO.37,都筑区NO.37,中川六丁目1付近,散布地,宅地,台地斜面,120×100,古墳～歴史,90,139.57742457,35.551234625,JsonThemeAroundPoint:x/y,139.577428242264,35.5512393135584,12800.1211387403,1,12,1650-1430,0,埋蔵文化財包蔵地,5,139.57742457,35.551234625,都筑区NO.37,都筑区,都筑区NO.37,埋蔵文化財包蔵地,,[],宅地,都筑区,中川六丁目1付近,古墳～歴史,90,散布地,台地斜面,120×100,,,
1941-1430,1941,1430,埋蔵文化財包蔵地,都筑区NO.370,都筑区NO.370,都筑区NO.370,仲町台三丁目9付近,集落跡,宅地,台地上,100×70,縄文(早期),385,139.598469645,35.5321294,JsonThemeAroundPoint:x/y,139.598478828058,35.5320291169005,10096.8431184701,1,12,1941-1430,0,埋蔵文化財包蔵地,5,139.598469645,35.5321294,都筑区NO.370,都筑区,都筑区NO.370,埋蔵文化財包蔵地,,[],宅地,都筑区,仲町台三丁目9付近,縄文(早期),385,集落跡,台地上,100×70,,,
484-1430,484,1430,埋蔵文化財包蔵地,都筑区NO.371,都筑区NO.371,都筑区NO.371,仲町台三丁目3付近,集落跡,宅地,台地上,90×70,縄文(早・中期),386,139.596661345,35.52992465,JsonThemeAroundPoint:x/y,139.596661323453,35.5299320918057,9928.00490950106,1,12,484-1430,0,埋蔵文化財包蔵地,5,139.596661345,35.52992465,都筑区NO.371,都筑区,都筑区NO.371,埋蔵文化財包蔵地,,[],宅地,都筑区,仲町台三丁目3付近,縄文(早・中期),386,集落跡,台地上,90×70,,,
1949-1430,1949,1430,埋蔵文化財包蔵地,都筑区NO.372,都筑区NO.372,都筑区NO.372,仲町台三丁目16付近,集落跡,宅地,台地上,350×200,縄文(早・中期)・古墳・奈良,387,139.59869236,35.5298297,JsonThemeAroundPoint:x/y,139.598982254736,35.5298581399507,9850.58363616386,1,12,1949-1430,0,埋蔵文化財包蔵地,5,139.59869236,35.5298297,都筑区NO.372,都筑区,都筑区NO.372,埋蔵文化財包蔵地,,[],宅地,都筑区,仲町台三丁目16付近,縄文(早・中期)・古墳・奈良,387,集落跡,台地上,350×200,,,
1951-1430,1951,1430,埋蔵文化財包蔵地,都筑区NO.373,都筑区NO.373,都筑区NO.373,仲町台三丁目12付近,集落跡・墓地,宅地,台地上・斜面,150×110,縄文(早・前・中期)・古墳～歴史,388,139.597350195,35.528592165,JsonThemeAroundPoint:x/y,139.597135191823,35.5286948429146,9767.17927680736,1,12,1951-1430,0,埋蔵文化財包蔵地,5,139.597350195,35.528592165,都筑区NO.373,都筑区,都筑区NO.373,埋蔵文化財包蔵地,,[],宅地,都筑区,仲町台三丁目12付近,縄文(早・前・中期)・古墳～歴史,388,集落跡・墓地,台地上・斜面,150×110,,,
1956-1430,1956,1430,埋蔵文化財包蔵地,都筑区NO.374,都筑区NO.374,都筑区NO.374,仲町台三丁目21付近,古墳・墓地,宅地,台地上・斜面,200×150,先土器(中期)・古墳～歴史,389,139.598318735,35.527849,JsonThemeAroundPoint:x/y,139.598583710124,35.5276706002451,9657.76159636606,1,12,1956-1430,0,埋蔵文化財包蔵地,5,139.598318735,35.527849,都筑区NO.374,都筑区,都筑区NO.374,埋蔵文化財包蔵地,,[],宅地,都筑区,仲町台三丁目21付近,先土器(中期)・古墳～歴史,389,古墳・墓地,台地上・斜面,200×150,,,
1950-1430,1950,1430,埋蔵文化財包蔵地,都筑区NO.375,都筑区NO.375,都筑区NO.375,大熊町856付近,集落跡,畑地,台地上,190×160,縄文(早・中期)・古墳(後期),390,139.60098252,35.52923906,JsonThemeAroundPoint:x/y,139.600964809185,35.5290730571294,9716.17285190656,1,12,1950-1430,0,埋蔵文化財包蔵地,5,139.60098252,35.52923906,都筑区NO.375,都筑区,都筑区NO.375,埋蔵文化財包蔵地,,[],畑地,都筑区,大熊町856付近,縄文(早・中期)・古墳(後期),390,集落跡,台地上,190×160,,,
1957-1430,1957,1430,埋蔵文化財包蔵地,都筑区NO.376,都筑区NO.376,都筑区NO.376,大熊町858付近,散布地,畑地,台地上,,古墳・歴史,391,139.60069984,35.52770017,JsonThemeAroundPoint:x/y,139.600749061029,35.5276729494591,9564.50587899373,1,12,1957-1430,0,埋蔵文化財包蔵地,5,139.60069984,35.52770017,都筑区NO.376,都筑区,都筑区NO.376,埋蔵文化財包蔵地,,[],畑地,都筑区,大熊町858付近,古墳・歴史,391,散布地,台地上,,,,
2401-1430,2401,1430,埋蔵文化財包蔵地,都筑区NO.377,都筑区NO.377,都筑区NO.377,大熊町800付近,散布地,畑地,台地上,230×170,縄文(早・前・中期)・古墳・奈良・歴史,392,139.602153465,35.527269995,JsonThemeAroundPoint:x/y,139.602317054614,35.527175489721,9474.04666614119,1,12,2401-1430,0,埋蔵文化財包蔵地,5,139.602153465,35.527269995,都筑区NO.377,都筑区,都筑区NO.377,埋蔵文化財包蔵地,,[],畑地,都筑区,大熊町800付近,縄文(早・前・中期)・古墳・奈良・歴史,392,散布地,台地上,230×170,,,
1981-1430,1981,1430,埋蔵文化財包蔵地,都筑区NO.378,都筑区NO.378,都筑区NO.378,大熊町726付近,集落跡,学校・道路,台地上,130×70,縄文(前・中期)・弥生・古墳・歴史,393,139.597809665,35.52480344,JsonThemeAroundPoint:x/y,139.59773026218,35.5248612599775,9361.5891563951,1,12,1981-1430,0,埋蔵文化財包蔵地,5,139.597809665,35.52480344,都筑区NO.378,都筑区,都筑区NO.378,埋蔵文化財包蔵地,,[],学校・道路,都筑区,大熊町726付近,縄文(前・中期)・弥生・古墳・歴史,393,集落跡,台地上,130×70,,,
1984-1430,1984,1430,埋蔵文化財包蔵地,都筑区NO.379,都筑区NO.379,都筑区NO.379,折本町1144付近,集落跡・貝塚,畑地・宅地,台地上,400×380,縄文(早・前・中・後期)・弥生(中・後期)・古墳・歴史,394,139.59858869,35.522702985,JsonThemeAroundPoint:x/y,139.598444840122,35.5222045607766,9118.83447291575,1,12,1984-1430,0,埋蔵文化財包蔵地,5,139.59858869,35.522702985,都筑区NO.379,都筑区,都筑区NO.379,埋蔵文化財包蔵地,,[],畑地・宅地,都筑区,折本町1144付近,縄文(早・前・中・後期)・弥生(中・後期)・古墳・歴史,394,集落跡・貝塚,台地上,400×380,,,
1648-1430,1648,1430,埋蔵文化財包蔵地,都筑区NO.38,都筑区NO.38,都筑区NO.38,中川七丁目13付近,集落跡,宅地・雑木林,台地上,350×200,縄文(早・中期)・弥生(中・後期)・古墳,91,139.574707815,35.55175539,JsonThemeAroundPoint:x/y,139.575006274167,35.5516103983355,12959.1755736344,1,12,1648-1430,0,埋蔵文化財包蔵地,5,139.574707815,35.55175539,都筑区NO.38,都筑区,都筑区NO.38,埋蔵文化財包蔵地,,[],宅地・雑木林,都筑区,中川七丁目13付近,縄文(早・中期)・弥生(中・後期)・古墳,91,集落跡,台地上,350×200,,,
1982-1430,1982,1430,埋蔵文化財包蔵地,都筑区NO.380,都筑区NO.380,都筑区NO.380,大熊町511付近,集落跡,畑地,台地上,170×140,縄文(前・中期)・弥生・古墳・歴史,395,139.601713755,35.523366815,JsonThemeAroundPoint:x/y,139.601751679489,35.5232350083259,9081.24770574497,1,12,1982-1430,0,埋蔵文化財包蔵地,5,139.601713755,35.523366815,都筑区NO.380,都筑区,都筑区NO.380,埋蔵文化財包蔵地,,[],畑地,都筑区,大熊町511付近,縄文(前・中期)・弥生・古墳・歴史,395,集落跡,台地上,170×140,,,
1983-1430,1983,1430,埋蔵文化財包蔵地,都筑区NO.381,都筑区NO.381,都筑区NO.381,大熊町441付近,散布地,畑地,台地上,140×110,縄文(前期)・弥生・古墳・歴史,396,139.60323772,35.52338325,JsonThemeAroundPoint:x/y,139.603249165117,35.5233521157376,9034.21186549681,1,12,1983-1430,0,埋蔵文化財包蔵地,5,139.60323772,35.52338325,都筑区NO.381,都筑区,都筑区NO.381,埋蔵文化財包蔵地,,[],畑地,都筑区,大熊町441付近,縄文(前期)・弥生・古墳・歴史,396,散布地,台地上,140×110,,,
1985-1430,1985,1430,埋蔵文化財包蔵地,都筑区NO.382,都筑区NO.382,都筑区NO.382,大熊町526付近,集落跡,畑地・宅地,台地上,,縄文(早・前・中・後期)・弥生(中期)・古墳・歴史,397,139.601784565,35.52146049,JsonThemeAroundPoint:x/y,139.601891323513,35.5214442420051,8881.33781170394,1,12,1985-1430,0,埋蔵文化財包蔵地,5,139.601784565,35.52146049,都筑区NO.382,都筑区,都筑区NO.382,埋蔵文化財包蔵地,,[],畑地・宅地,都筑区,大熊町526付近,縄文(早・前・中・後期)・弥生(中期)・古墳・歴史,397,集落跡,台地上,,,,
1987-1430,1987,1430,埋蔵文化財包蔵地,都筑区NO.383,都筑区NO.383,都筑区NO.383,加賀原一丁目18付近,集落跡,宅地,丘陵上,80×80,縄文(早・前・中期),238,139.560417305,35.52121112,JsonThemeAroundPoint:x/y,139.560477846058,35.5210960699657,10812.7310607003,1,12,1987-1430,0,埋蔵文化財包蔵地,5,139.560417305,35.52121112,都筑区NO.383,都筑区,都筑区NO.383,埋蔵文化財包蔵地,,[],宅地,都筑区,加賀原一丁目18付近,縄文(早・前・中期),238,集落跡,丘陵上,80×80,,,
1994-1430,1994,1430,埋蔵文化財包蔵地,都筑区NO.384,都筑区NO.384,都筑区NO.384,加賀原一丁目31付近,包含地,宅地,丘陵斜面,70×60,縄文(早・中期),239,139.56257906,35.520997155,JsonThemeAroundPoint:x/y,139.562594586174,35.5209484763362,10668.4596703931,1,12,1994-1430,0,埋蔵文化財包蔵地,5,139.56257906,35.520997155,都筑区NO.384,都筑区,都筑区NO.384,埋蔵文化財包蔵地,,[],宅地,都筑区,加賀原一丁目31付近,縄文(早・中期),239,包含地,丘陵斜面,70×60,,,
1988-1430,1988,1430,埋蔵文化財包蔵地,都筑区NO.385,都筑区NO.385,都筑区NO.385,加賀原一丁目17付近,散布地,宅地,台地上,150×80,縄文(中期),240,139.55963006,35.520057145,JsonThemeAroundPoint:x/y,139.559597410029,35.520016098245,10762.097774807,1,12,1988-1430,0,埋蔵文化財包蔵地,5,139.55963006,35.520057145,都筑区NO.385,都筑区,都筑区NO.385,埋蔵文化財包蔵地,,[],宅地,都筑区,加賀原一丁目17付近,縄文(中期),240,散布地,台地上,150×80,,,
1989-1430,1989,1430,埋蔵文化財包蔵地,都筑区NO.386,都筑区NO.386,都筑区NO.386,加賀原一丁目23付近,猟場,宅地,谷,120×100,縄文(早期),241,139.560834555,35.519672505,JsonThemeAroundPoint:x/y,139.560811370079,35.5197598404936,10658.1980234269,1,12,1989-1430,0,埋蔵文化財包蔵地,5,139.560834555,35.519672505,都筑区NO.386,都筑区,都筑区NO.386,埋蔵文化財包蔵地,,[],宅地,都筑区,加賀原一丁目23付近,縄文(早期),241,猟場,谷,120×100,,,
1991-1430,1991,1430,埋蔵文化財包蔵地,都筑区NO.387,都筑区NO.387,都筑区NO.387,加賀原一丁目24付近,集落跡,宅地,台地上,190×90,縄文(早・後期)・弥生(後期)・古墳～平安,401,139.56180794,35.519226315,JsonThemeAroundPoint:x/y,139.561790453737,35.5191640256471,10563.0108664776,1,12,1991-1430,0,埋蔵文化財包蔵地,5,139.56180794,35.519226315,都筑区NO.387,都筑区,都筑区NO.387,埋蔵文化財包蔵地,,[],宅地,都筑区,加賀原一丁目24付近,縄文(早・後期)・弥生(後期)・古墳～平安,401,集落跡,台地上,190×90,,,
1990-1430,1990,1430,埋蔵文化財包蔵地,都筑区NO.388,都筑区NO.388,都筑区NO.388,加賀原一丁目24付近,猟場,宅地,丘陵上,130×70,縄文(早期),402,139.56062334,35.51854197,JsonThemeAroundPoint:x/y,139.560601518481,35.5185006799348,10576.020265291,1,12,1990-1430,0,埋蔵文化財包蔵地,5,139.56062334,35.51854197,都筑区NO.388,都筑区,都筑区NO.388,埋蔵文化財包蔵地,,[],宅地,都筑区,加賀原一丁目24付近,縄文(早期),402,猟場,丘陵上,130×70,,,
1995-1430,1995,1430,埋蔵文化財包蔵地,都筑区NO.389,都筑区NO.389,都筑区NO.389,佐江戸町2228付近,散布地,荒地,台地斜面,,縄文(早期),403,139.562784865,35.51744337,JsonThemeAroundPoint:x/y,139.56276407835,35.5173721445315,10355.0484177085,1,12,1995-1430,0,埋蔵文化財包蔵地,5,139.562784865,35.51744337,都筑区NO.389,都筑区,都筑区NO.389,埋蔵文化財包蔵地,,[],荒地,都筑区,佐江戸町2228付近,縄文(早期),403,散布地,台地斜面,,,,
1647-1430,1647,1430,埋蔵文化財包蔵地,都筑区NO.39,都筑区NO.39,都筑区NO.39,中川五丁目29付近,集落跡,宅地,低位台地上,140×80,縄文(早・前・中・後期),92,139.573736,35.552270115,JsonThemeAroundPoint:x/y,139.573740951114,35.5522010746718,13049.5107694788,1,12,1647-1430,0,埋蔵文化財包蔵地,5,139.573736,35.552270115,都筑区NO.39,都筑区,都筑区NO.39,埋蔵文化財包蔵地,,[],宅地,都筑区,中川五丁目29付近,縄文(早・前・中・後期),92,集落跡,低位台地上,140×80,,,
1996-1430,1996,1430,埋蔵文化財包蔵地,都筑区NO.390,都筑区NO.390,都筑区NO.390,加賀原二丁目16付近,集落跡・墓地,宅地,台地上,300×250,先土器・縄文(草創・早・前・中期)・弥生(中期)・古墳・平安・近世,404,139.558915755,35.51744924,JsonThemeAroundPoint:x/y,139.558789197439,35.5174088501807,10588.8941876881,1,12,1996-1430,0,埋蔵文化財包蔵地,5,139.558915755,35.51744924,都筑区NO.390,都筑区,都筑区NO.390,埋蔵文化財包蔵地,,[],宅地,都筑区,加賀原二丁目16付近,先土器・縄文(草創・早・前・中期)・弥生(中期)・古墳・平安・近世,404,集落跡・墓地,台地上,300×250,,,
1997-1430,1997,1430,埋蔵文化財包蔵地,都筑区NO.391,都筑区NO.391,都筑区NO.391,佐江戸町2045付近,集落跡,畑地,台地上,120×100,弥生(中・後期)・古墳・歴史,405,139.561480655,35.51564658,JsonThemeAroundPoint:x/y,139.561438906548,35.5156731692045,10284.1101091161,1,12,1997-1430,0,埋蔵文化財包蔵地,5,139.561480655,35.51564658,都筑区NO.391,都筑区,都筑区NO.391,埋蔵文化財包蔵地,,[],畑地,都筑区,佐江戸町2045付近,弥生(中・後期)・古墳・歴史,405,集落跡,台地上,120×100,,,
1998-1430,1998,1430,埋蔵文化財包蔵地,都筑区NO.392,都筑区NO.392,都筑区NO.392,佐江戸町2001付近,散布地,畑地,台地斜面,100×40,古墳・歴史,406,139.56206211,35.515380255,JsonThemeAroundPoint:x/y,139.56212681978,35.5154227649694,10226.7732674986,1,12,1998-1430,0,埋蔵文化財包蔵地,5,139.56206211,35.515380255,都筑区NO.392,都筑区,都筑区NO.392,埋蔵文化財包蔵地,,[],畑地,都筑区,佐江戸町2001付近,古墳・歴史,406,散布地,台地斜面,100×40,,,
1999-1430,1999,1430,埋蔵文化財包蔵地,都筑区NO.393,都筑区NO.393,都筑区NO.393,佐江戸町1973付近,散布地,畑地,台地上,,縄文(早・中・後期),407,139.55898616,35.51543529,JsonThemeAroundPoint:x/y,139.558880706479,35.5155622543133,10420.2599154187,1,12,1999-1430,0,埋蔵文化財包蔵地,5,139.55898616,35.51543529,都筑区NO.393,都筑区,都筑区NO.393,埋蔵文化財包蔵地,,[],畑地,都筑区,佐江戸町1973付近,縄文(早・中・後期),407,散布地,台地上,,,,
2002-1430,2002,1430,埋蔵文化財包蔵地,都筑区NO.394,都筑区NO.394,都筑区NO.394,佐江戸町1957付近,集落跡・塚,畑地・宅地,台地上,350×200,弥生(中・後期)・古墳・歴史,408,139.5591515,35.5134176,JsonThemeAroundPoint:x/y,139.559271914173,35.513489861982,10247.4704052936,1,12,2002-1430,0,埋蔵文化財包蔵地,5,139.5591515,35.5134176,都筑区NO.394,都筑区,都筑区NO.394,埋蔵文化財包蔵地,,[],畑地・宅地,都筑区,佐江戸町1957付近,弥生(中・後期)・古墳・歴史,408,集落跡・塚,台地上,350×200,,,
2000-1430,2000,1430,埋蔵文化財包蔵地,都筑区NO.396,都筑区NO.396,都筑区NO.396,佐江戸町1788付近,塚,雑木林,台地縁辺部,,(不明),410,139.559831905,35.51149975,JsonThemeAroundPoint:x/y,139.559832234587,35.5114997516413,10051.7685717066,1,12,2000-1430,0,埋蔵文化財包蔵地,5,139.559831905,35.51149975,都筑区NO.396,都筑区,都筑区NO.396,埋蔵文化財包蔵地,,[],雑木林,都筑区,佐江戸町1788付近,(不明),410,塚,台地縁辺部,,,,
2003-1430,2003,1430,埋蔵文化財包蔵地,都筑区NO.397,都筑区NO.397,都筑区NO.397,佐江戸町1722付近,集落跡,宅地,台地斜面,,縄文(前期)・弥生(中・後期)・平安～中世,411,139.56070266,35.51354316,JsonThemeAroundPoint:x/y,139.560694518974,35.5134877260614,10160.3986346416,1,12,2003-1430,0,埋蔵文化財包蔵地,5,139.56070266,35.51354316,都筑区NO.397,都筑区,都筑区NO.397,埋蔵文化財包蔵地,,[],宅地,都筑区,佐江戸町1722付近,縄文(前期)・弥生(中・後期)・平安～中世,411,集落跡,台地斜面,,,,
2004-1430,2004,1430,埋蔵文化財包蔵地,都筑区NO.398,都筑区NO.398,都筑区NO.398,佐江戸町1782付近,集落跡,宅地,台地斜面,,縄文(前期)・弥生(中・後期)・平安～中世,412,139.5611325,35.512630825,JsonThemeAroundPoint:x/y,139.561084055673,35.5125831763646,10059.9854840435,1,12,2004-1430,0,埋蔵文化財包蔵地,5,139.5611325,35.512630825,都筑区NO.398,都筑区,都筑区NO.398,埋蔵文化財包蔵地,,[],宅地,都筑区,佐江戸町1782付近,縄文(前期)・弥生(中・後期)・平安～中世,412,集落跡,台地斜面,,,,
2005-1430,2005,1430,埋蔵文化財包蔵地,都筑区NO.399,都筑区NO.399,都筑区NO.399,佐江戸町400付近,散布地・横穴墓,雑木林,崖,,弥生（後期）・古墳(後期),413,139.560788615,35.51069192,JsonThemeAroundPoint:x/y,139.560760048809,35.5106645813736,9926.90297673134,1,12,2005-1430,0,埋蔵文化財包蔵地,5,139.560788615,35.51069192,都筑区NO.399,都筑区,都筑区NO.399,埋蔵文化財包蔵地,,[],雑木林,都筑区,佐江戸町400付近,弥生（後期）・古墳(後期),413,散布地・横穴墓,崖,,,,
1618-1430,1618,1430,埋蔵文化財包蔵地,都筑区NO.4,都筑区NO.4,都筑区NO.4,牛久保町1896付近,散布地,宅地,台地上,120×40,縄文(前・中期),4,139.57326584,35.566784505,JsonThemeAroundPoint:x/y,139.573285640209,35.566757366491,14530.671991292,1,12,1618-1430,0,埋蔵文化財包蔵地,5,139.57326584,35.566784505,都筑区NO.4,都筑区,都筑区NO.4,埋蔵文化財包蔵地,,[],宅地,都筑区,牛久保町1896付近,縄文(前・中期),4,散布地,台地上,120×40,,,
1671-1430,1671,1430,埋蔵文化財包蔵地,都筑区NO.40,都筑区NO.40,都筑区NO.40,荏田南町4258付近,集落跡・横穴墓,畑地・宅地,台地上・斜面,370×270,縄文(中期)・弥生(中期)・古墳・歴史,93,139.56849074,35.5508235,JsonThemeAroundPoint:x/y,139.568727956576,35.5508210027817,13126.1179645322,1,12,1671-1430,0,埋蔵文化財包蔵地,5,139.56849074,35.5508235,都筑区NO.40,都筑区,都筑区NO.40,埋蔵文化財包蔵地,,[],畑地・宅地,都筑区,荏田南町4258付近,縄文(中期)・弥生(中期)・古墳・歴史,93,集落跡・横穴墓,台地上・斜面,370×270,,,
1992-1430,1992,1430,埋蔵文化財包蔵地,都筑区NO.400,都筑区NO.400,都筑区NO.400,加賀原一丁目37付近,散布地,宅地,丘陵上,80×50,縄文(中期),414,139.563562715,35.519285855,JsonThemeAroundPoint:x/y,139.563552683652,35.5192594951566,10465.1640628594,1,12,1992-1430,0,埋蔵文化財包蔵地,5,139.563562715,35.519285855,都筑区NO.400,都筑区,都筑区NO.400,埋蔵文化財包蔵地,,[],宅地,都筑区,加賀原一丁目37付近,縄文(中期),414,散布地,丘陵上,80×50,,,
1993-1430,1993,1430,埋蔵文化財包蔵地,都筑区NO.401,都筑区NO.401,都筑区NO.401,池辺町1072付近,散布地,畑地,台地斜面,60×50,縄文・古墳・歴史,415,139.56557938,35.51933037,JsonThemeAroundPoint:x/y,139.565579676689,35.519274780535,10352.5320748696,1,12,1993-1430,0,埋蔵文化財包蔵地,5,139.56557938,35.51933037,都筑区NO.401,都筑区,都筑区NO.401,埋蔵文化財包蔵地,,[],畑地,都筑区,池辺町1072付近,縄文・古墳・歴史,415,散布地,台地斜面,60×50,,,
2006-1430,2006,1430,埋蔵文化財包蔵地,都筑区NO.402,都筑区NO.402,都筑区NO.402,池辺町2454付近,集落跡,学校・畑地,台地上,400×300,縄文(早・前・中・後期)・弥生・奈良・平安,416,139.567347165,35.5177747,JsonThemeAroundPoint:x/y,139.567094059933,35.5175856244359,10117.179163698,1,12,2006-1430,0,埋蔵文化財包蔵地,5,139.567347165,35.5177747,都筑区NO.402,都筑区,都筑区NO.402,埋蔵文化財包蔵地,,[],学校・畑地,都筑区,池辺町2454付近,縄文(早・前・中・後期)・弥生・奈良・平安,416,集落跡,台地上,400×300,,,
2007-1430,2007,1430,埋蔵文化財包蔵地,都筑区NO.404,都筑区NO.404,都筑区NO.404,池辺町2565付近,地下式壙,畑地,台地上,,中世？,418,139.569722325,35.517631535,JsonThemeAroundPoint:x/y,139.569722745411,35.5176315321296,9970.30524018738,1,12,2007-1430,0,埋蔵文化財包蔵地,5,139.569722325,35.517631535,都筑区NO.404,都筑区,都筑区NO.404,埋蔵文化財包蔵地,,[],畑地,都筑区,池辺町2565付近,中世？,418,地下式壙,台地上,,,,
2008-1430,2008,1430,埋蔵文化財包蔵地,都筑区NO.405,都筑区NO.405,都筑区NO.405,池辺町2597付近,集落跡,畑地,台地上,100×80,縄文(早・中・後期)・弥生・古墳・歴史,419,139.569897335,35.518543545,JsonThemeAroundPoint:x/y,139.570021883426,35.5185179942103,10040.5136359125,1,12,2008-1430,0,埋蔵文化財包蔵地,5,139.569897335,35.518543545,都筑区NO.405,都筑区,都筑区NO.405,埋蔵文化財包蔵地,,[],畑地,都筑区,池辺町2597付近,縄文(早・中・後期)・弥生・古墳・歴史,419,集落跡,台地上,100×80,,,
2011-1430,2011,1430,埋蔵文化財包蔵地,都筑区NO.406,都筑区NO.406,都筑区NO.406,池辺町2818付近,集落跡,学校,台地上,120×100,縄文(前・中期)・弥生(中・後期)・古墳～平安,420,139.57332123,35.51968717,JsonThemeAroundPoint:x/y,139.573376641751,35.5197020929085,9956.28932952971,1,12,2011-1430,0,埋蔵文化財包蔵地,5,139.57332123,35.51968717,都筑区NO.406,都筑区,都筑区NO.406,埋蔵文化財包蔵地,,[],学校,都筑区,池辺町2818付近,縄文(前・中期)・弥生(中・後期)・古墳～平安,420,集落跡,台地上,120×100,,,
2012-1430,2012,1430,埋蔵文化財包蔵地,都筑区NO.407,都筑区NO.407,都筑区NO.407,池辺町2831付近,集落跡,学校,台地上,,古墳(後期),421,139.574720045,35.51932154,JsonThemeAroundPoint:x/y,139.57470050235,35.5193175997866,9849.313017281,1,12,2012-1430,0,埋蔵文化財包蔵地,5,139.574720045,35.51932154,都筑区NO.407,都筑区,都筑区NO.407,埋蔵文化財包蔵地,,[],学校,都筑区,池辺町2831付近,古墳(後期),421,集落跡,台地上,,,,
2014-1430,2014,1430,埋蔵文化財包蔵地,都筑区NO.408,都筑区NO.408,都筑区NO.408,池辺町3143付近,散布地,畑地・宅地,台地上,120×80,古墳・歴史,422,139.58138053,35.519384815,JsonThemeAroundPoint:x/y,139.581355537506,35.5193168322111,9517.89122708183,1,12,2014-1430,0,埋蔵文化財包蔵地,5,139.58138053,35.519384815,都筑区NO.408,都筑区,都筑区NO.408,埋蔵文化財包蔵地,,[],畑地・宅地,都筑区,池辺町3143付近,古墳・歴史,422,散布地,台地上,120×80,,,
2018-1430,2018,1430,埋蔵文化財包蔵地,都筑区NO.409,都筑区NO.409,都筑区NO.409,東方町633付近,散布地,畑地,台地斜面,100×40,縄文(中期)・弥生・古墳・歴史,423,139.58437687,35.51860788,JsonThemeAroundPoint:x/y,139.584347705796,35.5185517738062,9301.00931901332,1,12,2018-1430,0,埋蔵文化財包蔵地,5,139.58437687,35.51860788,都筑区NO.409,都筑区,都筑区NO.409,埋蔵文化財包蔵地,,[],畑地,都筑区,東方町633付近,縄文(中期)・弥生・古墳・歴史,423,散布地,台地斜面,100×40,,,
1672-1430,1672,1430,埋蔵文化財包蔵地,都筑区NO.41,都筑区NO.41,都筑区NO.41,荏田南町4090付近,散布地,畑地,台地上・斜面,110×60,縄文(中期)・歴史,94,139.565738125,35.54843194,JsonThemeAroundPoint:x/y,139.565778104822,35.5483487146351,13016.3570242466,1,12,1672-1430,0,埋蔵文化財包蔵地,5,139.565738125,35.54843194,都筑区NO.41,都筑区,都筑区NO.41,埋蔵文化財包蔵地,,[],畑地,都筑区,荏田南町4090付近,縄文(中期)・歴史,94,散布地,台地上・斜面,110×60,,,
2009-1430,2009,1430,埋蔵文化財包蔵地,都筑区NO.411,都筑区NO.411,都筑区NO.411,池辺町2335付近,散布地,畑地,低位台地上,120×110,縄文・古墳・歴史,427,139.56943745,35.520689285,JsonThemeAroundPoint:x/y,139.569321051189,35.520629004398,10255.3604631363,1,12,2009-1430,0,埋蔵文化財包蔵地,5,139.56943745,35.520689285,都筑区NO.411,都筑区,都筑区NO.411,埋蔵文化財包蔵地,,[],畑地,都筑区,池辺町2335付近,縄文・古墳・歴史,427,散布地,低位台地上,120×110,,,
2010-1430,2010,1430,埋蔵文化財包蔵地,都筑区NO.412,都筑区NO.412,都筑区NO.412,池辺町2280付近,散布地,畑地,低位台地上,100×90,縄文・古墳・歴史,428,139.57091923,35.5204381,JsonThemeAroundPoint:x/y,139.570896513501,35.520383884185,10152.4159905648,1,12,2010-1430,0,埋蔵文化財包蔵地,5,139.57091923,35.5204381,都筑区NO.412,都筑区,都筑区NO.412,埋蔵文化財包蔵地,,[],畑地,都筑区,池辺町2280付近,縄文・古墳・歴史,428,散布地,低位台地上,100×90,,,
2017-1430,2017,1430,埋蔵文化財包蔵地,都筑区NO.413,都筑区NO.413,都筑区NO.413,東方町765付近,散布地,畑地,台地上,270×160,縄文(中期)・歴史,327,139.57895628,35.52142138,JsonThemeAroundPoint:x/y,139.578673198246,35.5213946334135,9827.17843125064,1,12,2017-1430,0,埋蔵文化財包蔵地,5,139.57895628,35.52142138,都筑区NO.413,都筑区,都筑区NO.413,埋蔵文化財包蔵地,,[],畑地,都筑区,東方町765付近,縄文(中期)・歴史,327,散布地,台地上,270×160,,,
2013-1430,2013,1430,埋蔵文化財包蔵地,都筑区NO.414,都筑区NO.414,都筑区NO.414,池辺町3067付近,散布地,畑地・宅地,台地上・斜面,70×50,古墳(後期)・歴史,328,139.57851125,35.519686125,JsonThemeAroundPoint:x/y,139.57853033718,35.5196625164568,9687.83812215592,1,12,2013-1430,0,埋蔵文化財包蔵地,5,139.57851125,35.519686125,都筑区NO.414,都筑区,都筑区NO.414,埋蔵文化財包蔵地,,[],畑地・宅地,都筑区,池辺町3067付近,古墳(後期)・歴史,328,散布地,台地上・斜面,70×50,,,
2016-1430,2016,1430,埋蔵文化財包蔵地,都筑区NO.415,都筑区NO.415,都筑区NO.415,東方町707付近,散布地,畑地,台地上,230×120,縄文(早・中・後期)・古墳・歴史,329,139.58211907,35.521551915,JsonThemeAroundPoint:x/y,139.582098968024,35.5214919061153,9687.15850950372,1,12,2016-1430,0,埋蔵文化財包蔵地,5,139.58211907,35.521551915,都筑区NO.415,都筑区,都筑区NO.415,埋蔵文化財包蔵地,,[],畑地,都筑区,東方町707付近,縄文(早・中・後期)・古墳・歴史,329,散布地,台地上,230×120,,,
2015-1430,2015,1430,埋蔵文化財包蔵地,都筑区NO.416,都筑区NO.416,都筑区NO.416,東方町665付近,散布地,畑地・宅地,台地上,170×140,古墳・歴史,330,139.58250912,35.52035623,JsonThemeAroundPoint:x/y,139.582634877538,35.5203523829827,9555.2617328542,1,12,2015-1430,0,埋蔵文化財包蔵地,5,139.58250912,35.52035623,都筑区NO.416,都筑区,都筑区NO.416,埋蔵文化財包蔵地,,[],畑地・宅地,都筑区,東方町665付近,古墳・歴史,330,散布地,台地上,170×140,,,
2019-1430,2019,1430,埋蔵文化財包蔵地,都筑区NO.417,都筑区NO.417,都筑区NO.417,東方町621付近,散布地,畑地,台地上,170×150,縄文(中期)・弥生(後期)・古墳・歴史,331,139.584612065,35.51973381,JsonThemeAroundPoint:x/y,139.584799360732,35.5195685490137,9397.27653217368,1,12,2019-1430,0,埋蔵文化財包蔵地,5,139.584612065,35.51973381,都筑区NO.417,都筑区,都筑区NO.417,埋蔵文化財包蔵地,,[],畑地,都筑区,東方町621付近,縄文(中期)・弥生(後期)・古墳・歴史,331,散布地,台地上,170×150,,,
2020-1430,2020,1430,埋蔵文化財包蔵地,都筑区NO.418,都筑区NO.418,都筑区NO.418,東方町568付近,散布地,畑地,台地上,150×150,縄文(前期)・古墳・歴史,332,139.585281365,35.521171375,JsonThemeAroundPoint:x/y,139.585256362691,35.5211258837037,9504.4629465343,1,12,2020-1430,0,埋蔵文化財包蔵地,5,139.585281365,35.521171375,都筑区NO.418,都筑区,都筑区NO.418,埋蔵文化財包蔵地,,[],畑地,都筑区,東方町568付近,縄文(前期)・古墳・歴史,332,散布地,台地上,150×150,,,
2021-1430,2021,1430,埋蔵文化財包蔵地,都筑区NO.419,都筑区NO.419,都筑区NO.419,東方町545付近,散布地,畑地,台地上,100×70,縄文(早・前・中期)歴史,366,139.58813577,35.521080345,JsonThemeAroundPoint:x/y,139.588104738621,35.5210682656947,9368.83042754265,1,12,2021-1430,0,埋蔵文化財包蔵地,5,139.58813577,35.521080345,都筑区NO.419,都筑区,都筑区NO.419,埋蔵文化財包蔵地,,[],畑地,都筑区,東方町545付近,縄文(早・前・中期)歴史,366,散布地,台地上,100×70,,,
1673-1430,1673,1430,埋蔵文化財包蔵地,都筑区NO.42,都筑区NO.42,都筑区NO.42,荏田東四丁目36付近,古墳,宅地,丘陵上,,古墳,95,139.568540385,35.54822261,JsonThemeAroundPoint:x/y,139.568540983675,35.5482226104199,12870.557643121,1,12,1673-1430,0,埋蔵文化財包蔵地,5,139.568540385,35.54822261,都筑区NO.42,都筑区,都筑区NO.42,埋蔵文化財包蔵地,,[],宅地,都筑区,荏田東四丁目36付近,古墳,95,古墳,丘陵上,,,,
2380-1430,2380,1430,埋蔵文化財包蔵地,都筑区NO.420,都筑区NO.420,都筑区NO.420,折本町1515付近,横穴墓,雑木林,崖,,古墳(後期),367,139.588939015,35.519920875,JsonThemeAroundPoint:x/y,139.588935456376,35.5199168030208,9220.73431339888,1,12,2380-1430,0,埋蔵文化財包蔵地,5,139.588939015,35.519920875,都筑区NO.420,都筑区,都筑区NO.420,埋蔵文化財包蔵地,,[],雑木林,都筑区,折本町1515付近,古墳(後期),367,横穴墓,崖,,,,
2022-1430,2022,1430,埋蔵文化財包蔵地,都筑区NO.422,都筑区NO.422,都筑区NO.422,折本町1562付近,散布地,畑地,台地上,70×60,縄文・歴史,369,139.589379065,35.521494885,JsonThemeAroundPoint:x/y,139.589383906186,35.5214629562041,9355.99224185834,1,12,2022-1430,0,埋蔵文化財包蔵地,5,139.589379065,35.521494885,都筑区NO.422,都筑区,都筑区NO.422,埋蔵文化財包蔵地,,[],畑地,都筑区,折本町1562付近,縄文・歴史,369,散布地,台地上,70×60,,,
2385-1430,2385,1430,埋蔵文化財包蔵地,都筑区NO.425,都筑区NO.425,都筑区NO.425,折本町1259付近,横穴墓,雑木林,崖,,古墳(後期),429,139.59675749,35.52130701,JsonThemeAroundPoint:x/y,139.596758771619,35.5213027187925,9042.89311963812,1,12,2385-1430,0,埋蔵文化財包蔵地,5,139.59675749,35.52130701,都筑区NO.425,都筑区,都筑区NO.425,埋蔵文化財包蔵地,,[],雑木林,都筑区,折本町1259付近,古墳(後期),429,横穴墓,崖,,,,
2379-1430,2379,1430,埋蔵文化財包蔵地,都筑区NO.426,都筑区NO.426,都筑区NO.426,折本町1523付近,横穴墓,雑木林,崖,,古墳(後期),425,139.5882315,35.51945904,JsonThemeAroundPoint:x/y,139.588231212803,35.5194585488933,9206.77334058872,1,12,2379-1430,0,埋蔵文化財包蔵地,5,139.5882315,35.51945904,都筑区NO.426,都筑区,都筑区NO.426,埋蔵文化財包蔵地,,[],雑木林,都筑区,折本町1523付近,古墳(後期),425,横穴墓,崖,,,,
2025-1430,2025,1430,埋蔵文化財包蔵地,都筑区NO.427,都筑区NO.427,都筑区NO.427,大熊町355付近,散布地,畑地・宅地,台地上,130×100,古墳・歴史,398,139.603475625,35.521162125,JsonThemeAroundPoint:x/y,139.603435394291,35.5212059889301,8795.18238646754,1,12,2025-1430,0,埋蔵文化財包蔵地,5,139.603475625,35.521162125,都筑区NO.427,都筑区,都筑区NO.427,埋蔵文化財包蔵地,,[],畑地・宅地,都筑区,大熊町355付近,古墳・歴史,398,散布地,台地上,130×100,,,
2024-1430,2024,1430,埋蔵文化財包蔵地,都筑区NO.428,都筑区NO.428,都筑区NO.428,大熊町418付近,散布地,畑地,台地上,200×100,縄文(前・中期)・古墳・歴史,399,139.604196925,35.52026336,JsonThemeAroundPoint:x/y,139.604143082274,35.5202467698075,8678.59395038433,1,12,2024-1430,0,埋蔵文化財包蔵地,5,139.604196925,35.52026336,都筑区NO.428,都筑区,都筑区NO.428,埋蔵文化財包蔵地,,[],畑地,都筑区,大熊町418付近,縄文(前・中期)・古墳・歴史,399,散布地,台地上,200×100,,,
1674-1430,1674,1430,埋蔵文化財包蔵地,都筑区NO.43,都筑区NO.43,都筑区NO.43,荏田東四丁目12付近,集落跡,畑地・雑木林,下位段丘上,110×90,縄文(前・中・後期)・弥生(後期)・古墳(前期)・平安,96,139.57196812,35.547729345,JsonThemeAroundPoint:x/y,139.571857941201,35.5477265369611,12673.6117096452,1,12,1674-1430,0,埋蔵文化財包蔵地,5,139.57196812,35.547729345,都筑区NO.43,都筑区,都筑区NO.43,埋蔵文化財包蔵地,,[],畑地・雑木林,都筑区,荏田東四丁目12付近,縄文(前・中・後期)・弥生(後期)・古墳(前期)・平安,96,集落跡,下位段丘上,110×90,,,
1675-1430,1675,1430,埋蔵文化財包蔵地,都筑区NO.44,都筑区NO.44,都筑区NO.44,茅ヶ崎町2257付近,塚？,公園用地,台地上,"D-10,H-1",近世？,97,139.574190785,35.54669019,JsonThemeAroundPoint:x/y,139.574191084669,35.5466899240203,12477.4553181461,1,12,1675-1430,0,埋蔵文化財包蔵地,5,139.574190785,35.54669019,都筑区NO.44,都筑区,都筑区NO.44,埋蔵文化財包蔵地,,[],公園用地,都筑区,茅ヶ崎町2257付近,近世？,97,塚？,台地上,"D-10,H-1",,,
1676-1430,1676,1430,埋蔵文化財包蔵地,都筑区NO.45,都筑区NO.45,都筑区NO.45,茅ヶ崎町2154付近,散布地,荒地,斜面,90×50,古墳・近世,98,139.574866055,35.54667318,JsonThemeAroundPoint:x/y,139.574511119675,35.5466861941473,12447.6393869981,1,12,1676-1430,0,埋蔵文化財包蔵地,5,139.574866055,35.54667318,都筑区NO.45,都筑区,都筑区NO.45,埋蔵文化財包蔵地,,[],荒地,都筑区,茅ヶ崎町2154付近,古墳・近世,98,散布地,斜面,90×50,,,
1677-1430,1677,1430,埋蔵文化財包蔵地,都筑区NO.46,都筑区NO.46,都筑区NO.46,茅ヶ崎町2124付近,集落跡・貝塚,畑地・雑木林,台地上,170×100,縄文(早・前・中期)・弥生(中・後期)・古墳,99,139.57558723,35.545733365,JsonThemeAroundPoint:x/y,139.575595143452,35.5455721921435,12324.7719360664,1,12,1677-1430,0,埋蔵文化財包蔵地,5,139.57558723,35.545733365,都筑区NO.46,都筑区,都筑区NO.46,埋蔵文化財包蔵地,,[],畑地・雑木林,都筑区,茅ヶ崎町2124付近,縄文(早・前・中期)・弥生(中・後期)・古墳,99,集落跡・貝塚,台地上,170×100,,,
1640-1430,1640,1430,埋蔵文化財包蔵地,都筑区NO.47,都筑区NO.47,都筑区NO.47,牛久保西二丁目27付近,集落跡,宅地,台地上,230×70,縄文(早・後期)・弥生(後期)・奈良,100,139.579602705,35.5546904,JsonThemeAroundPoint:x/y,139.579646031274,35.5546766250454,13067.9096882792,1,12,1640-1430,0,埋蔵文化財包蔵地,5,139.579602705,35.5546904,都筑区NO.47,都筑区,都筑区NO.47,埋蔵文化財包蔵地,,[],宅地,都筑区,牛久保西二丁目27付近,縄文(早・後期)・弥生(後期)・奈良,100,集落跡,台地上,230×70,,,
1639-1430,1639,1430,埋蔵文化財包蔵地,都筑区NO.48,都筑区NO.48,都筑区NO.48,中川中央一丁目32付近,猟場・他,宅地,台地斜面,250×130,縄文(早期)・古墳・歴史,101,139.58133169,35.553231555,JsonThemeAroundPoint:x/y,139.581263899943,35.5532998129699,12856.4495206297,1,12,1639-1430,0,埋蔵文化財包蔵地,5,139.58133169,35.553231555,都筑区NO.48,都筑区,都筑区NO.48,埋蔵文化財包蔵地,,[],宅地,都筑区,中川中央一丁目32付近,縄文(早期)・古墳・歴史,101,猟場・他,台地斜面,250×130,,,
1638-1430,1638,1430,埋蔵文化財包蔵地,都筑区NO.49,都筑区NO.49,都筑区NO.49,牛久保西一丁目12付近,集落跡,宅地,台地上,190×130,縄文(早期)・弥生(後期),102,139.5844243,35.55333673,JsonThemeAroundPoint:x/y,139.584520453486,35.5533282544055,12758.4044945212,1,12,1638-1430,0,埋蔵文化財包蔵地,5,139.5844243,35.55333673,都筑区NO.49,都筑区,都筑区NO.49,埋蔵文化財包蔵地,,[],宅地,都筑区,牛久保西一丁目12付近,縄文(早期)・弥生(後期),102,集落跡,台地上,190×130,,,
1620-1430,1620,1430,埋蔵文化財包蔵地,都筑区NO.5,都筑区NO.5,都筑区NO.5,牛久保町1814付近,散布地,畑地,台地上,170×60,縄文(早・前・中期)・古墳・歴史,5,139.5729428,35.565270945,JsonThemeAroundPoint:x/y,139.573000729842,35.5652940176758,14388.5990940471,1,12,1620-1430,0,埋蔵文化財包蔵地,5,139.5729428,35.565270945,都筑区NO.5,都筑区,都筑区NO.5,埋蔵文化財包蔵地,,[],畑地,都筑区,牛久保町1814付近,縄文(早・前・中期)・古墳・歴史,5,散布地,台地上,170×60,,,
1656-1430,1656,1430,埋蔵文化財包蔵地,都筑区NO.50,都筑区NO.50,都筑区NO.50,中川中央一丁目27付近,集落跡,公共用地,台地上,170×170,縄文(早・中期)・古墳,103,139.58472208,35.551491785,JsonThemeAroundPoint:x/y,139.584863154339,35.5514560353624,12558.3463320298,1,12,1656-1430,0,埋蔵文化財包蔵地,5,139.58472208,35.551491785,都筑区NO.50,都筑区,都筑区NO.50,埋蔵文化財包蔵地,,[],公共用地,都筑区,中川中央一丁目27付近,縄文(早・中期)・古墳,103,集落跡,台地上,170×170,,,
1655-1430,1655,1430,埋蔵文化財包蔵地,都筑区NO.51,都筑区NO.51,都筑区NO.51,中川中央一丁目26付近,集落跡,公共用地,台地上,210×130,縄文(早・前・中期),104,139.582788095,35.551080165,JsonThemeAroundPoint:x/y,139.582735663058,35.5510485714658,12584.3935472612,1,12,1655-1430,0,埋蔵文化財包蔵地,5,139.582788095,35.551080165,都筑区NO.51,都筑区,都筑区NO.51,埋蔵文化財包蔵地,,[],公共用地,都筑区,中川中央一丁目26付近,縄文(早・前・中期),104,集落跡,台地上,210×130,,,
1654-1430,1654,1430,埋蔵文化財包蔵地,都筑区NO.52,都筑区NO.52,都筑区NO.52,中川中央一丁目3付近,集落跡,宅地,台地上・斜面,190×170,縄文(早・前・中期)・弥生(後期),105,139.58083342,35.55101482,JsonThemeAroundPoint:x/y,139.580965718956,35.5510876156085,12648.9186185975,1,12,1654-1430,0,埋蔵文化財包蔵地,5,139.58083342,35.55101482,都筑区NO.52,都筑区,都筑区NO.52,埋蔵文化財包蔵地,,[],宅地,都筑区,中川中央一丁目3付近,縄文(早・前・中期)・弥生(後期),105,集落跡,台地上・斜面,190×170,,,
1651-1430,1651,1430,埋蔵文化財包蔵地,都筑区NO.53,都筑区NO.53,都筑区NO.53,中川六丁目1付近,散布地,道路用地,台地上,90×60,縄文(早期)・古墳・歴史,106,139.579425975,35.55148225,JsonThemeAroundPoint:x/y,139.579472182474,35.5514446828745,12748.7694991178,1,12,1651-1430,0,埋蔵文化財包蔵地,5,139.579425975,35.55148225,都筑区NO.53,都筑区,都筑区NO.53,埋蔵文化財包蔵地,,[],道路用地,都筑区,中川六丁目1付近,縄文(早期)・古墳・歴史,106,散布地,台地上,90×60,,,
1652-1430,1652,1430,埋蔵文化財包蔵地,都筑区NO.54,都筑区NO.54,都筑区NO.54,中川七丁目1付近,猟場・他,道路用地,台地斜面,110×110,縄文(早期)・古墳・歴史,107,139.579343385,35.55072065,JsonThemeAroundPoint:x/y,139.57930777874,35.5507004698877,12674.8433437999,1,12,1652-1430,0,埋蔵文化財包蔵地,5,139.579343385,35.55072065,都筑区NO.54,都筑区,都筑区NO.54,埋蔵文化財包蔵地,,[],道路用地,都筑区,中川七丁目1付近,縄文(早期)・古墳・歴史,107,猟場・他,台地斜面,110×110,,,
1653-1430,1653,1430,埋蔵文化財包蔵地,都筑区NO.55,都筑区NO.55,都筑区NO.55,中川中央一丁目4付近,集落跡,道路用地・他,台地上,220×160,縄文(早・前・中期)・弥生・古墳・歴史,108,139.57950594,35.549418085,JsonThemeAroundPoint:x/y,139.579492619353,35.5494950755619,12537.1168847611,1,12,1653-1430,0,埋蔵文化財包蔵地,5,139.57950594,35.549418085,都筑区NO.55,都筑区,都筑区NO.55,埋蔵文化財包蔵地,,[],道路用地・他,都筑区,中川中央一丁目4付近,縄文(早・前・中期)・弥生・古墳・歴史,108,集落跡,台地上,220×160,,,
1668-1430,1668,1430,埋蔵文化財包蔵地,都筑区NO.57,都筑区NO.57,都筑区NO.57,中川中央一丁目5付近,集落跡,宅地,台地上,190×80,縄文(早・中期)・歴史,110,139.580407845,35.54854494,JsonThemeAroundPoint:x/y,139.58040151942,35.548445621524,12414.643425505,1,12,1668-1430,0,埋蔵文化財包蔵地,5,139.580407845,35.54854494,都筑区NO.57,都筑区,都筑区NO.57,埋蔵文化財包蔵地,,[],宅地,都筑区,中川中央一丁目5付近,縄文(早・中期)・歴史,110,集落跡,台地上,190×80,,,
1659-1430,1659,1430,埋蔵文化財包蔵地,都筑区NO.58,都筑区NO.58,都筑区NO.58,中川中央一丁目21付近,猟場,公共用地,台地斜面,40×30,縄文(早期),111,139.581731295,35.549031055,JsonThemeAroundPoint:x/y,139.581738242219,35.5489957178107,12414.2450544563,1,12,1659-1430,0,埋蔵文化財包蔵地,5,139.581731295,35.549031055,都筑区NO.58,都筑区,都筑区NO.58,埋蔵文化財包蔵地,,[],公共用地,都筑区,中川中央一丁目21付近,縄文(早期),111,猟場,台地斜面,40×30,,,
468-1430,468,1430,埋蔵文化財包蔵地,都筑区NO.6,都筑区NO.6,都筑区NO.6,中川一丁目29付近,散布地,道路,台地斜面,30×10,縄文(前・中・後期),6,139.571857095,35.56373772,JsonThemeAroundPoint:x/y,139.571857068131,35.5637451607558,14273.9467281968,1,12,468-1430,0,埋蔵文化財包蔵地,5,139.571857095,35.56373772,都筑区NO.6,都筑区,都筑区NO.6,埋蔵文化財包蔵地,,[],道路,都筑区,中川一丁目29付近,縄文(前・中・後期),6,散布地,台地斜面,30×10,,,
1661-1430,1661,1430,埋蔵文化財包蔵地,都筑区NO.60,都筑区NO.60,都筑区NO.60,大棚西1付近,集落跡,公共用地,台地上,230×230,縄文(早・中期)・弥生(中・後期),113,139.583184295,35.5485902,JsonThemeAroundPoint:x/y,139.583066749995,35.5484977572559,12316.045969192,1,12,1661-1430,0,埋蔵文化財包蔵地,5,139.583184295,35.5485902,都筑区NO.60,都筑区,都筑区NO.60,埋蔵文化財包蔵地,,[],公共用地,都筑区,大棚西1付近,縄文(早・中期)・弥生(中・後期),113,集落跡,台地上,230×230,,,
1663-1430,1663,1430,埋蔵文化財包蔵地,都筑区NO.62,都筑区NO.62,都筑区NO.62,大棚町641付近,集落跡・墓地,竹林,低位台地上,110×100,縄文(早・中期)・弥生(中期)・歴史,117,139.58245212,35.54664763,JsonThemeAroundPoint:x/y,139.582481388586,35.5466408915661,12145.6692908845,1,12,1663-1430,0,埋蔵文化財包蔵地,5,139.58245212,35.54664763,都筑区NO.62,都筑区,都筑区NO.62,埋蔵文化財包蔵地,,[],竹林,都筑区,大棚町641付近,縄文(早・中期)・弥生(中期)・歴史,117,集落跡・墓地,低位台地上,110×100,,,
1667-1430,1667,1430,埋蔵文化財包蔵地,都筑区NO.63,都筑区NO.63,都筑区NO.63,中川中央一丁目18付近,集落跡,公共用地,低位台地上,210×800,先土器・縄文(早・中期)・弥生(中期)・歴史,118,139.580776515,35.547298585,JsonThemeAroundPoint:x/y,139.58093296325,35.5472035662297,12274.7702152029,1,12,1667-1430,0,埋蔵文化財包蔵地,5,139.580776515,35.547298585,都筑区NO.63,都筑区,都筑区NO.63,埋蔵文化財包蔵地,,[],公共用地,都筑区,中川中央一丁目18付近,先土器・縄文(早・中期)・弥生(中期)・歴史,118,集落跡,低位台地上,210×800,,,
1666-1430,1666,1430,埋蔵文化財包蔵地,都筑区NO.64,都筑区NO.64,都筑区NO.64,中川町755付近,散布地,宅地・雑木林,台地上,100×60,縄文,119,139.580733755,35.546228715,JsonThemeAroundPoint:x/y,139.580683799904,35.546214549706,12168.5428110577,1,12,1666-1430,0,埋蔵文化財包蔵地,5,139.580733755,35.546228715,都筑区NO.64,都筑区,都筑区NO.64,埋蔵文化財包蔵地,,[],宅地・雑木林,都筑区,中川町755付近,縄文,119,散布地,台地上,100×60,,,
1665-1430,1665,1430,埋蔵文化財包蔵地,都筑区NO.65,都筑区NO.65,都筑区NO.65,中川町749付近,包含地,鉄道用地,沖積地,,歴史,120,139.579742195,35.545552205,JsonThemeAroundPoint:x/y,139.579761568994,35.5455530116442,12139.0949092602,1,12,1665-1430,0,埋蔵文化財包蔵地,5,139.579742195,35.545552205,都筑区NO.65,都筑区,都筑区NO.65,埋蔵文化財包蔵地,,[],鉄道用地,都筑区,中川町749付近,歴史,120,包含地,沖積地,,,,
1664-1430,1664,1430,埋蔵文化財包蔵地,都筑区NO.66,都筑区NO.66,都筑区NO.66,大棚町604付近,集落跡,畑地・宅地,低位台地上,250×60,古墳(後期),121,139.58519713,35.54501838,JsonThemeAroundPoint:x/y,139.585200169064,35.5450575258651,11878.8937608722,1,12,1664-1430,0,埋蔵文化財包蔵地,5,139.58519713,35.54501838,都筑区NO.66,都筑区,都筑区NO.66,埋蔵文化財包蔵地,,[],畑地・宅地,都筑区,大棚町604付近,古墳(後期),121,集落跡,低位台地上,250×60,,,
1678-1430,1678,1430,埋蔵文化財包蔵地,都筑区NO.67,都筑区NO.67,都筑区NO.67,荏田東四丁目22付近,散布地,宅地,丘陵上,70×30,縄文(早・前期)・弥生,139,139.568776175,35.54608455,JsonThemeAroundPoint:x/y,139.568736998274,35.546099926429,12652.8251862355,1,12,1678-1430,0,埋蔵文化財包蔵地,5,139.568776175,35.54608455,都筑区NO.67,都筑区,都筑区NO.67,埋蔵文化財包蔵地,,[],宅地,都筑区,荏田東四丁目22付近,縄文(早・前期)・弥生,139,散布地,丘陵上,70×30,,,
1679-1430,1679,1430,埋蔵文化財包蔵地,都筑区NO.68,都筑区NO.68,都筑区NO.68,荏田東三丁目4付近,塚,宅地,丘陵上,30×30,歴史,140,139.567865605,35.54483881,JsonThemeAroundPoint:x/y,139.567892574125,35.5448177552589,12573.8865502949,1,12,1679-1430,0,埋蔵文化財包蔵地,5,139.567865605,35.54483881,都筑区NO.68,都筑区,都筑区NO.68,埋蔵文化財包蔵地,,[],宅地,都筑区,荏田東三丁目4付近,歴史,140,塚,丘陵上,30×30,,,
1681-1430,1681,1430,埋蔵文化財包蔵地,都筑区NO.69,都筑区NO.69,都筑区NO.69,荏田南四丁目27付近,集落跡・猟場,宅地,台地上・斜面,100×80,縄文(早・中・後期),64,139.560542385,35.548574715,JsonThemeAroundPoint:x/y,139.560559022038,35.5484891690341,13272.2023301549,1,12,1681-1430,0,埋蔵文化財包蔵地,5,139.560542385,35.548574715,都筑区NO.69,都筑区,都筑区NO.69,埋蔵文化財包蔵地,,[],宅地,都筑区,荏田南四丁目27付近,縄文(早・中・後期),64,集落跡・猟場,台地上・斜面,100×80,,,
1625-1430,1625,1430,埋蔵文化財包蔵地,都筑区NO.7,都筑区NO.7,都筑区NO.7,牛久保町1704付近,散布地,植木畑,低台地上,140×60,縄文(前・中・後期),7,139.57360259,35.56340293,JsonThemeAroundPoint:x/y,139.57364440886,35.5634463718653,14174.5171771066,1,12,1625-1430,0,埋蔵文化財包蔵地,5,139.57360259,35.56340293,都筑区NO.7,都筑区,都筑区NO.7,埋蔵文化財包蔵地,,[],植木畑,都筑区,牛久保町1704付近,縄文(前・中・後期),7,散布地,低台地上,140×60,,,
1682-1430,1682,1430,埋蔵文化財包蔵地,都筑区NO.70,都筑区NO.70,都筑区NO.70,荏田南四丁目25付近,集落跡,宅地,台地斜面,140×80,縄文(中・後期)・奈良,65,139.55909035,35.54816509,JsonThemeAroundPoint:x/y,139.559086054679,35.5481401931808,13303.5505646983,1,12,1682-1430,0,埋蔵文化財包蔵地,5,139.55909035,35.54816509,都筑区NO.70,都筑区,都筑区NO.70,埋蔵文化財包蔵地,,[],宅地,都筑区,荏田南四丁目25付近,縄文(中・後期)・奈良,65,集落跡,台地斜面,140×80,,,
1683-1430,1683,1430,埋蔵文化財包蔵地,都筑区NO.71,都筑区NO.71,都筑区NO.71,荏田南三丁目9付近,散布地,宅地,台地上・斜面,100×50,縄文・歴史,66,139.557931855,35.547709365,JsonThemeAroundPoint:x/y,139.557911531599,35.5476496178612,13317.509307848,1,12,1683-1430,0,埋蔵文化財包蔵地,5,139.557931855,35.547709365,都筑区NO.71,都筑区,都筑区NO.71,埋蔵文化財包蔵地,,[],宅地,都筑区,荏田南三丁目9付近,縄文・歴史,66,散布地,台地上・斜面,100×50,,,
1680-1430,1680,1430,埋蔵文化財包蔵地,都筑区NO.72,都筑区NO.72,都筑区NO.72,荏田南四丁目9付近,散布地,雑木林・宅地,丘陵上,,縄文(中・後期),67,139.562264015,35.54685185,JsonThemeAroundPoint:x/y,139.562201754746,35.5468023832753,13027.1223699759,1,12,1680-1430,0,埋蔵文化財包蔵地,5,139.562264015,35.54685185,都筑区NO.72,都筑区,都筑区NO.72,埋蔵文化財包蔵地,,[],雑木林・宅地,都筑区,荏田南四丁目9付近,縄文(中・後期),67,散布地,丘陵上,,,,
1684-1430,1684,1430,埋蔵文化財包蔵地,都筑区NO.73,都筑区NO.73,都筑区NO.73,荏田南三丁目9付近,集落跡,学校,台地斜面,50×40,縄文(早期)・古墳(後期),68,139.55790153,35.545447335,JsonThemeAroundPoint:x/y,139.558011706522,35.5453243323787,13108.4575380804,1,12,1684-1430,0,埋蔵文化財包蔵地,5,139.55790153,35.545447335,都筑区NO.73,都筑区,都筑区NO.73,埋蔵文化財包蔵地,,[],学校,都筑区,荏田南三丁目9付近,縄文(早期)・古墳(後期),68,集落跡,台地斜面,50×40,,,
1685-1430,1685,1430,埋蔵文化財包蔵地,都筑区NO.74,都筑区NO.74,都筑区NO.74,荏田南五丁目15付近,集落跡,宅地,台地上,160×70,縄文(中・後期)・古墳(後期)・奈良・平安,69,139.560895635,35.544488375,JsonThemeAroundPoint:x/y,139.560882372835,35.5444401732575,12870.79969033,1,12,1685-1430,0,埋蔵文化財包蔵地,5,139.560895635,35.544488375,都筑区NO.74,都筑区,都筑区NO.74,埋蔵文化財包蔵地,,[],宅地,都筑区,荏田南五丁目15付近,縄文(中・後期)・古墳(後期)・奈良・平安,69,集落跡,台地上,160×70,,,
473-1430,473,1430,埋蔵文化財包蔵地,都筑区NO.75,都筑区NO.75,都筑区NO.75,すみれが丘5-9付近,集落跡,宅地,台地上,60×50,縄文(早・中期)・弥生(後期),32,139.585229685,35.56525684,JsonThemeAroundPoint:x/y,139.585410567584,35.5652596292739,13969.6206383115,1,12,473-1430,0,埋蔵文化財包蔵地,5,139.585229685,35.56525684,都筑区NO.75,都筑区,都筑区NO.75,埋蔵文化財包蔵地,,[],宅地,都筑区,すみれが丘5-9付近,縄文(早・中期)・弥生(後期),32,集落跡,台地上,60×50,,,
474-1430,474,1430,埋蔵文化財包蔵地,都筑区NO.76,都筑区NO.76,都筑区NO.76,すみれが丘3-6付近,散布地,宅地,台地上,30×20,古墳,33,139.58661459,35.564843115,JsonThemeAroundPoint:x/y,139.586614566452,35.5648510666952,13883.9622350835,1,12,474-1430,0,埋蔵文化財包蔵地,5,139.58661459,35.564843115,都筑区NO.76,都筑区,都筑区NO.76,埋蔵文化財包蔵地,,[],宅地,都筑区,すみれが丘3-6付近,古墳,33,散布地,台地上,30×20,,,
1686-1430,1686,1430,埋蔵文化財包蔵地,都筑区NO.77,都筑区NO.77,都筑区NO.77,北山田六丁目9付近,散布地,宅地,台地上,240×200,縄文(早・前期)・古墳・歴史・中世,34,139.589160065,35.5642366,JsonThemeAroundPoint:x/y,139.589070306403,35.5641085571264,13744.7410160356,1,12,1686-1430,0,埋蔵文化財包蔵地,5,139.589160065,35.5642366,都筑区NO.77,都筑区,都筑区NO.77,埋蔵文化財包蔵地,,[],宅地,都筑区,北山田六丁目9付近,縄文(早・前期)・古墳・歴史・中世,34,散布地,台地上,240×200,,,
1687-1430,1687,1430,埋蔵文化財包蔵地,都筑区NO.78,都筑区NO.78,都筑区NO.78,北山田六丁目19付近,散布地,宅地,台地上,200×120,縄文(早期)・古墳・歴史,35,139.592028355,35.56367562,JsonThemeAroundPoint:x/y,139.592070394372,35.5635742010304,13604.2229499382,1,12,1687-1430,0,埋蔵文化財包蔵地,5,139.592028355,35.56367562,都筑区NO.78,都筑区,都筑区NO.78,埋蔵文化財包蔵地,,[],宅地,都筑区,北山田六丁目19付近,縄文(早期)・古墳・歴史,35,散布地,台地上,200×120,,,
1688-1430,1688,1430,埋蔵文化財包蔵地,都筑区NO.79,都筑区NO.79,都筑区NO.79,北山田六丁目4付近,集落跡,宅地,台地上,140×100,縄文(早・前・後期),36,139.58957512,35.56201238,JsonThemeAroundPoint:x/y,139.589791612519,35.56204737426,13498.3696462954,1,12,1688-1430,0,埋蔵文化財包蔵地,5,139.58957512,35.56201238,都筑区NO.79,都筑区,都筑区NO.79,埋蔵文化財包蔵地,,[],宅地,都筑区,北山田六丁目4付近,縄文(早・前・後期),36,集落跡,台地上,140×100,,,
1626-1430,1626,1430,埋蔵文化財包蔵地,都筑区NO.8,都筑区NO.8,都筑区NO.8,中川一丁目26付近,集落跡,宅地,台地上,140×100,縄文(早・中期),8,139.572815195,35.56233387,JsonThemeAroundPoint:x/y,139.572776541876,35.5622896477874,14095.779652743,1,12,1626-1430,0,埋蔵文化財包蔵地,5,139.572815195,35.56233387,都筑区NO.8,都筑区,都筑区NO.8,埋蔵文化財包蔵地,,[],宅地,都筑区,中川一丁目26付近,縄文(早・中期),8,集落跡,台地上,140×100,,,
1691-1430,1691,1430,埋蔵文化財包蔵地,都筑区NO.80,都筑区NO.80,都筑区NO.80,北山田五丁目17付近,猟場・他,宅地,台地上,220×70,縄文(早・中期),37,139.586931955,35.561329615,JsonThemeAroundPoint:x/y,139.586781401653,35.5612151181165,13506.3144568138,1,12,1691-1430,0,埋蔵文化財包蔵地,5,139.586931955,35.561329615,都筑区NO.80,都筑区,都筑区NO.80,埋蔵文化財包蔵地,,[],宅地,都筑区,北山田五丁目17付近,縄文(早・中期),37,猟場・他,台地上,220×70,,,
1693-1430,1693,1430,埋蔵文化財包蔵地,都筑区NO.81,都筑区NO.81,都筑区NO.81,牛久保一丁目5付近,猟場・他,宅地,台地上,150×60,縄文(早・前期),38,139.584866155,35.55995159,JsonThemeAroundPoint:x/y,139.584954911543,35.5599316053896,13427.9839344071,1,12,1693-1430,0,埋蔵文化財包蔵地,5,139.584866155,35.55995159,都筑区NO.81,都筑区,都筑区NO.81,埋蔵文化財包蔵地,,[],宅地,都筑区,牛久保一丁目5付近,縄文(早・前期),38,猟場・他,台地上,150×60,,,
1692-1430,1692,1430,埋蔵文化財包蔵地,都筑区NO.82,都筑区NO.82,都筑区NO.82,牛久保一丁目7付近,猟場・他,宅地,台地上,100×60,縄文(早期),39,139.58638589,35.559518795,JsonThemeAroundPoint:x/y,139.586362628704,35.5595161827062,13334.3159975789,1,12,1692-1430,0,埋蔵文化財包蔵地,5,139.58638589,35.559518795,都筑区NO.82,都筑区,都筑区NO.82,埋蔵文化財包蔵地,,[],宅地,都筑区,牛久保一丁目7付近,縄文(早期),39,猟場・他,台地上,100×60,,,
1689-1430,1689,1430,埋蔵文化財包蔵地,都筑区NO.83,都筑区NO.83,都筑区NO.83,北山田五丁目6付近,集落跡,宅地・雑木林,台地上,250×140,縄文(早期)・弥生(後期)・近世,40,139.591310975,35.56080404,JsonThemeAroundPoint:x/y,139.591305505544,35.5607331071949,13320.7069708711,1,12,1689-1430,0,埋蔵文化財包蔵地,5,139.591310975,35.56080404,都筑区NO.83,都筑区,都筑区NO.83,埋蔵文化財包蔵地,,[],宅地・雑木林,都筑区,北山田五丁目6付近,縄文(早期)・弥生(後期)・近世,40,集落跡,台地上,250×140,,,
1690-1430,1690,1430,埋蔵文化財包蔵地,都筑区NO.84,都筑区NO.84,都筑区NO.84,北山田一丁目4付近,塚,雑木林,丘陵上,,江戸,41,139.59382207,35.55982179,JsonThemeAroundPoint:x/y,139.593814504309,35.5597220749966,13146.38302881,1,12,1690-1430,0,埋蔵文化財包蔵地,5,139.59382207,35.55982179,都筑区NO.84,都筑区,都筑区NO.84,埋蔵文化財包蔵地,,[],雑木林,都筑区,北山田一丁目4付近,江戸,41,塚,丘陵上,,,,
475-1430,475,1430,埋蔵文化財包蔵地,都筑区NO.85,都筑区NO.85,都筑区NO.85,北山田四丁目25付近,散布地,宅地,台地上,100×80,縄文(早・中期),42,139.58713098,35.557387835,JsonThemeAroundPoint:x/y,139.587130954381,35.557396017883,13088.6131677175,1,12,475-1430,0,埋蔵文化財包蔵地,5,139.58713098,35.557387835,都筑区NO.85,都筑区,都筑区NO.85,埋蔵文化財包蔵地,,[],宅地,都筑区,北山田四丁目25付近,縄文(早・中期),42,散布地,台地上,100×80,,,
1696-1430,1696,1430,埋蔵文化財包蔵地,都筑区NO.86,都筑区NO.86,都筑区NO.86,北山田四丁目25付近,集落跡,宅地,台地上,300×160,縄文(早期)・近世,43,139.587396885,35.556150945,JsonThemeAroundPoint:x/y,139.587466333646,35.556191912729,12951.3230445309,1,12,1696-1430,0,埋蔵文化財包蔵地,5,139.587396885,35.556150945,都筑区NO.86,都筑区,都筑区NO.86,埋蔵文化財包蔵地,,[],宅地,都筑区,北山田四丁目25付近,縄文(早期)・近世,43,集落跡,台地上,300×160,,,
1694-1430,1694,1430,埋蔵文化財包蔵地,都筑区NO.87,都筑区NO.87,都筑区NO.87,北山田四丁目20付近,猟場・他,宅地,台地上,180×100,縄文(早・前・中期),44,139.58997893,35.557831105,JsonThemeAroundPoint:x/y,139.589904560164,35.5577876671461,13046.9040836888,1,12,1694-1430,0,埋蔵文化財包蔵地,5,139.58997893,35.557831105,都筑区NO.87,都筑区,都筑区NO.87,埋蔵文化財包蔵地,,[],宅地,都筑区,北山田四丁目20付近,縄文(早・前・中期),44,猟場・他,台地上,180×100,,,
1695-1430,1695,1430,埋蔵文化財包蔵地,都筑区NO.88,都筑区NO.88,都筑区NO.88,北山田三丁目27付近,猟場・他,宅地・雑木林,台地上,200×120,縄文(早・前期)・古墳・歴史,45,139.592736945,35.556747155,JsonThemeAroundPoint:x/y,139.592696517389,35.5567432670501,12851.7012831943,1,12,1695-1430,0,埋蔵文化財包蔵地,5,139.592736945,35.556747155,都筑区NO.88,都筑区,都筑区NO.88,埋蔵文化財包蔵地,,[],宅地・雑木林,都筑区,北山田三丁目27付近,縄文(早・前期)・古墳・歴史,45,猟場・他,台地上,200×120,,,
1706-1430,1706,1430,埋蔵文化財包蔵地,都筑区NO.89,都筑区NO.89,都筑区NO.89,北山田二丁目25付近,集落跡,宅地,台地上,220×120,縄文(早期)・弥生(中期),46,139.59577567,35.55605838,JsonThemeAroundPoint:x/y,139.59569816463,35.5561570140465,12693.8340194813,1,12,1706-1430,0,埋蔵文化財包蔵地,5,139.59577567,35.55605838,都筑区NO.89,都筑区,都筑区NO.89,埋蔵文化財包蔵地,,[],宅地,都筑区,北山田二丁目25付近,縄文(早期)・弥生(中期),46,集落跡,台地上,220×120,,,
1621-1430,1621,1430,埋蔵文化財包蔵地,都筑区NO.9,都筑区NO.9,都筑区NO.9,牛久保三丁目20付近,散布地,宅地,丘陵上,80×70,縄文(早期),9,139.578669275,35.56559972,JsonThemeAroundPoint:x/y,139.578666460882,35.5655702245882,14218.5472863097,1,12,1621-1430,0,埋蔵文化財包蔵地,5,139.578669275,35.56559972,都筑区NO.9,都筑区,都筑区NO.9,埋蔵文化財包蔵地,,[],宅地,都筑区,牛久保三丁目20付近,縄文(早期),9,散布地,丘陵上,80×70,,,
1747-1430,1747,1430,埋蔵文化財包蔵地,都筑区NO.90,都筑区NO.90,都筑区NO.90,北山田六丁目50付近,散布地,宅地,台地上,300×120,縄文(早・前・後期)・弥生・歴史,47,139.5975722,35.563147835,JsonThemeAroundPoint:x/y,139.597164582397,35.5631617290782,13403.1856542778,1,12,1747-1430,0,埋蔵文化財包蔵地,5,139.5975722,35.563147835,都筑区NO.90,都筑区,都筑区NO.90,埋蔵文化財包蔵地,,[],宅地,都筑区,北山田六丁目50付近,縄文(早・前・後期)・弥生・歴史,47,散布地,台地上,300×120,,,
1742-1430,1742,1430,埋蔵文化財包蔵地,都筑区NO.91,都筑区NO.91,都筑区NO.91,北山田七丁目1付近,散布地,宅地,台地上,300×170,縄文(早・中期),48,139.596803905,35.560888375,JsonThemeAroundPoint:x/y,139.596765890541,35.560871102148,13180.8958077635,1,12,1742-1430,0,埋蔵文化財包蔵地,5,139.596803905,35.560888375,都筑区NO.91,都筑区,都筑区NO.91,埋蔵文化財包蔵地,,[],宅地,都筑区,北山田七丁目1付近,縄文(早・中期),48,散布地,台地上,300×170,,,
1741-1430,1741,1430,埋蔵文化財包蔵地,都筑区NO.92,都筑区NO.92,都筑区NO.92,東山田一丁目29付近,集落跡,宅地,台地上,380×170,縄文(早・前・中・後期)・歴史,49,139.600231825,35.56167699,JsonThemeAroundPoint:x/y,139.600337870392,35.5616610752726,13181.5666417409,1,12,1741-1430,0,埋蔵文化財包蔵地,5,139.600231825,35.56167699,都筑区NO.92,都筑区,都筑区NO.92,埋蔵文化財包蔵地,,[],宅地,都筑区,東山田一丁目29付近,縄文(早・前・中・後期)・歴史,49,集落跡,台地上,380×170,,,
476-1430,476,1430,埋蔵文化財包蔵地,都筑区NO.93,都筑区NO.93,都筑区NO.93,北山田七丁目10付近,包含地,道路,台地上・斜面,,縄文,50,139.60096414,35.55851491,JsonThemeAroundPoint:x/y,139.60096412058,35.5585223513365,12824.6132757134,1,12,476-1430,0,埋蔵文化財包蔵地,5,139.60096414,35.55851491,都筑区NO.93,都筑区,都筑区NO.93,埋蔵文化財包蔵地,,[],道路,都筑区,北山田七丁目10付近,縄文,50,包含地,台地上・斜面,,,,
1705-1430,1705,1430,埋蔵文化財包蔵地,都筑区NO.94,都筑区NO.94,都筑区NO.94,北山田二丁目14付近,猟場,宅地,低位台地上,150×150,縄文(早・前期),51,139.597424455,35.55663412,JsonThemeAroundPoint:x/y,139.597259015918,35.5565288830365,12711.1881298209,1,12,1705-1430,0,埋蔵文化財包蔵地,5,139.597424455,35.55663412,都筑区NO.94,都筑区,都筑区NO.94,埋蔵文化財包蔵地,,[],宅地,都筑区,北山田二丁目14付近,縄文(早・前期),51,猟場,低位台地上,150×150,,,
1730-1430,1730,1430,埋蔵文化財包蔵地,都筑区NO.95,都筑区NO.95,都筑区NO.95,東山田二丁目23付近,散布地,竹林,低位台地上,140×130,縄文(早・中期),52,139.60536993,35.56016313,JsonThemeAroundPoint:x/y,139.605407906333,35.5601764440543,12905.1413139233,1,12,1730-1430,0,埋蔵文化財包蔵地,5,139.60536993,35.56016313,都筑区NO.95,都筑区,都筑区NO.95,埋蔵文化財包蔵地,,[],竹林,都筑区,東山田二丁目23付近,縄文(早・中期),52,散布地,低位台地上,140×130,,,
1731-1430,1731,1430,埋蔵文化財包蔵地,都筑区NO.96,都筑区NO.96,都筑区NO.96,東山田二丁目8付近,集落跡,宅地,台地上,250×130,縄文(早・中期)・弥生(後期)・歴史,53,139.605235085,35.558567365,JsonThemeAroundPoint:x/y,139.605175390433,35.5584868370907,12735.15716687,1,12,1731-1430,0,埋蔵文化財包蔵地,5,139.605235085,35.558567365,都筑区NO.96,都筑区,都筑区NO.96,埋蔵文化財包蔵地,,[],宅地,都筑区,東山田二丁目8付近,縄文(早・中期)・弥生(後期)・歴史,53,集落跡,台地上,250×130,,,
1729-1430,1729,1430,埋蔵文化財包蔵地,都筑区NO.97,都筑区NO.97,都筑区NO.97,東山田二丁目10付近,集落跡,宅地,台地上,150×150,縄文(早・前・中期),54,139.6031427,35.558428575,JsonThemeAroundPoint:x/y,139.603106886654,35.558424878658,12765.4001197253,1,12,1729-1430,0,埋蔵文化財包蔵地,5,139.6031427,35.558428575,都筑区NO.97,都筑区,都筑区NO.97,埋蔵文化財包蔵地,,[],宅地,都筑区,東山田二丁目10付近,縄文(早・前・中期),54,集落跡,台地上,150×150,,,
1728-1430,1728,1430,埋蔵文化財包蔵地,都筑区NO.98,都筑区NO.98,都筑区NO.98,東山田三丁目26付近,集落跡,宅地,台地上,130×130,縄文(早・中期),55,139.603997905,35.55695778,JsonThemeAroundPoint:x/y,139.603862578601,35.5569520786672,12587.8024519601,1,12,1728-1430,0,埋蔵文化財包蔵地,5,139.603997905,35.55695778,都筑区NO.98,都筑区,都筑区NO.98,埋蔵文化財包蔵地,,[],宅地,都筑区,東山田三丁目26付近,縄文(早・中期),55,集落跡,台地上,130×130,,,
1732-1430,1732,1430,埋蔵文化財包蔵地,都筑区NO.99,都筑区NO.99,都筑区NO.99,東山田三丁目31付近,散布地,宅地,台地上,100×60,縄文(早・前・中期),56,139.606173105,35.557175805,JsonThemeAroundPoint:x/y,139.606185788775,35.5571828462874,12564.9708973337,1,12,1732-1430,0,埋蔵文化財包蔵地,5,139.606173105,35.557175805,都筑区NO.99,都筑区,都筑区NO.99,埋蔵文化財包蔵地,,[],宅地,都筑区,東山田三丁目31付近,縄文(早・前・中期),56,散布地,台地上,100×60,,,
732-1430,732,1430,埋蔵文化財包蔵地,金沢区NO.1,金沢区NO.1,金沢区NO.1,富岡東一丁目16付近,散布地,宅地・畑地,台地上,240×100,縄文(中期),1,139.62686129,35.37435063,JsonThemeAroundPoint:x/y,139.626840196399,35.3742754697123,8163.59617629095,1,12,732-1430,0,埋蔵文化財包蔵地,5,139.62686129,35.37435063,金沢区NO.1,金沢区,金沢区NO.1,埋蔵文化財包蔵地,,[],宅地・畑地,金沢区,富岡東一丁目16付近,縄文(中期),1,散布地,台地上,240×100,,,
739-1430,739,1430,埋蔵文化財包蔵地,金沢区NO.10,金沢区NO.10,金沢区NO.10,釜利谷東五丁目2付近,散布地,畑地・道路,台地上,,古墳,9,139.61059696,35.345779945,JsonThemeAroundPoint:x/y,139.610568158694,35.3457703648359,11547.3495255944,1,12,739-1430,0,埋蔵文化財包蔵地,5,139.61059696,35.345779945,金沢区NO.10,金沢区,金沢区NO.10,埋蔵文化財包蔵地,,[],畑地・道路,金沢区,釜利谷東五丁目2付近,古墳,9,散布地,台地上,,,,
99-1430,99,1430,埋蔵文化財包蔵地,金沢区NO.11,金沢区NO.11,金沢区NO.11,釜利谷東四丁目31付近,城跡,宅地,台地上,,鎌倉？,11,139.61444401,35.347181815,JsonThemeAroundPoint:x/y,139.614443986462,35.3471900032879,11324.8516318212,1,12,99-1430,0,埋蔵文化財包蔵地,5,139.61444401,35.347181815,金沢区NO.11,金沢区,金沢区NO.11,埋蔵文化財包蔵地,,[],宅地,金沢区,釜利谷東四丁目31付近,鎌倉？,11,城跡,台地上,,,,
97-1430,97,1430,埋蔵文化財包蔵地,金沢区NO.12,金沢区NO.12,金沢区NO.12,釜利谷東四丁目41付近,集落跡・貝塚,宅地,台地上,,縄文(中・後期),10,139.61444233,35.345549635,JsonThemeAroundPoint:x/y,139.614442307066,35.345557825552,11503.3153170436,1,12,97-1430,0,埋蔵文化財包蔵地,5,139.61444233,35.345549635,金沢区NO.12,金沢区,金沢区NO.12,埋蔵文化財包蔵地,,[],宅地,金沢区,釜利谷東四丁目41付近,縄文(中・後期),10,集落跡・貝塚,台地上,,,,
98-1430,98,1430,埋蔵文化財包蔵地,金沢区NO.16,金沢区NO.16,金沢区NO.16,釜利谷東三丁目26付近,散布地,宅地,台地上,,縄文,13,139.619380135,35.346526495,JsonThemeAroundPoint:x/y,139.619380113887,35.3465346788303,11322.1052142152,1,12,98-1430,0,埋蔵文化財包蔵地,5,139.619380135,35.346526495,金沢区NO.16,金沢区,金沢区NO.16,埋蔵文化財包蔵地,,[],宅地,金沢区,釜利谷東三丁目26付近,縄文,13,散布地,台地上,,,,
100-1430,100,1430,埋蔵文化財包蔵地,金沢区NO.19,金沢区NO.19,金沢区NO.19,富岡西七丁目51付近,散布地,宅地,台地上,,(不明),6,139.62588928,35.360628055,JsonThemeAroundPoint:x/y,139.625889261172,35.3606358739774,9690.10600245392,1,12,100-1430,0,埋蔵文化財包蔵地,5,139.62588928,35.360628055,金沢区NO.19,金沢区,金沢区NO.19,埋蔵文化財包蔵地,,[],宅地,金沢区,富岡西七丁目51付近,(不明),6,散布地,台地上,,,,
95-1430,95,1430,埋蔵文化財包蔵地,金沢区NO.2,金沢区NO.2,金沢区NO.2,富岡東三丁目2付近,塚,宅地,台地上,,(不明),2,139.63086612,35.370670955,JsonThemeAroundPoint:x/y,139.630866098217,35.3706790064277,8535.90147446734,1,12,95-1430,0,埋蔵文化財包蔵地,5,139.63086612,35.370670955,金沢区NO.2,金沢区,金沢区NO.2,埋蔵文化財包蔵地,,[],宅地,金沢区,富岡東三丁目2付近,(不明),2,塚,台地上,,,,
101-1430,101,1430,埋蔵文化財包蔵地,金沢区NO.20,金沢区NO.20,金沢区NO.20,能見台通45付近,散布地,宅地,台地上,,(不明),21,139.628167635,35.359031215,JsonThemeAroundPoint:x/y,139.628167614682,35.3590390331239,9846.3116001549,1,12,101-1430,0,埋蔵文化財包蔵地,5,139.628167635,35.359031215,金沢区NO.20,金沢区,金沢区NO.20,埋蔵文化財包蔵地,,[],宅地,金沢区,能見台通45付近,(不明),21,散布地,台地上,,,,
104-1430,104,1430,埋蔵文化財包蔵地,金沢区NO.21,金沢区NO.21,金沢区NO.21,能見台通20付近,散布地,宅地,台地上,,(不明),20,139.62776834,35.357061435,JsonThemeAroundPoint:x/y,139.627768319253,35.3570694833058,10067.7920010339,1,12,104-1430,0,埋蔵文化財包蔵地,5,139.62776834,35.357061435,金沢区NO.21,金沢区,金沢区NO.21,埋蔵文化財包蔵地,,[],宅地,金沢区,能見台通20付近,(不明),20,散布地,台地上,,,,
102-1430,102,1430,埋蔵文化財包蔵地,金沢区NO.22,金沢区NO.22,金沢区NO.22,能見台通12付近,散布地,宅地,台地上,,(不明),22,139.63094878,35.35804151,JsonThemeAroundPoint:x/y,139.630948760647,35.3580493246847,9937.17062285273,1,12,102-1430,0,埋蔵文化財包蔵地,5,139.63094878,35.35804151,金沢区NO.22,金沢区,金沢区NO.22,埋蔵文化財包蔵地,,[],宅地,金沢区,能見台通12付近,(不明),22,散布地,台地上,,,,
103-1430,103,1430,埋蔵文化財包蔵地,金沢区NO.23,金沢区NO.23,金沢区NO.23,能見台通6付近,散布地・塚,宅地,台地上,,縄文(中期)・中世,23,139.630766415,35.35714445,JsonThemeAroundPoint:x/y,139.630766392721,35.3571525000942,10037.8026972378,1,12,103-1430,0,埋蔵文化財包蔵地,5,139.630766415,35.35714445,金沢区NO.23,金沢区,金沢区NO.23,埋蔵文化財包蔵地,,[],宅地,金沢区,能見台通6付近,縄文(中期)・中世,23,散布地・塚,台地上,,,,
743-1430,743,1430,埋蔵文化財包蔵地,金沢区NO.24,金沢区NO.24,金沢区NO.24,能見台三丁目34付近,集落跡,宅地,台地上・斜面,350×170,縄文(早・前・中期)・弥生(後期),18,139.625583565,35.354550665,JsonThemeAroundPoint:x/y,139.625472017637,35.3544071912381,10365.1954194701,1,12,743-1430,0,埋蔵文化財包蔵地,5,139.625583565,35.354550665,金沢区NO.24,金沢区,金沢区NO.24,埋蔵文化財包蔵地,,[],宅地,金沢区,能見台三丁目34付近,縄文(早・前・中期)・弥生(後期),18,集落跡,台地上・斜面,350×170,,,
105-1430,105,1430,埋蔵文化財包蔵地,金沢区NO.25,金沢区NO.25,金沢区NO.25,堀口143付近,散布地,荒地,斜面,,縄文,19,139.628179685,35.353806595,JsonThemeAroundPoint:x/y,139.628179660904,35.3538148823921,10425.2949232905,1,12,105-1430,0,埋蔵文化財包蔵地,5,139.628179685,35.353806595,金沢区NO.25,金沢区,金沢区NO.25,埋蔵文化財包蔵地,,[],荒地,金沢区,堀口143付近,縄文,19,散布地,斜面,,,,
742-1430,742,1430,埋蔵文化財包蔵地,金沢区NO.26,金沢区NO.26,金沢区NO.26,能見台五丁目18付近,散布地,宅地,台地上・斜面,200×170,縄文(中期)・古墳,17,139.625433785,35.35075695,JsonThemeAroundPoint:x/y,139.625350130386,35.3503946245532,10786.3226421704,1,12,742-1430,0,埋蔵文化財包蔵地,5,139.625433785,35.35075695,金沢区NO.26,金沢区,金沢区NO.26,埋蔵文化財包蔵地,,[],宅地,金沢区,能見台五丁目18付近,縄文(中期)・古墳,17,散布地,台地上・斜面,200×170,,,
741-1430,741,1430,埋蔵文化財包蔵地,金沢区NO.27,金沢区NO.27,金沢区NO.27,片吹54付近,散布地,宅地,台地上・斜面,180×100,(不明),15,139.62685121,35.34684756,JsonThemeAroundPoint:x/y,139.626867672469,35.3470721836592,11206.9253607412,1,12,741-1430,0,埋蔵文化財包蔵地,5,139.62685121,35.34684756,金沢区NO.27,金沢区,金沢区NO.27,埋蔵文化財包蔵地,,[],宅地,金沢区,片吹54付近,(不明),15,散布地,台地上・斜面,180×100,,,
106-1430,106,1430,埋蔵文化財包蔵地,金沢区NO.28,金沢区NO.28,金沢区NO.28,片吹29付近,散布地,宅地,台地上,,(不明),16,139.628940425,35.348877125,JsonThemeAroundPoint:x/y,139.628940405502,35.3488845674685,10966.6323867359,1,12,106-1430,0,埋蔵文化財包蔵地,5,139.628940425,35.348877125,金沢区NO.28,金沢区,金沢区NO.28,埋蔵文化財包蔵地,,[],宅地,金沢区,片吹29付近,(不明),16,散布地,台地上,,,,
107-1430,107,1430,埋蔵文化財包蔵地,金沢区NO.29,金沢区NO.29,金沢区NO.29,西柴一丁目16付近,散布地,宅地,台地上,,(不明),24,139.633738655,35.349078665,JsonThemeAroundPoint:x/y,139.633738637921,35.3490867143402,10921.1574148892,1,12,107-1430,0,埋蔵文化財包蔵地,5,139.633738655,35.349078665,金沢区NO.29,金沢区,金沢区NO.29,埋蔵文化財包蔵地,,[],宅地,金沢区,西柴一丁目16付近,(不明),24,散布地,台地上,,,,
733-1430,733,1430,埋蔵文化財包蔵地,金沢区NO.3,金沢区NO.3,金沢区NO.3,富岡東三丁目21付近,塚,雑木林,台地上,D15,(不明),3,139.635986895,35.370103835,JsonThemeAroundPoint:x/y,139.635959133124,35.3701032734019,8577.64123318111,1,12,733-1430,0,埋蔵文化財包蔵地,5,139.635986895,35.370103835,金沢区NO.3,金沢区,金沢区NO.3,埋蔵文化財包蔵地,,[],雑木林,金沢区,富岡東三丁目21付近,(不明),3,塚,台地上,D15,,,
108-1430,108,1430,埋蔵文化財包蔵地,金沢区NO.30,金沢区NO.30,金沢区NO.30,西柴三丁目11付近,経塚,宅地,台地上,"D16.7,H3",中世,25,139.630647875,35.34389879,JsonThemeAroundPoint:x/y,139.630647858693,35.3439062349194,11509.3568137443,1,12,108-1430,0,埋蔵文化財包蔵地,5,139.630647875,35.34389879,金沢区NO.30,金沢区,金沢区NO.30,埋蔵文化財包蔵地,,[],宅地,金沢区,西柴三丁目11付近,中世,25,経塚,台地上,"D16.7,H3",,,
740-1430,740,1430,埋蔵文化財包蔵地,金沢区NO.31,金沢区NO.31,金沢区NO.31,柴町185付近,散布地,畑地,台地上,300×100,縄文(早期)・弥生・古墳,26,139.642989865,35.344994705,JsonThemeAroundPoint:x/y,139.643009390157,35.3450722823732,11379.3256877172,1,12,740-1430,0,埋蔵文化財包蔵地,5,139.642989865,35.344994705,金沢区NO.31,金沢区,金沢区NO.31,埋蔵文化財包蔵地,,[],畑地,金沢区,柴町185付近,縄文(早期)・弥生・古墳,26,散布地,台地上,300×100,,,
110-1430,110,1430,埋蔵文化財包蔵地,金沢区NO.32,金沢区NO.32,金沢区NO.32,釜利谷東六丁目12付近,屋敷跡,宅地,低地,,室町？,30,139.611925645,35.34094108,JsonThemeAroundPoint:x/y,139.611925625968,35.3409485206509,12049.8619505409,1,12,110-1430,0,埋蔵文化財包蔵地,5,139.611925645,35.34094108,金沢区NO.32,金沢区,金沢区NO.32,埋蔵文化財包蔵地,,[],宅地,金沢区,釜利谷東六丁目12付近,室町？,30,屋敷跡,低地,,,,
754-1430,754,1430,埋蔵文化財包蔵地,金沢区NO.33,金沢区NO.33,金沢区NO.33,釜利谷東六丁目16付近,散布地・やぐら,宅地,台地上・斜面,100×40,縄文(中期)・古墳・中世,31,139.61335496,35.341054475,JsonThemeAroundPoint:x/y,139.613270315801,35.341029844185,12012.9737499276,1,12,754-1430,0,埋蔵文化財包蔵地,5,139.61335496,35.341054475,金沢区NO.33,金沢区,金沢区NO.33,埋蔵文化財包蔵地,,[],宅地,金沢区,釜利谷東六丁目16付近,縄文(中期)・古墳・中世,31,散布地・やぐら,台地上・斜面,100×40,,,
755-1430,755,1430,埋蔵文化財包蔵地,金沢区NO.37,金沢区NO.37,金沢区NO.37,谷津町307付近,やぐら,雑木林,崖,,中世,54,139.623171595,35.34168197,JsonThemeAroundPoint:x/y,139.623179878097,35.3417269846692,11812.0860007262,1,12,755-1430,0,埋蔵文化財包蔵地,5,139.623171595,35.34168197,金沢区NO.37,金沢区,金沢区NO.37,埋蔵文化財包蔵地,,[],雑木林,金沢区,谷津町307付近,中世,54,やぐら,崖,,,,
747-1430,747,1430,埋蔵文化財包蔵地,金沢区NO.39,金沢区NO.39,金沢区NO.39,釜利谷南二丁目51付近,やぐら・道・墓壙群,宅地,台地斜面,,中世,46・57,139.60389351,35.3313903,JsonThemeAroundPoint:x/y,139.603535237435,35.3314262518786,13243.229221824,1,12,747-1430,0,埋蔵文化財包蔵地,5,139.60389351,35.3313903,金沢区NO.39,金沢区,金沢区NO.39,埋蔵文化財包蔵地,,[],宅地,金沢区,釜利谷南二丁目51付近,中世,46・57,やぐら・道・墓壙群,台地斜面,,,,
2269-1430,2269,1430,埋蔵文化財包蔵地,金沢区NO.4,金沢区NO.4,金沢区NO.4,富岡東四丁目1付近,横穴墓,道路,崖,,古墳,4,139.63785911,35.36931164,JsonThemeAroundPoint:x/y,139.637852747765,35.3693079787206,8664.28295185671,1,12,2269-1430,0,埋蔵文化財包蔵地,5,139.63785911,35.36931164,金沢区NO.4,金沢区,金沢区NO.4,埋蔵文化財包蔵地,,[],道路,金沢区,富岡東四丁目1付近,古墳,4,横穴墓,崖,,,,
746-1430,746,1430,埋蔵文化財包蔵地,金沢区NO.40,金沢区NO.40,金沢区NO.40,釜利谷南三丁目22付近,たたら跡,山林,谷戸,,弥生・古墳・歴史,28,139.60025431,35.332432735,JsonThemeAroundPoint:x/y,139.600263098837,35.3323974498654,13211.4112558487,1,12,746-1430,0,埋蔵文化財包蔵地,5,139.60025431,35.332432735,金沢区NO.40,金沢区,金沢区NO.40,埋蔵文化財包蔵地,,[],山林,金沢区,釜利谷南三丁目22付近,弥生・古墳・歴史,28,たたら跡,谷戸,,,,
745-1430,745,1430,埋蔵文化財包蔵地,金沢区NO.41,金沢区NO.41,金沢区NO.41,朝比奈町49付近,防ぎょ遺構,山林,台地・谷戸,,鎌倉,27,139.595757435,35.326517365,JsonThemeAroundPoint:x/y,139.594761335073,35.3267682283262,13953.9593277243,1,12,745-1430,0,埋蔵文化財包蔵地,5,139.595757435,35.326517365,金沢区NO.41,金沢区,金沢区NO.41,埋蔵文化財包蔵地,,[],山林,金沢区,朝比奈町49付近,鎌倉,27,防ぎょ遺構,台地・谷戸,,,,
744-1430,744,1430,埋蔵文化財包蔵地,金沢区NO.42,金沢区NO.42,金沢区NO.42,朝比奈町559付近,やぐら・防ぎょ遺構,山林,台地上・崖,,中世,53,139.597515315,35.323118965,JsonThemeAroundPoint:x/y,139.598209507957,35.3234361362065,14276.5345065004,1,12,744-1430,0,埋蔵文化財包蔵地,5,139.597515315,35.323118965,金沢区NO.42,金沢区,金沢区NO.42,埋蔵文化財包蔵地,,[],山林,金沢区,朝比奈町559付近,中世,53,やぐら・防ぎょ遺構,台地上・崖,,,,
748-1430,748,1430,埋蔵文化財包蔵地,金沢区NO.45,金沢区NO.45,金沢区NO.45,大道一丁目30付近,包含地,宅地,低地,,近世,63,139.610502235,35.32595588,JsonThemeAroundPoint:x/y,139.610474110977,35.3259632437249,13711.6197522947,1,12,748-1430,0,埋蔵文化財包蔵地,5,139.610502235,35.32595588,金沢区NO.45,金沢区,金沢区NO.45,埋蔵文化財包蔵地,,[],宅地,金沢区,大道一丁目30付近,近世,63,包含地,低地,,,,
109-1430,109,1430,埋蔵文化財包蔵地,金沢区NO.48,金沢区NO.48,金沢区NO.48,瀬戸22付近,貝塚,学校,低地(砂丘上),,弥生(後期),37,139.622563585,35.33146934,JsonThemeAroundPoint:x/y,139.622563565697,35.3314767801829,12947.4274647486,1,12,109-1430,0,埋蔵文化財包蔵地,5,139.622563585,35.33146934,金沢区NO.48,金沢区,金沢区NO.48,埋蔵文化財包蔵地,,[],学校,金沢区,瀬戸22付近,弥生(後期),37,貝塚,低地(砂丘上),,,,
753-1430,753,1430,埋蔵文化財包蔵地,金沢区NO.49,金沢区NO.49,金沢区NO.49,瀬戸19付近,散布地,雑木林,低台地上,100×50,古墳,38,139.62409812,35.329035545,JsonThemeAroundPoint:x/y,139.623874762241,35.3290412040889,13202.9135984405,1,12,753-1430,0,埋蔵文化財包蔵地,5,139.62409812,35.329035545,金沢区NO.49,金沢区,金沢区NO.49,埋蔵文化財包蔵地,,[],雑木林,金沢区,瀬戸19付近,古墳,38,散布地,低台地上,100×50,,,
96-1430,96,1430,埋蔵文化財包蔵地,金沢区NO.5,金沢区NO.5,金沢区NO.5,富岡東四丁目1付近,陣屋跡,宅地,低地,,江戸？,5,139.637475325,35.3682343,JsonThemeAroundPoint:x/y,139.63747530579,35.3682423515942,8784.16221636929,1,12,96-1430,0,埋蔵文化財包蔵地,5,139.637475325,35.3682343,金沢区NO.5,金沢区,金沢区NO.5,埋蔵文化財包蔵地,,[],宅地,金沢区,富岡東四丁目1付近,江戸？,5,陣屋跡,低地,,,,
751-1430,751,1430,埋蔵文化財包蔵地,金沢区NO.50,金沢区NO.50,金沢区NO.50,瀬戸17付近,やぐら,雑木林,崖,,中世,44,139.62368642,35.32615607,JsonThemeAroundPoint:x/y,139.623730318936,35.326133158398,13525.3302001583,1,12,751-1430,0,埋蔵文化財包蔵地,5,139.62368642,35.32615607,金沢区NO.50,金沢区,金沢区NO.50,埋蔵文化財包蔵地,,[],雑木林,金沢区,瀬戸17付近,中世,44,やぐら,崖,,,,
750-1430,750,1430,埋蔵文化財包蔵地,金沢区NO.51,金沢区NO.51,金沢区NO.51,六浦一丁目5-57付近,散布地,宅地,沖積低地,,中世・近世,65,139.62385161,35.32486983,JsonThemeAroundPoint:x/y,139.623855585529,35.3248581705216,13666.3999563336,1,12,750-1430,0,埋蔵文化財包蔵地,5,139.62385161,35.32486983,金沢区NO.51,金沢区,金沢区NO.51,埋蔵文化財包蔵地,,[],宅地,金沢区,六浦一丁目5-57付近,中世・近世,65,散布地,沖積低地,,,,
752-1430,752,1430,埋蔵文化財包蔵地,金沢区NO.52,金沢区NO.52,金沢区NO.52,六浦二丁目3付近・3725-1他・瀬戸4249-1他・4249-23,やぐら・建物跡,公園・境内・雑木林,台地上・斜面・崖,,縄文・中世・近世,40,139.619976115,35.326999815,JsonThemeAroundPoint:x/y,139.620438177393,35.3269055926003,13467.9591795928,1,12,752-1430,0,埋蔵文化財包蔵地,5,139.619976115,35.326999815,金沢区NO.52,金沢区,金沢区NO.52,埋蔵文化財包蔵地,,[],公園・境内・雑木林,金沢区,六浦二丁目3付近・3725-1他・瀬戸4249-1他・4249-23,縄文・中世・近世,40,やぐら・建物跡,台地上・斜面・崖,,,,
749-1430,749,1430,埋蔵文化財包蔵地,金沢区NO.53,金沢区NO.53,金沢区NO.53,六浦町1771付近,やぐら,宅地,台地斜面・崖,,鎌倉,43,139.613452335,35.32117518,JsonThemeAroundPoint:x/y,139.613597709832,35.3211359844968,14191.1366731615,1,12,749-1430,0,埋蔵文化財包蔵地,5,139.613452335,35.32117518,金沢区NO.53,金沢区,金沢区NO.53,埋蔵文化財包蔵地,,[],宅地,金沢区,六浦町1771付近,鎌倉,43,やぐら,台地斜面・崖,,,,
759-1430,759,1430,埋蔵文化財包蔵地,金沢区NO.56,金沢区NO.56,金沢区NO.56,金沢町153・206・213・寺前一丁目18・寺前二丁目18・23付近,集落跡・貝塚,宅地・境内,低地(砂丘上),,縄文(中・後・晩期),34,139.632339095,35.33821195,JsonThemeAroundPoint:x/y,139.632153447399,35.3382816448714,12133.8894554229,1,12,759-1430,0,埋蔵文化財包蔵地,5,139.632339095,35.33821195,金沢区NO.56,金沢区,金沢区NO.56,埋蔵文化財包蔵地,,[],宅地・境内,金沢区,金沢町153・206・213・寺前一丁目18・寺前二丁目18・23付近,縄文(中・後・晩期),34,集落跡・貝塚,低地(砂丘上),,,,
112-1430,112,1430,埋蔵文化財包蔵地,金沢区NO.57,金沢区NO.57,金沢区NO.57,寺前一丁目10付近,散布地,宅地,低地,,古墳,35,139.63085697,35.335780645,JsonThemeAroundPoint:x/y,139.63085695183,35.3357880871212,12410.1819036509,1,12,112-1430,0,埋蔵文化財包蔵地,5,139.63085697,35.335780645,金沢区NO.57,金沢区,金沢区NO.57,埋蔵文化財包蔵地,,[],宅地,金沢区,寺前一丁目10付近,古墳,35,散布地,低地,,,,
113-1430,113,1430,埋蔵文化財包蔵地,金沢区NO.58,金沢区NO.58,金沢区NO.58,町屋町2付近,陣屋跡,宅地,低地,,江戸？,36,139.62971777,35.334032875,JsonThemeAroundPoint:x/y,139.629717752313,35.3340400910031,12609.909958434,1,12,113-1430,0,埋蔵文化財包蔵地,5,139.62971777,35.334032875,金沢区NO.58,金沢区,金沢区NO.58,埋蔵文化財包蔵地,,[],宅地,金沢区,町屋町2付近,江戸？,36,陣屋跡,低地,,,,
758-1430,758,1430,埋蔵文化財包蔵地,金沢区NO.59,金沢区NO.59,金沢区NO.59,瀬戸10付近,散布地・やぐら・横穴,雑木林・畑地,台地上・斜面,160×50,古墳・中世,39,139.62522236,35.325735945,JsonThemeAroundPoint:x/y,139.625347082046,35.3257106062886,13559.4943343868,1,12,758-1430,0,埋蔵文化財包蔵地,5,139.62522236,35.325735945,金沢区NO.59,金沢区,金沢区NO.59,埋蔵文化財包蔵地,,[],雑木林・畑地,金沢区,瀬戸10付近,古墳・中世,39,散布地・やぐら・横穴,台地上・斜面,160×50,,,
735-1430,735,1430,埋蔵文化財包蔵地,金沢区NO.6,金沢区NO.6,金沢区NO.6,能見台一丁目13付近,集落跡,宅地,台地上・斜面,100×80,縄文(中期),7,139.616078945,35.35985171,JsonThemeAroundPoint:x/y,139.616034674351,35.359816183023,9913.17879260012,1,12,735-1430,0,埋蔵文化財包蔵地,5,139.616078945,35.35985171,金沢区NO.6,金沢区,金沢区NO.6,埋蔵文化財包蔵地,,[],宅地,金沢区,能見台一丁目13付近,縄文(中期),7,集落跡,台地上・斜面,100×80,,,
757-1430,757,1430,埋蔵文化財包蔵地,金沢区NO.61,金沢区NO.61,金沢区NO.61,六浦町146付近,包含地,宅地,台地上・斜面,,縄文(前・中・後期),42,139.63124367,35.321287885,JsonThemeAroundPoint:x/y,139.631223649663,35.3212407795667,14019.1041348462,1,12,757-1430,0,埋蔵文化財包蔵地,5,139.63124367,35.321287885,金沢区NO.61,金沢区,金沢区NO.61,埋蔵文化財包蔵地,,[],宅地,金沢区,六浦町146付近,縄文(前・中・後期),42,包含地,台地上・斜面,,,,
761-1430,761,1430,埋蔵文化財包蔵地,金沢区NO.62,金沢区NO.62,金沢区NO.62,六浦町2019付近,散布地,山林,台地上,,縄文(中期),58,139.60723925,35.312773715,JsonThemeAroundPoint:x/y,139.607176984049,35.312763093795,15207.3749622467,1,12,761-1430,0,埋蔵文化財包蔵地,5,139.60723925,35.312773715,金沢区NO.62,金沢区,金沢区NO.62,埋蔵文化財包蔵地,,[],山林,金沢区,六浦町2019付近,縄文(中期),58,散布地,台地上,,,,
2290-1430,2290,1430,埋蔵文化財包蔵地,金沢区NO.65,金沢区NO.65,金沢区NO.65,六浦東一丁目48付近,やぐら,公園,斜面,,中世,68,139.6332478,35.322075265,JsonThemeAroundPoint:x/y,139.633250543287,35.3220749181505,13925.0828461036,1,12,2290-1430,0,埋蔵文化財包蔵地,5,139.6332478,35.322075265,金沢区NO.65,金沢区,金沢区NO.65,埋蔵文化財包蔵地,,[],公園,金沢区,六浦東一丁目48付近,中世,68,やぐら,斜面,,,,
736-1430,736,1430,埋蔵文化財包蔵地,金沢区NO.7,金沢区NO.7,金沢区NO.7,釜利谷町3147付近,散布地,宅地,台地上,80×30,縄文,8,139.610046855,35.354909645,JsonThemeAroundPoint:x/y,139.610056820229,35.3548884188837,10568.9981566492,1,12,736-1430,0,埋蔵文化財包蔵地,5,139.610046855,35.354909645,金沢区NO.7,金沢区,金沢区NO.7,埋蔵文化財包蔵地,,[],宅地,金沢区,釜利谷町3147付近,縄文,8,散布地,台地上,80×30,,,
737-1430,737,1430,埋蔵文化財包蔵地,金沢区NO.8,金沢区NO.8,金沢区NO.8,能見台四丁目3付近,散布地・塚,宅地,台地上,200×40,縄文(早・前・中期)・中世？,12,139.619247455,35.3519084,JsonThemeAroundPoint:x/y,139.619202633188,35.3518548167259,10732.1364296884,1,12,737-1430,0,埋蔵文化財包蔵地,5,139.619247455,35.3519084,金沢区NO.8,金沢区,金沢区NO.8,埋蔵文化財包蔵地,,[],宅地,金沢区,能見台四丁目3付近,縄文(早・前・中期)・中世？,12,散布地・塚,台地上,200×40,,,
734-1430,734,1430,埋蔵文化財包蔵地,金沢区NO.C-2,金沢区NO.C-2,金沢区NO.C-2,富岡東四丁目5-41(富岡八幡宮),天然記念物,,,,,,139.63943771,35.366152155,JsonThemeAroundPoint:x/y,139.639440698553,35.3660897392604,9017.04942723817,1,12,734-1430,0,埋蔵文化財包蔵地,5,139.63943771,35.366152155,金沢区NO.C-2,金沢区,金沢区NO.C-2,埋蔵文化財包蔵地,,[],,金沢区,富岡東四丁目5-41(富岡八幡宮),,,天然記念物,,,,,
760-1430,760,1430,埋蔵文化財包蔵地,金沢区NO.C-7,金沢区NO.C-7,金沢区NO.C-7,金沢町212-1,史跡,,,,,,139.633641025,35.340882045,JsonThemeAroundPoint:x/y,139.633531840982,35.3413610460217,11832.8007059447,1,12,760-1430,0,埋蔵文化財包蔵地,5,139.633641025,35.340882045,金沢区NO.C-7,金沢区,金沢区NO.C-7,埋蔵文化財包蔵地,,[],,金沢区,金沢町212-1,,,史跡,,,,,
1279-1430,1279,1430,埋蔵文化財包蔵地,青葉区NO.1,青葉区NO.1,青葉区NO.1,美しが丘西二丁目23-2付近,墓地,宅地,丘陵上,,江戸,1,139.530612865,35.587781015,JsonThemeAroundPoint:x/y,139.530637460871,35.5877268781821,18408.33406167,1,12,1279-1430,0,埋蔵文化財包蔵地,5,139.530612865,35.587781015,青葉区NO.1,青葉区,青葉区NO.1,埋蔵文化財包蔵地,,[],宅地,青葉区,美しが丘西二丁目23-2付近,江戸,1,墓地,丘陵上,,,,
1287-1430,1287,1430,埋蔵文化財包蔵地,青葉区NO.10,青葉区NO.10,青葉区NO.10,美しが丘西一丁目22付近,散布地,宅地,丘陵上,90×50,縄文(早期),10,139.545244765,35.58724193,JsonThemeAroundPoint:x/y,139.545253722908,35.5872156035006,17691.8769106447,1,12,1287-1430,0,埋蔵文化財包蔵地,5,139.545244765,35.58724193,青葉区NO.10,青葉区,青葉区NO.10,埋蔵文化財包蔵地,,[],宅地,青葉区,美しが丘西一丁目22付近,縄文(早期),10,散布地,丘陵上,90×50,,,
2336-1430,2336,1430,埋蔵文化財包蔵地,青葉区NO.100,青葉区NO.100,青葉区NO.100,すみよし台28付近,横穴墓,宅地,崖,,古墳,198,139.495842575,35.551308685,JsonThemeAroundPoint:x/y,139.495844380754,35.5513042536682,17307.2308934326,1,12,2336-1430,0,埋蔵文化財包蔵地,5,139.495842575,35.551308685,青葉区NO.100,青葉区,青葉区NO.100,埋蔵文化財包蔵地,,[],宅地,青葉区,すみよし台28付近,古墳,198,横穴墓,崖,,,,
331-1430,331,1430,埋蔵文化財包蔵地,青葉区NO.101,青葉区NO.101,青葉区NO.101,すみよし台21付近,包含地,宅地,台地斜面,50×30,縄文(早・中期)・弥生(後期)・古墳,199,139.497394195,35.549760995,JsonThemeAroundPoint:x/y,139.497394161295,35.5497685336596,17087.5560209058,1,12,331-1430,0,埋蔵文化財包蔵地,5,139.497394195,35.549760995,青葉区NO.101,青葉区,青葉区NO.101,埋蔵文化財包蔵地,,[],宅地,青葉区,すみよし台21付近,縄文(早・中期)・弥生(後期)・古墳,199,包含地,台地斜面,50×30,,,
329-1430,329,1430,埋蔵文化財包蔵地,青葉区NO.102,青葉区NO.102,青葉区NO.102,すみよし台18付近,包含地,宅地,台地斜面,100×60,古墳,200,139.49912843,35.550688005,JsonThemeAroundPoint:x/y,139.499128397791,35.5506959001222,17040.3890734404,1,12,329-1430,0,埋蔵文化財包蔵地,5,139.49912843,35.550688005,青葉区NO.102,青葉区,青葉区NO.102,埋蔵文化財包蔵地,,[],宅地,青葉区,すみよし台18付近,古墳,200,包含地,台地斜面,100×60,,,
330-1430,330,1430,埋蔵文化財包蔵地,青葉区NO.103,青葉区NO.103,青葉区NO.103,恩田町2480付近,包含地,宅地,台地上・斜面,100×40,古墳,201,139.501558635,35.550037855,JsonThemeAroundPoint:x/y,139.501558601693,35.5500457003962,16829.4243999346,1,12,330-1430,0,埋蔵文化財包蔵地,5,139.501558635,35.550037855,青葉区NO.103,青葉区,青葉区NO.103,埋蔵文化財包蔵地,,[],宅地,青葉区,恩田町2480付近,古墳,201,包含地,台地上・斜面,100×40,,,
1318-1430,1318,1430,埋蔵文化財包蔵地,青葉区NO.104,青葉区NO.104,青葉区NO.104,恩田町2107付近,散布地,畑地・宅地,低位段丘上,150×140,古墳,202,139.49507685,35.545189355,JsonThemeAroundPoint:x/y,139.495124474998,35.5451572369733,16912.2604530979,1,12,1318-1430,0,埋蔵文化財包蔵地,5,139.49507685,35.545189355,青葉区NO.104,青葉区,青葉区NO.104,埋蔵文化財包蔵地,,[],畑地・宅地,青葉区,恩田町2107付近,古墳,202,散布地,低位段丘上,150×140,,,
1350-1430,1350,1430,埋蔵文化財包蔵地,青葉区NO.105,青葉区NO.105,青葉区NO.105,鉄町1774付近,散布地,畑地・雑木林,台地上・斜面,270×140,縄文(早・前・中期)・弥生(中・後期)・古墳,56,139.518551925,35.564884455,JsonThemeAroundPoint:x/y,139.518647163733,35.5648595108888,16973.624702669,1,12,1350-1430,0,埋蔵文化財包蔵地,5,139.518551925,35.564884455,青葉区NO.105,青葉区,青葉区NO.105,埋蔵文化財包蔵地,,[],畑地・雑木林,青葉区,鉄町1774付近,縄文(早・前・中期)・弥生(中・後期)・古墳,56,散布地,台地上・斜面,270×140,,,
1351-1430,1351,1430,埋蔵文化財包蔵地,青葉区NO.106,青葉区NO.106,青葉区NO.106,鉄町1871付近,散布地,畑地,台地上,200×120,縄文(前・中期)・古墳,57,139.52095114,35.56588245,JsonThemeAroundPoint:x/y,139.520855639758,35.5658200249012,16922.557427697,1,12,1351-1430,0,埋蔵文化財包蔵地,5,139.52095114,35.56588245,青葉区NO.106,青葉区,青葉区NO.106,埋蔵文化財包蔵地,,[],畑地,青葉区,鉄町1871付近,縄文(前・中期)・古墳,57,散布地,台地上,200×120,,,
361-1430,361,1430,埋蔵文化財包蔵地,青葉区NO.108,青葉区NO.108,青葉区NO.108,鉄町1972付近,散布地,学校,台地斜面,,縄文(早・前・中期),61,139.52555128,35.566002375,JsonThemeAroundPoint:x/y,139.525551250144,35.5660103163051,16675.5347112078,1,12,361-1430,0,埋蔵文化財包蔵地,5,139.52555128,35.566002375,青葉区NO.108,青葉区,青葉区NO.108,埋蔵文化財包蔵地,,[],学校,青葉区,鉄町1972付近,縄文(早・前・中期),61,散布地,台地斜面,,,,
1354-1430,1354,1430,埋蔵文化財包蔵地,青葉区NO.109,青葉区NO.109,青葉区NO.109,鉄町2135付近,散布地,畑地,台地上・斜面,170×70,縄文(前・中・後期)・古墳・歴史,65,139.531720995,35.565994825,JsonThemeAroundPoint:x/y,139.531827894169,35.5660070826708,16339.9193655494,1,12,1354-1430,0,埋蔵文化財包蔵地,5,139.531720995,35.565994825,青葉区NO.109,青葉区,青葉区NO.109,埋蔵文化財包蔵地,,[],畑地,青葉区,鉄町2135付近,縄文(前・中・後期)・古墳・歴史,65,散布地,台地上・斜面,170×70,,,
1288-1430,1288,1430,埋蔵文化財包蔵地,青葉区NO.11,青葉区NO.11,青葉区NO.11,美しが丘西一丁目16付近,散布地,宅地,丘陵上,120×50,古墳,11,139.544684585,35.58633108,JsonThemeAroundPoint:x/y,139.544708442251,35.5863124521869,17626.9484281821,1,12,1288-1430,0,埋蔵文化財包蔵地,5,139.544684585,35.58633108,青葉区NO.11,青葉区,青葉区NO.11,埋蔵文化財包蔵地,,[],宅地,青葉区,美しが丘西一丁目16付近,古墳,11,散布地,丘陵上,120×50,,,
1353-1430,1353,1430,埋蔵文化財包蔵地,青葉区NO.110,青葉区NO.110,青葉区NO.110,鉄町1312付近,散布地,宅地・畑地,台地上・斜面,150×80,古墳,66,139.5315444,35.56364837,JsonThemeAroundPoint:x/y,139.531423710876,35.5635637971374,16139.0658127234,1,12,1353-1430,0,埋蔵文化財包蔵地,5,139.5315444,35.56364837,青葉区NO.110,青葉区,青葉区NO.110,埋蔵文化財包蔵地,,[],宅地・畑地,青葉区,鉄町1312付近,古墳,66,散布地,台地上・斜面,150×80,,,
1355-1430,1355,1430,埋蔵文化財包蔵地,青葉区NO.111,青葉区NO.111,青葉区NO.111,黒須田町189付近,包含地,宅地,丘陵上,110×40,縄文(前期)・古墳,109,139.53577878,35.565874005,JsonThemeAroundPoint:x/y,139.53580753928,35.5656062050447,16115.3890736198,1,12,1355-1430,0,埋蔵文化財包蔵地,5,139.53577878,35.565874005,青葉区NO.111,青葉区,青葉区NO.111,埋蔵文化財包蔵地,,[],宅地,青葉区,黒須田町189付近,縄文(前期)・古墳,109,包含地,丘陵上,110×40,,,
369-1430,369,1430,埋蔵文化財包蔵地,青葉区NO.112,青葉区NO.112,青葉区NO.112,あざみ野三丁目5付近,古墳？,宅地,台地上,,古墳,111,139.54214348,35.566458075,JsonThemeAroundPoint:x/y,139.542143450723,35.5664655198823,15846.0502628433,1,12,369-1430,0,埋蔵文化財包蔵地,5,139.54214348,35.566458075,青葉区NO.112,青葉区,青葉区NO.112,埋蔵文化財包蔵地,,[],宅地,青葉区,あざみ野三丁目5付近,古墳,111,古墳？,台地上,,,,
370-1430,370,1430,埋蔵文化財包蔵地,青葉区NO.113,青葉区NO.113,青葉区NO.113,あざみ野三丁目12付近,散布地,宅地,丘陵斜面,,弥生・古墳,112,139.541511295,35.565868385,JsonThemeAroundPoint:x/y,139.541511270815,35.5658758247509,15822.6751509603,1,12,370-1430,0,埋蔵文化財包蔵地,5,139.541511295,35.565868385,青葉区NO.113,青葉区,青葉区NO.113,埋蔵文化財包蔵地,,[],宅地,青葉区,あざみ野三丁目12付近,弥生・古墳,112,散布地,丘陵斜面,,,,
1356-1430,1356,1430,埋蔵文化財包蔵地,青葉区NO.114,青葉区NO.114,青葉区NO.114,大場町385付近,集落跡,宅地,丘陵上,200×70,縄文(早期)・弥生(中・後期)・歴史,113,139.540656905,35.56236997,JsonThemeAroundPoint:x/y,139.540651473909,35.5622402117944,15543.1475164878,1,12,1356-1430,0,埋蔵文化財包蔵地,5,139.540656905,35.56236997,青葉区NO.114,青葉区,青葉区NO.114,埋蔵文化財包蔵地,,[],宅地,青葉区,大場町385付近,縄文(早期)・弥生(中・後期)・歴史,113,集落跡,丘陵上,200×70,,,
367-1430,367,1430,埋蔵文化財包蔵地,青葉区NO.115,青葉区NO.115,青葉区NO.115,あざみ野三丁目13付近,散布地,宅地,台地斜面,,縄文(中期)・古墳,114,139.54236554,35.563605305,JsonThemeAroundPoint:x/y,139.542365513742,35.5636127467563,15570.1230802848,1,12,367-1430,0,埋蔵文化財包蔵地,5,139.54236554,35.563605305,青葉区NO.115,青葉区,青葉区NO.115,埋蔵文化財包蔵地,,[],宅地,青葉区,あざみ野三丁目13付近,縄文(中期)・古墳,114,散布地,台地斜面,,,,
366-1430,366,1430,埋蔵文化財包蔵地,青葉区NO.116,青葉区NO.116,青葉区NO.116,あざみ野三丁目14付近,散布地,宅地,丘陵斜面,,古墳,115,139.543622965,35.563990545,JsonThemeAroundPoint:x/y,139.543622938598,35.5639979900461,15542.9519315307,1,12,366-1430,0,埋蔵文化財包蔵地,5,139.543622965,35.563990545,青葉区NO.116,青葉区,青葉区NO.116,埋蔵文化財包蔵地,,[],宅地,青葉区,あざみ野三丁目14付近,古墳,115,散布地,丘陵斜面,,,,
365-1430,365,1430,埋蔵文化財包蔵地,青葉区NO.117,青葉区NO.117,青葉区NO.117,あざみ野三丁目15付近,散布地,宅地,丘陵斜面,180×90,縄文,116,139.54468334,35.564244015,JsonThemeAroundPoint:x/y,139.544683313614,35.5642515845757,15514.0769921031,1,12,365-1430,0,埋蔵文化財包蔵地,5,139.54468334,35.564244015,青葉区NO.117,青葉区,青葉区NO.117,埋蔵文化財包蔵地,,[],宅地,青葉区,あざみ野三丁目15付近,縄文,116,散布地,丘陵斜面,180×90,,,
364-1430,364,1430,埋蔵文化財包蔵地,青葉区NO.118,青葉区NO.118,青葉区NO.118,あざみ野三丁目9付近,散布地,宅地,丘陵斜面,50×40,縄文(中・後期)・弥生(後期)・古墳,117,139.545948845,35.564846455,JsonThemeAroundPoint:x/y,139.545948815757,35.5648545340479,15508.5421642197,1,12,364-1430,0,埋蔵文化財包蔵地,5,139.545948845,35.564846455,青葉区NO.118,青葉区,青葉区NO.118,埋蔵文化財包蔵地,,[],宅地,青葉区,あざみ野三丁目9付近,縄文(中・後期)・弥生(後期)・古墳,117,散布地,丘陵斜面,50×40,,,
1319-1430,1319,1430,埋蔵文化財包蔵地,青葉区NO.119,青葉区NO.119,青葉区NO.119,鴨志田町529付近,墓地,宅地,低位段丘上,,中世,69,139.509142725,35.562383235,JsonThemeAroundPoint:x/y,139.509168963393,35.5623695694116,17321.8313244887,1,12,1319-1430,0,埋蔵文化財包蔵地,5,139.509142725,35.562383235,青葉区NO.119,青葉区,青葉区NO.119,埋蔵文化財包蔵地,,[],宅地,青葉区,鴨志田町529付近,中世,69,墓地,低位段丘上,,,,
1289-1430,1289,1430,埋蔵文化財包蔵地,青葉区NO.12,青葉区NO.12,青葉区NO.12,美しが丘西一丁目20付近,塚・包含地,宅地,丘陵斜面,80×60,縄文・歴史・江戸,12,139.54603636,35.58586901,JsonThemeAroundPoint:x/y,139.546035153698,35.5858239621943,17523.3903332202,1,12,1289-1430,0,埋蔵文化財包蔵地,5,139.54603636,35.58586901,青葉区NO.12,青葉区,青葉区NO.12,埋蔵文化財包蔵地,,[],宅地,青葉区,美しが丘西一丁目20付近,縄文・歴史・江戸,12,塚・包含地,丘陵斜面,80×60,,,
1320-1430,1320,1430,埋蔵文化財包蔵地,青葉区NO.120,青葉区NO.120,青葉区NO.120,鴨志田町299・426付近,散布地,畑地・宅地,低位段丘上,450×120,縄文(中期)・弥生(後期)・古墳・歴史,70・71,139.51184999,35.56092115,JsonThemeAroundPoint:x/y,139.511900496657,35.5608497331657,17036.5740277349,1,12,1320-1430,0,埋蔵文化財包蔵地,5,139.51184999,35.56092115,青葉区NO.120,青葉区,青葉区NO.120,埋蔵文化財包蔵地,,[],畑地・宅地,青葉区,鴨志田町299・426付近,縄文(中期)・弥生(後期)・古墳・歴史,70・71,散布地,低位段丘上,450×120,,,
332-1430,332,1430,埋蔵文化財包蔵地,青葉区NO.121,青葉区NO.121,青葉区NO.121,鴨志田町356付近,散布地,宅地,台地上,,縄文(早・中期),72,139.510576165,35.560011605,JsonThemeAroundPoint:x/y,139.510576132557,35.5600199461199,17039.4424560865,1,12,332-1430,0,埋蔵文化財包蔵地,5,139.510576165,35.560011605,青葉区NO.121,青葉区,青葉区NO.121,埋蔵文化財包蔵地,,[],宅地,青葉区,鴨志田町356付近,縄文(早・中期),72,散布地,台地上,,,,
1349-1430,1349,1430,埋蔵文化財包蔵地,青葉区NO.122,青葉区NO.122,青葉区NO.122,鉄町1602付近,散布地,畑地,台地上,270×80,縄文(中期)・弥生(中・後期)・古墳,73,139.52130466,35.561616515,JsonThemeAroundPoint:x/y,139.521149339647,35.5616738450494,16534.4880974616,1,12,1349-1430,0,埋蔵文化財包蔵地,5,139.52130466,35.561616515,青葉区NO.122,青葉区,青葉区NO.122,埋蔵文化財包蔵地,,[],畑地,青葉区,鉄町1602付近,縄文(中期)・弥生(中・後期)・古墳,73,散布地,台地上,270×80,,,
1348-1430,1348,1430,埋蔵文化財包蔵地,青葉区NO.123,青葉区NO.123,青葉区NO.123,鉄町1407付近,散布地,畑地・宅地,台地上,150×90,縄文(中期)・弥生(中・後期)・古墳,74,139.526501915,35.560412365,JsonThemeAroundPoint:x/y,139.526462790168,35.5603818462939,16133.1247663999,1,12,1348-1430,0,埋蔵文化財包蔵地,5,139.526501915,35.560412365,青葉区NO.123,青葉区,青葉区NO.123,埋蔵文化財包蔵地,,[],畑地・宅地,青葉区,鉄町1407付近,縄文(中期)・弥生(中・後期)・古墳,74,散布地,台地上,150×90,,,
1347-1430,1347,1430,埋蔵文化財包蔵地,青葉区NO.125,青葉区NO.125,青葉区NO.125,鉄町1378付近,散布地,畑地・荒地,丘陵斜面,70×40,縄文(中期)・古墳・歴史,76,139.527720835,35.560121775,JsonThemeAroundPoint:x/y,139.527699275666,35.5601084863613,16038.9900873864,1,12,1347-1430,0,埋蔵文化財包蔵地,5,139.527720835,35.560121775,青葉区NO.125,青葉区,青葉区NO.125,埋蔵文化財包蔵地,,[],畑地・荒地,青葉区,鉄町1378付近,縄文(中期)・古墳・歴史,76,散布地,丘陵斜面,70×40,,,
1346-1430,1346,1430,埋蔵文化財包蔵地,青葉区NO.126,青葉区NO.126,青葉区NO.126,鉄町1374付近,散布地,雑木林,台地上,150×40,縄文(後期)・古墳,77,139.528822805,35.55984478,JsonThemeAroundPoint:x/y,139.528854877271,35.5597638002651,15952.8754166433,1,12,1346-1430,0,埋蔵文化財包蔵地,5,139.528822805,35.55984478,青葉区NO.126,青葉区,青葉区NO.126,埋蔵文化財包蔵地,,[],雑木林,青葉区,鉄町1374付近,縄文(後期)・古墳,77,散布地,台地上,150×40,,,
1352-1430,1352,1430,埋蔵文化財包蔵地,青葉区NO.127,青葉区NO.127,青葉区NO.127,鉄町1269付近,散布地,畑地・宅地,,170×130,縄文(中期)・古墳・歴史,67,139.53088452,35.56182829,JsonThemeAroundPoint:x/y,139.530883059832,35.5618018855468,16013.0945377394,1,12,1352-1430,0,埋蔵文化財包蔵地,5,139.53088452,35.56182829,青葉区NO.127,青葉区,青葉区NO.127,埋蔵文化財包蔵地,,[],畑地・宅地,青葉区,鉄町1269付近,縄文(中期)・古墳・歴史,67,散布地,,170×130,,,
1345-1430,1345,1430,埋蔵文化財包蔵地,青葉区NO.128,青葉区NO.128,青葉区NO.128,鉄町1136付近,散布地,畑地,台地上,100×40,古墳,78,139.530633095,35.558371985,JsonThemeAroundPoint:x/y,139.530626448609,35.5583435992079,15722.6738056935,1,12,1345-1430,0,埋蔵文化財包蔵地,5,139.530633095,35.558371985,青葉区NO.128,青葉区,青葉区NO.128,埋蔵文化財包蔵地,,[],畑地,青葉区,鉄町1136付近,古墳,78,散布地,台地上,100×40,,,
1343-1430,1343,1430,埋蔵文化財包蔵地,青葉区NO.129,青葉区NO.129,青葉区NO.129,鉄町1092付近,散布地,宅地,低位段丘上,,古墳,79,139.530356635,35.557204395,JsonThemeAroundPoint:x/y,139.530356108641,35.5571772786703,15636.2892555207,1,12,1343-1430,0,埋蔵文化財包蔵地,5,139.530356635,35.557204395,青葉区NO.129,青葉区,青葉区NO.129,埋蔵文化財包蔵地,,[],宅地,青葉区,鉄町1092付近,古墳,79,散布地,低位段丘上,,,,
1276-1430,1276,1430,埋蔵文化財包蔵地,青葉区NO.13,青葉区NO.13,青葉区NO.13,美しが丘西三丁目65付近,集落跡,宅地,台地上,60×60,縄文(早・前・中期),13,139.538260445,35.58408651,JsonThemeAroundPoint:x/y,139.538294453157,35.5840343376607,17697.5065081354,1,12,1276-1430,0,埋蔵文化財包蔵地,5,139.538260445,35.58408651,青葉区NO.13,青葉区,青葉区NO.13,埋蔵文化財包蔵地,,[],宅地,青葉区,美しが丘西三丁目65付近,縄文(早・前・中期),13,集落跡,台地上,60×60,,,
1344-1430,1344,1430,埋蔵文化財包蔵地,青葉区NO.130,青葉区NO.130,青葉区NO.130,鉄町1080付近,散布地,畑地・宅地,低位段丘上,,弥生・古墳,80,139.531383585,35.55702988,JsonThemeAroundPoint:x/y,139.531298235552,35.5570165343446,15563.282962923,1,12,1344-1430,0,埋蔵文化財包蔵地,5,139.531383585,35.55702988,青葉区NO.130,青葉区,青葉区NO.130,埋蔵文化財包蔵地,,[],畑地・宅地,青葉区,鉄町1080付近,弥生・古墳,80,散布地,低位段丘上,,,,
1342-1430,1342,1430,埋蔵文化財包蔵地,青葉区NO.131,青葉区NO.131,青葉区NO.131,大場町174付近,古墳・横穴墓・集落地,史跡他・宅地,台地上,,弥生・古墳,81,139.534353335,35.55782594,JsonThemeAroundPoint:x/y,139.534518620794,35.5573569159952,15468.3977937331,1,12,1342-1430,0,埋蔵文化財包蔵地,5,139.534353335,35.55782594,青葉区NO.131,青葉区,青葉区NO.131,埋蔵文化財包蔵地,,[],史跡他・宅地,青葉区,大場町174付近,弥生・古墳,81,古墳・横穴墓・集落地,台地上,,,,
368-1430,368,1430,埋蔵文化財包蔵地,青葉区NO.132,青葉区NO.132,青葉区NO.132,あざみ野三丁目30付近,散布地,宅地,丘陵斜面,30×30,縄文,143,139.54596719,35.56162221,JsonThemeAroundPoint:x/y,139.545967161763,35.5616299186307,15206.1496911734,1,12,368-1430,0,埋蔵文化財包蔵地,5,139.54596719,35.56162221,青葉区NO.132,青葉区,青葉区NO.132,埋蔵文化財包蔵地,,[],宅地,青葉区,あざみ野三丁目30付近,縄文,143,散布地,丘陵斜面,30×30,,,
1374-1430,1374,1430,埋蔵文化財包蔵地,青葉区NO.133,青葉区NO.133,青葉区NO.133,あざみ野三丁目33付近,集落跡,宅地,丘陵上,,縄文(中期)・弥生(後期),145,139.54615835,35.560269175,JsonThemeAroundPoint:x/y,139.54617637991,35.5602829187304,15070.8236933726,1,12,1374-1430,0,埋蔵文化財包蔵地,5,139.54615835,35.560269175,青葉区NO.133,青葉区,青葉区NO.133,埋蔵文化財包蔵地,,[],宅地,青葉区,あざみ野三丁目33付近,縄文(中期)・弥生(後期),145,集落跡,丘陵上,,,,
1361-1430,1361,1430,埋蔵文化財包蔵地,青葉区NO.136,青葉区NO.136,青葉区NO.136,大場町850付近,散布地,宅地,丘陵斜面,80×50,縄文(早・後期),161,139.541948015,35.559332435,JsonThemeAroundPoint:x/y,139.542019332056,35.5592808704319,15198.6552059392,1,12,1361-1430,0,埋蔵文化財包蔵地,5,139.541948015,35.559332435,青葉区NO.136,青葉区,青葉区NO.136,埋蔵文化財包蔵地,,[],宅地,青葉区,大場町850付近,縄文(早・後期),161,散布地,丘陵斜面,80×50,,,
1357-1430,1357,1430,埋蔵文化財包蔵地,青葉区NO.137,青葉区NO.137,青葉区NO.137,みすずが丘12付近,集落跡,宅地,丘陵上,30×30,縄文(早・中期),162,139.542657285,35.5594402,JsonThemeAroundPoint:x/y,139.542657788087,35.5594403507359,15171.8926325886,1,12,1357-1430,0,埋蔵文化財包蔵地,5,139.542657285,35.5594402,青葉区NO.137,青葉区,青葉区NO.137,埋蔵文化財包蔵地,,[],宅地,青葉区,みすずが丘12付近,縄文(早・中期),162,集落跡,丘陵上,30×30,,,
1363-1430,1363,1430,埋蔵文化財包蔵地,青葉区NO.138,青葉区NO.138,青葉区NO.138,みすずが丘9付近,集落跡・猟場,宅地,丘陵上・谷,100×50,縄文(中期),163,139.54436338,35.558956635,JsonThemeAroundPoint:x/y,139.544344682005,35.5589066288229,15040.1038660736,1,12,1363-1430,0,埋蔵文化財包蔵地,5,139.54436338,35.558956635,青葉区NO.138,青葉区,青葉区NO.138,埋蔵文化財包蔵地,,[],宅地,青葉区,みすずが丘9付近,縄文(中期),163,集落跡・猟場,丘陵上・谷,100×50,,,
2346-1430,2346,1430,埋蔵文化財包蔵地,青葉区NO.139,青葉区NO.139,青葉区NO.139,みすずが丘12付近,横穴墓,宅地,崖,,古墳,164,139.54302424,35.559187115,JsonThemeAroundPoint:x/y,139.543001915155,35.5592749958985,15129.8353705611,1,12,2346-1430,0,埋蔵文化財包蔵地,5,139.54302424,35.559187115,青葉区NO.139,青葉区,青葉区NO.139,埋蔵文化財包蔵地,,[],宅地,青葉区,みすずが丘12付近,古墳,164,横穴墓,崖,,,,
1275-1430,1275,1430,埋蔵文化財包蔵地,青葉区NO.14,青葉区NO.14,青葉区NO.14,美しが丘西三丁目63付近,塚,宅地,丘陵上,30×20,江戸,14,139.53671347,35.582889035,JsonThemeAroundPoint:x/y,139.536714132778,35.5828890360776,17655.3120558651,1,12,1275-1430,0,埋蔵文化財包蔵地,5,139.53671347,35.582889035,青葉区NO.14,青葉区,青葉区NO.14,埋蔵文化財包蔵地,,[],宅地,青葉区,美しが丘西三丁目63付近,江戸,14,塚,丘陵上,30×20,,,
2347-1430,2347,1430,埋蔵文化財包蔵地,青葉区NO.140,青葉区NO.140,青葉区NO.140,みすずが丘14付近,横穴墓,宅地,崖,,古墳,164,139.54314892,35.558769375,JsonThemeAroundPoint:x/y,139.543157808139,35.558746992607,15085.1673306276,1,12,2347-1430,0,埋蔵文化財包蔵地,5,139.54314892,35.558769375,青葉区NO.140,青葉区,青葉区NO.140,埋蔵文化財包蔵地,,[],宅地,青葉区,みすずが丘14付近,古墳,164,横穴墓,崖,,,,
1362-1430,1362,1430,埋蔵文化財包蔵地,青葉区NO.142,青葉区NO.142,青葉区NO.142,みすずが丘16付近,集落跡,宅地,丘陵上,,縄文(早期)・弥生(後期)・古墳,167,139.54266078,35.55861644,JsonThemeAroundPoint:x/y,139.542639363272,35.5585454425028,15096.3814592688,1,12,1362-1430,0,埋蔵文化財包蔵地,5,139.54266078,35.55861644,青葉区NO.142,青葉区,青葉区NO.142,埋蔵文化財包蔵地,,[],宅地,青葉区,みすずが丘16付近,縄文(早期)・弥生(後期)・古墳,167,集落跡,丘陵上,,,,
1369-1430,1369,1430,埋蔵文化財包蔵地,青葉区NO.145,青葉区NO.145,青葉区NO.145,みすずが丘20付近,集落跡,宅地,丘陵上,70×60,弥生(後期),170,139.542737335,35.55755658,JsonThemeAroundPoint:x/y,139.542724210346,35.5575308336405,14995.7414393955,1,12,1369-1430,0,埋蔵文化財包蔵地,5,139.542737335,35.55755658,青葉区NO.145,青葉区,青葉区NO.145,埋蔵文化財包蔵地,,[],宅地,青葉区,みすずが丘20付近,弥生(後期),170,集落跡,丘陵上,70×60,,,
1370-1430,1370,1430,埋蔵文化財包蔵地,青葉区NO.146,青葉区NO.146,青葉区NO.146,みすずが丘26付近,横穴墓,宅地,崖,,古墳,171,139.54228749,35.55755213,JsonThemeAroundPoint:x/y,139.542283687767,35.557547154931,15018.7832881898,1,12,1370-1430,0,埋蔵文化財包蔵地,5,139.54228749,35.55755213,青葉区NO.146,青葉区,青葉区NO.146,埋蔵文化財包蔵地,,[],宅地,青葉区,みすずが丘26付近,古墳,171,横穴墓,崖,,,,
1366-1430,1366,1430,埋蔵文化財包蔵地,青葉区NO.147,青葉区NO.147,青葉区NO.147,みすずが丘26付近,古墳,宅地,丘陵上,,古墳,172,139.543020245,35.55706088,JsonThemeAroundPoint:x/y,139.543020746946,35.5570608814336,14935.8761146193,1,12,1366-1430,0,埋蔵文化財包蔵地,5,139.543020245,35.55706088,青葉区NO.147,青葉区,青葉区NO.147,埋蔵文化財包蔵地,,[],宅地,青葉区,みすずが丘26付近,古墳,172,古墳,丘陵上,,,,
1371-1430,1371,1430,埋蔵文化財包蔵地,青葉区NO.148,青葉区NO.148,青葉区NO.148,みすずが丘26付近,集落跡,宅地,丘陵上,70×70,弥生(後期),173,139.543072655,35.556323265,JsonThemeAroundPoint:x/y,139.542897808882,35.5563313979334,14866.0629719349,1,12,1371-1430,0,埋蔵文化財包蔵地,5,139.543072655,35.556323265,青葉区NO.148,青葉区,青葉区NO.148,埋蔵文化財包蔵地,,[],宅地,青葉区,みすずが丘26付近,弥生(後期),173,集落跡,丘陵上,70×70,,,
1367-1430,1367,1430,埋蔵文化財包蔵地,青葉区NO.149,青葉区NO.149,青葉区NO.149,みすずが丘26付近,古墳,宅地,丘陵上,,古墳,174,139.54275384,35.556241995,JsonThemeAroundPoint:x/y,139.542754301274,35.5562419954542,14875.3843574266,1,12,1367-1430,0,埋蔵文化財包蔵地,5,139.54275384,35.556241995,青葉区NO.149,青葉区,青葉区NO.149,埋蔵文化財包蔵地,,[],宅地,青葉区,みすずが丘26付近,古墳,174,古墳,丘陵上,,,,
1274-1430,1274,1430,埋蔵文化財包蔵地,青葉区NO.15,青葉区NO.15,青葉区NO.15,元石川町7150付近,集落跡,宅地,台地上,100×70,縄文(中期),15,139.540902235,35.581780425,JsonThemeAroundPoint:x/y,139.540891225811,35.581771052521,17354.9439373968,1,12,1274-1430,0,埋蔵文化財包蔵地,5,139.540902235,35.581780425,青葉区NO.15,青葉区,青葉区NO.15,埋蔵文化財包蔵地,,[],宅地,青葉区,元石川町7150付近,縄文(中期),15,集落跡,台地上,100×70,,,
1368-1430,1368,1430,埋蔵文化財包蔵地,青葉区NO.150,青葉区NO.150,青葉区NO.150,みすずが丘25付近,古墳,宅地,丘陵上,,古墳,175,139.54364701,35.55579519,JsonThemeAroundPoint:x/y,139.543647442223,35.5557951887143,14788.0495606859,1,12,1368-1430,0,埋蔵文化財包蔵地,5,139.54364701,35.55579519,青葉区NO.150,青葉区,青葉区NO.150,埋蔵文化財包蔵地,,[],宅地,青葉区,みすずが丘25付近,古墳,175,古墳,丘陵上,,,,
1372-1430,1372,1430,埋蔵文化財包蔵地,青葉区NO.151,青葉区NO.151,青葉区NO.151,市ヶ尾町1641付近,古墳,宅地,丘陵上,,古墳,263,139.54392886,35.555187565,JsonThemeAroundPoint:x/y,139.543925624403,35.5551654063545,14718.1077745374,1,12,1372-1430,0,埋蔵文化財包蔵地,5,139.54392886,35.555187565,青葉区NO.151,青葉区,青葉区NO.151,埋蔵文化財包蔵地,,[],宅地,青葉区,市ヶ尾町1641付近,古墳,263,古墳,丘陵上,,,,
1365-1430,1365,1430,埋蔵文化財包蔵地,青葉区NO.153,青葉区NO.153,青葉区NO.153,荏田北三丁目19付近,集落跡,宅地,台地上・斜面,260×150,縄文(早・前・中・後期)・弥生(中・後期)・古墳,177,139.54616095,35.55667284,JsonThemeAroundPoint:x/y,139.546230089849,35.5566913414186,14738.4163420635,1,12,1365-1430,0,埋蔵文化財包蔵地,5,139.54616095,35.55667284,青葉区NO.153,青葉区,青葉区NO.153,埋蔵文化財包蔵地,,[],宅地,青葉区,荏田北三丁目19付近,縄文(早・前・中・後期)・弥生(中・後期)・古墳,177,集落跡,台地上・斜面,260×150,,,
1341-1430,1341,1430,埋蔵文化財包蔵地,青葉区NO.154,青葉区NO.154,青葉区NO.154,大場町930付近,散布地,宅地,台地上,,縄文(中期),176,139.539949935,35.555767675,JsonThemeAroundPoint:x/y,139.539961130088,35.5557346709484,14981.3078398589,1,12,1341-1430,0,埋蔵文化財包蔵地,5,139.539949935,35.555767675,青葉区NO.154,青葉区,青葉区NO.154,埋蔵文化財包蔵地,,[],宅地,青葉区,大場町930付近,縄文(中期),176,散布地,台地上,,,,
1340-1430,1340,1430,埋蔵文化財包蔵地,青葉区NO.155,青葉区NO.155,青葉区NO.155,大場町103付近,集落跡・古墳,宅地,台地上・斜面,150×70,縄文(早・中期)・弥生(中・後期)・古墳・中世～近世,261,139.537516125,35.55523448,JsonThemeAroundPoint:x/y,139.5376315225,35.5552113198625,15065.4856774476,1,12,1340-1430,0,埋蔵文化財包蔵地,5,139.537516125,35.55523448,青葉区NO.155,青葉区,青葉区NO.155,埋蔵文化財包蔵地,,[],宅地,青葉区,大場町103付近,縄文(早・中期)・弥生(中・後期)・古墳・中世～近世,261,集落跡・古墳,台地上・斜面,150×70,,,
362-1430,362,1430,埋蔵文化財包蔵地,青葉区NO.156,青葉区NO.156,青葉区NO.156,市ヶ尾町1678付近,塚,宅地,丘陵上,,中世,262,139.54070251,35.553517645,JsonThemeAroundPoint:x/y,139.540702479557,35.5535258493667,14739.4527500383,1,12,362-1430,0,埋蔵文化財包蔵地,5,139.54070251,35.553517645,青葉区NO.156,青葉区,青葉区NO.156,埋蔵文化財包蔵地,,[],宅地,青葉区,市ヶ尾町1678付近,中世,262,塚,丘陵上,,,,
363-1430,363,1430,埋蔵文化財包蔵地,青葉区NO.158,青葉区NO.158,青葉区NO.158,荏田北二丁目10付近,集落跡,宅地,台地上・斜面,,弥生(中期)・古墳・歴史,266,139.54532471,35.553444615,JsonThemeAroundPoint:x/y,139.545324683148,35.5534529499153,14486.7648174685,1,12,363-1430,0,埋蔵文化財包蔵地,5,139.54532471,35.553444615,青葉区NO.158,青葉区,青葉区NO.158,埋蔵文化財包蔵地,,[],宅地,青葉区,荏田北二丁目10付近,弥生(中期)・古墳・歴史,266,集落跡,台地上・斜面,,,,
1321-1430,1321,1430,埋蔵文化財包蔵地,青葉区NO.159,青葉区NO.159,青葉区NO.159,鴨志田町94付近,散布地,荒地・宅地,台地斜面,80×70,縄文(中期)・古墳・歴史,82,139.51467776,35.55800227,JsonThemeAroundPoint:x/y,139.5146488317,35.5580174825921,16623.8328473048,1,12,1321-1430,0,埋蔵文化財包蔵地,5,139.51467776,35.55800227,青葉区NO.159,青葉区,青葉区NO.159,埋蔵文化財包蔵地,,[],荒地・宅地,青葉区,鴨志田町94付近,縄文(中期)・古墳・歴史,82,散布地,台地斜面,80×70,,,
299-1430,299,1430,埋蔵文化財包蔵地,青葉区NO.16,青葉区NO.16,青葉区NO.16,美しが丘西三丁目9付近,散布地,宅地,丘陵上,,縄文(前期),17,139.53792155,35.579611325,JsonThemeAroundPoint:x/y,139.537921519253,35.5796188746897,17287.0374769649,1,12,299-1430,0,埋蔵文化財包蔵地,5,139.53792155,35.579611325,青葉区NO.16,青葉区,青葉区NO.16,埋蔵文化財包蔵地,,[],宅地,青葉区,美しが丘西三丁目9付近,縄文(前期),17,散布地,丘陵上,,,,
1322-1430,1322,1430,埋蔵文化財包蔵地,青葉区NO.160,青葉区NO.160,青葉区NO.160,鴨志田町84付近,散布地,畑地・宅地,台地上・斜面,100×60,古墳・歴史,83,139.51559225,35.557990695,JsonThemeAroundPoint:x/y,139.515591934691,35.5579189492304,16567.383035044,1,12,1322-1430,0,埋蔵文化財包蔵地,5,139.51559225,35.557990695,青葉区NO.160,青葉区,青葉区NO.160,埋蔵文化財包蔵地,,[],畑地・宅地,青葉区,鴨志田町84付近,古墳・歴史,83,散布地,台地上・斜面,100×60,,,
1323-1430,1323,1430,埋蔵文化財包蔵地,青葉区NO.161,青葉区NO.161,青葉区NO.161,鴨志田町14付近,散布地,畑地,低位段丘上,,古墳,84,139.516999815,35.557162065,JsonThemeAroundPoint:x/y,139.516993027022,35.5571420169863,16413.5974668234,1,12,1323-1430,0,埋蔵文化財包蔵地,5,139.516999815,35.557162065,青葉区NO.161,青葉区,青葉区NO.161,埋蔵文化財包蔵地,,[],畑地,青葉区,鴨志田町14付近,古墳,84,散布地,低位段丘上,,,,
1324-1430,1324,1430,埋蔵文化財包蔵地,青葉区NO.162,青葉区NO.162,青葉区NO.162,たちばな台一丁目21付近,散布地,畑地・宅地,低位段丘上,,縄文(前・後期)・弥生・古墳,85,139.519342095,35.556351565,JsonThemeAroundPoint:x/y,139.519391547841,35.5563699574003,16205.168575678,1,12,1324-1430,0,埋蔵文化財包蔵地,5,139.519342095,35.556351565,青葉区NO.162,青葉区,青葉区NO.162,埋蔵文化財包蔵地,,[],畑地・宅地,青葉区,たちばな台一丁目21付近,縄文(前・後期)・弥生・古墳,85,散布地,低位段丘上,,,,
1325-1430,1325,1430,埋蔵文化財包蔵地,青葉区NO.163,青葉区NO.163,青葉区NO.163,たちばな台一丁目16付近,散布地,宅地,低位段丘上,,縄文・弥生・古墳,86,139.51923159,35.555567385,JsonThemeAroundPoint:x/y,139.519204184562,35.5555101691196,16146.5633776868,1,12,1325-1430,0,埋蔵文化財包蔵地,5,139.51923159,35.555567385,青葉区NO.163,青葉区,青葉区NO.163,埋蔵文化財包蔵地,,[],宅地,青葉区,たちばな台一丁目16付近,縄文・弥生・古墳,86,散布地,低位段丘上,,,,
333-1430,333,1430,埋蔵文化財包蔵地,青葉区NO.164,青葉区NO.164,青葉区NO.164,みたけ台23付近,散布地,宅地,低位段丘上,,古墳,87,139.52173447,35.555564035,JsonThemeAroundPoint:x/y,139.521734442144,35.5555714747606,15996.2898559502,1,12,333-1430,0,埋蔵文化財包蔵地,5,139.52173447,35.555564035,青葉区NO.164,青葉区,青葉区NO.164,埋蔵文化財包蔵地,,[],宅地,青葉区,みたけ台23付近,古墳,87,散布地,低位段丘上,,,,
1326-1430,1326,1430,埋蔵文化財包蔵地,青葉区NO.165,青葉区NO.165,青葉区NO.165,上谷本町113-3付近,散布地,果樹園,低位段丘上,100×60,弥生(後期)・古墳・歴史,88,139.523379505,35.556293515,JsonThemeAroundPoint:x/y,139.523381194734,35.5562935179172,15960.3179382014,1,12,1326-1430,0,埋蔵文化財包蔵地,5,139.523379505,35.556293515,青葉区NO.165,青葉区,青葉区NO.165,埋蔵文化財包蔵地,,[],果樹園,青葉区,上谷本町113-3付近,弥生(後期)・古墳・歴史,88,散布地,低位段丘上,100×60,,,
334-1430,334,1430,埋蔵文化財包蔵地,青葉区NO.166,青葉区NO.166,青葉区NO.166,みたけ台19付近,散布地,宅地,台地上,,縄文(中・後期),216,139.520604485,35.55428825,JsonThemeAroundPoint:x/y,139.520604455391,35.5542956922758,15957.5506671994,1,12,334-1430,0,埋蔵文化財包蔵地,5,139.520604485,35.55428825,青葉区NO.166,青葉区,青葉区NO.166,埋蔵文化財包蔵地,,[],宅地,青葉区,みたけ台19付近,縄文(中・後期),216,散布地,台地上,,,,
335-1430,335,1430,埋蔵文化財包蔵地,青葉区NO.167,青葉区NO.167,青葉区NO.167,みたけ台27付近,散布地,宅地,台地上,,縄文(中期)・弥生・歴史,217,139.52346347,35.5546504,JsonThemeAroundPoint:x/y,139.523463439363,35.5546578430546,15816.7828626131,1,12,335-1430,0,埋蔵文化財包蔵地,5,139.52346347,35.5546504,青葉区NO.167,青葉区,青葉区NO.167,埋蔵文化財包蔵地,,[],宅地,青葉区,みたけ台27付近,縄文(中期)・弥生・歴史,217,散布地,台地上,,,,
1327-1430,1327,1430,埋蔵文化財包蔵地,青葉区NO.168,青葉区NO.168,青葉区NO.168,みたけ台26付近,古墳,宅地,台地上,"D-20,H-3",古墳,218,139.52463908,35.554904745,JsonThemeAroundPoint:x/y,139.524639542076,35.5549047451737,15768.7106186858,1,12,1327-1430,0,埋蔵文化財包蔵地,5,139.52463908,35.554904745,青葉区NO.168,青葉区,青葉区NO.168,埋蔵文化財包蔵地,,[],宅地,青葉区,みたけ台26付近,古墳,218,古墳,台地上,"D-20,H-3",,,
1329-1430,1329,1430,埋蔵文化財包蔵地,青葉区NO.169,青葉区NO.169,青葉区NO.169,みたけ台29付近,散布地,宅地,台地上,100×100,縄文(中期)・弥生(後期)・古墳～歴史,219,139.523237215,35.55364244,JsonThemeAroundPoint:x/y,139.523249007161,35.5535712894853,15745.7167224437,1,12,1329-1430,0,埋蔵文化財包蔵地,5,139.523237215,35.55364244,青葉区NO.169,青葉区,青葉区NO.169,埋蔵文化財包蔵地,,[],宅地,青葉区,みたけ台29付近,縄文(中期)・弥生(後期)・古墳～歴史,219,散布地,台地上,100×100,,,
1269-1430,1269,1430,埋蔵文化財包蔵地,青葉区NO.17,青葉区NO.17,青葉区NO.17,元石川町6544付近,散布地,雑木林,台地上,120×90,縄文,18,139.54090457,35.578277965,JsonThemeAroundPoint:x/y,139.540892730671,35.57836349222,17019.8456718677,1,12,1269-1430,0,埋蔵文化財包蔵地,5,139.54090457,35.578277965,青葉区NO.17,青葉区,青葉区NO.17,埋蔵文化財包蔵地,,[],雑木林,青葉区,元石川町6544付近,縄文,18,散布地,台地上,120×90,,,
336-1430,336,1430,埋蔵文化財包蔵地,青葉区NO.170,青葉区NO.170,青葉区NO.170,みたけ台26付近,散布地,宅地,台地上,,縄文(早期)・弥生・古墳・歴史,220,139.52447794,35.554340645,JsonThemeAroundPoint:x/y,139.524477908051,35.5543480860509,15730.6056161824,1,12,336-1430,0,埋蔵文化財包蔵地,5,139.52447794,35.554340645,青葉区NO.170,青葉区,青葉区NO.170,埋蔵文化財包蔵地,,[],宅地,青葉区,みたけ台26付近,縄文(早期)・弥生・古墳・歴史,220,散布地,台地上,,,,
1328-1430,1328,1430,埋蔵文化財包蔵地,青葉区NO.171,青葉区NO.171,青葉区NO.171,みたけ台34付近,散布地,宅地・畑地,低位段丘上,200×60,古墳,221,139.52614365,35.55399594,JsonThemeAroundPoint:x/y,139.526148816305,35.5539693385675,15603.2934667975,1,12,1328-1430,0,埋蔵文化財包蔵地,5,139.52614365,35.55399594,青葉区NO.171,青葉区,青葉区NO.171,埋蔵文化財包蔵地,,[],宅地・畑地,青葉区,みたけ台34付近,古墳,221,散布地,低位段丘上,200×60,,,
341-1430,341,1430,埋蔵文化財包蔵地,青葉区NO.172,青葉区NO.172,青葉区NO.172,みたけ台15付近,散布地,宅地,台地上,,縄文(中・後期)・弥生,222,139.522938845,35.552660185,JsonThemeAroundPoint:x/y,139.522938816418,35.5526679990423,15681.6328772833,1,12,341-1430,0,埋蔵文化財包蔵地,5,139.522938845,35.552660185,青葉区NO.172,青葉区,青葉区NO.172,埋蔵文化財包蔵地,,[],宅地,青葉区,みたけ台15付近,縄文(中・後期)・弥生,222,散布地,台地上,,,,
1330-1430,1330,1430,埋蔵文化財包蔵地,青葉区NO.173,青葉区NO.173,青葉区NO.173,みたけ台32付近,集落跡,公園・宅地,台地上,150×100,縄文(早～晩期)・弥生(後期)・古墳・歴史,223,139.52509591,35.552394485,JsonThemeAroundPoint:x/y,139.525127185386,35.5523477211616,15530.3266557761,1,12,1330-1430,0,埋蔵文化財包蔵地,5,139.52509591,35.552394485,青葉区NO.173,青葉区,青葉区NO.173,埋蔵文化財包蔵地,,[],公園・宅地,青葉区,みたけ台32付近,縄文(早～晩期)・弥生(後期)・古墳・歴史,223,集落跡,台地上,150×100,,,
344-1430,344,1430,埋蔵文化財包蔵地,青葉区NO.174,青葉区NO.174,青葉区NO.174,みたけ台38付近,散布地,宅地,台地上,,縄文(後期)・古墳,224,139.52643511,35.551506385,JsonThemeAroundPoint:x/y,139.526435078559,35.5515148262434,15376.1158891774,1,12,344-1430,0,埋蔵文化財包蔵地,5,139.52643511,35.551506385,青葉区NO.174,青葉区,青葉区NO.174,埋蔵文化財包蔵地,,[],宅地,青葉区,みたけ台38付近,縄文(後期)・古墳,224,散布地,台地上,,,,
345-1430,345,1430,埋蔵文化財包蔵地,青葉区NO.175,青葉区NO.175,青葉区NO.175,みたけ台46付近,散布地,宅地,台地上,,縄文(中・後期)・古墳・歴史,225,139.52747619,35.55181187,JsonThemeAroundPoint:x/y,139.527476161346,35.5518198456963,15340.1457802629,1,12,345-1430,0,埋蔵文化財包蔵地,5,139.52747619,35.55181187,青葉区NO.175,青葉区,青葉区NO.175,埋蔵文化財包蔵地,,[],宅地,青葉区,みたけ台46付近,縄文(中・後期)・古墳・歴史,225,散布地,台地上,,,,
1331-1430,1331,1430,埋蔵文化財包蔵地,青葉区NO.176,青葉区NO.176,青葉区NO.176,上谷本町100付近,散布地,畑地,低位段丘上,120×60,縄文(中期)・歴史,226,139.52805753,35.55263165,JsonThemeAroundPoint:x/y,139.528084693488,35.5526198744314,15375.3314149444,1,12,1331-1430,0,埋蔵文化財包蔵地,5,139.52805753,35.55263165,青葉区NO.176,青葉区,青葉区NO.176,埋蔵文化財包蔵地,,[],畑地,青葉区,上谷本町100付近,縄文(中期)・歴史,226,散布地,低位段丘上,120×60,,,
346-1430,346,1430,埋蔵文化財包蔵地,青葉区NO.177,青葉区NO.177,青葉区NO.177,柿の木台47付近,散布地,宅地,台地上,,縄文・古墳・歴史,227,139.528565335,35.551653735,JsonThemeAroundPoint:x/y,139.528565308707,35.5516617794409,15262.6268064809,1,12,346-1430,0,埋蔵文化財包蔵地,5,139.528565335,35.551653735,青葉区NO.177,青葉区,青葉区NO.177,埋蔵文化財包蔵地,,[],宅地,青葉区,柿の木台47付近,縄文・古墳・歴史,227,散布地,台地上,,,,
348-1430,348,1430,埋蔵文化財包蔵地,青葉区NO.178,青葉区NO.178,青葉区NO.178,若草台1-4付近,散布地・包含地,宅地,台地上・斜面,,縄文(早・前・中期),228,139.509831405,35.54907144,JsonThemeAroundPoint:x/y,139.509831371901,35.5490796255057,16212.2167833627,1,12,348-1430,0,埋蔵文化財包蔵地,5,139.509831405,35.54907144,青葉区NO.178,青葉区,青葉区NO.178,埋蔵文化財包蔵地,,[],宅地,青葉区,若草台1-4付近,縄文(早・前・中期),228,散布地・包含地,台地上・斜面,,,,
349-1430,349,1430,埋蔵文化財包蔵地,青葉区NO.179,青葉区NO.179,青葉区NO.179,若草台1-46付近,散布地,宅地,台地上,,縄文(早・前・中期)・古墳,229,139.51106529,35.54859572,JsonThemeAroundPoint:x/y,139.51106526058,35.548603907953,16095.311562643,1,12,349-1430,0,埋蔵文化財包蔵地,5,139.51106529,35.54859572,青葉区NO.179,青葉区,青葉区NO.179,埋蔵文化財包蔵地,,[],宅地,青葉区,若草台1-46付近,縄文(早・前・中期)・古墳,229,散布地,台地上,,,,
1272-1430,1272,1430,埋蔵文化財包蔵地,青葉区NO.18,青葉区NO.18,青葉区NO.18,元石川町6354付近,散布地,宅地・畑地・雑木林,台地上・斜面,170×70,古墳,19,139.54504495,35.578015075,JsonThemeAroundPoint:x/y,139.545087063504,35.5780769121354,16804.0841187489,1,12,1272-1430,0,埋蔵文化財包蔵地,5,139.54504495,35.578015075,青葉区NO.18,青葉区,青葉区NO.18,埋蔵文化財包蔵地,,[],宅地・畑地・雑木林,青葉区,元石川町6354付近,古墳,19,散布地,台地上・斜面,170×70,,,
350-1430,350,1430,埋蔵文化財包蔵地,青葉区NO.180,青葉区NO.180,青葉区NO.180,たちばな台一丁目1付近,散布地,宅地,台地上,,古墳,230,139.517576005,35.54995343,JsonThemeAroundPoint:x/y,139.517575972615,35.5499612454442,15788.8853872522,1,12,350-1430,0,埋蔵文化財包蔵地,5,139.517576005,35.54995343,青葉区NO.180,青葉区,青葉区NO.180,埋蔵文化財包蔵地,,[],宅地,青葉区,たちばな台一丁目1付近,古墳,230,散布地,台地上,,,,
351-1430,351,1430,埋蔵文化財包蔵地,青葉区NO.181,青葉区NO.181,青葉区NO.181,桜台24付近,散布地,駐車場,台地上,,縄文・古墳,231,139.51829482,35.54855465,JsonThemeAroundPoint:x/y,139.518294791975,35.5485624663558,15631.4048678537,1,12,351-1430,0,埋蔵文化財包蔵地,5,139.51829482,35.54855465,青葉区NO.181,青葉区,青葉区NO.181,埋蔵文化財包蔵地,,[],駐車場,青葉区,桜台24付近,縄文・古墳,231,散布地,台地上,,,,
352-1430,352,1430,埋蔵文化財包蔵地,青葉区NO.182,青葉区NO.182,青葉区NO.182,桜台26付近,散布地,宅地,台地上,,縄文(早期),232,139.518797515,35.54780442,JsonThemeAroundPoint:x/y,139.518797485148,35.5478122311823,15539.669913396,1,12,352-1430,0,埋蔵文化財包蔵地,5,139.518797515,35.54780442,青葉区NO.182,青葉区,青葉区NO.182,埋蔵文化財包蔵地,,[],宅地,青葉区,桜台26付近,縄文(早期),232,散布地,台地上,,,,
337-1430,337,1430,埋蔵文化財包蔵地,青葉区NO.183,青葉区NO.183,青葉区NO.183,桜台22付近,散布地,宅地,台地上,,縄文(前期),233,139.519969005,35.54990051,JsonThemeAroundPoint:x/y,139.519968974599,35.5499087188535,15635.7772610067,1,12,337-1430,0,埋蔵文化財包蔵地,5,139.519969005,35.54990051,青葉区NO.183,青葉区,青葉区NO.183,埋蔵文化財包蔵地,,[],宅地,青葉区,桜台22付近,縄文(前期),233,散布地,台地上,,,,
338-1430,338,1430,埋蔵文化財包蔵地,青葉区NO.184,青葉区NO.184,青葉区NO.184,桜台16付近,散布地,宅地,台地上,,古墳,234,139.52100693,35.550672675,JsonThemeAroundPoint:x/y,139.5210068973,35.550680487597,15634.8500586803,1,12,338-1430,0,埋蔵文化財包蔵地,5,139.52100693,35.550672675,青葉区NO.184,青葉区,青葉区NO.184,埋蔵文化財包蔵地,,[],宅地,青葉区,桜台16付近,古墳,234,散布地,台地上,,,,
339-1430,339,1430,埋蔵文化財包蔵地,青葉区NO.185,青葉区NO.185,青葉区NO.185,みたけ台12付近,散布地,宅地,台地上,50×20,縄文(早期),235,139.521462665,35.551463115,JsonThemeAroundPoint:x/y,139.521462637462,35.5514709320226,15671.9003120042,1,12,339-1430,0,埋蔵文化財包蔵地,5,139.521462665,35.551463115,青葉区NO.185,青葉区,青葉区NO.185,埋蔵文化財包蔵地,,[],宅地,青葉区,みたけ台12付近,縄文(早期),235,散布地,台地上,50×20,,,
340-1430,340,1430,埋蔵文化財包蔵地,青葉区NO.186,青葉区NO.186,青葉区NO.186,みたけ台10付近,集落跡,宅地,台地上・斜面,,縄文(後期)・弥生(後期),236,139.523256745,35.55146002,JsonThemeAroundPoint:x/y,139.523256713426,35.5514678353861,15562.7724609586,1,12,340-1430,0,埋蔵文化財包蔵地,5,139.523256745,35.55146002,青葉区NO.186,青葉区,青葉区NO.186,埋蔵文化財包蔵地,,[],宅地,青葉区,みたけ台10付近,縄文(後期)・弥生(後期),236,集落跡,台地上・斜面,,,,
342-1430,342,1430,埋蔵文化財包蔵地,青葉区NO.187,青葉区NO.187,青葉区NO.187,みたけ台9付近,集落跡,宅地,台地上,,縄文(中・後期)・弥生(後期)・古墳,237,139.52394454,35.55089871,JsonThemeAroundPoint:x/y,139.523944509192,35.5509065282085,15474.6757421248,1,12,342-1430,0,埋蔵文化財包蔵地,5,139.52394454,35.55089871,青葉区NO.187,青葉区,青葉区NO.187,埋蔵文化財包蔵地,,[],宅地,青葉区,みたけ台9付近,縄文(中・後期)・弥生(後期)・古墳,237,集落跡,台地上,,,,
343-1430,343,1430,埋蔵文化財包蔵地,青葉区NO.188,青葉区NO.188,青葉区NO.188,みたけ台8付近,包含地,宅地,台地上,,縄文(早期)・弥生(後期),238,139.523143475,35.55001833,JsonThemeAroundPoint:x/y,139.523143444655,35.5500261437927,15450.5102128436,1,12,343-1430,0,埋蔵文化財包蔵地,5,139.523143475,35.55001833,青葉区NO.188,青葉区,青葉区NO.188,埋蔵文化財包蔵地,,[],宅地,青葉区,みたけ台8付近,縄文(早期)・弥生(後期),238,包含地,台地上,,,,
1332-1430,1332,1430,埋蔵文化財包蔵地,青葉区NO.189,青葉区NO.189,青葉区NO.189,桜台1643付近,包含地,宅地・荒地,台地上・斜面,,縄文(早・前・中期)・弥生(後期),239,139.52418926,35.548097045,JsonThemeAroundPoint:x/y,139.524047856686,35.5480268169734,15228.7420338103,1,12,1332-1430,0,埋蔵文化財包蔵地,5,139.52418926,35.548097045,青葉区NO.189,青葉区,青葉区NO.189,埋蔵文化財包蔵地,,[],宅地・荒地,青葉区,桜台1643付近,縄文(早・前・中期)・弥生(後期),239,包含地,台地上・斜面,,,,
1273-1430,1273,1430,埋蔵文化財包蔵地,青葉区NO.19,青葉区NO.19,青葉区NO.19,元石川町5244付近,散布地,畑地,台地斜面,,縄文(前期)・古墳・歴史,20,139.546097555,35.578445185,JsonThemeAroundPoint:x/y,139.546080768172,35.5784011053805,16798.1653871632,1,12,1273-1430,0,埋蔵文化財包蔵地,5,139.546097555,35.578445185,青葉区NO.19,青葉区,青葉区NO.19,埋蔵文化財包蔵地,,[],畑地,青葉区,元石川町5244付近,縄文(前期)・古墳・歴史,20,散布地,台地斜面,,,,
347-1430,347,1430,埋蔵文化財包蔵地,青葉区NO.190,青葉区NO.190,青葉区NO.190,柿の木台1158付近,散布地,宅地,台地上,,縄文(後期)・古墳,240,139.52902341,35.5504824,JsonThemeAroundPoint:x/y,139.529023382859,35.550490585869,15136.595095866,1,12,347-1430,0,埋蔵文化財包蔵地,5,139.52902341,35.5504824,青葉区NO.190,青葉区,青葉区NO.190,埋蔵文化財包蔵地,,[],宅地,青葉区,柿の木台1158付近,縄文(後期)・古墳,240,散布地,台地上,,,,
358-1430,358,1430,埋蔵文化財包蔵地,青葉区NO.191,青葉区NO.191,青葉区NO.191,柿の木台45付近,散布地,宅地,台地上,,古墳・歴史,241,139.53062508,35.55092986,JsonThemeAroundPoint:x/y,139.53062504816,35.5509380472271,15080.5635495383,1,12,358-1430,0,埋蔵文化財包蔵地,5,139.53062508,35.55092986,青葉区NO.191,青葉区,青葉区NO.191,埋蔵文化財包蔵地,,[],宅地,青葉区,柿の木台45付近,古墳・歴史,241,散布地,台地上,,,,
359-1430,359,1430,埋蔵文化財包蔵地,青葉区NO.192,青葉区NO.192,青葉区NO.192,柿の木台44付近,散布地,宅地,台地上,,縄文(中期)・古墳,242,139.531541485,35.55092837,JsonThemeAroundPoint:x/y,139.531541455692,35.5509365543134,15027.105150117,1,12,359-1430,0,埋蔵文化財包蔵地,5,139.531541485,35.55092837,青葉区NO.192,青葉区,青葉区NO.192,埋蔵文化財包蔵地,,[],宅地,青葉区,柿の木台44付近,縄文(中期)・古墳,242,散布地,台地上,,,,
360-1430,360,1430,埋蔵文化財包蔵地,青葉区NO.193,青葉区NO.193,青葉区NO.193,柿の木台37付近,散布地,宅地,台地上,,縄文(後期)・弥生(中期),243,139.53126069,35.5495662,JsonThemeAroundPoint:x/y,139.531260659773,35.5495743878835,14927.4928300501,1,12,360-1430,0,埋蔵文化財包蔵地,5,139.53126069,35.5495662,青葉区NO.193,青葉区,青葉区NO.193,埋蔵文化財包蔵地,,[],宅地,青葉区,柿の木台37付近,縄文(後期)・弥生(中期),243,散布地,台地上,,,,
1333-1430,1333,1430,埋蔵文化財包蔵地,青葉区NO.194,青葉区NO.194,青葉区NO.194,柿の木台27付近,集落跡,宅地,台地上,,縄文(中期)・弥生～平安,244,139.5333159,35.54943211,JsonThemeAroundPoint:x/y,139.533297746611,35.5493826164744,14796.288366567,1,12,1333-1430,0,埋蔵文化財包蔵地,5,139.5333159,35.54943211,青葉区NO.194,青葉区,青葉区NO.194,埋蔵文化財包蔵地,,[],宅地,青葉区,柿の木台27付近,縄文(中期)・弥生～平安,244,集落跡,台地上,,,,
1334-1430,1334,1430,埋蔵文化財包蔵地,青葉区NO.195,青葉区NO.195,青葉区NO.195,柿の木台28付近,集落跡,宅地,台地上,,縄文(中期)・弥生(後期)・古墳(前・後期),245,139.53400802,35.548417825,JsonThemeAroundPoint:x/y,139.533995711228,35.5483911593227,14669.4548934889,1,12,1334-1430,0,埋蔵文化財包蔵地,5,139.53400802,35.548417825,青葉区NO.195,青葉区,青葉区NO.195,埋蔵文化財包蔵地,,[],宅地,青葉区,柿の木台28付近,縄文(中期)・弥生(後期)・古墳(前・後期),245,集落跡,台地上,,,,
357-1430,357,1430,埋蔵文化財包蔵地,青葉区NO.196,青葉区NO.196,青葉区NO.196,柿の木台19付近,散布地,宅地,台地上・斜面,,古墳,246,139.53105966,35.54856429,JsonThemeAroundPoint:x/y,139.531059630388,35.5485724766789,14854.489060834,1,12,357-1430,0,埋蔵文化財包蔵地,5,139.53105966,35.54856429,青葉区NO.196,青葉区,青葉区NO.196,埋蔵文化財包蔵地,,[],宅地,青葉区,柿の木台19付近,古墳,246,散布地,台地上・斜面,,,,
356-1430,356,1430,埋蔵文化財包蔵地,青葉区NO.197,青葉区NO.197,青葉区NO.197,柿の木台17付近,散布地,宅地,台地上・斜面,,古墳,247,139.529300905,35.548281025,JsonThemeAroundPoint:x/y,139.529300874971,35.5482892080819,14934.9868651315,1,12,356-1430,0,埋蔵文化財包蔵地,5,139.529300905,35.548281025,青葉区NO.197,青葉区,青葉区NO.197,埋蔵文化財包蔵地,,[],宅地,青葉区,柿の木台17付近,古墳,247,散布地,台地上・斜面,,,,
1335-1430,1335,1430,埋蔵文化財包蔵地,青葉区NO.199,青葉区NO.199,青葉区NO.199,藤が丘一丁目4付近,散布地,宅地,台地上,170×100,縄文(後期),249,139.53466624,35.546590485,JsonThemeAroundPoint:x/y,139.534779000593,35.5466199888234,14475.4275924833,1,12,1335-1430,0,埋蔵文化財包蔵地,5,139.53466624,35.546590485,青葉区NO.199,青葉区,青葉区NO.199,埋蔵文化財包蔵地,,[],宅地,青葉区,藤が丘一丁目4付近,縄文(後期),249,散布地,台地上,170×100,,,
1280-1430,1280,1430,埋蔵文化財包蔵地,青葉区NO.2,青葉区NO.2,青葉区NO.2,美しが丘西二丁目35付近,散布地,宅地,丘陵上,80×40,縄文(中・後期),2,139.532553155,35.588272425,JsonThemeAroundPoint:x/y,139.532597759662,35.5882234045502,18362.8949519434,1,12,1280-1430,0,埋蔵文化財包蔵地,5,139.532553155,35.588272425,青葉区NO.2,青葉区,青葉区NO.2,埋蔵文化財包蔵地,,[],宅地,青葉区,美しが丘西二丁目35付近,縄文(中・後期),2,散布地,丘陵上,80×40,,,
300-1430,300,1430,埋蔵文化財包蔵地,青葉区NO.20,青葉区NO.20,青葉区NO.20,荏子田二丁目10付近,散布地,宅地,台地上・斜面,,縄文(後期),30,139.5418004,35.575977405,JsonThemeAroundPoint:x/y,139.541800372703,35.5759851352464,16758.823722783,1,12,300-1430,0,埋蔵文化財包蔵地,5,139.5418004,35.575977405,青葉区NO.20,青葉区,青葉区NO.20,埋蔵文化財包蔵地,,[],宅地,青葉区,荏子田二丁目10付近,縄文(後期),30,散布地,台地上・斜面,,,,
353-1430,353,1430,埋蔵文化財包蔵地,青葉区NO.200,青葉区NO.200,青葉区NO.200,青葉台一丁目32付近,包含地,宅地,台地上,,縄文(早・中・後期)・弥生(後期),250,139.52323903,35.546784425,JsonThemeAroundPoint:x/y,139.523238999568,35.5467922412079,15180.1759475477,1,12,353-1430,0,埋蔵文化財包蔵地,5,139.52323903,35.546784425,青葉区NO.200,青葉区,青葉区NO.200,埋蔵文化財包蔵地,,[],宅地,青葉区,青葉台一丁目32付近,縄文(早・中・後期)・弥生(後期),250,包含地,台地上,,,,
354-1430,354,1430,埋蔵文化財包蔵地,青葉区NO.201,青葉区NO.201,青葉区NO.201,青葉台一丁目27付近,包含地,宅地,台地上,,縄文(中期),251,139.522728705,35.545407915,JsonThemeAroundPoint:x/y,139.522728676704,35.5454153564507,15100.6714987536,1,12,354-1430,0,埋蔵文化財包蔵地,5,139.522728705,35.545407915,青葉区NO.201,青葉区,青葉区NO.201,埋蔵文化財包蔵地,,[],宅地,青葉区,青葉台一丁目27付近,縄文(中期),251,包含地,台地上,,,,
355-1430,355,1430,埋蔵文化財包蔵地,青葉区NO.202,青葉区NO.202,青葉区NO.202,青葉台一丁目22付近,包含地,宅地,台地上・斜面,,縄文(早期),252,139.52144163,35.544466935,JsonThemeAroundPoint:x/y,139.521441601869,35.5444743765478,15106.2653785796,1,12,355-1430,0,埋蔵文化財包蔵地,5,139.52144163,35.544466935,青葉区NO.202,青葉区,青葉区NO.202,埋蔵文化財包蔵地,,[],宅地,青葉区,青葉台一丁目22付近,縄文(早期),252,包含地,台地上・斜面,,,,
1373-1430,1373,1430,埋蔵文化財包蔵地,青葉区NO.203,青葉区NO.203,青葉区NO.203,市ヶ尾町1625付近,散布地,宅地,丘陵上,,弥生・古墳,290,139.54383754,35.55216981,JsonThemeAroundPoint:x/y,139.543794552438,35.5521148907579,14450.2615461135,1,12,1373-1430,0,埋蔵文化財包蔵地,5,139.54383754,35.55216981,青葉区NO.203,青葉区,青葉区NO.203,埋蔵文化財包蔵地,,[],宅地,青葉区,市ヶ尾町1625付近,弥生・古墳,290,散布地,丘陵上,,,,
374-1430,374,1430,埋蔵文化財包蔵地,青葉区NO.204,青葉区NO.204,青葉区NO.204,市ヶ尾町1165付近,散布地,宅地,台地上,,縄文(早・中・後期),-,139.54433616,35.550912845,JsonThemeAroundPoint:x/y,139.544336132836,35.5509208165438,14310.7164749339,1,12,374-1430,0,埋蔵文化財包蔵地,5,139.54433616,35.550912845,青葉区NO.204,青葉区,青葉区NO.204,埋蔵文化財包蔵地,,[],宅地,青葉区,市ヶ尾町1165付近,縄文(早・中・後期),-,散布地,台地上,,,,
371-1430,371,1430,埋蔵文化財包蔵地,青葉区NO.205,青葉区NO.205,青葉区NO.205,市ヶ尾町1179付近,散布地,宅地,低位台地上,,古墳,292,139.541141965,35.550612515,JsonThemeAroundPoint:x/y,139.541141937932,35.550620747216,14457.244160286,1,12,371-1430,0,埋蔵文化財包蔵地,5,139.541141965,35.550612515,青葉区NO.205,青葉区,青葉区NO.205,埋蔵文化財包蔵地,,[],宅地,青葉区,市ヶ尾町1179付近,古墳,292,散布地,低位台地上,,,,
372-1430,372,1430,埋蔵文化財包蔵地,青葉区NO.206,青葉区NO.206,青葉区NO.206,市ヶ尾町1172付近,散布地,宅地,低位台地上,,古墳,293,139.541913625,35.550161135,JsonThemeAroundPoint:x/y,139.541913597567,35.5501693030213,14374.9564417328,1,12,372-1430,0,埋蔵文化財包蔵地,5,139.541913625,35.550161135,青葉区NO.206,青葉区,青葉区NO.206,埋蔵文化財包蔵地,,[],宅地,青葉区,市ヶ尾町1172付近,古墳,293,散布地,低位台地上,,,,
373-1430,373,1430,埋蔵文化財包蔵地,青葉区NO.207,青葉区NO.207,青葉区NO.207,市ヶ尾町1169付近,集落跡,宅地,低位台地上,,弥生(後期)・古墳,294,139.54217647,35.549056515,JsonThemeAroundPoint:x/y,139.54217644021,35.5490647047761,14262.7538123779,1,12,373-1430,0,埋蔵文化財包蔵地,5,139.54217647,35.549056515,青葉区NO.207,青葉区,青葉区NO.207,埋蔵文化財包蔵地,,[],宅地,青葉区,市ヶ尾町1169付近,弥生(後期)・古墳,294,集落跡,低位台地上,,,,
1339-1430,1339,1430,埋蔵文化財包蔵地,青葉区NO.208,青葉区NO.208,青葉区NO.208,市ヶ尾町1152付近,集落跡,宅地,低位台地上,,弥生(後期)・古墳,295,139.54300088,35.547846545,JsonThemeAroundPoint:x/y,139.542974591182,35.5477866098302,14110.4593942586,1,12,1339-1430,0,埋蔵文化財包蔵地,5,139.54300088,35.547846545,青葉区NO.208,青葉区,青葉区NO.208,埋蔵文化財包蔵地,,[],宅地,青葉区,市ヶ尾町1152付近,弥生(後期)・古墳,295,集落跡,低位台地上,,,,
1338-1430,1338,1430,埋蔵文化財包蔵地,青葉区NO.209,青葉区NO.209,青葉区NO.209,市ヶ尾町882付近,集落跡,宅地,台地上・斜面,300×150,縄文(早・中・後期)・弥生(中・後期)・古墳・奈良,310,139.54482933,35.54493861,JsonThemeAroundPoint:x/y,139.544771193687,35.5448078779924,13753.0774578734,1,12,1338-1430,0,埋蔵文化財包蔵地,5,139.54482933,35.54493861,青葉区NO.209,青葉区,青葉区NO.209,埋蔵文化財包蔵地,,[],宅地,青葉区,市ヶ尾町882付近,縄文(早・中・後期)・弥生(中・後期)・古墳・奈良,310,集落跡,台地上・斜面,300×150,,,
1270-1430,1270,1430,埋蔵文化財包蔵地,青葉区NO.21,青葉区NO.21,青葉区NO.21,荏子田三丁目26付近,散布地,宅地,台地斜面,120×70,縄文(前・中期),31,139.541780085,35.57512538,JsonThemeAroundPoint:x/y,139.541795675583,35.5751951507255,16678.8302443592,1,12,1270-1430,0,埋蔵文化財包蔵地,5,139.541780085,35.57512538,青葉区NO.21,青葉区,青葉区NO.21,埋蔵文化財包蔵地,,[],宅地,青葉区,荏子田三丁目26付近,縄文(前・中期),31,散布地,台地斜面,120×70,,,
2343-1430,2343,1430,埋蔵文化財包蔵地,青葉区NO.212,青葉区NO.212,青葉区NO.212,市ヶ尾町1640付近,横穴墓,宅地,崖,,古墳,-,139.543522775,35.55522858,JsonThemeAroundPoint:x/y,139.543522572606,35.5552250698924,14743.1183449851,1,12,2343-1430,0,埋蔵文化財包蔵地,5,139.543522775,35.55522858,青葉区NO.212,青葉区,青葉区NO.212,埋蔵文化財包蔵地,,[],宅地,青葉区,市ヶ尾町1640付近,古墳,-,横穴墓,崖,,,,
1427-1430,1427,1430,埋蔵文化財包蔵地,青葉区NO.213,青葉区NO.213,青葉区NO.213,新石川一丁目23付近,散布地,森林・宅地・畑地,台地上,250×110,縄文(早期)・弥生(後期),108,139.560626745,35.56650405,JsonThemeAroundPoint:x/y,139.560731088388,35.5664729930751,15000.3779274242,1,12,1427-1430,0,埋蔵文化財包蔵地,5,139.560626745,35.56650405,青葉区NO.213,青葉区,青葉区NO.213,埋蔵文化財包蔵地,,[],森林・宅地・畑地,青葉区,新石川一丁目23付近,縄文(早期)・弥生(後期),108,散布地,台地上,250×110,,,
1426-1430,1426,1430,埋蔵文化財包蔵地,青葉区NO.214,青葉区NO.214,青葉区NO.214,あざみ野二丁目34付近,集落跡,学校,台地上,180×110,縄文(早・前・中期)・古墳(後期)・歴史,118,139.548293715,35.563908455,JsonThemeAroundPoint:x/y,139.54829900194,35.563853471783,15306.9759451334,1,12,1426-1430,0,埋蔵文化財包蔵地,5,139.548293715,35.563908455,青葉区NO.214,青葉区,青葉区NO.214,埋蔵文化財包蔵地,,[],学校,青葉区,あざみ野二丁目34付近,縄文(早・前・中期)・古墳(後期)・歴史,118,集落跡,台地上,180×110,,,
375-1430,375,1430,埋蔵文化財包蔵地,青葉区NO.215,青葉区NO.215,青葉区NO.215,あざみ野一丁目23付近,散布地,宅地,中位段丘上,,縄文(前・中・後期)・古墳,119,139.5507955,35.566445045,JsonThemeAroundPoint:x/y,139.550795472709,35.5664527898707,15430.0310129814,1,12,375-1430,0,埋蔵文化財包蔵地,5,139.5507955,35.566445045,青葉区NO.215,青葉区,青葉区NO.215,埋蔵文化財包蔵地,,[],宅地,青葉区,あざみ野一丁目23付近,縄文(前・中・後期)・古墳,119,散布地,中位段丘上,,,,
376-1430,376,1430,埋蔵文化財包蔵地,青葉区NO.216,青葉区NO.216,青葉区NO.216,あざみ野一丁目10付近,散布地,宅地,台地上,,古墳,120,139.553815635,35.565550955,JsonThemeAroundPoint:x/y,139.553815607971,35.565558695124,15205.850700763,1,12,376-1430,0,埋蔵文化財包蔵地,5,139.553815635,35.565550955,青葉区NO.216,青葉区,青葉区NO.216,埋蔵文化財包蔵地,,[],宅地,青葉区,あざみ野一丁目10付近,古墳,120,散布地,台地上,,,,
1425-1430,1425,1430,埋蔵文化財包蔵地,青葉区NO.217,青葉区NO.217,青葉区NO.217,あざみ野二丁目17付近,散布地,宅地,台地上,,縄文・弥生・古墳・歴史,121,139.5518947,35.56390832,JsonThemeAroundPoint:x/y,139.551926998796,35.5638348454906,15136.6490726531,1,12,1425-1430,0,埋蔵文化財包蔵地,5,139.5518947,35.56390832,青葉区NO.217,青葉区,青葉区NO.217,埋蔵文化財包蔵地,,[],宅地,青葉区,あざみ野二丁目17付近,縄文・弥生・古墳・歴史,121,散布地,台地上,,,,
1424-1430,1424,1430,埋蔵文化財包蔵地,青葉区NO.218,青葉区NO.218,青葉区NO.218,あざみ野二丁目36付近,散布地,宅地,台地上・斜面,,縄文・弥生・古墳,122,139.55113276,35.562253775,JsonThemeAroundPoint:x/y,139.551219005094,35.5621073122509,15015.0524802472,1,12,1424-1430,0,埋蔵文化財包蔵地,5,139.55113276,35.562253775,青葉区NO.218,青葉区,青葉区NO.218,埋蔵文化財包蔵地,,[],宅地,青葉区,あざみ野二丁目36付近,縄文・弥生・古墳,122,散布地,台地上・斜面,,,,
377-1430,377,1430,埋蔵文化財包蔵地,青葉区NO.219,青葉区NO.219,青葉区NO.219,あざみ野二丁目21付近,散布地,宅地,台地上,30×20,縄文(早・中期)・古墳,123,139.5533772,35.561840645,JsonThemeAroundPoint:x/y,139.553377173766,35.5618489684346,14870.2840704757,1,12,377-1430,0,埋蔵文化財包蔵地,5,139.5533772,35.561840645,青葉区NO.219,青葉区,青葉区NO.219,埋蔵文化財包蔵地,,[],宅地,青葉区,あざみ野二丁目21付近,縄文(早・中期)・古墳,123,散布地,台地上,30×20,,,
378-1430,378,1430,埋蔵文化財包蔵地,青葉区NO.220,青葉区NO.220,青葉区NO.220,あざみ野二丁目19付近,散布地,宅地,台地上,20×10,縄文・古墳・歴史,124,139.554729265,35.563867605,JsonThemeAroundPoint:x/y,139.554729238304,35.5638750463987,15002.2980430837,1,12,378-1430,0,埋蔵文化財包蔵地,5,139.554729265,35.563867605,青葉区NO.220,青葉区,青葉区NO.220,埋蔵文化財包蔵地,,[],宅地,青葉区,あざみ野二丁目19付近,縄文・古墳・歴史,124,散布地,台地上,20×10,,,
379-1430,379,1430,埋蔵文化財包蔵地,青葉区NO.221,青葉区NO.221,青葉区NO.221,あざみ野二丁目7付近,散布地,宅地,台地上,20×20,縄文(中・後期)・古墳・歴史,125,139.555389035,35.56444151,JsonThemeAroundPoint:x/y,139.55538900642,35.56444932171,15027.7785484017,1,12,379-1430,0,埋蔵文化財包蔵地,5,139.555389035,35.56444151,青葉区NO.221,青葉区,青葉区NO.221,埋蔵文化財包蔵地,,[],宅地,青葉区,あざみ野二丁目7付近,縄文(中・後期)・古墳・歴史,125,散布地,台地上,20×20,,,
381-1430,381,1430,埋蔵文化財包蔵地,青葉区NO.222,青葉区NO.222,青葉区NO.222,あざみ野二丁目2付近,散布地,宅地,台地上,,縄文・古墳・歴史,126,139.557431715,35.56490728,JsonThemeAroundPoint:x/y,139.557431691421,35.5649150935482,14981.9614569141,1,12,381-1430,0,埋蔵文化財包蔵地,5,139.557431715,35.56490728,青葉区NO.222,青葉区,青葉区NO.222,埋蔵文化財包蔵地,,[],宅地,青葉区,あざみ野二丁目2付近,縄文・古墳・歴史,126,散布地,台地上,,,,
380-1430,380,1430,埋蔵文化財包蔵地,青葉区NO.223,青葉区NO.223,青葉区NO.223,あざみ野二丁目4付近,集落跡,鉄道用地,台地上,,縄文(後・晩期)・弥生(後期)・古墳,127,139.55644384,35.56407962,JsonThemeAroundPoint:x/y,139.55644381478,35.5640874371649,14945.489406894,1,12,380-1430,0,埋蔵文化財包蔵地,5,139.55644384,35.56407962,青葉区NO.223,青葉区,青葉区NO.223,埋蔵文化財包蔵地,,[],鉄道用地,青葉区,あざみ野二丁目4付近,縄文(後・晩期)・弥生(後期)・古墳,127,集落跡,台地上,,,,
382-1430,382,1430,埋蔵文化財包蔵地,青葉区NO.224,青葉区NO.224,青葉区NO.224,新石川一丁目4付近,散布地,宅地,台地上,,縄文(後期)・古墳・歴史,128,139.55794918,35.56429648,JsonThemeAroundPoint:x/y,139.55794915252,35.5643042933392,14899.7892848446,1,12,382-1430,0,埋蔵文化財包蔵地,5,139.55794918,35.56429648,青葉区NO.224,青葉区,青葉区NO.224,埋蔵文化財包蔵地,,[],宅地,青葉区,新石川一丁目4付近,縄文(後期)・古墳・歴史,128,散布地,台地上,,,,
1410-1430,1410,1430,埋蔵文化財包蔵地,青葉区NO.225,青葉区NO.225,青葉区NO.225,あざみ野二丁目3付近,集落跡,宅地,丘陵上,,縄文(早・中期)・弥生(後期)・古墳(前期),129,139.556798395,35.56242924,JsonThemeAroundPoint:x/y,139.556792806655,35.5623216195011,14770.048616518,1,12,1410-1430,0,埋蔵文化財包蔵地,5,139.556798395,35.56242924,青葉区NO.225,青葉区,青葉区NO.225,埋蔵文化財包蔵地,,[],宅地,青葉区,あざみ野二丁目3付近,縄文(早・中期)・弥生(後期)・古墳(前期),129,集落跡,丘陵上,,,,
1409-1430,1409,1430,埋蔵文化財包蔵地,青葉区NO.226,青葉区NO.226,青葉区NO.226,新石川一丁目2付近,散布地,宅地,台地上,,縄文(後期)・弥生・古墳,130,139.557665475,35.56290772,JsonThemeAroundPoint:x/y,139.557691901483,35.5628861095607,14777.5177516799,1,12,1409-1430,0,埋蔵文化財包蔵地,5,139.557665475,35.56290772,青葉区NO.226,青葉区,青葉区NO.226,埋蔵文化財包蔵地,,[],宅地,青葉区,新石川一丁目2付近,縄文(後期)・弥生・古墳,130,散布地,台地上,,,,
1408-1430,1408,1430,埋蔵文化財包蔵地,青葉区NO.227,青葉区NO.227,青葉区NO.227,新石川一丁目15付近,散布地,公園・宅地,台地斜面,160×60,縄文(前・中期)・古墳,131,139.55905776,35.56341471,JsonThemeAroundPoint:x/y,139.559040292608,35.5633390793591,14765.3166074492,1,12,1408-1430,0,埋蔵文化財包蔵地,5,139.55905776,35.56341471,青葉区NO.227,青葉区,青葉区NO.227,埋蔵文化財包蔵地,,[],公園・宅地,青葉区,新石川一丁目15付近,縄文(前・中期)・古墳,131,散布地,台地斜面,160×60,,,
1406-1430,1406,1430,埋蔵文化財包蔵地,青葉区NO.228,青葉区NO.228,青葉区NO.228,新石川一丁目28付近,包含地,宅地,台地上,100×100,古墳・歴史,132,139.561016665,35.562996835,JsonThemeAroundPoint:x/y,139.560992157271,35.5629652884416,14639.4693254133,1,12,1406-1430,0,埋蔵文化財包蔵地,5,139.561016665,35.562996835,青葉区NO.228,青葉区,青葉区NO.228,埋蔵文化財包蔵地,,[],宅地,青葉区,新石川一丁目28付近,古墳・歴史,132,包含地,台地上,100×100,,,
1404-1430,1404,1430,埋蔵文化財包蔵地,青葉区NO.229,青葉区NO.229,青葉区NO.229,新石川一丁目41付近,散布地,畑地・宅地,台地上・斜面,100×60,縄文(前・中期),133,139.563139405,35.56307489,JsonThemeAroundPoint:x/y,139.563122803547,35.5630715956132,14556.7588681826,1,12,1404-1430,0,埋蔵文化財包蔵地,5,139.563139405,35.56307489,青葉区NO.229,青葉区,青葉区NO.229,埋蔵文化財包蔵地,,[],畑地・宅地,青葉区,新石川一丁目41付近,縄文(前・中期),133,散布地,台地上・斜面,100×60,,,
301-1430,301,1430,埋蔵文化財包蔵地,青葉区NO.23,青葉区NO.23,青葉区NO.23,荏子田一丁目14付近,散布地,宅地,台地斜面,,縄文(早期),33,139.543623165,35.57524292,JsonThemeAroundPoint:x/y,139.5436231395,35.5752495692597,16603.5570806361,1,12,301-1430,0,埋蔵文化財包蔵地,5,139.543623165,35.57524292,青葉区NO.23,青葉区,青葉区NO.23,埋蔵文化財包蔵地,,[],宅地,青葉区,荏子田一丁目14付近,縄文(早期),33,散布地,台地斜面,,,,
1407-1430,1407,1430,埋蔵文化財包蔵地,青葉区NO.230,青葉区NO.230,青葉区NO.230,新石川一丁目37付近,散布地,宅地,台地斜面,,縄文(早・中・後期),134,139.564216765,35.564642225,JsonThemeAroundPoint:x/y,139.564226975045,35.5646319556018,14666.7669477424,1,12,1407-1430,0,埋蔵文化財包蔵地,5,139.564216765,35.564642225,青葉区NO.230,青葉区,青葉区NO.230,埋蔵文化財包蔵地,,[],宅地,青葉区,新石川一丁目37付近,縄文(早・中・後期),134,散布地,台地斜面,,,,
1403-1430,1403,1430,埋蔵文化財包蔵地,青葉区NO.231,青葉区NO.231,青葉区NO.231,荏田町235付近,集落跡,墓地・竹林・畑地・宅地,台地上,280×120,弥生(中・後期)・古墳・歴史・近世,135,139.564667085,35.56269877,JsonThemeAroundPoint:x/y,139.564684181077,35.5628221563878,14455.7626563726,1,12,1403-1430,0,埋蔵文化財包蔵地,5,139.564667085,35.56269877,青葉区NO.231,青葉区,青葉区NO.231,埋蔵文化財包蔵地,,[],墓地・竹林・畑地・宅地,青葉区,荏田町235付近,弥生(中・後期)・古墳・歴史・近世,135,集落跡,台地上,280×120,,,
1402-1430,1402,1430,埋蔵文化財包蔵地,青葉区NO.234,青葉区NO.234,青葉区NO.234,荏田町232付近,集落跡,雑木林,台地上,120×70,弥生(後期)・古墳(前・後期),138,139.565790885,35.563096055,JsonThemeAroundPoint:x/y,139.565785186795,35.5630635515751,14448.807454648,1,12,1402-1430,0,埋蔵文化財包蔵地,5,139.565790885,35.563096055,青葉区NO.234,青葉区,青葉区NO.234,埋蔵文化財包蔵地,,[],雑木林,青葉区,荏田町232付近,弥生(後期)・古墳(前・後期),138,集落跡,台地上,120×70,,,
383-1430,383,1430,埋蔵文化財包蔵地,青葉区NO.235,青葉区NO.235,青葉区NO.235,荏田町319付近,散布地,宅地,低位段丘上,,縄文(中期)・古墳,139,139.56553604,35.56034236,JsonThemeAroundPoint:x/y,139.565536012136,35.5603503876037,14186.7646637231,1,12,383-1430,0,埋蔵文化財包蔵地,5,139.56553604,35.56034236,青葉区NO.235,青葉区,青葉区NO.235,埋蔵文化財包蔵地,,[],宅地,青葉区,荏田町319付近,縄文(中期)・古墳,139,散布地,低位段丘上,,,,
1399-1430,1399,1430,埋蔵文化財包蔵地,青葉区NO.236,青葉区NO.236,青葉区NO.236,荏田町369付近,集落跡,宅地,丘陵上・斜面,200×80,縄文(前・中期)・弥生(後期)・古墳・歴史,140,139.562710485,35.56014519,JsonThemeAroundPoint:x/y,139.562626917112,35.5601003307208,14287.4044244824,1,12,1399-1430,0,埋蔵文化財包蔵地,5,139.562710485,35.56014519,青葉区NO.236,青葉区,青葉区NO.236,埋蔵文化財包蔵地,,[],宅地,青葉区,荏田町369付近,縄文(前・中期)・弥生(後期)・古墳・歴史,140,集落跡,丘陵上・斜面,200×80,,,
1405-1430,1405,1430,埋蔵文化財包蔵地,青葉区NO.238,青葉区NO.238,青葉区NO.238,新石川一丁目30付近,集落跡,宅地・雑木林,丘陵上・斜面,,弥生(後期)・歴史,142,139.56196678,35.56173359,JsonThemeAroundPoint:x/y,139.56186822864,35.5617842527814,14474.9075091712,1,12,1405-1430,0,埋蔵文化財包蔵地,5,139.56196678,35.56173359,青葉区NO.238,青葉区,青葉区NO.238,埋蔵文化財包蔵地,,[],宅地・雑木林,青葉区,新石川一丁目30付近,弥生(後期)・歴史,142,集落跡,丘陵上・斜面,,,,
1423-1430,1423,1430,埋蔵文化財包蔵地,青葉区NO.239,青葉区NO.239,青葉区NO.239,あざみ野三丁目32付近,散布地,宅地・荒地,台地上・斜面,,縄文(前期)・古墳,144,139.54814216,35.561881375,JsonThemeAroundPoint:x/y,139.548112756511,35.5618625707997,15123.5423949653,1,12,1423-1430,0,埋蔵文化財包蔵地,5,139.54814216,35.561881375,青葉区NO.239,青葉区,青葉区NO.239,埋蔵文化財包蔵地,,[],宅地・荒地,青葉区,あざみ野三丁目32付近,縄文(前期)・古墳,144,散布地,台地上・斜面,,,,
1271-1430,1271,1430,埋蔵文化財包蔵地,青葉区NO.24,青葉区NO.24,青葉区NO.24,元石川町3775付近,散布地,畑地・雑木林,台地上,150×50,古墳,34,139.54550278,35.57422902,JsonThemeAroundPoint:x/y,139.545433838801,35.5742078276714,16419.509708429,1,12,1271-1430,0,埋蔵文化財包蔵地,5,139.54550278,35.57422902,青葉区NO.24,青葉区,青葉区NO.24,埋蔵文化財包蔵地,,[],畑地・雑木林,青葉区,元石川町3775付近,古墳,34,散布地,台地上,150×50,,,
1421-1430,1421,1430,埋蔵文化財包蔵地,青葉区NO.240,青葉区NO.240,青葉区NO.240,あざみ野南四丁目16付近,集落跡,宅地,丘陵上,130×80,縄文(早・後期)・弥生(後期),148,139.549443135,35.560091745,JsonThemeAroundPoint:x/y,139.549414813847,35.5600287095636,14892.2836765557,1,12,1421-1430,0,埋蔵文化財包蔵地,5,139.549443135,35.560091745,青葉区NO.240,青葉区,青葉区NO.240,埋蔵文化財包蔵地,,[],宅地,青葉区,あざみ野南四丁目16付近,縄文(早・後期)・弥生(後期),148,集落跡,丘陵上,130×80,,,
1420-1430,1420,1430,埋蔵文化財包蔵地,青葉区NO.241,青葉区NO.241,青葉区NO.241,あざみ野南四丁目1付近,集落跡,宅地,台地上・斜面,190×140,縄文(早・中期)・平安・中世,149,139.54847728,35.55768019,JsonThemeAroundPoint:x/y,139.548424545214,35.5575595370565,14714.6943343537,1,12,1420-1430,0,埋蔵文化財包蔵地,5,139.54847728,35.55768019,青葉区NO.241,青葉区,青葉区NO.241,埋蔵文化財包蔵地,,[],宅地,青葉区,あざみ野南四丁目1付近,縄文(早・中期)・平安・中世,149,集落跡,台地上・斜面,190×140,,,
1422-1430,1422,1430,埋蔵文化財包蔵地,青葉区NO.242,青葉区NO.242,青葉区NO.242,あざみ野南三丁目16付近,古墳,宅地,丘陵上,"D-20,H-2",古墳(後期),150,139.551990385,35.560345255,JsonThemeAroundPoint:x/y,139.551990887158,35.5603452569979,14793.4987974681,1,12,1422-1430,0,埋蔵文化財包蔵地,5,139.551990385,35.560345255,青葉区NO.242,青葉区,青葉区NO.242,埋蔵文化財包蔵地,,[],宅地,青葉区,あざみ野南三丁目16付近,古墳(後期),150,古墳,丘陵上,"D-20,H-2",,,
1413-1430,1413,1430,埋蔵文化財包蔵地,青葉区NO.243,青葉区NO.243,青葉区NO.243,あざみ野南一丁目15付近,集落跡,宅地,丘陵上,80×60,縄文(早期)・弥生(後期),151,139.55842257,35.56095507,JsonThemeAroundPoint:x/y,139.558506807769,35.561002494064,14554.6766198584,1,12,1413-1430,0,埋蔵文化財包蔵地,5,139.55842257,35.56095507,青葉区NO.243,青葉区,青葉区NO.243,埋蔵文化財包蔵地,,[],宅地,青葉区,あざみ野南一丁目15付近,縄文(早期)・弥生(後期),151,集落跡,丘陵上,80×60,,,
1415-1430,1415,1430,埋蔵文化財包蔵地,青葉区NO.248,青葉区NO.248,青葉区NO.248,あざみ野南一丁目4付近,集落跡,宅地,台地上,110×110,縄文(早・前・中・後期)・弥生(後期)・奈良・歴史,156,139.5573182,35.55815216,JsonThemeAroundPoint:x/y,139.557352356787,35.5580612653184,14335.0243710888,1,12,1415-1430,0,埋蔵文化財包蔵地,5,139.5573182,35.55815216,青葉区NO.248,青葉区,青葉区NO.248,埋蔵文化財包蔵地,,[],宅地,青葉区,あざみ野南一丁目4付近,縄文(早・前・中・後期)・弥生(後期)・奈良・歴史,156,集落跡,台地上,110×110,,,
1417-1430,1417,1430,埋蔵文化財包蔵地,青葉区NO.249,青葉区NO.249,青葉区NO.249,あざみ野南二丁目3付近,集落跡,宅地,台地上,160×140,縄文(早・前・中期)・弥生(後期)・平安・歴史,157,139.555158145,35.55886327,JsonThemeAroundPoint:x/y,139.555172041178,35.5588757405434,14503.2514421388,1,12,1417-1430,0,埋蔵文化財包蔵地,5,139.555158145,35.55886327,青葉区NO.249,青葉区,青葉区NO.249,埋蔵文化財包蔵地,,[],宅地,青葉区,あざみ野南二丁目3付近,縄文(早・前・中期)・弥生(後期)・平安・歴史,157,集落跡,台地上,160×140,,,
1258-1430,1258,1430,埋蔵文化財包蔵地,青葉区NO.25,青葉区NO.25,青葉区NO.25,寺家町375付近,散布地,畑地,下位段丘上,100×30,古墳,52,139.511843355,35.57008529,JsonThemeAroundPoint:x/y,139.511798975551,35.5700600168985,17807.110526208,1,12,1258-1430,0,埋蔵文化財包蔵地,5,139.511843355,35.57008529,青葉区NO.25,青葉区,青葉区NO.25,埋蔵文化財包蔵地,,[],畑地,青葉区,寺家町375付近,古墳,52,散布地,下位段丘上,100×30,,,
1418-1430,1418,1430,埋蔵文化財包蔵地,青葉区NO.250,青葉区NO.250,青葉区NO.250,荏田北三丁目6付近,集落跡,宅地,丘陵斜面,100×50,縄文(早・前・中期)・弥生(後期),158,139.551622215,35.557157395,JsonThemeAroundPoint:x/y,139.551678490354,35.5571214779134,14510.8705154493,1,12,1418-1430,0,埋蔵文化財包蔵地,5,139.551622215,35.557157395,青葉区NO.250,青葉区,青葉区NO.250,埋蔵文化財包蔵地,,[],宅地,青葉区,荏田北三丁目6付近,縄文(早・前・中期)・弥生(後期),158,集落跡,丘陵斜面,100×50,,,
1416-1430,1416,1430,埋蔵文化財包蔵地,青葉区NO.251,青葉区NO.251,青葉区NO.251,あざみ野南二丁目2付近,集落跡,宅地,丘陵上,100×50,縄文(早・中期)・弥生(後期)・平安,159,139.554332945,35.557503995,JsonThemeAroundPoint:x/y,139.554330505068,35.5574555334621,14413.0302952235,1,12,1416-1430,0,埋蔵文化財包蔵地,5,139.554332945,35.557503995,青葉区NO.251,青葉区,青葉区NO.251,埋蔵文化財包蔵地,,[],宅地,青葉区,あざみ野南二丁目2付近,縄文(早・中期)・弥生(後期)・平安,159,集落跡,丘陵上,100×50,,,
1419-1430,1419,1430,埋蔵文化財包蔵地,青葉区NO.252,青葉区NO.252,青葉区NO.252,荏田北三丁目5付近,散布地,宅地,丘陵上,90×60,縄文,160,139.552652125,35.556949745,JsonThemeAroundPoint:x/y,139.552711948477,35.5569297615831,14441.3421539353,1,12,1419-1430,0,埋蔵文化財包蔵地,5,139.552652125,35.556949745,青葉区NO.252,青葉区,青葉区NO.252,埋蔵文化財包蔵地,,[],宅地,青葉区,荏田北三丁目5付近,縄文,160,散布地,丘陵上,90×60,,,
1397-1430,1397,1430,埋蔵文化財包蔵地,青葉区NO.253,青葉区NO.253,青葉区NO.253,荏田町1332付近,城跡,雑木林・荒地,台地上・沖積地,,中世,178,139.559031415,35.55750071,JsonThemeAroundPoint:x/y,139.559198578181,35.5575407138247,14194.002134327,1,12,1397-1430,0,埋蔵文化財包蔵地,5,139.559031415,35.55750071,青葉区NO.253,青葉区,青葉区NO.253,埋蔵文化財包蔵地,,[],雑木林・荒地,青葉区,荏田町1332付近,中世,178,城跡,台地上・沖積地,,,,
1396-1430,1396,1430,埋蔵文化財包蔵地,青葉区NO.254,青葉区NO.254,青葉区NO.254,荏田町439付近,散布地,宅地,台地上,,縄文・古墳,179,139.562281755,35.5557498,JsonThemeAroundPoint:x/y,139.562308260961,35.5557129336937,13878.4448047437,1,12,1396-1430,0,埋蔵文化財包蔵地,5,139.562281755,35.5557498,青葉区NO.254,青葉区,青葉区NO.254,埋蔵文化財包蔵地,,[],宅地,青葉区,荏田町439付近,縄文・古墳,179,散布地,台地上,,,,
398-1430,398,1430,埋蔵文化財包蔵地,青葉区NO.255,青葉区NO.255,青葉区NO.255,荏田北一丁目17付近,集落跡,宅地,台地上・斜面,60×50,縄文・弥生(後期),267,139.548211735,35.553505255,JsonThemeAroundPoint:x/y,139.548211691444,35.5535173637218,14342.6350198837,1,12,398-1430,0,埋蔵文化財包蔵地,5,139.548211735,35.553505255,青葉区NO.255,青葉区,青葉区NO.255,埋蔵文化財包蔵地,,[],宅地,青葉区,荏田北一丁目17付近,縄文・弥生(後期),267,集落跡,台地上・斜面,60×50,,,
384-1430,384,1430,埋蔵文化財包蔵地,青葉区NO.256,青葉区NO.256,青葉区NO.256,荏田北二丁目5付近,集落跡,宅地,台地上・斜面,110×50,弥生(後期)・古墳(後期),268,139.54792611,35.55222898,JsonThemeAroundPoint:x/y,139.547926086463,35.5522364209983,14240.5722016321,1,12,384-1430,0,埋蔵文化財包蔵地,5,139.54792611,35.55222898,青葉区NO.256,青葉区,青葉区NO.256,埋蔵文化財包蔵地,,[],宅地,青葉区,荏田北二丁目5付近,弥生(後期)・古墳(後期),268,集落跡,台地上・斜面,110×50,,,
385-1430,385,1430,埋蔵文化財包蔵地,青葉区NO.257,青葉区NO.257,青葉区NO.257,荏田西一丁目5付近,包含地,公園・宅地,台地上,,(不明),269,139.550394795,35.551762845,JsonThemeAroundPoint:x/y,139.550394770212,35.5517705115781,14070.9743974482,1,12,385-1430,0,埋蔵文化財包蔵地,5,139.550394795,35.551762845,青葉区NO.257,青葉区,青葉区NO.257,埋蔵文化財包蔵地,,[],公園・宅地,青葉区,荏田西一丁目5付近,(不明),269,包含地,台地上,,,,
1382-1430,1382,1430,埋蔵文化財包蔵地,青葉区NO.258,青葉区NO.258,青葉区NO.258,荏田西一丁目7付近,集落跡,宅地,台地上,240×130,縄文(早期)・弥生(後期)・古墳・歴史,270,139.54997588,35.55044013,JsonThemeAroundPoint:x/y,139.5499164696,35.55045881617,13971.1549978577,1,12,1382-1430,0,埋蔵文化財包蔵地,5,139.54997588,35.55044013,青葉区NO.258,青葉区,青葉区NO.258,埋蔵文化財包蔵地,,[],宅地,青葉区,荏田西一丁目7付近,縄文(早期)・弥生(後期)・古墳・歴史,270,集落跡,台地上,240×130,,,
391-1430,391,1430,埋蔵文化財包蔵地,青葉区NO.259,青葉区NO.259,青葉区NO.259,荏田西二丁目1付近,散布地,道路,台地上,30×20,縄文(前期)・古墳,271,139.55511141,35.55450955,JsonThemeAroundPoint:x/y,139.555111386225,35.5545169934812,14092.8765711054,1,12,391-1430,0,埋蔵文化財包蔵地,5,139.55511141,35.55450955,青葉区NO.259,青葉区,青葉区NO.259,埋蔵文化財包蔵地,,[],道路,青葉区,荏田西二丁目1付近,縄文(前期)・古墳,271,散布地,台地上,30×20,,,
1259-1430,1259,1430,埋蔵文化財包蔵地,青葉区NO.26,青葉区NO.26,青葉区NO.26,寺家町398付近,墓地,雑木林,丘陵下,,中世,53,139.51029422,35.56932106,JsonThemeAroundPoint:x/y,139.510281342531,35.5692957872971,17832.5411939507,1,12,1259-1430,0,埋蔵文化財包蔵地,5,139.51029422,35.56932106,青葉区NO.26,青葉区,青葉区NO.26,埋蔵文化財包蔵地,,[],雑木林,青葉区,寺家町398付近,中世,53,墓地,丘陵下,,,,
1384-1430,1384,1430,埋蔵文化財包蔵地,青葉区NO.260,青葉区NO.260,青葉区NO.260,荏田西一丁目1付近,散布地,道路,台地上,,縄文(前・中期)・弥生・古墳・歴史,272,139.55403113,35.55313113,JsonThemeAroundPoint:x/y,139.554078666504,35.5530969049413,14015.9719153732,1,12,1384-1430,0,埋蔵文化財包蔵地,5,139.55403113,35.55313113,青葉区NO.260,青葉区,青葉区NO.260,埋蔵文化財包蔵地,,[],道路,青葉区,荏田西一丁目1付近,縄文(前・中期)・弥生・古墳・歴史,272,散布地,台地上,,,,
390-1430,390,1430,埋蔵文化財包蔵地,青葉区NO.261,青葉区NO.261,青葉区NO.261,荏田西二丁目7付近,集落跡,宅地,台地斜面,70×60,弥生(後期)・古墳(後期),273,139.555022255,35.552908865,JsonThemeAroundPoint:x/y,139.555022227898,35.5529163079403,13946.6973017072,1,12,390-1430,0,埋蔵文化財包蔵地,5,139.555022255,35.552908865,青葉区NO.261,青葉区,青葉区NO.261,埋蔵文化財包蔵地,,[],宅地,青葉区,荏田西二丁目7付近,弥生(後期)・古墳(後期),273,集落跡,台地斜面,70×60,,,
1383-1430,1383,1430,埋蔵文化財包蔵地,青葉区NO.262,青葉区NO.262,青葉区NO.262,荏田西二丁目23付近,集落跡・官衛跡,宅地,台地上・斜面,150×120,縄文(早・前・中期)・弥生(後期)・古墳(中・後期)・奈良・平安,274,139.553244835,35.55138497,JsonThemeAroundPoint:x/y,139.55327107909,35.5515283990862,13892.1982974519,1,12,1383-1430,0,埋蔵文化財包蔵地,5,139.553244835,35.55138497,青葉区NO.262,青葉区,青葉区NO.262,埋蔵文化財包蔵地,,[],宅地,青葉区,荏田西二丁目23付近,縄文(早・前・中期)・弥生(後期)・古墳(中・後期)・奈良・平安,274,集落跡・官衛跡,台地上・斜面,150×120,,,
1385-1430,1385,1430,埋蔵文化財包蔵地,青葉区NO.263,青葉区NO.263,青葉区NO.263,荏田西二丁目16付近,集落跡,宅地,台地上,120×80,縄文(前・中期)・古墳(後期)・奈良,275,139.556251265,35.551080305,JsonThemeAroundPoint:x/y,139.556246750061,35.5510335925588,13715.3050693043,1,12,1385-1430,0,埋蔵文化財包蔵地,5,139.556251265,35.551080305,青葉区NO.263,青葉区,青葉区NO.263,埋蔵文化財包蔵地,,[],宅地,青葉区,荏田西二丁目16付近,縄文(前・中期)・古墳(後期)・奈良,275,集落跡,台地上,120×80,,,
392-1430,392,1430,埋蔵文化財包蔵地,青葉区NO.264,青葉区NO.264,青葉区NO.264,荏田町478付近,散布地,宅地,台地上,,縄文,276,139.558710915,35.554811825,JsonThemeAroundPoint:x/y,139.558710889238,35.5548197269541,13951.1071343865,1,12,392-1430,0,埋蔵文化財包蔵地,5,139.558710915,35.554811825,青葉区NO.264,青葉区,青葉区NO.264,埋蔵文化財包蔵地,,[],宅地,青葉区,荏田町478付近,縄文,276,散布地,台地上,,,,
1393-1430,1393,1430,埋蔵文化財包蔵地,青葉区NO.265,青葉区NO.265,青葉区NO.265,荏田町424付近,散布地,宅地・畑地,台地上,120×50,縄文(早・中期)・弥生(後期)・古墳,277,139.5613192,35.554565965,JsonThemeAroundPoint:x/y,139.56135379722,35.5545075066888,13807.5596954426,1,12,1393-1430,0,埋蔵文化財包蔵地,5,139.5613192,35.554565965,青葉区NO.265,青葉区,青葉区NO.265,埋蔵文化財包蔵地,,[],宅地・畑地,青葉区,荏田町424付近,縄文(早・中期)・弥生(後期)・古墳,277,散布地,台地上,120×50,,,
1395-1430,1395,1430,埋蔵文化財包蔵地,青葉区NO.266,青葉区NO.266,青葉区NO.266,荏田町607付近,集落跡,畑地,台地上・斜面,120×100,古墳(後期)・歴史,278,139.56336656,35.555489665,JsonThemeAroundPoint:x/y,139.563336977922,35.5554762934725,13804.9985258348,1,12,1395-1430,0,埋蔵文化財包蔵地,5,139.56336656,35.555489665,青葉区NO.266,青葉区,青葉区NO.266,埋蔵文化財包蔵地,,[],畑地,青葉区,荏田町607付近,古墳(後期)・歴史,278,集落跡,台地上・斜面,120×100,,,
1394-1430,1394,1430,埋蔵文化財包蔵地,青葉区NO.267,青葉区NO.267,青葉区NO.267,荏田町627付近,散布地,畑地,台地上・斜面,200×110,縄文(中期)・弥生(中期)・古墳・歴史,279,139.564108215,35.554670295,JsonThemeAroundPoint:x/y,139.564253410751,35.554649040242,13692.6400359444,1,12,1394-1430,0,埋蔵文化財包蔵地,5,139.564108215,35.554670295,青葉区NO.267,青葉区,青葉区NO.267,埋蔵文化財包蔵地,,[],畑地,青葉区,荏田町627付近,縄文(中期)・弥生(中期)・古墳・歴史,279,散布地,台地上・斜面,200×110,,,
1392-1430,1392,1430,埋蔵文化財包蔵地,青葉区NO.268,青葉区NO.268,青葉区NO.268,荏田町647付近,散布地,宅地,台地上,,縄文(中期)・古墳・歴史,280,139.56200868,35.55370199,JsonThemeAroundPoint:x/y,139.562021631629,35.5535985446368,13693.0707124461,1,12,1392-1430,0,埋蔵文化財包蔵地,5,139.56200868,35.55370199,青葉区NO.268,青葉区,青葉区NO.268,埋蔵文化財包蔵地,,[],宅地,青葉区,荏田町647付近,縄文(中期)・古墳・歴史,280,散布地,台地上,,,,
1389-1430,1389,1430,埋蔵文化財包蔵地,青葉区NO.269,青葉区NO.269,青葉区NO.269,荏田町452付近,散布地,宅地,台地上,,縄文(中期)・古墳,281,139.561168055,35.5526994,JsonThemeAroundPoint:x/y,139.561192189275,35.5526467126038,13635.2980959028,1,12,1389-1430,0,埋蔵文化財包蔵地,5,139.561168055,35.5526994,青葉区NO.269,青葉区,青葉区NO.269,埋蔵文化財包蔵地,,[],宅地,青葉区,荏田町452付近,縄文(中期)・古墳,281,散布地,台地上,,,,
1390-1430,1390,1430,埋蔵文化財包蔵地,青葉区NO.270,青葉区NO.270,青葉区NO.270,荏田町877付近,散布地,畑地,台地上・斜面,150×80,古墳(後期)・歴史,282,139.56266936,35.552788945,JsonThemeAroundPoint:x/y,139.562709826706,35.5528225718344,13575.1680493427,1,12,1390-1430,0,埋蔵文化財包蔵地,5,139.56266936,35.552788945,青葉区NO.270,青葉区,青葉区NO.270,埋蔵文化財包蔵地,,[],畑地,青葉区,荏田町877付近,古墳(後期)・歴史,282,散布地,台地上・斜面,150×80,,,
1391-1430,1391,1430,埋蔵文化財包蔵地,青葉区NO.271,青葉区NO.271,青葉区NO.271,荏田町659付近,集落跡,畑地,台地上・斜面,200×160,古墳(後期)・歴史,283,139.56472982,35.553119985,JsonThemeAroundPoint:x/y,139.564925276364,35.5531218299614,13514.6363385926,1,12,1391-1430,0,埋蔵文化財包蔵地,5,139.56472982,35.553119985,青葉区NO.271,青葉区,青葉区NO.271,埋蔵文化財包蔵地,,[],畑地,青葉区,荏田町659付近,古墳(後期)・歴史,283,集落跡,台地上・斜面,200×160,,,
393-1430,393,1430,埋蔵文化財包蔵地,青葉区NO.272,青葉区NO.272,青葉区NO.272,荏田町454付近,散布地,宅地,台地上,,古墳～歴史,284,139.560589,35.551460475,JsonThemeAroundPoint:x/y,139.560588974526,35.5514679154896,13543.86659419,1,12,393-1430,0,埋蔵文化財包蔵地,5,139.560589,35.551460475,青葉区NO.272,青葉区,青葉区NO.272,埋蔵文化財包蔵地,,[],宅地,青葉区,荏田町454付近,古墳～歴史,284,散布地,台地上,,,,
1388-1430,1388,1430,埋蔵文化財包蔵地,青葉区NO.274,青葉区NO.274,青葉区NO.274,荏田町920付近,散布地,畑地・雑木林,台地上・斜面,130×70,縄文(前・中期),286,139.563837215,35.55023331,JsonThemeAroundPoint:x/y,139.563718949239,35.5503106675607,13276.2064885907,1,12,1388-1430,0,埋蔵文化財包蔵地,5,139.563837215,35.55023331,青葉区NO.274,青葉区,青葉区NO.274,埋蔵文化財包蔵地,,[],畑地・雑木林,青葉区,荏田町920付近,縄文(前・中期),286,散布地,台地上・斜面,130×70,,,
1387-1430,1387,1430,埋蔵文化財包蔵地,青葉区NO.275,青葉区NO.275,青葉区NO.275,荏田町950付近,散布地,畑地・雑木林,台地上・斜面,80×60,縄文(前期)・歴史,287,139.56250937,35.550163445,JsonThemeAroundPoint:x/y,139.562500942248,35.5501575647932,13330.6491184448,1,12,1387-1430,0,埋蔵文化財包蔵地,5,139.56250937,35.550163445,青葉区NO.275,青葉区,青葉区NO.275,埋蔵文化財包蔵地,,[],畑地・雑木林,青葉区,荏田町950付近,縄文(前期)・歴史,287,散布地,台地上・斜面,80×60,,,
1386-1430,1386,1430,埋蔵文化財包蔵地,青葉区NO.276,青葉区NO.276,青葉区NO.276,荏田町955付近,散布地,畑地・雑木林,台地上・斜面,80×50,縄文,288,139.56169344,35.54990876,JsonThemeAroundPoint:x/y,139.561713299003,35.5498831207334,13344.3562837121,1,12,1386-1430,0,埋蔵文化財包蔵地,5,139.56169344,35.54990876,青葉区NO.276,青葉区,青葉区NO.276,埋蔵文化財包蔵地,,[],畑地・雑木林,青葉区,荏田町955付近,縄文,288,散布地,台地上・斜面,80×50,,,
394-1430,394,1430,埋蔵文化財包蔵地,青葉区NO.277,青葉区NO.277,青葉区NO.277,荏田町456付近,散布地,宅地,台地上,,(不明),289,139.560856105,35.550101865,JsonThemeAroundPoint:x/y,139.560856078119,35.5501100504564,13402.0560319244,1,12,394-1430,0,埋蔵文化財包蔵地,5,139.560856105,35.550101865,青葉区NO.277,青葉区,青葉区NO.277,埋蔵文化財包蔵地,,[],宅地,青葉区,荏田町456付近,(不明),289,散布地,台地上,,,,
386-1430,386,1430,埋蔵文化財包蔵地,青葉区NO.278,青葉区NO.278,青葉区NO.278,荏田西一丁目15付近,散布地,道路,台地上,50×50,古墳・歴史,296,139.55098093,35.54847853,JsonThemeAroundPoint:x/y,139.550980902266,35.5484863720256,13739.9900802447,1,12,386-1430,0,埋蔵文化財包蔵地,5,139.55098093,35.54847853,青葉区NO.278,青葉区,青葉区NO.278,埋蔵文化財包蔵地,,[],道路,青葉区,荏田西一丁目15付近,古墳・歴史,296,散布地,台地上,50×50,,,
387-1430,387,1430,埋蔵文化財包蔵地,青葉区NO.279,青葉区NO.279,青葉区NO.279,荏田西三丁目14付近,散布地,宅地,台地上,,古墳・歴史,297,139.554180355,35.54813648,JsonThemeAroundPoint:x/y,139.55418032915,35.5481439200983,13544.5635850488,1,12,387-1430,0,埋蔵文化財包蔵地,5,139.554180355,35.54813648,青葉区NO.279,青葉区,青葉区NO.279,埋蔵文化財包蔵地,,[],宅地,青葉区,荏田西三丁目14付近,古墳・歴史,297,散布地,台地上,,,,
1264-1430,1264,1430,埋蔵文化財包蔵地,青葉区NO.28,青葉区NO.28,青葉区NO.28,寺家町456付近,散布地,畑地・宅地,低位段丘上,300×160,古墳・歴史,55,139.512328085,35.56733088,JsonThemeAroundPoint:x/y,139.512137746916,35.5672623602766,17544.4747837406,1,12,1264-1430,0,埋蔵文化財包蔵地,5,139.512328085,35.56733088,青葉区NO.28,青葉区,青葉区NO.28,埋蔵文化財包蔵地,,[],畑地・宅地,青葉区,寺家町456付近,古墳・歴史,55,散布地,低位段丘上,300×160,,,
1379-1430,1379,1430,埋蔵文化財包蔵地,青葉区NO.280,青葉区NO.280,青葉区NO.280,荏田西三丁目20付近,集落跡,宅地,台地上,100×70,奈良,398,139.554894635,35.547485715,JsonThemeAroundPoint:x/y,139.554905813998,35.5474418664001,13448.3547519344,1,12,1379-1430,0,埋蔵文化財包蔵地,5,139.554894635,35.547485715,青葉区NO.280,青葉区,青葉区NO.280,埋蔵文化財包蔵地,,[],宅地,青葉区,荏田西三丁目20付近,奈良,398,集落跡,台地上,100×70,,,
389-1430,389,1430,埋蔵文化財包蔵地,青葉区NO.281,青葉区NO.281,青葉区NO.281,荏田西二丁目35付近,散布地,宅地,台地上・斜面,,古墳,299,139.55689535,35.549140775,JsonThemeAroundPoint:x/y,139.556895323405,35.5491484124929,13502.2331179701,1,12,389-1430,0,埋蔵文化財包蔵地,5,139.55689535,35.549140775,青葉区NO.281,青葉区,青葉区NO.281,埋蔵文化財包蔵地,,[],宅地,青葉区,荏田西二丁目35付近,古墳,299,散布地,台地上・斜面,,,,
388-1430,388,1430,埋蔵文化財包蔵地,青葉区NO.282,青葉区NO.282,青葉区NO.282,荏田西二丁目34付近,散布地,宅地,台地上,,(不明),300,139.556641065,35.54845255,JsonThemeAroundPoint:x/y,139.556641042023,35.5484599931769,13450.5714371016,1,12,388-1430,0,埋蔵文化財包蔵地,5,139.556641065,35.54845255,青葉区NO.282,青葉区,青葉区NO.282,埋蔵文化財包蔵地,,[],宅地,青葉区,荏田西二丁目34付近,(不明),300,散布地,台地上,,,,
1381-1430,1381,1430,埋蔵文化財包蔵地,青葉区NO.283,青葉区NO.283,青葉区NO.283,荏田西三丁目23付近,包含地,宅地,台地上,100×70,縄文(早期)・古墳～奈良,301,139.556376915,35.5465303,JsonThemeAroundPoint:x/y,139.55638873076,35.546510747227,13285.2764898852,1,12,1381-1430,0,埋蔵文化財包蔵地,5,139.556376915,35.5465303,青葉区NO.283,青葉区,青葉区NO.283,埋蔵文化財包蔵地,,[],宅地,青葉区,荏田西三丁目23付近,縄文(早期)・古墳～奈良,301,包含地,台地上,100×70,,,
1380-1430,1380,1430,埋蔵文化財包蔵地,青葉区NO.284,青葉区NO.284,青葉区NO.284,荏田西三丁目22付近,集落跡,宅地,台地上・斜面,140×50,縄文(中期)・奈良・平安,302,139.555572025,35.546054135,JsonThemeAroundPoint:x/y,139.555591720746,35.5460250997879,13282.0129199553,1,12,1380-1430,0,埋蔵文化財包蔵地,5,139.555572025,35.546054135,青葉区NO.284,青葉区,青葉区NO.284,埋蔵文化財包蔵地,,[],宅地,青葉区,荏田西三丁目22付近,縄文(中期)・奈良・平安,302,集落跡,台地上・斜面,140×50,,,
1376-1430,1376,1430,埋蔵文化財包蔵地,青葉区NO.285,青葉区NO.285,青葉区NO.285,荏田西四丁目2付近,集落跡,宅地,台地斜面,90×40,弥生(後期)・古墳(後期),303,139.553015655,35.544891585,JsonThemeAroundPoint:x/y,139.553073559478,35.5448895824305,13307.4617126882,1,12,1376-1430,0,埋蔵文化財包蔵地,5,139.553015655,35.544891585,青葉区NO.285,青葉区,青葉区NO.285,埋蔵文化財包蔵地,,[],宅地,青葉区,荏田西四丁目2付近,弥生(後期)・古墳(後期),303,集落跡,台地斜面,90×40,,,
1377-1430,1377,1430,埋蔵文化財包蔵地,青葉区NO.286,青葉区NO.286,青葉区NO.286,荏田西四丁目3付近,集落跡,宅地,台地上,150×50,縄文(早・中期)・弥生(後期)・奈良・平安,304,139.552268775,35.545631045,JsonThemeAroundPoint:x/y,139.552174960814,35.5456626988389,13413.7063854217,1,12,1377-1430,0,埋蔵文化財包蔵地,5,139.552268775,35.545631045,青葉区NO.286,青葉区,青葉区NO.286,埋蔵文化財包蔵地,,[],宅地,青葉区,荏田西四丁目3付近,縄文(早・中期)・弥生(後期)・奈良・平安,304,集落跡,台地上,150×50,,,
1378-1430,1378,1430,埋蔵文化財包蔵地,青葉区NO.287,青葉区NO.287,青葉区NO.287,荏田西三丁目7付近,集落跡,宅地,台地斜面,150×80,縄文(早・中・後期)・奈良・平安,305,139.55047018,35.54636106,JsonThemeAroundPoint:x/y,139.550558528762,35.5463930703899,13574.4162143134,1,12,1378-1430,0,埋蔵文化財包蔵地,5,139.55047018,35.54636106,青葉区NO.287,青葉区,青葉区NO.287,埋蔵文化財包蔵地,,[],宅地,青葉区,荏田西三丁目7付近,縄文(早・中・後期)・奈良・平安,305,集落跡,台地斜面,150×80,,,
397-1430,397,1430,埋蔵文化財包蔵地,青葉区NO.288,青葉区NO.288,青葉区NO.288,荏田町544付近,散布地,宅地,台地上,,古墳・歴史,306,139.55018784,35.545614635,JsonThemeAroundPoint:x/y,139.55018781586,35.5456226072569,13522.021584243,1,12,397-1430,0,埋蔵文化財包蔵地,5,139.55018784,35.545614635,青葉区NO.288,青葉区,青葉区NO.288,埋蔵文化財包蔵地,,[],宅地,青葉区,荏田町544付近,古墳・歴史,306,散布地,台地上,,,,
396-1430,396,1430,埋蔵文化財包蔵地,青葉区NO.289,青葉区NO.289,青葉区NO.289,市ヶ尾町545付近,散布地,宅地,台地上,50×30,縄文(早・前・中期),307,139.549295135,35.54539114,JsonThemeAroundPoint:x/y,139.549295108032,35.5453990252004,13549.6058919942,1,12,396-1430,0,埋蔵文化財包蔵地,5,139.549295135,35.54539114,青葉区NO.289,青葉区,青葉区NO.289,埋蔵文化財包蔵地,,[],宅地,青葉区,市ヶ尾町545付近,縄文(早・前・中期),307,散布地,台地上,50×30,,,
1265-1430,1265,1430,埋蔵文化財包蔵地,青葉区NO.29,青葉区NO.29,青葉区NO.29,鉄町1881付近,散布地,畑地・雑木林,台地斜面,100×70,縄文(前・中期)・古墳,59,139.52398398,35.567312315,JsonThemeAroundPoint:x/y,139.524141541138,35.5672557519356,16877.6601769345,1,12,1265-1430,0,埋蔵文化財包蔵地,5,139.52398398,35.567312315,青葉区NO.29,青葉区,青葉区NO.29,埋蔵文化財包蔵地,,[],畑地・雑木林,青葉区,鉄町1881付近,縄文(前・中期)・古墳,59,散布地,台地斜面,100×70,,,
1375-1430,1375,1430,埋蔵文化財包蔵地,青葉区NO.290,青葉区NO.290,青葉区NO.290,市ヶ尾町542付近,散布地,宅地,台地上,,弥生,308,139.548864795,35.544478065,JsonThemeAroundPoint:x/y,139.548838532795,35.5444660518644,13491.1001620769,1,12,1375-1430,0,埋蔵文化財包蔵地,5,139.548864795,35.544478065,青葉区NO.290,青葉区,青葉区NO.290,埋蔵文化財包蔵地,,[],宅地,青葉区,市ヶ尾町542付近,弥生,308,散布地,台地上,,,,
395-1430,395,1430,埋蔵文化財包蔵地,青葉区NO.291,青葉区NO.291,青葉区NO.291,市ヶ尾町1070付近,散布地,道路,台地上,,縄文(後期)・古墳,309,139.54750273,35.5448744,JsonThemeAroundPoint:x/y,139.547502703214,35.5448824645839,13600.3670197813,1,12,395-1430,0,埋蔵文化財包蔵地,5,139.54750273,35.5448744,青葉区NO.291,青葉区,青葉区NO.291,埋蔵文化財包蔵地,,[],道路,青葉区,市ヶ尾町1070付近,縄文(後期)・古墳,309,散布地,台地上,,,,
1437-1430,1437,1430,埋蔵文化財包蔵地,青葉区NO.292,青葉区NO.292,青葉区NO.292,恩田町2151付近,散布地,畑地・宅地,台地斜面,130×70,古墳,203,139.496353575,35.543387085,JsonThemeAroundPoint:x/y,139.496396817607,35.5433105212077,16694.7514471512,1,12,1437-1430,0,埋蔵文化財包蔵地,5,139.496353575,35.543387085,青葉区NO.292,青葉区,青葉区NO.292,埋蔵文化財包蔵地,,[],畑地・宅地,青葉区,恩田町2151付近,古墳,203,散布地,台地斜面,130×70,,,
1438-1430,1438,1430,埋蔵文化財包蔵地,青葉区NO.293,青葉区NO.293,青葉区NO.293,恩田町2328付近,散布地,畑地,台地斜面,80×40,古墳・歴史,204,139.49812149,35.54233869,JsonThemeAroundPoint:x/y,139.498129849017,35.5423066132883,16497.0223591725,1,12,1438-1430,0,埋蔵文化財包蔵地,5,139.49812149,35.54233869,青葉区NO.293,青葉区,青葉区NO.293,埋蔵文化財包蔵地,,[],畑地,青葉区,恩田町2328付近,古墳・歴史,204,散布地,台地斜面,80×40,,,
1439-1430,1439,1430,埋蔵文化財包蔵地,青葉区NO.294,青葉区NO.294,青葉区NO.294,恩田町2319付近,散布地,畑地,台地上・斜面,160×90,縄文,205,139.499238085,35.542019465,JsonThemeAroundPoint:x/y,139.499295145731,35.5420538419905,16396.6613711345,1,12,1439-1430,0,埋蔵文化財包蔵地,5,139.499238085,35.542019465,青葉区NO.294,青葉区,青葉区NO.294,埋蔵文化財包蔵地,,[],畑地,青葉区,恩田町2319付近,縄文,205,散布地,台地上・斜面,160×90,,,
1441-1430,1441,1430,埋蔵文化財包蔵地,青葉区NO.296,青葉区NO.296,青葉区NO.296,恩田町3145付近,散布地,畑地,低位段丘上,130×70,縄文(早期)・古墳,207,139.501855295,35.540410605,JsonThemeAroundPoint:x/y,139.50185757649,35.5403151112229,16099.9393160859,1,12,1441-1430,0,埋蔵文化財包蔵地,5,139.501855295,35.540410605,青葉区NO.296,青葉区,青葉区NO.296,埋蔵文化財包蔵地,,[],畑地,青葉区,恩田町3145付近,縄文(早期)・古墳,207,散布地,低位段丘上,130×70,,,
1428-1430,1428,1430,埋蔵文化財包蔵地,青葉区NO.297,青葉区NO.297,青葉区NO.297,恩田町1706付近,散布地,畑地,台地上,140×80,縄文(前・中・後期),208,139.4839384,35.54158565,JsonThemeAroundPoint:x/y,139.48383917578,35.5414329047331,17451.8697726733,1,12,1428-1430,0,埋蔵文化財包蔵地,5,139.4839384,35.54158565,青葉区NO.297,青葉区,青葉区NO.297,埋蔵文化財包蔵地,,[],畑地,青葉区,恩田町1706付近,縄文(前・中・後期),208,散布地,台地上,140×80,,,
1429-1430,1429,1430,埋蔵文化財包蔵地,青葉区NO.298,青葉区NO.298,青葉区NO.298,恩田町1699付近,散布地,畑地,台地斜面,90×40,縄文・古墳,209,139.48549628,35.54065216,JsonThemeAroundPoint:x/y,139.485451093374,35.5406529622694,17276.6184161744,1,12,1429-1430,0,埋蔵文化財包蔵地,5,139.48549628,35.54065216,青葉区NO.298,青葉区,青葉区NO.298,埋蔵文化財包蔵地,,[],畑地,青葉区,恩田町1699付近,縄文・古墳,209,散布地,台地斜面,90×40,,,
1434-1430,1434,1430,埋蔵文化財包蔵地,青葉区NO.299,青葉区NO.299,青葉区NO.299,あかね台一丁目23付近,集落跡,宅地,台地上・斜面,170×150,縄文(草創・早・中・後期)・弥生(中・後期)・古墳～平安,210,139.490325985,35.540735755,JsonThemeAroundPoint:x/y,139.490356014199,35.5406899139339,16934.8049942988,1,12,1434-1430,0,埋蔵文化財包蔵地,5,139.490325985,35.540735755,青葉区NO.299,青葉区,青葉区NO.299,埋蔵文化財包蔵地,,[],宅地,青葉区,あかね台一丁目23付近,縄文(草創・早・中・後期)・弥生(中・後期)・古墳～平安,210,集落跡,台地上・斜面,170×150,,,
1281-1430,1281,1430,埋蔵文化財包蔵地,青葉区NO.3,青葉区NO.3,青葉区NO.3,美しが丘西二丁目43付近,散布地,宅地,台地斜面,70×40,弥生(後期)・古墳・歴史,3,139.53424445,35.588442155,JsonThemeAroundPoint:x/y,139.534268513726,35.5883858176765,18299.9958284753,1,12,1281-1430,0,埋蔵文化財包蔵地,5,139.53424445,35.588442155,青葉区NO.3,青葉区,青葉区NO.3,埋蔵文化財包蔵地,,[],宅地,青葉区,美しが丘西二丁目43付近,弥生(後期)・古墳・歴史,3,散布地,台地斜面,70×40,,,
1266-1430,1266,1430,埋蔵文化財包蔵地,青葉区NO.30,青葉区NO.30,青葉区NO.30,鉄町2356付近,散布地,荒地,台地上,140×70,縄文,60,139.526367595,35.56733977,JsonThemeAroundPoint:x/y,139.526456777674,35.567221539965,16749.0085418479,1,12,1266-1430,0,埋蔵文化財包蔵地,5,139.526367595,35.56733977,青葉区NO.30,青葉区,青葉区NO.30,埋蔵文化財包蔵地,,[],荒地,青葉区,鉄町2356付近,縄文,60,散布地,台地上,140×70,,,
1435-1430,1435,1430,埋蔵文化財包蔵地,青葉区NO.300,青葉区NO.300,青葉区NO.300,あかね台一丁目21付近,集落跡,宅地,台地上,220×120,縄文(早・中・後期)・古墳～平安,211,139.492483865,35.5402644,JsonThemeAroundPoint:x/y,139.492597667794,35.5402108395614,16748.4843506007,1,12,1435-1430,0,埋蔵文化財包蔵地,5,139.492483865,35.5402644,青葉区NO.300,青葉区,青葉区NO.300,埋蔵文化財包蔵地,,[],宅地,青葉区,あかね台一丁目21付近,縄文(早・中・後期)・古墳～平安,211,集落跡,台地上,220×120,,,
1436-1430,1436,1430,埋蔵文化財包蔵地,青葉区NO.301,青葉区NO.301,青葉区NO.301,あかね台一丁目3付近,集落跡,宅地,台地上,300×150,縄文(中・後期)・弥生(後期)・古墳～平安,212,139.4950548,35.540354865,JsonThemeAroundPoint:x/y,139.494820318397,35.5400489115756,16572.2587008844,1,12,1436-1430,0,埋蔵文化財包蔵地,5,139.4950548,35.540354865,青葉区NO.301,青葉区,青葉区NO.301,埋蔵文化財包蔵地,,[],宅地,青葉区,あかね台一丁目3付近,縄文(中・後期)・弥生(後期)・古墳～平安,212,集落跡,台地上,300×150,,,
1431-1430,1431,1430,埋蔵文化財包蔵地,青葉区NO.303,青葉区NO.303,青葉区NO.303,あかね台二丁目25付近,集落跡,宅地,台地上,410×150,縄文(早・中・後期)・弥生(中・後期)・古墳,214,139.486458805,35.538029335,JsonThemeAroundPoint:x/y,139.486399904951,35.5381019553051,17032.3252333958,1,12,1431-1430,0,埋蔵文化財包蔵地,5,139.486458805,35.538029335,青葉区NO.303,青葉区,青葉区NO.303,埋蔵文化財包蔵地,,[],宅地,青葉区,あかね台二丁目25付近,縄文(早・中・後期)・弥生(中・後期)・古墳,214,集落跡,台地上,410×150,,,
1433-1430,1433,1430,埋蔵文化財包蔵地,青葉区NO.304,青葉区NO.304,青葉区NO.304,あかね台二丁目3付近,集落跡,宅地,台地上,470×210,縄文(早・中・後期)・弥生(中・後期)・古墳(前・後期)・平安・近世,215,139.49003123,35.537640945,JsonThemeAroundPoint:x/y,139.490496168255,35.5377112321395,16746.8072201786,1,12,1433-1430,0,埋蔵文化財包蔵地,5,139.49003123,35.537640945,青葉区NO.304,青葉区,青葉区NO.304,埋蔵文化財包蔵地,,[],宅地,青葉区,あかね台二丁目3付近,縄文(早・中・後期)・弥生(中・後期)・古墳(前・後期)・平安・近世,215,集落跡,台地上,470×210,,,
1432-1430,1432,1430,埋蔵文化財包蔵地,青葉区NO.305,青葉区NO.305,青葉区NO.305,あかね台一丁目33付近,集落跡,宅地,台地上,80×70,縄文(早・前・中期)・古墳・奈良・中世,322,139.49248516,35.536780885,JsonThemeAroundPoint:x/y,139.492726462992,35.5368040296768,16511.6450320625,1,12,1432-1430,0,埋蔵文化財包蔵地,5,139.49248516,35.536780885,青葉区NO.305,青葉区,青葉区NO.305,埋蔵文化財包蔵地,,[],宅地,青葉区,あかね台一丁目33付近,縄文(早・前・中期)・古墳・奈良・中世,322,集落跡,台地上,80×70,,,
1440-1430,1440,1430,埋蔵文化財包蔵地,青葉区NO.306,青葉区NO.306,青葉区NO.306,松風台32付近,散布地,宅地,台地上,,縄文(中期)・古墳,255,139.50300694,35.54211912,JsonThemeAroundPoint:x/y,139.503029880851,35.5420798225543,16143.9183500658,1,12,1440-1430,0,埋蔵文化財包蔵地,5,139.50300694,35.54211912,青葉区NO.306,青葉区,青葉区NO.306,埋蔵文化財包蔵地,,[],宅地,青葉区,松風台32付近,縄文(中期)・古墳,255,散布地,台地上,,,,
1444-1430,1444,1430,埋蔵文化財包蔵地,青葉区NO.307,青葉区NO.307,青葉区NO.307,松風台24付近,集落跡,宅地,台地上・斜面,,縄文(中・後期)・弥生(後期),256,139.50671749,35.54122325,JsonThemeAroundPoint:x/y,139.506788250096,35.5410311108918,15825.0312315132,1,12,1444-1430,0,埋蔵文化財包蔵地,5,139.50671749,35.54122325,青葉区NO.307,青葉区,青葉区NO.307,埋蔵文化財包蔵地,,[],宅地,青葉区,松風台24付近,縄文(中・後期)・弥生(後期),256,集落跡,台地上・斜面,,,,
1442-1430,1442,1430,埋蔵文化財包蔵地,青葉区NO.308,青葉区NO.308,青葉区NO.308,田奈町37付近,散布地,宅地・畑地,台地上,,縄文(早期)・中世,257,139.50528146,35.5388867,JsonThemeAroundPoint:x/y,139.505291140936,35.5387942064744,15753.3881232864,1,12,1442-1430,0,埋蔵文化財包蔵地,5,139.50528146,35.5388867,青葉区NO.308,青葉区,青葉区NO.308,埋蔵文化財包蔵地,,[],宅地・畑地,青葉区,田奈町37付近,縄文(早期)・中世,257,散布地,台地上,,,,
1443-1430,1443,1430,埋蔵文化財包蔵地,青葉区NO.309,青葉区NO.309,青葉区NO.309,榎が丘49付近,散布地,畑地・宅地,台地上,200×120,縄文(早・前・中期)・古墳,258,139.50747259,35.53796148,JsonThemeAroundPoint:x/y,139.507575068107,35.5379829036795,15535.4976602091,1,12,1443-1430,0,埋蔵文化財包蔵地,5,139.50747259,35.53796148,青葉区NO.309,青葉区,青葉区NO.309,埋蔵文化財包蔵地,,[],畑地・宅地,青葉区,榎が丘49付近,縄文(早・前・中期)・古墳,258,散布地,台地上,200×120,,,
294-1430,294,1430,埋蔵文化財包蔵地,青葉区NO.31,青葉区NO.31,青葉区NO.31,もみの木台16付近,散布地,宅地,台地上,,縄文(中期)・古墳・歴史,62,139.53051647,35.568386505,JsonThemeAroundPoint:x/y,139.530516434095,35.5683960575663,16619.4473339544,1,12,294-1430,0,埋蔵文化財包蔵地,5,139.53051647,35.568386505,青葉区NO.31,青葉区,青葉区NO.31,埋蔵文化財包蔵地,,[],宅地,青葉区,もみの木台16付近,縄文(中期)・古墳・歴史,62,散布地,台地上,,,,
403-1430,403,1430,埋蔵文化財包蔵地,青葉区NO.310,青葉区NO.310,青葉区NO.310,青葉台二丁目23付近,散布地,宅地,台地上,,縄文(前・中期),253,139.517805395,35.54256611,JsonThemeAroundPoint:x/y,139.517805363435,35.5425735497119,15189.5807250482,1,12,403-1430,0,埋蔵文化財包蔵地,5,139.517805395,35.54256611,青葉区NO.310,青葉区,青葉区NO.310,埋蔵文化財包蔵地,,[],宅地,青葉区,青葉台二丁目23付近,縄文(前・中期),253,散布地,台地上,,,,
404-1430,404,1430,埋蔵文化財包蔵地,青葉区NO.311,青葉区NO.311,青葉区NO.311,青葉台一丁目11付近,包含地,宅地,台地上,,縄文(中期),254,139.521516465,35.54062144,JsonThemeAroundPoint:x/y,139.521516437395,35.5406288811655,14798.0103783797,1,12,404-1430,0,埋蔵文化財包蔵地,5,139.521516465,35.54062144,青葉区NO.311,青葉区,青葉区NO.311,埋蔵文化財包蔵地,,[],宅地,青葉区,青葉台一丁目11付近,縄文(中期),254,包含地,台地上,,,,
399-1430,399,1430,埋蔵文化財包蔵地,青葉区NO.312,青葉区NO.312,青葉区NO.312,榎が丘37付近,散布地,宅地,台地上,220×160,縄文(中期),259,139.510434455,35.538700135,JsonThemeAroundPoint:x/y,139.510434426301,35.5387075767099,15386.7330553825,1,12,399-1430,0,埋蔵文化財包蔵地,5,139.510434455,35.538700135,青葉区NO.312,青葉区,青葉区NO.312,埋蔵文化財包蔵地,,[],宅地,青葉区,榎が丘37付近,縄文(中期),259,散布地,台地上,220×160,,,
413-1430,413,1430,埋蔵文化財包蔵地,青葉区NO.313,青葉区NO.313,青葉区NO.313,藤が丘二丁目34付近,散布地,宅地,台地上,,縄文(早・中期),260,139.531670075,35.538412415,JsonThemeAroundPoint:x/y,139.531670049452,35.5384198548982,13978.3357438854,1,12,413-1430,0,埋蔵文化財包蔵地,5,139.531670075,35.538412415,青葉区NO.313,青葉区,青葉区NO.313,埋蔵文化財包蔵地,,[],宅地,青葉区,藤が丘二丁目34付近,縄文(早・中期),260,散布地,台地上,,,,
1456-1430,1456,1430,埋蔵文化財包蔵地,青葉区NO.314,青葉区NO.314,青葉区NO.314,榎が丘21付近,散布地,宅地,台地上・斜面,,縄文,323,139.513950105,35.5373945,JsonThemeAroundPoint:x/y,139.513948064977,35.5373788907614,15052.0676899022,1,12,1456-1430,0,埋蔵文化財包蔵地,5,139.513950105,35.5373945,青葉区NO.314,青葉区,青葉区NO.314,埋蔵文化財包蔵地,,[],宅地,青葉区,榎が丘21付近,縄文,323,散布地,台地上・斜面,,,,
400-1430,400,1430,埋蔵文化財包蔵地,青葉区NO.315,青葉区NO.315,青葉区NO.315,田奈町18付近,散布地,宅地,台地上,,縄文(中期),324,139.51064816,35.535835335,JsonThemeAroundPoint:x/y,139.510648128641,35.5358427798161,15163.0578434216,1,12,400-1430,0,埋蔵文化財包蔵地,5,139.51064816,35.535835335,青葉区NO.315,青葉区,青葉区NO.315,埋蔵文化財包蔵地,,[],宅地,青葉区,田奈町18付近,縄文(中期),324,散布地,台地上,,,,
1455-1430,1455,1430,埋蔵文化財包蔵地,青葉区NO.316,青葉区NO.316,青葉区NO.316,田奈町12付近,散布地・古墳？,宅地,丘陵上,,古墳・歴史,325,139.511003195,35.534363255,JsonThemeAroundPoint:x/y,139.510989325894,35.5344161500123,15032.4753860215,1,12,1455-1430,0,埋蔵文化財包蔵地,5,139.511003195,35.534363255,青葉区NO.316,青葉区,青葉区NO.316,埋蔵文化財包蔵地,,[],宅地,青葉区,田奈町12付近,古墳・歴史,325,散布地・古墳？,丘陵上,,,,
405-1430,405,1430,埋蔵文化財包蔵地,青葉区NO.317,青葉区NO.317,青葉区NO.317,田奈町8付近,散布地,宅地,台地上,50×50,縄文(中期),326,139.512501265,35.534286175,JsonThemeAroundPoint:x/y,139.512501237692,35.5342936178121,14923.4230115386,1,12,405-1430,0,埋蔵文化財包蔵地,5,139.512501265,35.534286175,青葉区NO.317,青葉区,青葉区NO.317,埋蔵文化財包蔵地,,[],宅地,青葉区,田奈町8付近,縄文(中期),326,散布地,台地上,50×50,,,
401-1430,401,1430,埋蔵文化財包蔵地,青葉区NO.318,青葉区NO.318,青葉区NO.318,しらとり台11付近,散布地,宅地,台地上,,縄文(早期)・古墳・歴史,327,139.517415845,35.535819555,JsonThemeAroundPoint:x/y,139.517415814307,35.535826999424,14701.3654466336,1,12,401-1430,0,埋蔵文化財包蔵地,5,139.517415845,35.535819555,青葉区NO.318,青葉区,青葉区NO.318,埋蔵文化財包蔵地,,[],宅地,青葉区,しらとり台11付近,縄文(早期)・古墳・歴史,327,散布地,台地上,,,,
402-1430,402,1430,埋蔵文化財包蔵地,青葉区NO.319,青葉区NO.319,青葉区NO.319,しらとり台15付近,散布地,宅地,丘陵上,,縄文(中期),328,139.517541215,35.53478392,JsonThemeAroundPoint:x/y,139.517541184639,35.5347913638815,14615.8834931699,1,12,402-1430,0,埋蔵文化財包蔵地,5,139.517541215,35.53478392,青葉区NO.319,青葉区,青葉区NO.319,埋蔵文化財包蔵地,,[],宅地,青葉区,しらとり台15付近,縄文(中期),328,散布地,丘陵上,,,,
295-1430,295,1430,埋蔵文化財包蔵地,青葉区NO.32,青葉区NO.32,青葉区NO.32,もみの木台10付近,散布地,宅地,台地上,,縄文(中期)・古墳,63,139.53238286,35.56873683,JsonThemeAroundPoint:x/y,139.532382830721,35.5687453075079,16552.927479218,1,12,295-1430,0,埋蔵文化財包蔵地,5,139.53238286,35.56873683,青葉区NO.32,青葉区,青葉区NO.32,埋蔵文化財包蔵地,,[],宅地,青葉区,もみの木台10付近,縄文(中期)・古墳,63,散布地,台地上,,,,
1454-1430,1454,1430,埋蔵文化財包蔵地,青葉区NO.320,青葉区NO.320,青葉区NO.320,しらとり台21付近,散布地,宅地・公園,台地上,70×70,縄文(早・前)・古墳・歴史,329,139.5140462,35.53287497,JsonThemeAroundPoint:x/y,139.514046757918,35.5328372927292,14715.0376578631,1,12,1454-1430,0,埋蔵文化財包蔵地,5,139.5140462,35.53287497,青葉区NO.320,青葉区,青葉区NO.320,埋蔵文化財包蔵地,,[],宅地・公園,青葉区,しらとり台21付近,縄文(早・前)・古墳・歴史,329,散布地,台地上,70×70,,,
406-1430,406,1430,埋蔵文化財包蔵地,青葉区NO.321,青葉区NO.321,青葉区NO.321,しらとり台22付近,散布地,宅地,台地上,20×20,弥生(後期),330,139.514990705,35.532033335,JsonThemeAroundPoint:x/y,139.514990675199,35.5320407766928,14589.1872021277,1,12,406-1430,0,埋蔵文化財包蔵地,5,139.514990705,35.532033335,青葉区NO.321,青葉区,青葉区NO.321,埋蔵文化財包蔵地,,[],宅地,青葉区,しらとり台22付近,弥生(後期),330,散布地,台地上,20×20,,,
1453-1430,1453,1430,埋蔵文化財包蔵地,青葉区NO.322,青葉区NO.322,青葉区NO.322,しらとり台38付近,散布地,宅地・畑地,台地上,200×200,縄文(早・前・中・後期)・弥生・古墳・歴史,331,139.51894504,35.53101068,JsonThemeAroundPoint:x/y,139.518937078083,35.5309224482809,14243.0505424815,1,12,1453-1430,0,埋蔵文化財包蔵地,5,139.51894504,35.53101068,青葉区NO.322,青葉区,青葉区NO.322,埋蔵文化財包蔵地,,[],宅地・畑地,青葉区,しらとり台38付近,縄文(早・前・中・後期)・弥生・古墳・歴史,331,散布地,台地上,200×200,,,
407-1430,407,1430,埋蔵文化財包蔵地,青葉区NO.323,青葉区NO.323,青葉区NO.323,しらとり台58付近,散布地,宅地,台地上,200×50,縄文(早・中期),332,139.51604893,35.53033889,JsonThemeAroundPoint:x/y,139.516048902793,35.530346334549,14394.3462652578,1,12,407-1430,0,埋蔵文化財包蔵地,5,139.51604893,35.53033889,青葉区NO.323,青葉区,青葉区NO.323,埋蔵文化財包蔵地,,[],宅地,青葉区,しらとり台58付近,縄文(早・中期),332,散布地,台地上,200×50,,,
1451-1430,1451,1430,埋蔵文化財包蔵地,青葉区NO.324,青葉区NO.324,青葉区NO.324,しらとり台56付近,散布地,宅地・畑地,台地上,120×110,古墳・歴史,333,139.517331655,35.5292879,JsonThemeAroundPoint:x/y,139.517282453609,35.5293045751798,14230.1539888544,1,12,1451-1430,0,埋蔵文化財包蔵地,5,139.517331655,35.5292879,青葉区NO.324,青葉区,青葉区NO.324,埋蔵文化財包蔵地,,[],宅地・畑地,青葉区,しらとり台56付近,古墳・歴史,333,散布地,台地上,120×110,,,
408-1430,408,1430,埋蔵文化財包蔵地,青葉区NO.325,青葉区NO.325,青葉区NO.325,しらとり台54付近,散布地,宅地,台地上,70×50,縄文(前期)・弥生(後期)・古墳・歴史,334,139.518709695,35.52904524,JsonThemeAroundPoint:x/y,139.518709664231,35.5290526834959,14117.1789208479,1,12,408-1430,0,埋蔵文化財包蔵地,5,139.518709695,35.52904524,青葉区NO.325,青葉区,青葉区NO.325,埋蔵文化財包蔵地,,[],宅地,青葉区,しらとり台54付近,縄文(前期)・弥生(後期)・古墳・歴史,334,散布地,台地上,70×50,,,
1450-1430,1450,1430,埋蔵文化財包蔵地,青葉区NO.326,青葉区NO.326,青葉区NO.326,さつきが丘8付近,集落跡,宅地・学校,台地上,310×180,縄文(早・中・後期)・弥生(後期)・古墳(前期)・奈良・平安,336,139.52285266,35.5289887,JsonThemeAroundPoint:x/y,139.52254750873,35.5289423456468,13828.2334494825,1,12,1450-1430,0,埋蔵文化財包蔵地,5,139.52285266,35.5289887,青葉区NO.326,青葉区,青葉区NO.326,埋蔵文化財包蔵地,,[],宅地・学校,青葉区,さつきが丘8付近,縄文(早・中・後期)・弥生(後期)・古墳(前期)・奈良・平安,336,集落跡,台地上,310×180,,,
410-1430,410,1430,埋蔵文化財包蔵地,青葉区NO.327,青葉区NO.327,青葉区NO.327,梅が丘39付近,散布地,宅地,台地上,50×20,古墳・歴史,337,139.52523819,35.53147497,JsonThemeAroundPoint:x/y,139.525238156437,35.5314824166561,13851.8688661355,1,12,410-1430,0,埋蔵文化財包蔵地,5,139.52523819,35.53147497,青葉区NO.327,青葉区,青葉区NO.327,埋蔵文化財包蔵地,,[],宅地,青葉区,梅が丘39付近,古墳・歴史,337,散布地,台地上,50×20,,,
1449-1430,1449,1430,埋蔵文化財包蔵地,青葉区NO.328,青葉区NO.328,青葉区NO.328,さつきが丘12付近,散布地,宅地・畑地,台地上,160×90,縄文(前期)・古墳,338,139.52520832,35.529436605,JsonThemeAroundPoint:x/y,139.525257072386,35.5293803168361,13701.4197149361,1,12,1449-1430,0,埋蔵文化財包蔵地,5,139.52520832,35.529436605,青葉区NO.328,青葉区,青葉区NO.328,埋蔵文化財包蔵地,,[],宅地・畑地,青葉区,さつきが丘12付近,縄文(前期)・古墳,338,散布地,台地上,160×90,,,
409-1430,409,1430,埋蔵文化財包蔵地,青葉区NO.329,青葉区NO.329,青葉区NO.329,さつきが丘20付近,散布地,道路,台地上,100×20,縄文(後期)・弥生・古墳,339,139.525845905,35.527740735,JsonThemeAroundPoint:x/y,139.525845877349,35.5277481790257,13532.817729451,1,12,409-1430,0,埋蔵文化財包蔵地,5,139.525845905,35.527740735,青葉区NO.329,青葉区,青葉区NO.329,埋蔵文化財包蔵地,,[],道路,青葉区,さつきが丘20付近,縄文(後期)・弥生・古墳,339,散布地,台地上,100×20,,,
296-1430,296,1430,埋蔵文化財包蔵地,青葉区NO.33,青葉区NO.33,青葉区NO.33,もみの木台2付近,散布地,宅地,台地上,,古墳,64,139.532497065,35.567729715,JsonThemeAroundPoint:x/y,139.532497033237,35.5677381156717,16455.5383670496,1,12,296-1430,0,埋蔵文化財包蔵地,5,139.532497065,35.567729715,青葉区NO.33,青葉区,青葉区NO.33,埋蔵文化財包蔵地,,[],宅地,青葉区,もみの木台2付近,古墳,64,散布地,台地上,,,,
412-1430,412,1430,埋蔵文化財包蔵地,青葉区NO.330,青葉区NO.330,青葉区NO.330,千草台31付近,散布地,宅地・畑地,台地上,,縄文,340,139.53399584,35.53441817,JsonThemeAroundPoint:x/y,139.53399581423,35.5344256166746,13511.6716320277,1,12,412-1430,0,埋蔵文化財包蔵地,5,139.53399584,35.53441817,青葉区NO.330,青葉区,青葉区NO.330,埋蔵文化財包蔵地,,[],宅地・畑地,青葉区,千草台31付近,縄文,340,散布地,台地上,,,,
1448-1430,1448,1430,埋蔵文化財包蔵地,青葉区NO.331,青葉区NO.331,青葉区NO.331,梅が丘28付近,散布地,宅地・畑地,台地上・斜面,260×210,縄文(早・前・中・後期)・古墳・歴史,341,139.533984785,35.53230283,JsonThemeAroundPoint:x/y,139.533838555727,35.5321828925939,13344.3929477379,1,12,1448-1430,0,埋蔵文化財包蔵地,5,139.533984785,35.53230283,青葉区NO.331,青葉区,青葉区NO.331,埋蔵文化財包蔵地,,[],宅地・畑地,青葉区,梅が丘28付近,縄文(早・前・中・後期)・古墳・歴史,341,散布地,台地上・斜面,260×210,,,
411-1430,411,1430,埋蔵文化財包蔵地,青葉区NO.332,青葉区NO.332,青葉区NO.332,梅が丘27付近,散布地,宅地,台地上,,縄文,342,139.532105235,35.53164726,JsonThemeAroundPoint:x/y,139.532105207204,35.5316549812844,13413.7948950388,1,12,411-1430,0,埋蔵文化財包蔵地,5,139.532105235,35.53164726,青葉区NO.332,青葉区,青葉区NO.332,埋蔵文化財包蔵地,,[],宅地,青葉区,梅が丘27付近,縄文,342,散布地,台地上,,,,
1458-1430,1458,1430,埋蔵文化財包蔵地,青葉区NO.333,青葉区NO.333,青葉区NO.333,市ヶ尾町649付近,集落跡,宅地,台地上・斜面,130×120,縄文(中期)・奈良・平安・歴史,314,139.54662579,35.54130657,JsonThemeAroundPoint:x/y,139.546617863318,35.5412296863987,13334.4717528709,1,12,1458-1430,0,埋蔵文化財包蔵地,5,139.54662579,35.54130657,青葉区NO.333,青葉区,青葉区NO.333,埋蔵文化財包蔵地,,[],宅地,青葉区,市ヶ尾町649付近,縄文(中期)・奈良・平安・歴史,314,集落跡,台地上・斜面,130×120,,,
414-1430,414,1430,埋蔵文化財包蔵地,青葉区NO.334,青葉区NO.334,青葉区NO.334,千草台15付近,散布地,宅地,台地斜面,,縄文(中・後期)・古墳,321,139.537262925,35.53862032,JsonThemeAroundPoint:x/y,139.537262896695,35.538627763386,13651.925573669,1,12,414-1430,0,埋蔵文化財包蔵地,5,139.537262925,35.53862032,青葉区NO.334,青葉区,青葉区NO.334,埋蔵文化財包蔵地,,[],宅地,青葉区,千草台15付近,縄文(中・後期)・古墳,321,散布地,台地斜面,,,,
415-1430,415,1430,埋蔵文化財包蔵地,青葉区NO.335,青葉区NO.335,青葉区NO.335,千草台25付近,散布地,宅地,台地斜面,,縄文(前期),343,139.53618561,35.536561235,JsonThemeAroundPoint:x/y,139.536185578891,35.5365686777208,13548.2825152322,1,12,415-1430,0,埋蔵文化財包蔵地,5,139.53618561,35.536561235,青葉区NO.335,青葉区,青葉区NO.335,埋蔵文化財包蔵地,,[],宅地,青葉区,千草台25付近,縄文(前期),343,散布地,台地斜面,,,,
416-1430,416,1430,埋蔵文化財包蔵地,青葉区NO.336,青葉区NO.336,青葉区NO.336,千草台38付近,散布地,宅地,台地斜面,,縄文(後期),344,139.537087185,35.535560605,JsonThemeAroundPoint:x/y,139.537087155838,35.5355680490146,13411.1006752802,1,12,416-1430,0,埋蔵文化財包蔵地,5,139.537087185,35.535560605,青葉区NO.336,青葉区,青葉区NO.336,埋蔵文化財包蔵地,,[],宅地,青葉区,千草台38付近,縄文(後期),344,散布地,台地斜面,,,,
1447-1430,1447,1430,埋蔵文化財包蔵地,青葉区NO.337,青葉区NO.337,青葉区NO.337,千草台43付近,散布地,宅地・畑地,台地上,110×100,縄文,345,139.53871414,35.53362499,JsonThemeAroundPoint:x/y,139.538678330714,35.5335944381061,13153.0263679485,1,12,1447-1430,0,埋蔵文化財包蔵地,5,139.53871414,35.53362499,青葉区NO.337,青葉区,青葉区NO.337,埋蔵文化財包蔵地,,[],宅地・畑地,青葉区,千草台43付近,縄文,345,散布地,台地上,110×100,,,
417-1430,417,1430,埋蔵文化財包蔵地,青葉区NO.338,青葉区NO.338,青葉区NO.338,千草台49付近,散布地,宅地,台地上,,古墳,346,139.53841792,35.532974105,JsonThemeAroundPoint:x/y,139.538417893974,35.5329815483144,13118.5969339291,1,12,417-1430,0,埋蔵文化財包蔵地,5,139.53841792,35.532974105,青葉区NO.338,青葉区,青葉区NO.338,埋蔵文化財包蔵地,,[],宅地,青葉区,千草台49付近,古墳,346,散布地,台地上,,,,
1445-1430,1445,1430,埋蔵文化財包蔵地,青葉区NO.339,青葉区NO.339,青葉区NO.339,千草台49付近,散布地,宅地・畑地,台地上,90×70,縄文(早・中・後期)・弥生・古墳,347,139.54055942,35.53313859,JsonThemeAroundPoint:x/y,139.540573886794,35.5331095288798,12999.6374123333,1,12,1445-1430,0,埋蔵文化財包蔵地,5,139.54055942,35.53313859,青葉区NO.339,青葉区,青葉区NO.339,埋蔵文化財包蔵地,,[],宅地・畑地,青葉区,千草台49付近,縄文(早・中・後期)・弥生・古墳,347,散布地,台地上,90×70,,,
1268-1430,1268,1430,埋蔵文化財包蔵地,青葉区NO.34,青葉区NO.34,青葉区NO.34,元石川町4323付近,散布地,雑木林,台地斜面,100×100,縄文(早・中期)・弥生(後期),89,139.54223389,35.57122458,JsonThemeAroundPoint:x/y,139.542125408291,35.5711751188823,16288.2342625309,1,12,1268-1430,0,埋蔵文化財包蔵地,5,139.54223389,35.57122458,青葉区NO.34,青葉区,青葉区NO.34,埋蔵文化財包蔵地,,[],雑木林,青葉区,元石川町4323付近,縄文(早・中期)・弥生(後期),89,散布地,台地斜面,100×100,,,
1446-1430,1446,1430,埋蔵文化財包蔵地,青葉区NO.340,青葉区NO.340,青葉区NO.340,千草台40付近,散布地,宅地・雑木林,台地上,,縄文(早・前・中期)・弥生(後期),348,139.54110976,35.53235296,JsonThemeAroundPoint:x/y,139.541125737356,35.5323289940242,12901.585955777,1,12,1446-1430,0,埋蔵文化財包蔵地,5,139.54110976,35.53235296,青葉区NO.340,青葉区,青葉区NO.340,埋蔵文化財包蔵地,,[],宅地・雑木林,青葉区,千草台40付近,縄文(早・前・中期)・弥生(後期),348,散布地,台地上,,,,
1452-1430,1452,1430,埋蔵文化財包蔵地,青葉区NO.341,青葉区NO.341,青葉区NO.341,しらとり台53付近,古墳,雑木林,台地上,"D-1.5,H-2.5",古墳,335,139.51848009,35.52833777,JsonThemeAroundPoint:x/y,139.518480596559,35.5283377725349,14082.5108527084,1,12,1452-1430,0,埋蔵文化財包蔵地,5,139.51848009,35.52833777,青葉区NO.341,青葉区,青葉区NO.341,埋蔵文化財包蔵地,,[],雑木林,青葉区,しらとり台53付近,古墳,335,古墳,台地上,"D-1.5,H-2.5",,,
418-1430,418,1430,埋蔵文化財包蔵地,青葉区NO.343,青葉区NO.343,青葉区NO.343,荏田西五丁目2付近,散布地,宅地,台地上,,古墳,315,139.55150603,35.54251453,JsonThemeAroundPoint:x/y,139.551506007804,35.5425219694126,13173.0994683325,1,12,418-1430,0,埋蔵文化財包蔵地,5,139.55150603,35.54251453,青葉区NO.343,青葉区,青葉区NO.343,埋蔵文化財包蔵地,,[],宅地,青葉区,荏田西五丁目2付近,古墳,315,散布地,台地上,,,,
1461-1430,1461,1430,埋蔵文化財包蔵地,青葉区NO.344,青葉区NO.344,青葉区NO.344,荏田西四丁目15付近,集落跡,宅地,台地上,250×200,縄文(早・前・後期)・古墳(後期),316,139.555626955,35.54326296,JsonThemeAroundPoint:x/y,139.555540034157,35.543247564732,13023.2335336676,1,12,1461-1430,0,埋蔵文化財包蔵地,5,139.555626955,35.54326296,青葉区NO.344,青葉区,青葉区NO.344,埋蔵文化財包蔵地,,[],宅地,青葉区,荏田西四丁目15付近,縄文(早・前・後期)・古墳(後期),316,集落跡,台地上,250×200,,,
419-1430,419,1430,埋蔵文化財包蔵地,青葉区NO.345,青葉区NO.345,青葉区NO.345,荏田西五丁目6付近,散布地,宅地,台地斜面,,古墳,317,139.55077246,35.540930555,JsonThemeAroundPoint:x/y,139.550772432658,35.5409383669889,13071.6603077278,1,12,419-1430,0,埋蔵文化財包蔵地,5,139.55077246,35.540930555,青葉区NO.345,青葉区,青葉区NO.345,埋蔵文化財包蔵地,,[],宅地,青葉区,荏田西五丁目6付近,古墳,317,散布地,台地斜面,,,,
420-1430,420,1430,埋蔵文化財包蔵地,青葉区NO.346,青葉区NO.346,青葉区NO.346,市ヶ尾町517付近,散布地,宅地,台地上,100×60,(不明),318,139.551873695,35.540164605,JsonThemeAroundPoint:x/y,139.551873671246,35.54017241702,12943.5361917299,1,12,420-1430,0,埋蔵文化財包蔵地,5,139.551873695,35.540164605,青葉区NO.346,青葉区,青葉区NO.346,埋蔵文化財包蔵地,,[],宅地,青葉区,市ヶ尾町517付近,(不明),318,散布地,台地上,100×60,,,
421-1430,421,1430,埋蔵文化財包蔵地,青葉区NO.347,青葉区NO.347,青葉区NO.347,市ヶ尾町520付近,猟場,宅地,台地上,70×60,縄文(前期),319,139.55136788,35.53936181,JsonThemeAroundPoint:x/y,139.551367851518,35.5393696233057,12900.0562430735,1,12,421-1430,0,埋蔵文化財包蔵地,5,139.55136788,35.53936181,青葉区NO.347,青葉区,青葉区NO.347,埋蔵文化財包蔵地,,[],宅地,青葉区,市ヶ尾町520付近,縄文(前期),319,猟場,台地上,70×60,,,
422-1430,422,1430,埋蔵文化財包蔵地,青葉区NO.348,青葉区NO.348,青葉区NO.348,市ヶ尾町491付近,散布地,宅地,台地上・斜面,70×50,縄文(早・中期),320,139.553399695,35.53939664,JsonThemeAroundPoint:x/y,139.553399667625,35.5394044541432,12792.2542830322,1,12,422-1430,0,埋蔵文化財包蔵地,5,139.553399695,35.53939664,青葉区NO.348,青葉区,青葉区NO.348,埋蔵文化財包蔵地,,[],宅地,青葉区,市ヶ尾町491付近,縄文(早・中期),320,散布地,台地上・斜面,70×50,,,
1460-1430,1460,1430,埋蔵文化財包蔵地,青葉区NO.349,青葉区NO.349,青葉区NO.349,市ヶ尾町5-4付近,集落跡,畑地・宅地,下位段丘上,250×140,縄文(前・中期)・弥生(中期)・古墳・歴史,349,139.547088825,35.534408115,JsonThemeAroundPoint:x/y,139.546905838567,35.5345006320578,12713.6531130311,1,12,1460-1430,0,埋蔵文化財包蔵地,5,139.547088825,35.534408115,青葉区NO.349,青葉区,青葉区NO.349,埋蔵文化財包蔵地,,[],畑地・宅地,青葉区,市ヶ尾町5-4付近,縄文(前・中期)・弥生(中期)・古墳・歴史,349,集落跡,下位段丘上,250×140,,,
1267-1430,1267,1430,埋蔵文化財包蔵地,青葉区NO.35,青葉区NO.35,青葉区NO.35,元石川町4323付近,散布地,雑木林,台地上,100×80,(不明),90,139.541415205,35.56949308,JsonThemeAroundPoint:x/y,139.541422372869,35.569506472568,16165.3421115756,1,12,1267-1430,0,埋蔵文化財包蔵地,5,139.541415205,35.56949308,青葉区NO.35,青葉区,青葉区NO.35,埋蔵文化財包蔵地,,[],雑木林,青葉区,元石川町4323付近,(不明),90,散布地,台地上,100×80,,,
1459-1430,1459,1430,埋蔵文化財包蔵地,青葉区NO.350,青葉区NO.350,青葉区NO.350,市ヶ尾町4001付近,集落跡・塚,宅地,台地上,200×120,縄文(早期)・弥生(後期)・古墳(後期)・近世,350,139.549305245,35.53509053,JsonThemeAroundPoint:x/y,139.549307506531,35.534997131731,12643.391340197,1,12,1459-1430,0,埋蔵文化財包蔵地,5,139.549305245,35.53509053,青葉区NO.350,青葉区,青葉区NO.350,埋蔵文化財包蔵地,,[],宅地,青葉区,市ヶ尾町4001付近,縄文(早期)・弥生(後期)・古墳(後期)・近世,350,集落跡・塚,台地上,200×120,,,
423-1430,423,1430,埋蔵文化財包蔵地,青葉区NO.352,青葉区NO.352,青葉区NO.352,市ヶ尾町476付近,散布地,宅地,台地上,,(不明),352,139.553443955,35.53664878,JsonThemeAroundPoint:x/y,139.553443927272,35.5366566832867,12546.0406673185,1,12,423-1430,0,埋蔵文化財包蔵地,5,139.553443955,35.53664878,青葉区NO.352,青葉区,青葉区NO.352,埋蔵文化財包蔵地,,[],宅地,青葉区,市ヶ尾町476付近,(不明),352,散布地,台地上,,,,
2353-1430,2353,1430,埋蔵文化財包蔵地,青葉区NO.353,青葉区NO.353,青葉区NO.353,市ヶ尾町471付近,横穴墓,宅地,崖,,古墳(後期),353,139.55431018,35.53696031,JsonThemeAroundPoint:x/y,139.554312678108,35.5369536452457,12525.9987843245,1,12,2353-1430,0,埋蔵文化財包蔵地,5,139.55431018,35.53696031,青葉区NO.353,青葉区,青葉区NO.353,埋蔵文化財包蔵地,,[],宅地,青葉区,市ヶ尾町471付近,古墳(後期),353,横穴墓,崖,,,,
1282-1430,1282,1430,埋蔵文化財包蔵地,青葉区NO.354,青葉区NO.354,青葉区NO.354,美しが丘西二丁目43付近,包含地,宅地,丘陵上・斜面,70×60,縄文(中期),354,139.53644501,35.588689915,JsonThemeAroundPoint:x/y,139.53650183387,35.5886495475556,18222.3788095194,1,12,1282-1430,0,埋蔵文化財包蔵地,5,139.53644501,35.588689915,青葉区NO.354,青葉区,青葉区NO.354,埋蔵文化財包蔵地,,[],宅地,青葉区,美しが丘西二丁目43付近,縄文(中期),354,包含地,丘陵上・斜面,70×60,,,
2340-1430,2340,1430,埋蔵文化財包蔵地,青葉区NO.355,青葉区NO.355,青葉区NO.355,藤が丘一丁目7付近,横穴墓,宅地,台地斜面,,古墳,358,139.5335654,35.5450191,JsonThemeAroundPoint:x/y,139.533564040408,35.5450175906971,14407.5253649596,1,12,2340-1430,0,埋蔵文化財包蔵地,5,139.5335654,35.5450191,青葉区NO.355,青葉区,青葉区NO.355,埋蔵文化財包蔵地,,[],宅地,青葉区,藤が丘一丁目7付近,古墳,358,横穴墓,台地斜面,,,,
298-1430,298,1430,埋蔵文化財包蔵地,青葉区NO.36,青葉区NO.36,青葉区NO.36,あざみ野四丁目11付近,散布地,宅地,台地上・斜面,,弥生(後期)・古墳,91,139.546266185,35.569749255,JsonThemeAroundPoint:x/y,139.546183764553,35.5697297553219,15956.5477946078,1,12,298-1430,0,埋蔵文化財包蔵地,5,139.546266185,35.569749255,青葉区NO.36,青葉区,青葉区NO.36,埋蔵文化財包蔵地,,[],宅地,青葉区,あざみ野四丁目11付近,弥生(後期)・古墳,91,散布地,台地上・斜面,,,,
297-1430,297,1430,埋蔵文化財包蔵地,青葉区NO.37,青葉区NO.37,青葉区NO.37,大場町724付近,横穴墓,荒地,谷頭部,,古墳,110,139.54027242,35.567692255,JsonThemeAroundPoint:x/y,139.540272388503,35.5677002346836,16053.8620493217,1,12,297-1430,0,埋蔵文化財包蔵地,5,139.54027242,35.567692255,青葉区NO.37,青葉区,青葉区NO.37,埋蔵文化財包蔵地,,[],荒地,青葉区,大場町724付近,古墳,110,横穴墓,谷頭部,,,,
302-1430,302,1430,埋蔵文化財包蔵地,青葉区NO.38,青葉区NO.38,青葉区NO.38,美しが丘四丁目52付近,散布地,畑地,台地上,,縄文(前・中期)・古墳・歴史,16,139.548551785,35.582408355,JsonThemeAroundPoint:x/y,139.548551758568,35.5824157972298,17076.353144959,1,12,302-1430,0,埋蔵文化財包蔵地,5,139.548551785,35.582408355,青葉区NO.38,青葉区,青葉区NO.38,埋蔵文化財包蔵地,,[],畑地,青葉区,美しが丘四丁目52付近,縄文(前・中期)・古墳・歴史,16,散布地,台地上,,,,
303-1430,303,1430,埋蔵文化財包蔵地,青葉区NO.39,青葉区NO.39,青葉区NO.39,美しが丘四丁目47付近,散布地,宅地,台地上・斜面,,縄文(早・中・後期),21,139.548275285,35.579946035,JsonThemeAroundPoint:x/y,139.548275252769,35.5799540221316,16847.6151265678,1,12,303-1430,0,埋蔵文化財包蔵地,5,139.548275285,35.579946035,青葉区NO.39,青葉区,青葉区NO.39,埋蔵文化財包蔵地,,[],宅地,青葉区,美しが丘四丁目47付近,縄文(早・中・後期),21,散布地,台地上・斜面,,,,
1278-1430,1278,1430,埋蔵文化財包蔵地,青葉区NO.4,青葉区NO.4,青葉区NO.4,美しが丘西三丁目15付近,狩猟場,宅地,丘陵上,70×50,縄文(早期)・歴史,4,139.532011405,35.58440769,JsonThemeAroundPoint:x/y,139.532068663279,35.5843500493202,18022.8885124047,1,12,1278-1430,0,埋蔵文化財包蔵地,5,139.532011405,35.58440769,青葉区NO.4,青葉区,青葉区NO.4,埋蔵文化財包蔵地,,[],宅地,青葉区,美しが丘西三丁目15付近,縄文(早期)・歴史,4,狩猟場,丘陵上,70×50,,,
1294-1430,1294,1430,埋蔵文化財包蔵地,青葉区NO.40,青葉区NO.40,青葉区NO.40,美しが丘四丁目46付近,散布地,畑地・宅地,台地上・斜面,,縄文(早期)・古墳・歴史,22,139.548950065,35.57928186,JsonThemeAroundPoint:x/y,139.548966159391,35.5794321580579,16753.4264408228,1,12,1294-1430,0,埋蔵文化財包蔵地,5,139.548950065,35.57928186,青葉区NO.40,青葉区,青葉区NO.40,埋蔵文化財包蔵地,,[],畑地・宅地,青葉区,美しが丘四丁目46付近,縄文(早期)・古墳・歴史,22,散布地,台地上・斜面,,,,
305-1430,305,1430,埋蔵文化財包蔵地,青葉区NO.41,青葉区NO.41,青葉区NO.41,美しが丘四丁目19付近,散布地,宅地,台地上・斜面,,縄文(早期),23,139.55397883,35.578635225,JsonThemeAroundPoint:x/y,139.55397880218,35.5786426677197,16475.4617036802,1,12,305-1430,0,埋蔵文化財包蔵地,5,139.55397883,35.578635225,青葉区NO.41,青葉区,青葉区NO.41,埋蔵文化財包蔵地,,[],宅地,青葉区,美しが丘四丁目19付近,縄文(早期),23,散布地,台地上・斜面,,,,
304-1430,304,1430,埋蔵文化財包蔵地,青葉区NO.42,青葉区NO.42,青葉区NO.42,美しが丘四丁目17付近,散布地,宅地,台地上,,縄文(早期),24,139.55163276,35.576958385,JsonThemeAroundPoint:x/y,139.551632735353,35.5769658301029,16410.1802155197,1,12,304-1430,0,埋蔵文化財包蔵地,5,139.55163276,35.576958385,青葉区NO.42,青葉区,青葉区NO.42,埋蔵文化財包蔵地,,[],宅地,青葉区,美しが丘四丁目17付近,縄文(早期),24,散布地,台地上,,,,
1293-1430,1293,1430,埋蔵文化財包蔵地,青葉区NO.43,青葉区NO.43,青葉区NO.43,元石川町3629付近,散布地,畑地,台地上・斜面,140×90,古墳,25,139.54887456,35.57669357,JsonThemeAroundPoint:x/y,139.548954771928,35.5766634232708,16504.8056673819,1,12,1293-1430,0,埋蔵文化財包蔵地,5,139.54887456,35.57669357,青葉区NO.43,青葉区,青葉区NO.43,埋蔵文化財包蔵地,,[],畑地,青葉区,元石川町3629付近,古墳,25,散布地,台地上・斜面,140×90,,,
2331-1430,2331,1430,埋蔵文化財包蔵地,青葉区NO.45,青葉区NO.45,青葉区NO.45,荏子田一丁目8付近,横穴墓,雑木林,,,古墳(後期),27,139.54769031,35.57664579,JsonThemeAroundPoint:x/y,139.547685019434,35.5766438359956,16552.8219069364,1,12,2331-1430,0,埋蔵文化財包蔵地,5,139.54769031,35.57664579,青葉区NO.45,青葉区,青葉区NO.45,埋蔵文化財包蔵地,,[],雑木林,青葉区,荏子田一丁目8付近,古墳(後期),27,横穴墓,,,,,
1295-1430,1295,1430,埋蔵文化財包蔵地,青葉区NO.47,青葉区NO.47,青葉区NO.47,元石川町5240付近,散布地,畑地・宅地,台地上,120×60,弥生(後期)・古墳,29,139.546609435,35.57726637,JsonThemeAroundPoint:x/y,139.546618320912,35.577258324435,16661.261236379,1,12,1295-1430,0,埋蔵文化財包蔵地,5,139.546609435,35.57726637,青葉区NO.47,青葉区,青葉区NO.47,埋蔵文化財包蔵地,,[],畑地・宅地,青葉区,元石川町5240付近,弥生(後期)・古墳,29,散布地,台地上,120×60,,,
1292-1430,1292,1430,埋蔵文化財包蔵地,青葉区NO.48,青葉区NO.48,青葉区NO.48,元石川町3779付近,散布地,畑地,台地斜面,100×60,古墳,35,139.54684961,35.574639475,JsonThemeAroundPoint:x/y,139.54684106806,35.5745768235882,16397.1638936533,1,12,1292-1430,0,埋蔵文化財包蔵地,5,139.54684961,35.574639475,青葉区NO.48,青葉区,青葉区NO.48,埋蔵文化財包蔵地,,[],畑地,青葉区,元石川町3779付近,古墳,35,散布地,台地斜面,100×60,,,
1277-1430,1277,1430,埋蔵文化財包蔵地,青葉区NO.5,青葉区NO.5,青葉区NO.5,美しが丘西二丁目54付近,散布地,宅地,丘陵上・斜面,100×60,古墳,5,139.533421895,35.583893955,JsonThemeAroundPoint:x/y,139.533404484167,35.5838721946719,17906.6891788841,1,12,1277-1430,0,埋蔵文化財包蔵地,5,139.533421895,35.583893955,青葉区NO.5,青葉区,青葉区NO.5,埋蔵文化財包蔵地,,[],宅地,青葉区,美しが丘西二丁目54付近,古墳,5,散布地,丘陵上・斜面,100×60,,,
306-1430,306,1430,埋蔵文化財包蔵地,青葉区NO.50,青葉区NO.50,青葉区NO.50,美しが丘四丁目14付近,散布地,宅地,台地上,,縄文(早期)・弥生,37,139.552877685,35.575142225,JsonThemeAroundPoint:x/y,139.552877658595,35.5751496699638,16178.7960615498,1,12,306-1430,0,埋蔵文化財包蔵地,5,139.552877685,35.575142225,青葉区NO.50,青葉区,青葉区NO.50,埋蔵文化財包蔵地,,[],宅地,青葉区,美しが丘四丁目14付近,縄文(早期)・弥生,37,散布地,台地上,,,,
307-1430,307,1430,埋蔵文化財包蔵地,青葉区NO.51,青葉区NO.51,青葉区NO.51,美しが丘四丁目16付近,散布地,宅地,台地上,,縄文(後期),38,139.554041335,35.575243635,JsonThemeAroundPoint:x/y,139.554041305981,35.5752515819199,16138.8824157382,1,12,307-1430,0,埋蔵文化財包蔵地,5,139.554041335,35.575243635,青葉区NO.51,青葉区,青葉区NO.51,埋蔵文化財包蔵地,,[],宅地,青葉区,美しが丘四丁目16付近,縄文(後期),38,散布地,台地上,,,,
308-1430,308,1430,埋蔵文化財包蔵地,青葉区NO.52,青葉区NO.52,青葉区NO.52,あざみ野四丁目9付近,散布地,宅地,台地上・斜面,,弥生(後期)・古墳,92,139.547855735,35.56953997,JsonThemeAroundPoint:x/y,139.547855709918,35.5695474125741,15862.1933169474,1,12,308-1430,0,埋蔵文化財包蔵地,5,139.547855735,35.56953997,青葉区NO.52,青葉区,青葉区NO.52,埋蔵文化財包蔵地,,[],宅地,青葉区,あざみ野四丁目9付近,弥生(後期)・古墳,92,散布地,台地上・斜面,,,,
309-1430,309,1430,埋蔵文化財包蔵地,青葉区NO.53,青葉区NO.53,青葉区NO.53,あざみ野四丁目22付近,散布地,宅地,台地上・斜面,,縄文(早・前期),93,139.54906832,35.569770235,JsonThemeAroundPoint:x/y,139.549068293079,35.5697776780238,15828.0959731938,1,12,309-1430,0,埋蔵文化財包蔵地,5,139.54906832,35.569770235,青葉区NO.53,青葉区,青葉区NO.53,埋蔵文化財包蔵地,,[],宅地,青葉区,あざみ野四丁目22付近,縄文(早・前期),93,散布地,台地上・斜面,,,,
310-1430,310,1430,埋蔵文化財包蔵地,青葉区NO.54,青葉区NO.54,青葉区NO.54,あざみ野四丁目21付近,散布地,宅地,台地上,,縄文(中・後期),94,139.549197365,35.570593025,JsonThemeAroundPoint:x/y,139.549197337034,35.5706004639736,15901.1119061263,1,12,310-1430,0,埋蔵文化財包蔵地,5,139.549197365,35.570593025,青葉区NO.54,青葉区,青葉区NO.54,埋蔵文化財包蔵地,,[],宅地,青葉区,あざみ野四丁目21付近,縄文(中・後期),94,散布地,台地上,,,,
311-1430,311,1430,埋蔵文化財包蔵地,青葉区NO.55,青葉区NO.55,青葉区NO.55,あざみ野四丁目24付近,散布地,宅地,台地上,,縄文(前・中期),95,139.55080387,35.5700745,JsonThemeAroundPoint:x/y,139.550803843861,35.5700819420253,15778.1294730424,1,12,311-1430,0,埋蔵文化財包蔵地,5,139.55080387,35.5700745,青葉区NO.55,青葉区,青葉区NO.55,埋蔵文化財包蔵地,,[],宅地,青葉区,あざみ野四丁目24付近,縄文(前・中期),95,散布地,台地上,,,,
312-1430,312,1430,埋蔵文化財包蔵地,青葉区NO.56,青葉区NO.56,青葉区NO.56,あざみ野四丁目35付近,散布地,宅地,台地上,,古墳・歴史,96,139.550790645,35.571689095,JsonThemeAroundPoint:x/y,139.550790621837,35.5716965352197,15934.5878602866,1,12,312-1430,0,埋蔵文化財包蔵地,5,139.550790645,35.571689095,青葉区NO.56,青葉区,青葉区NO.56,埋蔵文化財包蔵地,,[],宅地,青葉区,あざみ野四丁目35付近,古墳・歴史,96,散布地,台地上,,,,
313-1430,313,1430,埋蔵文化財包蔵地,青葉区NO.57,青葉区NO.57,青葉区NO.57,美しが丘五丁目25付近,散布地,宅地,台地先端部,,縄文(後期),97,139.554814375,35.572144315,JsonThemeAroundPoint:x/y,139.554814344893,35.5721527238588,15801.951168255,1,12,313-1430,0,埋蔵文化財包蔵地,5,139.554814375,35.572144315,青葉区NO.57,青葉区,青葉区NO.57,埋蔵文化財包蔵地,,[],宅地,青葉区,美しが丘五丁目25付近,縄文(後期),97,散布地,台地先端部,,,,
314-1430,314,1430,埋蔵文化財包蔵地,青葉区NO.58,青葉区NO.58,青葉区NO.58,美しが丘五丁目11付近,散布地,宅地,台地上,,縄文(早期)・弥生,98,139.55655368,35.571697915,JsonThemeAroundPoint:x/y,139.556553655906,35.5717058000887,15683.7147594652,1,12,314-1430,0,埋蔵文化財包蔵地,5,139.55655368,35.571697915,青葉区NO.58,青葉区,青葉区NO.58,埋蔵文化財包蔵地,,[],宅地,青葉区,美しが丘五丁目11付近,縄文(早期)・弥生,98,散布地,台地上,,,,
1290-1430,1290,1430,埋蔵文化財包蔵地,青葉区NO.59,青葉区NO.59,青葉区NO.59,新石川四丁目7付近,散布地,鉄塔・宅地,台地斜面,,縄文(中期)・弥生(後期),99,139.56968307,35.572001505,JsonThemeAroundPoint:x/y,139.569660435476,35.5719703056026,15192.7521962798,1,12,1290-1430,0,埋蔵文化財包蔵地,5,139.56968307,35.572001505,青葉区NO.59,青葉区,青葉区NO.59,埋蔵文化財包蔵地,,[],鉄塔・宅地,青葉区,新石川四丁目7付近,縄文(中期)・弥生(後期),99,散布地,台地斜面,,,,
1283-1430,1283,1430,埋蔵文化財包蔵地,青葉区NO.6,青葉区NO.6,青葉区NO.6,美しが丘西二丁目45付近,散布地,宅地,丘陵上・斜面,100×50,縄文・弥生,8,139.536275885,35.58750886,JsonThemeAroundPoint:x/y,139.536336516968,35.587440662393,18116.7832863792,1,12,1283-1430,0,埋蔵文化財包蔵地,5,139.536275885,35.58750886,青葉区NO.6,青葉区,青葉区NO.6,埋蔵文化財包蔵地,,[],宅地,青葉区,美しが丘西二丁目45付近,縄文・弥生,8,散布地,丘陵上・斜面,100×50,,,
315-1430,315,1430,埋蔵文化財包蔵地,青葉区NO.60,青葉区NO.60,青葉区NO.60,新石川二丁目9付近,散布地,宅地,台地上,,縄文(早・前期)・弥生(後期)・古墳,100,139.56206582,35.571126385,JsonThemeAroundPoint:x/y,139.562065791088,35.5711339388144,15398.6802594323,1,12,315-1430,0,埋蔵文化財包蔵地,5,139.56206582,35.571126385,青葉区NO.60,青葉区,青葉区NO.60,埋蔵文化財包蔵地,,[],宅地,青葉区,新石川二丁目9付近,縄文(早・前期)・弥生(後期)・古墳,100,散布地,台地上,,,,
316-1430,316,1430,埋蔵文化財包蔵地,青葉区NO.61,青葉区NO.61,青葉区NO.61,新石川二丁目12付近,散布地,宅地,台地上,,縄文(中期)・弥生(後期),101,139.5598185,35.57026886,JsonThemeAroundPoint:x/y,139.559818472478,35.5702767797497,15405.6320727179,1,12,316-1430,0,埋蔵文化財包蔵地,5,139.5598185,35.57026886,青葉区NO.61,青葉区,青葉区NO.61,埋蔵文化財包蔵地,,[],宅地,青葉区,新石川二丁目12付近,縄文(中期)・弥生(後期),101,散布地,台地上,,,,
317-1430,317,1430,埋蔵文化財包蔵地,青葉区NO.62,青葉区NO.62,青葉区NO.62,新石川二丁目12付近,散布地・包含地,宅地,台地上,,縄文(早・前・後期),102,139.56080911,35.57026621,JsonThemeAroundPoint:x/y,139.560809083692,35.5702743850602,15364.4187115851,1,12,317-1430,0,埋蔵文化財包蔵地,5,139.56080911,35.57026621,青葉区NO.62,青葉区,青葉区NO.62,埋蔵文化財包蔵地,,[],宅地,青葉区,新石川二丁目12付近,縄文(早・前・後期),102,散布地・包含地,台地上,,,,
1291-1430,1291,1430,埋蔵文化財包蔵地,青葉区NO.63,青葉区NO.63,青葉区NO.63,新石川二丁目11付近,散布地,畑地・宅地,丘陵斜面,120×90,縄文・古墳,103,139.56181555,35.56938459,JsonThemeAroundPoint:x/y,139.561766887894,35.5693495169203,15235.6745313662,1,12,1291-1430,0,埋蔵文化財包蔵地,5,139.56181555,35.56938459,青葉区NO.63,青葉区,青葉区NO.63,埋蔵文化財包蔵地,,[],畑地・宅地,青葉区,新石川二丁目11付近,縄文・古墳,103,散布地,丘陵斜面,120×90,,,
318-1430,318,1430,埋蔵文化財包蔵地,青葉区NO.64,青葉区NO.64,青葉区NO.64,新石川二丁目12付近,散布地,宅地,台地上,,縄文(早・前期)・弥生(後期)・古墳,104,139.560158495,35.568991975,JsonThemeAroundPoint:x/y,139.560158471048,35.5689998705642,15265.312655264,1,12,318-1430,0,埋蔵文化財包蔵地,5,139.560158495,35.568991975,青葉区NO.64,青葉区,青葉区NO.64,埋蔵文化財包蔵地,,[],宅地,青葉区,新石川二丁目12付近,縄文(早・前期)・弥生(後期)・古墳,104,散布地,台地上,,,,
319-1430,319,1430,埋蔵文化財包蔵地,青葉区NO.65,青葉区NO.65,青葉区NO.65,新石川二丁目24付近,散布地,宅地,丘陵縁辺部,,弥生(後期),105,139.561002665,35.568337875,JsonThemeAroundPoint:x/y,139.561002643256,35.5683454275547,15165.5248142846,1,12,319-1430,0,埋蔵文化財包蔵地,5,139.561002665,35.568337875,青葉区NO.65,青葉区,青葉区NO.65,埋蔵文化財包蔵地,,[],宅地,青葉区,新石川二丁目24付近,弥生(後期),105,散布地,丘陵縁辺部,,,,
320-1430,320,1430,埋蔵文化財包蔵地,青葉区NO.66,青葉区NO.66,青葉区NO.66,新石川二丁目23付近,散布地,宅地,丘陵縁辺部,,弥生・古墳・歴史,106,139.561947735,35.56831116,JsonThemeAroundPoint:x/y,139.561947707087,35.5683191143947,15123.7872797088,1,12,320-1430,0,埋蔵文化財包蔵地,5,139.561947735,35.56831116,青葉区NO.66,青葉区,青葉区NO.66,埋蔵文化財包蔵地,,[],宅地,青葉区,新石川二丁目23付近,弥生・古墳・歴史,106,散布地,丘陵縁辺部,,,,
321-1430,321,1430,埋蔵文化財包蔵地,青葉区NO.67,青葉区NO.67,青葉区NO.67,新石川二丁目25付近,散布地,宅地,台地上,,縄文(中期)・弥生(後期)・古墳・歴史,107,139.562472675,35.567371565,JsonThemeAroundPoint:x/y,139.562472647286,35.5673793217182,15009.0589251721,1,12,321-1430,0,埋蔵文化財包蔵地,5,139.562472675,35.567371565,青葉区NO.67,青葉区,青葉区NO.67,埋蔵文化財包蔵地,,[],宅地,青葉区,新石川二丁目25付近,縄文(中期)・弥生(後期)・古墳・歴史,107,散布地,台地上,,,,
1296-1430,1296,1430,埋蔵文化財包蔵地,青葉区NO.68,青葉区NO.68,青葉区NO.68,奈良町2422付近,散布地,畑地・荒地,台地上,150×100,縄文(中期)・古墳・歴史,39,139.479194395,35.56811198,JsonThemeAroundPoint:x/y,139.479111482661,35.5680967889115,19682.9453443341,1,12,1296-1430,0,埋蔵文化財包蔵地,5,139.479194395,35.56811198,青葉区NO.68,青葉区,青葉区NO.68,埋蔵文化財包蔵地,,[],畑地・荒地,青葉区,奈良町2422付近,縄文(中期)・古墳・歴史,39,散布地,台地上,150×100,,,
322-1430,322,1430,埋蔵文化財包蔵地,青葉区NO.69,青葉区NO.69,青葉区NO.69,緑山2409付近,散布地,荒地,台地上,,縄文(早期),40,139.48243118,35.56740032,JsonThemeAroundPoint:x/y,139.482431141486,35.5674083827962,19415.2166862398,1,12,322-1430,0,埋蔵文化財包蔵地,5,139.48243118,35.56740032,青葉区NO.69,青葉区,青葉区NO.69,埋蔵文化財包蔵地,,[],荒地,青葉区,緑山2409付近,縄文(早期),40,散布地,台地上,,,,
1284-1430,1284,1430,埋蔵文化財包蔵地,青葉区NO.7,青葉区NO.7,青葉区NO.7,美しが丘西二丁目47付近,散布地,宅地,丘陵上,60×40,縄文(早・前期),9,139.53675436,35.586577475,JsonThemeAroundPoint:x/y,139.536784331306,35.5865344842667,18005.5078545777,1,12,1284-1430,0,埋蔵文化財包蔵地,5,139.53675436,35.586577475,青葉区NO.7,青葉区,青葉区NO.7,埋蔵文化財包蔵地,,[],宅地,青葉区,美しが丘西二丁目47付近,縄文(早・前期),9,散布地,丘陵上,60×40,,,
323-1430,323,1430,埋蔵文化財包蔵地,青葉区NO.70,青葉区NO.70,青葉区NO.70,緑山2139付近,散布地,荒地,台地上,,縄文(早期),41,139.485076285,35.56737901,JsonThemeAroundPoint:x/y,139.485076251924,35.5673871503912,19240.4833534834,1,12,323-1430,0,埋蔵文化財包蔵地,5,139.485076285,35.56737901,青葉区NO.70,青葉区,青葉区NO.70,埋蔵文化財包蔵地,,[],荒地,青葉区,緑山2139付近,縄文(早期),41,散布地,台地上,,,,
324-1430,324,1430,埋蔵文化財包蔵地,青葉区NO.71,青葉区NO.71,青葉区NO.71,緑山2097付近,散布地,荒地,台地上,,縄文(早期)・古墳,42,139.48786729,35.5659212,JsonThemeAroundPoint:x/y,139.487867258455,35.5659289208017,18945.989788979,1,12,324-1430,0,埋蔵文化財包蔵地,5,139.48786729,35.5659212,青葉区NO.71,青葉区,青葉区NO.71,埋蔵文化財包蔵地,,[],荒地,青葉区,緑山2097付近,縄文(早期)・古墳,42,散布地,台地上,,,,
1297-1430,1297,1430,埋蔵文化財包蔵地,青葉区NO.72,青葉区NO.72,青葉区NO.72,奈良町2624付近,墓地,雑木林,丘陵斜面,,中世,43,139.477461985,35.563597035,JsonThemeAroundPoint:x/y,139.477477095203,35.5635188627479,19460.0879388314,1,12,1297-1430,0,埋蔵文化財包蔵地,5,139.477461985,35.563597035,青葉区NO.72,青葉区,青葉区NO.72,埋蔵文化財包蔵地,,[],雑木林,青葉区,奈良町2624付近,中世,43,墓地,丘陵斜面,,,,
1298-1430,1298,1430,埋蔵文化財包蔵地,青葉区NO.73,青葉区NO.73,青葉区NO.73,奈良町2779付近,散布地,畑地,台地斜面,110×50,縄文(中・後期),44,139.47683984,35.561532145,JsonThemeAroundPoint:x/y,139.476859427039,35.5615632682013,19350.4525054526,1,12,1298-1430,0,埋蔵文化財包蔵地,5,139.47683984,35.561532145,青葉区NO.73,青葉区,青葉区NO.73,埋蔵文化財包蔵地,,[],畑地,青葉区,奈良町2779付近,縄文(中・後期),44,散布地,台地斜面,110×50,,,
325-1430,325,1430,埋蔵文化財包蔵地,青葉区NO.74,青葉区NO.74,青葉区NO.74,奈良町1566付近,散布地,宅地,下位段丘上,,縄文(中期)・古墳,45,139.48148125,35.56173773,JsonThemeAroundPoint:x/y,139.481481214724,35.561745938808,19050.7546647933,1,12,325-1430,0,埋蔵文化財包蔵地,5,139.48148125,35.56173773,青葉区NO.74,青葉区,青葉区NO.74,埋蔵文化財包蔵地,,[],宅地,青葉区,奈良町1566付近,縄文(中期)・古墳,45,散布地,下位段丘上,,,,
1299-1430,1299,1430,埋蔵文化財包蔵地,青葉区NO.75,青葉区NO.75,青葉区NO.75,奈良町2066付近,散布地,山林・崖,丘陵上・斜面,60×60,縄文,46,139.487736275,35.56204733,JsonThemeAroundPoint:x/y,139.487780994744,35.5619991329807,18656.7771420414,1,12,1299-1430,0,埋蔵文化財包蔵地,5,139.487736275,35.56204733,青葉区NO.75,青葉区,青葉区NO.75,埋蔵文化財包蔵地,,[],山林・崖,青葉区,奈良町2066付近,縄文,46,散布地,丘陵上・斜面,60×60,,,
326-1430,326,1430,埋蔵文化財包蔵地,青葉区NO.76,青葉区NO.76,青葉区NO.76,奈良町1586付近,散布地,宅地,台地上,,(不明),47,139.481426535,35.559104805,JsonThemeAroundPoint:x/y,139.481426500442,35.5591128846443,18859.8283244732,1,12,326-1430,0,埋蔵文化財包蔵地,5,139.481426535,35.559104805,青葉区NO.76,青葉区,青葉区NO.76,埋蔵文化財包蔵地,,[],宅地,青葉区,奈良町1586付近,(不明),47,散布地,台地上,,,,
1300-1430,1300,1430,埋蔵文化財包蔵地,青葉区NO.77,青葉区NO.77,青葉区NO.77,奈良四丁目1付近,散布地,荒地,丘陵上,40×40,弥生・古墳,48,139.48314381,35.555686295,JsonThemeAroundPoint:x/y,139.483110083152,35.5556691002482,18492.7971299175,1,12,1300-1430,0,埋蔵文化財包蔵地,5,139.48314381,35.555686295,青葉区NO.77,青葉区,青葉区NO.77,埋蔵文化財包蔵地,,[],荒地,青葉区,奈良四丁目1付近,弥生・古墳,48,散布地,丘陵上,40×40,,,
1301-1430,1301,1430,埋蔵文化財包蔵地,青葉区NO.78,青葉区NO.78,青葉区NO.78,奈良五丁目13付近,集落跡,宅地,丘陵斜面,40×30,縄文(早・中期)・古墳・歴史,49,139.48674358,35.55655252,JsonThemeAroundPoint:x/y,139.486744882126,35.5565525220792,18310.7415754257,1,12,1301-1430,0,埋蔵文化財包蔵地,5,139.48674358,35.55655252,青葉区NO.78,青葉区,青葉区NO.78,埋蔵文化財包蔵地,,[],宅地,青葉区,奈良五丁目13付近,縄文(早・中期)・古墳・歴史,49,集落跡,丘陵斜面,40×30,,,
1312-1430,1312,1430,埋蔵文化財包蔵地,青葉区NO.79,青葉区NO.79,青葉区NO.79,奈良町455付近,散布地,雑木林,台地上,80×50,縄文(前期),50,139.494451415,35.55746598,JsonThemeAroundPoint:x/y,139.494483723494,35.557488148785,17864.3448280537,1,12,1312-1430,0,埋蔵文化財包蔵地,5,139.494451415,35.55746598,青葉区NO.79,青葉区,青葉区NO.79,埋蔵文化財包蔵地,,[],雑木林,青葉区,奈良町455付近,縄文(前期),50,散布地,台地上,80×50,,,
1285-1430,1285,1430,埋蔵文化財包蔵地,青葉区NO.8,青葉区NO.8,青葉区NO.8,美しが丘西一丁目12付近,集落跡,宅地,台地上,70×50,縄文(早・前・中期)・平安・中近世,6,139.54102753,35.588368245,JsonThemeAroundPoint:x/y,139.541111367387,35.5883148961635,17985.4560920321,1,12,1285-1430,0,埋蔵文化財包蔵地,5,139.54102753,35.588368245,青葉区NO.8,青葉区,青葉区NO.8,埋蔵文化財包蔵地,,[],宅地,青葉区,美しが丘西一丁目12付近,縄文(早・前・中期)・平安・中近世,6,集落跡,台地上,70×50,,,
1311-1430,1311,1430,埋蔵文化財包蔵地,青葉区NO.80,青葉区NO.80,青葉区NO.80,奈良町516付近,散布地,雑木林,台地上,70×30,弥生(後期)・古墳,51,139.49669587,35.556814505,JsonThemeAroundPoint:x/y,139.496600954091,35.5568457529194,17666.9243523174,1,12,1311-1430,0,埋蔵文化財包蔵地,5,139.49669587,35.556814505,青葉区NO.80,青葉区,青葉区NO.80,埋蔵文化財包蔵地,,[],雑木林,青葉区,奈良町516付近,弥生(後期)・古墳,51,散布地,台地上,70×30,,,
327-1430,327,1430,埋蔵文化財包蔵地,青葉区NO.81,青葉区NO.81,青葉区NO.81,鴨志田町500付近,散布地,宅地,台地上,,古墳,68,139.507449625,35.56264743,JsonThemeAroundPoint:x/y,139.507449595308,35.562654995763,17447.0693337443,1,12,327-1430,0,埋蔵文化財包蔵地,5,139.507449625,35.56264743,青葉区NO.81,青葉区,青葉区NO.81,埋蔵文化財包蔵地,,[],宅地,青葉区,鴨志田町500付近,古墳,68,散布地,台地上,,,,
1302-1430,1302,1430,埋蔵文化財包蔵地,青葉区NO.82,青葉区NO.82,青葉区NO.82,奈良四丁目1付近,包含地,宅地,丘陵上,10×10,縄文(早期),180,139.486798425,35.55560763,JsonThemeAroundPoint:x/y,139.486797663018,35.5556195956579,18237.3455761126,1,12,1302-1430,0,埋蔵文化財包蔵地,5,139.486798425,35.55560763,青葉区NO.82,青葉区,青葉区NO.82,埋蔵文化財包蔵地,,[],宅地,青葉区,奈良四丁目1付近,縄文(早期),180,包含地,丘陵上,10×10,,,
1303-1430,1303,1430,埋蔵文化財包蔵地,青葉区NO.83,青葉区NO.83,青葉区NO.83,奈良四丁目1付近,包含地,宅地,谷,50×20,平安,181,139.4860256,35.55518721,JsonThemeAroundPoint:x/y,139.486038480826,35.5551816896945,18259.1357809921,1,12,1303-1430,0,埋蔵文化財包蔵地,5,139.4860256,35.55518721,青葉区NO.83,青葉区,青葉区NO.83,埋蔵文化財包蔵地,,[],宅地,青葉区,奈良四丁目1付近,平安,181,包含地,谷,50×20,,,
1304-1430,1304,1430,埋蔵文化財包蔵地,青葉区NO.84,青葉区NO.84,青葉区NO.84,奈良五丁目3付近,集落跡,宅地,丘陵斜面,40×30,縄文(前期)・古墳・平安,182,139.48679993,35.55460918,JsonThemeAroundPoint:x/y,139.486812820581,35.5545879871545,18163.9820790443,1,12,1304-1430,0,埋蔵文化財包蔵地,5,139.48679993,35.55460918,青葉区NO.84,青葉区,青葉区NO.84,埋蔵文化財包蔵地,,[],宅地,青葉区,奈良五丁目3付近,縄文(前期)・古墳・平安,182,集落跡,丘陵斜面,40×30,,,
1305-1430,1305,1430,埋蔵文化財包蔵地,青葉区NO.85,青葉区NO.85,青葉区NO.85,奈良五丁目6付近,集落跡,宅地,丘陵斜面,60×50,縄文(早・前・中・後期)・古墳・平安・歴史,183,139.48775459,35.554674115,JsonThemeAroundPoint:x/y,139.487800328294,35.5546506391066,18103.6814711011,1,12,1305-1430,0,埋蔵文化財包蔵地,5,139.48775459,35.554674115,青葉区NO.85,青葉区,青葉区NO.85,埋蔵文化財包蔵地,,[],宅地,青葉区,奈良五丁目6付近,縄文(早・前・中・後期)・古墳・平安・歴史,183,集落跡,丘陵斜面,60×50,,,
1306-1430,1306,1430,埋蔵文化財包蔵地,青葉区NO.86,青葉区NO.86,青葉区NO.86,奈良五丁目7付近,集落跡,宅地,丘陵上・斜面,80×30,縄文・古墳(後期),184,139.48913734,35.55462434,JsonThemeAroundPoint:x/y,139.489106757496,35.5545749189666,18006.1012193397,1,12,1306-1430,0,埋蔵文化財包蔵地,5,139.48913734,35.55462434,青葉区NO.86,青葉区,青葉区NO.86,埋蔵文化財包蔵地,,[],宅地,青葉区,奈良五丁目7付近,縄文・古墳(後期),184,集落跡,丘陵上・斜面,80×30,,,
1307-1430,1307,1430,埋蔵文化財包蔵地,青葉区NO.87,青葉区NO.87,青葉区NO.87,奈良町889付近,散布地,雑木林,台地上,60×50,縄文(早・前期),185,139.491442035,35.555252635,JsonThemeAroundPoint:x/y,139.49139457364,35.5552456662958,17897.2808983058,1,12,1307-1430,0,埋蔵文化財包蔵地,5,139.491442035,35.555252635,青葉区NO.87,青葉区,青葉区NO.87,埋蔵文化財包蔵地,,[],雑木林,青葉区,奈良町889付近,縄文(早・前期),185,散布地,台地上,60×50,,,
1309-1430,1309,1430,埋蔵文化財包蔵地,青葉区NO.88,青葉区NO.88,青葉区NO.88,奈良町758付近,散布地,雑木林,台地上,60×30,縄文(前・中期)・古墳,186,139.49296781,35.554906295,JsonThemeAroundPoint:x/y,139.492926179491,35.5549335187952,17769.0763800907,1,12,1309-1430,0,埋蔵文化財包蔵地,5,139.49296781,35.554906295,青葉区NO.88,青葉区,青葉区NO.88,埋蔵文化財包蔵地,,[],雑木林,青葉区,奈良町758付近,縄文(前・中期)・古墳,186,散布地,台地上,60×30,,,
1308-1430,1308,1430,埋蔵文化財包蔵地,青葉区NO.89,青葉区NO.89,青葉区NO.89,奈良町754付近,散布地,雑木林,台地上,100×40,縄文(前・中期),187,139.49412415,35.555469955,JsonThemeAroundPoint:x/y,139.49415192278,35.5554555511931,17734.3624640159,1,12,1308-1430,0,埋蔵文化財包蔵地,5,139.49412415,35.555469955,青葉区NO.89,青葉区,青葉区NO.89,埋蔵文化財包蔵地,,[],雑木林,青葉区,奈良町754付近,縄文(前・中期),187,散布地,台地上,100×40,,,
1286-1430,1286,1430,埋蔵文化財包蔵地,青葉区NO.9,青葉区NO.9,青葉区NO.9,美しが丘西一丁目12付近,集落跡,宅地,丘陵上,50×30,縄文(早期)・江戸,7,139.543026035,35.5882686,JsonThemeAroundPoint:x/y,139.543039639854,35.5882282592701,17888.1564589227,1,12,1286-1430,0,埋蔵文化財包蔵地,5,139.543026035,35.5882686,青葉区NO.9,青葉区,青葉区NO.9,埋蔵文化財包蔵地,,[],宅地,青葉区,美しが丘西一丁目12付近,縄文(早期)・江戸,7,集落跡,丘陵上,50×30,,,
1310-1430,1310,1430,埋蔵文化財包蔵地,青葉区NO.90,青葉区NO.90,青葉区NO.90,奈良町852付近,散布地,雑木林,台地上,70×50,古墳,188,139.493372415,35.5537891,JsonThemeAroundPoint:x/y,139.493339677865,35.5538064248079,17658.3195219897,1,12,1310-1430,0,埋蔵文化財包蔵地,5,139.493372415,35.5537891,青葉区NO.90,青葉区,青葉区NO.90,埋蔵文化財包蔵地,,[],雑木林,青葉区,奈良町852付近,古墳,188,散布地,台地上,70×50,,,
328-1430,328,1430,埋蔵文化財包蔵地,青葉区NO.91,青葉区NO.91,青葉区NO.91,すみよし台36付近,包含地,宅地,台地上・斜面,80×40,古墳,189,139.498065435,35.553712135,JsonThemeAroundPoint:x/y,139.498065397199,35.5537203563588,17339.6713260246,1,12,328-1430,0,埋蔵文化財包蔵地,5,139.498065435,35.553712135,青葉区NO.91,青葉区,青葉区NO.91,埋蔵文化財包蔵地,,[],宅地,青葉区,すみよし台36付近,古墳,189,包含地,台地上・斜面,80×40,,,
1314-1430,1314,1430,埋蔵文化財包蔵地,青葉区NO.93,青葉区NO.93,青葉区NO.93,奈良四丁目6付近,古墳,雑木林,台地上,,古墳,191,139.485295365,35.54910069,JsonThemeAroundPoint:x/y,139.485243128677,35.5491074093839,17872.0520258408,1,12,1314-1430,0,埋蔵文化財包蔵地,5,139.485295365,35.54910069,青葉区NO.93,青葉区,青葉区NO.93,埋蔵文化財包蔵地,,[],雑木林,青葉区,奈良四丁目6付近,古墳,191,古墳,台地上,,,,
1315-1430,1315,1430,埋蔵文化財包蔵地,青葉区NO.94,青葉区NO.94,青葉区NO.94,奈良四丁目6付近,塚,雑木林,台地上,,近世,192,139.485522395,35.5466359,JsonThemeAroundPoint:x/y,139.485510133412,35.5466245024314,17683.3400086765,1,12,1315-1430,0,埋蔵文化財包蔵地,5,139.485522395,35.5466359,青葉区NO.94,青葉区,青葉区NO.94,埋蔵文化財包蔵地,,[],雑木林,青葉区,奈良四丁目6付近,近世,192,塚,台地上,,,,
1316-1430,1316,1430,埋蔵文化財包蔵地,青葉区NO.96,青葉区NO.96,青葉区NO.96,奈良三丁目14付近,塚？,宅地,丘陵上,,近世？,194,139.487319875,35.547139065,JsonThemeAroundPoint:x/y,139.487320423641,35.5471390656204,17591.8706915488,1,12,1316-1430,0,埋蔵文化財包蔵地,5,139.487319875,35.547139065,青葉区NO.96,青葉区,青葉区NO.96,埋蔵文化財包蔵地,,[],宅地,青葉区,奈良三丁目14付近,近世？,194,塚？,丘陵上,,,,
1317-1430,1317,1430,埋蔵文化財包蔵地,青葉区NO.97,青葉区NO.97,青葉区NO.97,奈良三丁目14付近,集落跡,宅地,丘陵上・斜面,90×70,縄文・古墳(後期)・平安,195,139.48859098,35.54706912,JsonThemeAroundPoint:x/y,139.488765793735,35.5470603359784,17497.8084581521,1,12,1317-1430,0,埋蔵文化財包蔵地,5,139.48859098,35.54706912,青葉区NO.97,青葉区,青葉区NO.97,埋蔵文化財包蔵地,,[],宅地,青葉区,奈良三丁目14付近,縄文・古墳(後期)・平安,195,集落跡,丘陵上・斜面,90×70,,,
1313-1430,1313,1430,埋蔵文化財包蔵地,青葉区NO.98,青葉区NO.98,青葉区NO.98,奈良二丁目36付近,集落跡,宅地,台地上・斜面,360×200,先土器・縄文(早・中期)・弥生(後期)・古墳・奈良・平安・近世,196,139.49105054,35.54952486,JsonThemeAroundPoint:x/y,139.491148336101,35.5497842303331,17502.6237986694,1,12,1313-1430,0,埋蔵文化財包蔵地,5,139.49105054,35.54952486,青葉区NO.98,青葉区,青葉区NO.98,埋蔵文化財包蔵地,,[],宅地,青葉区,奈良二丁目36付近,先土器・縄文(早・中期)・弥生(後期)・古墳・奈良・平安・近世,196,集落跡,台地上・斜面,360×200,,,
2335-1430,2335,1430,埋蔵文化財包蔵地,青葉区NO.99,青葉区NO.99,青葉区NO.99,奈良二丁目23付近,横穴墓・窯跡,宅地,崖,,古墳(後期),197,139.49100605,35.546667515,JsonThemeAroundPoint:x/y,139.491000450054,35.5466609467995,17300.6703969856,1,12,2335-1430,0,埋蔵文化財包蔵地,5,139.49100605,35.546667515,青葉区NO.99,青葉区,青葉区NO.99,埋蔵文化財包蔵地,,[],宅地,青葉区,奈良二丁目23付近,古墳(後期),197,横穴墓・窯跡,崖,,,,
2360-1430,2360,1430,埋蔵文化財包蔵地,鶴見区NO.1,鶴見区NO.1,鶴見区NO.1,駒岡四丁目41-1付近,横穴墓,駐車場・宅地,台地先端部・斜面,,古墳,1,139.657896425,35.533249635,JsonThemeAroundPoint:x/y,139.657894288236,35.533244530801,9745.5627038618,1,12,2360-1430,0,埋蔵文化財包蔵地,5,139.657896425,35.533249635,鶴見区NO.1,鶴見区,鶴見区NO.1,埋蔵文化財包蔵地,,[],駐車場・宅地,鶴見区,駒岡四丁目41-1付近,古墳,1,横穴墓,台地先端部・斜面,,,,
440-1430,440,1430,埋蔵文化財包蔵地,鶴見区NO.10,鶴見区NO.10,鶴見区NO.10,駒岡四丁目32-2付近,散布地,宅地,台地上,,(不明),4,139.656879055,35.53019799,JsonThemeAroundPoint:x/y,139.656879042824,35.5302054285801,9394.85852015815,1,12,440-1430,0,埋蔵文化財包蔵地,5,139.656879055,35.53019799,鶴見区NO.10,鶴見区,鶴見区NO.10,埋蔵文化財包蔵地,,[],宅地,鶴見区,駒岡四丁目32-2付近,(不明),4,散布地,台地上,,,,
463-1430,463,1430,埋蔵文化財包蔵地,鶴見区NO.100,鶴見区NO.100,鶴見区NO.100,東寺尾六丁目19付近,貝塚,宅地,台地上,,縄文(早・後期),92,139.664347765,35.503744445,JsonThemeAroundPoint:x/y,139.664347749324,35.5037518878374,6736.66800768564,1,12,463-1430,0,埋蔵文化財包蔵地,5,139.664347765,35.503744445,鶴見区NO.100,鶴見区,鶴見区NO.100,埋蔵文化財包蔵地,,[],宅地,鶴見区,東寺尾六丁目19付近,縄文(早・後期),92,貝塚,台地上,,,,
1606-1430,1606,1430,埋蔵文化財包蔵地,鶴見区NO.101,鶴見区NO.101,鶴見区NO.101,東寺尾一丁目31付近,散布地,駐車場・畑地,台地斜面,120×60,縄文(前期),96,139.65440472,35.49836703,JsonThemeAroundPoint:x/y,139.654402221717,35.4983095877203,5889.17413516166,1,12,1606-1430,0,埋蔵文化財包蔵地,5,139.65440472,35.49836703,鶴見区NO.101,鶴見区,鶴見区NO.101,埋蔵文化財包蔵地,,[],駐車場・畑地,鶴見区,東寺尾一丁目31付近,縄文(前期),96,散布地,台地斜面,120×60,,,
1607-1430,1607,1430,埋蔵文化財包蔵地,鶴見区NO.102,鶴見区NO.102,鶴見区NO.102,東寺尾一丁目30付近,散布地,宅地・雑木林,台地上・斜面,170×110,縄文・弥生,97,139.655493885,35.498617155,JsonThemeAroundPoint:x/y,139.655324071837,35.4985355016051,5942.0207913472,1,12,1607-1430,0,埋蔵文化財包蔵地,5,139.655493885,35.498617155,鶴見区NO.102,鶴見区,鶴見区NO.102,埋蔵文化財包蔵地,,[],宅地・雑木林,鶴見区,東寺尾一丁目30付近,縄文・弥生,97,散布地,台地上・斜面,170×110,,,
1608-1430,1608,1430,埋蔵文化財包蔵地,鶴見区NO.103,鶴見区NO.103,鶴見区NO.103,東寺尾五丁目20付近,貝塚,宅地,台地斜面,,縄文(中・後期)・弥生・古墳,99,139.661464945,35.49906526,JsonThemeAroundPoint:x/y,139.661475467659,35.4991023737976,6157.38482170303,1,12,1608-1430,0,埋蔵文化財包蔵地,5,139.661464945,35.49906526,鶴見区NO.103,鶴見区,鶴見区NO.103,埋蔵文化財包蔵地,,[],宅地,鶴見区,東寺尾五丁目20付近,縄文(中・後期)・弥生・古墳,99,貝塚,台地斜面,,,,
1609-1430,1609,1430,埋蔵文化財包蔵地,鶴見区NO.104,鶴見区NO.104,鶴見区NO.104,東寺尾三丁目19付近,散布地,宅地,台地斜面,,(不明),100,139.66154105,35.496728105,JsonThemeAroundPoint:x/y,139.661577863518,35.4966811492164,5916.94245654783,1,12,1609-1430,0,埋蔵文化財包蔵地,5,139.66154105,35.496728105,鶴見区NO.104,鶴見区,鶴見区NO.104,埋蔵文化財包蔵地,,[],宅地,鶴見区,東寺尾三丁目19付近,(不明),100,散布地,台地斜面,,,,
1614-1430,1614,1430,埋蔵文化財包蔵地,鶴見区NO.107,鶴見区NO.107,鶴見区NO.107,東寺尾四丁目12付近,貝塚,学校,台地上・斜面,60×30,縄文(早・前・中期),101,139.662562205,35.494785015,JsonThemeAroundPoint:x/y,139.662597168408,35.4947753025185,5751.72706854146,1,12,1614-1430,0,埋蔵文化財包蔵地,5,139.662562205,35.494785015,鶴見区NO.107,鶴見区,鶴見区NO.107,埋蔵文化財包蔵地,,[],学校,鶴見区,東寺尾四丁目12付近,縄文(早・前・中期),101,貝塚,台地上・斜面,60×30,,,
1615-1430,1615,1430,埋蔵文化財包蔵地,鶴見区NO.108,鶴見区NO.108,鶴見区NO.108,岸谷二丁目1付近,貝塚,学校,台地上・斜面,200×100,縄文(前期),104,139.663059815,35.489990445,JsonThemeAroundPoint:x/y,139.663019898788,35.4898078056935,5284.34350740462,1,12,1615-1430,0,埋蔵文化財包蔵地,5,139.663059815,35.489990445,鶴見区NO.108,鶴見区,鶴見区NO.108,埋蔵文化財包蔵地,,[],学校,鶴見区,岸谷二丁目1付近,縄文(前期),104,貝塚,台地上・斜面,200×100,,,
1613-1430,1613,1430,埋蔵文化財包蔵地,鶴見区NO.109,鶴見区NO.109,鶴見区NO.109,岸谷三丁目11付近,集落跡・貝塚,宅地,台地縁辺部,,縄文(中期)・弥生,106,139.667027915,35.496742015,JsonThemeAroundPoint:x/y,139.666992003457,35.4966978905841,6117.07335240568,1,12,1613-1430,0,埋蔵文化財包蔵地,5,139.667027915,35.496742015,鶴見区NO.109,鶴見区,鶴見区NO.109,埋蔵文化財包蔵地,,[],宅地,鶴見区,岸谷三丁目11付近,縄文(中期)・弥生,106,集落跡・貝塚,台地縁辺部,,,,
1544-1430,1544,1430,埋蔵文化財包蔵地,鶴見区NO.11,鶴見区NO.11,鶴見区NO.11,駒岡三丁目21-32付近,塚,宅地,台地上,"D6,H1.5",古墳以降？,15,139.658122645,35.527192925,JsonThemeAroundPoint:x/y,139.658123099856,35.5271929256817,9088.72915223903,1,12,1544-1430,0,埋蔵文化財包蔵地,5,139.658122645,35.527192925,鶴見区NO.11,鶴見区,鶴見区NO.11,埋蔵文化財包蔵地,,[],宅地,鶴見区,駒岡三丁目21-32付近,古墳以降？,15,塚,台地上,"D6,H1.5",,,
466-1430,466,1430,埋蔵文化財包蔵地,鶴見区NO.110,鶴見区NO.110,鶴見区NO.110,岸谷一丁目22付近,貝塚,墓地,台地斜面,,縄文,105,139.668412485,35.49304345,JsonThemeAroundPoint:x/y,139.668412470751,35.4930508915076,5808.08564648639,1,12,466-1430,0,埋蔵文化財包蔵地,5,139.668412485,35.49304345,鶴見区NO.110,鶴見区,鶴見区NO.110,埋蔵文化財包蔵地,,[],墓地,鶴見区,岸谷一丁目22付近,縄文,105,貝塚,台地斜面,,,,
467-1430,467,1430,埋蔵文化財包蔵地,鶴見区NO.111,鶴見区NO.111,鶴見区NO.111,汐入町二丁目43付近,城跡,寺,低地,,室町？,109,139.691514145,35.49721815,JsonThemeAroundPoint:x/y,139.691514133679,35.497225592808,7396.27174111804,1,12,467-1430,0,埋蔵文化財包蔵地,5,139.691514145,35.49721815,鶴見区NO.111,鶴見区,鶴見区NO.111,埋蔵文化財包蔵地,,[],寺,鶴見区,汐入町二丁目43付近,室町？,109,城跡,低地,,,,
2408-1430,2408,1430,埋蔵文化財包蔵地,鶴見区NO.112,鶴見区NO.112,鶴見区NO.112,馬場七丁目1464付近,散布地,宅地・山林・鉄道敷,台地上,170×100,縄文,50,139.642863445,35.50336735,JsonThemeAroundPoint:x/y,139.642863292,35.5033826333789,6265.92706477018,1,12,2408-1430,0,埋蔵文化財包蔵地,5,139.642863445,35.50336735,鶴見区NO.112,鶴見区,鶴見区NO.112,埋蔵文化財包蔵地,,[],宅地・山林・鉄道敷,鶴見区,馬場七丁目1464付近,縄文,50,散布地,台地上,170×100,,,
1582-1430,1582,1430,埋蔵文化財包蔵地,鶴見区NO.113,鶴見区NO.113,鶴見区NO.113,馬場七丁目74-1付近,散布地,山林,台地上・斜面,,縄文,87,139.644566115,35.503827525,JsonThemeAroundPoint:x/y,139.644489491199,35.5037784909975,6330.16675814124,1,12,1582-1430,0,埋蔵文化財包蔵地,5,139.644566115,35.503827525,鶴見区NO.113,鶴見区,鶴見区NO.113,埋蔵文化財包蔵地,,[],山林,鶴見区,馬場七丁目74-1付近,縄文,87,散布地,台地上・斜面,,,,
2367-1430,2367,1430,埋蔵文化財包蔵地,鶴見区NO.13,鶴見区NO.13,鶴見区NO.13,駒岡三丁目21-46付近,横穴墓,宅地,崖,,古墳,17,139.658285675,35.526823925,JsonThemeAroundPoint:x/y,139.65828691409,35.5268221329877,9051.56519015177,1,12,2367-1430,0,埋蔵文化財包蔵地,5,139.658285675,35.526823925,鶴見区NO.13,鶴見区,鶴見区NO.13,埋蔵文化財包蔵地,,[],宅地,鶴見区,駒岡三丁目21-46付近,古墳,17,横穴墓,崖,,,,
1545-1430,1545,1430,埋蔵文化財包蔵地,鶴見区NO.14,鶴見区NO.14,鶴見区NO.14,駒岡三丁目21-18付近,塚,宅地,台地上,"D4,H1",古墳以降？,18,139.65826616,35.52647578,JsonThemeAroundPoint:x/y,139.658266522124,35.5264757784219,9013.30158984999,1,12,1545-1430,0,埋蔵文化財包蔵地,5,139.65826616,35.52647578,鶴見区NO.14,鶴見区,鶴見区NO.14,埋蔵文化財包蔵地,,[],宅地,鶴見区,駒岡三丁目21-18付近,古墳以降？,18,塚,台地上,"D4,H1",,,
1546-1430,1546,1430,埋蔵文化財包蔵地,鶴見区NO.15,鶴見区NO.15,鶴見区NO.15,駒岡三丁目1283付近,散布地,畑地,台地上・斜面,50×40,縄文,19,139.658589235,35.525351775,JsonThemeAroundPoint:x/y,139.658613578749,35.5253311467939,8897.15597618072,1,12,1546-1430,0,埋蔵文化財包蔵地,5,139.658589235,35.525351775,鶴見区NO.15,鶴見区,鶴見区NO.15,埋蔵文化財包蔵地,,[],畑地,鶴見区,駒岡三丁目1283付近,縄文,19,散布地,台地上・斜面,50×40,,,
442-1430,442,1430,埋蔵文化財包蔵地,鶴見区NO.16,鶴見区NO.16,鶴見区NO.16,梶山二丁目3-36付近,散布地,宅地,台地斜面,,(不明),20,139.65841606,35.522845695,JsonThemeAroundPoint:x/y,139.658416045891,35.5228531371701,8621.49888771324,1,12,442-1430,0,埋蔵文化財包蔵地,5,139.65841606,35.522845695,鶴見区NO.16,鶴見区,鶴見区NO.16,埋蔵文化財包蔵地,,[],宅地,鶴見区,梶山二丁目3-36付近,(不明),20,散布地,台地斜面,,,,
1549-1430,1549,1430,埋蔵文化財包蔵地,鶴見区NO.17,鶴見区NO.17,鶴見区NO.17,梶山二丁目31-27付近,集落跡・貝塚,宅地・畑地・雑木林,台地上・斜面,500×150,縄文(前・中期)・弥生(中・後期)・古墳,13,139.66225401,35.52755081,JsonThemeAroundPoint:x/y,139.66265445746,35.5272385169275,9210.74265030674,1,12,1549-1430,0,埋蔵文化財包蔵地,5,139.66225401,35.52755081,鶴見区NO.17,鶴見区,鶴見区NO.17,埋蔵文化財包蔵地,,[],宅地・畑地・雑木林,鶴見区,梶山二丁目31-27付近,縄文(前・中期)・弥生(中・後期)・古墳,13,集落跡・貝塚,台地上・斜面,500×150,,,
1547-1430,1547,1430,埋蔵文化財包蔵地,鶴見区NO.19,鶴見区NO.19,鶴見区NO.19,駒岡三丁目40付近,古墳,雑木林,台地上先端,"D30.8,H7.8",古墳,11,139.66488262,35.53094266,JsonThemeAroundPoint:x/y,139.664883021824,35.5309426616605,9635.39116068307,1,12,1547-1430,0,埋蔵文化財包蔵地,5,139.66488262,35.53094266,鶴見区NO.19,鶴見区,鶴見区NO.19,埋蔵文化財包蔵地,,[],雑木林,鶴見区,駒岡三丁目40付近,古墳,11,古墳,台地上先端,"D30.8,H7.8",,,
2363-1430,2363,1430,埋蔵文化財包蔵地,鶴見区NO.2,鶴見区NO.2,鶴見区NO.2,駒岡四丁目38-9付近,横穴墓,駐車場,崖,,古墳,2,139.658047855,35.532012125,JsonThemeAroundPoint:x/y,139.658051879863,35.532010481762,9612.98366941146,1,12,2363-1430,0,埋蔵文化財包蔵地,5,139.658047855,35.532012125,鶴見区NO.2,鶴見区,鶴見区NO.2,埋蔵文化財包蔵地,,[],駐車場,鶴見区,駒岡四丁目38-9付近,古墳,2,横穴墓,崖,,,,
1548-1430,1548,1430,埋蔵文化財包蔵地,鶴見区NO.20,鶴見区NO.20,鶴見区NO.20,上末吉五丁目23付近,集落跡・包含地,運動場,台地上,250×150,縄文(早・前期)・弥生(後期),12,139.664938435,35.52929252,JsonThemeAroundPoint:x/y,139.664911301912,35.5291895080617,9459.33047010386,1,12,1548-1430,0,埋蔵文化財包蔵地,5,139.664938435,35.52929252,鶴見区NO.20,鶴見区,鶴見区NO.20,埋蔵文化財包蔵地,,[],運動場,鶴見区,上末吉五丁目23付近,縄文(早・前期)・弥生(後期),12,集落跡・包含地,台地上,250×150,,,
1550-1430,1550,1430,埋蔵文化財包蔵地,鶴見区NO.21,鶴見区NO.21,鶴見区NO.21,梶山一丁目18付近,散布地,畑地・荒地,台地先端部・斜面,150×100,縄文(前期),22,139.66661593,35.525928365,JsonThemeAroundPoint:x/y,139.666656760419,35.525907118434,9140.86245590903,1,12,1550-1430,0,埋蔵文化財包蔵地,5,139.66661593,35.525928365,鶴見区NO.21,鶴見区,鶴見区NO.21,埋蔵文化財包蔵地,,[],畑地・荒地,鶴見区,梶山一丁目18付近,縄文(前期),22,散布地,台地先端部・斜面,150×100,,,
443-1430,443,1430,埋蔵文化財包蔵地,鶴見区NO.22,鶴見区NO.22,鶴見区NO.22,梶山一丁目5付近,散布地,宅地,台地先端部,,(不明),21,139.664363215,35.52331415,JsonThemeAroundPoint:x/y,139.664363199915,35.5233215910376,8804.50060636573,1,12,443-1430,0,埋蔵文化財包蔵地,5,139.664363215,35.52331415,鶴見区NO.22,鶴見区,鶴見区NO.22,埋蔵文化財包蔵地,,[],宅地,鶴見区,梶山一丁目5付近,(不明),21,散布地,台地先端部,,,,
1551-1430,1551,1430,埋蔵文化財包蔵地,鶴見区NO.23,鶴見区NO.23,鶴見区NO.23,上末吉四丁目12付近,集落跡・包含地,畑地,台地上,120×100,縄文(中・後期)・弥生(後期)・古墳(前～後期),23,139.66785956,35.52500818,JsonThemeAroundPoint:x/y,139.667868671061,35.5250837806449,9076.06830153857,1,12,1551-1430,0,埋蔵文化財包蔵地,5,139.66785956,35.52500818,鶴見区NO.23,鶴見区,鶴見区NO.23,埋蔵文化財包蔵地,,[],畑地,鶴見区,上末吉四丁目12付近,縄文(中・後期)・弥生(後期)・古墳(前～後期),23,集落跡・包含地,台地上,120×100,,,
1552-1430,1552,1430,埋蔵文化財包蔵地,鶴見区NO.24,鶴見区NO.24,鶴見区NO.24,上末吉一丁目27付近,散布地,畑地,台地縁辺部,60×40,縄文(後期),24,139.669330105,35.524496885,JsonThemeAroundPoint:x/y,139.669315629464,35.5244966312923,9063.03236243039,1,12,1552-1430,0,埋蔵文化財包蔵地,5,139.669330105,35.524496885,鶴見区NO.24,鶴見区,鶴見区NO.24,埋蔵文化財包蔵地,,[],畑地,鶴見区,上末吉一丁目27付近,縄文(後期),24,散布地,台地縁辺部,60×40,,,
1555-1430,1555,1430,埋蔵文化財包蔵地,鶴見区NO.25,鶴見区NO.25,鶴見区NO.25,上末吉一丁目21付近,散布地,畑地・宅地,台地上,80×70,縄文(早・中期),27,139.669410385,35.522576755,JsonThemeAroundPoint:x/y,139.669417769836,35.5225626071946,8862.96498074457,1,12,1555-1430,0,埋蔵文化財包蔵地,5,139.669410385,35.522576755,鶴見区NO.25,鶴見区,鶴見区NO.25,埋蔵文化財包蔵地,,[],畑地・宅地,鶴見区,上末吉一丁目21付近,縄文(早・中期),27,散布地,台地上,80×70,,,
1554-1430,1554,1430,埋蔵文化財包蔵地,鶴見区NO.26,鶴見区NO.26,鶴見区NO.26,上末吉一丁目19付近,塚,宅地,台地上,"D5,H2",(不明),26,139.67001174,35.52279453,JsonThemeAroundPoint:x/y,139.670012178857,35.5227945284628,8903.63622529326,1,12,1554-1430,0,埋蔵文化財包蔵地,5,139.67001174,35.52279453,鶴見区NO.26,鶴見区,鶴見区NO.26,埋蔵文化財包蔵地,,[],宅地,鶴見区,上末吉一丁目19付近,(不明),26,塚,台地上,"D5,H2",,,
1553-1430,1553,1430,埋蔵文化財包蔵地,鶴見区NO.27,鶴見区NO.27,鶴見区NO.27,上末吉一丁目19付近,散布地,宅地,台地斜面,,(不明),25,139.670377645,35.52313002,JsonThemeAroundPoint:x/y,139.670378035943,35.5231300201711,8949.79733571419,1,12,1553-1430,0,埋蔵文化財包蔵地,5,139.670377645,35.52313002,鶴見区NO.27,鶴見区,鶴見区NO.27,埋蔵文化財包蔵地,,[],宅地,鶴見区,上末吉一丁目19付近,(不明),25,散布地,台地斜面,,,,
444-1430,444,1430,埋蔵文化財包蔵地,鶴見区NO.28,鶴見区NO.28,鶴見区NO.28,上末吉一丁目15付近,散布地,宅地,台地斜面,,(不明),28,139.670765865,35.52266417,JsonThemeAroundPoint:x/y,139.670765848514,35.5226716144473,8912.64894936267,1,12,444-1430,0,埋蔵文化財包蔵地,5,139.670765865,35.52266417,鶴見区NO.28,鶴見区,鶴見区NO.28,埋蔵文化財包蔵地,,[],宅地,鶴見区,上末吉一丁目15付近,(不明),28,散布地,台地斜面,,,,
445-1430,445,1430,埋蔵文化財包蔵地,鶴見区NO.29,鶴見区NO.29,鶴見区NO.29,駒岡一丁目1-29付近,貝塚,宅地,台地傾斜面,,縄文(前期),32,139.66049572,35.52111451,JsonThemeAroundPoint:x/y,139.660495702572,35.5211219509252,8477.45719140348,1,12,445-1430,0,埋蔵文化財包蔵地,5,139.66049572,35.52111451,鶴見区NO.29,鶴見区,鶴見区NO.29,埋蔵文化財包蔵地,,[],宅地,鶴見区,駒岡一丁目1-29付近,縄文(前期),32,貝塚,台地傾斜面,,,,
2362-1430,2362,1430,埋蔵文化財包蔵地,鶴見区NO.3,鶴見区NO.3,鶴見区NO.3,駒岡四丁目31-1付近,横穴墓,崖,崖,,古墳,3,139.657207675,35.53137543,JsonThemeAroundPoint:x/y,139.657203638326,35.5313714253718,9529.09051153629,1,12,2362-1430,0,埋蔵文化財包蔵地,5,139.657207675,35.53137543,鶴見区NO.3,鶴見区,鶴見区NO.3,埋蔵文化財包蔵地,,[],崖,鶴見区,駒岡四丁目31-1付近,古墳,3,横穴墓,崖,,,,
1557-1430,1557,1430,埋蔵文化財包蔵地,鶴見区NO.30,鶴見区NO.30,鶴見区NO.30,駒岡一丁目2付近,散布地,雑木林,台地斜面,150×40,縄文(前期),31,139.661628735,35.52083593,JsonThemeAroundPoint:x/y,139.661573706877,35.5208795992763,8473.03915085959,1,12,1557-1430,0,埋蔵文化財包蔵地,5,139.661628735,35.52083593,鶴見区NO.30,鶴見区,鶴見区NO.30,埋蔵文化財包蔵地,,[],雑木林,鶴見区,駒岡一丁目2付近,縄文(前期),31,散布地,台地斜面,150×40,,,
446-1430,446,1430,埋蔵文化財包蔵地,鶴見区NO.31,鶴見区NO.31,鶴見区NO.31,三ツ池公園1-1付近,散布地,公園,台地傾斜面,,(不明),33,139.66174303,35.519590725,JsonThemeAroundPoint:x/y,139.661743014691,35.5195981677401,8341.87816780748,1,12,446-1430,0,埋蔵文化財包蔵地,5,139.66174303,35.519590725,鶴見区NO.31,鶴見区,鶴見区NO.31,埋蔵文化財包蔵地,,[],公園,鶴見区,三ツ池公園1-1付近,(不明),33,散布地,台地傾斜面,,,,
1563-1430,1563,1430,埋蔵文化財包蔵地,鶴見区NO.33,鶴見区NO.33,鶴見区NO.33,獅子ヶ谷二丁目32付近,散布地,雑木林,台地上・斜面,,(不明),46,139.651338775,35.518261605,JsonThemeAroundPoint:x/y,139.65138610414,35.5182426027066,8001.01007307168,1,12,1563-1430,0,埋蔵文化財包蔵地,5,139.651338775,35.518261605,鶴見区NO.33,鶴見区,鶴見区NO.33,埋蔵文化財包蔵地,,[],雑木林,鶴見区,獅子ヶ谷二丁目32付近,(不明),46,散布地,台地上・斜面,,,,
1564-1430,1564,1430,埋蔵文化財包蔵地,鶴見区NO.34,鶴見区NO.34,鶴見区NO.34,獅子ヶ谷二丁目15-18付近,散布地,宅地,台地上,,(不明),48,139.651765055,35.516756605,JsonThemeAroundPoint:x/y,139.651754644362,35.5167440479922,7841.78645973057,1,12,1564-1430,0,埋蔵文化財包蔵地,5,139.651765055,35.516756605,鶴見区NO.34,鶴見区,鶴見区NO.34,埋蔵文化財包蔵地,,[],宅地,鶴見区,獅子ヶ谷二丁目15-18付近,(不明),48,散布地,台地上,,,,
1565-1430,1565,1430,埋蔵文化財包蔵地,鶴見区NO.35,鶴見区NO.35,鶴見区NO.35,獅子ヶ谷二丁目17付近,散布地,墓地・畑地,台地上,70×50,縄文(早期)・古墳,51,139.652184015,35.51545118,JsonThemeAroundPoint:x/y,139.652153289091,35.5154633613816,7704.87142035219,1,12,1565-1430,0,埋蔵文化財包蔵地,5,139.652184015,35.51545118,鶴見区NO.35,鶴見区,鶴見区NO.35,埋蔵文化財包蔵地,,[],墓地・畑地,鶴見区,獅子ヶ谷二丁目17付近,縄文(早期)・古墳,51,散布地,台地上,70×50,,,
1559-1430,1559,1430,埋蔵文化財包蔵地,鶴見区NO.36,鶴見区NO.36,鶴見区NO.36,獅子ヶ谷一丁目21付近,集落跡,宅地,台地上,,弥生(後期),52,139.654321865,35.514986755,JsonThemeAroundPoint:x/y,139.654290890419,35.5149529236853,7689.4384831242,1,12,1559-1430,0,埋蔵文化財包蔵地,5,139.654321865,35.514986755,鶴見区NO.36,鶴見区,鶴見区NO.36,埋蔵文化財包蔵地,,[],宅地,鶴見区,獅子ヶ谷一丁目21付近,弥生(後期),52,集落跡,台地上,,,,
1567-1430,1567,1430,埋蔵文化財包蔵地,鶴見区NO.37,鶴見区NO.37,鶴見区NO.37,獅子ヶ谷一丁目13付近,集落跡,宅地,台地上・斜面,,弥生(後期)・古墳(後期)・歴史,54,139.652113505,35.513144195,JsonThemeAroundPoint:x/y,139.651934797585,35.5136048774517,7450.96352357204,1,12,1567-1430,0,埋蔵文化財包蔵地,5,139.652113505,35.513144195,鶴見区NO.37,鶴見区,鶴見区NO.37,埋蔵文化財包蔵地,,[],宅地,鶴見区,獅子ヶ谷一丁目13付近,弥生(後期)・古墳(後期)・歴史,54,集落跡,台地上・斜面,,,,
1560-1430,1560,1430,埋蔵文化財包蔵地,鶴見区NO.38,鶴見区NO.38,鶴見区NO.38,獅子ヶ谷一丁目19付近,集落跡,学校,台地上・斜面,150×150,縄文(前期)・弥生(後期)・古墳(後期)・平安,53,139.654175575,35.513742395,JsonThemeAroundPoint:x/y,139.654073978938,35.5137021860769,7551.09868412958,1,12,1560-1430,0,埋蔵文化財包蔵地,5,139.654175575,35.513742395,鶴見区NO.38,鶴見区,鶴見区NO.38,埋蔵文化財包蔵地,,[],学校,鶴見区,獅子ヶ谷一丁目19付近,縄文(前期)・弥生(後期)・古墳(後期)・平安,53,集落跡,台地上・斜面,150×150,,,
448-1430,448,1430,埋蔵文化財包蔵地,鶴見区NO.39,鶴見区NO.39,鶴見区NO.39,獅子ヶ谷一丁目46付近,散布地,宅地,台地上,,縄文・弥生,40,139.65822094,35.515746625,JsonThemeAroundPoint:x/y,139.658220922743,35.5157540663484,7848.29248272459,1,12,448-1430,0,埋蔵文化財包蔵地,5,139.65822094,35.515746625,鶴見区NO.39,鶴見区,鶴見区NO.39,埋蔵文化財包蔵地,,[],宅地,鶴見区,獅子ヶ谷一丁目46付近,縄文・弥生,40,散布地,台地上,,,,
2361-1430,2361,1430,埋蔵文化財包蔵地,鶴見区NO.4,鶴見区NO.4,鶴見区NO.4,駒岡四丁目41-28付近,横穴墓,宅地・駐車場,台地先端部・斜面,,古墳,8,139.658467615,35.533250485,JsonThemeAroundPoint:x/y,139.658468867112,35.5332449797706,9755.48495757345,1,12,2361-1430,0,埋蔵文化財包蔵地,5,139.658467615,35.533250485,鶴見区NO.4,鶴見区,鶴見区NO.4,埋蔵文化財包蔵地,,[],宅地・駐車場,鶴見区,駒岡四丁目41-28付近,古墳,8,横穴墓,台地先端部・斜面,,,,
449-1430,449,1430,埋蔵文化財包蔵地,鶴見区NO.40,鶴見区NO.40,鶴見区NO.40,獅子ヶ谷一丁目4付近,散布地,宅地,台地上,,(不明),42,139.657246125,35.51373911,JsonThemeAroundPoint:x/y,139.657246108837,35.5137465509854,7610.48475911233,1,12,449-1430,0,埋蔵文化財包蔵地,5,139.657246125,35.51373911,鶴見区NO.40,鶴見区,鶴見区NO.40,埋蔵文化財包蔵地,,[],宅地,鶴見区,獅子ヶ谷一丁目4付近,(不明),42,散布地,台地上,,,,
1558-1430,1558,1430,埋蔵文化財包蔵地,鶴見区NO.41,鶴見区NO.41,鶴見区NO.41,北寺尾三丁目12付近,包含地,畑地・宅地,台地上・斜面,180×120,縄文(早・前・中期),110,139.661041925,35.516822025,JsonThemeAroundPoint:x/y,139.66094210205,35.5167439849306,8027.98103708827,1,12,1558-1430,0,埋蔵文化財包蔵地,5,139.661041925,35.516822025,鶴見区NO.41,鶴見区,鶴見区NO.41,埋蔵文化財包蔵地,,[],畑地・宅地,鶴見区,北寺尾三丁目12付近,縄文(早・前・中期),110,包含地,台地上・斜面,180×120,,,
447-1430,447,1430,埋蔵文化財包蔵地,鶴見区NO.42,鶴見区NO.42,鶴見区NO.42,北寺尾三丁目13付近,散布地,グランド,台地縁辺部,50×30,(不明),74,139.662372125,35.516282615,JsonThemeAroundPoint:x/y,139.662372108151,35.5162900599357,8002.87002258085,1,12,447-1430,0,埋蔵文化財包蔵地,5,139.662372125,35.516282615,鶴見区NO.42,鶴見区,鶴見区NO.42,埋蔵文化財包蔵地,,[],グランド,鶴見区,北寺尾三丁目13付近,(不明),74,散布地,台地縁辺部,50×30,,,
1561-1430,1561,1430,埋蔵文化財包蔵地,鶴見区NO.43,鶴見区NO.43,鶴見区NO.43,北寺尾四丁目27付近,散布地,畑地,台地上,100×50,縄文(前期),41,139.658156915,35.51447363,JsonThemeAroundPoint:x/y,139.658097197814,35.5144735443194,7709.36924245774,1,12,1561-1430,0,埋蔵文化財包蔵地,5,139.658156915,35.51447363,鶴見区NO.43,鶴見区,鶴見区NO.43,埋蔵文化財包蔵地,,[],畑地,鶴見区,北寺尾四丁目27付近,縄文(前期),41,散布地,台地上,100×50,,,
450-1430,450,1430,埋蔵文化財包蔵地,鶴見区NO.44,鶴見区NO.44,鶴見区NO.44,北寺尾四丁目20付近,包含地・猟場,宅地,台地上・斜面,,縄文(早・前・中期)・古墳,43,139.65869231,35.513352715,JsonThemeAroundPoint:x/y,139.658692294186,35.5133601571625,7600.34189517641,1,12,450-1430,0,埋蔵文化財包蔵地,5,139.65869231,35.513352715,鶴見区NO.44,鶴見区,鶴見区NO.44,埋蔵文化財包蔵地,,[],宅地,鶴見区,北寺尾四丁目20付近,縄文(早・前・中期)・古墳,43,包含地・猟場,台地上・斜面,,,,
451-1430,451,1430,埋蔵文化財包蔵地,鶴見区NO.45,鶴見区NO.45,鶴見区NO.45,北寺尾四丁目17付近,集落跡・貝塚,学校,台地上,,縄文(中・後期),44,139.66060444,35.51265131,JsonThemeAroundPoint:x/y,139.660604423144,35.5126587537018,7570.37105502393,1,12,451-1430,0,埋蔵文化財包蔵地,5,139.66060444,35.51265131,鶴見区NO.45,鶴見区,鶴見区NO.45,埋蔵文化財包蔵地,,[],学校,鶴見区,北寺尾四丁目17付近,縄文(中・後期),44,集落跡・貝塚,台地上,,,,
1562-1430,1562,1430,埋蔵文化財包蔵地,鶴見区NO.46,鶴見区NO.46,鶴見区NO.46,北寺尾四丁目5付近,散布地,宅地,台地上,200×60,縄文・古墳,45,139.659634765,35.511643965,JsonThemeAroundPoint:x/y,139.65973907108,35.5117385104192,7438.73799669226,1,12,1562-1430,0,埋蔵文化財包蔵地,5,139.659634765,35.511643965,鶴見区NO.46,鶴見区,鶴見区NO.46,埋蔵文化財包蔵地,,[],宅地,鶴見区,北寺尾四丁目5付近,縄文・古墳,45,散布地,台地上,200×60,,,
1573-1430,1573,1430,埋蔵文化財包蔵地,鶴見区NO.49,鶴見区NO.49,鶴見区NO.49,北寺尾七丁目21付近,散布地,宅地,台地上・斜面,,縄文,55,139.64763056,35.51243219,JsonThemeAroundPoint:x/y,139.647609358782,35.512384575214,7312.21222016377,1,12,1573-1430,0,埋蔵文化財包蔵地,5,139.64763056,35.51243219,鶴見区NO.49,鶴見区,鶴見区NO.49,埋蔵文化財包蔵地,,[],宅地,鶴見区,北寺尾七丁目21付近,縄文,55,散布地,台地上・斜面,,,,
441-1430,441,1430,埋蔵文化財包蔵地,鶴見区NO.5,鶴見区NO.5,鶴見区NO.5,駒岡四丁目12-30付近,古墳,宅地,台地上,,古墳,9,139.66036102,35.53294383,JsonThemeAroundPoint:x/y,139.660361003515,35.5329512756751,9756.59902107343,1,12,441-1430,0,埋蔵文化財包蔵地,5,139.66036102,35.53294383,鶴見区NO.5,鶴見区,鶴見区NO.5,埋蔵文化財包蔵地,,[],宅地,鶴見区,駒岡四丁目12-30付近,古墳,9,古墳,台地上,,,,
1574-1430,1574,1430,埋蔵文化財包蔵地,鶴見区NO.50,鶴見区NO.50,鶴見区NO.50,北寺尾六丁目25付近,散布地,宅地・畑地,台地上・斜面,230×130,縄文(中期),65,139.65172003,35.51086071,JsonThemeAroundPoint:x/y,139.651579748253,35.5108960302812,7194.61934628238,1,12,1574-1430,0,埋蔵文化財包蔵地,5,139.65172003,35.51086071,鶴見区NO.50,鶴見区,鶴見区NO.50,埋蔵文化財包蔵地,,[],宅地・畑地,鶴見区,北寺尾六丁目25付近,縄文(中期),65,散布地,台地上・斜面,230×130,,,
1572-1430,1572,1430,埋蔵文化財包蔵地,鶴見区NO.51,鶴見区NO.51,鶴見区NO.51,上の宮二丁目25付近,散布地,畑地,台地上・斜面,180×80,縄文(早・前・中期),57,139.64351969,35.511173805,JsonThemeAroundPoint:x/y,139.643524520303,35.5111971053173,7136.3799128903,1,12,1572-1430,0,埋蔵文化財包蔵地,5,139.64351969,35.511173805,鶴見区NO.51,鶴見区,鶴見区NO.51,埋蔵文化財包蔵地,,[],畑地,鶴見区,上の宮二丁目25付近,縄文(早・前・中期),57,散布地,台地上・斜面,180×80,,,
1577-1430,1577,1430,埋蔵文化財包蔵地,鶴見区NO.52,鶴見区NO.52,鶴見区NO.52,上の宮一丁目28付近,猟場,宅地,台地上・斜面,,縄文(前・中期),60,139.64083928,35.50925304,JsonThemeAroundPoint:x/y,139.640819300189,35.5092269242293,6909.20279810411,1,12,1577-1430,0,埋蔵文化財包蔵地,5,139.64083928,35.50925304,鶴見区NO.52,鶴見区,鶴見区NO.52,埋蔵文化財包蔵地,,[],宅地,鶴見区,上の宮一丁目28付近,縄文(前・中期),60,猟場,台地上・斜面,,,,
1579-1430,1579,1430,埋蔵文化財包蔵地,鶴見区NO.53,鶴見区NO.53,鶴見区NO.53,上の宮一丁目32付近,貝塚,雑木林,台地斜面,,縄文,59,139.64167332,35.50854416,JsonThemeAroundPoint:x/y,139.641671918841,35.5085249263505,6833.92222286632,1,12,1579-1430,0,埋蔵文化財包蔵地,5,139.64167332,35.50854416,鶴見区NO.53,鶴見区,鶴見区NO.53,埋蔵文化財包蔵地,,[],雑木林,鶴見区,上の宮一丁目32付近,縄文,59,貝塚,台地斜面,,,,
1578-1430,1578,1430,埋蔵文化財包蔵地,鶴見区NO.54,鶴見区NO.54,鶴見区NO.54,上の宮一丁目26付近,集落地,学校,台地上・斜面,170×100,縄文(中期)・弥生(後期),66,139.642448635,35.509042495,JsonThemeAroundPoint:x/y,139.642482272887,35.5090029087091,6893.26685586703,1,12,1578-1430,0,埋蔵文化財包蔵地,5,139.642448635,35.509042495,鶴見区NO.54,鶴見区,鶴見区NO.54,埋蔵文化財包蔵地,,[],学校,鶴見区,上の宮一丁目26付近,縄文(中期)・弥生(後期),66,集落地,台地上・斜面,170×100,,,
1580-1430,1580,1430,埋蔵文化財包蔵地,鶴見区NO.55,鶴見区NO.55,鶴見区NO.55,上の宮一丁目21付近,散布地,畑地,台地傾斜面,100×50,弥生(後期),61,139.642014205,35.50702633,JsonThemeAroundPoint:x/y,139.641966402966,35.5069779235175,6667.02363479852,1,12,1580-1430,0,埋蔵文化財包蔵地,5,139.642014205,35.50702633,鶴見区NO.55,鶴見区,鶴見区NO.55,埋蔵文化財包蔵地,,[],畑地,鶴見区,上の宮一丁目21付近,弥生(後期),61,散布地,台地傾斜面,100×50,,,
1581-1430,1581,1430,埋蔵文化財包蔵地,鶴見区NO.56,鶴見区NO.56,鶴見区NO.56,上の宮一丁目3付近,散布地,宅地・畑地・雑木林,台地傾斜面,150×70,(不明),62,139.644372115,35.5056688,JsonThemeAroundPoint:x/y,139.644361194601,35.5056690018052,6532.41514979276,1,12,1581-1430,0,埋蔵文化財包蔵地,5,139.644372115,35.5056688,鶴見区NO.56,鶴見区,鶴見区NO.56,埋蔵文化財包蔵地,,[],宅地・畑地・雑木林,鶴見区,上の宮一丁目3付近,(不明),62,散布地,台地傾斜面,150×70,,,
1575-1430,1575,1430,埋蔵文化財包蔵地,鶴見区NO.57,鶴見区NO.57,鶴見区NO.57,北寺尾七丁目4付近,散布地,畑地・宅地,台地傾斜面,,(不明),64,139.647938135,35.508304995,JsonThemeAroundPoint:x/y,139.647930258525,35.5083890412914,6860.46114518577,1,12,1575-1430,0,埋蔵文化財包蔵地,5,139.647938135,35.508304995,鶴見区NO.57,鶴見区,鶴見区NO.57,埋蔵文化財包蔵地,,[],畑地・宅地,鶴見区,北寺尾七丁目4付近,(不明),64,散布地,台地傾斜面,,,,
1576-1430,1576,1430,埋蔵文化財包蔵地,鶴見区NO.58,鶴見区NO.58,鶴見区NO.58,馬場七丁目28付近,散布地,宅地,台地斜面,120×70,(不明),63,139.64878311,35.506337585,JsonThemeAroundPoint:x/y,139.648758024006,35.5062726096863,6654.72426971328,1,12,1576-1430,0,埋蔵文化財包蔵地,5,139.64878311,35.506337585,鶴見区NO.58,鶴見区,鶴見区NO.58,埋蔵文化財包蔵地,,[],宅地,鶴見区,馬場七丁目28付近,(不明),63,散布地,台地斜面,120×70,,,
1568-1430,1568,1430,埋蔵文化財包蔵地,鶴見区NO.59,鶴見区NO.59,鶴見区NO.59,馬場六丁目19付近,散布地,畑地,台地斜面,150×90,縄文,66,139.655758255,35.50865067,JsonThemeAroundPoint:x/y,139.655843480518,35.5087435659395,7028.58196000752,1,12,1568-1430,0,埋蔵文化財包蔵地,5,139.655758255,35.50865067,鶴見区NO.59,鶴見区,鶴見区NO.59,埋蔵文化財包蔵地,,[],畑地,鶴見区,馬場六丁目19付近,縄文,66,散布地,台地斜面,150×90,,,
1570-1430,1570,1430,埋蔵文化財包蔵地,鶴見区NO.60,鶴見区NO.60,鶴見区NO.60,馬場五丁目15付近,散布地,宅地,台地上,60×30,縄文(早期),68,139.66010435,35.50828006,JsonThemeAroundPoint:x/y,139.660119669904,35.5082877646922,7090.80656514206,1,12,1570-1430,0,埋蔵文化財包蔵地,5,139.66010435,35.50828006,鶴見区NO.60,鶴見区,鶴見区NO.60,埋蔵文化財包蔵地,,[],宅地,鶴見区,馬場五丁目15付近,縄文(早期),68,散布地,台地上,60×30,,,
452-1430,452,1430,埋蔵文化財包蔵地,鶴見区NO.61,鶴見区NO.61,鶴見区NO.61,馬場五丁目9付近,散布地,宅地,台地上・斜面,,縄文(中期)・弥生(中期),67,139.65757827,35.507207515,JsonThemeAroundPoint:x/y,139.657578255199,35.5072149571879,6913.54682012541,1,12,452-1430,0,埋蔵文化財包蔵地,5,139.65757827,35.507207515,鶴見区NO.61,鶴見区,鶴見区NO.61,埋蔵文化財包蔵地,,[],宅地,鶴見区,馬場五丁目9付近,縄文(中期)・弥生(中期),67,散布地,台地上・斜面,,,,
1569-1430,1569,1430,埋蔵文化財包蔵地,鶴見区NO.62,鶴見区NO.62,鶴見区NO.62,馬場三丁目28付近,散布地・横穴墓,宅地,台地上・斜面,110×80,(不明),69,139.65924448,35.505782405,JsonThemeAroundPoint:x/y,139.659276726326,35.5057179005098,6802.27340937778,1,12,1569-1430,0,埋蔵文化財包蔵地,5,139.65924448,35.505782405,鶴見区NO.62,鶴見区,鶴見区NO.62,埋蔵文化財包蔵地,,[],宅地,鶴見区,馬場三丁目28付近,(不明),69,散布地・横穴墓,台地上・斜面,110×80,,,
453-1430,453,1430,埋蔵文化財包蔵地,鶴見区NO.63,鶴見区NO.63,鶴見区NO.63,馬場二丁目2付近,散布地,宅地,台地上,,(不明),95,139.65170282,35.50357934,JsonThemeAroundPoint:x/y,139.651702801768,35.5035867819114,6398.517223917,1,12,453-1430,0,埋蔵文化財包蔵地,5,139.65170282,35.50357934,鶴見区NO.63,鶴見区,鶴見区NO.63,埋蔵文化財包蔵地,,[],宅地,鶴見区,馬場二丁目2付近,(不明),95,散布地,台地上,,,,
2370-1430,2370,1430,埋蔵文化財包蔵地,鶴見区NO.64,鶴見区NO.64,鶴見区NO.64,馬場三丁目6付近,城跡,宅地・公園,台地上・斜面,,中世,94,139.657530345,35.50273956,JsonThemeAroundPoint:x/y,139.657536410907,35.5027374347858,6433.67293123637,1,12,2370-1430,0,埋蔵文化財包蔵地,5,139.657530345,35.50273956,鶴見区NO.64,鶴見区,鶴見区NO.64,埋蔵文化財包蔵地,,[],宅地・公園,鶴見区,馬場三丁目6付近,中世,94,城跡,台地上・斜面,,,,
1585-1430,1585,1430,埋蔵文化財包蔵地,鶴見区NO.65,鶴見区NO.65,鶴見区NO.65,馬場四丁目11付近,散布地,雑木林・宅地,台地縁辺部,90×40,(不明),93,139.660940255,35.50352086,JsonThemeAroundPoint:x/y,139.66092029991,35.5035018967859,6608.86643039939,1,12,1585-1430,0,埋蔵文化財包蔵地,5,139.660940255,35.50352086,鶴見区NO.65,鶴見区,鶴見区NO.65,埋蔵文化財包蔵地,,[],雑木林・宅地,鶴見区,馬場四丁目11付近,(不明),93,散布地,台地縁辺部,90×40,,,
1583-1430,1583,1430,埋蔵文化財包蔵地,鶴見区NO.66,鶴見区NO.66,鶴見区NO.66,東寺尾一丁目14付近,散布地,畑地・雑木林,台地上・斜面,140×120,縄文(中期)・奈良・平安,111,139.651763515,35.500284225,JsonThemeAroundPoint:x/y,139.651720797688,35.5002235549125,6040.76686280025,1,12,1583-1430,0,埋蔵文化財包蔵地,5,139.651763515,35.500284225,鶴見区NO.66,鶴見区,鶴見区NO.66,埋蔵文化財包蔵地,,[],畑地・雑木林,鶴見区,東寺尾一丁目14付近,縄文(中期)・奈良・平安,111,散布地,台地上・斜面,140×120,,,
454-1430,454,1430,埋蔵文化財包蔵地,鶴見区NO.68,鶴見区NO.68,鶴見区NO.68,三ツ池公園1-1付近,散布地,公園,台地傾斜面,,(不明),30,139.66454213,35.52131051,JsonThemeAroundPoint:x/y,139.664542112163,35.521317953883,8594.91310391969,1,12,454-1430,0,埋蔵文化財包蔵地,5,139.66454213,35.52131051,鶴見区NO.68,鶴見区,鶴見区NO.68,埋蔵文化財包蔵地,,[],公園,鶴見区,三ツ池公園1-1付近,(不明),30,散布地,台地傾斜面,,,,
1586-1430,1586,1430,埋蔵文化財包蔵地,鶴見区NO.69,鶴見区NO.69,鶴見区NO.69,三ツ池公園1-1付近,散布地・古墳,雑木林,台地上,,弥生(後期)・古墳,29,139.666102945,35.52142993,JsonThemeAroundPoint:x/y,139.666103309312,35.5214299311474,8648.62019195891,1,12,1586-1430,0,埋蔵文化財包蔵地,5,139.666102945,35.52142993,鶴見区NO.69,鶴見区,鶴見区NO.69,埋蔵文化財包蔵地,,[],雑木林,鶴見区,三ツ池公園1-1付近,弥生(後期)・古墳,29,散布地・古墳,台地上,,,,
1591-1430,1591,1430,埋蔵文化財包蔵地,鶴見区NO.70,鶴見区NO.70,鶴見区NO.70,上末吉一丁目4付近,散布地,配水場,台地上,,(不明),74,139.669101305,35.520859485,JsonThemeAroundPoint:x/y,139.669000069659,35.5207671794087,8673.21793173083,1,12,1591-1430,0,埋蔵文化財包蔵地,5,139.669101305,35.520859485,鶴見区NO.70,鶴見区,鶴見区NO.70,埋蔵文化財包蔵地,,[],配水場,鶴見区,上末吉一丁目4付近,(不明),74,散布地,台地上,,,,
1592-1430,1592,1430,埋蔵文化財包蔵地,鶴見区NO.71,鶴見区NO.71,鶴見区NO.71,上末吉一丁目3付近,集落跡・貝塚,畑地・宅地,台地上,120×70,縄文(早・前期)・弥生(後期),75,139.670039685,35.520517805,JsonThemeAroundPoint:x/y,139.669988836291,35.5203854818576,8665.65856076337,1,12,1592-1430,0,埋蔵文化財包蔵地,5,139.670039685,35.520517805,鶴見区NO.71,鶴見区,鶴見区NO.71,埋蔵文化財包蔵地,,[],畑地・宅地,鶴見区,上末吉一丁目3付近,縄文(早・前期)・弥生(後期),75,集落跡・貝塚,台地上,120×70,,,
1587-1430,1587,1430,埋蔵文化財包蔵地,鶴見区NO.72,鶴見区NO.72,鶴見区NO.72,下末吉六丁目13付近,集落跡,学校,台地上,150×80,縄文(中期),34,139.6674891,35.519725175,JsonThemeAroundPoint:x/y,139.667494039771,35.5196916040326,8506.68300270758,1,12,1587-1430,0,埋蔵文化財包蔵地,5,139.6674891,35.519725175,鶴見区NO.72,鶴見区,鶴見区NO.72,埋蔵文化財包蔵地,,[],学校,鶴見区,下末吉六丁目13付近,縄文(中期),34,集落跡,台地上,150×80,,,
1588-1430,1588,1430,埋蔵文化財包蔵地,鶴見区NO.74,鶴見区NO.74,鶴見区NO.74,下末吉六丁目12付近,散布地,畑地・宅地,台地上・斜面,110×100,縄文(前・中期),35,139.66687903,35.518300575,JsonThemeAroundPoint:x/y,139.666780989323,35.5182541177618,8338.85097222562,1,12,1588-1430,0,埋蔵文化財包蔵地,5,139.66687903,35.518300575,鶴見区NO.74,鶴見区,鶴見区NO.74,埋蔵文化財包蔵地,,[],畑地・宅地,鶴見区,下末吉六丁目12付近,縄文(前・中期),35,散布地,台地上・斜面,110×100,,,
1589-1430,1589,1430,埋蔵文化財包蔵地,鶴見区NO.75,鶴見区NO.75,鶴見区NO.75,下末吉六丁目6付近,散布地,畑地,台地縁辺部,60×50,(不明),36,139.667513665,35.5175399,JsonThemeAroundPoint:x/y,139.667505189076,35.5175200291293,8277.18705821369,1,12,1589-1430,0,埋蔵文化財包蔵地,5,139.667513665,35.5175399,鶴見区NO.75,鶴見区,鶴見区NO.75,埋蔵文化財包蔵地,,[],畑地,鶴見区,下末吉六丁目6付近,(不明),36,散布地,台地縁辺部,60×50,,,
1590-1430,1590,1430,埋蔵文化財包蔵地,鶴見区NO.76,鶴見区NO.76,鶴見区NO.76,下末吉六丁目7付近,散布地,宅地,台地上,50×30,(不明),77,139.668251845,35.51716698,JsonThemeAroundPoint:x/y,139.668253919727,35.5171550138093,8260.12184000328,1,12,1590-1430,0,埋蔵文化財包蔵地,5,139.668251845,35.51716698,鶴見区NO.76,鶴見区,鶴見区NO.76,埋蔵文化財包蔵地,,[],宅地,鶴見区,下末吉六丁目7付近,(不明),77,散布地,台地上,50×30,,,
1594-1430,1594,1430,埋蔵文化財包蔵地,鶴見区NO.77,鶴見区NO.77,鶴見区NO.77,下末吉一丁目24付近,貝塚,宅地,台地傾斜面,,縄文(後期)？,78,139.672981145,35.515571325,JsonThemeAroundPoint:x/y,139.672917754076,35.5155248181981,8249.28734198284,1,12,1594-1430,0,埋蔵文化財包蔵地,5,139.672981145,35.515571325,鶴見区NO.77,鶴見区,鶴見区NO.77,埋蔵文化財包蔵地,,[],宅地,鶴見区,下末吉一丁目24付近,縄文(後期)？,78,貝塚,台地傾斜面,,,,
1593-1430,1593,1430,埋蔵文化財包蔵地,鶴見区NO.78,鶴見区NO.78,鶴見区NO.78,下末吉六丁目2付近,貝塚,学校,台地上・斜面,250×150,縄文(後期),37,139.665345725,35.51575856,JsonThemeAroundPoint:x/y,139.665296891807,35.5156806371873,8026.73051080649,1,12,1593-1430,0,埋蔵文化財包蔵地,5,139.665345725,35.51575856,鶴見区NO.78,鶴見区,鶴見区NO.78,埋蔵文化財包蔵地,,[],学校,鶴見区,下末吉六丁目2付近,縄文(後期),37,貝塚,台地上・斜面,250×150,,,
455-1430,455,1430,埋蔵文化財包蔵地,鶴見区NO.79,鶴見区NO.79,鶴見区NO.79,下末吉五丁目8付近,散布地,宅地,台地上・斜面,,縄文(早・前期)・弥生(後期)・古墳？,38,139.66623146,35.5144655,JsonThemeAroundPoint:x/y,139.666231441271,35.5144729401403,7915.97731397705,1,12,455-1430,0,埋蔵文化財包蔵地,5,139.66623146,35.5144655,鶴見区NO.79,鶴見区,鶴見区NO.79,埋蔵文化財包蔵地,,[],宅地,鶴見区,下末吉五丁目8付近,縄文(早・前期)・弥生(後期)・古墳？,38,散布地,台地上・斜面,,,,
1543-1430,1543,1430,埋蔵文化財包蔵地,鶴見区NO.8,鶴見区NO.8,鶴見区NO.8,駒岡四丁目34付近,古墳,雑木林,台地上,,古墳,6,139.65924364,35.530770625,JsonThemeAroundPoint:x/y,139.6592439214,35.5307706263965,9499.08789980677,1,12,1543-1430,0,埋蔵文化財包蔵地,5,139.65924364,35.530770625,鶴見区NO.8,鶴見区,鶴見区NO.8,埋蔵文化財包蔵地,,[],雑木林,鶴見区,駒岡四丁目34付近,古墳,6,古墳,台地上,,,,
1596-1430,1596,1430,埋蔵文化財包蔵地,鶴見区NO.80,鶴見区NO.80,鶴見区NO.80,諏訪坂17付近,古墳,宅地,台地先端部,,古墳,79,139.67293318,35.51416728,JsonThemeAroundPoint:x/y,139.672933627598,35.5141672812474,8103.78050969657,1,12,1596-1430,0,埋蔵文化財包蔵地,5,139.67293318,35.51416728,鶴見区NO.80,鶴見区,鶴見区NO.80,埋蔵文化財包蔵地,,[],宅地,鶴見区,諏訪坂17付近,古墳,79,古墳,台地先端部,,,,
1595-1430,1595,1430,埋蔵文化財包蔵地,鶴見区NO.81,鶴見区NO.81,鶴見区NO.81,諏訪坂16付近,散布地,畑地,台地斜面,70×30,縄文・弥生,80,139.673525245,35.51393166,JsonThemeAroundPoint:x/y,139.673533819997,35.5139146432894,8101.01286670506,1,12,1595-1430,0,埋蔵文化財包蔵地,5,139.673525245,35.51393166,鶴見区NO.81,鶴見区,鶴見区NO.81,埋蔵文化財包蔵地,,[],畑地,鶴見区,諏訪坂16付近,縄文・弥生,80,散布地,台地斜面,70×30,,,
457-1430,457,1430,埋蔵文化財包蔵地,鶴見区NO.82,鶴見区NO.82,鶴見区NO.82,諏訪坂17付近,散布地,宅地,台地上,,(不明),81,139.67276191,35.513631215,JsonThemeAroundPoint:x/y,139.672761894519,35.5136386559665,8042.8538037894,1,12,457-1430,0,埋蔵文化財包蔵地,5,139.67276191,35.513631215,鶴見区NO.82,鶴見区,鶴見区NO.82,埋蔵文化財包蔵地,,[],宅地,鶴見区,諏訪坂17付近,(不明),81,散布地,台地上,,,,
1597-1430,1597,1430,埋蔵文化財包蔵地,鶴見区NO.83,鶴見区NO.83,鶴見区NO.83,東寺尾北台18付近,貝塚,畑地,台地縁辺部,150×50,縄文(後期),82,139.669498535,35.51101904,JsonThemeAroundPoint:x/y,139.669473203875,35.5110073666758,7660.77155870458,1,12,1597-1430,0,埋蔵文化財包蔵地,5,139.669498535,35.51101904,鶴見区NO.83,鶴見区,鶴見区NO.83,埋蔵文化財包蔵地,,[],畑地,鶴見区,東寺尾北台18付近,縄文(後期),82,貝塚,台地縁辺部,150×50,,,
459-1430,459,1430,埋蔵文化財包蔵地,鶴見区NO.84,鶴見区NO.84,鶴見区NO.84,豊岡町24付近,散布地,宅地,低地,,(不明),83,139.67935301,35.508387555,JsonThemeAroundPoint:x/y,139.679352993049,35.508394999915,7781.55734908286,1,12,459-1430,0,埋蔵文化財包蔵地,5,139.67935301,35.508387555,鶴見区NO.84,鶴見区,鶴見区NO.84,埋蔵文化財包蔵地,,[],宅地,鶴見区,豊岡町24付近,(不明),83,散布地,低地,,,,
460-1430,460,1430,埋蔵文化財包蔵地,鶴見区NO.85,鶴見区NO.85,鶴見区NO.85,鶴見中央一丁目14付近,包含地・富士塚,神社,沖積地,,弥生・歴史,84,139.680581965,35.507535105,JsonThemeAroundPoint:x/y,139.680581953665,35.5075425486651,7753.886398125,1,12,460-1430,0,埋蔵文化財包蔵地,5,139.680581965,35.507535105,鶴見区NO.85,鶴見区,鶴見区NO.85,埋蔵文化財包蔵地,,[],神社,鶴見区,鶴見中央一丁目14付近,弥生・歴史,84,包含地・富士塚,沖積地,,,,
458-1430,458,1430,埋蔵文化財包蔵地,鶴見区NO.86,鶴見区NO.86,鶴見区NO.86,寺谷一丁目3付近,散布地,宅地,台地斜面,,縄文(後期),85,139.675385955,35.507293335,JsonThemeAroundPoint:x/y,139.675385938665,35.5073007744484,7505.23755901887,1,12,458-1430,0,埋蔵文化財包蔵地,5,139.675385955,35.507293335,鶴見区NO.86,鶴見区,鶴見区NO.86,埋蔵文化財包蔵地,,[],宅地,鶴見区,寺谷一丁目3付近,縄文(後期),85,散布地,台地斜面,,,,
456-1430,456,1430,埋蔵文化財包蔵地,鶴見区NO.89,鶴見区NO.89,鶴見区NO.89,東寺尾北台3付近,散布地,宅地,台地上・斜面,,縄文(中期)・弥生(中期),73,139.667498975,35.5077416,JsonThemeAroundPoint:x/y,139.667498958021,35.5077490413542,7254.87176716414,1,12,456-1430,0,埋蔵文化財包蔵地,5,139.667498975,35.5077416,鶴見区NO.89,鶴見区,鶴見区NO.89,埋蔵文化財包蔵地,,[],宅地,鶴見区,東寺尾北台3付近,縄文(中期)・弥生(中期),73,散布地,台地上・斜面,,,,
1542-1430,1542,1430,埋蔵文化財包蔵地,鶴見区NO.9,鶴見区NO.9,鶴見区NO.9,駒岡四丁目34付近,古墳,雑木林,台地上,D10,古墳,5,139.658940075,35.530488375,JsonThemeAroundPoint:x/y,139.658940338857,35.5304883728877,9462.73737471102,1,12,1542-1430,0,埋蔵文化財包蔵地,5,139.658940075,35.530488375,鶴見区NO.9,鶴見区,鶴見区NO.9,埋蔵文化財包蔵地,,[],雑木林,鶴見区,駒岡四丁目34付近,古墳,5,古墳,台地上,D10,,,
461-1430,461,1430,埋蔵文化財包蔵地,鶴見区NO.90,鶴見区NO.90,鶴見区NO.90,東寺尾中台11付近,散布地,宅地,台地上・斜面,,古墳,72,139.66653561,35.50639511,JsonThemeAroundPoint:x/y,139.666535591422,35.5064025524703,7083.41011519953,1,12,461-1430,0,埋蔵文化財包蔵地,5,139.66653561,35.50639511,鶴見区NO.90,鶴見区,鶴見区NO.90,埋蔵文化財包蔵地,,[],宅地,鶴見区,東寺尾中台11付近,古墳,72,散布地,台地上・斜面,,,,
1603-1430,1603,1430,埋蔵文化財包蔵地,鶴見区NO.91,鶴見区NO.91,鶴見区NO.91,鶴見二丁目1付近,散布地,荒地・墓地,台地縁辺部,70×50,縄文(早・前期),88,139.67267634,35.505804285,JsonThemeAroundPoint:x/y,139.672724040247,35.5058107014081,7247.50903245319,1,12,1603-1430,0,埋蔵文化財包蔵地,5,139.67267634,35.505804285,鶴見区NO.91,鶴見区,鶴見区NO.91,埋蔵文化財包蔵地,,[],荒地・墓地,鶴見区,鶴見二丁目1付近,縄文(早・前期),88,散布地,台地縁辺部,70×50,,,
1602-1430,1602,1430,埋蔵文化財包蔵地,鶴見区NO.92,鶴見区NO.92,鶴見区NO.92,鶴見一丁目4付近,集落跡・貝塚,宅地・墓地,台地縁辺部,50×30,縄文・弥生,89,139.675706345,35.50020624,JsonThemeAroundPoint:x/y,139.675673656329,35.5004438794661,6826.95121985501,1,12,1602-1430,0,埋蔵文化財包蔵地,5,139.675706345,35.50020624,鶴見区NO.92,鶴見区,鶴見区NO.92,埋蔵文化財包蔵地,,[],宅地・墓地,鶴見区,鶴見一丁目4付近,縄文・弥生,89,集落跡・貝塚,台地縁辺部,50×30,,,
464-1430,464,1430,埋蔵文化財包蔵地,鶴見区NO.93,鶴見区NO.93,鶴見区NO.93,鶴見二丁目1付近,散布地,墓地,台地斜面,,(不明),90,139.67140937,35.50452294,JsonThemeAroundPoint:x/y,139.671409356593,35.5045303836873,7069.25251030739,1,12,464-1430,0,埋蔵文化財包蔵地,5,139.67140937,35.50452294,鶴見区NO.93,鶴見区,鶴見区NO.93,埋蔵文化財包蔵地,,[],墓地,鶴見区,鶴見二丁目1付近,(不明),90,散布地,台地斜面,,,,
465-1430,465,1430,埋蔵文化財包蔵地,鶴見区NO.94,鶴見区NO.94,鶴見区NO.94,鶴見二丁目3付近,散布地,墓地,台地上,,(不明),108,139.670483905,35.50378505,JsonThemeAroundPoint:x/y,139.670483889844,35.5037924918914,6959.12788153632,1,12,465-1430,0,埋蔵文化財包蔵地,5,139.670483905,35.50378505,鶴見区NO.94,鶴見区,鶴見区NO.94,埋蔵文化財包蔵地,,[],墓地,鶴見区,鶴見二丁目3付近,(不明),108,散布地,台地上,,,,
462-1430,462,1430,埋蔵文化財包蔵地,鶴見区NO.95,鶴見区NO.95,鶴見区NO.95,東寺尾中台6付近,散布地,宅地,台地上・斜面,,縄文(前・中期)・弥生(後期),71,139.66601662,35.50483573,JsonThemeAroundPoint:x/y,139.66601660671,35.5048431713505,6904.83648027998,1,12,462-1430,0,埋蔵文化財包蔵地,5,139.66601662,35.50483573,鶴見区NO.95,鶴見区,鶴見区NO.95,埋蔵文化財包蔵地,,[],宅地,鶴見区,東寺尾中台6付近,縄文(前・中期)・弥生(後期),71,散布地,台地上・斜面,,,,
1599-1430,1599,1430,埋蔵文化財包蔵地,鶴見区NO.96,鶴見区NO.96,鶴見区NO.96,東寺尾中台3付近,貝塚,宅地,台地上,,縄文(前・後期),92,139.666280335,35.50301871,JsonThemeAroundPoint:x/y,139.666324188112,35.5029644844638,6726.69341655206,1,12,1599-1430,0,埋蔵文化財包蔵地,5,139.666280335,35.50301871,鶴見区NO.96,鶴見区,鶴見区NO.96,埋蔵文化財包蔵地,,[],宅地,鶴見区,東寺尾中台3付近,縄文(前・後期),92,貝塚,台地上,,,,
1600-1430,1600,1430,埋蔵文化財包蔵地,鶴見区NO.97,鶴見区NO.97,鶴見区NO.97,東寺尾六丁目3付近,集落跡・貝塚,道路・宅地,台地上,,縄文(中・後期),91,139.664969585,35.500569885,JsonThemeAroundPoint:x/y,139.664935716025,35.5006240423693,6429.54434955042,1,12,1600-1430,0,埋蔵文化財包蔵地,5,139.664969585,35.500569885,鶴見区NO.97,鶴見区,鶴見区NO.97,埋蔵文化財包蔵地,,[],道路・宅地,鶴見区,東寺尾六丁目3付近,縄文(中・後期),91,集落跡・貝塚,台地上,,,,
1601-1430,1601,1430,埋蔵文化財包蔵地,鶴見区NO.98,鶴見区NO.98,鶴見区NO.98,鶴見二丁目1付近,貝塚,墓地,台地上,,縄文,107,139.671293935,35.502218815,JsonThemeAroundPoint:x/y,139.671266462801,35.502172636195,6834.25260511011,1,12,1601-1430,0,埋蔵文化財包蔵地,5,139.671293935,35.502218815,鶴見区NO.98,鶴見区,鶴見区NO.98,埋蔵文化財包蔵地,,[],墓地,鶴見区,鶴見二丁目1付近,縄文,107,貝塚,台地上,,,,
1598-1430,1598,1430,埋蔵文化財包蔵地,鶴見区NO.99,鶴見区NO.99,鶴見区NO.99,東寺尾六丁目26付近,散布地,荒地,台地上,150×25,縄文(早・前期)・古墳,70,139.663304425,35.50461306,JsonThemeAroundPoint:x/y,139.663304610197,35.5045870317673,6794.18212941421,1,12,1598-1430,0,埋蔵文化財包蔵地,5,139.663304425,35.50461306,鶴見区NO.99,鶴見区,鶴見区NO.99,埋蔵文化財包蔵地,,[],荒地,鶴見区,東寺尾六丁目26付近,縄文(早・前期)・古墳,70,散布地,台地上,150×25,,,
