uid,FeatureID,lid,lnm,t,ProxyLon,ProxyLat,center_x,center_y,distance
1524-1430,1524,1430,埋蔵文化財包蔵地,中区NO.1,139.629286805,35.4410579,139.629277167551,35.4410366423651,1027.0442475332
439-1430,439,1430,埋蔵文化財包蔵地,中区NO.10,139.645824685,35.418880145,139.645824667706,35.4188878096257,3233.85995064546
1536-1430,1536,1430,埋蔵文化財包蔵地,中区NO.11,139.649214225,35.41821187,139.649270325054,35.4180904369057,3387.55992781483
1537-1430,1537,1430,埋蔵文化財包蔵地,中区NO.12,139.65528127,35.4201267,139.655238226141,35.4200701726245,3404.685329201
2357-1430,2357,1430,埋蔵文化財包蔵地,中区NO.13,139.656987705,35.418559775,139.656989791414,35.4185563398761,3631.4411061527
1538-1430,1538,1430,埋蔵文化財包蔵地,中区NO.14,139.65991268,35.422270235,139.659855969524,35.4223119623401,3423.78716533447
1539-1430,1539,1430,埋蔵文化財包蔵地,中区NO.15,139.662453135,35.413087095,139.662519454345,35.413109687005,4405.58385115991
2359-1430,2359,1430,埋蔵文化財包蔵地,中区NO.16,139.663553465,35.424170685,139.663549115211,35.4241671730582,3468.24411604459
1541-1430,1541,1430,埋蔵文化財包蔵地,中区NO.17,139.667725595,35.41164016,139.667676096447,35.4116743705232,4798.35551083107
1529-1430,1529,1430,埋蔵文化財包蔵地,中区NO.19,139.65884887,35.43438298,139.658868692177,35.4344206243743,2384.79346935182
1526-1430,1526,1430,埋蔵文化財包蔵地,中区NO.2,139.65487863,35.43796518,139.654884631404,35.4378856457428,1861.07571815677
1527-1430,1527,1430,埋蔵文化財包蔵地,中区NO.20,139.656289442501,35.4366332549724,139.656138718314,35.4366081540532,2050.14955349765
1525-1430,1525,1430,埋蔵文化財包蔵地,中区NO.21,139.649274435,35.442206675,139.649133873968,35.4421324946213,1182.58722660848
2358-1430,2358,1430,埋蔵文化財包蔵地,中区NO.22,139.657800475,35.418675435,139.657803334812,35.4186754422987,3656.19862193649
2421-1430,2421,1430,埋蔵文化財包蔵地,中区NO.23,139.631801435,35.44736417,139.631627991376,35.4474285916676,539.59530887852
2410-1430,2410,1430,埋蔵文化財包蔵地,中区NO.24,139.64644368,35.450220885,139.646368318079,35.4501625772591,856.557436910946
2411-1430,2411,1430,埋蔵文化財包蔵地,中区NO.25,139.64732554,35.446084575,139.647294321143,35.4464074667535,876.383091868057
2412-1430,2412,1430,埋蔵文化財包蔵地,中区NO.26,139.653588395,35.441830005,139.653691008019,35.4419373687287,1554.39196824383
2413-1430,2413,1430,埋蔵文化財包蔵地,中区NO.27,139.65665085,35.437847835,139.656682483271,35.4379875404639,2003.73371723788
2414-1430,2414,1430,埋蔵文化財包蔵地,中区NO.28,139.65425446,35.43604604,139.654156336745,35.43594055496,1943.00385114333
2415-1430,2415,1430,埋蔵文化財包蔵地,中区NO.29,139.65423071,35.434514355,139.654167809683,35.434559440219,2054.40315528855
1528-1430,1528,1430,埋蔵文化財包蔵地,中区NO.3,139.65468381,35.43474741,139.654593090051,35.4347724520194,2066.98425549381
2416-1430,2416,1430,埋蔵文化財包蔵地,中区NO.30,139.65692889,35.432907975,139.656833268125,35.43281237265,2355.17934984632
1532-1430,1532,1430,埋蔵文化財包蔵地,中区NO.31,139.64496395,35.44474606,139.644964364919,35.4447459184277,708.14788587049
1530-1430,1530,1430,埋蔵文化財包蔵地,中区NO.32,139.637419365,35.44738061,139.637431989222,35.4471642038014,36.4646282373457
1531-1430,1531,1430,埋蔵文化財包蔵地,中区NO.33,139.64388544,35.44854049,139.643869549587,35.4485962609461,575.620661539056
2423-1430,2423,1430,埋蔵文化財包蔵地,中区NO.34,139.640984441518,35.4406454377129,139.640873477038,35.4406007258534,785.410691875098
1534-1430,1534,1430,埋蔵文化財包蔵地,中区NO.4,139.633434585,35.423149365,139.633410586466,35.4232757028193,2703.549938097
1533-1430,1533,1430,埋蔵文化財包蔵地,中区NO.5,139.632102755,35.42196467,139.632031574481,35.4218886932731,2853.18736494367
1535-1430,1535,1430,埋蔵文化財包蔵地,中区NO.6,139.632245685,35.420247265,139.632156384845,35.4202078069909,3039.17918385786
436-1430,436,1430,埋蔵文化財包蔵地,中区NO.7,139.635316385,35.421298545,139.635316364841,35.4213062128782,2889.4255050434
437-1430,437,1430,埋蔵文化財包蔵地,中区NO.8,139.634549455,35.417743805,139.634549435756,35.4177514673762,3289.25960522891
438-1430,438,1430,埋蔵文化財包蔵地,中区NO.9,139.64492787,35.42005006,139.644927850189,35.4200577261711,3089.10009977232
1540-1430,1540,1430,埋蔵文化財包蔵地,中区NO.C-12,139.662183425,35.41345977,139.662578210463,35.4135719582928,4357.45653386844
2052-1430,2052,1430,埋蔵文化財包蔵地,保土ヶ谷区NO.1,139.556298975,35.492634235,139.556617133088,35.492539203958,8946.5650330118
2061-1430,2061,1430,埋蔵文化財包蔵地,保土ヶ谷区NO.10,139.601881565,35.47808247,139.602339541748,35.4778626410239,4730.056441259
2062-1430,2062,1430,埋蔵文化財包蔵地,保土ヶ谷区NO.11,139.56544076,35.476270905,139.565494234167,35.4762572772688,7308.00285955054
2063-1430,2063,1430,埋蔵文化財包蔵地,保土ヶ谷区NO.12,139.56656049,35.47586199,139.566508732704,35.4758104244867,7196.87415775301
2064-1430,2064,1430,埋蔵文化財包蔵地,保土ヶ谷区NO.13,139.567912005,35.476268675,139.568091917026,35.4762851188196,7107.75147247893
2067-1430,2067,1430,埋蔵文化財包蔵地,保土ヶ谷区NO.14,139.57788799,35.475200805,139.577906820295,35.4752598863067,6256.09677457033
2066-1430,2066,1430,埋蔵文化財包蔵地,保土ヶ谷区NO.15,139.572319065,35.475567865,139.572319565739,35.4755678243864,6717.56354108152
2068-1430,2068,1430,埋蔵文化財包蔵地,保土ヶ谷区NO.16,139.581166915,35.47171711,139.58136155828,35.4717795093823,5808.46464194477
2069-1430,2069,1430,埋蔵文化財包蔵地,保土ヶ谷区NO.17,139.56965995,35.471065645,139.569702561843,35.4709517584383,6717.96374976434
2070-1430,2070,1430,埋蔵文化財包蔵地,保土ヶ谷区NO.18,139.56643532,35.4709774,139.566156821954,35.470934287047,6983.63160465958
2071-1430,2071,1430,埋蔵文化財包蔵地,保土ヶ谷区NO.19,139.56571091,35.469155155,139.565705897803,35.4690560819259,6970.83471672005
2053-1430,2053,1430,埋蔵文化財包蔵地,保土ヶ谷区NO.2,139.568737545,35.49021776,139.568449558781,35.4899022873069,7875.53580263753
2072-1430,2072,1430,埋蔵文化財包蔵地,保土ヶ谷区NO.20,139.5679087,35.468243895,139.568388888843,35.4681564883378,6748.81030855248
2073-1430,2073,1430,埋蔵文化財包蔵地,保土ヶ谷区NO.21,139.564999595,35.465261055,139.565370653075,35.4652827939566,6892.7221678491
2074-1430,2074,1430,埋蔵文化財包蔵地,保土ヶ谷区NO.22,139.575108245,35.46558669,139.574991714337,35.4655136973562,6034.52922849737
2075-1430,2075,1430,埋蔵文化財包蔵地,保土ヶ谷区NO.23,139.57821258,35.464249655,139.578271609175,35.4642290156471,5719.60448380685
2076-1430,2076,1430,埋蔵文化財包蔵地,保土ヶ谷区NO.24,139.57801438,35.462762465,139.577957169688,35.4627845772089,5683.98438468469
2077-1430,2077,1430,埋蔵文化財包蔵地,保土ヶ谷区NO.25,139.581261505,35.460413215,139.581279234537,35.4601644020041,5326.4609507175
2078-1430,2078,1430,埋蔵文化財包蔵地,保土ヶ谷区NO.26,139.57524181,35.457431465,139.575410839833,35.4573672820578,5778.33741633714
2079-1430,2079,1430,埋蔵文化財包蔵地,保土ヶ谷区NO.27,139.579472375,35.45751738,139.579124474123,35.4575011419366,5405.00616373334
2080-1430,2080,1430,埋蔵文化財包蔵地,保土ヶ谷区NO.28,139.58417459,35.45788745,139.584278333475,35.4579164541146,4999.04540398085
2081-1430,2081,1430,埋蔵文化財包蔵地,保土ヶ谷区NO.29,139.597064445,35.474170685,139.597020815327,35.4740023140314,4754.07773659066
2057-1430,2057,1430,埋蔵文化財包蔵地,保土ヶ谷区NO.3,139.564373655,35.48485997,139.564317848,35.4845764250928,7859.87731886278
2082-1430,2082,1430,埋蔵文化財包蔵地,保土ヶ谷区NO.30,139.598991615,35.472501855,139.598945156125,35.4725129654235,4501.55891187815
2083-1430,2083,1430,埋蔵文化財包蔵地,保土ヶ谷区NO.31,139.601407655,35.47212103,139.601311011367,35.4722433986474,4305.46076100107
2084-1430,2084,1430,埋蔵文化財包蔵地,保土ヶ谷区NO.32,139.600186625,35.469838915,139.600168619662,35.4698554049572,4234.94579395899
2087-1430,2087,1430,埋蔵文化財包蔵地,保土ヶ谷区NO.33,139.593792135,35.470224425,139.593577088806,35.4702821146058,4736.47804751467
500-1430,500,1430,埋蔵文化財包蔵地,保土ヶ谷区NO.34,139.587320525,35.46865308,139.587320503142,35.468660522798,5156.18234759144
501-1430,501,1430,埋蔵文化財包蔵地,保土ヶ谷区NO.35,139.586162215,35.467571585,139.586162191221,35.4675790292768,5195.85268552275
2086-1430,2086,1430,埋蔵文化財包蔵地,保土ヶ谷区NO.36,139.58612599,35.464593765,139.586060846781,35.4645858282439,5063.15900485394
502-1430,502,1430,埋蔵文化財包蔵地,保土ヶ谷区NO.37,139.587413215,35.46338558,139.587413191936,35.463393020572,4904.63161521935
503-1430,503,1430,埋蔵文化財包蔵地,保土ヶ谷区NO.38,139.597379455,35.46589005,139.597379432769,35.4658974931619,4208.51136825817
2085-1430,2085,1430,埋蔵文化財包蔵地,保土ヶ谷区NO.39,139.60128649,35.46728177,139.601308306592,35.4671928686055,3989.21603337667
2058-1430,2058,1430,埋蔵文化財包蔵地,保土ヶ谷区NO.4,139.56487292,35.481553685,139.564471700097,35.4816756057204,7630.92715005886
504-1430,504,1430,埋蔵文化財包蔵地,保土ヶ谷区NO.40,139.60269737,35.46691336,139.602697347853,35.4669207997466,3860.52117849118
499-1430,499,1430,埋蔵文化財包蔵地,保土ヶ谷区NO.41,139.592124955,35.45495641,139.592124932073,35.4549638478769,4224.14778013123
2114-1430,2114,1430,埋蔵文化財包蔵地,保土ヶ谷区NO.42,139.583962975,35.4550582,139.583697474123,35.4550088689109,4952.5186859888
2115-1430,2115,1430,埋蔵文化財包蔵地,保土ヶ谷区NO.43,139.572054115,35.45151233,139.572035170413,35.4514845860493,5973.25964768348
2113-1430,2113,1430,埋蔵文化財包蔵地,保土ヶ谷区NO.44,139.574824515,35.45132665,139.574782677505,35.4516126579682,5721.34155144629
2112-1430,2112,1430,埋蔵文化財包蔵地,保土ヶ谷区NO.45,139.57688028,35.449631275,139.576817822613,35.4496526897395,5523.20138768279
2111-1430,2111,1430,埋蔵文化財包蔵地,保土ヶ谷区NO.46,139.573196265,35.449132525,139.573145570583,35.4491448416935,5854.38585558334
508-1430,508,1430,埋蔵文化財包蔵地,保土ヶ谷区NO.47,139.5713833,35.448912895,139.5713832729,35.4489203350316,6017.75437518488
507-1430,507,1430,埋蔵文化財包蔵地,保土ヶ谷区NO.48,139.570355255,35.447910435,139.570355233213,35.4479178773857,6108.40751590236
506-1430,506,1430,埋蔵文化財包蔵地,保土ヶ谷区NO.49,139.567951455,35.447521685,139.567951432998,35.4475291260443,6325.84099629354
2054-1430,2054,1430,埋蔵文化財包蔵地,保土ヶ谷区NO.5,139.571035525,35.485927855,139.571077149315,35.485784665887,7424.4252733597
505-1430,505,1430,埋蔵文化財包蔵地,保土ヶ谷区NO.50,139.56513656,35.447440405,139.565136535755,35.4474478440068,6580.89599867239
2094-1430,2094,1430,埋蔵文化財包蔵地,保土ヶ谷区NO.51,139.56289222,35.447687605,139.563100751362,35.4477708211732,6784.4556745449
2091-1430,2091,1430,埋蔵文化財包蔵地,保土ヶ谷区NO.52,139.552086355,35.448881575,139.552020859235,35.4488307777772,7765.79110219763
2090-1430,2090,1430,埋蔵文化財包蔵地,保土ヶ谷区NO.53,139.55073152,35.44839052,139.550722043678,35.4483303584041,7887.42975188282
510-1430,510,1430,埋蔵文化財包蔵地,保土ヶ谷区NO.54,139.5562354,35.447216365,139.556235372278,35.4472238097785,7387.51643217427
2092-1430,2092,1430,埋蔵文化財包蔵地,保土ヶ谷区NO.55,139.555302535,35.445486125,139.555303382989,35.4454977440923,7474.4789950138
2093-1430,2093,1430,埋蔵文化財包蔵地,保土ヶ谷区NO.56,139.557657345,35.44554074,139.557740923603,35.4454378816725,7260.986596799
511-1430,511,1430,埋蔵文化財包蔵地,保土ヶ谷区NO.57,139.558634725,35.443668115,139.558634703363,35.44367570288,7180.80852535944
2095-1430,2095,1430,埋蔵文化財包蔵地,保土ヶ谷区NO.58,139.562972125,35.444420625,139.562909343625,35.4444206970812,6784.0238730363
2096-1430,2096,1430,埋蔵文化財包蔵地,保土ヶ谷区NO.59,139.56639582,35.44488958,139.566455867687,35.4448590295114,6471.80689473689
2055-1430,2055,1430,埋蔵文化財包蔵地,保土ヶ谷区NO.6,139.5729578,35.484397525,139.572998610315,35.4843579897734,7183.85445326738
2097-1430,2097,1430,埋蔵文化財包蔵地,保土ヶ谷区NO.60,139.566577795,35.44362313,139.566578127771,35.443623295144,6462.46179560897
2098-1430,2098,1430,埋蔵文化財包蔵地,保土ヶ谷区NO.61,139.566455275,35.443217375,139.566461357884,35.4432028818185,6476.47252426473
2099-1430,2099,1430,埋蔵文化財包蔵地,保土ヶ谷区NO.62,139.572513435,35.445596685,139.572673529499,35.4456531131021,5914.98028541001
509-1430,509,1430,埋蔵文化財包蔵地,保土ヶ谷区NO.63,139.574265385,35.445548725,139.57426535773,35.4455561696712,5756.44935069553
2109-1430,2109,1430,埋蔵文化財包蔵地,保土ヶ谷区NO.64,139.57883945,35.446649245,139.578904672266,35.4464561184727,5339.34890343678
2110-1430,2110,1430,埋蔵文化財包蔵地,保土ヶ谷区NO.65,139.584613565,35.444802415,139.584600321996,35.4448073736305,4823.0742756094
2100-1430,2100,1430,埋蔵文化財包蔵地,保土ヶ谷区NO.66,139.56985546,35.44193923,139.569835158192,35.4419661284316,6180.91277162971
2101-1430,2101,1430,埋蔵文化財包蔵地,保土ヶ谷区NO.67,139.5622796,35.440939755,139.561983138828,35.4411881922419,6875.07439067521
2102-1430,2102,1430,埋蔵文化財包蔵地,保土ヶ谷区NO.68,139.56418233,35.438664525,139.564097285514,35.4385387721138,6734.53183118351
2103-1430,2103,1430,埋蔵文化財包蔵地,保土ヶ谷区NO.69,139.56548511,35.43879672,139.565515374118,35.4387181353092,6615.57228849265
2056-1430,2056,1430,埋蔵文化財包蔵地,保土ヶ谷区NO.7,139.5703035,35.482678485,139.570202245144,35.4827618193757,7276.28839070785
2104-1430,2104,1430,埋蔵文化財包蔵地,保土ヶ谷区NO.70,139.568854275,35.439186435,139.568820547408,35.4391369407566,6307.17601388824
2108-1430,2108,1430,埋蔵文化財包蔵地,保土ヶ谷区NO.71,139.577440205,35.438062295,139.577658557794,35.4380681794374,5559.45419336705
2105-1430,2105,1430,埋蔵文化財包蔵地,保土ヶ谷区NO.72,139.562116765,35.43550454,139.562152488792,35.4353937373855,6976.81718113356
2106-1430,2106,1430,埋蔵文化財包蔵地,保土ヶ谷区NO.73,139.564995785,35.434007935,139.564937762162,35.4338157262074,6754.84883311334
2107-1430,2107,1430,埋蔵文化財包蔵地,保土ヶ谷区NO.74,139.568086485,35.433939895,139.568177490483,35.4339446251546,6483.44058142833
2116-1430,2116,1430,埋蔵文化財包蔵地,保土ヶ谷区NO.75,139.592118275,35.453727585,139.592014446084,35.4538019753712,4198.93941425802
514-1430,514,1430,埋蔵文化財包蔵地,保土ヶ谷区NO.76,139.591070115,35.43997221,139.591070092791,35.4399796555527,4306.23703566362
2118-1430,2118,1430,埋蔵文化財包蔵地,保土ヶ谷区NO.77,139.59350041,35.440173345,139.593617817126,35.440232568599,4085.72752929689
512-1430,512,1430,埋蔵文化財包蔵地,保土ヶ谷区NO.78,139.597718585,35.439065765,139.59771856595,35.4390732095906,3739.10319204035
2120-1430,2120,1430,埋蔵文化財包蔵地,保土ヶ谷区NO.79,139.59836747,35.437289715,139.598334256264,35.4372995144716,3735.5170737935
2059-1430,2059,1430,埋蔵文化財包蔵地,保土ヶ谷区NO.8,139.595355695,35.477994125,139.59606909965,35.4776158615077,5147.9007338893
2119-1430,2119,1430,埋蔵文化財包蔵地,保土ヶ谷区NO.80,139.60075097,35.439435495,139.600704369786,35.4394447369196,3462.60421002677
513-1430,513,1430,埋蔵文化財包蔵地,保土ヶ谷区NO.81,139.604695555,35.437293985,139.604695532777,35.4373014282138,3191.87609842242
2121-1430,2121,1430,埋蔵文化財包蔵地,保土ヶ谷区NO.82,139.5800769,35.430193415,139.579971819501,35.4302445726042,5558.56971034835
2088-1430,2088,1430,埋蔵文化財包蔵地,保土ヶ谷区NO.83,139.592088885,35.45657761,139.592076301372,35.4565482286795,4267.83161707932
2089-1430,2089,1430,埋蔵文化財包蔵地,保土ヶ谷区NO.84,139.59237162,35.456095895,139.592350920142,35.4561124788253,4230.12882839235
2117-1430,2117,1430,埋蔵文化財包蔵地,保土ヶ谷区NO.85,139.592222295,35.448810675,139.592158339622,35.4486857418162,4130.07641728288
2065-1430,2065,1430,埋蔵文化財包蔵地,保土ヶ谷区NO.86,139.567022665,35.4746717,139.567023296289,35.4746717378972,7101.35879336515
2060-1430,2060,1430,埋蔵文化財包蔵地,保土ヶ谷区NO.9,139.600364165,35.47691762,139.600551858475,35.477005024129,4734.20699897201
2026-1430,2026,1430,埋蔵文化財包蔵地,南区NO.1,139.59754633,35.436713225,139.597497329767,35.4366444139734,3825.74360263929
2034-1430,2034,1430,埋蔵文化財包蔵地,南区NO.10,139.612197435,35.435835175,139.612228926188,35.435811445114,2638.3189551104
2032-1430,2032,1430,埋蔵文化財包蔵地,南区NO.11,139.612091565,35.433349485,139.611958325839,35.4332504972135,2789.38820767557
2035-1430,2035,1430,埋蔵文化財包蔵地,南区NO.12,139.614143025,35.43387028,139.614138740853,35.4338523459428,2602.965538733
487-1430,487,1430,埋蔵文化財包蔵地,南区NO.13,139.620184375,35.43757862,139.620184357726,35.4375860597885,1918.17734043097
488-1430,488,1430,埋蔵文化財包蔵地,南区NO.14,139.58181089,35.42911222,139.581810869717,35.4291196625141,5454.27523082052
2036-1430,2036,1430,埋蔵文化財包蔵地,南区NO.15,139.58326271,35.4293895,139.583223011064,35.4293312480147,5320.63921132622
489-1430,489,1430,埋蔵文化財包蔵地,南区NO.16,139.57979508,35.425647475,139.579795054524,35.4256549177682,5773.57542515396
2037-1430,2037,1430,埋蔵文化財包蔵地,南区NO.17,139.581995915,35.424633455,139.582005974312,35.4246584347609,5642.01180464325
2038-1430,2038,1430,埋蔵文化財包蔵地,南区NO.18,139.58394533,35.420233075,139.583993666762,35.4201477327603,5724.95790854372
2039-1430,2039,1430,埋蔵文化財包蔵地,南区NO.19,139.58245958,35.41635694,139.582459951049,35.4163371711091,6072.82078863518
485-1430,485,1430,埋蔵文化財包蔵地,南区NO.2,139.598750805,35.436509965,139.598750780693,35.4365174043429,3729.07711804874
2042-1430,2042,1430,埋蔵文化財包蔵地,南区NO.20,139.58640366,35.42655126,139.586349079736,35.4264912220975,5189.3664328108
2041-1430,2041,1430,埋蔵文化財包蔵地,南区NO.21,139.588648825,35.4240813,139.588446547751,35.4240323947079,5139.5363119056
493-1430,493,1430,埋蔵文化財包蔵地,南区NO.22,139.59211183,35.425034245,139.592111809194,35.4250416906976,4815.20516642153
491-1430,491,1430,埋蔵文化財包蔵地,南区NO.23,139.594839775,35.428966515,139.594839750461,35.4289739590259,4385.95497735045
492-1430,492,1430,埋蔵文化財包蔵地,南区NO.24,139.595918955,35.428624145,139.59591893305,35.4286315847819,4317.56888781035
2040-1430,2040,1430,埋蔵文化財包蔵地,南区NO.25,139.595426298264,35.4268649916675,139.595393295858,35.4268366979196,4452.9610655009
2386-1430,2386,1430,埋蔵文化財包蔵地,南区NO.26,139.595560247353,35.4265179358254,139.595564285037,35.4265145167466,4462.28826848219
495-1430,495,1430,埋蔵文化財包蔵地,南区NO.27,139.60117393,35.42409344,139.601173905904,35.4241008819043,4194.50979676204
494-1430,494,1430,埋蔵文化財包蔵地,南区NO.28,139.595993155,35.42327403,139.595993134523,35.4232814733747,4626.44652452901
2050-1430,2050,1430,埋蔵文化財包蔵地,南区NO.29,139.600613825,35.420959395,139.600596288541,35.4209423002746,4454.95991658518
2027-1430,2027,1430,埋蔵文化財包蔵地,南区NO.3,139.596491375,35.43251513,139.596476370247,35.4325076348236,4080.38287220164
496-1430,496,1430,埋蔵文化財包蔵地,南区NO.30,139.597696205,35.41875305,139.597696185772,35.4187604946875,4815.54209920869
2387-1430,2387,1430,埋蔵文化財包蔵地,南区NO.31,139.58983252,35.419882675,139.589847805562,35.4198871101414,5300.17554670142
2043-1430,2043,1430,埋蔵文化財包蔵地,南区NO.32,139.592433225,35.418527295,139.592377940153,35.4185315879251,5199.93608827424
498-1430,498,1430,埋蔵文化財包蔵地,南区NO.33,139.587179085,35.415607855,139.587179064961,35.4156152968849,5775.32400821269
2044-1430,2044,1430,埋蔵文化財包蔵地,南区NO.34,139.595904375,35.41723352,139.595830311129,35.4171518526456,5049.06771829852
2045-1430,2045,1430,埋蔵文化財包蔵地,南区NO.35,139.59731396,35.417651775,139.597369973394,35.4176307910545,4922.64652386332
2388-1430,2388,1430,埋蔵文化財包蔵地,南区NO.36,139.595192025,35.41572865,139.595198711499,35.41571612723,5208.73898578412
497-1430,497,1430,埋蔵文化財包蔵地,南区NO.37,139.59760765,35.4152197,139.597607624487,35.4152271383159,5088.19595065014
2046-1430,2046,1430,埋蔵文化財包蔵地,南区NO.38,139.61302359,35.423790795,139.613066674875,35.4235739496098,3435.35164639453
2049-1430,2049,1430,埋蔵文化財包蔵地,南区NO.39,139.61714017,35.42141464,139.616851997082,35.4210310893533,3422.73214551119
2028-1430,2028,1430,埋蔵文化財包蔵地,南区NO.4,139.59999652,35.43291748,139.600016441494,35.432847255902,3772.34866585588
2047-1430,2047,1430,埋蔵文化財包蔵地,南区NO.40,139.619306975,35.421656735,139.619237575035,35.4217615213346,3296.40366928552
2048-1430,2048,1430,埋蔵文化財包蔵地,南区NO.41,139.622740345,35.42496155,139.622853927443,35.4249285404299,2822.93406438192
2051-1430,2051,1430,埋蔵文化財包蔵地,南区NO.42,139.628227285,35.425702095,139.628204973648,35.4256666457565,2542.14152280695
490-1430,490,1430,埋蔵文化財包蔵地,南区NO.43,139.581180975,35.421547675,139.581180950023,35.4215551182052,5867.30000008492
2389-1430,2389,1430,埋蔵文化財包蔵地,南区NO.44,139.613932025,35.42366815,139.613930854881,35.4236589806039,3392.73568987202
2029-1430,2029,1430,埋蔵文化財包蔵地,南区NO.5,139.603664395,35.435791145,139.603627145115,35.4357127490827,3339.60963432785
486-1430,486,1430,埋蔵文化財包蔵地,南区NO.6,139.608393435,35.435169325,139.608393411353,35.4351767695031,2978.0980212879
2030-1430,2030,1430,埋蔵文化財包蔵地,南区NO.7,139.6078557,35.434292545,139.607712620765,35.4341487014882,3066.14956125135
2031-1430,2031,1430,埋蔵文化財包蔵地,南区NO.8,139.607932055,35.43275867,139.607947981072,35.4327610565391,3143.69609246907
2033-1430,2033,1430,埋蔵文化財包蔵地,南区NO.9,139.61129016,35.435481305,139.611268675486,35.4354507810038,2729.35579667407
763-1430,763,1430,埋蔵文化財包蔵地,戸塚区NO.1,139.544759125,35.441398495,139.544803438729,35.4413055565035,8452.20779007122
798-1430,798,1430,埋蔵文化財包蔵地,戸塚区NO.10,139.53217417,35.42879103,139.531975125282,35.4288299197321,9784.70662410105
839-1430,839,1430,埋蔵文化財包蔵地,戸塚区NO.100,139.51975897,35.387175425,139.519609554626,35.3870855939227,12606.651825821
146-1430,146,1430,埋蔵文化財包蔵地,戸塚区NO.101,139.523082185,35.388008585,139.523082158818,35.3880160287664,12302.369485963
145-1430,145,1430,埋蔵文化財包蔵地,戸塚区NO.102,139.531980855,35.394824815,139.531980827554,35.3948322557316,11217.2559579964
843-1430,843,1430,埋蔵文化財包蔵地,戸塚区NO.103,139.53198119,35.39355579,139.531955866181,35.3935619452676,11291.1975908569
842-1430,842,1430,埋蔵文化財包蔵地,戸塚区NO.104,139.53163549,35.391233765,139.531703293228,35.3912163461424,11456.103732634
147-1430,147,1430,埋蔵文化財包蔵地,戸塚区NO.105,139.52892917,35.38825163,139.52892914334,35.3882598161865,11843.1622359262
841-1430,841,1430,埋蔵文化財包蔵地,戸塚区NO.106,139.53129325,35.38823095,139.531272748278,35.3882160431857,11666.6485604503
148-1430,148,1430,埋蔵文化財包蔵地,戸塚区NO.107,139.531885985,35.38764204,139.531885951259,35.3876502277827,11659.3666566964
840-1430,840,1430,埋蔵文化財包蔵地,戸塚区NO.108,139.52636658,35.3870217,139.526352661126,35.3869773806358,12112.31852017
846-1430,846,1430,埋蔵文化財包蔵地,戸塚区NO.109,139.545691275,35.393560965,139.545699704225,35.393446196385,10257.0995994989
792-1430,792,1430,埋蔵文化財包蔵地,戸塚区NO.11,139.534588235,35.424044545,139.534619336301,35.4239542008337,9697.56862141355
847-1430,847,1430,埋蔵文化財包蔵地,戸塚区NO.110,139.54367881,35.389713855,139.543668400728,35.3895311131387,10657.1524105473
848-1430,848,1430,埋蔵文化財包蔵地,戸塚区NO.111,139.545737815,35.38850164,139.545771266075,35.3884517709085,10591.0754976874
856-1430,856,1430,埋蔵文化財包蔵地,戸塚区NO.112,139.552192605,35.408189335,139.55227726791,35.4081023813514,8885.52937475649
855-1430,855,1430,埋蔵文化財包蔵地,戸塚区NO.113,139.555430155,35.407170035,139.555125281778,35.4072704739526,8688.2441145551
854-1430,854,1430,埋蔵文化財包蔵地,戸塚区NO.114,139.558090205,35.40560045,139.558003940377,35.4054259359116,8575.08942371905
857-1430,857,1430,埋蔵文化財包蔵地,戸塚区NO.115,139.5486305,35.40374766,139.548720668395,35.4039283615956,9412.51590476899
860-1430,860,1430,埋蔵文化財包蔵地,戸塚区NO.116,139.550043685,35.398929475,139.549814411167,35.3989419618103,9592.27846325938
858-1430,858,1430,埋蔵文化財包蔵地,戸塚区NO.117,139.550763345,35.40388831,139.550781139219,35.4039389446457,9239.02008717277
859-1430,859,1430,埋蔵文化財包蔵地,戸塚区NO.118,139.552934825,35.402263525,139.553093626455,35.4019305257488,9168.95404668715
150-1430,150,1430,埋蔵文化財包蔵地,戸塚区NO.119,139.547200425,35.39865559,139.547200399977,35.3986630301681,9823.57531124428
888-1430,888,1430,埋蔵文化財包蔵地,戸塚区NO.119,139.518267393856,35.381864685557,139.518069869699,35.3818523017383,13041.2957325989
797-1430,797,1430,埋蔵文化財包蔵地,戸塚区NO.12,139.540008585,35.429287355,139.540228996119,35.4292386179155,9079.36252969273
853-1430,853,1430,埋蔵文化財包蔵地,戸塚区NO.120,139.559556105,35.40065513,139.559397448179,35.4006285108528,8776.42654850311
849-1430,849,1430,埋蔵文化財包蔵地,戸塚区NO.121,139.559139085,35.40092516,139.559139462153,35.4009251586761,8789.3446730814
850-1430,850,1430,埋蔵文化財包蔵地,戸塚区NO.121,139.558046865,35.400498375,139.558047153851,35.4004983778032,8897.40398860213
851-1430,851,1430,埋蔵文化財包蔵地,戸塚区NO.121,139.558179405,35.40070995,139.558179790825,35.4007099517982,8873.91834016208
852-1430,852,1430,埋蔵文化財包蔵地,戸塚区NO.121,139.557716335,35.40014241,139.557716717428,35.4001424071434,8944.85541235772
867-1430,867,1430,埋蔵文化財包蔵地,戸塚区NO.122,139.559828005,35.39679924,139.559789215095,35.3967764645194,9016.80452985021
866-1430,866,1430,埋蔵文化財包蔵地,戸塚区NO.123,139.55609922,35.396132495,139.556088546652,35.3966109026782,9328.8231869619
861-1430,861,1430,埋蔵文化財包蔵地,戸塚区NO.124,139.55258196,35.396928125,139.552531879855,35.3968852555178,9531.43680033555
862-1430,862,1430,埋蔵文化財包蔵地,戸塚区NO.125,139.5477109,35.39485819,139.547635785178,35.39485424796,10024.2826248551
153-1430,153,1430,埋蔵文化財包蔵地,戸塚区NO.126,139.548888245,35.392571965,139.548888216499,35.3925801497905,10088.7363174871
154-1430,154,1430,埋蔵文化財包蔵地,戸塚区NO.127,139.54825123,35.39124929,139.548251201639,35.3912574805235,10223.7804359704
155-1430,155,1430,埋蔵文化財包蔵地,戸塚区NO.128,139.548105525,35.39047107,139.548105496749,35.3904792602112,10287.1374311777
165-1430,165,1430,埋蔵文化財包蔵地,戸塚区NO.129,139.54716623,35.3892016,139.547166199806,35.3892097848846,10441.1626747141
796-1430,796,1430,埋蔵文化財包蔵地,戸塚区NO.13,139.543058595,35.429641445,139.543072282122,35.4296050363485,8801.07351144692
166-1430,166,1430,埋蔵文化財包蔵地,戸塚区NO.130,139.54714907,35.38818691,139.547070162829,35.3881720577499,10512.500405264
156-1430,156,1430,埋蔵文化財包蔵地,戸塚区NO.131,139.54869364,35.38880229,139.548693613129,35.3888104782874,10360.4751877696
868-1430,868,1430,埋蔵文化財包蔵地,戸塚区NO.132,139.55175181,35.39400514,139.551244161399,35.3942524622959,9785.59155962191
863-1430,863,1430,埋蔵文化財包蔵地,戸塚区NO.133,139.55303412,35.392136435,139.553005372212,35.3923530071753,9821.57191816942
864-1430,864,1430,埋蔵文化財包蔵地,戸塚区NO.134,139.55328068,35.389704605,139.553459233679,35.389844587023,9975.36497287837
865-1430,865,1430,埋蔵文化財包蔵地,戸塚区NO.135,139.55822452,35.39437939,139.558164199263,35.3943383652036,9298.7766707847
163-1430,163,1430,埋蔵文化財包蔵地,戸塚区NO.136,139.559085635,35.3925381,139.559085610351,35.3925459176324,9370.0295762944
164-1430,164,1430,埋蔵文化財包蔵地,戸塚区NO.137,139.55857259,35.391417045,139.558572564371,35.3914248583066,9486.55502970682
151-1430,151,1430,埋蔵文化財包蔵地,戸塚区NO.138,139.560747025,35.39529476,139.560746998072,35.3953025746723,9057.48447755012
152-1430,152,1430,埋蔵文化財包蔵地,戸塚区NO.139,139.562018595,35.39321768,139.562018565961,35.3932251184994,9119.4591548257
114-1430,114,1430,埋蔵文化財包蔵地,戸塚区NO.14,139.54424766,35.427643975,139.544247629344,35.4276517896769,8748.61423205956
161-1430,161,1430,埋蔵文化財包蔵地,戸塚区NO.140,139.561698975,35.39218481,139.561698949798,35.3921926233992,9217.16450692469
160-1430,160,1430,埋蔵文化財包蔵地,戸塚区NO.141,139.560758995,35.39139376,139.560758967801,35.3914015754531,9339.29762501644
159-1430,159,1430,埋蔵文化財包蔵地,戸塚区NO.142,139.560863195,35.39058739,139.560863167811,35.3905952034596,9392.15441115386
162-1430,162,1430,埋蔵文化財包蔵地,戸塚区NO.143,139.55805623,35.3922582,139.558056203975,35.3922660119428,9461.2878080901
158-1430,158,1430,埋蔵文化財包蔵地,戸塚区NO.144,139.560354405,35.38892353,139.560354382501,35.3889309722491,9551.06369422445
157-1430,157,1430,埋蔵文化財包蔵地,戸塚区NO.145,139.559425085,35.38865873,139.559425062058,35.3886661711385,9632.97382343745
869-1430,869,1430,埋蔵文化財包蔵地,戸塚区NO.146,139.49766145,35.3794585,139.497393838317,35.379427740134,14763.7341423921
870-1430,870,1430,埋蔵文化財包蔵地,戸塚区NO.147,139.50552183,35.38433501,139.505415074109,35.3835957100364,13874.6490095932
169-1430,169,1430,埋蔵文化財包蔵地,戸塚区NO.148,139.506556105,35.378225225,139.506556076025,35.3782330131789,14150.4852064752
168-1430,168,1430,埋蔵文化財包蔵地,戸塚区NO.149,139.50243134,35.37609499,139.502431309223,35.376102747578,14593.0696102172
795-1430,795,1430,埋蔵文化財包蔵地,戸塚区NO.15,139.54080545,35.42489648,139.540824047548,35.4249392871152,9129.37745850299
170-1430,170,1430,埋蔵文化財包蔵地,戸塚区NO.150,139.508529515,35.3766938,139.508529486703,35.3767012460298,14094.6357220327
871-1430,871,1430,埋蔵文化財包蔵地,戸塚区NO.151,139.505779865,35.368433705,139.506197057345,35.3685955690578,14826.1791641576
167-1430,167,1430,埋蔵文化財包蔵地,戸塚区NO.152,139.50260084,35.366385745,139.502600809088,35.3663935575941,15193.2336956478
872-1430,872,1430,埋蔵文化財包蔵地,戸塚区NO.153,139.500374095,35.36403071,139.500462081382,35.3644555069969,15511.2056593766
892-1430,892,1430,埋蔵文化財包蔵地,戸塚区NO.154,139.51535853,35.385484165,139.515011560083,35.385651803255,13044.6689186436
889-1430,889,1430,埋蔵文化財包蔵地,戸塚区NO.155,139.520217515,35.383785905,139.520132372317,35.3840403970636,12775.6885412381
171-1430,171,1430,埋蔵文化財包蔵地,戸塚区NO.157,139.52404767,35.384831975,139.524047643038,35.3848394154721,12422.3926525176
890-1430,890,1430,埋蔵文化財包蔵地,戸塚区NO.158,139.52405705,35.38199587,139.524497951693,35.3820329230528,12600.6192035265
891-1430,891,1430,埋蔵文化財包蔵地,戸塚区NO.159,139.52688737,35.38410594,139.52710127599,35.3841595253054,12255.8358845965
115-1430,115,1430,埋蔵文化財包蔵地,戸塚区NO.16,139.545094815,35.42439447,139.545094785733,35.4244022848829,8771.89916982591
172-1430,172,1430,埋蔵文化財包蔵地,戸塚区NO.160,139.529059735,35.384750235,139.529059707531,35.3847576795091,12053.516979005
173-1430,173,1430,埋蔵文化財包蔵地,戸塚区NO.161,139.532038975,35.38568808,139.532038946016,35.3856955231165,11772.9524772533
174-1430,174,1430,埋蔵文化財包蔵地,戸塚区NO.162,139.515598915,35.3783275,139.515598884632,35.3783349427242,13462.7542320486
886-1430,886,1430,埋蔵文化財包蔵地,戸塚区NO.163,139.518309965,35.37821794,139.518415297394,35.378212127696,13268.5074633819
879-1430,879,1430,埋蔵文化財包蔵地,戸塚区NO.164,139.509929545,35.374024815,139.509676175963,35.3741378718531,14157.9892739387
880-1430,880,1430,埋蔵文化財包蔵地,戸塚区NO.165,139.50960666,35.37269413,139.509139138346,35.372360690953,14267.4217373028
882-1430,882,1430,埋蔵文化財包蔵地,戸塚区NO.166,139.51811631,35.37522816,139.51812983266,35.3751323613344,13477.7058387883
885-1430,885,1430,埋蔵文化財包蔵地,戸塚区NO.167,139.521568255,35.375496825,139.521731128873,35.3751251220655,13209.2829034825
2292-1430,2292,1430,埋蔵文化財包蔵地,戸塚区NO.168,139.51937694,35.374845685,139.519362570623,35.3748713362985,13411.4646499923
881-1430,881,1430,埋蔵文化財包蔵地,戸塚区NO.169,139.51406296,35.373265475,139.515146110206,35.3730408031545,13902.9744295495
116-1430,116,1430,埋蔵文化財包蔵地,戸塚区NO.17,139.54521944,35.42365273,139.545219413224,35.4236605437739,8785.3334343359
876-1430,876,1430,埋蔵文化財包蔵地,戸塚区NO.170,139.51174268,35.36748492,139.511965478744,35.36764168246,14458.2923820853
873-1430,873,1430,埋蔵文化財包蔵地,戸塚区NO.171,139.513770935,35.367560985,139.513771483233,35.3675609867606,14308.3134309756
874-1430,874,1430,埋蔵文化財包蔵地,戸塚区NO.172,139.514404745,35.36733053,139.514405219915,35.3673305302141,14279.18961224
875-1430,875,1430,埋蔵文化財包蔵地,戸塚区NO.173,139.51495556,35.367066785,139.514956114558,35.36706679028,14258.4694726721
878-1430,878,1430,埋蔵文化財包蔵地,戸塚区NO.174,139.51838946,35.36995277,139.518533295249,35.3697251465275,13814.9823101637
877-1430,877,1430,埋蔵文化財包蔵地,戸塚区NO.175,139.517458285,35.364259485,139.517424120381,35.3642607638066,14281.8913811811
887-1430,887,1430,埋蔵文化財包蔵地,戸塚区NO.176,139.529418775,35.375926435,139.529419391127,35.3759264373519,12619.3860138138
764-1430,764,1430,埋蔵文化財包蔵地,戸塚区NO.177,139.547748485,35.386475955,139.547718883026,35.3864355500236,10590.4992590776
768-1430,768,1430,埋蔵文化財包蔵地,戸塚区NO.178,139.555274175,35.386246155,139.555148105127,35.3860075274177,10091.768962726
767-1430,767,1430,埋蔵文化財包蔵地,戸塚区NO.179,139.555567395,35.383352015,139.555507952223,35.3833307128246,10291.5953070062
791-1430,791,1430,埋蔵文化財包蔵地,戸塚区NO.18,139.53679399,35.42183087,139.536968433408,35.4218572103626,9574.65936720261
766-1430,766,1430,埋蔵文化財包蔵地,戸塚区NO.180,139.55625569,35.381252515,139.556097712044,35.3814224370226,10409.7952050831
765-1430,765,1430,埋蔵文化財包蔵地,戸塚区NO.181,139.5526535,35.38146597,139.552879713459,35.3816034886142,10627.5450285008
769-1430,769,1430,埋蔵文化財包蔵地,戸塚区NO.182,139.551605315,35.377395765,139.551416046007,35.3773002460005,11011.1631574867
772-1430,772,1430,埋蔵文化財包蔵地,戸塚区NO.183,139.497276495,35.36235803,139.497114485653,35.3623751062964,15847.5242290955
771-1430,771,1430,埋蔵文化財包蔵地,戸塚区NO.184,139.49617791,35.359997725,139.496119161764,35.3599662652944,16084.5909164406
770-1430,770,1430,埋蔵文化財包蔵地,戸塚区NO.185,139.496000335,35.35692197,139.495963744598,35.3569892291638,16305.9067186281
773-1430,773,1430,埋蔵文化財包蔵地,戸塚区NO.186,139.516471605,35.36181526,139.516412837908,35.3617265529267,14526.5760026188
774-1430,774,1430,埋蔵文化財包蔵地,戸塚区NO.187,139.52138654,35.36250557,139.521371533988,35.3625269507062,14141.2704895202
775-1430,775,1430,埋蔵文化財包蔵地,戸塚区NO.188,139.52193872,35.35924583,139.522115087296,35.3593262254813,14348.7654467539
884-1430,884,1430,埋蔵文化財包蔵地,戸塚区NO.189,139.52039744,35.372466895,139.520369868434,35.3724551214454,13498.9432830069
793-1430,793,1430,埋蔵文化財包蔵地,戸塚区NO.19,139.54071966,35.420499185,139.540706103165,35.420474801373,9281.62389186443
883-1430,883,1430,埋蔵文化財包蔵地,戸塚区NO.190,139.51670262,35.375022925,139.516683998908,35.3750978616875,13594.4541856474
776-1430,776,1430,埋蔵文化財包蔵地,戸塚区NO.2,139.55175665,35.436433835,139.551731077006,35.4363703600636,7884.83423712677
789-1430,789,1430,埋蔵文化財包蔵地,戸塚区NO.20,139.536502255,35.417390005,139.536502827706,35.417390006415,9756.57235156047
788-1430,788,1430,埋蔵文化財包蔵地,戸塚区NO.21,139.53763127,35.41437201,139.537632055449,35.4143720157738,9780.72857695954
794-1430,794,1430,埋蔵文化財包蔵地,戸塚区NO.22,139.542842875,35.418201305,139.542846173687,35.4181597783561,9186.14056607096
120-1430,120,1430,埋蔵文化財包蔵地,戸塚区NO.23,139.54524726,35.416958675,139.545247234058,35.4169666476847,9033.00244618204
790-1430,790,1430,埋蔵文化財包蔵地,戸塚区NO.24,139.534150545,35.418715535,139.534274667215,35.4187247735842,9909.14781825472
117-1430,117,1430,埋蔵文化財包蔵地,戸塚区NO.25,139.53187795,35.414999285,139.531877924299,35.4150067277609,10241.6622528617
118-1430,118,1430,埋蔵文化財包蔵地,戸塚区NO.26,139.525742855,35.411628455,139.525742825308,35.411635895157,10894.8230819994
119-1430,119,1430,埋蔵文化財包蔵地,戸塚区NO.27,139.526329065,35.410175985,139.526329035526,35.4101834295873,10905.3293270082
784-1430,784,1430,埋蔵文化財包蔵地,戸塚区NO.28,139.531395535,35.410767545,139.53138061866,35.4106153481464,10455.9280693959
785-1430,785,1430,埋蔵文化財包蔵地,戸塚区NO.29,139.534795675,35.40950927,139.534791465017,35.4095071586263,10229.1429120123
777-1430,777,1430,埋蔵文化財包蔵地,戸塚区NO.3,139.549731815,35.43487534,139.549592359335,35.4348889665338,8093.80704014865
786-1430,786,1430,埋蔵文化財包蔵地,戸塚区NO.30,139.536435885,35.41204552,139.53651436082,35.411931516237,9979.84994853195
787-1430,787,1430,埋蔵文化財包蔵地,戸塚区NO.31,139.53902854,35.41152505,139.539076302068,35.4115053667014,9787.44110205353
805-1430,805,1430,埋蔵文化財包蔵地,戸塚区NO.32,139.5544716,35.43145681,139.55467388873,35.4314314897358,7747.80035494112
804-1430,804,1430,埋蔵文化財包蔵地,戸塚区NO.33,139.55597965,35.431027325,139.555944186288,35.4310397125346,7625.85799242006
802-1430,802,1430,埋蔵文化財包蔵地,戸塚区NO.34,139.554633795,35.429494,139.554534395399,35.4294773151102,7785.82467473128
803-1430,803,1430,埋蔵文化財包蔵地,戸塚区NO.35,139.5554192,35.42909191,139.55537417016,35.429035253337,7728.51769926398
801-1430,801,1430,埋蔵文化財包蔵地,戸塚区NO.36,139.557690235,35.429081675,139.55810367596,35.4290763187945,7530.30982136007
799-1430,799,1430,埋蔵文化財包蔵地,戸塚区NO.37,139.5567038,35.429095725,139.556704503295,35.4290957270202,7616.07022668229
121-1430,121,1430,埋蔵文化財包蔵地,戸塚区NO.38,139.54748963,35.42749118,139.54748960295,35.4274989933434,8468.73184225961
125-1430,125,1430,埋蔵文化財包蔵地,戸塚区NO.39,139.56268559,35.428395415,139.562685562727,35.4284028576589,7117.2053814016
778-1430,778,1430,埋蔵文化財包蔵地,戸塚区NO.4,139.55082602,35.434149645,139.550845746127,35.4340932136999,8010.32648844372
122-1430,122,1430,埋蔵文化財包蔵地,戸塚区NO.40,139.565357885,35.429142205,139.565357859554,35.4291496513839,6861.31062050245
123-1430,123,1430,埋蔵文化財包蔵地,戸塚区NO.41,139.566403085,35.427882325,139.566403064819,35.4278897683212,6813.68299054738
124-1430,124,1430,埋蔵文化財包蔵地,戸塚区NO.42,139.563366345,35.427395475,139.563366321709,35.4274029202136,7092.01637742276
800-1430,800,1430,埋蔵文化財包蔵地,戸塚区NO.43,139.56251489,35.42608161,139.562515794261,35.4260816126206,7211.67704701892
126-1430,126,1430,埋蔵文化財包蔵地,戸塚区NO.44,139.56425242,35.424534625,139.564252390719,35.4245422882331,7122.06623697837
128-1430,128,1430,埋蔵文化財包蔵地,戸塚区NO.45,139.55985463,35.422405225,139.559854604888,35.4224130368656,7579.09398857672
129-1430,129,1430,埋蔵文化財包蔵地,戸塚区NO.46,139.55924768,35.421473205,139.559247654988,35.4214810158872,7668.43871889195
130-1430,130,1430,埋蔵文化財包蔵地,戸塚区NO.47,139.5605625,35.421290595,139.56056247195,35.4212984092444,7565.73438763068
806-1430,806,1430,埋蔵文化財包蔵地,戸塚区NO.48,139.566474715,35.42515906,139.566350032518,35.4248106084189,6909.12194907101
807-1430,807,1430,埋蔵文化財包蔵地,戸塚区NO.49,139.56818055,35.42177885,139.568152735131,35.4217702710735,6909.97525426712
779-1430,779,1430,埋蔵文化財包蔵地,戸塚区NO.5,139.55237792,35.43266763,139.55264878922,35.4327143850446,7904.11056022273
808-1430,808,1430,埋蔵文化財包蔵地,戸塚区NO.50,139.56505466,35.420360405,139.565041952595,35.4203624065977,7233.08297630827
809-1430,809,1430,埋蔵文化財包蔵地,戸塚区NO.51,139.563295635,35.418404795,139.563418981497,35.4183152763192,7469.24911226892
812-1430,812,1430,埋蔵文化財包蔵地,戸塚区NO.52,139.55914628,35.41556365,139.559228607341,35.4154533061683,7945.46455545166
813-1430,813,1430,埋蔵文化財包蔵地,戸塚区NO.53,139.555336955,35.41467782,139.55576191184,35.4147344795959,8298.87921283732
136-1430,136,1430,埋蔵文化財包蔵地,戸塚区NO.54,139.55763712,35.413972455,139.557637095005,35.4139798941529,8147.07660314168
131-1430,131,1430,埋蔵文化財包蔵地,戸塚区NO.55,139.54749378,35.419331255,139.547493753759,35.4193393704838,8747.40056857606
816-1430,816,1430,埋蔵文化財包蔵地,戸塚区NO.56,139.54887109,35.417742175,139.54858198091,35.417663937134,8695.8507239212
815-1430,815,1430,埋蔵文化財包蔵地,戸塚区NO.57,139.548352775,35.417904285,139.548353344811,35.4179042844573,8732.63388288706
814-1430,814,1430,埋蔵文化財包蔵地,戸塚区NO.58,139.55198628,35.419191345,139.55208483772,35.4191785679686,8373.70684769816
127-1430,127,1430,埋蔵文化財包蔵地,戸塚区NO.59,139.556340365,35.421705975,139.556340337674,35.4217134199757,7904.16924243303
780-1430,780,1430,埋蔵文化財包蔵地,戸塚区NO.6,139.55643039,35.43489541,139.556420496978,35.4349734772281,7495.8069803027
818-1430,818,1430,埋蔵文化財包蔵地,戸塚区NO.60,139.549705475,35.411838845,139.549793360628,35.411856729832,8896.08084586378
135-1430,135,1430,埋蔵文化財包蔵地,戸塚区NO.61,139.552843855,35.413286405,139.552843829188,35.4132938463178,8569.79330557512
817-1430,817,1430,埋蔵文化財包蔵地,戸塚区NO.62,139.556226095,35.411907045,139.556167587515,35.4117634008741,8366.5586957411
139-1430,139,1430,埋蔵文化財包蔵地,戸塚区NO.63,139.555878845,35.410742075,139.555878818438,35.4107495192968,8455.74616033833
140-1430,140,1430,埋蔵文化財包蔵地,戸塚区NO.64,139.556406765,35.409253605,139.556406746327,35.4092603015977,8494.84438734229
137-1430,137,1430,埋蔵文化財包蔵地,戸塚区NO.65,139.558976185,35.413415865,139.558976159821,35.4134233116925,8067.77132302081
138-1430,138,1430,埋蔵文化財包蔵地,戸塚区NO.66,139.560675285,35.41341153,139.560675257622,35.4134189718903,7932.06570153948
820-1430,820,1430,埋蔵文化財包蔵地,戸塚区NO.67,139.550694695,35.40923768,139.550691914358,35.4092140383933,8948.61470941568
819-1430,819,1430,埋蔵文化財包蔵地,戸塚区NO.68,139.548557475,35.409139695,139.548537649755,35.4095130980426,9124.89183520866
810-1430,810,1430,埋蔵文化財包蔵地,戸塚区NO.69,139.569960415,35.417374135,139.570023159216,35.4173981719958,6982.18371907605
781-1430,781,1430,埋蔵文化財包蔵地,戸塚区NO.7,139.55895971,35.436495445,139.558955943679,35.4365199343751,7239.16755176578
132-1430,132,1430,埋蔵文化財包蔵地,戸塚区NO.70,139.572633735,35.41819547,139.572633713405,35.4182029093183,6725.68241614918
133-1430,133,1430,埋蔵文化財包蔵地,戸塚区NO.71,139.574166875,35.41979553,139.574166847709,35.4198029712058,6519.00058602331
134-1430,134,1430,埋蔵文化財包蔵地,戸塚区NO.72,139.577507245,35.422238975,139.577507220077,35.4222464195536,6125.10409066817
811-1430,811,1430,埋蔵文化財包蔵地,戸塚区NO.73,139.57863143,35.421271435,139.578634622094,35.4212085340751,6084.73902584727
141-1430,141,1430,埋蔵文化財包蔵地,戸塚区NO.74,139.52761012,35.40798376,139.527610091404,35.4079915733932,10893.2648125528
142-1430,142,1430,埋蔵文化財包蔵地,戸塚区NO.75,139.528749235,35.40861847,139.528749202175,35.4086262842963,10770.4203535982
831-1430,831,1430,埋蔵文化財包蔵地,戸塚区NO.76,139.53157336,35.4070736,139.531551943073,35.4070698570317,10607.3331413726
827-1430,827,1430,埋蔵文化財包蔵地,戸塚区NO.77,139.535184285,35.40756211,139.535184793175,35.407562112837,10287.9835482486
826-1430,826,1430,埋蔵文化財包蔵地,戸塚区NO.78,139.52325553,35.40679491,139.52325614373,35.4067949115463,11307.9009621357
832-1430,832,1430,埋蔵文化財包蔵地,戸塚区NO.79,139.531537085,35.404089425,139.531500030451,35.4043347471657,10754.185458646
782-1430,782,1430,埋蔵文化財包蔵地,戸塚区NO.8,139.56086079,35.434908215,139.560761808355,35.4347861581697,7101.14873731748
143-1430,143,1430,埋蔵文化財包蔵地,戸塚区NO.80,139.532784325,35.402953785,139.532784296301,35.4029612250057,10710.5945618444
833-1430,833,1430,埋蔵文化財包蔵地,戸塚区NO.81,139.535840625,35.402185005,139.535901110992,35.4021699176022,10505.8557824185
824-1430,824,1430,埋蔵文化財包蔵地,戸塚区NO.82,139.53552518,35.402275475,139.535525617052,35.4022754773631,10526.2145144808
830-1430,830,1430,埋蔵文化財包蔵地,戸塚区NO.83,139.53710855,35.407659445,139.537058376081,35.4077414616609,10125.9897292064
834-1430,834,1430,埋蔵文化財包蔵地,戸塚区NO.84,139.522970385,35.402738785,139.523090895821,35.4026205792294,11518.0372840947
835-1430,835,1430,埋蔵文化財包蔵地,戸塚区NO.85,139.526008215,35.39739157,139.526278547447,35.3973013888243,11543.4453549786
823-1430,823,1430,埋蔵文化財包蔵地,戸塚区NO.86,139.526904375,35.39794449,139.526905140827,35.3979444923876,11442.68331572
822-1430,822,1430,埋蔵文化財包蔵地,戸塚区NO.87,139.533014835,35.396427095,139.533015422346,35.3964270953946,11045.0891010715
829-1430,829,1430,埋蔵文化財包蔵地,戸塚区NO.88,139.545051345,35.405562515,139.545246860919,35.4056950144767,9593.19265492046
828-1430,828,1430,埋蔵文化財包蔵地,戸塚区NO.89,139.54552616,35.405504005,139.545526678341,35.4055040047843,9558.68849246302
783-1430,783,1430,埋蔵文化財包蔵地,戸塚区NO.9,139.567363505,35.43242329,139.567463877214,35.4324576297082,6587.31325174853
844-1430,844,1430,埋蔵文化財包蔵地,戸塚区NO.90,139.543208275,35.402995085,139.543242931101,35.4029848691073,9878.81338969347
845-1430,845,1430,埋蔵文化財包蔵地,戸塚区NO.91,139.54667789,35.402611095,139.546611597889,35.4024450959394,9629.30298845832
2291-1430,2291,1430,埋蔵文化財包蔵地,戸塚区NO.92,139.54643982,35.400468085,139.546442145048,35.4004638414731,9772.5017622196
144-1430,144,1430,埋蔵文化財包蔵地,戸塚区NO.93,139.54612535,35.3961133,139.546125322295,35.3961207386144,10062.0854915579
825-1430,825,1430,埋蔵文化財包蔵地,戸塚区NO.94,139.53863902,35.399983015,139.538639513277,35.3999830136356,10405.0930903701
836-1430,836,1430,埋蔵文化財包蔵地,戸塚区NO.95,139.512533495,35.393754135,139.512499984762,35.393699622873,12811.0535505498
837-1430,837,1430,埋蔵文化財包蔵地,戸塚区NO.96,139.513601425,35.395298795,139.513765759852,35.3952011780868,12646.0358502495
821-1430,821,1430,埋蔵文化財包蔵地,戸塚区NO.97,139.515585865,35.39227115,139.51558645829,35.3922711547546,12645.5587775729
149-1430,149,1430,埋蔵文化財包蔵地,戸塚区NO.98,139.51726935,35.394106695,139.517269321323,35.3941141397263,12413.7635204627
838-1430,838,1430,埋蔵文化財包蔵地,戸塚区NO.99,139.52163475,35.39071646,139.521841036814,35.390573644975,12256.2515781398
1-1430,1,1430,埋蔵文化財包蔵地,旭区NO.1,139.49615438,35.502706405,139.496154346968,35.5027145893404,14240.9502855994
537-1430,537,1430,埋蔵文化財包蔵地,旭区NO.10,139.496089885,35.49855602,139.496061890881,35.4984632209502,14052.2427317423
619-1430,619,1430,埋蔵文化財包蔵地,旭区NO.100,139.508744745,35.465152885,139.508754317587,35.4650767627863,11860.8309506462
618-1430,618,1430,埋蔵文化財包蔵地,旭区NO.101,139.513928,35.46394797,139.514119616715,35.4635774003726,11375.3518480348
22-1430,22,1430,埋蔵文化財包蔵地,旭区NO.102,139.516828815,35.46249526,139.516828786475,35.462502701495,11090.1496620686
23-1430,23,1430,埋蔵文化財包蔵地,旭区NO.103,139.51014939,35.458669545,139.510149355922,35.4586771353112,11634.3297932565
617-1430,617,1430,埋蔵文化財包蔵地,旭区NO.104,139.518225525,35.459369445,139.518216196877,35.4593395347843,10916.5207999136
615-1430,615,1430,埋蔵文化財包蔵地,旭区NO.105,139.52515374,35.461122495,139.524782342811,35.4612262312022,10321.2560731315
614-1430,614,1430,埋蔵文化財包蔵地,旭区NO.106,139.526615665,35.46301791,139.526612042614,35.4629721404647,10224.4689908027
613-1430,613,1430,埋蔵文化財包蔵地,旭区NO.107,139.529749495,35.4628999,139.529753869964,35.4629169486362,9942.50750324937
616-1430,616,1430,埋蔵文化財包蔵地,旭区NO.108,139.53279543,35.46058085,139.532651559166,35.4605567291504,9627.62445201779
612-1430,612,1430,埋蔵文化財包蔵地,旭区NO.109,139.535661885,35.46516135,139.535669989935,35.4650399531229,9465.40464364922
539-1430,539,1430,埋蔵文化財包蔵地,旭区NO.11,139.49312896,35.495812305,139.493023406258,35.495742494151,14178.6039895337
610-1430,610,1430,埋蔵文化財包蔵地,旭区NO.110,139.540583955,35.467349885,139.540551600451,35.4670999366035,9086.87208697134
611-1430,611,1430,埋蔵文化財包蔵地,旭区NO.111,139.537518315,35.46548182,139.53761997173,35.4654463131268,9308.75017075809
25-1430,25,1430,埋蔵文化財包蔵地,旭区NO.112,139.5378179,35.463997135,139.537817872285,35.464005322063,9247.46677278307
625-1430,625,1430,埋蔵文化財包蔵地,旭区NO.113,139.542161015,35.460338565,139.542083260652,35.4601447573901,8785.52621401378
24-1430,24,1430,埋蔵文化財包蔵地,旭区NO.114,139.53775774,35.46032009,139.53775771118,35.4603282789205,9178.92597041907
624-1430,624,1430,埋蔵文化財包蔵地,旭区NO.115,139.537723935,35.457290615,139.537725104675,35.4572902689088,9134.42540717986
626-1430,626,1430,埋蔵文化財包蔵地,旭区NO.116,139.543344925,35.45767528,139.543363931887,35.4576016870808,8634.7822502998
627-1430,627,1430,埋蔵文化財包蔵地,旭区NO.117,139.541469815,35.45588542,139.540941703307,35.4560585627811,8779.04123922399
628-1430,628,1430,埋蔵文化財包蔵地,旭区NO.118,139.54299433,35.454604715,139.542963664054,35.4545949097873,8626.9592743854
629-1430,629,1430,埋蔵文化財包蔵地,旭区NO.119,139.54665454,35.457884,139.546661507377,35.4578605584077,8340.96769057653
538-1430,538,1430,埋蔵文化財包蔵地,旭区NO.12,139.499711645,35.49585286,139.499686570266,35.4956220895901,13630.8369752379
620-1430,620,1430,埋蔵文化財包蔵地,旭区NO.120,139.52454176,35.45612188,139.524440577126,35.4564211888179,10307.7197404925
630-1430,630,1430,埋蔵文化財包蔵地,旭区NO.121,139.522603675,35.45409878,139.522638779359,35.4540456323425,10463.6377732911
621-1430,621,1430,埋蔵文化財包蔵地,旭区NO.122,139.52590357,35.45333163,139.525849111749,35.4533319249702,10159.3214395312
622-1430,622,1430,埋蔵文化財包蔵地,旭区NO.123,139.532983635,35.455854215,139.53302750753,35.455799278814,9543.4579669527
623-1430,623,1430,埋蔵文化財包蔵地,旭区NO.124,139.535386525,35.457628445,139.535417524379,35.4576026192361,9349.27559361802
631-1430,631,1430,埋蔵文化財包蔵地,旭区NO.125,139.54833854,35.474512175,139.548129679921,35.4745098979751,8654.22756568802
632-1430,632,1430,埋蔵文化財包蔵地,旭区NO.126,139.55076169,35.47588919,139.550683852171,35.4759081209819,8505.25862092991
29-1430,29,1430,埋蔵文化財包蔵地,旭区NO.127,139.554922915,35.4684612,139.554922892311,35.4684686455783,7870.4004703731
636-1430,636,1430,埋蔵文化財包蔵地,旭区NO.128,139.556326535,35.468457755,139.556322378433,35.4682127204306,7749.05551880017
633-1430,633,1430,埋蔵文化財包蔵地,旭区NO.129,139.548632905,35.46479259,139.548471436698,35.4651917741155,8310.33926198695
541-1430,541,1430,埋蔵文化財包蔵地,旭区NO.13,139.506031265,35.495915415,139.506063809586,35.4961024537932,13110.0562028477
634-1430,634,1430,埋蔵文化財包蔵地,旭区NO.130,139.54892399,35.4613935,139.548945200534,35.4608072047776,8203.59062031322
27-1430,27,1430,埋蔵文化財包蔵地,旭区NO.131,139.55135302,35.46110166,139.551352991364,35.4611098471073,7981.33212227471
638-1430,638,1430,埋蔵文化財包蔵地,旭区NO.132,139.554386705,35.46431552,139.554633648622,35.4646050666548,7791.39277615085
637-1430,637,1430,埋蔵文化財包蔵地,旭区NO.133,139.560023805,35.46666375,139.559837587192,35.4665256071355,7369.58330546992
639-1430,639,1430,埋蔵文化財包蔵地,旭区NO.134,139.55740667,35.46006712,139.557614947432,35.4603438782993,7420.81428254913
640-1430,640,1430,埋蔵文化財包蔵地,旭区NO.135,139.564337235,35.46119497,139.563835586703,35.4613121829481,6833.10507435637
641-1430,641,1430,埋蔵文化財包蔵地,旭区NO.136,139.563685155,35.457856325,139.563707714823,35.4578422475345,6816.32788755222
643-1430,643,1430,埋蔵文化財包蔵地,旭区NO.137,139.560339465,35.4572054,139.56021469093,35.4572322838575,7103.39540948127
642-1430,642,1430,埋蔵文化財包蔵地,旭区NO.138,139.56351869,35.456322735,139.563579514094,35.4562521338764,6803.64220554988
635-1430,635,1430,埋蔵文化財包蔵地,旭区NO.139,139.548150905,35.454558085,139.54831982914,35.4541094727226,8161.37707803675
7-1430,7,1430,埋蔵文化財包蔵地,旭区NO.14,139.50765409,35.496699895,139.50765405563,35.4967074900904,13012.9759039016
28-1430,28,1430,埋蔵文化財包蔵地,旭区NO.140,139.55045539,35.458902335,139.550455360446,35.4589105210855,8017.79912320845
645-1430,645,1430,埋蔵文化財包蔵地,旭区NO.141,139.51126055,35.450517765,139.511261105741,35.4505177631295,11469.3592108246
646-1430,646,1430,埋蔵文化財包蔵地,旭区NO.142,139.51337753,35.44674584,139.51277112392,35.4466244310116,11271.6631406755
647-1430,647,1430,埋蔵文化財包蔵地,旭区NO.143,139.5235449,35.44774772,139.523445614183,35.4477075939648,10350.3060291509
30-1430,30,1430,埋蔵文化財包蔵地,旭区NO.144,139.524394235,35.44667152,139.52439420476,35.4466793344258,10273.3180979014
32-1430,32,1430,埋蔵文化財包蔵地,旭区NO.145,139.5286332,35.44917433,139.528633168045,35.4491821452508,9891.44036807969
31-1430,31,1430,埋蔵文化財包蔵地,旭区NO.146,139.52825241,35.447276615,139.528252380861,35.4472844318181,9923.50554660837
33-1430,33,1430,埋蔵文化財包蔵地,旭区NO.147,139.53039931,35.44877328,139.530399278141,35.4487810966024,9730.51852843737
34-1430,34,1430,埋蔵文化財包蔵地,旭区NO.148,139.53319795,35.44742641,139.533197917915,35.4474342237005,9475.34181240901
648-1430,648,1430,埋蔵文化財包蔵地,旭区NO.149,139.533577995,35.453527525,139.53365742532,35.4535214788983,9467.10241233229
543-1430,543,1430,埋蔵文化財包蔵地,旭区NO.15,139.493501155,35.488685875,139.493373207135,35.4887148863848,13863.7310834481
35-1430,35,1430,埋蔵文化財包蔵地,旭区NO.150,139.53742756,35.453300245,139.537427527667,35.4533084322071,9117.31769191103
649-1430,649,1430,埋蔵文化財包蔵地,旭区NO.151,139.54115016,35.453080325,139.541201344135,35.4531049681697,8779.06838142788
650-1430,650,1430,埋蔵文化財包蔵地,旭区NO.152,139.54434515,35.45211229,139.544277787766,35.4521254879956,8482.72969426723
652-1430,652,1430,埋蔵文化財包蔵地,旭区NO.153,139.53770563,35.44461882,139.537725218756,35.4445467792833,9071.32647734154
651-1430,651,1430,埋蔵文化財包蔵地,旭区NO.154,139.54137838,35.44766142,139.541283843261,35.447717527675,8734.10121535027
654-1430,654,1430,埋蔵文化財包蔵地,旭区NO.155,139.55194132,35.452619805,139.552062545967,35.4525130955194,7800.04208181101
653-1430,653,1430,埋蔵文化財包蔵地,旭区NO.156,139.556921125,35.450883005,139.556467942586,35.4508006482061,7336.84469424876
644-1430,644,1430,埋蔵文化財包蔵地,旭区NO.157,139.5637823,35.460687195,139.563780019595,35.4606723443817,6869.52076152025
540-1430,540,1430,埋蔵文化財包蔵地,旭区NO.158,139.49713504,35.493407515,139.497037235723,35.4935125852867,13741.3855901378
542-1430,542,1430,埋蔵文化財包蔵地,旭区NO.16,139.499861395,35.490573025,139.499986682284,35.4907866065879,13395.7760061587
544-1430,544,1430,埋蔵文化財包蔵地,旭区NO.17,139.50179115,35.488868395,139.501935888933,35.4887385628369,13164.813765252
546-1430,546,1430,埋蔵文化財包蔵地,旭区NO.18,139.498976155,35.486193405,139.498732323314,35.4861426751388,13303.8959511521
549-1430,549,1430,埋蔵文化財包蔵地,旭区NO.19,139.50710869,35.48928438,139.507164013569,35.4896081712697,12731.8514953031
534-1430,534,1430,埋蔵文化財包蔵地,旭区NO.2,139.50032136,35.49960875,139.500393521732,35.4996610532918,13752.020474724
545-1430,545,1430,埋蔵文化財包蔵地,旭区NO.20,139.50561789,35.487288755,139.505370426783,35.48756016024,12778.4149409381
547-1430,547,1430,埋蔵文化財包蔵地,旭区NO.21,139.495015555,35.483495585,139.495126785824,35.4836260621587,13551.2708308569
548-1430,548,1430,埋蔵文化財包蔵地,旭区NO.22,139.500555245,35.483190995,139.500579943419,35.4831344646178,13062.4684026808
550-1430,550,1430,埋蔵文化財包蔵地,旭区NO.23,139.5099094,35.49757119,139.51016414796,35.4977010995901,12869.9912246168
551-1430,551,1430,埋蔵文化財包蔵地,旭区NO.24,139.512419465,35.494870195,139.512288023424,35.4948367339925,12535.5487062214
552-1430,552,1430,埋蔵文化財包蔵地,旭区NO.25,139.51559914,35.49208607,139.516116476897,35.4920400205163,12144.4491637976
579-1430,579,1430,埋蔵文化財包蔵地,旭区NO.26,139.510771495,35.487424595,139.510994598309,35.4878239196878,12347.2832013177
574-1430,574,1430,埋蔵文化財包蔵地,旭区NO.27,139.5151758,35.48795824,139.51522853526,35.4879059481792,11998.46248236
576-1430,576,1430,埋蔵文化財包蔵地,旭区NO.28,139.514395095,35.485903995,139.514395609754,35.4859717028864,11979.9711716326
575-1430,575,1430,埋蔵文化財包蔵地,旭区NO.29,139.51781737,35.486186745,139.517952859238,35.4861397434836,11702.7051462345
2-1430,2,1430,埋蔵文化財包蔵地,旭区NO.3,139.50242816,35.503463955,139.502428128175,35.5034721415825,13768.9387494115
553-1430,553,1430,埋蔵文化財包蔵地,旭区NO.30,139.519755125,35.49680747,139.519640395131,35.4970299617091,12033.7944225611
2402-1430,2402,1430,埋蔵文化財包蔵地,旭区NO.31,139.52174527,35.497321075,139.521875426918,35.497252196363,11900.4752824672
554-1430,554,1430,埋蔵文化財包蔵地,旭区NO.32,139.52447164,35.49721748,139.524400691474,35.4972954418403,11677.2753392018
561-1430,561,1430,埋蔵文化財包蔵地,旭区NO.33,139.5228008,35.492587975,139.522847381993,35.4930104852859,11576.8847349954
559-1430,559,1430,埋蔵文化財包蔵地,旭区NO.34,139.52537618,35.494027225,139.52525906693,35.4940309044954,11439.3408073193
556-1430,556,1430,埋蔵文化財包蔵地,旭区NO.35,139.527298595,35.499655955,139.527035520104,35.4997301864878,11586.9205988612
555-1430,555,1430,埋蔵文化財包蔵地,旭区NO.36,139.52923801,35.50099126,139.529358148649,35.5009953866787,11511.9403045605
557-1430,557,1430,埋蔵文化財包蔵地,旭区NO.37,139.52944794,35.497648005,139.529415187037,35.4976850232074,11306.5368575843
558-1430,558,1430,埋蔵文化財包蔵地,旭区NO.38,139.527404625,35.496154235,139.527473752412,35.496089494414,11387.2493639186
560-1430,560,1430,埋蔵文化財包蔵地,旭区NO.39,139.5292724,35.494060975,139.529449970441,35.4942854671346,11127.9064569433
536-1430,536,1430,埋蔵文化財包蔵地,旭区NO.4,139.493083895,35.5008407,139.492769086825,35.5006964282194,14404.9803365621
563-1430,563,1430,埋蔵文化財包蔵地,旭区NO.40,139.52964922,35.490557865,139.529650802527,35.4902932272944,10920.0935613223
564-1430,564,1430,埋蔵文化財包蔵地,旭区NO.41,139.530559305,35.488532025,139.530473147796,35.4885039394187,10747.8259726543
571-1430,571,1430,埋蔵文化財包蔵地,旭区NO.42,139.534028235,35.48514026,139.533905780285,35.4852588511427,10304.3135482202
562-1430,562,1430,埋蔵文化財包蔵地,旭区NO.43,139.52638194,35.49093268,139.526206646525,35.4908173761824,11204.5466961588
573-1430,573,1430,埋蔵文化財包蔵地,旭区NO.44,139.526600305,35.488355585,139.526418963797,35.4883024563388,11065.044563224
569-1430,569,1430,埋蔵文化財包蔵地,旭区NO.45,139.540728745,35.49653544,139.540663910226,35.4965341643047,10365.3379881999
567-1430,567,1430,埋蔵文化財包蔵地,旭区NO.46,139.541376655,35.49245124,139.541212969608,35.4925456523,10081.1662261242
566-1430,566,1430,埋蔵文化財包蔵地,旭区NO.47,139.54157976,35.48983402,139.541464444827,35.4897697254231,9922.79793450088
8-1430,8,1430,埋蔵文化財包蔵地,旭区NO.48,139.54220149,35.48819123,139.542201462423,35.4881986705861,9786.86036447476
565-1430,565,1430,埋蔵文化財包蔵地,旭区NO.49,139.537716125,35.487900555,139.537837497793,35.4877341010557,10133.7982232264
3-1430,3,1430,埋蔵文化財包蔵地,旭区NO.5,139.503574725,35.504113815,139.503574692928,35.504122001033,13709.7086132392
570-1430,570,1430,埋蔵文化財包蔵地,旭区NO.50,139.535887555,35.48610724,139.535968606921,35.4860429492403,10196.0343259814
568-1430,568,1430,埋蔵文化財包蔵地,旭区NO.51,139.54537969,35.494468275,139.545347318435,35.4946441050075,9886.05442861871
580-1430,580,1430,埋蔵文化財包蔵地,旭区NO.52,139.509260075,35.482038115,139.508959374203,35.4819406196876,12272.8340220454
578-1430,578,1430,埋蔵文化財包蔵地,旭区NO.53,139.51456818,35.48283109,139.514451216562,35.4825589001299,11846.6059871909
577-1430,577,1430,埋蔵文化財包蔵地,旭区NO.54,139.519165235,35.48258898,139.519412780047,35.4828357887712,11445.5664836712
9-1430,9,1430,埋蔵文化財包蔵地,旭区NO.55,139.52814411,35.480500585,139.528144080439,35.4805082506798,10601.7694532732
581-1430,581,1430,埋蔵文化財包蔵地,旭区NO.56,139.508062505,35.47808988,139.508181521249,35.4778519244585,12245.4038329141
583-1430,583,1430,埋蔵文化財包蔵地,旭区NO.57,139.511314365,35.47707294,139.511297641071,35.4769937568834,11930.8229005737
582-1430,582,1430,埋蔵文化財包蔵地,旭区NO.58,139.51568576,35.477853695,139.515665284559,35.477671023836,11576.1613893459
572-1430,572,1430,埋蔵文化財包蔵地,旭区NO.59,139.537287345,35.48035377,139.537377443427,35.480265903355,9823.52189955669
4-1430,4,1430,埋蔵文化財包蔵地,旭区NO.6,139.50536084,35.50304932,139.50536080815,35.5030575059375,13511.4798064409
587-1430,587,1430,埋蔵文化財包蔵地,旭区NO.60,139.542033675,35.481025465,139.541890565125,35.4809535433377,9455.7300533513
584-1430,584,1430,埋蔵文化財包蔵地,旭区NO.61,139.541040885,35.477271395,139.540995783305,35.4773514307802,9381.41561186183
586-1430,586,1430,埋蔵文化財包蔵地,旭区NO.62,139.54521448,35.478384365,139.545174958206,35.4783378051712,9075.66595667303
585-1430,585,1430,埋蔵文化財包蔵地,旭区NO.63,139.54561265,35.47685107,139.54559277483,35.4768234334141,8978.26631962843
588-1430,588,1430,埋蔵文化財包蔵地,旭区NO.64,139.547968345,35.49421391,139.548065800816,35.4940134503771,9672.87337498742
590-1430,590,1430,埋蔵文化財包蔵地,旭区NO.65,139.55352172,35.493095075,139.553161222344,35.4938337231497,9183.74267721071
589-1430,589,1430,埋蔵文化財包蔵地,旭区NO.66,139.55209805,35.491255295,139.552160510245,35.4912938509035,9180.37845917315
16-1430,16,1430,埋蔵文化財包蔵地,旭区NO.67,139.550109795,35.490542685,139.550109771145,35.4905501314552,9291.84550812971
15-1430,15,1430,埋蔵文化財包蔵地,旭区NO.68,139.54843196,35.490702995,139.548431936847,35.490710433495,9431.29212185838
591-1430,591,1430,埋蔵文化財包蔵地,旭区NO.69,139.547628805,35.486855635,139.547557799199,35.4868301244938,9282.94901117187
5-1430,5,1430,埋蔵文化財包蔵地,旭区NO.7,139.50684714,35.50456238,139.506847107506,35.5045705682888,13470.9328701199
593-1430,593,1430,埋蔵文化財包蔵地,旭区NO.70,139.54878542,35.482803365,139.548420162032,35.4828185554653,8983.17114601219
10-1430,10,1430,埋蔵文化財包蔵地,旭区NO.71,139.55116461,35.48309892,139.551164583888,35.4831063642254,8805.02819107539
11-1430,11,1430,埋蔵文化財包蔵地,旭区NO.72,139.552001515,35.481085005,139.552001490228,35.4810924461517,8637.39057850852
592-1430,592,1430,埋蔵文化財包蔵地,旭区NO.73,139.55306621,35.48459557,139.553143848349,35.4844225769023,8729.90682924511
12-1430,12,1430,埋蔵文化財包蔵地,旭区NO.74,139.55643738,35.481897605,139.556437355578,35.4819050441733,8319.12031587563
13-1430,13,1430,埋蔵文化財包蔵地,旭区NO.75,139.556444085,35.479933135,139.556444055911,35.4799405773088,8219.44585941018
595-1430,595,1430,埋蔵文化財包蔵地,旭区NO.76,139.555682635,35.47872983,139.555493516247,35.4785716478108,8223.37749237953
14-1430,14,1430,埋蔵文化財包蔵地,旭区NO.77,139.547823225,35.47856549,139.547823196903,35.4785729317843,8865.57686867588
594-1430,594,1430,埋蔵文化財包蔵地,旭区NO.78,139.551731245,35.47986432,139.551728584978,35.4798552779521,8601.18328750852
596-1430,596,1430,埋蔵文化財包蔵地,旭区NO.79,139.50637682,35.47445423,139.506539303084,35.4742932074424,12286.0829653315
6-1430,6,1430,埋蔵文化財包蔵地,旭区NO.8,139.50830574,35.500220325,139.508305711122,35.5002277670489,13130.700475299
597-1430,597,1430,埋蔵文化財包蔵地,旭区NO.80,139.51230565,35.474539765,139.512464534635,35.4743842943549,11768.6024573134
17-1430,17,1430,埋蔵文化財包蔵地,旭区NO.81,139.51235979,35.471949565,139.512359757597,35.4719571563214,11692.6683986929
598-1430,598,1430,埋蔵文化財包蔵地,旭区NO.82,139.5127518,35.470623345,139.512686314574,35.4705333707722,11624.179915044
18-1430,18,1430,埋蔵文化財包蔵地,旭区NO.83,139.51344474,35.469998515,139.513444706597,35.4700061096349,11547.5207704717
599-1430,599,1430,埋蔵文化財包蔵地,旭区NO.84,139.51212296,35.468505795,139.512114548684,35.4684211196184,11629.4290831926
19-1430,19,1430,埋蔵文化財包蔵地,旭区NO.85,139.519581335,35.474847825,139.519581305189,35.4748554144501,11142.3594576556
601-1430,601,1430,埋蔵文化財包蔵地,旭区NO.86,139.5183132,35.47274711,139.518394087101,35.472693677135,11191.2380901164
600-1430,600,1430,埋蔵文化財包蔵地,旭区NO.87,139.51726334,35.470649315,139.516978340333,35.4704890279261,11226.7711302851
21-1430,21,1430,埋蔵文化財包蔵地,旭区NO.88,139.519026415,35.468977325,139.519026384504,35.4689849133322,11029.0766804796
20-1430,20,1430,埋蔵文化財包蔵地,旭区NO.89,139.523957655,35.47326492,139.523957626172,35.4732725115291,10712.7174586502
535-1430,535,1430,埋蔵文化財包蔵地,旭区NO.9,139.50306859,35.499341785,139.503065014923,35.4994084882709,13514.1728910519
602-1430,602,1430,埋蔵文化財包蔵地,旭区NO.90,139.52334197,35.470930265,139.523284010527,35.470988129136,10699.4081465985
603-1430,603,1430,埋蔵文化財包蔵地,旭区NO.91,139.52542063,35.47662383,139.52495664464,35.4765558092457,10693.558336389
605-1430,605,1430,埋蔵文化財包蔵地,旭区NO.92,139.528124385,35.476342865,139.528124996878,35.4763428647853,10450.8218269268
606-1430,606,1430,埋蔵文化財包蔵地,旭区NO.93,139.52973768,35.473561825,139.529616953478,35.4735289651993,10218.8719098044
604-1430,604,1430,埋蔵文化財包蔵地,旭区NO.94,139.53187882,35.476177345,139.531832006518,35.475806811723,10122.033071623
2238-1430,2238,1430,埋蔵文化財包蔵地,旭区NO.95,139.534093525,35.476072695,139.534093498993,35.4760701223651,9928.20952298015
607-1430,607,1430,埋蔵文化財包蔵地,旭区NO.96,139.534709125,35.470958355,139.535040750919,35.4710829566754,9705.28869299749
26-1430,26,1430,埋蔵文化財包蔵地,旭区NO.97,139.544830775,35.476086345,139.544830750285,35.4760937863715,9013.52238672602
608-1430,608,1430,埋蔵文化財包蔵地,旭区NO.98,139.539710925,35.47101304,139.539540960039,35.4714681009021,9271.69246800239
609-1430,609,1430,埋蔵文化財包蔵地,旭区NO.99,139.54365507,35.469708185,139.543489412525,35.4699750070124,8887.75151286835
684-1430,684,1430,埋蔵文化財包蔵地,栄区NO.1,139.53525116,35.37061174,139.535299095673,35.3703409058924,12604.5327433544
686-1430,686,1430,埋蔵文化財包蔵地,栄区NO.10,139.53694404,35.36979681,139.536849667066,35.3697417115026,12553.9016601989
731-1430,731,1430,埋蔵文化財包蔵地,栄区NO.100,139.588058805,35.358533015,139.588032512479,35.3584765002155,10842.8341352962
94-1430,94,1430,埋蔵文化財包蔵地,栄区NO.101,139.58492474,35.3374386,139.584924720336,35.3374460435708,13115.0465357737
2266-1430,2266,1430,埋蔵文化財包蔵地,栄区NO.102,139.578924725,35.357407155,139.578924792766,35.3574053297836,11322.3013196999
2268-1430,2268,1430,埋蔵文化財包蔵地,栄区NO.103,139.58111708,35.360414055,139.581119563952,35.3604137131653,10933.6617416091
2265-1430,2265,1430,埋蔵文化財包蔵地,栄区NO.104,139.562304505,35.346479185,139.562300429758,35.3464778901692,13125.8235837397
2251-1430,2251,1430,埋蔵文化財包蔵地,栄区NO.105,139.5468569,35.36450592,139.546858735696,35.3645043325225,12348.0850513942
687-1430,687,1430,埋蔵文化財包蔵地,栄区NO.106,139.522321515,35.370908925,139.522251815255,35.3708926812665,13470.5073950783
689-1430,689,1430,埋蔵文化財包蔵地,栄区NO.107,139.524576925,35.3676169,139.524551697152,35.3677974128711,13548.8003336629
688-1430,688,1430,埋蔵文化財包蔵地,栄区NO.108,139.523875045,35.368498875,139.523862656329,35.3684915204401,13533.339640027
65-1430,65,1430,埋蔵文化財包蔵地,栄区NO.11,139.536619425,35.3675335,139.536619399728,35.3675409419477,12749.0422558498
682-1430,682,1430,埋蔵文化財包蔵地,栄区NO.12,139.545679325,35.369894975,139.545679877061,35.369894976629,11982.261560818
683-1430,683,1430,埋蔵文化財包蔵地,栄区NO.13,139.54649643,35.36959301,139.546496935922,35.3695930098629,11955.0475037961
692-1430,692,1430,埋蔵文化財包蔵地,栄区NO.14,139.545033955,35.365792045,139.544966408367,35.3657612236551,12353.6413972934
2249-1430,2249,1430,埋蔵文化財包蔵地,栄区NO.15,139.54476234,35.36429772,139.544749131846,35.3643011635905,12492.6050118222
2250-1430,2250,1430,埋蔵文化財包蔵地,栄区NO.15,139.54465002,35.36422024,139.544712270783,35.3642192726648,12505.8345200132
691-1430,691,1430,埋蔵文化財包蔵地,栄区NO.16,139.541271335,35.364148435,139.541320413969,35.3640690599406,12720.228922699
2248-1430,2248,1430,埋蔵文化財包蔵地,栄区NO.17,139.537442705,35.364779075,139.537458734128,35.3647951077719,12911.2691923803
700-1430,700,1430,埋蔵文化財包蔵地,栄区NO.18,139.55053729,35.374297295,139.550445894427,35.374518357353,11324.2313194834
699-1430,699,1430,埋蔵文化財包蔵地,栄区NO.19,139.55622385,35.371090895,139.556145868373,35.3710704883641,11236.9853286596
685-1430,685,1430,埋蔵文化財包蔵地,栄区NO.2,139.53530773,35.370921265,139.535298831052,35.3709099427781,12577.4995163784
66-1430,66,1430,埋蔵文化財包蔵地,栄区NO.20,139.562155115,35.373188045,139.562155089836,35.3731954880562,10710.7302708844
67-1430,67,1430,埋蔵文化財包蔵地,栄区NO.21,139.562005595,35.372257155,139.562005569103,35.3722645989557,10799.14345299
68-1430,68,1430,埋蔵文化財包蔵地,栄区NO.22,139.56184043,35.370973965,139.561840408851,35.3709814100987,10919.1428983169
2406-1430,2406,1430,埋蔵文化財包蔵地,栄区NO.23,139.56746669,35.36943398,139.567347944153,35.3693686375516,10742.7530858236
697-1430,697,1430,埋蔵文化財包蔵地,栄区NO.24,139.55520744,35.36705148,139.555073826652,35.3668346725523,11638.3155571972
696-1430,696,1430,埋蔵文化財包蔵地,栄区NO.25,139.555430225,35.366018695,139.555430580732,35.366018695649,11713.6937046479
694-1430,694,1430,埋蔵文化財包蔵地,栄区NO.26,139.56104359,35.36739618,139.561095124003,35.3673864580846,11275.4013047726
69-1430,69,1430,埋蔵文化財包蔵地,栄区NO.27,139.56114946,35.36634135,139.56114943126,35.3663487948402,11362.1548506344
2420-1430,2420,1430,埋蔵文化財包蔵地,栄区NO.28,139.563240265,35.36672618,139.56323416243,35.3667269115814,11213.1770430961
2254-1430,2254,1430,埋蔵文化財包蔵地,栄区NO.29,139.56425482,35.365562115,139.564235749516,35.3655664340979,11262.2063337732
61-1430,61,1430,埋蔵文化財包蔵地,栄区NO.3,139.53465653,35.368562285,139.534656505917,35.3685697285818,12799.0283989613
695-1430,695,1430,埋蔵文化財包蔵地,栄区NO.30,139.55915533,35.36579328,139.559117301095,35.3657123821315,11521.3252990447
2255-1430,2255,1430,埋蔵文化財包蔵地,栄区NO.31,139.560423575,35.365813675,139.560404373535,35.3658409738412,11448.8299497216
2257-1430,2257,1430,埋蔵文化財包蔵地,栄区NO.32,139.5590987,35.364945135,139.559108697761,35.3649577415208,11598.7853252138
2256-1430,2256,1430,埋蔵文化財包蔵地,栄区NO.33,139.56000472,35.364688,139.560001746501,35.364684138163,11571.1842854102
698-1430,698,1430,埋蔵文化財包蔵地,栄区NO.34,139.5516251,35.36426615,139.551485994277,35.3643372774437,12084.4608859194
2252-1430,2252,1430,埋蔵文化財包蔵地,栄区NO.35,139.569214265,35.368923345,139.569229028004,35.3689422496851,10695.806039702
2253-1430,2253,1430,埋蔵文化財包蔵地,栄区NO.36,139.569411345,35.36830572,139.56940676664,35.3682967866533,10741.5071308395
2258-1430,2258,1430,埋蔵文化財包蔵地,栄区NO.37,139.569453455,35.36680249,139.569417440781,35.3668159221756,10876.3925652002
75-1430,75,1430,埋蔵文化財包蔵地,栄区NO.38,139.571139875,35.368939585,139.571139852861,35.3689470274851,10593.9318784922
74-1430,74,1430,埋蔵文化財包蔵地,栄区NO.39,139.57318627,35.36831823,139.573186246524,35.3683256730826,10546.7986952539
63-1430,63,1430,埋蔵文化財包蔵地,栄区NO.4,139.53559179,35.368060285,139.53559175943,35.3680677249357,12775.7047579517
73-1430,73,1430,埋蔵文化財包蔵地,栄区NO.40,139.574865415,35.367630795,139.574865389697,35.3676382384753,10527.3553552388
2259-1430,2259,1430,埋蔵文化財包蔵地,栄区NO.41,139.571697935,35.36660901,139.571713036636,35.3666256665792,10779.8287119648
70-1430,70,1430,埋蔵文化財包蔵地,栄区NO.42,139.57112266,35.365269965,139.571122637638,35.365277408809,10932.7338811944
72-1430,72,1430,埋蔵文化財包蔵地,栄区NO.43,139.575051015,35.366338175,139.575050990097,35.3663456165941,10639.5504833432
71-1430,71,1430,埋蔵文化財包蔵地,栄区NO.44,139.573440325,35.365364875,139.573440299961,35.3653723191189,10809.2483311675
693-1430,693,1430,埋蔵文化財包蔵地,栄区NO.45,139.57619541,35.36553216,139.576208124385,35.3654961695457,10660.8287474338
76-1430,76,1430,埋蔵文化財包蔵地,栄区NO.46,139.53943388,35.36290839,139.539433853758,35.3629158350551,12934.9107815772
2260-1430,2260,1430,埋蔵文化財包蔵地,栄区NO.47,139.53908632,35.36240646,139.539063953382,35.3623997973527,12997.0943109395
2261-1430,2261,1430,埋蔵文化財包蔵地,栄区NO.48,139.54088986,35.361226485,139.540693296318,35.3613544962706,12981.5927006338
701-1430,701,1430,埋蔵文化財包蔵地,栄区NO.49,139.525113765,35.35955877,139.525205293888,35.3596427265091,14115.5857870462
62-1430,62,1430,埋蔵文化財包蔵地,栄区NO.5,139.534128185,35.367731315,139.534128157901,35.3677387558015,12897.2084377641
704-1430,704,1430,埋蔵文化財包蔵地,栄区NO.50,139.528026655,35.358371765,139.528070805025,35.3583671436087,14018.6367561467
703-1430,703,1430,埋蔵文化財包蔵地,栄区NO.51,139.527862395,35.357546095,139.527862850233,35.3575460959662,14094.0455389708
702-1430,702,1430,埋蔵文化財包蔵地,栄区NO.52,139.52971425,35.35876271,139.529730839944,35.358727739085,13879.7086417949
706-1430,706,1430,埋蔵文化財包蔵地,栄区NO.53,139.53780462,35.35643805,139.537834369403,35.3564507555678,13563.978585875
705-1430,705,1430,埋蔵文化財包蔵地,栄区NO.54,139.54190234,35.357559205,139.541876111683,35.3574933348973,13224.5622075337
708-1430,708,1430,埋蔵文化財包蔵地,栄区NO.55,139.54130713,35.355579485,139.541218162993,35.3555601258965,13426.4587175165
707-1430,707,1430,埋蔵文化財包蔵地,栄区NO.56,139.53968636,35.354319665,139.539794105949,35.354304804769,13628.4786824769
709-1430,709,1430,埋蔵文化財包蔵地,栄区NO.57,139.54404541,35.35497747,139.544152779976,35.3548557540512,13317.7688965593
77-1430,77,1430,埋蔵文化財包蔵地,栄区NO.58,139.55489471,35.357432425,139.55489468244,35.3574398659788,12494.0471498655
2262-1430,2262,1430,埋蔵文化財包蔵地,栄区NO.59,139.557903995,35.35780091,139.55790343038,35.3577935600836,12298.8976439758
64-1430,64,1430,埋蔵文化財包蔵地,栄区NO.6,139.5353852,35.367205705,139.535385173737,35.3672127361772,12854.9039989772
711-1430,711,1430,埋蔵文化財包蔵地,栄区NO.60,139.55861183,35.35795097,139.558453167395,35.3578526004463,12247.728752446
710-1430,710,1430,埋蔵文化財包蔵地,栄区NO.61,139.558475905,35.35828415,139.55847624143,35.358284154574,12224.93841982
712-1430,712,1430,埋蔵文化財包蔵地,栄区NO.62,139.560884555,35.35854037,139.561007861772,35.3586382964038,12074.6505778131
713-1430,713,1430,埋蔵文化財包蔵地,栄区NO.63,139.560979555,35.356914275,139.560882575838,35.3569062321879,12217.945995299
714-1430,714,1430,埋蔵文化財包蔵地,栄区NO.64,139.56449527,35.357900085,139.564509961249,35.3578606932338,11948.0255367677
81-1430,81,1430,埋蔵文化財包蔵地,栄区NO.65,139.567930315,35.357162895,139.567930291132,35.3571703393355,11847.1427424772
80-1430,80,1430,埋蔵文化財包蔵地,栄区NO.66,139.566463485,35.356601605,139.566463463163,35.3566090491494,11971.192640314
718-1430,718,1430,埋蔵文化財包蔵地,栄区NO.67,139.552267055,35.353432265,139.552388527422,35.3536168805605,12993.0584690184
715-1430,715,1430,埋蔵文化財包蔵地,栄区NO.68,139.55625696,35.35462347,139.55623909447,35.3545467375442,12672.8378048875
2263-1430,2263,1430,埋蔵文化財包蔵地,栄区NO.69,139.55831275,35.352749635,139.558310824312,35.3527478039514,12736.5795525252
2247-1430,2247,1430,埋蔵文化財包蔵地,栄区NO.7,139.53416511,35.36589331,139.534153659508,35.3658759894179,13035.7969857113
716-1430,716,1430,埋蔵文化財包蔵地,栄区NO.70,139.55631059,35.352608835,139.556311016708,35.3526088359983,12852.8340720038
717-1430,717,1430,埋蔵文化財包蔵地,栄区NO.71,139.55652186,35.35208261,139.556522194995,35.3520826117245,12889.8591350344
82-1430,82,1430,埋蔵文化財包蔵地,栄区NO.72,139.557593645,35.351729335,139.55759362008,35.3517367789592,12867.0522286226
78-1430,78,1430,埋蔵文化財包蔵地,栄区NO.73,139.5596207,35.354909775,139.559620677796,35.3549172167666,12471.4032328545
79-1430,79,1430,埋蔵文化財包蔵地,栄区NO.74,139.56192137,35.352781265,139.561921347548,35.3527887108331,12551.6800334367
83-1430,83,1430,埋蔵文化財包蔵地,栄区NO.75,139.5642404,35.351083225,139.564240376413,35.351090666653,12597.7783138625
2264-1430,2264,1430,埋蔵文化財包蔵地,栄区NO.76,139.56509124,35.348363405,139.565096226628,35.3483579245279,12815.7819470871
719-1430,719,1430,埋蔵文化財包蔵地,栄区NO.77,139.556786255,35.349075675,139.556786736145,35.3490756747856,13152.4502234014
720-1430,720,1430,埋蔵文化財包蔵地,栄区NO.78,139.571074985,35.357615755,139.571040971269,35.3576948404909,11654.3025918764
93-1430,93,1430,埋蔵文化財包蔵地,栄区NO.79,139.57567377,35.357688035,139.575673744228,35.3576954764584,11436.7598759101
690-1430,690,1430,埋蔵文化財包蔵地,栄区NO.8,139.5234417,35.36527999,139.523358499096,35.3652023598076,13797.1556960698
84-1430,84,1430,埋蔵文化財包蔵地,栄区NO.80,139.574200485,35.356671165,139.574200460166,35.3566786057196,11601.0863319037
91-1430,91,1430,埋蔵文化財包蔵地,栄区NO.81,139.56991077,35.353653785,139.569910745338,35.3536612287199,12086.676844013
85-1430,85,1430,埋蔵文化財包蔵地,栄区NO.82,139.577313875,35.354881925,139.577313849019,35.3548893665974,11638.8699072205
86-1430,86,1430,埋蔵文化財包蔵地,栄区NO.83,139.5759449,35.35366709,139.575944879829,35.3536745339086,11816.588184101
87-1430,87,1430,埋蔵文化財包蔵地,栄区NO.84,139.573840405,35.352842955,139.573840377853,35.352850398504,11988.3671725326
88-1430,88,1430,埋蔵文化財包蔵地,栄区NO.85,139.575799115,35.352672865,139.575799087011,35.3526803091676,11920.3079119515
89-1430,89,1430,埋蔵文化財包蔵地,栄区NO.86,139.576294445,35.35086921,139.576294419377,35.3508766522865,12076.9067999462
90-1430,90,1430,埋蔵文化財包蔵地,栄区NO.87,139.5772126,35.34994703,139.577212577007,35.3499544718049,12130.1644777308
726-1430,726,1430,埋蔵文化財包蔵地,栄区NO.88,139.581049085,35.35855764,139.581020841425,35.3584143431486,11119.2794536117
727-1430,727,1430,埋蔵文化財包蔵地,栄区NO.89,139.582448385,35.359072095,139.582411753112,35.3590649046881,11010.2567586795
681-1430,681,1430,埋蔵文化財包蔵地,栄区NO.9,139.543307335,35.376023615,139.5433080007,35.3760236180557,11659.640165913
728-1430,728,1430,埋蔵文化財包蔵地,栄区NO.90,139.58376774,35.358278265,139.583793331988,35.3582651669272,11035.4331323212
729-1430,729,1430,埋蔵文化財包蔵地,栄区NO.91,139.58513362,35.35862263,139.585139261509,35.3586368709537,10946.6203684614
2267-1430,2267,1430,埋蔵文化財包蔵地,栄区NO.92,139.58243242,35.356777475,139.582435291917,35.3567634708336,11238.7876698154
721-1430,721,1430,埋蔵文化財包蔵地,栄区NO.93,139.56069556,35.363384725,139.560733405633,35.3635162508969,11648.8831171446
722-1430,722,1430,埋蔵文化財包蔵地,栄区NO.94,139.56734832,35.362565635,139.567206176119,35.3625139704285,11373.0719048967
92-1430,92,1430,埋蔵文化財包蔵地,栄区NO.95,139.564258185,35.35990505,139.564258157421,35.3599124910124,11775.3771752098
723-1430,723,1430,埋蔵文化財包蔵地,栄区NO.96,139.57617412,35.36315321,139.576259893575,35.3633187179065,10888.2196243165
724-1430,724,1430,埋蔵文化財包蔵地,栄区NO.97,139.58016674,35.36225231,139.580263013999,35.3622518674212,10794.8979602212
725-1430,725,1430,埋蔵文化財包蔵地,栄区NO.98,139.58378021,35.361955585,139.583928621314,35.361992536153,10669.7708281365
730-1430,730,1430,埋蔵文化財包蔵地,栄区NO.99,139.588483745,35.36100406,139.588417762644,35.3609601788032,10577.0755124474
2355-1430,2355,1430,埋蔵文化財包蔵地,泉区NO.1,139.4839242,35.44517734,139.483922648602,35.4451738247323,13942.5970623578
1471-1430,1471,1430,埋蔵文化財包蔵地,泉区NO.10,139.51388994,35.43243369,139.513890533134,35.4323720194961,11344.6099916358
1467-1430,1467,1430,埋蔵文化財包蔵地,泉区NO.11,139.52180783,35.443372045,139.521926718212,35.4433922092448,10516.1558915842
1466-1430,1466,1430,埋蔵文化財包蔵地,泉区NO.12,139.52338103,35.44580465,139.523512406972,35.4457047856279,10366.1308378724
1473-1430,1473,1430,埋蔵文化財包蔵地,泉区NO.13,139.52658697,35.43679234,139.526530865504,35.4367339879915,10140.696320976
1472-1430,1472,1430,埋蔵文化財包蔵地,泉区NO.14,139.52661354,35.435356495,139.526608073824,35.4353793359448,10157.7783296216
2356-1430,2356,1430,埋蔵文化財包蔵地,泉区NO.15,139.53092053,35.437240185,139.530924802653,35.4372117401148,9744.84454561552
425-1430,425,1430,埋蔵文化財包蔵地,泉区NO.16,139.494238625,35.428010855,139.494238590112,35.4280190445956,13179.9854573991
1474-1430,1474,1430,埋蔵文化財包蔵地,泉区NO.17,139.491279515,35.42556578,139.491375269865,35.4254561038236,13490.5406496336
1475-1430,1475,1430,埋蔵文化財包蔵地,泉区NO.18,139.49608196,35.4241356,139.495802977957,35.4244829662547,13092.7665905988
1478-1430,1478,1430,埋蔵文化財包蔵地,泉区NO.19,139.494147435,35.420449345,139.494139478509,35.4204503815715,13350.1033318801
1462-1430,1462,1430,埋蔵文化財包蔵地,泉区NO.2,139.484117105,35.440069785,139.484133350367,35.4397573246852,13945.8573617859
1476-1430,1476,1430,埋蔵文化財包蔵地,泉区NO.20,139.500055765,35.42284156,139.499803028857,35.422388530974,12769.5792235797
1480-1430,1480,1430,埋蔵文化財包蔵地,泉区NO.21,139.487872395,35.42161816,139.487891547217,35.4216466879151,13877.8160818947
1479-1430,1479,1430,埋蔵文化財包蔵地,泉区NO.22,139.490108765,35.41956811,139.490089325095,35.4195515016117,13728.7618212273
1481-1430,1481,1430,埋蔵文化財包蔵地,泉区NO.23,139.49077316,35.416924935,139.490737373499,35.4169505586002,13739.1830307795
1485-1430,1485,1430,埋蔵文化財包蔵地,泉区NO.24,139.50712641,35.427883235,139.506779682998,35.427930350298,12031.4466379704
428-1430,428,1430,埋蔵文化財包蔵地,泉区NO.25,139.50816033,35.430687505,139.508160301314,35.4306949435505,11887.0886200405
427-1430,427,1430,埋蔵文化財包蔵地,泉区NO.26,139.506442025,35.425023775,139.506441992544,35.4250312160101,12153.0271792037
426-1430,426,1430,埋蔵文化財包蔵地,泉区NO.27,139.504490945,35.42297818,139.504490918165,35.4229848799505,12373.7637263073
1486-1430,1486,1430,埋蔵文化財包蔵地,泉区NO.28,139.507152765,35.4220388,139.507088051108,35.4218979654222,12162.0556770216
1477-1430,1477,1430,埋蔵文化財包蔵地,泉区NO.29,139.504526675,35.41763527,139.504647993048,35.4176146785576,12513.5025458892
1463-1430,1463,1430,埋蔵文化財包蔵地,泉区NO.3,139.490859605,35.43427196,139.491110589942,35.4342699035056,13389.6754841807
1484-1430,1484,1430,埋蔵文化財包蔵地,泉区NO.30,139.48391181,35.41508489,139.483913128144,35.4150848949978,14392.2775871147
1482-1430,1482,1430,埋蔵文化財包蔵地,泉区NO.31,139.48610914,35.410580535,139.48606205316,35.4104963314177,14333.7275029667
1487-1430,1487,1430,埋蔵文化財包蔵地,泉区NO.32,139.510092605,35.42963403,139.510178519109,35.4296633228997,11733.0523772583
1488-1430,1488,1430,埋蔵文化財包蔵地,泉区NO.33,139.51193579,35.427504395,139.511973623654,35.4276071202011,11610.7360371847
1489-1430,1489,1430,埋蔵文化財包蔵地,泉区NO.34,139.512168205,35.42542371,139.51223764509,35.4254142646927,11636.0212758732
1505-1430,1505,1430,埋蔵文化財包蔵地,泉区NO.35,139.519054695,35.42897163,139.518926826476,35.4291174170752,10946.4377331981
1504-1430,1504,1430,埋蔵文化財包蔵地,泉区NO.36,139.52280474,35.428531515,139.522810302528,35.4287063324963,10622.1146569674
1503-1430,1503,1430,埋蔵文化財包蔵地,泉区NO.37,139.520712225,35.426681735,139.520638150094,35.4266689510295,10849.5678489176
429-1430,429,1430,埋蔵文化財包蔵地,泉区NO.38,139.52235249,35.42673925,139.522352460994,35.4267474349648,10702.926306736
1502-1430,1502,1430,埋蔵文化財包蔵地,泉区NO.39,139.523609955,35.426246085,139.523579876584,35.4261960071655,10603.5240704842
1465-1430,1465,1430,埋蔵文化財包蔵地,泉区NO.4,139.495591465,35.439396065,139.495620110873,35.43927543496,12912.6191962795
1501-1430,1501,1430,埋蔵文化財包蔵地,泉区NO.40,139.52276962,35.425444185,139.522783243226,35.4254347518748,10697.6561411693
1506-1430,1506,1430,埋蔵文化財包蔵地,泉区NO.41,139.528124545,35.42717903,139.528153562256,35.4275125045587,10181.5847885371
1499-1430,1499,1430,埋蔵文化財包蔵地,泉区NO.42,139.527890635,35.427422065,139.528052457434,35.4272819439606,10196.4039492391
1500-1430,1500,1430,埋蔵文化財包蔵地,泉区NO.43,139.528475075,35.425677645,139.528474953112,35.4256248575925,10188.5331103972
430-1430,430,1430,埋蔵文化財包蔵地,泉区NO.44,139.52754031,35.42478508,139.527540280141,35.4247925225406,10294.4900773956
1495-1430,1495,1430,埋蔵文化財包蔵地,泉区NO.45,139.517439575,35.422517785,139.517606988191,35.4226833250335,11243.736631837
1496-1430,1496,1430,埋蔵文化財包蔵地,泉区NO.46,139.52104517,35.42304109,139.52110628184,35.4230327094084,10912.6768185009
1497-1430,1497,1430,埋蔵文化財包蔵地,泉区NO.47,139.52403935,35.421611525,139.524251679542,35.421525026541,10691.1250135566
1498-1430,1498,1430,埋蔵文化財包蔵地,泉区NO.48,139.528331585,35.420369775,139.528279205533,35.4200105880328,10355.6551575795
1491-1430,1491,1430,埋蔵文化財包蔵地,泉区NO.49,139.511754305,35.420984785,139.511861151746,35.4209323905129,11785.0816634534
1464-1430,1464,1430,埋蔵文化財包蔵地,泉区NO.5,139.497173735,35.436130515,139.497160237991,35.4360562500628,12799.3702597619
1490-1430,1490,1430,埋蔵文化財包蔵地,泉区NO.50,139.51275148,35.421661355,139.512751934594,35.4216613581906,11679.0087281622
1492-1430,1492,1430,埋蔵文化財包蔵地,泉区NO.51,139.51424087,35.419210025,139.514423350897,35.4193719367245,11618.2171831247
1493-1430,1493,1430,埋蔵文化財包蔵地,泉区NO.52,139.51763451,35.418427585,139.517512501319,35.4183703441573,11346.4563174239
1494-1430,1494,1430,埋蔵文化財包蔵地,泉区NO.53,139.520479185,35.419410505,139.520598957993,35.4196965974325,11068.3274460906
1510-1430,1510,1430,埋蔵文化財包蔵地,泉区NO.54,139.520335805,35.41575844,139.520418722262,35.4158362260394,11200.9331832803
1508-1430,1508,1430,埋蔵文化財包蔵地,泉区NO.55,139.52438865,35.416421125,139.524500243309,35.4168436334023,10829.0768223187
431-1430,431,1430,埋蔵文化財包蔵地,泉区NO.56,139.522885865,35.415404035,139.522885833209,35.4154122194817,10994.2417375523
1507-1430,1507,1430,埋蔵文化財包蔵地,泉区NO.57,139.52794511,35.416274285,139.527712163248,35.4163647147071,10529.1190038001
432-1430,432,1430,埋蔵文化財包蔵地,泉区NO.58,139.52679354,35.414185895,139.526793510734,35.4141940806181,10705.2624104671
433-1430,433,1430,埋蔵文化財包蔵地,泉区NO.59,139.51492967,35.41401,139.514929637827,35.4140178147672,11727.1494656316
424-1430,424,1430,埋蔵文化財包蔵地,泉区NO.6,139.51538749,35.44184182,139.515387460698,35.4418494895137,11105.3824901619
1509-1430,1509,1430,埋蔵文化財包蔵地,泉区NO.60,139.509732295,35.412187335,139.509696842216,35.4120576540521,12238.1289507714
434-1430,434,1430,埋蔵文化財包蔵地,泉区NO.61,139.518790545,35.409762485,139.518790515918,35.4097703005551,11557.3051840539
1511-1430,1511,1430,埋蔵文化財包蔵地,泉区NO.62,139.524597905,35.412595785,139.524443646131,35.4126847385981,10953.2875340827
1512-1430,1512,1430,埋蔵文化財包蔵地,泉区NO.63,139.523691325,35.411229235,139.523782941372,35.4112588806872,11084.210289001
1513-1430,1513,1430,埋蔵文化財包蔵地,泉区NO.64,139.48445653,35.406626415,139.484277396609,35.4066812880446,14607.2472122652
1516-1430,1516,1430,埋蔵文化財包蔵地,泉区NO.65,139.48407578,35.4012384,139.4839047658,35.4012045914664,14835.8082296437
435-1430,435,1430,埋蔵文化財包蔵地,泉区NO.66,139.48332106,35.39745978,139.483321024725,35.3974680084145,15049.4486191769
1514-1430,1514,1430,埋蔵文化財包蔵地,泉区NO.67,139.48894058,35.40674474,139.489033670176,35.406725916891,14217.1411437522
1515-1430,1515,1430,埋蔵文化財包蔵地,泉区NO.68,139.488254265,35.401094425,139.488227507318,35.4010466968586,14486.57523056
1519-1430,1519,1430,埋蔵文化財包蔵地,泉区NO.69,139.48588943,35.394010275,139.486376347995,35.3937431679474,14980.6066001425
1468-1430,1468,1430,埋蔵文化財包蔵地,泉区NO.7,139.517329655,35.44104116,139.517205717973,35.4410986038348,10934.8451322433
1518-1430,1518,1430,埋蔵文化財包蔵地,泉区NO.70,139.494629965,35.4040539,139.494316505163,35.4041552270179,13830.0237189242
1517-1430,1517,1430,埋蔵文化財包蔵地,泉区NO.71,139.496697935,35.403380095,139.496994886985,35.4035506618833,13680.9400832256
1522-1430,1522,1430,埋蔵文化財包蔵地,泉区NO.72,139.512159035,35.402229235,139.512035167552,35.4021910693662,12432.7380698864
1520-1430,1520,1430,埋蔵文化財包蔵地,泉区NO.73,139.519854105,35.40628547,139.519743987002,35.4060977172439,11613.5031933987
1521-1430,1521,1430,埋蔵文化財包蔵地,泉区NO.74,139.52212639,35.402928215,139.522207379904,35.4032262014587,11578.1828437091
1523-1430,1523,1430,埋蔵文化財包蔵地,泉区NO.75,139.49177834,35.38646924,139.491713863315,35.3866066433863,14854.0981915768
1483-1430,1483,1430,埋蔵文化財包蔵地,泉区NO.76,139.492891715,35.409508575,139.492754353306,35.4094863301522,13781.3110301756
1469-1430,1469,1430,埋蔵文化財包蔵地,泉区NO.8,139.514114355,35.438861345,139.514341248607,35.4386981512697,11243.074398564
1470-1430,1470,1430,埋蔵文化財包蔵地,泉区NO.9,139.5160291,35.435176715,139.516044493374,35.4352162471022,11111.9906219622
943-1430,943,1430,埋蔵文化財包蔵地,港北区NO.1,139.61846532,35.556820425,139.61863263734,35.5566202847663,12319.7995092496
985-1430,985,1430,埋蔵文化財包蔵地,港北区NO.10,139.62701355,35.553865365,139.627058839324,35.5537575530694,11906.2822764411
1015-1430,1015,1430,埋蔵文化財包蔵地,港北区NO.100,139.599329915,35.531794755,139.599360144051,35.5317682672994,10034.6960696307
1016-1430,1016,1430,埋蔵文化財包蔵地,港北区NO.101,139.600293235,35.531710185,139.600272568382,35.5316185722405,9995.88807570664
1017-1430,1017,1430,埋蔵文化財包蔵地,港北区NO.102,139.601221925,35.532149255,139.601226422937,35.5321178269875,10013.7042598925
1019-1430,1019,1430,埋蔵文化財包蔵地,港北区NO.103,139.599767435,35.530622965,139.599763089321,35.530566695883,9898.68416393704
1018-1430,1018,1430,埋蔵文化財包蔵地,港北区NO.104,139.6006302,35.53100869,139.60062144222,35.5309758920391,9912.11749418824
1050-1430,1050,1430,埋蔵文化財包蔵地,港北区NO.105,139.602840955,35.53216806,139.602999670548,35.5324507340918,9968.14188597476
1027-1430,1027,1430,埋蔵文化財包蔵地,港北区NO.106,139.605709535,35.5338589,139.605715166076,35.533881130519,10068.6590956199
1026-1430,1026,1430,埋蔵文化財包蔵地,港北区NO.107,139.60477835,35.531055995,139.604732663353,35.5310864897775,9795.92527631644
1025-1430,1025,1430,埋蔵文化財包蔵地,港北区NO.108,139.60751891,35.53167817,139.607583418296,35.5317223879275,9789.46670928264
1024-1430,1024,1430,埋蔵文化財包蔵地,港北区NO.109,139.60658828,35.530842225,139.606525162695,35.5308080872899,9724.38213488699
986-1430,986,1430,埋蔵文化財包蔵地,港北区NO.11,139.628155895,35.552712725,139.628158305372,35.5526795579124,11770.3887963907
1023-1430,1023,1430,埋蔵文化財包蔵地,港北区NO.110,139.606637425,35.53003688,139.60663611254,35.5300883346333,9637.38405347675
1020-1430,1020,1430,埋蔵文化財包蔵地,港北区NO.111,139.603814445,35.52915716,139.603862673845,35.5290918053475,9622.53763835896
1049-1430,1049,1430,埋蔵文化財包蔵地,港北区NO.112,139.603384025,35.527350825,139.603203628175,35.5273948305845,9445.14220681225
1021-1430,1021,1430,埋蔵文化財包蔵地,港北区NO.113,139.606055555,35.52822566,139.606012403011,35.5282734127186,9460.77315370832
1022-1430,1022,1430,埋蔵文化財包蔵地,港北区NO.114,139.60734803,35.52867168,139.607376701135,35.5286223740189,9473.3312614014
1048-1430,1048,1430,埋蔵文化財包蔵地,港北区NO.115,139.604754465,35.52677149,139.604830242552,35.526754026975,9343.83672011828
1047-1430,1047,1430,埋蔵文化財包蔵地,港北区NO.116,139.605416445,35.52598108,139.605474241454,35.5259574601544,9241.37654882536
1046-1430,1046,1430,埋蔵文化財包蔵地,港北区NO.117,139.60454253,35.525469805,139.604581539829,35.5254142264529,9213.0199207576
1042-1430,1042,1430,埋蔵文化財包蔵地,港北区NO.118,139.60937431,35.52663545,139.609402744621,35.5265617140299,9203.84764221085
1043-1430,1043,1430,埋蔵文化財包蔵地,港北区NO.119,139.60843518,35.525479315,139.608397668625,35.525391310255,9104.89770155617
952-1430,952,1430,埋蔵文化財包蔵地,港北区NO.12,139.63553383,35.556572775,139.635521695439,35.5565817692152,12169.2903633581
1045-1430,1045,1430,埋蔵文化財包蔵地,港北区NO.120,139.606846895,35.524684875,139.60684502325,35.5246349528355,9063.84305623214
1044-1430,1044,1430,埋蔵文化財包蔵地,港北区NO.121,139.607558145,35.52372345,139.607552989775,35.5236179449223,8942.25018212228
2311-1430,2311,1430,埋蔵文化財包蔵地,港北区NO.122,139.611214135,35.525578555,139.611223411422,35.5255901525413,9045.26172260177
2312-1430,2312,1430,埋蔵文化財包蔵地,港北区NO.123,139.610944625,35.52492117,139.610951173632,35.5249393122433,8981.3602471608
2313-1430,2313,1430,埋蔵文化財包蔵地,港北区NO.124,139.609366175,35.522725085,139.609357216307,35.5227144146661,8787.22178815613
1051-1430,1051,1430,埋蔵文化財包蔵地,港北区NO.125,139.60911826,35.52208166,139.609101290298,35.522124096002,8725.46045031974
1069-1430,1069,1430,埋蔵文化財包蔵地,港北区NO.126,139.65163419,35.544242085,139.651594667029,35.5442769837643,10868.9576614117
1068-1430,1068,1430,埋蔵文化財包蔵地,港北区NO.127,139.650372335,35.54391464,139.65032258458,35.5437923380186,10820.0917081889
2318-1430,2318,1430,埋蔵文化財包蔵地,港北区NO.128,139.645266655,35.54386756,139.64527869054,35.543848053004,10775.7773703865
2314-1430,2314,1430,埋蔵文化財包蔵地,港北区NO.129,139.624203675,35.53887243,139.62423208584,35.5388794716145,10272.1954786797
953-1430,953,1430,埋蔵文化財包蔵地,港北区NO.13,139.637408185,35.556828475,139.637275283968,35.5568889585861,12196.1151663833
1053-1430,1053,1430,埋蔵文化財包蔵地,港北区NO.130,139.62503164,35.54042578,139.625043268171,35.540460523826,10435.2243257636
1052-1430,1052,1430,埋蔵文化財包蔵地,港北区NO.131,139.6252638,35.54032658,139.62526432776,35.5403265774375,10421.950666283
1054-1430,1054,1430,埋蔵文化財包蔵地,港北区NO.132,139.626698515,35.540041515,139.626851829636,35.5400298309328,10377.0692327374
1055-1430,1055,1430,埋蔵文化財包蔵地,港北区NO.133,139.627569125,35.53954785,139.62753278364,35.5395257968023,10315.0513488503
2315-1430,2315,1430,埋蔵文化財包蔵地,港北区NO.134,139.625914005,35.538784425,139.625985358504,35.5387748587501,10245.0868112348
1060-1430,1060,1430,埋蔵文化財包蔵地,港北区NO.135,139.634735045,35.53803477,139.634696499704,35.5381568795585,10109.0634034618
1059-1430,1059,1430,埋蔵文化財包蔵地,港北区NO.136,139.638748295,35.53709466,139.638658225817,35.5369414025738,10001.1902597088
1058-1430,1058,1430,埋蔵文化財包蔵地,港北区NO.137,139.63872379,35.535977155,139.63872442654,35.5359445486872,9876.85823994962
1057-1430,1057,1430,埋蔵文化財包蔵地,港北区NO.138,139.641165475,35.53479084,139.641066544943,35.5347311818196,9749.40288193318
2316-1430,2316,1430,埋蔵文化財包蔵地,港北区NO.139,139.636519835,35.535029725,139.636514392722,35.535027282631,9771.70648629411
959-1430,959,1430,埋蔵文化財包蔵地,港北区NO.14,139.633981805,35.553891875,139.634097975938,35.5537799196471,11874.3093399073
1056-1430,1056,1430,埋蔵文化財包蔵地,港北区NO.140,139.63553541,35.534709385,139.635549388146,35.5346772353453,9737.5043592444
1061-1430,1061,1430,埋蔵文化財包蔵地,港北区NO.141,139.625314815,35.528991245,139.625348525674,35.5291666572387,9168.85901241607
1062-1430,1062,1430,埋蔵文化財包蔵地,港北区NO.142,139.628739265,35.52665632,139.628703955706,35.5266378175835,8877.22268161678
1063-1430,1063,1430,埋蔵文化財包蔵地,港北区NO.143,139.629148475,35.524984135,139.629193256011,35.5249443498761,8688.59958844401
1064-1430,1064,1430,埋蔵文化財包蔵地,港北区NO.144,139.62603448,35.524405755,139.626007061414,35.5243930277297,8654.59687404598
2317-1430,2317,1430,埋蔵文化財包蔵地,港北区NO.145,139.62757694,35.523202555,139.627613274399,35.5232015411173,8505.48575336396
1067-1430,1067,1430,埋蔵文化財包蔵地,港北区NO.146,139.64412459,35.52302693,139.644084289983,35.5231246588423,8455.56080576908
1066-1430,1066,1430,埋蔵文化財包蔵地,港北区NO.147,139.64158856,35.5227777,139.641494257422,35.5227293773788,8415.27517796605
1065-1430,1065,1430,埋蔵文化財包蔵地,港北区NO.148,139.63998372,35.52264909,139.640016632609,35.5226176011622,8396.21835212756
1070-1430,1070,1430,埋蔵文化財包蔵地,港北区NO.149,139.60911069,35.52074887,139.609082055309,35.5207175994224,8584.22323354453
958-1430,958,1430,埋蔵文化財包蔵地,港北区NO.15,139.633364875,35.55208804,139.633415511975,35.5520291099387,11675.495977361
1071-1430,1071,1430,埋蔵文化財包蔵地,港北区NO.150,139.61015194,35.52074287,139.610103879195,35.5207415940938,8555.52445867402
1072-1430,1072,1430,埋蔵文化財包蔵地,港北区NO.151,139.611468065,35.52135295,139.611356375276,35.5213154092576,8586.60082025718
1073-1430,1073,1430,埋蔵文化財包蔵地,港北区NO.152,139.609898695,35.52003063,139.609872672211,35.520061725552,8486.58264058452
2320-1430,2320,1430,埋蔵文化財包蔵地,港北区NO.153,139.613098455,35.52122368,139.613122183265,35.5212228654439,8532.91123132593
1074-1430,1074,1430,埋蔵文化財包蔵地,港北区NO.154,139.61133544,35.519309815,139.611590059251,35.5190761369424,8371.89910985697
1075-1430,1075,1430,埋蔵文化財包蔵地,港北区NO.155,139.61137499,35.518371225,139.611371141824,35.5183463445404,8270.86283757153
1076-1430,1076,1430,埋蔵文化財包蔵地,港北区NO.156,139.610634815,35.51783328,139.610491098332,35.5177960768176,8233.36360114624
1077-1430,1077,1430,埋蔵文化財包蔵地,港北区NO.157,139.60971603,35.517939495,139.609758227407,35.5179317833718,8269.84298652926
1078-1430,1078,1430,埋蔵文化財包蔵地,港北区NO.158,139.608805265,35.51782983,139.608841098614,35.5178130224168,8284.00093947248
1079-1430,1079,1430,埋蔵文化財包蔵地,港北区NO.159,139.608117605,35.517079685,139.608128450021,35.5169627231195,8225.02550796582
991-1430,991,1430,埋蔵文化財包蔵地,港北区NO.16,139.625640755,35.548596095,139.625763553724,35.5485727629725,11333.5352456225
1080-1430,1080,1430,埋蔵文化財包蔵地,港北区NO.160,139.610140525,35.51702475,139.610150984622,35.517036103607,8161.18611682797
1081-1430,1081,1430,埋蔵文化財包蔵地,港北区NO.161,139.60858342,35.51595948,139.608572673646,35.5159264934682,8093.45431402318
1082-1430,1082,1430,埋蔵文化財包蔵地,港北区NO.162,139.61023701,35.515306215,139.610236211958,35.5153100451476,7976.69300376953
1083-1430,1083,1430,埋蔵文化財包蔵地,港北区NO.163,139.61166365,35.515559775,139.611663467073,35.5155258744393,7964.15737283567
1088-1430,1088,1430,埋蔵文化財包蔵地,港北区NO.164,139.610002865,35.51429519,139.609976983055,35.5142805564123,7876.68571415612
1087-1430,1087,1430,埋蔵文化財包蔵地,港北区NO.165,139.610626795,35.51391532,139.610627080166,35.5139153184981,7818.68857100644
1084-1430,1084,1430,埋蔵文化財包蔵地,港北区NO.166,139.611701975,35.514157115,139.611786604263,35.5141771419793,7814.23972374877
1085-1430,1085,1430,埋蔵文化財包蔵地,港北区NO.167,139.611387715,35.51316457,139.61130978476,35.5131409262824,7717.82490656547
1089-1430,1089,1430,埋蔵文化財包蔵地,港北区NO.168,139.59696896,35.509157355,139.597061173202,35.5090190753277,7821.27513836281
1091-1430,1091,1430,埋蔵文化財包蔵地,港北区NO.169,139.597366275,35.50625893,139.597500767228,35.5062568828436,7521.06446476665
987-1430,987,1430,埋蔵文化財包蔵地,港北区NO.17,139.629716475,35.550255565,139.629530557843,35.5502084970997,11487.9747739292
1093-1430,1093,1430,埋蔵文化財包蔵地,港北区NO.170,139.596498465,35.50337447,139.596622757581,35.5033824655733,7282.48328628982
1100-1430,1100,1430,埋蔵文化財包蔵地,港北区NO.171,139.600516975,35.50253864,139.600557065811,35.5025680526754,7020.72333341529
1099-1430,1099,1430,埋蔵文化財包蔵地,港北区NO.172,139.60310846,35.50203243,139.603039078123,35.5020311137126,6860.79192175452
1092-1430,1092,1430,埋蔵文化財包蔵地,港北区NO.173,139.589331695,35.50713094,139.589297181523,35.5072314032168,7981.90163228587
1090-1430,1090,1430,埋蔵文化財包蔵地,港北区NO.174,139.59514905,35.50671726,139.595233333606,35.5065806432543,7664.87221106114
1095-1430,1095,1430,埋蔵文化財包蔵地,港北区NO.175,139.59035407,35.502076165,139.590468348254,35.5020132991524,7464.84422465733
1094-1430,1094,1430,埋蔵文化財包蔵地,港北区NO.176,139.593975535,35.5020218,139.594145829557,35.5020387983497,7275.86852671707
1096-1430,1096,1430,埋蔵文化財包蔵地,港北区NO.177,139.586295725,35.50160049,139.586222463705,35.5015369710147,7640.38769194251
2237-1430,2237,1430,埋蔵文化財包蔵地,港北区NO.178,139.59117195,35.49989635,139.591111922749,35.5000274889047,7224.29954665885
1097-1430,1097,1430,埋蔵文化財包蔵地,港北区NO.179,139.60016407,35.499476175,139.600476404895,35.4994081120652,6740.0726899611
988-1430,988,1430,埋蔵文化財包蔵地,港北区NO.18,139.63115824,35.54840274,139.63097661707,35.548226303851,11274.5992966938
1098-1430,1098,1430,埋蔵文化財包蔵地,港北区NO.180,139.60245494,35.5007353,139.602472624619,35.5006639198834,6760.63258152978
1102-1430,1102,1430,埋蔵文化財包蔵地,港北区NO.181,139.623933635,35.50455528,139.623814656327,35.5044620533525,6502.65664390745
1101-1430,1101,1430,埋蔵文化財包蔵地,港北区NO.182,139.62266868,35.502379725,139.622495200687,35.5023989425393,6289.25692371151
1108-1430,1108,1430,埋蔵文化財包蔵地,港北区NO.183,139.638841,35.521571955,139.638872043901,35.5215530605202,8274.54443005696
1107-1430,1107,1430,埋蔵文化財包蔵地,港北区NO.184,139.63800967,35.521030055,139.637990523774,35.520971068414,8213.70522114864
1106-1430,1106,1430,埋蔵文化財包蔵地,港北区NO.185,139.63694404,35.521130115,139.637020207616,35.5211409915957,8225.12910117425
1105-1430,1105,1430,埋蔵文化財包蔵地,港北区NO.186,139.63721607,35.51988027,139.637222222104,35.5198572561146,8085.90976555
1104-1430,1104,1430,埋蔵文化財包蔵地,港北区NO.187,139.63547348,35.5203288,139.635470891333,35.5202713028825,8138.28073603007
1103-1430,1103,1430,埋蔵文化財包蔵地,港北区NO.188,139.630917695,35.520793735,139.631115970338,35.5207903049123,8210.77591766563
1111-1430,1111,1430,埋蔵文化財包蔵地,港北区NO.189,139.6379481,35.517010805,139.638016301995,35.5170015594258,7766.56997857482
247-1430,247,1430,埋蔵文化財包蔵地,港北区NO.19,139.63139158,35.54640156,139.631391559577,35.5464094193382,11051.1736139558
1110-1430,1110,1430,埋蔵文化財包蔵地,港北区NO.190,139.63798392,35.51857372,139.637903478799,35.5185723371323,7940.4442979616
1109-1430,1109,1430,埋蔵文化財包蔵地,港北区NO.191,139.640015805,35.51872296,139.640062108609,35.51889127194,7959.66324007667
1116-1430,1116,1430,埋蔵文化財包蔵地,港北区NO.192,139.64420442,35.519023495,139.644182143689,35.518997190096,8011.82035138435
1115-1430,1115,1430,埋蔵文化財包蔵地,港北区NO.193,139.641159035,35.51588103,139.641221544037,35.5158847632395,7647.10376849063
1112-1430,1112,1430,埋蔵文化財包蔵地,港北区NO.194,139.63913992,35.51459874,139.639084284487,35.5143255140266,7499.27389929893
1114-1430,1114,1430,埋蔵文化財包蔵地,港北区NO.195,139.64300103,35.514247255,139.642948804994,35.5143272704448,7474.27138417481
1113-1430,1113,1430,埋蔵文化財包蔵地,港北区NO.196,139.64185401,35.513439135,139.641675286503,35.5135347956941,7378.58929469868
1117-1430,1117,1430,埋蔵文化財包蔵地,港北区NO.197,139.63819754,35.51006228,139.638116717138,35.5099842171873,6993.67597850322
1118-1430,1118,1430,埋蔵文化財包蔵地,港北区NO.198,139.640273505,35.508311945,139.64026834239,35.5082390236678,6802.68229399884
1121-1430,1121,1430,埋蔵文化財包蔵地,港北区NO.199,139.64050939,35.50647406,139.640496007175,35.5064796432787,6599.12026177339
949-1430,949,1430,埋蔵文化財包蔵地,港北区NO.2,139.6234195,35.55690979,139.623817044966,35.557042550036,12274.0419893221
989-1430,989,1430,埋蔵文化財包蔵地,港北区NO.20,139.633164755,35.54718701,139.633127907285,35.5471730144982,11131.2740447045
1119-1430,1119,1430,埋蔵文化財包蔵地,港北区NO.200,139.63834971,35.506944635,139.638352153735,35.5068966283186,6646.95702303357
1120-1430,1120,1430,埋蔵文化財包蔵地,港北区NO.201,139.638037885,35.50610882,139.638076340679,35.5061997337794,6553.80706743557
1122-1430,1122,1430,埋蔵文化財包蔵地,港北区NO.202,139.641536065,35.505147075,139.641537185022,35.5050952899953,6455.88125221376
1136-1430,1136,1430,埋蔵文化財包蔵地,港北区NO.203,139.629812065,35.50856402,139.629858871775,35.5085806336325,6864.70152248024
1137-1430,1137,1430,埋蔵文化財包蔵地,港北区NO.204,139.633249075,35.507482605,139.633338731302,35.5074657960703,6718.9866088751
1135-1430,1135,1430,埋蔵文化財包蔵地,港北区NO.205,139.62777946,35.507338615,139.627631134194,35.5072068770192,6751.32948765887
1132-1430,1132,1430,埋蔵文化財包蔵地,港北区NO.206,139.62615487,35.505492105,139.626133007353,35.5055613149647,6569.76064183149
1131-1430,1131,1430,埋蔵文化財包蔵地,港北区NO.207,139.626216845,35.502214925,139.626319022912,35.5021261360783,6209.21108636462
1134-1430,1134,1430,埋蔵文化財包蔵地,港北区NO.208,139.63295598,35.503451165,139.632844464903,35.5032260338727,6273.17960557828
1133-1430,1133,1430,埋蔵文化財包蔵地,港北区NO.209,139.63106639,35.5028754,139.631066990781,35.5028754001016,6223.61579401632
990-1430,990,1430,埋蔵文化財包蔵地,港北区NO.21,139.634102465,35.547245285,139.634156424986,35.5471757094822,11134.9042465906
256-1430,256,1430,埋蔵文化財包蔵地,港北区NO.210,139.631142795,35.50182308,139.631142775006,35.5018305230685,6106.43384944346
1126-1430,1126,1430,埋蔵文化財包蔵地,港北区NO.211,139.634596065,35.502052315,139.634620099524,35.5020203975357,6109.18744976621
1124-1430,1124,1430,埋蔵文化財包蔵地,港北区NO.212,139.63953648,35.50278365,139.639831554329,35.5028352197306,6185.96095528118
2407-1430,2407,1430,埋蔵文化財包蔵地,港北区NO.213,139.642175625,35.50303449,139.642143681579,35.5030218007469,6224.67466452588
1128-1430,1128,1430,埋蔵文化財包蔵地,港北区NO.214,139.632377815,35.50166639,139.632408196097,35.5016794212112,6079.09795265072
1129-1430,1129,1430,埋蔵文化財包蔵地,港北区NO.215,139.631226345,35.500343055,139.63127734996,35.5003484085336,5941.84562827873
1130-1430,1130,1430,埋蔵文化財包蔵地,港北区NO.216,139.62909858,35.50036776,139.629056630968,35.5004405686916,5966.84965581374
1127-1430,1127,1430,埋蔵文化財包蔵地,港北区NO.217,139.635680915,35.501505585,139.635674545979,35.5014390103069,6044.58258825823
257-1430,257,1430,埋蔵文化財包蔵地,港北区NO.218,139.63596023,35.500138365,139.635960208481,35.5001458055535,5891.80916852452
1125-1430,1125,1430,埋蔵文化財包蔵地,港北区NO.219,139.63943532,35.50084779,139.639449736683,35.5008306373855,5970.44074713014
2306-1430,2306,1430,埋蔵文化財包蔵地,港北区NO.22,139.633242265,35.54540685,139.633159080732,35.5453761790124,10933.1155639917
1123-1430,1123,1430,埋蔵文化財包蔵地,港北区NO.220,139.64175192,35.501618235,139.641736724149,35.5016377686656,6065.04252243999
1138-1430,1138,1430,埋蔵文化財包蔵地,港北区NO.221,139.605023275,35.498958005,139.605086408571,35.499051026024,6477.27859079879
1139-1430,1139,1430,埋蔵文化財包蔵地,港北区NO.222,139.606247655,35.49690329,139.606132390292,35.4968655264771,6223.26675948813
1141-1430,1141,1430,埋蔵文化財包蔵地,港北区NO.223,139.61372443,35.49587174,139.613689971696,35.495906936876,5836.35536739104
1140-1430,1140,1430,埋蔵文化財包蔵地,港北区NO.224,139.61631229,35.498028325,139.615958283686,35.4978970641132,5979.3326026953
1142-1430,1142,1430,埋蔵文化財包蔵地,港北区NO.225,139.61758437,35.49531366,139.617592021623,35.4953596782235,5656.27701974464
1143-1430,1143,1430,埋蔵文化財包蔵地,港北区NO.226,139.61438896,35.49390042,139.614315235393,35.4940513887338,5610.48123479403
1144-1430,1144,1430,埋蔵文化財包蔵地,港北区NO.227,139.617817075,35.492847895,139.61763225004,35.4929471041197,5390.31054111204
1148-1430,1148,1430,埋蔵文化財包蔵地,港北区NO.228,139.6228387,35.497145945,139.622900559985,35.497058302843,5718.68049696971
1147-1430,1147,1430,埋蔵文化財包蔵地,港北区NO.229,139.62209484,35.496468475,139.62207209982,35.4964308150504,5661.99529129265
954-1430,954,1430,埋蔵文化財包蔵地,港北区NO.23,139.640131115,35.55642381,139.640140149216,35.5562828436188,12152.9711501918
1145-1430,1145,1430,埋蔵文化財包蔵地,港北区NO.230,139.621016985,35.493892725,139.6209708302,35.4938575361975,5411.6371375239
1146-1430,1146,1430,埋蔵文化財包蔵地,港北区NO.231,139.62259565,35.493376205,139.622703927659,35.4935982297328,5317.76634207663
1150-1430,1150,1430,埋蔵文化財包蔵地,港北区NO.232,139.626991115,35.49856696,139.627068985476,35.4986276448491,5797.37163487062
1151-1430,1151,1430,埋蔵文化財包蔵地,港北区NO.233,139.627004255,35.4969702,139.62697651395,35.4969468884626,5622.14390870129
1152-1430,1152,1430,埋蔵文化財包蔵地,港北区NO.234,139.624829065,35.496777975,139.624867377196,35.4967847801952,5638.70736329449
1153-1430,1153,1430,埋蔵文化財包蔵地,港北区NO.235,139.62535859,35.494190645,139.625331045656,35.4941759237975,5347.20417470691
1154-1430,1154,1430,埋蔵文化財包蔵地,港北区NO.236,139.627206825,35.494547685,139.627207173752,35.494486617492,5353.62180176689
1149-1430,1149,1430,埋蔵文化財包蔵地,港北区NO.237,139.63019632,35.49757228,139.630196896445,35.4975722819658,5645.78372013963
1161-1430,1161,1430,埋蔵文化財包蔵地,港北区NO.238,139.63851163,35.49645505,139.638652993784,35.496434983512,5480.25246785731
1160-1430,1160,1430,埋蔵文化財包蔵地,港北区NO.239,139.637444185,35.493986315,139.637438651335,35.4939074994708,5205.2597457757
957-1430,957,1430,埋蔵文化財包蔵地,港北区NO.24,139.638086945,35.55311174,139.638077237118,35.5530492580694,11782.6454578288
1159-1430,1159,1430,埋蔵文化財包蔵地,港北区NO.240,139.63934788,35.49315018,139.639367501843,35.4931397432732,5114.21453694223
1158-1430,1158,1430,埋蔵文化財包蔵地,港北区NO.241,139.638997115,35.491571965,139.638951555608,35.4914831928041,4937.88966710627
1157-1430,1157,1430,埋蔵文化財包蔵地,港北区NO.242,139.636698935,35.49090458,139.636706853883,35.4908477296518,4863.29310078135
1156-1430,1156,1430,埋蔵文化財包蔵地,港北区NO.243,139.63349499,35.49011398,139.633505679653,35.490072453521,4789.96762239662
1155-1430,1155,1430,埋蔵文化財包蔵地,港北区NO.244,139.629657855,35.493208645,139.629586661135,35.493088011029,5170.9657575194
1086-1430,1086,1430,埋蔵文化財包蔵地,港北区NO.245,139.611419705,35.5122657,139.611435144421,35.512242643512,7621.89698065976
970-1430,970,1430,埋蔵文化財包蔵地,港北区NO.246,139.655453605,35.549455895,139.655281186708,35.549388541672,11488.4682876873
973-1430,973,1430,埋蔵文化財包蔵地,港北区NO.247,139.65277271,35.547603295,139.652765532179,35.5475005963597,11252.4617193272
976-1430,976,1430,埋蔵文化財包蔵地,港北区NO.248,139.653653805,35.54521747,139.653138133759,35.5448846343992,10999.2231397918
980-1430,980,1430,埋蔵文化財包蔵地,港北区NO.249,139.64471808,35.54587361,139.64491541852,35.5457932115571,10995.5373736872
955-1430,955,1430,埋蔵文化財包蔵地,港北区NO.25,139.641749505,35.55521328,139.641669759418,35.5552174357301,12021.85261809
2319-1430,2319,1430,埋蔵文化財包蔵地,港北区NO.250,139.65105614,35.54327034,139.651053178225,35.5432695913453,10755.5911469131
2418-1430,2418,1430,埋蔵文化財包蔵地,港北区NO.251,139.62646553,35.539062995,139.626532377338,35.539083540082,10270.8085523014
956-1430,956,1430,埋蔵文化財包蔵地,港北区NO.26,139.64236177,35.55358225,139.642391341406,35.5535576350155,11842.3195878427
248-1430,248,1430,埋蔵文化財包蔵地,港北区NO.27,139.64367048,35.5545548,139.6435520344,35.5545741274983,11955.1781862563
249-1430,249,1430,埋蔵文化財包蔵地,港北区NO.28,139.64376177,35.55376834,139.64376175619,35.5537757843324,11868.1538049891
960-1430,960,1430,埋蔵文化財包蔵地,港北区NO.29,139.64554196,35.5552362,139.645467427365,35.5551917565631,12039.6586072649
944-1430,944,1430,埋蔵文化財包蔵地,港北区NO.3,139.621585325,35.553621905,139.621680259652,35.553191460965,11929.6691148421
983-1430,983,1430,埋蔵文化財包蔵地,港北区NO.30,139.640441525,35.549961705,139.640470721406,35.5499785350002,11434.7781323866
982-1430,982,1430,埋蔵文化財包蔵地,港北区NO.31,139.64145983,35.548881445,139.641400641421,35.548789423422,11316.996104236
2305-1430,2305,1430,埋蔵文化財包蔵地,港北区NO.32,139.641524795,35.548007245,139.641550838343,35.548007450815,11219.9666510038
2302-1430,2302,1430,埋蔵文化財包蔵地,港北区NO.33,139.650489,35.556204265,139.650514285944,35.5561634931951,12181.4490643314
961-1430,961,1430,埋蔵文化財包蔵地,港北区NO.34,139.64768413,35.555100305,139.647642881767,35.5550851593558,12037.5251344396
962-1430,962,1430,埋蔵文化財包蔵地,港北区NO.35,139.6498973,35.556053675,139.649731718226,35.5561166925682,12159.8010169646
250-1430,250,1430,埋蔵文化財包蔵地,港北区NO.36,139.651718375,35.55485062,139.65171835619,35.554858287778,12042.7482214451
984-1430,984,1430,埋蔵文化財包蔵地,港北区NO.37,139.645257195,35.550040165,139.645319638414,35.5501088937549,11461.1087350838
251-1430,251,1430,埋蔵文化財包蔵地,港北区NO.38,139.64557892,35.548318515,139.645578903374,35.5483264419043,11271.7239416855
978-1430,978,1430,埋蔵文化財包蔵地,港北区NO.39,139.64758829,35.54743163,139.647601480248,35.5473355012052,11186.296384036
945-1430,945,1430,埋蔵文化財包蔵地,港北区NO.4,139.621479005,35.550410095,139.621504700498,35.5503822657488,11576.3820923026
979-1430,979,1430,埋蔵文化財包蔵地,港北区NO.40,139.644381085,35.54688466,139.644525718667,35.5468942898787,11106.1342881779
981-1430,981,1430,埋蔵文化財包蔵地,港北区NO.41,139.64478608,35.544981555,139.644680931771,35.5449197223148,10896.8244845441
963-1430,963,1430,埋蔵文化財包蔵地,港北区NO.42,139.655774405,35.55295461,139.655646356324,35.5529627035379,11877.9575088838
965-1430,965,1430,埋蔵文化財包蔵地,港北区NO.43,139.65956557,35.551497165,139.65957605226,35.5514347095641,11770.1950602229
966-1430,966,1430,埋蔵文化財包蔵地,港北区NO.43,139.66026333,35.5513119,139.660264068248,35.5513119004994,11760.6828079259
964-1430,964,1430,埋蔵文化財包蔵地,港北区NO.44,139.656305175,35.551438155,139.656301831047,35.5514057212506,11717.6900728816
967-1430,967,1430,埋蔵文化財包蔵地,港北区NO.45,139.652110775,35.55198355,139.652055098797,35.5519456869226,11729.5067827635
968-1430,968,1430,埋蔵文化財包蔵地,港北区NO.46,139.651505735,35.550305945,139.651548727553,35.5502173006826,11537.9996005259
969-1430,969,1430,埋蔵文化財包蔵地,港北区NO.47,139.65489485,35.549328345,139.654927983049,35.5493223711558,11467.44814832
971-1430,971,1430,埋蔵文化財包蔵地,港北区NO.48,139.657408335,35.547720565,139.657409919286,35.5476474714403,11323.8577237931
972-1430,972,1430,埋蔵文化財包蔵地,港北区NO.49,139.656433385,35.546898935,139.656399834476,35.5469155630359,11219.9306214564
946-1430,946,1430,埋蔵文化財包蔵地,港北区NO.5,139.61035021,35.547239535,139.610327852736,35.5472900656577,11403.038695367
974-1430,974,1430,埋蔵文化財包蔵地,港北区NO.50,139.652269295,35.546983785,139.652081650377,35.5470581451203,11178.5922263296
975-1430,975,1430,埋蔵文化財包蔵地,港北区NO.51,139.65382119,35.545347815,139.653626008587,35.54538334145,11015.5937396365
2304-1430,2304,1430,埋蔵文化財包蔵地,港北区NO.52,139.655814575,35.545676585,139.655786553742,35.5456676945922,11077.099861501
2303-1430,2303,1430,埋蔵文化財包蔵地,港北区NO.53,139.65414369,35.54460172,139.654136908819,35.5445986936202,10937.2595474775
977-1430,977,1430,埋蔵文化財包蔵地,港北区NO.54,139.65075663,35.54557827,139.650810811951,35.5456185813517,11007.8174602303
994-1430,994,1430,埋蔵文化財包蔵地,港北区NO.55,139.611737235,35.54318137,139.611763195746,35.5430930553223,10935.0751981308
992-1430,992,1430,埋蔵文化財包蔵地,港北区NO.56,139.60982772,35.544136215,139.60998081621,35.5441203857109,11077.0722848989
993-1430,993,1430,埋蔵文化財包蔵地,港北区NO.57,139.60951355,35.542879375,139.609502564472,35.5428557569299,10947.6197772927
995-1430,995,1430,埋蔵文化財包蔵地,港北区NO.58,139.60686328,35.54228581,139.606847395371,35.5423486022633,10942.3961979474
999-1430,999,1430,埋蔵文化財包蔵地,港北区NO.59,139.606971345,35.540560925,139.607226825026,35.5403492987626,10754.4637971055
947-1430,947,1430,埋蔵文化財包蔵地,港北区NO.6,139.60921941,35.54578059,139.609037788281,35.5457080564949,11267.7642417456
996-1430,996,1430,埋蔵文化財包蔵地,港北区NO.60,139.60946636,35.540937255,139.609382044924,35.5409445854651,10738.6929690402
997-1430,997,1430,埋蔵文化財包蔵地,港北区NO.61,139.608737785,35.53971221,139.608736917551,35.5397078940025,10622.5532765872
998-1430,998,1430,埋蔵文化財包蔵地,港北区NO.62,139.60950108,35.53980728,139.609463158284,35.5398269327516,10615.9056815443
1005-1430,1005,1430,埋蔵文化財包蔵地,港北区NO.63,139.616233345,35.544466665,139.616374261764,35.5442545502993,10995.2068177048
1004-1430,1004,1430,埋蔵文化財包蔵地,港北区NO.64,139.615148745,35.542386485,139.615146967418,35.5423293224134,10785.7791898648
1003-1430,1003,1430,埋蔵文化財包蔵地,港北区NO.65,139.617169895,35.54160026,139.61729519574,35.5415319711863,10666.3688133904
1002-1430,1002,1430,埋蔵文化財包蔵地,港北区NO.66,139.615803615,35.540956695,139.615771765375,35.5409432793833,10618.3824427183
1001-1430,1001,1430,埋蔵文化財包蔵地,港北区NO.67,139.613888335,35.541193545,139.613809622308,35.5411229842678,10678.0628779602
1000-1430,1000,1430,埋蔵文化財包蔵地,港北区NO.68,139.61370083,35.539656365,139.613718792315,35.5396201439222,10514.1695711259
1031-1430,1031,1430,埋蔵文化財包蔵地,港北区NO.69,139.607314605,35.53774626,139.607316658825,35.5378214635692,10444.1187606362
948-1430,948,1430,埋蔵文化財包蔵地,港北区NO.7,139.61260752,35.54473881,139.61247320977,35.5446703299751,11087.8435883522
1010-1430,1010,1430,埋蔵文化財包蔵地,港北区NO.70,139.61043011,35.538395685,139.610457540829,35.5383446346622,10443.2944191678
1008-1430,1008,1430,埋蔵文化財包蔵地,港北区NO.71,139.617862415,35.538345625,139.617883513139,35.5383502272429,10298.9102604619
1007-1430,1007,1430,埋蔵文化財包蔵地,港北区NO.72,139.620468435,35.53904881,139.620380077046,35.5390082395159,10337.5265920359
2309-1430,2309,1430,埋蔵文化財包蔵地,港北区NO.73,139.620725435,35.5381732,139.620710756212,35.5381571586824,10237.7181131089
2310-1430,2310,1430,埋蔵文化財包蔵地,港北区NO.74,139.622486805,35.538567985,139.622511083325,35.5385920414825,10258.393061437
1006-1430,1006,1430,埋蔵文化財包蔵地,港北区NO.75,139.62296722,35.54034684,139.622872250725,35.5403063962315,10448.8363769671
1032-1430,1032,1430,埋蔵文化財包蔵地,港北区NO.76,139.608326095,35.537463305,139.608350918339,35.5374278309621,10389.8574274941
1011-1430,1011,1430,埋蔵文化財包蔵地,港北区NO.77,139.61123497,35.5375611,139.611141622105,35.5376538535296,10335.9194808791
1009-1430,1009,1430,埋蔵文化財包蔵地,港北区NO.78,139.61480449,35.53737576,139.614781189343,35.5375872562004,10245.3397452554
2308-1430,2308,1430,埋蔵文化財包蔵地,港北区NO.79,139.617637345,35.537702555,139.617632348456,35.5377036074474,10232.0978331568
950-1430,950,1430,埋蔵文化財包蔵地,港北区NO.8,139.62861459,35.55855087,139.628820056138,35.5584153221801,12415.330249718
1013-1430,1013,1430,埋蔵文化財包蔵地,港北区NO.80,139.612092425,35.53607082,139.612093027595,35.5360708234399,10156.6764729407
1014-1430,1014,1430,埋蔵文化財包蔵地,港北区NO.81,139.61155208,35.53554095,139.611527745313,35.5354887313896,10110.6934890697
1012-1430,1012,1430,埋蔵文化財包蔵地,港北区NO.82,139.609730645,35.53648703,139.609742231788,35.5364926282456,10252.6603897221
1033-1430,1033,1430,埋蔵文化財包蔵地,港北区NO.83,139.608593895,35.53665443,139.608630921912,35.5366760283302,10296.6591923801
1034-1430,1034,1430,埋蔵文化財包蔵地,港北区NO.84,139.607241265,35.536175405,139.607212100622,35.5360813590793,10277.4634901255
1030-1430,1030,1430,埋蔵文化財包蔵地,港北区NO.85,139.602612545,35.537462355,139.602596633903,35.5374746203254,10534.5521467627
1035-1430,1035,1430,埋蔵文化財包蔵地,港北区NO.86,139.60877072,35.53562433,139.608729573217,35.5356170794129,10181.8003592872
252-1430,252,1430,埋蔵文化財包蔵地,港北区NO.87,139.609673855,35.535489235,139.60965536933,35.5354828763845,10146.4459713725
253-1430,253,1430,埋蔵文化財包蔵地,港北区NO.88,139.610423285,35.535133385,139.610423265114,35.5351404779115,10091.2458878326
1036-1430,1036,1430,埋蔵文化財包蔵地,港北区NO.89,139.61225074,35.534183605,139.612260277121,35.5341572493662,9949.08305743542
951-1430,951,1430,埋蔵文化財包蔵地,港北区NO.9,139.63321426,35.55772104,139.633168393883,35.557653720446,12302.2441259098
1037-1430,1037,1430,埋蔵文化財包蔵地,港北区NO.90,139.612864155,35.53275921,139.612871385672,35.5327761366876,9782.06218231099
1038-1430,1038,1430,埋蔵文化財包蔵地,港北区NO.91,139.614173895,35.53189402,139.614138933544,35.5318135235575,9661.48968438867
1039-1430,1039,1430,埋蔵文化財包蔵地,港北区NO.92,139.61219258,35.531104645,139.612248522349,35.5310402296186,9617.52978186603
1040-1430,1040,1430,埋蔵文化財包蔵地,港北区NO.93,139.613212555,35.52996689,139.61315691685,35.5299173027064,9472.60805890515
2307-1430,2307,1430,埋蔵文化財包蔵地,港北区NO.94,139.61346279,35.5292107,139.613622929971,35.5291131675645,9385.51288610845
1041-1430,1041,1430,埋蔵文化財包蔵地,港北区NO.95,139.611521215,35.529685565,139.611555313917,35.5296353147373,9479.46180550988
1029-1430,1029,1430,埋蔵文化財包蔵地,港北区NO.96,139.602132935,35.535065355,139.601966009254,35.5350776018952,10294.2356560181
1028-1430,1028,1430,埋蔵文化財包蔵地,港北区NO.97,139.60097473,35.53388487,139.600963361749,35.5338087677217,10203.4218338269
255-1430,255,1430,埋蔵文化財包蔵地,港北区NO.98,139.60003956,35.53302103,139.600039535691,35.5330284745395,10140.8921727381
254-1430,254,1430,埋蔵文化財包蔵地,港北区NO.99,139.59911219,35.532738665,139.599112172112,35.5327461085887,10140.0397582398
893-1430,893,1430,埋蔵文化財包蔵地,港南区NO.1,139.56126176,35.415106195,139.561227699023,35.4149884040909,7797.20653516314
900-1430,900,1430,埋蔵文化財包蔵地,港南区NO.10,139.58169865,35.410238325,139.581665180185,35.4101955508042,6535.18671197396
228-1430,228,1430,埋蔵文化財包蔵地,港南区NO.100,139.5677275,35.371521365,139.567727470683,35.3715293353507,10542.4164505044
229-1430,229,1430,埋蔵文化財包蔵地,港南区NO.101,139.567703325,35.370776035,139.567703302018,35.3707840076367,10610.0543641577
2299-1430,2299,1430,埋蔵文化財包蔵地,港南区NO.102,139.568303295,35.370608305,139.568350848975,35.370626815111,10592.6140714825
2405-1430,2405,1430,埋蔵文化財包蔵地,港南区NO.103,139.56760095,35.369939995,139.567590815046,35.3699367999952,10690.2354036794
932-1430,932,1430,埋蔵文化財包蔵地,港南区NO.104,139.56989085,35.36983653,139.569796526527,35.3697894652985,10577.4997330138
225-1430,225,1430,埋蔵文化財包蔵地,港南区NO.105,139.57208799,35.36948994,139.572087962005,35.3694976027655,10494.7186184488
2298-1430,2298,1430,埋蔵文化財包蔵地,港南区NO.106,139.57619157,35.36601462,139.576281860888,35.366050884652,10615.3122230377
226-1430,226,1430,埋蔵文化財包蔵地,港南区NO.107,139.57455579,35.371275555,139.574555765796,35.3712832207536,10204.5347849946
933-1430,933,1430,埋蔵文化財包蔵地,港南区NO.108,139.57580328,35.369535295,139.575906181058,35.3694958528754,10303.2980733665
215-1430,215,1430,埋蔵文化財包蔵地,港南区NO.109,139.582771245,35.375067465,139.582771223461,35.3750749068402,9445.16709986035
178-1430,178,1430,埋蔵文化財包蔵地,港南区NO.11,139.560623895,35.40957907,139.560623868977,35.4095857700432,8146.73141266758
216-1430,216,1430,埋蔵文化財包蔵地,港南区NO.110,139.58236853,35.372027725,139.582368507968,35.372035390089,9752.80879517003
934-1430,934,1430,埋蔵文化財包蔵地,港南区NO.111,139.58356386,35.372603585,139.583526806449,35.3725508340093,9642.31822185255
217-1430,217,1430,埋蔵文化財包蔵地,港南区NO.112,139.584550615,35.3700415,139.584550591829,35.3700491665908,9844.564320626
218-1430,218,1430,埋蔵文化財包蔵地,港南区NO.113,139.58212384,35.368305875,139.582123815821,35.3683136907161,10121.0808933527
219-1430,219,1430,埋蔵文化財包蔵地,港南区NO.114,139.5811195,35.367591025,139.581119475932,35.3675988388695,10235.4497949032
220-1430,220,1430,埋蔵文化財包蔵地,港南区NO.115,139.58254416,35.366591425,139.5825441362,35.3665992362861,10268.2857759972
221-1430,221,1430,埋蔵文化財包蔵地,港南区NO.116,139.583880275,35.366394565,139.583880254943,35.3664023790698,10229.0724366705
222-1430,222,1430,埋蔵文化財包蔵地,港南区NO.117,139.583296165,35.3656629,139.583296140424,35.3656707135695,10325.8656810503
223-1430,223,1430,埋蔵文化財包蔵地,港南区NO.118,139.58221444,35.36509031,139.582214412917,35.3650981250832,10428.8193849917
224-1430,224,1430,埋蔵文化財包蔵地,港南区NO.119,139.584933665,35.364460235,139.584933642759,35.3644680479631,10374.2805623521
897-1430,897,1430,埋蔵文化財包蔵地,港南区NO.12,139.57102158,35.40936204,139.571076139666,35.4094240977822,7367.95932662997
237-1430,237,1430,埋蔵文化財包蔵地,港南区NO.120,139.58615455,35.383868835,139.586154527371,35.3838766456307,8455.50805002712
238-1430,238,1430,埋蔵文化財包蔵地,港南区NO.121,139.587051545,35.38268526,139.587051518153,35.3826930738978,8521.41235390986
239-1430,239,1430,埋蔵文化財包蔵地,港南区NO.122,139.586369595,35.37421537,139.586369571142,35.374222810639,9359.37904721533
242-1430,242,1430,埋蔵文化財包蔵地,港南区NO.123,139.58575775,35.37283193,139.585757728818,35.3728393732017,9520.51017782918
240-1430,240,1430,埋蔵文化財包蔵地,港南区NO.124,139.5874977,35.37323043,139.587497674942,35.3732378686038,9404.64998942693
241-1430,241,1430,埋蔵文化財包蔵地,港南区NO.125,139.586575305,35.37178493,139.586575284443,35.3717923694331,9585.8240033958
2301-1430,2301,1430,埋蔵文化財包蔵地,港南区NO.126,139.58627914,35.370820855,139.586285751444,35.3708100682272,9692.71166884437
243-1430,243,1430,埋蔵文化財包蔵地,港南区NO.127,139.5883409,35.367816055,139.58834087458,35.367823868288,9901.12413169498
244-1430,244,1430,埋蔵文化財包蔵地,港南区NO.128,139.58732153,35.3669661,139.587321507168,35.3669739108176,10027.3139407746
245-1430,245,1430,埋蔵文化財包蔵地,港南区NO.129,139.589849825,35.36371284,139.589849797817,35.3637230225754,10251.6515973922
902-1430,902,1430,埋蔵文化財包蔵地,港南区NO.13,139.561493955,35.40862908,139.56145858294,35.4086123117051,8134.42214892522
246-1430,246,1430,埋蔵文化財包蔵地,港南区NO.130,139.58869285,35.36225905,139.588692824975,35.3622679800515,10442.5969403701
942-1430,942,1430,埋蔵文化財包蔵地,港南区NO.131,139.59017544,35.36186733,139.590133553197,35.3618906572822,10425.7632812702
898-1430,898,1430,埋蔵文化財包蔵地,港南区NO.132,139.57438927,35.412249095,139.574401691588,35.4121959667893,6934.56522377172
187-1430,187,1430,埋蔵文化財包蔵地,港南区NO.14,139.559614145,35.40827098,139.559614122923,35.4082787915238,8300.35905470801
903-1430,903,1430,埋蔵文化財包蔵地,港南区NO.15,139.563421625,35.4077028,139.563417007782,35.4076794476007,8042.35770200464
904-1430,904,1430,埋蔵文化財包蔵地,港南区NO.16,139.56032949,35.4063672,139.560368759668,35.4063908347467,8358.29175122231
195-1430,195,1430,埋蔵文化財包蔵地,港南区NO.17,139.583254305,35.406371945,139.583254276801,35.4063797609428,6709.54037757084
905-1430,905,1430,埋蔵文化財包蔵地,港南区NO.18,139.565962535,35.40439452,139.565911368974,35.4044220064059,8062.22563857797
188-1430,188,1430,埋蔵文化財包蔵地,港南区NO.19,139.56062387,35.40274537,139.560623843947,35.4027531820383,8562.11288817411
901-1430,901,1430,埋蔵文化財包蔵地,港南区NO.2,139.581482285,35.415129085,139.581438268334,35.415014354322,6223.38293256158
189-1430,189,1430,埋蔵文化財包蔵地,港南区NO.20,139.561429375,35.40216676,139.561429349605,35.4021745781282,8540.21833918087
906-1430,906,1430,埋蔵文化財包蔵地,港南区NO.21,139.565784095,35.40213545,139.565644403887,35.4022218977576,8225.96747014349
907-1430,907,1430,埋蔵文化財包蔵地,港南区NO.22,139.567626725,35.401660855,139.567633074291,35.4016675010871,8127.00787281078
196-1430,196,1430,埋蔵文化財包蔵地,港南区NO.23,139.583880745,35.401139305,139.583880720208,35.4011467495563,7077.18081887399
908-1430,908,1430,埋蔵文化財包蔵地,港南区NO.24,139.56099716,35.39967134,139.560726237718,35.399878582594,8737.10414847793
183-1430,183,1430,埋蔵文化財包蔵地,港南区NO.25,139.56557783,35.3996244,139.565577801866,35.3996322139304,8413.63925351614
184-1430,184,1430,埋蔵文化財包蔵地,港南区NO.26,139.565248395,35.39802285,139.565248367735,35.3980306653207,8549.75204667604
185-1430,185,1430,埋蔵文化財包蔵地,港南区NO.27,139.564100525,35.39768217,139.564100497327,35.3976899807042,8654.02880496235
186-1430,186,1430,埋蔵文化財包蔵地,港南区NO.28,139.56542746,35.39679301,139.565427432538,35.3968008213777,8625.59022729448
2293-1430,2293,1430,埋蔵文化財包蔵地,港南区NO.29,139.567359035,35.39798459,139.567363745606,35.397977549891,8406.4117625879
894-1430,894,1430,埋蔵文化財包蔵地,港南区NO.3,139.558009985,35.41071192,139.557985988718,35.4106264078631,8288.43066048201
191-1430,191,1430,埋蔵文化財包蔵地,港南区NO.30,139.57400434,35.39620874,139.574004315596,35.3962161850191,8096.21322396431
192-1430,192,1430,埋蔵文化財包蔵地,港南区NO.31,139.575106935,35.39630978,139.57510691329,35.396317593291,8017.27583142889
193-1430,193,1430,埋蔵文化財包蔵地,港南区NO.32,139.57451031,35.395280185,139.574510282297,35.3952879995762,8136.55043247954
914-1430,914,1430,埋蔵文化財包蔵地,港南区NO.33,139.581404105,35.39598606,139.581208023913,35.3961946974173,7650.59017734068
909-1430,909,1430,埋蔵文化財包蔵地,港南区NO.34,139.562385625,35.39549967,139.562438380826,35.3955747769669,8928.86967143245
910-1430,910,1430,埋蔵文化財包蔵地,港南区NO.35,139.563723475,35.39460642,139.563715794824,35.3946039137956,8901.46104011904
911-1430,911,1430,埋蔵文化財包蔵地,港南区NO.36,139.56500471,35.393692225,139.564990901992,35.3936617819617,8882.10618016968
190-1430,190,1430,埋蔵文化財包蔵地,港南区NO.37,139.57141914,35.39453649,139.571419114634,35.3945443083882,8393.78092983052
194-1430,194,1430,埋蔵文化財包蔵地,港南区NO.38,139.57779871,35.39344606,139.577798687227,35.3934535017412,8079.2731458187
915-1430,915,1430,埋蔵文化財包蔵地,港南区NO.39,139.577304555,35.39225546,139.57734384087,35.3921841511034,8207.60516737678
895-1430,895,1430,埋蔵文化財包蔵地,港南区NO.4,139.561667445,35.411935875,139.561611872206,35.4119585246153,7932.874675931
197-1430,197,1430,埋蔵文化財包蔵地,港南区NO.40,139.57689283,35.39132335,139.5768928025,35.3913311617525,8309.82869508511
916-1430,916,1430,埋蔵文化財包蔵地,港南区NO.41,139.5841692,35.39114684,139.584152020171,35.3910672333789,7903.07156045118
179-1430,179,1430,埋蔵文化財包蔵地,港南区NO.42,139.566712755,35.39200229,139.566712731525,35.392010107637,8896.51701066637
180-1430,180,1430,埋蔵文化財包蔵地,港南区NO.43,139.567796485,35.39149237,139.567796460509,35.3915001842762,8865.26244988666
912-1430,912,1430,埋蔵文化財包蔵地,港南区NO.44,139.566819015,35.390130265,139.566847324185,35.3902623028704,9034.64781229912
181-1430,181,1430,埋蔵文化財包蔵地,港南区NO.45,139.56604404,35.389042415,139.566044010323,35.3890502304169,9169.72867338428
182-1430,182,1430,埋蔵文化財包蔵地,港南区NO.46,139.564675795,35.38811848,139.564675772566,35.3881262929103,9330.13262078691
913-1430,913,1430,埋蔵文化財包蔵地,港南区NO.47,139.56790795,35.388287335,139.567861000178,35.3881335224801,9111.0305855661
917-1430,917,1430,埋蔵文化財包蔵地,港南区NO.48,139.592622075,35.40775116,139.592772694809,35.4077502517843,5998.55873962592
918-1430,918,1430,埋蔵文化財包蔵地,港南区NO.49,139.594146965,35.40863355,139.594247414152,35.4086424325658,5832.62769661834
896-1430,896,1430,埋蔵文化財包蔵地,港南区NO.5,139.56638439,35.41118041,139.566211826744,35.4116623719024,7608.18636602467
198-1430,198,1430,埋蔵文化財包蔵地,港南区NO.50,139.603186385,35.40558724,139.603186360707,35.4055946860001,5589.14051434132
919-1430,919,1430,埋蔵文化財包蔵地,港南区NO.51,139.59341365,35.403760855,139.593392943796,35.4036530230151,6284.41287110567
920-1430,920,1430,埋蔵文化財包蔵地,港南区NO.52,139.58974603,35.40190198,139.589792308033,35.4017598363401,6657.07531357371
200-1430,200,1430,埋蔵文化財包蔵地,港南区NO.53,139.592877775,35.402622645,139.592877755776,35.4026300860186,6412.96882418656
929-1430,929,1430,埋蔵文化財包蔵地,港南区NO.54,139.605530775,35.40326048,139.60549962815,35.4032109213543,5693.4855075597
199-1430,199,1430,埋蔵文化財包蔵地,港南区NO.55,139.60749797,35.404230965,139.607497947724,35.4042384062092,5510.23460231987
930-1430,930,1430,埋蔵文化財包蔵地,港南区NO.56,139.606757775,35.402103595,139.606796776222,35.4020413763888,5749.2041237568
931-1430,931,1430,埋蔵文化財包蔵地,港南区NO.57,139.610386995,35.40105965,139.610522647316,35.4010842218414,5700.21533761465
928-1430,928,1430,埋蔵文化財包蔵地,港南区NO.58,139.60228634,35.400043915,139.602270914766,35.400029047748,6151.85409529532
921-1430,921,1430,埋蔵文化財包蔵地,港南区NO.59,139.59480513,35.39568909,139.594789643546,35.3955451054427,6926.78229381373
175-1430,175,1430,埋蔵文化財包蔵地,港南区NO.6,139.57246506,35.41284486,139.572465036952,35.4128523057037,7043.465092985
926-1430,926,1430,埋蔵文化財包蔵地,港南区NO.60,139.600344385,35.388780755,139.600125466476,35.3888471412581,7329.55436256131
922-1430,922,1430,埋蔵文化財包蔵地,港南区NO.61,139.591632165,35.389887385,139.591617195969,35.3899085585089,7623.26916431128
923-1430,923,1430,埋蔵文化財包蔵地,港南区NO.62,139.592610855,35.38967329,139.592626428945,35.3896352612124,7595.05916419034
201-1430,201,1430,埋蔵文化財包蔵地,港南区NO.63,139.5939472,35.38798278,139.593947174406,35.3879902260867,7690.9639491276
924-1430,924,1430,埋蔵文化財包蔵地,港南区NO.64,139.593981165,35.38666333,139.593803849252,35.386573320488,7815.48552704232
925-1430,925,1430,埋蔵文化財包蔵地,港南区NO.65,139.598784625,35.387520835,139.59884363184,35.3874265545999,7519.44460575252
927-1430,927,1430,埋蔵文化財包蔵地,港南区NO.66,139.607143645,35.386430815,139.607143475708,35.3863616271179,7306.85620302757
941-1430,941,1430,埋蔵文化財包蔵地,港南区NO.67,139.573772805,35.386614595,139.573773611177,35.3866499003964,8890.3540439836
232-1430,232,1430,埋蔵文化財包蔵地,港南区NO.68,139.565322765,35.3856548,139.565322741654,35.3856626123021,9484.50322465454
230-1430,230,1430,埋蔵文化財包蔵地,港南区NO.69,139.55870034,35.385149625,139.558700312376,35.3851574381547,9948.24354194766
176-1430,176,1430,埋蔵文化財包蔵地,港南区NO.7,139.57631724,35.41190672,139.576317213743,35.4119141642188,6812.46513664391
231-1430,231,1430,埋蔵文化財包蔵地,港南区NO.70,139.55995835,35.385633245,139.559958322348,35.3856410582653,9828.89613412993
939-1430,939,1430,埋蔵文化財包蔵地,港南区NO.71,139.5571435,35.3817258,139.557156945848,35.3816843107455,10315.6248998349
236-1430,236,1430,埋蔵文化財包蔵地,港南区NO.72,139.558799755,35.381804885,139.558799728867,35.3818126957528,10203.6046719466
235-1430,235,1430,埋蔵文化財包蔵地,港南区NO.73,139.56026746,35.382440505,139.560267432706,35.382448319617,10060.0225805422
233-1430,233,1430,埋蔵文化財包蔵地,港南区NO.74,139.562008525,35.38294634,139.56200850315,35.3829541534375,9909.86406623242
234-1430,234,1430,埋蔵文化財包蔵地,港南区NO.75,139.56177609,35.381938725,139.56177606301,35.3819465421873,10005.4964645146
940-1430,940,1430,埋蔵文化財包蔵地,港南区NO.76,139.564440845,35.383256495,139.564407326369,35.3830096632416,9733.22866886931
202-1430,202,1430,埋蔵文化財包蔵地,港南区NO.77,139.567923305,35.384276365,139.567923281442,35.3842838067239,9436.13060239256
938-1430,938,1430,埋蔵文化財包蔵地,港南区NO.78,139.561765315,35.380452475,139.561799125309,35.3804709262594,10126.7622922618
937-1430,937,1430,埋蔵文化財包蔵地,港南区NO.79,139.56560249,35.379502835,139.565683213473,35.3795080520716,9973.10128947082
177-1430,177,1430,埋蔵文化財包蔵地,港南区NO.8,139.57697097,35.410802945,139.576970945775,35.4108107639272,6836.12881656238
203-1430,203,1430,埋蔵文化財包蔵地,港南区NO.80,139.571906105,35.3839225,139.571906078527,35.3839303188276,9227.9545998425
204-1430,204,1430,埋蔵文化財包蔵地,港南区NO.81,139.5729253,35.38457253,139.572925275257,35.3845803418468,9113.0977354041
205-1430,205,1430,埋蔵文化財包蔵地,港南区NO.82,139.57378956,35.385054265,139.57378953666,35.3850620800751,9021.67175023353
208-1430,208,1430,埋蔵文化財包蔵地,港南区NO.83,139.574652615,35.38407255,139.574652593127,35.3840803659018,9056.03571018325
206-1430,206,1430,埋蔵文化財包蔵地,港南区NO.84,139.575714725,35.385289755,139.575714699428,35.3852975701361,8890.26449943891
207-1430,207,1430,埋蔵文化財包蔵地,港南区NO.85,139.5757582,35.38448253,139.575758177472,35.3844903434223,8957.53572400106
210-1430,210,1430,埋蔵文化財包蔵地,港南区NO.86,139.577457335,35.386074325,139.577457313827,35.3860821391869,8723.04036918838
211-1430,211,1430,埋蔵文化財包蔵地,港南区NO.87,139.579119365,35.38552494,139.579119342646,35.3855327526764,8677.7239559611
209-1430,209,1430,埋蔵文化財包蔵地,港南区NO.88,139.577519905,35.383661355,139.577519878286,35.3836691688097,8930.39497149393
2300-1430,2300,1430,埋蔵文化財包蔵地,港南区NO.89,139.58366459,35.38626325,139.583672300158,35.3862639574297,8365.09435403181
899-1430,899,1430,埋蔵文化財包蔵地,港南区NO.9,139.5799117,35.41219005,139.579908986944,35.4121794444605,6530.08580708471
2294-1430,2294,1430,埋蔵文化財包蔵地,港南区NO.90,139.585224055,35.384078555,139.585228418954,35.3840163062573,8483.1120877533
2295-1430,2295,1430,埋蔵文化財包蔵地,港南区NO.91,139.585093805,35.382945785,139.58509424581,35.3829413673899,8594.25581208399
936-1430,936,1430,埋蔵文化財包蔵地,港南区NO.92,139.575326825,35.381587305,139.575375877659,35.3815876788672,9234.50190493976
2296-1430,2296,1430,埋蔵文化財包蔵地,港南区NO.93,139.579166115,35.380092465,139.579114006596,35.3801053806358,9160.53312317691
212-1430,212,1430,埋蔵文化財包蔵地,港南区NO.94,139.58122873,35.381832235,139.581228705185,35.3818400480004,8894.56455412631
2297-1430,2297,1430,埋蔵文化財包蔵地,港南区NO.95,139.582253775,35.37802311,139.582256125292,35.3780184367273,9193.05411943857
213-1430,213,1430,埋蔵文化財包蔵地,港南区NO.96,139.582934115,35.378387885,139.582934094713,35.3783957017325,9125.4012898525
935-1430,935,1430,埋蔵文化財包蔵地,港南区NO.97,139.570214245,35.377165335,139.570274853337,35.3771286450055,9907.36663048565
214-1430,214,1430,埋蔵文化財包蔵地,港南区NO.98,139.577529575,35.377329655,139.577529548858,35.3773370957596,9497.12781975246
227-1430,227,1430,埋蔵文化財包蔵地,港南区NO.99,139.56702345,35.372931605,139.567023422894,35.372939576255,10456.559254545
1214-1430,1214,1430,埋蔵文化財包蔵地,瀬谷区NO.1,139.473733765,35.49714243,139.473693354489,35.4973659569393,15868.8352687708
2322-1430,2322,1430,埋蔵文化財包蔵地,瀬谷区NO.10,139.48249025,35.477571975,139.482493242743,35.4775680208848,14470.8167761907
1221-1430,1221,1430,埋蔵文化財包蔵地,瀬谷区NO.11,139.478420135,35.478192065,139.478483658955,35.4783120260068,14845.5976798056
1222-1430,1222,1430,埋蔵文化財包蔵地,瀬谷区NO.12,139.476076865,35.47510714,139.475950074036,35.4748107649484,14977.3417738135
1223-1430,1223,1430,埋蔵文化財包蔵地,瀬谷区NO.13,139.48014134,35.473197875,139.480083999593,35.4731955577224,14573.5575343307
1225-1430,1225,1430,埋蔵文化財包蔵地,瀬谷区NO.14,139.48558421,35.47375393,139.484376940446,35.4738645862087,14103.2745634116
1224-1430,1224,1430,埋蔵文化財包蔵地,瀬谷区NO.15,139.484105435,35.47294245,139.484105857351,35.4729424541732,14215.8815828367
1226-1430,1226,1430,埋蔵文化財包蔵地,瀬谷区NO.16,139.48599292,35.46844753,139.485966526983,35.4681485540871,13955.0185922635
2324-1430,2324,1430,埋蔵文化財包蔵地,瀬谷区NO.17,139.488934715,35.47051451,139.488936466519,35.470504618178,13733.9129714293
1227-1430,1227,1430,埋蔵文化財包蔵地,瀬谷区NO.18,139.492977475,35.46980682,139.493015284746,35.4697488510559,13359.2611920509
280-1430,280,1430,埋蔵文化財包蔵地,瀬谷区NO.19,139.498727865,35.47215041,139.498727829336,35.4721585954653,12901.397582797
277-1430,277,1430,埋蔵文化財包蔵地,瀬谷区NO.2,139.477525285,35.49147617,139.477525246339,35.4914843569075,15333.4774995207
1228-1430,1228,1430,埋蔵文化財包蔵地,瀬谷区NO.20,139.498846005,35.4688633,139.498889908282,35.4687182035405,12817.1698447739
1230-1430,1230,1430,埋蔵文化財包蔵地,瀬谷区NO.21,139.48020873,35.46389997,139.480194863882,35.4641703978427,14397.9226697509
1229-1430,1229,1430,埋蔵文化財包蔵地,瀬谷区NO.22,139.484046575,35.46631981,139.484047228216,35.4663198141901,14091.2168366063
1231-1430,1231,1430,埋蔵文化財包蔵地,瀬谷区NO.23,139.480679655,35.459860185,139.480599782345,35.4598900209683,14304.3733694926
1232-1430,1232,1430,埋蔵文化財包蔵地,瀬谷区NO.24,139.48311324,35.45723682,139.48318015914,35.4572040512485,14058.7250339824
2323-1430,2323,1430,埋蔵文化財包蔵地,瀬谷区NO.25,139.48753998,35.4564174,139.48752915424,35.4564497100814,13651.7006643356
279-1430,279,1430,埋蔵文化財包蔵地,瀬谷区NO.26,139.489052985,35.455624475,139.489052952023,35.4556321399404,13508.5657478315
281-1430,281,1430,埋蔵文化財包蔵地,瀬谷区NO.27,139.507889005,35.463979265,139.507888971797,35.463987454979,11916.1297271677
282-1430,282,1430,埋蔵文化財包蔵地,瀬谷区NO.28,139.50745729,35.461369745,139.507457257912,35.4613775620206,11912.8866515575
1233-1430,1233,1430,埋蔵文化財包蔵地,瀬谷区NO.29,139.505554045,35.454295295,139.505651498181,35.4543052977864,12006.5642530946
1215-1430,1215,1430,埋蔵文化財包蔵地,瀬谷区NO.3,139.480763505,35.493046665,139.480773786667,35.4929997874906,15113.9246346319
1234-1430,1234,1430,埋蔵文化財包蔵地,瀬谷区NO.30,139.48237775,35.45142725,139.482416617013,35.4512954061093,14088.8016121114
1235-1430,1235,1430,埋蔵文化財包蔵地,瀬谷区NO.31,139.4852931,35.452935215,139.485240665834,35.4528936253637,13831.473201015
285-1430,285,1430,埋蔵文化財包蔵地,瀬谷区NO.32,139.48478541,35.44962732,139.484785377282,35.4496355092377,13865.3782812652
1236-1430,1236,1430,埋蔵文化財包蔵地,瀬谷区NO.33,139.488580485,35.452154705,139.488295387968,35.4521146009604,13530.057279193
1239-1430,1239,1430,埋蔵文化財包蔵地,瀬谷区NO.34,139.4963232,35.45310827,139.496346716081,35.4530972353365,12833.9803694889
1243-1430,1243,1430,埋蔵文化財包蔵地,瀬谷区NO.35,139.50814362,35.453650385,139.508101307197,35.4536466884019,11767.8047164745
1241-1430,1241,1430,埋蔵文化財包蔵地,瀬谷区NO.36,139.505097765,35.451277155,139.505176157867,35.4513342579717,12030.4827718961
283-1430,283,1430,埋蔵文化財包蔵地,瀬谷区NO.37,139.50649389,35.45000698,139.506493857643,35.4500144192326,11899.4975174114
1237-1430,1237,1430,埋蔵文化財包蔵地,瀬谷区NO.38,139.487282765,35.448204935,139.487153964386,35.4481957611441,13636.8768284571
1238-1430,1238,1430,埋蔵文化財包蔵地,瀬谷区NO.39,139.49305957,35.44764745,139.493029008192,35.4475325585322,13112.9826433362
278-1430,278,1430,埋蔵文化財包蔵地,瀬谷区NO.4,139.48540471,35.49090285,139.485404676862,35.4909110366576,14637.7346311181
1244-1430,1244,1430,埋蔵文化財包蔵地,瀬谷区NO.40,139.49245185,35.442351855,139.492496853488,35.4422143591381,13178.9844771667
1245-1430,1245,1430,埋蔵文化財包蔵地,瀬谷区NO.41,139.498105925,35.442746865,139.497766262733,35.4426956766441,12665.2309812071
1246-1430,1246,1430,埋蔵文化財包蔵地,瀬谷区NO.42,139.50235083,35.442571255,139.501975377926,35.4430155445934,12281.6383290614
1249-1430,1249,1430,埋蔵文化財包蔵地,瀬谷区NO.43,139.50025898,35.437444575,139.500335324338,35.4373045628306,12507.5662213462
1240-1430,1240,1430,埋蔵文化財包蔵地,瀬谷区NO.44,139.503406145,35.447577995,139.503326557967,35.4472396947464,12175.2923116988
284-1430,284,1430,埋蔵文化財包蔵地,瀬谷区NO.45,139.507176665,35.44848635,139.507176634925,35.4484945349051,11834.3816218793
1242-1430,1242,1430,埋蔵文化財包蔵地,瀬谷区NO.46,139.507572945,35.44633097,139.507527765398,35.4461717731811,11797.9905131345
1247-1430,1247,1430,埋蔵文化財包蔵地,瀬谷区NO.47,139.50575262,35.442340995,139.505770019647,35.4424125741544,11974.7534377345
1248-1430,1248,1430,埋蔵文化財包蔵地,瀬谷区NO.48,139.50624966,35.43851152,139.507144025318,35.4379486110411,11956.6181960263
1250-1430,1250,1430,埋蔵文化財包蔵地,瀬谷区NO.49,139.506338825,35.43350554,139.506574009024,35.4334645563063,12006.4298646299
1216-1430,1216,1430,埋蔵文化財包蔵地,瀬谷区NO.5,139.47962568,35.48337133,139.478929746846,35.4830624338912,14884.6884194391
1251-1430,1251,1430,埋蔵文化財包蔵地,瀬谷区NO.50,139.5101385,35.44849004,139.510277564017,35.4484427882139,11565.9877745834
1252-1430,1252,1430,埋蔵文化財包蔵地,瀬谷区NO.51,139.509607985,35.44494838,139.509547555378,35.4449299636426,11615.862179006
1253-1430,1253,1430,埋蔵文化財包蔵地,瀬谷区NO.52,139.511340555,35.44204602,139.511151855746,35.4420508840951,11470.4717592629
1254-1430,1254,1430,埋蔵文化財包蔵地,瀬谷区NO.53,139.512786185,35.436560655,139.512586814038,35.4364559903107,11386.7773478484
1217-1430,1217,1430,埋蔵文化財包蔵地,瀬谷区NO.6,139.481132615,35.48130184,139.481252614321,35.481395223063,14692.1244258494
1218-1430,1218,1430,埋蔵文化財包蔵地,瀬谷区NO.7,139.483575975,35.48170274,139.483574551528,35.4815905123089,14490.067352815
1219-1430,1219,1430,埋蔵文化財包蔵地,瀬谷区NO.8,139.489938835,35.483926105,139.489910267692,35.4838628501064,14005.0213254622
1220-1430,1220,1430,埋蔵文化財包蔵地,瀬谷区NO.9,139.481067445,35.47923316,139.481088673154,35.4792007727283,14640.1126181857
655-1430,655,1430,埋蔵文化財包蔵地,磯子区NO.1,139.61443085,35.417450445,139.614290055584,35.417298136089,3926.42124832111
40-1430,40,1430,埋蔵文化財包蔵地,磯子区NO.10,139.61114645,35.412725865,139.611146430294,35.4127333066169,4529.70179857686
42-1430,42,1430,埋蔵文化財包蔵地,磯子区NO.11,139.62415757,35.41179121,139.624053837547,35.4117197812161,4126.81780729467
661-1430,661,1430,埋蔵文化財包蔵地,磯子区NO.12,139.63078875,35.4210515,139.630774587289,35.4210010291051,2976.13660909138
660-1430,660,1430,埋蔵文化財包蔵地,磯子区NO.13,139.63422128,35.41715191,139.634195175886,35.4171585801394,3357.55696743746
659-1430,659,1430,埋蔵文化財包蔵地,磯子区NO.14,139.63462754,35.416403855,139.634665003946,35.4163338307742,3437.17621379853
44-1430,44,1430,埋蔵文化財包蔵地,磯子区NO.15,139.62880305,35.41501157,139.628803027293,35.4150190157136,3671.08095420318
2240-1430,2240,1430,埋蔵文化財包蔵地,磯子区NO.16,139.624374305,35.41537085,139.624377295815,35.4153377309413,3742.23552747676
46-1430,46,1430,埋蔵文化財包蔵地,磯子区NO.17,139.63152957,35.41296998,139.631529553134,35.4129774217797,3849.02796839013
45-1430,45,1430,埋蔵文化財包蔵地,磯子区NO.18,139.62958913,35.41246658,139.629589108774,35.4124740202275,3933.68209136707
43-1430,43,1430,埋蔵文化財包蔵地,磯子区NO.19,139.62568959,35.41003804,139.625689571437,35.4100454820157,4275.76308701359
38-1430,38,1430,埋蔵文化財包蔵地,磯子区NO.2,139.61181971,35.41681597,139.611819691015,35.416823417669,4116.44864506072
2241-1430,2241,1430,埋蔵文化財包蔵地,磯子区NO.20,139.624354865,35.409758605,139.62435109619,35.4097534638862,4338.11062563338
662-1430,662,1430,埋蔵文化財包蔵地,磯子区NO.21,139.62094409,35.409629155,139.620818086518,35.4094885831049,4448.08840065863
663-1430,663,1430,埋蔵文化財包蔵地,磯子区NO.22,139.61650693,35.40717878,139.616426539499,35.4070823664202,4850.25303599383
664-1430,664,1430,埋蔵文化財包蔵地,磯子区NO.23,139.62032124,35.402309445,139.620336614567,35.4022403763455,5237.33793680294
665-1430,665,1430,埋蔵文化財包蔵地,磯子区NO.24,139.61634595,35.398851085,139.616438018115,35.398788038399,5717.33499953206
49-1430,49,1430,埋蔵文化財包蔵地,磯子区NO.25,139.613138665,35.396892695,139.613138646612,35.3969001375537,6024.20062167069
48-1430,48,1430,埋蔵文化財包蔵地,磯子区NO.26,139.610508955,35.398688475,139.6105089336,35.3986961430825,5934.22602741379
47-1430,47,1430,埋蔵文化財包蔵地,磯子区NO.27,139.60965822,35.397419515,139.609658198453,35.3974271839884,6094.68142968574
50-1430,50,1430,埋蔵文化財包蔵地,磯子区NO.28,139.60800629,35.393264225,139.608006271008,35.3932716669044,6577.45830358264
51-1430,51,1430,埋蔵文化財包蔵地,磯子区NO.29,139.608403985,35.39256982,139.608403963025,35.392577261301,6633.46420587111
39-1430,39,1430,埋蔵文化財包蔵地,磯子区NO.3,139.611348305,35.41445192,139.611348284438,35.4144593617506,4358.27520511504
666-1430,666,1430,埋蔵文化財包蔵地,磯子区NO.30,139.61035854,35.393378755,139.610272694676,35.3932847892771,6481.23115929258
667-1430,667,1430,埋蔵文化財包蔵地,磯子区NO.31,139.61415153,35.393582095,139.61412849601,35.3935479109792,6336.20150669374
2244-1430,2244,1430,埋蔵文化財包蔵地,磯子区NO.32,139.615516805,35.3938727,139.615522563347,35.3938764274706,6264.89449615538
2243-1430,2243,1430,埋蔵文化財包蔵地,磯子区NO.33,139.61638582,35.39416269,139.616383788165,35.3941563711762,6209.34925443619
668-1430,668,1430,埋蔵文化財包蔵地,磯子区NO.34,139.614187345,35.39289406,139.614188064938,35.3928940603476,6407.21916901807
669-1430,669,1430,埋蔵文化財包蔵地,磯子区NO.35,139.60809852,35.3895893,139.608177091368,35.3895710824078,6949.14652457698
53-1430,53,1430,埋蔵文化財包蔵地,磯子区NO.36,139.60765572,35.387791465,139.607655700232,35.3877989089102,7149.21904950712
52-1430,52,1430,埋蔵文化財包蔵地,磯子区NO.37,139.6151189,35.39144004,139.615118879043,35.3914474825413,6532.94834119251
670-1430,670,1430,埋蔵文化財包蔵地,磯子区NO.38,139.61510401,35.38707675,139.615090392822,35.3870914885712,6995.85470701898
2242-1430,2242,1430,埋蔵文化財包蔵地,磯子区NO.39,139.61720292,35.387581875,139.617203011686,35.3875756603138,6888.3130623644
37-1430,37,1430,埋蔵文化財包蔵地,磯子区NO.4,139.61674861,35.418926715,139.616748592582,35.4189341564026,3676.01905027338
2239-1430,2239,1430,埋蔵文化財包蔵地,磯子区NO.40,139.6225708,35.410540575,139.622577876152,35.4105335735725,4303.59522051285
58-1430,58,1430,埋蔵文化財包蔵地,磯子区NO.41,139.603555605,35.38393501,139.603555581717,35.3839424513305,7689.6454689805
671-1430,671,1430,埋蔵文化財包蔵地,磯子区NO.42,139.60688009,35.382944635,139.606902821905,35.3828905788472,7675.73156421642
677-1430,677,1430,埋蔵文化財包蔵地,磯子区NO.43,139.62018082,35.382032415,139.620173406883,35.3819685154186,7421.99064796434
54-1430,54,1430,埋蔵文化財包蔵地,磯子区NO.44,139.6214864,35.380548935,139.62148637964,35.3805565977369,7559.29968643956
673-1430,673,1430,埋蔵文化財包蔵地,磯子区NO.45,139.613856815,35.377772855,139.613858549025,35.3777451136935,8020.86807048437
672-1430,672,1430,埋蔵文化財包蔵地,磯子区NO.46,139.61192333,35.378354435,139.611936220372,35.3783158949723,8008.04529304439
674-1430,674,1430,埋蔵文化財包蔵地,磯子区NO.47,139.60858708,35.37718671,139.608556396285,35.3770933473931,8224.48903505389
676-1430,676,1430,埋蔵文化財包蔵地,磯子区NO.48,139.607068955,35.376864325,139.607069558929,35.3768643243653,8303.51411158952
675-1430,675,1430,埋蔵文化財包蔵地,磯子区NO.49,139.606632695,35.3769817,139.606633169681,35.3769817025041,8304.55490653544
36-1430,36,1430,埋蔵文化財包蔵地,磯子区NO.5,139.62109134,35.41981468,139.621091319232,35.4198221214551,3399.73574545682
57-1430,57,1430,埋蔵文化財包蔵地,磯子区NO.50,139.602191085,35.37240253,139.602191065824,35.3724103918702,8922.7578298581
55-1430,55,1430,埋蔵文化財包蔵地,磯子区NO.51,139.613649005,35.371014595,139.613648984298,35.3710220378975,8751.80969706515
56-1430,56,1430,埋蔵文化財包蔵地,磯子区NO.52,139.619609135,35.371777115,139.619609114726,35.3717845588248,8549.59733320786
679-1430,679,1430,埋蔵文化財包蔵地,磯子区NO.53,139.597768105,35.3614186,139.597743876611,35.3612721491908,10207.1816149081
678-1430,678,1430,埋蔵文化財包蔵地,磯子区NO.54,139.595421195,35.36014982,139.595379824568,35.3600246102177,10415.7016288926
59-1430,59,1430,埋蔵文化財包蔵地,磯子区NO.55,139.607343545,35.35867491,139.607343523538,35.3586823533245,10225.8926952889
60-1430,60,1430,埋蔵文化財包蔵地,磯子区NO.56,139.609020295,35.35756828,139.609020274182,35.3575757226481,10305.057868231
680-1430,680,1430,埋蔵文化財包蔵地,磯子区NO.57,139.61171719,35.358203075,139.611629723291,35.3582569193112,10177.3240507568
2245-1430,2245,1430,埋蔵文化財包蔵地,磯子区NO.58,139.616813015,35.384579625,139.61681405556,35.3845748514847,7219.63421758312
2246-1430,2246,1430,埋蔵文化財包蔵地,磯子区NO.59,139.60621643,35.35527999,139.606213746261,35.3552772827979,10617.1166422217
658-1430,658,1430,埋蔵文化財包蔵地,磯子区NO.6,139.62286714,35.420067425,139.623002551675,35.420081377329,3305.69528186501
656-1430,656,1430,埋蔵文化財包蔵地,磯子区NO.7,139.61898073,35.41458472,139.618918072652,35.4145446861242,4006.91140035869
657-1430,657,1430,埋蔵文化財包蔵地,磯子区NO.8,139.61789379,35.412732195,139.617878418299,35.4127530512409,4235.32193208117
41-1430,41,1430,埋蔵文化財包蔵地,磯子区NO.9,139.61534417,35.412718205,139.615344147247,35.412725647642,4339.9245549656
1162-1430,1162,1430,埋蔵文化財包蔵地,神奈川区NO.1,139.58232113,35.500122305,139.582188801016,35.5001694759947,7739.5914294386
2321-1430,2321,1430,埋蔵文化財包蔵地,神奈川区NO.1,139.58162294,35.500077135,139.581629781706,35.5000803946387,7777.00742345433
259-1430,259,1430,埋蔵文化財包蔵地,神奈川区NO.10,139.585859315,35.49859072,139.585859291609,35.4985989268874,7403.05454555126
1191-1430,1191,1430,埋蔵文化財包蔵地,神奈川区NO.11,139.58976416,35.495194185,139.589880397825,35.4950929220098,6886.51753952478
1192-1430,1192,1430,埋蔵文化財包蔵地,神奈川区NO.12,139.592660045,35.49502689,139.592727524804,35.4948657270531,6709.09141005853
1180-1430,1180,1430,埋蔵文化財包蔵地,神奈川区NO.13,139.598016635,35.494551965,139.598037276872,35.4946435632926,6381.26661793075
1181-1430,1181,1430,埋蔵文化財包蔵地,神奈川区NO.14,139.599992315,35.495227915,139.599849809278,35.495258121836,6345.15869115351
1182-1430,1182,1430,埋蔵文化財包蔵地,神奈川区NO.15,139.60079717,35.494350535,139.601025587662,35.4943193446228,6223.63389098318
1183-1430,1183,1430,埋蔵文化財包蔵地,神奈川区NO.16,139.603651875,35.494234225,139.603653013809,35.4942342245996,6077.17821329267
1184-1430,1184,1430,埋蔵文化財包蔵地,神奈川区NO.17,139.604100645,35.492681815,139.604018052251,35.4927862258918,5908.03058330125
1185-1430,1185,1430,埋蔵文化財包蔵地,神奈川区NO.18,139.60906579,35.492718525,139.609314192671,35.4925487159753,5692.46057128886
1178-1430,1178,1430,埋蔵文化財包蔵地,神奈川区NO.19,139.59296505,35.49091601,139.592963026236,35.490803564876,6334.76070579099
1163-1430,1163,1430,埋蔵文化財包蔵地,神奈川区NO.2,139.578435385,35.497446975,139.578086423892,35.4975667894658,7755.46698322683
1179-1430,1179,1430,埋蔵文化財包蔵地,神奈川区NO.20,139.59707937,35.49198554,139.597372947605,35.4918865057785,6197.81596866196
1186-1430,1186,1430,埋蔵文化財包蔵地,神奈川区NO.21,139.610289085,35.49112807,139.610283048625,35.4911193773412,5484.45777723741
1195-1430,1195,1430,埋蔵文化財包蔵地,神奈川区NO.22,139.613881595,35.49041145,139.613806849756,35.4901639500483,5271.79243050998
2399-1430,2399,1430,埋蔵文化財包蔵地,神奈川区NO.23,139.613828135,35.488660525,139.613865032969,35.4886290098391,5096.85115812281
263-1430,263,1430,埋蔵文化財包蔵地,神奈川区NO.24,139.616887315,35.488649305,139.616960609514,35.4886491932488,4984.08040300031
1171-1430,1171,1430,埋蔵文化財包蔵地,神奈川区NO.25,139.59034439,35.486783375,139.590498131978,35.4868591963368,6152.47451431807
1172-1430,1172,1430,埋蔵文化財包蔵地,神奈川区NO.26,139.594274375,35.48782086,139.594288455449,35.4878137646547,5995.77318601396
1173-1430,1173,1430,埋蔵文化財包蔵地,神奈川区NO.27,139.592252425,35.48572599,139.592261865595,35.4857169391226,5947.67165666381
1175-1430,1175,1430,埋蔵文化財包蔵地,神奈川区NO.28,139.592994075,35.484778755,139.592924132627,35.4845716651754,5825.18593941746
1174-1430,1174,1430,埋蔵文化財包蔵地,神奈川区NO.29,139.594534485,35.48613973,139.594640582605,35.4862088866748,5840.26404726136
1164-1430,1164,1430,埋蔵文化財包蔵地,神奈川区NO.3,139.58505844,35.490197245,139.584410587435,35.4898955525688,6759.28532086256
1176-1430,1176,1430,埋蔵文化財包蔵地,神奈川区NO.30,139.596544225,35.485367695,139.596634794414,35.4852899445916,5654.94193500566
1177-1430,1177,1430,埋蔵文化財包蔵地,神奈川区NO.31,139.59906063,35.48700529,139.598773911417,35.4870273550562,5648.66575132078
1187-1430,1187,1430,埋蔵文化財包蔵地,神奈川区NO.32,139.608910155,35.489957765,139.609132853015,35.4899617661046,5427.83091143237
1188-1430,1188,1430,埋蔵文化財包蔵地,神奈川区NO.33,139.60615376,35.486755765,139.605435837991,35.4867278709397,5250.47848673312
262-1430,262,1430,埋蔵文化財包蔵地,神奈川区NO.34,139.60719723,35.48435851,139.607197206034,35.4843666966594,4975.81536961144
1167-1430,1167,1430,埋蔵文化財包蔵地,神奈川区NO.35,139.58722975,35.48146374,139.587379056943,35.4815598634184,5957.84867993263
1168-1430,1168,1430,埋蔵文化財包蔵地,神奈川区NO.36,139.59113391,35.482245415,139.590846317288,35.4822980159597,5749.06014248279
1170-1430,1170,1430,埋蔵文化財包蔵地,神奈川区NO.37,139.588002865,35.47942897,139.588096502853,35.4793601070446,5760.61682375793
1169-1430,1169,1430,埋蔵文化財包蔵地,神奈川区NO.38,139.59024242,35.480431105,139.590025838157,35.4804479475717,5675.18244225769
267-1430,267,1430,埋蔵文化財包蔵地,神奈川区NO.39,139.59075582,35.477445895,139.590755794176,35.4774540840104,5428.0620571518
258-1430,258,1430,埋蔵文化財包蔵地,神奈川区NO.4,139.580530105,35.483841335,139.580530085133,35.4838487792618,6596.29215170462
1189-1430,1189,1430,埋蔵文化財包蔵地,神奈川区NO.40,139.59885207,35.47947869,139.598829582179,35.4795761026795,5032.42649842015
1190-1430,1190,1430,埋蔵文化財包蔵地,神奈川区NO.41,139.601625495,35.482054045,139.601146353954,35.4818228206345,5075.05638463184
265-1430,265,1430,埋蔵文化財包蔵地,神奈川区NO.42,139.608158775,35.479043915,139.608158752244,35.4790525088426,4443.5216275254
264-1430,264,1430,埋蔵文化財包蔵地,神奈川区NO.43,139.615041095,35.48239399,139.614982656836,35.4824380029181,4423.57748014385
1194-1430,1194,1430,埋蔵文化財包蔵地,神奈川区NO.44,139.61516596,35.48034057,139.614582685281,35.480674206121,4217.21035685165
266-1430,266,1430,埋蔵文化財包蔵地,神奈川区NO.45,139.62384977,35.47937434,139.623849755215,35.4793814102175,3794.91768248484
1202-1430,1202,1430,埋蔵文化財包蔵地,神奈川区NO.46,139.643692755,35.49806616,139.643811981017,35.4980240169806,5684.60134709347
1203-1430,1203,1430,埋蔵文化財包蔵地,神奈川区NO.47,139.65250848,35.49745503,139.652237265522,35.4974234136813,5748.77572700343
1201-1430,1201,1430,埋蔵文化財包蔵地,神奈川区NO.48,139.64455681,35.494795535,139.644587865685,35.4948717193543,5330.99716670397
1200-1430,1200,1430,埋蔵文化財包蔵地,神奈川区NO.49,139.644755665,35.491337985,139.644799697126,35.4912325844629,4951.42143008512
1165-1430,1165,1430,埋蔵文化財包蔵地,神奈川区NO.5,139.580846455,35.47785077,139.580930025668,35.4779709088517,6182.65204266295
1204-1430,1204,1430,埋蔵文化財包蔵地,神奈川区NO.50,139.655803375,35.492524665,139.655904041967,35.492528211252,5301.31177801121
1205-1430,1205,1430,埋蔵文化財包蔵地,神奈川区NO.51,139.65862448,35.49461408,139.658615957052,35.4946023889936,5603.92442261121
1206-1430,1206,1430,埋蔵文化財包蔵地,神奈川区NO.52,139.66027315,35.49303733,139.660102732757,35.4930339483323,5492.88403541342
268-1430,268,1430,埋蔵文化財包蔵地,神奈川区NO.53,139.6394041,35.48991795,139.639404081804,35.4899265057997,4754.95677640756
269-1430,269,1430,埋蔵文化財包蔵地,神奈川区NO.54,139.640244835,35.489170735,139.640244817855,35.4891792926162,4674.93679273977
1199-1430,1199,1430,埋蔵文化財包蔵地,神奈川区NO.55,139.6465656,35.488897755,139.646778159858,35.4890870274487,4707.36739900467
1207-1430,1207,1430,埋蔵文化財包蔵地,神奈川区NO.56,139.655789155,35.48883056,139.655783436034,35.4890929006901,4911.62478326739
1208-1430,1208,1430,埋蔵文化財包蔵地,神奈川区NO.57,139.65589495,35.488490745,139.655873761498,35.4884884484572,4879.21579816103
270-1430,270,1430,埋蔵文化財包蔵地,神奈川区NO.58,139.627753045,35.48206949,139.627753021417,35.482078053489,3983.91885533525
1196-1430,1196,1430,埋蔵文化財包蔵地,神奈川区NO.59,139.63503023,35.481835245,139.634988041564,35.4817995800519,3861.32272860579
1166-1430,1166,1430,埋蔵文化財包蔵地,神奈川区NO.6,139.584600505,35.478263965,139.584498383478,35.4781171268908,5928.5326860296
1198-1430,1198,1430,埋蔵文化財包蔵地,神奈川区NO.60,139.64396638,35.48383269,139.643914549237,35.4838001464221,4114.37050587913
1197-1430,1197,1430,埋蔵文化財包蔵地,神奈川区NO.61,139.64018948,35.480981045,139.640110514893,35.4810033477686,3764.89708011562
271-1430,271,1430,埋蔵文化財包蔵地,神奈川区NO.62,139.64263796,35.480980415,139.642637943896,35.4809886033852,3784.3356122809
272-1430,272,1430,埋蔵文化財包蔵地,神奈川区NO.63,139.65417616,35.483485765,139.65417613897,35.4834939559015,4302.70568643963
1209-1430,1209,1430,埋蔵文化財包蔵地,神奈川区NO.64,139.583759375,35.472016245,139.584061802741,35.4720244080398,5618.4069109136
1211-1430,1211,1430,埋蔵文化財包蔵地,神奈川区NO.65,139.586516565,35.474793665,139.586674674564,35.4751280528461,5566.4448795215
1210-1430,1210,1430,埋蔵文化財包蔵地,神奈川区NO.66,139.591223355,35.475371495,139.59115099051,35.4753712827727,5254.03252190316
1213-1430,1213,1430,埋蔵文化財包蔵地,神奈川区NO.67,139.62240796,35.47677566,139.622382250825,35.4767569399176,3572.33776341731
1212-1430,1212,1430,埋蔵文化財包蔵地,神奈川区NO.68,139.615736935,35.469668005,139.615229876706,35.4697157314261,3198.43679262009
274-1430,274,1430,埋蔵文化財包蔵地,神奈川区NO.69,139.629214575,35.470165125,139.629214554918,35.4701733096112,2669.76158152896
260-1430,260,1430,埋蔵文化財包蔵地,神奈川区NO.7,139.587316145,35.50042751,139.587316117276,35.5004353255479,7480.58327873345
275-1430,275,1430,埋蔵文化財包蔵地,神奈川区NO.70,139.62970165,35.468623525,139.629701629485,35.4686317109995,2492.84421887732
276-1430,276,1430,埋蔵文化財包蔵地,神奈川区NO.71,139.631708435,35.468485725,139.631708418362,35.4684939138551,2430.87079319313
273-1430,273,1430,埋蔵文化財包蔵地,神奈川区NO.72,139.62740598,35.46763188,139.627405956786,35.4676400658588,2459.14126149395
2417-1430,2417,1430,埋蔵文化財包蔵地,神奈川区NO.73,139.639007755,35.46829957,139.638883934091,35.468063704722,2350.41418422924
2409-1430,2409,1430,埋蔵文化財包蔵地,神奈川区NO.74,139.64249768,35.50267707,139.642541599882,35.5025899356234,6186.9568455554
261-1430,261,1430,埋蔵文化財包蔵地,神奈川区NO.8,139.58852328,35.500304635,139.588523254902,35.5003124493643,7403.33169131645
1193-1430,1193,1430,埋蔵文化財包蔵地,神奈川区NO.9,139.59117195,35.49989635,139.591111922749,35.5000274889047,7224.29954665885
2122-1430,2122,1430,埋蔵文化財包蔵地,緑区NO.1,139.49381078,35.531735095,139.493690988424,35.5315612899777,16081.4391518707
518-1430,518,1430,埋蔵文化財包蔵地,緑区NO.10,139.516018625,35.52368718,139.516018596036,35.5236946214429,13932.588423551
2201-1430,2201,1430,埋蔵文化財包蔵地,緑区NO.100,139.544081285,35.51607221,139.54414440166,35.5160345432044,11435.5299951072
2394-1430,2394,1430,埋蔵文化財包蔵地,緑区NO.101,139.546010525,35.515574985,139.546015958651,35.5155742337954,11268.9356544693
2199-1430,2199,1430,埋蔵文化財包蔵地,緑区NO.102,139.53801028,35.510650065,139.537861229563,35.5105258182086,11468.8975156513
530-1430,530,1430,埋蔵文化財包蔵地,緑区NO.103,139.545458035,35.50921408,139.545458010029,35.5092215236904,10842.4738791172
2200-1430,2200,1430,埋蔵文化財包蔵地,緑区NO.104,139.546287775,35.50825901,139.546326434176,35.5082770329172,10716.913351344
2198-1430,2198,1430,埋蔵文化財包蔵地,緑区NO.105,139.538066275,35.503415005,139.538065998755,35.5034177517302,10987.6609037752
2393-1430,2393,1430,埋蔵文化財包蔵地,緑区NO.106,139.54057102,35.502181575,139.540546003993,35.5022087537076,10722.9364729546
2196-1430,2196,1430,埋蔵文化財包蔵地,緑区NO.107,139.517035075,35.50087126,139.517065924125,35.5008271788624,12463.5261872788
2195-1430,2195,1430,埋蔵文化財包蔵地,緑区NO.108,139.52123917,35.49970072,139.521208217625,35.4998934857146,12066.9042328046
2395-1430,2395,1430,埋蔵文化財包蔵地,緑区NO.109,139.55087949,35.50352891,139.550874550118,35.5035295013488,10062.5423701577
517-1430,517,1430,埋蔵文化財包蔵地,緑区NO.11,139.51730483,35.5234321,139.517304800446,35.5234395385726,13823.045328426
2210-1430,2210,1430,埋蔵文化財包蔵地,緑区NO.110,139.550304575,35.503604155,139.550158665877,35.5035219512943,10108.553234964
2212-1430,2212,1430,埋蔵文化財包蔵地,緑区NO.111,139.560346045,35.50185105,139.560347215478,35.5018251417629,9283.1902061724
531-1430,531,1430,埋蔵文化財包蔵地,緑区NO.112,139.563785895,35.503464935,139.563785870174,35.5034723786317,9171.50709146531
2213-1430,2213,1430,埋蔵文化財包蔵地,緑区NO.113,139.56586743,35.504584735,139.565864257409,35.5045403185119,9121.30400126301
2396-1430,2396,1430,埋蔵文化財包蔵地,緑区NO.114,139.56804879,35.50462557,139.568047416661,35.5046243107828,8984.40731024881
2214-1430,2214,1430,埋蔵文化財包蔵地,緑区NO.115,139.568845485,35.504785525,139.568830480997,35.5047524206143,8946.52399980465
2397-1430,2397,1430,埋蔵文化財包蔵地,緑区NO.116,139.57208944,35.505949635,139.572111646115,35.5059485601234,8839.17886007742
2398-1430,2398,1430,埋蔵文化財包蔵地,緑区NO.117,139.574739715,35.504073955,139.574743700941,35.5040660037704,8523.27079171499
2215-1430,2215,1430,埋蔵文化財包蔵地,緑区NO.118,139.57598497,35.505848385,139.575918276789,35.505865957354,8596.91579176889
2419-1430,2419,1430,埋蔵文化財包蔵地,緑区NO.119,139.585329435,35.508157015,139.585258955786,35.5085433075474,8280.13860890389
519-1430,519,1430,埋蔵文化財包蔵地,緑区NO.12,139.515385465,35.52220421,139.515385433678,35.5222116551554,13878.2562647198
2216-1430,2216,1430,埋蔵文化財包蔵地,緑区NO.120,139.583483265,35.50416101,139.583531422218,35.5041353669471,8021.63899889063
2217-1430,2217,1430,埋蔵文化財包蔵地,緑区NO.121,139.57424402,35.501834085,139.574244549993,35.5018340847205,8370.78655856724
2218-1430,2218,1430,埋蔵文化財包蔵地,緑区NO.122,139.57427664,35.501509235,139.574200212715,35.5014423364285,8342.54424414855
532-1430,532,1430,埋蔵文化財包蔵地,緑区NO.123,139.581422915,35.50163378,139.581422893988,35.5016412261777,7920.4802436666
2219-1430,2219,1430,埋蔵文化財包蔵地,緑区NO.124,139.56931449,35.49957377,139.569374536873,35.4996443704191,8509.91096250838
2220-1430,2220,1430,埋蔵文化財包蔵地,緑区NO.125,139.57481699,35.499183825,139.574830567345,35.4992362445118,8122.6786222934
2211-1430,2211,1430,埋蔵文化財包蔵地,緑区NO.126,139.5581247,35.500755695,139.557978357337,35.5008660101978,9358.18533324602
2221-1430,2221,1430,埋蔵文化財包蔵地,緑区NO.127,139.5865578,35.504551515,139.586591578208,35.5045113017094,7888.98519732152
2222-1430,2222,1430,埋蔵文化財包蔵地,緑区NO.128,139.58590658,35.50369311,139.585894929077,35.5036945407547,7847.14725752985
2223-1430,2223,1430,埋蔵文化財包蔵地,緑区NO.129,139.51570733,35.49865044,139.515630840639,35.4986277527535,12453.8111413514
2129-1430,2129,1430,埋蔵文化財包蔵地,緑区NO.13,139.52018636,35.52428858,139.520117839339,35.5242681089064,13677.3137579288
2224-1430,2224,1430,埋蔵文化財包蔵地,緑区NO.130,139.544569435,35.49654438,139.544572748182,35.4965196447587,10072.305180515
2234-1430,2234,1430,埋蔵文化財包蔵地,緑区NO.131,139.572095015,35.496508565,139.572074550628,35.4964525301588,8093.13689567062
2232-1430,2232,1430,埋蔵文化財包蔵地,緑区NO.132,139.572008355,35.49609456,139.572008772493,35.4960943907166,8067.78799408884
2225-1430,2225,1430,埋蔵文化財包蔵地,緑区NO.133,139.54849295,35.49632473,139.54847575528,35.4962877597584,9762.40918828275
2226-1430,2226,1430,埋蔵文化財包蔵地,緑区NO.134,139.55231066,35.49615184,139.552282984075,35.4961051614817,9466.62698722904
2227-1430,2227,1430,埋蔵文化財包蔵地,緑区NO.135,139.55847909,35.49547355,139.558494923745,35.4955049974843,8969.73423354753
2228-1430,2228,1430,埋蔵文化財包蔵地,緑区NO.136,139.55768099,35.49446666,139.557815146623,35.4946008067785,8961.58500459878
2229-1430,2229,1430,埋蔵文化財包蔵地,緑区NO.137,139.560248395,35.494429395,139.560188055741,35.494390945103,8771.75952477341
533-1430,533,1430,埋蔵文化財包蔵地,緑区NO.138,139.56771125,35.49454762,139.567655823932,35.4945879090211,8248.55949691519
2230-1430,2230,1430,埋蔵文化財包蔵地,緑区NO.139,139.56900013,35.498697315,139.569000548144,35.4986973171773,8464.39951063808
2131-1430,2131,1430,埋蔵文化財包蔵地,緑区NO.14,139.523600625,35.52307351,139.523651660176,35.5231539748483,13351.8156154578
2231-1430,2231,1430,埋蔵文化財包蔵地,緑区NO.140,139.57181049,35.49847186,139.571810839974,35.498471858014,8261.37720658339
2233-1430,2233,1430,埋蔵文化財包蔵地,緑区NO.141,139.570867145,35.49754216,139.570831748399,35.4974269997764,8252.89337799958
2193-1430,2193,1430,埋蔵文化財包蔵地,緑区NO.142,139.528117275,35.50175735,139.527897513676,35.501613038613,11643.0260138116
2194-1430,2194,1430,埋蔵文化財包蔵地,緑区NO.143,139.527298595,35.499655955,139.527035520104,35.4997301864878,11586.9205988612
2403-1430,2403,1430,埋蔵文化財包蔵地,緑区NO.144,139.522401065,35.498220015,139.522455556185,35.4982301212451,11895.3967469813
2404-1430,2404,1430,埋蔵文化財包蔵地,緑区NO.145,139.52466179,35.49852729,139.524634041281,35.4985391495879,11732.3532348334
2392-1430,2392,1430,埋蔵文化財包蔵地,緑区NO.146,139.524376265,35.513016855,139.52437754218,35.5130142407756,12616.907170778
2130-1430,2130,1430,埋蔵文化財包蔵地,緑区NO.15,139.522079085,35.52273426,139.52214020809,35.5227030298915,13435.2997277509
2136-1430,2136,1430,埋蔵文化財包蔵地,緑区NO.16,139.52877864,35.52752762,139.528846907559,35.5277337801901,13318.8811751769
2135-1430,2135,1430,埋蔵文化財包蔵地,緑区NO.17,139.530890315,35.527007245,139.530985787101,35.5269459970727,13138.416861543
2138-1430,2138,1430,埋蔵文化財包蔵地,緑区NO.18,139.530962455,35.52686161,139.530962891774,35.5268616089439,13122.6516268231
2134-1430,2134,1430,埋蔵文化財包蔵地,緑区NO.19,139.532519125,35.52640777,139.532599849224,35.5263641794339,12984.6424882464
2123-1430,2123,1430,埋蔵文化財包蔵地,緑区NO.2,139.492188175,35.52939272,139.492264728438,35.5293553905037,16051.0887339027
2137-1430,2137,1430,埋蔵文化財包蔵地,緑区NO.20,139.533335175,35.524682265,139.5331546465,35.5243785044014,12800.3784859547
2133-1430,2133,1430,埋蔵文化財包蔵地,緑区NO.21,139.53091428,35.525506115,139.530808962861,35.5254586063511,13024.5338911956
2132-1430,2132,1430,埋蔵文化財包蔵地,緑区NO.22,139.528164485,35.52523483,139.528181419471,35.5250423490448,13190.9580421976
2139-1430,2139,1430,埋蔵文化財包蔵地,緑区NO.23,139.535710355,35.529018,139.53584126586,35.5291276440845,12975.7532895985
520-1430,520,1430,埋蔵文化財包蔵地,緑区NO.24,139.5370976,35.533106675,139.537097573118,35.5331141202507,13211.6581115355
521-1430,521,1430,埋蔵文化財包蔵地,緑区NO.25,139.536938275,35.53244508,139.536938248941,35.5324525217952,13168.5291548435
2145-1430,2145,1430,埋蔵文化財包蔵地,緑区NO.26,139.535808125,35.531130975,139.535829354377,35.5311586565683,13135.4774480751
2144-1430,2144,1430,埋蔵文化財包蔵地,緑区NO.27,139.538288015,35.530463965,139.538275279686,35.5304739715718,12925.1076248844
2143-1430,2143,1430,埋蔵文化財包蔵地,緑区NO.28,139.5406685,35.529448975,139.540710056982,35.5296364693309,12693.9586735345
2140-1430,2140,1430,埋蔵文化財包蔵地,緑区NO.29,139.536980385,35.526680805,139.536951534964,35.5266146274166,12711.7676998759
2124-1430,2124,1430,埋蔵文化財包蔵地,緑区NO.3,139.490144885,35.5292664,139.490218185745,35.5292762390312,16195.6955111483
2141-1430,2141,1430,埋蔵文化財包蔵地,緑区NO.30,139.539529315,35.52652676,139.53957574872,35.526564861618,12534.7686570088
2142-1430,2142,1430,埋蔵文化財包蔵地,緑区NO.31,139.54250365,35.52734155,139.542482287557,35.5272425157256,12409.7665028603
522-1430,522,1430,埋蔵文化財包蔵地,緑区NO.32,139.537507505,35.52481854,139.537507480934,35.5248256087372,12533.8750101047
2147-1430,2147,1430,埋蔵文化財包蔵地,緑区NO.33,139.53739081,35.52243261,139.537277127502,35.5224006933111,12360.2917198661
2146-1430,2146,1430,埋蔵文化財包蔵地,緑区NO.34,139.53927001,35.522234565,139.539166644204,35.5222902711102,12220.4565827948
2148-1430,2148,1430,埋蔵文化財包蔵地,緑区NO.35,139.54266477,35.522759395,139.542887812393,35.5225041383575,12038.3033248519
2170-1430,2170,1430,埋蔵文化財包蔵地,緑区NO.36,139.498500325,35.52005689,139.498480254717,35.5200491260795,14998.5793079169
2168-1430,2168,1430,埋蔵文化財包蔵地,緑区NO.37,139.50150078,35.51934116,139.50151835624,35.5193143918609,14726.9750137653
2171-1430,2171,1430,埋蔵文化財包蔵地,緑区NO.38,139.493394115,35.51901343,139.493390894444,35.5189070778145,15329.1557054045
2390-1430,2390,1430,埋蔵文化財包蔵地,緑区NO.39,139.492707865,35.517941115,139.492733586212,35.5179342862509,15320.6489032479
2125-1430,2125,1430,埋蔵文化財包蔵地,緑区NO.4,139.495484915,35.527256925,139.495525098586,35.5272002126,15670.2052623188
2169-1430,2169,1430,埋蔵文化財包蔵地,緑区NO.40,139.4967589,35.518433115,139.496691200847,35.5182688742852,15035.6215294575
2167-1430,2167,1430,埋蔵文化財包蔵地,緑区NO.41,139.500747175,35.5174059,139.500723721639,35.5173666258612,14668.5280328251
2162-1430,2162,1430,埋蔵文化財包蔵地,緑区NO.42,139.496883855,35.514803725,139.49696309857,35.5148213925531,14817.0298817598
2163-1430,2163,1430,埋蔵文化財包蔵地,緑区NO.43,139.498056475,35.51301181,139.498083153085,35.5129680137485,14624.7580355273
2161-1430,2161,1430,埋蔵文化財包蔵地,緑区NO.44,139.49578773,35.512353475,139.495800366604,35.5123717278661,14767.0154320686
2160-1430,2160,1430,埋蔵文化財包蔵地,緑区NO.45,139.49468709,35.51199383,139.494685008651,35.5120130256924,14834.5171629012
2149-1430,2149,1430,埋蔵文化財包蔵地,緑区NO.46,139.48388747,35.510687535,139.483847092514,35.5106604201426,15630.9310258741
2150-1430,2150,1430,埋蔵文化財包蔵地,緑区NO.47,139.485650735,35.508434185,139.485699937683,35.5086329815815,15375.8518447282
2151-1430,2151,1430,埋蔵文化財包蔵地,緑区NO.48,139.48411337,35.505930285,139.484310998416,35.5061106677142,15380.4959669556
2157-1430,2157,1430,埋蔵文化財包蔵地,緑区NO.49,139.49935603,35.506679625,139.499472731036,35.5068122742953,14180.8478788544
2127-1430,2127,1430,埋蔵文化財包蔵地,緑区NO.5,139.4960382,35.52197652,139.496124549176,35.522066547963,15301.841998267
2156-1430,2156,1430,埋蔵文化財包蔵地,緑区NO.50,139.494641555,35.506406335,139.494727572008,35.5063504941773,14546.3060262736
2159-1430,2159,1430,埋蔵文化財包蔵地,緑区NO.51,139.49269576,35.507517465,139.492684453929,35.50750316358,14759.5340541207
2158-1430,2158,1430,埋蔵文化財包蔵地,緑区NO.52,139.490514275,35.507462775,139.49053485646,35.5074066667269,14933.1565619066
2154-1430,2154,1430,埋蔵文化財包蔵地,緑区NO.53,139.49064571,35.50620056,139.490665962525,35.5062979039705,14859.9578170482
2155-1430,2155,1430,埋蔵文化財包蔵地,緑区NO.54,139.492569625,35.50606359,139.49271393018,35.5059572548408,14696.9392492729
2153-1430,2153,1430,埋蔵文化財包蔵地,緑区NO.55,139.491065925,35.50337883,139.491091752628,35.5034182298597,14689.5208594176
2152-1430,2152,1430,埋蔵文化財包蔵地,緑区NO.56,139.488113455,35.503379615,139.488001686583,35.5033976410651,14932.1343853029
2166-1430,2166,1430,埋蔵文化財包蔵地,緑区NO.57,139.504336755,35.516456355,139.504321060569,35.5164074994606,14337.1690120466
523-1430,523,1430,埋蔵文化財包蔵地,緑区NO.58,139.506204135,35.515585885,139.506204104308,35.5155933272586,14142.4137141533
2165-1430,2165,1430,埋蔵文化財包蔵地,緑区NO.59,139.506036915,35.514624605,139.506095687707,35.5145911100608,14098.0030702431
515-1430,515,1430,埋蔵文化財包蔵地,緑区NO.6,139.506832855,35.530690635,139.506832824893,35.5306980747288,15067.9829484377
2164-1430,2164,1430,埋蔵文化財包蔵地,緑区NO.60,139.50538333,35.512961845,139.50546471369,35.5128818327017,14050.9954438086
2172-1430,2172,1430,埋蔵文化財包蔵地,緑区NO.61,139.512012045,35.521010965,139.512103166204,35.5209410514376,14045.7250943481
2174-1430,2174,1430,埋蔵文化財包蔵地,緑区NO.62,139.524068505,35.521146535,139.52402866675,35.5211876281482,13184.1756537244
2236-1430,2236,1430,埋蔵文化財包蔵地,緑区NO.63,139.519388225,35.52134465,139.519365517436,35.5213171497693,13531.6428080109
2173-1430,2173,1430,埋蔵文化財包蔵地,緑区NO.64,139.51699765,35.519713085,139.516972626485,35.5196857014447,13595.5434551016
2176-1430,2176,1430,埋蔵文化財包蔵地,緑区NO.65,139.52436916,35.5184077,139.524431540131,35.518122853363,12974.6524868364
2175-1430,2175,1430,埋蔵文化財包蔵地,緑区NO.66,139.526777645,35.518737725,139.526762125309,35.5188005183173,12825.2339323289
2177-1430,2177,1430,埋蔵文化財包蔵地,緑区NO.67,139.5259994,35.51792875,139.525921030698,35.5178271875914,12825.2045465588
2178-1430,2178,1430,埋蔵文化財包蔵地,緑区NO.68,139.527058925,35.517410305,139.52710427437,35.5174190796505,12714.0019206536
2187-1430,2187,1430,埋蔵文化財包蔵地,緑区NO.69,139.50946201,35.51574901,139.509456400804,35.5157081524259,13904.3807428117
2126-1430,2126,1430,埋蔵文化財包蔵地,緑区NO.7,139.50304021,35.522607945,139.503012175039,35.5225974971922,14812.9447778868
2186-1430,2186,1430,埋蔵文化財包蔵地,緑区NO.70,139.51432691,35.51496622,139.514379086958,35.5148106224935,13489.0224807149
524-1430,524,1430,埋蔵文化財包蔵地,緑区NO.71,139.512906735,35.514993135,139.512906708235,35.5149998309723,13597.5992316118
525-1430,525,1430,埋蔵文化財包蔵地,緑区NO.72,139.512140755,35.513997745,139.5121407213,35.5140051883906,13594.5684282099
526-1430,526,1430,埋蔵文化財包蔵地,緑区NO.73,139.512756505,35.512919765,139.512756476245,35.5129272059333,13482.4688157586
527-1430,527,1430,埋蔵文化財包蔵地,緑区NO.74,139.512592805,35.51176006,139.512592773891,35.5117675056169,13425.4763360012
2185-1430,2185,1430,埋蔵文化財包蔵地,緑区NO.75,139.51759201,35.512577455,139.517592686769,35.5124903586589,13095.2431019314
2184-1430,2184,1430,埋蔵文化財包蔵地,緑区NO.76,139.5194328,35.512588475,139.519411233627,35.512522996754,12957.5373282442
2183-1430,2183,1430,埋蔵文化財包蔵地,緑区NO.77,139.521053765,35.511136625,139.521154751594,35.5110095834347,12745.3989813404
2180-1430,2180,1430,埋蔵文化財包蔵地,緑区NO.78,139.53335098,35.5141723,139.533282743671,35.5141014236962,12042.9621477801
2181-1430,2181,1430,埋蔵文化財包蔵地,緑区NO.79,139.530280045,35.512265465,139.529930979231,35.5119289635014,12135.1034417438
2128-1430,2128,1430,埋蔵文化財包蔵地,緑区NO.8,139.514065675,35.524924625,139.514006519366,35.5248750405819,14156.8074363047
2179-1430,2179,1430,埋蔵文化財包蔵地,緑区NO.80,139.529605305,35.514568995,139.529699752912,35.5144706017505,12338.2008366543
2182-1430,2182,1430,埋蔵文化財包蔵地,緑区NO.81,139.525666155,35.51149786,139.525668365748,35.5114822343028,12423.8373549636
2235-1430,2235,1430,埋蔵文化財包蔵地,緑区NO.82,139.525784245,35.510674135,139.525784013227,35.5106474826869,12362.5176066277
2188-1430,2188,1430,埋蔵文化財包蔵地,緑区NO.83,139.52633424,35.50898255,139.526338440789,35.5089312720783,12214.7642332814
2391-1430,2391,1430,埋蔵文化財包蔵地,緑区NO.84,139.525524455,35.508391395,139.525554576653,35.5083808393241,12238.7979145629
529-1430,529,1430,埋蔵文化財包蔵地,緑区NO.85,139.52629431,35.508137455,139.526294281189,35.5081448976027,12165.1145411283
528-1430,528,1430,埋蔵文化財包蔵地,緑区NO.86,139.508781205,35.50991708,139.508781175817,35.5099245206382,13612.3415511447
2189-1430,2189,1430,埋蔵文化財包蔵地,緑区NO.87,139.51224297,35.507489365,139.512324532441,35.5074245655384,13204.7222338875
2190-1430,2190,1430,埋蔵文化財包蔵地,緑区NO.88,139.51173642,35.505366845,139.511717776268,35.5053864260717,13126.2862909312
2191-1430,2191,1430,埋蔵文化財包蔵地,緑区NO.89,139.52443921,35.505622295,139.524432156636,35.5055912465205,12153.1539184454
516-1430,516,1430,埋蔵文化財包蔵地,緑区NO.9,139.517435,35.52425348,139.517434972211,35.5242609214777,13870.0182934253
2192-1430,2192,1430,埋蔵文化財包蔵地,緑区NO.90,139.52558756,35.5037017,139.525545532356,35.5038758256215,11951.6038120575
2197-1430,2197,1430,埋蔵文化財包蔵地,緑区NO.91,139.535146905,35.50488155,139.535109974738,35.5048042698791,11298.065638762
2202-1430,2202,1430,埋蔵文化財包蔵地,緑区NO.92,139.546312475,35.51989492,139.546243169262,35.5198382644725,11579.1552701175
2204-1430,2204,1430,埋蔵文化財包蔵地,緑区NO.93,139.540835735,35.52012764,139.540569364026,35.5200206419307,11956.9498627157
2207-1430,2207,1430,埋蔵文化財包蔵地,緑区NO.94,139.539170625,35.519772035,139.539152223375,35.5197293915068,12041.6718028358
2205-1430,2205,1430,埋蔵文化財包蔵地,緑区NO.95,139.54255,35.519134775,139.542486488219,35.5193368067866,11767.9096852256
2206-1430,2206,1430,埋蔵文化財包蔵地,緑区NO.96,139.540125045,35.51875142,139.540132897614,35.5187201156119,11901.4021444103
2208-1430,2208,1430,埋蔵文化財包蔵地,緑区NO.97,139.54178747,35.517583305,139.541770793779,35.5175934488783,11702.4882482019
2209-1430,2209,1430,埋蔵文化財包蔵地,緑区NO.98,139.544029875,35.51862113,139.544130377166,35.5184135771148,11630.8275621633
2203-1430,2203,1430,埋蔵文化財包蔵地,緑区NO.99,139.546639115,35.518448055,139.546606631506,35.51848574945,11445.941005565
2325-1430,2325,1430,埋蔵文化財包蔵地,西区NO.1,139.61019467,35.464551275,139.610196522558,35.464551034485,3156.667230691
292-1430,292,1430,埋蔵文化財包蔵地,西区NO.10,139.622900605,35.44697527,139.622900585324,35.4469827160752,1346.14191824616
289-1430,289,1430,埋蔵文化財包蔵地,西区NO.11,139.61453676,35.44219771,139.614536741404,35.4422051523341,2176.13959245139
290-1430,290,1430,埋蔵文化財包蔵地,西区NO.12,139.615613115,35.44062821,139.615613092999,35.4406356510495,2135.25243766377
1256-1430,1256,1430,埋蔵文化財包蔵地,西区NO.13,139.62871833,35.4484491,139.628778253231,35.4484856612531,830.461898637881
1257-1430,1257,1430,埋蔵文化財包蔵地,西区NO.14,139.62937229,35.44727321,139.629406001997,35.4472389930981,759.463409419561
293-1430,293,1430,埋蔵文化財包蔵地,西区NO.15,139.626447695,35.44279608,139.626447678875,35.442803525393,1135.39050719437
1255-1430,1255,1430,埋蔵文化財包蔵地,西区NO.2,139.61382274,35.46481598,139.613768335308,35.4647989578879,2923.17436588062
2327-1430,2327,1430,埋蔵文化財包蔵地,西区NO.3,139.613509635,35.463910955,139.613509135221,35.463888650579,2878.24092590019
2328-1430,2328,1430,埋蔵文化財包蔵地,西区NO.4,139.61437638,35.46415098,139.61437453004,35.4641566272312,2836.42555767838
2326-1430,2326,1430,埋蔵文化財包蔵地,西区NO.5,139.614182855,35.46196746,139.614177148194,35.461963242021,2694.92403538784
286-1430,286,1430,埋蔵文化財包蔵地,西区NO.6,139.60845161,35.444355665,139.608451587244,35.4443631045558,2674.10687880315
287-1430,287,1430,埋蔵文化財包蔵地,西区NO.7,139.609662965,35.445119535,139.609662942707,35.4451269803339,2556.05212510366
288-1430,288,1430,埋蔵文化財包蔵地,西区NO.8,139.61557507,35.445949875,139.615575048035,35.4459573175788,2014.5774772723
291-1430,291,1430,埋蔵文化財包蔵地,西区NO.9,139.621049015,35.44766614,139.621048992401,35.4476735869309,1514.62257891014
1616-1430,1616,1430,埋蔵文化財包蔵地,都筑区NO.1,139.57272059,35.56765898,139.57266003028,35.5676542531666,14639.613399742
1622-1430,1622,1430,埋蔵文化財包蔵地,都筑区NO.10,139.57847251,35.56477452,139.578449250423,35.5647582780099,14140.3131223365
1735-1430,1735,1430,埋蔵文化財包蔵地,都筑区NO.100,139.60839115,35.55920617,139.608474031287,35.5591752761537,12741.5166582119
1736-1430,1736,1430,埋蔵文化財包蔵地,都筑区NO.101,139.611636255,35.55970714,139.611801032785,35.5596944934409,12738.1179192414
1734-1430,1734,1430,埋蔵文化財包蔵地,都筑区NO.102,139.610347475,35.557860735,139.610514914167,35.5576309347386,12558.9229579782
1733-1430,1733,1430,埋蔵文化財包蔵地,都筑区NO.103,139.607889725,35.55688524,139.607930331617,35.5568561181602,12498.8939276161
1737-1430,1737,1430,埋蔵文化財包蔵地,都筑区NO.104,139.61565871,35.55829158,139.615710464605,35.5583127717506,12519.9755417023
1738-1430,1738,1430,埋蔵文化財包蔵地,都筑区NO.105,139.613237855,35.556083715,139.613153288397,35.5560742370491,12315.2658254278
1739-1430,1739,1430,埋蔵文化財包蔵地,都筑区NO.106,139.61551591,35.555853385,139.615529290102,35.5559136680117,12254.427176264
1707-1430,1707,1430,埋蔵文化財包蔵地,都筑区NO.107,139.58868901,35.554075615,139.588431252212,35.5540184938474,12694.0296319377
1708-1430,1708,1430,埋蔵文化財包蔵地,都筑区NO.108,139.589040235,35.55288529,139.589076362353,35.5528106947137,12558.8623510333
1697-1430,1697,1430,埋蔵文化財包蔵地,都筑区NO.109,139.591834105,35.554655275,139.591843042186,35.5546487204203,12657.9037655413
1630-1430,1630,1430,埋蔵文化財包蔵地,都筑区NO.11,139.57652021,35.56220852,139.57662501168,35.5622005696452,13946.1367813897
1698-1430,1698,1430,埋蔵文化財包蔵地,都筑区NO.110,139.593455525,35.553825055,139.593446190954,35.5537693994932,12522.8405634871
1700-1430,1700,1430,埋蔵文化財包蔵地,都筑区NO.111,139.59494779,35.55376128,139.594941860846,35.5537766622379,12473.4021809388
1699-1430,1699,1430,埋蔵文化財包蔵地,都筑区NO.112,139.59591145,35.55424222,139.595884742719,35.5542316297972,12497.4885535572
1712-1430,1712,1430,埋蔵文化財包蔵地,都筑区NO.113,139.587882545,35.54984328,139.587955463918,35.5498513133434,12280.8484839
1716-1430,1716,1430,埋蔵文化財包蔵地,都筑区NO.114,139.59170581,35.549240485,139.591560243408,35.5491383046606,12094.6453269426
1711-1430,1711,1430,埋蔵文化財包蔵地,都筑区NO.115,139.592640435,35.55099456,139.592613526864,35.5510653998286,12249.4510444826
1710-1430,1710,1430,埋蔵文化財包蔵地,都筑区NO.116,139.59295032,35.55010738,139.592922993076,35.5501092460191,12147.0443107296
1709-1430,1709,1430,埋蔵文化財包蔵地,都筑区NO.117,139.59343465,35.54969306,139.593435040733,35.5496930639994,12088.9607357786
1713-1430,1713,1430,埋蔵文化財包蔵地,都筑区NO.118,139.588968445,35.54760906,139.588968971965,35.5476090590516,12013.5285635606
1714-1430,1714,1430,埋蔵文化財包蔵地,都筑区NO.118,139.588910755,35.54795379,139.588873629461,35.5478188020416,12051.1144520745
1715-1430,1715,1430,埋蔵文化財包蔵地,都筑区NO.119,139.59184358,35.54741887,139.591895674195,35.547350235661,11900.2777341484
1627-1430,1627,1430,埋蔵文化財包蔵地,都筑区NO.12,139.57349761,35.56161576,139.573511145498,35.5615985105175,13997.3874190316
1718-1430,1718,1430,埋蔵文化財包蔵地,都筑区NO.120,139.59660374,35.54795069,139.596484238556,35.5479029098169,11812.5284740077
1720-1430,1720,1430,埋蔵文化財包蔵地,都筑区NO.121,139.594177055,35.54609496,139.59438694428,35.5459722236439,11689.27915823
1719-1430,1719,1430,埋蔵文化財包蔵地,都筑区NO.122,139.592557025,35.54592749,139.592571224347,35.5458913952881,11722.2341216191
1717-1430,1717,1430,埋蔵文化財包蔵地,都筑区NO.123,139.58564354,35.548673435,139.585767024678,35.5487336699825,12236.8020412538
2372-1430,2372,1430,埋蔵文化財包蔵地,都筑区NO.124,139.58606022,35.547550535,139.586056589024,35.5475799112515,12106.9960362001
1701-1430,1701,1430,埋蔵文化財包蔵地,都筑区NO.125,139.596725155,35.55361448,139.596725547415,35.5536144797613,12408.6702665558
1703-1430,1703,1430,埋蔵文化財包蔵地,都筑区NO.125,139.596640205,35.553652045,139.596649183496,35.5536279920346,12414.965486745
1702-1430,1702,1430,埋蔵文化財包蔵地,都筑区NO.126,139.597300545,35.55394563,139.597300967965,35.5539456287479,12428.3405234042
1704-1430,1704,1430,埋蔵文化財包蔵地,都筑区NO.126,139.598387555,35.55457872,139.598353154212,35.5546015905478,12467.1071713656
1721-1430,1721,1430,埋蔵文化財包蔵地,都筑区NO.127,139.5984873,35.552089755,139.598577945192,35.5520297311184,12199.4170098554
1722-1430,1722,1430,埋蔵文化財包蔵地,都筑区NO.128,139.59836654,35.551078395,139.598325493196,35.5510470335181,12095.0702429224
1724-1430,1724,1430,埋蔵文化財包蔵地,都筑区NO.129,139.60020576,35.553254715,139.600370604906,35.5532278299426,12279.3717643584
1628-1430,1628,1430,埋蔵文化財包蔵地,都筑区NO.13,139.574651625,35.561219385,139.574707190011,35.5611494838345,13913.9928531728
1723-1430,1723,1430,埋蔵文化財包蔵地,都筑区NO.130,139.601119735,35.551676775,139.601064465766,35.5517090760046,12087.7946912061
1726-1430,1726,1430,埋蔵文化財包蔵地,都筑区NO.131,139.60545318,35.5556571,139.605345167096,35.5555395369039,12415.74221057
2373-1430,2373,1430,埋蔵文化財包蔵地,都筑区NO.132,139.60516361,35.55489428,139.605162819403,35.5548867298271,12339.5449826228
1725-1430,1725,1430,埋蔵文化財包蔵地,都筑区NO.133,139.60445453,35.55412328,139.604394508886,35.5540975690653,12271.9281678113
1727-1430,1727,1430,埋蔵文化財包蔵地,都筑区NO.134,139.607714295,35.554895835,139.607691469601,35.5548577803558,12286.43833728
1740-1430,1740,1430,埋蔵文化財包蔵地,都筑区NO.135,139.61336593,35.5543634,139.613251679806,35.5544012505155,12124.9568636163
1743-1430,1743,1430,埋蔵文化財包蔵地,都筑区NO.136,139.607819985,35.5482706,139.607607152866,35.5482316760328,11566.6326529905
1744-1430,1744,1430,埋蔵文化財包蔵地,都筑区NO.137,139.60660202,35.54632696,139.60645273388,35.5462898884264,11383.425016338
1745-1430,1745,1430,埋蔵文化財包蔵地,都筑区NO.138,139.60598115,35.544143655,139.605999431026,35.5441035787727,11162.6733215201
1746-1430,1746,1430,埋蔵文化財包蔵地,都筑区NO.139,139.603876465,35.54611676,139.603989548746,35.5459992936599,11424.656333448
1629-1430,1629,1430,埋蔵文化財包蔵地,都筑区NO.14,139.57300755,35.5605704,139.573059863285,35.5605389836673,13910.3962780247
1764-1430,1764,1430,埋蔵文化財包蔵地,都筑区NO.140,139.56183576,35.543724765,139.561882014447,35.5435712413474,12753.2843953571
1763-1430,1763,1430,埋蔵文化財包蔵地,都筑区NO.141,139.56010115,35.543053045,139.559971959161,35.5430740560503,12776.3364604089
1748-1430,1748,1430,埋蔵文化財包蔵地,都筑区NO.142,139.55766727,35.543325645,139.557777933926,35.5433149420488,12924.2223371466
1749-1430,1749,1430,埋蔵文化財包蔵地,都筑区NO.143,139.55682603,35.542197755,139.556718532442,35.542241554117,12863.9077853009
1750-1430,1750,1430,埋蔵文化財包蔵地,都筑区NO.144,139.55588305,35.541304415,139.555894629375,35.5413177440207,12831.6101667584
1761-1430,1761,1430,埋蔵文化財包蔵地,都筑区NO.145,139.559729805,35.54159582,139.559887267665,35.5415224811185,12660.1141675517
1760-1430,1760,1430,埋蔵文化財包蔵地,都筑区NO.146,139.561782835,35.54132457,139.561983557988,35.5412399431535,12531.9224158794
1758-1430,1758,1430,埋蔵文化財包蔵地,都筑区NO.147,139.560959615,35.540865325,139.560960062121,35.5408653230166,12530.5465718126
1759-1430,1759,1430,埋蔵文化財包蔵地,都筑区NO.148,139.56145627,35.540599025,139.561326600895,35.5406074462679,12480.9305813675
1762-1430,1762,1430,埋蔵文化財包蔵地,都筑区NO.149,139.561405825,35.539304095,139.561462716556,35.5392180465031,12363.8174451246
1669-1430,1669,1430,埋蔵文化財包蔵地,都筑区NO.15,139.566939815,35.55963537,139.566851989968,35.5596017279583,14058.5045978038
1756-1430,1756,1430,埋蔵文化財包蔵地,都筑区NO.150,139.559577165,35.539490785,139.559547169559,35.5394713848355,12474.4040785615
1755-1430,1755,1430,埋蔵文化財包蔵地,都筑区NO.151,139.558091695,35.54015567,139.558141443466,35.5399675594014,12611.9273032854
1751-1430,1751,1430,埋蔵文化財包蔵地,都筑区NO.152,139.555416755,35.539225085,139.555404230847,35.5391468286954,12668.4352095734
1754-1430,1754,1430,埋蔵文化財包蔵地,都筑区NO.153,139.55740148,35.537888495,139.557375841068,35.5380488282582,12442.4666482147
1773-1430,1773,1430,埋蔵文化財包蔵地,都筑区NO.154,139.560958435,35.53780427,139.560959466417,35.5377336087057,12248.8887450036
1757-1430,1757,1430,埋蔵文化財包蔵地,都筑区NO.155,139.56036257,35.53997254,139.560376532328,35.5400600597626,12478.4079026873
1766-1430,1766,1430,埋蔵文化財包蔵地,都筑区NO.156,139.566086415,35.544275745,139.56605798283,35.5442755373999,12602.1505479478
1765-1430,1765,1430,埋蔵文化財包蔵地,都筑区NO.157,139.564186345,35.543366155,139.564168353691,35.5432866162042,12605.7625045826
1767-1430,1767,1430,埋蔵文化財包蔵地,都筑区NO.158,139.564645105,35.541862445,139.564452701142,35.5418487179085,12441.9173459036
1768-1430,1768,1430,埋蔵文化財包蔵地,都筑区NO.159,139.56557988,35.54111117,139.565571124637,35.5411065666449,12326.0955045662
1670-1430,1670,1430,埋蔵文化財包蔵地,都筑区NO.16,139.56658047,35.5585006,139.566647330553,35.5585671190724,13961.3208762801
1770-1430,1770,1430,埋蔵文化財包蔵地,都筑区NO.160,139.565312295,35.540120685,139.565296212408,35.5401293405344,12245.824182813
1769-1430,1769,1430,埋蔵文化財包蔵地,都筑区NO.161,139.56415269,35.539884965,139.564136930779,35.5398487312067,12280.4563837146
1772-1430,1772,1430,埋蔵文化財包蔵地,都筑区NO.162,139.5632419,35.53865572,139.563199590006,35.5385934427778,12211.31280958
1775-1430,1775,1430,埋蔵文化財包蔵地,都筑区NO.163,139.56391988,35.53799636,139.563900024204,35.5379580640347,12116.2256583522
1771-1430,1771,1430,埋蔵文化財包蔵地,都筑区NO.164,139.56561368,35.53893186,139.56554039886,35.5389192249895,12119.6352478149
1883-1430,1883,1430,埋蔵文化財包蔵地,都筑区NO.165,139.57415567,35.54268626,139.574090390827,35.5426583023887,12085.6101387289
1885-1430,1885,1430,埋蔵文化財包蔵地,都筑区NO.166,139.57840605,35.54218243,139.578479848108,35.5421754749887,11856.752426872
1887-1430,1887,1430,埋蔵文化財包蔵地,都筑区NO.167,139.58056132,35.54184261,139.580540121802,35.5418092309863,11735.5115629257
1888-1430,1888,1430,埋蔵文化財包蔵地,都筑区NO.168,139.582736385,35.541624575,139.582737084529,35.5416242365574,11627.8805550695
1886-1430,1886,1430,埋蔵文化財包蔵地,都筑区NO.169,139.578083195,35.54120478,139.578021756684,35.5411561681387,11773.3397244001
470-1430,470,1430,埋蔵文化財包蔵地,都筑区NO.17,139.56859212,35.55659648,139.568592096078,35.556603922738,13689.3815690256
2375-1430,2375,1430,埋蔵文化財包蔵地,都筑区NO.170,139.576775855,35.539285045,139.576786921756,35.5393057690773,11639.8315147129
483-1430,483,1430,埋蔵文化財包蔵地,都筑区NO.171,139.576755295,35.54000022,139.576755256115,35.5400115001185,11710.794044118
1881-1430,1881,1430,埋蔵文化財包蔵地,都筑区NO.172,139.57394875,35.53919318,139.574012107547,35.5391551376217,11754.7296916139
1880-1430,1880,1430,埋蔵文化財包蔵地,都筑区NO.173,139.572834745,35.53839899,139.572868745244,35.538371614866,11728.2054872327
1882-1430,1882,1430,埋蔵文化財包蔵地,都筑区NO.174,139.576125235,35.538283285,139.575978959788,35.5381511606174,11570.2174068598
1889-1430,1889,1430,埋蔵文化財包蔵地,都筑区NO.175,139.579963025,35.538703835,139.579920141188,35.5385610515358,11447.98084449
1891-1430,1891,1430,埋蔵文化財包蔵地,都筑区NO.176,139.582015785,35.53844692,139.582157477514,35.5384087656617,11338.4841460627
1895-1430,1895,1430,埋蔵文化財包蔵地,都筑区NO.177,139.583891985,35.538052945,139.583936939793,35.5380298852184,11224.2828927184
1752-1430,1752,1430,埋蔵文化財包蔵地,都筑区NO.178,139.5550667,35.53731873,139.555068666665,35.5373077982086,12516.6429674637
1753-1430,1753,1430,埋蔵文化財包蔵地,都筑区NO.179,139.5580069,35.53674372,139.557922823554,35.5366995725925,12307.1294653207
471-1430,471,1430,埋蔵文化財包蔵地,都筑区NO.18,139.57067627,35.55681491,139.570676244506,35.5568230956423,13625.6830032849
1774-1430,1774,1430,埋蔵文化財包蔵地,都筑区NO.180,139.56270565,35.537580995,139.562641818506,35.5376073254847,12139.0389437405
1778-1430,1778,1430,埋蔵文化財包蔵地,都筑区NO.181,139.563271065,35.53636242,139.563289462537,35.5363025324283,11998.0905435391
1779-1430,1779,1430,埋蔵文化財包蔵地,都筑区NO.182,139.562533205,35.53583777,139.562594297555,35.5358390796092,11987.781187727
1780-1430,1780,1430,埋蔵文化財包蔵地,都筑区NO.183,139.561887945,35.53514653,139.561838580684,35.5351113151023,11958.1321314457
1822-1430,1822,1430,埋蔵文化財包蔵地,都筑区NO.184,139.562883345,35.53396067,139.562980465681,35.5339164807758,11798.3301104273
1781-1430,1781,1430,埋蔵文化財包蔵地,都筑区NO.185,139.559982955,35.53516896,139.559954329891,35.5351137647882,12060.2433489526
1782-1430,1782,1430,埋蔵文化財包蔵地,都筑区NO.186,139.557026345,35.53536817,139.557011255154,35.5353436531216,12236.5199867784
1783-1430,1783,1430,埋蔵文化財包蔵地,都筑区NO.187,139.557568135,35.53365706,139.557421410518,35.5336291358177,12054.8087169938
478-1430,478,1430,埋蔵文化財包蔵地,都筑区NO.188,139.55239808,35.535539675,139.552398055891,35.5355471200697,12506.8030335552
1792-1430,1792,1430,埋蔵文化財包蔵地,都筑区NO.189,139.55033379,35.53468711,139.550301053092,35.5346359135911,12549.6656935001
1643-1430,1643,1430,埋蔵文化財包蔵地,都筑区NO.19,139.573571075,35.557896735,139.57376808528,35.557849057414,13619.4070042893
477-1430,477,1430,埋蔵文化財包蔵地,都筑区NO.190,139.550878,35.534125655,139.55087797404,35.5341330950885,12470.0907641873
1791-1430,1791,1430,埋蔵文化財包蔵地,都筑区NO.191,139.548626425,35.531017535,139.548603282995,35.5309967714838,12336.5290192767
1790-1430,1790,1430,埋蔵文化財包蔵地,都筑区NO.192,139.55054078,35.53156964,139.550546964935,35.5314176298117,12270.5606955357
1789-1430,1789,1430,埋蔵文化財包蔵地,都筑区NO.193,139.55209088,35.532189055,139.55209942154,35.5321445212317,12233.7280146188
2374-1430,2374,1430,埋蔵文化財包蔵地,都筑区NO.194,139.554065035,35.531416215,139.554064401019,35.531414291494,12054.0414360007
1784-1430,1784,1430,埋蔵文化財包蔵地,都筑区NO.195,139.557593065,35.53152981,139.557535572569,35.5315031626971,11865.4658865215
1786-1430,1786,1430,埋蔵文化財包蔵地,都筑区NO.196,139.56147928,35.53106788,139.561199252291,35.531554791748,11611.8376488381
1785-1430,1785,1430,埋蔵文化財包蔵地,都筑区NO.197,139.55917696,35.530879145,139.559149459652,35.5309314097129,11720.5566509995
1787-1430,1787,1430,埋蔵文化財包蔵地,都筑区NO.198,139.56031598,35.52975496,139.560361076359,35.5296804781968,11558.510915726
1788-1430,1788,1430,埋蔵文化財包蔵地,都筑区NO.199,139.556479445,35.52962524,139.55648241812,35.529633138394,11761.597243274
1617-1430,1617,1430,埋蔵文化財包蔵地,都筑区NO.2,139.57416991,35.567901705,139.574134048931,35.5678310626497,14612.0423304277
1644-1430,1644,1430,埋蔵文化財包蔵地,都筑区NO.20,139.57286559,35.55557655,139.572829889757,35.5555579303994,13414.3771925182
1793-1430,1793,1430,埋蔵文化財包蔵地,都筑区NO.200,139.55309842,35.528681835,139.553339816145,35.529060532465,11875.5621601672
479-1430,479,1430,埋蔵文化財包蔵地,都筑区NO.201,139.55947238,35.527735515,139.559472352759,35.5277429565661,11428.1216225596
480-1430,480,1430,埋蔵文化財包蔵地,都筑区NO.202,139.561438405,35.527595555,139.561438376903,35.5276029960668,11306.059280722
481-1430,481,1430,埋蔵文化財包蔵地,都筑区NO.203,139.56265053,35.526802765,139.562650505249,35.5268103581894,11169.1429223908
1802-1430,1802,1430,埋蔵文化財包蔵地,都筑区NO.204,139.561284485,35.526455085,139.561302738943,35.5263553983949,11214.5760029189
1794-1430,1794,1430,埋蔵文化財包蔵地,都筑区NO.205,139.554430215,35.525147465,139.554513730984,35.5250239806643,11498.6056059576
1795-1430,1795,1430,埋蔵文化財包蔵地,都筑区NO.206,139.554858045,35.523384955,139.554798337884,35.5233052768261,11325.7135098617
1797-1430,1797,1430,埋蔵文化財包蔵地,都筑区NO.207,139.557519705,35.523968895,139.557559250726,35.5238218687416,11216.557858429
1796-1430,1796,1430,埋蔵文化財包蔵地,都筑区NO.208,139.55860443,35.522758785,139.558475795101,35.5227848002422,11050.336502664
1798-1430,1798,1430,埋蔵文化財包蔵地,都筑区NO.209,139.559410735,35.52352011,139.559461194513,35.5235093302591,11067.8837853149
1642-1430,1642,1430,埋蔵文化財包蔵地,都筑区NO.21,139.575662105,35.555568095,139.575777469456,35.5555596235111,13304.3771403312
1801-1430,1801,1430,埋蔵文化財包蔵地,都筑区NO.210,139.561525295,35.523749745,139.561551623376,35.5237475711026,10965.7705225274
1800-1430,1800,1430,埋蔵文化財包蔵地,都筑区NO.211,139.562333975,35.5229579,139.562425036708,35.5229104556782,10851.1901343745
1799-1430,1799,1430,埋蔵文化財包蔵地,都筑区NO.212,139.56023701,35.522290555,139.560086621474,35.5223345958275,10914.9592639481
1776-1430,1776,1430,埋蔵文化財包蔵地,都筑区NO.213,139.564579345,35.53766037,139.564602998119,35.5375186808154,12052.095562527
1777-1430,1777,1430,埋蔵文化財包蔵地,都筑区NO.214,139.56443335,35.536673925,139.564482236694,35.5366844623545,11967.956074227
1823-1430,1823,1430,埋蔵文化財包蔵地,都筑区NO.215,139.565196775,35.535729575,139.565190871002,35.5356939049451,11842.1684174914
1824-1430,1824,1430,埋蔵文化財包蔵地,都筑区NO.216,139.566281085,35.535888345,139.566382783972,35.5358736624716,11802.6501656317
1827-1430,1827,1430,埋蔵文化財包蔵地,都筑区NO.217,139.56732608,35.534415845,139.56729667203,35.5343831527361,11613.7451472669
1825-1430,1825,1430,埋蔵文化財包蔵地,都筑区NO.218,139.56780547,35.53561452,139.567793723143,35.5355985953866,11701.7881152926
1826-1430,1826,1430,埋蔵文化財包蔵地,都筑区NO.219,139.568706525,35.535387795,139.568652314373,35.5353726803383,11636.4817428986
1623-1430,1623,1430,埋蔵文化財包蔵地,都筑区NO.22,139.579662075,35.565075265,139.579683080517,35.5650347653437,14130.7502342115
1873-1430,1873,1430,埋蔵文化財包蔵地,都筑区NO.220,139.569696785,35.536828925,139.569699429412,35.5367906321788,11724.5087535377
1872-1430,1872,1430,埋蔵文化財包蔵地,都筑区NO.221,139.569761105,35.53610045,139.569802436109,35.5360387490061,11652.5826225802
1874-1430,1874,1430,埋蔵文化財包蔵地,都筑区NO.222,139.570524785,35.5355161,139.570459586115,35.5354748046758,11560.8370888483
1879-1430,1879,1430,埋蔵文化財包蔵地,都筑区NO.223,139.57214512,35.5370425,139.572179522443,35.5369987921745,11629.7362906955
1875-1430,1875,1430,埋蔵文化財包蔵地,都筑区NO.224,139.571859315,35.53575918,139.571859732263,35.5357590894391,11520.6766151709
1876-1430,1876,1430,埋蔵文化財包蔵地,都筑区NO.224,139.571997755,35.53568484,139.571978561051,35.5356654511074,11507.1029511504
1878-1430,1878,1430,埋蔵文化財包蔵地,都筑区NO.225,139.573545705,35.53755859,139.573566431551,35.5375058243202,11615.0111775286
1877-1430,1877,1430,埋蔵文化財包蔵地,都筑区NO.226,139.574339025,35.53548176,139.574300588474,35.5354853787598,11379.1647780995
1871-1430,1871,1430,埋蔵文化財包蔵地,都筑区NO.227,139.57693873,35.53640984,139.576897886805,35.5365110430407,11352.1641665203
1821-1430,1821,1430,埋蔵文化財包蔵地,都筑区NO.228,139.563931535,35.533380085,139.563913098007,35.5332596204713,11690.9328673191
1808-1430,1808,1430,埋蔵文化財包蔵地,都筑区NO.229,139.56449265,35.531902365,139.564457866305,35.5319081068283,11527.1392626551
469-1430,469,1430,埋蔵文化財包蔵地,都筑区NO.23,139.582172055,35.56528854,139.58217202945,35.5652972375746,14069.7427708018
1807-1430,1807,1430,埋蔵文化財包蔵地,都筑区NO.230,139.56582088,35.530379685,139.565901861326,35.5304660664995,11319.3364649353
1809-1430,1809,1430,埋蔵文化財包蔵地,都筑区NO.231,139.56661971,35.532076895,139.566685107075,35.5321102290522,11433.2303156854
1810-1430,1810,1430,埋蔵文化財包蔵地,都筑区NO.232,139.56769803,35.53312002,139.567656925485,35.533058250401,11474.8994395483
1811-1430,1811,1430,埋蔵文化財包蔵地,都筑区NO.233,139.568347975,35.53258648,139.568316048818,35.5325446211779,11392.8805534305
1812-1430,1812,1430,埋蔵文化財包蔵地,都筑区NO.234,139.56912522,35.53297367,139.569115844909,35.5329409664318,11390.205420815
1813-1430,1813,1430,埋蔵文化財包蔵地,都筑区NO.235,139.56927412,35.53181685,139.56919879071,35.5317101869092,11275.1785224368
1815-1430,1815,1430,埋蔵文化財包蔵地,都筑区NO.236,139.569487995,35.53039675,139.569431966323,35.5303476655283,11132.8382153816
1814-1430,1814,1430,埋蔵文化財包蔵地,都筑区NO.237,139.570842985,35.531780085,139.570868691461,35.5317580871706,11194.1136478525
1820-1430,1820,1430,埋蔵文化財包蔵地,都筑区NO.238,139.572661645,35.53308152,139.572717646711,35.5330538229379,11228.6286367148
1819-1430,1819,1430,埋蔵文化財包蔵地,都筑区NO.239,139.57236416,35.53171368,139.572344984336,35.5316494428939,11113.7915557588
1624-1430,1624,1430,埋蔵文化財包蔵地,都筑区NO.24,139.580801085,35.563680355,139.580775803699,35.5636138666447,13948.3395627483
1816-1430,1816,1430,埋蔵文化財包蔵地,都筑区NO.240,139.5715897,35.52984885,139.571463117117,35.5296841043417,10977.0270131284
1837-1430,1837,1430,埋蔵文化財包蔵地,都筑区NO.241,139.571641635,35.528164975,139.571676260172,35.5281565065296,10817.995436456
1806-1430,1806,1430,埋蔵文化財包蔵地,都筑区NO.242,139.56876603,35.52723236,139.568879674774,35.5272282869914,10879.4031247593
1805-1430,1805,1430,埋蔵文化財包蔵地,都筑区NO.243,139.566743005,35.52876431,139.566735785415,35.5286692760717,11124.3544266224
1804-1430,1804,1430,埋蔵文化財包蔵地,都筑区NO.244,139.56468105,35.52787709,139.564768052493,35.5278067902806,11153.9135586496
1803-1430,1803,1430,埋蔵文化財包蔵地,都筑区NO.245,139.56344347,35.527341345,139.563441424096,35.527396463648,11173.2494827591
1831-1430,1831,1430,埋蔵文化財包蔵地,都筑区NO.246,139.56568235,35.52604185,139.565626679805,35.5259440420408,10935.8592412717
1828-1430,1828,1430,埋蔵文化財包蔵地,都筑区NO.247,139.563960315,35.524918395,139.563970863549,35.524831723426,10930.6516461153
1829-1430,1829,1430,埋蔵文化財包蔵地,都筑区NO.248,139.565481335,35.524480935,139.565407186551,35.5244310572063,10808.1138957171
1830-1430,1830,1430,埋蔵文化財包蔵地,都筑区NO.249,139.56735596,35.524766785,139.567355872995,35.5246955622159,10731.5692339813
1631-1430,1631,1430,埋蔵文化財包蔵地,都筑区NO.25,139.57992852,35.56068441,139.579967321618,35.5605925110299,13669.3878718373
1832-1430,1832,1430,埋蔵文化財包蔵地,都筑区NO.250,139.568167015,35.52311314,139.568182521855,35.5230741966992,10540.0689675342
1835-1430,1835,1430,埋蔵文化財包蔵地,都筑区NO.251,139.56981727,35.52402488,139.569925591433,35.5240178343659,10533.4053244564
1836-1430,1836,1430,埋蔵文化財包蔵地,都筑区NO.252,139.571321835,35.524956655,139.571330342494,35.5251813313341,10539.2061781817
1833-1430,1833,1430,埋蔵文化財包蔵地,都筑区NO.253,139.570147035,35.522625445,139.570121431008,35.5225971491289,10389.832609319
1834-1430,1834,1430,埋蔵文化財包蔵地,都筑区NO.254,139.57213729,35.523349485,139.572161533573,35.5233142763612,10350.3254444096
1846-1430,1846,1430,埋蔵文化財包蔵地,都筑区NO.255,139.57384319,35.523677655,139.573906105076,35.5236619863334,10292.4447185415
1847-1430,1847,1430,埋蔵文化財包蔵地,都筑区NO.256,139.575141345,35.52269758,139.5751169612,35.5226373649863,10136.1778228383
1890-1430,1890,1430,埋蔵文化財包蔵地,都筑区NO.257,139.581562965,35.536927565,139.581466988508,35.5369054383417,11206.0032160794
1870-1430,1870,1430,埋蔵文化財包蔵地,都筑区NO.258,139.579063735,35.535582885,139.579204709038,35.5356644360834,11178.9282116119
1892-1430,1892,1430,埋蔵文化財包蔵地,都筑区NO.259,139.581507315,35.53541064,139.581508144626,35.5353444251025,11058.2715483159
1632-1430,1632,1430,埋蔵文化財包蔵地,都筑区NO.26,139.57830049,35.55975412,139.578284446965,35.559740193395,13631.501550924
1893-1430,1893,1430,埋蔵文化財包蔵地,都筑区NO.260,139.583296485,35.535701985,139.583315135715,35.535632134627,11013.4395902059
1894-1430,1894,1430,埋蔵文化財包蔵地,都筑区NO.261,139.584872375,35.53548428,139.584829087341,35.5355453856924,10928.4173747796
1869-1430,1869,1430,埋蔵文化財包蔵地,都筑区NO.262,139.57949358,35.534122115,139.57941590518,35.5340976344624,11017.5456630943
1868-1430,1868,1430,埋蔵文化財包蔵地,都筑区NO.263,139.58099493,35.53310707,139.580876861588,35.5330337943752,10853.4312481794
1866-1430,1866,1430,埋蔵文化財包蔵地,都筑区NO.264,139.582287395,35.53250395,139.58213480913,35.5324863625116,10739.0765370428
1867-1430,1867,1430,埋蔵文化財包蔵地,都筑区NO.265,139.581301975,35.531656675,139.581344715954,35.5316921250659,10698.2908326076
1865-1430,1865,1430,埋蔵文化財包蔵地,都筑区NO.266,139.5830568,35.532168475,139.583208385846,35.5321343585991,10673.5513914338
1864-1430,1864,1430,埋蔵文化財包蔵地,都筑区NO.267,139.584984605,35.53238985,139.584758856191,35.5324335841235,10615.5271553072
1863-1430,1863,1430,埋蔵文化財包蔵地,都筑区NO.268,139.584417115,35.529749815,139.584420770479,35.529682774064,10378.021925325
1862-1430,1862,1430,埋蔵文化財包蔵地,都筑区NO.269,139.583495845,35.53024076,139.583476727967,35.5301237881119,10465.3497182235
1633-1430,1633,1430,埋蔵文化財包蔵地,都筑区NO.27,139.579879015,35.55914953,139.579768733809,35.5590861042713,13513.5843283839
1845-1430,1845,1430,埋蔵文化財包蔵地,都筑区NO.270,139.577920665,35.53209085,139.57789685119,35.5320555346988,10890.0244613134
1844-1430,1844,1430,埋蔵文化財包蔵地,都筑区NO.271,139.579083905,35.5308693,139.579067739615,35.5309045475472,10719.7121067754
1843-1430,1843,1430,埋蔵文化財包蔵地,都筑区NO.272,139.576626745,35.530675095,139.576623705757,35.5306832599698,10813.326149346
1818-1430,1818,1430,埋蔵文化財包蔵地,都筑区NO.273,139.574164135,35.531168175,139.574149597618,35.5311324372183,10975.9837852018
1817-1430,1817,1430,埋蔵文化財包蔵地,都筑区NO.274,139.57365939,35.52944908,139.57364581449,35.5293714824508,10838.1335566055
1842-1430,1842,1430,埋蔵文化財包蔵地,都筑区NO.275,139.575421415,35.52963594,139.575379142102,35.5296082820382,10771.0928350547
1838-1430,1838,1430,埋蔵文化財包蔵地,都筑区NO.276,139.574716985,35.528413325,139.57472217596,35.5283143528065,10689.5060124586
1839-1430,1839,1430,埋蔵文化財包蔵地,都筑区NO.277,139.576889065,35.528381105,139.576930401195,35.5283352875858,10582.557114486
1840-1430,1840,1430,埋蔵文化財包蔵地,都筑区NO.278,139.579137795,35.52938164,139.579183622057,35.5294733688127,10573.8720830704
1841-1430,1841,1430,埋蔵文化財包蔵地,都筑区NO.279,139.581463585,35.529006505,139.581516478653,35.5289776347143,10433.1476613274
1635-1430,1635,1430,埋蔵文化財包蔵地,都筑区NO.28,139.58237062,35.55983931,139.582253472028,35.5597880200827,13498.7628522757
1852-1430,1852,1430,埋蔵文化財包蔵地,都筑区NO.280,139.57814476,35.527127515,139.578166692719,35.5270823320687,10404.2571502655
1854-1430,1854,1430,埋蔵文化財包蔵地,都筑区NO.281,139.580353885,35.52733701,139.580289241113,35.527369372355,10321.8537192266
1856-1430,1856,1430,埋蔵文化財包蔵地,都筑区NO.282,139.581591145,35.52669519,139.58163361163,35.5266864688804,10203.8580045633
1855-1430,1855,1430,埋蔵文化財包蔵地,都筑区NO.283,139.582453475,35.527236635,139.582429465554,35.5271640741566,10217.5506497268
1859-1430,1859,1430,埋蔵文化財包蔵地,都筑区NO.284,139.584043855,35.527209915,139.583986312294,35.5271009436504,10145.0275104873
1857-1430,1857,1430,埋蔵文化財包蔵地,都筑区NO.285,139.582653905,35.52589408,139.582744900617,35.5260306664577,10078.6510226169
1858-1430,1858,1430,埋蔵文化財包蔵地,都筑区NO.286,139.58414458,35.52629807,139.584182339252,35.526268407283,10051.7290921171
1860-1430,1860,1430,埋蔵文化財包蔵地,都筑区NO.287,139.584835575,35.525208525,139.584752286552,35.5251497414411,9915.35367289676
1861-1430,1861,1430,埋蔵文化財包蔵地,都筑区NO.288,139.58500922,35.523464505,139.584965949086,35.5235138397795,9738.25915446442
1851-1430,1851,1430,埋蔵文化財包蔵地,都筑区NO.289,139.582831755,35.523809325,139.582860723077,35.5238029185347,9869.72610705764
1634-1430,1634,1430,埋蔵文化財包蔵地,都筑区NO.29,139.58156134,35.55849726,139.581591258735,35.5584518909062,13388.0092677743
1850-1430,1850,1430,埋蔵文化財包蔵地,都筑区NO.290,139.58076245,35.5244399,139.58077016256,35.5244434116675,10025.6714105085
1853-1430,1853,1430,埋蔵文化財包蔵地,都筑区NO.291,139.58021184,35.52597158,139.580233448659,35.5259137740055,10197.5195430181
1848-1430,1848,1430,埋蔵文化財包蔵地,都筑区NO.292,139.5790891,35.52542521,139.579049376812,35.5253794545619,10198.005984384
1849-1430,1849,1430,埋蔵文化財包蔵地,都筑区NO.293,139.579264445,35.52479078,139.579259672926,35.5247989977927,10129.5203619755
482-1430,482,1430,埋蔵文化財包蔵地,都筑区NO.294,139.57715002,35.52455838,139.577149996913,35.5245658222834,10209.2905224187
1884-1430,1884,1430,埋蔵文化財包蔵地,都筑区NO.295,139.57801997,35.54415201,139.577988655029,35.5442060003113,12068.0845351363
1900-1430,1900,1430,埋蔵文化財包蔵地,都筑区NO.296,139.58575972,35.538228735,139.585920896214,35.5381254295051,11169.4435966669
1896-1430,1896,1430,埋蔵文化財包蔵地,都筑区NO.297,139.587665595,35.541360485,139.587576305878,35.5414410419726,11416.4924684453
1899-1430,1899,1430,埋蔵文化財包蔵地,都筑区NO.298,139.587301115,35.539873695,139.587355846206,35.5398981033872,11278.2715718831
1897-1430,1897,1430,埋蔵文化財包蔵地,都筑区NO.299,139.58896672,35.54059036,139.589004727298,35.5405765999213,11291.2432856804
1619-1430,1619,1430,埋蔵文化財包蔵地,都筑区NO.3,139.575946415,35.56721247,139.575801561474,35.5671524593578,14478.5717072336
1636-1430,1636,1430,埋蔵文化財包蔵地,都筑区NO.30,139.583606155,35.55694861,139.583667070457,35.5569109392308,13158.617614045
1898-1430,1898,1430,埋蔵文化財包蔵地,都筑区NO.300,139.58892259,35.53899346,139.58905729386,35.5388797159112,11129.5875046695
1908-1430,1908,1430,埋蔵文化財包蔵地,都筑区NO.301,139.589931035,35.541576525,139.589908809803,35.5414976204652,11358.6403745895
1909-1430,1909,1430,埋蔵文化財包蔵地,都筑区NO.302,139.591025685,35.541144245,139.590971872486,35.5411187698764,11276.5772107701
1907-1430,1907,1430,埋蔵文化財包蔵地,都筑区NO.303,139.594157005,35.540739655,139.594126078415,35.5407655349663,11131.0181527129
1906-1430,1906,1430,埋蔵文化財包蔵地,都筑区NO.304,139.59257633,35.539061695,139.592611206165,35.5392793660141,11009.17213474
1910-1430,1910,1430,埋蔵文化財包蔵地,都筑区NO.305,139.59524057,35.539439285,139.595165267932,35.539422066383,10960.997053898
1928-1430,1928,1430,埋蔵文化財包蔵地,都筑区NO.306,139.60341229,35.544080845,139.603166933036,35.5439364763155,11218.2628627967
1927-1430,1927,1430,埋蔵文化財包蔵地,都筑区NO.307,139.60178582,35.5427531,139.601844791729,35.5426415903265,11118.7445560913
1926-1430,1926,1430,埋蔵文化財包蔵地,都筑区NO.308,139.59983364,35.543152375,139.599867397967,35.5429986194301,11214.1610692866
1925-1430,1925,1430,埋蔵文化財包蔵地,都筑区NO.309,139.597927805,35.54166434,139.597924026633,35.5416835432041,11111.5971509216
1637-1430,1637,1430,埋蔵文化財包蔵地,都筑区NO.31,139.58289669,35.555702235,139.582933463264,35.555670026815,13054.4176844806
1920-1430,1920,1430,埋蔵文化財包蔵地,都筑区NO.310,139.600181835,35.540394845,139.600120939712,35.540356164902,10912.6744401854
1924-1430,1924,1430,埋蔵文化財包蔵地,都筑区NO.311,139.60074986,35.54148425,139.600825804077,35.5414734027633,11012.0957157444
1923-1430,1923,1430,埋蔵文化財包蔵地,都筑区NO.312,139.604353055,35.542063185,139.604429384907,35.5419716258462,10978.9835289069
1921-1430,1921,1430,埋蔵文化財包蔵地,都筑区NO.313,139.603361555,35.54126452,139.60336039084,35.5412492844076,10918.9143066598
1922-1430,1922,1430,埋蔵文化財包蔵地,都筑区NO.314,139.604495325,35.540783805,139.604595025331,35.5407346194846,10838.6528866977
1919-1430,1919,1430,埋蔵文化財包蔵地,都筑区NO.315,139.603007995,35.539785465,139.602761228613,35.5397844220319,10770.6476637828
1918-1430,1918,1430,埋蔵文化財包蔵地,都筑区NO.316,139.601124595,35.53931195,139.601100519951,35.5392717836475,10771.6520490715
1915-1430,1915,1430,埋蔵文化財包蔵地,都筑区NO.317,139.60401514,35.538054575,139.604015703567,35.5380545754921,10559.8687638243
1917-1430,1917,1430,埋蔵文化財包蔵地,都筑区NO.317,139.60416776,35.538286405,139.604158754231,35.5382905998389,10580.5697406657
1914-1430,1914,1430,埋蔵文化財包蔵地,都筑区NO.318,139.601723635,35.538514165,139.601724055469,35.5385141694686,10670.5194259955
1916-1430,1916,1430,埋蔵文化財包蔵地,都筑区NO.318,139.60208346,35.538333395,139.602081031392,35.538275091291,10641.4250638984
1912-1430,1912,1430,埋蔵文化財包蔵地,都筑区NO.319,139.60048535,35.537778005,139.600469464682,35.5377498701674,10627.7105252234
1645-1430,1645,1430,埋蔵文化財包蔵地,都筑区NO.32,139.571431375,35.55441466,139.57155563478,35.5543197520363,13356.307520066
1911-1430,1911,1430,埋蔵文化財包蔵地,都筑区NO.320,139.59823896,35.53784613,139.598235131947,35.5378061231737,10701.2890954039
1901-1430,1901,1430,埋蔵文化財包蔵地,都筑区NO.321,139.587913525,35.53655022,139.587898653988,35.5365023666009,10918.245138363
1948-1430,1948,1430,埋蔵文化財包蔵地,都筑区NO.322,139.58670267,35.534628775,139.586753475662,35.5345916400754,10770.6826103397
1902-1430,1902,1430,埋蔵文化財包蔵地,都筑区NO.323,139.59075242,35.53758336,139.590797530141,35.537551642237,10920.0872365515
1903-1430,1903,1430,埋蔵文化財包蔵地,都筑区NO.324,139.592996165,35.53687163,139.59290927251,35.536911515059,10769.0037026102
1904-1430,1904,1430,埋蔵文化財包蔵地,都筑区NO.325,139.593939165,35.535701085,139.593883991723,35.5357058314217,10616.2303917661
1905-1430,1905,1430,埋蔵文化財包蔵地,都筑区NO.326,139.59116571,35.53542545,139.591277816101,35.5355700300226,10684.598543801
1947-1430,1947,1430,埋蔵文化財包蔵地,都筑区NO.327,139.588134445,35.53368084,139.588176773332,35.5336716330225,10619.9615187593
1945-1430,1945,1430,埋蔵文化財包蔵地,都筑区NO.328,139.58996229,35.5335963,139.589929299044,35.5335415826076,10542.3151771833
1946-1430,1946,1430,埋蔵文化財包蔵地,都筑区NO.329,139.590072405,35.53292078,139.590109129726,35.5329195617764,10469.7240981431
472-1430,472,1430,埋蔵文化財包蔵地,都筑区NO.33,139.57469652,35.554952775,139.574696496494,35.5549609645065,13279.8007710462
1944-1430,1944,1430,埋蔵文化財包蔵地,都筑区NO.330,139.591805805,35.53329968,139.591807665068,35.533296365632,10444.5169177171
1943-1430,1943,1430,埋蔵文化財包蔵地,都筑区NO.331,139.593033255,35.53260149,139.593035781502,35.5325908791687,10329.18271265
1942-1430,1942,1430,埋蔵文化財包蔵地,都筑区NO.332,139.594075255,35.533486775,139.594164385374,35.5333856801954,10383.4773249299
1933-1430,1933,1430,埋蔵文化財包蔵地,都筑区NO.333,139.59522504,35.53458952,139.595299162255,35.5345867732914,10458.1464955939
1934-1430,1934,1430,埋蔵文化財包蔵地,都筑区NO.334,139.59615742,35.533902405,139.596104632632,35.5339030803565,10356.0713485212
1935-1430,1935,1430,埋蔵文化財包蔵地,都筑区NO.335,139.595761685,35.53261218,139.595797843119,35.5326207582615,10235.798582377
1937-1430,1937,1430,埋蔵文化財包蔵地,都筑区NO.336,139.59514312,35.53230378,139.595154932975,35.5323757018297,10224.995899881
1939-1430,1939,1430,埋蔵文化財包蔵地,都筑区NO.337,139.59545196,35.531521185,139.595525455389,35.5315092149334,10133.8152413132
1958-1430,1958,1430,埋蔵文化財包蔵地,都筑区NO.338,139.59422188,35.52944117,139.594265422367,35.5294508106172,9963.61432278165
1959-1430,1959,1430,埋蔵文化財包蔵地,都筑区NO.339,139.594027,35.53020664,139.594058560205,35.5301669323228,10048.8181209718
1646-1430,1646,1430,埋蔵文化財包蔵地,都筑区NO.34,139.57477011,35.553622915,139.574639708369,35.5535992018204,13143.5143151189
1960-1430,1960,1430,埋蔵文化財包蔵地,都筑区NO.340,139.59281314,35.53066295,139.592820006628,35.5305981486054,10139.1709873539
1962-1430,1962,1430,埋蔵文化財包蔵地,都筑区NO.341,139.58996119,35.530734165,139.589951585257,35.5307531961074,10252.9020957857
1961-1430,1961,1430,埋蔵文化財包蔵地,都筑区NO.342,139.58701493,35.531283675,139.587224215113,35.5313500058783,10423.3435535644
1974-1430,1974,1430,埋蔵文化財包蔵地,都筑区NO.343,139.585488215,35.529379655,139.58551337841,35.5293824117571,10296.5887409795
1972-1430,1972,1430,埋蔵文化財包蔵地,都筑区NO.344,139.586856825,35.529723195,139.586865841535,35.5296428046313,10274.2614296508
1971-1430,1971,1430,埋蔵文化財包蔵地,都筑区NO.345,139.586868225,35.52897701,139.586896181268,35.5289165243518,10199.6877909173
1970-1430,1970,1430,埋蔵文化財包蔵地,都筑区NO.346,139.587007515,35.528233615,139.587016608337,35.5282455104572,10120.249913691
1973-1430,1973,1430,埋蔵文化財包蔵地,都筑区NO.347,139.5880919,35.529081365,139.588161794565,35.5290782659837,10160.4389457761
1969-1430,1969,1430,埋蔵文化財包蔵地,都筑区NO.348,139.58806744,35.527361,139.588057857085,35.5273126413425,9990.21365974774
1963-1430,1963,1430,埋蔵文化財包蔵地,都筑区NO.349,139.590728045,35.528911155,139.590761875339,35.5288903430353,10039.7519074247
1641-1430,1641,1430,埋蔵文化財包蔵地,都筑区NO.35,139.577407435,35.55428465,139.577427265981,35.5542147044944,13108.3636094245
1968-1430,1968,1430,埋蔵文化財包蔵地,都筑区NO.350,139.590293785,35.527794535,139.590198751011,35.5277283714839,9944.3769493047
1964-1430,1964,1430,埋蔵文化財包蔵地,都筑区NO.351,139.59219719,35.529055465,139.59221292632,35.5290042697911,9998.58369824771
1967-1430,1967,1430,埋蔵文化財包蔵地,都筑区NO.352,139.59238792,35.527218255,139.592456313408,35.5271640412474,9805.5419547795
1965-1430,1965,1430,埋蔵文化財包蔵地,都筑区NO.353,139.5937157,35.52840572,139.593730537055,35.5283713923933,9876.39137415205
1966-1430,1966,1430,埋蔵文化財包蔵地,都筑区NO.354,139.594118875,35.52679968,139.594015591686,35.5266833645971,9698.27600028527
1986-1430,1986,1430,埋蔵文化財包蔵地,都筑区NO.355,139.587714835,35.522321585,139.587681077241,35.5222409528906,9508.33498734231
1977-1430,1977,1430,埋蔵文化財包蔵地,都筑区NO.356,139.589521235,35.522797705,139.589510719058,35.5227915637622,9478.32485314536
1976-1430,1976,1430,埋蔵文化財包蔵地,都筑区NO.357,139.59025188,35.523557315,139.590167318741,35.5234353001124,9523.2721012653
1978-1430,1978,1430,埋蔵文化財包蔵地,都筑区NO.358,139.590916575,35.521973245,139.590994037342,35.5220523553729,9338.88929073646
1979-1430,1979,1430,埋蔵文化財包蔵地,都筑区NO.359,139.59300712,35.523442885,139.593039093382,35.5234196502111,9401.55265113398
1649-1430,1649,1430,埋蔵文化財包蔵地,都筑区NO.36,139.577794495,35.55257037,139.577701491687,35.5523894493377,12920.5011355424
1980-1430,1980,1430,埋蔵文化財包蔵地,都筑区NO.360,139.59433749,35.52294698,139.594457807809,35.5223708941436,9300.16703042939
1975-1430,1975,1430,埋蔵文化財包蔵地,都筑区NO.361,139.587001375,35.525771965,139.586967741673,35.5257321087854,9877.3524851902
1913-1430,1913,1430,埋蔵文化財包蔵地,都筑区NO.362,139.60133342,35.537399275,139.601315597847,35.5373643140941,10563.5060809894
1932-1430,1932,1430,埋蔵文化財包蔵地,都筑区NO.363,139.599622615,35.53627476,139.599652699365,35.5362209850117,10494.7685029713
1929-1430,1929,1430,埋蔵文化財包蔵地,都筑区NO.364,139.598131035,35.53616183,139.59811739179,35.5361022925888,10528.238811934
1931-1430,1931,1430,埋蔵文化財包蔵地,都筑区NO.365,139.59946691,35.535481415,139.599531201577,35.5354886640404,10416.1662568404
1930-1430,1930,1430,埋蔵文化財包蔵地,都筑区NO.366,139.59833252,35.534981255,139.598305487137,35.5348621079701,10398.5888289124
1936-1430,1936,1430,埋蔵文化財包蔵地,都筑区NO.367,139.597545585,35.53355803,139.597472332815,35.5334326066117,10275.1160656076
1940-1430,1940,1430,埋蔵文化財包蔵地,都筑区NO.368,139.597282325,35.53256037,139.597319193364,35.5325679842549,10179.9912311559
1938-1430,1938,1430,埋蔵文化財包蔵地,都筑区NO.369,139.596674235,35.53199157,139.596620700918,35.5321505948634,10141.0900065106
1650-1430,1650,1430,埋蔵文化財包蔵地,都筑区NO.37,139.57742457,35.551234625,139.577428242264,35.5512393135584,12800.1211387403
1941-1430,1941,1430,埋蔵文化財包蔵地,都筑区NO.370,139.598469645,35.5321294,139.598478828058,35.5320291169005,10096.8431184701
484-1430,484,1430,埋蔵文化財包蔵地,都筑区NO.371,139.596661345,35.52992465,139.596661323453,35.5299320918057,9928.00490950106
1949-1430,1949,1430,埋蔵文化財包蔵地,都筑区NO.372,139.59869236,35.5298297,139.598982254736,35.5298581399507,9850.58363616386
1951-1430,1951,1430,埋蔵文化財包蔵地,都筑区NO.373,139.597350195,35.528592165,139.597135191823,35.5286948429146,9767.17927680736
1952-1430,1952,1430,埋蔵文化財包蔵地,都筑区NO.374,139.598886835,35.528252665,139.598887276825,35.5282526686903,9680.64356569867
1953-1430,1953,1430,埋蔵文化財包蔵地,都筑区NO.374,139.5987584,35.5275495,139.598758822056,35.5275495007905,9612.09636874219
1954-1430,1954,1430,埋蔵文化財包蔵地,都筑区NO.374,139.598814065,35.52786831,139.598814487446,35.527868311922,9643.24029956232
1955-1430,1955,1430,埋蔵文化財包蔵地,都筑区NO.374,139.5985927,35.52722793,139.598593079652,35.5272279302544,9584.38771893175
1956-1430,1956,1430,埋蔵文化財包蔵地,都筑区NO.374,139.598318735,35.527849,139.598583710124,35.5276706002451,9657.76159636606
1950-1430,1950,1430,埋蔵文化財包蔵地,都筑区NO.375,139.60098252,35.52923906,139.600964809185,35.5290730571294,9716.17285190656
1957-1430,1957,1430,埋蔵文化財包蔵地,都筑区NO.376,139.60069984,35.52770017,139.600749061029,35.5276729494591,9564.50587899373
2401-1430,2401,1430,埋蔵文化財包蔵地,都筑区NO.377,139.602153465,35.527269995,139.602317054614,35.527175489721,9474.04666614119
1981-1430,1981,1430,埋蔵文化財包蔵地,都筑区NO.378,139.597809665,35.52480344,139.59773026218,35.5248612599775,9361.5891563951
1984-1430,1984,1430,埋蔵文化財包蔵地,都筑区NO.379,139.59858869,35.522702985,139.598444840122,35.5222045607766,9118.83447291575
1648-1430,1648,1430,埋蔵文化財包蔵地,都筑区NO.38,139.574707815,35.55175539,139.575006274167,35.5516103983355,12959.1755736344
1982-1430,1982,1430,埋蔵文化財包蔵地,都筑区NO.380,139.601713755,35.523366815,139.601751679489,35.5232350083259,9081.24770574497
1983-1430,1983,1430,埋蔵文化財包蔵地,都筑区NO.381,139.60323772,35.52338325,139.603249165117,35.5233521157376,9034.21186549681
1985-1430,1985,1430,埋蔵文化財包蔵地,都筑区NO.382,139.601784565,35.52146049,139.601891323513,35.5214442420051,8881.33781170394
1987-1430,1987,1430,埋蔵文化財包蔵地,都筑区NO.383,139.560417305,35.52121112,139.560477846058,35.5210960699657,10812.7310607003
1994-1430,1994,1430,埋蔵文化財包蔵地,都筑区NO.384,139.56257906,35.520997155,139.562594586174,35.5209484763362,10668.4596703931
1988-1430,1988,1430,埋蔵文化財包蔵地,都筑区NO.385,139.55963006,35.520057145,139.559597410029,35.520016098245,10762.097774807
1989-1430,1989,1430,埋蔵文化財包蔵地,都筑区NO.386,139.560834555,35.519672505,139.560811370079,35.5197598404936,10658.1980234269
1991-1430,1991,1430,埋蔵文化財包蔵地,都筑区NO.387,139.56180794,35.519226315,139.561790453737,35.5191640256471,10563.0108664776
1990-1430,1990,1430,埋蔵文化財包蔵地,都筑区NO.388,139.56062334,35.51854197,139.560601518481,35.5185006799348,10576.020265291
1995-1430,1995,1430,埋蔵文化財包蔵地,都筑区NO.389,139.562784865,35.51744337,139.56276407835,35.5173721445315,10355.0484177085
1647-1430,1647,1430,埋蔵文化財包蔵地,都筑区NO.39,139.573736,35.552270115,139.573740951114,35.5522010746718,13049.5107694788
1996-1430,1996,1430,埋蔵文化財包蔵地,都筑区NO.390,139.558915755,35.51744924,139.558789197439,35.5174088501807,10588.8941876881
2376-1430,2376,1430,埋蔵文化財包蔵地,都筑区NO.390,139.55878421,35.5164885,139.558761478699,35.516463069211,10518.3660420768
1997-1430,1997,1430,埋蔵文化財包蔵地,都筑区NO.391,139.561480655,35.51564658,139.561438906548,35.5156731692045,10284.1101091161
1998-1430,1998,1430,埋蔵文化財包蔵地,都筑区NO.392,139.56206211,35.515380255,139.56212681978,35.5154227649694,10226.7732674986
1999-1430,1999,1430,埋蔵文化財包蔵地,都筑区NO.393,139.55898616,35.51543529,139.558880706479,35.5155622543133,10420.2599154187
2002-1430,2002,1430,埋蔵文化財包蔵地,都筑区NO.394,139.5591515,35.5134176,139.559271914173,35.513489861982,10247.4704052936
2001-1430,2001,1430,埋蔵文化財包蔵地,都筑区NO.395,139.5583833,35.512649575,139.55941623944,35.5117421461274,10235.0276357469
2000-1430,2000,1430,埋蔵文化財包蔵地,都筑区NO.396,139.559831905,35.51149975,139.559832234587,35.5114997516413,10051.7685717066
2003-1430,2003,1430,埋蔵文化財包蔵地,都筑区NO.397,139.56070266,35.51354316,139.560694518974,35.5134877260614,10160.3986346416
2004-1430,2004,1430,埋蔵文化財包蔵地,都筑区NO.398,139.5611325,35.512630825,139.561084055673,35.5125831763646,10059.9854840435
2005-1430,2005,1430,埋蔵文化財包蔵地,都筑区NO.399,139.560788615,35.51069192,139.560760048809,35.5106645813736,9926.90297673134
1618-1430,1618,1430,埋蔵文化財包蔵地,都筑区NO.4,139.57326584,35.566784505,139.573285640209,35.566757366491,14530.671991292
1671-1430,1671,1430,埋蔵文化財包蔵地,都筑区NO.40,139.56849074,35.5508235,139.568727956576,35.5508210027817,13126.1179645322
1992-1430,1992,1430,埋蔵文化財包蔵地,都筑区NO.400,139.563562715,35.519285855,139.563552683652,35.5192594951566,10465.1640628594
1993-1430,1993,1430,埋蔵文化財包蔵地,都筑区NO.401,139.56557938,35.51933037,139.565579676689,35.519274780535,10352.5320748696
2006-1430,2006,1430,埋蔵文化財包蔵地,都筑区NO.402,139.567347165,35.5177747,139.567094059933,35.5175856244359,10117.179163698
2377-1430,2377,1430,埋蔵文化財包蔵地,都筑区NO.403,139.56718729,35.516498215,139.567186437089,35.5165048940958,10016.6212683468
2007-1430,2007,1430,埋蔵文化財包蔵地,都筑区NO.404,139.569722325,35.517631535,139.569722745411,35.5176315321296,9970.30524018738
2008-1430,2008,1430,埋蔵文化財包蔵地,都筑区NO.405,139.569897335,35.518543545,139.570021883426,35.5185179942103,10040.5136359125
2011-1430,2011,1430,埋蔵文化財包蔵地,都筑区NO.406,139.57332123,35.51968717,139.573376641751,35.5197020929085,9956.28932952971
2012-1430,2012,1430,埋蔵文化財包蔵地,都筑区NO.407,139.574720045,35.51932154,139.57470050235,35.5193175997866,9849.313017281
2014-1430,2014,1430,埋蔵文化財包蔵地,都筑区NO.408,139.58138053,35.519384815,139.581355537506,35.5193168322111,9517.89122708183
2018-1430,2018,1430,埋蔵文化財包蔵地,都筑区NO.409,139.58437687,35.51860788,139.584347705796,35.5185517738062,9301.00931901332
1672-1430,1672,1430,埋蔵文化財包蔵地,都筑区NO.41,139.565738125,35.54843194,139.565778104822,35.5483487146351,13016.3570242466
2378-1430,2378,1430,埋蔵文化財包蔵地,都筑区NO.410,139.58435333,35.516468775,139.584490100538,35.5165233064488,9099.73353593673
2009-1430,2009,1430,埋蔵文化財包蔵地,都筑区NO.411,139.56943745,35.520689285,139.569321051189,35.520629004398,10255.3604631363
2010-1430,2010,1430,埋蔵文化財包蔵地,都筑区NO.412,139.57091923,35.5204381,139.570896513501,35.520383884185,10152.4159905648
2017-1430,2017,1430,埋蔵文化財包蔵地,都筑区NO.413,139.57895628,35.52142138,139.578673198246,35.5213946334135,9827.17843125064
2013-1430,2013,1430,埋蔵文化財包蔵地,都筑区NO.414,139.57851125,35.519686125,139.57853033718,35.5196625164568,9687.83812215592
2016-1430,2016,1430,埋蔵文化財包蔵地,都筑区NO.415,139.58211907,35.521551915,139.582098968024,35.5214919061153,9687.15850950372
2015-1430,2015,1430,埋蔵文化財包蔵地,都筑区NO.416,139.58250912,35.52035623,139.582634877538,35.5203523829827,9555.2617328542
2019-1430,2019,1430,埋蔵文化財包蔵地,都筑区NO.417,139.584612065,35.51973381,139.584799360732,35.5195685490137,9397.27653217368
2020-1430,2020,1430,埋蔵文化財包蔵地,都筑区NO.418,139.585281365,35.521171375,139.585256362691,35.5211258837037,9504.4629465343
2021-1430,2021,1430,埋蔵文化財包蔵地,都筑区NO.419,139.58813577,35.521080345,139.588104738621,35.5210682656947,9368.83042754265
1673-1430,1673,1430,埋蔵文化財包蔵地,都筑区NO.42,139.568540385,35.54822261,139.568540983675,35.5482226104199,12870.557643121
2380-1430,2380,1430,埋蔵文化財包蔵地,都筑区NO.420,139.588939015,35.519920875,139.588935456376,35.5199168030208,9220.73431339888
2381-1430,2381,1430,埋蔵文化財包蔵地,都筑区NO.421,139.589851,35.52096327,139.589828751857,35.5209575762353,9283.71178175265
2022-1430,2022,1430,埋蔵文化財包蔵地,都筑区NO.422,139.589379065,35.521494885,139.589383906186,35.5214629562041,9355.99224185834
2382-1430,2382,1430,埋蔵文化財包蔵地,都筑区NO.423,139.592757585,35.521164035,139.592755901062,35.5211718746182,9183.5051935322
2383-1430,2383,1430,埋蔵文化財包蔵地,都筑区NO.423,139.59364556,35.521194685,139.59363631544,35.5211971854899,9151.12458265047
2384-1430,2384,1430,埋蔵文化財包蔵地,都筑区NO.424,139.59601027,35.521446945,139.596028128339,35.5214389962949,9085.07526818705
2385-1430,2385,1430,埋蔵文化財包蔵地,都筑区NO.425,139.59675749,35.52130701,139.596758771619,35.5213027187925,9042.89311963812
2379-1430,2379,1430,埋蔵文化財包蔵地,都筑区NO.426,139.5882315,35.51945904,139.588231212803,35.5194585488933,9206.77334058872
2025-1430,2025,1430,埋蔵文化財包蔵地,都筑区NO.427,139.603475625,35.521162125,139.603435394291,35.5212059889301,8795.18238646754
2024-1430,2024,1430,埋蔵文化財包蔵地,都筑区NO.428,139.604196925,35.52026336,139.604143082274,35.5202467698075,8678.59395038433
2023-1430,2023,1430,埋蔵文化財包蔵地,都筑区NO.429,139.6045057,35.52012227,139.604506067101,35.5201222693105,8654.11304121091
1674-1430,1674,1430,埋蔵文化財包蔵地,都筑区NO.43,139.57196812,35.547729345,139.571857941201,35.5477265369611,12673.6117096452
1675-1430,1675,1430,埋蔵文化財包蔵地,都筑区NO.44,139.574190785,35.54669019,139.574191084669,35.5466899240203,12477.4553181461
1676-1430,1676,1430,埋蔵文化財包蔵地,都筑区NO.45,139.574866055,35.54667318,139.574511119675,35.5466861941473,12447.6393869981
1677-1430,1677,1430,埋蔵文化財包蔵地,都筑区NO.46,139.57558723,35.545733365,139.575595143452,35.5455721921435,12324.7719360664
1640-1430,1640,1430,埋蔵文化財包蔵地,都筑区NO.47,139.579602705,35.5546904,139.579646031274,35.5546766250454,13067.9096882792
1639-1430,1639,1430,埋蔵文化財包蔵地,都筑区NO.48,139.58133169,35.553231555,139.581263899943,35.5532998129699,12856.4495206297
1638-1430,1638,1430,埋蔵文化財包蔵地,都筑区NO.49,139.5844243,35.55333673,139.584520453486,35.5533282544055,12758.4044945212
1620-1430,1620,1430,埋蔵文化財包蔵地,都筑区NO.5,139.5729428,35.565270945,139.573000729842,35.5652940176758,14388.5990940471
1656-1430,1656,1430,埋蔵文化財包蔵地,都筑区NO.50,139.58472208,35.551491785,139.584863154339,35.5514560353624,12558.3463320298
1655-1430,1655,1430,埋蔵文化財包蔵地,都筑区NO.51,139.582788095,35.551080165,139.582735663058,35.5510485714658,12584.3935472612
1654-1430,1654,1430,埋蔵文化財包蔵地,都筑区NO.52,139.58083342,35.55101482,139.580965718956,35.5510876156085,12648.9186185975
1651-1430,1651,1430,埋蔵文化財包蔵地,都筑区NO.53,139.579425975,35.55148225,139.579472182474,35.5514446828745,12748.7694991178
1652-1430,1652,1430,埋蔵文化財包蔵地,都筑区NO.54,139.579343385,35.55072065,139.57930777874,35.5507004698877,12674.8433437999
1653-1430,1653,1430,埋蔵文化財包蔵地,都筑区NO.55,139.57950594,35.549418085,139.579492619353,35.5494950755619,12537.1168847611
1657-1430,1657,1430,埋蔵文化財包蔵地,都筑区NO.56,139.58199469,35.54973322,139.581995321421,35.5497332191052,12475.8804602533
1660-1430,1660,1430,埋蔵文化財包蔵地,都筑区NO.56,139.581778665,35.54972177,139.581784510705,35.5496775329291,12482.6588265388
1668-1430,1668,1430,埋蔵文化財包蔵地,都筑区NO.57,139.580407845,35.54854494,139.58040151942,35.548445621524,12414.643425505
1659-1430,1659,1430,埋蔵文化財包蔵地,都筑区NO.58,139.581731295,35.549031055,139.581738242219,35.5489957178107,12414.2450544563
1658-1430,1658,1430,埋蔵文化財包蔵地,都筑区NO.59,139.582401105,35.549114445,139.582401621532,35.5491144454633,12398.0271021659
468-1430,468,1430,埋蔵文化財包蔵地,都筑区NO.6,139.571857095,35.56373772,139.571857068131,35.5637451607558,14273.9467281968
1661-1430,1661,1430,埋蔵文化財包蔵地,都筑区NO.60,139.583184295,35.5485902,139.583066749995,35.5484977572559,12316.045969192
1662-1430,1662,1430,埋蔵文化財包蔵地,都筑区NO.61,139.58489682,35.547023335,139.584892829283,35.5468579379395,12094.3064698944
1663-1430,1663,1430,埋蔵文化財包蔵地,都筑区NO.62,139.58245212,35.54664763,139.582481388586,35.5466408915661,12145.6692908845
1667-1430,1667,1430,埋蔵文化財包蔵地,都筑区NO.63,139.580776515,35.547298585,139.58093296325,35.5472035662297,12274.7702152029
1666-1430,1666,1430,埋蔵文化財包蔵地,都筑区NO.64,139.580733755,35.546228715,139.580683799904,35.546214549706,12168.5428110577
1665-1430,1665,1430,埋蔵文化財包蔵地,都筑区NO.65,139.579742195,35.545552205,139.579761568994,35.5455530116442,12139.0949092602
1664-1430,1664,1430,埋蔵文化財包蔵地,都筑区NO.66,139.58519713,35.54501838,139.585200169064,35.5450575258651,11878.8937608722
1678-1430,1678,1430,埋蔵文化財包蔵地,都筑区NO.67,139.568776175,35.54608455,139.568736998274,35.546099926429,12652.8251862355
1679-1430,1679,1430,埋蔵文化財包蔵地,都筑区NO.68,139.567865605,35.54483881,139.567892574125,35.5448177552589,12573.8865502949
1681-1430,1681,1430,埋蔵文化財包蔵地,都筑区NO.69,139.560542385,35.548574715,139.560559022038,35.5484891690341,13272.2023301549
1625-1430,1625,1430,埋蔵文化財包蔵地,都筑区NO.7,139.57360259,35.56340293,139.57364440886,35.5634463718653,14174.5171771066
1682-1430,1682,1430,埋蔵文化財包蔵地,都筑区NO.70,139.55909035,35.54816509,139.559086054679,35.5481401931808,13303.5505646983
1683-1430,1683,1430,埋蔵文化財包蔵地,都筑区NO.71,139.557931855,35.547709365,139.557911531599,35.5476496178612,13317.509307848
1680-1430,1680,1430,埋蔵文化財包蔵地,都筑区NO.72,139.562264015,35.54685185,139.562201754746,35.5468023832753,13027.1223699759
1684-1430,1684,1430,埋蔵文化財包蔵地,都筑区NO.73,139.55790153,35.545447335,139.558011706522,35.5453243323787,13108.4575380804
1685-1430,1685,1430,埋蔵文化財包蔵地,都筑区NO.74,139.560895635,35.544488375,139.560882372835,35.5444401732575,12870.79969033
473-1430,473,1430,埋蔵文化財包蔵地,都筑区NO.75,139.585229685,35.56525684,139.585410567584,35.5652596292739,13969.6206383115
474-1430,474,1430,埋蔵文化財包蔵地,都筑区NO.76,139.58661459,35.564843115,139.586614566452,35.5648510666952,13883.9622350835
1686-1430,1686,1430,埋蔵文化財包蔵地,都筑区NO.77,139.589160065,35.5642366,139.589070306403,35.5641085571264,13744.7410160356
1687-1430,1687,1430,埋蔵文化財包蔵地,都筑区NO.78,139.592028355,35.56367562,139.592070394372,35.5635742010304,13604.2229499382
1688-1430,1688,1430,埋蔵文化財包蔵地,都筑区NO.79,139.58957512,35.56201238,139.589791612519,35.56204737426,13498.3696462954
1626-1430,1626,1430,埋蔵文化財包蔵地,都筑区NO.8,139.572815195,35.56233387,139.572776541876,35.5622896477874,14095.779652743
1691-1430,1691,1430,埋蔵文化財包蔵地,都筑区NO.80,139.586931955,35.561329615,139.586781401653,35.5612151181165,13506.3144568138
1693-1430,1693,1430,埋蔵文化財包蔵地,都筑区NO.81,139.584866155,35.55995159,139.584954911543,35.5599316053896,13427.9839344071
1692-1430,1692,1430,埋蔵文化財包蔵地,都筑区NO.82,139.58638589,35.559518795,139.586362628704,35.5595161827062,13334.3159975789
1689-1430,1689,1430,埋蔵文化財包蔵地,都筑区NO.83,139.591310975,35.56080404,139.591305505544,35.5607331071949,13320.7069708711
1690-1430,1690,1430,埋蔵文化財包蔵地,都筑区NO.84,139.59382207,35.55982179,139.593814504309,35.5597220749966,13146.38302881
475-1430,475,1430,埋蔵文化財包蔵地,都筑区NO.85,139.58713098,35.557387835,139.587130954381,35.557396017883,13088.6131677175
1696-1430,1696,1430,埋蔵文化財包蔵地,都筑区NO.86,139.587396885,35.556150945,139.587466333646,35.556191912729,12951.3230445309
1694-1430,1694,1430,埋蔵文化財包蔵地,都筑区NO.87,139.58997893,35.557831105,139.589904560164,35.5577876671461,13046.9040836888
1695-1430,1695,1430,埋蔵文化財包蔵地,都筑区NO.88,139.592736945,35.556747155,139.592696517389,35.5567432670501,12851.7012831943
1706-1430,1706,1430,埋蔵文化財包蔵地,都筑区NO.89,139.59577567,35.55605838,139.59569816463,35.5561570140465,12693.8340194813
1621-1430,1621,1430,埋蔵文化財包蔵地,都筑区NO.9,139.578669275,35.56559972,139.578666460882,35.5655702245882,14218.5472863097
1747-1430,1747,1430,埋蔵文化財包蔵地,都筑区NO.90,139.5975722,35.563147835,139.597164582397,35.5631617290782,13403.1856542778
1742-1430,1742,1430,埋蔵文化財包蔵地,都筑区NO.91,139.596803905,35.560888375,139.596765890541,35.560871102148,13180.8958077635
1741-1430,1741,1430,埋蔵文化財包蔵地,都筑区NO.92,139.600231825,35.56167699,139.600337870392,35.5616610752726,13181.5666417409
476-1430,476,1430,埋蔵文化財包蔵地,都筑区NO.93,139.60096414,35.55851491,139.60096412058,35.5585223513365,12824.6132757134
1705-1430,1705,1430,埋蔵文化財包蔵地,都筑区NO.94,139.597424455,35.55663412,139.597259015918,35.5565288830365,12711.1881298209
1730-1430,1730,1430,埋蔵文化財包蔵地,都筑区NO.95,139.60536993,35.56016313,139.605407906333,35.5601764440543,12905.1413139233
1731-1430,1731,1430,埋蔵文化財包蔵地,都筑区NO.96,139.605235085,35.558567365,139.605175390433,35.5584868370907,12735.15716687
1729-1430,1729,1430,埋蔵文化財包蔵地,都筑区NO.97,139.6031427,35.558428575,139.603106886654,35.558424878658,12765.4001197253
1728-1430,1728,1430,埋蔵文化財包蔵地,都筑区NO.98,139.603997905,35.55695778,139.603862578601,35.5569520786672,12587.8024519601
1732-1430,1732,1430,埋蔵文化財包蔵地,都筑区NO.99,139.606173105,35.557175805,139.606185788775,35.5571828462874,12564.9708973337
732-1430,732,1430,埋蔵文化財包蔵地,金沢区NO.1,139.62686129,35.37435063,139.626840196399,35.3742754697123,8163.59617629095
739-1430,739,1430,埋蔵文化財包蔵地,金沢区NO.10,139.61059696,35.345779945,139.610568158694,35.3457703648359,11547.3495255944
99-1430,99,1430,埋蔵文化財包蔵地,金沢区NO.11,139.61444401,35.347181815,139.614443986462,35.3471900032879,11324.8516318212
97-1430,97,1430,埋蔵文化財包蔵地,金沢区NO.12,139.61444233,35.345549635,139.614442307066,35.345557825552,11503.3153170436
2271-1430,2271,1430,埋蔵文化財包蔵地,金沢区NO.13,139.610755875,35.34257104,139.610723672639,35.3425918118779,11893.3962800833
2272-1430,2272,1430,埋蔵文化財包蔵地,金沢区NO.14,139.61442833,35.3440283,139.614316365889,35.344043519991,11669.9495413804
2273-1430,2273,1430,埋蔵文化財包蔵地,金沢区NO.15,139.61759606,35.34371798,139.617582244167,35.3437008435534,11655.4760374159
98-1430,98,1430,埋蔵文化財包蔵地,金沢区NO.16,139.619380135,35.346526495,139.619380113887,35.3465346788303,11322.1052142152
738-1430,738,1430,埋蔵文化財包蔵地,金沢区NO.17,139.622136775,35.34667538,139.62215760834,35.3467593375167,11271.6408100859
2274-1430,2274,1430,埋蔵文化財包蔵地,金沢区NO.18,139.62306169,35.34341043,139.623064939099,35.343396742412,11622.1665963658
100-1430,100,1430,埋蔵文化財包蔵地,金沢区NO.19,139.62588928,35.360628055,139.625889261172,35.3606358739774,9690.10600245392
95-1430,95,1430,埋蔵文化財包蔵地,金沢区NO.2,139.63086612,35.370670955,139.630866098217,35.3706790064277,8535.90147446734
101-1430,101,1430,埋蔵文化財包蔵地,金沢区NO.20,139.628167635,35.359031215,139.628167614682,35.3590390331239,9846.3116001549
104-1430,104,1430,埋蔵文化財包蔵地,金沢区NO.21,139.62776834,35.357061435,139.627768319253,35.3570694833058,10067.7920010339
102-1430,102,1430,埋蔵文化財包蔵地,金沢区NO.22,139.63094878,35.35804151,139.630948760647,35.3580493246847,9937.17062285273
103-1430,103,1430,埋蔵文化財包蔵地,金沢区NO.23,139.630766415,35.35714445,139.630766392721,35.3571525000942,10037.8026972378
743-1430,743,1430,埋蔵文化財包蔵地,金沢区NO.24,139.625583565,35.354550665,139.625472017637,35.3544071912381,10365.1954194701
105-1430,105,1430,埋蔵文化財包蔵地,金沢区NO.25,139.628179685,35.353806595,139.628179660904,35.3538148823921,10425.2949232905
742-1430,742,1430,埋蔵文化財包蔵地,金沢区NO.26,139.625433785,35.35075695,139.625350130386,35.3503946245532,10786.3226421704
741-1430,741,1430,埋蔵文化財包蔵地,金沢区NO.27,139.62685121,35.34684756,139.626867672469,35.3470721836592,11206.9253607412
106-1430,106,1430,埋蔵文化財包蔵地,金沢区NO.28,139.628940425,35.348877125,139.628940405502,35.3488845674685,10966.6323867359
107-1430,107,1430,埋蔵文化財包蔵地,金沢区NO.29,139.633738655,35.349078665,139.633738637921,35.3490867143402,10921.1574148892
733-1430,733,1430,埋蔵文化財包蔵地,金沢区NO.3,139.635986895,35.370103835,139.635959133124,35.3701032734019,8577.64123318111
108-1430,108,1430,埋蔵文化財包蔵地,金沢区NO.30,139.630647875,35.34389879,139.630647858693,35.3439062349194,11509.3568137443
740-1430,740,1430,埋蔵文化財包蔵地,金沢区NO.31,139.642989865,35.344994705,139.643009390157,35.3450722823732,11379.3256877172
110-1430,110,1430,埋蔵文化財包蔵地,金沢区NO.32,139.611925645,35.34094108,139.611925625968,35.3409485206509,12049.8619505409
754-1430,754,1430,埋蔵文化財包蔵地,金沢区NO.33,139.61335496,35.341054475,139.613270315801,35.341029844185,12012.9737499276
2285-1430,2285,1430,埋蔵文化財包蔵地,金沢区NO.34,139.610241345,35.33663702,139.610230337248,35.3366595278343,12549.3258928174
2286-1430,2286,1430,埋蔵文化財包蔵地,金沢区NO.35,139.611380955,35.337701745,139.611322125449,35.337635427857,12412.966176666
2287-1430,2287,1430,埋蔵文化財包蔵地,金沢区NO.36,139.608642135,35.33900546,139.608642441182,35.3390033035495,12321.4269769209
2288-1430,2288,1430,埋蔵文化財包蔵地,金沢区NO.36,139.61006762,35.33917769,139.610062805604,35.3391804646697,12275.6590201763
2289-1430,2289,1430,埋蔵文化財包蔵地,金沢区NO.36,139.61090258,35.339532075,139.610899404758,35.3395258768802,12221.7804825436
755-1430,755,1430,埋蔵文化財包蔵地,金沢区NO.37,139.623171595,35.34168197,139.623179878097,35.3417269846692,11812.0860007262
2283-1430,2283,1430,埋蔵文化財包蔵地,金沢区NO.38,139.60447942,35.33269473,139.604371993394,35.3326855118209,13089.7759539409
747-1430,747,1430,埋蔵文化財包蔵地,金沢区NO.39,139.60389351,35.3313903,139.603535237435,35.3314262518786,13243.229221824
2269-1430,2269,1430,埋蔵文化財包蔵地,金沢区NO.4,139.63785911,35.36931164,139.637852747765,35.3693079787206,8664.28295185671
746-1430,746,1430,埋蔵文化財包蔵地,金沢区NO.40,139.60025431,35.332432735,139.600263098837,35.3323974498654,13211.4112558487
745-1430,745,1430,埋蔵文化財包蔵地,金沢区NO.41,139.595757435,35.326517365,139.594761335073,35.3267682283262,13953.9593277243
2275-1430,2275,1430,埋蔵文化財包蔵地,金沢区NO.42,139.596220445,35.32385663,139.596247731683,35.3238641623802,14227.8026924019
2276-1430,2276,1430,埋蔵文化財包蔵地,金沢区NO.42,139.59785929,35.32378406,139.597854898401,35.3238044780414,14197.0423001795
2277-1430,2277,1430,埋蔵文化財包蔵地,金沢区NO.42,139.59925465,35.324454135,139.599299797458,35.3245223696821,14093.1334656464
744-1430,744,1430,埋蔵文化財包蔵地,金沢区NO.42,139.597515315,35.323118965,139.598209507957,35.3234361362065,14276.5345065004
2280-1430,2280,1430,埋蔵文化財包蔵地,金沢区NO.43,139.60606772,35.32716462,139.606062008118,35.327189080646,13658.1777858895
2278-1430,2278,1430,埋蔵文化財包蔵地,金沢区NO.44,139.60308754,35.32636256,139.6026634082,35.3262706899937,13804.3688173216
748-1430,748,1430,埋蔵文化財包蔵地,金沢区NO.45,139.610502235,35.32595588,139.610474110977,35.3259632437249,13711.6197522947
2281-1430,2281,1430,埋蔵文化財包蔵地,金沢区NO.46,139.612853965,35.325824445,139.612856525607,35.3258194303894,13689.2627318334
2282-1430,2282,1430,埋蔵文化財包蔵地,金沢区NO.47,139.615587295,35.325404875,139.615598968709,35.3253830929244,13696.7879624362
109-1430,109,1430,埋蔵文化財包蔵地,金沢区NO.48,139.622563585,35.33146934,139.622563565697,35.3314767801829,12947.4274647486
753-1430,753,1430,埋蔵文化財包蔵地,金沢区NO.49,139.62409812,35.329035545,139.623874762241,35.3290412040889,13202.9135984405
96-1430,96,1430,埋蔵文化財包蔵地,金沢区NO.5,139.637475325,35.3682343,139.63747530579,35.3682423515942,8784.16221636929
751-1430,751,1430,埋蔵文化財包蔵地,金沢区NO.50,139.62368642,35.32615607,139.623730318936,35.326133158398,13525.3302001583
750-1430,750,1430,埋蔵文化財包蔵地,金沢区NO.51,139.62385161,35.32486983,139.623855585529,35.3248581705216,13666.3999563336
752-1430,752,1430,埋蔵文化財包蔵地,金沢区NO.52,139.619976115,35.326999815,139.620438177393,35.3269055926003,13467.9591795928
749-1430,749,1430,埋蔵文化財包蔵地,金沢区NO.53,139.613452335,35.32117518,139.613597709832,35.3211359844968,14191.1366731615
2400-1430,2400,1430,埋蔵文化財包蔵地,金沢区NO.54,139.631930495,35.34072811,139.631923862579,35.3406920800735,11855.8029807415
111-1430,111,1430,埋蔵文化財包蔵地,金沢区NO.55,139.633268395,35.341028385,139.633268380579,35.3410347674471,11817.6420781206
759-1430,759,1430,埋蔵文化財包蔵地,金沢区NO.56,139.632339095,35.33821195,139.632153447399,35.3382816448714,12133.8894554229
112-1430,112,1430,埋蔵文化財包蔵地,金沢区NO.57,139.63085697,35.335780645,139.63085695183,35.3357880871212,12410.1819036509
113-1430,113,1430,埋蔵文化財包蔵地,金沢区NO.58,139.62971777,35.334032875,139.629717752313,35.3340400910031,12609.909958434
758-1430,758,1430,埋蔵文化財包蔵地,金沢区NO.59,139.62522236,35.325735945,139.625347082046,35.3257106062886,13559.4943343868
735-1430,735,1430,埋蔵文化財包蔵地,金沢区NO.6,139.616078945,35.35985171,139.616034674351,35.359816183023,9913.17879260012
756-1430,756,1430,埋蔵文化財包蔵地,金沢区NO.60,139.639239315,35.324188595,139.639106037246,35.3240345991772,13684.6647689474
757-1430,757,1430,埋蔵文化財包蔵地,金沢区NO.61,139.63124367,35.321287885,139.631223649663,35.3212407795667,14019.1041348462
761-1430,761,1430,埋蔵文化財包蔵地,金沢区NO.62,139.60723925,35.312773715,139.607176984049,35.312763093795,15207.3749622467
762-1430,762,1430,埋蔵文化財包蔵地,金沢区NO.63,139.628270295,35.316704115,139.628108854224,35.3169539887241,14542.0232161697
2284-1430,2284,1430,埋蔵文化財包蔵地,金沢区NO.64,139.61755039,35.320446855,139.617646219022,35.3204167153893,14218.6100988447
2290-1430,2290,1430,埋蔵文化財包蔵地,金沢区NO.65,139.6332478,35.322075265,139.633250543287,35.3220749181505,13925.0828461036
736-1430,736,1430,埋蔵文化財包蔵地,金沢区NO.7,139.610046855,35.354909645,139.610056820229,35.3548884188837,10568.9981566492
737-1430,737,1430,埋蔵文化財包蔵地,金沢区NO.8,139.619247455,35.3519084,139.619202633188,35.3518548167259,10732.1364296884
2270-1430,2270,1430,埋蔵文化財包蔵地,金沢区NO.9,139.60841428,35.345556435,139.60843926648,35.3454347024808,11615.3200026775
734-1430,734,1430,埋蔵文化財包蔵地,金沢区NO.C-2,139.63943771,35.366152155,139.639440698553,35.3660897392604,9017.04942723817
2279-1430,2279,1430,埋蔵文化財包蔵地,金沢区NO.C-5,139.60509083,35.326628895,139.605101353102,35.3266204565318,13735.2545371395
760-1430,760,1430,埋蔵文化財包蔵地,金沢区NO.C-7,139.633641025,35.340882045,139.633531840982,35.3413610460217,11832.8007059447
1279-1430,1279,1430,埋蔵文化財包蔵地,青葉区NO.1,139.530612865,35.587781015,139.530637460871,35.5877268781821,18408.33406167
1287-1430,1287,1430,埋蔵文化財包蔵地,青葉区NO.10,139.545244765,35.58724193,139.545253722908,35.5872156035006,17691.8769106447
2336-1430,2336,1430,埋蔵文化財包蔵地,青葉区NO.100,139.495842575,35.551308685,139.495844380754,35.5513042536682,17307.2308934326
331-1430,331,1430,埋蔵文化財包蔵地,青葉区NO.101,139.497394195,35.549760995,139.497394161295,35.5497685336596,17087.5560209058
329-1430,329,1430,埋蔵文化財包蔵地,青葉区NO.102,139.49912843,35.550688005,139.499128397791,35.5506959001222,17040.3890734404
330-1430,330,1430,埋蔵文化財包蔵地,青葉区NO.103,139.501558635,35.550037855,139.501558601693,35.5500457003962,16829.4243999346
1318-1430,1318,1430,埋蔵文化財包蔵地,青葉区NO.104,139.49507685,35.545189355,139.495124474998,35.5451572369733,16912.2604530979
1350-1430,1350,1430,埋蔵文化財包蔵地,青葉区NO.105,139.518551925,35.564884455,139.518647163733,35.5648595108888,16973.624702669
1351-1430,1351,1430,埋蔵文化財包蔵地,青葉区NO.106,139.52095114,35.56588245,139.520855639758,35.5658200249012,16922.557427697
2341-1430,2341,1430,埋蔵文化財包蔵地,青葉区NO.107,139.52171441,35.56522475,139.521719714283,35.5652255690761,16822.2063437307
361-1430,361,1430,埋蔵文化財包蔵地,青葉区NO.108,139.52555128,35.566002375,139.525551250144,35.5660103163051,16675.5347112078
1354-1430,1354,1430,埋蔵文化財包蔵地,青葉区NO.109,139.531720995,35.565994825,139.531827894169,35.5660070826708,16339.9193655494
1288-1430,1288,1430,埋蔵文化財包蔵地,青葉区NO.11,139.544684585,35.58633108,139.544708442251,35.5863124521869,17626.9484281821
1353-1430,1353,1430,埋蔵文化財包蔵地,青葉区NO.110,139.5315444,35.56364837,139.531423710876,35.5635637971374,16139.0658127234
1355-1430,1355,1430,埋蔵文化財包蔵地,青葉区NO.111,139.53577878,35.565874005,139.53580753928,35.5656062050447,16115.3890736198
369-1430,369,1430,埋蔵文化財包蔵地,青葉区NO.112,139.54214348,35.566458075,139.542143450723,35.5664655198823,15846.0502628433
370-1430,370,1430,埋蔵文化財包蔵地,青葉区NO.113,139.541511295,35.565868385,139.541511270815,35.5658758247509,15822.6751509603
1356-1430,1356,1430,埋蔵文化財包蔵地,青葉区NO.114,139.540656905,35.56236997,139.540651473909,35.5622402117944,15543.1475164878
367-1430,367,1430,埋蔵文化財包蔵地,青葉区NO.115,139.54236554,35.563605305,139.542365513742,35.5636127467563,15570.1230802848
366-1430,366,1430,埋蔵文化財包蔵地,青葉区NO.116,139.543622965,35.563990545,139.543622938598,35.5639979900461,15542.9519315307
365-1430,365,1430,埋蔵文化財包蔵地,青葉区NO.117,139.54468334,35.564244015,139.544683313614,35.5642515845757,15514.0769921031
364-1430,364,1430,埋蔵文化財包蔵地,青葉区NO.118,139.545948845,35.564846455,139.545948815757,35.5648545340479,15508.5421642197
1319-1430,1319,1430,埋蔵文化財包蔵地,青葉区NO.119,139.509142725,35.562383235,139.509168963393,35.5623695694116,17321.8313244887
1289-1430,1289,1430,埋蔵文化財包蔵地,青葉区NO.12,139.54603636,35.58586901,139.546035153698,35.5858239621943,17523.3903332202
1320-1430,1320,1430,埋蔵文化財包蔵地,青葉区NO.120,139.51184999,35.56092115,139.511900496657,35.5608497331657,17036.5740277349
332-1430,332,1430,埋蔵文化財包蔵地,青葉区NO.121,139.510576165,35.560011605,139.510576132557,35.5600199461199,17039.4424560865
1349-1430,1349,1430,埋蔵文化財包蔵地,青葉区NO.122,139.52130466,35.561616515,139.521149339647,35.5616738450494,16534.4880974616
1348-1430,1348,1430,埋蔵文化財包蔵地,青葉区NO.123,139.526501915,35.560412365,139.526462790168,35.5603818462939,16133.1247663999
2342-1430,2342,1430,埋蔵文化財包蔵地,青葉区NO.124,139.52732617,35.56108413,139.527345672284,35.5610851806382,16145.1249471393
1347-1430,1347,1430,埋蔵文化財包蔵地,青葉区NO.125,139.527720835,35.560121775,139.527699275666,35.5601084863613,16038.9900873864
1346-1430,1346,1430,埋蔵文化財包蔵地,青葉区NO.126,139.528822805,35.55984478,139.528854877271,35.5597638002651,15952.8754166433
1352-1430,1352,1430,埋蔵文化財包蔵地,青葉区NO.127,139.53088452,35.56182829,139.530883059832,35.5618018855468,16013.0945377394
1345-1430,1345,1430,埋蔵文化財包蔵地,青葉区NO.128,139.530633095,35.558371985,139.530626448609,35.5583435992079,15722.6738056935
1343-1430,1343,1430,埋蔵文化財包蔵地,青葉区NO.129,139.530356635,35.557204395,139.530356108641,35.5571772786703,15636.2892555207
1276-1430,1276,1430,埋蔵文化財包蔵地,青葉区NO.13,139.538260445,35.58408651,139.538294453157,35.5840343376607,17697.5065081354
1344-1430,1344,1430,埋蔵文化財包蔵地,青葉区NO.130,139.531383585,35.55702988,139.531298235552,35.5570165343446,15563.282962923
1342-1430,1342,1430,埋蔵文化財包蔵地,青葉区NO.131,139.534353335,35.55782594,139.534518620794,35.5573569159952,15468.3977937331
368-1430,368,1430,埋蔵文化財包蔵地,青葉区NO.132,139.54596719,35.56162221,139.545967161763,35.5616299186307,15206.1496911734
1374-1430,1374,1430,埋蔵文化財包蔵地,青葉区NO.133,139.54615835,35.560269175,139.54617637991,35.5602829187304,15070.8236933726
1364-1430,1364,1430,埋蔵文化財包蔵地,青葉区NO.134,139.544693755,35.55787877,139.544596042901,35.5579768501225,14924.1959789006
1360-1430,1360,1430,埋蔵文化財包蔵地,青葉区NO.135,139.544782345,35.558390715,139.544782747661,35.5583907181901,14966.6961150885
1361-1430,1361,1430,埋蔵文化財包蔵地,青葉区NO.136,139.541948015,35.559332435,139.542019332056,35.5592808704319,15198.6552059392
1357-1430,1357,1430,埋蔵文化財包蔵地,青葉区NO.137,139.542657285,35.5594402,139.542657788087,35.5594403507359,15171.8926325886
1363-1430,1363,1430,埋蔵文化財包蔵地,青葉区NO.138,139.54436338,35.558956635,139.544344682005,35.5589066288229,15040.1038660736
2346-1430,2346,1430,埋蔵文化財包蔵地,青葉区NO.139,139.54302424,35.559187115,139.543001915155,35.5592749958985,15129.8353705611
1275-1430,1275,1430,埋蔵文化財包蔵地,青葉区NO.14,139.53671347,35.582889035,139.536714132778,35.5828890360776,17655.3120558651
2347-1430,2347,1430,埋蔵文化財包蔵地,青葉区NO.140,139.54314892,35.558769375,139.543157808139,35.558746992607,15085.1673306276
2348-1430,2348,1430,埋蔵文化財包蔵地,青葉区NO.141,139.543173,35.558381405,139.543157159921,35.558320193409,15048.4325808519
1362-1430,1362,1430,埋蔵文化財包蔵地,青葉区NO.142,139.54266078,35.55861644,139.542639363272,35.5585454425028,15096.3814592688
1358-1430,1358,1430,埋蔵文化財包蔵地,青葉区NO.143,139.542604355,35.558798555,139.542604642829,35.558798556825,15115.9364486117
1359-1430,1359,1430,埋蔵文化財包蔵地,青葉区NO.144,139.54266533,35.558465095,139.542665674108,35.5584650968885,15082.3252834468
1369-1430,1369,1430,埋蔵文化財包蔵地,青葉区NO.145,139.542737335,35.55755658,139.542724210346,35.5575308336405,14995.7414393955
1370-1430,1370,1430,埋蔵文化財包蔵地,青葉区NO.146,139.54228749,35.55755213,139.542283687767,35.557547154931,15018.7832881898
1366-1430,1366,1430,埋蔵文化財包蔵地,青葉区NO.147,139.543020245,35.55706088,139.543020746946,35.5570608814336,14935.8761146193
1371-1430,1371,1430,埋蔵文化財包蔵地,青葉区NO.148,139.543072655,35.556323265,139.542897808882,35.5563313979334,14866.0629719349
1367-1430,1367,1430,埋蔵文化財包蔵地,青葉区NO.149,139.54275384,35.556241995,139.542754301274,35.5562419954542,14875.3843574266
1274-1430,1274,1430,埋蔵文化財包蔵地,青葉区NO.15,139.540902235,35.581780425,139.540891225811,35.581771052521,17354.9439373968
1368-1430,1368,1430,埋蔵文化財包蔵地,青葉区NO.150,139.54364701,35.55579519,139.543647442223,35.5557951887143,14788.0495606859
1372-1430,1372,1430,埋蔵文化財包蔵地,青葉区NO.151,139.54392886,35.555187565,139.543925624403,35.5551654063545,14718.1077745374
2344-1430,2344,1430,埋蔵文化財包蔵地,青葉区NO.152,139.54472375,35.555593735,139.544717765857,35.5555707169906,14713.6172563453
1365-1430,1365,1430,埋蔵文化財包蔵地,青葉区NO.153,139.54616095,35.55667284,139.546230089849,35.5566913414186,14738.4163420635
1341-1430,1341,1430,埋蔵文化財包蔵地,青葉区NO.154,139.539949935,35.555767675,139.539961130088,35.5557346709484,14981.3078398589
1340-1430,1340,1430,埋蔵文化財包蔵地,青葉区NO.155,139.537516125,35.55523448,139.5376315225,35.5552113198625,15065.4856774476
362-1430,362,1430,埋蔵文化財包蔵地,青葉区NO.156,139.54070251,35.553517645,139.540702479557,35.5535258493667,14739.4527500383
2345-1430,2345,1430,埋蔵文化財包蔵地,青葉区NO.157,139.543143725,35.554031225,139.54319354452,35.5541631811776,14654.8129010368
363-1430,363,1430,埋蔵文化財包蔵地,青葉区NO.158,139.54532471,35.553444615,139.545324683148,35.5534529499153,14486.7648174685
1321-1430,1321,1430,埋蔵文化財包蔵地,青葉区NO.159,139.51467776,35.55800227,139.5146488317,35.5580174825921,16623.8328473048
299-1430,299,1430,埋蔵文化財包蔵地,青葉区NO.16,139.53792155,35.579611325,139.537921519253,35.5796188746897,17287.0374769649
1322-1430,1322,1430,埋蔵文化財包蔵地,青葉区NO.160,139.51559225,35.557990695,139.515591934691,35.5579189492304,16567.383035044
1323-1430,1323,1430,埋蔵文化財包蔵地,青葉区NO.161,139.516999815,35.557162065,139.516993027022,35.5571420169863,16413.5974668234
1324-1430,1324,1430,埋蔵文化財包蔵地,青葉区NO.162,139.519342095,35.556351565,139.519391547841,35.5563699574003,16205.168575678
1325-1430,1325,1430,埋蔵文化財包蔵地,青葉区NO.163,139.51923159,35.555567385,139.519204184562,35.5555101691196,16146.5633776868
333-1430,333,1430,埋蔵文化財包蔵地,青葉区NO.164,139.52173447,35.555564035,139.521734442144,35.5555714747606,15996.2898559502
1326-1430,1326,1430,埋蔵文化財包蔵地,青葉区NO.165,139.523379505,35.556293515,139.523381194734,35.5562935179172,15960.3179382014
334-1430,334,1430,埋蔵文化財包蔵地,青葉区NO.166,139.520604485,35.55428825,139.520604455391,35.5542956922758,15957.5506671994
335-1430,335,1430,埋蔵文化財包蔵地,青葉区NO.167,139.52346347,35.5546504,139.523463439363,35.5546578430546,15816.7828626131
1327-1430,1327,1430,埋蔵文化財包蔵地,青葉区NO.168,139.52463908,35.554904745,139.524639542076,35.5549047451737,15768.7106186858
1329-1430,1329,1430,埋蔵文化財包蔵地,青葉区NO.169,139.523237215,35.55364244,139.523249007161,35.5535712894853,15745.7167224437
1269-1430,1269,1430,埋蔵文化財包蔵地,青葉区NO.17,139.54090457,35.578277965,139.540892730671,35.57836349222,17019.8456718677
336-1430,336,1430,埋蔵文化財包蔵地,青葉区NO.170,139.52447794,35.554340645,139.524477908051,35.5543480860509,15730.6056161824
1328-1430,1328,1430,埋蔵文化財包蔵地,青葉区NO.171,139.52614365,35.55399594,139.526148816305,35.5539693385675,15603.2934667975
341-1430,341,1430,埋蔵文化財包蔵地,青葉区NO.172,139.522938845,35.552660185,139.522938816418,35.5526679990423,15681.6328772833
1330-1430,1330,1430,埋蔵文化財包蔵地,青葉区NO.173,139.52509591,35.552394485,139.525127185386,35.5523477211616,15530.3266557761
344-1430,344,1430,埋蔵文化財包蔵地,青葉区NO.174,139.52643511,35.551506385,139.526435078559,35.5515148262434,15376.1158891774
345-1430,345,1430,埋蔵文化財包蔵地,青葉区NO.175,139.52747619,35.55181187,139.527476161346,35.5518198456963,15340.1457802629
1331-1430,1331,1430,埋蔵文化財包蔵地,青葉区NO.176,139.52805753,35.55263165,139.528084693488,35.5526198744314,15375.3314149444
346-1430,346,1430,埋蔵文化財包蔵地,青葉区NO.177,139.528565335,35.551653735,139.528565308707,35.5516617794409,15262.6268064809
348-1430,348,1430,埋蔵文化財包蔵地,青葉区NO.178,139.509831405,35.54907144,139.509831371901,35.5490796255057,16212.2167833627
349-1430,349,1430,埋蔵文化財包蔵地,青葉区NO.179,139.51106529,35.54859572,139.51106526058,35.548603907953,16095.311562643
1272-1430,1272,1430,埋蔵文化財包蔵地,青葉区NO.18,139.54504495,35.578015075,139.545087063504,35.5780769121354,16804.0841187489
350-1430,350,1430,埋蔵文化財包蔵地,青葉区NO.180,139.517576005,35.54995343,139.517575972615,35.5499612454442,15788.8853872522
351-1430,351,1430,埋蔵文化財包蔵地,青葉区NO.181,139.51829482,35.54855465,139.518294791975,35.5485624663558,15631.4048678537
352-1430,352,1430,埋蔵文化財包蔵地,青葉区NO.182,139.518797515,35.54780442,139.518797485148,35.5478122311823,15539.669913396
337-1430,337,1430,埋蔵文化財包蔵地,青葉区NO.183,139.519969005,35.54990051,139.519968974599,35.5499087188535,15635.7772610067
338-1430,338,1430,埋蔵文化財包蔵地,青葉区NO.184,139.52100693,35.550672675,139.5210068973,35.550680487597,15634.8500586803
339-1430,339,1430,埋蔵文化財包蔵地,青葉区NO.185,139.521462665,35.551463115,139.521462637462,35.5514709320226,15671.9003120042
340-1430,340,1430,埋蔵文化財包蔵地,青葉区NO.186,139.523256745,35.55146002,139.523256713426,35.5514678353861,15562.7724609586
342-1430,342,1430,埋蔵文化財包蔵地,青葉区NO.187,139.52394454,35.55089871,139.523944509192,35.5509065282085,15474.6757421248
343-1430,343,1430,埋蔵文化財包蔵地,青葉区NO.188,139.523143475,35.55001833,139.523143444655,35.5500261437927,15450.5102128436
1332-1430,1332,1430,埋蔵文化財包蔵地,青葉区NO.189,139.52418926,35.548097045,139.524047856686,35.5480268169734,15228.7420338103
1273-1430,1273,1430,埋蔵文化財包蔵地,青葉区NO.19,139.546097555,35.578445185,139.546080768172,35.5784011053805,16798.1653871632
347-1430,347,1430,埋蔵文化財包蔵地,青葉区NO.190,139.52902341,35.5504824,139.529023382859,35.550490585869,15136.595095866
358-1430,358,1430,埋蔵文化財包蔵地,青葉区NO.191,139.53062508,35.55092986,139.53062504816,35.5509380472271,15080.5635495383
359-1430,359,1430,埋蔵文化財包蔵地,青葉区NO.192,139.531541485,35.55092837,139.531541455692,35.5509365543134,15027.105150117
360-1430,360,1430,埋蔵文化財包蔵地,青葉区NO.193,139.53126069,35.5495662,139.531260659773,35.5495743878835,14927.4928300501
1333-1430,1333,1430,埋蔵文化財包蔵地,青葉区NO.194,139.5333159,35.54943211,139.533297746611,35.5493826164744,14796.288366567
1334-1430,1334,1430,埋蔵文化財包蔵地,青葉区NO.195,139.53400802,35.548417825,139.533995711228,35.5483911593227,14669.4548934889
357-1430,357,1430,埋蔵文化財包蔵地,青葉区NO.196,139.53105966,35.54856429,139.531059630388,35.5485724766789,14854.489060834
356-1430,356,1430,埋蔵文化財包蔵地,青葉区NO.197,139.529300905,35.548281025,139.529300874971,35.5482892080819,14934.9868651315
2339-1430,2339,1430,埋蔵文化財包蔵地,青葉区NO.198,139.532078935,35.546611925,139.532078087849,35.5466255348373,14629.655354174
1335-1430,1335,1430,埋蔵文化財包蔵地,青葉区NO.199,139.53466624,35.546590485,139.534779000593,35.5466199888234,14475.4275924833
1280-1430,1280,1430,埋蔵文化財包蔵地,青葉区NO.2,139.532553155,35.588272425,139.532597759662,35.5882234045502,18362.8949519434
300-1430,300,1430,埋蔵文化財包蔵地,青葉区NO.20,139.5418004,35.575977405,139.541800372703,35.5759851352464,16758.823722783
353-1430,353,1430,埋蔵文化財包蔵地,青葉区NO.200,139.52323903,35.546784425,139.523238999568,35.5467922412079,15180.1759475477
354-1430,354,1430,埋蔵文化財包蔵地,青葉区NO.201,139.522728705,35.545407915,139.522728676704,35.5454153564507,15100.6714987536
355-1430,355,1430,埋蔵文化財包蔵地,青葉区NO.202,139.52144163,35.544466935,139.521441601869,35.5444743765478,15106.2653785796
1373-1430,1373,1430,埋蔵文化財包蔵地,青葉区NO.203,139.54383754,35.55216981,139.543794552438,35.5521148907579,14450.2615461135
374-1430,374,1430,埋蔵文化財包蔵地,青葉区NO.204,139.54433616,35.550912845,139.544336132836,35.5509208165438,14310.7164749339
371-1430,371,1430,埋蔵文化財包蔵地,青葉区NO.205,139.541141965,35.550612515,139.541141937932,35.550620747216,14457.244160286
372-1430,372,1430,埋蔵文化財包蔵地,青葉区NO.206,139.541913625,35.550161135,139.541913597567,35.5501693030213,14374.9564417328
373-1430,373,1430,埋蔵文化財包蔵地,青葉区NO.207,139.54217647,35.549056515,139.54217644021,35.5490647047761,14262.7538123779
1339-1430,1339,1430,埋蔵文化財包蔵地,青葉区NO.208,139.54300088,35.547846545,139.542974591182,35.5477866098302,14110.4593942586
1338-1430,1338,1430,埋蔵文化財包蔵地,青葉区NO.209,139.54482933,35.54493861,139.544771193687,35.5448078779924,13753.0774578734
1270-1430,1270,1430,埋蔵文化財包蔵地,青葉区NO.21,139.541780085,35.57512538,139.541795675583,35.5751951507255,16678.8302443592
1336-1430,1336,1430,埋蔵文化財包蔵地,青葉区NO.210,139.54389982,35.545996815,139.543900252683,35.5459968185007,13897.7298474729
1337-1430,1337,1430,埋蔵文化財包蔵地,青葉区NO.211,139.543935025,35.545420615,139.54393549335,35.5454206144185,13845.1324368468
2343-1430,2343,1430,埋蔵文化財包蔵地,青葉区NO.212,139.543522775,35.55522858,139.543522572606,35.5552250698924,14743.1183449851
1427-1430,1427,1430,埋蔵文化財包蔵地,青葉区NO.213,139.560626745,35.56650405,139.560731088388,35.5664729930751,15000.3779274242
1426-1430,1426,1430,埋蔵文化財包蔵地,青葉区NO.214,139.548293715,35.563908455,139.54829900194,35.563853471783,15306.9759451334
375-1430,375,1430,埋蔵文化財包蔵地,青葉区NO.215,139.5507955,35.566445045,139.550795472709,35.5664527898707,15430.0310129814
376-1430,376,1430,埋蔵文化財包蔵地,青葉区NO.216,139.553815635,35.565550955,139.553815607971,35.565558695124,15205.850700763
1425-1430,1425,1430,埋蔵文化財包蔵地,青葉区NO.217,139.5518947,35.56390832,139.551926998796,35.5638348454906,15136.6490726531
1424-1430,1424,1430,埋蔵文化財包蔵地,青葉区NO.218,139.55113276,35.562253775,139.551219005094,35.5621073122509,15015.0524802472
377-1430,377,1430,埋蔵文化財包蔵地,青葉区NO.219,139.5533772,35.561840645,139.553377173766,35.5618489684346,14870.2840704757
2330-1430,2330,1430,埋蔵文化財包蔵地,青葉区NO.22,139.54012467,35.57421786,139.540141752468,35.5742146411829,16671.8985206664
378-1430,378,1430,埋蔵文化財包蔵地,青葉区NO.220,139.554729265,35.563867605,139.554729238304,35.5638750463987,15002.2980430837
379-1430,379,1430,埋蔵文化財包蔵地,青葉区NO.221,139.555389035,35.56444151,139.55538900642,35.56444932171,15027.7785484017
381-1430,381,1430,埋蔵文化財包蔵地,青葉区NO.222,139.557431715,35.56490728,139.557431691421,35.5649150935482,14981.9614569141
380-1430,380,1430,埋蔵文化財包蔵地,青葉区NO.223,139.55644384,35.56407962,139.55644381478,35.5640874371649,14945.489406894
382-1430,382,1430,埋蔵文化財包蔵地,青葉区NO.224,139.55794918,35.56429648,139.55794915252,35.5643042933392,14899.7892848446
1410-1430,1410,1430,埋蔵文化財包蔵地,青葉区NO.225,139.556798395,35.56242924,139.556792806655,35.5623216195011,14770.048616518
1409-1430,1409,1430,埋蔵文化財包蔵地,青葉区NO.226,139.557665475,35.56290772,139.557691901483,35.5628861095607,14777.5177516799
1408-1430,1408,1430,埋蔵文化財包蔵地,青葉区NO.227,139.55905776,35.56341471,139.559040292608,35.5633390793591,14765.3166074492
1406-1430,1406,1430,埋蔵文化財包蔵地,青葉区NO.228,139.561016665,35.562996835,139.560992157271,35.5629652884416,14639.4693254133
1404-1430,1404,1430,埋蔵文化財包蔵地,青葉区NO.229,139.563139405,35.56307489,139.563122803547,35.5630715956132,14556.7588681826
301-1430,301,1430,埋蔵文化財包蔵地,青葉区NO.23,139.543623165,35.57524292,139.5436231395,35.5752495692597,16603.5570806361
1407-1430,1407,1430,埋蔵文化財包蔵地,青葉区NO.230,139.564216765,35.564642225,139.564226975045,35.5646319556018,14666.7669477424
1403-1430,1403,1430,埋蔵文化財包蔵地,青葉区NO.231,139.564667085,35.56269877,139.564684181077,35.5628221563878,14455.7626563726
1401-1430,1401,1430,埋蔵文化財包蔵地,青葉区NO.232,139.56457418,35.562161755,139.564574566811,35.5621617554806,14406.5618610655
1400-1430,1400,1430,埋蔵文化財包蔵地,青葉区NO.233,139.56388702,35.56181102,139.563887387964,35.5618110228188,14400.7773739477
1402-1430,1402,1430,埋蔵文化財包蔵地,青葉区NO.234,139.565790885,35.563096055,139.565785186795,35.5630635515751,14448.807454648
383-1430,383,1430,埋蔵文化財包蔵地,青葉区NO.235,139.56553604,35.56034236,139.565536012136,35.5603503876037,14186.7646637231
1399-1430,1399,1430,埋蔵文化財包蔵地,青葉区NO.236,139.562710485,35.56014519,139.562626917112,35.5601003307208,14287.4044244824
1398-1430,1398,1430,埋蔵文化財包蔵地,青葉区NO.237,139.562908835,35.560507445,139.562909308928,35.5605074457173,14314.331941798
1405-1430,1405,1430,埋蔵文化財包蔵地,青葉区NO.238,139.56196678,35.56173359,139.56186822864,35.5617842527814,14474.9075091712
1423-1430,1423,1430,埋蔵文化財包蔵地,青葉区NO.239,139.54814216,35.561881375,139.548112756511,35.5618625707997,15123.5423949653
1271-1430,1271,1430,埋蔵文化財包蔵地,青葉区NO.24,139.54550278,35.57422902,139.545433838801,35.5742078276714,16419.509708429
1421-1430,1421,1430,埋蔵文化財包蔵地,青葉区NO.240,139.549443135,35.560091745,139.549414813847,35.5600287095636,14892.2836765557
1420-1430,1420,1430,埋蔵文化財包蔵地,青葉区NO.241,139.54847728,35.55768019,139.548424545214,35.5575595370565,14714.6943343537
1422-1430,1422,1430,埋蔵文化財包蔵地,青葉区NO.242,139.551990385,35.560345255,139.551990887158,35.5603452569979,14793.4987974681
1413-1430,1413,1430,埋蔵文化財包蔵地,青葉区NO.243,139.55842257,35.56095507,139.558506807769,35.561002494064,14554.6766198584
1411-1430,1411,1430,埋蔵文化財包蔵地,青葉区NO.244,139.557867335,35.5613205,139.557867854904,35.5613205046101,14614.8975692942
1414-1430,1414,1430,埋蔵文化財包蔵地,青葉区NO.245,139.556903645,35.560470915,139.556965329228,35.5604396101035,14576.5744941155
1412-1430,1412,1430,埋蔵文化財包蔵地,青葉区NO.246,139.556964055,35.56043079,139.55696457623,35.5604307916267,14569.9639967196
2350-1430,2350,1430,埋蔵文化財包蔵地,青葉区NO.247,139.556943495,35.560096,139.557044218588,35.5599950196929,14538.7144864404
2351-1430,2351,1430,埋蔵文化財包蔵地,青葉区NO.247,139.556896095,35.559862715,139.557025305992,35.5597530861531,14518.46893259
1415-1430,1415,1430,埋蔵文化財包蔵地,青葉区NO.248,139.5573182,35.55815216,139.557352356787,35.5580612653184,14335.0243710888
1417-1430,1417,1430,埋蔵文化財包蔵地,青葉区NO.249,139.555158145,35.55886327,139.555172041178,35.5588757405434,14503.2514421388
1258-1430,1258,1430,埋蔵文化財包蔵地,青葉区NO.25,139.511843355,35.57008529,139.511798975551,35.5700600168985,17807.110526208
1418-1430,1418,1430,埋蔵文化財包蔵地,青葉区NO.250,139.551622215,35.557157395,139.551678490354,35.5571214779134,14510.8705154493
1416-1430,1416,1430,埋蔵文化財包蔵地,青葉区NO.251,139.554332945,35.557503995,139.554330505068,35.5574555334621,14413.0302952235
1419-1430,1419,1430,埋蔵文化財包蔵地,青葉区NO.252,139.552652125,35.556949745,139.552711948477,35.5569297615831,14441.3421539353
1397-1430,1397,1430,埋蔵文化財包蔵地,青葉区NO.253,139.559031415,35.55750071,139.559198578181,35.5575407138247,14194.002134327
1396-1430,1396,1430,埋蔵文化財包蔵地,青葉区NO.254,139.562281755,35.5557498,139.562308260961,35.5557129336937,13878.4448047437
398-1430,398,1430,埋蔵文化財包蔵地,青葉区NO.255,139.548211735,35.553505255,139.548211691444,35.5535173637218,14342.6350198837
384-1430,384,1430,埋蔵文化財包蔵地,青葉区NO.256,139.54792611,35.55222898,139.547926086463,35.5522364209983,14240.5722016321
385-1430,385,1430,埋蔵文化財包蔵地,青葉区NO.257,139.550394795,35.551762845,139.550394770212,35.5517705115781,14070.9743974482
1382-1430,1382,1430,埋蔵文化財包蔵地,青葉区NO.258,139.54997588,35.55044013,139.5499164696,35.55045881617,13971.1549978577
391-1430,391,1430,埋蔵文化財包蔵地,青葉区NO.259,139.55511141,35.55450955,139.555111386225,35.5545169934812,14092.8765711054
1259-1430,1259,1430,埋蔵文化財包蔵地,青葉区NO.26,139.51029422,35.56932106,139.510281342531,35.5692957872971,17832.5411939507
1384-1430,1384,1430,埋蔵文化財包蔵地,青葉区NO.260,139.55403113,35.55313113,139.554078666504,35.5530969049413,14015.9719153732
390-1430,390,1430,埋蔵文化財包蔵地,青葉区NO.261,139.555022255,35.552908865,139.555022227898,35.5529163079403,13946.6973017072
1383-1430,1383,1430,埋蔵文化財包蔵地,青葉区NO.262,139.553244835,35.55138497,139.55327107909,35.5515283990862,13892.1982974519
1385-1430,1385,1430,埋蔵文化財包蔵地,青葉区NO.263,139.556251265,35.551080305,139.556246750061,35.5510335925588,13715.3050693043
392-1430,392,1430,埋蔵文化財包蔵地,青葉区NO.264,139.558710915,35.554811825,139.558710889238,35.5548197269541,13951.1071343865
1393-1430,1393,1430,埋蔵文化財包蔵地,青葉区NO.265,139.5613192,35.554565965,139.56135379722,35.5545075066888,13807.5596954426
1395-1430,1395,1430,埋蔵文化財包蔵地,青葉区NO.266,139.56336656,35.555489665,139.563336977922,35.5554762934725,13804.9985258348
1394-1430,1394,1430,埋蔵文化財包蔵地,青葉区NO.267,139.564108215,35.554670295,139.564253410751,35.554649040242,13692.6400359444
1392-1430,1392,1430,埋蔵文化財包蔵地,青葉区NO.268,139.56200868,35.55370199,139.562021631629,35.5535985446368,13693.0707124461
1389-1430,1389,1430,埋蔵文化財包蔵地,青葉区NO.269,139.561168055,35.5526994,139.561192189275,35.5526467126038,13635.2980959028
1260-1430,1260,1430,埋蔵文化財包蔵地,青葉区NO.27,139.509947415,35.568163025,139.509947732133,35.5681630244551,17755.0777034504
1261-1430,1261,1430,埋蔵文化財包蔵地,青葉区NO.27,139.51015517,35.56791003,139.510155537089,35.5679100301993,17721.4644877241
1262-1430,1262,1430,埋蔵文化財包蔵地,青葉区NO.27,139.51037506,35.56763346,139.510375425383,35.567633461896,17685.1475002233
1263-1430,1263,1430,埋蔵文化財包蔵地,青葉区NO.27,139.51013074,35.56787535,139.51009161208,35.5678654733949,17719.9861788936
2329-1430,2329,1430,埋蔵文化財包蔵地,青葉区NO.27,139.51003911,35.567573715,139.510038339651,35.5675716802417,17700.0064421091
1390-1430,1390,1430,埋蔵文化財包蔵地,青葉区NO.270,139.56266936,35.552788945,139.562709826706,35.5528225718344,13575.1680493427
1391-1430,1391,1430,埋蔵文化財包蔵地,青葉区NO.271,139.56472982,35.553119985,139.564925276364,35.5531218299614,13514.6363385926
393-1430,393,1430,埋蔵文化財包蔵地,青葉区NO.272,139.560589,35.551460475,139.560588974526,35.5514679154896,13543.86659419
2349-1430,2349,1430,埋蔵文化財包蔵地,青葉区NO.273,139.56492774,35.55090898,139.564918615642,35.5509092788388,13291.8086270901
1388-1430,1388,1430,埋蔵文化財包蔵地,青葉区NO.274,139.563837215,35.55023331,139.563718949239,35.5503106675607,13276.2064885907
1387-1430,1387,1430,埋蔵文化財包蔵地,青葉区NO.275,139.56250937,35.550163445,139.562500942248,35.5501575647932,13330.6491184448
1386-1430,1386,1430,埋蔵文化財包蔵地,青葉区NO.276,139.56169344,35.54990876,139.561713299003,35.5498831207334,13344.3562837121
394-1430,394,1430,埋蔵文化財包蔵地,青葉区NO.277,139.560856105,35.550101865,139.560856078119,35.5501100504564,13402.0560319244
386-1430,386,1430,埋蔵文化財包蔵地,青葉区NO.278,139.55098093,35.54847853,139.550980902266,35.5484863720256,13739.9900802447
387-1430,387,1430,埋蔵文化財包蔵地,青葉区NO.279,139.554180355,35.54813648,139.55418032915,35.5481439200983,13544.5635850488
1264-1430,1264,1430,埋蔵文化財包蔵地,青葉区NO.28,139.512328085,35.56733088,139.512137746916,35.5672623602766,17544.4747837406
1379-1430,1379,1430,埋蔵文化財包蔵地,青葉区NO.280,139.554894635,35.547485715,139.554905813998,35.5474418664001,13448.3547519344
389-1430,389,1430,埋蔵文化財包蔵地,青葉区NO.281,139.55689535,35.549140775,139.556895323405,35.5491484124929,13502.2331179701
388-1430,388,1430,埋蔵文化財包蔵地,青葉区NO.282,139.556641065,35.54845255,139.556641042023,35.5484599931769,13450.5714371016
1381-1430,1381,1430,埋蔵文化財包蔵地,青葉区NO.283,139.556376915,35.5465303,139.55638873076,35.546510747227,13285.2764898852
1380-1430,1380,1430,埋蔵文化財包蔵地,青葉区NO.284,139.555572025,35.546054135,139.555591720746,35.5460250997879,13282.0129199553
1376-1430,1376,1430,埋蔵文化財包蔵地,青葉区NO.285,139.553015655,35.544891585,139.553073559478,35.5448895824305,13307.4617126882
1377-1430,1377,1430,埋蔵文化財包蔵地,青葉区NO.286,139.552268775,35.545631045,139.552174960814,35.5456626988389,13413.7063854217
1378-1430,1378,1430,埋蔵文化財包蔵地,青葉区NO.287,139.55047018,35.54636106,139.550558528762,35.5463930703899,13574.4162143134
397-1430,397,1430,埋蔵文化財包蔵地,青葉区NO.288,139.55018784,35.545614635,139.55018781586,35.5456226072569,13522.021584243
396-1430,396,1430,埋蔵文化財包蔵地,青葉区NO.289,139.549295135,35.54539114,139.549295108032,35.5453990252004,13549.6058919942
1265-1430,1265,1430,埋蔵文化財包蔵地,青葉区NO.29,139.52398398,35.567312315,139.524141541138,35.5672557519356,16877.6601769345
1375-1430,1375,1430,埋蔵文化財包蔵地,青葉区NO.290,139.548864795,35.544478065,139.548838532795,35.5444660518644,13491.1001620769
395-1430,395,1430,埋蔵文化財包蔵地,青葉区NO.291,139.54750273,35.5448744,139.547502703214,35.5448824645839,13600.3670197813
1437-1430,1437,1430,埋蔵文化財包蔵地,青葉区NO.292,139.496353575,35.543387085,139.496396817607,35.5433105212077,16694.7514471512
1438-1430,1438,1430,埋蔵文化財包蔵地,青葉区NO.293,139.49812149,35.54233869,139.498129849017,35.5423066132883,16497.0223591725
1439-1430,1439,1430,埋蔵文化財包蔵地,青葉区NO.294,139.499238085,35.542019465,139.499295145731,35.5420538419905,16396.6613711345
2352-1430,2352,1430,埋蔵文化財包蔵地,青葉区NO.295,139.49992254,35.54259084,139.499877910983,35.5425995955868,16390.3047358478
1441-1430,1441,1430,埋蔵文化財包蔵地,青葉区NO.296,139.501855295,35.540410605,139.50185757649,35.5403151112229,16099.9393160859
1428-1430,1428,1430,埋蔵文化財包蔵地,青葉区NO.297,139.4839384,35.54158565,139.48383917578,35.5414329047331,17451.8697726733
1429-1430,1429,1430,埋蔵文化財包蔵地,青葉区NO.298,139.48549628,35.54065216,139.485451093374,35.5406529622694,17276.6184161744
1434-1430,1434,1430,埋蔵文化財包蔵地,青葉区NO.299,139.490325985,35.540735755,139.490356014199,35.5406899139339,16934.8049942988
1281-1430,1281,1430,埋蔵文化財包蔵地,青葉区NO.3,139.53424445,35.588442155,139.534268513726,35.5883858176765,18299.9958284753
1266-1430,1266,1430,埋蔵文化財包蔵地,青葉区NO.30,139.526367595,35.56733977,139.526456777674,35.567221539965,16749.0085418479
1435-1430,1435,1430,埋蔵文化財包蔵地,青葉区NO.300,139.492483865,35.5402644,139.492597667794,35.5402108395614,16748.4843506007
1436-1430,1436,1430,埋蔵文化財包蔵地,青葉区NO.301,139.4950548,35.540354865,139.494820318397,35.5400489115756,16572.2587008844
1430-1430,1430,1430,埋蔵文化財包蔵地,青葉区NO.302,139.485438035,35.539300485,139.485404608967,35.5393247161881,17190.7897062005
1431-1430,1431,1430,埋蔵文化財包蔵地,青葉区NO.303,139.486458805,35.538029335,139.486399904951,35.5381019553051,17032.3252333958
1433-1430,1433,1430,埋蔵文化財包蔵地,青葉区NO.304,139.49003123,35.537640945,139.490496168255,35.5377112321395,16746.8072201786
1432-1430,1432,1430,埋蔵文化財包蔵地,青葉区NO.305,139.49248516,35.536780885,139.492726462992,35.5368040296768,16511.6450320625
1440-1430,1440,1430,埋蔵文化財包蔵地,青葉区NO.306,139.50300694,35.54211912,139.503029880851,35.5420798225543,16143.9183500658
1444-1430,1444,1430,埋蔵文化財包蔵地,青葉区NO.307,139.50671749,35.54122325,139.506788250096,35.5410311108918,15825.0312315132
1442-1430,1442,1430,埋蔵文化財包蔵地,青葉区NO.308,139.50528146,35.5388867,139.505291140936,35.5387942064744,15753.3881232864
1443-1430,1443,1430,埋蔵文化財包蔵地,青葉区NO.309,139.50747259,35.53796148,139.507575068107,35.5379829036795,15535.4976602091
294-1430,294,1430,埋蔵文化財包蔵地,青葉区NO.31,139.53051647,35.568386505,139.530516434095,35.5683960575663,16619.4473339544
403-1430,403,1430,埋蔵文化財包蔵地,青葉区NO.310,139.517805395,35.54256611,139.517805363435,35.5425735497119,15189.5807250482
404-1430,404,1430,埋蔵文化財包蔵地,青葉区NO.311,139.521516465,35.54062144,139.521516437395,35.5406288811655,14798.0103783797
399-1430,399,1430,埋蔵文化財包蔵地,青葉区NO.312,139.510434455,35.538700135,139.510434426301,35.5387075767099,15386.7330553825
413-1430,413,1430,埋蔵文化財包蔵地,青葉区NO.313,139.531670075,35.538412415,139.531670049452,35.5384198548982,13978.3357438854
1456-1430,1456,1430,埋蔵文化財包蔵地,青葉区NO.314,139.513950105,35.5373945,139.513948064977,35.5373788907614,15052.0676899022
400-1430,400,1430,埋蔵文化財包蔵地,青葉区NO.315,139.51064816,35.535835335,139.510648128641,35.5358427798161,15163.0578434216
1455-1430,1455,1430,埋蔵文化財包蔵地,青葉区NO.316,139.511003195,35.534363255,139.510989325894,35.5344161500123,15032.4753860215
405-1430,405,1430,埋蔵文化財包蔵地,青葉区NO.317,139.512501265,35.534286175,139.512501237692,35.5342936178121,14923.4230115386
401-1430,401,1430,埋蔵文化財包蔵地,青葉区NO.318,139.517415845,35.535819555,139.517415814307,35.535826999424,14701.3654466336
402-1430,402,1430,埋蔵文化財包蔵地,青葉区NO.319,139.517541215,35.53478392,139.517541184639,35.5347913638815,14615.8834931699
295-1430,295,1430,埋蔵文化財包蔵地,青葉区NO.32,139.53238286,35.56873683,139.532382830721,35.5687453075079,16552.927479218
1454-1430,1454,1430,埋蔵文化財包蔵地,青葉区NO.320,139.5140462,35.53287497,139.514046757918,35.5328372927292,14715.0376578631
406-1430,406,1430,埋蔵文化財包蔵地,青葉区NO.321,139.514990705,35.532033335,139.514990675199,35.5320407766928,14589.1872021277
1453-1430,1453,1430,埋蔵文化財包蔵地,青葉区NO.322,139.51894504,35.53101068,139.518937078083,35.5309224482809,14243.0505424815
407-1430,407,1430,埋蔵文化財包蔵地,青葉区NO.323,139.51604893,35.53033889,139.516048902793,35.530346334549,14394.3462652578
1451-1430,1451,1430,埋蔵文化財包蔵地,青葉区NO.324,139.517331655,35.5292879,139.517282453609,35.5293045751798,14230.1539888544
408-1430,408,1430,埋蔵文化財包蔵地,青葉区NO.325,139.518709695,35.52904524,139.518709664231,35.5290526834959,14117.1789208479
1450-1430,1450,1430,埋蔵文化財包蔵地,青葉区NO.326,139.52285266,35.5289887,139.52254750873,35.5289423456468,13828.2334494825
410-1430,410,1430,埋蔵文化財包蔵地,青葉区NO.327,139.52523819,35.53147497,139.525238156437,35.5314824166561,13851.8688661355
1449-1430,1449,1430,埋蔵文化財包蔵地,青葉区NO.328,139.52520832,35.529436605,139.525257072386,35.5293803168361,13701.4197149361
409-1430,409,1430,埋蔵文化財包蔵地,青葉区NO.329,139.525845905,35.527740735,139.525845877349,35.5277481790257,13532.817729451
296-1430,296,1430,埋蔵文化財包蔵地,青葉区NO.33,139.532497065,35.567729715,139.532497033237,35.5677381156717,16455.5383670496
412-1430,412,1430,埋蔵文化財包蔵地,青葉区NO.330,139.53399584,35.53441817,139.53399581423,35.5344256166746,13511.6716320277
1448-1430,1448,1430,埋蔵文化財包蔵地,青葉区NO.331,139.533984785,35.53230283,139.533838555727,35.5321828925939,13344.3929477379
411-1430,411,1430,埋蔵文化財包蔵地,青葉区NO.332,139.532105235,35.53164726,139.532105207204,35.5316549812844,13413.7948950388
1458-1430,1458,1430,埋蔵文化財包蔵地,青葉区NO.333,139.54662579,35.54130657,139.546617863318,35.5412296863987,13334.4717528709
414-1430,414,1430,埋蔵文化財包蔵地,青葉区NO.334,139.537262925,35.53862032,139.537262896695,35.538627763386,13651.925573669
415-1430,415,1430,埋蔵文化財包蔵地,青葉区NO.335,139.53618561,35.536561235,139.536185578891,35.5365686777208,13548.2825152322
416-1430,416,1430,埋蔵文化財包蔵地,青葉区NO.336,139.537087185,35.535560605,139.537087155838,35.5355680490146,13411.1006752802
1447-1430,1447,1430,埋蔵文化財包蔵地,青葉区NO.337,139.53871414,35.53362499,139.538678330714,35.5335944381061,13153.0263679485
417-1430,417,1430,埋蔵文化財包蔵地,青葉区NO.338,139.53841792,35.532974105,139.538417893974,35.5329815483144,13118.5969339291
1445-1430,1445,1430,埋蔵文化財包蔵地,青葉区NO.339,139.54055942,35.53313859,139.540573886794,35.5331095288798,12999.6374123333
1268-1430,1268,1430,埋蔵文化財包蔵地,青葉区NO.34,139.54223389,35.57122458,139.542125408291,35.5711751188823,16288.2342625309
1446-1430,1446,1430,埋蔵文化財包蔵地,青葉区NO.340,139.54110976,35.53235296,139.541125737356,35.5323289940242,12901.585955777
1452-1430,1452,1430,埋蔵文化財包蔵地,青葉区NO.341,139.51848009,35.52833777,139.518480596559,35.5283377725349,14082.5108527084
1457-1430,1457,1430,埋蔵文化財包蔵地,青葉区NO.342,139.545193995,35.543950365,139.545194454056,35.5439503675113,13645.9855617457
418-1430,418,1430,埋蔵文化財包蔵地,青葉区NO.343,139.55150603,35.54251453,139.551506007804,35.5425219694126,13173.0994683325
1461-1430,1461,1430,埋蔵文化財包蔵地,青葉区NO.344,139.555626955,35.54326296,139.555540034157,35.543247564732,13023.2335336676
419-1430,419,1430,埋蔵文化財包蔵地,青葉区NO.345,139.55077246,35.540930555,139.550772432658,35.5409383669889,13071.6603077278
420-1430,420,1430,埋蔵文化財包蔵地,青葉区NO.346,139.551873695,35.540164605,139.551873671246,35.54017241702,12943.5361917299
421-1430,421,1430,埋蔵文化財包蔵地,青葉区NO.347,139.55136788,35.53936181,139.551367851518,35.5393696233057,12900.0562430735
422-1430,422,1430,埋蔵文化財包蔵地,青葉区NO.348,139.553399695,35.53939664,139.553399667625,35.5394044541432,12792.2542830322
1460-1430,1460,1430,埋蔵文化財包蔵地,青葉区NO.349,139.547088825,35.534408115,139.546905838567,35.5345006320578,12713.6531130311
1267-1430,1267,1430,埋蔵文化財包蔵地,青葉区NO.35,139.541415205,35.56949308,139.541422372869,35.569506472568,16165.3421115756
1459-1430,1459,1430,埋蔵文化財包蔵地,青葉区NO.350,139.549305245,35.53509053,139.549307506531,35.534997131731,12643.391340197
2354-1430,2354,1430,埋蔵文化財包蔵地,青葉区NO.351,139.55035789,35.53539635,139.550347854846,35.5353873610668,12609.5830393533
423-1430,423,1430,埋蔵文化財包蔵地,青葉区NO.352,139.553443955,35.53664878,139.553443927272,35.5366566832867,12546.0406673185
2353-1430,2353,1430,埋蔵文化財包蔵地,青葉区NO.353,139.55431018,35.53696031,139.554312678108,35.5369536452457,12525.9987843245
1282-1430,1282,1430,埋蔵文化財包蔵地,青葉区NO.354,139.53644501,35.588689915,139.53650183387,35.5886495475556,18222.3788095194
2340-1430,2340,1430,埋蔵文化財包蔵地,青葉区NO.355,139.5335654,35.5450191,139.533564040408,35.5450175906971,14407.5253649596
298-1430,298,1430,埋蔵文化財包蔵地,青葉区NO.36,139.546266185,35.569749255,139.546183764553,35.5697297553219,15956.5477946078
297-1430,297,1430,埋蔵文化財包蔵地,青葉区NO.37,139.54027242,35.567692255,139.540272388503,35.5677002346836,16053.8620493217
302-1430,302,1430,埋蔵文化財包蔵地,青葉区NO.38,139.548551785,35.582408355,139.548551758568,35.5824157972298,17076.353144959
303-1430,303,1430,埋蔵文化財包蔵地,青葉区NO.39,139.548275285,35.579946035,139.548275252769,35.5799540221316,16847.6151265678
1278-1430,1278,1430,埋蔵文化財包蔵地,青葉区NO.4,139.532011405,35.58440769,139.532068663279,35.5843500493202,18022.8885124047
1294-1430,1294,1430,埋蔵文化財包蔵地,青葉区NO.40,139.548950065,35.57928186,139.548966159391,35.5794321580579,16753.4264408228
305-1430,305,1430,埋蔵文化財包蔵地,青葉区NO.41,139.55397883,35.578635225,139.55397880218,35.5786426677197,16475.4617036802
304-1430,304,1430,埋蔵文化財包蔵地,青葉区NO.42,139.55163276,35.576958385,139.551632735353,35.5769658301029,16410.1802155197
1293-1430,1293,1430,埋蔵文化財包蔵地,青葉区NO.43,139.54887456,35.57669357,139.548954771928,35.5766634232708,16504.8056673819
2332-1430,2332,1430,埋蔵文化財包蔵地,青葉区NO.44,139.54847796,35.576377445,139.548483844499,35.5763721470338,16491.7221221447
2331-1430,2331,1430,埋蔵文化財包蔵地,青葉区NO.45,139.54769031,35.57664579,139.547685019434,35.5766438359956,16552.8219069364
2333-1430,2333,1430,埋蔵文化財包蔵地,青葉区NO.46,139.5476013,35.576140185,139.547639533778,35.5761444960613,16507.9028698618
1295-1430,1295,1430,埋蔵文化財包蔵地,青葉区NO.47,139.546609435,35.57726637,139.546618320912,35.577258324435,16661.261236379
1292-1430,1292,1430,埋蔵文化財包蔵地,青葉区NO.48,139.54684961,35.574639475,139.54684106806,35.5745768235882,16397.1638936533
2334-1430,2334,1430,埋蔵文化財包蔵地,青葉区NO.49,139.550867375,35.57391775,139.550913858632,35.5739206142685,16147.1426002169
1277-1430,1277,1430,埋蔵文化財包蔵地,青葉区NO.5,139.533421895,35.583893955,139.533404484167,35.5838721946719,17906.6891788841
306-1430,306,1430,埋蔵文化財包蔵地,青葉区NO.50,139.552877685,35.575142225,139.552877658595,35.5751496699638,16178.7960615498
307-1430,307,1430,埋蔵文化財包蔵地,青葉区NO.51,139.554041335,35.575243635,139.554041305981,35.5752515819199,16138.8824157382
308-1430,308,1430,埋蔵文化財包蔵地,青葉区NO.52,139.547855735,35.56953997,139.547855709918,35.5695474125741,15862.1933169474
309-1430,309,1430,埋蔵文化財包蔵地,青葉区NO.53,139.54906832,35.569770235,139.549068293079,35.5697776780238,15828.0959731938
310-1430,310,1430,埋蔵文化財包蔵地,青葉区NO.54,139.549197365,35.570593025,139.549197337034,35.5706004639736,15901.1119061263
311-1430,311,1430,埋蔵文化財包蔵地,青葉区NO.55,139.55080387,35.5700745,139.550803843861,35.5700819420253,15778.1294730424
312-1430,312,1430,埋蔵文化財包蔵地,青葉区NO.56,139.550790645,35.571689095,139.550790621837,35.5716965352197,15934.5878602866
313-1430,313,1430,埋蔵文化財包蔵地,青葉区NO.57,139.554814375,35.572144315,139.554814344893,35.5721527238588,15801.951168255
314-1430,314,1430,埋蔵文化財包蔵地,青葉区NO.58,139.55655368,35.571697915,139.556553655906,35.5717058000887,15683.7147594652
1290-1430,1290,1430,埋蔵文化財包蔵地,青葉区NO.59,139.56968307,35.572001505,139.569660435476,35.5719703056026,15192.7521962798
1283-1430,1283,1430,埋蔵文化財包蔵地,青葉区NO.6,139.536275885,35.58750886,139.536336516968,35.587440662393,18116.7832863792
315-1430,315,1430,埋蔵文化財包蔵地,青葉区NO.60,139.56206582,35.571126385,139.562065791088,35.5711339388144,15398.6802594323
316-1430,316,1430,埋蔵文化財包蔵地,青葉区NO.61,139.5598185,35.57026886,139.559818472478,35.5702767797497,15405.6320727179
317-1430,317,1430,埋蔵文化財包蔵地,青葉区NO.62,139.56080911,35.57026621,139.560809083692,35.5702743850602,15364.4187115851
1291-1430,1291,1430,埋蔵文化財包蔵地,青葉区NO.63,139.56181555,35.56938459,139.561766887894,35.5693495169203,15235.6745313662
318-1430,318,1430,埋蔵文化財包蔵地,青葉区NO.64,139.560158495,35.568991975,139.560158471048,35.5689998705642,15265.312655264
319-1430,319,1430,埋蔵文化財包蔵地,青葉区NO.65,139.561002665,35.568337875,139.561002643256,35.5683454275547,15165.5248142846
320-1430,320,1430,埋蔵文化財包蔵地,青葉区NO.66,139.561947735,35.56831116,139.561947707087,35.5683191143947,15123.7872797088
321-1430,321,1430,埋蔵文化財包蔵地,青葉区NO.67,139.562472675,35.567371565,139.562472647286,35.5673793217182,15009.0589251721
1296-1430,1296,1430,埋蔵文化財包蔵地,青葉区NO.68,139.479194395,35.56811198,139.479111482661,35.5680967889115,19682.9453443341
322-1430,322,1430,埋蔵文化財包蔵地,青葉区NO.69,139.48243118,35.56740032,139.482431141486,35.5674083827962,19415.2166862398
1284-1430,1284,1430,埋蔵文化財包蔵地,青葉区NO.7,139.53675436,35.586577475,139.536784331306,35.5865344842667,18005.5078545777
323-1430,323,1430,埋蔵文化財包蔵地,青葉区NO.70,139.485076285,35.56737901,139.485076251924,35.5673871503912,19240.4833534834
324-1430,324,1430,埋蔵文化財包蔵地,青葉区NO.71,139.48786729,35.5659212,139.487867258455,35.5659289208017,18945.989788979
1297-1430,1297,1430,埋蔵文化財包蔵地,青葉区NO.72,139.477461985,35.563597035,139.477477095203,35.5635188627479,19460.0879388314
1298-1430,1298,1430,埋蔵文化財包蔵地,青葉区NO.73,139.47683984,35.561532145,139.476859427039,35.5615632682013,19350.4525054526
325-1430,325,1430,埋蔵文化財包蔵地,青葉区NO.74,139.48148125,35.56173773,139.481481214724,35.561745938808,19050.7546647933
1299-1430,1299,1430,埋蔵文化財包蔵地,青葉区NO.75,139.487736275,35.56204733,139.487780994744,35.5619991329807,18656.7771420414
326-1430,326,1430,埋蔵文化財包蔵地,青葉区NO.76,139.481426535,35.559104805,139.481426500442,35.5591128846443,18859.8283244732
1300-1430,1300,1430,埋蔵文化財包蔵地,青葉区NO.77,139.48314381,35.555686295,139.483110083152,35.5556691002482,18492.7971299175
1301-1430,1301,1430,埋蔵文化財包蔵地,青葉区NO.78,139.48674358,35.55655252,139.486744882126,35.5565525220792,18310.7415754257
1312-1430,1312,1430,埋蔵文化財包蔵地,青葉区NO.79,139.494451415,35.55746598,139.494483723494,35.557488148785,17864.3448280537
1285-1430,1285,1430,埋蔵文化財包蔵地,青葉区NO.8,139.54102753,35.588368245,139.541111367387,35.5883148961635,17985.4560920321
1311-1430,1311,1430,埋蔵文化財包蔵地,青葉区NO.80,139.49669587,35.556814505,139.496600954091,35.5568457529194,17666.9243523174
327-1430,327,1430,埋蔵文化財包蔵地,青葉区NO.81,139.507449625,35.56264743,139.507449595308,35.562654995763,17447.0693337443
1302-1430,1302,1430,埋蔵文化財包蔵地,青葉区NO.82,139.486798425,35.55560763,139.486797663018,35.5556195956579,18237.3455761126
1303-1430,1303,1430,埋蔵文化財包蔵地,青葉区NO.83,139.4860256,35.55518721,139.486038480826,35.5551816896945,18259.1357809921
1304-1430,1304,1430,埋蔵文化財包蔵地,青葉区NO.84,139.48679993,35.55460918,139.486812820581,35.5545879871545,18163.9820790443
1305-1430,1305,1430,埋蔵文化財包蔵地,青葉区NO.85,139.48775459,35.554674115,139.487800328294,35.5546506391066,18103.6814711011
1306-1430,1306,1430,埋蔵文化財包蔵地,青葉区NO.86,139.48913734,35.55462434,139.489106757496,35.5545749189666,18006.1012193397
1307-1430,1307,1430,埋蔵文化財包蔵地,青葉区NO.87,139.491442035,35.555252635,139.49139457364,35.5552456662958,17897.2808983058
1309-1430,1309,1430,埋蔵文化財包蔵地,青葉区NO.88,139.49296781,35.554906295,139.492926179491,35.5549335187952,17769.0763800907
1308-1430,1308,1430,埋蔵文化財包蔵地,青葉区NO.89,139.49412415,35.555469955,139.49415192278,35.5554555511931,17734.3624640159
1286-1430,1286,1430,埋蔵文化財包蔵地,青葉区NO.9,139.543026035,35.5882686,139.543039639854,35.5882282592701,17888.1564589227
1310-1430,1310,1430,埋蔵文化財包蔵地,青葉区NO.90,139.493372415,35.5537891,139.493339677865,35.5538064248079,17658.3195219897
328-1430,328,1430,埋蔵文化財包蔵地,青葉区NO.91,139.498065435,35.553712135,139.498065397199,35.5537203563588,17339.6713260246
2337-1430,2337,1430,埋蔵文化財包蔵地,青葉区NO.92,139.492934835,35.55125319,139.492928670221,35.5512495962238,17499.8491878335
1314-1430,1314,1430,埋蔵文化財包蔵地,青葉区NO.93,139.485295365,35.54910069,139.485243128677,35.5491074093839,17872.0520258408
1315-1430,1315,1430,埋蔵文化財包蔵地,青葉区NO.94,139.485522395,35.5466359,139.485510133412,35.5466245024314,17683.3400086765
2338-1430,2338,1430,埋蔵文化財包蔵地,青葉区NO.95,139.48608606,35.544643235,139.486079815253,35.5446462041949,17505.3814547418
1316-1430,1316,1430,埋蔵文化財包蔵地,青葉区NO.96,139.487319875,35.547139065,139.487320423641,35.5471390656204,17591.8706915488
1317-1430,1317,1430,埋蔵文化財包蔵地,青葉区NO.97,139.48859098,35.54706912,139.488765793735,35.5470603359784,17497.8084581521
1313-1430,1313,1430,埋蔵文化財包蔵地,青葉区NO.98,139.49105054,35.54952486,139.491148336101,35.5497842303331,17502.6237986694
2335-1430,2335,1430,埋蔵文化財包蔵地,青葉区NO.99,139.49100605,35.546667515,139.491000450054,35.5466609467995,17300.6703969856
2360-1430,2360,1430,埋蔵文化財包蔵地,鶴見区NO.1,139.657896425,35.533249635,139.657894288236,35.533244530801,9745.5627038618
440-1430,440,1430,埋蔵文化財包蔵地,鶴見区NO.10,139.656879055,35.53019799,139.656879042824,35.5302054285801,9394.85852015815
463-1430,463,1430,埋蔵文化財包蔵地,鶴見区NO.100,139.664347765,35.503744445,139.664347749324,35.5037518878374,6736.66800768564
1606-1430,1606,1430,埋蔵文化財包蔵地,鶴見区NO.101,139.65440472,35.49836703,139.654402221717,35.4983095877203,5889.17413516166
1607-1430,1607,1430,埋蔵文化財包蔵地,鶴見区NO.102,139.655493885,35.498617155,139.655324071837,35.4985355016051,5942.0207913472
1608-1430,1608,1430,埋蔵文化財包蔵地,鶴見区NO.103,139.661464945,35.49906526,139.661475467659,35.4991023737976,6157.38482170303
1609-1430,1609,1430,埋蔵文化財包蔵地,鶴見区NO.104,139.66154105,35.496728105,139.661577863518,35.4966811492164,5916.94245654783
1610-1430,1610,1430,埋蔵文化財包蔵地,鶴見区NO.105,139.660872845,35.49298709,139.660896337163,35.4929682910586,5508.13995052706
1611-1430,1611,1430,埋蔵文化財包蔵地,鶴見区NO.106,139.660872845,35.49298709,139.660896337163,35.4929682910586,5508.13995052706
1614-1430,1614,1430,埋蔵文化財包蔵地,鶴見区NO.107,139.662562205,35.494785015,139.662597168408,35.4947753025185,5751.72706854146
1615-1430,1615,1430,埋蔵文化財包蔵地,鶴見区NO.108,139.663059815,35.489990445,139.663019898788,35.4898078056935,5284.34350740462
1613-1430,1613,1430,埋蔵文化財包蔵地,鶴見区NO.109,139.667027915,35.496742015,139.666992003457,35.4966978905841,6117.07335240568
1544-1430,1544,1430,埋蔵文化財包蔵地,鶴見区NO.11,139.658122645,35.527192925,139.658123099856,35.5271929256817,9088.72915223903
466-1430,466,1430,埋蔵文化財包蔵地,鶴見区NO.110,139.668412485,35.49304345,139.668412470751,35.4930508915076,5808.08564648639
467-1430,467,1430,埋蔵文化財包蔵地,鶴見区NO.111,139.691514145,35.49721815,139.691514133679,35.497225592808,7396.27174111804
2408-1430,2408,1430,埋蔵文化財包蔵地,鶴見区NO.112,139.642863445,35.50336735,139.642863292,35.5033826333789,6265.92706477018
1582-1430,1582,1430,埋蔵文化財包蔵地,鶴見区NO.113,139.644566115,35.503827525,139.644489491199,35.5037784909975,6330.16675814124
1612-1430,1612,1430,埋蔵文化財包蔵地,鶴見区NO.114,139.673776575,35.497646145,139.673708829879,35.4976363398556,6492.83252984325
2366-1430,2366,1430,埋蔵文化財包蔵地,鶴見区NO.12,139.657964795,35.52674056,139.657966043007,35.5267418738553,9036.5498490902
2367-1430,2367,1430,埋蔵文化財包蔵地,鶴見区NO.13,139.658285675,35.526823925,139.65828691409,35.5268221329877,9051.56519015177
1545-1430,1545,1430,埋蔵文化財包蔵地,鶴見区NO.14,139.65826616,35.52647578,139.658266522124,35.5264757784219,9013.30158984999
1546-1430,1546,1430,埋蔵文化財包蔵地,鶴見区NO.15,139.658589235,35.525351775,139.658613578749,35.5253311467939,8897.15597618072
442-1430,442,1430,埋蔵文化財包蔵地,鶴見区NO.16,139.65841606,35.522845695,139.658416045891,35.5228531371701,8621.49888771324
1549-1430,1549,1430,埋蔵文化財包蔵地,鶴見区NO.17,139.66225401,35.52755081,139.66265445746,35.5272385169275,9210.74265030674
1556-1430,1556,1430,埋蔵文化財包蔵地,鶴見区NO.18,139.66309109,35.528010465,139.663091506484,35.5280104647835,9278.85993266765
1547-1430,1547,1430,埋蔵文化財包蔵地,鶴見区NO.19,139.66488262,35.53094266,139.664883021824,35.5309426616605,9635.39116068307
2363-1430,2363,1430,埋蔵文化財包蔵地,鶴見区NO.2,139.658047855,35.532012125,139.658051879863,35.532010481762,9612.98366941146
1548-1430,1548,1430,埋蔵文化財包蔵地,鶴見区NO.20,139.664938435,35.52929252,139.664911301912,35.5291895080617,9459.33047010386
1550-1430,1550,1430,埋蔵文化財包蔵地,鶴見区NO.21,139.66661593,35.525928365,139.666656760419,35.525907118434,9140.86245590903
443-1430,443,1430,埋蔵文化財包蔵地,鶴見区NO.22,139.664363215,35.52331415,139.664363199915,35.5233215910376,8804.50060636573
1551-1430,1551,1430,埋蔵文化財包蔵地,鶴見区NO.23,139.66785956,35.52500818,139.667868671061,35.5250837806449,9076.06830153857
1552-1430,1552,1430,埋蔵文化財包蔵地,鶴見区NO.24,139.669330105,35.524496885,139.669315629464,35.5244966312923,9063.03236243039
1555-1430,1555,1430,埋蔵文化財包蔵地,鶴見区NO.25,139.669410385,35.522576755,139.669417769836,35.5225626071946,8862.96498074457
1554-1430,1554,1430,埋蔵文化財包蔵地,鶴見区NO.26,139.67001174,35.52279453,139.670012178857,35.5227945284628,8903.63622529326
1553-1430,1553,1430,埋蔵文化財包蔵地,鶴見区NO.27,139.670377645,35.52313002,139.670378035943,35.5231300201711,8949.79733571419
444-1430,444,1430,埋蔵文化財包蔵地,鶴見区NO.28,139.670765865,35.52266417,139.670765848514,35.5226716144473,8912.64894936267
445-1430,445,1430,埋蔵文化財包蔵地,鶴見区NO.29,139.66049572,35.52111451,139.660495702572,35.5211219509252,8477.45719140348
2362-1430,2362,1430,埋蔵文化財包蔵地,鶴見区NO.3,139.657207675,35.53137543,139.657203638326,35.5313714253718,9529.09051153629
1557-1430,1557,1430,埋蔵文化財包蔵地,鶴見区NO.30,139.661628735,35.52083593,139.661573706877,35.5208795992763,8473.03915085959
446-1430,446,1430,埋蔵文化財包蔵地,鶴見区NO.31,139.66174303,35.519590725,139.661743014691,35.5195981677401,8341.87816780748
2368-1430,2368,1430,埋蔵文化財包蔵地,鶴見区NO.32,139.65081844,35.51838757,139.650879198592,35.5184797570178,8007.74746856244
1563-1430,1563,1430,埋蔵文化財包蔵地,鶴見区NO.33,139.651338775,35.518261605,139.65138610414,35.5182426027066,8001.01007307168
1564-1430,1564,1430,埋蔵文化財包蔵地,鶴見区NO.34,139.651765055,35.516756605,139.651754644362,35.5167440479922,7841.78645973057
1565-1430,1565,1430,埋蔵文化財包蔵地,鶴見区NO.35,139.652184015,35.51545118,139.652153289091,35.5154633613816,7704.87142035219
1559-1430,1559,1430,埋蔵文化財包蔵地,鶴見区NO.36,139.654321865,35.514986755,139.654290890419,35.5149529236853,7689.4384831242
1567-1430,1567,1430,埋蔵文化財包蔵地,鶴見区NO.37,139.652113505,35.513144195,139.651934797585,35.5136048774517,7450.96352357204
1560-1430,1560,1430,埋蔵文化財包蔵地,鶴見区NO.38,139.654175575,35.513742395,139.654073978938,35.5137021860769,7551.09868412958
448-1430,448,1430,埋蔵文化財包蔵地,鶴見区NO.39,139.65822094,35.515746625,139.658220922743,35.5157540663484,7848.29248272459
2361-1430,2361,1430,埋蔵文化財包蔵地,鶴見区NO.4,139.658467615,35.533250485,139.658468867112,35.5332449797706,9755.48495757345
449-1430,449,1430,埋蔵文化財包蔵地,鶴見区NO.40,139.657246125,35.51373911,139.657246108837,35.5137465509854,7610.48475911233
1558-1430,1558,1430,埋蔵文化財包蔵地,鶴見区NO.41,139.661041925,35.516822025,139.66094210205,35.5167439849306,8027.98103708827
447-1430,447,1430,埋蔵文化財包蔵地,鶴見区NO.42,139.662372125,35.516282615,139.662372108151,35.5162900599357,8002.87002258085
1561-1430,1561,1430,埋蔵文化財包蔵地,鶴見区NO.43,139.658156915,35.51447363,139.658097197814,35.5144735443194,7709.36924245774
450-1430,450,1430,埋蔵文化財包蔵地,鶴見区NO.44,139.65869231,35.513352715,139.658692294186,35.5133601571625,7600.34189517641
451-1430,451,1430,埋蔵文化財包蔵地,鶴見区NO.45,139.66060444,35.51265131,139.660604423144,35.5126587537018,7570.37105502393
1562-1430,1562,1430,埋蔵文化財包蔵地,鶴見区NO.46,139.659634765,35.511643965,139.65973907108,35.5117385104192,7438.73799669226
1566-1430,1566,1430,埋蔵文化財包蔵地,鶴見区NO.47,139.64902891,35.51563945,139.649102312217,35.515244730821,7682.27453536608
1571-1430,1571,1430,埋蔵文化財包蔵地,鶴見区NO.48,139.643334385,35.513391555,139.64350564184,35.5131715858989,7381.28341159695
1573-1430,1573,1430,埋蔵文化財包蔵地,鶴見区NO.49,139.64763056,35.51243219,139.647609358782,35.512384575214,7312.21222016377
441-1430,441,1430,埋蔵文化財包蔵地,鶴見区NO.5,139.66036102,35.53294383,139.660361003515,35.5329512756751,9756.59902107343
1574-1430,1574,1430,埋蔵文化財包蔵地,鶴見区NO.50,139.65172003,35.51086071,139.651579748253,35.5108960302812,7194.61934628238
1572-1430,1572,1430,埋蔵文化財包蔵地,鶴見区NO.51,139.64351969,35.511173805,139.643524520303,35.5111971053173,7136.3799128903
1577-1430,1577,1430,埋蔵文化財包蔵地,鶴見区NO.52,139.64083928,35.50925304,139.640819300189,35.5092269242293,6909.20279810411
1579-1430,1579,1430,埋蔵文化財包蔵地,鶴見区NO.53,139.64167332,35.50854416,139.641671918841,35.5085249263505,6833.92222286632
1578-1430,1578,1430,埋蔵文化財包蔵地,鶴見区NO.54,139.642448635,35.509042495,139.642482272887,35.5090029087091,6893.26685586703
1580-1430,1580,1430,埋蔵文化財包蔵地,鶴見区NO.55,139.642014205,35.50702633,139.641966402966,35.5069779235175,6667.02363479852
1581-1430,1581,1430,埋蔵文化財包蔵地,鶴見区NO.56,139.644372115,35.5056688,139.644361194601,35.5056690018052,6532.41514979276
1575-1430,1575,1430,埋蔵文化財包蔵地,鶴見区NO.57,139.647938135,35.508304995,139.647930258525,35.5083890412914,6860.46114518577
1576-1430,1576,1430,埋蔵文化財包蔵地,鶴見区NO.58,139.64878311,35.506337585,139.648758024006,35.5062726096863,6654.72426971328
1568-1430,1568,1430,埋蔵文化財包蔵地,鶴見区NO.59,139.655758255,35.50865067,139.655843480518,35.5087435659395,7028.58196000752
2365-1430,2365,1430,埋蔵文化財包蔵地,鶴見区NO.6,139.660787555,35.53263226,139.660784773832,35.5326247051041,9730.93358611153
1570-1430,1570,1430,埋蔵文化財包蔵地,鶴見区NO.60,139.66010435,35.50828006,139.660119669904,35.5082877646922,7090.80656514206
452-1430,452,1430,埋蔵文化財包蔵地,鶴見区NO.61,139.65757827,35.507207515,139.657578255199,35.5072149571879,6913.54682012541
1569-1430,1569,1430,埋蔵文化財包蔵地,鶴見区NO.62,139.65924448,35.505782405,139.659276726326,35.5057179005098,6802.27340937778
453-1430,453,1430,埋蔵文化財包蔵地,鶴見区NO.63,139.65170282,35.50357934,139.651702801768,35.5035867819114,6398.517223917
2369-1430,2369,1430,埋蔵文化財包蔵地,鶴見区NO.64,139.656336375,35.50293378,139.656122837486,35.5029729942536,6425.21809623719
2370-1430,2370,1430,埋蔵文化財包蔵地,鶴見区NO.64,139.657530345,35.50273956,139.657536410907,35.5027374347858,6433.67293123637
1585-1430,1585,1430,埋蔵文化財包蔵地,鶴見区NO.65,139.660940255,35.50352086,139.66092029991,35.5035018967859,6608.86643039939
1583-1430,1583,1430,埋蔵文化財包蔵地,鶴見区NO.66,139.651763515,35.500284225,139.651720797688,35.5002235549125,6040.76686280025
1584-1430,1584,1430,埋蔵文化財包蔵地,鶴見区NO.67,139.658710445,35.500120195,139.658627444258,35.5000651772519,6186.34800232503
454-1430,454,1430,埋蔵文化財包蔵地,鶴見区NO.68,139.66454213,35.52131051,139.664542112163,35.521317953883,8594.91310391969
1586-1430,1586,1430,埋蔵文化財包蔵地,鶴見区NO.69,139.666102945,35.52142993,139.666103309312,35.5214299311474,8648.62019195891
2364-1430,2364,1430,埋蔵文化財包蔵地,鶴見区NO.7,139.659777065,35.53103664,139.659777652546,35.5310335682735,9538.05337145477
1591-1430,1591,1430,埋蔵文化財包蔵地,鶴見区NO.70,139.669101305,35.520859485,139.669000069659,35.5207671794087,8673.21793173083
1592-1430,1592,1430,埋蔵文化財包蔵地,鶴見区NO.71,139.670039685,35.520517805,139.669988836291,35.5203854818576,8665.65856076337
1587-1430,1587,1430,埋蔵文化財包蔵地,鶴見区NO.72,139.6674891,35.519725175,139.667494039771,35.5196916040326,8506.68300270758
2371-1430,2371,1430,埋蔵文化財包蔵地,鶴見区NO.73,139.67128114,35.519044145,139.671286441179,35.5190468520258,8550.86060834088
1588-1430,1588,1430,埋蔵文化財包蔵地,鶴見区NO.74,139.66687903,35.518300575,139.666780989323,35.5182541177618,8338.85097222562
1589-1430,1589,1430,埋蔵文化財包蔵地,鶴見区NO.75,139.667513665,35.5175399,139.667505189076,35.5175200291293,8277.18705821369
1590-1430,1590,1430,埋蔵文化財包蔵地,鶴見区NO.76,139.668251845,35.51716698,139.668253919727,35.5171550138093,8260.12184000328
1594-1430,1594,1430,埋蔵文化財包蔵地,鶴見区NO.77,139.672981145,35.515571325,139.672917754076,35.5155248181981,8249.28734198284
1593-1430,1593,1430,埋蔵文化財包蔵地,鶴見区NO.78,139.665345725,35.51575856,139.665296891807,35.5156806371873,8026.73051080649
455-1430,455,1430,埋蔵文化財包蔵地,鶴見区NO.79,139.66623146,35.5144655,139.666231441271,35.5144729401403,7915.97731397705
1543-1430,1543,1430,埋蔵文化財包蔵地,鶴見区NO.8,139.65924364,35.530770625,139.6592439214,35.5307706263965,9499.08789980677
1596-1430,1596,1430,埋蔵文化財包蔵地,鶴見区NO.80,139.67293318,35.51416728,139.672933627598,35.5141672812474,8103.78050969657
1595-1430,1595,1430,埋蔵文化財包蔵地,鶴見区NO.81,139.673525245,35.51393166,139.673533819997,35.5139146432894,8101.01286670506
457-1430,457,1430,埋蔵文化財包蔵地,鶴見区NO.82,139.67276191,35.513631215,139.672761894519,35.5136386559665,8042.8538037894
1597-1430,1597,1430,埋蔵文化財包蔵地,鶴見区NO.83,139.669498535,35.51101904,139.669473203875,35.5110073666758,7660.77155870458
459-1430,459,1430,埋蔵文化財包蔵地,鶴見区NO.84,139.67935301,35.508387555,139.679352993049,35.508394999915,7781.55734908286
460-1430,460,1430,埋蔵文化財包蔵地,鶴見区NO.85,139.680581965,35.507535105,139.680581953665,35.5075425486651,7753.886398125
458-1430,458,1430,埋蔵文化財包蔵地,鶴見区NO.86,139.675385955,35.507293335,139.675385938665,35.5073007744484,7505.23755901887
1604-1430,1604,1430,埋蔵文化財包蔵地,鶴見区NO.87,139.673794345,35.50721176,139.673962757034,35.5071852809223,7432.64660406714
1605-1430,1605,1430,埋蔵文化財包蔵地,鶴見区NO.88,139.673794345,35.50721176,139.673962757034,35.5071852809223,7432.64660406714
456-1430,456,1430,埋蔵文化財包蔵地,鶴見区NO.89,139.667498975,35.5077416,139.667498958021,35.5077490413542,7254.87176716414
1542-1430,1542,1430,埋蔵文化財包蔵地,鶴見区NO.9,139.658940075,35.530488375,139.658940338857,35.5304883728877,9462.73737471102
461-1430,461,1430,埋蔵文化財包蔵地,鶴見区NO.90,139.66653561,35.50639511,139.666535591422,35.5064025524703,7083.41011519953
1603-1430,1603,1430,埋蔵文化財包蔵地,鶴見区NO.91,139.67267634,35.505804285,139.672724040247,35.5058107014081,7247.50903245319
1602-1430,1602,1430,埋蔵文化財包蔵地,鶴見区NO.92,139.675706345,35.50020624,139.675673656329,35.5004438794661,6826.95121985501
464-1430,464,1430,埋蔵文化財包蔵地,鶴見区NO.93,139.67140937,35.50452294,139.671409356593,35.5045303836873,7069.25251030739
465-1430,465,1430,埋蔵文化財包蔵地,鶴見区NO.94,139.670483905,35.50378505,139.670483889844,35.5037924918914,6959.12788153632
462-1430,462,1430,埋蔵文化財包蔵地,鶴見区NO.95,139.66601662,35.50483573,139.66601660671,35.5048431713505,6904.83648027998
1599-1430,1599,1430,埋蔵文化財包蔵地,鶴見区NO.96,139.666280335,35.50301871,139.666324188112,35.5029644844638,6726.69341655206
1600-1430,1600,1430,埋蔵文化財包蔵地,鶴見区NO.97,139.664969585,35.500569885,139.664935716025,35.5006240423693,6429.54434955042
1601-1430,1601,1430,埋蔵文化財包蔵地,鶴見区NO.98,139.671293935,35.502218815,139.671266462801,35.502172636195,6834.25260511011
1598-1430,1598,1430,埋蔵文化財包蔵地,鶴見区NO.99,139.663304425,35.50461306,139.663304610197,35.5045870317673,6794.18212941421
