scheme,phase_code,phase_order,group_id,group_label,presence_count,phase_known_geo_total,phase_share
watersystem_x_unit_basin_x_landform,Pa,1,B_830305_18_LF_CLASS::台地・段丘,多摩川 / basin 18 / 台地・段丘,40,691,0.05788712011577424
watersystem_x_unit_basin_x_landform,Pa,1,B_unknown_0_LF_CLASS::台地・段丘,古川・目黒川・立会川・呑川 / basin 0 / 台地・段丘,31,691,0.04486251808972504
watersystem_x_unit_basin_x_landform,Pa,1,B_830304_47_LF_CLASS::台地・段丘,荒川 / basin 47 / 台地・段丘,25,691,0.0361794500723589
watersystem_x_unit_basin_x_landform,Pa,1,B_830304_67_LF_CLASS::台地・段丘,荒川 / basin 67 / 台地・段丘,22,691,0.03183791606367583
watersystem_x_unit_basin_x_landform,Pa,1,B_830304_52_LF_CLASS::台地・段丘,荒川 / basin 52 / 台地・段丘,19,691,0.027496382054992764
watersystem_x_unit_basin_x_landform,Pa,1,B_830305_28_LF_CLASS::山地斜面等,多摩川 / basin 28 / 山地斜面等,19,691,0.027496382054992764
watersystem_x_unit_basin_x_landform,Pa,1,B_830305_30_LF_CLASS::山地斜面等,多摩川 / basin 30 / 山地斜面等,19,691,0.027496382054992764
watersystem_x_unit_basin_x_landform,Pa,1,B_830305_23_LF_CLASS::山地斜面等,多摩川 / basin 23 / 山地斜面等,16,691,0.023154848046309694
watersystem_x_unit_basin_x_landform,Pa,1,B_830304_61_LF_CLASS::台地・段丘,荒川 / basin 61 / 台地・段丘,15,691,0.02170767004341534
watersystem_x_unit_basin_x_landform,Pa,1,B_830304_70_LF_CLASS::台地・段丘,荒川 / basin 70 / 台地・段丘,15,691,0.02170767004341534
watersystem_x_unit_basin_x_landform,Pa,1,B_830304_80_LF_CLASS::台地・段丘,荒川 / basin 80 / 台地・段丘,15,691,0.02170767004341534
watersystem_x_unit_basin_x_landform,Pa,1,B_830305_22_LF_CLASS::山地斜面等,多摩川 / basin 22 / 山地斜面等,15,691,0.02170767004341534
watersystem_x_unit_basin_x_landform,Pa,1,B_830306_20_LF_CLASS::山地斜面等,鶴見川 / basin 20 / 山地斜面等,14,691,0.020260492040520984
watersystem_x_unit_basin_x_landform,Pa,1,B_140013_17_LF_CLASS::山地斜面等,境川 / basin 17 / 山地斜面等,13,691,0.01881331403762663
watersystem_x_unit_basin_x_landform,Pa,1,B_830305_14_LF_CLASS::台地・段丘,多摩川 / basin 14 / 台地・段丘,11,691,0.015918958031837915
watersystem_x_unit_basin_x_landform,Pa,1,B_830304_47_LF_CLASS::山地斜面等,荒川 / basin 47 / 山地斜面等,9,691,0.013024602026049204
watersystem_x_unit_basin_x_landform,Pa,1,B_830305_10_LF_CLASS::台地・段丘,多摩川 / basin 10 / 台地・段丘,9,691,0.013024602026049204
watersystem_x_unit_basin_x_landform,Pa,1,B_830305_17_LF_CLASS::山地斜面等,多摩川 / basin 17 / 山地斜面等,9,691,0.013024602026049204
watersystem_x_unit_basin_x_landform,Pa,1,B_830304_26_LF_CLASS::台地・段丘,荒川 / basin 26 / 台地・段丘,8,691,0.011577424023154847
watersystem_x_unit_basin_x_landform,Pa,1,B_830304_57_LF_CLASS::山地斜面等,荒川 / basin 57 / 山地斜面等,8,691,0.011577424023154847
watersystem_x_unit_basin_x_landform,Pa,1,B_830305_30_LF_CLASS::台地・段丘,多摩川 / basin 30 / 台地・段丘,8,691,0.011577424023154847
watersystem_x_unit_basin_x_landform,Pa,1,B_830305_8_LF_CLASS::台地・段丘,多摩川 / basin 8 / 台地・段丘,8,691,0.011577424023154847
watersystem_x_unit_basin_x_landform,Pa,1,B_830305_18_LF_CLASS::氾濫平野・海岸平野,多摩川 / basin 18 / 氾濫平野・海岸平野,7,691,0.010130246020260492
watersystem_x_unit_basin_x_landform,Pa,1,B_830305_40_LF_CLASS::台地・段丘,多摩川 / basin 40 / 台地・段丘,7,691,0.010130246020260492
watersystem_x_unit_basin_x_landform,Pa,1,B_130000_4_LF_CLASS::台地・段丘,名称不明 / basin 4 / 台地・段丘,6,691,0.008683068017366137
watersystem_x_unit_basin_x_landform,Pa,1,B_130000_5_LF_CLASS::台地・段丘,名称不明 / basin 5 / 台地・段丘,6,691,0.008683068017366137
watersystem_x_unit_basin_x_landform,Pa,1,B_830304_54_LF_CLASS::台地・段丘,荒川 / basin 54 / 台地・段丘,6,691,0.008683068017366137
watersystem_x_unit_basin_x_landform,Pa,1,B_830304_57_LF_CLASS::台地・段丘,荒川 / basin 57 / 台地・段丘,6,691,0.008683068017366137
watersystem_x_unit_basin_x_landform,Pa,1,B_830304_86_LF_CLASS::水部,荒川 / basin 86 / 水部,6,691,0.008683068017366137
watersystem_x_unit_basin_x_landform,Pa,1,B_830305_16_LF_CLASS::台地・段丘,多摩川 / basin 16 / 台地・段丘,6,691,0.008683068017366137
watersystem_x_unit_basin_x_landform,Pa,1,B_830305_18_LF_CLASS::崖・段丘崖,多摩川 / basin 18 / 崖・段丘崖,6,691,0.008683068017366137
watersystem_x_unit_basin_x_landform,Pa,1,B_830305_34_LF_CLASS::台地・段丘,多摩川 / basin 34 / 台地・段丘,6,691,0.008683068017366137
watersystem_x_unit_basin_x_landform,Pa,1,B_140013_17_LF_CLASS::台地・段丘,境川 / basin 17 / 台地・段丘,5,691,0.00723589001447178
watersystem_x_unit_basin_x_landform,Pa,1,B_830304_120_LF_CLASS::台地・段丘,荒川 / basin 120 / 台地・段丘,5,691,0.00723589001447178
watersystem_x_unit_basin_x_landform,Pa,1,B_830304_54_LF_CLASS::山地斜面等,荒川 / basin 54 / 山地斜面等,5,691,0.00723589001447178
watersystem_x_unit_basin_x_landform,Pa,1,B_830304_67_LF_CLASS::山地斜面等,荒川 / basin 67 / 山地斜面等,5,691,0.00723589001447178
watersystem_x_unit_basin_x_landform,Pa,1,B_830304_83_LF_CLASS::台地・段丘,荒川 / basin 83 / 台地・段丘,5,691,0.00723589001447178
watersystem_x_unit_basin_x_landform,Pa,1,B_830304_88_LF_CLASS::山地斜面等,荒川 / basin 88 / 山地斜面等,5,691,0.00723589001447178
watersystem_x_unit_basin_x_landform,Pa,1,B_830305_17_LF_CLASS::台地・段丘,多摩川 / basin 17 / 台地・段丘,5,691,0.00723589001447178
watersystem_x_unit_basin_x_landform,Pa,1,B_830305_22_LF_CLASS::台地・段丘,多摩川 / basin 22 / 台地・段丘,5,691,0.00723589001447178
watersystem_x_unit_basin_x_landform,Pa,1,B_830305_25_LF_CLASS::台地・段丘,多摩川 / basin 25 / 台地・段丘,5,691,0.00723589001447178
watersystem_x_unit_basin_x_landform,Pa,1,B_830305_35_LF_CLASS::台地・段丘,多摩川 / basin 35 / 台地・段丘,5,691,0.00723589001447178
watersystem_x_unit_basin_x_landform,Pa,1,B_830305_40_LF_CLASS::山地斜面等,多摩川 / basin 40 / 山地斜面等,5,691,0.00723589001447178
watersystem_x_unit_basin_x_landform,Pa,1,B_830306_21_LF_CLASS::山地斜面等,鶴見川 / basin 21 / 山地斜面等,5,691,0.00723589001447178
watersystem_x_unit_basin_x_landform,Pa,1,B_830304_27_LF_CLASS::台地・段丘,荒川 / basin 27 / 台地・段丘,4,691,0.005788712011577424
watersystem_x_unit_basin_x_landform,Pa,1,B_830304_42_LF_CLASS::台地・段丘,荒川 / basin 42 / 台地・段丘,4,691,0.005788712011577424
watersystem_x_unit_basin_x_landform,Pa,1,B_830304_52_LF_CLASS::山地斜面等,荒川 / basin 52 / 山地斜面等,4,691,0.005788712011577424
watersystem_x_unit_basin_x_landform,Pa,1,B_830304_55_LF_CLASS::台地・段丘,荒川 / basin 55 / 台地・段丘,4,691,0.005788712011577424
watersystem_x_unit_basin_x_landform,Pa,1,B_830304_68_LF_CLASS::台地・段丘,荒川 / basin 68 / 台地・段丘,4,691,0.005788712011577424
watersystem_x_unit_basin_x_landform,Pa,1,B_830304_80_LF_CLASS::山地斜面等,荒川 / basin 80 / 山地斜面等,4,691,0.005788712011577424
watersystem_x_unit_basin_x_landform,Pa,1,B_830304_86_LF_CLASS::台地・段丘,荒川 / basin 86 / 台地・段丘,4,691,0.005788712011577424
watersystem_x_unit_basin_x_landform,Pa,1,B_830304_86_LF_CLASS::山地斜面等,荒川 / basin 86 / 山地斜面等,4,691,0.005788712011577424
watersystem_x_unit_basin_x_landform,Pa,1,B_830305_18_LF_CLASS::山地斜面等,多摩川 / basin 18 / 山地斜面等,4,691,0.005788712011577424
watersystem_x_unit_basin_x_landform,Pa,1,B_830305_20_LF_CLASS::台地・段丘,多摩川 / basin 20 / 台地・段丘,4,691,0.005788712011577424
watersystem_x_unit_basin_x_landform,Pa,1,B_830305_22_LF_CLASS::山麓堆積地形,多摩川 / basin 22 / 山麓堆積地形,4,691,0.005788712011577424
watersystem_x_unit_basin_x_landform,Pa,1,B_830305_23_LF_CLASS::台地・段丘,多摩川 / basin 23 / 台地・段丘,4,691,0.005788712011577424
watersystem_x_unit_basin_x_landform,Pa,1,B_830305_35_LF_CLASS::山地斜面等,多摩川 / basin 35 / 山地斜面等,4,691,0.005788712011577424
watersystem_x_unit_basin_x_landform,Pa,1,B_unknown_0_LF_CLASS::山地斜面等,古川・目黒川・立会川・呑川 / basin 0 / 山地斜面等,4,691,0.005788712011577424
watersystem_x_unit_basin_x_landform,Pa,1,B_140013_17_LF_CLASS::氾濫平野・海岸平野,境川 / basin 17 / 氾濫平野・海岸平野,3,691,0.004341534008683068
watersystem_x_unit_basin_x_landform,Pa,1,B_140013_19_LF_CLASS::山地斜面等,境川 / basin 19 / 山地斜面等,3,691,0.004341534008683068
watersystem_x_unit_basin_x_landform,Pa,1,B_830304_37_LF_CLASS::台地・段丘,荒川 / basin 37 / 台地・段丘,3,691,0.004341534008683068
watersystem_x_unit_basin_x_landform,Pa,1,B_830304_39_LF_CLASS::台地・段丘,荒川 / basin 39 / 台地・段丘,3,691,0.004341534008683068
watersystem_x_unit_basin_x_landform,Pa,1,B_830304_47_LF_CLASS::凹地・浅い谷,荒川 / basin 47 / 凹地・浅い谷,3,691,0.004341534008683068
watersystem_x_unit_basin_x_landform,Pa,1,B_830304_53_LF_CLASS::台地・段丘,荒川 / basin 53 / 台地・段丘,3,691,0.004341534008683068
watersystem_x_unit_basin_x_landform,Pa,1,B_830304_53_LF_CLASS::山地斜面等,荒川 / basin 53 / 山地斜面等,3,691,0.004341534008683068
watersystem_x_unit_basin_x_landform,Pa,1,B_830304_56_LF_CLASS::台地・段丘,荒川 / basin 56 / 台地・段丘,3,691,0.004341534008683068
watersystem_x_unit_basin_x_landform,Pa,1,B_830304_61_LF_CLASS::山地斜面等,荒川 / basin 61 / 山地斜面等,3,691,0.004341534008683068
watersystem_x_unit_basin_x_landform,Pa,1,B_830304_68_LF_CLASS::山地斜面等,荒川 / basin 68 / 山地斜面等,3,691,0.004341534008683068
watersystem_x_unit_basin_x_landform,Pa,1,B_830304_70_LF_CLASS::山地斜面等,荒川 / basin 70 / 山地斜面等,3,691,0.004341534008683068
watersystem_x_unit_basin_x_landform,Pa,1,B_830304_87_LF_CLASS::山地斜面等,荒川 / basin 87 / 山地斜面等,3,691,0.004341534008683068
watersystem_x_unit_basin_x_landform,Pa,1,B_830305_12_LF_CLASS::台地・段丘,多摩川 / basin 12 / 台地・段丘,3,691,0.004341534008683068
watersystem_x_unit_basin_x_landform,Pa,1,B_830305_19_LF_CLASS::台地・段丘,多摩川 / basin 19 / 台地・段丘,3,691,0.004341534008683068
watersystem_x_unit_basin_x_landform,Pa,1,B_830305_36_LF_CLASS::台地・段丘,多摩川 / basin 36 / 台地・段丘,3,691,0.004341534008683068
watersystem_x_unit_basin_x_landform,Pa,1,B_830305_3_LF_CLASS::台地・段丘,多摩川 / basin 3 / 台地・段丘,3,691,0.004341534008683068
watersystem_x_unit_basin_x_landform,Pa,1,B_830306_16_LF_CLASS::台地・段丘,鶴見川 / basin 16 / 台地・段丘,3,691,0.004341534008683068
watersystem_x_unit_basin_x_landform,Pa,1,B_830306_16_LF_CLASS::山地斜面等,鶴見川 / basin 16 / 山地斜面等,3,691,0.004341534008683068
watersystem_x_unit_basin_x_landform,Pa,1,B_unknown_0_LF_CLASS::凹地・浅い谷,古川・目黒川・立会川・呑川 / basin 0 / 凹地・浅い谷,3,691,0.004341534008683068
watersystem_x_unit_basin_x_landform,Pa,1,B_130000_1_LF_CLASS::台地・段丘,名称不明 / basin 1 / 台地・段丘,2,691,0.002894356005788712
watersystem_x_unit_basin_x_landform,Pa,1,B_830304_26_LF_CLASS::山地斜面等,荒川 / basin 26 / 山地斜面等,2,691,0.002894356005788712
watersystem_x_unit_basin_x_landform,Pa,1,B_830304_67_LF_CLASS::氾濫平野・海岸平野,荒川 / basin 67 / 氾濫平野・海岸平野,2,691,0.002894356005788712
watersystem_x_unit_basin_x_landform,Pa,1,B_830304_70_LF_CLASS::氾濫平野・海岸平野,荒川 / basin 70 / 氾濫平野・海岸平野,2,691,0.002894356005788712
watersystem_x_unit_basin_x_landform,Pa,1,B_830304_82_LF_CLASS::山地斜面等,荒川 / basin 82 / 山地斜面等,2,691,0.002894356005788712
watersystem_x_unit_basin_x_landform,Pa,1,B_830304_88_LF_CLASS::台地・段丘,荒川 / basin 88 / 台地・段丘,2,691,0.002894356005788712
watersystem_x_unit_basin_x_landform,Pa,1,B_830305_13_LF_CLASS::台地・段丘,多摩川 / basin 13 / 台地・段丘,2,691,0.002894356005788712
watersystem_x_unit_basin_x_landform,Pa,1,B_830305_18_LF_CLASS::凹地・浅い谷,多摩川 / basin 18 / 凹地・浅い谷,2,691,0.002894356005788712
watersystem_x_unit_basin_x_landform,Pa,1,B_830305_19_LF_CLASS::凹地・浅い谷,多摩川 / basin 19 / 凹地・浅い谷,2,691,0.002894356005788712
watersystem_x_unit_basin_x_landform,Pa,1,B_830305_22_LF_CLASS::氾濫平野・海岸平野,多摩川 / basin 22 / 氾濫平野・海岸平野,2,691,0.002894356005788712
watersystem_x_unit_basin_x_landform,Pa,1,B_830305_23_LF_CLASS::氾濫平野・海岸平野,多摩川 / basin 23 / 氾濫平野・海岸平野,2,691,0.002894356005788712
watersystem_x_unit_basin_x_landform,Pa,1,B_830305_27_LF_CLASS::台地・段丘,多摩川 / basin 27 / 台地・段丘,2,691,0.002894356005788712
watersystem_x_unit_basin_x_landform,Pa,1,B_830305_28_LF_CLASS::台地・段丘,多摩川 / basin 28 / 台地・段丘,2,691,0.002894356005788712
watersystem_x_unit_basin_x_landform,Pa,1,B_830305_30_LF_CLASS::山麓堆積地形,多摩川 / basin 30 / 山麓堆積地形,2,691,0.002894356005788712
watersystem_x_unit_basin_x_landform,Pa,1,B_830305_33_LF_CLASS::台地・段丘,多摩川 / basin 33 / 台地・段丘,2,691,0.002894356005788712
watersystem_x_unit_basin_x_landform,Pa,1,B_830305_34_LF_CLASS::凹地・浅い谷,多摩川 / basin 34 / 凹地・浅い谷,2,691,0.002894356005788712
watersystem_x_unit_basin_x_landform,Pa,1,B_830305_36_LF_CLASS::山地斜面等,多摩川 / basin 36 / 山地斜面等,2,691,0.002894356005788712
watersystem_x_unit_basin_x_landform,Pa,1,B_830305_5_LF_CLASS::台地・段丘,多摩川 / basin 5 / 台地・段丘,2,691,0.002894356005788712
watersystem_x_unit_basin_x_landform,Pa,1,B_830306_16_LF_CLASS::氾濫平野・海岸平野,鶴見川 / basin 16 / 氾濫平野・海岸平野,2,691,0.002894356005788712
watersystem_x_unit_basin_x_landform,Pa,1,B_830306_19_LF_CLASS::山地斜面等,鶴見川 / basin 19 / 山地斜面等,2,691,0.002894356005788712
watersystem_x_unit_basin_x_landform,Pa,1,B_830306_21_LF_CLASS::氾濫平野・海岸平野,鶴見川 / basin 21 / 氾濫平野・海岸平野,2,691,0.002894356005788712
watersystem_x_unit_basin_x_landform,Pa,1,B_130000_2_LF_CLASS::凹地・浅い谷,名称不明 / basin 2 / 凹地・浅い谷,1,691,0.001447178002894356
watersystem_x_unit_basin_x_landform,Pa,1,B_130000_2_LF_CLASS::山地斜面等,名称不明 / basin 2 / 山地斜面等,1,691,0.001447178002894356
watersystem_x_unit_basin_x_landform,Pa,1,B_130000_3_LF_CLASS::凹地・浅い谷,名称不明 / basin 3 / 凹地・浅い谷,1,691,0.001447178002894356
watersystem_x_unit_basin_x_landform,Pa,1,B_130000_3_LF_CLASS::台地・段丘,名称不明 / basin 3 / 台地・段丘,1,691,0.001447178002894356
watersystem_x_unit_basin_x_landform,Pa,1,B_130000_4_LF_CLASS::山地斜面等,名称不明 / basin 4 / 山地斜面等,1,691,0.001447178002894356
watersystem_x_unit_basin_x_landform,Pa,1,B_130000_4_LF_CLASS::後背低地・湿地,名称不明 / basin 4 / 後背低地・湿地,1,691,0.001447178002894356
watersystem_x_unit_basin_x_landform,Pa,1,B_130000_5_LF_CLASS::山地斜面等,名称不明 / basin 5 / 山地斜面等,1,691,0.001447178002894356
watersystem_x_unit_basin_x_landform,Pa,1,B_130000_6_LF_CLASS::山地斜面等,名称不明 / basin 6 / 山地斜面等,1,691,0.001447178002894356
watersystem_x_unit_basin_x_landform,Pa,1,B_830304_120_LF_CLASS::山地斜面等,荒川 / basin 120 / 山地斜面等,1,691,0.001447178002894356
watersystem_x_unit_basin_x_landform,Pa,1,B_830304_15_LF_CLASS::台地・段丘,荒川 / basin 15 / 台地・段丘,1,691,0.001447178002894356
watersystem_x_unit_basin_x_landform,Pa,1,B_830304_161_LF_CLASS::台地・段丘,荒川 / basin 161 / 台地・段丘,1,691,0.001447178002894356
watersystem_x_unit_basin_x_landform,Pa,1,B_830304_16_LF_CLASS::台地・段丘,荒川 / basin 16 / 台地・段丘,1,691,0.001447178002894356
watersystem_x_unit_basin_x_landform,Pa,1,B_830304_25_LF_CLASS::台地・段丘,荒川 / basin 25 / 台地・段丘,1,691,0.001447178002894356
watersystem_x_unit_basin_x_landform,Pa,1,B_830304_26_LF_CLASS::氾濫平野・海岸平野,荒川 / basin 26 / 氾濫平野・海岸平野,1,691,0.001447178002894356
watersystem_x_unit_basin_x_landform,Pa,1,B_830304_38_LF_CLASS::台地・段丘,荒川 / basin 38 / 台地・段丘,1,691,0.001447178002894356
watersystem_x_unit_basin_x_landform,Pa,1,B_830304_39_LF_CLASS::山地斜面等,荒川 / basin 39 / 山地斜面等,1,691,0.001447178002894356
watersystem_x_unit_basin_x_landform,Pa,1,B_830304_39_LF_CLASS::崖・段丘崖,荒川 / basin 39 / 崖・段丘崖,1,691,0.001447178002894356
watersystem_x_unit_basin_x_landform,Pa,1,B_830304_39_LF_CLASS::水部,荒川 / basin 39 / 水部,1,691,0.001447178002894356
watersystem_x_unit_basin_x_landform,Pa,1,B_830304_40_LF_CLASS::凹地・浅い谷,荒川 / basin 40 / 凹地・浅い谷,1,691,0.001447178002894356
watersystem_x_unit_basin_x_landform,Pa,1,B_830304_40_LF_CLASS::台地・段丘,荒川 / basin 40 / 台地・段丘,1,691,0.001447178002894356
watersystem_x_unit_basin_x_landform,Pa,1,B_830304_40_LF_CLASS::山地斜面等,荒川 / basin 40 / 山地斜面等,1,691,0.001447178002894356
watersystem_x_unit_basin_x_landform,Pa,1,B_830304_40_LF_CLASS::氾濫平野・海岸平野,荒川 / basin 40 / 氾濫平野・海岸平野,1,691,0.001447178002894356
watersystem_x_unit_basin_x_landform,Pa,1,B_830304_47_LF_CLASS::氾濫平野・海岸平野,荒川 / basin 47 / 氾濫平野・海岸平野,1,691,0.001447178002894356
watersystem_x_unit_basin_x_landform,Pa,1,B_830304_51_LF_CLASS::台地・段丘,荒川 / basin 51 / 台地・段丘,1,691,0.001447178002894356
watersystem_x_unit_basin_x_landform,Pa,1,B_830304_51_LF_CLASS::山地斜面等,荒川 / basin 51 / 山地斜面等,1,691,0.001447178002894356
watersystem_x_unit_basin_x_landform,Pa,1,B_830304_57_LF_CLASS::氾濫平野・海岸平野,荒川 / basin 57 / 氾濫平野・海岸平野,1,691,0.001447178002894356
watersystem_x_unit_basin_x_landform,Pa,1,B_830304_61_LF_CLASS::凹地・浅い谷,荒川 / basin 61 / 凹地・浅い谷,1,691,0.001447178002894356
watersystem_x_unit_basin_x_landform,Pa,1,B_830304_68_LF_CLASS::凹地・浅い谷,荒川 / basin 68 / 凹地・浅い谷,1,691,0.001447178002894356
watersystem_x_unit_basin_x_landform,Pa,1,B_830304_69_LF_CLASS::台地・段丘,荒川 / basin 69 / 台地・段丘,1,691,0.001447178002894356
watersystem_x_unit_basin_x_landform,Pa,1,B_830304_77_LF_CLASS::台地・段丘,荒川 / basin 77 / 台地・段丘,1,691,0.001447178002894356
watersystem_x_unit_basin_x_landform,Pa,1,B_830304_79_LF_CLASS::台地・段丘,荒川 / basin 79 / 台地・段丘,1,691,0.001447178002894356
watersystem_x_unit_basin_x_landform,Pa,1,B_830304_79_LF_CLASS::山地斜面等,荒川 / basin 79 / 山地斜面等,1,691,0.001447178002894356
watersystem_x_unit_basin_x_landform,Pa,1,B_830304_80_LF_CLASS::氾濫平野・海岸平野,荒川 / basin 80 / 氾濫平野・海岸平野,1,691,0.001447178002894356
watersystem_x_unit_basin_x_landform,Pa,1,B_830304_86_LF_CLASS::氾濫平野・海岸平野,荒川 / basin 86 / 氾濫平野・海岸平野,1,691,0.001447178002894356
watersystem_x_unit_basin_x_landform,Pa,1,B_830304_88_LF_CLASS::氾濫平野・海岸平野,荒川 / basin 88 / 氾濫平野・海岸平野,1,691,0.001447178002894356
watersystem_x_unit_basin_x_landform,Pa,1,B_830304_98_LF_CLASS::山地斜面等,荒川 / basin 98 / 山地斜面等,1,691,0.001447178002894356
watersystem_x_unit_basin_x_landform,Pa,1,B_830305_12_LF_CLASS::凹地・浅い谷,多摩川 / basin 12 / 凹地・浅い谷,1,691,0.001447178002894356
watersystem_x_unit_basin_x_landform,Pa,1,B_830305_14_LF_CLASS::凹地・浅い谷,多摩川 / basin 14 / 凹地・浅い谷,1,691,0.001447178002894356
watersystem_x_unit_basin_x_landform,Pa,1,B_830305_14_LF_CLASS::山地斜面等,多摩川 / basin 14 / 山地斜面等,1,691,0.001447178002894356
watersystem_x_unit_basin_x_landform,Pa,1,B_830305_14_LF_CLASS::氾濫平野・海岸平野,多摩川 / basin 14 / 氾濫平野・海岸平野,1,691,0.001447178002894356
watersystem_x_unit_basin_x_landform,Pa,1,B_830305_16_LF_CLASS::山地斜面等,多摩川 / basin 16 / 山地斜面等,1,691,0.001447178002894356
watersystem_x_unit_basin_x_landform,Pa,1,B_830305_16_LF_CLASS::崖・段丘崖,多摩川 / basin 16 / 崖・段丘崖,1,691,0.001447178002894356
watersystem_x_unit_basin_x_landform,Pa,1,B_830305_19_LF_CLASS::山地斜面等,多摩川 / basin 19 / 山地斜面等,1,691,0.001447178002894356
watersystem_x_unit_basin_x_landform,Pa,1,B_830305_20_LF_CLASS::山地斜面等,多摩川 / basin 20 / 山地斜面等,1,691,0.001447178002894356
watersystem_x_unit_basin_x_landform,Pa,1,B_830305_22_LF_CLASS::旧河道,多摩川 / basin 22 / 旧河道,1,691,0.001447178002894356
watersystem_x_unit_basin_x_landform,Pa,1,B_830305_23_LF_CLASS::崖・段丘崖,多摩川 / basin 23 / 崖・段丘崖,1,691,0.001447178002894356
watersystem_x_unit_basin_x_landform,Pa,1,B_830305_25_LF_CLASS::凹地・浅い谷,多摩川 / basin 25 / 凹地・浅い谷,1,691,0.001447178002894356
watersystem_x_unit_basin_x_landform,Pa,1,B_830305_26_LF_CLASS::凹地・浅い谷,多摩川 / basin 26 / 凹地・浅い谷,1,691,0.001447178002894356
watersystem_x_unit_basin_x_landform,Pa,1,B_830305_26_LF_CLASS::台地・段丘,多摩川 / basin 26 / 台地・段丘,1,691,0.001447178002894356
watersystem_x_unit_basin_x_landform,Pa,1,B_830305_27_LF_CLASS::凹地・浅い谷,多摩川 / basin 27 / 凹地・浅い谷,1,691,0.001447178002894356
watersystem_x_unit_basin_x_landform,Pa,1,B_830305_27_LF_CLASS::山地斜面等,多摩川 / basin 27 / 山地斜面等,1,691,0.001447178002894356
watersystem_x_unit_basin_x_landform,Pa,1,B_830305_28_LF_CLASS::山麓堆積地形,多摩川 / basin 28 / 山麓堆積地形,1,691,0.001447178002894356
watersystem_x_unit_basin_x_landform,Pa,1,B_830305_2_LF_CLASS::台地・段丘,多摩川 / basin 2 / 台地・段丘,1,691,0.001447178002894356
watersystem_x_unit_basin_x_landform,Pa,1,B_830305_30_LF_CLASS::氾濫平野・海岸平野,多摩川 / basin 30 / 氾濫平野・海岸平野,1,691,0.001447178002894356
watersystem_x_unit_basin_x_landform,Pa,1,B_830305_34_LF_CLASS::山地斜面等,多摩川 / basin 34 / 山地斜面等,1,691,0.001447178002894356
watersystem_x_unit_basin_x_landform,Pa,1,B_830305_34_LF_CLASS::氾濫平野・海岸平野,多摩川 / basin 34 / 氾濫平野・海岸平野,1,691,0.001447178002894356
watersystem_x_unit_basin_x_landform,Pa,1,B_830305_40_LF_CLASS::凹地・浅い谷,多摩川 / basin 40 / 凹地・浅い谷,1,691,0.001447178002894356
watersystem_x_unit_basin_x_landform,Pa,1,B_830305_43_LF_CLASS::凹地・浅い谷,多摩川 / basin 43 / 凹地・浅い谷,1,691,0.001447178002894356
watersystem_x_unit_basin_x_landform,Pa,1,B_830305_43_LF_CLASS::台地・段丘,多摩川 / basin 43 / 台地・段丘,1,691,0.001447178002894356
watersystem_x_unit_basin_x_landform,Pa,1,B_830305_50_LF_CLASS::台地・段丘,多摩川 / basin 50 / 台地・段丘,1,691,0.001447178002894356
watersystem_x_unit_basin_x_landform,Pa,1,B_830305_56_LF_CLASS::台地・段丘,多摩川 / basin 56 / 台地・段丘,1,691,0.001447178002894356
watersystem_x_unit_basin_x_landform,Pa,1,B_830305_72_LF_CLASS::台地・段丘,多摩川 / basin 72 / 台地・段丘,1,691,0.001447178002894356
watersystem_x_unit_basin_x_landform,Pa,1,B_830305_8_LF_CLASS::山地斜面等,多摩川 / basin 8 / 山地斜面等,1,691,0.001447178002894356
watersystem_x_unit_basin_x_landform,Pa,1,B_830306_20_LF_CLASS::台地・段丘,鶴見川 / basin 20 / 台地・段丘,1,691,0.001447178002894356
watersystem_x_unit_basin_x_landform,Pa,1,B_830306_21_LF_CLASS::台地・段丘,鶴見川 / basin 21 / 台地・段丘,1,691,0.001447178002894356
watersystem_x_unit_basin_x_landform,Pa,1,B_unknown_0_LF_CLASS::氾濫平野・海岸平野,古川・目黒川・立会川・呑川 / basin 0 / 氾濫平野・海岸平野,1,691,0.001447178002894356
watersystem_x_unit_basin_x_landform,Jo,2,B_830306_20_LF_CLASS::山地斜面等,鶴見川 / basin 20 / 山地斜面等,252,3655,0.06894664842681258
watersystem_x_unit_basin_x_landform,Jo,2,B_unknown_0_LF_CLASS::台地・段丘,古川・目黒川・立会川・呑川 / basin 0 / 台地・段丘,153,3655,0.04186046511627907
watersystem_x_unit_basin_x_landform,Jo,2,B_830305_28_LF_CLASS::山地斜面等,多摩川 / basin 28 / 山地斜面等,151,3655,0.04131326949384405
watersystem_x_unit_basin_x_landform,Jo,2,B_830305_22_LF_CLASS::山地斜面等,多摩川 / basin 22 / 山地斜面等,148,3655,0.04049247606019152
watersystem_x_unit_basin_x_landform,Jo,2,B_830305_30_LF_CLASS::山地斜面等,多摩川 / basin 30 / 山地斜面等,134,3655,0.036662106703146374
watersystem_x_unit_basin_x_landform,Jo,2,B_140013_17_LF_CLASS::山地斜面等,境川 / basin 17 / 山地斜面等,124,3655,0.03392612859097127
watersystem_x_unit_basin_x_landform,Jo,2,B_830305_23_LF_CLASS::山地斜面等,多摩川 / basin 23 / 山地斜面等,108,3655,0.029548563611491108
watersystem_x_unit_basin_x_landform,Jo,2,B_830305_17_LF_CLASS::山地斜面等,多摩川 / basin 17 / 山地斜面等,75,3655,0.02051983584131327
watersystem_x_unit_basin_x_landform,Jo,2,B_830305_18_LF_CLASS::台地・段丘,多摩川 / basin 18 / 台地・段丘,72,3655,0.01969904240766074
watersystem_x_unit_basin_x_landform,Jo,2,B_830306_16_LF_CLASS::山地斜面等,鶴見川 / basin 16 / 山地斜面等,65,3655,0.017783857729138167
watersystem_x_unit_basin_x_landform,Jo,2,B_unknown_0_LF_CLASS::山地斜面等,古川・目黒川・立会川・呑川 / basin 0 / 山地斜面等,56,3655,0.015321477428180574
watersystem_x_unit_basin_x_landform,Jo,2,B_830306_16_LF_CLASS::台地・段丘,鶴見川 / basin 16 / 台地・段丘,54,3655,0.014774281805745554
watersystem_x_unit_basin_x_landform,Jo,2,B_830304_86_LF_CLASS::山地斜面等,荒川 / basin 86 / 山地斜面等,48,3655,0.013132694938440492
watersystem_x_unit_basin_x_landform,Jo,2,B_830306_21_LF_CLASS::山地斜面等,鶴見川 / basin 21 / 山地斜面等,48,3655,0.013132694938440492
watersystem_x_unit_basin_x_landform,Jo,2,B_830304_80_LF_CLASS::台地・段丘,荒川 / basin 80 / 台地・段丘,47,3655,0.012859097127222982
watersystem_x_unit_basin_x_landform,Jo,2,B_830304_67_LF_CLASS::台地・段丘,荒川 / basin 67 / 台地・段丘,46,3655,0.012585499316005472
watersystem_x_unit_basin_x_landform,Jo,2,B_830304_68_LF_CLASS::台地・段丘,荒川 / basin 68 / 台地・段丘,45,3655,0.012311901504787962
watersystem_x_unit_basin_x_landform,Jo,2,B_830304_52_LF_CLASS::台地・段丘,荒川 / basin 52 / 台地・段丘,42,3655,0.01149110807113543
watersystem_x_unit_basin_x_landform,Jo,2,B_830305_36_LF_CLASS::山地斜面等,多摩川 / basin 36 / 山地斜面等,39,3655,0.0106703146374829
watersystem_x_unit_basin_x_landform,Jo,2,B_830305_35_LF_CLASS::山地斜面等,多摩川 / basin 35 / 山地斜面等,37,3655,0.01012311901504788
watersystem_x_unit_basin_x_landform,Jo,2,B_830304_47_LF_CLASS::台地・段丘,荒川 / basin 47 / 台地・段丘,36,3655,0.00984952120383037
watersystem_x_unit_basin_x_landform,Jo,2,B_830305_43_LF_CLASS::台地・段丘,多摩川 / basin 43 / 台地・段丘,36,3655,0.00984952120383037
watersystem_x_unit_basin_x_landform,Jo,2,B_140013_17_LF_CLASS::台地・段丘,境川 / basin 17 / 台地・段丘,34,3655,0.009302325581395349
watersystem_x_unit_basin_x_landform,Jo,2,B_130000_4_LF_CLASS::台地・段丘,名称不明 / basin 4 / 台地・段丘,33,3655,0.009028727770177838
watersystem_x_unit_basin_x_landform,Jo,2,B_830305_14_LF_CLASS::台地・段丘,多摩川 / basin 14 / 台地・段丘,31,3655,0.008481532147742818
watersystem_x_unit_basin_x_landform,Jo,2,B_130000_5_LF_CLASS::台地・段丘,名称不明 / basin 5 / 台地・段丘,30,3655,0.008207934336525308
watersystem_x_unit_basin_x_landform,Jo,2,B_830304_70_LF_CLASS::台地・段丘,荒川 / basin 70 / 台地・段丘,30,3655,0.008207934336525308
watersystem_x_unit_basin_x_landform,Jo,2,B_140013_17_LF_CLASS::氾濫平野・海岸平野,境川 / basin 17 / 氾濫平野・海岸平野,28,3655,0.007660738714090287
watersystem_x_unit_basin_x_landform,Jo,2,B_830305_40_LF_CLASS::台地・段丘,多摩川 / basin 40 / 台地・段丘,28,3655,0.007660738714090287
watersystem_x_unit_basin_x_landform,Jo,2,B_830306_20_LF_CLASS::台地・段丘,鶴見川 / basin 20 / 台地・段丘,28,3655,0.007660738714090287
watersystem_x_unit_basin_x_landform,Jo,2,B_830305_40_LF_CLASS::山地斜面等,多摩川 / basin 40 / 山地斜面等,26,3655,0.007113543091655267
watersystem_x_unit_basin_x_landform,Jo,2,B_830304_55_LF_CLASS::台地・段丘,荒川 / basin 55 / 台地・段丘,25,3655,0.006839945280437756
watersystem_x_unit_basin_x_landform,Jo,2,B_830304_57_LF_CLASS::台地・段丘,荒川 / basin 57 / 台地・段丘,24,3655,0.006566347469220246
watersystem_x_unit_basin_x_landform,Jo,2,B_830304_61_LF_CLASS::台地・段丘,荒川 / basin 61 / 台地・段丘,24,3655,0.006566347469220246
watersystem_x_unit_basin_x_landform,Jo,2,B_830305_23_LF_CLASS::氾濫平野・海岸平野,多摩川 / basin 23 / 氾濫平野・海岸平野,24,3655,0.006566347469220246
watersystem_x_unit_basin_x_landform,Jo,2,B_830306_20_LF_CLASS::氾濫平野・海岸平野,鶴見川 / basin 20 / 氾濫平野・海岸平野,24,3655,0.006566347469220246
watersystem_x_unit_basin_x_landform,Jo,2,B_830304_54_LF_CLASS::台地・段丘,荒川 / basin 54 / 台地・段丘,23,3655,0.006292749658002736
watersystem_x_unit_basin_x_landform,Jo,2,B_830305_22_LF_CLASS::氾濫平野・海岸平野,多摩川 / basin 22 / 氾濫平野・海岸平野,23,3655,0.006292749658002736
watersystem_x_unit_basin_x_landform,Jo,2,B_830304_54_LF_CLASS::山地斜面等,荒川 / basin 54 / 山地斜面等,22,3655,0.006019151846785226
watersystem_x_unit_basin_x_landform,Jo,2,B_830304_26_LF_CLASS::台地・段丘,荒川 / basin 26 / 台地・段丘,20,3655,0.005471956224350205
watersystem_x_unit_basin_x_landform,Jo,2,B_830304_57_LF_CLASS::山地斜面等,荒川 / basin 57 / 山地斜面等,20,3655,0.005471956224350205
watersystem_x_unit_basin_x_landform,Jo,2,B_830304_86_LF_CLASS::台地・段丘,荒川 / basin 86 / 台地・段丘,20,3655,0.005471956224350205
watersystem_x_unit_basin_x_landform,Jo,2,B_830305_23_LF_CLASS::台地・段丘,多摩川 / basin 23 / 台地・段丘,20,3655,0.005471956224350205
watersystem_x_unit_basin_x_landform,Jo,2,B_830305_28_LF_CLASS::氾濫平野・海岸平野,多摩川 / basin 28 / 氾濫平野・海岸平野,20,3655,0.005471956224350205
watersystem_x_unit_basin_x_landform,Jo,2,B_830305_33_LF_CLASS::台地・段丘,多摩川 / basin 33 / 台地・段丘,20,3655,0.005471956224350205
watersystem_x_unit_basin_x_landform,Jo,2,B_830305_10_LF_CLASS::台地・段丘,多摩川 / basin 10 / 台地・段丘,19,3655,0.005198358413132695
watersystem_x_unit_basin_x_landform,Jo,2,B_830305_30_LF_CLASS::氾濫平野・海岸平野,多摩川 / basin 30 / 氾濫平野・海岸平野,19,3655,0.005198358413132695
watersystem_x_unit_basin_x_landform,Jo,2,B_830306_19_LF_CLASS::山地斜面等,鶴見川 / basin 19 / 山地斜面等,19,3655,0.005198358413132695
watersystem_x_unit_basin_x_landform,Jo,2,B_830304_120_LF_CLASS::台地・段丘,荒川 / basin 120 / 台地・段丘,18,3655,0.004924760601915185
watersystem_x_unit_basin_x_landform,Jo,2,B_830304_83_LF_CLASS::台地・段丘,荒川 / basin 83 / 台地・段丘,18,3655,0.004924760601915185
watersystem_x_unit_basin_x_landform,Jo,2,B_830305_35_LF_CLASS::台地・段丘,多摩川 / basin 35 / 台地・段丘,18,3655,0.004924760601915185
watersystem_x_unit_basin_x_landform,Jo,2,B_830304_82_LF_CLASS::台地・段丘,荒川 / basin 82 / 台地・段丘,17,3655,0.004651162790697674
watersystem_x_unit_basin_x_landform,Jo,2,B_830305_42_LF_CLASS::台地・段丘,多摩川 / basin 42 / 台地・段丘,17,3655,0.004651162790697674
watersystem_x_unit_basin_x_landform,Jo,2,B_830305_8_LF_CLASS::台地・段丘,多摩川 / basin 8 / 台地・段丘,17,3655,0.004651162790697674
watersystem_x_unit_basin_x_landform,Jo,2,B_830304_120_LF_CLASS::山地斜面等,荒川 / basin 120 / 山地斜面等,16,3655,0.004377564979480164
watersystem_x_unit_basin_x_landform,Jo,2,B_830304_42_LF_CLASS::台地・段丘,荒川 / basin 42 / 台地・段丘,16,3655,0.004377564979480164
watersystem_x_unit_basin_x_landform,Jo,2,B_830304_47_LF_CLASS::山地斜面等,荒川 / basin 47 / 山地斜面等,16,3655,0.004377564979480164
watersystem_x_unit_basin_x_landform,Jo,2,B_830305_12_LF_CLASS::台地・段丘,多摩川 / basin 12 / 台地・段丘,16,3655,0.004377564979480164
watersystem_x_unit_basin_x_landform,Jo,2,B_830305_34_LF_CLASS::台地・段丘,多摩川 / basin 34 / 台地・段丘,16,3655,0.004377564979480164
watersystem_x_unit_basin_x_landform,Jo,2,B_830304_88_LF_CLASS::山地斜面等,荒川 / basin 88 / 山地斜面等,15,3655,0.004103967168262654
watersystem_x_unit_basin_x_landform,Jo,2,B_140013_19_LF_CLASS::山地斜面等,境川 / basin 19 / 山地斜面等,14,3655,0.0038303693570451436
watersystem_x_unit_basin_x_landform,Jo,2,B_830304_37_LF_CLASS::台地・段丘,荒川 / basin 37 / 台地・段丘,14,3655,0.0038303693570451436
watersystem_x_unit_basin_x_landform,Jo,2,B_830304_52_LF_CLASS::山地斜面等,荒川 / basin 52 / 山地斜面等,14,3655,0.0038303693570451436
watersystem_x_unit_basin_x_landform,Jo,2,B_830304_56_LF_CLASS::台地・段丘,荒川 / basin 56 / 台地・段丘,14,3655,0.0038303693570451436
watersystem_x_unit_basin_x_landform,Jo,2,B_830304_70_LF_CLASS::山地斜面等,荒川 / basin 70 / 山地斜面等,14,3655,0.0038303693570451436
watersystem_x_unit_basin_x_landform,Jo,2,B_830304_80_LF_CLASS::山地斜面等,荒川 / basin 80 / 山地斜面等,14,3655,0.0038303693570451436
watersystem_x_unit_basin_x_landform,Jo,2,B_830304_86_LF_CLASS::水部,荒川 / basin 86 / 水部,14,3655,0.0038303693570451436
watersystem_x_unit_basin_x_landform,Jo,2,B_830305_17_LF_CLASS::台地・段丘,多摩川 / basin 17 / 台地・段丘,14,3655,0.0038303693570451436
watersystem_x_unit_basin_x_landform,Jo,2,B_830305_46_LF_CLASS::台地・段丘,多摩川 / basin 46 / 台地・段丘,14,3655,0.0038303693570451436
watersystem_x_unit_basin_x_landform,Jo,2,B_830304_69_LF_CLASS::台地・段丘,荒川 / basin 69 / 台地・段丘,13,3655,0.0035567715458276333
watersystem_x_unit_basin_x_landform,Jo,2,B_830304_87_LF_CLASS::山地斜面等,荒川 / basin 87 / 山地斜面等,13,3655,0.0035567715458276333
watersystem_x_unit_basin_x_landform,Jo,2,B_830305_22_LF_CLASS::台地・段丘,多摩川 / basin 22 / 台地・段丘,13,3655,0.0035567715458276333
watersystem_x_unit_basin_x_landform,Jo,2,B_830305_30_LF_CLASS::台地・段丘,多摩川 / basin 30 / 台地・段丘,13,3655,0.0035567715458276333
watersystem_x_unit_basin_x_landform,Jo,2,B_830305_34_LF_CLASS::山地斜面等,多摩川 / basin 34 / 山地斜面等,13,3655,0.0035567715458276333
watersystem_x_unit_basin_x_landform,Jo,2,B_830304_40_LF_CLASS::台地・段丘,荒川 / basin 40 / 台地・段丘,12,3655,0.003283173734610123
watersystem_x_unit_basin_x_landform,Jo,2,B_830304_68_LF_CLASS::山地斜面等,荒川 / basin 68 / 山地斜面等,12,3655,0.003283173734610123
watersystem_x_unit_basin_x_landform,Jo,2,B_830305_19_LF_CLASS::台地・段丘,多摩川 / basin 19 / 台地・段丘,12,3655,0.003283173734610123
watersystem_x_unit_basin_x_landform,Jo,2,B_130000_1_LF_CLASS::台地・段丘,名称不明 / basin 1 / 台地・段丘,11,3655,0.003009575923392613
watersystem_x_unit_basin_x_landform,Jo,2,B_830304_86_LF_CLASS::氾濫平野・海岸平野,荒川 / basin 86 / 氾濫平野・海岸平野,11,3655,0.003009575923392613
watersystem_x_unit_basin_x_landform,Jo,2,B_830305_20_LF_CLASS::台地・段丘,多摩川 / basin 20 / 台地・段丘,11,3655,0.003009575923392613
watersystem_x_unit_basin_x_landform,Jo,2,B_830305_22_LF_CLASS::山麓堆積地形,多摩川 / basin 22 / 山麓堆積地形,11,3655,0.003009575923392613
watersystem_x_unit_basin_x_landform,Jo,2,B_830304_39_LF_CLASS::台地・段丘,荒川 / basin 39 / 台地・段丘,10,3655,0.0027359781121751026
watersystem_x_unit_basin_x_landform,Jo,2,B_830304_61_LF_CLASS::山地斜面等,荒川 / basin 61 / 山地斜面等,10,3655,0.0027359781121751026
watersystem_x_unit_basin_x_landform,Jo,2,B_830305_16_LF_CLASS::台地・段丘,多摩川 / basin 16 / 台地・段丘,10,3655,0.0027359781121751026
watersystem_x_unit_basin_x_landform,Jo,2,B_830305_18_LF_CLASS::氾濫平野・海岸平野,多摩川 / basin 18 / 氾濫平野・海岸平野,10,3655,0.0027359781121751026
watersystem_x_unit_basin_x_landform,Jo,2,B_130000_3_LF_CLASS::台地・段丘,名称不明 / basin 3 / 台地・段丘,9,3655,0.0024623803009575923
watersystem_x_unit_basin_x_landform,Jo,2,B_130000_6_LF_CLASS::台地・段丘,名称不明 / basin 6 / 台地・段丘,9,3655,0.0024623803009575923
watersystem_x_unit_basin_x_landform,Jo,2,B_830304_27_LF_CLASS::台地・段丘,荒川 / basin 27 / 台地・段丘,9,3655,0.0024623803009575923
watersystem_x_unit_basin_x_landform,Jo,2,B_830304_38_LF_CLASS::台地・段丘,荒川 / basin 38 / 台地・段丘,9,3655,0.0024623803009575923
watersystem_x_unit_basin_x_landform,Jo,2,B_830304_67_LF_CLASS::山地斜面等,荒川 / basin 67 / 山地斜面等,9,3655,0.0024623803009575923
watersystem_x_unit_basin_x_landform,Jo,2,B_830305_56_LF_CLASS::台地・段丘,多摩川 / basin 56 / 台地・段丘,9,3655,0.0024623803009575923
watersystem_x_unit_basin_x_landform,Jo,2,B_830304_120_LF_CLASS::氾濫平野・海岸平野,荒川 / basin 120 / 氾濫平野・海岸平野,8,3655,0.002188782489740082
watersystem_x_unit_basin_x_landform,Jo,2,B_830304_57_LF_CLASS::氾濫平野・海岸平野,荒川 / basin 57 / 氾濫平野・海岸平野,8,3655,0.002188782489740082
watersystem_x_unit_basin_x_landform,Jo,2,B_830304_88_LF_CLASS::台地・段丘,荒川 / basin 88 / 台地・段丘,8,3655,0.002188782489740082
watersystem_x_unit_basin_x_landform,Jo,2,B_830305_25_LF_CLASS::台地・段丘,多摩川 / basin 25 / 台地・段丘,8,3655,0.002188782489740082
watersystem_x_unit_basin_x_landform,Jo,2,B_830305_2_LF_CLASS::台地・段丘,多摩川 / basin 2 / 台地・段丘,8,3655,0.002188782489740082
watersystem_x_unit_basin_x_landform,Jo,2,B_830305_33_LF_CLASS::山地斜面等,多摩川 / basin 33 / 山地斜面等,8,3655,0.002188782489740082
watersystem_x_unit_basin_x_landform,Jo,2,B_830305_44_LF_CLASS::山地斜面等,多摩川 / basin 44 / 山地斜面等,8,3655,0.002188782489740082
watersystem_x_unit_basin_x_landform,Jo,2,B_830305_48_LF_CLASS::台地・段丘,多摩川 / basin 48 / 台地・段丘,8,3655,0.002188782489740082
watersystem_x_unit_basin_x_landform,Jo,2,B_830306_16_LF_CLASS::氾濫平野・海岸平野,鶴見川 / basin 16 / 氾濫平野・海岸平野,8,3655,0.002188782489740082
watersystem_x_unit_basin_x_landform,Jo,2,B_130000_6_LF_CLASS::山地斜面等,名称不明 / basin 6 / 山地斜面等,7,3655,0.0019151846785225718
watersystem_x_unit_basin_x_landform,Jo,2,B_830304_82_LF_CLASS::山地斜面等,荒川 / basin 82 / 山地斜面等,7,3655,0.0019151846785225718
watersystem_x_unit_basin_x_landform,Jo,2,B_830305_18_LF_CLASS::山地斜面等,多摩川 / basin 18 / 山地斜面等,7,3655,0.0019151846785225718
watersystem_x_unit_basin_x_landform,Jo,2,B_830305_19_LF_CLASS::山地斜面等,多摩川 / basin 19 / 山地斜面等,7,3655,0.0019151846785225718
watersystem_x_unit_basin_x_landform,Jo,2,B_830305_48_LF_CLASS::山地斜面等,多摩川 / basin 48 / 山地斜面等,7,3655,0.0019151846785225718
watersystem_x_unit_basin_x_landform,Jo,2,B_830305_72_LF_CLASS::山地斜面等,多摩川 / basin 72 / 山地斜面等,7,3655,0.0019151846785225718
watersystem_x_unit_basin_x_landform,Jo,2,B_830306_20_LF_CLASS::山麓堆積地形,鶴見川 / basin 20 / 山麓堆積地形,7,3655,0.0019151846785225718
watersystem_x_unit_basin_x_landform,Jo,2,B_unknown_0_LF_CLASS::崖・段丘崖,古川・目黒川・立会川・呑川 / basin 0 / 崖・段丘崖,7,3655,0.0019151846785225718
watersystem_x_unit_basin_x_landform,Jo,2,B_unknown_0_LF_CLASS::氾濫平野・海岸平野,古川・目黒川・立会川・呑川 / basin 0 / 氾濫平野・海岸平野,7,3655,0.0019151846785225718
watersystem_x_unit_basin_x_landform,Jo,2,B_830304_139_LF_CLASS::台地・段丘,荒川 / basin 139 / 台地・段丘,6,3655,0.0016415868673050615
watersystem_x_unit_basin_x_landform,Jo,2,B_830304_25_LF_CLASS::台地・段丘,荒川 / basin 25 / 台地・段丘,6,3655,0.0016415868673050615
watersystem_x_unit_basin_x_landform,Jo,2,B_830304_52_LF_CLASS::氾濫平野・海岸平野,荒川 / basin 52 / 氾濫平野・海岸平野,6,3655,0.0016415868673050615
watersystem_x_unit_basin_x_landform,Jo,2,B_830304_70_LF_CLASS::氾濫平野・海岸平野,荒川 / basin 70 / 氾濫平野・海岸平野,6,3655,0.0016415868673050615
watersystem_x_unit_basin_x_landform,Jo,2,B_830305_13_LF_CLASS::台地・段丘,多摩川 / basin 13 / 台地・段丘,6,3655,0.0016415868673050615
watersystem_x_unit_basin_x_landform,Jo,2,B_830305_17_LF_CLASS::氾濫平野・海岸平野,多摩川 / basin 17 / 氾濫平野・海岸平野,6,3655,0.0016415868673050615
watersystem_x_unit_basin_x_landform,Jo,2,B_830305_18_LF_CLASS::崖・段丘崖,多摩川 / basin 18 / 崖・段丘崖,6,3655,0.0016415868673050615
watersystem_x_unit_basin_x_landform,Jo,2,B_830305_23_LF_CLASS::山麓堆積地形,多摩川 / basin 23 / 山麓堆積地形,6,3655,0.0016415868673050615
watersystem_x_unit_basin_x_landform,Jo,2,B_830305_28_LF_CLASS::山麓堆積地形,多摩川 / basin 28 / 山麓堆積地形,6,3655,0.0016415868673050615
watersystem_x_unit_basin_x_landform,Jo,2,B_830305_36_LF_CLASS::台地・段丘,多摩川 / basin 36 / 台地・段丘,6,3655,0.0016415868673050615
watersystem_x_unit_basin_x_landform,Jo,2,B_830305_3_LF_CLASS::台地・段丘,多摩川 / basin 3 / 台地・段丘,6,3655,0.0016415868673050615
watersystem_x_unit_basin_x_landform,Jo,2,B_830305_41_LF_CLASS::台地・段丘,多摩川 / basin 41 / 台地・段丘,6,3655,0.0016415868673050615
watersystem_x_unit_basin_x_landform,Jo,2,B_830306_17_LF_CLASS::山地斜面等,鶴見川 / basin 17 / 山地斜面等,6,3655,0.0016415868673050615
watersystem_x_unit_basin_x_landform,Jo,2,B_830306_21_LF_CLASS::氾濫平野・海岸平野,鶴見川 / basin 21 / 氾濫平野・海岸平野,6,3655,0.0016415868673050615
watersystem_x_unit_basin_x_landform,Jo,2,B_830304_40_LF_CLASS::山地斜面等,荒川 / basin 40 / 山地斜面等,5,3655,0.0013679890560875513
watersystem_x_unit_basin_x_landform,Jo,2,B_830304_54_LF_CLASS::氾濫平野・海岸平野,荒川 / basin 54 / 氾濫平野・海岸平野,5,3655,0.0013679890560875513
watersystem_x_unit_basin_x_landform,Jo,2,B_830304_67_LF_CLASS::凹地・浅い谷,荒川 / basin 67 / 凹地・浅い谷,5,3655,0.0013679890560875513
watersystem_x_unit_basin_x_landform,Jo,2,B_830304_69_LF_CLASS::山地斜面等,荒川 / basin 69 / 山地斜面等,5,3655,0.0013679890560875513
watersystem_x_unit_basin_x_landform,Jo,2,B_830305_27_LF_CLASS::台地・段丘,多摩川 / basin 27 / 台地・段丘,5,3655,0.0013679890560875513
watersystem_x_unit_basin_x_landform,Jo,2,B_830305_30_LF_CLASS::山麓堆積地形,多摩川 / basin 30 / 山麓堆積地形,5,3655,0.0013679890560875513
watersystem_x_unit_basin_x_landform,Jo,2,B_830305_32_LF_CLASS::山地斜面等,多摩川 / basin 32 / 山地斜面等,5,3655,0.0013679890560875513
watersystem_x_unit_basin_x_landform,Jo,2,B_830305_35_LF_CLASS::氾濫平野・海岸平野,多摩川 / basin 35 / 氾濫平野・海岸平野,5,3655,0.0013679890560875513
watersystem_x_unit_basin_x_landform,Jo,2,B_830305_43_LF_CLASS::山地斜面等,多摩川 / basin 43 / 山地斜面等,5,3655,0.0013679890560875513
watersystem_x_unit_basin_x_landform,Jo,2,B_830305_50_LF_CLASS::台地・段丘,多摩川 / basin 50 / 台地・段丘,5,3655,0.0013679890560875513
watersystem_x_unit_basin_x_landform,Jo,2,B_830305_52_LF_CLASS::台地・段丘,多摩川 / basin 52 / 台地・段丘,5,3655,0.0013679890560875513
watersystem_x_unit_basin_x_landform,Jo,2,B_830305_75_LF_CLASS::台地・段丘,多摩川 / basin 75 / 台地・段丘,5,3655,0.0013679890560875513
watersystem_x_unit_basin_x_landform,Jo,2,B_830306_21_LF_CLASS::台地・段丘,鶴見川 / basin 21 / 台地・段丘,5,3655,0.0013679890560875513
watersystem_x_unit_basin_x_landform,Jo,2,B_unknown_0_LF_CLASS::凹地・浅い谷,古川・目黒川・立会川・呑川 / basin 0 / 凹地・浅い谷,5,3655,0.0013679890560875513
watersystem_x_unit_basin_x_landform,Jo,2,B_830304_16_LF_CLASS::台地・段丘,荒川 / basin 16 / 台地・段丘,4,3655,0.001094391244870041
watersystem_x_unit_basin_x_landform,Jo,2,B_830304_26_LF_CLASS::山地斜面等,荒川 / basin 26 / 山地斜面等,4,3655,0.001094391244870041
watersystem_x_unit_basin_x_landform,Jo,2,B_830304_37_LF_CLASS::氾濫平野・海岸平野,荒川 / basin 37 / 氾濫平野・海岸平野,4,3655,0.001094391244870041
watersystem_x_unit_basin_x_landform,Jo,2,B_830304_40_LF_CLASS::氾濫平野・海岸平野,荒川 / basin 40 / 氾濫平野・海岸平野,4,3655,0.001094391244870041
watersystem_x_unit_basin_x_landform,Jo,2,B_830304_51_LF_CLASS::台地・段丘,荒川 / basin 51 / 台地・段丘,4,3655,0.001094391244870041
watersystem_x_unit_basin_x_landform,Jo,2,B_830304_54_LF_CLASS::凹地・浅い谷,荒川 / basin 54 / 凹地・浅い谷,4,3655,0.001094391244870041
watersystem_x_unit_basin_x_landform,Jo,2,B_830304_83_LF_CLASS::山地斜面等,荒川 / basin 83 / 山地斜面等,4,3655,0.001094391244870041
watersystem_x_unit_basin_x_landform,Jo,2,B_830304_87_LF_CLASS::氾濫平野・海岸平野,荒川 / basin 87 / 氾濫平野・海岸平野,4,3655,0.001094391244870041
watersystem_x_unit_basin_x_landform,Jo,2,B_830305_18_LF_CLASS::凹地・浅い谷,多摩川 / basin 18 / 凹地・浅い谷,4,3655,0.001094391244870041
watersystem_x_unit_basin_x_landform,Jo,2,B_830305_24_LF_CLASS::山地斜面等,多摩川 / basin 24 / 山地斜面等,4,3655,0.001094391244870041
watersystem_x_unit_basin_x_landform,Jo,2,B_830305_26_LF_CLASS::台地・段丘,多摩川 / basin 26 / 台地・段丘,4,3655,0.001094391244870041
watersystem_x_unit_basin_x_landform,Jo,2,B_830305_37_LF_CLASS::台地・段丘,多摩川 / basin 37 / 台地・段丘,4,3655,0.001094391244870041
watersystem_x_unit_basin_x_landform,Jo,2,B_830305_38_LF_CLASS::台地・段丘,多摩川 / basin 38 / 台地・段丘,4,3655,0.001094391244870041
watersystem_x_unit_basin_x_landform,Jo,2,B_830305_73_LF_CLASS::台地・段丘,多摩川 / basin 73 / 台地・段丘,4,3655,0.001094391244870041
watersystem_x_unit_basin_x_landform,Jo,2,B_130000_3_LF_CLASS::凹地・浅い谷,名称不明 / basin 3 / 凹地・浅い谷,3,3655,8.207934336525308e-4
watersystem_x_unit_basin_x_landform,Jo,2,B_130000_4_LF_CLASS::山地斜面等,名称不明 / basin 4 / 山地斜面等,3,3655,8.207934336525308e-4
watersystem_x_unit_basin_x_landform,Jo,2,B_130000_4_LF_CLASS::後背低地・湿地,名称不明 / basin 4 / 後背低地・湿地,3,3655,8.207934336525308e-4
watersystem_x_unit_basin_x_landform,Jo,2,B_130000_5_LF_CLASS::崖・段丘崖,名称不明 / basin 5 / 崖・段丘崖,3,3655,8.207934336525308e-4
watersystem_x_unit_basin_x_landform,Jo,2,B_130000_5_LF_CLASS::後背低地・湿地,名称不明 / basin 5 / 後背低地・湿地,3,3655,8.207934336525308e-4
watersystem_x_unit_basin_x_landform,Jo,2,B_830304_139_LF_CLASS::山地斜面等,荒川 / basin 139 / 山地斜面等,3,3655,8.207934336525308e-4
watersystem_x_unit_basin_x_landform,Jo,2,B_830304_161_LF_CLASS::台地・段丘,荒川 / basin 161 / 台地・段丘,3,3655,8.207934336525308e-4
watersystem_x_unit_basin_x_landform,Jo,2,B_830304_25_LF_CLASS::砂州・砂丘,荒川 / basin 25 / 砂州・砂丘,3,3655,8.207934336525308e-4
watersystem_x_unit_basin_x_landform,Jo,2,B_830304_39_LF_CLASS::山地斜面等,荒川 / basin 39 / 山地斜面等,3,3655,8.207934336525308e-4
watersystem_x_unit_basin_x_landform,Jo,2,B_830304_42_LF_CLASS::氾濫平野・海岸平野,荒川 / basin 42 / 氾濫平野・海岸平野,3,3655,8.207934336525308e-4
watersystem_x_unit_basin_x_landform,Jo,2,B_830304_47_LF_CLASS::凹地・浅い谷,荒川 / basin 47 / 凹地・浅い谷,3,3655,8.207934336525308e-4
watersystem_x_unit_basin_x_landform,Jo,2,B_830304_47_LF_CLASS::氾濫平野・海岸平野,荒川 / basin 47 / 氾濫平野・海岸平野,3,3655,8.207934336525308e-4
watersystem_x_unit_basin_x_landform,Jo,2,B_830304_51_LF_CLASS::山地斜面等,荒川 / basin 51 / 山地斜面等,3,3655,8.207934336525308e-4
watersystem_x_unit_basin_x_landform,Jo,2,B_830304_53_LF_CLASS::台地・段丘,荒川 / basin 53 / 台地・段丘,3,3655,8.207934336525308e-4
watersystem_x_unit_basin_x_landform,Jo,2,B_830304_67_LF_CLASS::氾濫平野・海岸平野,荒川 / basin 67 / 氾濫平野・海岸平野,3,3655,8.207934336525308e-4
watersystem_x_unit_basin_x_landform,Jo,2,B_830305_13_LF_CLASS::氾濫平野・海岸平野,多摩川 / basin 13 / 氾濫平野・海岸平野,3,3655,8.207934336525308e-4
watersystem_x_unit_basin_x_landform,Jo,2,B_830305_19_LF_CLASS::凹地・浅い谷,多摩川 / basin 19 / 凹地・浅い谷,3,3655,8.207934336525308e-4
watersystem_x_unit_basin_x_landform,Jo,2,B_830305_24_LF_CLASS::台地・段丘,多摩川 / basin 24 / 台地・段丘,3,3655,8.207934336525308e-4
watersystem_x_unit_basin_x_landform,Jo,2,B_830305_28_LF_CLASS::台地・段丘,多摩川 / basin 28 / 台地・段丘,3,3655,8.207934336525308e-4
watersystem_x_unit_basin_x_landform,Jo,2,B_830305_31_LF_CLASS::台地・段丘,多摩川 / basin 31 / 台地・段丘,3,3655,8.207934336525308e-4
watersystem_x_unit_basin_x_landform,Jo,2,B_830305_35_LF_CLASS::山麓堆積地形,多摩川 / basin 35 / 山麓堆積地形,3,3655,8.207934336525308e-4
watersystem_x_unit_basin_x_landform,Jo,2,B_830305_36_LF_CLASS::氾濫平野・海岸平野,多摩川 / basin 36 / 氾濫平野・海岸平野,3,3655,8.207934336525308e-4
watersystem_x_unit_basin_x_landform,Jo,2,B_830305_3_LF_CLASS::山地斜面等,多摩川 / basin 3 / 山地斜面等,3,3655,8.207934336525308e-4
watersystem_x_unit_basin_x_landform,Jo,2,B_830305_42_LF_CLASS::山地斜面等,多摩川 / basin 42 / 山地斜面等,3,3655,8.207934336525308e-4
watersystem_x_unit_basin_x_landform,Jo,2,B_830305_44_LF_CLASS::台地・段丘,多摩川 / basin 44 / 台地・段丘,3,3655,8.207934336525308e-4
watersystem_x_unit_basin_x_landform,Jo,2,B_830305_51_LF_CLASS::台地・段丘,多摩川 / basin 51 / 台地・段丘,3,3655,8.207934336525308e-4
watersystem_x_unit_basin_x_landform,Jo,2,B_830305_55_LF_CLASS::台地・段丘,多摩川 / basin 55 / 台地・段丘,3,3655,8.207934336525308e-4
watersystem_x_unit_basin_x_landform,Jo,2,B_830305_5_LF_CLASS::台地・段丘,多摩川 / basin 5 / 台地・段丘,3,3655,8.207934336525308e-4
watersystem_x_unit_basin_x_landform,Jo,2,B_830306_17_LF_CLASS::台地・段丘,鶴見川 / basin 17 / 台地・段丘,3,3655,8.207934336525308e-4
watersystem_x_unit_basin_x_landform,Jo,2,B_130000_2_LF_CLASS::山地斜面等,名称不明 / basin 2 / 山地斜面等,2,3655,5.471956224350205e-4
watersystem_x_unit_basin_x_landform,Jo,2,B_130000_4_LF_CLASS::氾濫平野・海岸平野,名称不明 / basin 4 / 氾濫平野・海岸平野,2,3655,5.471956224350205e-4
watersystem_x_unit_basin_x_landform,Jo,2,B_130000_5_LF_CLASS::氾濫平野・海岸平野,名称不明 / basin 5 / 氾濫平野・海岸平野,2,3655,5.471956224350205e-4
watersystem_x_unit_basin_x_landform,Jo,2,B_140013_19_LF_CLASS::氾濫平野・海岸平野,境川 / basin 19 / 氾濫平野・海岸平野,2,3655,5.471956224350205e-4
watersystem_x_unit_basin_x_landform,Jo,2,B_830304_139_LF_CLASS::氾濫平野・海岸平野,荒川 / basin 139 / 氾濫平野・海岸平野,2,3655,5.471956224350205e-4
watersystem_x_unit_basin_x_landform,Jo,2,B_830304_158_LF_CLASS::台地・段丘,荒川 / basin 158 / 台地・段丘,2,3655,5.471956224350205e-4
watersystem_x_unit_basin_x_landform,Jo,2,B_830304_15_LF_CLASS::台地・段丘,荒川 / basin 15 / 台地・段丘,2,3655,5.471956224350205e-4
watersystem_x_unit_basin_x_landform,Jo,2,B_830304_15_LF_CLASS::砂州・砂丘,荒川 / basin 15 / 砂州・砂丘,2,3655,5.471956224350205e-4
watersystem_x_unit_basin_x_landform,Jo,2,B_830304_26_LF_CLASS::氾濫平野・海岸平野,荒川 / basin 26 / 氾濫平野・海岸平野,2,3655,5.471956224350205e-4
watersystem_x_unit_basin_x_landform,Jo,2,B_830304_27_LF_CLASS::砂州・砂丘,荒川 / basin 27 / 砂州・砂丘,2,3655,5.471956224350205e-4
watersystem_x_unit_basin_x_landform,Jo,2,B_830304_37_LF_CLASS::山地斜面等,荒川 / basin 37 / 山地斜面等,2,3655,5.471956224350205e-4
watersystem_x_unit_basin_x_landform,Jo,2,B_830304_39_LF_CLASS::崖・段丘崖,荒川 / basin 39 / 崖・段丘崖,2,3655,5.471956224350205e-4
watersystem_x_unit_basin_x_landform,Jo,2,B_830304_40_LF_CLASS::凹地・浅い谷,荒川 / basin 40 / 凹地・浅い谷,2,3655,5.471956224350205e-4
watersystem_x_unit_basin_x_landform,Jo,2,B_830304_53_LF_CLASS::山地斜面等,荒川 / basin 53 / 山地斜面等,2,3655,5.471956224350205e-4
watersystem_x_unit_basin_x_landform,Jo,2,B_830304_56_LF_CLASS::氾濫平野・海岸平野,荒川 / basin 56 / 氾濫平野・海岸平野,2,3655,5.471956224350205e-4
watersystem_x_unit_basin_x_landform,Jo,2,B_830304_61_LF_CLASS::凹地・浅い谷,荒川 / basin 61 / 凹地・浅い谷,2,3655,5.471956224350205e-4
watersystem_x_unit_basin_x_landform,Jo,2,B_830304_63_LF_CLASS::台地・段丘,荒川 / basin 63 / 台地・段丘,2,3655,5.471956224350205e-4
watersystem_x_unit_basin_x_landform,Jo,2,B_830304_69_LF_CLASS::氾濫平野・海岸平野,荒川 / basin 69 / 氾濫平野・海岸平野,2,3655,5.471956224350205e-4
watersystem_x_unit_basin_x_landform,Jo,2,B_830304_70_LF_CLASS::凹地・浅い谷,荒川 / basin 70 / 凹地・浅い谷,2,3655,5.471956224350205e-4
watersystem_x_unit_basin_x_landform,Jo,2,B_830304_77_LF_CLASS::台地・段丘,荒川 / basin 77 / 台地・段丘,2,3655,5.471956224350205e-4
watersystem_x_unit_basin_x_landform,Jo,2,B_830304_79_LF_CLASS::凹地・浅い谷,荒川 / basin 79 / 凹地・浅い谷,2,3655,5.471956224350205e-4
watersystem_x_unit_basin_x_landform,Jo,2,B_830304_79_LF_CLASS::台地・段丘,荒川 / basin 79 / 台地・段丘,2,3655,5.471956224350205e-4
watersystem_x_unit_basin_x_landform,Jo,2,B_830304_80_LF_CLASS::凹地・浅い谷,荒川 / basin 80 / 凹地・浅い谷,2,3655,5.471956224350205e-4
watersystem_x_unit_basin_x_landform,Jo,2,B_830304_86_LF_CLASS::山麓堆積地形,荒川 / basin 86 / 山麓堆積地形,2,3655,5.471956224350205e-4
watersystem_x_unit_basin_x_landform,Jo,2,B_830305_12_LF_CLASS::凹地・浅い谷,多摩川 / basin 12 / 凹地・浅い谷,2,3655,5.471956224350205e-4
watersystem_x_unit_basin_x_landform,Jo,2,B_830305_14_LF_CLASS::凹地・浅い谷,多摩川 / basin 14 / 凹地・浅い谷,2,3655,5.471956224350205e-4
watersystem_x_unit_basin_x_landform,Jo,2,B_830305_14_LF_CLASS::山地斜面等,多摩川 / basin 14 / 山地斜面等,2,3655,5.471956224350205e-4
watersystem_x_unit_basin_x_landform,Jo,2,B_830305_16_LF_CLASS::山地斜面等,多摩川 / basin 16 / 山地斜面等,2,3655,5.471956224350205e-4
watersystem_x_unit_basin_x_landform,Jo,2,B_830305_16_LF_CLASS::崖・段丘崖,多摩川 / basin 16 / 崖・段丘崖,2,3655,5.471956224350205e-4
watersystem_x_unit_basin_x_landform,Jo,2,B_830305_19_LF_CLASS::氾濫平野・海岸平野,多摩川 / basin 19 / 氾濫平野・海岸平野,2,3655,5.471956224350205e-4
watersystem_x_unit_basin_x_landform,Jo,2,B_830305_20_LF_CLASS::氾濫平野・海岸平野,多摩川 / basin 20 / 氾濫平野・海岸平野,2,3655,5.471956224350205e-4
watersystem_x_unit_basin_x_landform,Jo,2,B_830305_32_LF_CLASS::台地・段丘,多摩川 / basin 32 / 台地・段丘,2,3655,5.471956224350205e-4
watersystem_x_unit_basin_x_landform,Jo,2,B_830305_33_LF_CLASS::凹地・浅い谷,多摩川 / basin 33 / 凹地・浅い谷,2,3655,5.471956224350205e-4
watersystem_x_unit_basin_x_landform,Jo,2,B_830305_34_LF_CLASS::凹地・浅い谷,多摩川 / basin 34 / 凹地・浅い谷,2,3655,5.471956224350205e-4
watersystem_x_unit_basin_x_landform,Jo,2,B_830305_34_LF_CLASS::氾濫平野・海岸平野,多摩川 / basin 34 / 氾濫平野・海岸平野,2,3655,5.471956224350205e-4
watersystem_x_unit_basin_x_landform,Jo,2,B_830305_37_LF_CLASS::山地斜面等,多摩川 / basin 37 / 山地斜面等,2,3655,5.471956224350205e-4
watersystem_x_unit_basin_x_landform,Jo,2,B_830305_39_LF_CLASS::台地・段丘,多摩川 / basin 39 / 台地・段丘,2,3655,5.471956224350205e-4
watersystem_x_unit_basin_x_landform,Jo,2,B_830305_40_LF_CLASS::凹地・浅い谷,多摩川 / basin 40 / 凹地・浅い谷,2,3655,5.471956224350205e-4
watersystem_x_unit_basin_x_landform,Jo,2,B_830305_44_LF_CLASS::氾濫平野・海岸平野,多摩川 / basin 44 / 氾濫平野・海岸平野,2,3655,5.471956224350205e-4
watersystem_x_unit_basin_x_landform,Jo,2,B_830305_46_LF_CLASS::山地斜面等,多摩川 / basin 46 / 山地斜面等,2,3655,5.471956224350205e-4
watersystem_x_unit_basin_x_landform,Jo,2,B_830305_48_LF_CLASS::氾濫平野・海岸平野,多摩川 / basin 48 / 氾濫平野・海岸平野,2,3655,5.471956224350205e-4
watersystem_x_unit_basin_x_landform,Jo,2,B_830305_49_LF_CLASS::山地斜面等,多摩川 / basin 49 / 山地斜面等,2,3655,5.471956224350205e-4
watersystem_x_unit_basin_x_landform,Jo,2,B_830305_51_LF_CLASS::山地斜面等,多摩川 / basin 51 / 山地斜面等,2,3655,5.471956224350205e-4
watersystem_x_unit_basin_x_landform,Jo,2,B_830305_72_LF_CLASS::台地・段丘,多摩川 / basin 72 / 台地・段丘,2,3655,5.471956224350205e-4
watersystem_x_unit_basin_x_landform,Jo,2,B_830306_16_LF_CLASS::山麓堆積地形,鶴見川 / basin 16 / 山麓堆積地形,2,3655,5.471956224350205e-4
watersystem_x_unit_basin_x_landform,Jo,2,B_830306_16_LF_CLASS::水部,鶴見川 / basin 16 / 水部,2,3655,5.471956224350205e-4
watersystem_x_unit_basin_x_landform,Jo,2,B_830306_16_LF_CLASS::自然堤防,鶴見川 / basin 16 / 自然堤防,2,3655,5.471956224350205e-4
watersystem_x_unit_basin_x_landform,Jo,2,B_830306_19_LF_CLASS::台地・段丘,鶴見川 / basin 19 / 台地・段丘,2,3655,5.471956224350205e-4
watersystem_x_unit_basin_x_landform,Jo,2,B_830306_19_LF_CLASS::氾濫平野・海岸平野,鶴見川 / basin 19 / 氾濫平野・海岸平野,2,3655,5.471956224350205e-4
watersystem_x_unit_basin_x_landform,Jo,2,B_830306_20_LF_CLASS::水部,鶴見川 / basin 20 / 水部,2,3655,5.471956224350205e-4
watersystem_x_unit_basin_x_landform,Jo,2,B_120000_6_LF_CLASS::台地・段丘,名称不明 / basin 6 / 台地・段丘,1,3655,2.7359781121751026e-4
watersystem_x_unit_basin_x_landform,Jo,2,B_130000_1_LF_CLASS::氾濫平野・海岸平野,名称不明 / basin 1 / 氾濫平野・海岸平野,1,3655,2.7359781121751026e-4
watersystem_x_unit_basin_x_landform,Jo,2,B_130000_2_LF_CLASS::凹地・浅い谷,名称不明 / basin 2 / 凹地・浅い谷,1,3655,2.7359781121751026e-4
watersystem_x_unit_basin_x_landform,Jo,2,B_130000_2_LF_CLASS::台地・段丘,名称不明 / basin 2 / 台地・段丘,1,3655,2.7359781121751026e-4
watersystem_x_unit_basin_x_landform,Jo,2,B_130000_2_LF_CLASS::氾濫平野・海岸平野,名称不明 / basin 2 / 氾濫平野・海岸平野,1,3655,2.7359781121751026e-4
watersystem_x_unit_basin_x_landform,Jo,2,B_130000_5_LF_CLASS::山地斜面等,名称不明 / basin 5 / 山地斜面等,1,3655,2.7359781121751026e-4
watersystem_x_unit_basin_x_landform,Jo,2,B_130000_5_LF_CLASS::水部,名称不明 / basin 5 / 水部,1,3655,2.7359781121751026e-4
watersystem_x_unit_basin_x_landform,Jo,2,B_140013_17_LF_CLASS::水部,境川 / basin 17 / 水部,1,3655,2.7359781121751026e-4
watersystem_x_unit_basin_x_landform,Jo,2,B_140013_19_LF_CLASS::台地・段丘,境川 / basin 19 / 台地・段丘,1,3655,2.7359781121751026e-4
watersystem_x_unit_basin_x_landform,Jo,2,B_830303_390_LF_CLASS::氾濫平野・海岸平野,利根川 / basin 390 / 氾濫平野・海岸平野,1,3655,2.7359781121751026e-4
watersystem_x_unit_basin_x_landform,Jo,2,B_830303_478_LF_CLASS::氾濫平野・海岸平野,利根川 / basin 478 / 氾濫平野・海岸平野,1,3655,2.7359781121751026e-4
watersystem_x_unit_basin_x_landform,Jo,2,B_830303_517_LF_CLASS::氾濫平野・海岸平野,利根川 / basin 517 / 氾濫平野・海岸平野,1,3655,2.7359781121751026e-4
watersystem_x_unit_basin_x_landform,Jo,2,B_830304_14_LF_CLASS::氾濫平野・海岸平野,荒川 / basin 14 / 氾濫平野・海岸平野,1,3655,2.7359781121751026e-4
watersystem_x_unit_basin_x_landform,Jo,2,B_830304_15_LF_CLASS::自然堤防,荒川 / basin 15 / 自然堤防,1,3655,2.7359781121751026e-4
watersystem_x_unit_basin_x_landform,Jo,2,B_830304_16_LF_CLASS::凹地・浅い谷,荒川 / basin 16 / 凹地・浅い谷,1,3655,2.7359781121751026e-4
watersystem_x_unit_basin_x_landform,Jo,2,B_830304_16_LF_CLASS::氾濫平野・海岸平野,荒川 / basin 16 / 氾濫平野・海岸平野,1,3655,2.7359781121751026e-4
watersystem_x_unit_basin_x_landform,Jo,2,B_830304_194_LF_CLASS::台地・段丘,荒川 / basin 194 / 台地・段丘,1,3655,2.7359781121751026e-4
watersystem_x_unit_basin_x_landform,Jo,2,B_830304_194_LF_CLASS::山地斜面等,荒川 / basin 194 / 山地斜面等,1,3655,2.7359781121751026e-4
watersystem_x_unit_basin_x_landform,Jo,2,B_830304_25_LF_CLASS::崖・段丘崖,荒川 / basin 25 / 崖・段丘崖,1,3655,2.7359781121751026e-4
watersystem_x_unit_basin_x_landform,Jo,2,B_830304_25_LF_CLASS::氾濫平野・海岸平野,荒川 / basin 25 / 氾濫平野・海岸平野,1,3655,2.7359781121751026e-4
watersystem_x_unit_basin_x_landform,Jo,2,B_830304_26_LF_CLASS::崖・段丘崖,荒川 / basin 26 / 崖・段丘崖,1,3655,2.7359781121751026e-4
watersystem_x_unit_basin_x_landform,Jo,2,B_830304_27_LF_CLASS::氾濫平野・海岸平野,荒川 / basin 27 / 氾濫平野・海岸平野,1,3655,2.7359781121751026e-4
watersystem_x_unit_basin_x_landform,Jo,2,B_830304_36_LF_CLASS::氾濫平野・海岸平野,荒川 / basin 36 / 氾濫平野・海岸平野,1,3655,2.7359781121751026e-4
watersystem_x_unit_basin_x_landform,Jo,2,B_830304_37_LF_CLASS::水部,荒川 / basin 37 / 水部,1,3655,2.7359781121751026e-4
watersystem_x_unit_basin_x_landform,Jo,2,B_830304_37_LF_CLASS::砂州・砂丘,荒川 / basin 37 / 砂州・砂丘,1,3655,2.7359781121751026e-4
watersystem_x_unit_basin_x_landform,Jo,2,B_830304_38_LF_CLASS::山地斜面等,荒川 / basin 38 / 山地斜面等,1,3655,2.7359781121751026e-4
watersystem_x_unit_basin_x_landform,Jo,2,B_830304_38_LF_CLASS::崖・段丘崖,荒川 / basin 38 / 崖・段丘崖,1,3655,2.7359781121751026e-4
watersystem_x_unit_basin_x_landform,Jo,2,B_830304_38_LF_CLASS::後背低地・湿地,荒川 / basin 38 / 後背低地・湿地,1,3655,2.7359781121751026e-4
watersystem_x_unit_basin_x_landform,Jo,2,B_830304_38_LF_CLASS::氾濫平野・海岸平野,荒川 / basin 38 / 氾濫平野・海岸平野,1,3655,2.7359781121751026e-4
watersystem_x_unit_basin_x_landform,Jo,2,B_830304_38_LF_CLASS::砂州・砂丘,荒川 / basin 38 / 砂州・砂丘,1,3655,2.7359781121751026e-4
watersystem_x_unit_basin_x_landform,Jo,2,B_830304_39_LF_CLASS::水部,荒川 / basin 39 / 水部,1,3655,2.7359781121751026e-4
watersystem_x_unit_basin_x_landform,Jo,2,B_830304_39_LF_CLASS::氾濫平野・海岸平野,荒川 / basin 39 / 氾濫平野・海岸平野,1,3655,2.7359781121751026e-4
watersystem_x_unit_basin_x_landform,Jo,2,B_830304_44_LF_CLASS::氾濫平野・海岸平野,荒川 / basin 44 / 氾濫平野・海岸平野,1,3655,2.7359781121751026e-4
watersystem_x_unit_basin_x_landform,Jo,2,B_830304_52_LF_CLASS::後背低地・湿地,荒川 / basin 52 / 後背低地・湿地,1,3655,2.7359781121751026e-4
watersystem_x_unit_basin_x_landform,Jo,2,B_830304_52_LF_CLASS::水部,荒川 / basin 52 / 水部,1,3655,2.7359781121751026e-4
watersystem_x_unit_basin_x_landform,Jo,2,B_830304_55_LF_CLASS::凹地・浅い谷,荒川 / basin 55 / 凹地・浅い谷,1,3655,2.7359781121751026e-4
watersystem_x_unit_basin_x_landform,Jo,2,B_830304_61_LF_CLASS::氾濫平野・海岸平野,荒川 / basin 61 / 氾濫平野・海岸平野,1,3655,2.7359781121751026e-4
watersystem_x_unit_basin_x_landform,Jo,2,B_830304_63_LF_CLASS::山地斜面等,荒川 / basin 63 / 山地斜面等,1,3655,2.7359781121751026e-4
watersystem_x_unit_basin_x_landform,Jo,2,B_830304_68_LF_CLASS::凹地・浅い谷,荒川 / basin 68 / 凹地・浅い谷,1,3655,2.7359781121751026e-4
watersystem_x_unit_basin_x_landform,Jo,2,B_830304_68_LF_CLASS::氾濫平野・海岸平野,荒川 / basin 68 / 氾濫平野・海岸平野,1,3655,2.7359781121751026e-4
watersystem_x_unit_basin_x_landform,Jo,2,B_830304_77_LF_CLASS::氾濫平野・海岸平野,荒川 / basin 77 / 氾濫平野・海岸平野,1,3655,2.7359781121751026e-4
watersystem_x_unit_basin_x_landform,Jo,2,B_830304_79_LF_CLASS::山地斜面等,荒川 / basin 79 / 山地斜面等,1,3655,2.7359781121751026e-4
watersystem_x_unit_basin_x_landform,Jo,2,B_830304_80_LF_CLASS::氾濫平野・海岸平野,荒川 / basin 80 / 氾濫平野・海岸平野,1,3655,2.7359781121751026e-4
watersystem_x_unit_basin_x_landform,Jo,2,B_830304_82_LF_CLASS::凹地・浅い谷,荒川 / basin 82 / 凹地・浅い谷,1,3655,2.7359781121751026e-4
watersystem_x_unit_basin_x_landform,Jo,2,B_830304_83_LF_CLASS::崖・段丘崖,荒川 / basin 83 / 崖・段丘崖,1,3655,2.7359781121751026e-4
watersystem_x_unit_basin_x_landform,Jo,2,B_830304_83_LF_CLASS::氾濫平野・海岸平野,荒川 / basin 83 / 氾濫平野・海岸平野,1,3655,2.7359781121751026e-4
watersystem_x_unit_basin_x_landform,Jo,2,B_830304_86_LF_CLASS::凹地・浅い谷,荒川 / basin 86 / 凹地・浅い谷,1,3655,2.7359781121751026e-4
watersystem_x_unit_basin_x_landform,Jo,2,B_830304_87_LF_CLASS::台地・段丘,荒川 / basin 87 / 台地・段丘,1,3655,2.7359781121751026e-4
watersystem_x_unit_basin_x_landform,Jo,2,B_830304_88_LF_CLASS::山麓堆積地形,荒川 / basin 88 / 山麓堆積地形,1,3655,2.7359781121751026e-4
watersystem_x_unit_basin_x_landform,Jo,2,B_830304_98_LF_CLASS::山地斜面等,荒川 / basin 98 / 山地斜面等,1,3655,2.7359781121751026e-4
watersystem_x_unit_basin_x_landform,Jo,2,B_830305_10_LF_CLASS::氾濫平野・海岸平野,多摩川 / basin 10 / 氾濫平野・海岸平野,1,3655,2.7359781121751026e-4
watersystem_x_unit_basin_x_landform,Jo,2,B_830305_14_LF_CLASS::崖・段丘崖,多摩川 / basin 14 / 崖・段丘崖,1,3655,2.7359781121751026e-4
watersystem_x_unit_basin_x_landform,Jo,2,B_830305_14_LF_CLASS::氾濫平野・海岸平野,多摩川 / basin 14 / 氾濫平野・海岸平野,1,3655,2.7359781121751026e-4
watersystem_x_unit_basin_x_landform,Jo,2,B_830305_17_LF_CLASS::山麓堆積地形,多摩川 / basin 17 / 山麓堆積地形,1,3655,2.7359781121751026e-4
watersystem_x_unit_basin_x_landform,Jo,2,B_830305_18_LF_CLASS::水部,多摩川 / basin 18 / 水部,1,3655,2.7359781121751026e-4
watersystem_x_unit_basin_x_landform,Jo,2,B_830305_21_LF_CLASS::台地・段丘,多摩川 / basin 21 / 台地・段丘,1,3655,2.7359781121751026e-4
watersystem_x_unit_basin_x_landform,Jo,2,B_830305_21_LF_CLASS::氾濫平野・海岸平野,多摩川 / basin 21 / 氾濫平野・海岸平野,1,3655,2.7359781121751026e-4
watersystem_x_unit_basin_x_landform,Jo,2,B_830305_22_LF_CLASS::旧河道,多摩川 / basin 22 / 旧河道,1,3655,2.7359781121751026e-4
watersystem_x_unit_basin_x_landform,Jo,2,B_830305_22_LF_CLASS::水部,多摩川 / basin 22 / 水部,1,3655,2.7359781121751026e-4
watersystem_x_unit_basin_x_landform,Jo,2,B_830305_23_LF_CLASS::崖・段丘崖,多摩川 / basin 23 / 崖・段丘崖,1,3655,2.7359781121751026e-4
watersystem_x_unit_basin_x_landform,Jo,2,B_830305_23_LF_CLASS::旧河道,多摩川 / basin 23 / 旧河道,1,3655,2.7359781121751026e-4
watersystem_x_unit_basin_x_landform,Jo,2,B_830305_25_LF_CLASS::凹地・浅い谷,多摩川 / basin 25 / 凹地・浅い谷,1,3655,2.7359781121751026e-4
watersystem_x_unit_basin_x_landform,Jo,2,B_830305_25_LF_CLASS::氾濫平野・海岸平野,多摩川 / basin 25 / 氾濫平野・海岸平野,1,3655,2.7359781121751026e-4
watersystem_x_unit_basin_x_landform,Jo,2,B_830305_26_LF_CLASS::凹地・浅い谷,多摩川 / basin 26 / 凹地・浅い谷,1,3655,2.7359781121751026e-4
watersystem_x_unit_basin_x_landform,Jo,2,B_830305_26_LF_CLASS::氾濫平野・海岸平野,多摩川 / basin 26 / 氾濫平野・海岸平野,1,3655,2.7359781121751026e-4
watersystem_x_unit_basin_x_landform,Jo,2,B_830305_27_LF_CLASS::凹地・浅い谷,多摩川 / basin 27 / 凹地・浅い谷,1,3655,2.7359781121751026e-4
watersystem_x_unit_basin_x_landform,Jo,2,B_830305_29_LF_CLASS::台地・段丘,多摩川 / basin 29 / 台地・段丘,1,3655,2.7359781121751026e-4
watersystem_x_unit_basin_x_landform,Jo,2,B_830305_2_LF_CLASS::山地斜面等,多摩川 / basin 2 / 山地斜面等,1,3655,2.7359781121751026e-4
watersystem_x_unit_basin_x_landform,Jo,2,B_830305_2_LF_CLASS::崖・段丘崖,多摩川 / basin 2 / 崖・段丘崖,1,3655,2.7359781121751026e-4
watersystem_x_unit_basin_x_landform,Jo,2,B_830305_30_LF_CLASS::凹地・浅い谷,多摩川 / basin 30 / 凹地・浅い谷,1,3655,2.7359781121751026e-4
watersystem_x_unit_basin_x_landform,Jo,2,B_830305_33_LF_CLASS::氾濫平野・海岸平野,多摩川 / basin 33 / 氾濫平野・海岸平野,1,3655,2.7359781121751026e-4
watersystem_x_unit_basin_x_landform,Jo,2,B_830305_38_LF_CLASS::山地斜面等,多摩川 / basin 38 / 山地斜面等,1,3655,2.7359781121751026e-4
watersystem_x_unit_basin_x_landform,Jo,2,B_830305_40_LF_CLASS::山麓堆積地形,多摩川 / basin 40 / 山麓堆積地形,1,3655,2.7359781121751026e-4
watersystem_x_unit_basin_x_landform,Jo,2,B_830305_40_LF_CLASS::崖・段丘崖,多摩川 / basin 40 / 崖・段丘崖,1,3655,2.7359781121751026e-4
watersystem_x_unit_basin_x_landform,Jo,2,B_830305_40_LF_CLASS::氾濫平野・海岸平野,多摩川 / basin 40 / 氾濫平野・海岸平野,1,3655,2.7359781121751026e-4
watersystem_x_unit_basin_x_landform,Jo,2,B_830305_41_LF_CLASS::山地斜面等,多摩川 / basin 41 / 山地斜面等,1,3655,2.7359781121751026e-4
watersystem_x_unit_basin_x_landform,Jo,2,B_830305_41_LF_CLASS::氾濫平野・海岸平野,多摩川 / basin 41 / 氾濫平野・海岸平野,1,3655,2.7359781121751026e-4
watersystem_x_unit_basin_x_landform,Jo,2,B_830305_42_LF_CLASS::崖・段丘崖,多摩川 / basin 42 / 崖・段丘崖,1,3655,2.7359781121751026e-4
watersystem_x_unit_basin_x_landform,Jo,2,B_830305_43_LF_CLASS::凹地・浅い谷,多摩川 / basin 43 / 凹地・浅い谷,1,3655,2.7359781121751026e-4
watersystem_x_unit_basin_x_landform,Jo,2,B_830305_43_LF_CLASS::崖・段丘崖,多摩川 / basin 43 / 崖・段丘崖,1,3655,2.7359781121751026e-4
watersystem_x_unit_basin_x_landform,Jo,2,B_830305_46_LF_CLASS::山麓堆積地形,多摩川 / basin 46 / 山麓堆積地形,1,3655,2.7359781121751026e-4
watersystem_x_unit_basin_x_landform,Jo,2,B_830305_46_LF_CLASS::崖・段丘崖,多摩川 / basin 46 / 崖・段丘崖,1,3655,2.7359781121751026e-4
watersystem_x_unit_basin_x_landform,Jo,2,B_830305_46_LF_CLASS::氾濫平野・海岸平野,多摩川 / basin 46 / 氾濫平野・海岸平野,1,3655,2.7359781121751026e-4
watersystem_x_unit_basin_x_landform,Jo,2,B_830305_47_LF_CLASS::台地・段丘,多摩川 / basin 47 / 台地・段丘,1,3655,2.7359781121751026e-4
watersystem_x_unit_basin_x_landform,Jo,2,B_830305_48_LF_CLASS::扇状地,多摩川 / basin 48 / 扇状地,1,3655,2.7359781121751026e-4
watersystem_x_unit_basin_x_landform,Jo,2,B_830305_49_LF_CLASS::氾濫平野・海岸平野,多摩川 / basin 49 / 氾濫平野・海岸平野,1,3655,2.7359781121751026e-4
watersystem_x_unit_basin_x_landform,Jo,2,B_830305_51_LF_CLASS::氾濫平野・海岸平野,多摩川 / basin 51 / 氾濫平野・海岸平野,1,3655,2.7359781121751026e-4
watersystem_x_unit_basin_x_landform,Jo,2,B_830305_55_LF_CLASS::氾濫平野・海岸平野,多摩川 / basin 55 / 氾濫平野・海岸平野,1,3655,2.7359781121751026e-4
watersystem_x_unit_basin_x_landform,Jo,2,B_830305_56_LF_CLASS::山地斜面等,多摩川 / basin 56 / 山地斜面等,1,3655,2.7359781121751026e-4
watersystem_x_unit_basin_x_landform,Jo,2,B_830305_57_LF_CLASS::台地・段丘,多摩川 / basin 57 / 台地・段丘,1,3655,2.7359781121751026e-4
watersystem_x_unit_basin_x_landform,Jo,2,B_830305_57_LF_CLASS::崖・段丘崖,多摩川 / basin 57 / 崖・段丘崖,1,3655,2.7359781121751026e-4
watersystem_x_unit_basin_x_landform,Jo,2,B_830305_58_LF_CLASS::氾濫平野・海岸平野,多摩川 / basin 58 / 氾濫平野・海岸平野,1,3655,2.7359781121751026e-4
watersystem_x_unit_basin_x_landform,Jo,2,B_830305_5_LF_CLASS::凹地・浅い谷,多摩川 / basin 5 / 凹地・浅い谷,1,3655,2.7359781121751026e-4
watersystem_x_unit_basin_x_landform,Jo,2,B_830305_5_LF_CLASS::山地斜面等,多摩川 / basin 5 / 山地斜面等,1,3655,2.7359781121751026e-4
watersystem_x_unit_basin_x_landform,Jo,2,B_830305_71_LF_CLASS::台地・段丘,多摩川 / basin 71 / 台地・段丘,1,3655,2.7359781121751026e-4
watersystem_x_unit_basin_x_landform,Jo,2,B_830305_72_LF_CLASS::氾濫平野・海岸平野,多摩川 / basin 72 / 氾濫平野・海岸平野,1,3655,2.7359781121751026e-4
watersystem_x_unit_basin_x_landform,Jo,2,B_830305_73_LF_CLASS::山地斜面等,多摩川 / basin 73 / 山地斜面等,1,3655,2.7359781121751026e-4
watersystem_x_unit_basin_x_landform,Jo,2,B_830305_74_LF_CLASS::台地・段丘,多摩川 / basin 74 / 台地・段丘,1,3655,2.7359781121751026e-4
watersystem_x_unit_basin_x_landform,Jo,2,B_830305_75_LF_CLASS::山地斜面等,多摩川 / basin 75 / 山地斜面等,1,3655,2.7359781121751026e-4
watersystem_x_unit_basin_x_landform,Jo,2,B_830305_75_LF_CLASS::山麓堆積地形,多摩川 / basin 75 / 山麓堆積地形,1,3655,2.7359781121751026e-4
watersystem_x_unit_basin_x_landform,Jo,2,B_830305_76_LF_CLASS::山地斜面等,多摩川 / basin 76 / 山地斜面等,1,3655,2.7359781121751026e-4
watersystem_x_unit_basin_x_landform,Jo,2,B_830305_8_LF_CLASS::山地斜面等,多摩川 / basin 8 / 山地斜面等,1,3655,2.7359781121751026e-4
watersystem_x_unit_basin_x_landform,Jo,2,B_830305_8_LF_CLASS::氾濫平野・海岸平野,多摩川 / basin 8 / 氾濫平野・海岸平野,1,3655,2.7359781121751026e-4
watersystem_x_unit_basin_x_landform,Jo,2,B_830305_9_LF_CLASS::氾濫平野・海岸平野,多摩川 / basin 9 / 氾濫平野・海岸平野,1,3655,2.7359781121751026e-4
watersystem_x_unit_basin_x_landform,Jo,2,B_830306_16_LF_CLASS::崖・段丘崖,鶴見川 / basin 16 / 崖・段丘崖,1,3655,2.7359781121751026e-4
watersystem_x_unit_basin_x_landform,Jo,2,B_830306_20_LF_CLASS::崖・段丘崖,鶴見川 / basin 20 / 崖・段丘崖,1,3655,2.7359781121751026e-4
watersystem_x_unit_basin_x_landform,Jo,2,B_unknown_0_LF_CLASS::後背低地・湿地,古川・目黒川・立会川・呑川 / basin 0 / 後背低地・湿地,1,3655,2.7359781121751026e-4
watersystem_x_unit_basin_x_landform,Jo,2,B_unknown_0_LF_CLASS::砂州・砂丘,古川・目黒川・立会川・呑川 / basin 0 / 砂州・砂丘,1,3655,2.7359781121751026e-4
watersystem_x_unit_basin_x_landform,Ya,3,B_unknown_0_LF_CLASS::台地・段丘,古川・目黒川・立会川・呑川 / basin 0 / 台地・段丘,42,643,0.06531881804043546
watersystem_x_unit_basin_x_landform,Ya,3,B_830306_20_LF_CLASS::山地斜面等,鶴見川 / basin 20 / 山地斜面等,29,643,0.04510108864696734
watersystem_x_unit_basin_x_landform,Ya,3,B_140013_17_LF_CLASS::山地斜面等,境川 / basin 17 / 山地斜面等,19,643,0.029548989113530325
watersystem_x_unit_basin_x_landform,Ya,3,B_830304_55_LF_CLASS::台地・段丘,荒川 / basin 55 / 台地・段丘,19,643,0.029548989113530325
watersystem_x_unit_basin_x_landform,Ya,3,B_830304_61_LF_CLASS::台地・段丘,荒川 / basin 61 / 台地・段丘,17,643,0.026438569206842923
watersystem_x_unit_basin_x_landform,Ya,3,B_130000_5_LF_CLASS::台地・段丘,名称不明 / basin 5 / 台地・段丘,16,643,0.024883359253499222
watersystem_x_unit_basin_x_landform,Ya,3,B_830304_52_LF_CLASS::台地・段丘,荒川 / basin 52 / 台地・段丘,15,643,0.02332814930015552
watersystem_x_unit_basin_x_landform,Ya,3,B_830304_47_LF_CLASS::台地・段丘,荒川 / basin 47 / 台地・段丘,14,643,0.02177293934681182
watersystem_x_unit_basin_x_landform,Ya,3,B_830305_30_LF_CLASS::山地斜面等,多摩川 / basin 30 / 山地斜面等,14,643,0.02177293934681182
watersystem_x_unit_basin_x_landform,Ya,3,B_830304_42_LF_CLASS::台地・段丘,荒川 / basin 42 / 台地・段丘,13,643,0.02021772939346812
watersystem_x_unit_basin_x_landform,Ya,3,B_130000_1_LF_CLASS::台地・段丘,名称不明 / basin 1 / 台地・段丘,12,643,0.01866251944012442
watersystem_x_unit_basin_x_landform,Ya,3,B_830305_40_LF_CLASS::台地・段丘,多摩川 / basin 40 / 台地・段丘,12,643,0.01866251944012442
watersystem_x_unit_basin_x_landform,Ya,3,B_830306_16_LF_CLASS::台地・段丘,鶴見川 / basin 16 / 台地・段丘,11,643,0.017107309486780714
watersystem_x_unit_basin_x_landform,Ya,3,B_830304_26_LF_CLASS::台地・段丘,荒川 / basin 26 / 台地・段丘,10,643,0.015552099533437015
watersystem_x_unit_basin_x_landform,Ya,3,B_830304_56_LF_CLASS::台地・段丘,荒川 / basin 56 / 台地・段丘,10,643,0.015552099533437015
watersystem_x_unit_basin_x_landform,Ya,3,B_830306_20_LF_CLASS::台地・段丘,鶴見川 / basin 20 / 台地・段丘,10,643,0.015552099533437015
watersystem_x_unit_basin_x_landform,Ya,3,B_830305_10_LF_CLASS::台地・段丘,多摩川 / basin 10 / 台地・段丘,9,643,0.013996889580093312
watersystem_x_unit_basin_x_landform,Ya,3,B_830305_18_LF_CLASS::台地・段丘,多摩川 / basin 18 / 台地・段丘,9,643,0.013996889580093312
watersystem_x_unit_basin_x_landform,Ya,3,B_830305_35_LF_CLASS::山地斜面等,多摩川 / basin 35 / 山地斜面等,9,643,0.013996889580093312
watersystem_x_unit_basin_x_landform,Ya,3,B_unknown_0_LF_CLASS::山地斜面等,古川・目黒川・立会川・呑川 / basin 0 / 山地斜面等,9,643,0.013996889580093312
watersystem_x_unit_basin_x_landform,Ya,3,B_130000_4_LF_CLASS::台地・段丘,名称不明 / basin 4 / 台地・段丘,7,643,0.01088646967340591
watersystem_x_unit_basin_x_landform,Ya,3,B_830304_27_LF_CLASS::台地・段丘,荒川 / basin 27 / 台地・段丘,7,643,0.01088646967340591
watersystem_x_unit_basin_x_landform,Ya,3,B_830304_38_LF_CLASS::台地・段丘,荒川 / basin 38 / 台地・段丘,7,643,0.01088646967340591
watersystem_x_unit_basin_x_landform,Ya,3,B_830304_52_LF_CLASS::山地斜面等,荒川 / basin 52 / 山地斜面等,7,643,0.01088646967340591
watersystem_x_unit_basin_x_landform,Ya,3,B_830305_2_LF_CLASS::台地・段丘,多摩川 / basin 2 / 台地・段丘,7,643,0.01088646967340591
watersystem_x_unit_basin_x_landform,Ya,3,B_830304_57_LF_CLASS::台地・段丘,荒川 / basin 57 / 台地・段丘,6,643,0.00933125972006221
watersystem_x_unit_basin_x_landform,Ya,3,B_830304_69_LF_CLASS::台地・段丘,荒川 / basin 69 / 台地・段丘,6,643,0.00933125972006221
watersystem_x_unit_basin_x_landform,Ya,3,B_830305_12_LF_CLASS::台地・段丘,多摩川 / basin 12 / 台地・段丘,6,643,0.00933125972006221
watersystem_x_unit_basin_x_landform,Ya,3,B_830305_14_LF_CLASS::台地・段丘,多摩川 / basin 14 / 台地・段丘,6,643,0.00933125972006221
watersystem_x_unit_basin_x_landform,Ya,3,B_830305_28_LF_CLASS::山地斜面等,多摩川 / basin 28 / 山地斜面等,6,643,0.00933125972006221
watersystem_x_unit_basin_x_landform,Ya,3,B_830306_20_LF_CLASS::氾濫平野・海岸平野,鶴見川 / basin 20 / 氾濫平野・海岸平野,6,643,0.00933125972006221
watersystem_x_unit_basin_x_landform,Ya,3,B_830306_21_LF_CLASS::山地斜面等,鶴見川 / basin 21 / 山地斜面等,6,643,0.00933125972006221
watersystem_x_unit_basin_x_landform,Ya,3,B_140013_17_LF_CLASS::台地・段丘,境川 / basin 17 / 台地・段丘,5,643,0.007776049766718507
watersystem_x_unit_basin_x_landform,Ya,3,B_830304_120_LF_CLASS::台地・段丘,荒川 / basin 120 / 台地・段丘,5,643,0.007776049766718507
watersystem_x_unit_basin_x_landform,Ya,3,B_830304_37_LF_CLASS::台地・段丘,荒川 / basin 37 / 台地・段丘,5,643,0.007776049766718507
watersystem_x_unit_basin_x_landform,Ya,3,B_830304_54_LF_CLASS::台地・段丘,荒川 / basin 54 / 台地・段丘,5,643,0.007776049766718507
watersystem_x_unit_basin_x_landform,Ya,3,B_830304_70_LF_CLASS::台地・段丘,荒川 / basin 70 / 台地・段丘,5,643,0.007776049766718507
watersystem_x_unit_basin_x_landform,Ya,3,B_830305_17_LF_CLASS::山地斜面等,多摩川 / basin 17 / 山地斜面等,5,643,0.007776049766718507
watersystem_x_unit_basin_x_landform,Ya,3,B_830305_22_LF_CLASS::山地斜面等,多摩川 / basin 22 / 山地斜面等,5,643,0.007776049766718507
watersystem_x_unit_basin_x_landform,Ya,3,B_830305_8_LF_CLASS::台地・段丘,多摩川 / basin 8 / 台地・段丘,5,643,0.007776049766718507
watersystem_x_unit_basin_x_landform,Ya,3,B_830306_16_LF_CLASS::山地斜面等,鶴見川 / basin 16 / 山地斜面等,5,643,0.007776049766718507
watersystem_x_unit_basin_x_landform,Ya,3,B_130000_5_LF_CLASS::崖・段丘崖,名称不明 / basin 5 / 崖・段丘崖,4,643,0.006220839813374806
watersystem_x_unit_basin_x_landform,Ya,3,B_830304_53_LF_CLASS::台地・段丘,荒川 / basin 53 / 台地・段丘,4,643,0.006220839813374806
watersystem_x_unit_basin_x_landform,Ya,3,B_830304_57_LF_CLASS::山地斜面等,荒川 / basin 57 / 山地斜面等,4,643,0.006220839813374806
watersystem_x_unit_basin_x_landform,Ya,3,B_830304_86_LF_CLASS::台地・段丘,荒川 / basin 86 / 台地・段丘,4,643,0.006220839813374806
watersystem_x_unit_basin_x_landform,Ya,3,B_830304_86_LF_CLASS::山地斜面等,荒川 / basin 86 / 山地斜面等,4,643,0.006220839813374806
watersystem_x_unit_basin_x_landform,Ya,3,B_830305_23_LF_CLASS::山地斜面等,多摩川 / basin 23 / 山地斜面等,4,643,0.006220839813374806
watersystem_x_unit_basin_x_landform,Ya,3,B_830305_40_LF_CLASS::山地斜面等,多摩川 / basin 40 / 山地斜面等,4,643,0.006220839813374806
watersystem_x_unit_basin_x_landform,Ya,3,B_830305_41_LF_CLASS::台地・段丘,多摩川 / basin 41 / 台地・段丘,4,643,0.006220839813374806
watersystem_x_unit_basin_x_landform,Ya,3,B_830305_48_LF_CLASS::山地斜面等,多摩川 / basin 48 / 山地斜面等,4,643,0.006220839813374806
watersystem_x_unit_basin_x_landform,Ya,3,B_unknown_0_LF_CLASS::氾濫平野・海岸平野,古川・目黒川・立会川・呑川 / basin 0 / 氾濫平野・海岸平野,4,643,0.006220839813374806
watersystem_x_unit_basin_x_landform,Ya,3,B_130000_4_LF_CLASS::後背低地・湿地,名称不明 / basin 4 / 後背低地・湿地,3,643,0.004665629860031105
watersystem_x_unit_basin_x_landform,Ya,3,B_830304_16_LF_CLASS::台地・段丘,荒川 / basin 16 / 台地・段丘,3,643,0.004665629860031105
watersystem_x_unit_basin_x_landform,Ya,3,B_830304_25_LF_CLASS::台地・段丘,荒川 / basin 25 / 台地・段丘,3,643,0.004665629860031105
watersystem_x_unit_basin_x_landform,Ya,3,B_830304_26_LF_CLASS::山地斜面等,荒川 / basin 26 / 山地斜面等,3,643,0.004665629860031105
watersystem_x_unit_basin_x_landform,Ya,3,B_830304_51_LF_CLASS::山地斜面等,荒川 / basin 51 / 山地斜面等,3,643,0.004665629860031105
watersystem_x_unit_basin_x_landform,Ya,3,B_830304_54_LF_CLASS::山地斜面等,荒川 / basin 54 / 山地斜面等,3,643,0.004665629860031105
watersystem_x_unit_basin_x_landform,Ya,3,B_830304_57_LF_CLASS::氾濫平野・海岸平野,荒川 / basin 57 / 氾濫平野・海岸平野,3,643,0.004665629860031105
watersystem_x_unit_basin_x_landform,Ya,3,B_830304_69_LF_CLASS::山地斜面等,荒川 / basin 69 / 山地斜面等,3,643,0.004665629860031105
watersystem_x_unit_basin_x_landform,Ya,3,B_830304_86_LF_CLASS::氾濫平野・海岸平野,荒川 / basin 86 / 氾濫平野・海岸平野,3,643,0.004665629860031105
watersystem_x_unit_basin_x_landform,Ya,3,B_830305_35_LF_CLASS::台地・段丘,多摩川 / basin 35 / 台地・段丘,3,643,0.004665629860031105
watersystem_x_unit_basin_x_landform,Ya,3,B_830305_36_LF_CLASS::台地・段丘,多摩川 / basin 36 / 台地・段丘,3,643,0.004665629860031105
watersystem_x_unit_basin_x_landform,Ya,3,B_830305_37_LF_CLASS::台地・段丘,多摩川 / basin 37 / 台地・段丘,3,643,0.004665629860031105
watersystem_x_unit_basin_x_landform,Ya,3,B_130000_1_LF_CLASS::氾濫平野・海岸平野,名称不明 / basin 1 / 氾濫平野・海岸平野,2,643,0.003110419906687403
watersystem_x_unit_basin_x_landform,Ya,3,B_130000_4_LF_CLASS::山地斜面等,名称不明 / basin 4 / 山地斜面等,2,643,0.003110419906687403
watersystem_x_unit_basin_x_landform,Ya,3,B_130000_5_LF_CLASS::山地斜面等,名称不明 / basin 5 / 山地斜面等,2,643,0.003110419906687403
watersystem_x_unit_basin_x_landform,Ya,3,B_130000_5_LF_CLASS::後背低地・湿地,名称不明 / basin 5 / 後背低地・湿地,2,643,0.003110419906687403
watersystem_x_unit_basin_x_landform,Ya,3,B_830304_120_LF_CLASS::氾濫平野・海岸平野,荒川 / basin 120 / 氾濫平野・海岸平野,2,643,0.003110419906687403
watersystem_x_unit_basin_x_landform,Ya,3,B_830304_15_LF_CLASS::台地・段丘,荒川 / basin 15 / 台地・段丘,2,643,0.003110419906687403
watersystem_x_unit_basin_x_landform,Ya,3,B_830304_25_LF_CLASS::砂州・砂丘,荒川 / basin 25 / 砂州・砂丘,2,643,0.003110419906687403
watersystem_x_unit_basin_x_landform,Ya,3,B_830304_26_LF_CLASS::氾濫平野・海岸平野,荒川 / basin 26 / 氾濫平野・海岸平野,2,643,0.003110419906687403
watersystem_x_unit_basin_x_landform,Ya,3,B_830304_27_LF_CLASS::自然堤防,荒川 / basin 27 / 自然堤防,2,643,0.003110419906687403
watersystem_x_unit_basin_x_landform,Ya,3,B_830304_37_LF_CLASS::氾濫平野・海岸平野,荒川 / basin 37 / 氾濫平野・海岸平野,2,643,0.003110419906687403
watersystem_x_unit_basin_x_landform,Ya,3,B_830304_39_LF_CLASS::台地・段丘,荒川 / basin 39 / 台地・段丘,2,643,0.003110419906687403
watersystem_x_unit_basin_x_landform,Ya,3,B_830304_40_LF_CLASS::台地・段丘,荒川 / basin 40 / 台地・段丘,2,643,0.003110419906687403
watersystem_x_unit_basin_x_landform,Ya,3,B_830304_42_LF_CLASS::氾濫平野・海岸平野,荒川 / basin 42 / 氾濫平野・海岸平野,2,643,0.003110419906687403
watersystem_x_unit_basin_x_landform,Ya,3,B_830304_47_LF_CLASS::山地斜面等,荒川 / basin 47 / 山地斜面等,2,643,0.003110419906687403
watersystem_x_unit_basin_x_landform,Ya,3,B_830304_53_LF_CLASS::山地斜面等,荒川 / basin 53 / 山地斜面等,2,643,0.003110419906687403
watersystem_x_unit_basin_x_landform,Ya,3,B_830304_56_LF_CLASS::氾濫平野・海岸平野,荒川 / basin 56 / 氾濫平野・海岸平野,2,643,0.003110419906687403
watersystem_x_unit_basin_x_landform,Ya,3,B_830304_61_LF_CLASS::山地斜面等,荒川 / basin 61 / 山地斜面等,2,643,0.003110419906687403
watersystem_x_unit_basin_x_landform,Ya,3,B_830304_68_LF_CLASS::台地・段丘,荒川 / basin 68 / 台地・段丘,2,643,0.003110419906687403
watersystem_x_unit_basin_x_landform,Ya,3,B_830304_83_LF_CLASS::台地・段丘,荒川 / basin 83 / 台地・段丘,2,643,0.003110419906687403
watersystem_x_unit_basin_x_landform,Ya,3,B_830304_88_LF_CLASS::山地斜面等,荒川 / basin 88 / 山地斜面等,2,643,0.003110419906687403
watersystem_x_unit_basin_x_landform,Ya,3,B_830305_13_LF_CLASS::氾濫平野・海岸平野,多摩川 / basin 13 / 氾濫平野・海岸平野,2,643,0.003110419906687403
watersystem_x_unit_basin_x_landform,Ya,3,B_830305_22_LF_CLASS::山麓堆積地形,多摩川 / basin 22 / 山麓堆積地形,2,643,0.003110419906687403
watersystem_x_unit_basin_x_landform,Ya,3,B_830305_23_LF_CLASS::台地・段丘,多摩川 / basin 23 / 台地・段丘,2,643,0.003110419906687403
watersystem_x_unit_basin_x_landform,Ya,3,B_830305_23_LF_CLASS::山麓堆積地形,多摩川 / basin 23 / 山麓堆積地形,2,643,0.003110419906687403
watersystem_x_unit_basin_x_landform,Ya,3,B_830305_23_LF_CLASS::氾濫平野・海岸平野,多摩川 / basin 23 / 氾濫平野・海岸平野,2,643,0.003110419906687403
watersystem_x_unit_basin_x_landform,Ya,3,B_830305_27_LF_CLASS::台地・段丘,多摩川 / basin 27 / 台地・段丘,2,643,0.003110419906687403
watersystem_x_unit_basin_x_landform,Ya,3,B_830305_2_LF_CLASS::山地斜面等,多摩川 / basin 2 / 山地斜面等,2,643,0.003110419906687403
watersystem_x_unit_basin_x_landform,Ya,3,B_830305_30_LF_CLASS::台地・段丘,多摩川 / basin 30 / 台地・段丘,2,643,0.003110419906687403
watersystem_x_unit_basin_x_landform,Ya,3,B_830305_34_LF_CLASS::氾濫平野・海岸平野,多摩川 / basin 34 / 氾濫平野・海岸平野,2,643,0.003110419906687403
watersystem_x_unit_basin_x_landform,Ya,3,B_830305_3_LF_CLASS::台地・段丘,多摩川 / basin 3 / 台地・段丘,2,643,0.003110419906687403
watersystem_x_unit_basin_x_landform,Ya,3,B_830305_43_LF_CLASS::台地・段丘,多摩川 / basin 43 / 台地・段丘,2,643,0.003110419906687403
watersystem_x_unit_basin_x_landform,Ya,3,B_830305_48_LF_CLASS::台地・段丘,多摩川 / basin 48 / 台地・段丘,2,643,0.003110419906687403
watersystem_x_unit_basin_x_landform,Ya,3,B_830306_17_LF_CLASS::台地・段丘,鶴見川 / basin 17 / 台地・段丘,2,643,0.003110419906687403
watersystem_x_unit_basin_x_landform,Ya,3,B_130000_2_LF_CLASS::台地・段丘,名称不明 / basin 2 / 台地・段丘,1,643,0.0015552099533437014
watersystem_x_unit_basin_x_landform,Ya,3,B_130000_2_LF_CLASS::山地斜面等,名称不明 / basin 2 / 山地斜面等,1,643,0.0015552099533437014
watersystem_x_unit_basin_x_landform,Ya,3,B_130000_3_LF_CLASS::台地・段丘,名称不明 / basin 3 / 台地・段丘,1,643,0.0015552099533437014
watersystem_x_unit_basin_x_landform,Ya,3,B_130000_4_LF_CLASS::氾濫平野・海岸平野,名称不明 / basin 4 / 氾濫平野・海岸平野,1,643,0.0015552099533437014
watersystem_x_unit_basin_x_landform,Ya,3,B_130000_5_LF_CLASS::氾濫平野・海岸平野,名称不明 / basin 5 / 氾濫平野・海岸平野,1,643,0.0015552099533437014
watersystem_x_unit_basin_x_landform,Ya,3,B_140013_19_LF_CLASS::山地斜面等,境川 / basin 19 / 山地斜面等,1,643,0.0015552099533437014
watersystem_x_unit_basin_x_landform,Ya,3,B_140013_19_LF_CLASS::氾濫平野・海岸平野,境川 / basin 19 / 氾濫平野・海岸平野,1,643,0.0015552099533437014
watersystem_x_unit_basin_x_landform,Ya,3,B_830303_345_LF_CLASS::自然堤防,利根川 / basin 345 / 自然堤防,1,643,0.0015552099533437014
watersystem_x_unit_basin_x_landform,Ya,3,B_830303_347_LF_CLASS::自然堤防,利根川 / basin 347 / 自然堤防,1,643,0.0015552099533437014
watersystem_x_unit_basin_x_landform,Ya,3,B_830303_388_LF_CLASS::氾濫平野・海岸平野,利根川 / basin 388 / 氾濫平野・海岸平野,1,643,0.0015552099533437014
watersystem_x_unit_basin_x_landform,Ya,3,B_830303_389_LF_CLASS::自然堤防,利根川 / basin 389 / 自然堤防,1,643,0.0015552099533437014
watersystem_x_unit_basin_x_landform,Ya,3,B_830303_393_LF_CLASS::氾濫平野・海岸平野,利根川 / basin 393 / 氾濫平野・海岸平野,1,643,0.0015552099533437014
watersystem_x_unit_basin_x_landform,Ya,3,B_830303_393_LF_CLASS::自然堤防,利根川 / basin 393 / 自然堤防,1,643,0.0015552099533437014
watersystem_x_unit_basin_x_landform,Ya,3,B_830303_478_LF_CLASS::氾濫平野・海岸平野,利根川 / basin 478 / 氾濫平野・海岸平野,1,643,0.0015552099533437014
watersystem_x_unit_basin_x_landform,Ya,3,B_830304_15_LF_CLASS::砂州・砂丘,荒川 / basin 15 / 砂州・砂丘,1,643,0.0015552099533437014
watersystem_x_unit_basin_x_landform,Ya,3,B_830304_15_LF_CLASS::自然堤防,荒川 / basin 15 / 自然堤防,1,643,0.0015552099533437014
watersystem_x_unit_basin_x_landform,Ya,3,B_830304_16_LF_CLASS::凹地・浅い谷,荒川 / basin 16 / 凹地・浅い谷,1,643,0.0015552099533437014
watersystem_x_unit_basin_x_landform,Ya,3,B_830304_16_LF_CLASS::氾濫平野・海岸平野,荒川 / basin 16 / 氾濫平野・海岸平野,1,643,0.0015552099533437014
watersystem_x_unit_basin_x_landform,Ya,3,B_830304_16_LF_CLASS::自然堤防,荒川 / basin 16 / 自然堤防,1,643,0.0015552099533437014
watersystem_x_unit_basin_x_landform,Ya,3,B_830304_27_LF_CLASS::氾濫平野・海岸平野,荒川 / basin 27 / 氾濫平野・海岸平野,1,643,0.0015552099533437014
watersystem_x_unit_basin_x_landform,Ya,3,B_830304_27_LF_CLASS::砂州・砂丘,荒川 / basin 27 / 砂州・砂丘,1,643,0.0015552099533437014
watersystem_x_unit_basin_x_landform,Ya,3,B_830304_36_LF_CLASS::氾濫平野・海岸平野,荒川 / basin 36 / 氾濫平野・海岸平野,1,643,0.0015552099533437014
watersystem_x_unit_basin_x_landform,Ya,3,B_830304_38_LF_CLASS::山地斜面等,荒川 / basin 38 / 山地斜面等,1,643,0.0015552099533437014
watersystem_x_unit_basin_x_landform,Ya,3,B_830304_38_LF_CLASS::崖・段丘崖,荒川 / basin 38 / 崖・段丘崖,1,643,0.0015552099533437014
watersystem_x_unit_basin_x_landform,Ya,3,B_830304_39_LF_CLASS::崖・段丘崖,荒川 / basin 39 / 崖・段丘崖,1,643,0.0015552099533437014
watersystem_x_unit_basin_x_landform,Ya,3,B_830304_39_LF_CLASS::水部,荒川 / basin 39 / 水部,1,643,0.0015552099533437014
watersystem_x_unit_basin_x_landform,Ya,3,B_830304_44_LF_CLASS::氾濫平野・海岸平野,荒川 / basin 44 / 氾濫平野・海岸平野,1,643,0.0015552099533437014
watersystem_x_unit_basin_x_landform,Ya,3,B_830304_47_LF_CLASS::氾濫平野・海岸平野,荒川 / basin 47 / 氾濫平野・海岸平野,1,643,0.0015552099533437014
watersystem_x_unit_basin_x_landform,Ya,3,B_830304_51_LF_CLASS::台地・段丘,荒川 / basin 51 / 台地・段丘,1,643,0.0015552099533437014
watersystem_x_unit_basin_x_landform,Ya,3,B_830304_54_LF_CLASS::氾濫平野・海岸平野,荒川 / basin 54 / 氾濫平野・海岸平野,1,643,0.0015552099533437014
watersystem_x_unit_basin_x_landform,Ya,3,B_830304_55_LF_CLASS::凹地・浅い谷,荒川 / basin 55 / 凹地・浅い谷,1,643,0.0015552099533437014
watersystem_x_unit_basin_x_landform,Ya,3,B_830304_63_LF_CLASS::台地・段丘,荒川 / basin 63 / 台地・段丘,1,643,0.0015552099533437014
watersystem_x_unit_basin_x_landform,Ya,3,B_830304_67_LF_CLASS::台地・段丘,荒川 / basin 67 / 台地・段丘,1,643,0.0015552099533437014
watersystem_x_unit_basin_x_landform,Ya,3,B_830304_67_LF_CLASS::山地斜面等,荒川 / basin 67 / 山地斜面等,1,643,0.0015552099533437014
watersystem_x_unit_basin_x_landform,Ya,3,B_830304_69_LF_CLASS::氾濫平野・海岸平野,荒川 / basin 69 / 氾濫平野・海岸平野,1,643,0.0015552099533437014
watersystem_x_unit_basin_x_landform,Ya,3,B_830304_70_LF_CLASS::山地斜面等,荒川 / basin 70 / 山地斜面等,1,643,0.0015552099533437014
watersystem_x_unit_basin_x_landform,Ya,3,B_830304_70_LF_CLASS::氾濫平野・海岸平野,荒川 / basin 70 / 氾濫平野・海岸平野,1,643,0.0015552099533437014
watersystem_x_unit_basin_x_landform,Ya,3,B_830304_79_LF_CLASS::台地・段丘,荒川 / basin 79 / 台地・段丘,1,643,0.0015552099533437014
watersystem_x_unit_basin_x_landform,Ya,3,B_830304_80_LF_CLASS::台地・段丘,荒川 / basin 80 / 台地・段丘,1,643,0.0015552099533437014
watersystem_x_unit_basin_x_landform,Ya,3,B_830304_80_LF_CLASS::山地斜面等,荒川 / basin 80 / 山地斜面等,1,643,0.0015552099533437014
watersystem_x_unit_basin_x_landform,Ya,3,B_830304_87_LF_CLASS::山地斜面等,荒川 / basin 87 / 山地斜面等,1,643,0.0015552099533437014
watersystem_x_unit_basin_x_landform,Ya,3,B_830305_12_LF_CLASS::凹地・浅い谷,多摩川 / basin 12 / 凹地・浅い谷,1,643,0.0015552099533437014
watersystem_x_unit_basin_x_landform,Ya,3,B_830305_13_LF_CLASS::台地・段丘,多摩川 / basin 13 / 台地・段丘,1,643,0.0015552099533437014
watersystem_x_unit_basin_x_landform,Ya,3,B_830305_16_LF_CLASS::台地・段丘,多摩川 / basin 16 / 台地・段丘,1,643,0.0015552099533437014
watersystem_x_unit_basin_x_landform,Ya,3,B_830305_17_LF_CLASS::台地・段丘,多摩川 / basin 17 / 台地・段丘,1,643,0.0015552099533437014
watersystem_x_unit_basin_x_landform,Ya,3,B_830305_17_LF_CLASS::氾濫平野・海岸平野,多摩川 / basin 17 / 氾濫平野・海岸平野,1,643,0.0015552099533437014
watersystem_x_unit_basin_x_landform,Ya,3,B_830305_18_LF_CLASS::氾濫平野・海岸平野,多摩川 / basin 18 / 氾濫平野・海岸平野,1,643,0.0015552099533437014
watersystem_x_unit_basin_x_landform,Ya,3,B_830305_20_LF_CLASS::氾濫平野・海岸平野,多摩川 / basin 20 / 氾濫平野・海岸平野,1,643,0.0015552099533437014
watersystem_x_unit_basin_x_landform,Ya,3,B_830305_25_LF_CLASS::台地・段丘,多摩川 / basin 25 / 台地・段丘,1,643,0.0015552099533437014
watersystem_x_unit_basin_x_landform,Ya,3,B_830305_28_LF_CLASS::台地・段丘,多摩川 / basin 28 / 台地・段丘,1,643,0.0015552099533437014
watersystem_x_unit_basin_x_landform,Ya,3,B_830305_28_LF_CLASS::氾濫平野・海岸平野,多摩川 / basin 28 / 氾濫平野・海岸平野,1,643,0.0015552099533437014
watersystem_x_unit_basin_x_landform,Ya,3,B_830305_30_LF_CLASS::凹地・浅い谷,多摩川 / basin 30 / 凹地・浅い谷,1,643,0.0015552099533437014
watersystem_x_unit_basin_x_landform,Ya,3,B_830305_30_LF_CLASS::氾濫平野・海岸平野,多摩川 / basin 30 / 氾濫平野・海岸平野,1,643,0.0015552099533437014
watersystem_x_unit_basin_x_landform,Ya,3,B_830305_32_LF_CLASS::山地斜面等,多摩川 / basin 32 / 山地斜面等,1,643,0.0015552099533437014
watersystem_x_unit_basin_x_landform,Ya,3,B_830305_33_LF_CLASS::山地斜面等,多摩川 / basin 33 / 山地斜面等,1,643,0.0015552099533437014
watersystem_x_unit_basin_x_landform,Ya,3,B_830305_34_LF_CLASS::凹地・浅い谷,多摩川 / basin 34 / 凹地・浅い谷,1,643,0.0015552099533437014
watersystem_x_unit_basin_x_landform,Ya,3,B_830305_36_LF_CLASS::山地斜面等,多摩川 / basin 36 / 山地斜面等,1,643,0.0015552099533437014
watersystem_x_unit_basin_x_landform,Ya,3,B_830305_37_LF_CLASS::山地斜面等,多摩川 / basin 37 / 山地斜面等,1,643,0.0015552099533437014
watersystem_x_unit_basin_x_landform,Ya,3,B_830305_38_LF_CLASS::台地・段丘,多摩川 / basin 38 / 台地・段丘,1,643,0.0015552099533437014
watersystem_x_unit_basin_x_landform,Ya,3,B_830305_40_LF_CLASS::凹地・浅い谷,多摩川 / basin 40 / 凹地・浅い谷,1,643,0.0015552099533437014
watersystem_x_unit_basin_x_landform,Ya,3,B_830305_43_LF_CLASS::凹地・浅い谷,多摩川 / basin 43 / 凹地・浅い谷,1,643,0.0015552099533437014
watersystem_x_unit_basin_x_landform,Ya,3,B_830305_43_LF_CLASS::山地斜面等,多摩川 / basin 43 / 山地斜面等,1,643,0.0015552099533437014
watersystem_x_unit_basin_x_landform,Ya,3,B_830305_44_LF_CLASS::台地・段丘,多摩川 / basin 44 / 台地・段丘,1,643,0.0015552099533437014
watersystem_x_unit_basin_x_landform,Ya,3,B_830305_46_LF_CLASS::台地・段丘,多摩川 / basin 46 / 台地・段丘,1,643,0.0015552099533437014
watersystem_x_unit_basin_x_landform,Ya,3,B_830305_47_LF_CLASS::台地・段丘,多摩川 / basin 47 / 台地・段丘,1,643,0.0015552099533437014
watersystem_x_unit_basin_x_landform,Ya,3,B_830305_50_LF_CLASS::台地・段丘,多摩川 / basin 50 / 台地・段丘,1,643,0.0015552099533437014
watersystem_x_unit_basin_x_landform,Ya,3,B_830305_56_LF_CLASS::台地・段丘,多摩川 / basin 56 / 台地・段丘,1,643,0.0015552099533437014
watersystem_x_unit_basin_x_landform,Ya,3,B_830305_56_LF_CLASS::山地斜面等,多摩川 / basin 56 / 山地斜面等,1,643,0.0015552099533437014
watersystem_x_unit_basin_x_landform,Ya,3,B_830305_71_LF_CLASS::台地・段丘,多摩川 / basin 71 / 台地・段丘,1,643,0.0015552099533437014
watersystem_x_unit_basin_x_landform,Ya,3,B_830305_75_LF_CLASS::台地・段丘,多摩川 / basin 75 / 台地・段丘,1,643,0.0015552099533437014
watersystem_x_unit_basin_x_landform,Ya,3,B_830305_8_LF_CLASS::氾濫平野・海岸平野,多摩川 / basin 8 / 氾濫平野・海岸平野,1,643,0.0015552099533437014
watersystem_x_unit_basin_x_landform,Ya,3,B_830306_16_LF_CLASS::凹地・浅い谷,鶴見川 / basin 16 / 凹地・浅い谷,1,643,0.0015552099533437014
watersystem_x_unit_basin_x_landform,Ya,3,B_830306_19_LF_CLASS::台地・段丘,鶴見川 / basin 19 / 台地・段丘,1,643,0.0015552099533437014
watersystem_x_unit_basin_x_landform,Ya,3,B_830306_20_LF_CLASS::山麓堆積地形,鶴見川 / basin 20 / 山麓堆積地形,1,643,0.0015552099533437014
watersystem_x_unit_basin_x_landform,Ya,3,B_830306_20_LF_CLASS::崖・段丘崖,鶴見川 / basin 20 / 崖・段丘崖,1,643,0.0015552099533437014
watersystem_x_unit_basin_x_landform,Ya,3,B_830306_20_LF_CLASS::水部,鶴見川 / basin 20 / 水部,1,643,0.0015552099533437014
watersystem_x_unit_basin_x_landform,Ya,3,B_830306_21_LF_CLASS::台地・段丘,鶴見川 / basin 21 / 台地・段丘,1,643,0.0015552099533437014
watersystem_x_unit_basin_x_landform,Ya,3,B_unknown_0_LF_CLASS::凹地・浅い谷,古川・目黒川・立会川・呑川 / basin 0 / 凹地・浅い谷,1,643,0.0015552099533437014
watersystem_x_unit_basin_x_landform,Ya,3,B_unknown_0_LF_CLASS::崖・段丘崖,古川・目黒川・立会川・呑川 / basin 0 / 崖・段丘崖,1,643,0.0015552099533437014
watersystem_x_unit_basin_x_landform,Ya,3,B_unknown_0_LF_CLASS::砂州・砂丘,古川・目黒川・立会川・呑川 / basin 0 / 砂州・砂丘,1,643,0.0015552099533437014
watersystem_x_unit_basin_x_landform,Ko,4,B_830305_19_LF_CLASS::台地・段丘,多摩川 / basin 19 / 台地・段丘,97,1626,0.05965559655596556
watersystem_x_unit_basin_x_landform,Ko,4,B_unknown_0_LF_CLASS::台地・段丘,古川・目黒川・立会川・呑川 / basin 0 / 台地・段丘,58,1626,0.03567035670356704
watersystem_x_unit_basin_x_landform,Ko,4,B_830305_10_LF_CLASS::台地・段丘,多摩川 / basin 10 / 台地・段丘,51,1626,0.03136531365313653
watersystem_x_unit_basin_x_landform,Ko,4,B_830305_12_LF_CLASS::台地・段丘,多摩川 / basin 12 / 台地・段丘,50,1626,0.03075030750307503
watersystem_x_unit_basin_x_landform,Ko,4,B_unknown_0_LF_CLASS::山地斜面等,古川・目黒川・立会川・呑川 / basin 0 / 山地斜面等,49,1626,0.03013530135301353
watersystem_x_unit_basin_x_landform,Ko,4,B_830305_56_LF_CLASS::台地・段丘,多摩川 / basin 56 / 台地・段丘,47,1626,0.02890528905289053
watersystem_x_unit_basin_x_landform,Ko,4,B_140013_17_LF_CLASS::山地斜面等,境川 / basin 17 / 山地斜面等,42,1626,0.025830258302583026
watersystem_x_unit_basin_x_landform,Ko,4,B_830306_20_LF_CLASS::山地斜面等,鶴見川 / basin 20 / 山地斜面等,36,1626,0.02214022140221402
watersystem_x_unit_basin_x_landform,Ko,4,B_830305_13_LF_CLASS::台地・段丘,多摩川 / basin 13 / 台地・段丘,27,1626,0.016605166051660517
watersystem_x_unit_basin_x_landform,Ko,4,B_130000_5_LF_CLASS::台地・段丘,名称不明 / basin 5 / 台地・段丘,26,1626,0.015990159901599015
watersystem_x_unit_basin_x_landform,Ko,4,B_830305_8_LF_CLASS::台地・段丘,多摩川 / basin 8 / 台地・段丘,24,1626,0.014760147601476014
watersystem_x_unit_basin_x_landform,Ko,4,B_830305_18_LF_CLASS::台地・段丘,多摩川 / basin 18 / 台地・段丘,23,1626,0.014145141451414513
watersystem_x_unit_basin_x_landform,Ko,4,B_830305_23_LF_CLASS::台地・段丘,多摩川 / basin 23 / 台地・段丘,23,1626,0.014145141451414513
watersystem_x_unit_basin_x_landform,Ko,4,B_830305_30_LF_CLASS::山地斜面等,多摩川 / basin 30 / 山地斜面等,23,1626,0.014145141451414513
watersystem_x_unit_basin_x_landform,Ko,4,B_830305_14_LF_CLASS::台地・段丘,多摩川 / basin 14 / 台地・段丘,22,1626,0.013530135301353014
watersystem_x_unit_basin_x_landform,Ko,4,B_830305_2_LF_CLASS::台地・段丘,多摩川 / basin 2 / 台地・段丘,21,1626,0.012915129151291513
watersystem_x_unit_basin_x_landform,Ko,4,B_830304_55_LF_CLASS::台地・段丘,荒川 / basin 55 / 台地・段丘,20,1626,0.012300123001230012
watersystem_x_unit_basin_x_landform,Ko,4,B_830305_23_LF_CLASS::山地斜面等,多摩川 / basin 23 / 山地斜面等,20,1626,0.012300123001230012
watersystem_x_unit_basin_x_landform,Ko,4,B_830305_3_LF_CLASS::山地斜面等,多摩川 / basin 3 / 山地斜面等,20,1626,0.012300123001230012
watersystem_x_unit_basin_x_landform,Ko,4,B_830305_25_LF_CLASS::台地・段丘,多摩川 / basin 25 / 台地・段丘,19,1626,0.011685116851168511
watersystem_x_unit_basin_x_landform,Ko,4,B_830305_28_LF_CLASS::山地斜面等,多摩川 / basin 28 / 山地斜面等,18,1626,0.01107011070110701
watersystem_x_unit_basin_x_landform,Ko,4,B_830305_3_LF_CLASS::台地・段丘,多摩川 / basin 3 / 台地・段丘,18,1626,0.01107011070110701
watersystem_x_unit_basin_x_landform,Ko,4,B_830305_40_LF_CLASS::台地・段丘,多摩川 / basin 40 / 台地・段丘,18,1626,0.01107011070110701
watersystem_x_unit_basin_x_landform,Ko,4,B_830305_43_LF_CLASS::台地・段丘,多摩川 / basin 43 / 台地・段丘,18,1626,0.01107011070110701
watersystem_x_unit_basin_x_landform,Ko,4,B_830305_35_LF_CLASS::山地斜面等,多摩川 / basin 35 / 山地斜面等,17,1626,0.010455104551045511
watersystem_x_unit_basin_x_landform,Ko,4,B_830304_120_LF_CLASS::台地・段丘,荒川 / basin 120 / 台地・段丘,15,1626,0.00922509225092251
watersystem_x_unit_basin_x_landform,Ko,4,B_830304_52_LF_CLASS::台地・段丘,荒川 / basin 52 / 台地・段丘,15,1626,0.00922509225092251
watersystem_x_unit_basin_x_landform,Ko,4,B_830304_70_LF_CLASS::台地・段丘,荒川 / basin 70 / 台地・段丘,15,1626,0.00922509225092251
watersystem_x_unit_basin_x_landform,Ko,4,B_830305_17_LF_CLASS::山地斜面等,多摩川 / basin 17 / 山地斜面等,15,1626,0.00922509225092251
watersystem_x_unit_basin_x_landform,Ko,4,B_830305_35_LF_CLASS::台地・段丘,多摩川 / basin 35 / 台地・段丘,15,1626,0.00922509225092251
watersystem_x_unit_basin_x_landform,Ko,4,B_830305_50_LF_CLASS::台地・段丘,多摩川 / basin 50 / 台地・段丘,15,1626,0.00922509225092251
watersystem_x_unit_basin_x_landform,Ko,4,B_830304_26_LF_CLASS::台地・段丘,荒川 / basin 26 / 台地・段丘,14,1626,0.008610086100861008
watersystem_x_unit_basin_x_landform,Ko,4,B_830306_21_LF_CLASS::山地斜面等,鶴見川 / basin 21 / 山地斜面等,14,1626,0.008610086100861008
watersystem_x_unit_basin_x_landform,Ko,4,B_unknown_0_LF_CLASS::氾濫平野・海岸平野,古川・目黒川・立会川・呑川 / basin 0 / 氾濫平野・海岸平野,14,1626,0.008610086100861008
watersystem_x_unit_basin_x_landform,Ko,4,B_140013_17_LF_CLASS::台地・段丘,境川 / basin 17 / 台地・段丘,13,1626,0.007995079950799507
watersystem_x_unit_basin_x_landform,Ko,4,B_830304_42_LF_CLASS::台地・段丘,荒川 / basin 42 / 台地・段丘,13,1626,0.007995079950799507
watersystem_x_unit_basin_x_landform,Ko,4,B_830304_57_LF_CLASS::台地・段丘,荒川 / basin 57 / 台地・段丘,13,1626,0.007995079950799507
watersystem_x_unit_basin_x_landform,Ko,4,B_830304_86_LF_CLASS::台地・段丘,荒川 / basin 86 / 台地・段丘,13,1626,0.007995079950799507
watersystem_x_unit_basin_x_landform,Ko,4,B_830306_16_LF_CLASS::台地・段丘,鶴見川 / basin 16 / 台地・段丘,13,1626,0.007995079950799507
watersystem_x_unit_basin_x_landform,Ko,4,B_830306_16_LF_CLASS::山地斜面等,鶴見川 / basin 16 / 山地斜面等,13,1626,0.007995079950799507
watersystem_x_unit_basin_x_landform,Ko,4,B_130000_1_LF_CLASS::台地・段丘,名称不明 / basin 1 / 台地・段丘,11,1626,0.006765067650676507
watersystem_x_unit_basin_x_landform,Ko,4,B_830304_27_LF_CLASS::台地・段丘,荒川 / basin 27 / 台地・段丘,11,1626,0.006765067650676507
watersystem_x_unit_basin_x_landform,Ko,4,B_830305_20_LF_CLASS::台地・段丘,多摩川 / basin 20 / 台地・段丘,11,1626,0.006765067650676507
watersystem_x_unit_basin_x_landform,Ko,4,B_830304_56_LF_CLASS::台地・段丘,荒川 / basin 56 / 台地・段丘,10,1626,0.006150061500615006
watersystem_x_unit_basin_x_landform,Ko,4,B_830304_61_LF_CLASS::台地・段丘,荒川 / basin 61 / 台地・段丘,10,1626,0.006150061500615006
watersystem_x_unit_basin_x_landform,Ko,4,B_830304_86_LF_CLASS::山地斜面等,荒川 / basin 86 / 山地斜面等,10,1626,0.006150061500615006
watersystem_x_unit_basin_x_landform,Ko,4,B_830305_2_LF_CLASS::山地斜面等,多摩川 / basin 2 / 山地斜面等,10,1626,0.006150061500615006
watersystem_x_unit_basin_x_landform,Ko,4,B_830305_2_LF_CLASS::崖・段丘崖,多摩川 / basin 2 / 崖・段丘崖,10,1626,0.006150061500615006
watersystem_x_unit_basin_x_landform,Ko,4,B_830305_5_LF_CLASS::台地・段丘,多摩川 / basin 5 / 台地・段丘,10,1626,0.006150061500615006
watersystem_x_unit_basin_x_landform,Ko,4,B_830305_8_LF_CLASS::崖・段丘崖,多摩川 / basin 8 / 崖・段丘崖,10,1626,0.006150061500615006
watersystem_x_unit_basin_x_landform,Ko,4,B_140013_17_LF_CLASS::氾濫平野・海岸平野,境川 / basin 17 / 氾濫平野・海岸平野,9,1626,0.005535055350553505
watersystem_x_unit_basin_x_landform,Ko,4,B_830304_47_LF_CLASS::台地・段丘,荒川 / basin 47 / 台地・段丘,9,1626,0.005535055350553505
watersystem_x_unit_basin_x_landform,Ko,4,B_830304_83_LF_CLASS::台地・段丘,荒川 / basin 83 / 台地・段丘,9,1626,0.005535055350553505
watersystem_x_unit_basin_x_landform,Ko,4,B_830305_22_LF_CLASS::山地斜面等,多摩川 / basin 22 / 山地斜面等,9,1626,0.005535055350553505
watersystem_x_unit_basin_x_landform,Ko,4,B_830305_36_LF_CLASS::山地斜面等,多摩川 / basin 36 / 山地斜面等,9,1626,0.005535055350553505
watersystem_x_unit_basin_x_landform,Ko,4,B_130000_4_LF_CLASS::台地・段丘,名称不明 / basin 4 / 台地・段丘,8,1626,0.004920049200492005
watersystem_x_unit_basin_x_landform,Ko,4,B_830304_88_LF_CLASS::山地斜面等,荒川 / basin 88 / 山地斜面等,8,1626,0.004920049200492005
watersystem_x_unit_basin_x_landform,Ko,4,B_830305_52_LF_CLASS::台地・段丘,多摩川 / basin 52 / 台地・段丘,8,1626,0.004920049200492005
watersystem_x_unit_basin_x_landform,Ko,4,B_unknown_0_LF_CLASS::崖・段丘崖,古川・目黒川・立会川・呑川 / basin 0 / 崖・段丘崖,8,1626,0.004920049200492005
watersystem_x_unit_basin_x_landform,Ko,4,B_830303_478_LF_CLASS::氾濫平野・海岸平野,利根川 / basin 478 / 氾濫平野・海岸平野,7,1626,0.004305043050430504
watersystem_x_unit_basin_x_landform,Ko,4,B_830304_25_LF_CLASS::台地・段丘,荒川 / basin 25 / 台地・段丘,7,1626,0.004305043050430504
watersystem_x_unit_basin_x_landform,Ko,4,B_830304_25_LF_CLASS::砂州・砂丘,荒川 / basin 25 / 砂州・砂丘,7,1626,0.004305043050430504
watersystem_x_unit_basin_x_landform,Ko,4,B_830304_54_LF_CLASS::山地斜面等,荒川 / basin 54 / 山地斜面等,7,1626,0.004305043050430504
watersystem_x_unit_basin_x_landform,Ko,4,B_830304_57_LF_CLASS::山地斜面等,荒川 / basin 57 / 山地斜面等,7,1626,0.004305043050430504
watersystem_x_unit_basin_x_landform,Ko,4,B_830304_69_LF_CLASS::台地・段丘,荒川 / basin 69 / 台地・段丘,7,1626,0.004305043050430504
watersystem_x_unit_basin_x_landform,Ko,4,B_830304_86_LF_CLASS::氾濫平野・海岸平野,荒川 / basin 86 / 氾濫平野・海岸平野,7,1626,0.004305043050430504
watersystem_x_unit_basin_x_landform,Ko,4,B_830305_23_LF_CLASS::氾濫平野・海岸平野,多摩川 / basin 23 / 氾濫平野・海岸平野,7,1626,0.004305043050430504
watersystem_x_unit_basin_x_landform,Ko,4,B_830305_40_LF_CLASS::山地斜面等,多摩川 / basin 40 / 山地斜面等,7,1626,0.004305043050430504
watersystem_x_unit_basin_x_landform,Ko,4,B_830305_41_LF_CLASS::台地・段丘,多摩川 / basin 41 / 台地・段丘,7,1626,0.004305043050430504
watersystem_x_unit_basin_x_landform,Ko,4,B_830306_20_LF_CLASS::氾濫平野・海岸平野,鶴見川 / basin 20 / 氾濫平野・海岸平野,7,1626,0.004305043050430504
watersystem_x_unit_basin_x_landform,Ko,4,B_830304_54_LF_CLASS::台地・段丘,荒川 / basin 54 / 台地・段丘,6,1626,0.0036900369003690036
watersystem_x_unit_basin_x_landform,Ko,4,B_830305_12_LF_CLASS::凹地・浅い谷,多摩川 / basin 12 / 凹地・浅い谷,6,1626,0.0036900369003690036
watersystem_x_unit_basin_x_landform,Ko,4,B_830305_27_LF_CLASS::台地・段丘,多摩川 / basin 27 / 台地・段丘,6,1626,0.0036900369003690036
watersystem_x_unit_basin_x_landform,Ko,4,B_830305_33_LF_CLASS::台地・段丘,多摩川 / basin 33 / 台地・段丘,6,1626,0.0036900369003690036
watersystem_x_unit_basin_x_landform,Ko,4,B_830306_20_LF_CLASS::台地・段丘,鶴見川 / basin 20 / 台地・段丘,6,1626,0.0036900369003690036
watersystem_x_unit_basin_x_landform,Ko,4,B_unknown_0_LF_CLASS::砂州・砂丘,古川・目黒川・立会川・呑川 / basin 0 / 砂州・砂丘,6,1626,0.0036900369003690036
watersystem_x_unit_basin_x_landform,Ko,4,B_830303_427_LF_CLASS::自然堤防,利根川 / basin 427 / 自然堤防,5,1626,0.003075030750307503
watersystem_x_unit_basin_x_landform,Ko,4,B_830303_517_LF_CLASS::旧河道,利根川 / basin 517 / 旧河道,5,1626,0.003075030750307503
watersystem_x_unit_basin_x_landform,Ko,4,B_830304_16_LF_CLASS::台地・段丘,荒川 / basin 16 / 台地・段丘,5,1626,0.003075030750307503
watersystem_x_unit_basin_x_landform,Ko,4,B_830304_37_LF_CLASS::台地・段丘,荒川 / basin 37 / 台地・段丘,5,1626,0.003075030750307503
watersystem_x_unit_basin_x_landform,Ko,4,B_830304_52_LF_CLASS::山地斜面等,荒川 / basin 52 / 山地斜面等,5,1626,0.003075030750307503
watersystem_x_unit_basin_x_landform,Ko,4,B_830304_68_LF_CLASS::台地・段丘,荒川 / basin 68 / 台地・段丘,5,1626,0.003075030750307503
watersystem_x_unit_basin_x_landform,Ko,4,B_830305_16_LF_CLASS::台地・段丘,多摩川 / basin 16 / 台地・段丘,5,1626,0.003075030750307503
watersystem_x_unit_basin_x_landform,Ko,4,B_830305_27_LF_CLASS::崖・段丘崖,多摩川 / basin 27 / 崖・段丘崖,5,1626,0.003075030750307503
watersystem_x_unit_basin_x_landform,Ko,4,B_830305_48_LF_CLASS::台地・段丘,多摩川 / basin 48 / 台地・段丘,5,1626,0.003075030750307503
watersystem_x_unit_basin_x_landform,Ko,4,B_830305_56_LF_CLASS::崖・段丘崖,多摩川 / basin 56 / 崖・段丘崖,5,1626,0.003075030750307503
watersystem_x_unit_basin_x_landform,Ko,4,B_130000_6_LF_CLASS::台地・段丘,名称不明 / basin 6 / 台地・段丘,4,1626,0.0024600246002460025
watersystem_x_unit_basin_x_landform,Ko,4,B_830304_120_LF_CLASS::氾濫平野・海岸平野,荒川 / basin 120 / 氾濫平野・海岸平野,4,1626,0.0024600246002460025
watersystem_x_unit_basin_x_landform,Ko,4,B_830305_18_LF_CLASS::崖・段丘崖,多摩川 / basin 18 / 崖・段丘崖,4,1626,0.0024600246002460025
watersystem_x_unit_basin_x_landform,Ko,4,B_830305_2_LF_CLASS::氾濫平野・海岸平野,多摩川 / basin 2 / 氾濫平野・海岸平野,4,1626,0.0024600246002460025
watersystem_x_unit_basin_x_landform,Ko,4,B_830305_33_LF_CLASS::山地斜面等,多摩川 / basin 33 / 山地斜面等,4,1626,0.0024600246002460025
watersystem_x_unit_basin_x_landform,Ko,4,B_830305_44_LF_CLASS::山地斜面等,多摩川 / basin 44 / 山地斜面等,4,1626,0.0024600246002460025
watersystem_x_unit_basin_x_landform,Ko,4,B_830305_51_LF_CLASS::台地・段丘,多摩川 / basin 51 / 台地・段丘,4,1626,0.0024600246002460025
watersystem_x_unit_basin_x_landform,Ko,4,B_130000_4_LF_CLASS::後背低地・湿地,名称不明 / basin 4 / 後背低地・湿地,3,1626,0.0018450184501845018
watersystem_x_unit_basin_x_landform,Ko,4,B_130000_6_LF_CLASS::山地斜面等,名称不明 / basin 6 / 山地斜面等,3,1626,0.0018450184501845018
watersystem_x_unit_basin_x_landform,Ko,4,B_830303_347_LF_CLASS::自然堤防,利根川 / basin 347 / 自然堤防,3,1626,0.0018450184501845018
watersystem_x_unit_basin_x_landform,Ko,4,B_830304_25_LF_CLASS::氾濫平野・海岸平野,荒川 / basin 25 / 氾濫平野・海岸平野,3,1626,0.0018450184501845018
watersystem_x_unit_basin_x_landform,Ko,4,B_830304_26_LF_CLASS::山地斜面等,荒川 / basin 26 / 山地斜面等,3,1626,0.0018450184501845018
watersystem_x_unit_basin_x_landform,Ko,4,B_830304_27_LF_CLASS::砂州・砂丘,荒川 / basin 27 / 砂州・砂丘,3,1626,0.0018450184501845018
watersystem_x_unit_basin_x_landform,Ko,4,B_830304_39_LF_CLASS::台地・段丘,荒川 / basin 39 / 台地・段丘,3,1626,0.0018450184501845018
watersystem_x_unit_basin_x_landform,Ko,4,B_830304_53_LF_CLASS::台地・段丘,荒川 / basin 53 / 台地・段丘,3,1626,0.0018450184501845018
watersystem_x_unit_basin_x_landform,Ko,4,B_830304_53_LF_CLASS::山地斜面等,荒川 / basin 53 / 山地斜面等,3,1626,0.0018450184501845018
watersystem_x_unit_basin_x_landform,Ko,4,B_830304_57_LF_CLASS::氾濫平野・海岸平野,荒川 / basin 57 / 氾濫平野・海岸平野,3,1626,0.0018450184501845018
watersystem_x_unit_basin_x_landform,Ko,4,B_830304_70_LF_CLASS::山地斜面等,荒川 / basin 70 / 山地斜面等,3,1626,0.0018450184501845018
watersystem_x_unit_basin_x_landform,Ko,4,B_830305_10_LF_CLASS::氾濫平野・海岸平野,多摩川 / basin 10 / 氾濫平野・海岸平野,3,1626,0.0018450184501845018
watersystem_x_unit_basin_x_landform,Ko,4,B_830305_13_LF_CLASS::氾濫平野・海岸平野,多摩川 / basin 13 / 氾濫平野・海岸平野,3,1626,0.0018450184501845018
watersystem_x_unit_basin_x_landform,Ko,4,B_830305_18_LF_CLASS::氾濫平野・海岸平野,多摩川 / basin 18 / 氾濫平野・海岸平野,3,1626,0.0018450184501845018
watersystem_x_unit_basin_x_landform,Ko,4,B_830305_30_LF_CLASS::台地・段丘,多摩川 / basin 30 / 台地・段丘,3,1626,0.0018450184501845018
watersystem_x_unit_basin_x_landform,Ko,4,B_830305_30_LF_CLASS::氾濫平野・海岸平野,多摩川 / basin 30 / 氾濫平野・海岸平野,3,1626,0.0018450184501845018
watersystem_x_unit_basin_x_landform,Ko,4,B_830305_34_LF_CLASS::台地・段丘,多摩川 / basin 34 / 台地・段丘,3,1626,0.0018450184501845018
watersystem_x_unit_basin_x_landform,Ko,4,B_830305_34_LF_CLASS::山地斜面等,多摩川 / basin 34 / 山地斜面等,3,1626,0.0018450184501845018
watersystem_x_unit_basin_x_landform,Ko,4,B_830305_36_LF_CLASS::台地・段丘,多摩川 / basin 36 / 台地・段丘,3,1626,0.0018450184501845018
watersystem_x_unit_basin_x_landform,Ko,4,B_830305_38_LF_CLASS::台地・段丘,多摩川 / basin 38 / 台地・段丘,3,1626,0.0018450184501845018
watersystem_x_unit_basin_x_landform,Ko,4,B_830305_44_LF_CLASS::台地・段丘,多摩川 / basin 44 / 台地・段丘,3,1626,0.0018450184501845018
watersystem_x_unit_basin_x_landform,Ko,4,B_830305_49_LF_CLASS::台地・段丘,多摩川 / basin 49 / 台地・段丘,3,1626,0.0018450184501845018
watersystem_x_unit_basin_x_landform,Ko,4,B_830305_55_LF_CLASS::台地・段丘,多摩川 / basin 55 / 台地・段丘,3,1626,0.0018450184501845018
watersystem_x_unit_basin_x_landform,Ko,4,B_830305_5_LF_CLASS::山地斜面等,多摩川 / basin 5 / 山地斜面等,3,1626,0.0018450184501845018
watersystem_x_unit_basin_x_landform,Ko,4,B_830305_73_LF_CLASS::台地・段丘,多摩川 / basin 73 / 台地・段丘,3,1626,0.0018450184501845018
watersystem_x_unit_basin_x_landform,Ko,4,B_830305_8_LF_CLASS::氾濫平野・海岸平野,多摩川 / basin 8 / 氾濫平野・海岸平野,3,1626,0.0018450184501845018
watersystem_x_unit_basin_x_landform,Ko,4,B_830306_19_LF_CLASS::山地斜面等,鶴見川 / basin 19 / 山地斜面等,3,1626,0.0018450184501845018
watersystem_x_unit_basin_x_landform,Ko,4,B_unknown_0_LF_CLASS::凹地・浅い谷,古川・目黒川・立会川・呑川 / basin 0 / 凹地・浅い谷,3,1626,0.0018450184501845018
watersystem_x_unit_basin_x_landform,Ko,4,B_130000_5_LF_CLASS::後背低地・湿地,名称不明 / basin 5 / 後背低地・湿地,2,1626,0.0012300123001230013
watersystem_x_unit_basin_x_landform,Ko,4,B_830303_427_LF_CLASS::氾濫平野・海岸平野,利根川 / basin 427 / 氾濫平野・海岸平野,2,1626,0.0012300123001230013
watersystem_x_unit_basin_x_landform,Ko,4,B_830303_478_LF_CLASS::自然堤防,利根川 / basin 478 / 自然堤防,2,1626,0.0012300123001230013
watersystem_x_unit_basin_x_landform,Ko,4,B_830303_517_LF_CLASS::自然堤防,利根川 / basin 517 / 自然堤防,2,1626,0.0012300123001230013
watersystem_x_unit_basin_x_landform,Ko,4,B_830304_120_LF_CLASS::山地斜面等,荒川 / basin 120 / 山地斜面等,2,1626,0.0012300123001230013
watersystem_x_unit_basin_x_landform,Ko,4,B_830304_15_LF_CLASS::台地・段丘,荒川 / basin 15 / 台地・段丘,2,1626,0.0012300123001230013
watersystem_x_unit_basin_x_landform,Ko,4,B_830304_16_LF_CLASS::自然堤防,荒川 / basin 16 / 自然堤防,2,1626,0.0012300123001230013
watersystem_x_unit_basin_x_landform,Ko,4,B_830304_37_LF_CLASS::氾濫平野・海岸平野,荒川 / basin 37 / 氾濫平野・海岸平野,2,1626,0.0012300123001230013
watersystem_x_unit_basin_x_landform,Ko,4,B_830304_38_LF_CLASS::台地・段丘,荒川 / basin 38 / 台地・段丘,2,1626,0.0012300123001230013
watersystem_x_unit_basin_x_landform,Ko,4,B_830304_40_LF_CLASS::台地・段丘,荒川 / basin 40 / 台地・段丘,2,1626,0.0012300123001230013
watersystem_x_unit_basin_x_landform,Ko,4,B_830304_42_LF_CLASS::氾濫平野・海岸平野,荒川 / basin 42 / 氾濫平野・海岸平野,2,1626,0.0012300123001230013
watersystem_x_unit_basin_x_landform,Ko,4,B_830304_47_LF_CLASS::山地斜面等,荒川 / basin 47 / 山地斜面等,2,1626,0.0012300123001230013
watersystem_x_unit_basin_x_landform,Ko,4,B_830304_51_LF_CLASS::山地斜面等,荒川 / basin 51 / 山地斜面等,2,1626,0.0012300123001230013
watersystem_x_unit_basin_x_landform,Ko,4,B_830304_52_LF_CLASS::氾濫平野・海岸平野,荒川 / basin 52 / 氾濫平野・海岸平野,2,1626,0.0012300123001230013
watersystem_x_unit_basin_x_landform,Ko,4,B_830304_54_LF_CLASS::氾濫平野・海岸平野,荒川 / basin 54 / 氾濫平野・海岸平野,2,1626,0.0012300123001230013
watersystem_x_unit_basin_x_landform,Ko,4,B_830304_55_LF_CLASS::氾濫平野・海岸平野,荒川 / basin 55 / 氾濫平野・海岸平野,2,1626,0.0012300123001230013
watersystem_x_unit_basin_x_landform,Ko,4,B_830304_56_LF_CLASS::氾濫平野・海岸平野,荒川 / basin 56 / 氾濫平野・海岸平野,2,1626,0.0012300123001230013
watersystem_x_unit_basin_x_landform,Ko,4,B_830304_67_LF_CLASS::台地・段丘,荒川 / basin 67 / 台地・段丘,2,1626,0.0012300123001230013
watersystem_x_unit_basin_x_landform,Ko,4,B_830304_69_LF_CLASS::山地斜面等,荒川 / basin 69 / 山地斜面等,2,1626,0.0012300123001230013
watersystem_x_unit_basin_x_landform,Ko,4,B_830304_79_LF_CLASS::台地・段丘,荒川 / basin 79 / 台地・段丘,2,1626,0.0012300123001230013
watersystem_x_unit_basin_x_landform,Ko,4,B_830304_86_LF_CLASS::山麓堆積地形,荒川 / basin 86 / 山麓堆積地形,2,1626,0.0012300123001230013
watersystem_x_unit_basin_x_landform,Ko,4,B_830305_10_LF_CLASS::山地斜面等,多摩川 / basin 10 / 山地斜面等,2,1626,0.0012300123001230013
watersystem_x_unit_basin_x_landform,Ko,4,B_830305_14_LF_CLASS::崖・段丘崖,多摩川 / basin 14 / 崖・段丘崖,2,1626,0.0012300123001230013
watersystem_x_unit_basin_x_landform,Ko,4,B_830305_17_LF_CLASS::台地・段丘,多摩川 / basin 17 / 台地・段丘,2,1626,0.0012300123001230013
watersystem_x_unit_basin_x_landform,Ko,4,B_830305_17_LF_CLASS::氾濫平野・海岸平野,多摩川 / basin 17 / 氾濫平野・海岸平野,2,1626,0.0012300123001230013
watersystem_x_unit_basin_x_landform,Ko,4,B_830305_24_LF_CLASS::山地斜面等,多摩川 / basin 24 / 山地斜面等,2,1626,0.0012300123001230013
watersystem_x_unit_basin_x_landform,Ko,4,B_830305_26_LF_CLASS::台地・段丘,多摩川 / basin 26 / 台地・段丘,2,1626,0.0012300123001230013
watersystem_x_unit_basin_x_landform,Ko,4,B_830305_28_LF_CLASS::台地・段丘,多摩川 / basin 28 / 台地・段丘,2,1626,0.0012300123001230013
watersystem_x_unit_basin_x_landform,Ko,4,B_830305_28_LF_CLASS::氾濫平野・海岸平野,多摩川 / basin 28 / 氾濫平野・海岸平野,2,1626,0.0012300123001230013
watersystem_x_unit_basin_x_landform,Ko,4,B_830305_2_LF_CLASS::自然堤防,多摩川 / basin 2 / 自然堤防,2,1626,0.0012300123001230013
watersystem_x_unit_basin_x_landform,Ko,4,B_830305_35_LF_CLASS::氾濫平野・海岸平野,多摩川 / basin 35 / 氾濫平野・海岸平野,2,1626,0.0012300123001230013
watersystem_x_unit_basin_x_landform,Ko,4,B_830305_42_LF_CLASS::台地・段丘,多摩川 / basin 42 / 台地・段丘,2,1626,0.0012300123001230013
watersystem_x_unit_basin_x_landform,Ko,4,B_830305_43_LF_CLASS::山地斜面等,多摩川 / basin 43 / 山地斜面等,2,1626,0.0012300123001230013
watersystem_x_unit_basin_x_landform,Ko,4,B_830305_75_LF_CLASS::台地・段丘,多摩川 / basin 75 / 台地・段丘,2,1626,0.0012300123001230013
watersystem_x_unit_basin_x_landform,Ko,4,B_830306_16_LF_CLASS::山麓堆積地形,鶴見川 / basin 16 / 山麓堆積地形,2,1626,0.0012300123001230013
watersystem_x_unit_basin_x_landform,Ko,4,B_830306_17_LF_CLASS::台地・段丘,鶴見川 / basin 17 / 台地・段丘,2,1626,0.0012300123001230013
watersystem_x_unit_basin_x_landform,Ko,4,B_830306_17_LF_CLASS::山地斜面等,鶴見川 / basin 17 / 山地斜面等,2,1626,0.0012300123001230013
watersystem_x_unit_basin_x_landform,Ko,4,B_830306_19_LF_CLASS::台地・段丘,鶴見川 / basin 19 / 台地・段丘,2,1626,0.0012300123001230013
watersystem_x_unit_basin_x_landform,Ko,4,B_830306_21_LF_CLASS::氾濫平野・海岸平野,鶴見川 / basin 21 / 氾濫平野・海岸平野,2,1626,0.0012300123001230013
watersystem_x_unit_basin_x_landform,Ko,4,B_130000_1_LF_CLASS::崖・段丘崖,名称不明 / basin 1 / 崖・段丘崖,1,1626,6.150061500615006e-4
watersystem_x_unit_basin_x_landform,Ko,4,B_130000_4_LF_CLASS::氾濫平野・海岸平野,名称不明 / basin 4 / 氾濫平野・海岸平野,1,1626,6.150061500615006e-4
watersystem_x_unit_basin_x_landform,Ko,4,B_130000_5_LF_CLASS::山地斜面等,名称不明 / basin 5 / 山地斜面等,1,1626,6.150061500615006e-4
watersystem_x_unit_basin_x_landform,Ko,4,B_130000_6_LF_CLASS::氾濫平野・海岸平野,名称不明 / basin 6 / 氾濫平野・海岸平野,1,1626,6.150061500615006e-4
watersystem_x_unit_basin_x_landform,Ko,4,B_140013_17_LF_CLASS::山麓堆積地形,境川 / basin 17 / 山麓堆積地形,1,1626,6.150061500615006e-4
watersystem_x_unit_basin_x_landform,Ko,4,B_140013_17_LF_CLASS::崖・段丘崖,境川 / basin 17 / 崖・段丘崖,1,1626,6.150061500615006e-4
watersystem_x_unit_basin_x_landform,Ko,4,B_140013_19_LF_CLASS::台地・段丘,境川 / basin 19 / 台地・段丘,1,1626,6.150061500615006e-4
watersystem_x_unit_basin_x_landform,Ko,4,B_140013_19_LF_CLASS::氾濫平野・海岸平野,境川 / basin 19 / 氾濫平野・海岸平野,1,1626,6.150061500615006e-4
watersystem_x_unit_basin_x_landform,Ko,4,B_830303_345_LF_CLASS::自然堤防,利根川 / basin 345 / 自然堤防,1,1626,6.150061500615006e-4
watersystem_x_unit_basin_x_landform,Ko,4,B_830303_347_LF_CLASS::水部,利根川 / basin 347 / 水部,1,1626,6.150061500615006e-4
watersystem_x_unit_basin_x_landform,Ko,4,B_830303_347_LF_CLASS::氾濫平野・海岸平野,利根川 / basin 347 / 氾濫平野・海岸平野,1,1626,6.150061500615006e-4
watersystem_x_unit_basin_x_landform,Ko,4,B_830303_389_LF_CLASS::自然堤防,利根川 / basin 389 / 自然堤防,1,1626,6.150061500615006e-4
watersystem_x_unit_basin_x_landform,Ko,4,B_830303_390_LF_CLASS::自然堤防,利根川 / basin 390 / 自然堤防,1,1626,6.150061500615006e-4
watersystem_x_unit_basin_x_landform,Ko,4,B_830303_393_LF_CLASS::氾濫平野・海岸平野,利根川 / basin 393 / 氾濫平野・海岸平野,1,1626,6.150061500615006e-4
watersystem_x_unit_basin_x_landform,Ko,4,B_830303_393_LF_CLASS::自然堤防,利根川 / basin 393 / 自然堤防,1,1626,6.150061500615006e-4
watersystem_x_unit_basin_x_landform,Ko,4,B_830303_517_LF_CLASS::氾濫平野・海岸平野,利根川 / basin 517 / 氾濫平野・海岸平野,1,1626,6.150061500615006e-4
watersystem_x_unit_basin_x_landform,Ko,4,B_830304_11_LF_CLASS::水部,荒川 / basin 11 / 水部,1,1626,6.150061500615006e-4
watersystem_x_unit_basin_x_landform,Ko,4,B_830304_15_LF_CLASS::砂州・砂丘,荒川 / basin 15 / 砂州・砂丘,1,1626,6.150061500615006e-4
watersystem_x_unit_basin_x_landform,Ko,4,B_830304_16_LF_CLASS::氾濫平野・海岸平野,荒川 / basin 16 / 氾濫平野・海岸平野,1,1626,6.150061500615006e-4
watersystem_x_unit_basin_x_landform,Ko,4,B_830304_25_LF_CLASS::旧水部,荒川 / basin 25 / 旧水部,1,1626,6.150061500615006e-4
watersystem_x_unit_basin_x_landform,Ko,4,B_830304_26_LF_CLASS::崖・段丘崖,荒川 / basin 26 / 崖・段丘崖,1,1626,6.150061500615006e-4
watersystem_x_unit_basin_x_landform,Ko,4,B_830304_26_LF_CLASS::氾濫平野・海岸平野,荒川 / basin 26 / 氾濫平野・海岸平野,1,1626,6.150061500615006e-4
watersystem_x_unit_basin_x_landform,Ko,4,B_830304_27_LF_CLASS::崖・段丘崖,荒川 / basin 27 / 崖・段丘崖,1,1626,6.150061500615006e-4
watersystem_x_unit_basin_x_landform,Ko,4,B_830304_36_LF_CLASS::氾濫平野・海岸平野,荒川 / basin 36 / 氾濫平野・海岸平野,1,1626,6.150061500615006e-4
watersystem_x_unit_basin_x_landform,Ko,4,B_830304_38_LF_CLASS::山地斜面等,荒川 / basin 38 / 山地斜面等,1,1626,6.150061500615006e-4
watersystem_x_unit_basin_x_landform,Ko,4,B_830304_38_LF_CLASS::後背低地・湿地,荒川 / basin 38 / 後背低地・湿地,1,1626,6.150061500615006e-4
watersystem_x_unit_basin_x_landform,Ko,4,B_830304_38_LF_CLASS::砂州・砂丘,荒川 / basin 38 / 砂州・砂丘,1,1626,6.150061500615006e-4
watersystem_x_unit_basin_x_landform,Ko,4,B_830304_39_LF_CLASS::崖・段丘崖,荒川 / basin 39 / 崖・段丘崖,1,1626,6.150061500615006e-4
watersystem_x_unit_basin_x_landform,Ko,4,B_830304_39_LF_CLASS::水部,荒川 / basin 39 / 水部,1,1626,6.150061500615006e-4
watersystem_x_unit_basin_x_landform,Ko,4,B_830304_40_LF_CLASS::氾濫平野・海岸平野,荒川 / basin 40 / 氾濫平野・海岸平野,1,1626,6.150061500615006e-4
watersystem_x_unit_basin_x_landform,Ko,4,B_830304_44_LF_CLASS::氾濫平野・海岸平野,荒川 / basin 44 / 氾濫平野・海岸平野,1,1626,6.150061500615006e-4
watersystem_x_unit_basin_x_landform,Ko,4,B_830304_54_LF_CLASS::凹地・浅い谷,荒川 / basin 54 / 凹地・浅い谷,1,1626,6.150061500615006e-4
watersystem_x_unit_basin_x_landform,Ko,4,B_830304_55_LF_CLASS::凹地・浅い谷,荒川 / basin 55 / 凹地・浅い谷,1,1626,6.150061500615006e-4
watersystem_x_unit_basin_x_landform,Ko,4,B_830304_61_LF_CLASS::山地斜面等,荒川 / basin 61 / 山地斜面等,1,1626,6.150061500615006e-4
watersystem_x_unit_basin_x_landform,Ko,4,B_830304_67_LF_CLASS::凹地・浅い谷,荒川 / basin 67 / 凹地・浅い谷,1,1626,6.150061500615006e-4
watersystem_x_unit_basin_x_landform,Ko,4,B_830304_69_LF_CLASS::氾濫平野・海岸平野,荒川 / basin 69 / 氾濫平野・海岸平野,1,1626,6.150061500615006e-4
watersystem_x_unit_basin_x_landform,Ko,4,B_830304_70_LF_CLASS::氾濫平野・海岸平野,荒川 / basin 70 / 氾濫平野・海岸平野,1,1626,6.150061500615006e-4
watersystem_x_unit_basin_x_landform,Ko,4,B_830304_83_LF_CLASS::山地斜面等,荒川 / basin 83 / 山地斜面等,1,1626,6.150061500615006e-4
watersystem_x_unit_basin_x_landform,Ko,4,B_830304_87_LF_CLASS::山地斜面等,荒川 / basin 87 / 山地斜面等,1,1626,6.150061500615006e-4
watersystem_x_unit_basin_x_landform,Ko,4,B_830304_88_LF_CLASS::山麓堆積地形,荒川 / basin 88 / 山麓堆積地形,1,1626,6.150061500615006e-4
watersystem_x_unit_basin_x_landform,Ko,4,B_830305_10_LF_CLASS::崖・段丘崖,多摩川 / basin 10 / 崖・段丘崖,1,1626,6.150061500615006e-4
watersystem_x_unit_basin_x_landform,Ko,4,B_830305_12_LF_CLASS::旧河道,多摩川 / basin 12 / 旧河道,1,1626,6.150061500615006e-4
watersystem_x_unit_basin_x_landform,Ko,4,B_830305_12_LF_CLASS::氾濫平野・海岸平野,多摩川 / basin 12 / 氾濫平野・海岸平野,1,1626,6.150061500615006e-4
watersystem_x_unit_basin_x_landform,Ko,4,B_830305_12_LF_CLASS::自然堤防,多摩川 / basin 12 / 自然堤防,1,1626,6.150061500615006e-4
watersystem_x_unit_basin_x_landform,Ko,4,B_830305_14_LF_CLASS::凹地・浅い谷,多摩川 / basin 14 / 凹地・浅い谷,1,1626,6.150061500615006e-4
watersystem_x_unit_basin_x_landform,Ko,4,B_830305_14_LF_CLASS::氾濫平野・海岸平野,多摩川 / basin 14 / 氾濫平野・海岸平野,1,1626,6.150061500615006e-4
watersystem_x_unit_basin_x_landform,Ko,4,B_830305_16_LF_CLASS::崖・段丘崖,多摩川 / basin 16 / 崖・段丘崖,1,1626,6.150061500615006e-4
watersystem_x_unit_basin_x_landform,Ko,4,B_830305_18_LF_CLASS::山地斜面等,多摩川 / basin 18 / 山地斜面等,1,1626,6.150061500615006e-4
watersystem_x_unit_basin_x_landform,Ko,4,B_830305_19_LF_CLASS::山地斜面等,多摩川 / basin 19 / 山地斜面等,1,1626,6.150061500615006e-4
watersystem_x_unit_basin_x_landform,Ko,4,B_830305_20_LF_CLASS::崖・段丘崖,多摩川 / basin 20 / 崖・段丘崖,1,1626,6.150061500615006e-4
watersystem_x_unit_basin_x_landform,Ko,4,B_830305_20_LF_CLASS::氾濫平野・海岸平野,多摩川 / basin 20 / 氾濫平野・海岸平野,1,1626,6.150061500615006e-4
watersystem_x_unit_basin_x_landform,Ko,4,B_830305_22_LF_CLASS::台地・段丘,多摩川 / basin 22 / 台地・段丘,1,1626,6.150061500615006e-4
watersystem_x_unit_basin_x_landform,Ko,4,B_830305_22_LF_CLASS::山麓堆積地形,多摩川 / basin 22 / 山麓堆積地形,1,1626,6.150061500615006e-4
watersystem_x_unit_basin_x_landform,Ko,4,B_830305_23_LF_CLASS::山麓堆積地形,多摩川 / basin 23 / 山麓堆積地形,1,1626,6.150061500615006e-4
watersystem_x_unit_basin_x_landform,Ko,4,B_830305_23_LF_CLASS::崖・段丘崖,多摩川 / basin 23 / 崖・段丘崖,1,1626,6.150061500615006e-4
watersystem_x_unit_basin_x_landform,Ko,4,B_830305_23_LF_CLASS::旧河道,多摩川 / basin 23 / 旧河道,1,1626,6.150061500615006e-4
watersystem_x_unit_basin_x_landform,Ko,4,B_830305_25_LF_CLASS::氾濫平野・海岸平野,多摩川 / basin 25 / 氾濫平野・海岸平野,1,1626,6.150061500615006e-4
watersystem_x_unit_basin_x_landform,Ko,4,B_830305_29_LF_CLASS::台地・段丘,多摩川 / basin 29 / 台地・段丘,1,1626,6.150061500615006e-4
watersystem_x_unit_basin_x_landform,Ko,4,B_830305_2_LF_CLASS::凹地・浅い谷,多摩川 / basin 2 / 凹地・浅い谷,1,1626,6.150061500615006e-4
watersystem_x_unit_basin_x_landform,Ko,4,B_830305_31_LF_CLASS::台地・段丘,多摩川 / basin 31 / 台地・段丘,1,1626,6.150061500615006e-4
watersystem_x_unit_basin_x_landform,Ko,4,B_830305_34_LF_CLASS::凹地・浅い谷,多摩川 / basin 34 / 凹地・浅い谷,1,1626,6.150061500615006e-4
watersystem_x_unit_basin_x_landform,Ko,4,B_830305_34_LF_CLASS::氾濫平野・海岸平野,多摩川 / basin 34 / 氾濫平野・海岸平野,1,1626,6.150061500615006e-4
watersystem_x_unit_basin_x_landform,Ko,4,B_830305_35_LF_CLASS::凹地・浅い谷,多摩川 / basin 35 / 凹地・浅い谷,1,1626,6.150061500615006e-4
watersystem_x_unit_basin_x_landform,Ko,4,B_830305_35_LF_CLASS::扇状地,多摩川 / basin 35 / 扇状地,1,1626,6.150061500615006e-4
watersystem_x_unit_basin_x_landform,Ko,4,B_830305_36_LF_CLASS::氾濫平野・海岸平野,多摩川 / basin 36 / 氾濫平野・海岸平野,1,1626,6.150061500615006e-4
watersystem_x_unit_basin_x_landform,Ko,4,B_830305_37_LF_CLASS::台地・段丘,多摩川 / basin 37 / 台地・段丘,1,1626,6.150061500615006e-4
watersystem_x_unit_basin_x_landform,Ko,4,B_830305_37_LF_CLASS::山地斜面等,多摩川 / basin 37 / 山地斜面等,1,1626,6.150061500615006e-4
watersystem_x_unit_basin_x_landform,Ko,4,B_830305_37_LF_CLASS::崖・段丘崖,多摩川 / basin 37 / 崖・段丘崖,1,1626,6.150061500615006e-4
watersystem_x_unit_basin_x_landform,Ko,4,B_830305_38_LF_CLASS::山地斜面等,多摩川 / basin 38 / 山地斜面等,1,1626,6.150061500615006e-4
watersystem_x_unit_basin_x_landform,Ko,4,B_830305_40_LF_CLASS::崖・段丘崖,多摩川 / basin 40 / 崖・段丘崖,1,1626,6.150061500615006e-4
watersystem_x_unit_basin_x_landform,Ko,4,B_830305_40_LF_CLASS::氾濫平野・海岸平野,多摩川 / basin 40 / 氾濫平野・海岸平野,1,1626,6.150061500615006e-4
watersystem_x_unit_basin_x_landform,Ko,4,B_830305_41_LF_CLASS::山地斜面等,多摩川 / basin 41 / 山地斜面等,1,1626,6.150061500615006e-4
watersystem_x_unit_basin_x_landform,Ko,4,B_830305_41_LF_CLASS::氾濫平野・海岸平野,多摩川 / basin 41 / 氾濫平野・海岸平野,1,1626,6.150061500615006e-4
watersystem_x_unit_basin_x_landform,Ko,4,B_830305_42_LF_CLASS::崖・段丘崖,多摩川 / basin 42 / 崖・段丘崖,1,1626,6.150061500615006e-4
watersystem_x_unit_basin_x_landform,Ko,4,B_830305_42_LF_CLASS::氾濫平野・海岸平野,多摩川 / basin 42 / 氾濫平野・海岸平野,1,1626,6.150061500615006e-4
watersystem_x_unit_basin_x_landform,Ko,4,B_830305_43_LF_CLASS::凹地・浅い谷,多摩川 / basin 43 / 凹地・浅い谷,1,1626,6.150061500615006e-4
watersystem_x_unit_basin_x_landform,Ko,4,B_830305_44_LF_CLASS::氾濫平野・海岸平野,多摩川 / basin 44 / 氾濫平野・海岸平野,1,1626,6.150061500615006e-4
watersystem_x_unit_basin_x_landform,Ko,4,B_830305_47_LF_CLASS::台地・段丘,多摩川 / basin 47 / 台地・段丘,1,1626,6.150061500615006e-4
watersystem_x_unit_basin_x_landform,Ko,4,B_830305_49_LF_CLASS::崖・段丘崖,多摩川 / basin 49 / 崖・段丘崖,1,1626,6.150061500615006e-4
watersystem_x_unit_basin_x_landform,Ko,4,B_830305_49_LF_CLASS::氾濫平野・海岸平野,多摩川 / basin 49 / 氾濫平野・海岸平野,1,1626,6.150061500615006e-4
watersystem_x_unit_basin_x_landform,Ko,4,B_830305_50_LF_CLASS::崖・段丘崖,多摩川 / basin 50 / 崖・段丘崖,1,1626,6.150061500615006e-4
watersystem_x_unit_basin_x_landform,Ko,4,B_830305_52_LF_CLASS::氾濫平野・海岸平野,多摩川 / basin 52 / 氾濫平野・海岸平野,1,1626,6.150061500615006e-4
watersystem_x_unit_basin_x_landform,Ko,4,B_830305_55_LF_CLASS::氾濫平野・海岸平野,多摩川 / basin 55 / 氾濫平野・海岸平野,1,1626,6.150061500615006e-4
watersystem_x_unit_basin_x_landform,Ko,4,B_830305_56_LF_CLASS::山地斜面等,多摩川 / basin 56 / 山地斜面等,1,1626,6.150061500615006e-4
watersystem_x_unit_basin_x_landform,Ko,4,B_830305_56_LF_CLASS::氾濫平野・海岸平野,多摩川 / basin 56 / 氾濫平野・海岸平野,1,1626,6.150061500615006e-4
watersystem_x_unit_basin_x_landform,Ko,4,B_830305_5_LF_CLASS::氾濫平野・海岸平野,多摩川 / basin 5 / 氾濫平野・海岸平野,1,1626,6.150061500615006e-4
watersystem_x_unit_basin_x_landform,Ko,4,B_830305_60_LF_CLASS::氾濫平野・海岸平野,多摩川 / basin 60 / 氾濫平野・海岸平野,1,1626,6.150061500615006e-4
watersystem_x_unit_basin_x_landform,Ko,4,B_830305_71_LF_CLASS::台地・段丘,多摩川 / basin 71 / 台地・段丘,1,1626,6.150061500615006e-4
watersystem_x_unit_basin_x_landform,Ko,4,B_830305_72_LF_CLASS::山地斜面等,多摩川 / basin 72 / 山地斜面等,1,1626,6.150061500615006e-4
watersystem_x_unit_basin_x_landform,Ko,4,B_830305_8_LF_CLASS::山地斜面等,多摩川 / basin 8 / 山地斜面等,1,1626,6.150061500615006e-4
watersystem_x_unit_basin_x_landform,Ko,4,B_830305_9_LF_CLASS::氾濫平野・海岸平野,多摩川 / basin 9 / 氾濫平野・海岸平野,1,1626,6.150061500615006e-4
watersystem_x_unit_basin_x_landform,Ko,4,B_830306_16_LF_CLASS::凹地・浅い谷,鶴見川 / basin 16 / 凹地・浅い谷,1,1626,6.150061500615006e-4
watersystem_x_unit_basin_x_landform,Ko,4,B_830306_16_LF_CLASS::水部,鶴見川 / basin 16 / 水部,1,1626,6.150061500615006e-4
watersystem_x_unit_basin_x_landform,Ko,4,B_830306_16_LF_CLASS::氾濫平野・海岸平野,鶴見川 / basin 16 / 氾濫平野・海岸平野,1,1626,6.150061500615006e-4
watersystem_x_unit_basin_x_landform,Ko,4,B_830306_19_LF_CLASS::氾濫平野・海岸平野,鶴見川 / basin 19 / 氾濫平野・海岸平野,1,1626,6.150061500615006e-4
watersystem_x_unit_basin_x_landform,Ko,4,B_830306_21_LF_CLASS::台地・段丘,鶴見川 / basin 21 / 台地・段丘,1,1626,6.150061500615006e-4
watersystem_x_unit_basin_x_landform,Na,5,B_830306_20_LF_CLASS::山地斜面等,鶴見川 / basin 20 / 山地斜面等,147,1678,0.08760429082240763
watersystem_x_unit_basin_x_landform,Na,5,B_140013_17_LF_CLASS::山地斜面等,境川 / basin 17 / 山地斜面等,103,1678,0.06138259833134684
watersystem_x_unit_basin_x_landform,Na,5,B_830305_28_LF_CLASS::山地斜面等,多摩川 / basin 28 / 山地斜面等,100,1678,0.05959475566150179
watersystem_x_unit_basin_x_landform,Na,5,B_830305_22_LF_CLASS::山地斜面等,多摩川 / basin 22 / 山地斜面等,65,1678,0.03873659117997616
watersystem_x_unit_basin_x_landform,Na,5,B_830305_30_LF_CLASS::山地斜面等,多摩川 / basin 30 / 山地斜面等,65,1678,0.03873659117997616
watersystem_x_unit_basin_x_landform,Na,5,B_830305_23_LF_CLASS::山地斜面等,多摩川 / basin 23 / 山地斜面等,56,1678,0.033373063170441
watersystem_x_unit_basin_x_landform,Na,5,B_830305_18_LF_CLASS::台地・段丘,多摩川 / basin 18 / 台地・段丘,43,1678,0.02562574493444577
watersystem_x_unit_basin_x_landform,Na,5,B_830305_17_LF_CLASS::山地斜面等,多摩川 / basin 17 / 山地斜面等,36,1678,0.021454112038140644
watersystem_x_unit_basin_x_landform,Na,5,B_830306_16_LF_CLASS::山地斜面等,鶴見川 / basin 16 / 山地斜面等,35,1678,0.020858164481525627
watersystem_x_unit_basin_x_landform,Na,5,B_140013_17_LF_CLASS::台地・段丘,境川 / basin 17 / 台地・段丘,31,1678,0.018474374255065554
watersystem_x_unit_basin_x_landform,Na,5,B_140013_17_LF_CLASS::氾濫平野・海岸平野,境川 / basin 17 / 氾濫平野・海岸平野,31,1678,0.018474374255065554
watersystem_x_unit_basin_x_landform,Na,5,B_830306_16_LF_CLASS::台地・段丘,鶴見川 / basin 16 / 台地・段丘,28,1678,0.0166865315852205
watersystem_x_unit_basin_x_landform,Na,5,B_830306_20_LF_CLASS::台地・段丘,鶴見川 / basin 20 / 台地・段丘,25,1678,0.014898688915375448
watersystem_x_unit_basin_x_landform,Na,5,B_830306_21_LF_CLASS::山地斜面等,鶴見川 / basin 21 / 山地斜面等,24,1678,0.014302741358760428
watersystem_x_unit_basin_x_landform,Na,5,B_unknown_0_LF_CLASS::山地斜面等,古川・目黒川・立会川・呑川 / basin 0 / 山地斜面等,24,1678,0.014302741358760428
watersystem_x_unit_basin_x_landform,Na,5,B_130000_5_LF_CLASS::台地・段丘,名称不明 / basin 5 / 台地・段丘,23,1678,0.013706793802145411
watersystem_x_unit_basin_x_landform,Na,5,B_830305_10_LF_CLASS::台地・段丘,多摩川 / basin 10 / 台地・段丘,22,1678,0.013110846245530394
watersystem_x_unit_basin_x_landform,Na,5,B_unknown_0_LF_CLASS::台地・段丘,古川・目黒川・立会川・呑川 / basin 0 / 台地・段丘,22,1678,0.013110846245530394
watersystem_x_unit_basin_x_landform,Na,5,B_830305_23_LF_CLASS::氾濫平野・海岸平野,多摩川 / basin 23 / 氾濫平野・海岸平野,19,1678,0.01132300357568534
watersystem_x_unit_basin_x_landform,Na,5,B_830304_120_LF_CLASS::台地・段丘,荒川 / basin 120 / 台地・段丘,17,1678,0.010131108462455305
watersystem_x_unit_basin_x_landform,Na,5,B_830305_12_LF_CLASS::台地・段丘,多摩川 / basin 12 / 台地・段丘,17,1678,0.010131108462455305
watersystem_x_unit_basin_x_landform,Na,5,B_830306_20_LF_CLASS::氾濫平野・海岸平野,鶴見川 / basin 20 / 氾濫平野・海岸平野,17,1678,0.010131108462455305
watersystem_x_unit_basin_x_landform,Na,5,B_830305_30_LF_CLASS::氾濫平野・海岸平野,多摩川 / basin 30 / 氾濫平野・海岸平野,14,1678,0.00834326579261025
watersystem_x_unit_basin_x_landform,Na,5,B_830305_40_LF_CLASS::台地・段丘,多摩川 / basin 40 / 台地・段丘,14,1678,0.00834326579261025
watersystem_x_unit_basin_x_landform,Na,5,B_830305_14_LF_CLASS::台地・段丘,多摩川 / basin 14 / 台地・段丘,13,1678,0.0077473182359952325
watersystem_x_unit_basin_x_landform,Na,5,B_830305_22_LF_CLASS::氾濫平野・海岸平野,多摩川 / basin 22 / 氾濫平野・海岸平野,13,1678,0.0077473182359952325
watersystem_x_unit_basin_x_landform,Na,5,B_830305_28_LF_CLASS::氾濫平野・海岸平野,多摩川 / basin 28 / 氾濫平野・海岸平野,13,1678,0.0077473182359952325
watersystem_x_unit_basin_x_landform,Na,5,B_830305_35_LF_CLASS::山地斜面等,多摩川 / basin 35 / 山地斜面等,13,1678,0.0077473182359952325
watersystem_x_unit_basin_x_landform,Na,5,B_830304_86_LF_CLASS::台地・段丘,荒川 / basin 86 / 台地・段丘,12,1678,0.007151370679380214
watersystem_x_unit_basin_x_landform,Na,5,B_830305_19_LF_CLASS::台地・段丘,多摩川 / basin 19 / 台地・段丘,12,1678,0.007151370679380214
watersystem_x_unit_basin_x_landform,Na,5,B_830305_23_LF_CLASS::台地・段丘,多摩川 / basin 23 / 台地・段丘,12,1678,0.007151370679380214
watersystem_x_unit_basin_x_landform,Na,5,B_830304_25_LF_CLASS::砂州・砂丘,荒川 / basin 25 / 砂州・砂丘,11,1678,0.006555423122765197
watersystem_x_unit_basin_x_landform,Na,5,B_830304_86_LF_CLASS::山地斜面等,荒川 / basin 86 / 山地斜面等,11,1678,0.006555423122765197
watersystem_x_unit_basin_x_landform,Na,5,B_830304_52_LF_CLASS::台地・段丘,荒川 / basin 52 / 台地・段丘,10,1678,0.0059594755661501785
watersystem_x_unit_basin_x_landform,Na,5,B_830304_68_LF_CLASS::台地・段丘,荒川 / basin 68 / 台地・段丘,10,1678,0.0059594755661501785
watersystem_x_unit_basin_x_landform,Na,5,B_830305_22_LF_CLASS::台地・段丘,多摩川 / basin 22 / 台地・段丘,10,1678,0.0059594755661501785
watersystem_x_unit_basin_x_landform,Na,5,B_830305_2_LF_CLASS::台地・段丘,多摩川 / basin 2 / 台地・段丘,10,1678,0.0059594755661501785
watersystem_x_unit_basin_x_landform,Na,5,B_830305_35_LF_CLASS::台地・段丘,多摩川 / basin 35 / 台地・段丘,10,1678,0.0059594755661501785
watersystem_x_unit_basin_x_landform,Na,5,B_unknown_0_LF_CLASS::氾濫平野・海岸平野,古川・目黒川・立会川・呑川 / basin 0 / 氾濫平野・海岸平野,10,1678,0.0059594755661501785
watersystem_x_unit_basin_x_landform,Na,5,B_830305_30_LF_CLASS::台地・段丘,多摩川 / basin 30 / 台地・段丘,9,1678,0.005363528009535161
watersystem_x_unit_basin_x_landform,Na,5,B_830305_8_LF_CLASS::台地・段丘,多摩川 / basin 8 / 台地・段丘,9,1678,0.005363528009535161
watersystem_x_unit_basin_x_landform,Na,5,B_830304_27_LF_CLASS::台地・段丘,荒川 / basin 27 / 台地・段丘,8,1678,0.004767580452920143
watersystem_x_unit_basin_x_landform,Na,5,B_830305_17_LF_CLASS::台地・段丘,多摩川 / basin 17 / 台地・段丘,8,1678,0.004767580452920143
watersystem_x_unit_basin_x_landform,Na,5,B_830305_33_LF_CLASS::台地・段丘,多摩川 / basin 33 / 台地・段丘,8,1678,0.004767580452920143
watersystem_x_unit_basin_x_landform,Na,5,B_830306_21_LF_CLASS::氾濫平野・海岸平野,鶴見川 / basin 21 / 氾濫平野・海岸平野,8,1678,0.004767580452920143
watersystem_x_unit_basin_x_landform,Na,5,B_unknown_0_LF_CLASS::砂州・砂丘,古川・目黒川・立会川・呑川 / basin 0 / 砂州・砂丘,8,1678,0.004767580452920143
watersystem_x_unit_basin_x_landform,Na,5,B_830304_86_LF_CLASS::氾濫平野・海岸平野,荒川 / basin 86 / 氾濫平野・海岸平野,7,1678,0.004171632896305125
watersystem_x_unit_basin_x_landform,Na,5,B_830305_13_LF_CLASS::台地・段丘,多摩川 / basin 13 / 台地・段丘,7,1678,0.004171632896305125
watersystem_x_unit_basin_x_landform,Na,5,B_830305_2_LF_CLASS::氾濫平野・海岸平野,多摩川 / basin 2 / 氾濫平野・海岸平野,7,1678,0.004171632896305125
watersystem_x_unit_basin_x_landform,Na,5,B_830306_16_LF_CLASS::氾濫平野・海岸平野,鶴見川 / basin 16 / 氾濫平野・海岸平野,7,1678,0.004171632896305125
watersystem_x_unit_basin_x_landform,Na,5,B_unknown_0_LF_CLASS::崖・段丘崖,古川・目黒川・立会川・呑川 / basin 0 / 崖・段丘崖,7,1678,0.004171632896305125
watersystem_x_unit_basin_x_landform,Na,5,B_830304_120_LF_CLASS::山地斜面等,荒川 / basin 120 / 山地斜面等,6,1678,0.003575685339690107
watersystem_x_unit_basin_x_landform,Na,5,B_830304_47_LF_CLASS::台地・段丘,荒川 / basin 47 / 台地・段丘,6,1678,0.003575685339690107
watersystem_x_unit_basin_x_landform,Na,5,B_830304_52_LF_CLASS::山地斜面等,荒川 / basin 52 / 山地斜面等,6,1678,0.003575685339690107
watersystem_x_unit_basin_x_landform,Na,5,B_830304_83_LF_CLASS::台地・段丘,荒川 / basin 83 / 台地・段丘,6,1678,0.003575685339690107
watersystem_x_unit_basin_x_landform,Na,5,B_830305_18_LF_CLASS::山地斜面等,多摩川 / basin 18 / 山地斜面等,6,1678,0.003575685339690107
watersystem_x_unit_basin_x_landform,Na,5,B_830305_22_LF_CLASS::山麓堆積地形,多摩川 / basin 22 / 山麓堆積地形,6,1678,0.003575685339690107
watersystem_x_unit_basin_x_landform,Na,5,B_830305_25_LF_CLASS::台地・段丘,多摩川 / basin 25 / 台地・段丘,6,1678,0.003575685339690107
watersystem_x_unit_basin_x_landform,Na,5,B_830305_3_LF_CLASS::山地斜面等,多摩川 / basin 3 / 山地斜面等,6,1678,0.003575685339690107
watersystem_x_unit_basin_x_landform,Na,5,B_830305_43_LF_CLASS::台地・段丘,多摩川 / basin 43 / 台地・段丘,6,1678,0.003575685339690107
watersystem_x_unit_basin_x_landform,Na,5,B_830306_19_LF_CLASS::山地斜面等,鶴見川 / basin 19 / 山地斜面等,6,1678,0.003575685339690107
watersystem_x_unit_basin_x_landform,Na,5,B_830306_20_LF_CLASS::山麓堆積地形,鶴見川 / basin 20 / 山麓堆積地形,6,1678,0.003575685339690107
watersystem_x_unit_basin_x_landform,Na,5,B_140013_19_LF_CLASS::山地斜面等,境川 / basin 19 / 山地斜面等,5,1678,0.0029797377830750892
watersystem_x_unit_basin_x_landform,Na,5,B_830303_347_LF_CLASS::自然堤防,利根川 / basin 347 / 自然堤防,5,1678,0.0029797377830750892
watersystem_x_unit_basin_x_landform,Na,5,B_830304_120_LF_CLASS::氾濫平野・海岸平野,荒川 / basin 120 / 氾濫平野・海岸平野,5,1678,0.0029797377830750892
watersystem_x_unit_basin_x_landform,Na,5,B_830304_25_LF_CLASS::台地・段丘,荒川 / basin 25 / 台地・段丘,5,1678,0.0029797377830750892
watersystem_x_unit_basin_x_landform,Na,5,B_830304_25_LF_CLASS::氾濫平野・海岸平野,荒川 / basin 25 / 氾濫平野・海岸平野,5,1678,0.0029797377830750892
watersystem_x_unit_basin_x_landform,Na,5,B_830304_26_LF_CLASS::台地・段丘,荒川 / basin 26 / 台地・段丘,5,1678,0.0029797377830750892
watersystem_x_unit_basin_x_landform,Na,5,B_830304_54_LF_CLASS::台地・段丘,荒川 / basin 54 / 台地・段丘,5,1678,0.0029797377830750892
watersystem_x_unit_basin_x_landform,Na,5,B_830304_55_LF_CLASS::台地・段丘,荒川 / basin 55 / 台地・段丘,5,1678,0.0029797377830750892
watersystem_x_unit_basin_x_landform,Na,5,B_830304_56_LF_CLASS::台地・段丘,荒川 / basin 56 / 台地・段丘,5,1678,0.0029797377830750892
watersystem_x_unit_basin_x_landform,Na,5,B_830304_61_LF_CLASS::台地・段丘,荒川 / basin 61 / 台地・段丘,5,1678,0.0029797377830750892
watersystem_x_unit_basin_x_landform,Na,5,B_830305_18_LF_CLASS::崖・段丘崖,多摩川 / basin 18 / 崖・段丘崖,5,1678,0.0029797377830750892
watersystem_x_unit_basin_x_landform,Na,5,B_830305_20_LF_CLASS::台地・段丘,多摩川 / basin 20 / 台地・段丘,5,1678,0.0029797377830750892
watersystem_x_unit_basin_x_landform,Na,5,B_830305_28_LF_CLASS::山麓堆積地形,多摩川 / basin 28 / 山麓堆積地形,5,1678,0.0029797377830750892
watersystem_x_unit_basin_x_landform,Na,5,B_830305_2_LF_CLASS::山地斜面等,多摩川 / basin 2 / 山地斜面等,5,1678,0.0029797377830750892
watersystem_x_unit_basin_x_landform,Na,5,B_830305_40_LF_CLASS::山地斜面等,多摩川 / basin 40 / 山地斜面等,5,1678,0.0029797377830750892
watersystem_x_unit_basin_x_landform,Na,5,B_830306_17_LF_CLASS::山地斜面等,鶴見川 / basin 17 / 山地斜面等,5,1678,0.0029797377830750892
watersystem_x_unit_basin_x_landform,Na,5,B_830306_21_LF_CLASS::台地・段丘,鶴見川 / basin 21 / 台地・段丘,5,1678,0.0029797377830750892
watersystem_x_unit_basin_x_landform,Na,5,B_130000_1_LF_CLASS::台地・段丘,名称不明 / basin 1 / 台地・段丘,4,1678,0.0023837902264600714
watersystem_x_unit_basin_x_landform,Na,5,B_130000_4_LF_CLASS::台地・段丘,名称不明 / basin 4 / 台地・段丘,4,1678,0.0023837902264600714
watersystem_x_unit_basin_x_landform,Na,5,B_830304_42_LF_CLASS::台地・段丘,荒川 / basin 42 / 台地・段丘,4,1678,0.0023837902264600714
watersystem_x_unit_basin_x_landform,Na,5,B_830304_57_LF_CLASS::台地・段丘,荒川 / basin 57 / 台地・段丘,4,1678,0.0023837902264600714
watersystem_x_unit_basin_x_landform,Na,5,B_830305_17_LF_CLASS::氾濫平野・海岸平野,多摩川 / basin 17 / 氾濫平野・海岸平野,4,1678,0.0023837902264600714
watersystem_x_unit_basin_x_landform,Na,5,B_830305_23_LF_CLASS::山麓堆積地形,多摩川 / basin 23 / 山麓堆積地形,4,1678,0.0023837902264600714
watersystem_x_unit_basin_x_landform,Na,5,B_830305_27_LF_CLASS::崖・段丘崖,多摩川 / basin 27 / 崖・段丘崖,4,1678,0.0023837902264600714
watersystem_x_unit_basin_x_landform,Na,5,B_830305_30_LF_CLASS::山麓堆積地形,多摩川 / basin 30 / 山麓堆積地形,4,1678,0.0023837902264600714
watersystem_x_unit_basin_x_landform,Na,5,B_830305_33_LF_CLASS::山地斜面等,多摩川 / basin 33 / 山地斜面等,4,1678,0.0023837902264600714
watersystem_x_unit_basin_x_landform,Na,5,B_830305_36_LF_CLASS::台地・段丘,多摩川 / basin 36 / 台地・段丘,4,1678,0.0023837902264600714
watersystem_x_unit_basin_x_landform,Na,5,B_130000_5_LF_CLASS::後背低地・湿地,名称不明 / basin 5 / 後背低地・湿地,3,1678,0.0017878426698450535
watersystem_x_unit_basin_x_landform,Na,5,B_140013_19_LF_CLASS::氾濫平野・海岸平野,境川 / basin 19 / 氾濫平野・海岸平野,3,1678,0.0017878426698450535
watersystem_x_unit_basin_x_landform,Na,5,B_830304_16_LF_CLASS::台地・段丘,荒川 / basin 16 / 台地・段丘,3,1678,0.0017878426698450535
watersystem_x_unit_basin_x_landform,Na,5,B_830304_53_LF_CLASS::山地斜面等,荒川 / basin 53 / 山地斜面等,3,1678,0.0017878426698450535
watersystem_x_unit_basin_x_landform,Na,5,B_830304_54_LF_CLASS::山地斜面等,荒川 / basin 54 / 山地斜面等,3,1678,0.0017878426698450535
watersystem_x_unit_basin_x_landform,Na,5,B_830304_57_LF_CLASS::山地斜面等,荒川 / basin 57 / 山地斜面等,3,1678,0.0017878426698450535
watersystem_x_unit_basin_x_landform,Na,5,B_830304_69_LF_CLASS::山地斜面等,荒川 / basin 69 / 山地斜面等,3,1678,0.0017878426698450535
watersystem_x_unit_basin_x_landform,Na,5,B_830304_70_LF_CLASS::台地・段丘,荒川 / basin 70 / 台地・段丘,3,1678,0.0017878426698450535
watersystem_x_unit_basin_x_landform,Na,5,B_830304_70_LF_CLASS::山地斜面等,荒川 / basin 70 / 山地斜面等,3,1678,0.0017878426698450535
watersystem_x_unit_basin_x_landform,Na,5,B_830305_18_LF_CLASS::氾濫平野・海岸平野,多摩川 / basin 18 / 氾濫平野・海岸平野,3,1678,0.0017878426698450535
watersystem_x_unit_basin_x_landform,Na,5,B_830305_19_LF_CLASS::山地斜面等,多摩川 / basin 19 / 山地斜面等,3,1678,0.0017878426698450535
watersystem_x_unit_basin_x_landform,Na,5,B_830305_27_LF_CLASS::台地・段丘,多摩川 / basin 27 / 台地・段丘,3,1678,0.0017878426698450535
watersystem_x_unit_basin_x_landform,Na,5,B_830305_28_LF_CLASS::台地・段丘,多摩川 / basin 28 / 台地・段丘,3,1678,0.0017878426698450535
watersystem_x_unit_basin_x_landform,Na,5,B_830305_34_LF_CLASS::山地斜面等,多摩川 / basin 34 / 山地斜面等,3,1678,0.0017878426698450535
watersystem_x_unit_basin_x_landform,Na,5,B_830305_48_LF_CLASS::台地・段丘,多摩川 / basin 48 / 台地・段丘,3,1678,0.0017878426698450535
watersystem_x_unit_basin_x_landform,Na,5,B_830305_52_LF_CLASS::台地・段丘,多摩川 / basin 52 / 台地・段丘,3,1678,0.0017878426698450535
watersystem_x_unit_basin_x_landform,Na,5,B_830305_56_LF_CLASS::台地・段丘,多摩川 / basin 56 / 台地・段丘,3,1678,0.0017878426698450535
watersystem_x_unit_basin_x_landform,Na,5,B_830306_16_LF_CLASS::自然堤防,鶴見川 / basin 16 / 自然堤防,3,1678,0.0017878426698450535
watersystem_x_unit_basin_x_landform,Na,5,B_830306_17_LF_CLASS::台地・段丘,鶴見川 / basin 17 / 台地・段丘,3,1678,0.0017878426698450535
watersystem_x_unit_basin_x_landform,Na,5,B_130000_4_LF_CLASS::後背低地・湿地,名称不明 / basin 4 / 後背低地・湿地,2,1678,0.0011918951132300357
watersystem_x_unit_basin_x_landform,Na,5,B_130000_6_LF_CLASS::山地斜面等,名称不明 / basin 6 / 山地斜面等,2,1678,0.0011918951132300357
watersystem_x_unit_basin_x_landform,Na,5,B_830303_393_LF_CLASS::自然堤防,利根川 / basin 393 / 自然堤防,2,1678,0.0011918951132300357
watersystem_x_unit_basin_x_landform,Na,5,B_830303_427_LF_CLASS::氾濫平野・海岸平野,利根川 / basin 427 / 氾濫平野・海岸平野,2,1678,0.0011918951132300357
watersystem_x_unit_basin_x_landform,Na,5,B_830303_427_LF_CLASS::自然堤防,利根川 / basin 427 / 自然堤防,2,1678,0.0011918951132300357
watersystem_x_unit_basin_x_landform,Na,5,B_830303_478_LF_CLASS::自然堤防,利根川 / basin 478 / 自然堤防,2,1678,0.0011918951132300357
watersystem_x_unit_basin_x_landform,Na,5,B_830303_517_LF_CLASS::旧河道,利根川 / basin 517 / 旧河道,2,1678,0.0011918951132300357
watersystem_x_unit_basin_x_landform,Na,5,B_830303_517_LF_CLASS::自然堤防,利根川 / basin 517 / 自然堤防,2,1678,0.0011918951132300357
watersystem_x_unit_basin_x_landform,Na,5,B_830304_15_LF_CLASS::台地・段丘,荒川 / basin 15 / 台地・段丘,2,1678,0.0011918951132300357
watersystem_x_unit_basin_x_landform,Na,5,B_830304_16_LF_CLASS::自然堤防,荒川 / basin 16 / 自然堤防,2,1678,0.0011918951132300357
watersystem_x_unit_basin_x_landform,Na,5,B_830304_27_LF_CLASS::砂州・砂丘,荒川 / basin 27 / 砂州・砂丘,2,1678,0.0011918951132300357
watersystem_x_unit_basin_x_landform,Na,5,B_830304_39_LF_CLASS::台地・段丘,荒川 / basin 39 / 台地・段丘,2,1678,0.0011918951132300357
watersystem_x_unit_basin_x_landform,Na,5,B_830304_42_LF_CLASS::氾濫平野・海岸平野,荒川 / basin 42 / 氾濫平野・海岸平野,2,1678,0.0011918951132300357
watersystem_x_unit_basin_x_landform,Na,5,B_830304_47_LF_CLASS::山地斜面等,荒川 / basin 47 / 山地斜面等,2,1678,0.0011918951132300357
watersystem_x_unit_basin_x_landform,Na,5,B_830304_51_LF_CLASS::台地・段丘,荒川 / basin 51 / 台地・段丘,2,1678,0.0011918951132300357
watersystem_x_unit_basin_x_landform,Na,5,B_830304_51_LF_CLASS::山地斜面等,荒川 / basin 51 / 山地斜面等,2,1678,0.0011918951132300357
watersystem_x_unit_basin_x_landform,Na,5,B_830304_52_LF_CLASS::氾濫平野・海岸平野,荒川 / basin 52 / 氾濫平野・海岸平野,2,1678,0.0011918951132300357
watersystem_x_unit_basin_x_landform,Na,5,B_830304_57_LF_CLASS::氾濫平野・海岸平野,荒川 / basin 57 / 氾濫平野・海岸平野,2,1678,0.0011918951132300357
watersystem_x_unit_basin_x_landform,Na,5,B_830304_61_LF_CLASS::山地斜面等,荒川 / basin 61 / 山地斜面等,2,1678,0.0011918951132300357
watersystem_x_unit_basin_x_landform,Na,5,B_830304_68_LF_CLASS::山地斜面等,荒川 / basin 68 / 山地斜面等,2,1678,0.0011918951132300357
watersystem_x_unit_basin_x_landform,Na,5,B_830304_69_LF_CLASS::台地・段丘,荒川 / basin 69 / 台地・段丘,2,1678,0.0011918951132300357
watersystem_x_unit_basin_x_landform,Na,5,B_830304_79_LF_CLASS::台地・段丘,荒川 / basin 79 / 台地・段丘,2,1678,0.0011918951132300357
watersystem_x_unit_basin_x_landform,Na,5,B_830304_83_LF_CLASS::山地斜面等,荒川 / basin 83 / 山地斜面等,2,1678,0.0011918951132300357
watersystem_x_unit_basin_x_landform,Na,5,B_830304_86_LF_CLASS::山麓堆積地形,荒川 / basin 86 / 山麓堆積地形,2,1678,0.0011918951132300357
watersystem_x_unit_basin_x_landform,Na,5,B_830304_86_LF_CLASS::水部,荒川 / basin 86 / 水部,2,1678,0.0011918951132300357
watersystem_x_unit_basin_x_landform,Na,5,B_830305_12_LF_CLASS::凹地・浅い谷,多摩川 / basin 12 / 凹地・浅い谷,2,1678,0.0011918951132300357
watersystem_x_unit_basin_x_landform,Na,5,B_830305_13_LF_CLASS::氾濫平野・海岸平野,多摩川 / basin 13 / 氾濫平野・海岸平野,2,1678,0.0011918951132300357
watersystem_x_unit_basin_x_landform,Na,5,B_830305_16_LF_CLASS::山地斜面等,多摩川 / basin 16 / 山地斜面等,2,1678,0.0011918951132300357
watersystem_x_unit_basin_x_landform,Na,5,B_830305_18_LF_CLASS::凹地・浅い谷,多摩川 / basin 18 / 凹地・浅い谷,2,1678,0.0011918951132300357
watersystem_x_unit_basin_x_landform,Na,5,B_830305_19_LF_CLASS::凹地・浅い谷,多摩川 / basin 19 / 凹地・浅い谷,2,1678,0.0011918951132300357
watersystem_x_unit_basin_x_landform,Na,5,B_830305_1_LF_CLASS::氾濫平野・海岸平野,多摩川 / basin 1 / 氾濫平野・海岸平野,2,1678,0.0011918951132300357
watersystem_x_unit_basin_x_landform,Na,5,B_830305_25_LF_CLASS::崖・段丘崖,多摩川 / basin 25 / 崖・段丘崖,2,1678,0.0011918951132300357
watersystem_x_unit_basin_x_landform,Na,5,B_830305_26_LF_CLASS::台地・段丘,多摩川 / basin 26 / 台地・段丘,2,1678,0.0011918951132300357
watersystem_x_unit_basin_x_landform,Na,5,B_830305_32_LF_CLASS::山地斜面等,多摩川 / basin 32 / 山地斜面等,2,1678,0.0011918951132300357
watersystem_x_unit_basin_x_landform,Na,5,B_830305_33_LF_CLASS::氾濫平野・海岸平野,多摩川 / basin 33 / 氾濫平野・海岸平野,2,1678,0.0011918951132300357
watersystem_x_unit_basin_x_landform,Na,5,B_830305_35_LF_CLASS::山麓堆積地形,多摩川 / basin 35 / 山麓堆積地形,2,1678,0.0011918951132300357
watersystem_x_unit_basin_x_landform,Na,5,B_830305_36_LF_CLASS::山地斜面等,多摩川 / basin 36 / 山地斜面等,2,1678,0.0011918951132300357
watersystem_x_unit_basin_x_landform,Na,5,B_830305_37_LF_CLASS::台地・段丘,多摩川 / basin 37 / 台地・段丘,2,1678,0.0011918951132300357
watersystem_x_unit_basin_x_landform,Na,5,B_830305_38_LF_CLASS::台地・段丘,多摩川 / basin 38 / 台地・段丘,2,1678,0.0011918951132300357
watersystem_x_unit_basin_x_landform,Na,5,B_830305_3_LF_CLASS::台地・段丘,多摩川 / basin 3 / 台地・段丘,2,1678,0.0011918951132300357
watersystem_x_unit_basin_x_landform,Na,5,B_830305_41_LF_CLASS::台地・段丘,多摩川 / basin 41 / 台地・段丘,2,1678,0.0011918951132300357
watersystem_x_unit_basin_x_landform,Na,5,B_830305_43_LF_CLASS::山地斜面等,多摩川 / basin 43 / 山地斜面等,2,1678,0.0011918951132300357
watersystem_x_unit_basin_x_landform,Na,5,B_830305_44_LF_CLASS::山地斜面等,多摩川 / basin 44 / 山地斜面等,2,1678,0.0011918951132300357
watersystem_x_unit_basin_x_landform,Na,5,B_830305_46_LF_CLASS::台地・段丘,多摩川 / basin 46 / 台地・段丘,2,1678,0.0011918951132300357
watersystem_x_unit_basin_x_landform,Na,5,B_830305_46_LF_CLASS::山地斜面等,多摩川 / basin 46 / 山地斜面等,2,1678,0.0011918951132300357
watersystem_x_unit_basin_x_landform,Na,5,B_830305_50_LF_CLASS::台地・段丘,多摩川 / basin 50 / 台地・段丘,2,1678,0.0011918951132300357
watersystem_x_unit_basin_x_landform,Na,5,B_830305_51_LF_CLASS::台地・段丘,多摩川 / basin 51 / 台地・段丘,2,1678,0.0011918951132300357
watersystem_x_unit_basin_x_landform,Na,5,B_830305_72_LF_CLASS::山地斜面等,多摩川 / basin 72 / 山地斜面等,2,1678,0.0011918951132300357
watersystem_x_unit_basin_x_landform,Na,5,B_830305_73_LF_CLASS::台地・段丘,多摩川 / basin 73 / 台地・段丘,2,1678,0.0011918951132300357
watersystem_x_unit_basin_x_landform,Na,5,B_830305_75_LF_CLASS::台地・段丘,多摩川 / basin 75 / 台地・段丘,2,1678,0.0011918951132300357
watersystem_x_unit_basin_x_landform,Na,5,B_830306_16_LF_CLASS::山麓堆積地形,鶴見川 / basin 16 / 山麓堆積地形,2,1678,0.0011918951132300357
watersystem_x_unit_basin_x_landform,Na,5,B_830306_16_LF_CLASS::水部,鶴見川 / basin 16 / 水部,2,1678,0.0011918951132300357
watersystem_x_unit_basin_x_landform,Na,5,B_unknown_0_LF_CLASS::凹地・浅い谷,古川・目黒川・立会川・呑川 / basin 0 / 凹地・浅い谷,2,1678,0.0011918951132300357
watersystem_x_unit_basin_x_landform,Na,5,B_120000_6_LF_CLASS::台地・段丘,名称不明 / basin 6 / 台地・段丘,1,1678,5.959475566150178e-4
watersystem_x_unit_basin_x_landform,Na,5,B_130000_5_LF_CLASS::山地斜面等,名称不明 / basin 5 / 山地斜面等,1,1678,5.959475566150178e-4
watersystem_x_unit_basin_x_landform,Na,5,B_130000_5_LF_CLASS::崖・段丘崖,名称不明 / basin 5 / 崖・段丘崖,1,1678,5.959475566150178e-4
watersystem_x_unit_basin_x_landform,Na,5,B_130000_5_LF_CLASS::水部,名称不明 / basin 5 / 水部,1,1678,5.959475566150178e-4
watersystem_x_unit_basin_x_landform,Na,5,B_130000_5_LF_CLASS::氾濫平野・海岸平野,名称不明 / basin 5 / 氾濫平野・海岸平野,1,1678,5.959475566150178e-4
watersystem_x_unit_basin_x_landform,Na,5,B_130000_6_LF_CLASS::台地・段丘,名称不明 / basin 6 / 台地・段丘,1,1678,5.959475566150178e-4
watersystem_x_unit_basin_x_landform,Na,5,B_130000_6_LF_CLASS::氾濫平野・海岸平野,名称不明 / basin 6 / 氾濫平野・海岸平野,1,1678,5.959475566150178e-4
watersystem_x_unit_basin_x_landform,Na,5,B_140013_17_LF_CLASS::山麓堆積地形,境川 / basin 17 / 山麓堆積地形,1,1678,5.959475566150178e-4
watersystem_x_unit_basin_x_landform,Na,5,B_140013_19_LF_CLASS::台地・段丘,境川 / basin 19 / 台地・段丘,1,1678,5.959475566150178e-4
watersystem_x_unit_basin_x_landform,Na,5,B_830303_345_LF_CLASS::自然堤防,利根川 / basin 345 / 自然堤防,1,1678,5.959475566150178e-4
watersystem_x_unit_basin_x_landform,Na,5,B_830303_389_LF_CLASS::自然堤防,利根川 / basin 389 / 自然堤防,1,1678,5.959475566150178e-4
watersystem_x_unit_basin_x_landform,Na,5,B_830303_393_LF_CLASS::氾濫平野・海岸平野,利根川 / basin 393 / 氾濫平野・海岸平野,1,1678,5.959475566150178e-4
watersystem_x_unit_basin_x_landform,Na,5,B_830303_478_LF_CLASS::氾濫平野・海岸平野,利根川 / basin 478 / 氾濫平野・海岸平野,1,1678,5.959475566150178e-4
watersystem_x_unit_basin_x_landform,Na,5,B_830303_517_LF_CLASS::氾濫平野・海岸平野,利根川 / basin 517 / 氾濫平野・海岸平野,1,1678,5.959475566150178e-4
watersystem_x_unit_basin_x_landform,Na,5,B_830304_15_LF_CLASS::氾濫平野・海岸平野,荒川 / basin 15 / 氾濫平野・海岸平野,1,1678,5.959475566150178e-4
watersystem_x_unit_basin_x_landform,Na,5,B_830304_15_LF_CLASS::砂州・砂丘,荒川 / basin 15 / 砂州・砂丘,1,1678,5.959475566150178e-4
watersystem_x_unit_basin_x_landform,Na,5,B_830304_15_LF_CLASS::自然堤防,荒川 / basin 15 / 自然堤防,1,1678,5.959475566150178e-4
watersystem_x_unit_basin_x_landform,Na,5,B_830304_161_LF_CLASS::台地・段丘,荒川 / basin 161 / 台地・段丘,1,1678,5.959475566150178e-4
watersystem_x_unit_basin_x_landform,Na,5,B_830304_16_LF_CLASS::凹地・浅い谷,荒川 / basin 16 / 凹地・浅い谷,1,1678,5.959475566150178e-4
watersystem_x_unit_basin_x_landform,Na,5,B_830304_16_LF_CLASS::氾濫平野・海岸平野,荒川 / basin 16 / 氾濫平野・海岸平野,1,1678,5.959475566150178e-4
watersystem_x_unit_basin_x_landform,Na,5,B_830304_26_LF_CLASS::氾濫平野・海岸平野,荒川 / basin 26 / 氾濫平野・海岸平野,1,1678,5.959475566150178e-4
watersystem_x_unit_basin_x_landform,Na,5,B_830304_27_LF_CLASS::崖・段丘崖,荒川 / basin 27 / 崖・段丘崖,1,1678,5.959475566150178e-4
watersystem_x_unit_basin_x_landform,Na,5,B_830304_36_LF_CLASS::氾濫平野・海岸平野,荒川 / basin 36 / 氾濫平野・海岸平野,1,1678,5.959475566150178e-4
watersystem_x_unit_basin_x_landform,Na,5,B_830304_37_LF_CLASS::台地・段丘,荒川 / basin 37 / 台地・段丘,1,1678,5.959475566150178e-4
watersystem_x_unit_basin_x_landform,Na,5,B_830304_37_LF_CLASS::氾濫平野・海岸平野,荒川 / basin 37 / 氾濫平野・海岸平野,1,1678,5.959475566150178e-4
watersystem_x_unit_basin_x_landform,Na,5,B_830304_38_LF_CLASS::山地斜面等,荒川 / basin 38 / 山地斜面等,1,1678,5.959475566150178e-4
watersystem_x_unit_basin_x_landform,Na,5,B_830304_38_LF_CLASS::後背低地・湿地,荒川 / basin 38 / 後背低地・湿地,1,1678,5.959475566150178e-4
watersystem_x_unit_basin_x_landform,Na,5,B_830304_38_LF_CLASS::氾濫平野・海岸平野,荒川 / basin 38 / 氾濫平野・海岸平野,1,1678,5.959475566150178e-4
watersystem_x_unit_basin_x_landform,Na,5,B_830304_39_LF_CLASS::山地斜面等,荒川 / basin 39 / 山地斜面等,1,1678,5.959475566150178e-4
watersystem_x_unit_basin_x_landform,Na,5,B_830304_39_LF_CLASS::崖・段丘崖,荒川 / basin 39 / 崖・段丘崖,1,1678,5.959475566150178e-4
watersystem_x_unit_basin_x_landform,Na,5,B_830304_39_LF_CLASS::水部,荒川 / basin 39 / 水部,1,1678,5.959475566150178e-4
watersystem_x_unit_basin_x_landform,Na,5,B_830304_40_LF_CLASS::台地・段丘,荒川 / basin 40 / 台地・段丘,1,1678,5.959475566150178e-4
watersystem_x_unit_basin_x_landform,Na,5,B_830304_53_LF_CLASS::台地・段丘,荒川 / basin 53 / 台地・段丘,1,1678,5.959475566150178e-4
watersystem_x_unit_basin_x_landform,Na,5,B_830304_55_LF_CLASS::氾濫平野・海岸平野,荒川 / basin 55 / 氾濫平野・海岸平野,1,1678,5.959475566150178e-4
watersystem_x_unit_basin_x_landform,Na,5,B_830304_56_LF_CLASS::氾濫平野・海岸平野,荒川 / basin 56 / 氾濫平野・海岸平野,1,1678,5.959475566150178e-4
watersystem_x_unit_basin_x_landform,Na,5,B_830304_67_LF_CLASS::山地斜面等,荒川 / basin 67 / 山地斜面等,1,1678,5.959475566150178e-4
watersystem_x_unit_basin_x_landform,Na,5,B_830304_87_LF_CLASS::山地斜面等,荒川 / basin 87 / 山地斜面等,1,1678,5.959475566150178e-4
watersystem_x_unit_basin_x_landform,Na,5,B_830304_88_LF_CLASS::山地斜面等,荒川 / basin 88 / 山地斜面等,1,1678,5.959475566150178e-4
watersystem_x_unit_basin_x_landform,Na,5,B_830305_12_LF_CLASS::旧河道,多摩川 / basin 12 / 旧河道,1,1678,5.959475566150178e-4
watersystem_x_unit_basin_x_landform,Na,5,B_830305_12_LF_CLASS::自然堤防,多摩川 / basin 12 / 自然堤防,1,1678,5.959475566150178e-4
watersystem_x_unit_basin_x_landform,Na,5,B_830305_14_LF_CLASS::凹地・浅い谷,多摩川 / basin 14 / 凹地・浅い谷,1,1678,5.959475566150178e-4
watersystem_x_unit_basin_x_landform,Na,5,B_830305_14_LF_CLASS::山地斜面等,多摩川 / basin 14 / 山地斜面等,1,1678,5.959475566150178e-4
watersystem_x_unit_basin_x_landform,Na,5,B_830305_14_LF_CLASS::崖・段丘崖,多摩川 / basin 14 / 崖・段丘崖,1,1678,5.959475566150178e-4
watersystem_x_unit_basin_x_landform,Na,5,B_830305_16_LF_CLASS::台地・段丘,多摩川 / basin 16 / 台地・段丘,1,1678,5.959475566150178e-4
watersystem_x_unit_basin_x_landform,Na,5,B_830305_16_LF_CLASS::崖・段丘崖,多摩川 / basin 16 / 崖・段丘崖,1,1678,5.959475566150178e-4
watersystem_x_unit_basin_x_landform,Na,5,B_830305_17_LF_CLASS::山麓堆積地形,多摩川 / basin 17 / 山麓堆積地形,1,1678,5.959475566150178e-4
watersystem_x_unit_basin_x_landform,Na,5,B_830305_18_LF_CLASS::水部,多摩川 / basin 18 / 水部,1,1678,5.959475566150178e-4
watersystem_x_unit_basin_x_landform,Na,5,B_830305_1_LF_CLASS::自然堤防,多摩川 / basin 1 / 自然堤防,1,1678,5.959475566150178e-4
watersystem_x_unit_basin_x_landform,Na,5,B_830305_20_LF_CLASS::崖・段丘崖,多摩川 / basin 20 / 崖・段丘崖,1,1678,5.959475566150178e-4
watersystem_x_unit_basin_x_landform,Na,5,B_830305_20_LF_CLASS::氾濫平野・海岸平野,多摩川 / basin 20 / 氾濫平野・海岸平野,1,1678,5.959475566150178e-4
watersystem_x_unit_basin_x_landform,Na,5,B_830305_21_LF_CLASS::台地・段丘,多摩川 / basin 21 / 台地・段丘,1,1678,5.959475566150178e-4
watersystem_x_unit_basin_x_landform,Na,5,B_830305_23_LF_CLASS::崖・段丘崖,多摩川 / basin 23 / 崖・段丘崖,1,1678,5.959475566150178e-4
watersystem_x_unit_basin_x_landform,Na,5,B_830305_23_LF_CLASS::旧河道,多摩川 / basin 23 / 旧河道,1,1678,5.959475566150178e-4
watersystem_x_unit_basin_x_landform,Na,5,B_830305_24_LF_CLASS::山地斜面等,多摩川 / basin 24 / 山地斜面等,1,1678,5.959475566150178e-4
watersystem_x_unit_basin_x_landform,Na,5,B_830305_25_LF_CLASS::凹地・浅い谷,多摩川 / basin 25 / 凹地・浅い谷,1,1678,5.959475566150178e-4
watersystem_x_unit_basin_x_landform,Na,5,B_830305_25_LF_CLASS::氾濫平野・海岸平野,多摩川 / basin 25 / 氾濫平野・海岸平野,1,1678,5.959475566150178e-4
watersystem_x_unit_basin_x_landform,Na,5,B_830305_26_LF_CLASS::氾濫平野・海岸平野,多摩川 / basin 26 / 氾濫平野・海岸平野,1,1678,5.959475566150178e-4
watersystem_x_unit_basin_x_landform,Na,5,B_830305_27_LF_CLASS::凹地・浅い谷,多摩川 / basin 27 / 凹地・浅い谷,1,1678,5.959475566150178e-4
watersystem_x_unit_basin_x_landform,Na,5,B_830305_29_LF_CLASS::台地・段丘,多摩川 / basin 29 / 台地・段丘,1,1678,5.959475566150178e-4
watersystem_x_unit_basin_x_landform,Na,5,B_830305_2_LF_CLASS::凹地・浅い谷,多摩川 / basin 2 / 凹地・浅い谷,1,1678,5.959475566150178e-4
watersystem_x_unit_basin_x_landform,Na,5,B_830305_2_LF_CLASS::崖・段丘崖,多摩川 / basin 2 / 崖・段丘崖,1,1678,5.959475566150178e-4
watersystem_x_unit_basin_x_landform,Na,5,B_830305_31_LF_CLASS::台地・段丘,多摩川 / basin 31 / 台地・段丘,1,1678,5.959475566150178e-4
watersystem_x_unit_basin_x_landform,Na,5,B_830305_33_LF_CLASS::凹地・浅い谷,多摩川 / basin 33 / 凹地・浅い谷,1,1678,5.959475566150178e-4
watersystem_x_unit_basin_x_landform,Na,5,B_830305_35_LF_CLASS::凹地・浅い谷,多摩川 / basin 35 / 凹地・浅い谷,1,1678,5.959475566150178e-4
watersystem_x_unit_basin_x_landform,Na,5,B_830305_36_LF_CLASS::氾濫平野・海岸平野,多摩川 / basin 36 / 氾濫平野・海岸平野,1,1678,5.959475566150178e-4
watersystem_x_unit_basin_x_landform,Na,5,B_830305_38_LF_CLASS::山地斜面等,多摩川 / basin 38 / 山地斜面等,1,1678,5.959475566150178e-4
watersystem_x_unit_basin_x_landform,Na,5,B_830305_40_LF_CLASS::山麓堆積地形,多摩川 / basin 40 / 山麓堆積地形,1,1678,5.959475566150178e-4
watersystem_x_unit_basin_x_landform,Na,5,B_830305_40_LF_CLASS::崖・段丘崖,多摩川 / basin 40 / 崖・段丘崖,1,1678,5.959475566150178e-4
watersystem_x_unit_basin_x_landform,Na,5,B_830305_41_LF_CLASS::山地斜面等,多摩川 / basin 41 / 山地斜面等,1,1678,5.959475566150178e-4
watersystem_x_unit_basin_x_landform,Na,5,B_830305_42_LF_CLASS::台地・段丘,多摩川 / basin 42 / 台地・段丘,1,1678,5.959475566150178e-4
watersystem_x_unit_basin_x_landform,Na,5,B_830305_42_LF_CLASS::山地斜面等,多摩川 / basin 42 / 山地斜面等,1,1678,5.959475566150178e-4
watersystem_x_unit_basin_x_landform,Na,5,B_830305_44_LF_CLASS::氾濫平野・海岸平野,多摩川 / basin 44 / 氾濫平野・海岸平野,1,1678,5.959475566150178e-4
watersystem_x_unit_basin_x_landform,Na,5,B_830305_46_LF_CLASS::氾濫平野・海岸平野,多摩川 / basin 46 / 氾濫平野・海岸平野,1,1678,5.959475566150178e-4
watersystem_x_unit_basin_x_landform,Na,5,B_830305_49_LF_CLASS::台地・段丘,多摩川 / basin 49 / 台地・段丘,1,1678,5.959475566150178e-4
watersystem_x_unit_basin_x_landform,Na,5,B_830305_49_LF_CLASS::崖・段丘崖,多摩川 / basin 49 / 崖・段丘崖,1,1678,5.959475566150178e-4
watersystem_x_unit_basin_x_landform,Na,5,B_830305_57_LF_CLASS::台地・段丘,多摩川 / basin 57 / 台地・段丘,1,1678,5.959475566150178e-4
watersystem_x_unit_basin_x_landform,Na,5,B_830305_8_LF_CLASS::氾濫平野・海岸平野,多摩川 / basin 8 / 氾濫平野・海岸平野,1,1678,5.959475566150178e-4
watersystem_x_unit_basin_x_landform,Na,5,B_830305_9_LF_CLASS::氾濫平野・海岸平野,多摩川 / basin 9 / 氾濫平野・海岸平野,1,1678,5.959475566150178e-4
watersystem_x_unit_basin_x_landform,Na,5,B_830306_16_LF_CLASS::凹地・浅い谷,鶴見川 / basin 16 / 凹地・浅い谷,1,1678,5.959475566150178e-4
watersystem_x_unit_basin_x_landform,Na,5,B_830306_16_LF_CLASS::崖・段丘崖,鶴見川 / basin 16 / 崖・段丘崖,1,1678,5.959475566150178e-4
watersystem_x_unit_basin_x_landform,Na,5,B_830306_19_LF_CLASS::台地・段丘,鶴見川 / basin 19 / 台地・段丘,1,1678,5.959475566150178e-4
watersystem_x_unit_basin_x_landform,Na,5,B_830306_20_LF_CLASS::崖・段丘崖,鶴見川 / basin 20 / 崖・段丘崖,1,1678,5.959475566150178e-4
watersystem_x_unit_basin_x_landform,Na,5,B_unknown_0_LF_CLASS::後背低地・湿地,古川・目黒川・立会川・呑川 / basin 0 / 後背低地・湿地,1,1678,5.959475566150178e-4
watersystem_x_unit_basin_x_landform,He,6,B_830306_20_LF_CLASS::山地斜面等,鶴見川 / basin 20 / 山地斜面等,167,2126,0.07855126999059266
watersystem_x_unit_basin_x_landform,He,6,B_830305_30_LF_CLASS::山地斜面等,多摩川 / basin 30 / 山地斜面等,134,2126,0.06302916274694262
watersystem_x_unit_basin_x_landform,He,6,B_830305_28_LF_CLASS::山地斜面等,多摩川 / basin 28 / 山地斜面等,129,2126,0.06067732831608655
watersystem_x_unit_basin_x_landform,He,6,B_140013_17_LF_CLASS::山地斜面等,境川 / basin 17 / 山地斜面等,118,2126,0.055503292568203196
watersystem_x_unit_basin_x_landform,He,6,B_830305_22_LF_CLASS::山地斜面等,多摩川 / basin 22 / 山地斜面等,82,2126,0.03857008466603951
watersystem_x_unit_basin_x_landform,He,6,B_830305_23_LF_CLASS::山地斜面等,多摩川 / basin 23 / 山地斜面等,75,2126,0.03527751646284102
watersystem_x_unit_basin_x_landform,He,6,B_830305_36_LF_CLASS::山地斜面等,多摩川 / basin 36 / 山地斜面等,60,2126,0.028222013170272814
watersystem_x_unit_basin_x_landform,He,6,B_830305_17_LF_CLASS::山地斜面等,多摩川 / basin 17 / 山地斜面等,39,2126,0.018344308560677328
watersystem_x_unit_basin_x_landform,He,6,B_830306_16_LF_CLASS::山地斜面等,鶴見川 / basin 16 / 山地斜面等,36,2126,0.016933207902163686
watersystem_x_unit_basin_x_landform,He,6,B_140013_17_LF_CLASS::台地・段丘,境川 / basin 17 / 台地・段丘,32,2126,0.015051740357478834
watersystem_x_unit_basin_x_landform,He,6,B_830305_18_LF_CLASS::台地・段丘,多摩川 / basin 18 / 台地・段丘,32,2126,0.015051740357478834
watersystem_x_unit_basin_x_landform,He,6,B_830306_21_LF_CLASS::山地斜面等,鶴見川 / basin 21 / 山地斜面等,32,2126,0.015051740357478834
watersystem_x_unit_basin_x_landform,He,6,B_140013_17_LF_CLASS::氾濫平野・海岸平野,境川 / basin 17 / 氾濫平野・海岸平野,31,2126,0.01458137347130762
watersystem_x_unit_basin_x_landform,He,6,B_830306_16_LF_CLASS::台地・段丘,鶴見川 / basin 16 / 台地・段丘,28,2126,0.01317027281279398
watersystem_x_unit_basin_x_landform,He,6,B_830305_40_LF_CLASS::台地・段丘,多摩川 / basin 40 / 台地・段丘,27,2126,0.012699905926622766
watersystem_x_unit_basin_x_landform,He,6,B_130000_5_LF_CLASS::台地・段丘,名称不明 / basin 5 / 台地・段丘,26,2126,0.012229539040451553
watersystem_x_unit_basin_x_landform,He,6,B_830304_86_LF_CLASS::山地斜面等,荒川 / basin 86 / 山地斜面等,26,2126,0.012229539040451553
watersystem_x_unit_basin_x_landform,He,6,B_830305_23_LF_CLASS::氾濫平野・海岸平野,多摩川 / basin 23 / 氾濫平野・海岸平野,26,2126,0.012229539040451553
watersystem_x_unit_basin_x_landform,He,6,B_830305_35_LF_CLASS::山地斜面等,多摩川 / basin 35 / 山地斜面等,26,2126,0.012229539040451553
watersystem_x_unit_basin_x_landform,He,6,B_830306_20_LF_CLASS::台地・段丘,鶴見川 / basin 20 / 台地・段丘,24,2126,0.011288805268109126
watersystem_x_unit_basin_x_landform,He,6,B_830304_82_LF_CLASS::台地・段丘,荒川 / basin 82 / 台地・段丘,22,2126,0.010348071495766699
watersystem_x_unit_basin_x_landform,He,6,B_unknown_0_LF_CLASS::台地・段丘,古川・目黒川・立会川・呑川 / basin 0 / 台地・段丘,22,2126,0.010348071495766699
watersystem_x_unit_basin_x_landform,He,6,B_830304_68_LF_CLASS::台地・段丘,荒川 / basin 68 / 台地・段丘,21,2126,0.009877704609595485
watersystem_x_unit_basin_x_landform,He,6,B_830305_23_LF_CLASS::台地・段丘,多摩川 / basin 23 / 台地・段丘,20,2126,0.00940733772342427
watersystem_x_unit_basin_x_landform,He,6,B_830305_10_LF_CLASS::台地・段丘,多摩川 / basin 10 / 台地・段丘,19,2126,0.008936970837253057
watersystem_x_unit_basin_x_landform,He,6,B_830305_22_LF_CLASS::氾濫平野・海岸平野,多摩川 / basin 22 / 氾濫平野・海岸平野,19,2126,0.008936970837253057
watersystem_x_unit_basin_x_landform,He,6,B_830304_120_LF_CLASS::台地・段丘,荒川 / basin 120 / 台地・段丘,18,2126,0.008466603951081843
watersystem_x_unit_basin_x_landform,He,6,B_830305_28_LF_CLASS::氾濫平野・海岸平野,多摩川 / basin 28 / 氾濫平野・海岸平野,18,2126,0.008466603951081843
watersystem_x_unit_basin_x_landform,He,6,B_830306_20_LF_CLASS::氾濫平野・海岸平野,鶴見川 / basin 20 / 氾濫平野・海岸平野,18,2126,0.008466603951081843
watersystem_x_unit_basin_x_landform,He,6,B_830305_30_LF_CLASS::氾濫平野・海岸平野,多摩川 / basin 30 / 氾濫平野・海岸平野,17,2126,0.00799623706491063
watersystem_x_unit_basin_x_landform,He,6,B_830305_12_LF_CLASS::台地・段丘,多摩川 / basin 12 / 台地・段丘,16,2126,0.007525870178739417
watersystem_x_unit_basin_x_landform,He,6,B_830305_33_LF_CLASS::台地・段丘,多摩川 / basin 33 / 台地・段丘,16,2126,0.007525870178739417
watersystem_x_unit_basin_x_landform,He,6,B_830305_35_LF_CLASS::台地・段丘,多摩川 / basin 35 / 台地・段丘,16,2126,0.007525870178739417
watersystem_x_unit_basin_x_landform,He,6,B_830305_14_LF_CLASS::台地・段丘,多摩川 / basin 14 / 台地・段丘,14,2126,0.00658513640639699
watersystem_x_unit_basin_x_landform,He,6,B_830304_83_LF_CLASS::台地・段丘,荒川 / basin 83 / 台地・段丘,13,2126,0.0061147695202257765
watersystem_x_unit_basin_x_landform,He,6,B_830304_86_LF_CLASS::台地・段丘,荒川 / basin 86 / 台地・段丘,13,2126,0.0061147695202257765
watersystem_x_unit_basin_x_landform,He,6,B_830304_86_LF_CLASS::水部,荒川 / basin 86 / 水部,12,2126,0.005644402634054563
watersystem_x_unit_basin_x_landform,He,6,B_830305_20_LF_CLASS::台地・段丘,多摩川 / basin 20 / 台地・段丘,12,2126,0.005644402634054563
watersystem_x_unit_basin_x_landform,He,6,B_830304_25_LF_CLASS::砂州・砂丘,荒川 / basin 25 / 砂州・砂丘,11,2126,0.0051740357478833494
watersystem_x_unit_basin_x_landform,He,6,B_830304_47_LF_CLASS::台地・段丘,荒川 / basin 47 / 台地・段丘,11,2126,0.0051740357478833494
watersystem_x_unit_basin_x_landform,He,6,B_830305_19_LF_CLASS::台地・段丘,多摩川 / basin 19 / 台地・段丘,11,2126,0.0051740357478833494
watersystem_x_unit_basin_x_landform,He,6,B_830305_22_LF_CLASS::台地・段丘,多摩川 / basin 22 / 台地・段丘,11,2126,0.0051740357478833494
watersystem_x_unit_basin_x_landform,He,6,B_830305_40_LF_CLASS::山地斜面等,多摩川 / basin 40 / 山地斜面等,11,2126,0.0051740357478833494
watersystem_x_unit_basin_x_landform,He,6,B_140013_19_LF_CLASS::山地斜面等,境川 / basin 19 / 山地斜面等,10,2126,0.004703668861712135
watersystem_x_unit_basin_x_landform,He,6,B_830304_68_LF_CLASS::山地斜面等,荒川 / basin 68 / 山地斜面等,10,2126,0.004703668861712135
watersystem_x_unit_basin_x_landform,He,6,B_830305_43_LF_CLASS::台地・段丘,多摩川 / basin 43 / 台地・段丘,10,2126,0.004703668861712135
watersystem_x_unit_basin_x_landform,He,6,B_830306_19_LF_CLASS::山地斜面等,鶴見川 / basin 19 / 山地斜面等,10,2126,0.004703668861712135
watersystem_x_unit_basin_x_landform,He,6,B_830304_52_LF_CLASS::台地・段丘,荒川 / basin 52 / 台地・段丘,9,2126,0.0042333019755409216
watersystem_x_unit_basin_x_landform,He,6,B_830305_17_LF_CLASS::台地・段丘,多摩川 / basin 17 / 台地・段丘,9,2126,0.0042333019755409216
watersystem_x_unit_basin_x_landform,He,6,B_830305_30_LF_CLASS::台地・段丘,多摩川 / basin 30 / 台地・段丘,9,2126,0.0042333019755409216
watersystem_x_unit_basin_x_landform,He,6,B_830304_27_LF_CLASS::台地・段丘,荒川 / basin 27 / 台地・段丘,8,2126,0.0037629350893697085
watersystem_x_unit_basin_x_landform,He,6,B_830304_56_LF_CLASS::台地・段丘,荒川 / basin 56 / 台地・段丘,8,2126,0.0037629350893697085
watersystem_x_unit_basin_x_landform,He,6,B_830305_22_LF_CLASS::山麓堆積地形,多摩川 / basin 22 / 山麓堆積地形,8,2126,0.0037629350893697085
watersystem_x_unit_basin_x_landform,He,6,B_830305_25_LF_CLASS::台地・段丘,多摩川 / basin 25 / 台地・段丘,8,2126,0.0037629350893697085
watersystem_x_unit_basin_x_landform,He,6,B_830306_21_LF_CLASS::氾濫平野・海岸平野,鶴見川 / basin 21 / 氾濫平野・海岸平野,8,2126,0.0037629350893697085
watersystem_x_unit_basin_x_landform,He,6,B_unknown_0_LF_CLASS::砂州・砂丘,古川・目黒川・立会川・呑川 / basin 0 / 砂州・砂丘,8,2126,0.0037629350893697085
watersystem_x_unit_basin_x_landform,He,6,B_830304_120_LF_CLASS::山地斜面等,荒川 / basin 120 / 山地斜面等,7,2126,0.003292568203198495
watersystem_x_unit_basin_x_landform,He,6,B_830304_55_LF_CLASS::台地・段丘,荒川 / basin 55 / 台地・段丘,7,2126,0.003292568203198495
watersystem_x_unit_basin_x_landform,He,6,B_830306_16_LF_CLASS::氾濫平野・海岸平野,鶴見川 / basin 16 / 氾濫平野・海岸平野,7,2126,0.003292568203198495
watersystem_x_unit_basin_x_landform,He,6,B_130000_4_LF_CLASS::台地・段丘,名称不明 / basin 4 / 台地・段丘,6,2126,0.0028222013170272815
watersystem_x_unit_basin_x_landform,He,6,B_830304_120_LF_CLASS::氾濫平野・海岸平野,荒川 / basin 120 / 氾濫平野・海岸平野,6,2126,0.0028222013170272815
watersystem_x_unit_basin_x_landform,He,6,B_830304_79_LF_CLASS::台地・段丘,荒川 / basin 79 / 台地・段丘,6,2126,0.0028222013170272815
watersystem_x_unit_basin_x_landform,He,6,B_830304_82_LF_CLASS::山地斜面等,荒川 / basin 82 / 山地斜面等,6,2126,0.0028222013170272815
watersystem_x_unit_basin_x_landform,He,6,B_830304_88_LF_CLASS::山地斜面等,荒川 / basin 88 / 山地斜面等,6,2126,0.0028222013170272815
watersystem_x_unit_basin_x_landform,He,6,B_830305_19_LF_CLASS::山地斜面等,多摩川 / basin 19 / 山地斜面等,6,2126,0.0028222013170272815
watersystem_x_unit_basin_x_landform,He,6,B_830305_28_LF_CLASS::山麓堆積地形,多摩川 / basin 28 / 山麓堆積地形,6,2126,0.0028222013170272815
watersystem_x_unit_basin_x_landform,He,6,B_830305_30_LF_CLASS::山麓堆積地形,多摩川 / basin 30 / 山麓堆積地形,6,2126,0.0028222013170272815
watersystem_x_unit_basin_x_landform,He,6,B_830305_36_LF_CLASS::台地・段丘,多摩川 / basin 36 / 台地・段丘,6,2126,0.0028222013170272815
watersystem_x_unit_basin_x_landform,He,6,B_830305_41_LF_CLASS::台地・段丘,多摩川 / basin 41 / 台地・段丘,6,2126,0.0028222013170272815
watersystem_x_unit_basin_x_landform,He,6,B_830305_48_LF_CLASS::台地・段丘,多摩川 / basin 48 / 台地・段丘,6,2126,0.0028222013170272815
watersystem_x_unit_basin_x_landform,He,6,B_830305_75_LF_CLASS::台地・段丘,多摩川 / basin 75 / 台地・段丘,6,2126,0.0028222013170272815
watersystem_x_unit_basin_x_landform,He,6,B_830306_17_LF_CLASS::山地斜面等,鶴見川 / basin 17 / 山地斜面等,6,2126,0.0028222013170272815
watersystem_x_unit_basin_x_landform,He,6,B_830306_20_LF_CLASS::山麓堆積地形,鶴見川 / basin 20 / 山麓堆積地形,6,2126,0.0028222013170272815
watersystem_x_unit_basin_x_landform,He,6,B_830303_347_LF_CLASS::自然堤防,利根川 / basin 347 / 自然堤防,5,2126,0.0023518344308560675
watersystem_x_unit_basin_x_landform,He,6,B_830304_25_LF_CLASS::台地・段丘,荒川 / basin 25 / 台地・段丘,5,2126,0.0023518344308560675
watersystem_x_unit_basin_x_landform,He,6,B_830304_42_LF_CLASS::台地・段丘,荒川 / basin 42 / 台地・段丘,5,2126,0.0023518344308560675
watersystem_x_unit_basin_x_landform,He,6,B_830304_80_LF_CLASS::台地・段丘,荒川 / basin 80 / 台地・段丘,5,2126,0.0023518344308560675
watersystem_x_unit_basin_x_landform,He,6,B_830304_86_LF_CLASS::氾濫平野・海岸平野,荒川 / basin 86 / 氾濫平野・海岸平野,5,2126,0.0023518344308560675
watersystem_x_unit_basin_x_landform,He,6,B_830305_13_LF_CLASS::台地・段丘,多摩川 / basin 13 / 台地・段丘,5,2126,0.0023518344308560675
watersystem_x_unit_basin_x_landform,He,6,B_830305_23_LF_CLASS::山麓堆積地形,多摩川 / basin 23 / 山麓堆積地形,5,2126,0.0023518344308560675
watersystem_x_unit_basin_x_landform,He,6,B_830305_27_LF_CLASS::台地・段丘,多摩川 / basin 27 / 台地・段丘,5,2126,0.0023518344308560675
watersystem_x_unit_basin_x_landform,He,6,B_830305_2_LF_CLASS::氾濫平野・海岸平野,多摩川 / basin 2 / 氾濫平野・海岸平野,5,2126,0.0023518344308560675
watersystem_x_unit_basin_x_landform,He,6,B_830305_32_LF_CLASS::山地斜面等,多摩川 / basin 32 / 山地斜面等,5,2126,0.0023518344308560675
watersystem_x_unit_basin_x_landform,He,6,B_830305_33_LF_CLASS::山地斜面等,多摩川 / basin 33 / 山地斜面等,5,2126,0.0023518344308560675
watersystem_x_unit_basin_x_landform,He,6,B_830305_48_LF_CLASS::山地斜面等,多摩川 / basin 48 / 山地斜面等,5,2126,0.0023518344308560675
watersystem_x_unit_basin_x_landform,He,6,B_830305_56_LF_CLASS::台地・段丘,多摩川 / basin 56 / 台地・段丘,5,2126,0.0023518344308560675
watersystem_x_unit_basin_x_landform,He,6,B_830305_73_LF_CLASS::台地・段丘,多摩川 / basin 73 / 台地・段丘,5,2126,0.0023518344308560675
watersystem_x_unit_basin_x_landform,He,6,B_830305_8_LF_CLASS::台地・段丘,多摩川 / basin 8 / 台地・段丘,5,2126,0.0023518344308560675
watersystem_x_unit_basin_x_landform,He,6,B_830306_21_LF_CLASS::台地・段丘,鶴見川 / basin 21 / 台地・段丘,5,2126,0.0023518344308560675
watersystem_x_unit_basin_x_landform,He,6,B_130000_1_LF_CLASS::台地・段丘,名称不明 / basin 1 / 台地・段丘,4,2126,0.0018814675446848542
watersystem_x_unit_basin_x_landform,He,6,B_830304_25_LF_CLASS::氾濫平野・海岸平野,荒川 / basin 25 / 氾濫平野・海岸平野,4,2126,0.0018814675446848542
watersystem_x_unit_basin_x_landform,He,6,B_830304_39_LF_CLASS::台地・段丘,荒川 / basin 39 / 台地・段丘,4,2126,0.0018814675446848542
watersystem_x_unit_basin_x_landform,He,6,B_830304_52_LF_CLASS::山地斜面等,荒川 / basin 52 / 山地斜面等,4,2126,0.0018814675446848542
watersystem_x_unit_basin_x_landform,He,6,B_830304_54_LF_CLASS::台地・段丘,荒川 / basin 54 / 台地・段丘,4,2126,0.0018814675446848542
watersystem_x_unit_basin_x_landform,He,6,B_830304_61_LF_CLASS::台地・段丘,荒川 / basin 61 / 台地・段丘,4,2126,0.0018814675446848542
watersystem_x_unit_basin_x_landform,He,6,B_830304_70_LF_CLASS::台地・段丘,荒川 / basin 70 / 台地・段丘,4,2126,0.0018814675446848542
watersystem_x_unit_basin_x_landform,He,6,B_830304_82_LF_CLASS::凹地・浅い谷,荒川 / basin 82 / 凹地・浅い谷,4,2126,0.0018814675446848542
watersystem_x_unit_basin_x_landform,He,6,B_830304_87_LF_CLASS::山地斜面等,荒川 / basin 87 / 山地斜面等,4,2126,0.0018814675446848542
watersystem_x_unit_basin_x_landform,He,6,B_830305_17_LF_CLASS::氾濫平野・海岸平野,多摩川 / basin 17 / 氾濫平野・海岸平野,4,2126,0.0018814675446848542
watersystem_x_unit_basin_x_landform,He,6,B_830305_18_LF_CLASS::山地斜面等,多摩川 / basin 18 / 山地斜面等,4,2126,0.0018814675446848542
watersystem_x_unit_basin_x_landform,He,6,B_830305_18_LF_CLASS::氾濫平野・海岸平野,多摩川 / basin 18 / 氾濫平野・海岸平野,4,2126,0.0018814675446848542
watersystem_x_unit_basin_x_landform,He,6,B_830305_36_LF_CLASS::氾濫平野・海岸平野,多摩川 / basin 36 / 氾濫平野・海岸平野,4,2126,0.0018814675446848542
watersystem_x_unit_basin_x_landform,He,6,B_830305_46_LF_CLASS::台地・段丘,多摩川 / basin 46 / 台地・段丘,4,2126,0.0018814675446848542
watersystem_x_unit_basin_x_landform,He,6,B_unknown_0_LF_CLASS::山地斜面等,古川・目黒川・立会川・呑川 / basin 0 / 山地斜面等,4,2126,0.0018814675446848542
watersystem_x_unit_basin_x_landform,He,6,B_unknown_0_LF_CLASS::氾濫平野・海岸平野,古川・目黒川・立会川・呑川 / basin 0 / 氾濫平野・海岸平野,4,2126,0.0018814675446848542
watersystem_x_unit_basin_x_landform,He,6,B_130000_5_LF_CLASS::後背低地・湿地,名称不明 / basin 5 / 後背低地・湿地,3,2126,0.0014111006585136407
watersystem_x_unit_basin_x_landform,He,6,B_140013_19_LF_CLASS::氾濫平野・海岸平野,境川 / basin 19 / 氾濫平野・海岸平野,3,2126,0.0014111006585136407
watersystem_x_unit_basin_x_landform,He,6,B_830304_26_LF_CLASS::台地・段丘,荒川 / basin 26 / 台地・段丘,3,2126,0.0014111006585136407
watersystem_x_unit_basin_x_landform,He,6,B_830304_47_LF_CLASS::山地斜面等,荒川 / basin 47 / 山地斜面等,3,2126,0.0014111006585136407
watersystem_x_unit_basin_x_landform,He,6,B_830304_61_LF_CLASS::山地斜面等,荒川 / basin 61 / 山地斜面等,3,2126,0.0014111006585136407
watersystem_x_unit_basin_x_landform,He,6,B_830304_70_LF_CLASS::山地斜面等,荒川 / basin 70 / 山地斜面等,3,2126,0.0014111006585136407
watersystem_x_unit_basin_x_landform,He,6,B_830305_28_LF_CLASS::台地・段丘,多摩川 / basin 28 / 台地・段丘,3,2126,0.0014111006585136407
watersystem_x_unit_basin_x_landform,He,6,B_830305_33_LF_CLASS::氾濫平野・海岸平野,多摩川 / basin 33 / 氾濫平野・海岸平野,3,2126,0.0014111006585136407
watersystem_x_unit_basin_x_landform,He,6,B_830305_34_LF_CLASS::台地・段丘,多摩川 / basin 34 / 台地・段丘,3,2126,0.0014111006585136407
watersystem_x_unit_basin_x_landform,He,6,B_830305_35_LF_CLASS::山麓堆積地形,多摩川 / basin 35 / 山麓堆積地形,3,2126,0.0014111006585136407
watersystem_x_unit_basin_x_landform,He,6,B_830305_35_LF_CLASS::氾濫平野・海岸平野,多摩川 / basin 35 / 氾濫平野・海岸平野,3,2126,0.0014111006585136407
watersystem_x_unit_basin_x_landform,He,6,B_830305_37_LF_CLASS::台地・段丘,多摩川 / basin 37 / 台地・段丘,3,2126,0.0014111006585136407
watersystem_x_unit_basin_x_landform,He,6,B_830305_38_LF_CLASS::台地・段丘,多摩川 / basin 38 / 台地・段丘,3,2126,0.0014111006585136407
watersystem_x_unit_basin_x_landform,He,6,B_830305_42_LF_CLASS::台地・段丘,多摩川 / basin 42 / 台地・段丘,3,2126,0.0014111006585136407
watersystem_x_unit_basin_x_landform,He,6,B_830305_50_LF_CLASS::台地・段丘,多摩川 / basin 50 / 台地・段丘,3,2126,0.0014111006585136407
watersystem_x_unit_basin_x_landform,He,6,B_830306_16_LF_CLASS::自然堤防,鶴見川 / basin 16 / 自然堤防,3,2126,0.0014111006585136407
watersystem_x_unit_basin_x_landform,He,6,B_830306_17_LF_CLASS::台地・段丘,鶴見川 / basin 17 / 台地・段丘,3,2126,0.0014111006585136407
watersystem_x_unit_basin_x_landform,He,6,B_130000_4_LF_CLASS::後背低地・湿地,名称不明 / basin 4 / 後背低地・湿地,2,2126,9.407337723424271e-4
watersystem_x_unit_basin_x_landform,He,6,B_830303_427_LF_CLASS::氾濫平野・海岸平野,利根川 / basin 427 / 氾濫平野・海岸平野,2,2126,9.407337723424271e-4
watersystem_x_unit_basin_x_landform,He,6,B_830303_427_LF_CLASS::自然堤防,利根川 / basin 427 / 自然堤防,2,2126,9.407337723424271e-4
watersystem_x_unit_basin_x_landform,He,6,B_830303_478_LF_CLASS::自然堤防,利根川 / basin 478 / 自然堤防,2,2126,9.407337723424271e-4
watersystem_x_unit_basin_x_landform,He,6,B_830303_517_LF_CLASS::旧河道,利根川 / basin 517 / 旧河道,2,2126,9.407337723424271e-4
watersystem_x_unit_basin_x_landform,He,6,B_830304_15_LF_CLASS::台地・段丘,荒川 / basin 15 / 台地・段丘,2,2126,9.407337723424271e-4
watersystem_x_unit_basin_x_landform,He,6,B_830304_161_LF_CLASS::台地・段丘,荒川 / basin 161 / 台地・段丘,2,2126,9.407337723424271e-4
watersystem_x_unit_basin_x_landform,He,6,B_830304_16_LF_CLASS::台地・段丘,荒川 / basin 16 / 台地・段丘,2,2126,9.407337723424271e-4
watersystem_x_unit_basin_x_landform,He,6,B_830304_16_LF_CLASS::氾濫平野・海岸平野,荒川 / basin 16 / 氾濫平野・海岸平野,2,2126,9.407337723424271e-4
watersystem_x_unit_basin_x_landform,He,6,B_830304_16_LF_CLASS::自然堤防,荒川 / basin 16 / 自然堤防,2,2126,9.407337723424271e-4
watersystem_x_unit_basin_x_landform,He,6,B_830304_38_LF_CLASS::台地・段丘,荒川 / basin 38 / 台地・段丘,2,2126,9.407337723424271e-4
watersystem_x_unit_basin_x_landform,He,6,B_830304_42_LF_CLASS::氾濫平野・海岸平野,荒川 / basin 42 / 氾濫平野・海岸平野,2,2126,9.407337723424271e-4
watersystem_x_unit_basin_x_landform,He,6,B_830304_51_LF_CLASS::台地・段丘,荒川 / basin 51 / 台地・段丘,2,2126,9.407337723424271e-4
watersystem_x_unit_basin_x_landform,He,6,B_830304_51_LF_CLASS::山地斜面等,荒川 / basin 51 / 山地斜面等,2,2126,9.407337723424271e-4
watersystem_x_unit_basin_x_landform,He,6,B_830304_53_LF_CLASS::山地斜面等,荒川 / basin 53 / 山地斜面等,2,2126,9.407337723424271e-4
watersystem_x_unit_basin_x_landform,He,6,B_830304_54_LF_CLASS::山地斜面等,荒川 / basin 54 / 山地斜面等,2,2126,9.407337723424271e-4
watersystem_x_unit_basin_x_landform,He,6,B_830304_56_LF_CLASS::氾濫平野・海岸平野,荒川 / basin 56 / 氾濫平野・海岸平野,2,2126,9.407337723424271e-4
watersystem_x_unit_basin_x_landform,He,6,B_830304_57_LF_CLASS::山地斜面等,荒川 / basin 57 / 山地斜面等,2,2126,9.407337723424271e-4
watersystem_x_unit_basin_x_landform,He,6,B_830304_57_LF_CLASS::氾濫平野・海岸平野,荒川 / basin 57 / 氾濫平野・海岸平野,2,2126,9.407337723424271e-4
watersystem_x_unit_basin_x_landform,He,6,B_830304_67_LF_CLASS::台地・段丘,荒川 / basin 67 / 台地・段丘,2,2126,9.407337723424271e-4
watersystem_x_unit_basin_x_landform,He,6,B_830304_69_LF_CLASS::山地斜面等,荒川 / basin 69 / 山地斜面等,2,2126,9.407337723424271e-4
watersystem_x_unit_basin_x_landform,He,6,B_830304_79_LF_CLASS::凹地・浅い谷,荒川 / basin 79 / 凹地・浅い谷,2,2126,9.407337723424271e-4
watersystem_x_unit_basin_x_landform,He,6,B_830304_83_LF_CLASS::山地斜面等,荒川 / basin 83 / 山地斜面等,2,2126,9.407337723424271e-4
watersystem_x_unit_basin_x_landform,He,6,B_830305_12_LF_CLASS::凹地・浅い谷,多摩川 / basin 12 / 凹地・浅い谷,2,2126,9.407337723424271e-4
watersystem_x_unit_basin_x_landform,He,6,B_830305_13_LF_CLASS::氾濫平野・海岸平野,多摩川 / basin 13 / 氾濫平野・海岸平野,2,2126,9.407337723424271e-4
watersystem_x_unit_basin_x_landform,He,6,B_830305_16_LF_CLASS::山地斜面等,多摩川 / basin 16 / 山地斜面等,2,2126,9.407337723424271e-4
watersystem_x_unit_basin_x_landform,He,6,B_830305_18_LF_CLASS::凹地・浅い谷,多摩川 / basin 18 / 凹地・浅い谷,2,2126,9.407337723424271e-4
watersystem_x_unit_basin_x_landform,He,6,B_830305_18_LF_CLASS::崖・段丘崖,多摩川 / basin 18 / 崖・段丘崖,2,2126,9.407337723424271e-4
watersystem_x_unit_basin_x_landform,He,6,B_830305_19_LF_CLASS::凹地・浅い谷,多摩川 / basin 19 / 凹地・浅い谷,2,2126,9.407337723424271e-4
watersystem_x_unit_basin_x_landform,He,6,B_830305_1_LF_CLASS::氾濫平野・海岸平野,多摩川 / basin 1 / 氾濫平野・海岸平野,2,2126,9.407337723424271e-4
watersystem_x_unit_basin_x_landform,He,6,B_830305_20_LF_CLASS::氾濫平野・海岸平野,多摩川 / basin 20 / 氾濫平野・海岸平野,2,2126,9.407337723424271e-4
watersystem_x_unit_basin_x_landform,He,6,B_830305_25_LF_CLASS::崖・段丘崖,多摩川 / basin 25 / 崖・段丘崖,2,2126,9.407337723424271e-4
watersystem_x_unit_basin_x_landform,He,6,B_830305_26_LF_CLASS::台地・段丘,多摩川 / basin 26 / 台地・段丘,2,2126,9.407337723424271e-4
watersystem_x_unit_basin_x_landform,He,6,B_830305_27_LF_CLASS::凹地・浅い谷,多摩川 / basin 27 / 凹地・浅い谷,2,2126,9.407337723424271e-4
watersystem_x_unit_basin_x_landform,He,6,B_830305_31_LF_CLASS::台地・段丘,多摩川 / basin 31 / 台地・段丘,2,2126,9.407337723424271e-4
watersystem_x_unit_basin_x_landform,He,6,B_830305_40_LF_CLASS::凹地・浅い谷,多摩川 / basin 40 / 凹地・浅い谷,2,2126,9.407337723424271e-4
watersystem_x_unit_basin_x_landform,He,6,B_830305_41_LF_CLASS::山地斜面等,多摩川 / basin 41 / 山地斜面等,2,2126,9.407337723424271e-4
watersystem_x_unit_basin_x_landform,He,6,B_830305_43_LF_CLASS::山地斜面等,多摩川 / basin 43 / 山地斜面等,2,2126,9.407337723424271e-4
watersystem_x_unit_basin_x_landform,He,6,B_830305_44_LF_CLASS::山地斜面等,多摩川 / basin 44 / 山地斜面等,2,2126,9.407337723424271e-4
watersystem_x_unit_basin_x_landform,He,6,B_830305_46_LF_CLASS::山地斜面等,多摩川 / basin 46 / 山地斜面等,2,2126,9.407337723424271e-4
watersystem_x_unit_basin_x_landform,He,6,B_830305_48_LF_CLASS::氾濫平野・海岸平野,多摩川 / basin 48 / 氾濫平野・海岸平野,2,2126,9.407337723424271e-4
watersystem_x_unit_basin_x_landform,He,6,B_830305_51_LF_CLASS::台地・段丘,多摩川 / basin 51 / 台地・段丘,2,2126,9.407337723424271e-4
watersystem_x_unit_basin_x_landform,He,6,B_830305_52_LF_CLASS::台地・段丘,多摩川 / basin 52 / 台地・段丘,2,2126,9.407337723424271e-4
watersystem_x_unit_basin_x_landform,He,6,B_830305_72_LF_CLASS::山地斜面等,多摩川 / basin 72 / 山地斜面等,2,2126,9.407337723424271e-4
watersystem_x_unit_basin_x_landform,He,6,B_830306_16_LF_CLASS::山麓堆積地形,鶴見川 / basin 16 / 山麓堆積地形,2,2126,9.407337723424271e-4
watersystem_x_unit_basin_x_landform,He,6,B_830306_16_LF_CLASS::崖・段丘崖,鶴見川 / basin 16 / 崖・段丘崖,2,2126,9.407337723424271e-4
watersystem_x_unit_basin_x_landform,He,6,B_830306_16_LF_CLASS::水部,鶴見川 / basin 16 / 水部,2,2126,9.407337723424271e-4
watersystem_x_unit_basin_x_landform,He,6,B_830306_20_LF_CLASS::水部,鶴見川 / basin 20 / 水部,2,2126,9.407337723424271e-4
watersystem_x_unit_basin_x_landform,He,6,B_unknown_0_LF_CLASS::崖・段丘崖,古川・目黒川・立会川・呑川 / basin 0 / 崖・段丘崖,2,2126,9.407337723424271e-4
watersystem_x_unit_basin_x_landform,He,6,B_120000_6_LF_CLASS::台地・段丘,名称不明 / basin 6 / 台地・段丘,1,2126,4.7036688617121356e-4
watersystem_x_unit_basin_x_landform,He,6,B_130000_2_LF_CLASS::山地斜面等,名称不明 / basin 2 / 山地斜面等,1,2126,4.7036688617121356e-4
watersystem_x_unit_basin_x_landform,He,6,B_130000_5_LF_CLASS::山地斜面等,名称不明 / basin 5 / 山地斜面等,1,2126,4.7036688617121356e-4
watersystem_x_unit_basin_x_landform,He,6,B_130000_5_LF_CLASS::崖・段丘崖,名称不明 / basin 5 / 崖・段丘崖,1,2126,4.7036688617121356e-4
watersystem_x_unit_basin_x_landform,He,6,B_130000_5_LF_CLASS::水部,名称不明 / basin 5 / 水部,1,2126,4.7036688617121356e-4
watersystem_x_unit_basin_x_landform,He,6,B_130000_5_LF_CLASS::氾濫平野・海岸平野,名称不明 / basin 5 / 氾濫平野・海岸平野,1,2126,4.7036688617121356e-4
watersystem_x_unit_basin_x_landform,He,6,B_130000_6_LF_CLASS::台地・段丘,名称不明 / basin 6 / 台地・段丘,1,2126,4.7036688617121356e-4
watersystem_x_unit_basin_x_landform,He,6,B_130000_6_LF_CLASS::山地斜面等,名称不明 / basin 6 / 山地斜面等,1,2126,4.7036688617121356e-4
watersystem_x_unit_basin_x_landform,He,6,B_130000_6_LF_CLASS::氾濫平野・海岸平野,名称不明 / basin 6 / 氾濫平野・海岸平野,1,2126,4.7036688617121356e-4
watersystem_x_unit_basin_x_landform,He,6,B_140013_17_LF_CLASS::山麓堆積地形,境川 / basin 17 / 山麓堆積地形,1,2126,4.7036688617121356e-4
watersystem_x_unit_basin_x_landform,He,6,B_140013_19_LF_CLASS::台地・段丘,境川 / basin 19 / 台地・段丘,1,2126,4.7036688617121356e-4
watersystem_x_unit_basin_x_landform,He,6,B_830303_345_LF_CLASS::自然堤防,利根川 / basin 345 / 自然堤防,1,2126,4.7036688617121356e-4
watersystem_x_unit_basin_x_landform,He,6,B_830303_389_LF_CLASS::自然堤防,利根川 / basin 389 / 自然堤防,1,2126,4.7036688617121356e-4
watersystem_x_unit_basin_x_landform,He,6,B_830303_393_LF_CLASS::氾濫平野・海岸平野,利根川 / basin 393 / 氾濫平野・海岸平野,1,2126,4.7036688617121356e-4
watersystem_x_unit_basin_x_landform,He,6,B_830303_393_LF_CLASS::自然堤防,利根川 / basin 393 / 自然堤防,1,2126,4.7036688617121356e-4
watersystem_x_unit_basin_x_landform,He,6,B_830303_478_LF_CLASS::氾濫平野・海岸平野,利根川 / basin 478 / 氾濫平野・海岸平野,1,2126,4.7036688617121356e-4
watersystem_x_unit_basin_x_landform,He,6,B_830303_517_LF_CLASS::氾濫平野・海岸平野,利根川 / basin 517 / 氾濫平野・海岸平野,1,2126,4.7036688617121356e-4
watersystem_x_unit_basin_x_landform,He,6,B_830303_517_LF_CLASS::自然堤防,利根川 / basin 517 / 自然堤防,1,2126,4.7036688617121356e-4
watersystem_x_unit_basin_x_landform,He,6,B_830304_15_LF_CLASS::氾濫平野・海岸平野,荒川 / basin 15 / 氾濫平野・海岸平野,1,2126,4.7036688617121356e-4
watersystem_x_unit_basin_x_landform,He,6,B_830304_15_LF_CLASS::砂州・砂丘,荒川 / basin 15 / 砂州・砂丘,1,2126,4.7036688617121356e-4
watersystem_x_unit_basin_x_landform,He,6,B_830304_15_LF_CLASS::自然堤防,荒川 / basin 15 / 自然堤防,1,2126,4.7036688617121356e-4
watersystem_x_unit_basin_x_landform,He,6,B_830304_16_LF_CLASS::凹地・浅い谷,荒川 / basin 16 / 凹地・浅い谷,1,2126,4.7036688617121356e-4
watersystem_x_unit_basin_x_landform,He,6,B_830304_26_LF_CLASS::山地斜面等,荒川 / basin 26 / 山地斜面等,1,2126,4.7036688617121356e-4
watersystem_x_unit_basin_x_landform,He,6,B_830304_26_LF_CLASS::氾濫平野・海岸平野,荒川 / basin 26 / 氾濫平野・海岸平野,1,2126,4.7036688617121356e-4
watersystem_x_unit_basin_x_landform,He,6,B_830304_27_LF_CLASS::砂州・砂丘,荒川 / basin 27 / 砂州・砂丘,1,2126,4.7036688617121356e-4
watersystem_x_unit_basin_x_landform,He,6,B_830304_27_LF_CLASS::自然堤防,荒川 / basin 27 / 自然堤防,1,2126,4.7036688617121356e-4
watersystem_x_unit_basin_x_landform,He,6,B_830304_36_LF_CLASS::氾濫平野・海岸平野,荒川 / basin 36 / 氾濫平野・海岸平野,1,2126,4.7036688617121356e-4
watersystem_x_unit_basin_x_landform,He,6,B_830304_37_LF_CLASS::山地斜面等,荒川 / basin 37 / 山地斜面等,1,2126,4.7036688617121356e-4
watersystem_x_unit_basin_x_landform,He,6,B_830304_37_LF_CLASS::氾濫平野・海岸平野,荒川 / basin 37 / 氾濫平野・海岸平野,1,2126,4.7036688617121356e-4
watersystem_x_unit_basin_x_landform,He,6,B_830304_38_LF_CLASS::山地斜面等,荒川 / basin 38 / 山地斜面等,1,2126,4.7036688617121356e-4
watersystem_x_unit_basin_x_landform,He,6,B_830304_38_LF_CLASS::後背低地・湿地,荒川 / basin 38 / 後背低地・湿地,1,2126,4.7036688617121356e-4
watersystem_x_unit_basin_x_landform,He,6,B_830304_38_LF_CLASS::氾濫平野・海岸平野,荒川 / basin 38 / 氾濫平野・海岸平野,1,2126,4.7036688617121356e-4
watersystem_x_unit_basin_x_landform,He,6,B_830304_39_LF_CLASS::山地斜面等,荒川 / basin 39 / 山地斜面等,1,2126,4.7036688617121356e-4
watersystem_x_unit_basin_x_landform,He,6,B_830304_39_LF_CLASS::水部,荒川 / basin 39 / 水部,1,2126,4.7036688617121356e-4
watersystem_x_unit_basin_x_landform,He,6,B_830304_40_LF_CLASS::台地・段丘,荒川 / basin 40 / 台地・段丘,1,2126,4.7036688617121356e-4
watersystem_x_unit_basin_x_landform,He,6,B_830304_44_LF_CLASS::氾濫平野・海岸平野,荒川 / basin 44 / 氾濫平野・海岸平野,1,2126,4.7036688617121356e-4
watersystem_x_unit_basin_x_landform,He,6,B_830304_52_LF_CLASS::後背低地・湿地,荒川 / basin 52 / 後背低地・湿地,1,2126,4.7036688617121356e-4
watersystem_x_unit_basin_x_landform,He,6,B_830304_52_LF_CLASS::氾濫平野・海岸平野,荒川 / basin 52 / 氾濫平野・海岸平野,1,2126,4.7036688617121356e-4
watersystem_x_unit_basin_x_landform,He,6,B_830304_55_LF_CLASS::氾濫平野・海岸平野,荒川 / basin 55 / 氾濫平野・海岸平野,1,2126,4.7036688617121356e-4
watersystem_x_unit_basin_x_landform,He,6,B_830304_57_LF_CLASS::台地・段丘,荒川 / basin 57 / 台地・段丘,1,2126,4.7036688617121356e-4
watersystem_x_unit_basin_x_landform,He,6,B_830304_67_LF_CLASS::山地斜面等,荒川 / basin 67 / 山地斜面等,1,2126,4.7036688617121356e-4
watersystem_x_unit_basin_x_landform,He,6,B_830304_68_LF_CLASS::氾濫平野・海岸平野,荒川 / basin 68 / 氾濫平野・海岸平野,1,2126,4.7036688617121356e-4
watersystem_x_unit_basin_x_landform,He,6,B_830304_69_LF_CLASS::台地・段丘,荒川 / basin 69 / 台地・段丘,1,2126,4.7036688617121356e-4
watersystem_x_unit_basin_x_landform,He,6,B_830304_80_LF_CLASS::山地斜面等,荒川 / basin 80 / 山地斜面等,1,2126,4.7036688617121356e-4
watersystem_x_unit_basin_x_landform,He,6,B_830304_83_LF_CLASS::崖・段丘崖,荒川 / basin 83 / 崖・段丘崖,1,2126,4.7036688617121356e-4
watersystem_x_unit_basin_x_landform,He,6,B_830304_86_LF_CLASS::山麓堆積地形,荒川 / basin 86 / 山麓堆積地形,1,2126,4.7036688617121356e-4
watersystem_x_unit_basin_x_landform,He,6,B_830304_88_LF_CLASS::台地・段丘,荒川 / basin 88 / 台地・段丘,1,2126,4.7036688617121356e-4
watersystem_x_unit_basin_x_landform,He,6,B_830304_88_LF_CLASS::山麓堆積地形,荒川 / basin 88 / 山麓堆積地形,1,2126,4.7036688617121356e-4
watersystem_x_unit_basin_x_landform,He,6,B_830305_12_LF_CLASS::旧河道,多摩川 / basin 12 / 旧河道,1,2126,4.7036688617121356e-4
watersystem_x_unit_basin_x_landform,He,6,B_830305_12_LF_CLASS::自然堤防,多摩川 / basin 12 / 自然堤防,1,2126,4.7036688617121356e-4
watersystem_x_unit_basin_x_landform,He,6,B_830305_14_LF_CLASS::凹地・浅い谷,多摩川 / basin 14 / 凹地・浅い谷,1,2126,4.7036688617121356e-4
watersystem_x_unit_basin_x_landform,He,6,B_830305_14_LF_CLASS::山地斜面等,多摩川 / basin 14 / 山地斜面等,1,2126,4.7036688617121356e-4
watersystem_x_unit_basin_x_landform,He,6,B_830305_16_LF_CLASS::台地・段丘,多摩川 / basin 16 / 台地・段丘,1,2126,4.7036688617121356e-4
watersystem_x_unit_basin_x_landform,He,6,B_830305_17_LF_CLASS::山麓堆積地形,多摩川 / basin 17 / 山麓堆積地形,1,2126,4.7036688617121356e-4
watersystem_x_unit_basin_x_landform,He,6,B_830305_18_LF_CLASS::水部,多摩川 / basin 18 / 水部,1,2126,4.7036688617121356e-4
watersystem_x_unit_basin_x_landform,He,6,B_830305_1_LF_CLASS::自然堤防,多摩川 / basin 1 / 自然堤防,1,2126,4.7036688617121356e-4
watersystem_x_unit_basin_x_landform,He,6,B_830305_21_LF_CLASS::台地・段丘,多摩川 / basin 21 / 台地・段丘,1,2126,4.7036688617121356e-4
watersystem_x_unit_basin_x_landform,He,6,B_830305_21_LF_CLASS::氾濫平野・海岸平野,多摩川 / basin 21 / 氾濫平野・海岸平野,1,2126,4.7036688617121356e-4
watersystem_x_unit_basin_x_landform,He,6,B_830305_22_LF_CLASS::旧河道,多摩川 / basin 22 / 旧河道,1,2126,4.7036688617121356e-4
watersystem_x_unit_basin_x_landform,He,6,B_830305_23_LF_CLASS::崖・段丘崖,多摩川 / basin 23 / 崖・段丘崖,1,2126,4.7036688617121356e-4
watersystem_x_unit_basin_x_landform,He,6,B_830305_23_LF_CLASS::旧河道,多摩川 / basin 23 / 旧河道,1,2126,4.7036688617121356e-4
watersystem_x_unit_basin_x_landform,He,6,B_830305_24_LF_CLASS::台地・段丘,多摩川 / basin 24 / 台地・段丘,1,2126,4.7036688617121356e-4
watersystem_x_unit_basin_x_landform,He,6,B_830305_24_LF_CLASS::山地斜面等,多摩川 / basin 24 / 山地斜面等,1,2126,4.7036688617121356e-4
watersystem_x_unit_basin_x_landform,He,6,B_830305_25_LF_CLASS::凹地・浅い谷,多摩川 / basin 25 / 凹地・浅い谷,1,2126,4.7036688617121356e-4
watersystem_x_unit_basin_x_landform,He,6,B_830305_25_LF_CLASS::氾濫平野・海岸平野,多摩川 / basin 25 / 氾濫平野・海岸平野,1,2126,4.7036688617121356e-4
watersystem_x_unit_basin_x_landform,He,6,B_830305_26_LF_CLASS::氾濫平野・海岸平野,多摩川 / basin 26 / 氾濫平野・海岸平野,1,2126,4.7036688617121356e-4
watersystem_x_unit_basin_x_landform,He,6,B_830305_27_LF_CLASS::崖・段丘崖,多摩川 / basin 27 / 崖・段丘崖,1,2126,4.7036688617121356e-4
watersystem_x_unit_basin_x_landform,He,6,B_830305_27_LF_CLASS::扇状地,多摩川 / basin 27 / 扇状地,1,2126,4.7036688617121356e-4
watersystem_x_unit_basin_x_landform,He,6,B_830305_29_LF_CLASS::台地・段丘,多摩川 / basin 29 / 台地・段丘,1,2126,4.7036688617121356e-4
watersystem_x_unit_basin_x_landform,He,6,B_830305_30_LF_CLASS::凹地・浅い谷,多摩川 / basin 30 / 凹地・浅い谷,1,2126,4.7036688617121356e-4
watersystem_x_unit_basin_x_landform,He,6,B_830305_32_LF_CLASS::台地・段丘,多摩川 / basin 32 / 台地・段丘,1,2126,4.7036688617121356e-4
watersystem_x_unit_basin_x_landform,He,6,B_830305_33_LF_CLASS::凹地・浅い谷,多摩川 / basin 33 / 凹地・浅い谷,1,2126,4.7036688617121356e-4
watersystem_x_unit_basin_x_landform,He,6,B_830305_34_LF_CLASS::凹地・浅い谷,多摩川 / basin 34 / 凹地・浅い谷,1,2126,4.7036688617121356e-4
watersystem_x_unit_basin_x_landform,He,6,B_830305_34_LF_CLASS::山地斜面等,多摩川 / basin 34 / 山地斜面等,1,2126,4.7036688617121356e-4
watersystem_x_unit_basin_x_landform,He,6,B_830305_35_LF_CLASS::扇状地,多摩川 / basin 35 / 扇状地,1,2126,4.7036688617121356e-4
watersystem_x_unit_basin_x_landform,He,6,B_830305_38_LF_CLASS::山地斜面等,多摩川 / basin 38 / 山地斜面等,1,2126,4.7036688617121356e-4
watersystem_x_unit_basin_x_landform,He,6,B_830305_39_LF_CLASS::台地・段丘,多摩川 / basin 39 / 台地・段丘,1,2126,4.7036688617121356e-4
watersystem_x_unit_basin_x_landform,He,6,B_830305_40_LF_CLASS::山麓堆積地形,多摩川 / basin 40 / 山麓堆積地形,1,2126,4.7036688617121356e-4
watersystem_x_unit_basin_x_landform,He,6,B_830305_40_LF_CLASS::崖・段丘崖,多摩川 / basin 40 / 崖・段丘崖,1,2126,4.7036688617121356e-4
watersystem_x_unit_basin_x_landform,He,6,B_830305_41_LF_CLASS::氾濫平野・海岸平野,多摩川 / basin 41 / 氾濫平野・海岸平野,1,2126,4.7036688617121356e-4
watersystem_x_unit_basin_x_landform,He,6,B_830305_42_LF_CLASS::崖・段丘崖,多摩川 / basin 42 / 崖・段丘崖,1,2126,4.7036688617121356e-4
watersystem_x_unit_basin_x_landform,He,6,B_830305_43_LF_CLASS::凹地・浅い谷,多摩川 / basin 43 / 凹地・浅い谷,1,2126,4.7036688617121356e-4
watersystem_x_unit_basin_x_landform,He,6,B_830305_44_LF_CLASS::台地・段丘,多摩川 / basin 44 / 台地・段丘,1,2126,4.7036688617121356e-4
watersystem_x_unit_basin_x_landform,He,6,B_830305_44_LF_CLASS::氾濫平野・海岸平野,多摩川 / basin 44 / 氾濫平野・海岸平野,1,2126,4.7036688617121356e-4
watersystem_x_unit_basin_x_landform,He,6,B_830305_46_LF_CLASS::氾濫平野・海岸平野,多摩川 / basin 46 / 氾濫平野・海岸平野,1,2126,4.7036688617121356e-4
watersystem_x_unit_basin_x_landform,He,6,B_830305_47_LF_CLASS::台地・段丘,多摩川 / basin 47 / 台地・段丘,1,2126,4.7036688617121356e-4
watersystem_x_unit_basin_x_landform,He,6,B_830305_49_LF_CLASS::山地斜面等,多摩川 / basin 49 / 山地斜面等,1,2126,4.7036688617121356e-4
watersystem_x_unit_basin_x_landform,He,6,B_830305_55_LF_CLASS::台地・段丘,多摩川 / basin 55 / 台地・段丘,1,2126,4.7036688617121356e-4
watersystem_x_unit_basin_x_landform,He,6,B_830305_57_LF_CLASS::台地・段丘,多摩川 / basin 57 / 台地・段丘,1,2126,4.7036688617121356e-4
watersystem_x_unit_basin_x_landform,He,6,B_830305_58_LF_CLASS::氾濫平野・海岸平野,多摩川 / basin 58 / 氾濫平野・海岸平野,1,2126,4.7036688617121356e-4
watersystem_x_unit_basin_x_landform,He,6,B_830305_59_LF_CLASS::凹地・浅い谷,多摩川 / basin 59 / 凹地・浅い谷,1,2126,4.7036688617121356e-4
watersystem_x_unit_basin_x_landform,He,6,B_830305_74_LF_CLASS::台地・段丘,多摩川 / basin 74 / 台地・段丘,1,2126,4.7036688617121356e-4
watersystem_x_unit_basin_x_landform,He,6,B_830305_75_LF_CLASS::山麓堆積地形,多摩川 / basin 75 / 山麓堆積地形,1,2126,4.7036688617121356e-4
watersystem_x_unit_basin_x_landform,He,6,B_830305_76_LF_CLASS::山地斜面等,多摩川 / basin 76 / 山地斜面等,1,2126,4.7036688617121356e-4
watersystem_x_unit_basin_x_landform,He,6,B_830305_8_LF_CLASS::凹地・浅い谷,多摩川 / basin 8 / 凹地・浅い谷,1,2126,4.7036688617121356e-4
watersystem_x_unit_basin_x_landform,He,6,B_830305_8_LF_CLASS::氾濫平野・海岸平野,多摩川 / basin 8 / 氾濫平野・海岸平野,1,2126,4.7036688617121356e-4
watersystem_x_unit_basin_x_landform,He,6,B_830305_9_LF_CLASS::氾濫平野・海岸平野,多摩川 / basin 9 / 氾濫平野・海岸平野,1,2126,4.7036688617121356e-4
watersystem_x_unit_basin_x_landform,He,6,B_830306_16_LF_CLASS::凹地・浅い谷,鶴見川 / basin 16 / 凹地・浅い谷,1,2126,4.7036688617121356e-4
watersystem_x_unit_basin_x_landform,He,6,B_830306_19_LF_CLASS::氾濫平野・海岸平野,鶴見川 / basin 19 / 氾濫平野・海岸平野,1,2126,4.7036688617121356e-4
watersystem_x_unit_basin_x_landform,He,6,B_830306_20_LF_CLASS::崖・段丘崖,鶴見川 / basin 20 / 崖・段丘崖,1,2126,4.7036688617121356e-4
watersystem_x_unit_basin_x_landform,He,6,B_unknown_0_LF_CLASS::凹地・浅い谷,古川・目黒川・立会川・呑川 / basin 0 / 凹地・浅い谷,1,2126,4.7036688617121356e-4
watersystem_x_unit_basin_x_landform,He,6,B_unknown_0_LF_CLASS::後背低地・湿地,古川・目黒川・立会川・呑川 / basin 0 / 後背低地・湿地,1,2126,4.7036688617121356e-4
watersystem_x_unit_basin_x_landform,Me,7,B_830306_20_LF_CLASS::山地斜面等,鶴見川 / basin 20 / 山地斜面等,43,995,0.04321608040201005
watersystem_x_unit_basin_x_landform,Me,7,B_unknown_0_LF_CLASS::台地・段丘,古川・目黒川・立会川・呑川 / basin 0 / 台地・段丘,43,995,0.04321608040201005
watersystem_x_unit_basin_x_landform,Me,7,B_830305_22_LF_CLASS::山地斜面等,多摩川 / basin 22 / 山地斜面等,41,995,0.04120603015075377
watersystem_x_unit_basin_x_landform,Me,7,B_830305_28_LF_CLASS::山地斜面等,多摩川 / basin 28 / 山地斜面等,41,995,0.04120603015075377
watersystem_x_unit_basin_x_landform,Me,7,B_830305_30_LF_CLASS::山地斜面等,多摩川 / basin 30 / 山地斜面等,36,995,0.036180904522613064
watersystem_x_unit_basin_x_landform,Me,7,B_830305_23_LF_CLASS::山地斜面等,多摩川 / basin 23 / 山地斜面等,29,995,0.02914572864321608
watersystem_x_unit_basin_x_landform,Me,7,B_140013_17_LF_CLASS::山地斜面等,境川 / basin 17 / 山地斜面等,27,995,0.027135678391959798
watersystem_x_unit_basin_x_landform,Me,7,B_830305_17_LF_CLASS::山地斜面等,多摩川 / basin 17 / 山地斜面等,25,995,0.02512562814070352
watersystem_x_unit_basin_x_landform,Me,7,B_830305_23_LF_CLASS::氾濫平野・海岸平野,多摩川 / basin 23 / 氾濫平野・海岸平野,16,995,0.016080402010050253
watersystem_x_unit_basin_x_landform,Me,7,B_830304_68_LF_CLASS::台地・段丘,荒川 / basin 68 / 台地・段丘,15,995,0.01507537688442211
watersystem_x_unit_basin_x_landform,Me,7,B_830305_18_LF_CLASS::台地・段丘,多摩川 / basin 18 / 台地・段丘,15,995,0.01507537688442211
watersystem_x_unit_basin_x_landform,Me,7,B_830304_86_LF_CLASS::山地斜面等,荒川 / basin 86 / 山地斜面等,14,995,0.01407035175879397
watersystem_x_unit_basin_x_landform,Me,7,B_830306_21_LF_CLASS::山地斜面等,鶴見川 / basin 21 / 山地斜面等,14,995,0.01407035175879397
watersystem_x_unit_basin_x_landform,Me,7,B_830305_35_LF_CLASS::台地・段丘,多摩川 / basin 35 / 台地・段丘,12,995,0.012060301507537688
watersystem_x_unit_basin_x_landform,Me,7,B_830304_86_LF_CLASS::台地・段丘,荒川 / basin 86 / 台地・段丘,11,995,0.011055276381909548
watersystem_x_unit_basin_x_landform,Me,7,B_830305_12_LF_CLASS::台地・段丘,多摩川 / basin 12 / 台地・段丘,11,995,0.011055276381909548
watersystem_x_unit_basin_x_landform,Me,7,B_830305_14_LF_CLASS::台地・段丘,多摩川 / basin 14 / 台地・段丘,11,995,0.011055276381909548
watersystem_x_unit_basin_x_landform,Me,7,B_830305_43_LF_CLASS::台地・段丘,多摩川 / basin 43 / 台地・段丘,11,995,0.011055276381909548
watersystem_x_unit_basin_x_landform,Me,7,B_830305_8_LF_CLASS::台地・段丘,多摩川 / basin 8 / 台地・段丘,11,995,0.011055276381909548
watersystem_x_unit_basin_x_landform,Me,7,B_unknown_0_LF_CLASS::山地斜面等,古川・目黒川・立会川・呑川 / basin 0 / 山地斜面等,11,995,0.011055276381909548
watersystem_x_unit_basin_x_landform,Me,7,B_830304_52_LF_CLASS::台地・段丘,荒川 / basin 52 / 台地・段丘,10,995,0.010050251256281407
watersystem_x_unit_basin_x_landform,Me,7,B_830305_22_LF_CLASS::山麓堆積地形,多摩川 / basin 22 / 山麓堆積地形,10,995,0.010050251256281407
watersystem_x_unit_basin_x_landform,Me,7,B_830305_23_LF_CLASS::台地・段丘,多摩川 / basin 23 / 台地・段丘,10,995,0.010050251256281407
watersystem_x_unit_basin_x_landform,Me,7,B_unknown_0_LF_CLASS::氾濫平野・海岸平野,古川・目黒川・立会川・呑川 / basin 0 / 氾濫平野・海岸平野,10,995,0.010050251256281407
watersystem_x_unit_basin_x_landform,Me,7,B_130000_5_LF_CLASS::台地・段丘,名称不明 / basin 5 / 台地・段丘,9,995,0.009045226130653266
watersystem_x_unit_basin_x_landform,Me,7,B_830304_120_LF_CLASS::山地斜面等,荒川 / basin 120 / 山地斜面等,9,995,0.009045226130653266
watersystem_x_unit_basin_x_landform,Me,7,B_830304_83_LF_CLASS::台地・段丘,荒川 / basin 83 / 台地・段丘,9,995,0.009045226130653266
watersystem_x_unit_basin_x_landform,Me,7,B_830305_19_LF_CLASS::台地・段丘,多摩川 / basin 19 / 台地・段丘,9,995,0.009045226130653266
watersystem_x_unit_basin_x_landform,Me,7,B_830305_40_LF_CLASS::山地斜面等,多摩川 / basin 40 / 山地斜面等,9,995,0.009045226130653266
watersystem_x_unit_basin_x_landform,Me,7,B_140013_17_LF_CLASS::台地・段丘,境川 / basin 17 / 台地・段丘,8,995,0.008040201005025126
watersystem_x_unit_basin_x_landform,Me,7,B_830304_56_LF_CLASS::台地・段丘,荒川 / basin 56 / 台地・段丘,8,995,0.008040201005025126
watersystem_x_unit_basin_x_landform,Me,7,B_830305_10_LF_CLASS::台地・段丘,多摩川 / basin 10 / 台地・段丘,8,995,0.008040201005025126
watersystem_x_unit_basin_x_landform,Me,7,B_830305_20_LF_CLASS::台地・段丘,多摩川 / basin 20 / 台地・段丘,8,995,0.008040201005025126
watersystem_x_unit_basin_x_landform,Me,7,B_830305_22_LF_CLASS::台地・段丘,多摩川 / basin 22 / 台地・段丘,8,995,0.008040201005025126
watersystem_x_unit_basin_x_landform,Me,7,B_830305_22_LF_CLASS::氾濫平野・海岸平野,多摩川 / basin 22 / 氾濫平野・海岸平野,8,995,0.008040201005025126
watersystem_x_unit_basin_x_landform,Me,7,B_830305_35_LF_CLASS::山地斜面等,多摩川 / basin 35 / 山地斜面等,8,995,0.008040201005025126
watersystem_x_unit_basin_x_landform,Me,7,B_830304_120_LF_CLASS::台地・段丘,荒川 / basin 120 / 台地・段丘,7,995,0.007035175879396985
watersystem_x_unit_basin_x_landform,Me,7,B_830305_17_LF_CLASS::台地・段丘,多摩川 / basin 17 / 台地・段丘,7,995,0.007035175879396985
watersystem_x_unit_basin_x_landform,Me,7,B_830305_28_LF_CLASS::氾濫平野・海岸平野,多摩川 / basin 28 / 氾濫平野・海岸平野,7,995,0.007035175879396985
watersystem_x_unit_basin_x_landform,Me,7,B_830305_30_LF_CLASS::台地・段丘,多摩川 / basin 30 / 台地・段丘,7,995,0.007035175879396985
watersystem_x_unit_basin_x_landform,Me,7,B_830305_36_LF_CLASS::山地斜面等,多摩川 / basin 36 / 山地斜面等,7,995,0.007035175879396985
watersystem_x_unit_basin_x_landform,Me,7,B_830304_25_LF_CLASS::氾濫平野・海岸平野,荒川 / basin 25 / 氾濫平野・海岸平野,6,995,0.006030150753768844
watersystem_x_unit_basin_x_landform,Me,7,B_830304_25_LF_CLASS::砂州・砂丘,荒川 / basin 25 / 砂州・砂丘,6,995,0.006030150753768844
watersystem_x_unit_basin_x_landform,Me,7,B_830304_47_LF_CLASS::台地・段丘,荒川 / basin 47 / 台地・段丘,6,995,0.006030150753768844
watersystem_x_unit_basin_x_landform,Me,7,B_830305_27_LF_CLASS::台地・段丘,多摩川 / basin 27 / 台地・段丘,6,995,0.006030150753768844
watersystem_x_unit_basin_x_landform,Me,7,B_830305_30_LF_CLASS::氾濫平野・海岸平野,多摩川 / basin 30 / 氾濫平野・海岸平野,6,995,0.006030150753768844
watersystem_x_unit_basin_x_landform,Me,7,B_830305_40_LF_CLASS::台地・段丘,多摩川 / basin 40 / 台地・段丘,6,995,0.006030150753768844
watersystem_x_unit_basin_x_landform,Me,7,B_830306_20_LF_CLASS::台地・段丘,鶴見川 / basin 20 / 台地・段丘,6,995,0.006030150753768844
watersystem_x_unit_basin_x_landform,Me,7,B_130000_4_LF_CLASS::台地・段丘,名称不明 / basin 4 / 台地・段丘,5,995,0.005025125628140704
watersystem_x_unit_basin_x_landform,Me,7,B_140013_17_LF_CLASS::氾濫平野・海岸平野,境川 / basin 17 / 氾濫平野・海岸平野,5,995,0.005025125628140704
watersystem_x_unit_basin_x_landform,Me,7,B_830303_347_LF_CLASS::自然堤防,利根川 / basin 347 / 自然堤防,5,995,0.005025125628140704
watersystem_x_unit_basin_x_landform,Me,7,B_830304_26_LF_CLASS::台地・段丘,荒川 / basin 26 / 台地・段丘,5,995,0.005025125628140704
watersystem_x_unit_basin_x_landform,Me,7,B_830304_37_LF_CLASS::台地・段丘,荒川 / basin 37 / 台地・段丘,5,995,0.005025125628140704
watersystem_x_unit_basin_x_landform,Me,7,B_830304_70_LF_CLASS::台地・段丘,荒川 / basin 70 / 台地・段丘,5,995,0.005025125628140704
watersystem_x_unit_basin_x_landform,Me,7,B_830305_13_LF_CLASS::台地・段丘,多摩川 / basin 13 / 台地・段丘,5,995,0.005025125628140704
watersystem_x_unit_basin_x_landform,Me,7,B_830305_18_LF_CLASS::氾濫平野・海岸平野,多摩川 / basin 18 / 氾濫平野・海岸平野,5,995,0.005025125628140704
watersystem_x_unit_basin_x_landform,Me,7,B_830305_28_LF_CLASS::山麓堆積地形,多摩川 / basin 28 / 山麓堆積地形,5,995,0.005025125628140704
watersystem_x_unit_basin_x_landform,Me,7,B_830305_30_LF_CLASS::山麓堆積地形,多摩川 / basin 30 / 山麓堆積地形,5,995,0.005025125628140704
watersystem_x_unit_basin_x_landform,Me,7,B_830305_48_LF_CLASS::山地斜面等,多摩川 / basin 48 / 山地斜面等,5,995,0.005025125628140704
watersystem_x_unit_basin_x_landform,Me,7,B_830306_16_LF_CLASS::台地・段丘,鶴見川 / basin 16 / 台地・段丘,5,995,0.005025125628140704
watersystem_x_unit_basin_x_landform,Me,7,B_830306_16_LF_CLASS::山地斜面等,鶴見川 / basin 16 / 山地斜面等,5,995,0.005025125628140704
watersystem_x_unit_basin_x_landform,Me,7,B_830306_20_LF_CLASS::山麓堆積地形,鶴見川 / basin 20 / 山麓堆積地形,5,995,0.005025125628140704
watersystem_x_unit_basin_x_landform,Me,7,B_unknown_0_LF_CLASS::砂州・砂丘,古川・目黒川・立会川・呑川 / basin 0 / 砂州・砂丘,5,995,0.005025125628140704
watersystem_x_unit_basin_x_landform,Me,7,B_830304_27_LF_CLASS::台地・段丘,荒川 / basin 27 / 台地・段丘,4,995,0.004020100502512563
watersystem_x_unit_basin_x_landform,Me,7,B_830304_52_LF_CLASS::山地斜面等,荒川 / basin 52 / 山地斜面等,4,995,0.004020100502512563
watersystem_x_unit_basin_x_landform,Me,7,B_830304_61_LF_CLASS::山地斜面等,荒川 / basin 61 / 山地斜面等,4,995,0.004020100502512563
watersystem_x_unit_basin_x_landform,Me,7,B_830304_86_LF_CLASS::氾濫平野・海岸平野,荒川 / basin 86 / 氾濫平野・海岸平野,4,995,0.004020100502512563
watersystem_x_unit_basin_x_landform,Me,7,B_830305_2_LF_CLASS::氾濫平野・海岸平野,多摩川 / basin 2 / 氾濫平野・海岸平野,4,995,0.004020100502512563
watersystem_x_unit_basin_x_landform,Me,7,B_830305_36_LF_CLASS::台地・段丘,多摩川 / basin 36 / 台地・段丘,4,995,0.004020100502512563
watersystem_x_unit_basin_x_landform,Me,7,B_830305_43_LF_CLASS::山地斜面等,多摩川 / basin 43 / 山地斜面等,4,995,0.004020100502512563
watersystem_x_unit_basin_x_landform,Me,7,B_830306_20_LF_CLASS::氾濫平野・海岸平野,鶴見川 / basin 20 / 氾濫平野・海岸平野,4,995,0.004020100502512563
watersystem_x_unit_basin_x_landform,Me,7,B_830306_21_LF_CLASS::氾濫平野・海岸平野,鶴見川 / basin 21 / 氾濫平野・海岸平野,4,995,0.004020100502512563
watersystem_x_unit_basin_x_landform,Me,7,B_830303_427_LF_CLASS::氾濫平野・海岸平野,利根川 / basin 427 / 氾濫平野・海岸平野,3,995,0.003015075376884422
watersystem_x_unit_basin_x_landform,Me,7,B_830303_517_LF_CLASS::自然堤防,利根川 / basin 517 / 自然堤防,3,995,0.003015075376884422
watersystem_x_unit_basin_x_landform,Me,7,B_830304_38_LF_CLASS::砂州・砂丘,荒川 / basin 38 / 砂州・砂丘,3,995,0.003015075376884422
watersystem_x_unit_basin_x_landform,Me,7,B_830304_55_LF_CLASS::台地・段丘,荒川 / basin 55 / 台地・段丘,3,995,0.003015075376884422
watersystem_x_unit_basin_x_landform,Me,7,B_830304_57_LF_CLASS::台地・段丘,荒川 / basin 57 / 台地・段丘,3,995,0.003015075376884422
watersystem_x_unit_basin_x_landform,Me,7,B_830304_61_LF_CLASS::台地・段丘,荒川 / basin 61 / 台地・段丘,3,995,0.003015075376884422
watersystem_x_unit_basin_x_landform,Me,7,B_830305_17_LF_CLASS::氾濫平野・海岸平野,多摩川 / basin 17 / 氾濫平野・海岸平野,3,995,0.003015075376884422
watersystem_x_unit_basin_x_landform,Me,7,B_830305_18_LF_CLASS::崖・段丘崖,多摩川 / basin 18 / 崖・段丘崖,3,995,0.003015075376884422
watersystem_x_unit_basin_x_landform,Me,7,B_830305_19_LF_CLASS::山地斜面等,多摩川 / basin 19 / 山地斜面等,3,995,0.003015075376884422
watersystem_x_unit_basin_x_landform,Me,7,B_830305_19_LF_CLASS::氾濫平野・海岸平野,多摩川 / basin 19 / 氾濫平野・海岸平野,3,995,0.003015075376884422
watersystem_x_unit_basin_x_landform,Me,7,B_830305_23_LF_CLASS::山麓堆積地形,多摩川 / basin 23 / 山麓堆積地形,3,995,0.003015075376884422
watersystem_x_unit_basin_x_landform,Me,7,B_830305_25_LF_CLASS::台地・段丘,多摩川 / basin 25 / 台地・段丘,3,995,0.003015075376884422
watersystem_x_unit_basin_x_landform,Me,7,B_830305_27_LF_CLASS::山地斜面等,多摩川 / basin 27 / 山地斜面等,3,995,0.003015075376884422
watersystem_x_unit_basin_x_landform,Me,7,B_830305_34_LF_CLASS::台地・段丘,多摩川 / basin 34 / 台地・段丘,3,995,0.003015075376884422
watersystem_x_unit_basin_x_landform,Me,7,B_830305_3_LF_CLASS::台地・段丘,多摩川 / basin 3 / 台地・段丘,3,995,0.003015075376884422
watersystem_x_unit_basin_x_landform,Me,7,B_830305_56_LF_CLASS::台地・段丘,多摩川 / basin 56 / 台地・段丘,3,995,0.003015075376884422
watersystem_x_unit_basin_x_landform,Me,7,B_830305_5_LF_CLASS::台地・段丘,多摩川 / basin 5 / 台地・段丘,3,995,0.003015075376884422
watersystem_x_unit_basin_x_landform,Me,7,B_830305_75_LF_CLASS::山地斜面等,多摩川 / basin 75 / 山地斜面等,3,995,0.003015075376884422
watersystem_x_unit_basin_x_landform,Me,7,B_830306_19_LF_CLASS::山地斜面等,鶴見川 / basin 19 / 山地斜面等,3,995,0.003015075376884422
watersystem_x_unit_basin_x_landform,Me,7,B_130000_4_LF_CLASS::後背低地・湿地,名称不明 / basin 4 / 後背低地・湿地,2,995,0.0020100502512562816
watersystem_x_unit_basin_x_landform,Me,7,B_130000_5_LF_CLASS::後背低地・湿地,名称不明 / basin 5 / 後背低地・湿地,2,995,0.0020100502512562816
watersystem_x_unit_basin_x_landform,Me,7,B_140013_19_LF_CLASS::山地斜面等,境川 / basin 19 / 山地斜面等,2,995,0.0020100502512562816
watersystem_x_unit_basin_x_landform,Me,7,B_830303_426_LF_CLASS::氾濫平野・海岸平野,利根川 / basin 426 / 氾濫平野・海岸平野,2,995,0.0020100502512562816
watersystem_x_unit_basin_x_landform,Me,7,B_830303_427_LF_CLASS::自然堤防,利根川 / basin 427 / 自然堤防,2,995,0.0020100502512562816
watersystem_x_unit_basin_x_landform,Me,7,B_830304_11_LF_CLASS::自然堤防,荒川 / basin 11 / 自然堤防,2,995,0.0020100502512562816
watersystem_x_unit_basin_x_landform,Me,7,B_830304_25_LF_CLASS::台地・段丘,荒川 / basin 25 / 台地・段丘,2,995,0.0020100502512562816
watersystem_x_unit_basin_x_landform,Me,7,B_830304_27_LF_CLASS::砂州・砂丘,荒川 / basin 27 / 砂州・砂丘,2,995,0.0020100502512562816
watersystem_x_unit_basin_x_landform,Me,7,B_830304_36_LF_CLASS::氾濫平野・海岸平野,荒川 / basin 36 / 氾濫平野・海岸平野,2,995,0.0020100502512562816
watersystem_x_unit_basin_x_landform,Me,7,B_830304_38_LF_CLASS::台地・段丘,荒川 / basin 38 / 台地・段丘,2,995,0.0020100502512562816
watersystem_x_unit_basin_x_landform,Me,7,B_830304_38_LF_CLASS::氾濫平野・海岸平野,荒川 / basin 38 / 氾濫平野・海岸平野,2,995,0.0020100502512562816
watersystem_x_unit_basin_x_landform,Me,7,B_830304_47_LF_CLASS::山地斜面等,荒川 / basin 47 / 山地斜面等,2,995,0.0020100502512562816
watersystem_x_unit_basin_x_landform,Me,7,B_830304_51_LF_CLASS::台地・段丘,荒川 / basin 51 / 台地・段丘,2,995,0.0020100502512562816
watersystem_x_unit_basin_x_landform,Me,7,B_830304_56_LF_CLASS::氾濫平野・海岸平野,荒川 / basin 56 / 氾濫平野・海岸平野,2,995,0.0020100502512562816
watersystem_x_unit_basin_x_landform,Me,7,B_830304_57_LF_CLASS::氾濫平野・海岸平野,荒川 / basin 57 / 氾濫平野・海岸平野,2,995,0.0020100502512562816
watersystem_x_unit_basin_x_landform,Me,7,B_830304_69_LF_CLASS::台地・段丘,荒川 / basin 69 / 台地・段丘,2,995,0.0020100502512562816
watersystem_x_unit_basin_x_landform,Me,7,B_830304_70_LF_CLASS::氾濫平野・海岸平野,荒川 / basin 70 / 氾濫平野・海岸平野,2,995,0.0020100502512562816
watersystem_x_unit_basin_x_landform,Me,7,B_830304_82_LF_CLASS::台地・段丘,荒川 / basin 82 / 台地・段丘,2,995,0.0020100502512562816
watersystem_x_unit_basin_x_landform,Me,7,B_830305_10_LF_CLASS::氾濫平野・海岸平野,多摩川 / basin 10 / 氾濫平野・海岸平野,2,995,0.0020100502512562816
watersystem_x_unit_basin_x_landform,Me,7,B_830305_1_LF_CLASS::砂州・砂丘,多摩川 / basin 1 / 砂州・砂丘,2,995,0.0020100502512562816
watersystem_x_unit_basin_x_landform,Me,7,B_830305_25_LF_CLASS::氾濫平野・海岸平野,多摩川 / basin 25 / 氾濫平野・海岸平野,2,995,0.0020100502512562816
watersystem_x_unit_basin_x_landform,Me,7,B_830305_27_LF_CLASS::凹地・浅い谷,多摩川 / basin 27 / 凹地・浅い谷,2,995,0.0020100502512562816
watersystem_x_unit_basin_x_landform,Me,7,B_830305_28_LF_CLASS::台地・段丘,多摩川 / basin 28 / 台地・段丘,2,995,0.0020100502512562816
watersystem_x_unit_basin_x_landform,Me,7,B_830305_2_LF_CLASS::台地・段丘,多摩川 / basin 2 / 台地・段丘,2,995,0.0020100502512562816
watersystem_x_unit_basin_x_landform,Me,7,B_830305_34_LF_CLASS::山地斜面等,多摩川 / basin 34 / 山地斜面等,2,995,0.0020100502512562816
watersystem_x_unit_basin_x_landform,Me,7,B_830305_38_LF_CLASS::台地・段丘,多摩川 / basin 38 / 台地・段丘,2,995,0.0020100502512562816
watersystem_x_unit_basin_x_landform,Me,7,B_830305_39_LF_CLASS::台地・段丘,多摩川 / basin 39 / 台地・段丘,2,995,0.0020100502512562816
watersystem_x_unit_basin_x_landform,Me,7,B_830305_3_LF_CLASS::山地斜面等,多摩川 / basin 3 / 山地斜面等,2,995,0.0020100502512562816
watersystem_x_unit_basin_x_landform,Me,7,B_830305_52_LF_CLASS::台地・段丘,多摩川 / basin 52 / 台地・段丘,2,995,0.0020100502512562816
watersystem_x_unit_basin_x_landform,Me,7,B_830305_72_LF_CLASS::台地・段丘,多摩川 / basin 72 / 台地・段丘,2,995,0.0020100502512562816
watersystem_x_unit_basin_x_landform,Me,7,B_830305_73_LF_CLASS::台地・段丘,多摩川 / basin 73 / 台地・段丘,2,995,0.0020100502512562816
watersystem_x_unit_basin_x_landform,Me,7,B_830305_73_LF_CLASS::山地斜面等,多摩川 / basin 73 / 山地斜面等,2,995,0.0020100502512562816
watersystem_x_unit_basin_x_landform,Me,7,B_830305_75_LF_CLASS::台地・段丘,多摩川 / basin 75 / 台地・段丘,2,995,0.0020100502512562816
watersystem_x_unit_basin_x_landform,Me,7,B_unknown_0_LF_CLASS::崖・段丘崖,古川・目黒川・立会川・呑川 / basin 0 / 崖・段丘崖,2,995,0.0020100502512562816
watersystem_x_unit_basin_x_landform,Me,7,B_130000_1_LF_CLASS::台地・段丘,名称不明 / basin 1 / 台地・段丘,1,995,0.0010050251256281408
watersystem_x_unit_basin_x_landform,Me,7,B_130000_4_LF_CLASS::山地斜面等,名称不明 / basin 4 / 山地斜面等,1,995,0.0010050251256281408
watersystem_x_unit_basin_x_landform,Me,7,B_130000_4_LF_CLASS::氾濫平野・海岸平野,名称不明 / basin 4 / 氾濫平野・海岸平野,1,995,0.0010050251256281408
watersystem_x_unit_basin_x_landform,Me,7,B_130000_5_LF_CLASS::崖・段丘崖,名称不明 / basin 5 / 崖・段丘崖,1,995,0.0010050251256281408
watersystem_x_unit_basin_x_landform,Me,7,B_130000_5_LF_CLASS::氾濫平野・海岸平野,名称不明 / basin 5 / 氾濫平野・海岸平野,1,995,0.0010050251256281408
watersystem_x_unit_basin_x_landform,Me,7,B_140013_16_LF_CLASS::台地・段丘,境川 / basin 16 / 台地・段丘,1,995,0.0010050251256281408
watersystem_x_unit_basin_x_landform,Me,7,B_140013_19_LF_CLASS::氾濫平野・海岸平野,境川 / basin 19 / 氾濫平野・海岸平野,1,995,0.0010050251256281408
watersystem_x_unit_basin_x_landform,Me,7,B_830303_345_LF_CLASS::自然堤防,利根川 / basin 345 / 自然堤防,1,995,0.0010050251256281408
watersystem_x_unit_basin_x_landform,Me,7,B_830303_393_LF_CLASS::氾濫平野・海岸平野,利根川 / basin 393 / 氾濫平野・海岸平野,1,995,0.0010050251256281408
watersystem_x_unit_basin_x_landform,Me,7,B_830303_393_LF_CLASS::自然堤防,利根川 / basin 393 / 自然堤防,1,995,0.0010050251256281408
watersystem_x_unit_basin_x_landform,Me,7,B_830303_425_LF_CLASS::自然堤防,利根川 / basin 425 / 自然堤防,1,995,0.0010050251256281408
watersystem_x_unit_basin_x_landform,Me,7,B_830303_426_LF_CLASS::自然堤防,利根川 / basin 426 / 自然堤防,1,995,0.0010050251256281408
watersystem_x_unit_basin_x_landform,Me,7,B_830303_432_LF_CLASS::氾濫平野・海岸平野,利根川 / basin 432 / 氾濫平野・海岸平野,1,995,0.0010050251256281408
watersystem_x_unit_basin_x_landform,Me,7,B_830303_432_LF_CLASS::自然堤防,利根川 / basin 432 / 自然堤防,1,995,0.0010050251256281408
watersystem_x_unit_basin_x_landform,Me,7,B_830303_470_LF_CLASS::砂州・砂丘,利根川 / basin 470 / 砂州・砂丘,1,995,0.0010050251256281408
watersystem_x_unit_basin_x_landform,Me,7,B_830303_517_LF_CLASS::旧河道,利根川 / basin 517 / 旧河道,1,995,0.0010050251256281408
watersystem_x_unit_basin_x_landform,Me,7,B_830303_517_LF_CLASS::氾濫平野・海岸平野,利根川 / basin 517 / 氾濫平野・海岸平野,1,995,0.0010050251256281408
watersystem_x_unit_basin_x_landform,Me,7,B_830304_105_LF_CLASS::台地・段丘,荒川 / basin 105 / 台地・段丘,1,995,0.0010050251256281408
watersystem_x_unit_basin_x_landform,Me,7,B_830304_11_LF_CLASS::氾濫平野・海岸平野,荒川 / basin 11 / 氾濫平野・海岸平野,1,995,0.0010050251256281408
watersystem_x_unit_basin_x_landform,Me,7,B_830304_120_LF_CLASS::氾濫平野・海岸平野,荒川 / basin 120 / 氾濫平野・海岸平野,1,995,0.0010050251256281408
watersystem_x_unit_basin_x_landform,Me,7,B_830304_15_LF_CLASS::台地・段丘,荒川 / basin 15 / 台地・段丘,1,995,0.0010050251256281408
watersystem_x_unit_basin_x_landform,Me,7,B_830304_15_LF_CLASS::氾濫平野・海岸平野,荒川 / basin 15 / 氾濫平野・海岸平野,1,995,0.0010050251256281408
watersystem_x_unit_basin_x_landform,Me,7,B_830304_15_LF_CLASS::砂州・砂丘,荒川 / basin 15 / 砂州・砂丘,1,995,0.0010050251256281408
watersystem_x_unit_basin_x_landform,Me,7,B_830304_15_LF_CLASS::自然堤防,荒川 / basin 15 / 自然堤防,1,995,0.0010050251256281408
watersystem_x_unit_basin_x_landform,Me,7,B_830304_161_LF_CLASS::台地・段丘,荒川 / basin 161 / 台地・段丘,1,995,0.0010050251256281408
watersystem_x_unit_basin_x_landform,Me,7,B_830304_16_LF_CLASS::凹地・浅い谷,荒川 / basin 16 / 凹地・浅い谷,1,995,0.0010050251256281408
watersystem_x_unit_basin_x_landform,Me,7,B_830304_16_LF_CLASS::台地・段丘,荒川 / basin 16 / 台地・段丘,1,995,0.0010050251256281408
watersystem_x_unit_basin_x_landform,Me,7,B_830304_16_LF_CLASS::氾濫平野・海岸平野,荒川 / basin 16 / 氾濫平野・海岸平野,1,995,0.0010050251256281408
watersystem_x_unit_basin_x_landform,Me,7,B_830304_16_LF_CLASS::自然堤防,荒川 / basin 16 / 自然堤防,1,995,0.0010050251256281408
watersystem_x_unit_basin_x_landform,Me,7,B_830304_26_LF_CLASS::氾濫平野・海岸平野,荒川 / basin 26 / 氾濫平野・海岸平野,1,995,0.0010050251256281408
watersystem_x_unit_basin_x_landform,Me,7,B_830304_27_LF_CLASS::自然堤防,荒川 / basin 27 / 自然堤防,1,995,0.0010050251256281408
watersystem_x_unit_basin_x_landform,Me,7,B_830304_37_LF_CLASS::山地斜面等,荒川 / basin 37 / 山地斜面等,1,995,0.0010050251256281408
watersystem_x_unit_basin_x_landform,Me,7,B_830304_39_LF_CLASS::水部,荒川 / basin 39 / 水部,1,995,0.0010050251256281408
watersystem_x_unit_basin_x_landform,Me,7,B_830304_39_LF_CLASS::氾濫平野・海岸平野,荒川 / basin 39 / 氾濫平野・海岸平野,1,995,0.0010050251256281408
watersystem_x_unit_basin_x_landform,Me,7,B_830304_42_LF_CLASS::氾濫平野・海岸平野,荒川 / basin 42 / 氾濫平野・海岸平野,1,995,0.0010050251256281408
watersystem_x_unit_basin_x_landform,Me,7,B_830304_44_LF_CLASS::氾濫平野・海岸平野,荒川 / basin 44 / 氾濫平野・海岸平野,1,995,0.0010050251256281408
watersystem_x_unit_basin_x_landform,Me,7,B_830304_51_LF_CLASS::山地斜面等,荒川 / basin 51 / 山地斜面等,1,995,0.0010050251256281408
watersystem_x_unit_basin_x_landform,Me,7,B_830304_52_LF_CLASS::後背低地・湿地,荒川 / basin 52 / 後背低地・湿地,1,995,0.0010050251256281408
watersystem_x_unit_basin_x_landform,Me,7,B_830304_52_LF_CLASS::氾濫平野・海岸平野,荒川 / basin 52 / 氾濫平野・海岸平野,1,995,0.0010050251256281408
watersystem_x_unit_basin_x_landform,Me,7,B_830304_53_LF_CLASS::台地・段丘,荒川 / basin 53 / 台地・段丘,1,995,0.0010050251256281408
watersystem_x_unit_basin_x_landform,Me,7,B_830304_54_LF_CLASS::台地・段丘,荒川 / basin 54 / 台地・段丘,1,995,0.0010050251256281408
watersystem_x_unit_basin_x_landform,Me,7,B_830304_55_LF_CLASS::氾濫平野・海岸平野,荒川 / basin 55 / 氾濫平野・海岸平野,1,995,0.0010050251256281408
watersystem_x_unit_basin_x_landform,Me,7,B_830304_57_LF_CLASS::山地斜面等,荒川 / basin 57 / 山地斜面等,1,995,0.0010050251256281408
watersystem_x_unit_basin_x_landform,Me,7,B_830304_61_LF_CLASS::氾濫平野・海岸平野,荒川 / basin 61 / 氾濫平野・海岸平野,1,995,0.0010050251256281408
watersystem_x_unit_basin_x_landform,Me,7,B_830304_67_LF_CLASS::台地・段丘,荒川 / basin 67 / 台地・段丘,1,995,0.0010050251256281408
watersystem_x_unit_basin_x_landform,Me,7,B_830304_69_LF_CLASS::氾濫平野・海岸平野,荒川 / basin 69 / 氾濫平野・海岸平野,1,995,0.0010050251256281408
watersystem_x_unit_basin_x_landform,Me,7,B_830304_79_LF_CLASS::台地・段丘,荒川 / basin 79 / 台地・段丘,1,995,0.0010050251256281408
watersystem_x_unit_basin_x_landform,Me,7,B_830304_79_LF_CLASS::山地斜面等,荒川 / basin 79 / 山地斜面等,1,995,0.0010050251256281408
watersystem_x_unit_basin_x_landform,Me,7,B_830304_82_LF_CLASS::山地斜面等,荒川 / basin 82 / 山地斜面等,1,995,0.0010050251256281408
watersystem_x_unit_basin_x_landform,Me,7,B_830304_86_LF_CLASS::山麓堆積地形,荒川 / basin 86 / 山麓堆積地形,1,995,0.0010050251256281408
watersystem_x_unit_basin_x_landform,Me,7,B_830304_87_LF_CLASS::山地斜面等,荒川 / basin 87 / 山地斜面等,1,995,0.0010050251256281408
watersystem_x_unit_basin_x_landform,Me,7,B_830304_98_LF_CLASS::山麓堆積地形,荒川 / basin 98 / 山麓堆積地形,1,995,0.0010050251256281408
watersystem_x_unit_basin_x_landform,Me,7,B_830305_12_LF_CLASS::旧河道,多摩川 / basin 12 / 旧河道,1,995,0.0010050251256281408
watersystem_x_unit_basin_x_landform,Me,7,B_830305_12_LF_CLASS::自然堤防,多摩川 / basin 12 / 自然堤防,1,995,0.0010050251256281408
watersystem_x_unit_basin_x_landform,Me,7,B_830305_13_LF_CLASS::氾濫平野・海岸平野,多摩川 / basin 13 / 氾濫平野・海岸平野,1,995,0.0010050251256281408
watersystem_x_unit_basin_x_landform,Me,7,B_830305_14_LF_CLASS::凹地・浅い谷,多摩川 / basin 14 / 凹地・浅い谷,1,995,0.0010050251256281408
watersystem_x_unit_basin_x_landform,Me,7,B_830305_16_LF_CLASS::山地斜面等,多摩川 / basin 16 / 山地斜面等,1,995,0.0010050251256281408
watersystem_x_unit_basin_x_landform,Me,7,B_830305_16_LF_CLASS::崖・段丘崖,多摩川 / basin 16 / 崖・段丘崖,1,995,0.0010050251256281408
watersystem_x_unit_basin_x_landform,Me,7,B_830305_18_LF_CLASS::凹地・浅い谷,多摩川 / basin 18 / 凹地・浅い谷,1,995,0.0010050251256281408
watersystem_x_unit_basin_x_landform,Me,7,B_830305_1_LF_CLASS::自然堤防,多摩川 / basin 1 / 自然堤防,1,995,0.0010050251256281408
watersystem_x_unit_basin_x_landform,Me,7,B_830305_20_LF_CLASS::氾濫平野・海岸平野,多摩川 / basin 20 / 氾濫平野・海岸平野,1,995,0.0010050251256281408
watersystem_x_unit_basin_x_landform,Me,7,B_830305_21_LF_CLASS::台地・段丘,多摩川 / basin 21 / 台地・段丘,1,995,0.0010050251256281408
watersystem_x_unit_basin_x_landform,Me,7,B_830305_22_LF_CLASS::旧河道,多摩川 / basin 22 / 旧河道,1,995,0.0010050251256281408
watersystem_x_unit_basin_x_landform,Me,7,B_830305_23_LF_CLASS::崖・段丘崖,多摩川 / basin 23 / 崖・段丘崖,1,995,0.0010050251256281408
watersystem_x_unit_basin_x_landform,Me,7,B_830305_23_LF_CLASS::旧河道,多摩川 / basin 23 / 旧河道,1,995,0.0010050251256281408
watersystem_x_unit_basin_x_landform,Me,7,B_830305_26_LF_CLASS::台地・段丘,多摩川 / basin 26 / 台地・段丘,1,995,0.0010050251256281408
watersystem_x_unit_basin_x_landform,Me,7,B_830305_26_LF_CLASS::氾濫平野・海岸平野,多摩川 / basin 26 / 氾濫平野・海岸平野,1,995,0.0010050251256281408
watersystem_x_unit_basin_x_landform,Me,7,B_830305_27_LF_CLASS::扇状地,多摩川 / basin 27 / 扇状地,1,995,0.0010050251256281408
watersystem_x_unit_basin_x_landform,Me,7,B_830305_29_LF_CLASS::台地・段丘,多摩川 / basin 29 / 台地・段丘,1,995,0.0010050251256281408
watersystem_x_unit_basin_x_landform,Me,7,B_830305_2_LF_CLASS::山地斜面等,多摩川 / basin 2 / 山地斜面等,1,995,0.0010050251256281408
watersystem_x_unit_basin_x_landform,Me,7,B_830305_2_LF_CLASS::旧河道,多摩川 / basin 2 / 旧河道,1,995,0.0010050251256281408
watersystem_x_unit_basin_x_landform,Me,7,B_830305_2_LF_CLASS::砂州・砂丘,多摩川 / basin 2 / 砂州・砂丘,1,995,0.0010050251256281408
watersystem_x_unit_basin_x_landform,Me,7,B_830305_2_LF_CLASS::自然堤防,多摩川 / basin 2 / 自然堤防,1,995,0.0010050251256281408
watersystem_x_unit_basin_x_landform,Me,7,B_830305_32_LF_CLASS::山地斜面等,多摩川 / basin 32 / 山地斜面等,1,995,0.0010050251256281408
watersystem_x_unit_basin_x_landform,Me,7,B_830305_33_LF_CLASS::凹地・浅い谷,多摩川 / basin 33 / 凹地・浅い谷,1,995,0.0010050251256281408
watersystem_x_unit_basin_x_landform,Me,7,B_830305_33_LF_CLASS::台地・段丘,多摩川 / basin 33 / 台地・段丘,1,995,0.0010050251256281408
watersystem_x_unit_basin_x_landform,Me,7,B_830305_33_LF_CLASS::氾濫平野・海岸平野,多摩川 / basin 33 / 氾濫平野・海岸平野,1,995,0.0010050251256281408
watersystem_x_unit_basin_x_landform,Me,7,B_830305_34_LF_CLASS::氾濫平野・海岸平野,多摩川 / basin 34 / 氾濫平野・海岸平野,1,995,0.0010050251256281408
watersystem_x_unit_basin_x_landform,Me,7,B_830305_35_LF_CLASS::扇状地,多摩川 / basin 35 / 扇状地,1,995,0.0010050251256281408
watersystem_x_unit_basin_x_landform,Me,7,B_830305_35_LF_CLASS::氾濫平野・海岸平野,多摩川 / basin 35 / 氾濫平野・海岸平野,1,995,0.0010050251256281408
watersystem_x_unit_basin_x_landform,Me,7,B_830305_37_LF_CLASS::崖・段丘崖,多摩川 / basin 37 / 崖・段丘崖,1,995,0.0010050251256281408
watersystem_x_unit_basin_x_landform,Me,7,B_830305_40_LF_CLASS::凹地・浅い谷,多摩川 / basin 40 / 凹地・浅い谷,1,995,0.0010050251256281408
watersystem_x_unit_basin_x_landform,Me,7,B_830305_40_LF_CLASS::山麓堆積地形,多摩川 / basin 40 / 山麓堆積地形,1,995,0.0010050251256281408
watersystem_x_unit_basin_x_landform,Me,7,B_830305_41_LF_CLASS::山地斜面等,多摩川 / basin 41 / 山地斜面等,1,995,0.0010050251256281408
watersystem_x_unit_basin_x_landform,Me,7,B_830305_42_LF_CLASS::台地・段丘,多摩川 / basin 42 / 台地・段丘,1,995,0.0010050251256281408
watersystem_x_unit_basin_x_landform,Me,7,B_830305_43_LF_CLASS::凹地・浅い谷,多摩川 / basin 43 / 凹地・浅い谷,1,995,0.0010050251256281408
watersystem_x_unit_basin_x_landform,Me,7,B_830305_44_LF_CLASS::台地・段丘,多摩川 / basin 44 / 台地・段丘,1,995,0.0010050251256281408
watersystem_x_unit_basin_x_landform,Me,7,B_830305_44_LF_CLASS::山地斜面等,多摩川 / basin 44 / 山地斜面等,1,995,0.0010050251256281408
watersystem_x_unit_basin_x_landform,Me,7,B_830305_45_LF_CLASS::台地・段丘,多摩川 / basin 45 / 台地・段丘,1,995,0.0010050251256281408
watersystem_x_unit_basin_x_landform,Me,7,B_830305_46_LF_CLASS::台地・段丘,多摩川 / basin 46 / 台地・段丘,1,995,0.0010050251256281408
watersystem_x_unit_basin_x_landform,Me,7,B_830305_48_LF_CLASS::台地・段丘,多摩川 / basin 48 / 台地・段丘,1,995,0.0010050251256281408
watersystem_x_unit_basin_x_landform,Me,7,B_830305_48_LF_CLASS::山麓堆積地形,多摩川 / basin 48 / 山麓堆積地形,1,995,0.0010050251256281408
watersystem_x_unit_basin_x_landform,Me,7,B_830305_49_LF_CLASS::山地斜面等,多摩川 / basin 49 / 山地斜面等,1,995,0.0010050251256281408
watersystem_x_unit_basin_x_landform,Me,7,B_830305_50_LF_CLASS::台地・段丘,多摩川 / basin 50 / 台地・段丘,1,995,0.0010050251256281408
watersystem_x_unit_basin_x_landform,Me,7,B_830305_54_LF_CLASS::山地斜面等,多摩川 / basin 54 / 山地斜面等,1,995,0.0010050251256281408
watersystem_x_unit_basin_x_landform,Me,7,B_830305_72_LF_CLASS::山地斜面等,多摩川 / basin 72 / 山地斜面等,1,995,0.0010050251256281408
watersystem_x_unit_basin_x_landform,Me,7,B_830305_74_LF_CLASS::台地・段丘,多摩川 / basin 74 / 台地・段丘,1,995,0.0010050251256281408
watersystem_x_unit_basin_x_landform,Me,7,B_830305_75_LF_CLASS::氾濫平野・海岸平野,多摩川 / basin 75 / 氾濫平野・海岸平野,1,995,0.0010050251256281408
watersystem_x_unit_basin_x_landform,Me,7,B_830305_8_LF_CLASS::山地斜面等,多摩川 / basin 8 / 山地斜面等,1,995,0.0010050251256281408
watersystem_x_unit_basin_x_landform,Me,7,B_830305_8_LF_CLASS::氾濫平野・海岸平野,多摩川 / basin 8 / 氾濫平野・海岸平野,1,995,0.0010050251256281408
watersystem_x_unit_basin_x_landform,Me,7,B_830305_9_LF_CLASS::氾濫平野・海岸平野,多摩川 / basin 9 / 氾濫平野・海岸平野,1,995,0.0010050251256281408
watersystem_x_unit_basin_x_landform,Me,7,B_830306_16_LF_CLASS::崖・段丘崖,鶴見川 / basin 16 / 崖・段丘崖,1,995,0.0010050251256281408
watersystem_x_unit_basin_x_landform,Me,7,B_unknown_0_LF_CLASS::凹地・浅い谷,古川・目黒川・立会川・呑川 / basin 0 / 凹地・浅い谷,1,995,0.0010050251256281408
watersystem_x_unit_basin_x_landform,Me,7,B_unknown_0_LF_CLASS::後背低地・湿地,古川・目黒川・立会川・呑川 / basin 0 / 後背低地・湿地,1,995,0.0010050251256281408
