phase_pair,phase_pair_order,group_id,group_label,transition,n_places,group_active_total,transition_composition_within_group,event_total_known_geo,active_total_known_geo,scheme,event_geo_share,active_geo_share,event_share_minus_active_geo_share,relative_event_concentration_ratio,interpretation_status,selection_inference_allowed
He->Me,6,B_120000_6_LF_CLASS::台地・段丘,名称不明 / basin 6 / 台地・段丘,drop,1,1,1,1560,2555,watersystem_x_unit_basin_x_landform,6.41025641025641e-4,3.913894324853229e-4,2.496362085403181e-4,1.6378205128205128,low_n_descriptive_only,FALSE
He->Me,6,B_130000_1_LF_CLASS::台地・段丘,名称不明 / basin 1 / 台地・段丘,continue,1,4,0.25,566,2555,watersystem_x_unit_basin_x_landform,0.0017667844522968198,0.0015655577299412916,2.0122672235552814e-4,1.1285335689045937,low_n_descriptive_only,FALSE
He->Me,6,B_130000_1_LF_CLASS::台地・段丘,名称不明 / basin 1 / 台地・段丘,drop,3,4,0.75,1560,2555,watersystem_x_unit_basin_x_landform,0.0019230769230769232,0.0015655577299412916,3.5751919313563156e-4,1.2283653846153846,low_n_descriptive_only,FALSE
He->Me,6,B_130000_2_LF_CLASS::山地斜面等,名称不明 / basin 2 / 山地斜面等,drop,1,1,1,1560,2555,watersystem_x_unit_basin_x_landform,6.41025641025641e-4,3.913894324853229e-4,2.496362085403181e-4,1.6378205128205128,low_n_descriptive_only,FALSE
He->Me,6,B_130000_4_LF_CLASS::台地・段丘,名称不明 / basin 4 / 台地・段丘,continue,3,8,0.375,566,2555,watersystem_x_unit_basin_x_landform,0.00530035335689046,0.0031311154598825833,0.0021692378970078765,1.6928003533568905,low_n_descriptive_only,FALSE
He->Me,6,B_130000_4_LF_CLASS::台地・段丘,名称不明 / basin 4 / 台地・段丘,drop,3,8,0.375,1560,2555,watersystem_x_unit_basin_x_landform,0.0019230769230769232,0.0031311154598825833,-0.00120803853680566,0.6141826923076923,low_n_descriptive_only,FALSE
He->Me,6,B_130000_4_LF_CLASS::台地・段丘,名称不明 / basin 4 / 台地・段丘,new,2,8,0.25,429,2555,watersystem_x_unit_basin_x_landform,0.004662004662004662,0.0031311154598825833,0.0015308892021220787,1.4889277389277389,low_n_descriptive_only,FALSE
He->Me,6,B_130000_4_LF_CLASS::山地斜面等,名称不明 / basin 4 / 山地斜面等,new,1,1,1,429,2555,watersystem_x_unit_basin_x_landform,0.002331002331002331,3.913894324853229e-4,0.001939612898517008,5.9557109557109555,low_n_descriptive_only,FALSE
He->Me,6,B_130000_4_LF_CLASS::後背低地・湿地,名称不明 / basin 4 / 後背低地・湿地,continue,1,3,0.3333333333333333,566,2555,watersystem_x_unit_basin_x_landform,0.0017667844522968198,0.0011741682974559687,5.926161548408511e-4,1.5047114252061249,low_n_descriptive_only,FALSE
He->Me,6,B_130000_4_LF_CLASS::後背低地・湿地,名称不明 / basin 4 / 後背低地・湿地,drop,1,3,0.3333333333333333,1560,2555,watersystem_x_unit_basin_x_landform,6.41025641025641e-4,0.0011741682974559687,-5.331426564303276e-4,0.545940170940171,low_n_descriptive_only,FALSE
He->Me,6,B_130000_4_LF_CLASS::後背低地・湿地,名称不明 / basin 4 / 後背低地・湿地,new,1,3,0.3333333333333333,429,2555,watersystem_x_unit_basin_x_landform,0.002331002331002331,0.0011741682974559687,0.0011568340335463623,1.9852369852369853,low_n_descriptive_only,FALSE
He->Me,6,B_130000_4_LF_CLASS::氾濫平野・海岸平野,名称不明 / basin 4 / 氾濫平野・海岸平野,new,1,1,1,429,2555,watersystem_x_unit_basin_x_landform,0.002331002331002331,3.913894324853229e-4,0.001939612898517008,5.9557109557109555,low_n_descriptive_only,FALSE
He->Me,6,B_130000_5_LF_CLASS::台地・段丘,名称不明 / basin 5 / 台地・段丘,continue,7,28,0.25,566,2555,watersystem_x_unit_basin_x_landform,0.012367491166077738,0.010958904109589041,0.0014085870564886967,1.1285335689045937,eligible,FALSE
He->Me,6,B_130000_5_LF_CLASS::台地・段丘,名称不明 / basin 5 / 台地・段丘,drop,19,28,0.6785714285714286,1560,2555,watersystem_x_unit_basin_x_landform,0.01217948717948718,0.010958904109589041,0.0012205830698981384,1.111378205128205,eligible,FALSE
He->Me,6,B_130000_5_LF_CLASS::台地・段丘,名称不明 / basin 5 / 台地・段丘,new,2,28,0.07142857142857142,429,2555,watersystem_x_unit_basin_x_landform,0.004662004662004662,0.010958904109589041,-0.006296899447584379,0.4254079254079254,eligible,FALSE
He->Me,6,B_130000_5_LF_CLASS::山地斜面等,名称不明 / basin 5 / 山地斜面等,drop,1,1,1,1560,2555,watersystem_x_unit_basin_x_landform,6.41025641025641e-4,3.913894324853229e-4,2.496362085403181e-4,1.6378205128205128,low_n_descriptive_only,FALSE
He->Me,6,B_130000_5_LF_CLASS::崖・段丘崖,名称不明 / basin 5 / 崖・段丘崖,continue,1,1,1,566,2555,watersystem_x_unit_basin_x_landform,0.0017667844522968198,3.913894324853229e-4,0.0013753950198114968,4.514134275618375,low_n_descriptive_only,FALSE
He->Me,6,B_130000_5_LF_CLASS::後背低地・湿地,名称不明 / basin 5 / 後背低地・湿地,continue,2,3,0.6666666666666666,566,2555,watersystem_x_unit_basin_x_landform,0.0035335689045936395,0.0011741682974559687,0.002359400607137671,3.0094228504122498,low_n_descriptive_only,FALSE
He->Me,6,B_130000_5_LF_CLASS::後背低地・湿地,名称不明 / basin 5 / 後背低地・湿地,drop,1,3,0.3333333333333333,1560,2555,watersystem_x_unit_basin_x_landform,6.41025641025641e-4,0.0011741682974559687,-5.331426564303276e-4,0.545940170940171,low_n_descriptive_only,FALSE
He->Me,6,B_130000_5_LF_CLASS::水部,名称不明 / basin 5 / 水部,drop,1,1,1,1560,2555,watersystem_x_unit_basin_x_landform,6.41025641025641e-4,3.913894324853229e-4,2.496362085403181e-4,1.6378205128205128,low_n_descriptive_only,FALSE
He->Me,6,B_130000_5_LF_CLASS::氾濫平野・海岸平野,名称不明 / basin 5 / 氾濫平野・海岸平野,continue,1,1,1,566,2555,watersystem_x_unit_basin_x_landform,0.0017667844522968198,3.913894324853229e-4,0.0013753950198114968,4.514134275618375,low_n_descriptive_only,FALSE
He->Me,6,B_130000_6_LF_CLASS::台地・段丘,名称不明 / basin 6 / 台地・段丘,drop,1,1,1,1560,2555,watersystem_x_unit_basin_x_landform,6.41025641025641e-4,3.913894324853229e-4,2.496362085403181e-4,1.6378205128205128,low_n_descriptive_only,FALSE
He->Me,6,B_130000_6_LF_CLASS::山地斜面等,名称不明 / basin 6 / 山地斜面等,drop,1,1,1,1560,2555,watersystem_x_unit_basin_x_landform,6.41025641025641e-4,3.913894324853229e-4,2.496362085403181e-4,1.6378205128205128,low_n_descriptive_only,FALSE
He->Me,6,B_130000_6_LF_CLASS::氾濫平野・海岸平野,名称不明 / basin 6 / 氾濫平野・海岸平野,drop,1,1,1,1560,2555,watersystem_x_unit_basin_x_landform,6.41025641025641e-4,3.913894324853229e-4,2.496362085403181e-4,1.6378205128205128,low_n_descriptive_only,FALSE
He->Me,6,B_140013_16_LF_CLASS::台地・段丘,境川 / basin 16 / 台地・段丘,new,1,1,1,429,2555,watersystem_x_unit_basin_x_landform,0.002331002331002331,3.913894324853229e-4,0.001939612898517008,5.9557109557109555,low_n_descriptive_only,FALSE
He->Me,6,B_140013_17_LF_CLASS::台地・段丘,境川 / basin 17 / 台地・段丘,continue,7,33,0.21212121212121213,566,2555,watersystem_x_unit_basin_x_landform,0.012367491166077738,0.012915851272015656,-5.483601059379176e-4,0.9575436342220794,eligible,FALSE
He->Me,6,B_140013_17_LF_CLASS::台地・段丘,境川 / basin 17 / 台地・段丘,drop,25,33,0.7575757575757576,1560,2555,watersystem_x_unit_basin_x_landform,0.016025641025641024,0.012915851272015656,0.0031097897536253687,1.2407731157731157,eligible,FALSE
He->Me,6,B_140013_17_LF_CLASS::台地・段丘,境川 / basin 17 / 台地・段丘,new,1,33,0.030303030303030304,429,2555,watersystem_x_unit_basin_x_landform,0.002331002331002331,0.012915851272015656,-0.010584848941013324,0.18047608956699865,eligible,FALSE
He->Me,6,B_140013_17_LF_CLASS::山地斜面等,境川 / basin 17 / 山地斜面等,continue,24,121,0.19834710743801653,566,2555,watersystem_x_unit_basin_x_landform,0.04240282685512368,0.04735812133072407,-0.004955294475600391,0.8953654761557107,eligible,FALSE
He->Me,6,B_140013_17_LF_CLASS::山地斜面等,境川 / basin 17 / 山地斜面等,drop,94,121,0.7768595041322314,1560,2555,watersystem_x_unit_basin_x_landform,0.06025641025641026,0.04735812133072407,0.012898288925686188,1.2723564314473406,eligible,FALSE
He->Me,6,B_140013_17_LF_CLASS::山地斜面等,境川 / basin 17 / 山地斜面等,new,3,121,0.024793388429752067,429,2555,watersystem_x_unit_basin_x_landform,0.006993006993006993,0.04735812133072407,-0.04036511433771708,0.14766225510027164,eligible,FALSE
He->Me,6,B_140013_17_LF_CLASS::山麓堆積地形,境川 / basin 17 / 山麓堆積地形,drop,1,1,1,1560,2555,watersystem_x_unit_basin_x_landform,6.41025641025641e-4,3.913894324853229e-4,2.496362085403181e-4,1.6378205128205128,low_n_descriptive_only,FALSE
He->Me,6,B_140013_17_LF_CLASS::氾濫平野・海岸平野,境川 / basin 17 / 氾濫平野・海岸平野,continue,4,32,0.125,566,2555,watersystem_x_unit_basin_x_landform,0.007067137809187279,0.012524461839530333,-0.005457324030343054,0.5642667844522968,eligible,FALSE
He->Me,6,B_140013_17_LF_CLASS::氾濫平野・海岸平野,境川 / basin 17 / 氾濫平野・海岸平野,drop,27,32,0.84375,1560,2555,watersystem_x_unit_basin_x_landform,0.01730769230769231,0.012524461839530333,0.004783230468161976,1.3819110576923077,eligible,FALSE
He->Me,6,B_140013_17_LF_CLASS::氾濫平野・海岸平野,境川 / basin 17 / 氾濫平野・海岸平野,new,1,32,0.03125,429,2555,watersystem_x_unit_basin_x_landform,0.002331002331002331,0.012524461839530333,-0.010193459508528003,0.18611596736596736,eligible,FALSE
He->Me,6,B_140013_19_LF_CLASS::台地・段丘,境川 / basin 19 / 台地・段丘,drop,1,1,1,1560,2555,watersystem_x_unit_basin_x_landform,6.41025641025641e-4,3.913894324853229e-4,2.496362085403181e-4,1.6378205128205128,low_n_descriptive_only,FALSE
He->Me,6,B_140013_19_LF_CLASS::山地斜面等,境川 / basin 19 / 山地斜面等,continue,1,11,0.09090909090909091,566,2555,watersystem_x_unit_basin_x_landform,0.0017667844522968198,0.004305283757338552,-0.0025384993050417324,0.410375843238034,low_n_descriptive_only,FALSE
He->Me,6,B_140013_19_LF_CLASS::山地斜面等,境川 / basin 19 / 山地斜面等,drop,9,11,0.8181818181818182,1560,2555,watersystem_x_unit_basin_x_landform,0.0057692307692307696,0.004305283757338552,0.0014639470118922174,1.340034965034965,low_n_descriptive_only,FALSE
He->Me,6,B_140013_19_LF_CLASS::山地斜面等,境川 / basin 19 / 山地斜面等,new,1,11,0.09090909090909091,429,2555,watersystem_x_unit_basin_x_landform,0.002331002331002331,0.004305283757338552,-0.001974281426336221,0.5414282687009959,low_n_descriptive_only,FALSE
He->Me,6,B_140013_19_LF_CLASS::氾濫平野・海岸平野,境川 / basin 19 / 氾濫平野・海岸平野,continue,1,3,0.3333333333333333,566,2555,watersystem_x_unit_basin_x_landform,0.0017667844522968198,0.0011741682974559687,5.926161548408511e-4,1.5047114252061249,low_n_descriptive_only,FALSE
He->Me,6,B_140013_19_LF_CLASS::氾濫平野・海岸平野,境川 / basin 19 / 氾濫平野・海岸平野,drop,2,3,0.6666666666666666,1560,2555,watersystem_x_unit_basin_x_landform,0.001282051282051282,0.0011741682974559687,1.0788298459531338e-4,1.091880341880342,low_n_descriptive_only,FALSE
He->Me,6,B_830303_345_LF_CLASS::自然堤防,利根川 / basin 345 / 自然堤防,continue,1,1,1,566,2555,watersystem_x_unit_basin_x_landform,0.0017667844522968198,3.913894324853229e-4,0.0013753950198114968,4.514134275618375,low_n_descriptive_only,FALSE
He->Me,6,B_830303_347_LF_CLASS::自然堤防,利根川 / basin 347 / 自然堤防,continue,5,5,1,566,2555,watersystem_x_unit_basin_x_landform,0.0088339222614841,0.0019569471624266144,0.006876975099057485,4.514134275618375,low_n_descriptive_only,FALSE
He->Me,6,B_830303_389_LF_CLASS::自然堤防,利根川 / basin 389 / 自然堤防,drop,1,1,1,1560,2555,watersystem_x_unit_basin_x_landform,6.41025641025641e-4,3.913894324853229e-4,2.496362085403181e-4,1.6378205128205128,low_n_descriptive_only,FALSE
He->Me,6,B_830303_393_LF_CLASS::氾濫平野・海岸平野,利根川 / basin 393 / 氾濫平野・海岸平野,continue,1,1,1,566,2555,watersystem_x_unit_basin_x_landform,0.0017667844522968198,3.913894324853229e-4,0.0013753950198114968,4.514134275618375,low_n_descriptive_only,FALSE
He->Me,6,B_830303_393_LF_CLASS::自然堤防,利根川 / basin 393 / 自然堤防,drop,1,2,0.5,1560,2555,watersystem_x_unit_basin_x_landform,6.41025641025641e-4,7.827788649706458e-4,-1.417532239450048e-4,0.8189102564102564,low_n_descriptive_only,FALSE
He->Me,6,B_830303_393_LF_CLASS::自然堤防,利根川 / basin 393 / 自然堤防,new,1,2,0.5,429,2555,watersystem_x_unit_basin_x_landform,0.002331002331002331,7.827788649706458e-4,0.001548223466031685,2.9778554778554778,low_n_descriptive_only,FALSE
He->Me,6,B_830303_425_LF_CLASS::自然堤防,利根川 / basin 425 / 自然堤防,new,1,1,1,429,2555,watersystem_x_unit_basin_x_landform,0.002331002331002331,3.913894324853229e-4,0.001939612898517008,5.9557109557109555,low_n_descriptive_only,FALSE
He->Me,6,B_830303_426_LF_CLASS::氾濫平野・海岸平野,利根川 / basin 426 / 氾濫平野・海岸平野,new,2,2,1,429,2555,watersystem_x_unit_basin_x_landform,0.004662004662004662,7.827788649706458e-4,0.003879225797034016,5.9557109557109555,low_n_descriptive_only,FALSE
He->Me,6,B_830303_426_LF_CLASS::自然堤防,利根川 / basin 426 / 自然堤防,new,1,1,1,429,2555,watersystem_x_unit_basin_x_landform,0.002331002331002331,3.913894324853229e-4,0.001939612898517008,5.9557109557109555,low_n_descriptive_only,FALSE
He->Me,6,B_830303_427_LF_CLASS::氾濫平野・海岸平野,利根川 / basin 427 / 氾濫平野・海岸平野,continue,2,3,0.6666666666666666,566,2555,watersystem_x_unit_basin_x_landform,0.0035335689045936395,0.0011741682974559687,0.002359400607137671,3.0094228504122498,low_n_descriptive_only,FALSE
He->Me,6,B_830303_427_LF_CLASS::氾濫平野・海岸平野,利根川 / basin 427 / 氾濫平野・海岸平野,new,1,3,0.3333333333333333,429,2555,watersystem_x_unit_basin_x_landform,0.002331002331002331,0.0011741682974559687,0.0011568340335463623,1.9852369852369853,low_n_descriptive_only,FALSE
He->Me,6,B_830303_427_LF_CLASS::自然堤防,利根川 / basin 427 / 自然堤防,continue,2,2,1,566,2555,watersystem_x_unit_basin_x_landform,0.0035335689045936395,7.827788649706458e-4,0.0027507900396229936,4.514134275618375,low_n_descriptive_only,FALSE
He->Me,6,B_830303_432_LF_CLASS::氾濫平野・海岸平野,利根川 / basin 432 / 氾濫平野・海岸平野,new,1,1,1,429,2555,watersystem_x_unit_basin_x_landform,0.002331002331002331,3.913894324853229e-4,0.001939612898517008,5.9557109557109555,low_n_descriptive_only,FALSE
He->Me,6,B_830303_432_LF_CLASS::自然堤防,利根川 / basin 432 / 自然堤防,new,1,1,1,429,2555,watersystem_x_unit_basin_x_landform,0.002331002331002331,3.913894324853229e-4,0.001939612898517008,5.9557109557109555,low_n_descriptive_only,FALSE
He->Me,6,B_830303_470_LF_CLASS::砂州・砂丘,利根川 / basin 470 / 砂州・砂丘,new,1,1,1,429,2555,watersystem_x_unit_basin_x_landform,0.002331002331002331,3.913894324853229e-4,0.001939612898517008,5.9557109557109555,low_n_descriptive_only,FALSE
He->Me,6,B_830303_478_LF_CLASS::氾濫平野・海岸平野,利根川 / basin 478 / 氾濫平野・海岸平野,drop,1,1,1,1560,2555,watersystem_x_unit_basin_x_landform,6.41025641025641e-4,3.913894324853229e-4,2.496362085403181e-4,1.6378205128205128,low_n_descriptive_only,FALSE
He->Me,6,B_830303_478_LF_CLASS::自然堤防,利根川 / basin 478 / 自然堤防,drop,2,2,1,1560,2555,watersystem_x_unit_basin_x_landform,0.001282051282051282,7.827788649706458e-4,4.992724170806362e-4,1.6378205128205128,low_n_descriptive_only,FALSE
He->Me,6,B_830303_517_LF_CLASS::旧河道,利根川 / basin 517 / 旧河道,continue,1,2,0.5,566,2555,watersystem_x_unit_basin_x_landform,0.0017667844522968198,7.827788649706458e-4,9.840055873261738e-4,2.2570671378091873,low_n_descriptive_only,FALSE
He->Me,6,B_830303_517_LF_CLASS::旧河道,利根川 / basin 517 / 旧河道,drop,1,2,0.5,1560,2555,watersystem_x_unit_basin_x_landform,6.41025641025641e-4,7.827788649706458e-4,-1.417532239450048e-4,0.8189102564102564,low_n_descriptive_only,FALSE
He->Me,6,B_830303_517_LF_CLASS::氾濫平野・海岸平野,利根川 / basin 517 / 氾濫平野・海岸平野,continue,1,1,1,566,2555,watersystem_x_unit_basin_x_landform,0.0017667844522968198,3.913894324853229e-4,0.0013753950198114968,4.514134275618375,low_n_descriptive_only,FALSE
He->Me,6,B_830303_517_LF_CLASS::自然堤防,利根川 / basin 517 / 自然堤防,continue,1,3,0.3333333333333333,566,2555,watersystem_x_unit_basin_x_landform,0.0017667844522968198,0.0011741682974559687,5.926161548408511e-4,1.5047114252061249,low_n_descriptive_only,FALSE
He->Me,6,B_830303_517_LF_CLASS::自然堤防,利根川 / basin 517 / 自然堤防,new,2,3,0.6666666666666666,429,2555,watersystem_x_unit_basin_x_landform,0.004662004662004662,0.0011741682974559687,0.0034878363645486936,3.9704739704739707,low_n_descriptive_only,FALSE
He->Me,6,B_830304_105_LF_CLASS::台地・段丘,荒川 / basin 105 / 台地・段丘,new,1,1,1,429,2555,watersystem_x_unit_basin_x_landform,0.002331002331002331,3.913894324853229e-4,0.001939612898517008,5.9557109557109555,low_n_descriptive_only,FALSE
He->Me,6,B_830304_11_LF_CLASS::氾濫平野・海岸平野,荒川 / basin 11 / 氾濫平野・海岸平野,new,1,1,1,429,2555,watersystem_x_unit_basin_x_landform,0.002331002331002331,3.913894324853229e-4,0.001939612898517008,5.9557109557109555,low_n_descriptive_only,FALSE
He->Me,6,B_830304_11_LF_CLASS::自然堤防,荒川 / basin 11 / 自然堤防,new,2,2,1,429,2555,watersystem_x_unit_basin_x_landform,0.004662004662004662,7.827788649706458e-4,0.003879225797034016,5.9557109557109555,low_n_descriptive_only,FALSE
He->Me,6,B_830304_120_LF_CLASS::台地・段丘,荒川 / basin 120 / 台地・段丘,continue,4,21,0.19047619047619047,566,2555,watersystem_x_unit_basin_x_landform,0.007067137809187279,0.00821917808219178,-0.001152040273004501,0.8598351001177857,eligible,FALSE
He->Me,6,B_830304_120_LF_CLASS::台地・段丘,荒川 / basin 120 / 台地・段丘,drop,14,21,0.6666666666666666,1560,2555,watersystem_x_unit_basin_x_landform,0.008974358974358974,0.00821917808219178,7.551808921671937e-4,1.091880341880342,eligible,FALSE
He->Me,6,B_830304_120_LF_CLASS::台地・段丘,荒川 / basin 120 / 台地・段丘,new,3,21,0.14285714285714285,429,2555,watersystem_x_unit_basin_x_landform,0.006993006993006993,0.00821917808219178,-0.001226171089184787,0.8508158508158509,eligible,FALSE
He->Me,6,B_830304_120_LF_CLASS::山地斜面等,荒川 / basin 120 / 山地斜面等,continue,2,14,0.14285714285714285,566,2555,watersystem_x_unit_basin_x_landform,0.0035335689045936395,0.005479452054794521,-0.001945883150200881,0.6448763250883393,low_n_descriptive_only,FALSE
He->Me,6,B_830304_120_LF_CLASS::山地斜面等,荒川 / basin 120 / 山地斜面等,drop,5,14,0.35714285714285715,1560,2555,watersystem_x_unit_basin_x_landform,0.003205128205128205,0.005479452054794521,-0.0022743238496663156,0.5849358974358974,low_n_descriptive_only,FALSE
He->Me,6,B_830304_120_LF_CLASS::山地斜面等,荒川 / basin 120 / 山地斜面等,new,7,14,0.5,429,2555,watersystem_x_unit_basin_x_landform,0.016317016317016316,0.005479452054794521,0.010837564262221796,2.9778554778554778,low_n_descriptive_only,FALSE
He->Me,6,B_830304_120_LF_CLASS::氾濫平野・海岸平野,荒川 / basin 120 / 氾濫平野・海岸平野,continue,1,6,0.16666666666666666,566,2555,watersystem_x_unit_basin_x_landform,0.0017667844522968198,0.0023483365949119373,-5.815521426151176e-4,0.7523557126030624,low_n_descriptive_only,FALSE
He->Me,6,B_830304_120_LF_CLASS::氾濫平野・海岸平野,荒川 / basin 120 / 氾濫平野・海岸平野,drop,5,6,0.8333333333333334,1560,2555,watersystem_x_unit_basin_x_landform,0.003205128205128205,0.0023483365949119373,8.567916102162677e-4,1.3648504273504274,low_n_descriptive_only,FALSE
He->Me,6,B_830304_15_LF_CLASS::台地・段丘,荒川 / basin 15 / 台地・段丘,continue,1,2,0.5,566,2555,watersystem_x_unit_basin_x_landform,0.0017667844522968198,7.827788649706458e-4,9.840055873261738e-4,2.2570671378091873,low_n_descriptive_only,FALSE
He->Me,6,B_830304_15_LF_CLASS::台地・段丘,荒川 / basin 15 / 台地・段丘,drop,1,2,0.5,1560,2555,watersystem_x_unit_basin_x_landform,6.41025641025641e-4,7.827788649706458e-4,-1.417532239450048e-4,0.8189102564102564,low_n_descriptive_only,FALSE
He->Me,6,B_830304_15_LF_CLASS::氾濫平野・海岸平野,荒川 / basin 15 / 氾濫平野・海岸平野,drop,1,2,0.5,1560,2555,watersystem_x_unit_basin_x_landform,6.41025641025641e-4,7.827788649706458e-4,-1.417532239450048e-4,0.8189102564102564,low_n_descriptive_only,FALSE
He->Me,6,B_830304_15_LF_CLASS::氾濫平野・海岸平野,荒川 / basin 15 / 氾濫平野・海岸平野,new,1,2,0.5,429,2555,watersystem_x_unit_basin_x_landform,0.002331002331002331,7.827788649706458e-4,0.001548223466031685,2.9778554778554778,low_n_descriptive_only,FALSE
He->Me,6,B_830304_15_LF_CLASS::砂州・砂丘,荒川 / basin 15 / 砂州・砂丘,continue,1,1,1,566,2555,watersystem_x_unit_basin_x_landform,0.0017667844522968198,3.913894324853229e-4,0.0013753950198114968,4.514134275618375,low_n_descriptive_only,FALSE
He->Me,6,B_830304_15_LF_CLASS::自然堤防,荒川 / basin 15 / 自然堤防,continue,1,1,1,566,2555,watersystem_x_unit_basin_x_landform,0.0017667844522968198,3.913894324853229e-4,0.0013753950198114968,4.514134275618375,low_n_descriptive_only,FALSE
He->Me,6,B_830304_161_LF_CLASS::台地・段丘,荒川 / basin 161 / 台地・段丘,continue,1,2,0.5,566,2555,watersystem_x_unit_basin_x_landform,0.0017667844522968198,7.827788649706458e-4,9.840055873261738e-4,2.2570671378091873,low_n_descriptive_only,FALSE
He->Me,6,B_830304_161_LF_CLASS::台地・段丘,荒川 / basin 161 / 台地・段丘,drop,1,2,0.5,1560,2555,watersystem_x_unit_basin_x_landform,6.41025641025641e-4,7.827788649706458e-4,-1.417532239450048e-4,0.8189102564102564,low_n_descriptive_only,FALSE
He->Me,6,B_830304_16_LF_CLASS::凹地・浅い谷,荒川 / basin 16 / 凹地・浅い谷,continue,1,1,1,566,2555,watersystem_x_unit_basin_x_landform,0.0017667844522968198,3.913894324853229e-4,0.0013753950198114968,4.514134275618375,low_n_descriptive_only,FALSE
He->Me,6,B_830304_16_LF_CLASS::台地・段丘,荒川 / basin 16 / 台地・段丘,continue,1,2,0.5,566,2555,watersystem_x_unit_basin_x_landform,0.0017667844522968198,7.827788649706458e-4,9.840055873261738e-4,2.2570671378091873,low_n_descriptive_only,FALSE
He->Me,6,B_830304_16_LF_CLASS::台地・段丘,荒川 / basin 16 / 台地・段丘,drop,1,2,0.5,1560,2555,watersystem_x_unit_basin_x_landform,6.41025641025641e-4,7.827788649706458e-4,-1.417532239450048e-4,0.8189102564102564,low_n_descriptive_only,FALSE
He->Me,6,B_830304_16_LF_CLASS::氾濫平野・海岸平野,荒川 / basin 16 / 氾濫平野・海岸平野,continue,1,2,0.5,566,2555,watersystem_x_unit_basin_x_landform,0.0017667844522968198,7.827788649706458e-4,9.840055873261738e-4,2.2570671378091873,low_n_descriptive_only,FALSE
He->Me,6,B_830304_16_LF_CLASS::氾濫平野・海岸平野,荒川 / basin 16 / 氾濫平野・海岸平野,drop,1,2,0.5,1560,2555,watersystem_x_unit_basin_x_landform,6.41025641025641e-4,7.827788649706458e-4,-1.417532239450048e-4,0.8189102564102564,low_n_descriptive_only,FALSE
He->Me,6,B_830304_16_LF_CLASS::自然堤防,荒川 / basin 16 / 自然堤防,drop,2,3,0.6666666666666666,1560,2555,watersystem_x_unit_basin_x_landform,0.001282051282051282,0.0011741682974559687,1.0788298459531338e-4,1.091880341880342,low_n_descriptive_only,FALSE
He->Me,6,B_830304_16_LF_CLASS::自然堤防,荒川 / basin 16 / 自然堤防,new,1,3,0.3333333333333333,429,2555,watersystem_x_unit_basin_x_landform,0.002331002331002331,0.0011741682974559687,0.0011568340335463623,1.9852369852369853,low_n_descriptive_only,FALSE
He->Me,6,B_830304_25_LF_CLASS::台地・段丘,荒川 / basin 25 / 台地・段丘,continue,2,5,0.4,566,2555,watersystem_x_unit_basin_x_landform,0.0035335689045936395,0.0019569471624266144,0.0015766217421670252,1.80565371024735,low_n_descriptive_only,FALSE
He->Me,6,B_830304_25_LF_CLASS::台地・段丘,荒川 / basin 25 / 台地・段丘,drop,3,5,0.6,1560,2555,watersystem_x_unit_basin_x_landform,0.0019230769230769232,0.0019569471624266144,-3.387023934969119e-5,0.9826923076923078,low_n_descriptive_only,FALSE
He->Me,6,B_830304_25_LF_CLASS::氾濫平野・海岸平野,荒川 / basin 25 / 氾濫平野・海岸平野,continue,3,7,0.42857142857142855,566,2555,watersystem_x_unit_basin_x_landform,0.00530035335689046,0.0027397260273972603,0.0025606273294931994,1.9346289752650179,low_n_descriptive_only,FALSE
He->Me,6,B_830304_25_LF_CLASS::氾濫平野・海岸平野,荒川 / basin 25 / 氾濫平野・海岸平野,drop,1,7,0.14285714285714285,1560,2555,watersystem_x_unit_basin_x_landform,6.41025641025641e-4,0.0027397260273972603,-0.0020987003863716194,0.23397435897435898,low_n_descriptive_only,FALSE
He->Me,6,B_830304_25_LF_CLASS::氾濫平野・海岸平野,荒川 / basin 25 / 氾濫平野・海岸平野,new,3,7,0.42857142857142855,429,2555,watersystem_x_unit_basin_x_landform,0.006993006993006993,0.0027397260273972603,0.004253280965609733,2.5524475524475525,low_n_descriptive_only,FALSE
He->Me,6,B_830304_25_LF_CLASS::砂州・砂丘,荒川 / basin 25 / 砂州・砂丘,continue,6,11,0.5454545454545454,566,2555,watersystem_x_unit_basin_x_landform,0.01060070671378092,0.004305283757338552,0.006295422956442367,2.4622550594282044,low_n_descriptive_only,FALSE
He->Me,6,B_830304_25_LF_CLASS::砂州・砂丘,荒川 / basin 25 / 砂州・砂丘,drop,5,11,0.45454545454545453,1560,2555,watersystem_x_unit_basin_x_landform,0.003205128205128205,0.004305283757338552,-0.0011001555522103471,0.7444638694638694,low_n_descriptive_only,FALSE
He->Me,6,B_830304_26_LF_CLASS::台地・段丘,荒川 / basin 26 / 台地・段丘,continue,1,7,0.14285714285714285,566,2555,watersystem_x_unit_basin_x_landform,0.0017667844522968198,0.0027397260273972603,-9.729415751004405e-4,0.6448763250883393,low_n_descriptive_only,FALSE
He->Me,6,B_830304_26_LF_CLASS::台地・段丘,荒川 / basin 26 / 台地・段丘,drop,2,7,0.2857142857142857,1560,2555,watersystem_x_unit_basin_x_landform,0.001282051282051282,0.0027397260273972603,-0.0014576747453459782,0.46794871794871795,low_n_descriptive_only,FALSE
He->Me,6,B_830304_26_LF_CLASS::台地・段丘,荒川 / basin 26 / 台地・段丘,new,4,7,0.5714285714285714,429,2555,watersystem_x_unit_basin_x_landform,0.009324009324009324,0.0027397260273972603,0.006584283296612064,3.403263403263403,low_n_descriptive_only,FALSE
He->Me,6,B_830304_26_LF_CLASS::山地斜面等,荒川 / basin 26 / 山地斜面等,drop,1,1,1,1560,2555,watersystem_x_unit_basin_x_landform,6.41025641025641e-4,3.913894324853229e-4,2.496362085403181e-4,1.6378205128205128,low_n_descriptive_only,FALSE
He->Me,6,B_830304_26_LF_CLASS::氾濫平野・海岸平野,荒川 / basin 26 / 氾濫平野・海岸平野,continue,1,1,1,566,2555,watersystem_x_unit_basin_x_landform,0.0017667844522968198,3.913894324853229e-4,0.0013753950198114968,4.514134275618375,low_n_descriptive_only,FALSE
He->Me,6,B_830304_27_LF_CLASS::台地・段丘,荒川 / basin 27 / 台地・段丘,continue,3,9,0.3333333333333333,566,2555,watersystem_x_unit_basin_x_landform,0.00530035335689046,0.0035225048923679062,0.0017778484645225535,1.5047114252061249,low_n_descriptive_only,FALSE
He->Me,6,B_830304_27_LF_CLASS::台地・段丘,荒川 / basin 27 / 台地・段丘,drop,5,9,0.5555555555555556,1560,2555,watersystem_x_unit_basin_x_landform,0.003205128205128205,0.0035225048923679062,-3.173766872397012e-4,0.9099002849002849,low_n_descriptive_only,FALSE
He->Me,6,B_830304_27_LF_CLASS::台地・段丘,荒川 / basin 27 / 台地・段丘,new,1,9,0.1111111111111111,429,2555,watersystem_x_unit_basin_x_landform,0.002331002331002331,0.0035225048923679062,-0.0011915025613655752,0.6617456617456617,low_n_descriptive_only,FALSE
He->Me,6,B_830304_27_LF_CLASS::砂州・砂丘,荒川 / basin 27 / 砂州・砂丘,continue,1,2,0.5,566,2555,watersystem_x_unit_basin_x_landform,0.0017667844522968198,7.827788649706458e-4,9.840055873261738e-4,2.2570671378091873,low_n_descriptive_only,FALSE
He->Me,6,B_830304_27_LF_CLASS::砂州・砂丘,荒川 / basin 27 / 砂州・砂丘,new,1,2,0.5,429,2555,watersystem_x_unit_basin_x_landform,0.002331002331002331,7.827788649706458e-4,0.001548223466031685,2.9778554778554778,low_n_descriptive_only,FALSE
He->Me,6,B_830304_27_LF_CLASS::自然堤防,荒川 / basin 27 / 自然堤防,continue,1,1,1,566,2555,watersystem_x_unit_basin_x_landform,0.0017667844522968198,3.913894324853229e-4,0.0013753950198114968,4.514134275618375,low_n_descriptive_only,FALSE
He->Me,6,B_830304_36_LF_CLASS::氾濫平野・海岸平野,荒川 / basin 36 / 氾濫平野・海岸平野,continue,1,2,0.5,566,2555,watersystem_x_unit_basin_x_landform,0.0017667844522968198,7.827788649706458e-4,9.840055873261738e-4,2.2570671378091873,low_n_descriptive_only,FALSE
He->Me,6,B_830304_36_LF_CLASS::氾濫平野・海岸平野,荒川 / basin 36 / 氾濫平野・海岸平野,new,1,2,0.5,429,2555,watersystem_x_unit_basin_x_landform,0.002331002331002331,7.827788649706458e-4,0.001548223466031685,2.9778554778554778,low_n_descriptive_only,FALSE
He->Me,6,B_830304_37_LF_CLASS::台地・段丘,荒川 / basin 37 / 台地・段丘,new,5,5,1,429,2555,watersystem_x_unit_basin_x_landform,0.011655011655011656,0.0019569471624266144,0.009698064492585041,5.955710955710956,low_n_descriptive_only,FALSE
He->Me,6,B_830304_37_LF_CLASS::山地斜面等,荒川 / basin 37 / 山地斜面等,drop,1,2,0.5,1560,2555,watersystem_x_unit_basin_x_landform,6.41025641025641e-4,7.827788649706458e-4,-1.417532239450048e-4,0.8189102564102564,low_n_descriptive_only,FALSE
He->Me,6,B_830304_37_LF_CLASS::山地斜面等,荒川 / basin 37 / 山地斜面等,new,1,2,0.5,429,2555,watersystem_x_unit_basin_x_landform,0.002331002331002331,7.827788649706458e-4,0.001548223466031685,2.9778554778554778,low_n_descriptive_only,FALSE
He->Me,6,B_830304_37_LF_CLASS::氾濫平野・海岸平野,荒川 / basin 37 / 氾濫平野・海岸平野,drop,1,1,1,1560,2555,watersystem_x_unit_basin_x_landform,6.41025641025641e-4,3.913894324853229e-4,2.496362085403181e-4,1.6378205128205128,low_n_descriptive_only,FALSE
He->Me,6,B_830304_38_LF_CLASS::台地・段丘,荒川 / basin 38 / 台地・段丘,drop,2,4,0.5,1560,2555,watersystem_x_unit_basin_x_landform,0.001282051282051282,0.0015655577299412916,-2.835064478900096e-4,0.8189102564102564,low_n_descriptive_only,FALSE
He->Me,6,B_830304_38_LF_CLASS::台地・段丘,荒川 / basin 38 / 台地・段丘,new,2,4,0.5,429,2555,watersystem_x_unit_basin_x_landform,0.004662004662004662,0.0015655577299412916,0.00309644693206337,2.9778554778554778,low_n_descriptive_only,FALSE
He->Me,6,B_830304_38_LF_CLASS::山地斜面等,荒川 / basin 38 / 山地斜面等,drop,1,1,1,1560,2555,watersystem_x_unit_basin_x_landform,6.41025641025641e-4,3.913894324853229e-4,2.496362085403181e-4,1.6378205128205128,low_n_descriptive_only,FALSE
He->Me,6,B_830304_38_LF_CLASS::後背低地・湿地,荒川 / basin 38 / 後背低地・湿地,drop,1,1,1,1560,2555,watersystem_x_unit_basin_x_landform,6.41025641025641e-4,3.913894324853229e-4,2.496362085403181e-4,1.6378205128205128,low_n_descriptive_only,FALSE
He->Me,6,B_830304_38_LF_CLASS::氾濫平野・海岸平野,荒川 / basin 38 / 氾濫平野・海岸平野,drop,1,3,0.3333333333333333,1560,2555,watersystem_x_unit_basin_x_landform,6.41025641025641e-4,0.0011741682974559687,-5.331426564303276e-4,0.545940170940171,low_n_descriptive_only,FALSE
He->Me,6,B_830304_38_LF_CLASS::氾濫平野・海岸平野,荒川 / basin 38 / 氾濫平野・海岸平野,new,2,3,0.6666666666666666,429,2555,watersystem_x_unit_basin_x_landform,0.004662004662004662,0.0011741682974559687,0.0034878363645486936,3.9704739704739707,low_n_descriptive_only,FALSE
He->Me,6,B_830304_38_LF_CLASS::砂州・砂丘,荒川 / basin 38 / 砂州・砂丘,new,3,3,1,429,2555,watersystem_x_unit_basin_x_landform,0.006993006993006993,0.0011741682974559687,0.0058188386955510246,5.9557109557109555,low_n_descriptive_only,FALSE
He->Me,6,B_830304_39_LF_CLASS::台地・段丘,荒川 / basin 39 / 台地・段丘,drop,4,4,1,1560,2555,watersystem_x_unit_basin_x_landform,0.002564102564102564,0.0015655577299412916,9.985448341612725e-4,1.6378205128205128,low_n_descriptive_only,FALSE
He->Me,6,B_830304_39_LF_CLASS::山地斜面等,荒川 / basin 39 / 山地斜面等,drop,1,1,1,1560,2555,watersystem_x_unit_basin_x_landform,6.41025641025641e-4,3.913894324853229e-4,2.496362085403181e-4,1.6378205128205128,low_n_descriptive_only,FALSE
He->Me,6,B_830304_39_LF_CLASS::水部,荒川 / basin 39 / 水部,continue,1,1,1,566,2555,watersystem_x_unit_basin_x_landform,0.0017667844522968198,3.913894324853229e-4,0.0013753950198114968,4.514134275618375,low_n_descriptive_only,FALSE
He->Me,6,B_830304_39_LF_CLASS::氾濫平野・海岸平野,荒川 / basin 39 / 氾濫平野・海岸平野,new,1,1,1,429,2555,watersystem_x_unit_basin_x_landform,0.002331002331002331,3.913894324853229e-4,0.001939612898517008,5.9557109557109555,low_n_descriptive_only,FALSE
He->Me,6,B_830304_40_LF_CLASS::台地・段丘,荒川 / basin 40 / 台地・段丘,drop,1,1,1,1560,2555,watersystem_x_unit_basin_x_landform,6.41025641025641e-4,3.913894324853229e-4,2.496362085403181e-4,1.6378205128205128,low_n_descriptive_only,FALSE
He->Me,6,B_830304_42_LF_CLASS::台地・段丘,荒川 / basin 42 / 台地・段丘,drop,5,5,1,1560,2555,watersystem_x_unit_basin_x_landform,0.003205128205128205,0.0019569471624266144,0.0012481810427015906,1.6378205128205128,low_n_descriptive_only,FALSE
He->Me,6,B_830304_42_LF_CLASS::氾濫平野・海岸平野,荒川 / basin 42 / 氾濫平野・海岸平野,continue,1,2,0.5,566,2555,watersystem_x_unit_basin_x_landform,0.0017667844522968198,7.827788649706458e-4,9.840055873261738e-4,2.2570671378091873,low_n_descriptive_only,FALSE
He->Me,6,B_830304_42_LF_CLASS::氾濫平野・海岸平野,荒川 / basin 42 / 氾濫平野・海岸平野,drop,1,2,0.5,1560,2555,watersystem_x_unit_basin_x_landform,6.41025641025641e-4,7.827788649706458e-4,-1.417532239450048e-4,0.8189102564102564,low_n_descriptive_only,FALSE
He->Me,6,B_830304_44_LF_CLASS::氾濫平野・海岸平野,荒川 / basin 44 / 氾濫平野・海岸平野,continue,1,1,1,566,2555,watersystem_x_unit_basin_x_landform,0.0017667844522968198,3.913894324853229e-4,0.0013753950198114968,4.514134275618375,low_n_descriptive_only,FALSE
He->Me,6,B_830304_47_LF_CLASS::台地・段丘,荒川 / basin 47 / 台地・段丘,continue,3,14,0.21428571428571427,566,2555,watersystem_x_unit_basin_x_landform,0.00530035335689046,0.005479452054794521,-1.7909869790406086e-4,0.9673144876325089,low_n_descriptive_only,FALSE
He->Me,6,B_830304_47_LF_CLASS::台地・段丘,荒川 / basin 47 / 台地・段丘,drop,8,14,0.5714285714285714,1560,2555,watersystem_x_unit_basin_x_landform,0.005128205128205128,0.005479452054794521,-3.512469265893924e-4,0.9358974358974359,low_n_descriptive_only,FALSE
He->Me,6,B_830304_47_LF_CLASS::台地・段丘,荒川 / basin 47 / 台地・段丘,new,3,14,0.21428571428571427,429,2555,watersystem_x_unit_basin_x_landform,0.006993006993006993,0.005479452054794521,0.0015135549382124724,1.2762237762237763,low_n_descriptive_only,FALSE
He->Me,6,B_830304_47_LF_CLASS::山地斜面等,荒川 / basin 47 / 山地斜面等,continue,1,4,0.25,566,2555,watersystem_x_unit_basin_x_landform,0.0017667844522968198,0.0015655577299412916,2.0122672235552814e-4,1.1285335689045937,low_n_descriptive_only,FALSE
He->Me,6,B_830304_47_LF_CLASS::山地斜面等,荒川 / basin 47 / 山地斜面等,drop,2,4,0.5,1560,2555,watersystem_x_unit_basin_x_landform,0.001282051282051282,0.0015655577299412916,-2.835064478900096e-4,0.8189102564102564,low_n_descriptive_only,FALSE
He->Me,6,B_830304_47_LF_CLASS::山地斜面等,荒川 / basin 47 / 山地斜面等,new,1,4,0.25,429,2555,watersystem_x_unit_basin_x_landform,0.002331002331002331,0.0015655577299412916,7.654446010610394e-4,1.4889277389277389,low_n_descriptive_only,FALSE
He->Me,6,B_830304_51_LF_CLASS::台地・段丘,荒川 / basin 51 / 台地・段丘,continue,2,2,1,566,2555,watersystem_x_unit_basin_x_landform,0.0035335689045936395,7.827788649706458e-4,0.0027507900396229936,4.514134275618375,low_n_descriptive_only,FALSE
He->Me,6,B_830304_51_LF_CLASS::山地斜面等,荒川 / basin 51 / 山地斜面等,continue,1,2,0.5,566,2555,watersystem_x_unit_basin_x_landform,0.0017667844522968198,7.827788649706458e-4,9.840055873261738e-4,2.2570671378091873,low_n_descriptive_only,FALSE
He->Me,6,B_830304_51_LF_CLASS::山地斜面等,荒川 / basin 51 / 山地斜面等,drop,1,2,0.5,1560,2555,watersystem_x_unit_basin_x_landform,6.41025641025641e-4,7.827788649706458e-4,-1.417532239450048e-4,0.8189102564102564,low_n_descriptive_only,FALSE
He->Me,6,B_830304_52_LF_CLASS::台地・段丘,荒川 / basin 52 / 台地・段丘,continue,3,16,0.1875,566,2555,watersystem_x_unit_basin_x_landform,0.00530035335689046,0.0062622309197651665,-9.618775628747068e-4,0.8464001766784452,low_n_descriptive_only,FALSE
He->Me,6,B_830304_52_LF_CLASS::台地・段丘,荒川 / basin 52 / 台地・段丘,drop,6,16,0.375,1560,2555,watersystem_x_unit_basin_x_landform,0.0038461538461538464,0.0062622309197651665,-0.00241607707361132,0.6141826923076923,low_n_descriptive_only,FALSE
He->Me,6,B_830304_52_LF_CLASS::台地・段丘,荒川 / basin 52 / 台地・段丘,new,7,16,0.4375,429,2555,watersystem_x_unit_basin_x_landform,0.016317016317016316,0.0062622309197651665,0.010054785397251149,2.605623543123543,low_n_descriptive_only,FALSE
He->Me,6,B_830304_52_LF_CLASS::山地斜面等,荒川 / basin 52 / 山地斜面等,continue,2,6,0.3333333333333333,566,2555,watersystem_x_unit_basin_x_landform,0.0035335689045936395,0.0023483365949119373,0.0011852323096817022,1.5047114252061249,low_n_descriptive_only,FALSE
He->Me,6,B_830304_52_LF_CLASS::山地斜面等,荒川 / basin 52 / 山地斜面等,drop,2,6,0.3333333333333333,1560,2555,watersystem_x_unit_basin_x_landform,0.001282051282051282,0.0023483365949119373,-0.0010662853128606553,0.545940170940171,low_n_descriptive_only,FALSE
He->Me,6,B_830304_52_LF_CLASS::山地斜面等,荒川 / basin 52 / 山地斜面等,new,2,6,0.3333333333333333,429,2555,watersystem_x_unit_basin_x_landform,0.004662004662004662,0.0023483365949119373,0.0023136680670927247,1.9852369852369853,low_n_descriptive_only,FALSE
He->Me,6,B_830304_52_LF_CLASS::後背低地・湿地,荒川 / basin 52 / 後背低地・湿地,drop,1,2,0.5,1560,2555,watersystem_x_unit_basin_x_landform,6.41025641025641e-4,7.827788649706458e-4,-1.417532239450048e-4,0.8189102564102564,low_n_descriptive_only,FALSE
He->Me,6,B_830304_52_LF_CLASS::後背低地・湿地,荒川 / basin 52 / 後背低地・湿地,new,1,2,0.5,429,2555,watersystem_x_unit_basin_x_landform,0.002331002331002331,7.827788649706458e-4,0.001548223466031685,2.9778554778554778,low_n_descriptive_only,FALSE
He->Me,6,B_830304_52_LF_CLASS::氾濫平野・海岸平野,荒川 / basin 52 / 氾濫平野・海岸平野,continue,1,1,1,566,2555,watersystem_x_unit_basin_x_landform,0.0017667844522968198,3.913894324853229e-4,0.0013753950198114968,4.514134275618375,low_n_descriptive_only,FALSE
He->Me,6,B_830304_53_LF_CLASS::台地・段丘,荒川 / basin 53 / 台地・段丘,new,1,1,1,429,2555,watersystem_x_unit_basin_x_landform,0.002331002331002331,3.913894324853229e-4,0.001939612898517008,5.9557109557109555,low_n_descriptive_only,FALSE
He->Me,6,B_830304_53_LF_CLASS::山地斜面等,荒川 / basin 53 / 山地斜面等,drop,2,2,1,1560,2555,watersystem_x_unit_basin_x_landform,0.001282051282051282,7.827788649706458e-4,4.992724170806362e-4,1.6378205128205128,low_n_descriptive_only,FALSE
He->Me,6,B_830304_54_LF_CLASS::台地・段丘,荒川 / basin 54 / 台地・段丘,drop,4,5,0.8,1560,2555,watersystem_x_unit_basin_x_landform,0.002564102564102564,0.0019569471624266144,6.071554016759497e-4,1.3102564102564103,low_n_descriptive_only,FALSE
He->Me,6,B_830304_54_LF_CLASS::台地・段丘,荒川 / basin 54 / 台地・段丘,new,1,5,0.2,429,2555,watersystem_x_unit_basin_x_landform,0.002331002331002331,0.0019569471624266144,3.7405516857571663e-4,1.191142191142191,low_n_descriptive_only,FALSE
He->Me,6,B_830304_54_LF_CLASS::山地斜面等,荒川 / basin 54 / 山地斜面等,drop,2,2,1,1560,2555,watersystem_x_unit_basin_x_landform,0.001282051282051282,7.827788649706458e-4,4.992724170806362e-4,1.6378205128205128,low_n_descriptive_only,FALSE
He->Me,6,B_830304_55_LF_CLASS::台地・段丘,荒川 / basin 55 / 台地・段丘,continue,2,8,0.25,566,2555,watersystem_x_unit_basin_x_landform,0.0035335689045936395,0.0031311154598825833,4.024534447110563e-4,1.1285335689045937,low_n_descriptive_only,FALSE
He->Me,6,B_830304_55_LF_CLASS::台地・段丘,荒川 / basin 55 / 台地・段丘,drop,5,8,0.625,1560,2555,watersystem_x_unit_basin_x_landform,0.003205128205128205,0.0031311154598825833,7.401274524562176e-5,1.0236378205128205,low_n_descriptive_only,FALSE
He->Me,6,B_830304_55_LF_CLASS::台地・段丘,荒川 / basin 55 / 台地・段丘,new,1,8,0.125,429,2555,watersystem_x_unit_basin_x_landform,0.002331002331002331,0.0031311154598825833,-8.001131288802523e-4,0.7444638694638694,low_n_descriptive_only,FALSE
He->Me,6,B_830304_55_LF_CLASS::氾濫平野・海岸平野,荒川 / basin 55 / 氾濫平野・海岸平野,continue,1,1,1,566,2555,watersystem_x_unit_basin_x_landform,0.0017667844522968198,3.913894324853229e-4,0.0013753950198114968,4.514134275618375,low_n_descriptive_only,FALSE
He->Me,6,B_830304_56_LF_CLASS::台地・段丘,荒川 / basin 56 / 台地・段丘,continue,5,11,0.45454545454545453,566,2555,watersystem_x_unit_basin_x_landform,0.0088339222614841,0.004305283757338552,0.004528638504145547,2.05187921619017,low_n_descriptive_only,FALSE
He->Me,6,B_830304_56_LF_CLASS::台地・段丘,荒川 / basin 56 / 台地・段丘,drop,3,11,0.2727272727272727,1560,2555,watersystem_x_unit_basin_x_landform,0.0019230769230769232,0.004305283757338552,-0.002382206834261629,0.44667832167832167,low_n_descriptive_only,FALSE
He->Me,6,B_830304_56_LF_CLASS::台地・段丘,荒川 / basin 56 / 台地・段丘,new,3,11,0.2727272727272727,429,2555,watersystem_x_unit_basin_x_landform,0.006993006993006993,0.004305283757338552,0.002687723235668441,1.6242848061029878,low_n_descriptive_only,FALSE
He->Me,6,B_830304_56_LF_CLASS::氾濫平野・海岸平野,荒川 / basin 56 / 氾濫平野・海岸平野,continue,1,3,0.3333333333333333,566,2555,watersystem_x_unit_basin_x_landform,0.0017667844522968198,0.0011741682974559687,5.926161548408511e-4,1.5047114252061249,low_n_descriptive_only,FALSE
He->Me,6,B_830304_56_LF_CLASS::氾濫平野・海岸平野,荒川 / basin 56 / 氾濫平野・海岸平野,drop,1,3,0.3333333333333333,1560,2555,watersystem_x_unit_basin_x_landform,6.41025641025641e-4,0.0011741682974559687,-5.331426564303276e-4,0.545940170940171,low_n_descriptive_only,FALSE
He->Me,6,B_830304_56_LF_CLASS::氾濫平野・海岸平野,荒川 / basin 56 / 氾濫平野・海岸平野,new,1,3,0.3333333333333333,429,2555,watersystem_x_unit_basin_x_landform,0.002331002331002331,0.0011741682974559687,0.0011568340335463623,1.9852369852369853,low_n_descriptive_only,FALSE
He->Me,6,B_830304_57_LF_CLASS::台地・段丘,荒川 / basin 57 / 台地・段丘,drop,1,4,0.25,1560,2555,watersystem_x_unit_basin_x_landform,6.41025641025641e-4,0.0015655577299412916,-9.245320889156506e-4,0.4094551282051282,low_n_descriptive_only,FALSE
He->Me,6,B_830304_57_LF_CLASS::台地・段丘,荒川 / basin 57 / 台地・段丘,new,3,4,0.75,429,2555,watersystem_x_unit_basin_x_landform,0.006993006993006993,0.0015655577299412916,0.005427449263065701,4.466783216783217,low_n_descriptive_only,FALSE
He->Me,6,B_830304_57_LF_CLASS::山地斜面等,荒川 / basin 57 / 山地斜面等,drop,2,3,0.6666666666666666,1560,2555,watersystem_x_unit_basin_x_landform,0.001282051282051282,0.0011741682974559687,1.0788298459531338e-4,1.091880341880342,low_n_descriptive_only,FALSE
He->Me,6,B_830304_57_LF_CLASS::山地斜面等,荒川 / basin 57 / 山地斜面等,new,1,3,0.3333333333333333,429,2555,watersystem_x_unit_basin_x_landform,0.002331002331002331,0.0011741682974559687,0.0011568340335463623,1.9852369852369853,low_n_descriptive_only,FALSE
He->Me,6,B_830304_57_LF_CLASS::氾濫平野・海岸平野,荒川 / basin 57 / 氾濫平野・海岸平野,continue,1,3,0.3333333333333333,566,2555,watersystem_x_unit_basin_x_landform,0.0017667844522968198,0.0011741682974559687,5.926161548408511e-4,1.5047114252061249,low_n_descriptive_only,FALSE
He->Me,6,B_830304_57_LF_CLASS::氾濫平野・海岸平野,荒川 / basin 57 / 氾濫平野・海岸平野,drop,1,3,0.3333333333333333,1560,2555,watersystem_x_unit_basin_x_landform,6.41025641025641e-4,0.0011741682974559687,-5.331426564303276e-4,0.545940170940171,low_n_descriptive_only,FALSE
He->Me,6,B_830304_57_LF_CLASS::氾濫平野・海岸平野,荒川 / basin 57 / 氾濫平野・海岸平野,new,1,3,0.3333333333333333,429,2555,watersystem_x_unit_basin_x_landform,0.002331002331002331,0.0011741682974559687,0.0011568340335463623,1.9852369852369853,low_n_descriptive_only,FALSE
He->Me,6,B_830304_61_LF_CLASS::台地・段丘,荒川 / basin 61 / 台地・段丘,continue,2,5,0.4,566,2555,watersystem_x_unit_basin_x_landform,0.0035335689045936395,0.0019569471624266144,0.0015766217421670252,1.80565371024735,low_n_descriptive_only,FALSE
He->Me,6,B_830304_61_LF_CLASS::台地・段丘,荒川 / basin 61 / 台地・段丘,drop,2,5,0.4,1560,2555,watersystem_x_unit_basin_x_landform,0.001282051282051282,0.0019569471624266144,-6.748958803753323e-4,0.6551282051282051,low_n_descriptive_only,FALSE
He->Me,6,B_830304_61_LF_CLASS::台地・段丘,荒川 / basin 61 / 台地・段丘,new,1,5,0.2,429,2555,watersystem_x_unit_basin_x_landform,0.002331002331002331,0.0019569471624266144,3.7405516857571663e-4,1.191142191142191,low_n_descriptive_only,FALSE
He->Me,6,B_830304_61_LF_CLASS::山地斜面等,荒川 / basin 61 / 山地斜面等,continue,2,5,0.4,566,2555,watersystem_x_unit_basin_x_landform,0.0035335689045936395,0.0019569471624266144,0.0015766217421670252,1.80565371024735,low_n_descriptive_only,FALSE
He->Me,6,B_830304_61_LF_CLASS::山地斜面等,荒川 / basin 61 / 山地斜面等,drop,1,5,0.2,1560,2555,watersystem_x_unit_basin_x_landform,6.41025641025641e-4,0.0019569471624266144,-0.0013159215214009735,0.32756410256410257,low_n_descriptive_only,FALSE
He->Me,6,B_830304_61_LF_CLASS::山地斜面等,荒川 / basin 61 / 山地斜面等,new,2,5,0.4,429,2555,watersystem_x_unit_basin_x_landform,0.004662004662004662,0.0019569471624266144,0.0027050574995780476,2.382284382284382,low_n_descriptive_only,FALSE
He->Me,6,B_830304_61_LF_CLASS::氾濫平野・海岸平野,荒川 / basin 61 / 氾濫平野・海岸平野,new,1,1,1,429,2555,watersystem_x_unit_basin_x_landform,0.002331002331002331,3.913894324853229e-4,0.001939612898517008,5.9557109557109555,low_n_descriptive_only,FALSE
He->Me,6,B_830304_67_LF_CLASS::台地・段丘,荒川 / basin 67 / 台地・段丘,drop,2,3,0.6666666666666666,1560,2555,watersystem_x_unit_basin_x_landform,0.001282051282051282,0.0011741682974559687,1.0788298459531338e-4,1.091880341880342,low_n_descriptive_only,FALSE
He->Me,6,B_830304_67_LF_CLASS::台地・段丘,荒川 / basin 67 / 台地・段丘,new,1,3,0.3333333333333333,429,2555,watersystem_x_unit_basin_x_landform,0.002331002331002331,0.0011741682974559687,0.0011568340335463623,1.9852369852369853,low_n_descriptive_only,FALSE
He->Me,6,B_830304_67_LF_CLASS::山地斜面等,荒川 / basin 67 / 山地斜面等,drop,1,1,1,1560,2555,watersystem_x_unit_basin_x_landform,6.41025641025641e-4,3.913894324853229e-4,2.496362085403181e-4,1.6378205128205128,low_n_descriptive_only,FALSE
He->Me,6,B_830304_68_LF_CLASS::台地・段丘,荒川 / basin 68 / 台地・段丘,continue,8,28,0.2857142857142857,566,2555,watersystem_x_unit_basin_x_landform,0.014134275618374558,0.010958904109589041,0.003175371508785517,1.2897526501766785,eligible,FALSE
He->Me,6,B_830304_68_LF_CLASS::台地・段丘,荒川 / basin 68 / 台地・段丘,drop,13,28,0.4642857142857143,1560,2555,watersystem_x_unit_basin_x_landform,0.008333333333333333,0.010958904109589041,-0.002625570776255708,0.7604166666666666,eligible,FALSE
He->Me,6,B_830304_68_LF_CLASS::台地・段丘,荒川 / basin 68 / 台地・段丘,new,7,28,0.25,429,2555,watersystem_x_unit_basin_x_landform,0.016317016317016316,0.010958904109589041,0.005358112207427275,1.4889277389277389,eligible,FALSE
He->Me,6,B_830304_68_LF_CLASS::山地斜面等,荒川 / basin 68 / 山地斜面等,drop,10,10,1,1560,2555,watersystem_x_unit_basin_x_landform,0.00641025641025641,0.003913894324853229,0.0024963620854031813,1.6378205128205128,low_n_descriptive_only,FALSE
He->Me,6,B_830304_68_LF_CLASS::氾濫平野・海岸平野,荒川 / basin 68 / 氾濫平野・海岸平野,drop,1,1,1,1560,2555,watersystem_x_unit_basin_x_landform,6.41025641025641e-4,3.913894324853229e-4,2.496362085403181e-4,1.6378205128205128,low_n_descriptive_only,FALSE
He->Me,6,B_830304_69_LF_CLASS::台地・段丘,荒川 / basin 69 / 台地・段丘,drop,1,3,0.3333333333333333,1560,2555,watersystem_x_unit_basin_x_landform,6.41025641025641e-4,0.0011741682974559687,-5.331426564303276e-4,0.545940170940171,low_n_descriptive_only,FALSE
He->Me,6,B_830304_69_LF_CLASS::台地・段丘,荒川 / basin 69 / 台地・段丘,new,2,3,0.6666666666666666,429,2555,watersystem_x_unit_basin_x_landform,0.004662004662004662,0.0011741682974559687,0.0034878363645486936,3.9704739704739707,low_n_descriptive_only,FALSE
He->Me,6,B_830304_69_LF_CLASS::山地斜面等,荒川 / basin 69 / 山地斜面等,drop,2,2,1,1560,2555,watersystem_x_unit_basin_x_landform,0.001282051282051282,7.827788649706458e-4,4.992724170806362e-4,1.6378205128205128,low_n_descriptive_only,FALSE
He->Me,6,B_830304_69_LF_CLASS::氾濫平野・海岸平野,荒川 / basin 69 / 氾濫平野・海岸平野,new,1,1,1,429,2555,watersystem_x_unit_basin_x_landform,0.002331002331002331,3.913894324853229e-4,0.001939612898517008,5.9557109557109555,low_n_descriptive_only,FALSE
He->Me,6,B_830304_70_LF_CLASS::台地・段丘,荒川 / basin 70 / 台地・段丘,continue,1,8,0.125,566,2555,watersystem_x_unit_basin_x_landform,0.0017667844522968198,0.0031311154598825833,-0.0013643310075857635,0.5642667844522968,low_n_descriptive_only,FALSE
He->Me,6,B_830304_70_LF_CLASS::台地・段丘,荒川 / basin 70 / 台地・段丘,drop,3,8,0.375,1560,2555,watersystem_x_unit_basin_x_landform,0.0019230769230769232,0.0031311154598825833,-0.00120803853680566,0.6141826923076923,low_n_descriptive_only,FALSE
He->Me,6,B_830304_70_LF_CLASS::台地・段丘,荒川 / basin 70 / 台地・段丘,new,4,8,0.5,429,2555,watersystem_x_unit_basin_x_landform,0.009324009324009324,0.0031311154598825833,0.00619289386412674,2.9778554778554778,low_n_descriptive_only,FALSE
He->Me,6,B_830304_70_LF_CLASS::山地斜面等,荒川 / basin 70 / 山地斜面等,drop,3,3,1,1560,2555,watersystem_x_unit_basin_x_landform,0.0019230769230769232,0.0011741682974559687,7.489086256209545e-4,1.637820512820513,low_n_descriptive_only,FALSE
He->Me,6,B_830304_70_LF_CLASS::氾濫平野・海岸平野,荒川 / basin 70 / 氾濫平野・海岸平野,new,2,2,1,429,2555,watersystem_x_unit_basin_x_landform,0.004662004662004662,7.827788649706458e-4,0.003879225797034016,5.9557109557109555,low_n_descriptive_only,FALSE
He->Me,6,B_830304_79_LF_CLASS::凹地・浅い谷,荒川 / basin 79 / 凹地・浅い谷,drop,2,2,1,1560,2555,watersystem_x_unit_basin_x_landform,0.001282051282051282,7.827788649706458e-4,4.992724170806362e-4,1.6378205128205128,low_n_descriptive_only,FALSE
He->Me,6,B_830304_79_LF_CLASS::台地・段丘,荒川 / basin 79 / 台地・段丘,continue,1,6,0.16666666666666666,566,2555,watersystem_x_unit_basin_x_landform,0.0017667844522968198,0.0023483365949119373,-5.815521426151176e-4,0.7523557126030624,low_n_descriptive_only,FALSE
He->Me,6,B_830304_79_LF_CLASS::台地・段丘,荒川 / basin 79 / 台地・段丘,drop,5,6,0.8333333333333334,1560,2555,watersystem_x_unit_basin_x_landform,0.003205128205128205,0.0023483365949119373,8.567916102162677e-4,1.3648504273504274,low_n_descriptive_only,FALSE
He->Me,6,B_830304_79_LF_CLASS::山地斜面等,荒川 / basin 79 / 山地斜面等,new,1,1,1,429,2555,watersystem_x_unit_basin_x_landform,0.002331002331002331,3.913894324853229e-4,0.001939612898517008,5.9557109557109555,low_n_descriptive_only,FALSE
He->Me,6,B_830304_80_LF_CLASS::台地・段丘,荒川 / basin 80 / 台地・段丘,drop,5,5,1,1560,2555,watersystem_x_unit_basin_x_landform,0.003205128205128205,0.0019569471624266144,0.0012481810427015906,1.6378205128205128,low_n_descriptive_only,FALSE
He->Me,6,B_830304_80_LF_CLASS::山地斜面等,荒川 / basin 80 / 山地斜面等,drop,1,1,1,1560,2555,watersystem_x_unit_basin_x_landform,6.41025641025641e-4,3.913894324853229e-4,2.496362085403181e-4,1.6378205128205128,low_n_descriptive_only,FALSE
He->Me,6,B_830304_82_LF_CLASS::凹地・浅い谷,荒川 / basin 82 / 凹地・浅い谷,drop,4,4,1,1560,2555,watersystem_x_unit_basin_x_landform,0.002564102564102564,0.0015655577299412916,9.985448341612725e-4,1.6378205128205128,low_n_descriptive_only,FALSE
He->Me,6,B_830304_82_LF_CLASS::台地・段丘,荒川 / basin 82 / 台地・段丘,continue,1,23,0.043478260869565216,566,2555,watersystem_x_unit_basin_x_landform,0.0017667844522968198,0.009001956947162427,-0.007235172494865607,0.1962667076355815,eligible,FALSE
He->Me,6,B_830304_82_LF_CLASS::台地・段丘,荒川 / basin 82 / 台地・段丘,drop,21,23,0.9130434782608695,1560,2555,watersystem_x_unit_basin_x_landform,0.013461538461538462,0.009001956947162427,0.0044595815143760355,1.4954013377926423,eligible,FALSE
He->Me,6,B_830304_82_LF_CLASS::台地・段丘,荒川 / basin 82 / 台地・段丘,new,1,23,0.043478260869565216,429,2555,watersystem_x_unit_basin_x_landform,0.002331002331002331,0.009001956947162427,-0.006670954616160096,0.2589439545961285,eligible,FALSE
He->Me,6,B_830304_82_LF_CLASS::山地斜面等,荒川 / basin 82 / 山地斜面等,drop,6,7,0.8571428571428571,1560,2555,watersystem_x_unit_basin_x_landform,0.0038461538461538464,0.0027397260273972603,0.001106427818756586,1.403846153846154,low_n_descriptive_only,FALSE
He->Me,6,B_830304_82_LF_CLASS::山地斜面等,荒川 / basin 82 / 山地斜面等,new,1,7,0.14285714285714285,429,2555,watersystem_x_unit_basin_x_landform,0.002331002331002331,0.0027397260273972603,-4.087236963949293e-4,0.8508158508158508,low_n_descriptive_only,FALSE
He->Me,6,B_830304_83_LF_CLASS::台地・段丘,荒川 / basin 83 / 台地・段丘,continue,7,15,0.4666666666666667,566,2555,watersystem_x_unit_basin_x_landform,0.012367491166077738,0.005870841487279843,0.006496649678797895,2.1065959952885747,low_n_descriptive_only,FALSE
He->Me,6,B_830304_83_LF_CLASS::台地・段丘,荒川 / basin 83 / 台地・段丘,drop,6,15,0.4,1560,2555,watersystem_x_unit_basin_x_landform,0.0038461538461538464,0.005870841487279843,-0.0020246876411259968,0.6551282051282052,low_n_descriptive_only,FALSE
He->Me,6,B_830304_83_LF_CLASS::台地・段丘,荒川 / basin 83 / 台地・段丘,new,2,15,0.13333333333333333,429,2555,watersystem_x_unit_basin_x_landform,0.004662004662004662,0.005870841487279843,-0.0012088368252751811,0.7940947940947941,low_n_descriptive_only,FALSE
He->Me,6,B_830304_83_LF_CLASS::山地斜面等,荒川 / basin 83 / 山地斜面等,drop,2,2,1,1560,2555,watersystem_x_unit_basin_x_landform,0.001282051282051282,7.827788649706458e-4,4.992724170806362e-4,1.6378205128205128,low_n_descriptive_only,FALSE
He->Me,6,B_830304_83_LF_CLASS::崖・段丘崖,荒川 / basin 83 / 崖・段丘崖,drop,1,1,1,1560,2555,watersystem_x_unit_basin_x_landform,6.41025641025641e-4,3.913894324853229e-4,2.496362085403181e-4,1.6378205128205128,low_n_descriptive_only,FALSE
He->Me,6,B_830304_86_LF_CLASS::台地・段丘,荒川 / basin 86 / 台地・段丘,continue,8,16,0.5,566,2555,watersystem_x_unit_basin_x_landform,0.014134275618374558,0.0062622309197651665,0.00787204469860939,2.2570671378091873,low_n_descriptive_only,FALSE
He->Me,6,B_830304_86_LF_CLASS::台地・段丘,荒川 / basin 86 / 台地・段丘,drop,5,16,0.3125,1560,2555,watersystem_x_unit_basin_x_landform,0.003205128205128205,0.0062622309197651665,-0.0030571027146369615,0.5118189102564102,low_n_descriptive_only,FALSE
He->Me,6,B_830304_86_LF_CLASS::台地・段丘,荒川 / basin 86 / 台地・段丘,new,3,16,0.1875,429,2555,watersystem_x_unit_basin_x_landform,0.006993006993006993,0.0062622309197651665,7.307760732418265e-4,1.1166958041958042,low_n_descriptive_only,FALSE
He->Me,6,B_830304_86_LF_CLASS::山地斜面等,荒川 / basin 86 / 山地斜面等,continue,7,33,0.21212121212121213,566,2555,watersystem_x_unit_basin_x_landform,0.012367491166077738,0.012915851272015656,-5.483601059379176e-4,0.9575436342220794,eligible,FALSE
He->Me,6,B_830304_86_LF_CLASS::山地斜面等,荒川 / basin 86 / 山地斜面等,drop,19,33,0.5757575757575758,1560,2555,watersystem_x_unit_basin_x_landform,0.01217948717948718,0.012915851272015656,-7.36364092528476e-4,0.942987567987568,eligible,FALSE
He->Me,6,B_830304_86_LF_CLASS::山地斜面等,荒川 / basin 86 / 山地斜面等,new,7,33,0.21212121212121213,429,2555,watersystem_x_unit_basin_x_landform,0.016317016317016316,0.012915851272015656,0.0034011650450006606,1.2633326269689906,eligible,FALSE
He->Me,6,B_830304_86_LF_CLASS::山麓堆積地形,荒川 / basin 86 / 山麓堆積地形,continue,1,1,1,566,2555,watersystem_x_unit_basin_x_landform,0.0017667844522968198,3.913894324853229e-4,0.0013753950198114968,4.514134275618375,low_n_descriptive_only,FALSE
He->Me,6,B_830304_86_LF_CLASS::水部,荒川 / basin 86 / 水部,drop,12,12,1,1560,2555,watersystem_x_unit_basin_x_landform,0.007692307692307693,0.004696673189823875,0.002995634502483818,1.637820512820513,low_n_descriptive_only,FALSE
He->Me,6,B_830304_86_LF_CLASS::氾濫平野・海岸平野,荒川 / basin 86 / 氾濫平野・海岸平野,continue,3,6,0.5,566,2555,watersystem_x_unit_basin_x_landform,0.00530035335689046,0.0023483365949119373,0.0029520167619785224,2.2570671378091873,low_n_descriptive_only,FALSE
He->Me,6,B_830304_86_LF_CLASS::氾濫平野・海岸平野,荒川 / basin 86 / 氾濫平野・海岸平野,drop,2,6,0.3333333333333333,1560,2555,watersystem_x_unit_basin_x_landform,0.001282051282051282,0.0023483365949119373,-0.0010662853128606553,0.545940170940171,low_n_descriptive_only,FALSE
He->Me,6,B_830304_86_LF_CLASS::氾濫平野・海岸平野,荒川 / basin 86 / 氾濫平野・海岸平野,new,1,6,0.16666666666666666,429,2555,watersystem_x_unit_basin_x_landform,0.002331002331002331,0.0023483365949119373,-1.7334263909606334e-5,0.9926184926184927,low_n_descriptive_only,FALSE
He->Me,6,B_830304_87_LF_CLASS::山地斜面等,荒川 / basin 87 / 山地斜面等,continue,1,4,0.25,566,2555,watersystem_x_unit_basin_x_landform,0.0017667844522968198,0.0015655577299412916,2.0122672235552814e-4,1.1285335689045937,low_n_descriptive_only,FALSE
He->Me,6,B_830304_87_LF_CLASS::山地斜面等,荒川 / basin 87 / 山地斜面等,drop,3,4,0.75,1560,2555,watersystem_x_unit_basin_x_landform,0.0019230769230769232,0.0015655577299412916,3.5751919313563156e-4,1.2283653846153846,low_n_descriptive_only,FALSE
He->Me,6,B_830304_88_LF_CLASS::台地・段丘,荒川 / basin 88 / 台地・段丘,drop,1,1,1,1560,2555,watersystem_x_unit_basin_x_landform,6.41025641025641e-4,3.913894324853229e-4,2.496362085403181e-4,1.6378205128205128,low_n_descriptive_only,FALSE
He->Me,6,B_830304_88_LF_CLASS::山地斜面等,荒川 / basin 88 / 山地斜面等,drop,6,6,1,1560,2555,watersystem_x_unit_basin_x_landform,0.0038461538461538464,0.0023483365949119373,0.001497817251241909,1.637820512820513,low_n_descriptive_only,FALSE
He->Me,6,B_830304_88_LF_CLASS::山麓堆積地形,荒川 / basin 88 / 山麓堆積地形,drop,1,1,1,1560,2555,watersystem_x_unit_basin_x_landform,6.41025641025641e-4,3.913894324853229e-4,2.496362085403181e-4,1.6378205128205128,low_n_descriptive_only,FALSE
He->Me,6,B_830304_98_LF_CLASS::山麓堆積地形,荒川 / basin 98 / 山麓堆積地形,new,1,1,1,429,2555,watersystem_x_unit_basin_x_landform,0.002331002331002331,3.913894324853229e-4,0.001939612898517008,5.9557109557109555,low_n_descriptive_only,FALSE
He->Me,6,B_830305_10_LF_CLASS::台地・段丘,多摩川 / basin 10 / 台地・段丘,continue,6,21,0.2857142857142857,566,2555,watersystem_x_unit_basin_x_landform,0.01060070671378092,0.00821917808219178,0.0023815286315891394,1.2897526501766787,eligible,FALSE
He->Me,6,B_830305_10_LF_CLASS::台地・段丘,多摩川 / basin 10 / 台地・段丘,drop,13,21,0.6190476190476191,1560,2555,watersystem_x_unit_basin_x_landform,0.008333333333333333,0.00821917808219178,1.141552511415532e-4,1.013888888888889,eligible,FALSE
He->Me,6,B_830305_10_LF_CLASS::台地・段丘,多摩川 / basin 10 / 台地・段丘,new,2,21,0.09523809523809523,429,2555,watersystem_x_unit_basin_x_landform,0.004662004662004662,0.00821917808219178,-0.003557173420187118,0.5672105672105673,eligible,FALSE
He->Me,6,B_830305_10_LF_CLASS::氾濫平野・海岸平野,多摩川 / basin 10 / 氾濫平野・海岸平野,new,2,2,1,429,2555,watersystem_x_unit_basin_x_landform,0.004662004662004662,7.827788649706458e-4,0.003879225797034016,5.9557109557109555,low_n_descriptive_only,FALSE
He->Me,6,B_830305_12_LF_CLASS::凹地・浅い谷,多摩川 / basin 12 / 凹地・浅い谷,drop,2,2,1,1560,2555,watersystem_x_unit_basin_x_landform,0.001282051282051282,7.827788649706458e-4,4.992724170806362e-4,1.6378205128205128,low_n_descriptive_only,FALSE
He->Me,6,B_830305_12_LF_CLASS::台地・段丘,多摩川 / basin 12 / 台地・段丘,continue,6,21,0.2857142857142857,566,2555,watersystem_x_unit_basin_x_landform,0.01060070671378092,0.00821917808219178,0.0023815286315891394,1.2897526501766787,eligible,FALSE
He->Me,6,B_830305_12_LF_CLASS::台地・段丘,多摩川 / basin 12 / 台地・段丘,drop,10,21,0.47619047619047616,1560,2555,watersystem_x_unit_basin_x_landform,0.00641025641025641,0.00821917808219178,-0.00180892167193537,0.7799145299145299,eligible,FALSE
He->Me,6,B_830305_12_LF_CLASS::台地・段丘,多摩川 / basin 12 / 台地・段丘,new,5,21,0.23809523809523808,429,2555,watersystem_x_unit_basin_x_landform,0.011655011655011656,0.00821917808219178,0.003435833572819876,1.4180264180264184,eligible,FALSE
He->Me,6,B_830305_12_LF_CLASS::旧河道,多摩川 / basin 12 / 旧河道,continue,1,1,1,566,2555,watersystem_x_unit_basin_x_landform,0.0017667844522968198,3.913894324853229e-4,0.0013753950198114968,4.514134275618375,low_n_descriptive_only,FALSE
He->Me,6,B_830305_12_LF_CLASS::自然堤防,多摩川 / basin 12 / 自然堤防,continue,1,1,1,566,2555,watersystem_x_unit_basin_x_landform,0.0017667844522968198,3.913894324853229e-4,0.0013753950198114968,4.514134275618375,low_n_descriptive_only,FALSE
He->Me,6,B_830305_13_LF_CLASS::台地・段丘,多摩川 / basin 13 / 台地・段丘,continue,3,7,0.42857142857142855,566,2555,watersystem_x_unit_basin_x_landform,0.00530035335689046,0.0027397260273972603,0.0025606273294931994,1.9346289752650179,low_n_descriptive_only,FALSE
He->Me,6,B_830305_13_LF_CLASS::台地・段丘,多摩川 / basin 13 / 台地・段丘,drop,2,7,0.2857142857142857,1560,2555,watersystem_x_unit_basin_x_landform,0.001282051282051282,0.0027397260273972603,-0.0014576747453459782,0.46794871794871795,low_n_descriptive_only,FALSE
He->Me,6,B_830305_13_LF_CLASS::台地・段丘,多摩川 / basin 13 / 台地・段丘,new,2,7,0.2857142857142857,429,2555,watersystem_x_unit_basin_x_landform,0.004662004662004662,0.0027397260273972603,0.0019222786346074017,1.7016317016317015,low_n_descriptive_only,FALSE
He->Me,6,B_830305_13_LF_CLASS::氾濫平野・海岸平野,多摩川 / basin 13 / 氾濫平野・海岸平野,continue,1,2,0.5,566,2555,watersystem_x_unit_basin_x_landform,0.0017667844522968198,7.827788649706458e-4,9.840055873261738e-4,2.2570671378091873,low_n_descriptive_only,FALSE
He->Me,6,B_830305_13_LF_CLASS::氾濫平野・海岸平野,多摩川 / basin 13 / 氾濫平野・海岸平野,drop,1,2,0.5,1560,2555,watersystem_x_unit_basin_x_landform,6.41025641025641e-4,7.827788649706458e-4,-1.417532239450048e-4,0.8189102564102564,low_n_descriptive_only,FALSE
He->Me,6,B_830305_14_LF_CLASS::凹地・浅い谷,多摩川 / basin 14 / 凹地・浅い谷,continue,1,1,1,566,2555,watersystem_x_unit_basin_x_landform,0.0017667844522968198,3.913894324853229e-4,0.0013753950198114968,4.514134275618375,low_n_descriptive_only,FALSE
He->Me,6,B_830305_14_LF_CLASS::台地・段丘,多摩川 / basin 14 / 台地・段丘,continue,8,17,0.47058823529411764,566,2555,watersystem_x_unit_basin_x_landform,0.014134275618374558,0.006653620352250489,0.007480655266124069,2.124298482643941,low_n_descriptive_only,FALSE
He->Me,6,B_830305_14_LF_CLASS::台地・段丘,多摩川 / basin 14 / 台地・段丘,drop,6,17,0.35294117647058826,1560,2555,watersystem_x_unit_basin_x_landform,0.0038461538461538464,0.006653620352250489,-0.0028074665060966427,0.578054298642534,low_n_descriptive_only,FALSE
He->Me,6,B_830305_14_LF_CLASS::台地・段丘,多摩川 / basin 14 / 台地・段丘,new,3,17,0.17647058823529413,429,2555,watersystem_x_unit_basin_x_landform,0.006993006993006993,0.006653620352250489,3.3938664075650396e-4,1.0510078157136982,low_n_descriptive_only,FALSE
He->Me,6,B_830305_14_LF_CLASS::山地斜面等,多摩川 / basin 14 / 山地斜面等,drop,1,1,1,1560,2555,watersystem_x_unit_basin_x_landform,6.41025641025641e-4,3.913894324853229e-4,2.496362085403181e-4,1.6378205128205128,low_n_descriptive_only,FALSE
He->Me,6,B_830305_16_LF_CLASS::台地・段丘,多摩川 / basin 16 / 台地・段丘,drop,1,1,1,1560,2555,watersystem_x_unit_basin_x_landform,6.41025641025641e-4,3.913894324853229e-4,2.496362085403181e-4,1.6378205128205128,low_n_descriptive_only,FALSE
He->Me,6,B_830305_16_LF_CLASS::山地斜面等,多摩川 / basin 16 / 山地斜面等,continue,1,2,0.5,566,2555,watersystem_x_unit_basin_x_landform,0.0017667844522968198,7.827788649706458e-4,9.840055873261738e-4,2.2570671378091873,low_n_descriptive_only,FALSE
He->Me,6,B_830305_16_LF_CLASS::山地斜面等,多摩川 / basin 16 / 山地斜面等,drop,1,2,0.5,1560,2555,watersystem_x_unit_basin_x_landform,6.41025641025641e-4,7.827788649706458e-4,-1.417532239450048e-4,0.8189102564102564,low_n_descriptive_only,FALSE
He->Me,6,B_830305_16_LF_CLASS::崖・段丘崖,多摩川 / basin 16 / 崖・段丘崖,new,1,1,1,429,2555,watersystem_x_unit_basin_x_landform,0.002331002331002331,3.913894324853229e-4,0.001939612898517008,5.9557109557109555,low_n_descriptive_only,FALSE
He->Me,6,B_830305_17_LF_CLASS::台地・段丘,多摩川 / basin 17 / 台地・段丘,continue,3,13,0.23076923076923078,566,2555,watersystem_x_unit_basin_x_landform,0.00530035335689046,0.005088062622309198,2.1229073458126167e-4,1.041723294373471,low_n_descriptive_only,FALSE
He->Me,6,B_830305_17_LF_CLASS::台地・段丘,多摩川 / basin 17 / 台地・段丘,drop,6,13,0.46153846153846156,1560,2555,watersystem_x_unit_basin_x_landform,0.0038461538461538464,0.005088062622309198,-0.0012419087761553517,0.7559171597633136,low_n_descriptive_only,FALSE
He->Me,6,B_830305_17_LF_CLASS::台地・段丘,多摩川 / basin 17 / 台地・段丘,new,4,13,0.3076923076923077,429,2555,watersystem_x_unit_basin_x_landform,0.009324009324009324,0.005088062622309198,0.004235946701700126,1.8325264479110632,low_n_descriptive_only,FALSE
He->Me,6,B_830305_17_LF_CLASS::山地斜面等,多摩川 / basin 17 / 山地斜面等,continue,15,49,0.30612244897959184,566,2555,watersystem_x_unit_basin_x_landform,0.026501766784452298,0.019178082191780823,0.007323684592671475,1.3818778394750126,eligible,FALSE
He->Me,6,B_830305_17_LF_CLASS::山地斜面等,多摩川 / basin 17 / 山地斜面等,drop,24,49,0.4897959183673469,1560,2555,watersystem_x_unit_basin_x_landform,0.015384615384615385,0.019178082191780823,-0.0037934668071654375,0.8021978021978022,eligible,FALSE
He->Me,6,B_830305_17_LF_CLASS::山地斜面等,多摩川 / basin 17 / 山地斜面等,new,10,49,0.20408163265306123,429,2555,watersystem_x_unit_basin_x_landform,0.023310023310023312,0.019178082191780823,0.004131941118242489,1.2154512154512154,eligible,FALSE
He->Me,6,B_830305_17_LF_CLASS::山麓堆積地形,多摩川 / basin 17 / 山麓堆積地形,drop,1,1,1,1560,2555,watersystem_x_unit_basin_x_landform,6.41025641025641e-4,3.913894324853229e-4,2.496362085403181e-4,1.6378205128205128,low_n_descriptive_only,FALSE
He->Me,6,B_830305_17_LF_CLASS::氾濫平野・海岸平野,多摩川 / basin 17 / 氾濫平野・海岸平野,continue,3,4,0.75,566,2555,watersystem_x_unit_basin_x_landform,0.00530035335689046,0.0015655577299412916,0.003734795626949168,3.385600706713781,low_n_descriptive_only,FALSE
He->Me,6,B_830305_17_LF_CLASS::氾濫平野・海岸平野,多摩川 / basin 17 / 氾濫平野・海岸平野,drop,1,4,0.25,1560,2555,watersystem_x_unit_basin_x_landform,6.41025641025641e-4,0.0015655577299412916,-9.245320889156506e-4,0.4094551282051282,low_n_descriptive_only,FALSE
He->Me,6,B_830305_18_LF_CLASS::凹地・浅い谷,多摩川 / basin 18 / 凹地・浅い谷,continue,1,2,0.5,566,2555,watersystem_x_unit_basin_x_landform,0.0017667844522968198,7.827788649706458e-4,9.840055873261738e-4,2.2570671378091873,low_n_descriptive_only,FALSE
He->Me,6,B_830305_18_LF_CLASS::凹地・浅い谷,多摩川 / basin 18 / 凹地・浅い谷,drop,1,2,0.5,1560,2555,watersystem_x_unit_basin_x_landform,6.41025641025641e-4,7.827788649706458e-4,-1.417532239450048e-4,0.8189102564102564,low_n_descriptive_only,FALSE
He->Me,6,B_830305_18_LF_CLASS::台地・段丘,多摩川 / basin 18 / 台地・段丘,continue,8,39,0.20512820512820512,566,2555,watersystem_x_unit_basin_x_landform,0.014134275618374558,0.015264187866927592,-0.0011299122485530343,0.9259762616653077,eligible,FALSE
He->Me,6,B_830305_18_LF_CLASS::台地・段丘,多摩川 / basin 18 / 台地・段丘,drop,24,39,0.6153846153846154,1560,2555,watersystem_x_unit_basin_x_landform,0.015384615384615385,0.015264187866927592,1.2042751768779301e-4,1.0078895463510849,eligible,FALSE
He->Me,6,B_830305_18_LF_CLASS::台地・段丘,多摩川 / basin 18 / 台地・段丘,new,7,39,0.1794871794871795,429,2555,watersystem_x_unit_basin_x_landform,0.016317016317016316,0.015264187866927592,0.0010528284500887237,1.0689737612814536,eligible,FALSE
He->Me,6,B_830305_18_LF_CLASS::山地斜面等,多摩川 / basin 18 / 山地斜面等,drop,4,4,1,1560,2555,watersystem_x_unit_basin_x_landform,0.002564102564102564,0.0015655577299412916,9.985448341612725e-4,1.6378205128205128,low_n_descriptive_only,FALSE
He->Me,6,B_830305_18_LF_CLASS::崖・段丘崖,多摩川 / basin 18 / 崖・段丘崖,continue,1,4,0.25,566,2555,watersystem_x_unit_basin_x_landform,0.0017667844522968198,0.0015655577299412916,2.0122672235552814e-4,1.1285335689045937,low_n_descriptive_only,FALSE
He->Me,6,B_830305_18_LF_CLASS::崖・段丘崖,多摩川 / basin 18 / 崖・段丘崖,drop,1,4,0.25,1560,2555,watersystem_x_unit_basin_x_landform,6.41025641025641e-4,0.0015655577299412916,-9.245320889156506e-4,0.4094551282051282,low_n_descriptive_only,FALSE
He->Me,6,B_830305_18_LF_CLASS::崖・段丘崖,多摩川 / basin 18 / 崖・段丘崖,new,2,4,0.5,429,2555,watersystem_x_unit_basin_x_landform,0.004662004662004662,0.0015655577299412916,0.00309644693206337,2.9778554778554778,low_n_descriptive_only,FALSE
He->Me,6,B_830305_18_LF_CLASS::水部,多摩川 / basin 18 / 水部,drop,1,1,1,1560,2555,watersystem_x_unit_basin_x_landform,6.41025641025641e-4,3.913894324853229e-4,2.496362085403181e-4,1.6378205128205128,low_n_descriptive_only,FALSE
He->Me,6,B_830305_18_LF_CLASS::氾濫平野・海岸平野,多摩川 / basin 18 / 氾濫平野・海岸平野,continue,4,5,0.8,566,2555,watersystem_x_unit_basin_x_landform,0.007067137809187279,0.0019569471624266144,0.005110190646760665,3.6113074204947,low_n_descriptive_only,FALSE
He->Me,6,B_830305_18_LF_CLASS::氾濫平野・海岸平野,多摩川 / basin 18 / 氾濫平野・海岸平野,new,1,5,0.2,429,2555,watersystem_x_unit_basin_x_landform,0.002331002331002331,0.0019569471624266144,3.7405516857571663e-4,1.191142191142191,low_n_descriptive_only,FALSE
He->Me,6,B_830305_19_LF_CLASS::凹地・浅い谷,多摩川 / basin 19 / 凹地・浅い谷,drop,2,2,1,1560,2555,watersystem_x_unit_basin_x_landform,0.001282051282051282,7.827788649706458e-4,4.992724170806362e-4,1.6378205128205128,low_n_descriptive_only,FALSE
He->Me,6,B_830305_19_LF_CLASS::台地・段丘,多摩川 / basin 19 / 台地・段丘,continue,6,14,0.42857142857142855,566,2555,watersystem_x_unit_basin_x_landform,0.01060070671378092,0.005479452054794521,0.005121254658986399,1.9346289752650179,low_n_descriptive_only,FALSE
He->Me,6,B_830305_19_LF_CLASS::台地・段丘,多摩川 / basin 19 / 台地・段丘,drop,5,14,0.35714285714285715,1560,2555,watersystem_x_unit_basin_x_landform,0.003205128205128205,0.005479452054794521,-0.0022743238496663156,0.5849358974358974,low_n_descriptive_only,FALSE
He->Me,6,B_830305_19_LF_CLASS::台地・段丘,多摩川 / basin 19 / 台地・段丘,new,3,14,0.21428571428571427,429,2555,watersystem_x_unit_basin_x_landform,0.006993006993006993,0.005479452054794521,0.0015135549382124724,1.2762237762237763,low_n_descriptive_only,FALSE
He->Me,6,B_830305_19_LF_CLASS::山地斜面等,多摩川 / basin 19 / 山地斜面等,continue,1,8,0.125,566,2555,watersystem_x_unit_basin_x_landform,0.0017667844522968198,0.0031311154598825833,-0.0013643310075857635,0.5642667844522968,low_n_descriptive_only,FALSE
He->Me,6,B_830305_19_LF_CLASS::山地斜面等,多摩川 / basin 19 / 山地斜面等,drop,5,8,0.625,1560,2555,watersystem_x_unit_basin_x_landform,0.003205128205128205,0.0031311154598825833,7.401274524562176e-5,1.0236378205128205,low_n_descriptive_only,FALSE
He->Me,6,B_830305_19_LF_CLASS::山地斜面等,多摩川 / basin 19 / 山地斜面等,new,2,8,0.25,429,2555,watersystem_x_unit_basin_x_landform,0.004662004662004662,0.0031311154598825833,0.0015308892021220787,1.4889277389277389,low_n_descriptive_only,FALSE
He->Me,6,B_830305_19_LF_CLASS::氾濫平野・海岸平野,多摩川 / basin 19 / 氾濫平野・海岸平野,new,3,3,1,429,2555,watersystem_x_unit_basin_x_landform,0.006993006993006993,0.0011741682974559687,0.0058188386955510246,5.9557109557109555,low_n_descriptive_only,FALSE
He->Me,6,B_830305_1_LF_CLASS::氾濫平野・海岸平野,多摩川 / basin 1 / 氾濫平野・海岸平野,drop,2,2,1,1560,2555,watersystem_x_unit_basin_x_landform,0.001282051282051282,7.827788649706458e-4,4.992724170806362e-4,1.6378205128205128,low_n_descriptive_only,FALSE
He->Me,6,B_830305_1_LF_CLASS::砂州・砂丘,多摩川 / basin 1 / 砂州・砂丘,new,2,2,1,429,2555,watersystem_x_unit_basin_x_landform,0.004662004662004662,7.827788649706458e-4,0.003879225797034016,5.9557109557109555,low_n_descriptive_only,FALSE
He->Me,6,B_830305_1_LF_CLASS::自然堤防,多摩川 / basin 1 / 自然堤防,drop,1,2,0.5,1560,2555,watersystem_x_unit_basin_x_landform,6.41025641025641e-4,7.827788649706458e-4,-1.417532239450048e-4,0.8189102564102564,low_n_descriptive_only,FALSE
He->Me,6,B_830305_1_LF_CLASS::自然堤防,多摩川 / basin 1 / 自然堤防,new,1,2,0.5,429,2555,watersystem_x_unit_basin_x_landform,0.002331002331002331,7.827788649706458e-4,0.001548223466031685,2.9778554778554778,low_n_descriptive_only,FALSE
He->Me,6,B_830305_20_LF_CLASS::台地・段丘,多摩川 / basin 20 / 台地・段丘,continue,6,14,0.42857142857142855,566,2555,watersystem_x_unit_basin_x_landform,0.01060070671378092,0.005479452054794521,0.005121254658986399,1.9346289752650179,low_n_descriptive_only,FALSE
He->Me,6,B_830305_20_LF_CLASS::台地・段丘,多摩川 / basin 20 / 台地・段丘,drop,6,14,0.42857142857142855,1560,2555,watersystem_x_unit_basin_x_landform,0.0038461538461538464,0.005479452054794521,-0.0016332982086406742,0.701923076923077,low_n_descriptive_only,FALSE
He->Me,6,B_830305_20_LF_CLASS::台地・段丘,多摩川 / basin 20 / 台地・段丘,new,2,14,0.14285714285714285,429,2555,watersystem_x_unit_basin_x_landform,0.004662004662004662,0.005479452054794521,-8.174473927898586e-4,0.8508158508158508,low_n_descriptive_only,FALSE
He->Me,6,B_830305_20_LF_CLASS::氾濫平野・海岸平野,多摩川 / basin 20 / 氾濫平野・海岸平野,continue,1,2,0.5,566,2555,watersystem_x_unit_basin_x_landform,0.0017667844522968198,7.827788649706458e-4,9.840055873261738e-4,2.2570671378091873,low_n_descriptive_only,FALSE
He->Me,6,B_830305_20_LF_CLASS::氾濫平野・海岸平野,多摩川 / basin 20 / 氾濫平野・海岸平野,drop,1,2,0.5,1560,2555,watersystem_x_unit_basin_x_landform,6.41025641025641e-4,7.827788649706458e-4,-1.417532239450048e-4,0.8189102564102564,low_n_descriptive_only,FALSE
He->Me,6,B_830305_21_LF_CLASS::台地・段丘,多摩川 / basin 21 / 台地・段丘,continue,1,1,1,566,2555,watersystem_x_unit_basin_x_landform,0.0017667844522968198,3.913894324853229e-4,0.0013753950198114968,4.514134275618375,low_n_descriptive_only,FALSE
He->Me,6,B_830305_21_LF_CLASS::氾濫平野・海岸平野,多摩川 / basin 21 / 氾濫平野・海岸平野,drop,1,1,1,1560,2555,watersystem_x_unit_basin_x_landform,6.41025641025641e-4,3.913894324853229e-4,2.496362085403181e-4,1.6378205128205128,low_n_descriptive_only,FALSE
He->Me,6,B_830305_22_LF_CLASS::台地・段丘,多摩川 / basin 22 / 台地・段丘,continue,4,15,0.26666666666666666,566,2555,watersystem_x_unit_basin_x_landform,0.007067137809187279,0.005870841487279843,0.001196296321907436,1.2037691401649,low_n_descriptive_only,FALSE
He->Me,6,B_830305_22_LF_CLASS::台地・段丘,多摩川 / basin 22 / 台地・段丘,drop,7,15,0.4666666666666667,1560,2555,watersystem_x_unit_basin_x_landform,0.004487179487179487,0.005870841487279843,-0.0013836620001003563,0.7643162393162393,low_n_descriptive_only,FALSE
He->Me,6,B_830305_22_LF_CLASS::台地・段丘,多摩川 / basin 22 / 台地・段丘,new,4,15,0.26666666666666666,429,2555,watersystem_x_unit_basin_x_landform,0.009324009324009324,0.005870841487279843,0.003453167836729481,1.5881895881895882,low_n_descriptive_only,FALSE
He->Me,6,B_830305_22_LF_CLASS::山地斜面等,多摩川 / basin 22 / 山地斜面等,continue,28,95,0.29473684210526313,566,2555,watersystem_x_unit_basin_x_landform,0.04946996466431095,0.03718199608610567,0.012287968578205279,1.3304816812348894,eligible,FALSE
He->Me,6,B_830305_22_LF_CLASS::山地斜面等,多摩川 / basin 22 / 山地斜面等,drop,54,95,0.5684210526315789,1560,2555,watersystem_x_unit_basin_x_landform,0.03461538461538462,0.03718199608610567,-0.0025666114707210558,0.9309716599190284,eligible,FALSE
He->Me,6,B_830305_22_LF_CLASS::山地斜面等,多摩川 / basin 22 / 山地斜面等,new,13,95,0.1368421052631579,429,2555,watersystem_x_unit_basin_x_landform,0.030303030303030304,0.03718199608610567,-0.006878965783075369,0.8149920255183414,eligible,FALSE
He->Me,6,B_830305_22_LF_CLASS::山麓堆積地形,多摩川 / basin 22 / 山麓堆積地形,continue,5,13,0.38461538461538464,566,2555,watersystem_x_unit_basin_x_landform,0.0088339222614841,0.005088062622309198,0.003745859639174901,1.7362054906224518,low_n_descriptive_only,FALSE
He->Me,6,B_830305_22_LF_CLASS::山麓堆積地形,多摩川 / basin 22 / 山麓堆積地形,drop,3,13,0.23076923076923078,1560,2555,watersystem_x_unit_basin_x_landform,0.0019230769230769232,0.005088062622309198,-0.003164985699232275,0.3779585798816568,low_n_descriptive_only,FALSE
He->Me,6,B_830305_22_LF_CLASS::山麓堆積地形,多摩川 / basin 22 / 山麓堆積地形,new,5,13,0.38461538461538464,429,2555,watersystem_x_unit_basin_x_landform,0.011655011655011656,0.005088062622309198,0.006566949032702458,2.290658059888829,low_n_descriptive_only,FALSE
He->Me,6,B_830305_22_LF_CLASS::旧河道,多摩川 / basin 22 / 旧河道,drop,1,2,0.5,1560,2555,watersystem_x_unit_basin_x_landform,6.41025641025641e-4,7.827788649706458e-4,-1.417532239450048e-4,0.8189102564102564,low_n_descriptive_only,FALSE
He->Me,6,B_830305_22_LF_CLASS::旧河道,多摩川 / basin 22 / 旧河道,new,1,2,0.5,429,2555,watersystem_x_unit_basin_x_landform,0.002331002331002331,7.827788649706458e-4,0.001548223466031685,2.9778554778554778,low_n_descriptive_only,FALSE
He->Me,6,B_830305_22_LF_CLASS::氾濫平野・海岸平野,多摩川 / basin 22 / 氾濫平野・海岸平野,continue,6,21,0.2857142857142857,566,2555,watersystem_x_unit_basin_x_landform,0.01060070671378092,0.00821917808219178,0.0023815286315891394,1.2897526501766787,eligible,FALSE
He->Me,6,B_830305_22_LF_CLASS::氾濫平野・海岸平野,多摩川 / basin 22 / 氾濫平野・海岸平野,drop,13,21,0.6190476190476191,1560,2555,watersystem_x_unit_basin_x_landform,0.008333333333333333,0.00821917808219178,1.141552511415532e-4,1.013888888888889,eligible,FALSE
He->Me,6,B_830305_22_LF_CLASS::氾濫平野・海岸平野,多摩川 / basin 22 / 氾濫平野・海岸平野,new,2,21,0.09523809523809523,429,2555,watersystem_x_unit_basin_x_landform,0.004662004662004662,0.00821917808219178,-0.003557173420187118,0.5672105672105673,eligible,FALSE
He->Me,6,B_830305_23_LF_CLASS::台地・段丘,多摩川 / basin 23 / 台地・段丘,continue,8,22,0.36363636363636365,566,2555,watersystem_x_unit_basin_x_landform,0.014134275618374558,0.008610567514677104,0.005523708103697454,1.641503372952136,eligible,FALSE
He->Me,6,B_830305_23_LF_CLASS::台地・段丘,多摩川 / basin 23 / 台地・段丘,drop,12,22,0.5454545454545454,1560,2555,watersystem_x_unit_basin_x_landform,0.007692307692307693,0.008610567514677104,-9.182598223694115e-4,0.8933566433566433,eligible,FALSE
He->Me,6,B_830305_23_LF_CLASS::台地・段丘,多摩川 / basin 23 / 台地・段丘,new,2,22,0.09090909090909091,429,2555,watersystem_x_unit_basin_x_landform,0.004662004662004662,0.008610567514677104,-0.003948562852672442,0.5414282687009959,eligible,FALSE
He->Me,6,B_830305_23_LF_CLASS::山地斜面等,多摩川 / basin 23 / 山地斜面等,continue,21,83,0.25301204819277107,566,2555,watersystem_x_unit_basin_x_landform,0.037102473498233215,0.0324853228962818,0.004617150601951413,1.1421303588913958,eligible,FALSE
He->Me,6,B_830305_23_LF_CLASS::山地斜面等,多摩川 / basin 23 / 山地斜面等,drop,54,83,0.6506024096385542,1560,2555,watersystem_x_unit_basin_x_landform,0.03461538461538462,0.0324853228962818,0.0021300617191028146,1.0655699721964782,eligible,FALSE
He->Me,6,B_830305_23_LF_CLASS::山地斜面等,多摩川 / basin 23 / 山地斜面等,new,8,83,0.0963855421686747,429,2555,watersystem_x_unit_basin_x_landform,0.018648018648018648,0.0324853228962818,-0.013837304248263155,0.5740444294661162,eligible,FALSE
He->Me,6,B_830305_23_LF_CLASS::山麓堆積地形,多摩川 / basin 23 / 山麓堆積地形,continue,3,5,0.6,566,2555,watersystem_x_unit_basin_x_landform,0.00530035335689046,0.0019569471624266144,0.0033434061944638454,2.708480565371025,low_n_descriptive_only,FALSE
He->Me,6,B_830305_23_LF_CLASS::山麓堆積地形,多摩川 / basin 23 / 山麓堆積地形,drop,2,5,0.4,1560,2555,watersystem_x_unit_basin_x_landform,0.001282051282051282,0.0019569471624266144,-6.748958803753323e-4,0.6551282051282051,low_n_descriptive_only,FALSE
He->Me,6,B_830305_23_LF_CLASS::崖・段丘崖,多摩川 / basin 23 / 崖・段丘崖,continue,1,1,1,566,2555,watersystem_x_unit_basin_x_landform,0.0017667844522968198,3.913894324853229e-4,0.0013753950198114968,4.514134275618375,low_n_descriptive_only,FALSE
He->Me,6,B_830305_23_LF_CLASS::旧河道,多摩川 / basin 23 / 旧河道,continue,1,1,1,566,2555,watersystem_x_unit_basin_x_landform,0.0017667844522968198,3.913894324853229e-4,0.0013753950198114968,4.514134275618375,low_n_descriptive_only,FALSE
He->Me,6,B_830305_23_LF_CLASS::氾濫平野・海岸平野,多摩川 / basin 23 / 氾濫平野・海岸平野,continue,13,29,0.4482758620689655,566,2555,watersystem_x_unit_basin_x_landform,0.022968197879858657,0.011350293542074364,0.011617904337784294,2.0235774338978922,eligible,FALSE
He->Me,6,B_830305_23_LF_CLASS::氾濫平野・海岸平野,多摩川 / basin 23 / 氾濫平野・海岸平野,drop,13,29,0.4482758620689655,1560,2555,watersystem_x_unit_basin_x_landform,0.008333333333333333,0.011350293542074364,-0.0030169602087410305,0.7341954022988506,eligible,FALSE
He->Me,6,B_830305_23_LF_CLASS::氾濫平野・海岸平野,多摩川 / basin 23 / 氾濫平野・海岸平野,new,3,29,0.10344827586206896,429,2555,watersystem_x_unit_basin_x_landform,0.006993006993006993,0.011350293542074364,-0.004357286549067371,0.6161080299011333,eligible,FALSE
He->Me,6,B_830305_24_LF_CLASS::台地・段丘,多摩川 / basin 24 / 台地・段丘,drop,1,1,1,1560,2555,watersystem_x_unit_basin_x_landform,6.41025641025641e-4,3.913894324853229e-4,2.496362085403181e-4,1.6378205128205128,low_n_descriptive_only,FALSE
He->Me,6,B_830305_24_LF_CLASS::山地斜面等,多摩川 / basin 24 / 山地斜面等,drop,1,1,1,1560,2555,watersystem_x_unit_basin_x_landform,6.41025641025641e-4,3.913894324853229e-4,2.496362085403181e-4,1.6378205128205128,low_n_descriptive_only,FALSE
He->Me,6,B_830305_25_LF_CLASS::凹地・浅い谷,多摩川 / basin 25 / 凹地・浅い谷,drop,1,1,1,1560,2555,watersystem_x_unit_basin_x_landform,6.41025641025641e-4,3.913894324853229e-4,2.496362085403181e-4,1.6378205128205128,low_n_descriptive_only,FALSE
He->Me,6,B_830305_25_LF_CLASS::台地・段丘,多摩川 / basin 25 / 台地・段丘,continue,3,8,0.375,566,2555,watersystem_x_unit_basin_x_landform,0.00530035335689046,0.0031311154598825833,0.0021692378970078765,1.6928003533568905,low_n_descriptive_only,FALSE
He->Me,6,B_830305_25_LF_CLASS::台地・段丘,多摩川 / basin 25 / 台地・段丘,drop,5,8,0.625,1560,2555,watersystem_x_unit_basin_x_landform,0.003205128205128205,0.0031311154598825833,7.401274524562176e-5,1.0236378205128205,low_n_descriptive_only,FALSE
He->Me,6,B_830305_25_LF_CLASS::崖・段丘崖,多摩川 / basin 25 / 崖・段丘崖,drop,2,2,1,1560,2555,watersystem_x_unit_basin_x_landform,0.001282051282051282,7.827788649706458e-4,4.992724170806362e-4,1.6378205128205128,low_n_descriptive_only,FALSE
He->Me,6,B_830305_25_LF_CLASS::氾濫平野・海岸平野,多摩川 / basin 25 / 氾濫平野・海岸平野,continue,1,2,0.5,566,2555,watersystem_x_unit_basin_x_landform,0.0017667844522968198,7.827788649706458e-4,9.840055873261738e-4,2.2570671378091873,low_n_descriptive_only,FALSE
He->Me,6,B_830305_25_LF_CLASS::氾濫平野・海岸平野,多摩川 / basin 25 / 氾濫平野・海岸平野,new,1,2,0.5,429,2555,watersystem_x_unit_basin_x_landform,0.002331002331002331,7.827788649706458e-4,0.001548223466031685,2.9778554778554778,low_n_descriptive_only,FALSE
He->Me,6,B_830305_26_LF_CLASS::台地・段丘,多摩川 / basin 26 / 台地・段丘,drop,2,3,0.6666666666666666,1560,2555,watersystem_x_unit_basin_x_landform,0.001282051282051282,0.0011741682974559687,1.0788298459531338e-4,1.091880341880342,low_n_descriptive_only,FALSE
He->Me,6,B_830305_26_LF_CLASS::台地・段丘,多摩川 / basin 26 / 台地・段丘,new,1,3,0.3333333333333333,429,2555,watersystem_x_unit_basin_x_landform,0.002331002331002331,0.0011741682974559687,0.0011568340335463623,1.9852369852369853,low_n_descriptive_only,FALSE
He->Me,6,B_830305_26_LF_CLASS::氾濫平野・海岸平野,多摩川 / basin 26 / 氾濫平野・海岸平野,continue,1,1,1,566,2555,watersystem_x_unit_basin_x_landform,0.0017667844522968198,3.913894324853229e-4,0.0013753950198114968,4.514134275618375,low_n_descriptive_only,FALSE
He->Me,6,B_830305_27_LF_CLASS::凹地・浅い谷,多摩川 / basin 27 / 凹地・浅い谷,continue,2,2,1,566,2555,watersystem_x_unit_basin_x_landform,0.0035335689045936395,7.827788649706458e-4,0.0027507900396229936,4.514134275618375,low_n_descriptive_only,FALSE
He->Me,6,B_830305_27_LF_CLASS::台地・段丘,多摩川 / basin 27 / 台地・段丘,continue,4,7,0.5714285714285714,566,2555,watersystem_x_unit_basin_x_landform,0.007067137809187279,0.0027397260273972603,0.004327411781790019,2.579505300353357,low_n_descriptive_only,FALSE
He->Me,6,B_830305_27_LF_CLASS::台地・段丘,多摩川 / basin 27 / 台地・段丘,drop,1,7,0.14285714285714285,1560,2555,watersystem_x_unit_basin_x_landform,6.41025641025641e-4,0.0027397260273972603,-0.0020987003863716194,0.23397435897435898,low_n_descriptive_only,FALSE
He->Me,6,B_830305_27_LF_CLASS::台地・段丘,多摩川 / basin 27 / 台地・段丘,new,2,7,0.2857142857142857,429,2555,watersystem_x_unit_basin_x_landform,0.004662004662004662,0.0027397260273972603,0.0019222786346074017,1.7016317016317015,low_n_descriptive_only,FALSE
He->Me,6,B_830305_27_LF_CLASS::山地斜面等,多摩川 / basin 27 / 山地斜面等,new,3,3,1,429,2555,watersystem_x_unit_basin_x_landform,0.006993006993006993,0.0011741682974559687,0.0058188386955510246,5.9557109557109555,low_n_descriptive_only,FALSE
He->Me,6,B_830305_27_LF_CLASS::崖・段丘崖,多摩川 / basin 27 / 崖・段丘崖,drop,1,1,1,1560,2555,watersystem_x_unit_basin_x_landform,6.41025641025641e-4,3.913894324853229e-4,2.496362085403181e-4,1.6378205128205128,low_n_descriptive_only,FALSE
He->Me,6,B_830305_27_LF_CLASS::扇状地,多摩川 / basin 27 / 扇状地,continue,1,1,1,566,2555,watersystem_x_unit_basin_x_landform,0.0017667844522968198,3.913894324853229e-4,0.0013753950198114968,4.514134275618375,low_n_descriptive_only,FALSE
He->Me,6,B_830305_28_LF_CLASS::台地・段丘,多摩川 / basin 28 / 台地・段丘,continue,2,3,0.6666666666666666,566,2555,watersystem_x_unit_basin_x_landform,0.0035335689045936395,0.0011741682974559687,0.002359400607137671,3.0094228504122498,low_n_descriptive_only,FALSE
He->Me,6,B_830305_28_LF_CLASS::台地・段丘,多摩川 / basin 28 / 台地・段丘,drop,1,3,0.3333333333333333,1560,2555,watersystem_x_unit_basin_x_landform,6.41025641025641e-4,0.0011741682974559687,-5.331426564303276e-4,0.545940170940171,low_n_descriptive_only,FALSE
He->Me,6,B_830305_28_LF_CLASS::山地斜面等,多摩川 / basin 28 / 山地斜面等,continue,30,140,0.21428571428571427,566,2555,watersystem_x_unit_basin_x_landform,0.053003533568904596,0.0547945205479452,-0.0017909869790406069,0.9673144876325089,eligible,FALSE
He->Me,6,B_830305_28_LF_CLASS::山地斜面等,多摩川 / basin 28 / 山地斜面等,drop,99,140,0.7071428571428572,1560,2555,watersystem_x_unit_basin_x_landform,0.06346153846153846,0.0547945205479452,0.008667017913593256,1.158173076923077,eligible,FALSE
He->Me,6,B_830305_28_LF_CLASS::山地斜面等,多摩川 / basin 28 / 山地斜面等,new,11,140,0.07857142857142857,429,2555,watersystem_x_unit_basin_x_landform,0.02564102564102564,0.0547945205479452,-0.029153494906919562,0.46794871794871795,eligible,FALSE
He->Me,6,B_830305_28_LF_CLASS::山麓堆積地形,多摩川 / basin 28 / 山麓堆積地形,continue,5,6,0.8333333333333334,566,2555,watersystem_x_unit_basin_x_landform,0.0088339222614841,0.0023483365949119373,0.006485585666572162,3.761778563015312,low_n_descriptive_only,FALSE
He->Me,6,B_830305_28_LF_CLASS::山麓堆積地形,多摩川 / basin 28 / 山麓堆積地形,drop,1,6,0.16666666666666666,1560,2555,watersystem_x_unit_basin_x_landform,6.41025641025641e-4,0.0023483365949119373,-0.0017073109538862964,0.2729700854700855,low_n_descriptive_only,FALSE
He->Me,6,B_830305_28_LF_CLASS::氾濫平野・海岸平野,多摩川 / basin 28 / 氾濫平野・海岸平野,continue,6,19,0.3157894736842105,566,2555,watersystem_x_unit_basin_x_landform,0.01060070671378092,0.007436399217221135,0.0031643074965597845,1.4255160870373815,low_n_descriptive_only,FALSE
He->Me,6,B_830305_28_LF_CLASS::氾濫平野・海岸平野,多摩川 / basin 28 / 氾濫平野・海岸平野,drop,12,19,0.631578947368421,1560,2555,watersystem_x_unit_basin_x_landform,0.007692307692307693,0.007436399217221135,2.5590847508655777e-4,1.0344129554655872,low_n_descriptive_only,FALSE
He->Me,6,B_830305_28_LF_CLASS::氾濫平野・海岸平野,多摩川 / basin 28 / 氾濫平野・海岸平野,new,1,19,0.05263157894736842,429,2555,watersystem_x_unit_basin_x_landform,0.002331002331002331,0.007436399217221135,-0.005105396886218804,0.3134584713532082,low_n_descriptive_only,FALSE
He->Me,6,B_830305_29_LF_CLASS::台地・段丘,多摩川 / basin 29 / 台地・段丘,continue,1,1,1,566,2555,watersystem_x_unit_basin_x_landform,0.0017667844522968198,3.913894324853229e-4,0.0013753950198114968,4.514134275618375,low_n_descriptive_only,FALSE
He->Me,6,B_830305_2_LF_CLASS::台地・段丘,多摩川 / basin 2 / 台地・段丘,new,2,2,1,429,2555,watersystem_x_unit_basin_x_landform,0.004662004662004662,7.827788649706458e-4,0.003879225797034016,5.9557109557109555,low_n_descriptive_only,FALSE
He->Me,6,B_830305_2_LF_CLASS::山地斜面等,多摩川 / basin 2 / 山地斜面等,new,1,1,1,429,2555,watersystem_x_unit_basin_x_landform,0.002331002331002331,3.913894324853229e-4,0.001939612898517008,5.9557109557109555,low_n_descriptive_only,FALSE
He->Me,6,B_830305_2_LF_CLASS::旧河道,多摩川 / basin 2 / 旧河道,new,1,1,1,429,2555,watersystem_x_unit_basin_x_landform,0.002331002331002331,3.913894324853229e-4,0.001939612898517008,5.9557109557109555,low_n_descriptive_only,FALSE
He->Me,6,B_830305_2_LF_CLASS::氾濫平野・海岸平野,多摩川 / basin 2 / 氾濫平野・海岸平野,continue,1,8,0.125,566,2555,watersystem_x_unit_basin_x_landform,0.0017667844522968198,0.0031311154598825833,-0.0013643310075857635,0.5642667844522968,low_n_descriptive_only,FALSE
He->Me,6,B_830305_2_LF_CLASS::氾濫平野・海岸平野,多摩川 / basin 2 / 氾濫平野・海岸平野,drop,4,8,0.5,1560,2555,watersystem_x_unit_basin_x_landform,0.002564102564102564,0.0031311154598825833,-5.670128957800192e-4,0.8189102564102564,low_n_descriptive_only,FALSE
He->Me,6,B_830305_2_LF_CLASS::氾濫平野・海岸平野,多摩川 / basin 2 / 氾濫平野・海岸平野,new,3,8,0.375,429,2555,watersystem_x_unit_basin_x_landform,0.006993006993006993,0.0031311154598825833,0.0038618915331244097,2.2333916083916083,low_n_descriptive_only,FALSE
He->Me,6,B_830305_2_LF_CLASS::砂州・砂丘,多摩川 / basin 2 / 砂州・砂丘,new,1,1,1,429,2555,watersystem_x_unit_basin_x_landform,0.002331002331002331,3.913894324853229e-4,0.001939612898517008,5.9557109557109555,low_n_descriptive_only,FALSE
He->Me,6,B_830305_2_LF_CLASS::自然堤防,多摩川 / basin 2 / 自然堤防,new,1,1,1,429,2555,watersystem_x_unit_basin_x_landform,0.002331002331002331,3.913894324853229e-4,0.001939612898517008,5.9557109557109555,low_n_descriptive_only,FALSE
He->Me,6,B_830305_30_LF_CLASS::凹地・浅い谷,多摩川 / basin 30 / 凹地・浅い谷,drop,1,1,1,1560,2555,watersystem_x_unit_basin_x_landform,6.41025641025641e-4,3.913894324853229e-4,2.496362085403181e-4,1.6378205128205128,low_n_descriptive_only,FALSE
He->Me,6,B_830305_30_LF_CLASS::台地・段丘,多摩川 / basin 30 / 台地・段丘,continue,6,10,0.6,566,2555,watersystem_x_unit_basin_x_landform,0.01060070671378092,0.003913894324853229,0.006686812388927691,2.708480565371025,low_n_descriptive_only,FALSE
He->Me,6,B_830305_30_LF_CLASS::台地・段丘,多摩川 / basin 30 / 台地・段丘,drop,3,10,0.3,1560,2555,watersystem_x_unit_basin_x_landform,0.0019230769230769232,0.003913894324853229,-0.0019908174017763056,0.4913461538461539,low_n_descriptive_only,FALSE
He->Me,6,B_830305_30_LF_CLASS::台地・段丘,多摩川 / basin 30 / 台地・段丘,new,1,10,0.1,429,2555,watersystem_x_unit_basin_x_landform,0.002331002331002331,0.003913894324853229,-0.0015828919938508977,0.5955710955710956,low_n_descriptive_only,FALSE
He->Me,6,B_830305_30_LF_CLASS::山地斜面等,多摩川 / basin 30 / 山地斜面等,continue,26,144,0.18055555555555555,566,2555,watersystem_x_unit_basin_x_landform,0.045936395759717315,0.0563600782778865,-0.010423682518169185,0.8150520219866509,eligible,FALSE
He->Me,6,B_830305_30_LF_CLASS::山地斜面等,多摩川 / basin 30 / 山地斜面等,drop,108,144,0.75,1560,2555,watersystem_x_unit_basin_x_landform,0.06923076923076923,0.0563600782778865,0.012870690952882735,1.2283653846153846,eligible,FALSE
He->Me,6,B_830305_30_LF_CLASS::山地斜面等,多摩川 / basin 30 / 山地斜面等,new,10,144,0.06944444444444445,429,2555,watersystem_x_unit_basin_x_landform,0.023310023310023312,0.0563600782778865,-0.03305005496786319,0.41359103859103863,eligible,FALSE
He->Me,6,B_830305_30_LF_CLASS::山麓堆積地形,多摩川 / basin 30 / 山麓堆積地形,continue,5,6,0.8333333333333334,566,2555,watersystem_x_unit_basin_x_landform,0.0088339222614841,0.0023483365949119373,0.006485585666572162,3.761778563015312,low_n_descriptive_only,FALSE
He->Me,6,B_830305_30_LF_CLASS::山麓堆積地形,多摩川 / basin 30 / 山麓堆積地形,drop,1,6,0.16666666666666666,1560,2555,watersystem_x_unit_basin_x_landform,6.41025641025641e-4,0.0023483365949119373,-0.0017073109538862964,0.2729700854700855,low_n_descriptive_only,FALSE
He->Me,6,B_830305_30_LF_CLASS::氾濫平野・海岸平野,多摩川 / basin 30 / 氾濫平野・海岸平野,continue,5,18,0.2777777777777778,566,2555,watersystem_x_unit_basin_x_landform,0.0088339222614841,0.0070450097847358124,0.0017889124767482868,1.2539261876717707,low_n_descriptive_only,FALSE
He->Me,6,B_830305_30_LF_CLASS::氾濫平野・海岸平野,多摩川 / basin 30 / 氾濫平野・海岸平野,drop,12,18,0.6666666666666666,1560,2555,watersystem_x_unit_basin_x_landform,0.007692307692307693,0.0070450097847358124,6.472979075718803e-4,1.091880341880342,low_n_descriptive_only,FALSE
He->Me,6,B_830305_30_LF_CLASS::氾濫平野・海岸平野,多摩川 / basin 30 / 氾濫平野・海岸平野,new,1,18,0.05555555555555555,429,2555,watersystem_x_unit_basin_x_landform,0.002331002331002331,0.0070450097847358124,-0.0047140074537334814,0.33087283087283087,low_n_descriptive_only,FALSE
He->Me,6,B_830305_31_LF_CLASS::台地・段丘,多摩川 / basin 31 / 台地・段丘,drop,2,2,1,1560,2555,watersystem_x_unit_basin_x_landform,0.001282051282051282,7.827788649706458e-4,4.992724170806362e-4,1.6378205128205128,low_n_descriptive_only,FALSE
He->Me,6,B_830305_32_LF_CLASS::台地・段丘,多摩川 / basin 32 / 台地・段丘,drop,1,1,1,1560,2555,watersystem_x_unit_basin_x_landform,6.41025641025641e-4,3.913894324853229e-4,2.496362085403181e-4,1.6378205128205128,low_n_descriptive_only,FALSE
He->Me,6,B_830305_32_LF_CLASS::山地斜面等,多摩川 / basin 32 / 山地斜面等,continue,1,5,0.2,566,2555,watersystem_x_unit_basin_x_landform,0.0017667844522968198,0.0019569471624266144,-1.901627101297946e-4,0.902826855123675,low_n_descriptive_only,FALSE
He->Me,6,B_830305_32_LF_CLASS::山地斜面等,多摩川 / basin 32 / 山地斜面等,drop,4,5,0.8,1560,2555,watersystem_x_unit_basin_x_landform,0.002564102564102564,0.0019569471624266144,6.071554016759497e-4,1.3102564102564103,low_n_descriptive_only,FALSE
He->Me,6,B_830305_33_LF_CLASS::凹地・浅い谷,多摩川 / basin 33 / 凹地・浅い谷,drop,1,2,0.5,1560,2555,watersystem_x_unit_basin_x_landform,6.41025641025641e-4,7.827788649706458e-4,-1.417532239450048e-4,0.8189102564102564,low_n_descriptive_only,FALSE
He->Me,6,B_830305_33_LF_CLASS::凹地・浅い谷,多摩川 / basin 33 / 凹地・浅い谷,new,1,2,0.5,429,2555,watersystem_x_unit_basin_x_landform,0.002331002331002331,7.827788649706458e-4,0.001548223466031685,2.9778554778554778,low_n_descriptive_only,FALSE
He->Me,6,B_830305_33_LF_CLASS::台地・段丘,多摩川 / basin 33 / 台地・段丘,continue,1,16,0.0625,566,2555,watersystem_x_unit_basin_x_landform,0.0017667844522968198,0.0062622309197651665,-0.004495446467468347,0.2821333922261484,low_n_descriptive_only,FALSE
He->Me,6,B_830305_33_LF_CLASS::台地・段丘,多摩川 / basin 33 / 台地・段丘,drop,15,16,0.9375,1560,2555,watersystem_x_unit_basin_x_landform,0.009615384615384616,0.0062622309197651665,0.0033531536956194494,1.5354567307692308,low_n_descriptive_only,FALSE
He->Me,6,B_830305_33_LF_CLASS::山地斜面等,多摩川 / basin 33 / 山地斜面等,drop,5,5,1,1560,2555,watersystem_x_unit_basin_x_landform,0.003205128205128205,0.0019569471624266144,0.0012481810427015906,1.6378205128205128,low_n_descriptive_only,FALSE
He->Me,6,B_830305_33_LF_CLASS::氾濫平野・海岸平野,多摩川 / basin 33 / 氾濫平野・海岸平野,continue,1,3,0.3333333333333333,566,2555,watersystem_x_unit_basin_x_landform,0.0017667844522968198,0.0011741682974559687,5.926161548408511e-4,1.5047114252061249,low_n_descriptive_only,FALSE
He->Me,6,B_830305_33_LF_CLASS::氾濫平野・海岸平野,多摩川 / basin 33 / 氾濫平野・海岸平野,drop,2,3,0.6666666666666666,1560,2555,watersystem_x_unit_basin_x_landform,0.001282051282051282,0.0011741682974559687,1.0788298459531338e-4,1.091880341880342,low_n_descriptive_only,FALSE
He->Me,6,B_830305_34_LF_CLASS::凹地・浅い谷,多摩川 / basin 34 / 凹地・浅い谷,drop,1,1,1,1560,2555,watersystem_x_unit_basin_x_landform,6.41025641025641e-4,3.913894324853229e-4,2.496362085403181e-4,1.6378205128205128,low_n_descriptive_only,FALSE
He->Me,6,B_830305_34_LF_CLASS::台地・段丘,多摩川 / basin 34 / 台地・段丘,continue,1,5,0.2,566,2555,watersystem_x_unit_basin_x_landform,0.0017667844522968198,0.0019569471624266144,-1.901627101297946e-4,0.902826855123675,low_n_descriptive_only,FALSE
He->Me,6,B_830305_34_LF_CLASS::台地・段丘,多摩川 / basin 34 / 台地・段丘,drop,2,5,0.4,1560,2555,watersystem_x_unit_basin_x_landform,0.001282051282051282,0.0019569471624266144,-6.748958803753323e-4,0.6551282051282051,low_n_descriptive_only,FALSE
He->Me,6,B_830305_34_LF_CLASS::台地・段丘,多摩川 / basin 34 / 台地・段丘,new,2,5,0.4,429,2555,watersystem_x_unit_basin_x_landform,0.004662004662004662,0.0019569471624266144,0.0027050574995780476,2.382284382284382,low_n_descriptive_only,FALSE
He->Me,6,B_830305_34_LF_CLASS::山地斜面等,多摩川 / basin 34 / 山地斜面等,drop,1,3,0.3333333333333333,1560,2555,watersystem_x_unit_basin_x_landform,6.41025641025641e-4,0.0011741682974559687,-5.331426564303276e-4,0.545940170940171,low_n_descriptive_only,FALSE
He->Me,6,B_830305_34_LF_CLASS::山地斜面等,多摩川 / basin 34 / 山地斜面等,new,2,3,0.6666666666666666,429,2555,watersystem_x_unit_basin_x_landform,0.004662004662004662,0.0011741682974559687,0.0034878363645486936,3.9704739704739707,low_n_descriptive_only,FALSE
He->Me,6,B_830305_34_LF_CLASS::氾濫平野・海岸平野,多摩川 / basin 34 / 氾濫平野・海岸平野,new,1,1,1,429,2555,watersystem_x_unit_basin_x_landform,0.002331002331002331,3.913894324853229e-4,0.001939612898517008,5.9557109557109555,low_n_descriptive_only,FALSE
He->Me,6,B_830305_35_LF_CLASS::台地・段丘,多摩川 / basin 35 / 台地・段丘,continue,7,21,0.3333333333333333,566,2555,watersystem_x_unit_basin_x_landform,0.012367491166077738,0.00821917808219178,0.004148313083885958,1.5047114252061249,eligible,FALSE
He->Me,6,B_830305_35_LF_CLASS::台地・段丘,多摩川 / basin 35 / 台地・段丘,drop,9,21,0.42857142857142855,1560,2555,watersystem_x_unit_basin_x_landform,0.0057692307692307696,0.00821917808219178,-0.0024499473129610105,0.701923076923077,eligible,FALSE
He->Me,6,B_830305_35_LF_CLASS::台地・段丘,多摩川 / basin 35 / 台地・段丘,new,5,21,0.23809523809523808,429,2555,watersystem_x_unit_basin_x_landform,0.011655011655011656,0.00821917808219178,0.003435833572819876,1.4180264180264184,eligible,FALSE
He->Me,6,B_830305_35_LF_CLASS::山地斜面等,多摩川 / basin 35 / 山地斜面等,continue,5,29,0.1724137931034483,566,2555,watersystem_x_unit_basin_x_landform,0.0088339222614841,0.011350293542074364,-0.0025163712805902645,0.7782990130376508,eligible,FALSE
He->Me,6,B_830305_35_LF_CLASS::山地斜面等,多摩川 / basin 35 / 山地斜面等,drop,21,29,0.7241379310344828,1560,2555,watersystem_x_unit_basin_x_landform,0.013461538461538462,0.011350293542074364,0.0021112449194640986,1.1860079575596818,eligible,FALSE
He->Me,6,B_830305_35_LF_CLASS::山地斜面等,多摩川 / basin 35 / 山地斜面等,new,3,29,0.10344827586206896,429,2555,watersystem_x_unit_basin_x_landform,0.006993006993006993,0.011350293542074364,-0.004357286549067371,0.6161080299011333,eligible,FALSE
He->Me,6,B_830305_35_LF_CLASS::山麓堆積地形,多摩川 / basin 35 / 山麓堆積地形,drop,3,3,1,1560,2555,watersystem_x_unit_basin_x_landform,0.0019230769230769232,0.0011741682974559687,7.489086256209545e-4,1.637820512820513,low_n_descriptive_only,FALSE
He->Me,6,B_830305_35_LF_CLASS::扇状地,多摩川 / basin 35 / 扇状地,continue,1,1,1,566,2555,watersystem_x_unit_basin_x_landform,0.0017667844522968198,3.913894324853229e-4,0.0013753950198114968,4.514134275618375,low_n_descriptive_only,FALSE
He->Me,6,B_830305_35_LF_CLASS::氾濫平野・海岸平野,多摩川 / basin 35 / 氾濫平野・海岸平野,drop,3,4,0.75,1560,2555,watersystem_x_unit_basin_x_landform,0.0019230769230769232,0.0015655577299412916,3.5751919313563156e-4,1.2283653846153846,low_n_descriptive_only,FALSE
He->Me,6,B_830305_35_LF_CLASS::氾濫平野・海岸平野,多摩川 / basin 35 / 氾濫平野・海岸平野,new,1,4,0.25,429,2555,watersystem_x_unit_basin_x_landform,0.002331002331002331,0.0015655577299412916,7.654446010610394e-4,1.4889277389277389,low_n_descriptive_only,FALSE
He->Me,6,B_830305_36_LF_CLASS::台地・段丘,多摩川 / basin 36 / 台地・段丘,continue,3,7,0.42857142857142855,566,2555,watersystem_x_unit_basin_x_landform,0.00530035335689046,0.0027397260273972603,0.0025606273294931994,1.9346289752650179,low_n_descriptive_only,FALSE
He->Me,6,B_830305_36_LF_CLASS::台地・段丘,多摩川 / basin 36 / 台地・段丘,drop,3,7,0.42857142857142855,1560,2555,watersystem_x_unit_basin_x_landform,0.0019230769230769232,0.0027397260273972603,-8.166491043203371e-4,0.701923076923077,low_n_descriptive_only,FALSE
He->Me,6,B_830305_36_LF_CLASS::台地・段丘,多摩川 / basin 36 / 台地・段丘,new,1,7,0.14285714285714285,429,2555,watersystem_x_unit_basin_x_landform,0.002331002331002331,0.0027397260273972603,-4.087236963949293e-4,0.8508158508158508,low_n_descriptive_only,FALSE
He->Me,6,B_830305_36_LF_CLASS::山地斜面等,多摩川 / basin 36 / 山地斜面等,continue,4,63,0.06349206349206349,566,2555,watersystem_x_unit_basin_x_landform,0.007067137809187279,0.024657534246575342,-0.017590396437388064,0.2866117000392619,eligible,FALSE
He->Me,6,B_830305_36_LF_CLASS::山地斜面等,多摩川 / basin 36 / 山地斜面等,drop,56,63,0.8888888888888888,1560,2555,watersystem_x_unit_basin_x_landform,0.035897435897435895,0.024657534246575342,0.011239901650860553,1.4558404558404558,eligible,FALSE
He->Me,6,B_830305_36_LF_CLASS::山地斜面等,多摩川 / basin 36 / 山地斜面等,new,3,63,0.047619047619047616,429,2555,watersystem_x_unit_basin_x_landform,0.006993006993006993,0.024657534246575342,-0.01766452725356835,0.2836052836052836,eligible,FALSE
He->Me,6,B_830305_36_LF_CLASS::氾濫平野・海岸平野,多摩川 / basin 36 / 氾濫平野・海岸平野,drop,4,4,1,1560,2555,watersystem_x_unit_basin_x_landform,0.002564102564102564,0.0015655577299412916,9.985448341612725e-4,1.6378205128205128,low_n_descriptive_only,FALSE
He->Me,6,B_830305_37_LF_CLASS::台地・段丘,多摩川 / basin 37 / 台地・段丘,drop,3,3,1,1560,2555,watersystem_x_unit_basin_x_landform,0.0019230769230769232,0.0011741682974559687,7.489086256209545e-4,1.637820512820513,low_n_descriptive_only,FALSE
He->Me,6,B_830305_37_LF_CLASS::崖・段丘崖,多摩川 / basin 37 / 崖・段丘崖,new,1,1,1,429,2555,watersystem_x_unit_basin_x_landform,0.002331002331002331,3.913894324853229e-4,0.001939612898517008,5.9557109557109555,low_n_descriptive_only,FALSE
He->Me,6,B_830305_38_LF_CLASS::台地・段丘,多摩川 / basin 38 / 台地・段丘,continue,2,3,0.6666666666666666,566,2555,watersystem_x_unit_basin_x_landform,0.0035335689045936395,0.0011741682974559687,0.002359400607137671,3.0094228504122498,low_n_descriptive_only,FALSE
He->Me,6,B_830305_38_LF_CLASS::台地・段丘,多摩川 / basin 38 / 台地・段丘,drop,1,3,0.3333333333333333,1560,2555,watersystem_x_unit_basin_x_landform,6.41025641025641e-4,0.0011741682974559687,-5.331426564303276e-4,0.545940170940171,low_n_descriptive_only,FALSE
He->Me,6,B_830305_38_LF_CLASS::山地斜面等,多摩川 / basin 38 / 山地斜面等,drop,1,1,1,1560,2555,watersystem_x_unit_basin_x_landform,6.41025641025641e-4,3.913894324853229e-4,2.496362085403181e-4,1.6378205128205128,low_n_descriptive_only,FALSE
He->Me,6,B_830305_39_LF_CLASS::台地・段丘,多摩川 / basin 39 / 台地・段丘,drop,1,3,0.3333333333333333,1560,2555,watersystem_x_unit_basin_x_landform,6.41025641025641e-4,0.0011741682974559687,-5.331426564303276e-4,0.545940170940171,low_n_descriptive_only,FALSE
He->Me,6,B_830305_39_LF_CLASS::台地・段丘,多摩川 / basin 39 / 台地・段丘,new,2,3,0.6666666666666666,429,2555,watersystem_x_unit_basin_x_landform,0.004662004662004662,0.0011741682974559687,0.0034878363645486936,3.9704739704739707,low_n_descriptive_only,FALSE
He->Me,6,B_830305_3_LF_CLASS::台地・段丘,多摩川 / basin 3 / 台地・段丘,new,3,3,1,429,2555,watersystem_x_unit_basin_x_landform,0.006993006993006993,0.0011741682974559687,0.0058188386955510246,5.9557109557109555,low_n_descriptive_only,FALSE
He->Me,6,B_830305_3_LF_CLASS::山地斜面等,多摩川 / basin 3 / 山地斜面等,new,2,2,1,429,2555,watersystem_x_unit_basin_x_landform,0.004662004662004662,7.827788649706458e-4,0.003879225797034016,5.9557109557109555,low_n_descriptive_only,FALSE
He->Me,6,B_830305_40_LF_CLASS::凹地・浅い谷,多摩川 / basin 40 / 凹地・浅い谷,continue,1,2,0.5,566,2555,watersystem_x_unit_basin_x_landform,0.0017667844522968198,7.827788649706458e-4,9.840055873261738e-4,2.2570671378091873,low_n_descriptive_only,FALSE
He->Me,6,B_830305_40_LF_CLASS::凹地・浅い谷,多摩川 / basin 40 / 凹地・浅い谷,drop,1,2,0.5,1560,2555,watersystem_x_unit_basin_x_landform,6.41025641025641e-4,7.827788649706458e-4,-1.417532239450048e-4,0.8189102564102564,low_n_descriptive_only,FALSE
He->Me,6,B_830305_40_LF_CLASS::台地・段丘,多摩川 / basin 40 / 台地・段丘,continue,6,27,0.2222222222222222,566,2555,watersystem_x_unit_basin_x_landform,0.01060070671378092,0.010567514677103719,3.3192036677200804e-5,1.0031409501374167,eligible,FALSE
He->Me,6,B_830305_40_LF_CLASS::台地・段丘,多摩川 / basin 40 / 台地・段丘,drop,21,27,0.7777777777777778,1560,2555,watersystem_x_unit_basin_x_landform,0.013461538461538462,0.010567514677103719,0.0028940237844347436,1.273860398860399,eligible,FALSE
He->Me,6,B_830305_40_LF_CLASS::山地斜面等,多摩川 / basin 40 / 山地斜面等,continue,5,15,0.3333333333333333,566,2555,watersystem_x_unit_basin_x_landform,0.0088339222614841,0.005870841487279843,0.002963080774204256,1.5047114252061249,low_n_descriptive_only,FALSE
He->Me,6,B_830305_40_LF_CLASS::山地斜面等,多摩川 / basin 40 / 山地斜面等,drop,6,15,0.4,1560,2555,watersystem_x_unit_basin_x_landform,0.0038461538461538464,0.005870841487279843,-0.0020246876411259968,0.6551282051282052,low_n_descriptive_only,FALSE
He->Me,6,B_830305_40_LF_CLASS::山地斜面等,多摩川 / basin 40 / 山地斜面等,new,4,15,0.26666666666666666,429,2555,watersystem_x_unit_basin_x_landform,0.009324009324009324,0.005870841487279843,0.003453167836729481,1.5881895881895882,low_n_descriptive_only,FALSE
He->Me,6,B_830305_40_LF_CLASS::山麓堆積地形,多摩川 / basin 40 / 山麓堆積地形,drop,1,2,0.5,1560,2555,watersystem_x_unit_basin_x_landform,6.41025641025641e-4,7.827788649706458e-4,-1.417532239450048e-4,0.8189102564102564,low_n_descriptive_only,FALSE
He->Me,6,B_830305_40_LF_CLASS::山麓堆積地形,多摩川 / basin 40 / 山麓堆積地形,new,1,2,0.5,429,2555,watersystem_x_unit_basin_x_landform,0.002331002331002331,7.827788649706458e-4,0.001548223466031685,2.9778554778554778,low_n_descriptive_only,FALSE
He->Me,6,B_830305_40_LF_CLASS::崖・段丘崖,多摩川 / basin 40 / 崖・段丘崖,drop,1,1,1,1560,2555,watersystem_x_unit_basin_x_landform,6.41025641025641e-4,3.913894324853229e-4,2.496362085403181e-4,1.6378205128205128,low_n_descriptive_only,FALSE
He->Me,6,B_830305_41_LF_CLASS::台地・段丘,多摩川 / basin 41 / 台地・段丘,drop,6,6,1,1560,2555,watersystem_x_unit_basin_x_landform,0.0038461538461538464,0.0023483365949119373,0.001497817251241909,1.637820512820513,low_n_descriptive_only,FALSE
He->Me,6,B_830305_41_LF_CLASS::山地斜面等,多摩川 / basin 41 / 山地斜面等,continue,1,2,0.5,566,2555,watersystem_x_unit_basin_x_landform,0.0017667844522968198,7.827788649706458e-4,9.840055873261738e-4,2.2570671378091873,low_n_descriptive_only,FALSE
He->Me,6,B_830305_41_LF_CLASS::山地斜面等,多摩川 / basin 41 / 山地斜面等,drop,1,2,0.5,1560,2555,watersystem_x_unit_basin_x_landform,6.41025641025641e-4,7.827788649706458e-4,-1.417532239450048e-4,0.8189102564102564,low_n_descriptive_only,FALSE
He->Me,6,B_830305_41_LF_CLASS::氾濫平野・海岸平野,多摩川 / basin 41 / 氾濫平野・海岸平野,drop,1,1,1,1560,2555,watersystem_x_unit_basin_x_landform,6.41025641025641e-4,3.913894324853229e-4,2.496362085403181e-4,1.6378205128205128,low_n_descriptive_only,FALSE
He->Me,6,B_830305_42_LF_CLASS::台地・段丘,多摩川 / basin 42 / 台地・段丘,drop,3,4,0.75,1560,2555,watersystem_x_unit_basin_x_landform,0.0019230769230769232,0.0015655577299412916,3.5751919313563156e-4,1.2283653846153846,low_n_descriptive_only,FALSE
He->Me,6,B_830305_42_LF_CLASS::台地・段丘,多摩川 / basin 42 / 台地・段丘,new,1,4,0.25,429,2555,watersystem_x_unit_basin_x_landform,0.002331002331002331,0.0015655577299412916,7.654446010610394e-4,1.4889277389277389,low_n_descriptive_only,FALSE
He->Me,6,B_830305_42_LF_CLASS::崖・段丘崖,多摩川 / basin 42 / 崖・段丘崖,drop,1,1,1,1560,2555,watersystem_x_unit_basin_x_landform,6.41025641025641e-4,3.913894324853229e-4,2.496362085403181e-4,1.6378205128205128,low_n_descriptive_only,FALSE
He->Me,6,B_830305_43_LF_CLASS::凹地・浅い谷,多摩川 / basin 43 / 凹地・浅い谷,continue,1,1,1,566,2555,watersystem_x_unit_basin_x_landform,0.0017667844522968198,3.913894324853229e-4,0.0013753950198114968,4.514134275618375,low_n_descriptive_only,FALSE
He->Me,6,B_830305_43_LF_CLASS::台地・段丘,多摩川 / basin 43 / 台地・段丘,continue,4,17,0.23529411764705882,566,2555,watersystem_x_unit_basin_x_landform,0.007067137809187279,0.006653620352250489,4.1351745693679e-4,1.0621492413219704,low_n_descriptive_only,FALSE
He->Me,6,B_830305_43_LF_CLASS::台地・段丘,多摩川 / basin 43 / 台地・段丘,drop,6,17,0.35294117647058826,1560,2555,watersystem_x_unit_basin_x_landform,0.0038461538461538464,0.006653620352250489,-0.0028074665060966427,0.578054298642534,low_n_descriptive_only,FALSE
He->Me,6,B_830305_43_LF_CLASS::台地・段丘,多摩川 / basin 43 / 台地・段丘,new,7,17,0.4117647058823529,429,2555,watersystem_x_unit_basin_x_landform,0.016317016317016316,0.006653620352250489,0.009663395964765828,2.452351569998629,low_n_descriptive_only,FALSE
He->Me,6,B_830305_43_LF_CLASS::山地斜面等,多摩川 / basin 43 / 山地斜面等,continue,1,5,0.2,566,2555,watersystem_x_unit_basin_x_landform,0.0017667844522968198,0.0019569471624266144,-1.901627101297946e-4,0.902826855123675,low_n_descriptive_only,FALSE
He->Me,6,B_830305_43_LF_CLASS::山地斜面等,多摩川 / basin 43 / 山地斜面等,drop,1,5,0.2,1560,2555,watersystem_x_unit_basin_x_landform,6.41025641025641e-4,0.0019569471624266144,-0.0013159215214009735,0.32756410256410257,low_n_descriptive_only,FALSE
He->Me,6,B_830305_43_LF_CLASS::山地斜面等,多摩川 / basin 43 / 山地斜面等,new,3,5,0.6,429,2555,watersystem_x_unit_basin_x_landform,0.006993006993006993,0.0019569471624266144,0.005036059830580379,3.5734265734265738,low_n_descriptive_only,FALSE
He->Me,6,B_830305_44_LF_CLASS::台地・段丘,多摩川 / basin 44 / 台地・段丘,drop,1,2,0.5,1560,2555,watersystem_x_unit_basin_x_landform,6.41025641025641e-4,7.827788649706458e-4,-1.417532239450048e-4,0.8189102564102564,low_n_descriptive_only,FALSE
He->Me,6,B_830305_44_LF_CLASS::台地・段丘,多摩川 / basin 44 / 台地・段丘,new,1,2,0.5,429,2555,watersystem_x_unit_basin_x_landform,0.002331002331002331,7.827788649706458e-4,0.001548223466031685,2.9778554778554778,low_n_descriptive_only,FALSE
He->Me,6,B_830305_44_LF_CLASS::山地斜面等,多摩川 / basin 44 / 山地斜面等,continue,1,2,0.5,566,2555,watersystem_x_unit_basin_x_landform,0.0017667844522968198,7.827788649706458e-4,9.840055873261738e-4,2.2570671378091873,low_n_descriptive_only,FALSE
He->Me,6,B_830305_44_LF_CLASS::山地斜面等,多摩川 / basin 44 / 山地斜面等,drop,1,2,0.5,1560,2555,watersystem_x_unit_basin_x_landform,6.41025641025641e-4,7.827788649706458e-4,-1.417532239450048e-4,0.8189102564102564,low_n_descriptive_only,FALSE
He->Me,6,B_830305_44_LF_CLASS::氾濫平野・海岸平野,多摩川 / basin 44 / 氾濫平野・海岸平野,drop,1,1,1,1560,2555,watersystem_x_unit_basin_x_landform,6.41025641025641e-4,3.913894324853229e-4,2.496362085403181e-4,1.6378205128205128,low_n_descriptive_only,FALSE
He->Me,6,B_830305_45_LF_CLASS::台地・段丘,多摩川 / basin 45 / 台地・段丘,new,1,1,1,429,2555,watersystem_x_unit_basin_x_landform,0.002331002331002331,3.913894324853229e-4,0.001939612898517008,5.9557109557109555,low_n_descriptive_only,FALSE
He->Me,6,B_830305_46_LF_CLASS::台地・段丘,多摩川 / basin 46 / 台地・段丘,drop,4,5,0.8,1560,2555,watersystem_x_unit_basin_x_landform,0.002564102564102564,0.0019569471624266144,6.071554016759497e-4,1.3102564102564103,low_n_descriptive_only,FALSE
He->Me,6,B_830305_46_LF_CLASS::台地・段丘,多摩川 / basin 46 / 台地・段丘,new,1,5,0.2,429,2555,watersystem_x_unit_basin_x_landform,0.002331002331002331,0.0019569471624266144,3.7405516857571663e-4,1.191142191142191,low_n_descriptive_only,FALSE
He->Me,6,B_830305_46_LF_CLASS::山地斜面等,多摩川 / basin 46 / 山地斜面等,drop,2,2,1,1560,2555,watersystem_x_unit_basin_x_landform,0.001282051282051282,7.827788649706458e-4,4.992724170806362e-4,1.6378205128205128,low_n_descriptive_only,FALSE
He->Me,6,B_830305_46_LF_CLASS::氾濫平野・海岸平野,多摩川 / basin 46 / 氾濫平野・海岸平野,drop,1,1,1,1560,2555,watersystem_x_unit_basin_x_landform,6.41025641025641e-4,3.913894324853229e-4,2.496362085403181e-4,1.6378205128205128,low_n_descriptive_only,FALSE
He->Me,6,B_830305_47_LF_CLASS::台地・段丘,多摩川 / basin 47 / 台地・段丘,drop,1,1,1,1560,2555,watersystem_x_unit_basin_x_landform,6.41025641025641e-4,3.913894324853229e-4,2.496362085403181e-4,1.6378205128205128,low_n_descriptive_only,FALSE
He->Me,6,B_830305_48_LF_CLASS::台地・段丘,多摩川 / basin 48 / 台地・段丘,drop,6,7,0.8571428571428571,1560,2555,watersystem_x_unit_basin_x_landform,0.0038461538461538464,0.0027397260273972603,0.001106427818756586,1.403846153846154,low_n_descriptive_only,FALSE
He->Me,6,B_830305_48_LF_CLASS::台地・段丘,多摩川 / basin 48 / 台地・段丘,new,1,7,0.14285714285714285,429,2555,watersystem_x_unit_basin_x_landform,0.002331002331002331,0.0027397260273972603,-4.087236963949293e-4,0.8508158508158508,low_n_descriptive_only,FALSE
He->Me,6,B_830305_48_LF_CLASS::山地斜面等,多摩川 / basin 48 / 山地斜面等,continue,2,8,0.25,566,2555,watersystem_x_unit_basin_x_landform,0.0035335689045936395,0.0031311154598825833,4.024534447110563e-4,1.1285335689045937,low_n_descriptive_only,FALSE
He->Me,6,B_830305_48_LF_CLASS::山地斜面等,多摩川 / basin 48 / 山地斜面等,drop,3,8,0.375,1560,2555,watersystem_x_unit_basin_x_landform,0.0019230769230769232,0.0031311154598825833,-0.00120803853680566,0.6141826923076923,low_n_descriptive_only,FALSE
He->Me,6,B_830305_48_LF_CLASS::山地斜面等,多摩川 / basin 48 / 山地斜面等,new,3,8,0.375,429,2555,watersystem_x_unit_basin_x_landform,0.006993006993006993,0.0031311154598825833,0.0038618915331244097,2.2333916083916083,low_n_descriptive_only,FALSE
He->Me,6,B_830305_48_LF_CLASS::山麓堆積地形,多摩川 / basin 48 / 山麓堆積地形,new,1,1,1,429,2555,watersystem_x_unit_basin_x_landform,0.002331002331002331,3.913894324853229e-4,0.001939612898517008,5.9557109557109555,low_n_descriptive_only,FALSE
He->Me,6,B_830305_48_LF_CLASS::氾濫平野・海岸平野,多摩川 / basin 48 / 氾濫平野・海岸平野,drop,2,2,1,1560,2555,watersystem_x_unit_basin_x_landform,0.001282051282051282,7.827788649706458e-4,4.992724170806362e-4,1.6378205128205128,low_n_descriptive_only,FALSE
He->Me,6,B_830305_49_LF_CLASS::山地斜面等,多摩川 / basin 49 / 山地斜面等,drop,1,2,0.5,1560,2555,watersystem_x_unit_basin_x_landform,6.41025641025641e-4,7.827788649706458e-4,-1.417532239450048e-4,0.8189102564102564,low_n_descriptive_only,FALSE
He->Me,6,B_830305_49_LF_CLASS::山地斜面等,多摩川 / basin 49 / 山地斜面等,new,1,2,0.5,429,2555,watersystem_x_unit_basin_x_landform,0.002331002331002331,7.827788649706458e-4,0.001548223466031685,2.9778554778554778,low_n_descriptive_only,FALSE
He->Me,6,B_830305_50_LF_CLASS::台地・段丘,多摩川 / basin 50 / 台地・段丘,continue,1,3,0.3333333333333333,566,2555,watersystem_x_unit_basin_x_landform,0.0017667844522968198,0.0011741682974559687,5.926161548408511e-4,1.5047114252061249,low_n_descriptive_only,FALSE
He->Me,6,B_830305_50_LF_CLASS::台地・段丘,多摩川 / basin 50 / 台地・段丘,drop,2,3,0.6666666666666666,1560,2555,watersystem_x_unit_basin_x_landform,0.001282051282051282,0.0011741682974559687,1.0788298459531338e-4,1.091880341880342,low_n_descriptive_only,FALSE
He->Me,6,B_830305_51_LF_CLASS::台地・段丘,多摩川 / basin 51 / 台地・段丘,drop,2,2,1,1560,2555,watersystem_x_unit_basin_x_landform,0.001282051282051282,7.827788649706458e-4,4.992724170806362e-4,1.6378205128205128,low_n_descriptive_only,FALSE
He->Me,6,B_830305_52_LF_CLASS::台地・段丘,多摩川 / basin 52 / 台地・段丘,continue,1,3,0.3333333333333333,566,2555,watersystem_x_unit_basin_x_landform,0.0017667844522968198,0.0011741682974559687,5.926161548408511e-4,1.5047114252061249,low_n_descriptive_only,FALSE
He->Me,6,B_830305_52_LF_CLASS::台地・段丘,多摩川 / basin 52 / 台地・段丘,drop,1,3,0.3333333333333333,1560,2555,watersystem_x_unit_basin_x_landform,6.41025641025641e-4,0.0011741682974559687,-5.331426564303276e-4,0.545940170940171,low_n_descriptive_only,FALSE
He->Me,6,B_830305_52_LF_CLASS::台地・段丘,多摩川 / basin 52 / 台地・段丘,new,1,3,0.3333333333333333,429,2555,watersystem_x_unit_basin_x_landform,0.002331002331002331,0.0011741682974559687,0.0011568340335463623,1.9852369852369853,low_n_descriptive_only,FALSE
He->Me,6,B_830305_54_LF_CLASS::山地斜面等,多摩川 / basin 54 / 山地斜面等,new,1,1,1,429,2555,watersystem_x_unit_basin_x_landform,0.002331002331002331,3.913894324853229e-4,0.001939612898517008,5.9557109557109555,low_n_descriptive_only,FALSE
He->Me,6,B_830305_55_LF_CLASS::台地・段丘,多摩川 / basin 55 / 台地・段丘,drop,1,1,1,1560,2555,watersystem_x_unit_basin_x_landform,6.41025641025641e-4,3.913894324853229e-4,2.496362085403181e-4,1.6378205128205128,low_n_descriptive_only,FALSE
He->Me,6,B_830305_56_LF_CLASS::台地・段丘,多摩川 / basin 56 / 台地・段丘,continue,3,5,0.6,566,2555,watersystem_x_unit_basin_x_landform,0.00530035335689046,0.0019569471624266144,0.0033434061944638454,2.708480565371025,low_n_descriptive_only,FALSE
He->Me,6,B_830305_56_LF_CLASS::台地・段丘,多摩川 / basin 56 / 台地・段丘,drop,2,5,0.4,1560,2555,watersystem_x_unit_basin_x_landform,0.001282051282051282,0.0019569471624266144,-6.748958803753323e-4,0.6551282051282051,low_n_descriptive_only,FALSE
He->Me,6,B_830305_57_LF_CLASS::台地・段丘,多摩川 / basin 57 / 台地・段丘,drop,1,1,1,1560,2555,watersystem_x_unit_basin_x_landform,6.41025641025641e-4,3.913894324853229e-4,2.496362085403181e-4,1.6378205128205128,low_n_descriptive_only,FALSE
He->Me,6,B_830305_58_LF_CLASS::氾濫平野・海岸平野,多摩川 / basin 58 / 氾濫平野・海岸平野,drop,1,1,1,1560,2555,watersystem_x_unit_basin_x_landform,6.41025641025641e-4,3.913894324853229e-4,2.496362085403181e-4,1.6378205128205128,low_n_descriptive_only,FALSE
He->Me,6,B_830305_59_LF_CLASS::凹地・浅い谷,多摩川 / basin 59 / 凹地・浅い谷,drop,1,1,1,1560,2555,watersystem_x_unit_basin_x_landform,6.41025641025641e-4,3.913894324853229e-4,2.496362085403181e-4,1.6378205128205128,low_n_descriptive_only,FALSE
He->Me,6,B_830305_5_LF_CLASS::台地・段丘,多摩川 / basin 5 / 台地・段丘,new,3,3,1,429,2555,watersystem_x_unit_basin_x_landform,0.006993006993006993,0.0011741682974559687,0.0058188386955510246,5.9557109557109555,low_n_descriptive_only,FALSE
He->Me,6,B_830305_72_LF_CLASS::台地・段丘,多摩川 / basin 72 / 台地・段丘,new,2,2,1,429,2555,watersystem_x_unit_basin_x_landform,0.004662004662004662,7.827788649706458e-4,0.003879225797034016,5.9557109557109555,low_n_descriptive_only,FALSE
He->Me,6,B_830305_72_LF_CLASS::山地斜面等,多摩川 / basin 72 / 山地斜面等,drop,2,3,0.6666666666666666,1560,2555,watersystem_x_unit_basin_x_landform,0.001282051282051282,0.0011741682974559687,1.0788298459531338e-4,1.091880341880342,low_n_descriptive_only,FALSE
He->Me,6,B_830305_72_LF_CLASS::山地斜面等,多摩川 / basin 72 / 山地斜面等,new,1,3,0.3333333333333333,429,2555,watersystem_x_unit_basin_x_landform,0.002331002331002331,0.0011741682974559687,0.0011568340335463623,1.9852369852369853,low_n_descriptive_only,FALSE
He->Me,6,B_830305_73_LF_CLASS::台地・段丘,多摩川 / basin 73 / 台地・段丘,continue,2,5,0.4,566,2555,watersystem_x_unit_basin_x_landform,0.0035335689045936395,0.0019569471624266144,0.0015766217421670252,1.80565371024735,low_n_descriptive_only,FALSE
He->Me,6,B_830305_73_LF_CLASS::台地・段丘,多摩川 / basin 73 / 台地・段丘,drop,3,5,0.6,1560,2555,watersystem_x_unit_basin_x_landform,0.0019230769230769232,0.0019569471624266144,-3.387023934969119e-5,0.9826923076923078,low_n_descriptive_only,FALSE
He->Me,6,B_830305_73_LF_CLASS::山地斜面等,多摩川 / basin 73 / 山地斜面等,new,2,2,1,429,2555,watersystem_x_unit_basin_x_landform,0.004662004662004662,7.827788649706458e-4,0.003879225797034016,5.9557109557109555,low_n_descriptive_only,FALSE
He->Me,6,B_830305_74_LF_CLASS::台地・段丘,多摩川 / basin 74 / 台地・段丘,continue,1,1,1,566,2555,watersystem_x_unit_basin_x_landform,0.0017667844522968198,3.913894324853229e-4,0.0013753950198114968,4.514134275618375,low_n_descriptive_only,FALSE
He->Me,6,B_830305_75_LF_CLASS::台地・段丘,多摩川 / basin 75 / 台地・段丘,continue,2,6,0.3333333333333333,566,2555,watersystem_x_unit_basin_x_landform,0.0035335689045936395,0.0023483365949119373,0.0011852323096817022,1.5047114252061249,low_n_descriptive_only,FALSE
He->Me,6,B_830305_75_LF_CLASS::台地・段丘,多摩川 / basin 75 / 台地・段丘,drop,4,6,0.6666666666666666,1560,2555,watersystem_x_unit_basin_x_landform,0.002564102564102564,0.0023483365949119373,2.1576596919062677e-4,1.091880341880342,low_n_descriptive_only,FALSE
He->Me,6,B_830305_75_LF_CLASS::山地斜面等,多摩川 / basin 75 / 山地斜面等,new,3,3,1,429,2555,watersystem_x_unit_basin_x_landform,0.006993006993006993,0.0011741682974559687,0.0058188386955510246,5.9557109557109555,low_n_descriptive_only,FALSE
He->Me,6,B_830305_75_LF_CLASS::山麓堆積地形,多摩川 / basin 75 / 山麓堆積地形,drop,1,1,1,1560,2555,watersystem_x_unit_basin_x_landform,6.41025641025641e-4,3.913894324853229e-4,2.496362085403181e-4,1.6378205128205128,low_n_descriptive_only,FALSE
He->Me,6,B_830305_75_LF_CLASS::氾濫平野・海岸平野,多摩川 / basin 75 / 氾濫平野・海岸平野,new,1,1,1,429,2555,watersystem_x_unit_basin_x_landform,0.002331002331002331,3.913894324853229e-4,0.001939612898517008,5.9557109557109555,low_n_descriptive_only,FALSE
He->Me,6,B_830305_76_LF_CLASS::山地斜面等,多摩川 / basin 76 / 山地斜面等,drop,1,1,1,1560,2555,watersystem_x_unit_basin_x_landform,6.41025641025641e-4,3.913894324853229e-4,2.496362085403181e-4,1.6378205128205128,low_n_descriptive_only,FALSE
He->Me,6,B_830305_8_LF_CLASS::凹地・浅い谷,多摩川 / basin 8 / 凹地・浅い谷,drop,1,1,1,1560,2555,watersystem_x_unit_basin_x_landform,6.41025641025641e-4,3.913894324853229e-4,2.496362085403181e-4,1.6378205128205128,low_n_descriptive_only,FALSE
He->Me,6,B_830305_8_LF_CLASS::台地・段丘,多摩川 / basin 8 / 台地・段丘,continue,5,11,0.45454545454545453,566,2555,watersystem_x_unit_basin_x_landform,0.0088339222614841,0.004305283757338552,0.004528638504145547,2.05187921619017,low_n_descriptive_only,FALSE
He->Me,6,B_830305_8_LF_CLASS::台地・段丘,多摩川 / basin 8 / 台地・段丘,new,6,11,0.5454545454545454,429,2555,watersystem_x_unit_basin_x_landform,0.013986013986013986,0.004305283757338552,0.009680730228675435,3.2485696122059755,low_n_descriptive_only,FALSE
He->Me,6,B_830305_8_LF_CLASS::山地斜面等,多摩川 / basin 8 / 山地斜面等,new,1,1,1,429,2555,watersystem_x_unit_basin_x_landform,0.002331002331002331,3.913894324853229e-4,0.001939612898517008,5.9557109557109555,low_n_descriptive_only,FALSE
He->Me,6,B_830305_8_LF_CLASS::氾濫平野・海岸平野,多摩川 / basin 8 / 氾濫平野・海岸平野,continue,1,1,1,566,2555,watersystem_x_unit_basin_x_landform,0.0017667844522968198,3.913894324853229e-4,0.0013753950198114968,4.514134275618375,low_n_descriptive_only,FALSE
He->Me,6,B_830305_9_LF_CLASS::氾濫平野・海岸平野,多摩川 / basin 9 / 氾濫平野・海岸平野,continue,1,1,1,566,2555,watersystem_x_unit_basin_x_landform,0.0017667844522968198,3.913894324853229e-4,0.0013753950198114968,4.514134275618375,low_n_descriptive_only,FALSE
He->Me,6,B_830306_16_LF_CLASS::凹地・浅い谷,鶴見川 / basin 16 / 凹地・浅い谷,drop,1,1,1,1560,2555,watersystem_x_unit_basin_x_landform,6.41025641025641e-4,3.913894324853229e-4,2.496362085403181e-4,1.6378205128205128,low_n_descriptive_only,FALSE
He->Me,6,B_830306_16_LF_CLASS::台地・段丘,鶴見川 / basin 16 / 台地・段丘,continue,2,31,0.06451612903225806,566,2555,watersystem_x_unit_basin_x_landform,0.0035335689045936395,0.01213307240704501,-0.00859950350245137,0.2912344693947338,eligible,FALSE
He->Me,6,B_830306_16_LF_CLASS::台地・段丘,鶴見川 / basin 16 / 台地・段丘,drop,26,31,0.8387096774193549,1560,2555,watersystem_x_unit_basin_x_landform,0.016666666666666666,0.01213307240704501,0.004533594259621656,1.3736559139784945,eligible,FALSE
He->Me,6,B_830306_16_LF_CLASS::台地・段丘,鶴見川 / basin 16 / 台地・段丘,new,3,31,0.0967741935483871,429,2555,watersystem_x_unit_basin_x_landform,0.006993006993006993,0.01213307240704501,-0.0051400654140380175,0.5763591247462215,eligible,FALSE
He->Me,6,B_830306_16_LF_CLASS::山地斜面等,鶴見川 / basin 16 / 山地斜面等,continue,5,36,0.1388888888888889,566,2555,watersystem_x_unit_basin_x_landform,0.0088339222614841,0.014090019569471625,-0.005256097307987526,0.6269630938358853,eligible,FALSE
He->Me,6,B_830306_16_LF_CLASS::山地斜面等,鶴見川 / basin 16 / 山地斜面等,drop,31,36,0.8611111111111112,1560,2555,watersystem_x_unit_basin_x_landform,0.01987179487179487,0.014090019569471625,0.005781775302323246,1.4103454415954415,eligible,FALSE
He->Me,6,B_830306_16_LF_CLASS::山麓堆積地形,鶴見川 / basin 16 / 山麓堆積地形,drop,2,2,1,1560,2555,watersystem_x_unit_basin_x_landform,0.001282051282051282,7.827788649706458e-4,4.992724170806362e-4,1.6378205128205128,low_n_descriptive_only,FALSE
He->Me,6,B_830306_16_LF_CLASS::崖・段丘崖,鶴見川 / basin 16 / 崖・段丘崖,continue,1,2,0.5,566,2555,watersystem_x_unit_basin_x_landform,0.0017667844522968198,7.827788649706458e-4,9.840055873261738e-4,2.2570671378091873,low_n_descriptive_only,FALSE
He->Me,6,B_830306_16_LF_CLASS::崖・段丘崖,鶴見川 / basin 16 / 崖・段丘崖,drop,1,2,0.5,1560,2555,watersystem_x_unit_basin_x_landform,6.41025641025641e-4,7.827788649706458e-4,-1.417532239450048e-4,0.8189102564102564,low_n_descriptive_only,FALSE
He->Me,6,B_830306_16_LF_CLASS::水部,鶴見川 / basin 16 / 水部,drop,2,2,1,1560,2555,watersystem_x_unit_basin_x_landform,0.001282051282051282,7.827788649706458e-4,4.992724170806362e-4,1.6378205128205128,low_n_descriptive_only,FALSE
He->Me,6,B_830306_16_LF_CLASS::氾濫平野・海岸平野,鶴見川 / basin 16 / 氾濫平野・海岸平野,drop,7,7,1,1560,2555,watersystem_x_unit_basin_x_landform,0.004487179487179487,0.0027397260273972603,0.0017474534597822266,1.6378205128205128,low_n_descriptive_only,FALSE
He->Me,6,B_830306_16_LF_CLASS::自然堤防,鶴見川 / basin 16 / 自然堤防,drop,3,3,1,1560,2555,watersystem_x_unit_basin_x_landform,0.0019230769230769232,0.0011741682974559687,7.489086256209545e-4,1.637820512820513,low_n_descriptive_only,FALSE
He->Me,6,B_830306_17_LF_CLASS::台地・段丘,鶴見川 / basin 17 / 台地・段丘,drop,3,3,1,1560,2555,watersystem_x_unit_basin_x_landform,0.0019230769230769232,0.0011741682974559687,7.489086256209545e-4,1.637820512820513,low_n_descriptive_only,FALSE
He->Me,6,B_830306_17_LF_CLASS::山地斜面等,鶴見川 / basin 17 / 山地斜面等,drop,6,6,1,1560,2555,watersystem_x_unit_basin_x_landform,0.0038461538461538464,0.0023483365949119373,0.001497817251241909,1.637820512820513,low_n_descriptive_only,FALSE
He->Me,6,B_830306_19_LF_CLASS::山地斜面等,鶴見川 / basin 19 / 山地斜面等,drop,10,13,0.7692307692307693,1560,2555,watersystem_x_unit_basin_x_landform,0.00641025641025641,0.005088062622309198,0.001322193787947212,1.2598619329388558,low_n_descriptive_only,FALSE
He->Me,6,B_830306_19_LF_CLASS::山地斜面等,鶴見川 / basin 19 / 山地斜面等,new,3,13,0.23076923076923078,429,2555,watersystem_x_unit_basin_x_landform,0.006993006993006993,0.005088062622309198,0.001904944370697795,1.3743948359332974,low_n_descriptive_only,FALSE
He->Me,6,B_830306_19_LF_CLASS::氾濫平野・海岸平野,鶴見川 / basin 19 / 氾濫平野・海岸平野,drop,1,1,1,1560,2555,watersystem_x_unit_basin_x_landform,6.41025641025641e-4,3.913894324853229e-4,2.496362085403181e-4,1.6378205128205128,low_n_descriptive_only,FALSE
He->Me,6,B_830306_20_LF_CLASS::台地・段丘,鶴見川 / basin 20 / 台地・段丘,continue,4,26,0.15384615384615385,566,2555,watersystem_x_unit_basin_x_landform,0.007067137809187279,0.010176125244618396,-0.003108987435431117,0.6944821962489807,eligible,FALSE
He->Me,6,B_830306_20_LF_CLASS::台地・段丘,鶴見川 / basin 20 / 台地・段丘,drop,20,26,0.7692307692307693,1560,2555,watersystem_x_unit_basin_x_landform,0.01282051282051282,0.010176125244618396,0.002644387575894424,1.2598619329388558,eligible,FALSE
He->Me,6,B_830306_20_LF_CLASS::台地・段丘,鶴見川 / basin 20 / 台地・段丘,new,2,26,0.07692307692307693,429,2555,watersystem_x_unit_basin_x_landform,0.004662004662004662,0.010176125244618396,-0.005514120582613734,0.4581316119777658,eligible,FALSE
He->Me,6,B_830306_20_LF_CLASS::山地斜面等,鶴見川 / basin 20 / 山地斜面等,continue,29,181,0.16022099447513813,566,2555,watersystem_x_unit_basin_x_landform,0.05123674911660778,0.07084148727984345,-0.01960473816323567,0.7232590828338832,eligible,FALSE
He->Me,6,B_830306_20_LF_CLASS::山地斜面等,鶴見川 / basin 20 / 山地斜面等,drop,138,181,0.7624309392265194,1560,2555,watersystem_x_unit_basin_x_landform,0.08846153846153847,0.07084148727984345,0.017620051181695018,1.2487250318742031,eligible,FALSE
He->Me,6,B_830306_20_LF_CLASS::山地斜面等,鶴見川 / basin 20 / 山地斜面等,new,14,181,0.07734806629834254,429,2555,watersystem_x_unit_basin_x_landform,0.03263403263403263,0.07084148727984345,-0.038207454645810816,0.46066272585609597,eligible,FALSE
He->Me,6,B_830306_20_LF_CLASS::山麓堆積地形,鶴見川 / basin 20 / 山麓堆積地形,continue,3,8,0.375,566,2555,watersystem_x_unit_basin_x_landform,0.00530035335689046,0.0031311154598825833,0.0021692378970078765,1.6928003533568905,low_n_descriptive_only,FALSE
He->Me,6,B_830306_20_LF_CLASS::山麓堆積地形,鶴見川 / basin 20 / 山麓堆積地形,drop,3,8,0.375,1560,2555,watersystem_x_unit_basin_x_landform,0.0019230769230769232,0.0031311154598825833,-0.00120803853680566,0.6141826923076923,low_n_descriptive_only,FALSE
He->Me,6,B_830306_20_LF_CLASS::山麓堆積地形,鶴見川 / basin 20 / 山麓堆積地形,new,2,8,0.25,429,2555,watersystem_x_unit_basin_x_landform,0.004662004662004662,0.0031311154598825833,0.0015308892021220787,1.4889277389277389,low_n_descriptive_only,FALSE
He->Me,6,B_830306_20_LF_CLASS::崖・段丘崖,鶴見川 / basin 20 / 崖・段丘崖,drop,1,1,1,1560,2555,watersystem_x_unit_basin_x_landform,6.41025641025641e-4,3.913894324853229e-4,2.496362085403181e-4,1.6378205128205128,low_n_descriptive_only,FALSE
He->Me,6,B_830306_20_LF_CLASS::水部,鶴見川 / basin 20 / 水部,drop,2,2,1,1560,2555,watersystem_x_unit_basin_x_landform,0.001282051282051282,7.827788649706458e-4,4.992724170806362e-4,1.6378205128205128,low_n_descriptive_only,FALSE
He->Me,6,B_830306_20_LF_CLASS::氾濫平野・海岸平野,鶴見川 / basin 20 / 氾濫平野・海岸平野,continue,3,19,0.15789473684210525,566,2555,watersystem_x_unit_basin_x_landform,0.00530035335689046,0.007436399217221135,-0.0021360458603306752,0.7127580435186908,low_n_descriptive_only,FALSE
He->Me,6,B_830306_20_LF_CLASS::氾濫平野・海岸平野,鶴見川 / basin 20 / 氾濫平野・海岸平野,drop,15,19,0.7894736842105263,1560,2555,watersystem_x_unit_basin_x_landform,0.009615384615384616,0.007436399217221135,0.002178985398163481,1.2930161943319838,low_n_descriptive_only,FALSE
He->Me,6,B_830306_20_LF_CLASS::氾濫平野・海岸平野,鶴見川 / basin 20 / 氾濫平野・海岸平野,new,1,19,0.05263157894736842,429,2555,watersystem_x_unit_basin_x_landform,0.002331002331002331,0.007436399217221135,-0.005105396886218804,0.3134584713532082,low_n_descriptive_only,FALSE
He->Me,6,B_830306_21_LF_CLASS::台地・段丘,鶴見川 / basin 21 / 台地・段丘,drop,5,5,1,1560,2555,watersystem_x_unit_basin_x_landform,0.003205128205128205,0.0019569471624266144,0.0012481810427015906,1.6378205128205128,low_n_descriptive_only,FALSE
He->Me,6,B_830306_21_LF_CLASS::山地斜面等,鶴見川 / basin 21 / 山地斜面等,continue,7,39,0.1794871794871795,566,2555,watersystem_x_unit_basin_x_landform,0.012367491166077738,0.015264187866927592,-0.0028966967008498545,0.8102292289571441,eligible,FALSE
He->Me,6,B_830306_21_LF_CLASS::山地斜面等,鶴見川 / basin 21 / 山地斜面等,drop,25,39,0.6410256410256411,1560,2555,watersystem_x_unit_basin_x_landform,0.016025641025641024,0.015264187866927592,7.614531587134318e-4,1.0498849441157132,eligible,FALSE
He->Me,6,B_830306_21_LF_CLASS::山地斜面等,鶴見川 / basin 21 / 山地斜面等,new,7,39,0.1794871794871795,429,2555,watersystem_x_unit_basin_x_landform,0.016317016317016316,0.015264187866927592,0.0010528284500887237,1.0689737612814536,eligible,FALSE
He->Me,6,B_830306_21_LF_CLASS::氾濫平野・海岸平野,鶴見川 / basin 21 / 氾濫平野・海岸平野,continue,2,10,0.2,566,2555,watersystem_x_unit_basin_x_landform,0.0035335689045936395,0.003913894324853229,-3.803254202595892e-4,0.902826855123675,low_n_descriptive_only,FALSE
He->Me,6,B_830306_21_LF_CLASS::氾濫平野・海岸平野,鶴見川 / basin 21 / 氾濫平野・海岸平野,drop,6,10,0.6,1560,2555,watersystem_x_unit_basin_x_landform,0.0038461538461538464,0.003913894324853229,-6.774047869938238e-5,0.9826923076923078,low_n_descriptive_only,FALSE
He->Me,6,B_830306_21_LF_CLASS::氾濫平野・海岸平野,鶴見川 / basin 21 / 氾濫平野・海岸平野,new,2,10,0.2,429,2555,watersystem_x_unit_basin_x_landform,0.004662004662004662,0.003913894324853229,7.481103371514333e-4,1.191142191142191,low_n_descriptive_only,FALSE
He->Me,6,B_unknown_0_LF_CLASS::凹地・浅い谷,古川・目黒川・立会川・呑川 / basin 0 / 凹地・浅い谷,drop,1,2,0.5,1560,2555,watersystem_x_unit_basin_x_landform,6.41025641025641e-4,7.827788649706458e-4,-1.417532239450048e-4,0.8189102564102564,low_n_descriptive_only,FALSE
He->Me,6,B_unknown_0_LF_CLASS::凹地・浅い谷,古川・目黒川・立会川・呑川 / basin 0 / 凹地・浅い谷,new,1,2,0.5,429,2555,watersystem_x_unit_basin_x_landform,0.002331002331002331,7.827788649706458e-4,0.001548223466031685,2.9778554778554778,low_n_descriptive_only,FALSE
He->Me,6,B_unknown_0_LF_CLASS::台地・段丘,古川・目黒川・立会川・呑川 / basin 0 / 台地・段丘,continue,9,56,0.16071428571428573,566,2555,watersystem_x_unit_basin_x_landform,0.015901060070671377,0.021917808219178082,-0.006016748148506706,0.7254858657243816,eligible,FALSE
He->Me,6,B_unknown_0_LF_CLASS::台地・段丘,古川・目黒川・立会川・呑川 / basin 0 / 台地・段丘,drop,13,56,0.23214285714285715,1560,2555,watersystem_x_unit_basin_x_landform,0.008333333333333333,0.021917808219178082,-0.01358447488584475,0.3802083333333333,eligible,FALSE
He->Me,6,B_unknown_0_LF_CLASS::台地・段丘,古川・目黒川・立会川・呑川 / basin 0 / 台地・段丘,new,34,56,0.6071428571428571,429,2555,watersystem_x_unit_basin_x_landform,0.07925407925407925,0.021917808219178082,0.057336271034901166,3.6159673659673657,eligible,FALSE
He->Me,6,B_unknown_0_LF_CLASS::山地斜面等,古川・目黒川・立会川・呑川 / basin 0 / 山地斜面等,drop,4,15,0.26666666666666666,1560,2555,watersystem_x_unit_basin_x_landform,0.002564102564102564,0.005870841487279843,-0.003306738923177279,0.43675213675213675,low_n_descriptive_only,FALSE
He->Me,6,B_unknown_0_LF_CLASS::山地斜面等,古川・目黒川・立会川・呑川 / basin 0 / 山地斜面等,new,11,15,0.7333333333333333,429,2555,watersystem_x_unit_basin_x_landform,0.02564102564102564,0.005870841487279843,0.019770184153745797,4.367521367521368,low_n_descriptive_only,FALSE
He->Me,6,B_unknown_0_LF_CLASS::崖・段丘崖,古川・目黒川・立会川・呑川 / basin 0 / 崖・段丘崖,continue,1,3,0.3333333333333333,566,2555,watersystem_x_unit_basin_x_landform,0.0017667844522968198,0.0011741682974559687,5.926161548408511e-4,1.5047114252061249,low_n_descriptive_only,FALSE
He->Me,6,B_unknown_0_LF_CLASS::崖・段丘崖,古川・目黒川・立会川・呑川 / basin 0 / 崖・段丘崖,drop,1,3,0.3333333333333333,1560,2555,watersystem_x_unit_basin_x_landform,6.41025641025641e-4,0.0011741682974559687,-5.331426564303276e-4,0.545940170940171,low_n_descriptive_only,FALSE
He->Me,6,B_unknown_0_LF_CLASS::崖・段丘崖,古川・目黒川・立会川・呑川 / basin 0 / 崖・段丘崖,new,1,3,0.3333333333333333,429,2555,watersystem_x_unit_basin_x_landform,0.002331002331002331,0.0011741682974559687,0.0011568340335463623,1.9852369852369853,low_n_descriptive_only,FALSE
He->Me,6,B_unknown_0_LF_CLASS::後背低地・湿地,古川・目黒川・立会川・呑川 / basin 0 / 後背低地・湿地,drop,1,2,0.5,1560,2555,watersystem_x_unit_basin_x_landform,6.41025641025641e-4,7.827788649706458e-4,-1.417532239450048e-4,0.8189102564102564,low_n_descriptive_only,FALSE
He->Me,6,B_unknown_0_LF_CLASS::後背低地・湿地,古川・目黒川・立会川・呑川 / basin 0 / 後背低地・湿地,new,1,2,0.5,429,2555,watersystem_x_unit_basin_x_landform,0.002331002331002331,7.827788649706458e-4,0.001548223466031685,2.9778554778554778,low_n_descriptive_only,FALSE
He->Me,6,B_unknown_0_LF_CLASS::氾濫平野・海岸平野,古川・目黒川・立会川・呑川 / basin 0 / 氾濫平野・海岸平野,drop,4,14,0.2857142857142857,1560,2555,watersystem_x_unit_basin_x_landform,0.002564102564102564,0.005479452054794521,-0.0029153494906919565,0.46794871794871795,low_n_descriptive_only,FALSE
He->Me,6,B_unknown_0_LF_CLASS::氾濫平野・海岸平野,古川・目黒川・立会川・呑川 / basin 0 / 氾濫平野・海岸平野,new,10,14,0.7142857142857143,429,2555,watersystem_x_unit_basin_x_landform,0.023310023310023312,0.005479452054794521,0.017830571255228793,4.2540792540792545,low_n_descriptive_only,FALSE
He->Me,6,B_unknown_0_LF_CLASS::砂州・砂丘,古川・目黒川・立会川・呑川 / basin 0 / 砂州・砂丘,drop,8,13,0.6153846153846154,1560,2555,watersystem_x_unit_basin_x_landform,0.005128205128205128,0.005088062622309198,4.014250589593014e-5,1.0078895463510846,low_n_descriptive_only,FALSE
He->Me,6,B_unknown_0_LF_CLASS::砂州・砂丘,古川・目黒川・立会川・呑川 / basin 0 / 砂州・砂丘,new,5,13,0.38461538461538464,429,2555,watersystem_x_unit_basin_x_landform,0.011655011655011656,0.005088062622309198,0.006566949032702458,2.290658059888829,low_n_descriptive_only,FALSE
Jo->Ya,2,B_120000_6_LF_CLASS::台地・段丘,名称不明 / basin 6 / 台地・段丘,drop,1,1,1,3108,3751,watersystem_x_unit_basin_x_landform,3.2175032175032174e-4,2.6659557451346307e-4,5.515474723685867e-5,1.2068854568854568,low_n_descriptive_only,FALSE
Jo->Ya,2,B_130000_1_LF_CLASS::台地・段丘,名称不明 / basin 1 / 台地・段丘,continue,7,16,0.4375,547,3751,watersystem_x_unit_basin_x_landform,0.012797074954296161,0.004265529192215409,0.008531545762080752,3.0001142595978063,low_n_descriptive_only,FALSE
Jo->Ya,2,B_130000_1_LF_CLASS::台地・段丘,名称不明 / basin 1 / 台地・段丘,drop,4,16,0.25,3108,3751,watersystem_x_unit_basin_x_landform,0.001287001287001287,0.004265529192215409,-0.0029785279052141223,0.3017213642213642,low_n_descriptive_only,FALSE
Jo->Ya,2,B_130000_1_LF_CLASS::台地・段丘,名称不明 / basin 1 / 台地・段丘,new,5,16,0.3125,96,3751,watersystem_x_unit_basin_x_landform,0.052083333333333336,0.004265529192215409,0.04781780414111793,12.210286458333334,low_n_descriptive_only,FALSE
Jo->Ya,2,B_130000_1_LF_CLASS::氾濫平野・海岸平野,名称不明 / basin 1 / 氾濫平野・海岸平野,continue,1,2,0.5,547,3751,watersystem_x_unit_basin_x_landform,0.0018281535648994515,5.331911490269261e-4,0.0012949624158725254,3.4287020109689217,low_n_descriptive_only,FALSE
Jo->Ya,2,B_130000_1_LF_CLASS::氾濫平野・海岸平野,名称不明 / basin 1 / 氾濫平野・海岸平野,new,1,2,0.5,96,3751,watersystem_x_unit_basin_x_landform,0.010416666666666666,5.331911490269261e-4,0.00988347551763974,19.536458333333332,low_n_descriptive_only,FALSE
Jo->Ya,2,B_130000_2_LF_CLASS::凹地・浅い谷,名称不明 / basin 2 / 凹地・浅い谷,drop,1,1,1,3108,3751,watersystem_x_unit_basin_x_landform,3.2175032175032174e-4,2.6659557451346307e-4,5.515474723685867e-5,1.2068854568854568,low_n_descriptive_only,FALSE
Jo->Ya,2,B_130000_2_LF_CLASS::台地・段丘,名称不明 / basin 2 / 台地・段丘,continue,1,1,1,547,3751,watersystem_x_unit_basin_x_landform,0.0018281535648994515,2.6659557451346307e-4,0.0015615579903859884,6.857404021937843,low_n_descriptive_only,FALSE
Jo->Ya,2,B_130000_2_LF_CLASS::山地斜面等,名称不明 / basin 2 / 山地斜面等,continue,1,2,0.5,547,3751,watersystem_x_unit_basin_x_landform,0.0018281535648994515,5.331911490269261e-4,0.0012949624158725254,3.4287020109689217,low_n_descriptive_only,FALSE
Jo->Ya,2,B_130000_2_LF_CLASS::山地斜面等,名称不明 / basin 2 / 山地斜面等,drop,1,2,0.5,3108,3751,watersystem_x_unit_basin_x_landform,3.2175032175032174e-4,5.331911490269261e-4,-2.114408272766044e-4,0.6034427284427284,low_n_descriptive_only,FALSE
Jo->Ya,2,B_130000_2_LF_CLASS::氾濫平野・海岸平野,名称不明 / basin 2 / 氾濫平野・海岸平野,drop,1,1,1,3108,3751,watersystem_x_unit_basin_x_landform,3.2175032175032174e-4,2.6659557451346307e-4,5.515474723685867e-5,1.2068854568854568,low_n_descriptive_only,FALSE
Jo->Ya,2,B_130000_3_LF_CLASS::凹地・浅い谷,名称不明 / basin 3 / 凹地・浅い谷,drop,3,3,1,3108,3751,watersystem_x_unit_basin_x_landform,9.652509652509653e-4,7.997867235403892e-4,1.6546424171057607e-4,1.206885456885457,low_n_descriptive_only,FALSE
Jo->Ya,2,B_130000_3_LF_CLASS::台地・段丘,名称不明 / basin 3 / 台地・段丘,continue,1,9,0.1111111111111111,547,3751,watersystem_x_unit_basin_x_landform,0.0018281535648994515,0.0023993601706211675,-5.712066057217159e-4,0.7619337802153159,low_n_descriptive_only,FALSE
Jo->Ya,2,B_130000_3_LF_CLASS::台地・段丘,名称不明 / basin 3 / 台地・段丘,drop,8,9,0.8888888888888888,3108,3751,watersystem_x_unit_basin_x_landform,0.002574002574002574,0.0023993601706211675,1.7464240338140643e-4,1.0727870727870727,low_n_descriptive_only,FALSE
Jo->Ya,2,B_130000_4_LF_CLASS::台地・段丘,名称不明 / basin 4 / 台地・段丘,continue,7,33,0.21212121212121213,547,3751,watersystem_x_unit_basin_x_landform,0.012797074954296161,0.008797653958944282,0.003999420995351879,1.4546008531383303,eligible,FALSE
Jo->Ya,2,B_130000_4_LF_CLASS::台地・段丘,名称不明 / basin 4 / 台地・段丘,drop,26,33,0.7878787878787878,3108,3751,watersystem_x_unit_basin_x_landform,0.008365508365508366,0.008797653958944282,-4.321455934359168e-4,0.9508794508794508,eligible,FALSE
Jo->Ya,2,B_130000_4_LF_CLASS::山地斜面等,名称不明 / basin 4 / 山地斜面等,continue,2,3,0.6666666666666666,547,3751,watersystem_x_unit_basin_x_landform,0.003656307129798903,7.997867235403892e-4,0.002856520406258514,4.571602681291895,low_n_descriptive_only,FALSE
Jo->Ya,2,B_130000_4_LF_CLASS::山地斜面等,名称不明 / basin 4 / 山地斜面等,drop,1,3,0.3333333333333333,3108,3751,watersystem_x_unit_basin_x_landform,3.2175032175032174e-4,7.997867235403892e-4,-4.7803640179006746e-4,0.4022951522951523,low_n_descriptive_only,FALSE
Jo->Ya,2,B_130000_4_LF_CLASS::後背低地・湿地,名称不明 / basin 4 / 後背低地・湿地,continue,3,3,1,547,3751,watersystem_x_unit_basin_x_landform,0.005484460694698354,7.997867235403892e-4,0.004684673971157965,6.8574040219378425,low_n_descriptive_only,FALSE
Jo->Ya,2,B_130000_4_LF_CLASS::氾濫平野・海岸平野,名称不明 / basin 4 / 氾濫平野・海岸平野,drop,2,3,0.6666666666666666,3108,3751,watersystem_x_unit_basin_x_landform,6.435006435006435e-4,7.997867235403892e-4,-1.5628608003974572e-4,0.8045903045903046,low_n_descriptive_only,FALSE
Jo->Ya,2,B_130000_4_LF_CLASS::氾濫平野・海岸平野,名称不明 / basin 4 / 氾濫平野・海岸平野,new,1,3,0.3333333333333333,96,3751,watersystem_x_unit_basin_x_landform,0.010416666666666666,7.997867235403892e-4,0.009616879943126277,13.024305555555555,low_n_descriptive_only,FALSE
Jo->Ya,2,B_130000_5_LF_CLASS::台地・段丘,名称不明 / basin 5 / 台地・段丘,continue,15,31,0.4838709677419355,547,3751,watersystem_x_unit_basin_x_landform,0.027422303473491772,0.008264462809917356,0.019157840663574417,3.3180987202925043,eligible,FALSE
Jo->Ya,2,B_130000_5_LF_CLASS::台地・段丘,名称不明 / basin 5 / 台地・段丘,drop,15,31,0.4838709677419355,3108,3751,watersystem_x_unit_basin_x_landform,0.004826254826254826,0.008264462809917356,-0.0034382079836625295,0.583976833976834,eligible,FALSE
Jo->Ya,2,B_130000_5_LF_CLASS::台地・段丘,名称不明 / basin 5 / 台地・段丘,new,1,31,0.03225806451612903,96,3751,watersystem_x_unit_basin_x_landform,0.010416666666666666,0.008264462809917356,0.0021522038567493105,1.2604166666666665,eligible,FALSE
Jo->Ya,2,B_130000_5_LF_CLASS::山地斜面等,名称不明 / basin 5 / 山地斜面等,continue,1,2,0.5,547,3751,watersystem_x_unit_basin_x_landform,0.0018281535648994515,5.331911490269261e-4,0.0012949624158725254,3.4287020109689217,low_n_descriptive_only,FALSE
Jo->Ya,2,B_130000_5_LF_CLASS::山地斜面等,名称不明 / basin 5 / 山地斜面等,new,1,2,0.5,96,3751,watersystem_x_unit_basin_x_landform,0.010416666666666666,5.331911490269261e-4,0.00988347551763974,19.536458333333332,low_n_descriptive_only,FALSE
Jo->Ya,2,B_130000_5_LF_CLASS::崖・段丘崖,名称不明 / basin 5 / 崖・段丘崖,continue,3,4,0.75,547,3751,watersystem_x_unit_basin_x_landform,0.005484460694698354,0.0010663822980538523,0.004418078396644503,5.143053016453382,low_n_descriptive_only,FALSE
Jo->Ya,2,B_130000_5_LF_CLASS::崖・段丘崖,名称不明 / basin 5 / 崖・段丘崖,new,1,4,0.25,96,3751,watersystem_x_unit_basin_x_landform,0.010416666666666666,0.0010663822980538523,0.009350284368612814,9.768229166666666,low_n_descriptive_only,FALSE
Jo->Ya,2,B_130000_5_LF_CLASS::後背低地・湿地,名称不明 / basin 5 / 後背低地・湿地,continue,2,3,0.6666666666666666,547,3751,watersystem_x_unit_basin_x_landform,0.003656307129798903,7.997867235403892e-4,0.002856520406258514,4.571602681291895,low_n_descriptive_only,FALSE
Jo->Ya,2,B_130000_5_LF_CLASS::後背低地・湿地,名称不明 / basin 5 / 後背低地・湿地,drop,1,3,0.3333333333333333,3108,3751,watersystem_x_unit_basin_x_landform,3.2175032175032174e-4,7.997867235403892e-4,-4.7803640179006746e-4,0.4022951522951523,low_n_descriptive_only,FALSE
Jo->Ya,2,B_130000_5_LF_CLASS::水部,名称不明 / basin 5 / 水部,drop,1,1,1,3108,3751,watersystem_x_unit_basin_x_landform,3.2175032175032174e-4,2.6659557451346307e-4,5.515474723685867e-5,1.2068854568854568,low_n_descriptive_only,FALSE
Jo->Ya,2,B_130000_5_LF_CLASS::氾濫平野・海岸平野,名称不明 / basin 5 / 氾濫平野・海岸平野,continue,1,2,0.5,547,3751,watersystem_x_unit_basin_x_landform,0.0018281535648994515,5.331911490269261e-4,0.0012949624158725254,3.4287020109689217,low_n_descriptive_only,FALSE
Jo->Ya,2,B_130000_5_LF_CLASS::氾濫平野・海岸平野,名称不明 / basin 5 / 氾濫平野・海岸平野,drop,1,2,0.5,3108,3751,watersystem_x_unit_basin_x_landform,3.2175032175032174e-4,5.331911490269261e-4,-2.114408272766044e-4,0.6034427284427284,low_n_descriptive_only,FALSE
Jo->Ya,2,B_130000_6_LF_CLASS::台地・段丘,名称不明 / basin 6 / 台地・段丘,drop,9,9,1,3108,3751,watersystem_x_unit_basin_x_landform,0.0028957528957528956,0.0023993601706211675,4.963927251317281e-4,1.206885456885457,low_n_descriptive_only,FALSE
Jo->Ya,2,B_130000_6_LF_CLASS::山地斜面等,名称不明 / basin 6 / 山地斜面等,drop,7,7,1,3108,3751,watersystem_x_unit_basin_x_landform,0.0022522522522522522,0.0018661690215942416,3.8608323065801066e-4,1.2068854568854568,low_n_descriptive_only,FALSE
Jo->Ya,2,B_140013_17_LF_CLASS::台地・段丘,境川 / basin 17 / 台地・段丘,continue,5,34,0.14705882352941177,547,3751,watersystem_x_unit_basin_x_landform,0.009140767824497258,0.009064249533457745,7.651829103951305e-5,1.0084417679320357,eligible,FALSE
Jo->Ya,2,B_140013_17_LF_CLASS::台地・段丘,境川 / basin 17 / 台地・段丘,drop,29,34,0.8529411764705882,3108,3751,watersystem_x_unit_basin_x_landform,0.00933075933075933,0.009064249533457745,2.665097973015857e-4,1.0294023014611249,eligible,FALSE
Jo->Ya,2,B_140013_17_LF_CLASS::山地斜面等,境川 / basin 17 / 山地斜面等,continue,18,125,0.144,547,3751,watersystem_x_unit_basin_x_landform,0.03290676416819013,0.03332444681418288,-4.176826459927549e-4,0.9874661791590494,eligible,FALSE
Jo->Ya,2,B_140013_17_LF_CLASS::山地斜面等,境川 / basin 17 / 山地斜面等,drop,106,125,0.848,3108,3751,watersystem_x_unit_basin_x_landform,0.0341055341055341,0.03332444681418288,7.810872913512207e-4,1.0234388674388675,eligible,FALSE
Jo->Ya,2,B_140013_17_LF_CLASS::山地斜面等,境川 / basin 17 / 山地斜面等,new,1,125,0.008,96,3751,watersystem_x_unit_basin_x_landform,0.010416666666666666,0.03332444681418288,-0.022907780147516217,0.3125833333333333,eligible,FALSE
Jo->Ya,2,B_140013_17_LF_CLASS::水部,境川 / basin 17 / 水部,drop,1,1,1,3108,3751,watersystem_x_unit_basin_x_landform,3.2175032175032174e-4,2.6659557451346307e-4,5.515474723685867e-5,1.2068854568854568,low_n_descriptive_only,FALSE
Jo->Ya,2,B_140013_17_LF_CLASS::氾濫平野・海岸平野,境川 / basin 17 / 氾濫平野・海岸平野,drop,28,28,1,3108,3751,watersystem_x_unit_basin_x_landform,0.009009009009009009,0.007464676086376966,0.0015443329226320426,1.2068854568854568,eligible,FALSE
Jo->Ya,2,B_140013_19_LF_CLASS::台地・段丘,境川 / basin 19 / 台地・段丘,drop,1,1,1,3108,3751,watersystem_x_unit_basin_x_landform,3.2175032175032174e-4,2.6659557451346307e-4,5.515474723685867e-5,1.2068854568854568,low_n_descriptive_only,FALSE
Jo->Ya,2,B_140013_19_LF_CLASS::山地斜面等,境川 / basin 19 / 山地斜面等,continue,1,14,0.07142857142857142,547,3751,watersystem_x_unit_basin_x_landform,0.0018281535648994515,0.003732338043188483,-0.0019041844782890316,0.4898145729955602,low_n_descriptive_only,FALSE
Jo->Ya,2,B_140013_19_LF_CLASS::山地斜面等,境川 / basin 19 / 山地斜面等,drop,13,14,0.9285714285714286,3108,3751,watersystem_x_unit_basin_x_landform,0.004182754182754183,0.003732338043188483,4.5041613956569963e-4,1.1206793528222099,low_n_descriptive_only,FALSE
Jo->Ya,2,B_140013_19_LF_CLASS::氾濫平野・海岸平野,境川 / basin 19 / 氾濫平野・海岸平野,drop,2,3,0.6666666666666666,3108,3751,watersystem_x_unit_basin_x_landform,6.435006435006435e-4,7.997867235403892e-4,-1.5628608003974572e-4,0.8045903045903046,low_n_descriptive_only,FALSE
Jo->Ya,2,B_140013_19_LF_CLASS::氾濫平野・海岸平野,境川 / basin 19 / 氾濫平野・海岸平野,new,1,3,0.3333333333333333,96,3751,watersystem_x_unit_basin_x_landform,0.010416666666666666,7.997867235403892e-4,0.009616879943126277,13.024305555555555,low_n_descriptive_only,FALSE
Jo->Ya,2,B_830303_345_LF_CLASS::自然堤防,利根川 / basin 345 / 自然堤防,new,1,1,1,96,3751,watersystem_x_unit_basin_x_landform,0.010416666666666666,2.6659557451346307e-4,0.010150071092153204,39.072916666666664,low_n_descriptive_only,FALSE
Jo->Ya,2,B_830303_347_LF_CLASS::自然堤防,利根川 / basin 347 / 自然堤防,new,1,1,1,96,3751,watersystem_x_unit_basin_x_landform,0.010416666666666666,2.6659557451346307e-4,0.010150071092153204,39.072916666666664,low_n_descriptive_only,FALSE
Jo->Ya,2,B_830303_388_LF_CLASS::氾濫平野・海岸平野,利根川 / basin 388 / 氾濫平野・海岸平野,new,1,1,1,96,3751,watersystem_x_unit_basin_x_landform,0.010416666666666666,2.6659557451346307e-4,0.010150071092153204,39.072916666666664,low_n_descriptive_only,FALSE
Jo->Ya,2,B_830303_389_LF_CLASS::自然堤防,利根川 / basin 389 / 自然堤防,new,1,1,1,96,3751,watersystem_x_unit_basin_x_landform,0.010416666666666666,2.6659557451346307e-4,0.010150071092153204,39.072916666666664,low_n_descriptive_only,FALSE
Jo->Ya,2,B_830303_390_LF_CLASS::氾濫平野・海岸平野,利根川 / basin 390 / 氾濫平野・海岸平野,drop,1,1,1,3108,3751,watersystem_x_unit_basin_x_landform,3.2175032175032174e-4,2.6659557451346307e-4,5.515474723685867e-5,1.2068854568854568,low_n_descriptive_only,FALSE
Jo->Ya,2,B_830303_393_LF_CLASS::氾濫平野・海岸平野,利根川 / basin 393 / 氾濫平野・海岸平野,new,1,1,1,96,3751,watersystem_x_unit_basin_x_landform,0.010416666666666666,2.6659557451346307e-4,0.010150071092153204,39.072916666666664,low_n_descriptive_only,FALSE
Jo->Ya,2,B_830303_393_LF_CLASS::自然堤防,利根川 / basin 393 / 自然堤防,new,1,1,1,96,3751,watersystem_x_unit_basin_x_landform,0.010416666666666666,2.6659557451346307e-4,0.010150071092153204,39.072916666666664,low_n_descriptive_only,FALSE
Jo->Ya,2,B_830303_478_LF_CLASS::氾濫平野・海岸平野,利根川 / basin 478 / 氾濫平野・海岸平野,continue,1,1,1,547,3751,watersystem_x_unit_basin_x_landform,0.0018281535648994515,2.6659557451346307e-4,0.0015615579903859884,6.857404021937843,low_n_descriptive_only,FALSE
Jo->Ya,2,B_830303_517_LF_CLASS::氾濫平野・海岸平野,利根川 / basin 517 / 氾濫平野・海岸平野,drop,1,1,1,3108,3751,watersystem_x_unit_basin_x_landform,3.2175032175032174e-4,2.6659557451346307e-4,5.515474723685867e-5,1.2068854568854568,low_n_descriptive_only,FALSE
Jo->Ya,2,B_830304_120_LF_CLASS::台地・段丘,荒川 / basin 120 / 台地・段丘,continue,5,18,0.2777777777777778,547,3751,watersystem_x_unit_basin_x_landform,0.009140767824497258,0.004798720341242335,0.004342047483254923,1.90483445053829,low_n_descriptive_only,FALSE
Jo->Ya,2,B_830304_120_LF_CLASS::台地・段丘,荒川 / basin 120 / 台地・段丘,drop,13,18,0.7222222222222222,3108,3751,watersystem_x_unit_basin_x_landform,0.004182754182754183,0.004798720341242335,-6.159661584881522e-4,0.8716394966394967,low_n_descriptive_only,FALSE
Jo->Ya,2,B_830304_120_LF_CLASS::山地斜面等,荒川 / basin 120 / 山地斜面等,drop,16,16,1,3108,3751,watersystem_x_unit_basin_x_landform,0.005148005148005148,0.004265529192215409,8.824759557897388e-4,1.2068854568854568,low_n_descriptive_only,FALSE
Jo->Ya,2,B_830304_120_LF_CLASS::氾濫平野・海岸平野,荒川 / basin 120 / 氾濫平野・海岸平野,continue,1,9,0.1111111111111111,547,3751,watersystem_x_unit_basin_x_landform,0.0018281535648994515,0.0023993601706211675,-5.712066057217159e-4,0.7619337802153159,low_n_descriptive_only,FALSE
Jo->Ya,2,B_830304_120_LF_CLASS::氾濫平野・海岸平野,荒川 / basin 120 / 氾濫平野・海岸平野,drop,7,9,0.7777777777777778,3108,3751,watersystem_x_unit_basin_x_landform,0.0022522522522522522,0.0023993601706211675,-1.4710791836891526e-4,0.9386886886886887,low_n_descriptive_only,FALSE
Jo->Ya,2,B_830304_120_LF_CLASS::氾濫平野・海岸平野,荒川 / basin 120 / 氾濫平野・海岸平野,new,1,9,0.1111111111111111,96,3751,watersystem_x_unit_basin_x_landform,0.010416666666666666,0.0023993601706211675,0.008017306496045498,4.341435185185185,low_n_descriptive_only,FALSE
Jo->Ya,2,B_830304_139_LF_CLASS::台地・段丘,荒川 / basin 139 / 台地・段丘,drop,6,6,1,3108,3751,watersystem_x_unit_basin_x_landform,0.0019305019305019305,0.0015995734470807784,3.3092848342115215e-4,1.206885456885457,low_n_descriptive_only,FALSE
Jo->Ya,2,B_830304_139_LF_CLASS::山地斜面等,荒川 / basin 139 / 山地斜面等,drop,3,3,1,3108,3751,watersystem_x_unit_basin_x_landform,9.652509652509653e-4,7.997867235403892e-4,1.6546424171057607e-4,1.206885456885457,low_n_descriptive_only,FALSE
Jo->Ya,2,B_830304_139_LF_CLASS::氾濫平野・海岸平野,荒川 / basin 139 / 氾濫平野・海岸平野,drop,2,2,1,3108,3751,watersystem_x_unit_basin_x_landform,6.435006435006435e-4,5.331911490269261e-4,1.1030949447371735e-4,1.2068854568854568,low_n_descriptive_only,FALSE
Jo->Ya,2,B_830304_14_LF_CLASS::氾濫平野・海岸平野,荒川 / basin 14 / 氾濫平野・海岸平野,drop,1,1,1,3108,3751,watersystem_x_unit_basin_x_landform,3.2175032175032174e-4,2.6659557451346307e-4,5.515474723685867e-5,1.2068854568854568,low_n_descriptive_only,FALSE
Jo->Ya,2,B_830304_158_LF_CLASS::台地・段丘,荒川 / basin 158 / 台地・段丘,drop,2,2,1,3108,3751,watersystem_x_unit_basin_x_landform,6.435006435006435e-4,5.331911490269261e-4,1.1030949447371735e-4,1.2068854568854568,low_n_descriptive_only,FALSE
Jo->Ya,2,B_830304_15_LF_CLASS::台地・段丘,荒川 / basin 15 / 台地・段丘,continue,2,2,1,547,3751,watersystem_x_unit_basin_x_landform,0.003656307129798903,5.331911490269261e-4,0.0031231159807719767,6.857404021937843,low_n_descriptive_only,FALSE
Jo->Ya,2,B_830304_15_LF_CLASS::砂州・砂丘,荒川 / basin 15 / 砂州・砂丘,continue,1,2,0.5,547,3751,watersystem_x_unit_basin_x_landform,0.0018281535648994515,5.331911490269261e-4,0.0012949624158725254,3.4287020109689217,low_n_descriptive_only,FALSE
Jo->Ya,2,B_830304_15_LF_CLASS::砂州・砂丘,荒川 / basin 15 / 砂州・砂丘,drop,1,2,0.5,3108,3751,watersystem_x_unit_basin_x_landform,3.2175032175032174e-4,5.331911490269261e-4,-2.114408272766044e-4,0.6034427284427284,low_n_descriptive_only,FALSE
Jo->Ya,2,B_830304_15_LF_CLASS::自然堤防,荒川 / basin 15 / 自然堤防,continue,1,1,1,547,3751,watersystem_x_unit_basin_x_landform,0.0018281535648994515,2.6659557451346307e-4,0.0015615579903859884,6.857404021937843,low_n_descriptive_only,FALSE
Jo->Ya,2,B_830304_161_LF_CLASS::台地・段丘,荒川 / basin 161 / 台地・段丘,drop,3,3,1,3108,3751,watersystem_x_unit_basin_x_landform,9.652509652509653e-4,7.997867235403892e-4,1.6546424171057607e-4,1.206885456885457,low_n_descriptive_only,FALSE
Jo->Ya,2,B_830304_16_LF_CLASS::凹地・浅い谷,荒川 / basin 16 / 凹地・浅い谷,continue,1,1,1,547,3751,watersystem_x_unit_basin_x_landform,0.0018281535648994515,2.6659557451346307e-4,0.0015615579903859884,6.857404021937843,low_n_descriptive_only,FALSE
Jo->Ya,2,B_830304_16_LF_CLASS::台地・段丘,荒川 / basin 16 / 台地・段丘,continue,3,4,0.75,547,3751,watersystem_x_unit_basin_x_landform,0.005484460694698354,0.0010663822980538523,0.004418078396644503,5.143053016453382,low_n_descriptive_only,FALSE
Jo->Ya,2,B_830304_16_LF_CLASS::台地・段丘,荒川 / basin 16 / 台地・段丘,drop,1,4,0.25,3108,3751,watersystem_x_unit_basin_x_landform,3.2175032175032174e-4,0.0010663822980538523,-7.446319763035306e-4,0.3017213642213642,low_n_descriptive_only,FALSE
Jo->Ya,2,B_830304_16_LF_CLASS::氾濫平野・海岸平野,荒川 / basin 16 / 氾濫平野・海岸平野,drop,1,2,0.5,3108,3751,watersystem_x_unit_basin_x_landform,3.2175032175032174e-4,5.331911490269261e-4,-2.114408272766044e-4,0.6034427284427284,low_n_descriptive_only,FALSE
Jo->Ya,2,B_830304_16_LF_CLASS::氾濫平野・海岸平野,荒川 / basin 16 / 氾濫平野・海岸平野,new,1,2,0.5,96,3751,watersystem_x_unit_basin_x_landform,0.010416666666666666,5.331911490269261e-4,0.00988347551763974,19.536458333333332,low_n_descriptive_only,FALSE
Jo->Ya,2,B_830304_16_LF_CLASS::自然堤防,荒川 / basin 16 / 自然堤防,new,1,1,1,96,3751,watersystem_x_unit_basin_x_landform,0.010416666666666666,2.6659557451346307e-4,0.010150071092153204,39.072916666666664,low_n_descriptive_only,FALSE
Jo->Ya,2,B_830304_194_LF_CLASS::台地・段丘,荒川 / basin 194 / 台地・段丘,drop,1,1,1,3108,3751,watersystem_x_unit_basin_x_landform,3.2175032175032174e-4,2.6659557451346307e-4,5.515474723685867e-5,1.2068854568854568,low_n_descriptive_only,FALSE
Jo->Ya,2,B_830304_194_LF_CLASS::山地斜面等,荒川 / basin 194 / 山地斜面等,drop,1,1,1,3108,3751,watersystem_x_unit_basin_x_landform,3.2175032175032174e-4,2.6659557451346307e-4,5.515474723685867e-5,1.2068854568854568,low_n_descriptive_only,FALSE
Jo->Ya,2,B_830304_25_LF_CLASS::台地・段丘,荒川 / basin 25 / 台地・段丘,continue,3,6,0.5,547,3751,watersystem_x_unit_basin_x_landform,0.005484460694698354,0.0015995734470807784,0.003884887247617576,3.4287020109689212,low_n_descriptive_only,FALSE
Jo->Ya,2,B_830304_25_LF_CLASS::台地・段丘,荒川 / basin 25 / 台地・段丘,drop,3,6,0.5,3108,3751,watersystem_x_unit_basin_x_landform,9.652509652509653e-4,0.0015995734470807784,-6.343224818298131e-4,0.6034427284427285,low_n_descriptive_only,FALSE
Jo->Ya,2,B_830304_25_LF_CLASS::崖・段丘崖,荒川 / basin 25 / 崖・段丘崖,drop,1,1,1,3108,3751,watersystem_x_unit_basin_x_landform,3.2175032175032174e-4,2.6659557451346307e-4,5.515474723685867e-5,1.2068854568854568,low_n_descriptive_only,FALSE
Jo->Ya,2,B_830304_25_LF_CLASS::氾濫平野・海岸平野,荒川 / basin 25 / 氾濫平野・海岸平野,drop,1,1,1,3108,3751,watersystem_x_unit_basin_x_landform,3.2175032175032174e-4,2.6659557451346307e-4,5.515474723685867e-5,1.2068854568854568,low_n_descriptive_only,FALSE
Jo->Ya,2,B_830304_25_LF_CLASS::砂州・砂丘,荒川 / basin 25 / 砂州・砂丘,continue,1,4,0.25,547,3751,watersystem_x_unit_basin_x_landform,0.0018281535648994515,0.0010663822980538523,7.617712668455993e-4,1.7143510054844608,low_n_descriptive_only,FALSE
Jo->Ya,2,B_830304_25_LF_CLASS::砂州・砂丘,荒川 / basin 25 / 砂州・砂丘,drop,2,4,0.5,3108,3751,watersystem_x_unit_basin_x_landform,6.435006435006435e-4,0.0010663822980538523,-4.228816545532088e-4,0.6034427284427284,low_n_descriptive_only,FALSE
Jo->Ya,2,B_830304_25_LF_CLASS::砂州・砂丘,荒川 / basin 25 / 砂州・砂丘,new,1,4,0.25,96,3751,watersystem_x_unit_basin_x_landform,0.010416666666666666,0.0010663822980538523,0.009350284368612814,9.768229166666666,low_n_descriptive_only,FALSE
Jo->Ya,2,B_830304_26_LF_CLASS::台地・段丘,荒川 / basin 26 / 台地・段丘,continue,7,23,0.30434782608695654,547,3751,watersystem_x_unit_basin_x_landform,0.012797074954296161,0.006131698213809651,0.00666537674048651,2.0870360066767346,eligible,FALSE
Jo->Ya,2,B_830304_26_LF_CLASS::台地・段丘,荒川 / basin 26 / 台地・段丘,drop,13,23,0.5652173913043478,3108,3751,watersystem_x_unit_basin_x_landform,0.004182754182754183,0.006131698213809651,-0.0019489440310554683,0.6821526495439538,eligible,FALSE
Jo->Ya,2,B_830304_26_LF_CLASS::台地・段丘,荒川 / basin 26 / 台地・段丘,new,3,23,0.13043478260869565,96,3751,watersystem_x_unit_basin_x_landform,0.03125,0.006131698213809651,0.025118301786190348,5.096467391304348,eligible,FALSE
Jo->Ya,2,B_830304_26_LF_CLASS::山地斜面等,荒川 / basin 26 / 山地斜面等,continue,1,6,0.16666666666666666,547,3751,watersystem_x_unit_basin_x_landform,0.0018281535648994515,0.0015995734470807784,2.2858011781867315e-4,1.1429006703229738,low_n_descriptive_only,FALSE
Jo->Ya,2,B_830304_26_LF_CLASS::山地斜面等,荒川 / basin 26 / 山地斜面等,drop,3,6,0.5,3108,3751,watersystem_x_unit_basin_x_landform,9.652509652509653e-4,0.0015995734470807784,-6.343224818298131e-4,0.6034427284427285,low_n_descriptive_only,FALSE
Jo->Ya,2,B_830304_26_LF_CLASS::山地斜面等,荒川 / basin 26 / 山地斜面等,new,2,6,0.3333333333333333,96,3751,watersystem_x_unit_basin_x_landform,0.020833333333333332,0.0015995734470807784,0.019233759886252554,13.024305555555555,low_n_descriptive_only,FALSE
Jo->Ya,2,B_830304_26_LF_CLASS::崖・段丘崖,荒川 / basin 26 / 崖・段丘崖,drop,1,1,1,3108,3751,watersystem_x_unit_basin_x_landform,3.2175032175032174e-4,2.6659557451346307e-4,5.515474723685867e-5,1.2068854568854568,low_n_descriptive_only,FALSE
Jo->Ya,2,B_830304_26_LF_CLASS::氾濫平野・海岸平野,荒川 / basin 26 / 氾濫平野・海岸平野,continue,1,3,0.3333333333333333,547,3751,watersystem_x_unit_basin_x_landform,0.0018281535648994515,7.997867235403892e-4,0.0010283668413590625,2.2858013406459476,low_n_descriptive_only,FALSE
Jo->Ya,2,B_830304_26_LF_CLASS::氾濫平野・海岸平野,荒川 / basin 26 / 氾濫平野・海岸平野,drop,1,3,0.3333333333333333,3108,3751,watersystem_x_unit_basin_x_landform,3.2175032175032174e-4,7.997867235403892e-4,-4.7803640179006746e-4,0.4022951522951523,low_n_descriptive_only,FALSE
Jo->Ya,2,B_830304_26_LF_CLASS::氾濫平野・海岸平野,荒川 / basin 26 / 氾濫平野・海岸平野,new,1,3,0.3333333333333333,96,3751,watersystem_x_unit_basin_x_landform,0.010416666666666666,7.997867235403892e-4,0.009616879943126277,13.024305555555555,low_n_descriptive_only,FALSE
Jo->Ya,2,B_830304_27_LF_CLASS::台地・段丘,荒川 / basin 27 / 台地・段丘,continue,7,9,0.7777777777777778,547,3751,watersystem_x_unit_basin_x_landform,0.012797074954296161,0.0023993601706211675,0.010397714783674994,5.333536461507212,low_n_descriptive_only,FALSE
Jo->Ya,2,B_830304_27_LF_CLASS::台地・段丘,荒川 / basin 27 / 台地・段丘,drop,2,9,0.2222222222222222,3108,3751,watersystem_x_unit_basin_x_landform,6.435006435006435e-4,0.0023993601706211675,-0.0017558595271205241,0.2681967681967682,low_n_descriptive_only,FALSE
Jo->Ya,2,B_830304_27_LF_CLASS::氾濫平野・海岸平野,荒川 / basin 27 / 氾濫平野・海岸平野,continue,1,1,1,547,3751,watersystem_x_unit_basin_x_landform,0.0018281535648994515,2.6659557451346307e-4,0.0015615579903859884,6.857404021937843,low_n_descriptive_only,FALSE
Jo->Ya,2,B_830304_27_LF_CLASS::砂州・砂丘,荒川 / basin 27 / 砂州・砂丘,continue,1,2,0.5,547,3751,watersystem_x_unit_basin_x_landform,0.0018281535648994515,5.331911490269261e-4,0.0012949624158725254,3.4287020109689217,low_n_descriptive_only,FALSE
Jo->Ya,2,B_830304_27_LF_CLASS::砂州・砂丘,荒川 / basin 27 / 砂州・砂丘,drop,1,2,0.5,3108,3751,watersystem_x_unit_basin_x_landform,3.2175032175032174e-4,5.331911490269261e-4,-2.114408272766044e-4,0.6034427284427284,low_n_descriptive_only,FALSE
Jo->Ya,2,B_830304_27_LF_CLASS::自然堤防,荒川 / basin 27 / 自然堤防,new,2,2,1,96,3751,watersystem_x_unit_basin_x_landform,0.020833333333333332,5.331911490269261e-4,0.020300142184306407,39.072916666666664,low_n_descriptive_only,FALSE
Jo->Ya,2,B_830304_36_LF_CLASS::氾濫平野・海岸平野,荒川 / basin 36 / 氾濫平野・海岸平野,continue,1,1,1,547,3751,watersystem_x_unit_basin_x_landform,0.0018281535648994515,2.6659557451346307e-4,0.0015615579903859884,6.857404021937843,low_n_descriptive_only,FALSE
Jo->Ya,2,B_830304_37_LF_CLASS::台地・段丘,荒川 / basin 37 / 台地・段丘,continue,3,16,0.1875,547,3751,watersystem_x_unit_basin_x_landform,0.005484460694698354,0.004265529192215409,0.0012189315024829454,1.2857632541133455,low_n_descriptive_only,FALSE
Jo->Ya,2,B_830304_37_LF_CLASS::台地・段丘,荒川 / basin 37 / 台地・段丘,drop,11,16,0.6875,3108,3751,watersystem_x_unit_basin_x_landform,0.0035392535392535394,0.004265529192215409,-7.262756529618697e-4,0.8297337516087516,low_n_descriptive_only,FALSE
Jo->Ya,2,B_830304_37_LF_CLASS::台地・段丘,荒川 / basin 37 / 台地・段丘,new,2,16,0.125,96,3751,watersystem_x_unit_basin_x_landform,0.020833333333333332,0.004265529192215409,0.01656780414111792,4.884114583333333,low_n_descriptive_only,FALSE
Jo->Ya,2,B_830304_37_LF_CLASS::山地斜面等,荒川 / basin 37 / 山地斜面等,drop,2,2,1,3108,3751,watersystem_x_unit_basin_x_landform,6.435006435006435e-4,5.331911490269261e-4,1.1030949447371735e-4,1.2068854568854568,low_n_descriptive_only,FALSE
Jo->Ya,2,B_830304_37_LF_CLASS::水部,荒川 / basin 37 / 水部,drop,1,1,1,3108,3751,watersystem_x_unit_basin_x_landform,3.2175032175032174e-4,2.6659557451346307e-4,5.515474723685867e-5,1.2068854568854568,low_n_descriptive_only,FALSE
Jo->Ya,2,B_830304_37_LF_CLASS::氾濫平野・海岸平野,荒川 / basin 37 / 氾濫平野・海岸平野,continue,2,4,0.5,547,3751,watersystem_x_unit_basin_x_landform,0.003656307129798903,0.0010663822980538523,0.002589924831745051,3.4287020109689217,low_n_descriptive_only,FALSE
Jo->Ya,2,B_830304_37_LF_CLASS::氾濫平野・海岸平野,荒川 / basin 37 / 氾濫平野・海岸平野,drop,2,4,0.5,3108,3751,watersystem_x_unit_basin_x_landform,6.435006435006435e-4,0.0010663822980538523,-4.228816545532088e-4,0.6034427284427284,low_n_descriptive_only,FALSE
Jo->Ya,2,B_830304_37_LF_CLASS::砂州・砂丘,荒川 / basin 37 / 砂州・砂丘,drop,1,1,1,3108,3751,watersystem_x_unit_basin_x_landform,3.2175032175032174e-4,2.6659557451346307e-4,5.515474723685867e-5,1.2068854568854568,low_n_descriptive_only,FALSE
Jo->Ya,2,B_830304_38_LF_CLASS::台地・段丘,荒川 / basin 38 / 台地・段丘,continue,6,10,0.6,547,3751,watersystem_x_unit_basin_x_landform,0.010968921389396709,0.002665955745134631,0.008302965644262078,4.114442413162705,low_n_descriptive_only,FALSE
Jo->Ya,2,B_830304_38_LF_CLASS::台地・段丘,荒川 / basin 38 / 台地・段丘,drop,3,10,0.3,3108,3751,watersystem_x_unit_basin_x_landform,9.652509652509653e-4,0.002665955745134631,-0.0017007047798836656,0.36206563706563705,low_n_descriptive_only,FALSE
Jo->Ya,2,B_830304_38_LF_CLASS::台地・段丘,荒川 / basin 38 / 台地・段丘,new,1,10,0.1,96,3751,watersystem_x_unit_basin_x_landform,0.010416666666666666,0.002665955745134631,0.007750710921532036,3.907291666666666,low_n_descriptive_only,FALSE
Jo->Ya,2,B_830304_38_LF_CLASS::山地斜面等,荒川 / basin 38 / 山地斜面等,continue,1,1,1,547,3751,watersystem_x_unit_basin_x_landform,0.0018281535648994515,2.6659557451346307e-4,0.0015615579903859884,6.857404021937843,low_n_descriptive_only,FALSE
Jo->Ya,2,B_830304_38_LF_CLASS::崖・段丘崖,荒川 / basin 38 / 崖・段丘崖,continue,1,1,1,547,3751,watersystem_x_unit_basin_x_landform,0.0018281535648994515,2.6659557451346307e-4,0.0015615579903859884,6.857404021937843,low_n_descriptive_only,FALSE
Jo->Ya,2,B_830304_38_LF_CLASS::後背低地・湿地,荒川 / basin 38 / 後背低地・湿地,drop,1,1,1,3108,3751,watersystem_x_unit_basin_x_landform,3.2175032175032174e-4,2.6659557451346307e-4,5.515474723685867e-5,1.2068854568854568,low_n_descriptive_only,FALSE
Jo->Ya,2,B_830304_38_LF_CLASS::氾濫平野・海岸平野,荒川 / basin 38 / 氾濫平野・海岸平野,drop,1,1,1,3108,3751,watersystem_x_unit_basin_x_landform,3.2175032175032174e-4,2.6659557451346307e-4,5.515474723685867e-5,1.2068854568854568,low_n_descriptive_only,FALSE
Jo->Ya,2,B_830304_38_LF_CLASS::砂州・砂丘,荒川 / basin 38 / 砂州・砂丘,drop,1,1,1,3108,3751,watersystem_x_unit_basin_x_landform,3.2175032175032174e-4,2.6659557451346307e-4,5.515474723685867e-5,1.2068854568854568,low_n_descriptive_only,FALSE
Jo->Ya,2,B_830304_39_LF_CLASS::台地・段丘,荒川 / basin 39 / 台地・段丘,continue,2,10,0.2,547,3751,watersystem_x_unit_basin_x_landform,0.003656307129798903,0.002665955745134631,9.903513846642722e-4,1.3714808043875686,low_n_descriptive_only,FALSE
Jo->Ya,2,B_830304_39_LF_CLASS::台地・段丘,荒川 / basin 39 / 台地・段丘,drop,8,10,0.8,3108,3751,watersystem_x_unit_basin_x_landform,0.002574002574002574,0.002665955745134631,-9.195317113205696e-5,0.9655083655083654,low_n_descriptive_only,FALSE
Jo->Ya,2,B_830304_39_LF_CLASS::山地斜面等,荒川 / basin 39 / 山地斜面等,drop,3,3,1,3108,3751,watersystem_x_unit_basin_x_landform,9.652509652509653e-4,7.997867235403892e-4,1.6546424171057607e-4,1.206885456885457,low_n_descriptive_only,FALSE
Jo->Ya,2,B_830304_39_LF_CLASS::崖・段丘崖,荒川 / basin 39 / 崖・段丘崖,continue,1,2,0.5,547,3751,watersystem_x_unit_basin_x_landform,0.0018281535648994515,5.331911490269261e-4,0.0012949624158725254,3.4287020109689217,low_n_descriptive_only,FALSE
Jo->Ya,2,B_830304_39_LF_CLASS::崖・段丘崖,荒川 / basin 39 / 崖・段丘崖,drop,1,2,0.5,3108,3751,watersystem_x_unit_basin_x_landform,3.2175032175032174e-4,5.331911490269261e-4,-2.114408272766044e-4,0.6034427284427284,low_n_descriptive_only,FALSE
Jo->Ya,2,B_830304_39_LF_CLASS::水部,荒川 / basin 39 / 水部,continue,1,1,1,547,3751,watersystem_x_unit_basin_x_landform,0.0018281535648994515,2.6659557451346307e-4,0.0015615579903859884,6.857404021937843,low_n_descriptive_only,FALSE
Jo->Ya,2,B_830304_39_LF_CLASS::氾濫平野・海岸平野,荒川 / basin 39 / 氾濫平野・海岸平野,drop,1,1,1,3108,3751,watersystem_x_unit_basin_x_landform,3.2175032175032174e-4,2.6659557451346307e-4,5.515474723685867e-5,1.2068854568854568,low_n_descriptive_only,FALSE
Jo->Ya,2,B_830304_40_LF_CLASS::凹地・浅い谷,荒川 / basin 40 / 凹地・浅い谷,drop,2,2,1,3108,3751,watersystem_x_unit_basin_x_landform,6.435006435006435e-4,5.331911490269261e-4,1.1030949447371735e-4,1.2068854568854568,low_n_descriptive_only,FALSE
Jo->Ya,2,B_830304_40_LF_CLASS::台地・段丘,荒川 / basin 40 / 台地・段丘,continue,2,12,0.16666666666666666,547,3751,watersystem_x_unit_basin_x_landform,0.003656307129798903,0.003199146894161557,4.571602356373463e-4,1.1429006703229738,low_n_descriptive_only,FALSE
Jo->Ya,2,B_830304_40_LF_CLASS::台地・段丘,荒川 / basin 40 / 台地・段丘,drop,10,12,0.8333333333333334,3108,3751,watersystem_x_unit_basin_x_landform,0.0032175032175032173,0.003199146894161557,1.8356323341660492e-5,1.0057378807378807,low_n_descriptive_only,FALSE
Jo->Ya,2,B_830304_40_LF_CLASS::山地斜面等,荒川 / basin 40 / 山地斜面等,drop,5,5,1,3108,3751,watersystem_x_unit_basin_x_landform,0.0016087516087516086,0.0013329778725673154,2.757737361842932e-4,1.2068854568854568,low_n_descriptive_only,FALSE
Jo->Ya,2,B_830304_40_LF_CLASS::氾濫平野・海岸平野,荒川 / basin 40 / 氾濫平野・海岸平野,drop,4,4,1,3108,3751,watersystem_x_unit_basin_x_landform,0.001287001287001287,0.0010663822980538523,2.206189889474347e-4,1.2068854568854568,low_n_descriptive_only,FALSE
Jo->Ya,2,B_830304_42_LF_CLASS::台地・段丘,荒川 / basin 42 / 台地・段丘,continue,12,17,0.7058823529411765,547,3751,watersystem_x_unit_basin_x_landform,0.021937842778793418,0.0045321247667288725,0.017405718012064544,4.840520486073771,low_n_descriptive_only,FALSE
Jo->Ya,2,B_830304_42_LF_CLASS::台地・段丘,荒川 / basin 42 / 台地・段丘,drop,4,17,0.23529411764705882,3108,3751,watersystem_x_unit_basin_x_landform,0.001287001287001287,0.0045321247667288725,-0.0032451234797275857,0.28397304867893103,low_n_descriptive_only,FALSE
Jo->Ya,2,B_830304_42_LF_CLASS::台地・段丘,荒川 / basin 42 / 台地・段丘,new,1,17,0.058823529411764705,96,3751,watersystem_x_unit_basin_x_landform,0.010416666666666666,0.0045321247667288725,0.005884541899937794,2.298406862745098,low_n_descriptive_only,FALSE
Jo->Ya,2,B_830304_42_LF_CLASS::氾濫平野・海岸平野,荒川 / basin 42 / 氾濫平野・海岸平野,continue,1,4,0.25,547,3751,watersystem_x_unit_basin_x_landform,0.0018281535648994515,0.0010663822980538523,7.617712668455993e-4,1.7143510054844608,low_n_descriptive_only,FALSE
Jo->Ya,2,B_830304_42_LF_CLASS::氾濫平野・海岸平野,荒川 / basin 42 / 氾濫平野・海岸平野,drop,2,4,0.5,3108,3751,watersystem_x_unit_basin_x_landform,6.435006435006435e-4,0.0010663822980538523,-4.228816545532088e-4,0.6034427284427284,low_n_descriptive_only,FALSE
Jo->Ya,2,B_830304_42_LF_CLASS::氾濫平野・海岸平野,荒川 / basin 42 / 氾濫平野・海岸平野,new,1,4,0.25,96,3751,watersystem_x_unit_basin_x_landform,0.010416666666666666,0.0010663822980538523,0.009350284368612814,9.768229166666666,low_n_descriptive_only,FALSE
Jo->Ya,2,B_830304_44_LF_CLASS::氾濫平野・海岸平野,荒川 / basin 44 / 氾濫平野・海岸平野,continue,1,1,1,547,3751,watersystem_x_unit_basin_x_landform,0.0018281535648994515,2.6659557451346307e-4,0.0015615579903859884,6.857404021937843,low_n_descriptive_only,FALSE
Jo->Ya,2,B_830304_47_LF_CLASS::凹地・浅い谷,荒川 / basin 47 / 凹地・浅い谷,drop,3,3,1,3108,3751,watersystem_x_unit_basin_x_landform,9.652509652509653e-4,7.997867235403892e-4,1.6546424171057607e-4,1.206885456885457,low_n_descriptive_only,FALSE
Jo->Ya,2,B_830304_47_LF_CLASS::台地・段丘,荒川 / basin 47 / 台地・段丘,continue,13,37,0.35135135135135137,547,3751,watersystem_x_unit_basin_x_landform,0.02376599634369287,0.009864036256998134,0.013901960086694736,2.409358169870053,eligible,FALSE
Jo->Ya,2,B_830304_47_LF_CLASS::台地・段丘,荒川 / basin 47 / 台地・段丘,drop,23,37,0.6216216216216216,3108,3751,watersystem_x_unit_basin_x_landform,0.0074002574002574005,0.009864036256998134,-0.0024637788567407337,0.7502260948206894,eligible,FALSE
Jo->Ya,2,B_830304_47_LF_CLASS::台地・段丘,荒川 / basin 47 / 台地・段丘,new,1,37,0.02702702702702703,96,3751,watersystem_x_unit_basin_x_landform,0.010416666666666666,0.009864036256998134,5.526304096685319e-4,1.0560247747747746,eligible,FALSE
Jo->Ya,2,B_830304_47_LF_CLASS::山地斜面等,荒川 / basin 47 / 山地斜面等,continue,2,16,0.125,547,3751,watersystem_x_unit_basin_x_landform,0.003656307129798903,0.004265529192215409,-6.09222062416506e-4,0.8571755027422304,low_n_descriptive_only,FALSE
Jo->Ya,2,B_830304_47_LF_CLASS::山地斜面等,荒川 / basin 47 / 山地斜面等,drop,14,16,0.875,3108,3751,watersystem_x_unit_basin_x_landform,0.0045045045045045045,0.004265529192215409,2.389753122890954e-4,1.0560247747747749,low_n_descriptive_only,FALSE
Jo->Ya,2,B_830304_47_LF_CLASS::氾濫平野・海岸平野,荒川 / basin 47 / 氾濫平野・海岸平野,continue,1,3,0.3333333333333333,547,3751,watersystem_x_unit_basin_x_landform,0.0018281535648994515,7.997867235403892e-4,0.0010283668413590625,2.2858013406459476,low_n_descriptive_only,FALSE
Jo->Ya,2,B_830304_47_LF_CLASS::氾濫平野・海岸平野,荒川 / basin 47 / 氾濫平野・海岸平野,drop,2,3,0.6666666666666666,3108,3751,watersystem_x_unit_basin_x_landform,6.435006435006435e-4,7.997867235403892e-4,-1.5628608003974572e-4,0.8045903045903046,low_n_descriptive_only,FALSE
Jo->Ya,2,B_830304_51_LF_CLASS::台地・段丘,荒川 / basin 51 / 台地・段丘,continue,1,4,0.25,547,3751,watersystem_x_unit_basin_x_landform,0.0018281535648994515,0.0010663822980538523,7.617712668455993e-4,1.7143510054844608,low_n_descriptive_only,FALSE
Jo->Ya,2,B_830304_51_LF_CLASS::台地・段丘,荒川 / basin 51 / 台地・段丘,drop,3,4,0.75,3108,3751,watersystem_x_unit_basin_x_landform,9.652509652509653e-4,0.0010663822980538523,-1.0113133280288699e-4,0.9051640926640927,low_n_descriptive_only,FALSE
Jo->Ya,2,B_830304_51_LF_CLASS::山地斜面等,荒川 / basin 51 / 山地斜面等,continue,3,3,1,547,3751,watersystem_x_unit_basin_x_landform,0.005484460694698354,7.997867235403892e-4,0.004684673971157965,6.8574040219378425,low_n_descriptive_only,FALSE
Jo->Ya,2,B_830304_52_LF_CLASS::台地・段丘,荒川 / basin 52 / 台地・段丘,continue,11,46,0.2391304347826087,547,3751,watersystem_x_unit_basin_x_landform,0.02010968921389397,0.012263396427619302,0.007846292786274666,1.639814005246006,eligible,FALSE
Jo->Ya,2,B_830304_52_LF_CLASS::台地・段丘,荒川 / basin 52 / 台地・段丘,drop,31,46,0.6739130434782609,3108,3751,watersystem_x_unit_basin_x_landform,0.009974259974259974,0.012263396427619302,-0.002289136453359328,0.8133358513793296,eligible,FALSE
Jo->Ya,2,B_830304_52_LF_CLASS::台地・段丘,荒川 / basin 52 / 台地・段丘,new,4,46,0.08695652173913043,96,3751,watersystem_x_unit_basin_x_landform,0.041666666666666664,0.012263396427619302,0.02940327023904736,3.3976449275362315,eligible,FALSE
Jo->Ya,2,B_830304_52_LF_CLASS::山地斜面等,荒川 / basin 52 / 山地斜面等,continue,6,15,0.4,547,3751,watersystem_x_unit_basin_x_landform,0.010968921389396709,0.0039989336177019465,0.006969987771694762,2.7429616087751367,low_n_descriptive_only,FALSE
Jo->Ya,2,B_830304_52_LF_CLASS::山地斜面等,荒川 / basin 52 / 山地斜面等,drop,8,15,0.5333333333333333,3108,3751,watersystem_x_unit_basin_x_landform,0.002574002574002574,0.0039989336177019465,-0.0014249310436993726,0.6436722436722436,low_n_descriptive_only,FALSE
Jo->Ya,2,B_830304_52_LF_CLASS::山地斜面等,荒川 / basin 52 / 山地斜面等,new,1,15,0.06666666666666667,96,3751,watersystem_x_unit_basin_x_landform,0.010416666666666666,0.0039989336177019465,0.0064177330489647195,2.6048611111111106,low_n_descriptive_only,FALSE
Jo->Ya,2,B_830304_52_LF_CLASS::後背低地・湿地,荒川 / basin 52 / 後背低地・湿地,drop,1,1,1,3108,3751,watersystem_x_unit_basin_x_landform,3.2175032175032174e-4,2.6659557451346307e-4,5.515474723685867e-5,1.2068854568854568,low_n_descriptive_only,FALSE
Jo->Ya,2,B_830304_52_LF_CLASS::水部,荒川 / basin 52 / 水部,drop,1,1,1,3108,3751,watersystem_x_unit_basin_x_landform,3.2175032175032174e-4,2.6659557451346307e-4,5.515474723685867e-5,1.2068854568854568,low_n_descriptive_only,FALSE
Jo->Ya,2,B_830304_52_LF_CLASS::氾濫平野・海岸平野,荒川 / basin 52 / 氾濫平野・海岸平野,drop,6,6,1,3108,3751,watersystem_x_unit_basin_x_landform,0.0019305019305019305,0.0015995734470807784,3.3092848342115215e-4,1.206885456885457,low_n_descriptive_only,FALSE
Jo->Ya,2,B_830304_53_LF_CLASS::台地・段丘,荒川 / basin 53 / 台地・段丘,continue,3,4,0.75,547,3751,watersystem_x_unit_basin_x_landform,0.005484460694698354,0.0010663822980538523,0.004418078396644503,5.143053016453382,low_n_descriptive_only,FALSE
Jo->Ya,2,B_830304_53_LF_CLASS::台地・段丘,荒川 / basin 53 / 台地・段丘,new,1,4,0.25,96,3751,watersystem_x_unit_basin_x_landform,0.010416666666666666,0.0010663822980538523,0.009350284368612814,9.768229166666666,low_n_descriptive_only,FALSE
Jo->Ya,2,B_830304_53_LF_CLASS::山地斜面等,荒川 / basin 53 / 山地斜面等,continue,2,2,1,547,3751,watersystem_x_unit_basin_x_landform,0.003656307129798903,5.331911490269261e-4,0.0031231159807719767,6.857404021937843,low_n_descriptive_only,FALSE
Jo->Ya,2,B_830304_54_LF_CLASS::凹地・浅い谷,荒川 / basin 54 / 凹地・浅い谷,drop,4,4,1,3108,3751,watersystem_x_unit_basin_x_landform,0.001287001287001287,0.0010663822980538523,2.206189889474347e-4,1.2068854568854568,low_n_descriptive_only,FALSE
Jo->Ya,2,B_830304_54_LF_CLASS::台地・段丘,荒川 / basin 54 / 台地・段丘,continue,5,23,0.21739130434782608,547,3751,watersystem_x_unit_basin_x_landform,0.009140767824497258,0.006131698213809651,0.003009069610687607,1.4907400047690962,eligible,FALSE
Jo->Ya,2,B_830304_54_LF_CLASS::台地・段丘,荒川 / basin 54 / 台地・段丘,drop,18,23,0.782608695652174,3108,3751,watersystem_x_unit_basin_x_landform,0.005791505791505791,0.006131698213809651,-3.4019242230385986e-4,0.9445190532147053,eligible,FALSE
Jo->Ya,2,B_830304_54_LF_CLASS::山地斜面等,荒川 / basin 54 / 山地斜面等,continue,2,23,0.08695652173913043,547,3751,watersystem_x_unit_basin_x_landform,0.003656307129798903,0.006131698213809651,-0.002475391084010748,0.5962960019076384,eligible,FALSE
Jo->Ya,2,B_830304_54_LF_CLASS::山地斜面等,荒川 / basin 54 / 山地斜面等,drop,20,23,0.8695652173913043,3108,3751,watersystem_x_unit_basin_x_landform,0.006435006435006435,0.006131698213809651,3.033082211967835e-4,1.049465614683006,eligible,FALSE
Jo->Ya,2,B_830304_54_LF_CLASS::山地斜面等,荒川 / basin 54 / 山地斜面等,new,1,23,0.043478260869565216,96,3751,watersystem_x_unit_basin_x_landform,0.010416666666666666,0.006131698213809651,0.004284968452857015,1.6988224637681157,eligible,FALSE
Jo->Ya,2,B_830304_54_LF_CLASS::氾濫平野・海岸平野,荒川 / basin 54 / 氾濫平野・海岸平野,drop,5,6,0.8333333333333334,3108,3751,watersystem_x_unit_basin_x_landform,0.0016087516087516086,0.0015995734470807784,9.178161670830246e-6,1.0057378807378807,low_n_descriptive_only,FALSE
Jo->Ya,2,B_830304_54_LF_CLASS::氾濫平野・海岸平野,荒川 / basin 54 / 氾濫平野・海岸平野,new,1,6,0.16666666666666666,96,3751,watersystem_x_unit_basin_x_landform,0.010416666666666666,0.0015995734470807784,0.008817093219585887,6.512152777777778,low_n_descriptive_only,FALSE
Jo->Ya,2,B_830304_55_LF_CLASS::凹地・浅い谷,荒川 / basin 55 / 凹地・浅い谷,continue,1,1,1,547,3751,watersystem_x_unit_basin_x_landform,0.0018281535648994515,2.6659557451346307e-4,0.0015615579903859884,6.857404021937843,low_n_descriptive_only,FALSE
Jo->Ya,2,B_830304_55_LF_CLASS::台地・段丘,荒川 / basin 55 / 台地・段丘,continue,18,26,0.6923076923076923,547,3751,watersystem_x_unit_basin_x_landform,0.03290676416819013,0.00693148493735004,0.025975279230840087,4.747433553649275,eligible,FALSE
Jo->Ya,2,B_830304_55_LF_CLASS::台地・段丘,荒川 / basin 55 / 台地・段丘,drop,7,26,0.2692307692307692,3108,3751,watersystem_x_unit_basin_x_landform,0.0022522522522522522,0.00693148493735004,-0.004679232685097788,0.3249306999306999,eligible,FALSE
Jo->Ya,2,B_830304_55_LF_CLASS::台地・段丘,荒川 / basin 55 / 台地・段丘,new,1,26,0.038461538461538464,96,3751,watersystem_x_unit_basin_x_landform,0.010416666666666666,0.00693148493735004,0.0034851817293166257,1.502804487179487,eligible,FALSE
Jo->Ya,2,B_830304_56_LF_CLASS::台地・段丘,荒川 / basin 56 / 台地・段丘,continue,9,15,0.6,547,3751,watersystem_x_unit_basin_x_landform,0.016453382084095063,0.0039989336177019465,0.012454448466393117,4.114442413162705,low_n_descriptive_only,FALSE
Jo->Ya,2,B_830304_56_LF_CLASS::台地・段丘,荒川 / basin 56 / 台地・段丘,drop,5,15,0.3333333333333333,3108,3751,watersystem_x_unit_basin_x_landform,0.0016087516087516086,0.0039989336177019465,-0.002390182008950338,0.4022951522951522,low_n_descriptive_only,FALSE
Jo->Ya,2,B_830304_56_LF_CLASS::台地・段丘,荒川 / basin 56 / 台地・段丘,new,1,15,0.06666666666666667,96,3751,watersystem_x_unit_basin_x_landform,0.010416666666666666,0.0039989336177019465,0.0064177330489647195,2.6048611111111106,low_n_descriptive_only,FALSE
Jo->Ya,2,B_830304_56_LF_CLASS::氾濫平野・海岸平野,荒川 / basin 56 / 氾濫平野・海岸平野,continue,2,2,1,547,3751,watersystem_x_unit_basin_x_landform,0.003656307129798903,5.331911490269261e-4,0.0031231159807719767,6.857404021937843,low_n_descriptive_only,FALSE
Jo->Ya,2,B_830304_57_LF_CLASS::台地・段丘,荒川 / basin 57 / 台地・段丘,continue,6,24,0.25,547,3751,watersystem_x_unit_basin_x_landform,0.010968921389396709,0.006398293788323114,0.004570627601073595,1.7143510054844606,eligible,FALSE
Jo->Ya,2,B_830304_57_LF_CLASS::台地・段丘,荒川 / basin 57 / 台地・段丘,drop,18,24,0.75,3108,3751,watersystem_x_unit_basin_x_landform,0.005791505791505791,0.006398293788323114,-6.067879968173224e-4,0.9051640926640927,eligible,FALSE
Jo->Ya,2,B_830304_57_LF_CLASS::山地斜面等,荒川 / basin 57 / 山地斜面等,continue,4,20,0.2,547,3751,watersystem_x_unit_basin_x_landform,0.007312614259597806,0.005331911490269262,0.0019807027693285444,1.3714808043875686,eligible,FALSE
Jo->Ya,2,B_830304_57_LF_CLASS::山地斜面等,荒川 / basin 57 / 山地斜面等,drop,16,20,0.8,3108,3751,watersystem_x_unit_basin_x_landform,0.005148005148005148,0.005331911490269262,-1.8390634226411393e-4,0.9655083655083654,eligible,FALSE
Jo->Ya,2,B_830304_57_LF_CLASS::氾濫平野・海岸平野,荒川 / basin 57 / 氾濫平野・海岸平野,continue,3,8,0.375,547,3751,watersystem_x_unit_basin_x_landform,0.005484460694698354,0.0021327645961077045,0.00335169609859065,2.571526508226691,low_n_descriptive_only,FALSE
Jo->Ya,2,B_830304_57_LF_CLASS::氾濫平野・海岸平野,荒川 / basin 57 / 氾濫平野・海岸平野,drop,5,8,0.625,3108,3751,watersystem_x_unit_basin_x_landform,0.0016087516087516086,0.0021327645961077045,-5.240129873560959e-4,0.7543034105534105,low_n_descriptive_only,FALSE
Jo->Ya,2,B_830304_61_LF_CLASS::凹地・浅い谷,荒川 / basin 61 / 凹地・浅い谷,drop,2,2,1,3108,3751,watersystem_x_unit_basin_x_landform,6.435006435006435e-4,5.331911490269261e-4,1.1030949447371735e-4,1.2068854568854568,low_n_descriptive_only,FALSE
Jo->Ya,2,B_830304_61_LF_CLASS::台地・段丘,荒川 / basin 61 / 台地・段丘,continue,14,27,0.5185185185185185,547,3751,watersystem_x_unit_basin_x_landform,0.025594149908592323,0.007198080511863503,0.01839606939672882,3.555690974338141,eligible,FALSE
Jo->Ya,2,B_830304_61_LF_CLASS::台地・段丘,荒川 / basin 61 / 台地・段丘,drop,10,27,0.37037037037037035,3108,3751,watersystem_x_unit_basin_x_landform,0.0032175032175032173,0.007198080511863503,-0.003980577294360285,0.4469946136612803,eligible,FALSE
Jo->Ya,2,B_830304_61_LF_CLASS::台地・段丘,荒川 / basin 61 / 台地・段丘,new,3,27,0.1111111111111111,96,3751,watersystem_x_unit_basin_x_landform,0.03125,0.007198080511863503,0.024051919488136498,4.341435185185185,eligible,FALSE
Jo->Ya,2,B_830304_61_LF_CLASS::山地斜面等,荒川 / basin 61 / 山地斜面等,continue,2,10,0.2,547,3751,watersystem_x_unit_basin_x_landform,0.003656307129798903,0.002665955745134631,9.903513846642722e-4,1.3714808043875686,low_n_descriptive_only,FALSE
Jo->Ya,2,B_830304_61_LF_CLASS::山地斜面等,荒川 / basin 61 / 山地斜面等,drop,8,10,0.8,3108,3751,watersystem_x_unit_basin_x_landform,0.002574002574002574,0.002665955745134631,-9.195317113205696e-5,0.9655083655083654,low_n_descriptive_only,FALSE
Jo->Ya,2,B_830304_61_LF_CLASS::氾濫平野・海岸平野,荒川 / basin 61 / 氾濫平野・海岸平野,drop,1,1,1,3108,3751,watersystem_x_unit_basin_x_landform,3.2175032175032174e-4,2.6659557451346307e-4,5.515474723685867e-5,1.2068854568854568,low_n_descriptive_only,FALSE
Jo->Ya,2,B_830304_63_LF_CLASS::台地・段丘,荒川 / basin 63 / 台地・段丘,continue,1,2,0.5,547,3751,watersystem_x_unit_basin_x_landform,0.0018281535648994515,5.331911490269261e-4,0.0012949624158725254,3.4287020109689217,low_n_descriptive_only,FALSE
Jo->Ya,2,B_830304_63_LF_CLASS::台地・段丘,荒川 / basin 63 / 台地・段丘,drop,1,2,0.5,3108,3751,watersystem_x_unit_basin_x_landform,3.2175032175032174e-4,5.331911490269261e-4,-2.114408272766044e-4,0.6034427284427284,low_n_descriptive_only,FALSE
Jo->Ya,2,B_830304_63_LF_CLASS::山地斜面等,荒川 / basin 63 / 山地斜面等,drop,1,1,1,3108,3751,watersystem_x_unit_basin_x_landform,3.2175032175032174e-4,2.6659557451346307e-4,5.515474723685867e-5,1.2068854568854568,low_n_descriptive_only,FALSE
Jo->Ya,2,B_830304_67_LF_CLASS::凹地・浅い谷,荒川 / basin 67 / 凹地・浅い谷,drop,5,5,1,3108,3751,watersystem_x_unit_basin_x_landform,0.0016087516087516086,0.0013329778725673154,2.757737361842932e-4,1.2068854568854568,low_n_descriptive_only,FALSE
Jo->Ya,2,B_830304_67_LF_CLASS::台地・段丘,荒川 / basin 67 / 台地・段丘,continue,1,46,0.021739130434782608,547,3751,watersystem_x_unit_basin_x_landform,0.0018281535648994515,0.012263396427619302,-0.010435242862719851,0.1490740004769096,eligible,FALSE
Jo->Ya,2,B_830304_67_LF_CLASS::台地・段丘,荒川 / basin 67 / 台地・段丘,drop,45,46,0.9782608695652174,3108,3751,watersystem_x_unit_basin_x_landform,0.01447876447876448,0.012263396427619302,0.002215368051145177,1.1806488165183817,eligible,FALSE
Jo->Ya,2,B_830304_67_LF_CLASS::山地斜面等,荒川 / basin 67 / 山地斜面等,continue,1,9,0.1111111111111111,547,3751,watersystem_x_unit_basin_x_landform,0.0018281535648994515,0.0023993601706211675,-5.712066057217159e-4,0.7619337802153159,low_n_descriptive_only,FALSE
Jo->Ya,2,B_830304_67_LF_CLASS::山地斜面等,荒川 / basin 67 / 山地斜面等,drop,8,9,0.8888888888888888,3108,3751,watersystem_x_unit_basin_x_landform,0.002574002574002574,0.0023993601706211675,1.7464240338140643e-4,1.0727870727870727,low_n_descriptive_only,FALSE
Jo->Ya,2,B_830304_67_LF_CLASS::氾濫平野・海岸平野,荒川 / basin 67 / 氾濫平野・海岸平野,drop,3,3,1,3108,3751,watersystem_x_unit_basin_x_landform,9.652509652509653e-4,7.997867235403892e-4,1.6546424171057607e-4,1.206885456885457,low_n_descriptive_only,FALSE
Jo->Ya,2,B_830304_68_LF_CLASS::凹地・浅い谷,荒川 / basin 68 / 凹地・浅い谷,drop,1,1,1,3108,3751,watersystem_x_unit_basin_x_landform,3.2175032175032174e-4,2.6659557451346307e-4,5.515474723685867e-5,1.2068854568854568,low_n_descriptive_only,FALSE
Jo->Ya,2,B_830304_68_LF_CLASS::台地・段丘,荒川 / basin 68 / 台地・段丘,continue,1,46,0.021739130434782608,547,3751,watersystem_x_unit_basin_x_landform,0.0018281535648994515,0.012263396427619302,-0.010435242862719851,0.1490740004769096,eligible,FALSE
Jo->Ya,2,B_830304_68_LF_CLASS::台地・段丘,荒川 / basin 68 / 台地・段丘,drop,44,46,0.9565217391304348,3108,3751,watersystem_x_unit_basin_x_landform,0.014157014157014158,0.012263396427619302,0.0018936177293948555,1.1544121761513066,eligible,FALSE
Jo->Ya,2,B_830304_68_LF_CLASS::台地・段丘,荒川 / basin 68 / 台地・段丘,new,1,46,0.021739130434782608,96,3751,watersystem_x_unit_basin_x_landform,0.010416666666666666,0.012263396427619302,-0.001846729760952636,0.8494112318840579,eligible,FALSE
Jo->Ya,2,B_830304_68_LF_CLASS::山地斜面等,荒川 / basin 68 / 山地斜面等,drop,12,12,1,3108,3751,watersystem_x_unit_basin_x_landform,0.003861003861003861,0.003199146894161557,6.618569668423043e-4,1.206885456885457,low_n_descriptive_only,FALSE
Jo->Ya,2,B_830304_68_LF_CLASS::氾濫平野・海岸平野,荒川 / basin 68 / 氾濫平野・海岸平野,drop,1,1,1,3108,3751,watersystem_x_unit_basin_x_landform,3.2175032175032174e-4,2.6659557451346307e-4,5.515474723685867e-5,1.2068854568854568,low_n_descriptive_only,FALSE
Jo->Ya,2,B_830304_69_LF_CLASS::台地・段丘,荒川 / basin 69 / 台地・段丘,continue,4,15,0.26666666666666666,547,3751,watersystem_x_unit_basin_x_landform,0.007312614259597806,0.0039989336177019465,0.0033136806418958597,1.828641072516758,low_n_descriptive_only,FALSE
Jo->Ya,2,B_830304_69_LF_CLASS::台地・段丘,荒川 / basin 69 / 台地・段丘,drop,9,15,0.6,3108,3751,watersystem_x_unit_basin_x_landform,0.0028957528957528956,0.0039989336177019465,-0.001103180721949051,0.724131274131274,low_n_descriptive_only,FALSE
Jo->Ya,2,B_830304_69_LF_CLASS::台地・段丘,荒川 / basin 69 / 台地・段丘,new,2,15,0.13333333333333333,96,3751,watersystem_x_unit_basin_x_landform,0.020833333333333332,0.0039989336177019465,0.016834399715631387,5.209722222222221,low_n_descriptive_only,FALSE
Jo->Ya,2,B_830304_69_LF_CLASS::山地斜面等,荒川 / basin 69 / 山地斜面等,continue,1,7,0.14285714285714285,547,3751,watersystem_x_unit_basin_x_landform,0.0018281535648994515,0.0018661690215942416,-3.8015456694790025e-5,0.9796291459911204,low_n_descriptive_only,FALSE
Jo->Ya,2,B_830304_69_LF_CLASS::山地斜面等,荒川 / basin 69 / 山地斜面等,drop,4,7,0.5714285714285714,3108,3751,watersystem_x_unit_basin_x_landform,0.001287001287001287,0.0018661690215942416,-5.791677345929546e-4,0.6896488325059753,low_n_descriptive_only,FALSE
Jo->Ya,2,B_830304_69_LF_CLASS::山地斜面等,荒川 / basin 69 / 山地斜面等,new,2,7,0.2857142857142857,96,3751,watersystem_x_unit_basin_x_landform,0.020833333333333332,0.0018661690215942416,0.01896716431173909,11.163690476190474,low_n_descriptive_only,FALSE
Jo->Ya,2,B_830304_69_LF_CLASS::氾濫平野・海岸平野,荒川 / basin 69 / 氾濫平野・海岸平野,continue,1,2,0.5,547,3751,watersystem_x_unit_basin_x_landform,0.0018281535648994515,5.331911490269261e-4,0.0012949624158725254,3.4287020109689217,low_n_descriptive_only,FALSE
Jo->Ya,2,B_830304_69_LF_CLASS::氾濫平野・海岸平野,荒川 / basin 69 / 氾濫平野・海岸平野,drop,1,2,0.5,3108,3751,watersystem_x_unit_basin_x_landform,3.2175032175032174e-4,5.331911490269261e-4,-2.114408272766044e-4,0.6034427284427284,low_n_descriptive_only,FALSE
Jo->Ya,2,B_830304_70_LF_CLASS::凹地・浅い谷,荒川 / basin 70 / 凹地・浅い谷,drop,2,2,1,3108,3751,watersystem_x_unit_basin_x_landform,6.435006435006435e-4,5.331911490269261e-4,1.1030949447371735e-4,1.2068854568854568,low_n_descriptive_only,FALSE
Jo->Ya,2,B_830304_70_LF_CLASS::台地・段丘,荒川 / basin 70 / 台地・段丘,continue,4,31,0.12903225806451613,547,3751,watersystem_x_unit_basin_x_landform,0.007312614259597806,0.008264462809917356,-9.518485503195494e-4,0.8848263254113345,eligible,FALSE
Jo->Ya,2,B_830304_70_LF_CLASS::台地・段丘,荒川 / basin 70 / 台地・段丘,drop,26,31,0.8387096774193549,3108,3751,watersystem_x_unit_basin_x_landform,0.008365508365508366,0.008264462809917356,1.0104555559100996e-4,1.0122265122265122,eligible,FALSE
Jo->Ya,2,B_830304_70_LF_CLASS::台地・段丘,荒川 / basin 70 / 台地・段丘,new,1,31,0.03225806451612903,96,3751,watersystem_x_unit_basin_x_landform,0.010416666666666666,0.008264462809917356,0.0021522038567493105,1.2604166666666665,eligible,FALSE
Jo->Ya,2,B_830304_70_LF_CLASS::山地斜面等,荒川 / basin 70 / 山地斜面等,continue,1,14,0.07142857142857142,547,3751,watersystem_x_unit_basin_x_landform,0.0018281535648994515,0.003732338043188483,-0.0019041844782890316,0.4898145729955602,low_n_descriptive_only,FALSE
Jo->Ya,2,B_830304_70_LF_CLASS::山地斜面等,荒川 / basin 70 / 山地斜面等,drop,13,14,0.9285714285714286,3108,3751,watersystem_x_unit_basin_x_landform,0.004182754182754183,0.003732338043188483,4.5041613956569963e-4,1.1206793528222099,low_n_descriptive_only,FALSE
Jo->Ya,2,B_830304_70_LF_CLASS::氾濫平野・海岸平野,荒川 / basin 70 / 氾濫平野・海岸平野,continue,1,6,0.16666666666666666,547,3751,watersystem_x_unit_basin_x_landform,0.0018281535648994515,0.0015995734470807784,2.2858011781867315e-4,1.1429006703229738,low_n_descriptive_only,FALSE
Jo->Ya,2,B_830304_70_LF_CLASS::氾濫平野・海岸平野,荒川 / basin 70 / 氾濫平野・海岸平野,drop,5,6,0.8333333333333334,3108,3751,watersystem_x_unit_basin_x_landform,0.0016087516087516086,0.0015995734470807784,9.178161670830246e-6,1.0057378807378807,low_n_descriptive_only,FALSE
Jo->Ya,2,B_830304_77_LF_CLASS::台地・段丘,荒川 / basin 77 / 台地・段丘,drop,2,2,1,3108,3751,watersystem_x_unit_basin_x_landform,6.435006435006435e-4,5.331911490269261e-4,1.1030949447371735e-4,1.2068854568854568,low_n_descriptive_only,FALSE
Jo->Ya,2,B_830304_77_LF_CLASS::氾濫平野・海岸平野,荒川 / basin 77 / 氾濫平野・海岸平野,drop,1,1,1,3108,3751,watersystem_x_unit_basin_x_landform,3.2175032175032174e-4,2.6659557451346307e-4,5.515474723685867e-5,1.2068854568854568,low_n_descriptive_only,FALSE
Jo->Ya,2,B_830304_79_LF_CLASS::凹地・浅い谷,荒川 / basin 79 / 凹地・浅い谷,drop,2,2,1,3108,3751,watersystem_x_unit_basin_x_landform,6.435006435006435e-4,5.331911490269261e-4,1.1030949447371735e-4,1.2068854568854568,low_n_descriptive_only,FALSE
Jo->Ya,2,B_830304_79_LF_CLASS::台地・段丘,荒川 / basin 79 / 台地・段丘,continue,1,2,0.5,547,3751,watersystem_x_unit_basin_x_landform,0.0018281535648994515,5.331911490269261e-4,0.0012949624158725254,3.4287020109689217,low_n_descriptive_only,FALSE
Jo->Ya,2,B_830304_79_LF_CLASS::台地・段丘,荒川 / basin 79 / 台地・段丘,drop,1,2,0.5,3108,3751,watersystem_x_unit_basin_x_landform,3.2175032175032174e-4,5.331911490269261e-4,-2.114408272766044e-4,0.6034427284427284,low_n_descriptive_only,FALSE
Jo->Ya,2,B_830304_79_LF_CLASS::山地斜面等,荒川 / basin 79 / 山地斜面等,drop,1,1,1,3108,3751,watersystem_x_unit_basin_x_landform,3.2175032175032174e-4,2.6659557451346307e-4,5.515474723685867e-5,1.2068854568854568,low_n_descriptive_only,FALSE
Jo->Ya,2,B_830304_80_LF_CLASS::凹地・浅い谷,荒川 / basin 80 / 凹地・浅い谷,drop,2,2,1,3108,3751,watersystem_x_unit_basin_x_landform,6.435006435006435e-4,5.331911490269261e-4,1.1030949447371735e-4,1.2068854568854568,low_n_descriptive_only,FALSE
Jo->Ya,2,B_830304_80_LF_CLASS::台地・段丘,荒川 / basin 80 / 台地・段丘,continue,1,47,0.02127659574468085,547,3751,watersystem_x_unit_basin_x_landform,0.0018281535648994515,0.012529992002132765,-0.010701838437233314,0.14590221323272007,eligible,FALSE
Jo->Ya,2,B_830304_80_LF_CLASS::台地・段丘,荒川 / basin 80 / 台地・段丘,drop,46,47,0.9787234042553191,3108,3751,watersystem_x_unit_basin_x_landform,0.014800514800514801,0.012529992002132765,0.0022705227983820363,1.1812070429091706,eligible,FALSE
Jo->Ya,2,B_830304_80_LF_CLASS::山地斜面等,荒川 / basin 80 / 山地斜面等,continue,1,14,0.07142857142857142,547,3751,watersystem_x_unit_basin_x_landform,0.0018281535648994515,0.003732338043188483,-0.0019041844782890316,0.4898145729955602,low_n_descriptive_only,FALSE
Jo->Ya,2,B_830304_80_LF_CLASS::山地斜面等,荒川 / basin 80 / 山地斜面等,drop,13,14,0.9285714285714286,3108,3751,watersystem_x_unit_basin_x_landform,0.004182754182754183,0.003732338043188483,4.5041613956569963e-4,1.1206793528222099,low_n_descriptive_only,FALSE
Jo->Ya,2,B_830304_80_LF_CLASS::氾濫平野・海岸平野,荒川 / basin 80 / 氾濫平野・海岸平野,drop,1,1,1,3108,3751,watersystem_x_unit_basin_x_landform,3.2175032175032174e-4,2.6659557451346307e-4,5.515474723685867e-5,1.2068854568854568,low_n_descriptive_only,FALSE
Jo->Ya,2,B_830304_82_LF_CLASS::凹地・浅い谷,荒川 / basin 82 / 凹地・浅い谷,drop,1,1,1,3108,3751,watersystem_x_unit_basin_x_landform,3.2175032175032174e-4,2.6659557451346307e-4,5.515474723685867e-5,1.2068854568854568,low_n_descriptive_only,FALSE
Jo->Ya,2,B_830304_82_LF_CLASS::台地・段丘,荒川 / basin 82 / 台地・段丘,drop,17,17,1,3108,3751,watersystem_x_unit_basin_x_landform,0.0054697554697554695,0.0045321247667288725,9.376307030265971e-4,1.2068854568854568,low_n_descriptive_only,FALSE
Jo->Ya,2,B_830304_82_LF_CLASS::山地斜面等,荒川 / basin 82 / 山地斜面等,drop,7,7,1,3108,3751,watersystem_x_unit_basin_x_landform,0.0022522522522522522,0.0018661690215942416,3.8608323065801066e-4,1.2068854568854568,low_n_descriptive_only,FALSE
Jo->Ya,2,B_830304_83_LF_CLASS::台地・段丘,荒川 / basin 83 / 台地・段丘,continue,2,18,0.1111111111111111,547,3751,watersystem_x_unit_basin_x_landform,0.003656307129798903,0.004798720341242335,-0.0011424132114434319,0.7619337802153159,low_n_descriptive_only,FALSE
Jo->Ya,2,B_830304_83_LF_CLASS::台地・段丘,荒川 / basin 83 / 台地・段丘,drop,16,18,0.8888888888888888,3108,3751,watersystem_x_unit_basin_x_landform,0.005148005148005148,0.004798720341242335,3.4928480676281286e-4,1.0727870727870727,low_n_descriptive_only,FALSE
Jo->Ya,2,B_830304_83_LF_CLASS::山地斜面等,荒川 / basin 83 / 山地斜面等,drop,4,4,1,3108,3751,watersystem_x_unit_basin_x_landform,0.001287001287001287,0.0010663822980538523,2.206189889474347e-4,1.2068854568854568,low_n_descriptive_only,FALSE
Jo->Ya,2,B_830304_83_LF_CLASS::崖・段丘崖,荒川 / basin 83 / 崖・段丘崖,drop,1,1,1,3108,3751,watersystem_x_unit_basin_x_landform,3.2175032175032174e-4,2.6659557451346307e-4,5.515474723685867e-5,1.2068854568854568,low_n_descriptive_only,FALSE
Jo->Ya,2,B_830304_83_LF_CLASS::氾濫平野・海岸平野,荒川 / basin 83 / 氾濫平野・海岸平野,drop,1,1,1,3108,3751,watersystem_x_unit_basin_x_landform,3.2175032175032174e-4,2.6659557451346307e-4,5.515474723685867e-5,1.2068854568854568,low_n_descriptive_only,FALSE
Jo->Ya,2,B_830304_86_LF_CLASS::凹地・浅い谷,荒川 / basin 86 / 凹地・浅い谷,drop,1,1,1,3108,3751,watersystem_x_unit_basin_x_landform,3.2175032175032174e-4,2.6659557451346307e-4,5.515474723685867e-5,1.2068854568854568,low_n_descriptive_only,FALSE
Jo->Ya,2,B_830304_86_LF_CLASS::台地・段丘,荒川 / basin 86 / 台地・段丘,continue,4,20,0.2,547,3751,watersystem_x_unit_basin_x_landform,0.007312614259597806,0.005331911490269262,0.0019807027693285444,1.3714808043875686,eligible,FALSE
Jo->Ya,2,B_830304_86_LF_CLASS::台地・段丘,荒川 / basin 86 / 台地・段丘,drop,16,20,0.8,3108,3751,watersystem_x_unit_basin_x_landform,0.005148005148005148,0.005331911490269262,-1.8390634226411393e-4,0.9655083655083654,eligible,FALSE
Jo->Ya,2,B_830304_86_LF_CLASS::山地斜面等,荒川 / basin 86 / 山地斜面等,continue,3,49,0.061224489795918366,547,3751,watersystem_x_unit_basin_x_landform,0.005484460694698354,0.013063183151159691,-0.007578722456461337,0.419841062567623,eligible,FALSE
Jo->Ya,2,B_830304_86_LF_CLASS::山地斜面等,荒川 / basin 86 / 山地斜面等,drop,45,49,0.9183673469387755,3108,3751,watersystem_x_unit_basin_x_landform,0.01447876447876448,0.013063183151159691,0.0014155813276047879,1.108364195098889,eligible,FALSE
Jo->Ya,2,B_830304_86_LF_CLASS::山地斜面等,荒川 / basin 86 / 山地斜面等,new,1,49,0.02040816326530612,96,3751,watersystem_x_unit_basin_x_landform,0.010416666666666666,0.013063183151159691,-0.0026465164844930254,0.7974064625850339,eligible,FALSE
Jo->Ya,2,B_830304_86_LF_CLASS::山麓堆積地形,荒川 / basin 86 / 山麓堆積地形,drop,2,2,1,3108,3751,watersystem_x_unit_basin_x_landform,6.435006435006435e-4,5.331911490269261e-4,1.1030949447371735e-4,1.2068854568854568,low_n_descriptive_only,FALSE
Jo->Ya,2,B_830304_86_LF_CLASS::水部,荒川 / basin 86 / 水部,drop,14,14,1,3108,3751,watersystem_x_unit_basin_x_landform,0.0045045045045045045,0.003732338043188483,7.721664613160213e-4,1.2068854568854568,low_n_descriptive_only,FALSE
Jo->Ya,2,B_830304_86_LF_CLASS::氾濫平野・海岸平野,荒川 / basin 86 / 氾濫平野・海岸平野,continue,3,11,0.2727272727272727,547,3751,watersystem_x_unit_basin_x_landform,0.005484460694698354,0.002932551319648094,0.0025519093750502606,1.8702010968921388,low_n_descriptive_only,FALSE
Jo->Ya,2,B_830304_86_LF_CLASS::氾濫平野・海岸平野,荒川 / basin 86 / 氾濫平野・海岸平野,drop,8,11,0.7272727272727273,3108,3751,watersystem_x_unit_basin_x_landform,0.002574002574002574,0.002932551319648094,-3.585487456455199e-4,0.8777348777348777,low_n_descriptive_only,FALSE
Jo->Ya,2,B_830304_87_LF_CLASS::台地・段丘,荒川 / basin 87 / 台地・段丘,drop,1,1,1,3108,3751,watersystem_x_unit_basin_x_landform,3.2175032175032174e-4,2.6659557451346307e-4,5.515474723685867e-5,1.2068854568854568,low_n_descriptive_only,FALSE
Jo->Ya,2,B_830304_87_LF_CLASS::山地斜面等,荒川 / basin 87 / 山地斜面等,continue,1,13,0.07692307692307693,547,3751,watersystem_x_unit_basin_x_landform,0.0018281535648994515,0.00346574246867502,-0.0016375889037755686,0.5274926170721417,low_n_descriptive_only,FALSE
Jo->Ya,2,B_830304_87_LF_CLASS::山地斜面等,荒川 / basin 87 / 山地斜面等,drop,12,13,0.9230769230769231,3108,3751,watersystem_x_unit_basin_x_landform,0.003861003861003861,0.00346574246867502,3.952613923288409e-4,1.114048114048114,low_n_descriptive_only,FALSE
Jo->Ya,2,B_830304_87_LF_CLASS::氾濫平野・海岸平野,荒川 / basin 87 / 氾濫平野・海岸平野,drop,4,4,1,3108,3751,watersystem_x_unit_basin_x_landform,0.001287001287001287,0.0010663822980538523,2.206189889474347e-4,1.2068854568854568,low_n_descriptive_only,FALSE
Jo->Ya,2,B_830304_88_LF_CLASS::台地・段丘,荒川 / basin 88 / 台地・段丘,drop,8,8,1,3108,3751,watersystem_x_unit_basin_x_landform,0.002574002574002574,0.0021327645961077045,4.412379778948694e-4,1.2068854568854568,low_n_descriptive_only,FALSE
Jo->Ya,2,B_830304_88_LF_CLASS::山地斜面等,荒川 / basin 88 / 山地斜面等,continue,2,15,0.13333333333333333,547,3751,watersystem_x_unit_basin_x_landform,0.003656307129798903,0.0039989336177019465,-3.4262648790304344e-4,0.914320536258379,low_n_descriptive_only,FALSE
Jo->Ya,2,B_830304_88_LF_CLASS::山地斜面等,荒川 / basin 88 / 山地斜面等,drop,13,15,0.8666666666666667,3108,3751,watersystem_x_unit_basin_x_landform,0.004182754182754183,0.0039989336177019465,1.8382056505223624e-4,1.0459673959673959,low_n_descriptive_only,FALSE
Jo->Ya,2,B_830304_88_LF_CLASS::山麓堆積地形,荒川 / basin 88 / 山麓堆積地形,drop,1,1,1,3108,3751,watersystem_x_unit_basin_x_landform,3.2175032175032174e-4,2.6659557451346307e-4,5.515474723685867e-5,1.2068854568854568,low_n_descriptive_only,FALSE
Jo->Ya,2,B_830304_98_LF_CLASS::山地斜面等,荒川 / basin 98 / 山地斜面等,drop,1,1,1,3108,3751,watersystem_x_unit_basin_x_landform,3.2175032175032174e-4,2.6659557451346307e-4,5.515474723685867e-5,1.2068854568854568,low_n_descriptive_only,FALSE
Jo->Ya,2,B_830305_10_LF_CLASS::台地・段丘,多摩川 / basin 10 / 台地・段丘,continue,6,22,0.2727272727272727,547,3751,watersystem_x_unit_basin_x_landform,0.010968921389396709,0.005865102639296188,0.005103818750100521,1.8702010968921388,eligible,FALSE
Jo->Ya,2,B_830305_10_LF_CLASS::台地・段丘,多摩川 / basin 10 / 台地・段丘,drop,13,22,0.5909090909090909,3108,3751,watersystem_x_unit_basin_x_landform,0.004182754182754183,0.005865102639296188,-0.001682348456542005,0.7131595881595881,eligible,FALSE
Jo->Ya,2,B_830305_10_LF_CLASS::台地・段丘,多摩川 / basin 10 / 台地・段丘,new,3,22,0.13636363636363635,96,3751,watersystem_x_unit_basin_x_landform,0.03125,0.005865102639296188,0.02538489736070381,5.328125,eligible,FALSE
Jo->Ya,2,B_830305_10_LF_CLASS::氾濫平野・海岸平野,多摩川 / basin 10 / 氾濫平野・海岸平野,drop,1,1,1,3108,3751,watersystem_x_unit_basin_x_landform,3.2175032175032174e-4,2.6659557451346307e-4,5.515474723685867e-5,1.2068854568854568,low_n_descriptive_only,FALSE
Jo->Ya,2,B_830305_12_LF_CLASS::凹地・浅い谷,多摩川 / basin 12 / 凹地・浅い谷,continue,1,2,0.5,547,3751,watersystem_x_unit_basin_x_landform,0.0018281535648994515,5.331911490269261e-4,0.0012949624158725254,3.4287020109689217,low_n_descriptive_only,FALSE
Jo->Ya,2,B_830305_12_LF_CLASS::凹地・浅い谷,多摩川 / basin 12 / 凹地・浅い谷,drop,1,2,0.5,3108,3751,watersystem_x_unit_basin_x_landform,3.2175032175032174e-4,5.331911490269261e-4,-2.114408272766044e-4,0.6034427284427284,low_n_descriptive_only,FALSE
Jo->Ya,2,B_830305_12_LF_CLASS::台地・段丘,多摩川 / basin 12 / 台地・段丘,continue,5,17,0.29411764705882354,547,3751,watersystem_x_unit_basin_x_landform,0.009140767824497258,0.0045321247667288725,0.0046086430577683855,2.0168835358640713,low_n_descriptive_only,FALSE
Jo->Ya,2,B_830305_12_LF_CLASS::台地・段丘,多摩川 / basin 12 / 台地・段丘,drop,11,17,0.6470588235294118,3108,3751,watersystem_x_unit_basin_x_landform,0.0035392535392535394,0.0045321247667288725,-9.92871227475333e-4,0.7809258838670603,low_n_descriptive_only,FALSE
Jo->Ya,2,B_830305_12_LF_CLASS::台地・段丘,多摩川 / basin 12 / 台地・段丘,new,1,17,0.058823529411764705,96,3751,watersystem_x_unit_basin_x_landform,0.010416666666666666,0.0045321247667288725,0.005884541899937794,2.298406862745098,low_n_descriptive_only,FALSE
Jo->Ya,2,B_830305_13_LF_CLASS::台地・段丘,多摩川 / basin 13 / 台地・段丘,continue,1,6,0.16666666666666666,547,3751,watersystem_x_unit_basin_x_landform,0.0018281535648994515,0.0015995734470807784,2.2858011781867315e-4,1.1429006703229738,low_n_descriptive_only,FALSE
Jo->Ya,2,B_830305_13_LF_CLASS::台地・段丘,多摩川 / basin 13 / 台地・段丘,drop,5,6,0.8333333333333334,3108,3751,watersystem_x_unit_basin_x_landform,0.0016087516087516086,0.0015995734470807784,9.178161670830246e-6,1.0057378807378807,low_n_descriptive_only,FALSE
Jo->Ya,2,B_830305_13_LF_CLASS::氾濫平野・海岸平野,多摩川 / basin 13 / 氾濫平野・海岸平野,continue,2,3,0.6666666666666666,547,3751,watersystem_x_unit_basin_x_landform,0.003656307129798903,7.997867235403892e-4,0.002856520406258514,4.571602681291895,low_n_descriptive_only,FALSE
Jo->Ya,2,B_830305_13_LF_CLASS::氾濫平野・海岸平野,多摩川 / basin 13 / 氾濫平野・海岸平野,drop,1,3,0.3333333333333333,3108,3751,watersystem_x_unit_basin_x_landform,3.2175032175032174e-4,7.997867235403892e-4,-4.7803640179006746e-4,0.4022951522951523,low_n_descriptive_only,FALSE
Jo->Ya,2,B_830305_14_LF_CLASS::凹地・浅い谷,多摩川 / basin 14 / 凹地・浅い谷,drop,2,2,1,3108,3751,watersystem_x_unit_basin_x_landform,6.435006435006435e-4,5.331911490269261e-4,1.1030949447371735e-4,1.2068854568854568,low_n_descriptive_only,FALSE
Jo->Ya,2,B_830305_14_LF_CLASS::台地・段丘,多摩川 / basin 14 / 台地・段丘,continue,6,31,0.1935483870967742,547,3751,watersystem_x_unit_basin_x_landform,0.010968921389396709,0.008264462809917356,0.0027044585794793533,1.3272394881170018,eligible,FALSE
Jo->Ya,2,B_830305_14_LF_CLASS::台地・段丘,多摩川 / basin 14 / 台地・段丘,drop,25,31,0.8064516129032258,3108,3751,watersystem_x_unit_basin_x_landform,0.008043758043758044,0.008264462809917356,-2.2070476615931173e-4,0.9732947232947233,eligible,FALSE
Jo->Ya,2,B_830305_14_LF_CLASS::山地斜面等,多摩川 / basin 14 / 山地斜面等,drop,2,2,1,3108,3751,watersystem_x_unit_basin_x_landform,6.435006435006435e-4,5.331911490269261e-4,1.1030949447371735e-4,1.2068854568854568,low_n_descriptive_only,FALSE
Jo->Ya,2,B_830305_14_LF_CLASS::崖・段丘崖,多摩川 / basin 14 / 崖・段丘崖,drop,1,1,1,3108,3751,watersystem_x_unit_basin_x_landform,3.2175032175032174e-4,2.6659557451346307e-4,5.515474723685867e-5,1.2068854568854568,low_n_descriptive_only,FALSE
Jo->Ya,2,B_830305_14_LF_CLASS::氾濫平野・海岸平野,多摩川 / basin 14 / 氾濫平野・海岸平野,drop,1,1,1,3108,3751,watersystem_x_unit_basin_x_landform,3.2175032175032174e-4,2.6659557451346307e-4,5.515474723685867e-5,1.2068854568854568,low_n_descriptive_only,FALSE
Jo->Ya,2,B_830305_16_LF_CLASS::台地・段丘,多摩川 / basin 16 / 台地・段丘,continue,1,10,0.1,547,3751,watersystem_x_unit_basin_x_landform,0.0018281535648994515,0.002665955745134631,-8.378021802351793e-4,0.6857404021937843,low_n_descriptive_only,FALSE
Jo->Ya,2,B_830305_16_LF_CLASS::台地・段丘,多摩川 / basin 16 / 台地・段丘,drop,9,10,0.9,3108,3751,watersystem_x_unit_basin_x_landform,0.0028957528957528956,0.002665955745134631,2.2979715061826472e-4,1.0861969111969112,low_n_descriptive_only,FALSE
Jo->Ya,2,B_830305_16_LF_CLASS::山地斜面等,多摩川 / basin 16 / 山地斜面等,drop,2,2,1,3108,3751,watersystem_x_unit_basin_x_landform,6.435006435006435e-4,5.331911490269261e-4,1.1030949447371735e-4,1.2068854568854568,low_n_descriptive_only,FALSE
Jo->Ya,2,B_830305_16_LF_CLASS::崖・段丘崖,多摩川 / basin 16 / 崖・段丘崖,drop,2,2,1,3108,3751,watersystem_x_unit_basin_x_landform,6.435006435006435e-4,5.331911490269261e-4,1.1030949447371735e-4,1.2068854568854568,low_n_descriptive_only,FALSE
Jo->Ya,2,B_830305_17_LF_CLASS::台地・段丘,多摩川 / basin 17 / 台地・段丘,continue,1,14,0.07142857142857142,547,3751,watersystem_x_unit_basin_x_landform,0.0018281535648994515,0.003732338043188483,-0.0019041844782890316,0.4898145729955602,low_n_descriptive_only,FALSE
Jo->Ya,2,B_830305_17_LF_CLASS::台地・段丘,多摩川 / basin 17 / 台地・段丘,drop,13,14,0.9285714285714286,3108,3751,watersystem_x_unit_basin_x_landform,0.004182754182754183,0.003732338043188483,4.5041613956569963e-4,1.1206793528222099,low_n_descriptive_only,FALSE
Jo->Ya,2,B_830305_17_LF_CLASS::山地斜面等,多摩川 / basin 17 / 山地斜面等,continue,5,75,0.06666666666666667,547,3751,watersystem_x_unit_basin_x_landform,0.009140767824497258,0.01999466808850973,-0.010853900264012473,0.45716026812918953,eligible,FALSE
Jo->Ya,2,B_830305_17_LF_CLASS::山地斜面等,多摩川 / basin 17 / 山地斜面等,drop,70,75,0.9333333333333333,3108,3751,watersystem_x_unit_basin_x_landform,0.02252252252252252,0.01999466808850973,0.0025278544340127905,1.1264264264264263,eligible,FALSE
Jo->Ya,2,B_830305_17_LF_CLASS::山麓堆積地形,多摩川 / basin 17 / 山麓堆積地形,drop,1,1,1,3108,3751,watersystem_x_unit_basin_x_landform,3.2175032175032174e-4,2.6659557451346307e-4,5.515474723685867e-5,1.2068854568854568,low_n_descriptive_only,FALSE
Jo->Ya,2,B_830305_17_LF_CLASS::氾濫平野・海岸平野,多摩川 / basin 17 / 氾濫平野・海岸平野,continue,1,6,0.16666666666666666,547,3751,watersystem_x_unit_basin_x_landform,0.0018281535648994515,0.0015995734470807784,2.2858011781867315e-4,1.1429006703229738,low_n_descriptive_only,FALSE
Jo->Ya,2,B_830305_17_LF_CLASS::氾濫平野・海岸平野,多摩川 / basin 17 / 氾濫平野・海岸平野,drop,5,6,0.8333333333333334,3108,3751,watersystem_x_unit_basin_x_landform,0.0016087516087516086,0.0015995734470807784,9.178161670830246e-6,1.0057378807378807,low_n_descriptive_only,FALSE
Jo->Ya,2,B_830305_18_LF_CLASS::凹地・浅い谷,多摩川 / basin 18 / 凹地・浅い谷,drop,4,4,1,3108,3751,watersystem_x_unit_basin_x_landform,0.001287001287001287,0.0010663822980538523,2.206189889474347e-4,1.2068854568854568,low_n_descriptive_only,FALSE
Jo->Ya,2,B_830305_18_LF_CLASS::台地・段丘,多摩川 / basin 18 / 台地・段丘,continue,6,75,0.08,547,3751,watersystem_x_unit_basin_x_landform,0.010968921389396709,0.01999466808850973,-0.009025746699113022,0.5485923217550274,eligible,FALSE
Jo->Ya,2,B_830305_18_LF_CLASS::台地・段丘,多摩川 / basin 18 / 台地・段丘,drop,66,75,0.88,3108,3751,watersystem_x_unit_basin_x_landform,0.021235521235521235,0.01999466808850973,0.0012408531470115038,1.062059202059202,eligible,FALSE
Jo->Ya,2,B_830305_18_LF_CLASS::台地・段丘,多摩川 / basin 18 / 台地・段丘,new,3,75,0.04,96,3751,watersystem_x_unit_basin_x_landform,0.03125,0.01999466808850973,0.011255331911490269,1.5629166666666667,eligible,FALSE
Jo->Ya,2,B_830305_18_LF_CLASS::山地斜面等,多摩川 / basin 18 / 山地斜面等,drop,7,7,1,3108,3751,watersystem_x_unit_basin_x_landform,0.0022522522522522522,0.0018661690215942416,3.8608323065801066e-4,1.2068854568854568,low_n_descriptive_only,FALSE
Jo->Ya,2,B_830305_18_LF_CLASS::崖・段丘崖,多摩川 / basin 18 / 崖・段丘崖,drop,6,6,1,3108,3751,watersystem_x_unit_basin_x_landform,0.0019305019305019305,0.0015995734470807784,3.3092848342115215e-4,1.206885456885457,low_n_descriptive_only,FALSE
Jo->Ya,2,B_830305_18_LF_CLASS::水部,多摩川 / basin 18 / 水部,drop,1,1,1,3108,3751,watersystem_x_unit_basin_x_landform,3.2175032175032174e-4,2.6659557451346307e-4,5.515474723685867e-5,1.2068854568854568,low_n_descriptive_only,FALSE
Jo->Ya,2,B_830305_18_LF_CLASS::氾濫平野・海岸平野,多摩川 / basin 18 / 氾濫平野・海岸平野,continue,1,10,0.1,547,3751,watersystem_x_unit_basin_x_landform,0.0018281535648994515,0.002665955745134631,-8.378021802351793e-4,0.6857404021937843,low_n_descriptive_only,FALSE
Jo->Ya,2,B_830305_18_LF_CLASS::氾濫平野・海岸平野,多摩川 / basin 18 / 氾濫平野・海岸平野,drop,9,10,0.9,3108,3751,watersystem_x_unit_basin_x_landform,0.0028957528957528956,0.002665955745134631,2.2979715061826472e-4,1.0861969111969112,low_n_descriptive_only,FALSE
Jo->Ya,2,B_830305_19_LF_CLASS::凹地・浅い谷,多摩川 / basin 19 / 凹地・浅い谷,drop,3,3,1,3108,3751,watersystem_x_unit_basin_x_landform,9.652509652509653e-4,7.997867235403892e-4,1.6546424171057607e-4,1.206885456885457,low_n_descriptive_only,FALSE
Jo->Ya,2,B_830305_19_LF_CLASS::台地・段丘,多摩川 / basin 19 / 台地・段丘,drop,12,12,1,3108,3751,watersystem_x_unit_basin_x_landform,0.003861003861003861,0.003199146894161557,6.618569668423043e-4,1.206885456885457,low_n_descriptive_only,FALSE
Jo->Ya,2,B_830305_19_LF_CLASS::山地斜面等,多摩川 / basin 19 / 山地斜面等,drop,7,7,1,3108,3751,watersystem_x_unit_basin_x_landform,0.0022522522522522522,0.0018661690215942416,3.8608323065801066e-4,1.2068854568854568,low_n_descriptive_only,FALSE
Jo->Ya,2,B_830305_19_LF_CLASS::氾濫平野・海岸平野,多摩川 / basin 19 / 氾濫平野・海岸平野,drop,2,2,1,3108,3751,watersystem_x_unit_basin_x_landform,6.435006435006435e-4,5.331911490269261e-4,1.1030949447371735e-4,1.2068854568854568,low_n_descriptive_only,FALSE
Jo->Ya,2,B_830305_20_LF_CLASS::台地・段丘,多摩川 / basin 20 / 台地・段丘,drop,11,11,1,3108,3751,watersystem_x_unit_basin_x_landform,0.0035392535392535394,0.002932551319648094,6.067022196054456e-4,1.206885456885457,low_n_descriptive_only,FALSE
Jo->Ya,2,B_830305_20_LF_CLASS::氾濫平野・海岸平野,多摩川 / basin 20 / 氾濫平野・海岸平野,continue,1,2,0.5,547,3751,watersystem_x_unit_basin_x_landform,0.0018281535648994515,5.331911490269261e-4,0.0012949624158725254,3.4287020109689217,low_n_descriptive_only,FALSE
Jo->Ya,2,B_830305_20_LF_CLASS::氾濫平野・海岸平野,多摩川 / basin 20 / 氾濫平野・海岸平野,drop,1,2,0.5,3108,3751,watersystem_x_unit_basin_x_landform,3.2175032175032174e-4,5.331911490269261e-4,-2.114408272766044e-4,0.6034427284427284,low_n_descriptive_only,FALSE
Jo->Ya,2,B_830305_21_LF_CLASS::台地・段丘,多摩川 / basin 21 / 台地・段丘,drop,1,1,1,3108,3751,watersystem_x_unit_basin_x_landform,3.2175032175032174e-4,2.6659557451346307e-4,5.515474723685867e-5,1.2068854568854568,low_n_descriptive_only,FALSE
Jo->Ya,2,B_830305_21_LF_CLASS::氾濫平野・海岸平野,多摩川 / basin 21 / 氾濫平野・海岸平野,drop,1,1,1,3108,3751,watersystem_x_unit_basin_x_landform,3.2175032175032174e-4,2.6659557451346307e-4,5.515474723685867e-5,1.2068854568854568,low_n_descriptive_only,FALSE
Jo->Ya,2,B_830305_22_LF_CLASS::台地・段丘,多摩川 / basin 22 / 台地・段丘,drop,13,13,1,3108,3751,watersystem_x_unit_basin_x_landform,0.004182754182754183,0.00346574246867502,7.170117140791626e-4,1.2068854568854568,low_n_descriptive_only,FALSE
Jo->Ya,2,B_830305_22_LF_CLASS::山地斜面等,多摩川 / basin 22 / 山地斜面等,continue,5,148,0.033783783783783786,547,3751,watersystem_x_unit_basin_x_landform,0.009140767824497258,0.03945614502799254,-0.03031537720349528,0.2316690547951974,eligible,FALSE
Jo->Ya,2,B_830305_22_LF_CLASS::山地斜面等,多摩川 / basin 22 / 山地斜面等,drop,143,148,0.9662162162162162,3108,3751,watersystem_x_unit_basin_x_landform,0.04601029601029601,0.03945614502799254,0.006554150982303476,1.1661122995582456,eligible,FALSE
Jo->Ya,2,B_830305_22_LF_CLASS::山麓堆積地形,多摩川 / basin 22 / 山麓堆積地形,continue,2,11,0.18181818181818182,547,3751,watersystem_x_unit_basin_x_landform,0.003656307129798903,0.002932551319648094,7.237558101508093e-4,1.246800731261426,low_n_descriptive_only,FALSE
Jo->Ya,2,B_830305_22_LF_CLASS::山麓堆積地形,多摩川 / basin 22 / 山麓堆積地形,drop,9,11,0.8181818181818182,3108,3751,watersystem_x_unit_basin_x_landform,0.0028957528957528956,0.002932551319648094,-3.6798423895198235e-5,0.9874517374517374,low_n_descriptive_only,FALSE
Jo->Ya,2,B_830305_22_LF_CLASS::旧河道,多摩川 / basin 22 / 旧河道,drop,1,1,1,3108,3751,watersystem_x_unit_basin_x_landform,3.2175032175032174e-4,2.6659557451346307e-4,5.515474723685867e-5,1.2068854568854568,low_n_descriptive_only,FALSE
Jo->Ya,2,B_830305_22_LF_CLASS::水部,多摩川 / basin 22 / 水部,drop,1,1,1,3108,3751,watersystem_x_unit_basin_x_landform,3.2175032175032174e-4,2.6659557451346307e-4,5.515474723685867e-5,1.2068854568854568,low_n_descriptive_only,FALSE
Jo->Ya,2,B_830305_22_LF_CLASS::氾濫平野・海岸平野,多摩川 / basin 22 / 氾濫平野・海岸平野,drop,23,23,1,3108,3751,watersystem_x_unit_basin_x_landform,0.0074002574002574005,0.006131698213809651,0.0012685591864477494,1.2068854568854568,eligible,FALSE
Jo->Ya,2,B_830305_23_LF_CLASS::台地・段丘,多摩川 / basin 23 / 台地・段丘,continue,2,20,0.1,547,3751,watersystem_x_unit_basin_x_landform,0.003656307129798903,0.005331911490269262,-0.0016756043604703587,0.6857404021937843,eligible,FALSE
Jo->Ya,2,B_830305_23_LF_CLASS::台地・段丘,多摩川 / basin 23 / 台地・段丘,drop,18,20,0.9,3108,3751,watersystem_x_unit_basin_x_landform,0.005791505791505791,0.005331911490269262,4.5959430123652945e-4,1.0861969111969112,eligible,FALSE
Jo->Ya,2,B_830305_23_LF_CLASS::山地斜面等,多摩川 / basin 23 / 山地斜面等,continue,3,109,0.027522935779816515,547,3751,watersystem_x_unit_basin_x_landform,0.005484460694698354,0.029058917621967474,-0.02357445692726912,0.18873589051205072,eligible,FALSE
Jo->Ya,2,B_830305_23_LF_CLASS::山地斜面等,多摩川 / basin 23 / 山地斜面等,drop,105,109,0.963302752293578,3108,3751,watersystem_x_unit_basin_x_landform,0.033783783783783786,0.029058917621967474,0.0047248661618163115,1.162596082320853,eligible,FALSE
Jo->Ya,2,B_830305_23_LF_CLASS::山地斜面等,多摩川 / basin 23 / 山地斜面等,new,1,109,0.009174311926605505,96,3751,watersystem_x_unit_basin_x_landform,0.010416666666666666,0.029058917621967474,-0.01864225095530081,0.358467125382263,eligible,FALSE
Jo->Ya,2,B_830305_23_LF_CLASS::山麓堆積地形,多摩川 / basin 23 / 山麓堆積地形,continue,2,6,0.3333333333333333,547,3751,watersystem_x_unit_basin_x_landform,0.003656307129798903,0.0015995734470807784,0.002056733682718125,2.2858013406459476,low_n_descriptive_only,FALSE
Jo->Ya,2,B_830305_23_LF_CLASS::山麓堆積地形,多摩川 / basin 23 / 山麓堆積地形,drop,4,6,0.6666666666666666,3108,3751,watersystem_x_unit_basin_x_landform,0.001287001287001287,0.0015995734470807784,-3.1257216007949144e-4,0.8045903045903046,low_n_descriptive_only,FALSE
Jo->Ya,2,B_830305_23_LF_CLASS::崖・段丘崖,多摩川 / basin 23 / 崖・段丘崖,drop,1,1,1,3108,3751,watersystem_x_unit_basin_x_landform,3.2175032175032174e-4,2.6659557451346307e-4,5.515474723685867e-5,1.2068854568854568,low_n_descriptive_only,FALSE
Jo->Ya,2,B_830305_23_LF_CLASS::旧河道,多摩川 / basin 23 / 旧河道,drop,1,1,1,3108,3751,watersystem_x_unit_basin_x_landform,3.2175032175032174e-4,2.6659557451346307e-4,5.515474723685867e-5,1.2068854568854568,low_n_descriptive_only,FALSE
Jo->Ya,2,B_830305_23_LF_CLASS::氾濫平野・海岸平野,多摩川 / basin 23 / 氾濫平野・海岸平野,continue,2,24,0.08333333333333333,547,3751,watersystem_x_unit_basin_x_landform,0.003656307129798903,0.006398293788323114,-0.0027419866585242105,0.5714503351614869,eligible,FALSE
Jo->Ya,2,B_830305_23_LF_CLASS::氾濫平野・海岸平野,多摩川 / basin 23 / 氾濫平野・海岸平野,drop,22,24,0.9166666666666666,3108,3751,watersystem_x_unit_basin_x_landform,0.007078507078507079,0.006398293788323114,6.802132901839652e-4,1.106311668811669,eligible,FALSE
Jo->Ya,2,B_830305_24_LF_CLASS::台地・段丘,多摩川 / basin 24 / 台地・段丘,drop,3,3,1,3108,3751,watersystem_x_unit_basin_x_landform,9.652509652509653e-4,7.997867235403892e-4,1.6546424171057607e-4,1.206885456885457,low_n_descriptive_only,FALSE
Jo->Ya,2,B_830305_24_LF_CLASS::山地斜面等,多摩川 / basin 24 / 山地斜面等,drop,4,4,1,3108,3751,watersystem_x_unit_basin_x_landform,0.001287001287001287,0.0010663822980538523,2.206189889474347e-4,1.2068854568854568,low_n_descriptive_only,FALSE
Jo->Ya,2,B_830305_25_LF_CLASS::凹地・浅い谷,多摩川 / basin 25 / 凹地・浅い谷,drop,1,1,1,3108,3751,watersystem_x_unit_basin_x_landform,3.2175032175032174e-4,2.6659557451346307e-4,5.515474723685867e-5,1.2068854568854568,low_n_descriptive_only,FALSE
Jo->Ya,2,B_830305_25_LF_CLASS::台地・段丘,多摩川 / basin 25 / 台地・段丘,continue,1,8,0.125,547,3751,watersystem_x_unit_basin_x_landform,0.0018281535648994515,0.0021327645961077045,-3.04611031208253e-4,0.8571755027422304,low_n_descriptive_only,FALSE
Jo->Ya,2,B_830305_25_LF_CLASS::台地・段丘,多摩川 / basin 25 / 台地・段丘,drop,7,8,0.875,3108,3751,watersystem_x_unit_basin_x_landform,0.0022522522522522522,0.0021327645961077045,1.194876561445477e-4,1.0560247747747749,low_n_descriptive_only,FALSE
Jo->Ya,2,B_830305_25_LF_CLASS::氾濫平野・海岸平野,多摩川 / basin 25 / 氾濫平野・海岸平野,drop,1,1,1,3108,3751,watersystem_x_unit_basin_x_landform,3.2175032175032174e-4,2.6659557451346307e-4,5.515474723685867e-5,1.2068854568854568,low_n_descriptive_only,FALSE
Jo->Ya,2,B_830305_26_LF_CLASS::凹地・浅い谷,多摩川 / basin 26 / 凹地・浅い谷,drop,1,1,1,3108,3751,watersystem_x_unit_basin_x_landform,3.2175032175032174e-4,2.6659557451346307e-4,5.515474723685867e-5,1.2068854568854568,low_n_descriptive_only,FALSE
Jo->Ya,2,B_830305_26_LF_CLASS::台地・段丘,多摩川 / basin 26 / 台地・段丘,drop,4,4,1,3108,3751,watersystem_x_unit_basin_x_landform,0.001287001287001287,0.0010663822980538523,2.206189889474347e-4,1.2068854568854568,low_n_descriptive_only,FALSE
Jo->Ya,2,B_830305_26_LF_CLASS::氾濫平野・海岸平野,多摩川 / basin 26 / 氾濫平野・海岸平野,drop,1,1,1,3108,3751,watersystem_x_unit_basin_x_landform,3.2175032175032174e-4,2.6659557451346307e-4,5.515474723685867e-5,1.2068854568854568,low_n_descriptive_only,FALSE
Jo->Ya,2,B_830305_27_LF_CLASS::凹地・浅い谷,多摩川 / basin 27 / 凹地・浅い谷,drop,1,1,1,3108,3751,watersystem_x_unit_basin_x_landform,3.2175032175032174e-4,2.6659557451346307e-4,5.515474723685867e-5,1.2068854568854568,low_n_descriptive_only,FALSE
Jo->Ya,2,B_830305_27_LF_CLASS::台地・段丘,多摩川 / basin 27 / 台地・段丘,continue,2,5,0.4,547,3751,watersystem_x_unit_basin_x_landform,0.003656307129798903,0.0013329778725673154,0.0023233292572315874,2.742961608775137,low_n_descriptive_only,FALSE
Jo->Ya,2,B_830305_27_LF_CLASS::台地・段丘,多摩川 / basin 27 / 台地・段丘,drop,3,5,0.6,3108,3751,watersystem_x_unit_basin_x_landform,9.652509652509653e-4,0.0013329778725673154,-3.6772690731635017e-4,0.7241312741312741,low_n_descriptive_only,FALSE
Jo->Ya,2,B_830305_28_LF_CLASS::台地・段丘,多摩川 / basin 28 / 台地・段丘,continue,1,3,0.3333333333333333,547,3751,watersystem_x_unit_basin_x_landform,0.0018281535648994515,7.997867235403892e-4,0.0010283668413590625,2.2858013406459476,low_n_descriptive_only,FALSE
Jo->Ya,2,B_830305_28_LF_CLASS::台地・段丘,多摩川 / basin 28 / 台地・段丘,drop,2,3,0.6666666666666666,3108,3751,watersystem_x_unit_basin_x_landform,6.435006435006435e-4,7.997867235403892e-4,-1.5628608003974572e-4,0.8045903045903046,low_n_descriptive_only,FALSE
Jo->Ya,2,B_830305_28_LF_CLASS::山地斜面等,多摩川 / basin 28 / 山地斜面等,continue,6,151,0.039735099337748346,547,3751,watersystem_x_unit_basin_x_landform,0.010968921389396709,0.04025593175153293,-0.02928701036213622,0.2724796300107752,eligible,FALSE
Jo->Ya,2,B_830305_28_LF_CLASS::山地斜面等,多摩川 / basin 28 / 山地斜面等,drop,145,151,0.9602649006622517,3108,3751,watersystem_x_unit_basin_x_landform,0.04665379665379665,0.04025593175153293,0.006397864902263725,1.1589297433668293,eligible,FALSE
Jo->Ya,2,B_830305_28_LF_CLASS::山麓堆積地形,多摩川 / basin 28 / 山麓堆積地形,drop,6,6,1,3108,3751,watersystem_x_unit_basin_x_landform,0.0019305019305019305,0.0015995734470807784,3.3092848342115215e-4,1.206885456885457,low_n_descriptive_only,FALSE
Jo->Ya,2,B_830305_28_LF_CLASS::氾濫平野・海岸平野,多摩川 / basin 28 / 氾濫平野・海岸平野,continue,1,20,0.05,547,3751,watersystem_x_unit_basin_x_landform,0.0018281535648994515,0.005331911490269262,-0.00350375792536981,0.34287020109689215,eligible,FALSE
Jo->Ya,2,B_830305_28_LF_CLASS::氾濫平野・海岸平野,多摩川 / basin 28 / 氾濫平野・海岸平野,drop,19,20,0.95,3108,3751,watersystem_x_unit_basin_x_landform,0.006113256113256113,0.005331911490269262,7.813446229868511e-4,1.1465411840411839,eligible,FALSE
Jo->Ya,2,B_830305_29_LF_CLASS::台地・段丘,多摩川 / basin 29 / 台地・段丘,drop,1,1,1,3108,3751,watersystem_x_unit_basin_x_landform,3.2175032175032174e-4,2.6659557451346307e-4,5.515474723685867e-5,1.2068854568854568,low_n_descriptive_only,FALSE
Jo->Ya,2,B_830305_2_LF_CLASS::台地・段丘,多摩川 / basin 2 / 台地・段丘,continue,4,11,0.36363636363636365,547,3751,watersystem_x_unit_basin_x_landform,0.007312614259597806,0.002932551319648094,0.004380062939949712,2.493601462522852,low_n_descriptive_only,FALSE
Jo->Ya,2,B_830305_2_LF_CLASS::台地・段丘,多摩川 / basin 2 / 台地・段丘,drop,4,11,0.36363636363636365,3108,3751,watersystem_x_unit_basin_x_landform,0.001287001287001287,0.002932551319648094,-0.0016455500326468069,0.43886743886743884,low_n_descriptive_only,FALSE
Jo->Ya,2,B_830305_2_LF_CLASS::台地・段丘,多摩川 / basin 2 / 台地・段丘,new,3,11,0.2727272727272727,96,3751,watersystem_x_unit_basin_x_landform,0.03125,0.002932551319648094,0.028317448680351905,10.65625,low_n_descriptive_only,FALSE
Jo->Ya,2,B_830305_2_LF_CLASS::山地斜面等,多摩川 / basin 2 / 山地斜面等,continue,1,2,0.5,547,3751,watersystem_x_unit_basin_x_landform,0.0018281535648994515,5.331911490269261e-4,0.0012949624158725254,3.4287020109689217,low_n_descriptive_only,FALSE
Jo->Ya,2,B_830305_2_LF_CLASS::山地斜面等,多摩川 / basin 2 / 山地斜面等,new,1,2,0.5,96,3751,watersystem_x_unit_basin_x_landform,0.010416666666666666,5.331911490269261e-4,0.00988347551763974,19.536458333333332,low_n_descriptive_only,FALSE
Jo->Ya,2,B_830305_2_LF_CLASS::崖・段丘崖,多摩川 / basin 2 / 崖・段丘崖,drop,1,1,1,3108,3751,watersystem_x_unit_basin_x_landform,3.2175032175032174e-4,2.6659557451346307e-4,5.515474723685867e-5,1.2068854568854568,low_n_descriptive_only,FALSE
Jo->Ya,2,B_830305_30_LF_CLASS::凹地・浅い谷,多摩川 / basin 30 / 凹地・浅い谷,continue,1,1,1,547,3751,watersystem_x_unit_basin_x_landform,0.0018281535648994515,2.6659557451346307e-4,0.0015615579903859884,6.857404021937843,low_n_descriptive_only,FALSE
Jo->Ya,2,B_830305_30_LF_CLASS::台地・段丘,多摩川 / basin 30 / 台地・段丘,continue,2,13,0.15384615384615385,547,3751,watersystem_x_unit_basin_x_landform,0.003656307129798903,0.00346574246867502,1.905646611238829e-4,1.0549852341442834,low_n_descriptive_only,FALSE
Jo->Ya,2,B_830305_30_LF_CLASS::台地・段丘,多摩川 / basin 30 / 台地・段丘,drop,11,13,0.8461538461538461,3108,3751,watersystem_x_unit_basin_x_landform,0.0035392535392535394,0.00346574246867502,7.351107057851922e-5,1.0212107712107712,low_n_descriptive_only,FALSE
Jo->Ya,2,B_830305_30_LF_CLASS::山地斜面等,多摩川 / basin 30 / 山地斜面等,continue,12,136,0.08823529411764706,547,3751,watersystem_x_unit_basin_x_landform,0.021937842778793418,0.03625699813383098,-0.014319155355037562,0.6050650607592214,eligible,FALSE
Jo->Ya,2,B_830305_30_LF_CLASS::山地斜面等,多摩川 / basin 30 / 山地斜面等,drop,122,136,0.8970588235294118,3108,3751,watersystem_x_unit_basin_x_landform,0.039253539253539256,0.03625699813383098,0.0029965411197082764,1.0826472480884246,eligible,FALSE
Jo->Ya,2,B_830305_30_LF_CLASS::山地斜面等,多摩川 / basin 30 / 山地斜面等,new,2,136,0.014705882352941176,96,3751,watersystem_x_unit_basin_x_landform,0.020833333333333332,0.03625699813383098,-0.015423664800497647,0.5746017156862745,eligible,FALSE
Jo->Ya,2,B_830305_30_LF_CLASS::山麓堆積地形,多摩川 / basin 30 / 山麓堆積地形,drop,5,5,1,3108,3751,watersystem_x_unit_basin_x_landform,0.0016087516087516086,0.0013329778725673154,2.757737361842932e-4,1.2068854568854568,low_n_descriptive_only,FALSE
Jo->Ya,2,B_830305_30_LF_CLASS::氾濫平野・海岸平野,多摩川 / basin 30 / 氾濫平野・海岸平野,continue,1,19,0.05263157894736842,547,3751,watersystem_x_unit_basin_x_landform,0.0018281535648994515,0.005065315915755798,-0.0032371623508563466,0.3609160011546233,low_n_descriptive_only,FALSE
Jo->Ya,2,B_830305_30_LF_CLASS::氾濫平野・海岸平野,多摩川 / basin 30 / 氾濫平野・海岸平野,drop,18,19,0.9473684210526315,3108,3751,watersystem_x_unit_basin_x_landform,0.005791505791505791,0.005065315915755798,7.261898757499928e-4,1.143365169680959,low_n_descriptive_only,FALSE
Jo->Ya,2,B_830305_31_LF_CLASS::台地・段丘,多摩川 / basin 31 / 台地・段丘,drop,3,3,1,3108,3751,watersystem_x_unit_basin_x_landform,9.652509652509653e-4,7.997867235403892e-4,1.6546424171057607e-4,1.206885456885457,low_n_descriptive_only,FALSE
Jo->Ya,2,B_830305_32_LF_CLASS::台地・段丘,多摩川 / basin 32 / 台地・段丘,drop,2,2,1,3108,3751,watersystem_x_unit_basin_x_landform,6.435006435006435e-4,5.331911490269261e-4,1.1030949447371735e-4,1.2068854568854568,low_n_descriptive_only,FALSE
Jo->Ya,2,B_830305_32_LF_CLASS::山地斜面等,多摩川 / basin 32 / 山地斜面等,continue,1,5,0.2,547,3751,watersystem_x_unit_basin_x_landform,0.0018281535648994515,0.0013329778725673154,4.951756923321361e-4,1.3714808043875686,low_n_descriptive_only,FALSE
Jo->Ya,2,B_830305_32_LF_CLASS::山地斜面等,多摩川 / basin 32 / 山地斜面等,drop,4,5,0.8,3108,3751,watersystem_x_unit_basin_x_landform,0.001287001287001287,0.0013329778725673154,-4.597658556602848e-5,0.9655083655083654,low_n_descriptive_only,FALSE
Jo->Ya,2,B_830305_33_LF_CLASS::凹地・浅い谷,多摩川 / basin 33 / 凹地・浅い谷,drop,2,2,1,3108,3751,watersystem_x_unit_basin_x_landform,6.435006435006435e-4,5.331911490269261e-4,1.1030949447371735e-4,1.2068854568854568,low_n_descriptive_only,FALSE
Jo->Ya,2,B_830305_33_LF_CLASS::台地・段丘,多摩川 / basin 33 / 台地・段丘,drop,20,20,1,3108,3751,watersystem_x_unit_basin_x_landform,0.006435006435006435,0.005331911490269262,0.0011030949447371728,1.2068854568854568,eligible,FALSE
Jo->Ya,2,B_830305_33_LF_CLASS::山地斜面等,多摩川 / basin 33 / 山地斜面等,continue,1,8,0.125,547,3751,watersystem_x_unit_basin_x_landform,0.0018281535648994515,0.0021327645961077045,-3.04611031208253e-4,0.8571755027422304,low_n_descriptive_only,FALSE
Jo->Ya,2,B_830305_33_LF_CLASS::山地斜面等,多摩川 / basin 33 / 山地斜面等,drop,7,8,0.875,3108,3751,watersystem_x_unit_basin_x_landform,0.0022522522522522522,0.0021327645961077045,1.194876561445477e-4,1.0560247747747749,low_n_descriptive_only,FALSE
Jo->Ya,2,B_830305_33_LF_CLASS::氾濫平野・海岸平野,多摩川 / basin 33 / 氾濫平野・海岸平野,drop,1,1,1,3108,3751,watersystem_x_unit_basin_x_landform,3.2175032175032174e-4,2.6659557451346307e-4,5.515474723685867e-5,1.2068854568854568,low_n_descriptive_only,FALSE
Jo->Ya,2,B_830305_34_LF_CLASS::凹地・浅い谷,多摩川 / basin 34 / 凹地・浅い谷,continue,1,2,0.5,547,3751,watersystem_x_unit_basin_x_landform,0.0018281535648994515,5.331911490269261e-4,0.0012949624158725254,3.4287020109689217,low_n_descriptive_only,FALSE
Jo->Ya,2,B_830305_34_LF_CLASS::凹地・浅い谷,多摩川 / basin 34 / 凹地・浅い谷,drop,1,2,0.5,3108,3751,watersystem_x_unit_basin_x_landform,3.2175032175032174e-4,5.331911490269261e-4,-2.114408272766044e-4,0.6034427284427284,low_n_descriptive_only,FALSE
Jo->Ya,2,B_830305_34_LF_CLASS::台地・段丘,多摩川 / basin 34 / 台地・段丘,drop,16,16,1,3108,3751,watersystem_x_unit_basin_x_landform,0.005148005148005148,0.004265529192215409,8.824759557897388e-4,1.2068854568854568,low_n_descriptive_only,FALSE
Jo->Ya,2,B_830305_34_LF_CLASS::山地斜面等,多摩川 / basin 34 / 山地斜面等,drop,13,13,1,3108,3751,watersystem_x_unit_basin_x_landform,0.004182754182754183,0.00346574246867502,7.170117140791626e-4,1.2068854568854568,low_n_descriptive_only,FALSE
Jo->Ya,2,B_830305_34_LF_CLASS::氾濫平野・海岸平野,多摩川 / basin 34 / 氾濫平野・海岸平野,continue,2,2,1,547,3751,watersystem_x_unit_basin_x_landform,0.003656307129798903,5.331911490269261e-4,0.0031231159807719767,6.857404021937843,low_n_descriptive_only,FALSE
Jo->Ya,2,B_830305_35_LF_CLASS::台地・段丘,多摩川 / basin 35 / 台地・段丘,continue,3,18,0.16666666666666666,547,3751,watersystem_x_unit_basin_x_landform,0.005484460694698354,0.004798720341242335,6.857403534560194e-4,1.1429006703229738,low_n_descriptive_only,FALSE
Jo->Ya,2,B_830305_35_LF_CLASS::台地・段丘,多摩川 / basin 35 / 台地・段丘,drop,15,18,0.8333333333333334,3108,3751,watersystem_x_unit_basin_x_landform,0.004826254826254826,0.004798720341242335,2.7534485012491172e-5,1.0057378807378807,low_n_descriptive_only,FALSE
Jo->Ya,2,B_830305_35_LF_CLASS::山地斜面等,多摩川 / basin 35 / 山地斜面等,continue,9,37,0.24324324324324326,547,3751,watersystem_x_unit_basin_x_landform,0.016453382084095063,0.009864036256998134,0.006589345827096929,1.6680171945254212,eligible,FALSE
Jo->Ya,2,B_830305_35_LF_CLASS::山地斜面等,多摩川 / basin 35 / 山地斜面等,drop,28,37,0.7567567567567568,3108,3751,watersystem_x_unit_basin_x_landform,0.009009009009009009,0.009864036256998134,-8.550272479891253e-4,0.9133187241295349,eligible,FALSE
Jo->Ya,2,B_830305_35_LF_CLASS::山麓堆積地形,多摩川 / basin 35 / 山麓堆積地形,drop,3,3,1,3108,3751,watersystem_x_unit_basin_x_landform,9.652509652509653e-4,7.997867235403892e-4,1.6546424171057607e-4,1.206885456885457,low_n_descriptive_only,FALSE
Jo->Ya,2,B_830305_35_LF_CLASS::氾濫平野・海岸平野,多摩川 / basin 35 / 氾濫平野・海岸平野,drop,5,5,1,3108,3751,watersystem_x_unit_basin_x_landform,0.0016087516087516086,0.0013329778725673154,2.757737361842932e-4,1.2068854568854568,low_n_descriptive_only,FALSE
Jo->Ya,2,B_830305_36_LF_CLASS::台地・段丘,多摩川 / basin 36 / 台地・段丘,continue,3,6,0.5,547,3751,watersystem_x_unit_basin_x_landform,0.005484460694698354,0.0015995734470807784,0.003884887247617576,3.4287020109689212,low_n_descriptive_only,FALSE
Jo->Ya,2,B_830305_36_LF_CLASS::台地・段丘,多摩川 / basin 36 / 台地・段丘,drop,3,6,0.5,3108,3751,watersystem_x_unit_basin_x_landform,9.652509652509653e-4,0.0015995734470807784,-6.343224818298131e-4,0.6034427284427285,low_n_descriptive_only,FALSE
Jo->Ya,2,B_830305_36_LF_CLASS::山地斜面等,多摩川 / basin 36 / 山地斜面等,continue,1,39,0.02564102564102564,547,3751,watersystem_x_unit_basin_x_landform,0.0018281535648994515,0.01039722740602506,-0.008569073841125608,0.1758308723573806,eligible,FALSE
Jo->Ya,2,B_830305_36_LF_CLASS::山地斜面等,多摩川 / basin 36 / 山地斜面等,drop,38,39,0.9743589743589743,3108,3751,watersystem_x_unit_basin_x_landform,0.012226512226512226,0.01039722740602506,0.0018292848204871665,1.1759396759396759,eligible,FALSE
Jo->Ya,2,B_830305_36_LF_CLASS::氾濫平野・海岸平野,多摩川 / basin 36 / 氾濫平野・海岸平野,drop,3,3,1,3108,3751,watersystem_x_unit_basin_x_landform,9.652509652509653e-4,7.997867235403892e-4,1.6546424171057607e-4,1.206885456885457,low_n_descriptive_only,FALSE
Jo->Ya,2,B_830305_37_LF_CLASS::台地・段丘,多摩川 / basin 37 / 台地・段丘,continue,2,5,0.4,547,3751,watersystem_x_unit_basin_x_landform,0.003656307129798903,0.0013329778725673154,0.0023233292572315874,2.742961608775137,low_n_descriptive_only,FALSE
Jo->Ya,2,B_830305_37_LF_CLASS::台地・段丘,多摩川 / basin 37 / 台地・段丘,drop,2,5,0.4,3108,3751,watersystem_x_unit_basin_x_landform,6.435006435006435e-4,0.0013329778725673154,-6.89477229066672e-4,0.4827541827541827,low_n_descriptive_only,FALSE
Jo->Ya,2,B_830305_37_LF_CLASS::台地・段丘,多摩川 / basin 37 / 台地・段丘,new,1,5,0.2,96,3751,watersystem_x_unit_basin_x_landform,0.010416666666666666,0.0013329778725673154,0.00908368879409935,7.814583333333332,low_n_descriptive_only,FALSE
Jo->Ya,2,B_830305_37_LF_CLASS::山地斜面等,多摩川 / basin 37 / 山地斜面等,continue,1,2,0.5,547,3751,watersystem_x_unit_basin_x_landform,0.0018281535648994515,5.331911490269261e-4,0.0012949624158725254,3.4287020109689217,low_n_descriptive_only,FALSE
Jo->Ya,2,B_830305_37_LF_CLASS::山地斜面等,多摩川 / basin 37 / 山地斜面等,drop,1,2,0.5,3108,3751,watersystem_x_unit_basin_x_landform,3.2175032175032174e-4,5.331911490269261e-4,-2.114408272766044e-4,0.6034427284427284,low_n_descriptive_only,FALSE
Jo->Ya,2,B_830305_38_LF_CLASS::台地・段丘,多摩川 / basin 38 / 台地・段丘,continue,1,4,0.25,547,3751,watersystem_x_unit_basin_x_landform,0.0018281535648994515,0.0010663822980538523,7.617712668455993e-4,1.7143510054844608,low_n_descriptive_only,FALSE
Jo->Ya,2,B_830305_38_LF_CLASS::台地・段丘,多摩川 / basin 38 / 台地・段丘,drop,3,4,0.75,3108,3751,watersystem_x_unit_basin_x_landform,9.652509652509653e-4,0.0010663822980538523,-1.0113133280288699e-4,0.9051640926640927,low_n_descriptive_only,FALSE
Jo->Ya,2,B_830305_38_LF_CLASS::山地斜面等,多摩川 / basin 38 / 山地斜面等,drop,1,1,1,3108,3751,watersystem_x_unit_basin_x_landform,3.2175032175032174e-4,2.6659557451346307e-4,5.515474723685867e-5,1.2068854568854568,low_n_descriptive_only,FALSE
Jo->Ya,2,B_830305_39_LF_CLASS::台地・段丘,多摩川 / basin 39 / 台地・段丘,drop,2,2,1,3108,3751,watersystem_x_unit_basin_x_landform,6.435006435006435e-4,5.331911490269261e-4,1.1030949447371735e-4,1.2068854568854568,low_n_descriptive_only,FALSE
Jo->Ya,2,B_830305_3_LF_CLASS::台地・段丘,多摩川 / basin 3 / 台地・段丘,continue,2,6,0.3333333333333333,547,3751,watersystem_x_unit_basin_x_landform,0.003656307129798903,0.0015995734470807784,0.002056733682718125,2.2858013406459476,low_n_descriptive_only,FALSE
Jo->Ya,2,B_830305_3_LF_CLASS::台地・段丘,多摩川 / basin 3 / 台地・段丘,drop,4,6,0.6666666666666666,3108,3751,watersystem_x_unit_basin_x_landform,0.001287001287001287,0.0015995734470807784,-3.1257216007949144e-4,0.8045903045903046,low_n_descriptive_only,FALSE
Jo->Ya,2,B_830305_3_LF_CLASS::山地斜面等,多摩川 / basin 3 / 山地斜面等,drop,3,3,1,3108,3751,watersystem_x_unit_basin_x_landform,9.652509652509653e-4,7.997867235403892e-4,1.6546424171057607e-4,1.206885456885457,low_n_descriptive_only,FALSE
Jo->Ya,2,B_830305_40_LF_CLASS::凹地・浅い谷,多摩川 / basin 40 / 凹地・浅い谷,continue,1,2,0.5,547,3751,watersystem_x_unit_basin_x_landform,0.0018281535648994515,5.331911490269261e-4,0.0012949624158725254,3.4287020109689217,low_n_descriptive_only,FALSE
Jo->Ya,2,B_830305_40_LF_CLASS::凹地・浅い谷,多摩川 / basin 40 / 凹地・浅い谷,drop,1,2,0.5,3108,3751,watersystem_x_unit_basin_x_landform,3.2175032175032174e-4,5.331911490269261e-4,-2.114408272766044e-4,0.6034427284427284,low_n_descriptive_only,FALSE
Jo->Ya,2,B_830305_40_LF_CLASS::台地・段丘,多摩川 / basin 40 / 台地・段丘,continue,12,28,0.42857142857142855,547,3751,watersystem_x_unit_basin_x_landform,0.021937842778793418,0.007464676086376966,0.014473166692416451,2.938887437973361,eligible,FALSE
Jo->Ya,2,B_830305_40_LF_CLASS::台地・段丘,多摩川 / basin 40 / 台地・段丘,drop,16,28,0.5714285714285714,3108,3751,watersystem_x_unit_basin_x_landform,0.005148005148005148,0.007464676086376966,-0.0023166709383718185,0.6896488325059753,eligible,FALSE
Jo->Ya,2,B_830305_40_LF_CLASS::山地斜面等,多摩川 / basin 40 / 山地斜面等,continue,4,26,0.15384615384615385,547,3751,watersystem_x_unit_basin_x_landform,0.007312614259597806,0.00693148493735004,3.811293222477658e-4,1.0549852341442834,eligible,FALSE
Jo->Ya,2,B_830305_40_LF_CLASS::山地斜面等,多摩川 / basin 40 / 山地斜面等,drop,22,26,0.8461538461538461,3108,3751,watersystem_x_unit_basin_x_landform,0.007078507078507079,0.00693148493735004,1.4702214115703844e-4,1.0212107712107712,eligible,FALSE
Jo->Ya,2,B_830305_40_LF_CLASS::山麓堆積地形,多摩川 / basin 40 / 山麓堆積地形,drop,1,1,1,3108,3751,watersystem_x_unit_basin_x_landform,3.2175032175032174e-4,2.6659557451346307e-4,5.515474723685867e-5,1.2068854568854568,low_n_descriptive_only,FALSE
Jo->Ya,2,B_830305_40_LF_CLASS::崖・段丘崖,多摩川 / basin 40 / 崖・段丘崖,drop,1,1,1,3108,3751,watersystem_x_unit_basin_x_landform,3.2175032175032174e-4,2.6659557451346307e-4,5.515474723685867e-5,1.2068854568854568,low_n_descriptive_only,FALSE
Jo->Ya,2,B_830305_40_LF_CLASS::氾濫平野・海岸平野,多摩川 / basin 40 / 氾濫平野・海岸平野,drop,1,1,1,3108,3751,watersystem_x_unit_basin_x_landform,3.2175032175032174e-4,2.6659557451346307e-4,5.515474723685867e-5,1.2068854568854568,low_n_descriptive_only,FALSE
Jo->Ya,2,B_830305_41_LF_CLASS::台地・段丘,多摩川 / basin 41 / 台地・段丘,continue,4,6,0.6666666666666666,547,3751,watersystem_x_unit_basin_x_landform,0.007312614259597806,0.0015995734470807784,0.005713040812517028,4.571602681291895,low_n_descriptive_only,FALSE
Jo->Ya,2,B_830305_41_LF_CLASS::台地・段丘,多摩川 / basin 41 / 台地・段丘,drop,2,6,0.3333333333333333,3108,3751,watersystem_x_unit_basin_x_landform,6.435006435006435e-4,0.0015995734470807784,-9.560728035801349e-4,0.4022951522951523,low_n_descriptive_only,FALSE
Jo->Ya,2,B_830305_41_LF_CLASS::山地斜面等,多摩川 / basin 41 / 山地斜面等,drop,1,1,1,3108,3751,watersystem_x_unit_basin_x_landform,3.2175032175032174e-4,2.6659557451346307e-4,5.515474723685867e-5,1.2068854568854568,low_n_descriptive_only,FALSE
Jo->Ya,2,B_830305_41_LF_CLASS::氾濫平野・海岸平野,多摩川 / basin 41 / 氾濫平野・海岸平野,drop,1,1,1,3108,3751,watersystem_x_unit_basin_x_landform,3.2175032175032174e-4,2.6659557451346307e-4,5.515474723685867e-5,1.2068854568854568,low_n_descriptive_only,FALSE
Jo->Ya,2,B_830305_42_LF_CLASS::台地・段丘,多摩川 / basin 42 / 台地・段丘,drop,17,17,1,3108,3751,watersystem_x_unit_basin_x_landform,0.0054697554697554695,0.0045321247667288725,9.376307030265971e-4,1.2068854568854568,low_n_descriptive_only,FALSE
Jo->Ya,2,B_830305_42_LF_CLASS::山地斜面等,多摩川 / basin 42 / 山地斜面等,drop,3,3,1,3108,3751,watersystem_x_unit_basin_x_landform,9.652509652509653e-4,7.997867235403892e-4,1.6546424171057607e-4,1.206885456885457,low_n_descriptive_only,FALSE
Jo->Ya,2,B_830305_42_LF_CLASS::崖・段丘崖,多摩川 / basin 42 / 崖・段丘崖,drop,1,1,1,3108,3751,watersystem_x_unit_basin_x_landform,3.2175032175032174e-4,2.6659557451346307e-4,5.515474723685867e-5,1.2068854568854568,low_n_descriptive_only,FALSE
Jo->Ya,2,B_830305_43_LF_CLASS::凹地・浅い谷,多摩川 / basin 43 / 凹地・浅い谷,continue,1,1,1,547,3751,watersystem_x_unit_basin_x_landform,0.0018281535648994515,2.6659557451346307e-4,0.0015615579903859884,6.857404021937843,low_n_descriptive_only,FALSE
Jo->Ya,2,B_830305_43_LF_CLASS::台地・段丘,多摩川 / basin 43 / 台地・段丘,continue,2,36,0.05555555555555555,547,3751,watersystem_x_unit_basin_x_landform,0.003656307129798903,0.00959744068248467,-0.005941133552685766,0.38096689010765794,eligible,FALSE
Jo->Ya,2,B_830305_43_LF_CLASS::台地・段丘,多摩川 / basin 43 / 台地・段丘,drop,34,36,0.9444444444444444,3108,3751,watersystem_x_unit_basin_x_landform,0.010939510939510939,0.00959744068248467,0.001342070257026269,1.139836264836265,eligible,FALSE
Jo->Ya,2,B_830305_43_LF_CLASS::山地斜面等,多摩川 / basin 43 / 山地斜面等,drop,5,6,0.8333333333333334,3108,3751,watersystem_x_unit_basin_x_landform,0.0016087516087516086,0.0015995734470807784,9.178161670830246e-6,1.0057378807378807,low_n_descriptive_only,FALSE
Jo->Ya,2,B_830305_43_LF_CLASS::山地斜面等,多摩川 / basin 43 / 山地斜面等,new,1,6,0.16666666666666666,96,3751,watersystem_x_unit_basin_x_landform,0.010416666666666666,0.0015995734470807784,0.008817093219585887,6.512152777777778,low_n_descriptive_only,FALSE
Jo->Ya,2,B_830305_43_LF_CLASS::崖・段丘崖,多摩川 / basin 43 / 崖・段丘崖,drop,1,1,1,3108,3751,watersystem_x_unit_basin_x_landform,3.2175032175032174e-4,2.6659557451346307e-4,5.515474723685867e-5,1.2068854568854568,low_n_descriptive_only,FALSE
Jo->Ya,2,B_830305_44_LF_CLASS::台地・段丘,多摩川 / basin 44 / 台地・段丘,continue,1,3,0.3333333333333333,547,3751,watersystem_x_unit_basin_x_landform,0.0018281535648994515,7.997867235403892e-4,0.0010283668413590625,2.2858013406459476,low_n_descriptive_only,FALSE
Jo->Ya,2,B_830305_44_LF_CLASS::台地・段丘,多摩川 / basin 44 / 台地・段丘,drop,2,3,0.6666666666666666,3108,3751,watersystem_x_unit_basin_x_landform,6.435006435006435e-4,7.997867235403892e-4,-1.5628608003974572e-4,0.8045903045903046,low_n_descriptive_only,FALSE
Jo->Ya,2,B_830305_44_LF_CLASS::山地斜面等,多摩川 / basin 44 / 山地斜面等,drop,8,8,1,3108,3751,watersystem_x_unit_basin_x_landform,0.002574002574002574,0.0021327645961077045,4.412379778948694e-4,1.2068854568854568,low_n_descriptive_only,FALSE
Jo->Ya,2,B_830305_44_LF_CLASS::氾濫平野・海岸平野,多摩川 / basin 44 / 氾濫平野・海岸平野,drop,2,2,1,3108,3751,watersystem_x_unit_basin_x_landform,6.435006435006435e-4,5.331911490269261e-4,1.1030949447371735e-4,1.2068854568854568,low_n_descriptive_only,FALSE
Jo->Ya,2,B_830305_46_LF_CLASS::台地・段丘,多摩川 / basin 46 / 台地・段丘,continue,1,14,0.07142857142857142,547,3751,watersystem_x_unit_basin_x_landform,0.0018281535648994515,0.003732338043188483,-0.0019041844782890316,0.4898145729955602,low_n_descriptive_only,FALSE
Jo->Ya,2,B_830305_46_LF_CLASS::台地・段丘,多摩川 / basin 46 / 台地・段丘,drop,13,14,0.9285714285714286,3108,3751,watersystem_x_unit_basin_x_landform,0.004182754182754183,0.003732338043188483,4.5041613956569963e-4,1.1206793528222099,low_n_descriptive_only,FALSE
Jo->Ya,2,B_830305_46_LF_CLASS::山地斜面等,多摩川 / basin 46 / 山地斜面等,drop,2,2,1,3108,3751,watersystem_x_unit_basin_x_landform,6.435006435006435e-4,5.331911490269261e-4,1.1030949447371735e-4,1.2068854568854568,low_n_descriptive_only,FALSE
Jo->Ya,2,B_830305_46_LF_CLASS::山麓堆積地形,多摩川 / basin 46 / 山麓堆積地形,drop,1,1,1,3108,3751,watersystem_x_unit_basin_x_landform,3.2175032175032174e-4,2.6659557451346307e-4,5.515474723685867e-5,1.2068854568854568,low_n_descriptive_only,FALSE
Jo->Ya,2,B_830305_46_LF_CLASS::崖・段丘崖,多摩川 / basin 46 / 崖・段丘崖,drop,1,1,1,3108,3751,watersystem_x_unit_basin_x_landform,3.2175032175032174e-4,2.6659557451346307e-4,5.515474723685867e-5,1.2068854568854568,low_n_descriptive_only,FALSE
Jo->Ya,2,B_830305_46_LF_CLASS::氾濫平野・海岸平野,多摩川 / basin 46 / 氾濫平野・海岸平野,drop,1,1,1,3108,3751,watersystem_x_unit_basin_x_landform,3.2175032175032174e-4,2.6659557451346307e-4,5.515474723685867e-5,1.2068854568854568,low_n_descriptive_only,FALSE
Jo->Ya,2,B_830305_47_LF_CLASS::台地・段丘,多摩川 / basin 47 / 台地・段丘,continue,1,1,1,547,3751,watersystem_x_unit_basin_x_landform,0.0018281535648994515,2.6659557451346307e-4,0.0015615579903859884,6.857404021937843,low_n_descriptive_only,FALSE
Jo->Ya,2,B_830305_48_LF_CLASS::台地・段丘,多摩川 / basin 48 / 台地・段丘,continue,2,8,0.25,547,3751,watersystem_x_unit_basin_x_landform,0.003656307129798903,0.0021327645961077045,0.0015235425336911986,1.7143510054844608,low_n_descriptive_only,FALSE
Jo->Ya,2,B_830305_48_LF_CLASS::台地・段丘,多摩川 / basin 48 / 台地・段丘,drop,6,8,0.75,3108,3751,watersystem_x_unit_basin_x_landform,0.0019305019305019305,0.0021327645961077045,-2.0226266560577398e-4,0.9051640926640927,low_n_descriptive_only,FALSE
Jo->Ya,2,B_830305_48_LF_CLASS::山地斜面等,多摩川 / basin 48 / 山地斜面等,continue,3,8,0.375,547,3751,watersystem_x_unit_basin_x_landform,0.005484460694698354,0.0021327645961077045,0.00335169609859065,2.571526508226691,low_n_descriptive_only,FALSE
Jo->Ya,2,B_830305_48_LF_CLASS::山地斜面等,多摩川 / basin 48 / 山地斜面等,drop,4,8,0.5,3108,3751,watersystem_x_unit_basin_x_landform,0.001287001287001287,0.0021327645961077045,-8.457633091064176e-4,0.6034427284427284,low_n_descriptive_only,FALSE
Jo->Ya,2,B_830305_48_LF_CLASS::山地斜面等,多摩川 / basin 48 / 山地斜面等,new,1,8,0.125,96,3751,watersystem_x_unit_basin_x_landform,0.010416666666666666,0.0021327645961077045,0.00828390207055896,4.884114583333333,low_n_descriptive_only,FALSE
Jo->Ya,2,B_830305_48_LF_CLASS::扇状地,多摩川 / basin 48 / 扇状地,drop,1,1,1,3108,3751,watersystem_x_unit_basin_x_landform,3.2175032175032174e-4,2.6659557451346307e-4,5.515474723685867e-5,1.2068854568854568,low_n_descriptive_only,FALSE
Jo->Ya,2,B_830305_48_LF_CLASS::氾濫平野・海岸平野,多摩川 / basin 48 / 氾濫平野・海岸平野,drop,2,2,1,3108,3751,watersystem_x_unit_basin_x_landform,6.435006435006435e-4,5.331911490269261e-4,1.1030949447371735e-4,1.2068854568854568,low_n_descriptive_only,FALSE
Jo->Ya,2,B_830305_49_LF_CLASS::山地斜面等,多摩川 / basin 49 / 山地斜面等,drop,2,2,1,3108,3751,watersystem_x_unit_basin_x_landform,6.435006435006435e-4,5.331911490269261e-4,1.1030949447371735e-4,1.2068854568854568,low_n_descriptive_only,FALSE
Jo->Ya,2,B_830305_49_LF_CLASS::氾濫平野・海岸平野,多摩川 / basin 49 / 氾濫平野・海岸平野,drop,1,1,1,3108,3751,watersystem_x_unit_basin_x_landform,3.2175032175032174e-4,2.6659557451346307e-4,5.515474723685867e-5,1.2068854568854568,low_n_descriptive_only,FALSE
Jo->Ya,2,B_830305_50_LF_CLASS::台地・段丘,多摩川 / basin 50 / 台地・段丘,continue,1,5,0.2,547,3751,watersystem_x_unit_basin_x_landform,0.0018281535648994515,0.0013329778725673154,4.951756923321361e-4,1.3714808043875686,low_n_descriptive_only,FALSE
Jo->Ya,2,B_830305_50_LF_CLASS::台地・段丘,多摩川 / basin 50 / 台地・段丘,drop,4,5,0.8,3108,3751,watersystem_x_unit_basin_x_landform,0.001287001287001287,0.0013329778725673154,-4.597658556602848e-5,0.9655083655083654,low_n_descriptive_only,FALSE
Jo->Ya,2,B_830305_51_LF_CLASS::台地・段丘,多摩川 / basin 51 / 台地・段丘,drop,3,3,1,3108,3751,watersystem_x_unit_basin_x_landform,9.652509652509653e-4,7.997867235403892e-4,1.6546424171057607e-4,1.206885456885457,low_n_descriptive_only,FALSE
Jo->Ya,2,B_830305_51_LF_CLASS::山地斜面等,多摩川 / basin 51 / 山地斜面等,drop,2,2,1,3108,3751,watersystem_x_unit_basin_x_landform,6.435006435006435e-4,5.331911490269261e-4,1.1030949447371735e-4,1.2068854568854568,low_n_descriptive_only,FALSE
Jo->Ya,2,B_830305_51_LF_CLASS::氾濫平野・海岸平野,多摩川 / basin 51 / 氾濫平野・海岸平野,drop,1,1,1,3108,3751,watersystem_x_unit_basin_x_landform,3.2175032175032174e-4,2.6659557451346307e-4,5.515474723685867e-5,1.2068854568854568,low_n_descriptive_only,FALSE
Jo->Ya,2,B_830305_52_LF_CLASS::台地・段丘,多摩川 / basin 52 / 台地・段丘,drop,5,5,1,3108,3751,watersystem_x_unit_basin_x_landform,0.0016087516087516086,0.0013329778725673154,2.757737361842932e-4,1.2068854568854568,low_n_descriptive_only,FALSE
Jo->Ya,2,B_830305_55_LF_CLASS::台地・段丘,多摩川 / basin 55 / 台地・段丘,drop,3,3,1,3108,3751,watersystem_x_unit_basin_x_landform,9.652509652509653e-4,7.997867235403892e-4,1.6546424171057607e-4,1.206885456885457,low_n_descriptive_only,FALSE
Jo->Ya,2,B_830305_55_LF_CLASS::氾濫平野・海岸平野,多摩川 / basin 55 / 氾濫平野・海岸平野,drop,1,1,1,3108,3751,watersystem_x_unit_basin_x_landform,3.2175032175032174e-4,2.6659557451346307e-4,5.515474723685867e-5,1.2068854568854568,low_n_descriptive_only,FALSE
Jo->Ya,2,B_830305_56_LF_CLASS::台地・段丘,多摩川 / basin 56 / 台地・段丘,continue,1,9,0.1111111111111111,547,3751,watersystem_x_unit_basin_x_landform,0.0018281535648994515,0.0023993601706211675,-5.712066057217159e-4,0.7619337802153159,low_n_descriptive_only,FALSE
Jo->Ya,2,B_830305_56_LF_CLASS::台地・段丘,多摩川 / basin 56 / 台地・段丘,drop,8,9,0.8888888888888888,3108,3751,watersystem_x_unit_basin_x_landform,0.002574002574002574,0.0023993601706211675,1.7464240338140643e-4,1.0727870727870727,low_n_descriptive_only,FALSE
Jo->Ya,2,B_830305_56_LF_CLASS::山地斜面等,多摩川 / basin 56 / 山地斜面等,continue,1,1,1,547,3751,watersystem_x_unit_basin_x_landform,0.0018281535648994515,2.6659557451346307e-4,0.0015615579903859884,6.857404021937843,low_n_descriptive_only,FALSE
Jo->Ya,2,B_830305_57_LF_CLASS::台地・段丘,多摩川 / basin 57 / 台地・段丘,drop,1,1,1,3108,3751,watersystem_x_unit_basin_x_landform,3.2175032175032174e-4,2.6659557451346307e-4,5.515474723685867e-5,1.2068854568854568,low_n_descriptive_only,FALSE
Jo->Ya,2,B_830305_57_LF_CLASS::崖・段丘崖,多摩川 / basin 57 / 崖・段丘崖,drop,1,1,1,3108,3751,watersystem_x_unit_basin_x_landform,3.2175032175032174e-4,2.6659557451346307e-4,5.515474723685867e-5,1.2068854568854568,low_n_descriptive_only,FALSE
Jo->Ya,2,B_830305_58_LF_CLASS::氾濫平野・海岸平野,多摩川 / basin 58 / 氾濫平野・海岸平野,drop,1,1,1,3108,3751,watersystem_x_unit_basin_x_landform,3.2175032175032174e-4,2.6659557451346307e-4,5.515474723685867e-5,1.2068854568854568,low_n_descriptive_only,FALSE
Jo->Ya,2,B_830305_5_LF_CLASS::凹地・浅い谷,多摩川 / basin 5 / 凹地・浅い谷,drop,1,1,1,3108,3751,watersystem_x_unit_basin_x_landform,3.2175032175032174e-4,2.6659557451346307e-4,5.515474723685867e-5,1.2068854568854568,low_n_descriptive_only,FALSE
Jo->Ya,2,B_830305_5_LF_CLASS::台地・段丘,多摩川 / basin 5 / 台地・段丘,drop,3,3,1,3108,3751,watersystem_x_unit_basin_x_landform,9.652509652509653e-4,7.997867235403892e-4,1.6546424171057607e-4,1.206885456885457,low_n_descriptive_only,FALSE
Jo->Ya,2,B_830305_5_LF_CLASS::山地斜面等,多摩川 / basin 5 / 山地斜面等,drop,1,1,1,3108,3751,watersystem_x_unit_basin_x_landform,3.2175032175032174e-4,2.6659557451346307e-4,5.515474723685867e-5,1.2068854568854568,low_n_descriptive_only,FALSE
Jo->Ya,2,B_830305_71_LF_CLASS::台地・段丘,多摩川 / basin 71 / 台地・段丘,continue,1,1,1,547,3751,watersystem_x_unit_basin_x_landform,0.0018281535648994515,2.6659557451346307e-4,0.0015615579903859884,6.857404021937843,low_n_descriptive_only,FALSE
Jo->Ya,2,B_830305_72_LF_CLASS::台地・段丘,多摩川 / basin 72 / 台地・段丘,drop,2,2,1,3108,3751,watersystem_x_unit_basin_x_landform,6.435006435006435e-4,5.331911490269261e-4,1.1030949447371735e-4,1.2068854568854568,low_n_descriptive_only,FALSE
Jo->Ya,2,B_830305_72_LF_CLASS::山地斜面等,多摩川 / basin 72 / 山地斜面等,drop,7,7,1,3108,3751,watersystem_x_unit_basin_x_landform,0.0022522522522522522,0.0018661690215942416,3.8608323065801066e-4,1.2068854568854568,low_n_descriptive_only,FALSE
Jo->Ya,2,B_830305_72_LF_CLASS::氾濫平野・海岸平野,多摩川 / basin 72 / 氾濫平野・海岸平野,drop,1,1,1,3108,3751,watersystem_x_unit_basin_x_landform,3.2175032175032174e-4,2.6659557451346307e-4,5.515474723685867e-5,1.2068854568854568,low_n_descriptive_only,FALSE
Jo->Ya,2,B_830305_73_LF_CLASS::台地・段丘,多摩川 / basin 73 / 台地・段丘,drop,4,4,1,3108,3751,watersystem_x_unit_basin_x_landform,0.001287001287001287,0.0010663822980538523,2.206189889474347e-4,1.2068854568854568,low_n_descriptive_only,FALSE
Jo->Ya,2,B_830305_73_LF_CLASS::山地斜面等,多摩川 / basin 73 / 山地斜面等,drop,1,1,1,3108,3751,watersystem_x_unit_basin_x_landform,3.2175032175032174e-4,2.6659557451346307e-4,5.515474723685867e-5,1.2068854568854568,low_n_descriptive_only,FALSE
Jo->Ya,2,B_830305_74_LF_CLASS::台地・段丘,多摩川 / basin 74 / 台地・段丘,drop,1,1,1,3108,3751,watersystem_x_unit_basin_x_landform,3.2175032175032174e-4,2.6659557451346307e-4,5.515474723685867e-5,1.2068854568854568,low_n_descriptive_only,FALSE
Jo->Ya,2,B_830305_75_LF_CLASS::台地・段丘,多摩川 / basin 75 / 台地・段丘,continue,1,5,0.2,547,3751,watersystem_x_unit_basin_x_landform,0.0018281535648994515,0.0013329778725673154,4.951756923321361e-4,1.3714808043875686,low_n_descriptive_only,FALSE
Jo->Ya,2,B_830305_75_LF_CLASS::台地・段丘,多摩川 / basin 75 / 台地・段丘,drop,4,5,0.8,3108,3751,watersystem_x_unit_basin_x_landform,0.001287001287001287,0.0013329778725673154,-4.597658556602848e-5,0.9655083655083654,low_n_descriptive_only,FALSE
Jo->Ya,2,B_830305_75_LF_CLASS::山地斜面等,多摩川 / basin 75 / 山地斜面等,drop,1,1,1,3108,3751,watersystem_x_unit_basin_x_landform,3.2175032175032174e-4,2.6659557451346307e-4,5.515474723685867e-5,1.2068854568854568,low_n_descriptive_only,FALSE
Jo->Ya,2,B_830305_75_LF_CLASS::山麓堆積地形,多摩川 / basin 75 / 山麓堆積地形,drop,1,1,1,3108,3751,watersystem_x_unit_basin_x_landform,3.2175032175032174e-4,2.6659557451346307e-4,5.515474723685867e-5,1.2068854568854568,low_n_descriptive_only,FALSE
Jo->Ya,2,B_830305_76_LF_CLASS::山地斜面等,多摩川 / basin 76 / 山地斜面等,drop,1,1,1,3108,3751,watersystem_x_unit_basin_x_landform,3.2175032175032174e-4,2.6659557451346307e-4,5.515474723685867e-5,1.2068854568854568,low_n_descriptive_only,FALSE
Jo->Ya,2,B_830305_8_LF_CLASS::台地・段丘,多摩川 / basin 8 / 台地・段丘,continue,5,17,0.29411764705882354,547,3751,watersystem_x_unit_basin_x_landform,0.009140767824497258,0.0045321247667288725,0.0046086430577683855,2.0168835358640713,low_n_descriptive_only,FALSE
Jo->Ya,2,B_830305_8_LF_CLASS::台地・段丘,多摩川 / basin 8 / 台地・段丘,drop,12,17,0.7058823529411765,3108,3751,watersystem_x_unit_basin_x_landform,0.003861003861003861,0.0045321247667288725,-6.711209057250114e-4,0.8519191460367931,low_n_descriptive_only,FALSE
Jo->Ya,2,B_830305_8_LF_CLASS::山地斜面等,多摩川 / basin 8 / 山地斜面等,drop,1,1,1,3108,3751,watersystem_x_unit_basin_x_landform,3.2175032175032174e-4,2.6659557451346307e-4,5.515474723685867e-5,1.2068854568854568,low_n_descriptive_only,FALSE
Jo->Ya,2,B_830305_8_LF_CLASS::氾濫平野・海岸平野,多摩川 / basin 8 / 氾濫平野・海岸平野,continue,1,1,1,547,3751,watersystem_x_unit_basin_x_landform,0.0018281535648994515,2.6659557451346307e-4,0.0015615579903859884,6.857404021937843,low_n_descriptive_only,FALSE
Jo->Ya,2,B_830305_9_LF_CLASS::氾濫平野・海岸平野,多摩川 / basin 9 / 氾濫平野・海岸平野,drop,1,1,1,3108,3751,watersystem_x_unit_basin_x_landform,3.2175032175032174e-4,2.6659557451346307e-4,5.515474723685867e-5,1.2068854568854568,low_n_descriptive_only,FALSE
Jo->Ya,2,B_830306_16_LF_CLASS::凹地・浅い谷,鶴見川 / basin 16 / 凹地・浅い谷,new,1,1,1,96,3751,watersystem_x_unit_basin_x_landform,0.010416666666666666,2.6659557451346307e-4,0.010150071092153204,39.072916666666664,low_n_descriptive_only,FALSE
Jo->Ya,2,B_830306_16_LF_CLASS::台地・段丘,鶴見川 / basin 16 / 台地・段丘,continue,11,54,0.2037037037037037,547,3751,watersystem_x_unit_basin_x_landform,0.02010968921389397,0.014396161023727006,0.005713528190166963,1.3968785970614126,eligible,FALSE
Jo->Ya,2,B_830306_16_LF_CLASS::台地・段丘,鶴見川 / basin 16 / 台地・段丘,drop,43,54,0.7962962962962963,3108,3751,watersystem_x_unit_basin_x_landform,0.013835263835263836,0.014396161023727006,-5.608971884631699e-4,0.9610384193717528,eligible,FALSE
Jo->Ya,2,B_830306_16_LF_CLASS::山地斜面等,鶴見川 / basin 16 / 山地斜面等,continue,5,65,0.07692307692307693,547,3751,watersystem_x_unit_basin_x_landform,0.009140767824497258,0.0173287123433751,-0.00818794451887784,0.5274926170721418,eligible,FALSE
Jo->Ya,2,B_830306_16_LF_CLASS::山地斜面等,鶴見川 / basin 16 / 山地斜面等,drop,60,65,0.9230769230769231,3108,3751,watersystem_x_unit_basin_x_landform,0.019305019305019305,0.0173287123433751,0.001976306961644206,1.114048114048114,eligible,FALSE
Jo->Ya,2,B_830306_16_LF_CLASS::山麓堆積地形,鶴見川 / basin 16 / 山麓堆積地形,drop,2,2,1,3108,3751,watersystem_x_unit_basin_x_landform,6.435006435006435e-4,5.331911490269261e-4,1.1030949447371735e-4,1.2068854568854568,low_n_descriptive_only,FALSE
Jo->Ya,2,B_830306_16_LF_CLASS::崖・段丘崖,鶴見川 / basin 16 / 崖・段丘崖,drop,1,1,1,3108,3751,watersystem_x_unit_basin_x_landform,3.2175032175032174e-4,2.6659557451346307e-4,5.515474723685867e-5,1.2068854568854568,low_n_descriptive_only,FALSE
Jo->Ya,2,B_830306_16_LF_CLASS::水部,鶴見川 / basin 16 / 水部,drop,2,2,1,3108,3751,watersystem_x_unit_basin_x_landform,6.435006435006435e-4,5.331911490269261e-4,1.1030949447371735e-4,1.2068854568854568,low_n_descriptive_only,FALSE
Jo->Ya,2,B_830306_16_LF_CLASS::氾濫平野・海岸平野,鶴見川 / basin 16 / 氾濫平野・海岸平野,drop,8,8,1,3108,3751,watersystem_x_unit_basin_x_landform,0.002574002574002574,0.0021327645961077045,4.412379778948694e-4,1.2068854568854568,low_n_descriptive_only,FALSE
Jo->Ya,2,B_830306_16_LF_CLASS::自然堤防,鶴見川 / basin 16 / 自然堤防,drop,2,2,1,3108,3751,watersystem_x_unit_basin_x_landform,6.435006435006435e-4,5.331911490269261e-4,1.1030949447371735e-4,1.2068854568854568,low_n_descriptive_only,FALSE
Jo->Ya,2,B_830306_17_LF_CLASS::台地・段丘,鶴見川 / basin 17 / 台地・段丘,continue,2,3,0.6666666666666666,547,3751,watersystem_x_unit_basin_x_landform,0.003656307129798903,7.997867235403892e-4,0.002856520406258514,4.571602681291895,low_n_descriptive_only,FALSE
Jo->Ya,2,B_830306_17_LF_CLASS::台地・段丘,鶴見川 / basin 17 / 台地・段丘,drop,1,3,0.3333333333333333,3108,3751,watersystem_x_unit_basin_x_landform,3.2175032175032174e-4,7.997867235403892e-4,-4.7803640179006746e-4,0.4022951522951523,low_n_descriptive_only,FALSE
Jo->Ya,2,B_830306_17_LF_CLASS::山地斜面等,鶴見川 / basin 17 / 山地斜面等,drop,6,6,1,3108,3751,watersystem_x_unit_basin_x_landform,0.0019305019305019305,0.0015995734470807784,3.3092848342115215e-4,1.206885456885457,low_n_descriptive_only,FALSE
Jo->Ya,2,B_830306_19_LF_CLASS::台地・段丘,鶴見川 / basin 19 / 台地・段丘,continue,1,2,0.5,547,3751,watersystem_x_unit_basin_x_landform,0.0018281535648994515,5.331911490269261e-4,0.0012949624158725254,3.4287020109689217,low_n_descriptive_only,FALSE
Jo->Ya,2,B_830306_19_LF_CLASS::台地・段丘,鶴見川 / basin 19 / 台地・段丘,drop,1,2,0.5,3108,3751,watersystem_x_unit_basin_x_landform,3.2175032175032174e-4,5.331911490269261e-4,-2.114408272766044e-4,0.6034427284427284,low_n_descriptive_only,FALSE
Jo->Ya,2,B_830306_19_LF_CLASS::山地斜面等,鶴見川 / basin 19 / 山地斜面等,drop,19,19,1,3108,3751,watersystem_x_unit_basin_x_landform,0.006113256113256113,0.005065315915755798,0.0010479401975003145,1.2068854568854568,low_n_descriptive_only,FALSE
Jo->Ya,2,B_830306_19_LF_CLASS::氾濫平野・海岸平野,鶴見川 / basin 19 / 氾濫平野・海岸平野,drop,2,2,1,3108,3751,watersystem_x_unit_basin_x_landform,6.435006435006435e-4,5.331911490269261e-4,1.1030949447371735e-4,1.2068854568854568,low_n_descriptive_only,FALSE
Jo->Ya,2,B_830306_20_LF_CLASS::台地・段丘,鶴見川 / basin 20 / 台地・段丘,continue,10,28,0.35714285714285715,547,3751,watersystem_x_unit_basin_x_landform,0.018281535648994516,0.007464676086376966,0.01081685956261755,2.449072864977801,eligible,FALSE
Jo->Ya,2,B_830306_20_LF_CLASS::台地・段丘,鶴見川 / basin 20 / 台地・段丘,drop,18,28,0.6428571428571429,3108,3751,watersystem_x_unit_basin_x_landform,0.005791505791505791,0.007464676086376966,-0.001673170294871175,0.7758549365692222,eligible,FALSE
Jo->Ya,2,B_830306_20_LF_CLASS::山地斜面等,鶴見川 / basin 20 / 山地斜面等,continue,26,255,0.10196078431372549,547,3751,watersystem_x_unit_basin_x_landform,0.04753199268738574,0.06798187150093309,-0.020449878813547345,0.6991862924328781,eligible,FALSE
Jo->Ya,2,B_830306_20_LF_CLASS::山地斜面等,鶴見川 / basin 20 / 山地斜面等,drop,226,255,0.8862745098039215,3108,3751,watersystem_x_unit_basin_x_landform,0.07271557271557272,0.06798187150093309,0.004733701214639632,1.0696318166906402,eligible,FALSE
Jo->Ya,2,B_830306_20_LF_CLASS::山地斜面等,鶴見川 / basin 20 / 山地斜面等,new,3,255,0.011764705882352941,96,3751,watersystem_x_unit_basin_x_landform,0.03125,0.06798187150093309,-0.036731871500933086,0.4596813725490196,eligible,FALSE
Jo->Ya,2,B_830306_20_LF_CLASS::山麓堆積地形,鶴見川 / basin 20 / 山麓堆積地形,continue,1,7,0.14285714285714285,547,3751,watersystem_x_unit_basin_x_landform,0.0018281535648994515,0.0018661690215942416,-3.8015456694790025e-5,0.9796291459911204,low_n_descriptive_only,FALSE
Jo->Ya,2,B_830306_20_LF_CLASS::山麓堆積地形,鶴見川 / basin 20 / 山麓堆積地形,drop,6,7,0.8571428571428571,3108,3751,watersystem_x_unit_basin_x_landform,0.0019305019305019305,0.0018661690215942416,6.433290890768897e-5,1.034473248758963,low_n_descriptive_only,FALSE
Jo->Ya,2,B_830306_20_LF_CLASS::崖・段丘崖,鶴見川 / basin 20 / 崖・段丘崖,continue,1,1,1,547,3751,watersystem_x_unit_basin_x_landform,0.0018281535648994515,2.6659557451346307e-4,0.0015615579903859884,6.857404021937843,low_n_descriptive_only,FALSE
Jo->Ya,2,B_830306_20_LF_CLASS::水部,鶴見川 / basin 20 / 水部,continue,1,2,0.5,547,3751,watersystem_x_unit_basin_x_landform,0.0018281535648994515,5.331911490269261e-4,0.0012949624158725254,3.4287020109689217,low_n_descriptive_only,FALSE
Jo->Ya,2,B_830306_20_LF_CLASS::水部,鶴見川 / basin 20 / 水部,drop,1,2,0.5,3108,3751,watersystem_x_unit_basin_x_landform,3.2175032175032174e-4,5.331911490269261e-4,-2.114408272766044e-4,0.6034427284427284,low_n_descriptive_only,FALSE
Jo->Ya,2,B_830306_20_LF_CLASS::氾濫平野・海岸平野,鶴見川 / basin 20 / 氾濫平野・海岸平野,continue,5,25,0.2,547,3751,watersystem_x_unit_basin_x_landform,0.009140767824497258,0.006664889362836577,0.002475878461660681,1.3714808043875686,eligible,FALSE
Jo->Ya,2,B_830306_20_LF_CLASS::氾濫平野・海岸平野,鶴見川 / basin 20 / 氾濫平野・海岸平野,drop,19,25,0.76,3108,3751,watersystem_x_unit_basin_x_landform,0.006113256113256113,0.006664889362836577,-5.516332495804641e-4,0.9172329472329471,eligible,FALSE
Jo->Ya,2,B_830306_20_LF_CLASS::氾濫平野・海岸平野,鶴見川 / basin 20 / 氾濫平野・海岸平野,new,1,25,0.04,96,3751,watersystem_x_unit_basin_x_landform,0.010416666666666666,0.006664889362836577,0.003751777303830089,1.5629166666666665,eligible,FALSE
Jo->Ya,2,B_830306_21_LF_CLASS::台地・段丘,鶴見川 / basin 21 / 台地・段丘,continue,1,5,0.2,547,3751,watersystem_x_unit_basin_x_landform,0.0018281535648994515,0.0013329778725673154,4.951756923321361e-4,1.3714808043875686,low_n_descriptive_only,FALSE
Jo->Ya,2,B_830306_21_LF_CLASS::台地・段丘,鶴見川 / basin 21 / 台地・段丘,drop,4,5,0.8,3108,3751,watersystem_x_unit_basin_x_landform,0.001287001287001287,0.0013329778725673154,-4.597658556602848e-5,0.9655083655083654,low_n_descriptive_only,FALSE
Jo->Ya,2,B_830306_21_LF_CLASS::山地斜面等,鶴見川 / basin 21 / 山地斜面等,continue,6,48,0.125,547,3751,watersystem_x_unit_basin_x_landform,0.010968921389396709,0.012796587576646227,-0.0018276661872495183,0.8571755027422303,eligible,FALSE
Jo->Ya,2,B_830306_21_LF_CLASS::山地斜面等,鶴見川 / basin 21 / 山地斜面等,drop,42,48,0.875,3108,3751,watersystem_x_unit_basin_x_landform,0.013513513513513514,0.012796587576646227,7.169259368672871e-4,1.0560247747747749,eligible,FALSE
Jo->Ya,2,B_830306_21_LF_CLASS::氾濫平野・海岸平野,鶴見川 / basin 21 / 氾濫平野・海岸平野,drop,6,6,1,3108,3751,watersystem_x_unit_basin_x_landform,0.0019305019305019305,0.0015995734470807784,3.3092848342115215e-4,1.206885456885457,low_n_descriptive_only,FALSE
Jo->Ya,2,B_unknown_0_LF_CLASS::凹地・浅い谷,古川・目黒川・立会川・呑川 / basin 0 / 凹地・浅い谷,continue,1,5,0.2,547,3751,watersystem_x_unit_basin_x_landform,0.0018281535648994515,0.0013329778725673154,4.951756923321361e-4,1.3714808043875686,low_n_descriptive_only,FALSE
Jo->Ya,2,B_unknown_0_LF_CLASS::凹地・浅い谷,古川・目黒川・立会川・呑川 / basin 0 / 凹地・浅い谷,drop,4,5,0.8,3108,3751,watersystem_x_unit_basin_x_landform,0.001287001287001287,0.0013329778725673154,-4.597658556602848e-5,0.9655083655083654,low_n_descriptive_only,FALSE
Jo->Ya,2,B_unknown_0_LF_CLASS::台地・段丘,古川・目黒川・立会川・呑川 / basin 0 / 台地・段丘,continue,32,163,0.19631901840490798,547,3751,watersystem_x_unit_basin_x_landform,0.05850091407678245,0.04345507864569448,0.015045835431087971,1.3462388263927054,eligible,FALSE
Jo->Ya,2,B_unknown_0_LF_CLASS::台地・段丘,古川・目黒川・立会川・呑川 / basin 0 / 台地・段丘,drop,121,163,0.7423312883435583,3108,3751,watersystem_x_unit_basin_x_landform,0.03893178893178893,0.04345507864569448,-0.004523289713905546,0.8959088360928853,eligible,FALSE
Jo->Ya,2,B_unknown_0_LF_CLASS::台地・段丘,古川・目黒川・立会川・呑川 / basin 0 / 台地・段丘,new,10,163,0.06134969325153374,96,3751,watersystem_x_unit_basin_x_landform,0.10416666666666667,0.04345507864569448,0.06071158802097219,2.397111451942741,eligible,FALSE
Jo->Ya,2,B_unknown_0_LF_CLASS::山地斜面等,古川・目黒川・立会川・呑川 / basin 0 / 山地斜面等,continue,4,61,0.06557377049180328,547,3751,watersystem_x_unit_basin_x_landform,0.007312614259597806,0.01626233004532125,-0.008949715785723442,0.4496658375041208,eligible,FALSE
Jo->Ya,2,B_unknown_0_LF_CLASS::山地斜面等,古川・目黒川・立会川・呑川 / basin 0 / 山地斜面等,drop,52,61,0.8524590163934426,3108,3751,watersystem_x_unit_basin_x_landform,0.01673101673101673,0.01626233004532125,4.6868668569548244e-4,1.0288203894761272,eligible,FALSE
Jo->Ya,2,B_unknown_0_LF_CLASS::山地斜面等,古川・目黒川・立会川・呑川 / basin 0 / 山地斜面等,new,5,61,0.08196721311475409,96,3751,watersystem_x_unit_basin_x_landform,0.052083333333333336,0.01626233004532125,0.03582100328801209,3.202698087431694,eligible,FALSE
Jo->Ya,2,B_unknown_0_LF_CLASS::崖・段丘崖,古川・目黒川・立会川・呑川 / basin 0 / 崖・段丘崖,continue,1,7,0.14285714285714285,547,3751,watersystem_x_unit_basin_x_landform,0.0018281535648994515,0.0018661690215942416,-3.8015456694790025e-5,0.9796291459911204,low_n_descriptive_only,FALSE
Jo->Ya,2,B_unknown_0_LF_CLASS::崖・段丘崖,古川・目黒川・立会川・呑川 / basin 0 / 崖・段丘崖,drop,6,7,0.8571428571428571,3108,3751,watersystem_x_unit_basin_x_landform,0.0019305019305019305,0.0018661690215942416,6.433290890768897e-5,1.034473248758963,low_n_descriptive_only,FALSE
Jo->Ya,2,B_unknown_0_LF_CLASS::後背低地・湿地,古川・目黒川・立会川・呑川 / basin 0 / 後背低地・湿地,drop,1,1,1,3108,3751,watersystem_x_unit_basin_x_landform,3.2175032175032174e-4,2.6659557451346307e-4,5.515474723685867e-5,1.2068854568854568,low_n_descriptive_only,FALSE
Jo->Ya,2,B_unknown_0_LF_CLASS::氾濫平野・海岸平野,古川・目黒川・立会川・呑川 / basin 0 / 氾濫平野・海岸平野,continue,2,9,0.2222222222222222,547,3751,watersystem_x_unit_basin_x_landform,0.003656307129798903,0.0023993601706211675,0.0012569469591777356,1.5238675604306318,low_n_descriptive_only,FALSE
Jo->Ya,2,B_unknown_0_LF_CLASS::氾濫平野・海岸平野,古川・目黒川・立会川・呑川 / basin 0 / 氾濫平野・海岸平野,drop,5,9,0.5555555555555556,3108,3751,watersystem_x_unit_basin_x_landform,0.0016087516087516086,0.0023993601706211675,-7.906085618695588e-4,0.6704919204919205,low_n_descriptive_only,FALSE
Jo->Ya,2,B_unknown_0_LF_CLASS::氾濫平野・海岸平野,古川・目黒川・立会川・呑川 / basin 0 / 氾濫平野・海岸平野,new,2,9,0.2222222222222222,96,3751,watersystem_x_unit_basin_x_landform,0.020833333333333332,0.0023993601706211675,0.018433973162712166,8.68287037037037,low_n_descriptive_only,FALSE
Jo->Ya,2,B_unknown_0_LF_CLASS::砂州・砂丘,古川・目黒川・立会川・呑川 / basin 0 / 砂州・砂丘,drop,1,2,0.5,3108,3751,watersystem_x_unit_basin_x_landform,3.2175032175032174e-4,5.331911490269261e-4,-2.114408272766044e-4,0.6034427284427284,low_n_descriptive_only,FALSE
Jo->Ya,2,B_unknown_0_LF_CLASS::砂州・砂丘,古川・目黒川・立会川・呑川 / basin 0 / 砂州・砂丘,new,1,2,0.5,96,3751,watersystem_x_unit_basin_x_landform,0.010416666666666666,5.331911490269261e-4,0.00988347551763974,19.536458333333332,low_n_descriptive_only,FALSE
Ko->Na,4,B_120000_6_LF_CLASS::台地・段丘,名称不明 / basin 6 / 台地・段丘,new,1,1,1,1029,2655,watersystem_x_unit_basin_x_landform,9.718172983479105e-4,3.766478342749529e-4,5.951694640729576e-4,2.5801749271137027,low_n_descriptive_only,FALSE
Ko->Na,4,B_130000_1_LF_CLASS::台地・段丘,名称不明 / basin 1 / 台地・段丘,continue,4,11,0.36363636363636365,649,2655,watersystem_x_unit_basin_x_landform,0.0061633281972265025,0.004143126177024482,0.00202020202020202,1.487603305785124,low_n_descriptive_only,FALSE
Ko->Na,4,B_130000_1_LF_CLASS::台地・段丘,名称不明 / basin 1 / 台地・段丘,drop,7,11,0.6363636363636364,977,2655,watersystem_x_unit_basin_x_landform,0.007164790174002047,0.004143126177024482,0.0030216639969775647,1.7293198101795848,low_n_descriptive_only,FALSE
Ko->Na,4,B_130000_1_LF_CLASS::崖・段丘崖,名称不明 / basin 1 / 崖・段丘崖,drop,1,1,1,977,2655,watersystem_x_unit_basin_x_landform,0.0010235414534288639,3.766478342749529e-4,6.46893619153911e-4,2.7175025588536337,low_n_descriptive_only,FALSE
Ko->Na,4,B_130000_4_LF_CLASS::台地・段丘,名称不明 / basin 4 / 台地・段丘,continue,2,10,0.2,649,2655,watersystem_x_unit_basin_x_landform,0.0030816640986132513,0.003766478342749529,-6.848142441362778e-4,0.8181818181818182,low_n_descriptive_only,FALSE
Ko->Na,4,B_130000_4_LF_CLASS::台地・段丘,名称不明 / basin 4 / 台地・段丘,drop,6,10,0.6,977,2655,watersystem_x_unit_basin_x_landform,0.006141248720573183,0.003766478342749529,0.002374770377823654,1.6305015353121801,low_n_descriptive_only,FALSE
Ko->Na,4,B_130000_4_LF_CLASS::台地・段丘,名称不明 / basin 4 / 台地・段丘,new,2,10,0.2,1029,2655,watersystem_x_unit_basin_x_landform,0.001943634596695821,0.003766478342749529,-0.001822843746053708,0.5160349854227405,low_n_descriptive_only,FALSE
Ko->Na,4,B_130000_4_LF_CLASS::後背低地・湿地,名称不明 / basin 4 / 後背低地・湿地,continue,2,3,0.6666666666666666,649,2655,watersystem_x_unit_basin_x_landform,0.0030816640986132513,0.0011299435028248588,0.0019517205957883925,2.727272727272727,low_n_descriptive_only,FALSE
Ko->Na,4,B_130000_4_LF_CLASS::後背低地・湿地,名称不明 / basin 4 / 後背低地・湿地,drop,1,3,0.3333333333333333,977,2655,watersystem_x_unit_basin_x_landform,0.0010235414534288639,0.0011299435028248588,-1.064020493959949e-4,0.9058341862845445,low_n_descriptive_only,FALSE
Ko->Na,4,B_130000_4_LF_CLASS::氾濫平野・海岸平野,名称不明 / basin 4 / 氾濫平野・海岸平野,drop,1,1,1,977,2655,watersystem_x_unit_basin_x_landform,0.0010235414534288639,3.766478342749529e-4,6.46893619153911e-4,2.7175025588536337,low_n_descriptive_only,FALSE
Ko->Na,4,B_130000_5_LF_CLASS::台地・段丘,名称不明 / basin 5 / 台地・段丘,continue,14,35,0.4,649,2655,watersystem_x_unit_basin_x_landform,0.02157164869029276,0.013182674199623353,0.008388974490669407,1.6363636363636365,eligible,FALSE
Ko->Na,4,B_130000_5_LF_CLASS::台地・段丘,名称不明 / basin 5 / 台地・段丘,drop,12,35,0.34285714285714286,977,2655,watersystem_x_unit_basin_x_landform,0.012282497441146366,0.013182674199623353,-9.001767584769869e-4,0.9317151630355315,eligible,FALSE
Ko->Na,4,B_130000_5_LF_CLASS::台地・段丘,名称不明 / basin 5 / 台地・段丘,new,9,35,0.2571428571428571,1029,2655,watersystem_x_unit_basin_x_landform,0.008746355685131196,0.013182674199623353,-0.004436318514492157,0.6634735526863806,eligible,FALSE
Ko->Na,4,B_130000_5_LF_CLASS::山地斜面等,名称不明 / basin 5 / 山地斜面等,continue,1,1,1,649,2655,watersystem_x_unit_basin_x_landform,0.0015408320493066256,3.766478342749529e-4,0.0011641842150316728,4.090909090909091,low_n_descriptive_only,FALSE
Ko->Na,4,B_130000_5_LF_CLASS::崖・段丘崖,名称不明 / basin 5 / 崖・段丘崖,new,1,1,1,1029,2655,watersystem_x_unit_basin_x_landform,9.718172983479105e-4,3.766478342749529e-4,5.951694640729576e-4,2.5801749271137027,low_n_descriptive_only,FALSE
Ko->Na,4,B_130000_5_LF_CLASS::後背低地・湿地,名称不明 / basin 5 / 後背低地・湿地,continue,1,4,0.25,649,2655,watersystem_x_unit_basin_x_landform,0.0015408320493066256,0.0015065913370998117,3.4240712206813975e-5,1.0227272727272727,low_n_descriptive_only,FALSE
Ko->Na,4,B_130000_5_LF_CLASS::後背低地・湿地,名称不明 / basin 5 / 後背低地・湿地,drop,1,4,0.25,977,2655,watersystem_x_unit_basin_x_landform,0.0010235414534288639,0.0015065913370998117,-4.8304988367094777e-4,0.6793756397134084,low_n_descriptive_only,FALSE
Ko->Na,4,B_130000_5_LF_CLASS::後背低地・湿地,名称不明 / basin 5 / 後背低地・湿地,new,2,4,0.5,1029,2655,watersystem_x_unit_basin_x_landform,0.001943634596695821,0.0015065913370998117,4.370432595960094e-4,1.2900874635568513,low_n_descriptive_only,FALSE
Ko->Na,4,B_130000_5_LF_CLASS::水部,名称不明 / basin 5 / 水部,new,1,1,1,1029,2655,watersystem_x_unit_basin_x_landform,9.718172983479105e-4,3.766478342749529e-4,5.951694640729576e-4,2.5801749271137027,low_n_descriptive_only,FALSE
Ko->Na,4,B_130000_5_LF_CLASS::氾濫平野・海岸平野,名称不明 / basin 5 / 氾濫平野・海岸平野,new,1,1,1,1029,2655,watersystem_x_unit_basin_x_landform,9.718172983479105e-4,3.766478342749529e-4,5.951694640729576e-4,2.5801749271137027,low_n_descriptive_only,FALSE
Ko->Na,4,B_130000_6_LF_CLASS::台地・段丘,名称不明 / basin 6 / 台地・段丘,drop,4,5,0.8,977,2655,watersystem_x_unit_basin_x_landform,0.0040941658137154556,0.0018832391713747645,0.0022109266423406913,2.174002047082907,low_n_descriptive_only,FALSE
Ko->Na,4,B_130000_6_LF_CLASS::台地・段丘,名称不明 / basin 6 / 台地・段丘,new,1,5,0.2,1029,2655,watersystem_x_unit_basin_x_landform,9.718172983479105e-4,0.0018832391713747645,-9.11421873026854e-4,0.5160349854227405,low_n_descriptive_only,FALSE
Ko->Na,4,B_130000_6_LF_CLASS::山地斜面等,名称不明 / basin 6 / 山地斜面等,continue,2,3,0.6666666666666666,649,2655,watersystem_x_unit_basin_x_landform,0.0030816640986132513,0.0011299435028248588,0.0019517205957883925,2.727272727272727,low_n_descriptive_only,FALSE
Ko->Na,4,B_130000_6_LF_CLASS::山地斜面等,名称不明 / basin 6 / 山地斜面等,drop,1,3,0.3333333333333333,977,2655,watersystem_x_unit_basin_x_landform,0.0010235414534288639,0.0011299435028248588,-1.064020493959949e-4,0.9058341862845445,low_n_descriptive_only,FALSE
Ko->Na,4,B_130000_6_LF_CLASS::氾濫平野・海岸平野,名称不明 / basin 6 / 氾濫平野・海岸平野,continue,1,1,1,649,2655,watersystem_x_unit_basin_x_landform,0.0015408320493066256,3.766478342749529e-4,0.0011641842150316728,4.090909090909091,low_n_descriptive_only,FALSE
Ko->Na,4,B_140013_17_LF_CLASS::台地・段丘,境川 / basin 17 / 台地・段丘,continue,12,32,0.375,649,2655,watersystem_x_unit_basin_x_landform,0.01848998459167951,0.012052730696798493,0.006437253894881015,1.5340909090909092,eligible,FALSE
Ko->Na,4,B_140013_17_LF_CLASS::台地・段丘,境川 / basin 17 / 台地・段丘,drop,1,32,0.03125,977,2655,watersystem_x_unit_basin_x_landform,0.0010235414534288639,0.012052730696798493,-0.01102918924336963,0.08492195496417605,eligible,FALSE
Ko->Na,4,B_140013_17_LF_CLASS::台地・段丘,境川 / basin 17 / 台地・段丘,new,19,32,0.59375,1029,2655,watersystem_x_unit_basin_x_landform,0.0184645286686103,0.012052730696798493,0.006411797971811807,1.5319788629737607,eligible,FALSE
Ko->Na,4,B_140013_17_LF_CLASS::山地斜面等,境川 / basin 17 / 山地斜面等,continue,31,114,0.2719298245614035,649,2655,watersystem_x_unit_basin_x_landform,0.04776579352850539,0.04293785310734463,0.004827940421160762,1.11244019138756,eligible,FALSE
Ko->Na,4,B_140013_17_LF_CLASS::山地斜面等,境川 / basin 17 / 山地斜面等,drop,11,114,0.09649122807017543,977,2655,watersystem_x_unit_basin_x_landform,0.011258955987717503,0.04293785310734463,-0.031678897119627125,0.26221515918763133,eligible,FALSE
Ko->Na,4,B_140013_17_LF_CLASS::山地斜面等,境川 / basin 17 / 山地斜面等,new,72,114,0.631578947368421,1029,2655,watersystem_x_unit_basin_x_landform,0.06997084548104957,0.04293785310734463,0.027032992373704934,1.629584164492865,eligible,FALSE
Ko->Na,4,B_140013_17_LF_CLASS::山麓堆積地形,境川 / basin 17 / 山麓堆積地形,continue,1,1,1,649,2655,watersystem_x_unit_basin_x_landform,0.0015408320493066256,3.766478342749529e-4,0.0011641842150316728,4.090909090909091,low_n_descriptive_only,FALSE
Ko->Na,4,B_140013_17_LF_CLASS::崖・段丘崖,境川 / basin 17 / 崖・段丘崖,drop,1,1,1,977,2655,watersystem_x_unit_basin_x_landform,0.0010235414534288639,3.766478342749529e-4,6.46893619153911e-4,2.7175025588536337,low_n_descriptive_only,FALSE
Ko->Na,4,B_140013_17_LF_CLASS::氾濫平野・海岸平野,境川 / basin 17 / 氾濫平野・海岸平野,continue,9,31,0.2903225806451613,649,2655,watersystem_x_unit_basin_x_landform,0.01386748844375963,0.011676082862523541,0.002191405581236089,1.187683284457478,eligible,FALSE
Ko->Na,4,B_140013_17_LF_CLASS::氾濫平野・海岸平野,境川 / basin 17 / 氾濫平野・海岸平野,new,22,31,0.7096774193548387,1029,2655,watersystem_x_unit_basin_x_landform,0.021379980563654033,0.011676082862523541,0.009703897701130492,1.8310918837581114,eligible,FALSE
Ko->Na,4,B_140013_19_LF_CLASS::台地・段丘,境川 / basin 19 / 台地・段丘,continue,1,1,1,649,2655,watersystem_x_unit_basin_x_landform,0.0015408320493066256,3.766478342749529e-4,0.0011641842150316728,4.090909090909091,low_n_descriptive_only,FALSE
Ko->Na,4,B_140013_19_LF_CLASS::山地斜面等,境川 / basin 19 / 山地斜面等,new,5,5,1,1029,2655,watersystem_x_unit_basin_x_landform,0.004859086491739553,0.0018832391713747645,0.0029758473203647887,2.5801749271137027,low_n_descriptive_only,FALSE
Ko->Na,4,B_140013_19_LF_CLASS::氾濫平野・海岸平野,境川 / basin 19 / 氾濫平野・海岸平野,continue,1,3,0.3333333333333333,649,2655,watersystem_x_unit_basin_x_landform,0.0015408320493066256,0.0011299435028248588,4.1088854648176684e-4,1.3636363636363635,low_n_descriptive_only,FALSE
Ko->Na,4,B_140013_19_LF_CLASS::氾濫平野・海岸平野,境川 / basin 19 / 氾濫平野・海岸平野,new,2,3,0.6666666666666666,1029,2655,watersystem_x_unit_basin_x_landform,0.001943634596695821,0.0011299435028248588,8.136910938709623e-4,1.7201166180758016,low_n_descriptive_only,FALSE
Ko->Na,4,B_830303_345_LF_CLASS::自然堤防,利根川 / basin 345 / 自然堤防,continue,1,1,1,649,2655,watersystem_x_unit_basin_x_landform,0.0015408320493066256,3.766478342749529e-4,0.0011641842150316728,4.090909090909091,low_n_descriptive_only,FALSE
Ko->Na,4,B_830303_347_LF_CLASS::水部,利根川 / basin 347 / 水部,drop,1,1,1,977,2655,watersystem_x_unit_basin_x_landform,0.0010235414534288639,3.766478342749529e-4,6.46893619153911e-4,2.7175025588536337,low_n_descriptive_only,FALSE
Ko->Na,4,B_830303_347_LF_CLASS::氾濫平野・海岸平野,利根川 / basin 347 / 氾濫平野・海岸平野,drop,1,1,1,977,2655,watersystem_x_unit_basin_x_landform,0.0010235414534288639,3.766478342749529e-4,6.46893619153911e-4,2.7175025588536337,low_n_descriptive_only,FALSE
Ko->Na,4,B_830303_347_LF_CLASS::自然堤防,利根川 / basin 347 / 自然堤防,continue,3,5,0.6,649,2655,watersystem_x_unit_basin_x_landform,0.004622496147919877,0.0018832391713747645,0.002739256976545113,2.454545454545455,low_n_descriptive_only,FALSE
Ko->Na,4,B_830303_347_LF_CLASS::自然堤防,利根川 / basin 347 / 自然堤防,new,2,5,0.4,1029,2655,watersystem_x_unit_basin_x_landform,0.001943634596695821,0.0018832391713747645,6.0395425321056566e-5,1.032069970845481,low_n_descriptive_only,FALSE
Ko->Na,4,B_830303_389_LF_CLASS::自然堤防,利根川 / basin 389 / 自然堤防,continue,1,1,1,649,2655,watersystem_x_unit_basin_x_landform,0.0015408320493066256,3.766478342749529e-4,0.0011641842150316728,4.090909090909091,low_n_descriptive_only,FALSE
Ko->Na,4,B_830303_390_LF_CLASS::自然堤防,利根川 / basin 390 / 自然堤防,drop,1,1,1,977,2655,watersystem_x_unit_basin_x_landform,0.0010235414534288639,3.766478342749529e-4,6.46893619153911e-4,2.7175025588536337,low_n_descriptive_only,FALSE
Ko->Na,4,B_830303_393_LF_CLASS::氾濫平野・海岸平野,利根川 / basin 393 / 氾濫平野・海岸平野,drop,1,2,0.5,977,2655,watersystem_x_unit_basin_x_landform,0.0010235414534288639,7.532956685499058e-4,2.7024578487895806e-4,1.3587512794268168,low_n_descriptive_only,FALSE
Ko->Na,4,B_830303_393_LF_CLASS::氾濫平野・海岸平野,利根川 / basin 393 / 氾濫平野・海岸平野,new,1,2,0.5,1029,2655,watersystem_x_unit_basin_x_landform,9.718172983479105e-4,7.532956685499058e-4,2.185216297980047e-4,1.2900874635568513,low_n_descriptive_only,FALSE
Ko->Na,4,B_830303_393_LF_CLASS::自然堤防,利根川 / basin 393 / 自然堤防,drop,1,3,0.3333333333333333,977,2655,watersystem_x_unit_basin_x_landform,0.0010235414534288639,0.0011299435028248588,-1.064020493959949e-4,0.9058341862845445,low_n_descriptive_only,FALSE
Ko->Na,4,B_830303_393_LF_CLASS::自然堤防,利根川 / basin 393 / 自然堤防,new,2,3,0.6666666666666666,1029,2655,watersystem_x_unit_basin_x_landform,0.001943634596695821,0.0011299435028248588,8.136910938709623e-4,1.7201166180758016,low_n_descriptive_only,FALSE
Ko->Na,4,B_830303_427_LF_CLASS::氾濫平野・海岸平野,利根川 / basin 427 / 氾濫平野・海岸平野,continue,2,2,1,649,2655,watersystem_x_unit_basin_x_landform,0.0030816640986132513,7.532956685499058e-4,0.0023283684300633455,4.090909090909091,low_n_descriptive_only,FALSE
Ko->Na,4,B_830303_427_LF_CLASS::自然堤防,利根川 / basin 427 / 自然堤防,continue,2,5,0.4,649,2655,watersystem_x_unit_basin_x_landform,0.0030816640986132513,0.0018832391713747645,0.0011984249272384867,1.6363636363636365,low_n_descriptive_only,FALSE
Ko->Na,4,B_830303_427_LF_CLASS::自然堤防,利根川 / basin 427 / 自然堤防,drop,3,5,0.6,977,2655,watersystem_x_unit_basin_x_landform,0.0030706243602865915,0.0018832391713747645,0.001187385188911827,1.6305015353121801,low_n_descriptive_only,FALSE
Ko->Na,4,B_830303_478_LF_CLASS::氾濫平野・海岸平野,利根川 / basin 478 / 氾濫平野・海岸平野,continue,1,7,0.14285714285714285,649,2655,watersystem_x_unit_basin_x_landform,0.0015408320493066256,0.0026365348399246705,-0.0010957027906180448,0.5844155844155844,low_n_descriptive_only,FALSE
Ko->Na,4,B_830303_478_LF_CLASS::氾濫平野・海岸平野,利根川 / basin 478 / 氾濫平野・海岸平野,drop,6,7,0.8571428571428571,977,2655,watersystem_x_unit_basin_x_landform,0.006141248720573183,0.0026365348399246705,0.0035047138806485125,2.329287907588829,low_n_descriptive_only,FALSE
Ko->Na,4,B_830303_478_LF_CLASS::自然堤防,利根川 / basin 478 / 自然堤防,continue,2,2,1,649,2655,watersystem_x_unit_basin_x_landform,0.0030816640986132513,7.532956685499058e-4,0.0023283684300633455,4.090909090909091,low_n_descriptive_only,FALSE
Ko->Na,4,B_830303_517_LF_CLASS::旧河道,利根川 / basin 517 / 旧河道,continue,2,5,0.4,649,2655,watersystem_x_unit_basin_x_landform,0.0030816640986132513,0.0018832391713747645,0.0011984249272384867,1.6363636363636365,low_n_descriptive_only,FALSE
Ko->Na,4,B_830303_517_LF_CLASS::旧河道,利根川 / basin 517 / 旧河道,drop,3,5,0.6,977,2655,watersystem_x_unit_basin_x_landform,0.0030706243602865915,0.0018832391713747645,0.001187385188911827,1.6305015353121801,low_n_descriptive_only,FALSE
Ko->Na,4,B_830303_517_LF_CLASS::氾濫平野・海岸平野,利根川 / basin 517 / 氾濫平野・海岸平野,continue,1,1,1,649,2655,watersystem_x_unit_basin_x_landform,0.0015408320493066256,3.766478342749529e-4,0.0011641842150316728,4.090909090909091,low_n_descriptive_only,FALSE
Ko->Na,4,B_830303_517_LF_CLASS::自然堤防,利根川 / basin 517 / 自然堤防,continue,1,3,0.3333333333333333,649,2655,watersystem_x_unit_basin_x_landform,0.0015408320493066256,0.0011299435028248588,4.1088854648176684e-4,1.3636363636363635,low_n_descriptive_only,FALSE
Ko->Na,4,B_830303_517_LF_CLASS::自然堤防,利根川 / basin 517 / 自然堤防,drop,1,3,0.3333333333333333,977,2655,watersystem_x_unit_basin_x_landform,0.0010235414534288639,0.0011299435028248588,-1.064020493959949e-4,0.9058341862845445,low_n_descriptive_only,FALSE
Ko->Na,4,B_830303_517_LF_CLASS::自然堤防,利根川 / basin 517 / 自然堤防,new,1,3,0.3333333333333333,1029,2655,watersystem_x_unit_basin_x_landform,9.718172983479105e-4,0.0011299435028248588,-1.5812620447694826e-4,0.8600583090379008,low_n_descriptive_only,FALSE
Ko->Na,4,B_830304_11_LF_CLASS::水部,荒川 / basin 11 / 水部,drop,1,1,1,977,2655,watersystem_x_unit_basin_x_landform,0.0010235414534288639,3.766478342749529e-4,6.46893619153911e-4,2.7175025588536337,low_n_descriptive_only,FALSE
Ko->Na,4,B_830304_120_LF_CLASS::台地・段丘,荒川 / basin 120 / 台地・段丘,continue,14,18,0.7777777777777778,649,2655,watersystem_x_unit_basin_x_landform,0.02157164869029276,0.006779661016949152,0.014791987673343606,3.181818181818182,low_n_descriptive_only,FALSE
Ko->Na,4,B_830304_120_LF_CLASS::台地・段丘,荒川 / basin 120 / 台地・段丘,drop,1,18,0.05555555555555555,977,2655,watersystem_x_unit_basin_x_landform,0.0010235414534288639,0.006779661016949152,-0.005756119563520288,0.15097236438075742,low_n_descriptive_only,FALSE
Ko->Na,4,B_830304_120_LF_CLASS::台地・段丘,荒川 / basin 120 / 台地・段丘,new,3,18,0.16666666666666666,1029,2655,watersystem_x_unit_basin_x_landform,0.0029154518950437317,0.006779661016949152,-0.0038642091219054206,0.43002915451895046,low_n_descriptive_only,FALSE
Ko->Na,4,B_830304_120_LF_CLASS::山地斜面等,荒川 / basin 120 / 山地斜面等,continue,1,7,0.14285714285714285,649,2655,watersystem_x_unit_basin_x_landform,0.0015408320493066256,0.0026365348399246705,-0.0010957027906180448,0.5844155844155844,low_n_descriptive_only,FALSE
Ko->Na,4,B_830304_120_LF_CLASS::山地斜面等,荒川 / basin 120 / 山地斜面等,drop,1,7,0.14285714285714285,977,2655,watersystem_x_unit_basin_x_landform,0.0010235414534288639,0.0026365348399246705,-0.0016129933864958066,0.3882146512648048,low_n_descriptive_only,FALSE
Ko->Na,4,B_830304_120_LF_CLASS::山地斜面等,荒川 / basin 120 / 山地斜面等,new,5,7,0.7142857142857143,1029,2655,watersystem_x_unit_basin_x_landform,0.004859086491739553,0.0026365348399246705,0.0022225516518148826,1.842982090795502,low_n_descriptive_only,FALSE
Ko->Na,4,B_830304_120_LF_CLASS::氾濫平野・海岸平野,荒川 / basin 120 / 氾濫平野・海岸平野,continue,3,6,0.5,649,2655,watersystem_x_unit_basin_x_landform,0.004622496147919877,0.0022598870056497176,0.0023626091422701595,2.0454545454545454,low_n_descriptive_only,FALSE
Ko->Na,4,B_830304_120_LF_CLASS::氾濫平野・海岸平野,荒川 / basin 120 / 氾濫平野・海岸平野,drop,1,6,0.16666666666666666,977,2655,watersystem_x_unit_basin_x_landform,0.0010235414534288639,0.0022598870056497176,-0.0012363455522208537,0.45291709314227224,low_n_descriptive_only,FALSE
Ko->Na,4,B_830304_120_LF_CLASS::氾濫平野・海岸平野,荒川 / basin 120 / 氾濫平野・海岸平野,new,2,6,0.3333333333333333,1029,2655,watersystem_x_unit_basin_x_landform,0.001943634596695821,0.0022598870056497176,-3.162524089538965e-4,0.8600583090379008,low_n_descriptive_only,FALSE
Ko->Na,4,B_830304_15_LF_CLASS::台地・段丘,荒川 / basin 15 / 台地・段丘,continue,1,3,0.3333333333333333,649,2655,watersystem_x_unit_basin_x_landform,0.0015408320493066256,0.0011299435028248588,4.1088854648176684e-4,1.3636363636363635,low_n_descriptive_only,FALSE
Ko->Na,4,B_830304_15_LF_CLASS::台地・段丘,荒川 / basin 15 / 台地・段丘,drop,1,3,0.3333333333333333,977,2655,watersystem_x_unit_basin_x_landform,0.0010235414534288639,0.0011299435028248588,-1.064020493959949e-4,0.9058341862845445,low_n_descriptive_only,FALSE
Ko->Na,4,B_830304_15_LF_CLASS::台地・段丘,荒川 / basin 15 / 台地・段丘,new,1,3,0.3333333333333333,1029,2655,watersystem_x_unit_basin_x_landform,9.718172983479105e-4,0.0011299435028248588,-1.5812620447694826e-4,0.8600583090379008,low_n_descriptive_only,FALSE
Ko->Na,4,B_830304_15_LF_CLASS::氾濫平野・海岸平野,荒川 / basin 15 / 氾濫平野・海岸平野,new,1,1,1,1029,2655,watersystem_x_unit_basin_x_landform,9.718172983479105e-4,3.766478342749529e-4,5.951694640729576e-4,2.5801749271137027,low_n_descriptive_only,FALSE
Ko->Na,4,B_830304_15_LF_CLASS::砂州・砂丘,荒川 / basin 15 / 砂州・砂丘,continue,1,1,1,649,2655,watersystem_x_unit_basin_x_landform,0.0015408320493066256,3.766478342749529e-4,0.0011641842150316728,4.090909090909091,low_n_descriptive_only,FALSE
Ko->Na,4,B_830304_15_LF_CLASS::自然堤防,荒川 / basin 15 / 自然堤防,new,1,1,1,1029,2655,watersystem_x_unit_basin_x_landform,9.718172983479105e-4,3.766478342749529e-4,5.951694640729576e-4,2.5801749271137027,low_n_descriptive_only,FALSE
Ko->Na,4,B_830304_161_LF_CLASS::台地・段丘,荒川 / basin 161 / 台地・段丘,new,1,1,1,1029,2655,watersystem_x_unit_basin_x_landform,9.718172983479105e-4,3.766478342749529e-4,5.951694640729576e-4,2.5801749271137027,low_n_descriptive_only,FALSE
Ko->Na,4,B_830304_16_LF_CLASS::凹地・浅い谷,荒川 / basin 16 / 凹地・浅い谷,new,1,1,1,1029,2655,watersystem_x_unit_basin_x_landform,9.718172983479105e-4,3.766478342749529e-4,5.951694640729576e-4,2.5801749271137027,low_n_descriptive_only,FALSE
Ko->Na,4,B_830304_16_LF_CLASS::台地・段丘,荒川 / basin 16 / 台地・段丘,continue,2,6,0.3333333333333333,649,2655,watersystem_x_unit_basin_x_landform,0.0030816640986132513,0.0022598870056497176,8.217770929635337e-4,1.3636363636363635,low_n_descriptive_only,FALSE
Ko->Na,4,B_830304_16_LF_CLASS::台地・段丘,荒川 / basin 16 / 台地・段丘,drop,3,6,0.5,977,2655,watersystem_x_unit_basin_x_landform,0.0030706243602865915,0.0022598870056497176,8.107373546368739e-4,1.3587512794268166,low_n_descriptive_only,FALSE
Ko->Na,4,B_830304_16_LF_CLASS::台地・段丘,荒川 / basin 16 / 台地・段丘,new,1,6,0.16666666666666666,1029,2655,watersystem_x_unit_basin_x_landform,9.718172983479105e-4,0.0022598870056497176,-0.0012880697073018072,0.4300291545189504,low_n_descriptive_only,FALSE
Ko->Na,4,B_830304_16_LF_CLASS::氾濫平野・海岸平野,荒川 / basin 16 / 氾濫平野・海岸平野,continue,1,1,1,649,2655,watersystem_x_unit_basin_x_landform,0.0015408320493066256,3.766478342749529e-4,0.0011641842150316728,4.090909090909091,low_n_descriptive_only,FALSE
Ko->Na,4,B_830304_16_LF_CLASS::自然堤防,荒川 / basin 16 / 自然堤防,continue,2,2,1,649,2655,watersystem_x_unit_basin_x_landform,0.0030816640986132513,7.532956685499058e-4,0.0023283684300633455,4.090909090909091,low_n_descriptive_only,FALSE
Ko->Na,4,B_830304_25_LF_CLASS::台地・段丘,荒川 / basin 25 / 台地・段丘,continue,4,8,0.5,649,2655,watersystem_x_unit_basin_x_landform,0.0061633281972265025,0.0030131826741996233,0.003150145523026879,2.0454545454545454,low_n_descriptive_only,FALSE
Ko->Na,4,B_830304_25_LF_CLASS::台地・段丘,荒川 / basin 25 / 台地・段丘,drop,3,8,0.375,977,2655,watersystem_x_unit_basin_x_landform,0.0030706243602865915,0.0030131826741996233,5.744168608696814e-5,1.0190634595701125,low_n_descriptive_only,FALSE
Ko->Na,4,B_830304_25_LF_CLASS::台地・段丘,荒川 / basin 25 / 台地・段丘,new,1,8,0.125,1029,2655,watersystem_x_unit_basin_x_landform,9.718172983479105e-4,0.0030131826741996233,-0.002041365375851713,0.32252186588921283,low_n_descriptive_only,FALSE
Ko->Na,4,B_830304_25_LF_CLASS::旧水部,荒川 / basin 25 / 旧水部,drop,1,1,1,977,2655,watersystem_x_unit_basin_x_landform,0.0010235414534288639,3.766478342749529e-4,6.46893619153911e-4,2.7175025588536337,low_n_descriptive_only,FALSE
Ko->Na,4,B_830304_25_LF_CLASS::氾濫平野・海岸平野,荒川 / basin 25 / 氾濫平野・海岸平野,continue,2,6,0.3333333333333333,649,2655,watersystem_x_unit_basin_x_landform,0.0030816640986132513,0.0022598870056497176,8.217770929635337e-4,1.3636363636363635,low_n_descriptive_only,FALSE
Ko->Na,4,B_830304_25_LF_CLASS::氾濫平野・海岸平野,荒川 / basin 25 / 氾濫平野・海岸平野,drop,1,6,0.16666666666666666,977,2655,watersystem_x_unit_basin_x_landform,0.0010235414534288639,0.0022598870056497176,-0.0012363455522208537,0.45291709314227224,low_n_descriptive_only,FALSE
Ko->Na,4,B_830304_25_LF_CLASS::氾濫平野・海岸平野,荒川 / basin 25 / 氾濫平野・海岸平野,new,3,6,0.5,1029,2655,watersystem_x_unit_basin_x_landform,0.0029154518950437317,0.0022598870056497176,6.555648893940141e-4,1.2900874635568513,low_n_descriptive_only,FALSE
Ko->Na,4,B_830304_25_LF_CLASS::砂州・砂丘,荒川 / basin 25 / 砂州・砂丘,continue,6,12,0.5,649,2655,watersystem_x_unit_basin_x_landform,0.009244992295839754,0.004519774011299435,0.004725218284540319,2.0454545454545454,low_n_descriptive_only,FALSE
Ko->Na,4,B_830304_25_LF_CLASS::砂州・砂丘,荒川 / basin 25 / 砂州・砂丘,drop,1,12,0.08333333333333333,977,2655,watersystem_x_unit_basin_x_landform,0.0010235414534288639,0.004519774011299435,-0.003496232557870571,0.22645854657113612,low_n_descriptive_only,FALSE
Ko->Na,4,B_830304_25_LF_CLASS::砂州・砂丘,荒川 / basin 25 / 砂州・砂丘,new,5,12,0.4166666666666667,1029,2655,watersystem_x_unit_basin_x_landform,0.004859086491739553,0.004519774011299435,3.3931248044011784e-4,1.075072886297376,low_n_descriptive_only,FALSE
Ko->Na,4,B_830304_26_LF_CLASS::台地・段丘,荒川 / basin 26 / 台地・段丘,continue,4,15,0.26666666666666666,649,2655,watersystem_x_unit_basin_x_landform,0.0061633281972265025,0.005649717514124294,5.136106831022088e-4,1.090909090909091,low_n_descriptive_only,FALSE
Ko->Na,4,B_830304_26_LF_CLASS::台地・段丘,荒川 / basin 26 / 台地・段丘,drop,10,15,0.6666666666666666,977,2655,watersystem_x_unit_basin_x_landform,0.01023541453428864,0.005649717514124294,0.004585697020164346,1.8116683725690892,low_n_descriptive_only,FALSE
Ko->Na,4,B_830304_26_LF_CLASS::台地・段丘,荒川 / basin 26 / 台地・段丘,new,1,15,0.06666666666666667,1029,2655,watersystem_x_unit_basin_x_landform,9.718172983479105e-4,0.005649717514124294,-0.004677900215776383,0.17201166180758018,low_n_descriptive_only,FALSE
Ko->Na,4,B_830304_26_LF_CLASS::山地斜面等,荒川 / basin 26 / 山地斜面等,drop,3,3,1,977,2655,watersystem_x_unit_basin_x_landform,0.0030706243602865915,0.0011299435028248588,0.0019406808574617327,2.7175025588536332,low_n_descriptive_only,FALSE
Ko->Na,4,B_830304_26_LF_CLASS::崖・段丘崖,荒川 / basin 26 / 崖・段丘崖,drop,1,1,1,977,2655,watersystem_x_unit_basin_x_landform,0.0010235414534288639,3.766478342749529e-4,6.46893619153911e-4,2.7175025588536337,low_n_descriptive_only,FALSE
Ko->Na,4,B_830304_26_LF_CLASS::氾濫平野・海岸平野,荒川 / basin 26 / 氾濫平野・海岸平野,drop,1,2,0.5,977,2655,watersystem_x_unit_basin_x_landform,0.0010235414534288639,7.532956685499058e-4,2.7024578487895806e-4,1.3587512794268168,low_n_descriptive_only,FALSE
Ko->Na,4,B_830304_26_LF_CLASS::氾濫平野・海岸平野,荒川 / basin 26 / 氾濫平野・海岸平野,new,1,2,0.5,1029,2655,watersystem_x_unit_basin_x_landform,9.718172983479105e-4,7.532956685499058e-4,2.185216297980047e-4,1.2900874635568513,low_n_descriptive_only,FALSE
Ko->Na,4,B_830304_27_LF_CLASS::台地・段丘,荒川 / basin 27 / 台地・段丘,continue,7,12,0.5833333333333334,649,2655,watersystem_x_unit_basin_x_landform,0.01078582434514638,0.004519774011299435,0.0062660503338469445,2.3863636363636362,low_n_descriptive_only,FALSE
Ko->Na,4,B_830304_27_LF_CLASS::台地・段丘,荒川 / basin 27 / 台地・段丘,drop,4,12,0.3333333333333333,977,2655,watersystem_x_unit_basin_x_landform,0.0040941658137154556,0.004519774011299435,-4.256081975839796e-4,0.9058341862845445,low_n_descriptive_only,FALSE
Ko->Na,4,B_830304_27_LF_CLASS::台地・段丘,荒川 / basin 27 / 台地・段丘,new,1,12,0.08333333333333333,1029,2655,watersystem_x_unit_basin_x_landform,9.718172983479105e-4,0.004519774011299435,-0.0035479567129515248,0.2150145772594752,low_n_descriptive_only,FALSE
Ko->Na,4,B_830304_27_LF_CLASS::崖・段丘崖,荒川 / basin 27 / 崖・段丘崖,drop,1,2,0.5,977,2655,watersystem_x_unit_basin_x_landform,0.0010235414534288639,7.532956685499058e-4,2.7024578487895806e-4,1.3587512794268168,low_n_descriptive_only,FALSE
Ko->Na,4,B_830304_27_LF_CLASS::崖・段丘崖,荒川 / basin 27 / 崖・段丘崖,new,1,2,0.5,1029,2655,watersystem_x_unit_basin_x_landform,9.718172983479105e-4,7.532956685499058e-4,2.185216297980047e-4,1.2900874635568513,low_n_descriptive_only,FALSE
Ko->Na,4,B_830304_27_LF_CLASS::砂州・砂丘,荒川 / basin 27 / 砂州・砂丘,continue,2,3,0.6666666666666666,649,2655,watersystem_x_unit_basin_x_landform,0.0030816640986132513,0.0011299435028248588,0.0019517205957883925,2.727272727272727,low_n_descriptive_only,FALSE
Ko->Na,4,B_830304_27_LF_CLASS::砂州・砂丘,荒川 / basin 27 / 砂州・砂丘,drop,1,3,0.3333333333333333,977,2655,watersystem_x_unit_basin_x_landform,0.0010235414534288639,0.0011299435028248588,-1.064020493959949e-4,0.9058341862845445,low_n_descriptive_only,FALSE
Ko->Na,4,B_830304_36_LF_CLASS::氾濫平野・海岸平野,荒川 / basin 36 / 氾濫平野・海岸平野,continue,1,1,1,649,2655,watersystem_x_unit_basin_x_landform,0.0015408320493066256,3.766478342749529e-4,0.0011641842150316728,4.090909090909091,low_n_descriptive_only,FALSE
Ko->Na,4,B_830304_37_LF_CLASS::台地・段丘,荒川 / basin 37 / 台地・段丘,continue,1,5,0.2,649,2655,watersystem_x_unit_basin_x_landform,0.0015408320493066256,0.0018832391713747645,-3.424071220681389e-4,0.8181818181818182,low_n_descriptive_only,FALSE
Ko->Na,4,B_830304_37_LF_CLASS::台地・段丘,荒川 / basin 37 / 台地・段丘,drop,4,5,0.8,977,2655,watersystem_x_unit_basin_x_landform,0.0040941658137154556,0.0018832391713747645,0.0022109266423406913,2.174002047082907,low_n_descriptive_only,FALSE
Ko->Na,4,B_830304_37_LF_CLASS::氾濫平野・海岸平野,荒川 / basin 37 / 氾濫平野・海岸平野,continue,1,2,0.5,649,2655,watersystem_x_unit_basin_x_landform,0.0015408320493066256,7.532956685499058e-4,7.875363807567198e-4,2.0454545454545454,low_n_descriptive_only,FALSE
Ko->Na,4,B_830304_37_LF_CLASS::氾濫平野・海岸平野,荒川 / basin 37 / 氾濫平野・海岸平野,drop,1,2,0.5,977,2655,watersystem_x_unit_basin_x_landform,0.0010235414534288639,7.532956685499058e-4,2.7024578487895806e-4,1.3587512794268168,low_n_descriptive_only,FALSE
Ko->Na,4,B_830304_38_LF_CLASS::台地・段丘,荒川 / basin 38 / 台地・段丘,drop,2,2,1,977,2655,watersystem_x_unit_basin_x_landform,0.0020470829068577278,7.532956685499058e-4,0.001293787238307822,2.7175025588536337,low_n_descriptive_only,FALSE
Ko->Na,4,B_830304_38_LF_CLASS::山地斜面等,荒川 / basin 38 / 山地斜面等,continue,1,1,1,649,2655,watersystem_x_unit_basin_x_landform,0.0015408320493066256,3.766478342749529e-4,0.0011641842150316728,4.090909090909091,low_n_descriptive_only,FALSE
Ko->Na,4,B_830304_38_LF_CLASS::後背低地・湿地,荒川 / basin 38 / 後背低地・湿地,continue,1,1,1,649,2655,watersystem_x_unit_basin_x_landform,0.0015408320493066256,3.766478342749529e-4,0.0011641842150316728,4.090909090909091,low_n_descriptive_only,FALSE
Ko->Na,4,B_830304_38_LF_CLASS::氾濫平野・海岸平野,荒川 / basin 38 / 氾濫平野・海岸平野,new,1,1,1,1029,2655,watersystem_x_unit_basin_x_landform,9.718172983479105e-4,3.766478342749529e-4,5.951694640729576e-4,2.5801749271137027,low_n_descriptive_only,FALSE
Ko->Na,4,B_830304_38_LF_CLASS::砂州・砂丘,荒川 / basin 38 / 砂州・砂丘,drop,1,1,1,977,2655,watersystem_x_unit_basin_x_landform,0.0010235414534288639,3.766478342749529e-4,6.46893619153911e-4,2.7175025588536337,low_n_descriptive_only,FALSE
Ko->Na,4,B_830304_39_LF_CLASS::台地・段丘,荒川 / basin 39 / 台地・段丘,continue,2,3,0.6666666666666666,649,2655,watersystem_x_unit_basin_x_landform,0.0030816640986132513,0.0011299435028248588,0.0019517205957883925,2.727272727272727,low_n_descriptive_only,FALSE
Ko->Na,4,B_830304_39_LF_CLASS::台地・段丘,荒川 / basin 39 / 台地・段丘,drop,1,3,0.3333333333333333,977,2655,watersystem_x_unit_basin_x_landform,0.0010235414534288639,0.0011299435028248588,-1.064020493959949e-4,0.9058341862845445,low_n_descriptive_only,FALSE
Ko->Na,4,B_830304_39_LF_CLASS::山地斜面等,荒川 / basin 39 / 山地斜面等,new,1,1,1,1029,2655,watersystem_x_unit_basin_x_landform,9.718172983479105e-4,3.766478342749529e-4,5.951694640729576e-4,2.5801749271137027,low_n_descriptive_only,FALSE
Ko->Na,4,B_830304_39_LF_CLASS::崖・段丘崖,荒川 / basin 39 / 崖・段丘崖,drop,1,2,0.5,977,2655,watersystem_x_unit_basin_x_landform,0.0010235414534288639,7.532956685499058e-4,2.7024578487895806e-4,1.3587512794268168,low_n_descriptive_only,FALSE
Ko->Na,4,B_830304_39_LF_CLASS::崖・段丘崖,荒川 / basin 39 / 崖・段丘崖,new,1,2,0.5,1029,2655,watersystem_x_unit_basin_x_landform,9.718172983479105e-4,7.532956685499058e-4,2.185216297980047e-4,1.2900874635568513,low_n_descriptive_only,FALSE
Ko->Na,4,B_830304_39_LF_CLASS::水部,荒川 / basin 39 / 水部,continue,1,1,1,649,2655,watersystem_x_unit_basin_x_landform,0.0015408320493066256,3.766478342749529e-4,0.0011641842150316728,4.090909090909091,low_n_descriptive_only,FALSE
Ko->Na,4,B_830304_40_LF_CLASS::台地・段丘,荒川 / basin 40 / 台地・段丘,drop,2,3,0.6666666666666666,977,2655,watersystem_x_unit_basin_x_landform,0.0020470829068577278,0.0011299435028248588,9.17139404032869e-4,1.811668372569089,low_n_descriptive_only,FALSE
Ko->Na,4,B_830304_40_LF_CLASS::台地・段丘,荒川 / basin 40 / 台地・段丘,new,1,3,0.3333333333333333,1029,2655,watersystem_x_unit_basin_x_landform,9.718172983479105e-4,0.0011299435028248588,-1.5812620447694826e-4,0.8600583090379008,low_n_descriptive_only,FALSE
Ko->Na,4,B_830304_40_LF_CLASS::氾濫平野・海岸平野,荒川 / basin 40 / 氾濫平野・海岸平野,drop,1,1,1,977,2655,watersystem_x_unit_basin_x_landform,0.0010235414534288639,3.766478342749529e-4,6.46893619153911e-4,2.7175025588536337,low_n_descriptive_only,FALSE
Ko->Na,4,B_830304_42_LF_CLASS::台地・段丘,荒川 / basin 42 / 台地・段丘,continue,3,14,0.21428571428571427,649,2655,watersystem_x_unit_basin_x_landform,0.004622496147919877,0.005273069679849341,-6.505735319294638e-4,0.8766233766233766,low_n_descriptive_only,FALSE
Ko->Na,4,B_830304_42_LF_CLASS::台地・段丘,荒川 / basin 42 / 台地・段丘,drop,10,14,0.7142857142857143,977,2655,watersystem_x_unit_basin_x_landform,0.01023541453428864,0.005273069679849341,0.0049623448544392984,1.941073256324024,low_n_descriptive_only,FALSE
Ko->Na,4,B_830304_42_LF_CLASS::台地・段丘,荒川 / basin 42 / 台地・段丘,new,1,14,0.07142857142857142,1029,2655,watersystem_x_unit_basin_x_landform,9.718172983479105e-4,0.005273069679849341,-0.0043012523815014305,0.18429820907955016,low_n_descriptive_only,FALSE
Ko->Na,4,B_830304_42_LF_CLASS::氾濫平野・海岸平野,荒川 / basin 42 / 氾濫平野・海岸平野,continue,2,2,1,649,2655,watersystem_x_unit_basin_x_landform,0.0030816640986132513,7.532956685499058e-4,0.0023283684300633455,4.090909090909091,low_n_descriptive_only,FALSE
Ko->Na,4,B_830304_44_LF_CLASS::氾濫平野・海岸平野,荒川 / basin 44 / 氾濫平野・海岸平野,drop,1,1,1,977,2655,watersystem_x_unit_basin_x_landform,0.0010235414534288639,3.766478342749529e-4,6.46893619153911e-4,2.7175025588536337,low_n_descriptive_only,FALSE
Ko->Na,4,B_830304_47_LF_CLASS::台地・段丘,荒川 / basin 47 / 台地・段丘,continue,3,12,0.25,649,2655,watersystem_x_unit_basin_x_landform,0.004622496147919877,0.004519774011299435,1.0272213662044193e-4,1.0227272727272727,low_n_descriptive_only,FALSE
Ko->Na,4,B_830304_47_LF_CLASS::台地・段丘,荒川 / basin 47 / 台地・段丘,drop,6,12,0.5,977,2655,watersystem_x_unit_basin_x_landform,0.006141248720573183,0.004519774011299435,0.0016214747092737477,1.3587512794268166,low_n_descriptive_only,FALSE
Ko->Na,4,B_830304_47_LF_CLASS::台地・段丘,荒川 / basin 47 / 台地・段丘,new,3,12,0.25,1029,2655,watersystem_x_unit_basin_x_landform,0.0029154518950437317,0.004519774011299435,-0.0016043221162557035,0.6450437317784257,low_n_descriptive_only,FALSE
Ko->Na,4,B_830304_47_LF_CLASS::山地斜面等,荒川 / basin 47 / 山地斜面等,continue,1,3,0.3333333333333333,649,2655,watersystem_x_unit_basin_x_landform,0.0015408320493066256,0.0011299435028248588,4.1088854648176684e-4,1.3636363636363635,low_n_descriptive_only,FALSE
Ko->Na,4,B_830304_47_LF_CLASS::山地斜面等,荒川 / basin 47 / 山地斜面等,drop,1,3,0.3333333333333333,977,2655,watersystem_x_unit_basin_x_landform,0.0010235414534288639,0.0011299435028248588,-1.064020493959949e-4,0.9058341862845445,low_n_descriptive_only,FALSE
Ko->Na,4,B_830304_47_LF_CLASS::山地斜面等,荒川 / basin 47 / 山地斜面等,new,1,3,0.3333333333333333,1029,2655,watersystem_x_unit_basin_x_landform,9.718172983479105e-4,0.0011299435028248588,-1.5812620447694826e-4,0.8600583090379008,low_n_descriptive_only,FALSE
Ko->Na,4,B_830304_51_LF_CLASS::台地・段丘,荒川 / basin 51 / 台地・段丘,new,2,2,1,1029,2655,watersystem_x_unit_basin_x_landform,0.001943634596695821,7.532956685499058e-4,0.0011903389281459151,2.5801749271137027,low_n_descriptive_only,FALSE
Ko->Na,4,B_830304_51_LF_CLASS::山地斜面等,荒川 / basin 51 / 山地斜面等,continue,2,2,1,649,2655,watersystem_x_unit_basin_x_landform,0.0030816640986132513,7.532956685499058e-4,0.0023283684300633455,4.090909090909091,low_n_descriptive_only,FALSE
Ko->Na,4,B_830304_52_LF_CLASS::台地・段丘,荒川 / basin 52 / 台地・段丘,continue,7,18,0.3888888888888889,649,2655,watersystem_x_unit_basin_x_landform,0.01078582434514638,0.006779661016949152,0.004006163328197227,1.590909090909091,low_n_descriptive_only,FALSE
Ko->Na,4,B_830304_52_LF_CLASS::台地・段丘,荒川 / basin 52 / 台地・段丘,drop,8,18,0.4444444444444444,977,2655,watersystem_x_unit_basin_x_landform,0.008188331627430911,0.006779661016949152,0.0014086706104817588,1.2077789150460594,low_n_descriptive_only,FALSE
Ko->Na,4,B_830304_52_LF_CLASS::台地・段丘,荒川 / basin 52 / 台地・段丘,new,3,18,0.16666666666666666,1029,2655,watersystem_x_unit_basin_x_landform,0.0029154518950437317,0.006779661016949152,-0.0038642091219054206,0.43002915451895046,low_n_descriptive_only,FALSE
Ko->Na,4,B_830304_52_LF_CLASS::山地斜面等,荒川 / basin 52 / 山地斜面等,continue,4,7,0.5714285714285714,649,2655,watersystem_x_unit_basin_x_landform,0.0061633281972265025,0.0026365348399246705,0.003526793357301832,2.3376623376623376,low_n_descriptive_only,FALSE
Ko->Na,4,B_830304_52_LF_CLASS::山地斜面等,荒川 / basin 52 / 山地斜面等,drop,1,7,0.14285714285714285,977,2655,watersystem_x_unit_basin_x_landform,0.0010235414534288639,0.0026365348399246705,-0.0016129933864958066,0.3882146512648048,low_n_descriptive_only,FALSE
Ko->Na,4,B_830304_52_LF_CLASS::山地斜面等,荒川 / basin 52 / 山地斜面等,new,2,7,0.2857142857142857,1029,2655,watersystem_x_unit_basin_x_landform,0.001943634596695821,0.0026365348399246705,-6.929002432288494e-4,0.7371928363182007,low_n_descriptive_only,FALSE
Ko->Na,4,B_830304_52_LF_CLASS::氾濫平野・海岸平野,荒川 / basin 52 / 氾濫平野・海岸平野,continue,2,2,1,649,2655,watersystem_x_unit_basin_x_landform,0.0030816640986132513,7.532956685499058e-4,0.0023283684300633455,4.090909090909091,low_n_descriptive_only,FALSE
Ko->Na,4,B_830304_53_LF_CLASS::台地・段丘,荒川 / basin 53 / 台地・段丘,continue,1,3,0.3333333333333333,649,2655,watersystem_x_unit_basin_x_landform,0.0015408320493066256,0.0011299435028248588,4.1088854648176684e-4,1.3636363636363635,low_n_descriptive_only,FALSE
Ko->Na,4,B_830304_53_LF_CLASS::台地・段丘,荒川 / basin 53 / 台地・段丘,drop,2,3,0.6666666666666666,977,2655,watersystem_x_unit_basin_x_landform,0.0020470829068577278,0.0011299435028248588,9.17139404032869e-4,1.811668372569089,low_n_descriptive_only,FALSE
Ko->Na,4,B_830304_53_LF_CLASS::山地斜面等,荒川 / basin 53 / 山地斜面等,continue,3,3,1,649,2655,watersystem_x_unit_basin_x_landform,0.004622496147919877,0.0011299435028248588,0.0034925526450950185,4.090909090909091,low_n_descriptive_only,FALSE
Ko->Na,4,B_830304_54_LF_CLASS::凹地・浅い谷,荒川 / basin 54 / 凹地・浅い谷,drop,1,1,1,977,2655,watersystem_x_unit_basin_x_landform,0.0010235414534288639,3.766478342749529e-4,6.46893619153911e-4,2.7175025588536337,low_n_descriptive_only,FALSE
Ko->Na,4,B_830304_54_LF_CLASS::台地・段丘,荒川 / basin 54 / 台地・段丘,continue,1,10,0.1,649,2655,watersystem_x_unit_basin_x_landform,0.0015408320493066256,0.003766478342749529,-0.002225646293442903,0.4090909090909091,low_n_descriptive_only,FALSE
Ko->Na,4,B_830304_54_LF_CLASS::台地・段丘,荒川 / basin 54 / 台地・段丘,drop,5,10,0.5,977,2655,watersystem_x_unit_basin_x_landform,0.00511770726714432,0.003766478342749529,0.0013512289243947906,1.3587512794268168,low_n_descriptive_only,FALSE
Ko->Na,4,B_830304_54_LF_CLASS::台地・段丘,荒川 / basin 54 / 台地・段丘,new,4,10,0.4,1029,2655,watersystem_x_unit_basin_x_landform,0.003887269193391642,0.003766478342749529,1.2079085064211313e-4,1.032069970845481,low_n_descriptive_only,FALSE
Ko->Na,4,B_830304_54_LF_CLASS::山地斜面等,荒川 / basin 54 / 山地斜面等,continue,1,9,0.1111111111111111,649,2655,watersystem_x_unit_basin_x_landform,0.0015408320493066256,0.003389830508474576,-0.0018489984591679505,0.4545454545454546,low_n_descriptive_only,FALSE
Ko->Na,4,B_830304_54_LF_CLASS::山地斜面等,荒川 / basin 54 / 山地斜面等,drop,6,9,0.6666666666666666,977,2655,watersystem_x_unit_basin_x_landform,0.006141248720573183,0.003389830508474576,0.0027514182120986067,1.811668372569089,low_n_descriptive_only,FALSE
Ko->Na,4,B_830304_54_LF_CLASS::山地斜面等,荒川 / basin 54 / 山地斜面等,new,2,9,0.2222222222222222,1029,2655,watersystem_x_unit_basin_x_landform,0.001943634596695821,0.003389830508474576,-0.001446195911778755,0.5733722060252673,low_n_descriptive_only,FALSE
Ko->Na,4,B_830304_54_LF_CLASS::氾濫平野・海岸平野,荒川 / basin 54 / 氾濫平野・海岸平野,drop,2,2,1,977,2655,watersystem_x_unit_basin_x_landform,0.0020470829068577278,7.532956685499058e-4,0.001293787238307822,2.7175025588536337,low_n_descriptive_only,FALSE
Ko->Na,4,B_830304_55_LF_CLASS::凹地・浅い谷,荒川 / basin 55 / 凹地・浅い谷,drop,1,1,1,977,2655,watersystem_x_unit_basin_x_landform,0.0010235414534288639,3.766478342749529e-4,6.46893619153911e-4,2.7175025588536337,low_n_descriptive_only,FALSE
Ko->Na,4,B_830304_55_LF_CLASS::台地・段丘,荒川 / basin 55 / 台地・段丘,continue,5,20,0.25,649,2655,watersystem_x_unit_basin_x_landform,0.007704160246533128,0.007532956685499058,1.7120356103406988e-4,1.0227272727272727,eligible,FALSE
Ko->Na,4,B_830304_55_LF_CLASS::台地・段丘,荒川 / basin 55 / 台地・段丘,drop,15,20,0.75,977,2655,watersystem_x_unit_basin_x_landform,0.015353121801432957,0.007532956685499058,0.007820165115933898,2.0381269191402254,eligible,FALSE
Ko->Na,4,B_830304_55_LF_CLASS::氾濫平野・海岸平野,荒川 / basin 55 / 氾濫平野・海岸平野,continue,1,2,0.5,649,2655,watersystem_x_unit_basin_x_landform,0.0015408320493066256,7.532956685499058e-4,7.875363807567198e-4,2.0454545454545454,low_n_descriptive_only,FALSE
Ko->Na,4,B_830304_55_LF_CLASS::氾濫平野・海岸平野,荒川 / basin 55 / 氾濫平野・海岸平野,drop,1,2,0.5,977,2655,watersystem_x_unit_basin_x_landform,0.0010235414534288639,7.532956685499058e-4,2.7024578487895806e-4,1.3587512794268168,low_n_descriptive_only,FALSE
Ko->Na,4,B_830304_56_LF_CLASS::台地・段丘,荒川 / basin 56 / 台地・段丘,continue,4,11,0.36363636363636365,649,2655,watersystem_x_unit_basin_x_landform,0.0061633281972265025,0.004143126177024482,0.00202020202020202,1.487603305785124,low_n_descriptive_only,FALSE
Ko->Na,4,B_830304_56_LF_CLASS::台地・段丘,荒川 / basin 56 / 台地・段丘,drop,6,11,0.5454545454545454,977,2655,watersystem_x_unit_basin_x_landform,0.006141248720573183,0.004143126177024482,0.0019981225435487006,1.4822741230110728,low_n_descriptive_only,FALSE
Ko->Na,4,B_830304_56_LF_CLASS::台地・段丘,荒川 / basin 56 / 台地・段丘,new,1,11,0.09090909090909091,1029,2655,watersystem_x_unit_basin_x_landform,9.718172983479105e-4,0.004143126177024482,-0.003171308878676572,0.2345613570103366,low_n_descriptive_only,FALSE
Ko->Na,4,B_830304_56_LF_CLASS::氾濫平野・海岸平野,荒川 / basin 56 / 氾濫平野・海岸平野,continue,1,2,0.5,649,2655,watersystem_x_unit_basin_x_landform,0.0015408320493066256,7.532956685499058e-4,7.875363807567198e-4,2.0454545454545454,low_n_descriptive_only,FALSE
Ko->Na,4,B_830304_56_LF_CLASS::氾濫平野・海岸平野,荒川 / basin 56 / 氾濫平野・海岸平野,drop,1,2,0.5,977,2655,watersystem_x_unit_basin_x_landform,0.0010235414534288639,7.532956685499058e-4,2.7024578487895806e-4,1.3587512794268168,low_n_descriptive_only,FALSE
Ko->Na,4,B_830304_57_LF_CLASS::台地・段丘,荒川 / basin 57 / 台地・段丘,continue,2,15,0.13333333333333333,649,2655,watersystem_x_unit_basin_x_landform,0.0030816640986132513,0.005649717514124294,-0.0025680534155110425,0.5454545454545455,low_n_descriptive_only,FALSE
Ko->Na,4,B_830304_57_LF_CLASS::台地・段丘,荒川 / basin 57 / 台地・段丘,drop,11,15,0.7333333333333333,977,2655,watersystem_x_unit_basin_x_landform,0.011258955987717503,0.005649717514124294,0.005609238473593209,1.992835209825998,low_n_descriptive_only,FALSE
Ko->Na,4,B_830304_57_LF_CLASS::台地・段丘,荒川 / basin 57 / 台地・段丘,new,2,15,0.13333333333333333,1029,2655,watersystem_x_unit_basin_x_landform,0.001943634596695821,0.005649717514124294,-0.003706082917428473,0.34402332361516036,low_n_descriptive_only,FALSE
Ko->Na,4,B_830304_57_LF_CLASS::山地斜面等,荒川 / basin 57 / 山地斜面等,continue,2,8,0.25,649,2655,watersystem_x_unit_basin_x_landform,0.0030816640986132513,0.0030131826741996233,6.848142441362795e-5,1.0227272727272727,low_n_descriptive_only,FALSE
Ko->Na,4,B_830304_57_LF_CLASS::山地斜面等,荒川 / basin 57 / 山地斜面等,drop,5,8,0.625,977,2655,watersystem_x_unit_basin_x_landform,0.00511770726714432,0.0030131826741996233,0.0021045245929446964,1.6984390992835212,low_n_descriptive_only,FALSE
Ko->Na,4,B_830304_57_LF_CLASS::山地斜面等,荒川 / basin 57 / 山地斜面等,new,1,8,0.125,1029,2655,watersystem_x_unit_basin_x_landform,9.718172983479105e-4,0.0030131826741996233,-0.002041365375851713,0.32252186588921283,low_n_descriptive_only,FALSE
Ko->Na,4,B_830304_57_LF_CLASS::氾濫平野・海岸平野,荒川 / basin 57 / 氾濫平野・海岸平野,continue,1,4,0.25,649,2655,watersystem_x_unit_basin_x_landform,0.0015408320493066256,0.0015065913370998117,3.4240712206813975e-5,1.0227272727272727,low_n_descriptive_only,FALSE
Ko->Na,4,B_830304_57_LF_CLASS::氾濫平野・海岸平野,荒川 / basin 57 / 氾濫平野・海岸平野,drop,2,4,0.5,977,2655,watersystem_x_unit_basin_x_landform,0.0020470829068577278,0.0015065913370998117,5.404915697579161e-4,1.3587512794268168,low_n_descriptive_only,FALSE
Ko->Na,4,B_830304_57_LF_CLASS::氾濫平野・海岸平野,荒川 / basin 57 / 氾濫平野・海岸平野,new,1,4,0.25,1029,2655,watersystem_x_unit_basin_x_landform,9.718172983479105e-4,0.0015065913370998117,-5.347740387519011e-4,0.6450437317784257,low_n_descriptive_only,FALSE
Ko->Na,4,B_830304_61_LF_CLASS::台地・段丘,荒川 / basin 61 / 台地・段丘,continue,4,11,0.36363636363636365,649,2655,watersystem_x_unit_basin_x_landform,0.0061633281972265025,0.004143126177024482,0.00202020202020202,1.487603305785124,low_n_descriptive_only,FALSE
Ko->Na,4,B_830304_61_LF_CLASS::台地・段丘,荒川 / basin 61 / 台地・段丘,drop,6,11,0.5454545454545454,977,2655,watersystem_x_unit_basin_x_landform,0.006141248720573183,0.004143126177024482,0.0019981225435487006,1.4822741230110728,low_n_descriptive_only,FALSE
Ko->Na,4,B_830304_61_LF_CLASS::台地・段丘,荒川 / basin 61 / 台地・段丘,new,1,11,0.09090909090909091,1029,2655,watersystem_x_unit_basin_x_landform,9.718172983479105e-4,0.004143126177024482,-0.003171308878676572,0.2345613570103366,low_n_descriptive_only,FALSE
Ko->Na,4,B_830304_61_LF_CLASS::山地斜面等,荒川 / basin 61 / 山地斜面等,drop,1,3,0.3333333333333333,977,2655,watersystem_x_unit_basin_x_landform,0.0010235414534288639,0.0011299435028248588,-1.064020493959949e-4,0.9058341862845445,low_n_descriptive_only,FALSE
Ko->Na,4,B_830304_61_LF_CLASS::山地斜面等,荒川 / basin 61 / 山地斜面等,new,2,3,0.6666666666666666,1029,2655,watersystem_x_unit_basin_x_landform,0.001943634596695821,0.0011299435028248588,8.136910938709623e-4,1.7201166180758016,low_n_descriptive_only,FALSE
Ko->Na,4,B_830304_67_LF_CLASS::凹地・浅い谷,荒川 / basin 67 / 凹地・浅い谷,drop,1,1,1,977,2655,watersystem_x_unit_basin_x_landform,0.0010235414534288639,3.766478342749529e-4,6.46893619153911e-4,2.7175025588536337,low_n_descriptive_only,FALSE
Ko->Na,4,B_830304_67_LF_CLASS::台地・段丘,荒川 / basin 67 / 台地・段丘,drop,2,2,1,977,2655,watersystem_x_unit_basin_x_landform,0.0020470829068577278,7.532956685499058e-4,0.001293787238307822,2.7175025588536337,low_n_descriptive_only,FALSE
Ko->Na,4,B_830304_67_LF_CLASS::山地斜面等,荒川 / basin 67 / 山地斜面等,new,1,1,1,1029,2655,watersystem_x_unit_basin_x_landform,9.718172983479105e-4,3.766478342749529e-4,5.951694640729576e-4,2.5801749271137027,low_n_descriptive_only,FALSE
Ko->Na,4,B_830304_68_LF_CLASS::台地・段丘,荒川 / basin 68 / 台地・段丘,continue,5,10,0.5,649,2655,watersystem_x_unit_basin_x_landform,0.007704160246533128,0.003766478342749529,0.0039376819037835985,2.0454545454545454,low_n_descriptive_only,FALSE
Ko->Na,4,B_830304_68_LF_CLASS::台地・段丘,荒川 / basin 68 / 台地・段丘,new,5,10,0.5,1029,2655,watersystem_x_unit_basin_x_landform,0.004859086491739553,0.003766478342749529,0.001092608148990024,1.2900874635568513,low_n_descriptive_only,FALSE
Ko->Na,4,B_830304_68_LF_CLASS::山地斜面等,荒川 / basin 68 / 山地斜面等,new,2,2,1,1029,2655,watersystem_x_unit_basin_x_landform,0.001943634596695821,7.532956685499058e-4,0.0011903389281459151,2.5801749271137027,low_n_descriptive_only,FALSE
Ko->Na,4,B_830304_69_LF_CLASS::台地・段丘,荒川 / basin 69 / 台地・段丘,continue,2,7,0.2857142857142857,649,2655,watersystem_x_unit_basin_x_landform,0.0030816640986132513,0.0026365348399246705,4.451292586885808e-4,1.1688311688311688,low_n_descriptive_only,FALSE
Ko->Na,4,B_830304_69_LF_CLASS::台地・段丘,荒川 / basin 69 / 台地・段丘,drop,5,7,0.7142857142857143,977,2655,watersystem_x_unit_basin_x_landform,0.00511770726714432,0.0026365348399246705,0.0024811724272196492,1.941073256324024,low_n_descriptive_only,FALSE
Ko->Na,4,B_830304_69_LF_CLASS::山地斜面等,荒川 / basin 69 / 山地斜面等,continue,1,4,0.25,649,2655,watersystem_x_unit_basin_x_landform,0.0015408320493066256,0.0015065913370998117,3.4240712206813975e-5,1.0227272727272727,low_n_descriptive_only,FALSE
Ko->Na,4,B_830304_69_LF_CLASS::山地斜面等,荒川 / basin 69 / 山地斜面等,drop,1,4,0.25,977,2655,watersystem_x_unit_basin_x_landform,0.0010235414534288639,0.0015065913370998117,-4.8304988367094777e-4,0.6793756397134084,low_n_descriptive_only,FALSE
Ko->Na,4,B_830304_69_LF_CLASS::山地斜面等,荒川 / basin 69 / 山地斜面等,new,2,4,0.5,1029,2655,watersystem_x_unit_basin_x_landform,0.001943634596695821,0.0015065913370998117,4.370432595960094e-4,1.2900874635568513,low_n_descriptive_only,FALSE
Ko->Na,4,B_830304_69_LF_CLASS::氾濫平野・海岸平野,荒川 / basin 69 / 氾濫平野・海岸平野,drop,1,1,1,977,2655,watersystem_x_unit_basin_x_landform,0.0010235414534288639,3.766478342749529e-4,6.46893619153911e-4,2.7175025588536337,low_n_descriptive_only,FALSE
Ko->Na,4,B_830304_70_LF_CLASS::台地・段丘,荒川 / basin 70 / 台地・段丘,continue,2,16,0.125,649,2655,watersystem_x_unit_basin_x_landform,0.0030816640986132513,0.006026365348399247,-0.0029447012497859954,0.5113636363636364,low_n_descriptive_only,FALSE
Ko->Na,4,B_830304_70_LF_CLASS::台地・段丘,荒川 / basin 70 / 台地・段丘,drop,13,16,0.8125,977,2655,watersystem_x_unit_basin_x_landform,0.01330603889457523,0.006026365348399247,0.007279673546175984,2.2079708290685773,low_n_descriptive_only,FALSE
Ko->Na,4,B_830304_70_LF_CLASS::台地・段丘,荒川 / basin 70 / 台地・段丘,new,1,16,0.0625,1029,2655,watersystem_x_unit_basin_x_landform,9.718172983479105e-4,0.006026365348399247,-0.005054548050051336,0.16126093294460642,low_n_descriptive_only,FALSE
Ko->Na,4,B_830304_70_LF_CLASS::山地斜面等,荒川 / basin 70 / 山地斜面等,continue,1,5,0.2,649,2655,watersystem_x_unit_basin_x_landform,0.0015408320493066256,0.0018832391713747645,-3.424071220681389e-4,0.8181818181818182,low_n_descriptive_only,FALSE
Ko->Na,4,B_830304_70_LF_CLASS::山地斜面等,荒川 / basin 70 / 山地斜面等,drop,2,5,0.4,977,2655,watersystem_x_unit_basin_x_landform,0.0020470829068577278,0.0018832391713747645,1.6384373548296327e-4,1.0870010235414536,low_n_descriptive_only,FALSE
Ko->Na,4,B_830304_70_LF_CLASS::山地斜面等,荒川 / basin 70 / 山地斜面等,new,2,5,0.4,1029,2655,watersystem_x_unit_basin_x_landform,0.001943634596695821,0.0018832391713747645,6.0395425321056566e-5,1.032069970845481,low_n_descriptive_only,FALSE
Ko->Na,4,B_830304_70_LF_CLASS::氾濫平野・海岸平野,荒川 / basin 70 / 氾濫平野・海岸平野,drop,1,1,1,977,2655,watersystem_x_unit_basin_x_landform,0.0010235414534288639,3.766478342749529e-4,6.46893619153911e-4,2.7175025588536337,low_n_descriptive_only,FALSE
Ko->Na,4,B_830304_79_LF_CLASS::台地・段丘,荒川 / basin 79 / 台地・段丘,continue,2,2,1,649,2655,watersystem_x_unit_basin_x_landform,0.0030816640986132513,7.532956685499058e-4,0.0023283684300633455,4.090909090909091,low_n_descriptive_only,FALSE
Ko->Na,4,B_830304_83_LF_CLASS::台地・段丘,荒川 / basin 83 / 台地・段丘,continue,6,9,0.6666666666666666,649,2655,watersystem_x_unit_basin_x_landform,0.009244992295839754,0.003389830508474576,0.005855161787365178,2.7272727272727275,low_n_descriptive_only,FALSE
Ko->Na,4,B_830304_83_LF_CLASS::台地・段丘,荒川 / basin 83 / 台地・段丘,drop,3,9,0.3333333333333333,977,2655,watersystem_x_unit_basin_x_landform,0.0030706243602865915,0.003389830508474576,-3.192061481879847e-4,0.9058341862845445,low_n_descriptive_only,FALSE
Ko->Na,4,B_830304_83_LF_CLASS::山地斜面等,荒川 / basin 83 / 山地斜面等,continue,1,2,0.5,649,2655,watersystem_x_unit_basin_x_landform,0.0015408320493066256,7.532956685499058e-4,7.875363807567198e-4,2.0454545454545454,low_n_descriptive_only,FALSE
Ko->Na,4,B_830304_83_LF_CLASS::山地斜面等,荒川 / basin 83 / 山地斜面等,new,1,2,0.5,1029,2655,watersystem_x_unit_basin_x_landform,9.718172983479105e-4,7.532956685499058e-4,2.185216297980047e-4,1.2900874635568513,low_n_descriptive_only,FALSE
Ko->Na,4,B_830304_86_LF_CLASS::台地・段丘,荒川 / basin 86 / 台地・段丘,continue,9,16,0.5625,649,2655,watersystem_x_unit_basin_x_landform,0.01386748844375963,0.006026365348399247,0.007841123095360385,2.3011363636363638,low_n_descriptive_only,FALSE
Ko->Na,4,B_830304_86_LF_CLASS::台地・段丘,荒川 / basin 86 / 台地・段丘,drop,4,16,0.25,977,2655,watersystem_x_unit_basin_x_landform,0.0040941658137154556,0.006026365348399247,-0.001932199534683791,0.6793756397134084,low_n_descriptive_only,FALSE
Ko->Na,4,B_830304_86_LF_CLASS::台地・段丘,荒川 / basin 86 / 台地・段丘,new,3,16,0.1875,1029,2655,watersystem_x_unit_basin_x_landform,0.0029154518950437317,0.006026365348399247,-0.003110913453355515,0.48378279883381925,low_n_descriptive_only,FALSE
Ko->Na,4,B_830304_86_LF_CLASS::山地斜面等,荒川 / basin 86 / 山地斜面等,continue,6,15,0.4,649,2655,watersystem_x_unit_basin_x_landform,0.009244992295839754,0.005649717514124294,0.0035952747817154605,1.6363636363636365,low_n_descriptive_only,FALSE
Ko->Na,4,B_830304_86_LF_CLASS::山地斜面等,荒川 / basin 86 / 山地斜面等,drop,4,15,0.26666666666666666,977,2655,watersystem_x_unit_basin_x_landform,0.0040941658137154556,0.005649717514124294,-0.0015555517004088382,0.7246673490276356,low_n_descriptive_only,FALSE
Ko->Na,4,B_830304_86_LF_CLASS::山地斜面等,荒川 / basin 86 / 山地斜面等,new,5,15,0.3333333333333333,1029,2655,watersystem_x_unit_basin_x_landform,0.004859086491739553,0.005649717514124294,-7.906310223847407e-4,0.8600583090379009,low_n_descriptive_only,FALSE
Ko->Na,4,B_830304_86_LF_CLASS::山麓堆積地形,荒川 / basin 86 / 山麓堆積地形,continue,2,2,1,649,2655,watersystem_x_unit_basin_x_landform,0.0030816640986132513,7.532956685499058e-4,0.0023283684300633455,4.090909090909091,low_n_descriptive_only,FALSE
Ko->Na,4,B_830304_86_LF_CLASS::水部,荒川 / basin 86 / 水部,new,2,2,1,1029,2655,watersystem_x_unit_basin_x_landform,0.001943634596695821,7.532956685499058e-4,0.0011903389281459151,2.5801749271137027,low_n_descriptive_only,FALSE
Ko->Na,4,B_830304_86_LF_CLASS::氾濫平野・海岸平野,荒川 / basin 86 / 氾濫平野・海岸平野,continue,5,9,0.5555555555555556,649,2655,watersystem_x_unit_basin_x_landform,0.007704160246533128,0.003389830508474576,0.004314329738058552,2.272727272727273,low_n_descriptive_only,FALSE
Ko->Na,4,B_830304_86_LF_CLASS::氾濫平野・海岸平野,荒川 / basin 86 / 氾濫平野・海岸平野,drop,2,9,0.2222222222222222,977,2655,watersystem_x_unit_basin_x_landform,0.0020470829068577278,0.003389830508474576,-0.0013427476016168484,0.6038894575230297,low_n_descriptive_only,FALSE
Ko->Na,4,B_830304_86_LF_CLASS::氾濫平野・海岸平野,荒川 / basin 86 / 氾濫平野・海岸平野,new,2,9,0.2222222222222222,1029,2655,watersystem_x_unit_basin_x_landform,0.001943634596695821,0.003389830508474576,-0.001446195911778755,0.5733722060252673,low_n_descriptive_only,FALSE
Ko->Na,4,B_830304_87_LF_CLASS::山地斜面等,荒川 / basin 87 / 山地斜面等,drop,1,2,0.5,977,2655,watersystem_x_unit_basin_x_landform,0.0010235414534288639,7.532956685499058e-4,2.7024578487895806e-4,1.3587512794268168,low_n_descriptive_only,FALSE
Ko->Na,4,B_830304_87_LF_CLASS::山地斜面等,荒川 / basin 87 / 山地斜面等,new,1,2,0.5,1029,2655,watersystem_x_unit_basin_x_landform,9.718172983479105e-4,7.532956685499058e-4,2.185216297980047e-4,1.2900874635568513,low_n_descriptive_only,FALSE
Ko->Na,4,B_830304_88_LF_CLASS::山地斜面等,荒川 / basin 88 / 山地斜面等,continue,1,8,0.125,649,2655,watersystem_x_unit_basin_x_landform,0.0015408320493066256,0.0030131826741996233,-0.0014723506248929977,0.5113636363636364,low_n_descriptive_only,FALSE
Ko->Na,4,B_830304_88_LF_CLASS::山地斜面等,荒川 / basin 88 / 山地斜面等,drop,7,8,0.875,977,2655,watersystem_x_unit_basin_x_landform,0.007164790174002047,0.0030131826741996233,0.004151607499802423,2.3778147389969293,low_n_descriptive_only,FALSE
Ko->Na,4,B_830304_88_LF_CLASS::山麓堆積地形,荒川 / basin 88 / 山麓堆積地形,drop,1,1,1,977,2655,watersystem_x_unit_basin_x_landform,0.0010235414534288639,3.766478342749529e-4,6.46893619153911e-4,2.7175025588536337,low_n_descriptive_only,FALSE
Ko->Na,4,B_830305_10_LF_CLASS::台地・段丘,多摩川 / basin 10 / 台地・段丘,continue,17,56,0.30357142857142855,649,2655,watersystem_x_unit_basin_x_landform,0.026194144838212634,0.021092278719397364,0.00510186611881527,1.2418831168831168,eligible,FALSE
Ko->Na,4,B_830305_10_LF_CLASS::台地・段丘,多摩川 / basin 10 / 台地・段丘,drop,34,56,0.6071428571428571,977,2655,watersystem_x_unit_basin_x_landform,0.03480040941658137,0.021092278719397364,0.013708130697184007,1.6499122678754203,eligible,FALSE
Ko->Na,4,B_830305_10_LF_CLASS::台地・段丘,多摩川 / basin 10 / 台地・段丘,new,5,56,0.08928571428571429,1029,2655,watersystem_x_unit_basin_x_landform,0.004859086491739553,0.021092278719397364,-0.01623319222765781,0.23037276134943774,eligible,FALSE
Ko->Na,4,B_830305_10_LF_CLASS::山地斜面等,多摩川 / basin 10 / 山地斜面等,drop,2,2,1,977,2655,watersystem_x_unit_basin_x_landform,0.0020470829068577278,7.532956685499058e-4,0.001293787238307822,2.7175025588536337,low_n_descriptive_only,FALSE
Ko->Na,4,B_830305_10_LF_CLASS::崖・段丘崖,多摩川 / basin 10 / 崖・段丘崖,drop,1,1,1,977,2655,watersystem_x_unit_basin_x_landform,0.0010235414534288639,3.766478342749529e-4,6.46893619153911e-4,2.7175025588536337,low_n_descriptive_only,FALSE
Ko->Na,4,B_830305_10_LF_CLASS::氾濫平野・海岸平野,多摩川 / basin 10 / 氾濫平野・海岸平野,drop,3,3,1,977,2655,watersystem_x_unit_basin_x_landform,0.0030706243602865915,0.0011299435028248588,0.0019406808574617327,2.7175025588536332,low_n_descriptive_only,FALSE
Ko->Na,4,B_830305_12_LF_CLASS::凹地・浅い谷,多摩川 / basin 12 / 凹地・浅い谷,continue,2,6,0.3333333333333333,649,2655,watersystem_x_unit_basin_x_landform,0.0030816640986132513,0.0022598870056497176,8.217770929635337e-4,1.3636363636363635,low_n_descriptive_only,FALSE
Ko->Na,4,B_830305_12_LF_CLASS::凹地・浅い谷,多摩川 / basin 12 / 凹地・浅い谷,drop,4,6,0.6666666666666666,977,2655,watersystem_x_unit_basin_x_landform,0.0040941658137154556,0.0022598870056497176,0.001834278808065738,1.811668372569089,low_n_descriptive_only,FALSE
Ko->Na,4,B_830305_12_LF_CLASS::台地・段丘,多摩川 / basin 12 / 台地・段丘,continue,13,54,0.24074074074074073,649,2655,watersystem_x_unit_basin_x_landform,0.020030816640986132,0.020338983050847456,-3.0816640986132404e-4,0.9848484848484849,eligible,FALSE
Ko->Na,4,B_830305_12_LF_CLASS::台地・段丘,多摩川 / basin 12 / 台地・段丘,drop,37,54,0.6851851851851852,977,2655,watersystem_x_unit_basin_x_landform,0.037871033776867964,0.020338983050847456,0.017532050726020508,1.8619924940293417,eligible,FALSE
Ko->Na,4,B_830305_12_LF_CLASS::台地・段丘,多摩川 / basin 12 / 台地・段丘,new,4,54,0.07407407407407407,1029,2655,watersystem_x_unit_basin_x_landform,0.003887269193391642,0.020338983050847456,-0.016451713857455814,0.19112406867508908,eligible,FALSE
Ko->Na,4,B_830305_12_LF_CLASS::旧河道,多摩川 / basin 12 / 旧河道,drop,1,2,0.5,977,2655,watersystem_x_unit_basin_x_landform,0.0010235414534288639,7.532956685499058e-4,2.7024578487895806e-4,1.3587512794268168,low_n_descriptive_only,FALSE
Ko->Na,4,B_830305_12_LF_CLASS::旧河道,多摩川 / basin 12 / 旧河道,new,1,2,0.5,1029,2655,watersystem_x_unit_basin_x_landform,9.718172983479105e-4,7.532956685499058e-4,2.185216297980047e-4,1.2900874635568513,low_n_descriptive_only,FALSE
Ko->Na,4,B_830305_12_LF_CLASS::氾濫平野・海岸平野,多摩川 / basin 12 / 氾濫平野・海岸平野,drop,1,1,1,977,2655,watersystem_x_unit_basin_x_landform,0.0010235414534288639,3.766478342749529e-4,6.46893619153911e-4,2.7175025588536337,low_n_descriptive_only,FALSE
Ko->Na,4,B_830305_12_LF_CLASS::自然堤防,多摩川 / basin 12 / 自然堤防,continue,1,1,1,649,2655,watersystem_x_unit_basin_x_landform,0.0015408320493066256,3.766478342749529e-4,0.0011641842150316728,4.090909090909091,low_n_descriptive_only,FALSE
Ko->Na,4,B_830305_13_LF_CLASS::台地・段丘,多摩川 / basin 13 / 台地・段丘,continue,7,27,0.25925925925925924,649,2655,watersystem_x_unit_basin_x_landform,0.01078582434514638,0.010169491525423728,6.163328197226516e-4,1.0606060606060608,eligible,FALSE
Ko->Na,4,B_830305_13_LF_CLASS::台地・段丘,多摩川 / basin 13 / 台地・段丘,drop,20,27,0.7407407407407407,977,2655,watersystem_x_unit_basin_x_landform,0.02047082906857728,0.010169491525423728,0.01030133754315355,2.012964858410099,eligible,FALSE
Ko->Na,4,B_830305_13_LF_CLASS::氾濫平野・海岸平野,多摩川 / basin 13 / 氾濫平野・海岸平野,continue,2,3,0.6666666666666666,649,2655,watersystem_x_unit_basin_x_landform,0.0030816640986132513,0.0011299435028248588,0.0019517205957883925,2.727272727272727,low_n_descriptive_only,FALSE
Ko->Na,4,B_830305_13_LF_CLASS::氾濫平野・海岸平野,多摩川 / basin 13 / 氾濫平野・海岸平野,drop,1,3,0.3333333333333333,977,2655,watersystem_x_unit_basin_x_landform,0.0010235414534288639,0.0011299435028248588,-1.064020493959949e-4,0.9058341862845445,low_n_descriptive_only,FALSE
Ko->Na,4,B_830305_14_LF_CLASS::凹地・浅い谷,多摩川 / basin 14 / 凹地・浅い谷,continue,1,1,1,649,2655,watersystem_x_unit_basin_x_landform,0.0015408320493066256,3.766478342749529e-4,0.0011641842150316728,4.090909090909091,low_n_descriptive_only,FALSE
Ko->Na,4,B_830305_14_LF_CLASS::台地・段丘,多摩川 / basin 14 / 台地・段丘,continue,7,28,0.25,649,2655,watersystem_x_unit_basin_x_landform,0.01078582434514638,0.010546139359698682,2.3968498544769783e-4,1.0227272727272727,eligible,FALSE
Ko->Na,4,B_830305_14_LF_CLASS::台地・段丘,多摩川 / basin 14 / 台地・段丘,drop,15,28,0.5357142857142857,977,2655,watersystem_x_unit_basin_x_landform,0.015353121801432957,0.010546139359698682,0.0048069824417342755,1.455804942243018,eligible,FALSE
Ko->Na,4,B_830305_14_LF_CLASS::台地・段丘,多摩川 / basin 14 / 台地・段丘,new,6,28,0.21428571428571427,1029,2655,watersystem_x_unit_basin_x_landform,0.0058309037900874635,0.010546139359698682,-0.004715235569611218,0.5528946272386506,eligible,FALSE
Ko->Na,4,B_830305_14_LF_CLASS::山地斜面等,多摩川 / basin 14 / 山地斜面等,new,1,1,1,1029,2655,watersystem_x_unit_basin_x_landform,9.718172983479105e-4,3.766478342749529e-4,5.951694640729576e-4,2.5801749271137027,low_n_descriptive_only,FALSE
Ko->Na,4,B_830305_14_LF_CLASS::崖・段丘崖,多摩川 / basin 14 / 崖・段丘崖,continue,1,2,0.5,649,2655,watersystem_x_unit_basin_x_landform,0.0015408320493066256,7.532956685499058e-4,7.875363807567198e-4,2.0454545454545454,low_n_descriptive_only,FALSE
Ko->Na,4,B_830305_14_LF_CLASS::崖・段丘崖,多摩川 / basin 14 / 崖・段丘崖,drop,1,2,0.5,977,2655,watersystem_x_unit_basin_x_landform,0.0010235414534288639,7.532956685499058e-4,2.7024578487895806e-4,1.3587512794268168,low_n_descriptive_only,FALSE
Ko->Na,4,B_830305_14_LF_CLASS::氾濫平野・海岸平野,多摩川 / basin 14 / 氾濫平野・海岸平野,drop,1,1,1,977,2655,watersystem_x_unit_basin_x_landform,0.0010235414534288639,3.766478342749529e-4,6.46893619153911e-4,2.7175025588536337,low_n_descriptive_only,FALSE
Ko->Na,4,B_830305_16_LF_CLASS::台地・段丘,多摩川 / basin 16 / 台地・段丘,continue,1,5,0.2,649,2655,watersystem_x_unit_basin_x_landform,0.0015408320493066256,0.0018832391713747645,-3.424071220681389e-4,0.8181818181818182,low_n_descriptive_only,FALSE
Ko->Na,4,B_830305_16_LF_CLASS::台地・段丘,多摩川 / basin 16 / 台地・段丘,drop,4,5,0.8,977,2655,watersystem_x_unit_basin_x_landform,0.0040941658137154556,0.0018832391713747645,0.0022109266423406913,2.174002047082907,low_n_descriptive_only,FALSE
Ko->Na,4,B_830305_16_LF_CLASS::山地斜面等,多摩川 / basin 16 / 山地斜面等,new,2,2,1,1029,2655,watersystem_x_unit_basin_x_landform,0.001943634596695821,7.532956685499058e-4,0.0011903389281459151,2.5801749271137027,low_n_descriptive_only,FALSE
Ko->Na,4,B_830305_16_LF_CLASS::崖・段丘崖,多摩川 / basin 16 / 崖・段丘崖,drop,1,2,0.5,977,2655,watersystem_x_unit_basin_x_landform,0.0010235414534288639,7.532956685499058e-4,2.7024578487895806e-4,1.3587512794268168,low_n_descriptive_only,FALSE
Ko->Na,4,B_830305_16_LF_CLASS::崖・段丘崖,多摩川 / basin 16 / 崖・段丘崖,new,1,2,0.5,1029,2655,watersystem_x_unit_basin_x_landform,9.718172983479105e-4,7.532956685499058e-4,2.185216297980047e-4,1.2900874635568513,low_n_descriptive_only,FALSE
Ko->Na,4,B_830305_17_LF_CLASS::台地・段丘,多摩川 / basin 17 / 台地・段丘,continue,2,8,0.25,649,2655,watersystem_x_unit_basin_x_landform,0.0030816640986132513,0.0030131826741996233,6.848142441362795e-5,1.0227272727272727,low_n_descriptive_only,FALSE
Ko->Na,4,B_830305_17_LF_CLASS::台地・段丘,多摩川 / basin 17 / 台地・段丘,new,6,8,0.75,1029,2655,watersystem_x_unit_basin_x_landform,0.0058309037900874635,0.0030131826741996233,0.00281772111588784,1.935131195335277,low_n_descriptive_only,FALSE
Ko->Na,4,B_830305_17_LF_CLASS::山地斜面等,多摩川 / basin 17 / 山地斜面等,continue,10,41,0.24390243902439024,649,2655,watersystem_x_unit_basin_x_landform,0.015408320493066256,0.01544256120527307,-3.4240712206813975e-5,0.9977827050997783,eligible,FALSE
Ko->Na,4,B_830305_17_LF_CLASS::山地斜面等,多摩川 / basin 17 / 山地斜面等,drop,5,41,0.12195121951219512,977,2655,watersystem_x_unit_basin_x_landform,0.00511770726714432,0.01544256120527307,-0.01032485393812875,0.33140275107971146,eligible,FALSE
Ko->Na,4,B_830305_17_LF_CLASS::山地斜面等,多摩川 / basin 17 / 山地斜面等,new,26,41,0.6341463414634146,1029,2655,watersystem_x_unit_basin_x_landform,0.025267249757045675,0.01544256120527307,0.009824688551772605,1.6362084903647869,eligible,FALSE
Ko->Na,4,B_830305_17_LF_CLASS::山麓堆積地形,多摩川 / basin 17 / 山麓堆積地形,new,1,1,1,1029,2655,watersystem_x_unit_basin_x_landform,9.718172983479105e-4,3.766478342749529e-4,5.951694640729576e-4,2.5801749271137027,low_n_descriptive_only,FALSE
Ko->Na,4,B_830305_17_LF_CLASS::氾濫平野・海岸平野,多摩川 / basin 17 / 氾濫平野・海岸平野,continue,2,4,0.5,649,2655,watersystem_x_unit_basin_x_landform,0.0030816640986132513,0.0015065913370998117,0.0015750727615134396,2.0454545454545454,low_n_descriptive_only,FALSE
Ko->Na,4,B_830305_17_LF_CLASS::氾濫平野・海岸平野,多摩川 / basin 17 / 氾濫平野・海岸平野,new,2,4,0.5,1029,2655,watersystem_x_unit_basin_x_landform,0.001943634596695821,0.0015065913370998117,4.370432595960094e-4,1.2900874635568513,low_n_descriptive_only,FALSE
Ko->Na,4,B_830305_18_LF_CLASS::凹地・浅い谷,多摩川 / basin 18 / 凹地・浅い谷,new,2,2,1,1029,2655,watersystem_x_unit_basin_x_landform,0.001943634596695821,7.532956685499058e-4,0.0011903389281459151,2.5801749271137027,low_n_descriptive_only,FALSE
Ko->Na,4,B_830305_18_LF_CLASS::台地・段丘,多摩川 / basin 18 / 台地・段丘,continue,18,48,0.375,649,2655,watersystem_x_unit_basin_x_landform,0.02773497688751926,0.01807909604519774,0.00965588084232152,1.5340909090909092,eligible,FALSE
Ko->Na,4,B_830305_18_LF_CLASS::台地・段丘,多摩川 / basin 18 / 台地・段丘,drop,5,48,0.10416666666666667,977,2655,watersystem_x_unit_basin_x_landform,0.00511770726714432,0.01807909604519774,-0.012961388778053421,0.28307318321392017,eligible,FALSE
Ko->Na,4,B_830305_18_LF_CLASS::台地・段丘,多摩川 / basin 18 / 台地・段丘,new,25,48,0.5208333333333334,1029,2655,watersystem_x_unit_basin_x_landform,0.024295432458697766,0.01807909604519774,0.006216336413500025,1.34384110787172,eligible,FALSE
Ko->Na,4,B_830305_18_LF_CLASS::山地斜面等,多摩川 / basin 18 / 山地斜面等,continue,1,6,0.16666666666666666,649,2655,watersystem_x_unit_basin_x_landform,0.0015408320493066256,0.0022598870056497176,-7.19054956343092e-4,0.6818181818181818,low_n_descriptive_only,FALSE
Ko->Na,4,B_830305_18_LF_CLASS::山地斜面等,多摩川 / basin 18 / 山地斜面等,new,5,6,0.8333333333333334,1029,2655,watersystem_x_unit_basin_x_landform,0.004859086491739553,0.0022598870056497176,0.0025991994860898354,2.150145772594752,low_n_descriptive_only,FALSE
Ko->Na,4,B_830305_18_LF_CLASS::崖・段丘崖,多摩川 / basin 18 / 崖・段丘崖,continue,3,6,0.5,649,2655,watersystem_x_unit_basin_x_landform,0.004622496147919877,0.0022598870056497176,0.0023626091422701595,2.0454545454545454,low_n_descriptive_only,FALSE
Ko->Na,4,B_830305_18_LF_CLASS::崖・段丘崖,多摩川 / basin 18 / 崖・段丘崖,drop,1,6,0.16666666666666666,977,2655,watersystem_x_unit_basin_x_landform,0.0010235414534288639,0.0022598870056497176,-0.0012363455522208537,0.45291709314227224,low_n_descriptive_only,FALSE
Ko->Na,4,B_830305_18_LF_CLASS::崖・段丘崖,多摩川 / basin 18 / 崖・段丘崖,new,2,6,0.3333333333333333,1029,2655,watersystem_x_unit_basin_x_landform,0.001943634596695821,0.0022598870056497176,-3.162524089538965e-4,0.8600583090379008,low_n_descriptive_only,FALSE
Ko->Na,4,B_830305_18_LF_CLASS::水部,多摩川 / basin 18 / 水部,new,1,1,1,1029,2655,watersystem_x_unit_basin_x_landform,9.718172983479105e-4,3.766478342749529e-4,5.951694640729576e-4,2.5801749271137027,low_n_descriptive_only,FALSE
Ko->Na,4,B_830305_18_LF_CLASS::氾濫平野・海岸平野,多摩川 / basin 18 / 氾濫平野・海岸平野,continue,1,5,0.2,649,2655,watersystem_x_unit_basin_x_landform,0.0015408320493066256,0.0018832391713747645,-3.424071220681389e-4,0.8181818181818182,low_n_descriptive_only,FALSE
Ko->Na,4,B_830305_18_LF_CLASS::氾濫平野・海岸平野,多摩川 / basin 18 / 氾濫平野・海岸平野,drop,2,5,0.4,977,2655,watersystem_x_unit_basin_x_landform,0.0020470829068577278,0.0018832391713747645,1.6384373548296327e-4,1.0870010235414536,low_n_descriptive_only,FALSE
Ko->Na,4,B_830305_18_LF_CLASS::氾濫平野・海岸平野,多摩川 / basin 18 / 氾濫平野・海岸平野,new,2,5,0.4,1029,2655,watersystem_x_unit_basin_x_landform,0.001943634596695821,0.0018832391713747645,6.0395425321056566e-5,1.032069970845481,low_n_descriptive_only,FALSE
Ko->Na,4,B_830305_19_LF_CLASS::凹地・浅い谷,多摩川 / basin 19 / 凹地・浅い谷,new,2,2,1,1029,2655,watersystem_x_unit_basin_x_landform,0.001943634596695821,7.532956685499058e-4,0.0011903389281459151,2.5801749271137027,low_n_descriptive_only,FALSE
Ko->Na,4,B_830305_19_LF_CLASS::台地・段丘,多摩川 / basin 19 / 台地・段丘,continue,3,106,0.02830188679245283,649,2655,watersystem_x_unit_basin_x_landform,0.004622496147919877,0.03992467043314501,-0.035302174285225134,0.11578044596912522,eligible,FALSE
Ko->Na,4,B_830305_19_LF_CLASS::台地・段丘,多摩川 / basin 19 / 台地・段丘,drop,94,106,0.8867924528301887,977,2655,watersystem_x_unit_basin_x_landform,0.09621289662231321,0.03992467043314501,0.0562882261891682,2.409860759738128,eligible,FALSE
Ko->Na,4,B_830305_19_LF_CLASS::台地・段丘,多摩川 / basin 19 / 台地・段丘,new,9,106,0.08490566037735849,1029,2655,watersystem_x_unit_basin_x_landform,0.008746355685131196,0.03992467043314501,-0.031178314748013813,0.21907145607569176,eligible,FALSE
Ko->Na,4,B_830305_19_LF_CLASS::山地斜面等,多摩川 / basin 19 / 山地斜面等,drop,1,4,0.25,977,2655,watersystem_x_unit_basin_x_landform,0.0010235414534288639,0.0015065913370998117,-4.8304988367094777e-4,0.6793756397134084,low_n_descriptive_only,FALSE
Ko->Na,4,B_830305_19_LF_CLASS::山地斜面等,多摩川 / basin 19 / 山地斜面等,new,3,4,0.75,1029,2655,watersystem_x_unit_basin_x_landform,0.0029154518950437317,0.0015065913370998117,0.00140886055794392,1.935131195335277,low_n_descriptive_only,FALSE
Ko->Na,4,B_830305_1_LF_CLASS::氾濫平野・海岸平野,多摩川 / basin 1 / 氾濫平野・海岸平野,new,2,2,1,1029,2655,watersystem_x_unit_basin_x_landform,0.001943634596695821,7.532956685499058e-4,0.0011903389281459151,2.5801749271137027,low_n_descriptive_only,FALSE
Ko->Na,4,B_830305_1_LF_CLASS::自然堤防,多摩川 / basin 1 / 自然堤防,new,1,1,1,1029,2655,watersystem_x_unit_basin_x_landform,9.718172983479105e-4,3.766478342749529e-4,5.951694640729576e-4,2.5801749271137027,low_n_descriptive_only,FALSE
Ko->Na,4,B_830305_20_LF_CLASS::台地・段丘,多摩川 / basin 20 / 台地・段丘,drop,11,16,0.6875,977,2655,watersystem_x_unit_basin_x_landform,0.011258955987717503,0.006026365348399247,0.005232590639318256,1.8682830092118732,low_n_descriptive_only,FALSE
Ko->Na,4,B_830305_20_LF_CLASS::台地・段丘,多摩川 / basin 20 / 台地・段丘,new,5,16,0.3125,1029,2655,watersystem_x_unit_basin_x_landform,0.004859086491739553,0.006026365348399247,-0.0011672788566596936,0.8063046647230321,low_n_descriptive_only,FALSE
Ko->Na,4,B_830305_20_LF_CLASS::崖・段丘崖,多摩川 / basin 20 / 崖・段丘崖,drop,1,2,0.5,977,2655,watersystem_x_unit_basin_x_landform,0.0010235414534288639,7.532956685499058e-4,2.7024578487895806e-4,1.3587512794268168,low_n_descriptive_only,FALSE
Ko->Na,4,B_830305_20_LF_CLASS::崖・段丘崖,多摩川 / basin 20 / 崖・段丘崖,new,1,2,0.5,1029,2655,watersystem_x_unit_basin_x_landform,9.718172983479105e-4,7.532956685499058e-4,2.185216297980047e-4,1.2900874635568513,low_n_descriptive_only,FALSE
Ko->Na,4,B_830305_20_LF_CLASS::氾濫平野・海岸平野,多摩川 / basin 20 / 氾濫平野・海岸平野,continue,1,1,1,649,2655,watersystem_x_unit_basin_x_landform,0.0015408320493066256,3.766478342749529e-4,0.0011641842150316728,4.090909090909091,low_n_descriptive_only,FALSE
Ko->Na,4,B_830305_21_LF_CLASS::台地・段丘,多摩川 / basin 21 / 台地・段丘,new,1,1,1,1029,2655,watersystem_x_unit_basin_x_landform,9.718172983479105e-4,3.766478342749529e-4,5.951694640729576e-4,2.5801749271137027,low_n_descriptive_only,FALSE
Ko->Na,4,B_830305_22_LF_CLASS::台地・段丘,多摩川 / basin 22 / 台地・段丘,continue,1,10,0.1,649,2655,watersystem_x_unit_basin_x_landform,0.0015408320493066256,0.003766478342749529,-0.002225646293442903,0.4090909090909091,low_n_descriptive_only,FALSE
Ko->Na,4,B_830305_22_LF_CLASS::台地・段丘,多摩川 / basin 22 / 台地・段丘,new,9,10,0.9,1029,2655,watersystem_x_unit_basin_x_landform,0.008746355685131196,0.003766478342749529,0.004979877342381667,2.3221574344023326,low_n_descriptive_only,FALSE
Ko->Na,4,B_830305_22_LF_CLASS::山地斜面等,多摩川 / basin 22 / 山地斜面等,continue,6,68,0.08823529411764706,649,2655,watersystem_x_unit_basin_x_landform,0.009244992295839754,0.025612052730696798,-0.016367060434857042,0.36096256684491984,eligible,FALSE
Ko->Na,4,B_830305_22_LF_CLASS::山地斜面等,多摩川 / basin 22 / 山地斜面等,drop,3,68,0.04411764705882353,977,2655,watersystem_x_unit_basin_x_landform,0.0030706243602865915,0.025612052730696798,-0.022541428370410205,0.11988981877295442,eligible,FALSE
Ko->Na,4,B_830305_22_LF_CLASS::山地斜面等,多摩川 / basin 22 / 山地斜面等,new,59,68,0.8676470588235294,1029,2655,watersystem_x_unit_basin_x_landform,0.057337220602526724,0.025612052730696798,0.031725167871829926,2.2386811867604184,eligible,FALSE
Ko->Na,4,B_830305_22_LF_CLASS::山麓堆積地形,多摩川 / basin 22 / 山麓堆積地形,continue,1,6,0.16666666666666666,649,2655,watersystem_x_unit_basin_x_landform,0.0015408320493066256,0.0022598870056497176,-7.19054956343092e-4,0.6818181818181818,low_n_descriptive_only,FALSE
Ko->Na,4,B_830305_22_LF_CLASS::山麓堆積地形,多摩川 / basin 22 / 山麓堆積地形,new,5,6,0.8333333333333334,1029,2655,watersystem_x_unit_basin_x_landform,0.004859086491739553,0.0022598870056497176,0.0025991994860898354,2.150145772594752,low_n_descriptive_only,FALSE
Ko->Na,4,B_830305_22_LF_CLASS::氾濫平野・海岸平野,多摩川 / basin 22 / 氾濫平野・海岸平野,new,13,13,1,1029,2655,watersystem_x_unit_basin_x_landform,0.012633624878522837,0.004896421845574388,0.007737203032948449,2.5801749271137027,low_n_descriptive_only,FALSE
Ko->Na,4,B_830305_23_LF_CLASS::台地・段丘,多摩川 / basin 23 / 台地・段丘,continue,8,27,0.2962962962962963,649,2655,watersystem_x_unit_basin_x_landform,0.012326656394453005,0.010169491525423728,0.002157164869029277,1.2121212121212122,eligible,FALSE
Ko->Na,4,B_830305_23_LF_CLASS::台地・段丘,多摩川 / basin 23 / 台地・段丘,drop,15,27,0.5555555555555556,977,2655,watersystem_x_unit_basin_x_landform,0.015353121801432957,0.010169491525423728,0.005183630276009229,1.5097236438075743,eligible,FALSE
Ko->Na,4,B_830305_23_LF_CLASS::台地・段丘,多摩川 / basin 23 / 台地・段丘,new,4,27,0.14814814814814814,1029,2655,watersystem_x_unit_basin_x_landform,0.003887269193391642,0.010169491525423728,-0.006282222332032086,0.38224813735017815,eligible,FALSE
Ko->Na,4,B_830305_23_LF_CLASS::山地斜面等,多摩川 / basin 23 / 山地斜面等,continue,11,65,0.16923076923076924,649,2655,watersystem_x_unit_basin_x_landform,0.01694915254237288,0.02448210922787194,-0.007532956685499057,0.6923076923076923,eligible,FALSE
Ko->Na,4,B_830305_23_LF_CLASS::山地斜面等,多摩川 / basin 23 / 山地斜面等,drop,9,65,0.13846153846153847,977,2655,watersystem_x_unit_basin_x_landform,0.009211873080859774,0.02448210922787194,-0.015270236147012164,0.37626958507204156,eligible,FALSE
Ko->Na,4,B_830305_23_LF_CLASS::山地斜面等,多摩川 / basin 23 / 山地斜面等,new,45,65,0.6923076923076923,1029,2655,watersystem_x_unit_basin_x_landform,0.043731778425655975,0.02448210922787194,0.019249669197784036,1.7862749495402557,eligible,FALSE
Ko->Na,4,B_830305_23_LF_CLASS::山麓堆積地形,多摩川 / basin 23 / 山麓堆積地形,continue,1,4,0.25,649,2655,watersystem_x_unit_basin_x_landform,0.0015408320493066256,0.0015065913370998117,3.4240712206813975e-5,1.0227272727272727,low_n_descriptive_only,FALSE
Ko->Na,4,B_830305_23_LF_CLASS::山麓堆積地形,多摩川 / basin 23 / 山麓堆積地形,new,3,4,0.75,1029,2655,watersystem_x_unit_basin_x_landform,0.0029154518950437317,0.0015065913370998117,0.00140886055794392,1.935131195335277,low_n_descriptive_only,FALSE
Ko->Na,4,B_830305_23_LF_CLASS::崖・段丘崖,多摩川 / basin 23 / 崖・段丘崖,drop,1,2,0.5,977,2655,watersystem_x_unit_basin_x_landform,0.0010235414534288639,7.532956685499058e-4,2.7024578487895806e-4,1.3587512794268168,low_n_descriptive_only,FALSE
Ko->Na,4,B_830305_23_LF_CLASS::崖・段丘崖,多摩川 / basin 23 / 崖・段丘崖,new,1,2,0.5,1029,2655,watersystem_x_unit_basin_x_landform,9.718172983479105e-4,7.532956685499058e-4,2.185216297980047e-4,1.2900874635568513,low_n_descriptive_only,FALSE
Ko->Na,4,B_830305_23_LF_CLASS::旧河道,多摩川 / basin 23 / 旧河道,continue,1,1,1,649,2655,watersystem_x_unit_basin_x_landform,0.0015408320493066256,3.766478342749529e-4,0.0011641842150316728,4.090909090909091,low_n_descriptive_only,FALSE
Ko->Na,4,B_830305_23_LF_CLASS::氾濫平野・海岸平野,多摩川 / basin 23 / 氾濫平野・海岸平野,continue,5,21,0.23809523809523808,649,2655,watersystem_x_unit_basin_x_landform,0.007704160246533128,0.007909604519774011,-2.0544427324088298e-4,0.9740259740259741,eligible,FALSE
Ko->Na,4,B_830305_23_LF_CLASS::氾濫平野・海岸平野,多摩川 / basin 23 / 氾濫平野・海岸平野,drop,2,21,0.09523809523809523,977,2655,watersystem_x_unit_basin_x_landform,0.0020470829068577278,0.007909604519774011,-0.005862521612916283,0.2588097675098699,eligible,FALSE
Ko->Na,4,B_830305_23_LF_CLASS::氾濫平野・海岸平野,多摩川 / basin 23 / 氾濫平野・海岸平野,new,14,21,0.6666666666666666,1029,2655,watersystem_x_unit_basin_x_landform,0.013605442176870748,0.007909604519774011,0.005695837657096737,1.7201166180758019,eligible,FALSE
Ko->Na,4,B_830305_24_LF_CLASS::山地斜面等,多摩川 / basin 24 / 山地斜面等,continue,1,2,0.5,649,2655,watersystem_x_unit_basin_x_landform,0.0015408320493066256,7.532956685499058e-4,7.875363807567198e-4,2.0454545454545454,low_n_descriptive_only,FALSE
Ko->Na,4,B_830305_24_LF_CLASS::山地斜面等,多摩川 / basin 24 / 山地斜面等,drop,1,2,0.5,977,2655,watersystem_x_unit_basin_x_landform,0.0010235414534288639,7.532956685499058e-4,2.7024578487895806e-4,1.3587512794268168,low_n_descriptive_only,FALSE
Ko->Na,4,B_830305_25_LF_CLASS::凹地・浅い谷,多摩川 / basin 25 / 凹地・浅い谷,new,1,1,1,1029,2655,watersystem_x_unit_basin_x_landform,9.718172983479105e-4,3.766478342749529e-4,5.951694640729576e-4,2.5801749271137027,low_n_descriptive_only,FALSE
Ko->Na,4,B_830305_25_LF_CLASS::台地・段丘,多摩川 / basin 25 / 台地・段丘,continue,1,24,0.041666666666666664,649,2655,watersystem_x_unit_basin_x_landform,0.0015408320493066256,0.00903954802259887,-0.007498715973292245,0.17045454545454544,eligible,FALSE
Ko->Na,4,B_830305_25_LF_CLASS::台地・段丘,多摩川 / basin 25 / 台地・段丘,drop,18,24,0.75,977,2655,watersystem_x_unit_basin_x_landform,0.01842374616171955,0.00903954802259887,0.009384198139120678,2.038126919140225,eligible,FALSE
Ko->Na,4,B_830305_25_LF_CLASS::台地・段丘,多摩川 / basin 25 / 台地・段丘,new,5,24,0.20833333333333334,1029,2655,watersystem_x_unit_basin_x_landform,0.004859086491739553,0.00903954802259887,-0.004180461530859317,0.537536443148688,eligible,FALSE
Ko->Na,4,B_830305_25_LF_CLASS::崖・段丘崖,多摩川 / basin 25 / 崖・段丘崖,new,2,2,1,1029,2655,watersystem_x_unit_basin_x_landform,0.001943634596695821,7.532956685499058e-4,0.0011903389281459151,2.5801749271137027,low_n_descriptive_only,FALSE
Ko->Na,4,B_830305_25_LF_CLASS::氾濫平野・海岸平野,多摩川 / basin 25 / 氾濫平野・海岸平野,continue,1,1,1,649,2655,watersystem_x_unit_basin_x_landform,0.0015408320493066256,3.766478342749529e-4,0.0011641842150316728,4.090909090909091,low_n_descriptive_only,FALSE
Ko->Na,4,B_830305_26_LF_CLASS::台地・段丘,多摩川 / basin 26 / 台地・段丘,drop,2,4,0.5,977,2655,watersystem_x_unit_basin_x_landform,0.0020470829068577278,0.0015065913370998117,5.404915697579161e-4,1.3587512794268168,low_n_descriptive_only,FALSE
Ko->Na,4,B_830305_26_LF_CLASS::台地・段丘,多摩川 / basin 26 / 台地・段丘,new,2,4,0.5,1029,2655,watersystem_x_unit_basin_x_landform,0.001943634596695821,0.0015065913370998117,4.370432595960094e-4,1.2900874635568513,low_n_descriptive_only,FALSE
Ko->Na,4,B_830305_26_LF_CLASS::氾濫平野・海岸平野,多摩川 / basin 26 / 氾濫平野・海岸平野,new,1,1,1,1029,2655,watersystem_x_unit_basin_x_landform,9.718172983479105e-4,3.766478342749529e-4,5.951694640729576e-4,2.5801749271137027,low_n_descriptive_only,FALSE
Ko->Na,4,B_830305_27_LF_CLASS::凹地・浅い谷,多摩川 / basin 27 / 凹地・浅い谷,new,1,1,1,1029,2655,watersystem_x_unit_basin_x_landform,9.718172983479105e-4,3.766478342749529e-4,5.951694640729576e-4,2.5801749271137027,low_n_descriptive_only,FALSE
Ko->Na,4,B_830305_27_LF_CLASS::台地・段丘,多摩川 / basin 27 / 台地・段丘,continue,2,7,0.2857142857142857,649,2655,watersystem_x_unit_basin_x_landform,0.0030816640986132513,0.0026365348399246705,4.451292586885808e-4,1.1688311688311688,low_n_descriptive_only,FALSE
Ko->Na,4,B_830305_27_LF_CLASS::台地・段丘,多摩川 / basin 27 / 台地・段丘,drop,4,7,0.5714285714285714,977,2655,watersystem_x_unit_basin_x_landform,0.0040941658137154556,0.0026365348399246705,0.0014576309737907851,1.5528586050592192,low_n_descriptive_only,FALSE
Ko->Na,4,B_830305_27_LF_CLASS::台地・段丘,多摩川 / basin 27 / 台地・段丘,new,1,7,0.14285714285714285,1029,2655,watersystem_x_unit_basin_x_landform,9.718172983479105e-4,0.0026365348399246705,-0.00166471754157676,0.3685964181591003,low_n_descriptive_only,FALSE
Ko->Na,4,B_830305_27_LF_CLASS::崖・段丘崖,多摩川 / basin 27 / 崖・段丘崖,continue,3,6,0.5,649,2655,watersystem_x_unit_basin_x_landform,0.004622496147919877,0.0022598870056497176,0.0023626091422701595,2.0454545454545454,low_n_descriptive_only,FALSE
Ko->Na,4,B_830305_27_LF_CLASS::崖・段丘崖,多摩川 / basin 27 / 崖・段丘崖,drop,2,6,0.3333333333333333,977,2655,watersystem_x_unit_basin_x_landform,0.0020470829068577278,0.0022598870056497176,-2.128040987919898e-4,0.9058341862845445,low_n_descriptive_only,FALSE
Ko->Na,4,B_830305_27_LF_CLASS::崖・段丘崖,多摩川 / basin 27 / 崖・段丘崖,new,1,6,0.16666666666666666,1029,2655,watersystem_x_unit_basin_x_landform,9.718172983479105e-4,0.0022598870056497176,-0.0012880697073018072,0.4300291545189504,low_n_descriptive_only,FALSE
Ko->Na,4,B_830305_28_LF_CLASS::台地・段丘,多摩川 / basin 28 / 台地・段丘,continue,2,3,0.6666666666666666,649,2655,watersystem_x_unit_basin_x_landform,0.0030816640986132513,0.0011299435028248588,0.0019517205957883925,2.727272727272727,low_n_descriptive_only,FALSE
Ko->Na,4,B_830305_28_LF_CLASS::台地・段丘,多摩川 / basin 28 / 台地・段丘,new,1,3,0.3333333333333333,1029,2655,watersystem_x_unit_basin_x_landform,9.718172983479105e-4,0.0011299435028248588,-1.5812620447694826e-4,0.8600583090379008,low_n_descriptive_only,FALSE
Ko->Na,4,B_830305_28_LF_CLASS::山地斜面等,多摩川 / basin 28 / 山地斜面等,continue,13,105,0.12380952380952381,649,2655,watersystem_x_unit_basin_x_landform,0.020030816640986132,0.03954802259887006,-0.019517205957883928,0.5064935064935064,eligible,FALSE
Ko->Na,4,B_830305_28_LF_CLASS::山地斜面等,多摩川 / basin 28 / 山地斜面等,drop,5,105,0.047619047619047616,977,2655,watersystem_x_unit_basin_x_landform,0.00511770726714432,0.03954802259887006,-0.03443031533172574,0.12940488375493492,eligible,FALSE
Ko->Na,4,B_830305_28_LF_CLASS::山地斜面等,多摩川 / basin 28 / 山地斜面等,new,87,105,0.8285714285714286,1029,2655,watersystem_x_unit_basin_x_landform,0.08454810495626822,0.03954802259887006,0.045000082357398156,2.137859225322782,eligible,FALSE
Ko->Na,4,B_830305_28_LF_CLASS::山麓堆積地形,多摩川 / basin 28 / 山麓堆積地形,new,5,5,1,1029,2655,watersystem_x_unit_basin_x_landform,0.004859086491739553,0.0018832391713747645,0.0029758473203647887,2.5801749271137027,low_n_descriptive_only,FALSE
Ko->Na,4,B_830305_28_LF_CLASS::氾濫平野・海岸平野,多摩川 / basin 28 / 氾濫平野・海岸平野,continue,1,14,0.07142857142857142,649,2655,watersystem_x_unit_basin_x_landform,0.0015408320493066256,0.005273069679849341,-0.0037322376305427155,0.2922077922077922,low_n_descriptive_only,FALSE
Ko->Na,4,B_830305_28_LF_CLASS::氾濫平野・海岸平野,多摩川 / basin 28 / 氾濫平野・海岸平野,drop,1,14,0.07142857142857142,977,2655,watersystem_x_unit_basin_x_landform,0.0010235414534288639,0.005273069679849341,-0.004249528226420477,0.1941073256324024,low_n_descriptive_only,FALSE
Ko->Na,4,B_830305_28_LF_CLASS::氾濫平野・海岸平野,多摩川 / basin 28 / 氾濫平野・海岸平野,new,12,14,0.8571428571428571,1029,2655,watersystem_x_unit_basin_x_landform,0.011661807580174927,0.005273069679849341,0.006388737900325586,2.2115785089546023,low_n_descriptive_only,FALSE
Ko->Na,4,B_830305_29_LF_CLASS::台地・段丘,多摩川 / basin 29 / 台地・段丘,continue,1,1,1,649,2655,watersystem_x_unit_basin_x_landform,0.0015408320493066256,3.766478342749529e-4,0.0011641842150316728,4.090909090909091,low_n_descriptive_only,FALSE
Ko->Na,4,B_830305_2_LF_CLASS::凹地・浅い谷,多摩川 / basin 2 / 凹地・浅い谷,continue,1,1,1,649,2655,watersystem_x_unit_basin_x_landform,0.0015408320493066256,3.766478342749529e-4,0.0011641842150316728,4.090909090909091,low_n_descriptive_only,FALSE
Ko->Na,4,B_830305_2_LF_CLASS::台地・段丘,多摩川 / basin 2 / 台地・段丘,continue,10,21,0.47619047619047616,649,2655,watersystem_x_unit_basin_x_landform,0.015408320493066256,0.007909604519774011,0.007498715973292245,1.9480519480519483,eligible,FALSE
Ko->Na,4,B_830305_2_LF_CLASS::台地・段丘,多摩川 / basin 2 / 台地・段丘,drop,11,21,0.5238095238095238,977,2655,watersystem_x_unit_basin_x_landform,0.011258955987717503,0.007909604519774011,0.0033493514679434917,1.4234537213042844,eligible,FALSE
Ko->Na,4,B_830305_2_LF_CLASS::山地斜面等,多摩川 / basin 2 / 山地斜面等,continue,5,10,0.5,649,2655,watersystem_x_unit_basin_x_landform,0.007704160246533128,0.003766478342749529,0.0039376819037835985,2.0454545454545454,low_n_descriptive_only,FALSE
Ko->Na,4,B_830305_2_LF_CLASS::山地斜面等,多摩川 / basin 2 / 山地斜面等,drop,5,10,0.5,977,2655,watersystem_x_unit_basin_x_landform,0.00511770726714432,0.003766478342749529,0.0013512289243947906,1.3587512794268168,low_n_descriptive_only,FALSE
Ko->Na,4,B_830305_2_LF_CLASS::崖・段丘崖,多摩川 / basin 2 / 崖・段丘崖,continue,1,10,0.1,649,2655,watersystem_x_unit_basin_x_landform,0.0015408320493066256,0.003766478342749529,-0.002225646293442903,0.4090909090909091,low_n_descriptive_only,FALSE
Ko->Na,4,B_830305_2_LF_CLASS::崖・段丘崖,多摩川 / basin 2 / 崖・段丘崖,drop,9,10,0.9,977,2655,watersystem_x_unit_basin_x_landform,0.009211873080859774,0.003766478342749529,0.005445394738110246,2.44575230296827,low_n_descriptive_only,FALSE
Ko->Na,4,B_830305_2_LF_CLASS::氾濫平野・海岸平野,多摩川 / basin 2 / 氾濫平野・海岸平野,continue,2,9,0.2222222222222222,649,2655,watersystem_x_unit_basin_x_landform,0.0030816640986132513,0.003389830508474576,-3.081664098613249e-4,0.9090909090909092,low_n_descriptive_only,FALSE
Ko->Na,4,B_830305_2_LF_CLASS::氾濫平野・海岸平野,多摩川 / basin 2 / 氾濫平野・海岸平野,drop,2,9,0.2222222222222222,977,2655,watersystem_x_unit_basin_x_landform,0.0020470829068577278,0.003389830508474576,-0.0013427476016168484,0.6038894575230297,low_n_descriptive_only,FALSE
Ko->Na,4,B_830305_2_LF_CLASS::氾濫平野・海岸平野,多摩川 / basin 2 / 氾濫平野・海岸平野,new,5,9,0.5555555555555556,1029,2655,watersystem_x_unit_basin_x_landform,0.004859086491739553,0.003389830508474576,0.0014692559832649769,1.433430515063168,low_n_descriptive_only,FALSE
Ko->Na,4,B_830305_2_LF_CLASS::自然堤防,多摩川 / basin 2 / 自然堤防,drop,2,2,1,977,2655,watersystem_x_unit_basin_x_landform,0.0020470829068577278,7.532956685499058e-4,0.001293787238307822,2.7175025588536337,low_n_descriptive_only,FALSE
Ko->Na,4,B_830305_30_LF_CLASS::台地・段丘,多摩川 / basin 30 / 台地・段丘,continue,3,9,0.3333333333333333,649,2655,watersystem_x_unit_basin_x_landform,0.004622496147919877,0.003389830508474576,0.001232665639445301,1.3636363636363638,low_n_descriptive_only,FALSE
Ko->Na,4,B_830305_30_LF_CLASS::台地・段丘,多摩川 / basin 30 / 台地・段丘,new,6,9,0.6666666666666666,1029,2655,watersystem_x_unit_basin_x_landform,0.0058309037900874635,0.003389830508474576,0.0024410732816128873,1.7201166180758019,low_n_descriptive_only,FALSE
Ko->Na,4,B_830305_30_LF_CLASS::山地斜面等,多摩川 / basin 30 / 山地斜面等,continue,14,74,0.1891891891891892,649,2655,watersystem_x_unit_basin_x_landform,0.02157164869029276,0.027871939736346517,-0.0063002910460537576,0.773955773955774,eligible,FALSE
Ko->Na,4,B_830305_30_LF_CLASS::山地斜面等,多摩川 / basin 30 / 山地斜面等,drop,9,74,0.12162162162162163,977,2655,watersystem_x_unit_basin_x_landform,0.009211873080859774,0.027871939736346517,-0.018660066655486744,0.3305070679686851,eligible,FALSE
Ko->Na,4,B_830305_30_LF_CLASS::山地斜面等,多摩川 / basin 30 / 山地斜面等,new,51,74,0.6891891891891891,1029,2655,watersystem_x_unit_basin_x_landform,0.04956268221574344,0.027871939736346517,0.021690742479396924,1.778228665983768,eligible,FALSE
Ko->Na,4,B_830305_30_LF_CLASS::山麓堆積地形,多摩川 / basin 30 / 山麓堆積地形,new,4,4,1,1029,2655,watersystem_x_unit_basin_x_landform,0.003887269193391642,0.0015065913370998117,0.0023806778562918303,2.5801749271137027,low_n_descriptive_only,FALSE
Ko->Na,4,B_830305_30_LF_CLASS::氾濫平野・海岸平野,多摩川 / basin 30 / 氾濫平野・海岸平野,continue,3,14,0.21428571428571427,649,2655,watersystem_x_unit_basin_x_landform,0.004622496147919877,0.005273069679849341,-6.505735319294638e-4,0.8766233766233766,low_n_descriptive_only,FALSE
Ko->Na,4,B_830305_30_LF_CLASS::氾濫平野・海岸平野,多摩川 / basin 30 / 氾濫平野・海岸平野,new,11,14,0.7857142857142857,1029,2655,watersystem_x_unit_basin_x_landform,0.010689990281827016,0.005273069679849341,0.005416920601977676,2.027280299875052,low_n_descriptive_only,FALSE
Ko->Na,4,B_830305_31_LF_CLASS::台地・段丘,多摩川 / basin 31 / 台地・段丘,drop,1,2,0.5,977,2655,watersystem_x_unit_basin_x_landform,0.0010235414534288639,7.532956685499058e-4,2.7024578487895806e-4,1.3587512794268168,low_n_descriptive_only,FALSE
Ko->Na,4,B_830305_31_LF_CLASS::台地・段丘,多摩川 / basin 31 / 台地・段丘,new,1,2,0.5,1029,2655,watersystem_x_unit_basin_x_landform,9.718172983479105e-4,7.532956685499058e-4,2.185216297980047e-4,1.2900874635568513,low_n_descriptive_only,FALSE
Ko->Na,4,B_830305_32_LF_CLASS::山地斜面等,多摩川 / basin 32 / 山地斜面等,new,2,2,1,1029,2655,watersystem_x_unit_basin_x_landform,0.001943634596695821,7.532956685499058e-4,0.0011903389281459151,2.5801749271137027,low_n_descriptive_only,FALSE
Ko->Na,4,B_830305_33_LF_CLASS::凹地・浅い谷,多摩川 / basin 33 / 凹地・浅い谷,new,1,1,1,1029,2655,watersystem_x_unit_basin_x_landform,9.718172983479105e-4,3.766478342749529e-4,5.951694640729576e-4,2.5801749271137027,low_n_descriptive_only,FALSE
Ko->Na,4,B_830305_33_LF_CLASS::台地・段丘,多摩川 / basin 33 / 台地・段丘,continue,2,12,0.16666666666666666,649,2655,watersystem_x_unit_basin_x_landform,0.0030816640986132513,0.004519774011299435,-0.001438109912686184,0.6818181818181818,low_n_descriptive_only,FALSE
Ko->Na,4,B_830305_33_LF_CLASS::台地・段丘,多摩川 / basin 33 / 台地・段丘,drop,4,12,0.3333333333333333,977,2655,watersystem_x_unit_basin_x_landform,0.0040941658137154556,0.004519774011299435,-4.256081975839796e-4,0.9058341862845445,low_n_descriptive_only,FALSE
Ko->Na,4,B_830305_33_LF_CLASS::台地・段丘,多摩川 / basin 33 / 台地・段丘,new,6,12,0.5,1029,2655,watersystem_x_unit_basin_x_landform,0.0058309037900874635,0.004519774011299435,0.0013111297787880283,1.2900874635568513,low_n_descriptive_only,FALSE
Ko->Na,4,B_830305_33_LF_CLASS::山地斜面等,多摩川 / basin 33 / 山地斜面等,continue,1,7,0.14285714285714285,649,2655,watersystem_x_unit_basin_x_landform,0.0015408320493066256,0.0026365348399246705,-0.0010957027906180448,0.5844155844155844,low_n_descriptive_only,FALSE
Ko->Na,4,B_830305_33_LF_CLASS::山地斜面等,多摩川 / basin 33 / 山地斜面等,drop,3,7,0.42857142857142855,977,2655,watersystem_x_unit_basin_x_landform,0.0030706243602865915,0.0026365348399246705,4.34089520361921e-4,1.1646439537944144,low_n_descriptive_only,FALSE
Ko->Na,4,B_830305_33_LF_CLASS::山地斜面等,多摩川 / basin 33 / 山地斜面等,new,3,7,0.42857142857142855,1029,2655,watersystem_x_unit_basin_x_landform,0.0029154518950437317,0.0026365348399246705,2.789170551190613e-4,1.1057892544773011,low_n_descriptive_only,FALSE
Ko->Na,4,B_830305_33_LF_CLASS::氾濫平野・海岸平野,多摩川 / basin 33 / 氾濫平野・海岸平野,new,2,2,1,1029,2655,watersystem_x_unit_basin_x_landform,0.001943634596695821,7.532956685499058e-4,0.0011903389281459151,2.5801749271137027,low_n_descriptive_only,FALSE
Ko->Na,4,B_830305_34_LF_CLASS::凹地・浅い谷,多摩川 / basin 34 / 凹地・浅い谷,drop,1,1,1,977,2655,watersystem_x_unit_basin_x_landform,0.0010235414534288639,3.766478342749529e-4,6.46893619153911e-4,2.7175025588536337,low_n_descriptive_only,FALSE
Ko->Na,4,B_830305_34_LF_CLASS::台地・段丘,多摩川 / basin 34 / 台地・段丘,drop,3,3,1,977,2655,watersystem_x_unit_basin_x_landform,0.0030706243602865915,0.0011299435028248588,0.0019406808574617327,2.7175025588536332,low_n_descriptive_only,FALSE
Ko->Na,4,B_830305_34_LF_CLASS::山地斜面等,多摩川 / basin 34 / 山地斜面等,continue,1,5,0.2,649,2655,watersystem_x_unit_basin_x_landform,0.0015408320493066256,0.0018832391713747645,-3.424071220681389e-4,0.8181818181818182,low_n_descriptive_only,FALSE
Ko->Na,4,B_830305_34_LF_CLASS::山地斜面等,多摩川 / basin 34 / 山地斜面等,drop,2,5,0.4,977,2655,watersystem_x_unit_basin_x_landform,0.0020470829068577278,0.0018832391713747645,1.6384373548296327e-4,1.0870010235414536,low_n_descriptive_only,FALSE
Ko->Na,4,B_830305_34_LF_CLASS::山地斜面等,多摩川 / basin 34 / 山地斜面等,new,2,5,0.4,1029,2655,watersystem_x_unit_basin_x_landform,0.001943634596695821,0.0018832391713747645,6.0395425321056566e-5,1.032069970845481,low_n_descriptive_only,FALSE
Ko->Na,4,B_830305_34_LF_CLASS::氾濫平野・海岸平野,多摩川 / basin 34 / 氾濫平野・海岸平野,drop,1,1,1,977,2655,watersystem_x_unit_basin_x_landform,0.0010235414534288639,3.766478342749529e-4,6.46893619153911e-4,2.7175025588536337,low_n_descriptive_only,FALSE
Ko->Na,4,B_830305_35_LF_CLASS::凹地・浅い谷,多摩川 / basin 35 / 凹地・浅い谷,continue,1,1,1,649,2655,watersystem_x_unit_basin_x_landform,0.0015408320493066256,3.766478342749529e-4,0.0011641842150316728,4.090909090909091,low_n_descriptive_only,FALSE
Ko->Na,4,B_830305_35_LF_CLASS::台地・段丘,多摩川 / basin 35 / 台地・段丘,continue,9,16,0.5625,649,2655,watersystem_x_unit_basin_x_landform,0.01386748844375963,0.006026365348399247,0.007841123095360385,2.3011363636363638,low_n_descriptive_only,FALSE
Ko->Na,4,B_830305_35_LF_CLASS::台地・段丘,多摩川 / basin 35 / 台地・段丘,drop,6,16,0.375,977,2655,watersystem_x_unit_basin_x_landform,0.006141248720573183,0.006026365348399247,1.1488337217393629e-4,1.0190634595701125,low_n_descriptive_only,FALSE
Ko->Na,4,B_830305_35_LF_CLASS::台地・段丘,多摩川 / basin 35 / 台地・段丘,new,1,16,0.0625,1029,2655,watersystem_x_unit_basin_x_landform,9.718172983479105e-4,0.006026365348399247,-0.005054548050051336,0.16126093294460642,low_n_descriptive_only,FALSE
Ko->Na,4,B_830305_35_LF_CLASS::山地斜面等,多摩川 / basin 35 / 山地斜面等,continue,5,25,0.2,649,2655,watersystem_x_unit_basin_x_landform,0.007704160246533128,0.009416195856873822,-0.0017120356103406944,0.8181818181818182,eligible,FALSE
Ko->Na,4,B_830305_35_LF_CLASS::山地斜面等,多摩川 / basin 35 / 山地斜面等,drop,12,25,0.48,977,2655,watersystem_x_unit_basin_x_landform,0.012282497441146366,0.009416195856873822,0.0028663015842725435,1.3044012282497441,eligible,FALSE
Ko->Na,4,B_830305_35_LF_CLASS::山地斜面等,多摩川 / basin 35 / 山地斜面等,new,8,25,0.32,1029,2655,watersystem_x_unit_basin_x_landform,0.007774538386783284,0.009416195856873822,-0.001641657470090538,0.8256559766763848,eligible,FALSE
Ko->Na,4,B_830305_35_LF_CLASS::山麓堆積地形,多摩川 / basin 35 / 山麓堆積地形,new,2,2,1,1029,2655,watersystem_x_unit_basin_x_landform,0.001943634596695821,7.532956685499058e-4,0.0011903389281459151,2.5801749271137027,low_n_descriptive_only,FALSE
Ko->Na,4,B_830305_35_LF_CLASS::扇状地,多摩川 / basin 35 / 扇状地,drop,1,1,1,977,2655,watersystem_x_unit_basin_x_landform,0.0010235414534288639,3.766478342749529e-4,6.46893619153911e-4,2.7175025588536337,low_n_descriptive_only,FALSE
Ko->Na,4,B_830305_35_LF_CLASS::氾濫平野・海岸平野,多摩川 / basin 35 / 氾濫平野・海岸平野,drop,2,2,1,977,2655,watersystem_x_unit_basin_x_landform,0.0020470829068577278,7.532956685499058e-4,0.001293787238307822,2.7175025588536337,low_n_descriptive_only,FALSE
Ko->Na,4,B_830305_36_LF_CLASS::台地・段丘,多摩川 / basin 36 / 台地・段丘,continue,3,4,0.75,649,2655,watersystem_x_unit_basin_x_landform,0.004622496147919877,0.0015065913370998117,0.0031159048108200657,3.0681818181818183,low_n_descriptive_only,FALSE
Ko->Na,4,B_830305_36_LF_CLASS::台地・段丘,多摩川 / basin 36 / 台地・段丘,new,1,4,0.25,1029,2655,watersystem_x_unit_basin_x_landform,9.718172983479105e-4,0.0015065913370998117,-5.347740387519011e-4,0.6450437317784257,low_n_descriptive_only,FALSE
Ko->Na,4,B_830305_36_LF_CLASS::山地斜面等,多摩川 / basin 36 / 山地斜面等,continue,1,10,0.1,649,2655,watersystem_x_unit_basin_x_landform,0.0015408320493066256,0.003766478342749529,-0.002225646293442903,0.4090909090909091,low_n_descriptive_only,FALSE
Ko->Na,4,B_830305_36_LF_CLASS::山地斜面等,多摩川 / basin 36 / 山地斜面等,drop,8,10,0.8,977,2655,watersystem_x_unit_basin_x_landform,0.008188331627430911,0.003766478342749529,0.0044218532846813825,2.174002047082907,low_n_descriptive_only,FALSE
Ko->Na,4,B_830305_36_LF_CLASS::山地斜面等,多摩川 / basin 36 / 山地斜面等,new,1,10,0.1,1029,2655,watersystem_x_unit_basin_x_landform,9.718172983479105e-4,0.003766478342749529,-0.0027946610444016186,0.25801749271137026,low_n_descriptive_only,FALSE
Ko->Na,4,B_830305_36_LF_CLASS::氾濫平野・海岸平野,多摩川 / basin 36 / 氾濫平野・海岸平野,drop,1,2,0.5,977,2655,watersystem_x_unit_basin_x_landform,0.0010235414534288639,7.532956685499058e-4,2.7024578487895806e-4,1.3587512794268168,low_n_descriptive_only,FALSE
Ko->Na,4,B_830305_36_LF_CLASS::氾濫平野・海岸平野,多摩川 / basin 36 / 氾濫平野・海岸平野,new,1,2,0.5,1029,2655,watersystem_x_unit_basin_x_landform,9.718172983479105e-4,7.532956685499058e-4,2.185216297980047e-4,1.2900874635568513,low_n_descriptive_only,FALSE
Ko->Na,4,B_830305_37_LF_CLASS::台地・段丘,多摩川 / basin 37 / 台地・段丘,continue,1,2,0.5,649,2655,watersystem_x_unit_basin_x_landform,0.0015408320493066256,7.532956685499058e-4,7.875363807567198e-4,2.0454545454545454,low_n_descriptive_only,FALSE
Ko->Na,4,B_830305_37_LF_CLASS::台地・段丘,多摩川 / basin 37 / 台地・段丘,new,1,2,0.5,1029,2655,watersystem_x_unit_basin_x_landform,9.718172983479105e-4,7.532956685499058e-4,2.185216297980047e-4,1.2900874635568513,low_n_descriptive_only,FALSE
Ko->Na,4,B_830305_37_LF_CLASS::山地斜面等,多摩川 / basin 37 / 山地斜面等,drop,1,1,1,977,2655,watersystem_x_unit_basin_x_landform,0.0010235414534288639,3.766478342749529e-4,6.46893619153911e-4,2.7175025588536337,low_n_descriptive_only,FALSE
Ko->Na,4,B_830305_37_LF_CLASS::崖・段丘崖,多摩川 / basin 37 / 崖・段丘崖,drop,1,1,1,977,2655,watersystem_x_unit_basin_x_landform,0.0010235414534288639,3.766478342749529e-4,6.46893619153911e-4,2.7175025588536337,low_n_descriptive_only,FALSE
Ko->Na,4,B_830305_38_LF_CLASS::台地・段丘,多摩川 / basin 38 / 台地・段丘,continue,2,3,0.6666666666666666,649,2655,watersystem_x_unit_basin_x_landform,0.0030816640986132513,0.0011299435028248588,0.0019517205957883925,2.727272727272727,low_n_descriptive_only,FALSE
Ko->Na,4,B_830305_38_LF_CLASS::台地・段丘,多摩川 / basin 38 / 台地・段丘,drop,1,3,0.3333333333333333,977,2655,watersystem_x_unit_basin_x_landform,0.0010235414534288639,0.0011299435028248588,-1.064020493959949e-4,0.9058341862845445,low_n_descriptive_only,FALSE
Ko->Na,4,B_830305_38_LF_CLASS::山地斜面等,多摩川 / basin 38 / 山地斜面等,continue,1,1,1,649,2655,watersystem_x_unit_basin_x_landform,0.0015408320493066256,3.766478342749529e-4,0.0011641842150316728,4.090909090909091,low_n_descriptive_only,FALSE
Ko->Na,4,B_830305_3_LF_CLASS::台地・段丘,多摩川 / basin 3 / 台地・段丘,continue,2,18,0.1111111111111111,649,2655,watersystem_x_unit_basin_x_landform,0.0030816640986132513,0.006779661016949152,-0.003697996918335901,0.4545454545454546,low_n_descriptive_only,FALSE
Ko->Na,4,B_830305_3_LF_CLASS::台地・段丘,多摩川 / basin 3 / 台地・段丘,drop,16,18,0.8888888888888888,977,2655,watersystem_x_unit_basin_x_landform,0.016376663254861822,0.006779661016949152,0.009597002237912669,2.4155578300921188,low_n_descriptive_only,FALSE
Ko->Na,4,B_830305_3_LF_CLASS::山地斜面等,多摩川 / basin 3 / 山地斜面等,continue,6,20,0.3,649,2655,watersystem_x_unit_basin_x_landform,0.009244992295839754,0.007532956685499058,0.0017120356103406962,1.2272727272727275,eligible,FALSE
Ko->Na,4,B_830305_3_LF_CLASS::山地斜面等,多摩川 / basin 3 / 山地斜面等,drop,14,20,0.7,977,2655,watersystem_x_unit_basin_x_landform,0.014329580348004094,0.007532956685499058,0.006796623662505036,1.9022517911975436,eligible,FALSE
Ko->Na,4,B_830305_40_LF_CLASS::台地・段丘,多摩川 / basin 40 / 台地・段丘,continue,8,24,0.3333333333333333,649,2655,watersystem_x_unit_basin_x_landform,0.012326656394453005,0.00903954802259887,0.0032871083718541347,1.3636363636363635,eligible,FALSE
Ko->Na,4,B_830305_40_LF_CLASS::台地・段丘,多摩川 / basin 40 / 台地・段丘,drop,10,24,0.4166666666666667,977,2655,watersystem_x_unit_basin_x_landform,0.01023541453428864,0.00903954802259887,0.001195866511689769,1.1322927328556807,eligible,FALSE
Ko->Na,4,B_830305_40_LF_CLASS::台地・段丘,多摩川 / basin 40 / 台地・段丘,new,6,24,0.25,1029,2655,watersystem_x_unit_basin_x_landform,0.0058309037900874635,0.00903954802259887,-0.003208644232511407,0.6450437317784257,eligible,FALSE
Ko->Na,4,B_830305_40_LF_CLASS::山地斜面等,多摩川 / basin 40 / 山地斜面等,continue,4,8,0.5,649,2655,watersystem_x_unit_basin_x_landform,0.0061633281972265025,0.0030131826741996233,0.003150145523026879,2.0454545454545454,low_n_descriptive_only,FALSE
Ko->Na,4,B_830305_40_LF_CLASS::山地斜面等,多摩川 / basin 40 / 山地斜面等,drop,3,8,0.375,977,2655,watersystem_x_unit_basin_x_landform,0.0030706243602865915,0.0030131826741996233,5.744168608696814e-5,1.0190634595701125,low_n_descriptive_only,FALSE
Ko->Na,4,B_830305_40_LF_CLASS::山地斜面等,多摩川 / basin 40 / 山地斜面等,new,1,8,0.125,1029,2655,watersystem_x_unit_basin_x_landform,9.718172983479105e-4,0.0030131826741996233,-0.002041365375851713,0.32252186588921283,low_n_descriptive_only,FALSE
Ko->Na,4,B_830305_40_LF_CLASS::山麓堆積地形,多摩川 / basin 40 / 山麓堆積地形,new,1,1,1,1029,2655,watersystem_x_unit_basin_x_landform,9.718172983479105e-4,3.766478342749529e-4,5.951694640729576e-4,2.5801749271137027,low_n_descriptive_only,FALSE
Ko->Na,4,B_830305_40_LF_CLASS::崖・段丘崖,多摩川 / basin 40 / 崖・段丘崖,continue,1,1,1,649,2655,watersystem_x_unit_basin_x_landform,0.0015408320493066256,3.766478342749529e-4,0.0011641842150316728,4.090909090909091,low_n_descriptive_only,FALSE
Ko->Na,4,B_830305_40_LF_CLASS::氾濫平野・海岸平野,多摩川 / basin 40 / 氾濫平野・海岸平野,drop,1,1,1,977,2655,watersystem_x_unit_basin_x_landform,0.0010235414534288639,3.766478342749529e-4,6.46893619153911e-4,2.7175025588536337,low_n_descriptive_only,FALSE
Ko->Na,4,B_830305_41_LF_CLASS::台地・段丘,多摩川 / basin 41 / 台地・段丘,continue,2,7,0.2857142857142857,649,2655,watersystem_x_unit_basin_x_landform,0.0030816640986132513,0.0026365348399246705,4.451292586885808e-4,1.1688311688311688,low_n_descriptive_only,FALSE
Ko->Na,4,B_830305_41_LF_CLASS::台地・段丘,多摩川 / basin 41 / 台地・段丘,drop,5,7,0.7142857142857143,977,2655,watersystem_x_unit_basin_x_landform,0.00511770726714432,0.0026365348399246705,0.0024811724272196492,1.941073256324024,low_n_descriptive_only,FALSE
Ko->Na,4,B_830305_41_LF_CLASS::山地斜面等,多摩川 / basin 41 / 山地斜面等,drop,1,2,0.5,977,2655,watersystem_x_unit_basin_x_landform,0.0010235414534288639,7.532956685499058e-4,2.7024578487895806e-4,1.3587512794268168,low_n_descriptive_only,FALSE
Ko->Na,4,B_830305_41_LF_CLASS::山地斜面等,多摩川 / basin 41 / 山地斜面等,new,1,2,0.5,1029,2655,watersystem_x_unit_basin_x_landform,9.718172983479105e-4,7.532956685499058e-4,2.185216297980047e-4,1.2900874635568513,low_n_descriptive_only,FALSE
Ko->Na,4,B_830305_41_LF_CLASS::氾濫平野・海岸平野,多摩川 / basin 41 / 氾濫平野・海岸平野,drop,1,1,1,977,2655,watersystem_x_unit_basin_x_landform,0.0010235414534288639,3.766478342749529e-4,6.46893619153911e-4,2.7175025588536337,low_n_descriptive_only,FALSE
Ko->Na,4,B_830305_42_LF_CLASS::台地・段丘,多摩川 / basin 42 / 台地・段丘,continue,1,2,0.5,649,2655,watersystem_x_unit_basin_x_landform,0.0015408320493066256,7.532956685499058e-4,7.875363807567198e-4,2.0454545454545454,low_n_descriptive_only,FALSE
Ko->Na,4,B_830305_42_LF_CLASS::台地・段丘,多摩川 / basin 42 / 台地・段丘,drop,1,2,0.5,977,2655,watersystem_x_unit_basin_x_landform,0.0010235414534288639,7.532956685499058e-4,2.7024578487895806e-4,1.3587512794268168,low_n_descriptive_only,FALSE
Ko->Na,4,B_830305_42_LF_CLASS::山地斜面等,多摩川 / basin 42 / 山地斜面等,new,1,1,1,1029,2655,watersystem_x_unit_basin_x_landform,9.718172983479105e-4,3.766478342749529e-4,5.951694640729576e-4,2.5801749271137027,low_n_descriptive_only,FALSE
Ko->Na,4,B_830305_42_LF_CLASS::崖・段丘崖,多摩川 / basin 42 / 崖・段丘崖,drop,1,1,1,977,2655,watersystem_x_unit_basin_x_landform,0.0010235414534288639,3.766478342749529e-4,6.46893619153911e-4,2.7175025588536337,low_n_descriptive_only,FALSE
Ko->Na,4,B_830305_42_LF_CLASS::氾濫平野・海岸平野,多摩川 / basin 42 / 氾濫平野・海岸平野,drop,1,1,1,977,2655,watersystem_x_unit_basin_x_landform,0.0010235414534288639,3.766478342749529e-4,6.46893619153911e-4,2.7175025588536337,low_n_descriptive_only,FALSE
Ko->Na,4,B_830305_43_LF_CLASS::凹地・浅い谷,多摩川 / basin 43 / 凹地・浅い谷,drop,1,1,1,977,2655,watersystem_x_unit_basin_x_landform,0.0010235414534288639,3.766478342749529e-4,6.46893619153911e-4,2.7175025588536337,low_n_descriptive_only,FALSE
Ko->Na,4,B_830305_43_LF_CLASS::台地・段丘,多摩川 / basin 43 / 台地・段丘,continue,4,20,0.2,649,2655,watersystem_x_unit_basin_x_landform,0.0061633281972265025,0.007532956685499058,-0.0013696284882725555,0.8181818181818182,eligible,FALSE
Ko->Na,4,B_830305_43_LF_CLASS::台地・段丘,多摩川 / basin 43 / 台地・段丘,drop,14,20,0.7,977,2655,watersystem_x_unit_basin_x_landform,0.014329580348004094,0.007532956685499058,0.006796623662505036,1.9022517911975436,eligible,FALSE
Ko->Na,4,B_830305_43_LF_CLASS::台地・段丘,多摩川 / basin 43 / 台地・段丘,new,2,20,0.1,1029,2655,watersystem_x_unit_basin_x_landform,0.001943634596695821,0.007532956685499058,-0.005589322088803237,0.25801749271137026,eligible,FALSE
Ko->Na,4,B_830305_43_LF_CLASS::山地斜面等,多摩川 / basin 43 / 山地斜面等,continue,1,3,0.3333333333333333,649,2655,watersystem_x_unit_basin_x_landform,0.0015408320493066256,0.0011299435028248588,4.1088854648176684e-4,1.3636363636363635,low_n_descriptive_only,FALSE
Ko->Na,4,B_830305_43_LF_CLASS::山地斜面等,多摩川 / basin 43 / 山地斜面等,drop,1,3,0.3333333333333333,977,2655,watersystem_x_unit_basin_x_landform,0.0010235414534288639,0.0011299435028248588,-1.064020493959949e-4,0.9058341862845445,low_n_descriptive_only,FALSE
Ko->Na,4,B_830305_43_LF_CLASS::山地斜面等,多摩川 / basin 43 / 山地斜面等,new,1,3,0.3333333333333333,1029,2655,watersystem_x_unit_basin_x_landform,9.718172983479105e-4,0.0011299435028248588,-1.5812620447694826e-4,0.8600583090379008,low_n_descriptive_only,FALSE
Ko->Na,4,B_830305_44_LF_CLASS::台地・段丘,多摩川 / basin 44 / 台地・段丘,drop,3,3,1,977,2655,watersystem_x_unit_basin_x_landform,0.0030706243602865915,0.0011299435028248588,0.0019406808574617327,2.7175025588536332,low_n_descriptive_only,FALSE
Ko->Na,4,B_830305_44_LF_CLASS::山地斜面等,多摩川 / basin 44 / 山地斜面等,continue,1,5,0.2,649,2655,watersystem_x_unit_basin_x_landform,0.0015408320493066256,0.0018832391713747645,-3.424071220681389e-4,0.8181818181818182,low_n_descriptive_only,FALSE
Ko->Na,4,B_830305_44_LF_CLASS::山地斜面等,多摩川 / basin 44 / 山地斜面等,drop,3,5,0.6,977,2655,watersystem_x_unit_basin_x_landform,0.0030706243602865915,0.0018832391713747645,0.001187385188911827,1.6305015353121801,low_n_descriptive_only,FALSE
Ko->Na,4,B_830305_44_LF_CLASS::山地斜面等,多摩川 / basin 44 / 山地斜面等,new,1,5,0.2,1029,2655,watersystem_x_unit_basin_x_landform,9.718172983479105e-4,0.0018832391713747645,-9.11421873026854e-4,0.5160349854227405,low_n_descriptive_only,FALSE
Ko->Na,4,B_830305_44_LF_CLASS::氾濫平野・海岸平野,多摩川 / basin 44 / 氾濫平野・海岸平野,continue,1,1,1,649,2655,watersystem_x_unit_basin_x_landform,0.0015408320493066256,3.766478342749529e-4,0.0011641842150316728,4.090909090909091,low_n_descriptive_only,FALSE
Ko->Na,4,B_830305_46_LF_CLASS::台地・段丘,多摩川 / basin 46 / 台地・段丘,new,2,2,1,1029,2655,watersystem_x_unit_basin_x_landform,0.001943634596695821,7.532956685499058e-4,0.0011903389281459151,2.5801749271137027,low_n_descriptive_only,FALSE
Ko->Na,4,B_830305_46_LF_CLASS::山地斜面等,多摩川 / basin 46 / 山地斜面等,new,2,2,1,1029,2655,watersystem_x_unit_basin_x_landform,0.001943634596695821,7.532956685499058e-4,0.0011903389281459151,2.5801749271137027,low_n_descriptive_only,FALSE
Ko->Na,4,B_830305_46_LF_CLASS::氾濫平野・海岸平野,多摩川 / basin 46 / 氾濫平野・海岸平野,new,1,1,1,1029,2655,watersystem_x_unit_basin_x_landform,9.718172983479105e-4,3.766478342749529e-4,5.951694640729576e-4,2.5801749271137027,low_n_descriptive_only,FALSE
Ko->Na,4,B_830305_47_LF_CLASS::台地・段丘,多摩川 / basin 47 / 台地・段丘,drop,1,1,1,977,2655,watersystem_x_unit_basin_x_landform,0.0010235414534288639,3.766478342749529e-4,6.46893619153911e-4,2.7175025588536337,low_n_descriptive_only,FALSE
Ko->Na,4,B_830305_48_LF_CLASS::台地・段丘,多摩川 / basin 48 / 台地・段丘,continue,2,6,0.3333333333333333,649,2655,watersystem_x_unit_basin_x_landform,0.0030816640986132513,0.0022598870056497176,8.217770929635337e-4,1.3636363636363635,low_n_descriptive_only,FALSE
Ko->Na,4,B_830305_48_LF_CLASS::台地・段丘,多摩川 / basin 48 / 台地・段丘,drop,3,6,0.5,977,2655,watersystem_x_unit_basin_x_landform,0.0030706243602865915,0.0022598870056497176,8.107373546368739e-4,1.3587512794268166,low_n_descriptive_only,FALSE
Ko->Na,4,B_830305_48_LF_CLASS::台地・段丘,多摩川 / basin 48 / 台地・段丘,new,1,6,0.16666666666666666,1029,2655,watersystem_x_unit_basin_x_landform,9.718172983479105e-4,0.0022598870056497176,-0.0012880697073018072,0.4300291545189504,low_n_descriptive_only,FALSE
Ko->Na,4,B_830305_49_LF_CLASS::台地・段丘,多摩川 / basin 49 / 台地・段丘,drop,3,4,0.75,977,2655,watersystem_x_unit_basin_x_landform,0.0030706243602865915,0.0015065913370998117,0.0015640330231867798,2.038126919140225,low_n_descriptive_only,FALSE
Ko->Na,4,B_830305_49_LF_CLASS::台地・段丘,多摩川 / basin 49 / 台地・段丘,new,1,4,0.25,1029,2655,watersystem_x_unit_basin_x_landform,9.718172983479105e-4,0.0015065913370998117,-5.347740387519011e-4,0.6450437317784257,low_n_descriptive_only,FALSE
Ko->Na,4,B_830305_49_LF_CLASS::崖・段丘崖,多摩川 / basin 49 / 崖・段丘崖,continue,1,1,1,649,2655,watersystem_x_unit_basin_x_landform,0.0015408320493066256,3.766478342749529e-4,0.0011641842150316728,4.090909090909091,low_n_descriptive_only,FALSE
Ko->Na,4,B_830305_49_LF_CLASS::氾濫平野・海岸平野,多摩川 / basin 49 / 氾濫平野・海岸平野,drop,1,1,1,977,2655,watersystem_x_unit_basin_x_landform,0.0010235414534288639,3.766478342749529e-4,6.46893619153911e-4,2.7175025588536337,low_n_descriptive_only,FALSE
Ko->Na,4,B_830305_50_LF_CLASS::台地・段丘,多摩川 / basin 50 / 台地・段丘,continue,2,15,0.13333333333333333,649,2655,watersystem_x_unit_basin_x_landform,0.0030816640986132513,0.005649717514124294,-0.0025680534155110425,0.5454545454545455,low_n_descriptive_only,FALSE
Ko->Na,4,B_830305_50_LF_CLASS::台地・段丘,多摩川 / basin 50 / 台地・段丘,drop,13,15,0.8666666666666667,977,2655,watersystem_x_unit_basin_x_landform,0.01330603889457523,0.005649717514124294,0.007656321380450937,2.355168884339816,low_n_descriptive_only,FALSE
Ko->Na,4,B_830305_50_LF_CLASS::崖・段丘崖,多摩川 / basin 50 / 崖・段丘崖,drop,1,1,1,977,2655,watersystem_x_unit_basin_x_landform,0.0010235414534288639,3.766478342749529e-4,6.46893619153911e-4,2.7175025588536337,low_n_descriptive_only,FALSE
Ko->Na,4,B_830305_51_LF_CLASS::台地・段丘,多摩川 / basin 51 / 台地・段丘,continue,1,5,0.2,649,2655,watersystem_x_unit_basin_x_landform,0.0015408320493066256,0.0018832391713747645,-3.424071220681389e-4,0.8181818181818182,low_n_descriptive_only,FALSE
Ko->Na,4,B_830305_51_LF_CLASS::台地・段丘,多摩川 / basin 51 / 台地・段丘,drop,3,5,0.6,977,2655,watersystem_x_unit_basin_x_landform,0.0030706243602865915,0.0018832391713747645,0.001187385188911827,1.6305015353121801,low_n_descriptive_only,FALSE
Ko->Na,4,B_830305_51_LF_CLASS::台地・段丘,多摩川 / basin 51 / 台地・段丘,new,1,5,0.2,1029,2655,watersystem_x_unit_basin_x_landform,9.718172983479105e-4,0.0018832391713747645,-9.11421873026854e-4,0.5160349854227405,low_n_descriptive_only,FALSE
Ko->Na,4,B_830305_52_LF_CLASS::台地・段丘,多摩川 / basin 52 / 台地・段丘,continue,2,9,0.2222222222222222,649,2655,watersystem_x_unit_basin_x_landform,0.0030816640986132513,0.003389830508474576,-3.081664098613249e-4,0.9090909090909092,low_n_descriptive_only,FALSE
Ko->Na,4,B_830305_52_LF_CLASS::台地・段丘,多摩川 / basin 52 / 台地・段丘,drop,6,9,0.6666666666666666,977,2655,watersystem_x_unit_basin_x_landform,0.006141248720573183,0.003389830508474576,0.0027514182120986067,1.811668372569089,low_n_descriptive_only,FALSE
Ko->Na,4,B_830305_52_LF_CLASS::台地・段丘,多摩川 / basin 52 / 台地・段丘,new,1,9,0.1111111111111111,1029,2655,watersystem_x_unit_basin_x_landform,9.718172983479105e-4,0.003389830508474576,-0.0024180132101266657,0.28668610301263364,low_n_descriptive_only,FALSE
Ko->Na,4,B_830305_52_LF_CLASS::氾濫平野・海岸平野,多摩川 / basin 52 / 氾濫平野・海岸平野,drop,1,1,1,977,2655,watersystem_x_unit_basin_x_landform,0.0010235414534288639,3.766478342749529e-4,6.46893619153911e-4,2.7175025588536337,low_n_descriptive_only,FALSE
Ko->Na,4,B_830305_55_LF_CLASS::台地・段丘,多摩川 / basin 55 / 台地・段丘,drop,3,3,1,977,2655,watersystem_x_unit_basin_x_landform,0.0030706243602865915,0.0011299435028248588,0.0019406808574617327,2.7175025588536332,low_n_descriptive_only,FALSE
Ko->Na,4,B_830305_55_LF_CLASS::氾濫平野・海岸平野,多摩川 / basin 55 / 氾濫平野・海岸平野,drop,1,1,1,977,2655,watersystem_x_unit_basin_x_landform,0.0010235414534288639,3.766478342749529e-4,6.46893619153911e-4,2.7175025588536337,low_n_descriptive_only,FALSE
Ko->Na,4,B_830305_56_LF_CLASS::台地・段丘,多摩川 / basin 56 / 台地・段丘,continue,3,47,0.06382978723404255,649,2655,watersystem_x_unit_basin_x_landform,0.004622496147919877,0.01770244821092279,-0.01307995206300291,0.2611218568665377,eligible,FALSE
Ko->Na,4,B_830305_56_LF_CLASS::台地・段丘,多摩川 / basin 56 / 台地・段丘,drop,44,47,0.9361702127659575,977,2655,watersystem_x_unit_basin_x_landform,0.04503582395087001,0.01770244821092279,0.02733337573994722,2.5440449487140397,eligible,FALSE
Ko->Na,4,B_830305_56_LF_CLASS::山地斜面等,多摩川 / basin 56 / 山地斜面等,drop,1,1,1,977,2655,watersystem_x_unit_basin_x_landform,0.0010235414534288639,3.766478342749529e-4,6.46893619153911e-4,2.7175025588536337,low_n_descriptive_only,FALSE
Ko->Na,4,B_830305_56_LF_CLASS::崖・段丘崖,多摩川 / basin 56 / 崖・段丘崖,drop,5,5,1,977,2655,watersystem_x_unit_basin_x_landform,0.00511770726714432,0.0018832391713747645,0.0032344680957695554,2.7175025588536337,low_n_descriptive_only,FALSE
Ko->Na,4,B_830305_56_LF_CLASS::氾濫平野・海岸平野,多摩川 / basin 56 / 氾濫平野・海岸平野,drop,1,1,1,977,2655,watersystem_x_unit_basin_x_landform,0.0010235414534288639,3.766478342749529e-4,6.46893619153911e-4,2.7175025588536337,low_n_descriptive_only,FALSE
Ko->Na,4,B_830305_57_LF_CLASS::台地・段丘,多摩川 / basin 57 / 台地・段丘,new,1,1,1,1029,2655,watersystem_x_unit_basin_x_landform,9.718172983479105e-4,3.766478342749529e-4,5.951694640729576e-4,2.5801749271137027,low_n_descriptive_only,FALSE
Ko->Na,4,B_830305_5_LF_CLASS::台地・段丘,多摩川 / basin 5 / 台地・段丘,drop,10,10,1,977,2655,watersystem_x_unit_basin_x_landform,0.01023541453428864,0.003766478342749529,0.006468936191539111,2.7175025588536337,low_n_descriptive_only,FALSE
Ko->Na,4,B_830305_5_LF_CLASS::山地斜面等,多摩川 / basin 5 / 山地斜面等,drop,3,3,1,977,2655,watersystem_x_unit_basin_x_landform,0.0030706243602865915,0.0011299435028248588,0.0019406808574617327,2.7175025588536332,low_n_descriptive_only,FALSE
Ko->Na,4,B_830305_5_LF_CLASS::氾濫平野・海岸平野,多摩川 / basin 5 / 氾濫平野・海岸平野,drop,1,1,1,977,2655,watersystem_x_unit_basin_x_landform,0.0010235414534288639,3.766478342749529e-4,6.46893619153911e-4,2.7175025588536337,low_n_descriptive_only,FALSE
Ko->Na,4,B_830305_60_LF_CLASS::氾濫平野・海岸平野,多摩川 / basin 60 / 氾濫平野・海岸平野,drop,1,1,1,977,2655,watersystem_x_unit_basin_x_landform,0.0010235414534288639,3.766478342749529e-4,6.46893619153911e-4,2.7175025588536337,low_n_descriptive_only,FALSE
Ko->Na,4,B_830305_71_LF_CLASS::台地・段丘,多摩川 / basin 71 / 台地・段丘,drop,1,1,1,977,2655,watersystem_x_unit_basin_x_landform,0.0010235414534288639,3.766478342749529e-4,6.46893619153911e-4,2.7175025588536337,low_n_descriptive_only,FALSE
Ko->Na,4,B_830305_72_LF_CLASS::山地斜面等,多摩川 / basin 72 / 山地斜面等,continue,1,2,0.5,649,2655,watersystem_x_unit_basin_x_landform,0.0015408320493066256,7.532956685499058e-4,7.875363807567198e-4,2.0454545454545454,low_n_descriptive_only,FALSE
Ko->Na,4,B_830305_72_LF_CLASS::山地斜面等,多摩川 / basin 72 / 山地斜面等,new,1,2,0.5,1029,2655,watersystem_x_unit_basin_x_landform,9.718172983479105e-4,7.532956685499058e-4,2.185216297980047e-4,1.2900874635568513,low_n_descriptive_only,FALSE
Ko->Na,4,B_830305_73_LF_CLASS::台地・段丘,多摩川 / basin 73 / 台地・段丘,continue,2,3,0.6666666666666666,649,2655,watersystem_x_unit_basin_x_landform,0.0030816640986132513,0.0011299435028248588,0.0019517205957883925,2.727272727272727,low_n_descriptive_only,FALSE
Ko->Na,4,B_830305_73_LF_CLASS::台地・段丘,多摩川 / basin 73 / 台地・段丘,drop,1,3,0.3333333333333333,977,2655,watersystem_x_unit_basin_x_landform,0.0010235414534288639,0.0011299435028248588,-1.064020493959949e-4,0.9058341862845445,low_n_descriptive_only,FALSE
Ko->Na,4,B_830305_75_LF_CLASS::台地・段丘,多摩川 / basin 75 / 台地・段丘,continue,1,3,0.3333333333333333,649,2655,watersystem_x_unit_basin_x_landform,0.0015408320493066256,0.0011299435028248588,4.1088854648176684e-4,1.3636363636363635,low_n_descriptive_only,FALSE
Ko->Na,4,B_830305_75_LF_CLASS::台地・段丘,多摩川 / basin 75 / 台地・段丘,drop,1,3,0.3333333333333333,977,2655,watersystem_x_unit_basin_x_landform,0.0010235414534288639,0.0011299435028248588,-1.064020493959949e-4,0.9058341862845445,low_n_descriptive_only,FALSE
Ko->Na,4,B_830305_75_LF_CLASS::台地・段丘,多摩川 / basin 75 / 台地・段丘,new,1,3,0.3333333333333333,1029,2655,watersystem_x_unit_basin_x_landform,9.718172983479105e-4,0.0011299435028248588,-1.5812620447694826e-4,0.8600583090379008,low_n_descriptive_only,FALSE
Ko->Na,4,B_830305_8_LF_CLASS::台地・段丘,多摩川 / basin 8 / 台地・段丘,continue,7,26,0.2692307692307692,649,2655,watersystem_x_unit_basin_x_landform,0.01078582434514638,0.009792843691148776,9.929806539976035e-4,1.1013986013986015,eligible,FALSE
Ko->Na,4,B_830305_8_LF_CLASS::台地・段丘,多摩川 / basin 8 / 台地・段丘,drop,17,26,0.6538461538461539,977,2655,watersystem_x_unit_basin_x_landform,0.017400204708290685,0.009792843691148776,0.007607361017141909,1.7768285961735295,eligible,FALSE
Ko->Na,4,B_830305_8_LF_CLASS::台地・段丘,多摩川 / basin 8 / 台地・段丘,new,2,26,0.07692307692307693,1029,2655,watersystem_x_unit_basin_x_landform,0.001943634596695821,0.009792843691148776,-0.007849209094452955,0.19847499439336172,eligible,FALSE
Ko->Na,4,B_830305_8_LF_CLASS::山地斜面等,多摩川 / basin 8 / 山地斜面等,drop,1,1,1,977,2655,watersystem_x_unit_basin_x_landform,0.0010235414534288639,3.766478342749529e-4,6.46893619153911e-4,2.7175025588536337,low_n_descriptive_only,FALSE
Ko->Na,4,B_830305_8_LF_CLASS::崖・段丘崖,多摩川 / basin 8 / 崖・段丘崖,drop,10,10,1,977,2655,watersystem_x_unit_basin_x_landform,0.01023541453428864,0.003766478342749529,0.006468936191539111,2.7175025588536337,low_n_descriptive_only,FALSE
Ko->Na,4,B_830305_8_LF_CLASS::氾濫平野・海岸平野,多摩川 / basin 8 / 氾濫平野・海岸平野,continue,1,3,0.3333333333333333,649,2655,watersystem_x_unit_basin_x_landform,0.0015408320493066256,0.0011299435028248588,4.1088854648176684e-4,1.3636363636363635,low_n_descriptive_only,FALSE
Ko->Na,4,B_830305_8_LF_CLASS::氾濫平野・海岸平野,多摩川 / basin 8 / 氾濫平野・海岸平野,drop,2,3,0.6666666666666666,977,2655,watersystem_x_unit_basin_x_landform,0.0020470829068577278,0.0011299435028248588,9.17139404032869e-4,1.811668372569089,low_n_descriptive_only,FALSE
Ko->Na,4,B_830305_9_LF_CLASS::氾濫平野・海岸平野,多摩川 / basin 9 / 氾濫平野・海岸平野,continue,1,1,1,649,2655,watersystem_x_unit_basin_x_landform,0.0015408320493066256,3.766478342749529e-4,0.0011641842150316728,4.090909090909091,low_n_descriptive_only,FALSE
Ko->Na,4,B_830306_16_LF_CLASS::凹地・浅い谷,鶴見川 / basin 16 / 凹地・浅い谷,continue,1,1,1,649,2655,watersystem_x_unit_basin_x_landform,0.0015408320493066256,3.766478342749529e-4,0.0011641842150316728,4.090909090909091,low_n_descriptive_only,FALSE
Ko->Na,4,B_830306_16_LF_CLASS::台地・段丘,鶴見川 / basin 16 / 台地・段丘,continue,12,29,0.41379310344827586,649,2655,watersystem_x_unit_basin_x_landform,0.01848998459167951,0.010922787193973634,0.007567197397705875,1.6927899686520378,eligible,FALSE
Ko->Na,4,B_830306_16_LF_CLASS::台地・段丘,鶴見川 / basin 16 / 台地・段丘,drop,1,29,0.034482758620689655,977,2655,watersystem_x_unit_basin_x_landform,0.0010235414534288639,0.010922787193973634,-0.00989924574054477,0.09370698478805634,eligible,FALSE
Ko->Na,4,B_830306_16_LF_CLASS::台地・段丘,鶴見川 / basin 16 / 台地・段丘,new,16,29,0.5517241379310345,1029,2655,watersystem_x_unit_basin_x_landform,0.015549076773566569,0.010922787193973634,0.004626289579592935,1.4235447873730773,eligible,FALSE
Ko->Na,4,B_830306_16_LF_CLASS::山地斜面等,鶴見川 / basin 16 / 山地斜面等,continue,9,39,0.23076923076923078,649,2655,watersystem_x_unit_basin_x_landform,0.01386748844375963,0.014689265536723164,-8.217770929635337e-4,0.9440559440559441,eligible,FALSE
Ko->Na,4,B_830306_16_LF_CLASS::山地斜面等,鶴見川 / basin 16 / 山地斜面等,drop,4,39,0.10256410256410256,977,2655,watersystem_x_unit_basin_x_landform,0.0040941658137154556,0.014689265536723164,-0.01059509972300771,0.27871821116447526,eligible,FALSE
Ko->Na,4,B_830306_16_LF_CLASS::山地斜面等,鶴見川 / basin 16 / 山地斜面等,new,26,39,0.6666666666666666,1029,2655,watersystem_x_unit_basin_x_landform,0.025267249757045675,0.014689265536723164,0.01057798422032251,1.7201166180758016,eligible,FALSE
Ko->Na,4,B_830306_16_LF_CLASS::山麓堆積地形,鶴見川 / basin 16 / 山麓堆積地形,continue,2,2,1,649,2655,watersystem_x_unit_basin_x_landform,0.0030816640986132513,7.532956685499058e-4,0.0023283684300633455,4.090909090909091,low_n_descriptive_only,FALSE
Ko->Na,4,B_830306_16_LF_CLASS::崖・段丘崖,鶴見川 / basin 16 / 崖・段丘崖,new,1,1,1,1029,2655,watersystem_x_unit_basin_x_landform,9.718172983479105e-4,3.766478342749529e-4,5.951694640729576e-4,2.5801749271137027,low_n_descriptive_only,FALSE
Ko->Na,4,B_830306_16_LF_CLASS::水部,鶴見川 / basin 16 / 水部,continue,1,2,0.5,649,2655,watersystem_x_unit_basin_x_landform,0.0015408320493066256,7.532956685499058e-4,7.875363807567198e-4,2.0454545454545454,low_n_descriptive_only,FALSE
Ko->Na,4,B_830306_16_LF_CLASS::水部,鶴見川 / basin 16 / 水部,new,1,2,0.5,1029,2655,watersystem_x_unit_basin_x_landform,9.718172983479105e-4,7.532956685499058e-4,2.185216297980047e-4,1.2900874635568513,low_n_descriptive_only,FALSE
Ko->Na,4,B_830306_16_LF_CLASS::氾濫平野・海岸平野,鶴見川 / basin 16 / 氾濫平野・海岸平野,drop,1,8,0.125,977,2655,watersystem_x_unit_basin_x_landform,0.0010235414534288639,0.0030131826741996233,-0.0019896412207707596,0.3396878198567042,low_n_descriptive_only,FALSE
Ko->Na,4,B_830306_16_LF_CLASS::氾濫平野・海岸平野,鶴見川 / basin 16 / 氾濫平野・海岸平野,new,7,8,0.875,1029,2655,watersystem_x_unit_basin_x_landform,0.006802721088435374,0.0030131826741996233,0.0037895384142357506,2.25765306122449,low_n_descriptive_only,FALSE
Ko->Na,4,B_830306_16_LF_CLASS::自然堤防,鶴見川 / basin 16 / 自然堤防,new,3,3,1,1029,2655,watersystem_x_unit_basin_x_landform,0.0029154518950437317,0.0011299435028248588,0.001785508392218873,2.5801749271137027,low_n_descriptive_only,FALSE
Ko->Na,4,B_830306_17_LF_CLASS::台地・段丘,鶴見川 / basin 17 / 台地・段丘,continue,2,3,0.6666666666666666,649,2655,watersystem_x_unit_basin_x_landform,0.0030816640986132513,0.0011299435028248588,0.0019517205957883925,2.727272727272727,low_n_descriptive_only,FALSE
Ko->Na,4,B_830306_17_LF_CLASS::台地・段丘,鶴見川 / basin 17 / 台地・段丘,new,1,3,0.3333333333333333,1029,2655,watersystem_x_unit_basin_x_landform,9.718172983479105e-4,0.0011299435028248588,-1.5812620447694826e-4,0.8600583090379008,low_n_descriptive_only,FALSE
Ko->Na,4,B_830306_17_LF_CLASS::山地斜面等,鶴見川 / basin 17 / 山地斜面等,drop,2,7,0.2857142857142857,977,2655,watersystem_x_unit_basin_x_landform,0.0020470829068577278,0.0026365348399246705,-5.894519330669427e-4,0.7764293025296096,low_n_descriptive_only,FALSE
Ko->Na,4,B_830306_17_LF_CLASS::山地斜面等,鶴見川 / basin 17 / 山地斜面等,new,5,7,0.7142857142857143,1029,2655,watersystem_x_unit_basin_x_landform,0.004859086491739553,0.0026365348399246705,0.0022225516518148826,1.842982090795502,low_n_descriptive_only,FALSE
Ko->Na,4,B_830306_19_LF_CLASS::台地・段丘,鶴見川 / basin 19 / 台地・段丘,continue,1,2,0.5,649,2655,watersystem_x_unit_basin_x_landform,0.0015408320493066256,7.532956685499058e-4,7.875363807567198e-4,2.0454545454545454,low_n_descriptive_only,FALSE
Ko->Na,4,B_830306_19_LF_CLASS::台地・段丘,鶴見川 / basin 19 / 台地・段丘,drop,1,2,0.5,977,2655,watersystem_x_unit_basin_x_landform,0.0010235414534288639,7.532956685499058e-4,2.7024578487895806e-4,1.3587512794268168,low_n_descriptive_only,FALSE
Ko->Na,4,B_830306_19_LF_CLASS::山地斜面等,鶴見川 / basin 19 / 山地斜面等,drop,3,9,0.3333333333333333,977,2655,watersystem_x_unit_basin_x_landform,0.0030706243602865915,0.003389830508474576,-3.192061481879847e-4,0.9058341862845445,low_n_descriptive_only,FALSE
Ko->Na,4,B_830306_19_LF_CLASS::山地斜面等,鶴見川 / basin 19 / 山地斜面等,new,6,9,0.6666666666666666,1029,2655,watersystem_x_unit_basin_x_landform,0.0058309037900874635,0.003389830508474576,0.0024410732816128873,1.7201166180758019,low_n_descriptive_only,FALSE
Ko->Na,4,B_830306_19_LF_CLASS::氾濫平野・海岸平野,鶴見川 / basin 19 / 氾濫平野・海岸平野,drop,1,1,1,977,2655,watersystem_x_unit_basin_x_landform,0.0010235414534288639,3.766478342749529e-4,6.46893619153911e-4,2.7175025588536337,low_n_descriptive_only,FALSE
Ko->Na,4,B_830306_20_LF_CLASS::台地・段丘,鶴見川 / basin 20 / 台地・段丘,continue,5,26,0.19230769230769232,649,2655,watersystem_x_unit_basin_x_landform,0.007704160246533128,0.009792843691148776,-0.002088683444615648,0.7867132867132867,eligible,FALSE
Ko->Na,4,B_830306_20_LF_CLASS::台地・段丘,鶴見川 / basin 20 / 台地・段丘,drop,1,26,0.038461538461538464,977,2655,watersystem_x_unit_basin_x_landform,0.0010235414534288639,0.009792843691148776,-0.008769302237719913,0.10451932918667821,eligible,FALSE
Ko->Na,4,B_830306_20_LF_CLASS::台地・段丘,鶴見川 / basin 20 / 台地・段丘,new,20,26,0.7692307692307693,1029,2655,watersystem_x_unit_basin_x_landform,0.019436345966958212,0.009792843691148776,0.009643502275809436,1.9847499439336174,eligible,FALSE
Ko->Na,4,B_830306_20_LF_CLASS::山地斜面等,鶴見川 / basin 20 / 山地斜面等,continue,27,156,0.17307692307692307,649,2655,watersystem_x_unit_basin_x_landform,0.04160246533127889,0.05875706214689266,-0.017154596815613765,0.708041958041958,eligible,FALSE
Ko->Na,4,B_830306_20_LF_CLASS::山地斜面等,鶴見川 / basin 20 / 山地斜面等,drop,9,156,0.057692307692307696,977,2655,watersystem_x_unit_basin_x_landform,0.009211873080859774,0.05875706214689266,-0.049545189066032884,0.1567789937800173,eligible,FALSE
Ko->Na,4,B_830306_20_LF_CLASS::山地斜面等,鶴見川 / basin 20 / 山地斜面等,new,120,156,0.7692307692307693,1029,2655,watersystem_x_unit_basin_x_landform,0.11661807580174927,0.05875706214689266,0.05786101365485661,1.9847499439336174,eligible,FALSE
Ko->Na,4,B_830306_20_LF_CLASS::山麓堆積地形,鶴見川 / basin 20 / 山麓堆積地形,new,6,6,1,1029,2655,watersystem_x_unit_basin_x_landform,0.0058309037900874635,0.0022598870056497176,0.003571016784437746,2.5801749271137027,low_n_descriptive_only,FALSE
Ko->Na,4,B_830306_20_LF_CLASS::崖・段丘崖,鶴見川 / basin 20 / 崖・段丘崖,new,1,1,1,1029,2655,watersystem_x_unit_basin_x_landform,9.718172983479105e-4,3.766478342749529e-4,5.951694640729576e-4,2.5801749271137027,low_n_descriptive_only,FALSE
Ko->Na,4,B_830306_20_LF_CLASS::氾濫平野・海岸平野,鶴見川 / basin 20 / 氾濫平野・海岸平野,continue,6,18,0.3333333333333333,649,2655,watersystem_x_unit_basin_x_landform,0.009244992295839754,0.006779661016949152,0.002465331278890602,1.3636363636363638,low_n_descriptive_only,FALSE
Ko->Na,4,B_830306_20_LF_CLASS::氾濫平野・海岸平野,鶴見川 / basin 20 / 氾濫平野・海岸平野,drop,1,18,0.05555555555555555,977,2655,watersystem_x_unit_basin_x_landform,0.0010235414534288639,0.006779661016949152,-0.005756119563520288,0.15097236438075742,low_n_descriptive_only,FALSE
Ko->Na,4,B_830306_20_LF_CLASS::氾濫平野・海岸平野,鶴見川 / basin 20 / 氾濫平野・海岸平野,new,11,18,0.6111111111111112,1029,2655,watersystem_x_unit_basin_x_landform,0.010689990281827016,0.006779661016949152,0.003910329264877864,1.576773566569485,low_n_descriptive_only,FALSE
Ko->Na,4,B_830306_21_LF_CLASS::台地・段丘,鶴見川 / basin 21 / 台地・段丘,continue,1,5,0.2,649,2655,watersystem_x_unit_basin_x_landform,0.0015408320493066256,0.0018832391713747645,-3.424071220681389e-4,0.8181818181818182,low_n_descriptive_only,FALSE
Ko->Na,4,B_830306_21_LF_CLASS::台地・段丘,鶴見川 / basin 21 / 台地・段丘,new,4,5,0.8,1029,2655,watersystem_x_unit_basin_x_landform,0.003887269193391642,0.0018832391713747645,0.0020040300220168774,2.064139941690962,low_n_descriptive_only,FALSE
Ko->Na,4,B_830306_21_LF_CLASS::山地斜面等,鶴見川 / basin 21 / 山地斜面等,continue,5,33,0.15151515151515152,649,2655,watersystem_x_unit_basin_x_landform,0.007704160246533128,0.012429378531073447,-0.004725218284540319,0.6198347107438016,eligible,FALSE
Ko->Na,4,B_830306_21_LF_CLASS::山地斜面等,鶴見川 / basin 21 / 山地斜面等,drop,9,33,0.2727272727272727,977,2655,watersystem_x_unit_basin_x_landform,0.009211873080859774,0.012429378531073447,-0.0032175054502136726,0.7411370615055364,eligible,FALSE
Ko->Na,4,B_830306_21_LF_CLASS::山地斜面等,鶴見川 / basin 21 / 山地斜面等,new,19,33,0.5757575757575758,1029,2655,watersystem_x_unit_basin_x_landform,0.0184645286686103,0.012429378531073447,0.006035150137536853,1.485555261065465,eligible,FALSE
Ko->Na,4,B_830306_21_LF_CLASS::氾濫平野・海岸平野,鶴見川 / basin 21 / 氾濫平野・海岸平野,continue,1,9,0.1111111111111111,649,2655,watersystem_x_unit_basin_x_landform,0.0015408320493066256,0.003389830508474576,-0.0018489984591679505,0.4545454545454546,low_n_descriptive_only,FALSE
Ko->Na,4,B_830306_21_LF_CLASS::氾濫平野・海岸平野,鶴見川 / basin 21 / 氾濫平野・海岸平野,drop,1,9,0.1111111111111111,977,2655,watersystem_x_unit_basin_x_landform,0.0010235414534288639,0.003389830508474576,-0.0023662890550457125,0.30194472876151485,low_n_descriptive_only,FALSE
Ko->Na,4,B_830306_21_LF_CLASS::氾濫平野・海岸平野,鶴見川 / basin 21 / 氾濫平野・海岸平野,new,7,9,0.7777777777777778,1029,2655,watersystem_x_unit_basin_x_landform,0.006802721088435374,0.003389830508474576,0.0034128905799607977,2.006802721088435,low_n_descriptive_only,FALSE
Ko->Na,4,B_unknown_0_LF_CLASS::凹地・浅い谷,古川・目黒川・立会川・呑川 / basin 0 / 凹地・浅い谷,continue,2,3,0.6666666666666666,649,2655,watersystem_x_unit_basin_x_landform,0.0030816640986132513,0.0011299435028248588,0.0019517205957883925,2.727272727272727,low_n_descriptive_only,FALSE
Ko->Na,4,B_unknown_0_LF_CLASS::凹地・浅い谷,古川・目黒川・立会川・呑川 / basin 0 / 凹地・浅い谷,drop,1,3,0.3333333333333333,977,2655,watersystem_x_unit_basin_x_landform,0.0010235414534288639,0.0011299435028248588,-1.064020493959949e-4,0.9058341862845445,low_n_descriptive_only,FALSE
Ko->Na,4,B_unknown_0_LF_CLASS::台地・段丘,古川・目黒川・立会川・呑川 / basin 0 / 台地・段丘,continue,17,63,0.2698412698412698,649,2655,watersystem_x_unit_basin_x_landform,0.026194144838212634,0.023728813559322035,0.0024653312788905993,1.103896103896104,eligible,FALSE
Ko->Na,4,B_unknown_0_LF_CLASS::台地・段丘,古川・目黒川・立会川・呑川 / basin 0 / 台地・段丘,drop,41,63,0.6507936507936508,977,2655,watersystem_x_unit_basin_x_landform,0.04196519959058342,0.023728813559322035,0.018236386031261383,1.768533411317444,eligible,FALSE
Ko->Na,4,B_unknown_0_LF_CLASS::台地・段丘,古川・目黒川・立会川・呑川 / basin 0 / 台地・段丘,new,5,63,0.07936507936507936,1029,2655,watersystem_x_unit_basin_x_landform,0.004859086491739553,0.023728813559322035,-0.01886972706758248,0.20477578786616688,eligible,FALSE
Ko->Na,4,B_unknown_0_LF_CLASS::山地斜面等,古川・目黒川・立会川・呑川 / basin 0 / 山地斜面等,continue,24,49,0.4897959183673469,649,2655,watersystem_x_unit_basin_x_landform,0.03697996918335902,0.018455743879472693,0.018524225303886324,2.003710575139147,eligible,FALSE
Ko->Na,4,B_unknown_0_LF_CLASS::山地斜面等,古川・目黒川・立会川・呑川 / basin 0 / 山地斜面等,drop,25,49,0.5102040816326531,977,2655,watersystem_x_unit_basin_x_landform,0.0255885363357216,0.018455743879472693,0.007132792456248906,1.386480897374303,eligible,FALSE
Ko->Na,4,B_unknown_0_LF_CLASS::崖・段丘崖,古川・目黒川・立会川・呑川 / basin 0 / 崖・段丘崖,continue,5,10,0.5,649,2655,watersystem_x_unit_basin_x_landform,0.007704160246533128,0.003766478342749529,0.0039376819037835985,2.0454545454545454,low_n_descriptive_only,FALSE
Ko->Na,4,B_unknown_0_LF_CLASS::崖・段丘崖,古川・目黒川・立会川・呑川 / basin 0 / 崖・段丘崖,drop,3,10,0.3,977,2655,watersystem_x_unit_basin_x_landform,0.0030706243602865915,0.003766478342749529,-6.958539824629376e-4,0.8152507676560901,low_n_descriptive_only,FALSE
Ko->Na,4,B_unknown_0_LF_CLASS::崖・段丘崖,古川・目黒川・立会川・呑川 / basin 0 / 崖・段丘崖,new,2,10,0.2,1029,2655,watersystem_x_unit_basin_x_landform,0.001943634596695821,0.003766478342749529,-0.001822843746053708,0.5160349854227405,low_n_descriptive_only,FALSE
Ko->Na,4,B_unknown_0_LF_CLASS::後背低地・湿地,古川・目黒川・立会川・呑川 / basin 0 / 後背低地・湿地,new,1,1,1,1029,2655,watersystem_x_unit_basin_x_landform,9.718172983479105e-4,3.766478342749529e-4,5.951694640729576e-4,2.5801749271137027,low_n_descriptive_only,FALSE
Ko->Na,4,B_unknown_0_LF_CLASS::氾濫平野・海岸平野,古川・目黒川・立会川・呑川 / basin 0 / 氾濫平野・海岸平野,continue,5,19,0.2631578947368421,649,2655,watersystem_x_unit_basin_x_landform,0.007704160246533128,0.007156308851224105,5.478513953090227e-4,1.076555023923445,low_n_descriptive_only,FALSE
Ko->Na,4,B_unknown_0_LF_CLASS::氾濫平野・海岸平野,古川・目黒川・立会川・呑川 / basin 0 / 氾濫平野・海岸平野,drop,9,19,0.47368421052631576,977,2655,watersystem_x_unit_basin_x_landform,0.009211873080859774,0.007156308851224105,0.002055564229635669,1.2872380541938264,low_n_descriptive_only,FALSE
Ko->Na,4,B_unknown_0_LF_CLASS::氾濫平野・海岸平野,古川・目黒川・立会川・呑川 / basin 0 / 氾濫平野・海岸平野,new,5,19,0.2631578947368421,1029,2655,watersystem_x_unit_basin_x_landform,0.004859086491739553,0.007156308851224105,-0.002297222359484552,0.6789934018720271,low_n_descriptive_only,FALSE
Ko->Na,4,B_unknown_0_LF_CLASS::砂州・砂丘,古川・目黒川・立会川・呑川 / basin 0 / 砂州・砂丘,continue,1,13,0.07692307692307693,649,2655,watersystem_x_unit_basin_x_landform,0.0015408320493066256,0.004896421845574388,-0.0033555897962677626,0.3146853146853147,low_n_descriptive_only,FALSE
Ko->Na,4,B_unknown_0_LF_CLASS::砂州・砂丘,古川・目黒川・立会川・呑川 / basin 0 / 砂州・砂丘,drop,5,13,0.38461538461538464,977,2655,watersystem_x_unit_basin_x_landform,0.00511770726714432,0.004896421845574388,2.2128542156993163e-4,1.0451932918667821,low_n_descriptive_only,FALSE
Ko->Na,4,B_unknown_0_LF_CLASS::砂州・砂丘,古川・目黒川・立会川・呑川 / basin 0 / 砂州・砂丘,new,7,13,0.5384615384615384,1029,2655,watersystem_x_unit_basin_x_landform,0.006802721088435374,0.004896421845574388,0.0019062992428609859,1.389324960753532,low_n_descriptive_only,FALSE
Na->He,5,B_120000_6_LF_CLASS::台地・段丘,名称不明 / basin 6 / 台地・段丘,continue,1,1,1,1460,2344,watersystem_x_unit_basin_x_landform,6.849315068493151e-4,4.266211604095563e-4,2.5831034643975876e-4,1.6054794520547946,low_n_descriptive_only,FALSE
Na->He,5,B_130000_1_LF_CLASS::台地・段丘,名称不明 / basin 1 / 台地・段丘,continue,4,4,1,1460,2344,watersystem_x_unit_basin_x_landform,0.0027397260273972603,0.0017064846416382253,0.001033241385759035,1.6054794520547946,low_n_descriptive_only,FALSE
Na->He,5,B_130000_2_LF_CLASS::山地斜面等,名称不明 / basin 2 / 山地斜面等,new,1,1,1,666,2344,watersystem_x_unit_basin_x_landform,0.0015015015015015015,4.266211604095563e-4,0.0010748803410919451,3.5195195195195192,low_n_descriptive_only,FALSE
Na->He,5,B_130000_4_LF_CLASS::台地・段丘,名称不明 / basin 4 / 台地・段丘,continue,3,7,0.42857142857142855,1460,2344,watersystem_x_unit_basin_x_landform,0.002054794520547945,0.0029863481228668944,-9.315536023189494e-4,0.6880626223091976,low_n_descriptive_only,FALSE
Na->He,5,B_130000_4_LF_CLASS::台地・段丘,名称不明 / basin 4 / 台地・段丘,drop,1,7,0.14285714285714285,218,2344,watersystem_x_unit_basin_x_landform,0.0045871559633027525,0.0029863481228668944,0.0016008078404358582,1.5360419397116645,low_n_descriptive_only,FALSE
Na->He,5,B_130000_4_LF_CLASS::台地・段丘,名称不明 / basin 4 / 台地・段丘,new,3,7,0.42857142857142855,666,2344,watersystem_x_unit_basin_x_landform,0.0045045045045045045,0.0029863481228668944,0.00151815638163761,1.5083655083655083,low_n_descriptive_only,FALSE
Na->He,5,B_130000_4_LF_CLASS::後背低地・湿地,名称不明 / basin 4 / 後背低地・湿地,continue,1,3,0.3333333333333333,1460,2344,watersystem_x_unit_basin_x_landform,6.849315068493151e-4,0.001279863481228669,-5.949319743793538e-4,0.5351598173515982,low_n_descriptive_only,FALSE
Na->He,5,B_130000_4_LF_CLASS::後背低地・湿地,名称不明 / basin 4 / 後背低地・湿地,drop,1,3,0.3333333333333333,218,2344,watersystem_x_unit_basin_x_landform,0.0045871559633027525,0.001279863481228669,0.0033072924820740836,3.5840978593272173,low_n_descriptive_only,FALSE
Na->He,5,B_130000_4_LF_CLASS::後背低地・湿地,名称不明 / basin 4 / 後背低地・湿地,new,1,3,0.3333333333333333,666,2344,watersystem_x_unit_basin_x_landform,0.0015015015015015015,0.001279863481228669,2.216380202728326e-4,1.1731731731731732,low_n_descriptive_only,FALSE
Na->He,5,B_130000_5_LF_CLASS::台地・段丘,名称不明 / basin 5 / 台地・段丘,continue,23,26,0.8846153846153846,1460,2344,watersystem_x_unit_basin_x_landform,0.015753424657534248,0.011092150170648464,0.004661274486885783,1.4202318229715492,eligible,FALSE
Na->He,5,B_130000_5_LF_CLASS::台地・段丘,名称不明 / basin 5 / 台地・段丘,new,3,26,0.11538461538461539,666,2344,watersystem_x_unit_basin_x_landform,0.0045045045045045045,0.011092150170648464,-0.00658764566614396,0.4060984060984061,eligible,FALSE
Na->He,5,B_130000_5_LF_CLASS::山地斜面等,名称不明 / basin 5 / 山地斜面等,continue,1,1,1,1460,2344,watersystem_x_unit_basin_x_landform,6.849315068493151e-4,4.266211604095563e-4,2.5831034643975876e-4,1.6054794520547946,low_n_descriptive_only,FALSE
Na->He,5,B_130000_5_LF_CLASS::崖・段丘崖,名称不明 / basin 5 / 崖・段丘崖,continue,1,1,1,1460,2344,watersystem_x_unit_basin_x_landform,6.849315068493151e-4,4.266211604095563e-4,2.5831034643975876e-4,1.6054794520547946,low_n_descriptive_only,FALSE
Na->He,5,B_130000_5_LF_CLASS::後背低地・湿地,名称不明 / basin 5 / 後背低地・湿地,continue,3,3,1,1460,2344,watersystem_x_unit_basin_x_landform,0.002054794520547945,0.001279863481228669,7.749310393192761e-4,1.6054794520547944,low_n_descriptive_only,FALSE
Na->He,5,B_130000_5_LF_CLASS::水部,名称不明 / basin 5 / 水部,continue,1,1,1,1460,2344,watersystem_x_unit_basin_x_landform,6.849315068493151e-4,4.266211604095563e-4,2.5831034643975876e-4,1.6054794520547946,low_n_descriptive_only,FALSE
Na->He,5,B_130000_5_LF_CLASS::氾濫平野・海岸平野,名称不明 / basin 5 / 氾濫平野・海岸平野,continue,1,1,1,1460,2344,watersystem_x_unit_basin_x_landform,6.849315068493151e-4,4.266211604095563e-4,2.5831034643975876e-4,1.6054794520547946,low_n_descriptive_only,FALSE
Na->He,5,B_130000_6_LF_CLASS::台地・段丘,名称不明 / basin 6 / 台地・段丘,continue,1,1,1,1460,2344,watersystem_x_unit_basin_x_landform,6.849315068493151e-4,4.266211604095563e-4,2.5831034643975876e-4,1.6054794520547946,low_n_descriptive_only,FALSE
Na->He,5,B_130000_6_LF_CLASS::山地斜面等,名称不明 / basin 6 / 山地斜面等,continue,1,2,0.5,1460,2344,watersystem_x_unit_basin_x_landform,6.849315068493151e-4,8.532423208191126e-4,-1.6831081396979756e-4,0.8027397260273973,low_n_descriptive_only,FALSE
Na->He,5,B_130000_6_LF_CLASS::山地斜面等,名称不明 / basin 6 / 山地斜面等,drop,1,2,0.5,218,2344,watersystem_x_unit_basin_x_landform,0.0045871559633027525,8.532423208191126e-4,0.00373391364248364,5.376146788990826,low_n_descriptive_only,FALSE
Na->He,5,B_130000_6_LF_CLASS::氾濫平野・海岸平野,名称不明 / basin 6 / 氾濫平野・海岸平野,continue,1,1,1,1460,2344,watersystem_x_unit_basin_x_landform,6.849315068493151e-4,4.266211604095563e-4,2.5831034643975876e-4,1.6054794520547946,low_n_descriptive_only,FALSE
Na->He,5,B_140013_17_LF_CLASS::台地・段丘,境川 / basin 17 / 台地・段丘,continue,31,32,0.96875,1460,2344,watersystem_x_unit_basin_x_landform,0.021232876712328767,0.013651877133105802,0.0075809995792229645,1.555308219178082,eligible,FALSE
Na->He,5,B_140013_17_LF_CLASS::台地・段丘,境川 / basin 17 / 台地・段丘,new,1,32,0.03125,666,2344,watersystem_x_unit_basin_x_landform,0.0015015015015015015,0.013651877133105802,-0.012150375631604302,0.10998498498498498,eligible,FALSE
Na->He,5,B_140013_17_LF_CLASS::山地斜面等,境川 / basin 17 / 山地斜面等,continue,101,120,0.8416666666666667,1460,2344,watersystem_x_unit_basin_x_landform,0.06917808219178082,0.051194539249146756,0.01798354294263406,1.3512785388127853,eligible,FALSE
Na->He,5,B_140013_17_LF_CLASS::山地斜面等,境川 / basin 17 / 山地斜面等,drop,2,120,0.016666666666666666,218,2344,watersystem_x_unit_basin_x_landform,0.009174311926605505,0.051194539249146756,-0.04202022732254125,0.17920489296636088,eligible,FALSE
Na->He,5,B_140013_17_LF_CLASS::山地斜面等,境川 / basin 17 / 山地斜面等,new,17,120,0.14166666666666666,666,2344,watersystem_x_unit_basin_x_landform,0.025525525525525526,0.051194539249146756,-0.02566901372362123,0.4985985985985986,eligible,FALSE
Na->He,5,B_140013_17_LF_CLASS::山麓堆積地形,境川 / basin 17 / 山麓堆積地形,continue,1,1,1,1460,2344,watersystem_x_unit_basin_x_landform,6.849315068493151e-4,4.266211604095563e-4,2.5831034643975876e-4,1.6054794520547946,low_n_descriptive_only,FALSE
Na->He,5,B_140013_17_LF_CLASS::氾濫平野・海岸平野,境川 / basin 17 / 氾濫平野・海岸平野,continue,29,33,0.8787878787878788,1460,2344,watersystem_x_unit_basin_x_landform,0.01986301369863014,0.014078498293515358,0.005784515405114781,1.410875882108759,eligible,FALSE
Na->He,5,B_140013_17_LF_CLASS::氾濫平野・海岸平野,境川 / basin 17 / 氾濫平野・海岸平野,drop,2,33,0.06060606060606061,218,2344,watersystem_x_unit_basin_x_landform,0.009174311926605505,0.014078498293515358,-0.004904186366909853,0.6516541562413123,eligible,FALSE
Na->He,5,B_140013_17_LF_CLASS::氾濫平野・海岸平野,境川 / basin 17 / 氾濫平野・海岸平野,new,2,33,0.06060606060606061,666,2344,watersystem_x_unit_basin_x_landform,0.003003003003003003,0.014078498293515358,-0.011075495290512355,0.2133042133042133,eligible,FALSE
Na->He,5,B_140013_19_LF_CLASS::台地・段丘,境川 / basin 19 / 台地・段丘,continue,1,1,1,1460,2344,watersystem_x_unit_basin_x_landform,6.849315068493151e-4,4.266211604095563e-4,2.5831034643975876e-4,1.6054794520547946,low_n_descriptive_only,FALSE
Na->He,5,B_140013_19_LF_CLASS::山地斜面等,境川 / basin 19 / 山地斜面等,continue,4,11,0.36363636363636365,1460,2344,watersystem_x_unit_basin_x_landform,0.0027397260273972603,0.00469283276450512,-0.0019531067371078596,0.583810709838107,low_n_descriptive_only,FALSE
Na->He,5,B_140013_19_LF_CLASS::山地斜面等,境川 / basin 19 / 山地斜面等,drop,1,11,0.09090909090909091,218,2344,watersystem_x_unit_basin_x_landform,0.0045871559633027525,0.00469283276450512,-1.0567680120236733e-4,0.9774812343619683,low_n_descriptive_only,FALSE
Na->He,5,B_140013_19_LF_CLASS::山地斜面等,境川 / basin 19 / 山地斜面等,new,6,11,0.5454545454545454,666,2344,watersystem_x_unit_basin_x_landform,0.009009009009009009,0.00469283276450512,0.004316176244503889,1.9197379197379196,low_n_descriptive_only,FALSE
Na->He,5,B_140013_19_LF_CLASS::氾濫平野・海岸平野,境川 / basin 19 / 氾濫平野・海岸平野,continue,3,3,1,1460,2344,watersystem_x_unit_basin_x_landform,0.002054794520547945,0.001279863481228669,7.749310393192761e-4,1.6054794520547944,low_n_descriptive_only,FALSE
Na->He,5,B_830303_345_LF_CLASS::自然堤防,利根川 / basin 345 / 自然堤防,continue,1,1,1,1460,2344,watersystem_x_unit_basin_x_landform,6.849315068493151e-4,4.266211604095563e-4,2.5831034643975876e-4,1.6054794520547946,low_n_descriptive_only,FALSE
Na->He,5,B_830303_347_LF_CLASS::自然堤防,利根川 / basin 347 / 自然堤防,continue,5,5,1,1460,2344,watersystem_x_unit_basin_x_landform,0.003424657534246575,0.0021331058020477816,0.0012915517321987935,1.6054794520547944,low_n_descriptive_only,FALSE
Na->He,5,B_830303_389_LF_CLASS::自然堤防,利根川 / basin 389 / 自然堤防,continue,1,1,1,1460,2344,watersystem_x_unit_basin_x_landform,6.849315068493151e-4,4.266211604095563e-4,2.5831034643975876e-4,1.6054794520547946,low_n_descriptive_only,FALSE
Na->He,5,B_830303_393_LF_CLASS::氾濫平野・海岸平野,利根川 / basin 393 / 氾濫平野・海岸平野,continue,1,1,1,1460,2344,watersystem_x_unit_basin_x_landform,6.849315068493151e-4,4.266211604095563e-4,2.5831034643975876e-4,1.6054794520547946,low_n_descriptive_only,FALSE
Na->He,5,B_830303_393_LF_CLASS::自然堤防,利根川 / basin 393 / 自然堤防,continue,1,2,0.5,1460,2344,watersystem_x_unit_basin_x_landform,6.849315068493151e-4,8.532423208191126e-4,-1.6831081396979756e-4,0.8027397260273973,low_n_descriptive_only,FALSE
Na->He,5,B_830303_393_LF_CLASS::自然堤防,利根川 / basin 393 / 自然堤防,drop,1,2,0.5,218,2344,watersystem_x_unit_basin_x_landform,0.0045871559633027525,8.532423208191126e-4,0.00373391364248364,5.376146788990826,low_n_descriptive_only,FALSE
Na->He,5,B_830303_427_LF_CLASS::氾濫平野・海岸平野,利根川 / basin 427 / 氾濫平野・海岸平野,continue,2,2,1,1460,2344,watersystem_x_unit_basin_x_landform,0.0013698630136986301,8.532423208191126e-4,5.166206928795175e-4,1.6054794520547946,low_n_descriptive_only,FALSE
Na->He,5,B_830303_427_LF_CLASS::自然堤防,利根川 / basin 427 / 自然堤防,continue,2,2,1,1460,2344,watersystem_x_unit_basin_x_landform,0.0013698630136986301,8.532423208191126e-4,5.166206928795175e-4,1.6054794520547946,low_n_descriptive_only,FALSE
Na->He,5,B_830303_478_LF_CLASS::氾濫平野・海岸平野,利根川 / basin 478 / 氾濫平野・海岸平野,continue,1,1,1,1460,2344,watersystem_x_unit_basin_x_landform,6.849315068493151e-4,4.266211604095563e-4,2.5831034643975876e-4,1.6054794520547946,low_n_descriptive_only,FALSE
Na->He,5,B_830303_478_LF_CLASS::自然堤防,利根川 / basin 478 / 自然堤防,continue,2,2,1,1460,2344,watersystem_x_unit_basin_x_landform,0.0013698630136986301,8.532423208191126e-4,5.166206928795175e-4,1.6054794520547946,low_n_descriptive_only,FALSE
Na->He,5,B_830303_517_LF_CLASS::旧河道,利根川 / basin 517 / 旧河道,continue,2,2,1,1460,2344,watersystem_x_unit_basin_x_landform,0.0013698630136986301,8.532423208191126e-4,5.166206928795175e-4,1.6054794520547946,low_n_descriptive_only,FALSE
Na->He,5,B_830303_517_LF_CLASS::氾濫平野・海岸平野,利根川 / basin 517 / 氾濫平野・海岸平野,continue,1,1,1,1460,2344,watersystem_x_unit_basin_x_landform,6.849315068493151e-4,4.266211604095563e-4,2.5831034643975876e-4,1.6054794520547946,low_n_descriptive_only,FALSE
Na->He,5,B_830303_517_LF_CLASS::自然堤防,利根川 / basin 517 / 自然堤防,continue,1,2,0.5,1460,2344,watersystem_x_unit_basin_x_landform,6.849315068493151e-4,8.532423208191126e-4,-1.6831081396979756e-4,0.8027397260273973,low_n_descriptive_only,FALSE
Na->He,5,B_830303_517_LF_CLASS::自然堤防,利根川 / basin 517 / 自然堤防,drop,1,2,0.5,218,2344,watersystem_x_unit_basin_x_landform,0.0045871559633027525,8.532423208191126e-4,0.00373391364248364,5.376146788990826,low_n_descriptive_only,FALSE
Na->He,5,B_830304_120_LF_CLASS::台地・段丘,荒川 / basin 120 / 台地・段丘,continue,17,18,0.9444444444444444,1460,2344,watersystem_x_unit_basin_x_landform,0.011643835616438357,0.007679180887372013,0.0039646547290663435,1.5162861491628616,low_n_descriptive_only,FALSE
Na->He,5,B_830304_120_LF_CLASS::台地・段丘,荒川 / basin 120 / 台地・段丘,new,1,18,0.05555555555555555,666,2344,watersystem_x_unit_basin_x_landform,0.0015015015015015015,0.007679180887372013,-0.006177679385870512,0.19552886219552887,low_n_descriptive_only,FALSE
Na->He,5,B_830304_120_LF_CLASS::山地斜面等,荒川 / basin 120 / 山地斜面等,continue,6,7,0.8571428571428571,1460,2344,watersystem_x_unit_basin_x_landform,0.00410958904109589,0.0029863481228668944,0.0011232409182289956,1.3761252446183951,low_n_descriptive_only,FALSE
Na->He,5,B_830304_120_LF_CLASS::山地斜面等,荒川 / basin 120 / 山地斜面等,new,1,7,0.14285714285714285,666,2344,watersystem_x_unit_basin_x_landform,0.0015015015015015015,0.0029863481228668944,-0.001484846621365393,0.5027885027885027,low_n_descriptive_only,FALSE
Na->He,5,B_830304_120_LF_CLASS::氾濫平野・海岸平野,荒川 / basin 120 / 氾濫平野・海岸平野,continue,5,6,0.8333333333333334,1460,2344,watersystem_x_unit_basin_x_landform,0.003424657534246575,0.002559726962457338,8.649305717892374e-4,1.3378995433789953,low_n_descriptive_only,FALSE
Na->He,5,B_830304_120_LF_CLASS::氾濫平野・海岸平野,荒川 / basin 120 / 氾濫平野・海岸平野,new,1,6,0.16666666666666666,666,2344,watersystem_x_unit_basin_x_landform,0.0015015015015015015,0.002559726962457338,-0.0010582254609558363,0.5865865865865866,low_n_descriptive_only,FALSE
Na->He,5,B_830304_15_LF_CLASS::台地・段丘,荒川 / basin 15 / 台地・段丘,continue,2,2,1,1460,2344,watersystem_x_unit_basin_x_landform,0.0013698630136986301,8.532423208191126e-4,5.166206928795175e-4,1.6054794520547946,low_n_descriptive_only,FALSE
Na->He,5,B_830304_15_LF_CLASS::氾濫平野・海岸平野,荒川 / basin 15 / 氾濫平野・海岸平野,continue,1,1,1,1460,2344,watersystem_x_unit_basin_x_landform,6.849315068493151e-4,4.266211604095563e-4,2.5831034643975876e-4,1.6054794520547946,low_n_descriptive_only,FALSE
Na->He,5,B_830304_15_LF_CLASS::砂州・砂丘,荒川 / basin 15 / 砂州・砂丘,continue,1,1,1,1460,2344,watersystem_x_unit_basin_x_landform,6.849315068493151e-4,4.266211604095563e-4,2.5831034643975876e-4,1.6054794520547946,low_n_descriptive_only,FALSE
Na->He,5,B_830304_15_LF_CLASS::自然堤防,荒川 / basin 15 / 自然堤防,continue,1,1,1,1460,2344,watersystem_x_unit_basin_x_landform,6.849315068493151e-4,4.266211604095563e-4,2.5831034643975876e-4,1.6054794520547946,low_n_descriptive_only,FALSE
Na->He,5,B_830304_161_LF_CLASS::台地・段丘,荒川 / basin 161 / 台地・段丘,continue,1,2,0.5,1460,2344,watersystem_x_unit_basin_x_landform,6.849315068493151e-4,8.532423208191126e-4,-1.6831081396979756e-4,0.8027397260273973,low_n_descriptive_only,FALSE
Na->He,5,B_830304_161_LF_CLASS::台地・段丘,荒川 / basin 161 / 台地・段丘,new,1,2,0.5,666,2344,watersystem_x_unit_basin_x_landform,0.0015015015015015015,8.532423208191126e-4,6.482591806823889e-4,1.7597597597597596,low_n_descriptive_only,FALSE
Na->He,5,B_830304_16_LF_CLASS::凹地・浅い谷,荒川 / basin 16 / 凹地・浅い谷,continue,1,1,1,1460,2344,watersystem_x_unit_basin_x_landform,6.849315068493151e-4,4.266211604095563e-4,2.5831034643975876e-4,1.6054794520547946,low_n_descriptive_only,FALSE
Na->He,5,B_830304_16_LF_CLASS::台地・段丘,荒川 / basin 16 / 台地・段丘,continue,2,3,0.6666666666666666,1460,2344,watersystem_x_unit_basin_x_landform,0.0013698630136986301,0.001279863481228669,8.999953246996125e-5,1.0703196347031965,low_n_descriptive_only,FALSE
Na->He,5,B_830304_16_LF_CLASS::台地・段丘,荒川 / basin 16 / 台地・段丘,drop,1,3,0.3333333333333333,218,2344,watersystem_x_unit_basin_x_landform,0.0045871559633027525,0.001279863481228669,0.0033072924820740836,3.5840978593272173,low_n_descriptive_only,FALSE
Na->He,5,B_830304_16_LF_CLASS::氾濫平野・海岸平野,荒川 / basin 16 / 氾濫平野・海岸平野,continue,1,2,0.5,1460,2344,watersystem_x_unit_basin_x_landform,6.849315068493151e-4,8.532423208191126e-4,-1.6831081396979756e-4,0.8027397260273973,low_n_descriptive_only,FALSE
Na->He,5,B_830304_16_LF_CLASS::氾濫平野・海岸平野,荒川 / basin 16 / 氾濫平野・海岸平野,new,1,2,0.5,666,2344,watersystem_x_unit_basin_x_landform,0.0015015015015015015,8.532423208191126e-4,6.482591806823889e-4,1.7597597597597596,low_n_descriptive_only,FALSE
Na->He,5,B_830304_16_LF_CLASS::自然堤防,荒川 / basin 16 / 自然堤防,continue,2,2,1,1460,2344,watersystem_x_unit_basin_x_landform,0.0013698630136986301,8.532423208191126e-4,5.166206928795175e-4,1.6054794520547946,low_n_descriptive_only,FALSE
Na->He,5,B_830304_25_LF_CLASS::台地・段丘,荒川 / basin 25 / 台地・段丘,continue,5,5,1,1460,2344,watersystem_x_unit_basin_x_landform,0.003424657534246575,0.0021331058020477816,0.0012915517321987935,1.6054794520547944,low_n_descriptive_only,FALSE
Na->He,5,B_830304_25_LF_CLASS::氾濫平野・海岸平野,荒川 / basin 25 / 氾濫平野・海岸平野,continue,4,5,0.8,1460,2344,watersystem_x_unit_basin_x_landform,0.0027397260273972603,0.0021331058020477816,6.066202253494786e-4,1.2843835616438355,low_n_descriptive_only,FALSE
Na->He,5,B_830304_25_LF_CLASS::氾濫平野・海岸平野,荒川 / basin 25 / 氾濫平野・海岸平野,drop,1,5,0.2,218,2344,watersystem_x_unit_basin_x_landform,0.0045871559633027525,0.0021331058020477816,0.002454050161254971,2.15045871559633,low_n_descriptive_only,FALSE
Na->He,5,B_830304_25_LF_CLASS::砂州・砂丘,荒川 / basin 25 / 砂州・砂丘,continue,11,11,1,1460,2344,watersystem_x_unit_basin_x_landform,0.007534246575342466,0.00469283276450512,0.002841413810837346,1.6054794520547944,low_n_descriptive_only,FALSE
Na->He,5,B_830304_26_LF_CLASS::台地・段丘,荒川 / basin 26 / 台地・段丘,continue,3,5,0.6,1460,2344,watersystem_x_unit_basin_x_landform,0.002054794520547945,0.0021331058020477816,-7.831128149983664e-5,0.9632876712328766,low_n_descriptive_only,FALSE
Na->He,5,B_830304_26_LF_CLASS::台地・段丘,荒川 / basin 26 / 台地・段丘,drop,2,5,0.4,218,2344,watersystem_x_unit_basin_x_landform,0.009174311926605505,0.0021331058020477816,0.007041206124557723,4.30091743119266,low_n_descriptive_only,FALSE
Na->He,5,B_830304_26_LF_CLASS::山地斜面等,荒川 / basin 26 / 山地斜面等,new,1,1,1,666,2344,watersystem_x_unit_basin_x_landform,0.0015015015015015015,4.266211604095563e-4,0.0010748803410919451,3.5195195195195192,low_n_descriptive_only,FALSE
Na->He,5,B_830304_26_LF_CLASS::氾濫平野・海岸平野,荒川 / basin 26 / 氾濫平野・海岸平野,continue,1,1,1,1460,2344,watersystem_x_unit_basin_x_landform,6.849315068493151e-4,4.266211604095563e-4,2.5831034643975876e-4,1.6054794520547946,low_n_descriptive_only,FALSE
Na->He,5,B_830304_27_LF_CLASS::台地・段丘,荒川 / basin 27 / 台地・段丘,continue,7,9,0.7777777777777778,1460,2344,watersystem_x_unit_basin_x_landform,0.004794520547945206,0.0038395904436860067,9.54930104259199e-4,1.2487062404870626,low_n_descriptive_only,FALSE
Na->He,5,B_830304_27_LF_CLASS::台地・段丘,荒川 / basin 27 / 台地・段丘,drop,1,9,0.1111111111111111,218,2344,watersystem_x_unit_basin_x_landform,0.0045871559633027525,0.0038395904436860067,7.475655196167458e-4,1.1946992864424058,low_n_descriptive_only,FALSE
Na->He,5,B_830304_27_LF_CLASS::台地・段丘,荒川 / basin 27 / 台地・段丘,new,1,9,0.1111111111111111,666,2344,watersystem_x_unit_basin_x_landform,0.0015015015015015015,0.0038395904436860067,-0.002338088942184505,0.39105772439105774,low_n_descriptive_only,FALSE
Na->He,5,B_830304_27_LF_CLASS::崖・段丘崖,荒川 / basin 27 / 崖・段丘崖,drop,1,1,1,218,2344,watersystem_x_unit_basin_x_landform,0.0045871559633027525,4.266211604095563e-4,0.004160534802893196,10.752293577981652,low_n_descriptive_only,FALSE
Na->He,5,B_830304_27_LF_CLASS::砂州・砂丘,荒川 / basin 27 / 砂州・砂丘,continue,1,2,0.5,1460,2344,watersystem_x_unit_basin_x_landform,6.849315068493151e-4,8.532423208191126e-4,-1.6831081396979756e-4,0.8027397260273973,low_n_descriptive_only,FALSE
Na->He,5,B_830304_27_LF_CLASS::砂州・砂丘,荒川 / basin 27 / 砂州・砂丘,drop,1,2,0.5,218,2344,watersystem_x_unit_basin_x_landform,0.0045871559633027525,8.532423208191126e-4,0.00373391364248364,5.376146788990826,low_n_descriptive_only,FALSE
Na->He,5,B_830304_27_LF_CLASS::自然堤防,荒川 / basin 27 / 自然堤防,new,1,1,1,666,2344,watersystem_x_unit_basin_x_landform,0.0015015015015015015,4.266211604095563e-4,0.0010748803410919451,3.5195195195195192,low_n_descriptive_only,FALSE
Na->He,5,B_830304_36_LF_CLASS::氾濫平野・海岸平野,荒川 / basin 36 / 氾濫平野・海岸平野,continue,1,1,1,1460,2344,watersystem_x_unit_basin_x_landform,6.849315068493151e-4,4.266211604095563e-4,2.5831034643975876e-4,1.6054794520547946,low_n_descriptive_only,FALSE
Na->He,5,B_830304_37_LF_CLASS::台地・段丘,荒川 / basin 37 / 台地・段丘,drop,1,1,1,218,2344,watersystem_x_unit_basin_x_landform,0.0045871559633027525,4.266211604095563e-4,0.004160534802893196,10.752293577981652,low_n_descriptive_only,FALSE
Na->He,5,B_830304_37_LF_CLASS::山地斜面等,荒川 / basin 37 / 山地斜面等,new,1,1,1,666,2344,watersystem_x_unit_basin_x_landform,0.0015015015015015015,4.266211604095563e-4,0.0010748803410919451,3.5195195195195192,low_n_descriptive_only,FALSE
Na->He,5,B_830304_37_LF_CLASS::氾濫平野・海岸平野,荒川 / basin 37 / 氾濫平野・海岸平野,continue,1,1,1,1460,2344,watersystem_x_unit_basin_x_landform,6.849315068493151e-4,4.266211604095563e-4,2.5831034643975876e-4,1.6054794520547946,low_n_descriptive_only,FALSE
Na->He,5,B_830304_38_LF_CLASS::台地・段丘,荒川 / basin 38 / 台地・段丘,new,2,2,1,666,2344,watersystem_x_unit_basin_x_landform,0.003003003003003003,8.532423208191126e-4,0.0021497606821838902,3.5195195195195192,low_n_descriptive_only,FALSE
Na->He,5,B_830304_38_LF_CLASS::山地斜面等,荒川 / basin 38 / 山地斜面等,continue,1,1,1,1460,2344,watersystem_x_unit_basin_x_landform,6.849315068493151e-4,4.266211604095563e-4,2.5831034643975876e-4,1.6054794520547946,low_n_descriptive_only,FALSE
Na->He,5,B_830304_38_LF_CLASS::後背低地・湿地,荒川 / basin 38 / 後背低地・湿地,continue,1,1,1,1460,2344,watersystem_x_unit_basin_x_landform,6.849315068493151e-4,4.266211604095563e-4,2.5831034643975876e-4,1.6054794520547946,low_n_descriptive_only,FALSE
Na->He,5,B_830304_38_LF_CLASS::氾濫平野・海岸平野,荒川 / basin 38 / 氾濫平野・海岸平野,continue,1,1,1,1460,2344,watersystem_x_unit_basin_x_landform,6.849315068493151e-4,4.266211604095563e-4,2.5831034643975876e-4,1.6054794520547946,low_n_descriptive_only,FALSE
Na->He,5,B_830304_39_LF_CLASS::台地・段丘,荒川 / basin 39 / 台地・段丘,continue,2,4,0.5,1460,2344,watersystem_x_unit_basin_x_landform,0.0013698630136986301,0.0017064846416382253,-3.366216279395951e-4,0.8027397260273973,low_n_descriptive_only,FALSE
Na->He,5,B_830304_39_LF_CLASS::台地・段丘,荒川 / basin 39 / 台地・段丘,new,2,4,0.5,666,2344,watersystem_x_unit_basin_x_landform,0.003003003003003003,0.0017064846416382253,0.0012965183613647777,1.7597597597597596,low_n_descriptive_only,FALSE
Na->He,5,B_830304_39_LF_CLASS::山地斜面等,荒川 / basin 39 / 山地斜面等,continue,1,1,1,1460,2344,watersystem_x_unit_basin_x_landform,6.849315068493151e-4,4.266211604095563e-4,2.5831034643975876e-4,1.6054794520547946,low_n_descriptive_only,FALSE
Na->He,5,B_830304_39_LF_CLASS::崖・段丘崖,荒川 / basin 39 / 崖・段丘崖,drop,1,1,1,218,2344,watersystem_x_unit_basin_x_landform,0.0045871559633027525,4.266211604095563e-4,0.004160534802893196,10.752293577981652,low_n_descriptive_only,FALSE
Na->He,5,B_830304_39_LF_CLASS::水部,荒川 / basin 39 / 水部,continue,1,1,1,1460,2344,watersystem_x_unit_basin_x_landform,6.849315068493151e-4,4.266211604095563e-4,2.5831034643975876e-4,1.6054794520547946,low_n_descriptive_only,FALSE
Na->He,5,B_830304_40_LF_CLASS::台地・段丘,荒川 / basin 40 / 台地・段丘,continue,1,1,1,1460,2344,watersystem_x_unit_basin_x_landform,6.849315068493151e-4,4.266211604095563e-4,2.5831034643975876e-4,1.6054794520547946,low_n_descriptive_only,FALSE
Na->He,5,B_830304_42_LF_CLASS::台地・段丘,荒川 / basin 42 / 台地・段丘,continue,3,6,0.5,1460,2344,watersystem_x_unit_basin_x_landform,0.002054794520547945,0.002559726962457338,-5.049324419093928e-4,0.8027397260273972,low_n_descriptive_only,FALSE
Na->He,5,B_830304_42_LF_CLASS::台地・段丘,荒川 / basin 42 / 台地・段丘,drop,1,6,0.16666666666666666,218,2344,watersystem_x_unit_basin_x_landform,0.0045871559633027525,0.002559726962457338,0.0020274290008454147,1.7920489296636086,low_n_descriptive_only,FALSE
Na->He,5,B_830304_42_LF_CLASS::台地・段丘,荒川 / basin 42 / 台地・段丘,new,2,6,0.3333333333333333,666,2344,watersystem_x_unit_basin_x_landform,0.003003003003003003,0.002559726962457338,4.432760405456652e-4,1.1731731731731732,low_n_descriptive_only,FALSE
Na->He,5,B_830304_42_LF_CLASS::氾濫平野・海岸平野,荒川 / basin 42 / 氾濫平野・海岸平野,continue,2,2,1,1460,2344,watersystem_x_unit_basin_x_landform,0.0013698630136986301,8.532423208191126e-4,5.166206928795175e-4,1.6054794520547946,low_n_descriptive_only,FALSE
Na->He,5,B_830304_44_LF_CLASS::氾濫平野・海岸平野,荒川 / basin 44 / 氾濫平野・海岸平野,new,1,1,1,666,2344,watersystem_x_unit_basin_x_landform,0.0015015015015015015,4.266211604095563e-4,0.0010748803410919451,3.5195195195195192,low_n_descriptive_only,FALSE
Na->He,5,B_830304_47_LF_CLASS::台地・段丘,荒川 / basin 47 / 台地・段丘,continue,6,11,0.5454545454545454,1460,2344,watersystem_x_unit_basin_x_landform,0.00410958904109589,0.00469283276450512,-5.832437234092299e-4,0.8757160647571605,low_n_descriptive_only,FALSE
Na->He,5,B_830304_47_LF_CLASS::台地・段丘,荒川 / basin 47 / 台地・段丘,new,5,11,0.45454545454545453,666,2344,watersystem_x_unit_basin_x_landform,0.0075075075075075074,0.00469283276450512,0.0028146747430023876,1.5997815997815996,low_n_descriptive_only,FALSE
Na->He,5,B_830304_47_LF_CLASS::山地斜面等,荒川 / basin 47 / 山地斜面等,continue,2,3,0.6666666666666666,1460,2344,watersystem_x_unit_basin_x_landform,0.0013698630136986301,0.001279863481228669,8.999953246996125e-5,1.0703196347031965,low_n_descriptive_only,FALSE
Na->He,5,B_830304_47_LF_CLASS::山地斜面等,荒川 / basin 47 / 山地斜面等,new,1,3,0.3333333333333333,666,2344,watersystem_x_unit_basin_x_landform,0.0015015015015015015,0.001279863481228669,2.216380202728326e-4,1.1731731731731732,low_n_descriptive_only,FALSE
Na->He,5,B_830304_51_LF_CLASS::台地・段丘,荒川 / basin 51 / 台地・段丘,continue,2,2,1,1460,2344,watersystem_x_unit_basin_x_landform,0.0013698630136986301,8.532423208191126e-4,5.166206928795175e-4,1.6054794520547946,low_n_descriptive_only,FALSE
Na->He,5,B_830304_51_LF_CLASS::山地斜面等,荒川 / basin 51 / 山地斜面等,continue,2,2,1,1460,2344,watersystem_x_unit_basin_x_landform,0.0013698630136986301,8.532423208191126e-4,5.166206928795175e-4,1.6054794520547946,low_n_descriptive_only,FALSE
Na->He,5,B_830304_52_LF_CLASS::台地・段丘,荒川 / basin 52 / 台地・段丘,continue,5,14,0.35714285714285715,1460,2344,watersystem_x_unit_basin_x_landform,0.003424657534246575,0.005972696245733789,-0.0025480387114872136,0.573385518590998,low_n_descriptive_only,FALSE
Na->He,5,B_830304_52_LF_CLASS::台地・段丘,荒川 / basin 52 / 台地・段丘,drop,5,14,0.35714285714285715,218,2344,watersystem_x_unit_basin_x_landform,0.022935779816513763,0.005972696245733789,0.016963083570779976,3.840104849279161,low_n_descriptive_only,FALSE
Na->He,5,B_830304_52_LF_CLASS::台地・段丘,荒川 / basin 52 / 台地・段丘,new,4,14,0.2857142857142857,666,2344,watersystem_x_unit_basin_x_landform,0.006006006006006006,0.005972696245733789,3.330976027221717e-5,1.0055770055770055,low_n_descriptive_only,FALSE
Na->He,5,B_830304_52_LF_CLASS::山地斜面等,荒川 / basin 52 / 山地斜面等,continue,4,6,0.6666666666666666,1460,2344,watersystem_x_unit_basin_x_landform,0.0027397260273972603,0.002559726962457338,1.799990649399225e-4,1.0703196347031965,low_n_descriptive_only,FALSE
Na->He,5,B_830304_52_LF_CLASS::山地斜面等,荒川 / basin 52 / 山地斜面等,drop,2,6,0.3333333333333333,218,2344,watersystem_x_unit_basin_x_landform,0.009174311926605505,0.002559726962457338,0.006614584964148167,3.5840978593272173,low_n_descriptive_only,FALSE
Na->He,5,B_830304_52_LF_CLASS::後背低地・湿地,荒川 / basin 52 / 後背低地・湿地,new,1,1,1,666,2344,watersystem_x_unit_basin_x_landform,0.0015015015015015015,4.266211604095563e-4,0.0010748803410919451,3.5195195195195192,low_n_descriptive_only,FALSE
Na->He,5,B_830304_52_LF_CLASS::氾濫平野・海岸平野,荒川 / basin 52 / 氾濫平野・海岸平野,continue,1,2,0.5,1460,2344,watersystem_x_unit_basin_x_landform,6.849315068493151e-4,8.532423208191126e-4,-1.6831081396979756e-4,0.8027397260273973,low_n_descriptive_only,FALSE
Na->He,5,B_830304_52_LF_CLASS::氾濫平野・海岸平野,荒川 / basin 52 / 氾濫平野・海岸平野,drop,1,2,0.5,218,2344,watersystem_x_unit_basin_x_landform,0.0045871559633027525,8.532423208191126e-4,0.00373391364248364,5.376146788990826,low_n_descriptive_only,FALSE
Na->He,5,B_830304_53_LF_CLASS::台地・段丘,荒川 / basin 53 / 台地・段丘,drop,1,1,1,218,2344,watersystem_x_unit_basin_x_landform,0.0045871559633027525,4.266211604095563e-4,0.004160534802893196,10.752293577981652,low_n_descriptive_only,FALSE
Na->He,5,B_830304_53_LF_CLASS::山地斜面等,荒川 / basin 53 / 山地斜面等,continue,2,3,0.6666666666666666,1460,2344,watersystem_x_unit_basin_x_landform,0.0013698630136986301,0.001279863481228669,8.999953246996125e-5,1.0703196347031965,low_n_descriptive_only,FALSE
Na->He,5,B_830304_53_LF_CLASS::山地斜面等,荒川 / basin 53 / 山地斜面等,drop,1,3,0.3333333333333333,218,2344,watersystem_x_unit_basin_x_landform,0.0045871559633027525,0.001279863481228669,0.0033072924820740836,3.5840978593272173,low_n_descriptive_only,FALSE
Na->He,5,B_830304_54_LF_CLASS::台地・段丘,荒川 / basin 54 / 台地・段丘,continue,4,5,0.8,1460,2344,watersystem_x_unit_basin_x_landform,0.0027397260273972603,0.0021331058020477816,6.066202253494786e-4,1.2843835616438355,low_n_descriptive_only,FALSE
Na->He,5,B_830304_54_LF_CLASS::台地・段丘,荒川 / basin 54 / 台地・段丘,drop,1,5,0.2,218,2344,watersystem_x_unit_basin_x_landform,0.0045871559633027525,0.0021331058020477816,0.002454050161254971,2.15045871559633,low_n_descriptive_only,FALSE
Na->He,5,B_830304_54_LF_CLASS::山地斜面等,荒川 / basin 54 / 山地斜面等,continue,2,3,0.6666666666666666,1460,2344,watersystem_x_unit_basin_x_landform,0.0013698630136986301,0.001279863481228669,8.999953246996125e-5,1.0703196347031965,low_n_descriptive_only,FALSE
Na->He,5,B_830304_54_LF_CLASS::山地斜面等,荒川 / basin 54 / 山地斜面等,drop,1,3,0.3333333333333333,218,2344,watersystem_x_unit_basin_x_landform,0.0045871559633027525,0.001279863481228669,0.0033072924820740836,3.5840978593272173,low_n_descriptive_only,FALSE
Na->He,5,B_830304_55_LF_CLASS::台地・段丘,荒川 / basin 55 / 台地・段丘,continue,5,7,0.7142857142857143,1460,2344,watersystem_x_unit_basin_x_landform,0.003424657534246575,0.0029863481228668944,4.3830941137968076e-4,1.146771037181996,low_n_descriptive_only,FALSE
Na->He,5,B_830304_55_LF_CLASS::台地・段丘,荒川 / basin 55 / 台地・段丘,new,2,7,0.2857142857142857,666,2344,watersystem_x_unit_basin_x_landform,0.003003003003003003,0.0029863481228668944,1.6654880136108587e-5,1.0055770055770055,low_n_descriptive_only,FALSE
Na->He,5,B_830304_55_LF_CLASS::氾濫平野・海岸平野,荒川 / basin 55 / 氾濫平野・海岸平野,continue,1,1,1,1460,2344,watersystem_x_unit_basin_x_landform,6.849315068493151e-4,4.266211604095563e-4,2.5831034643975876e-4,1.6054794520547946,low_n_descriptive_only,FALSE
Na->He,5,B_830304_56_LF_CLASS::台地・段丘,荒川 / basin 56 / 台地・段丘,continue,5,8,0.625,1460,2344,watersystem_x_unit_basin_x_landform,0.003424657534246575,0.0034129692832764505,1.1688250970124606e-5,1.0034246575342465,low_n_descriptive_only,FALSE
Na->He,5,B_830304_56_LF_CLASS::台地・段丘,荒川 / basin 56 / 台地・段丘,new,3,8,0.375,666,2344,watersystem_x_unit_basin_x_landform,0.0045045045045045045,0.0034129692832764505,0.001091535221228054,1.3198198198198199,low_n_descriptive_only,FALSE
Na->He,5,B_830304_56_LF_CLASS::氾濫平野・海岸平野,荒川 / basin 56 / 氾濫平野・海岸平野,continue,1,2,0.5,1460,2344,watersystem_x_unit_basin_x_landform,6.849315068493151e-4,8.532423208191126e-4,-1.6831081396979756e-4,0.8027397260273973,low_n_descriptive_only,FALSE
Na->He,5,B_830304_56_LF_CLASS::氾濫平野・海岸平野,荒川 / basin 56 / 氾濫平野・海岸平野,new,1,2,0.5,666,2344,watersystem_x_unit_basin_x_landform,0.0015015015015015015,8.532423208191126e-4,6.482591806823889e-4,1.7597597597597596,low_n_descriptive_only,FALSE
Na->He,5,B_830304_57_LF_CLASS::台地・段丘,荒川 / basin 57 / 台地・段丘,continue,1,4,0.25,1460,2344,watersystem_x_unit_basin_x_landform,6.849315068493151e-4,0.0017064846416382253,-0.0010215531347889102,0.40136986301369865,low_n_descriptive_only,FALSE
Na->He,5,B_830304_57_LF_CLASS::台地・段丘,荒川 / basin 57 / 台地・段丘,drop,3,4,0.75,218,2344,watersystem_x_unit_basin_x_landform,0.013761467889908258,0.0017064846416382253,0.012054983248270033,8.064220183486238,low_n_descriptive_only,FALSE
Na->He,5,B_830304_57_LF_CLASS::山地斜面等,荒川 / basin 57 / 山地斜面等,continue,1,4,0.25,1460,2344,watersystem_x_unit_basin_x_landform,6.849315068493151e-4,0.0017064846416382253,-0.0010215531347889102,0.40136986301369865,low_n_descriptive_only,FALSE
Na->He,5,B_830304_57_LF_CLASS::山地斜面等,荒川 / basin 57 / 山地斜面等,drop,2,4,0.5,218,2344,watersystem_x_unit_basin_x_landform,0.009174311926605505,0.0017064846416382253,0.00746782728496728,5.376146788990826,low_n_descriptive_only,FALSE
Na->He,5,B_830304_57_LF_CLASS::山地斜面等,荒川 / basin 57 / 山地斜面等,new,1,4,0.25,666,2344,watersystem_x_unit_basin_x_landform,0.0015015015015015015,0.0017064846416382253,-2.0498314013672378e-4,0.8798798798798798,low_n_descriptive_only,FALSE
Na->He,5,B_830304_57_LF_CLASS::氾濫平野・海岸平野,荒川 / basin 57 / 氾濫平野・海岸平野,continue,1,3,0.3333333333333333,1460,2344,watersystem_x_unit_basin_x_landform,6.849315068493151e-4,0.001279863481228669,-5.949319743793538e-4,0.5351598173515982,low_n_descriptive_only,FALSE
Na->He,5,B_830304_57_LF_CLASS::氾濫平野・海岸平野,荒川 / basin 57 / 氾濫平野・海岸平野,drop,1,3,0.3333333333333333,218,2344,watersystem_x_unit_basin_x_landform,0.0045871559633027525,0.001279863481228669,0.0033072924820740836,3.5840978593272173,low_n_descriptive_only,FALSE
Na->He,5,B_830304_57_LF_CLASS::氾濫平野・海岸平野,荒川 / basin 57 / 氾濫平野・海岸平野,new,1,3,0.3333333333333333,666,2344,watersystem_x_unit_basin_x_landform,0.0015015015015015015,0.001279863481228669,2.216380202728326e-4,1.1731731731731732,low_n_descriptive_only,FALSE
Na->He,5,B_830304_61_LF_CLASS::台地・段丘,荒川 / basin 61 / 台地・段丘,continue,3,6,0.5,1460,2344,watersystem_x_unit_basin_x_landform,0.002054794520547945,0.002559726962457338,-5.049324419093928e-4,0.8027397260273972,low_n_descriptive_only,FALSE
Na->He,5,B_830304_61_LF_CLASS::台地・段丘,荒川 / basin 61 / 台地・段丘,drop,2,6,0.3333333333333333,218,2344,watersystem_x_unit_basin_x_landform,0.009174311926605505,0.002559726962457338,0.006614584964148167,3.5840978593272173,low_n_descriptive_only,FALSE
Na->He,5,B_830304_61_LF_CLASS::台地・段丘,荒川 / basin 61 / 台地・段丘,new,1,6,0.16666666666666666,666,2344,watersystem_x_unit_basin_x_landform,0.0015015015015015015,0.002559726962457338,-0.0010582254609558363,0.5865865865865866,low_n_descriptive_only,FALSE
Na->He,5,B_830304_61_LF_CLASS::山地斜面等,荒川 / basin 61 / 山地斜面等,continue,2,3,0.6666666666666666,1460,2344,watersystem_x_unit_basin_x_landform,0.0013698630136986301,0.001279863481228669,8.999953246996125e-5,1.0703196347031965,low_n_descriptive_only,FALSE
Na->He,5,B_830304_61_LF_CLASS::山地斜面等,荒川 / basin 61 / 山地斜面等,new,1,3,0.3333333333333333,666,2344,watersystem_x_unit_basin_x_landform,0.0015015015015015015,0.001279863481228669,2.216380202728326e-4,1.1731731731731732,low_n_descriptive_only,FALSE
Na->He,5,B_830304_67_LF_CLASS::台地・段丘,荒川 / basin 67 / 台地・段丘,new,2,2,1,666,2344,watersystem_x_unit_basin_x_landform,0.003003003003003003,8.532423208191126e-4,0.0021497606821838902,3.5195195195195192,low_n_descriptive_only,FALSE
Na->He,5,B_830304_67_LF_CLASS::山地斜面等,荒川 / basin 67 / 山地斜面等,continue,1,1,1,1460,2344,watersystem_x_unit_basin_x_landform,6.849315068493151e-4,4.266211604095563e-4,2.5831034643975876e-4,1.6054794520547946,low_n_descriptive_only,FALSE
Na->He,5,B_830304_68_LF_CLASS::台地・段丘,荒川 / basin 68 / 台地・段丘,continue,8,23,0.34782608695652173,1460,2344,watersystem_x_unit_basin_x_landform,0.005479452054794521,0.009812286689419795,-0.004332834634625275,0.5584276354973198,eligible,FALSE
Na->He,5,B_830304_68_LF_CLASS::台地・段丘,荒川 / basin 68 / 台地・段丘,drop,2,23,0.08695652173913043,218,2344,watersystem_x_unit_basin_x_landform,0.009174311926605505,0.009812286689419795,-6.379747628142904e-4,0.9349820502592741,eligible,FALSE
Na->He,5,B_830304_68_LF_CLASS::台地・段丘,荒川 / basin 68 / 台地・段丘,new,13,23,0.5652173913043478,666,2344,watersystem_x_unit_basin_x_landform,0.01951951951951952,0.009812286689419795,0.009707232830099725,1.9892936414675546,eligible,FALSE
Na->He,5,B_830304_68_LF_CLASS::山地斜面等,荒川 / basin 68 / 山地斜面等,continue,2,10,0.2,1460,2344,watersystem_x_unit_basin_x_landform,0.0013698630136986301,0.004266211604095563,-0.002896348590396933,0.3210958904109589,low_n_descriptive_only,FALSE
Na->He,5,B_830304_68_LF_CLASS::山地斜面等,荒川 / basin 68 / 山地斜面等,new,8,10,0.8,666,2344,watersystem_x_unit_basin_x_landform,0.012012012012012012,0.004266211604095563,0.007745800407916449,2.8156156156156156,low_n_descriptive_only,FALSE
Na->He,5,B_830304_68_LF_CLASS::氾濫平野・海岸平野,荒川 / basin 68 / 氾濫平野・海岸平野,new,1,1,1,666,2344,watersystem_x_unit_basin_x_landform,0.0015015015015015015,4.266211604095563e-4,0.0010748803410919451,3.5195195195195192,low_n_descriptive_only,FALSE
Na->He,5,B_830304_69_LF_CLASS::台地・段丘,荒川 / basin 69 / 台地・段丘,drop,2,3,0.6666666666666666,218,2344,watersystem_x_unit_basin_x_landform,0.009174311926605505,0.001279863481228669,0.007894448445376836,7.1681957186544345,low_n_descriptive_only,FALSE
Na->He,5,B_830304_69_LF_CLASS::台地・段丘,荒川 / basin 69 / 台地・段丘,new,1,3,0.3333333333333333,666,2344,watersystem_x_unit_basin_x_landform,0.0015015015015015015,0.001279863481228669,2.216380202728326e-4,1.1731731731731732,low_n_descriptive_only,FALSE
Na->He,5,B_830304_69_LF_CLASS::山地斜面等,荒川 / basin 69 / 山地斜面等,continue,2,3,0.6666666666666666,1460,2344,watersystem_x_unit_basin_x_landform,0.0013698630136986301,0.001279863481228669,8.999953246996125e-5,1.0703196347031965,low_n_descriptive_only,FALSE
Na->He,5,B_830304_69_LF_CLASS::山地斜面等,荒川 / basin 69 / 山地斜面等,drop,1,3,0.3333333333333333,218,2344,watersystem_x_unit_basin_x_landform,0.0045871559633027525,0.001279863481228669,0.0033072924820740836,3.5840978593272173,low_n_descriptive_only,FALSE
Na->He,5,B_830304_70_LF_CLASS::台地・段丘,荒川 / basin 70 / 台地・段丘,continue,3,4,0.75,1460,2344,watersystem_x_unit_basin_x_landform,0.002054794520547945,0.0017064846416382253,3.4830987890971973e-4,1.2041095890410958,low_n_descriptive_only,FALSE
Na->He,5,B_830304_70_LF_CLASS::台地・段丘,荒川 / basin 70 / 台地・段丘,new,1,4,0.25,666,2344,watersystem_x_unit_basin_x_landform,0.0015015015015015015,0.0017064846416382253,-2.0498314013672378e-4,0.8798798798798798,low_n_descriptive_only,FALSE
Na->He,5,B_830304_70_LF_CLASS::山地斜面等,荒川 / basin 70 / 山地斜面等,continue,3,3,1,1460,2344,watersystem_x_unit_basin_x_landform,0.002054794520547945,0.001279863481228669,7.749310393192761e-4,1.6054794520547944,low_n_descriptive_only,FALSE
Na->He,5,B_830304_79_LF_CLASS::凹地・浅い谷,荒川 / basin 79 / 凹地・浅い谷,new,2,2,1,666,2344,watersystem_x_unit_basin_x_landform,0.003003003003003003,8.532423208191126e-4,0.0021497606821838902,3.5195195195195192,low_n_descriptive_only,FALSE
Na->He,5,B_830304_79_LF_CLASS::台地・段丘,荒川 / basin 79 / 台地・段丘,continue,2,6,0.3333333333333333,1460,2344,watersystem_x_unit_basin_x_landform,0.0013698630136986301,0.002559726962457338,-0.0011898639487587077,0.5351598173515982,low_n_descriptive_only,FALSE
Na->He,5,B_830304_79_LF_CLASS::台地・段丘,荒川 / basin 79 / 台地・段丘,new,4,6,0.6666666666666666,666,2344,watersystem_x_unit_basin_x_landform,0.006006006006006006,0.002559726962457338,0.003446279043548668,2.3463463463463463,low_n_descriptive_only,FALSE
Na->He,5,B_830304_80_LF_CLASS::台地・段丘,荒川 / basin 80 / 台地・段丘,new,5,5,1,666,2344,watersystem_x_unit_basin_x_landform,0.0075075075075075074,0.0021331058020477816,0.005374401705459726,3.5195195195195192,low_n_descriptive_only,FALSE
Na->He,5,B_830304_80_LF_CLASS::山地斜面等,荒川 / basin 80 / 山地斜面等,new,1,1,1,666,2344,watersystem_x_unit_basin_x_landform,0.0015015015015015015,4.266211604095563e-4,0.0010748803410919451,3.5195195195195192,low_n_descriptive_only,FALSE
Na->He,5,B_830304_82_LF_CLASS::凹地・浅い谷,荒川 / basin 82 / 凹地・浅い谷,new,4,4,1,666,2344,watersystem_x_unit_basin_x_landform,0.006006006006006006,0.0017064846416382253,0.0042995213643677805,3.5195195195195192,low_n_descriptive_only,FALSE
Na->He,5,B_830304_82_LF_CLASS::台地・段丘,荒川 / basin 82 / 台地・段丘,new,22,22,1,666,2344,watersystem_x_unit_basin_x_landform,0.03303303303303303,0.00938566552901024,0.02364736750402279,3.519519519519519,eligible,FALSE
Na->He,5,B_830304_82_LF_CLASS::山地斜面等,荒川 / basin 82 / 山地斜面等,new,6,6,1,666,2344,watersystem_x_unit_basin_x_landform,0.009009009009009009,0.002559726962457338,0.006449282046551671,3.5195195195195197,low_n_descriptive_only,FALSE
Na->He,5,B_830304_83_LF_CLASS::台地・段丘,荒川 / basin 83 / 台地・段丘,continue,5,14,0.35714285714285715,1460,2344,watersystem_x_unit_basin_x_landform,0.003424657534246575,0.005972696245733789,-0.0025480387114872136,0.573385518590998,low_n_descriptive_only,FALSE
Na->He,5,B_830304_83_LF_CLASS::台地・段丘,荒川 / basin 83 / 台地・段丘,drop,1,14,0.07142857142857142,218,2344,watersystem_x_unit_basin_x_landform,0.0045871559633027525,0.005972696245733789,-0.0013855402824310362,0.7680209698558322,low_n_descriptive_only,FALSE
Na->He,5,B_830304_83_LF_CLASS::台地・段丘,荒川 / basin 83 / 台地・段丘,new,8,14,0.5714285714285714,666,2344,watersystem_x_unit_basin_x_landform,0.012012012012012012,0.005972696245733789,0.006039315766278223,2.011154011154011,low_n_descriptive_only,FALSE
Na->He,5,B_830304_83_LF_CLASS::山地斜面等,荒川 / basin 83 / 山地斜面等,continue,2,2,1,1460,2344,watersystem_x_unit_basin_x_landform,0.0013698630136986301,8.532423208191126e-4,5.166206928795175e-4,1.6054794520547946,low_n_descriptive_only,FALSE
Na->He,5,B_830304_83_LF_CLASS::崖・段丘崖,荒川 / basin 83 / 崖・段丘崖,new,1,1,1,666,2344,watersystem_x_unit_basin_x_landform,0.0015015015015015015,4.266211604095563e-4,0.0010748803410919451,3.5195195195195192,low_n_descriptive_only,FALSE
Na->He,5,B_830304_86_LF_CLASS::台地・段丘,荒川 / basin 86 / 台地・段丘,continue,10,15,0.6666666666666666,1460,2344,watersystem_x_unit_basin_x_landform,0.00684931506849315,0.0063993174061433445,4.499976623498058e-4,1.0703196347031962,low_n_descriptive_only,FALSE
Na->He,5,B_830304_86_LF_CLASS::台地・段丘,荒川 / basin 86 / 台地・段丘,drop,2,15,0.13333333333333333,218,2344,watersystem_x_unit_basin_x_landform,0.009174311926605505,0.0063993174061433445,0.0027749945204621606,1.433639143730887,low_n_descriptive_only,FALSE
Na->He,5,B_830304_86_LF_CLASS::台地・段丘,荒川 / basin 86 / 台地・段丘,new,3,15,0.2,666,2344,watersystem_x_unit_basin_x_landform,0.0045045045045045045,0.0063993174061433445,-0.00189481290163884,0.7039039039039039,low_n_descriptive_only,FALSE
Na->He,5,B_830304_86_LF_CLASS::山地斜面等,荒川 / basin 86 / 山地斜面等,continue,10,27,0.37037037037037035,1460,2344,watersystem_x_unit_basin_x_landform,0.00684931506849315,0.01151877133105802,-0.00466945626256487,0.5946220192795535,eligible,FALSE
Na->He,5,B_830304_86_LF_CLASS::山地斜面等,荒川 / basin 86 / 山地斜面等,drop,1,27,0.037037037037037035,218,2344,watersystem_x_unit_basin_x_landform,0.0045871559633027525,0.01151877133105802,-0.0069316153677552676,0.39823309548080194,eligible,FALSE
Na->He,5,B_830304_86_LF_CLASS::山地斜面等,荒川 / basin 86 / 山地斜面等,new,16,27,0.5925925925925926,666,2344,watersystem_x_unit_basin_x_landform,0.024024024024024024,0.01151877133105802,0.012505252692966004,2.085641196752308,eligible,FALSE
Na->He,5,B_830304_86_LF_CLASS::山麓堆積地形,荒川 / basin 86 / 山麓堆積地形,continue,1,2,0.5,1460,2344,watersystem_x_unit_basin_x_landform,6.849315068493151e-4,8.532423208191126e-4,-1.6831081396979756e-4,0.8027397260273973,low_n_descriptive_only,FALSE
Na->He,5,B_830304_86_LF_CLASS::山麓堆積地形,荒川 / basin 86 / 山麓堆積地形,drop,1,2,0.5,218,2344,watersystem_x_unit_basin_x_landform,0.0045871559633027525,8.532423208191126e-4,0.00373391364248364,5.376146788990826,low_n_descriptive_only,FALSE
Na->He,5,B_830304_86_LF_CLASS::水部,荒川 / basin 86 / 水部,continue,2,12,0.16666666666666666,1460,2344,watersystem_x_unit_basin_x_landform,0.0013698630136986301,0.005119453924914676,-0.0037495909112160455,0.2675799086757991,low_n_descriptive_only,FALSE
Na->He,5,B_830304_86_LF_CLASS::水部,荒川 / basin 86 / 水部,new,10,12,0.8333333333333334,666,2344,watersystem_x_unit_basin_x_landform,0.015015015015015015,0.005119453924914676,0.00989556109010034,2.9329329329329332,low_n_descriptive_only,FALSE
Na->He,5,B_830304_86_LF_CLASS::氾濫平野・海岸平野,荒川 / basin 86 / 氾濫平野・海岸平野,continue,4,8,0.5,1460,2344,watersystem_x_unit_basin_x_landform,0.0027397260273972603,0.0034129692832764505,-6.732432558791903e-4,0.8027397260273973,low_n_descriptive_only,FALSE
Na->He,5,B_830304_86_LF_CLASS::氾濫平野・海岸平野,荒川 / basin 86 / 氾濫平野・海岸平野,drop,3,8,0.375,218,2344,watersystem_x_unit_basin_x_landform,0.013761467889908258,0.0034129692832764505,0.010348498606631807,4.032110091743119,low_n_descriptive_only,FALSE
Na->He,5,B_830304_86_LF_CLASS::氾濫平野・海岸平野,荒川 / basin 86 / 氾濫平野・海岸平野,new,1,8,0.125,666,2344,watersystem_x_unit_basin_x_landform,0.0015015015015015015,0.0034129692832764505,-0.001911467781774949,0.4399399399399399,low_n_descriptive_only,FALSE
Na->He,5,B_830304_87_LF_CLASS::山地斜面等,荒川 / basin 87 / 山地斜面等,drop,1,5,0.2,218,2344,watersystem_x_unit_basin_x_landform,0.0045871559633027525,0.0021331058020477816,0.002454050161254971,2.15045871559633,low_n_descriptive_only,FALSE
Na->He,5,B_830304_87_LF_CLASS::山地斜面等,荒川 / basin 87 / 山地斜面等,new,4,5,0.8,666,2344,watersystem_x_unit_basin_x_landform,0.006006006006006006,0.0021331058020477816,0.0038729002039582243,2.8156156156156156,low_n_descriptive_only,FALSE
Na->He,5,B_830304_88_LF_CLASS::台地・段丘,荒川 / basin 88 / 台地・段丘,new,1,1,1,666,2344,watersystem_x_unit_basin_x_landform,0.0015015015015015015,4.266211604095563e-4,0.0010748803410919451,3.5195195195195192,low_n_descriptive_only,FALSE
Na->He,5,B_830304_88_LF_CLASS::山地斜面等,荒川 / basin 88 / 山地斜面等,continue,1,6,0.16666666666666666,1460,2344,watersystem_x_unit_basin_x_landform,6.849315068493151e-4,0.002559726962457338,-0.0018747954556080227,0.2675799086757991,low_n_descriptive_only,FALSE
Na->He,5,B_830304_88_LF_CLASS::山地斜面等,荒川 / basin 88 / 山地斜面等,new,5,6,0.8333333333333334,666,2344,watersystem_x_unit_basin_x_landform,0.0075075075075075074,0.002559726962457338,0.00494778054505017,2.9329329329329332,low_n_descriptive_only,FALSE
Na->He,5,B_830304_88_LF_CLASS::山麓堆積地形,荒川 / basin 88 / 山麓堆積地形,new,1,1,1,666,2344,watersystem_x_unit_basin_x_landform,0.0015015015015015015,4.266211604095563e-4,0.0010748803410919451,3.5195195195195192,low_n_descriptive_only,FALSE
Na->He,5,B_830305_10_LF_CLASS::台地・段丘,多摩川 / basin 10 / 台地・段丘,continue,17,24,0.7083333333333334,1460,2344,watersystem_x_unit_basin_x_landform,0.011643835616438357,0.010238907849829351,0.0014049277666090057,1.1372146118721462,eligible,FALSE
Na->He,5,B_830305_10_LF_CLASS::台地・段丘,多摩川 / basin 10 / 台地・段丘,drop,5,24,0.20833333333333334,218,2344,watersystem_x_unit_basin_x_landform,0.022935779816513763,0.010238907849829351,0.012696871966684412,2.240061162079511,eligible,FALSE
Na->He,5,B_830305_10_LF_CLASS::台地・段丘,多摩川 / basin 10 / 台地・段丘,new,2,24,0.08333333333333333,666,2344,watersystem_x_unit_basin_x_landform,0.003003003003003003,0.010238907849829351,-0.007235904846826348,0.2932932932932933,eligible,FALSE
Na->He,5,B_830305_12_LF_CLASS::凹地・浅い谷,多摩川 / basin 12 / 凹地・浅い谷,continue,2,2,1,1460,2344,watersystem_x_unit_basin_x_landform,0.0013698630136986301,8.532423208191126e-4,5.166206928795175e-4,1.6054794520547946,low_n_descriptive_only,FALSE
Na->He,5,B_830305_12_LF_CLASS::台地・段丘,多摩川 / basin 12 / 台地・段丘,continue,14,19,0.7368421052631579,1460,2344,watersystem_x_unit_basin_x_landform,0.009589041095890411,0.008105802047781569,0.0014832390481088423,1.1829848594087962,low_n_descriptive_only,FALSE
Na->He,5,B_830305_12_LF_CLASS::台地・段丘,多摩川 / basin 12 / 台地・段丘,drop,3,19,0.15789473684210525,218,2344,watersystem_x_unit_basin_x_landform,0.013761467889908258,0.008105802047781569,0.0056556658421266885,1.6977305649444716,low_n_descriptive_only,FALSE
Na->He,5,B_830305_12_LF_CLASS::台地・段丘,多摩川 / basin 12 / 台地・段丘,new,2,19,0.10526315789473684,666,2344,watersystem_x_unit_basin_x_landform,0.003003003003003003,0.008105802047781569,-0.005102799044778566,0.3704757388967916,low_n_descriptive_only,FALSE
Na->He,5,B_830305_12_LF_CLASS::旧河道,多摩川 / basin 12 / 旧河道,continue,1,1,1,1460,2344,watersystem_x_unit_basin_x_landform,6.849315068493151e-4,4.266211604095563e-4,2.5831034643975876e-4,1.6054794520547946,low_n_descriptive_only,FALSE
Na->He,5,B_830305_12_LF_CLASS::自然堤防,多摩川 / basin 12 / 自然堤防,continue,1,1,1,1460,2344,watersystem_x_unit_basin_x_landform,6.849315068493151e-4,4.266211604095563e-4,2.5831034643975876e-4,1.6054794520547946,low_n_descriptive_only,FALSE
Na->He,5,B_830305_13_LF_CLASS::台地・段丘,多摩川 / basin 13 / 台地・段丘,continue,5,7,0.7142857142857143,1460,2344,watersystem_x_unit_basin_x_landform,0.003424657534246575,0.0029863481228668944,4.3830941137968076e-4,1.146771037181996,low_n_descriptive_only,FALSE
Na->He,5,B_830305_13_LF_CLASS::台地・段丘,多摩川 / basin 13 / 台地・段丘,drop,2,7,0.2857142857142857,218,2344,watersystem_x_unit_basin_x_landform,0.009174311926605505,0.0029863481228668944,0.006187963803738611,3.072083879423329,low_n_descriptive_only,FALSE
Na->He,5,B_830305_13_LF_CLASS::氾濫平野・海岸平野,多摩川 / basin 13 / 氾濫平野・海岸平野,continue,2,2,1,1460,2344,watersystem_x_unit_basin_x_landform,0.0013698630136986301,8.532423208191126e-4,5.166206928795175e-4,1.6054794520547946,low_n_descriptive_only,FALSE
Na->He,5,B_830305_14_LF_CLASS::凹地・浅い谷,多摩川 / basin 14 / 凹地・浅い谷,continue,1,1,1,1460,2344,watersystem_x_unit_basin_x_landform,6.849315068493151e-4,4.266211604095563e-4,2.5831034643975876e-4,1.6054794520547946,low_n_descriptive_only,FALSE
Na->He,5,B_830305_14_LF_CLASS::台地・段丘,多摩川 / basin 14 / 台地・段丘,continue,11,16,0.6875,1460,2344,watersystem_x_unit_basin_x_landform,0.007534246575342466,0.006825938566552901,7.083080087895649e-4,1.1037671232876713,low_n_descriptive_only,FALSE
Na->He,5,B_830305_14_LF_CLASS::台地・段丘,多摩川 / basin 14 / 台地・段丘,drop,2,16,0.125,218,2344,watersystem_x_unit_basin_x_landform,0.009174311926605505,0.006825938566552901,0.002348373360052604,1.3440366972477065,low_n_descriptive_only,FALSE
Na->He,5,B_830305_14_LF_CLASS::台地・段丘,多摩川 / basin 14 / 台地・段丘,new,3,16,0.1875,666,2344,watersystem_x_unit_basin_x_landform,0.0045045045045045045,0.006825938566552901,-0.0023214340620483966,0.6599099099099099,low_n_descriptive_only,FALSE
Na->He,5,B_830305_14_LF_CLASS::山地斜面等,多摩川 / basin 14 / 山地斜面等,continue,1,1,1,1460,2344,watersystem_x_unit_basin_x_landform,6.849315068493151e-4,4.266211604095563e-4,2.5831034643975876e-4,1.6054794520547946,low_n_descriptive_only,FALSE
Na->He,5,B_830305_14_LF_CLASS::崖・段丘崖,多摩川 / basin 14 / 崖・段丘崖,drop,1,1,1,218,2344,watersystem_x_unit_basin_x_landform,0.0045871559633027525,4.266211604095563e-4,0.004160534802893196,10.752293577981652,low_n_descriptive_only,FALSE
Na->He,5,B_830305_16_LF_CLASS::台地・段丘,多摩川 / basin 16 / 台地・段丘,continue,1,1,1,1460,2344,watersystem_x_unit_basin_x_landform,6.849315068493151e-4,4.266211604095563e-4,2.5831034643975876e-4,1.6054794520547946,low_n_descriptive_only,FALSE
Na->He,5,B_830305_16_LF_CLASS::山地斜面等,多摩川 / basin 16 / 山地斜面等,continue,2,2,1,1460,2344,watersystem_x_unit_basin_x_landform,0.0013698630136986301,8.532423208191126e-4,5.166206928795175e-4,1.6054794520547946,low_n_descriptive_only,FALSE
Na->He,5,B_830305_16_LF_CLASS::崖・段丘崖,多摩川 / basin 16 / 崖・段丘崖,drop,1,1,1,218,2344,watersystem_x_unit_basin_x_landform,0.0045871559633027525,4.266211604095563e-4,0.004160534802893196,10.752293577981652,low_n_descriptive_only,FALSE
Na->He,5,B_830305_17_LF_CLASS::台地・段丘,多摩川 / basin 17 / 台地・段丘,continue,8,9,0.8888888888888888,1460,2344,watersystem_x_unit_basin_x_landform,0.005479452054794521,0.0038395904436860067,0.0016398616111085139,1.4270928462709285,low_n_descriptive_only,FALSE
Na->He,5,B_830305_17_LF_CLASS::台地・段丘,多摩川 / basin 17 / 台地・段丘,new,1,9,0.1111111111111111,666,2344,watersystem_x_unit_basin_x_landform,0.0015015015015015015,0.0038395904436860067,-0.002338088942184505,0.39105772439105774,low_n_descriptive_only,FALSE
Na->He,5,B_830305_17_LF_CLASS::山地斜面等,多摩川 / basin 17 / 山地斜面等,continue,29,46,0.6304347826086957,1460,2344,watersystem_x_unit_basin_x_landform,0.01986301369863014,0.01962457337883959,2.384403197905477e-4,1.0121500893388922,eligible,FALSE
Na->He,5,B_830305_17_LF_CLASS::山地斜面等,多摩川 / basin 17 / 山地斜面等,drop,7,46,0.15217391304347827,218,2344,watersystem_x_unit_basin_x_landform,0.03211009174311927,0.01962457337883959,0.012485518364279677,1.6362185879537297,eligible,FALSE
Na->He,5,B_830305_17_LF_CLASS::山地斜面等,多摩川 / basin 17 / 山地斜面等,new,10,46,0.21739130434782608,666,2344,watersystem_x_unit_basin_x_landform,0.015015015015015015,0.01962457337883959,-0.004609558363824576,0.7651129390259824,eligible,FALSE
Na->He,5,B_830305_17_LF_CLASS::山麓堆積地形,多摩川 / basin 17 / 山麓堆積地形,continue,1,1,1,1460,2344,watersystem_x_unit_basin_x_landform,6.849315068493151e-4,4.266211604095563e-4,2.5831034643975876e-4,1.6054794520547946,low_n_descriptive_only,FALSE
Na->He,5,B_830305_17_LF_CLASS::氾濫平野・海岸平野,多摩川 / basin 17 / 氾濫平野・海岸平野,continue,3,5,0.6,1460,2344,watersystem_x_unit_basin_x_landform,0.002054794520547945,0.0021331058020477816,-7.831128149983664e-5,0.9632876712328766,low_n_descriptive_only,FALSE
Na->He,5,B_830305_17_LF_CLASS::氾濫平野・海岸平野,多摩川 / basin 17 / 氾濫平野・海岸平野,drop,1,5,0.2,218,2344,watersystem_x_unit_basin_x_landform,0.0045871559633027525,0.0021331058020477816,0.002454050161254971,2.15045871559633,low_n_descriptive_only,FALSE
Na->He,5,B_830305_17_LF_CLASS::氾濫平野・海岸平野,多摩川 / basin 17 / 氾濫平野・海岸平野,new,1,5,0.2,666,2344,watersystem_x_unit_basin_x_landform,0.0015015015015015015,0.0021331058020477816,-6.316043005462802e-4,0.7039039039039039,low_n_descriptive_only,FALSE
Na->He,5,B_830305_18_LF_CLASS::凹地・浅い谷,多摩川 / basin 18 / 凹地・浅い谷,continue,2,2,1,1460,2344,watersystem_x_unit_basin_x_landform,0.0013698630136986301,8.532423208191126e-4,5.166206928795175e-4,1.6054794520547946,low_n_descriptive_only,FALSE
Na->He,5,B_830305_18_LF_CLASS::台地・段丘,多摩川 / basin 18 / 台地・段丘,continue,31,44,0.7045454545454546,1460,2344,watersystem_x_unit_basin_x_landform,0.021232876712328767,0.01877133105802048,0.002461545654308287,1.1311332503113323,eligible,FALSE
Na->He,5,B_830305_18_LF_CLASS::台地・段丘,多摩川 / basin 18 / 台地・段丘,drop,12,44,0.2727272727272727,218,2344,watersystem_x_unit_basin_x_landform,0.05504587155963303,0.01877133105802048,0.03627454050161255,2.9324437030859047,eligible,FALSE
Na->He,5,B_830305_18_LF_CLASS::台地・段丘,多摩川 / basin 18 / 台地・段丘,new,1,44,0.022727272727272728,666,2344,watersystem_x_unit_basin_x_landform,0.0015015015015015015,0.01877133105802048,-0.017269829556518977,0.07998907998907998,eligible,FALSE
Na->He,5,B_830305_18_LF_CLASS::山地斜面等,多摩川 / basin 18 / 山地斜面等,continue,4,6,0.6666666666666666,1460,2344,watersystem_x_unit_basin_x_landform,0.0027397260273972603,0.002559726962457338,1.799990649399225e-4,1.0703196347031965,low_n_descriptive_only,FALSE
Na->He,5,B_830305_18_LF_CLASS::山地斜面等,多摩川 / basin 18 / 山地斜面等,drop,2,6,0.3333333333333333,218,2344,watersystem_x_unit_basin_x_landform,0.009174311926605505,0.002559726962457338,0.006614584964148167,3.5840978593272173,low_n_descriptive_only,FALSE
Na->He,5,B_830305_18_LF_CLASS::崖・段丘崖,多摩川 / basin 18 / 崖・段丘崖,continue,2,5,0.4,1460,2344,watersystem_x_unit_basin_x_landform,0.0013698630136986301,0.0021331058020477816,-7.632427883491515e-4,0.6421917808219177,low_n_descriptive_only,FALSE
Na->He,5,B_830305_18_LF_CLASS::崖・段丘崖,多摩川 / basin 18 / 崖・段丘崖,drop,3,5,0.6,218,2344,watersystem_x_unit_basin_x_landform,0.013761467889908258,0.0021331058020477816,0.011628362087860476,6.4513761467889905,low_n_descriptive_only,FALSE
Na->He,5,B_830305_18_LF_CLASS::水部,多摩川 / basin 18 / 水部,continue,1,1,1,1460,2344,watersystem_x_unit_basin_x_landform,6.849315068493151e-4,4.266211604095563e-4,2.5831034643975876e-4,1.6054794520547946,low_n_descriptive_only,FALSE
Na->He,5,B_830305_18_LF_CLASS::氾濫平野・海岸平野,多摩川 / basin 18 / 氾濫平野・海岸平野,continue,3,4,0.75,1460,2344,watersystem_x_unit_basin_x_landform,0.002054794520547945,0.0017064846416382253,3.4830987890971973e-4,1.2041095890410958,low_n_descriptive_only,FALSE
Na->He,5,B_830305_18_LF_CLASS::氾濫平野・海岸平野,多摩川 / basin 18 / 氾濫平野・海岸平野,new,1,4,0.25,666,2344,watersystem_x_unit_basin_x_landform,0.0015015015015015015,0.0017064846416382253,-2.0498314013672378e-4,0.8798798798798798,low_n_descriptive_only,FALSE
Na->He,5,B_830305_19_LF_CLASS::凹地・浅い谷,多摩川 / basin 19 / 凹地・浅い谷,continue,2,2,1,1460,2344,watersystem_x_unit_basin_x_landform,0.0013698630136986301,8.532423208191126e-4,5.166206928795175e-4,1.6054794520547946,low_n_descriptive_only,FALSE
Na->He,5,B_830305_19_LF_CLASS::台地・段丘,多摩川 / basin 19 / 台地・段丘,continue,9,14,0.6428571428571429,1460,2344,watersystem_x_unit_basin_x_landform,0.0061643835616438354,0.005972696245733789,1.9168731591004667e-4,1.0320939334637964,low_n_descriptive_only,FALSE
Na->He,5,B_830305_19_LF_CLASS::台地・段丘,多摩川 / basin 19 / 台地・段丘,drop,3,14,0.21428571428571427,218,2344,watersystem_x_unit_basin_x_landform,0.013761467889908258,0.005972696245733789,0.007788771644174469,2.3040629095674965,low_n_descriptive_only,FALSE
Na->He,5,B_830305_19_LF_CLASS::台地・段丘,多摩川 / basin 19 / 台地・段丘,new,2,14,0.14285714285714285,666,2344,watersystem_x_unit_basin_x_landform,0.003003003003003003,0.005972696245733789,-0.002969693242730786,0.5027885027885027,low_n_descriptive_only,FALSE
Na->He,5,B_830305_19_LF_CLASS::山地斜面等,多摩川 / basin 19 / 山地斜面等,continue,2,7,0.2857142857142857,1460,2344,watersystem_x_unit_basin_x_landform,0.0013698630136986301,0.0029863481228668944,-0.0016164851091682642,0.4587084148727984,low_n_descriptive_only,FALSE
Na->He,5,B_830305_19_LF_CLASS::山地斜面等,多摩川 / basin 19 / 山地斜面等,drop,1,7,0.14285714285714285,218,2344,watersystem_x_unit_basin_x_landform,0.0045871559633027525,0.0029863481228668944,0.0016008078404358582,1.5360419397116645,low_n_descriptive_only,FALSE
Na->He,5,B_830305_19_LF_CLASS::山地斜面等,多摩川 / basin 19 / 山地斜面等,new,4,7,0.5714285714285714,666,2344,watersystem_x_unit_basin_x_landform,0.006006006006006006,0.0029863481228668944,0.0030196578831391116,2.011154011154011,low_n_descriptive_only,FALSE
Na->He,5,B_830305_1_LF_CLASS::氾濫平野・海岸平野,多摩川 / basin 1 / 氾濫平野・海岸平野,continue,2,2,1,1460,2344,watersystem_x_unit_basin_x_landform,0.0013698630136986301,8.532423208191126e-4,5.166206928795175e-4,1.6054794520547946,low_n_descriptive_only,FALSE
Na->He,5,B_830305_1_LF_CLASS::自然堤防,多摩川 / basin 1 / 自然堤防,continue,1,1,1,1460,2344,watersystem_x_unit_basin_x_landform,6.849315068493151e-4,4.266211604095563e-4,2.5831034643975876e-4,1.6054794520547946,low_n_descriptive_only,FALSE
Na->He,5,B_830305_20_LF_CLASS::台地・段丘,多摩川 / basin 20 / 台地・段丘,continue,5,12,0.4166666666666667,1460,2344,watersystem_x_unit_basin_x_landform,0.003424657534246575,0.005119453924914676,-0.0016947963906681004,0.6689497716894977,low_n_descriptive_only,FALSE
Na->He,5,B_830305_20_LF_CLASS::台地・段丘,多摩川 / basin 20 / 台地・段丘,new,7,12,0.5833333333333334,666,2344,watersystem_x_unit_basin_x_landform,0.010510510510510511,0.005119453924914676,0.005391056585595836,2.0530530530530533,low_n_descriptive_only,FALSE
Na->He,5,B_830305_20_LF_CLASS::崖・段丘崖,多摩川 / basin 20 / 崖・段丘崖,drop,1,1,1,218,2344,watersystem_x_unit_basin_x_landform,0.0045871559633027525,4.266211604095563e-4,0.004160534802893196,10.752293577981652,low_n_descriptive_only,FALSE
Na->He,5,B_830305_20_LF_CLASS::氾濫平野・海岸平野,多摩川 / basin 20 / 氾濫平野・海岸平野,continue,1,2,0.5,1460,2344,watersystem_x_unit_basin_x_landform,6.849315068493151e-4,8.532423208191126e-4,-1.6831081396979756e-4,0.8027397260273973,low_n_descriptive_only,FALSE
Na->He,5,B_830305_20_LF_CLASS::氾濫平野・海岸平野,多摩川 / basin 20 / 氾濫平野・海岸平野,new,1,2,0.5,666,2344,watersystem_x_unit_basin_x_landform,0.0015015015015015015,8.532423208191126e-4,6.482591806823889e-4,1.7597597597597596,low_n_descriptive_only,FALSE
Na->He,5,B_830305_21_LF_CLASS::台地・段丘,多摩川 / basin 21 / 台地・段丘,continue,1,1,1,1460,2344,watersystem_x_unit_basin_x_landform,6.849315068493151e-4,4.266211604095563e-4,2.5831034643975876e-4,1.6054794520547946,low_n_descriptive_only,FALSE
Na->He,5,B_830305_21_LF_CLASS::氾濫平野・海岸平野,多摩川 / basin 21 / 氾濫平野・海岸平野,new,1,1,1,666,2344,watersystem_x_unit_basin_x_landform,0.0015015015015015015,4.266211604095563e-4,0.0010748803410919451,3.5195195195195192,low_n_descriptive_only,FALSE
Na->He,5,B_830305_22_LF_CLASS::台地・段丘,多摩川 / basin 22 / 台地・段丘,continue,9,12,0.75,1460,2344,watersystem_x_unit_basin_x_landform,0.0061643835616438354,0.005119453924914676,0.0010449296367291598,1.204109589041096,low_n_descriptive_only,FALSE
Na->He,5,B_830305_22_LF_CLASS::台地・段丘,多摩川 / basin 22 / 台地・段丘,drop,1,12,0.08333333333333333,218,2344,watersystem_x_unit_basin_x_landform,0.0045871559633027525,0.005119453924914676,-5.32297961611923e-4,0.8960244648318043,low_n_descriptive_only,FALSE
Na->He,5,B_830305_22_LF_CLASS::台地・段丘,多摩川 / basin 22 / 台地・段丘,new,2,12,0.16666666666666666,666,2344,watersystem_x_unit_basin_x_landform,0.003003003003003003,0.005119453924914676,-0.0021164509219116726,0.5865865865865866,low_n_descriptive_only,FALSE
Na->He,5,B_830305_22_LF_CLASS::山地斜面等,多摩川 / basin 22 / 山地斜面等,continue,61,86,0.7093023255813954,1460,2344,watersystem_x_unit_basin_x_landform,0.04178082191780822,0.03668941979522184,0.00509140212258638,1.1387703090156103,eligible,FALSE
Na->He,5,B_830305_22_LF_CLASS::山地斜面等,多摩川 / basin 22 / 山地斜面等,drop,4,86,0.046511627906976744,218,2344,watersystem_x_unit_basin_x_landform,0.01834862385321101,0.03668941979522184,-0.01834079594201083,0.5001066780456582,eligible,FALSE
Na->He,5,B_830305_22_LF_CLASS::山地斜面等,多摩川 / basin 22 / 山地斜面等,new,21,86,0.2441860465116279,666,2344,watersystem_x_unit_basin_x_landform,0.03153153153153153,0.03668941979522184,-0.005157888263690312,0.8594175570919756,eligible,FALSE
Na->He,5,B_830305_22_LF_CLASS::山麓堆積地形,多摩川 / basin 22 / 山麓堆積地形,continue,5,9,0.5555555555555556,1460,2344,watersystem_x_unit_basin_x_landform,0.003424657534246575,0.0038395904436860067,-4.1493290943943155e-4,0.8919330289193302,low_n_descriptive_only,FALSE
Na->He,5,B_830305_22_LF_CLASS::山麓堆積地形,多摩川 / basin 22 / 山麓堆積地形,drop,1,9,0.1111111111111111,218,2344,watersystem_x_unit_basin_x_landform,0.0045871559633027525,0.0038395904436860067,7.475655196167458e-4,1.1946992864424058,low_n_descriptive_only,FALSE
Na->He,5,B_830305_22_LF_CLASS::山麓堆積地形,多摩川 / basin 22 / 山麓堆積地形,new,3,9,0.3333333333333333,666,2344,watersystem_x_unit_basin_x_landform,0.0045045045045045045,0.0038395904436860067,6.649140608184978e-4,1.1731731731731732,low_n_descriptive_only,FALSE
Na->He,5,B_830305_22_LF_CLASS::旧河道,多摩川 / basin 22 / 旧河道,new,1,1,1,666,2344,watersystem_x_unit_basin_x_landform,0.0015015015015015015,4.266211604095563e-4,0.0010748803410919451,3.5195195195195192,low_n_descriptive_only,FALSE
Na->He,5,B_830305_22_LF_CLASS::氾濫平野・海岸平野,多摩川 / basin 22 / 氾濫平野・海岸平野,continue,13,19,0.6842105263157895,1460,2344,watersystem_x_unit_basin_x_landform,0.008904109589041096,0.008105802047781569,7.983075412595266e-4,1.0984859408795964,low_n_descriptive_only,FALSE
Na->He,5,B_830305_22_LF_CLASS::氾濫平野・海岸平野,多摩川 / basin 22 / 氾濫平野・海岸平野,new,6,19,0.3157894736842105,666,2344,watersystem_x_unit_basin_x_landform,0.009009009009009009,0.008105802047781569,9.032069612274398e-4,1.1114272166903747,low_n_descriptive_only,FALSE
Na->He,5,B_830305_23_LF_CLASS::台地・段丘,多摩川 / basin 23 / 台地・段丘,continue,12,20,0.6,1460,2344,watersystem_x_unit_basin_x_landform,0.00821917808219178,0.008532423208191127,-3.1324512599934656e-4,0.9632876712328766,eligible,FALSE
Na->He,5,B_830305_23_LF_CLASS::台地・段丘,多摩川 / basin 23 / 台地・段丘,new,8,20,0.4,666,2344,watersystem_x_unit_basin_x_landform,0.012012012012012012,0.008532423208191127,0.0034795888038208853,1.4078078078078078,eligible,FALSE
Na->He,5,B_830305_23_LF_CLASS::山地斜面等,多摩川 / basin 23 / 山地斜面等,continue,53,78,0.6794871794871795,1460,2344,watersystem_x_unit_basin_x_landform,0.036301369863013695,0.033276450511945395,0.0030249193510683003,1.0909027046013346,eligible,FALSE
Na->He,5,B_830305_23_LF_CLASS::山地斜面等,多摩川 / basin 23 / 山地斜面等,drop,3,78,0.038461538461538464,218,2344,watersystem_x_unit_basin_x_landform,0.013761467889908258,0.033276450511945395,-0.019514982622037137,0.41354975299929425,eligible,FALSE
Na->He,5,B_830305_23_LF_CLASS::山地斜面等,多摩川 / basin 23 / 山地斜面等,new,22,78,0.28205128205128205,666,2344,watersystem_x_unit_basin_x_landform,0.03303303303303303,0.033276450511945395,-2.4341747891236387e-4,0.9926849926849926,eligible,FALSE
Na->He,5,B_830305_23_LF_CLASS::山麓堆積地形,多摩川 / basin 23 / 山麓堆積地形,continue,4,5,0.8,1460,2344,watersystem_x_unit_basin_x_landform,0.0027397260273972603,0.0021331058020477816,6.066202253494786e-4,1.2843835616438355,low_n_descriptive_only,FALSE
Na->He,5,B_830305_23_LF_CLASS::山麓堆積地形,多摩川 / basin 23 / 山麓堆積地形,new,1,5,0.2,666,2344,watersystem_x_unit_basin_x_landform,0.0015015015015015015,0.0021331058020477816,-6.316043005462802e-4,0.7039039039039039,low_n_descriptive_only,FALSE
Na->He,5,B_830305_23_LF_CLASS::崖・段丘崖,多摩川 / basin 23 / 崖・段丘崖,continue,1,1,1,1460,2344,watersystem_x_unit_basin_x_landform,6.849315068493151e-4,4.266211604095563e-4,2.5831034643975876e-4,1.6054794520547946,low_n_descriptive_only,FALSE
Na->He,5,B_830305_23_LF_CLASS::旧河道,多摩川 / basin 23 / 旧河道,continue,1,1,1,1460,2344,watersystem_x_unit_basin_x_landform,6.849315068493151e-4,4.266211604095563e-4,2.5831034643975876e-4,1.6054794520547946,low_n_descriptive_only,FALSE
Na->He,5,B_830305_23_LF_CLASS::氾濫平野・海岸平野,多摩川 / basin 23 / 氾濫平野・海岸平野,continue,19,26,0.7307692307692307,1460,2344,watersystem_x_unit_basin_x_landform,0.013013698630136987,0.011092150170648464,0.0019215484594885222,1.1732349841938883,eligible,FALSE
Na->He,5,B_830305_23_LF_CLASS::氾濫平野・海岸平野,多摩川 / basin 23 / 氾濫平野・海岸平野,new,7,26,0.2692307692307692,666,2344,watersystem_x_unit_basin_x_landform,0.010510510510510511,0.011092150170648464,-5.816396601379531e-4,0.9475629475629476,eligible,FALSE
Na->He,5,B_830305_24_LF_CLASS::台地・段丘,多摩川 / basin 24 / 台地・段丘,new,1,1,1,666,2344,watersystem_x_unit_basin_x_landform,0.0015015015015015015,4.266211604095563e-4,0.0010748803410919451,3.5195195195195192,low_n_descriptive_only,FALSE
Na->He,5,B_830305_24_LF_CLASS::山地斜面等,多摩川 / basin 24 / 山地斜面等,continue,1,1,1,1460,2344,watersystem_x_unit_basin_x_landform,6.849315068493151e-4,4.266211604095563e-4,2.5831034643975876e-4,1.6054794520547946,low_n_descriptive_only,FALSE
Na->He,5,B_830305_25_LF_CLASS::凹地・浅い谷,多摩川 / basin 25 / 凹地・浅い谷,continue,1,1,1,1460,2344,watersystem_x_unit_basin_x_landform,6.849315068493151e-4,4.266211604095563e-4,2.5831034643975876e-4,1.6054794520547946,low_n_descriptive_only,FALSE
Na->He,5,B_830305_25_LF_CLASS::台地・段丘,多摩川 / basin 25 / 台地・段丘,continue,6,8,0.75,1460,2344,watersystem_x_unit_basin_x_landform,0.00410958904109589,0.0034129692832764505,6.966197578194395e-4,1.2041095890410958,low_n_descriptive_only,FALSE
Na->He,5,B_830305_25_LF_CLASS::台地・段丘,多摩川 / basin 25 / 台地・段丘,new,2,8,0.25,666,2344,watersystem_x_unit_basin_x_landform,0.003003003003003003,0.0034129692832764505,-4.0996628027344757e-4,0.8798798798798798,low_n_descriptive_only,FALSE
Na->He,5,B_830305_25_LF_CLASS::崖・段丘崖,多摩川 / basin 25 / 崖・段丘崖,continue,2,2,1,1460,2344,watersystem_x_unit_basin_x_landform,0.0013698630136986301,8.532423208191126e-4,5.166206928795175e-4,1.6054794520547946,low_n_descriptive_only,FALSE
Na->He,5,B_830305_25_LF_CLASS::氾濫平野・海岸平野,多摩川 / basin 25 / 氾濫平野・海岸平野,continue,1,1,1,1460,2344,watersystem_x_unit_basin_x_landform,6.849315068493151e-4,4.266211604095563e-4,2.5831034643975876e-4,1.6054794520547946,low_n_descriptive_only,FALSE
Na->He,5,B_830305_26_LF_CLASS::台地・段丘,多摩川 / basin 26 / 台地・段丘,continue,2,2,1,1460,2344,watersystem_x_unit_basin_x_landform,0.0013698630136986301,8.532423208191126e-4,5.166206928795175e-4,1.6054794520547946,low_n_descriptive_only,FALSE
Na->He,5,B_830305_26_LF_CLASS::氾濫平野・海岸平野,多摩川 / basin 26 / 氾濫平野・海岸平野,continue,1,1,1,1460,2344,watersystem_x_unit_basin_x_landform,6.849315068493151e-4,4.266211604095563e-4,2.5831034643975876e-4,1.6054794520547946,low_n_descriptive_only,FALSE
Na->He,5,B_830305_27_LF_CLASS::凹地・浅い谷,多摩川 / basin 27 / 凹地・浅い谷,continue,1,2,0.5,1460,2344,watersystem_x_unit_basin_x_landform,6.849315068493151e-4,8.532423208191126e-4,-1.6831081396979756e-4,0.8027397260273973,low_n_descriptive_only,FALSE
Na->He,5,B_830305_27_LF_CLASS::凹地・浅い谷,多摩川 / basin 27 / 凹地・浅い谷,new,1,2,0.5,666,2344,watersystem_x_unit_basin_x_landform,0.0015015015015015015,8.532423208191126e-4,6.482591806823889e-4,1.7597597597597596,low_n_descriptive_only,FALSE
Na->He,5,B_830305_27_LF_CLASS::台地・段丘,多摩川 / basin 27 / 台地・段丘,continue,3,5,0.6,1460,2344,watersystem_x_unit_basin_x_landform,0.002054794520547945,0.0021331058020477816,-7.831128149983664e-5,0.9632876712328766,low_n_descriptive_only,FALSE
Na->He,5,B_830305_27_LF_CLASS::台地・段丘,多摩川 / basin 27 / 台地・段丘,new,2,5,0.4,666,2344,watersystem_x_unit_basin_x_landform,0.003003003003003003,0.0021331058020477816,8.698972009552213e-4,1.4078078078078078,low_n_descriptive_only,FALSE
Na->He,5,B_830305_27_LF_CLASS::崖・段丘崖,多摩川 / basin 27 / 崖・段丘崖,continue,1,4,0.25,1460,2344,watersystem_x_unit_basin_x_landform,6.849315068493151e-4,0.0017064846416382253,-0.0010215531347889102,0.40136986301369865,low_n_descriptive_only,FALSE
Na->He,5,B_830305_27_LF_CLASS::崖・段丘崖,多摩川 / basin 27 / 崖・段丘崖,drop,3,4,0.75,218,2344,watersystem_x_unit_basin_x_landform,0.013761467889908258,0.0017064846416382253,0.012054983248270033,8.064220183486238,low_n_descriptive_only,FALSE
Na->He,5,B_830305_27_LF_CLASS::扇状地,多摩川 / basin 27 / 扇状地,new,1,1,1,666,2344,watersystem_x_unit_basin_x_landform,0.0015015015015015015,4.266211604095563e-4,0.0010748803410919451,3.5195195195195192,low_n_descriptive_only,FALSE
Na->He,5,B_830305_28_LF_CLASS::台地・段丘,多摩川 / basin 28 / 台地・段丘,continue,3,3,1,1460,2344,watersystem_x_unit_basin_x_landform,0.002054794520547945,0.001279863481228669,7.749310393192761e-4,1.6054794520547944,low_n_descriptive_only,FALSE
Na->He,5,B_830305_28_LF_CLASS::山地斜面等,多摩川 / basin 28 / 山地斜面等,continue,100,129,0.7751937984496124,1460,2344,watersystem_x_unit_basin_x_landform,0.0684931506849315,0.055034129692832764,0.013459020992098739,1.2445577147711584,eligible,FALSE
Na->He,5,B_830305_28_LF_CLASS::山地斜面等,多摩川 / basin 28 / 山地斜面等,new,29,129,0.2248062015503876,666,2344,watersystem_x_unit_basin_x_landform,0.04354354354354354,0.055034129692832764,-0.011490586149289224,0.7912098144656283,eligible,FALSE
Na->He,5,B_830305_28_LF_CLASS::山麓堆積地形,多摩川 / basin 28 / 山麓堆積地形,continue,5,6,0.8333333333333334,1460,2344,watersystem_x_unit_basin_x_landform,0.003424657534246575,0.002559726962457338,8.649305717892374e-4,1.3378995433789953,low_n_descriptive_only,FALSE
Na->He,5,B_830305_28_LF_CLASS::山麓堆積地形,多摩川 / basin 28 / 山麓堆積地形,new,1,6,0.16666666666666666,666,2344,watersystem_x_unit_basin_x_landform,0.0015015015015015015,0.002559726962457338,-0.0010582254609558363,0.5865865865865866,low_n_descriptive_only,FALSE
Na->He,5,B_830305_28_LF_CLASS::氾濫平野・海岸平野,多摩川 / basin 28 / 氾濫平野・海岸平野,continue,13,18,0.7222222222222222,1460,2344,watersystem_x_unit_basin_x_landform,0.008904109589041096,0.007679180887372013,0.0012249287016690823,1.1595129375951294,low_n_descriptive_only,FALSE
Na->He,5,B_830305_28_LF_CLASS::氾濫平野・海岸平野,多摩川 / basin 28 / 氾濫平野・海岸平野,new,5,18,0.2777777777777778,666,2344,watersystem_x_unit_basin_x_landform,0.0075075075075075074,0.007679180887372013,-1.7167337986450596e-4,0.9776443109776444,low_n_descriptive_only,FALSE
Na->He,5,B_830305_29_LF_CLASS::台地・段丘,多摩川 / basin 29 / 台地・段丘,continue,1,1,1,1460,2344,watersystem_x_unit_basin_x_landform,6.849315068493151e-4,4.266211604095563e-4,2.5831034643975876e-4,1.6054794520547946,low_n_descriptive_only,FALSE
Na->He,5,B_830305_2_LF_CLASS::凹地・浅い谷,多摩川 / basin 2 / 凹地・浅い谷,drop,1,1,1,218,2344,watersystem_x_unit_basin_x_landform,0.0045871559633027525,4.266211604095563e-4,0.004160534802893196,10.752293577981652,low_n_descriptive_only,FALSE
Na->He,5,B_830305_2_LF_CLASS::台地・段丘,多摩川 / basin 2 / 台地・段丘,drop,10,10,1,218,2344,watersystem_x_unit_basin_x_landform,0.045871559633027525,0.004266211604095563,0.04160534802893196,10.752293577981652,low_n_descriptive_only,FALSE
Na->He,5,B_830305_2_LF_CLASS::山地斜面等,多摩川 / basin 2 / 山地斜面等,drop,5,5,1,218,2344,watersystem_x_unit_basin_x_landform,0.022935779816513763,0.0021331058020477816,0.02080267401446598,10.752293577981652,low_n_descriptive_only,FALSE
Na->He,5,B_830305_2_LF_CLASS::崖・段丘崖,多摩川 / basin 2 / 崖・段丘崖,drop,1,1,1,218,2344,watersystem_x_unit_basin_x_landform,0.0045871559633027525,4.266211604095563e-4,0.004160534802893196,10.752293577981652,low_n_descriptive_only,FALSE
Na->He,5,B_830305_2_LF_CLASS::氾濫平野・海岸平野,多摩川 / basin 2 / 氾濫平野・海岸平野,continue,5,7,0.7142857142857143,1460,2344,watersystem_x_unit_basin_x_landform,0.003424657534246575,0.0029863481228668944,4.3830941137968076e-4,1.146771037181996,low_n_descriptive_only,FALSE
Na->He,5,B_830305_2_LF_CLASS::氾濫平野・海岸平野,多摩川 / basin 2 / 氾濫平野・海岸平野,drop,2,7,0.2857142857142857,218,2344,watersystem_x_unit_basin_x_landform,0.009174311926605505,0.0029863481228668944,0.006187963803738611,3.072083879423329,low_n_descriptive_only,FALSE
Na->He,5,B_830305_30_LF_CLASS::凹地・浅い谷,多摩川 / basin 30 / 凹地・浅い谷,new,1,1,1,666,2344,watersystem_x_unit_basin_x_landform,0.0015015015015015015,4.266211604095563e-4,0.0010748803410919451,3.5195195195195192,low_n_descriptive_only,FALSE
Na->He,5,B_830305_30_LF_CLASS::台地・段丘,多摩川 / basin 30 / 台地・段丘,continue,9,9,1,1460,2344,watersystem_x_unit_basin_x_landform,0.0061643835616438354,0.0038395904436860067,0.0023247931179578287,1.6054794520547946,low_n_descriptive_only,FALSE
Na->He,5,B_830305_30_LF_CLASS::山地斜面等,多摩川 / basin 30 / 山地斜面等,continue,65,134,0.48507462686567165,1460,2344,watersystem_x_unit_basin_x_landform,0.04452054794520548,0.05716723549488054,-0.012646687549675066,0.7787773461459824,eligible,FALSE
Na->He,5,B_830305_30_LF_CLASS::山地斜面等,多摩川 / basin 30 / 山地斜面等,new,69,134,0.5149253731343284,666,2344,watersystem_x_unit_basin_x_landform,0.1036036036036036,0.05716723549488054,0.04643636810872306,1.8122899018421408,eligible,FALSE
Na->He,5,B_830305_30_LF_CLASS::山麓堆積地形,多摩川 / basin 30 / 山麓堆積地形,continue,4,6,0.6666666666666666,1460,2344,watersystem_x_unit_basin_x_landform,0.0027397260273972603,0.002559726962457338,1.799990649399225e-4,1.0703196347031965,low_n_descriptive_only,FALSE
Na->He,5,B_830305_30_LF_CLASS::山麓堆積地形,多摩川 / basin 30 / 山麓堆積地形,new,2,6,0.3333333333333333,666,2344,watersystem_x_unit_basin_x_landform,0.003003003003003003,0.002559726962457338,4.432760405456652e-4,1.1731731731731732,low_n_descriptive_only,FALSE
Na->He,5,B_830305_30_LF_CLASS::氾濫平野・海岸平野,多摩川 / basin 30 / 氾濫平野・海岸平野,continue,12,19,0.631578947368421,1460,2344,watersystem_x_unit_basin_x_landform,0.00821917808219178,0.008105802047781569,1.133760344102109e-4,1.0139870223503966,low_n_descriptive_only,FALSE
Na->He,5,B_830305_30_LF_CLASS::氾濫平野・海岸平野,多摩川 / basin 30 / 氾濫平野・海岸平野,drop,2,19,0.10526315789473684,218,2344,watersystem_x_unit_basin_x_landform,0.009174311926605505,0.008105802047781569,0.001068509878823936,1.1318203766296477,low_n_descriptive_only,FALSE
Na->He,5,B_830305_30_LF_CLASS::氾濫平野・海岸平野,多摩川 / basin 30 / 氾濫平野・海岸平野,new,5,19,0.2631578947368421,666,2344,watersystem_x_unit_basin_x_landform,0.0075075075075075074,0.008105802047781569,-5.982945402740617e-4,0.9261893472419789,low_n_descriptive_only,FALSE
Na->He,5,B_830305_31_LF_CLASS::台地・段丘,多摩川 / basin 31 / 台地・段丘,continue,1,2,0.5,1460,2344,watersystem_x_unit_basin_x_landform,6.849315068493151e-4,8.532423208191126e-4,-1.6831081396979756e-4,0.8027397260273973,low_n_descriptive_only,FALSE
Na->He,5,B_830305_31_LF_CLASS::台地・段丘,多摩川 / basin 31 / 台地・段丘,new,1,2,0.5,666,2344,watersystem_x_unit_basin_x_landform,0.0015015015015015015,8.532423208191126e-4,6.482591806823889e-4,1.7597597597597596,low_n_descriptive_only,FALSE
Na->He,5,B_830305_32_LF_CLASS::台地・段丘,多摩川 / basin 32 / 台地・段丘,new,1,1,1,666,2344,watersystem_x_unit_basin_x_landform,0.0015015015015015015,4.266211604095563e-4,0.0010748803410919451,3.5195195195195192,low_n_descriptive_only,FALSE
Na->He,5,B_830305_32_LF_CLASS::山地斜面等,多摩川 / basin 32 / 山地斜面等,continue,2,5,0.4,1460,2344,watersystem_x_unit_basin_x_landform,0.0013698630136986301,0.0021331058020477816,-7.632427883491515e-4,0.6421917808219177,low_n_descriptive_only,FALSE
Na->He,5,B_830305_32_LF_CLASS::山地斜面等,多摩川 / basin 32 / 山地斜面等,new,3,5,0.6,666,2344,watersystem_x_unit_basin_x_landform,0.0045045045045045045,0.0021331058020477816,0.002371398702456723,2.1117117117117115,low_n_descriptive_only,FALSE
Na->He,5,B_830305_33_LF_CLASS::凹地・浅い谷,多摩川 / basin 33 / 凹地・浅い谷,continue,1,1,1,1460,2344,watersystem_x_unit_basin_x_landform,6.849315068493151e-4,4.266211604095563e-4,2.5831034643975876e-4,1.6054794520547946,low_n_descriptive_only,FALSE
Na->He,5,B_830305_33_LF_CLASS::台地・段丘,多摩川 / basin 33 / 台地・段丘,continue,5,19,0.2631578947368421,1460,2344,watersystem_x_unit_basin_x_landform,0.003424657534246575,0.008105802047781569,-0.004681144513534994,0.4224945926459986,low_n_descriptive_only,FALSE
Na->He,5,B_830305_33_LF_CLASS::台地・段丘,多摩川 / basin 33 / 台地・段丘,drop,3,19,0.15789473684210525,218,2344,watersystem_x_unit_basin_x_landform,0.013761467889908258,0.008105802047781569,0.0056556658421266885,1.6977305649444716,low_n_descriptive_only,FALSE
Na->He,5,B_830305_33_LF_CLASS::台地・段丘,多摩川 / basin 33 / 台地・段丘,new,11,19,0.5789473684210527,666,2344,watersystem_x_unit_basin_x_landform,0.016516516516516516,0.008105802047781569,0.008410714468734946,2.0376165639323536,low_n_descriptive_only,FALSE
Na->He,5,B_830305_33_LF_CLASS::山地斜面等,多摩川 / basin 33 / 山地斜面等,continue,4,5,0.8,1460,2344,watersystem_x_unit_basin_x_landform,0.0027397260273972603,0.0021331058020477816,6.066202253494786e-4,1.2843835616438355,low_n_descriptive_only,FALSE
Na->He,5,B_830305_33_LF_CLASS::山地斜面等,多摩川 / basin 33 / 山地斜面等,new,1,5,0.2,666,2344,watersystem_x_unit_basin_x_landform,0.0015015015015015015,0.0021331058020477816,-6.316043005462802e-4,0.7039039039039039,low_n_descriptive_only,FALSE
Na->He,5,B_830305_33_LF_CLASS::氾濫平野・海岸平野,多摩川 / basin 33 / 氾濫平野・海岸平野,continue,2,3,0.6666666666666666,1460,2344,watersystem_x_unit_basin_x_landform,0.0013698630136986301,0.001279863481228669,8.999953246996125e-5,1.0703196347031965,low_n_descriptive_only,FALSE
Na->He,5,B_830305_33_LF_CLASS::氾濫平野・海岸平野,多摩川 / basin 33 / 氾濫平野・海岸平野,new,1,3,0.3333333333333333,666,2344,watersystem_x_unit_basin_x_landform,0.0015015015015015015,0.001279863481228669,2.216380202728326e-4,1.1731731731731732,low_n_descriptive_only,FALSE
Na->He,5,B_830305_34_LF_CLASS::凹地・浅い谷,多摩川 / basin 34 / 凹地・浅い谷,new,1,1,1,666,2344,watersystem_x_unit_basin_x_landform,0.0015015015015015015,4.266211604095563e-4,0.0010748803410919451,3.5195195195195192,low_n_descriptive_only,FALSE
Na->He,5,B_830305_34_LF_CLASS::台地・段丘,多摩川 / basin 34 / 台地・段丘,new,3,3,1,666,2344,watersystem_x_unit_basin_x_landform,0.0045045045045045045,0.001279863481228669,0.0032246410232758356,3.5195195195195197,low_n_descriptive_only,FALSE
Na->He,5,B_830305_34_LF_CLASS::山地斜面等,多摩川 / basin 34 / 山地斜面等,continue,1,3,0.3333333333333333,1460,2344,watersystem_x_unit_basin_x_landform,6.849315068493151e-4,0.001279863481228669,-5.949319743793538e-4,0.5351598173515982,low_n_descriptive_only,FALSE
Na->He,5,B_830305_34_LF_CLASS::山地斜面等,多摩川 / basin 34 / 山地斜面等,drop,2,3,0.6666666666666666,218,2344,watersystem_x_unit_basin_x_landform,0.009174311926605505,0.001279863481228669,0.007894448445376836,7.1681957186544345,low_n_descriptive_only,FALSE
Na->He,5,B_830305_35_LF_CLASS::凹地・浅い谷,多摩川 / basin 35 / 凹地・浅い谷,drop,1,1,1,218,2344,watersystem_x_unit_basin_x_landform,0.0045871559633027525,4.266211604095563e-4,0.004160534802893196,10.752293577981652,low_n_descriptive_only,FALSE
Na->He,5,B_830305_35_LF_CLASS::台地・段丘,多摩川 / basin 35 / 台地・段丘,continue,9,17,0.5294117647058824,1460,2344,watersystem_x_unit_basin_x_landform,0.0061643835616438354,0.007252559726962458,-0.0010881761653186222,0.8499597099113617,low_n_descriptive_only,FALSE
Na->He,5,B_830305_35_LF_CLASS::台地・段丘,多摩川 / basin 35 / 台地・段丘,drop,1,17,0.058823529411764705,218,2344,watersystem_x_unit_basin_x_landform,0.0045871559633027525,0.007252559726962458,-0.002665403763659705,0.6324878575283325,low_n_descriptive_only,FALSE
Na->He,5,B_830305_35_LF_CLASS::台地・段丘,多摩川 / basin 35 / 台地・段丘,new,7,17,0.4117647058823529,666,2344,watersystem_x_unit_basin_x_landform,0.010510510510510511,0.007252559726962458,0.0032579507835480536,1.4492139198021552,low_n_descriptive_only,FALSE
Na->He,5,B_830305_35_LF_CLASS::山地斜面等,多摩川 / basin 35 / 山地斜面等,continue,11,28,0.39285714285714285,1460,2344,watersystem_x_unit_basin_x_landform,0.007534246575342466,0.011945392491467578,-0.0044111459161251115,0.6307240704500978,eligible,FALSE
Na->He,5,B_830305_35_LF_CLASS::山地斜面等,多摩川 / basin 35 / 山地斜面等,drop,2,28,0.07142857142857142,218,2344,watersystem_x_unit_basin_x_landform,0.009174311926605505,0.011945392491467578,-0.0027710805648620725,0.7680209698558322,eligible,FALSE
Na->He,5,B_830305_35_LF_CLASS::山地斜面等,多摩川 / basin 35 / 山地斜面等,new,15,28,0.5357142857142857,666,2344,watersystem_x_unit_basin_x_landform,0.02252252252252252,0.011945392491467578,0.010577130031054944,1.8854568854568852,eligible,FALSE
Na->He,5,B_830305_35_LF_CLASS::山麓堆積地形,多摩川 / basin 35 / 山麓堆積地形,continue,2,3,0.6666666666666666,1460,2344,watersystem_x_unit_basin_x_landform,0.0013698630136986301,0.001279863481228669,8.999953246996125e-5,1.0703196347031965,low_n_descriptive_only,FALSE
Na->He,5,B_830305_35_LF_CLASS::山麓堆積地形,多摩川 / basin 35 / 山麓堆積地形,new,1,3,0.3333333333333333,666,2344,watersystem_x_unit_basin_x_landform,0.0015015015015015015,0.001279863481228669,2.216380202728326e-4,1.1731731731731732,low_n_descriptive_only,FALSE
Na->He,5,B_830305_35_LF_CLASS::扇状地,多摩川 / basin 35 / 扇状地,new,1,1,1,666,2344,watersystem_x_unit_basin_x_landform,0.0015015015015015015,4.266211604095563e-4,0.0010748803410919451,3.5195195195195192,low_n_descriptive_only,FALSE
Na->He,5,B_830305_35_LF_CLASS::氾濫平野・海岸平野,多摩川 / basin 35 / 氾濫平野・海岸平野,new,3,3,1,666,2344,watersystem_x_unit_basin_x_landform,0.0045045045045045045,0.001279863481228669,0.0032246410232758356,3.5195195195195197,low_n_descriptive_only,FALSE
Na->He,5,B_830305_36_LF_CLASS::台地・段丘,多摩川 / basin 36 / 台地・段丘,continue,4,6,0.6666666666666666,1460,2344,watersystem_x_unit_basin_x_landform,0.0027397260273972603,0.002559726962457338,1.799990649399225e-4,1.0703196347031965,low_n_descriptive_only,FALSE
Na->He,5,B_830305_36_LF_CLASS::台地・段丘,多摩川 / basin 36 / 台地・段丘,new,2,6,0.3333333333333333,666,2344,watersystem_x_unit_basin_x_landform,0.003003003003003003,0.002559726962457338,4.432760405456652e-4,1.1731731731731732,low_n_descriptive_only,FALSE
Na->He,5,B_830305_36_LF_CLASS::山地斜面等,多摩川 / basin 36 / 山地斜面等,continue,2,60,0.03333333333333333,1460,2344,watersystem_x_unit_basin_x_landform,0.0013698630136986301,0.025597269624573378,-0.024227406610874747,0.05351598173515982,eligible,FALSE
Na->He,5,B_830305_36_LF_CLASS::山地斜面等,多摩川 / basin 36 / 山地斜面等,new,58,60,0.9666666666666667,666,2344,watersystem_x_unit_basin_x_landform,0.08708708708708708,0.025597269624573378,0.0614898174625137,3.402202202202202,eligible,FALSE
Na->He,5,B_830305_36_LF_CLASS::氾濫平野・海岸平野,多摩川 / basin 36 / 氾濫平野・海岸平野,continue,1,4,0.25,1460,2344,watersystem_x_unit_basin_x_landform,6.849315068493151e-4,0.0017064846416382253,-0.0010215531347889102,0.40136986301369865,low_n_descriptive_only,FALSE
Na->He,5,B_830305_36_LF_CLASS::氾濫平野・海岸平野,多摩川 / basin 36 / 氾濫平野・海岸平野,new,3,4,0.75,666,2344,watersystem_x_unit_basin_x_landform,0.0045045045045045045,0.0017064846416382253,0.002798019862866279,2.6396396396396398,low_n_descriptive_only,FALSE
Na->He,5,B_830305_37_LF_CLASS::台地・段丘,多摩川 / basin 37 / 台地・段丘,continue,2,3,0.6666666666666666,1460,2344,watersystem_x_unit_basin_x_landform,0.0013698630136986301,0.001279863481228669,8.999953246996125e-5,1.0703196347031965,low_n_descriptive_only,FALSE
Na->He,5,B_830305_37_LF_CLASS::台地・段丘,多摩川 / basin 37 / 台地・段丘,new,1,3,0.3333333333333333,666,2344,watersystem_x_unit_basin_x_landform,0.0015015015015015015,0.001279863481228669,2.216380202728326e-4,1.1731731731731732,low_n_descriptive_only,FALSE
Na->He,5,B_830305_38_LF_CLASS::台地・段丘,多摩川 / basin 38 / 台地・段丘,continue,2,3,0.6666666666666666,1460,2344,watersystem_x_unit_basin_x_landform,0.0013698630136986301,0.001279863481228669,8.999953246996125e-5,1.0703196347031965,low_n_descriptive_only,FALSE
Na->He,5,B_830305_38_LF_CLASS::台地・段丘,多摩川 / basin 38 / 台地・段丘,new,1,3,0.3333333333333333,666,2344,watersystem_x_unit_basin_x_landform,0.0015015015015015015,0.001279863481228669,2.216380202728326e-4,1.1731731731731732,low_n_descriptive_only,FALSE
Na->He,5,B_830305_38_LF_CLASS::山地斜面等,多摩川 / basin 38 / 山地斜面等,continue,1,1,1,1460,2344,watersystem_x_unit_basin_x_landform,6.849315068493151e-4,4.266211604095563e-4,2.5831034643975876e-4,1.6054794520547946,low_n_descriptive_only,FALSE
Na->He,5,B_830305_39_LF_CLASS::台地・段丘,多摩川 / basin 39 / 台地・段丘,new,1,1,1,666,2344,watersystem_x_unit_basin_x_landform,0.0015015015015015015,4.266211604095563e-4,0.0010748803410919451,3.5195195195195192,low_n_descriptive_only,FALSE
Na->He,5,B_830305_3_LF_CLASS::台地・段丘,多摩川 / basin 3 / 台地・段丘,drop,2,2,1,218,2344,watersystem_x_unit_basin_x_landform,0.009174311926605505,8.532423208191126e-4,0.008321069605786392,10.752293577981652,low_n_descriptive_only,FALSE
Na->He,5,B_830305_3_LF_CLASS::山地斜面等,多摩川 / basin 3 / 山地斜面等,drop,6,6,1,218,2344,watersystem_x_unit_basin_x_landform,0.027522935779816515,0.002559726962457338,0.024963208817359177,10.752293577981652,low_n_descriptive_only,FALSE
Na->He,5,B_830305_40_LF_CLASS::凹地・浅い谷,多摩川 / basin 40 / 凹地・浅い谷,new,2,2,1,666,2344,watersystem_x_unit_basin_x_landform,0.003003003003003003,8.532423208191126e-4,0.0021497606821838902,3.5195195195195192,low_n_descriptive_only,FALSE
Na->He,5,B_830305_40_LF_CLASS::台地・段丘,多摩川 / basin 40 / 台地・段丘,continue,14,27,0.5185185185185185,1460,2344,watersystem_x_unit_basin_x_landform,0.009589041095890411,0.01151877133105802,-0.0019297302351676086,0.832470826991375,eligible,FALSE
Na->He,5,B_830305_40_LF_CLASS::台地・段丘,多摩川 / basin 40 / 台地・段丘,new,13,27,0.48148148148148145,666,2344,watersystem_x_unit_basin_x_landform,0.01951951951951952,0.01151877133105802,0.0080007481884615,1.6945834723612503,eligible,FALSE
Na->He,5,B_830305_40_LF_CLASS::山地斜面等,多摩川 / basin 40 / 山地斜面等,continue,5,11,0.45454545454545453,1460,2344,watersystem_x_unit_basin_x_landform,0.003424657534246575,0.00469283276450512,-0.0012681752302585447,0.7297633872976338,low_n_descriptive_only,FALSE
Na->He,5,B_830305_40_LF_CLASS::山地斜面等,多摩川 / basin 40 / 山地斜面等,new,6,11,0.5454545454545454,666,2344,watersystem_x_unit_basin_x_landform,0.009009009009009009,0.00469283276450512,0.004316176244503889,1.9197379197379196,low_n_descriptive_only,FALSE
Na->He,5,B_830305_40_LF_CLASS::山麓堆積地形,多摩川 / basin 40 / 山麓堆積地形,continue,1,1,1,1460,2344,watersystem_x_unit_basin_x_landform,6.849315068493151e-4,4.266211604095563e-4,2.5831034643975876e-4,1.6054794520547946,low_n_descriptive_only,FALSE
Na->He,5,B_830305_40_LF_CLASS::崖・段丘崖,多摩川 / basin 40 / 崖・段丘崖,continue,1,1,1,1460,2344,watersystem_x_unit_basin_x_landform,6.849315068493151e-4,4.266211604095563e-4,2.5831034643975876e-4,1.6054794520547946,low_n_descriptive_only,FALSE
Na->He,5,B_830305_41_LF_CLASS::台地・段丘,多摩川 / basin 41 / 台地・段丘,continue,2,6,0.3333333333333333,1460,2344,watersystem_x_unit_basin_x_landform,0.0013698630136986301,0.002559726962457338,-0.0011898639487587077,0.5351598173515982,low_n_descriptive_only,FALSE
Na->He,5,B_830305_41_LF_CLASS::台地・段丘,多摩川 / basin 41 / 台地・段丘,new,4,6,0.6666666666666666,666,2344,watersystem_x_unit_basin_x_landform,0.006006006006006006,0.002559726962457338,0.003446279043548668,2.3463463463463463,low_n_descriptive_only,FALSE
Na->He,5,B_830305_41_LF_CLASS::山地斜面等,多摩川 / basin 41 / 山地斜面等,continue,1,2,0.5,1460,2344,watersystem_x_unit_basin_x_landform,6.849315068493151e-4,8.532423208191126e-4,-1.6831081396979756e-4,0.8027397260273973,low_n_descriptive_only,FALSE
Na->He,5,B_830305_41_LF_CLASS::山地斜面等,多摩川 / basin 41 / 山地斜面等,new,1,2,0.5,666,2344,watersystem_x_unit_basin_x_landform,0.0015015015015015015,8.532423208191126e-4,6.482591806823889e-4,1.7597597597597596,low_n_descriptive_only,FALSE
Na->He,5,B_830305_41_LF_CLASS::氾濫平野・海岸平野,多摩川 / basin 41 / 氾濫平野・海岸平野,new,1,1,1,666,2344,watersystem_x_unit_basin_x_landform,0.0015015015015015015,4.266211604095563e-4,0.0010748803410919451,3.5195195195195192,low_n_descriptive_only,FALSE
Na->He,5,B_830305_42_LF_CLASS::台地・段丘,多摩川 / basin 42 / 台地・段丘,continue,1,3,0.3333333333333333,1460,2344,watersystem_x_unit_basin_x_landform,6.849315068493151e-4,0.001279863481228669,-5.949319743793538e-4,0.5351598173515982,low_n_descriptive_only,FALSE
Na->He,5,B_830305_42_LF_CLASS::台地・段丘,多摩川 / basin 42 / 台地・段丘,new,2,3,0.6666666666666666,666,2344,watersystem_x_unit_basin_x_landform,0.003003003003003003,0.001279863481228669,0.001723139521774334,2.3463463463463463,low_n_descriptive_only,FALSE
Na->He,5,B_830305_42_LF_CLASS::山地斜面等,多摩川 / basin 42 / 山地斜面等,drop,1,1,1,218,2344,watersystem_x_unit_basin_x_landform,0.0045871559633027525,4.266211604095563e-4,0.004160534802893196,10.752293577981652,low_n_descriptive_only,FALSE
Na->He,5,B_830305_42_LF_CLASS::崖・段丘崖,多摩川 / basin 42 / 崖・段丘崖,new,1,1,1,666,2344,watersystem_x_unit_basin_x_landform,0.0015015015015015015,4.266211604095563e-4,0.0010748803410919451,3.5195195195195192,low_n_descriptive_only,FALSE
Na->He,5,B_830305_43_LF_CLASS::凹地・浅い谷,多摩川 / basin 43 / 凹地・浅い谷,new,1,1,1,666,2344,watersystem_x_unit_basin_x_landform,0.0015015015015015015,4.266211604095563e-4,0.0010748803410919451,3.5195195195195192,low_n_descriptive_only,FALSE
Na->He,5,B_830305_43_LF_CLASS::台地・段丘,多摩川 / basin 43 / 台地・段丘,continue,6,10,0.6,1460,2344,watersystem_x_unit_basin_x_landform,0.00410958904109589,0.004266211604095563,-1.5662256299967328e-4,0.9632876712328766,low_n_descriptive_only,FALSE
Na->He,5,B_830305_43_LF_CLASS::台地・段丘,多摩川 / basin 43 / 台地・段丘,new,4,10,0.4,666,2344,watersystem_x_unit_basin_x_landform,0.006006006006006006,0.004266211604095563,0.0017397944019104427,1.4078078078078078,low_n_descriptive_only,FALSE
Na->He,5,B_830305_43_LF_CLASS::山地斜面等,多摩川 / basin 43 / 山地斜面等,continue,1,3,0.3333333333333333,1460,2344,watersystem_x_unit_basin_x_landform,6.849315068493151e-4,0.001279863481228669,-5.949319743793538e-4,0.5351598173515982,low_n_descriptive_only,FALSE
Na->He,5,B_830305_43_LF_CLASS::山地斜面等,多摩川 / basin 43 / 山地斜面等,drop,1,3,0.3333333333333333,218,2344,watersystem_x_unit_basin_x_landform,0.0045871559633027525,0.001279863481228669,0.0033072924820740836,3.5840978593272173,low_n_descriptive_only,FALSE
Na->He,5,B_830305_43_LF_CLASS::山地斜面等,多摩川 / basin 43 / 山地斜面等,new,1,3,0.3333333333333333,666,2344,watersystem_x_unit_basin_x_landform,0.0015015015015015015,0.001279863481228669,2.216380202728326e-4,1.1731731731731732,low_n_descriptive_only,FALSE
Na->He,5,B_830305_44_LF_CLASS::台地・段丘,多摩川 / basin 44 / 台地・段丘,new,1,1,1,666,2344,watersystem_x_unit_basin_x_landform,0.0015015015015015015,4.266211604095563e-4,0.0010748803410919451,3.5195195195195192,low_n_descriptive_only,FALSE
Na->He,5,B_830305_44_LF_CLASS::山地斜面等,多摩川 / basin 44 / 山地斜面等,continue,2,2,1,1460,2344,watersystem_x_unit_basin_x_landform,0.0013698630136986301,8.532423208191126e-4,5.166206928795175e-4,1.6054794520547946,low_n_descriptive_only,FALSE
Na->He,5,B_830305_44_LF_CLASS::氾濫平野・海岸平野,多摩川 / basin 44 / 氾濫平野・海岸平野,continue,1,1,1,1460,2344,watersystem_x_unit_basin_x_landform,6.849315068493151e-4,4.266211604095563e-4,2.5831034643975876e-4,1.6054794520547946,low_n_descriptive_only,FALSE
Na->He,5,B_830305_46_LF_CLASS::台地・段丘,多摩川 / basin 46 / 台地・段丘,continue,2,4,0.5,1460,2344,watersystem_x_unit_basin_x_landform,0.0013698630136986301,0.0017064846416382253,-3.366216279395951e-4,0.8027397260273973,low_n_descriptive_only,FALSE
Na->He,5,B_830305_46_LF_CLASS::台地・段丘,多摩川 / basin 46 / 台地・段丘,new,2,4,0.5,666,2344,watersystem_x_unit_basin_x_landform,0.003003003003003003,0.0017064846416382253,0.0012965183613647777,1.7597597597597596,low_n_descriptive_only,FALSE
Na->He,5,B_830305_46_LF_CLASS::山地斜面等,多摩川 / basin 46 / 山地斜面等,continue,2,2,1,1460,2344,watersystem_x_unit_basin_x_landform,0.0013698630136986301,8.532423208191126e-4,5.166206928795175e-4,1.6054794520547946,low_n_descriptive_only,FALSE
Na->He,5,B_830305_46_LF_CLASS::氾濫平野・海岸平野,多摩川 / basin 46 / 氾濫平野・海岸平野,continue,1,1,1,1460,2344,watersystem_x_unit_basin_x_landform,6.849315068493151e-4,4.266211604095563e-4,2.5831034643975876e-4,1.6054794520547946,low_n_descriptive_only,FALSE
Na->He,5,B_830305_47_LF_CLASS::台地・段丘,多摩川 / basin 47 / 台地・段丘,new,1,1,1,666,2344,watersystem_x_unit_basin_x_landform,0.0015015015015015015,4.266211604095563e-4,0.0010748803410919451,3.5195195195195192,low_n_descriptive_only,FALSE
Na->He,5,B_830305_48_LF_CLASS::台地・段丘,多摩川 / basin 48 / 台地・段丘,continue,3,6,0.5,1460,2344,watersystem_x_unit_basin_x_landform,0.002054794520547945,0.002559726962457338,-5.049324419093928e-4,0.8027397260273972,low_n_descriptive_only,FALSE
Na->He,5,B_830305_48_LF_CLASS::台地・段丘,多摩川 / basin 48 / 台地・段丘,new,3,6,0.5,666,2344,watersystem_x_unit_basin_x_landform,0.0045045045045045045,0.002559726962457338,0.0019447775420471667,1.7597597597597598,low_n_descriptive_only,FALSE
Na->He,5,B_830305_48_LF_CLASS::山地斜面等,多摩川 / basin 48 / 山地斜面等,new,5,5,1,666,2344,watersystem_x_unit_basin_x_landform,0.0075075075075075074,0.0021331058020477816,0.005374401705459726,3.5195195195195192,low_n_descriptive_only,FALSE
Na->He,5,B_830305_48_LF_CLASS::氾濫平野・海岸平野,多摩川 / basin 48 / 氾濫平野・海岸平野,new,2,2,1,666,2344,watersystem_x_unit_basin_x_landform,0.003003003003003003,8.532423208191126e-4,0.0021497606821838902,3.5195195195195192,low_n_descriptive_only,FALSE
Na->He,5,B_830305_49_LF_CLASS::台地・段丘,多摩川 / basin 49 / 台地・段丘,drop,1,1,1,218,2344,watersystem_x_unit_basin_x_landform,0.0045871559633027525,4.266211604095563e-4,0.004160534802893196,10.752293577981652,low_n_descriptive_only,FALSE
Na->He,5,B_830305_49_LF_CLASS::山地斜面等,多摩川 / basin 49 / 山地斜面等,new,1,1,1,666,2344,watersystem_x_unit_basin_x_landform,0.0015015015015015015,4.266211604095563e-4,0.0010748803410919451,3.5195195195195192,low_n_descriptive_only,FALSE
Na->He,5,B_830305_49_LF_CLASS::崖・段丘崖,多摩川 / basin 49 / 崖・段丘崖,drop,1,1,1,218,2344,watersystem_x_unit_basin_x_landform,0.0045871559633027525,4.266211604095563e-4,0.004160534802893196,10.752293577981652,low_n_descriptive_only,FALSE
Na->He,5,B_830305_50_LF_CLASS::台地・段丘,多摩川 / basin 50 / 台地・段丘,continue,2,3,0.6666666666666666,1460,2344,watersystem_x_unit_basin_x_landform,0.0013698630136986301,0.001279863481228669,8.999953246996125e-5,1.0703196347031965,low_n_descriptive_only,FALSE
Na->He,5,B_830305_50_LF_CLASS::台地・段丘,多摩川 / basin 50 / 台地・段丘,new,1,3,0.3333333333333333,666,2344,watersystem_x_unit_basin_x_landform,0.0015015015015015015,0.001279863481228669,2.216380202728326e-4,1.1731731731731732,low_n_descriptive_only,FALSE
Na->He,5,B_830305_51_LF_CLASS::台地・段丘,多摩川 / basin 51 / 台地・段丘,continue,1,3,0.3333333333333333,1460,2344,watersystem_x_unit_basin_x_landform,6.849315068493151e-4,0.001279863481228669,-5.949319743793538e-4,0.5351598173515982,low_n_descriptive_only,FALSE
Na->He,5,B_830305_51_LF_CLASS::台地・段丘,多摩川 / basin 51 / 台地・段丘,drop,1,3,0.3333333333333333,218,2344,watersystem_x_unit_basin_x_landform,0.0045871559633027525,0.001279863481228669,0.0033072924820740836,3.5840978593272173,low_n_descriptive_only,FALSE
Na->He,5,B_830305_51_LF_CLASS::台地・段丘,多摩川 / basin 51 / 台地・段丘,new,1,3,0.3333333333333333,666,2344,watersystem_x_unit_basin_x_landform,0.0015015015015015015,0.001279863481228669,2.216380202728326e-4,1.1731731731731732,low_n_descriptive_only,FALSE
Na->He,5,B_830305_52_LF_CLASS::台地・段丘,多摩川 / basin 52 / 台地・段丘,continue,2,3,0.6666666666666666,1460,2344,watersystem_x_unit_basin_x_landform,0.0013698630136986301,0.001279863481228669,8.999953246996125e-5,1.0703196347031965,low_n_descriptive_only,FALSE
Na->He,5,B_830305_52_LF_CLASS::台地・段丘,多摩川 / basin 52 / 台地・段丘,drop,1,3,0.3333333333333333,218,2344,watersystem_x_unit_basin_x_landform,0.0045871559633027525,0.001279863481228669,0.0033072924820740836,3.5840978593272173,low_n_descriptive_only,FALSE
Na->He,5,B_830305_55_LF_CLASS::台地・段丘,多摩川 / basin 55 / 台地・段丘,new,1,1,1,666,2344,watersystem_x_unit_basin_x_landform,0.0015015015015015015,4.266211604095563e-4,0.0010748803410919451,3.5195195195195192,low_n_descriptive_only,FALSE
Na->He,5,B_830305_56_LF_CLASS::台地・段丘,多摩川 / basin 56 / 台地・段丘,continue,3,5,0.6,1460,2344,watersystem_x_unit_basin_x_landform,0.002054794520547945,0.0021331058020477816,-7.831128149983664e-5,0.9632876712328766,low_n_descriptive_only,FALSE
Na->He,5,B_830305_56_LF_CLASS::台地・段丘,多摩川 / basin 56 / 台地・段丘,new,2,5,0.4,666,2344,watersystem_x_unit_basin_x_landform,0.003003003003003003,0.0021331058020477816,8.698972009552213e-4,1.4078078078078078,low_n_descriptive_only,FALSE
Na->He,5,B_830305_57_LF_CLASS::台地・段丘,多摩川 / basin 57 / 台地・段丘,continue,1,1,1,1460,2344,watersystem_x_unit_basin_x_landform,6.849315068493151e-4,4.266211604095563e-4,2.5831034643975876e-4,1.6054794520547946,low_n_descriptive_only,FALSE
Na->He,5,B_830305_58_LF_CLASS::氾濫平野・海岸平野,多摩川 / basin 58 / 氾濫平野・海岸平野,new,1,1,1,666,2344,watersystem_x_unit_basin_x_landform,0.0015015015015015015,4.266211604095563e-4,0.0010748803410919451,3.5195195195195192,low_n_descriptive_only,FALSE
Na->He,5,B_830305_59_LF_CLASS::凹地・浅い谷,多摩川 / basin 59 / 凹地・浅い谷,new,1,1,1,666,2344,watersystem_x_unit_basin_x_landform,0.0015015015015015015,4.266211604095563e-4,0.0010748803410919451,3.5195195195195192,low_n_descriptive_only,FALSE
Na->He,5,B_830305_72_LF_CLASS::山地斜面等,多摩川 / basin 72 / 山地斜面等,continue,2,2,1,1460,2344,watersystem_x_unit_basin_x_landform,0.0013698630136986301,8.532423208191126e-4,5.166206928795175e-4,1.6054794520547946,low_n_descriptive_only,FALSE
Na->He,5,B_830305_73_LF_CLASS::台地・段丘,多摩川 / basin 73 / 台地・段丘,continue,2,5,0.4,1460,2344,watersystem_x_unit_basin_x_landform,0.0013698630136986301,0.0021331058020477816,-7.632427883491515e-4,0.6421917808219177,low_n_descriptive_only,FALSE
Na->He,5,B_830305_73_LF_CLASS::台地・段丘,多摩川 / basin 73 / 台地・段丘,new,3,5,0.6,666,2344,watersystem_x_unit_basin_x_landform,0.0045045045045045045,0.0021331058020477816,0.002371398702456723,2.1117117117117115,low_n_descriptive_only,FALSE
Na->He,5,B_830305_74_LF_CLASS::台地・段丘,多摩川 / basin 74 / 台地・段丘,new,1,1,1,666,2344,watersystem_x_unit_basin_x_landform,0.0015015015015015015,4.266211604095563e-4,0.0010748803410919451,3.5195195195195192,low_n_descriptive_only,FALSE
Na->He,5,B_830305_75_LF_CLASS::台地・段丘,多摩川 / basin 75 / 台地・段丘,continue,2,6,0.3333333333333333,1460,2344,watersystem_x_unit_basin_x_landform,0.0013698630136986301,0.002559726962457338,-0.0011898639487587077,0.5351598173515982,low_n_descriptive_only,FALSE
Na->He,5,B_830305_75_LF_CLASS::台地・段丘,多摩川 / basin 75 / 台地・段丘,new,4,6,0.6666666666666666,666,2344,watersystem_x_unit_basin_x_landform,0.006006006006006006,0.002559726962457338,0.003446279043548668,2.3463463463463463,low_n_descriptive_only,FALSE
Na->He,5,B_830305_75_LF_CLASS::山麓堆積地形,多摩川 / basin 75 / 山麓堆積地形,new,1,1,1,666,2344,watersystem_x_unit_basin_x_landform,0.0015015015015015015,4.266211604095563e-4,0.0010748803410919451,3.5195195195195192,low_n_descriptive_only,FALSE
Na->He,5,B_830305_76_LF_CLASS::山地斜面等,多摩川 / basin 76 / 山地斜面等,new,1,1,1,666,2344,watersystem_x_unit_basin_x_landform,0.0015015015015015015,4.266211604095563e-4,0.0010748803410919451,3.5195195195195192,low_n_descriptive_only,FALSE
Na->He,5,B_830305_8_LF_CLASS::凹地・浅い谷,多摩川 / basin 8 / 凹地・浅い谷,new,1,1,1,666,2344,watersystem_x_unit_basin_x_landform,0.0015015015015015015,4.266211604095563e-4,0.0010748803410919451,3.5195195195195192,low_n_descriptive_only,FALSE
Na->He,5,B_830305_8_LF_CLASS::台地・段丘,多摩川 / basin 8 / 台地・段丘,continue,5,9,0.5555555555555556,1460,2344,watersystem_x_unit_basin_x_landform,0.003424657534246575,0.0038395904436860067,-4.1493290943943155e-4,0.8919330289193302,low_n_descriptive_only,FALSE
Na->He,5,B_830305_8_LF_CLASS::台地・段丘,多摩川 / basin 8 / 台地・段丘,drop,4,9,0.4444444444444444,218,2344,watersystem_x_unit_basin_x_landform,0.01834862385321101,0.0038395904436860067,0.014509033409525003,4.778797145769623,low_n_descriptive_only,FALSE
Na->He,5,B_830305_8_LF_CLASS::氾濫平野・海岸平野,多摩川 / basin 8 / 氾濫平野・海岸平野,continue,1,1,1,1460,2344,watersystem_x_unit_basin_x_landform,6.849315068493151e-4,4.266211604095563e-4,2.5831034643975876e-4,1.6054794520547946,low_n_descriptive_only,FALSE
Na->He,5,B_830305_9_LF_CLASS::氾濫平野・海岸平野,多摩川 / basin 9 / 氾濫平野・海岸平野,continue,1,1,1,1460,2344,watersystem_x_unit_basin_x_landform,6.849315068493151e-4,4.266211604095563e-4,2.5831034643975876e-4,1.6054794520547946,low_n_descriptive_only,FALSE
Na->He,5,B_830306_16_LF_CLASS::凹地・浅い谷,鶴見川 / basin 16 / 凹地・浅い谷,continue,1,1,1,1460,2344,watersystem_x_unit_basin_x_landform,6.849315068493151e-4,4.266211604095563e-4,2.5831034643975876e-4,1.6054794520547946,low_n_descriptive_only,FALSE
Na->He,5,B_830306_16_LF_CLASS::台地・段丘,鶴見川 / basin 16 / 台地・段丘,continue,27,29,0.9310344827586207,1460,2344,watersystem_x_unit_basin_x_landform,0.018493150684931507,0.012372013651877133,0.006121137033054374,1.4947567312234293,eligible,FALSE
Na->He,5,B_830306_16_LF_CLASS::台地・段丘,鶴見川 / basin 16 / 台地・段丘,drop,1,29,0.034482758620689655,218,2344,watersystem_x_unit_basin_x_landform,0.0045871559633027525,0.012372013651877133,-0.007784857688574381,0.3707687440683328,eligible,FALSE
Na->He,5,B_830306_16_LF_CLASS::台地・段丘,鶴見川 / basin 16 / 台地・段丘,new,1,29,0.034482758620689655,666,2344,watersystem_x_unit_basin_x_landform,0.0015015015015015015,0.012372013651877133,-0.010870512150375631,0.12136274205239722,eligible,FALSE
Na->He,5,B_830306_16_LF_CLASS::山地斜面等,鶴見川 / basin 16 / 山地斜面等,continue,34,37,0.918918918918919,1460,2344,watersystem_x_unit_basin_x_landform,0.023287671232876714,0.015784982935153583,0.007502688297723131,1.4753054424287302,eligible,FALSE
Na->He,5,B_830306_16_LF_CLASS::山地斜面等,鶴見川 / basin 16 / 山地斜面等,drop,1,37,0.02702702702702703,218,2344,watersystem_x_unit_basin_x_landform,0.0045871559633027525,0.015784982935153583,-0.01119782697185083,0.29060252913463924,eligible,FALSE
Na->He,5,B_830306_16_LF_CLASS::山地斜面等,鶴見川 / basin 16 / 山地斜面等,new,2,37,0.05405405405405406,666,2344,watersystem_x_unit_basin_x_landform,0.003003003003003003,0.015784982935153583,-0.01278197993215058,0.19024429835240647,eligible,FALSE
Na->He,5,B_830306_16_LF_CLASS::山麓堆積地形,鶴見川 / basin 16 / 山麓堆積地形,continue,2,2,1,1460,2344,watersystem_x_unit_basin_x_landform,0.0013698630136986301,8.532423208191126e-4,5.166206928795175e-4,1.6054794520547946,low_n_descriptive_only,FALSE
Na->He,5,B_830306_16_LF_CLASS::崖・段丘崖,鶴見川 / basin 16 / 崖・段丘崖,continue,1,2,0.5,1460,2344,watersystem_x_unit_basin_x_landform,6.849315068493151e-4,8.532423208191126e-4,-1.6831081396979756e-4,0.8027397260273973,low_n_descriptive_only,FALSE
Na->He,5,B_830306_16_LF_CLASS::崖・段丘崖,鶴見川 / basin 16 / 崖・段丘崖,new,1,2,0.5,666,2344,watersystem_x_unit_basin_x_landform,0.0015015015015015015,8.532423208191126e-4,6.482591806823889e-4,1.7597597597597596,low_n_descriptive_only,FALSE
Na->He,5,B_830306_16_LF_CLASS::水部,鶴見川 / basin 16 / 水部,continue,2,2,1,1460,2344,watersystem_x_unit_basin_x_landform,0.0013698630136986301,8.532423208191126e-4,5.166206928795175e-4,1.6054794520547946,low_n_descriptive_only,FALSE
Na->He,5,B_830306_16_LF_CLASS::氾濫平野・海岸平野,鶴見川 / basin 16 / 氾濫平野・海岸平野,continue,7,7,1,1460,2344,watersystem_x_unit_basin_x_landform,0.004794520547945206,0.0029863481228668944,0.0018081724250783113,1.6054794520547946,low_n_descriptive_only,FALSE
Na->He,5,B_830306_16_LF_CLASS::自然堤防,鶴見川 / basin 16 / 自然堤防,continue,3,3,1,1460,2344,watersystem_x_unit_basin_x_landform,0.002054794520547945,0.001279863481228669,7.749310393192761e-4,1.6054794520547944,low_n_descriptive_only,FALSE
Na->He,5,B_830306_17_LF_CLASS::台地・段丘,鶴見川 / basin 17 / 台地・段丘,continue,3,3,1,1460,2344,watersystem_x_unit_basin_x_landform,0.002054794520547945,0.001279863481228669,7.749310393192761e-4,1.6054794520547944,low_n_descriptive_only,FALSE
Na->He,5,B_830306_17_LF_CLASS::山地斜面等,鶴見川 / basin 17 / 山地斜面等,continue,5,6,0.8333333333333334,1460,2344,watersystem_x_unit_basin_x_landform,0.003424657534246575,0.002559726962457338,8.649305717892374e-4,1.3378995433789953,low_n_descriptive_only,FALSE
Na->He,5,B_830306_17_LF_CLASS::山地斜面等,鶴見川 / basin 17 / 山地斜面等,new,1,6,0.16666666666666666,666,2344,watersystem_x_unit_basin_x_landform,0.0015015015015015015,0.002559726962457338,-0.0010582254609558363,0.5865865865865866,low_n_descriptive_only,FALSE
Na->He,5,B_830306_19_LF_CLASS::台地・段丘,鶴見川 / basin 19 / 台地・段丘,drop,1,1,1,218,2344,watersystem_x_unit_basin_x_landform,0.0045871559633027525,4.266211604095563e-4,0.004160534802893196,10.752293577981652,low_n_descriptive_only,FALSE
Na->He,5,B_830306_19_LF_CLASS::山地斜面等,鶴見川 / basin 19 / 山地斜面等,continue,5,11,0.45454545454545453,1460,2344,watersystem_x_unit_basin_x_landform,0.003424657534246575,0.00469283276450512,-0.0012681752302585447,0.7297633872976338,low_n_descriptive_only,FALSE
Na->He,5,B_830306_19_LF_CLASS::山地斜面等,鶴見川 / basin 19 / 山地斜面等,drop,1,11,0.09090909090909091,218,2344,watersystem_x_unit_basin_x_landform,0.0045871559633027525,0.00469283276450512,-1.0567680120236733e-4,0.9774812343619683,low_n_descriptive_only,FALSE
Na->He,5,B_830306_19_LF_CLASS::山地斜面等,鶴見川 / basin 19 / 山地斜面等,new,5,11,0.45454545454545453,666,2344,watersystem_x_unit_basin_x_landform,0.0075075075075075074,0.00469283276450512,0.0028146747430023876,1.5997815997815996,low_n_descriptive_only,FALSE
Na->He,5,B_830306_19_LF_CLASS::氾濫平野・海岸平野,鶴見川 / basin 19 / 氾濫平野・海岸平野,new,1,1,1,666,2344,watersystem_x_unit_basin_x_landform,0.0015015015015015015,4.266211604095563e-4,0.0010748803410919451,3.5195195195195192,low_n_descriptive_only,FALSE
Na->He,5,B_830306_20_LF_CLASS::台地・段丘,鶴見川 / basin 20 / 台地・段丘,continue,24,25,0.96,1460,2344,watersystem_x_unit_basin_x_landform,0.01643835616438356,0.010665529010238909,0.005772827154144651,1.5412602739726025,eligible,FALSE
Na->He,5,B_830306_20_LF_CLASS::台地・段丘,鶴見川 / basin 20 / 台地・段丘,drop,1,25,0.04,218,2344,watersystem_x_unit_basin_x_landform,0.0045871559633027525,0.010665529010238909,-0.006078373046936156,0.43009174311926607,eligible,FALSE
Na->He,5,B_830306_20_LF_CLASS::山地斜面等,鶴見川 / basin 20 / 山地斜面等,continue,141,173,0.815028901734104,1460,2344,watersystem_x_unit_basin_x_landform,0.09657534246575343,0.07380546075085324,0.022769881714900186,1.3085121545648903,eligible,FALSE
Na->He,5,B_830306_20_LF_CLASS::山地斜面等,鶴見川 / basin 20 / 山地斜面等,drop,6,173,0.03468208092485549,218,2344,watersystem_x_unit_basin_x_landform,0.027522935779816515,0.07380546075085324,-0.04628252497103673,0.37291191599936363,eligible,FALSE
Na->He,5,B_830306_20_LF_CLASS::山地斜面等,鶴見川 / basin 20 / 山地斜面等,new,26,173,0.15028901734104047,666,2344,watersystem_x_unit_basin_x_landform,0.03903903903903904,0.07380546075085324,-0.034766421711814204,0.5289451301011995,eligible,FALSE
Na->He,5,B_830306_20_LF_CLASS::山麓堆積地形,鶴見川 / basin 20 / 山麓堆積地形,continue,6,6,1,1460,2344,watersystem_x_unit_basin_x_landform,0.00410958904109589,0.002559726962457338,0.0015498620786385522,1.6054794520547944,low_n_descriptive_only,FALSE
Na->He,5,B_830306_20_LF_CLASS::崖・段丘崖,鶴見川 / basin 20 / 崖・段丘崖,continue,1,1,1,1460,2344,watersystem_x_unit_basin_x_landform,6.849315068493151e-4,4.266211604095563e-4,2.5831034643975876e-4,1.6054794520547946,low_n_descriptive_only,FALSE
Na->He,5,B_830306_20_LF_CLASS::水部,鶴見川 / basin 20 / 水部,new,2,2,1,666,2344,watersystem_x_unit_basin_x_landform,0.003003003003003003,8.532423208191126e-4,0.0021497606821838902,3.5195195195195192,low_n_descriptive_only,FALSE
Na->He,5,B_830306_20_LF_CLASS::氾濫平野・海岸平野,鶴見川 / basin 20 / 氾濫平野・海岸平野,continue,17,18,0.9444444444444444,1460,2344,watersystem_x_unit_basin_x_landform,0.011643835616438357,0.007679180887372013,0.0039646547290663435,1.5162861491628616,low_n_descriptive_only,FALSE
Na->He,5,B_830306_20_LF_CLASS::氾濫平野・海岸平野,鶴見川 / basin 20 / 氾濫平野・海岸平野,new,1,18,0.05555555555555555,666,2344,watersystem_x_unit_basin_x_landform,0.0015015015015015015,0.007679180887372013,-0.006177679385870512,0.19552886219552887,low_n_descriptive_only,FALSE
Na->He,5,B_830306_21_LF_CLASS::台地・段丘,鶴見川 / basin 21 / 台地・段丘,continue,5,5,1,1460,2344,watersystem_x_unit_basin_x_landform,0.003424657534246575,0.0021331058020477816,0.0012915517321987935,1.6054794520547944,low_n_descriptive_only,FALSE
Na->He,5,B_830306_21_LF_CLASS::山地斜面等,鶴見川 / basin 21 / 山地斜面等,continue,22,34,0.6470588235294118,1460,2344,watersystem_x_unit_basin_x_landform,0.015068493150684932,0.014505119453924915,5.633736967600167e-4,1.03883964544722,eligible,FALSE
Na->He,5,B_830306_21_LF_CLASS::山地斜面等,鶴見川 / basin 21 / 山地斜面等,drop,2,34,0.058823529411764705,218,2344,watersystem_x_unit_basin_x_landform,0.009174311926605505,0.014505119453924915,-0.00533080752731941,0.6324878575283325,eligible,FALSE
Na->He,5,B_830306_21_LF_CLASS::山地斜面等,鶴見川 / basin 21 / 山地斜面等,new,10,34,0.29411764705882354,666,2344,watersystem_x_unit_basin_x_landform,0.015015015015015015,0.014505119453924915,5.098955610900995e-4,1.0351527998586822,eligible,FALSE
Na->He,5,B_830306_21_LF_CLASS::氾濫平野・海岸平野,鶴見川 / basin 21 / 氾濫平野・海岸平野,continue,8,8,1,1460,2344,watersystem_x_unit_basin_x_landform,0.005479452054794521,0.0034129692832764505,0.00206648277151807,1.6054794520547946,low_n_descriptive_only,FALSE
Na->He,5,B_unknown_0_LF_CLASS::凹地・浅い谷,古川・目黒川・立会川・呑川 / basin 0 / 凹地・浅い谷,continue,1,2,0.5,1460,2344,watersystem_x_unit_basin_x_landform,6.849315068493151e-4,8.532423208191126e-4,-1.6831081396979756e-4,0.8027397260273973,low_n_descriptive_only,FALSE
Na->He,5,B_unknown_0_LF_CLASS::凹地・浅い谷,古川・目黒川・立会川・呑川 / basin 0 / 凹地・浅い谷,drop,1,2,0.5,218,2344,watersystem_x_unit_basin_x_landform,0.0045871559633027525,8.532423208191126e-4,0.00373391364248364,5.376146788990826,low_n_descriptive_only,FALSE
Na->He,5,B_unknown_0_LF_CLASS::台地・段丘,古川・目黒川・立会川・呑川 / basin 0 / 台地・段丘,continue,12,32,0.375,1460,2344,watersystem_x_unit_basin_x_landform,0.00821917808219178,0.013651877133105802,-0.005432699050914022,0.6020547945205479,eligible,FALSE
Na->He,5,B_unknown_0_LF_CLASS::台地・段丘,古川・目黒川・立会川・呑川 / basin 0 / 台地・段丘,drop,10,32,0.3125,218,2344,watersystem_x_unit_basin_x_landform,0.045871559633027525,0.013651877133105802,0.03221968249992172,3.3600917431192663,eligible,FALSE
Na->He,5,B_unknown_0_LF_CLASS::台地・段丘,古川・目黒川・立会川・呑川 / basin 0 / 台地・段丘,new,10,32,0.3125,666,2344,watersystem_x_unit_basin_x_landform,0.015015015015015015,0.013651877133105802,0.0013631378819092127,1.09984984984985,eligible,FALSE
Na->He,5,B_unknown_0_LF_CLASS::山地斜面等,古川・目黒川・立会川・呑川 / basin 0 / 山地斜面等,continue,2,26,0.07692307692307693,1460,2344,watersystem_x_unit_basin_x_landform,0.0013698630136986301,0.011092150170648464,-0.009722287156949835,0.12349841938883034,eligible,FALSE
Na->He,5,B_unknown_0_LF_CLASS::山地斜面等,古川・目黒川・立会川・呑川 / basin 0 / 山地斜面等,drop,22,26,0.8461538461538461,218,2344,watersystem_x_unit_basin_x_landform,0.10091743119266056,0.011092150170648464,0.0898252810220121,9.098094565984475,eligible,FALSE
Na->He,5,B_unknown_0_LF_CLASS::山地斜面等,古川・目黒川・立会川・呑川 / basin 0 / 山地斜面等,new,2,26,0.07692307692307693,666,2344,watersystem_x_unit_basin_x_landform,0.003003003003003003,0.011092150170648464,-0.008089147167645461,0.27073227073227074,eligible,FALSE
Na->He,5,B_unknown_0_LF_CLASS::崖・段丘崖,古川・目黒川・立会川・呑川 / basin 0 / 崖・段丘崖,continue,2,7,0.2857142857142857,1460,2344,watersystem_x_unit_basin_x_landform,0.0013698630136986301,0.0029863481228668944,-0.0016164851091682642,0.4587084148727984,low_n_descriptive_only,FALSE
Na->He,5,B_unknown_0_LF_CLASS::崖・段丘崖,古川・目黒川・立会川・呑川 / basin 0 / 崖・段丘崖,drop,5,7,0.7142857142857143,218,2344,watersystem_x_unit_basin_x_landform,0.022935779816513763,0.0029863481228668944,0.01994943169364687,7.680209698558322,low_n_descriptive_only,FALSE
Na->He,5,B_unknown_0_LF_CLASS::後背低地・湿地,古川・目黒川・立会川・呑川 / basin 0 / 後背低地・湿地,continue,1,1,1,1460,2344,watersystem_x_unit_basin_x_landform,6.849315068493151e-4,4.266211604095563e-4,2.5831034643975876e-4,1.6054794520547946,low_n_descriptive_only,FALSE
Na->He,5,B_unknown_0_LF_CLASS::氾濫平野・海岸平野,古川・目黒川・立会川・呑川 / basin 0 / 氾濫平野・海岸平野,continue,3,11,0.2727272727272727,1460,2344,watersystem_x_unit_basin_x_landform,0.002054794520547945,0.00469283276450512,-0.002638038243957175,0.43785803237858023,low_n_descriptive_only,FALSE
Na->He,5,B_unknown_0_LF_CLASS::氾濫平野・海岸平野,古川・目黒川・立会川・呑川 / basin 0 / 氾濫平野・海岸平野,drop,7,11,0.6363636363636364,218,2344,watersystem_x_unit_basin_x_landform,0.03211009174311927,0.00469283276450512,0.027417258978614148,6.842368640533778,low_n_descriptive_only,FALSE
Na->He,5,B_unknown_0_LF_CLASS::氾濫平野・海岸平野,古川・目黒川・立会川・呑川 / basin 0 / 氾濫平野・海岸平野,new,1,11,0.09090909090909091,666,2344,watersystem_x_unit_basin_x_landform,0.0015015015015015015,0.00469283276450512,-0.0031913312630036184,0.3199563199563199,low_n_descriptive_only,FALSE
Na->He,5,B_unknown_0_LF_CLASS::砂州・砂丘,古川・目黒川・立会川・呑川 / basin 0 / 砂州・砂丘,continue,6,10,0.6,1460,2344,watersystem_x_unit_basin_x_landform,0.00410958904109589,0.004266211604095563,-1.5662256299967328e-4,0.9632876712328766,low_n_descriptive_only,FALSE
Na->He,5,B_unknown_0_LF_CLASS::砂州・砂丘,古川・目黒川・立会川・呑川 / basin 0 / 砂州・砂丘,drop,2,10,0.2,218,2344,watersystem_x_unit_basin_x_landform,0.009174311926605505,0.004266211604095563,0.004908100322509942,2.15045871559633,low_n_descriptive_only,FALSE
Na->He,5,B_unknown_0_LF_CLASS::砂州・砂丘,古川・目黒川・立会川・呑川 / basin 0 / 砂州・砂丘,new,2,10,0.2,666,2344,watersystem_x_unit_basin_x_landform,0.003003003003003003,0.004266211604095563,-0.0012632086010925603,0.7039039039039039,low_n_descriptive_only,FALSE
Pa->Jo,1,B_120000_6_LF_CLASS::台地・段丘,名称不明 / basin 6 / 台地・段丘,new,1,1,1,3024,3715,watersystem_x_unit_basin_x_landform,3.3068783068783067e-4,2.6917900403768504e-4,6.150882665014563e-5,1.228505291005291,low_n_descriptive_only,FALSE
Pa->Jo,1,B_130000_1_LF_CLASS::台地・段丘,名称不明 / basin 1 / 台地・段丘,continue,2,11,0.18181818181818182,631,3715,watersystem_x_unit_basin_x_landform,0.003169572107765452,0.0029609690444145358,2.08603063350916e-4,1.0704509436680594,low_n_descriptive_only,FALSE
Pa->Jo,1,B_130000_1_LF_CLASS::台地・段丘,名称不明 / basin 1 / 台地・段丘,new,9,11,0.8181818181818182,3024,3715,watersystem_x_unit_basin_x_landform,0.002976190476190476,0.0029609690444145358,1.5221431775940247e-5,1.0051406926406925,low_n_descriptive_only,FALSE
Pa->Jo,1,B_130000_1_LF_CLASS::氾濫平野・海岸平野,名称不明 / basin 1 / 氾濫平野・海岸平野,new,1,1,1,3024,3715,watersystem_x_unit_basin_x_landform,3.3068783068783067e-4,2.6917900403768504e-4,6.150882665014563e-5,1.228505291005291,low_n_descriptive_only,FALSE
Pa->Jo,1,B_130000_2_LF_CLASS::凹地・浅い谷,名称不明 / basin 2 / 凹地・浅い谷,continue,1,1,1,631,3715,watersystem_x_unit_basin_x_landform,0.001584786053882726,2.6917900403768504e-4,0.0013156070498450407,5.887480190174327,low_n_descriptive_only,FALSE
Pa->Jo,1,B_130000_2_LF_CLASS::台地・段丘,名称不明 / basin 2 / 台地・段丘,new,1,1,1,3024,3715,watersystem_x_unit_basin_x_landform,3.3068783068783067e-4,2.6917900403768504e-4,6.150882665014563e-5,1.228505291005291,low_n_descriptive_only,FALSE
Pa->Jo,1,B_130000_2_LF_CLASS::山地斜面等,名称不明 / basin 2 / 山地斜面等,drop,1,3,0.3333333333333333,60,3715,watersystem_x_unit_basin_x_landform,0.016666666666666666,8.075370121130552e-4,0.015859129654553612,20.638888888888886,low_n_descriptive_only,FALSE
Pa->Jo,1,B_130000_2_LF_CLASS::山地斜面等,名称不明 / basin 2 / 山地斜面等,new,2,3,0.6666666666666666,3024,3715,watersystem_x_unit_basin_x_landform,6.613756613756613e-4,8.075370121130552e-4,-1.461613507373939e-4,0.8190035273368605,low_n_descriptive_only,FALSE
Pa->Jo,1,B_130000_2_LF_CLASS::氾濫平野・海岸平野,名称不明 / basin 2 / 氾濫平野・海岸平野,new,1,1,1,3024,3715,watersystem_x_unit_basin_x_landform,3.3068783068783067e-4,2.6917900403768504e-4,6.150882665014563e-5,1.228505291005291,low_n_descriptive_only,FALSE
Pa->Jo,1,B_130000_3_LF_CLASS::凹地・浅い谷,名称不明 / basin 3 / 凹地・浅い谷,continue,1,3,0.3333333333333333,631,3715,watersystem_x_unit_basin_x_landform,0.001584786053882726,8.075370121130552e-4,7.772490417696707e-4,1.9624933967247755,low_n_descriptive_only,FALSE
Pa->Jo,1,B_130000_3_LF_CLASS::凹地・浅い谷,名称不明 / basin 3 / 凹地・浅い谷,new,2,3,0.6666666666666666,3024,3715,watersystem_x_unit_basin_x_landform,6.613756613756613e-4,8.075370121130552e-4,-1.461613507373939e-4,0.8190035273368605,low_n_descriptive_only,FALSE
Pa->Jo,1,B_130000_3_LF_CLASS::台地・段丘,名称不明 / basin 3 / 台地・段丘,continue,1,9,0.1111111111111111,631,3715,watersystem_x_unit_basin_x_landform,0.001584786053882726,0.0024226110363391655,-8.378249824564396e-4,0.6541644655749252,low_n_descriptive_only,FALSE
Pa->Jo,1,B_130000_3_LF_CLASS::台地・段丘,名称不明 / basin 3 / 台地・段丘,new,8,9,0.8888888888888888,3024,3715,watersystem_x_unit_basin_x_landform,0.0026455026455026454,0.0024226110363391655,2.2289160916347988e-4,1.0920047031158142,low_n_descriptive_only,FALSE
Pa->Jo,1,B_130000_4_LF_CLASS::台地・段丘,名称不明 / basin 4 / 台地・段丘,continue,6,33,0.18181818181818182,631,3715,watersystem_x_unit_basin_x_landform,0.009508716323296355,0.008882907133243608,6.258091900527476e-4,1.0704509436680594,eligible,FALSE
Pa->Jo,1,B_130000_4_LF_CLASS::台地・段丘,名称不明 / basin 4 / 台地・段丘,new,27,33,0.8181818181818182,3024,3715,watersystem_x_unit_basin_x_landform,0.008928571428571428,0.008882907133243608,4.5664295327820306e-5,1.0051406926406925,eligible,FALSE
Pa->Jo,1,B_130000_4_LF_CLASS::山地斜面等,名称不明 / basin 4 / 山地斜面等,continue,1,3,0.3333333333333333,631,3715,watersystem_x_unit_basin_x_landform,0.001584786053882726,8.075370121130552e-4,7.772490417696707e-4,1.9624933967247755,low_n_descriptive_only,FALSE
Pa->Jo,1,B_130000_4_LF_CLASS::山地斜面等,名称不明 / basin 4 / 山地斜面等,new,2,3,0.6666666666666666,3024,3715,watersystem_x_unit_basin_x_landform,6.613756613756613e-4,8.075370121130552e-4,-1.461613507373939e-4,0.8190035273368605,low_n_descriptive_only,FALSE
Pa->Jo,1,B_130000_4_LF_CLASS::後背低地・湿地,名称不明 / basin 4 / 後背低地・湿地,continue,1,3,0.3333333333333333,631,3715,watersystem_x_unit_basin_x_landform,0.001584786053882726,8.075370121130552e-4,7.772490417696707e-4,1.9624933967247755,low_n_descriptive_only,FALSE
Pa->Jo,1,B_130000_4_LF_CLASS::後背低地・湿地,名称不明 / basin 4 / 後背低地・湿地,new,2,3,0.6666666666666666,3024,3715,watersystem_x_unit_basin_x_landform,6.613756613756613e-4,8.075370121130552e-4,-1.461613507373939e-4,0.8190035273368605,low_n_descriptive_only,FALSE
Pa->Jo,1,B_130000_4_LF_CLASS::氾濫平野・海岸平野,名称不明 / basin 4 / 氾濫平野・海岸平野,new,2,2,1,3024,3715,watersystem_x_unit_basin_x_landform,6.613756613756613e-4,5.383580080753701e-4,1.2301765330029126e-4,1.228505291005291,low_n_descriptive_only,FALSE
Pa->Jo,1,B_130000_5_LF_CLASS::台地・段丘,名称不明 / basin 5 / 台地・段丘,continue,6,30,0.2,631,3715,watersystem_x_unit_basin_x_landform,0.009508716323296355,0.008075370121130552,0.0014333462021658035,1.1774960380348654,eligible,FALSE
Pa->Jo,1,B_130000_5_LF_CLASS::台地・段丘,名称不明 / basin 5 / 台地・段丘,new,24,30,0.8,3024,3715,watersystem_x_unit_basin_x_landform,0.007936507936507936,0.008075370121130552,-1.3886218462261582e-4,0.9828042328042328,eligible,FALSE
Pa->Jo,1,B_130000_5_LF_CLASS::山地斜面等,名称不明 / basin 5 / 山地斜面等,continue,1,1,1,631,3715,watersystem_x_unit_basin_x_landform,0.001584786053882726,2.6917900403768504e-4,0.0013156070498450407,5.887480190174327,low_n_descriptive_only,FALSE
Pa->Jo,1,B_130000_5_LF_CLASS::崖・段丘崖,名称不明 / basin 5 / 崖・段丘崖,new,3,3,1,3024,3715,watersystem_x_unit_basin_x_landform,9.92063492063492e-4,8.075370121130552e-4,1.8452647995043678e-4,1.228505291005291,low_n_descriptive_only,FALSE
Pa->Jo,1,B_130000_5_LF_CLASS::後背低地・湿地,名称不明 / basin 5 / 後背低地・湿地,new,3,3,1,3024,3715,watersystem_x_unit_basin_x_landform,9.92063492063492e-4,8.075370121130552e-4,1.8452647995043678e-4,1.228505291005291,low_n_descriptive_only,FALSE
Pa->Jo,1,B_130000_5_LF_CLASS::水部,名称不明 / basin 5 / 水部,new,1,1,1,3024,3715,watersystem_x_unit_basin_x_landform,3.3068783068783067e-4,2.6917900403768504e-4,6.150882665014563e-5,1.228505291005291,low_n_descriptive_only,FALSE
Pa->Jo,1,B_130000_5_LF_CLASS::氾濫平野・海岸平野,名称不明 / basin 5 / 氾濫平野・海岸平野,new,2,2,1,3024,3715,watersystem_x_unit_basin_x_landform,6.613756613756613e-4,5.383580080753701e-4,1.2301765330029126e-4,1.228505291005291,low_n_descriptive_only,FALSE
Pa->Jo,1,B_130000_6_LF_CLASS::台地・段丘,名称不明 / basin 6 / 台地・段丘,new,9,9,1,3024,3715,watersystem_x_unit_basin_x_landform,0.002976190476190476,0.0024226110363391655,5.535794398513105e-4,1.228505291005291,low_n_descriptive_only,FALSE
Pa->Jo,1,B_130000_6_LF_CLASS::山地斜面等,名称不明 / basin 6 / 山地斜面等,continue,1,7,0.14285714285714285,631,3715,watersystem_x_unit_basin_x_landform,0.001584786053882726,0.0018842530282637954,-2.994669743810695e-4,0.8410685985963324,low_n_descriptive_only,FALSE
Pa->Jo,1,B_130000_6_LF_CLASS::山地斜面等,名称不明 / basin 6 / 山地斜面等,new,6,7,0.8571428571428571,3024,3715,watersystem_x_unit_basin_x_landform,0.001984126984126984,0.0018842530282637954,9.987395586318862e-5,1.0530045351473922,low_n_descriptive_only,FALSE
Pa->Jo,1,B_140013_17_LF_CLASS::台地・段丘,境川 / basin 17 / 台地・段丘,continue,5,34,0.14705882352941177,631,3715,watersystem_x_unit_basin_x_landform,0.00792393026941363,0.009152086137281292,-0.001228155867867663,0.8658059103197538,eligible,FALSE
Pa->Jo,1,B_140013_17_LF_CLASS::台地・段丘,境川 / basin 17 / 台地・段丘,new,29,34,0.8529411764705882,3024,3715,watersystem_x_unit_basin_x_landform,0.00958994708994709,0.009152086137281292,4.3786095266579693e-4,1.0478427482103951,eligible,FALSE
Pa->Jo,1,B_140013_17_LF_CLASS::山地斜面等,境川 / basin 17 / 山地斜面等,continue,12,125,0.096,631,3715,watersystem_x_unit_basin_x_landform,0.01901743264659271,0.033647375504710635,-0.014629942858117924,0.5651980982567353,eligible,FALSE
Pa->Jo,1,B_140013_17_LF_CLASS::山地斜面等,境川 / basin 17 / 山地斜面等,drop,1,125,0.008,60,3715,watersystem_x_unit_basin_x_landform,0.016666666666666666,0.033647375504710635,-0.016980708838043968,0.4953333333333333,eligible,FALSE
Pa->Jo,1,B_140013_17_LF_CLASS::山地斜面等,境川 / basin 17 / 山地斜面等,new,112,125,0.896,3024,3715,watersystem_x_unit_basin_x_landform,0.037037037037037035,0.033647375504710635,0.0033896615323264004,1.1007407407407406,eligible,FALSE
Pa->Jo,1,B_140013_17_LF_CLASS::水部,境川 / basin 17 / 水部,new,1,1,1,3024,3715,watersystem_x_unit_basin_x_landform,3.3068783068783067e-4,2.6917900403768504e-4,6.150882665014563e-5,1.228505291005291,low_n_descriptive_only,FALSE
Pa->Jo,1,B_140013_17_LF_CLASS::氾濫平野・海岸平野,境川 / basin 17 / 氾濫平野・海岸平野,continue,3,28,0.10714285714285714,631,3715,watersystem_x_unit_basin_x_landform,0.004754358161648178,0.007537012113055182,-0.002782653951407004,0.6308014489472493,eligible,FALSE
Pa->Jo,1,B_140013_17_LF_CLASS::氾濫平野・海岸平野,境川 / basin 17 / 氾濫平野・海岸平野,new,25,28,0.8928571428571429,3024,3715,watersystem_x_unit_basin_x_landform,0.008267195767195767,0.007537012113055182,7.301836541405851e-4,1.0968797241118668,eligible,FALSE
Pa->Jo,1,B_140013_19_LF_CLASS::台地・段丘,境川 / basin 19 / 台地・段丘,new,1,1,1,3024,3715,watersystem_x_unit_basin_x_landform,3.3068783068783067e-4,2.6917900403768504e-4,6.150882665014563e-5,1.228505291005291,low_n_descriptive_only,FALSE
Pa->Jo,1,B_140013_19_LF_CLASS::山地斜面等,境川 / basin 19 / 山地斜面等,continue,3,14,0.21428571428571427,631,3715,watersystem_x_unit_basin_x_landform,0.004754358161648178,0.003768506056527591,9.858521051205869e-4,1.2616028978944986,low_n_descriptive_only,FALSE
Pa->Jo,1,B_140013_19_LF_CLASS::山地斜面等,境川 / basin 19 / 山地斜面等,new,11,14,0.7857142857142857,3024,3715,watersystem_x_unit_basin_x_landform,0.0036375661375661374,0.003768506056527591,-1.3093991896145343e-4,0.9652541572184429,low_n_descriptive_only,FALSE
Pa->Jo,1,B_140013_19_LF_CLASS::氾濫平野・海岸平野,境川 / basin 19 / 氾濫平野・海岸平野,new,2,2,1,3024,3715,watersystem_x_unit_basin_x_landform,6.613756613756613e-4,5.383580080753701e-4,1.2301765330029126e-4,1.228505291005291,low_n_descriptive_only,FALSE
Pa->Jo,1,B_830303_390_LF_CLASS::氾濫平野・海岸平野,利根川 / basin 390 / 氾濫平野・海岸平野,new,1,1,1,3024,3715,watersystem_x_unit_basin_x_landform,3.3068783068783067e-4,2.6917900403768504e-4,6.150882665014563e-5,1.228505291005291,low_n_descriptive_only,FALSE
Pa->Jo,1,B_830303_478_LF_CLASS::氾濫平野・海岸平野,利根川 / basin 478 / 氾濫平野・海岸平野,new,1,1,1,3024,3715,watersystem_x_unit_basin_x_landform,3.3068783068783067e-4,2.6917900403768504e-4,6.150882665014563e-5,1.228505291005291,low_n_descriptive_only,FALSE
Pa->Jo,1,B_830303_517_LF_CLASS::氾濫平野・海岸平野,利根川 / basin 517 / 氾濫平野・海岸平野,new,1,1,1,3024,3715,watersystem_x_unit_basin_x_landform,3.3068783068783067e-4,2.6917900403768504e-4,6.150882665014563e-5,1.228505291005291,low_n_descriptive_only,FALSE
Pa->Jo,1,B_830304_120_LF_CLASS::台地・段丘,荒川 / basin 120 / 台地・段丘,continue,5,18,0.2777777777777778,631,3715,watersystem_x_unit_basin_x_landform,0.00792393026941363,0.004845222072678331,0.0030787081967352985,1.635411163937313,low_n_descriptive_only,FALSE
Pa->Jo,1,B_830304_120_LF_CLASS::台地・段丘,荒川 / basin 120 / 台地・段丘,new,13,18,0.7222222222222222,3024,3715,watersystem_x_unit_basin_x_landform,0.004298941798941799,0.004845222072678331,-5.462802737365323e-4,0.887253821281599,low_n_descriptive_only,FALSE
Pa->Jo,1,B_830304_120_LF_CLASS::山地斜面等,荒川 / basin 120 / 山地斜面等,continue,1,16,0.0625,631,3715,watersystem_x_unit_basin_x_landform,0.001584786053882726,0.004306864064602961,-0.0027220780107202348,0.36796751188589544,low_n_descriptive_only,FALSE
Pa->Jo,1,B_830304_120_LF_CLASS::山地斜面等,荒川 / basin 120 / 山地斜面等,new,15,16,0.9375,3024,3715,watersystem_x_unit_basin_x_landform,0.00496031746031746,0.004306864064602961,6.534533957144994e-4,1.1517237103174602,low_n_descriptive_only,FALSE
Pa->Jo,1,B_830304_120_LF_CLASS::氾濫平野・海岸平野,荒川 / basin 120 / 氾濫平野・海岸平野,new,8,8,1,3024,3715,watersystem_x_unit_basin_x_landform,0.0026455026455026454,0.0021534320323014803,4.92070613201165e-4,1.228505291005291,low_n_descriptive_only,FALSE
Pa->Jo,1,B_830304_139_LF_CLASS::台地・段丘,荒川 / basin 139 / 台地・段丘,new,6,6,1,3024,3715,watersystem_x_unit_basin_x_landform,0.001984126984126984,0.0016150740242261105,3.6905295990087355e-4,1.228505291005291,low_n_descriptive_only,FALSE
Pa->Jo,1,B_830304_139_LF_CLASS::山地斜面等,荒川 / basin 139 / 山地斜面等,new,3,3,1,3024,3715,watersystem_x_unit_basin_x_landform,9.92063492063492e-4,8.075370121130552e-4,1.8452647995043678e-4,1.228505291005291,low_n_descriptive_only,FALSE
Pa->Jo,1,B_830304_139_LF_CLASS::氾濫平野・海岸平野,荒川 / basin 139 / 氾濫平野・海岸平野,new,2,2,1,3024,3715,watersystem_x_unit_basin_x_landform,6.613756613756613e-4,5.383580080753701e-4,1.2301765330029126e-4,1.228505291005291,low_n_descriptive_only,FALSE
Pa->Jo,1,B_830304_14_LF_CLASS::氾濫平野・海岸平野,荒川 / basin 14 / 氾濫平野・海岸平野,new,1,1,1,3024,3715,watersystem_x_unit_basin_x_landform,3.3068783068783067e-4,2.6917900403768504e-4,6.150882665014563e-5,1.228505291005291,low_n_descriptive_only,FALSE
Pa->Jo,1,B_830304_158_LF_CLASS::台地・段丘,荒川 / basin 158 / 台地・段丘,new,2,2,1,3024,3715,watersystem_x_unit_basin_x_landform,6.613756613756613e-4,5.383580080753701e-4,1.2301765330029126e-4,1.228505291005291,low_n_descriptive_only,FALSE
Pa->Jo,1,B_830304_15_LF_CLASS::台地・段丘,荒川 / basin 15 / 台地・段丘,continue,1,2,0.5,631,3715,watersystem_x_unit_basin_x_landform,0.001584786053882726,5.383580080753701e-4,0.0010464280458073558,2.9437400950871635,low_n_descriptive_only,FALSE
Pa->Jo,1,B_830304_15_LF_CLASS::台地・段丘,荒川 / basin 15 / 台地・段丘,new,1,2,0.5,3024,3715,watersystem_x_unit_basin_x_landform,3.3068783068783067e-4,5.383580080753701e-4,-2.076701773875394e-4,0.6142526455026455,low_n_descriptive_only,FALSE
Pa->Jo,1,B_830304_15_LF_CLASS::砂州・砂丘,荒川 / basin 15 / 砂州・砂丘,new,2,2,1,3024,3715,watersystem_x_unit_basin_x_landform,6.613756613756613e-4,5.383580080753701e-4,1.2301765330029126e-4,1.228505291005291,low_n_descriptive_only,FALSE
Pa->Jo,1,B_830304_15_LF_CLASS::自然堤防,荒川 / basin 15 / 自然堤防,new,1,1,1,3024,3715,watersystem_x_unit_basin_x_landform,3.3068783068783067e-4,2.6917900403768504e-4,6.150882665014563e-5,1.228505291005291,low_n_descriptive_only,FALSE
Pa->Jo,1,B_830304_161_LF_CLASS::台地・段丘,荒川 / basin 161 / 台地・段丘,continue,1,3,0.3333333333333333,631,3715,watersystem_x_unit_basin_x_landform,0.001584786053882726,8.075370121130552e-4,7.772490417696707e-4,1.9624933967247755,low_n_descriptive_only,FALSE
Pa->Jo,1,B_830304_161_LF_CLASS::台地・段丘,荒川 / basin 161 / 台地・段丘,new,2,3,0.6666666666666666,3024,3715,watersystem_x_unit_basin_x_landform,6.613756613756613e-4,8.075370121130552e-4,-1.461613507373939e-4,0.8190035273368605,low_n_descriptive_only,FALSE
Pa->Jo,1,B_830304_16_LF_CLASS::凹地・浅い谷,荒川 / basin 16 / 凹地・浅い谷,new,1,1,1,3024,3715,watersystem_x_unit_basin_x_landform,3.3068783068783067e-4,2.6917900403768504e-4,6.150882665014563e-5,1.228505291005291,low_n_descriptive_only,FALSE
Pa->Jo,1,B_830304_16_LF_CLASS::台地・段丘,荒川 / basin 16 / 台地・段丘,continue,1,4,0.25,631,3715,watersystem_x_unit_basin_x_landform,0.001584786053882726,0.0010767160161507402,5.080700377319857e-4,1.4718700475435817,low_n_descriptive_only,FALSE
Pa->Jo,1,B_830304_16_LF_CLASS::台地・段丘,荒川 / basin 16 / 台地・段丘,new,3,4,0.75,3024,3715,watersystem_x_unit_basin_x_landform,9.92063492063492e-4,0.0010767160161507402,-8.465252408724816e-5,0.9213789682539683,low_n_descriptive_only,FALSE
Pa->Jo,1,B_830304_16_LF_CLASS::氾濫平野・海岸平野,荒川 / basin 16 / 氾濫平野・海岸平野,new,1,1,1,3024,3715,watersystem_x_unit_basin_x_landform,3.3068783068783067e-4,2.6917900403768504e-4,6.150882665014563e-5,1.228505291005291,low_n_descriptive_only,FALSE
Pa->Jo,1,B_830304_194_LF_CLASS::台地・段丘,荒川 / basin 194 / 台地・段丘,new,1,1,1,3024,3715,watersystem_x_unit_basin_x_landform,3.3068783068783067e-4,2.6917900403768504e-4,6.150882665014563e-5,1.228505291005291,low_n_descriptive_only,FALSE
Pa->Jo,1,B_830304_194_LF_CLASS::山地斜面等,荒川 / basin 194 / 山地斜面等,new,1,1,1,3024,3715,watersystem_x_unit_basin_x_landform,3.3068783068783067e-4,2.6917900403768504e-4,6.150882665014563e-5,1.228505291005291,low_n_descriptive_only,FALSE
Pa->Jo,1,B_830304_25_LF_CLASS::台地・段丘,荒川 / basin 25 / 台地・段丘,continue,1,6,0.16666666666666666,631,3715,watersystem_x_unit_basin_x_landform,0.001584786053882726,0.0016150740242261105,-3.028797034338457e-5,0.9812466983623878,low_n_descriptive_only,FALSE
Pa->Jo,1,B_830304_25_LF_CLASS::台地・段丘,荒川 / basin 25 / 台地・段丘,new,5,6,0.8333333333333334,3024,3715,watersystem_x_unit_basin_x_landform,0.0016534391534391533,0.0016150740242261105,3.836512921304288e-5,1.0237544091710757,low_n_descriptive_only,FALSE
Pa->Jo,1,B_830304_25_LF_CLASS::崖・段丘崖,荒川 / basin 25 / 崖・段丘崖,new,1,1,1,3024,3715,watersystem_x_unit_basin_x_landform,3.3068783068783067e-4,2.6917900403768504e-4,6.150882665014563e-5,1.228505291005291,low_n_descriptive_only,FALSE
Pa->Jo,1,B_830304_25_LF_CLASS::氾濫平野・海岸平野,荒川 / basin 25 / 氾濫平野・海岸平野,new,1,1,1,3024,3715,watersystem_x_unit_basin_x_landform,3.3068783068783067e-4,2.6917900403768504e-4,6.150882665014563e-5,1.228505291005291,low_n_descriptive_only,FALSE
Pa->Jo,1,B_830304_25_LF_CLASS::砂州・砂丘,荒川 / basin 25 / 砂州・砂丘,new,3,3,1,3024,3715,watersystem_x_unit_basin_x_landform,9.92063492063492e-4,8.075370121130552e-4,1.8452647995043678e-4,1.228505291005291,low_n_descriptive_only,FALSE
Pa->Jo,1,B_830304_26_LF_CLASS::台地・段丘,荒川 / basin 26 / 台地・段丘,continue,8,20,0.4,631,3715,watersystem_x_unit_basin_x_landform,0.012678288431061807,0.005383580080753701,0.007294708350308106,2.3549920760697307,eligible,FALSE
Pa->Jo,1,B_830304_26_LF_CLASS::台地・段丘,荒川 / basin 26 / 台地・段丘,new,12,20,0.6,3024,3715,watersystem_x_unit_basin_x_landform,0.003968253968253968,0.005383580080753701,-0.0014153261124997332,0.7371031746031745,eligible,FALSE
Pa->Jo,1,B_830304_26_LF_CLASS::山地斜面等,荒川 / basin 26 / 山地斜面等,continue,1,5,0.2,631,3715,watersystem_x_unit_basin_x_landform,0.001584786053882726,0.0013458950201884253,2.3889103369430058e-4,1.1774960380348654,low_n_descriptive_only,FALSE
Pa->Jo,1,B_830304_26_LF_CLASS::山地斜面等,荒川 / basin 26 / 山地斜面等,drop,1,5,0.2,60,3715,watersystem_x_unit_basin_x_landform,0.016666666666666666,0.0013458950201884253,0.015320771646478241,12.383333333333333,low_n_descriptive_only,FALSE
Pa->Jo,1,B_830304_26_LF_CLASS::山地斜面等,荒川 / basin 26 / 山地斜面等,new,3,5,0.6,3024,3715,watersystem_x_unit_basin_x_landform,9.92063492063492e-4,0.0013458950201884253,-3.538315281249333e-4,0.7371031746031745,low_n_descriptive_only,FALSE
Pa->Jo,1,B_830304_26_LF_CLASS::崖・段丘崖,荒川 / basin 26 / 崖・段丘崖,new,1,1,1,3024,3715,watersystem_x_unit_basin_x_landform,3.3068783068783067e-4,2.6917900403768504e-4,6.150882665014563e-5,1.228505291005291,low_n_descriptive_only,FALSE
Pa->Jo,1,B_830304_26_LF_CLASS::氾濫平野・海岸平野,荒川 / basin 26 / 氾濫平野・海岸平野,continue,1,2,0.5,631,3715,watersystem_x_unit_basin_x_landform,0.001584786053882726,5.383580080753701e-4,0.0010464280458073558,2.9437400950871635,low_n_descriptive_only,FALSE
Pa->Jo,1,B_830304_26_LF_CLASS::氾濫平野・海岸平野,荒川 / basin 26 / 氾濫平野・海岸平野,new,1,2,0.5,3024,3715,watersystem_x_unit_basin_x_landform,3.3068783068783067e-4,5.383580080753701e-4,-2.076701773875394e-4,0.6142526455026455,low_n_descriptive_only,FALSE
Pa->Jo,1,B_830304_27_LF_CLASS::台地・段丘,荒川 / basin 27 / 台地・段丘,continue,4,9,0.4444444444444444,631,3715,watersystem_x_unit_basin_x_landform,0.006339144215530904,0.0024226110363391655,0.003916533179191738,2.616657862299701,low_n_descriptive_only,FALSE
Pa->Jo,1,B_830304_27_LF_CLASS::台地・段丘,荒川 / basin 27 / 台地・段丘,new,5,9,0.5555555555555556,3024,3715,watersystem_x_unit_basin_x_landform,0.0016534391534391533,0.0024226110363391655,-7.691718829000121e-4,0.6825029394473838,low_n_descriptive_only,FALSE
Pa->Jo,1,B_830304_27_LF_CLASS::氾濫平野・海岸平野,荒川 / basin 27 / 氾濫平野・海岸平野,new,1,1,1,3024,3715,watersystem_x_unit_basin_x_landform,3.3068783068783067e-4,2.6917900403768504e-4,6.150882665014563e-5,1.228505291005291,low_n_descriptive_only,FALSE
Pa->Jo,1,B_830304_27_LF_CLASS::砂州・砂丘,荒川 / basin 27 / 砂州・砂丘,new,2,2,1,3024,3715,watersystem_x_unit_basin_x_landform,6.613756613756613e-4,5.383580080753701e-4,1.2301765330029126e-4,1.228505291005291,low_n_descriptive_only,FALSE
Pa->Jo,1,B_830304_36_LF_CLASS::氾濫平野・海岸平野,荒川 / basin 36 / 氾濫平野・海岸平野,new,1,1,1,3024,3715,watersystem_x_unit_basin_x_landform,3.3068783068783067e-4,2.6917900403768504e-4,6.150882665014563e-5,1.228505291005291,low_n_descriptive_only,FALSE
Pa->Jo,1,B_830304_37_LF_CLASS::台地・段丘,荒川 / basin 37 / 台地・段丘,continue,3,14,0.21428571428571427,631,3715,watersystem_x_unit_basin_x_landform,0.004754358161648178,0.003768506056527591,9.858521051205869e-4,1.2616028978944986,low_n_descriptive_only,FALSE
Pa->Jo,1,B_830304_37_LF_CLASS::台地・段丘,荒川 / basin 37 / 台地・段丘,new,11,14,0.7857142857142857,3024,3715,watersystem_x_unit_basin_x_landform,0.0036375661375661374,0.003768506056527591,-1.3093991896145343e-4,0.9652541572184429,low_n_descriptive_only,FALSE
Pa->Jo,1,B_830304_37_LF_CLASS::山地斜面等,荒川 / basin 37 / 山地斜面等,new,2,2,1,3024,3715,watersystem_x_unit_basin_x_landform,6.613756613756613e-4,5.383580080753701e-4,1.2301765330029126e-4,1.228505291005291,low_n_descriptive_only,FALSE
Pa->Jo,1,B_830304_37_LF_CLASS::水部,荒川 / basin 37 / 水部,new,1,1,1,3024,3715,watersystem_x_unit_basin_x_landform,3.3068783068783067e-4,2.6917900403768504e-4,6.150882665014563e-5,1.228505291005291,low_n_descriptive_only,FALSE
Pa->Jo,1,B_830304_37_LF_CLASS::氾濫平野・海岸平野,荒川 / basin 37 / 氾濫平野・海岸平野,new,4,4,1,3024,3715,watersystem_x_unit_basin_x_landform,0.0013227513227513227,0.0010767160161507402,2.460353066005825e-4,1.228505291005291,low_n_descriptive_only,FALSE
Pa->Jo,1,B_830304_37_LF_CLASS::砂州・砂丘,荒川 / basin 37 / 砂州・砂丘,new,1,1,1,3024,3715,watersystem_x_unit_basin_x_landform,3.3068783068783067e-4,2.6917900403768504e-4,6.150882665014563e-5,1.228505291005291,low_n_descriptive_only,FALSE
Pa->Jo,1,B_830304_38_LF_CLASS::台地・段丘,荒川 / basin 38 / 台地・段丘,continue,1,9,0.1111111111111111,631,3715,watersystem_x_unit_basin_x_landform,0.001584786053882726,0.0024226110363391655,-8.378249824564396e-4,0.6541644655749252,low_n_descriptive_only,FALSE
Pa->Jo,1,B_830304_38_LF_CLASS::台地・段丘,荒川 / basin 38 / 台地・段丘,new,8,9,0.8888888888888888,3024,3715,watersystem_x_unit_basin_x_landform,0.0026455026455026454,0.0024226110363391655,2.2289160916347988e-4,1.0920047031158142,low_n_descriptive_only,FALSE
Pa->Jo,1,B_830304_38_LF_CLASS::山地斜面等,荒川 / basin 38 / 山地斜面等,new,1,1,1,3024,3715,watersystem_x_unit_basin_x_landform,3.3068783068783067e-4,2.6917900403768504e-4,6.150882665014563e-5,1.228505291005291,low_n_descriptive_only,FALSE
Pa->Jo,1,B_830304_38_LF_CLASS::崖・段丘崖,荒川 / basin 38 / 崖・段丘崖,new,1,1,1,3024,3715,watersystem_x_unit_basin_x_landform,3.3068783068783067e-4,2.6917900403768504e-4,6.150882665014563e-5,1.228505291005291,low_n_descriptive_only,FALSE
Pa->Jo,1,B_830304_38_LF_CLASS::後背低地・湿地,荒川 / basin 38 / 後背低地・湿地,new,1,1,1,3024,3715,watersystem_x_unit_basin_x_landform,3.3068783068783067e-4,2.6917900403768504e-4,6.150882665014563e-5,1.228505291005291,low_n_descriptive_only,FALSE
Pa->Jo,1,B_830304_38_LF_CLASS::氾濫平野・海岸平野,荒川 / basin 38 / 氾濫平野・海岸平野,new,1,1,1,3024,3715,watersystem_x_unit_basin_x_landform,3.3068783068783067e-4,2.6917900403768504e-4,6.150882665014563e-5,1.228505291005291,low_n_descriptive_only,FALSE
Pa->Jo,1,B_830304_38_LF_CLASS::砂州・砂丘,荒川 / basin 38 / 砂州・砂丘,new,1,1,1,3024,3715,watersystem_x_unit_basin_x_landform,3.3068783068783067e-4,2.6917900403768504e-4,6.150882665014563e-5,1.228505291005291,low_n_descriptive_only,FALSE
Pa->Jo,1,B_830304_39_LF_CLASS::台地・段丘,荒川 / basin 39 / 台地・段丘,continue,3,10,0.3,631,3715,watersystem_x_unit_basin_x_landform,0.004754358161648178,0.0026917900403768506,0.002062568121271327,1.766244057052298,low_n_descriptive_only,FALSE
Pa->Jo,1,B_830304_39_LF_CLASS::台地・段丘,荒川 / basin 39 / 台地・段丘,new,7,10,0.7,3024,3715,watersystem_x_unit_basin_x_landform,0.0023148148148148147,0.0026917900403768506,-3.7697522556203594e-4,0.8599537037037036,low_n_descriptive_only,FALSE
Pa->Jo,1,B_830304_39_LF_CLASS::山地斜面等,荒川 / basin 39 / 山地斜面等,continue,1,3,0.3333333333333333,631,3715,watersystem_x_unit_basin_x_landform,0.001584786053882726,8.075370121130552e-4,7.772490417696707e-4,1.9624933967247755,low_n_descriptive_only,FALSE
Pa->Jo,1,B_830304_39_LF_CLASS::山地斜面等,荒川 / basin 39 / 山地斜面等,new,2,3,0.6666666666666666,3024,3715,watersystem_x_unit_basin_x_landform,6.613756613756613e-4,8.075370121130552e-4,-1.461613507373939e-4,0.8190035273368605,low_n_descriptive_only,FALSE
Pa->Jo,1,B_830304_39_LF_CLASS::崖・段丘崖,荒川 / basin 39 / 崖・段丘崖,continue,1,2,0.5,631,3715,watersystem_x_unit_basin_x_landform,0.001584786053882726,5.383580080753701e-4,0.0010464280458073558,2.9437400950871635,low_n_descriptive_only,FALSE
Pa->Jo,1,B_830304_39_LF_CLASS::崖・段丘崖,荒川 / basin 39 / 崖・段丘崖,new,1,2,0.5,3024,3715,watersystem_x_unit_basin_x_landform,3.3068783068783067e-4,5.383580080753701e-4,-2.076701773875394e-4,0.6142526455026455,low_n_descriptive_only,FALSE
Pa->Jo,1,B_830304_39_LF_CLASS::水部,荒川 / basin 39 / 水部,continue,1,1,1,631,3715,watersystem_x_unit_basin_x_landform,0.001584786053882726,2.6917900403768504e-4,0.0013156070498450407,5.887480190174327,low_n_descriptive_only,FALSE
Pa->Jo,1,B_830304_39_LF_CLASS::氾濫平野・海岸平野,荒川 / basin 39 / 氾濫平野・海岸平野,new,1,1,1,3024,3715,watersystem_x_unit_basin_x_landform,3.3068783068783067e-4,2.6917900403768504e-4,6.150882665014563e-5,1.228505291005291,low_n_descriptive_only,FALSE
Pa->Jo,1,B_830304_40_LF_CLASS::凹地・浅い谷,荒川 / basin 40 / 凹地・浅い谷,continue,1,2,0.5,631,3715,watersystem_x_unit_basin_x_landform,0.001584786053882726,5.383580080753701e-4,0.0010464280458073558,2.9437400950871635,low_n_descriptive_only,FALSE
Pa->Jo,1,B_830304_40_LF_CLASS::凹地・浅い谷,荒川 / basin 40 / 凹地・浅い谷,new,1,2,0.5,3024,3715,watersystem_x_unit_basin_x_landform,3.3068783068783067e-4,5.383580080753701e-4,-2.076701773875394e-4,0.6142526455026455,low_n_descriptive_only,FALSE
Pa->Jo,1,B_830304_40_LF_CLASS::台地・段丘,荒川 / basin 40 / 台地・段丘,continue,1,12,0.08333333333333333,631,3715,watersystem_x_unit_basin_x_landform,0.001584786053882726,0.003230148048452221,-0.001645361994569495,0.4906233491811939,low_n_descriptive_only,FALSE
Pa->Jo,1,B_830304_40_LF_CLASS::台地・段丘,荒川 / basin 40 / 台地・段丘,new,11,12,0.9166666666666666,3024,3715,watersystem_x_unit_basin_x_landform,0.0036375661375661374,0.003230148048452221,4.0741808911391644e-4,1.1261298500881833,low_n_descriptive_only,FALSE
Pa->Jo,1,B_830304_40_LF_CLASS::山地斜面等,荒川 / basin 40 / 山地斜面等,continue,1,5,0.2,631,3715,watersystem_x_unit_basin_x_landform,0.001584786053882726,0.0013458950201884253,2.3889103369430058e-4,1.1774960380348654,low_n_descriptive_only,FALSE
Pa->Jo,1,B_830304_40_LF_CLASS::山地斜面等,荒川 / basin 40 / 山地斜面等,new,4,5,0.8,3024,3715,watersystem_x_unit_basin_x_landform,0.0013227513227513227,0.0013458950201884253,-2.3143697437102637e-5,0.9828042328042328,low_n_descriptive_only,FALSE
Pa->Jo,1,B_830304_40_LF_CLASS::氾濫平野・海岸平野,荒川 / basin 40 / 氾濫平野・海岸平野,continue,1,4,0.25,631,3715,watersystem_x_unit_basin_x_landform,0.001584786053882726,0.0010767160161507402,5.080700377319857e-4,1.4718700475435817,low_n_descriptive_only,FALSE
Pa->Jo,1,B_830304_40_LF_CLASS::氾濫平野・海岸平野,荒川 / basin 40 / 氾濫平野・海岸平野,new,3,4,0.75,3024,3715,watersystem_x_unit_basin_x_landform,9.92063492063492e-4,0.0010767160161507402,-8.465252408724816e-5,0.9213789682539683,low_n_descriptive_only,FALSE
Pa->Jo,1,B_830304_42_LF_CLASS::台地・段丘,荒川 / basin 42 / 台地・段丘,continue,4,16,0.25,631,3715,watersystem_x_unit_basin_x_landform,0.006339144215530904,0.004306864064602961,0.002032280150927943,1.4718700475435817,low_n_descriptive_only,FALSE
Pa->Jo,1,B_830304_42_LF_CLASS::台地・段丘,荒川 / basin 42 / 台地・段丘,new,12,16,0.75,3024,3715,watersystem_x_unit_basin_x_landform,0.003968253968253968,0.004306864064602961,-3.386100963489926e-4,0.9213789682539683,low_n_descriptive_only,FALSE
Pa->Jo,1,B_830304_42_LF_CLASS::氾濫平野・海岸平野,荒川 / basin 42 / 氾濫平野・海岸平野,new,3,3,1,3024,3715,watersystem_x_unit_basin_x_landform,9.92063492063492e-4,8.075370121130552e-4,1.8452647995043678e-4,1.228505291005291,low_n_descriptive_only,FALSE
Pa->Jo,1,B_830304_44_LF_CLASS::氾濫平野・海岸平野,荒川 / basin 44 / 氾濫平野・海岸平野,new,1,1,1,3024,3715,watersystem_x_unit_basin_x_landform,3.3068783068783067e-4,2.6917900403768504e-4,6.150882665014563e-5,1.228505291005291,low_n_descriptive_only,FALSE
Pa->Jo,1,B_830304_47_LF_CLASS::凹地・浅い谷,荒川 / basin 47 / 凹地・浅い谷,continue,3,3,1,631,3715,watersystem_x_unit_basin_x_landform,0.004754358161648178,8.075370121130552e-4,0.003946821149535123,5.887480190174326,low_n_descriptive_only,FALSE
Pa->Jo,1,B_830304_47_LF_CLASS::台地・段丘,荒川 / basin 47 / 台地・段丘,continue,23,38,0.6052631578947368,631,3715,watersystem_x_unit_basin_x_landform,0.03645007923930269,0.010228802153432033,0.02622127708587066,3.563474851947618,eligible,FALSE
Pa->Jo,1,B_830304_47_LF_CLASS::台地・段丘,荒川 / basin 47 / 台地・段丘,drop,2,38,0.05263157894736842,60,3715,watersystem_x_unit_basin_x_landform,0.03333333333333333,0.010228802153432033,0.0231045311799013,3.258771929824561,eligible,FALSE
Pa->Jo,1,B_830304_47_LF_CLASS::台地・段丘,荒川 / basin 47 / 台地・段丘,new,13,38,0.34210526315789475,3024,3715,watersystem_x_unit_basin_x_landform,0.004298941798941799,0.010228802153432033,-0.005929860354490234,0.42027812587023106,eligible,FALSE
Pa->Jo,1,B_830304_47_LF_CLASS::山地斜面等,荒川 / basin 47 / 山地斜面等,continue,8,17,0.47058823529411764,631,3715,watersystem_x_unit_basin_x_landform,0.012678288431061807,0.004576043068640646,0.00810224536242116,2.7705789130232126,low_n_descriptive_only,FALSE
Pa->Jo,1,B_830304_47_LF_CLASS::山地斜面等,荒川 / basin 47 / 山地斜面等,drop,1,17,0.058823529411764705,60,3715,watersystem_x_unit_basin_x_landform,0.016666666666666666,0.004576043068640646,0.01209062359802602,3.642156862745098,low_n_descriptive_only,FALSE
Pa->Jo,1,B_830304_47_LF_CLASS::山地斜面等,荒川 / basin 47 / 山地斜面等,new,8,17,0.47058823529411764,3024,3715,watersystem_x_unit_basin_x_landform,0.0026455026455026454,0.004576043068640646,-0.0019305404231380009,0.5781201369436663,low_n_descriptive_only,FALSE
Pa->Jo,1,B_830304_47_LF_CLASS::氾濫平野・海岸平野,荒川 / basin 47 / 氾濫平野・海岸平野,continue,1,3,0.3333333333333333,631,3715,watersystem_x_unit_basin_x_landform,0.001584786053882726,8.075370121130552e-4,7.772490417696707e-4,1.9624933967247755,low_n_descriptive_only,FALSE
Pa->Jo,1,B_830304_47_LF_CLASS::氾濫平野・海岸平野,荒川 / basin 47 / 氾濫平野・海岸平野,new,2,3,0.6666666666666666,3024,3715,watersystem_x_unit_basin_x_landform,6.613756613756613e-4,8.075370121130552e-4,-1.461613507373939e-4,0.8190035273368605,low_n_descriptive_only,FALSE
Pa->Jo,1,B_830304_51_LF_CLASS::台地・段丘,荒川 / basin 51 / 台地・段丘,continue,1,4,0.25,631,3715,watersystem_x_unit_basin_x_landform,0.001584786053882726,0.0010767160161507402,5.080700377319857e-4,1.4718700475435817,low_n_descriptive_only,FALSE
Pa->Jo,1,B_830304_51_LF_CLASS::台地・段丘,荒川 / basin 51 / 台地・段丘,new,3,4,0.75,3024,3715,watersystem_x_unit_basin_x_landform,9.92063492063492e-4,0.0010767160161507402,-8.465252408724816e-5,0.9213789682539683,low_n_descriptive_only,FALSE
Pa->Jo,1,B_830304_51_LF_CLASS::山地斜面等,荒川 / basin 51 / 山地斜面等,continue,1,3,0.3333333333333333,631,3715,watersystem_x_unit_basin_x_landform,0.001584786053882726,8.075370121130552e-4,7.772490417696707e-4,1.9624933967247755,low_n_descriptive_only,FALSE
Pa->Jo,1,B_830304_51_LF_CLASS::山地斜面等,荒川 / basin 51 / 山地斜面等,new,2,3,0.6666666666666666,3024,3715,watersystem_x_unit_basin_x_landform,6.613756613756613e-4,8.075370121130552e-4,-1.461613507373939e-4,0.8190035273368605,low_n_descriptive_only,FALSE
Pa->Jo,1,B_830304_52_LF_CLASS::台地・段丘,荒川 / basin 52 / 台地・段丘,continue,15,46,0.32608695652173914,631,3715,watersystem_x_unit_basin_x_landform,0.02377179080824089,0.012382234185733513,0.011389556622507376,1.919830496795976,eligible,FALSE
Pa->Jo,1,B_830304_52_LF_CLASS::台地・段丘,荒川 / basin 52 / 台地・段丘,drop,4,46,0.08695652173913043,60,3715,watersystem_x_unit_basin_x_landform,0.06666666666666667,0.012382234185733513,0.054284432480933155,5.384057971014493,eligible,FALSE
Pa->Jo,1,B_830304_52_LF_CLASS::台地・段丘,荒川 / basin 52 / 台地・段丘,new,27,46,0.5869565217391305,3024,3715,watersystem_x_unit_basin_x_landform,0.008928571428571428,0.012382234185733513,-0.0034536627571620845,0.7210791925465838,eligible,FALSE
Pa->Jo,1,B_830304_52_LF_CLASS::山地斜面等,荒川 / basin 52 / 山地斜面等,continue,4,14,0.2857142857142857,631,3715,watersystem_x_unit_basin_x_landform,0.006339144215530904,0.003768506056527591,0.0025706381590033128,1.6821371971926649,low_n_descriptive_only,FALSE
Pa->Jo,1,B_830304_52_LF_CLASS::山地斜面等,荒川 / basin 52 / 山地斜面等,new,10,14,0.7142857142857143,3024,3715,watersystem_x_unit_basin_x_landform,0.0033068783068783067,0.003768506056527591,-4.616277496492841e-4,0.8775037792894935,low_n_descriptive_only,FALSE
Pa->Jo,1,B_830304_52_LF_CLASS::後背低地・湿地,荒川 / basin 52 / 後背低地・湿地,new,1,1,1,3024,3715,watersystem_x_unit_basin_x_landform,3.3068783068783067e-4,2.6917900403768504e-4,6.150882665014563e-5,1.228505291005291,low_n_descriptive_only,FALSE
Pa->Jo,1,B_830304_52_LF_CLASS::水部,荒川 / basin 52 / 水部,new,1,1,1,3024,3715,watersystem_x_unit_basin_x_landform,3.3068783068783067e-4,2.6917900403768504e-4,6.150882665014563e-5,1.228505291005291,low_n_descriptive_only,FALSE
Pa->Jo,1,B_830304_52_LF_CLASS::氾濫平野・海岸平野,荒川 / basin 52 / 氾濫平野・海岸平野,new,6,6,1,3024,3715,watersystem_x_unit_basin_x_landform,0.001984126984126984,0.0016150740242261105,3.6905295990087355e-4,1.228505291005291,low_n_descriptive_only,FALSE
Pa->Jo,1,B_830304_53_LF_CLASS::台地・段丘,荒川 / basin 53 / 台地・段丘,continue,3,3,1,631,3715,watersystem_x_unit_basin_x_landform,0.004754358161648178,8.075370121130552e-4,0.003946821149535123,5.887480190174326,low_n_descriptive_only,FALSE
Pa->Jo,1,B_830304_53_LF_CLASS::山地斜面等,荒川 / basin 53 / 山地斜面等,continue,2,3,0.6666666666666666,631,3715,watersystem_x_unit_basin_x_landform,0.003169572107765452,8.075370121130552e-4,0.0023620350956523968,3.924986793449551,low_n_descriptive_only,FALSE
Pa->Jo,1,B_830304_53_LF_CLASS::山地斜面等,荒川 / basin 53 / 山地斜面等,drop,1,3,0.3333333333333333,60,3715,watersystem_x_unit_basin_x_landform,0.016666666666666666,8.075370121130552e-4,0.015859129654553612,20.638888888888886,low_n_descriptive_only,FALSE
Pa->Jo,1,B_830304_54_LF_CLASS::凹地・浅い谷,荒川 / basin 54 / 凹地・浅い谷,new,4,4,1,3024,3715,watersystem_x_unit_basin_x_landform,0.0013227513227513227,0.0010767160161507402,2.460353066005825e-4,1.228505291005291,low_n_descriptive_only,FALSE
Pa->Jo,1,B_830304_54_LF_CLASS::台地・段丘,荒川 / basin 54 / 台地・段丘,continue,5,24,0.20833333333333334,631,3715,watersystem_x_unit_basin_x_landform,0.00792393026941363,0.006460296096904442,0.0014636341725091876,1.2265583729529848,eligible,FALSE
Pa->Jo,1,B_830304_54_LF_CLASS::台地・段丘,荒川 / basin 54 / 台地・段丘,drop,1,24,0.041666666666666664,60,3715,watersystem_x_unit_basin_x_landform,0.016666666666666666,0.006460296096904442,0.010206370569762225,2.5798611111111107,eligible,FALSE
Pa->Jo,1,B_830304_54_LF_CLASS::台地・段丘,荒川 / basin 54 / 台地・段丘,new,18,24,0.75,3024,3715,watersystem_x_unit_basin_x_landform,0.005952380952380952,0.006460296096904442,-5.079151445234898e-4,0.9213789682539681,eligible,FALSE
Pa->Jo,1,B_830304_54_LF_CLASS::山地斜面等,荒川 / basin 54 / 山地斜面等,continue,4,23,0.17391304347826086,631,3715,watersystem_x_unit_basin_x_landform,0.006339144215530904,0.006191117092866756,1.480271226641473e-4,1.0239095982911872,eligible,FALSE
Pa->Jo,1,B_830304_54_LF_CLASS::山地斜面等,荒川 / basin 54 / 山地斜面等,drop,1,23,0.043478260869565216,60,3715,watersystem_x_unit_basin_x_landform,0.016666666666666666,0.006191117092866756,0.010475549573799911,2.6920289855072466,eligible,FALSE
Pa->Jo,1,B_830304_54_LF_CLASS::山地斜面等,荒川 / basin 54 / 山地斜面等,new,18,23,0.782608695652174,3024,3715,watersystem_x_unit_basin_x_landform,0.005952380952380952,0.006191117092866756,-2.3873614048580422e-4,0.9614389233954451,eligible,FALSE
Pa->Jo,1,B_830304_54_LF_CLASS::氾濫平野・海岸平野,荒川 / basin 54 / 氾濫平野・海岸平野,new,5,5,1,3024,3715,watersystem_x_unit_basin_x_landform,0.0016534391534391533,0.0013458950201884253,3.0754413325072803e-4,1.228505291005291,low_n_descriptive_only,FALSE
Pa->Jo,1,B_830304_55_LF_CLASS::凹地・浅い谷,荒川 / basin 55 / 凹地・浅い谷,new,1,1,1,3024,3715,watersystem_x_unit_basin_x_landform,3.3068783068783067e-4,2.6917900403768504e-4,6.150882665014563e-5,1.228505291005291,low_n_descriptive_only,FALSE
Pa->Jo,1,B_830304_55_LF_CLASS::台地・段丘,荒川 / basin 55 / 台地・段丘,continue,3,26,0.11538461538461539,631,3715,watersystem_x_unit_basin_x_landform,0.004754358161648178,0.006998654104979811,-0.0022442959433316336,0.6793246373278069,eligible,FALSE
Pa->Jo,1,B_830304_55_LF_CLASS::台地・段丘,荒川 / basin 55 / 台地・段丘,drop,1,26,0.038461538461538464,60,3715,watersystem_x_unit_basin_x_landform,0.016666666666666666,0.006998654104979811,0.009668012561686855,2.3814102564102564,eligible,FALSE
Pa->Jo,1,B_830304_55_LF_CLASS::台地・段丘,荒川 / basin 55 / 台地・段丘,new,22,26,0.8461538461538461,3024,3715,watersystem_x_unit_basin_x_landform,0.007275132275132275,0.006998654104979811,2.7647817015246344e-4,1.039504477004477,eligible,FALSE
Pa->Jo,1,B_830304_56_LF_CLASS::台地・段丘,荒川 / basin 56 / 台地・段丘,continue,3,14,0.21428571428571427,631,3715,watersystem_x_unit_basin_x_landform,0.004754358161648178,0.003768506056527591,9.858521051205869e-4,1.2616028978944986,low_n_descriptive_only,FALSE
Pa->Jo,1,B_830304_56_LF_CLASS::台地・段丘,荒川 / basin 56 / 台地・段丘,new,11,14,0.7857142857142857,3024,3715,watersystem_x_unit_basin_x_landform,0.0036375661375661374,0.003768506056527591,-1.3093991896145343e-4,0.9652541572184429,low_n_descriptive_only,FALSE
Pa->Jo,1,B_830304_56_LF_CLASS::氾濫平野・海岸平野,荒川 / basin 56 / 氾濫平野・海岸平野,new,2,2,1,3024,3715,watersystem_x_unit_basin_x_landform,6.613756613756613e-4,5.383580080753701e-4,1.2301765330029126e-4,1.228505291005291,low_n_descriptive_only,FALSE
Pa->Jo,1,B_830304_57_LF_CLASS::台地・段丘,荒川 / basin 57 / 台地・段丘,continue,5,25,0.2,631,3715,watersystem_x_unit_basin_x_landform,0.00792393026941363,0.006729475100942127,0.0011944551684715029,1.1774960380348654,eligible,FALSE
Pa->Jo,1,B_830304_57_LF_CLASS::台地・段丘,荒川 / basin 57 / 台地・段丘,drop,1,25,0.04,60,3715,watersystem_x_unit_basin_x_landform,0.016666666666666666,0.006729475100942127,0.00993719156572454,2.4766666666666666,eligible,FALSE
Pa->Jo,1,B_830304_57_LF_CLASS::台地・段丘,荒川 / basin 57 / 台地・段丘,new,19,25,0.76,3024,3715,watersystem_x_unit_basin_x_landform,0.006283068783068783,0.006729475100942127,-4.4640631787334385e-4,0.9336640211640211,eligible,FALSE
Pa->Jo,1,B_830304_57_LF_CLASS::山地斜面等,荒川 / basin 57 / 山地斜面等,continue,6,22,0.2727272727272727,631,3715,watersystem_x_unit_basin_x_landform,0.009508716323296355,0.0059219380888290716,0.003586778234467284,1.605676415502089,eligible,FALSE
Pa->Jo,1,B_830304_57_LF_CLASS::山地斜面等,荒川 / basin 57 / 山地斜面等,drop,2,22,0.09090909090909091,60,3715,watersystem_x_unit_basin_x_landform,0.03333333333333333,0.0059219380888290716,0.027411395244504262,5.628787878787879,eligible,FALSE
Pa->Jo,1,B_830304_57_LF_CLASS::山地斜面等,荒川 / basin 57 / 山地斜面等,new,14,22,0.6363636363636364,3024,3715,watersystem_x_unit_basin_x_landform,0.004629629629629629,0.0059219380888290716,-0.0012923084591994422,0.7817760942760942,eligible,FALSE
Pa->Jo,1,B_830304_57_LF_CLASS::氾濫平野・海岸平野,荒川 / basin 57 / 氾濫平野・海岸平野,continue,1,8,0.125,631,3715,watersystem_x_unit_basin_x_landform,0.001584786053882726,0.0021534320323014803,-5.686459784187544e-4,0.7359350237717909,low_n_descriptive_only,FALSE
Pa->Jo,1,B_830304_57_LF_CLASS::氾濫平野・海岸平野,荒川 / basin 57 / 氾濫平野・海岸平野,new,7,8,0.875,3024,3715,watersystem_x_unit_basin_x_landform,0.0023148148148148147,0.0021534320323014803,1.6138278251333436e-4,1.0749421296296295,low_n_descriptive_only,FALSE
Pa->Jo,1,B_830304_61_LF_CLASS::凹地・浅い谷,荒川 / basin 61 / 凹地・浅い谷,continue,1,2,0.5,631,3715,watersystem_x_unit_basin_x_landform,0.001584786053882726,5.383580080753701e-4,0.0010464280458073558,2.9437400950871635,low_n_descriptive_only,FALSE
Pa->Jo,1,B_830304_61_LF_CLASS::凹地・浅い谷,荒川 / basin 61 / 凹地・浅い谷,new,1,2,0.5,3024,3715,watersystem_x_unit_basin_x_landform,3.3068783068783067e-4,5.383580080753701e-4,-2.076701773875394e-4,0.6142526455026455,low_n_descriptive_only,FALSE
Pa->Jo,1,B_830304_61_LF_CLASS::台地・段丘,荒川 / basin 61 / 台地・段丘,continue,15,24,0.625,631,3715,watersystem_x_unit_basin_x_landform,0.02377179080824089,0.006460296096904442,0.017311494711336445,3.679675118858954,eligible,FALSE
Pa->Jo,1,B_830304_61_LF_CLASS::台地・段丘,荒川 / basin 61 / 台地・段丘,new,9,24,0.375,3024,3715,watersystem_x_unit_basin_x_landform,0.002976190476190476,0.006460296096904442,-0.003484105620713966,0.4606894841269841,eligible,FALSE
Pa->Jo,1,B_830304_61_LF_CLASS::山地斜面等,荒川 / basin 61 / 山地斜面等,continue,3,10,0.3,631,3715,watersystem_x_unit_basin_x_landform,0.004754358161648178,0.0026917900403768506,0.002062568121271327,1.766244057052298,low_n_descriptive_only,FALSE
Pa->Jo,1,B_830304_61_LF_CLASS::山地斜面等,荒川 / basin 61 / 山地斜面等,new,7,10,0.7,3024,3715,watersystem_x_unit_basin_x_landform,0.0023148148148148147,0.0026917900403768506,-3.7697522556203594e-4,0.8599537037037036,low_n_descriptive_only,FALSE
Pa->Jo,1,B_830304_61_LF_CLASS::氾濫平野・海岸平野,荒川 / basin 61 / 氾濫平野・海岸平野,new,1,1,1,3024,3715,watersystem_x_unit_basin_x_landform,3.3068783068783067e-4,2.6917900403768504e-4,6.150882665014563e-5,1.228505291005291,low_n_descriptive_only,FALSE
Pa->Jo,1,B_830304_63_LF_CLASS::台地・段丘,荒川 / basin 63 / 台地・段丘,new,2,2,1,3024,3715,watersystem_x_unit_basin_x_landform,6.613756613756613e-4,5.383580080753701e-4,1.2301765330029126e-4,1.228505291005291,low_n_descriptive_only,FALSE
Pa->Jo,1,B_830304_63_LF_CLASS::山地斜面等,荒川 / basin 63 / 山地斜面等,new,1,1,1,3024,3715,watersystem_x_unit_basin_x_landform,3.3068783068783067e-4,2.6917900403768504e-4,6.150882665014563e-5,1.228505291005291,low_n_descriptive_only,FALSE
Pa->Jo,1,B_830304_67_LF_CLASS::凹地・浅い谷,荒川 / basin 67 / 凹地・浅い谷,new,5,5,1,3024,3715,watersystem_x_unit_basin_x_landform,0.0016534391534391533,0.0013458950201884253,3.0754413325072803e-4,1.228505291005291,low_n_descriptive_only,FALSE
Pa->Jo,1,B_830304_67_LF_CLASS::台地・段丘,荒川 / basin 67 / 台地・段丘,continue,17,51,0.3333333333333333,631,3715,watersystem_x_unit_basin_x_landform,0.02694136291600634,0.013728129205921938,0.013213233710084402,1.9624933967247755,eligible,FALSE
Pa->Jo,1,B_830304_67_LF_CLASS::台地・段丘,荒川 / basin 67 / 台地・段丘,drop,5,51,0.09803921568627451,60,3715,watersystem_x_unit_basin_x_landform,0.08333333333333333,0.013728129205921938,0.06960520412741139,6.0702614379084965,eligible,FALSE
Pa->Jo,1,B_830304_67_LF_CLASS::台地・段丘,荒川 / basin 67 / 台地・段丘,new,29,51,0.5686274509803921,3024,3715,watersystem_x_unit_basin_x_landform,0.00958994708994709,0.013728129205921938,-0.0041381821159748484,0.6985618321402635,eligible,FALSE
Pa->Jo,1,B_830304_67_LF_CLASS::山地斜面等,荒川 / basin 67 / 山地斜面等,continue,5,9,0.5555555555555556,631,3715,watersystem_x_unit_basin_x_landform,0.00792393026941363,0.0024226110363391655,0.0055013192330744635,3.270822327874626,low_n_descriptive_only,FALSE
Pa->Jo,1,B_830304_67_LF_CLASS::山地斜面等,荒川 / basin 67 / 山地斜面等,new,4,9,0.4444444444444444,3024,3715,watersystem_x_unit_basin_x_landform,0.0013227513227513227,0.0024226110363391655,-0.0010998597135878428,0.5460023515579071,low_n_descriptive_only,FALSE
Pa->Jo,1,B_830304_67_LF_CLASS::氾濫平野・海岸平野,荒川 / basin 67 / 氾濫平野・海岸平野,continue,1,4,0.25,631,3715,watersystem_x_unit_basin_x_landform,0.001584786053882726,0.0010767160161507402,5.080700377319857e-4,1.4718700475435817,low_n_descriptive_only,FALSE
Pa->Jo,1,B_830304_67_LF_CLASS::氾濫平野・海岸平野,荒川 / basin 67 / 氾濫平野・海岸平野,drop,1,4,0.25,60,3715,watersystem_x_unit_basin_x_landform,0.016666666666666666,0.0010767160161507402,0.015589950650515926,15.479166666666668,low_n_descriptive_only,FALSE
Pa->Jo,1,B_830304_67_LF_CLASS::氾濫平野・海岸平野,荒川 / basin 67 / 氾濫平野・海岸平野,new,2,4,0.5,3024,3715,watersystem_x_unit_basin_x_landform,6.613756613756613e-4,0.0010767160161507402,-4.153403547750788e-4,0.6142526455026455,low_n_descriptive_only,FALSE
Pa->Jo,1,B_830304_68_LF_CLASS::凹地・浅い谷,荒川 / basin 68 / 凹地・浅い谷,drop,1,2,0.5,60,3715,watersystem_x_unit_basin_x_landform,0.016666666666666666,5.383580080753701e-4,0.016128308658591297,30.958333333333336,low_n_descriptive_only,FALSE
Pa->Jo,1,B_830304_68_LF_CLASS::凹地・浅い谷,荒川 / basin 68 / 凹地・浅い谷,new,1,2,0.5,3024,3715,watersystem_x_unit_basin_x_landform,3.3068783068783067e-4,5.383580080753701e-4,-2.076701773875394e-4,0.6142526455026455,low_n_descriptive_only,FALSE
Pa->Jo,1,B_830304_68_LF_CLASS::台地・段丘,荒川 / basin 68 / 台地・段丘,continue,4,45,0.08888888888888889,631,3715,watersystem_x_unit_basin_x_landform,0.006339144215530904,0.012113055181695828,-0.005773910966164924,0.5233315724599401,eligible,FALSE
Pa->Jo,1,B_830304_68_LF_CLASS::台地・段丘,荒川 / basin 68 / 台地・段丘,new,41,45,0.9111111111111111,3024,3715,watersystem_x_unit_basin_x_landform,0.013558201058201057,0.012113055181695828,0.0014451458765052296,1.1193048206937095,eligible,FALSE
Pa->Jo,1,B_830304_68_LF_CLASS::山地斜面等,荒川 / basin 68 / 山地斜面等,continue,3,12,0.25,631,3715,watersystem_x_unit_basin_x_landform,0.004754358161648178,0.003230148048452221,0.0015242101131959567,1.4718700475435815,low_n_descriptive_only,FALSE
Pa->Jo,1,B_830304_68_LF_CLASS::山地斜面等,荒川 / basin 68 / 山地斜面等,new,9,12,0.75,3024,3715,watersystem_x_unit_basin_x_landform,0.002976190476190476,0.003230148048452221,-2.539575722617449e-4,0.9213789682539681,low_n_descriptive_only,FALSE
Pa->Jo,1,B_830304_68_LF_CLASS::氾濫平野・海岸平野,荒川 / basin 68 / 氾濫平野・海岸平野,new,1,1,1,3024,3715,watersystem_x_unit_basin_x_landform,3.3068783068783067e-4,2.6917900403768504e-4,6.150882665014563e-5,1.228505291005291,low_n_descriptive_only,FALSE
Pa->Jo,1,B_830304_69_LF_CLASS::台地・段丘,荒川 / basin 69 / 台地・段丘,drop,1,14,0.07142857142857142,60,3715,watersystem_x_unit_basin_x_landform,0.016666666666666666,0.003768506056527591,0.012898160610139075,4.4226190476190474,low_n_descriptive_only,FALSE
Pa->Jo,1,B_830304_69_LF_CLASS::台地・段丘,荒川 / basin 69 / 台地・段丘,new,13,14,0.9285714285714286,3024,3715,watersystem_x_unit_basin_x_landform,0.004298941798941799,0.003768506056527591,5.304357424142079e-4,1.1407549130763417,low_n_descriptive_only,FALSE
Pa->Jo,1,B_830304_69_LF_CLASS::山地斜面等,荒川 / basin 69 / 山地斜面等,new,5,5,1,3024,3715,watersystem_x_unit_basin_x_landform,0.0016534391534391533,0.0013458950201884253,3.0754413325072803e-4,1.228505291005291,low_n_descriptive_only,FALSE
Pa->Jo,1,B_830304_69_LF_CLASS::氾濫平野・海岸平野,荒川 / basin 69 / 氾濫平野・海岸平野,new,2,2,1,3024,3715,watersystem_x_unit_basin_x_landform,6.613756613756613e-4,5.383580080753701e-4,1.2301765330029126e-4,1.228505291005291,low_n_descriptive_only,FALSE
Pa->Jo,1,B_830304_70_LF_CLASS::凹地・浅い谷,荒川 / basin 70 / 凹地・浅い谷,new,2,2,1,3024,3715,watersystem_x_unit_basin_x_landform,6.613756613756613e-4,5.383580080753701e-4,1.2301765330029126e-4,1.228505291005291,low_n_descriptive_only,FALSE
Pa->Jo,1,B_830304_70_LF_CLASS::台地・段丘,荒川 / basin 70 / 台地・段丘,continue,15,30,0.5,631,3715,watersystem_x_unit_basin_x_landform,0.02377179080824089,0.008075370121130552,0.015696420687110337,2.9437400950871635,eligible,FALSE
Pa->Jo,1,B_830304_70_LF_CLASS::台地・段丘,荒川 / basin 70 / 台地・段丘,new,15,30,0.5,3024,3715,watersystem_x_unit_basin_x_landform,0.00496031746031746,0.008075370121130552,-0.003115052660813092,0.6142526455026455,eligible,FALSE
Pa->Jo,1,B_830304_70_LF_CLASS::山地斜面等,荒川 / basin 70 / 山地斜面等,continue,3,14,0.21428571428571427,631,3715,watersystem_x_unit_basin_x_landform,0.004754358161648178,0.003768506056527591,9.858521051205869e-4,1.2616028978944986,low_n_descriptive_only,FALSE
Pa->Jo,1,B_830304_70_LF_CLASS::山地斜面等,荒川 / basin 70 / 山地斜面等,new,11,14,0.7857142857142857,3024,3715,watersystem_x_unit_basin_x_landform,0.0036375661375661374,0.003768506056527591,-1.3093991896145343e-4,0.9652541572184429,low_n_descriptive_only,FALSE
Pa->Jo,1,B_830304_70_LF_CLASS::氾濫平野・海岸平野,荒川 / basin 70 / 氾濫平野・海岸平野,continue,2,6,0.3333333333333333,631,3715,watersystem_x_unit_basin_x_landform,0.003169572107765452,0.0016150740242261105,0.0015544980835393413,1.9624933967247755,low_n_descriptive_only,FALSE
Pa->Jo,1,B_830304_70_LF_CLASS::氾濫平野・海岸平野,荒川 / basin 70 / 氾濫平野・海岸平野,new,4,6,0.6666666666666666,3024,3715,watersystem_x_unit_basin_x_landform,0.0013227513227513227,0.0016150740242261105,-2.923227014747878e-4,0.8190035273368605,low_n_descriptive_only,FALSE
Pa->Jo,1,B_830304_77_LF_CLASS::台地・段丘,荒川 / basin 77 / 台地・段丘,continue,1,2,0.5,631,3715,watersystem_x_unit_basin_x_landform,0.001584786053882726,5.383580080753701e-4,0.0010464280458073558,2.9437400950871635,low_n_descriptive_only,FALSE
Pa->Jo,1,B_830304_77_LF_CLASS::台地・段丘,荒川 / basin 77 / 台地・段丘,new,1,2,0.5,3024,3715,watersystem_x_unit_basin_x_landform,3.3068783068783067e-4,5.383580080753701e-4,-2.076701773875394e-4,0.6142526455026455,low_n_descriptive_only,FALSE
Pa->Jo,1,B_830304_77_LF_CLASS::氾濫平野・海岸平野,荒川 / basin 77 / 氾濫平野・海岸平野,new,1,1,1,3024,3715,watersystem_x_unit_basin_x_landform,3.3068783068783067e-4,2.6917900403768504e-4,6.150882665014563e-5,1.228505291005291,low_n_descriptive_only,FALSE
Pa->Jo,1,B_830304_79_LF_CLASS::凹地・浅い谷,荒川 / basin 79 / 凹地・浅い谷,new,2,2,1,3024,3715,watersystem_x_unit_basin_x_landform,6.613756613756613e-4,5.383580080753701e-4,1.2301765330029126e-4,1.228505291005291,low_n_descriptive_only,FALSE
Pa->Jo,1,B_830304_79_LF_CLASS::台地・段丘,荒川 / basin 79 / 台地・段丘,continue,1,2,0.5,631,3715,watersystem_x_unit_basin_x_landform,0.001584786053882726,5.383580080753701e-4,0.0010464280458073558,2.9437400950871635,low_n_descriptive_only,FALSE
Pa->Jo,1,B_830304_79_LF_CLASS::台地・段丘,荒川 / basin 79 / 台地・段丘,new,1,2,0.5,3024,3715,watersystem_x_unit_basin_x_landform,3.3068783068783067e-4,5.383580080753701e-4,-2.076701773875394e-4,0.6142526455026455,low_n_descriptive_only,FALSE
Pa->Jo,1,B_830304_79_LF_CLASS::山地斜面等,荒川 / basin 79 / 山地斜面等,continue,1,1,1,631,3715,watersystem_x_unit_basin_x_landform,0.001584786053882726,2.6917900403768504e-4,0.0013156070498450407,5.887480190174327,low_n_descriptive_only,FALSE
Pa->Jo,1,B_830304_80_LF_CLASS::凹地・浅い谷,荒川 / basin 80 / 凹地・浅い谷,new,2,2,1,3024,3715,watersystem_x_unit_basin_x_landform,6.613756613756613e-4,5.383580080753701e-4,1.2301765330029126e-4,1.228505291005291,low_n_descriptive_only,FALSE
Pa->Jo,1,B_830304_80_LF_CLASS::台地・段丘,荒川 / basin 80 / 台地・段丘,continue,14,48,0.2916666666666667,631,3715,watersystem_x_unit_basin_x_landform,0.022187004754358162,0.012920592193808884,0.009266412560549279,1.7171817221341785,eligible,FALSE
Pa->Jo,1,B_830304_80_LF_CLASS::台地・段丘,荒川 / basin 80 / 台地・段丘,drop,1,48,0.020833333333333332,60,3715,watersystem_x_unit_basin_x_landform,0.016666666666666666,0.012920592193808884,0.0037460744728577827,1.2899305555555554,eligible,FALSE
Pa->Jo,1,B_830304_80_LF_CLASS::台地・段丘,荒川 / basin 80 / 台地・段丘,new,33,48,0.6875,3024,3715,watersystem_x_unit_basin_x_landform,0.010912698412698412,0.012920592193808884,-0.0020078937811104716,0.8445973875661374,eligible,FALSE
Pa->Jo,1,B_830304_80_LF_CLASS::山地斜面等,荒川 / basin 80 / 山地斜面等,continue,4,14,0.2857142857142857,631,3715,watersystem_x_unit_basin_x_landform,0.006339144215530904,0.003768506056527591,0.0025706381590033128,1.6821371971926649,low_n_descriptive_only,FALSE
Pa->Jo,1,B_830304_80_LF_CLASS::山地斜面等,荒川 / basin 80 / 山地斜面等,new,10,14,0.7142857142857143,3024,3715,watersystem_x_unit_basin_x_landform,0.0033068783068783067,0.003768506056527591,-4.616277496492841e-4,0.8775037792894935,low_n_descriptive_only,FALSE
Pa->Jo,1,B_830304_80_LF_CLASS::氾濫平野・海岸平野,荒川 / basin 80 / 氾濫平野・海岸平野,continue,1,1,1,631,3715,watersystem_x_unit_basin_x_landform,0.001584786053882726,2.6917900403768504e-4,0.0013156070498450407,5.887480190174327,low_n_descriptive_only,FALSE
Pa->Jo,1,B_830304_82_LF_CLASS::凹地・浅い谷,荒川 / basin 82 / 凹地・浅い谷,new,1,1,1,3024,3715,watersystem_x_unit_basin_x_landform,3.3068783068783067e-4,2.6917900403768504e-4,6.150882665014563e-5,1.228505291005291,low_n_descriptive_only,FALSE
Pa->Jo,1,B_830304_82_LF_CLASS::台地・段丘,荒川 / basin 82 / 台地・段丘,new,17,17,1,3024,3715,watersystem_x_unit_basin_x_landform,0.005621693121693121,0.004576043068640646,0.0010456500530524751,1.228505291005291,low_n_descriptive_only,FALSE
Pa->Jo,1,B_830304_82_LF_CLASS::山地斜面等,荒川 / basin 82 / 山地斜面等,continue,2,7,0.2857142857142857,631,3715,watersystem_x_unit_basin_x_landform,0.003169572107765452,0.0018842530282637954,0.0012853190795016564,1.6821371971926649,low_n_descriptive_only,FALSE
Pa->Jo,1,B_830304_82_LF_CLASS::山地斜面等,荒川 / basin 82 / 山地斜面等,new,5,7,0.7142857142857143,3024,3715,watersystem_x_unit_basin_x_landform,0.0016534391534391533,0.0018842530282637954,-2.3081387482464205e-4,0.8775037792894935,low_n_descriptive_only,FALSE
Pa->Jo,1,B_830304_83_LF_CLASS::台地・段丘,荒川 / basin 83 / 台地・段丘,continue,5,18,0.2777777777777778,631,3715,watersystem_x_unit_basin_x_landform,0.00792393026941363,0.004845222072678331,0.0030787081967352985,1.635411163937313,low_n_descriptive_only,FALSE
Pa->Jo,1,B_830304_83_LF_CLASS::台地・段丘,荒川 / basin 83 / 台地・段丘,new,13,18,0.7222222222222222,3024,3715,watersystem_x_unit_basin_x_landform,0.004298941798941799,0.004845222072678331,-5.462802737365323e-4,0.887253821281599,low_n_descriptive_only,FALSE
Pa->Jo,1,B_830304_83_LF_CLASS::山地斜面等,荒川 / basin 83 / 山地斜面等,new,4,4,1,3024,3715,watersystem_x_unit_basin_x_landform,0.0013227513227513227,0.0010767160161507402,2.460353066005825e-4,1.228505291005291,low_n_descriptive_only,FALSE
Pa->Jo,1,B_830304_83_LF_CLASS::崖・段丘崖,荒川 / basin 83 / 崖・段丘崖,new,1,1,1,3024,3715,watersystem_x_unit_basin_x_landform,3.3068783068783067e-4,2.6917900403768504e-4,6.150882665014563e-5,1.228505291005291,low_n_descriptive_only,FALSE
Pa->Jo,1,B_830304_83_LF_CLASS::氾濫平野・海岸平野,荒川 / basin 83 / 氾濫平野・海岸平野,new,1,1,1,3024,3715,watersystem_x_unit_basin_x_landform,3.3068783068783067e-4,2.6917900403768504e-4,6.150882665014563e-5,1.228505291005291,low_n_descriptive_only,FALSE
Pa->Jo,1,B_830304_86_LF_CLASS::凹地・浅い谷,荒川 / basin 86 / 凹地・浅い谷,new,1,1,1,3024,3715,watersystem_x_unit_basin_x_landform,3.3068783068783067e-4,2.6917900403768504e-4,6.150882665014563e-5,1.228505291005291,low_n_descriptive_only,FALSE
Pa->Jo,1,B_830304_86_LF_CLASS::台地・段丘,荒川 / basin 86 / 台地・段丘,continue,4,20,0.2,631,3715,watersystem_x_unit_basin_x_landform,0.006339144215530904,0.005383580080753701,9.555641347772023e-4,1.1774960380348654,eligible,FALSE
Pa->Jo,1,B_830304_86_LF_CLASS::台地・段丘,荒川 / basin 86 / 台地・段丘,new,16,20,0.8,3024,3715,watersystem_x_unit_basin_x_landform,0.005291005291005291,0.005383580080753701,-9.257478974841055e-5,0.9828042328042328,eligible,FALSE
Pa->Jo,1,B_830304_86_LF_CLASS::山地斜面等,荒川 / basin 86 / 山地斜面等,continue,4,48,0.08333333333333333,631,3715,watersystem_x_unit_basin_x_landform,0.006339144215530904,0.012920592193808884,-0.00658144797827798,0.4906233491811939,eligible,FALSE
Pa->Jo,1,B_830304_86_LF_CLASS::山地斜面等,荒川 / basin 86 / 山地斜面等,new,44,48,0.9166666666666666,3024,3715,watersystem_x_unit_basin_x_landform,0.01455026455026455,0.012920592193808884,0.0016296723564556657,1.1261298500881833,eligible,FALSE
Pa->Jo,1,B_830304_86_LF_CLASS::山麓堆積地形,荒川 / basin 86 / 山麓堆積地形,new,2,2,1,3024,3715,watersystem_x_unit_basin_x_landform,6.613756613756613e-4,5.383580080753701e-4,1.2301765330029126e-4,1.228505291005291,low_n_descriptive_only,FALSE
Pa->Jo,1,B_830304_86_LF_CLASS::水部,荒川 / basin 86 / 水部,continue,6,14,0.42857142857142855,631,3715,watersystem_x_unit_basin_x_landform,0.009508716323296355,0.003768506056527591,0.005740210266768764,2.5232057957889973,low_n_descriptive_only,FALSE
Pa->Jo,1,B_830304_86_LF_CLASS::水部,荒川 / basin 86 / 水部,new,8,14,0.5714285714285714,3024,3715,watersystem_x_unit_basin_x_landform,0.0026455026455026454,0.003768506056527591,-0.0011230034110249454,0.7020030234315948,low_n_descriptive_only,FALSE
Pa->Jo,1,B_830304_86_LF_CLASS::氾濫平野・海岸平野,荒川 / basin 86 / 氾濫平野・海岸平野,continue,1,11,0.09090909090909091,631,3715,watersystem_x_unit_basin_x_landform,0.001584786053882726,0.0029609690444145358,-0.0013761829905318099,0.5352254718340297,low_n_descriptive_only,FALSE
Pa->Jo,1,B_830304_86_LF_CLASS::氾濫平野・海岸平野,荒川 / basin 86 / 氾濫平野・海岸平野,new,10,11,0.9090909090909091,3024,3715,watersystem_x_unit_basin_x_landform,0.0033068783068783067,0.0029609690444145358,3.459092624637709e-4,1.1168229918229917,low_n_descriptive_only,FALSE
Pa->Jo,1,B_830304_87_LF_CLASS::台地・段丘,荒川 / basin 87 / 台地・段丘,new,1,1,1,3024,3715,watersystem_x_unit_basin_x_landform,3.3068783068783067e-4,2.6917900403768504e-4,6.150882665014563e-5,1.228505291005291,low_n_descriptive_only,FALSE
Pa->Jo,1,B_830304_87_LF_CLASS::山地斜面等,荒川 / basin 87 / 山地斜面等,continue,3,13,0.23076923076923078,631,3715,watersystem_x_unit_basin_x_landform,0.004754358161648178,0.0034993270524899056,0.001255031109158272,1.3586492746556138,low_n_descriptive_only,FALSE
Pa->Jo,1,B_830304_87_LF_CLASS::山地斜面等,荒川 / basin 87 / 山地斜面等,new,10,13,0.7692307692307693,3024,3715,watersystem_x_unit_basin_x_landform,0.0033068783068783067,0.0034993270524899056,-1.9244874561159895e-4,0.9450040700040699,low_n_descriptive_only,FALSE
Pa->Jo,1,B_830304_87_LF_CLASS::氾濫平野・海岸平野,荒川 / basin 87 / 氾濫平野・海岸平野,new,4,4,1,3024,3715,watersystem_x_unit_basin_x_landform,0.0013227513227513227,0.0010767160161507402,2.460353066005825e-4,1.228505291005291,low_n_descriptive_only,FALSE
Pa->Jo,1,B_830304_88_LF_CLASS::台地・段丘,荒川 / basin 88 / 台地・段丘,continue,2,8,0.25,631,3715,watersystem_x_unit_basin_x_landform,0.003169572107765452,0.0021534320323014803,0.0010161400754639715,1.4718700475435817,low_n_descriptive_only,FALSE
Pa->Jo,1,B_830304_88_LF_CLASS::台地・段丘,荒川 / basin 88 / 台地・段丘,new,6,8,0.75,3024,3715,watersystem_x_unit_basin_x_landform,0.001984126984126984,0.0021534320323014803,-1.693050481744963e-4,0.9213789682539683,low_n_descriptive_only,FALSE
Pa->Jo,1,B_830304_88_LF_CLASS::山地斜面等,荒川 / basin 88 / 山地斜面等,continue,3,17,0.17647058823529413,631,3715,watersystem_x_unit_basin_x_landform,0.004754358161648178,0.004576043068640646,1.7831509300753143e-4,1.0389670923837047,low_n_descriptive_only,FALSE
Pa->Jo,1,B_830304_88_LF_CLASS::山地斜面等,荒川 / basin 88 / 山地斜面等,drop,2,17,0.11764705882352941,60,3715,watersystem_x_unit_basin_x_landform,0.03333333333333333,0.004576043068640646,0.028757290264692686,7.284313725490196,low_n_descriptive_only,FALSE
Pa->Jo,1,B_830304_88_LF_CLASS::山地斜面等,荒川 / basin 88 / 山地斜面等,new,12,17,0.7058823529411765,3024,3715,watersystem_x_unit_basin_x_landform,0.003968253968253968,0.004576043068640646,-6.077891003866782e-4,0.8671802054154994,low_n_descriptive_only,FALSE
Pa->Jo,1,B_830304_88_LF_CLASS::山麓堆積地形,荒川 / basin 88 / 山麓堆積地形,new,1,1,1,3024,3715,watersystem_x_unit_basin_x_landform,3.3068783068783067e-4,2.6917900403768504e-4,6.150882665014563e-5,1.228505291005291,low_n_descriptive_only,FALSE
Pa->Jo,1,B_830304_88_LF_CLASS::氾濫平野・海岸平野,荒川 / basin 88 / 氾濫平野・海岸平野,drop,1,1,1,60,3715,watersystem_x_unit_basin_x_landform,0.016666666666666666,2.6917900403768504e-4,0.01639748766262898,61.91666666666667,low_n_descriptive_only,FALSE
Pa->Jo,1,B_830304_98_LF_CLASS::山地斜面等,荒川 / basin 98 / 山地斜面等,continue,1,1,1,631,3715,watersystem_x_unit_basin_x_landform,0.001584786053882726,2.6917900403768504e-4,0.0013156070498450407,5.887480190174327,low_n_descriptive_only,FALSE
Pa->Jo,1,B_830305_10_LF_CLASS::台地・段丘,多摩川 / basin 10 / 台地・段丘,continue,7,21,0.3333333333333333,631,3715,watersystem_x_unit_basin_x_landform,0.011093502377179081,0.005652759084791386,0.005440743292387695,1.9624933967247757,eligible,FALSE
Pa->Jo,1,B_830305_10_LF_CLASS::台地・段丘,多摩川 / basin 10 / 台地・段丘,drop,2,21,0.09523809523809523,60,3715,watersystem_x_unit_basin_x_landform,0.03333333333333333,0.005652759084791386,0.027680574248541947,5.896825396825397,eligible,FALSE
Pa->Jo,1,B_830305_10_LF_CLASS::台地・段丘,多摩川 / basin 10 / 台地・段丘,new,12,21,0.5714285714285714,3024,3715,watersystem_x_unit_basin_x_landform,0.003968253968253968,0.005652759084791386,-0.001684505116537418,0.7020030234315948,eligible,FALSE
Pa->Jo,1,B_830305_10_LF_CLASS::氾濫平野・海岸平野,多摩川 / basin 10 / 氾濫平野・海岸平野,new,1,1,1,3024,3715,watersystem_x_unit_basin_x_landform,3.3068783068783067e-4,2.6917900403768504e-4,6.150882665014563e-5,1.228505291005291,low_n_descriptive_only,FALSE
Pa->Jo,1,B_830305_12_LF_CLASS::凹地・浅い谷,多摩川 / basin 12 / 凹地・浅い谷,continue,1,2,0.5,631,3715,watersystem_x_unit_basin_x_landform,0.001584786053882726,5.383580080753701e-4,0.0010464280458073558,2.9437400950871635,low_n_descriptive_only,FALSE
Pa->Jo,1,B_830305_12_LF_CLASS::凹地・浅い谷,多摩川 / basin 12 / 凹地・浅い谷,new,1,2,0.5,3024,3715,watersystem_x_unit_basin_x_landform,3.3068783068783067e-4,5.383580080753701e-4,-2.076701773875394e-4,0.6142526455026455,low_n_descriptive_only,FALSE
Pa->Jo,1,B_830305_12_LF_CLASS::台地・段丘,多摩川 / basin 12 / 台地・段丘,continue,3,16,0.1875,631,3715,watersystem_x_unit_basin_x_landform,0.004754358161648178,0.004306864064602961,4.47494097045217e-4,1.1039025356576864,low_n_descriptive_only,FALSE
Pa->Jo,1,B_830305_12_LF_CLASS::台地・段丘,多摩川 / basin 12 / 台地・段丘,new,13,16,0.8125,3024,3715,watersystem_x_unit_basin_x_landform,0.004298941798941799,0.004306864064602961,-7.922265661161956e-6,0.998160548941799,low_n_descriptive_only,FALSE
Pa->Jo,1,B_830305_13_LF_CLASS::台地・段丘,多摩川 / basin 13 / 台地・段丘,continue,2,6,0.3333333333333333,631,3715,watersystem_x_unit_basin_x_landform,0.003169572107765452,0.0016150740242261105,0.0015544980835393413,1.9624933967247755,low_n_descriptive_only,FALSE
Pa->Jo,1,B_830305_13_LF_CLASS::台地・段丘,多摩川 / basin 13 / 台地・段丘,new,4,6,0.6666666666666666,3024,3715,watersystem_x_unit_basin_x_landform,0.0013227513227513227,0.0016150740242261105,-2.923227014747878e-4,0.8190035273368605,low_n_descriptive_only,FALSE
Pa->Jo,1,B_830305_13_LF_CLASS::氾濫平野・海岸平野,多摩川 / basin 13 / 氾濫平野・海岸平野,new,3,3,1,3024,3715,watersystem_x_unit_basin_x_landform,9.92063492063492e-4,8.075370121130552e-4,1.8452647995043678e-4,1.228505291005291,low_n_descriptive_only,FALSE
Pa->Jo,1,B_830305_14_LF_CLASS::凹地・浅い谷,多摩川 / basin 14 / 凹地・浅い谷,continue,1,2,0.5,631,3715,watersystem_x_unit_basin_x_landform,0.001584786053882726,5.383580080753701e-4,0.0010464280458073558,2.9437400950871635,low_n_descriptive_only,FALSE
Pa->Jo,1,B_830305_14_LF_CLASS::凹地・浅い谷,多摩川 / basin 14 / 凹地・浅い谷,new,1,2,0.5,3024,3715,watersystem_x_unit_basin_x_landform,3.3068783068783067e-4,5.383580080753701e-4,-2.076701773875394e-4,0.6142526455026455,low_n_descriptive_only,FALSE
Pa->Jo,1,B_830305_14_LF_CLASS::台地・段丘,多摩川 / basin 14 / 台地・段丘,continue,10,32,0.3125,631,3715,watersystem_x_unit_basin_x_landform,0.01584786053882726,0.008613728129205921,0.007234132409621338,1.8398375594294771,eligible,FALSE
Pa->Jo,1,B_830305_14_LF_CLASS::台地・段丘,多摩川 / basin 14 / 台地・段丘,drop,1,32,0.03125,60,3715,watersystem_x_unit_basin_x_landform,0.016666666666666666,0.008613728129205921,0.008052938537460745,1.9348958333333335,eligible,FALSE
Pa->Jo,1,B_830305_14_LF_CLASS::台地・段丘,多摩川 / basin 14 / 台地・段丘,new,21,32,0.65625,3024,3715,watersystem_x_unit_basin_x_landform,0.006944444444444444,0.008613728129205921,-0.0016692836847614773,0.8062065972222222,eligible,FALSE
Pa->Jo,1,B_830305_14_LF_CLASS::山地斜面等,多摩川 / basin 14 / 山地斜面等,continue,1,2,0.5,631,3715,watersystem_x_unit_basin_x_landform,0.001584786053882726,5.383580080753701e-4,0.0010464280458073558,2.9437400950871635,low_n_descriptive_only,FALSE
Pa->Jo,1,B_830305_14_LF_CLASS::山地斜面等,多摩川 / basin 14 / 山地斜面等,new,1,2,0.5,3024,3715,watersystem_x_unit_basin_x_landform,3.3068783068783067e-4,5.383580080753701e-4,-2.076701773875394e-4,0.6142526455026455,low_n_descriptive_only,FALSE
Pa->Jo,1,B_830305_14_LF_CLASS::崖・段丘崖,多摩川 / basin 14 / 崖・段丘崖,new,1,1,1,3024,3715,watersystem_x_unit_basin_x_landform,3.3068783068783067e-4,2.6917900403768504e-4,6.150882665014563e-5,1.228505291005291,low_n_descriptive_only,FALSE
Pa->Jo,1,B_830305_14_LF_CLASS::氾濫平野・海岸平野,多摩川 / basin 14 / 氾濫平野・海岸平野,continue,1,1,1,631,3715,watersystem_x_unit_basin_x_landform,0.001584786053882726,2.6917900403768504e-4,0.0013156070498450407,5.887480190174327,low_n_descriptive_only,FALSE
Pa->Jo,1,B_830305_16_LF_CLASS::台地・段丘,多摩川 / basin 16 / 台地・段丘,continue,6,10,0.6,631,3715,watersystem_x_unit_basin_x_landform,0.009508716323296355,0.0026917900403768506,0.006816926282919505,3.532488114104596,low_n_descriptive_only,FALSE
Pa->Jo,1,B_830305_16_LF_CLASS::台地・段丘,多摩川 / basin 16 / 台地・段丘,new,4,10,0.4,3024,3715,watersystem_x_unit_basin_x_landform,0.0013227513227513227,0.0026917900403768506,-0.001369038717625528,0.4914021164021164,low_n_descriptive_only,FALSE
Pa->Jo,1,B_830305_16_LF_CLASS::山地斜面等,多摩川 / basin 16 / 山地斜面等,continue,1,2,0.5,631,3715,watersystem_x_unit_basin_x_landform,0.001584786053882726,5.383580080753701e-4,0.0010464280458073558,2.9437400950871635,low_n_descriptive_only,FALSE
Pa->Jo,1,B_830305_16_LF_CLASS::山地斜面等,多摩川 / basin 16 / 山地斜面等,new,1,2,0.5,3024,3715,watersystem_x_unit_basin_x_landform,3.3068783068783067e-4,5.383580080753701e-4,-2.076701773875394e-4,0.6142526455026455,low_n_descriptive_only,FALSE
Pa->Jo,1,B_830305_16_LF_CLASS::崖・段丘崖,多摩川 / basin 16 / 崖・段丘崖,continue,1,2,0.5,631,3715,watersystem_x_unit_basin_x_landform,0.001584786053882726,5.383580080753701e-4,0.0010464280458073558,2.9437400950871635,low_n_descriptive_only,FALSE
Pa->Jo,1,B_830305_16_LF_CLASS::崖・段丘崖,多摩川 / basin 16 / 崖・段丘崖,new,1,2,0.5,3024,3715,watersystem_x_unit_basin_x_landform,3.3068783068783067e-4,5.383580080753701e-4,-2.076701773875394e-4,0.6142526455026455,low_n_descriptive_only,FALSE
Pa->Jo,1,B_830305_17_LF_CLASS::台地・段丘,多摩川 / basin 17 / 台地・段丘,continue,5,14,0.35714285714285715,631,3715,watersystem_x_unit_basin_x_landform,0.00792393026941363,0.003768506056527591,0.004155424212886038,2.102671496490831,low_n_descriptive_only,FALSE
Pa->Jo,1,B_830305_17_LF_CLASS::台地・段丘,多摩川 / basin 17 / 台地・段丘,new,9,14,0.6428571428571429,3024,3715,watersystem_x_unit_basin_x_landform,0.002976190476190476,0.003768506056527591,-7.923155803371148e-4,0.7897534013605442,low_n_descriptive_only,FALSE
Pa->Jo,1,B_830305_17_LF_CLASS::山地斜面等,多摩川 / basin 17 / 山地斜面等,continue,8,76,0.10526315789473684,631,3715,watersystem_x_unit_basin_x_landform,0.012678288431061807,0.020457604306864066,-0.007779315875802259,0.6197347568604554,eligible,FALSE
Pa->Jo,1,B_830305_17_LF_CLASS::山地斜面等,多摩川 / basin 17 / 山地斜面等,drop,1,76,0.013157894736842105,60,3715,watersystem_x_unit_basin_x_landform,0.016666666666666666,0.020457604306864066,-0.0037909376401973997,0.8146929824561403,eligible,FALSE
Pa->Jo,1,B_830305_17_LF_CLASS::山地斜面等,多摩川 / basin 17 / 山地斜面等,new,67,76,0.881578947368421,3024,3715,watersystem_x_unit_basin_x_landform,0.022156084656084655,0.020457604306864066,0.0016984803492205887,1.08302440128098,eligible,FALSE
Pa->Jo,1,B_830305_17_LF_CLASS::山麓堆積地形,多摩川 / basin 17 / 山麓堆積地形,new,1,1,1,3024,3715,watersystem_x_unit_basin_x_landform,3.3068783068783067e-4,2.6917900403768504e-4,6.150882665014563e-5,1.228505291005291,low_n_descriptive_only,FALSE
Pa->Jo,1,B_830305_17_LF_CLASS::氾濫平野・海岸平野,多摩川 / basin 17 / 氾濫平野・海岸平野,new,6,6,1,3024,3715,watersystem_x_unit_basin_x_landform,0.001984126984126984,0.0016150740242261105,3.6905295990087355e-4,1.228505291005291,low_n_descriptive_only,FALSE
Pa->Jo,1,B_830305_18_LF_CLASS::凹地・浅い谷,多摩川 / basin 18 / 凹地・浅い谷,continue,1,5,0.2,631,3715,watersystem_x_unit_basin_x_landform,0.001584786053882726,0.0013458950201884253,2.3889103369430058e-4,1.1774960380348654,low_n_descriptive_only,FALSE
Pa->Jo,1,B_830305_18_LF_CLASS::凹地・浅い谷,多摩川 / basin 18 / 凹地・浅い谷,drop,1,5,0.2,60,3715,watersystem_x_unit_basin_x_landform,0.016666666666666666,0.0013458950201884253,0.015320771646478241,12.383333333333333,low_n_descriptive_only,FALSE
Pa->Jo,1,B_830305_18_LF_CLASS::凹地・浅い谷,多摩川 / basin 18 / 凹地・浅い谷,new,3,5,0.6,3024,3715,watersystem_x_unit_basin_x_landform,9.92063492063492e-4,0.0013458950201884253,-3.538315281249333e-4,0.7371031746031745,low_n_descriptive_only,FALSE
Pa->Jo,1,B_830305_18_LF_CLASS::台地・段丘,多摩川 / basin 18 / 台地・段丘,continue,37,75,0.49333333333333335,631,3715,watersystem_x_unit_basin_x_landform,0.058637083993660855,0.020188425302826378,0.03844865869083448,2.904490227152668,eligible,FALSE
Pa->Jo,1,B_830305_18_LF_CLASS::台地・段丘,多摩川 / basin 18 / 台地・段丘,drop,3,75,0.04,60,3715,watersystem_x_unit_basin_x_landform,0.05,0.020188425302826378,0.029811574697173625,2.476666666666667,eligible,FALSE
Pa->Jo,1,B_830305_18_LF_CLASS::台地・段丘,多摩川 / basin 18 / 台地・段丘,new,35,75,0.4666666666666667,3024,3715,watersystem_x_unit_basin_x_landform,0.011574074074074073,0.020188425302826378,-0.008614351228752305,0.5733024691358025,eligible,FALSE
Pa->Jo,1,B_830305_18_LF_CLASS::山地斜面等,多摩川 / basin 18 / 山地斜面等,continue,4,7,0.5714285714285714,631,3715,watersystem_x_unit_basin_x_landform,0.006339144215530904,0.0018842530282637954,0.004454891187267108,3.3642743943853297,low_n_descriptive_only,FALSE
Pa->Jo,1,B_830305_18_LF_CLASS::山地斜面等,多摩川 / basin 18 / 山地斜面等,new,3,7,0.42857142857142855,3024,3715,watersystem_x_unit_basin_x_landform,9.92063492063492e-4,0.0018842530282637954,-8.921895362003034e-4,0.5265022675736961,low_n_descriptive_only,FALSE
Pa->Jo,1,B_830305_18_LF_CLASS::崖・段丘崖,多摩川 / basin 18 / 崖・段丘崖,continue,6,6,1,631,3715,watersystem_x_unit_basin_x_landform,0.009508716323296355,0.0016150740242261105,0.007893642299070245,5.887480190174326,low_n_descriptive_only,FALSE
Pa->Jo,1,B_830305_18_LF_CLASS::水部,多摩川 / basin 18 / 水部,new,1,1,1,3024,3715,watersystem_x_unit_basin_x_landform,3.3068783068783067e-4,2.6917900403768504e-4,6.150882665014563e-5,1.228505291005291,low_n_descriptive_only,FALSE
Pa->Jo,1,B_830305_18_LF_CLASS::氾濫平野・海岸平野,多摩川 / basin 18 / 氾濫平野・海岸平野,continue,7,10,0.7,631,3715,watersystem_x_unit_basin_x_landform,0.011093502377179081,0.0026917900403768506,0.00840171233680223,4.121236133122029,low_n_descriptive_only,FALSE
Pa->Jo,1,B_830305_18_LF_CLASS::氾濫平野・海岸平野,多摩川 / basin 18 / 氾濫平野・海岸平野,new,3,10,0.3,3024,3715,watersystem_x_unit_basin_x_landform,9.92063492063492e-4,0.0026917900403768506,-0.0016997265483133586,0.36855158730158727,low_n_descriptive_only,FALSE
Pa->Jo,1,B_830305_19_LF_CLASS::凹地・浅い谷,多摩川 / basin 19 / 凹地・浅い谷,continue,2,3,0.6666666666666666,631,3715,watersystem_x_unit_basin_x_landform,0.003169572107765452,8.075370121130552e-4,0.0023620350956523968,3.924986793449551,low_n_descriptive_only,FALSE
Pa->Jo,1,B_830305_19_LF_CLASS::凹地・浅い谷,多摩川 / basin 19 / 凹地・浅い谷,new,1,3,0.3333333333333333,3024,3715,watersystem_x_unit_basin_x_landform,3.3068783068783067e-4,8.075370121130552e-4,-4.7684918142522456e-4,0.4095017636684303,low_n_descriptive_only,FALSE
Pa->Jo,1,B_830305_19_LF_CLASS::台地・段丘,多摩川 / basin 19 / 台地・段丘,continue,3,12,0.25,631,3715,watersystem_x_unit_basin_x_landform,0.004754358161648178,0.003230148048452221,0.0015242101131959567,1.4718700475435815,low_n_descriptive_only,FALSE
Pa->Jo,1,B_830305_19_LF_CLASS::台地・段丘,多摩川 / basin 19 / 台地・段丘,new,9,12,0.75,3024,3715,watersystem_x_unit_basin_x_landform,0.002976190476190476,0.003230148048452221,-2.539575722617449e-4,0.9213789682539681,low_n_descriptive_only,FALSE
Pa->Jo,1,B_830305_19_LF_CLASS::山地斜面等,多摩川 / basin 19 / 山地斜面等,continue,1,7,0.14285714285714285,631,3715,watersystem_x_unit_basin_x_landform,0.001584786053882726,0.0018842530282637954,-2.994669743810695e-4,0.8410685985963324,low_n_descriptive_only,FALSE
Pa->Jo,1,B_830305_19_LF_CLASS::山地斜面等,多摩川 / basin 19 / 山地斜面等,new,6,7,0.8571428571428571,3024,3715,watersystem_x_unit_basin_x_landform,0.001984126984126984,0.0018842530282637954,9.987395586318862e-5,1.0530045351473922,low_n_descriptive_only,FALSE
Pa->Jo,1,B_830305_19_LF_CLASS::氾濫平野・海岸平野,多摩川 / basin 19 / 氾濫平野・海岸平野,new,2,2,1,3024,3715,watersystem_x_unit_basin_x_landform,6.613756613756613e-4,5.383580080753701e-4,1.2301765330029126e-4,1.228505291005291,low_n_descriptive_only,FALSE
Pa->Jo,1,B_830305_20_LF_CLASS::台地・段丘,多摩川 / basin 20 / 台地・段丘,continue,4,11,0.36363636363636365,631,3715,watersystem_x_unit_basin_x_landform,0.006339144215530904,0.0029609690444145358,0.003378175171116368,2.1409018873361187,low_n_descriptive_only,FALSE
Pa->Jo,1,B_830305_20_LF_CLASS::台地・段丘,多摩川 / basin 20 / 台地・段丘,new,7,11,0.6363636363636364,3024,3715,watersystem_x_unit_basin_x_landform,0.0023148148148148147,0.0029609690444145358,-6.461542295997211e-4,0.7817760942760942,low_n_descriptive_only,FALSE
Pa->Jo,1,B_830305_20_LF_CLASS::山地斜面等,多摩川 / basin 20 / 山地斜面等,drop,1,1,1,60,3715,watersystem_x_unit_basin_x_landform,0.016666666666666666,2.6917900403768504e-4,0.01639748766262898,61.91666666666667,low_n_descriptive_only,FALSE
Pa->Jo,1,B_830305_20_LF_CLASS::氾濫平野・海岸平野,多摩川 / basin 20 / 氾濫平野・海岸平野,new,2,2,1,3024,3715,watersystem_x_unit_basin_x_landform,6.613756613756613e-4,5.383580080753701e-4,1.2301765330029126e-4,1.228505291005291,low_n_descriptive_only,FALSE
Pa->Jo,1,B_830305_21_LF_CLASS::台地・段丘,多摩川 / basin 21 / 台地・段丘,new,1,1,1,3024,3715,watersystem_x_unit_basin_x_landform,3.3068783068783067e-4,2.6917900403768504e-4,6.150882665014563e-5,1.228505291005291,low_n_descriptive_only,FALSE
Pa->Jo,1,B_830305_21_LF_CLASS::氾濫平野・海岸平野,多摩川 / basin 21 / 氾濫平野・海岸平野,new,1,1,1,3024,3715,watersystem_x_unit_basin_x_landform,3.3068783068783067e-4,2.6917900403768504e-4,6.150882665014563e-5,1.228505291005291,low_n_descriptive_only,FALSE
Pa->Jo,1,B_830305_22_LF_CLASS::台地・段丘,多摩川 / basin 22 / 台地・段丘,continue,5,13,0.38461538461538464,631,3715,watersystem_x_unit_basin_x_landform,0.00792393026941363,0.0034993270524899056,0.004424603216923724,2.2644154577593567,low_n_descriptive_only,FALSE
Pa->Jo,1,B_830305_22_LF_CLASS::台地・段丘,多摩川 / basin 22 / 台地・段丘,new,8,13,0.6153846153846154,3024,3715,watersystem_x_unit_basin_x_landform,0.0026455026455026454,0.0034993270524899056,-8.538244069872603e-4,0.756003256003256,low_n_descriptive_only,FALSE
Pa->Jo,1,B_830305_22_LF_CLASS::山地斜面等,多摩川 / basin 22 / 山地斜面等,continue,14,149,0.09395973154362416,631,3715,watersystem_x_unit_basin_x_landform,0.022187004754358162,0.040107671601615075,-0.017920666847256912,0.553186058137185,eligible,FALSE
Pa->Jo,1,B_830305_22_LF_CLASS::山地斜面等,多摩川 / basin 22 / 山地斜面等,drop,1,149,0.006711409395973154,60,3715,watersystem_x_unit_basin_x_landform,0.016666666666666666,0.040107671601615075,-0.02344100493494841,0.4155480984340045,eligible,FALSE
Pa->Jo,1,B_830305_22_LF_CLASS::山地斜面等,多摩川 / basin 22 / 山地斜面等,new,134,149,0.8993288590604027,3024,3715,watersystem_x_unit_basin_x_landform,0.04431216931216931,0.040107671601615075,0.004204497710554235,1.1048302617094563,eligible,FALSE
Pa->Jo,1,B_830305_22_LF_CLASS::山麓堆積地形,多摩川 / basin 22 / 山麓堆積地形,continue,4,11,0.36363636363636365,631,3715,watersystem_x_unit_basin_x_landform,0.006339144215530904,0.0029609690444145358,0.003378175171116368,2.1409018873361187,low_n_descriptive_only,FALSE
Pa->Jo,1,B_830305_22_LF_CLASS::山麓堆積地形,多摩川 / basin 22 / 山麓堆積地形,new,7,11,0.6363636363636364,3024,3715,watersystem_x_unit_basin_x_landform,0.0023148148148148147,0.0029609690444145358,-6.461542295997211e-4,0.7817760942760942,low_n_descriptive_only,FALSE
Pa->Jo,1,B_830305_22_LF_CLASS::旧河道,多摩川 / basin 22 / 旧河道,continue,1,1,1,631,3715,watersystem_x_unit_basin_x_landform,0.001584786053882726,2.6917900403768504e-4,0.0013156070498450407,5.887480190174327,low_n_descriptive_only,FALSE
Pa->Jo,1,B_830305_22_LF_CLASS::水部,多摩川 / basin 22 / 水部,new,1,1,1,3024,3715,watersystem_x_unit_basin_x_landform,3.3068783068783067e-4,2.6917900403768504e-4,6.150882665014563e-5,1.228505291005291,low_n_descriptive_only,FALSE
Pa->Jo,1,B_830305_22_LF_CLASS::氾濫平野・海岸平野,多摩川 / basin 22 / 氾濫平野・海岸平野,continue,2,23,0.08695652173913043,631,3715,watersystem_x_unit_basin_x_landform,0.003169572107765452,0.006191117092866756,-0.0030215449851013045,0.5119547991455936,eligible,FALSE
Pa->Jo,1,B_830305_22_LF_CLASS::氾濫平野・海岸平野,多摩川 / basin 22 / 氾濫平野・海岸平野,new,21,23,0.9130434782608695,3024,3715,watersystem_x_unit_basin_x_landform,0.006944444444444444,0.006191117092866756,7.533273515776878e-4,1.1216787439613527,eligible,FALSE
Pa->Jo,1,B_830305_23_LF_CLASS::台地・段丘,多摩川 / basin 23 / 台地・段丘,continue,4,20,0.2,631,3715,watersystem_x_unit_basin_x_landform,0.006339144215530904,0.005383580080753701,9.555641347772023e-4,1.1774960380348654,eligible,FALSE
Pa->Jo,1,B_830305_23_LF_CLASS::台地・段丘,多摩川 / basin 23 / 台地・段丘,new,16,20,0.8,3024,3715,watersystem_x_unit_basin_x_landform,0.005291005291005291,0.005383580080753701,-9.257478974841055e-5,0.9828042328042328,eligible,FALSE
Pa->Jo,1,B_830305_23_LF_CLASS::山地斜面等,多摩川 / basin 23 / 山地斜面等,continue,16,108,0.14814814814814814,631,3715,watersystem_x_unit_basin_x_landform,0.025356576862123614,0.029071332436069987,-0.003714755573946373,0.8722192874332335,eligible,FALSE
Pa->Jo,1,B_830305_23_LF_CLASS::山地斜面等,多摩川 / basin 23 / 山地斜面等,new,92,108,0.8518518518518519,3024,3715,watersystem_x_unit_basin_x_landform,0.03042328042328042,0.029071332436069987,0.001351947987210434,1.0465045071526553,eligible,FALSE
Pa->Jo,1,B_830305_23_LF_CLASS::山麓堆積地形,多摩川 / basin 23 / 山麓堆積地形,new,6,6,1,3024,3715,watersystem_x_unit_basin_x_landform,0.001984126984126984,0.0016150740242261105,3.6905295990087355e-4,1.228505291005291,low_n_descriptive_only,FALSE
Pa->Jo,1,B_830305_23_LF_CLASS::崖・段丘崖,多摩川 / basin 23 / 崖・段丘崖,continue,1,1,1,631,3715,watersystem_x_unit_basin_x_landform,0.001584786053882726,2.6917900403768504e-4,0.0013156070498450407,5.887480190174327,low_n_descriptive_only,FALSE
Pa->Jo,1,B_830305_23_LF_CLASS::旧河道,多摩川 / basin 23 / 旧河道,new,1,1,1,3024,3715,watersystem_x_unit_basin_x_landform,3.3068783068783067e-4,2.6917900403768504e-4,6.150882665014563e-5,1.228505291005291,low_n_descriptive_only,FALSE
Pa->Jo,1,B_830305_23_LF_CLASS::氾濫平野・海岸平野,多摩川 / basin 23 / 氾濫平野・海岸平野,continue,2,24,0.08333333333333333,631,3715,watersystem_x_unit_basin_x_landform,0.003169572107765452,0.006460296096904442,-0.00329072398913899,0.4906233491811939,eligible,FALSE
Pa->Jo,1,B_830305_23_LF_CLASS::氾濫平野・海岸平野,多摩川 / basin 23 / 氾濫平野・海岸平野,new,22,24,0.9166666666666666,3024,3715,watersystem_x_unit_basin_x_landform,0.007275132275132275,0.006460296096904442,8.148361782278329e-4,1.1261298500881833,eligible,FALSE
Pa->Jo,1,B_830305_24_LF_CLASS::台地・段丘,多摩川 / basin 24 / 台地・段丘,new,3,3,1,3024,3715,watersystem_x_unit_basin_x_landform,9.92063492063492e-4,8.075370121130552e-4,1.8452647995043678e-4,1.228505291005291,low_n_descriptive_only,FALSE
Pa->Jo,1,B_830305_24_LF_CLASS::山地斜面等,多摩川 / basin 24 / 山地斜面等,new,4,4,1,3024,3715,watersystem_x_unit_basin_x_landform,0.0013227513227513227,0.0010767160161507402,2.460353066005825e-4,1.228505291005291,low_n_descriptive_only,FALSE
Pa->Jo,1,B_830305_25_LF_CLASS::凹地・浅い谷,多摩川 / basin 25 / 凹地・浅い谷,continue,1,1,1,631,3715,watersystem_x_unit_basin_x_landform,0.001584786053882726,2.6917900403768504e-4,0.0013156070498450407,5.887480190174327,low_n_descriptive_only,FALSE
Pa->Jo,1,B_830305_25_LF_CLASS::台地・段丘,多摩川 / basin 25 / 台地・段丘,continue,5,8,0.625,631,3715,watersystem_x_unit_basin_x_landform,0.00792393026941363,0.0021534320323014803,0.005770498237112149,3.6796751188589543,low_n_descriptive_only,FALSE
Pa->Jo,1,B_830305_25_LF_CLASS::台地・段丘,多摩川 / basin 25 / 台地・段丘,new,3,8,0.375,3024,3715,watersystem_x_unit_basin_x_landform,9.92063492063492e-4,0.0021534320323014803,-0.0011613685402379883,0.46068948412698413,low_n_descriptive_only,FALSE
Pa->Jo,1,B_830305_25_LF_CLASS::氾濫平野・海岸平野,多摩川 / basin 25 / 氾濫平野・海岸平野,new,1,1,1,3024,3715,watersystem_x_unit_basin_x_landform,3.3068783068783067e-4,2.6917900403768504e-4,6.150882665014563e-5,1.228505291005291,low_n_descriptive_only,FALSE
Pa->Jo,1,B_830305_26_LF_CLASS::凹地・浅い谷,多摩川 / basin 26 / 凹地・浅い谷,continue,1,1,1,631,3715,watersystem_x_unit_basin_x_landform,0.001584786053882726,2.6917900403768504e-4,0.0013156070498450407,5.887480190174327,low_n_descriptive_only,FALSE
Pa->Jo,1,B_830305_26_LF_CLASS::台地・段丘,多摩川 / basin 26 / 台地・段丘,drop,1,5,0.2,60,3715,watersystem_x_unit_basin_x_landform,0.016666666666666666,0.0013458950201884253,0.015320771646478241,12.383333333333333,low_n_descriptive_only,FALSE
Pa->Jo,1,B_830305_26_LF_CLASS::台地・段丘,多摩川 / basin 26 / 台地・段丘,new,4,5,0.8,3024,3715,watersystem_x_unit_basin_x_landform,0.0013227513227513227,0.0013458950201884253,-2.3143697437102637e-5,0.9828042328042328,low_n_descriptive_only,FALSE
Pa->Jo,1,B_830305_26_LF_CLASS::氾濫平野・海岸平野,多摩川 / basin 26 / 氾濫平野・海岸平野,new,1,1,1,3024,3715,watersystem_x_unit_basin_x_landform,3.3068783068783067e-4,2.6917900403768504e-4,6.150882665014563e-5,1.228505291005291,low_n_descriptive_only,FALSE
Pa->Jo,1,B_830305_27_LF_CLASS::凹地・浅い谷,多摩川 / basin 27 / 凹地・浅い谷,continue,1,1,1,631,3715,watersystem_x_unit_basin_x_landform,0.001584786053882726,2.6917900403768504e-4,0.0013156070498450407,5.887480190174327,low_n_descriptive_only,FALSE
Pa->Jo,1,B_830305_27_LF_CLASS::台地・段丘,多摩川 / basin 27 / 台地・段丘,continue,1,6,0.16666666666666666,631,3715,watersystem_x_unit_basin_x_landform,0.001584786053882726,0.0016150740242261105,-3.028797034338457e-5,0.9812466983623878,low_n_descriptive_only,FALSE
Pa->Jo,1,B_830305_27_LF_CLASS::台地・段丘,多摩川 / basin 27 / 台地・段丘,drop,1,6,0.16666666666666666,60,3715,watersystem_x_unit_basin_x_landform,0.016666666666666666,0.0016150740242261105,0.015051592642440556,10.319444444444443,low_n_descriptive_only,FALSE
Pa->Jo,1,B_830305_27_LF_CLASS::台地・段丘,多摩川 / basin 27 / 台地・段丘,new,4,6,0.6666666666666666,3024,3715,watersystem_x_unit_basin_x_landform,0.0013227513227513227,0.0016150740242261105,-2.923227014747878e-4,0.8190035273368605,low_n_descriptive_only,FALSE
Pa->Jo,1,B_830305_27_LF_CLASS::山地斜面等,多摩川 / basin 27 / 山地斜面等,drop,1,1,1,60,3715,watersystem_x_unit_basin_x_landform,0.016666666666666666,2.6917900403768504e-4,0.01639748766262898,61.91666666666667,low_n_descriptive_only,FALSE
Pa->Jo,1,B_830305_28_LF_CLASS::台地・段丘,多摩川 / basin 28 / 台地・段丘,continue,2,3,0.6666666666666666,631,3715,watersystem_x_unit_basin_x_landform,0.003169572107765452,8.075370121130552e-4,0.0023620350956523968,3.924986793449551,low_n_descriptive_only,FALSE
Pa->Jo,1,B_830305_28_LF_CLASS::台地・段丘,多摩川 / basin 28 / 台地・段丘,new,1,3,0.3333333333333333,3024,3715,watersystem_x_unit_basin_x_landform,3.3068783068783067e-4,8.075370121130552e-4,-4.7684918142522456e-4,0.4095017636684303,low_n_descriptive_only,FALSE
Pa->Jo,1,B_830305_28_LF_CLASS::山地斜面等,多摩川 / basin 28 / 山地斜面等,continue,19,151,0.12582781456953643,631,3715,watersystem_x_unit_basin_x_landform,0.030110935023771792,0.040646029609690444,-0.010535094585918652,0.7408087656510742,eligible,FALSE
Pa->Jo,1,B_830305_28_LF_CLASS::山地斜面等,多摩川 / basin 28 / 山地斜面等,new,132,151,0.8741721854304636,3024,3715,watersystem_x_unit_basin_x_landform,0.04365079365079365,0.040646029609690444,0.0030047640411032042,1.0739251550509827,eligible,FALSE
Pa->Jo,1,B_830305_28_LF_CLASS::山麓堆積地形,多摩川 / basin 28 / 山麓堆積地形,continue,1,6,0.16666666666666666,631,3715,watersystem_x_unit_basin_x_landform,0.001584786053882726,0.0016150740242261105,-3.028797034338457e-5,0.9812466983623878,low_n_descriptive_only,FALSE
Pa->Jo,1,B_830305_28_LF_CLASS::山麓堆積地形,多摩川 / basin 28 / 山麓堆積地形,new,5,6,0.8333333333333334,3024,3715,watersystem_x_unit_basin_x_landform,0.0016534391534391533,0.0016150740242261105,3.836512921304288e-5,1.0237544091710757,low_n_descriptive_only,FALSE
Pa->Jo,1,B_830305_28_LF_CLASS::氾濫平野・海岸平野,多摩川 / basin 28 / 氾濫平野・海岸平野,new,20,20,1,3024,3715,watersystem_x_unit_basin_x_landform,0.006613756613756613,0.005383580080753701,0.0012301765330029121,1.228505291005291,eligible,FALSE
Pa->Jo,1,B_830305_29_LF_CLASS::台地・段丘,多摩川 / basin 29 / 台地・段丘,new,1,1,1,3024,3715,watersystem_x_unit_basin_x_landform,3.3068783068783067e-4,2.6917900403768504e-4,6.150882665014563e-5,1.228505291005291,low_n_descriptive_only,FALSE
Pa->Jo,1,B_830305_2_LF_CLASS::台地・段丘,多摩川 / basin 2 / 台地・段丘,continue,1,8,0.125,631,3715,watersystem_x_unit_basin_x_landform,0.001584786053882726,0.0021534320323014803,-5.686459784187544e-4,0.7359350237717909,low_n_descriptive_only,FALSE
Pa->Jo,1,B_830305_2_LF_CLASS::台地・段丘,多摩川 / basin 2 / 台地・段丘,new,7,8,0.875,3024,3715,watersystem_x_unit_basin_x_landform,0.0023148148148148147,0.0021534320323014803,1.6138278251333436e-4,1.0749421296296295,low_n_descriptive_only,FALSE
Pa->Jo,1,B_830305_2_LF_CLASS::山地斜面等,多摩川 / basin 2 / 山地斜面等,new,1,1,1,3024,3715,watersystem_x_unit_basin_x_landform,3.3068783068783067e-4,2.6917900403768504e-4,6.150882665014563e-5,1.228505291005291,low_n_descriptive_only,FALSE
Pa->Jo,1,B_830305_2_LF_CLASS::崖・段丘崖,多摩川 / basin 2 / 崖・段丘崖,new,1,1,1,3024,3715,watersystem_x_unit_basin_x_landform,3.3068783068783067e-4,2.6917900403768504e-4,6.150882665014563e-5,1.228505291005291,low_n_descriptive_only,FALSE
Pa->Jo,1,B_830305_30_LF_CLASS::凹地・浅い谷,多摩川 / basin 30 / 凹地・浅い谷,new,1,1,1,3024,3715,watersystem_x_unit_basin_x_landform,3.3068783068783067e-4,2.6917900403768504e-4,6.150882665014563e-5,1.228505291005291,low_n_descriptive_only,FALSE
Pa->Jo,1,B_830305_30_LF_CLASS::台地・段丘,多摩川 / basin 30 / 台地・段丘,continue,8,13,0.6153846153846154,631,3715,watersystem_x_unit_basin_x_landform,0.012678288431061807,0.0034993270524899056,0.009178961378571902,3.6230647324149703,low_n_descriptive_only,FALSE
Pa->Jo,1,B_830305_30_LF_CLASS::台地・段丘,多摩川 / basin 30 / 台地・段丘,new,5,13,0.38461538461538464,3024,3715,watersystem_x_unit_basin_x_landform,0.0016534391534391533,0.0034993270524899056,-0.0018458878990507523,0.47250203500203497,low_n_descriptive_only,FALSE
Pa->Jo,1,B_830305_30_LF_CLASS::山地斜面等,多摩川 / basin 30 / 山地斜面等,continue,19,134,0.1417910447761194,631,3715,watersystem_x_unit_basin_x_landform,0.030110935023771792,0.0360699865410498,-0.0059590515172780086,0.8347919672635239,eligible,FALSE
Pa->Jo,1,B_830305_30_LF_CLASS::山地斜面等,多摩川 / basin 30 / 山地斜面等,new,115,134,0.8582089552238806,3024,3715,watersystem_x_unit_basin_x_landform,0.03802910052910053,0.0360699865410498,0.00195911398805073,1.0543142422806602,eligible,FALSE
Pa->Jo,1,B_830305_30_LF_CLASS::山麓堆積地形,多摩川 / basin 30 / 山麓堆積地形,continue,2,5,0.4,631,3715,watersystem_x_unit_basin_x_landform,0.003169572107765452,0.0013458950201884253,0.0018236770875770265,2.3549920760697307,low_n_descriptive_only,FALSE
Pa->Jo,1,B_830305_30_LF_CLASS::山麓堆積地形,多摩川 / basin 30 / 山麓堆積地形,new,3,5,0.6,3024,3715,watersystem_x_unit_basin_x_landform,9.92063492063492e-4,0.0013458950201884253,-3.538315281249333e-4,0.7371031746031745,low_n_descriptive_only,FALSE
Pa->Jo,1,B_830305_30_LF_CLASS::氾濫平野・海岸平野,多摩川 / basin 30 / 氾濫平野・海岸平野,continue,1,19,0.05263157894736842,631,3715,watersystem_x_unit_basin_x_landform,0.001584786053882726,0.0051144010767160165,-0.0035296150228332906,0.3098673784302277,low_n_descriptive_only,FALSE
Pa->Jo,1,B_830305_30_LF_CLASS::氾濫平野・海岸平野,多摩川 / basin 30 / 氾濫平野・海岸平野,new,18,19,0.9473684210526315,3024,3715,watersystem_x_unit_basin_x_landform,0.005952380952380952,0.0051144010767160165,8.379798756649355e-4,1.163847117794486,low_n_descriptive_only,FALSE
Pa->Jo,1,B_830305_31_LF_CLASS::台地・段丘,多摩川 / basin 31 / 台地・段丘,new,3,3,1,3024,3715,watersystem_x_unit_basin_x_landform,9.92063492063492e-4,8.075370121130552e-4,1.8452647995043678e-4,1.228505291005291,low_n_descriptive_only,FALSE
Pa->Jo,1,B_830305_32_LF_CLASS::台地・段丘,多摩川 / basin 32 / 台地・段丘,new,2,2,1,3024,3715,watersystem_x_unit_basin_x_landform,6.613756613756613e-4,5.383580080753701e-4,1.2301765330029126e-4,1.228505291005291,low_n_descriptive_only,FALSE
Pa->Jo,1,B_830305_32_LF_CLASS::山地斜面等,多摩川 / basin 32 / 山地斜面等,new,5,5,1,3024,3715,watersystem_x_unit_basin_x_landform,0.0016534391534391533,0.0013458950201884253,3.0754413325072803e-4,1.228505291005291,low_n_descriptive_only,FALSE
Pa->Jo,1,B_830305_33_LF_CLASS::凹地・浅い谷,多摩川 / basin 33 / 凹地・浅い谷,new,2,2,1,3024,3715,watersystem_x_unit_basin_x_landform,6.613756613756613e-4,5.383580080753701e-4,1.2301765330029126e-4,1.228505291005291,low_n_descriptive_only,FALSE
Pa->Jo,1,B_830305_33_LF_CLASS::台地・段丘,多摩川 / basin 33 / 台地・段丘,continue,2,20,0.1,631,3715,watersystem_x_unit_basin_x_landform,0.003169572107765452,0.005383580080753701,-0.0022140079729882495,0.5887480190174327,eligible,FALSE
Pa->Jo,1,B_830305_33_LF_CLASS::台地・段丘,多摩川 / basin 33 / 台地・段丘,new,18,20,0.9,3024,3715,watersystem_x_unit_basin_x_landform,0.005952380952380952,0.005383580080753701,5.688008716272508e-4,1.1056547619047619,eligible,FALSE
Pa->Jo,1,B_830305_33_LF_CLASS::山地斜面等,多摩川 / basin 33 / 山地斜面等,new,8,8,1,3024,3715,watersystem_x_unit_basin_x_landform,0.0026455026455026454,0.0021534320323014803,4.92070613201165e-4,1.228505291005291,low_n_descriptive_only,FALSE
Pa->Jo,1,B_830305_33_LF_CLASS::氾濫平野・海岸平野,多摩川 / basin 33 / 氾濫平野・海岸平野,new,1,1,1,3024,3715,watersystem_x_unit_basin_x_landform,3.3068783068783067e-4,2.6917900403768504e-4,6.150882665014563e-5,1.228505291005291,low_n_descriptive_only,FALSE
Pa->Jo,1,B_830305_34_LF_CLASS::凹地・浅い谷,多摩川 / basin 34 / 凹地・浅い谷,continue,1,3,0.3333333333333333,631,3715,watersystem_x_unit_basin_x_landform,0.001584786053882726,8.075370121130552e-4,7.772490417696707e-4,1.9624933967247755,low_n_descriptive_only,FALSE
Pa->Jo,1,B_830305_34_LF_CLASS::凹地・浅い谷,多摩川 / basin 34 / 凹地・浅い谷,drop,1,3,0.3333333333333333,60,3715,watersystem_x_unit_basin_x_landform,0.016666666666666666,8.075370121130552e-4,0.015859129654553612,20.638888888888886,low_n_descriptive_only,FALSE
Pa->Jo,1,B_830305_34_LF_CLASS::凹地・浅い谷,多摩川 / basin 34 / 凹地・浅い谷,new,1,3,0.3333333333333333,3024,3715,watersystem_x_unit_basin_x_landform,3.3068783068783067e-4,8.075370121130552e-4,-4.7684918142522456e-4,0.4095017636684303,low_n_descriptive_only,FALSE
Pa->Jo,1,B_830305_34_LF_CLASS::台地・段丘,多摩川 / basin 34 / 台地・段丘,continue,2,20,0.1,631,3715,watersystem_x_unit_basin_x_landform,0.003169572107765452,0.005383580080753701,-0.0022140079729882495,0.5887480190174327,eligible,FALSE
Pa->Jo,1,B_830305_34_LF_CLASS::台地・段丘,多摩川 / basin 34 / 台地・段丘,drop,4,20,0.2,60,3715,watersystem_x_unit_basin_x_landform,0.06666666666666667,0.005383580080753701,0.061283086585912964,12.383333333333333,eligible,FALSE
Pa->Jo,1,B_830305_34_LF_CLASS::台地・段丘,多摩川 / basin 34 / 台地・段丘,new,14,20,0.7,3024,3715,watersystem_x_unit_basin_x_landform,0.004629629629629629,0.005383580080753701,-7.539504511240719e-4,0.8599537037037036,eligible,FALSE
Pa->Jo,1,B_830305_34_LF_CLASS::山地斜面等,多摩川 / basin 34 / 山地斜面等,continue,1,13,0.07692307692307693,631,3715,watersystem_x_unit_basin_x_landform,0.001584786053882726,0.0034993270524899056,-0.0019145409986071798,0.4528830915518713,low_n_descriptive_only,FALSE
Pa->Jo,1,B_830305_34_LF_CLASS::山地斜面等,多摩川 / basin 34 / 山地斜面等,new,12,13,0.9230769230769231,3024,3715,watersystem_x_unit_basin_x_landform,0.003968253968253968,0.0034993270524899056,4.689269157640624e-4,1.134004884004884,low_n_descriptive_only,FALSE
Pa->Jo,1,B_830305_34_LF_CLASS::氾濫平野・海岸平野,多摩川 / basin 34 / 氾濫平野・海岸平野,continue,1,2,0.5,631,3715,watersystem_x_unit_basin_x_landform,0.001584786053882726,5.383580080753701e-4,0.0010464280458073558,2.9437400950871635,low_n_descriptive_only,FALSE
Pa->Jo,1,B_830305_34_LF_CLASS::氾濫平野・海岸平野,多摩川 / basin 34 / 氾濫平野・海岸平野,new,1,2,0.5,3024,3715,watersystem_x_unit_basin_x_landform,3.3068783068783067e-4,5.383580080753701e-4,-2.076701773875394e-4,0.6142526455026455,low_n_descriptive_only,FALSE
Pa->Jo,1,B_830305_35_LF_CLASS::台地・段丘,多摩川 / basin 35 / 台地・段丘,continue,5,18,0.2777777777777778,631,3715,watersystem_x_unit_basin_x_landform,0.00792393026941363,0.004845222072678331,0.0030787081967352985,1.635411163937313,low_n_descriptive_only,FALSE
Pa->Jo,1,B_830305_35_LF_CLASS::台地・段丘,多摩川 / basin 35 / 台地・段丘,new,13,18,0.7222222222222222,3024,3715,watersystem_x_unit_basin_x_landform,0.004298941798941799,0.004845222072678331,-5.462802737365323e-4,0.887253821281599,low_n_descriptive_only,FALSE
Pa->Jo,1,B_830305_35_LF_CLASS::山地斜面等,多摩川 / basin 35 / 山地斜面等,continue,3,38,0.07894736842105263,631,3715,watersystem_x_unit_basin_x_landform,0.004754358161648178,0.010228802153432033,-0.005474443991783855,0.46480106764534157,eligible,FALSE
Pa->Jo,1,B_830305_35_LF_CLASS::山地斜面等,多摩川 / basin 35 / 山地斜面等,drop,1,38,0.02631578947368421,60,3715,watersystem_x_unit_basin_x_landform,0.016666666666666666,0.010228802153432033,0.006437864513234633,1.6293859649122806,eligible,FALSE
Pa->Jo,1,B_830305_35_LF_CLASS::山地斜面等,多摩川 / basin 35 / 山地斜面等,new,34,38,0.8947368421052632,3024,3715,watersystem_x_unit_basin_x_landform,0.011243386243386243,0.010228802153432033,0.0010145840899542097,1.0991889445836813,eligible,FALSE
Pa->Jo,1,B_830305_35_LF_CLASS::山麓堆積地形,多摩川 / basin 35 / 山麓堆積地形,new,3,3,1,3024,3715,watersystem_x_unit_basin_x_landform,9.92063492063492e-4,8.075370121130552e-4,1.8452647995043678e-4,1.228505291005291,low_n_descriptive_only,FALSE
Pa->Jo,1,B_830305_35_LF_CLASS::氾濫平野・海岸平野,多摩川 / basin 35 / 氾濫平野・海岸平野,new,5,5,1,3024,3715,watersystem_x_unit_basin_x_landform,0.0016534391534391533,0.0013458950201884253,3.0754413325072803e-4,1.228505291005291,low_n_descriptive_only,FALSE
Pa->Jo,1,B_830305_36_LF_CLASS::台地・段丘,多摩川 / basin 36 / 台地・段丘,continue,3,6,0.5,631,3715,watersystem_x_unit_basin_x_landform,0.004754358161648178,0.0016150740242261105,0.003139284137422067,2.943740095087163,low_n_descriptive_only,FALSE
Pa->Jo,1,B_830305_36_LF_CLASS::台地・段丘,多摩川 / basin 36 / 台地・段丘,new,3,6,0.5,3024,3715,watersystem_x_unit_basin_x_landform,9.92063492063492e-4,0.0016150740242261105,-6.230105321626185e-4,0.6142526455026455,low_n_descriptive_only,FALSE
Pa->Jo,1,B_830305_36_LF_CLASS::山地斜面等,多摩川 / basin 36 / 山地斜面等,continue,2,39,0.05128205128205128,631,3715,watersystem_x_unit_basin_x_landform,0.003169572107765452,0.010497981157469718,-0.007328409049704266,0.30192206103458086,eligible,FALSE
Pa->Jo,1,B_830305_36_LF_CLASS::山地斜面等,多摩川 / basin 36 / 山地斜面等,new,37,39,0.9487179487179487,3024,3715,watersystem_x_unit_basin_x_landform,0.012235449735449735,0.010497981157469718,0.001737468577980017,1.1655050196716863,eligible,FALSE
Pa->Jo,1,B_830305_36_LF_CLASS::氾濫平野・海岸平野,多摩川 / basin 36 / 氾濫平野・海岸平野,new,3,3,1,3024,3715,watersystem_x_unit_basin_x_landform,9.92063492063492e-4,8.075370121130552e-4,1.8452647995043678e-4,1.228505291005291,low_n_descriptive_only,FALSE
Pa->Jo,1,B_830305_37_LF_CLASS::台地・段丘,多摩川 / basin 37 / 台地・段丘,new,4,4,1,3024,3715,watersystem_x_unit_basin_x_landform,0.0013227513227513227,0.0010767160161507402,2.460353066005825e-4,1.228505291005291,low_n_descriptive_only,FALSE
Pa->Jo,1,B_830305_37_LF_CLASS::山地斜面等,多摩川 / basin 37 / 山地斜面等,new,2,2,1,3024,3715,watersystem_x_unit_basin_x_landform,6.613756613756613e-4,5.383580080753701e-4,1.2301765330029126e-4,1.228505291005291,low_n_descriptive_only,FALSE
Pa->Jo,1,B_830305_38_LF_CLASS::台地・段丘,多摩川 / basin 38 / 台地・段丘,new,4,4,1,3024,3715,watersystem_x_unit_basin_x_landform,0.0013227513227513227,0.0010767160161507402,2.460353066005825e-4,1.228505291005291,low_n_descriptive_only,FALSE
Pa->Jo,1,B_830305_38_LF_CLASS::山地斜面等,多摩川 / basin 38 / 山地斜面等,new,1,1,1,3024,3715,watersystem_x_unit_basin_x_landform,3.3068783068783067e-4,2.6917900403768504e-4,6.150882665014563e-5,1.228505291005291,low_n_descriptive_only,FALSE
Pa->Jo,1,B_830305_39_LF_CLASS::台地・段丘,多摩川 / basin 39 / 台地・段丘,new,2,2,1,3024,3715,watersystem_x_unit_basin_x_landform,6.613756613756613e-4,5.383580080753701e-4,1.2301765330029126e-4,1.228505291005291,low_n_descriptive_only,FALSE
Pa->Jo,1,B_830305_3_LF_CLASS::台地・段丘,多摩川 / basin 3 / 台地・段丘,continue,3,6,0.5,631,3715,watersystem_x_unit_basin_x_landform,0.004754358161648178,0.0016150740242261105,0.003139284137422067,2.943740095087163,low_n_descriptive_only,FALSE
Pa->Jo,1,B_830305_3_LF_CLASS::台地・段丘,多摩川 / basin 3 / 台地・段丘,new,3,6,0.5,3024,3715,watersystem_x_unit_basin_x_landform,9.92063492063492e-4,0.0016150740242261105,-6.230105321626185e-4,0.6142526455026455,low_n_descriptive_only,FALSE
Pa->Jo,1,B_830305_3_LF_CLASS::山地斜面等,多摩川 / basin 3 / 山地斜面等,new,3,3,1,3024,3715,watersystem_x_unit_basin_x_landform,9.92063492063492e-4,8.075370121130552e-4,1.8452647995043678e-4,1.228505291005291,low_n_descriptive_only,FALSE
Pa->Jo,1,B_830305_40_LF_CLASS::凹地・浅い谷,多摩川 / basin 40 / 凹地・浅い谷,continue,1,2,0.5,631,3715,watersystem_x_unit_basin_x_landform,0.001584786053882726,5.383580080753701e-4,0.0010464280458073558,2.9437400950871635,low_n_descriptive_only,FALSE
Pa->Jo,1,B_830305_40_LF_CLASS::凹地・浅い谷,多摩川 / basin 40 / 凹地・浅い谷,new,1,2,0.5,3024,3715,watersystem_x_unit_basin_x_landform,3.3068783068783067e-4,5.383580080753701e-4,-2.076701773875394e-4,0.6142526455026455,low_n_descriptive_only,FALSE
Pa->Jo,1,B_830305_40_LF_CLASS::台地・段丘,多摩川 / basin 40 / 台地・段丘,continue,7,28,0.25,631,3715,watersystem_x_unit_basin_x_landform,0.011093502377179081,0.007537012113055182,0.0035564902641238997,1.4718700475435817,eligible,FALSE
Pa->Jo,1,B_830305_40_LF_CLASS::台地・段丘,多摩川 / basin 40 / 台地・段丘,new,21,28,0.75,3024,3715,watersystem_x_unit_basin_x_landform,0.006944444444444444,0.007537012113055182,-5.925676686107375e-4,0.9213789682539683,eligible,FALSE
Pa->Jo,1,B_830305_40_LF_CLASS::山地斜面等,多摩川 / basin 40 / 山地斜面等,continue,5,26,0.19230769230769232,631,3715,watersystem_x_unit_basin_x_landform,0.00792393026941363,0.006998654104979811,9.252761644338182e-4,1.1322077288796784,eligible,FALSE
Pa->Jo,1,B_830305_40_LF_CLASS::山地斜面等,多摩川 / basin 40 / 山地斜面等,new,21,26,0.8076923076923077,3024,3715,watersystem_x_unit_basin_x_landform,0.006944444444444444,0.006998654104979811,-5.420966053536723e-5,0.9922542735042735,eligible,FALSE
Pa->Jo,1,B_830305_40_LF_CLASS::山麓堆積地形,多摩川 / basin 40 / 山麓堆積地形,new,1,1,1,3024,3715,watersystem_x_unit_basin_x_landform,3.3068783068783067e-4,2.6917900403768504e-4,6.150882665014563e-5,1.228505291005291,low_n_descriptive_only,FALSE
Pa->Jo,1,B_830305_40_LF_CLASS::崖・段丘崖,多摩川 / basin 40 / 崖・段丘崖,new,1,1,1,3024,3715,watersystem_x_unit_basin_x_landform,3.3068783068783067e-4,2.6917900403768504e-4,6.150882665014563e-5,1.228505291005291,low_n_descriptive_only,FALSE
Pa->Jo,1,B_830305_40_LF_CLASS::氾濫平野・海岸平野,多摩川 / basin 40 / 氾濫平野・海岸平野,new,1,1,1,3024,3715,watersystem_x_unit_basin_x_landform,3.3068783068783067e-4,2.6917900403768504e-4,6.150882665014563e-5,1.228505291005291,low_n_descriptive_only,FALSE
Pa->Jo,1,B_830305_41_LF_CLASS::台地・段丘,多摩川 / basin 41 / 台地・段丘,new,6,6,1,3024,3715,watersystem_x_unit_basin_x_landform,0.001984126984126984,0.0016150740242261105,3.6905295990087355e-4,1.228505291005291,low_n_descriptive_only,FALSE
Pa->Jo,1,B_830305_41_LF_CLASS::山地斜面等,多摩川 / basin 41 / 山地斜面等,new,1,1,1,3024,3715,watersystem_x_unit_basin_x_landform,3.3068783068783067e-4,2.6917900403768504e-4,6.150882665014563e-5,1.228505291005291,low_n_descriptive_only,FALSE
Pa->Jo,1,B_830305_41_LF_CLASS::氾濫平野・海岸平野,多摩川 / basin 41 / 氾濫平野・海岸平野,new,1,1,1,3024,3715,watersystem_x_unit_basin_x_landform,3.3068783068783067e-4,2.6917900403768504e-4,6.150882665014563e-5,1.228505291005291,low_n_descriptive_only,FALSE
Pa->Jo,1,B_830305_42_LF_CLASS::台地・段丘,多摩川 / basin 42 / 台地・段丘,new,17,17,1,3024,3715,watersystem_x_unit_basin_x_landform,0.005621693121693121,0.004576043068640646,0.0010456500530524751,1.228505291005291,low_n_descriptive_only,FALSE
Pa->Jo,1,B_830305_42_LF_CLASS::山地斜面等,多摩川 / basin 42 / 山地斜面等,new,3,3,1,3024,3715,watersystem_x_unit_basin_x_landform,9.92063492063492e-4,8.075370121130552e-4,1.8452647995043678e-4,1.228505291005291,low_n_descriptive_only,FALSE
Pa->Jo,1,B_830305_42_LF_CLASS::崖・段丘崖,多摩川 / basin 42 / 崖・段丘崖,new,1,1,1,3024,3715,watersystem_x_unit_basin_x_landform,3.3068783068783067e-4,2.6917900403768504e-4,6.150882665014563e-5,1.228505291005291,low_n_descriptive_only,FALSE
Pa->Jo,1,B_830305_43_LF_CLASS::凹地・浅い谷,多摩川 / basin 43 / 凹地・浅い谷,continue,1,1,1,631,3715,watersystem_x_unit_basin_x_landform,0.001584786053882726,2.6917900403768504e-4,0.0013156070498450407,5.887480190174327,low_n_descriptive_only,FALSE
Pa->Jo,1,B_830305_43_LF_CLASS::台地・段丘,多摩川 / basin 43 / 台地・段丘,continue,1,36,0.027777777777777776,631,3715,watersystem_x_unit_basin_x_landform,0.001584786053882726,0.009690444145356662,-0.008105658091473936,0.1635411163937313,eligible,FALSE
Pa->Jo,1,B_830305_43_LF_CLASS::台地・段丘,多摩川 / basin 43 / 台地・段丘,new,35,36,0.9722222222222222,3024,3715,watersystem_x_unit_basin_x_landform,0.011574074074074073,0.009690444145356662,0.0018836299287174115,1.1943801440329218,eligible,FALSE
Pa->Jo,1,B_830305_43_LF_CLASS::山地斜面等,多摩川 / basin 43 / 山地斜面等,new,5,5,1,3024,3715,watersystem_x_unit_basin_x_landform,0.0016534391534391533,0.0013458950201884253,3.0754413325072803e-4,1.228505291005291,low_n_descriptive_only,FALSE
Pa->Jo,1,B_830305_43_LF_CLASS::崖・段丘崖,多摩川 / basin 43 / 崖・段丘崖,new,1,1,1,3024,3715,watersystem_x_unit_basin_x_landform,3.3068783068783067e-4,2.6917900403768504e-4,6.150882665014563e-5,1.228505291005291,low_n_descriptive_only,FALSE
Pa->Jo,1,B_830305_44_LF_CLASS::台地・段丘,多摩川 / basin 44 / 台地・段丘,new,3,3,1,3024,3715,watersystem_x_unit_basin_x_landform,9.92063492063492e-4,8.075370121130552e-4,1.8452647995043678e-4,1.228505291005291,low_n_descriptive_only,FALSE
Pa->Jo,1,B_830305_44_LF_CLASS::山地斜面等,多摩川 / basin 44 / 山地斜面等,new,8,8,1,3024,3715,watersystem_x_unit_basin_x_landform,0.0026455026455026454,0.0021534320323014803,4.92070613201165e-4,1.228505291005291,low_n_descriptive_only,FALSE
Pa->Jo,1,B_830305_44_LF_CLASS::氾濫平野・海岸平野,多摩川 / basin 44 / 氾濫平野・海岸平野,new,2,2,1,3024,3715,watersystem_x_unit_basin_x_landform,6.613756613756613e-4,5.383580080753701e-4,1.2301765330029126e-4,1.228505291005291,low_n_descriptive_only,FALSE
Pa->Jo,1,B_830305_46_LF_CLASS::台地・段丘,多摩川 / basin 46 / 台地・段丘,new,14,14,1,3024,3715,watersystem_x_unit_basin_x_landform,0.004629629629629629,0.003768506056527591,8.611235731020386e-4,1.228505291005291,low_n_descriptive_only,FALSE
Pa->Jo,1,B_830305_46_LF_CLASS::山地斜面等,多摩川 / basin 46 / 山地斜面等,new,2,2,1,3024,3715,watersystem_x_unit_basin_x_landform,6.613756613756613e-4,5.383580080753701e-4,1.2301765330029126e-4,1.228505291005291,low_n_descriptive_only,FALSE
Pa->Jo,1,B_830305_46_LF_CLASS::山麓堆積地形,多摩川 / basin 46 / 山麓堆積地形,new,1,1,1,3024,3715,watersystem_x_unit_basin_x_landform,3.3068783068783067e-4,2.6917900403768504e-4,6.150882665014563e-5,1.228505291005291,low_n_descriptive_only,FALSE
Pa->Jo,1,B_830305_46_LF_CLASS::崖・段丘崖,多摩川 / basin 46 / 崖・段丘崖,new,1,1,1,3024,3715,watersystem_x_unit_basin_x_landform,3.3068783068783067e-4,2.6917900403768504e-4,6.150882665014563e-5,1.228505291005291,low_n_descriptive_only,FALSE
Pa->Jo,1,B_830305_46_LF_CLASS::氾濫平野・海岸平野,多摩川 / basin 46 / 氾濫平野・海岸平野,new,1,1,1,3024,3715,watersystem_x_unit_basin_x_landform,3.3068783068783067e-4,2.6917900403768504e-4,6.150882665014563e-5,1.228505291005291,low_n_descriptive_only,FALSE
Pa->Jo,1,B_830305_47_LF_CLASS::台地・段丘,多摩川 / basin 47 / 台地・段丘,new,1,1,1,3024,3715,watersystem_x_unit_basin_x_landform,3.3068783068783067e-4,2.6917900403768504e-4,6.150882665014563e-5,1.228505291005291,low_n_descriptive_only,FALSE
Pa->Jo,1,B_830305_48_LF_CLASS::台地・段丘,多摩川 / basin 48 / 台地・段丘,new,8,8,1,3024,3715,watersystem_x_unit_basin_x_landform,0.0026455026455026454,0.0021534320323014803,4.92070613201165e-4,1.228505291005291,low_n_descriptive_only,FALSE
Pa->Jo,1,B_830305_48_LF_CLASS::山地斜面等,多摩川 / basin 48 / 山地斜面等,new,7,7,1,3024,3715,watersystem_x_unit_basin_x_landform,0.0023148148148148147,0.0018842530282637954,4.305617865510193e-4,1.228505291005291,low_n_descriptive_only,FALSE
Pa->Jo,1,B_830305_48_LF_CLASS::扇状地,多摩川 / basin 48 / 扇状地,new,1,1,1,3024,3715,watersystem_x_unit_basin_x_landform,3.3068783068783067e-4,2.6917900403768504e-4,6.150882665014563e-5,1.228505291005291,low_n_descriptive_only,FALSE
Pa->Jo,1,B_830305_48_LF_CLASS::氾濫平野・海岸平野,多摩川 / basin 48 / 氾濫平野・海岸平野,new,2,2,1,3024,3715,watersystem_x_unit_basin_x_landform,6.613756613756613e-4,5.383580080753701e-4,1.2301765330029126e-4,1.228505291005291,low_n_descriptive_only,FALSE
Pa->Jo,1,B_830305_49_LF_CLASS::山地斜面等,多摩川 / basin 49 / 山地斜面等,new,2,2,1,3024,3715,watersystem_x_unit_basin_x_landform,6.613756613756613e-4,5.383580080753701e-4,1.2301765330029126e-4,1.228505291005291,low_n_descriptive_only,FALSE
Pa->Jo,1,B_830305_49_LF_CLASS::氾濫平野・海岸平野,多摩川 / basin 49 / 氾濫平野・海岸平野,new,1,1,1,3024,3715,watersystem_x_unit_basin_x_landform,3.3068783068783067e-4,2.6917900403768504e-4,6.150882665014563e-5,1.228505291005291,low_n_descriptive_only,FALSE
Pa->Jo,1,B_830305_50_LF_CLASS::台地・段丘,多摩川 / basin 50 / 台地・段丘,continue,1,5,0.2,631,3715,watersystem_x_unit_basin_x_landform,0.001584786053882726,0.0013458950201884253,2.3889103369430058e-4,1.1774960380348654,low_n_descriptive_only,FALSE
Pa->Jo,1,B_830305_50_LF_CLASS::台地・段丘,多摩川 / basin 50 / 台地・段丘,new,4,5,0.8,3024,3715,watersystem_x_unit_basin_x_landform,0.0013227513227513227,0.0013458950201884253,-2.3143697437102637e-5,0.9828042328042328,low_n_descriptive_only,FALSE
Pa->Jo,1,B_830305_51_LF_CLASS::台地・段丘,多摩川 / basin 51 / 台地・段丘,new,3,3,1,3024,3715,watersystem_x_unit_basin_x_landform,9.92063492063492e-4,8.075370121130552e-4,1.8452647995043678e-4,1.228505291005291,low_n_descriptive_only,FALSE
Pa->Jo,1,B_830305_51_LF_CLASS::山地斜面等,多摩川 / basin 51 / 山地斜面等,new,2,2,1,3024,3715,watersystem_x_unit_basin_x_landform,6.613756613756613e-4,5.383580080753701e-4,1.2301765330029126e-4,1.228505291005291,low_n_descriptive_only,FALSE
Pa->Jo,1,B_830305_51_LF_CLASS::氾濫平野・海岸平野,多摩川 / basin 51 / 氾濫平野・海岸平野,new,1,1,1,3024,3715,watersystem_x_unit_basin_x_landform,3.3068783068783067e-4,2.6917900403768504e-4,6.150882665014563e-5,1.228505291005291,low_n_descriptive_only,FALSE
Pa->Jo,1,B_830305_52_LF_CLASS::台地・段丘,多摩川 / basin 52 / 台地・段丘,new,5,5,1,3024,3715,watersystem_x_unit_basin_x_landform,0.0016534391534391533,0.0013458950201884253,3.0754413325072803e-4,1.228505291005291,low_n_descriptive_only,FALSE
Pa->Jo,1,B_830305_55_LF_CLASS::台地・段丘,多摩川 / basin 55 / 台地・段丘,new,3,3,1,3024,3715,watersystem_x_unit_basin_x_landform,9.92063492063492e-4,8.075370121130552e-4,1.8452647995043678e-4,1.228505291005291,low_n_descriptive_only,FALSE
Pa->Jo,1,B_830305_55_LF_CLASS::氾濫平野・海岸平野,多摩川 / basin 55 / 氾濫平野・海岸平野,new,1,1,1,3024,3715,watersystem_x_unit_basin_x_landform,3.3068783068783067e-4,2.6917900403768504e-4,6.150882665014563e-5,1.228505291005291,low_n_descriptive_only,FALSE
Pa->Jo,1,B_830305_56_LF_CLASS::台地・段丘,多摩川 / basin 56 / 台地・段丘,continue,1,9,0.1111111111111111,631,3715,watersystem_x_unit_basin_x_landform,0.001584786053882726,0.0024226110363391655,-8.378249824564396e-4,0.6541644655749252,low_n_descriptive_only,FALSE
Pa->Jo,1,B_830305_56_LF_CLASS::台地・段丘,多摩川 / basin 56 / 台地・段丘,new,8,9,0.8888888888888888,3024,3715,watersystem_x_unit_basin_x_landform,0.0026455026455026454,0.0024226110363391655,2.2289160916347988e-4,1.0920047031158142,low_n_descriptive_only,FALSE
Pa->Jo,1,B_830305_56_LF_CLASS::山地斜面等,多摩川 / basin 56 / 山地斜面等,new,1,1,1,3024,3715,watersystem_x_unit_basin_x_landform,3.3068783068783067e-4,2.6917900403768504e-4,6.150882665014563e-5,1.228505291005291,low_n_descriptive_only,FALSE
Pa->Jo,1,B_830305_57_LF_CLASS::台地・段丘,多摩川 / basin 57 / 台地・段丘,new,1,1,1,3024,3715,watersystem_x_unit_basin_x_landform,3.3068783068783067e-4,2.6917900403768504e-4,6.150882665014563e-5,1.228505291005291,low_n_descriptive_only,FALSE
Pa->Jo,1,B_830305_57_LF_CLASS::崖・段丘崖,多摩川 / basin 57 / 崖・段丘崖,new,1,1,1,3024,3715,watersystem_x_unit_basin_x_landform,3.3068783068783067e-4,2.6917900403768504e-4,6.150882665014563e-5,1.228505291005291,low_n_descriptive_only,FALSE
Pa->Jo,1,B_830305_58_LF_CLASS::氾濫平野・海岸平野,多摩川 / basin 58 / 氾濫平野・海岸平野,new,1,1,1,3024,3715,watersystem_x_unit_basin_x_landform,3.3068783068783067e-4,2.6917900403768504e-4,6.150882665014563e-5,1.228505291005291,low_n_descriptive_only,FALSE
Pa->Jo,1,B_830305_5_LF_CLASS::凹地・浅い谷,多摩川 / basin 5 / 凹地・浅い谷,new,1,1,1,3024,3715,watersystem_x_unit_basin_x_landform,3.3068783068783067e-4,2.6917900403768504e-4,6.150882665014563e-5,1.228505291005291,low_n_descriptive_only,FALSE
Pa->Jo,1,B_830305_5_LF_CLASS::台地・段丘,多摩川 / basin 5 / 台地・段丘,continue,2,3,0.6666666666666666,631,3715,watersystem_x_unit_basin_x_landform,0.003169572107765452,8.075370121130552e-4,0.0023620350956523968,3.924986793449551,low_n_descriptive_only,FALSE
Pa->Jo,1,B_830305_5_LF_CLASS::台地・段丘,多摩川 / basin 5 / 台地・段丘,new,1,3,0.3333333333333333,3024,3715,watersystem_x_unit_basin_x_landform,3.3068783068783067e-4,8.075370121130552e-4,-4.7684918142522456e-4,0.4095017636684303,low_n_descriptive_only,FALSE
Pa->Jo,1,B_830305_5_LF_CLASS::山地斜面等,多摩川 / basin 5 / 山地斜面等,new,1,1,1,3024,3715,watersystem_x_unit_basin_x_landform,3.3068783068783067e-4,2.6917900403768504e-4,6.150882665014563e-5,1.228505291005291,low_n_descriptive_only,FALSE
Pa->Jo,1,B_830305_71_LF_CLASS::台地・段丘,多摩川 / basin 71 / 台地・段丘,new,1,1,1,3024,3715,watersystem_x_unit_basin_x_landform,3.3068783068783067e-4,2.6917900403768504e-4,6.150882665014563e-5,1.228505291005291,low_n_descriptive_only,FALSE
Pa->Jo,1,B_830305_72_LF_CLASS::台地・段丘,多摩川 / basin 72 / 台地・段丘,continue,1,2,0.5,631,3715,watersystem_x_unit_basin_x_landform,0.001584786053882726,5.383580080753701e-4,0.0010464280458073558,2.9437400950871635,low_n_descriptive_only,FALSE
Pa->Jo,1,B_830305_72_LF_CLASS::台地・段丘,多摩川 / basin 72 / 台地・段丘,new,1,2,0.5,3024,3715,watersystem_x_unit_basin_x_landform,3.3068783068783067e-4,5.383580080753701e-4,-2.076701773875394e-4,0.6142526455026455,low_n_descriptive_only,FALSE
Pa->Jo,1,B_830305_72_LF_CLASS::山地斜面等,多摩川 / basin 72 / 山地斜面等,new,7,7,1,3024,3715,watersystem_x_unit_basin_x_landform,0.0023148148148148147,0.0018842530282637954,4.305617865510193e-4,1.228505291005291,low_n_descriptive_only,FALSE
Pa->Jo,1,B_830305_72_LF_CLASS::氾濫平野・海岸平野,多摩川 / basin 72 / 氾濫平野・海岸平野,new,1,1,1,3024,3715,watersystem_x_unit_basin_x_landform,3.3068783068783067e-4,2.6917900403768504e-4,6.150882665014563e-5,1.228505291005291,low_n_descriptive_only,FALSE
Pa->Jo,1,B_830305_73_LF_CLASS::台地・段丘,多摩川 / basin 73 / 台地・段丘,new,4,4,1,3024,3715,watersystem_x_unit_basin_x_landform,0.0013227513227513227,0.0010767160161507402,2.460353066005825e-4,1.228505291005291,low_n_descriptive_only,FALSE
Pa->Jo,1,B_830305_73_LF_CLASS::山地斜面等,多摩川 / basin 73 / 山地斜面等,new,1,1,1,3024,3715,watersystem_x_unit_basin_x_landform,3.3068783068783067e-4,2.6917900403768504e-4,6.150882665014563e-5,1.228505291005291,low_n_descriptive_only,FALSE
Pa->Jo,1,B_830305_74_LF_CLASS::台地・段丘,多摩川 / basin 74 / 台地・段丘,new,1,1,1,3024,3715,watersystem_x_unit_basin_x_landform,3.3068783068783067e-4,2.6917900403768504e-4,6.150882665014563e-5,1.228505291005291,low_n_descriptive_only,FALSE
Pa->Jo,1,B_830305_75_LF_CLASS::台地・段丘,多摩川 / basin 75 / 台地・段丘,new,5,5,1,3024,3715,watersystem_x_unit_basin_x_landform,0.0016534391534391533,0.0013458950201884253,3.0754413325072803e-4,1.228505291005291,low_n_descriptive_only,FALSE
Pa->Jo,1,B_830305_75_LF_CLASS::山地斜面等,多摩川 / basin 75 / 山地斜面等,new,1,1,1,3024,3715,watersystem_x_unit_basin_x_landform,3.3068783068783067e-4,2.6917900403768504e-4,6.150882665014563e-5,1.228505291005291,low_n_descriptive_only,FALSE
Pa->Jo,1,B_830305_75_LF_CLASS::山麓堆積地形,多摩川 / basin 75 / 山麓堆積地形,new,1,1,1,3024,3715,watersystem_x_unit_basin_x_landform,3.3068783068783067e-4,2.6917900403768504e-4,6.150882665014563e-5,1.228505291005291,low_n_descriptive_only,FALSE
Pa->Jo,1,B_830305_76_LF_CLASS::山地斜面等,多摩川 / basin 76 / 山地斜面等,new,1,1,1,3024,3715,watersystem_x_unit_basin_x_landform,3.3068783068783067e-4,2.6917900403768504e-4,6.150882665014563e-5,1.228505291005291,low_n_descriptive_only,FALSE
Pa->Jo,1,B_830305_8_LF_CLASS::台地・段丘,多摩川 / basin 8 / 台地・段丘,continue,8,17,0.47058823529411764,631,3715,watersystem_x_unit_basin_x_landform,0.012678288431061807,0.004576043068640646,0.00810224536242116,2.7705789130232126,low_n_descriptive_only,FALSE
Pa->Jo,1,B_830305_8_LF_CLASS::台地・段丘,多摩川 / basin 8 / 台地・段丘,new,9,17,0.5294117647058824,3024,3715,watersystem_x_unit_basin_x_landform,0.002976190476190476,0.004576043068640646,-0.0015998525924501702,0.6503851540616246,low_n_descriptive_only,FALSE
Pa->Jo,1,B_830305_8_LF_CLASS::山地斜面等,多摩川 / basin 8 / 山地斜面等,continue,1,1,1,631,3715,watersystem_x_unit_basin_x_landform,0.001584786053882726,2.6917900403768504e-4,0.0013156070498450407,5.887480190174327,low_n_descriptive_only,FALSE
Pa->Jo,1,B_830305_8_LF_CLASS::氾濫平野・海岸平野,多摩川 / basin 8 / 氾濫平野・海岸平野,new,1,1,1,3024,3715,watersystem_x_unit_basin_x_landform,3.3068783068783067e-4,2.6917900403768504e-4,6.150882665014563e-5,1.228505291005291,low_n_descriptive_only,FALSE
Pa->Jo,1,B_830305_9_LF_CLASS::氾濫平野・海岸平野,多摩川 / basin 9 / 氾濫平野・海岸平野,new,1,1,1,3024,3715,watersystem_x_unit_basin_x_landform,3.3068783068783067e-4,2.6917900403768504e-4,6.150882665014563e-5,1.228505291005291,low_n_descriptive_only,FALSE
Pa->Jo,1,B_830306_16_LF_CLASS::台地・段丘,鶴見川 / basin 16 / 台地・段丘,continue,3,54,0.05555555555555555,631,3715,watersystem_x_unit_basin_x_landform,0.004754358161648178,0.014535666218034994,-0.009781308056386816,0.32708223278746257,eligible,FALSE
Pa->Jo,1,B_830306_16_LF_CLASS::台地・段丘,鶴見川 / basin 16 / 台地・段丘,new,51,54,0.9444444444444444,3024,3715,watersystem_x_unit_basin_x_landform,0.016865079365079364,0.014535666218034994,0.0023294131470443704,1.1602549970605525,eligible,FALSE
Pa->Jo,1,B_830306_16_LF_CLASS::山地斜面等,鶴見川 / basin 16 / 山地斜面等,continue,2,66,0.030303030303030304,631,3715,watersystem_x_unit_basin_x_landform,0.003169572107765452,0.017765814266487216,-0.014596242158721764,0.17840849061134323,eligible,FALSE
Pa->Jo,1,B_830306_16_LF_CLASS::山地斜面等,鶴見川 / basin 16 / 山地斜面等,drop,1,66,0.015151515151515152,60,3715,watersystem_x_unit_basin_x_landform,0.016666666666666666,0.017765814266487216,-0.001099147599820549,0.938131313131313,eligible,FALSE
Pa->Jo,1,B_830306_16_LF_CLASS::山地斜面等,鶴見川 / basin 16 / 山地斜面等,new,63,66,0.9545454545454546,3024,3715,watersystem_x_unit_basin_x_landform,0.020833333333333332,0.017765814266487216,0.0030675190668461166,1.1726641414141412,eligible,FALSE
Pa->Jo,1,B_830306_16_LF_CLASS::山麓堆積地形,鶴見川 / basin 16 / 山麓堆積地形,new,2,2,1,3024,3715,watersystem_x_unit_basin_x_landform,6.613756613756613e-4,5.383580080753701e-4,1.2301765330029126e-4,1.228505291005291,low_n_descriptive_only,FALSE
Pa->Jo,1,B_830306_16_LF_CLASS::崖・段丘崖,鶴見川 / basin 16 / 崖・段丘崖,new,1,1,1,3024,3715,watersystem_x_unit_basin_x_landform,3.3068783068783067e-4,2.6917900403768504e-4,6.150882665014563e-5,1.228505291005291,low_n_descriptive_only,FALSE
Pa->Jo,1,B_830306_16_LF_CLASS::水部,鶴見川 / basin 16 / 水部,new,2,2,1,3024,3715,watersystem_x_unit_basin_x_landform,6.613756613756613e-4,5.383580080753701e-4,1.2301765330029126e-4,1.228505291005291,low_n_descriptive_only,FALSE
Pa->Jo,1,B_830306_16_LF_CLASS::氾濫平野・海岸平野,鶴見川 / basin 16 / 氾濫平野・海岸平野,continue,1,9,0.1111111111111111,631,3715,watersystem_x_unit_basin_x_landform,0.001584786053882726,0.0024226110363391655,-8.378249824564396e-4,0.6541644655749252,low_n_descriptive_only,FALSE
Pa->Jo,1,B_830306_16_LF_CLASS::氾濫平野・海岸平野,鶴見川 / basin 16 / 氾濫平野・海岸平野,drop,1,9,0.1111111111111111,60,3715,watersystem_x_unit_basin_x_landform,0.016666666666666666,0.0024226110363391655,0.0142440556303275,6.87962962962963,low_n_descriptive_only,FALSE
Pa->Jo,1,B_830306_16_LF_CLASS::氾濫平野・海岸平野,鶴見川 / basin 16 / 氾濫平野・海岸平野,new,7,9,0.7777777777777778,3024,3715,watersystem_x_unit_basin_x_landform,0.0023148148148148147,0.0024226110363391655,-1.0779622152435079e-4,0.9555041152263374,low_n_descriptive_only,FALSE
Pa->Jo,1,B_830306_16_LF_CLASS::自然堤防,鶴見川 / basin 16 / 自然堤防,new,2,2,1,3024,3715,watersystem_x_unit_basin_x_landform,6.613756613756613e-4,5.383580080753701e-4,1.2301765330029126e-4,1.228505291005291,low_n_descriptive_only,FALSE
Pa->Jo,1,B_830306_17_LF_CLASS::台地・段丘,鶴見川 / basin 17 / 台地・段丘,new,3,3,1,3024,3715,watersystem_x_unit_basin_x_landform,9.92063492063492e-4,8.075370121130552e-4,1.8452647995043678e-4,1.228505291005291,low_n_descriptive_only,FALSE
Pa->Jo,1,B_830306_17_LF_CLASS::山地斜面等,鶴見川 / basin 17 / 山地斜面等,new,6,6,1,3024,3715,watersystem_x_unit_basin_x_landform,0.001984126984126984,0.0016150740242261105,3.6905295990087355e-4,1.228505291005291,low_n_descriptive_only,FALSE
Pa->Jo,1,B_830306_19_LF_CLASS::台地・段丘,鶴見川 / basin 19 / 台地・段丘,new,2,2,1,3024,3715,watersystem_x_unit_basin_x_landform,6.613756613756613e-4,5.383580080753701e-4,1.2301765330029126e-4,1.228505291005291,low_n_descriptive_only,FALSE
Pa->Jo,1,B_830306_19_LF_CLASS::山地斜面等,鶴見川 / basin 19 / 山地斜面等,continue,2,19,0.10526315789473684,631,3715,watersystem_x_unit_basin_x_landform,0.003169572107765452,0.0051144010767160165,-0.0019448289689505648,0.6197347568604554,low_n_descriptive_only,FALSE
Pa->Jo,1,B_830306_19_LF_CLASS::山地斜面等,鶴見川 / basin 19 / 山地斜面等,new,17,19,0.8947368421052632,3024,3715,watersystem_x_unit_basin_x_landform,0.005621693121693121,0.0051144010767160165,5.072920449771048e-4,1.0991889445836813,low_n_descriptive_only,FALSE
Pa->Jo,1,B_830306_19_LF_CLASS::氾濫平野・海岸平野,鶴見川 / basin 19 / 氾濫平野・海岸平野,new,2,2,1,3024,3715,watersystem_x_unit_basin_x_landform,6.613756613756613e-4,5.383580080753701e-4,1.2301765330029126e-4,1.228505291005291,low_n_descriptive_only,FALSE
Pa->Jo,1,B_830306_20_LF_CLASS::台地・段丘,鶴見川 / basin 20 / 台地・段丘,continue,1,28,0.03571428571428571,631,3715,watersystem_x_unit_basin_x_landform,0.001584786053882726,0.007537012113055182,-0.005952226059172456,0.2102671496490831,eligible,FALSE
Pa->Jo,1,B_830306_20_LF_CLASS::台地・段丘,鶴見川 / basin 20 / 台地・段丘,new,27,28,0.9642857142857143,3024,3715,watersystem_x_unit_basin_x_landform,0.008928571428571428,0.007537012113055182,0.0013915593155162465,1.1846301020408163,eligible,FALSE
Pa->Jo,1,B_830306_20_LF_CLASS::山地斜面等,鶴見川 / basin 20 / 山地斜面等,continue,12,254,0.047244094488188976,631,3715,watersystem_x_unit_basin_x_landform,0.01901743264659271,0.06837146702557201,-0.0493540343789793,0.2781486704019367,eligible,FALSE
Pa->Jo,1,B_830306_20_LF_CLASS::山地斜面等,鶴見川 / basin 20 / 山地斜面等,drop,2,254,0.007874015748031496,60,3715,watersystem_x_unit_basin_x_landform,0.03333333333333333,0.06837146702557201,-0.035038133692238675,0.4875328083989501,eligible,FALSE
Pa->Jo,1,B_830306_20_LF_CLASS::山地斜面等,鶴見川 / basin 20 / 山地斜面等,new,240,254,0.9448818897637795,3024,3715,watersystem_x_unit_basin_x_landform,0.07936507936507936,0.06837146702557201,0.010993612339507353,1.1607924009498811,eligible,FALSE
Pa->Jo,1,B_830306_20_LF_CLASS::山麓堆積地形,鶴見川 / basin 20 / 山麓堆積地形,new,7,7,1,3024,3715,watersystem_x_unit_basin_x_landform,0.0023148148148148147,0.0018842530282637954,4.305617865510193e-4,1.228505291005291,low_n_descriptive_only,FALSE
Pa->Jo,1,B_830306_20_LF_CLASS::崖・段丘崖,鶴見川 / basin 20 / 崖・段丘崖,new,1,1,1,3024,3715,watersystem_x_unit_basin_x_landform,3.3068783068783067e-4,2.6917900403768504e-4,6.150882665014563e-5,1.228505291005291,low_n_descriptive_only,FALSE
Pa->Jo,1,B_830306_20_LF_CLASS::水部,鶴見川 / basin 20 / 水部,new,2,2,1,3024,3715,watersystem_x_unit_basin_x_landform,6.613756613756613e-4,5.383580080753701e-4,1.2301765330029126e-4,1.228505291005291,low_n_descriptive_only,FALSE
Pa->Jo,1,B_830306_20_LF_CLASS::氾濫平野・海岸平野,鶴見川 / basin 20 / 氾濫平野・海岸平野,new,24,24,1,3024,3715,watersystem_x_unit_basin_x_landform,0.007936507936507936,0.006460296096904442,0.0014762118396034942,1.228505291005291,eligible,FALSE
Pa->Jo,1,B_830306_21_LF_CLASS::台地・段丘,鶴見川 / basin 21 / 台地・段丘,continue,1,5,0.2,631,3715,watersystem_x_unit_basin_x_landform,0.001584786053882726,0.0013458950201884253,2.3889103369430058e-4,1.1774960380348654,low_n_descriptive_only,FALSE
Pa->Jo,1,B_830306_21_LF_CLASS::台地・段丘,鶴見川 / basin 21 / 台地・段丘,new,4,5,0.8,3024,3715,watersystem_x_unit_basin_x_landform,0.0013227513227513227,0.0013458950201884253,-2.3143697437102637e-5,0.9828042328042328,low_n_descriptive_only,FALSE
Pa->Jo,1,B_830306_21_LF_CLASS::山地斜面等,鶴見川 / basin 21 / 山地斜面等,continue,4,49,0.08163265306122448,631,3715,watersystem_x_unit_basin_x_landform,0.006339144215530904,0.013189771197846568,-0.006850626982315665,0.4806106277693328,eligible,FALSE
Pa->Jo,1,B_830306_21_LF_CLASS::山地斜面等,鶴見川 / basin 21 / 山地斜面等,drop,1,49,0.02040816326530612,60,3715,watersystem_x_unit_basin_x_landform,0.016666666666666666,0.013189771197846568,0.003476895468820098,1.2636054421768708,eligible,FALSE
Pa->Jo,1,B_830306_21_LF_CLASS::山地斜面等,鶴見川 / basin 21 / 山地斜面等,new,44,49,0.8979591836734694,3024,3715,watersystem_x_unit_basin_x_landform,0.01455026455026455,0.013189771197846568,0.001360493352417981,1.103147608249649,eligible,FALSE
Pa->Jo,1,B_830306_21_LF_CLASS::氾濫平野・海岸平野,鶴見川 / basin 21 / 氾濫平野・海岸平野,continue,1,7,0.14285714285714285,631,3715,watersystem_x_unit_basin_x_landform,0.001584786053882726,0.0018842530282637954,-2.994669743810695e-4,0.8410685985963324,low_n_descriptive_only,FALSE
Pa->Jo,1,B_830306_21_LF_CLASS::氾濫平野・海岸平野,鶴見川 / basin 21 / 氾濫平野・海岸平野,drop,1,7,0.14285714285714285,60,3715,watersystem_x_unit_basin_x_landform,0.016666666666666666,0.0018842530282637954,0.014782413638402872,8.845238095238095,low_n_descriptive_only,FALSE
Pa->Jo,1,B_830306_21_LF_CLASS::氾濫平野・海岸平野,鶴見川 / basin 21 / 氾濫平野・海岸平野,new,5,7,0.7142857142857143,3024,3715,watersystem_x_unit_basin_x_landform,0.0016534391534391533,0.0018842530282637954,-2.3081387482464205e-4,0.8775037792894935,low_n_descriptive_only,FALSE
Pa->Jo,1,B_unknown_0_LF_CLASS::凹地・浅い谷,古川・目黒川・立会川・呑川 / basin 0 / 凹地・浅い谷,continue,2,6,0.3333333333333333,631,3715,watersystem_x_unit_basin_x_landform,0.003169572107765452,0.0016150740242261105,0.0015544980835393413,1.9624933967247755,low_n_descriptive_only,FALSE
Pa->Jo,1,B_unknown_0_LF_CLASS::凹地・浅い谷,古川・目黒川・立会川・呑川 / basin 0 / 凹地・浅い谷,drop,1,6,0.16666666666666666,60,3715,watersystem_x_unit_basin_x_landform,0.016666666666666666,0.0016150740242261105,0.015051592642440556,10.319444444444443,low_n_descriptive_only,FALSE
Pa->Jo,1,B_unknown_0_LF_CLASS::凹地・浅い谷,古川・目黒川・立会川・呑川 / basin 0 / 凹地・浅い谷,new,3,6,0.5,3024,3715,watersystem_x_unit_basin_x_landform,9.92063492063492e-4,0.0016150740242261105,-6.230105321626185e-4,0.6142526455026455,low_n_descriptive_only,FALSE
Pa->Jo,1,B_unknown_0_LF_CLASS::台地・段丘,古川・目黒川・立会川・呑川 / basin 0 / 台地・段丘,continue,28,156,0.1794871794871795,631,3715,watersystem_x_unit_basin_x_landform,0.044374009508716325,0.04199192462987887,0.002382084878837454,1.056727213621033,eligible,FALSE
Pa->Jo,1,B_unknown_0_LF_CLASS::台地・段丘,古川・目黒川・立会川・呑川 / basin 0 / 台地・段丘,drop,3,156,0.019230769230769232,60,3715,watersystem_x_unit_basin_x_landform,0.05,0.04199192462987887,0.008008075370121132,1.1907051282051282,eligible,FALSE
Pa->Jo,1,B_unknown_0_LF_CLASS::台地・段丘,古川・目黒川・立会川・呑川 / basin 0 / 台地・段丘,new,125,156,0.8012820512820513,3024,3715,watersystem_x_unit_basin_x_landform,0.04133597883597884,0.04199192462987887,-6.55945793900034e-4,0.9843792395875729,eligible,FALSE
Pa->Jo,1,B_unknown_0_LF_CLASS::山地斜面等,古川・目黒川・立会川・呑川 / basin 0 / 山地斜面等,continue,2,58,0.034482758620689655,631,3715,watersystem_x_unit_basin_x_landform,0.003169572107765452,0.015612382234185734,-0.012442810126420283,0.20301655828187332,eligible,FALSE
Pa->Jo,1,B_unknown_0_LF_CLASS::山地斜面等,古川・目黒川・立会川・呑川 / basin 0 / 山地斜面等,drop,2,58,0.034482758620689655,60,3715,watersystem_x_unit_basin_x_landform,0.03333333333333333,0.015612382234185734,0.0177209510991476,2.1350574712643677,eligible,FALSE
Pa->Jo,1,B_unknown_0_LF_CLASS::山地斜面等,古川・目黒川・立会川・呑川 / basin 0 / 山地斜面等,new,54,58,0.9310344827586207,3024,3715,watersystem_x_unit_basin_x_landform,0.017857142857142856,0.015612382234185734,0.002244760622957122,1.1437807881773399,eligible,FALSE
Pa->Jo,1,B_unknown_0_LF_CLASS::崖・段丘崖,古川・目黒川・立会川・呑川 / basin 0 / 崖・段丘崖,new,7,7,1,3024,3715,watersystem_x_unit_basin_x_landform,0.0023148148148148147,0.0018842530282637954,4.305617865510193e-4,1.228505291005291,low_n_descriptive_only,FALSE
Pa->Jo,1,B_unknown_0_LF_CLASS::後背低地・湿地,古川・目黒川・立会川・呑川 / basin 0 / 後背低地・湿地,new,1,1,1,3024,3715,watersystem_x_unit_basin_x_landform,3.3068783068783067e-4,2.6917900403768504e-4,6.150882665014563e-5,1.228505291005291,low_n_descriptive_only,FALSE
Pa->Jo,1,B_unknown_0_LF_CLASS::氾濫平野・海岸平野,古川・目黒川・立会川・呑川 / basin 0 / 氾濫平野・海岸平野,continue,1,7,0.14285714285714285,631,3715,watersystem_x_unit_basin_x_landform,0.001584786053882726,0.0018842530282637954,-2.994669743810695e-4,0.8410685985963324,low_n_descriptive_only,FALSE
Pa->Jo,1,B_unknown_0_LF_CLASS::氾濫平野・海岸平野,古川・目黒川・立会川・呑川 / basin 0 / 氾濫平野・海岸平野,new,6,7,0.8571428571428571,3024,3715,watersystem_x_unit_basin_x_landform,0.001984126984126984,0.0018842530282637954,9.987395586318862e-5,1.0530045351473922,low_n_descriptive_only,FALSE
Pa->Jo,1,B_unknown_0_LF_CLASS::砂州・砂丘,古川・目黒川・立会川・呑川 / basin 0 / 砂州・砂丘,new,1,1,1,3024,3715,watersystem_x_unit_basin_x_landform,3.3068783068783067e-4,2.6917900403768504e-4,6.150882665014563e-5,1.228505291005291,low_n_descriptive_only,FALSE
Ya->Ko,3,B_130000_1_LF_CLASS::台地・段丘,名称不明 / basin 1 / 台地・段丘,continue,9,14,0.6428571428571429,356,1913,watersystem_x_unit_basin_x_landform,0.025280898876404494,0.007318348144276007,0.017962550732128487,3.454454253611557,low_n_descriptive_only,FALSE
Ya->Ko,3,B_130000_1_LF_CLASS::台地・段丘,名称不明 / basin 1 / 台地・段丘,drop,3,14,0.21428571428571427,287,1913,watersystem_x_unit_basin_x_landform,0.010452961672473868,0.007318348144276007,0.003134613528197862,1.4283225485316078,low_n_descriptive_only,FALSE
Ya->Ko,3,B_130000_1_LF_CLASS::台地・段丘,名称不明 / basin 1 / 台地・段丘,new,2,14,0.14285714285714285,1270,1913,watersystem_x_unit_basin_x_landform,0.0015748031496062992,0.007318348144276007,-0.0057435449946697074,0.21518560179977503,low_n_descriptive_only,FALSE
Ya->Ko,3,B_130000_1_LF_CLASS::崖・段丘崖,名称不明 / basin 1 / 崖・段丘崖,new,1,1,1,1270,1913,watersystem_x_unit_basin_x_landform,7.874015748031496e-4,5.227391531625719e-4,2.6466242164057774e-4,1.5062992125984251,low_n_descriptive_only,FALSE
Ya->Ko,3,B_130000_1_LF_CLASS::氾濫平野・海岸平野,名称不明 / basin 1 / 氾濫平野・海岸平野,drop,2,2,1,287,1913,watersystem_x_unit_basin_x_landform,0.006968641114982578,0.0010454783063251437,0.0059231628086574345,6.665505226480836,low_n_descriptive_only,FALSE
Ya->Ko,3,B_130000_2_LF_CLASS::台地・段丘,名称不明 / basin 2 / 台地・段丘,drop,1,1,1,287,1913,watersystem_x_unit_basin_x_landform,0.003484320557491289,5.227391531625719e-4,0.0029615814043287172,6.665505226480836,low_n_descriptive_only,FALSE
Ya->Ko,3,B_130000_2_LF_CLASS::山地斜面等,名称不明 / basin 2 / 山地斜面等,drop,1,1,1,287,1913,watersystem_x_unit_basin_x_landform,0.003484320557491289,5.227391531625719e-4,0.0029615814043287172,6.665505226480836,low_n_descriptive_only,FALSE
Ya->Ko,3,B_130000_3_LF_CLASS::台地・段丘,名称不明 / basin 3 / 台地・段丘,drop,1,1,1,287,1913,watersystem_x_unit_basin_x_landform,0.003484320557491289,5.227391531625719e-4,0.0029615814043287172,6.665505226480836,low_n_descriptive_only,FALSE
Ya->Ko,3,B_130000_4_LF_CLASS::台地・段丘,名称不明 / basin 4 / 台地・段丘,continue,2,13,0.15384615384615385,356,1913,watersystem_x_unit_basin_x_landform,0.0056179775280898875,0.006795608991113434,-0.0011776314630235468,0.8267070008643043,low_n_descriptive_only,FALSE
Ya->Ko,3,B_130000_4_LF_CLASS::台地・段丘,名称不明 / basin 4 / 台地・段丘,drop,5,13,0.38461538461538464,287,1913,watersystem_x_unit_basin_x_landform,0.017421602787456445,0.006795608991113434,0.010625993796343011,2.5636558563387832,low_n_descriptive_only,FALSE
Ya->Ko,3,B_130000_4_LF_CLASS::台地・段丘,名称不明 / basin 4 / 台地・段丘,new,6,13,0.46153846153846156,1270,1913,watersystem_x_unit_basin_x_landform,0.004724409448818898,0.006795608991113434,-0.0020711995422945367,0.6952150211992731,low_n_descriptive_only,FALSE
Ya->Ko,3,B_130000_4_LF_CLASS::山地斜面等,名称不明 / basin 4 / 山地斜面等,drop,2,2,1,287,1913,watersystem_x_unit_basin_x_landform,0.006968641114982578,0.0010454783063251437,0.0059231628086574345,6.665505226480836,low_n_descriptive_only,FALSE
Ya->Ko,3,B_130000_4_LF_CLASS::後背低地・湿地,名称不明 / basin 4 / 後背低地・湿地,continue,3,3,1,356,1913,watersystem_x_unit_basin_x_landform,0.008426966292134831,0.0015682174594877157,0.006858748832647116,5.373595505617978,low_n_descriptive_only,FALSE
Ya->Ko,3,B_130000_4_LF_CLASS::氾濫平野・海岸平野,名称不明 / basin 4 / 氾濫平野・海岸平野,continue,1,1,1,356,1913,watersystem_x_unit_basin_x_landform,0.0028089887640449437,5.227391531625719e-4,0.0022862496108823718,5.373595505617978,low_n_descriptive_only,FALSE
Ya->Ko,3,B_130000_5_LF_CLASS::台地・段丘,名称不明 / basin 5 / 台地・段丘,continue,9,33,0.2727272727272727,356,1913,watersystem_x_unit_basin_x_landform,0.025280898876404494,0.017250392054364874,0.00803050682203962,1.465526046986721,eligible,FALSE
Ya->Ko,3,B_130000_5_LF_CLASS::台地・段丘,名称不明 / basin 5 / 台地・段丘,drop,7,33,0.21212121212121213,287,1913,watersystem_x_unit_basin_x_landform,0.024390243902439025,0.017250392054364874,0.007139851848074152,1.4138950480413894,eligible,FALSE
Ya->Ko,3,B_130000_5_LF_CLASS::台地・段丘,名称不明 / basin 5 / 台地・段丘,new,17,33,0.5151515151515151,1270,1913,watersystem_x_unit_basin_x_landform,0.013385826771653543,0.017250392054364874,-0.0038645652827113304,0.7759723216416129,eligible,FALSE
Ya->Ko,3,B_130000_5_LF_CLASS::山地斜面等,名称不明 / basin 5 / 山地斜面等,continue,1,2,0.5,356,1913,watersystem_x_unit_basin_x_landform,0.0028089887640449437,0.0010454783063251437,0.0017635104577198,2.686797752808989,low_n_descriptive_only,FALSE
Ya->Ko,3,B_130000_5_LF_CLASS::山地斜面等,名称不明 / basin 5 / 山地斜面等,drop,1,2,0.5,287,1913,watersystem_x_unit_basin_x_landform,0.003484320557491289,0.0010454783063251437,0.0024388422511661453,3.332752613240418,low_n_descriptive_only,FALSE
Ya->Ko,3,B_130000_5_LF_CLASS::崖・段丘崖,名称不明 / basin 5 / 崖・段丘崖,drop,4,4,1,287,1913,watersystem_x_unit_basin_x_landform,0.013937282229965157,0.0020909566126502874,0.011846325617314869,6.665505226480836,low_n_descriptive_only,FALSE
Ya->Ko,3,B_130000_5_LF_CLASS::後背低地・湿地,名称不明 / basin 5 / 後背低地・湿地,continue,2,2,1,356,1913,watersystem_x_unit_basin_x_landform,0.0056179775280898875,0.0010454783063251437,0.0045724992217647436,5.373595505617978,low_n_descriptive_only,FALSE
Ya->Ko,3,B_130000_5_LF_CLASS::氾濫平野・海岸平野,名称不明 / basin 5 / 氾濫平野・海岸平野,drop,1,1,1,287,1913,watersystem_x_unit_basin_x_landform,0.003484320557491289,5.227391531625719e-4,0.0029615814043287172,6.665505226480836,low_n_descriptive_only,FALSE
Ya->Ko,3,B_130000_6_LF_CLASS::台地・段丘,名称不明 / basin 6 / 台地・段丘,new,4,4,1,1270,1913,watersystem_x_unit_basin_x_landform,0.0031496062992125984,0.0020909566126502874,0.001058649686562311,1.5062992125984251,low_n_descriptive_only,FALSE
Ya->Ko,3,B_130000_6_LF_CLASS::山地斜面等,名称不明 / basin 6 / 山地斜面等,new,3,3,1,1270,1913,watersystem_x_unit_basin_x_landform,0.002362204724409449,0.0015682174594877157,7.939872649217331e-4,1.5062992125984251,low_n_descriptive_only,FALSE
Ya->Ko,3,B_130000_6_LF_CLASS::氾濫平野・海岸平野,名称不明 / basin 6 / 氾濫平野・海岸平野,new,1,1,1,1270,1913,watersystem_x_unit_basin_x_landform,7.874015748031496e-4,5.227391531625719e-4,2.6466242164057774e-4,1.5062992125984251,low_n_descriptive_only,FALSE
Ya->Ko,3,B_140013_17_LF_CLASS::台地・段丘,境川 / basin 17 / 台地・段丘,continue,3,15,0.2,356,1913,watersystem_x_unit_basin_x_landform,0.008426966292134831,0.007841087297438577,5.858789946962539e-4,1.0747191011235957,low_n_descriptive_only,FALSE
Ya->Ko,3,B_140013_17_LF_CLASS::台地・段丘,境川 / basin 17 / 台地・段丘,drop,2,15,0.13333333333333333,287,1913,watersystem_x_unit_basin_x_landform,0.006968641114982578,0.007841087297438577,-8.724461824559989e-4,0.8887340301974449,low_n_descriptive_only,FALSE
Ya->Ko,3,B_140013_17_LF_CLASS::台地・段丘,境川 / basin 17 / 台地・段丘,new,10,15,0.6666666666666666,1270,1913,watersystem_x_unit_basin_x_landform,0.007874015748031496,0.007841087297438577,3.2928450592918657e-05,1.004199475065617,low_n_descriptive_only,FALSE
Ya->Ko,3,B_140013_17_LF_CLASS::山地斜面等,境川 / basin 17 / 山地斜面等,continue,11,50,0.22,356,1913,watersystem_x_unit_basin_x_landform,0.03089887640449438,0.026136957658128592,0.004761918746365789,1.182191011235955,eligible,FALSE
Ya->Ko,3,B_140013_17_LF_CLASS::山地斜面等,境川 / basin 17 / 山地斜面等,drop,8,50,0.16,287,1913,watersystem_x_unit_basin_x_landform,0.027874564459930314,0.026136957658128592,0.0017376068018017214,1.0664808362369338,eligible,FALSE
Ya->Ko,3,B_140013_17_LF_CLASS::山地斜面等,境川 / basin 17 / 山地斜面等,new,31,50,0.62,1270,1913,watersystem_x_unit_basin_x_landform,0.024409448818897637,0.026136957658128592,-0.0017275088392309547,0.9339055118110237,eligible,FALSE
Ya->Ko,3,B_140013_17_LF_CLASS::山麓堆積地形,境川 / basin 17 / 山麓堆積地形,new,1,1,1,1270,1913,watersystem_x_unit_basin_x_landform,7.874015748031496e-4,5.227391531625719e-4,2.6466242164057774e-4,1.5062992125984251,low_n_descriptive_only,FALSE
Ya->Ko,3,B_140013_17_LF_CLASS::崖・段丘崖,境川 / basin 17 / 崖・段丘崖,new,1,1,1,1270,1913,watersystem_x_unit_basin_x_landform,7.874015748031496e-4,5.227391531625719e-4,2.6466242164057774e-4,1.5062992125984251,low_n_descriptive_only,FALSE
Ya->Ko,3,B_140013_17_LF_CLASS::氾濫平野・海岸平野,境川 / basin 17 / 氾濫平野・海岸平野,new,9,9,1,1270,1913,watersystem_x_unit_basin_x_landform,0.007086614173228346,0.004704652378463147,0.002381961794765199,1.5062992125984251,low_n_descriptive_only,FALSE
Ya->Ko,3,B_140013_19_LF_CLASS::台地・段丘,境川 / basin 19 / 台地・段丘,new,1,1,1,1270,1913,watersystem_x_unit_basin_x_landform,7.874015748031496e-4,5.227391531625719e-4,2.6466242164057774e-4,1.5062992125984251,low_n_descriptive_only,FALSE
Ya->Ko,3,B_140013_19_LF_CLASS::山地斜面等,境川 / basin 19 / 山地斜面等,drop,1,1,1,287,1913,watersystem_x_unit_basin_x_landform,0.003484320557491289,5.227391531625719e-4,0.0029615814043287172,6.665505226480836,low_n_descriptive_only,FALSE
Ya->Ko,3,B_140013_19_LF_CLASS::氾濫平野・海岸平野,境川 / basin 19 / 氾濫平野・海岸平野,drop,1,2,0.5,287,1913,watersystem_x_unit_basin_x_landform,0.003484320557491289,0.0010454783063251437,0.0024388422511661453,3.332752613240418,low_n_descriptive_only,FALSE
Ya->Ko,3,B_140013_19_LF_CLASS::氾濫平野・海岸平野,境川 / basin 19 / 氾濫平野・海岸平野,new,1,2,0.5,1270,1913,watersystem_x_unit_basin_x_landform,7.874015748031496e-4,0.0010454783063251437,-2.580767315219941e-4,0.7531496062992126,low_n_descriptive_only,FALSE
Ya->Ko,3,B_830303_345_LF_CLASS::自然堤防,利根川 / basin 345 / 自然堤防,continue,1,1,1,356,1913,watersystem_x_unit_basin_x_landform,0.0028089887640449437,5.227391531625719e-4,0.0022862496108823718,5.373595505617978,low_n_descriptive_only,FALSE
Ya->Ko,3,B_830303_347_LF_CLASS::水部,利根川 / basin 347 / 水部,new,1,1,1,1270,1913,watersystem_x_unit_basin_x_landform,7.874015748031496e-4,5.227391531625719e-4,2.6466242164057774e-4,1.5062992125984251,low_n_descriptive_only,FALSE
Ya->Ko,3,B_830303_347_LF_CLASS::氾濫平野・海岸平野,利根川 / basin 347 / 氾濫平野・海岸平野,new,1,1,1,1270,1913,watersystem_x_unit_basin_x_landform,7.874015748031496e-4,5.227391531625719e-4,2.6466242164057774e-4,1.5062992125984251,low_n_descriptive_only,FALSE
Ya->Ko,3,B_830303_347_LF_CLASS::自然堤防,利根川 / basin 347 / 自然堤防,continue,1,3,0.3333333333333333,356,1913,watersystem_x_unit_basin_x_landform,0.0028089887640449437,0.0015682174594877157,0.001240771304557228,1.791198501872659,low_n_descriptive_only,FALSE
Ya->Ko,3,B_830303_347_LF_CLASS::自然堤防,利根川 / basin 347 / 自然堤防,new,2,3,0.6666666666666666,1270,1913,watersystem_x_unit_basin_x_landform,0.0015748031496062992,0.0015682174594877157,6.5856901185835145e-6,1.0041994750656167,low_n_descriptive_only,FALSE
Ya->Ko,3,B_830303_388_LF_CLASS::氾濫平野・海岸平野,利根川 / basin 388 / 氾濫平野・海岸平野,drop,1,1,1,287,1913,watersystem_x_unit_basin_x_landform,0.003484320557491289,5.227391531625719e-4,0.0029615814043287172,6.665505226480836,low_n_descriptive_only,FALSE
Ya->Ko,3,B_830303_389_LF_CLASS::自然堤防,利根川 / basin 389 / 自然堤防,continue,1,1,1,356,1913,watersystem_x_unit_basin_x_landform,0.0028089887640449437,5.227391531625719e-4,0.0022862496108823718,5.373595505617978,low_n_descriptive_only,FALSE
Ya->Ko,3,B_830303_390_LF_CLASS::自然堤防,利根川 / basin 390 / 自然堤防,new,1,1,1,1270,1913,watersystem_x_unit_basin_x_landform,7.874015748031496e-4,5.227391531625719e-4,2.6466242164057774e-4,1.5062992125984251,low_n_descriptive_only,FALSE
Ya->Ko,3,B_830303_393_LF_CLASS::氾濫平野・海岸平野,利根川 / basin 393 / 氾濫平野・海岸平野,drop,1,2,0.5,287,1913,watersystem_x_unit_basin_x_landform,0.003484320557491289,0.0010454783063251437,0.0024388422511661453,3.332752613240418,low_n_descriptive_only,FALSE
Ya->Ko,3,B_830303_393_LF_CLASS::氾濫平野・海岸平野,利根川 / basin 393 / 氾濫平野・海岸平野,new,1,2,0.5,1270,1913,watersystem_x_unit_basin_x_landform,7.874015748031496e-4,0.0010454783063251437,-2.580767315219941e-4,0.7531496062992126,low_n_descriptive_only,FALSE
Ya->Ko,3,B_830303_393_LF_CLASS::自然堤防,利根川 / basin 393 / 自然堤防,drop,1,2,0.5,287,1913,watersystem_x_unit_basin_x_landform,0.003484320557491289,0.0010454783063251437,0.0024388422511661453,3.332752613240418,low_n_descriptive_only,FALSE
Ya->Ko,3,B_830303_393_LF_CLASS::自然堤防,利根川 / basin 393 / 自然堤防,new,1,2,0.5,1270,1913,watersystem_x_unit_basin_x_landform,7.874015748031496e-4,0.0010454783063251437,-2.580767315219941e-4,0.7531496062992126,low_n_descriptive_only,FALSE
Ya->Ko,3,B_830303_427_LF_CLASS::氾濫平野・海岸平野,利根川 / basin 427 / 氾濫平野・海岸平野,new,2,2,1,1270,1913,watersystem_x_unit_basin_x_landform,0.0015748031496062992,0.0010454783063251437,5.293248432811555e-4,1.5062992125984251,low_n_descriptive_only,FALSE
Ya->Ko,3,B_830303_427_LF_CLASS::自然堤防,利根川 / basin 427 / 自然堤防,new,5,5,1,1270,1913,watersystem_x_unit_basin_x_landform,0.003937007874015748,0.0026136957658128594,0.0013233121082028886,1.5062992125984251,low_n_descriptive_only,FALSE
Ya->Ko,3,B_830303_478_LF_CLASS::氾濫平野・海岸平野,利根川 / basin 478 / 氾濫平野・海岸平野,continue,1,7,0.14285714285714285,356,1913,watersystem_x_unit_basin_x_landform,0.0028089887640449437,0.0036591740721380033,-8.501853080930596e-4,0.7676565008025682,low_n_descriptive_only,FALSE
Ya->Ko,3,B_830303_478_LF_CLASS::氾濫平野・海岸平野,利根川 / basin 478 / 氾濫平野・海岸平野,new,6,7,0.8571428571428571,1270,1913,watersystem_x_unit_basin_x_landform,0.004724409448818898,0.0036591740721380033,0.0010652353766808943,1.29111361079865,low_n_descriptive_only,FALSE
Ya->Ko,3,B_830303_478_LF_CLASS::自然堤防,利根川 / basin 478 / 自然堤防,new,2,2,1,1270,1913,watersystem_x_unit_basin_x_landform,0.0015748031496062992,0.0010454783063251437,5.293248432811555e-4,1.5062992125984251,low_n_descriptive_only,FALSE
Ya->Ko,3,B_830303_517_LF_CLASS::旧河道,利根川 / basin 517 / 旧河道,new,5,5,1,1270,1913,watersystem_x_unit_basin_x_landform,0.003937007874015748,0.0026136957658128594,0.0013233121082028886,1.5062992125984251,low_n_descriptive_only,FALSE
Ya->Ko,3,B_830303_517_LF_CLASS::氾濫平野・海岸平野,利根川 / basin 517 / 氾濫平野・海岸平野,new,1,1,1,1270,1913,watersystem_x_unit_basin_x_landform,7.874015748031496e-4,5.227391531625719e-4,2.6466242164057774e-4,1.5062992125984251,low_n_descriptive_only,FALSE
Ya->Ko,3,B_830303_517_LF_CLASS::自然堤防,利根川 / basin 517 / 自然堤防,new,2,2,1,1270,1913,watersystem_x_unit_basin_x_landform,0.0015748031496062992,0.0010454783063251437,5.293248432811555e-4,1.5062992125984251,low_n_descriptive_only,FALSE
Ya->Ko,3,B_830304_11_LF_CLASS::水部,荒川 / basin 11 / 水部,new,1,1,1,1270,1913,watersystem_x_unit_basin_x_landform,7.874015748031496e-4,5.227391531625719e-4,2.6466242164057774e-4,1.5062992125984251,low_n_descriptive_only,FALSE
Ya->Ko,3,B_830304_120_LF_CLASS::台地・段丘,荒川 / basin 120 / 台地・段丘,continue,5,15,0.3333333333333333,356,1913,watersystem_x_unit_basin_x_landform,0.014044943820224719,0.007841087297438577,0.006203856522786141,1.7911985018726593,low_n_descriptive_only,FALSE
Ya->Ko,3,B_830304_120_LF_CLASS::台地・段丘,荒川 / basin 120 / 台地・段丘,new,10,15,0.6666666666666666,1270,1913,watersystem_x_unit_basin_x_landform,0.007874015748031496,0.007841087297438577,3.2928450592918657e-05,1.004199475065617,low_n_descriptive_only,FALSE
Ya->Ko,3,B_830304_120_LF_CLASS::山地斜面等,荒川 / basin 120 / 山地斜面等,new,2,2,1,1270,1913,watersystem_x_unit_basin_x_landform,0.0015748031496062992,0.0010454783063251437,5.293248432811555e-4,1.5062992125984251,low_n_descriptive_only,FALSE
Ya->Ko,3,B_830304_120_LF_CLASS::氾濫平野・海岸平野,荒川 / basin 120 / 氾濫平野・海岸平野,continue,2,4,0.5,356,1913,watersystem_x_unit_basin_x_landform,0.0056179775280898875,0.0020909566126502874,0.0035270209154396,2.686797752808989,low_n_descriptive_only,FALSE
Ya->Ko,3,B_830304_120_LF_CLASS::氾濫平野・海岸平野,荒川 / basin 120 / 氾濫平野・海岸平野,new,2,4,0.5,1270,1913,watersystem_x_unit_basin_x_landform,0.0015748031496062992,0.0020909566126502874,-5.161534630439882e-4,0.7531496062992126,low_n_descriptive_only,FALSE
Ya->Ko,3,B_830304_15_LF_CLASS::台地・段丘,荒川 / basin 15 / 台地・段丘,continue,1,3,0.3333333333333333,356,1913,watersystem_x_unit_basin_x_landform,0.0028089887640449437,0.0015682174594877157,0.001240771304557228,1.791198501872659,low_n_descriptive_only,FALSE
Ya->Ko,3,B_830304_15_LF_CLASS::台地・段丘,荒川 / basin 15 / 台地・段丘,drop,1,3,0.3333333333333333,287,1913,watersystem_x_unit_basin_x_landform,0.003484320557491289,0.0015682174594877157,0.0019161030980035735,2.221835075493612,low_n_descriptive_only,FALSE
Ya->Ko,3,B_830304_15_LF_CLASS::台地・段丘,荒川 / basin 15 / 台地・段丘,new,1,3,0.3333333333333333,1270,1913,watersystem_x_unit_basin_x_landform,7.874015748031496e-4,0.0015682174594877157,-7.808158846845661e-4,0.5020997375328083,low_n_descriptive_only,FALSE
Ya->Ko,3,B_830304_15_LF_CLASS::砂州・砂丘,荒川 / basin 15 / 砂州・砂丘,continue,1,1,1,356,1913,watersystem_x_unit_basin_x_landform,0.0028089887640449437,5.227391531625719e-4,0.0022862496108823718,5.373595505617978,low_n_descriptive_only,FALSE
Ya->Ko,3,B_830304_15_LF_CLASS::自然堤防,荒川 / basin 15 / 自然堤防,drop,1,1,1,287,1913,watersystem_x_unit_basin_x_landform,0.003484320557491289,5.227391531625719e-4,0.0029615814043287172,6.665505226480836,low_n_descriptive_only,FALSE
Ya->Ko,3,B_830304_16_LF_CLASS::凹地・浅い谷,荒川 / basin 16 / 凹地・浅い谷,drop,1,1,1,287,1913,watersystem_x_unit_basin_x_landform,0.003484320557491289,5.227391531625719e-4,0.0029615814043287172,6.665505226480836,low_n_descriptive_only,FALSE
Ya->Ko,3,B_830304_16_LF_CLASS::台地・段丘,荒川 / basin 16 / 台地・段丘,continue,1,7,0.14285714285714285,356,1913,watersystem_x_unit_basin_x_landform,0.0028089887640449437,0.0036591740721380033,-8.501853080930596e-4,0.7676565008025682,low_n_descriptive_only,FALSE
Ya->Ko,3,B_830304_16_LF_CLASS::台地・段丘,荒川 / basin 16 / 台地・段丘,drop,2,7,0.2857142857142857,287,1913,watersystem_x_unit_basin_x_landform,0.006968641114982578,0.0036591740721380033,0.003309467042844575,1.9044300647088102,low_n_descriptive_only,FALSE
Ya->Ko,3,B_830304_16_LF_CLASS::台地・段丘,荒川 / basin 16 / 台地・段丘,new,4,7,0.5714285714285714,1270,1913,watersystem_x_unit_basin_x_landform,0.0031496062992125984,0.0036591740721380033,-5.095677729254049e-4,0.8607424071991001,low_n_descriptive_only,FALSE
Ya->Ko,3,B_830304_16_LF_CLASS::氾濫平野・海岸平野,荒川 / basin 16 / 氾濫平野・海岸平野,continue,1,1,1,356,1913,watersystem_x_unit_basin_x_landform,0.0028089887640449437,5.227391531625719e-4,0.0022862496108823718,5.373595505617978,low_n_descriptive_only,FALSE
Ya->Ko,3,B_830304_16_LF_CLASS::自然堤防,荒川 / basin 16 / 自然堤防,continue,1,2,0.5,356,1913,watersystem_x_unit_basin_x_landform,0.0028089887640449437,0.0010454783063251437,0.0017635104577198,2.686797752808989,low_n_descriptive_only,FALSE
Ya->Ko,3,B_830304_16_LF_CLASS::自然堤防,荒川 / basin 16 / 自然堤防,new,1,2,0.5,1270,1913,watersystem_x_unit_basin_x_landform,7.874015748031496e-4,0.0010454783063251437,-2.580767315219941e-4,0.7531496062992126,low_n_descriptive_only,FALSE
Ya->Ko,3,B_830304_25_LF_CLASS::台地・段丘,荒川 / basin 25 / 台地・段丘,continue,1,9,0.1111111111111111,356,1913,watersystem_x_unit_basin_x_landform,0.0028089887640449437,0.004704652378463147,-0.0018956636144182035,0.5970661672908864,low_n_descriptive_only,FALSE
Ya->Ko,3,B_830304_25_LF_CLASS::台地・段丘,荒川 / basin 25 / 台地・段丘,drop,2,9,0.2222222222222222,287,1913,watersystem_x_unit_basin_x_landform,0.006968641114982578,0.004704652378463147,0.002263988736519431,1.481223383662408,low_n_descriptive_only,FALSE
Ya->Ko,3,B_830304_25_LF_CLASS::台地・段丘,荒川 / basin 25 / 台地・段丘,new,6,9,0.6666666666666666,1270,1913,watersystem_x_unit_basin_x_landform,0.004724409448818898,0.004704652378463147,1.9757070355750327e-5,1.0041994750656167,low_n_descriptive_only,FALSE
Ya->Ko,3,B_830304_25_LF_CLASS::旧水部,荒川 / basin 25 / 旧水部,new,1,1,1,1270,1913,watersystem_x_unit_basin_x_landform,7.874015748031496e-4,5.227391531625719e-4,2.6466242164057774e-4,1.5062992125984251,low_n_descriptive_only,FALSE
Ya->Ko,3,B_830304_25_LF_CLASS::氾濫平野・海岸平野,荒川 / basin 25 / 氾濫平野・海岸平野,new,3,3,1,1270,1913,watersystem_x_unit_basin_x_landform,0.002362204724409449,0.0015682174594877157,7.939872649217331e-4,1.5062992125984251,low_n_descriptive_only,FALSE
Ya->Ko,3,B_830304_25_LF_CLASS::砂州・砂丘,荒川 / basin 25 / 砂州・砂丘,continue,1,8,0.125,356,1913,watersystem_x_unit_basin_x_landform,0.0028089887640449437,0.004181913225300575,-0.001372924461255631,0.6716994382022472,low_n_descriptive_only,FALSE
Ya->Ko,3,B_830304_25_LF_CLASS::砂州・砂丘,荒川 / basin 25 / 砂州・砂丘,drop,1,8,0.125,287,1913,watersystem_x_unit_basin_x_landform,0.003484320557491289,0.004181913225300575,-6.975926678092857e-4,0.8331881533101045,low_n_descriptive_only,FALSE
Ya->Ko,3,B_830304_25_LF_CLASS::砂州・砂丘,荒川 / basin 25 / 砂州・砂丘,new,6,8,0.75,1270,1913,watersystem_x_unit_basin_x_landform,0.004724409448818898,0.004181913225300575,5.424962235183227e-4,1.129724409448819,low_n_descriptive_only,FALSE
Ya->Ko,3,B_830304_26_LF_CLASS::台地・段丘,荒川 / basin 26 / 台地・段丘,continue,6,18,0.3333333333333333,356,1913,watersystem_x_unit_basin_x_landform,0.016853932584269662,0.009409304756926294,0.007444627827343368,1.791198501872659,low_n_descriptive_only,FALSE
Ya->Ko,3,B_830304_26_LF_CLASS::台地・段丘,荒川 / basin 26 / 台地・段丘,drop,4,18,0.2222222222222222,287,1913,watersystem_x_unit_basin_x_landform,0.013937282229965157,0.009409304756926294,0.004527977473038862,1.481223383662408,low_n_descriptive_only,FALSE
Ya->Ko,3,B_830304_26_LF_CLASS::台地・段丘,荒川 / basin 26 / 台地・段丘,new,8,18,0.4444444444444444,1270,1913,watersystem_x_unit_basin_x_landform,0.006299212598425197,0.009409304756926294,-0.0031100921585010977,0.6694663167104111,low_n_descriptive_only,FALSE
Ya->Ko,3,B_830304_26_LF_CLASS::山地斜面等,荒川 / basin 26 / 山地斜面等,continue,1,5,0.2,356,1913,watersystem_x_unit_basin_x_landform,0.0028089887640449437,0.0026136957658128594,1.9529299823208435e-4,1.0747191011235955,low_n_descriptive_only,FALSE
Ya->Ko,3,B_830304_26_LF_CLASS::山地斜面等,荒川 / basin 26 / 山地斜面等,drop,2,5,0.4,287,1913,watersystem_x_unit_basin_x_landform,0.006968641114982578,0.0026136957658128594,0.004354945349169719,2.6662020905923347,low_n_descriptive_only,FALSE
Ya->Ko,3,B_830304_26_LF_CLASS::山地斜面等,荒川 / basin 26 / 山地斜面等,new,2,5,0.4,1270,1913,watersystem_x_unit_basin_x_landform,0.0015748031496062992,0.0026136957658128594,-0.0010388926162065602,0.60251968503937,low_n_descriptive_only,FALSE
Ya->Ko,3,B_830304_26_LF_CLASS::崖・段丘崖,荒川 / basin 26 / 崖・段丘崖,new,1,1,1,1270,1913,watersystem_x_unit_basin_x_landform,7.874015748031496e-4,5.227391531625719e-4,2.6466242164057774e-4,1.5062992125984251,low_n_descriptive_only,FALSE
Ya->Ko,3,B_830304_26_LF_CLASS::氾濫平野・海岸平野,荒川 / basin 26 / 氾濫平野・海岸平野,continue,1,2,0.5,356,1913,watersystem_x_unit_basin_x_landform,0.0028089887640449437,0.0010454783063251437,0.0017635104577198,2.686797752808989,low_n_descriptive_only,FALSE
Ya->Ko,3,B_830304_26_LF_CLASS::氾濫平野・海岸平野,荒川 / basin 26 / 氾濫平野・海岸平野,drop,1,2,0.5,287,1913,watersystem_x_unit_basin_x_landform,0.003484320557491289,0.0010454783063251437,0.0024388422511661453,3.332752613240418,low_n_descriptive_only,FALSE
Ya->Ko,3,B_830304_27_LF_CLASS::台地・段丘,荒川 / basin 27 / 台地・段丘,continue,6,12,0.5,356,1913,watersystem_x_unit_basin_x_landform,0.016853932584269662,0.006272869837950863,0.0105810627463188,2.686797752808989,low_n_descriptive_only,FALSE
Ya->Ko,3,B_830304_27_LF_CLASS::台地・段丘,荒川 / basin 27 / 台地・段丘,drop,1,12,0.08333333333333333,287,1913,watersystem_x_unit_basin_x_landform,0.003484320557491289,0.006272869837950863,-0.0027885492804595735,0.555458768873403,low_n_descriptive_only,FALSE
Ya->Ko,3,B_830304_27_LF_CLASS::台地・段丘,荒川 / basin 27 / 台地・段丘,new,5,12,0.4166666666666667,1270,1913,watersystem_x_unit_basin_x_landform,0.003937007874015748,0.006272869837950863,-0.0023358619639351147,0.6276246719160105,low_n_descriptive_only,FALSE
Ya->Ko,3,B_830304_27_LF_CLASS::崖・段丘崖,荒川 / basin 27 / 崖・段丘崖,new,1,1,1,1270,1913,watersystem_x_unit_basin_x_landform,7.874015748031496e-4,5.227391531625719e-4,2.6466242164057774e-4,1.5062992125984251,low_n_descriptive_only,FALSE
Ya->Ko,3,B_830304_27_LF_CLASS::氾濫平野・海岸平野,荒川 / basin 27 / 氾濫平野・海岸平野,drop,1,1,1,287,1913,watersystem_x_unit_basin_x_landform,0.003484320557491289,5.227391531625719e-4,0.0029615814043287172,6.665505226480836,low_n_descriptive_only,FALSE
Ya->Ko,3,B_830304_27_LF_CLASS::砂州・砂丘,荒川 / basin 27 / 砂州・砂丘,continue,1,3,0.3333333333333333,356,1913,watersystem_x_unit_basin_x_landform,0.0028089887640449437,0.0015682174594877157,0.001240771304557228,1.791198501872659,low_n_descriptive_only,FALSE
Ya->Ko,3,B_830304_27_LF_CLASS::砂州・砂丘,荒川 / basin 27 / 砂州・砂丘,new,2,3,0.6666666666666666,1270,1913,watersystem_x_unit_basin_x_landform,0.0015748031496062992,0.0015682174594877157,6.5856901185835145e-6,1.0041994750656167,low_n_descriptive_only,FALSE
Ya->Ko,3,B_830304_27_LF_CLASS::自然堤防,荒川 / basin 27 / 自然堤防,drop,2,2,1,287,1913,watersystem_x_unit_basin_x_landform,0.006968641114982578,0.0010454783063251437,0.0059231628086574345,6.665505226480836,low_n_descriptive_only,FALSE
Ya->Ko,3,B_830304_36_LF_CLASS::氾濫平野・海岸平野,荒川 / basin 36 / 氾濫平野・海岸平野,continue,1,1,1,356,1913,watersystem_x_unit_basin_x_landform,0.0028089887640449437,5.227391531625719e-4,0.0022862496108823718,5.373595505617978,low_n_descriptive_only,FALSE
Ya->Ko,3,B_830304_37_LF_CLASS::台地・段丘,荒川 / basin 37 / 台地・段丘,continue,1,9,0.1111111111111111,356,1913,watersystem_x_unit_basin_x_landform,0.0028089887640449437,0.004704652378463147,-0.0018956636144182035,0.5970661672908864,low_n_descriptive_only,FALSE
Ya->Ko,3,B_830304_37_LF_CLASS::台地・段丘,荒川 / basin 37 / 台地・段丘,drop,4,9,0.4444444444444444,287,1913,watersystem_x_unit_basin_x_landform,0.013937282229965157,0.004704652378463147,0.00923262985150201,2.962446767324816,low_n_descriptive_only,FALSE
Ya->Ko,3,B_830304_37_LF_CLASS::台地・段丘,荒川 / basin 37 / 台地・段丘,new,4,9,0.4444444444444444,1270,1913,watersystem_x_unit_basin_x_landform,0.0031496062992125984,0.004704652378463147,-0.0015550460792505489,0.6694663167104111,low_n_descriptive_only,FALSE
Ya->Ko,3,B_830304_37_LF_CLASS::氾濫平野・海岸平野,荒川 / basin 37 / 氾濫平野・海岸平野,continue,2,2,1,356,1913,watersystem_x_unit_basin_x_landform,0.0056179775280898875,0.0010454783063251437,0.0045724992217647436,5.373595505617978,low_n_descriptive_only,FALSE
Ya->Ko,3,B_830304_38_LF_CLASS::台地・段丘,荒川 / basin 38 / 台地・段丘,continue,2,7,0.2857142857142857,356,1913,watersystem_x_unit_basin_x_landform,0.0056179775280898875,0.0036591740721380033,0.001958803455951884,1.5353130016051364,low_n_descriptive_only,FALSE
Ya->Ko,3,B_830304_38_LF_CLASS::台地・段丘,荒川 / basin 38 / 台地・段丘,drop,5,7,0.7142857142857143,287,1913,watersystem_x_unit_basin_x_landform,0.017421602787456445,0.0036591740721380033,0.013762428715318442,4.761075161772025,low_n_descriptive_only,FALSE
Ya->Ko,3,B_830304_38_LF_CLASS::山地斜面等,荒川 / basin 38 / 山地斜面等,continue,1,1,1,356,1913,watersystem_x_unit_basin_x_landform,0.0028089887640449437,5.227391531625719e-4,0.0022862496108823718,5.373595505617978,low_n_descriptive_only,FALSE
Ya->Ko,3,B_830304_38_LF_CLASS::崖・段丘崖,荒川 / basin 38 / 崖・段丘崖,drop,1,1,1,287,1913,watersystem_x_unit_basin_x_landform,0.003484320557491289,5.227391531625719e-4,0.0029615814043287172,6.665505226480836,low_n_descriptive_only,FALSE
Ya->Ko,3,B_830304_38_LF_CLASS::後背低地・湿地,荒川 / basin 38 / 後背低地・湿地,new,1,1,1,1270,1913,watersystem_x_unit_basin_x_landform,7.874015748031496e-4,5.227391531625719e-4,2.6466242164057774e-4,1.5062992125984251,low_n_descriptive_only,FALSE
Ya->Ko,3,B_830304_38_LF_CLASS::砂州・砂丘,荒川 / basin 38 / 砂州・砂丘,new,1,1,1,1270,1913,watersystem_x_unit_basin_x_landform,7.874015748031496e-4,5.227391531625719e-4,2.6466242164057774e-4,1.5062992125984251,low_n_descriptive_only,FALSE
Ya->Ko,3,B_830304_39_LF_CLASS::台地・段丘,荒川 / basin 39 / 台地・段丘,continue,1,4,0.25,356,1913,watersystem_x_unit_basin_x_landform,0.0028089887640449437,0.0020909566126502874,7.180321513946563e-4,1.3433988764044944,low_n_descriptive_only,FALSE
Ya->Ko,3,B_830304_39_LF_CLASS::台地・段丘,荒川 / basin 39 / 台地・段丘,drop,1,4,0.25,287,1913,watersystem_x_unit_basin_x_landform,0.003484320557491289,0.0020909566126502874,0.0013933639448410018,1.666376306620209,low_n_descriptive_only,FALSE
Ya->Ko,3,B_830304_39_LF_CLASS::台地・段丘,荒川 / basin 39 / 台地・段丘,new,2,4,0.5,1270,1913,watersystem_x_unit_basin_x_landform,0.0015748031496062992,0.0020909566126502874,-5.161534630439882e-4,0.7531496062992126,low_n_descriptive_only,FALSE
Ya->Ko,3,B_830304_39_LF_CLASS::崖・段丘崖,荒川 / basin 39 / 崖・段丘崖,continue,1,1,1,356,1913,watersystem_x_unit_basin_x_landform,0.0028089887640449437,5.227391531625719e-4,0.0022862496108823718,5.373595505617978,low_n_descriptive_only,FALSE
Ya->Ko,3,B_830304_39_LF_CLASS::水部,荒川 / basin 39 / 水部,continue,1,1,1,356,1913,watersystem_x_unit_basin_x_landform,0.0028089887640449437,5.227391531625719e-4,0.0022862496108823718,5.373595505617978,low_n_descriptive_only,FALSE
Ya->Ko,3,B_830304_40_LF_CLASS::台地・段丘,荒川 / basin 40 / 台地・段丘,drop,2,4,0.5,287,1913,watersystem_x_unit_basin_x_landform,0.006968641114982578,0.0020909566126502874,0.0048776845023322905,3.332752613240418,low_n_descriptive_only,FALSE
Ya->Ko,3,B_830304_40_LF_CLASS::台地・段丘,荒川 / basin 40 / 台地・段丘,new,2,4,0.5,1270,1913,watersystem_x_unit_basin_x_landform,0.0015748031496062992,0.0020909566126502874,-5.161534630439882e-4,0.7531496062992126,low_n_descriptive_only,FALSE
Ya->Ko,3,B_830304_40_LF_CLASS::氾濫平野・海岸平野,荒川 / basin 40 / 氾濫平野・海岸平野,new,1,1,1,1270,1913,watersystem_x_unit_basin_x_landform,7.874015748031496e-4,5.227391531625719e-4,2.6466242164057774e-4,1.5062992125984251,low_n_descriptive_only,FALSE
Ya->Ko,3,B_830304_42_LF_CLASS::台地・段丘,荒川 / basin 42 / 台地・段丘,continue,12,14,0.8571428571428571,356,1913,watersystem_x_unit_basin_x_landform,0.033707865168539325,0.007318348144276007,0.02638951702426332,4.605939004815409,low_n_descriptive_only,FALSE
Ya->Ko,3,B_830304_42_LF_CLASS::台地・段丘,荒川 / basin 42 / 台地・段丘,drop,1,14,0.07142857142857142,287,1913,watersystem_x_unit_basin_x_landform,0.003484320557491289,0.007318348144276007,-0.0038340275867847174,0.47610751617720254,low_n_descriptive_only,FALSE
Ya->Ko,3,B_830304_42_LF_CLASS::台地・段丘,荒川 / basin 42 / 台地・段丘,new,1,14,0.07142857142857142,1270,1913,watersystem_x_unit_basin_x_landform,7.874015748031496e-4,0.007318348144276007,-0.006530946569472857,0.10759280089988751,low_n_descriptive_only,FALSE
Ya->Ko,3,B_830304_42_LF_CLASS::氾濫平野・海岸平野,荒川 / basin 42 / 氾濫平野・海岸平野,continue,1,3,0.3333333333333333,356,1913,watersystem_x_unit_basin_x_landform,0.0028089887640449437,0.0015682174594877157,0.001240771304557228,1.791198501872659,low_n_descriptive_only,FALSE
Ya->Ko,3,B_830304_42_LF_CLASS::氾濫平野・海岸平野,荒川 / basin 42 / 氾濫平野・海岸平野,drop,1,3,0.3333333333333333,287,1913,watersystem_x_unit_basin_x_landform,0.003484320557491289,0.0015682174594877157,0.0019161030980035735,2.221835075493612,low_n_descriptive_only,FALSE
Ya->Ko,3,B_830304_42_LF_CLASS::氾濫平野・海岸平野,荒川 / basin 42 / 氾濫平野・海岸平野,new,1,3,0.3333333333333333,1270,1913,watersystem_x_unit_basin_x_landform,7.874015748031496e-4,0.0015682174594877157,-7.808158846845661e-4,0.5020997375328083,low_n_descriptive_only,FALSE
Ya->Ko,3,B_830304_44_LF_CLASS::氾濫平野・海岸平野,荒川 / basin 44 / 氾濫平野・海岸平野,continue,1,1,1,356,1913,watersystem_x_unit_basin_x_landform,0.0028089887640449437,5.227391531625719e-4,0.0022862496108823718,5.373595505617978,low_n_descriptive_only,FALSE
Ya->Ko,3,B_830304_47_LF_CLASS::台地・段丘,荒川 / basin 47 / 台地・段丘,continue,7,16,0.4375,356,1913,watersystem_x_unit_basin_x_landform,0.019662921348314606,0.00836382645060115,0.011299094897713457,2.350948033707865,low_n_descriptive_only,FALSE
Ya->Ko,3,B_830304_47_LF_CLASS::台地・段丘,荒川 / basin 47 / 台地・段丘,drop,7,16,0.4375,287,1913,watersystem_x_unit_basin_x_landform,0.024390243902439025,0.00836382645060115,0.016026417451837874,2.916158536585366,low_n_descriptive_only,FALSE
Ya->Ko,3,B_830304_47_LF_CLASS::台地・段丘,荒川 / basin 47 / 台地・段丘,new,2,16,0.125,1270,1913,watersystem_x_unit_basin_x_landform,0.0015748031496062992,0.00836382645060115,-0.0067890233009948505,0.18828740157480314,low_n_descriptive_only,FALSE
Ya->Ko,3,B_830304_47_LF_CLASS::山地斜面等,荒川 / basin 47 / 山地斜面等,continue,1,3,0.3333333333333333,356,1913,watersystem_x_unit_basin_x_landform,0.0028089887640449437,0.0015682174594877157,0.001240771304557228,1.791198501872659,low_n_descriptive_only,FALSE
Ya->Ko,3,B_830304_47_LF_CLASS::山地斜面等,荒川 / basin 47 / 山地斜面等,drop,1,3,0.3333333333333333,287,1913,watersystem_x_unit_basin_x_landform,0.003484320557491289,0.0015682174594877157,0.0019161030980035735,2.221835075493612,low_n_descriptive_only,FALSE
Ya->Ko,3,B_830304_47_LF_CLASS::山地斜面等,荒川 / basin 47 / 山地斜面等,new,1,3,0.3333333333333333,1270,1913,watersystem_x_unit_basin_x_landform,7.874015748031496e-4,0.0015682174594877157,-7.808158846845661e-4,0.5020997375328083,low_n_descriptive_only,FALSE
Ya->Ko,3,B_830304_47_LF_CLASS::氾濫平野・海岸平野,荒川 / basin 47 / 氾濫平野・海岸平野,drop,1,1,1,287,1913,watersystem_x_unit_basin_x_landform,0.003484320557491289,5.227391531625719e-4,0.0029615814043287172,6.665505226480836,low_n_descriptive_only,FALSE
Ya->Ko,3,B_830304_51_LF_CLASS::台地・段丘,荒川 / basin 51 / 台地・段丘,drop,1,1,1,287,1913,watersystem_x_unit_basin_x_landform,0.003484320557491289,5.227391531625719e-4,0.0029615814043287172,6.665505226480836,low_n_descriptive_only,FALSE
Ya->Ko,3,B_830304_51_LF_CLASS::山地斜面等,荒川 / basin 51 / 山地斜面等,continue,2,3,0.6666666666666666,356,1913,watersystem_x_unit_basin_x_landform,0.0056179775280898875,0.0015682174594877157,0.004049760068602172,3.582397003745318,low_n_descriptive_only,FALSE
Ya->Ko,3,B_830304_51_LF_CLASS::山地斜面等,荒川 / basin 51 / 山地斜面等,drop,1,3,0.3333333333333333,287,1913,watersystem_x_unit_basin_x_landform,0.003484320557491289,0.0015682174594877157,0.0019161030980035735,2.221835075493612,low_n_descriptive_only,FALSE
Ya->Ko,3,B_830304_52_LF_CLASS::台地・段丘,荒川 / basin 52 / 台地・段丘,continue,8,22,0.36363636363636365,356,1913,watersystem_x_unit_basin_x_landform,0.02247191011235955,0.01150026136957658,0.01097164874278297,1.9540347293156282,eligible,FALSE
Ya->Ko,3,B_830304_52_LF_CLASS::台地・段丘,荒川 / basin 52 / 台地・段丘,drop,7,22,0.3181818181818182,287,1913,watersystem_x_unit_basin_x_landform,0.024390243902439025,0.01150026136957658,0.012889982532862445,2.1208425720620845,eligible,FALSE
Ya->Ko,3,B_830304_52_LF_CLASS::台地・段丘,荒川 / basin 52 / 台地・段丘,new,7,22,0.3181818181818182,1270,1913,watersystem_x_unit_basin_x_landform,0.005511811023622047,0.01150026136957658,-0.0059884503459545334,0.479277022190408,eligible,FALSE
Ya->Ko,3,B_830304_52_LF_CLASS::山地斜面等,荒川 / basin 52 / 山地斜面等,continue,4,8,0.5,356,1913,watersystem_x_unit_basin_x_landform,0.011235955056179775,0.004181913225300575,0.0070540418308792,2.686797752808989,low_n_descriptive_only,FALSE
Ya->Ko,3,B_830304_52_LF_CLASS::山地斜面等,荒川 / basin 52 / 山地斜面等,drop,3,8,0.375,287,1913,watersystem_x_unit_basin_x_landform,0.010452961672473868,0.004181913225300575,0.006271048447173294,2.4995644599303137,low_n_descriptive_only,FALSE
Ya->Ko,3,B_830304_52_LF_CLASS::山地斜面等,荒川 / basin 52 / 山地斜面等,new,1,8,0.125,1270,1913,watersystem_x_unit_basin_x_landform,7.874015748031496e-4,0.004181913225300575,-0.0033945116504974253,0.18828740157480314,low_n_descriptive_only,FALSE
Ya->Ko,3,B_830304_52_LF_CLASS::氾濫平野・海岸平野,荒川 / basin 52 / 氾濫平野・海岸平野,new,2,2,1,1270,1913,watersystem_x_unit_basin_x_landform,0.0015748031496062992,0.0010454783063251437,5.293248432811555e-4,1.5062992125984251,low_n_descriptive_only,FALSE
Ya->Ko,3,B_830304_53_LF_CLASS::台地・段丘,荒川 / basin 53 / 台地・段丘,continue,3,4,0.75,356,1913,watersystem_x_unit_basin_x_landform,0.008426966292134831,0.0020909566126502874,0.006336009679484543,4.030196629213483,low_n_descriptive_only,FALSE
Ya->Ko,3,B_830304_53_LF_CLASS::台地・段丘,荒川 / basin 53 / 台地・段丘,drop,1,4,0.25,287,1913,watersystem_x_unit_basin_x_landform,0.003484320557491289,0.0020909566126502874,0.0013933639448410018,1.666376306620209,low_n_descriptive_only,FALSE
Ya->Ko,3,B_830304_53_LF_CLASS::山地斜面等,荒川 / basin 53 / 山地斜面等,continue,2,3,0.6666666666666666,356,1913,watersystem_x_unit_basin_x_landform,0.0056179775280898875,0.0015682174594877157,0.004049760068602172,3.582397003745318,low_n_descriptive_only,FALSE
Ya->Ko,3,B_830304_53_LF_CLASS::山地斜面等,荒川 / basin 53 / 山地斜面等,new,1,3,0.3333333333333333,1270,1913,watersystem_x_unit_basin_x_landform,7.874015748031496e-4,0.0015682174594877157,-7.808158846845661e-4,0.5020997375328083,low_n_descriptive_only,FALSE
Ya->Ko,3,B_830304_54_LF_CLASS::凹地・浅い谷,荒川 / basin 54 / 凹地・浅い谷,new,1,1,1,1270,1913,watersystem_x_unit_basin_x_landform,7.874015748031496e-4,5.227391531625719e-4,2.6466242164057774e-4,1.5062992125984251,low_n_descriptive_only,FALSE
Ya->Ko,3,B_830304_54_LF_CLASS::台地・段丘,荒川 / basin 54 / 台地・段丘,continue,3,8,0.375,356,1913,watersystem_x_unit_basin_x_landform,0.008426966292134831,0.004181913225300575,0.004245053066834256,2.0150983146067416,low_n_descriptive_only,FALSE
Ya->Ko,3,B_830304_54_LF_CLASS::台地・段丘,荒川 / basin 54 / 台地・段丘,drop,2,8,0.25,287,1913,watersystem_x_unit_basin_x_landform,0.006968641114982578,0.004181913225300575,0.0027867278896820035,1.666376306620209,low_n_descriptive_only,FALSE
Ya->Ko,3,B_830304_54_LF_CLASS::台地・段丘,荒川 / basin 54 / 台地・段丘,new,3,8,0.375,1270,1913,watersystem_x_unit_basin_x_landform,0.002362204724409449,0.004181913225300575,-0.001819708500891126,0.5648622047244095,low_n_descriptive_only,FALSE
Ya->Ko,3,B_830304_54_LF_CLASS::山地斜面等,荒川 / basin 54 / 山地斜面等,drop,3,10,0.3,287,1913,watersystem_x_unit_basin_x_landform,0.010452961672473868,0.005227391531625719,0.00522557014084815,1.999651567944251,low_n_descriptive_only,FALSE
Ya->Ko,3,B_830304_54_LF_CLASS::山地斜面等,荒川 / basin 54 / 山地斜面等,new,7,10,0.7,1270,1913,watersystem_x_unit_basin_x_landform,0.005511811023622047,0.005227391531625719,2.844194919963284e-4,1.0544094488188975,low_n_descriptive_only,FALSE
Ya->Ko,3,B_830304_54_LF_CLASS::氾濫平野・海岸平野,荒川 / basin 54 / 氾濫平野・海岸平野,drop,1,3,0.3333333333333333,287,1913,watersystem_x_unit_basin_x_landform,0.003484320557491289,0.0015682174594877157,0.0019161030980035735,2.221835075493612,low_n_descriptive_only,FALSE
Ya->Ko,3,B_830304_54_LF_CLASS::氾濫平野・海岸平野,荒川 / basin 54 / 氾濫平野・海岸平野,new,2,3,0.6666666666666666,1270,1913,watersystem_x_unit_basin_x_landform,0.0015748031496062992,0.0015682174594877157,6.5856901185835145e-6,1.0041994750656167,low_n_descriptive_only,FALSE
Ya->Ko,3,B_830304_55_LF_CLASS::凹地・浅い谷,荒川 / basin 55 / 凹地・浅い谷,continue,1,1,1,356,1913,watersystem_x_unit_basin_x_landform,0.0028089887640449437,5.227391531625719e-4,0.0022862496108823718,5.373595505617978,low_n_descriptive_only,FALSE
Ya->Ko,3,B_830304_55_LF_CLASS::台地・段丘,荒川 / basin 55 / 台地・段丘,continue,18,21,0.8571428571428571,356,1913,watersystem_x_unit_basin_x_landform,0.05056179775280899,0.01097752221641401,0.03958427553639498,4.605939004815409,eligible,FALSE
Ya->Ko,3,B_830304_55_LF_CLASS::台地・段丘,荒川 / basin 55 / 台地・段丘,drop,1,21,0.047619047619047616,287,1913,watersystem_x_unit_basin_x_landform,0.003484320557491289,0.01097752221641401,-0.007493201658922721,0.3174050107848017,eligible,FALSE
Ya->Ko,3,B_830304_55_LF_CLASS::台地・段丘,荒川 / basin 55 / 台地・段丘,new,2,21,0.09523809523809523,1270,1913,watersystem_x_unit_basin_x_landform,0.0015748031496062992,0.01097752221641401,-0.00940271906680771,0.14345706786651669,eligible,FALSE
Ya->Ko,3,B_830304_55_LF_CLASS::氾濫平野・海岸平野,荒川 / basin 55 / 氾濫平野・海岸平野,new,2,2,1,1270,1913,watersystem_x_unit_basin_x_landform,0.0015748031496062992,0.0010454783063251437,5.293248432811555e-4,1.5062992125984251,low_n_descriptive_only,FALSE
Ya->Ko,3,B_830304_56_LF_CLASS::台地・段丘,荒川 / basin 56 / 台地・段丘,continue,8,12,0.6666666666666666,356,1913,watersystem_x_unit_basin_x_landform,0.02247191011235955,0.006272869837950863,0.016199040274408688,3.582397003745318,low_n_descriptive_only,FALSE
Ya->Ko,3,B_830304_56_LF_CLASS::台地・段丘,荒川 / basin 56 / 台地・段丘,drop,2,12,0.16666666666666666,287,1913,watersystem_x_unit_basin_x_landform,0.006968641114982578,0.006272869837950863,6.957712770317157e-4,1.110917537746806,low_n_descriptive_only,FALSE
Ya->Ko,3,B_830304_56_LF_CLASS::台地・段丘,荒川 / basin 56 / 台地・段丘,new,2,12,0.16666666666666666,1270,1913,watersystem_x_unit_basin_x_landform,0.0015748031496062992,0.006272869837950863,-0.0046980666883445635,0.25104986876640417,low_n_descriptive_only,FALSE
Ya->Ko,3,B_830304_56_LF_CLASS::氾濫平野・海岸平野,荒川 / basin 56 / 氾濫平野・海岸平野,continue,2,2,1,356,1913,watersystem_x_unit_basin_x_landform,0.0056179775280898875,0.0010454783063251437,0.0045724992217647436,5.373595505617978,low_n_descriptive_only,FALSE
Ya->Ko,3,B_830304_57_LF_CLASS::台地・段丘,荒川 / basin 57 / 台地・段丘,continue,5,14,0.35714285714285715,356,1913,watersystem_x_unit_basin_x_landform,0.014044943820224719,0.007318348144276007,0.006726595675948712,1.9191412520064204,low_n_descriptive_only,FALSE
Ya->Ko,3,B_830304_57_LF_CLASS::台地・段丘,荒川 / basin 57 / 台地・段丘,drop,1,14,0.07142857142857142,287,1913,watersystem_x_unit_basin_x_landform,0.003484320557491289,0.007318348144276007,-0.0038340275867847174,0.47610751617720254,low_n_descriptive_only,FALSE
Ya->Ko,3,B_830304_57_LF_CLASS::台地・段丘,荒川 / basin 57 / 台地・段丘,new,8,14,0.5714285714285714,1270,1913,watersystem_x_unit_basin_x_landform,0.006299212598425197,0.007318348144276007,-0.0010191355458508099,0.8607424071991001,low_n_descriptive_only,FALSE
Ya->Ko,3,B_830304_57_LF_CLASS::山地斜面等,荒川 / basin 57 / 山地斜面等,continue,1,10,0.1,356,1913,watersystem_x_unit_basin_x_landform,0.0028089887640449437,0.005227391531625719,-0.002418402767580775,0.5373595505617977,low_n_descriptive_only,FALSE
Ya->Ko,3,B_830304_57_LF_CLASS::山地斜面等,荒川 / basin 57 / 山地斜面等,drop,3,10,0.3,287,1913,watersystem_x_unit_basin_x_landform,0.010452961672473868,0.005227391531625719,0.00522557014084815,1.999651567944251,low_n_descriptive_only,FALSE
Ya->Ko,3,B_830304_57_LF_CLASS::山地斜面等,荒川 / basin 57 / 山地斜面等,new,6,10,0.6,1270,1913,watersystem_x_unit_basin_x_landform,0.004724409448818898,0.005227391531625719,-5.029820828068212e-4,0.9037795275590551,low_n_descriptive_only,FALSE
Ya->Ko,3,B_830304_57_LF_CLASS::氾濫平野・海岸平野,荒川 / basin 57 / 氾濫平野・海岸平野,continue,2,4,0.5,356,1913,watersystem_x_unit_basin_x_landform,0.0056179775280898875,0.0020909566126502874,0.0035270209154396,2.686797752808989,low_n_descriptive_only,FALSE
Ya->Ko,3,B_830304_57_LF_CLASS::氾濫平野・海岸平野,荒川 / basin 57 / 氾濫平野・海岸平野,drop,1,4,0.25,287,1913,watersystem_x_unit_basin_x_landform,0.003484320557491289,0.0020909566126502874,0.0013933639448410018,1.666376306620209,low_n_descriptive_only,FALSE
Ya->Ko,3,B_830304_57_LF_CLASS::氾濫平野・海岸平野,荒川 / basin 57 / 氾濫平野・海岸平野,new,1,4,0.25,1270,1913,watersystem_x_unit_basin_x_landform,7.874015748031496e-4,0.0020909566126502874,-0.0013035550378471378,0.3765748031496063,low_n_descriptive_only,FALSE
Ya->Ko,3,B_830304_61_LF_CLASS::台地・段丘,荒川 / basin 61 / 台地・段丘,continue,10,17,0.5882352941176471,356,1913,watersystem_x_unit_basin_x_landform,0.028089887640449437,0.008886565603763722,0.019203322036685715,3.1609385327164574,low_n_descriptive_only,FALSE
Ya->Ko,3,B_830304_61_LF_CLASS::台地・段丘,荒川 / basin 61 / 台地・段丘,drop,7,17,0.4117647058823529,287,1913,watersystem_x_unit_basin_x_landform,0.024390243902439025,0.008886565603763722,0.015503678298675303,2.744619799139168,low_n_descriptive_only,FALSE
Ya->Ko,3,B_830304_61_LF_CLASS::山地斜面等,荒川 / basin 61 / 山地斜面等,drop,2,3,0.6666666666666666,287,1913,watersystem_x_unit_basin_x_landform,0.006968641114982578,0.0015682174594877157,0.005400423655494863,4.443670150987224,low_n_descriptive_only,FALSE
Ya->Ko,3,B_830304_61_LF_CLASS::山地斜面等,荒川 / basin 61 / 山地斜面等,new,1,3,0.3333333333333333,1270,1913,watersystem_x_unit_basin_x_landform,7.874015748031496e-4,0.0015682174594877157,-7.808158846845661e-4,0.5020997375328083,low_n_descriptive_only,FALSE
Ya->Ko,3,B_830304_63_LF_CLASS::台地・段丘,荒川 / basin 63 / 台地・段丘,drop,1,1,1,287,1913,watersystem_x_unit_basin_x_landform,0.003484320557491289,5.227391531625719e-4,0.0029615814043287172,6.665505226480836,low_n_descriptive_only,FALSE
Ya->Ko,3,B_830304_67_LF_CLASS::凹地・浅い谷,荒川 / basin 67 / 凹地・浅い谷,new,1,1,1,1270,1913,watersystem_x_unit_basin_x_landform,7.874015748031496e-4,5.227391531625719e-4,2.6466242164057774e-4,1.5062992125984251,low_n_descriptive_only,FALSE
Ya->Ko,3,B_830304_67_LF_CLASS::台地・段丘,荒川 / basin 67 / 台地・段丘,drop,1,3,0.3333333333333333,287,1913,watersystem_x_unit_basin_x_landform,0.003484320557491289,0.0015682174594877157,0.0019161030980035735,2.221835075493612,low_n_descriptive_only,FALSE
Ya->Ko,3,B_830304_67_LF_CLASS::台地・段丘,荒川 / basin 67 / 台地・段丘,new,2,3,0.6666666666666666,1270,1913,watersystem_x_unit_basin_x_landform,0.0015748031496062992,0.0015682174594877157,6.5856901185835145e-6,1.0041994750656167,low_n_descriptive_only,FALSE
Ya->Ko,3,B_830304_67_LF_CLASS::山地斜面等,荒川 / basin 67 / 山地斜面等,drop,1,1,1,287,1913,watersystem_x_unit_basin_x_landform,0.003484320557491289,5.227391531625719e-4,0.0029615814043287172,6.665505226480836,low_n_descriptive_only,FALSE
Ya->Ko,3,B_830304_68_LF_CLASS::台地・段丘,荒川 / basin 68 / 台地・段丘,continue,1,6,0.16666666666666666,356,1913,watersystem_x_unit_basin_x_landform,0.0028089887640449437,0.0031364349189754314,-3.274461549304876e-4,0.8955992509363295,low_n_descriptive_only,FALSE
Ya->Ko,3,B_830304_68_LF_CLASS::台地・段丘,荒川 / basin 68 / 台地・段丘,drop,1,6,0.16666666666666666,287,1913,watersystem_x_unit_basin_x_landform,0.003484320557491289,0.0031364349189754314,3.4788563851585784e-4,1.110917537746806,low_n_descriptive_only,FALSE
Ya->Ko,3,B_830304_68_LF_CLASS::台地・段丘,荒川 / basin 68 / 台地・段丘,new,4,6,0.6666666666666666,1270,1913,watersystem_x_unit_basin_x_landform,0.0031496062992125984,0.0031364349189754314,1.3171380237167029e-5,1.0041994750656167,low_n_descriptive_only,FALSE
Ya->Ko,3,B_830304_69_LF_CLASS::台地・段丘,荒川 / basin 69 / 台地・段丘,continue,3,10,0.3,356,1913,watersystem_x_unit_basin_x_landform,0.008426966292134831,0.005227391531625719,0.0031995747605091125,1.612078651685393,low_n_descriptive_only,FALSE
Ya->Ko,3,B_830304_69_LF_CLASS::台地・段丘,荒川 / basin 69 / 台地・段丘,drop,3,10,0.3,287,1913,watersystem_x_unit_basin_x_landform,0.010452961672473868,0.005227391531625719,0.00522557014084815,1.999651567944251,low_n_descriptive_only,FALSE
Ya->Ko,3,B_830304_69_LF_CLASS::台地・段丘,荒川 / basin 69 / 台地・段丘,new,4,10,0.4,1270,1913,watersystem_x_unit_basin_x_landform,0.0031496062992125984,0.005227391531625719,-0.0020777852324131204,0.60251968503937,low_n_descriptive_only,FALSE
Ya->Ko,3,B_830304_69_LF_CLASS::山地斜面等,荒川 / basin 69 / 山地斜面等,drop,3,5,0.6,287,1913,watersystem_x_unit_basin_x_landform,0.010452961672473868,0.0026136957658128594,0.007839265906661008,3.999303135888502,low_n_descriptive_only,FALSE
Ya->Ko,3,B_830304_69_LF_CLASS::山地斜面等,荒川 / basin 69 / 山地斜面等,new,2,5,0.4,1270,1913,watersystem_x_unit_basin_x_landform,0.0015748031496062992,0.0026136957658128594,-0.0010388926162065602,0.60251968503937,low_n_descriptive_only,FALSE
Ya->Ko,3,B_830304_69_LF_CLASS::氾濫平野・海岸平野,荒川 / basin 69 / 氾濫平野・海岸平野,continue,1,1,1,356,1913,watersystem_x_unit_basin_x_landform,0.0028089887640449437,5.227391531625719e-4,0.0022862496108823718,5.373595505617978,low_n_descriptive_only,FALSE
Ya->Ko,3,B_830304_70_LF_CLASS::台地・段丘,荒川 / basin 70 / 台地・段丘,continue,3,17,0.17647058823529413,356,1913,watersystem_x_unit_basin_x_landform,0.008426966292134831,0.008886565603763722,-4.5959931162889087e-4,0.9482815598149371,low_n_descriptive_only,FALSE
Ya->Ko,3,B_830304_70_LF_CLASS::台地・段丘,荒川 / basin 70 / 台地・段丘,drop,2,17,0.11764705882352941,287,1913,watersystem_x_unit_basin_x_landform,0.006968641114982578,0.008886565603763722,-0.0019179244887811437,0.7841770854683336,low_n_descriptive_only,FALSE
Ya->Ko,3,B_830304_70_LF_CLASS::台地・段丘,荒川 / basin 70 / 台地・段丘,new,12,17,0.7058823529411765,1270,1913,watersystem_x_unit_basin_x_landform,0.009448818897637795,0.008886565603763722,5.62253293874073e-4,1.0632700324224178,low_n_descriptive_only,FALSE
Ya->Ko,3,B_830304_70_LF_CLASS::山地斜面等,荒川 / basin 70 / 山地斜面等,drop,1,4,0.25,287,1913,watersystem_x_unit_basin_x_landform,0.003484320557491289,0.0020909566126502874,0.0013933639448410018,1.666376306620209,low_n_descriptive_only,FALSE
Ya->Ko,3,B_830304_70_LF_CLASS::山地斜面等,荒川 / basin 70 / 山地斜面等,new,3,4,0.75,1270,1913,watersystem_x_unit_basin_x_landform,0.002362204724409449,0.0020909566126502874,2.7124811175916136e-4,1.129724409448819,low_n_descriptive_only,FALSE
Ya->Ko,3,B_830304_70_LF_CLASS::氾濫平野・海岸平野,荒川 / basin 70 / 氾濫平野・海岸平野,drop,1,2,0.5,287,1913,watersystem_x_unit_basin_x_landform,0.003484320557491289,0.0010454783063251437,0.0024388422511661453,3.332752613240418,low_n_descriptive_only,FALSE
Ya->Ko,3,B_830304_70_LF_CLASS::氾濫平野・海岸平野,荒川 / basin 70 / 氾濫平野・海岸平野,new,1,2,0.5,1270,1913,watersystem_x_unit_basin_x_landform,7.874015748031496e-4,0.0010454783063251437,-2.580767315219941e-4,0.7531496062992126,low_n_descriptive_only,FALSE
Ya->Ko,3,B_830304_79_LF_CLASS::台地・段丘,荒川 / basin 79 / 台地・段丘,continue,1,2,0.5,356,1913,watersystem_x_unit_basin_x_landform,0.0028089887640449437,0.0010454783063251437,0.0017635104577198,2.686797752808989,low_n_descriptive_only,FALSE
Ya->Ko,3,B_830304_79_LF_CLASS::台地・段丘,荒川 / basin 79 / 台地・段丘,new,1,2,0.5,1270,1913,watersystem_x_unit_basin_x_landform,7.874015748031496e-4,0.0010454783063251437,-2.580767315219941e-4,0.7531496062992126,low_n_descriptive_only,FALSE
Ya->Ko,3,B_830304_80_LF_CLASS::台地・段丘,荒川 / basin 80 / 台地・段丘,drop,1,1,1,287,1913,watersystem_x_unit_basin_x_landform,0.003484320557491289,5.227391531625719e-4,0.0029615814043287172,6.665505226480836,low_n_descriptive_only,FALSE
Ya->Ko,3,B_830304_80_LF_CLASS::山地斜面等,荒川 / basin 80 / 山地斜面等,drop,1,1,1,287,1913,watersystem_x_unit_basin_x_landform,0.003484320557491289,5.227391531625719e-4,0.0029615814043287172,6.665505226480836,low_n_descriptive_only,FALSE
Ya->Ko,3,B_830304_83_LF_CLASS::台地・段丘,荒川 / basin 83 / 台地・段丘,continue,2,9,0.2222222222222222,356,1913,watersystem_x_unit_basin_x_landform,0.0056179775280898875,0.004704652378463147,9.133251496267402e-4,1.1941323345817727,low_n_descriptive_only,FALSE
Ya->Ko,3,B_830304_83_LF_CLASS::台地・段丘,荒川 / basin 83 / 台地・段丘,new,7,9,0.7777777777777778,1270,1913,watersystem_x_unit_basin_x_landform,0.005511811023622047,0.004704652378463147,8.071586451588999e-4,1.1715660542432196,low_n_descriptive_only,FALSE
Ya->Ko,3,B_830304_83_LF_CLASS::山地斜面等,荒川 / basin 83 / 山地斜面等,new,1,1,1,1270,1913,watersystem_x_unit_basin_x_landform,7.874015748031496e-4,5.227391531625719e-4,2.6466242164057774e-4,1.5062992125984251,low_n_descriptive_only,FALSE
Ya->Ko,3,B_830304_86_LF_CLASS::台地・段丘,荒川 / basin 86 / 台地・段丘,continue,4,13,0.3076923076923077,356,1913,watersystem_x_unit_basin_x_landform,0.011235955056179775,0.006795608991113434,0.004440346065066341,1.6534140017286085,low_n_descriptive_only,FALSE
Ya->Ko,3,B_830304_86_LF_CLASS::台地・段丘,荒川 / basin 86 / 台地・段丘,new,9,13,0.6923076923076923,1270,1913,watersystem_x_unit_basin_x_landform,0.007086614173228346,0.006795608991113434,2.910051821149121e-4,1.0428225317989097,low_n_descriptive_only,FALSE
Ya->Ko,3,B_830304_86_LF_CLASS::山地斜面等,荒川 / basin 86 / 山地斜面等,continue,3,11,0.2727272727272727,356,1913,watersystem_x_unit_basin_x_landform,0.008426966292134831,0.00575013068478829,0.002676835607346541,1.4655260469867213,low_n_descriptive_only,FALSE
Ya->Ko,3,B_830304_86_LF_CLASS::山地斜面等,荒川 / basin 86 / 山地斜面等,drop,1,11,0.09090909090909091,287,1913,watersystem_x_unit_basin_x_landform,0.003484320557491289,0.00575013068478829,-0.002265810127297001,0.605955020589167,low_n_descriptive_only,FALSE
Ya->Ko,3,B_830304_86_LF_CLASS::山地斜面等,荒川 / basin 86 / 山地斜面等,new,7,11,0.6363636363636364,1270,1913,watersystem_x_unit_basin_x_landform,0.005511811023622047,0.00575013068478829,-2.3831966116624314e-4,0.958554044380816,low_n_descriptive_only,FALSE
Ya->Ko,3,B_830304_86_LF_CLASS::山麓堆積地形,荒川 / basin 86 / 山麓堆積地形,new,2,2,1,1270,1913,watersystem_x_unit_basin_x_landform,0.0015748031496062992,0.0010454783063251437,5.293248432811555e-4,1.5062992125984251,low_n_descriptive_only,FALSE
Ya->Ko,3,B_830304_86_LF_CLASS::氾濫平野・海岸平野,荒川 / basin 86 / 氾濫平野・海岸平野,continue,3,7,0.42857142857142855,356,1913,watersystem_x_unit_basin_x_landform,0.008426966292134831,0.0036591740721380033,0.004767792219996828,2.3029695024077044,low_n_descriptive_only,FALSE
Ya->Ko,3,B_830304_86_LF_CLASS::氾濫平野・海岸平野,荒川 / basin 86 / 氾濫平野・海岸平野,new,4,7,0.5714285714285714,1270,1913,watersystem_x_unit_basin_x_landform,0.0031496062992125984,0.0036591740721380033,-5.095677729254049e-4,0.8607424071991001,low_n_descriptive_only,FALSE
Ya->Ko,3,B_830304_87_LF_CLASS::山地斜面等,荒川 / basin 87 / 山地斜面等,continue,1,1,1,356,1913,watersystem_x_unit_basin_x_landform,0.0028089887640449437,5.227391531625719e-4,0.0022862496108823718,5.373595505617978,low_n_descriptive_only,FALSE
Ya->Ko,3,B_830304_88_LF_CLASS::山地斜面等,荒川 / basin 88 / 山地斜面等,continue,2,8,0.25,356,1913,watersystem_x_unit_basin_x_landform,0.0056179775280898875,0.004181913225300575,0.0014360643027893126,1.3433988764044944,low_n_descriptive_only,FALSE
Ya->Ko,3,B_830304_88_LF_CLASS::山地斜面等,荒川 / basin 88 / 山地斜面等,new,6,8,0.75,1270,1913,watersystem_x_unit_basin_x_landform,0.004724409448818898,0.004181913225300575,5.424962235183227e-4,1.129724409448819,low_n_descriptive_only,FALSE
Ya->Ko,3,B_830304_88_LF_CLASS::山麓堆積地形,荒川 / basin 88 / 山麓堆積地形,new,1,1,1,1270,1913,watersystem_x_unit_basin_x_landform,7.874015748031496e-4,5.227391531625719e-4,2.6466242164057774e-4,1.5062992125984251,low_n_descriptive_only,FALSE
Ya->Ko,3,B_830305_10_LF_CLASS::台地・段丘,多摩川 / basin 10 / 台地・段丘,continue,9,51,0.17647058823529413,356,1913,watersystem_x_unit_basin_x_landform,0.025280898876404494,0.026659696811291166,-0.0013787979348866726,0.9482815598149371,eligible,FALSE
Ya->Ko,3,B_830305_10_LF_CLASS::台地・段丘,多摩川 / basin 10 / 台地・段丘,new,42,51,0.8235294117647058,1270,1913,watersystem_x_unit_basin_x_landform,0.03307086614173228,0.026659696811291166,0.006411169330441117,1.2404817044928207,eligible,FALSE
Ya->Ko,3,B_830305_10_LF_CLASS::山地斜面等,多摩川 / basin 10 / 山地斜面等,new,2,2,1,1270,1913,watersystem_x_unit_basin_x_landform,0.0015748031496062992,0.0010454783063251437,5.293248432811555e-4,1.5062992125984251,low_n_descriptive_only,FALSE
Ya->Ko,3,B_830305_10_LF_CLASS::崖・段丘崖,多摩川 / basin 10 / 崖・段丘崖,new,1,1,1,1270,1913,watersystem_x_unit_basin_x_landform,7.874015748031496e-4,5.227391531625719e-4,2.6466242164057774e-4,1.5062992125984251,low_n_descriptive_only,FALSE
Ya->Ko,3,B_830305_10_LF_CLASS::氾濫平野・海岸平野,多摩川 / basin 10 / 氾濫平野・海岸平野,new,3,3,1,1270,1913,watersystem_x_unit_basin_x_landform,0.002362204724409449,0.0015682174594877157,7.939872649217331e-4,1.5062992125984251,low_n_descriptive_only,FALSE
Ya->Ko,3,B_830305_12_LF_CLASS::凹地・浅い谷,多摩川 / basin 12 / 凹地・浅い谷,continue,1,6,0.16666666666666666,356,1913,watersystem_x_unit_basin_x_landform,0.0028089887640449437,0.0031364349189754314,-3.274461549304876e-4,0.8955992509363295,low_n_descriptive_only,FALSE
Ya->Ko,3,B_830305_12_LF_CLASS::凹地・浅い谷,多摩川 / basin 12 / 凹地・浅い谷,new,5,6,0.8333333333333334,1270,1913,watersystem_x_unit_basin_x_landform,0.003937007874015748,0.0031364349189754314,8.005729550403166e-4,1.255249343832021,low_n_descriptive_only,FALSE
Ya->Ko,3,B_830305_12_LF_CLASS::台地・段丘,多摩川 / basin 12 / 台地・段丘,continue,6,50,0.12,356,1913,watersystem_x_unit_basin_x_landform,0.016853932584269662,0.026136957658128592,-0.00928302507385893,0.6448314606741573,eligible,FALSE
Ya->Ko,3,B_830305_12_LF_CLASS::台地・段丘,多摩川 / basin 12 / 台地・段丘,new,44,50,0.88,1270,1913,watersystem_x_unit_basin_x_landform,0.03464566929133858,0.026136957658128592,0.00850871163320999,1.3255433070866143,eligible,FALSE
Ya->Ko,3,B_830305_12_LF_CLASS::旧河道,多摩川 / basin 12 / 旧河道,new,1,1,1,1270,1913,watersystem_x_unit_basin_x_landform,7.874015748031496e-4,5.227391531625719e-4,2.6466242164057774e-4,1.5062992125984251,low_n_descriptive_only,FALSE
Ya->Ko,3,B_830305_12_LF_CLASS::氾濫平野・海岸平野,多摩川 / basin 12 / 氾濫平野・海岸平野,new,1,1,1,1270,1913,watersystem_x_unit_basin_x_landform,7.874015748031496e-4,5.227391531625719e-4,2.6466242164057774e-4,1.5062992125984251,low_n_descriptive_only,FALSE
Ya->Ko,3,B_830305_12_LF_CLASS::自然堤防,多摩川 / basin 12 / 自然堤防,new,1,1,1,1270,1913,watersystem_x_unit_basin_x_landform,7.874015748031496e-4,5.227391531625719e-4,2.6466242164057774e-4,1.5062992125984251,low_n_descriptive_only,FALSE
Ya->Ko,3,B_830305_13_LF_CLASS::台地・段丘,多摩川 / basin 13 / 台地・段丘,continue,1,27,0.037037037037037035,356,1913,watersystem_x_unit_basin_x_landform,0.0028089887640449437,0.014113957135389441,-0.011304968371344497,0.1990220557636288,eligible,FALSE
Ya->Ko,3,B_830305_13_LF_CLASS::台地・段丘,多摩川 / basin 13 / 台地・段丘,new,26,27,0.9629629629629629,1270,1913,watersystem_x_unit_basin_x_landform,0.02047244094488189,0.014113957135389441,0.006358483809492449,1.4505103528725576,eligible,FALSE
Ya->Ko,3,B_830305_13_LF_CLASS::氾濫平野・海岸平野,多摩川 / basin 13 / 氾濫平野・海岸平野,continue,2,3,0.6666666666666666,356,1913,watersystem_x_unit_basin_x_landform,0.0056179775280898875,0.0015682174594877157,0.004049760068602172,3.582397003745318,low_n_descriptive_only,FALSE
Ya->Ko,3,B_830305_13_LF_CLASS::氾濫平野・海岸平野,多摩川 / basin 13 / 氾濫平野・海岸平野,new,1,3,0.3333333333333333,1270,1913,watersystem_x_unit_basin_x_landform,7.874015748031496e-4,0.0015682174594877157,-7.808158846845661e-4,0.5020997375328083,low_n_descriptive_only,FALSE
Ya->Ko,3,B_830305_14_LF_CLASS::凹地・浅い谷,多摩川 / basin 14 / 凹地・浅い谷,new,1,1,1,1270,1913,watersystem_x_unit_basin_x_landform,7.874015748031496e-4,5.227391531625719e-4,2.6466242164057774e-4,1.5062992125984251,low_n_descriptive_only,FALSE
Ya->Ko,3,B_830305_14_LF_CLASS::台地・段丘,多摩川 / basin 14 / 台地・段丘,continue,6,22,0.2727272727272727,356,1913,watersystem_x_unit_basin_x_landform,0.016853932584269662,0.01150026136957658,0.005353671214693082,1.4655260469867213,eligible,FALSE
Ya->Ko,3,B_830305_14_LF_CLASS::台地・段丘,多摩川 / basin 14 / 台地・段丘,new,16,22,0.7272727272727273,1270,1913,watersystem_x_unit_basin_x_landform,0.012598425196850394,0.01150026136957658,0.001098163827273813,1.0954903364352184,eligible,FALSE
Ya->Ko,3,B_830305_14_LF_CLASS::崖・段丘崖,多摩川 / basin 14 / 崖・段丘崖,new,2,2,1,1270,1913,watersystem_x_unit_basin_x_landform,0.0015748031496062992,0.0010454783063251437,5.293248432811555e-4,1.5062992125984251,low_n_descriptive_only,FALSE
Ya->Ko,3,B_830305_14_LF_CLASS::氾濫平野・海岸平野,多摩川 / basin 14 / 氾濫平野・海岸平野,new,1,1,1,1270,1913,watersystem_x_unit_basin_x_landform,7.874015748031496e-4,5.227391531625719e-4,2.6466242164057774e-4,1.5062992125984251,low_n_descriptive_only,FALSE
Ya->Ko,3,B_830305_16_LF_CLASS::台地・段丘,多摩川 / basin 16 / 台地・段丘,continue,1,5,0.2,356,1913,watersystem_x_unit_basin_x_landform,0.0028089887640449437,0.0026136957658128594,1.9529299823208435e-4,1.0747191011235955,low_n_descriptive_only,FALSE
Ya->Ko,3,B_830305_16_LF_CLASS::台地・段丘,多摩川 / basin 16 / 台地・段丘,new,4,5,0.8,1270,1913,watersystem_x_unit_basin_x_landform,0.0031496062992125984,0.0026136957658128594,5.35910533399739e-4,1.20503937007874,low_n_descriptive_only,FALSE
Ya->Ko,3,B_830305_16_LF_CLASS::崖・段丘崖,多摩川 / basin 16 / 崖・段丘崖,new,1,1,1,1270,1913,watersystem_x_unit_basin_x_landform,7.874015748031496e-4,5.227391531625719e-4,2.6466242164057774e-4,1.5062992125984251,low_n_descriptive_only,FALSE
Ya->Ko,3,B_830305_17_LF_CLASS::台地・段丘,多摩川 / basin 17 / 台地・段丘,drop,1,3,0.3333333333333333,287,1913,watersystem_x_unit_basin_x_landform,0.003484320557491289,0.0015682174594877157,0.0019161030980035735,2.221835075493612,low_n_descriptive_only,FALSE
Ya->Ko,3,B_830305_17_LF_CLASS::台地・段丘,多摩川 / basin 17 / 台地・段丘,new,2,3,0.6666666666666666,1270,1913,watersystem_x_unit_basin_x_landform,0.0015748031496062992,0.0015682174594877157,6.5856901185835145e-6,1.0041994750656167,low_n_descriptive_only,FALSE
Ya->Ko,3,B_830305_17_LF_CLASS::山地斜面等,多摩川 / basin 17 / 山地斜面等,continue,3,17,0.17647058823529413,356,1913,watersystem_x_unit_basin_x_landform,0.008426966292134831,0.008886565603763722,-4.5959931162889087e-4,0.9482815598149371,low_n_descriptive_only,FALSE
Ya->Ko,3,B_830305_17_LF_CLASS::山地斜面等,多摩川 / basin 17 / 山地斜面等,drop,2,17,0.11764705882352941,287,1913,watersystem_x_unit_basin_x_landform,0.006968641114982578,0.008886565603763722,-0.0019179244887811437,0.7841770854683336,low_n_descriptive_only,FALSE
Ya->Ko,3,B_830305_17_LF_CLASS::山地斜面等,多摩川 / basin 17 / 山地斜面等,new,12,17,0.7058823529411765,1270,1913,watersystem_x_unit_basin_x_landform,0.009448818897637795,0.008886565603763722,5.62253293874073e-4,1.0632700324224178,low_n_descriptive_only,FALSE
Ya->Ko,3,B_830305_17_LF_CLASS::氾濫平野・海岸平野,多摩川 / basin 17 / 氾濫平野・海岸平野,drop,1,3,0.3333333333333333,287,1913,watersystem_x_unit_basin_x_landform,0.003484320557491289,0.0015682174594877157,0.0019161030980035735,2.221835075493612,low_n_descriptive_only,FALSE
Ya->Ko,3,B_830305_17_LF_CLASS::氾濫平野・海岸平野,多摩川 / basin 17 / 氾濫平野・海岸平野,new,2,3,0.6666666666666666,1270,1913,watersystem_x_unit_basin_x_landform,0.0015748031496062992,0.0015682174594877157,6.5856901185835145e-6,1.0041994750656167,low_n_descriptive_only,FALSE
Ya->Ko,3,B_830305_18_LF_CLASS::台地・段丘,多摩川 / basin 18 / 台地・段丘,continue,5,27,0.18518518518518517,356,1913,watersystem_x_unit_basin_x_landform,0.014044943820224719,0.014113957135389441,-6.901331516472216e-5,0.995110278818144,eligible,FALSE
Ya->Ko,3,B_830305_18_LF_CLASS::台地・段丘,多摩川 / basin 18 / 台地・段丘,drop,4,27,0.14814814814814814,287,1913,watersystem_x_unit_basin_x_landform,0.013937282229965157,0.014113957135389441,-1.766749054242841e-4,0.9874822557749386,eligible,FALSE
Ya->Ko,3,B_830305_18_LF_CLASS::台地・段丘,多摩川 / basin 18 / 台地・段丘,new,18,27,0.6666666666666666,1270,1913,watersystem_x_unit_basin_x_landform,0.014173228346456693,0.014113957135389441,5.927121106725185e-5,1.0041994750656167,eligible,FALSE
Ya->Ko,3,B_830305_18_LF_CLASS::山地斜面等,多摩川 / basin 18 / 山地斜面等,new,1,1,1,1270,1913,watersystem_x_unit_basin_x_landform,7.874015748031496e-4,5.227391531625719e-4,2.6466242164057774e-4,1.5062992125984251,low_n_descriptive_only,FALSE
Ya->Ko,3,B_830305_18_LF_CLASS::崖・段丘崖,多摩川 / basin 18 / 崖・段丘崖,new,4,4,1,1270,1913,watersystem_x_unit_basin_x_landform,0.0031496062992125984,0.0020909566126502874,0.001058649686562311,1.5062992125984251,low_n_descriptive_only,FALSE
Ya->Ko,3,B_830305_18_LF_CLASS::氾濫平野・海岸平野,多摩川 / basin 18 / 氾濫平野・海岸平野,drop,1,4,0.25,287,1913,watersystem_x_unit_basin_x_landform,0.003484320557491289,0.0020909566126502874,0.0013933639448410018,1.666376306620209,low_n_descriptive_only,FALSE
Ya->Ko,3,B_830305_18_LF_CLASS::氾濫平野・海岸平野,多摩川 / basin 18 / 氾濫平野・海岸平野,new,3,4,0.75,1270,1913,watersystem_x_unit_basin_x_landform,0.002362204724409449,0.0020909566126502874,2.7124811175916136e-4,1.129724409448819,low_n_descriptive_only,FALSE
Ya->Ko,3,B_830305_19_LF_CLASS::台地・段丘,多摩川 / basin 19 / 台地・段丘,new,97,97,1,1270,1913,watersystem_x_unit_basin_x_landform,0.07637795275590552,0.05070569785676947,0.02567225489913605,1.5062992125984254,eligible,FALSE
Ya->Ko,3,B_830305_19_LF_CLASS::山地斜面等,多摩川 / basin 19 / 山地斜面等,new,1,1,1,1270,1913,watersystem_x_unit_basin_x_landform,7.874015748031496e-4,5.227391531625719e-4,2.6466242164057774e-4,1.5062992125984251,low_n_descriptive_only,FALSE
Ya->Ko,3,B_830305_20_LF_CLASS::台地・段丘,多摩川 / basin 20 / 台地・段丘,new,11,11,1,1270,1913,watersystem_x_unit_basin_x_landform,0.008661417322834646,0.00575013068478829,0.0029112866380463552,1.5062992125984254,low_n_descriptive_only,FALSE
Ya->Ko,3,B_830305_20_LF_CLASS::崖・段丘崖,多摩川 / basin 20 / 崖・段丘崖,new,1,1,1,1270,1913,watersystem_x_unit_basin_x_landform,7.874015748031496e-4,5.227391531625719e-4,2.6466242164057774e-4,1.5062992125984251,low_n_descriptive_only,FALSE
Ya->Ko,3,B_830305_20_LF_CLASS::氾濫平野・海岸平野,多摩川 / basin 20 / 氾濫平野・海岸平野,continue,1,1,1,356,1913,watersystem_x_unit_basin_x_landform,0.0028089887640449437,5.227391531625719e-4,0.0022862496108823718,5.373595505617978,low_n_descriptive_only,FALSE
Ya->Ko,3,B_830305_22_LF_CLASS::台地・段丘,多摩川 / basin 22 / 台地・段丘,new,1,1,1,1270,1913,watersystem_x_unit_basin_x_landform,7.874015748031496e-4,5.227391531625719e-4,2.6466242164057774e-4,1.5062992125984251,low_n_descriptive_only,FALSE
Ya->Ko,3,B_830305_22_LF_CLASS::山地斜面等,多摩川 / basin 22 / 山地斜面等,continue,3,11,0.2727272727272727,356,1913,watersystem_x_unit_basin_x_landform,0.008426966292134831,0.00575013068478829,0.002676835607346541,1.4655260469867213,low_n_descriptive_only,FALSE
Ya->Ko,3,B_830305_22_LF_CLASS::山地斜面等,多摩川 / basin 22 / 山地斜面等,drop,2,11,0.18181818181818182,287,1913,watersystem_x_unit_basin_x_landform,0.006968641114982578,0.00575013068478829,0.001218510430194288,1.211910041178334,low_n_descriptive_only,FALSE
Ya->Ko,3,B_830305_22_LF_CLASS::山地斜面等,多摩川 / basin 22 / 山地斜面等,new,6,11,0.5454545454545454,1270,1913,watersystem_x_unit_basin_x_landform,0.004724409448818898,0.00575013068478829,-0.0010257212359693927,0.8216177523264138,low_n_descriptive_only,FALSE
Ya->Ko,3,B_830305_22_LF_CLASS::山麓堆積地形,多摩川 / basin 22 / 山麓堆積地形,continue,1,2,0.5,356,1913,watersystem_x_unit_basin_x_landform,0.0028089887640449437,0.0010454783063251437,0.0017635104577198,2.686797752808989,low_n_descriptive_only,FALSE
Ya->Ko,3,B_830305_22_LF_CLASS::山麓堆積地形,多摩川 / basin 22 / 山麓堆積地形,drop,1,2,0.5,287,1913,watersystem_x_unit_basin_x_landform,0.003484320557491289,0.0010454783063251437,0.0024388422511661453,3.332752613240418,low_n_descriptive_only,FALSE
Ya->Ko,3,B_830305_23_LF_CLASS::台地・段丘,多摩川 / basin 23 / 台地・段丘,continue,1,24,0.041666666666666664,356,1913,watersystem_x_unit_basin_x_landform,0.0028089887640449437,0.012545739675901725,-0.009736750911856782,0.22389981273408238,eligible,FALSE
Ya->Ko,3,B_830305_23_LF_CLASS::台地・段丘,多摩川 / basin 23 / 台地・段丘,drop,1,24,0.041666666666666664,287,1913,watersystem_x_unit_basin_x_landform,0.003484320557491289,0.012545739675901725,-0.009061419118410435,0.2777293844367015,eligible,FALSE
Ya->Ko,3,B_830305_23_LF_CLASS::台地・段丘,多摩川 / basin 23 / 台地・段丘,new,22,24,0.9166666666666666,1270,1913,watersystem_x_unit_basin_x_landform,0.01732283464566929,0.012545739675901725,0.004777094969767566,1.380774278215223,eligible,FALSE
Ya->Ko,3,B_830305_23_LF_CLASS::山地斜面等,多摩川 / basin 23 / 山地斜面等,continue,2,22,0.09090909090909091,356,1913,watersystem_x_unit_basin_x_landform,0.0056179775280898875,0.01150026136957658,-0.005882283841486693,0.48850868232890704,eligible,FALSE
Ya->Ko,3,B_830305_23_LF_CLASS::山地斜面等,多摩川 / basin 23 / 山地斜面等,drop,2,22,0.09090909090909091,287,1913,watersystem_x_unit_basin_x_landform,0.006968641114982578,0.01150026136957658,-0.004531620254594002,0.605955020589167,eligible,FALSE
Ya->Ko,3,B_830305_23_LF_CLASS::山地斜面等,多摩川 / basin 23 / 山地斜面等,new,18,22,0.8181818181818182,1270,1913,watersystem_x_unit_basin_x_landform,0.014173228346456693,0.01150026136957658,0.002672966976880112,1.2324266284896206,eligible,FALSE
Ya->Ko,3,B_830305_23_LF_CLASS::山麓堆積地形,多摩川 / basin 23 / 山麓堆積地形,continue,1,2,0.5,356,1913,watersystem_x_unit_basin_x_landform,0.0028089887640449437,0.0010454783063251437,0.0017635104577198,2.686797752808989,low_n_descriptive_only,FALSE
Ya->Ko,3,B_830305_23_LF_CLASS::山麓堆積地形,多摩川 / basin 23 / 山麓堆積地形,drop,1,2,0.5,287,1913,watersystem_x_unit_basin_x_landform,0.003484320557491289,0.0010454783063251437,0.0024388422511661453,3.332752613240418,low_n_descriptive_only,FALSE
Ya->Ko,3,B_830305_23_LF_CLASS::崖・段丘崖,多摩川 / basin 23 / 崖・段丘崖,new,1,1,1,1270,1913,watersystem_x_unit_basin_x_landform,7.874015748031496e-4,5.227391531625719e-4,2.6466242164057774e-4,1.5062992125984251,low_n_descriptive_only,FALSE
Ya->Ko,3,B_830305_23_LF_CLASS::旧河道,多摩川 / basin 23 / 旧河道,new,1,1,1,1270,1913,watersystem_x_unit_basin_x_landform,7.874015748031496e-4,5.227391531625719e-4,2.6466242164057774e-4,1.5062992125984251,low_n_descriptive_only,FALSE
Ya->Ko,3,B_830305_23_LF_CLASS::氾濫平野・海岸平野,多摩川 / basin 23 / 氾濫平野・海岸平野,continue,1,8,0.125,356,1913,watersystem_x_unit_basin_x_landform,0.0028089887640449437,0.004181913225300575,-0.001372924461255631,0.6716994382022472,low_n_descriptive_only,FALSE
Ya->Ko,3,B_830305_23_LF_CLASS::氾濫平野・海岸平野,多摩川 / basin 23 / 氾濫平野・海岸平野,drop,1,8,0.125,287,1913,watersystem_x_unit_basin_x_landform,0.003484320557491289,0.004181913225300575,-6.975926678092857e-4,0.8331881533101045,low_n_descriptive_only,FALSE
Ya->Ko,3,B_830305_23_LF_CLASS::氾濫平野・海岸平野,多摩川 / basin 23 / 氾濫平野・海岸平野,new,6,8,0.75,1270,1913,watersystem_x_unit_basin_x_landform,0.004724409448818898,0.004181913225300575,5.424962235183227e-4,1.129724409448819,low_n_descriptive_only,FALSE
Ya->Ko,3,B_830305_24_LF_CLASS::山地斜面等,多摩川 / basin 24 / 山地斜面等,new,2,2,1,1270,1913,watersystem_x_unit_basin_x_landform,0.0015748031496062992,0.0010454783063251437,5.293248432811555e-4,1.5062992125984251,low_n_descriptive_only,FALSE
Ya->Ko,3,B_830305_25_LF_CLASS::台地・段丘,多摩川 / basin 25 / 台地・段丘,continue,1,19,0.05263157894736842,356,1913,watersystem_x_unit_basin_x_landform,0.0028089887640449437,0.009932043910088865,-0.007123055146043921,0.28282081608515675,low_n_descriptive_only,FALSE
Ya->Ko,3,B_830305_25_LF_CLASS::台地・段丘,多摩川 / basin 25 / 台地・段丘,new,18,19,0.9473684210526315,1270,1913,watersystem_x_unit_basin_x_landform,0.014173228346456693,0.009932043910088865,0.0042411844363678276,1.4270203066721923,low_n_descriptive_only,FALSE
Ya->Ko,3,B_830305_25_LF_CLASS::氾濫平野・海岸平野,多摩川 / basin 25 / 氾濫平野・海岸平野,new,1,1,1,1270,1913,watersystem_x_unit_basin_x_landform,7.874015748031496e-4,5.227391531625719e-4,2.6466242164057774e-4,1.5062992125984251,low_n_descriptive_only,FALSE
Ya->Ko,3,B_830305_26_LF_CLASS::台地・段丘,多摩川 / basin 26 / 台地・段丘,new,2,2,1,1270,1913,watersystem_x_unit_basin_x_landform,0.0015748031496062992,0.0010454783063251437,5.293248432811555e-4,1.5062992125984251,low_n_descriptive_only,FALSE
Ya->Ko,3,B_830305_27_LF_CLASS::台地・段丘,多摩川 / basin 27 / 台地・段丘,continue,2,6,0.3333333333333333,356,1913,watersystem_x_unit_basin_x_landform,0.0056179775280898875,0.0031364349189754314,0.002481542609114456,1.791198501872659,low_n_descriptive_only,FALSE
Ya->Ko,3,B_830305_27_LF_CLASS::台地・段丘,多摩川 / basin 27 / 台地・段丘,new,4,6,0.6666666666666666,1270,1913,watersystem_x_unit_basin_x_landform,0.0031496062992125984,0.0031364349189754314,1.3171380237167029e-5,1.0041994750656167,low_n_descriptive_only,FALSE
Ya->Ko,3,B_830305_27_LF_CLASS::崖・段丘崖,多摩川 / basin 27 / 崖・段丘崖,new,5,5,1,1270,1913,watersystem_x_unit_basin_x_landform,0.003937007874015748,0.0026136957658128594,0.0013233121082028886,1.5062992125984251,low_n_descriptive_only,FALSE
Ya->Ko,3,B_830305_28_LF_CLASS::台地・段丘,多摩川 / basin 28 / 台地・段丘,continue,1,2,0.5,356,1913,watersystem_x_unit_basin_x_landform,0.0028089887640449437,0.0010454783063251437,0.0017635104577198,2.686797752808989,low_n_descriptive_only,FALSE
Ya->Ko,3,B_830305_28_LF_CLASS::台地・段丘,多摩川 / basin 28 / 台地・段丘,new,1,2,0.5,1270,1913,watersystem_x_unit_basin_x_landform,7.874015748031496e-4,0.0010454783063251437,-2.580767315219941e-4,0.7531496062992126,low_n_descriptive_only,FALSE
Ya->Ko,3,B_830305_28_LF_CLASS::山地斜面等,多摩川 / basin 28 / 山地斜面等,continue,3,21,0.14285714285714285,356,1913,watersystem_x_unit_basin_x_landform,0.008426966292134831,0.01097752221641401,-0.0025505559242791787,0.7676565008025682,eligible,FALSE
Ya->Ko,3,B_830305_28_LF_CLASS::山地斜面等,多摩川 / basin 28 / 山地斜面等,drop,3,21,0.14285714285714285,287,1913,watersystem_x_unit_basin_x_landform,0.010452961672473868,0.01097752221641401,-5.245605439401415e-4,0.9522150323544052,eligible,FALSE
Ya->Ko,3,B_830305_28_LF_CLASS::山地斜面等,多摩川 / basin 28 / 山地斜面等,new,15,21,0.7142857142857143,1270,1913,watersystem_x_unit_basin_x_landform,0.011811023622047244,0.01097752221641401,8.33501405633234e-4,1.075928008998875,eligible,FALSE
Ya->Ko,3,B_830305_28_LF_CLASS::氾濫平野・海岸平野,多摩川 / basin 28 / 氾濫平野・海岸平野,drop,1,3,0.3333333333333333,287,1913,watersystem_x_unit_basin_x_landform,0.003484320557491289,0.0015682174594877157,0.0019161030980035735,2.221835075493612,low_n_descriptive_only,FALSE
Ya->Ko,3,B_830305_28_LF_CLASS::氾濫平野・海岸平野,多摩川 / basin 28 / 氾濫平野・海岸平野,new,2,3,0.6666666666666666,1270,1913,watersystem_x_unit_basin_x_landform,0.0015748031496062992,0.0015682174594877157,6.5856901185835145e-6,1.0041994750656167,low_n_descriptive_only,FALSE
Ya->Ko,3,B_830305_29_LF_CLASS::台地・段丘,多摩川 / basin 29 / 台地・段丘,new,1,1,1,1270,1913,watersystem_x_unit_basin_x_landform,7.874015748031496e-4,5.227391531625719e-4,2.6466242164057774e-4,1.5062992125984251,low_n_descriptive_only,FALSE
Ya->Ko,3,B_830305_2_LF_CLASS::凹地・浅い谷,多摩川 / basin 2 / 凹地・浅い谷,new,1,1,1,1270,1913,watersystem_x_unit_basin_x_landform,7.874015748031496e-4,5.227391531625719e-4,2.6466242164057774e-4,1.5062992125984251,low_n_descriptive_only,FALSE
Ya->Ko,3,B_830305_2_LF_CLASS::台地・段丘,多摩川 / basin 2 / 台地・段丘,continue,1,27,0.037037037037037035,356,1913,watersystem_x_unit_basin_x_landform,0.0028089887640449437,0.014113957135389441,-0.011304968371344497,0.1990220557636288,eligible,FALSE
Ya->Ko,3,B_830305_2_LF_CLASS::台地・段丘,多摩川 / basin 2 / 台地・段丘,drop,6,27,0.2222222222222222,287,1913,watersystem_x_unit_basin_x_landform,0.020905923344947737,0.014113957135389441,0.006791966209558296,1.4812233836624082,eligible,FALSE
Ya->Ko,3,B_830305_2_LF_CLASS::台地・段丘,多摩川 / basin 2 / 台地・段丘,new,20,27,0.7407407407407407,1270,1913,watersystem_x_unit_basin_x_landform,0.015748031496062992,0.014113957135389441,0.001634074360673551,1.115777194517352,eligible,FALSE
Ya->Ko,3,B_830305_2_LF_CLASS::山地斜面等,多摩川 / basin 2 / 山地斜面等,continue,1,11,0.09090909090909091,356,1913,watersystem_x_unit_basin_x_landform,0.0028089887640449437,0.00575013068478829,-0.0029411419207433466,0.48850868232890704,low_n_descriptive_only,FALSE
Ya->Ko,3,B_830305_2_LF_CLASS::山地斜面等,多摩川 / basin 2 / 山地斜面等,drop,1,11,0.09090909090909091,287,1913,watersystem_x_unit_basin_x_landform,0.003484320557491289,0.00575013068478829,-0.002265810127297001,0.605955020589167,low_n_descriptive_only,FALSE
Ya->Ko,3,B_830305_2_LF_CLASS::山地斜面等,多摩川 / basin 2 / 山地斜面等,new,9,11,0.8181818181818182,1270,1913,watersystem_x_unit_basin_x_landform,0.007086614173228346,0.00575013068478829,0.001336483488440056,1.2324266284896206,low_n_descriptive_only,FALSE
Ya->Ko,3,B_830305_2_LF_CLASS::崖・段丘崖,多摩川 / basin 2 / 崖・段丘崖,new,10,10,1,1270,1913,watersystem_x_unit_basin_x_landform,0.007874015748031496,0.005227391531625719,0.002646624216405777,1.5062992125984251,low_n_descriptive_only,FALSE
Ya->Ko,3,B_830305_2_LF_CLASS::氾濫平野・海岸平野,多摩川 / basin 2 / 氾濫平野・海岸平野,new,4,4,1,1270,1913,watersystem_x_unit_basin_x_landform,0.0031496062992125984,0.0020909566126502874,0.001058649686562311,1.5062992125984251,low_n_descriptive_only,FALSE
Ya->Ko,3,B_830305_2_LF_CLASS::自然堤防,多摩川 / basin 2 / 自然堤防,new,2,2,1,1270,1913,watersystem_x_unit_basin_x_landform,0.0015748031496062992,0.0010454783063251437,5.293248432811555e-4,1.5062992125984251,low_n_descriptive_only,FALSE
Ya->Ko,3,B_830305_30_LF_CLASS::凹地・浅い谷,多摩川 / basin 30 / 凹地・浅い谷,drop,1,1,1,287,1913,watersystem_x_unit_basin_x_landform,0.003484320557491289,5.227391531625719e-4,0.0029615814043287172,6.665505226480836,low_n_descriptive_only,FALSE
Ya->Ko,3,B_830305_30_LF_CLASS::台地・段丘,多摩川 / basin 30 / 台地・段丘,drop,2,5,0.4,287,1913,watersystem_x_unit_basin_x_landform,0.006968641114982578,0.0026136957658128594,0.004354945349169719,2.6662020905923347,low_n_descriptive_only,FALSE
Ya->Ko,3,B_830305_30_LF_CLASS::台地・段丘,多摩川 / basin 30 / 台地・段丘,new,3,5,0.6,1270,1913,watersystem_x_unit_basin_x_landform,0.002362204724409449,0.0026136957658128594,-2.514910414034106e-4,0.9037795275590551,low_n_descriptive_only,FALSE
Ya->Ko,3,B_830305_30_LF_CLASS::山地斜面等,多摩川 / basin 30 / 山地斜面等,continue,3,34,0.08823529411764706,356,1913,watersystem_x_unit_basin_x_landform,0.008426966292134831,0.017773131207527444,-0.009346164915392613,0.47414077990746856,eligible,FALSE
Ya->Ko,3,B_830305_30_LF_CLASS::山地斜面等,多摩川 / basin 30 / 山地斜面等,drop,11,34,0.3235294117647059,287,1913,watersystem_x_unit_basin_x_landform,0.03832752613240418,0.017773131207527444,0.020554394924876734,2.1564869850379176,eligible,FALSE
Ya->Ko,3,B_830305_30_LF_CLASS::山地斜面等,多摩川 / basin 30 / 山地斜面等,new,20,34,0.5882352941176471,1270,1913,watersystem_x_unit_basin_x_landform,0.015748031496062992,0.017773131207527444,-0.0020250997114644523,0.8860583603520148,eligible,FALSE
Ya->Ko,3,B_830305_30_LF_CLASS::氾濫平野・海岸平野,多摩川 / basin 30 / 氾濫平野・海岸平野,continue,1,3,0.3333333333333333,356,1913,watersystem_x_unit_basin_x_landform,0.0028089887640449437,0.0015682174594877157,0.001240771304557228,1.791198501872659,low_n_descriptive_only,FALSE
Ya->Ko,3,B_830305_30_LF_CLASS::氾濫平野・海岸平野,多摩川 / basin 30 / 氾濫平野・海岸平野,new,2,3,0.6666666666666666,1270,1913,watersystem_x_unit_basin_x_landform,0.0015748031496062992,0.0015682174594877157,6.5856901185835145e-6,1.0041994750656167,low_n_descriptive_only,FALSE
Ya->Ko,3,B_830305_31_LF_CLASS::台地・段丘,多摩川 / basin 31 / 台地・段丘,new,1,1,1,1270,1913,watersystem_x_unit_basin_x_landform,7.874015748031496e-4,5.227391531625719e-4,2.6466242164057774e-4,1.5062992125984251,low_n_descriptive_only,FALSE
Ya->Ko,3,B_830305_32_LF_CLASS::山地斜面等,多摩川 / basin 32 / 山地斜面等,drop,1,1,1,287,1913,watersystem_x_unit_basin_x_landform,0.003484320557491289,5.227391531625719e-4,0.0029615814043287172,6.665505226480836,low_n_descriptive_only,FALSE
Ya->Ko,3,B_830305_33_LF_CLASS::台地・段丘,多摩川 / basin 33 / 台地・段丘,new,6,6,1,1270,1913,watersystem_x_unit_basin_x_landform,0.004724409448818898,0.0031364349189754314,0.0015879745298434662,1.5062992125984251,low_n_descriptive_only,FALSE
Ya->Ko,3,B_830305_33_LF_CLASS::山地斜面等,多摩川 / basin 33 / 山地斜面等,continue,1,4,0.25,356,1913,watersystem_x_unit_basin_x_landform,0.0028089887640449437,0.0020909566126502874,7.180321513946563e-4,1.3433988764044944,low_n_descriptive_only,FALSE
Ya->Ko,3,B_830305_33_LF_CLASS::山地斜面等,多摩川 / basin 33 / 山地斜面等,new,3,4,0.75,1270,1913,watersystem_x_unit_basin_x_landform,0.002362204724409449,0.0020909566126502874,2.7124811175916136e-4,1.129724409448819,low_n_descriptive_only,FALSE
Ya->Ko,3,B_830305_34_LF_CLASS::凹地・浅い谷,多摩川 / basin 34 / 凹地・浅い谷,continue,1,1,1,356,1913,watersystem_x_unit_basin_x_landform,0.0028089887640449437,5.227391531625719e-4,0.0022862496108823718,5.373595505617978,low_n_descriptive_only,FALSE
Ya->Ko,3,B_830305_34_LF_CLASS::台地・段丘,多摩川 / basin 34 / 台地・段丘,new,3,3,1,1270,1913,watersystem_x_unit_basin_x_landform,0.002362204724409449,0.0015682174594877157,7.939872649217331e-4,1.5062992125984251,low_n_descriptive_only,FALSE
Ya->Ko,3,B_830305_34_LF_CLASS::山地斜面等,多摩川 / basin 34 / 山地斜面等,new,3,3,1,1270,1913,watersystem_x_unit_basin_x_landform,0.002362204724409449,0.0015682174594877157,7.939872649217331e-4,1.5062992125984251,low_n_descriptive_only,FALSE
Ya->Ko,3,B_830305_34_LF_CLASS::氾濫平野・海岸平野,多摩川 / basin 34 / 氾濫平野・海岸平野,continue,1,2,0.5,356,1913,watersystem_x_unit_basin_x_landform,0.0028089887640449437,0.0010454783063251437,0.0017635104577198,2.686797752808989,low_n_descriptive_only,FALSE
Ya->Ko,3,B_830305_34_LF_CLASS::氾濫平野・海岸平野,多摩川 / basin 34 / 氾濫平野・海岸平野,drop,1,2,0.5,287,1913,watersystem_x_unit_basin_x_landform,0.003484320557491289,0.0010454783063251437,0.0024388422511661453,3.332752613240418,low_n_descriptive_only,FALSE
Ya->Ko,3,B_830305_35_LF_CLASS::凹地・浅い谷,多摩川 / basin 35 / 凹地・浅い谷,new,1,1,1,1270,1913,watersystem_x_unit_basin_x_landform,7.874015748031496e-4,5.227391531625719e-4,2.6466242164057774e-4,1.5062992125984251,low_n_descriptive_only,FALSE
Ya->Ko,3,B_830305_35_LF_CLASS::台地・段丘,多摩川 / basin 35 / 台地・段丘,continue,3,15,0.2,356,1913,watersystem_x_unit_basin_x_landform,0.008426966292134831,0.007841087297438577,5.858789946962539e-4,1.0747191011235957,low_n_descriptive_only,FALSE
Ya->Ko,3,B_830305_35_LF_CLASS::台地・段丘,多摩川 / basin 35 / 台地・段丘,new,12,15,0.8,1270,1913,watersystem_x_unit_basin_x_landform,0.009448818897637795,0.007841087297438577,0.0016077316001992178,1.2050393700787403,low_n_descriptive_only,FALSE
Ya->Ko,3,B_830305_35_LF_CLASS::山地斜面等,多摩川 / basin 35 / 山地斜面等,continue,5,21,0.23809523809523808,356,1913,watersystem_x_unit_basin_x_landform,0.014044943820224719,0.01097752221641401,0.0030674216038107088,1.2794275013376135,eligible,FALSE
Ya->Ko,3,B_830305_35_LF_CLASS::山地斜面等,多摩川 / basin 35 / 山地斜面等,drop,4,21,0.19047619047619047,287,1913,watersystem_x_unit_basin_x_landform,0.013937282229965157,0.01097752221641401,0.002959760013551147,1.2696200431392068,eligible,FALSE
Ya->Ko,3,B_830305_35_LF_CLASS::山地斜面等,多摩川 / basin 35 / 山地斜面等,new,12,21,0.5714285714285714,1270,1913,watersystem_x_unit_basin_x_landform,0.009448818897637795,0.01097752221641401,-0.0015287033187762148,0.8607424071991001,eligible,FALSE
Ya->Ko,3,B_830305_35_LF_CLASS::扇状地,多摩川 / basin 35 / 扇状地,new,1,1,1,1270,1913,watersystem_x_unit_basin_x_landform,7.874015748031496e-4,5.227391531625719e-4,2.6466242164057774e-4,1.5062992125984251,low_n_descriptive_only,FALSE
Ya->Ko,3,B_830305_35_LF_CLASS::氾濫平野・海岸平野,多摩川 / basin 35 / 氾濫平野・海岸平野,new,2,2,1,1270,1913,watersystem_x_unit_basin_x_landform,0.0015748031496062992,0.0010454783063251437,5.293248432811555e-4,1.5062992125984251,low_n_descriptive_only,FALSE
Ya->Ko,3,B_830305_36_LF_CLASS::台地・段丘,多摩川 / basin 36 / 台地・段丘,continue,3,3,1,356,1913,watersystem_x_unit_basin_x_landform,0.008426966292134831,0.0015682174594877157,0.006858748832647116,5.373595505617978,low_n_descriptive_only,FALSE
Ya->Ko,3,B_830305_36_LF_CLASS::山地斜面等,多摩川 / basin 36 / 山地斜面等,continue,1,9,0.1111111111111111,356,1913,watersystem_x_unit_basin_x_landform,0.0028089887640449437,0.004704652378463147,-0.0018956636144182035,0.5970661672908864,low_n_descriptive_only,FALSE
Ya->Ko,3,B_830305_36_LF_CLASS::山地斜面等,多摩川 / basin 36 / 山地斜面等,new,8,9,0.8888888888888888,1270,1913,watersystem_x_unit_basin_x_landform,0.006299212598425197,0.004704652378463147,0.0015945602199620495,1.3389326334208222,low_n_descriptive_only,FALSE
Ya->Ko,3,B_830305_36_LF_CLASS::氾濫平野・海岸平野,多摩川 / basin 36 / 氾濫平野・海岸平野,new,1,1,1,1270,1913,watersystem_x_unit_basin_x_landform,7.874015748031496e-4,5.227391531625719e-4,2.6466242164057774e-4,1.5062992125984251,low_n_descriptive_only,FALSE
Ya->Ko,3,B_830305_37_LF_CLASS::台地・段丘,多摩川 / basin 37 / 台地・段丘,continue,1,3,0.3333333333333333,356,1913,watersystem_x_unit_basin_x_landform,0.0028089887640449437,0.0015682174594877157,0.001240771304557228,1.791198501872659,low_n_descriptive_only,FALSE
Ya->Ko,3,B_830305_37_LF_CLASS::台地・段丘,多摩川 / basin 37 / 台地・段丘,drop,2,3,0.6666666666666666,287,1913,watersystem_x_unit_basin_x_landform,0.006968641114982578,0.0015682174594877157,0.005400423655494863,4.443670150987224,low_n_descriptive_only,FALSE
Ya->Ko,3,B_830305_37_LF_CLASS::山地斜面等,多摩川 / basin 37 / 山地斜面等,drop,1,2,0.5,287,1913,watersystem_x_unit_basin_x_landform,0.003484320557491289,0.0010454783063251437,0.0024388422511661453,3.332752613240418,low_n_descriptive_only,FALSE
Ya->Ko,3,B_830305_37_LF_CLASS::山地斜面等,多摩川 / basin 37 / 山地斜面等,new,1,2,0.5,1270,1913,watersystem_x_unit_basin_x_landform,7.874015748031496e-4,0.0010454783063251437,-2.580767315219941e-4,0.7531496062992126,low_n_descriptive_only,FALSE
Ya->Ko,3,B_830305_37_LF_CLASS::崖・段丘崖,多摩川 / basin 37 / 崖・段丘崖,new,1,1,1,1270,1913,watersystem_x_unit_basin_x_landform,7.874015748031496e-4,5.227391531625719e-4,2.6466242164057774e-4,1.5062992125984251,low_n_descriptive_only,FALSE
Ya->Ko,3,B_830305_38_LF_CLASS::台地・段丘,多摩川 / basin 38 / 台地・段丘,continue,1,3,0.3333333333333333,356,1913,watersystem_x_unit_basin_x_landform,0.0028089887640449437,0.0015682174594877157,0.001240771304557228,1.791198501872659,low_n_descriptive_only,FALSE
Ya->Ko,3,B_830305_38_LF_CLASS::台地・段丘,多摩川 / basin 38 / 台地・段丘,new,2,3,0.6666666666666666,1270,1913,watersystem_x_unit_basin_x_landform,0.0015748031496062992,0.0015682174594877157,6.5856901185835145e-6,1.0041994750656167,low_n_descriptive_only,FALSE
Ya->Ko,3,B_830305_38_LF_CLASS::山地斜面等,多摩川 / basin 38 / 山地斜面等,new,1,1,1,1270,1913,watersystem_x_unit_basin_x_landform,7.874015748031496e-4,5.227391531625719e-4,2.6466242164057774e-4,1.5062992125984251,low_n_descriptive_only,FALSE
Ya->Ko,3,B_830305_3_LF_CLASS::台地・段丘,多摩川 / basin 3 / 台地・段丘,continue,2,18,0.1111111111111111,356,1913,watersystem_x_unit_basin_x_landform,0.0056179775280898875,0.009409304756926294,-0.003791327228836407,0.5970661672908864,low_n_descriptive_only,FALSE
Ya->Ko,3,B_830305_3_LF_CLASS::台地・段丘,多摩川 / basin 3 / 台地・段丘,new,16,18,0.8888888888888888,1270,1913,watersystem_x_unit_basin_x_landform,0.012598425196850394,0.009409304756926294,0.003189120439924099,1.3389326334208222,low_n_descriptive_only,FALSE
Ya->Ko,3,B_830305_3_LF_CLASS::山地斜面等,多摩川 / basin 3 / 山地斜面等,new,20,20,1,1270,1913,watersystem_x_unit_basin_x_landform,0.015748031496062992,0.010454783063251438,0.005293248432811554,1.5062992125984251,eligible,FALSE
Ya->Ko,3,B_830305_40_LF_CLASS::凹地・浅い谷,多摩川 / basin 40 / 凹地・浅い谷,drop,1,1,1,287,1913,watersystem_x_unit_basin_x_landform,0.003484320557491289,5.227391531625719e-4,0.0029615814043287172,6.665505226480836,low_n_descriptive_only,FALSE
Ya->Ko,3,B_830305_40_LF_CLASS::台地・段丘,多摩川 / basin 40 / 台地・段丘,continue,8,22,0.36363636363636365,356,1913,watersystem_x_unit_basin_x_landform,0.02247191011235955,0.01150026136957658,0.01097164874278297,1.9540347293156282,eligible,FALSE
Ya->Ko,3,B_830305_40_LF_CLASS::台地・段丘,多摩川 / basin 40 / 台地・段丘,drop,4,22,0.18181818181818182,287,1913,watersystem_x_unit_basin_x_landform,0.013937282229965157,0.01150026136957658,0.002437020860388576,1.211910041178334,eligible,FALSE
Ya->Ko,3,B_830305_40_LF_CLASS::台地・段丘,多摩川 / basin 40 / 台地・段丘,new,10,22,0.45454545454545453,1270,1913,watersystem_x_unit_basin_x_landform,0.007874015748031496,0.01150026136957658,-0.0036262456215450847,0.6846814602720115,eligible,FALSE
Ya->Ko,3,B_830305_40_LF_CLASS::山地斜面等,多摩川 / basin 40 / 山地斜面等,continue,2,9,0.2222222222222222,356,1913,watersystem_x_unit_basin_x_landform,0.0056179775280898875,0.004704652378463147,9.133251496267402e-4,1.1941323345817727,low_n_descriptive_only,FALSE
Ya->Ko,3,B_830305_40_LF_CLASS::山地斜面等,多摩川 / basin 40 / 山地斜面等,drop,2,9,0.2222222222222222,287,1913,watersystem_x_unit_basin_x_landform,0.006968641114982578,0.004704652378463147,0.002263988736519431,1.481223383662408,low_n_descriptive_only,FALSE
Ya->Ko,3,B_830305_40_LF_CLASS::山地斜面等,多摩川 / basin 40 / 山地斜面等,new,5,9,0.5555555555555556,1270,1913,watersystem_x_unit_basin_x_landform,0.003937007874015748,0.004704652378463147,-7.676445044473993e-4,0.8368328958880139,low_n_descriptive_only,FALSE
Ya->Ko,3,B_830305_40_LF_CLASS::崖・段丘崖,多摩川 / basin 40 / 崖・段丘崖,new,1,1,1,1270,1913,watersystem_x_unit_basin_x_landform,7.874015748031496e-4,5.227391531625719e-4,2.6466242164057774e-4,1.5062992125984251,low_n_descriptive_only,FALSE
Ya->Ko,3,B_830305_40_LF_CLASS::氾濫平野・海岸平野,多摩川 / basin 40 / 氾濫平野・海岸平野,new,1,1,1,1270,1913,watersystem_x_unit_basin_x_landform,7.874015748031496e-4,5.227391531625719e-4,2.6466242164057774e-4,1.5062992125984251,low_n_descriptive_only,FALSE
Ya->Ko,3,B_830305_41_LF_CLASS::台地・段丘,多摩川 / basin 41 / 台地・段丘,continue,4,7,0.5714285714285714,356,1913,watersystem_x_unit_basin_x_landform,0.011235955056179775,0.0036591740721380033,0.007576780984041772,3.070626003210273,low_n_descriptive_only,FALSE
Ya->Ko,3,B_830305_41_LF_CLASS::台地・段丘,多摩川 / basin 41 / 台地・段丘,new,3,7,0.42857142857142855,1270,1913,watersystem_x_unit_basin_x_landform,0.002362204724409449,0.0036591740721380033,-0.0012969693477285545,0.645556805399325,low_n_descriptive_only,FALSE
Ya->Ko,3,B_830305_41_LF_CLASS::山地斜面等,多摩川 / basin 41 / 山地斜面等,new,1,1,1,1270,1913,watersystem_x_unit_basin_x_landform,7.874015748031496e-4,5.227391531625719e-4,2.6466242164057774e-4,1.5062992125984251,low_n_descriptive_only,FALSE
Ya->Ko,3,B_830305_41_LF_CLASS::氾濫平野・海岸平野,多摩川 / basin 41 / 氾濫平野・海岸平野,new,1,1,1,1270,1913,watersystem_x_unit_basin_x_landform,7.874015748031496e-4,5.227391531625719e-4,2.6466242164057774e-4,1.5062992125984251,low_n_descriptive_only,FALSE
Ya->Ko,3,B_830305_42_LF_CLASS::台地・段丘,多摩川 / basin 42 / 台地・段丘,new,2,2,1,1270,1913,watersystem_x_unit_basin_x_landform,0.0015748031496062992,0.0010454783063251437,5.293248432811555e-4,1.5062992125984251,low_n_descriptive_only,FALSE
Ya->Ko,3,B_830305_42_LF_CLASS::崖・段丘崖,多摩川 / basin 42 / 崖・段丘崖,new,1,1,1,1270,1913,watersystem_x_unit_basin_x_landform,7.874015748031496e-4,5.227391531625719e-4,2.6466242164057774e-4,1.5062992125984251,low_n_descriptive_only,FALSE
Ya->Ko,3,B_830305_42_LF_CLASS::氾濫平野・海岸平野,多摩川 / basin 42 / 氾濫平野・海岸平野,new,1,1,1,1270,1913,watersystem_x_unit_basin_x_landform,7.874015748031496e-4,5.227391531625719e-4,2.6466242164057774e-4,1.5062992125984251,low_n_descriptive_only,FALSE
Ya->Ko,3,B_830305_43_LF_CLASS::凹地・浅い谷,多摩川 / basin 43 / 凹地・浅い谷,continue,1,1,1,356,1913,watersystem_x_unit_basin_x_landform,0.0028089887640449437,5.227391531625719e-4,0.0022862496108823718,5.373595505617978,low_n_descriptive_only,FALSE
Ya->Ko,3,B_830305_43_LF_CLASS::台地・段丘,多摩川 / basin 43 / 台地・段丘,continue,2,18,0.1111111111111111,356,1913,watersystem_x_unit_basin_x_landform,0.0056179775280898875,0.009409304756926294,-0.003791327228836407,0.5970661672908864,low_n_descriptive_only,FALSE
Ya->Ko,3,B_830305_43_LF_CLASS::台地・段丘,多摩川 / basin 43 / 台地・段丘,new,16,18,0.8888888888888888,1270,1913,watersystem_x_unit_basin_x_landform,0.012598425196850394,0.009409304756926294,0.003189120439924099,1.3389326334208222,low_n_descriptive_only,FALSE
Ya->Ko,3,B_830305_43_LF_CLASS::山地斜面等,多摩川 / basin 43 / 山地斜面等,drop,1,3,0.3333333333333333,287,1913,watersystem_x_unit_basin_x_landform,0.003484320557491289,0.0015682174594877157,0.0019161030980035735,2.221835075493612,low_n_descriptive_only,FALSE
Ya->Ko,3,B_830305_43_LF_CLASS::山地斜面等,多摩川 / basin 43 / 山地斜面等,new,2,3,0.6666666666666666,1270,1913,watersystem_x_unit_basin_x_landform,0.0015748031496062992,0.0015682174594877157,6.5856901185835145e-6,1.0041994750656167,low_n_descriptive_only,FALSE
Ya->Ko,3,B_830305_44_LF_CLASS::台地・段丘,多摩川 / basin 44 / 台地・段丘,continue,1,3,0.3333333333333333,356,1913,watersystem_x_unit_basin_x_landform,0.0028089887640449437,0.0015682174594877157,0.001240771304557228,1.791198501872659,low_n_descriptive_only,FALSE
Ya->Ko,3,B_830305_44_LF_CLASS::台地・段丘,多摩川 / basin 44 / 台地・段丘,new,2,3,0.6666666666666666,1270,1913,watersystem_x_unit_basin_x_landform,0.0015748031496062992,0.0015682174594877157,6.5856901185835145e-6,1.0041994750656167,low_n_descriptive_only,FALSE
Ya->Ko,3,B_830305_44_LF_CLASS::山地斜面等,多摩川 / basin 44 / 山地斜面等,new,4,4,1,1270,1913,watersystem_x_unit_basin_x_landform,0.0031496062992125984,0.0020909566126502874,0.001058649686562311,1.5062992125984251,low_n_descriptive_only,FALSE
Ya->Ko,3,B_830305_44_LF_CLASS::氾濫平野・海岸平野,多摩川 / basin 44 / 氾濫平野・海岸平野,new,1,1,1,1270,1913,watersystem_x_unit_basin_x_landform,7.874015748031496e-4,5.227391531625719e-4,2.6466242164057774e-4,1.5062992125984251,low_n_descriptive_only,FALSE
Ya->Ko,3,B_830305_46_LF_CLASS::台地・段丘,多摩川 / basin 46 / 台地・段丘,drop,1,1,1,287,1913,watersystem_x_unit_basin_x_landform,0.003484320557491289,5.227391531625719e-4,0.0029615814043287172,6.665505226480836,low_n_descriptive_only,FALSE
Ya->Ko,3,B_830305_47_LF_CLASS::台地・段丘,多摩川 / basin 47 / 台地・段丘,continue,1,1,1,356,1913,watersystem_x_unit_basin_x_landform,0.0028089887640449437,5.227391531625719e-4,0.0022862496108823718,5.373595505617978,low_n_descriptive_only,FALSE
Ya->Ko,3,B_830305_48_LF_CLASS::台地・段丘,多摩川 / basin 48 / 台地・段丘,continue,2,5,0.4,356,1913,watersystem_x_unit_basin_x_landform,0.0056179775280898875,0.0026136957658128594,0.003004281762277028,2.149438202247191,low_n_descriptive_only,FALSE
Ya->Ko,3,B_830305_48_LF_CLASS::台地・段丘,多摩川 / basin 48 / 台地・段丘,new,3,5,0.6,1270,1913,watersystem_x_unit_basin_x_landform,0.002362204724409449,0.0026136957658128594,-2.514910414034106e-4,0.9037795275590551,low_n_descriptive_only,FALSE
Ya->Ko,3,B_830305_48_LF_CLASS::山地斜面等,多摩川 / basin 48 / 山地斜面等,drop,4,4,1,287,1913,watersystem_x_unit_basin_x_landform,0.013937282229965157,0.0020909566126502874,0.011846325617314869,6.665505226480836,low_n_descriptive_only,FALSE
Ya->Ko,3,B_830305_49_LF_CLASS::台地・段丘,多摩川 / basin 49 / 台地・段丘,new,3,3,1,1270,1913,watersystem_x_unit_basin_x_landform,0.002362204724409449,0.0015682174594877157,7.939872649217331e-4,1.5062992125984251,low_n_descriptive_only,FALSE
Ya->Ko,3,B_830305_49_LF_CLASS::崖・段丘崖,多摩川 / basin 49 / 崖・段丘崖,new,1,1,1,1270,1913,watersystem_x_unit_basin_x_landform,7.874015748031496e-4,5.227391531625719e-4,2.6466242164057774e-4,1.5062992125984251,low_n_descriptive_only,FALSE
Ya->Ko,3,B_830305_49_LF_CLASS::氾濫平野・海岸平野,多摩川 / basin 49 / 氾濫平野・海岸平野,new,1,1,1,1270,1913,watersystem_x_unit_basin_x_landform,7.874015748031496e-4,5.227391531625719e-4,2.6466242164057774e-4,1.5062992125984251,low_n_descriptive_only,FALSE
Ya->Ko,3,B_830305_50_LF_CLASS::台地・段丘,多摩川 / basin 50 / 台地・段丘,continue,1,15,0.06666666666666667,356,1913,watersystem_x_unit_basin_x_landform,0.0028089887640449437,0.007841087297438577,-0.0050320985333936336,0.35823970037453184,low_n_descriptive_only,FALSE
Ya->Ko,3,B_830305_50_LF_CLASS::台地・段丘,多摩川 / basin 50 / 台地・段丘,new,14,15,0.9333333333333333,1270,1913,watersystem_x_unit_basin_x_landform,0.011023622047244094,0.007841087297438577,0.003182534749805517,1.4058792650918637,low_n_descriptive_only,FALSE
Ya->Ko,3,B_830305_50_LF_CLASS::崖・段丘崖,多摩川 / basin 50 / 崖・段丘崖,new,1,1,1,1270,1913,watersystem_x_unit_basin_x_landform,7.874015748031496e-4,5.227391531625719e-4,2.6466242164057774e-4,1.5062992125984251,low_n_descriptive_only,FALSE
Ya->Ko,3,B_830305_51_LF_CLASS::台地・段丘,多摩川 / basin 51 / 台地・段丘,new,4,4,1,1270,1913,watersystem_x_unit_basin_x_landform,0.0031496062992125984,0.0020909566126502874,0.001058649686562311,1.5062992125984251,low_n_descriptive_only,FALSE
Ya->Ko,3,B_830305_52_LF_CLASS::台地・段丘,多摩川 / basin 52 / 台地・段丘,new,8,8,1,1270,1913,watersystem_x_unit_basin_x_landform,0.006299212598425197,0.004181913225300575,0.002117299373124622,1.5062992125984251,low_n_descriptive_only,FALSE
Ya->Ko,3,B_830305_52_LF_CLASS::氾濫平野・海岸平野,多摩川 / basin 52 / 氾濫平野・海岸平野,new,1,1,1,1270,1913,watersystem_x_unit_basin_x_landform,7.874015748031496e-4,5.227391531625719e-4,2.6466242164057774e-4,1.5062992125984251,low_n_descriptive_only,FALSE
Ya->Ko,3,B_830305_55_LF_CLASS::台地・段丘,多摩川 / basin 55 / 台地・段丘,new,3,3,1,1270,1913,watersystem_x_unit_basin_x_landform,0.002362204724409449,0.0015682174594877157,7.939872649217331e-4,1.5062992125984251,low_n_descriptive_only,FALSE
Ya->Ko,3,B_830305_55_LF_CLASS::氾濫平野・海岸平野,多摩川 / basin 55 / 氾濫平野・海岸平野,new,1,1,1,1270,1913,watersystem_x_unit_basin_x_landform,7.874015748031496e-4,5.227391531625719e-4,2.6466242164057774e-4,1.5062992125984251,low_n_descriptive_only,FALSE
Ya->Ko,3,B_830305_56_LF_CLASS::台地・段丘,多摩川 / basin 56 / 台地・段丘,continue,1,47,0.02127659574468085,356,1913,watersystem_x_unit_basin_x_landform,0.0028089887640449437,0.024568740198640877,-0.021759751434595933,0.11433181926846761,eligible,FALSE
Ya->Ko,3,B_830305_56_LF_CLASS::台地・段丘,多摩川 / basin 56 / 台地・段丘,new,46,47,0.9787234042553191,1270,1913,watersystem_x_unit_basin_x_landform,0.03622047244094488,0.024568740198640877,0.011651732242304005,1.4742502931814374,eligible,FALSE
Ya->Ko,3,B_830305_56_LF_CLASS::山地斜面等,多摩川 / basin 56 / 山地斜面等,drop,1,2,0.5,287,1913,watersystem_x_unit_basin_x_landform,0.003484320557491289,0.0010454783063251437,0.0024388422511661453,3.332752613240418,low_n_descriptive_only,FALSE
Ya->Ko,3,B_830305_56_LF_CLASS::山地斜面等,多摩川 / basin 56 / 山地斜面等,new,1,2,0.5,1270,1913,watersystem_x_unit_basin_x_landform,7.874015748031496e-4,0.0010454783063251437,-2.580767315219941e-4,0.7531496062992126,low_n_descriptive_only,FALSE
Ya->Ko,3,B_830305_56_LF_CLASS::崖・段丘崖,多摩川 / basin 56 / 崖・段丘崖,new,5,5,1,1270,1913,watersystem_x_unit_basin_x_landform,0.003937007874015748,0.0026136957658128594,0.0013233121082028886,1.5062992125984251,low_n_descriptive_only,FALSE
Ya->Ko,3,B_830305_56_LF_CLASS::氾濫平野・海岸平野,多摩川 / basin 56 / 氾濫平野・海岸平野,new,1,1,1,1270,1913,watersystem_x_unit_basin_x_landform,7.874015748031496e-4,5.227391531625719e-4,2.6466242164057774e-4,1.5062992125984251,low_n_descriptive_only,FALSE
Ya->Ko,3,B_830305_5_LF_CLASS::台地・段丘,多摩川 / basin 5 / 台地・段丘,new,10,10,1,1270,1913,watersystem_x_unit_basin_x_landform,0.007874015748031496,0.005227391531625719,0.002646624216405777,1.5062992125984251,low_n_descriptive_only,FALSE
Ya->Ko,3,B_830305_5_LF_CLASS::山地斜面等,多摩川 / basin 5 / 山地斜面等,new,3,3,1,1270,1913,watersystem_x_unit_basin_x_landform,0.002362204724409449,0.0015682174594877157,7.939872649217331e-4,1.5062992125984251,low_n_descriptive_only,FALSE
Ya->Ko,3,B_830305_5_LF_CLASS::氾濫平野・海岸平野,多摩川 / basin 5 / 氾濫平野・海岸平野,new,1,1,1,1270,1913,watersystem_x_unit_basin_x_landform,7.874015748031496e-4,5.227391531625719e-4,2.6466242164057774e-4,1.5062992125984251,low_n_descriptive_only,FALSE
Ya->Ko,3,B_830305_60_LF_CLASS::氾濫平野・海岸平野,多摩川 / basin 60 / 氾濫平野・海岸平野,new,1,1,1,1270,1913,watersystem_x_unit_basin_x_landform,7.874015748031496e-4,5.227391531625719e-4,2.6466242164057774e-4,1.5062992125984251,low_n_descriptive_only,FALSE
Ya->Ko,3,B_830305_71_LF_CLASS::台地・段丘,多摩川 / basin 71 / 台地・段丘,continue,1,1,1,356,1913,watersystem_x_unit_basin_x_landform,0.0028089887640449437,5.227391531625719e-4,0.0022862496108823718,5.373595505617978,low_n_descriptive_only,FALSE
Ya->Ko,3,B_830305_72_LF_CLASS::山地斜面等,多摩川 / basin 72 / 山地斜面等,new,1,1,1,1270,1913,watersystem_x_unit_basin_x_landform,7.874015748031496e-4,5.227391531625719e-4,2.6466242164057774e-4,1.5062992125984251,low_n_descriptive_only,FALSE
Ya->Ko,3,B_830305_73_LF_CLASS::台地・段丘,多摩川 / basin 73 / 台地・段丘,new,3,3,1,1270,1913,watersystem_x_unit_basin_x_landform,0.002362204724409449,0.0015682174594877157,7.939872649217331e-4,1.5062992125984251,low_n_descriptive_only,FALSE
Ya->Ko,3,B_830305_75_LF_CLASS::台地・段丘,多摩川 / basin 75 / 台地・段丘,drop,1,3,0.3333333333333333,287,1913,watersystem_x_unit_basin_x_landform,0.003484320557491289,0.0015682174594877157,0.0019161030980035735,2.221835075493612,low_n_descriptive_only,FALSE
Ya->Ko,3,B_830305_75_LF_CLASS::台地・段丘,多摩川 / basin 75 / 台地・段丘,new,2,3,0.6666666666666666,1270,1913,watersystem_x_unit_basin_x_landform,0.0015748031496062992,0.0015682174594877157,6.5856901185835145e-6,1.0041994750656167,low_n_descriptive_only,FALSE
Ya->Ko,3,B_830305_8_LF_CLASS::台地・段丘,多摩川 / basin 8 / 台地・段丘,continue,5,24,0.20833333333333334,356,1913,watersystem_x_unit_basin_x_landform,0.014044943820224719,0.012545739675901725,0.0014992041443229933,1.1194990636704119,eligible,FALSE
Ya->Ko,3,B_830305_8_LF_CLASS::台地・段丘,多摩川 / basin 8 / 台地・段丘,new,19,24,0.7916666666666666,1270,1913,watersystem_x_unit_basin_x_landform,0.014960629921259842,0.012545739675901725,0.002414890245358117,1.19248687664042,eligible,FALSE
Ya->Ko,3,B_830305_8_LF_CLASS::山地斜面等,多摩川 / basin 8 / 山地斜面等,new,1,1,1,1270,1913,watersystem_x_unit_basin_x_landform,7.874015748031496e-4,5.227391531625719e-4,2.6466242164057774e-4,1.5062992125984251,low_n_descriptive_only,FALSE
Ya->Ko,3,B_830305_8_LF_CLASS::崖・段丘崖,多摩川 / basin 8 / 崖・段丘崖,new,10,10,1,1270,1913,watersystem_x_unit_basin_x_landform,0.007874015748031496,0.005227391531625719,0.002646624216405777,1.5062992125984251,low_n_descriptive_only,FALSE
Ya->Ko,3,B_830305_8_LF_CLASS::氾濫平野・海岸平野,多摩川 / basin 8 / 氾濫平野・海岸平野,continue,1,3,0.3333333333333333,356,1913,watersystem_x_unit_basin_x_landform,0.0028089887640449437,0.0015682174594877157,0.001240771304557228,1.791198501872659,low_n_descriptive_only,FALSE
Ya->Ko,3,B_830305_8_LF_CLASS::氾濫平野・海岸平野,多摩川 / basin 8 / 氾濫平野・海岸平野,new,2,3,0.6666666666666666,1270,1913,watersystem_x_unit_basin_x_landform,0.0015748031496062992,0.0015682174594877157,6.5856901185835145e-6,1.0041994750656167,low_n_descriptive_only,FALSE
Ya->Ko,3,B_830305_9_LF_CLASS::氾濫平野・海岸平野,多摩川 / basin 9 / 氾濫平野・海岸平野,new,1,1,1,1270,1913,watersystem_x_unit_basin_x_landform,7.874015748031496e-4,5.227391531625719e-4,2.6466242164057774e-4,1.5062992125984251,low_n_descriptive_only,FALSE
Ya->Ko,3,B_830306_16_LF_CLASS::凹地・浅い谷,鶴見川 / basin 16 / 凹地・浅い谷,continue,1,1,1,356,1913,watersystem_x_unit_basin_x_landform,0.0028089887640449437,5.227391531625719e-4,0.0022862496108823718,5.373595505617978,low_n_descriptive_only,FALSE
Ya->Ko,3,B_830306_16_LF_CLASS::台地・段丘,鶴見川 / basin 16 / 台地・段丘,continue,7,17,0.4117647058823529,356,1913,watersystem_x_unit_basin_x_landform,0.019662921348314606,0.008886565603763722,0.010776355744550884,2.21265697290152,low_n_descriptive_only,FALSE
Ya->Ko,3,B_830306_16_LF_CLASS::台地・段丘,鶴見川 / basin 16 / 台地・段丘,drop,4,17,0.23529411764705882,287,1913,watersystem_x_unit_basin_x_landform,0.013937282229965157,0.008886565603763722,0.005050716626201435,1.5683541709366673,low_n_descriptive_only,FALSE
Ya->Ko,3,B_830306_16_LF_CLASS::台地・段丘,鶴見川 / basin 16 / 台地・段丘,new,6,17,0.35294117647058826,1270,1913,watersystem_x_unit_basin_x_landform,0.004724409448818898,0.008886565603763722,-0.0041621561549448245,0.5316350162112089,low_n_descriptive_only,FALSE
Ya->Ko,3,B_830306_16_LF_CLASS::山地斜面等,鶴見川 / basin 16 / 山地斜面等,continue,2,16,0.125,356,1913,watersystem_x_unit_basin_x_landform,0.0056179775280898875,0.00836382645060115,-0.002745848922511262,0.6716994382022472,low_n_descriptive_only,FALSE
Ya->Ko,3,B_830306_16_LF_CLASS::山地斜面等,鶴見川 / basin 16 / 山地斜面等,drop,3,16,0.1875,287,1913,watersystem_x_unit_basin_x_landform,0.010452961672473868,0.00836382645060115,0.0020891352218727188,1.2497822299651569,low_n_descriptive_only,FALSE
Ya->Ko,3,B_830306_16_LF_CLASS::山地斜面等,鶴見川 / basin 16 / 山地斜面等,new,11,16,0.6875,1270,1913,watersystem_x_unit_basin_x_landform,0.008661417322834646,0.00836382645060115,2.9759087223349585e-4,1.0355807086614173,low_n_descriptive_only,FALSE
Ya->Ko,3,B_830306_16_LF_CLASS::山麓堆積地形,鶴見川 / basin 16 / 山麓堆積地形,new,2,2,1,1270,1913,watersystem_x_unit_basin_x_landform,0.0015748031496062992,0.0010454783063251437,5.293248432811555e-4,1.5062992125984251,low_n_descriptive_only,FALSE
Ya->Ko,3,B_830306_16_LF_CLASS::水部,鶴見川 / basin 16 / 水部,new,1,1,1,1270,1913,watersystem_x_unit_basin_x_landform,7.874015748031496e-4,5.227391531625719e-4,2.6466242164057774e-4,1.5062992125984251,low_n_descriptive_only,FALSE
Ya->Ko,3,B_830306_16_LF_CLASS::氾濫平野・海岸平野,鶴見川 / basin 16 / 氾濫平野・海岸平野,new,1,1,1,1270,1913,watersystem_x_unit_basin_x_landform,7.874015748031496e-4,5.227391531625719e-4,2.6466242164057774e-4,1.5062992125984251,low_n_descriptive_only,FALSE
Ya->Ko,3,B_830306_17_LF_CLASS::台地・段丘,鶴見川 / basin 17 / 台地・段丘,continue,2,2,1,356,1913,watersystem_x_unit_basin_x_landform,0.0056179775280898875,0.0010454783063251437,0.0045724992217647436,5.373595505617978,low_n_descriptive_only,FALSE
Ya->Ko,3,B_830306_17_LF_CLASS::山地斜面等,鶴見川 / basin 17 / 山地斜面等,new,2,2,1,1270,1913,watersystem_x_unit_basin_x_landform,0.0015748031496062992,0.0010454783063251437,5.293248432811555e-4,1.5062992125984251,low_n_descriptive_only,FALSE
Ya->Ko,3,B_830306_19_LF_CLASS::台地・段丘,鶴見川 / basin 19 / 台地・段丘,continue,1,2,0.5,356,1913,watersystem_x_unit_basin_x_landform,0.0028089887640449437,0.0010454783063251437,0.0017635104577198,2.686797752808989,low_n_descriptive_only,FALSE
Ya->Ko,3,B_830306_19_LF_CLASS::台地・段丘,鶴見川 / basin 19 / 台地・段丘,new,1,2,0.5,1270,1913,watersystem_x_unit_basin_x_landform,7.874015748031496e-4,0.0010454783063251437,-2.580767315219941e-4,0.7531496062992126,low_n_descriptive_only,FALSE
Ya->Ko,3,B_830306_19_LF_CLASS::山地斜面等,鶴見川 / basin 19 / 山地斜面等,new,3,3,1,1270,1913,watersystem_x_unit_basin_x_landform,0.002362204724409449,0.0015682174594877157,7.939872649217331e-4,1.5062992125984251,low_n_descriptive_only,FALSE
Ya->Ko,3,B_830306_19_LF_CLASS::氾濫平野・海岸平野,鶴見川 / basin 19 / 氾濫平野・海岸平野,new,1,1,1,1270,1913,watersystem_x_unit_basin_x_landform,7.874015748031496e-4,5.227391531625719e-4,2.6466242164057774e-4,1.5062992125984251,low_n_descriptive_only,FALSE
Ya->Ko,3,B_830306_20_LF_CLASS::台地・段丘,鶴見川 / basin 20 / 台地・段丘,continue,6,10,0.6,356,1913,watersystem_x_unit_basin_x_landform,0.016853932584269662,0.005227391531625719,0.011626541052643944,3.224157303370786,low_n_descriptive_only,FALSE
Ya->Ko,3,B_830306_20_LF_CLASS::台地・段丘,鶴見川 / basin 20 / 台地・段丘,drop,4,10,0.4,287,1913,watersystem_x_unit_basin_x_landform,0.013937282229965157,0.005227391531625719,0.008709890698339438,2.6662020905923347,low_n_descriptive_only,FALSE
Ya->Ko,3,B_830306_20_LF_CLASS::山地斜面等,鶴見川 / basin 20 / 山地斜面等,continue,9,56,0.16071428571428573,356,1913,watersystem_x_unit_basin_x_landform,0.025280898876404494,0.029273392577104027,-0.003992493700699533,0.8636135634028892,eligible,FALSE
Ya->Ko,3,B_830306_20_LF_CLASS::山地斜面等,鶴見川 / basin 20 / 山地斜面等,drop,20,56,0.35714285714285715,287,1913,watersystem_x_unit_basin_x_landform,0.06968641114982578,0.029273392577104027,0.040413018572721754,2.3805375808860125,eligible,FALSE
Ya->Ko,3,B_830306_20_LF_CLASS::山地斜面等,鶴見川 / basin 20 / 山地斜面等,new,27,56,0.48214285714285715,1270,1913,watersystem_x_unit_basin_x_landform,0.02125984251968504,0.029273392577104027,-0.008013550057418987,0.7262514060742407,eligible,FALSE
Ya->Ko,3,B_830306_20_LF_CLASS::山麓堆積地形,鶴見川 / basin 20 / 山麓堆積地形,drop,1,1,1,287,1913,watersystem_x_unit_basin_x_landform,0.003484320557491289,5.227391531625719e-4,0.0029615814043287172,6.665505226480836,low_n_descriptive_only,FALSE
Ya->Ko,3,B_830306_20_LF_CLASS::崖・段丘崖,鶴見川 / basin 20 / 崖・段丘崖,drop,1,1,1,287,1913,watersystem_x_unit_basin_x_landform,0.003484320557491289,5.227391531625719e-4,0.0029615814043287172,6.665505226480836,low_n_descriptive_only,FALSE
Ya->Ko,3,B_830306_20_LF_CLASS::水部,鶴見川 / basin 20 / 水部,drop,1,1,1,287,1913,watersystem_x_unit_basin_x_landform,0.003484320557491289,5.227391531625719e-4,0.0029615814043287172,6.665505226480836,low_n_descriptive_only,FALSE
Ya->Ko,3,B_830306_20_LF_CLASS::氾濫平野・海岸平野,鶴見川 / basin 20 / 氾濫平野・海岸平野,continue,2,11,0.18181818181818182,356,1913,watersystem_x_unit_basin_x_landform,0.0056179775280898875,0.00575013068478829,-1.3215315669840282e-4,0.9770173646578141,low_n_descriptive_only,FALSE
Ya->Ko,3,B_830306_20_LF_CLASS::氾濫平野・海岸平野,鶴見川 / basin 20 / 氾濫平野・海岸平野,drop,4,11,0.36363636363636365,287,1913,watersystem_x_unit_basin_x_landform,0.013937282229965157,0.00575013068478829,0.008187151545176866,2.423820082356668,low_n_descriptive_only,FALSE
Ya->Ko,3,B_830306_20_LF_CLASS::氾濫平野・海岸平野,鶴見川 / basin 20 / 氾濫平野・海岸平野,new,5,11,0.45454545454545453,1270,1913,watersystem_x_unit_basin_x_landform,0.003937007874015748,0.00575013068478829,-0.0018131228107725423,0.6846814602720115,low_n_descriptive_only,FALSE
Ya->Ko,3,B_830306_21_LF_CLASS::台地・段丘,鶴見川 / basin 21 / 台地・段丘,continue,1,1,1,356,1913,watersystem_x_unit_basin_x_landform,0.0028089887640449437,5.227391531625719e-4,0.0022862496108823718,5.373595505617978,low_n_descriptive_only,FALSE
Ya->Ko,3,B_830306_21_LF_CLASS::山地斜面等,鶴見川 / basin 21 / 山地斜面等,continue,1,19,0.05263157894736842,356,1913,watersystem_x_unit_basin_x_landform,0.0028089887640449437,0.009932043910088865,-0.007123055146043921,0.28282081608515675,low_n_descriptive_only,FALSE
Ya->Ko,3,B_830306_21_LF_CLASS::山地斜面等,鶴見川 / basin 21 / 山地斜面等,drop,5,19,0.2631578947368421,287,1913,watersystem_x_unit_basin_x_landform,0.017421602787456445,0.009932043910088865,0.00748955887736758,1.7540803227581148,low_n_descriptive_only,FALSE
Ya->Ko,3,B_830306_21_LF_CLASS::山地斜面等,鶴見川 / basin 21 / 山地斜面等,new,13,19,0.6842105263157895,1270,1913,watersystem_x_unit_basin_x_landform,0.010236220472440945,0.009932043910088865,3.041765623520796e-4,1.0306257770410279,low_n_descriptive_only,FALSE
Ya->Ko,3,B_830306_21_LF_CLASS::氾濫平野・海岸平野,鶴見川 / basin 21 / 氾濫平野・海岸平野,new,2,2,1,1270,1913,watersystem_x_unit_basin_x_landform,0.0015748031496062992,0.0010454783063251437,5.293248432811555e-4,1.5062992125984251,low_n_descriptive_only,FALSE
Ya->Ko,3,B_unknown_0_LF_CLASS::凹地・浅い谷,古川・目黒川・立会川・呑川 / basin 0 / 凹地・浅い谷,continue,1,3,0.3333333333333333,356,1913,watersystem_x_unit_basin_x_landform,0.0028089887640449437,0.0015682174594877157,0.001240771304557228,1.791198501872659,low_n_descriptive_only,FALSE
Ya->Ko,3,B_unknown_0_LF_CLASS::凹地・浅い谷,古川・目黒川・立会川・呑川 / basin 0 / 凹地・浅い谷,new,2,3,0.6666666666666666,1270,1913,watersystem_x_unit_basin_x_landform,0.0015748031496062992,0.0015682174594877157,6.5856901185835145e-6,1.0041994750656167,low_n_descriptive_only,FALSE
Ya->Ko,3,B_unknown_0_LF_CLASS::台地・段丘,古川・目黒川・立会川・呑川 / basin 0 / 台地・段丘,continue,15,85,0.17647058823529413,356,1913,watersystem_x_unit_basin_x_landform,0.042134831460674156,0.04443282801881861,-0.002297996558144451,0.9482815598149372,eligible,FALSE
Ya->Ko,3,B_unknown_0_LF_CLASS::台地・段丘,古川・目黒川・立会川・呑川 / basin 0 / 台地・段丘,drop,27,85,0.3176470588235294,287,1913,watersystem_x_unit_basin_x_landform,0.09407665505226481,0.04443282801881861,0.049643827033446206,2.117278130764501,eligible,FALSE
Ya->Ko,3,B_unknown_0_LF_CLASS::台地・段丘,古川・目黒川・立会川・呑川 / basin 0 / 台地・段丘,new,43,85,0.5058823529411764,1270,1913,watersystem_x_unit_basin_x_landform,0.03385826771653543,0.04443282801881861,-0.010574560302283174,0.7620101899027327,eligible,FALSE
Ya->Ko,3,B_unknown_0_LF_CLASS::山地斜面等,古川・目黒川・立会川・呑川 / basin 0 / 山地斜面等,continue,1,57,0.017543859649122806,356,1913,watersystem_x_unit_basin_x_landform,0.0028089887640449437,0.029796131730266597,-0.026987142966221653,0.0942736053617189,eligible,FALSE
Ya->Ko,3,B_unknown_0_LF_CLASS::山地斜面等,古川・目黒川・立会川・呑川 / basin 0 / 山地斜面等,drop,8,57,0.14035087719298245,287,1913,watersystem_x_unit_basin_x_landform,0.027874564459930314,0.029796131730266597,-0.0019215672703362836,0.9355095054709945,eligible,FALSE
Ya->Ko,3,B_unknown_0_LF_CLASS::山地斜面等,古川・目黒川・立会川・呑川 / basin 0 / 山地斜面等,new,48,57,0.8421052631578947,1270,1913,watersystem_x_unit_basin_x_landform,0.03779527559055118,0.029796131730266597,0.007999143860284583,1.2684624948197265,eligible,FALSE
Ya->Ko,3,B_unknown_0_LF_CLASS::崖・段丘崖,古川・目黒川・立会川・呑川 / basin 0 / 崖・段丘崖,continue,1,8,0.125,356,1913,watersystem_x_unit_basin_x_landform,0.0028089887640449437,0.004181913225300575,-0.001372924461255631,0.6716994382022472,low_n_descriptive_only,FALSE
Ya->Ko,3,B_unknown_0_LF_CLASS::崖・段丘崖,古川・目黒川・立会川・呑川 / basin 0 / 崖・段丘崖,new,7,8,0.875,1270,1913,watersystem_x_unit_basin_x_landform,0.005511811023622047,0.004181913225300575,0.0013298977983214723,1.318011811023622,low_n_descriptive_only,FALSE
Ya->Ko,3,B_unknown_0_LF_CLASS::氾濫平野・海岸平野,古川・目黒川・立会川・呑川 / basin 0 / 氾濫平野・海岸平野,continue,1,17,0.058823529411764705,356,1913,watersystem_x_unit_basin_x_landform,0.0028089887640449437,0.008886565603763722,-0.006077576839718778,0.31609385327164574,low_n_descriptive_only,FALSE
Ya->Ko,3,B_unknown_0_LF_CLASS::氾濫平野・海岸平野,古川・目黒川・立会川・呑川 / basin 0 / 氾濫平野・海岸平野,drop,3,17,0.17647058823529413,287,1913,watersystem_x_unit_basin_x_landform,0.010452961672473868,0.008886565603763722,0.0015663960687101464,1.1762656282025006,low_n_descriptive_only,FALSE
Ya->Ko,3,B_unknown_0_LF_CLASS::氾濫平野・海岸平野,古川・目黒川・立会川・呑川 / basin 0 / 氾濫平野・海岸平野,new,13,17,0.7647058823529411,1270,1913,watersystem_x_unit_basin_x_landform,0.010236220472440945,0.008886565603763722,0.0013496548686772226,1.1518758684576191,low_n_descriptive_only,FALSE
Ya->Ko,3,B_unknown_0_LF_CLASS::砂州・砂丘,古川・目黒川・立会川・呑川 / basin 0 / 砂州・砂丘,drop,1,7,0.14285714285714285,287,1913,watersystem_x_unit_basin_x_landform,0.003484320557491289,0.0036591740721380033,-1.7485351464671412e-4,0.9522150323544051,low_n_descriptive_only,FALSE
Ya->Ko,3,B_unknown_0_LF_CLASS::砂州・砂丘,古川・目黒川・立会川・呑川 / basin 0 / 砂州・砂丘,new,6,7,0.8571428571428571,1270,1913,watersystem_x_unit_basin_x_landform,0.004724409448818898,0.0036591740721380033,0.0010652353766808943,1.29111361079865,low_n_descriptive_only,FALSE
