scheme,phase_pair,phase_pair_order,group_id,group_label,prior_present_total,continue_count,drop_count,retention_rate,drop_rate_given_prior_presence,interpretation_status
landform,He->Me,6,LF_CLASS::凹地・浅い谷,凹地・浅い谷,27,7,20,0.25925925925925924,0.7407407407407407,eligible
landform,He->Me,6,LF_CLASS::台地・段丘,台地・段丘,659,203,456,0.30804248861911987,0.6919575113808801,eligible
landform,He->Me,6,LF_CLASS::山地斜面等,山地斜面等,1075,224,851,0.20837209302325582,0.7916279069767442,eligible
landform,He->Me,6,LF_CLASS::山麓堆積地形,山麓堆積地形,42,22,20,0.5238095238095238,0.47619047619047616,eligible
landform,He->Me,6,LF_CLASS::崖・段丘崖,崖・段丘崖,15,5,10,0.3333333333333333,0.6666666666666666,low_n_descriptive_only
landform,He->Me,6,LF_CLASS::後背低地・湿地,後背低地・湿地,8,3,5,0.375,0.625,low_n_descriptive_only
landform,He->Me,6,LF_CLASS::扇状地,扇状地,2,2,0,1,0,low_n_descriptive_only
landform,He->Me,6,LF_CLASS::旧河道,旧河道,5,3,2,0.6,0.4,low_n_descriptive_only
landform,He->Me,6,LF_CLASS::水部,水部,19,1,18,0.05263157894736842,0.9473684210526315,low_n_descriptive_only
landform,He->Me,6,LF_CLASS::氾濫平野・海岸平野,氾濫平野・海岸平野,231,76,155,0.329004329004329,0.670995670995671,eligible
landform,He->Me,6,LF_CLASS::砂州・砂丘,砂州・砂丘,21,8,13,0.38095238095238093,0.6190476190476191,eligible
landform,He->Me,6,LF_CLASS::自然堤防,自然堤防,22,12,10,0.5454545454545454,0.45454545454545453,eligible
landform,Jo->Ya,2,LF_CLASS::凹地・浅い谷,凹地・浅い谷,59,8,51,0.13559322033898305,0.864406779661017,eligible
landform,Jo->Ya,2,LF_CLASS::台地・段丘,台地・段丘,1475,325,1150,0.22033898305084745,0.7796610169491526,eligible
landform,Jo->Ya,2,LF_CLASS::山地斜面等,山地斜面等,1679,150,1529,0.08933889219773675,0.9106611078022633,eligible
landform,Jo->Ya,2,LF_CLASS::山麓堆積地形,山麓堆積地形,47,5,42,0.10638297872340426,0.8936170212765957,eligible
landform,Jo->Ya,2,LF_CLASS::崖・段丘崖,崖・段丘崖,34,7,27,0.20588235294117646,0.7941176470588235,eligible
landform,Jo->Ya,2,LF_CLASS::後背低地・湿地,後背低地・湿地,9,5,4,0.5555555555555556,0.4444444444444444,low_n_descriptive_only
landform,Jo->Ya,2,LF_CLASS::扇状地,扇状地,1,0,1,0,1,low_n_descriptive_only
landform,Jo->Ya,2,LF_CLASS::旧河道,旧河道,2,0,2,0,1,low_n_descriptive_only
landform,Jo->Ya,2,LF_CLASS::水部,水部,25,2,23,0.08,0.92,eligible
landform,Jo->Ya,2,LF_CLASS::氾濫平野・海岸平野,氾濫平野・海岸平野,311,41,270,0.13183279742765272,0.8681672025723473,eligible
landform,Jo->Ya,2,LF_CLASS::砂州・砂丘,砂州・砂丘,10,3,7,0.3,0.7,low_n_descriptive_only
landform,Jo->Ya,2,LF_CLASS::自然堤防,自然堤防,3,1,2,0.3333333333333333,0.6666666666666666,low_n_descriptive_only
landform,Ko->Na,4,LF_CLASS::凹地・浅い谷,凹地・浅い谷,18,8,10,0.4444444444444444,0.5555555555555556,low_n_descriptive_only
landform,Ko->Na,4,LF_CLASS::台地・段丘,台地・段丘,953,312,641,0.3273871983210913,0.6726128016789087,eligible
landform,Ko->Na,4,LF_CLASS::山地斜面等,山地斜面等,397,207,190,0.5214105793450882,0.47858942065491183,eligible
landform,Ko->Na,4,LF_CLASS::山麓堆積地形,山麓堆積地形,8,7,1,0.875,0.125,low_n_descriptive_only
landform,Ko->Na,4,LF_CLASS::崖・段丘崖,崖・段丘崖,58,15,43,0.25862068965517243,0.7413793103448276,eligible
landform,Ko->Na,4,LF_CLASS::後背低地・湿地,後背低地・湿地,6,4,2,0.6666666666666666,0.3333333333333333,low_n_descriptive_only
landform,Ko->Na,4,LF_CLASS::扇状地,扇状地,1,0,1,0,1,low_n_descriptive_only
landform,Ko->Na,4,LF_CLASS::旧水部,旧水部,1,0,1,0,1,low_n_descriptive_only
landform,Ko->Na,4,LF_CLASS::旧河道,旧河道,7,3,4,0.42857142857142855,0.5714285714285714,low_n_descriptive_only
landform,Ko->Na,4,LF_CLASS::水部,水部,4,2,2,0.5,0.5,low_n_descriptive_only
landform,Ko->Na,4,LF_CLASS::氾濫平野・海岸平野,氾濫平野・海岸平野,134,68,66,0.5074626865671642,0.4925373134328358,eligible
landform,Ko->Na,4,LF_CLASS::砂州・砂丘,砂州・砂丘,18,10,8,0.5555555555555556,0.4444444444444444,low_n_descriptive_only
landform,Ko->Na,4,LF_CLASS::自然堤防,自然堤防,21,13,8,0.6190476190476191,0.38095238095238093,eligible
landform,Na->He,5,LF_CLASS::凹地・浅い谷,凹地・浅い谷,16,13,3,0.8125,0.1875,low_n_descriptive_only
landform,Na->He,5,LF_CLASS::台地・段丘,台地・段丘,543,453,90,0.8342541436464088,0.16574585635359115,eligible
landform,Na->He,5,LF_CLASS::山地斜面等,山地斜面等,791,712,79,0.900126422250316,0.09987357774968394,eligible
landform,Na->He,5,LF_CLASS::山麓堆積地形,山麓堆積地形,34,32,2,0.9411764705882353,0.058823529411764705,eligible
landform,Na->He,5,LF_CLASS::崖・段丘崖,崖・段丘崖,30,12,18,0.4,0.6,eligible
landform,Na->He,5,LF_CLASS::後背低地・湿地,後背低地・湿地,7,6,1,0.8571428571428571,0.14285714285714285,low_n_descriptive_only
landform,Na->He,5,LF_CLASS::旧河道,旧河道,4,4,0,1,0,low_n_descriptive_only
landform,Na->He,5,LF_CLASS::水部,水部,7,7,0,1,0,low_n_descriptive_only
landform,Na->He,5,LF_CLASS::氾濫平野・海岸平野,氾濫平野・海岸平野,201,181,20,0.900497512437811,0.09950248756218906,eligible
landform,Na->He,5,LF_CLASS::砂州・砂丘,砂州・砂丘,22,19,3,0.8636363636363636,0.13636363636363635,eligible
landform,Na->He,5,LF_CLASS::自然堤防,自然堤防,23,21,2,0.9130434782608695,0.08695652173913043,eligible
landform,Pa->Jo,1,LF_CLASS::凹地・浅い谷,凹地・浅い谷,24,20,4,0.8333333333333334,0.16666666666666666,eligible
landform,Pa->Jo,1,LF_CLASS::台地・段丘,台地・段丘,392,361,31,0.9209183673469388,0.07908163265306123,eligible
landform,Pa->Jo,1,LF_CLASS::山地斜面等,山地斜面等,217,196,21,0.9032258064516129,0.0967741935483871,eligible
landform,Pa->Jo,1,LF_CLASS::山麓堆積地形,山麓堆積地形,7,7,0,1,0,low_n_descriptive_only
landform,Pa->Jo,1,LF_CLASS::崖・段丘崖,崖・段丘崖,9,9,0,1,0,low_n_descriptive_only
landform,Pa->Jo,1,LF_CLASS::後背低地・湿地,後背低地・湿地,1,1,0,1,0,low_n_descriptive_only
landform,Pa->Jo,1,LF_CLASS::旧河道,旧河道,1,1,0,1,0,low_n_descriptive_only
landform,Pa->Jo,1,LF_CLASS::水部,水部,7,7,0,1,0,low_n_descriptive_only
landform,Pa->Jo,1,LF_CLASS::氾濫平野・海岸平野,氾濫平野・海岸平野,33,29,4,0.8787878787878788,0.12121212121212122,eligible
landform,Ya->Ko,3,LF_CLASS::凹地・浅い谷,凹地・浅い谷,9,6,3,0.6666666666666666,0.3333333333333333,low_n_descriptive_only
landform,Ya->Ko,3,LF_CLASS::台地・段丘,台地・段丘,374,237,137,0.6336898395721925,0.3663101604278075,eligible
landform,Ya->Ko,3,LF_CLASS::山地斜面等,山地斜面等,173,67,106,0.3872832369942196,0.6127167630057804,eligible
landform,Ya->Ko,3,LF_CLASS::山麓堆積地形,山麓堆積地形,5,2,3,0.4,0.6,low_n_descriptive_only
landform,Ya->Ko,3,LF_CLASS::崖・段丘崖,崖・段丘崖,8,2,6,0.25,0.75,low_n_descriptive_only
landform,Ya->Ko,3,LF_CLASS::後背低地・湿地,後背低地・湿地,5,5,0,1,0,low_n_descriptive_only
landform,Ya->Ko,3,LF_CLASS::水部,水部,2,1,1,0.5,0.5,low_n_descriptive_only
landform,Ya->Ko,3,LF_CLASS::氾濫平野・海岸平野,氾濫平野・海岸平野,54,29,25,0.5370370370370371,0.46296296296296297,eligible
landform,Ya->Ko,3,LF_CLASS::砂州・砂丘,砂州・砂丘,5,3,2,0.6,0.4,low_n_descriptive_only
landform,Ya->Ko,3,LF_CLASS::自然堤防,自然堤防,8,4,4,0.5,0.5,low_n_descriptive_only
unit_basin,He->Me,6,B_120000_6,名称不明 / basin 6,1,0,1,0,1,low_n_descriptive_only
unit_basin,He->Me,6,B_130000_1,名称不明 / basin 1,4,1,3,0.25,0.75,low_n_descriptive_only
unit_basin,He->Me,6,B_130000_2,名称不明 / basin 2,1,0,1,0,1,low_n_descriptive_only
unit_basin,He->Me,6,B_130000_4,名称不明 / basin 4,8,4,4,0.5,0.5,low_n_descriptive_only
unit_basin,He->Me,6,B_130000_5,名称不明 / basin 5,33,11,22,0.3333333333333333,0.6666666666666666,eligible
unit_basin,He->Me,6,B_130000_6,名称不明 / basin 6,3,0,3,0,1,low_n_descriptive_only
unit_basin,He->Me,6,B_140013_17,境川 / basin 17,182,35,147,0.19230769230769232,0.8076923076923077,eligible
unit_basin,He->Me,6,B_140013_19,境川 / basin 19,15,3,12,0.2,0.8,low_n_descriptive_only
unit_basin,He->Me,6,B_830303_345,利根川 / basin 345,1,1,0,1,0,low_n_descriptive_only
unit_basin,He->Me,6,B_830303_347,利根川 / basin 347,6,6,0,1,0,low_n_descriptive_only
unit_basin,He->Me,6,B_830303_389,利根川 / basin 389,1,0,1,0,1,low_n_descriptive_only
unit_basin,He->Me,6,B_830303_393,利根川 / basin 393,2,1,1,0.5,0.5,low_n_descriptive_only
unit_basin,He->Me,6,B_830303_427,利根川 / basin 427,4,4,0,1,0,low_n_descriptive_only
unit_basin,He->Me,6,B_830303_478,利根川 / basin 478,3,0,3,0,1,low_n_descriptive_only
unit_basin,He->Me,6,B_830303_517,利根川 / basin 517,4,3,1,0.75,0.25,low_n_descriptive_only
unit_basin,He->Me,6,B_830304_120,荒川 / basin 120,31,7,24,0.22580645161290322,0.7741935483870968,eligible
unit_basin,He->Me,6,B_830304_15,荒川 / basin 15,5,3,2,0.6,0.4,low_n_descriptive_only
unit_basin,He->Me,6,B_830304_16,荒川 / basin 16,7,3,4,0.42857142857142855,0.5714285714285714,low_n_descriptive_only
unit_basin,He->Me,6,B_830304_161,荒川 / basin 161,2,1,1,0.5,0.5,low_n_descriptive_only
unit_basin,He->Me,6,B_830304_194,荒川 / basin 194,3,0,3,0,1,low_n_descriptive_only
unit_basin,He->Me,6,B_830304_25,荒川 / basin 25,20,11,9,0.55,0.45,eligible
unit_basin,He->Me,6,B_830304_26,荒川 / basin 26,5,2,3,0.4,0.6,low_n_descriptive_only
unit_basin,He->Me,6,B_830304_27,荒川 / basin 27,10,5,5,0.5,0.5,low_n_descriptive_only
unit_basin,He->Me,6,B_830304_36,荒川 / basin 36,1,1,0,1,0,low_n_descriptive_only
unit_basin,He->Me,6,B_830304_37,荒川 / basin 37,2,0,2,0,1,low_n_descriptive_only
unit_basin,He->Me,6,B_830304_38,荒川 / basin 38,5,0,5,0,1,low_n_descriptive_only
unit_basin,He->Me,6,B_830304_39,荒川 / basin 39,6,1,5,0.16666666666666666,0.8333333333333334,low_n_descriptive_only
unit_basin,He->Me,6,B_830304_40,荒川 / basin 40,1,0,1,0,1,low_n_descriptive_only
unit_basin,He->Me,6,B_830304_42,荒川 / basin 42,7,1,6,0.14285714285714285,0.8571428571428571,low_n_descriptive_only
unit_basin,He->Me,6,B_830304_44,荒川 / basin 44,1,1,0,1,0,low_n_descriptive_only
unit_basin,He->Me,6,B_830304_47,荒川 / basin 47,14,4,10,0.2857142857142857,0.7142857142857143,low_n_descriptive_only
unit_basin,He->Me,6,B_830304_51,荒川 / basin 51,4,3,1,0.75,0.25,low_n_descriptive_only
unit_basin,He->Me,6,B_830304_52,荒川 / basin 52,15,6,9,0.4,0.6,low_n_descriptive_only
unit_basin,He->Me,6,B_830304_53,荒川 / basin 53,2,0,2,0,1,low_n_descriptive_only
unit_basin,He->Me,6,B_830304_54,荒川 / basin 54,6,0,6,0,1,low_n_descriptive_only
unit_basin,He->Me,6,B_830304_55,荒川 / basin 55,8,3,5,0.375,0.625,low_n_descriptive_only
unit_basin,He->Me,6,B_830304_56,荒川 / basin 56,10,6,4,0.6,0.4,low_n_descriptive_only
unit_basin,He->Me,6,B_830304_57,荒川 / basin 57,5,1,4,0.2,0.8,low_n_descriptive_only
unit_basin,He->Me,6,B_830304_61,荒川 / basin 61,7,4,3,0.5714285714285714,0.42857142857142855,low_n_descriptive_only
unit_basin,He->Me,6,B_830304_67,荒川 / basin 67,3,0,3,0,1,low_n_descriptive_only
unit_basin,He->Me,6,B_830304_68,荒川 / basin 68,32,8,24,0.25,0.75,eligible
unit_basin,He->Me,6,B_830304_69,荒川 / basin 69,3,0,3,0,1,low_n_descriptive_only
unit_basin,He->Me,6,B_830304_70,荒川 / basin 70,7,1,6,0.14285714285714285,0.8571428571428571,low_n_descriptive_only
unit_basin,He->Me,6,B_830304_79,荒川 / basin 79,8,1,7,0.125,0.875,low_n_descriptive_only
unit_basin,He->Me,6,B_830304_80,荒川 / basin 80,6,0,6,0,1,low_n_descriptive_only
unit_basin,He->Me,6,B_830304_82,荒川 / basin 82,32,1,31,0.03125,0.96875,eligible
unit_basin,He->Me,6,B_830304_83,荒川 / basin 83,16,7,9,0.4375,0.5625,low_n_descriptive_only
unit_basin,He->Me,6,B_830304_86,荒川 / basin 86,57,19,38,0.3333333333333333,0.6666666666666666,eligible
unit_basin,He->Me,6,B_830304_87,荒川 / basin 87,4,1,3,0.25,0.75,low_n_descriptive_only
unit_basin,He->Me,6,B_830304_88,荒川 / basin 88,8,0,8,0,1,low_n_descriptive_only
unit_basin,He->Me,6,B_830305_1,多摩川 / basin 1,3,0,3,0,1,low_n_descriptive_only
unit_basin,He->Me,6,B_830305_10,多摩川 / basin 10,20,7,13,0.35,0.65,eligible
unit_basin,He->Me,6,B_830305_12,多摩川 / basin 12,20,8,12,0.4,0.6,eligible
unit_basin,He->Me,6,B_830305_13,多摩川 / basin 13,7,4,3,0.5714285714285714,0.42857142857142855,low_n_descriptive_only
unit_basin,He->Me,6,B_830305_14,多摩川 / basin 14,16,9,7,0.5625,0.4375,low_n_descriptive_only
unit_basin,He->Me,6,B_830305_16,多摩川 / basin 16,3,1,2,0.3333333333333333,0.6666666666666666,low_n_descriptive_only
unit_basin,He->Me,6,B_830305_17,多摩川 / basin 17,53,21,32,0.39622641509433965,0.6037735849056604,eligible
unit_basin,He->Me,6,B_830305_18,多摩川 / basin 18,45,14,31,0.3111111111111111,0.6888888888888889,eligible
unit_basin,He->Me,6,B_830305_19,多摩川 / basin 19,19,7,12,0.3684210526315789,0.631578947368421,low_n_descriptive_only
unit_basin,He->Me,6,B_830305_2,多摩川 / basin 2,5,1,4,0.2,0.8,low_n_descriptive_only
unit_basin,He->Me,6,B_830305_20,多摩川 / basin 20,14,7,7,0.5,0.5,low_n_descriptive_only
unit_basin,He->Me,6,B_830305_21,多摩川 / basin 21,2,1,1,0.5,0.5,low_n_descriptive_only
unit_basin,He->Me,6,B_830305_22,多摩川 / basin 22,122,43,79,0.3524590163934426,0.6475409836065574,eligible
unit_basin,He->Me,6,B_830305_23,多摩川 / basin 23,128,47,81,0.3671875,0.6328125,eligible
unit_basin,He->Me,6,B_830305_24,多摩川 / basin 24,2,0,2,0,1,low_n_descriptive_only
unit_basin,He->Me,6,B_830305_25,多摩川 / basin 25,12,4,8,0.3333333333333333,0.6666666666666666,low_n_descriptive_only
unit_basin,He->Me,6,B_830305_26,多摩川 / basin 26,3,1,2,0.3333333333333333,0.6666666666666666,low_n_descriptive_only
unit_basin,He->Me,6,B_830305_27,多摩川 / basin 27,9,7,2,0.7777777777777778,0.2222222222222222,low_n_descriptive_only
unit_basin,He->Me,6,B_830305_28,多摩川 / basin 28,156,43,113,0.27564102564102566,0.7243589743589743,eligible
unit_basin,He->Me,6,B_830305_29,多摩川 / basin 29,1,1,0,1,0,low_n_descriptive_only
unit_basin,He->Me,6,B_830305_30,多摩川 / basin 30,167,42,125,0.25149700598802394,0.7485029940119761,eligible
unit_basin,He->Me,6,B_830305_31,多摩川 / basin 31,2,0,2,0,1,low_n_descriptive_only
unit_basin,He->Me,6,B_830305_32,多摩川 / basin 32,6,1,5,0.16666666666666666,0.8333333333333334,low_n_descriptive_only
unit_basin,He->Me,6,B_830305_33,多摩川 / basin 33,25,2,23,0.08,0.92,eligible
unit_basin,He->Me,6,B_830305_34,多摩川 / basin 34,5,1,4,0.2,0.8,low_n_descriptive_only
unit_basin,He->Me,6,B_830305_35,多摩川 / basin 35,49,13,36,0.2653061224489796,0.7346938775510204,eligible
unit_basin,He->Me,6,B_830305_36,多摩川 / basin 36,70,7,63,0.1,0.9,eligible
unit_basin,He->Me,6,B_830305_37,多摩川 / basin 37,3,0,3,0,1,low_n_descriptive_only
unit_basin,He->Me,6,B_830305_38,多摩川 / basin 38,4,2,2,0.5,0.5,low_n_descriptive_only
unit_basin,He->Me,6,B_830305_39,多摩川 / basin 39,1,0,1,0,1,low_n_descriptive_only
unit_basin,He->Me,6,B_830305_40,多摩川 / basin 40,42,12,30,0.2857142857142857,0.7142857142857143,eligible
unit_basin,He->Me,6,B_830305_41,多摩川 / basin 41,9,1,8,0.1111111111111111,0.8888888888888888,low_n_descriptive_only
unit_basin,He->Me,6,B_830305_42,多摩川 / basin 42,4,0,4,0,1,low_n_descriptive_only
unit_basin,He->Me,6,B_830305_43,多摩川 / basin 43,16,7,9,0.4375,0.5625,low_n_descriptive_only
unit_basin,He->Me,6,B_830305_44,多摩川 / basin 44,4,1,3,0.25,0.75,low_n_descriptive_only
unit_basin,He->Me,6,B_830305_46,多摩川 / basin 46,28,0,28,0,1,eligible
unit_basin,He->Me,6,B_830305_47,多摩川 / basin 47,1,0,1,0,1,low_n_descriptive_only
unit_basin,He->Me,6,B_830305_48,多摩川 / basin 48,13,2,11,0.15384615384615385,0.8461538461538461,low_n_descriptive_only
unit_basin,He->Me,6,B_830305_49,多摩川 / basin 49,1,0,1,0,1,low_n_descriptive_only
unit_basin,He->Me,6,B_830305_50,多摩川 / basin 50,3,1,2,0.3333333333333333,0.6666666666666666,low_n_descriptive_only
unit_basin,He->Me,6,B_830305_51,多摩川 / basin 51,2,0,2,0,1,low_n_descriptive_only
unit_basin,He->Me,6,B_830305_52,多摩川 / basin 52,2,1,1,0.5,0.5,low_n_descriptive_only
unit_basin,He->Me,6,B_830305_55,多摩川 / basin 55,1,0,1,0,1,low_n_descriptive_only
unit_basin,He->Me,6,B_830305_56,多摩川 / basin 56,5,3,2,0.6,0.4,low_n_descriptive_only
unit_basin,He->Me,6,B_830305_57,多摩川 / basin 57,1,0,1,0,1,low_n_descriptive_only
unit_basin,He->Me,6,B_830305_58,多摩川 / basin 58,1,0,1,0,1,low_n_descriptive_only
unit_basin,He->Me,6,B_830305_59,多摩川 / basin 59,1,0,1,0,1,low_n_descriptive_only
unit_basin,He->Me,6,B_830305_62,多摩川 / basin 62,3,0,3,0,1,low_n_descriptive_only
unit_basin,He->Me,6,B_830305_67,多摩川 / basin 67,1,0,1,0,1,low_n_descriptive_only
unit_basin,He->Me,6,B_830305_68,多摩川 / basin 68,4,0,4,0,1,low_n_descriptive_only
unit_basin,He->Me,6,B_830305_69,多摩川 / basin 69,1,0,1,0,1,low_n_descriptive_only
unit_basin,He->Me,6,B_830305_70,多摩川 / basin 70,3,1,2,0.3333333333333333,0.6666666666666666,low_n_descriptive_only
unit_basin,He->Me,6,B_830305_72,多摩川 / basin 72,2,0,2,0,1,low_n_descriptive_only
unit_basin,He->Me,6,B_830305_73,多摩川 / basin 73,5,2,3,0.4,0.6,low_n_descriptive_only
unit_basin,He->Me,6,B_830305_74,多摩川 / basin 74,2,1,1,0.5,0.5,low_n_descriptive_only
unit_basin,He->Me,6,B_830305_75,多摩川 / basin 75,8,2,6,0.25,0.75,low_n_descriptive_only
unit_basin,He->Me,6,B_830305_76,多摩川 / basin 76,1,0,1,0,1,low_n_descriptive_only
unit_basin,He->Me,6,B_830305_8,多摩川 / basin 8,7,6,1,0.8571428571428571,0.14285714285714285,low_n_descriptive_only
unit_basin,He->Me,6,B_830305_82,多摩川 / basin 82,1,0,1,0,1,low_n_descriptive_only
unit_basin,He->Me,6,B_830305_87,多摩川 / basin 87,1,0,1,0,1,low_n_descriptive_only
unit_basin,He->Me,6,B_830305_9,多摩川 / basin 9,1,1,0,1,0,low_n_descriptive_only
unit_basin,He->Me,6,B_830305_92,多摩川 / basin 92,1,0,1,0,1,low_n_descriptive_only
unit_basin,He->Me,6,B_830306_16,鶴見川 / basin 16,81,8,73,0.09876543209876543,0.9012345679012346,eligible
unit_basin,He->Me,6,B_830306_17,鶴見川 / basin 17,9,0,9,0,1,low_n_descriptive_only
unit_basin,He->Me,6,B_830306_19,鶴見川 / basin 19,11,0,11,0,1,low_n_descriptive_only
unit_basin,He->Me,6,B_830306_20,鶴見川 / basin 20,218,39,179,0.17889908256880735,0.8211009174311926,eligible
unit_basin,He->Me,6,B_830306_21,鶴見川 / basin 21,45,9,36,0.2,0.8,eligible
unit_basin,He->Me,6,B_unknown_0,古川・目黒川・立会川・呑川 / basin 0,42,10,32,0.23809523809523808,0.7619047619047619,eligible
unit_basin,Jo->Ya,2,B_120000_6,名称不明 / basin 6,1,0,1,0,1,low_n_descriptive_only
unit_basin,Jo->Ya,2,B_130000_1,名称不明 / basin 1,12,8,4,0.6666666666666666,0.3333333333333333,low_n_descriptive_only
unit_basin,Jo->Ya,2,B_130000_2,名称不明 / basin 2,5,2,3,0.4,0.6,low_n_descriptive_only
unit_basin,Jo->Ya,2,B_130000_3,名称不明 / basin 3,12,1,11,0.08333333333333333,0.9166666666666666,low_n_descriptive_only
unit_basin,Jo->Ya,2,B_130000_4,名称不明 / basin 4,41,12,29,0.2926829268292683,0.7073170731707317,eligible
unit_basin,Jo->Ya,2,B_130000_5,名称不明 / basin 5,40,22,18,0.55,0.45,eligible
unit_basin,Jo->Ya,2,B_130000_6,名称不明 / basin 6,16,0,16,0,1,low_n_descriptive_only
unit_basin,Jo->Ya,2,B_140013_17,境川 / basin 17,187,23,164,0.12299465240641712,0.8770053475935828,eligible
unit_basin,Jo->Ya,2,B_140013_19,境川 / basin 19,18,1,17,0.05555555555555555,0.9444444444444444,low_n_descriptive_only
unit_basin,Jo->Ya,2,B_830303_347,利根川 / basin 347,1,1,0,1,0,low_n_descriptive_only
unit_basin,Jo->Ya,2,B_830303_390,利根川 / basin 390,1,0,1,0,1,low_n_descriptive_only
unit_basin,Jo->Ya,2,B_830303_478,利根川 / basin 478,1,1,0,1,0,low_n_descriptive_only
unit_basin,Jo->Ya,2,B_830303_517,利根川 / basin 517,1,0,1,0,1,low_n_descriptive_only
unit_basin,Jo->Ya,2,B_830304_120,荒川 / basin 120,42,6,36,0.14285714285714285,0.8571428571428571,eligible
unit_basin,Jo->Ya,2,B_830304_139,荒川 / basin 139,11,0,11,0,1,low_n_descriptive_only
unit_basin,Jo->Ya,2,B_830304_14,荒川 / basin 14,1,0,1,0,1,low_n_descriptive_only
unit_basin,Jo->Ya,2,B_830304_15,荒川 / basin 15,5,4,1,0.8,0.2,low_n_descriptive_only
unit_basin,Jo->Ya,2,B_830304_158,荒川 / basin 158,2,0,2,0,1,low_n_descriptive_only
unit_basin,Jo->Ya,2,B_830304_16,荒川 / basin 16,6,4,2,0.6666666666666666,0.3333333333333333,low_n_descriptive_only
unit_basin,Jo->Ya,2,B_830304_161,荒川 / basin 161,3,0,3,0,1,low_n_descriptive_only
unit_basin,Jo->Ya,2,B_830304_167,荒川 / basin 167,3,0,3,0,1,low_n_descriptive_only
unit_basin,Jo->Ya,2,B_830304_194,荒川 / basin 194,6,0,6,0,1,low_n_descriptive_only
unit_basin,Jo->Ya,2,B_830304_25,荒川 / basin 25,11,4,7,0.36363636363636365,0.6363636363636364,low_n_descriptive_only
unit_basin,Jo->Ya,2,B_830304_26,荒川 / basin 26,27,9,18,0.3333333333333333,0.6666666666666666,eligible
unit_basin,Jo->Ya,2,B_830304_27,荒川 / basin 27,12,9,3,0.75,0.25,low_n_descriptive_only
unit_basin,Jo->Ya,2,B_830304_36,荒川 / basin 36,1,1,0,1,0,low_n_descriptive_only
unit_basin,Jo->Ya,2,B_830304_37,荒川 / basin 37,22,5,17,0.22727272727272727,0.7727272727272727,eligible
unit_basin,Jo->Ya,2,B_830304_38,荒川 / basin 38,14,8,6,0.5714285714285714,0.42857142857142855,low_n_descriptive_only
unit_basin,Jo->Ya,2,B_830304_39,荒川 / basin 39,17,4,13,0.23529411764705882,0.7647058823529411,low_n_descriptive_only
unit_basin,Jo->Ya,2,B_830304_40,荒川 / basin 40,23,2,21,0.08695652173913043,0.9130434782608695,eligible
unit_basin,Jo->Ya,2,B_830304_42,荒川 / basin 42,19,13,6,0.6842105263157895,0.3157894736842105,low_n_descriptive_only
unit_basin,Jo->Ya,2,B_830304_44,荒川 / basin 44,1,1,0,1,0,low_n_descriptive_only
unit_basin,Jo->Ya,2,B_830304_47,荒川 / basin 47,58,16,42,0.27586206896551724,0.7241379310344828,eligible
unit_basin,Jo->Ya,2,B_830304_51,荒川 / basin 51,7,4,3,0.5714285714285714,0.42857142857142855,low_n_descriptive_only
unit_basin,Jo->Ya,2,B_830304_52,荒川 / basin 52,64,17,47,0.265625,0.734375,eligible
unit_basin,Jo->Ya,2,B_830304_53,荒川 / basin 53,5,5,0,1,0,low_n_descriptive_only
unit_basin,Jo->Ya,2,B_830304_54,荒川 / basin 54,54,7,47,0.12962962962962962,0.8703703703703703,eligible
unit_basin,Jo->Ya,2,B_830304_55,荒川 / basin 55,26,19,7,0.7307692307692307,0.2692307692307692,eligible
unit_basin,Jo->Ya,2,B_830304_56,荒川 / basin 56,16,11,5,0.6875,0.3125,low_n_descriptive_only
unit_basin,Jo->Ya,2,B_830304_57,荒川 / basin 57,52,13,39,0.25,0.75,eligible
unit_basin,Jo->Ya,2,B_830304_61,荒川 / basin 61,37,16,21,0.43243243243243246,0.5675675675675675,eligible
unit_basin,Jo->Ya,2,B_830304_63,荒川 / basin 63,3,1,2,0.3333333333333333,0.6666666666666666,low_n_descriptive_only
unit_basin,Jo->Ya,2,B_830304_67,荒川 / basin 67,63,2,61,0.031746031746031744,0.9682539682539683,eligible
unit_basin,Jo->Ya,2,B_830304_68,荒川 / basin 68,59,1,58,0.01694915254237288,0.9830508474576272,eligible
unit_basin,Jo->Ya,2,B_830304_69,荒川 / basin 69,20,6,14,0.3,0.7,eligible
unit_basin,Jo->Ya,2,B_830304_70,荒川 / basin 70,52,6,46,0.11538461538461539,0.8846153846153846,eligible
unit_basin,Jo->Ya,2,B_830304_77,荒川 / basin 77,3,0,3,0,1,low_n_descriptive_only
unit_basin,Jo->Ya,2,B_830304_79,荒川 / basin 79,5,1,4,0.2,0.8,low_n_descriptive_only
unit_basin,Jo->Ya,2,B_830304_80,荒川 / basin 80,64,2,62,0.03125,0.96875,eligible
unit_basin,Jo->Ya,2,B_830304_82,荒川 / basin 82,25,0,25,0,1,eligible
unit_basin,Jo->Ya,2,B_830304_83,荒川 / basin 83,24,2,22,0.08333333333333333,0.9166666666666666,eligible
unit_basin,Jo->Ya,2,B_830304_86,荒川 / basin 86,96,10,86,0.10416666666666667,0.8958333333333334,eligible
unit_basin,Jo->Ya,2,B_830304_87,荒川 / basin 87,18,1,17,0.05555555555555555,0.9444444444444444,low_n_descriptive_only
unit_basin,Jo->Ya,2,B_830304_88,荒川 / basin 88,24,2,22,0.08333333333333333,0.9166666666666666,eligible
unit_basin,Jo->Ya,2,B_830304_98,荒川 / basin 98,1,0,1,0,1,low_n_descriptive_only
unit_basin,Jo->Ya,2,B_830305_10,多摩川 / basin 10,21,6,15,0.2857142857142857,0.7142857142857143,eligible
unit_basin,Jo->Ya,2,B_830305_101,多摩川 / basin 101,1,0,1,0,1,low_n_descriptive_only
unit_basin,Jo->Ya,2,B_830305_12,多摩川 / basin 12,18,6,12,0.3333333333333333,0.6666666666666666,low_n_descriptive_only
unit_basin,Jo->Ya,2,B_830305_13,多摩川 / basin 13,9,3,6,0.3333333333333333,0.6666666666666666,low_n_descriptive_only
unit_basin,Jo->Ya,2,B_830305_14,多摩川 / basin 14,37,6,31,0.16216216216216217,0.8378378378378378,eligible
unit_basin,Jo->Ya,2,B_830305_16,多摩川 / basin 16,14,1,13,0.07142857142857142,0.9285714285714286,low_n_descriptive_only
unit_basin,Jo->Ya,2,B_830305_17,多摩川 / basin 17,96,7,89,0.07291666666666667,0.9270833333333334,eligible
unit_basin,Jo->Ya,2,B_830305_18,多摩川 / basin 18,100,7,93,0.07,0.93,eligible
unit_basin,Jo->Ya,2,B_830305_19,多摩川 / basin 19,24,0,24,0,1,eligible
unit_basin,Jo->Ya,2,B_830305_2,多摩川 / basin 2,10,5,5,0.5,0.5,low_n_descriptive_only
unit_basin,Jo->Ya,2,B_830305_20,多摩川 / basin 20,13,1,12,0.07692307692307693,0.9230769230769231,low_n_descriptive_only
unit_basin,Jo->Ya,2,B_830305_21,多摩川 / basin 21,2,0,2,0,1,low_n_descriptive_only
unit_basin,Jo->Ya,2,B_830305_22,多摩川 / basin 22,198,7,191,0.03535353535353535,0.9646464646464646,eligible
unit_basin,Jo->Ya,2,B_830305_23,多摩川 / basin 23,160,9,151,0.05625,0.94375,eligible
unit_basin,Jo->Ya,2,B_830305_24,多摩川 / basin 24,7,0,7,0,1,low_n_descriptive_only
unit_basin,Jo->Ya,2,B_830305_25,多摩川 / basin 25,10,1,9,0.1,0.9,low_n_descriptive_only
unit_basin,Jo->Ya,2,B_830305_26,多摩川 / basin 26,6,0,6,0,1,low_n_descriptive_only
unit_basin,Jo->Ya,2,B_830305_27,多摩川 / basin 27,6,2,4,0.3333333333333333,0.6666666666666666,low_n_descriptive_only
unit_basin,Jo->Ya,2,B_830305_28,多摩川 / basin 28,180,8,172,0.044444444444444446,0.9555555555555556,eligible
unit_basin,Jo->Ya,2,B_830305_29,多摩川 / basin 29,1,0,1,0,1,low_n_descriptive_only
unit_basin,Jo->Ya,2,B_830305_3,多摩川 / basin 3,9,2,7,0.2222222222222222,0.7777777777777778,low_n_descriptive_only
unit_basin,Jo->Ya,2,B_830305_30,多摩川 / basin 30,172,16,156,0.09302325581395349,0.9069767441860465,eligible
unit_basin,Jo->Ya,2,B_830305_31,多摩川 / basin 31,3,0,3,0,1,low_n_descriptive_only
unit_basin,Jo->Ya,2,B_830305_32,多摩川 / basin 32,7,1,6,0.14285714285714285,0.8571428571428571,low_n_descriptive_only
unit_basin,Jo->Ya,2,B_830305_33,多摩川 / basin 33,31,1,30,0.03225806451612903,0.967741935483871,eligible
unit_basin,Jo->Ya,2,B_830305_34,多摩川 / basin 34,33,3,30,0.09090909090909091,0.9090909090909091,eligible
unit_basin,Jo->Ya,2,B_830305_35,多摩川 / basin 35,63,12,51,0.19047619047619047,0.8095238095238095,eligible
unit_basin,Jo->Ya,2,B_830305_36,多摩川 / basin 36,48,4,44,0.08333333333333333,0.9166666666666666,eligible
unit_basin,Jo->Ya,2,B_830305_37,多摩川 / basin 37,6,3,3,0.5,0.5,low_n_descriptive_only
unit_basin,Jo->Ya,2,B_830305_38,多摩川 / basin 38,5,1,4,0.2,0.8,low_n_descriptive_only
unit_basin,Jo->Ya,2,B_830305_39,多摩川 / basin 39,2,0,2,0,1,low_n_descriptive_only
unit_basin,Jo->Ya,2,B_830305_40,多摩川 / basin 40,59,17,42,0.288135593220339,0.711864406779661,eligible
unit_basin,Jo->Ya,2,B_830305_41,多摩川 / basin 41,8,4,4,0.5,0.5,low_n_descriptive_only
unit_basin,Jo->Ya,2,B_830305_42,多摩川 / basin 42,21,0,21,0,1,eligible
unit_basin,Jo->Ya,2,B_830305_43,多摩川 / basin 43,45,4,41,0.08888888888888889,0.9111111111111111,eligible
unit_basin,Jo->Ya,2,B_830305_44,多摩川 / basin 44,14,1,13,0.07142857142857142,0.9285714285714286,low_n_descriptive_only
unit_basin,Jo->Ya,2,B_830305_46,多摩川 / basin 46,71,1,70,0.014084507042253521,0.9859154929577465,eligible
unit_basin,Jo->Ya,2,B_830305_47,多摩川 / basin 47,1,1,0,1,0,low_n_descriptive_only
unit_basin,Jo->Ya,2,B_830305_48,多摩川 / basin 48,18,5,13,0.2777777777777778,0.7222222222222222,low_n_descriptive_only
unit_basin,Jo->Ya,2,B_830305_49,多摩川 / basin 49,3,0,3,0,1,low_n_descriptive_only
unit_basin,Jo->Ya,2,B_830305_5,多摩川 / basin 5,5,0,5,0,1,low_n_descriptive_only
unit_basin,Jo->Ya,2,B_830305_50,多摩川 / basin 50,5,1,4,0.2,0.8,low_n_descriptive_only
unit_basin,Jo->Ya,2,B_830305_51,多摩川 / basin 51,6,0,6,0,1,low_n_descriptive_only
unit_basin,Jo->Ya,2,B_830305_52,多摩川 / basin 52,5,0,5,0,1,low_n_descriptive_only
unit_basin,Jo->Ya,2,B_830305_55,多摩川 / basin 55,4,0,4,0,1,low_n_descriptive_only
unit_basin,Jo->Ya,2,B_830305_56,多摩川 / basin 56,10,2,8,0.2,0.8,low_n_descriptive_only
unit_basin,Jo->Ya,2,B_830305_57,多摩川 / basin 57,2,0,2,0,1,low_n_descriptive_only
unit_basin,Jo->Ya,2,B_830305_58,多摩川 / basin 58,1,0,1,0,1,low_n_descriptive_only
unit_basin,Jo->Ya,2,B_830305_62,多摩川 / basin 62,16,0,16,0,1,low_n_descriptive_only
unit_basin,Jo->Ya,2,B_830305_64,多摩川 / basin 64,1,0,1,0,1,low_n_descriptive_only
unit_basin,Jo->Ya,2,B_830305_66,多摩川 / basin 66,4,0,4,0,1,low_n_descriptive_only
unit_basin,Jo->Ya,2,B_830305_67,多摩川 / basin 67,3,0,3,0,1,low_n_descriptive_only
unit_basin,Jo->Ya,2,B_830305_68,多摩川 / basin 68,8,0,8,0,1,low_n_descriptive_only
unit_basin,Jo->Ya,2,B_830305_69,多摩川 / basin 69,5,0,5,0,1,low_n_descriptive_only
unit_basin,Jo->Ya,2,B_830305_70,多摩川 / basin 70,7,0,7,0,1,low_n_descriptive_only
unit_basin,Jo->Ya,2,B_830305_71,多摩川 / basin 71,1,1,0,1,0,low_n_descriptive_only
unit_basin,Jo->Ya,2,B_830305_72,多摩川 / basin 72,10,0,10,0,1,low_n_descriptive_only
unit_basin,Jo->Ya,2,B_830305_73,多摩川 / basin 73,5,0,5,0,1,low_n_descriptive_only
unit_basin,Jo->Ya,2,B_830305_74,多摩川 / basin 74,2,0,2,0,1,low_n_descriptive_only
unit_basin,Jo->Ya,2,B_830305_75,多摩川 / basin 75,14,1,13,0.07142857142857142,0.9285714285714286,low_n_descriptive_only
unit_basin,Jo->Ya,2,B_830305_76,多摩川 / basin 76,3,0,3,0,1,low_n_descriptive_only
unit_basin,Jo->Ya,2,B_830305_77,多摩川 / basin 77,2,0,2,0,1,low_n_descriptive_only
unit_basin,Jo->Ya,2,B_830305_78,多摩川 / basin 78,4,0,4,0,1,low_n_descriptive_only
unit_basin,Jo->Ya,2,B_830305_79,多摩川 / basin 79,1,0,1,0,1,low_n_descriptive_only
unit_basin,Jo->Ya,2,B_830305_8,多摩川 / basin 8,19,6,13,0.3157894736842105,0.6842105263157895,low_n_descriptive_only
unit_basin,Jo->Ya,2,B_830305_80,多摩川 / basin 80,2,0,2,0,1,low_n_descriptive_only
unit_basin,Jo->Ya,2,B_830305_81,多摩川 / basin 81,8,0,8,0,1,low_n_descriptive_only
unit_basin,Jo->Ya,2,B_830305_82,多摩川 / basin 82,1,0,1,0,1,low_n_descriptive_only
unit_basin,Jo->Ya,2,B_830305_83,多摩川 / basin 83,1,0,1,0,1,low_n_descriptive_only
unit_basin,Jo->Ya,2,B_830305_84,多摩川 / basin 84,2,0,2,0,1,low_n_descriptive_only
unit_basin,Jo->Ya,2,B_830305_87,多摩川 / basin 87,3,0,3,0,1,low_n_descriptive_only
unit_basin,Jo->Ya,2,B_830305_88,多摩川 / basin 88,3,0,3,0,1,low_n_descriptive_only
unit_basin,Jo->Ya,2,B_830305_89,多摩川 / basin 89,2,0,2,0,1,low_n_descriptive_only
unit_basin,Jo->Ya,2,B_830305_9,多摩川 / basin 9,1,0,1,0,1,low_n_descriptive_only
unit_basin,Jo->Ya,2,B_830305_90,多摩川 / basin 90,15,0,15,0,1,low_n_descriptive_only
unit_basin,Jo->Ya,2,B_830305_91,多摩川 / basin 91,9,0,9,0,1,low_n_descriptive_only
unit_basin,Jo->Ya,2,B_830305_92,多摩川 / basin 92,4,0,4,0,1,low_n_descriptive_only
unit_basin,Jo->Ya,2,B_830305_98,多摩川 / basin 98,13,0,13,0,1,low_n_descriptive_only
unit_basin,Jo->Ya,2,B_830306_16,鶴見川 / basin 16,134,16,118,0.11940298507462686,0.8805970149253731,eligible
unit_basin,Jo->Ya,2,B_830306_17,鶴見川 / basin 17,9,2,7,0.2222222222222222,0.7777777777777778,low_n_descriptive_only
unit_basin,Jo->Ya,2,B_830306_19,鶴見川 / basin 19,23,1,22,0.043478260869565216,0.9565217391304348,eligible
unit_basin,Jo->Ya,2,B_830306_20,鶴見川 / basin 20,314,44,270,0.14012738853503184,0.8598726114649682,eligible
unit_basin,Jo->Ya,2,B_830306_21,鶴見川 / basin 21,59,7,52,0.11864406779661017,0.8813559322033898,eligible
unit_basin,Jo->Ya,2,B_unknown_0,古川・目黒川・立会川・呑川 / basin 0,230,40,190,0.17391304347826086,0.8260869565217391,eligible
unit_basin,Ko->Na,4,B_130000_1,名称不明 / basin 1,12,4,8,0.3333333333333333,0.6666666666666666,low_n_descriptive_only
unit_basin,Ko->Na,4,B_130000_4,名称不明 / basin 4,12,4,8,0.3333333333333333,0.6666666666666666,low_n_descriptive_only
unit_basin,Ko->Na,4,B_130000_5,名称不明 / basin 5,29,16,13,0.5517241379310345,0.4482758620689655,eligible
unit_basin,Ko->Na,4,B_130000_6,名称不明 / basin 6,8,3,5,0.375,0.625,low_n_descriptive_only
unit_basin,Ko->Na,4,B_140013_17,境川 / basin 17,66,53,13,0.803030303030303,0.19696969696969696,eligible
unit_basin,Ko->Na,4,B_140013_19,境川 / basin 19,2,2,0,1,0,low_n_descriptive_only
unit_basin,Ko->Na,4,B_830303_345,利根川 / basin 345,1,1,0,1,0,low_n_descriptive_only
unit_basin,Ko->Na,4,B_830303_347,利根川 / basin 347,6,4,2,0.6666666666666666,0.3333333333333333,low_n_descriptive_only
unit_basin,Ko->Na,4,B_830303_389,利根川 / basin 389,1,1,0,1,0,low_n_descriptive_only
unit_basin,Ko->Na,4,B_830303_390,利根川 / basin 390,1,0,1,0,1,low_n_descriptive_only
unit_basin,Ko->Na,4,B_830303_393,利根川 / basin 393,2,0,2,0,1,low_n_descriptive_only
unit_basin,Ko->Na,4,B_830303_427,利根川 / basin 427,7,4,3,0.5714285714285714,0.42857142857142855,low_n_descriptive_only
unit_basin,Ko->Na,4,B_830303_478,利根川 / basin 478,10,3,7,0.3,0.7,low_n_descriptive_only
unit_basin,Ko->Na,4,B_830303_517,利根川 / basin 517,8,4,4,0.5,0.5,low_n_descriptive_only
unit_basin,Ko->Na,4,B_830304_11,荒川 / basin 11,2,0,2,0,1,low_n_descriptive_only
unit_basin,Ko->Na,4,B_830304_120,荒川 / basin 120,21,18,3,0.8571428571428571,0.14285714285714285,eligible
unit_basin,Ko->Na,4,B_830304_15,荒川 / basin 15,3,2,1,0.6666666666666666,0.3333333333333333,low_n_descriptive_only
unit_basin,Ko->Na,4,B_830304_16,荒川 / basin 16,8,5,3,0.625,0.375,low_n_descriptive_only
unit_basin,Ko->Na,4,B_830304_25,荒川 / basin 25,18,12,6,0.6666666666666666,0.3333333333333333,low_n_descriptive_only
unit_basin,Ko->Na,4,B_830304_26,荒川 / basin 26,19,4,15,0.21052631578947367,0.7894736842105263,low_n_descriptive_only
unit_basin,Ko->Na,4,B_830304_27,荒川 / basin 27,15,9,6,0.6,0.4,low_n_descriptive_only
unit_basin,Ko->Na,4,B_830304_36,荒川 / basin 36,1,1,0,1,0,low_n_descriptive_only
unit_basin,Ko->Na,4,B_830304_37,荒川 / basin 37,7,2,5,0.2857142857142857,0.7142857142857143,low_n_descriptive_only
unit_basin,Ko->Na,4,B_830304_38,荒川 / basin 38,5,2,3,0.4,0.6,low_n_descriptive_only
unit_basin,Ko->Na,4,B_830304_39,荒川 / basin 39,5,3,2,0.6,0.4,low_n_descriptive_only
unit_basin,Ko->Na,4,B_830304_40,荒川 / basin 40,3,0,3,0,1,low_n_descriptive_only
unit_basin,Ko->Na,4,B_830304_42,荒川 / basin 42,15,5,10,0.3333333333333333,0.6666666666666666,low_n_descriptive_only
unit_basin,Ko->Na,4,B_830304_44,荒川 / basin 44,1,0,1,0,1,low_n_descriptive_only
unit_basin,Ko->Na,4,B_830304_47,荒川 / basin 47,11,4,7,0.36363636363636365,0.6363636363636364,low_n_descriptive_only
unit_basin,Ko->Na,4,B_830304_51,荒川 / basin 51,2,2,0,1,0,low_n_descriptive_only
unit_basin,Ko->Na,4,B_830304_52,荒川 / basin 52,22,13,9,0.5909090909090909,0.4090909090909091,eligible
unit_basin,Ko->Na,4,B_830304_53,荒川 / basin 53,6,4,2,0.6666666666666666,0.3333333333333333,low_n_descriptive_only
unit_basin,Ko->Na,4,B_830304_54,荒川 / basin 54,16,2,14,0.125,0.875,low_n_descriptive_only
unit_basin,Ko->Na,4,B_830304_55,荒川 / basin 55,23,6,17,0.2608695652173913,0.7391304347826086,eligible
unit_basin,Ko->Na,4,B_830304_56,荒川 / basin 56,12,5,7,0.4166666666666667,0.5833333333333334,low_n_descriptive_only
unit_basin,Ko->Na,4,B_830304_57,荒川 / basin 57,23,5,18,0.21739130434782608,0.782608695652174,eligible
unit_basin,Ko->Na,4,B_830304_61,荒川 / basin 61,11,4,7,0.36363636363636365,0.6363636363636364,low_n_descriptive_only
unit_basin,Ko->Na,4,B_830304_67,荒川 / basin 67,3,0,3,0,1,low_n_descriptive_only
unit_basin,Ko->Na,4,B_830304_68,荒川 / basin 68,5,5,0,1,0,low_n_descriptive_only
unit_basin,Ko->Na,4,B_830304_69,荒川 / basin 69,10,3,7,0.3,0.7,low_n_descriptive_only
unit_basin,Ko->Na,4,B_830304_70,荒川 / basin 70,19,3,16,0.15789473684210525,0.8421052631578947,low_n_descriptive_only
unit_basin,Ko->Na,4,B_830304_79,荒川 / basin 79,2,2,0,1,0,low_n_descriptive_only
unit_basin,Ko->Na,4,B_830304_83,荒川 / basin 83,10,7,3,0.7,0.3,low_n_descriptive_only
unit_basin,Ko->Na,4,B_830304_86,荒川 / basin 86,32,22,10,0.6875,0.3125,eligible
unit_basin,Ko->Na,4,B_830304_87,荒川 / basin 87,1,0,1,0,1,low_n_descriptive_only
unit_basin,Ko->Na,4,B_830304_88,荒川 / basin 88,9,1,8,0.1111111111111111,0.8888888888888888,low_n_descriptive_only
unit_basin,Ko->Na,4,B_830305_10,多摩川 / basin 10,58,18,40,0.3103448275862069,0.6896551724137931,eligible
unit_basin,Ko->Na,4,B_830305_12,多摩川 / basin 12,59,16,43,0.2711864406779661,0.7288135593220338,eligible
unit_basin,Ko->Na,4,B_830305_13,多摩川 / basin 13,30,9,21,0.3,0.7,eligible
unit_basin,Ko->Na,4,B_830305_14,多摩川 / basin 14,26,9,17,0.34615384615384615,0.6538461538461539,eligible
unit_basin,Ko->Na,4,B_830305_16,多摩川 / basin 16,6,1,5,0.16666666666666666,0.8333333333333334,low_n_descriptive_only
unit_basin,Ko->Na,4,B_830305_17,多摩川 / basin 17,19,14,5,0.7368421052631579,0.2631578947368421,low_n_descriptive_only
unit_basin,Ko->Na,4,B_830305_18,多摩川 / basin 18,31,23,8,0.7419354838709677,0.25806451612903225,eligible
unit_basin,Ko->Na,4,B_830305_19,多摩川 / basin 19,98,3,95,0.030612244897959183,0.9693877551020408,eligible
unit_basin,Ko->Na,4,B_830305_2,多摩川 / basin 2,48,19,29,0.3958333333333333,0.6041666666666666,eligible
unit_basin,Ko->Na,4,B_830305_20,多摩川 / basin 20,13,1,12,0.07692307692307693,0.9230769230769231,low_n_descriptive_only
unit_basin,Ko->Na,4,B_830305_22,多摩川 / basin 22,11,8,3,0.7272727272727273,0.2727272727272727,low_n_descriptive_only
unit_basin,Ko->Na,4,B_830305_23,多摩川 / basin 23,53,26,27,0.49056603773584906,0.5094339622641509,eligible
unit_basin,Ko->Na,4,B_830305_24,多摩川 / basin 24,2,1,1,0.5,0.5,low_n_descriptive_only
unit_basin,Ko->Na,4,B_830305_25,多摩川 / basin 25,20,2,18,0.1,0.9,eligible
unit_basin,Ko->Na,4,B_830305_26,多摩川 / basin 26,2,0,2,0,1,low_n_descriptive_only
unit_basin,Ko->Na,4,B_830305_27,多摩川 / basin 27,11,5,6,0.45454545454545453,0.5454545454545454,low_n_descriptive_only
unit_basin,Ko->Na,4,B_830305_28,多摩川 / basin 28,22,16,6,0.7272727272727273,0.2727272727272727,eligible
unit_basin,Ko->Na,4,B_830305_29,多摩川 / basin 29,1,1,0,1,0,low_n_descriptive_only
unit_basin,Ko->Na,4,B_830305_3,多摩川 / basin 3,38,8,30,0.21052631578947367,0.7894736842105263,eligible
unit_basin,Ko->Na,4,B_830305_30,多摩川 / basin 30,29,20,9,0.6896551724137931,0.3103448275862069,eligible
unit_basin,Ko->Na,4,B_830305_31,多摩川 / basin 31,1,0,1,0,1,low_n_descriptive_only
unit_basin,Ko->Na,4,B_830305_33,多摩川 / basin 33,10,3,7,0.3,0.7,low_n_descriptive_only
unit_basin,Ko->Na,4,B_830305_34,多摩川 / basin 34,8,1,7,0.125,0.875,low_n_descriptive_only
unit_basin,Ko->Na,4,B_830305_35,多摩川 / basin 35,36,15,21,0.4166666666666667,0.5833333333333334,eligible
unit_basin,Ko->Na,4,B_830305_36,多摩川 / basin 36,13,4,9,0.3076923076923077,0.6923076923076923,low_n_descriptive_only
unit_basin,Ko->Na,4,B_830305_37,多摩川 / basin 37,3,1,2,0.3333333333333333,0.6666666666666666,low_n_descriptive_only
unit_basin,Ko->Na,4,B_830305_38,多摩川 / basin 38,4,3,1,0.75,0.25,low_n_descriptive_only
unit_basin,Ko->Na,4,B_830305_40,多摩川 / basin 40,27,13,14,0.48148148148148145,0.5185185185185185,eligible
unit_basin,Ko->Na,4,B_830305_41,多摩川 / basin 41,9,2,7,0.2222222222222222,0.7777777777777778,low_n_descriptive_only
unit_basin,Ko->Na,4,B_830305_42,多摩川 / basin 42,4,1,3,0.25,0.75,low_n_descriptive_only
unit_basin,Ko->Na,4,B_830305_43,多摩川 / basin 43,22,5,17,0.22727272727272727,0.7727272727272727,eligible
unit_basin,Ko->Na,4,B_830305_44,多摩川 / basin 44,8,2,6,0.25,0.75,low_n_descriptive_only
unit_basin,Ko->Na,4,B_830305_47,多摩川 / basin 47,1,0,1,0,1,low_n_descriptive_only
unit_basin,Ko->Na,4,B_830305_48,多摩川 / basin 48,5,2,3,0.4,0.6,low_n_descriptive_only
unit_basin,Ko->Na,4,B_830305_49,多摩川 / basin 49,5,1,4,0.2,0.8,low_n_descriptive_only
unit_basin,Ko->Na,4,B_830305_5,多摩川 / basin 5,14,0,14,0,1,low_n_descriptive_only
unit_basin,Ko->Na,4,B_830305_50,多摩川 / basin 50,16,2,14,0.125,0.875,low_n_descriptive_only
unit_basin,Ko->Na,4,B_830305_51,多摩川 / basin 51,4,1,3,0.25,0.75,low_n_descriptive_only
unit_basin,Ko->Na,4,B_830305_52,多摩川 / basin 52,9,2,7,0.2222222222222222,0.7777777777777778,low_n_descriptive_only
unit_basin,Ko->Na,4,B_830305_55,多摩川 / basin 55,4,0,4,0,1,low_n_descriptive_only
unit_basin,Ko->Na,4,B_830305_56,多摩川 / basin 56,54,3,51,0.05555555555555555,0.9444444444444444,eligible
unit_basin,Ko->Na,4,B_830305_60,多摩川 / basin 60,1,0,1,0,1,low_n_descriptive_only
unit_basin,Ko->Na,4,B_830305_62,多摩川 / basin 62,3,0,3,0,1,low_n_descriptive_only
unit_basin,Ko->Na,4,B_830305_66,多摩川 / basin 66,1,0,1,0,1,low_n_descriptive_only
unit_basin,Ko->Na,4,B_830305_71,多摩川 / basin 71,1,0,1,0,1,low_n_descriptive_only
unit_basin,Ko->Na,4,B_830305_72,多摩川 / basin 72,1,1,0,1,0,low_n_descriptive_only
unit_basin,Ko->Na,4,B_830305_73,多摩川 / basin 73,3,2,1,0.6666666666666666,0.3333333333333333,low_n_descriptive_only
unit_basin,Ko->Na,4,B_830305_75,多摩川 / basin 75,3,1,2,0.3333333333333333,0.6666666666666666,low_n_descriptive_only
unit_basin,Ko->Na,4,B_830305_8,多摩川 / basin 8,38,8,30,0.21052631578947367,0.7894736842105263,eligible
unit_basin,Ko->Na,4,B_830305_88,多摩川 / basin 88,1,0,1,0,1,low_n_descriptive_only
unit_basin,Ko->Na,4,B_830305_9,多摩川 / basin 9,1,1,0,1,0,low_n_descriptive_only
unit_basin,Ko->Na,4,B_830306_16,鶴見川 / basin 16,31,25,6,0.8064516129032258,0.1935483870967742,eligible
unit_basin,Ko->Na,4,B_830306_17,鶴見川 / basin 17,4,2,2,0.5,0.5,low_n_descriptive_only
unit_basin,Ko->Na,4,B_830306_19,鶴見川 / basin 19,6,1,5,0.16666666666666666,0.8333333333333334,low_n_descriptive_only
unit_basin,Ko->Na,4,B_830306_20,鶴見川 / basin 20,49,38,11,0.7755102040816326,0.22448979591836735,eligible
unit_basin,Ko->Na,4,B_830306_21,鶴見川 / basin 21,17,7,10,0.4117647058823529,0.5882352941176471,low_n_descriptive_only
unit_basin,Ko->Na,4,B_unknown_0,古川・目黒川・立会川・呑川 / basin 0,138,54,84,0.391304347826087,0.6086956521739131,eligible
unit_basin,Na->He,5,B_120000_6,名称不明 / basin 6,1,1,0,1,0,low_n_descriptive_only
unit_basin,Na->He,5,B_130000_1,名称不明 / basin 1,4,4,0,1,0,low_n_descriptive_only
unit_basin,Na->He,5,B_130000_4,名称不明 / basin 4,6,4,2,0.6666666666666666,0.3333333333333333,low_n_descriptive_only
unit_basin,Na->He,5,B_130000_5,名称不明 / basin 5,30,30,0,1,0,eligible
unit_basin,Na->He,5,B_130000_6,名称不明 / basin 6,4,3,1,0.75,0.25,low_n_descriptive_only
unit_basin,Na->He,5,B_140013_17,境川 / basin 17,166,162,4,0.9759036144578314,0.024096385542168676,eligible
unit_basin,Na->He,5,B_140013_19,境川 / basin 19,10,9,1,0.9,0.1,low_n_descriptive_only
unit_basin,Na->He,5,B_830303_345,利根川 / basin 345,1,1,0,1,0,low_n_descriptive_only
unit_basin,Na->He,5,B_830303_347,利根川 / basin 347,6,6,0,1,0,low_n_descriptive_only
unit_basin,Na->He,5,B_830303_389,利根川 / basin 389,1,1,0,1,0,low_n_descriptive_only
unit_basin,Na->He,5,B_830303_393,利根川 / basin 393,3,2,1,0.6666666666666666,0.3333333333333333,low_n_descriptive_only
unit_basin,Na->He,5,B_830303_427,利根川 / basin 427,4,4,0,1,0,low_n_descriptive_only
unit_basin,Na->He,5,B_830303_478,利根川 / basin 478,3,3,0,1,0,low_n_descriptive_only
unit_basin,Na->He,5,B_830303_517,利根川 / basin 517,5,4,1,0.8,0.2,low_n_descriptive_only
unit_basin,Na->He,5,B_830304_120,荒川 / basin 120,28,28,0,1,0,eligible
unit_basin,Na->He,5,B_830304_15,荒川 / basin 15,5,5,0,1,0,low_n_descriptive_only
unit_basin,Na->He,5,B_830304_16,荒川 / basin 16,7,6,1,0.8571428571428571,0.14285714285714285,low_n_descriptive_only
unit_basin,Na->He,5,B_830304_161,荒川 / basin 161,1,1,0,1,0,low_n_descriptive_only
unit_basin,Na->He,5,B_830304_194,荒川 / basin 194,3,3,0,1,0,low_n_descriptive_only
unit_basin,Na->He,5,B_830304_25,荒川 / basin 25,21,20,1,0.9523809523809523,0.047619047619047616,eligible
unit_basin,Na->He,5,B_830304_26,荒川 / basin 26,6,4,2,0.6666666666666666,0.3333333333333333,low_n_descriptive_only
unit_basin,Na->He,5,B_830304_27,荒川 / basin 27,11,8,3,0.7272727272727273,0.2727272727272727,low_n_descriptive_only
unit_basin,Na->He,5,B_830304_36,荒川 / basin 36,1,1,0,1,0,low_n_descriptive_only
unit_basin,Na->He,5,B_830304_37,荒川 / basin 37,2,1,1,0.5,0.5,low_n_descriptive_only
unit_basin,Na->He,5,B_830304_38,荒川 / basin 38,3,3,0,1,0,low_n_descriptive_only
unit_basin,Na->He,5,B_830304_39,荒川 / basin 39,5,4,1,0.8,0.2,low_n_descriptive_only
unit_basin,Na->He,5,B_830304_40,荒川 / basin 40,1,1,0,1,0,low_n_descriptive_only
unit_basin,Na->He,5,B_830304_42,荒川 / basin 42,6,5,1,0.8333333333333334,0.16666666666666666,low_n_descriptive_only
unit_basin,Na->He,5,B_830304_47,荒川 / basin 47,8,8,0,1,0,low_n_descriptive_only
unit_basin,Na->He,5,B_830304_51,荒川 / basin 51,4,4,0,1,0,low_n_descriptive_only
unit_basin,Na->He,5,B_830304_52,荒川 / basin 52,18,10,8,0.5555555555555556,0.4444444444444444,low_n_descriptive_only
unit_basin,Na->He,5,B_830304_53,荒川 / basin 53,4,2,2,0.5,0.5,low_n_descriptive_only
unit_basin,Na->He,5,B_830304_54,荒川 / basin 54,8,6,2,0.75,0.25,low_n_descriptive_only
unit_basin,Na->He,5,B_830304_55,荒川 / basin 55,6,6,0,1,0,low_n_descriptive_only
unit_basin,Na->He,5,B_830304_56,荒川 / basin 56,6,6,0,1,0,low_n_descriptive_only
unit_basin,Na->He,5,B_830304_57,荒川 / basin 57,9,3,6,0.3333333333333333,0.6666666666666666,low_n_descriptive_only
unit_basin,Na->He,5,B_830304_61,荒川 / basin 61,7,5,2,0.7142857142857143,0.2857142857142857,low_n_descriptive_only
unit_basin,Na->He,5,B_830304_67,荒川 / basin 67,1,1,0,1,0,low_n_descriptive_only
unit_basin,Na->He,5,B_830304_68,荒川 / basin 68,12,10,2,0.8333333333333334,0.16666666666666666,low_n_descriptive_only
unit_basin,Na->He,5,B_830304_69,荒川 / basin 69,5,2,3,0.4,0.6,low_n_descriptive_only
unit_basin,Na->He,5,B_830304_70,荒川 / basin 70,6,6,0,1,0,low_n_descriptive_only
unit_basin,Na->He,5,B_830304_79,荒川 / basin 79,2,2,0,1,0,low_n_descriptive_only
unit_basin,Na->He,5,B_830304_83,荒川 / basin 83,8,7,1,0.875,0.125,low_n_descriptive_only
unit_basin,Na->He,5,B_830304_86,荒川 / basin 86,34,27,7,0.7941176470588235,0.20588235294117646,eligible
unit_basin,Na->He,5,B_830304_87,荒川 / basin 87,1,0,1,0,1,low_n_descriptive_only
unit_basin,Na->He,5,B_830304_88,荒川 / basin 88,1,1,0,1,0,low_n_descriptive_only
unit_basin,Na->He,5,B_830305_1,多摩川 / basin 1,3,3,0,1,0,low_n_descriptive_only
unit_basin,Na->He,5,B_830305_10,多摩川 / basin 10,23,18,5,0.782608695652174,0.21739130434782608,eligible
unit_basin,Na->He,5,B_830305_12,多摩川 / basin 12,21,18,3,0.8571428571428571,0.14285714285714285,eligible
unit_basin,Na->He,5,B_830305_13,多摩川 / basin 13,9,7,2,0.7777777777777778,0.2222222222222222,low_n_descriptive_only
unit_basin,Na->He,5,B_830305_14,多摩川 / basin 14,16,13,3,0.8125,0.1875,low_n_descriptive_only
unit_basin,Na->He,5,B_830305_16,多摩川 / basin 16,4,3,1,0.75,0.25,low_n_descriptive_only
unit_basin,Na->He,5,B_830305_17,多摩川 / basin 17,49,41,8,0.8367346938775511,0.16326530612244897,eligible
unit_basin,Na->He,5,B_830305_18,多摩川 / basin 18,60,43,17,0.7166666666666667,0.2833333333333333,eligible
unit_basin,Na->He,5,B_830305_19,多摩川 / basin 19,17,13,4,0.7647058823529411,0.23529411764705882,low_n_descriptive_only
unit_basin,Na->He,5,B_830305_2,多摩川 / basin 2,25,5,20,0.2,0.8,eligible
unit_basin,Na->He,5,B_830305_20,多摩川 / basin 20,7,6,1,0.8571428571428571,0.14285714285714285,low_n_descriptive_only
unit_basin,Na->He,5,B_830305_21,多摩川 / basin 21,1,1,0,1,0,low_n_descriptive_only
unit_basin,Na->He,5,B_830305_22,多摩川 / basin 22,95,89,6,0.9368421052631579,0.06315789473684211,eligible
unit_basin,Na->He,5,B_830305_23,多摩川 / basin 23,93,90,3,0.967741935483871,0.03225806451612903,eligible
unit_basin,Na->He,5,B_830305_24,多摩川 / basin 24,1,1,0,1,0,low_n_descriptive_only
unit_basin,Na->He,5,B_830305_25,多摩川 / basin 25,10,10,0,1,0,low_n_descriptive_only
unit_basin,Na->He,5,B_830305_26,多摩川 / basin 26,3,3,0,1,0,low_n_descriptive_only
unit_basin,Na->He,5,B_830305_27,多摩川 / basin 27,8,5,3,0.625,0.375,low_n_descriptive_only
unit_basin,Na->He,5,B_830305_28,多摩川 / basin 28,121,121,0,1,0,eligible
unit_basin,Na->He,5,B_830305_29,多摩川 / basin 29,1,1,0,1,0,low_n_descriptive_only
unit_basin,Na->He,5,B_830305_3,多摩川 / basin 3,8,0,8,0,1,low_n_descriptive_only
unit_basin,Na->He,5,B_830305_30,多摩川 / basin 30,92,90,2,0.9782608695652174,0.021739130434782608,eligible
unit_basin,Na->He,5,B_830305_31,多摩川 / basin 31,1,1,0,1,0,low_n_descriptive_only
unit_basin,Na->He,5,B_830305_32,多摩川 / basin 32,2,2,0,1,0,low_n_descriptive_only
unit_basin,Na->He,5,B_830305_33,多摩川 / basin 33,15,12,3,0.8,0.2,low_n_descriptive_only
unit_basin,Na->He,5,B_830305_34,多摩川 / basin 34,3,1,2,0.3333333333333333,0.6666666666666666,low_n_descriptive_only
unit_basin,Na->He,5,B_830305_35,多摩川 / basin 35,26,22,4,0.8461538461538461,0.15384615384615385,eligible
unit_basin,Na->He,5,B_830305_36,多摩川 / basin 36,7,7,0,1,0,low_n_descriptive_only
unit_basin,Na->He,5,B_830305_37,多摩川 / basin 37,2,2,0,1,0,low_n_descriptive_only
unit_basin,Na->He,5,B_830305_38,多摩川 / basin 38,3,3,0,1,0,low_n_descriptive_only
unit_basin,Na->He,5,B_830305_40,多摩川 / basin 40,21,21,0,1,0,eligible
unit_basin,Na->He,5,B_830305_41,多摩川 / basin 41,3,3,0,1,0,low_n_descriptive_only
unit_basin,Na->He,5,B_830305_42,多摩川 / basin 42,2,1,1,0.5,0.5,low_n_descriptive_only
unit_basin,Na->He,5,B_830305_43,多摩川 / basin 43,8,7,1,0.875,0.125,low_n_descriptive_only
unit_basin,Na->He,5,B_830305_44,多摩川 / basin 44,3,3,0,1,0,low_n_descriptive_only
unit_basin,Na->He,5,B_830305_46,多摩川 / basin 46,22,22,0,1,0,eligible
unit_basin,Na->He,5,B_830305_48,多摩川 / basin 48,3,3,0,1,0,low_n_descriptive_only
unit_basin,Na->He,5,B_830305_49,多摩川 / basin 49,2,0,2,0,1,low_n_descriptive_only
unit_basin,Na->He,5,B_830305_50,多摩川 / basin 50,2,2,0,1,0,low_n_descriptive_only
unit_basin,Na->He,5,B_830305_51,多摩川 / basin 51,2,1,1,0.5,0.5,low_n_descriptive_only
unit_basin,Na->He,5,B_830305_52,多摩川 / basin 52,3,2,1,0.6666666666666666,0.3333333333333333,low_n_descriptive_only
unit_basin,Na->He,5,B_830305_56,多摩川 / basin 56,3,3,0,1,0,low_n_descriptive_only
unit_basin,Na->He,5,B_830305_57,多摩川 / basin 57,1,1,0,1,0,low_n_descriptive_only
unit_basin,Na->He,5,B_830305_62,多摩川 / basin 62,1,0,1,0,1,low_n_descriptive_only
unit_basin,Na->He,5,B_830305_70,多摩川 / basin 70,1,1,0,1,0,low_n_descriptive_only
unit_basin,Na->He,5,B_830305_72,多摩川 / basin 72,2,2,0,1,0,low_n_descriptive_only
unit_basin,Na->He,5,B_830305_73,多摩川 / basin 73,2,2,0,1,0,low_n_descriptive_only
unit_basin,Na->He,5,B_830305_75,多摩川 / basin 75,2,2,0,1,0,low_n_descriptive_only
unit_basin,Na->He,5,B_830305_8,多摩川 / basin 8,10,6,4,0.6,0.4,low_n_descriptive_only
unit_basin,Na->He,5,B_830305_9,多摩川 / basin 9,1,1,0,1,0,low_n_descriptive_only
unit_basin,Na->He,5,B_830306_16,鶴見川 / basin 16,79,77,2,0.9746835443037974,0.02531645569620253,eligible
unit_basin,Na->He,5,B_830306_17,鶴見川 / basin 17,8,8,0,1,0,low_n_descriptive_only
unit_basin,Na->He,5,B_830306_19,鶴見川 / basin 19,7,5,2,0.7142857142857143,0.2857142857142857,low_n_descriptive_only
unit_basin,Na->He,5,B_830306_20,鶴見川 / basin 20,196,189,7,0.9642857142857143,0.03571428571428571,eligible
unit_basin,Na->He,5,B_830306_21,鶴見川 / basin 21,37,35,2,0.9459459459459459,0.05405405405405406,eligible
unit_basin,Na->He,5,B_unknown_0,古川・目黒川・立会川・呑川 / basin 0,74,27,47,0.36486486486486486,0.6351351351351351,eligible
unit_basin,Pa->Jo,1,B_130000_1,名称不明 / basin 1,2,2,0,1,0,low_n_descriptive_only
unit_basin,Pa->Jo,1,B_130000_2,名称不明 / basin 2,2,1,1,0.5,0.5,low_n_descriptive_only
unit_basin,Pa->Jo,1,B_130000_3,名称不明 / basin 3,2,2,0,1,0,low_n_descriptive_only
unit_basin,Pa->Jo,1,B_130000_4,名称不明 / basin 4,8,8,0,1,0,low_n_descriptive_only
unit_basin,Pa->Jo,1,B_130000_5,名称不明 / basin 5,7,7,0,1,0,low_n_descriptive_only
unit_basin,Pa->Jo,1,B_130000_6,名称不明 / basin 6,1,1,0,1,0,low_n_descriptive_only
unit_basin,Pa->Jo,1,B_140013_17,境川 / basin 17,21,20,1,0.9523809523809523,0.047619047619047616,eligible
unit_basin,Pa->Jo,1,B_140013_19,境川 / basin 19,3,3,0,1,0,low_n_descriptive_only
unit_basin,Pa->Jo,1,B_830304_120,荒川 / basin 120,6,6,0,1,0,low_n_descriptive_only
unit_basin,Pa->Jo,1,B_830304_15,荒川 / basin 15,1,1,0,1,0,low_n_descriptive_only
unit_basin,Pa->Jo,1,B_830304_16,荒川 / basin 16,1,1,0,1,0,low_n_descriptive_only
unit_basin,Pa->Jo,1,B_830304_161,荒川 / basin 161,1,1,0,1,0,low_n_descriptive_only
unit_basin,Pa->Jo,1,B_830304_25,荒川 / basin 25,1,1,0,1,0,low_n_descriptive_only
unit_basin,Pa->Jo,1,B_830304_26,荒川 / basin 26,11,10,1,0.9090909090909091,0.09090909090909091,low_n_descriptive_only
unit_basin,Pa->Jo,1,B_830304_27,荒川 / basin 27,4,4,0,1,0,low_n_descriptive_only
unit_basin,Pa->Jo,1,B_830304_37,荒川 / basin 37,3,3,0,1,0,low_n_descriptive_only
unit_basin,Pa->Jo,1,B_830304_38,荒川 / basin 38,1,1,0,1,0,low_n_descriptive_only
unit_basin,Pa->Jo,1,B_830304_39,荒川 / basin 39,6,6,0,1,0,low_n_descriptive_only
unit_basin,Pa->Jo,1,B_830304_40,荒川 / basin 40,4,4,0,1,0,low_n_descriptive_only
unit_basin,Pa->Jo,1,B_830304_42,荒川 / basin 42,4,4,0,1,0,low_n_descriptive_only
unit_basin,Pa->Jo,1,B_830304_47,荒川 / basin 47,38,35,3,0.9210526315789473,0.07894736842105263,eligible
unit_basin,Pa->Jo,1,B_830304_51,荒川 / basin 51,2,2,0,1,0,low_n_descriptive_only
unit_basin,Pa->Jo,1,B_830304_52,荒川 / basin 52,23,19,4,0.8260869565217391,0.17391304347826086,eligible
unit_basin,Pa->Jo,1,B_830304_53,荒川 / basin 53,6,5,1,0.8333333333333334,0.16666666666666666,low_n_descriptive_only
unit_basin,Pa->Jo,1,B_830304_54,荒川 / basin 54,11,9,2,0.8181818181818182,0.18181818181818182,low_n_descriptive_only
unit_basin,Pa->Jo,1,B_830304_55,荒川 / basin 55,4,3,1,0.75,0.25,low_n_descriptive_only
unit_basin,Pa->Jo,1,B_830304_56,荒川 / basin 56,3,3,0,1,0,low_n_descriptive_only
unit_basin,Pa->Jo,1,B_830304_57,荒川 / basin 57,15,12,3,0.8,0.2,low_n_descriptive_only
unit_basin,Pa->Jo,1,B_830304_61,荒川 / basin 61,19,19,0,1,0,low_n_descriptive_only
unit_basin,Pa->Jo,1,B_830304_67,荒川 / basin 67,29,23,6,0.7931034482758621,0.20689655172413793,eligible
unit_basin,Pa->Jo,1,B_830304_68,荒川 / basin 68,8,7,1,0.875,0.125,low_n_descriptive_only
unit_basin,Pa->Jo,1,B_830304_69,荒川 / basin 69,1,0,1,0,1,low_n_descriptive_only
unit_basin,Pa->Jo,1,B_830304_70,荒川 / basin 70,20,20,0,1,0,eligible
unit_basin,Pa->Jo,1,B_830304_77,荒川 / basin 77,1,1,0,1,0,low_n_descriptive_only
unit_basin,Pa->Jo,1,B_830304_79,荒川 / basin 79,2,2,0,1,0,low_n_descriptive_only
unit_basin,Pa->Jo,1,B_830304_80,荒川 / basin 80,20,19,1,0.95,0.05,eligible
unit_basin,Pa->Jo,1,B_830304_82,荒川 / basin 82,2,2,0,1,0,low_n_descriptive_only
unit_basin,Pa->Jo,1,B_830304_83,荒川 / basin 83,5,5,0,1,0,low_n_descriptive_only
unit_basin,Pa->Jo,1,B_830304_86,荒川 / basin 86,15,15,0,1,0,low_n_descriptive_only
unit_basin,Pa->Jo,1,B_830304_87,荒川 / basin 87,3,3,0,1,0,low_n_descriptive_only
unit_basin,Pa->Jo,1,B_830304_88,荒川 / basin 88,8,5,3,0.625,0.375,low_n_descriptive_only
unit_basin,Pa->Jo,1,B_830304_98,荒川 / basin 98,1,1,0,1,0,low_n_descriptive_only
unit_basin,Pa->Jo,1,B_830305_10,多摩川 / basin 10,10,8,2,0.8,0.2,low_n_descriptive_only
unit_basin,Pa->Jo,1,B_830305_12,多摩川 / basin 12,4,4,0,1,0,low_n_descriptive_only
unit_basin,Pa->Jo,1,B_830305_13,多摩川 / basin 13,2,2,0,1,0,low_n_descriptive_only
unit_basin,Pa->Jo,1,B_830305_14,多摩川 / basin 14,14,13,1,0.9285714285714286,0.07142857142857142,low_n_descriptive_only
unit_basin,Pa->Jo,1,B_830305_16,多摩川 / basin 16,8,8,0,1,0,low_n_descriptive_only
unit_basin,Pa->Jo,1,B_830305_17,多摩川 / basin 17,14,13,1,0.9285714285714286,0.07142857142857142,low_n_descriptive_only
unit_basin,Pa->Jo,1,B_830305_18,多摩川 / basin 18,59,55,4,0.9322033898305084,0.06779661016949153,eligible
unit_basin,Pa->Jo,1,B_830305_19,多摩川 / basin 19,6,6,0,1,0,low_n_descriptive_only
unit_basin,Pa->Jo,1,B_830305_2,多摩川 / basin 2,1,1,0,1,0,low_n_descriptive_only
unit_basin,Pa->Jo,1,B_830305_20,多摩川 / basin 20,5,4,1,0.8,0.2,low_n_descriptive_only
unit_basin,Pa->Jo,1,B_830305_22,多摩川 / basin 22,27,26,1,0.9629629629629629,0.037037037037037035,eligible
unit_basin,Pa->Jo,1,B_830305_23,多摩川 / basin 23,23,23,0,1,0,eligible
unit_basin,Pa->Jo,1,B_830305_25,多摩川 / basin 25,6,6,0,1,0,low_n_descriptive_only
unit_basin,Pa->Jo,1,B_830305_26,多摩川 / basin 26,2,1,1,0.5,0.5,low_n_descriptive_only
unit_basin,Pa->Jo,1,B_830305_27,多摩川 / basin 27,4,2,2,0.5,0.5,low_n_descriptive_only
unit_basin,Pa->Jo,1,B_830305_28,多摩川 / basin 28,22,22,0,1,0,eligible
unit_basin,Pa->Jo,1,B_830305_3,多摩川 / basin 3,3,3,0,1,0,low_n_descriptive_only
unit_basin,Pa->Jo,1,B_830305_30,多摩川 / basin 30,30,30,0,1,0,eligible
unit_basin,Pa->Jo,1,B_830305_33,多摩川 / basin 33,2,2,0,1,0,low_n_descriptive_only
unit_basin,Pa->Jo,1,B_830305_34,多摩川 / basin 34,10,5,5,0.5,0.5,low_n_descriptive_only
unit_basin,Pa->Jo,1,B_830305_35,多摩川 / basin 35,9,8,1,0.8888888888888888,0.1111111111111111,low_n_descriptive_only
unit_basin,Pa->Jo,1,B_830305_36,多摩川 / basin 36,5,5,0,1,0,low_n_descriptive_only
unit_basin,Pa->Jo,1,B_830305_40,多摩川 / basin 40,13,13,0,1,0,low_n_descriptive_only
unit_basin,Pa->Jo,1,B_830305_43,多摩川 / basin 43,2,2,0,1,0,low_n_descriptive_only
unit_basin,Pa->Jo,1,B_830305_46,多摩川 / basin 46,1,1,0,1,0,low_n_descriptive_only
unit_basin,Pa->Jo,1,B_830305_5,多摩川 / basin 5,2,2,0,1,0,low_n_descriptive_only
unit_basin,Pa->Jo,1,B_830305_50,多摩川 / basin 50,1,1,0,1,0,low_n_descriptive_only
unit_basin,Pa->Jo,1,B_830305_56,多摩川 / basin 56,1,1,0,1,0,low_n_descriptive_only
unit_basin,Pa->Jo,1,B_830305_72,多摩川 / basin 72,1,1,0,1,0,low_n_descriptive_only
unit_basin,Pa->Jo,1,B_830305_8,多摩川 / basin 8,9,9,0,1,0,low_n_descriptive_only
unit_basin,Pa->Jo,1,B_830305_91,多摩川 / basin 91,1,1,0,1,0,low_n_descriptive_only
unit_basin,Pa->Jo,1,B_830306_16,鶴見川 / basin 16,8,6,2,0.75,0.25,low_n_descriptive_only
unit_basin,Pa->Jo,1,B_830306_19,鶴見川 / basin 19,2,2,0,1,0,low_n_descriptive_only
unit_basin,Pa->Jo,1,B_830306_20,鶴見川 / basin 20,15,13,2,0.8666666666666667,0.13333333333333333,low_n_descriptive_only
unit_basin,Pa->Jo,1,B_830306_21,鶴見川 / basin 21,8,6,2,0.75,0.25,low_n_descriptive_only
unit_basin,Pa->Jo,1,B_unknown_0,古川・目黒川・立会川・呑川 / basin 0,39,33,6,0.8461538461538461,0.15384615384615385,eligible
unit_basin,Ya->Ko,3,B_130000_1,名称不明 / basin 1,14,9,5,0.6428571428571429,0.35714285714285715,low_n_descriptive_only
unit_basin,Ya->Ko,3,B_130000_2,名称不明 / basin 2,2,0,2,0,1,low_n_descriptive_only
unit_basin,Ya->Ko,3,B_130000_3,名称不明 / basin 3,1,0,1,0,1,low_n_descriptive_only
unit_basin,Ya->Ko,3,B_130000_4,名称不明 / basin 4,13,6,7,0.46153846153846156,0.5384615384615384,low_n_descriptive_only
unit_basin,Ya->Ko,3,B_130000_5,名称不明 / basin 5,25,12,13,0.48,0.52,eligible
unit_basin,Ya->Ko,3,B_140013_17,境川 / basin 17,24,14,10,0.5833333333333334,0.4166666666666667,eligible
unit_basin,Ya->Ko,3,B_140013_19,境川 / basin 19,2,0,2,0,1,low_n_descriptive_only
unit_basin,Ya->Ko,3,B_830303_345,利根川 / basin 345,1,1,0,1,0,low_n_descriptive_only
unit_basin,Ya->Ko,3,B_830303_347,利根川 / basin 347,2,2,0,1,0,low_n_descriptive_only
unit_basin,Ya->Ko,3,B_830303_388,利根川 / basin 388,1,0,1,0,1,low_n_descriptive_only
unit_basin,Ya->Ko,3,B_830303_389,利根川 / basin 389,1,1,0,1,0,low_n_descriptive_only
unit_basin,Ya->Ko,3,B_830303_393,利根川 / basin 393,2,0,2,0,1,low_n_descriptive_only
unit_basin,Ya->Ko,3,B_830303_478,利根川 / basin 478,1,1,0,1,0,low_n_descriptive_only
unit_basin,Ya->Ko,3,B_830304_11,荒川 / basin 11,1,1,0,1,0,low_n_descriptive_only
unit_basin,Ya->Ko,3,B_830304_120,荒川 / basin 120,7,7,0,1,0,low_n_descriptive_only
unit_basin,Ya->Ko,3,B_830304_15,荒川 / basin 15,4,2,2,0.5,0.5,low_n_descriptive_only
unit_basin,Ya->Ko,3,B_830304_16,荒川 / basin 16,6,3,3,0.5,0.5,low_n_descriptive_only
unit_basin,Ya->Ko,3,B_830304_18,荒川 / basin 18,1,0,1,0,1,low_n_descriptive_only
unit_basin,Ya->Ko,3,B_830304_25,荒川 / basin 25,5,2,3,0.4,0.6,low_n_descriptive_only
unit_basin,Ya->Ko,3,B_830304_26,荒川 / basin 26,15,8,7,0.5333333333333333,0.4666666666666667,low_n_descriptive_only
unit_basin,Ya->Ko,3,B_830304_27,荒川 / basin 27,11,7,4,0.6363636363636364,0.36363636363636365,low_n_descriptive_only
unit_basin,Ya->Ko,3,B_830304_36,荒川 / basin 36,1,1,0,1,0,low_n_descriptive_only
unit_basin,Ya->Ko,3,B_830304_37,荒川 / basin 37,7,3,4,0.42857142857142855,0.5714285714285714,low_n_descriptive_only
unit_basin,Ya->Ko,3,B_830304_38,荒川 / basin 38,9,3,6,0.3333333333333333,0.6666666666666666,low_n_descriptive_only
unit_basin,Ya->Ko,3,B_830304_39,荒川 / basin 39,4,3,1,0.75,0.25,low_n_descriptive_only
unit_basin,Ya->Ko,3,B_830304_40,荒川 / basin 40,2,0,2,0,1,low_n_descriptive_only
unit_basin,Ya->Ko,3,B_830304_42,荒川 / basin 42,15,13,2,0.8666666666666667,0.13333333333333333,low_n_descriptive_only
unit_basin,Ya->Ko,3,B_830304_44,荒川 / basin 44,1,1,0,1,0,low_n_descriptive_only
unit_basin,Ya->Ko,3,B_830304_47,荒川 / basin 47,17,8,9,0.47058823529411764,0.5294117647058824,low_n_descriptive_only
unit_basin,Ya->Ko,3,B_830304_51,荒川 / basin 51,4,2,2,0.5,0.5,low_n_descriptive_only
unit_basin,Ya->Ko,3,B_830304_52,荒川 / basin 52,22,12,10,0.5454545454545454,0.45454545454545453,eligible
unit_basin,Ya->Ko,3,B_830304_53,荒川 / basin 53,6,5,1,0.8333333333333334,0.16666666666666666,low_n_descriptive_only
unit_basin,Ya->Ko,3,B_830304_54,荒川 / basin 54,9,3,6,0.3333333333333333,0.6666666666666666,low_n_descriptive_only
unit_basin,Ya->Ko,3,B_830304_55,荒川 / basin 55,20,19,1,0.95,0.05,eligible
unit_basin,Ya->Ko,3,B_830304_56,荒川 / basin 56,12,10,2,0.8333333333333334,0.16666666666666666,low_n_descriptive_only
unit_basin,Ya->Ko,3,B_830304_57,荒川 / basin 57,13,8,5,0.6153846153846154,0.38461538461538464,low_n_descriptive_only
unit_basin,Ya->Ko,3,B_830304_61,荒川 / basin 61,19,10,9,0.5263157894736842,0.47368421052631576,low_n_descriptive_only
unit_basin,Ya->Ko,3,B_830304_63,荒川 / basin 63,1,0,1,0,1,low_n_descriptive_only
unit_basin,Ya->Ko,3,B_830304_67,荒川 / basin 67,2,0,2,0,1,low_n_descriptive_only
unit_basin,Ya->Ko,3,B_830304_68,荒川 / basin 68,2,1,1,0.5,0.5,low_n_descriptive_only
unit_basin,Ya->Ko,3,B_830304_69,荒川 / basin 69,10,4,6,0.4,0.6,low_n_descriptive_only
unit_basin,Ya->Ko,3,B_830304_70,荒川 / basin 70,7,3,4,0.42857142857142855,0.5714285714285714,low_n_descriptive_only
unit_basin,Ya->Ko,3,B_830304_79,荒川 / basin 79,1,1,0,1,0,low_n_descriptive_only
unit_basin,Ya->Ko,3,B_830304_80,荒川 / basin 80,2,0,2,0,1,low_n_descriptive_only
unit_basin,Ya->Ko,3,B_830304_83,荒川 / basin 83,2,2,0,1,0,low_n_descriptive_only
unit_basin,Ya->Ko,3,B_830304_86,荒川 / basin 86,11,10,1,0.9090909090909091,0.09090909090909091,low_n_descriptive_only
unit_basin,Ya->Ko,3,B_830304_87,荒川 / basin 87,1,1,0,1,0,low_n_descriptive_only
unit_basin,Ya->Ko,3,B_830304_88,荒川 / basin 88,2,2,0,1,0,low_n_descriptive_only
unit_basin,Ya->Ko,3,B_830305_10,多摩川 / basin 10,9,9,0,1,0,low_n_descriptive_only
unit_basin,Ya->Ko,3,B_830305_12,多摩川 / basin 12,7,7,0,1,0,low_n_descriptive_only
unit_basin,Ya->Ko,3,B_830305_13,多摩川 / basin 13,3,3,0,1,0,low_n_descriptive_only
unit_basin,Ya->Ko,3,B_830305_14,多摩川 / basin 14,6,6,0,1,0,low_n_descriptive_only
unit_basin,Ya->Ko,3,B_830305_16,多摩川 / basin 16,1,1,0,1,0,low_n_descriptive_only
unit_basin,Ya->Ko,3,B_830305_17,多摩川 / basin 17,7,3,4,0.42857142857142855,0.5714285714285714,low_n_descriptive_only
unit_basin,Ya->Ko,3,B_830305_18,多摩川 / basin 18,10,5,5,0.5,0.5,low_n_descriptive_only
unit_basin,Ya->Ko,3,B_830305_2,多摩川 / basin 2,9,2,7,0.2222222222222222,0.7777777777777778,low_n_descriptive_only
unit_basin,Ya->Ko,3,B_830305_20,多摩川 / basin 20,1,1,0,1,0,low_n_descriptive_only
unit_basin,Ya->Ko,3,B_830305_22,多摩川 / basin 22,7,4,3,0.5714285714285714,0.42857142857142855,low_n_descriptive_only
unit_basin,Ya->Ko,3,B_830305_23,多摩川 / basin 23,10,5,5,0.5,0.5,low_n_descriptive_only
unit_basin,Ya->Ko,3,B_830305_25,多摩川 / basin 25,1,1,0,1,0,low_n_descriptive_only
unit_basin,Ya->Ko,3,B_830305_27,多摩川 / basin 27,2,2,0,1,0,low_n_descriptive_only
unit_basin,Ya->Ko,3,B_830305_28,多摩川 / basin 28,8,4,4,0.5,0.5,low_n_descriptive_only
unit_basin,Ya->Ko,3,B_830305_3,多摩川 / basin 3,2,2,0,1,0,low_n_descriptive_only
unit_basin,Ya->Ko,3,B_830305_30,多摩川 / basin 30,18,4,14,0.2222222222222222,0.7777777777777778,low_n_descriptive_only
unit_basin,Ya->Ko,3,B_830305_32,多摩川 / basin 32,1,0,1,0,1,low_n_descriptive_only
unit_basin,Ya->Ko,3,B_830305_33,多摩川 / basin 33,1,1,0,1,0,low_n_descriptive_only
unit_basin,Ya->Ko,3,B_830305_34,多摩川 / basin 34,3,2,1,0.6666666666666666,0.3333333333333333,low_n_descriptive_only
unit_basin,Ya->Ko,3,B_830305_35,多摩川 / basin 35,12,8,4,0.6666666666666666,0.3333333333333333,low_n_descriptive_only
unit_basin,Ya->Ko,3,B_830305_36,多摩川 / basin 36,4,4,0,1,0,low_n_descriptive_only
unit_basin,Ya->Ko,3,B_830305_37,多摩川 / basin 37,4,1,3,0.25,0.75,low_n_descriptive_only
unit_basin,Ya->Ko,3,B_830305_38,多摩川 / basin 38,1,1,0,1,0,low_n_descriptive_only
unit_basin,Ya->Ko,3,B_830305_40,多摩川 / basin 40,17,10,7,0.5882352941176471,0.4117647058823529,low_n_descriptive_only
unit_basin,Ya->Ko,3,B_830305_41,多摩川 / basin 41,4,4,0,1,0,low_n_descriptive_only
unit_basin,Ya->Ko,3,B_830305_43,多摩川 / basin 43,5,3,2,0.6,0.4,low_n_descriptive_only
unit_basin,Ya->Ko,3,B_830305_44,多摩川 / basin 44,1,1,0,1,0,low_n_descriptive_only
unit_basin,Ya->Ko,3,B_830305_46,多摩川 / basin 46,1,0,1,0,1,low_n_descriptive_only
unit_basin,Ya->Ko,3,B_830305_47,多摩川 / basin 47,1,1,0,1,0,low_n_descriptive_only
unit_basin,Ya->Ko,3,B_830305_48,多摩川 / basin 48,6,2,4,0.3333333333333333,0.6666666666666666,low_n_descriptive_only
unit_basin,Ya->Ko,3,B_830305_50,多摩川 / basin 50,1,1,0,1,0,low_n_descriptive_only
unit_basin,Ya->Ko,3,B_830305_56,多摩川 / basin 56,2,1,1,0.5,0.5,low_n_descriptive_only
unit_basin,Ya->Ko,3,B_830305_71,多摩川 / basin 71,1,1,0,1,0,low_n_descriptive_only
unit_basin,Ya->Ko,3,B_830305_75,多摩川 / basin 75,1,0,1,0,1,low_n_descriptive_only
unit_basin,Ya->Ko,3,B_830305_8,多摩川 / basin 8,6,6,0,1,0,low_n_descriptive_only
unit_basin,Ya->Ko,3,B_830306_16,鶴見川 / basin 16,17,10,7,0.5882352941176471,0.4117647058823529,low_n_descriptive_only
unit_basin,Ya->Ko,3,B_830306_17,鶴見川 / basin 17,2,2,0,1,0,low_n_descriptive_only
unit_basin,Ya->Ko,3,B_830306_19,鶴見川 / basin 19,1,1,0,1,0,low_n_descriptive_only
unit_basin,Ya->Ko,3,B_830306_20,鶴見川 / basin 20,48,17,31,0.3541666666666667,0.6458333333333334,eligible
unit_basin,Ya->Ko,3,B_830306_21,鶴見川 / basin 21,7,2,5,0.2857142857142857,0.7142857142857143,low_n_descriptive_only
unit_basin,Ya->Ko,3,B_unknown_0,古川・目黒川・立会川・呑川 / basin 0,58,19,39,0.3275862068965517,0.6724137931034483,eligible
watersystem,He->Me,6,WS_120000,120000 / 名称不明,1,0,1,0,1,low_n_descriptive_only
watersystem,He->Me,6,WS_130000,130000 / 名称不明,49,16,33,0.32653061224489793,0.673469387755102,eligible
watersystem,He->Me,6,WS_140013,140013 / 境川,197,38,159,0.19289340101522842,0.8071065989847716,eligible
watersystem,He->Me,6,WS_830303,830303 / 利根川,21,15,6,0.7142857142857143,0.2857142857142857,eligible
watersystem,He->Me,6,WS_830304,830304 / 荒川,353,101,252,0.28611898016997167,0.7138810198300283,eligible
watersystem,He->Me,6,WS_830305,830305 / 多摩川,1147,335,812,0.2920662598081953,0.7079337401918047,eligible
watersystem,He->Me,6,WS_830306,830306 / 鶴見川,364,56,308,0.15384615384615385,0.8461538461538461,eligible
watersystem,He->Me,6,WS_unknown,unknown / 古川・目黒川・立会川・呑川,42,10,32,0.23809523809523808,0.7619047619047619,eligible
watersystem,Jo->Ya,2,WS_120000,120000 / 名称不明,1,0,1,0,1,low_n_descriptive_only
watersystem,Jo->Ya,2,WS_130000,130000 / 名称不明,126,45,81,0.35714285714285715,0.6428571428571429,eligible
watersystem,Jo->Ya,2,WS_140013,140013 / 境川,205,24,181,0.11707317073170732,0.8829268292682927,eligible
watersystem,Jo->Ya,2,WS_830303,830303 / 利根川,4,2,2,0.5,0.5,low_n_descriptive_only
watersystem,Jo->Ya,2,WS_830304,830304 / 荒川,1002,212,790,0.21157684630738524,0.7884231536926147,eligible
watersystem,Jo->Ya,2,WS_830305,830305 / 多摩川,1739,156,1583,0.08970672800460035,0.9102932719953997,eligible
watersystem,Jo->Ya,2,WS_830306,830306 / 鶴見川,539,70,469,0.12987012987012986,0.8701298701298701,eligible
watersystem,Jo->Ya,2,WS_unknown,unknown / 古川・目黒川・立会川・呑川,230,40,190,0.17391304347826086,0.8260869565217391,eligible
watersystem,Ko->Na,4,WS_130000,130000 / 名称不明,61,27,34,0.4426229508196721,0.5573770491803278,eligible
watersystem,Ko->Na,4,WS_140013,140013 / 境川,68,55,13,0.8088235294117647,0.19117647058823528,eligible
watersystem,Ko->Na,4,WS_830303,830303 / 利根川,36,17,19,0.4722222222222222,0.5277777777777778,eligible
watersystem,Ko->Na,4,WS_830304,830304 / 荒川,340,151,189,0.4441176470588235,0.5558823529411765,eligible
watersystem,Ko->Na,4,WS_830305,830305 / 多摩川,887,274,613,0.3089064261555806,0.6910935738444194,eligible
watersystem,Ko->Na,4,WS_830306,830306 / 鶴見川,107,73,34,0.6822429906542056,0.3177570093457944,eligible
watersystem,Ko->Na,4,WS_unknown,unknown / 古川・目黒川・立会川・呑川,138,54,84,0.391304347826087,0.6086956521739131,eligible
watersystem,Na->He,5,WS_120000,120000 / 名称不明,1,1,0,1,0,low_n_descriptive_only
watersystem,Na->He,5,WS_130000,130000 / 名称不明,44,41,3,0.9318181818181818,0.06818181818181818,eligible
watersystem,Na->He,5,WS_140013,140013 / 境川,176,171,5,0.9715909090909091,0.028409090909090908,eligible
watersystem,Na->He,5,WS_830303,830303 / 利根川,23,21,2,0.9130434782608695,0.08695652173913043,eligible
watersystem,Na->He,5,WS_830304,830304 / 荒川,240,196,44,0.8166666666666667,0.18333333333333332,eligible
watersystem,Na->He,5,WS_830305,830305 / 多摩川,820,714,106,0.8707317073170732,0.12926829268292683,eligible
watersystem,Na->He,5,WS_830306,830306 / 鶴見川,327,314,13,0.9602446483180428,0.039755351681957186,eligible
watersystem,Na->He,5,WS_unknown,unknown / 古川・目黒川・立会川・呑川,74,27,47,0.36486486486486486,0.6351351351351351,eligible
watersystem,Pa->Jo,1,WS_130000,130000 / 名称不明,22,21,1,0.9545454545454546,0.045454545454545456,eligible
watersystem,Pa->Jo,1,WS_140013,140013 / 境川,24,23,1,0.9583333333333334,0.041666666666666664,eligible
watersystem,Pa->Jo,1,WS_830304,830304 / 荒川,279,252,27,0.9032258064516129,0.0967741935483871,eligible
watersystem,Pa->Jo,1,WS_830305,830305 / 多摩川,297,278,19,0.936026936026936,0.06397306397306397,eligible
watersystem,Pa->Jo,1,WS_830306,830306 / 鶴見川,33,27,6,0.8181818181818182,0.18181818181818182,eligible
watersystem,Pa->Jo,1,WS_unknown,unknown / 古川・目黒川・立会川・呑川,39,33,6,0.8461538461538461,0.15384615384615385,eligible
watersystem,Ya->Ko,3,WS_130000,130000 / 名称不明,55,27,28,0.4909090909090909,0.509090909090909,eligible
watersystem,Ya->Ko,3,WS_140013,140013 / 境川,26,14,12,0.5384615384615384,0.46153846153846156,eligible
watersystem,Ya->Ko,3,WS_830303,830303 / 利根川,8,5,3,0.625,0.375,low_n_descriptive_only
watersystem,Ya->Ko,3,WS_830304,830304 / 荒川,252,155,97,0.6150793650793651,0.38492063492063494,eligible
watersystem,Ya->Ko,3,WS_830305,830305 / 多摩川,173,106,67,0.6127167630057804,0.3872832369942196,eligible
watersystem,Ya->Ko,3,WS_830306,830306 / 鶴見川,75,32,43,0.4266666666666667,0.5733333333333334,eligible
watersystem,Ya->Ko,3,WS_unknown,unknown / 古川・目黒川・立会川・呑川,58,19,39,0.3275862068965517,0.6724137931034483,eligible
watersystem_x_unit_basin_x_landform,He->Me,6,B_120000_6_LF_CLASS::台地・段丘,名称不明 / basin 6 / 台地・段丘,1,0,1,0,1,low_n_descriptive_only
watersystem_x_unit_basin_x_landform,He->Me,6,B_130000_1_LF_CLASS::台地・段丘,名称不明 / basin 1 / 台地・段丘,4,1,3,0.25,0.75,low_n_descriptive_only
watersystem_x_unit_basin_x_landform,He->Me,6,B_130000_2_LF_CLASS::山地斜面等,名称不明 / basin 2 / 山地斜面等,1,0,1,0,1,low_n_descriptive_only
watersystem_x_unit_basin_x_landform,He->Me,6,B_130000_4_LF_CLASS::台地・段丘,名称不明 / basin 4 / 台地・段丘,6,3,3,0.5,0.5,low_n_descriptive_only
watersystem_x_unit_basin_x_landform,He->Me,6,B_130000_4_LF_CLASS::後背低地・湿地,名称不明 / basin 4 / 後背低地・湿地,2,1,1,0.5,0.5,low_n_descriptive_only
watersystem_x_unit_basin_x_landform,He->Me,6,B_130000_5_LF_CLASS::台地・段丘,名称不明 / basin 5 / 台地・段丘,26,7,19,0.2692307692307692,0.7307692307692307,eligible
watersystem_x_unit_basin_x_landform,He->Me,6,B_130000_5_LF_CLASS::山地斜面等,名称不明 / basin 5 / 山地斜面等,1,0,1,0,1,low_n_descriptive_only
watersystem_x_unit_basin_x_landform,He->Me,6,B_130000_5_LF_CLASS::崖・段丘崖,名称不明 / basin 5 / 崖・段丘崖,1,1,0,1,0,low_n_descriptive_only
watersystem_x_unit_basin_x_landform,He->Me,6,B_130000_5_LF_CLASS::後背低地・湿地,名称不明 / basin 5 / 後背低地・湿地,3,2,1,0.6666666666666666,0.3333333333333333,low_n_descriptive_only
watersystem_x_unit_basin_x_landform,He->Me,6,B_130000_5_LF_CLASS::水部,名称不明 / basin 5 / 水部,1,0,1,0,1,low_n_descriptive_only
watersystem_x_unit_basin_x_landform,He->Me,6,B_130000_5_LF_CLASS::氾濫平野・海岸平野,名称不明 / basin 5 / 氾濫平野・海岸平野,1,1,0,1,0,low_n_descriptive_only
watersystem_x_unit_basin_x_landform,He->Me,6,B_130000_6_LF_CLASS::台地・段丘,名称不明 / basin 6 / 台地・段丘,1,0,1,0,1,low_n_descriptive_only
watersystem_x_unit_basin_x_landform,He->Me,6,B_130000_6_LF_CLASS::山地斜面等,名称不明 / basin 6 / 山地斜面等,1,0,1,0,1,low_n_descriptive_only
watersystem_x_unit_basin_x_landform,He->Me,6,B_130000_6_LF_CLASS::氾濫平野・海岸平野,名称不明 / basin 6 / 氾濫平野・海岸平野,1,0,1,0,1,low_n_descriptive_only
watersystem_x_unit_basin_x_landform,He->Me,6,B_140013_17_LF_CLASS::台地・段丘,境川 / basin 17 / 台地・段丘,32,7,25,0.21875,0.78125,eligible
watersystem_x_unit_basin_x_landform,He->Me,6,B_140013_17_LF_CLASS::山地斜面等,境川 / basin 17 / 山地斜面等,118,24,94,0.2033898305084746,0.7966101694915254,eligible
watersystem_x_unit_basin_x_landform,He->Me,6,B_140013_17_LF_CLASS::山麓堆積地形,境川 / basin 17 / 山麓堆積地形,1,0,1,0,1,low_n_descriptive_only
watersystem_x_unit_basin_x_landform,He->Me,6,B_140013_17_LF_CLASS::氾濫平野・海岸平野,境川 / basin 17 / 氾濫平野・海岸平野,31,4,27,0.12903225806451613,0.8709677419354839,eligible
watersystem_x_unit_basin_x_landform,He->Me,6,B_140013_19_LF_CLASS::台地・段丘,境川 / basin 19 / 台地・段丘,1,0,1,0,1,low_n_descriptive_only
watersystem_x_unit_basin_x_landform,He->Me,6,B_140013_19_LF_CLASS::山地斜面等,境川 / basin 19 / 山地斜面等,10,1,9,0.1,0.9,low_n_descriptive_only
watersystem_x_unit_basin_x_landform,He->Me,6,B_140013_19_LF_CLASS::氾濫平野・海岸平野,境川 / basin 19 / 氾濫平野・海岸平野,3,1,2,0.3333333333333333,0.6666666666666666,low_n_descriptive_only
watersystem_x_unit_basin_x_landform,He->Me,6,B_830303_345_LF_CLASS::自然堤防,利根川 / basin 345 / 自然堤防,1,1,0,1,0,low_n_descriptive_only
watersystem_x_unit_basin_x_landform,He->Me,6,B_830303_347_LF_CLASS::自然堤防,利根川 / basin 347 / 自然堤防,5,5,0,1,0,low_n_descriptive_only
watersystem_x_unit_basin_x_landform,He->Me,6,B_830303_389_LF_CLASS::自然堤防,利根川 / basin 389 / 自然堤防,1,0,1,0,1,low_n_descriptive_only
watersystem_x_unit_basin_x_landform,He->Me,6,B_830303_393_LF_CLASS::氾濫平野・海岸平野,利根川 / basin 393 / 氾濫平野・海岸平野,1,1,0,1,0,low_n_descriptive_only
watersystem_x_unit_basin_x_landform,He->Me,6,B_830303_393_LF_CLASS::自然堤防,利根川 / basin 393 / 自然堤防,1,0,1,0,1,low_n_descriptive_only
watersystem_x_unit_basin_x_landform,He->Me,6,B_830303_427_LF_CLASS::氾濫平野・海岸平野,利根川 / basin 427 / 氾濫平野・海岸平野,2,2,0,1,0,low_n_descriptive_only
watersystem_x_unit_basin_x_landform,He->Me,6,B_830303_427_LF_CLASS::自然堤防,利根川 / basin 427 / 自然堤防,2,2,0,1,0,low_n_descriptive_only
watersystem_x_unit_basin_x_landform,He->Me,6,B_830303_478_LF_CLASS::氾濫平野・海岸平野,利根川 / basin 478 / 氾濫平野・海岸平野,1,0,1,0,1,low_n_descriptive_only
watersystem_x_unit_basin_x_landform,He->Me,6,B_830303_478_LF_CLASS::自然堤防,利根川 / basin 478 / 自然堤防,2,0,2,0,1,low_n_descriptive_only
watersystem_x_unit_basin_x_landform,He->Me,6,B_830303_517_LF_CLASS::旧河道,利根川 / basin 517 / 旧河道,2,1,1,0.5,0.5,low_n_descriptive_only
watersystem_x_unit_basin_x_landform,He->Me,6,B_830303_517_LF_CLASS::氾濫平野・海岸平野,利根川 / basin 517 / 氾濫平野・海岸平野,1,1,0,1,0,low_n_descriptive_only
watersystem_x_unit_basin_x_landform,He->Me,6,B_830303_517_LF_CLASS::自然堤防,利根川 / basin 517 / 自然堤防,1,1,0,1,0,low_n_descriptive_only
watersystem_x_unit_basin_x_landform,He->Me,6,B_830304_120_LF_CLASS::台地・段丘,荒川 / basin 120 / 台地・段丘,18,4,14,0.2222222222222222,0.7777777777777778,low_n_descriptive_only
watersystem_x_unit_basin_x_landform,He->Me,6,B_830304_120_LF_CLASS::山地斜面等,荒川 / basin 120 / 山地斜面等,7,2,5,0.2857142857142857,0.7142857142857143,low_n_descriptive_only
watersystem_x_unit_basin_x_landform,He->Me,6,B_830304_120_LF_CLASS::氾濫平野・海岸平野,荒川 / basin 120 / 氾濫平野・海岸平野,6,1,5,0.16666666666666666,0.8333333333333334,low_n_descriptive_only
watersystem_x_unit_basin_x_landform,He->Me,6,B_830304_15_LF_CLASS::台地・段丘,荒川 / basin 15 / 台地・段丘,2,1,1,0.5,0.5,low_n_descriptive_only
watersystem_x_unit_basin_x_landform,He->Me,6,B_830304_15_LF_CLASS::氾濫平野・海岸平野,荒川 / basin 15 / 氾濫平野・海岸平野,1,0,1,0,1,low_n_descriptive_only
watersystem_x_unit_basin_x_landform,He->Me,6,B_830304_15_LF_CLASS::砂州・砂丘,荒川 / basin 15 / 砂州・砂丘,1,1,0,1,0,low_n_descriptive_only
watersystem_x_unit_basin_x_landform,He->Me,6,B_830304_15_LF_CLASS::自然堤防,荒川 / basin 15 / 自然堤防,1,1,0,1,0,low_n_descriptive_only
watersystem_x_unit_basin_x_landform,He->Me,6,B_830304_161_LF_CLASS::台地・段丘,荒川 / basin 161 / 台地・段丘,2,1,1,0.5,0.5,low_n_descriptive_only
watersystem_x_unit_basin_x_landform,He->Me,6,B_830304_16_LF_CLASS::凹地・浅い谷,荒川 / basin 16 / 凹地・浅い谷,1,1,0,1,0,low_n_descriptive_only
watersystem_x_unit_basin_x_landform,He->Me,6,B_830304_16_LF_CLASS::台地・段丘,荒川 / basin 16 / 台地・段丘,2,1,1,0.5,0.5,low_n_descriptive_only
watersystem_x_unit_basin_x_landform,He->Me,6,B_830304_16_LF_CLASS::氾濫平野・海岸平野,荒川 / basin 16 / 氾濫平野・海岸平野,2,1,1,0.5,0.5,low_n_descriptive_only
watersystem_x_unit_basin_x_landform,He->Me,6,B_830304_16_LF_CLASS::自然堤防,荒川 / basin 16 / 自然堤防,2,0,2,0,1,low_n_descriptive_only
watersystem_x_unit_basin_x_landform,He->Me,6,B_830304_25_LF_CLASS::台地・段丘,荒川 / basin 25 / 台地・段丘,5,2,3,0.4,0.6,low_n_descriptive_only
watersystem_x_unit_basin_x_landform,He->Me,6,B_830304_25_LF_CLASS::氾濫平野・海岸平野,荒川 / basin 25 / 氾濫平野・海岸平野,4,3,1,0.75,0.25,low_n_descriptive_only
watersystem_x_unit_basin_x_landform,He->Me,6,B_830304_25_LF_CLASS::砂州・砂丘,荒川 / basin 25 / 砂州・砂丘,11,6,5,0.5454545454545454,0.45454545454545453,low_n_descriptive_only
watersystem_x_unit_basin_x_landform,He->Me,6,B_830304_26_LF_CLASS::台地・段丘,荒川 / basin 26 / 台地・段丘,3,1,2,0.3333333333333333,0.6666666666666666,low_n_descriptive_only
watersystem_x_unit_basin_x_landform,He->Me,6,B_830304_26_LF_CLASS::山地斜面等,荒川 / basin 26 / 山地斜面等,1,0,1,0,1,low_n_descriptive_only
watersystem_x_unit_basin_x_landform,He->Me,6,B_830304_26_LF_CLASS::氾濫平野・海岸平野,荒川 / basin 26 / 氾濫平野・海岸平野,1,1,0,1,0,low_n_descriptive_only
watersystem_x_unit_basin_x_landform,He->Me,6,B_830304_27_LF_CLASS::台地・段丘,荒川 / basin 27 / 台地・段丘,8,3,5,0.375,0.625,low_n_descriptive_only
watersystem_x_unit_basin_x_landform,He->Me,6,B_830304_27_LF_CLASS::砂州・砂丘,荒川 / basin 27 / 砂州・砂丘,1,1,0,1,0,low_n_descriptive_only
watersystem_x_unit_basin_x_landform,He->Me,6,B_830304_27_LF_CLASS::自然堤防,荒川 / basin 27 / 自然堤防,1,1,0,1,0,low_n_descriptive_only
watersystem_x_unit_basin_x_landform,He->Me,6,B_830304_36_LF_CLASS::氾濫平野・海岸平野,荒川 / basin 36 / 氾濫平野・海岸平野,1,1,0,1,0,low_n_descriptive_only
watersystem_x_unit_basin_x_landform,He->Me,6,B_830304_37_LF_CLASS::山地斜面等,荒川 / basin 37 / 山地斜面等,1,0,1,0,1,low_n_descriptive_only
watersystem_x_unit_basin_x_landform,He->Me,6,B_830304_37_LF_CLASS::氾濫平野・海岸平野,荒川 / basin 37 / 氾濫平野・海岸平野,1,0,1,0,1,low_n_descriptive_only
watersystem_x_unit_basin_x_landform,He->Me,6,B_830304_38_LF_CLASS::台地・段丘,荒川 / basin 38 / 台地・段丘,2,0,2,0,1,low_n_descriptive_only
watersystem_x_unit_basin_x_landform,He->Me,6,B_830304_38_LF_CLASS::山地斜面等,荒川 / basin 38 / 山地斜面等,1,0,1,0,1,low_n_descriptive_only
watersystem_x_unit_basin_x_landform,He->Me,6,B_830304_38_LF_CLASS::後背低地・湿地,荒川 / basin 38 / 後背低地・湿地,1,0,1,0,1,low_n_descriptive_only
watersystem_x_unit_basin_x_landform,He->Me,6,B_830304_38_LF_CLASS::氾濫平野・海岸平野,荒川 / basin 38 / 氾濫平野・海岸平野,1,0,1,0,1,low_n_descriptive_only
watersystem_x_unit_basin_x_landform,He->Me,6,B_830304_39_LF_CLASS::台地・段丘,荒川 / basin 39 / 台地・段丘,4,0,4,0,1,low_n_descriptive_only
watersystem_x_unit_basin_x_landform,He->Me,6,B_830304_39_LF_CLASS::山地斜面等,荒川 / basin 39 / 山地斜面等,1,0,1,0,1,low_n_descriptive_only
watersystem_x_unit_basin_x_landform,He->Me,6,B_830304_39_LF_CLASS::水部,荒川 / basin 39 / 水部,1,1,0,1,0,low_n_descriptive_only
watersystem_x_unit_basin_x_landform,He->Me,6,B_830304_40_LF_CLASS::台地・段丘,荒川 / basin 40 / 台地・段丘,1,0,1,0,1,low_n_descriptive_only
watersystem_x_unit_basin_x_landform,He->Me,6,B_830304_42_LF_CLASS::台地・段丘,荒川 / basin 42 / 台地・段丘,5,0,5,0,1,low_n_descriptive_only
watersystem_x_unit_basin_x_landform,He->Me,6,B_830304_42_LF_CLASS::氾濫平野・海岸平野,荒川 / basin 42 / 氾濫平野・海岸平野,2,1,1,0.5,0.5,low_n_descriptive_only
watersystem_x_unit_basin_x_landform,He->Me,6,B_830304_44_LF_CLASS::氾濫平野・海岸平野,荒川 / basin 44 / 氾濫平野・海岸平野,1,1,0,1,0,low_n_descriptive_only
watersystem_x_unit_basin_x_landform,He->Me,6,B_830304_47_LF_CLASS::台地・段丘,荒川 / basin 47 / 台地・段丘,11,3,8,0.2727272727272727,0.7272727272727273,low_n_descriptive_only
watersystem_x_unit_basin_x_landform,He->Me,6,B_830304_47_LF_CLASS::山地斜面等,荒川 / basin 47 / 山地斜面等,3,1,2,0.3333333333333333,0.6666666666666666,low_n_descriptive_only
watersystem_x_unit_basin_x_landform,He->Me,6,B_830304_51_LF_CLASS::台地・段丘,荒川 / basin 51 / 台地・段丘,2,2,0,1,0,low_n_descriptive_only
watersystem_x_unit_basin_x_landform,He->Me,6,B_830304_51_LF_CLASS::山地斜面等,荒川 / basin 51 / 山地斜面等,2,1,1,0.5,0.5,low_n_descriptive_only
watersystem_x_unit_basin_x_landform,He->Me,6,B_830304_52_LF_CLASS::台地・段丘,荒川 / basin 52 / 台地・段丘,9,3,6,0.3333333333333333,0.6666666666666666,low_n_descriptive_only
watersystem_x_unit_basin_x_landform,He->Me,6,B_830304_52_LF_CLASS::山地斜面等,荒川 / basin 52 / 山地斜面等,4,2,2,0.5,0.5,low_n_descriptive_only
watersystem_x_unit_basin_x_landform,He->Me,6,B_830304_52_LF_CLASS::後背低地・湿地,荒川 / basin 52 / 後背低地・湿地,1,0,1,0,1,low_n_descriptive_only
watersystem_x_unit_basin_x_landform,He->Me,6,B_830304_52_LF_CLASS::氾濫平野・海岸平野,荒川 / basin 52 / 氾濫平野・海岸平野,1,1,0,1,0,low_n_descriptive_only
watersystem_x_unit_basin_x_landform,He->Me,6,B_830304_53_LF_CLASS::山地斜面等,荒川 / basin 53 / 山地斜面等,2,0,2,0,1,low_n_descriptive_only
watersystem_x_unit_basin_x_landform,He->Me,6,B_830304_54_LF_CLASS::台地・段丘,荒川 / basin 54 / 台地・段丘,4,0,4,0,1,low_n_descriptive_only
watersystem_x_unit_basin_x_landform,He->Me,6,B_830304_54_LF_CLASS::山地斜面等,荒川 / basin 54 / 山地斜面等,2,0,2,0,1,low_n_descriptive_only
watersystem_x_unit_basin_x_landform,He->Me,6,B_830304_55_LF_CLASS::台地・段丘,荒川 / basin 55 / 台地・段丘,7,2,5,0.2857142857142857,0.7142857142857143,low_n_descriptive_only
watersystem_x_unit_basin_x_landform,He->Me,6,B_830304_55_LF_CLASS::氾濫平野・海岸平野,荒川 / basin 55 / 氾濫平野・海岸平野,1,1,0,1,0,low_n_descriptive_only
watersystem_x_unit_basin_x_landform,He->Me,6,B_830304_56_LF_CLASS::台地・段丘,荒川 / basin 56 / 台地・段丘,8,5,3,0.625,0.375,low_n_descriptive_only
watersystem_x_unit_basin_x_landform,He->Me,6,B_830304_56_LF_CLASS::氾濫平野・海岸平野,荒川 / basin 56 / 氾濫平野・海岸平野,2,1,1,0.5,0.5,low_n_descriptive_only
watersystem_x_unit_basin_x_landform,He->Me,6,B_830304_57_LF_CLASS::台地・段丘,荒川 / basin 57 / 台地・段丘,1,0,1,0,1,low_n_descriptive_only
watersystem_x_unit_basin_x_landform,He->Me,6,B_830304_57_LF_CLASS::山地斜面等,荒川 / basin 57 / 山地斜面等,2,0,2,0,1,low_n_descriptive_only
watersystem_x_unit_basin_x_landform,He->Me,6,B_830304_57_LF_CLASS::氾濫平野・海岸平野,荒川 / basin 57 / 氾濫平野・海岸平野,2,1,1,0.5,0.5,low_n_descriptive_only
watersystem_x_unit_basin_x_landform,He->Me,6,B_830304_61_LF_CLASS::台地・段丘,荒川 / basin 61 / 台地・段丘,4,2,2,0.5,0.5,low_n_descriptive_only
watersystem_x_unit_basin_x_landform,He->Me,6,B_830304_61_LF_CLASS::山地斜面等,荒川 / basin 61 / 山地斜面等,3,2,1,0.6666666666666666,0.3333333333333333,low_n_descriptive_only
watersystem_x_unit_basin_x_landform,He->Me,6,B_830304_67_LF_CLASS::台地・段丘,荒川 / basin 67 / 台地・段丘,2,0,2,0,1,low_n_descriptive_only
watersystem_x_unit_basin_x_landform,He->Me,6,B_830304_67_LF_CLASS::山地斜面等,荒川 / basin 67 / 山地斜面等,1,0,1,0,1,low_n_descriptive_only
watersystem_x_unit_basin_x_landform,He->Me,6,B_830304_68_LF_CLASS::台地・段丘,荒川 / basin 68 / 台地・段丘,21,8,13,0.38095238095238093,0.6190476190476191,eligible
watersystem_x_unit_basin_x_landform,He->Me,6,B_830304_68_LF_CLASS::山地斜面等,荒川 / basin 68 / 山地斜面等,10,0,10,0,1,low_n_descriptive_only
watersystem_x_unit_basin_x_landform,He->Me,6,B_830304_68_LF_CLASS::氾濫平野・海岸平野,荒川 / basin 68 / 氾濫平野・海岸平野,1,0,1,0,1,low_n_descriptive_only
watersystem_x_unit_basin_x_landform,He->Me,6,B_830304_69_LF_CLASS::台地・段丘,荒川 / basin 69 / 台地・段丘,1,0,1,0,1,low_n_descriptive_only
watersystem_x_unit_basin_x_landform,He->Me,6,B_830304_69_LF_CLASS::山地斜面等,荒川 / basin 69 / 山地斜面等,2,0,2,0,1,low_n_descriptive_only
watersystem_x_unit_basin_x_landform,He->Me,6,B_830304_70_LF_CLASS::台地・段丘,荒川 / basin 70 / 台地・段丘,4,1,3,0.25,0.75,low_n_descriptive_only
watersystem_x_unit_basin_x_landform,He->Me,6,B_830304_70_LF_CLASS::山地斜面等,荒川 / basin 70 / 山地斜面等,3,0,3,0,1,low_n_descriptive_only
watersystem_x_unit_basin_x_landform,He->Me,6,B_830304_79_LF_CLASS::凹地・浅い谷,荒川 / basin 79 / 凹地・浅い谷,2,0,2,0,1,low_n_descriptive_only
watersystem_x_unit_basin_x_landform,He->Me,6,B_830304_79_LF_CLASS::台地・段丘,荒川 / basin 79 / 台地・段丘,6,1,5,0.16666666666666666,0.8333333333333334,low_n_descriptive_only
watersystem_x_unit_basin_x_landform,He->Me,6,B_830304_80_LF_CLASS::台地・段丘,荒川 / basin 80 / 台地・段丘,5,0,5,0,1,low_n_descriptive_only
watersystem_x_unit_basin_x_landform,He->Me,6,B_830304_80_LF_CLASS::山地斜面等,荒川 / basin 80 / 山地斜面等,1,0,1,0,1,low_n_descriptive_only
watersystem_x_unit_basin_x_landform,He->Me,6,B_830304_82_LF_CLASS::凹地・浅い谷,荒川 / basin 82 / 凹地・浅い谷,4,0,4,0,1,low_n_descriptive_only
watersystem_x_unit_basin_x_landform,He->Me,6,B_830304_82_LF_CLASS::台地・段丘,荒川 / basin 82 / 台地・段丘,22,1,21,0.045454545454545456,0.9545454545454546,eligible
watersystem_x_unit_basin_x_landform,He->Me,6,B_830304_82_LF_CLASS::山地斜面等,荒川 / basin 82 / 山地斜面等,6,0,6,0,1,low_n_descriptive_only
watersystem_x_unit_basin_x_landform,He->Me,6,B_830304_83_LF_CLASS::台地・段丘,荒川 / basin 83 / 台地・段丘,13,7,6,0.5384615384615384,0.46153846153846156,low_n_descriptive_only
watersystem_x_unit_basin_x_landform,He->Me,6,B_830304_83_LF_CLASS::山地斜面等,荒川 / basin 83 / 山地斜面等,2,0,2,0,1,low_n_descriptive_only
watersystem_x_unit_basin_x_landform,He->Me,6,B_830304_83_LF_CLASS::崖・段丘崖,荒川 / basin 83 / 崖・段丘崖,1,0,1,0,1,low_n_descriptive_only
watersystem_x_unit_basin_x_landform,He->Me,6,B_830304_86_LF_CLASS::台地・段丘,荒川 / basin 86 / 台地・段丘,13,8,5,0.6153846153846154,0.38461538461538464,low_n_descriptive_only
watersystem_x_unit_basin_x_landform,He->Me,6,B_830304_86_LF_CLASS::山地斜面等,荒川 / basin 86 / 山地斜面等,26,7,19,0.2692307692307692,0.7307692307692307,eligible
watersystem_x_unit_basin_x_landform,He->Me,6,B_830304_86_LF_CLASS::山麓堆積地形,荒川 / basin 86 / 山麓堆積地形,1,1,0,1,0,low_n_descriptive_only
watersystem_x_unit_basin_x_landform,He->Me,6,B_830304_86_LF_CLASS::水部,荒川 / basin 86 / 水部,12,0,12,0,1,low_n_descriptive_only
watersystem_x_unit_basin_x_landform,He->Me,6,B_830304_86_LF_CLASS::氾濫平野・海岸平野,荒川 / basin 86 / 氾濫平野・海岸平野,5,3,2,0.6,0.4,low_n_descriptive_only
watersystem_x_unit_basin_x_landform,He->Me,6,B_830304_87_LF_CLASS::山地斜面等,荒川 / basin 87 / 山地斜面等,4,1,3,0.25,0.75,low_n_descriptive_only
watersystem_x_unit_basin_x_landform,He->Me,6,B_830304_88_LF_CLASS::台地・段丘,荒川 / basin 88 / 台地・段丘,1,0,1,0,1,low_n_descriptive_only
watersystem_x_unit_basin_x_landform,He->Me,6,B_830304_88_LF_CLASS::山地斜面等,荒川 / basin 88 / 山地斜面等,6,0,6,0,1,low_n_descriptive_only
watersystem_x_unit_basin_x_landform,He->Me,6,B_830304_88_LF_CLASS::山麓堆積地形,荒川 / basin 88 / 山麓堆積地形,1,0,1,0,1,low_n_descriptive_only
watersystem_x_unit_basin_x_landform,He->Me,6,B_830305_10_LF_CLASS::台地・段丘,多摩川 / basin 10 / 台地・段丘,19,6,13,0.3157894736842105,0.6842105263157895,low_n_descriptive_only
watersystem_x_unit_basin_x_landform,He->Me,6,B_830305_12_LF_CLASS::凹地・浅い谷,多摩川 / basin 12 / 凹地・浅い谷,2,0,2,0,1,low_n_descriptive_only
watersystem_x_unit_basin_x_landform,He->Me,6,B_830305_12_LF_CLASS::台地・段丘,多摩川 / basin 12 / 台地・段丘,16,6,10,0.375,0.625,low_n_descriptive_only
watersystem_x_unit_basin_x_landform,He->Me,6,B_830305_12_LF_CLASS::旧河道,多摩川 / basin 12 / 旧河道,1,1,0,1,0,low_n_descriptive_only
watersystem_x_unit_basin_x_landform,He->Me,6,B_830305_12_LF_CLASS::自然堤防,多摩川 / basin 12 / 自然堤防,1,1,0,1,0,low_n_descriptive_only
watersystem_x_unit_basin_x_landform,He->Me,6,B_830305_13_LF_CLASS::台地・段丘,多摩川 / basin 13 / 台地・段丘,5,3,2,0.6,0.4,low_n_descriptive_only
watersystem_x_unit_basin_x_landform,He->Me,6,B_830305_13_LF_CLASS::氾濫平野・海岸平野,多摩川 / basin 13 / 氾濫平野・海岸平野,2,1,1,0.5,0.5,low_n_descriptive_only
watersystem_x_unit_basin_x_landform,He->Me,6,B_830305_14_LF_CLASS::凹地・浅い谷,多摩川 / basin 14 / 凹地・浅い谷,1,1,0,1,0,low_n_descriptive_only
watersystem_x_unit_basin_x_landform,He->Me,6,B_830305_14_LF_CLASS::台地・段丘,多摩川 / basin 14 / 台地・段丘,14,8,6,0.5714285714285714,0.42857142857142855,low_n_descriptive_only
watersystem_x_unit_basin_x_landform,He->Me,6,B_830305_14_LF_CLASS::山地斜面等,多摩川 / basin 14 / 山地斜面等,1,0,1,0,1,low_n_descriptive_only
watersystem_x_unit_basin_x_landform,He->Me,6,B_830305_16_LF_CLASS::台地・段丘,多摩川 / basin 16 / 台地・段丘,1,0,1,0,1,low_n_descriptive_only
watersystem_x_unit_basin_x_landform,He->Me,6,B_830305_16_LF_CLASS::山地斜面等,多摩川 / basin 16 / 山地斜面等,2,1,1,0.5,0.5,low_n_descriptive_only
watersystem_x_unit_basin_x_landform,He->Me,6,B_830305_17_LF_CLASS::台地・段丘,多摩川 / basin 17 / 台地・段丘,9,3,6,0.3333333333333333,0.6666666666666666,low_n_descriptive_only
watersystem_x_unit_basin_x_landform,He->Me,6,B_830305_17_LF_CLASS::山地斜面等,多摩川 / basin 17 / 山地斜面等,39,15,24,0.38461538461538464,0.6153846153846154,eligible
watersystem_x_unit_basin_x_landform,He->Me,6,B_830305_17_LF_CLASS::山麓堆積地形,多摩川 / basin 17 / 山麓堆積地形,1,0,1,0,1,low_n_descriptive_only
watersystem_x_unit_basin_x_landform,He->Me,6,B_830305_17_LF_CLASS::氾濫平野・海岸平野,多摩川 / basin 17 / 氾濫平野・海岸平野,4,3,1,0.75,0.25,low_n_descriptive_only
watersystem_x_unit_basin_x_landform,He->Me,6,B_830305_18_LF_CLASS::凹地・浅い谷,多摩川 / basin 18 / 凹地・浅い谷,2,1,1,0.5,0.5,low_n_descriptive_only
watersystem_x_unit_basin_x_landform,He->Me,6,B_830305_18_LF_CLASS::台地・段丘,多摩川 / basin 18 / 台地・段丘,32,8,24,0.25,0.75,eligible
watersystem_x_unit_basin_x_landform,He->Me,6,B_830305_18_LF_CLASS::山地斜面等,多摩川 / basin 18 / 山地斜面等,4,0,4,0,1,low_n_descriptive_only
watersystem_x_unit_basin_x_landform,He->Me,6,B_830305_18_LF_CLASS::崖・段丘崖,多摩川 / basin 18 / 崖・段丘崖,2,1,1,0.5,0.5,low_n_descriptive_only
watersystem_x_unit_basin_x_landform,He->Me,6,B_830305_18_LF_CLASS::水部,多摩川 / basin 18 / 水部,1,0,1,0,1,low_n_descriptive_only
watersystem_x_unit_basin_x_landform,He->Me,6,B_830305_18_LF_CLASS::氾濫平野・海岸平野,多摩川 / basin 18 / 氾濫平野・海岸平野,4,4,0,1,0,low_n_descriptive_only
watersystem_x_unit_basin_x_landform,He->Me,6,B_830305_19_LF_CLASS::凹地・浅い谷,多摩川 / basin 19 / 凹地・浅い谷,2,0,2,0,1,low_n_descriptive_only
watersystem_x_unit_basin_x_landform,He->Me,6,B_830305_19_LF_CLASS::台地・段丘,多摩川 / basin 19 / 台地・段丘,11,6,5,0.5454545454545454,0.45454545454545453,low_n_descriptive_only
watersystem_x_unit_basin_x_landform,He->Me,6,B_830305_19_LF_CLASS::山地斜面等,多摩川 / basin 19 / 山地斜面等,6,1,5,0.16666666666666666,0.8333333333333334,low_n_descriptive_only
watersystem_x_unit_basin_x_landform,He->Me,6,B_830305_1_LF_CLASS::氾濫平野・海岸平野,多摩川 / basin 1 / 氾濫平野・海岸平野,2,0,2,0,1,low_n_descriptive_only
watersystem_x_unit_basin_x_landform,He->Me,6,B_830305_1_LF_CLASS::自然堤防,多摩川 / basin 1 / 自然堤防,1,0,1,0,1,low_n_descriptive_only
watersystem_x_unit_basin_x_landform,He->Me,6,B_830305_20_LF_CLASS::台地・段丘,多摩川 / basin 20 / 台地・段丘,12,6,6,0.5,0.5,low_n_descriptive_only
watersystem_x_unit_basin_x_landform,He->Me,6,B_830305_20_LF_CLASS::氾濫平野・海岸平野,多摩川 / basin 20 / 氾濫平野・海岸平野,2,1,1,0.5,0.5,low_n_descriptive_only
watersystem_x_unit_basin_x_landform,He->Me,6,B_830305_21_LF_CLASS::台地・段丘,多摩川 / basin 21 / 台地・段丘,1,1,0,1,0,low_n_descriptive_only
watersystem_x_unit_basin_x_landform,He->Me,6,B_830305_21_LF_CLASS::氾濫平野・海岸平野,多摩川 / basin 21 / 氾濫平野・海岸平野,1,0,1,0,1,low_n_descriptive_only
watersystem_x_unit_basin_x_landform,He->Me,6,B_830305_22_LF_CLASS::台地・段丘,多摩川 / basin 22 / 台地・段丘,11,4,7,0.36363636363636365,0.6363636363636364,low_n_descriptive_only
watersystem_x_unit_basin_x_landform,He->Me,6,B_830305_22_LF_CLASS::山地斜面等,多摩川 / basin 22 / 山地斜面等,82,28,54,0.34146341463414637,0.6585365853658537,eligible
watersystem_x_unit_basin_x_landform,He->Me,6,B_830305_22_LF_CLASS::山麓堆積地形,多摩川 / basin 22 / 山麓堆積地形,8,5,3,0.625,0.375,low_n_descriptive_only
watersystem_x_unit_basin_x_landform,He->Me,6,B_830305_22_LF_CLASS::旧河道,多摩川 / basin 22 / 旧河道,1,0,1,0,1,low_n_descriptive_only
watersystem_x_unit_basin_x_landform,He->Me,6,B_830305_22_LF_CLASS::氾濫平野・海岸平野,多摩川 / basin 22 / 氾濫平野・海岸平野,19,6,13,0.3157894736842105,0.6842105263157895,low_n_descriptive_only
watersystem_x_unit_basin_x_landform,He->Me,6,B_830305_23_LF_CLASS::台地・段丘,多摩川 / basin 23 / 台地・段丘,20,8,12,0.4,0.6,eligible
watersystem_x_unit_basin_x_landform,He->Me,6,B_830305_23_LF_CLASS::山地斜面等,多摩川 / basin 23 / 山地斜面等,75,21,54,0.28,0.72,eligible
watersystem_x_unit_basin_x_landform,He->Me,6,B_830305_23_LF_CLASS::山麓堆積地形,多摩川 / basin 23 / 山麓堆積地形,5,3,2,0.6,0.4,low_n_descriptive_only
watersystem_x_unit_basin_x_landform,He->Me,6,B_830305_23_LF_CLASS::崖・段丘崖,多摩川 / basin 23 / 崖・段丘崖,1,1,0,1,0,low_n_descriptive_only
watersystem_x_unit_basin_x_landform,He->Me,6,B_830305_23_LF_CLASS::旧河道,多摩川 / basin 23 / 旧河道,1,1,0,1,0,low_n_descriptive_only
watersystem_x_unit_basin_x_landform,He->Me,6,B_830305_23_LF_CLASS::氾濫平野・海岸平野,多摩川 / basin 23 / 氾濫平野・海岸平野,26,13,13,0.5,0.5,eligible
watersystem_x_unit_basin_x_landform,He->Me,6,B_830305_24_LF_CLASS::台地・段丘,多摩川 / basin 24 / 台地・段丘,1,0,1,0,1,low_n_descriptive_only
watersystem_x_unit_basin_x_landform,He->Me,6,B_830305_24_LF_CLASS::山地斜面等,多摩川 / basin 24 / 山地斜面等,1,0,1,0,1,low_n_descriptive_only
watersystem_x_unit_basin_x_landform,He->Me,6,B_830305_25_LF_CLASS::凹地・浅い谷,多摩川 / basin 25 / 凹地・浅い谷,1,0,1,0,1,low_n_descriptive_only
watersystem_x_unit_basin_x_landform,He->Me,6,B_830305_25_LF_CLASS::台地・段丘,多摩川 / basin 25 / 台地・段丘,8,3,5,0.375,0.625,low_n_descriptive_only
watersystem_x_unit_basin_x_landform,He->Me,6,B_830305_25_LF_CLASS::崖・段丘崖,多摩川 / basin 25 / 崖・段丘崖,2,0,2,0,1,low_n_descriptive_only
watersystem_x_unit_basin_x_landform,He->Me,6,B_830305_25_LF_CLASS::氾濫平野・海岸平野,多摩川 / basin 25 / 氾濫平野・海岸平野,1,1,0,1,0,low_n_descriptive_only
watersystem_x_unit_basin_x_landform,He->Me,6,B_830305_26_LF_CLASS::台地・段丘,多摩川 / basin 26 / 台地・段丘,2,0,2,0,1,low_n_descriptive_only
watersystem_x_unit_basin_x_landform,He->Me,6,B_830305_26_LF_CLASS::氾濫平野・海岸平野,多摩川 / basin 26 / 氾濫平野・海岸平野,1,1,0,1,0,low_n_descriptive_only
watersystem_x_unit_basin_x_landform,He->Me,6,B_830305_27_LF_CLASS::凹地・浅い谷,多摩川 / basin 27 / 凹地・浅い谷,2,2,0,1,0,low_n_descriptive_only
watersystem_x_unit_basin_x_landform,He->Me,6,B_830305_27_LF_CLASS::台地・段丘,多摩川 / basin 27 / 台地・段丘,5,4,1,0.8,0.2,low_n_descriptive_only
watersystem_x_unit_basin_x_landform,He->Me,6,B_830305_27_LF_CLASS::崖・段丘崖,多摩川 / basin 27 / 崖・段丘崖,1,0,1,0,1,low_n_descriptive_only
watersystem_x_unit_basin_x_landform,He->Me,6,B_830305_27_LF_CLASS::扇状地,多摩川 / basin 27 / 扇状地,1,1,0,1,0,low_n_descriptive_only
watersystem_x_unit_basin_x_landform,He->Me,6,B_830305_28_LF_CLASS::台地・段丘,多摩川 / basin 28 / 台地・段丘,3,2,1,0.6666666666666666,0.3333333333333333,low_n_descriptive_only
watersystem_x_unit_basin_x_landform,He->Me,6,B_830305_28_LF_CLASS::山地斜面等,多摩川 / basin 28 / 山地斜面等,129,30,99,0.23255813953488372,0.7674418604651163,eligible
watersystem_x_unit_basin_x_landform,He->Me,6,B_830305_28_LF_CLASS::山麓堆積地形,多摩川 / basin 28 / 山麓堆積地形,6,5,1,0.8333333333333334,0.16666666666666666,low_n_descriptive_only
watersystem_x_unit_basin_x_landform,He->Me,6,B_830305_28_LF_CLASS::氾濫平野・海岸平野,多摩川 / basin 28 / 氾濫平野・海岸平野,18,6,12,0.3333333333333333,0.6666666666666666,low_n_descriptive_only
watersystem_x_unit_basin_x_landform,He->Me,6,B_830305_29_LF_CLASS::台地・段丘,多摩川 / basin 29 / 台地・段丘,1,1,0,1,0,low_n_descriptive_only
watersystem_x_unit_basin_x_landform,He->Me,6,B_830305_2_LF_CLASS::氾濫平野・海岸平野,多摩川 / basin 2 / 氾濫平野・海岸平野,5,1,4,0.2,0.8,low_n_descriptive_only
watersystem_x_unit_basin_x_landform,He->Me,6,B_830305_30_LF_CLASS::凹地・浅い谷,多摩川 / basin 30 / 凹地・浅い谷,1,0,1,0,1,low_n_descriptive_only
watersystem_x_unit_basin_x_landform,He->Me,6,B_830305_30_LF_CLASS::台地・段丘,多摩川 / basin 30 / 台地・段丘,9,6,3,0.6666666666666666,0.3333333333333333,low_n_descriptive_only
watersystem_x_unit_basin_x_landform,He->Me,6,B_830305_30_LF_CLASS::山地斜面等,多摩川 / basin 30 / 山地斜面等,134,26,108,0.19402985074626866,0.8059701492537313,eligible
watersystem_x_unit_basin_x_landform,He->Me,6,B_830305_30_LF_CLASS::山麓堆積地形,多摩川 / basin 30 / 山麓堆積地形,6,5,1,0.8333333333333334,0.16666666666666666,low_n_descriptive_only
watersystem_x_unit_basin_x_landform,He->Me,6,B_830305_30_LF_CLASS::氾濫平野・海岸平野,多摩川 / basin 30 / 氾濫平野・海岸平野,17,5,12,0.29411764705882354,0.7058823529411765,low_n_descriptive_only
watersystem_x_unit_basin_x_landform,He->Me,6,B_830305_31_LF_CLASS::台地・段丘,多摩川 / basin 31 / 台地・段丘,2,0,2,0,1,low_n_descriptive_only
watersystem_x_unit_basin_x_landform,He->Me,6,B_830305_32_LF_CLASS::台地・段丘,多摩川 / basin 32 / 台地・段丘,1,0,1,0,1,low_n_descriptive_only
watersystem_x_unit_basin_x_landform,He->Me,6,B_830305_32_LF_CLASS::山地斜面等,多摩川 / basin 32 / 山地斜面等,5,1,4,0.2,0.8,low_n_descriptive_only
watersystem_x_unit_basin_x_landform,He->Me,6,B_830305_33_LF_CLASS::凹地・浅い谷,多摩川 / basin 33 / 凹地・浅い谷,1,0,1,0,1,low_n_descriptive_only
watersystem_x_unit_basin_x_landform,He->Me,6,B_830305_33_LF_CLASS::台地・段丘,多摩川 / basin 33 / 台地・段丘,16,1,15,0.0625,0.9375,low_n_descriptive_only
watersystem_x_unit_basin_x_landform,He->Me,6,B_830305_33_LF_CLASS::山地斜面等,多摩川 / basin 33 / 山地斜面等,5,0,5,0,1,low_n_descriptive_only
watersystem_x_unit_basin_x_landform,He->Me,6,B_830305_33_LF_CLASS::氾濫平野・海岸平野,多摩川 / basin 33 / 氾濫平野・海岸平野,3,1,2,0.3333333333333333,0.6666666666666666,low_n_descriptive_only
watersystem_x_unit_basin_x_landform,He->Me,6,B_830305_34_LF_CLASS::凹地・浅い谷,多摩川 / basin 34 / 凹地・浅い谷,1,0,1,0,1,low_n_descriptive_only
watersystem_x_unit_basin_x_landform,He->Me,6,B_830305_34_LF_CLASS::台地・段丘,多摩川 / basin 34 / 台地・段丘,3,1,2,0.3333333333333333,0.6666666666666666,low_n_descriptive_only
watersystem_x_unit_basin_x_landform,He->Me,6,B_830305_34_LF_CLASS::山地斜面等,多摩川 / basin 34 / 山地斜面等,1,0,1,0,1,low_n_descriptive_only
watersystem_x_unit_basin_x_landform,He->Me,6,B_830305_35_LF_CLASS::台地・段丘,多摩川 / basin 35 / 台地・段丘,16,7,9,0.4375,0.5625,low_n_descriptive_only
watersystem_x_unit_basin_x_landform,He->Me,6,B_830305_35_LF_CLASS::山地斜面等,多摩川 / basin 35 / 山地斜面等,26,5,21,0.19230769230769232,0.8076923076923077,eligible
watersystem_x_unit_basin_x_landform,He->Me,6,B_830305_35_LF_CLASS::山麓堆積地形,多摩川 / basin 35 / 山麓堆積地形,3,0,3,0,1,low_n_descriptive_only
watersystem_x_unit_basin_x_landform,He->Me,6,B_830305_35_LF_CLASS::扇状地,多摩川 / basin 35 / 扇状地,1,1,0,1,0,low_n_descriptive_only
watersystem_x_unit_basin_x_landform,He->Me,6,B_830305_35_LF_CLASS::氾濫平野・海岸平野,多摩川 / basin 35 / 氾濫平野・海岸平野,3,0,3,0,1,low_n_descriptive_only
watersystem_x_unit_basin_x_landform,He->Me,6,B_830305_36_LF_CLASS::台地・段丘,多摩川 / basin 36 / 台地・段丘,6,3,3,0.5,0.5,low_n_descriptive_only
watersystem_x_unit_basin_x_landform,He->Me,6,B_830305_36_LF_CLASS::山地斜面等,多摩川 / basin 36 / 山地斜面等,60,4,56,0.06666666666666667,0.9333333333333333,eligible
watersystem_x_unit_basin_x_landform,He->Me,6,B_830305_36_LF_CLASS::氾濫平野・海岸平野,多摩川 / basin 36 / 氾濫平野・海岸平野,4,0,4,0,1,low_n_descriptive_only
watersystem_x_unit_basin_x_landform,He->Me,6,B_830305_37_LF_CLASS::台地・段丘,多摩川 / basin 37 / 台地・段丘,3,0,3,0,1,low_n_descriptive_only
watersystem_x_unit_basin_x_landform,He->Me,6,B_830305_38_LF_CLASS::台地・段丘,多摩川 / basin 38 / 台地・段丘,3,2,1,0.6666666666666666,0.3333333333333333,low_n_descriptive_only
watersystem_x_unit_basin_x_landform,He->Me,6,B_830305_38_LF_CLASS::山地斜面等,多摩川 / basin 38 / 山地斜面等,1,0,1,0,1,low_n_descriptive_only
watersystem_x_unit_basin_x_landform,He->Me,6,B_830305_39_LF_CLASS::台地・段丘,多摩川 / basin 39 / 台地・段丘,1,0,1,0,1,low_n_descriptive_only
watersystem_x_unit_basin_x_landform,He->Me,6,B_830305_40_LF_CLASS::凹地・浅い谷,多摩川 / basin 40 / 凹地・浅い谷,2,1,1,0.5,0.5,low_n_descriptive_only
watersystem_x_unit_basin_x_landform,He->Me,6,B_830305_40_LF_CLASS::台地・段丘,多摩川 / basin 40 / 台地・段丘,27,6,21,0.2222222222222222,0.7777777777777778,eligible
watersystem_x_unit_basin_x_landform,He->Me,6,B_830305_40_LF_CLASS::山地斜面等,多摩川 / basin 40 / 山地斜面等,11,5,6,0.45454545454545453,0.5454545454545454,low_n_descriptive_only
watersystem_x_unit_basin_x_landform,He->Me,6,B_830305_40_LF_CLASS::山麓堆積地形,多摩川 / basin 40 / 山麓堆積地形,1,0,1,0,1,low_n_descriptive_only
watersystem_x_unit_basin_x_landform,He->Me,6,B_830305_40_LF_CLASS::崖・段丘崖,多摩川 / basin 40 / 崖・段丘崖,1,0,1,0,1,low_n_descriptive_only
watersystem_x_unit_basin_x_landform,He->Me,6,B_830305_41_LF_CLASS::台地・段丘,多摩川 / basin 41 / 台地・段丘,6,0,6,0,1,low_n_descriptive_only
watersystem_x_unit_basin_x_landform,He->Me,6,B_830305_41_LF_CLASS::山地斜面等,多摩川 / basin 41 / 山地斜面等,2,1,1,0.5,0.5,low_n_descriptive_only
watersystem_x_unit_basin_x_landform,He->Me,6,B_830305_41_LF_CLASS::氾濫平野・海岸平野,多摩川 / basin 41 / 氾濫平野・海岸平野,1,0,1,0,1,low_n_descriptive_only
watersystem_x_unit_basin_x_landform,He->Me,6,B_830305_42_LF_CLASS::台地・段丘,多摩川 / basin 42 / 台地・段丘,3,0,3,0,1,low_n_descriptive_only
watersystem_x_unit_basin_x_landform,He->Me,6,B_830305_42_LF_CLASS::崖・段丘崖,多摩川 / basin 42 / 崖・段丘崖,1,0,1,0,1,low_n_descriptive_only
watersystem_x_unit_basin_x_landform,He->Me,6,B_830305_43_LF_CLASS::凹地・浅い谷,多摩川 / basin 43 / 凹地・浅い谷,1,1,0,1,0,low_n_descriptive_only
watersystem_x_unit_basin_x_landform,He->Me,6,B_830305_43_LF_CLASS::台地・段丘,多摩川 / basin 43 / 台地・段丘,10,4,6,0.4,0.6,low_n_descriptive_only
watersystem_x_unit_basin_x_landform,He->Me,6,B_830305_43_LF_CLASS::山地斜面等,多摩川 / basin 43 / 山地斜面等,2,1,1,0.5,0.5,low_n_descriptive_only
watersystem_x_unit_basin_x_landform,He->Me,6,B_830305_44_LF_CLASS::台地・段丘,多摩川 / basin 44 / 台地・段丘,1,0,1,0,1,low_n_descriptive_only
watersystem_x_unit_basin_x_landform,He->Me,6,B_830305_44_LF_CLASS::山地斜面等,多摩川 / basin 44 / 山地斜面等,2,1,1,0.5,0.5,low_n_descriptive_only
watersystem_x_unit_basin_x_landform,He->Me,6,B_830305_44_LF_CLASS::氾濫平野・海岸平野,多摩川 / basin 44 / 氾濫平野・海岸平野,1,0,1,0,1,low_n_descriptive_only
watersystem_x_unit_basin_x_landform,He->Me,6,B_830305_46_LF_CLASS::台地・段丘,多摩川 / basin 46 / 台地・段丘,4,0,4,0,1,low_n_descriptive_only
watersystem_x_unit_basin_x_landform,He->Me,6,B_830305_46_LF_CLASS::山地斜面等,多摩川 / basin 46 / 山地斜面等,2,0,2,0,1,low_n_descriptive_only
watersystem_x_unit_basin_x_landform,He->Me,6,B_830305_46_LF_CLASS::氾濫平野・海岸平野,多摩川 / basin 46 / 氾濫平野・海岸平野,1,0,1,0,1,low_n_descriptive_only
watersystem_x_unit_basin_x_landform,He->Me,6,B_830305_47_LF_CLASS::台地・段丘,多摩川 / basin 47 / 台地・段丘,1,0,1,0,1,low_n_descriptive_only
watersystem_x_unit_basin_x_landform,He->Me,6,B_830305_48_LF_CLASS::台地・段丘,多摩川 / basin 48 / 台地・段丘,6,0,6,0,1,low_n_descriptive_only
watersystem_x_unit_basin_x_landform,He->Me,6,B_830305_48_LF_CLASS::山地斜面等,多摩川 / basin 48 / 山地斜面等,5,2,3,0.4,0.6,low_n_descriptive_only
watersystem_x_unit_basin_x_landform,He->Me,6,B_830305_48_LF_CLASS::氾濫平野・海岸平野,多摩川 / basin 48 / 氾濫平野・海岸平野,2,0,2,0,1,low_n_descriptive_only
watersystem_x_unit_basin_x_landform,He->Me,6,B_830305_49_LF_CLASS::山地斜面等,多摩川 / basin 49 / 山地斜面等,1,0,1,0,1,low_n_descriptive_only
watersystem_x_unit_basin_x_landform,He->Me,6,B_830305_50_LF_CLASS::台地・段丘,多摩川 / basin 50 / 台地・段丘,3,1,2,0.3333333333333333,0.6666666666666666,low_n_descriptive_only
watersystem_x_unit_basin_x_landform,He->Me,6,B_830305_51_LF_CLASS::台地・段丘,多摩川 / basin 51 / 台地・段丘,2,0,2,0,1,low_n_descriptive_only
watersystem_x_unit_basin_x_landform,He->Me,6,B_830305_52_LF_CLASS::台地・段丘,多摩川 / basin 52 / 台地・段丘,2,1,1,0.5,0.5,low_n_descriptive_only
watersystem_x_unit_basin_x_landform,He->Me,6,B_830305_55_LF_CLASS::台地・段丘,多摩川 / basin 55 / 台地・段丘,1,0,1,0,1,low_n_descriptive_only
watersystem_x_unit_basin_x_landform,He->Me,6,B_830305_56_LF_CLASS::台地・段丘,多摩川 / basin 56 / 台地・段丘,5,3,2,0.6,0.4,low_n_descriptive_only
watersystem_x_unit_basin_x_landform,He->Me,6,B_830305_57_LF_CLASS::台地・段丘,多摩川 / basin 57 / 台地・段丘,1,0,1,0,1,low_n_descriptive_only
watersystem_x_unit_basin_x_landform,He->Me,6,B_830305_58_LF_CLASS::氾濫平野・海岸平野,多摩川 / basin 58 / 氾濫平野・海岸平野,1,0,1,0,1,low_n_descriptive_only
watersystem_x_unit_basin_x_landform,He->Me,6,B_830305_59_LF_CLASS::凹地・浅い谷,多摩川 / basin 59 / 凹地・浅い谷,1,0,1,0,1,low_n_descriptive_only
watersystem_x_unit_basin_x_landform,He->Me,6,B_830305_72_LF_CLASS::山地斜面等,多摩川 / basin 72 / 山地斜面等,2,0,2,0,1,low_n_descriptive_only
watersystem_x_unit_basin_x_landform,He->Me,6,B_830305_73_LF_CLASS::台地・段丘,多摩川 / basin 73 / 台地・段丘,5,2,3,0.4,0.6,low_n_descriptive_only
watersystem_x_unit_basin_x_landform,He->Me,6,B_830305_74_LF_CLASS::台地・段丘,多摩川 / basin 74 / 台地・段丘,1,1,0,1,0,low_n_descriptive_only
watersystem_x_unit_basin_x_landform,He->Me,6,B_830305_75_LF_CLASS::台地・段丘,多摩川 / basin 75 / 台地・段丘,6,2,4,0.3333333333333333,0.6666666666666666,low_n_descriptive_only
watersystem_x_unit_basin_x_landform,He->Me,6,B_830305_75_LF_CLASS::山麓堆積地形,多摩川 / basin 75 / 山麓堆積地形,1,0,1,0,1,low_n_descriptive_only
watersystem_x_unit_basin_x_landform,He->Me,6,B_830305_76_LF_CLASS::山地斜面等,多摩川 / basin 76 / 山地斜面等,1,0,1,0,1,low_n_descriptive_only
watersystem_x_unit_basin_x_landform,He->Me,6,B_830305_8_LF_CLASS::凹地・浅い谷,多摩川 / basin 8 / 凹地・浅い谷,1,0,1,0,1,low_n_descriptive_only
watersystem_x_unit_basin_x_landform,He->Me,6,B_830305_8_LF_CLASS::台地・段丘,多摩川 / basin 8 / 台地・段丘,5,5,0,1,0,low_n_descriptive_only
watersystem_x_unit_basin_x_landform,He->Me,6,B_830305_8_LF_CLASS::氾濫平野・海岸平野,多摩川 / basin 8 / 氾濫平野・海岸平野,1,1,0,1,0,low_n_descriptive_only
watersystem_x_unit_basin_x_landform,He->Me,6,B_830305_9_LF_CLASS::氾濫平野・海岸平野,多摩川 / basin 9 / 氾濫平野・海岸平野,1,1,0,1,0,low_n_descriptive_only
watersystem_x_unit_basin_x_landform,He->Me,6,B_830306_16_LF_CLASS::凹地・浅い谷,鶴見川 / basin 16 / 凹地・浅い谷,1,0,1,0,1,low_n_descriptive_only
watersystem_x_unit_basin_x_landform,He->Me,6,B_830306_16_LF_CLASS::台地・段丘,鶴見川 / basin 16 / 台地・段丘,28,2,26,0.07142857142857142,0.9285714285714286,eligible
watersystem_x_unit_basin_x_landform,He->Me,6,B_830306_16_LF_CLASS::山地斜面等,鶴見川 / basin 16 / 山地斜面等,36,5,31,0.1388888888888889,0.8611111111111112,eligible
watersystem_x_unit_basin_x_landform,He->Me,6,B_830306_16_LF_CLASS::山麓堆積地形,鶴見川 / basin 16 / 山麓堆積地形,2,0,2,0,1,low_n_descriptive_only
watersystem_x_unit_basin_x_landform,He->Me,6,B_830306_16_LF_CLASS::崖・段丘崖,鶴見川 / basin 16 / 崖・段丘崖,2,1,1,0.5,0.5,low_n_descriptive_only
watersystem_x_unit_basin_x_landform,He->Me,6,B_830306_16_LF_CLASS::水部,鶴見川 / basin 16 / 水部,2,0,2,0,1,low_n_descriptive_only
watersystem_x_unit_basin_x_landform,He->Me,6,B_830306_16_LF_CLASS::氾濫平野・海岸平野,鶴見川 / basin 16 / 氾濫平野・海岸平野,7,0,7,0,1,low_n_descriptive_only
watersystem_x_unit_basin_x_landform,He->Me,6,B_830306_16_LF_CLASS::自然堤防,鶴見川 / basin 16 / 自然堤防,3,0,3,0,1,low_n_descriptive_only
watersystem_x_unit_basin_x_landform,He->Me,6,B_830306_17_LF_CLASS::台地・段丘,鶴見川 / basin 17 / 台地・段丘,3,0,3,0,1,low_n_descriptive_only
watersystem_x_unit_basin_x_landform,He->Me,6,B_830306_17_LF_CLASS::山地斜面等,鶴見川 / basin 17 / 山地斜面等,6,0,6,0,1,low_n_descriptive_only
watersystem_x_unit_basin_x_landform,He->Me,6,B_830306_19_LF_CLASS::山地斜面等,鶴見川 / basin 19 / 山地斜面等,10,0,10,0,1,low_n_descriptive_only
watersystem_x_unit_basin_x_landform,He->Me,6,B_830306_19_LF_CLASS::氾濫平野・海岸平野,鶴見川 / basin 19 / 氾濫平野・海岸平野,1,0,1,0,1,low_n_descriptive_only
watersystem_x_unit_basin_x_landform,He->Me,6,B_830306_20_LF_CLASS::台地・段丘,鶴見川 / basin 20 / 台地・段丘,24,4,20,0.16666666666666666,0.8333333333333334,eligible
watersystem_x_unit_basin_x_landform,He->Me,6,B_830306_20_LF_CLASS::山地斜面等,鶴見川 / basin 20 / 山地斜面等,167,29,138,0.17365269461077845,0.8263473053892215,eligible
watersystem_x_unit_basin_x_landform,He->Me,6,B_830306_20_LF_CLASS::山麓堆積地形,鶴見川 / basin 20 / 山麓堆積地形,6,3,3,0.5,0.5,low_n_descriptive_only
watersystem_x_unit_basin_x_landform,He->Me,6,B_830306_20_LF_CLASS::崖・段丘崖,鶴見川 / basin 20 / 崖・段丘崖,1,0,1,0,1,low_n_descriptive_only
watersystem_x_unit_basin_x_landform,He->Me,6,B_830306_20_LF_CLASS::水部,鶴見川 / basin 20 / 水部,2,0,2,0,1,low_n_descriptive_only
watersystem_x_unit_basin_x_landform,He->Me,6,B_830306_20_LF_CLASS::氾濫平野・海岸平野,鶴見川 / basin 20 / 氾濫平野・海岸平野,18,3,15,0.16666666666666666,0.8333333333333334,low_n_descriptive_only
watersystem_x_unit_basin_x_landform,He->Me,6,B_830306_21_LF_CLASS::台地・段丘,鶴見川 / basin 21 / 台地・段丘,5,0,5,0,1,low_n_descriptive_only
watersystem_x_unit_basin_x_landform,He->Me,6,B_830306_21_LF_CLASS::山地斜面等,鶴見川 / basin 21 / 山地斜面等,32,7,25,0.21875,0.78125,eligible
watersystem_x_unit_basin_x_landform,He->Me,6,B_830306_21_LF_CLASS::氾濫平野・海岸平野,鶴見川 / basin 21 / 氾濫平野・海岸平野,8,2,6,0.25,0.75,low_n_descriptive_only
watersystem_x_unit_basin_x_landform,He->Me,6,B_unknown_0_LF_CLASS::凹地・浅い谷,古川・目黒川・立会川・呑川 / basin 0 / 凹地・浅い谷,1,0,1,0,1,low_n_descriptive_only
watersystem_x_unit_basin_x_landform,He->Me,6,B_unknown_0_LF_CLASS::台地・段丘,古川・目黒川・立会川・呑川 / basin 0 / 台地・段丘,22,9,13,0.4090909090909091,0.5909090909090909,eligible
watersystem_x_unit_basin_x_landform,He->Me,6,B_unknown_0_LF_CLASS::山地斜面等,古川・目黒川・立会川・呑川 / basin 0 / 山地斜面等,4,0,4,0,1,low_n_descriptive_only
watersystem_x_unit_basin_x_landform,He->Me,6,B_unknown_0_LF_CLASS::崖・段丘崖,古川・目黒川・立会川・呑川 / basin 0 / 崖・段丘崖,2,1,1,0.5,0.5,low_n_descriptive_only
watersystem_x_unit_basin_x_landform,He->Me,6,B_unknown_0_LF_CLASS::後背低地・湿地,古川・目黒川・立会川・呑川 / basin 0 / 後背低地・湿地,1,0,1,0,1,low_n_descriptive_only
watersystem_x_unit_basin_x_landform,He->Me,6,B_unknown_0_LF_CLASS::氾濫平野・海岸平野,古川・目黒川・立会川・呑川 / basin 0 / 氾濫平野・海岸平野,4,0,4,0,1,low_n_descriptive_only
watersystem_x_unit_basin_x_landform,He->Me,6,B_unknown_0_LF_CLASS::砂州・砂丘,古川・目黒川・立会川・呑川 / basin 0 / 砂州・砂丘,8,0,8,0,1,low_n_descriptive_only
watersystem_x_unit_basin_x_landform,Jo->Ya,2,B_120000_6_LF_CLASS::台地・段丘,名称不明 / basin 6 / 台地・段丘,1,0,1,0,1,low_n_descriptive_only
watersystem_x_unit_basin_x_landform,Jo->Ya,2,B_130000_1_LF_CLASS::台地・段丘,名称不明 / basin 1 / 台地・段丘,11,7,4,0.6363636363636364,0.36363636363636365,low_n_descriptive_only
watersystem_x_unit_basin_x_landform,Jo->Ya,2,B_130000_1_LF_CLASS::氾濫平野・海岸平野,名称不明 / basin 1 / 氾濫平野・海岸平野,1,1,0,1,0,low_n_descriptive_only
watersystem_x_unit_basin_x_landform,Jo->Ya,2,B_130000_2_LF_CLASS::凹地・浅い谷,名称不明 / basin 2 / 凹地・浅い谷,1,0,1,0,1,low_n_descriptive_only
watersystem_x_unit_basin_x_landform,Jo->Ya,2,B_130000_2_LF_CLASS::台地・段丘,名称不明 / basin 2 / 台地・段丘,1,1,0,1,0,low_n_descriptive_only
watersystem_x_unit_basin_x_landform,Jo->Ya,2,B_130000_2_LF_CLASS::山地斜面等,名称不明 / basin 2 / 山地斜面等,2,1,1,0.5,0.5,low_n_descriptive_only
watersystem_x_unit_basin_x_landform,Jo->Ya,2,B_130000_2_LF_CLASS::氾濫平野・海岸平野,名称不明 / basin 2 / 氾濫平野・海岸平野,1,0,1,0,1,low_n_descriptive_only
watersystem_x_unit_basin_x_landform,Jo->Ya,2,B_130000_3_LF_CLASS::凹地・浅い谷,名称不明 / basin 3 / 凹地・浅い谷,3,0,3,0,1,low_n_descriptive_only
watersystem_x_unit_basin_x_landform,Jo->Ya,2,B_130000_3_LF_CLASS::台地・段丘,名称不明 / basin 3 / 台地・段丘,9,1,8,0.1111111111111111,0.8888888888888888,low_n_descriptive_only
watersystem_x_unit_basin_x_landform,Jo->Ya,2,B_130000_4_LF_CLASS::台地・段丘,名称不明 / basin 4 / 台地・段丘,33,7,26,0.21212121212121213,0.7878787878787878,eligible
watersystem_x_unit_basin_x_landform,Jo->Ya,2,B_130000_4_LF_CLASS::山地斜面等,名称不明 / basin 4 / 山地斜面等,3,2,1,0.6666666666666666,0.3333333333333333,low_n_descriptive_only
watersystem_x_unit_basin_x_landform,Jo->Ya,2,B_130000_4_LF_CLASS::後背低地・湿地,名称不明 / basin 4 / 後背低地・湿地,3,3,0,1,0,low_n_descriptive_only
watersystem_x_unit_basin_x_landform,Jo->Ya,2,B_130000_4_LF_CLASS::氾濫平野・海岸平野,名称不明 / basin 4 / 氾濫平野・海岸平野,2,0,2,0,1,low_n_descriptive_only
watersystem_x_unit_basin_x_landform,Jo->Ya,2,B_130000_5_LF_CLASS::台地・段丘,名称不明 / basin 5 / 台地・段丘,30,15,15,0.5,0.5,eligible
watersystem_x_unit_basin_x_landform,Jo->Ya,2,B_130000_5_LF_CLASS::山地斜面等,名称不明 / basin 5 / 山地斜面等,1,1,0,1,0,low_n_descriptive_only
watersystem_x_unit_basin_x_landform,Jo->Ya,2,B_130000_5_LF_CLASS::崖・段丘崖,名称不明 / basin 5 / 崖・段丘崖,3,3,0,1,0,low_n_descriptive_only
watersystem_x_unit_basin_x_landform,Jo->Ya,2,B_130000_5_LF_CLASS::後背低地・湿地,名称不明 / basin 5 / 後背低地・湿地,3,2,1,0.6666666666666666,0.3333333333333333,low_n_descriptive_only
watersystem_x_unit_basin_x_landform,Jo->Ya,2,B_130000_5_LF_CLASS::水部,名称不明 / basin 5 / 水部,1,0,1,0,1,low_n_descriptive_only
watersystem_x_unit_basin_x_landform,Jo->Ya,2,B_130000_5_LF_CLASS::氾濫平野・海岸平野,名称不明 / basin 5 / 氾濫平野・海岸平野,2,1,1,0.5,0.5,low_n_descriptive_only
watersystem_x_unit_basin_x_landform,Jo->Ya,2,B_130000_6_LF_CLASS::台地・段丘,名称不明 / basin 6 / 台地・段丘,9,0,9,0,1,low_n_descriptive_only
watersystem_x_unit_basin_x_landform,Jo->Ya,2,B_130000_6_LF_CLASS::山地斜面等,名称不明 / basin 6 / 山地斜面等,7,0,7,0,1,low_n_descriptive_only
watersystem_x_unit_basin_x_landform,Jo->Ya,2,B_140013_17_LF_CLASS::台地・段丘,境川 / basin 17 / 台地・段丘,34,5,29,0.14705882352941177,0.8529411764705882,eligible
watersystem_x_unit_basin_x_landform,Jo->Ya,2,B_140013_17_LF_CLASS::山地斜面等,境川 / basin 17 / 山地斜面等,124,18,106,0.14516129032258066,0.8548387096774194,eligible
watersystem_x_unit_basin_x_landform,Jo->Ya,2,B_140013_17_LF_CLASS::水部,境川 / basin 17 / 水部,1,0,1,0,1,low_n_descriptive_only
watersystem_x_unit_basin_x_landform,Jo->Ya,2,B_140013_17_LF_CLASS::氾濫平野・海岸平野,境川 / basin 17 / 氾濫平野・海岸平野,28,0,28,0,1,eligible
watersystem_x_unit_basin_x_landform,Jo->Ya,2,B_140013_19_LF_CLASS::台地・段丘,境川 / basin 19 / 台地・段丘,1,0,1,0,1,low_n_descriptive_only
watersystem_x_unit_basin_x_landform,Jo->Ya,2,B_140013_19_LF_CLASS::山地斜面等,境川 / basin 19 / 山地斜面等,14,1,13,0.07142857142857142,0.9285714285714286,low_n_descriptive_only
watersystem_x_unit_basin_x_landform,Jo->Ya,2,B_140013_19_LF_CLASS::氾濫平野・海岸平野,境川 / basin 19 / 氾濫平野・海岸平野,2,0,2,0,1,low_n_descriptive_only
watersystem_x_unit_basin_x_landform,Jo->Ya,2,B_830303_390_LF_CLASS::氾濫平野・海岸平野,利根川 / basin 390 / 氾濫平野・海岸平野,1,0,1,0,1,low_n_descriptive_only
watersystem_x_unit_basin_x_landform,Jo->Ya,2,B_830303_478_LF_CLASS::氾濫平野・海岸平野,利根川 / basin 478 / 氾濫平野・海岸平野,1,1,0,1,0,low_n_descriptive_only
watersystem_x_unit_basin_x_landform,Jo->Ya,2,B_830303_517_LF_CLASS::氾濫平野・海岸平野,利根川 / basin 517 / 氾濫平野・海岸平野,1,0,1,0,1,low_n_descriptive_only
watersystem_x_unit_basin_x_landform,Jo->Ya,2,B_830304_120_LF_CLASS::台地・段丘,荒川 / basin 120 / 台地・段丘,18,5,13,0.2777777777777778,0.7222222222222222,low_n_descriptive_only
watersystem_x_unit_basin_x_landform,Jo->Ya,2,B_830304_120_LF_CLASS::山地斜面等,荒川 / basin 120 / 山地斜面等,16,0,16,0,1,low_n_descriptive_only
watersystem_x_unit_basin_x_landform,Jo->Ya,2,B_830304_120_LF_CLASS::氾濫平野・海岸平野,荒川 / basin 120 / 氾濫平野・海岸平野,8,1,7,0.125,0.875,low_n_descriptive_only
watersystem_x_unit_basin_x_landform,Jo->Ya,2,B_830304_139_LF_CLASS::台地・段丘,荒川 / basin 139 / 台地・段丘,6,0,6,0,1,low_n_descriptive_only
watersystem_x_unit_basin_x_landform,Jo->Ya,2,B_830304_139_LF_CLASS::山地斜面等,荒川 / basin 139 / 山地斜面等,3,0,3,0,1,low_n_descriptive_only
watersystem_x_unit_basin_x_landform,Jo->Ya,2,B_830304_139_LF_CLASS::氾濫平野・海岸平野,荒川 / basin 139 / 氾濫平野・海岸平野,2,0,2,0,1,low_n_descriptive_only
watersystem_x_unit_basin_x_landform,Jo->Ya,2,B_830304_14_LF_CLASS::氾濫平野・海岸平野,荒川 / basin 14 / 氾濫平野・海岸平野,1,0,1,0,1,low_n_descriptive_only
watersystem_x_unit_basin_x_landform,Jo->Ya,2,B_830304_158_LF_CLASS::台地・段丘,荒川 / basin 158 / 台地・段丘,2,0,2,0,1,low_n_descriptive_only
watersystem_x_unit_basin_x_landform,Jo->Ya,2,B_830304_15_LF_CLASS::台地・段丘,荒川 / basin 15 / 台地・段丘,2,2,0,1,0,low_n_descriptive_only
watersystem_x_unit_basin_x_landform,Jo->Ya,2,B_830304_15_LF_CLASS::砂州・砂丘,荒川 / basin 15 / 砂州・砂丘,2,1,1,0.5,0.5,low_n_descriptive_only
watersystem_x_unit_basin_x_landform,Jo->Ya,2,B_830304_15_LF_CLASS::自然堤防,荒川 / basin 15 / 自然堤防,1,1,0,1,0,low_n_descriptive_only
watersystem_x_unit_basin_x_landform,Jo->Ya,2,B_830304_161_LF_CLASS::台地・段丘,荒川 / basin 161 / 台地・段丘,3,0,3,0,1,low_n_descriptive_only
watersystem_x_unit_basin_x_landform,Jo->Ya,2,B_830304_16_LF_CLASS::凹地・浅い谷,荒川 / basin 16 / 凹地・浅い谷,1,1,0,1,0,low_n_descriptive_only
watersystem_x_unit_basin_x_landform,Jo->Ya,2,B_830304_16_LF_CLASS::台地・段丘,荒川 / basin 16 / 台地・段丘,4,3,1,0.75,0.25,low_n_descriptive_only
watersystem_x_unit_basin_x_landform,Jo->Ya,2,B_830304_16_LF_CLASS::氾濫平野・海岸平野,荒川 / basin 16 / 氾濫平野・海岸平野,1,0,1,0,1,low_n_descriptive_only
watersystem_x_unit_basin_x_landform,Jo->Ya,2,B_830304_194_LF_CLASS::台地・段丘,荒川 / basin 194 / 台地・段丘,1,0,1,0,1,low_n_descriptive_only
watersystem_x_unit_basin_x_landform,Jo->Ya,2,B_830304_194_LF_CLASS::山地斜面等,荒川 / basin 194 / 山地斜面等,1,0,1,0,1,low_n_descriptive_only
watersystem_x_unit_basin_x_landform,Jo->Ya,2,B_830304_25_LF_CLASS::台地・段丘,荒川 / basin 25 / 台地・段丘,6,3,3,0.5,0.5,low_n_descriptive_only
watersystem_x_unit_basin_x_landform,Jo->Ya,2,B_830304_25_LF_CLASS::崖・段丘崖,荒川 / basin 25 / 崖・段丘崖,1,0,1,0,1,low_n_descriptive_only
watersystem_x_unit_basin_x_landform,Jo->Ya,2,B_830304_25_LF_CLASS::氾濫平野・海岸平野,荒川 / basin 25 / 氾濫平野・海岸平野,1,0,1,0,1,low_n_descriptive_only
watersystem_x_unit_basin_x_landform,Jo->Ya,2,B_830304_25_LF_CLASS::砂州・砂丘,荒川 / basin 25 / 砂州・砂丘,3,1,2,0.3333333333333333,0.6666666666666666,low_n_descriptive_only
watersystem_x_unit_basin_x_landform,Jo->Ya,2,B_830304_26_LF_CLASS::台地・段丘,荒川 / basin 26 / 台地・段丘,20,7,13,0.35,0.65,eligible
watersystem_x_unit_basin_x_landform,Jo->Ya,2,B_830304_26_LF_CLASS::山地斜面等,荒川 / basin 26 / 山地斜面等,4,1,3,0.25,0.75,low_n_descriptive_only
watersystem_x_unit_basin_x_landform,Jo->Ya,2,B_830304_26_LF_CLASS::崖・段丘崖,荒川 / basin 26 / 崖・段丘崖,1,0,1,0,1,low_n_descriptive_only
watersystem_x_unit_basin_x_landform,Jo->Ya,2,B_830304_26_LF_CLASS::氾濫平野・海岸平野,荒川 / basin 26 / 氾濫平野・海岸平野,2,1,1,0.5,0.5,low_n_descriptive_only
watersystem_x_unit_basin_x_landform,Jo->Ya,2,B_830304_27_LF_CLASS::台地・段丘,荒川 / basin 27 / 台地・段丘,9,7,2,0.7777777777777778,0.2222222222222222,low_n_descriptive_only
watersystem_x_unit_basin_x_landform,Jo->Ya,2,B_830304_27_LF_CLASS::氾濫平野・海岸平野,荒川 / basin 27 / 氾濫平野・海岸平野,1,1,0,1,0,low_n_descriptive_only
watersystem_x_unit_basin_x_landform,Jo->Ya,2,B_830304_27_LF_CLASS::砂州・砂丘,荒川 / basin 27 / 砂州・砂丘,2,1,1,0.5,0.5,low_n_descriptive_only
watersystem_x_unit_basin_x_landform,Jo->Ya,2,B_830304_36_LF_CLASS::氾濫平野・海岸平野,荒川 / basin 36 / 氾濫平野・海岸平野,1,1,0,1,0,low_n_descriptive_only
watersystem_x_unit_basin_x_landform,Jo->Ya,2,B_830304_37_LF_CLASS::台地・段丘,荒川 / basin 37 / 台地・段丘,14,3,11,0.21428571428571427,0.7857142857142857,low_n_descriptive_only
watersystem_x_unit_basin_x_landform,Jo->Ya,2,B_830304_37_LF_CLASS::山地斜面等,荒川 / basin 37 / 山地斜面等,2,0,2,0,1,low_n_descriptive_only
watersystem_x_unit_basin_x_landform,Jo->Ya,2,B_830304_37_LF_CLASS::水部,荒川 / basin 37 / 水部,1,0,1,0,1,low_n_descriptive_only
watersystem_x_unit_basin_x_landform,Jo->Ya,2,B_830304_37_LF_CLASS::氾濫平野・海岸平野,荒川 / basin 37 / 氾濫平野・海岸平野,4,2,2,0.5,0.5,low_n_descriptive_only
watersystem_x_unit_basin_x_landform,Jo->Ya,2,B_830304_37_LF_CLASS::砂州・砂丘,荒川 / basin 37 / 砂州・砂丘,1,0,1,0,1,low_n_descriptive_only
watersystem_x_unit_basin_x_landform,Jo->Ya,2,B_830304_38_LF_CLASS::台地・段丘,荒川 / basin 38 / 台地・段丘,9,6,3,0.6666666666666666,0.3333333333333333,low_n_descriptive_only
watersystem_x_unit_basin_x_landform,Jo->Ya,2,B_830304_38_LF_CLASS::山地斜面等,荒川 / basin 38 / 山地斜面等,1,1,0,1,0,low_n_descriptive_only
watersystem_x_unit_basin_x_landform,Jo->Ya,2,B_830304_38_LF_CLASS::崖・段丘崖,荒川 / basin 38 / 崖・段丘崖,1,1,0,1,0,low_n_descriptive_only
watersystem_x_unit_basin_x_landform,Jo->Ya,2,B_830304_38_LF_CLASS::後背低地・湿地,荒川 / basin 38 / 後背低地・湿地,1,0,1,0,1,low_n_descriptive_only
watersystem_x_unit_basin_x_landform,Jo->Ya,2,B_830304_38_LF_CLASS::氾濫平野・海岸平野,荒川 / basin 38 / 氾濫平野・海岸平野,1,0,1,0,1,low_n_descriptive_only
watersystem_x_unit_basin_x_landform,Jo->Ya,2,B_830304_38_LF_CLASS::砂州・砂丘,荒川 / basin 38 / 砂州・砂丘,1,0,1,0,1,low_n_descriptive_only
watersystem_x_unit_basin_x_landform,Jo->Ya,2,B_830304_39_LF_CLASS::台地・段丘,荒川 / basin 39 / 台地・段丘,10,2,8,0.2,0.8,low_n_descriptive_only
watersystem_x_unit_basin_x_landform,Jo->Ya,2,B_830304_39_LF_CLASS::山地斜面等,荒川 / basin 39 / 山地斜面等,3,0,3,0,1,low_n_descriptive_only
watersystem_x_unit_basin_x_landform,Jo->Ya,2,B_830304_39_LF_CLASS::崖・段丘崖,荒川 / basin 39 / 崖・段丘崖,2,1,1,0.5,0.5,low_n_descriptive_only
watersystem_x_unit_basin_x_landform,Jo->Ya,2,B_830304_39_LF_CLASS::水部,荒川 / basin 39 / 水部,1,1,0,1,0,low_n_descriptive_only
watersystem_x_unit_basin_x_landform,Jo->Ya,2,B_830304_39_LF_CLASS::氾濫平野・海岸平野,荒川 / basin 39 / 氾濫平野・海岸平野,1,0,1,0,1,low_n_descriptive_only
watersystem_x_unit_basin_x_landform,Jo->Ya,2,B_830304_40_LF_CLASS::凹地・浅い谷,荒川 / basin 40 / 凹地・浅い谷,2,0,2,0,1,low_n_descriptive_only
watersystem_x_unit_basin_x_landform,Jo->Ya,2,B_830304_40_LF_CLASS::台地・段丘,荒川 / basin 40 / 台地・段丘,12,2,10,0.16666666666666666,0.8333333333333334,low_n_descriptive_only
watersystem_x_unit_basin_x_landform,Jo->Ya,2,B_830304_40_LF_CLASS::山地斜面等,荒川 / basin 40 / 山地斜面等,5,0,5,0,1,low_n_descriptive_only
watersystem_x_unit_basin_x_landform,Jo->Ya,2,B_830304_40_LF_CLASS::氾濫平野・海岸平野,荒川 / basin 40 / 氾濫平野・海岸平野,4,0,4,0,1,low_n_descriptive_only
watersystem_x_unit_basin_x_landform,Jo->Ya,2,B_830304_42_LF_CLASS::台地・段丘,荒川 / basin 42 / 台地・段丘,16,12,4,0.75,0.25,low_n_descriptive_only
watersystem_x_unit_basin_x_landform,Jo->Ya,2,B_830304_42_LF_CLASS::氾濫平野・海岸平野,荒川 / basin 42 / 氾濫平野・海岸平野,3,1,2,0.3333333333333333,0.6666666666666666,low_n_descriptive_only
watersystem_x_unit_basin_x_landform,Jo->Ya,2,B_830304_44_LF_CLASS::氾濫平野・海岸平野,荒川 / basin 44 / 氾濫平野・海岸平野,1,1,0,1,0,low_n_descriptive_only
watersystem_x_unit_basin_x_landform,Jo->Ya,2,B_830304_47_LF_CLASS::凹地・浅い谷,荒川 / basin 47 / 凹地・浅い谷,3,0,3,0,1,low_n_descriptive_only
watersystem_x_unit_basin_x_landform,Jo->Ya,2,B_830304_47_LF_CLASS::台地・段丘,荒川 / basin 47 / 台地・段丘,36,13,23,0.3611111111111111,0.6388888888888888,eligible
watersystem_x_unit_basin_x_landform,Jo->Ya,2,B_830304_47_LF_CLASS::山地斜面等,荒川 / basin 47 / 山地斜面等,16,2,14,0.125,0.875,low_n_descriptive_only
watersystem_x_unit_basin_x_landform,Jo->Ya,2,B_830304_47_LF_CLASS::氾濫平野・海岸平野,荒川 / basin 47 / 氾濫平野・海岸平野,3,1,2,0.3333333333333333,0.6666666666666666,low_n_descriptive_only
watersystem_x_unit_basin_x_landform,Jo->Ya,2,B_830304_51_LF_CLASS::台地・段丘,荒川 / basin 51 / 台地・段丘,4,1,3,0.25,0.75,low_n_descriptive_only
watersystem_x_unit_basin_x_landform,Jo->Ya,2,B_830304_51_LF_CLASS::山地斜面等,荒川 / basin 51 / 山地斜面等,3,3,0,1,0,low_n_descriptive_only
watersystem_x_unit_basin_x_landform,Jo->Ya,2,B_830304_52_LF_CLASS::台地・段丘,荒川 / basin 52 / 台地・段丘,42,11,31,0.2619047619047619,0.7380952380952381,eligible
watersystem_x_unit_basin_x_landform,Jo->Ya,2,B_830304_52_LF_CLASS::山地斜面等,荒川 / basin 52 / 山地斜面等,14,6,8,0.42857142857142855,0.5714285714285714,low_n_descriptive_only
watersystem_x_unit_basin_x_landform,Jo->Ya,2,B_830304_52_LF_CLASS::後背低地・湿地,荒川 / basin 52 / 後背低地・湿地,1,0,1,0,1,low_n_descriptive_only
watersystem_x_unit_basin_x_landform,Jo->Ya,2,B_830304_52_LF_CLASS::水部,荒川 / basin 52 / 水部,1,0,1,0,1,low_n_descriptive_only
watersystem_x_unit_basin_x_landform,Jo->Ya,2,B_830304_52_LF_CLASS::氾濫平野・海岸平野,荒川 / basin 52 / 氾濫平野・海岸平野,6,0,6,0,1,low_n_descriptive_only
watersystem_x_unit_basin_x_landform,Jo->Ya,2,B_830304_53_LF_CLASS::台地・段丘,荒川 / basin 53 / 台地・段丘,3,3,0,1,0,low_n_descriptive_only
watersystem_x_unit_basin_x_landform,Jo->Ya,2,B_830304_53_LF_CLASS::山地斜面等,荒川 / basin 53 / 山地斜面等,2,2,0,1,0,low_n_descriptive_only
watersystem_x_unit_basin_x_landform,Jo->Ya,2,B_830304_54_LF_CLASS::凹地・浅い谷,荒川 / basin 54 / 凹地・浅い谷,4,0,4,0,1,low_n_descriptive_only
watersystem_x_unit_basin_x_landform,Jo->Ya,2,B_830304_54_LF_CLASS::台地・段丘,荒川 / basin 54 / 台地・段丘,23,5,18,0.21739130434782608,0.782608695652174,eligible
watersystem_x_unit_basin_x_landform,Jo->Ya,2,B_830304_54_LF_CLASS::山地斜面等,荒川 / basin 54 / 山地斜面等,22,2,20,0.09090909090909091,0.9090909090909091,eligible
watersystem_x_unit_basin_x_landform,Jo->Ya,2,B_830304_54_LF_CLASS::氾濫平野・海岸平野,荒川 / basin 54 / 氾濫平野・海岸平野,5,0,5,0,1,low_n_descriptive_only
watersystem_x_unit_basin_x_landform,Jo->Ya,2,B_830304_55_LF_CLASS::凹地・浅い谷,荒川 / basin 55 / 凹地・浅い谷,1,1,0,1,0,low_n_descriptive_only
watersystem_x_unit_basin_x_landform,Jo->Ya,2,B_830304_55_LF_CLASS::台地・段丘,荒川 / basin 55 / 台地・段丘,25,18,7,0.72,0.28,eligible
watersystem_x_unit_basin_x_landform,Jo->Ya,2,B_830304_56_LF_CLASS::台地・段丘,荒川 / basin 56 / 台地・段丘,14,9,5,0.6428571428571429,0.35714285714285715,low_n_descriptive_only
watersystem_x_unit_basin_x_landform,Jo->Ya,2,B_830304_56_LF_CLASS::氾濫平野・海岸平野,荒川 / basin 56 / 氾濫平野・海岸平野,2,2,0,1,0,low_n_descriptive_only
watersystem_x_unit_basin_x_landform,Jo->Ya,2,B_830304_57_LF_CLASS::台地・段丘,荒川 / basin 57 / 台地・段丘,24,6,18,0.25,0.75,eligible
watersystem_x_unit_basin_x_landform,Jo->Ya,2,B_830304_57_LF_CLASS::山地斜面等,荒川 / basin 57 / 山地斜面等,20,4,16,0.2,0.8,eligible
watersystem_x_unit_basin_x_landform,Jo->Ya,2,B_830304_57_LF_CLASS::氾濫平野・海岸平野,荒川 / basin 57 / 氾濫平野・海岸平野,8,3,5,0.375,0.625,low_n_descriptive_only
watersystem_x_unit_basin_x_landform,Jo->Ya,2,B_830304_61_LF_CLASS::凹地・浅い谷,荒川 / basin 61 / 凹地・浅い谷,2,0,2,0,1,low_n_descriptive_only
watersystem_x_unit_basin_x_landform,Jo->Ya,2,B_830304_61_LF_CLASS::台地・段丘,荒川 / basin 61 / 台地・段丘,24,14,10,0.5833333333333334,0.4166666666666667,eligible
watersystem_x_unit_basin_x_landform,Jo->Ya,2,B_830304_61_LF_CLASS::山地斜面等,荒川 / basin 61 / 山地斜面等,10,2,8,0.2,0.8,low_n_descriptive_only
watersystem_x_unit_basin_x_landform,Jo->Ya,2,B_830304_61_LF_CLASS::氾濫平野・海岸平野,荒川 / basin 61 / 氾濫平野・海岸平野,1,0,1,0,1,low_n_descriptive_only
watersystem_x_unit_basin_x_landform,Jo->Ya,2,B_830304_63_LF_CLASS::台地・段丘,荒川 / basin 63 / 台地・段丘,2,1,1,0.5,0.5,low_n_descriptive_only
watersystem_x_unit_basin_x_landform,Jo->Ya,2,B_830304_63_LF_CLASS::山地斜面等,荒川 / basin 63 / 山地斜面等,1,0,1,0,1,low_n_descriptive_only
watersystem_x_unit_basin_x_landform,Jo->Ya,2,B_830304_67_LF_CLASS::凹地・浅い谷,荒川 / basin 67 / 凹地・浅い谷,5,0,5,0,1,low_n_descriptive_only
watersystem_x_unit_basin_x_landform,Jo->Ya,2,B_830304_67_LF_CLASS::台地・段丘,荒川 / basin 67 / 台地・段丘,46,1,45,0.021739130434782608,0.9782608695652174,eligible
watersystem_x_unit_basin_x_landform,Jo->Ya,2,B_830304_67_LF_CLASS::山地斜面等,荒川 / basin 67 / 山地斜面等,9,1,8,0.1111111111111111,0.8888888888888888,low_n_descriptive_only
watersystem_x_unit_basin_x_landform,Jo->Ya,2,B_830304_67_LF_CLASS::氾濫平野・海岸平野,荒川 / basin 67 / 氾濫平野・海岸平野,3,0,3,0,1,low_n_descriptive_only
watersystem_x_unit_basin_x_landform,Jo->Ya,2,B_830304_68_LF_CLASS::凹地・浅い谷,荒川 / basin 68 / 凹地・浅い谷,1,0,1,0,1,low_n_descriptive_only
watersystem_x_unit_basin_x_landform,Jo->Ya,2,B_830304_68_LF_CLASS::台地・段丘,荒川 / basin 68 / 台地・段丘,45,1,44,0.022222222222222223,0.9777777777777777,eligible
watersystem_x_unit_basin_x_landform,Jo->Ya,2,B_830304_68_LF_CLASS::山地斜面等,荒川 / basin 68 / 山地斜面等,12,0,12,0,1,low_n_descriptive_only
watersystem_x_unit_basin_x_landform,Jo->Ya,2,B_830304_68_LF_CLASS::氾濫平野・海岸平野,荒川 / basin 68 / 氾濫平野・海岸平野,1,0,1,0,1,low_n_descriptive_only
watersystem_x_unit_basin_x_landform,Jo->Ya,2,B_830304_69_LF_CLASS::台地・段丘,荒川 / basin 69 / 台地・段丘,13,4,9,0.3076923076923077,0.6923076923076923,low_n_descriptive_only
watersystem_x_unit_basin_x_landform,Jo->Ya,2,B_830304_69_LF_CLASS::山地斜面等,荒川 / basin 69 / 山地斜面等,5,1,4,0.2,0.8,low_n_descriptive_only
watersystem_x_unit_basin_x_landform,Jo->Ya,2,B_830304_69_LF_CLASS::氾濫平野・海岸平野,荒川 / basin 69 / 氾濫平野・海岸平野,2,1,1,0.5,0.5,low_n_descriptive_only
watersystem_x_unit_basin_x_landform,Jo->Ya,2,B_830304_70_LF_CLASS::凹地・浅い谷,荒川 / basin 70 / 凹地・浅い谷,2,0,2,0,1,low_n_descriptive_only
watersystem_x_unit_basin_x_landform,Jo->Ya,2,B_830304_70_LF_CLASS::台地・段丘,荒川 / basin 70 / 台地・段丘,30,4,26,0.13333333333333333,0.8666666666666667,eligible
watersystem_x_unit_basin_x_landform,Jo->Ya,2,B_830304_70_LF_CLASS::山地斜面等,荒川 / basin 70 / 山地斜面等,14,1,13,0.07142857142857142,0.9285714285714286,low_n_descriptive_only
watersystem_x_unit_basin_x_landform,Jo->Ya,2,B_830304_70_LF_CLASS::氾濫平野・海岸平野,荒川 / basin 70 / 氾濫平野・海岸平野,6,1,5,0.16666666666666666,0.8333333333333334,low_n_descriptive_only
watersystem_x_unit_basin_x_landform,Jo->Ya,2,B_830304_77_LF_CLASS::台地・段丘,荒川 / basin 77 / 台地・段丘,2,0,2,0,1,low_n_descriptive_only
watersystem_x_unit_basin_x_landform,Jo->Ya,2,B_830304_77_LF_CLASS::氾濫平野・海岸平野,荒川 / basin 77 / 氾濫平野・海岸平野,1,0,1,0,1,low_n_descriptive_only
watersystem_x_unit_basin_x_landform,Jo->Ya,2,B_830304_79_LF_CLASS::凹地・浅い谷,荒川 / basin 79 / 凹地・浅い谷,2,0,2,0,1,low_n_descriptive_only
watersystem_x_unit_basin_x_landform,Jo->Ya,2,B_830304_79_LF_CLASS::台地・段丘,荒川 / basin 79 / 台地・段丘,2,1,1,0.5,0.5,low_n_descriptive_only
watersystem_x_unit_basin_x_landform,Jo->Ya,2,B_830304_79_LF_CLASS::山地斜面等,荒川 / basin 79 / 山地斜面等,1,0,1,0,1,low_n_descriptive_only
watersystem_x_unit_basin_x_landform,Jo->Ya,2,B_830304_80_LF_CLASS::凹地・浅い谷,荒川 / basin 80 / 凹地・浅い谷,2,0,2,0,1,low_n_descriptive_only
watersystem_x_unit_basin_x_landform,Jo->Ya,2,B_830304_80_LF_CLASS::台地・段丘,荒川 / basin 80 / 台地・段丘,47,1,46,0.02127659574468085,0.9787234042553191,eligible
watersystem_x_unit_basin_x_landform,Jo->Ya,2,B_830304_80_LF_CLASS::山地斜面等,荒川 / basin 80 / 山地斜面等,14,1,13,0.07142857142857142,0.9285714285714286,low_n_descriptive_only
watersystem_x_unit_basin_x_landform,Jo->Ya,2,B_830304_80_LF_CLASS::氾濫平野・海岸平野,荒川 / basin 80 / 氾濫平野・海岸平野,1,0,1,0,1,low_n_descriptive_only
watersystem_x_unit_basin_x_landform,Jo->Ya,2,B_830304_82_LF_CLASS::凹地・浅い谷,荒川 / basin 82 / 凹地・浅い谷,1,0,1,0,1,low_n_descriptive_only
watersystem_x_unit_basin_x_landform,Jo->Ya,2,B_830304_82_LF_CLASS::台地・段丘,荒川 / basin 82 / 台地・段丘,17,0,17,0,1,low_n_descriptive_only
watersystem_x_unit_basin_x_landform,Jo->Ya,2,B_830304_82_LF_CLASS::山地斜面等,荒川 / basin 82 / 山地斜面等,7,0,7,0,1,low_n_descriptive_only
watersystem_x_unit_basin_x_landform,Jo->Ya,2,B_830304_83_LF_CLASS::台地・段丘,荒川 / basin 83 / 台地・段丘,18,2,16,0.1111111111111111,0.8888888888888888,low_n_descriptive_only
watersystem_x_unit_basin_x_landform,Jo->Ya,2,B_830304_83_LF_CLASS::山地斜面等,荒川 / basin 83 / 山地斜面等,4,0,4,0,1,low_n_descriptive_only
watersystem_x_unit_basin_x_landform,Jo->Ya,2,B_830304_83_LF_CLASS::崖・段丘崖,荒川 / basin 83 / 崖・段丘崖,1,0,1,0,1,low_n_descriptive_only
watersystem_x_unit_basin_x_landform,Jo->Ya,2,B_830304_83_LF_CLASS::氾濫平野・海岸平野,荒川 / basin 83 / 氾濫平野・海岸平野,1,0,1,0,1,low_n_descriptive_only
watersystem_x_unit_basin_x_landform,Jo->Ya,2,B_830304_86_LF_CLASS::凹地・浅い谷,荒川 / basin 86 / 凹地・浅い谷,1,0,1,0,1,low_n_descriptive_only
watersystem_x_unit_basin_x_landform,Jo->Ya,2,B_830304_86_LF_CLASS::台地・段丘,荒川 / basin 86 / 台地・段丘,20,4,16,0.2,0.8,eligible
watersystem_x_unit_basin_x_landform,Jo->Ya,2,B_830304_86_LF_CLASS::山地斜面等,荒川 / basin 86 / 山地斜面等,48,3,45,0.0625,0.9375,eligible
watersystem_x_unit_basin_x_landform,Jo->Ya,2,B_830304_86_LF_CLASS::山麓堆積地形,荒川 / basin 86 / 山麓堆積地形,2,0,2,0,1,low_n_descriptive_only
watersystem_x_unit_basin_x_landform,Jo->Ya,2,B_830304_86_LF_CLASS::水部,荒川 / basin 86 / 水部,14,0,14,0,1,low_n_descriptive_only
watersystem_x_unit_basin_x_landform,Jo->Ya,2,B_830304_86_LF_CLASS::氾濫平野・海岸平野,荒川 / basin 86 / 氾濫平野・海岸平野,11,3,8,0.2727272727272727,0.7272727272727273,low_n_descriptive_only
watersystem_x_unit_basin_x_landform,Jo->Ya,2,B_830304_87_LF_CLASS::台地・段丘,荒川 / basin 87 / 台地・段丘,1,0,1,0,1,low_n_descriptive_only
watersystem_x_unit_basin_x_landform,Jo->Ya,2,B_830304_87_LF_CLASS::山地斜面等,荒川 / basin 87 / 山地斜面等,13,1,12,0.07692307692307693,0.9230769230769231,low_n_descriptive_only
watersystem_x_unit_basin_x_landform,Jo->Ya,2,B_830304_87_LF_CLASS::氾濫平野・海岸平野,荒川 / basin 87 / 氾濫平野・海岸平野,4,0,4,0,1,low_n_descriptive_only
watersystem_x_unit_basin_x_landform,Jo->Ya,2,B_830304_88_LF_CLASS::台地・段丘,荒川 / basin 88 / 台地・段丘,8,0,8,0,1,low_n_descriptive_only
watersystem_x_unit_basin_x_landform,Jo->Ya,2,B_830304_88_LF_CLASS::山地斜面等,荒川 / basin 88 / 山地斜面等,15,2,13,0.13333333333333333,0.8666666666666667,low_n_descriptive_only
watersystem_x_unit_basin_x_landform,Jo->Ya,2,B_830304_88_LF_CLASS::山麓堆積地形,荒川 / basin 88 / 山麓堆積地形,1,0,1,0,1,low_n_descriptive_only
watersystem_x_unit_basin_x_landform,Jo->Ya,2,B_830304_98_LF_CLASS::山地斜面等,荒川 / basin 98 / 山地斜面等,1,0,1,0,1,low_n_descriptive_only
watersystem_x_unit_basin_x_landform,Jo->Ya,2,B_830305_10_LF_CLASS::台地・段丘,多摩川 / basin 10 / 台地・段丘,19,6,13,0.3157894736842105,0.6842105263157895,low_n_descriptive_only
watersystem_x_unit_basin_x_landform,Jo->Ya,2,B_830305_10_LF_CLASS::氾濫平野・海岸平野,多摩川 / basin 10 / 氾濫平野・海岸平野,1,0,1,0,1,low_n_descriptive_only
watersystem_x_unit_basin_x_landform,Jo->Ya,2,B_830305_12_LF_CLASS::凹地・浅い谷,多摩川 / basin 12 / 凹地・浅い谷,2,1,1,0.5,0.5,low_n_descriptive_only
watersystem_x_unit_basin_x_landform,Jo->Ya,2,B_830305_12_LF_CLASS::台地・段丘,多摩川 / basin 12 / 台地・段丘,16,5,11,0.3125,0.6875,low_n_descriptive_only
watersystem_x_unit_basin_x_landform,Jo->Ya,2,B_830305_13_LF_CLASS::台地・段丘,多摩川 / basin 13 / 台地・段丘,6,1,5,0.16666666666666666,0.8333333333333334,low_n_descriptive_only
watersystem_x_unit_basin_x_landform,Jo->Ya,2,B_830305_13_LF_CLASS::氾濫平野・海岸平野,多摩川 / basin 13 / 氾濫平野・海岸平野,3,2,1,0.6666666666666666,0.3333333333333333,low_n_descriptive_only
watersystem_x_unit_basin_x_landform,Jo->Ya,2,B_830305_14_LF_CLASS::凹地・浅い谷,多摩川 / basin 14 / 凹地・浅い谷,2,0,2,0,1,low_n_descriptive_only
watersystem_x_unit_basin_x_landform,Jo->Ya,2,B_830305_14_LF_CLASS::台地・段丘,多摩川 / basin 14 / 台地・段丘,31,6,25,0.1935483870967742,0.8064516129032258,eligible
watersystem_x_unit_basin_x_landform,Jo->Ya,2,B_830305_14_LF_CLASS::山地斜面等,多摩川 / basin 14 / 山地斜面等,2,0,2,0,1,low_n_descriptive_only
watersystem_x_unit_basin_x_landform,Jo->Ya,2,B_830305_14_LF_CLASS::崖・段丘崖,多摩川 / basin 14 / 崖・段丘崖,1,0,1,0,1,low_n_descriptive_only
watersystem_x_unit_basin_x_landform,Jo->Ya,2,B_830305_14_LF_CLASS::氾濫平野・海岸平野,多摩川 / basin 14 / 氾濫平野・海岸平野,1,0,1,0,1,low_n_descriptive_only
watersystem_x_unit_basin_x_landform,Jo->Ya,2,B_830305_16_LF_CLASS::台地・段丘,多摩川 / basin 16 / 台地・段丘,10,1,9,0.1,0.9,low_n_descriptive_only
watersystem_x_unit_basin_x_landform,Jo->Ya,2,B_830305_16_LF_CLASS::山地斜面等,多摩川 / basin 16 / 山地斜面等,2,0,2,0,1,low_n_descriptive_only
watersystem_x_unit_basin_x_landform,Jo->Ya,2,B_830305_16_LF_CLASS::崖・段丘崖,多摩川 / basin 16 / 崖・段丘崖,2,0,2,0,1,low_n_descriptive_only
watersystem_x_unit_basin_x_landform,Jo->Ya,2,B_830305_17_LF_CLASS::台地・段丘,多摩川 / basin 17 / 台地・段丘,14,1,13,0.07142857142857142,0.9285714285714286,low_n_descriptive_only
watersystem_x_unit_basin_x_landform,Jo->Ya,2,B_830305_17_LF_CLASS::山地斜面等,多摩川 / basin 17 / 山地斜面等,75,5,70,0.06666666666666667,0.9333333333333333,eligible
watersystem_x_unit_basin_x_landform,Jo->Ya,2,B_830305_17_LF_CLASS::山麓堆積地形,多摩川 / basin 17 / 山麓堆積地形,1,0,1,0,1,low_n_descriptive_only
watersystem_x_unit_basin_x_landform,Jo->Ya,2,B_830305_17_LF_CLASS::氾濫平野・海岸平野,多摩川 / basin 17 / 氾濫平野・海岸平野,6,1,5,0.16666666666666666,0.8333333333333334,low_n_descriptive_only
watersystem_x_unit_basin_x_landform,Jo->Ya,2,B_830305_18_LF_CLASS::凹地・浅い谷,多摩川 / basin 18 / 凹地・浅い谷,4,0,4,0,1,low_n_descriptive_only
watersystem_x_unit_basin_x_landform,Jo->Ya,2,B_830305_18_LF_CLASS::台地・段丘,多摩川 / basin 18 / 台地・段丘,72,6,66,0.08333333333333333,0.9166666666666666,eligible
watersystem_x_unit_basin_x_landform,Jo->Ya,2,B_830305_18_LF_CLASS::山地斜面等,多摩川 / basin 18 / 山地斜面等,7,0,7,0,1,low_n_descriptive_only
watersystem_x_unit_basin_x_landform,Jo->Ya,2,B_830305_18_LF_CLASS::崖・段丘崖,多摩川 / basin 18 / 崖・段丘崖,6,0,6,0,1,low_n_descriptive_only
watersystem_x_unit_basin_x_landform,Jo->Ya,2,B_830305_18_LF_CLASS::水部,多摩川 / basin 18 / 水部,1,0,1,0,1,low_n_descriptive_only
watersystem_x_unit_basin_x_landform,Jo->Ya,2,B_830305_18_LF_CLASS::氾濫平野・海岸平野,多摩川 / basin 18 / 氾濫平野・海岸平野,10,1,9,0.1,0.9,low_n_descriptive_only
watersystem_x_unit_basin_x_landform,Jo->Ya,2,B_830305_19_LF_CLASS::凹地・浅い谷,多摩川 / basin 19 / 凹地・浅い谷,3,0,3,0,1,low_n_descriptive_only
watersystem_x_unit_basin_x_landform,Jo->Ya,2,B_830305_19_LF_CLASS::台地・段丘,多摩川 / basin 19 / 台地・段丘,12,0,12,0,1,low_n_descriptive_only
watersystem_x_unit_basin_x_landform,Jo->Ya,2,B_830305_19_LF_CLASS::山地斜面等,多摩川 / basin 19 / 山地斜面等,7,0,7,0,1,low_n_descriptive_only
watersystem_x_unit_basin_x_landform,Jo->Ya,2,B_830305_19_LF_CLASS::氾濫平野・海岸平野,多摩川 / basin 19 / 氾濫平野・海岸平野,2,0,2,0,1,low_n_descriptive_only
watersystem_x_unit_basin_x_landform,Jo->Ya,2,B_830305_20_LF_CLASS::台地・段丘,多摩川 / basin 20 / 台地・段丘,11,0,11,0,1,low_n_descriptive_only
watersystem_x_unit_basin_x_landform,Jo->Ya,2,B_830305_20_LF_CLASS::氾濫平野・海岸平野,多摩川 / basin 20 / 氾濫平野・海岸平野,2,1,1,0.5,0.5,low_n_descriptive_only
watersystem_x_unit_basin_x_landform,Jo->Ya,2,B_830305_21_LF_CLASS::台地・段丘,多摩川 / basin 21 / 台地・段丘,1,0,1,0,1,low_n_descriptive_only
watersystem_x_unit_basin_x_landform,Jo->Ya,2,B_830305_21_LF_CLASS::氾濫平野・海岸平野,多摩川 / basin 21 / 氾濫平野・海岸平野,1,0,1,0,1,low_n_descriptive_only
watersystem_x_unit_basin_x_landform,Jo->Ya,2,B_830305_22_LF_CLASS::台地・段丘,多摩川 / basin 22 / 台地・段丘,13,0,13,0,1,low_n_descriptive_only
watersystem_x_unit_basin_x_landform,Jo->Ya,2,B_830305_22_LF_CLASS::山地斜面等,多摩川 / basin 22 / 山地斜面等,148,5,143,0.033783783783783786,0.9662162162162162,eligible
watersystem_x_unit_basin_x_landform,Jo->Ya,2,B_830305_22_LF_CLASS::山麓堆積地形,多摩川 / basin 22 / 山麓堆積地形,11,2,9,0.18181818181818182,0.8181818181818182,low_n_descriptive_only
watersystem_x_unit_basin_x_landform,Jo->Ya,2,B_830305_22_LF_CLASS::旧河道,多摩川 / basin 22 / 旧河道,1,0,1,0,1,low_n_descriptive_only
watersystem_x_unit_basin_x_landform,Jo->Ya,2,B_830305_22_LF_CLASS::水部,多摩川 / basin 22 / 水部,1,0,1,0,1,low_n_descriptive_only
watersystem_x_unit_basin_x_landform,Jo->Ya,2,B_830305_22_LF_CLASS::氾濫平野・海岸平野,多摩川 / basin 22 / 氾濫平野・海岸平野,23,0,23,0,1,eligible
watersystem_x_unit_basin_x_landform,Jo->Ya,2,B_830305_23_LF_CLASS::台地・段丘,多摩川 / basin 23 / 台地・段丘,20,2,18,0.1,0.9,eligible
watersystem_x_unit_basin_x_landform,Jo->Ya,2,B_830305_23_LF_CLASS::山地斜面等,多摩川 / basin 23 / 山地斜面等,108,3,105,0.027777777777777776,0.9722222222222222,eligible
watersystem_x_unit_basin_x_landform,Jo->Ya,2,B_830305_23_LF_CLASS::山麓堆積地形,多摩川 / basin 23 / 山麓堆積地形,6,2,4,0.3333333333333333,0.6666666666666666,low_n_descriptive_only
watersystem_x_unit_basin_x_landform,Jo->Ya,2,B_830305_23_LF_CLASS::崖・段丘崖,多摩川 / basin 23 / 崖・段丘崖,1,0,1,0,1,low_n_descriptive_only
watersystem_x_unit_basin_x_landform,Jo->Ya,2,B_830305_23_LF_CLASS::旧河道,多摩川 / basin 23 / 旧河道,1,0,1,0,1,low_n_descriptive_only
watersystem_x_unit_basin_x_landform,Jo->Ya,2,B_830305_23_LF_CLASS::氾濫平野・海岸平野,多摩川 / basin 23 / 氾濫平野・海岸平野,24,2,22,0.08333333333333333,0.9166666666666666,eligible
watersystem_x_unit_basin_x_landform,Jo->Ya,2,B_830305_24_LF_CLASS::台地・段丘,多摩川 / basin 24 / 台地・段丘,3,0,3,0,1,low_n_descriptive_only
watersystem_x_unit_basin_x_landform,Jo->Ya,2,B_830305_24_LF_CLASS::山地斜面等,多摩川 / basin 24 / 山地斜面等,4,0,4,0,1,low_n_descriptive_only
watersystem_x_unit_basin_x_landform,Jo->Ya,2,B_830305_25_LF_CLASS::凹地・浅い谷,多摩川 / basin 25 / 凹地・浅い谷,1,0,1,0,1,low_n_descriptive_only
watersystem_x_unit_basin_x_landform,Jo->Ya,2,B_830305_25_LF_CLASS::台地・段丘,多摩川 / basin 25 / 台地・段丘,8,1,7,0.125,0.875,low_n_descriptive_only
watersystem_x_unit_basin_x_landform,Jo->Ya,2,B_830305_25_LF_CLASS::氾濫平野・海岸平野,多摩川 / basin 25 / 氾濫平野・海岸平野,1,0,1,0,1,low_n_descriptive_only
watersystem_x_unit_basin_x_landform,Jo->Ya,2,B_830305_26_LF_CLASS::凹地・浅い谷,多摩川 / basin 26 / 凹地・浅い谷,1,0,1,0,1,low_n_descriptive_only
watersystem_x_unit_basin_x_landform,Jo->Ya,2,B_830305_26_LF_CLASS::台地・段丘,多摩川 / basin 26 / 台地・段丘,4,0,4,0,1,low_n_descriptive_only
watersystem_x_unit_basin_x_landform,Jo->Ya,2,B_830305_26_LF_CLASS::氾濫平野・海岸平野,多摩川 / basin 26 / 氾濫平野・海岸平野,1,0,1,0,1,low_n_descriptive_only
watersystem_x_unit_basin_x_landform,Jo->Ya,2,B_830305_27_LF_CLASS::凹地・浅い谷,多摩川 / basin 27 / 凹地・浅い谷,1,0,1,0,1,low_n_descriptive_only
watersystem_x_unit_basin_x_landform,Jo->Ya,2,B_830305_27_LF_CLASS::台地・段丘,多摩川 / basin 27 / 台地・段丘,5,2,3,0.4,0.6,low_n_descriptive_only
watersystem_x_unit_basin_x_landform,Jo->Ya,2,B_830305_28_LF_CLASS::台地・段丘,多摩川 / basin 28 / 台地・段丘,3,1,2,0.3333333333333333,0.6666666666666666,low_n_descriptive_only
watersystem_x_unit_basin_x_landform,Jo->Ya,2,B_830305_28_LF_CLASS::山地斜面等,多摩川 / basin 28 / 山地斜面等,151,6,145,0.039735099337748346,0.9602649006622517,eligible
watersystem_x_unit_basin_x_landform,Jo->Ya,2,B_830305_28_LF_CLASS::山麓堆積地形,多摩川 / basin 28 / 山麓堆積地形,6,0,6,0,1,low_n_descriptive_only
watersystem_x_unit_basin_x_landform,Jo->Ya,2,B_830305_28_LF_CLASS::氾濫平野・海岸平野,多摩川 / basin 28 / 氾濫平野・海岸平野,20,1,19,0.05,0.95,eligible
watersystem_x_unit_basin_x_landform,Jo->Ya,2,B_830305_29_LF_CLASS::台地・段丘,多摩川 / basin 29 / 台地・段丘,1,0,1,0,1,low_n_descriptive_only
watersystem_x_unit_basin_x_landform,Jo->Ya,2,B_830305_2_LF_CLASS::台地・段丘,多摩川 / basin 2 / 台地・段丘,8,4,4,0.5,0.5,low_n_descriptive_only
watersystem_x_unit_basin_x_landform,Jo->Ya,2,B_830305_2_LF_CLASS::山地斜面等,多摩川 / basin 2 / 山地斜面等,1,1,0,1,0,low_n_descriptive_only
watersystem_x_unit_basin_x_landform,Jo->Ya,2,B_830305_2_LF_CLASS::崖・段丘崖,多摩川 / basin 2 / 崖・段丘崖,1,0,1,0,1,low_n_descriptive_only
watersystem_x_unit_basin_x_landform,Jo->Ya,2,B_830305_30_LF_CLASS::凹地・浅い谷,多摩川 / basin 30 / 凹地・浅い谷,1,1,0,1,0,low_n_descriptive_only
watersystem_x_unit_basin_x_landform,Jo->Ya,2,B_830305_30_LF_CLASS::台地・段丘,多摩川 / basin 30 / 台地・段丘,13,2,11,0.15384615384615385,0.8461538461538461,low_n_descriptive_only
watersystem_x_unit_basin_x_landform,Jo->Ya,2,B_830305_30_LF_CLASS::山地斜面等,多摩川 / basin 30 / 山地斜面等,134,12,122,0.08955223880597014,0.9104477611940298,eligible
watersystem_x_unit_basin_x_landform,Jo->Ya,2,B_830305_30_LF_CLASS::山麓堆積地形,多摩川 / basin 30 / 山麓堆積地形,5,0,5,0,1,low_n_descriptive_only
watersystem_x_unit_basin_x_landform,Jo->Ya,2,B_830305_30_LF_CLASS::氾濫平野・海岸平野,多摩川 / basin 30 / 氾濫平野・海岸平野,19,1,18,0.05263157894736842,0.9473684210526315,low_n_descriptive_only
watersystem_x_unit_basin_x_landform,Jo->Ya,2,B_830305_31_LF_CLASS::台地・段丘,多摩川 / basin 31 / 台地・段丘,3,0,3,0,1,low_n_descriptive_only
watersystem_x_unit_basin_x_landform,Jo->Ya,2,B_830305_32_LF_CLASS::台地・段丘,多摩川 / basin 32 / 台地・段丘,2,0,2,0,1,low_n_descriptive_only
watersystem_x_unit_basin_x_landform,Jo->Ya,2,B_830305_32_LF_CLASS::山地斜面等,多摩川 / basin 32 / 山地斜面等,5,1,4,0.2,0.8,low_n_descriptive_only
watersystem_x_unit_basin_x_landform,Jo->Ya,2,B_830305_33_LF_CLASS::凹地・浅い谷,多摩川 / basin 33 / 凹地・浅い谷,2,0,2,0,1,low_n_descriptive_only
watersystem_x_unit_basin_x_landform,Jo->Ya,2,B_830305_33_LF_CLASS::台地・段丘,多摩川 / basin 33 / 台地・段丘,20,0,20,0,1,eligible
watersystem_x_unit_basin_x_landform,Jo->Ya,2,B_830305_33_LF_CLASS::山地斜面等,多摩川 / basin 33 / 山地斜面等,8,1,7,0.125,0.875,low_n_descriptive_only
watersystem_x_unit_basin_x_landform,Jo->Ya,2,B_830305_33_LF_CLASS::氾濫平野・海岸平野,多摩川 / basin 33 / 氾濫平野・海岸平野,1,0,1,0,1,low_n_descriptive_only
watersystem_x_unit_basin_x_landform,Jo->Ya,2,B_830305_34_LF_CLASS::凹地・浅い谷,多摩川 / basin 34 / 凹地・浅い谷,2,1,1,0.5,0.5,low_n_descriptive_only
watersystem_x_unit_basin_x_landform,Jo->Ya,2,B_830305_34_LF_CLASS::台地・段丘,多摩川 / basin 34 / 台地・段丘,16,0,16,0,1,low_n_descriptive_only
watersystem_x_unit_basin_x_landform,Jo->Ya,2,B_830305_34_LF_CLASS::山地斜面等,多摩川 / basin 34 / 山地斜面等,13,0,13,0,1,low_n_descriptive_only
watersystem_x_unit_basin_x_landform,Jo->Ya,2,B_830305_34_LF_CLASS::氾濫平野・海岸平野,多摩川 / basin 34 / 氾濫平野・海岸平野,2,2,0,1,0,low_n_descriptive_only
watersystem_x_unit_basin_x_landform,Jo->Ya,2,B_830305_35_LF_CLASS::台地・段丘,多摩川 / basin 35 / 台地・段丘,18,3,15,0.16666666666666666,0.8333333333333334,low_n_descriptive_only
watersystem_x_unit_basin_x_landform,Jo->Ya,2,B_830305_35_LF_CLASS::山地斜面等,多摩川 / basin 35 / 山地斜面等,37,9,28,0.24324324324324326,0.7567567567567568,eligible
watersystem_x_unit_basin_x_landform,Jo->Ya,2,B_830305_35_LF_CLASS::山麓堆積地形,多摩川 / basin 35 / 山麓堆積地形,3,0,3,0,1,low_n_descriptive_only
watersystem_x_unit_basin_x_landform,Jo->Ya,2,B_830305_35_LF_CLASS::氾濫平野・海岸平野,多摩川 / basin 35 / 氾濫平野・海岸平野,5,0,5,0,1,low_n_descriptive_only
watersystem_x_unit_basin_x_landform,Jo->Ya,2,B_830305_36_LF_CLASS::台地・段丘,多摩川 / basin 36 / 台地・段丘,6,3,3,0.5,0.5,low_n_descriptive_only
watersystem_x_unit_basin_x_landform,Jo->Ya,2,B_830305_36_LF_CLASS::山地斜面等,多摩川 / basin 36 / 山地斜面等,39,1,38,0.02564102564102564,0.9743589743589743,eligible
watersystem_x_unit_basin_x_landform,Jo->Ya,2,B_830305_36_LF_CLASS::氾濫平野・海岸平野,多摩川 / basin 36 / 氾濫平野・海岸平野,3,0,3,0,1,low_n_descriptive_only
watersystem_x_unit_basin_x_landform,Jo->Ya,2,B_830305_37_LF_CLASS::台地・段丘,多摩川 / basin 37 / 台地・段丘,4,2,2,0.5,0.5,low_n_descriptive_only
watersystem_x_unit_basin_x_landform,Jo->Ya,2,B_830305_37_LF_CLASS::山地斜面等,多摩川 / basin 37 / 山地斜面等,2,1,1,0.5,0.5,low_n_descriptive_only
watersystem_x_unit_basin_x_landform,Jo->Ya,2,B_830305_38_LF_CLASS::台地・段丘,多摩川 / basin 38 / 台地・段丘,4,1,3,0.25,0.75,low_n_descriptive_only
watersystem_x_unit_basin_x_landform,Jo->Ya,2,B_830305_38_LF_CLASS::山地斜面等,多摩川 / basin 38 / 山地斜面等,1,0,1,0,1,low_n_descriptive_only
watersystem_x_unit_basin_x_landform,Jo->Ya,2,B_830305_39_LF_CLASS::台地・段丘,多摩川 / basin 39 / 台地・段丘,2,0,2,0,1,low_n_descriptive_only
watersystem_x_unit_basin_x_landform,Jo->Ya,2,B_830305_3_LF_CLASS::台地・段丘,多摩川 / basin 3 / 台地・段丘,6,2,4,0.3333333333333333,0.6666666666666666,low_n_descriptive_only
watersystem_x_unit_basin_x_landform,Jo->Ya,2,B_830305_3_LF_CLASS::山地斜面等,多摩川 / basin 3 / 山地斜面等,3,0,3,0,1,low_n_descriptive_only
watersystem_x_unit_basin_x_landform,Jo->Ya,2,B_830305_40_LF_CLASS::凹地・浅い谷,多摩川 / basin 40 / 凹地・浅い谷,2,1,1,0.5,0.5,low_n_descriptive_only
watersystem_x_unit_basin_x_landform,Jo->Ya,2,B_830305_40_LF_CLASS::台地・段丘,多摩川 / basin 40 / 台地・段丘,28,12,16,0.42857142857142855,0.5714285714285714,eligible
watersystem_x_unit_basin_x_landform,Jo->Ya,2,B_830305_40_LF_CLASS::山地斜面等,多摩川 / basin 40 / 山地斜面等,26,4,22,0.15384615384615385,0.8461538461538461,eligible
watersystem_x_unit_basin_x_landform,Jo->Ya,2,B_830305_40_LF_CLASS::山麓堆積地形,多摩川 / basin 40 / 山麓堆積地形,1,0,1,0,1,low_n_descriptive_only
watersystem_x_unit_basin_x_landform,Jo->Ya,2,B_830305_40_LF_CLASS::崖・段丘崖,多摩川 / basin 40 / 崖・段丘崖,1,0,1,0,1,low_n_descriptive_only
watersystem_x_unit_basin_x_landform,Jo->Ya,2,B_830305_40_LF_CLASS::氾濫平野・海岸平野,多摩川 / basin 40 / 氾濫平野・海岸平野,1,0,1,0,1,low_n_descriptive_only
watersystem_x_unit_basin_x_landform,Jo->Ya,2,B_830305_41_LF_CLASS::台地・段丘,多摩川 / basin 41 / 台地・段丘,6,4,2,0.6666666666666666,0.3333333333333333,low_n_descriptive_only
watersystem_x_unit_basin_x_landform,Jo->Ya,2,B_830305_41_LF_CLASS::山地斜面等,多摩川 / basin 41 / 山地斜面等,1,0,1,0,1,low_n_descriptive_only
watersystem_x_unit_basin_x_landform,Jo->Ya,2,B_830305_41_LF_CLASS::氾濫平野・海岸平野,多摩川 / basin 41 / 氾濫平野・海岸平野,1,0,1,0,1,low_n_descriptive_only
watersystem_x_unit_basin_x_landform,Jo->Ya,2,B_830305_42_LF_CLASS::台地・段丘,多摩川 / basin 42 / 台地・段丘,17,0,17,0,1,low_n_descriptive_only
watersystem_x_unit_basin_x_landform,Jo->Ya,2,B_830305_42_LF_CLASS::山地斜面等,多摩川 / basin 42 / 山地斜面等,3,0,3,0,1,low_n_descriptive_only
watersystem_x_unit_basin_x_landform,Jo->Ya,2,B_830305_42_LF_CLASS::崖・段丘崖,多摩川 / basin 42 / 崖・段丘崖,1,0,1,0,1,low_n_descriptive_only
watersystem_x_unit_basin_x_landform,Jo->Ya,2,B_830305_43_LF_CLASS::凹地・浅い谷,多摩川 / basin 43 / 凹地・浅い谷,1,1,0,1,0,low_n_descriptive_only
watersystem_x_unit_basin_x_landform,Jo->Ya,2,B_830305_43_LF_CLASS::台地・段丘,多摩川 / basin 43 / 台地・段丘,36,2,34,0.05555555555555555,0.9444444444444444,eligible
watersystem_x_unit_basin_x_landform,Jo->Ya,2,B_830305_43_LF_CLASS::山地斜面等,多摩川 / basin 43 / 山地斜面等,5,0,5,0,1,low_n_descriptive_only
watersystem_x_unit_basin_x_landform,Jo->Ya,2,B_830305_43_LF_CLASS::崖・段丘崖,多摩川 / basin 43 / 崖・段丘崖,1,0,1,0,1,low_n_descriptive_only
watersystem_x_unit_basin_x_landform,Jo->Ya,2,B_830305_44_LF_CLASS::台地・段丘,多摩川 / basin 44 / 台地・段丘,3,1,2,0.3333333333333333,0.6666666666666666,low_n_descriptive_only
watersystem_x_unit_basin_x_landform,Jo->Ya,2,B_830305_44_LF_CLASS::山地斜面等,多摩川 / basin 44 / 山地斜面等,8,0,8,0,1,low_n_descriptive_only
watersystem_x_unit_basin_x_landform,Jo->Ya,2,B_830305_44_LF_CLASS::氾濫平野・海岸平野,多摩川 / basin 44 / 氾濫平野・海岸平野,2,0,2,0,1,low_n_descriptive_only
watersystem_x_unit_basin_x_landform,Jo->Ya,2,B_830305_46_LF_CLASS::台地・段丘,多摩川 / basin 46 / 台地・段丘,14,1,13,0.07142857142857142,0.9285714285714286,low_n_descriptive_only
watersystem_x_unit_basin_x_landform,Jo->Ya,2,B_830305_46_LF_CLASS::山地斜面等,多摩川 / basin 46 / 山地斜面等,2,0,2,0,1,low_n_descriptive_only
watersystem_x_unit_basin_x_landform,Jo->Ya,2,B_830305_46_LF_CLASS::山麓堆積地形,多摩川 / basin 46 / 山麓堆積地形,1,0,1,0,1,low_n_descriptive_only
watersystem_x_unit_basin_x_landform,Jo->Ya,2,B_830305_46_LF_CLASS::崖・段丘崖,多摩川 / basin 46 / 崖・段丘崖,1,0,1,0,1,low_n_descriptive_only
watersystem_x_unit_basin_x_landform,Jo->Ya,2,B_830305_46_LF_CLASS::氾濫平野・海岸平野,多摩川 / basin 46 / 氾濫平野・海岸平野,1,0,1,0,1,low_n_descriptive_only
watersystem_x_unit_basin_x_landform,Jo->Ya,2,B_830305_47_LF_CLASS::台地・段丘,多摩川 / basin 47 / 台地・段丘,1,1,0,1,0,low_n_descriptive_only
watersystem_x_unit_basin_x_landform,Jo->Ya,2,B_830305_48_LF_CLASS::台地・段丘,多摩川 / basin 48 / 台地・段丘,8,2,6,0.25,0.75,low_n_descriptive_only
watersystem_x_unit_basin_x_landform,Jo->Ya,2,B_830305_48_LF_CLASS::山地斜面等,多摩川 / basin 48 / 山地斜面等,7,3,4,0.42857142857142855,0.5714285714285714,low_n_descriptive_only
watersystem_x_unit_basin_x_landform,Jo->Ya,2,B_830305_48_LF_CLASS::扇状地,多摩川 / basin 48 / 扇状地,1,0,1,0,1,low_n_descriptive_only
watersystem_x_unit_basin_x_landform,Jo->Ya,2,B_830305_48_LF_CLASS::氾濫平野・海岸平野,多摩川 / basin 48 / 氾濫平野・海岸平野,2,0,2,0,1,low_n_descriptive_only
watersystem_x_unit_basin_x_landform,Jo->Ya,2,B_830305_49_LF_CLASS::山地斜面等,多摩川 / basin 49 / 山地斜面等,2,0,2,0,1,low_n_descriptive_only
watersystem_x_unit_basin_x_landform,Jo->Ya,2,B_830305_49_LF_CLASS::氾濫平野・海岸平野,多摩川 / basin 49 / 氾濫平野・海岸平野,1,0,1,0,1,low_n_descriptive_only
watersystem_x_unit_basin_x_landform,Jo->Ya,2,B_830305_50_LF_CLASS::台地・段丘,多摩川 / basin 50 / 台地・段丘,5,1,4,0.2,0.8,low_n_descriptive_only
watersystem_x_unit_basin_x_landform,Jo->Ya,2,B_830305_51_LF_CLASS::台地・段丘,多摩川 / basin 51 / 台地・段丘,3,0,3,0,1,low_n_descriptive_only
watersystem_x_unit_basin_x_landform,Jo->Ya,2,B_830305_51_LF_CLASS::山地斜面等,多摩川 / basin 51 / 山地斜面等,2,0,2,0,1,low_n_descriptive_only
watersystem_x_unit_basin_x_landform,Jo->Ya,2,B_830305_51_LF_CLASS::氾濫平野・海岸平野,多摩川 / basin 51 / 氾濫平野・海岸平野,1,0,1,0,1,low_n_descriptive_only
watersystem_x_unit_basin_x_landform,Jo->Ya,2,B_830305_52_LF_CLASS::台地・段丘,多摩川 / basin 52 / 台地・段丘,5,0,5,0,1,low_n_descriptive_only
watersystem_x_unit_basin_x_landform,Jo->Ya,2,B_830305_55_LF_CLASS::台地・段丘,多摩川 / basin 55 / 台地・段丘,3,0,3,0,1,low_n_descriptive_only
watersystem_x_unit_basin_x_landform,Jo->Ya,2,B_830305_55_LF_CLASS::氾濫平野・海岸平野,多摩川 / basin 55 / 氾濫平野・海岸平野,1,0,1,0,1,low_n_descriptive_only
watersystem_x_unit_basin_x_landform,Jo->Ya,2,B_830305_56_LF_CLASS::台地・段丘,多摩川 / basin 56 / 台地・段丘,9,1,8,0.1111111111111111,0.8888888888888888,low_n_descriptive_only
watersystem_x_unit_basin_x_landform,Jo->Ya,2,B_830305_56_LF_CLASS::山地斜面等,多摩川 / basin 56 / 山地斜面等,1,1,0,1,0,low_n_descriptive_only
watersystem_x_unit_basin_x_landform,Jo->Ya,2,B_830305_57_LF_CLASS::台地・段丘,多摩川 / basin 57 / 台地・段丘,1,0,1,0,1,low_n_descriptive_only
watersystem_x_unit_basin_x_landform,Jo->Ya,2,B_830305_57_LF_CLASS::崖・段丘崖,多摩川 / basin 57 / 崖・段丘崖,1,0,1,0,1,low_n_descriptive_only
watersystem_x_unit_basin_x_landform,Jo->Ya,2,B_830305_58_LF_CLASS::氾濫平野・海岸平野,多摩川 / basin 58 / 氾濫平野・海岸平野,1,0,1,0,1,low_n_descriptive_only
watersystem_x_unit_basin_x_landform,Jo->Ya,2,B_830305_5_LF_CLASS::凹地・浅い谷,多摩川 / basin 5 / 凹地・浅い谷,1,0,1,0,1,low_n_descriptive_only
watersystem_x_unit_basin_x_landform,Jo->Ya,2,B_830305_5_LF_CLASS::台地・段丘,多摩川 / basin 5 / 台地・段丘,3,0,3,0,1,low_n_descriptive_only
watersystem_x_unit_basin_x_landform,Jo->Ya,2,B_830305_5_LF_CLASS::山地斜面等,多摩川 / basin 5 / 山地斜面等,1,0,1,0,1,low_n_descriptive_only
watersystem_x_unit_basin_x_landform,Jo->Ya,2,B_830305_71_LF_CLASS::台地・段丘,多摩川 / basin 71 / 台地・段丘,1,1,0,1,0,low_n_descriptive_only
watersystem_x_unit_basin_x_landform,Jo->Ya,2,B_830305_72_LF_CLASS::台地・段丘,多摩川 / basin 72 / 台地・段丘,2,0,2,0,1,low_n_descriptive_only
watersystem_x_unit_basin_x_landform,Jo->Ya,2,B_830305_72_LF_CLASS::山地斜面等,多摩川 / basin 72 / 山地斜面等,7,0,7,0,1,low_n_descriptive_only
watersystem_x_unit_basin_x_landform,Jo->Ya,2,B_830305_72_LF_CLASS::氾濫平野・海岸平野,多摩川 / basin 72 / 氾濫平野・海岸平野,1,0,1,0,1,low_n_descriptive_only
watersystem_x_unit_basin_x_landform,Jo->Ya,2,B_830305_73_LF_CLASS::台地・段丘,多摩川 / basin 73 / 台地・段丘,4,0,4,0,1,low_n_descriptive_only
watersystem_x_unit_basin_x_landform,Jo->Ya,2,B_830305_73_LF_CLASS::山地斜面等,多摩川 / basin 73 / 山地斜面等,1,0,1,0,1,low_n_descriptive_only
watersystem_x_unit_basin_x_landform,Jo->Ya,2,B_830305_74_LF_CLASS::台地・段丘,多摩川 / basin 74 / 台地・段丘,1,0,1,0,1,low_n_descriptive_only
watersystem_x_unit_basin_x_landform,Jo->Ya,2,B_830305_75_LF_CLASS::台地・段丘,多摩川 / basin 75 / 台地・段丘,5,1,4,0.2,0.8,low_n_descriptive_only
watersystem_x_unit_basin_x_landform,Jo->Ya,2,B_830305_75_LF_CLASS::山地斜面等,多摩川 / basin 75 / 山地斜面等,1,0,1,0,1,low_n_descriptive_only
watersystem_x_unit_basin_x_landform,Jo->Ya,2,B_830305_75_LF_CLASS::山麓堆積地形,多摩川 / basin 75 / 山麓堆積地形,1,0,1,0,1,low_n_descriptive_only
watersystem_x_unit_basin_x_landform,Jo->Ya,2,B_830305_76_LF_CLASS::山地斜面等,多摩川 / basin 76 / 山地斜面等,1,0,1,0,1,low_n_descriptive_only
watersystem_x_unit_basin_x_landform,Jo->Ya,2,B_830305_8_LF_CLASS::台地・段丘,多摩川 / basin 8 / 台地・段丘,17,5,12,0.29411764705882354,0.7058823529411765,low_n_descriptive_only
watersystem_x_unit_basin_x_landform,Jo->Ya,2,B_830305_8_LF_CLASS::山地斜面等,多摩川 / basin 8 / 山地斜面等,1,0,1,0,1,low_n_descriptive_only
watersystem_x_unit_basin_x_landform,Jo->Ya,2,B_830305_8_LF_CLASS::氾濫平野・海岸平野,多摩川 / basin 8 / 氾濫平野・海岸平野,1,1,0,1,0,low_n_descriptive_only
watersystem_x_unit_basin_x_landform,Jo->Ya,2,B_830305_9_LF_CLASS::氾濫平野・海岸平野,多摩川 / basin 9 / 氾濫平野・海岸平野,1,0,1,0,1,low_n_descriptive_only
watersystem_x_unit_basin_x_landform,Jo->Ya,2,B_830306_16_LF_CLASS::台地・段丘,鶴見川 / basin 16 / 台地・段丘,54,11,43,0.2037037037037037,0.7962962962962963,eligible
watersystem_x_unit_basin_x_landform,Jo->Ya,2,B_830306_16_LF_CLASS::山地斜面等,鶴見川 / basin 16 / 山地斜面等,65,5,60,0.07692307692307693,0.9230769230769231,eligible
watersystem_x_unit_basin_x_landform,Jo->Ya,2,B_830306_16_LF_CLASS::山麓堆積地形,鶴見川 / basin 16 / 山麓堆積地形,2,0,2,0,1,low_n_descriptive_only
watersystem_x_unit_basin_x_landform,Jo->Ya,2,B_830306_16_LF_CLASS::崖・段丘崖,鶴見川 / basin 16 / 崖・段丘崖,1,0,1,0,1,low_n_descriptive_only
watersystem_x_unit_basin_x_landform,Jo->Ya,2,B_830306_16_LF_CLASS::水部,鶴見川 / basin 16 / 水部,2,0,2,0,1,low_n_descriptive_only
watersystem_x_unit_basin_x_landform,Jo->Ya,2,B_830306_16_LF_CLASS::氾濫平野・海岸平野,鶴見川 / basin 16 / 氾濫平野・海岸平野,8,0,8,0,1,low_n_descriptive_only
watersystem_x_unit_basin_x_landform,Jo->Ya,2,B_830306_16_LF_CLASS::自然堤防,鶴見川 / basin 16 / 自然堤防,2,0,2,0,1,low_n_descriptive_only
watersystem_x_unit_basin_x_landform,Jo->Ya,2,B_830306_17_LF_CLASS::台地・段丘,鶴見川 / basin 17 / 台地・段丘,3,2,1,0.6666666666666666,0.3333333333333333,low_n_descriptive_only
watersystem_x_unit_basin_x_landform,Jo->Ya,2,B_830306_17_LF_CLASS::山地斜面等,鶴見川 / basin 17 / 山地斜面等,6,0,6,0,1,low_n_descriptive_only
watersystem_x_unit_basin_x_landform,Jo->Ya,2,B_830306_19_LF_CLASS::台地・段丘,鶴見川 / basin 19 / 台地・段丘,2,1,1,0.5,0.5,low_n_descriptive_only
watersystem_x_unit_basin_x_landform,Jo->Ya,2,B_830306_19_LF_CLASS::山地斜面等,鶴見川 / basin 19 / 山地斜面等,19,0,19,0,1,low_n_descriptive_only
watersystem_x_unit_basin_x_landform,Jo->Ya,2,B_830306_19_LF_CLASS::氾濫平野・海岸平野,鶴見川 / basin 19 / 氾濫平野・海岸平野,2,0,2,0,1,low_n_descriptive_only
watersystem_x_unit_basin_x_landform,Jo->Ya,2,B_830306_20_LF_CLASS::台地・段丘,鶴見川 / basin 20 / 台地・段丘,28,10,18,0.35714285714285715,0.6428571428571429,eligible
watersystem_x_unit_basin_x_landform,Jo->Ya,2,B_830306_20_LF_CLASS::山地斜面等,鶴見川 / basin 20 / 山地斜面等,252,26,226,0.10317460317460317,0.8968253968253969,eligible
watersystem_x_unit_basin_x_landform,Jo->Ya,2,B_830306_20_LF_CLASS::山麓堆積地形,鶴見川 / basin 20 / 山麓堆積地形,7,1,6,0.14285714285714285,0.8571428571428571,low_n_descriptive_only
watersystem_x_unit_basin_x_landform,Jo->Ya,2,B_830306_20_LF_CLASS::崖・段丘崖,鶴見川 / basin 20 / 崖・段丘崖,1,1,0,1,0,low_n_descriptive_only
watersystem_x_unit_basin_x_landform,Jo->Ya,2,B_830306_20_LF_CLASS::水部,鶴見川 / basin 20 / 水部,2,1,1,0.5,0.5,low_n_descriptive_only
watersystem_x_unit_basin_x_landform,Jo->Ya,2,B_830306_20_LF_CLASS::氾濫平野・海岸平野,鶴見川 / basin 20 / 氾濫平野・海岸平野,24,5,19,0.20833333333333334,0.7916666666666666,eligible
watersystem_x_unit_basin_x_landform,Jo->Ya,2,B_830306_21_LF_CLASS::台地・段丘,鶴見川 / basin 21 / 台地・段丘,5,1,4,0.2,0.8,low_n_descriptive_only
watersystem_x_unit_basin_x_landform,Jo->Ya,2,B_830306_21_LF_CLASS::山地斜面等,鶴見川 / basin 21 / 山地斜面等,48,6,42,0.125,0.875,eligible
watersystem_x_unit_basin_x_landform,Jo->Ya,2,B_830306_21_LF_CLASS::氾濫平野・海岸平野,鶴見川 / basin 21 / 氾濫平野・海岸平野,6,0,6,0,1,low_n_descriptive_only
watersystem_x_unit_basin_x_landform,Jo->Ya,2,B_unknown_0_LF_CLASS::凹地・浅い谷,古川・目黒川・立会川・呑川 / basin 0 / 凹地・浅い谷,5,1,4,0.2,0.8,low_n_descriptive_only
watersystem_x_unit_basin_x_landform,Jo->Ya,2,B_unknown_0_LF_CLASS::台地・段丘,古川・目黒川・立会川・呑川 / basin 0 / 台地・段丘,153,32,121,0.20915032679738563,0.7908496732026143,eligible
watersystem_x_unit_basin_x_landform,Jo->Ya,2,B_unknown_0_LF_CLASS::山地斜面等,古川・目黒川・立会川・呑川 / basin 0 / 山地斜面等,56,4,52,0.07142857142857142,0.9285714285714286,eligible
watersystem_x_unit_basin_x_landform,Jo->Ya,2,B_unknown_0_LF_CLASS::崖・段丘崖,古川・目黒川・立会川・呑川 / basin 0 / 崖・段丘崖,7,1,6,0.14285714285714285,0.8571428571428571,low_n_descriptive_only
watersystem_x_unit_basin_x_landform,Jo->Ya,2,B_unknown_0_LF_CLASS::後背低地・湿地,古川・目黒川・立会川・呑川 / basin 0 / 後背低地・湿地,1,0,1,0,1,low_n_descriptive_only
watersystem_x_unit_basin_x_landform,Jo->Ya,2,B_unknown_0_LF_CLASS::氾濫平野・海岸平野,古川・目黒川・立会川・呑川 / basin 0 / 氾濫平野・海岸平野,7,2,5,0.2857142857142857,0.7142857142857143,low_n_descriptive_only
watersystem_x_unit_basin_x_landform,Jo->Ya,2,B_unknown_0_LF_CLASS::砂州・砂丘,古川・目黒川・立会川・呑川 / basin 0 / 砂州・砂丘,1,0,1,0,1,low_n_descriptive_only
watersystem_x_unit_basin_x_landform,Ko->Na,4,B_130000_1_LF_CLASS::台地・段丘,名称不明 / basin 1 / 台地・段丘,11,4,7,0.36363636363636365,0.6363636363636364,low_n_descriptive_only
watersystem_x_unit_basin_x_landform,Ko->Na,4,B_130000_1_LF_CLASS::崖・段丘崖,名称不明 / basin 1 / 崖・段丘崖,1,0,1,0,1,low_n_descriptive_only
watersystem_x_unit_basin_x_landform,Ko->Na,4,B_130000_4_LF_CLASS::台地・段丘,名称不明 / basin 4 / 台地・段丘,8,2,6,0.25,0.75,low_n_descriptive_only
watersystem_x_unit_basin_x_landform,Ko->Na,4,B_130000_4_LF_CLASS::後背低地・湿地,名称不明 / basin 4 / 後背低地・湿地,3,2,1,0.6666666666666666,0.3333333333333333,low_n_descriptive_only
watersystem_x_unit_basin_x_landform,Ko->Na,4,B_130000_4_LF_CLASS::氾濫平野・海岸平野,名称不明 / basin 4 / 氾濫平野・海岸平野,1,0,1,0,1,low_n_descriptive_only
watersystem_x_unit_basin_x_landform,Ko->Na,4,B_130000_5_LF_CLASS::台地・段丘,名称不明 / basin 5 / 台地・段丘,26,14,12,0.5384615384615384,0.46153846153846156,eligible
watersystem_x_unit_basin_x_landform,Ko->Na,4,B_130000_5_LF_CLASS::山地斜面等,名称不明 / basin 5 / 山地斜面等,1,1,0,1,0,low_n_descriptive_only
watersystem_x_unit_basin_x_landform,Ko->Na,4,B_130000_5_LF_CLASS::後背低地・湿地,名称不明 / basin 5 / 後背低地・湿地,2,1,1,0.5,0.5,low_n_descriptive_only
watersystem_x_unit_basin_x_landform,Ko->Na,4,B_130000_6_LF_CLASS::台地・段丘,名称不明 / basin 6 / 台地・段丘,4,0,4,0,1,low_n_descriptive_only
watersystem_x_unit_basin_x_landform,Ko->Na,4,B_130000_6_LF_CLASS::山地斜面等,名称不明 / basin 6 / 山地斜面等,3,2,1,0.6666666666666666,0.3333333333333333,low_n_descriptive_only
watersystem_x_unit_basin_x_landform,Ko->Na,4,B_130000_6_LF_CLASS::氾濫平野・海岸平野,名称不明 / basin 6 / 氾濫平野・海岸平野,1,1,0,1,0,low_n_descriptive_only
watersystem_x_unit_basin_x_landform,Ko->Na,4,B_140013_17_LF_CLASS::台地・段丘,境川 / basin 17 / 台地・段丘,13,12,1,0.9230769230769231,0.07692307692307693,low_n_descriptive_only
watersystem_x_unit_basin_x_landform,Ko->Na,4,B_140013_17_LF_CLASS::山地斜面等,境川 / basin 17 / 山地斜面等,42,31,11,0.7380952380952381,0.2619047619047619,eligible
watersystem_x_unit_basin_x_landform,Ko->Na,4,B_140013_17_LF_CLASS::山麓堆積地形,境川 / basin 17 / 山麓堆積地形,1,1,0,1,0,low_n_descriptive_only
watersystem_x_unit_basin_x_landform,Ko->Na,4,B_140013_17_LF_CLASS::崖・段丘崖,境川 / basin 17 / 崖・段丘崖,1,0,1,0,1,low_n_descriptive_only
watersystem_x_unit_basin_x_landform,Ko->Na,4,B_140013_17_LF_CLASS::氾濫平野・海岸平野,境川 / basin 17 / 氾濫平野・海岸平野,9,9,0,1,0,low_n_descriptive_only
watersystem_x_unit_basin_x_landform,Ko->Na,4,B_140013_19_LF_CLASS::台地・段丘,境川 / basin 19 / 台地・段丘,1,1,0,1,0,low_n_descriptive_only
watersystem_x_unit_basin_x_landform,Ko->Na,4,B_140013_19_LF_CLASS::氾濫平野・海岸平野,境川 / basin 19 / 氾濫平野・海岸平野,1,1,0,1,0,low_n_descriptive_only
watersystem_x_unit_basin_x_landform,Ko->Na,4,B_830303_345_LF_CLASS::自然堤防,利根川 / basin 345 / 自然堤防,1,1,0,1,0,low_n_descriptive_only
watersystem_x_unit_basin_x_landform,Ko->Na,4,B_830303_347_LF_CLASS::水部,利根川 / basin 347 / 水部,1,0,1,0,1,low_n_descriptive_only
watersystem_x_unit_basin_x_landform,Ko->Na,4,B_830303_347_LF_CLASS::氾濫平野・海岸平野,利根川 / basin 347 / 氾濫平野・海岸平野,1,0,1,0,1,low_n_descriptive_only
watersystem_x_unit_basin_x_landform,Ko->Na,4,B_830303_347_LF_CLASS::自然堤防,利根川 / basin 347 / 自然堤防,3,3,0,1,0,low_n_descriptive_only
watersystem_x_unit_basin_x_landform,Ko->Na,4,B_830303_389_LF_CLASS::自然堤防,利根川 / basin 389 / 自然堤防,1,1,0,1,0,low_n_descriptive_only
watersystem_x_unit_basin_x_landform,Ko->Na,4,B_830303_390_LF_CLASS::自然堤防,利根川 / basin 390 / 自然堤防,1,0,1,0,1,low_n_descriptive_only
watersystem_x_unit_basin_x_landform,Ko->Na,4,B_830303_393_LF_CLASS::氾濫平野・海岸平野,利根川 / basin 393 / 氾濫平野・海岸平野,1,0,1,0,1,low_n_descriptive_only
watersystem_x_unit_basin_x_landform,Ko->Na,4,B_830303_393_LF_CLASS::自然堤防,利根川 / basin 393 / 自然堤防,1,0,1,0,1,low_n_descriptive_only
watersystem_x_unit_basin_x_landform,Ko->Na,4,B_830303_427_LF_CLASS::氾濫平野・海岸平野,利根川 / basin 427 / 氾濫平野・海岸平野,2,2,0,1,0,low_n_descriptive_only
watersystem_x_unit_basin_x_landform,Ko->Na,4,B_830303_427_LF_CLASS::自然堤防,利根川 / basin 427 / 自然堤防,5,2,3,0.4,0.6,low_n_descriptive_only
watersystem_x_unit_basin_x_landform,Ko->Na,4,B_830303_478_LF_CLASS::氾濫平野・海岸平野,利根川 / basin 478 / 氾濫平野・海岸平野,7,1,6,0.14285714285714285,0.8571428571428571,low_n_descriptive_only
watersystem_x_unit_basin_x_landform,Ko->Na,4,B_830303_478_LF_CLASS::自然堤防,利根川 / basin 478 / 自然堤防,2,2,0,1,0,low_n_descriptive_only
watersystem_x_unit_basin_x_landform,Ko->Na,4,B_830303_517_LF_CLASS::旧河道,利根川 / basin 517 / 旧河道,5,2,3,0.4,0.6,low_n_descriptive_only
watersystem_x_unit_basin_x_landform,Ko->Na,4,B_830303_517_LF_CLASS::氾濫平野・海岸平野,利根川 / basin 517 / 氾濫平野・海岸平野,1,1,0,1,0,low_n_descriptive_only
watersystem_x_unit_basin_x_landform,Ko->Na,4,B_830303_517_LF_CLASS::自然堤防,利根川 / basin 517 / 自然堤防,2,1,1,0.5,0.5,low_n_descriptive_only
watersystem_x_unit_basin_x_landform,Ko->Na,4,B_830304_11_LF_CLASS::水部,荒川 / basin 11 / 水部,1,0,1,0,1,low_n_descriptive_only
watersystem_x_unit_basin_x_landform,Ko->Na,4,B_830304_120_LF_CLASS::台地・段丘,荒川 / basin 120 / 台地・段丘,15,14,1,0.9333333333333333,0.06666666666666667,low_n_descriptive_only
watersystem_x_unit_basin_x_landform,Ko->Na,4,B_830304_120_LF_CLASS::山地斜面等,荒川 / basin 120 / 山地斜面等,2,1,1,0.5,0.5,low_n_descriptive_only
watersystem_x_unit_basin_x_landform,Ko->Na,4,B_830304_120_LF_CLASS::氾濫平野・海岸平野,荒川 / basin 120 / 氾濫平野・海岸平野,4,3,1,0.75,0.25,low_n_descriptive_only
watersystem_x_unit_basin_x_landform,Ko->Na,4,B_830304_15_LF_CLASS::台地・段丘,荒川 / basin 15 / 台地・段丘,2,1,1,0.5,0.5,low_n_descriptive_only
watersystem_x_unit_basin_x_landform,Ko->Na,4,B_830304_15_LF_CLASS::砂州・砂丘,荒川 / basin 15 / 砂州・砂丘,1,1,0,1,0,low_n_descriptive_only
watersystem_x_unit_basin_x_landform,Ko->Na,4,B_830304_16_LF_CLASS::台地・段丘,荒川 / basin 16 / 台地・段丘,5,2,3,0.4,0.6,low_n_descriptive_only
watersystem_x_unit_basin_x_landform,Ko->Na,4,B_830304_16_LF_CLASS::氾濫平野・海岸平野,荒川 / basin 16 / 氾濫平野・海岸平野,1,1,0,1,0,low_n_descriptive_only
watersystem_x_unit_basin_x_landform,Ko->Na,4,B_830304_16_LF_CLASS::自然堤防,荒川 / basin 16 / 自然堤防,2,2,0,1,0,low_n_descriptive_only
watersystem_x_unit_basin_x_landform,Ko->Na,4,B_830304_25_LF_CLASS::台地・段丘,荒川 / basin 25 / 台地・段丘,7,4,3,0.5714285714285714,0.42857142857142855,low_n_descriptive_only
watersystem_x_unit_basin_x_landform,Ko->Na,4,B_830304_25_LF_CLASS::旧水部,荒川 / basin 25 / 旧水部,1,0,1,0,1,low_n_descriptive_only
watersystem_x_unit_basin_x_landform,Ko->Na,4,B_830304_25_LF_CLASS::氾濫平野・海岸平野,荒川 / basin 25 / 氾濫平野・海岸平野,3,2,1,0.6666666666666666,0.3333333333333333,low_n_descriptive_only
watersystem_x_unit_basin_x_landform,Ko->Na,4,B_830304_25_LF_CLASS::砂州・砂丘,荒川 / basin 25 / 砂州・砂丘,7,6,1,0.8571428571428571,0.14285714285714285,low_n_descriptive_only
watersystem_x_unit_basin_x_landform,Ko->Na,4,B_830304_26_LF_CLASS::台地・段丘,荒川 / basin 26 / 台地・段丘,14,4,10,0.2857142857142857,0.7142857142857143,low_n_descriptive_only
watersystem_x_unit_basin_x_landform,Ko->Na,4,B_830304_26_LF_CLASS::山地斜面等,荒川 / basin 26 / 山地斜面等,3,0,3,0,1,low_n_descriptive_only
watersystem_x_unit_basin_x_landform,Ko->Na,4,B_830304_26_LF_CLASS::崖・段丘崖,荒川 / basin 26 / 崖・段丘崖,1,0,1,0,1,low_n_descriptive_only
watersystem_x_unit_basin_x_landform,Ko->Na,4,B_830304_26_LF_CLASS::氾濫平野・海岸平野,荒川 / basin 26 / 氾濫平野・海岸平野,1,0,1,0,1,low_n_descriptive_only
watersystem_x_unit_basin_x_landform,Ko->Na,4,B_830304_27_LF_CLASS::台地・段丘,荒川 / basin 27 / 台地・段丘,11,7,4,0.6363636363636364,0.36363636363636365,low_n_descriptive_only
watersystem_x_unit_basin_x_landform,Ko->Na,4,B_830304_27_LF_CLASS::崖・段丘崖,荒川 / basin 27 / 崖・段丘崖,1,0,1,0,1,low_n_descriptive_only
watersystem_x_unit_basin_x_landform,Ko->Na,4,B_830304_27_LF_CLASS::砂州・砂丘,荒川 / basin 27 / 砂州・砂丘,3,2,1,0.6666666666666666,0.3333333333333333,low_n_descriptive_only
watersystem_x_unit_basin_x_landform,Ko->Na,4,B_830304_36_LF_CLASS::氾濫平野・海岸平野,荒川 / basin 36 / 氾濫平野・海岸平野,1,1,0,1,0,low_n_descriptive_only
watersystem_x_unit_basin_x_landform,Ko->Na,4,B_830304_37_LF_CLASS::台地・段丘,荒川 / basin 37 / 台地・段丘,5,1,4,0.2,0.8,low_n_descriptive_only
watersystem_x_unit_basin_x_landform,Ko->Na,4,B_830304_37_LF_CLASS::氾濫平野・海岸平野,荒川 / basin 37 / 氾濫平野・海岸平野,2,1,1,0.5,0.5,low_n_descriptive_only
watersystem_x_unit_basin_x_landform,Ko->Na,4,B_830304_38_LF_CLASS::台地・段丘,荒川 / basin 38 / 台地・段丘,2,0,2,0,1,low_n_descriptive_only
watersystem_x_unit_basin_x_landform,Ko->Na,4,B_830304_38_LF_CLASS::山地斜面等,荒川 / basin 38 / 山地斜面等,1,1,0,1,0,low_n_descriptive_only
watersystem_x_unit_basin_x_landform,Ko->Na,4,B_830304_38_LF_CLASS::後背低地・湿地,荒川 / basin 38 / 後背低地・湿地,1,1,0,1,0,low_n_descriptive_only
watersystem_x_unit_basin_x_landform,Ko->Na,4,B_830304_38_LF_CLASS::砂州・砂丘,荒川 / basin 38 / 砂州・砂丘,1,0,1,0,1,low_n_descriptive_only
watersystem_x_unit_basin_x_landform,Ko->Na,4,B_830304_39_LF_CLASS::台地・段丘,荒川 / basin 39 / 台地・段丘,3,2,1,0.6666666666666666,0.3333333333333333,low_n_descriptive_only
watersystem_x_unit_basin_x_landform,Ko->Na,4,B_830304_39_LF_CLASS::崖・段丘崖,荒川 / basin 39 / 崖・段丘崖,1,0,1,0,1,low_n_descriptive_only
watersystem_x_unit_basin_x_landform,Ko->Na,4,B_830304_39_LF_CLASS::水部,荒川 / basin 39 / 水部,1,1,0,1,0,low_n_descriptive_only
watersystem_x_unit_basin_x_landform,Ko->Na,4,B_830304_40_LF_CLASS::台地・段丘,荒川 / basin 40 / 台地・段丘,2,0,2,0,1,low_n_descriptive_only
watersystem_x_unit_basin_x_landform,Ko->Na,4,B_830304_40_LF_CLASS::氾濫平野・海岸平野,荒川 / basin 40 / 氾濫平野・海岸平野,1,0,1,0,1,low_n_descriptive_only
watersystem_x_unit_basin_x_landform,Ko->Na,4,B_830304_42_LF_CLASS::台地・段丘,荒川 / basin 42 / 台地・段丘,13,3,10,0.23076923076923078,0.7692307692307693,low_n_descriptive_only
watersystem_x_unit_basin_x_landform,Ko->Na,4,B_830304_42_LF_CLASS::氾濫平野・海岸平野,荒川 / basin 42 / 氾濫平野・海岸平野,2,2,0,1,0,low_n_descriptive_only
watersystem_x_unit_basin_x_landform,Ko->Na,4,B_830304_44_LF_CLASS::氾濫平野・海岸平野,荒川 / basin 44 / 氾濫平野・海岸平野,1,0,1,0,1,low_n_descriptive_only
watersystem_x_unit_basin_x_landform,Ko->Na,4,B_830304_47_LF_CLASS::台地・段丘,荒川 / basin 47 / 台地・段丘,9,3,6,0.3333333333333333,0.6666666666666666,low_n_descriptive_only
watersystem_x_unit_basin_x_landform,Ko->Na,4,B_830304_47_LF_CLASS::山地斜面等,荒川 / basin 47 / 山地斜面等,2,1,1,0.5,0.5,low_n_descriptive_only
watersystem_x_unit_basin_x_landform,Ko->Na,4,B_830304_51_LF_CLASS::山地斜面等,荒川 / basin 51 / 山地斜面等,2,2,0,1,0,low_n_descriptive_only
watersystem_x_unit_basin_x_landform,Ko->Na,4,B_830304_52_LF_CLASS::台地・段丘,荒川 / basin 52 / 台地・段丘,15,7,8,0.4666666666666667,0.5333333333333333,low_n_descriptive_only
watersystem_x_unit_basin_x_landform,Ko->Na,4,B_830304_52_LF_CLASS::山地斜面等,荒川 / basin 52 / 山地斜面等,5,4,1,0.8,0.2,low_n_descriptive_only
watersystem_x_unit_basin_x_landform,Ko->Na,4,B_830304_52_LF_CLASS::氾濫平野・海岸平野,荒川 / basin 52 / 氾濫平野・海岸平野,2,2,0,1,0,low_n_descriptive_only
watersystem_x_unit_basin_x_landform,Ko->Na,4,B_830304_53_LF_CLASS::台地・段丘,荒川 / basin 53 / 台地・段丘,3,1,2,0.3333333333333333,0.6666666666666666,low_n_descriptive_only
watersystem_x_unit_basin_x_landform,Ko->Na,4,B_830304_53_LF_CLASS::山地斜面等,荒川 / basin 53 / 山地斜面等,3,3,0,1,0,low_n_descriptive_only
watersystem_x_unit_basin_x_landform,Ko->Na,4,B_830304_54_LF_CLASS::凹地・浅い谷,荒川 / basin 54 / 凹地・浅い谷,1,0,1,0,1,low_n_descriptive_only
watersystem_x_unit_basin_x_landform,Ko->Na,4,B_830304_54_LF_CLASS::台地・段丘,荒川 / basin 54 / 台地・段丘,6,1,5,0.16666666666666666,0.8333333333333334,low_n_descriptive_only
watersystem_x_unit_basin_x_landform,Ko->Na,4,B_830304_54_LF_CLASS::山地斜面等,荒川 / basin 54 / 山地斜面等,7,1,6,0.14285714285714285,0.8571428571428571,low_n_descriptive_only
watersystem_x_unit_basin_x_landform,Ko->Na,4,B_830304_54_LF_CLASS::氾濫平野・海岸平野,荒川 / basin 54 / 氾濫平野・海岸平野,2,0,2,0,1,low_n_descriptive_only
watersystem_x_unit_basin_x_landform,Ko->Na,4,B_830304_55_LF_CLASS::凹地・浅い谷,荒川 / basin 55 / 凹地・浅い谷,1,0,1,0,1,low_n_descriptive_only
watersystem_x_unit_basin_x_landform,Ko->Na,4,B_830304_55_LF_CLASS::台地・段丘,荒川 / basin 55 / 台地・段丘,20,5,15,0.25,0.75,eligible
watersystem_x_unit_basin_x_landform,Ko->Na,4,B_830304_55_LF_CLASS::氾濫平野・海岸平野,荒川 / basin 55 / 氾濫平野・海岸平野,2,1,1,0.5,0.5,low_n_descriptive_only
watersystem_x_unit_basin_x_landform,Ko->Na,4,B_830304_56_LF_CLASS::台地・段丘,荒川 / basin 56 / 台地・段丘,10,4,6,0.4,0.6,low_n_descriptive_only
watersystem_x_unit_basin_x_landform,Ko->Na,4,B_830304_56_LF_CLASS::氾濫平野・海岸平野,荒川 / basin 56 / 氾濫平野・海岸平野,2,1,1,0.5,0.5,low_n_descriptive_only
watersystem_x_unit_basin_x_landform,Ko->Na,4,B_830304_57_LF_CLASS::台地・段丘,荒川 / basin 57 / 台地・段丘,13,2,11,0.15384615384615385,0.8461538461538461,low_n_descriptive_only
watersystem_x_unit_basin_x_landform,Ko->Na,4,B_830304_57_LF_CLASS::山地斜面等,荒川 / basin 57 / 山地斜面等,7,2,5,0.2857142857142857,0.7142857142857143,low_n_descriptive_only
watersystem_x_unit_basin_x_landform,Ko->Na,4,B_830304_57_LF_CLASS::氾濫平野・海岸平野,荒川 / basin 57 / 氾濫平野・海岸平野,3,1,2,0.3333333333333333,0.6666666666666666,low_n_descriptive_only
watersystem_x_unit_basin_x_landform,Ko->Na,4,B_830304_61_LF_CLASS::台地・段丘,荒川 / basin 61 / 台地・段丘,10,4,6,0.4,0.6,low_n_descriptive_only
watersystem_x_unit_basin_x_landform,Ko->Na,4,B_830304_61_LF_CLASS::山地斜面等,荒川 / basin 61 / 山地斜面等,1,0,1,0,1,low_n_descriptive_only
watersystem_x_unit_basin_x_landform,Ko->Na,4,B_830304_67_LF_CLASS::凹地・浅い谷,荒川 / basin 67 / 凹地・浅い谷,1,0,1,0,1,low_n_descriptive_only
watersystem_x_unit_basin_x_landform,Ko->Na,4,B_830304_67_LF_CLASS::台地・段丘,荒川 / basin 67 / 台地・段丘,2,0,2,0,1,low_n_descriptive_only
watersystem_x_unit_basin_x_landform,Ko->Na,4,B_830304_68_LF_CLASS::台地・段丘,荒川 / basin 68 / 台地・段丘,5,5,0,1,0,low_n_descriptive_only
watersystem_x_unit_basin_x_landform,Ko->Na,4,B_830304_69_LF_CLASS::台地・段丘,荒川 / basin 69 / 台地・段丘,7,2,5,0.2857142857142857,0.7142857142857143,low_n_descriptive_only
watersystem_x_unit_basin_x_landform,Ko->Na,4,B_830304_69_LF_CLASS::山地斜面等,荒川 / basin 69 / 山地斜面等,2,1,1,0.5,0.5,low_n_descriptive_only
watersystem_x_unit_basin_x_landform,Ko->Na,4,B_830304_69_LF_CLASS::氾濫平野・海岸平野,荒川 / basin 69 / 氾濫平野・海岸平野,1,0,1,0,1,low_n_descriptive_only
watersystem_x_unit_basin_x_landform,Ko->Na,4,B_830304_70_LF_CLASS::台地・段丘,荒川 / basin 70 / 台地・段丘,15,2,13,0.13333333333333333,0.8666666666666667,low_n_descriptive_only
watersystem_x_unit_basin_x_landform,Ko->Na,4,B_830304_70_LF_CLASS::山地斜面等,荒川 / basin 70 / 山地斜面等,3,1,2,0.3333333333333333,0.6666666666666666,low_n_descriptive_only
watersystem_x_unit_basin_x_landform,Ko->Na,4,B_830304_70_LF_CLASS::氾濫平野・海岸平野,荒川 / basin 70 / 氾濫平野・海岸平野,1,0,1,0,1,low_n_descriptive_only
watersystem_x_unit_basin_x_landform,Ko->Na,4,B_830304_79_LF_CLASS::台地・段丘,荒川 / basin 79 / 台地・段丘,2,2,0,1,0,low_n_descriptive_only
watersystem_x_unit_basin_x_landform,Ko->Na,4,B_830304_83_LF_CLASS::台地・段丘,荒川 / basin 83 / 台地・段丘,9,6,3,0.6666666666666666,0.3333333333333333,low_n_descriptive_only
watersystem_x_unit_basin_x_landform,Ko->Na,4,B_830304_83_LF_CLASS::山地斜面等,荒川 / basin 83 / 山地斜面等,1,1,0,1,0,low_n_descriptive_only
watersystem_x_unit_basin_x_landform,Ko->Na,4,B_830304_86_LF_CLASS::台地・段丘,荒川 / basin 86 / 台地・段丘,13,9,4,0.6923076923076923,0.3076923076923077,low_n_descriptive_only
watersystem_x_unit_basin_x_landform,Ko->Na,4,B_830304_86_LF_CLASS::山地斜面等,荒川 / basin 86 / 山地斜面等,10,6,4,0.6,0.4,low_n_descriptive_only
watersystem_x_unit_basin_x_landform,Ko->Na,4,B_830304_86_LF_CLASS::山麓堆積地形,荒川 / basin 86 / 山麓堆積地形,2,2,0,1,0,low_n_descriptive_only
watersystem_x_unit_basin_x_landform,Ko->Na,4,B_830304_86_LF_CLASS::氾濫平野・海岸平野,荒川 / basin 86 / 氾濫平野・海岸平野,7,5,2,0.7142857142857143,0.2857142857142857,low_n_descriptive_only
watersystem_x_unit_basin_x_landform,Ko->Na,4,B_830304_87_LF_CLASS::山地斜面等,荒川 / basin 87 / 山地斜面等,1,0,1,0,1,low_n_descriptive_only
watersystem_x_unit_basin_x_landform,Ko->Na,4,B_830304_88_LF_CLASS::山地斜面等,荒川 / basin 88 / 山地斜面等,8,1,7,0.125,0.875,low_n_descriptive_only
watersystem_x_unit_basin_x_landform,Ko->Na,4,B_830304_88_LF_CLASS::山麓堆積地形,荒川 / basin 88 / 山麓堆積地形,1,0,1,0,1,low_n_descriptive_only
watersystem_x_unit_basin_x_landform,Ko->Na,4,B_830305_10_LF_CLASS::台地・段丘,多摩川 / basin 10 / 台地・段丘,51,17,34,0.3333333333333333,0.6666666666666666,eligible
watersystem_x_unit_basin_x_landform,Ko->Na,4,B_830305_10_LF_CLASS::山地斜面等,多摩川 / basin 10 / 山地斜面等,2,0,2,0,1,low_n_descriptive_only
watersystem_x_unit_basin_x_landform,Ko->Na,4,B_830305_10_LF_CLASS::崖・段丘崖,多摩川 / basin 10 / 崖・段丘崖,1,0,1,0,1,low_n_descriptive_only
watersystem_x_unit_basin_x_landform,Ko->Na,4,B_830305_10_LF_CLASS::氾濫平野・海岸平野,多摩川 / basin 10 / 氾濫平野・海岸平野,3,0,3,0,1,low_n_descriptive_only
watersystem_x_unit_basin_x_landform,Ko->Na,4,B_830305_12_LF_CLASS::凹地・浅い谷,多摩川 / basin 12 / 凹地・浅い谷,6,2,4,0.3333333333333333,0.6666666666666666,low_n_descriptive_only
watersystem_x_unit_basin_x_landform,Ko->Na,4,B_830305_12_LF_CLASS::台地・段丘,多摩川 / basin 12 / 台地・段丘,50,13,37,0.26,0.74,eligible
watersystem_x_unit_basin_x_landform,Ko->Na,4,B_830305_12_LF_CLASS::旧河道,多摩川 / basin 12 / 旧河道,1,0,1,0,1,low_n_descriptive_only
watersystem_x_unit_basin_x_landform,Ko->Na,4,B_830305_12_LF_CLASS::氾濫平野・海岸平野,多摩川 / basin 12 / 氾濫平野・海岸平野,1,0,1,0,1,low_n_descriptive_only
watersystem_x_unit_basin_x_landform,Ko->Na,4,B_830305_12_LF_CLASS::自然堤防,多摩川 / basin 12 / 自然堤防,1,1,0,1,0,low_n_descriptive_only
watersystem_x_unit_basin_x_landform,Ko->Na,4,B_830305_13_LF_CLASS::台地・段丘,多摩川 / basin 13 / 台地・段丘,27,7,20,0.25925925925925924,0.7407407407407407,eligible
watersystem_x_unit_basin_x_landform,Ko->Na,4,B_830305_13_LF_CLASS::氾濫平野・海岸平野,多摩川 / basin 13 / 氾濫平野・海岸平野,3,2,1,0.6666666666666666,0.3333333333333333,low_n_descriptive_only
watersystem_x_unit_basin_x_landform,Ko->Na,4,B_830305_14_LF_CLASS::凹地・浅い谷,多摩川 / basin 14 / 凹地・浅い谷,1,1,0,1,0,low_n_descriptive_only
watersystem_x_unit_basin_x_landform,Ko->Na,4,B_830305_14_LF_CLASS::台地・段丘,多摩川 / basin 14 / 台地・段丘,22,7,15,0.3181818181818182,0.6818181818181818,eligible
watersystem_x_unit_basin_x_landform,Ko->Na,4,B_830305_14_LF_CLASS::崖・段丘崖,多摩川 / basin 14 / 崖・段丘崖,2,1,1,0.5,0.5,low_n_descriptive_only
watersystem_x_unit_basin_x_landform,Ko->Na,4,B_830305_14_LF_CLASS::氾濫平野・海岸平野,多摩川 / basin 14 / 氾濫平野・海岸平野,1,0,1,0,1,low_n_descriptive_only
watersystem_x_unit_basin_x_landform,Ko->Na,4,B_830305_16_LF_CLASS::台地・段丘,多摩川 / basin 16 / 台地・段丘,5,1,4,0.2,0.8,low_n_descriptive_only
watersystem_x_unit_basin_x_landform,Ko->Na,4,B_830305_16_LF_CLASS::崖・段丘崖,多摩川 / basin 16 / 崖・段丘崖,1,0,1,0,1,low_n_descriptive_only
watersystem_x_unit_basin_x_landform,Ko->Na,4,B_830305_17_LF_CLASS::台地・段丘,多摩川 / basin 17 / 台地・段丘,2,2,0,1,0,low_n_descriptive_only
watersystem_x_unit_basin_x_landform,Ko->Na,4,B_830305_17_LF_CLASS::山地斜面等,多摩川 / basin 17 / 山地斜面等,15,10,5,0.6666666666666666,0.3333333333333333,low_n_descriptive_only
watersystem_x_unit_basin_x_landform,Ko->Na,4,B_830305_17_LF_CLASS::氾濫平野・海岸平野,多摩川 / basin 17 / 氾濫平野・海岸平野,2,2,0,1,0,low_n_descriptive_only
watersystem_x_unit_basin_x_landform,Ko->Na,4,B_830305_18_LF_CLASS::台地・段丘,多摩川 / basin 18 / 台地・段丘,23,18,5,0.782608695652174,0.21739130434782608,eligible
watersystem_x_unit_basin_x_landform,Ko->Na,4,B_830305_18_LF_CLASS::山地斜面等,多摩川 / basin 18 / 山地斜面等,1,1,0,1,0,low_n_descriptive_only
watersystem_x_unit_basin_x_landform,Ko->Na,4,B_830305_18_LF_CLASS::崖・段丘崖,多摩川 / basin 18 / 崖・段丘崖,4,3,1,0.75,0.25,low_n_descriptive_only
watersystem_x_unit_basin_x_landform,Ko->Na,4,B_830305_18_LF_CLASS::氾濫平野・海岸平野,多摩川 / basin 18 / 氾濫平野・海岸平野,3,1,2,0.3333333333333333,0.6666666666666666,low_n_descriptive_only
watersystem_x_unit_basin_x_landform,Ko->Na,4,B_830305_19_LF_CLASS::台地・段丘,多摩川 / basin 19 / 台地・段丘,97,3,94,0.030927835051546393,0.9690721649484536,eligible
watersystem_x_unit_basin_x_landform,Ko->Na,4,B_830305_19_LF_CLASS::山地斜面等,多摩川 / basin 19 / 山地斜面等,1,0,1,0,1,low_n_descriptive_only
watersystem_x_unit_basin_x_landform,Ko->Na,4,B_830305_20_LF_CLASS::台地・段丘,多摩川 / basin 20 / 台地・段丘,11,0,11,0,1,low_n_descriptive_only
watersystem_x_unit_basin_x_landform,Ko->Na,4,B_830305_20_LF_CLASS::崖・段丘崖,多摩川 / basin 20 / 崖・段丘崖,1,0,1,0,1,low_n_descriptive_only
watersystem_x_unit_basin_x_landform,Ko->Na,4,B_830305_20_LF_CLASS::氾濫平野・海岸平野,多摩川 / basin 20 / 氾濫平野・海岸平野,1,1,0,1,0,low_n_descriptive_only
watersystem_x_unit_basin_x_landform,Ko->Na,4,B_830305_22_LF_CLASS::台地・段丘,多摩川 / basin 22 / 台地・段丘,1,1,0,1,0,low_n_descriptive_only
watersystem_x_unit_basin_x_landform,Ko->Na,4,B_830305_22_LF_CLASS::山地斜面等,多摩川 / basin 22 / 山地斜面等,9,6,3,0.6666666666666666,0.3333333333333333,low_n_descriptive_only
watersystem_x_unit_basin_x_landform,Ko->Na,4,B_830305_22_LF_CLASS::山麓堆積地形,多摩川 / basin 22 / 山麓堆積地形,1,1,0,1,0,low_n_descriptive_only
watersystem_x_unit_basin_x_landform,Ko->Na,4,B_830305_23_LF_CLASS::台地・段丘,多摩川 / basin 23 / 台地・段丘,23,8,15,0.34782608695652173,0.6521739130434783,eligible
watersystem_x_unit_basin_x_landform,Ko->Na,4,B_830305_23_LF_CLASS::山地斜面等,多摩川 / basin 23 / 山地斜面等,20,11,9,0.55,0.45,eligible
watersystem_x_unit_basin_x_landform,Ko->Na,4,B_830305_23_LF_CLASS::山麓堆積地形,多摩川 / basin 23 / 山麓堆積地形,1,1,0,1,0,low_n_descriptive_only
watersystem_x_unit_basin_x_landform,Ko->Na,4,B_830305_23_LF_CLASS::崖・段丘崖,多摩川 / basin 23 / 崖・段丘崖,1,0,1,0,1,low_n_descriptive_only
watersystem_x_unit_basin_x_landform,Ko->Na,4,B_830305_23_LF_CLASS::旧河道,多摩川 / basin 23 / 旧河道,1,1,0,1,0,low_n_descriptive_only
watersystem_x_unit_basin_x_landform,Ko->Na,4,B_830305_23_LF_CLASS::氾濫平野・海岸平野,多摩川 / basin 23 / 氾濫平野・海岸平野,7,5,2,0.7142857142857143,0.2857142857142857,low_n_descriptive_only
watersystem_x_unit_basin_x_landform,Ko->Na,4,B_830305_24_LF_CLASS::山地斜面等,多摩川 / basin 24 / 山地斜面等,2,1,1,0.5,0.5,low_n_descriptive_only
watersystem_x_unit_basin_x_landform,Ko->Na,4,B_830305_25_LF_CLASS::台地・段丘,多摩川 / basin 25 / 台地・段丘,19,1,18,0.05263157894736842,0.9473684210526315,low_n_descriptive_only
watersystem_x_unit_basin_x_landform,Ko->Na,4,B_830305_25_LF_CLASS::氾濫平野・海岸平野,多摩川 / basin 25 / 氾濫平野・海岸平野,1,1,0,1,0,low_n_descriptive_only
watersystem_x_unit_basin_x_landform,Ko->Na,4,B_830305_26_LF_CLASS::台地・段丘,多摩川 / basin 26 / 台地・段丘,2,0,2,0,1,low_n_descriptive_only
watersystem_x_unit_basin_x_landform,Ko->Na,4,B_830305_27_LF_CLASS::台地・段丘,多摩川 / basin 27 / 台地・段丘,6,2,4,0.3333333333333333,0.6666666666666666,low_n_descriptive_only
watersystem_x_unit_basin_x_landform,Ko->Na,4,B_830305_27_LF_CLASS::崖・段丘崖,多摩川 / basin 27 / 崖・段丘崖,5,3,2,0.6,0.4,low_n_descriptive_only
watersystem_x_unit_basin_x_landform,Ko->Na,4,B_830305_28_LF_CLASS::台地・段丘,多摩川 / basin 28 / 台地・段丘,2,2,0,1,0,low_n_descriptive_only
watersystem_x_unit_basin_x_landform,Ko->Na,4,B_830305_28_LF_CLASS::山地斜面等,多摩川 / basin 28 / 山地斜面等,18,13,5,0.7222222222222222,0.2777777777777778,low_n_descriptive_only
watersystem_x_unit_basin_x_landform,Ko->Na,4,B_830305_28_LF_CLASS::氾濫平野・海岸平野,多摩川 / basin 28 / 氾濫平野・海岸平野,2,1,1,0.5,0.5,low_n_descriptive_only
watersystem_x_unit_basin_x_landform,Ko->Na,4,B_830305_29_LF_CLASS::台地・段丘,多摩川 / basin 29 / 台地・段丘,1,1,0,1,0,low_n_descriptive_only
watersystem_x_unit_basin_x_landform,Ko->Na,4,B_830305_2_LF_CLASS::凹地・浅い谷,多摩川 / basin 2 / 凹地・浅い谷,1,1,0,1,0,low_n_descriptive_only
watersystem_x_unit_basin_x_landform,Ko->Na,4,B_830305_2_LF_CLASS::台地・段丘,多摩川 / basin 2 / 台地・段丘,21,10,11,0.47619047619047616,0.5238095238095238,eligible
watersystem_x_unit_basin_x_landform,Ko->Na,4,B_830305_2_LF_CLASS::山地斜面等,多摩川 / basin 2 / 山地斜面等,10,5,5,0.5,0.5,low_n_descriptive_only
watersystem_x_unit_basin_x_landform,Ko->Na,4,B_830305_2_LF_CLASS::崖・段丘崖,多摩川 / basin 2 / 崖・段丘崖,10,1,9,0.1,0.9,low_n_descriptive_only
watersystem_x_unit_basin_x_landform,Ko->Na,4,B_830305_2_LF_CLASS::氾濫平野・海岸平野,多摩川 / basin 2 / 氾濫平野・海岸平野,4,2,2,0.5,0.5,low_n_descriptive_only
watersystem_x_unit_basin_x_landform,Ko->Na,4,B_830305_2_LF_CLASS::自然堤防,多摩川 / basin 2 / 自然堤防,2,0,2,0,1,low_n_descriptive_only
watersystem_x_unit_basin_x_landform,Ko->Na,4,B_830305_30_LF_CLASS::台地・段丘,多摩川 / basin 30 / 台地・段丘,3,3,0,1,0,low_n_descriptive_only
watersystem_x_unit_basin_x_landform,Ko->Na,4,B_830305_30_LF_CLASS::山地斜面等,多摩川 / basin 30 / 山地斜面等,23,14,9,0.6086956521739131,0.391304347826087,eligible
watersystem_x_unit_basin_x_landform,Ko->Na,4,B_830305_30_LF_CLASS::氾濫平野・海岸平野,多摩川 / basin 30 / 氾濫平野・海岸平野,3,3,0,1,0,low_n_descriptive_only
watersystem_x_unit_basin_x_landform,Ko->Na,4,B_830305_31_LF_CLASS::台地・段丘,多摩川 / basin 31 / 台地・段丘,1,0,1,0,1,low_n_descriptive_only
watersystem_x_unit_basin_x_landform,Ko->Na,4,B_830305_33_LF_CLASS::台地・段丘,多摩川 / basin 33 / 台地・段丘,6,2,4,0.3333333333333333,0.6666666666666666,low_n_descriptive_only
watersystem_x_unit_basin_x_landform,Ko->Na,4,B_830305_33_LF_CLASS::山地斜面等,多摩川 / basin 33 / 山地斜面等,4,1,3,0.25,0.75,low_n_descriptive_only
watersystem_x_unit_basin_x_landform,Ko->Na,4,B_830305_34_LF_CLASS::凹地・浅い谷,多摩川 / basin 34 / 凹地・浅い谷,1,0,1,0,1,low_n_descriptive_only
watersystem_x_unit_basin_x_landform,Ko->Na,4,B_830305_34_LF_CLASS::台地・段丘,多摩川 / basin 34 / 台地・段丘,3,0,3,0,1,low_n_descriptive_only
watersystem_x_unit_basin_x_landform,Ko->Na,4,B_830305_34_LF_CLASS::山地斜面等,多摩川 / basin 34 / 山地斜面等,3,1,2,0.3333333333333333,0.6666666666666666,low_n_descriptive_only
watersystem_x_unit_basin_x_landform,Ko->Na,4,B_830305_34_LF_CLASS::氾濫平野・海岸平野,多摩川 / basin 34 / 氾濫平野・海岸平野,1,0,1,0,1,low_n_descriptive_only
watersystem_x_unit_basin_x_landform,Ko->Na,4,B_830305_35_LF_CLASS::凹地・浅い谷,多摩川 / basin 35 / 凹地・浅い谷,1,1,0,1,0,low_n_descriptive_only
watersystem_x_unit_basin_x_landform,Ko->Na,4,B_830305_35_LF_CLASS::台地・段丘,多摩川 / basin 35 / 台地・段丘,15,9,6,0.6,0.4,low_n_descriptive_only
watersystem_x_unit_basin_x_landform,Ko->Na,4,B_830305_35_LF_CLASS::山地斜面等,多摩川 / basin 35 / 山地斜面等,17,5,12,0.29411764705882354,0.7058823529411765,low_n_descriptive_only
watersystem_x_unit_basin_x_landform,Ko->Na,4,B_830305_35_LF_CLASS::扇状地,多摩川 / basin 35 / 扇状地,1,0,1,0,1,low_n_descriptive_only
watersystem_x_unit_basin_x_landform,Ko->Na,4,B_830305_35_LF_CLASS::氾濫平野・海岸平野,多摩川 / basin 35 / 氾濫平野・海岸平野,2,0,2,0,1,low_n_descriptive_only
watersystem_x_unit_basin_x_landform,Ko->Na,4,B_830305_36_LF_CLASS::台地・段丘,多摩川 / basin 36 / 台地・段丘,3,3,0,1,0,low_n_descriptive_only
watersystem_x_unit_basin_x_landform,Ko->Na,4,B_830305_36_LF_CLASS::山地斜面等,多摩川 / basin 36 / 山地斜面等,9,1,8,0.1111111111111111,0.8888888888888888,low_n_descriptive_only
watersystem_x_unit_basin_x_landform,Ko->Na,4,B_830305_36_LF_CLASS::氾濫平野・海岸平野,多摩川 / basin 36 / 氾濫平野・海岸平野,1,0,1,0,1,low_n_descriptive_only
watersystem_x_unit_basin_x_landform,Ko->Na,4,B_830305_37_LF_CLASS::台地・段丘,多摩川 / basin 37 / 台地・段丘,1,1,0,1,0,low_n_descriptive_only
watersystem_x_unit_basin_x_landform,Ko->Na,4,B_830305_37_LF_CLASS::山地斜面等,多摩川 / basin 37 / 山地斜面等,1,0,1,0,1,low_n_descriptive_only
watersystem_x_unit_basin_x_landform,Ko->Na,4,B_830305_37_LF_CLASS::崖・段丘崖,多摩川 / basin 37 / 崖・段丘崖,1,0,1,0,1,low_n_descriptive_only
watersystem_x_unit_basin_x_landform,Ko->Na,4,B_830305_38_LF_CLASS::台地・段丘,多摩川 / basin 38 / 台地・段丘,3,2,1,0.6666666666666666,0.3333333333333333,low_n_descriptive_only
watersystem_x_unit_basin_x_landform,Ko->Na,4,B_830305_38_LF_CLASS::山地斜面等,多摩川 / basin 38 / 山地斜面等,1,1,0,1,0,low_n_descriptive_only
watersystem_x_unit_basin_x_landform,Ko->Na,4,B_830305_3_LF_CLASS::台地・段丘,多摩川 / basin 3 / 台地・段丘,18,2,16,0.1111111111111111,0.8888888888888888,low_n_descriptive_only
watersystem_x_unit_basin_x_landform,Ko->Na,4,B_830305_3_LF_CLASS::山地斜面等,多摩川 / basin 3 / 山地斜面等,20,6,14,0.3,0.7,eligible
watersystem_x_unit_basin_x_landform,Ko->Na,4,B_830305_40_LF_CLASS::台地・段丘,多摩川 / basin 40 / 台地・段丘,18,8,10,0.4444444444444444,0.5555555555555556,low_n_descriptive_only
watersystem_x_unit_basin_x_landform,Ko->Na,4,B_830305_40_LF_CLASS::山地斜面等,多摩川 / basin 40 / 山地斜面等,7,4,3,0.5714285714285714,0.42857142857142855,low_n_descriptive_only
watersystem_x_unit_basin_x_landform,Ko->Na,4,B_830305_40_LF_CLASS::崖・段丘崖,多摩川 / basin 40 / 崖・段丘崖,1,1,0,1,0,low_n_descriptive_only
watersystem_x_unit_basin_x_landform,Ko->Na,4,B_830305_40_LF_CLASS::氾濫平野・海岸平野,多摩川 / basin 40 / 氾濫平野・海岸平野,1,0,1,0,1,low_n_descriptive_only
watersystem_x_unit_basin_x_landform,Ko->Na,4,B_830305_41_LF_CLASS::台地・段丘,多摩川 / basin 41 / 台地・段丘,7,2,5,0.2857142857142857,0.7142857142857143,low_n_descriptive_only
watersystem_x_unit_basin_x_landform,Ko->Na,4,B_830305_41_LF_CLASS::山地斜面等,多摩川 / basin 41 / 山地斜面等,1,0,1,0,1,low_n_descriptive_only
watersystem_x_unit_basin_x_landform,Ko->Na,4,B_830305_41_LF_CLASS::氾濫平野・海岸平野,多摩川 / basin 41 / 氾濫平野・海岸平野,1,0,1,0,1,low_n_descriptive_only
watersystem_x_unit_basin_x_landform,Ko->Na,4,B_830305_42_LF_CLASS::台地・段丘,多摩川 / basin 42 / 台地・段丘,2,1,1,0.5,0.5,low_n_descriptive_only
watersystem_x_unit_basin_x_landform,Ko->Na,4,B_830305_42_LF_CLASS::崖・段丘崖,多摩川 / basin 42 / 崖・段丘崖,1,0,1,0,1,low_n_descriptive_only
watersystem_x_unit_basin_x_landform,Ko->Na,4,B_830305_42_LF_CLASS::氾濫平野・海岸平野,多摩川 / basin 42 / 氾濫平野・海岸平野,1,0,1,0,1,low_n_descriptive_only
watersystem_x_unit_basin_x_landform,Ko->Na,4,B_830305_43_LF_CLASS::凹地・浅い谷,多摩川 / basin 43 / 凹地・浅い谷,1,0,1,0,1,low_n_descriptive_only
watersystem_x_unit_basin_x_landform,Ko->Na,4,B_830305_43_LF_CLASS::台地・段丘,多摩川 / basin 43 / 台地・段丘,18,4,14,0.2222222222222222,0.7777777777777778,low_n_descriptive_only
watersystem_x_unit_basin_x_landform,Ko->Na,4,B_830305_43_LF_CLASS::山地斜面等,多摩川 / basin 43 / 山地斜面等,2,1,1,0.5,0.5,low_n_descriptive_only
watersystem_x_unit_basin_x_landform,Ko->Na,4,B_830305_44_LF_CLASS::台地・段丘,多摩川 / basin 44 / 台地・段丘,3,0,3,0,1,low_n_descriptive_only
watersystem_x_unit_basin_x_landform,Ko->Na,4,B_830305_44_LF_CLASS::山地斜面等,多摩川 / basin 44 / 山地斜面等,4,1,3,0.25,0.75,low_n_descriptive_only
watersystem_x_unit_basin_x_landform,Ko->Na,4,B_830305_44_LF_CLASS::氾濫平野・海岸平野,多摩川 / basin 44 / 氾濫平野・海岸平野,1,1,0,1,0,low_n_descriptive_only
watersystem_x_unit_basin_x_landform,Ko->Na,4,B_830305_47_LF_CLASS::台地・段丘,多摩川 / basin 47 / 台地・段丘,1,0,1,0,1,low_n_descriptive_only
watersystem_x_unit_basin_x_landform,Ko->Na,4,B_830305_48_LF_CLASS::台地・段丘,多摩川 / basin 48 / 台地・段丘,5,2,3,0.4,0.6,low_n_descriptive_only
watersystem_x_unit_basin_x_landform,Ko->Na,4,B_830305_49_LF_CLASS::台地・段丘,多摩川 / basin 49 / 台地・段丘,3,0,3,0,1,low_n_descriptive_only
watersystem_x_unit_basin_x_landform,Ko->Na,4,B_830305_49_LF_CLASS::崖・段丘崖,多摩川 / basin 49 / 崖・段丘崖,1,1,0,1,0,low_n_descriptive_only
watersystem_x_unit_basin_x_landform,Ko->Na,4,B_830305_49_LF_CLASS::氾濫平野・海岸平野,多摩川 / basin 49 / 氾濫平野・海岸平野,1,0,1,0,1,low_n_descriptive_only
watersystem_x_unit_basin_x_landform,Ko->Na,4,B_830305_50_LF_CLASS::台地・段丘,多摩川 / basin 50 / 台地・段丘,15,2,13,0.13333333333333333,0.8666666666666667,low_n_descriptive_only
watersystem_x_unit_basin_x_landform,Ko->Na,4,B_830305_50_LF_CLASS::崖・段丘崖,多摩川 / basin 50 / 崖・段丘崖,1,0,1,0,1,low_n_descriptive_only
watersystem_x_unit_basin_x_landform,Ko->Na,4,B_830305_51_LF_CLASS::台地・段丘,多摩川 / basin 51 / 台地・段丘,4,1,3,0.25,0.75,low_n_descriptive_only
watersystem_x_unit_basin_x_landform,Ko->Na,4,B_830305_52_LF_CLASS::台地・段丘,多摩川 / basin 52 / 台地・段丘,8,2,6,0.25,0.75,low_n_descriptive_only
watersystem_x_unit_basin_x_landform,Ko->Na,4,B_830305_52_LF_CLASS::氾濫平野・海岸平野,多摩川 / basin 52 / 氾濫平野・海岸平野,1,0,1,0,1,low_n_descriptive_only
watersystem_x_unit_basin_x_landform,Ko->Na,4,B_830305_55_LF_CLASS::台地・段丘,多摩川 / basin 55 / 台地・段丘,3,0,3,0,1,low_n_descriptive_only
watersystem_x_unit_basin_x_landform,Ko->Na,4,B_830305_55_LF_CLASS::氾濫平野・海岸平野,多摩川 / basin 55 / 氾濫平野・海岸平野,1,0,1,0,1,low_n_descriptive_only
watersystem_x_unit_basin_x_landform,Ko->Na,4,B_830305_56_LF_CLASS::台地・段丘,多摩川 / basin 56 / 台地・段丘,47,3,44,0.06382978723404255,0.9361702127659575,eligible
watersystem_x_unit_basin_x_landform,Ko->Na,4,B_830305_56_LF_CLASS::山地斜面等,多摩川 / basin 56 / 山地斜面等,1,0,1,0,1,low_n_descriptive_only
watersystem_x_unit_basin_x_landform,Ko->Na,4,B_830305_56_LF_CLASS::崖・段丘崖,多摩川 / basin 56 / 崖・段丘崖,5,0,5,0,1,low_n_descriptive_only
watersystem_x_unit_basin_x_landform,Ko->Na,4,B_830305_56_LF_CLASS::氾濫平野・海岸平野,多摩川 / basin 56 / 氾濫平野・海岸平野,1,0,1,0,1,low_n_descriptive_only
watersystem_x_unit_basin_x_landform,Ko->Na,4,B_830305_5_LF_CLASS::台地・段丘,多摩川 / basin 5 / 台地・段丘,10,0,10,0,1,low_n_descriptive_only
watersystem_x_unit_basin_x_landform,Ko->Na,4,B_830305_5_LF_CLASS::山地斜面等,多摩川 / basin 5 / 山地斜面等,3,0,3,0,1,low_n_descriptive_only
watersystem_x_unit_basin_x_landform,Ko->Na,4,B_830305_5_LF_CLASS::氾濫平野・海岸平野,多摩川 / basin 5 / 氾濫平野・海岸平野,1,0,1,0,1,low_n_descriptive_only
watersystem_x_unit_basin_x_landform,Ko->Na,4,B_830305_60_LF_CLASS::氾濫平野・海岸平野,多摩川 / basin 60 / 氾濫平野・海岸平野,1,0,1,0,1,low_n_descriptive_only
watersystem_x_unit_basin_x_landform,Ko->Na,4,B_830305_71_LF_CLASS::台地・段丘,多摩川 / basin 71 / 台地・段丘,1,0,1,0,1,low_n_descriptive_only
watersystem_x_unit_basin_x_landform,Ko->Na,4,B_830305_72_LF_CLASS::山地斜面等,多摩川 / basin 72 / 山地斜面等,1,1,0,1,0,low_n_descriptive_only
watersystem_x_unit_basin_x_landform,Ko->Na,4,B_830305_73_LF_CLASS::台地・段丘,多摩川 / basin 73 / 台地・段丘,3,2,1,0.6666666666666666,0.3333333333333333,low_n_descriptive_only
watersystem_x_unit_basin_x_landform,Ko->Na,4,B_830305_75_LF_CLASS::台地・段丘,多摩川 / basin 75 / 台地・段丘,2,1,1,0.5,0.5,low_n_descriptive_only
watersystem_x_unit_basin_x_landform,Ko->Na,4,B_830305_8_LF_CLASS::台地・段丘,多摩川 / basin 8 / 台地・段丘,24,7,17,0.2916666666666667,0.7083333333333334,eligible
watersystem_x_unit_basin_x_landform,Ko->Na,4,B_830305_8_LF_CLASS::山地斜面等,多摩川 / basin 8 / 山地斜面等,1,0,1,0,1,low_n_descriptive_only
watersystem_x_unit_basin_x_landform,Ko->Na,4,B_830305_8_LF_CLASS::崖・段丘崖,多摩川 / basin 8 / 崖・段丘崖,10,0,10,0,1,low_n_descriptive_only
watersystem_x_unit_basin_x_landform,Ko->Na,4,B_830305_8_LF_CLASS::氾濫平野・海岸平野,多摩川 / basin 8 / 氾濫平野・海岸平野,3,1,2,0.3333333333333333,0.6666666666666666,low_n_descriptive_only
watersystem_x_unit_basin_x_landform,Ko->Na,4,B_830305_9_LF_CLASS::氾濫平野・海岸平野,多摩川 / basin 9 / 氾濫平野・海岸平野,1,1,0,1,0,low_n_descriptive_only
watersystem_x_unit_basin_x_landform,Ko->Na,4,B_830306_16_LF_CLASS::凹地・浅い谷,鶴見川 / basin 16 / 凹地・浅い谷,1,1,0,1,0,low_n_descriptive_only
watersystem_x_unit_basin_x_landform,Ko->Na,4,B_830306_16_LF_CLASS::台地・段丘,鶴見川 / basin 16 / 台地・段丘,13,12,1,0.9230769230769231,0.07692307692307693,low_n_descriptive_only
watersystem_x_unit_basin_x_landform,Ko->Na,4,B_830306_16_LF_CLASS::山地斜面等,鶴見川 / basin 16 / 山地斜面等,13,9,4,0.6923076923076923,0.3076923076923077,low_n_descriptive_only
watersystem_x_unit_basin_x_landform,Ko->Na,4,B_830306_16_LF_CLASS::山麓堆積地形,鶴見川 / basin 16 / 山麓堆積地形,2,2,0,1,0,low_n_descriptive_only
watersystem_x_unit_basin_x_landform,Ko->Na,4,B_830306_16_LF_CLASS::水部,鶴見川 / basin 16 / 水部,1,1,0,1,0,low_n_descriptive_only
watersystem_x_unit_basin_x_landform,Ko->Na,4,B_830306_16_LF_CLASS::氾濫平野・海岸平野,鶴見川 / basin 16 / 氾濫平野・海岸平野,1,0,1,0,1,low_n_descriptive_only
watersystem_x_unit_basin_x_landform,Ko->Na,4,B_830306_17_LF_CLASS::台地・段丘,鶴見川 / basin 17 / 台地・段丘,2,2,0,1,0,low_n_descriptive_only
watersystem_x_unit_basin_x_landform,Ko->Na,4,B_830306_17_LF_CLASS::山地斜面等,鶴見川 / basin 17 / 山地斜面等,2,0,2,0,1,low_n_descriptive_only
watersystem_x_unit_basin_x_landform,Ko->Na,4,B_830306_19_LF_CLASS::台地・段丘,鶴見川 / basin 19 / 台地・段丘,2,1,1,0.5,0.5,low_n_descriptive_only
watersystem_x_unit_basin_x_landform,Ko->Na,4,B_830306_19_LF_CLASS::山地斜面等,鶴見川 / basin 19 / 山地斜面等,3,0,3,0,1,low_n_descriptive_only
watersystem_x_unit_basin_x_landform,Ko->Na,4,B_830306_19_LF_CLASS::氾濫平野・海岸平野,鶴見川 / basin 19 / 氾濫平野・海岸平野,1,0,1,0,1,low_n_descriptive_only
watersystem_x_unit_basin_x_landform,Ko->Na,4,B_830306_20_LF_CLASS::台地・段丘,鶴見川 / basin 20 / 台地・段丘,6,5,1,0.8333333333333334,0.16666666666666666,low_n_descriptive_only
watersystem_x_unit_basin_x_landform,Ko->Na,4,B_830306_20_LF_CLASS::山地斜面等,鶴見川 / basin 20 / 山地斜面等,36,27,9,0.75,0.25,eligible
watersystem_x_unit_basin_x_landform,Ko->Na,4,B_830306_20_LF_CLASS::氾濫平野・海岸平野,鶴見川 / basin 20 / 氾濫平野・海岸平野,7,6,1,0.8571428571428571,0.14285714285714285,low_n_descriptive_only
watersystem_x_unit_basin_x_landform,Ko->Na,4,B_830306_21_LF_CLASS::台地・段丘,鶴見川 / basin 21 / 台地・段丘,1,1,0,1,0,low_n_descriptive_only
watersystem_x_unit_basin_x_landform,Ko->Na,4,B_830306_21_LF_CLASS::山地斜面等,鶴見川 / basin 21 / 山地斜面等,14,5,9,0.35714285714285715,0.6428571428571429,low_n_descriptive_only
watersystem_x_unit_basin_x_landform,Ko->Na,4,B_830306_21_LF_CLASS::氾濫平野・海岸平野,鶴見川 / basin 21 / 氾濫平野・海岸平野,2,1,1,0.5,0.5,low_n_descriptive_only
watersystem_x_unit_basin_x_landform,Ko->Na,4,B_unknown_0_LF_CLASS::凹地・浅い谷,古川・目黒川・立会川・呑川 / basin 0 / 凹地・浅い谷,3,2,1,0.6666666666666666,0.3333333333333333,low_n_descriptive_only
watersystem_x_unit_basin_x_landform,Ko->Na,4,B_unknown_0_LF_CLASS::台地・段丘,古川・目黒川・立会川・呑川 / basin 0 / 台地・段丘,58,17,41,0.29310344827586204,0.7068965517241379,eligible
watersystem_x_unit_basin_x_landform,Ko->Na,4,B_unknown_0_LF_CLASS::山地斜面等,古川・目黒川・立会川・呑川 / basin 0 / 山地斜面等,49,24,25,0.4897959183673469,0.5102040816326531,eligible
watersystem_x_unit_basin_x_landform,Ko->Na,4,B_unknown_0_LF_CLASS::崖・段丘崖,古川・目黒川・立会川・呑川 / basin 0 / 崖・段丘崖,8,5,3,0.625,0.375,low_n_descriptive_only
watersystem_x_unit_basin_x_landform,Ko->Na,4,B_unknown_0_LF_CLASS::氾濫平野・海岸平野,古川・目黒川・立会川・呑川 / basin 0 / 氾濫平野・海岸平野,14,5,9,0.35714285714285715,0.6428571428571429,low_n_descriptive_only
watersystem_x_unit_basin_x_landform,Ko->Na,4,B_unknown_0_LF_CLASS::砂州・砂丘,古川・目黒川・立会川・呑川 / basin 0 / 砂州・砂丘,6,1,5,0.16666666666666666,0.8333333333333334,low_n_descriptive_only
watersystem_x_unit_basin_x_landform,Na->He,5,B_120000_6_LF_CLASS::台地・段丘,名称不明 / basin 6 / 台地・段丘,1,1,0,1,0,low_n_descriptive_only
watersystem_x_unit_basin_x_landform,Na->He,5,B_130000_1_LF_CLASS::台地・段丘,名称不明 / basin 1 / 台地・段丘,4,4,0,1,0,low_n_descriptive_only
watersystem_x_unit_basin_x_landform,Na->He,5,B_130000_4_LF_CLASS::台地・段丘,名称不明 / basin 4 / 台地・段丘,4,3,1,0.75,0.25,low_n_descriptive_only
watersystem_x_unit_basin_x_landform,Na->He,5,B_130000_4_LF_CLASS::後背低地・湿地,名称不明 / basin 4 / 後背低地・湿地,2,1,1,0.5,0.5,low_n_descriptive_only
watersystem_x_unit_basin_x_landform,Na->He,5,B_130000_5_LF_CLASS::台地・段丘,名称不明 / basin 5 / 台地・段丘,23,23,0,1,0,eligible
watersystem_x_unit_basin_x_landform,Na->He,5,B_130000_5_LF_CLASS::山地斜面等,名称不明 / basin 5 / 山地斜面等,1,1,0,1,0,low_n_descriptive_only
watersystem_x_unit_basin_x_landform,Na->He,5,B_130000_5_LF_CLASS::崖・段丘崖,名称不明 / basin 5 / 崖・段丘崖,1,1,0,1,0,low_n_descriptive_only
watersystem_x_unit_basin_x_landform,Na->He,5,B_130000_5_LF_CLASS::後背低地・湿地,名称不明 / basin 5 / 後背低地・湿地,3,3,0,1,0,low_n_descriptive_only
watersystem_x_unit_basin_x_landform,Na->He,5,B_130000_5_LF_CLASS::水部,名称不明 / basin 5 / 水部,1,1,0,1,0,low_n_descriptive_only
watersystem_x_unit_basin_x_landform,Na->He,5,B_130000_5_LF_CLASS::氾濫平野・海岸平野,名称不明 / basin 5 / 氾濫平野・海岸平野,1,1,0,1,0,low_n_descriptive_only
watersystem_x_unit_basin_x_landform,Na->He,5,B_130000_6_LF_CLASS::台地・段丘,名称不明 / basin 6 / 台地・段丘,1,1,0,1,0,low_n_descriptive_only
watersystem_x_unit_basin_x_landform,Na->He,5,B_130000_6_LF_CLASS::山地斜面等,名称不明 / basin 6 / 山地斜面等,2,1,1,0.5,0.5,low_n_descriptive_only
watersystem_x_unit_basin_x_landform,Na->He,5,B_130000_6_LF_CLASS::氾濫平野・海岸平野,名称不明 / basin 6 / 氾濫平野・海岸平野,1,1,0,1,0,low_n_descriptive_only
watersystem_x_unit_basin_x_landform,Na->He,5,B_140013_17_LF_CLASS::台地・段丘,境川 / basin 17 / 台地・段丘,31,31,0,1,0,eligible
watersystem_x_unit_basin_x_landform,Na->He,5,B_140013_17_LF_CLASS::山地斜面等,境川 / basin 17 / 山地斜面等,103,101,2,0.9805825242718447,0.019417475728155338,eligible
watersystem_x_unit_basin_x_landform,Na->He,5,B_140013_17_LF_CLASS::山麓堆積地形,境川 / basin 17 / 山麓堆積地形,1,1,0,1,0,low_n_descriptive_only
watersystem_x_unit_basin_x_landform,Na->He,5,B_140013_17_LF_CLASS::氾濫平野・海岸平野,境川 / basin 17 / 氾濫平野・海岸平野,31,29,2,0.9354838709677419,0.06451612903225806,eligible
watersystem_x_unit_basin_x_landform,Na->He,5,B_140013_19_LF_CLASS::台地・段丘,境川 / basin 19 / 台地・段丘,1,1,0,1,0,low_n_descriptive_only
watersystem_x_unit_basin_x_landform,Na->He,5,B_140013_19_LF_CLASS::山地斜面等,境川 / basin 19 / 山地斜面等,5,4,1,0.8,0.2,low_n_descriptive_only
watersystem_x_unit_basin_x_landform,Na->He,5,B_140013_19_LF_CLASS::氾濫平野・海岸平野,境川 / basin 19 / 氾濫平野・海岸平野,3,3,0,1,0,low_n_descriptive_only
watersystem_x_unit_basin_x_landform,Na->He,5,B_830303_345_LF_CLASS::自然堤防,利根川 / basin 345 / 自然堤防,1,1,0,1,0,low_n_descriptive_only
watersystem_x_unit_basin_x_landform,Na->He,5,B_830303_347_LF_CLASS::自然堤防,利根川 / basin 347 / 自然堤防,5,5,0,1,0,low_n_descriptive_only
watersystem_x_unit_basin_x_landform,Na->He,5,B_830303_389_LF_CLASS::自然堤防,利根川 / basin 389 / 自然堤防,1,1,0,1,0,low_n_descriptive_only
watersystem_x_unit_basin_x_landform,Na->He,5,B_830303_393_LF_CLASS::氾濫平野・海岸平野,利根川 / basin 393 / 氾濫平野・海岸平野,1,1,0,1,0,low_n_descriptive_only
watersystem_x_unit_basin_x_landform,Na->He,5,B_830303_393_LF_CLASS::自然堤防,利根川 / basin 393 / 自然堤防,2,1,1,0.5,0.5,low_n_descriptive_only
watersystem_x_unit_basin_x_landform,Na->He,5,B_830303_427_LF_CLASS::氾濫平野・海岸平野,利根川 / basin 427 / 氾濫平野・海岸平野,2,2,0,1,0,low_n_descriptive_only
watersystem_x_unit_basin_x_landform,Na->He,5,B_830303_427_LF_CLASS::自然堤防,利根川 / basin 427 / 自然堤防,2,2,0,1,0,low_n_descriptive_only
watersystem_x_unit_basin_x_landform,Na->He,5,B_830303_478_LF_CLASS::氾濫平野・海岸平野,利根川 / basin 478 / 氾濫平野・海岸平野,1,1,0,1,0,low_n_descriptive_only
watersystem_x_unit_basin_x_landform,Na->He,5,B_830303_478_LF_CLASS::自然堤防,利根川 / basin 478 / 自然堤防,2,2,0,1,0,low_n_descriptive_only
watersystem_x_unit_basin_x_landform,Na->He,5,B_830303_517_LF_CLASS::旧河道,利根川 / basin 517 / 旧河道,2,2,0,1,0,low_n_descriptive_only
watersystem_x_unit_basin_x_landform,Na->He,5,B_830303_517_LF_CLASS::氾濫平野・海岸平野,利根川 / basin 517 / 氾濫平野・海岸平野,1,1,0,1,0,low_n_descriptive_only
watersystem_x_unit_basin_x_landform,Na->He,5,B_830303_517_LF_CLASS::自然堤防,利根川 / basin 517 / 自然堤防,2,1,1,0.5,0.5,low_n_descriptive_only
watersystem_x_unit_basin_x_landform,Na->He,5,B_830304_120_LF_CLASS::台地・段丘,荒川 / basin 120 / 台地・段丘,17,17,0,1,0,low_n_descriptive_only
watersystem_x_unit_basin_x_landform,Na->He,5,B_830304_120_LF_CLASS::山地斜面等,荒川 / basin 120 / 山地斜面等,6,6,0,1,0,low_n_descriptive_only
watersystem_x_unit_basin_x_landform,Na->He,5,B_830304_120_LF_CLASS::氾濫平野・海岸平野,荒川 / basin 120 / 氾濫平野・海岸平野,5,5,0,1,0,low_n_descriptive_only
watersystem_x_unit_basin_x_landform,Na->He,5,B_830304_15_LF_CLASS::台地・段丘,荒川 / basin 15 / 台地・段丘,2,2,0,1,0,low_n_descriptive_only
watersystem_x_unit_basin_x_landform,Na->He,5,B_830304_15_LF_CLASS::氾濫平野・海岸平野,荒川 / basin 15 / 氾濫平野・海岸平野,1,1,0,1,0,low_n_descriptive_only
watersystem_x_unit_basin_x_landform,Na->He,5,B_830304_15_LF_CLASS::砂州・砂丘,荒川 / basin 15 / 砂州・砂丘,1,1,0,1,0,low_n_descriptive_only
watersystem_x_unit_basin_x_landform,Na->He,5,B_830304_15_LF_CLASS::自然堤防,荒川 / basin 15 / 自然堤防,1,1,0,1,0,low_n_descriptive_only
watersystem_x_unit_basin_x_landform,Na->He,5,B_830304_161_LF_CLASS::台地・段丘,荒川 / basin 161 / 台地・段丘,1,1,0,1,0,low_n_descriptive_only
watersystem_x_unit_basin_x_landform,Na->He,5,B_830304_16_LF_CLASS::凹地・浅い谷,荒川 / basin 16 / 凹地・浅い谷,1,1,0,1,0,low_n_descriptive_only
watersystem_x_unit_basin_x_landform,Na->He,5,B_830304_16_LF_CLASS::台地・段丘,荒川 / basin 16 / 台地・段丘,3,2,1,0.6666666666666666,0.3333333333333333,low_n_descriptive_only
watersystem_x_unit_basin_x_landform,Na->He,5,B_830304_16_LF_CLASS::氾濫平野・海岸平野,荒川 / basin 16 / 氾濫平野・海岸平野,1,1,0,1,0,low_n_descriptive_only
watersystem_x_unit_basin_x_landform,Na->He,5,B_830304_16_LF_CLASS::自然堤防,荒川 / basin 16 / 自然堤防,2,2,0,1,0,low_n_descriptive_only
watersystem_x_unit_basin_x_landform,Na->He,5,B_830304_25_LF_CLASS::台地・段丘,荒川 / basin 25 / 台地・段丘,5,5,0,1,0,low_n_descriptive_only
watersystem_x_unit_basin_x_landform,Na->He,5,B_830304_25_LF_CLASS::氾濫平野・海岸平野,荒川 / basin 25 / 氾濫平野・海岸平野,5,4,1,0.8,0.2,low_n_descriptive_only
watersystem_x_unit_basin_x_landform,Na->He,5,B_830304_25_LF_CLASS::砂州・砂丘,荒川 / basin 25 / 砂州・砂丘,11,11,0,1,0,low_n_descriptive_only
watersystem_x_unit_basin_x_landform,Na->He,5,B_830304_26_LF_CLASS::台地・段丘,荒川 / basin 26 / 台地・段丘,5,3,2,0.6,0.4,low_n_descriptive_only
watersystem_x_unit_basin_x_landform,Na->He,5,B_830304_26_LF_CLASS::氾濫平野・海岸平野,荒川 / basin 26 / 氾濫平野・海岸平野,1,1,0,1,0,low_n_descriptive_only
watersystem_x_unit_basin_x_landform,Na->He,5,B_830304_27_LF_CLASS::台地・段丘,荒川 / basin 27 / 台地・段丘,8,7,1,0.875,0.125,low_n_descriptive_only
watersystem_x_unit_basin_x_landform,Na->He,5,B_830304_27_LF_CLASS::崖・段丘崖,荒川 / basin 27 / 崖・段丘崖,1,0,1,0,1,low_n_descriptive_only
watersystem_x_unit_basin_x_landform,Na->He,5,B_830304_27_LF_CLASS::砂州・砂丘,荒川 / basin 27 / 砂州・砂丘,2,1,1,0.5,0.5,low_n_descriptive_only
watersystem_x_unit_basin_x_landform,Na->He,5,B_830304_36_LF_CLASS::氾濫平野・海岸平野,荒川 / basin 36 / 氾濫平野・海岸平野,1,1,0,1,0,low_n_descriptive_only
watersystem_x_unit_basin_x_landform,Na->He,5,B_830304_37_LF_CLASS::台地・段丘,荒川 / basin 37 / 台地・段丘,1,0,1,0,1,low_n_descriptive_only
watersystem_x_unit_basin_x_landform,Na->He,5,B_830304_37_LF_CLASS::氾濫平野・海岸平野,荒川 / basin 37 / 氾濫平野・海岸平野,1,1,0,1,0,low_n_descriptive_only
watersystem_x_unit_basin_x_landform,Na->He,5,B_830304_38_LF_CLASS::山地斜面等,荒川 / basin 38 / 山地斜面等,1,1,0,1,0,low_n_descriptive_only
watersystem_x_unit_basin_x_landform,Na->He,5,B_830304_38_LF_CLASS::後背低地・湿地,荒川 / basin 38 / 後背低地・湿地,1,1,0,1,0,low_n_descriptive_only
watersystem_x_unit_basin_x_landform,Na->He,5,B_830304_38_LF_CLASS::氾濫平野・海岸平野,荒川 / basin 38 / 氾濫平野・海岸平野,1,1,0,1,0,low_n_descriptive_only
watersystem_x_unit_basin_x_landform,Na->He,5,B_830304_39_LF_CLASS::台地・段丘,荒川 / basin 39 / 台地・段丘,2,2,0,1,0,low_n_descriptive_only
watersystem_x_unit_basin_x_landform,Na->He,5,B_830304_39_LF_CLASS::山地斜面等,荒川 / basin 39 / 山地斜面等,1,1,0,1,0,low_n_descriptive_only
watersystem_x_unit_basin_x_landform,Na->He,5,B_830304_39_LF_CLASS::崖・段丘崖,荒川 / basin 39 / 崖・段丘崖,1,0,1,0,1,low_n_descriptive_only
watersystem_x_unit_basin_x_landform,Na->He,5,B_830304_39_LF_CLASS::水部,荒川 / basin 39 / 水部,1,1,0,1,0,low_n_descriptive_only
watersystem_x_unit_basin_x_landform,Na->He,5,B_830304_40_LF_CLASS::台地・段丘,荒川 / basin 40 / 台地・段丘,1,1,0,1,0,low_n_descriptive_only
watersystem_x_unit_basin_x_landform,Na->He,5,B_830304_42_LF_CLASS::台地・段丘,荒川 / basin 42 / 台地・段丘,4,3,1,0.75,0.25,low_n_descriptive_only
watersystem_x_unit_basin_x_landform,Na->He,5,B_830304_42_LF_CLASS::氾濫平野・海岸平野,荒川 / basin 42 / 氾濫平野・海岸平野,2,2,0,1,0,low_n_descriptive_only
watersystem_x_unit_basin_x_landform,Na->He,5,B_830304_47_LF_CLASS::台地・段丘,荒川 / basin 47 / 台地・段丘,6,6,0,1,0,low_n_descriptive_only
watersystem_x_unit_basin_x_landform,Na->He,5,B_830304_47_LF_CLASS::山地斜面等,荒川 / basin 47 / 山地斜面等,2,2,0,1,0,low_n_descriptive_only
watersystem_x_unit_basin_x_landform,Na->He,5,B_830304_51_LF_CLASS::台地・段丘,荒川 / basin 51 / 台地・段丘,2,2,0,1,0,low_n_descriptive_only
watersystem_x_unit_basin_x_landform,Na->He,5,B_830304_51_LF_CLASS::山地斜面等,荒川 / basin 51 / 山地斜面等,2,2,0,1,0,low_n_descriptive_only
watersystem_x_unit_basin_x_landform,Na->He,5,B_830304_52_LF_CLASS::台地・段丘,荒川 / basin 52 / 台地・段丘,10,5,5,0.5,0.5,low_n_descriptive_only
watersystem_x_unit_basin_x_landform,Na->He,5,B_830304_52_LF_CLASS::山地斜面等,荒川 / basin 52 / 山地斜面等,6,4,2,0.6666666666666666,0.3333333333333333,low_n_descriptive_only
watersystem_x_unit_basin_x_landform,Na->He,5,B_830304_52_LF_CLASS::氾濫平野・海岸平野,荒川 / basin 52 / 氾濫平野・海岸平野,2,1,1,0.5,0.5,low_n_descriptive_only
watersystem_x_unit_basin_x_landform,Na->He,5,B_830304_53_LF_CLASS::台地・段丘,荒川 / basin 53 / 台地・段丘,1,0,1,0,1,low_n_descriptive_only
watersystem_x_unit_basin_x_landform,Na->He,5,B_830304_53_LF_CLASS::山地斜面等,荒川 / basin 53 / 山地斜面等,3,2,1,0.6666666666666666,0.3333333333333333,low_n_descriptive_only
watersystem_x_unit_basin_x_landform,Na->He,5,B_830304_54_LF_CLASS::台地・段丘,荒川 / basin 54 / 台地・段丘,5,4,1,0.8,0.2,low_n_descriptive_only
watersystem_x_unit_basin_x_landform,Na->He,5,B_830304_54_LF_CLASS::山地斜面等,荒川 / basin 54 / 山地斜面等,3,2,1,0.6666666666666666,0.3333333333333333,low_n_descriptive_only
watersystem_x_unit_basin_x_landform,Na->He,5,B_830304_55_LF_CLASS::台地・段丘,荒川 / basin 55 / 台地・段丘,5,5,0,1,0,low_n_descriptive_only
watersystem_x_unit_basin_x_landform,Na->He,5,B_830304_55_LF_CLASS::氾濫平野・海岸平野,荒川 / basin 55 / 氾濫平野・海岸平野,1,1,0,1,0,low_n_descriptive_only
watersystem_x_unit_basin_x_landform,Na->He,5,B_830304_56_LF_CLASS::台地・段丘,荒川 / basin 56 / 台地・段丘,5,5,0,1,0,low_n_descriptive_only
watersystem_x_unit_basin_x_landform,Na->He,5,B_830304_56_LF_CLASS::氾濫平野・海岸平野,荒川 / basin 56 / 氾濫平野・海岸平野,1,1,0,1,0,low_n_descriptive_only
watersystem_x_unit_basin_x_landform,Na->He,5,B_830304_57_LF_CLASS::台地・段丘,荒川 / basin 57 / 台地・段丘,4,1,3,0.25,0.75,low_n_descriptive_only
watersystem_x_unit_basin_x_landform,Na->He,5,B_830304_57_LF_CLASS::山地斜面等,荒川 / basin 57 / 山地斜面等,3,1,2,0.3333333333333333,0.6666666666666666,low_n_descriptive_only
watersystem_x_unit_basin_x_landform,Na->He,5,B_830304_57_LF_CLASS::氾濫平野・海岸平野,荒川 / basin 57 / 氾濫平野・海岸平野,2,1,1,0.5,0.5,low_n_descriptive_only
watersystem_x_unit_basin_x_landform,Na->He,5,B_830304_61_LF_CLASS::台地・段丘,荒川 / basin 61 / 台地・段丘,5,3,2,0.6,0.4,low_n_descriptive_only
watersystem_x_unit_basin_x_landform,Na->He,5,B_830304_61_LF_CLASS::山地斜面等,荒川 / basin 61 / 山地斜面等,2,2,0,1,0,low_n_descriptive_only
watersystem_x_unit_basin_x_landform,Na->He,5,B_830304_67_LF_CLASS::山地斜面等,荒川 / basin 67 / 山地斜面等,1,1,0,1,0,low_n_descriptive_only
watersystem_x_unit_basin_x_landform,Na->He,5,B_830304_68_LF_CLASS::台地・段丘,荒川 / basin 68 / 台地・段丘,10,8,2,0.8,0.2,low_n_descriptive_only
watersystem_x_unit_basin_x_landform,Na->He,5,B_830304_68_LF_CLASS::山地斜面等,荒川 / basin 68 / 山地斜面等,2,2,0,1,0,low_n_descriptive_only
watersystem_x_unit_basin_x_landform,Na->He,5,B_830304_69_LF_CLASS::台地・段丘,荒川 / basin 69 / 台地・段丘,2,0,2,0,1,low_n_descriptive_only
watersystem_x_unit_basin_x_landform,Na->He,5,B_830304_69_LF_CLASS::山地斜面等,荒川 / basin 69 / 山地斜面等,3,2,1,0.6666666666666666,0.3333333333333333,low_n_descriptive_only
watersystem_x_unit_basin_x_landform,Na->He,5,B_830304_70_LF_CLASS::台地・段丘,荒川 / basin 70 / 台地・段丘,3,3,0,1,0,low_n_descriptive_only
watersystem_x_unit_basin_x_landform,Na->He,5,B_830304_70_LF_CLASS::山地斜面等,荒川 / basin 70 / 山地斜面等,3,3,0,1,0,low_n_descriptive_only
watersystem_x_unit_basin_x_landform,Na->He,5,B_830304_79_LF_CLASS::台地・段丘,荒川 / basin 79 / 台地・段丘,2,2,0,1,0,low_n_descriptive_only
watersystem_x_unit_basin_x_landform,Na->He,5,B_830304_83_LF_CLASS::台地・段丘,荒川 / basin 83 / 台地・段丘,6,5,1,0.8333333333333334,0.16666666666666666,low_n_descriptive_only
watersystem_x_unit_basin_x_landform,Na->He,5,B_830304_83_LF_CLASS::山地斜面等,荒川 / basin 83 / 山地斜面等,2,2,0,1,0,low_n_descriptive_only
watersystem_x_unit_basin_x_landform,Na->He,5,B_830304_86_LF_CLASS::台地・段丘,荒川 / basin 86 / 台地・段丘,12,10,2,0.8333333333333334,0.16666666666666666,low_n_descriptive_only
watersystem_x_unit_basin_x_landform,Na->He,5,B_830304_86_LF_CLASS::山地斜面等,荒川 / basin 86 / 山地斜面等,11,10,1,0.9090909090909091,0.09090909090909091,low_n_descriptive_only
watersystem_x_unit_basin_x_landform,Na->He,5,B_830304_86_LF_CLASS::山麓堆積地形,荒川 / basin 86 / 山麓堆積地形,2,1,1,0.5,0.5,low_n_descriptive_only
watersystem_x_unit_basin_x_landform,Na->He,5,B_830304_86_LF_CLASS::水部,荒川 / basin 86 / 水部,2,2,0,1,0,low_n_descriptive_only
watersystem_x_unit_basin_x_landform,Na->He,5,B_830304_86_LF_CLASS::氾濫平野・海岸平野,荒川 / basin 86 / 氾濫平野・海岸平野,7,4,3,0.5714285714285714,0.42857142857142855,low_n_descriptive_only
watersystem_x_unit_basin_x_landform,Na->He,5,B_830304_87_LF_CLASS::山地斜面等,荒川 / basin 87 / 山地斜面等,1,0,1,0,1,low_n_descriptive_only
watersystem_x_unit_basin_x_landform,Na->He,5,B_830304_88_LF_CLASS::山地斜面等,荒川 / basin 88 / 山地斜面等,1,1,0,1,0,low_n_descriptive_only
watersystem_x_unit_basin_x_landform,Na->He,5,B_830305_10_LF_CLASS::台地・段丘,多摩川 / basin 10 / 台地・段丘,22,17,5,0.7727272727272727,0.22727272727272727,eligible
watersystem_x_unit_basin_x_landform,Na->He,5,B_830305_12_LF_CLASS::凹地・浅い谷,多摩川 / basin 12 / 凹地・浅い谷,2,2,0,1,0,low_n_descriptive_only
watersystem_x_unit_basin_x_landform,Na->He,5,B_830305_12_LF_CLASS::台地・段丘,多摩川 / basin 12 / 台地・段丘,17,14,3,0.8235294117647058,0.17647058823529413,low_n_descriptive_only
watersystem_x_unit_basin_x_landform,Na->He,5,B_830305_12_LF_CLASS::旧河道,多摩川 / basin 12 / 旧河道,1,1,0,1,0,low_n_descriptive_only
watersystem_x_unit_basin_x_landform,Na->He,5,B_830305_12_LF_CLASS::自然堤防,多摩川 / basin 12 / 自然堤防,1,1,0,1,0,low_n_descriptive_only
watersystem_x_unit_basin_x_landform,Na->He,5,B_830305_13_LF_CLASS::台地・段丘,多摩川 / basin 13 / 台地・段丘,7,5,2,0.7142857142857143,0.2857142857142857,low_n_descriptive_only
watersystem_x_unit_basin_x_landform,Na->He,5,B_830305_13_LF_CLASS::氾濫平野・海岸平野,多摩川 / basin 13 / 氾濫平野・海岸平野,2,2,0,1,0,low_n_descriptive_only
watersystem_x_unit_basin_x_landform,Na->He,5,B_830305_14_LF_CLASS::凹地・浅い谷,多摩川 / basin 14 / 凹地・浅い谷,1,1,0,1,0,low_n_descriptive_only
watersystem_x_unit_basin_x_landform,Na->He,5,B_830305_14_LF_CLASS::台地・段丘,多摩川 / basin 14 / 台地・段丘,13,11,2,0.8461538461538461,0.15384615384615385,low_n_descriptive_only
watersystem_x_unit_basin_x_landform,Na->He,5,B_830305_14_LF_CLASS::山地斜面等,多摩川 / basin 14 / 山地斜面等,1,1,0,1,0,low_n_descriptive_only
watersystem_x_unit_basin_x_landform,Na->He,5,B_830305_14_LF_CLASS::崖・段丘崖,多摩川 / basin 14 / 崖・段丘崖,1,0,1,0,1,low_n_descriptive_only
watersystem_x_unit_basin_x_landform,Na->He,5,B_830305_16_LF_CLASS::台地・段丘,多摩川 / basin 16 / 台地・段丘,1,1,0,1,0,low_n_descriptive_only
watersystem_x_unit_basin_x_landform,Na->He,5,B_830305_16_LF_CLASS::山地斜面等,多摩川 / basin 16 / 山地斜面等,2,2,0,1,0,low_n_descriptive_only
watersystem_x_unit_basin_x_landform,Na->He,5,B_830305_16_LF_CLASS::崖・段丘崖,多摩川 / basin 16 / 崖・段丘崖,1,0,1,0,1,low_n_descriptive_only
watersystem_x_unit_basin_x_landform,Na->He,5,B_830305_17_LF_CLASS::台地・段丘,多摩川 / basin 17 / 台地・段丘,8,8,0,1,0,low_n_descriptive_only
watersystem_x_unit_basin_x_landform,Na->He,5,B_830305_17_LF_CLASS::山地斜面等,多摩川 / basin 17 / 山地斜面等,36,29,7,0.8055555555555556,0.19444444444444445,eligible
watersystem_x_unit_basin_x_landform,Na->He,5,B_830305_17_LF_CLASS::山麓堆積地形,多摩川 / basin 17 / 山麓堆積地形,1,1,0,1,0,low_n_descriptive_only
watersystem_x_unit_basin_x_landform,Na->He,5,B_830305_17_LF_CLASS::氾濫平野・海岸平野,多摩川 / basin 17 / 氾濫平野・海岸平野,4,3,1,0.75,0.25,low_n_descriptive_only
watersystem_x_unit_basin_x_landform,Na->He,5,B_830305_18_LF_CLASS::凹地・浅い谷,多摩川 / basin 18 / 凹地・浅い谷,2,2,0,1,0,low_n_descriptive_only
watersystem_x_unit_basin_x_landform,Na->He,5,B_830305_18_LF_CLASS::台地・段丘,多摩川 / basin 18 / 台地・段丘,43,31,12,0.7209302325581395,0.27906976744186046,eligible
watersystem_x_unit_basin_x_landform,Na->He,5,B_830305_18_LF_CLASS::山地斜面等,多摩川 / basin 18 / 山地斜面等,6,4,2,0.6666666666666666,0.3333333333333333,low_n_descriptive_only
watersystem_x_unit_basin_x_landform,Na->He,5,B_830305_18_LF_CLASS::崖・段丘崖,多摩川 / basin 18 / 崖・段丘崖,5,2,3,0.4,0.6,low_n_descriptive_only
watersystem_x_unit_basin_x_landform,Na->He,5,B_830305_18_LF_CLASS::水部,多摩川 / basin 18 / 水部,1,1,0,1,0,low_n_descriptive_only
watersystem_x_unit_basin_x_landform,Na->He,5,B_830305_18_LF_CLASS::氾濫平野・海岸平野,多摩川 / basin 18 / 氾濫平野・海岸平野,3,3,0,1,0,low_n_descriptive_only
watersystem_x_unit_basin_x_landform,Na->He,5,B_830305_19_LF_CLASS::凹地・浅い谷,多摩川 / basin 19 / 凹地・浅い谷,2,2,0,1,0,low_n_descriptive_only
watersystem_x_unit_basin_x_landform,Na->He,5,B_830305_19_LF_CLASS::台地・段丘,多摩川 / basin 19 / 台地・段丘,12,9,3,0.75,0.25,low_n_descriptive_only
watersystem_x_unit_basin_x_landform,Na->He,5,B_830305_19_LF_CLASS::山地斜面等,多摩川 / basin 19 / 山地斜面等,3,2,1,0.6666666666666666,0.3333333333333333,low_n_descriptive_only
watersystem_x_unit_basin_x_landform,Na->He,5,B_830305_1_LF_CLASS::氾濫平野・海岸平野,多摩川 / basin 1 / 氾濫平野・海岸平野,2,2,0,1,0,low_n_descriptive_only
watersystem_x_unit_basin_x_landform,Na->He,5,B_830305_1_LF_CLASS::自然堤防,多摩川 / basin 1 / 自然堤防,1,1,0,1,0,low_n_descriptive_only
watersystem_x_unit_basin_x_landform,Na->He,5,B_830305_20_LF_CLASS::台地・段丘,多摩川 / basin 20 / 台地・段丘,5,5,0,1,0,low_n_descriptive_only
watersystem_x_unit_basin_x_landform,Na->He,5,B_830305_20_LF_CLASS::崖・段丘崖,多摩川 / basin 20 / 崖・段丘崖,1,0,1,0,1,low_n_descriptive_only
watersystem_x_unit_basin_x_landform,Na->He,5,B_830305_20_LF_CLASS::氾濫平野・海岸平野,多摩川 / basin 20 / 氾濫平野・海岸平野,1,1,0,1,0,low_n_descriptive_only
watersystem_x_unit_basin_x_landform,Na->He,5,B_830305_21_LF_CLASS::台地・段丘,多摩川 / basin 21 / 台地・段丘,1,1,0,1,0,low_n_descriptive_only
watersystem_x_unit_basin_x_landform,Na->He,5,B_830305_22_LF_CLASS::台地・段丘,多摩川 / basin 22 / 台地・段丘,10,9,1,0.9,0.1,low_n_descriptive_only
watersystem_x_unit_basin_x_landform,Na->He,5,B_830305_22_LF_CLASS::山地斜面等,多摩川 / basin 22 / 山地斜面等,65,61,4,0.9384615384615385,0.06153846153846154,eligible
watersystem_x_unit_basin_x_landform,Na->He,5,B_830305_22_LF_CLASS::山麓堆積地形,多摩川 / basin 22 / 山麓堆積地形,6,5,1,0.8333333333333334,0.16666666666666666,low_n_descriptive_only
watersystem_x_unit_basin_x_landform,Na->He,5,B_830305_22_LF_CLASS::氾濫平野・海岸平野,多摩川 / basin 22 / 氾濫平野・海岸平野,13,13,0,1,0,low_n_descriptive_only
watersystem_x_unit_basin_x_landform,Na->He,5,B_830305_23_LF_CLASS::台地・段丘,多摩川 / basin 23 / 台地・段丘,12,12,0,1,0,low_n_descriptive_only
watersystem_x_unit_basin_x_landform,Na->He,5,B_830305_23_LF_CLASS::山地斜面等,多摩川 / basin 23 / 山地斜面等,56,53,3,0.9464285714285714,0.05357142857142857,eligible
watersystem_x_unit_basin_x_landform,Na->He,5,B_830305_23_LF_CLASS::山麓堆積地形,多摩川 / basin 23 / 山麓堆積地形,4,4,0,1,0,low_n_descriptive_only
watersystem_x_unit_basin_x_landform,Na->He,5,B_830305_23_LF_CLASS::崖・段丘崖,多摩川 / basin 23 / 崖・段丘崖,1,1,0,1,0,low_n_descriptive_only
watersystem_x_unit_basin_x_landform,Na->He,5,B_830305_23_LF_CLASS::旧河道,多摩川 / basin 23 / 旧河道,1,1,0,1,0,low_n_descriptive_only
watersystem_x_unit_basin_x_landform,Na->He,5,B_830305_23_LF_CLASS::氾濫平野・海岸平野,多摩川 / basin 23 / 氾濫平野・海岸平野,19,19,0,1,0,low_n_descriptive_only
watersystem_x_unit_basin_x_landform,Na->He,5,B_830305_24_LF_CLASS::山地斜面等,多摩川 / basin 24 / 山地斜面等,1,1,0,1,0,low_n_descriptive_only
watersystem_x_unit_basin_x_landform,Na->He,5,B_830305_25_LF_CLASS::凹地・浅い谷,多摩川 / basin 25 / 凹地・浅い谷,1,1,0,1,0,low_n_descriptive_only
watersystem_x_unit_basin_x_landform,Na->He,5,B_830305_25_LF_CLASS::台地・段丘,多摩川 / basin 25 / 台地・段丘,6,6,0,1,0,low_n_descriptive_only
watersystem_x_unit_basin_x_landform,Na->He,5,B_830305_25_LF_CLASS::崖・段丘崖,多摩川 / basin 25 / 崖・段丘崖,2,2,0,1,0,low_n_descriptive_only
watersystem_x_unit_basin_x_landform,Na->He,5,B_830305_25_LF_CLASS::氾濫平野・海岸平野,多摩川 / basin 25 / 氾濫平野・海岸平野,1,1,0,1,0,low_n_descriptive_only
watersystem_x_unit_basin_x_landform,Na->He,5,B_830305_26_LF_CLASS::台地・段丘,多摩川 / basin 26 / 台地・段丘,2,2,0,1,0,low_n_descriptive_only
watersystem_x_unit_basin_x_landform,Na->He,5,B_830305_26_LF_CLASS::氾濫平野・海岸平野,多摩川 / basin 26 / 氾濫平野・海岸平野,1,1,0,1,0,low_n_descriptive_only
watersystem_x_unit_basin_x_landform,Na->He,5,B_830305_27_LF_CLASS::凹地・浅い谷,多摩川 / basin 27 / 凹地・浅い谷,1,1,0,1,0,low_n_descriptive_only
watersystem_x_unit_basin_x_landform,Na->He,5,B_830305_27_LF_CLASS::台地・段丘,多摩川 / basin 27 / 台地・段丘,3,3,0,1,0,low_n_descriptive_only
watersystem_x_unit_basin_x_landform,Na->He,5,B_830305_27_LF_CLASS::崖・段丘崖,多摩川 / basin 27 / 崖・段丘崖,4,1,3,0.25,0.75,low_n_descriptive_only
watersystem_x_unit_basin_x_landform,Na->He,5,B_830305_28_LF_CLASS::台地・段丘,多摩川 / basin 28 / 台地・段丘,3,3,0,1,0,low_n_descriptive_only
watersystem_x_unit_basin_x_landform,Na->He,5,B_830305_28_LF_CLASS::山地斜面等,多摩川 / basin 28 / 山地斜面等,100,100,0,1,0,eligible
watersystem_x_unit_basin_x_landform,Na->He,5,B_830305_28_LF_CLASS::山麓堆積地形,多摩川 / basin 28 / 山麓堆積地形,5,5,0,1,0,low_n_descriptive_only
watersystem_x_unit_basin_x_landform,Na->He,5,B_830305_28_LF_CLASS::氾濫平野・海岸平野,多摩川 / basin 28 / 氾濫平野・海岸平野,13,13,0,1,0,low_n_descriptive_only
watersystem_x_unit_basin_x_landform,Na->He,5,B_830305_29_LF_CLASS::台地・段丘,多摩川 / basin 29 / 台地・段丘,1,1,0,1,0,low_n_descriptive_only
watersystem_x_unit_basin_x_landform,Na->He,5,B_830305_2_LF_CLASS::凹地・浅い谷,多摩川 / basin 2 / 凹地・浅い谷,1,0,1,0,1,low_n_descriptive_only
watersystem_x_unit_basin_x_landform,Na->He,5,B_830305_2_LF_CLASS::台地・段丘,多摩川 / basin 2 / 台地・段丘,10,0,10,0,1,low_n_descriptive_only
watersystem_x_unit_basin_x_landform,Na->He,5,B_830305_2_LF_CLASS::山地斜面等,多摩川 / basin 2 / 山地斜面等,5,0,5,0,1,low_n_descriptive_only
watersystem_x_unit_basin_x_landform,Na->He,5,B_830305_2_LF_CLASS::崖・段丘崖,多摩川 / basin 2 / 崖・段丘崖,1,0,1,0,1,low_n_descriptive_only
watersystem_x_unit_basin_x_landform,Na->He,5,B_830305_2_LF_CLASS::氾濫平野・海岸平野,多摩川 / basin 2 / 氾濫平野・海岸平野,7,5,2,0.7142857142857143,0.2857142857142857,low_n_descriptive_only
watersystem_x_unit_basin_x_landform,Na->He,5,B_830305_30_LF_CLASS::台地・段丘,多摩川 / basin 30 / 台地・段丘,9,9,0,1,0,low_n_descriptive_only
watersystem_x_unit_basin_x_landform,Na->He,5,B_830305_30_LF_CLASS::山地斜面等,多摩川 / basin 30 / 山地斜面等,65,65,0,1,0,eligible
watersystem_x_unit_basin_x_landform,Na->He,5,B_830305_30_LF_CLASS::山麓堆積地形,多摩川 / basin 30 / 山麓堆積地形,4,4,0,1,0,low_n_descriptive_only
watersystem_x_unit_basin_x_landform,Na->He,5,B_830305_30_LF_CLASS::氾濫平野・海岸平野,多摩川 / basin 30 / 氾濫平野・海岸平野,14,12,2,0.8571428571428571,0.14285714285714285,low_n_descriptive_only
watersystem_x_unit_basin_x_landform,Na->He,5,B_830305_31_LF_CLASS::台地・段丘,多摩川 / basin 31 / 台地・段丘,1,1,0,1,0,low_n_descriptive_only
watersystem_x_unit_basin_x_landform,Na->He,5,B_830305_32_LF_CLASS::山地斜面等,多摩川 / basin 32 / 山地斜面等,2,2,0,1,0,low_n_descriptive_only
watersystem_x_unit_basin_x_landform,Na->He,5,B_830305_33_LF_CLASS::凹地・浅い谷,多摩川 / basin 33 / 凹地・浅い谷,1,1,0,1,0,low_n_descriptive_only
watersystem_x_unit_basin_x_landform,Na->He,5,B_830305_33_LF_CLASS::台地・段丘,多摩川 / basin 33 / 台地・段丘,8,5,3,0.625,0.375,low_n_descriptive_only
watersystem_x_unit_basin_x_landform,Na->He,5,B_830305_33_LF_CLASS::山地斜面等,多摩川 / basin 33 / 山地斜面等,4,4,0,1,0,low_n_descriptive_only
watersystem_x_unit_basin_x_landform,Na->He,5,B_830305_33_LF_CLASS::氾濫平野・海岸平野,多摩川 / basin 33 / 氾濫平野・海岸平野,2,2,0,1,0,low_n_descriptive_only
watersystem_x_unit_basin_x_landform,Na->He,5,B_830305_34_LF_CLASS::山地斜面等,多摩川 / basin 34 / 山地斜面等,3,1,2,0.3333333333333333,0.6666666666666666,low_n_descriptive_only
watersystem_x_unit_basin_x_landform,Na->He,5,B_830305_35_LF_CLASS::凹地・浅い谷,多摩川 / basin 35 / 凹地・浅い谷,1,0,1,0,1,low_n_descriptive_only
watersystem_x_unit_basin_x_landform,Na->He,5,B_830305_35_LF_CLASS::台地・段丘,多摩川 / basin 35 / 台地・段丘,10,9,1,0.9,0.1,low_n_descriptive_only
watersystem_x_unit_basin_x_landform,Na->He,5,B_830305_35_LF_CLASS::山地斜面等,多摩川 / basin 35 / 山地斜面等,13,11,2,0.8461538461538461,0.15384615384615385,low_n_descriptive_only
watersystem_x_unit_basin_x_landform,Na->He,5,B_830305_35_LF_CLASS::山麓堆積地形,多摩川 / basin 35 / 山麓堆積地形,2,2,0,1,0,low_n_descriptive_only
watersystem_x_unit_basin_x_landform,Na->He,5,B_830305_36_LF_CLASS::台地・段丘,多摩川 / basin 36 / 台地・段丘,4,4,0,1,0,low_n_descriptive_only
watersystem_x_unit_basin_x_landform,Na->He,5,B_830305_36_LF_CLASS::山地斜面等,多摩川 / basin 36 / 山地斜面等,2,2,0,1,0,low_n_descriptive_only
watersystem_x_unit_basin_x_landform,Na->He,5,B_830305_36_LF_CLASS::氾濫平野・海岸平野,多摩川 / basin 36 / 氾濫平野・海岸平野,1,1,0,1,0,low_n_descriptive_only
watersystem_x_unit_basin_x_landform,Na->He,5,B_830305_37_LF_CLASS::台地・段丘,多摩川 / basin 37 / 台地・段丘,2,2,0,1,0,low_n_descriptive_only
watersystem_x_unit_basin_x_landform,Na->He,5,B_830305_38_LF_CLASS::台地・段丘,多摩川 / basin 38 / 台地・段丘,2,2,0,1,0,low_n_descriptive_only
watersystem_x_unit_basin_x_landform,Na->He,5,B_830305_38_LF_CLASS::山地斜面等,多摩川 / basin 38 / 山地斜面等,1,1,0,1,0,low_n_descriptive_only
watersystem_x_unit_basin_x_landform,Na->He,5,B_830305_3_LF_CLASS::台地・段丘,多摩川 / basin 3 / 台地・段丘,2,0,2,0,1,low_n_descriptive_only
watersystem_x_unit_basin_x_landform,Na->He,5,B_830305_3_LF_CLASS::山地斜面等,多摩川 / basin 3 / 山地斜面等,6,0,6,0,1,low_n_descriptive_only
watersystem_x_unit_basin_x_landform,Na->He,5,B_830305_40_LF_CLASS::台地・段丘,多摩川 / basin 40 / 台地・段丘,14,14,0,1,0,low_n_descriptive_only
watersystem_x_unit_basin_x_landform,Na->He,5,B_830305_40_LF_CLASS::山地斜面等,多摩川 / basin 40 / 山地斜面等,5,5,0,1,0,low_n_descriptive_only
watersystem_x_unit_basin_x_landform,Na->He,5,B_830305_40_LF_CLASS::山麓堆積地形,多摩川 / basin 40 / 山麓堆積地形,1,1,0,1,0,low_n_descriptive_only
watersystem_x_unit_basin_x_landform,Na->He,5,B_830305_40_LF_CLASS::崖・段丘崖,多摩川 / basin 40 / 崖・段丘崖,1,1,0,1,0,low_n_descriptive_only
watersystem_x_unit_basin_x_landform,Na->He,5,B_830305_41_LF_CLASS::台地・段丘,多摩川 / basin 41 / 台地・段丘,2,2,0,1,0,low_n_descriptive_only
watersystem_x_unit_basin_x_landform,Na->He,5,B_830305_41_LF_CLASS::山地斜面等,多摩川 / basin 41 / 山地斜面等,1,1,0,1,0,low_n_descriptive_only
watersystem_x_unit_basin_x_landform,Na->He,5,B_830305_42_LF_CLASS::台地・段丘,多摩川 / basin 42 / 台地・段丘,1,1,0,1,0,low_n_descriptive_only
watersystem_x_unit_basin_x_landform,Na->He,5,B_830305_42_LF_CLASS::山地斜面等,多摩川 / basin 42 / 山地斜面等,1,0,1,0,1,low_n_descriptive_only
watersystem_x_unit_basin_x_landform,Na->He,5,B_830305_43_LF_CLASS::台地・段丘,多摩川 / basin 43 / 台地・段丘,6,6,0,1,0,low_n_descriptive_only
watersystem_x_unit_basin_x_landform,Na->He,5,B_830305_43_LF_CLASS::山地斜面等,多摩川 / basin 43 / 山地斜面等,2,1,1,0.5,0.5,low_n_descriptive_only
watersystem_x_unit_basin_x_landform,Na->He,5,B_830305_44_LF_CLASS::山地斜面等,多摩川 / basin 44 / 山地斜面等,2,2,0,1,0,low_n_descriptive_only
watersystem_x_unit_basin_x_landform,Na->He,5,B_830305_44_LF_CLASS::氾濫平野・海岸平野,多摩川 / basin 44 / 氾濫平野・海岸平野,1,1,0,1,0,low_n_descriptive_only
watersystem_x_unit_basin_x_landform,Na->He,5,B_830305_46_LF_CLASS::台地・段丘,多摩川 / basin 46 / 台地・段丘,2,2,0,1,0,low_n_descriptive_only
watersystem_x_unit_basin_x_landform,Na->He,5,B_830305_46_LF_CLASS::山地斜面等,多摩川 / basin 46 / 山地斜面等,2,2,0,1,0,low_n_descriptive_only
watersystem_x_unit_basin_x_landform,Na->He,5,B_830305_46_LF_CLASS::氾濫平野・海岸平野,多摩川 / basin 46 / 氾濫平野・海岸平野,1,1,0,1,0,low_n_descriptive_only
watersystem_x_unit_basin_x_landform,Na->He,5,B_830305_48_LF_CLASS::台地・段丘,多摩川 / basin 48 / 台地・段丘,3,3,0,1,0,low_n_descriptive_only
watersystem_x_unit_basin_x_landform,Na->He,5,B_830305_49_LF_CLASS::台地・段丘,多摩川 / basin 49 / 台地・段丘,1,0,1,0,1,low_n_descriptive_only
watersystem_x_unit_basin_x_landform,Na->He,5,B_830305_49_LF_CLASS::崖・段丘崖,多摩川 / basin 49 / 崖・段丘崖,1,0,1,0,1,low_n_descriptive_only
watersystem_x_unit_basin_x_landform,Na->He,5,B_830305_50_LF_CLASS::台地・段丘,多摩川 / basin 50 / 台地・段丘,2,2,0,1,0,low_n_descriptive_only
watersystem_x_unit_basin_x_landform,Na->He,5,B_830305_51_LF_CLASS::台地・段丘,多摩川 / basin 51 / 台地・段丘,2,1,1,0.5,0.5,low_n_descriptive_only
watersystem_x_unit_basin_x_landform,Na->He,5,B_830305_52_LF_CLASS::台地・段丘,多摩川 / basin 52 / 台地・段丘,3,2,1,0.6666666666666666,0.3333333333333333,low_n_descriptive_only
watersystem_x_unit_basin_x_landform,Na->He,5,B_830305_56_LF_CLASS::台地・段丘,多摩川 / basin 56 / 台地・段丘,3,3,0,1,0,low_n_descriptive_only
watersystem_x_unit_basin_x_landform,Na->He,5,B_830305_57_LF_CLASS::台地・段丘,多摩川 / basin 57 / 台地・段丘,1,1,0,1,0,low_n_descriptive_only
watersystem_x_unit_basin_x_landform,Na->He,5,B_830305_72_LF_CLASS::山地斜面等,多摩川 / basin 72 / 山地斜面等,2,2,0,1,0,low_n_descriptive_only
watersystem_x_unit_basin_x_landform,Na->He,5,B_830305_73_LF_CLASS::台地・段丘,多摩川 / basin 73 / 台地・段丘,2,2,0,1,0,low_n_descriptive_only
watersystem_x_unit_basin_x_landform,Na->He,5,B_830305_75_LF_CLASS::台地・段丘,多摩川 / basin 75 / 台地・段丘,2,2,0,1,0,low_n_descriptive_only
watersystem_x_unit_basin_x_landform,Na->He,5,B_830305_8_LF_CLASS::台地・段丘,多摩川 / basin 8 / 台地・段丘,9,5,4,0.5555555555555556,0.4444444444444444,low_n_descriptive_only
watersystem_x_unit_basin_x_landform,Na->He,5,B_830305_8_LF_CLASS::氾濫平野・海岸平野,多摩川 / basin 8 / 氾濫平野・海岸平野,1,1,0,1,0,low_n_descriptive_only
watersystem_x_unit_basin_x_landform,Na->He,5,B_830305_9_LF_CLASS::氾濫平野・海岸平野,多摩川 / basin 9 / 氾濫平野・海岸平野,1,1,0,1,0,low_n_descriptive_only
watersystem_x_unit_basin_x_landform,Na->He,5,B_830306_16_LF_CLASS::凹地・浅い谷,鶴見川 / basin 16 / 凹地・浅い谷,1,1,0,1,0,low_n_descriptive_only
watersystem_x_unit_basin_x_landform,Na->He,5,B_830306_16_LF_CLASS::台地・段丘,鶴見川 / basin 16 / 台地・段丘,28,27,1,0.9642857142857143,0.03571428571428571,eligible
watersystem_x_unit_basin_x_landform,Na->He,5,B_830306_16_LF_CLASS::山地斜面等,鶴見川 / basin 16 / 山地斜面等,35,34,1,0.9714285714285714,0.02857142857142857,eligible
watersystem_x_unit_basin_x_landform,Na->He,5,B_830306_16_LF_CLASS::山麓堆積地形,鶴見川 / basin 16 / 山麓堆積地形,2,2,0,1,0,low_n_descriptive_only
watersystem_x_unit_basin_x_landform,Na->He,5,B_830306_16_LF_CLASS::崖・段丘崖,鶴見川 / basin 16 / 崖・段丘崖,1,1,0,1,0,low_n_descriptive_only
watersystem_x_unit_basin_x_landform,Na->He,5,B_830306_16_LF_CLASS::水部,鶴見川 / basin 16 / 水部,2,2,0,1,0,low_n_descriptive_only
watersystem_x_unit_basin_x_landform,Na->He,5,B_830306_16_LF_CLASS::氾濫平野・海岸平野,鶴見川 / basin 16 / 氾濫平野・海岸平野,7,7,0,1,0,low_n_descriptive_only
watersystem_x_unit_basin_x_landform,Na->He,5,B_830306_16_LF_CLASS::自然堤防,鶴見川 / basin 16 / 自然堤防,3,3,0,1,0,low_n_descriptive_only
watersystem_x_unit_basin_x_landform,Na->He,5,B_830306_17_LF_CLASS::台地・段丘,鶴見川 / basin 17 / 台地・段丘,3,3,0,1,0,low_n_descriptive_only
watersystem_x_unit_basin_x_landform,Na->He,5,B_830306_17_LF_CLASS::山地斜面等,鶴見川 / basin 17 / 山地斜面等,5,5,0,1,0,low_n_descriptive_only
watersystem_x_unit_basin_x_landform,Na->He,5,B_830306_19_LF_CLASS::台地・段丘,鶴見川 / basin 19 / 台地・段丘,1,0,1,0,1,low_n_descriptive_only
watersystem_x_unit_basin_x_landform,Na->He,5,B_830306_19_LF_CLASS::山地斜面等,鶴見川 / basin 19 / 山地斜面等,6,5,1,0.8333333333333334,0.16666666666666666,low_n_descriptive_only
watersystem_x_unit_basin_x_landform,Na->He,5,B_830306_20_LF_CLASS::台地・段丘,鶴見川 / basin 20 / 台地・段丘,25,24,1,0.96,0.04,eligible
watersystem_x_unit_basin_x_landform,Na->He,5,B_830306_20_LF_CLASS::山地斜面等,鶴見川 / basin 20 / 山地斜面等,147,141,6,0.9591836734693877,0.04081632653061224,eligible
watersystem_x_unit_basin_x_landform,Na->He,5,B_830306_20_LF_CLASS::山麓堆積地形,鶴見川 / basin 20 / 山麓堆積地形,6,6,0,1,0,low_n_descriptive_only
watersystem_x_unit_basin_x_landform,Na->He,5,B_830306_20_LF_CLASS::崖・段丘崖,鶴見川 / basin 20 / 崖・段丘崖,1,1,0,1,0,low_n_descriptive_only
watersystem_x_unit_basin_x_landform,Na->He,5,B_830306_20_LF_CLASS::氾濫平野・海岸平野,鶴見川 / basin 20 / 氾濫平野・海岸平野,17,17,0,1,0,low_n_descriptive_only
watersystem_x_unit_basin_x_landform,Na->He,5,B_830306_21_LF_CLASS::台地・段丘,鶴見川 / basin 21 / 台地・段丘,5,5,0,1,0,low_n_descriptive_only
watersystem_x_unit_basin_x_landform,Na->He,5,B_830306_21_LF_CLASS::山地斜面等,鶴見川 / basin 21 / 山地斜面等,24,22,2,0.9166666666666666,0.08333333333333333,eligible
watersystem_x_unit_basin_x_landform,Na->He,5,B_830306_21_LF_CLASS::氾濫平野・海岸平野,鶴見川 / basin 21 / 氾濫平野・海岸平野,8,8,0,1,0,low_n_descriptive_only
watersystem_x_unit_basin_x_landform,Na->He,5,B_unknown_0_LF_CLASS::凹地・浅い谷,古川・目黒川・立会川・呑川 / basin 0 / 凹地・浅い谷,2,1,1,0.5,0.5,low_n_descriptive_only
watersystem_x_unit_basin_x_landform,Na->He,5,B_unknown_0_LF_CLASS::台地・段丘,古川・目黒川・立会川・呑川 / basin 0 / 台地・段丘,22,12,10,0.5454545454545454,0.45454545454545453,eligible
watersystem_x_unit_basin_x_landform,Na->He,5,B_unknown_0_LF_CLASS::山地斜面等,古川・目黒川・立会川・呑川 / basin 0 / 山地斜面等,24,2,22,0.08333333333333333,0.9166666666666666,eligible
watersystem_x_unit_basin_x_landform,Na->He,5,B_unknown_0_LF_CLASS::崖・段丘崖,古川・目黒川・立会川・呑川 / basin 0 / 崖・段丘崖,7,2,5,0.2857142857142857,0.7142857142857143,low_n_descriptive_only
watersystem_x_unit_basin_x_landform,Na->He,5,B_unknown_0_LF_CLASS::後背低地・湿地,古川・目黒川・立会川・呑川 / basin 0 / 後背低地・湿地,1,1,0,1,0,low_n_descriptive_only
watersystem_x_unit_basin_x_landform,Na->He,5,B_unknown_0_LF_CLASS::氾濫平野・海岸平野,古川・目黒川・立会川・呑川 / basin 0 / 氾濫平野・海岸平野,10,3,7,0.3,0.7,low_n_descriptive_only
watersystem_x_unit_basin_x_landform,Na->He,5,B_unknown_0_LF_CLASS::砂州・砂丘,古川・目黒川・立会川・呑川 / basin 0 / 砂州・砂丘,8,6,2,0.75,0.25,low_n_descriptive_only
watersystem_x_unit_basin_x_landform,Pa->Jo,1,B_130000_1_LF_CLASS::台地・段丘,名称不明 / basin 1 / 台地・段丘,2,2,0,1,0,low_n_descriptive_only
watersystem_x_unit_basin_x_landform,Pa->Jo,1,B_130000_2_LF_CLASS::凹地・浅い谷,名称不明 / basin 2 / 凹地・浅い谷,1,1,0,1,0,low_n_descriptive_only
watersystem_x_unit_basin_x_landform,Pa->Jo,1,B_130000_2_LF_CLASS::山地斜面等,名称不明 / basin 2 / 山地斜面等,1,0,1,0,1,low_n_descriptive_only
watersystem_x_unit_basin_x_landform,Pa->Jo,1,B_130000_3_LF_CLASS::凹地・浅い谷,名称不明 / basin 3 / 凹地・浅い谷,1,1,0,1,0,low_n_descriptive_only
watersystem_x_unit_basin_x_landform,Pa->Jo,1,B_130000_3_LF_CLASS::台地・段丘,名称不明 / basin 3 / 台地・段丘,1,1,0,1,0,low_n_descriptive_only
watersystem_x_unit_basin_x_landform,Pa->Jo,1,B_130000_4_LF_CLASS::台地・段丘,名称不明 / basin 4 / 台地・段丘,6,6,0,1,0,low_n_descriptive_only
watersystem_x_unit_basin_x_landform,Pa->Jo,1,B_130000_4_LF_CLASS::山地斜面等,名称不明 / basin 4 / 山地斜面等,1,1,0,1,0,low_n_descriptive_only
watersystem_x_unit_basin_x_landform,Pa->Jo,1,B_130000_4_LF_CLASS::後背低地・湿地,名称不明 / basin 4 / 後背低地・湿地,1,1,0,1,0,low_n_descriptive_only
watersystem_x_unit_basin_x_landform,Pa->Jo,1,B_130000_5_LF_CLASS::台地・段丘,名称不明 / basin 5 / 台地・段丘,6,6,0,1,0,low_n_descriptive_only
watersystem_x_unit_basin_x_landform,Pa->Jo,1,B_130000_5_LF_CLASS::山地斜面等,名称不明 / basin 5 / 山地斜面等,1,1,0,1,0,low_n_descriptive_only
watersystem_x_unit_basin_x_landform,Pa->Jo,1,B_130000_6_LF_CLASS::山地斜面等,名称不明 / basin 6 / 山地斜面等,1,1,0,1,0,low_n_descriptive_only
watersystem_x_unit_basin_x_landform,Pa->Jo,1,B_140013_17_LF_CLASS::台地・段丘,境川 / basin 17 / 台地・段丘,5,5,0,1,0,low_n_descriptive_only
watersystem_x_unit_basin_x_landform,Pa->Jo,1,B_140013_17_LF_CLASS::山地斜面等,境川 / basin 17 / 山地斜面等,13,12,1,0.9230769230769231,0.07692307692307693,low_n_descriptive_only
watersystem_x_unit_basin_x_landform,Pa->Jo,1,B_140013_17_LF_CLASS::氾濫平野・海岸平野,境川 / basin 17 / 氾濫平野・海岸平野,3,3,0,1,0,low_n_descriptive_only
watersystem_x_unit_basin_x_landform,Pa->Jo,1,B_140013_19_LF_CLASS::山地斜面等,境川 / basin 19 / 山地斜面等,3,3,0,1,0,low_n_descriptive_only
watersystem_x_unit_basin_x_landform,Pa->Jo,1,B_830304_120_LF_CLASS::台地・段丘,荒川 / basin 120 / 台地・段丘,5,5,0,1,0,low_n_descriptive_only
watersystem_x_unit_basin_x_landform,Pa->Jo,1,B_830304_120_LF_CLASS::山地斜面等,荒川 / basin 120 / 山地斜面等,1,1,0,1,0,low_n_descriptive_only
watersystem_x_unit_basin_x_landform,Pa->Jo,1,B_830304_15_LF_CLASS::台地・段丘,荒川 / basin 15 / 台地・段丘,1,1,0,1,0,low_n_descriptive_only
watersystem_x_unit_basin_x_landform,Pa->Jo,1,B_830304_161_LF_CLASS::台地・段丘,荒川 / basin 161 / 台地・段丘,1,1,0,1,0,low_n_descriptive_only
watersystem_x_unit_basin_x_landform,Pa->Jo,1,B_830304_16_LF_CLASS::台地・段丘,荒川 / basin 16 / 台地・段丘,1,1,0,1,0,low_n_descriptive_only
watersystem_x_unit_basin_x_landform,Pa->Jo,1,B_830304_25_LF_CLASS::台地・段丘,荒川 / basin 25 / 台地・段丘,1,1,0,1,0,low_n_descriptive_only
watersystem_x_unit_basin_x_landform,Pa->Jo,1,B_830304_26_LF_CLASS::台地・段丘,荒川 / basin 26 / 台地・段丘,8,8,0,1,0,low_n_descriptive_only
watersystem_x_unit_basin_x_landform,Pa->Jo,1,B_830304_26_LF_CLASS::山地斜面等,荒川 / basin 26 / 山地斜面等,2,1,1,0.5,0.5,low_n_descriptive_only
watersystem_x_unit_basin_x_landform,Pa->Jo,1,B_830304_26_LF_CLASS::氾濫平野・海岸平野,荒川 / basin 26 / 氾濫平野・海岸平野,1,1,0,1,0,low_n_descriptive_only
watersystem_x_unit_basin_x_landform,Pa->Jo,1,B_830304_27_LF_CLASS::台地・段丘,荒川 / basin 27 / 台地・段丘,4,4,0,1,0,low_n_descriptive_only
watersystem_x_unit_basin_x_landform,Pa->Jo,1,B_830304_37_LF_CLASS::台地・段丘,荒川 / basin 37 / 台地・段丘,3,3,0,1,0,low_n_descriptive_only
watersystem_x_unit_basin_x_landform,Pa->Jo,1,B_830304_38_LF_CLASS::台地・段丘,荒川 / basin 38 / 台地・段丘,1,1,0,1,0,low_n_descriptive_only
watersystem_x_unit_basin_x_landform,Pa->Jo,1,B_830304_39_LF_CLASS::台地・段丘,荒川 / basin 39 / 台地・段丘,3,3,0,1,0,low_n_descriptive_only
watersystem_x_unit_basin_x_landform,Pa->Jo,1,B_830304_39_LF_CLASS::山地斜面等,荒川 / basin 39 / 山地斜面等,1,1,0,1,0,low_n_descriptive_only
watersystem_x_unit_basin_x_landform,Pa->Jo,1,B_830304_39_LF_CLASS::崖・段丘崖,荒川 / basin 39 / 崖・段丘崖,1,1,0,1,0,low_n_descriptive_only
watersystem_x_unit_basin_x_landform,Pa->Jo,1,B_830304_39_LF_CLASS::水部,荒川 / basin 39 / 水部,1,1,0,1,0,low_n_descriptive_only
watersystem_x_unit_basin_x_landform,Pa->Jo,1,B_830304_40_LF_CLASS::凹地・浅い谷,荒川 / basin 40 / 凹地・浅い谷,1,1,0,1,0,low_n_descriptive_only
watersystem_x_unit_basin_x_landform,Pa->Jo,1,B_830304_40_LF_CLASS::台地・段丘,荒川 / basin 40 / 台地・段丘,1,1,0,1,0,low_n_descriptive_only
watersystem_x_unit_basin_x_landform,Pa->Jo,1,B_830304_40_LF_CLASS::山地斜面等,荒川 / basin 40 / 山地斜面等,1,1,0,1,0,low_n_descriptive_only
watersystem_x_unit_basin_x_landform,Pa->Jo,1,B_830304_40_LF_CLASS::氾濫平野・海岸平野,荒川 / basin 40 / 氾濫平野・海岸平野,1,1,0,1,0,low_n_descriptive_only
watersystem_x_unit_basin_x_landform,Pa->Jo,1,B_830304_42_LF_CLASS::台地・段丘,荒川 / basin 42 / 台地・段丘,4,4,0,1,0,low_n_descriptive_only
watersystem_x_unit_basin_x_landform,Pa->Jo,1,B_830304_47_LF_CLASS::凹地・浅い谷,荒川 / basin 47 / 凹地・浅い谷,3,3,0,1,0,low_n_descriptive_only
watersystem_x_unit_basin_x_landform,Pa->Jo,1,B_830304_47_LF_CLASS::台地・段丘,荒川 / basin 47 / 台地・段丘,25,23,2,0.92,0.08,eligible
watersystem_x_unit_basin_x_landform,Pa->Jo,1,B_830304_47_LF_CLASS::山地斜面等,荒川 / basin 47 / 山地斜面等,9,8,1,0.8888888888888888,0.1111111111111111,low_n_descriptive_only
watersystem_x_unit_basin_x_landform,Pa->Jo,1,B_830304_47_LF_CLASS::氾濫平野・海岸平野,荒川 / basin 47 / 氾濫平野・海岸平野,1,1,0,1,0,low_n_descriptive_only
watersystem_x_unit_basin_x_landform,Pa->Jo,1,B_830304_51_LF_CLASS::台地・段丘,荒川 / basin 51 / 台地・段丘,1,1,0,1,0,low_n_descriptive_only
watersystem_x_unit_basin_x_landform,Pa->Jo,1,B_830304_51_LF_CLASS::山地斜面等,荒川 / basin 51 / 山地斜面等,1,1,0,1,0,low_n_descriptive_only
watersystem_x_unit_basin_x_landform,Pa->Jo,1,B_830304_52_LF_CLASS::台地・段丘,荒川 / basin 52 / 台地・段丘,19,15,4,0.7894736842105263,0.21052631578947367,low_n_descriptive_only
watersystem_x_unit_basin_x_landform,Pa->Jo,1,B_830304_52_LF_CLASS::山地斜面等,荒川 / basin 52 / 山地斜面等,4,4,0,1,0,low_n_descriptive_only
watersystem_x_unit_basin_x_landform,Pa->Jo,1,B_830304_53_LF_CLASS::台地・段丘,荒川 / basin 53 / 台地・段丘,3,3,0,1,0,low_n_descriptive_only
watersystem_x_unit_basin_x_landform,Pa->Jo,1,B_830304_53_LF_CLASS::山地斜面等,荒川 / basin 53 / 山地斜面等,3,2,1,0.6666666666666666,0.3333333333333333,low_n_descriptive_only
watersystem_x_unit_basin_x_landform,Pa->Jo,1,B_830304_54_LF_CLASS::台地・段丘,荒川 / basin 54 / 台地・段丘,6,5,1,0.8333333333333334,0.16666666666666666,low_n_descriptive_only
watersystem_x_unit_basin_x_landform,Pa->Jo,1,B_830304_54_LF_CLASS::山地斜面等,荒川 / basin 54 / 山地斜面等,5,4,1,0.8,0.2,low_n_descriptive_only
watersystem_x_unit_basin_x_landform,Pa->Jo,1,B_830304_55_LF_CLASS::台地・段丘,荒川 / basin 55 / 台地・段丘,4,3,1,0.75,0.25,low_n_descriptive_only
watersystem_x_unit_basin_x_landform,Pa->Jo,1,B_830304_56_LF_CLASS::台地・段丘,荒川 / basin 56 / 台地・段丘,3,3,0,1,0,low_n_descriptive_only
watersystem_x_unit_basin_x_landform,Pa->Jo,1,B_830304_57_LF_CLASS::台地・段丘,荒川 / basin 57 / 台地・段丘,6,5,1,0.8333333333333334,0.16666666666666666,low_n_descriptive_only
watersystem_x_unit_basin_x_landform,Pa->Jo,1,B_830304_57_LF_CLASS::山地斜面等,荒川 / basin 57 / 山地斜面等,8,6,2,0.75,0.25,low_n_descriptive_only
watersystem_x_unit_basin_x_landform,Pa->Jo,1,B_830304_57_LF_CLASS::氾濫平野・海岸平野,荒川 / basin 57 / 氾濫平野・海岸平野,1,1,0,1,0,low_n_descriptive_only
watersystem_x_unit_basin_x_landform,Pa->Jo,1,B_830304_61_LF_CLASS::凹地・浅い谷,荒川 / basin 61 / 凹地・浅い谷,1,1,0,1,0,low_n_descriptive_only
watersystem_x_unit_basin_x_landform,Pa->Jo,1,B_830304_61_LF_CLASS::台地・段丘,荒川 / basin 61 / 台地・段丘,15,15,0,1,0,low_n_descriptive_only
watersystem_x_unit_basin_x_landform,Pa->Jo,1,B_830304_61_LF_CLASS::山地斜面等,荒川 / basin 61 / 山地斜面等,3,3,0,1,0,low_n_descriptive_only
watersystem_x_unit_basin_x_landform,Pa->Jo,1,B_830304_67_LF_CLASS::台地・段丘,荒川 / basin 67 / 台地・段丘,22,17,5,0.7727272727272727,0.22727272727272727,eligible
watersystem_x_unit_basin_x_landform,Pa->Jo,1,B_830304_67_LF_CLASS::山地斜面等,荒川 / basin 67 / 山地斜面等,5,5,0,1,0,low_n_descriptive_only
watersystem_x_unit_basin_x_landform,Pa->Jo,1,B_830304_67_LF_CLASS::氾濫平野・海岸平野,荒川 / basin 67 / 氾濫平野・海岸平野,2,1,1,0.5,0.5,low_n_descriptive_only
watersystem_x_unit_basin_x_landform,Pa->Jo,1,B_830304_68_LF_CLASS::凹地・浅い谷,荒川 / basin 68 / 凹地・浅い谷,1,0,1,0,1,low_n_descriptive_only
watersystem_x_unit_basin_x_landform,Pa->Jo,1,B_830304_68_LF_CLASS::台地・段丘,荒川 / basin 68 / 台地・段丘,4,4,0,1,0,low_n_descriptive_only
watersystem_x_unit_basin_x_landform,Pa->Jo,1,B_830304_68_LF_CLASS::山地斜面等,荒川 / basin 68 / 山地斜面等,3,3,0,1,0,low_n_descriptive_only
watersystem_x_unit_basin_x_landform,Pa->Jo,1,B_830304_69_LF_CLASS::台地・段丘,荒川 / basin 69 / 台地・段丘,1,0,1,0,1,low_n_descriptive_only
watersystem_x_unit_basin_x_landform,Pa->Jo,1,B_830304_70_LF_CLASS::台地・段丘,荒川 / basin 70 / 台地・段丘,15,15,0,1,0,low_n_descriptive_only
watersystem_x_unit_basin_x_landform,Pa->Jo,1,B_830304_70_LF_CLASS::山地斜面等,荒川 / basin 70 / 山地斜面等,3,3,0,1,0,low_n_descriptive_only
watersystem_x_unit_basin_x_landform,Pa->Jo,1,B_830304_70_LF_CLASS::氾濫平野・海岸平野,荒川 / basin 70 / 氾濫平野・海岸平野,2,2,0,1,0,low_n_descriptive_only
watersystem_x_unit_basin_x_landform,Pa->Jo,1,B_830304_77_LF_CLASS::台地・段丘,荒川 / basin 77 / 台地・段丘,1,1,0,1,0,low_n_descriptive_only
watersystem_x_unit_basin_x_landform,Pa->Jo,1,B_830304_79_LF_CLASS::台地・段丘,荒川 / basin 79 / 台地・段丘,1,1,0,1,0,low_n_descriptive_only
watersystem_x_unit_basin_x_landform,Pa->Jo,1,B_830304_79_LF_CLASS::山地斜面等,荒川 / basin 79 / 山地斜面等,1,1,0,1,0,low_n_descriptive_only
watersystem_x_unit_basin_x_landform,Pa->Jo,1,B_830304_80_LF_CLASS::台地・段丘,荒川 / basin 80 / 台地・段丘,15,14,1,0.9333333333333333,0.06666666666666667,low_n_descriptive_only
watersystem_x_unit_basin_x_landform,Pa->Jo,1,B_830304_80_LF_CLASS::山地斜面等,荒川 / basin 80 / 山地斜面等,4,4,0,1,0,low_n_descriptive_only
watersystem_x_unit_basin_x_landform,Pa->Jo,1,B_830304_80_LF_CLASS::氾濫平野・海岸平野,荒川 / basin 80 / 氾濫平野・海岸平野,1,1,0,1,0,low_n_descriptive_only
watersystem_x_unit_basin_x_landform,Pa->Jo,1,B_830304_82_LF_CLASS::山地斜面等,荒川 / basin 82 / 山地斜面等,2,2,0,1,0,low_n_descriptive_only
watersystem_x_unit_basin_x_landform,Pa->Jo,1,B_830304_83_LF_CLASS::台地・段丘,荒川 / basin 83 / 台地・段丘,5,5,0,1,0,low_n_descriptive_only
watersystem_x_unit_basin_x_landform,Pa->Jo,1,B_830304_86_LF_CLASS::台地・段丘,荒川 / basin 86 / 台地・段丘,4,4,0,1,0,low_n_descriptive_only
watersystem_x_unit_basin_x_landform,Pa->Jo,1,B_830304_86_LF_CLASS::山地斜面等,荒川 / basin 86 / 山地斜面等,4,4,0,1,0,low_n_descriptive_only
watersystem_x_unit_basin_x_landform,Pa->Jo,1,B_830304_86_LF_CLASS::水部,荒川 / basin 86 / 水部,6,6,0,1,0,low_n_descriptive_only
watersystem_x_unit_basin_x_landform,Pa->Jo,1,B_830304_86_LF_CLASS::氾濫平野・海岸平野,荒川 / basin 86 / 氾濫平野・海岸平野,1,1,0,1,0,low_n_descriptive_only
watersystem_x_unit_basin_x_landform,Pa->Jo,1,B_830304_87_LF_CLASS::山地斜面等,荒川 / basin 87 / 山地斜面等,3,3,0,1,0,low_n_descriptive_only
watersystem_x_unit_basin_x_landform,Pa->Jo,1,B_830304_88_LF_CLASS::台地・段丘,荒川 / basin 88 / 台地・段丘,2,2,0,1,0,low_n_descriptive_only
watersystem_x_unit_basin_x_landform,Pa->Jo,1,B_830304_88_LF_CLASS::山地斜面等,荒川 / basin 88 / 山地斜面等,5,3,2,0.6,0.4,low_n_descriptive_only
watersystem_x_unit_basin_x_landform,Pa->Jo,1,B_830304_88_LF_CLASS::氾濫平野・海岸平野,荒川 / basin 88 / 氾濫平野・海岸平野,1,0,1,0,1,low_n_descriptive_only
watersystem_x_unit_basin_x_landform,Pa->Jo,1,B_830304_98_LF_CLASS::山地斜面等,荒川 / basin 98 / 山地斜面等,1,1,0,1,0,low_n_descriptive_only
watersystem_x_unit_basin_x_landform,Pa->Jo,1,B_830305_10_LF_CLASS::台地・段丘,多摩川 / basin 10 / 台地・段丘,9,7,2,0.7777777777777778,0.2222222222222222,low_n_descriptive_only
watersystem_x_unit_basin_x_landform,Pa->Jo,1,B_830305_12_LF_CLASS::凹地・浅い谷,多摩川 / basin 12 / 凹地・浅い谷,1,1,0,1,0,low_n_descriptive_only
watersystem_x_unit_basin_x_landform,Pa->Jo,1,B_830305_12_LF_CLASS::台地・段丘,多摩川 / basin 12 / 台地・段丘,3,3,0,1,0,low_n_descriptive_only
watersystem_x_unit_basin_x_landform,Pa->Jo,1,B_830305_13_LF_CLASS::台地・段丘,多摩川 / basin 13 / 台地・段丘,2,2,0,1,0,low_n_descriptive_only
watersystem_x_unit_basin_x_landform,Pa->Jo,1,B_830305_14_LF_CLASS::凹地・浅い谷,多摩川 / basin 14 / 凹地・浅い谷,1,1,0,1,0,low_n_descriptive_only
watersystem_x_unit_basin_x_landform,Pa->Jo,1,B_830305_14_LF_CLASS::台地・段丘,多摩川 / basin 14 / 台地・段丘,11,10,1,0.9090909090909091,0.09090909090909091,low_n_descriptive_only
watersystem_x_unit_basin_x_landform,Pa->Jo,1,B_830305_14_LF_CLASS::山地斜面等,多摩川 / basin 14 / 山地斜面等,1,1,0,1,0,low_n_descriptive_only
watersystem_x_unit_basin_x_landform,Pa->Jo,1,B_830305_14_LF_CLASS::氾濫平野・海岸平野,多摩川 / basin 14 / 氾濫平野・海岸平野,1,1,0,1,0,low_n_descriptive_only
watersystem_x_unit_basin_x_landform,Pa->Jo,1,B_830305_16_LF_CLASS::台地・段丘,多摩川 / basin 16 / 台地・段丘,6,6,0,1,0,low_n_descriptive_only
watersystem_x_unit_basin_x_landform,Pa->Jo,1,B_830305_16_LF_CLASS::山地斜面等,多摩川 / basin 16 / 山地斜面等,1,1,0,1,0,low_n_descriptive_only
watersystem_x_unit_basin_x_landform,Pa->Jo,1,B_830305_16_LF_CLASS::崖・段丘崖,多摩川 / basin 16 / 崖・段丘崖,1,1,0,1,0,low_n_descriptive_only
watersystem_x_unit_basin_x_landform,Pa->Jo,1,B_830305_17_LF_CLASS::台地・段丘,多摩川 / basin 17 / 台地・段丘,5,5,0,1,0,low_n_descriptive_only
watersystem_x_unit_basin_x_landform,Pa->Jo,1,B_830305_17_LF_CLASS::山地斜面等,多摩川 / basin 17 / 山地斜面等,9,8,1,0.8888888888888888,0.1111111111111111,low_n_descriptive_only
watersystem_x_unit_basin_x_landform,Pa->Jo,1,B_830305_18_LF_CLASS::凹地・浅い谷,多摩川 / basin 18 / 凹地・浅い谷,2,1,1,0.5,0.5,low_n_descriptive_only
watersystem_x_unit_basin_x_landform,Pa->Jo,1,B_830305_18_LF_CLASS::台地・段丘,多摩川 / basin 18 / 台地・段丘,40,37,3,0.925,0.075,eligible
watersystem_x_unit_basin_x_landform,Pa->Jo,1,B_830305_18_LF_CLASS::山地斜面等,多摩川 / basin 18 / 山地斜面等,4,4,0,1,0,low_n_descriptive_only
watersystem_x_unit_basin_x_landform,Pa->Jo,1,B_830305_18_LF_CLASS::崖・段丘崖,多摩川 / basin 18 / 崖・段丘崖,6,6,0,1,0,low_n_descriptive_only
watersystem_x_unit_basin_x_landform,Pa->Jo,1,B_830305_18_LF_CLASS::氾濫平野・海岸平野,多摩川 / basin 18 / 氾濫平野・海岸平野,7,7,0,1,0,low_n_descriptive_only
watersystem_x_unit_basin_x_landform,Pa->Jo,1,B_830305_19_LF_CLASS::凹地・浅い谷,多摩川 / basin 19 / 凹地・浅い谷,2,2,0,1,0,low_n_descriptive_only
watersystem_x_unit_basin_x_landform,Pa->Jo,1,B_830305_19_LF_CLASS::台地・段丘,多摩川 / basin 19 / 台地・段丘,3,3,0,1,0,low_n_descriptive_only
watersystem_x_unit_basin_x_landform,Pa->Jo,1,B_830305_19_LF_CLASS::山地斜面等,多摩川 / basin 19 / 山地斜面等,1,1,0,1,0,low_n_descriptive_only
watersystem_x_unit_basin_x_landform,Pa->Jo,1,B_830305_20_LF_CLASS::台地・段丘,多摩川 / basin 20 / 台地・段丘,4,4,0,1,0,low_n_descriptive_only
watersystem_x_unit_basin_x_landform,Pa->Jo,1,B_830305_20_LF_CLASS::山地斜面等,多摩川 / basin 20 / 山地斜面等,1,0,1,0,1,low_n_descriptive_only
watersystem_x_unit_basin_x_landform,Pa->Jo,1,B_830305_22_LF_CLASS::台地・段丘,多摩川 / basin 22 / 台地・段丘,5,5,0,1,0,low_n_descriptive_only
watersystem_x_unit_basin_x_landform,Pa->Jo,1,B_830305_22_LF_CLASS::山地斜面等,多摩川 / basin 22 / 山地斜面等,15,14,1,0.9333333333333333,0.06666666666666667,low_n_descriptive_only
watersystem_x_unit_basin_x_landform,Pa->Jo,1,B_830305_22_LF_CLASS::山麓堆積地形,多摩川 / basin 22 / 山麓堆積地形,4,4,0,1,0,low_n_descriptive_only
watersystem_x_unit_basin_x_landform,Pa->Jo,1,B_830305_22_LF_CLASS::旧河道,多摩川 / basin 22 / 旧河道,1,1,0,1,0,low_n_descriptive_only
watersystem_x_unit_basin_x_landform,Pa->Jo,1,B_830305_22_LF_CLASS::氾濫平野・海岸平野,多摩川 / basin 22 / 氾濫平野・海岸平野,2,2,0,1,0,low_n_descriptive_only
watersystem_x_unit_basin_x_landform,Pa->Jo,1,B_830305_23_LF_CLASS::台地・段丘,多摩川 / basin 23 / 台地・段丘,4,4,0,1,0,low_n_descriptive_only
watersystem_x_unit_basin_x_landform,Pa->Jo,1,B_830305_23_LF_CLASS::山地斜面等,多摩川 / basin 23 / 山地斜面等,16,16,0,1,0,low_n_descriptive_only
watersystem_x_unit_basin_x_landform,Pa->Jo,1,B_830305_23_LF_CLASS::崖・段丘崖,多摩川 / basin 23 / 崖・段丘崖,1,1,0,1,0,low_n_descriptive_only
watersystem_x_unit_basin_x_landform,Pa->Jo,1,B_830305_23_LF_CLASS::氾濫平野・海岸平野,多摩川 / basin 23 / 氾濫平野・海岸平野,2,2,0,1,0,low_n_descriptive_only
watersystem_x_unit_basin_x_landform,Pa->Jo,1,B_830305_25_LF_CLASS::凹地・浅い谷,多摩川 / basin 25 / 凹地・浅い谷,1,1,0,1,0,low_n_descriptive_only
watersystem_x_unit_basin_x_landform,Pa->Jo,1,B_830305_25_LF_CLASS::台地・段丘,多摩川 / basin 25 / 台地・段丘,5,5,0,1,0,low_n_descriptive_only
watersystem_x_unit_basin_x_landform,Pa->Jo,1,B_830305_26_LF_CLASS::凹地・浅い谷,多摩川 / basin 26 / 凹地・浅い谷,1,1,0,1,0,low_n_descriptive_only
watersystem_x_unit_basin_x_landform,Pa->Jo,1,B_830305_26_LF_CLASS::台地・段丘,多摩川 / basin 26 / 台地・段丘,1,0,1,0,1,low_n_descriptive_only
watersystem_x_unit_basin_x_landform,Pa->Jo,1,B_830305_27_LF_CLASS::凹地・浅い谷,多摩川 / basin 27 / 凹地・浅い谷,1,1,0,1,0,low_n_descriptive_only
watersystem_x_unit_basin_x_landform,Pa->Jo,1,B_830305_27_LF_CLASS::台地・段丘,多摩川 / basin 27 / 台地・段丘,2,1,1,0.5,0.5,low_n_descriptive_only
watersystem_x_unit_basin_x_landform,Pa->Jo,1,B_830305_27_LF_CLASS::山地斜面等,多摩川 / basin 27 / 山地斜面等,1,0,1,0,1,low_n_descriptive_only
watersystem_x_unit_basin_x_landform,Pa->Jo,1,B_830305_28_LF_CLASS::台地・段丘,多摩川 / basin 28 / 台地・段丘,2,2,0,1,0,low_n_descriptive_only
watersystem_x_unit_basin_x_landform,Pa->Jo,1,B_830305_28_LF_CLASS::山地斜面等,多摩川 / basin 28 / 山地斜面等,19,19,0,1,0,low_n_descriptive_only
watersystem_x_unit_basin_x_landform,Pa->Jo,1,B_830305_28_LF_CLASS::山麓堆積地形,多摩川 / basin 28 / 山麓堆積地形,1,1,0,1,0,low_n_descriptive_only
watersystem_x_unit_basin_x_landform,Pa->Jo,1,B_830305_2_LF_CLASS::台地・段丘,多摩川 / basin 2 / 台地・段丘,1,1,0,1,0,low_n_descriptive_only
watersystem_x_unit_basin_x_landform,Pa->Jo,1,B_830305_30_LF_CLASS::台地・段丘,多摩川 / basin 30 / 台地・段丘,8,8,0,1,0,low_n_descriptive_only
watersystem_x_unit_basin_x_landform,Pa->Jo,1,B_830305_30_LF_CLASS::山地斜面等,多摩川 / basin 30 / 山地斜面等,19,19,0,1,0,low_n_descriptive_only
watersystem_x_unit_basin_x_landform,Pa->Jo,1,B_830305_30_LF_CLASS::山麓堆積地形,多摩川 / basin 30 / 山麓堆積地形,2,2,0,1,0,low_n_descriptive_only
watersystem_x_unit_basin_x_landform,Pa->Jo,1,B_830305_30_LF_CLASS::氾濫平野・海岸平野,多摩川 / basin 30 / 氾濫平野・海岸平野,1,1,0,1,0,low_n_descriptive_only
watersystem_x_unit_basin_x_landform,Pa->Jo,1,B_830305_33_LF_CLASS::台地・段丘,多摩川 / basin 33 / 台地・段丘,2,2,0,1,0,low_n_descriptive_only
watersystem_x_unit_basin_x_landform,Pa->Jo,1,B_830305_34_LF_CLASS::凹地・浅い谷,多摩川 / basin 34 / 凹地・浅い谷,2,1,1,0.5,0.5,low_n_descriptive_only
watersystem_x_unit_basin_x_landform,Pa->Jo,1,B_830305_34_LF_CLASS::台地・段丘,多摩川 / basin 34 / 台地・段丘,6,2,4,0.3333333333333333,0.6666666666666666,low_n_descriptive_only
watersystem_x_unit_basin_x_landform,Pa->Jo,1,B_830305_34_LF_CLASS::山地斜面等,多摩川 / basin 34 / 山地斜面等,1,1,0,1,0,low_n_descriptive_only
watersystem_x_unit_basin_x_landform,Pa->Jo,1,B_830305_34_LF_CLASS::氾濫平野・海岸平野,多摩川 / basin 34 / 氾濫平野・海岸平野,1,1,0,1,0,low_n_descriptive_only
watersystem_x_unit_basin_x_landform,Pa->Jo,1,B_830305_35_LF_CLASS::台地・段丘,多摩川 / basin 35 / 台地・段丘,5,5,0,1,0,low_n_descriptive_only
watersystem_x_unit_basin_x_landform,Pa->Jo,1,B_830305_35_LF_CLASS::山地斜面等,多摩川 / basin 35 / 山地斜面等,4,3,1,0.75,0.25,low_n_descriptive_only
watersystem_x_unit_basin_x_landform,Pa->Jo,1,B_830305_36_LF_CLASS::台地・段丘,多摩川 / basin 36 / 台地・段丘,3,3,0,1,0,low_n_descriptive_only
watersystem_x_unit_basin_x_landform,Pa->Jo,1,B_830305_36_LF_CLASS::山地斜面等,多摩川 / basin 36 / 山地斜面等,2,2,0,1,0,low_n_descriptive_only
watersystem_x_unit_basin_x_landform,Pa->Jo,1,B_830305_3_LF_CLASS::台地・段丘,多摩川 / basin 3 / 台地・段丘,3,3,0,1,0,low_n_descriptive_only
watersystem_x_unit_basin_x_landform,Pa->Jo,1,B_830305_40_LF_CLASS::凹地・浅い谷,多摩川 / basin 40 / 凹地・浅い谷,1,1,0,1,0,low_n_descriptive_only
watersystem_x_unit_basin_x_landform,Pa->Jo,1,B_830305_40_LF_CLASS::台地・段丘,多摩川 / basin 40 / 台地・段丘,7,7,0,1,0,low_n_descriptive_only
watersystem_x_unit_basin_x_landform,Pa->Jo,1,B_830305_40_LF_CLASS::山地斜面等,多摩川 / basin 40 / 山地斜面等,5,5,0,1,0,low_n_descriptive_only
watersystem_x_unit_basin_x_landform,Pa->Jo,1,B_830305_43_LF_CLASS::凹地・浅い谷,多摩川 / basin 43 / 凹地・浅い谷,1,1,0,1,0,low_n_descriptive_only
watersystem_x_unit_basin_x_landform,Pa->Jo,1,B_830305_43_LF_CLASS::台地・段丘,多摩川 / basin 43 / 台地・段丘,1,1,0,1,0,low_n_descriptive_only
watersystem_x_unit_basin_x_landform,Pa->Jo,1,B_830305_50_LF_CLASS::台地・段丘,多摩川 / basin 50 / 台地・段丘,1,1,0,1,0,low_n_descriptive_only
watersystem_x_unit_basin_x_landform,Pa->Jo,1,B_830305_56_LF_CLASS::台地・段丘,多摩川 / basin 56 / 台地・段丘,1,1,0,1,0,low_n_descriptive_only
watersystem_x_unit_basin_x_landform,Pa->Jo,1,B_830305_5_LF_CLASS::台地・段丘,多摩川 / basin 5 / 台地・段丘,2,2,0,1,0,low_n_descriptive_only
watersystem_x_unit_basin_x_landform,Pa->Jo,1,B_830305_72_LF_CLASS::台地・段丘,多摩川 / basin 72 / 台地・段丘,1,1,0,1,0,low_n_descriptive_only
watersystem_x_unit_basin_x_landform,Pa->Jo,1,B_830305_8_LF_CLASS::台地・段丘,多摩川 / basin 8 / 台地・段丘,8,8,0,1,0,low_n_descriptive_only
watersystem_x_unit_basin_x_landform,Pa->Jo,1,B_830305_8_LF_CLASS::山地斜面等,多摩川 / basin 8 / 山地斜面等,1,1,0,1,0,low_n_descriptive_only
watersystem_x_unit_basin_x_landform,Pa->Jo,1,B_830306_16_LF_CLASS::台地・段丘,鶴見川 / basin 16 / 台地・段丘,3,3,0,1,0,low_n_descriptive_only
watersystem_x_unit_basin_x_landform,Pa->Jo,1,B_830306_16_LF_CLASS::山地斜面等,鶴見川 / basin 16 / 山地斜面等,3,2,1,0.6666666666666666,0.3333333333333333,low_n_descriptive_only
watersystem_x_unit_basin_x_landform,Pa->Jo,1,B_830306_16_LF_CLASS::氾濫平野・海岸平野,鶴見川 / basin 16 / 氾濫平野・海岸平野,2,1,1,0.5,0.5,low_n_descriptive_only
watersystem_x_unit_basin_x_landform,Pa->Jo,1,B_830306_19_LF_CLASS::山地斜面等,鶴見川 / basin 19 / 山地斜面等,2,2,0,1,0,low_n_descriptive_only
watersystem_x_unit_basin_x_landform,Pa->Jo,1,B_830306_20_LF_CLASS::台地・段丘,鶴見川 / basin 20 / 台地・段丘,1,1,0,1,0,low_n_descriptive_only
watersystem_x_unit_basin_x_landform,Pa->Jo,1,B_830306_20_LF_CLASS::山地斜面等,鶴見川 / basin 20 / 山地斜面等,14,12,2,0.8571428571428571,0.14285714285714285,low_n_descriptive_only
watersystem_x_unit_basin_x_landform,Pa->Jo,1,B_830306_21_LF_CLASS::台地・段丘,鶴見川 / basin 21 / 台地・段丘,1,1,0,1,0,low_n_descriptive_only
watersystem_x_unit_basin_x_landform,Pa->Jo,1,B_830306_21_LF_CLASS::山地斜面等,鶴見川 / basin 21 / 山地斜面等,5,4,1,0.8,0.2,low_n_descriptive_only
watersystem_x_unit_basin_x_landform,Pa->Jo,1,B_830306_21_LF_CLASS::氾濫平野・海岸平野,鶴見川 / basin 21 / 氾濫平野・海岸平野,2,1,1,0.5,0.5,low_n_descriptive_only
watersystem_x_unit_basin_x_landform,Pa->Jo,1,B_unknown_0_LF_CLASS::凹地・浅い谷,古川・目黒川・立会川・呑川 / basin 0 / 凹地・浅い谷,3,2,1,0.6666666666666666,0.3333333333333333,low_n_descriptive_only
watersystem_x_unit_basin_x_landform,Pa->Jo,1,B_unknown_0_LF_CLASS::台地・段丘,古川・目黒川・立会川・呑川 / basin 0 / 台地・段丘,31,28,3,0.9032258064516129,0.0967741935483871,eligible
watersystem_x_unit_basin_x_landform,Pa->Jo,1,B_unknown_0_LF_CLASS::山地斜面等,古川・目黒川・立会川・呑川 / basin 0 / 山地斜面等,4,2,2,0.5,0.5,low_n_descriptive_only
watersystem_x_unit_basin_x_landform,Pa->Jo,1,B_unknown_0_LF_CLASS::氾濫平野・海岸平野,古川・目黒川・立会川・呑川 / basin 0 / 氾濫平野・海岸平野,1,1,0,1,0,low_n_descriptive_only
watersystem_x_unit_basin_x_landform,Ya->Ko,3,B_130000_1_LF_CLASS::台地・段丘,名称不明 / basin 1 / 台地・段丘,12,9,3,0.75,0.25,low_n_descriptive_only
watersystem_x_unit_basin_x_landform,Ya->Ko,3,B_130000_1_LF_CLASS::氾濫平野・海岸平野,名称不明 / basin 1 / 氾濫平野・海岸平野,2,0,2,0,1,low_n_descriptive_only
watersystem_x_unit_basin_x_landform,Ya->Ko,3,B_130000_2_LF_CLASS::台地・段丘,名称不明 / basin 2 / 台地・段丘,1,0,1,0,1,low_n_descriptive_only
watersystem_x_unit_basin_x_landform,Ya->Ko,3,B_130000_2_LF_CLASS::山地斜面等,名称不明 / basin 2 / 山地斜面等,1,0,1,0,1,low_n_descriptive_only
watersystem_x_unit_basin_x_landform,Ya->Ko,3,B_130000_3_LF_CLASS::台地・段丘,名称不明 / basin 3 / 台地・段丘,1,0,1,0,1,low_n_descriptive_only
watersystem_x_unit_basin_x_landform,Ya->Ko,3,B_130000_4_LF_CLASS::台地・段丘,名称不明 / basin 4 / 台地・段丘,7,2,5,0.2857142857142857,0.7142857142857143,low_n_descriptive_only
watersystem_x_unit_basin_x_landform,Ya->Ko,3,B_130000_4_LF_CLASS::山地斜面等,名称不明 / basin 4 / 山地斜面等,2,0,2,0,1,low_n_descriptive_only
watersystem_x_unit_basin_x_landform,Ya->Ko,3,B_130000_4_LF_CLASS::後背低地・湿地,名称不明 / basin 4 / 後背低地・湿地,3,3,0,1,0,low_n_descriptive_only
watersystem_x_unit_basin_x_landform,Ya->Ko,3,B_130000_4_LF_CLASS::氾濫平野・海岸平野,名称不明 / basin 4 / 氾濫平野・海岸平野,1,1,0,1,0,low_n_descriptive_only
watersystem_x_unit_basin_x_landform,Ya->Ko,3,B_130000_5_LF_CLASS::台地・段丘,名称不明 / basin 5 / 台地・段丘,16,9,7,0.5625,0.4375,low_n_descriptive_only
watersystem_x_unit_basin_x_landform,Ya->Ko,3,B_130000_5_LF_CLASS::山地斜面等,名称不明 / basin 5 / 山地斜面等,2,1,1,0.5,0.5,low_n_descriptive_only
watersystem_x_unit_basin_x_landform,Ya->Ko,3,B_130000_5_LF_CLASS::崖・段丘崖,名称不明 / basin 5 / 崖・段丘崖,4,0,4,0,1,low_n_descriptive_only
watersystem_x_unit_basin_x_landform,Ya->Ko,3,B_130000_5_LF_CLASS::後背低地・湿地,名称不明 / basin 5 / 後背低地・湿地,2,2,0,1,0,low_n_descriptive_only
watersystem_x_unit_basin_x_landform,Ya->Ko,3,B_130000_5_LF_CLASS::氾濫平野・海岸平野,名称不明 / basin 5 / 氾濫平野・海岸平野,1,0,1,0,1,low_n_descriptive_only
watersystem_x_unit_basin_x_landform,Ya->Ko,3,B_140013_17_LF_CLASS::台地・段丘,境川 / basin 17 / 台地・段丘,5,3,2,0.6,0.4,low_n_descriptive_only
watersystem_x_unit_basin_x_landform,Ya->Ko,3,B_140013_17_LF_CLASS::山地斜面等,境川 / basin 17 / 山地斜面等,19,11,8,0.5789473684210527,0.42105263157894735,low_n_descriptive_only
watersystem_x_unit_basin_x_landform,Ya->Ko,3,B_140013_19_LF_CLASS::山地斜面等,境川 / basin 19 / 山地斜面等,1,0,1,0,1,low_n_descriptive_only
watersystem_x_unit_basin_x_landform,Ya->Ko,3,B_140013_19_LF_CLASS::氾濫平野・海岸平野,境川 / basin 19 / 氾濫平野・海岸平野,1,0,1,0,1,low_n_descriptive_only
watersystem_x_unit_basin_x_landform,Ya->Ko,3,B_830303_345_LF_CLASS::自然堤防,利根川 / basin 345 / 自然堤防,1,1,0,1,0,low_n_descriptive_only
watersystem_x_unit_basin_x_landform,Ya->Ko,3,B_830303_347_LF_CLASS::自然堤防,利根川 / basin 347 / 自然堤防,1,1,0,1,0,low_n_descriptive_only
watersystem_x_unit_basin_x_landform,Ya->Ko,3,B_830303_388_LF_CLASS::氾濫平野・海岸平野,利根川 / basin 388 / 氾濫平野・海岸平野,1,0,1,0,1,low_n_descriptive_only
watersystem_x_unit_basin_x_landform,Ya->Ko,3,B_830303_389_LF_CLASS::自然堤防,利根川 / basin 389 / 自然堤防,1,1,0,1,0,low_n_descriptive_only
watersystem_x_unit_basin_x_landform,Ya->Ko,3,B_830303_393_LF_CLASS::氾濫平野・海岸平野,利根川 / basin 393 / 氾濫平野・海岸平野,1,0,1,0,1,low_n_descriptive_only
watersystem_x_unit_basin_x_landform,Ya->Ko,3,B_830303_393_LF_CLASS::自然堤防,利根川 / basin 393 / 自然堤防,1,0,1,0,1,low_n_descriptive_only
watersystem_x_unit_basin_x_landform,Ya->Ko,3,B_830303_478_LF_CLASS::氾濫平野・海岸平野,利根川 / basin 478 / 氾濫平野・海岸平野,1,1,0,1,0,low_n_descriptive_only
watersystem_x_unit_basin_x_landform,Ya->Ko,3,B_830304_120_LF_CLASS::台地・段丘,荒川 / basin 120 / 台地・段丘,5,5,0,1,0,low_n_descriptive_only
watersystem_x_unit_basin_x_landform,Ya->Ko,3,B_830304_120_LF_CLASS::氾濫平野・海岸平野,荒川 / basin 120 / 氾濫平野・海岸平野,2,2,0,1,0,low_n_descriptive_only
watersystem_x_unit_basin_x_landform,Ya->Ko,3,B_830304_15_LF_CLASS::台地・段丘,荒川 / basin 15 / 台地・段丘,2,1,1,0.5,0.5,low_n_descriptive_only
watersystem_x_unit_basin_x_landform,Ya->Ko,3,B_830304_15_LF_CLASS::砂州・砂丘,荒川 / basin 15 / 砂州・砂丘,1,1,0,1,0,low_n_descriptive_only
watersystem_x_unit_basin_x_landform,Ya->Ko,3,B_830304_15_LF_CLASS::自然堤防,荒川 / basin 15 / 自然堤防,1,0,1,0,1,low_n_descriptive_only
watersystem_x_unit_basin_x_landform,Ya->Ko,3,B_830304_16_LF_CLASS::凹地・浅い谷,荒川 / basin 16 / 凹地・浅い谷,1,0,1,0,1,low_n_descriptive_only
watersystem_x_unit_basin_x_landform,Ya->Ko,3,B_830304_16_LF_CLASS::台地・段丘,荒川 / basin 16 / 台地・段丘,3,1,2,0.3333333333333333,0.6666666666666666,low_n_descriptive_only
watersystem_x_unit_basin_x_landform,Ya->Ko,3,B_830304_16_LF_CLASS::氾濫平野・海岸平野,荒川 / basin 16 / 氾濫平野・海岸平野,1,1,0,1,0,low_n_descriptive_only
watersystem_x_unit_basin_x_landform,Ya->Ko,3,B_830304_16_LF_CLASS::自然堤防,荒川 / basin 16 / 自然堤防,1,1,0,1,0,low_n_descriptive_only
watersystem_x_unit_basin_x_landform,Ya->Ko,3,B_830304_25_LF_CLASS::台地・段丘,荒川 / basin 25 / 台地・段丘,3,1,2,0.3333333333333333,0.6666666666666666,low_n_descriptive_only
watersystem_x_unit_basin_x_landform,Ya->Ko,3,B_830304_25_LF_CLASS::砂州・砂丘,荒川 / basin 25 / 砂州・砂丘,2,1,1,0.5,0.5,low_n_descriptive_only
watersystem_x_unit_basin_x_landform,Ya->Ko,3,B_830304_26_LF_CLASS::台地・段丘,荒川 / basin 26 / 台地・段丘,10,6,4,0.6,0.4,low_n_descriptive_only
watersystem_x_unit_basin_x_landform,Ya->Ko,3,B_830304_26_LF_CLASS::山地斜面等,荒川 / basin 26 / 山地斜面等,3,1,2,0.3333333333333333,0.6666666666666666,low_n_descriptive_only
watersystem_x_unit_basin_x_landform,Ya->Ko,3,B_830304_26_LF_CLASS::氾濫平野・海岸平野,荒川 / basin 26 / 氾濫平野・海岸平野,2,1,1,0.5,0.5,low_n_descriptive_only
watersystem_x_unit_basin_x_landform,Ya->Ko,3,B_830304_27_LF_CLASS::台地・段丘,荒川 / basin 27 / 台地・段丘,7,6,1,0.8571428571428571,0.14285714285714285,low_n_descriptive_only
watersystem_x_unit_basin_x_landform,Ya->Ko,3,B_830304_27_LF_CLASS::氾濫平野・海岸平野,荒川 / basin 27 / 氾濫平野・海岸平野,1,0,1,0,1,low_n_descriptive_only
watersystem_x_unit_basin_x_landform,Ya->Ko,3,B_830304_27_LF_CLASS::砂州・砂丘,荒川 / basin 27 / 砂州・砂丘,1,1,0,1,0,low_n_descriptive_only
watersystem_x_unit_basin_x_landform,Ya->Ko,3,B_830304_27_LF_CLASS::自然堤防,荒川 / basin 27 / 自然堤防,2,0,2,0,1,low_n_descriptive_only
watersystem_x_unit_basin_x_landform,Ya->Ko,3,B_830304_36_LF_CLASS::氾濫平野・海岸平野,荒川 / basin 36 / 氾濫平野・海岸平野,1,1,0,1,0,low_n_descriptive_only
watersystem_x_unit_basin_x_landform,Ya->Ko,3,B_830304_37_LF_CLASS::台地・段丘,荒川 / basin 37 / 台地・段丘,5,1,4,0.2,0.8,low_n_descriptive_only
watersystem_x_unit_basin_x_landform,Ya->Ko,3,B_830304_37_LF_CLASS::氾濫平野・海岸平野,荒川 / basin 37 / 氾濫平野・海岸平野,2,2,0,1,0,low_n_descriptive_only
watersystem_x_unit_basin_x_landform,Ya->Ko,3,B_830304_38_LF_CLASS::台地・段丘,荒川 / basin 38 / 台地・段丘,7,2,5,0.2857142857142857,0.7142857142857143,low_n_descriptive_only
watersystem_x_unit_basin_x_landform,Ya->Ko,3,B_830304_38_LF_CLASS::山地斜面等,荒川 / basin 38 / 山地斜面等,1,1,0,1,0,low_n_descriptive_only
watersystem_x_unit_basin_x_landform,Ya->Ko,3,B_830304_38_LF_CLASS::崖・段丘崖,荒川 / basin 38 / 崖・段丘崖,1,0,1,0,1,low_n_descriptive_only
watersystem_x_unit_basin_x_landform,Ya->Ko,3,B_830304_39_LF_CLASS::台地・段丘,荒川 / basin 39 / 台地・段丘,2,1,1,0.5,0.5,low_n_descriptive_only
watersystem_x_unit_basin_x_landform,Ya->Ko,3,B_830304_39_LF_CLASS::崖・段丘崖,荒川 / basin 39 / 崖・段丘崖,1,1,0,1,0,low_n_descriptive_only
watersystem_x_unit_basin_x_landform,Ya->Ko,3,B_830304_39_LF_CLASS::水部,荒川 / basin 39 / 水部,1,1,0,1,0,low_n_descriptive_only
watersystem_x_unit_basin_x_landform,Ya->Ko,3,B_830304_40_LF_CLASS::台地・段丘,荒川 / basin 40 / 台地・段丘,2,0,2,0,1,low_n_descriptive_only
watersystem_x_unit_basin_x_landform,Ya->Ko,3,B_830304_42_LF_CLASS::台地・段丘,荒川 / basin 42 / 台地・段丘,13,12,1,0.9230769230769231,0.07692307692307693,low_n_descriptive_only
watersystem_x_unit_basin_x_landform,Ya->Ko,3,B_830304_42_LF_CLASS::氾濫平野・海岸平野,荒川 / basin 42 / 氾濫平野・海岸平野,2,1,1,0.5,0.5,low_n_descriptive_only
watersystem_x_unit_basin_x_landform,Ya->Ko,3,B_830304_44_LF_CLASS::氾濫平野・海岸平野,荒川 / basin 44 / 氾濫平野・海岸平野,1,1,0,1,0,low_n_descriptive_only
watersystem_x_unit_basin_x_landform,Ya->Ko,3,B_830304_47_LF_CLASS::台地・段丘,荒川 / basin 47 / 台地・段丘,14,7,7,0.5,0.5,low_n_descriptive_only
watersystem_x_unit_basin_x_landform,Ya->Ko,3,B_830304_47_LF_CLASS::山地斜面等,荒川 / basin 47 / 山地斜面等,2,1,1,0.5,0.5,low_n_descriptive_only
watersystem_x_unit_basin_x_landform,Ya->Ko,3,B_830304_47_LF_CLASS::氾濫平野・海岸平野,荒川 / basin 47 / 氾濫平野・海岸平野,1,0,1,0,1,low_n_descriptive_only
watersystem_x_unit_basin_x_landform,Ya->Ko,3,B_830304_51_LF_CLASS::台地・段丘,荒川 / basin 51 / 台地・段丘,1,0,1,0,1,low_n_descriptive_only
watersystem_x_unit_basin_x_landform,Ya->Ko,3,B_830304_51_LF_CLASS::山地斜面等,荒川 / basin 51 / 山地斜面等,3,2,1,0.6666666666666666,0.3333333333333333,low_n_descriptive_only
watersystem_x_unit_basin_x_landform,Ya->Ko,3,B_830304_52_LF_CLASS::台地・段丘,荒川 / basin 52 / 台地・段丘,15,8,7,0.5333333333333333,0.4666666666666667,low_n_descriptive_only
watersystem_x_unit_basin_x_landform,Ya->Ko,3,B_830304_52_LF_CLASS::山地斜面等,荒川 / basin 52 / 山地斜面等,7,4,3,0.5714285714285714,0.42857142857142855,low_n_descriptive_only
watersystem_x_unit_basin_x_landform,Ya->Ko,3,B_830304_53_LF_CLASS::台地・段丘,荒川 / basin 53 / 台地・段丘,4,3,1,0.75,0.25,low_n_descriptive_only
watersystem_x_unit_basin_x_landform,Ya->Ko,3,B_830304_53_LF_CLASS::山地斜面等,荒川 / basin 53 / 山地斜面等,2,2,0,1,0,low_n_descriptive_only
watersystem_x_unit_basin_x_landform,Ya->Ko,3,B_830304_54_LF_CLASS::台地・段丘,荒川 / basin 54 / 台地・段丘,5,3,2,0.6,0.4,low_n_descriptive_only
watersystem_x_unit_basin_x_landform,Ya->Ko,3,B_830304_54_LF_CLASS::山地斜面等,荒川 / basin 54 / 山地斜面等,3,0,3,0,1,low_n_descriptive_only
watersystem_x_unit_basin_x_landform,Ya->Ko,3,B_830304_54_LF_CLASS::氾濫平野・海岸平野,荒川 / basin 54 / 氾濫平野・海岸平野,1,0,1,0,1,low_n_descriptive_only
watersystem_x_unit_basin_x_landform,Ya->Ko,3,B_830304_55_LF_CLASS::凹地・浅い谷,荒川 / basin 55 / 凹地・浅い谷,1,1,0,1,0,low_n_descriptive_only
watersystem_x_unit_basin_x_landform,Ya->Ko,3,B_830304_55_LF_CLASS::台地・段丘,荒川 / basin 55 / 台地・段丘,19,18,1,0.9473684210526315,0.05263157894736842,low_n_descriptive_only
watersystem_x_unit_basin_x_landform,Ya->Ko,3,B_830304_56_LF_CLASS::台地・段丘,荒川 / basin 56 / 台地・段丘,10,8,2,0.8,0.2,low_n_descriptive_only
watersystem_x_unit_basin_x_landform,Ya->Ko,3,B_830304_56_LF_CLASS::氾濫平野・海岸平野,荒川 / basin 56 / 氾濫平野・海岸平野,2,2,0,1,0,low_n_descriptive_only
watersystem_x_unit_basin_x_landform,Ya->Ko,3,B_830304_57_LF_CLASS::台地・段丘,荒川 / basin 57 / 台地・段丘,6,5,1,0.8333333333333334,0.16666666666666666,low_n_descriptive_only
watersystem_x_unit_basin_x_landform,Ya->Ko,3,B_830304_57_LF_CLASS::山地斜面等,荒川 / basin 57 / 山地斜面等,4,1,3,0.25,0.75,low_n_descriptive_only
watersystem_x_unit_basin_x_landform,Ya->Ko,3,B_830304_57_LF_CLASS::氾濫平野・海岸平野,荒川 / basin 57 / 氾濫平野・海岸平野,3,2,1,0.6666666666666666,0.3333333333333333,low_n_descriptive_only
watersystem_x_unit_basin_x_landform,Ya->Ko,3,B_830304_61_LF_CLASS::台地・段丘,荒川 / basin 61 / 台地・段丘,17,10,7,0.5882352941176471,0.4117647058823529,low_n_descriptive_only
watersystem_x_unit_basin_x_landform,Ya->Ko,3,B_830304_61_LF_CLASS::山地斜面等,荒川 / basin 61 / 山地斜面等,2,0,2,0,1,low_n_descriptive_only
watersystem_x_unit_basin_x_landform,Ya->Ko,3,B_830304_63_LF_CLASS::台地・段丘,荒川 / basin 63 / 台地・段丘,1,0,1,0,1,low_n_descriptive_only
watersystem_x_unit_basin_x_landform,Ya->Ko,3,B_830304_67_LF_CLASS::台地・段丘,荒川 / basin 67 / 台地・段丘,1,0,1,0,1,low_n_descriptive_only
watersystem_x_unit_basin_x_landform,Ya->Ko,3,B_830304_67_LF_CLASS::山地斜面等,荒川 / basin 67 / 山地斜面等,1,0,1,0,1,low_n_descriptive_only
watersystem_x_unit_basin_x_landform,Ya->Ko,3,B_830304_68_LF_CLASS::台地・段丘,荒川 / basin 68 / 台地・段丘,2,1,1,0.5,0.5,low_n_descriptive_only
watersystem_x_unit_basin_x_landform,Ya->Ko,3,B_830304_69_LF_CLASS::台地・段丘,荒川 / basin 69 / 台地・段丘,6,3,3,0.5,0.5,low_n_descriptive_only
watersystem_x_unit_basin_x_landform,Ya->Ko,3,B_830304_69_LF_CLASS::山地斜面等,荒川 / basin 69 / 山地斜面等,3,0,3,0,1,low_n_descriptive_only
watersystem_x_unit_basin_x_landform,Ya->Ko,3,B_830304_69_LF_CLASS::氾濫平野・海岸平野,荒川 / basin 69 / 氾濫平野・海岸平野,1,1,0,1,0,low_n_descriptive_only
watersystem_x_unit_basin_x_landform,Ya->Ko,3,B_830304_70_LF_CLASS::台地・段丘,荒川 / basin 70 / 台地・段丘,5,3,2,0.6,0.4,low_n_descriptive_only
watersystem_x_unit_basin_x_landform,Ya->Ko,3,B_830304_70_LF_CLASS::山地斜面等,荒川 / basin 70 / 山地斜面等,1,0,1,0,1,low_n_descriptive_only
watersystem_x_unit_basin_x_landform,Ya->Ko,3,B_830304_70_LF_CLASS::氾濫平野・海岸平野,荒川 / basin 70 / 氾濫平野・海岸平野,1,0,1,0,1,low_n_descriptive_only
watersystem_x_unit_basin_x_landform,Ya->Ko,3,B_830304_79_LF_CLASS::台地・段丘,荒川 / basin 79 / 台地・段丘,1,1,0,1,0,low_n_descriptive_only
watersystem_x_unit_basin_x_landform,Ya->Ko,3,B_830304_80_LF_CLASS::台地・段丘,荒川 / basin 80 / 台地・段丘,1,0,1,0,1,low_n_descriptive_only
watersystem_x_unit_basin_x_landform,Ya->Ko,3,B_830304_80_LF_CLASS::山地斜面等,荒川 / basin 80 / 山地斜面等,1,0,1,0,1,low_n_descriptive_only
watersystem_x_unit_basin_x_landform,Ya->Ko,3,B_830304_83_LF_CLASS::台地・段丘,荒川 / basin 83 / 台地・段丘,2,2,0,1,0,low_n_descriptive_only
watersystem_x_unit_basin_x_landform,Ya->Ko,3,B_830304_86_LF_CLASS::台地・段丘,荒川 / basin 86 / 台地・段丘,4,4,0,1,0,low_n_descriptive_only
watersystem_x_unit_basin_x_landform,Ya->Ko,3,B_830304_86_LF_CLASS::山地斜面等,荒川 / basin 86 / 山地斜面等,4,3,1,0.75,0.25,low_n_descriptive_only
watersystem_x_unit_basin_x_landform,Ya->Ko,3,B_830304_86_LF_CLASS::氾濫平野・海岸平野,荒川 / basin 86 / 氾濫平野・海岸平野,3,3,0,1,0,low_n_descriptive_only
watersystem_x_unit_basin_x_landform,Ya->Ko,3,B_830304_87_LF_CLASS::山地斜面等,荒川 / basin 87 / 山地斜面等,1,1,0,1,0,low_n_descriptive_only
watersystem_x_unit_basin_x_landform,Ya->Ko,3,B_830304_88_LF_CLASS::山地斜面等,荒川 / basin 88 / 山地斜面等,2,2,0,1,0,low_n_descriptive_only
watersystem_x_unit_basin_x_landform,Ya->Ko,3,B_830305_10_LF_CLASS::台地・段丘,多摩川 / basin 10 / 台地・段丘,9,9,0,1,0,low_n_descriptive_only
watersystem_x_unit_basin_x_landform,Ya->Ko,3,B_830305_12_LF_CLASS::凹地・浅い谷,多摩川 / basin 12 / 凹地・浅い谷,1,1,0,1,0,low_n_descriptive_only
watersystem_x_unit_basin_x_landform,Ya->Ko,3,B_830305_12_LF_CLASS::台地・段丘,多摩川 / basin 12 / 台地・段丘,6,6,0,1,0,low_n_descriptive_only
watersystem_x_unit_basin_x_landform,Ya->Ko,3,B_830305_13_LF_CLASS::台地・段丘,多摩川 / basin 13 / 台地・段丘,1,1,0,1,0,low_n_descriptive_only
watersystem_x_unit_basin_x_landform,Ya->Ko,3,B_830305_13_LF_CLASS::氾濫平野・海岸平野,多摩川 / basin 13 / 氾濫平野・海岸平野,2,2,0,1,0,low_n_descriptive_only
watersystem_x_unit_basin_x_landform,Ya->Ko,3,B_830305_14_LF_CLASS::台地・段丘,多摩川 / basin 14 / 台地・段丘,6,6,0,1,0,low_n_descriptive_only
watersystem_x_unit_basin_x_landform,Ya->Ko,3,B_830305_16_LF_CLASS::台地・段丘,多摩川 / basin 16 / 台地・段丘,1,1,0,1,0,low_n_descriptive_only
watersystem_x_unit_basin_x_landform,Ya->Ko,3,B_830305_17_LF_CLASS::台地・段丘,多摩川 / basin 17 / 台地・段丘,1,0,1,0,1,low_n_descriptive_only
watersystem_x_unit_basin_x_landform,Ya->Ko,3,B_830305_17_LF_CLASS::山地斜面等,多摩川 / basin 17 / 山地斜面等,5,3,2,0.6,0.4,low_n_descriptive_only
watersystem_x_unit_basin_x_landform,Ya->Ko,3,B_830305_17_LF_CLASS::氾濫平野・海岸平野,多摩川 / basin 17 / 氾濫平野・海岸平野,1,0,1,0,1,low_n_descriptive_only
watersystem_x_unit_basin_x_landform,Ya->Ko,3,B_830305_18_LF_CLASS::台地・段丘,多摩川 / basin 18 / 台地・段丘,9,5,4,0.5555555555555556,0.4444444444444444,low_n_descriptive_only
watersystem_x_unit_basin_x_landform,Ya->Ko,3,B_830305_18_LF_CLASS::氾濫平野・海岸平野,多摩川 / basin 18 / 氾濫平野・海岸平野,1,0,1,0,1,low_n_descriptive_only
watersystem_x_unit_basin_x_landform,Ya->Ko,3,B_830305_20_LF_CLASS::氾濫平野・海岸平野,多摩川 / basin 20 / 氾濫平野・海岸平野,1,1,0,1,0,low_n_descriptive_only
watersystem_x_unit_basin_x_landform,Ya->Ko,3,B_830305_22_LF_CLASS::山地斜面等,多摩川 / basin 22 / 山地斜面等,5,3,2,0.6,0.4,low_n_descriptive_only
watersystem_x_unit_basin_x_landform,Ya->Ko,3,B_830305_22_LF_CLASS::山麓堆積地形,多摩川 / basin 22 / 山麓堆積地形,2,1,1,0.5,0.5,low_n_descriptive_only
watersystem_x_unit_basin_x_landform,Ya->Ko,3,B_830305_23_LF_CLASS::台地・段丘,多摩川 / basin 23 / 台地・段丘,2,1,1,0.5,0.5,low_n_descriptive_only
watersystem_x_unit_basin_x_landform,Ya->Ko,3,B_830305_23_LF_CLASS::山地斜面等,多摩川 / basin 23 / 山地斜面等,4,2,2,0.5,0.5,low_n_descriptive_only
watersystem_x_unit_basin_x_landform,Ya->Ko,3,B_830305_23_LF_CLASS::山麓堆積地形,多摩川 / basin 23 / 山麓堆積地形,2,1,1,0.5,0.5,low_n_descriptive_only
watersystem_x_unit_basin_x_landform,Ya->Ko,3,B_830305_23_LF_CLASS::氾濫平野・海岸平野,多摩川 / basin 23 / 氾濫平野・海岸平野,2,1,1,0.5,0.5,low_n_descriptive_only
watersystem_x_unit_basin_x_landform,Ya->Ko,3,B_830305_25_LF_CLASS::台地・段丘,多摩川 / basin 25 / 台地・段丘,1,1,0,1,0,low_n_descriptive_only
watersystem_x_unit_basin_x_landform,Ya->Ko,3,B_830305_27_LF_CLASS::台地・段丘,多摩川 / basin 27 / 台地・段丘,2,2,0,1,0,low_n_descriptive_only
watersystem_x_unit_basin_x_landform,Ya->Ko,3,B_830305_28_LF_CLASS::台地・段丘,多摩川 / basin 28 / 台地・段丘,1,1,0,1,0,low_n_descriptive_only
watersystem_x_unit_basin_x_landform,Ya->Ko,3,B_830305_28_LF_CLASS::山地斜面等,多摩川 / basin 28 / 山地斜面等,6,3,3,0.5,0.5,low_n_descriptive_only
watersystem_x_unit_basin_x_landform,Ya->Ko,3,B_830305_28_LF_CLASS::氾濫平野・海岸平野,多摩川 / basin 28 / 氾濫平野・海岸平野,1,0,1,0,1,low_n_descriptive_only
watersystem_x_unit_basin_x_landform,Ya->Ko,3,B_830305_2_LF_CLASS::台地・段丘,多摩川 / basin 2 / 台地・段丘,7,1,6,0.14285714285714285,0.8571428571428571,low_n_descriptive_only
watersystem_x_unit_basin_x_landform,Ya->Ko,3,B_830305_2_LF_CLASS::山地斜面等,多摩川 / basin 2 / 山地斜面等,2,1,1,0.5,0.5,low_n_descriptive_only
watersystem_x_unit_basin_x_landform,Ya->Ko,3,B_830305_30_LF_CLASS::凹地・浅い谷,多摩川 / basin 30 / 凹地・浅い谷,1,0,1,0,1,low_n_descriptive_only
watersystem_x_unit_basin_x_landform,Ya->Ko,3,B_830305_30_LF_CLASS::台地・段丘,多摩川 / basin 30 / 台地・段丘,2,0,2,0,1,low_n_descriptive_only
watersystem_x_unit_basin_x_landform,Ya->Ko,3,B_830305_30_LF_CLASS::山地斜面等,多摩川 / basin 30 / 山地斜面等,14,3,11,0.21428571428571427,0.7857142857142857,low_n_descriptive_only
watersystem_x_unit_basin_x_landform,Ya->Ko,3,B_830305_30_LF_CLASS::氾濫平野・海岸平野,多摩川 / basin 30 / 氾濫平野・海岸平野,1,1,0,1,0,low_n_descriptive_only
watersystem_x_unit_basin_x_landform,Ya->Ko,3,B_830305_32_LF_CLASS::山地斜面等,多摩川 / basin 32 / 山地斜面等,1,0,1,0,1,low_n_descriptive_only
watersystem_x_unit_basin_x_landform,Ya->Ko,3,B_830305_33_LF_CLASS::山地斜面等,多摩川 / basin 33 / 山地斜面等,1,1,0,1,0,low_n_descriptive_only
watersystem_x_unit_basin_x_landform,Ya->Ko,3,B_830305_34_LF_CLASS::凹地・浅い谷,多摩川 / basin 34 / 凹地・浅い谷,1,1,0,1,0,low_n_descriptive_only
watersystem_x_unit_basin_x_landform,Ya->Ko,3,B_830305_34_LF_CLASS::氾濫平野・海岸平野,多摩川 / basin 34 / 氾濫平野・海岸平野,2,1,1,0.5,0.5,low_n_descriptive_only
watersystem_x_unit_basin_x_landform,Ya->Ko,3,B_830305_35_LF_CLASS::台地・段丘,多摩川 / basin 35 / 台地・段丘,3,3,0,1,0,low_n_descriptive_only
watersystem_x_unit_basin_x_landform,Ya->Ko,3,B_830305_35_LF_CLASS::山地斜面等,多摩川 / basin 35 / 山地斜面等,9,5,4,0.5555555555555556,0.4444444444444444,low_n_descriptive_only
watersystem_x_unit_basin_x_landform,Ya->Ko,3,B_830305_36_LF_CLASS::台地・段丘,多摩川 / basin 36 / 台地・段丘,3,3,0,1,0,low_n_descriptive_only
watersystem_x_unit_basin_x_landform,Ya->Ko,3,B_830305_36_LF_CLASS::山地斜面等,多摩川 / basin 36 / 山地斜面等,1,1,0,1,0,low_n_descriptive_only
watersystem_x_unit_basin_x_landform,Ya->Ko,3,B_830305_37_LF_CLASS::台地・段丘,多摩川 / basin 37 / 台地・段丘,3,1,2,0.3333333333333333,0.6666666666666666,low_n_descriptive_only
watersystem_x_unit_basin_x_landform,Ya->Ko,3,B_830305_37_LF_CLASS::山地斜面等,多摩川 / basin 37 / 山地斜面等,1,0,1,0,1,low_n_descriptive_only
watersystem_x_unit_basin_x_landform,Ya->Ko,3,B_830305_38_LF_CLASS::台地・段丘,多摩川 / basin 38 / 台地・段丘,1,1,0,1,0,low_n_descriptive_only
watersystem_x_unit_basin_x_landform,Ya->Ko,3,B_830305_3_LF_CLASS::台地・段丘,多摩川 / basin 3 / 台地・段丘,2,2,0,1,0,low_n_descriptive_only
watersystem_x_unit_basin_x_landform,Ya->Ko,3,B_830305_40_LF_CLASS::凹地・浅い谷,多摩川 / basin 40 / 凹地・浅い谷,1,0,1,0,1,low_n_descriptive_only
watersystem_x_unit_basin_x_landform,Ya->Ko,3,B_830305_40_LF_CLASS::台地・段丘,多摩川 / basin 40 / 台地・段丘,12,8,4,0.6666666666666666,0.3333333333333333,low_n_descriptive_only
watersystem_x_unit_basin_x_landform,Ya->Ko,3,B_830305_40_LF_CLASS::山地斜面等,多摩川 / basin 40 / 山地斜面等,4,2,2,0.5,0.5,low_n_descriptive_only
watersystem_x_unit_basin_x_landform,Ya->Ko,3,B_830305_41_LF_CLASS::台地・段丘,多摩川 / basin 41 / 台地・段丘,4,4,0,1,0,low_n_descriptive_only
watersystem_x_unit_basin_x_landform,Ya->Ko,3,B_830305_43_LF_CLASS::凹地・浅い谷,多摩川 / basin 43 / 凹地・浅い谷,1,1,0,1,0,low_n_descriptive_only
watersystem_x_unit_basin_x_landform,Ya->Ko,3,B_830305_43_LF_CLASS::台地・段丘,多摩川 / basin 43 / 台地・段丘,2,2,0,1,0,low_n_descriptive_only
watersystem_x_unit_basin_x_landform,Ya->Ko,3,B_830305_43_LF_CLASS::山地斜面等,多摩川 / basin 43 / 山地斜面等,1,0,1,0,1,low_n_descriptive_only
watersystem_x_unit_basin_x_landform,Ya->Ko,3,B_830305_44_LF_CLASS::台地・段丘,多摩川 / basin 44 / 台地・段丘,1,1,0,1,0,low_n_descriptive_only
watersystem_x_unit_basin_x_landform,Ya->Ko,3,B_830305_46_LF_CLASS::台地・段丘,多摩川 / basin 46 / 台地・段丘,1,0,1,0,1,low_n_descriptive_only
watersystem_x_unit_basin_x_landform,Ya->Ko,3,B_830305_47_LF_CLASS::台地・段丘,多摩川 / basin 47 / 台地・段丘,1,1,0,1,0,low_n_descriptive_only
watersystem_x_unit_basin_x_landform,Ya->Ko,3,B_830305_48_LF_CLASS::台地・段丘,多摩川 / basin 48 / 台地・段丘,2,2,0,1,0,low_n_descriptive_only
watersystem_x_unit_basin_x_landform,Ya->Ko,3,B_830305_48_LF_CLASS::山地斜面等,多摩川 / basin 48 / 山地斜面等,4,0,4,0,1,low_n_descriptive_only
watersystem_x_unit_basin_x_landform,Ya->Ko,3,B_830305_50_LF_CLASS::台地・段丘,多摩川 / basin 50 / 台地・段丘,1,1,0,1,0,low_n_descriptive_only
watersystem_x_unit_basin_x_landform,Ya->Ko,3,B_830305_56_LF_CLASS::台地・段丘,多摩川 / basin 56 / 台地・段丘,1,1,0,1,0,low_n_descriptive_only
watersystem_x_unit_basin_x_landform,Ya->Ko,3,B_830305_56_LF_CLASS::山地斜面等,多摩川 / basin 56 / 山地斜面等,1,0,1,0,1,low_n_descriptive_only
watersystem_x_unit_basin_x_landform,Ya->Ko,3,B_830305_71_LF_CLASS::台地・段丘,多摩川 / basin 71 / 台地・段丘,1,1,0,1,0,low_n_descriptive_only
watersystem_x_unit_basin_x_landform,Ya->Ko,3,B_830305_75_LF_CLASS::台地・段丘,多摩川 / basin 75 / 台地・段丘,1,0,1,0,1,low_n_descriptive_only
watersystem_x_unit_basin_x_landform,Ya->Ko,3,B_830305_8_LF_CLASS::台地・段丘,多摩川 / basin 8 / 台地・段丘,5,5,0,1,0,low_n_descriptive_only
watersystem_x_unit_basin_x_landform,Ya->Ko,3,B_830305_8_LF_CLASS::氾濫平野・海岸平野,多摩川 / basin 8 / 氾濫平野・海岸平野,1,1,0,1,0,low_n_descriptive_only
watersystem_x_unit_basin_x_landform,Ya->Ko,3,B_830306_16_LF_CLASS::凹地・浅い谷,鶴見川 / basin 16 / 凹地・浅い谷,1,1,0,1,0,low_n_descriptive_only
watersystem_x_unit_basin_x_landform,Ya->Ko,3,B_830306_16_LF_CLASS::台地・段丘,鶴見川 / basin 16 / 台地・段丘,11,7,4,0.6363636363636364,0.36363636363636365,low_n_descriptive_only
watersystem_x_unit_basin_x_landform,Ya->Ko,3,B_830306_16_LF_CLASS::山地斜面等,鶴見川 / basin 16 / 山地斜面等,5,2,3,0.4,0.6,low_n_descriptive_only
watersystem_x_unit_basin_x_landform,Ya->Ko,3,B_830306_17_LF_CLASS::台地・段丘,鶴見川 / basin 17 / 台地・段丘,2,2,0,1,0,low_n_descriptive_only
watersystem_x_unit_basin_x_landform,Ya->Ko,3,B_830306_19_LF_CLASS::台地・段丘,鶴見川 / basin 19 / 台地・段丘,1,1,0,1,0,low_n_descriptive_only
watersystem_x_unit_basin_x_landform,Ya->Ko,3,B_830306_20_LF_CLASS::台地・段丘,鶴見川 / basin 20 / 台地・段丘,10,6,4,0.6,0.4,low_n_descriptive_only
watersystem_x_unit_basin_x_landform,Ya->Ko,3,B_830306_20_LF_CLASS::山地斜面等,鶴見川 / basin 20 / 山地斜面等,29,9,20,0.3103448275862069,0.6896551724137931,eligible
watersystem_x_unit_basin_x_landform,Ya->Ko,3,B_830306_20_LF_CLASS::山麓堆積地形,鶴見川 / basin 20 / 山麓堆積地形,1,0,1,0,1,low_n_descriptive_only
watersystem_x_unit_basin_x_landform,Ya->Ko,3,B_830306_20_LF_CLASS::崖・段丘崖,鶴見川 / basin 20 / 崖・段丘崖,1,0,1,0,1,low_n_descriptive_only
watersystem_x_unit_basin_x_landform,Ya->Ko,3,B_830306_20_LF_CLASS::水部,鶴見川 / basin 20 / 水部,1,0,1,0,1,low_n_descriptive_only
watersystem_x_unit_basin_x_landform,Ya->Ko,3,B_830306_20_LF_CLASS::氾濫平野・海岸平野,鶴見川 / basin 20 / 氾濫平野・海岸平野,6,2,4,0.3333333333333333,0.6666666666666666,low_n_descriptive_only
watersystem_x_unit_basin_x_landform,Ya->Ko,3,B_830306_21_LF_CLASS::台地・段丘,鶴見川 / basin 21 / 台地・段丘,1,1,0,1,0,low_n_descriptive_only
watersystem_x_unit_basin_x_landform,Ya->Ko,3,B_830306_21_LF_CLASS::山地斜面等,鶴見川 / basin 21 / 山地斜面等,6,1,5,0.16666666666666666,0.8333333333333334,low_n_descriptive_only
watersystem_x_unit_basin_x_landform,Ya->Ko,3,B_unknown_0_LF_CLASS::凹地・浅い谷,古川・目黒川・立会川・呑川 / basin 0 / 凹地・浅い谷,1,1,0,1,0,low_n_descriptive_only
watersystem_x_unit_basin_x_landform,Ya->Ko,3,B_unknown_0_LF_CLASS::台地・段丘,古川・目黒川・立会川・呑川 / basin 0 / 台地・段丘,42,15,27,0.35714285714285715,0.6428571428571429,eligible
watersystem_x_unit_basin_x_landform,Ya->Ko,3,B_unknown_0_LF_CLASS::山地斜面等,古川・目黒川・立会川・呑川 / basin 0 / 山地斜面等,9,1,8,0.1111111111111111,0.8888888888888888,low_n_descriptive_only
watersystem_x_unit_basin_x_landform,Ya->Ko,3,B_unknown_0_LF_CLASS::崖・段丘崖,古川・目黒川・立会川・呑川 / basin 0 / 崖・段丘崖,1,1,0,1,0,low_n_descriptive_only
watersystem_x_unit_basin_x_landform,Ya->Ko,3,B_unknown_0_LF_CLASS::氾濫平野・海岸平野,古川・目黒川・立会川・呑川 / basin 0 / 氾濫平野・海岸平野,4,1,3,0.25,0.75,low_n_descriptive_only
watersystem_x_unit_basin_x_landform,Ya->Ko,3,B_unknown_0_LF_CLASS::砂州・砂丘,古川・目黒川・立会川・呑川 / basin 0 / 砂州・砂丘,1,0,1,0,1,low_n_descriptive_only
