{
"type": "FeatureCollection",
"name": "13107_Sumida",
"crs": { "type": "name", "properties": { "name": "urn:ogc:def:crs:EPSG::6677" } },
"features": [
{ "type": "Feature", "properties": { "SAUID": 1160, "SAUPDATE": "2026-04-02 23:43:48", "SAFIELD000": "墨田区No.5遺跡", "SAFIELD001": "横網一丁目3番28号" }, "geometry": { "type": "MultiPolygon", "coordinates": [ [ [ [ -3732.260000000000218, -33655.5 ], [ -3730.179999999999836, -33651.169999999998254 ], [ -3726.96, -33644.440000000002328 ], [ -3725.630000000000109, -33641.68 ], [ -3721.320000000000164, -33632.690000000002328 ], [ -3715.04, -33619.599999999998545 ], [ -3709.56, -33608.18 ], [ -3702.31, -33593.059999999997672 ], [ -3698.44, -33585.0 ], [ -3692.820000000000164, -33575.39 ], [ -3690.73, -33571.830000000001746 ], [ -3681.33, -33555.779999999998836 ], [ -3677.67, -33556.75 ], [ -3676.46, -33557.029999999998836 ], [ -3675.23, -33557.30000000000291 ], [ -3674.02, -33557.580000000001746 ], [ -3672.389999999999873, -33557.96 ], [ -3671.17, -33558.239999999997963 ], [ -3669.94, -33558.519999999996799 ], [ -3668.7199999999998, -33558.79 ], [ -3668.0300000000002, -33558.94999999999709 ], [ -3668.010000000000218, -33558.96 ], [ -3668.0, -33558.96 ], [ -3667.510000000000218, -33559.07 ], [ -3652.199999999999818, -33562.57 ], [ -3628.739999999999782, -33567.940000000002328 ], [ -3615.159999999999854, -33571.30000000000291 ], [ -3560.5300000000002, -33584.839999999996508 ], [ -3537.54, -33587.650000000001455 ], [ -3551.48, -33644.44999999999709 ], [ -3556.0300000000002, -33658.05000000000291 ], [ -3559.630000000000109, -33673.71 ], [ -3562.659999999999854, -33674.410000000003492 ], [ -3573.1, -33678.099999999998545 ], [ -3585.260000000000218, -33682.400000000001455 ], [ -3585.79, -33682.440000000002328 ], [ -3600.320000000000164, -33683.519999999996799 ], [ -3606.19, -33682.260000000002037 ], [ -3607.7800000000002, -33681.910000000003492 ], [ -3638.929999999999836, -33675.220000000001164 ], [ -3643.159999999999854, -33674.309999999997672 ], [ -3643.54, -33674.230000000003201 ], [ -3668.0, -33669.25 ], [ -3696.389999999999873, -33663.480000000003201 ], [ -3709.19, -33660.629999999997381 ], [ -3732.260000000000218, -33655.5 ] ] ] ] } },
{ "type": "Feature", "properties": { "SAUID": 1161, "SAUPDATE": "2026-04-02 23:43:48", "SAFIELD000": "本所御蔵跡", "SAFIELD001": "横網一丁目4番" }, "geometry": { "type": "MultiPolygon", "coordinates": [ [ [ [ -3559.630000000000109, -33673.71 ], [ -3556.0300000000002, -33658.05000000000291 ], [ -3551.48, -33644.44999999999709 ], [ -3540.840000000000146, -33601.279999999998836 ], [ -3537.54, -33587.650000000001455 ], [ -3511.5, -33599.18 ], [ -3508.04, -33590.870000000002619 ], [ -3493.98, -33557.080000000001746 ], [ -3488.489999999999782, -33544.18 ], [ -3487.17, -33544.519999999996799 ], [ -3484.909999999999854, -33549.230000000003201 ], [ -3482.31, -33550.29 ], [ -3471.570000000000164, -33552.11 ], [ -3348.27, -33586.220000000001164 ], [ -3343.4699999999998, -33587.55000000000291 ], [ -3292.98, -33601.510000000002037 ], [ -3263.340000000000146, -33609.71 ], [ -3262.19, -33624.730000000003201 ], [ -3261.429999999999836, -33634.580000000001746 ], [ -3260.820000000000164, -33642.589999999996508 ], [ -3260.679999999999836, -33644.44999999999709 ], [ -3260.340000000000146, -33648.89 ], [ -3258.85, -33670.07 ], [ -3258.1, -33680.61 ], [ -3255.389999999999873, -33717.279999999998836 ], [ -3254.56, -33730.690000000002328 ], [ -3318.79, -33732.120000000002619 ], [ -3334.659999999999854, -33730.80000000000291 ], [ -3367.739999999999782, -33728.419999999998254 ], [ -3402.130000000000109, -33723.260000000002037 ], [ -3426.739999999999782, -33718.629999999997381 ], [ -3465.239999999999782, -33710.690000000002328 ], [ -3494.08, -33705.14 ], [ -3559.300000000000182, -33690.580000000001746 ], [ -3554.5300000000002, -33671.0 ], [ -3559.630000000000109, -33673.71 ] ] ] ] } },
{ "type": "Feature", "properties": { "SAUID": 1162, "SAUPDATE": "2026-04-02 23:43:48", "SAFIELD000": "墨田区No.55遺跡", "SAFIELD001": "緑一丁目24番5号" }, "geometry": { "type": "MultiPolygon", "coordinates": [ [ [ [ -3062.77, -33749.470000000001164 ], [ -3045.840000000000146, -33748.30000000000291 ], [ -3044.85, -33762.21 ], [ -3041.67, -33761.970000000001164 ], [ -3041.869999999999891, -33758.669999999998254 ], [ -3031.65, -33757.93 ], [ -3030.9, -33767.839999999996508 ], [ -3061.31, -33769.940000000002328 ], [ -3062.77, -33749.470000000001164 ] ] ] ] } },
{ "type": "Feature", "properties": { "SAUID": 1163, "SAUPDATE": "2026-04-02 23:43:48", "SAFIELD000": "墨田区No.65遺跡", "SAFIELD001": "千歳二丁目1番10号" }, "geometry": { "type": "MultiPolygon", "coordinates": [ [ [ [ -3391.369999999999891, -34353.230000000003201 ], [ -3379.94, -34352.059999999997672 ], [ -3374.67, -34380.379999999997381 ], [ -3387.090000000000146, -34382.21 ], [ -3389.869999999999891, -34362.629999999997381 ], [ -3391.369999999999891, -34353.230000000003201 ] ] ] ] } },
{ "type": "Feature", "properties": { "SAUID": 1164, "SAUPDATE": "2026-04-02 23:43:48", "SAFIELD000": "墨田区No.59-1遺跡", "SAFIELD001": "千歳三丁目15番3号" }, "geometry": { "type": "MultiPolygon", "coordinates": [ [ [ [ -3368.840000000000146, -34351.599999999998545 ], [ -3353.880000000000109, -34348.779999999998836 ], [ -3351.67, -34360.309999999997672 ], [ -3366.639999999999873, -34363.39 ], [ -3368.840000000000146, -34351.599999999998545 ] ] ] ] } },
{ "type": "Feature", "properties": { "SAUID": 1165, "SAUPDATE": "2026-04-02 23:43:48", "SAFIELD000": "墨田区No.59-2遺跡", "SAFIELD001": "千歳三丁目15番6号" }, "geometry": { "type": "MultiPolygon", "coordinates": [ [ [ [ -3377.639999999999873, -34306.739999999997963 ], [ -3369.179999999999836, -34305.029999999998836 ], [ -3371.130000000000109, -34293.940000000002328 ], [ -3364.639999999999873, -34292.730000000003201 ], [ -3359.21, -34321.010000000002037 ], [ -3374.27, -34323.870000000002619 ], [ -3377.639999999999873, -34306.739999999997963 ] ] ] ] } },
{ "type": "Feature", "properties": { "SAUID": 1166, "SAUPDATE": "2026-04-02 23:43:48", "SAFIELD000": "墨田区No.57遺跡", "SAFIELD001": "千歳三丁目2番11号" }, "geometry": { "type": "MultiPolygon", "coordinates": [ [ [ [ -3337.889999999999873, -34413.089999999996508 ], [ -3329.4699999999998, -34411.43 ], [ -3328.130000000000109, -34417.849999999998545 ], [ -3336.630000000000109, -34419.599999999998545 ], [ -3337.889999999999873, -34413.089999999996508 ] ] ] ] } },
{ "type": "Feature", "properties": { "SAUID": 1167, "SAUPDATE": "2026-04-02 23:43:48", "SAFIELD000": "墨田区No.32遺跡", "SAFIELD001": "千歳三丁目3番" }, "geometry": { "type": "MultiPolygon", "coordinates": [ [ [ [ -3314.739999999999782, -34442.870000000002619 ], [ -3296.619999999999891, -34441.309999999997672 ], [ -3297.739999999999782, -34425.349999999998545 ], [ -3292.889999999999873, -34424.940000000002328 ], [ -3287.1, -34424.44999999999709 ], [ -3284.639999999999873, -34453.309999999997672 ], [ -3270.760000000000218, -34451.79 ], [ -3270.360000000000127, -34451.739999999997963 ], [ -3269.0300000000002, -34471.44999999999709 ], [ -3269.489999999999782, -34471.5 ], [ -3292.880000000000109, -34473.669999999998254 ], [ -3306.7199999999998, -34474.96 ], [ -3308.010000000000218, -34475.11 ], [ -3314.65, -34443.32 ], [ -3314.739999999999782, -34442.870000000002619 ] ] ] ] } },
{ "type": "Feature", "properties": { "SAUID": 1168, "SAUPDATE": "2026-04-02 23:43:48", "SAFIELD000": "墨田区No.56遺跡", "SAFIELD001": "千歳三丁目4番4号" }, "geometry": { "type": "MultiPolygon", "coordinates": [ [ [ [ -3263.02, -34441.599999999998545 ], [ -3248.199999999999818, -34440.620000000002619 ], [ -3248.81, -34432.410000000003492 ], [ -3233.679999999999836, -34431.30000000000291 ], [ -3232.179999999999836, -34448.260000000002037 ], [ -3246.52, -34449.5 ], [ -3262.389999999999873, -34450.879999999997381 ], [ -3263.02, -34441.599999999998545 ] ] ] ] } },
{ "type": "Feature", "properties": { "SAUID": 1169, "SAUPDATE": "2026-04-02 23:43:48", "SAFIELD000": "墨田区No.89遺跡", "SAFIELD001": "千歳三丁目3番10号" }, "geometry": { "type": "MultiPolygon", "coordinates": [ [ [ [ -3307.570000000000164, -34402.410000000003492 ], [ -3296.67, -34401.46 ], [ -3295.83, -34414.559999999997672 ], [ -3294.75, -34414.480000000003201 ], [ -3293.79, -34424.510000000002037 ], [ -3297.760000000000218, -34424.849999999998545 ], [ -3297.98, -34419.900000000001455 ], [ -3306.06, -34420.900000000001455 ], [ -3307.570000000000164, -34402.410000000003492 ] ] ] ] } },
{ "type": "Feature", "properties": { "SAUID": 1170, "SAUPDATE": "2026-04-02 23:43:48", "SAFIELD000": "墨田区No.87遺跡", "SAFIELD001": "千歳二丁目10番8号" }, "geometry": { "type": "MultiPolygon", "coordinates": [ [ [ [ -3412.35, -34208.44999999999709 ], [ -3404.1, -34207.910000000003492 ], [ -3401.23, -34210.55000000000291 ], [ -3399.239999999999782, -34226.510000000002037 ], [ -3411.1, -34227.30000000000291 ], [ -3412.35, -34208.44999999999709 ] ] ] ] } },
{ "type": "Feature", "properties": { "SAUID": 1171, "SAUPDATE": "2026-04-02 23:43:48", "SAFIELD000": "墨田区No.115遺跡", "SAFIELD001": "千歳三丁目4番" }, "geometry": { "type": "MultiPolygon", "coordinates": [ [ [ [ -3261.550000000000182, -34463.410000000003492 ], [ -3259.659999999999854, -34463.30000000000291 ], [ -3246.409999999999854, -34462.480000000003201 ], [ -3245.98, -34462.44999999999709 ], [ -3246.010000000000218, -34462.04 ], [ -3246.4, -34455.760000000002037 ], [ -3246.119999999999891, -34455.419999999998254 ], [ -3246.429999999999836, -34450.86 ], [ -3246.52, -34449.5 ], [ -3232.179999999999836, -34448.260000000002037 ], [ -3230.119999999999891, -34471.620000000002619 ], [ -3236.739999999999782, -34472.339999999996508 ], [ -3236.699999999999818, -34472.82 ], [ -3236.0, -34482.940000000002328 ], [ -3256.77, -34495.75 ], [ -3259.4699999999998, -34494.30000000000291 ], [ -3261.550000000000182, -34463.410000000003492 ] ] ] ] } },
{ "type": "Feature", "properties": { "SAUID": 1172, "SAUPDATE": "2026-04-02 23:43:48", "SAFIELD000": "墨田区No.117遺跡", "SAFIELD001": "千歳一丁目7番4号" }, "geometry": { "type": "MultiPolygon", "coordinates": [ [ [ [ -3647.570000000000164, -34271.86 ], [ -3642.0, -34271.510000000002037 ], [ -3640.44, -34298.669999999998254 ], [ -3645.81, -34298.910000000003492 ], [ -3647.570000000000164, -34271.86 ] ] ] ] } },
{ "type": "Feature", "properties": { "SAUID": 1173, "SAUPDATE": "2026-04-02 23:43:48", "SAFIELD000": "墨田区No.116遺跡", "SAFIELD001": "緑一丁目24番2・4号" }, "geometry": { "type": "MultiPolygon", "coordinates": [ [ [ [ -3098.96, -33751.980000000003201 ], [ -3068.860000000000127, -33749.89 ], [ -3067.820000000000164, -33770.39 ], [ -3097.65, -33772.46 ], [ -3098.96, -33751.980000000003201 ] ] ] ] } },
{ "type": "Feature", "properties": { "SAUID": 1174, "SAUPDATE": "2026-04-02 23:43:48", "SAFIELD000": "墨田区No.125遺跡", "SAFIELD001": "緑一丁目11番2号他" }, "geometry": { "type": "MultiPolygon", "coordinates": [ [ [ [ -3212.58, -33942.64 ], [ -3152.77, -33938.760000000002037 ], [ -3151.04, -33962.57 ], [ -3164.860000000000127, -33963.5 ], [ -3165.4699999999998, -33963.32 ], [ -3197.179999999999836, -33965.480000000003201 ], [ -3197.389999999999873, -33963.559999999997672 ], [ -3210.83, -33964.96 ], [ -3212.58, -33942.64 ] ] ] ] } },
{ "type": "Feature", "properties": { "SAUID": 1175, "SAUPDATE": "2026-04-02 23:43:48", "SAFIELD000": "墨田区No.127遺跡", "SAFIELD001": "緑一丁目22番4号" }, "geometry": { "type": "MultiPolygon", "coordinates": [ [ [ [ -3089.510000000000218, -33778.010000000002037 ], [ -3061.44, -33776.07 ], [ -3060.610000000000127, -33796.019999999996799 ], [ -3065.199999999999818, -33796.190000000002328 ], [ -3065.02, -33800.190000000002328 ], [ -3074.96, -33800.629999999997381 ], [ -3074.9, -33801.44999999999709 ], [ -3088.010000000000218, -33802.349999999998545 ], [ -3089.510000000000218, -33778.010000000002037 ] ] ] ] } },
{ "type": "Feature", "properties": { "SAUID": 1176, "SAUPDATE": "2026-04-02 23:43:48", "SAFIELD000": "墨田区No.130遺跡", "SAFIELD001": "両国四丁目5番" }, "geometry": { "type": "MultiPolygon", "coordinates": [ [ [ [ -3399.130000000000109, -34102.010000000002037 ], [ -3381.880000000000109, -34100.68 ], [ -3381.840000000000146, -34101.18 ], [ -3371.320000000000164, -34100.36 ], [ -3371.35, -34099.86 ], [ -3355.83, -34098.660000000003492 ], [ -3354.300000000000182, -34119.69999999999709 ], [ -3391.19, -34122.18 ], [ -3392.159999999999854, -34106.839999999996508 ], [ -3398.739999999999782, -34107.30000000000291 ], [ -3399.130000000000109, -34102.010000000002037 ] ] ] ] } },
{ "type": "Feature", "properties": { "SAUID": 1177, "SAUPDATE": "2026-04-02 23:43:48", "SAFIELD000": "墨田区No.59-3遺跡", "SAFIELD001": "千歳三丁目15番5号" }, "geometry": { "type": "MultiPolygon", "coordinates": [ [ [ [ -3372.679999999999836, -34331.989999999997963 ], [ -3357.679999999999836, -34328.989999999997963 ], [ -3356.4, -34335.690000000002328 ], [ -3371.380000000000109, -34338.599999999998545 ], [ -3372.679999999999836, -34331.989999999997963 ] ] ] ] } },
{ "type": "Feature", "properties": { "SAUID": 1178, "SAUPDATE": "2026-04-02 23:43:48", "SAFIELD000": "墨田区No.132遺跡", "SAFIELD001": "緑一丁目20番6号" }, "geometry": { "type": "MultiPolygon", "coordinates": [ [ [ [ -3075.550000000000182, -33823.190000000002328 ], [ -3061.06, -33822.260000000002037 ], [ -3060.2800000000002, -33834.120000000002619 ], [ -3066.840000000000146, -33834.529999999998836 ], [ -3066.5300000000002, -33839.19999999999709 ], [ -3074.510000000000218, -33839.69999999999709 ], [ -3075.550000000000182, -33823.190000000002328 ] ] ] ] } },
{ "type": "Feature", "properties": { "SAUID": 1179, "SAUPDATE": "2026-04-02 23:43:48", "SAFIELD000": "墨田区No.137遺跡", "SAFIELD001": "千歳一丁目9番5号他" }, "geometry": { "type": "MultiPolygon", "coordinates": [ [ [ [ -3732.929999999999836, -34201.339999999996508 ], [ -3701.260000000000218, -34199.510000000002037 ], [ -3653.08, -34196.730000000003201 ], [ -3652.85, -34196.720000000001164 ], [ -3643.929999999999836, -34196.519999999996799 ], [ -3625.199999999999818, -34195.019999999996799 ], [ -3623.4699999999998, -34196.61 ], [ -3622.260000000000218, -34197.730000000003201 ], [ -3621.85, -34207.849999999998545 ], [ -3624.02, -34210.21 ], [ -3625.429999999999836, -34210.30000000000291 ], [ -3641.73, -34210.980000000003201 ], [ -3642.25, -34211.0 ], [ -3652.29, -34211.55000000000291 ], [ -3669.699999999999818, -34212.5 ], [ -3680.65, -34213.099999999998545 ], [ -3684.06, -34213.279999999998836 ], [ -3700.83, -34214.190000000002328 ], [ -3732.02, -34215.89 ], [ -3732.06, -34215.25 ], [ -3732.929999999999836, -34201.339999999996508 ] ] ] ] } },
{ "type": "Feature", "properties": { "SAUID": 1180, "SAUPDATE": "2026-04-02 23:43:48", "SAFIELD000": "墨田区No.139遺跡", "SAFIELD001": "両国四丁目32番15号" }, "geometry": { "type": "MultiPolygon", "coordinates": [ [ [ [ -3400.33, -33856.19999999999709 ], [ -3395.96, -33855.900000000001455 ], [ -3375.840000000000146, -33854.510000000002037 ], [ -3373.800000000000182, -33882.169999999998254 ], [ -3398.44, -33883.89 ], [ -3399.7199999999998, -33865.18 ], [ -3400.33, -33856.19999999999709 ] ] ] ] } },
{ "type": "Feature", "properties": { "SAUID": 1181, "SAUPDATE": "2026-04-02 23:43:48", "SAFIELD000": "墨田区No.140遺跡", "SAFIELD001": "千歳二丁目8番11号" }, "geometry": { "type": "MultiPolygon", "coordinates": [ [ [ [ -3413.159999999999854, -34284.32 ], [ -3392.42, -34282.96 ], [ -3390.9, -34296.5 ], [ -3412.429999999999836, -34297.559999999997672 ], [ -3413.159999999999854, -34284.32 ] ] ] ] } },
{ "type": "Feature", "properties": { "SAUID": 1182, "SAUPDATE": "2026-04-02 23:43:48", "SAFIELD000": "墨田区No.141遺跡", "SAFIELD001": "緑一丁目21番12号他" }, "geometry": { "type": "MultiPolygon", "coordinates": [ [ [ [ -3031.4699999999998, -33838.32 ], [ -3020.17, -33837.510000000002037 ], [ -3020.25, -33836.32 ], [ -3012.7199999999998, -33835.760000000002037 ], [ -3011.65, -33852.940000000002328 ], [ -3030.5300000000002, -33854.36 ], [ -3030.92, -33847.650000000001455 ], [ -3031.4699999999998, -33838.32 ] ] ] ] } },
{ "type": "Feature", "properties": { "SAUID": 1183, "SAUPDATE": "2026-04-02 23:43:48", "SAFIELD000": "墨田区No.57-2遺跡", "SAFIELD001": "千歳三丁目2番" }, "geometry": { "type": "MultiPolygon", "coordinates": [ [ [ [ -3336.630000000000109, -34419.599999999998545 ], [ -3328.130000000000109, -34417.849999999998545 ], [ -3324.1, -34437.18 ], [ -3332.869999999999891, -34439.010000000002037 ], [ -3336.630000000000109, -34419.599999999998545 ] ] ] ] } },
{ "type": "Feature", "properties": { "SAUID": 1184, "SAUPDATE": "2026-04-02 23:43:48", "SAFIELD000": "墨田区No.158遺跡", "SAFIELD001": "両国四丁目10番" }, "geometry": { "type": "MultiPolygon", "coordinates": [ [ [ [ -3394.2800000000002, -34035.580000000001746 ], [ -3390.909999999999854, -34035.309999999997672 ], [ -3390.619999999999891, -34038.94999999999709 ], [ -3390.1, -34045.46 ], [ -3393.73, -34045.769999999996799 ], [ -3394.2800000000002, -34035.580000000001746 ] ] ] ] } },
{ "type": "Feature", "properties": { "SAUID": 1185, "SAUPDATE": "2026-04-02 23:43:48", "SAFIELD000": "墨田区No.159遺跡", "SAFIELD001": "千歳二丁目7番" }, "geometry": { "type": "MultiPolygon", "coordinates": [ [ [ [ -3499.510000000000218, -34262.55000000000291 ], [ -3491.92, -34262.099999999998545 ], [ -3490.070000000000164, -34263.57 ], [ -3489.9, -34265.61 ], [ -3487.820000000000164, -34288.779999999998836 ], [ -3497.889999999999873, -34289.379999999997381 ], [ -3499.510000000000218, -34262.55000000000291 ] ] ] ] } },
{ "type": "Feature", "properties": { "SAUID": 1186, "SAUPDATE": "2026-04-02 23:43:48", "SAFIELD000": "墨田区No.160遺跡", "SAFIELD001": "両国三丁目25番" }, "geometry": { "type": "MultiPolygon", "coordinates": [ [ [ [ -3520.550000000000182, -33777.870000000002619 ], [ -3503.67, -33779.39 ], [ -3495.389999999999873, -33780.269999999996799 ], [ -3492.130000000000109, -33783.419999999998254 ], [ -3491.4, -33788.589999999996508 ], [ -3520.340000000000146, -33789.650000000001455 ], [ -3520.550000000000182, -33777.870000000002619 ] ] ] ] } },
{ "type": "Feature", "properties": { "SAUID": 1187, "SAUPDATE": "2026-04-02 23:43:48", "SAFIELD000": "墨田区No.162遺跡", "SAFIELD001": "両国四丁目8番" }, "geometry": { "type": "MultiPolygon", "coordinates": [ [ [ [ -3464.02, -34059.04 ], [ -3439.23, -34057.769999999996799 ], [ -3438.510000000000218, -34071.870000000002619 ], [ -3463.050000000000182, -34073.620000000002619 ], [ -3464.02, -34059.04 ] ] ] ] } },
{ "type": "Feature", "properties": { "SAUID": 1188, "SAUPDATE": "2026-04-02 23:43:48", "SAFIELD000": "墨田区No.163遺跡", "SAFIELD001": "緑一丁目13番" }, "geometry": { "type": "MultiPolygon", "coordinates": [ [ [ [ -3095.17, -33942.190000000002328 ], [ -3083.15, -33941.510000000002037 ], [ -3082.67, -33951.260000000002037 ], [ -3094.44, -33951.839999999996508 ], [ -3095.17, -33942.190000000002328 ] ] ] ] } },
{ "type": "Feature", "properties": { "SAUID": 1189, "SAUPDATE": "2026-04-02 23:43:48", "SAFIELD000": "墨田区No.164遺跡", "SAFIELD001": "千歳二丁目5番" }, "geometry": { "type": "MultiPolygon", "coordinates": [ [ [ [ -3606.35, -34271.80000000000291 ], [ -3603.760000000000218, -34268.879999999997381 ], [ -3587.909999999999854, -34267.919999999998254 ], [ -3586.31, -34294.36 ], [ -3605.23, -34295.5 ], [ -3606.35, -34271.80000000000291 ] ] ] ] } },
{ "type": "Feature", "properties": { "SAUID": 1190, "SAUPDATE": "2026-04-02 23:43:48", "SAFIELD000": "墨田区No.35遺跡", "SAFIELD001": "亀沢四丁目16番17号" }, "geometry": { "type": "MultiPolygon", "coordinates": [ [ [ [ -2374.449999999999818, -33528.150000000001455 ], [ -2344.869999999999891, -33526.04 ], [ -2344.19, -33535.30000000000291 ], [ -2343.739999999999782, -33542.21 ], [ -2342.83, -33554.80000000000291 ], [ -2372.56, -33556.830000000001746 ], [ -2374.449999999999818, -33528.150000000001455 ] ] ] ] } },
{ "type": "Feature", "properties": { "SAUID": 1191, "SAUPDATE": "2026-04-02 23:43:48", "SAFIELD000": "墨田区No.75遺跡", "SAFIELD001": "亀沢四丁目15番17号" }, "geometry": { "type": "MultiPolygon", "coordinates": [ [ [ [ -2424.54, -33538.720000000001164 ], [ -2422.860000000000127, -33538.620000000002619 ], [ -2404.110000000000127, -33537.529999999998836 ], [ -2402.94, -33558.230000000003201 ], [ -2402.9, -33558.89 ], [ -2420.4, -33560.089999999996508 ], [ -2423.360000000000127, -33557.489999999997963 ], [ -2424.54, -33538.720000000001164 ] ] ] ] } },
{ "type": "Feature", "properties": { "SAUID": 1192, "SAUPDATE": "2026-04-02 23:43:48", "SAFIELD000": "墨田区No.27遺跡", "SAFIELD001": "亀沢四丁目10番3号" }, "geometry": { "type": "MultiPolygon", "coordinates": [ [ [ [ -2419.889999999999873, -33622.970000000001164 ], [ -2377.15, -33619.19999999999709 ], [ -2376.85, -33623.260000000002037 ], [ -2375.31, -33644.489999999997963 ], [ -2374.75, -33652.169999999998254 ], [ -2374.760000000000218, -33652.169999999998254 ], [ -2396.48, -33653.510000000002037 ], [ -2397.48, -33653.57 ], [ -2397.44, -33654.30000000000291 ], [ -2417.869999999999891, -33655.57 ], [ -2418.550000000000182, -33644.489999999997963 ], [ -2419.889999999999873, -33622.970000000001164 ] ] ] ] } },
{ "type": "Feature", "properties": { "SAUID": 1193, "SAUPDATE": "2026-04-02 23:43:48", "SAFIELD000": "墨田区No.46遺跡", "SAFIELD001": "亀沢四丁目6番3号" }, "geometry": { "type": "MultiPolygon", "coordinates": [ [ [ [ -2310.25, -33628.080000000001746 ], [ -2288.590000000000146, -33626.809999999997672 ], [ -2287.760000000000218, -33640.279999999998836 ], [ -2309.360000000000127, -33641.580000000001746 ], [ -2310.25, -33628.080000000001746 ] ] ] ] } },
{ "type": "Feature", "properties": { "SAUID": 1194, "SAUPDATE": "2026-04-02 23:43:48", "SAFIELD000": "墨田区No.12遺跡", "SAFIELD001": "亀沢二丁目7番2号" }, "geometry": { "type": "MultiPolygon", "coordinates": [ [ [ [ -2996.380000000000109, -33674.14 ], [ -2952.48, -33671.18 ], [ -2952.4699999999998, -33671.239999999997963 ], [ -2950.010000000000218, -33703.739999999997963 ], [ -2952.800000000000182, -33703.769999999996799 ], [ -2992.83, -33705.849999999998545 ], [ -2993.989999999999782, -33705.900000000001455 ], [ -2996.380000000000109, -33674.14 ] ] ] ] } },
{ "type": "Feature", "properties": { "SAUID": 1195, "SAUPDATE": "2026-04-02 23:43:48", "SAFIELD000": "墨田区No.12遺跡", "SAFIELD001": "緑二丁目24番5･6号" }, "geometry": { "type": "MultiPolygon", "coordinates": [ [ [ [ -2977.9, -33743.559999999997672 ], [ -2946.71, -33741.309999999997672 ], [ -2945.27, -33762.510000000002037 ], [ -2976.510000000000218, -33764.669999999998254 ], [ -2977.9, -33743.559999999997672 ] ] ] ] } },
{ "type": "Feature", "properties": { "SAUID": 1196, "SAUPDATE": "2026-04-02 23:43:48", "SAFIELD000": "墨田区No.12遺跡", "SAFIELD001": "緑二丁目18番7号" }, "geometry": { "type": "MultiPolygon", "coordinates": [ [ [ [ -2955.79, -33768.75 ], [ -2944.9, -33768.0 ], [ -2944.550000000000182, -33773.129999999997381 ], [ -2944.23, -33777.900000000001455 ], [ -2946.21, -33778.059999999997672 ], [ -2955.15, -33778.80000000000291 ], [ -2955.79, -33768.75 ] ] ] ] } },
{ "type": "Feature", "properties": { "SAUID": 1197, "SAUPDATE": "2026-04-02 23:43:48", "SAFIELD000": "墨田区No.12遺跡", "SAFIELD001": "緑二丁目23番3号" }, "geometry": { "type": "MultiPolygon", "coordinates": [ [ [ [ -2938.73, -33740.730000000003201 ], [ -2937.550000000000182, -33740.650000000001455 ], [ -2937.04, -33740.61 ], [ -2924.130000000000109, -33739.669999999998254 ], [ -2917.989999999999782, -33739.220000000001164 ], [ -2915.139999999999873, -33739.019999999996799 ], [ -2904.08, -33738.21 ], [ -2883.800000000000182, -33736.730000000003201 ], [ -2883.33, -33743.809999999997672 ], [ -2882.380000000000109, -33758.169999999998254 ], [ -2908.42, -33759.970000000001164 ], [ -2912.17, -33760.230000000003201 ], [ -2917.989999999999782, -33760.629999999997381 ], [ -2937.29, -33761.96 ], [ -2937.56, -33757.980000000003201 ], [ -2938.73, -33740.730000000003201 ] ] ] ] } },
{ "type": "Feature", "properties": { "SAUID": 1198, "SAUPDATE": "2026-04-02 23:43:48", "SAFIELD000": "墨田区No.12遺跡", "SAFIELD001": "緑二丁目20番9号" }, "geometry": { "type": "MultiPolygon", "coordinates": [ [ [ [ -2892.820000000000164, -33787.64 ], [ -2885.15, -33787.11 ], [ -2883.85, -33806.910000000003492 ], [ -2891.23, -33807.480000000003201 ], [ -2892.820000000000164, -33787.64 ] ] ] ] } },
{ "type": "Feature", "properties": { "SAUID": 1199, "SAUPDATE": "2026-04-02 23:43:48", "SAFIELD000": "墨田区No.81遺跡", "SAFIELD001": "緑四丁目34番8･9号" }, "geometry": { "type": "MultiPolygon", "coordinates": [ [ [ [ -2388.56, -33749.559999999997672 ], [ -2377.409999999999854, -33748.839999999996508 ], [ -2376.94, -33755.330000000001746 ], [ -2376.699999999999818, -33755.32 ], [ -2372.69, -33755.0 ], [ -2371.699999999999818, -33766.480000000003201 ], [ -2387.15, -33767.559999999997672 ], [ -2388.56, -33749.559999999997672 ] ] ] ] } },
{ "type": "Feature", "properties": { "SAUID": 1200, "SAUPDATE": "2026-04-02 23:43:48", "SAFIELD000": "墨田区No.83遺跡", "SAFIELD001": "亀沢四丁目7番7号" }, "geometry": { "type": "MultiPolygon", "coordinates": [ [ [ [ -2343.679999999999836, -33616.230000000003201 ], [ -2323.159999999999854, -33614.419999999998254 ], [ -2321.110000000000127, -33645.690000000002328 ], [ -2341.260000000000218, -33647.339999999996508 ], [ -2343.679999999999836, -33616.230000000003201 ] ] ] ] } },
{ "type": "Feature", "properties": { "SAUID": 1201, "SAUPDATE": "2026-04-02 23:43:48", "SAFIELD000": "墨田区No.88遺跡", "SAFIELD001": "江東橋一丁目10番" }, "geometry": { "type": "MultiPolygon", "coordinates": [ [ [ [ -2148.489999999999782, -33761.919999999998254 ], [ -2133.79, -33761.160000000003492 ], [ -2133.360000000000127, -33771.43 ], [ -2136.79, -33771.580000000001746 ], [ -2136.08, -33785.330000000001746 ], [ -2145.139999999999873, -33785.82 ], [ -2145.73, -33772.970000000001164 ], [ -2148.02, -33773.080000000001746 ], [ -2148.04, -33772.68 ], [ -2148.489999999999782, -33761.919999999998254 ] ] ] ] } },
{ "type": "Feature", "properties": { "SAUID": 1202, "SAUPDATE": "2026-04-02 23:43:48", "SAFIELD000": "墨田区No.100遺跡", "SAFIELD001": "緑二丁目15番6号" }, "geometry": { "type": "MultiPolygon", "coordinates": [ [ [ [ -2850.69, -33807.46 ], [ -2828.7800000000002, -33805.94999999999709 ], [ -2827.79, -33824.489999999997963 ], [ -2849.75, -33826.029999999998836 ], [ -2850.69, -33807.46 ] ] ] ] } },
{ "type": "Feature", "properties": { "SAUID": 1203, "SAUPDATE": "2026-04-02 23:43:48", "SAFIELD000": "墨田区No.98遺跡", "SAFIELD001": "緑二丁目21番15号" }, "geometry": { "type": "MultiPolygon", "coordinates": [ [ [ [ -2798.7800000000002, -33779.43 ], [ -2785.889999999999873, -33778.580000000001746 ], [ -2785.0, -33794.919999999998254 ], [ -2790.260000000000218, -33795.269999999996799 ], [ -2790.880000000000109, -33795.309999999997672 ], [ -2791.46, -33784.86 ], [ -2798.4, -33785.25 ], [ -2798.7800000000002, -33779.43 ] ] ] ] } },
{ "type": "Feature", "properties": { "SAUID": 1204, "SAUPDATE": "2026-04-02 23:43:48", "SAFIELD000": "墨田区No.102遺跡", "SAFIELD001": "江東橋一丁目13番2号" }, "geometry": { "type": "MultiPolygon", "coordinates": [ [ [ [ -2064.23, -33731.69999999999709 ], [ -2062.19, -33729.489999999997963 ], [ -2047.81, -33728.730000000003201 ], [ -2047.369999999999891, -33739.580000000001746 ], [ -2047.45, -33739.589999999996508 ], [ -2063.77, -33740.25 ], [ -2064.23, -33731.69999999999709 ] ] ] ] } },
{ "type": "Feature", "properties": { "SAUID": 1205, "SAUPDATE": "2026-04-02 23:43:48", "SAFIELD000": "墨田区No.104-1遺跡", "SAFIELD001": "亀沢四丁目6番5号" }, "geometry": { "type": "MultiPolygon", "coordinates": [ [ [ [ -2311.880000000000109, -33598.080000000001746 ], [ -2290.820000000000164, -33596.96 ], [ -2289.46, -33616.14 ], [ -2310.71, -33617.43 ], [ -2311.880000000000109, -33598.080000000001746 ] ] ] ] } },
{ "type": "Feature", "properties": { "SAUID": 1206, "SAUPDATE": "2026-04-02 23:43:48", "SAFIELD000": "墨田区No.106-1遺跡", "SAFIELD001": "亀沢四丁目15番4号" }, "geometry": { "type": "MultiPolygon", "coordinates": [ [ [ [ -2426.48, -33505.36 ], [ -2406.570000000000164, -33504.089999999996508 ], [ -2405.9699999999998, -33514.989999999997963 ], [ -2425.79, -33516.279999999998836 ], [ -2426.48, -33505.36 ] ] ] ] } },
{ "type": "Feature", "properties": { "SAUID": 1207, "SAUPDATE": "2026-04-02 23:43:48", "SAFIELD000": "墨田区No.104-2遺跡", "SAFIELD001": "亀沢四丁目17番2・3号他" }, "geometry": { "type": "MultiPolygon", "coordinates": [ [ [ [ -2317.889999999999873, -33503.419999999998254 ], [ -2276.119999999999891, -33500.870000000002619 ], [ -2274.04, -33531.190000000002328 ], [ -2315.9, -33534.07 ], [ -2317.889999999999873, -33503.419999999998254 ] ] ] ] } },
{ "type": "Feature", "properties": { "SAUID": 1208, "SAUPDATE": "2026-04-02 23:43:48", "SAFIELD000": "墨田区No.147遺跡", "SAFIELD001": "亀沢二丁目5番" }, "geometry": { "type": "MultiPolygon", "coordinates": [ [ [ [ -2877.9699999999998, -33667.129999999997381 ], [ -2866.69, -33666.339999999996508 ], [ -2865.4699999999998, -33682.04 ], [ -2876.989999999999782, -33682.529999999998836 ], [ -2877.9699999999998, -33667.129999999997381 ] ] ] ] } },
{ "type": "Feature", "properties": { "SAUID": 1209, "SAUPDATE": "2026-04-02 23:43:48", "SAFIELD000": "墨田区No.12遺跡", "SAFIELD001": "緑二丁目19番" }, "geometry": { "type": "MultiPolygon", "coordinates": [ [ [ [ -2936.889999999999873, -33782.480000000003201 ], [ -2926.5300000000002, -33781.68 ], [ -2926.71, -33779.480000000003201 ], [ -2913.860000000000127, -33778.529999999998836 ], [ -2912.820000000000164, -33796.05000000000291 ], [ -2926.409999999999854, -33797.04 ], [ -2926.570000000000164, -33794.830000000001746 ], [ -2936.0, -33795.510000000002037 ], [ -2936.889999999999873, -33782.480000000003201 ] ] ] ] } },
{ "type": "Feature", "properties": { "SAUID": 1210, "SAUPDATE": "2026-04-02 23:43:48", "SAFIELD000": "墨田区No.155遺跡", "SAFIELD001": "亀沢四丁目5番" }, "geometry": { "type": "MultiPolygon", "coordinates": [ [ [ [ -2264.35, -33577.419999999998254 ], [ -2247.65, -33576.120000000002619 ], [ -2246.33, -33598.230000000003201 ], [ -2262.65, -33599.19999999999709 ], [ -2264.35, -33577.419999999998254 ] ] ] ] } },
{ "type": "Feature", "properties": { "SAUID": 1211, "SAUPDATE": "2026-04-02 23:43:48", "SAFIELD000": "墨田区No.156遺跡", "SAFIELD001": "緑二丁目13番" }, "geometry": { "type": "MultiPolygon", "coordinates": [ [ [ [ -2882.0300000000002, -33896.94999999999709 ], [ -2873.909999999999854, -33896.43 ], [ -2873.869999999999891, -33896.93 ], [ -2873.110000000000127, -33908.410000000003492 ], [ -2881.119999999999891, -33909.07 ], [ -2882.0300000000002, -33896.94999999999709 ] ] ] ] } },
{ "type": "Feature", "properties": { "SAUID": 1212, "SAUPDATE": "2026-04-02 23:43:48", "SAFIELD000": "墨田区No.156遺跡", "SAFIELD001": "緑二丁目13番" }, "geometry": { "type": "MultiPolygon", "coordinates": [ [ [ [ -2911.860000000000127, -33914.11 ], [ -2899.159999999999854, -33913.059999999997672 ], [ -2898.510000000000218, -33921.059999999997672 ], [ -2911.21, -33921.849999999998545 ], [ -2911.860000000000127, -33914.11 ] ] ] ] } },
{ "type": "Feature", "properties": { "SAUID": 1213, "SAUPDATE": "2026-04-02 23:43:48", "SAFIELD000": "墨田区No.33遺跡", "SAFIELD001": "錦糸四丁目10番9号" }, "geometry": { "type": "MultiPolygon", "coordinates": [ [ [ [ -1378.79, -33505.419999999998254 ], [ -1349.31, -33503.54 ], [ -1346.2, -33503.339999999996508 ], [ -1345.11, -33530.779999999998836 ], [ -1361.869999999999891, -33531.730000000003201 ], [ -1361.55, -33537.220000000001164 ], [ -1366.16, -33537.46 ], [ -1366.44, -33531.989999999997963 ], [ -1376.72, -33532.57 ], [ -1376.91, -33530.029999999998836 ], [ -1378.79, -33505.419999999998254 ] ] ] ] } },
{ "type": "Feature", "properties": { "SAUID": 1214, "SAUPDATE": "2026-04-02 23:43:48", "SAFIELD000": "墨田区No.43遺跡", "SAFIELD001": "江東橋二丁目18番6号" }, "geometry": { "type": "MultiPolygon", "coordinates": [ [ [ [ -1933.65, -33722.519999999996799 ], [ -1932.41, -33722.46 ], [ -1919.42, -33721.79 ], [ -1910.92, -33721.330000000001746 ], [ -1910.6, -33724.919999999998254 ], [ -1909.26, -33741.46 ], [ -1913.9, -33741.650000000001455 ], [ -1931.11, -33742.94999999999709 ], [ -1932.19, -33743.029999999998836 ], [ -1933.65, -33722.519999999996799 ] ] ] ] } },
{ "type": "Feature", "properties": { "SAUID": 1215, "SAUPDATE": "2026-04-02 23:43:48", "SAFIELD000": "墨田区No.63遺跡", "SAFIELD001": "江東橋二丁目13番5号" }, "geometry": { "type": "MultiPolygon", "coordinates": [ [ [ [ -1987.6, -33815.089999999996508 ], [ -1976.6400000000001, -33814.32 ], [ -1975.22, -33833.309999999997672 ], [ -1986.34, -33834.089999999996508 ], [ -1987.6, -33815.089999999996508 ] ] ] ] } },
{ "type": "Feature", "properties": { "SAUID": 1216, "SAUPDATE": "2026-04-02 23:43:48", "SAFIELD000": "墨田区No.73遺跡", "SAFIELD001": "東駒形一丁目14番7号" }, "geometry": { "type": "MultiPolygon", "coordinates": [ [ [ [ -3182.159999999999854, -32644.46 ], [ -3179.090000000000146, -32635.45 ], [ -3170.58, -32638.18 ], [ -3167.949999999999818, -32629.81000000000131 ], [ -3166.17, -32630.41 ], [ -3168.949999999999818, -32638.740000000001601 ], [ -3153.71, -32643.64 ], [ -3156.949999999999818, -32653.93 ], [ -3168.19, -32650.16 ], [ -3167.659999999999854, -32648.77 ], [ -3182.159999999999854, -32644.46 ] ] ] ] } },
{ "type": "Feature", "properties": { "SAUID": 1217, "SAUPDATE": "2026-04-02 23:43:48", "SAFIELD000": "普賢寺", "SAFIELD001": "東駒形一丁目5・6番" }, "geometry": { "type": "MultiPolygon", "coordinates": [ [ [ [ -3270.56, -32701.7 ], [ -3254.44, -32656.95 ], [ -3253.42, -32657.68999999999869 ], [ -3235.389999999999873, -32669.3 ], [ -3198.570000000000164, -32693.029999999998836 ], [ -3208.67, -32722.220000000001164 ], [ -3223.23, -32717.46 ], [ -3228.0, -32715.900000000001455 ], [ -3229.6, -32715.380000000001019 ], [ -3252.9, -32707.64 ], [ -3253.320000000000164, -32707.54 ], [ -3262.15, -32704.55 ], [ -3269.2199999999998, -32702.150000000001455 ], [ -3270.56, -32701.7 ] ] ] ] } },
{ "type": "Feature", "properties": { "SAUID": 1218, "SAUPDATE": "2026-04-02 23:43:48", "SAFIELD000": "墨田区No.16遺跡", "SAFIELD001": "本所一丁目27番8号" }, "geometry": { "type": "MultiPolygon", "coordinates": [ [ [ [ -3092.52, -32751.75 ], [ -3072.54, -32750.91 ], [ -3053.5300000000002, -32750.11 ], [ -3036.659999999999854, -32749.41 ], [ -3036.619999999999891, -32750.27 ], [ -3036.590000000000146, -32751.06000000000131 ], [ -3035.46, -32777.980000000003201 ], [ -3045.739999999999782, -32778.330000000001746 ], [ -3045.610000000000127, -32780.910000000003492 ], [ -3067.0, -32781.239999999997963 ], [ -3071.570000000000164, -32781.309999999997672 ], [ -3072.0, -32770.269999999996799 ], [ -3091.7199999999998, -32770.89 ], [ -3091.7800000000002, -32769.580000000001746 ], [ -3092.52, -32751.75 ] ] ] ] } },
{ "type": "Feature", "properties": { "SAUID": 1219, "SAUPDATE": "2026-04-02 23:43:48", "SAFIELD000": "墨田区No.72遺跡", "SAFIELD001": "本所一丁目25番10号他" }, "geometry": { "type": "MultiPolygon", "coordinates": [ [ [ [ -3068.360000000000127, -32852.370000000002619 ], [ -3042.9, -32851.64 ], [ -3042.679999999999836, -32854.43 ], [ -3041.67, -32854.379999999997381 ], [ -3041.67, -32862.870000000002619 ], [ -3067.9699999999998, -32863.879999999997381 ], [ -3068.360000000000127, -32852.370000000002619 ] ] ] ] } },
{ "type": "Feature", "properties": { "SAUID": 1220, "SAUPDATE": "2026-04-02 23:43:48", "SAFIELD000": "墨田区No.58遺跡", "SAFIELD001": "本所二丁目7番2号" }, "geometry": { "type": "MultiPolygon", "coordinates": [ [ [ [ -3021.119999999999891, -32952.529999999998836 ], [ -3020.92, -32940.89 ], [ -3006.81, -32941.21 ], [ -3006.760000000000218, -32952.739999999997963 ], [ -3021.119999999999891, -32952.529999999998836 ] ] ] ] } },
{ "type": "Feature", "properties": { "SAUID": 1221, "SAUPDATE": "2026-04-02 23:43:48", "SAFIELD000": "墨田区No.30遺跡", "SAFIELD001": "本所一丁目13番4号" }, "geometry": { "type": "MultiPolygon", "coordinates": [ [ [ [ -3137.75, -32942.94999999999709 ], [ -3137.33, -32915.870000000002619 ], [ -3114.42, -32915.739999999997963 ], [ -3115.130000000000109, -32943.269999999996799 ], [ -3137.75, -32942.94999999999709 ] ] ] ] } },
{ "type": "Feature", "properties": { "SAUID": 1222, "SAUPDATE": "2026-04-02 23:43:48", "SAFIELD000": "墨田区No.37遺跡", "SAFIELD001": "横網一丁目12番10号" }, "geometry": { "type": "MultiPolygon", "coordinates": [ [ [ [ -3620.4699999999998, -33420.82 ], [ -3610.610000000000127, -33397.559999999997672 ], [ -3607.929999999999836, -33391.25 ], [ -3602.159999999999854, -33377.64 ], [ -3598.2199999999998, -33376.0 ], [ -3560.639999999999873, -33390.970000000001164 ], [ -3557.179999999999836, -33402.559999999997672 ], [ -3571.070000000000164, -33408.440000000002328 ], [ -3571.23, -33412.96 ], [ -3572.9, -33417.010000000002037 ], [ -3573.929999999999836, -33420.190000000002328 ], [ -3576.070000000000164, -33422.57 ], [ -3578.5300000000002, -33424.79 ], [ -3581.79, -33425.980000000003201 ], [ -3584.880000000000109, -33426.93 ], [ -3587.110000000000127, -33426.690000000002328 ], [ -3590.760000000000218, -33425.419999999998254 ], [ -3593.5300000000002, -33424.150000000001455 ], [ -3595.760000000000218, -33422.80000000000291 ], [ -3597.659999999999854, -33421.220000000001164 ], [ -3598.380000000000109, -33420.11 ], [ -3602.5, -33421.30000000000291 ], [ -3605.4699999999998, -33425.82 ], [ -3620.4699999999998, -33420.82 ] ] ] ] } },
{ "type": "Feature", "properties": { "SAUID": 1223, "SAUPDATE": "2026-04-02 23:43:48", "SAFIELD000": "墨田区No.52遺跡", "SAFIELD001": "横網二丁目1番11号" }, "geometry": { "type": "MultiPolygon", "coordinates": [ [ [ [ -3595.27, -33362.120000000002619 ], [ -3585.679999999999836, -33340.96 ], [ -3583.02, -33335.080000000001746 ], [ -3569.27, -33304.75 ], [ -3567.090000000000146, -33299.93 ], [ -3540.409999999999854, -33242.980000000003201 ], [ -3534.5, -33230.230000000003201 ], [ -3527.67, -33227.760000000002037 ], [ -3524.23, -33229.379999999997381 ], [ -3522.33, -33230.279999999998836 ], [ -3511.75, -33235.269999999996799 ], [ -3495.630000000000109, -33242.93 ], [ -3478.550000000000182, -33250.89 ], [ -3463.130000000000109, -33258.150000000001455 ], [ -3447.869999999999891, -33259.169999999998254 ], [ -3454.4, -33273.349999999998545 ], [ -3470.1, -33307.870000000002619 ], [ -3511.489999999999782, -33398.71 ], [ -3523.300000000000182, -33394.010000000002037 ], [ -3531.179999999999836, -33390.86 ], [ -3593.7199999999998, -33365.96 ], [ -3595.27, -33362.120000000002619 ] ] ] ] } },
{ "type": "Feature", "properties": { "SAUID": 1224, "SAUPDATE": "2026-04-02 23:43:48", "SAFIELD000": "本所御蔵跡", "SAFIELD001": "横網二丁目3番" }, "geometry": { "type": "MultiPolygon", "coordinates": [ [ [ [ -3476.35, -33418.940000000002328 ], [ -3470.429999999999836, -33410.669999999998254 ], [ -3438.449999999999818, -33369.230000000003201 ], [ -3435.77, -33367.04 ], [ -3413.800000000000182, -33349.059999999997672 ], [ -3408.659999999999854, -33344.86 ], [ -3382.820000000000164, -33323.730000000003201 ], [ -3359.94, -33305.010000000002037 ], [ -3358.590000000000146, -33286.96 ], [ -3357.2800000000002, -33268.230000000003201 ], [ -3354.33, -33265.61 ], [ -3337.860000000000127, -33266.760000000002037 ], [ -3335.760000000000218, -33266.89 ], [ -3313.239999999999782, -33268.370000000002619 ], [ -3304.23, -33268.96 ], [ -3294.050000000000182, -33268.510000000002037 ], [ -3287.9699999999998, -33273.879999999997381 ], [ -3286.7199999999998, -33291.57 ], [ -3285.929999999999836, -33300.690000000002328 ], [ -3285.83, -33302.39 ], [ -3285.0, -33316.980000000003201 ], [ -3284.0300000000002, -33330.010000000002037 ], [ -3283.33, -33339.489999999997963 ], [ -3282.320000000000164, -33352.769999999996799 ], [ -3281.83, -33359.29 ], [ -3281.090000000000146, -33369.010000000002037 ], [ -3280.98, -33370.46 ], [ -3280.659999999999854, -33374.650000000001455 ], [ -3280.27, -33379.82 ], [ -3280.0, -33384.279999999998836 ], [ -3279.58, -33391.260000000002037 ], [ -3278.31, -33408.55000000000291 ], [ -3277.52, -33418.489999999997963 ], [ -3277.31, -33421.239999999997963 ], [ -3277.02, -33425.089999999996508 ], [ -3276.260000000000218, -33435.400000000001455 ], [ -3313.46, -33432.339999999996508 ], [ -3364.65, -33428.129999999997381 ], [ -3476.35, -33418.940000000002328 ] ] ] ] } },
{ "type": "Feature", "properties": { "SAUID": 1225, "SAUPDATE": "2026-04-02 23:43:48", "SAFIELD000": "墨田区No.70遺跡", "SAFIELD001": "横網二丁目5番" }, "geometry": { "type": "MultiPolygon", "coordinates": [ [ [ [ -3379.98, -33223.80000000000291 ], [ -3379.260000000000218, -33211.07 ], [ -3379.179999999999836, -33209.57 ], [ -3379.139999999999873, -33208.779999999998836 ], [ -3364.510000000000218, -33209.25 ], [ -3362.659999999999854, -33211.36 ], [ -3362.7199999999998, -33212.160000000003492 ], [ -3363.79, -33224.64 ], [ -3379.98, -33223.80000000000291 ] ] ] ] } },
{ "type": "Feature", "properties": { "SAUID": 1226, "SAUPDATE": "2026-04-02 23:43:48", "SAFIELD000": "墨田区No.79遺跡", "SAFIELD001": "横網二丁目4番７・8号" }, "geometry": { "type": "MultiPolygon", "coordinates": [ [ [ [ -3307.21, -33230.220000000001164 ], [ -3306.630000000000109, -33223.940000000002328 ], [ -3299.19, -33224.55000000000291 ], [ -3299.83, -33215.11 ], [ -3291.81, -33214.400000000001455 ], [ -3291.19, -33223.400000000001455 ], [ -3290.699999999999818, -33231.11 ], [ -3307.21, -33230.220000000001164 ] ] ] ] } },
{ "type": "Feature", "properties": { "SAUID": 1227, "SAUPDATE": "2026-04-02 23:43:48", "SAFIELD000": "墨田区No.50-1遺跡", "SAFIELD001": "石原一丁目28番1号" }, "geometry": { "type": "MultiPolygon", "coordinates": [ [ [ [ -3266.110000000000127, -33224.589999999996508 ], [ -3254.139999999999873, -33223.89 ], [ -3253.15, -33243.80000000000291 ], [ -3259.31, -33244.169999999998254 ], [ -3265.29, -33238.93 ], [ -3265.739999999999782, -33230.419999999998254 ], [ -3265.760000000000218, -33230.19999999999709 ], [ -3266.110000000000127, -33224.589999999996508 ] ] ] ] } },
{ "type": "Feature", "properties": { "SAUID": 1228, "SAUPDATE": "2026-04-02 23:43:48", "SAFIELD000": "墨田区No.61-1遺跡", "SAFIELD001": "石原一丁目25番6・7号" }, "geometry": { "type": "MultiPolygon", "coordinates": [ [ [ [ -3197.15, -33286.760000000002037 ], [ -3193.949999999999818, -33286.57 ], [ -3194.429999999999836, -33277.18 ], [ -3181.6, -33276.410000000003492 ], [ -3181.429999999999836, -33279.419999999998254 ], [ -3181.369999999999891, -33280.36 ], [ -3181.360000000000127, -33280.57 ], [ -3181.02, -33286.559999999997672 ], [ -3180.679999999999836, -33292.55000000000291 ], [ -3191.199999999999818, -33293.190000000002328 ], [ -3196.73, -33293.529999999998836 ], [ -3197.15, -33286.760000000002037 ] ] ] ] } },
{ "type": "Feature", "properties": { "SAUID": 1229, "SAUPDATE": "2026-04-02 23:43:48", "SAFIELD000": "墨田区No.78-1遺跡", "SAFIELD001": "亀沢一丁目21番5号" }, "geometry": { "type": "MultiPolygon", "coordinates": [ [ [ [ -3115.0, -33464.07 ], [ -3091.1, -33462.57 ], [ -3090.1, -33478.18 ], [ -3111.389999999999873, -33479.46 ], [ -3111.56, -33477.32 ], [ -3114.17, -33477.480000000003201 ], [ -3115.0, -33464.07 ] ] ] ] } },
{ "type": "Feature", "properties": { "SAUID": 1230, "SAUPDATE": "2026-04-02 23:43:48", "SAFIELD000": "本所御蔵跡", "SAFIELD001": "横網一丁目10番" }, "geometry": { "type": "MultiPolygon", "coordinates": [ [ [ [ -3488.619999999999891, -33443.370000000002619 ], [ -3481.77, -33426.529999999998836 ], [ -3476.35, -33418.940000000002328 ], [ -3437.54, -33422.129999999997381 ], [ -3439.83, -33427.720000000001164 ], [ -3449.380000000000109, -33450.980000000003201 ], [ -3451.42, -33455.94999999999709 ], [ -3452.2199999999998, -33457.900000000001455 ], [ -3488.619999999999891, -33443.370000000002619 ] ] ] ] } },
{ "type": "Feature", "properties": { "SAUID": 1231, "SAUPDATE": "2026-04-02 23:43:48", "SAFIELD000": "墨田区No.82-1遺跡", "SAFIELD001": "石原一丁目29番11号" }, "geometry": { "type": "MultiPolygon", "coordinates": [ [ [ [ -3170.21, -33201.29 ], [ -3165.380000000000109, -33201.11 ], [ -3165.48, -33198.69999999999709 ], [ -3165.5, -33198.18 ], [ -3154.2199999999998, -33197.919999999998254 ], [ -3154.380000000000109, -33207.29 ], [ -3169.94, -33207.739999999997963 ], [ -3170.21, -33201.29 ] ] ] ] } },
{ "type": "Feature", "properties": { "SAUID": 1232, "SAUPDATE": "2026-04-02 23:43:48", "SAFIELD000": "墨田区No.84遺跡", "SAFIELD001": "本所一丁目26番7号" }, "geometry": { "type": "MultiPolygon", "coordinates": [ [ [ [ -3054.71, -32797.0 ], [ -3034.69, -32796.089999999996508 ], [ -3034.360000000000127, -32804.05000000000291 ], [ -3048.6, -32804.44999999999709 ], [ -3048.54, -32806.489999999997963 ], [ -3048.4, -32811.400000000001455 ], [ -3050.139999999999873, -32811.46 ], [ -3054.199999999999818, -32811.61 ], [ -3054.409999999999854, -32805.82 ], [ -3054.71, -32797.0 ] ] ] ] } },
{ "type": "Feature", "properties": { "SAUID": 1233, "SAUPDATE": "2026-04-02 23:43:48", "SAFIELD000": "墨田区No.93遺跡", "SAFIELD001": "本所一丁目14番10号他" }, "geometry": { "type": "MultiPolygon", "coordinates": [ [ [ [ -3185.58, -32889.900000000001455 ], [ -3169.130000000000109, -32889.480000000003201 ], [ -3164.29, -32889.349999999998545 ], [ -3163.94, -32905.5 ], [ -3164.0300000000002, -32905.529999999998836 ], [ -3166.08, -32906.39 ], [ -3166.010000000000218, -32919.32 ], [ -3185.0, -32920.07 ], [ -3185.29, -32905.019999999996799 ], [ -3185.58, -32889.900000000001455 ] ] ] ] } },
{ "type": "Feature", "properties": { "SAUID": 1234, "SAUPDATE": "2026-04-02 23:43:48", "SAFIELD000": "墨田区No.67遺跡", "SAFIELD001": "本所一丁目14番5号" }, "geometry": { "type": "MultiPolygon", "coordinates": [ [ [ [ -3164.29, -32889.349999999998545 ], [ -3157.619999999999891, -32889.18 ], [ -3157.619999999999891, -32893.370000000002619 ], [ -3160.239999999999782, -32893.480000000003201 ], [ -3160.08, -32903.919999999998254 ], [ -3163.42, -32904.0 ], [ -3163.98, -32904.010000000002037 ], [ -3164.29, -32889.349999999998545 ] ] ] ] } },
{ "type": "Feature", "properties": { "SAUID": 1235, "SAUPDATE": "2026-04-02 23:43:48", "SAFIELD000": "墨田区No.95-1遺跡", "SAFIELD001": "本所一丁目33番12号" }, "geometry": { "type": "MultiPolygon", "coordinates": [ [ [ [ -3299.949999999999818, -32788.099999999998545 ], [ -3293.54, -32763.34 ], [ -3285.110000000000127, -32766.150000000001455 ], [ -3286.340000000000146, -32769.849999999998545 ], [ -3275.44, -32773.580000000001746 ], [ -3281.7199999999998, -32792.120000000002619 ], [ -3284.52, -32793.419999999998254 ], [ -3299.949999999999818, -32788.099999999998545 ] ] ] ] } },
{ "type": "Feature", "properties": { "SAUID": 1236, "SAUPDATE": "2026-04-02 23:43:48", "SAFIELD000": "墨田区No.91遺跡", "SAFIELD001": "横網二丁目8番12･13号" }, "geometry": { "type": "MultiPolygon", "coordinates": [ [ [ [ -3417.44, -33199.54 ], [ -3417.360000000000127, -33197.480000000003201 ], [ -3416.54, -33175.89 ], [ -3404.04, -33176.169999999998254 ], [ -3404.340000000000146, -33183.760000000002037 ], [ -3404.179999999999836, -33187.830000000001746 ], [ -3404.489999999999782, -33199.96 ], [ -3413.58, -33199.660000000003492 ], [ -3417.44, -33199.54 ] ] ] ] } },
{ "type": "Feature", "properties": { "SAUID": 1237, "SAUPDATE": "2026-04-02 23:43:48", "SAFIELD000": "墨田区No.99遺跡", "SAFIELD001": "東駒形一丁目13番6・7号" }, "geometry": { "type": "MultiPolygon", "coordinates": [ [ [ [ -3135.409999999999854, -32669.75 ], [ -3129.29, -32650.77 ], [ -3111.48, -32656.580000000001746 ], [ -3116.880000000000109, -32672.81000000000131 ], [ -3135.409999999999854, -32669.75 ] ] ] ] } },
{ "type": "Feature", "properties": { "SAUID": 1238, "SAUPDATE": "2026-04-02 23:43:48", "SAFIELD000": "墨田区No.78-2遺跡", "SAFIELD001": "亀沢一丁目26番7号" }, "geometry": { "type": "MultiPolygon", "coordinates": [ [ [ [ -3117.800000000000182, -33448.599999999998545 ], [ -3115.06, -33448.419999999998254 ], [ -3115.2199999999998, -33445.849999999998545 ], [ -3115.369999999999891, -33443.54 ], [ -3113.48, -33443.410000000003492 ], [ -3103.4699999999998, -33442.760000000002037 ], [ -3102.5300000000002, -33442.69999999999709 ], [ -3102.510000000000218, -33443.07 ], [ -3092.389999999999873, -33442.440000000002328 ], [ -3091.360000000000127, -33458.480000000003201 ], [ -3117.090000000000146, -33460.099999999998545 ], [ -3117.800000000000182, -33448.599999999998545 ] ] ] ] } },
{ "type": "Feature", "properties": { "SAUID": 1239, "SAUPDATE": "2026-04-02 23:43:48", "SAFIELD000": "墨田区No.112遺跡", "SAFIELD001": "本所一丁目31番6号" }, "geometry": { "type": "MultiPolygon", "coordinates": [ [ [ [ -3163.610000000000127, -32762.45 ], [ -3162.98, -32755.91 ], [ -3142.880000000000109, -32757.71 ], [ -3143.340000000000146, -32764.23 ], [ -3163.610000000000127, -32762.45 ] ] ] ] } },
{ "type": "Feature", "properties": { "SAUID": 1240, "SAUPDATE": "2026-04-02 23:43:48", "SAFIELD000": "墨田区No.50-2遺跡", "SAFIELD001": "石原一丁目28番" }, "geometry": { "type": "MultiPolygon", "coordinates": [ [ [ [ -3256.75, -33191.239999999997963 ], [ -3255.83, -33191.18 ], [ -3241.33, -33190.230000000003201 ], [ -3240.4699999999998, -33205.660000000003492 ], [ -3240.44, -33206.18 ], [ -3242.92, -33206.330000000001746 ], [ -3255.65, -33207.099999999998545 ], [ -3256.04, -33201.470000000001164 ], [ -3256.75, -33191.239999999997963 ] ] ] ] } },
{ "type": "Feature", "properties": { "SAUID": 1241, "SAUPDATE": "2026-04-02 23:43:48", "SAFIELD000": "墨田区No.118-1遺跡", "SAFIELD001": "横網二丁目14番10号" }, "geometry": { "type": "MultiPolygon", "coordinates": [ [ [ [ -3365.4699999999998, -33112.05000000000291 ], [ -3365.320000000000164, -33105.769999999996799 ], [ -3354.090000000000146, -33106.07 ], [ -3354.08, -33112.349999999998545 ], [ -3365.4699999999998, -33112.05000000000291 ] ] ] ] } },
{ "type": "Feature", "properties": { "SAUID": 1242, "SAUPDATE": "2026-04-02 23:43:48", "SAFIELD000": "墨田区No.95-2遺跡", "SAFIELD001": "本所一丁目33番8号" }, "geometry": { "type": "MultiPolygon", "coordinates": [ [ [ [ -3288.98, -32748.740000000001601 ], [ -3279.69, -32725.009999999998399 ], [ -3261.5, -32731.25 ], [ -3269.46, -32755.470000000001164 ], [ -3288.98, -32748.740000000001601 ] ] ] ] } },
{ "type": "Feature", "properties": { "SAUID": 1243, "SAUPDATE": "2026-04-02 23:43:48", "SAFIELD000": "墨田区No.118-2遺跡", "SAFIELD001": "横網二丁目15番" }, "geometry": { "type": "MultiPolygon", "coordinates": [ [ [ [ -3346.110000000000127, -33095.489999999997963 ], [ -3336.840000000000146, -33095.489999999997963 ], [ -3336.869999999999891, -33094.339999999996508 ], [ -3330.52, -33094.25 ], [ -3330.619999999999891, -33090.04 ], [ -3321.369999999999891, -33090.0 ], [ -3320.06, -33115.099999999998545 ], [ -3346.08, -33114.29 ], [ -3346.110000000000127, -33095.489999999997963 ] ] ] ] } },
{ "type": "Feature", "properties": { "SAUID": 1244, "SAUPDATE": "2026-04-02 23:43:48", "SAFIELD000": "墨田区No.131遺跡", "SAFIELD001": "石原一丁目37番3号" }, "geometry": { "type": "MultiPolygon", "coordinates": [ [ [ [ -3275.130000000000109, -33082.11 ], [ -3271.679999999999836, -33078.07 ], [ -3264.889999999999873, -33077.650000000001455 ], [ -3263.679999999999836, -33094.849999999998545 ], [ -3263.83, -33094.86 ], [ -3274.2800000000002, -33095.43 ], [ -3275.130000000000109, -33082.11 ] ] ] ] } },
{ "type": "Feature", "properties": { "SAUID": 1245, "SAUPDATE": "2026-04-02 23:43:48", "SAFIELD000": "墨田区No.61-2遺跡", "SAFIELD001": "石原一丁目19番" }, "geometry": { "type": "MultiPolygon", "coordinates": [ [ [ [ -3161.510000000000218, -33311.80000000000291 ], [ -3148.739999999999782, -33311.010000000002037 ], [ -3147.94, -33323.019999999996799 ], [ -3160.75, -33323.970000000001164 ], [ -3161.510000000000218, -33311.80000000000291 ] ] ] ] } },
{ "type": "Feature", "properties": { "SAUID": 1246, "SAUPDATE": "2026-04-02 23:43:48", "SAFIELD000": "墨田区No.82-2遺跡", "SAFIELD001": "石原一丁目29番" }, "geometry": { "type": "MultiPolygon", "coordinates": [ [ [ [ -3197.58, -33202.370000000002619 ], [ -3190.179999999999836, -33202.04 ], [ -3191.1, -33186.980000000003201 ], [ -3186.369999999999891, -33186.669999999998254 ], [ -3185.550000000000182, -33201.839999999996508 ], [ -3171.070000000000164, -33201.19999999999709 ], [ -3171.119999999999891, -33212.739999999997963 ], [ -3196.65, -33215.07 ], [ -3197.58, -33202.370000000002619 ] ] ] ] } },
{ "type": "Feature", "properties": { "SAUID": 1247, "SAUPDATE": "2026-04-02 23:43:48", "SAFIELD000": "墨田区No.145遺跡", "SAFIELD001": "本所一丁目3番" }, "geometry": { "type": "MultiPolygon", "coordinates": [ [ [ [ -3437.340000000000146, -32974.980000000003201 ], [ -3436.71, -32973.120000000002619 ], [ -3423.659999999999854, -32938.769999999996799 ], [ -3413.96, -32913.260000000002037 ], [ -3411.320000000000164, -32906.309999999997672 ], [ -3397.56, -32876.370000000002619 ], [ -3384.949999999999818, -32880.309999999997672 ], [ -3351.090000000000146, -32884.93 ], [ -3351.340000000000146, -32885.580000000001746 ], [ -3359.33, -32981.04 ], [ -3361.860000000000127, -32983.14 ], [ -3437.340000000000146, -32974.980000000003201 ] ] ] ] } },
{ "type": "Feature", "properties": { "SAUID": 1248, "SAUPDATE": "2026-04-02 23:43:48", "SAFIELD000": "墨田区No.149遺跡", "SAFIELD001": "東駒形一丁目10番" }, "geometry": { "type": "MultiPolygon", "coordinates": [ [ [ [ -3075.7199999999998, -32666.490000000001601 ], [ -3071.0, -32645.64 ], [ -3055.67, -32645.64 ], [ -3055.67, -32643.740000000001601 ], [ -3048.630000000000109, -32643.380000000001019 ], [ -3048.389999999999873, -32652.34 ], [ -3041.369999999999891, -32652.330000000001746 ], [ -3041.239999999999782, -32659.09 ], [ -3053.77, -32659.099999999998545 ], [ -3053.77, -32666.490000000001601 ], [ -3075.7199999999998, -32666.490000000001601 ] ] ] ] } },
{ "type": "Feature", "properties": { "SAUID": 1249, "SAUPDATE": "2026-04-02 23:43:48", "SAFIELD000": "墨田区No.151遺跡", "SAFIELD001": "本所一丁目12番" }, "geometry": { "type": "MultiPolygon", "coordinates": [ [ [ [ -3096.639999999999873, -33001.55000000000291 ], [ -3084.110000000000127, -33001.11 ], [ -3083.449999999999818, -33011.629999999997381 ], [ -3096.29, -33012.150000000001455 ], [ -3096.639999999999873, -33001.55000000000291 ] ] ] ] } },
{ "type": "Feature", "properties": { "SAUID": 1250, "SAUPDATE": "2026-04-02 23:43:48", "SAFIELD000": "墨田区No.74遺跡", "SAFIELD001": "本所二丁目15番10号" }, "geometry": { "type": "MultiPolygon", "coordinates": [ [ [ [ -2985.5300000000002, -32832.0 ], [ -2975.08, -32831.910000000003492 ], [ -2974.73, -32840.14 ], [ -2985.360000000000127, -32840.18 ], [ -2985.5300000000002, -32832.0 ] ] ] ] } },
{ "type": "Feature", "properties": { "SAUID": 1251, "SAUPDATE": "2026-04-02 23:43:48", "SAFIELD000": "墨田区No.76遺跡", "SAFIELD001": "本所四丁目29番20号" }, "geometry": { "type": "MultiPolygon", "coordinates": [ [ [ [ -2351.67, -32809.260000000002037 ], [ -2349.679999999999836, -32806.059999999997672 ], [ -2347.570000000000164, -32802.120000000002619 ], [ -2326.429999999999836, -32800.86 ], [ -2324.989999999999782, -32822.57 ], [ -2350.75, -32824.349999999998545 ], [ -2351.67, -32809.260000000002037 ] ] ] ] } },
{ "type": "Feature", "properties": { "SAUID": 1252, "SAUPDATE": "2026-04-02 23:43:48", "SAFIELD000": "横川一丁目遺跡", "SAFIELD001": "横川一丁目15番" }, "geometry": { "type": "MultiPolygon", "coordinates": [ [ [ [ -2269.889999999999873, -32724.369999999998981 ], [ -2267.27, -32724.130000000001019 ], [ -2195.590000000000146, -32719.29 ], [ -2195.369999999999891, -32722.68999999999869 ], [ -2193.52, -32751.599999999998545 ], [ -2192.94, -32760.7 ], [ -2191.92, -32776.690000000002328 ], [ -2191.85, -32777.769999999996799 ], [ -2189.909999999999854, -32807.86 ], [ -2189.56, -32813.339999999996508 ], [ -2192.199999999999818, -32816.339999999996508 ], [ -2200.340000000000146, -32816.82 ], [ -2239.5, -32819.0 ], [ -2252.590000000000146, -32819.64 ], [ -2258.67, -32819.94999999999709 ], [ -2261.6, -32820.089999999996508 ], [ -2261.619999999999891, -32819.46 ], [ -2263.2199999999998, -32819.529999999998836 ], [ -2263.65, -32810.29 ], [ -2264.77, -32794.39 ], [ -2267.119999999999891, -32761.009999999998399 ], [ -2267.320000000000164, -32758.130000000001019 ], [ -2267.71, -32753.06000000000131 ], [ -2269.590000000000146, -32728.29 ], [ -2269.889999999999873, -32724.369999999998981 ] ] ] ] } },
{ "type": "Feature", "properties": { "SAUID": 1253, "SAUPDATE": "2026-04-02 23:43:48", "SAFIELD000": "墨田区No.10-1遺跡", "SAFIELD001": "太平一丁目22番5･12号" }, "geometry": { "type": "MultiPolygon", "coordinates": [ [ [ [ -2025.130000000000109, -33134.370000000002619 ], [ -2004.73, -33133.14 ], [ -2002.96, -33159.669999999998254 ], [ -2023.49, -33161.010000000002037 ], [ -2025.130000000000109, -33134.370000000002619 ] ] ] ] } },
{ "type": "Feature", "properties": { "SAUID": 1254, "SAUPDATE": "2026-04-02 23:43:48", "SAFIELD000": "墨田区No.42遺跡", "SAFIELD001": "太平一丁目30番5号" }, "geometry": { "type": "MultiPolygon", "coordinates": [ [ [ [ -2109.81, -33005.129999999997381 ], [ -2104.0300000000002, -33004.739999999997963 ], [ -2103.300000000000182, -33013.190000000002328 ], [ -2109.1, -33013.68 ], [ -2109.81, -33005.129999999997381 ] ] ] ] } },
{ "type": "Feature", "properties": { "SAUID": 1255, "SAUPDATE": "2026-04-02 23:43:48", "SAFIELD000": "墨田区No.66遺跡", "SAFIELD001": "横川一丁目3番" }, "geometry": { "type": "MultiPolygon", "coordinates": [ [ [ [ -2146.159999999999854, -32917.93 ], [ -2122.4, -32916.39 ], [ -2121.340000000000146, -32934.36 ], [ -2145.1, -32935.80000000000291 ], [ -2146.159999999999854, -32917.93 ] ] ] ] } },
{ "type": "Feature", "properties": { "SAUID": 1256, "SAUPDATE": "2026-04-02 23:43:48", "SAFIELD000": "墨田区No.31遺跡", "SAFIELD001": "横川一丁目14番4号" }, "geometry": { "type": "MultiPolygon", "coordinates": [ [ [ [ -2159.27, -32836.370000000002619 ], [ -2148.31, -32835.71 ], [ -2147.380000000000109, -32848.129999999997381 ], [ -2146.659999999999854, -32848.07 ], [ -2146.590000000000146, -32848.059999999997672 ], [ -2146.360000000000127, -32851.480000000003201 ], [ -2145.56, -32863.529999999998836 ], [ -2157.570000000000164, -32864.279999999998836 ], [ -2159.27, -32836.370000000002619 ] ] ] ] } },
{ "type": "Feature", "properties": { "SAUID": 1257, "SAUPDATE": "2026-04-02 23:43:48", "SAFIELD000": "墨田区No.53-1遺跡", "SAFIELD001": "亀沢四丁目20番" }, "geometry": { "type": "MultiPolygon", "coordinates": [ [ [ [ -2358.73, -33426.599999999998545 ], [ -2334.19, -33425.400000000001455 ], [ -2332.929999999999836, -33444.79 ], [ -2342.17, -33445.269999999996799 ], [ -2341.27, -33459.379999999997381 ], [ -2356.820000000000164, -33460.489999999997963 ], [ -2358.73, -33426.599999999998545 ] ] ] ] } },
{ "type": "Feature", "properties": { "SAUID": 1258, "SAUPDATE": "2026-04-02 23:43:48", "SAFIELD000": "墨田区No.60遺跡", "SAFIELD001": "亀沢四丁目17番6号" }, "geometry": { "type": "MultiPolygon", "coordinates": [ [ [ [ -2320.4699999999998, -33463.71 ], [ -2314.94, -33463.379999999997381 ], [ -2314.52, -33469.010000000002037 ], [ -2308.909999999999854, -33468.629999999997381 ], [ -2308.65, -33471.620000000002619 ], [ -2319.909999999999854, -33472.30000000000291 ], [ -2320.4699999999998, -33463.71 ] ] ] ] } },
{ "type": "Feature", "properties": { "SAUID": 1259, "SAUPDATE": "2026-04-02 23:43:48", "SAFIELD000": "墨田区No.36遺跡", "SAFIELD001": "太平一丁目16番9号" }, "geometry": { "type": "MultiPolygon", "coordinates": [ [ [ [ -2180.27, -33225.019999999996799 ], [ -2164.33, -33223.80000000000291 ], [ -2163.4699999999998, -33235.019999999996799 ], [ -2168.06, -33235.30000000000291 ], [ -2179.23, -33236.0 ], [ -2180.27, -33225.019999999996799 ] ] ] ] } },
{ "type": "Feature", "properties": { "SAUID": 1260, "SAUPDATE": "2026-04-02 23:43:48", "SAFIELD000": "墨田区No.23遺跡", "SAFIELD001": "太平一丁目15番13号" }, "geometry": { "type": "MultiPolygon", "coordinates": [ [ [ [ -2187.1, -33296.04 ], [ -2186.570000000000164, -33296.0 ], [ -2168.06, -33294.599999999998545 ], [ -2165.159999999999854, -33294.39 ], [ -2164.550000000000182, -33301.730000000003201 ], [ -2159.320000000000164, -33301.279999999998836 ], [ -2158.67, -33311.379999999997381 ], [ -2168.06, -33312.0 ], [ -2185.81, -33313.169999999998254 ], [ -2187.1, -33296.04 ] ] ] ] } },
{ "type": "Feature", "properties": { "SAUID": 1261, "SAUPDATE": "2026-04-02 23:43:48", "SAFIELD000": "墨田区No.23遺跡", "SAFIELD001": "太平一丁目2番7号" }, "geometry": { "type": "MultiPolygon", "coordinates": [ [ [ [ -2178.75, -33317.559999999997672 ], [ -2176.5300000000002, -33315.529999999998836 ], [ -2168.06, -33314.980000000003201 ], [ -2158.48, -33314.370000000002619 ], [ -2157.4, -33330.059999999997672 ], [ -2169.110000000000127, -33330.739999999997963 ], [ -2169.179999999999836, -33329.669999999998254 ], [ -2169.300000000000182, -33328.029999999998836 ], [ -2178.2199999999998, -33328.43 ], [ -2178.75, -33317.559999999997672 ] ] ] ] } },
{ "type": "Feature", "properties": { "SAUID": 1262, "SAUPDATE": "2026-04-02 23:43:48", "SAFIELD000": "墨田区No.38遺跡", "SAFIELD001": "太平一丁目14番8号" }, "geometry": { "type": "MultiPolygon", "coordinates": [ [ [ [ -2151.550000000000182, -33194.309999999997672 ], [ -2149.050000000000182, -33191.419999999998254 ], [ -2135.380000000000109, -33190.510000000002037 ], [ -2130.550000000000182, -33190.190000000002328 ], [ -2130.4, -33190.18 ], [ -2129.98, -33190.150000000001455 ], [ -2129.23, -33200.04 ], [ -2102.4, -33198.599999999998545 ], [ -2102.2800000000002, -33200.25 ], [ -2101.239999999999782, -33215.220000000001164 ], [ -2150.0300000000002, -33218.339999999996508 ], [ -2150.760000000000218, -33206.650000000001455 ], [ -2151.21, -33199.580000000001746 ], [ -2151.550000000000182, -33194.309999999997672 ] ] ] ] } },
{ "type": "Feature", "properties": { "SAUID": 1263, "SAUPDATE": "2026-04-02 23:43:48", "SAFIELD000": "本佛寺跡", "SAFIELD001": "太平一丁目3番3・6号" }, "geometry": { "type": "MultiPolygon", "coordinates": [ [ [ [ -2145.4, -33287.19999999999709 ], [ -2107.949999999999818, -33285.32 ], [ -2105.409999999999854, -33317.54 ], [ -2093.1, -33316.80000000000291 ], [ -2092.29, -33328.309999999997672 ], [ -2117.44, -33329.75 ], [ -2117.340000000000146, -33331.580000000001746 ], [ -2141.800000000000182, -33333.07 ], [ -2142.33, -33333.099999999998545 ], [ -2145.4, -33287.19999999999709 ] ] ] ] } },
{ "type": "Feature", "properties": { "SAUID": 1264, "SAUPDATE": "2026-04-02 23:43:48", "SAFIELD000": "本佛寺跡", "SAFIELD001": "太平一丁目3番8号" }, "geometry": { "type": "MultiPolygon", "coordinates": [ [ [ [ -2107.949999999999818, -33285.32 ], [ -2107.949999999999818, -33285.309999999997672 ], [ -2095.340000000000146, -33284.68 ], [ -2093.1, -33316.80000000000291 ], [ -2105.409999999999854, -33317.54 ], [ -2107.949999999999818, -33285.32 ] ] ] ] } },
{ "type": "Feature", "properties": { "SAUID": 1265, "SAUPDATE": "2026-04-02 23:43:48", "SAFIELD000": "墨田区No.122遺跡", "SAFIELD001": "本所二丁目17番" }, "geometry": { "type": "MultiPolygon", "coordinates": [ [ [ [ -2973.429999999999836, -32727.900000000001455 ], [ -2962.010000000000218, -32727.279999999998836 ], [ -2961.070000000000164, -32748.09 ], [ -2972.550000000000182, -32748.46 ], [ -2973.429999999999836, -32727.900000000001455 ] ] ] ] } },
{ "type": "Feature", "properties": { "SAUID": 1266, "SAUPDATE": "2026-04-02 23:43:48", "SAFIELD000": "墨田区No.120遺跡", "SAFIELD001": "本所四丁目25番12号" }, "geometry": { "type": "MultiPolygon", "coordinates": [ [ [ [ -2445.94, -32746.830000000001746 ], [ -2436.9699999999998, -32746.240000000001601 ], [ -2436.2800000000002, -32756.06000000000131 ], [ -2445.25, -32756.68999999999869 ], [ -2445.94, -32746.830000000001746 ] ] ] ] } },
{ "type": "Feature", "properties": { "SAUID": 1267, "SAUPDATE": "2026-04-02 23:43:48", "SAFIELD000": "墨田区No.109遺跡", "SAFIELD001": "本所四丁目28番" }, "geometry": { "type": "MultiPolygon", "coordinates": [ [ [ [ -2399.56, -32718.009999999998399 ], [ -2381.56, -32716.7 ], [ -2379.090000000000146, -32753.099999999998545 ], [ -2389.739999999999782, -32753.61 ], [ -2390.300000000000182, -32744.39 ], [ -2398.070000000000164, -32744.880000000001019 ], [ -2399.56, -32718.009999999998399 ] ] ] ] } },
{ "type": "Feature", "properties": { "SAUID": 1268, "SAUPDATE": "2026-04-02 23:43:48", "SAFIELD000": "墨田区No.106-2遺跡", "SAFIELD001": "亀沢四丁目15番11号" }, "geometry": { "type": "MultiPolygon", "coordinates": [ [ [ [ -2405.33, -33485.21 ], [ -2383.35, -33484.129999999997381 ], [ -2382.9, -33490.94999999999709 ], [ -2404.880000000000109, -33492.04 ], [ -2405.33, -33485.21 ] ] ] ] } },
{ "type": "Feature", "properties": { "SAUID": 1269, "SAUPDATE": "2026-04-02 23:43:48", "SAFIELD000": "墨田区No.126遺跡", "SAFIELD001": "本所二丁目13番3号他" }, "geometry": { "type": "MultiPolygon", "coordinates": [ [ [ [ -2923.989999999999782, -32817.400000000001455 ], [ -2903.050000000000182, -32816.580000000001746 ], [ -2900.46, -32816.470000000001164 ], [ -2889.409999999999854, -32816.04 ], [ -2888.800000000000182, -32830.68 ], [ -2923.380000000000109, -32832.440000000002328 ], [ -2923.989999999999782, -32817.400000000001455 ] ] ] ] } },
{ "type": "Feature", "properties": { "SAUID": 1270, "SAUPDATE": "2026-04-02 23:43:48", "SAFIELD000": "墨田区No.10-4遺跡", "SAFIELD001": "太平一丁目25番7号" }, "geometry": { "type": "MultiPolygon", "coordinates": [ [ [ [ -2120.260000000000218, -33077.61 ], [ -2110.840000000000146, -33076.989999999997963 ], [ -2109.21, -33102.190000000002328 ], [ -2110.1, -33102.239999999997963 ], [ -2118.54, -33102.690000000002328 ], [ -2118.619999999999891, -33102.69999999999709 ], [ -2120.260000000000218, -33077.61 ] ] ] ] } },
{ "type": "Feature", "properties": { "SAUID": 1271, "SAUPDATE": "2026-04-02 23:43:48", "SAFIELD000": "墨田区No.53-2遺跡", "SAFIELD001": "亀沢四丁目20番7号他" }, "geometry": { "type": "MultiPolygon", "coordinates": [ [ [ [ -2361.44, -33378.760000000002037 ], [ -2340.85, -33377.43 ], [ -2337.33, -33377.21 ], [ -2337.15, -33380.010000000002037 ], [ -2336.110000000000127, -33395.900000000001455 ], [ -2360.380000000000109, -33397.529999999998836 ], [ -2361.44, -33378.760000000002037 ] ] ] ] } },
{ "type": "Feature", "properties": { "SAUID": 1272, "SAUPDATE": "2026-04-02 23:43:48", "SAFIELD000": "墨田区No.53-3遺跡", "SAFIELD001": "亀沢四丁目16番5号他" }, "geometry": { "type": "MultiPolygon", "coordinates": [ [ [ [ -2377.7199999999998, -33478.19999999999709 ], [ -2354.260000000000218, -33476.61 ], [ -2354.340000000000146, -33475.120000000002619 ], [ -2331.050000000000182, -33473.660000000003492 ], [ -2329.75, -33493.54 ], [ -2376.54, -33496.260000000002037 ], [ -2377.7199999999998, -33478.19999999999709 ] ] ] ] } },
{ "type": "Feature", "properties": { "SAUID": 1273, "SAUPDATE": "2026-04-02 23:43:48", "SAFIELD000": "墨田区No.77-2遺跡", "SAFIELD001": "太平一丁目12番3・4号他" }, "geometry": { "type": "MultiPolygon", "coordinates": [ [ [ [ -2097.199999999999818, -33187.970000000001164 ], [ -2070.31, -33186.089999999996508 ], [ -2069.639999999999873, -33195.309999999997672 ], [ -2069.699999999999818, -33195.760000000002037 ], [ -2070.23, -33199.96 ], [ -2068.9699999999998, -33220.900000000001455 ], [ -2094.75, -33222.54 ], [ -2097.199999999999818, -33187.970000000001164 ] ] ] ] } },
{ "type": "Feature", "properties": { "SAUID": 1274, "SAUPDATE": "2026-04-02 23:43:48", "SAFIELD000": "墨田区No.136遺跡", "SAFIELD001": "太平一丁目17番12号" }, "geometry": { "type": "MultiPolygon", "coordinates": [ [ [ [ -2240.510000000000218, -33143.599999999998545 ], [ -2216.69, -33142.059999999997672 ], [ -2215.31, -33162.900000000001455 ], [ -2238.2800000000002, -33164.059999999997672 ], [ -2239.29, -33163.910000000003492 ], [ -2240.510000000000218, -33143.599999999998545 ] ] ] ] } },
{ "type": "Feature", "properties": { "SAUID": 1275, "SAUPDATE": "2026-04-02 23:43:48", "SAFIELD000": "墨田区No.138遺跡", "SAFIELD001": "東駒形二丁目2番4号他" }, "geometry": { "type": "MultiPolygon", "coordinates": [ [ [ [ -2977.15, -32666.400000000001455 ], [ -2961.9699999999998, -32665.75 ], [ -2961.989999999999782, -32665.39 ], [ -2952.880000000000109, -32664.990000000001601 ], [ -2953.010000000000218, -32662.55 ], [ -2941.679999999999836, -32662.029999999998836 ], [ -2940.570000000000164, -32688.580000000001746 ], [ -2952.260000000000218, -32689.169999999998254 ], [ -2952.360000000000127, -32687.34 ], [ -2976.760000000000218, -32687.98 ], [ -2977.15, -32666.400000000001455 ] ] ] ] } },
{ "type": "Feature", "properties": { "SAUID": 1276, "SAUPDATE": "2026-04-02 23:43:48", "SAFIELD000": "墨田区No.142遺跡", "SAFIELD001": "本所二丁目19番3号他" }, "geometry": { "type": "MultiPolygon", "coordinates": [ [ [ [ -2887.02, -32723.79 ], [ -2859.369999999999891, -32722.31000000000131 ], [ -2857.69, -32771.730000000003201 ], [ -2866.360000000000127, -32771.900000000001455 ], [ -2871.56, -32772.0 ], [ -2871.619999999999891, -32769.510000000002037 ], [ -2885.1, -32769.93 ], [ -2887.02, -32723.79 ] ] ] ] } },
{ "type": "Feature", "properties": { "SAUID": 1277, "SAUPDATE": "2026-04-02 23:43:48", "SAFIELD000": "墨田区No.146遺跡", "SAFIELD001": "東駒形四丁目20番" }, "geometry": { "type": "MultiPolygon", "coordinates": [ [ [ [ -2599.29, -32520.81000000000131 ], [ -2580.58, -32519.43999999999869 ], [ -2577.739999999999782, -32553.04 ], [ -2580.46, -32553.11 ], [ -2594.300000000000182, -32553.05 ], [ -2597.179999999999836, -32550.57 ], [ -2599.29, -32520.81000000000131 ] ] ] ] } },
{ "type": "Feature", "properties": { "SAUID": 1278, "SAUPDATE": "2026-04-02 23:43:48", "SAFIELD000": "墨田区No.152遺跡", "SAFIELD001": "亀沢二丁目20番" }, "geometry": { "type": "MultiPolygon", "coordinates": [ [ [ [ -2918.800000000000182, -33416.650000000001455 ], [ -2906.989999999999782, -33415.849999999998545 ], [ -2904.1, -33418.379999999997381 ], [ -2903.610000000000127, -33425.580000000001746 ], [ -2918.139999999999873, -33426.46 ], [ -2918.800000000000182, -33416.650000000001455 ] ] ] ] } },
{ "type": "Feature", "properties": { "SAUID": 1279, "SAUPDATE": "2026-04-02 23:43:48", "SAFIELD000": "墨田区No.154遺跡", "SAFIELD001": "本所四丁目10番" }, "geometry": { "type": "MultiPolygon", "coordinates": [ [ [ [ -2417.429999999999836, -32850.660000000003492 ], [ -2402.929999999999836, -32849.69999999999709 ], [ -2401.300000000000182, -32874.54 ], [ -2415.69, -32875.489999999997963 ], [ -2417.429999999999836, -32850.660000000003492 ] ] ] ] } },
{ "type": "Feature", "properties": { "SAUID": 1280, "SAUPDATE": "2026-04-02 23:43:48", "SAFIELD000": "墨田区No.51遺跡", "SAFIELD001": "横川五丁目7番" }, "geometry": { "type": "MultiPolygon", "coordinates": [ [ [ [ -1398.54, -32684.34 ], [ -1396.54, -32682.21 ], [ -1350.9, -32679.36 ], [ -1333.5, -32678.27 ], [ -1333.07, -32678.240000000001601 ], [ -1332.83, -32678.2 ], [ -1332.34, -32686.18 ], [ -1332.17, -32688.98 ], [ -1329.59, -32731.279999999998836 ], [ -1328.71, -32745.61 ], [ -1328.61, -32747.31000000000131 ], [ -1328.3, -32752.39 ], [ -1328.25, -32753.39 ], [ -1328.26, -32753.39 ], [ -1341.82, -32754.05 ], [ -1345.06, -32761.86 ], [ -1393.54, -32765.11 ], [ -1394.130000000000109, -32755.52 ], [ -1395.369999999999891, -32735.509999999998399 ], [ -1398.54, -32684.34 ] ] ] ] } },
{ "type": "Feature", "properties": { "SAUID": 1281, "SAUPDATE": "2026-04-02 23:43:48", "SAFIELD000": "墨田区No.41遺跡", "SAFIELD001": "業平五丁目3番16号" }, "geometry": { "type": "MultiPolygon", "coordinates": [ [ [ [ -1545.66, -32517.119999999998981 ], [ -1537.46, -32514.599999999998545 ], [ -1536.27, -32529.16 ], [ -1545.07, -32529.68999999999869 ], [ -1545.66, -32517.119999999998981 ] ] ] ] } },
{ "type": "Feature", "properties": { "SAUID": 1282, "SAUPDATE": "2026-04-02 23:43:48", "SAFIELD000": "大雲寺跡", "SAFIELD001": "業平三丁目2番5号" }, "geometry": { "type": "MultiPolygon", "coordinates": [ [ [ [ -1848.21, -32568.79 ], [ -1828.94, -32567.73 ], [ -1829.18, -32558.619999999998981 ], [ -1823.29, -32558.23 ], [ -1822.4, -32574.150000000001455 ], [ -1821.5, -32590.18 ], [ -1847.06, -32592.650000000001455 ], [ -1848.21, -32568.79 ] ] ] ] } },
{ "type": "Feature", "properties": { "SAUID": 1283, "SAUPDATE": "2026-04-02 23:43:48", "SAFIELD000": "墨田区No.10-3遺跡", "SAFIELD001": "太平一丁目22番10号" }, "geometry": { "type": "MultiPolygon", "coordinates": [ [ [ [ -1990.24, -33142.25 ], [ -1979.1, -33141.529999999998836 ], [ -1978.09, -33158.059999999997672 ], [ -1983.619999999999891, -33158.419999999998254 ], [ -1988.93, -33158.779999999998836 ], [ -1990.24, -33142.25 ] ] ] ] } },
{ "type": "Feature", "properties": { "SAUID": 1284, "SAUPDATE": "2026-04-02 23:43:48", "SAFIELD000": "墨田区No.10-2遺跡", "SAFIELD001": "太平一丁目22番10号" }, "geometry": { "type": "MultiPolygon", "coordinates": [ [ [ [ -1979.1, -33141.529999999998836 ], [ -1970.69, -33140.989999999997963 ], [ -1970.45, -33144.370000000002619 ], [ -1970.44, -33144.510000000002037 ], [ -1970.44, -33144.519999999996799 ], [ -1970.44, -33144.529999999998836 ], [ -1969.72, -33154.669999999998254 ], [ -1972.36, -33157.68 ], [ -1977.59, -33158.019999999996799 ], [ -1978.09, -33158.059999999997672 ], [ -1979.1, -33141.529999999998836 ] ] ] ] } },
{ "type": "Feature", "properties": { "SAUID": 1285, "SAUPDATE": "2026-04-02 23:43:48", "SAFIELD000": "墨田区No.34遺跡", "SAFIELD001": "太平一丁目28番先" }, "geometry": { "type": "MultiPolygon", "coordinates": [ [ [ [ -1980.56, -33001.419999999998254 ], [ -1969.869999999999891, -33000.839999999996508 ], [ -1969.7, -33003.510000000002037 ], [ -1967.95, -33023.239999999997963 ], [ -1978.9, -33023.94999999999709 ], [ -1980.369999999999891, -33004.19999999999709 ], [ -1980.56, -33001.419999999998254 ] ] ] ] } },
{ "type": "Feature", "properties": { "SAUID": 1286, "SAUPDATE": "2026-04-02 23:43:48", "SAFIELD000": "太平四丁目遺跡", "SAFIELD001": "太平四丁目1番1～5号" }, "geometry": { "type": "MultiPolygon", "coordinates": [ [ [ [ -1675.630000000000109, -33161.64 ], [ -1661.68, -33160.69999999999709 ], [ -1585.34, -33155.55000000000291 ], [ -1565.3900000000001, -33154.279999999998836 ], [ -1546.01, -33153.099999999998545 ], [ -1528.53, -33152.010000000002037 ], [ -1527.54, -33151.940000000002328 ], [ -1525.3900000000001, -33182.160000000003492 ], [ -1520.01, -33181.75 ], [ -1418.07, -33175.150000000001455 ], [ -1415.09, -33174.94999999999709 ], [ -1409.48, -33259.080000000001746 ], [ -1412.77, -33262.839999999996508 ], [ -1418.07, -33263.190000000002328 ], [ -1664.49, -33279.470000000001164 ], [ -1667.18, -33277.120000000002619 ], [ -1667.86, -33267.470000000001164 ], [ -1668.47, -33261.400000000001455 ], [ -1668.98, -33258.30000000000291 ], [ -1673.05, -33200.18 ], [ -1673.69, -33191.010000000002037 ], [ -1675.1400000000001, -33170.309999999997672 ], [ -1675.630000000000109, -33161.64 ] ] ] ] } },
{ "type": "Feature", "properties": { "SAUID": 1287, "SAUPDATE": "2026-04-02 23:43:48", "SAFIELD000": "墨田区No.25遺跡", "SAFIELD001": "錦糸四丁目15番1号" }, "geometry": { "type": "MultiPolygon", "coordinates": [ [ [ [ -1539.35, -33285.220000000001164 ], [ -1527.69, -33284.440000000002328 ], [ -1506.46, -33283.029999999998836 ], [ -1465.22, -33280.279999999998836 ], [ -1454.86, -33279.599999999998545 ], [ -1418.07, -33277.160000000003492 ], [ -1412.6, -33276.79 ], [ -1406.11, -33285.80000000000291 ], [ -1401.99, -33352.0 ], [ -1401.8900000000001, -33353.489999999997963 ], [ -1400.99, -33367.919999999998254 ], [ -1400.22, -33380.269999999996799 ], [ -1399.58, -33390.529999999998836 ], [ -1532.08, -33397.309999999997672 ], [ -1532.31, -33393.86 ], [ -1539.17, -33287.980000000003201 ], [ -1539.35, -33285.220000000001164 ] ] ] ] } },
{ "type": "Feature", "properties": { "SAUID": 1288, "SAUPDATE": "2026-04-02 23:43:48", "SAFIELD000": "肥前平戸新田藩下屋敷跡", "SAFIELD001": "錦糸四丁目16番7号" }, "geometry": { "type": "MultiPolygon", "coordinates": [ [ [ [ -1384.94, -33448.64 ], [ -1323.54, -33444.169999999998254 ], [ -1321.36, -33485.589999999996508 ], [ -1321.3, -33486.80000000000291 ], [ -1378.1, -33490.589999999996508 ], [ -1380.07, -33490.089999999996508 ], [ -1381.54, -33489.239999999997963 ], [ -1382.53, -33487.309999999997672 ], [ -1384.94, -33448.64 ] ] ] ] } },
{ "type": "Feature", "properties": { "SAUID": 1289, "SAUPDATE": "2026-04-02 23:43:48", "SAFIELD000": "墨田区No.94遺跡", "SAFIELD001": "太平二丁目8番10号" }, "geometry": { "type": "MultiPolygon", "coordinates": [ [ [ [ -1924.91, -33191.629999999997381 ], [ -1916.869999999999891, -33191.059999999997672 ], [ -1916.15, -33200.599999999998545 ], [ -1914.67, -33200.489999999997963 ], [ -1914.56, -33202.089999999996508 ], [ -1913.81, -33212.39 ], [ -1923.05, -33213.0 ], [ -1924.91, -33191.629999999997381 ] ] ] ] } },
{ "type": "Feature", "properties": { "SAUID": 1290, "SAUPDATE": "2026-04-02 23:43:48", "SAFIELD000": "墨田区No.85遺跡", "SAFIELD001": "太平二丁目3番" }, "geometry": { "type": "MultiPolygon", "coordinates": [ [ [ [ -1879.51, -33292.089999999996508 ], [ -1863.67, -33290.919999999998254 ], [ -1863.1, -33300.510000000002037 ], [ -1878.8, -33301.349999999998545 ], [ -1879.51, -33292.089999999996508 ] ] ] ] } },
{ "type": "Feature", "properties": { "SAUID": 1291, "SAUPDATE": "2026-04-02 23:43:48", "SAFIELD000": "墨田区No.86遺跡", "SAFIELD001": "錦糸四丁目17番3号" }, "geometry": { "type": "MultiPolygon", "coordinates": [ [ [ [ -1349.04, -33337.5 ], [ -1298.6, -33333.93 ], [ -1296.17, -33379.11 ], [ -1346.31, -33382.349999999998545 ], [ -1349.04, -33337.5 ] ] ] ] } },
{ "type": "Feature", "properties": { "SAUID": 1292, "SAUPDATE": "2026-04-02 23:43:48", "SAFIELD000": "墨田区No.90遺跡", "SAFIELD001": "太平四丁目6番15号" }, "geometry": { "type": "MultiPolygon", "coordinates": [ [ [ [ -1465.48, -33113.669999999998254 ], [ -1457.31, -33113.21 ], [ -1456.619999999999891, -33123.43 ], [ -1464.78, -33123.989999999997963 ], [ -1465.48, -33113.669999999998254 ] ] ] ] } },
{ "type": "Feature", "properties": { "SAUID": 1293, "SAUPDATE": "2026-04-02 23:43:48", "SAFIELD000": "墨田区No.114遺跡", "SAFIELD001": "太平三丁目5番" }, "geometry": { "type": "MultiPolygon", "coordinates": [ [ [ [ -1772.94, -33274.80000000000291 ], [ -1767.61, -33274.46 ], [ -1766.56, -33289.5 ], [ -1771.77, -33289.870000000002619 ], [ -1772.94, -33274.80000000000291 ] ] ] ] } },
{ "type": "Feature", "properties": { "SAUID": 1294, "SAUPDATE": "2026-04-02 23:43:48", "SAFIELD000": "墨田区No.119遺跡", "SAFIELD001": "太平三丁目1番6号" }, "geometry": { "type": "MultiPolygon", "coordinates": [ [ [ [ -1796.619999999999891, -33317.61 ], [ -1791.7, -33317.160000000003492 ], [ -1790.880000000000109, -33328.36 ], [ -1795.81, -33328.739999999997963 ], [ -1796.619999999999891, -33317.61 ] ] ] ] } },
{ "type": "Feature", "properties": { "SAUID": 1295, "SAUPDATE": "2026-04-02 23:43:48", "SAFIELD000": "墨田区No.103遺跡", "SAFIELD001": "太平二丁目6番2号" }, "geometry": { "type": "MultiPolygon", "coordinates": [ [ [ [ -1916.27, -33220.580000000001746 ], [ -1907.04, -33219.980000000003201 ], [ -1906.29, -33231.589999999996508 ], [ -1915.44, -33232.30000000000291 ], [ -1916.27, -33220.580000000001746 ] ] ] ] } },
{ "type": "Feature", "properties": { "SAUID": 1296, "SAUPDATE": "2026-04-02 23:43:48", "SAFIELD000": "墨田区No.105遺跡", "SAFIELD001": "横川五丁目6番" }, "geometry": { "type": "MultiPolygon", "coordinates": [ [ [ [ -1396.42, -32779.169999999998254 ], [ -1327.04, -32774.879999999997381 ], [ -1321.77, -32861.150000000001455 ], [ -1377.52, -32864.75 ], [ -1391.75, -32854.970000000001164 ], [ -1396.42, -32779.169999999998254 ] ] ] ] } },
{ "type": "Feature", "properties": { "SAUID": 1297, "SAUPDATE": "2026-04-02 23:43:48", "SAFIELD000": "墨田区No.110遺跡", "SAFIELD001": "業平四丁目4番4号" }, "geometry": { "type": "MultiPolygon", "coordinates": [ [ [ [ -1604.85, -32603.869999999998981 ], [ -1596.46, -32603.240000000001601 ], [ -1597.04, -32595.169999999998254 ], [ -1588.56, -32594.580000000001746 ], [ -1586.86, -32619.16 ], [ -1603.7, -32620.27 ], [ -1604.85, -32603.869999999998981 ] ] ] ] } },
{ "type": "Feature", "properties": { "SAUID": 1298, "SAUPDATE": "2026-04-02 23:43:48", "SAFIELD000": "墨田区No.143遺跡", "SAFIELD001": "太平四丁目4番" }, "geometry": { "type": "MultiPolygon", "coordinates": [ [ [ [ -1364.01, -33139.529999999998836 ], [ -1324.46, -33136.809999999997672 ], [ -1310.47, -33139.04 ], [ -1309.57, -33138.910000000003492 ], [ -1308.09, -33169.980000000003201 ], [ -1307.92, -33170.470000000001164 ], [ -1307.17, -33188.809999999997672 ], [ -1355.06, -33190.809999999997672 ], [ -1355.18, -33190.82 ], [ -1355.26, -33190.82 ], [ -1355.8900000000001, -33183.29 ], [ -1355.86, -33179.580000000001746 ], [ -1356.67, -33161.059999999997672 ], [ -1357.49, -33161.11 ], [ -1358.3900000000001, -33159.510000000002037 ], [ -1363.34, -33150.71 ], [ -1364.01, -33139.529999999998836 ] ] ] ] } },
{ "type": "Feature", "properties": { "SAUID": 1299, "SAUPDATE": "2026-04-02 23:43:48", "SAFIELD000": "墨田区No.153遺跡", "SAFIELD001": "太平三丁目11番" }, "geometry": { "type": "MultiPolygon", "coordinates": [ [ [ [ -1787.05, -33122.96 ], [ -1767.54, -33121.69999999999709 ], [ -1766.66, -33133.370000000002619 ], [ -1765.93, -33143.989999999997963 ], [ -1778.91, -33144.830000000001746 ], [ -1785.82, -33145.30000000000291 ], [ -1787.05, -33122.96 ] ] ] ] } },
{ "type": "Feature", "properties": { "SAUID": 1300, "SAUPDATE": "2026-04-02 23:43:48", "SAFIELD000": "墨田区No.48遺跡", "SAFIELD001": "立花一丁目1番12号" }, "geometry": { "type": "MultiPolygon", "coordinates": [ [ [ [ -591.83, -32654.740000000001601 ], [ -586.2, -32639.759999999998399 ], [ -574.91, -32643.68 ], [ -580.17, -32659.04 ], [ -591.83, -32654.740000000001601 ] ] ] ] } },
{ "type": "Feature", "properties": { "SAUID": 1301, "SAUPDATE": "2026-04-02 23:43:48", "SAFIELD000": "墨田区No.40遺跡", "SAFIELD001": "立花一丁目2番12号" }, "geometry": { "type": "MultiPolygon", "coordinates": [ [ [ [ -547.32, -32663.93 ], [ -545.36, -32658.11 ], [ -538.45, -32660.82 ], [ -539.9, -32665.06000000000131 ], [ -540.36, -32666.400000000001455 ], [ -547.32, -32663.93 ] ] ] ] } },
{ "type": "Feature", "properties": { "SAUID": 1302, "SAUPDATE": "2026-04-02 23:43:48", "SAFIELD000": "墨田区No.2遺跡", "SAFIELD001": "立花一丁目1番15号" }, "geometry": { "type": "MultiPolygon", "coordinates": [ [ [ [ -620.5, -32671.46 ], [ -619.46, -32669.84 ], [ -612.19, -32662.29 ], [ -606.23, -32657.400000000001455 ], [ -602.13, -32655.81000000000131 ], [ -590.75, -32656.0 ], [ -580.57, -32660.21 ], [ -582.97, -32665.8 ], [ -584.56, -32669.509999999998399 ], [ -592.38, -32682.48 ], [ -597.29, -32679.470000000001164 ], [ -598.78, -32681.84 ], [ -600.73, -32685.02 ], [ -602.67, -32688.55 ], [ -602.74, -32688.68 ], [ -607.19, -32696.84 ], [ -615.74, -32712.5 ], [ -618.59, -32711.119999999998981 ], [ -606.96, -32689.82 ], [ -606.28, -32688.57 ], [ -607.11, -32687.720000000001164 ], [ -613.16, -32681.61 ], [ -611.09, -32678.279999999998836 ], [ -620.5, -32671.46 ] ] ] ] } },
{ "type": "Feature", "properties": { "SAUID": 1303, "SAUPDATE": "2026-04-02 23:43:48", "SAFIELD000": "墨田区No.69遺跡", "SAFIELD001": "吾妻橋一丁目15番12号" }, "geometry": { "type": "MultiPolygon", "coordinates": [ [ [ [ -3069.54, -32285.509999999998399 ], [ -3065.179999999999836, -32279.029999999998836 ], [ -3061.9699999999998, -32281.18 ], [ -3056.79, -32273.31000000000131 ], [ -3051.429999999999836, -32276.96 ], [ -3061.0300000000002, -32291.02 ], [ -3069.54, -32285.509999999998399 ] ] ] ] } },
{ "type": "Feature", "properties": { "SAUID": 1304, "SAUPDATE": "2026-04-02 23:43:48", "SAFIELD000": "墨田区No.108遺跡", "SAFIELD001": "東駒形二丁目21番8号" }, "geometry": { "type": "MultiPolygon", "coordinates": [ [ [ [ -3023.7199999999998, -32462.380000000001019 ], [ -3013.610000000000127, -32459.43999999999869 ], [ -3011.909999999999854, -32465.77 ], [ -3022.04, -32468.7 ], [ -3023.7199999999998, -32462.380000000001019 ] ] ] ] } },
{ "type": "Feature", "properties": { "SAUID": 1305, "SAUPDATE": "2026-04-02 23:43:48", "SAFIELD000": "墨田区No.69-2遺跡", "SAFIELD001": "吾妻橋一丁目15番" }, "geometry": { "type": "MultiPolygon", "coordinates": [ [ [ [ -3044.320000000000164, -32281.61 ], [ -3039.590000000000146, -32274.16 ], [ -3034.860000000000127, -32277.169999999998254 ], [ -3030.739999999999782, -32292.580000000001746 ], [ -3040.71, -32295.11 ], [ -3044.320000000000164, -32281.61 ] ] ] ] } },
{ "type": "Feature", "properties": { "SAUID": 1306, "SAUPDATE": "2026-04-02 23:43:48", "SAFIELD000": "墨田区No.9遺跡", "SAFIELD001": "向島一丁目15番12号" }, "geometry": { "type": "MultiPolygon", "coordinates": [ [ [ [ -2566.94, -32087.25 ], [ -2562.5300000000002, -32075.759999999998399 ], [ -2551.06, -32080.05 ], [ -2555.29, -32091.259999999998399 ], [ -2566.94, -32087.25 ] ] ] ] } },
{ "type": "Feature", "properties": { "SAUID": 1307, "SAUPDATE": "2026-04-02 23:43:48", "SAFIELD000": "墨田区No.47遺跡", "SAFIELD001": "向島一丁目22番16号" }, "geometry": { "type": "MultiPolygon", "coordinates": [ [ [ [ -2475.199999999999818, -32118.869999999998981 ], [ -2475.050000000000182, -32118.46 ], [ -2471.33, -32107.779999999998836 ], [ -2458.21, -32112.56000000000131 ], [ -2462.300000000000182, -32123.32 ], [ -2475.199999999999818, -32118.869999999998981 ] ] ] ] } },
{ "type": "Feature", "properties": { "SAUID": 1308, "SAUPDATE": "2026-04-02 23:43:48", "SAFIELD000": "墨田区No.64遺跡", "SAFIELD001": "東駒形三丁目21番2号" }, "geometry": { "type": "MultiPolygon", "coordinates": [ [ [ [ -2715.31, -32453.71 ], [ -2696.4, -32453.14 ], [ -2695.98, -32461.990000000001601 ], [ -2714.739999999999782, -32462.82 ], [ -2714.83, -32461.490000000001601 ], [ -2715.31, -32453.71 ] ] ] ] } },
{ "type": "Feature", "properties": { "SAUID": 1309, "SAUPDATE": "2026-04-02 23:43:48", "SAFIELD000": "墨田区No.64遺跡", "SAFIELD001": "東駒形三丁目21番1号" }, "geometry": { "type": "MultiPolygon", "coordinates": [ [ [ [ -2713.9699999999998, -32475.240000000001601 ], [ -2705.19, -32474.900000000001455 ], [ -2704.659999999999854, -32485.669999999998254 ], [ -2713.320000000000164, -32485.68999999999869 ], [ -2713.869999999999891, -32476.849999999998545 ], [ -2713.9699999999998, -32475.240000000001601 ] ] ] ] } },
{ "type": "Feature", "properties": { "SAUID": 1310, "SAUPDATE": "2026-04-02 23:43:48", "SAFIELD000": "墨田区No.44遺跡", "SAFIELD001": "東駒形三丁目21番5号" }, "geometry": { "type": "MultiPolygon", "coordinates": [ [ [ [ -2718.06, -32409.54 ], [ -2689.630000000000109, -32408.18 ], [ -2689.380000000000109, -32412.21 ], [ -2689.15, -32415.900000000001455 ], [ -2691.92, -32416.029999999998836 ], [ -2698.5, -32416.34 ], [ -2697.880000000000109, -32425.330000000001746 ], [ -2705.840000000000146, -32425.55 ], [ -2705.989999999999782, -32421.66 ], [ -2717.2800000000002, -32421.990000000001601 ], [ -2718.06, -32409.54 ] ] ] ] } },
{ "type": "Feature", "properties": { "SAUID": 1311, "SAUPDATE": "2026-04-02 23:43:48", "SAFIELD000": "墨田区No.6-1遺跡", "SAFIELD001": "東駒形三丁目21番先" }, "geometry": { "type": "MultiPolygon", "coordinates": [ [ [ [ -2710.699999999999818, -32390.16 ], [ -2707.92, -32385.330000000001746 ], [ -2695.889999999999873, -32384.93 ], [ -2688.949999999999818, -32384.7 ], [ -2674.19, -32384.2 ], [ -2670.610000000000127, -32387.779999999998836 ], [ -2710.699999999999818, -32390.16 ] ] ] ] } },
{ "type": "Feature", "properties": { "SAUID": 1312, "SAUPDATE": "2026-04-02 23:43:48", "SAFIELD000": "墨田区No.71遺跡", "SAFIELD001": "吾妻橋一丁目21番6号" }, "geometry": { "type": "MultiPolygon", "coordinates": [ [ [ [ -2843.820000000000164, -32253.779999999998836 ], [ -2841.83, -32253.66 ], [ -2833.35, -32253.119999999998981 ], [ -2826.179999999999836, -32252.73 ], [ -2824.94, -32272.02 ], [ -2824.260000000000218, -32282.54 ], [ -2838.5, -32283.23 ], [ -2842.010000000000218, -32283.400000000001455 ], [ -2842.5, -32275.3 ], [ -2843.820000000000164, -32253.779999999998836 ] ] ] ] } },
{ "type": "Feature", "properties": { "SAUID": 1313, "SAUPDATE": "2026-04-02 23:43:48", "SAFIELD000": "墨田区No.26遺跡", "SAFIELD001": "吾妻橋一丁目7番6号" }, "geometry": { "type": "MultiPolygon", "coordinates": [ [ [ [ -2908.25, -32315.029999999998836 ], [ -2899.679999999999836, -32299.31000000000131 ], [ -2887.0300000000002, -32306.61 ], [ -2892.320000000000164, -32316.880000000001019 ], [ -2895.92, -32315.34 ], [ -2897.83, -32318.619999999998981 ], [ -2901.06, -32316.82 ], [ -2902.909999999999854, -32317.990000000001601 ], [ -2908.25, -32315.029999999998836 ] ] ] ] } },
{ "type": "Feature", "properties": { "SAUID": 1314, "SAUPDATE": "2026-04-02 23:43:48", "SAFIELD000": "墨田区No.26遺跡", "SAFIELD001": "吾妻橋一丁目7番13号" }, "geometry": { "type": "MultiPolygon", "coordinates": [ [ [ [ -2920.58, -32334.599999999998545 ], [ -2902.75, -32330.27 ], [ -2905.5, -32318.990000000001601 ], [ -2891.85, -32326.3 ], [ -2894.9699999999998, -32326.93 ], [ -2891.48, -32340.16 ], [ -2917.619999999999891, -32346.830000000001746 ], [ -2920.58, -32334.599999999998545 ] ] ] ] } },
{ "type": "Feature", "properties": { "SAUID": 1315, "SAUPDATE": "2026-04-02 23:43:48", "SAFIELD000": "墨田区No.45遺跡", "SAFIELD001": "東駒形二丁目18番9号" }, "geometry": { "type": "MultiPolygon", "coordinates": [ [ [ [ -2881.83, -32427.43 ], [ -2880.550000000000182, -32427.41 ], [ -2869.0300000000002, -32427.279999999998836 ], [ -2868.760000000000218, -32435.169999999998254 ], [ -2878.69, -32435.2 ], [ -2881.79, -32435.21 ], [ -2881.83, -32427.43 ] ] ] ] } },
{ "type": "Feature", "properties": { "SAUID": 1316, "SAUPDATE": "2026-04-02 23:43:48", "SAFIELD000": "墨田区No.6-2遺跡", "SAFIELD001": "吾妻橋二丁目2番14号" }, "geometry": { "type": "MultiPolygon", "coordinates": [ [ [ [ -2697.010000000000218, -32366.45 ], [ -2689.840000000000146, -32366.009999999998399 ], [ -2688.949999999999818, -32384.7 ], [ -2695.889999999999873, -32384.93 ], [ -2697.010000000000218, -32366.45 ] ] ] ] } },
{ "type": "Feature", "properties": { "SAUID": 1317, "SAUPDATE": "2026-04-02 23:43:48", "SAFIELD000": "墨田区No.92遺跡", "SAFIELD001": "吾妻橋三丁目6番3号" }, "geometry": { "type": "MultiPolygon", "coordinates": [ [ [ [ -2500.699999999999818, -32275.380000000001019 ], [ -2492.9, -32274.89 ], [ -2491.9, -32289.46 ], [ -2499.1, -32290.0 ], [ -2500.699999999999818, -32275.380000000001019 ] ] ] ] } },
{ "type": "Feature", "properties": { "SAUID": 1318, "SAUPDATE": "2026-04-02 23:43:48", "SAFIELD000": "墨田区No.97遺跡", "SAFIELD001": "東駒形二丁目20番" }, "geometry": { "type": "MultiPolygon", "coordinates": [ [ [ [ -2999.31, -32442.470000000001164 ], [ -2995.050000000000182, -32441.39 ], [ -2958.590000000000146, -32432.150000000001455 ], [ -2956.58, -32451.759999999998399 ], [ -2962.9, -32453.31000000000131 ], [ -2967.179999999999836, -32454.36 ], [ -2967.739999999999782, -32454.75 ], [ -2976.110000000000127, -32456.82 ], [ -2976.2199999999998, -32456.849999999998545 ], [ -2976.73, -32454.880000000001019 ], [ -2987.630000000000109, -32457.779999999998836 ], [ -2987.69, -32457.55 ], [ -2989.67, -32450.029999999998836 ], [ -2997.010000000000218, -32451.98 ], [ -2999.31, -32442.470000000001164 ] ] ] ] } },
{ "type": "Feature", "properties": { "SAUID": 1319, "SAUPDATE": "2026-04-02 23:43:48", "SAFIELD000": "墨田区No.121遺跡", "SAFIELD001": "東駒形三丁目22番1・2号" }, "geometry": { "type": "MultiPolygon", "coordinates": [ [ [ [ -2775.639999999999873, -32394.169999999998254 ], [ -2762.139999999999873, -32393.509999999998399 ], [ -2761.33, -32408.619999999998981 ], [ -2761.320000000000164, -32408.93999999999869 ], [ -2764.71, -32409.150000000001455 ], [ -2768.090000000000146, -32409.369999999998981 ], [ -2768.050000000000182, -32409.8 ], [ -2767.570000000000164, -32415.84 ], [ -2774.29, -32416.25 ], [ -2775.639999999999873, -32394.169999999998254 ] ] ] ] } },
{ "type": "Feature", "properties": { "SAUID": 1320, "SAUPDATE": "2026-04-02 23:43:48", "SAFIELD000": "墨田区No.111遺跡", "SAFIELD001": "吾妻橋二丁目10番" }, "geometry": { "type": "MultiPolygon", "coordinates": [ [ [ [ -2813.04, -32222.43 ], [ -2801.81, -32221.96 ], [ -2801.58, -32228.099999999998545 ], [ -2812.71, -32228.61 ], [ -2813.04, -32222.43 ] ] ] ] } },
{ "type": "Feature", "properties": { "SAUID": 1321, "SAUPDATE": "2026-04-02 23:43:48", "SAFIELD000": "墨田区No.123-1遺跡", "SAFIELD001": "吾妻橋三丁目7番14号" }, "geometry": { "type": "MultiPolygon", "coordinates": [ [ [ [ -2563.67, -32279.73 ], [ -2544.31, -32278.43 ], [ -2542.81, -32300.54 ], [ -2547.820000000000164, -32300.82 ], [ -2547.31, -32308.18999999999869 ], [ -2561.73, -32309.23 ], [ -2563.67, -32279.73 ] ] ] ] } },
{ "type": "Feature", "properties": { "SAUID": 1322, "SAUPDATE": "2026-04-02 23:43:48", "SAFIELD000": "墨田区No.124遺跡", "SAFIELD001": "吾妻橋三丁目1番16号他" }, "geometry": { "type": "MultiPolygon", "coordinates": [ [ [ [ -2583.760000000000218, -32363.150000000001455 ], [ -2576.48, -32362.66 ], [ -2575.590000000000146, -32374.79 ], [ -2583.0, -32375.29 ], [ -2583.760000000000218, -32363.150000000001455 ] ] ] ] } },
{ "type": "Feature", "properties": { "SAUID": 1323, "SAUPDATE": "2026-04-02 23:43:48", "SAFIELD000": "墨田区No.128遺跡", "SAFIELD001": "吾妻橋二丁目19番2号他" }, "geometry": { "type": "MultiPolygon", "coordinates": [ [ [ [ -2790.869999999999891, -32084.04 ], [ -2781.48, -32057.54 ], [ -2774.0300000000002, -32060.150000000001455 ], [ -2774.75, -32061.84 ], [ -2742.5, -32073.029999999998836 ], [ -2733.429999999999836, -32076.259999999998399 ], [ -2742.77, -32101.7 ], [ -2790.869999999999891, -32084.04 ] ] ] ] } },
{ "type": "Feature", "properties": { "SAUID": 1324, "SAUPDATE": "2026-04-02 23:43:48", "SAFIELD000": "墨田区No.123-2遺跡", "SAFIELD001": "吾妻橋三丁目8番" }, "geometry": { "type": "MultiPolygon", "coordinates": [ [ [ [ -2630.869999999999891, -32169.31000000000131 ], [ -2627.69, -32166.869999999998981 ], [ -2582.27, -32181.73 ], [ -2590.179999999999836, -32208.259999999998399 ], [ -2588.659999999999854, -32238.21 ], [ -2625.840000000000146, -32240.82 ], [ -2630.869999999999891, -32169.31000000000131 ] ] ] ] } },
{ "type": "Feature", "properties": { "SAUID": 1325, "SAUPDATE": "2026-04-02 23:43:48", "SAFIELD000": "墨田区No.133遺跡", "SAFIELD001": "向島一丁目24番16号" }, "geometry": { "type": "MultiPolygon", "coordinates": [ [ [ [ -2427.52, -32124.84 ], [ -2421.7800000000002, -32108.86 ], [ -2409.56, -32113.240000000001601 ], [ -2415.17, -32129.18999999999869 ], [ -2427.52, -32124.84 ] ] ] ] } },
{ "type": "Feature", "properties": { "SAUID": 1326, "SAUPDATE": "2026-04-02 23:43:48", "SAFIELD000": "墨田区No.148遺跡", "SAFIELD001": "吾妻橋二丁目4番" }, "geometry": { "type": "MultiPolygon", "coordinates": [ [ [ [ -2776.56, -32292.130000000001019 ], [ -2766.090000000000146, -32291.46 ], [ -2765.54, -32300.04 ], [ -2776.02, -32300.7 ], [ -2776.56, -32292.130000000001019 ] ] ] ] } },
{ "type": "Feature", "properties": { "SAUID": 1327, "SAUPDATE": "2026-04-02 23:43:48", "SAFIELD000": "墨田区No.133-2遺跡", "SAFIELD001": "向島一丁目24番" }, "geometry": { "type": "MultiPolygon", "coordinates": [ [ [ [ -2387.179999999999836, -32139.04 ], [ -2378.79, -32116.5 ], [ -2371.989999999999782, -32118.98 ], [ -2380.2800000000002, -32141.48 ], [ -2387.179999999999836, -32139.04 ] ] ] ] } },
{ "type": "Feature", "properties": { "SAUID": 1328, "SAUPDATE": "2026-04-02 23:43:48", "SAFIELD000": "墨田区No.157遺跡", "SAFIELD001": "吾妻橋一丁目17番" }, "geometry": { "type": "MultiPolygon", "coordinates": [ [ [ [ -2980.630000000000109, -32314.279999999998836 ], [ -2972.429999999999836, -32312.06000000000131 ], [ -2970.19, -32321.05 ], [ -2976.31, -32322.59 ], [ -2980.630000000000109, -32314.279999999998836 ] ] ] ] } },
{ "type": "Feature", "properties": { "SAUID": 1329, "SAUPDATE": "2026-04-02 23:43:48", "SAFIELD000": "墨田区No.161遺跡", "SAFIELD001": "東駒形三丁目23番" }, "geometry": { "type": "MultiPolygon", "coordinates": [ [ [ [ -2760.17, -32467.45 ], [ -2749.73, -32466.650000000001455 ], [ -2749.21, -32473.75 ], [ -2749.119999999999891, -32474.96 ], [ -2759.56, -32475.73 ], [ -2760.17, -32467.45 ] ] ] ] } },
{ "type": "Feature", "properties": { "SAUID": 1330, "SAUPDATE": "2026-04-02 23:43:48", "SAFIELD000": "墨田区No.62遺跡", "SAFIELD001": "業平四丁目15番7号" }, "geometry": { "type": "MultiPolygon", "coordinates": [ [ [ [ -1703.06, -32347.18 ], [ -1701.47, -32341.619999999998981 ], [ -1691.48, -32344.8 ], [ -1693.0, -32350.150000000001455 ], [ -1703.06, -32347.18 ] ] ] ] } },
{ "type": "Feature", "properties": { "SAUID": 1331, "SAUPDATE": "2026-04-02 23:43:48", "SAFIELD000": "墨田区No.113遺跡", "SAFIELD001": "京島二丁目9番9号" }, "geometry": { "type": "MultiPolygon", "coordinates": [ [ [ [ -1198.73, -31631.31000000000131 ], [ -1170.15, -31607.54 ], [ -1151.130000000000109, -31626.580000000001746 ], [ -1151.18, -31626.64 ], [ -1168.17, -31642.080000000001746 ], [ -1157.36, -31655.57 ], [ -1169.81, -31665.96 ], [ -1170.68, -31666.68999999999869 ], [ -1198.73, -31631.31000000000131 ] ] ] ] } },
{ "type": "Feature", "properties": { "SAUID": 1332, "SAUPDATE": "2026-04-02 23:43:48", "SAFIELD000": "墨田区No.144遺跡", "SAFIELD001": "業平三丁目8番" }, "geometry": { "type": "MultiPolygon", "coordinates": [ [ [ [ -1864.05, -32467.86 ], [ -1853.82, -32467.77 ], [ -1853.7, -32471.650000000001455 ], [ -1863.83, -32471.91 ], [ -1864.05, -32467.86 ] ] ] ] } },
{ "type": "Feature", "properties": { "SAUID": 1333, "SAUPDATE": "2026-04-02 23:43:48", "SAFIELD000": "墨田区No.129遺跡", "SAFIELD001": "向島五丁目25番1・4・6・15号他" }, "geometry": { "type": "MultiPolygon", "coordinates": [ [ [ [ -2206.5300000000002, -31415.150000000001455 ], [ -2190.98, -31392.93999999999869 ], [ -2189.090000000000146, -31390.240000000001601 ], [ -2176.23, -31371.89 ], [ -2159.590000000000146, -31383.25 ], [ -2156.619999999999891, -31385.880000000001019 ], [ -2165.260000000000218, -31396.36 ], [ -2171.5300000000002, -31403.95 ], [ -2175.15, -31403.93 ], [ -2178.33, -31406.91 ], [ -2190.739999999999782, -31425.5 ], [ -2206.5300000000002, -31415.150000000001455 ] ] ] ] } },
{ "type": "Feature", "properties": { "SAUID": 1334, "SAUPDATE": "2026-04-02 23:43:48", "SAFIELD000": "墨田区No.3遺跡", "SAFIELD001": "東向島一丁目28番10・11号" }, "geometry": { "type": "MultiPolygon", "coordinates": [ [ [ [ -1819.0, -31158.09 ], [ -1816.130000000000109, -31156.81000000000131 ], [ -1815.8900000000001, -31157.240000000001601 ], [ -1805.17, -31152.279999999998836 ], [ -1795.52, -31147.32 ], [ -1793.130000000000109, -31146.220000000001164 ], [ -1793.07, -31146.18999999999869 ], [ -1789.0, -31144.330000000001746 ], [ -1783.04, -31141.580000000001746 ], [ -1767.28, -31137.73 ], [ -1764.29, -31138.869999999998981 ], [ -1759.73, -31144.330000000001746 ], [ -1758.75, -31145.490000000001601 ], [ -1757.34, -31147.369999999998981 ], [ -1746.48, -31164.150000000001455 ], [ -1741.96, -31171.21 ], [ -1732.92, -31186.720000000001164 ], [ -1733.369999999999891, -31187.220000000001164 ], [ -1756.630000000000109, -31212.68 ], [ -1793.07, -31180.8 ], [ -1793.130000000000109, -31180.740000000001601 ], [ -1819.0, -31158.09 ] ] ] ] } },
{ "type": "Feature", "properties": { "SAUID": 1335, "SAUPDATE": "2026-04-02 23:43:48", "SAFIELD000": "墨田区No.96遺跡", "SAFIELD001": "東向島二丁目37番8号" }, "geometry": { "type": "MultiPolygon", "coordinates": [ [ [ [ -1378.65, -30832.349999999998545 ], [ -1365.17, -30817.490000000001601 ], [ -1353.09, -30817.970000000001164 ], [ -1333.21, -30843.169999999998254 ], [ -1337.58, -30851.93999999999869 ], [ -1345.18, -30865.93999999999869 ], [ -1370.03, -30853.240000000001601 ], [ -1372.119999999999891, -30851.02 ], [ -1367.46, -30847.21 ], [ -1378.65, -30832.349999999998545 ] ] ] ] } },
{ "type": "Feature", "properties": { "SAUID": 1336, "SAUPDATE": "2026-04-02 23:43:48", "SAFIELD000": "梅若塚", "SAFIELD001": "堤通二丁目6番" }, "geometry": { "type": "MultiPolygon", "coordinates": [ [ [ [ -1570.31, -29543.630000000001019 ], [ -1555.98, -29500.34 ], [ -1554.619999999999891, -29501.61 ], [ -1521.11, -29533.93 ], [ -1534.49, -29547.849999999998545 ], [ -1541.94, -29558.95 ], [ -1562.35, -29545.970000000001164 ], [ -1564.01, -29545.32 ], [ -1570.31, -29543.630000000001019 ] ] ] ] } },
{ "type": "Feature", "properties": { "SAUID": 1337, "SAUPDATE": "2026-04-02 23:43:48", "SAFIELD000": "墨田区No.68-1遺跡", "SAFIELD001": "東向島四丁目2番10号" }, "geometry": { "type": "MultiPolygon", "coordinates": [ [ [ [ -1779.66, -30199.06000000000131 ], [ -1777.19, -30177.029999999998836 ], [ -1755.01, -30178.84 ], [ -1752.8900000000001, -30179.07 ], [ -1733.630000000000109, -30181.080000000001746 ], [ -1723.0, -30182.279999999998836 ], [ -1729.07, -30200.32 ], [ -1714.65, -30205.279999999998836 ], [ -1709.15, -30207.099999999998545 ], [ -1712.02, -30219.169999999998254 ], [ -1700.71, -30221.46 ], [ -1700.7, -30221.46 ], [ -1703.58, -30231.84 ], [ -1701.95, -30237.869999999998981 ], [ -1719.92, -30233.66 ], [ -1722.23, -30237.7 ], [ -1732.97, -30234.009999999998399 ], [ -1744.51, -30230.259999999998399 ], [ -1738.26, -30212.380000000001019 ], [ -1779.66, -30199.06000000000131 ] ] ] ] } },
{ "type": "Feature", "properties": { "SAUID": 1338, "SAUPDATE": "2026-04-02 23:43:48", "SAFIELD000": "墨田区No.68-2遺跡", "SAFIELD001": "東向島三丁目10番" }, "geometry": { "type": "MultiPolygon", "coordinates": [ [ [ [ -1772.05, -30317.43999999999869 ], [ -1766.96, -30293.16 ], [ -1766.380000000000109, -30293.279999999998836 ], [ -1759.23, -30302.39 ], [ -1762.41, -30319.779999999998836 ], [ -1772.05, -30317.43999999999869 ] ] ] ] } },
{ "type": "Feature", "properties": { "SAUID": 1339, "SAUPDATE": "2026-04-02 23:43:48", "SAFIELD000": "墨田区No.7遺跡", "SAFIELD001": "吾妻橋一丁目23番" }, "geometry": { "type": "MultiPolygon", "coordinates": [ [ [ [ -3018.369999999999891, -32214.029999999998836 ], [ -3016.989999999999782, -32198.07 ], [ -3016.949999999999818, -32198.009999999998399 ], [ -2987.19, -32140.95 ], [ -2968.35, -32118.41 ], [ -2947.610000000000127, -32098.41 ], [ -2926.760000000000218, -32078.509999999998399 ], [ -2918.929999999999836, -32072.259999999998399 ], [ -2914.159999999999854, -32075.86 ], [ -2911.46, -32075.81000000000131 ], [ -2905.19, -32071.41 ], [ -2897.429999999999836, -32067.470000000001164 ], [ -2891.880000000000109, -32065.3 ], [ -2885.369999999999891, -32063.970000000001164 ], [ -2876.090000000000146, -32063.380000000001019 ], [ -2867.300000000000182, -32064.119999999998981 ], [ -2860.81, -32065.259999999998399 ], [ -2857.46, -32067.009999999998399 ], [ -2854.679999999999836, -32069.61 ], [ -2843.260000000000218, -32075.86 ], [ -2837.2800000000002, -32140.39 ], [ -2836.94, -32144.46 ], [ -2836.94, -32144.470000000001164 ], [ -2836.2800000000002, -32152.2 ], [ -2834.94, -32164.14 ], [ -2836.110000000000127, -32165.66 ], [ -2843.550000000000182, -32166.740000000001601 ], [ -2913.77, -32267.14 ], [ -2915.590000000000146, -32269.740000000001601 ], [ -2918.639999999999873, -32268.29 ], [ -3006.94, -32220.25 ], [ -3018.369999999999891, -32214.029999999998836 ] ] ] ] } },
{ "type": "Feature", "properties": { "SAUID": 1340, "SAUPDATE": "2026-04-02 23:43:48", "SAFIELD000": "墨田区No.49遺跡", "SAFIELD001": "文花一丁目18番6号" }, "geometry": { "type": "MultiPolygon", "coordinates": [ [ [ [ -1003.48, -32046.150000000001455 ], [ -992.06, -32036.93 ], [ -980.74, -32027.18 ], [ -976.94, -32023.91 ], [ -947.2, -31998.330000000001746 ], [ -939.56, -31991.169999999998254 ], [ -927.97, -31980.27 ], [ -922.8, -31975.04 ], [ -919.06, -31973.400000000001455 ], [ -918.66, -31973.57 ], [ -886.13, -31987.619999999998981 ], [ -882.54, -31988.990000000001601 ], [ -879.61, -31990.11 ], [ -867.97, -31994.55 ], [ -860.24, -32020.18999999999869 ], [ -859.51, -32022.61 ], [ -857.77, -32028.380000000001019 ], [ -856.82, -32031.529999999998836 ], [ -851.05, -32050.68 ], [ -842.23, -32079.91 ], [ -841.4, -32081.650000000001455 ], [ -894.84, -32097.18999999999869 ], [ -895.34, -32098.220000000001164 ], [ -912.99, -32089.650000000001455 ], [ -951.04, -32071.18 ], [ -967.46, -32064.46 ], [ -1000.04, -32047.900000000001455 ], [ -1003.48, -32046.150000000001455 ] ] ] ] } },
{ "type": "Feature", "properties": { "SAUID": 1341, "SAUPDATE": "2026-04-02 23:43:48", "SAFIELD000": "墨田区No.18遺跡", "SAFIELD001": "業平五丁目6番2号" }, "geometry": { "type": "MultiPolygon", "coordinates": [ [ [ [ -1419.369999999999891, -32467.130000000001019 ], [ -1418.15, -32467.06000000000131 ], [ -1418.119999999999891, -32467.06000000000131 ], [ -1418.1, -32467.06000000000131 ], [ -1408.32, -32466.45 ], [ -1372.8, -32464.240000000001601 ], [ -1347.25, -32462.650000000001455 ], [ -1344.25, -32510.220000000001164 ], [ -1343.78, -32517.669999999998254 ], [ -1354.869999999999891, -32518.349999999998545 ], [ -1361.91, -32518.79 ], [ -1403.36, -32521.36 ], [ -1408.3900000000001, -32521.68 ], [ -1412.59, -32521.93999999999869 ], [ -1415.95, -32522.14 ], [ -1415.95, -32522.240000000001601 ], [ -1419.369999999999891, -32467.130000000001019 ] ] ] ] } },
{ "type": "Feature", "properties": { "SAUID": 1342, "SAUPDATE": "2026-04-02 23:43:48", "SAFIELD000": "墨田区No.29遺跡", "SAFIELD001": "東駒形三丁目16番10号" }, "geometry": { "type": "MultiPolygon", "coordinates": [ [ [ [ -2688.21, -32491.470000000001164 ], [ -2670.0, -32490.849999999998545 ], [ -2669.320000000000164, -32532.779999999998836 ], [ -2686.860000000000127, -32532.619999999998981 ], [ -2688.21, -32491.470000000001164 ] ] ] ] } },
{ "type": "Feature", "properties": { "SAUID": 1343, "SAUPDATE": "2026-04-02 23:43:48", "SAFIELD000": "墨田区No.80遺跡", "SAFIELD001": "東駒形二丁目13番4号" }, "geometry": { "type": "MultiPolygon", "coordinates": [ [ [ [ -2940.989999999999782, -32500.04 ], [ -2927.96, -32499.59 ], [ -2927.389999999999873, -32509.32 ], [ -2939.98, -32509.96 ], [ -2940.989999999999782, -32500.04 ] ] ] ] } },
{ "type": "Feature", "properties": { "SAUID": 1344, "SAUPDATE": "2026-04-02 23:43:48", "SAFIELD000": "墨田区No.16遺跡", "SAFIELD001": "本所二丁目16番2号" }, "geometry": { "type": "MultiPolygon", "coordinates": [ [ [ [ -3014.0300000000002, -32758.470000000001164 ], [ -2992.989999999999782, -32758.029999999998836 ], [ -2992.639999999999873, -32769.529999999998836 ], [ -2998.360000000000127, -32769.79 ], [ -2997.75, -32788.400000000001455 ], [ -3012.679999999999836, -32789.190000000002328 ], [ -3013.2800000000002, -32775.620000000002619 ], [ -3013.92, -32760.98 ], [ -3014.0300000000002, -32758.470000000001164 ] ] ] ] } },
{ "type": "Feature", "properties": { "SAUID": 1345, "SAUPDATE": "2026-04-02 23:43:48", "SAFIELD000": "本所御蔵跡", "SAFIELD001": "横網一丁目9番" }, "geometry": { "type": "MultiPolygon", "coordinates": [ [ [ [ -3488.489999999999782, -33544.18 ], [ -3464.23, -33487.190000000002328 ], [ -3462.739999999999782, -33483.55000000000291 ], [ -3452.2199999999998, -33457.900000000001455 ], [ -3451.42, -33455.94999999999709 ], [ -3449.380000000000109, -33450.980000000003201 ], [ -3439.83, -33427.720000000001164 ], [ -3437.54, -33422.129999999997381 ], [ -3364.65, -33428.129999999997381 ], [ -3365.699999999999818, -33433.720000000001164 ], [ -3373.52, -33462.870000000002619 ], [ -3374.56, -33466.75 ], [ -3375.369999999999891, -33469.75 ], [ -3375.699999999999818, -33470.980000000003201 ], [ -3387.29, -33514.160000000003492 ], [ -3389.070000000000164, -33520.79 ], [ -3389.08, -33520.80000000000291 ], [ -3391.5, -33529.849999999998545 ], [ -3456.46, -33512.660000000003492 ], [ -3459.510000000000218, -33520.080000000001746 ], [ -3469.33, -33544.04 ], [ -3471.570000000000164, -33552.11 ], [ -3482.31, -33550.29 ], [ -3484.909999999999854, -33549.230000000003201 ], [ -3487.17, -33544.519999999996799 ], [ -3488.489999999999782, -33544.18 ] ] ] ] } },
{ "type": "Feature", "properties": { "SAUID": 1346, "SAUPDATE": "2026-04-02 23:43:48", "SAFIELD000": "本所御蔵跡", "SAFIELD001": "横網一丁目6･8番" }, "geometry": { "type": "MultiPolygon", "coordinates": [ [ [ [ -3471.570000000000164, -33552.11 ], [ -3469.33, -33544.04 ], [ -3459.510000000000218, -33520.080000000001746 ], [ -3456.46, -33512.660000000003492 ], [ -3391.5, -33529.849999999998545 ], [ -3389.08, -33520.80000000000291 ], [ -3389.070000000000164, -33520.79 ], [ -3387.29, -33514.160000000003492 ], [ -3375.699999999999818, -33470.980000000003201 ], [ -3375.369999999999891, -33469.75 ], [ -3374.56, -33466.75 ], [ -3369.0, -33468.29 ], [ -3317.119999999999891, -33481.629999999997381 ], [ -3315.85, -33481.82 ], [ -3313.800000000000182, -33437.919999999998254 ], [ -3313.46, -33432.339999999996508 ], [ -3276.260000000000218, -33435.400000000001455 ], [ -3275.679999999999836, -33443.370000000002619 ], [ -3274.56, -33459.25 ], [ -3273.139999999999873, -33477.669999999998254 ], [ -3272.6, -33485.11 ], [ -3271.73, -33497.32 ], [ -3270.989999999999782, -33507.89 ], [ -3270.639999999999873, -33512.54 ], [ -3270.010000000000218, -33520.660000000003492 ], [ -3269.27, -33530.190000000002328 ], [ -3268.69, -33539.349999999998545 ], [ -3270.71, -33539.269999999996799 ], [ -3279.0, -33538.440000000002328 ], [ -3279.989999999999782, -33536.440000000002328 ], [ -3292.98, -33532.760000000002037 ], [ -3292.989999999999782, -33532.760000000002037 ], [ -3293.02, -33532.75 ], [ -3325.73, -33523.480000000003201 ], [ -3343.4699999999998, -33587.55000000000291 ], [ -3348.27, -33586.220000000001164 ], [ -3471.570000000000164, -33552.11 ] ] ] ] } },
{ "type": "Feature", "properties": { "SAUID": 1347, "SAUPDATE": "2026-04-02 23:43:48", "SAFIELD000": "墨田区No.54遺跡", "SAFIELD001": "亀沢一丁目23番" }, "geometry": { "type": "MultiPolygon", "coordinates": [ [ [ [ -3210.489999999999782, -33489.82 ], [ -3208.389999999999873, -33489.690000000002328 ], [ -3198.159999999999854, -33489.07 ], [ -3196.909999999999854, -33489.0 ], [ -3196.9, -33489.0 ], [ -3196.889999999999873, -33489.07 ], [ -3196.7800000000002, -33490.660000000003492 ], [ -3196.550000000000182, -33493.94999999999709 ], [ -3195.909999999999854, -33503.019999999996799 ], [ -3195.880000000000109, -33503.489999999997963 ], [ -3195.869999999999891, -33503.64 ], [ -3195.869999999999891, -33503.660000000003492 ], [ -3195.880000000000109, -33503.660000000003492 ], [ -3196.070000000000164, -33503.669999999998254 ], [ -3204.260000000000218, -33504.39 ], [ -3204.75, -33496.0 ], [ -3210.1, -33496.080000000001746 ], [ -3210.489999999999782, -33489.82 ] ] ] ] } },
{ "type": "Feature", "properties": { "SAUID": 1348, "SAUPDATE": "2026-04-02 23:43:48", "SAFIELD000": "錦糸町駅北口遺跡", "SAFIELD001": "錦糸一丁目2番1～6号" }, "geometry": { "type": "MultiPolygon", "coordinates": [ [ [ [ -2181.2199999999998, -33564.690000000002328 ], [ -2179.2199999999998, -33562.46 ], [ -2168.04, -33561.82 ], [ -2135.619999999999891, -33559.980000000003201 ], [ -2104.56, -33557.900000000001455 ], [ -2071.090000000000146, -33555.669999999998254 ], [ -2000.36, -33550.96 ], [ -2000.0, -33550.93 ], [ -1963.16, -33548.489999999997963 ], [ -1948.56, -33547.64 ], [ -1944.6, -33613.900000000001455 ], [ -1986.55, -33618.230000000003201 ], [ -1995.66, -33621.510000000002037 ], [ -2026.98, -33623.739999999997963 ], [ -2039.8900000000001, -33632.629999999997381 ], [ -2094.29, -33646.279999999998836 ], [ -2176.550000000000182, -33651.75 ], [ -2176.94, -33644.5 ], [ -2177.989999999999782, -33625.0 ], [ -2178.380000000000109, -33617.71 ], [ -2178.48, -33615.86 ], [ -2178.54, -33614.64 ], [ -2179.889999999999873, -33589.54 ], [ -2181.2199999999998, -33564.690000000002328 ] ] ] ] } },
{ "type": "Feature", "properties": { "SAUID": 1349, "SAUPDATE": "2026-04-02 23:43:48", "SAFIELD000": "墨田区No.77-1遺跡", "SAFIELD001": "太平一丁目11番4・5号" }, "geometry": { "type": "MultiPolygon", "coordinates": [ [ [ [ -2014.95, -33182.54 ], [ -2009.32, -33182.190000000002328 ], [ -2000.36, -33181.620000000002619 ], [ -2000.0, -33181.599999999998545 ], [ -1998.56, -33181.519999999996799 ], [ -1997.51, -33196.260000000002037 ], [ -2011.02, -33197.11 ], [ -2010.74, -33200.71 ], [ -2013.380000000000109, -33200.89 ], [ -2014.95, -33182.54 ] ] ] ] } },
{ "type": "Feature", "properties": { "SAUID": 1350, "SAUPDATE": "2026-04-02 23:43:48", "SAFIELD000": "太平一丁目遺跡", "SAFIELD001": "太平一丁目10番12号" }, "geometry": { "type": "MultiPolygon", "coordinates": [ [ [ [ -2035.8900000000001, -33251.669999999998254 ], [ -2022.59, -33250.629999999997381 ], [ -2012.6400000000001, -33249.910000000003492 ], [ -2013.72, -33226.919999999998254 ], [ -2000.36, -33226.04 ], [ -2000.0, -33226.019999999996799 ], [ -1992.79, -33225.55000000000291 ], [ -1991.32, -33248.739999999997963 ], [ -1963.17, -33247.46 ], [ -1961.880000000000109, -33267.36 ], [ -1961.69, -33269.970000000001164 ], [ -2000.0, -33271.89 ], [ -2000.36, -33271.910000000003492 ], [ -2032.25, -33273.510000000002037 ], [ -2034.5, -33271.529999999998836 ], [ -2035.8900000000001, -33251.669999999998254 ] ] ] ] } },
{ "type": "Feature", "properties": { "SAUID": 1351, "SAUPDATE": "2026-04-02 23:43:48", "SAFIELD000": "江東橋二丁目遺跡", "SAFIELD001": "江東橋二丁目19番12・14号" }, "geometry": { "type": "MultiPolygon", "coordinates": [ [ [ [ -2111.880000000000109, -33686.19999999999709 ], [ -1956.06, -33677.93 ], [ -1950.5, -33677.650000000001455 ], [ -1949.06, -33703.269999999996799 ], [ -1953.75, -33710.529999999998836 ], [ -1956.99, -33715.55000000000291 ], [ -1979.11, -33716.720000000001164 ], [ -2000.0, -33717.82 ], [ -2000.36, -33717.839999999996508 ], [ -2017.24, -33718.739999999997963 ], [ -2043.95, -33720.14 ], [ -2110.1, -33723.61 ], [ -2110.31, -33719.309999999997672 ], [ -2111.73, -33689.489999999997963 ], [ -2111.880000000000109, -33686.19999999999709 ] ] ] ] } },
{ "type": "Feature", "properties": { "SAUID": 1352, "SAUPDATE": "2026-04-02 23:43:48", "SAFIELD000": "墨田区No.33遺跡", "SAFIELD001": "錦糸四丁目10番4号" }, "geometry": { "type": "MultiPolygon", "coordinates": [ [ [ [ -1346.35, -33499.61 ], [ -1326.27, -33498.239999999997963 ], [ -1324.31, -33530.25 ], [ -1319.15, -33529.989999999997963 ], [ -1318.75, -33538.760000000002037 ], [ -1341.51, -33539.900000000001455 ], [ -1341.53, -33539.44999999999709 ], [ -1341.96, -33531.39 ], [ -1345.08, -33531.55000000000291 ], [ -1345.11, -33530.779999999998836 ], [ -1346.2, -33503.339999999996508 ], [ -1346.35, -33499.61 ] ] ] ] } },
{ "type": "Feature", "properties": { "SAUID": 1353, "SAUPDATE": "2026-04-02 23:43:48", "SAFIELD000": "墨田区No.101遺跡", "SAFIELD001": "業平四丁目7番9号" }, "geometry": { "type": "MultiPolygon", "coordinates": [ [ [ [ -1683.99, -32496.95 ], [ -1683.01, -32496.91 ], [ -1683.43, -32487.89 ], [ -1675.42, -32487.369999999998981 ], [ -1671.21, -32509.490000000001601 ], [ -1683.369999999999891, -32510.3 ], [ -1683.99, -32496.95 ] ] ] ] } },
{ "type": "Feature", "properties": { "SAUID": 1354, "SAUPDATE": "2026-04-02 23:43:48", "SAFIELD000": "墨田区No.107遺跡", "SAFIELD001": "東駒形二丁目14番4号" }, "geometry": { "type": "MultiPolygon", "coordinates": [ [ [ [ -2896.610000000000127, -32498.54 ], [ -2883.590000000000146, -32498.09 ], [ -2883.42, -32505.43 ], [ -2896.31, -32505.779999999998836 ], [ -2896.610000000000127, -32498.54 ] ] ] ] } },
{ "type": "Feature", "properties": { "SAUID": 1355, "SAUPDATE": "2026-04-02 23:43:48", "SAFIELD000": "墨田区No.134遺跡", "SAFIELD001": "本所二丁目8番5号他" }, "geometry": { "type": "MultiPolygon", "coordinates": [ [ [ [ -3020.21, -32898.940000000002328 ], [ -3020.0, -32886.68 ], [ -3017.4, -32884.05000000000291 ], [ -2974.590000000000146, -32882.669999999998254 ], [ -2974.17, -32900.5 ], [ -3008.739999999999782, -32901.419999999998254 ], [ -3008.800000000000182, -32898.82 ], [ -3020.21, -32898.940000000002328 ] ] ] ] } },
{ "type": "Feature", "properties": { "SAUID": 1356, "SAUPDATE": "2026-04-02 23:43:48", "SAFIELD000": "墨田区No.135遺跡", "SAFIELD001": "江東橋二丁目18番2号" }, "geometry": { "type": "MultiPolygon", "coordinates": [ [ [ [ -2008.380000000000109, -33728.599999999998545 ], [ -2006.369999999999891, -33726.36 ], [ -1998.45, -33725.940000000002328 ], [ -1997.7, -33741.160000000003492 ], [ -2007.74, -33741.75 ], [ -2008.380000000000109, -33728.599999999998545 ] ] ] ] } },
{ "type": "Feature", "properties": { "SAUID": 1357, "SAUPDATE": "2026-04-02 23:43:48", "SAFIELD000": "墨田区No.150遺跡", "SAFIELD001": "石原二丁目1番" }, "geometry": { "type": "MultiPolygon", "coordinates": [ [ [ [ -3020.5300000000002, -33324.769999999996799 ], [ -2992.85, -33323.349999999998545 ], [ -2994.2800000000002, -33302.580000000001746 ], [ -2972.179999999999836, -33300.989999999997963 ], [ -2971.840000000000146, -33305.349999999998545 ], [ -2963.909999999999854, -33408.69999999999709 ], [ -3006.070000000000164, -33411.57 ], [ -3012.0, -33412.099999999998545 ], [ -3015.130000000000109, -33409.279999999998836 ], [ -3015.81, -33398.80000000000291 ], [ -3016.33, -33390.46 ], [ -3016.909999999999854, -33381.029999999998836 ], [ -3019.659999999999854, -33336.779999999998836 ], [ -3020.369999999999891, -33327.059999999997672 ], [ -3020.5300000000002, -33324.769999999996799 ] ] ] ] } }
]
}
