{
"type": "FeatureCollection",
"name": "KokubunjiSiteArea",
"crs": { "type": "name", "properties": { "name": "urn:ogc:def:crs:EPSG::6668" } },
"features": [
{ "type": "Feature", "properties": { "fid": 1, "OBJECTID": 50, "SITEName": "Kumanogou", "SITENameJP": "熊ノ郷", "JASID": 13214000100, "Age": "[旧石器時代][縄文時代]", "Note": null, "notification": "20250819「遺跡地図GISの現在地」ハンズオンWS用サンプルデータ（国分寺市による正式な遺跡地図ではありません）" }, "geometry": { "type": "MultiPolygon", "coordinates": [ [ [ [ 139.466236441851521, 35.705610551440486 ], [ 139.466248066172597, 35.705734946112557 ], [ 139.466249002580554, 35.705736770356225 ], [ 139.466253198201741, 35.705739585287162 ], [ 139.466259210618887, 35.705739533570316 ], [ 139.466266741956247, 35.705736018843261 ], [ 139.466334059156338, 35.705693561574492 ], [ 139.466343956105362, 35.705686700290144 ], [ 139.466366048732965, 35.705673107240969 ], [ 139.466436861155273, 35.705626772647811 ], [ 139.466457537578833, 35.705612965104507 ], [ 139.466483474378208, 35.705603902193744 ], [ 139.466501008793585, 35.705601013393412 ], [ 139.466534401381267, 35.705595545917006 ], [ 139.466555280088812, 35.705593823181054 ], [ 139.466599752083567, 35.705588389448074 ], [ 139.466640999463181, 35.70558378651522 ], [ 139.466707126496914, 35.705575896792595 ], [ 139.466728396497928, 35.705573124417768 ], [ 139.466803238765323, 35.705575138713741 ], [ 139.466896311557178, 35.705844427077672 ], [ 139.466904128839701, 35.705881649219734 ], [ 139.466912521079507, 35.705905843183508 ], [ 139.466923886052967, 35.705927944595082 ], [ 139.466924901313547, 35.705931310247813 ], [ 139.466932450890312, 35.705942576796986 ], [ 139.466939373143106, 35.705950163633837 ], [ 139.466946555463295, 35.705957225861596 ], [ 139.466956890297837, 35.705965138325624 ], [ 139.466966847535986, 35.705971105658229 ], [ 139.466978483905848, 35.705976132380385 ], [ 139.466988645691345, 35.705979630952292 ], [ 139.467003386988665, 35.705981829960749 ], [ 139.467010147492971, 35.705982533557076 ], [ 139.467074950943783, 35.705982415530045 ], [ 139.467112003562505, 35.705979533492965 ], [ 139.467144492528746, 35.7059744834188 ], [ 139.467222677789152, 35.705963950557958 ], [ 139.467258580523577, 35.705958963376752 ], [ 139.467267606379636, 35.705957309547131 ], [ 139.467291595844841, 35.705951498022195 ], [ 139.467311340128759, 35.705944307542048 ], [ 139.46732580426098, 35.7059366806821 ], [ 139.467342739232578, 35.705924017490503 ], [ 139.467350759410266, 35.705916896433195 ], [ 139.46735736772942, 35.705908615201658 ], [ 139.467363210746072, 35.705898650361746 ], [ 139.467368295664016, 35.705885425734444 ], [ 139.467370677533495, 35.705871667487934 ], [ 139.467371739877194, 35.705864735433622 ], [ 139.467371611117187, 35.705851313336801 ], [ 139.467369543017639, 35.705837322887767 ], [ 139.46736631842316, 35.705823691206234 ], [ 139.467347140768481, 35.705778442442195 ], [ 139.467324851402566, 35.705722366988205 ], [ 139.467277445219111, 35.705608736346477 ], [ 139.467259472767552, 35.705566544577373 ], [ 139.467224285527919, 35.705485525897316 ], [ 139.467160362659541, 35.705349515449768 ], [ 139.467139058047991, 35.705303530641189 ], [ 139.467128986927577, 35.705280224763428 ], [ 139.467107549437344, 35.705235132725214 ], [ 139.467089413243059, 35.705200611276005 ], [ 139.467076561496299, 35.705179661234254 ], [ 139.467066885799085, 35.705168493303098 ], [ 139.467056751029446, 35.705159110335487 ], [ 139.467047701460871, 35.705151884811052 ], [ 139.467039994992092, 35.705146764974877 ], [ 139.467030036408318, 35.705141112883922 ], [ 139.467013777430395, 35.70513276207533 ], [ 139.466997702326069, 35.705126460885687 ], [ 139.466980717965072, 35.705121785667579 ], [ 139.466967326893524, 35.705120168706806 ], [ 139.466959789638253, 35.705120303384447 ], [ 139.466952630698444, 35.70512222557452 ], [ 139.466939648941178, 35.705129699283333 ], [ 139.466831227078529, 35.705202294763261 ], [ 139.466798187975201, 35.705215013924594 ], [ 139.466774711610242, 35.705221352315412 ], [ 139.466724293453638, 35.705231181366045 ], [ 139.466684334558636, 35.705235788253241 ], [ 139.466643865764553, 35.70521107623285 ], [ 139.466629475807338, 35.705202520906404 ], [ 139.466557817418675, 35.705152389530873 ], [ 139.466510315063516, 35.705116307384046 ], [ 139.466476810884245, 35.705089935251543 ], [ 139.466458835884879, 35.705076535294133 ], [ 139.466445094452553, 35.705067036201612 ], [ 139.466428388499764, 35.705057843310975 ], [ 139.46641167629133, 35.705050016439948 ], [ 139.466388835535412, 35.705044167404431 ], [ 139.466372483336841, 35.705042121029756 ], [ 139.466355027179219, 35.705042015268376 ], [ 139.466340784294687, 35.705043548043122 ], [ 139.466319631933118, 35.705048790090572 ], [ 139.466310026998713, 35.705051916009928 ], [ 139.466301631075765, 35.705055092545209 ], [ 139.466289108601785, 35.705060728682973 ], [ 139.466277741979383, 35.705067156444862 ], [ 139.466260892758811, 35.705078162654424 ], [ 139.466246138140491, 35.705089967519051 ], [ 139.466236119190597, 35.705099621363992 ], [ 139.466220224275247, 35.705115133971312 ], [ 139.466210057914594, 35.705126714311241 ], [ 139.46619988552871, 35.705139608132825 ], [ 139.466191215911664, 35.705152559077455 ], [ 139.466210417575525, 35.705347996528573 ], [ 139.466215033238427, 35.705390322848714 ], [ 139.466219113030348, 35.70543713095023 ], [ 139.466226008277573, 35.705506785040065 ], [ 139.466236441851521, 35.705610551440486 ] ] ] ] } },
{ "type": "Feature", "properties": { "fid": 2, "OBJECTID": 75, "SITEName": "Musashikokubunjiato-souji", "SITENameJP": "武蔵国分寺跡（僧尼寺）", "JASID": 13214001001, "Age": "[奈良時代][平安時代]", "Note": "No.10武蔵国分寺跡のうち僧寺地区", "notification": "20250819「遺跡地図GISの現在地」ハンズオンWS用サンプルデータ（国分寺市による正式な遺跡地図ではありません）" }, "geometry": { "type": "MultiPolygon", "coordinates": [ [ [ [ 139.469131411003531, 35.693955464168106 ], [ 139.474061533158931, 35.694948945471467 ], [ 139.47591181890337, 35.695147820872215 ], [ 139.476231723095253, 35.693319415496418 ], [ 139.476450129184087, 35.691975007752802 ], [ 139.476757455098124, 35.689878540939297 ], [ 139.475822642940642, 35.689771895935174 ], [ 139.473821428951368, 35.689652918593488 ], [ 139.473503947235542, 35.689635044715743 ], [ 139.473288899675055, 35.689608740741498 ], [ 139.473195916109518, 35.689599180971626 ], [ 139.472781187171137, 35.68955262332944 ], [ 139.472260775722788, 35.689492916827611 ], [ 139.471553404752655, 35.689411899177891 ], [ 139.470580799831851, 35.68930359847284 ], [ 139.468956690316929, 35.689107328071984 ], [ 139.469131411003531, 35.693955464168106 ] ] ] ] } },
{ "type": "Feature", "properties": { "fid": 3, "OBJECTID": 76, "SITEName": "Musashikokubunjiato-niji", "SITENameJP": "武蔵国分寺跡（僧尼寺）", "JASID": 13214001002, "Age": "[奈良時代][平安時代]", "Note": "No.10武蔵国分寺跡のうち尼寺地区", "notification": "20250819「遺跡地図GISの現在地」ハンズオンWS用サンプルデータ（国分寺市による正式な遺跡地図ではありません）" }, "geometry": { "type": "MultiPolygon", "coordinates": [ [ [ [ 139.468854282883001, 35.690532068069281 ], [ 139.468792371279022, 35.689049957814746 ], [ 139.467053638783739, 35.689041859284984 ], [ 139.467042540826327, 35.690525962465699 ], [ 139.468854282883001, 35.690532068069281 ] ] ] ] } },
{ "type": "Feature", "properties": { "fid": 4, "OBJECTID": 56, "SITEName": "Takikubo", "SITENameJP": "多喜窪", "JASID": 13214001100, "Age": "[旧石器時代][縄文時代（中期）]", "Note": null, "notification": "20250819「遺跡地図GISの現在地」ハンズオンWS用サンプルデータ（国分寺市による正式な遺跡地図ではありません）" }, "geometry": { "type": "MultiPolygon", "coordinates": [ [ [ [ 139.467215500684858, 35.693907848413019 ], [ 139.467148266550026, 35.69422624614608 ], [ 139.467616004793513, 35.694581484231058 ], [ 139.467741486019605, 35.694636922086623 ], [ 139.467851569733995, 35.694688120929129 ], [ 139.467871409690758, 35.694694888579171 ], [ 139.467897417651727, 35.694701395475001 ], [ 139.467937472049215, 35.694707945002833 ], [ 139.467983016910949, 35.694712554851861 ], [ 139.468025165132104, 35.694710726436604 ], [ 139.468070403086443, 35.69470751000371 ], [ 139.468104345566417, 35.694702023478492 ], [ 139.468157452876341, 35.694690020863632 ], [ 139.468217186998515, 35.694674418227144 ], [ 139.468351338046347, 35.694631785797689 ], [ 139.468486185599318, 35.6945866400483 ], [ 139.468527363231573, 35.694572232111568 ], [ 139.468631010251499, 35.694532301678507 ], [ 139.468728827965265, 35.694493471402339 ], [ 139.468840728851717, 35.694446578895764 ], [ 139.468912148771722, 35.694411581195695 ], [ 139.469007969104837, 35.694359888764453 ], [ 139.469079779759909, 35.694314272071715 ], [ 139.469159542416946, 35.694252749280132 ], [ 139.469242439104534, 35.69418005688734 ], [ 139.469313008629314, 35.694105929781493 ], [ 139.469378085106314, 35.694034301306331 ], [ 139.469406981002805, 35.694008397430053 ], [ 139.469447948879065, 35.693964643595869 ], [ 139.469480685602377, 35.693922821198072 ], [ 139.469513820731663, 35.693868703065213 ], [ 139.469534923207306, 35.69382377125666 ], [ 139.469558147204793, 35.693764313119537 ], [ 139.469575566144584, 35.693700645300481 ], [ 139.469583618339215, 35.693662660938472 ], [ 139.469590348382383, 35.693614052504323 ], [ 139.469593959565998, 35.693573259964857 ], [ 139.469594430323468, 35.693545034342179 ], [ 139.469578713061566, 35.693460305713565 ], [ 139.469563597253881, 35.693394024295657 ], [ 139.469543101560959, 35.693305368560736 ], [ 139.46952561814382, 35.693232372564516 ], [ 139.469510086215564, 35.693182299471296 ], [ 139.469493185218909, 35.693131942762093 ], [ 139.469465894940072, 35.693068419288686 ], [ 139.469449078966022, 35.69303706717826 ], [ 139.469428996351979, 35.693008360209802 ], [ 139.46941723353757, 35.692995887981162 ], [ 139.469403746992214, 35.692985786083838 ], [ 139.469384617261625, 35.692973571056001 ], [ 139.469176250165162, 35.692913692059975 ], [ 139.469111192698591, 35.692905949395033 ], [ 139.469038980289753, 35.692889521295569 ], [ 139.468999979891606, 35.692877385810206 ], [ 139.468939121244119, 35.692850371935421 ], [ 139.468907168724456, 35.692832807977382 ], [ 139.468882581857684, 35.692815266310568 ], [ 139.468848307542515, 35.692780926764271 ], [ 139.468804301939514, 35.692739431109764 ], [ 139.468765045547315, 35.692708290423802 ], [ 139.468646179455902, 35.692630096392811 ], [ 139.468406120257583, 35.692307832073787 ], [ 139.468152581913017, 35.691936757856567 ], [ 139.468023919740915, 35.691790900355343 ], [ 139.467930907043439, 35.691640679316535 ], [ 139.467631198625412, 35.691403332718842 ], [ 139.467331260022945, 35.691291748771739 ], [ 139.467250086139387, 35.691287589287938 ], [ 139.467135656336126, 35.691288918106437 ], [ 139.467057866114487, 35.691293991486496 ], [ 139.466970449739648, 35.691306441629052 ], [ 139.466918841400371, 35.691317184111874 ], [ 139.466874251492186, 35.691328926102926 ], [ 139.466802364331897, 35.691354139542597 ], [ 139.466762711768581, 35.691372464205465 ], [ 139.466723383864462, 35.691394702504596 ], [ 139.466698469313684, 35.691411534911396 ], [ 139.466668042745113, 35.69143505794267 ], [ 139.466654783630787, 35.691450248985781 ], [ 139.466598971923759, 35.691518550534084 ], [ 139.466459585809048, 35.691732763202197 ], [ 139.466259921333773, 35.692036503620614 ], [ 139.467177067671372, 35.692366143612787 ], [ 139.46734602679868, 35.692146360663024 ], [ 139.467688803857925, 35.692217900054658 ], [ 139.467816804049846, 35.691870620944769 ], [ 139.468013411337466, 35.691916632557025 ], [ 139.467836798609426, 35.692368986903574 ], [ 139.467710541297606, 35.692334227983622 ], [ 139.467221904348719, 35.693706086462996 ], [ 139.467215500684858, 35.693907848413019 ] ] ] ] } },
{ "type": "Feature", "properties": { "fid": 5, "OBJECTID": 31, "SITEName": "Denshououjiato", "SITENameJP": "伝祥應寺跡", "JASID": 13214001200, "Age": "[中世]", "Note": null, "notification": "20250819「遺跡地図GISの現在地」ハンズオンWS用サンプルデータ（国分寺市による正式な遺跡地図ではありません）" }, "geometry": { "type": "MultiPolygon", "coordinates": [ [ [ [ 139.466289848140093, 35.692050548208698 ], [ 139.467164470444999, 35.692379092673484 ], [ 139.467346429175336, 35.692159650803823 ], [ 139.467569203888985, 35.692207828014965 ], [ 139.467745524797721, 35.691644598135547 ], [ 139.467728530143091, 35.691625428743023 ], [ 139.467696047400239, 35.691586940970112 ], [ 139.467652518691295, 35.691535367334865 ], [ 139.467633047207613, 35.691512428271302 ], [ 139.467614511627374, 35.69149064372133 ], [ 139.467575937813166, 35.691446379043057 ], [ 139.467564119996268, 35.691437436861001 ], [ 139.467556618146403, 35.691431425364726 ], [ 139.467537885717434, 35.691416490313912 ], [ 139.467519476609056, 35.691403288449621 ], [ 139.467495463141489, 35.691385710037913 ], [ 139.467471255143636, 35.691369513038438 ], [ 139.467454084376755, 35.691358020895059 ], [ 139.467425368353815, 35.691339737172555 ], [ 139.467415698376925, 35.691334486859688 ], [ 139.467395984072027, 35.691323524424206 ], [ 139.467374947957438, 35.691313479306096 ], [ 139.467352586525578, 35.691305119276365 ], [ 139.467329175455291, 35.691299903958914 ], [ 139.467241865793795, 35.691303630943644 ], [ 139.467129072818238, 35.691312808380168 ], [ 139.467068622366554, 35.691318920289305 ], [ 139.467001756654838, 35.691328390888508 ], [ 139.466963329741475, 35.691334416205386 ], [ 139.466905864948387, 35.691346218708588 ], [ 139.466840940132386, 35.69136344972781 ], [ 139.466811628277185, 35.691372573875142 ], [ 139.466780516289987, 35.691384302994067 ], [ 139.466760337775582, 35.691392533599895 ], [ 139.466736094752207, 35.691404590736532 ], [ 139.46671061347152, 35.69141986878293 ], [ 139.466692859440315, 35.691433020568027 ], [ 139.466681703285076, 35.691444042655469 ], [ 139.466668450244271, 35.691460816722568 ], [ 139.466660195480216, 35.691475379443808 ], [ 139.466289848140093, 35.692050548208698 ] ] ] ] } },
{ "type": "Feature", "properties": { "fid": 6, "OBJECTID": 31, "SITEName": "Kokubunji13", "SITENameJP": "国分寺市No.13", "JASID": 13214001300, "Age": "[中世]", "Note": "塚", "notification": "20250819「遺跡地図GISの現在地」ハンズオンWS用サンプルデータ（国分寺市による正式な遺跡地図ではありません）" }, "geometry": { "type": "MultiPolygon", "coordinates": [ [ [ [ 139.467507195807769, 35.692103566390841 ], [ 139.467509100146316, 35.692101522185908 ], [ 139.46751046787341, 35.692099711595276 ], [ 139.467513331670119, 35.69209504900472 ], [ 139.467515782440699, 35.692090620403967 ], [ 139.467516738829715, 35.692088674137551 ], [ 139.467517613063848, 35.692086112203803 ], [ 139.467518574741689, 35.692083571539769 ], [ 139.467519951828962, 35.692079710985453 ], [ 139.46752070577142, 35.692076991156007 ], [ 139.467521764120931, 35.69207019537199 ], [ 139.467522146541285, 35.692059184128276 ], [ 139.467521469784117, 35.692053458477289 ], [ 139.467520384594621, 35.692048088653422 ], [ 139.467518960872383, 35.692044118768713 ], [ 139.467518271296882, 35.692041764223383 ], [ 139.467517010513944, 35.6920381981109 ], [ 139.467515417868242, 35.692035135086336 ], [ 139.467514661512922, 35.692033872546915 ], [ 139.467512924147371, 35.692030926705016 ], [ 139.467511329737221, 35.692028250148937 ], [ 139.467509816413013, 35.692025859493853 ], [ 139.467508362042622, 35.692024090736808 ], [ 139.467506272140355, 35.692021664723107 ], [ 139.46750465360347, 35.692019761041422 ], [ 139.46750260543368, 35.692017217531991 ], [ 139.467501562247492, 35.692015618056544 ], [ 139.467499821199709, 35.692013478757509 ], [ 139.467497728228722, 35.692011724862859 ], [ 139.467495471091183, 35.692009836043567 ], [ 139.467492679875193, 35.692007626340114 ], [ 139.467488960848499, 35.692005615455486 ], [ 139.467485139985172, 35.692003352213057 ], [ 139.467481603656637, 35.692001364987874 ], [ 139.467478029344988, 35.691999801928269 ], [ 139.467472969373262, 35.691997684048147 ], [ 139.467468570891157, 35.691996177294698 ], [ 139.467464455337847, 35.691994734413051 ], [ 139.467456925841731, 35.691992695143192 ], [ 139.467447785132322, 35.691991659168565 ], [ 139.467438933281926, 35.691991079858383 ], [ 139.467431599139019, 35.691990803417717 ], [ 139.467423932704889, 35.691991687488681 ], [ 139.467412923480452, 35.691993872048833 ], [ 139.467408677231532, 35.691995113081305 ], [ 139.467405025708132, 35.69199636222266 ], [ 139.467399856465107, 35.691998438509415 ], [ 139.467396884545593, 35.691999714921195 ], [ 139.467393881269146, 35.692001092056849 ], [ 139.467391217391764, 35.692002571043432 ], [ 139.467388491721607, 35.692004049842126 ], [ 139.46738585770413, 35.692005755762736 ], [ 139.467384060075204, 35.692006985334281 ], [ 139.467381656110661, 35.692009057424038 ], [ 139.467378880411303, 35.692011342624646 ], [ 139.467377079788577, 35.692013227512291 ], [ 139.467375528984604, 35.692014533448493 ], [ 139.467373978180603, 35.692015839384688 ], [ 139.467372612178906, 35.692017271906764 ], [ 139.467371183348263, 35.692018931081179 ], [ 139.467369660907423, 35.692020791609572 ], [ 139.46736811382624, 35.692022973424493 ], [ 139.467366615680078, 35.692024588279715 ], [ 139.467364906133895, 35.692026826311526 ], [ 139.467363350378491, 35.692029216039757 ], [ 139.467362040872644, 35.692031808155171 ], [ 139.467360203020007, 35.692035079194454 ], [ 139.467357920208713, 35.692040501792647 ], [ 139.467356373114086, 35.69204550444676 ], [ 139.467355110086544, 35.69205144894439 ], [ 139.467354294678557, 35.69205860463417 ], [ 139.467354223546465, 35.692065157671003 ], [ 139.467354802414917, 35.692070891426894 ], [ 139.46735553577804, 35.692075495636416 ], [ 139.46735657099174, 35.692079403430235 ], [ 139.467357707709311, 35.692082509179222 ], [ 139.46735904320002, 35.692086065018444 ], [ 139.467360602334509, 35.692089699252406 ], [ 139.467362026343864, 35.692093041119719 ], [ 139.467363218067561, 35.692095378288876 ], [ 139.46736484716368, 35.69209778820133 ], [ 139.467367039450323, 35.692100909761635 ], [ 139.467368698182838, 35.692103032009115 ], [ 139.467370542466398, 35.692105117013405 ], [ 139.467372202580748, 35.6921069368072 ], [ 139.467374693443219, 35.692109515271028 ], [ 139.467377091271288, 35.692112169066434 ], [ 139.467380739884732, 35.692114940085816 ], [ 139.467383371335728, 35.692117178711783 ], [ 139.467385959205473, 35.692118812289536 ], [ 139.467388732108219, 35.692120522044178 ], [ 139.467390626363908, 35.692121813248271 ], [ 139.467392560132367, 35.692122909235081 ], [ 139.467395017700255, 35.692124321874381 ], [ 139.467397699641168, 35.692125653280016 ], [ 139.467400925083382, 35.69212693382768 ], [ 139.467403944588227, 35.692128205347657 ], [ 139.467408328702618, 35.692129476814792 ], [ 139.467412229042395, 35.692130688 ], [ 139.467419683093738, 35.692132336368594 ], [ 139.467431029399222, 35.692134147796381 ], [ 139.467435455943274, 35.692134585532045 ], [ 139.467441409030585, 35.692134519610221 ], [ 139.467449383060739, 35.692133938930944 ], [ 139.467453195993869, 35.692133429620242 ], [ 139.467457504803946, 35.692132585752283 ], [ 139.467462432846162, 35.692131458111554 ], [ 139.46746641270849, 35.692130478817816 ], [ 139.46747056003727, 35.692128911920463 ], [ 139.467474292964056, 35.69212731645829 ], [ 139.467476936739757, 35.692126293195955 ], [ 139.467480362922316, 35.692124774516223 ], [ 139.467482965431429, 35.692123202923526 ], [ 139.467487239721294, 35.692120897070062 ], [ 139.467489842076702, 35.692119359083172 ], [ 139.467492095500774, 35.692117551184417 ], [ 139.467494367225754, 35.692115682429566 ], [ 139.467497056799914, 35.692113651113203 ], [ 139.467500034515268, 35.692111106074016 ], [ 139.467502337289716, 35.692109203806957 ], [ 139.467504005978668, 35.692107455042638 ], [ 139.467505704188085, 35.69210544381778 ], [ 139.467507195807769, 35.692103566390841 ] ] ] ] } },
{ "type": "Feature", "properties": { "fid": 7, "OBJECTID": 38, "SITEName": "Takikuboyokoanabogun", "SITENameJP": "多喜窪横穴墓群", "JASID": 13214001400, "Age": "[奈良時代]", "Note": null, "notification": "20250819「遺跡地図GISの現在地」ハンズオンWS用サンプルデータ（国分寺市による正式な遺跡地図ではありません）" }, "geometry": { "type": "MultiPolygon", "coordinates": [ [ [ [ 139.465773823123499, 35.691105847319349 ], [ 139.465815909595705, 35.691440681789722 ], [ 139.46590449645683, 35.691833686687019 ], [ 139.466244997091906, 35.692055297982641 ], [ 139.46716337218524, 35.692370679527961 ], [ 139.467334372067995, 35.69216745852821 ], [ 139.467678914426926, 35.692215995816071 ], [ 139.467780114835364, 35.691977655415002 ], [ 139.467816257620456, 35.691894409270354 ], [ 139.468000977010462, 35.69193536554446 ], [ 139.467828563095907, 35.692371994726876 ], [ 139.467703578473731, 35.692343547686129 ], [ 139.467551551503533, 35.692726672855933 ], [ 139.467709305348706, 35.692875519875635 ], [ 139.467837258617919, 35.692998056854094 ], [ 139.467939795969812, 35.693092303793982 ], [ 139.468030761385734, 35.693138746201825 ], [ 139.468191914658718, 35.693220346806235 ], [ 139.4684601063108, 35.693357414795088 ], [ 139.468615374200169, 35.69343707339614 ], [ 139.46889336756584, 35.69357962030687 ], [ 139.469083742556819, 35.693631011526534 ], [ 139.469160416648606, 35.693622747619962 ], [ 139.469219013346361, 35.693614268686837 ], [ 139.469273875053204, 35.693606099029054 ], [ 139.469325800158003, 35.693595515970088 ], [ 139.469366718274642, 35.693585540808527 ], [ 139.469391120823644, 35.693577599599443 ], [ 139.469417092463516, 35.693570304327906 ], [ 139.469444837705112, 35.693561892313824 ], [ 139.46948025303351, 35.69355206077902 ], [ 139.469524552393409, 35.693533118997109 ], [ 139.469563352618138, 35.693513519382201 ], [ 139.469601566232626, 35.693493276783151 ], [ 139.469636247907317, 35.69347190140266 ], [ 139.46966464008338, 35.693450827611017 ], [ 139.469689100774787, 35.693430062535825 ], [ 139.469717915027388, 35.693402578015892 ], [ 139.469737659675644, 35.693381798685309 ], [ 139.469756634316866, 35.693357490430976 ], [ 139.469772882674221, 35.693327723747792 ], [ 139.469785611471224, 35.693294099238791 ], [ 139.469793264711797, 35.693253085611097 ], [ 139.469791504848729, 35.693207875761793 ], [ 139.469784579243878, 35.693175153693645 ], [ 139.469763974303049, 35.693125719135402 ], [ 139.469732362485217, 35.693076892527181 ], [ 139.469657308963605, 35.692988020034214 ], [ 139.469257923027556, 35.692922051691085 ], [ 139.468806941748454, 35.692751250045447 ], [ 139.468690534106628, 35.692639008248598 ], [ 139.468618980448213, 35.692558641595916 ], [ 139.468531040781954, 35.692451936080758 ], [ 139.468388413423696, 35.69227228861984 ], [ 139.468255015511289, 35.692050991031387 ], [ 139.468165691957154, 35.691903244299311 ], [ 139.468116797180016, 35.691852761835428 ], [ 139.467949341619601, 35.691688747895576 ], [ 139.467914130195879, 35.691654016259768 ], [ 139.467897289275982, 35.691641301453778 ], [ 139.46784876441842, 35.691595949596341 ], [ 139.467799058445166, 35.691551075032166 ], [ 139.467720957908256, 35.691484794339715 ], [ 139.46766809497305, 35.69144279552944 ], [ 139.467634606874412, 35.691418007633615 ], [ 139.46761208377157, 35.691401748930247 ], [ 139.467585051522946, 35.691383232325663 ], [ 139.467539990728028, 35.691353920847853 ], [ 139.467497654551863, 35.691330388426131 ], [ 139.467470994115757, 35.691316521620145 ], [ 139.467434112996727, 35.691303264942363 ], [ 139.467404675286673, 35.691295160473189 ], [ 139.467366556636506, 35.691294723997437 ], [ 139.467276193639492, 35.691288999063083 ], [ 139.467147758172359, 35.691272738768674 ], [ 139.466944747634471, 35.691235893312914 ], [ 139.466840984194022, 35.691238623156181 ], [ 139.466796181068815, 35.691238967648474 ], [ 139.466733306245203, 35.69123797469333 ], [ 139.466684984545395, 35.691234300934006 ], [ 139.46663961614874, 35.691229353752888 ], [ 139.466580328883339, 35.691217310959367 ], [ 139.466553061546733, 35.691207289296706 ], [ 139.466531494778934, 35.69119680409807 ], [ 139.466517405841643, 35.691183937184356 ], [ 139.466508444864758, 35.691166918099917 ], [ 139.466508738976387, 35.691145599122144 ], [ 139.46658212458911, 35.690996743896925 ], [ 139.466618370594745, 35.690976977140181 ], [ 139.466713716803753, 35.690924208312708 ], [ 139.466795861828274, 35.690879253905983 ], [ 139.466856544887463, 35.690843852097615 ], [ 139.466918801313312, 35.690808134447579 ], [ 139.467002743869898, 35.690756773376648 ], [ 139.467088869003675, 35.690700770191768 ], [ 139.467109766242686, 35.690685765583062 ], [ 139.467133639457501, 35.690664518330443 ], [ 139.467138801051817, 35.690652992444527 ], [ 139.467147582918187, 35.690580243038475 ], [ 139.467148114378972, 35.690549947988409 ], [ 139.467148301940597, 35.690508911803818 ], [ 139.467145861088341, 35.690484057906176 ], [ 139.467141094554648, 35.690452143741609 ], [ 139.467131412029062, 35.690421016121675 ], [ 139.467116249682675, 35.690385062835993 ], [ 139.467102417371109, 35.690359052183886 ], [ 139.467090115244901, 35.690342183275654 ], [ 139.467076840185001, 35.690323227508316 ], [ 139.467060413915078, 35.69030586515008 ], [ 139.467040457374793, 35.690287049349571 ], [ 139.467009521427713, 35.69026291024182 ], [ 139.466987191603351, 35.690247453507006 ], [ 139.466942902974154, 35.690221350149088 ], [ 139.466904861085311, 35.690204242579654 ], [ 139.466842493713386, 35.690178404754342 ], [ 139.466784066501674, 35.690150334696284 ], [ 139.466705661642663, 35.690108097384524 ], [ 139.466619432388399, 35.690058141795163 ], [ 139.466521434255526, 35.6900036618892 ], [ 139.466372458436581, 35.689924981546021 ], [ 139.46629090427038, 35.689884016762598 ], [ 139.466222664625946, 35.689853351716714 ], [ 139.466154800386448, 35.68982653497325 ], [ 139.466088653945548, 35.689802715993139 ], [ 139.46603648336125, 35.689786474067077 ], [ 139.465986457366711, 35.689772160655018 ], [ 139.46595936797695, 35.689766307195889 ], [ 139.465915790936009, 35.689756556214782 ], [ 139.465854932937731, 35.689744508270572 ], [ 139.465798771636798, 35.689736642430567 ], [ 139.465706055562009, 35.689730267938174 ], [ 139.465662825947391, 35.689730456516457 ], [ 139.465593250277067, 35.689734091198851 ], [ 139.465537025725837, 35.689740010829546 ], [ 139.465455606080781, 35.689755471434076 ], [ 139.46540013360908, 35.689768767091394 ], [ 139.465338741335842, 35.689787494821744 ], [ 139.465253703746527, 35.689820577211457 ], [ 139.465194229178678, 35.689849569920398 ], [ 139.465149717419081, 35.689872196369713 ], [ 139.465104594793246, 35.689899469628955 ], [ 139.465104579321832, 35.689902835878065 ], [ 139.465109870607307, 35.689905897759594 ], [ 139.4651369621904, 35.689911270516916 ], [ 139.465251692894924, 35.689916109762642 ], [ 139.465398667445754, 35.689916879655861 ], [ 139.465666462440566, 35.689880027369171 ], [ 139.465976526474407, 35.689966734351238 ], [ 139.465958746132287, 35.690030479425637 ], [ 139.466013187997703, 35.690070560210856 ], [ 139.466033516194244, 35.690136826064929 ], [ 139.466330293763406, 35.690228861641643 ], [ 139.466294969014399, 35.690283496336015 ], [ 139.466611715773411, 35.690456142763558 ], [ 139.466667812603191, 35.690392354007074 ], [ 139.466924793527227, 35.690529070700073 ], [ 139.466914982823255, 35.690654876199041 ], [ 139.466806962450363, 35.69072924707703 ], [ 139.466566703472665, 35.690802734142892 ], [ 139.466214541803367, 35.690982799493689 ], [ 139.465773823123499, 35.691105847319349 ] ] ] ] } },
{ "type": "Feature", "properties": { "fid": 8, "OBJECTID": 39, "SITEName": "Takikuboyokoanabo2", "SITENameJP": "多喜窪横穴墓2号", "JASID": 13214001402, "Age": "[奈良時代]", "Note": "横穴墓", "notification": "20250819「遺跡地図GISの現在地」ハンズオンWS用サンプルデータ（国分寺市による正式な遺跡地図ではありません）" }, "geometry": { "type": "MultiPolygon", "coordinates": [ [ [ [ 139.466321004290762, 35.691807502034472 ], [ 139.466325876617589, 35.691802453379687 ], [ 139.466333085224591, 35.691795513031266 ], [ 139.466336993160468, 35.691789274675969 ], [ 139.466341979139287, 35.691780586969777 ], [ 139.46634580350073, 35.691771421018146 ], [ 139.466350029925735, 35.691759170716161 ], [ 139.466351374416803, 35.691740898711295 ], [ 139.466349989987549, 35.691725545728538 ], [ 139.466343375390153, 35.691708673572101 ], [ 139.466339724485891, 35.691701146295529 ], [ 139.466329311991785, 35.691687664605276 ], [ 139.466322646659847, 35.691681868719442 ], [ 139.466315594486446, 35.691675834301869 ], [ 139.466309118409441, 35.691671067517596 ], [ 139.466297800098062, 35.691664782740141 ], [ 139.466285314736979, 35.691659206459221 ], [ 139.466273401484898, 35.691655768089447 ], [ 139.466254989323971, 35.691652547253597 ], [ 139.466239478661635, 35.691651075844192 ], [ 139.466224342153026, 35.691652612032385 ], [ 139.466212307450036, 35.691654513706112 ], [ 139.466195414560872, 35.691658378495639 ], [ 139.466181953669121, 35.691664627270008 ], [ 139.46617305928973, 35.691669070272027 ], [ 139.466167121967572, 35.691673720085817 ], [ 139.466160996118816, 35.691677182564341 ], [ 139.466157196035482, 35.69168104772303 ], [ 139.466151743623811, 35.691685699015061 ], [ 139.466146575994429, 35.691691696170132 ], [ 139.466141985907711, 35.691698644494586 ], [ 139.466137686767638, 35.691705593706338 ], [ 139.466129746329983, 35.691724082941143 ], [ 139.46612895765378, 35.691758615250329 ], [ 139.46613528398197, 35.691774893159021 ], [ 139.466139824525328, 35.691784045060537 ], [ 139.46614270707812, 35.691789928314776 ], [ 139.466147330966663, 35.691796766288313 ], [ 139.4661528107967, 35.691802004746471 ], [ 139.466155803115669, 35.691805099449297 ], [ 139.466160548349535, 35.691809267582528 ], [ 139.46616562361973, 35.691812843342234 ], [ 139.466172441314228, 35.691817136472061 ], [ 139.466177371111513, 35.691820711787585 ], [ 139.466186953900063, 35.691824775997922 ], [ 139.466192178997261, 35.691827402805494 ], [ 139.466206565147218, 35.691830888283569 ], [ 139.466216153920556, 35.691833647073885 ], [ 139.466234328377709, 35.691835838665533 ], [ 139.46625003956629, 35.691835886575198 ], [ 139.466269111337368, 35.691832740478006 ], [ 139.466285280152448, 35.691828161414669 ], [ 139.466292410571128, 35.691825058020832 ], [ 139.466301934079837, 35.691820893838965 ], [ 139.466306506399292, 35.691817822203539 ], [ 139.466314580603864, 35.691812466841952 ], [ 139.466321004290762, 35.691807502034472 ] ] ] ] } },
{ "type": "Feature", "properties": { "fid": 9, "OBJECTID": 40, "SITEName": "Takikuboyokoanabo1", "SITENameJP": "多喜窪横穴墓1号", "JASID": 13214001401, "Age": "[奈良時代]", "Note": "横穴墓", "notification": "20250819「遺跡地図GISの現在地」ハンズオンWS用サンプルデータ（国分寺市による正式な遺跡地図ではありません）" }, "geometry": { "type": "MultiPolygon", "coordinates": [ [ [ [ 139.468166368593444, 35.692881994412566 ], [ 139.468179628759486, 35.692876056882696 ], [ 139.468190699917216, 35.692868073242842 ], [ 139.468201603144422, 35.692859104521453 ], [ 139.46820801330108, 35.692852372619477 ], [ 139.468214609975519, 35.692842546916495 ], [ 139.468220175999903, 35.692831874169045 ], [ 139.468224189640011, 35.692821337366013 ], [ 139.468225969566902, 35.692809105951888 ], [ 139.468225719607517, 35.692788288547028 ], [ 139.468222161058435, 35.692774634411222 ], [ 139.46821584321961, 35.69276111255931 ], [ 139.468208823540465, 35.692750260985662 ], [ 139.468199382352282, 35.692741089903009 ], [ 139.468187190530983, 35.692730152313466 ], [ 139.468181690863588, 35.692726267673308 ], [ 139.46816293603726, 35.692717771601295 ], [ 139.468144078977957, 35.692712791541709 ], [ 139.468124006035652, 35.692709776932737 ], [ 139.468109005565708, 35.69270980174992 ], [ 139.468087957727676, 35.692712621277501 ], [ 139.468072333281555, 35.692717145093553 ], [ 139.468062142167554, 35.692721193108547 ], [ 139.468054424372866, 35.69272480322644 ], [ 139.468048371443956, 35.692728816912648 ], [ 139.468041396613188, 35.692733343528793 ], [ 139.468033147994134, 35.692739929190097 ], [ 139.468025989628785, 35.692746893234037 ], [ 139.468021881760819, 35.692752881963649 ], [ 139.468014998779921, 35.692762472365629 ], [ 139.468009423539712, 35.692775161102276 ], [ 139.468005508354622, 35.692789308291054 ], [ 139.468005574723207, 35.692812563124676 ], [ 139.468009190922629, 35.692826170557311 ], [ 139.46801249265144, 35.692833119459365 ], [ 139.468028691572044, 35.692847562109613 ], [ 139.468023556473184, 35.692851953654419 ], [ 139.468027791224245, 35.692855951674062 ], [ 139.468031671523534, 35.692862058413191 ], [ 139.46803865701898, 35.692867799500284 ], [ 139.468043010349845, 35.692871000845457 ], [ 139.468050231292978, 35.692875523653534 ], [ 139.4680591172135, 35.692880426588005 ], [ 139.468067033166164, 35.692883779395487 ], [ 139.468076669302718, 35.692887099907253 ], [ 139.468094731377818, 35.692890884366044 ], [ 139.468114767993171, 35.692892422013045 ], [ 139.468135292538619, 35.69289093709714 ], [ 139.46814979214443, 35.692887324105442 ], [ 139.468161141793047, 35.692884439984994 ], [ 139.468166368593444, 35.692881994412566 ] ] ] ] } },
{ "type": "Feature", "properties": { "fid": 10, "OBJECTID": 32, "SITEName": "Hachimanmae", "SITENameJP": "八幡前", "JASID": 13214001800, "Age": "[縄文時代（中期〜後期）]", "Note": null, "notification": "20250819「遺跡地図GISの現在地」ハンズオンWS用サンプルデータ（国分寺市による正式な遺跡地図ではありません）" }, "geometry": { "type": "MultiPolygon", "coordinates": [ [ [ [ 139.47789924279266, 35.695764226973381 ], [ 139.477900146736033, 35.695787022648304 ], [ 139.477903902016749, 35.695801463840787 ], [ 139.477911057842704, 35.695819686578176 ], [ 139.477920834888806, 35.6958361132913 ], [ 139.477936226576873, 35.695855672171028 ], [ 139.477965750290139, 35.695884209595313 ], [ 139.477981873926922, 35.695897375470132 ], [ 139.477995399992437, 35.695907008138228 ], [ 139.478020050843924, 35.695923806705153 ], [ 139.478048320733592, 35.695940451970067 ], [ 139.478078195859922, 35.695957757879576 ], [ 139.47816676261985, 35.695999095829755 ], [ 139.478191845013811, 35.696009254507274 ], [ 139.478280246488026, 35.696042556942039 ], [ 139.47834066393284, 35.696062740502043 ], [ 139.478402490707509, 35.696082436251828 ], [ 139.478487611525907, 35.696107611927772 ], [ 139.478554476148048, 35.696124534816413 ], [ 139.478608091090877, 35.696137483141335 ], [ 139.478679240290404, 35.696140152461062 ], [ 139.478743356795917, 35.696142145108951 ], [ 139.478844255102729, 35.696145229916269 ], [ 139.478955804429745, 35.69614900190922 ], [ 139.479042000935038, 35.696158274450106 ], [ 139.479172986615509, 35.696176205592884 ], [ 139.479297037981695, 35.696193952220476 ], [ 139.47933671463332, 35.6961995621852 ], [ 139.479347665007595, 35.696200742236428 ], [ 139.479353793863652, 35.696201252194626 ], [ 139.479469340601383, 35.69618272528669 ], [ 139.479613492677203, 35.696160037106857 ], [ 139.479876012342629, 35.696117271945248 ], [ 139.479877021046406, 35.696116455014781 ], [ 139.479895121337677, 35.696091747413213 ], [ 139.479933522221614, 35.6960447983381 ], [ 139.479968075527779, 35.696004233115808 ], [ 139.479993746446581, 35.695972168691299 ], [ 139.48001457269109, 35.695944681438505 ], [ 139.480030575967419, 35.695916852069701 ], [ 139.480040320958068, 35.695895071534579 ], [ 139.480047444772566, 35.695875087068998 ], [ 139.480052963344093, 35.695854441977964 ], [ 139.480056489827945, 35.695829691578524 ], [ 139.480056539744822, 35.69579558420314 ], [ 139.480055061428203, 35.695766145728989 ], [ 139.480052641294549, 35.695745149381942 ], [ 139.480045918498178, 35.695697001969819 ], [ 139.480040458920087, 35.695658696972878 ], [ 139.480034068015556, 35.695626456445659 ], [ 139.480028228451317, 35.695605941997179 ], [ 139.480019697958966, 35.695580254328291 ], [ 139.48000974408771, 35.695558251996616 ], [ 139.47999449151456, 35.695529838950343 ], [ 139.479980920459667, 35.695507580030913 ], [ 139.47996993946731, 35.695490576024326 ], [ 139.479951853171627, 35.695466582072989 ], [ 139.479922356752525, 35.695431732040959 ], [ 139.479881036629337, 35.69538864836111 ], [ 139.479821963608629, 35.695337149630511 ], [ 139.479793413023884, 35.695315748579667 ], [ 139.479769965540953, 35.695299527832852 ], [ 139.479754629140643, 35.695290136013185 ], [ 139.479734272072022, 35.695279663583648 ], [ 139.479722832309506, 35.695275530517456 ], [ 139.47969470612702, 35.695271840366011 ], [ 139.479658236736896, 35.695268371663119 ], [ 139.479573244306664, 35.695259759017041 ], [ 139.47951055079821, 35.695254327447287 ], [ 139.479465161973167, 35.695245011232636 ], [ 139.479374192759735, 35.695224246468477 ], [ 139.479179908014061, 35.695179072884763 ], [ 139.478990539645679, 35.69513588120153 ], [ 139.478905191473956, 35.695116854403331 ], [ 139.478832367205797, 35.695106801254568 ], [ 139.478698270166404, 35.695088286652215 ], [ 139.478684614243349, 35.69508529480791 ], [ 139.478557701222968, 35.695055978634215 ], [ 139.478477976924239, 35.695038033968075 ], [ 139.478396034964163, 35.695021558516665 ], [ 139.478343205238815, 35.695013039831679 ], [ 139.47832150295369, 35.695011336045233 ], [ 139.478265441750011, 35.695006251344083 ], [ 139.478242532655514, 35.695004707962234 ], [ 139.478222628600093, 35.695005469139645 ], [ 139.478206939303107, 35.695007718554187 ], [ 139.478196268821506, 35.69501145857965 ], [ 139.478188407451171, 35.695016354741206 ], [ 139.478182758692213, 35.695020929473188 ], [ 139.478178300024553, 35.695029115242704 ], [ 139.478175050350671, 35.695036648665095 ], [ 139.478174408774805, 35.695045337631683 ], [ 139.478174953655866, 35.695058457517739 ], [ 139.478179209486768, 35.695096021145886 ], [ 139.478180272351409, 35.695128328042045 ], [ 139.478174076854458, 35.695256212974911 ], [ 139.478166948616376, 35.695322439247086 ], [ 139.47815994614885, 35.695360297613561 ], [ 139.478113469770733, 35.695414929284574 ], [ 139.478055877111245, 35.695483138341928 ], [ 139.478027133611391, 35.69552798360538 ], [ 139.477993733982828, 35.69558019414815 ], [ 139.477971446928109, 35.695619647166737 ], [ 139.477900100700822, 35.695752095100509 ], [ 139.47789924279266, 35.695764226973381 ] ] ] ] } },
{ "type": "Feature", "properties": { "fid": 11, "OBJECTID": 449, "SITEName": "Musashikokubunjiato", "SITENameJP": "武蔵国分寺跡", "JASID": 13214001200, "Age": "[旧石器時代][縄文時代][奈良時代][平安時代][中世][近世]", "Note": null, "notification": "20250819「遺跡地図GISの現在地」ハンズオンWS用サンプルデータ（国分寺市による正式な遺跡地図ではありません）" }, "geometry": { "type": "MultiPolygon", "coordinates": [ [ [ [ 139.46666760923523, 35.69964525297187 ], [ 139.467130509838057, 35.699666539290703 ], [ 139.467768536183172, 35.69972490411886 ], [ 139.468544840860346, 35.699799073466323 ], [ 139.469024224041533, 35.699826173241128 ], [ 139.469396859938257, 35.699818323695631 ], [ 139.469838634616281, 35.699818376182115 ], [ 139.470141887297615, 35.699856481069389 ], [ 139.471055226438978, 35.699874622170185 ], [ 139.471896166914121, 35.699910492526598 ], [ 139.473114472324824, 35.699935945328711 ], [ 139.474006554905031, 35.699961694806248 ], [ 139.474146849239446, 35.699966281318481 ], [ 139.474282039901908, 35.699969570046697 ], [ 139.474423520553557, 35.699972556779009 ], [ 139.474560294865057, 35.699973285122901 ], [ 139.47464567795646, 35.699952380034439 ], [ 139.474732641750819, 35.699929555998985 ], [ 139.474760618901342, 35.699913609381952 ], [ 139.47486329261838, 35.699805552650858 ], [ 139.474867062372994, 35.699753626799563 ], [ 139.474874924589386, 35.699665485419587 ], [ 139.474882885792397, 35.69955522298379 ], [ 139.474895336751302, 35.699407784400265 ], [ 139.47484805121158, 35.699347050323709 ], [ 139.474803874107721, 35.699294340468548 ], [ 139.474757767794358, 35.699233609868131 ], [ 139.474722631934924, 35.699180606315963 ], [ 139.474696548723131, 35.699124744331719 ], [ 139.474682957784125, 35.699087834920711 ], [ 139.474670573223051, 35.69904483771618 ], [ 139.474664086981448, 35.699001216886828 ], [ 139.47466704923005, 35.698954097618298 ], [ 139.474677114701365, 35.698900587528335 ], [ 139.474698176336375, 35.698849033795192 ], [ 139.474746016956345, 35.698785697661393 ], [ 139.47480559666522, 35.698733938047951 ], [ 139.475063175815507, 35.698438471208334 ], [ 139.475577801431683, 35.697965514794838 ], [ 139.475812595275812, 35.697490442928718 ], [ 139.476417081296717, 35.696782429710211 ], [ 139.47641946511979, 35.696776665988715 ], [ 139.476500602532752, 35.696737472806603 ], [ 139.476578650326559, 35.696774252476771 ], [ 139.477129823381233, 35.6963860358075 ], [ 139.477221137137178, 35.696356169631727 ], [ 139.477716159034912, 35.69613225163792 ], [ 139.477777831090322, 35.69613948700399 ], [ 139.477882743716719, 35.696233411886006 ], [ 139.478649647921657, 35.696117372788173 ], [ 139.47936937379572, 35.69618232879062 ], [ 139.479963963811173, 35.696104567037906 ], [ 139.480573934429799, 35.696103791299201 ], [ 139.480830456765034, 35.69604170525777 ], [ 139.48087057909089, 35.694127032861203 ], [ 139.480906780002925, 35.693701551844427 ], [ 139.480940959999202, 35.693436195401354 ], [ 139.480957588255023, 35.693229777898154 ], [ 139.481016699328563, 35.692478465257842 ], [ 139.480905274423833, 35.691899777211582 ], [ 139.480903333921702, 35.691804874009129 ], [ 139.480475417019363, 35.690631507741152 ], [ 139.480182677697911, 35.690711440478047 ], [ 139.480126522672208, 35.690612530996027 ], [ 139.479970807485074, 35.690632913010532 ], [ 139.479911397322951, 35.690470194513601 ], [ 139.479458401174242, 35.690531060114616 ], [ 139.479389658924077, 35.690257065797496 ], [ 139.479234067523976, 35.690249555042918 ], [ 139.478403564479322, 35.690186195360006 ], [ 139.478399195197767, 35.690107956127349 ], [ 139.478006323430918, 35.69008114917942 ], [ 139.477991531099718, 35.689872074446463 ], [ 139.47779748788389, 35.689850983139777 ], [ 139.477720224811719, 35.689196090092544 ], [ 139.477302301008962, 35.689148047261533 ], [ 139.477115359044575, 35.689121205062349 ], [ 139.476932355569375, 35.689092450634035 ], [ 139.475803029898174, 35.689066659981364 ], [ 139.475636532202401, 35.68903795260357 ], [ 139.475322374422433, 35.688986363976646 ], [ 139.474716631916806, 35.688932623882813 ], [ 139.474175854638418, 35.688939347342263 ], [ 139.474158900905849, 35.689214691995311 ], [ 139.473169684306185, 35.689230331349222 ], [ 139.473167774689301, 35.689392869726021 ], [ 139.472864820349997, 35.689384268577001 ], [ 139.472870684369383, 35.688954361820961 ], [ 139.472264977087548, 35.68889323570594 ], [ 139.472192404450908, 35.688951687781632 ], [ 139.472012182966267, 35.688916522228666 ], [ 139.471695852530246, 35.688824522049906 ], [ 139.471600194360974, 35.68877357988864 ], [ 139.471408582959981, 35.688737096808964 ], [ 139.471162050417121, 35.688679288624954 ], [ 139.470928870782615, 35.688623443733007 ], [ 139.47070027951986, 35.688595824993037 ], [ 139.470053504993786, 35.688579127418336 ], [ 139.469419306049872, 35.688562464384674 ], [ 139.467956636435758, 35.688128750910245 ], [ 139.467868048716809, 35.688509995744113 ], [ 139.467873571173698, 35.68876392751752 ], [ 139.467493067576584, 35.688763252706643 ], [ 139.467450397060105, 35.688598094305803 ], [ 139.466600851776207, 35.688450918842975 ], [ 139.466555302897547, 35.688786207561137 ], [ 139.465111030106982, 35.688541990052705 ], [ 139.465067784029401, 35.688781025163699 ], [ 139.464636594674204, 35.688714303021662 ], [ 139.464503728152465, 35.68932015005916 ], [ 139.463685145700026, 35.689318280543027 ], [ 139.463647402706783, 35.689662488684583 ], [ 139.464280033999216, 35.689679818538394 ], [ 139.464460604437988, 35.689681494062427 ], [ 139.464459455366608, 35.689760358058201 ], [ 139.464964148435257, 35.689825061581097 ], [ 139.464969850543014, 35.689909717339177 ], [ 139.465165475535997, 35.689927948754267 ], [ 139.465373283866199, 35.689946056791442 ], [ 139.465404328143165, 35.689946472275466 ], [ 139.465661229289935, 35.689885702030509 ], [ 139.465975955497328, 35.689984125140732 ], [ 139.465944062984676, 35.690040132756117 ], [ 139.466014390604101, 35.69008683431305 ], [ 139.46599940158319, 35.690141771418567 ], [ 139.466330293763406, 35.690228861641643 ], [ 139.466281923898947, 35.690278727717121 ], [ 139.466607124961001, 35.690450277835012 ], [ 139.466655914860013, 35.690394481815851 ], [ 139.466910860453595, 35.690546581122049 ], [ 139.46691666438457, 35.690652396670089 ], [ 139.46676927626865, 35.69074171586486 ], [ 139.466580413021262, 35.690791154174001 ], [ 139.466208119366911, 35.690990714748118 ], [ 139.465759947063617, 35.691110854395028 ], [ 139.465806400509507, 35.691436084214708 ], [ 139.465832984551383, 35.69155222242199 ], [ 139.465906160632727, 35.69187785435642 ], [ 139.466246079663193, 35.692054900534359 ], [ 139.467144969207908, 35.692377275989706 ], [ 139.467332239522051, 35.692161120203131 ], [ 139.467669085459875, 35.692237484761201 ], [ 139.467786826237017, 35.691884862215794 ], [ 139.467977993438495, 35.691933853093794 ], [ 139.46781488899353, 35.692366648284263 ], [ 139.467691221779205, 35.692338540861627 ], [ 139.467193252377541, 35.693722337822869 ], [ 139.467182405949444, 35.693945762665756 ], [ 139.467142538640957, 35.694155634043959 ], [ 139.467141435550531, 35.694568883373719 ], [ 139.467219469562792, 35.694607272062562 ], [ 139.467219383429324, 35.694712107814425 ], [ 139.467148513805057, 35.694997866934095 ], [ 139.464544956982508, 35.694919547241525 ], [ 139.464505168442173, 35.695068023151798 ], [ 139.464429772891833, 35.695352965259353 ], [ 139.465398936487958, 35.695356091737075 ], [ 139.465572271890068, 35.695438374256931 ], [ 139.465580916662844, 35.695438721266562 ], [ 139.465651849970129, 35.695397260029949 ], [ 139.465805125701962, 35.695397407502874 ], [ 139.46679882421293, 35.695621650890523 ], [ 139.466793679698213, 35.695715250242486 ], [ 139.466782736639828, 35.695873593007356 ], [ 139.466752843366407, 35.696222314071527 ], [ 139.46672556030228, 35.696515899973065 ], [ 139.466682118425496, 35.697076816454967 ], [ 139.467094589244113, 35.697121673610219 ], [ 139.467075704064172, 35.697297945761896 ], [ 139.467026782208052, 35.6976825160326 ], [ 139.46699812986094, 35.6979318550625 ], [ 139.46697237219314, 35.6980638635617 ], [ 139.466913647205757, 35.698357353717121 ], [ 139.466861232213375, 35.698646054051082 ], [ 139.46666760923523, 35.69964525297187 ] ] ] ] } },
{ "type": "Feature", "properties": { "fid": 12, "OBJECTID": 31, "SITEName": "Koigakubo", "SITENameJP": "恋ヶ窪", "JASID": 13214000200, "Age": "[旧石器時代][縄文時代（早期・中期〜後期）][奈良時代][平安時代][中世]", "Note": null, "notification": "20250819「遺跡地図GISの現在地」ハンズオンWS用サンプルデータ（国分寺市による正式な遺跡地図ではありません）" }, "geometry": { "type": "MultiPolygon", "coordinates": [ [ [ [ 139.468761532341631, 35.704505691256877 ], [ 139.468871614914519, 35.704575790080085 ], [ 139.468894790944546, 35.70458722778708 ], [ 139.468931896544206, 35.704600267911758 ], [ 139.468963830349395, 35.704608834513138 ], [ 139.469028537051287, 35.704621735267253 ], [ 139.469134477848741, 35.704641224651546 ], [ 139.469223501412273, 35.704655090448142 ], [ 139.469308990759941, 35.704664933420055 ], [ 139.469398304870651, 35.704675010788819 ], [ 139.469465644208071, 35.704679895127889 ], [ 139.469525209587118, 35.70468163543314 ], [ 139.469573462182666, 35.704677211968537 ], [ 139.469625016263734, 35.704667894819515 ], [ 139.469696818997789, 35.704652732165371 ], [ 139.469771219269603, 35.704637242975068 ], [ 139.469868042159789, 35.704618589505422 ], [ 139.470009310993078, 35.704591265862966 ], [ 139.47007658899534, 35.704579544161774 ], [ 139.470213062870044, 35.704554991968315 ], [ 139.470340225352231, 35.704534869394827 ], [ 139.470460276751965, 35.704516062605222 ], [ 139.470587704302403, 35.704497723711334 ], [ 139.470700097033273, 35.704480453850231 ], [ 139.47091338393497, 35.704450559939502 ], [ 139.471070617595444, 35.704427852420913 ], [ 139.471161942332827, 35.704416313930047 ], [ 139.471498608750949, 35.704235668832837 ], [ 139.471652294959313, 35.704151208575581 ], [ 139.471741891627175, 35.704098652170323 ], [ 139.471848479978945, 35.70403522498043 ], [ 139.471940278610674, 35.70397910875343 ], [ 139.472016747081227, 35.703928964544211 ], [ 139.47207379449722, 35.703882996961347 ], [ 139.472152941340568, 35.70378427006375 ], [ 139.472290079512248, 35.703611939542398 ], [ 139.472396732078437, 35.703473397159655 ], [ 139.472467080438747, 35.703386456983935 ], [ 139.472661972971508, 35.703132051693785 ], [ 139.472779225644075, 35.702975597843228 ], [ 139.472845496791734, 35.702883630133641 ], [ 139.472935178110987, 35.702751054530722 ], [ 139.472977565323191, 35.702683422000291 ], [ 139.472998548824989, 35.70263556284803 ], [ 139.47301477196504, 35.702581514773591 ], [ 139.473029692356221, 35.702514134053686 ], [ 139.473043809040519, 35.702438665361008 ], [ 139.47306913526117, 35.702261681007393 ], [ 139.473102065225248, 35.701963024794217 ], [ 139.473134371804264, 35.701578783035529 ], [ 139.473143633968306, 35.701424574104436 ], [ 139.472962776371048, 35.701354713066728 ], [ 139.472818603950515, 35.701305806371124 ], [ 139.472624994252499, 35.70124047169417 ], [ 139.472292061377146, 35.701141846425344 ], [ 139.471998829330346, 35.701046186168824 ], [ 139.471903247674646, 35.701012961909171 ], [ 139.471797296853964, 35.70097250257831 ], [ 139.471681501407659, 35.700921355548701 ], [ 139.471524448641702, 35.700845099975318 ], [ 139.471469390077601, 35.700814175239358 ], [ 139.471364280962206, 35.700761010749282 ], [ 139.471273049492879, 35.700724427644033 ], [ 139.47119827847601, 35.700701913420957 ], [ 139.471143665845148, 35.700693279172363 ], [ 139.471095024501921, 35.700693578587043 ], [ 139.47103869774611, 35.700701433210462 ], [ 139.470968688074635, 35.700713704475504 ], [ 139.470883860083887, 35.70073975044302 ], [ 139.470814334311939, 35.700765842437605 ], [ 139.470678507190797, 35.700830072239093 ], [ 139.470585898613678, 35.700884624849351 ], [ 139.47053271543669, 35.700922356362113 ], [ 139.470487165187393, 35.700964122933136 ], [ 139.470460250813602, 35.700993909450858 ], [ 139.470439906677598, 35.70102104105564 ], [ 139.470408706566189, 35.701092049832248 ], [ 139.470391667723646, 35.701113396178037 ], [ 139.470373560091559, 35.70112938986825 ], [ 139.470322076808174, 35.701153752836035 ], [ 139.470263531270604, 35.701168732977031 ], [ 139.470182040268554, 35.701181860721832 ], [ 139.46991360550291, 35.701202448275694 ], [ 139.469814095677293, 35.701211955080055 ], [ 139.46970854585112, 35.701227684557445 ], [ 139.469613914095902, 35.701246121648964 ], [ 139.469512675537089, 35.701275237556473 ], [ 139.469450820300636, 35.70129689408472 ], [ 139.469398806324705, 35.70131768876491 ], [ 139.469350599682514, 35.701342507007965 ], [ 139.469118870962063, 35.701463505584407 ], [ 139.468918853626946, 35.701581479220323 ], [ 139.468756084027149, 35.701680842340956 ], [ 139.468674947976098, 35.701735874000654 ], [ 139.468646421540598, 35.701759414221598 ], [ 139.468586564973748, 35.70182208864891 ], [ 139.468554166160487, 35.70185587018576 ], [ 139.468512379049315, 35.701911020975786 ], [ 139.468475516633617, 35.7019648493212 ], [ 139.468429251641453, 35.702043167366789 ], [ 139.468398892485027, 35.702109051617491 ], [ 139.468383342116567, 35.702163390331144 ], [ 139.468375459252428, 35.702214186004781 ], [ 139.468373521054872, 35.702279710631451 ], [ 139.468405585015546, 35.702439399138271 ], [ 139.468442025340863, 35.702598209328286 ], [ 139.46851689755627, 35.702958631126293 ], [ 139.468531024191293, 35.70309686750327 ], [ 139.468523220524503, 35.703130277777468 ], [ 139.468475616084135, 35.703262531829864 ], [ 139.468463340636646, 35.703317772041345 ], [ 139.468411189546714, 35.703415255186101 ], [ 139.468405924889538, 35.703444201106038 ], [ 139.468414913182329, 35.703510650418131 ], [ 139.468434964522658, 35.703599309658976 ], [ 139.468441597716321, 35.7036515995785 ], [ 139.468445947726337, 35.703776432742082 ], [ 139.468463893994851, 35.703916018044325 ], [ 139.468512421962657, 35.70418096179089 ], [ 139.468536006389144, 35.704282672387642 ], [ 139.468544085086336, 35.704308886775465 ], [ 139.468562006984882, 35.704333905083196 ], [ 139.468607695539816, 35.704382411272782 ], [ 139.468661307887317, 35.704431164344932 ], [ 139.468669489666496, 35.704434755418028 ], [ 139.468761532341631, 35.704505691256877 ] ] ] ] } },
{ "type": "Feature", "properties": { "fid": 13, "OBJECTID": 31, "SITEName": "Tonogayatokita", "SITENameJP": "殿ヶ谷戸北", "JASID": 13214002000, "Age": "[旧石器時代][縄文時代（早期・中期）]", "Note": null, "notification": "20250819「遺跡地図GISの現在地」ハンズオンWS用サンプルデータ（国分寺市による正式な遺跡地図ではありません）" }, "geometry": { "type": "MultiPolygon", "coordinates": [ [ [ [ 139.486692347711852, 35.700406346925234 ], [ 139.48698910655591, 35.700416090083642 ], [ 139.487616647071235, 35.700437013652028 ], [ 139.488286637662185, 35.700460068227699 ], [ 139.488288579835455, 35.700343343860581 ], [ 139.488242825358697, 35.700082247488787 ], [ 139.488145589187496, 35.69955332961986 ], [ 139.488084513146191, 35.699221748727076 ], [ 139.488035395054794, 35.698978084991836 ], [ 139.487979978253634, 35.698713726297861 ], [ 139.487927617844349, 35.698462553857041 ], [ 139.487896984218736, 35.698462130519736 ], [ 139.48786047378681, 35.698441816024371 ], [ 139.487329227835431, 35.698622345300777 ], [ 139.487120387052528, 35.698704428540772 ], [ 139.486670764687801, 35.699217350083245 ], [ 139.486592250147766, 35.699305845410699 ], [ 139.486598165452278, 35.699554249017517 ], [ 139.486614291023727, 35.699913877353524 ], [ 139.486669803062711, 35.699914540385855 ], [ 139.486692347711852, 35.700406346925234 ] ] ] ] } },
{ "type": "Feature", "properties": { "fid": 14, "OBJECTID": 71, "SITEName": "Tonogayato", "SITENameJP": "殿ヶ谷戸", "JASID": 13214002100, "Age": "[旧石器時代][縄文時代（早期・中期）]", "Note": null, "notification": "20250819「遺跡地図GISの現在地」ハンズオンWS用サンプルデータ（国分寺市による正式な遺跡地図ではありません）" }, "geometry": { "type": "MultiPolygon", "coordinates": [ [ [ [ 139.484101435447798, 35.699545071127964 ], [ 139.484194310776331, 35.699565604625079 ], [ 139.484273449030383, 35.699586646442576 ], [ 139.484292986472184, 35.699593588369474 ], [ 139.484302756558264, 35.699596746368769 ], [ 139.484313191599, 35.699601392888248 ], [ 139.484322277298446, 35.699607522087348 ], [ 139.484334923931328, 35.699610923149656 ], [ 139.484347669893481, 35.699613542081281 ], [ 139.484377094836219, 35.699618713100712 ], [ 139.484410746350392, 35.699622488013546 ], [ 139.484444402639497, 35.699625167546586 ], [ 139.484508176788637, 35.69962809083669 ], [ 139.48454261099775, 35.699628347102923 ], [ 139.48457724147417, 35.699627586785454 ], [ 139.484634229573373, 35.69962493518404 ], [ 139.484666561059328, 35.699623464005363 ], [ 139.484703984079744, 35.699620208004845 ], [ 139.484738914227336, 35.699616710048126 ], [ 139.484783826747559, 35.699611676152315 ], [ 139.484817706887299, 35.699607001506273 ], [ 139.48482758925698, 35.699606404184934 ], [ 139.484851106407433, 35.699602560184452 ], [ 139.484887102541791, 35.699596561535323 ], [ 139.484900928135772, 35.699593550128895 ], [ 139.484944134173958, 35.699583894971191 ], [ 139.485001362390079, 35.699570133564571 ], [ 139.485037464285114, 35.699561866166128 ], [ 139.48508315635496, 35.699554017711648 ], [ 139.485117816730764, 35.699546372052389 ], [ 139.485161507754128, 35.699535466351669 ], [ 139.485198289891486, 35.69952516658735 ], [ 139.485236517602431, 35.699513306157435 ], [ 139.485274846661241, 35.699500194140619 ], [ 139.48531625666709, 35.699484430800204 ], [ 139.485343832602183, 35.6994736349234 ], [ 139.485350459833739, 35.699471619797244 ], [ 139.485358053051101, 35.699468042628517 ], [ 139.485383228287674, 35.699457865736427 ], [ 139.485425323616198, 35.699438896428063 ], [ 139.485446752908643, 35.699429882321688 ], [ 139.485501639369772, 35.699403125779931 ], [ 139.485571147551696, 35.699366709481666 ], [ 139.485602588011545, 35.699349508887487 ], [ 139.485634416547896, 35.699331292263381 ], [ 139.485675236888454, 35.699307702921367 ], [ 139.48573640560241, 35.699269971451471 ], [ 139.485776948312207, 35.699244034020644 ], [ 139.48582081444016, 35.69921482001763 ], [ 139.485869738145709, 35.699180574005382 ], [ 139.485899469077964, 35.69915941719006 ], [ 139.485922857675206, 35.699140941402597 ], [ 139.485984062792369, 35.699094759801973 ], [ 139.486028667997914, 35.699060970712786 ], [ 139.486087131183154, 35.699016658949418 ], [ 139.48615844007432, 35.69896299519791 ], [ 139.48622801827571, 35.698910265313749 ], [ 139.486296295390162, 35.698858939989016 ], [ 139.486368327961287, 35.698804221933813 ], [ 139.4864376166081, 35.6987518431796 ], [ 139.486545594216693, 35.698669531020712 ], [ 139.48660015946038, 35.698628141839485 ], [ 139.486671178385336, 35.698574829031521 ], [ 139.486777713641487, 35.698493231352934 ], [ 139.486802017466573, 35.698475124784693 ], [ 139.486850951851608, 35.69843820839796 ], [ 139.486904865910702, 35.698397609399528 ], [ 139.48696711921329, 35.698349992614631 ], [ 139.487038464032651, 35.698296064370084 ], [ 139.487321784516922, 35.698082105483174 ], [ 139.487557752839933, 35.697902888617335 ], [ 139.487555067907493, 35.697899932168326 ], [ 139.487533908844711, 35.697883301247671 ], [ 139.487502822690232, 35.697860326225985 ], [ 139.487485938770959, 35.697846986398076 ], [ 139.487448296202558, 35.697818007029781 ], [ 139.487410759666972, 35.697789468064308 ], [ 139.487369996234548, 35.69775854321913 ], [ 139.487349130472779, 35.697742727312125 ], [ 139.487246814205037, 35.697728591728257 ], [ 139.487100584076359, 35.697707177968852 ], [ 139.486470712113118, 35.697611093062534 ], [ 139.486059694272967, 35.697548512658649 ], [ 139.485480231901477, 35.697473957334573 ], [ 139.485203438925765, 35.697439224672685 ], [ 139.484836218458895, 35.697441273110826 ], [ 139.484479775139533, 35.697440240635331 ], [ 139.484153632423414, 35.697451159404068 ], [ 139.483800045074986, 35.697382455989015 ], [ 139.483455152391514, 35.697316561878793 ], [ 139.483167568913473, 35.697262252294969 ], [ 139.482955002079763, 35.697269153444509 ], [ 139.482929569252121, 35.697264066286557 ], [ 139.482910766214019, 35.697261040808478 ], [ 139.482815011426936, 35.697244670499394 ], [ 139.482799775151449, 35.697241469718655 ], [ 139.482744657235401, 35.697232087523162 ], [ 139.482712281959266, 35.697227041989755 ], [ 139.482261999350527, 35.697171018421258 ], [ 139.482195455364746, 35.697163335582459 ], [ 139.482163596054079, 35.697161757272077 ], [ 139.482148756488755, 35.697163261240746 ], [ 139.48213713574205, 35.69716607429816 ], [ 139.482128321136514, 35.69716914310353 ], [ 139.482120867730913, 35.697173237072256 ], [ 139.48211580751817, 35.697176595337758 ], [ 139.482113104055912, 35.69717887739656 ], [ 139.482107045442518, 35.697184986873744 ], [ 139.482103226787672, 35.697190700598512 ], [ 139.482099474368908, 35.697198611627478 ], [ 139.482095993408961, 35.697213826521761 ], [ 139.482095892992788, 35.697236725696023 ], [ 139.482100076579542, 35.697260256274866 ], [ 139.482105464395488, 35.697277353760228 ], [ 139.48211175832509, 35.697295444136358 ], [ 139.482116127370631, 35.697302636176438 ], [ 139.48212078144789, 35.697314037598659 ], [ 139.482126045209469, 35.697324821895016 ], [ 139.482129200319179, 35.697332010392763 ], [ 139.48213431668259, 35.697341804011458 ], [ 139.482138379534234, 35.697349614061856 ], [ 139.482144554840261, 35.697360153455001 ], [ 139.482152081719164, 35.697373915094374 ], [ 139.48216021774121, 35.697387183386731 ], [ 139.482181318962432, 35.69741979932153 ], [ 139.482199265079828, 35.697445226756827 ], [ 139.482211040225508, 35.697459124565505 ], [ 139.482254534833004, 35.697506535732174 ], [ 139.482302253063807, 35.697559715011572 ], [ 139.482339925478044, 35.697602591165428 ], [ 139.482370503438602, 35.697636905740929 ], [ 139.482414827942392, 35.697685433296513 ], [ 139.482440345891121, 35.697714410524163 ], [ 139.482465113005048, 35.697741590734779 ], [ 139.482495687547868, 35.697776709843829 ], [ 139.482515777225046, 35.697797811147176 ], [ 139.482542280764079, 35.697826976896629 ], [ 139.482580181046956, 35.697869853638146 ], [ 139.482600339595052, 35.697892564279456 ], [ 139.482616948172534, 35.697911613037959 ], [ 139.482655160693355, 35.69795251017095 ], [ 139.4826704092944, 35.697970255260614 ], [ 139.482710578010938, 35.698014933391576 ], [ 139.482724697769754, 35.698030570911016 ], [ 139.482728693510978, 35.698036400251141 ], [ 139.482742514124112, 35.698051046650029 ], [ 139.482759728659545, 35.698070344715155 ], [ 139.482781027012408, 35.698092687302641 ], [ 139.48278826954197, 35.69810211574184 ], [ 139.482828288542095, 35.698146360163804 ], [ 139.482854041985433, 35.698173605055636 ], [ 139.482865673189991, 35.69818576944769 ], [ 139.482898916866191, 35.698217863592149 ], [ 139.482905330785854, 35.698225928022126 ], [ 139.482928673162661, 35.698249328671196 ], [ 139.482947402519102, 35.698269250023166 ], [ 139.482969459427096, 35.69829165667533 ], [ 139.482988114826441, 35.698311144572507 ], [ 139.483008359218132, 35.698331627338376 ], [ 139.483019164537723, 35.698341808817638 ], [ 139.483021426355009, 35.698345095593517 ], [ 139.483029810807295, 35.698353660874993 ], [ 139.483057456317852, 35.698382025256912 ], [ 139.483077097015411, 35.698401763569045 ], [ 139.483081019634938, 35.698406973780045 ], [ 139.483113425376473, 35.698439870002147 ], [ 139.483133437615606, 35.698461404208771 ], [ 139.483143326548344, 35.698472944600432 ], [ 139.483185837268934, 35.698520043111074 ], [ 139.48319096520018, 35.698527237318622 ], [ 139.483236420931775, 35.698577562680548 ], [ 139.483239595397066, 35.698580356983122 ], [ 139.483252203050768, 35.698594814123553 ], [ 139.483282632468985, 35.698628571017835 ], [ 139.483301202413088, 35.698650286673171 ], [ 139.48335126622132, 35.698705267173885 ], [ 139.483431561037889, 35.698796046317206 ], [ 139.483566318707091, 35.698946630581844 ], [ 139.483739940900364, 35.699141207892509 ], [ 139.484101435447798, 35.699545071127964 ] ] ] ] } },
{ "type": "Feature", "properties": { "fid": 15, "OBJECTID": 29, "SITEName": "Koigakubohaijiato", "SITENameJP": "恋ヶ窪廃寺跡", "JASID": 13214002200, "Age": "[縄文時代][平安時代][中世]", "Note": null, "notification": "20250819「遺跡地図GISの現在地」ハンズオンWS用サンプルデータ（国分寺市による正式な遺跡地図ではありません）" }, "geometry": { "type": "MultiPolygon", "coordinates": [ [ [ [ 139.465651404705085, 35.697661946632927 ], [ 139.465648437399864, 35.69810235644664 ], [ 139.465612359809256, 35.699263025500301 ], [ 139.465611871998306, 35.699289485844218 ], [ 139.465615363100255, 35.699294992102409 ], [ 139.465618331947923, 35.699298399762398 ], [ 139.46562242565065, 35.699301376995912 ], [ 139.46562295222131, 35.699302535571505 ], [ 139.465632086635281, 35.699308179585699 ], [ 139.465640380395172, 35.699310277819855 ], [ 139.465650574809473, 35.69931030895993 ], [ 139.465656996243041, 35.699308303882276 ], [ 139.465662587094727, 35.699306995268188 ], [ 139.465691337071888, 35.699300912590246 ], [ 139.46577147333204, 35.699288430681811 ], [ 139.465954444725924, 35.699262379017838 ], [ 139.466085494358452, 35.699243496133008 ], [ 139.466305954000916, 35.699213123262965 ], [ 139.466789237665694, 35.699141417720213 ], [ 139.466864731140561, 35.698675421966293 ], [ 139.466683419377347, 35.698476996304358 ], [ 139.466591120481183, 35.698284947812319 ], [ 139.466456069283254, 35.698008021096634 ], [ 139.466431071225259, 35.697960637796903 ], [ 139.466426771708598, 35.697935942722665 ], [ 139.466424686727805, 35.69790945467139 ], [ 139.466424817458574, 35.697880916542928 ], [ 139.466428432878274, 35.697848532478218 ], [ 139.466433124350488, 35.697822065081589 ], [ 139.466431593185234, 35.697812290468264 ], [ 139.466396998718807, 35.697658051258237 ], [ 139.465651404705085, 35.697661946632927 ] ] ] ] } },
{ "type": "Feature", "properties": { "fid": 16, "OBJECTID": 26, "SITEName": "Kokubunji23", "SITENameJP": "国分寺市No.23", "JASID": 13214002300, "Age": "[縄文時代][奈良時代][平安時代]", "Note": null, "notification": "20250819「遺跡地図GISの現在地」ハンズオンWS用サンプルデータ（国分寺市による正式な遺跡地図ではありません）" }, "geometry": { "type": "MultiPolygon", "coordinates": [ [ [ [ 139.482860634573456, 35.692372440183618 ], [ 139.483487745334401, 35.692381682325887 ], [ 139.483517925105417, 35.692368324854598 ], [ 139.483524265719723, 35.692347943704277 ], [ 139.483533737160087, 35.692326412584279 ], [ 139.483557915246905, 35.691735126932727 ], [ 139.482579775221751, 35.691682441047639 ], [ 139.482568417371652, 35.69200497625647 ], [ 139.481947742151306, 35.692084069006512 ], [ 139.481939580362763, 35.692487168592237 ], [ 139.482467461697183, 35.69250933971864 ], [ 139.482447178568691, 35.693052882861636 ], [ 139.482467608122192, 35.693059838854737 ], [ 139.482488326664964, 35.693065694573356 ], [ 139.48256551152221, 35.693066151315762 ], [ 139.482654113648749, 35.693046937136486 ], [ 139.482712988716543, 35.693034938431765 ], [ 139.482742914335205, 35.693020884637107 ], [ 139.482798953605027, 35.693001459944789 ], [ 139.482858578578117, 35.692980422632502 ], [ 139.482843047334995, 35.692820020542626 ], [ 139.482860634573456, 35.692372440183618 ] ] ] ] } },
{ "type": "Feature", "properties": { "fid": 17, "OBJECTID": 21, "SITEName": "Kokubunji24", "SITENameJP": "国分寺市No.24", "JASID": 13214002400, "Age": "[縄文時代][奈良時代][平安時代]", "Note": null, "notification": "20250819「遺跡地図GISの現在地」ハンズオンWS用サンプルデータ（国分寺市による正式な遺跡地図ではありません）" }, "geometry": { "type": "MultiPolygon", "coordinates": [ [ [ [ 139.485474701441518, 35.692646055046275 ], [ 139.485471791340728, 35.692571429732638 ], [ 139.485494720938505, 35.692571343779299 ], [ 139.485571575350235, 35.692568467709592 ], [ 139.485575703884479, 35.692275569800955 ], [ 139.48523989385518, 35.69227602621438 ], [ 139.485231012487276, 35.692643287325637 ], [ 139.485474701441518, 35.692646055046275 ] ] ] ] } },
{ "type": "Feature", "properties": { "fid": 18, "OBJECTID": 13, "SITEName": "Kokubunji25", "SITENameJP": "国分寺市No.25", "JASID": 13214002500, "Age": "[縄文時代][奈良時代][平安時代]", "Note": null, "notification": "20250819「遺跡地図GISの現在地」ハンズオンWS用サンプルデータ（国分寺市による正式な遺跡地図ではありません）" }, "geometry": { "type": "MultiPolygon", "coordinates": [ [ [ [ 139.485652163913585, 35.696508600201682 ], [ 139.485699597411752, 35.696295131313541 ], [ 139.484908840408337, 35.696198383133918 ], [ 139.48479027853179, 35.696189203138026 ], [ 139.484784198326281, 35.696384660813059 ], [ 139.484790541120844, 35.696429320063984 ], [ 139.484774345307272, 35.696631604549168 ], [ 139.485358760054254, 35.696675955599204 ], [ 139.485610835219489, 35.696692529252118 ], [ 139.485652163913585, 35.696508600201682 ] ] ] ] } },
{ "type": "Feature", "properties": { "fid": 19, "OBJECTID": 13, "SITEName": "Kokubunji26", "SITENameJP": "国分寺市No.26", "JASID": 13214002600, "Age": "[縄文時代][奈良時代][平安時代]", "Note": null, "notification": "20250819「遺跡地図GISの現在地」ハンズオンWS用サンプルデータ（国分寺市による正式な遺跡地図ではありません）" }, "geometry": { "type": "MultiPolygon", "coordinates": [ [ [ [ 139.483573410205338, 35.695912085112965 ], [ 139.483548747927983, 35.69591456698199 ], [ 139.483534447805084, 35.6959186749135 ], [ 139.483523657422381, 35.695925506167512 ], [ 139.48350774684036, 35.695939983128852 ], [ 139.483493348430557, 35.695966593747109 ], [ 139.483490344067604, 35.695982544574015 ], [ 139.483475159121809, 35.696099643598416 ], [ 139.483452705060131, 35.696268430457074 ], [ 139.483438413175065, 35.696405002726479 ], [ 139.4834653905842, 35.696410028601463 ], [ 139.483949673460387, 35.696442237130483 ], [ 139.48399089188996, 35.696411874003466 ], [ 139.484026082102588, 35.696328188447076 ], [ 139.484058635921798, 35.69608633600842 ], [ 139.48406289789628, 35.696051157548411 ], [ 139.484062937736041, 35.69604202081679 ], [ 139.484061325386733, 35.69603040555976 ], [ 139.484057710841029, 35.696029277902959 ], [ 139.484047244400443, 35.696029127836979 ], [ 139.48405614862881, 35.695938862470641 ], [ 139.483573410205338, 35.695912085112965 ] ] ] ] } },
{ "type": "Feature", "properties": { "fid": 20, "OBJECTID": 25, "SITEName": "Kokubunji27", "SITENameJP": "国分寺市No.27", "JASID": 13214002700, "Age": "[縄文時代（中期）]", "Note": null, "notification": "20250819「遺跡地図GISの現在地」ハンズオンWS用サンプルデータ（国分寺市による正式な遺跡地図ではありません）" }, "geometry": { "type": "MultiPolygon", "coordinates": [ [ [ [ 139.483295795076117, 35.696824771154539 ], [ 139.483310871398203, 35.696457099089557 ], [ 139.483305191032855, 35.696441846534292 ], [ 139.483290880012277, 35.696428912887576 ], [ 139.48326720844716, 35.696420933030304 ], [ 139.483244946729741, 35.696419110284012 ], [ 139.48319503554012, 35.696415449107704 ], [ 139.483166334134268, 35.69640774760083 ], [ 139.483140882040715, 35.696396246530469 ], [ 139.483116538891665, 35.696377570163136 ], [ 139.483102967418745, 35.696359804133586 ], [ 139.483094421958896, 35.696342638727529 ], [ 139.483092706753439, 35.696324174690822 ], [ 139.483090334677371, 35.696291644707529 ], [ 139.483090724377661, 35.696243593720574 ], [ 139.483089166346304, 35.696230257653767 ], [ 139.4830609074817, 35.696203512361294 ], [ 139.483041904102237, 35.696195839043945 ], [ 139.483032750064524, 35.696194640402489 ], [ 139.483015516975627, 35.696192832247419 ], [ 139.482842829511839, 35.696174163521356 ], [ 139.482809114413612, 35.696163077822639 ], [ 139.482739223187934, 35.696128739698501 ], [ 139.482670360827797, 35.696105538559031 ], [ 139.482626915145516, 35.696101895981897 ], [ 139.48257843193241, 35.696100289715837 ], [ 139.482546808481686, 35.696103713575006 ], [ 139.482478524034093, 35.696112597590904 ], [ 139.482452306280464, 35.69611193517057 ], [ 139.482295737394452, 35.696103567668722 ], [ 139.482205232414117, 35.696101252700331 ], [ 139.482154184836361, 35.696111065811962 ], [ 139.482076888014831, 35.696127394825901 ], [ 139.481999448839815, 35.696135226353348 ], [ 139.481970243729279, 35.69614004887265 ], [ 139.481951263839647, 35.696137283214185 ], [ 139.481886281041938, 35.696130427742148 ], [ 139.481841034328824, 35.696127951626089 ], [ 139.481531514078341, 35.696023618182771 ], [ 139.481522184353452, 35.69602153991088 ], [ 139.481514646035009, 35.696020492376526 ], [ 139.481508173680481, 35.696022084963822 ], [ 139.481498819504168, 35.696025573632568 ], [ 139.481487283207542, 35.696035208937857 ], [ 139.481365028011396, 35.696228671516387 ], [ 139.481356294321188, 35.696254430042863 ], [ 139.481352596914917, 35.696278445290574 ], [ 139.481348903368911, 35.696301581547218 ], [ 139.481359568143631, 35.696326810792812 ], [ 139.481364900533464, 35.696339425415225 ], [ 139.481659105790271, 35.696496161670247 ], [ 139.481792417539253, 35.696565992233367 ], [ 139.481870189583418, 35.696605188426567 ], [ 139.481956772657696, 35.696641919783346 ], [ 139.481996400250523, 35.696656245984798 ], [ 139.482024641726099, 35.696666436933981 ], [ 139.482042480015593, 35.696673594260055 ], [ 139.482062104275087, 35.696683027550691 ], [ 139.48208776673124, 35.696687497445318 ], [ 139.482100320220439, 35.696691636084765 ], [ 139.482134530991317, 35.696692102151943 ], [ 139.482166113585606, 35.696698054305521 ], [ 139.482191076949249, 35.696698127128087 ], [ 139.482216711803744, 35.696708896429925 ], [ 139.482252578306088, 35.696720867570811 ], [ 139.48228373817139, 35.696741321995582 ], [ 139.482345011848992, 35.696775049253532 ], [ 139.482382808988859, 35.696797281009587 ], [ 139.482405726902925, 35.696813316362579 ], [ 139.482439820309111, 35.696830336540692 ], [ 139.48249250638645, 35.696856567172247 ], [ 139.482516893164956, 35.696865281767593 ], [ 139.482530895638661, 35.696866641078373 ], [ 139.482562664982055, 35.696870982168385 ], [ 139.482638923991601, 35.696886733399673 ], [ 139.482717926945867, 35.696891065547632 ], [ 139.482883155059994, 35.696890960693381 ], [ 139.482970819508864, 35.696885941868999 ], [ 139.483024717905977, 35.696881410722455 ], [ 139.483090846555143, 35.69687281312769 ], [ 139.483190779648368, 35.696854937808105 ], [ 139.483247584795208, 35.69684279699824 ], [ 139.483295795076117, 35.696824771154539 ] ] ] ] } },
{ "type": "Feature", "properties": { "fid": 21, "OBJECTID": 43, "SITEName": "Honcho", "SITENameJP": "本町（国分寺村石器時代）", "JASID": 13214002800, "Age": "[旧石器時代][縄文時代（中期）][奈良時代][平安時代]", "Note": null, "notification": "20250819「遺跡地図GISの現在地」ハンズオンWS用サンプルデータ（国分寺市による正式な遺跡地図ではありません）" }, "geometry": { "type": "MultiPolygon", "coordinates": [ [ [ [ 139.483209870698715, 35.700406816830188 ], [ 139.482845859591976, 35.700415168963723 ], [ 139.482699436241376, 35.700437843469842 ], [ 139.4823333571413, 35.700439343304538 ], [ 139.482324934834935, 35.700460440621129 ], [ 139.482322676847929, 35.700482947277443 ], [ 139.482320767942781, 35.700649247118278 ], [ 139.482324792353808, 35.70071824083832 ], [ 139.482387582438093, 35.700829773919352 ], [ 139.482458859501548, 35.700934134019072 ], [ 139.482523100979023, 35.701063194131059 ], [ 139.482579742890664, 35.701177313333879 ], [ 139.482593285163034, 35.701197247055184 ], [ 139.482597530246636, 35.701210717306466 ], [ 139.482658941690687, 35.70142144065651 ], [ 139.482689025035569, 35.701498103637199 ], [ 139.482715223371258, 35.701563703917159 ], [ 139.4829143921595, 35.70153314398253 ], [ 139.483517335076868, 35.701412334448577 ], [ 139.483685483002859, 35.701324269394 ], [ 139.483807713639607, 35.701257246640566 ], [ 139.48390165136459, 35.701183724701671 ], [ 139.48398067052878, 35.701106345157655 ], [ 139.484004737963943, 35.701077451303711 ], [ 139.48410903631401, 35.700892356304408 ], [ 139.484117174559941, 35.700830135704315 ], [ 139.484164591267501, 35.700419910635517 ], [ 139.484176078953141, 35.70031117700303 ], [ 139.484234399021375, 35.699835851656353 ], [ 139.484203933464244, 35.699786513357445 ], [ 139.484117285947178, 35.699722092707269 ], [ 139.483643887406487, 35.69967997085854 ], [ 139.483130920422923, 35.699642378959261 ], [ 139.483345066654437, 35.700211743715641 ], [ 139.483209870698715, 35.700406816830188 ] ] ] ] } },
{ "type": "Feature", "properties": { "fid": 22, "OBJECTID": 47, "SITEName": "Kokubunji29", "SITENameJP": "国分寺市No.29", "JASID": 13214002900, "Age": "[旧石器時代][縄文時代][奈良時代][平安時代]", "Note": null, "notification": "20250819「遺跡地図GISの現在地」ハンズオンWS用サンプルデータ（国分寺市による正式な遺跡地図ではありません）" }, "geometry": { "type": "MultiPolygon", "coordinates": [ [ [ [ 139.486599707864315, 35.699301679248165 ], [ 139.486433302172088, 35.699390032637801 ], [ 139.486179105257179, 35.699530349786798 ], [ 139.485901939771935, 35.699686307698414 ], [ 139.485790083415765, 35.699736928351548 ], [ 139.48564541032377, 35.699794034323766 ], [ 139.485487473968277, 35.699849191410102 ], [ 139.48533528996802, 35.69989799697381 ], [ 139.485107889034282, 35.699964379636569 ], [ 139.484870810881546, 35.700026948464227 ], [ 139.484692573269228, 35.700042847493918 ], [ 139.484552177823588, 35.70009338432601 ], [ 139.484344529210063, 35.7001701883717 ], [ 139.484330834775307, 35.700326941605638 ], [ 139.484310190667316, 35.700525844622994 ], [ 139.484288368634537, 35.700756159403376 ], [ 139.484266749084043, 35.700939988770266 ], [ 139.484256237031815, 35.700963590431066 ], [ 139.484248524468086, 35.700981752080317 ], [ 139.484233674834769, 35.701015982881493 ], [ 139.484214552384884, 35.701054177352447 ], [ 139.484173137989046, 35.701122547995048 ], [ 139.484188268773011, 35.701113959783875 ], [ 139.484204606542221, 35.701107073189874 ], [ 139.484234296751481, 35.701101569663372 ], [ 139.484261356625865, 35.701102497199805 ], [ 139.484287527492341, 35.701108374997034 ], [ 139.484309702669179, 35.701115514791326 ], [ 139.484328923680039, 35.701123778094903 ], [ 139.484519672137651, 35.701303057953695 ], [ 139.484572428036529, 35.701319342945403 ], [ 139.484615053571531, 35.701331353270383 ], [ 139.484653534887201, 35.701338894015244 ], [ 139.484705548963831, 35.701346261679291 ], [ 139.484747173351735, 35.701349141672587 ], [ 139.484787521547986, 35.701346286807201 ], [ 139.484815902048354, 35.701342760482994 ], [ 139.484842148831802, 35.701336203201514 ], [ 139.484863385540024, 35.701329790608661 ], [ 139.484880597262787, 35.701321402911077 ], [ 139.484901732017249, 35.701308515940603 ], [ 139.48491505255717, 35.701297304465839 ], [ 139.484923154695622, 35.701289261856495 ], [ 139.484931267913538, 35.701278672101331 ], [ 139.484925668484919, 35.700950706804221 ], [ 139.48511510951721, 35.700892245380196 ], [ 139.485115911748323, 35.700348637543783 ], [ 139.486686356374832, 35.700415364028842 ], [ 139.486677595221124, 35.699914393801116 ], [ 139.486619829414593, 35.699913378367597 ], [ 139.486599707864315, 35.699301679248165 ] ] ] ] } },
{ "type": "Feature", "properties": { "fid": 23, "OBJECTID": 53, "SITEName": "Koigakubominami", "SITENameJP": "恋ヶ窪南", "JASID": 13214000300, "Age": "[旧石器時代][縄文時代（早期・中期）]", "Note": null, "notification": "20250819「遺跡地図GISの現在地」ハンズオンWS用サンプルデータ（国分寺市による正式な遺跡地図ではありません）" }, "geometry": { "type": "MultiPolygon", "coordinates": [ [ [ [ 139.473106082385812, 35.699940663782371 ], [ 139.472299253306375, 35.699913188477773 ], [ 139.472251238065041, 35.699952518404253 ], [ 139.472166908263546, 35.70002185428207 ], [ 139.472128271314148, 35.700053891124924 ], [ 139.472093480144707, 35.700094895982431 ], [ 139.472055900817764, 35.700138609597303 ], [ 139.472009015214269, 35.700194119838621 ], [ 139.471984457386924, 35.700222903110244 ], [ 139.471974411931825, 35.700234471099066 ], [ 139.471969281860339, 35.700243537976966 ], [ 139.471961965159267, 35.700265555003561 ], [ 139.471958787058071, 35.700293169678687 ], [ 139.47195832839634, 35.700312792061887 ], [ 139.471959988741986, 35.700327615501344 ], [ 139.471961734499729, 35.700337181035827 ], [ 139.471964034297201, 35.700346999820255 ], [ 139.471967270737849, 35.700354305549887 ], [ 139.471971795775403, 35.700363124667938 ], [ 139.471975596246182, 35.700368469714597 ], [ 139.471980012216022, 35.700374118512897 ], [ 139.471987023088133, 35.700378869388878 ], [ 139.471987563782818, 35.70039575247732 ], [ 139.471989553111399, 35.700406023185167 ], [ 139.47199450201137, 35.700416604681358 ], [ 139.472000016984396, 35.700424772644638 ], [ 139.472035330271325, 35.700473183284714 ], [ 139.472056641115927, 35.700507815256337 ], [ 139.472071325276488, 35.700534577831903 ], [ 139.472102815060481, 35.700569089392523 ], [ 139.472135428839948, 35.700600585277698 ], [ 139.472200871484233, 35.700656935778859 ], [ 139.472257669531473, 35.700701486057511 ], [ 139.472308587260045, 35.700736810600887 ], [ 139.472348440267609, 35.700763497676675 ], [ 139.472389415902654, 35.700787470969736 ], [ 139.472425418771763, 35.700806146019168 ], [ 139.472450358233829, 35.700815881721191 ], [ 139.472483624689005, 35.700825793333522 ], [ 139.472508949925128, 35.700832058284099 ], [ 139.472591959952013, 35.700850421329761 ], [ 139.472654638639739, 35.700863138174526 ], [ 139.472695691229291, 35.700870054018935 ], [ 139.472764851785882, 35.700881733562603 ], [ 139.472821631048134, 35.700889451232733 ], [ 139.472871765166985, 35.700893375176676 ], [ 139.472901371279761, 35.70089421859268 ], [ 139.47293506228678, 35.700892055192298 ], [ 139.473003197437464, 35.700884862529904 ], [ 139.473100973992757, 35.700870663797765 ], [ 139.473187642200998, 35.700857488414194 ], [ 139.473256167101425, 35.700845919166689 ], [ 139.473346364955432, 35.700829735187412 ], [ 139.473428050725886, 35.700813374737422 ], [ 139.473458616027756, 35.700806673284454 ], [ 139.473489555512515, 35.700799067230349 ], [ 139.473529395466073, 35.700787563021692 ], [ 139.473572205170342, 35.700774105299907 ], [ 139.473611136076528, 35.700758975499134 ], [ 139.473667693680881, 35.70073363361999 ], [ 139.473702750510739, 35.700715775077477 ], [ 139.47376286416258, 35.700681537609633 ], [ 139.473787726443447, 35.700667271436252 ], [ 139.473819087460811, 35.70064819420395 ], [ 139.473851006350088, 35.700628514821432 ], [ 139.473944721181624, 35.700570829094168 ], [ 139.474038627031916, 35.700511785295156 ], [ 139.474120292481899, 35.700458592022407 ], [ 139.474232966798098, 35.700382244596959 ], [ 139.474295346689161, 35.700337748883939 ], [ 139.474328582397959, 35.700313242836444 ], [ 139.474344003795011, 35.700299552196753 ], [ 139.474389543959518, 35.700254855258159 ], [ 139.474491234653044, 35.700151605373797 ], [ 139.47461114455885, 35.700029691647835 ], [ 139.474686379994779, 35.699955458752257 ], [ 139.474717608859578, 35.699924455678421 ], [ 139.474723367431608, 35.699919604631823 ], [ 139.474751956976093, 35.699899424493573 ], [ 139.474759989421727, 35.699893032960716 ], [ 139.474770717697197, 35.699883856845254 ], [ 139.474779033300763, 35.69987622080037 ], [ 139.474792715634834, 35.6998617512726 ], [ 139.474802561282928, 35.699849874277454 ], [ 139.474812615179957, 35.699836318540662 ], [ 139.474832612029729, 35.699807034556223 ], [ 139.474840598527493, 35.699794477026202 ], [ 139.474846750708338, 35.699781305737901 ], [ 139.474852878264215, 35.699765508322898 ], [ 139.474857904421953, 35.699747897579634 ], [ 139.474868924730828, 35.699700780369042 ], [ 139.474877484749072, 35.699607517503942 ], [ 139.474879375964093, 35.699515744298161 ], [ 139.474876102493596, 35.699420181909971 ], [ 139.474831427195681, 35.699313174816886 ], [ 139.474493300036499, 35.699277599278666 ], [ 139.474358216767314, 35.699192965265368 ], [ 139.474148079845406, 35.699090596728176 ], [ 139.474034501943379, 35.699079993022025 ], [ 139.473821627406465, 35.699092943104432 ], [ 139.473671316415107, 35.699102758817411 ], [ 139.473514543967696, 35.69915029303769 ], [ 139.473234940617971, 35.699187194920434 ], [ 139.473151463627943, 35.699396466586762 ], [ 139.47313262697071, 35.699634612520434 ], [ 139.473106082385812, 35.699940663782371 ] ] ] ] } },
{ "type": "Feature", "properties": { "fid": 24, "OBJECTID": 31, "SITEName": "Kokubunji30", "SITENameJP": "国分寺市No.30", "JASID": 13214003000, "Age": "[縄文時代][奈良時代][平安時代]", "Note": null, "notification": "20250819「遺跡地図GISの現在地」ハンズオンWS用サンプルデータ（国分寺市による正式な遺跡地図ではありません）" }, "geometry": { "type": "MultiPolygon", "coordinates": [ [ [ [ 139.482381578491839, 35.704512726504298 ], [ 139.482044258609193, 35.703776871259542 ], [ 139.481874489430368, 35.703414747330633 ], [ 139.482216750453858, 35.703298221930588 ], [ 139.482223545242164, 35.703289776852493 ], [ 139.482612673271319, 35.7031535521024 ], [ 139.482697805077009, 35.703122156651801 ], [ 139.482719572668287, 35.703111589721992 ], [ 139.482731202043254, 35.703101386974261 ], [ 139.48273535834204, 35.70308919387702 ], [ 139.48273162007041, 35.703061032276487 ], [ 139.482690107050928, 35.702951064515929 ], [ 139.482654092861452, 35.702935703091228 ], [ 139.482617105549053, 35.702922110543504 ], [ 139.482577819873512, 35.702909790864659 ], [ 139.482539245308118, 35.702900426117402 ], [ 139.482504027148991, 35.702896189452026 ], [ 139.482478206758714, 35.702895326758451 ], [ 139.482420249622407, 35.702903032130415 ], [ 139.48236469211443, 35.702913894201416 ], [ 139.482299936323045, 35.702930930452339 ], [ 139.482268276625177, 35.702940779451758 ], [ 139.482226454127698, 35.702956602971227 ], [ 139.482192591667115, 35.702973433988582 ], [ 139.482038709672878, 35.703061177412515 ], [ 139.481985711790969, 35.703093701171319 ], [ 139.481941955807514, 35.703110109521646 ], [ 139.481903263731283, 35.70312751693168 ], [ 139.481771461942202, 35.703188354913721 ], [ 139.481607216786358, 35.703272524065476 ], [ 139.481581992347145, 35.703300797921024 ], [ 139.481553255012699, 35.703359574511012 ], [ 139.481529566872382, 35.703422696729639 ], [ 139.481504455740435, 35.703535029308803 ], [ 139.481556655928671, 35.703684203459865 ], [ 139.481582462911575, 35.703798062858773 ], [ 139.481903205629436, 35.704625606844282 ], [ 139.481918338943075, 35.704641990248213 ], [ 139.481931098937451, 35.704649212821195 ], [ 139.481948578208744, 35.70465349629918 ], [ 139.481965328250368, 35.704658958794241 ], [ 139.481985736543464, 35.704655770210699 ], [ 139.482002874091876, 35.704655426518705 ], [ 139.482038156472186, 35.704645194450997 ], [ 139.482180170337443, 35.70459521318503 ], [ 139.482281932058498, 35.704560469288189 ], [ 139.482295494221091, 35.704549878506718 ], [ 139.482362923854794, 35.704528814472575 ], [ 139.482381578491839, 35.704512726504298 ] ] ] ] } },
{ "type": "Feature", "properties": { "fid": 25, "OBJECTID": 13, "SITEName": "Nagayato", "SITENameJP": "長谷戸", "JASID": 13214003200, "Age": "[縄文時代（早期・中期〜後期）]", "Note": null, "notification": "20250819「遺跡地図GISの現在地」ハンズオンWS用サンプルデータ（国分寺市による正式な遺跡地図ではありません）" }, "geometry": { "type": "MultiPolygon", "coordinates": [ [ [ [ 139.488918145859998, 35.697424033064941 ], [ 139.488933547350456, 35.697407818778359 ], [ 139.488937185663076, 35.697393655239424 ], [ 139.488936297395526, 35.697362525595537 ], [ 139.488931761258641, 35.697347782827663 ], [ 139.488917443371747, 35.69731008362605 ], [ 139.48890865684038, 35.697293383251896 ], [ 139.488881779045499, 35.697244948165931 ], [ 139.488848026603222, 35.697201120384172 ], [ 139.488661964655563, 35.697258770833621 ], [ 139.488653205616998, 35.697275282026588 ], [ 139.488650583981808, 35.697290699110802 ], [ 139.488650194843814, 35.697301953779181 ], [ 139.488652687913856, 35.697316412786954 ], [ 139.488655034553148, 35.697325312964182 ], [ 139.488709633337493, 35.697424131087089 ], [ 139.488716661348803, 35.697433808946926 ], [ 139.488727709050437, 35.697439676906356 ], [ 139.48873722957336, 35.697444150890142 ], [ 139.488765746622505, 35.69744812341073 ], [ 139.488894789258438, 35.697428274003073 ], [ 139.488918145859998, 35.697424033064941 ] ] ] ] } },
{ "type": "Feature", "properties": { "fid": 28, "OBJECTID": 13, "SITEName": "Kokubunji34", "SITENameJP": "国分寺市No.34", "JASID": 13214003400, "Age": "[縄文時代][奈良時代][平安時代]", "Note": null, "notification": "20250819「遺跡地図GISの現在地」ハンズオンWS用サンプルデータ（国分寺市による正式な遺跡地図ではありません）" }, "geometry": { "type": "MultiPolygon", "coordinates": [ [ [ [ 139.465665516257332, 35.700696687673734 ], [ 139.465804358463231, 35.700600663208363 ], [ 139.465816184121053, 35.700389145104523 ], [ 139.465763887355024, 35.700296015404284 ], [ 139.465561946547439, 35.700287492960285 ], [ 139.465562225352613, 35.700226778700383 ], [ 139.465499072633804, 35.700218363892361 ], [ 139.465459663760271, 35.700189150799652 ], [ 139.465111096229748, 35.700199152862986 ], [ 139.465081989785119, 35.700290136486387 ], [ 139.464899766516908, 35.700293373560328 ], [ 139.46487319661162, 35.700675607676253 ], [ 139.465411100467747, 35.700718046006827 ], [ 139.465455884886296, 35.700674227679634 ], [ 139.465665516257332, 35.700696687673734 ] ] ] ] } },
{ "type": "Feature", "properties": { "fid": 29, "OBJECTID": 26, "SITEName": "Kokubunji35", "SITENameJP": "国分寺市No.35", "JASID": 13214003500, "Age": "[縄文時代（中期）]", "Note": null, "notification": "20250819「遺跡地図GISの現在地」ハンズオンWS用サンプルデータ（国分寺市による正式な遺跡地図ではありません）" }, "geometry": { "type": "MultiPolygon", "coordinates": [ [ [ [ 139.46124963805093, 35.700521531772907 ], [ 139.460711201908424, 35.700413613143851 ], [ 139.460814981189316, 35.700702374950261 ], [ 139.460840800557918, 35.700721979442442 ], [ 139.460972682485448, 35.700751775016428 ], [ 139.4609566093051, 35.700652793998209 ], [ 139.460956903876848, 35.700629244631536 ], [ 139.460971794608383, 35.700611024135085 ], [ 139.461074233551045, 35.700630966217794 ], [ 139.461186837508336, 35.700653958907544 ], [ 139.461200173958815, 35.700651584726124 ], [ 139.461217781808017, 35.700646053518383 ], [ 139.461238554825854, 35.700636456082826 ], [ 139.461248949749347, 35.700629845829845 ], [ 139.461259919877079, 35.700618934899275 ], [ 139.461266627723745, 35.700609218499416 ], [ 139.461270364590661, 35.700601606402394 ], [ 139.461273950398322, 35.700586672117126 ], [ 139.461273184197694, 35.700572328233079 ], [ 139.461269002924894, 35.700556086751412 ], [ 139.461256531622183, 35.700531592143122 ], [ 139.46124963805093, 35.700521531772907 ] ] ] ] } },
{ "type": "Feature", "properties": { "fid": 30, "OBJECTID": 17, "SITEName": "Kokubunji36", "SITENameJP": "国分寺市No.36", "JASID": 13214003600, "Age": "[縄文時代]", "Note": null, "notification": "20250819「遺跡地図GISの現在地」ハンズオンWS用サンプルデータ（国分寺市による正式な遺跡地図ではありません）" }, "geometry": { "type": "MultiPolygon", "coordinates": [ [ [ [ 139.461163498489981, 35.70375046238005 ], [ 139.461127167834519, 35.703511114820657 ], [ 139.460583424834198, 35.703687035772084 ], [ 139.460708198131755, 35.703912487550184 ], [ 139.461163498489981, 35.70375046238005 ] ] ] ] } },
{ "type": "Feature", "properties": { "fid": 31, "OBJECTID": 51, "SITEName": "Kokubunji37", "SITENameJP": "国分寺市No.37", "JASID": 13214003700, "Age": "[旧石器時代][縄文時代][奈良時代][平安時代]", "Note": null, "notification": "20250819「遺跡地図GISの現在地」ハンズオンWS用サンプルデータ（国分寺市による正式な遺跡地図ではありません）" }, "geometry": { "type": "MultiPolygon", "coordinates": [ [ [ [ 139.466505629403031, 35.704269300795794 ], [ 139.466569115538476, 35.70416950500266 ], [ 139.466318167103111, 35.703635738397736 ], [ 139.466256386387812, 35.703504691132835 ], [ 139.466209503588004, 35.703400094938686 ], [ 139.466159286575277, 35.7033174034475 ], [ 139.466152960611225, 35.703309837789753 ], [ 139.466147656624628, 35.703268552451725 ], [ 139.466106874233503, 35.703146035501987 ], [ 139.466085667364553, 35.703079546679682 ], [ 139.466058064690571, 35.703011151593387 ], [ 139.466041278210895, 35.702886429209805 ], [ 139.466021175053356, 35.702793924944096 ], [ 139.466004831768032, 35.70259465830938 ], [ 139.465998286620021, 35.702318489998454 ], [ 139.46574213733075, 35.702323283451776 ], [ 139.465299674562715, 35.702347934499514 ], [ 139.465265738739106, 35.702346853617293 ], [ 139.464877300979254, 35.702317366338512 ], [ 139.464282800193473, 35.702274120663233 ], [ 139.46419231201881, 35.702269989396527 ], [ 139.462898918601127, 35.702267199070839 ], [ 139.462886512284513, 35.702267020331853 ], [ 139.462667354905875, 35.70233381316369 ], [ 139.462377269777278, 35.70231127367596 ], [ 139.461975025695637, 35.702280619959254 ], [ 139.461963047341527, 35.702302968512456 ], [ 139.461966590157914, 35.702478685891037 ], [ 139.461969762811407, 35.702638499571869 ], [ 139.461984388482676, 35.702643183086927 ], [ 139.461990081667466, 35.703236352526567 ], [ 139.461991310024473, 35.703417394128181 ], [ 139.461972658896201, 35.703426051138543 ], [ 139.461968590824227, 35.703979945902184 ], [ 139.461998820107851, 35.704132381272053 ], [ 139.462026861642158, 35.704320183434575 ], [ 139.466505629403031, 35.704269300795794 ] ] ] ] } },
{ "type": "Feature", "properties": { "fid": 32, "OBJECTID": 25, "SITEName": "Kokubunji38", "SITENameJP": "国分寺市No.38", "JASID": 13214003800, "Age": "[縄文時代][奈良時代][平安時代]", "Note": null, "notification": "20250819「遺跡地図GISの現在地」ハンズオンWS用サンプルデータ（国分寺市による正式な遺跡地図ではありません）" }, "geometry": { "type": "MultiPolygon", "coordinates": [ [ [ [ 139.468315569002243, 35.705319033526408 ], [ 139.468207976933996, 35.704844614961111 ], [ 139.468183954527547, 35.704824085219805 ], [ 139.467500734768691, 35.704879709430749 ], [ 139.467585176200913, 35.705399955077795 ], [ 139.468315569002243, 35.705319033526408 ] ] ] ] } },
{ "type": "Feature", "properties": { "fid": 33, "OBJECTID": 10, "SITEName": "Kokuunji39", "SITENameJP": "国分寺市No.39", "JASID": 13214003900, "Age": "[縄文時代][奈良時代][平安時代]", "Note": null, "notification": "20250819「遺跡地図GISの現在地」ハンズオンWS用サンプルデータ（国分寺市による正式な遺跡地図ではありません）" }, "geometry": { "type": "MultiPolygon", "coordinates": [ [ [ [ 139.466371176326675, 35.701400498570528 ], [ 139.466493054820688, 35.701401072263643 ], [ 139.466824249611221, 35.701388858084727 ], [ 139.466898824518069, 35.701358817602141 ], [ 139.466894270430629, 35.701330234583828 ], [ 139.466922111260459, 35.701291377941686 ], [ 139.466938475473285, 35.701030362692997 ], [ 139.466830034629623, 35.701027498467873 ], [ 139.466683437725379, 35.701024571842289 ], [ 139.466422551048026, 35.701007763598845 ], [ 139.466416009441815, 35.701007258407309 ], [ 139.466359524469084, 35.701346761934822 ], [ 139.466371176326675, 35.701400498570528 ] ] ] ] } },
{ "type": "Feature", "properties": { "fid": 34, "OBJECTID": 31, "SITEName": "Kokubunji40", "SITENameJP": "国分寺市No.40", "JASID": 13214004000, "Age": "[縄文時代][奈良時代][平安時代]", "Note": null, "notification": "20250819「遺跡地図GISの現在地」ハンズオンWS用サンプルデータ（国分寺市による正式な遺跡地図ではありません）" }, "geometry": { "type": "MultiPolygon", "coordinates": [ [ [ [ 139.456235002304425, 35.698814363661377 ], [ 139.456277820187495, 35.698814638630957 ], [ 139.456574291324017, 35.698557286922586 ], [ 139.456581231216688, 35.698549176703082 ], [ 139.456582407481449, 35.698543654835092 ], [ 139.456582659163189, 35.698536945152348 ], [ 139.456581134087656, 35.698530813925963 ], [ 139.456577031114989, 35.698522139546924 ], [ 139.456557446852116, 35.698501163804664 ], [ 139.456546141081333, 35.698482115285721 ], [ 139.456541025044771, 35.698468578823231 ], [ 139.456538051428026, 35.698440049819489 ], [ 139.456540494567918, 35.698416185425522 ], [ 139.456550492899026, 35.698382838115201 ], [ 139.456565650979485, 35.698353732094226 ], [ 139.456576738351885, 35.698335959828462 ], [ 139.456604154275965, 35.698298503267722 ], [ 139.456401409069372, 35.698161537374318 ], [ 139.456391384531116, 35.698163759391427 ], [ 139.456244097940527, 35.698055979515836 ], [ 139.45611333607809, 35.697958954933945 ], [ 139.456029731619537, 35.697893907422461 ], [ 139.455795032933224, 35.697723320895854 ], [ 139.455806490435123, 35.697710118057081 ], [ 139.455579897239147, 35.697553922007714 ], [ 139.455292143229826, 35.697821174218909 ], [ 139.4551599470648, 35.697955118434059 ], [ 139.455158492689691, 35.697970606045644 ], [ 139.455164180426635, 35.69798489549936 ], [ 139.456206667464613, 35.698800050253801 ], [ 139.456235002304425, 35.698814363661377 ] ] ] ] } },
{ "type": "Feature", "properties": { "fid": 36, "OBJECTID": 16, "SITEName": "Kokuunji46", "SITENameJP": "国分寺市No.46", "JASID": 13214004600, "Age": "[奈良時代][平安時代]", "Note": null, "notification": "20250819「遺跡地図GISの現在地」ハンズオンWS用サンプルデータ（国分寺市による正式な遺跡地図ではありません）" }, "geometry": { "type": "MultiPolygon", "coordinates": [ [ [ [ 139.442530796698918, 35.704906949510985 ], [ 139.442648456129064, 35.704911229028625 ], [ 139.442943463125374, 35.704919538368856 ], [ 139.442948652664313, 35.704666536428256 ], [ 139.442601242491236, 35.704652967070572 ], [ 139.442546330528387, 35.704652264922196 ], [ 139.442530976135913, 35.704894434765009 ], [ 139.442530796698918, 35.704906949510985 ] ] ] ] } },
{ "type": "Feature", "properties": { "fid": 37, "OBJECTID": 37, "SITEName": "Kokubunji47", "SITENameJP": "国分寺市No.47", "JASID": 13214004700, "Age": "[縄文時代（中期）][奈良時代][平安時代]", "Note": null, "notification": "20250819「遺跡地図GISの現在地」ハンズオンWS用サンプルデータ（国分寺市による正式な遺跡地図ではありません）" }, "geometry": { "type": "MultiPolygon", "coordinates": [ [ [ [ 139.458441225261282, 35.703587206405885 ], [ 139.459117032063943, 35.702773775170868 ], [ 139.459123478600333, 35.702762465850206 ], [ 139.459128609044797, 35.702749713788364 ], [ 139.459133521539769, 35.702736421555251 ], [ 139.4591336795161, 35.702702613789235 ], [ 139.459134866729158, 35.702684454533355 ], [ 139.459146469739807, 35.702654818463785 ], [ 139.459162835078899, 35.702620431671491 ], [ 139.458791654000123, 35.702341258273208 ], [ 139.458467134396301, 35.702149986664928 ], [ 139.458442980047977, 35.702174977232339 ], [ 139.458289000631936, 35.702078038786759 ], [ 139.458091134877577, 35.701959093197189 ], [ 139.457299599696967, 35.702791129467258 ], [ 139.458023865545726, 35.703305369205275 ], [ 139.458236132261334, 35.703457089032561 ], [ 139.458398014619831, 35.703586712150795 ], [ 139.458441225261282, 35.703587206405885 ] ] ] ] } },
{ "type": "Feature", "properties": { "fid": 38, "OBJECTID": 31, "SITEName": "Kokubunji48", "SITENameJP": "国分寺市No.48", "JASID": 13214004800, "Age": "[縄文時代]", "Note": null, "notification": "20250819「遺跡地図GISの現在地」ハンズオンWS用サンプルデータ（国分寺市による正式な遺跡地図ではありません）" }, "geometry": { "type": "MultiPolygon", "coordinates": [ [ [ [ 139.453574190046311, 35.700508232274323 ], [ 139.453197228011163, 35.700198359384451 ], [ 139.452863735073265, 35.699922975747533 ], [ 139.452756741347713, 35.69999505074054 ], [ 139.452669113637938, 35.700072376909318 ], [ 139.452533978969115, 35.700200340846379 ], [ 139.452533860284746, 35.700225302026702 ], [ 139.452839622040983, 35.700470447326339 ], [ 139.452964583787576, 35.700570564919914 ], [ 139.453108235273135, 35.700690883666553 ], [ 139.453237040725583, 35.70079716639264 ], [ 139.453504502456241, 35.701019353542613 ], [ 139.453743429660193, 35.700855509282796 ], [ 139.453453112350701, 35.700611156457505 ], [ 139.453574190046311, 35.700508232274323 ] ] ] ] } },
{ "type": "Feature", "properties": { "fid": 39, "OBJECTID": 31, "SITEName": "Kokubunji49", "SITENameJP": "国分寺市No.49", "JASID": 13214004900, "Age": "[奈良時代][平安時代]", "Note": null, "notification": "20250819「遺跡地図GISの現在地」ハンズオンWS用サンプルデータ（国分寺市による正式な遺跡地図ではありません）" }, "geometry": { "type": "MultiPolygon", "coordinates": [ [ [ [ 139.456868083071669, 35.701475608701962 ], [ 139.457080561358367, 35.701338745852809 ], [ 139.457108288020038, 35.701320328207942 ], [ 139.457167786334878, 35.701281767362033 ], [ 139.457136610114219, 35.701258416651406 ], [ 139.457077795456541, 35.701212448938385 ], [ 139.456929014063348, 35.701099311195172 ], [ 139.456865228050816, 35.701050511308019 ], [ 139.456847435080903, 35.701035886169983 ], [ 139.456812223787978, 35.70101014649638 ], [ 139.45679014194431, 35.700992636575151 ], [ 139.456766105977891, 35.700974801496599 ], [ 139.456769216889143, 35.700895476649528 ], [ 139.456713346520729, 35.700854677440859 ], [ 139.456690221239057, 35.700837270582845 ], [ 139.456686874453652, 35.700835053418032 ], [ 139.456642436350165, 35.700710579610956 ], [ 139.456592214744688, 35.700676938791304 ], [ 139.456570122534515, 35.700661662075824 ], [ 139.456485920270183, 35.700601738030741 ], [ 139.45638768770803, 35.700531135327715 ], [ 139.456336168320234, 35.700493965353516 ], [ 139.456311479479439, 35.700476394005221 ], [ 139.456107141975139, 35.700691951032127 ], [ 139.456080094793322, 35.700669884561059 ], [ 139.456061784058704, 35.70065451325754 ], [ 139.456027493577153, 35.700627127867406 ], [ 139.45597384354221, 35.700589073700684 ], [ 139.455948307190738, 35.700571526208023 ], [ 139.455939830676527, 35.700565039074476 ], [ 139.455919604992374, 35.700551416464549 ], [ 139.455919562886777, 35.700536876877649 ], [ 139.455893107306167, 35.70051350307272 ], [ 139.455796708135495, 35.700610292718615 ], [ 139.45578236647205, 35.700624165849526 ], [ 139.45575053119299, 35.700656767576817 ], [ 139.45574478413107, 35.700663175429085 ], [ 139.456158666380531, 35.700975451937801 ], [ 139.45615974226007, 35.700975395489102 ], [ 139.456161136023752, 35.700975320096461 ], [ 139.456189098093461, 35.700944999225506 ], [ 139.45625391229575, 35.70099349674436 ], [ 139.456577450588981, 35.701252011332052 ], [ 139.456614664509686, 35.701280725431815 ], [ 139.456725586330776, 35.701366275767448 ], [ 139.456822102637432, 35.701440774294966 ], [ 139.456868083071669, 35.701475608701962 ] ] ] ] } },
{ "type": "Feature", "properties": { "fid": 40, "OBJECTID": 31, "SITEName": "Hanezawa", "SITENameJP": "羽根沢", "JASID": 13214000500, "Age": "[縄文時代（早期・中期）][奈良時代][平安時代]", "Note": null, "notification": "20250819「遺跡地図GISの現在地」ハンズオンWS用サンプルデータ（国分寺市による正式な遺跡地図ではありません）" }, "geometry": { "type": "MultiPolygon", "coordinates": [ [ [ [ 139.475494600229808, 35.703499499939888 ], [ 139.475535352521433, 35.703460039972271 ], [ 139.47556150245893, 35.703436637380221 ], [ 139.475646811122232, 35.703365331841034 ], [ 139.475689748543175, 35.703327667290317 ], [ 139.475706539080164, 35.703312734496699 ], [ 139.475712593519773, 35.703307609176449 ], [ 139.475718670927108, 35.703297340615229 ], [ 139.475730552578085, 35.703276579058098 ], [ 139.475735569299331, 35.703258256948089 ], [ 139.475738446681135, 35.703227852887096 ], [ 139.475731644127819, 35.703154931862699 ], [ 139.475728011638211, 35.703108854911385 ], [ 139.475730940943663, 35.703066822653071 ], [ 139.475750541326278, 35.702975195807426 ], [ 139.475793847251083, 35.702839585812981 ], [ 139.475814439203901, 35.702786816246466 ], [ 139.475830479411229, 35.702751853046628 ], [ 139.475798100781248, 35.702715865518989 ], [ 139.475780324444912, 35.70269065522325 ], [ 139.475762376201942, 35.702657897166567 ], [ 139.475749163894363, 35.702623643727136 ], [ 139.475744930572461, 35.702604679173362 ], [ 139.475745514051965, 35.702566106085413 ], [ 139.475749494903567, 35.702549513966837 ], [ 139.47576113972201, 35.702520365869375 ], [ 139.475771697292458, 35.702504464153627 ], [ 139.475782663844655, 35.702489066801625 ], [ 139.475799394384296, 35.702472177120335 ], [ 139.475906292806997, 35.702385281958733 ], [ 139.47597821340139, 35.702326459253079 ], [ 139.475979768242667, 35.702323612686605 ], [ 139.476055114308281, 35.702257420572316 ], [ 139.476107353513612, 35.702208602364578 ], [ 139.476175828455723, 35.702138532298029 ], [ 139.476211989137937, 35.70209872303181 ], [ 139.476259359928605, 35.702046494050101 ], [ 139.476293816958531, 35.702009489085327 ], [ 139.476375813853252, 35.701914511033515 ], [ 139.476401963154132, 35.701883393283531 ], [ 139.476431638527657, 35.701845409600658 ], [ 139.476484871626724, 35.701781080382048 ], [ 139.47651945735052, 35.701737031505736 ], [ 139.476522764739457, 35.701733099968905 ], [ 139.476520520169146, 35.701729235832431 ], [ 139.476474723069771, 35.701693711853075 ], [ 139.47642367639682, 35.701659058549957 ], [ 139.476400314614324, 35.701647421110906 ], [ 139.476379026589171, 35.701637884655966 ], [ 139.476356875455394, 35.701631055675151 ], [ 139.476333866124321, 35.701626626801136 ], [ 139.476313305471677, 35.701626398101808 ], [ 139.476269674923486, 35.701635325381247 ], [ 139.47619295097536, 35.701641806425762 ], [ 139.476140004612375, 35.701641817034933 ], [ 139.476069606494974, 35.701636073457692 ], [ 139.476058347854263, 35.701624803025325 ], [ 139.476027118179928, 35.70159636621284 ], [ 139.475993830892634, 35.70156825871701 ], [ 139.475967398386103, 35.701547634954267 ], [ 139.475919548381682, 35.701534494840729 ], [ 139.475856367443924, 35.701524160361309 ], [ 139.475814258183647, 35.701514727021255 ], [ 139.475790250799349, 35.701503586413168 ], [ 139.475778464704149, 35.70149533328739 ], [ 139.475758143698471, 35.701468617637374 ], [ 139.475746709769993, 35.701447449074173 ], [ 139.475736068601947, 35.701427679424242 ], [ 139.475726303745887, 35.701411571583229 ], [ 139.475708441342334, 35.701377600524026 ], [ 139.475701630108574, 35.701365460056905 ], [ 139.475684989091121, 35.701339330674017 ], [ 139.475678091866115, 35.701318345599049 ], [ 139.475668009888039, 35.701296847910456 ], [ 139.475659322638904, 35.701285333506114 ], [ 139.475648979626214, 35.701276246072325 ], [ 139.475623444846207, 35.701261830417316 ], [ 139.475585447637656, 35.701252493075685 ], [ 139.475543728424071, 35.701247840724861 ], [ 139.475493758466882, 35.701249033914237 ], [ 139.475461667847469, 35.701252292841716 ], [ 139.475420306650136, 35.701259549394699 ], [ 139.475387803298361, 35.701263142508502 ], [ 139.475378558957061, 35.701261270134644 ], [ 139.475360506990569, 35.701251824317481 ], [ 139.475349238757815, 35.701242734106415 ], [ 139.475342098530831, 35.701230134121928 ], [ 139.475331355487612, 35.70119555254027 ], [ 139.475332864313174, 35.701134005016648 ], [ 139.475333322581633, 35.701077485867444 ], [ 139.475326044984939, 35.701049623257582 ], [ 139.475312020421001, 35.701013187029915 ], [ 139.475293813142315, 35.700992503724635 ], [ 139.475259601857914, 35.700964225559261 ], [ 139.475220646517926, 35.700939287603141 ], [ 139.475170591896472, 35.700913478025214 ], [ 139.47512626368956, 35.700894561850887 ], [ 139.475083560143645, 35.700880178845431 ], [ 139.475064044254452, 35.700876263276243 ], [ 139.475046144751502, 35.700878725748211 ], [ 139.474998423994634, 35.700882776610733 ], [ 139.474935025678263, 35.700898185508066 ], [ 139.474905163133798, 35.700908998171307 ], [ 139.474886404388457, 35.700919676177008 ], [ 139.474879998133048, 35.700926868915815 ], [ 139.474878702905272, 35.700940617824415 ], [ 139.474881724714407, 35.701000501668879 ], [ 139.47487721468255, 35.701043423701321 ], [ 139.474872214673667, 35.70105800016001 ], [ 139.474853343280216, 35.701093835322389 ], [ 139.474828533877343, 35.701124118146545 ], [ 139.474812631875579, 35.701139668431487 ], [ 139.474799234011897, 35.70114700805744 ], [ 139.47478895412587, 35.701146809720299 ], [ 139.474777458584725, 35.701142582561502 ], [ 139.474761265490969, 35.701131297308649 ], [ 139.474753669836161, 35.701128591214932 ], [ 139.474746056910021, 35.701129742552226 ], [ 139.474738222600621, 35.701134415279121 ], [ 139.474724568801633, 35.701152991149733 ], [ 139.474708253295347, 35.701169043338759 ], [ 139.474687422562027, 35.701183237189049 ], [ 139.474656329205487, 35.701193375255748 ], [ 139.474624646045925, 35.701197473757453 ], [ 139.47459278281363, 35.701195869348147 ], [ 139.474566477891699, 35.701192772047676 ], [ 139.474458024034817, 35.701167962113935 ], [ 139.474422263946337, 35.701164165724691 ], [ 139.474322483860419, 35.70117678234385 ], [ 139.47430521313683, 35.701176563114323 ], [ 139.474289200903144, 35.701170812986959 ], [ 139.474273418346655, 35.701159696609928 ], [ 139.474246147801637, 35.701142675877428 ], [ 139.474192034518126, 35.701104945904078 ], [ 139.474139524061513, 35.701076612821574 ], [ 139.474088864154396, 35.701048285239168 ], [ 139.474058691788741, 35.701036455019569 ], [ 139.473998722941019, 35.701020678362262 ], [ 139.473966258007465, 35.701015717658073 ], [ 139.473940563233469, 35.701014131492407 ], [ 139.473910958061992, 35.701013372228054 ], [ 139.47386056119916, 35.70101808551464 ], [ 139.473820619694465, 35.701029706390734 ], [ 139.473786422526416, 35.701044195595259 ], [ 139.473758183590093, 35.701059708888934 ], [ 139.47373157297551, 35.701078916806722 ], [ 139.473714236001655, 35.701093456359239 ], [ 139.473684082500739, 35.701123219829938 ], [ 139.473661617996243, 35.701134892871124 ], [ 139.47363298811706, 35.701145876617517 ], [ 139.473598618400587, 35.701152985720306 ], [ 139.47356323794321, 35.701156234309479 ], [ 139.473471954933558, 35.701153948838858 ], [ 139.473420172183467, 35.701146749915772 ], [ 139.473324047131086, 35.701306799560491 ], [ 139.4732678997687, 35.701693767792314 ], [ 139.473251478750086, 35.701806713480231 ], [ 139.473165330524978, 35.702079833821529 ], [ 139.473065159477699, 35.70240758772951 ], [ 139.473049717536838, 35.702457856490334 ], [ 139.472990879526577, 35.702647535551371 ], [ 139.472931210593686, 35.70274765142868 ], [ 139.472878166551254, 35.702837724118332 ], [ 139.472812292572968, 35.702945871746756 ], [ 139.472757597282339, 35.703037281166409 ], [ 139.472645311053213, 35.703223781013548 ], [ 139.472562179614158, 35.703328522449794 ], [ 139.47246128766966, 35.703450317669287 ], [ 139.472317774797943, 35.703630350338898 ], [ 139.472125863376306, 35.703872963591564 ], [ 139.471926570184905, 35.704019620493774 ], [ 139.471802387117208, 35.704107801895731 ], [ 139.471739680134391, 35.704151555265874 ], [ 139.471670385652573, 35.704196965974774 ], [ 139.471599861914342, 35.70424136664964 ], [ 139.471535350353577, 35.704274883779298 ], [ 139.471511744933849, 35.704284317169083 ], [ 139.471474375976214, 35.704299187098378 ], [ 139.471421665810794, 35.704314793975442 ], [ 139.471360321824363, 35.704329871715366 ], [ 139.471294069453648, 35.704339064581355 ], [ 139.471243055005829, 35.704343439472296 ], [ 139.471202466703943, 35.704346070710429 ], [ 139.471170058661102, 35.704351004698395 ], [ 139.471159552653063, 35.704355249858132 ], [ 139.471153669321438, 35.704360347509528 ], [ 139.471150660509778, 35.704366376251237 ], [ 139.471150620305565, 35.704375265106762 ], [ 139.471152632138853, 35.704385082577922 ], [ 139.47116629192891, 35.704410952026798 ], [ 139.471195325526338, 35.704447433871877 ], [ 139.471252815371059, 35.704511674543987 ], [ 139.471319413002419, 35.704585334707602 ], [ 139.471369972558534, 35.704636137156122 ], [ 139.471490333164866, 35.704757087235883 ], [ 139.47151285533397, 35.70477845494031 ], [ 139.471569979130379, 35.704832799083327 ], [ 139.471674410861624, 35.704929549920308 ], [ 139.471710662114305, 35.704961524979851 ], [ 139.47173688257547, 35.704983574619249 ], [ 139.471755957001335, 35.704994365778937 ], [ 139.471828224834667, 35.705019237182825 ], [ 139.471897639734493, 35.705038397614558 ], [ 139.472036291254511, 35.705070680028037 ], [ 139.472212148519105, 35.705105757379307 ], [ 139.472606633863222, 35.705175871786601 ], [ 139.472930870744335, 35.705229338358087 ], [ 139.473362409512447, 35.705290672257995 ], [ 139.473544322874119, 35.705305304360323 ], [ 139.473735490865323, 35.705319628404453 ], [ 139.473891717995059, 35.705330493474982 ], [ 139.474144148374705, 35.705348018701478 ], [ 139.474464830858722, 35.705369101246596 ], [ 139.474716864520161, 35.705383437475582 ], [ 139.474915464653122, 35.70539124084533 ], [ 139.475188500593958, 35.705399265397972 ], [ 139.475264176102911, 35.705398148818162 ], [ 139.475321376974847, 35.705389933145945 ], [ 139.475370205179161, 35.705230747663101 ], [ 139.475528650660436, 35.704745176229331 ], [ 139.47557287494692, 35.70460375491394 ], [ 139.475587211741981, 35.704432391202502 ], [ 139.475587740092948, 35.70422207620004 ], [ 139.475581995568319, 35.704127131547764 ], [ 139.475570783544896, 35.704059340727504 ], [ 139.47555336696999, 35.703999581858369 ], [ 139.475524488162733, 35.703928048752573 ], [ 139.475498696429383, 35.703809899607997 ], [ 139.475482840450496, 35.703677020936361 ], [ 139.475474313196941, 35.703621984544796 ], [ 139.47546509972733, 35.703597805963582 ], [ 139.475461620609451, 35.703578787739822 ], [ 139.475462286850927, 35.703552402311217 ], [ 139.475473087961774, 35.70352805961415 ], [ 139.475494600229808, 35.703499499939888 ] ] ] ] } },
{ "type": "Feature", "properties": { "fid": 41, "OBJECTID": 13, "SITEName": "Naitoushindenyokoanabo", "SITENameJP": "内藤新田横穴墓", "JASID": 13214005000, "Age": "[奈良時代]", "Note": null, "notification": "20250819「遺跡地図GISの現在地」ハンズオンWS用サンプルデータ（国分寺市による正式な遺跡地図ではありません）" }, "geometry": { "type": "MultiPolygon", "coordinates": [ [ [ [ 139.458396249390631, 35.693166632016052 ], [ 139.458396460558447, 35.693148747964685 ], [ 139.458395545299055, 35.693144585879303 ], [ 139.45839387629519, 35.693138064546631 ], [ 139.458391703281222, 35.693130293873708 ], [ 139.458389532981272, 35.693124212898283 ], [ 139.458386927608501, 35.69311917470889 ], [ 139.458382939548414, 35.69311339134908 ], [ 139.458379778594207, 35.693109044634831 ], [ 139.458377032804123, 35.693105639373982 ], [ 139.458375469202025, 35.69310383216866 ], [ 139.458373610134203, 35.69310160811952 ], [ 139.458368958409295, 35.693096914491136 ], [ 139.458366079479447, 35.693094721925455 ], [ 139.45836180543813, 35.693091034621638 ], [ 139.458354434352202, 35.693086367182403 ], [ 139.458350452370524, 35.693083824577457 ], [ 139.458345217575697, 35.693081156758822 ], [ 139.458335961714823, 35.693077488595669 ], [ 139.458327594684988, 35.693074551066751 ], [ 139.458318426269358, 35.693072624854203 ], [ 139.458307854184937, 35.693071032205843 ], [ 139.458287591301684, 35.693070189221551 ], [ 139.458275154217205, 35.693072178099804 ], [ 139.458261820026451, 35.693075203990304 ], [ 139.458253518899113, 35.693078609494499 ], [ 139.458245920275345, 35.693081705244438 ], [ 139.458235567818434, 35.693087651886962 ], [ 139.458227194680546, 35.693092824839695 ], [ 139.45821785120944, 35.693101062203773 ], [ 139.458211635681039, 35.693108217515196 ], [ 139.458203421840778, 35.693120201709419 ], [ 139.458198272699406, 35.693130999673556 ], [ 139.45819542056131, 35.693141232900821 ], [ 139.458193854004264, 35.693149130564791 ], [ 139.458193511975509, 35.693154120580502 ], [ 139.458194095240344, 35.693165664274247 ], [ 139.458195451802339, 35.693175390712653 ], [ 139.458198019503328, 35.693185068934817 ], [ 139.458200611550609, 35.693189548189537 ], [ 139.458205029652646, 35.693198764263947 ], [ 139.458209272872864, 35.693204496434241 ], [ 139.458216687567528, 35.693213461893933 ], [ 139.45822182911445, 35.693217897102251 ], [ 139.458232114400857, 35.693226299611183 ], [ 139.458237835130689, 35.693229540843582 ], [ 139.458242984712996, 35.693232260391767 ], [ 139.458251188289438, 35.693236081254582 ], [ 139.458255960109369, 35.693237811806952 ], [ 139.458263024311577, 35.69323996542505 ], [ 139.458272064917082, 35.69324196922927 ], [ 139.458284611722377, 35.69324377599488 ], [ 139.45829589193275, 35.693243863128899 ], [ 139.45831017238558, 35.693242919800021 ], [ 139.458320442629002, 35.693240924168038 ], [ 139.458325802635642, 35.693239537124043 ], [ 139.458330781227346, 35.693237940929897 ], [ 139.458337996501086, 35.69323505194226 ], [ 139.458346171151845, 35.693231438076637 ], [ 139.458353583459115, 35.693227301931458 ], [ 139.458356204962513, 35.693225490432226 ], [ 139.458359559984842, 35.693223551241708 ], [ 139.458364197786437, 35.693219874367315 ], [ 139.458369060350776, 35.693215834259838 ], [ 139.458374824522309, 35.693209795328805 ], [ 139.458378475459909, 35.693205907418246 ], [ 139.458381171643623, 35.693201756581573 ], [ 139.458384505627208, 35.693197503750561 ], [ 139.458386819665662, 35.693193299733046 ], [ 139.458388896353881, 35.693188744040796 ], [ 139.458391201333171, 35.693183071265238 ], [ 139.458394048581226, 35.693173877826766 ], [ 139.458396249390631, 35.693166632016052 ] ] ] ] } },
{ "type": "Feature", "properties": { "fid": 42, "OBJECTID": 50, "SITEName": "Kokubunji52", "SITENameJP": "国分寺市No.52", "JASID": 13214005200, "Age": "[旧石器時代]", "Note": null, "notification": "20250819「遺跡地図GISの現在地」ハンズオンWS用サンプルデータ（国分寺市による正式な遺跡地図ではありません）" }, "geometry": { "type": "MultiPolygon", "coordinates": [ [ [ [ 139.462475987787286, 35.705149190349097 ], [ 139.462499117748365, 35.705173689103589 ], [ 139.462523447931744, 35.705196587593313 ], [ 139.462565392053591, 35.705235439679541 ], [ 139.462616446653186, 35.705311885731383 ], [ 139.462668689299221, 35.705391701101547 ], [ 139.462718040344839, 35.705464776180712 ], [ 139.462754130271094, 35.705524067209403 ], [ 139.462764195791522, 35.705541066845683 ], [ 139.462816164610302, 35.705624387225214 ], [ 139.462851488117479, 35.705682133260069 ], [ 139.462901400078295, 35.705764115021175 ], [ 139.462910365039988, 35.705777447572721 ], [ 139.462917223491189, 35.705786198417087 ], [ 139.462935389667507, 35.705803608619192 ], [ 139.462947543597551, 35.705810535150619 ], [ 139.462966494674134, 35.705823206008532 ], [ 139.462995101200988, 35.705827711487942 ], [ 139.463035281153708, 35.705839194285879 ], [ 139.463099412805633, 35.705857902822189 ], [ 139.463135095087438, 35.705866006070089 ], [ 139.463219357139621, 35.705881726307069 ], [ 139.463298981629038, 35.705896433040927 ], [ 139.46331588798094, 35.705893487455462 ], [ 139.463437741959268, 35.705894756007829 ], [ 139.463454391862683, 35.705891494082117 ], [ 139.463527018612979, 35.705885722125828 ], [ 139.463584673026816, 35.705882954281101 ], [ 139.463657195817689, 35.705871765282645 ], [ 139.463779790878846, 35.705852158019511 ], [ 139.464055372937594, 35.705779800257126 ], [ 139.464083887666192, 35.705776259112881 ], [ 139.464224474301744, 35.705755996640875 ], [ 139.464434593026851, 35.705754353207517 ], [ 139.464479655996541, 35.705745104215616 ], [ 139.464491260783859, 35.705745297544688 ], [ 139.464648752799775, 35.705720498009633 ], [ 139.464675196739165, 35.705711586326252 ], [ 139.464776024377358, 35.70564782225221 ], [ 139.464805856567949, 35.705623745764235 ], [ 139.46484502889146, 35.705579700978987 ], [ 139.46485747053049, 35.705555659979076 ], [ 139.464870715092758, 35.705514760156852 ], [ 139.464887748298764, 35.70547020386276 ], [ 139.464872710012514, 35.705364967110519 ], [ 139.464862195789095, 35.705285420679317 ], [ 139.464860479473856, 35.705280090810476 ], [ 139.464824168882416, 35.705210641330595 ], [ 139.464784656718763, 35.705174904595687 ], [ 139.464764430541152, 35.705156738971908 ], [ 139.464715826728849, 35.705118519134906 ], [ 139.46465111124391, 35.705066494673076 ], [ 139.464473993555828, 35.704969310258051 ], [ 139.46439465747315, 35.704867233843558 ], [ 139.464376634736055, 35.704799866592097 ], [ 139.464359440123616, 35.704753489733214 ], [ 139.464346769342939, 35.704717066021288 ], [ 139.46434155100593, 35.704704359691398 ], [ 139.464329095796728, 35.704668380356146 ], [ 139.464324038212254, 35.704656206979756 ], [ 139.464309115391615, 35.70463628266576 ], [ 139.464300348381983, 35.704626316505099 ], [ 139.46427861329073, 35.704597230711499 ], [ 139.464273629343978, 35.704592689506974 ], [ 139.464257624272989, 35.704571519457843 ], [ 139.464215922368481, 35.704519210350291 ], [ 139.464191692096279, 35.704488563875941 ], [ 139.46413426642215, 35.704448497502376 ], [ 139.464097639720393, 35.704439954508835 ], [ 139.463940958018384, 35.704441603606135 ], [ 139.463564282474351, 35.704442665602087 ], [ 139.463386893006941, 35.704499093894817 ], [ 139.463331099663094, 35.704517913523844 ], [ 139.463245878605022, 35.704547824339144 ], [ 139.463118593361685, 35.7045921596673 ], [ 139.463025299038719, 35.704626054293044 ], [ 139.462930678241833, 35.704661681289608 ], [ 139.462904263047534, 35.704671381511972 ], [ 139.462833213925876, 35.704698719355768 ], [ 139.462806636178556, 35.70471567630883 ], [ 139.462773378634552, 35.704741026897111 ], [ 139.462746718863059, 35.704761769976862 ], [ 139.462687588974603, 35.704812573831262 ], [ 139.462663262517452, 35.704834152350692 ], [ 139.462617218629077, 35.70488053737774 ], [ 139.462581956600587, 35.704921027308323 ], [ 139.462553938075388, 35.704956701373931 ], [ 139.462529657095502, 35.704992807657348 ], [ 139.462516658459606, 35.705015170433612 ], [ 139.462500711507261, 35.705045778372615 ], [ 139.462490142793484, 35.705072487206856 ], [ 139.462482079277436, 35.705103097519995 ], [ 139.462477599102868, 35.705126256744109 ], [ 139.462475987787286, 35.705149190349097 ] ] ] ] } },
{ "type": "Feature", "properties": { "fid": 43, "OBJECTID": 48, "SITEName": "Toukyoukeizaidaigakukounai", "SITENameJP": "東京経済大学構内", "JASID": 13214005300, "Age": "[旧石器時代][縄文時代（早期・中期）]", "Note": null, "notification": "20250819「遺跡地図GISの現在地」ハンズオンWS用サンプルデータ（国分寺市による正式な遺跡地図ではありません）" }, "geometry": { "type": "MultiPolygon", "coordinates": [ [ [ [ 139.490445284355388, 35.700493374807728 ], [ 139.491653452692617, 35.700052131806117 ], [ 139.491656659226265, 35.699962292061379 ], [ 139.491659612931528, 35.699789131439616 ], [ 139.491647706450379, 35.699493015202037 ], [ 139.491647525757855, 35.699278377399523 ], [ 139.491650705850816, 35.699132611929592 ], [ 139.491651048588409, 35.699052272968643 ], [ 139.491633389006438, 35.698951313496281 ], [ 139.491557915699502, 35.698438801693705 ], [ 139.491547305737583, 35.698355897712517 ], [ 139.491312355803245, 35.698004357952811 ], [ 139.491321133975077, 35.697788702178045 ], [ 139.491286435262424, 35.697784131973599 ], [ 139.491238197694116, 35.697783547733351 ], [ 139.491186238129472, 35.697798752587808 ], [ 139.491105497044771, 35.697835786491041 ], [ 139.491046175534876, 35.697863341811889 ], [ 139.491021286649413, 35.697872214259029 ], [ 139.490924280290074, 35.697909797999102 ], [ 139.490793400374855, 35.697974152203159 ], [ 139.490732341837003, 35.698023277948614 ], [ 139.490688346080731, 35.698056242643396 ], [ 139.490679182366023, 35.698062625867436 ], [ 139.490661769199676, 35.698075245862384 ], [ 139.490604258038132, 35.698106681513245 ], [ 139.490524955218632, 35.69814908505181 ], [ 139.490507941912568, 35.698153657263262 ], [ 139.490434387740464, 35.698176402025759 ], [ 139.490410602067698, 35.698183637897714 ], [ 139.490343133338058, 35.698193432268916 ], [ 139.490233420992183, 35.698211006048048 ], [ 139.490184046589633, 35.698219808527178 ], [ 139.489884599076561, 35.698252044432842 ], [ 139.489788118292466, 35.69825206722151 ], [ 139.489774217025285, 35.698255306727539 ], [ 139.489325806594564, 35.698254026071453 ], [ 139.489323461513692, 35.698289494147559 ], [ 139.489136201065463, 35.698323539290605 ], [ 139.4890169749726, 35.698343767721461 ], [ 139.488818749392493, 35.698378079111578 ], [ 139.488639923463467, 35.698405291151403 ], [ 139.488327437762933, 35.698409761857803 ], [ 139.487988639393677, 35.698414156265549 ], [ 139.487985636074399, 35.698432630305234 ], [ 139.487951247458682, 35.698440878645613 ], [ 139.488003919027221, 35.698684583469102 ], [ 139.488091003887575, 35.699083998993551 ], [ 139.488320890577114, 35.700438661453639 ], [ 139.490126941835143, 35.700501657355552 ], [ 139.490148365488409, 35.700491433737284 ], [ 139.490445284355388, 35.700493374807728 ] ] ] ] } },
{ "type": "Feature", "properties": { "fid": 44, "OBJECTID": 70, "SITEName": "Hanazawahigashi", "SITENameJP": "花沢東", "JASID": 13214005400, "Age": "[旧石器時代][縄文時代]", "Note": null, "notification": "20250819「遺跡地図GISの現在地」ハンズオンWS用サンプルデータ（国分寺市による正式な遺跡地図ではありません）" }, "geometry": { "type": "MultiPolygon", "coordinates": [ [ [ [ 139.481485728224754, 35.698889587987374 ], [ 139.481436323812517, 35.699225409919414 ], [ 139.481388378215769, 35.699588732041683 ], [ 139.481175610862209, 35.699584672760132 ], [ 139.480929180793282, 35.699570203567703 ], [ 139.480929518446175, 35.699613167000741 ], [ 139.481267750828692, 35.699831546719928 ], [ 139.481265623067998, 35.699956131580805 ], [ 139.481683217909023, 35.699973677996759 ], [ 139.481917016302134, 35.699986390273487 ], [ 139.482261967506503, 35.699994700466767 ], [ 139.483077669396096, 35.700150452702623 ], [ 139.483082244294451, 35.700188272965043 ], [ 139.483328041100037, 35.700227654130181 ], [ 139.483112313088782, 35.699635541188229 ], [ 139.483046494728995, 35.69963126823788 ], [ 139.483006463928746, 35.699511286509754 ], [ 139.483039969740247, 35.699497421224557 ], [ 139.482936628915695, 35.699281448952767 ], [ 139.48278786372444, 35.698974693537622 ], [ 139.482729802234843, 35.69888301441479 ], [ 139.482629909019693, 35.698722043844185 ], [ 139.482563998447887, 35.698618741907495 ], [ 139.482421130674112, 35.698409098347213 ], [ 139.482323241832887, 35.698271762706796 ], [ 139.482278344615395, 35.698180980994152 ], [ 139.482215664698543, 35.698061792172567 ], [ 139.482174616456916, 35.697934073931897 ], [ 139.482161666114138, 35.697884629324697 ], [ 139.482139486125561, 35.697778017717745 ], [ 139.482124787046445, 35.697646939329708 ], [ 139.482128337051449, 35.697558017394208 ], [ 139.482120945419695, 35.697532110945303 ], [ 139.482117305715008, 35.697461319670914 ], [ 139.482114579288634, 35.697452504411359 ], [ 139.482103752979128, 35.697429165687169 ], [ 139.482078839748027, 35.697375389914875 ], [ 139.482066468131052, 35.697357024493144 ], [ 139.482050419237851, 35.697337111817077 ], [ 139.481988352313635, 35.697262134560084 ], [ 139.48195323383618, 35.697223580647773 ], [ 139.481929368191601, 35.697201170499241 ], [ 139.481714123227931, 35.697043084521731 ], [ 139.481580513341981, 35.696945169373414 ], [ 139.481418218131267, 35.696843088783844 ], [ 139.481257776547409, 35.696768724186477 ], [ 139.481041502206608, 35.696665625947098 ], [ 139.480987105248801, 35.696639689256081 ], [ 139.480933089152558, 35.696616975840392 ], [ 139.480890500452659, 35.696570666502737 ], [ 139.480834675798889, 35.696510140777335 ], [ 139.480790137731901, 35.696458025762269 ], [ 139.480712144494362, 35.696348672651936 ], [ 139.480630827267362, 35.696336404927145 ], [ 139.480413979244304, 35.696304191948698 ], [ 139.480184611708268, 35.696304378514235 ], [ 139.47995752415008, 35.696324978507427 ], [ 139.479555318684447, 35.696583720026517 ], [ 139.479322900586396, 35.696737701599837 ], [ 139.479287614379302, 35.697214051510528 ], [ 139.479279997871743, 35.697269021055781 ], [ 139.479412429310969, 35.697752308518112 ], [ 139.479736487460798, 35.697718890910998 ], [ 139.480140115206297, 35.697676254185133 ], [ 139.480233882587243, 35.69767223303009 ], [ 139.480602539197662, 35.697677180491866 ], [ 139.480404065229095, 35.698733475097825 ], [ 139.481148002828348, 35.69879623107154 ], [ 139.481142416718512, 35.698868821268398 ], [ 139.481485728224754, 35.698889587987374 ] ] ] ] } },
{ "type": "Feature", "properties": { "fid": 45, "OBJECTID": 16, "SITEName": "Hikaricho", "SITENameJP": "光町", "JASID": 13214005500, "Age": "[旧石器時代]", "Note": null, "notification": "20250819「遺跡地図GISの現在地」ハンズオンWS用サンプルデータ（国分寺市による正式な遺跡地図ではありません）" }, "geometry": { "type": "MultiPolygon", "coordinates": [ [ [ [ 139.442170719681343, 35.706393372169124 ], [ 139.442137213532732, 35.706380943152375 ], [ 139.442111240589639, 35.706372474206411 ], [ 139.442106157999888, 35.706371473787343 ], [ 139.442071175380732, 35.706371402851175 ], [ 139.442057456300802, 35.706377561091372 ], [ 139.442045254848551, 35.706384408714861 ], [ 139.442035981041528, 35.70639319087374 ], [ 139.442030224972029, 35.706401214460904 ], [ 139.44202830223827, 35.706412310557489 ], [ 139.442025331822038, 35.706420973903633 ], [ 139.442008040620664, 35.706454615077938 ], [ 139.441964220626943, 35.706534981159074 ], [ 139.441867356288299, 35.70669431436594 ], [ 139.44186020899798, 35.706740149340845 ], [ 139.441860602450248, 35.70678840442018 ], [ 139.441863357143006, 35.706825715962253 ], [ 139.441869183503968, 35.706856962991417 ], [ 139.441901359786982, 35.706926881645103 ], [ 139.441921204613692, 35.706944399683827 ], [ 139.441935729051181, 35.706955911471468 ], [ 139.442167231792951, 35.707042904901044 ], [ 139.442190965370258, 35.707058895518642 ], [ 139.442250975744884, 35.707099986472947 ], [ 139.442282232601059, 35.707121990463989 ], [ 139.442292060629512, 35.707128610236168 ], [ 139.442328357102753, 35.707149689468309 ], [ 139.442357393605675, 35.707153804943566 ], [ 139.442395127692066, 35.707159745346523 ], [ 139.442428586534731, 35.707160452913506 ], [ 139.442441214130753, 35.70715228051241 ], [ 139.442462644618217, 35.70714584782543 ], [ 139.442481748950229, 35.707121697410287 ], [ 139.442494922312392, 35.707109163400418 ], [ 139.442626519796278, 35.70688269513429 ], [ 139.442770832486019, 35.706629916607049 ], [ 139.442768819717571, 35.706612456572699 ], [ 139.442508497320318, 35.706520066222588 ], [ 139.442408915540739, 35.706484236927103 ], [ 139.442346403557167, 35.70646144698928 ], [ 139.442288190210064, 35.706439098767049 ], [ 139.442207992024237, 35.706407866768608 ], [ 139.442170719681343, 35.706393372169124 ] ] ] ] } },
{ "type": "Feature", "properties": { "fid": 46, "OBJECTID": 37, "SITEName": "No56", "SITENameJP": "No.56", "JASID": 13214005600, "Age": "[旧石器時代][縄文時代]", "Note": null, "notification": "20250819「遺跡地図GISの現在地」ハンズオンWS用サンプルデータ（国分寺市による正式な遺跡地図ではありません）" }, "geometry": { "type": "MultiPolygon", "coordinates": [ [ [ [ 139.449052609409762, 35.702139322258049 ], [ 139.449169948204002, 35.7021800461483 ], [ 139.449196157371404, 35.702182131458848 ], [ 139.449208289997273, 35.702183855790011 ], [ 139.449245422588604, 35.702170489390049 ], [ 139.449264178572349, 35.702164649596952 ], [ 139.449285340457408, 35.702141908683132 ], [ 139.449338968646174, 35.702055376117642 ], [ 139.449380813219108, 35.70198529073123 ], [ 139.44943308182863, 35.701901400711748 ], [ 139.449465559167834, 35.701847475403035 ], [ 139.449753091953227, 35.701372496080729 ], [ 139.449754008169066, 35.70134300078815 ], [ 139.449645453456895, 35.701248260525588 ], [ 139.449490723780315, 35.701113444987371 ], [ 139.449407634228606, 35.701041330774856 ], [ 139.449335808390089, 35.700990533292568 ], [ 139.449225494798583, 35.700912643159747 ], [ 139.44912175009776, 35.700838566520773 ], [ 139.449099615412024, 35.700821850444953 ], [ 139.449072822082996, 35.700807015806838 ], [ 139.449058007758254, 35.700798961855106 ], [ 139.448984093369745, 35.70077976272421 ], [ 139.448963836379534, 35.700775484009363 ], [ 139.448919560246196, 35.700770391129822 ], [ 139.448793496624461, 35.700771884776657 ], [ 139.44852095946041, 35.700775543881868 ], [ 139.448485640421694, 35.700922289926062 ], [ 139.448248961617395, 35.700881921087756 ], [ 139.448185544081667, 35.70101656715687 ], [ 139.44818585605546, 35.701032265418029 ], [ 139.448190068000997, 35.701042708620079 ], [ 139.44819815104114, 35.701053901663443 ], [ 139.448213294529324, 35.701074072110792 ], [ 139.448228076903604, 35.701088763161486 ], [ 139.448235337889798, 35.701136615635448 ], [ 139.448238418771126, 35.701247981240343 ], [ 139.448241320881948, 35.701342806203073 ], [ 139.448245936492327, 35.701464172714033 ], [ 139.448246004788899, 35.701496843986376 ], [ 139.448267137614778, 35.70156075414797 ], [ 139.448295669819458, 35.701643756460292 ], [ 139.448319258197927, 35.701680493973676 ], [ 139.448377602196189, 35.701768437753543 ], [ 139.448399272046373, 35.701801271137342 ], [ 139.448411998220877, 35.701813848573558 ], [ 139.448487064745336, 35.701862233894921 ], [ 139.448536252998565, 35.701893469622405 ], [ 139.448618280438097, 35.701944721584695 ], [ 139.448656652568729, 35.701969074893796 ], [ 139.448794549167019, 35.702032093854712 ], [ 139.448877548780075, 35.702069231746435 ], [ 139.448931944528368, 35.702091950534651 ], [ 139.449009035430123, 35.702122327018131 ], [ 139.449052609409762, 35.702139322258049 ] ] ] ] } },
{ "type": "Feature", "properties": { "fid": 47, "OBJECTID": 29, "SITEName": "Koigakubohigashi", "SITENameJP": "恋ヶ窪東", "JASID": 13214005700, "Age": "[旧石器時代][縄文時代（中期）][奈良時代][平安時代]", "Note": null, "notification": "20250819「遺跡地図GISの現在地」ハンズオンWS用サンプルデータ（国分寺市による正式な遺跡地図ではありません）" }, "geometry": { "type": "MultiPolygon", "coordinates": [ [ [ [ 139.477649787488247, 35.700905175891499 ], [ 139.477371919096555, 35.700877519817276 ], [ 139.477281117584624, 35.700859473292759 ], [ 139.477146706974992, 35.700845658296458 ], [ 139.477141370013697, 35.700843629903552 ], [ 139.476878712825368, 35.700817024003086 ], [ 139.476720865591062, 35.700802468258566 ], [ 139.476620579277466, 35.700790430935676 ], [ 139.476496434549745, 35.700779999969519 ], [ 139.476606288741181, 35.700952067452263 ], [ 139.476717781582721, 35.701125649135946 ], [ 139.476760251830115, 35.7011925261857 ], [ 139.476778215839971, 35.701221762098633 ], [ 139.47679316137382, 35.701236230001975 ], [ 139.476847069994761, 35.70127404206098 ], [ 139.476893184399415, 35.701307554240664 ], [ 139.476931604516039, 35.701335520671954 ], [ 139.477047316805425, 35.701417864975767 ], [ 139.477043762430611, 35.701431104070579 ], [ 139.476812752216603, 35.701777593520646 ], [ 139.476564519455451, 35.701743314688095 ], [ 139.476499732374293, 35.701793437634848 ], [ 139.476232322649196, 35.702094199103655 ], [ 139.476185206026798, 35.702147057765686 ], [ 139.476122040861924, 35.7022022168155 ], [ 139.476074139050496, 35.702246687271234 ], [ 139.476002998869689, 35.70229192730563 ], [ 139.475916297820731, 35.702368400242015 ], [ 139.475812968657692, 35.702438785927576 ], [ 139.475736532393739, 35.702564849480311 ], [ 139.475738496712381, 35.702573912013307 ], [ 139.47575606207019, 35.702611826222366 ], [ 139.475803850956737, 35.702719390671589 ], [ 139.475815121174151, 35.702751122586939 ], [ 139.475802289288964, 35.702792845908156 ], [ 139.475774803004839, 35.702869997758825 ], [ 139.475760894154149, 35.702945680488 ], [ 139.475713477500136, 35.703065540846829 ], [ 139.475722766934126, 35.703264564190349 ], [ 139.475602573442956, 35.703381440929682 ], [ 139.475455750217179, 35.703521634835383 ], [ 139.475462703533253, 35.703553102369206 ], [ 139.475479601157218, 35.703636927042368 ], [ 139.475490062276947, 35.703711675881202 ], [ 139.475499062209394, 35.703768306983662 ], [ 139.475506286564581, 35.703812432344613 ], [ 139.475513415760503, 35.703848781105052 ], [ 139.475528852990607, 35.703922285835539 ], [ 139.475539849601063, 35.703975202458771 ], [ 139.475550866334828, 35.704023618380063 ], [ 139.47556550775144, 35.704142932048086 ], [ 139.475571457653302, 35.70423372845913 ], [ 139.475575316480814, 35.704362493816518 ], [ 139.475579277959497, 35.704592345740721 ], [ 139.475566366346868, 35.70465374574939 ], [ 139.475561565132921, 35.704686281616382 ], [ 139.47554556877742, 35.704768197122682 ], [ 139.475490130900511, 35.704969119830352 ], [ 139.475430287144633, 35.705188451876417 ], [ 139.475430215310496, 35.705204523292061 ], [ 139.475452113510585, 35.705399294778289 ], [ 139.476244243335941, 35.705317369897045 ], [ 139.476279324964878, 35.705750434208284 ], [ 139.476311525598106, 35.706137954898779 ], [ 139.476328973060731, 35.706340901706689 ], [ 139.476372506713489, 35.706296627877073 ], [ 139.476379177965413, 35.706287716757679 ], [ 139.476403364692857, 35.706255866409975 ], [ 139.476527366403275, 35.706188029386091 ], [ 139.47667258557874, 35.706148962553392 ], [ 139.476739906384694, 35.706130922850903 ], [ 139.476971518993281, 35.706067834615077 ], [ 139.47705709627769, 35.706036641109755 ], [ 139.477227795263474, 35.705972617331454 ], [ 139.477352456817442, 35.705926444756642 ], [ 139.47735663470533, 35.705923312428084 ], [ 139.477478677745239, 35.705876377252913 ], [ 139.477410263585227, 35.705585354489386 ], [ 139.477391999793667, 35.705520776782095 ], [ 139.477335785227382, 35.705270917279776 ], [ 139.477315193059212, 35.705185069356965 ], [ 139.477323881185811, 35.705061926478265 ], [ 139.477339334932736, 35.704992811804473 ], [ 139.477475924649156, 35.704795477888823 ], [ 139.477560049926268, 35.704674215926147 ], [ 139.477605941612467, 35.70461950824722 ], [ 139.477650883354983, 35.704570332389821 ], [ 139.477739907193808, 35.704387700504384 ], [ 139.477808092622695, 35.704244001102026 ], [ 139.477887271130697, 35.704083176266302 ], [ 139.477965889548472, 35.703923960694794 ], [ 139.478020085457274, 35.703804874194688 ], [ 139.478066840960309, 35.703694319253167 ], [ 139.478087400394401, 35.703648593302866 ], [ 139.478119294234773, 35.703550824793972 ], [ 139.478163274068095, 35.703509696292194 ], [ 139.478236744756686, 35.703356200795767 ], [ 139.478301194931021, 35.703219785737538 ], [ 139.478367813906999, 35.703081112862712 ], [ 139.47843971045674, 35.702934656685137 ], [ 139.478506648524473, 35.702793468917037 ], [ 139.47857390592398, 35.702649766299487 ], [ 139.478622133011982, 35.702554813101109 ], [ 139.478403428785441, 35.702004477114258 ], [ 139.478324714490697, 35.701810532252786 ], [ 139.478223862843237, 35.701670610648414 ], [ 139.478189229907144, 35.701621199772646 ], [ 139.478101863561221, 35.701361568154567 ], [ 139.478032094034461, 35.701237335757227 ], [ 139.478011897955753, 35.701201300916296 ], [ 139.477999686194096, 35.701173088467179 ], [ 139.477977449536922, 35.701110380646 ], [ 139.477969854038776, 35.701084445996713 ], [ 139.477928439646547, 35.701034260296225 ], [ 139.477888187521188, 35.7010001788138 ], [ 139.477864526382234, 35.700980486090323 ], [ 139.477772590184543, 35.700940088338776 ], [ 139.477649787488247, 35.700905175891499 ] ] ] ] } },
{ "type": "Feature", "properties": { "fid": 48, "OBJECTID": 61, "SITEName": "Tousandoumusashimichi", "SITENameJP": "東山道武蔵路", "JASID": 13214005801, "Age": "[奈良時代][平安時代]", "Note": null, "notification": "20250819「遺跡地図GISの現在地」ハンズオンWS用サンプルデータ（国分寺市による正式な遺跡地図ではありません）" }, "geometry": { "type": "MultiPolygon", "coordinates": [ [ [ [ 139.469011344077529, 35.688435669381974 ], [ 139.468889915781489, 35.688386358776633 ], [ 139.468855688420376, 35.688374407825727 ], [ 139.468875351597745, 35.68907598463673 ], [ 139.468889922284973, 35.68973073342292 ], [ 139.468918282080409, 35.690838453058035 ], [ 139.468933633511114, 35.691441353562517 ], [ 139.468953261683481, 35.692255576577125 ], [ 139.46896471062982, 35.692669684852902 ], [ 139.468981314444392, 35.693311432635014 ], [ 139.468997970648388, 35.694046405312633 ], [ 139.469019113176074, 35.694841987593144 ], [ 139.469033635417816, 35.695418083053944 ], [ 139.469041220308185, 35.695705150926329 ], [ 139.469058706480553, 35.695861854216268 ], [ 139.469191913460804, 35.695900611761225 ], [ 139.469176585326807, 35.695711008340588 ], [ 139.469157700701288, 35.694837357263317 ], [ 139.469136971151073, 35.694055371536294 ], [ 139.469130205074293, 35.693658368752551 ], [ 139.46912276156732, 35.693305645681548 ], [ 139.469109510890007, 35.692659246819012 ], [ 139.469100745034325, 35.692283213479499 ], [ 139.469081626826693, 35.691461223294233 ], [ 139.469069326474056, 35.690920093506094 ], [ 139.469044488462032, 35.689785394073454 ], [ 139.469025483500019, 35.689043421910391 ], [ 139.469011344077529, 35.688435669381974 ] ] ] ] } },
{ "type": "Feature", "properties": { "fid": 49, "OBJECTID": 62, "SITEName": "Tousandoumusashimichi", "SITENameJP": "東山道武蔵路", "JASID": 13214005802, "Age": "[奈良時代][平安時代]", "Note": null, "notification": "20250819「遺跡地図GISの現在地」ハンズオンWS用サンプルデータ（国分寺市による正式な遺跡地図ではありません）" }, "geometry": { "type": "MultiPolygon", "coordinates": [ [ [ [ 139.46933329475732, 35.702802514941062 ], [ 139.469351226644591, 35.703397368176105 ], [ 139.469359287296612, 35.703610773441845 ], [ 139.469367237087965, 35.703848577903976 ], [ 139.469375481680203, 35.704083621035821 ], [ 139.46938391828553, 35.704400610355094 ], [ 139.469397933205755, 35.704856302564714 ], [ 139.469553916476116, 35.704873922831311 ], [ 139.469548802632744, 35.704695054173619 ], [ 139.469538140671375, 35.704390829246393 ], [ 139.46951944148995, 35.703890010864434 ], [ 139.469511358427837, 35.703681439421459 ], [ 139.469504964283573, 35.703559761825431 ], [ 139.469491030665097, 35.703186481619163 ], [ 139.469475857677651, 35.702799265645069 ], [ 139.469463291365003, 35.702459475508959 ], [ 139.469451503758336, 35.702134649692901 ], [ 139.469440816583557, 35.701878191955707 ], [ 139.469432825925907, 35.701649364489505 ], [ 139.469426266997147, 35.701478087449537 ], [ 139.469423566789942, 35.701327078300629 ], [ 139.469444536596967, 35.700811068178325 ], [ 139.469430657804565, 35.700511786425906 ], [ 139.469416381651087, 35.700299973555587 ], [ 139.4694038677506, 35.700072973828775 ], [ 139.469389702611466, 35.699836761720228 ], [ 139.469375851357313, 35.699531495200482 ], [ 139.469366583767481, 35.69933534998119 ], [ 139.469355351612364, 35.69907474715005 ], [ 139.469339665723822, 35.698676480490448 ], [ 139.469316528085386, 35.698303511568582 ], [ 139.46930827023175, 35.698133610398287 ], [ 139.469299005031303, 35.697937004767383 ], [ 139.46929180274509, 35.69778321969774 ], [ 139.469275577513883, 35.69750372655767 ], [ 139.46926071966115, 35.697171755452345 ], [ 139.469233087375812, 35.696670329819668 ], [ 139.469193416317808, 35.695899781888109 ], [ 139.469058706480553, 35.695861854216268 ], [ 139.469065426520331, 35.695997453301821 ], [ 139.469077943113746, 35.6962235324823 ], [ 139.469089813770182, 35.696467564098633 ], [ 139.469105542897381, 35.696731863624329 ], [ 139.46911956647736, 35.696998920191398 ], [ 139.469138754421891, 35.697371416909078 ], [ 139.4691543750167, 35.697659655256665 ], [ 139.469173153774932, 35.697998083376689 ], [ 139.469186931871832, 35.698226122857669 ], [ 139.469206716663166, 35.698591600667712 ], [ 139.469216631881352, 35.698769333118967 ], [ 139.469229050901703, 35.699017049231912 ], [ 139.469247424915864, 35.699320487996758 ], [ 139.469261821196312, 35.699629899509851 ], [ 139.469272121056719, 35.699847224821937 ], [ 139.469274891306753, 35.700137956200734 ], [ 139.4692778243178, 35.700486003989262 ], [ 139.469278787222152, 35.700692589764493 ], [ 139.469282561417742, 35.700809657662411 ], [ 139.469285283735132, 35.701079902434671 ], [ 139.469288095413191, 35.701454651195306 ], [ 139.46929591407681, 35.701669658772751 ], [ 139.469310584383976, 35.702094631880001 ], [ 139.469318511947705, 35.702337270209298 ], [ 139.469325673516153, 35.702562182014432 ], [ 139.46933329475732, 35.702802514941062 ] ] ] ] } },
{ "type": "Feature", "properties": { "fid": 50, "OBJECTID": 25, "SITEName": "Kokubunji6", "SITENameJP": "国分寺市No.6", "JASID": 13214000600, "Age": "[縄文時代（中期）]", "Note": null, "notification": "20250819「遺跡地図GISの現在地」ハンズオンWS用サンプルデータ（国分寺市による正式な遺跡地図ではありません）" }, "geometry": { "type": "MultiPolygon", "coordinates": [ [ [ [ 139.483933612425204, 35.703119521596513 ], [ 139.48396290815208, 35.703122501249311 ], [ 139.484098067284236, 35.70313828065342 ], [ 139.484164907750738, 35.703143146581375 ], [ 139.484173705832291, 35.70313987122509 ], [ 139.48420141552316, 35.703124640605864 ], [ 139.484235021615291, 35.703106456291266 ], [ 139.484247197288113, 35.703098417147757 ], [ 139.484251695198907, 35.70309492618329 ], [ 139.484257318417008, 35.703090372044585 ], [ 139.484259759129174, 35.703087484506582 ], [ 139.484262199509118, 35.70308467314166 ], [ 139.484266235789903, 35.703079962052044 ], [ 139.484271122193292, 35.703073044378321 ], [ 139.484275552611678, 35.703063611636253 ], [ 139.484278758689499, 35.703056536741059 ], [ 139.484281509778612, 35.703046718258193 ], [ 139.48428399165914, 35.703034385248763 ], [ 139.484285628729083, 35.703023040052905 ], [ 139.484287090310858, 35.703009104428162 ], [ 139.48428724451594, 35.702930874058097 ], [ 139.484287316712255, 35.702871458456215 ], [ 139.484286676743693, 35.702589764707824 ], [ 139.48428766639833, 35.70257697032536 ], [ 139.484288344182659, 35.702571449667047 ], [ 139.484297991234968, 35.702543597913241 ], [ 139.48430433219977, 35.702524344247628 ], [ 139.484310214855356, 35.702503108725487 ], [ 139.484313381185245, 35.702494434056824 ], [ 139.484316996142837, 35.702479247801435 ], [ 139.484322739540346, 35.702457821439417 ], [ 139.484328069496456, 35.702434832308711 ], [ 139.484332938819534, 35.702410394533764 ], [ 139.484335950681839, 35.702383589975071 ], [ 139.48433813035453, 35.702354878650205 ], [ 139.484344280067376, 35.702243783824102 ], [ 139.484348411462832, 35.702152945461506 ], [ 139.484350799548992, 35.70209069273222 ], [ 139.484353367619008, 35.702044284742705 ], [ 139.484358426297575, 35.701969242501256 ], [ 139.484361537716552, 35.701941016311459 ], [ 139.48436607014574, 35.701901012642487 ], [ 139.484371553554752, 35.701871371411791 ], [ 139.484374480104719, 35.701828417686627 ], [ 139.484376893527013, 35.70174605505607 ], [ 139.484375661359451, 35.701680560773731 ], [ 139.484373919127052, 35.701673185875485 ], [ 139.484372210228457, 35.701668877082696 ], [ 139.484359720542329, 35.701641875229868 ], [ 139.484346402003808, 35.701612204877875 ], [ 139.484334831925963, 35.701588481176259 ], [ 139.484311869268225, 35.701543167159919 ], [ 139.484305733043442, 35.701531532811565 ], [ 139.484298869589793, 35.701520696182548 ], [ 139.48429266216678, 35.701509328236519 ], [ 139.484281535645096, 35.701490976092174 ], [ 139.484272069166224, 35.701477427731326 ], [ 139.484261812724782, 35.701463001076235 ], [ 139.484257309384844, 35.701457046433774 ], [ 139.484252668124242, 35.701450596259278 ], [ 139.484247605795787, 35.701444335298781 ], [ 139.484240310663495, 35.701436125422035 ], [ 139.484234826770347, 35.701430167934923 ], [ 139.484231110576843, 35.7014257390571 ], [ 139.484224576836311, 35.701419607132834 ], [ 139.484219622113187, 35.701415441271955 ], [ 139.48421429824532, 35.701410265032905 ], [ 139.484207037857999, 35.701404797523779 ], [ 139.484198888309578, 35.701399784479975 ], [ 139.484191853585884, 35.701396107716661 ], [ 139.484182915204343, 35.701392634909922 ], [ 139.484179175178951, 35.701390995839084 ], [ 139.484173727948473, 35.701390018339616 ], [ 139.484118647905433, 35.701385764193155 ], [ 139.484075021895762, 35.701383638045591 ], [ 139.484047176009909, 35.701384728422603 ], [ 139.484029166339724, 35.701386847123423 ], [ 139.484019914496457, 35.70138833423551 ], [ 139.484011044257841, 35.701390650848062 ], [ 139.484005291159178, 35.701392890810553 ], [ 139.483994621699281, 35.701398230122116 ], [ 139.483985530997359, 35.701402917012899 ], [ 139.483968324212185, 35.701414657399816 ], [ 139.483964606001734, 35.701418053019864 ], [ 139.48395436409686, 35.701426732138302 ], [ 139.48394736160509, 35.701433396093094 ], [ 139.483934227005165, 35.701445890992886 ], [ 139.483924785752379, 35.7014556721969 ], [ 139.483909443115209, 35.701473584520734 ], [ 139.483907070579676, 35.701475570063032 ], [ 139.483886737408824, 35.701500534237482 ], [ 139.483879709900094, 35.701509918960419 ], [ 139.483872422077525, 35.701518767327791 ], [ 139.483852051213972, 35.701546345111645 ], [ 139.483843732320821, 35.701556733009745 ], [ 139.48383477296926, 35.701569432836905 ], [ 139.483826768128836, 35.701580078733357 ], [ 139.483822325604194, 35.701586942929623 ], [ 139.483817336563817, 35.701592648644151 ], [ 139.483804332858455, 35.701611249742172 ], [ 139.48379957711424, 35.701617663124559 ], [ 139.483795848788503, 35.701623372499107 ], [ 139.483791652181253, 35.701628052162917 ], [ 139.483776896560244, 35.701647858624902 ], [ 139.483768193952415, 35.701658898834431 ], [ 139.483758691709852, 35.701669604649403 ], [ 139.483748061926946, 35.701685898846165 ], [ 139.483742890034506, 35.701697388499483 ], [ 139.483740352322997, 35.701701108900579 ], [ 139.483734614835157, 35.701715810506926 ], [ 139.48373126223791, 35.701725698645603 ], [ 139.483726702182395, 35.701741432022068 ], [ 139.483723501280934, 35.701752670311443 ], [ 139.483721016828895, 35.701762239611696 ], [ 139.483717153017722, 35.70178093151835 ], [ 139.483712094091146, 35.701802640733803 ], [ 139.48370862958248, 35.701820112633364 ], [ 139.4837035662201, 35.701854869035415 ], [ 139.483699104236877, 35.70189024847911 ], [ 139.483694613440889, 35.701932226422549 ], [ 139.483689691474211, 35.702000768839824 ], [ 139.483692722810872, 35.702028371722591 ], [ 139.483702685002669, 35.702104841395595 ], [ 139.483720489213681, 35.702238064523698 ], [ 139.483740855598484, 35.702410115324888 ], [ 139.483753650355823, 35.702511616414576 ], [ 139.483759922484978, 35.702566994172322 ], [ 139.483768668209535, 35.702633348186176 ], [ 139.483775339655381, 35.702693526071208 ], [ 139.483782303314655, 35.702746934829193 ], [ 139.483788907837265, 35.702808742723491 ], [ 139.483797044516024, 35.702827429010789 ], [ 139.483813245541342, 35.702867111988411 ], [ 139.483825909206871, 35.702897047101118 ], [ 139.483830986870544, 35.702910506576444 ], [ 139.483834086862402, 35.702917047508151 ], [ 139.483836681116031, 35.702921777836046 ], [ 139.483838619160281, 35.702927077564389 ], [ 139.483847491996698, 35.702948279731288 ], [ 139.483851397917533, 35.702957393878926 ], [ 139.483854593544834, 35.702963420912454 ], [ 139.483867516301927, 35.702992842597382 ], [ 139.483872373306042, 35.703003368726733 ], [ 139.483890422284077, 35.703040479834009 ], [ 139.483906809402441, 35.703073206102403 ], [ 139.483911996931454, 35.703082895274321 ], [ 139.483917004664988, 35.703090984267689 ], [ 139.483925437187708, 35.70310609122108 ], [ 139.483933612425204, 35.703119521596513 ] ] ] ] } },
{ "type": "Feature", "properties": { "fid": 51, "OBJECTID": 31, "SITEName": "Tamaranzaka", "SITENameJP": "多摩蘭坂", "JASID": 13214000700, "Age": "[旧石器時代][縄文時代][奈良時代]", "Note": null, "notification": "20250819「遺跡地図GISの現在地」ハンズオンWS用サンプルデータ（国分寺市による正式な遺跡地図ではありません）" }, "geometry": { "type": "MultiPolygon", "coordinates": [ [ [ [ 139.457155392375682, 35.69540345919615 ], [ 139.457187757120636, 35.695379591316325 ], [ 139.457258241125629, 35.695324532132268 ], [ 139.457754272610487, 35.694940524003428 ], [ 139.457348330823834, 35.694629058623292 ], [ 139.457333878026702, 35.694487874548052 ], [ 139.456218332530909, 35.69446736528073 ], [ 139.456218609023296, 35.694480695934658 ], [ 139.456210137926121, 35.694514570413503 ], [ 139.456201299047592, 35.694542493764956 ], [ 139.456189652228971, 35.694566349421116 ], [ 139.456177517165685, 35.694585821782269 ], [ 139.456165124583492, 35.69459994297074 ], [ 139.456145920619633, 35.694615161318431 ], [ 139.455950984824966, 35.694597392289033 ], [ 139.455913518016388, 35.694622074071823 ], [ 139.45579031053029, 35.694702696537568 ], [ 139.455633121043604, 35.694805324789591 ], [ 139.45550976218189, 35.694885954176392 ], [ 139.455411755627182, 35.694949989267002 ], [ 139.455163086746495, 35.695111102951003 ], [ 139.454961338254407, 35.695243121100113 ], [ 139.454950008424618, 35.695271590010996 ], [ 139.454938742428595, 35.695310483105636 ], [ 139.454928554957007, 35.695360449307067 ], [ 139.45492453757285, 35.695396966746792 ], [ 139.454925479274635, 35.695437005185916 ], [ 139.454928297414483, 35.695462843385883 ], [ 139.454934507174983, 35.695488876742452 ], [ 139.454945688236251, 35.695515848201822 ], [ 139.45495904492725, 35.695538098806843 ], [ 139.454985302281614, 35.695563434130698 ], [ 139.454996539842597, 35.695572463595745 ], [ 139.455015232398267, 35.695583315318622 ], [ 139.455032073790136, 35.695591047863005 ], [ 139.455044942399411, 35.695595931305334 ], [ 139.455063154517092, 35.695600762352136 ], [ 139.455083232182801, 35.695605668443918 ], [ 139.45511281667919, 35.695608943945501 ], [ 139.455145543483013, 35.695611329897552 ], [ 139.455190756654446, 35.695609742292781 ], [ 139.455232421093115, 35.6956053069094 ], [ 139.455263054552461, 35.695600975238115 ], [ 139.455295655626742, 35.695595058466374 ], [ 139.455326894410234, 35.695588261055285 ], [ 139.455384408555972, 35.695574051015299 ], [ 139.455412580998797, 35.695566021673045 ], [ 139.455452330294548, 35.695554038955692 ], [ 139.455489614799546, 35.695543155460328 ], [ 139.455529370925206, 35.695529719838419 ], [ 139.455563345444887, 35.695519310231724 ], [ 139.455615901100799, 35.69550042601341 ], [ 139.455664957755175, 35.69548213040401 ], [ 139.455713331684194, 35.695462725661024 ], [ 139.455759289165002, 35.695442160223365 ], [ 139.45580762193984, 35.695419480521551 ], [ 139.455841661963859, 35.69540215246753 ], [ 139.455864956250679, 35.695390394753268 ], [ 139.455891147509845, 35.695375809502735 ], [ 139.455896751305772, 35.695374512544376 ], [ 139.455963402048013, 35.695334178664382 ], [ 139.455981809852261, 35.695322474794203 ], [ 139.456038949853848, 35.695282595357682 ], [ 139.456053417433395, 35.695272124469874 ], [ 139.456070105436623, 35.695258408809401 ], [ 139.456077332380119, 35.695254626242892 ], [ 139.456119222796588, 35.69522016464844 ], [ 139.456124846451445, 35.69521464741144 ], [ 139.456158860610884, 35.695186768360095 ], [ 139.456164730226789, 35.695183050721113 ], [ 139.456176645270006, 35.695174301464014 ], [ 139.456186510003107, 35.69516869373323 ], [ 139.456194792684784, 35.695165848474772 ], [ 139.45621400242473, 35.695165943249947 ], [ 139.456218482474384, 35.695169139829197 ], [ 139.456223881775998, 35.695175245089189 ], [ 139.456226911229408, 35.69518030513877 ], [ 139.456231344379319, 35.695193464317356 ], [ 139.456233873560279, 35.695214712262988 ], [ 139.456239404582448, 35.695300935022395 ], [ 139.456242545040851, 35.695318448852419 ], [ 139.456249067237394, 35.695338256405208 ], [ 139.45625249047032, 35.695349751961352 ], [ 139.456262005307337, 35.695369430516322 ], [ 139.456269149746447, 35.695378170298738 ], [ 139.456276633130869, 35.695384973941714 ], [ 139.456285375062492, 35.695390674554488 ], [ 139.456293549538714, 35.695394805179156 ], [ 139.456302810549204, 35.695398339596665 ], [ 139.456310938254717, 35.695400394501505 ], [ 139.456326287567578, 35.695401803227888 ], [ 139.456346818953818, 35.695400414627898 ], [ 139.456361608949152, 35.695398523744586 ], [ 139.456392241329837, 35.695390386566302 ], [ 139.456412204094107, 35.695383668872644 ], [ 139.456436422762778, 35.695373712771158 ], [ 139.456452656388791, 35.695366429908894 ], [ 139.456470812699592, 35.69535809221577 ], [ 139.456504091741834, 35.695340231167336 ], [ 139.456516251769898, 35.695333489030176 ], [ 139.456537597864013, 35.695321171600867 ], [ 139.456543464218072, 35.695318145790658 ], [ 139.456556733630521, 35.695309954221301 ], [ 139.456575442728081, 35.69529928898919 ], [ 139.456597131631526, 35.695286211578974 ], [ 139.456633588813645, 35.695264831967933 ], [ 139.456684503924492, 35.695235010799969 ], [ 139.456748633890413, 35.695196559672354 ], [ 139.456804833272031, 35.695161220124547 ], [ 139.456808675694873, 35.695161739505401 ], [ 139.456895973774579, 35.695222526995309 ], [ 139.456922774163502, 35.695240702873178 ], [ 139.45693360068077, 35.695246998036261 ], [ 139.456989181910927, 35.695286054204843 ], [ 139.457045888011692, 35.695325390606897 ], [ 139.457088892457932, 35.695355620825367 ], [ 139.457132167783811, 35.695387373961289 ], [ 139.457155411150637, 35.69540347462943 ], [ 139.457155392375682, 35.69540345919615 ] ] ], [ [ [ 139.456342662165838, 35.694311989345948 ], [ 139.456342741610371, 35.69436548642819 ], [ 139.45638827210945, 35.694382920914364 ], [ 139.456857851093986, 35.694397603797917 ], [ 139.457378199156068, 35.694424704718621 ], [ 139.457728978273479, 35.694166884309944 ], [ 139.458923156412055, 35.693284805833699 ], [ 139.458867487639196, 35.6930980498731 ], [ 139.459447493229106, 35.692736362307137 ], [ 139.459583206701382, 35.692719800611535 ], [ 139.459586561930251, 35.692298114791399 ], [ 139.459715946125129, 35.692042328479587 ], [ 139.45955669691736, 35.692141262632056 ], [ 139.459446412964894, 35.692210859771897 ], [ 139.458892805493548, 35.6925606319381 ], [ 139.458336636132259, 35.692915893760478 ], [ 139.458203092525594, 35.693001107380496 ], [ 139.458149561611549, 35.693035157694588 ], [ 139.458108848402361, 35.693060100208662 ], [ 139.45801645537307, 35.693117824998907 ], [ 139.457787051784095, 35.69325826248577 ], [ 139.457589962085478, 35.693378883822412 ], [ 139.457410450798335, 35.693489138264859 ], [ 139.457003457697198, 35.693805952803089 ], [ 139.456868386662848, 35.693909745086756 ], [ 139.456731596951101, 35.694015461739546 ], [ 139.45659673330411, 35.694119022773478 ], [ 139.456534784580839, 35.694166921997102 ], [ 139.456469350858356, 35.694216354198133 ], [ 139.456408286758034, 35.694262249028654 ], [ 139.456348890970872, 35.694305524388 ], [ 139.456342397347612, 35.694307935726172 ], [ 139.456342662165838, 35.694311989345948 ] ] ] ] } },
{ "type": "Feature", "properties": { "fid": 52, "OBJECTID": 57, "SITEName": "Hanazawanishi", "SITENameJP": "花沢西", "JASID": 13214000800, "Age": "[旧石器時代][縄文時代][弥生時代]", "Note": null, "notification": "20250819「遺跡地図GISの現在地」ハンズオンWS用サンプルデータ（国分寺市による正式な遺跡地図ではありません）" }, "geometry": { "type": "MultiPolygon", "coordinates": [ [ [ [ 139.476780097530963, 35.701803597697854 ], [ 139.476795821001048, 35.701779021373312 ], [ 139.476873087445256, 35.70167377741199 ], [ 139.476916608031814, 35.701614471700054 ], [ 139.476965335118422, 35.701547390934998 ], [ 139.476988968164477, 35.701516129479323 ], [ 139.477025151696154, 35.701467819158033 ], [ 139.477044819542613, 35.701439895320469 ], [ 139.477062872154107, 35.701416600731747 ], [ 139.477016406538752, 35.701384010019254 ], [ 139.476934200495748, 35.701325841502808 ], [ 139.476881156790057, 35.701290023679569 ], [ 139.476781891621499, 35.701218785534003 ], [ 139.476622880410133, 35.700980670384659 ], [ 139.476601280619832, 35.700948341878792 ], [ 139.476490996538416, 35.700780466033699 ], [ 139.477244829662936, 35.70083854811547 ], [ 139.477266452022633, 35.700839838507299 ], [ 139.477271942835273, 35.70082749612741 ], [ 139.477280252188251, 35.700805539340443 ], [ 139.477292930166556, 35.700763500920864 ], [ 139.477310102055839, 35.700699211402878 ], [ 139.477326595075425, 35.700631523611108 ], [ 139.477336044686524, 35.700587211462128 ], [ 139.477351183331365, 35.700511972409309 ], [ 139.47737191384104, 35.700375617158592 ], [ 139.477378625387843, 35.700322806249808 ], [ 139.47739013087542, 35.700232273261264 ], [ 139.477396604377446, 35.700180971096472 ], [ 139.477405294676259, 35.700099297799802 ], [ 139.477408316936078, 35.700043834439811 ], [ 139.477406342465514, 35.700019677397286 ], [ 139.477403401664134, 35.700004762880141 ], [ 139.47739859444323, 35.699993427788264 ], [ 139.477401311601767, 35.699954567478358 ], [ 139.477413175654959, 35.699887432021761 ], [ 139.477437729167889, 35.699775616616719 ], [ 139.477446080749985, 35.699718093515379 ], [ 139.477474324296821, 35.699556665828254 ], [ 139.477511087612982, 35.699403942654932 ], [ 139.477565504019253, 35.699234667687591 ], [ 139.477605818776283, 35.699115540246481 ], [ 139.477654544296939, 35.698977569510284 ], [ 139.477703738965545, 35.698838090686223 ], [ 139.477746363400314, 35.698693592374468 ], [ 139.477751115615149, 35.698665209873042 ], [ 139.477751999323544, 35.698648514186047 ], [ 139.477749273059658, 35.698637373934226 ], [ 139.477745594343588, 35.698632363011889 ], [ 139.477739360778401, 35.698629703058728 ], [ 139.477724334191976, 35.69862777185412 ], [ 139.477685618315007, 35.698621336647072 ], [ 139.477573881060493, 35.698598553381672 ], [ 139.477474862400555, 35.69857656233885 ], [ 139.477383009697888, 35.69855563015247 ], [ 139.477300988842927, 35.698534443954749 ], [ 139.47721480786538, 35.698512490668321 ], [ 139.477174039271688, 35.6984995397181 ], [ 139.477149084154775, 35.698493616756728 ], [ 139.477110373425376, 35.698486049292086 ], [ 139.477048300309093, 35.698478507008566 ], [ 139.477005175463773, 35.698475266115423 ], [ 139.476950476893705, 35.698473877754694 ], [ 139.476902477822307, 35.698474396020259 ], [ 139.476862007868931, 35.698476357152003 ], [ 139.476838036661633, 35.698479205243338 ], [ 139.476796178747719, 35.698485810903385 ], [ 139.47676661555397, 35.698493144800423 ], [ 139.476752175315113, 35.698498070632937 ], [ 139.476732552982781, 35.698506628950902 ], [ 139.476720958522179, 35.698513135554563 ], [ 139.476709048369599, 35.698521276459957 ], [ 139.476698363449628, 35.698531307807471 ], [ 139.476664243517803, 35.698574980780272 ], [ 139.476632320508145, 35.698610106699931 ], [ 139.47660011595292, 35.698639193974202 ], [ 139.476546262184627, 35.698681802127517 ], [ 139.476510999249427, 35.69870509408517 ], [ 139.47646569615975, 35.698732129892953 ], [ 139.47642798103351, 35.698752018292211 ], [ 139.476392593538748, 35.698768643105595 ], [ 139.47635629032996, 35.698783126804599 ], [ 139.47630408380158, 35.698802091675063 ], [ 139.476239384392329, 35.698821522612285 ], [ 139.476201715721203, 35.698830970711974 ], [ 139.47617854849409, 35.698839078164966 ], [ 139.47614717024382, 35.698855714801446 ], [ 139.47612598859746, 35.698868104912528 ], [ 139.476103555910811, 35.698884390720835 ], [ 139.476077867511464, 35.6989045662759 ], [ 139.476058513299535, 35.698922119087726 ], [ 139.476026746335947, 35.698956742156639 ], [ 139.47599805279043, 35.6989937643039 ], [ 139.475982992159572, 35.699016738713148 ], [ 139.475971177132038, 35.699038087518105 ], [ 139.475963545853404, 35.699054920391703 ], [ 139.475958551781815, 35.699068239043498 ], [ 139.475952461992335, 35.699085202280401 ], [ 139.47594837631226, 35.699102297254733 ], [ 139.475945677920151, 35.699119522135319 ], [ 139.475945675526589, 35.699154616850144 ], [ 139.475950389673301, 35.699169473775491 ], [ 139.475959383979074, 35.699192771172875 ], [ 139.475979392436216, 35.699235975698521 ], [ 139.476003562231398, 35.699279695724009 ], [ 139.476036762872695, 35.699338537054537 ], [ 139.476079002253755, 35.699410738680328 ], [ 139.476122117018178, 35.69949413797837 ], [ 139.476145913481389, 35.699552448218959 ], [ 139.476150895711015, 35.699576362632996 ], [ 139.476152483154493, 35.699600770123389 ], [ 139.47614864251247, 35.699632079820482 ], [ 139.476140176226693, 35.699663250003496 ], [ 139.476130966389775, 35.699688254390601 ], [ 139.476114465066019, 35.699723048565204 ], [ 139.476101397797777, 35.699748544652252 ], [ 139.476088033889909, 35.699771398319399 ], [ 139.476052484266717, 35.699824249353185 ], [ 139.476019905498447, 35.699867926705878 ], [ 139.475989824877502, 35.699904693152135 ], [ 139.475966269764086, 35.699930535450342 ], [ 139.475937727800016, 35.699968061176264 ], [ 139.475906983680602, 35.700015265994764 ], [ 139.475880413793618, 35.700060093238108 ], [ 139.475843260066796, 35.700126776069659 ], [ 139.475819321744638, 35.7001693469388 ], [ 139.475789188693, 35.700217811415271 ], [ 139.475776613626408, 35.700236642188436 ], [ 139.475763265268228, 35.7002559738131 ], [ 139.475747600977115, 35.700275927493784 ], [ 139.47573597697459, 35.70028897486241 ], [ 139.475725289449088, 35.700299509261896 ], [ 139.475696044727471, 35.700321686763743 ], [ 139.475662147908139, 35.70034963666037 ], [ 139.475628233087178, 35.700381611693949 ], [ 139.475597857722477, 35.700415232474541 ], [ 139.47556358273539, 35.700458778869439 ], [ 139.475539830403932, 35.700494180345068 ], [ 139.475515600252436, 35.700532976657918 ], [ 139.475484962662449, 35.7005907478297 ], [ 139.475464122823013, 35.700639870252097 ], [ 139.475448898645368, 35.700675615391724 ], [ 139.475439303637131, 35.700702952838796 ], [ 139.475434568713013, 35.700721417001773 ], [ 139.475430447421843, 35.700746436459831 ], [ 139.475429889795322, 35.70076769288891 ], [ 139.475432581235225, 35.700786569016159 ], [ 139.475438209953154, 35.700803818639329 ], [ 139.475448303425253, 35.700822716774482 ], [ 139.475460885604946, 35.700836842383183 ], [ 139.475471479934157, 35.700847188455704 ], [ 139.475486548013464, 35.700857170464971 ], [ 139.475502705676064, 35.700864891536504 ], [ 139.475528261101374, 35.700874653141689 ], [ 139.475547357734797, 35.700880370343583 ], [ 139.475578788286612, 35.700886753138818 ], [ 139.47561361930903, 35.700891385006699 ], [ 139.475691776909485, 35.70089752926723 ], [ 139.475750340418813, 35.700905753657395 ], [ 139.475926843045045, 35.700921246581146 ], [ 139.47597554170116, 35.700928435270107 ], [ 139.476031624448154, 35.700939671058379 ], [ 139.476078292033264, 35.700952765689124 ], [ 139.476103234648434, 35.700961644841065 ], [ 139.476133240927567, 35.700976199451951 ], [ 139.476155238994238, 35.7009883403299 ], [ 139.476176609011162, 35.701002995090192 ], [ 139.476195492053989, 35.701022045030122 ], [ 139.476207299984821, 35.701036922988514 ], [ 139.47622279716677, 35.701054453428476 ], [ 139.476238756422902, 35.701072111024729 ], [ 139.476255339814884, 35.701088135232936 ], [ 139.476278380384116, 35.70110858115553 ], [ 139.476318493365056, 35.701139140711398 ], [ 139.476362299558133, 35.701171472231565 ], [ 139.476364457371574, 35.70117173020585 ], [ 139.476400123563849, 35.701196616109584 ], [ 139.476444092439351, 35.701227061269869 ], [ 139.476498358095341, 35.701265461551543 ], [ 139.476528711136154, 35.70128875932226 ], [ 139.476558982886928, 35.701313000250529 ], [ 139.476560440316035, 35.701314702701502 ], [ 139.476598134117467, 35.701351795942735 ], [ 139.4766202176543, 35.701379408850016 ], [ 139.47663033164693, 35.701393778596412 ], [ 139.476639042065472, 35.70141166623236 ], [ 139.476644220781367, 35.701426147139919 ], [ 139.476650573235872, 35.701454090786619 ], [ 139.476652639180941, 35.701474977631619 ], [ 139.476651254237709, 35.701508936149366 ], [ 139.476644290829142, 35.701548915935618 ], [ 139.476634558348678, 35.701587378065497 ], [ 139.476622051190191, 35.701625580396602 ], [ 139.476604565577276, 35.701673579395546 ], [ 139.476568938108414, 35.701743789005633 ], [ 139.476533975616093, 35.701803182852011 ], [ 139.476780097530963, 35.701803597697854 ] ] ] ] } },
{ "type": "Feature", "properties": { "fid": 53, "OBJECTID": 62, "SITEName": "Hikageyama", "SITENameJP": "日影山", "JASID": 13214000900, "Age": null, "Note": null, "notification": "20250819「遺跡地図GISの現在地」ハンズオンWS用サンプルデータ（国分寺市による正式な遺跡地図ではありません）" }, "geometry": { "type": "MultiPolygon", "coordinates": [ [ [ [ 139.466704199750751, 35.699498899914211 ], [ 139.466649428269818, 35.699620771670048 ], [ 139.466665084232602, 35.699643444493816 ], [ 139.466680335642934, 35.699662688032902 ], [ 139.466705429310366, 35.699689331856398 ], [ 139.466731790035965, 35.699714608313435 ], [ 139.466769892818434, 35.699745405403696 ], [ 139.466872801893203, 35.699849245866041 ], [ 139.466916288918611, 35.699897370955092 ], [ 139.466974826814976, 35.699962682088881 ], [ 139.467020292542685, 35.700014669718591 ], [ 139.467040755769887, 35.700043013404759 ], [ 139.467068917730103, 35.700088006556598 ], [ 139.467088512261569, 35.700122518081294 ], [ 139.467102399584206, 35.700151282807902 ], [ 139.46711194315904, 35.700172868106634 ], [ 139.467116385772044, 35.700184650594295 ], [ 139.46712062052282, 35.700200603910965 ], [ 139.46712206795462, 35.70022871832505 ], [ 139.467129775366516, 35.700266450324101 ], [ 139.46714340363107, 35.700315832316448 ], [ 139.467148491883933, 35.700332154421986 ], [ 139.467154484534149, 35.700354283574903 ], [ 139.467162543394409, 35.700378753262143 ], [ 139.467168781266736, 35.700398548911011 ], [ 139.467179455604054, 35.700430805051418 ], [ 139.467187204593017, 35.700459452839851 ], [ 139.467192306470167, 35.700477070439447 ], [ 139.467193901764375, 35.700488354532013 ], [ 139.467196437878613, 35.700508159234502 ], [ 139.467199354226324, 35.700513738686425 ], [ 139.467207608115217, 35.70052387653962 ], [ 139.467215238669155, 35.700532469873849 ], [ 139.467229788225495, 35.700544426600565 ], [ 139.467245491540922, 35.700556815340796 ], [ 139.467262186813628, 35.700568436432896 ], [ 139.467280478226854, 35.700579889677392 ], [ 139.467292845723591, 35.700586526283317 ], [ 139.467307314912233, 35.700593083577701 ], [ 139.467319674157324, 35.70059823112328 ], [ 139.467329028099414, 35.700600862714708 ], [ 139.467339635348225, 35.700601837681191 ], [ 139.467355083807917, 35.700601027640211 ], [ 139.467374113873177, 35.700598171656551 ], [ 139.467396722409489, 35.700593955328955 ], [ 139.46742891142739, 35.700585483058362 ], [ 139.467449743642277, 35.700579118789832 ], [ 139.467467316493384, 35.700573258818267 ], [ 139.467494781882579, 35.700563829458559 ], [ 139.467523827935622, 35.700553376481324 ], [ 139.467550770708527, 35.700543062111414 ], [ 139.467592243377482, 35.700526588487371 ], [ 139.467618134329342, 35.700516811510425 ], [ 139.467678275866092, 35.700493462288513 ], [ 139.467741595589359, 35.700469593174063 ], [ 139.467815682445888, 35.700442594362947 ], [ 139.467873666180537, 35.700422373526607 ], [ 139.467925645950572, 35.700405476784773 ], [ 139.467965941628421, 35.700393343825361 ], [ 139.467976459431782, 35.70039089041417 ], [ 139.46798391393969, 35.700392027156823 ], [ 139.46799895069509, 35.70038933035589 ], [ 139.46801735538196, 35.700385358255836 ], [ 139.468051122175552, 35.700376462100337 ], [ 139.468124664354178, 35.700354317227522 ], [ 139.46818337324089, 35.700336326673984 ], [ 139.468237664311118, 35.7003194368083 ], [ 139.468295955232861, 35.70030093072436 ], [ 139.468343200684075, 35.700285390663893 ], [ 139.468408542202525, 35.700264420567713 ], [ 139.468484409654195, 35.700239197278428 ], [ 139.468551966429516, 35.700216262689693 ], [ 139.468573854569257, 35.700208701608091 ], [ 139.46858184336827, 35.700207868803929 ], [ 139.46861906895532, 35.700200782695795 ], [ 139.468675232662378, 35.700187926264867 ], [ 139.46873487244946, 35.700173109207796 ], [ 139.468791261070919, 35.700156996756057 ], [ 139.468841455554553, 35.700139837106384 ], [ 139.468872719721105, 35.700126733779598 ], [ 139.468893673926999, 35.700116598774024 ], [ 139.468908948026694, 35.700107903489545 ], [ 139.468924965761829, 35.700097410727992 ], [ 139.46895407345724, 35.700073331090231 ], [ 139.468971060151148, 35.700057699180071 ], [ 139.468989646973483, 35.700036758632756 ], [ 139.469003597707456, 35.700018717893109 ], [ 139.469020210514174, 35.69999288639417 ], [ 139.469024123616435, 35.699987241954375 ], [ 139.469035673842058, 35.699965680193785 ], [ 139.469055502476579, 35.699925803415454 ], [ 139.469079474580525, 35.699875826423266 ], [ 139.469098022526026, 35.699840316526092 ], [ 139.469123438190991, 35.699796342980882 ], [ 139.469144722044888, 35.699759898640174 ], [ 139.469157539205526, 35.699736969479844 ], [ 139.469168990529653, 35.69971403618591 ], [ 139.469176417082451, 35.699698203919702 ], [ 139.46918375220659, 35.699679371832104 ], [ 139.469192181215362, 35.699651030212721 ], [ 139.469195660926459, 35.699625158957083 ], [ 139.469194921258435, 35.699487434783379 ], [ 139.469188999589733, 35.699357150940614 ], [ 139.469177091822274, 35.699203195434322 ], [ 139.469058249192472, 35.699090909981948 ], [ 139.46900887310656, 35.699043796249079 ], [ 139.46892978010905, 35.698970025141634 ], [ 139.468830601023939, 35.698877338879235 ], [ 139.468764886147824, 35.698819034402177 ], [ 139.468703975371596, 35.698767086336069 ], [ 139.468681580951767, 35.698747478605867 ], [ 139.468649535623172, 35.698724584984511 ], [ 139.468573460880521, 35.69868030402462 ], [ 139.468448107646168, 35.69861376271836 ], [ 139.468261920868059, 35.698524583062344 ], [ 139.468082421742878, 35.698443479331281 ], [ 139.467949450090771, 35.698388912567388 ], [ 139.467833643078933, 35.698348795591755 ], [ 139.467736189383317, 35.69833890109976 ], [ 139.46766475194795, 35.698337655692164 ], [ 139.467591200753162, 35.698339146260636 ], [ 139.467531920760308, 35.698344451010264 ], [ 139.467455382409895, 35.69835587376631 ], [ 139.467392279443004, 35.698370079759847 ], [ 139.467314006793686, 35.69839315252721 ], [ 139.467216750849076, 35.69843193654156 ], [ 139.467137131141612, 35.698473859376982 ], [ 139.467041450970783, 35.698535615984156 ], [ 139.466954547273303, 35.698608026185624 ], [ 139.466878533833551, 35.69868835399437 ], [ 139.466855252270221, 35.698724963259153 ], [ 139.46678250116463, 35.699102512935433 ], [ 139.466704199750751, 35.699498899914211 ] ] ] ] } }
]
}
