{
"type": "FeatureCollection",
"name": "Kokubunji_SiteArea",
"crs": { "type": "name", "properties": { "name": "urn:ogc:def:crs:EPSG::6677" } },
"features": [
{ "type": "Feature", "properties": { "fid": 1, "OBJECTID": 50, "SITEName": "Kumanogou", "SITENameJP": "熊ノ郷", "JASID": 13214000100, "Age": "[旧石器時代][縄文時代]", "Note": null, "Publication": null, "notification": "20250819「遺跡地図GISの現在地」ハンズオンWS用サンプルデータ（国分寺市による正式な遺跡地図ではありません）" }, "geometry": { "type": "MultiPolygon", "coordinates": [ [ [ [ -33218.137950779419043, -32598.983655823383742 ], [ -33217.034471805527573, -32585.186847200940974 ], [ -33216.948980408393254, -32584.984776625889936 ], [ -33216.568155093875248, -32584.673898818120506 ], [ -33216.024118930276018, -32584.681670763315196 ], [ -33215.34407372577698, -32585.074153995617962 ], [ -33209.270216281242028, -32589.807273052716482 ], [ -33208.377496352244634, -32590.571833727331978 ], [ -33206.383992409893835, -32592.087363040216587 ], [ -33199.995453460192948, -32597.251820621822844 ], [ -33198.130186613569094, -32598.790665770291525 ], [ -33195.786945137493603, -32599.804904618144064 ], [ -33194.201468317856779, -32600.131326316306513 ], [ -33191.18206760987232, -32600.749195959255303 ], [ -33189.293484927664394, -32600.947380561705359 ], [ -33185.271503289615794, -32601.565250204657787 ], [ -33181.540969596353534, -32602.089856505270291 ], [ -33175.56045776935207, -32602.98751617520611 ], [ -33173.636901333775313, -32603.302279955576523 ], [ -33166.863651096951799, -32603.10409535312283 ], [ -33158.330055273647304, -32573.259825807053858 ], [ -33157.607264370570192, -32569.132922908891487 ], [ -33156.837841796332214, -32566.451601816861512 ], [ -33155.800287112899241, -32564.003439080661337 ], [ -33155.707023770570231, -32563.630385711334384 ], [ -33155.019206620869227, -32562.382988507652044 ], [ -33154.389679060135677, -32561.543618426669127 ], [ -33153.736835663818056, -32560.762537934642751 ], [ -33152.798373281606473, -32559.888194100287365 ], [ -33151.894884652770997, -32559.229521745070087 ], [ -33150.839843092639057, -32558.675770649977494 ], [ -33149.918867587119166, -32558.291059362862143 ], [ -33148.584036, -32558.052072048136324 ], [ -33147.971995315958338, -32557.976295582488092 ], [ -33142.108062666869955, -32558.011269335864199 ], [ -33138.756411301830667, -32558.343519992919028 ], [ -33135.818616018383182, -32558.914757964699675 ], [ -33128.748088877880946, -32560.10969453832513 ], [ -33125.501358772969979, -32560.675103551209759 ], [ -33124.685304527556582, -32560.861630235875054 ], [ -33122.516931818347075, -32561.514473632196314 ], [ -33120.733270396267471, -32562.318869959806761 ], [ -33119.427583603624953, -32563.169897958581714 ], [ -33117.900396372948308, -32564.58050601134164 ], [ -33117.177605469878472, -32565.373244421160052 ], [ -33116.583051662513753, -32566.294219926683581 ], [ -33116.058445361901249, -32567.401722116868768 ], [ -33115.603786568033684, -32568.870619758588873 ], [ -33115.393944047784316, -32570.397806989269156 ], [ -33115.300680705455306, -32571.167229563499859 ], [ -33115.317883079915191, -32572.656276368488761 ], [ -33115.51080918408843, -32574.207723789528245 ], [ -33115.808236928009137, -32575.718978272190725 ], [ -33117.562316756986547, -32580.732551111366774 ], [ -33119.602452370490937, -32586.94622129419804 ], [ -33123.939197788902675, -32599.53677250894907 ], [ -33125.582964197485126, -32604.211597543311655 ], [ -33128.800549507912365, -32613.188194242717145 ], [ -33134.641166321416677, -32628.256052988126612 ], [ -33136.58803859258478, -32633.350563062980655 ], [ -33137.509014098119223, -32635.932791853785602 ], [ -33139.467544287093915, -32640.928209627414617 ], [ -33141.122968613468402, -32644.752006663002248 ], [ -33142.294589351498871, -32647.071932303497306 ], [ -33143.174762144750275, -32648.307671589398524 ], [ -33144.095737650270166, -32649.345226272831496 ], [ -33144.917620854554116, -32650.143793641545926 ], [ -33145.617095922047156, -32650.709202654430555 ], [ -33146.520584550882631, -32651.332901256271725 ], [ -33147.995311151498754, -32652.25387676180253 ], [ -33149.452550875423185, -32652.947522870388639 ], [ -33150.99139602388459, -32653.460471253212745 ], [ -33152.203819474190823, -32653.635340020082367 ], [ -33152.885807664992171, -32653.617853143394314 ], [ -33153.532822102417413, -32653.402181664252566 ], [ -33154.704442840440606, -32652.568640542165667 ], [ -33164.485435867456545, -32644.478045594914875 ], [ -33167.469862822064897, -32643.055779624362913 ], [ -33169.591603860106261, -32642.344646639085113 ], [ -33174.149849716552126, -32641.237144448899926 ], [ -33177.763804231901304, -32640.712538148283784 ], [ -33181.436048336196109, -32643.440490911478264 ], [ -33182.741735128838627, -32644.384782252585865 ], [ -33189.24685325644532, -32649.922293203519075 ], [ -33193.560282839280262, -32653.909301088184293 ], [ -33196.602999382848793, -32656.823780536036793 ], [ -33198.235107873646484, -32658.304336095556209 ], [ -33199.482505077328824, -32659.353548696784856 ], [ -33200.998034390213434, -32660.367787544637395 ], [ -33202.513563703105319, -32661.230473461208021 ], [ -33204.582844111100712, -32661.871658939722693 ], [ -33206.063399670616491, -32662.093159377753182 ], [ -33207.643047531353659, -32662.098988336656475 ], [ -33208.931247447304486, -32661.924119569779577 ], [ -33210.843145965111034, -32661.335394721318153 ], [ -33211.710997848691477, -32660.985345986762695 ], [ -33212.469425497023622, -32660.630090694936371 ], [ -33213.60024352279288, -32660.000563134202821 ], [ -33214.626140288433817, -32659.283601190029003 ], [ -33216.146256603307847, -32658.056836585514247 ], [ -33217.476501188437396, -32656.742175111499819 ], [ -33218.379108409622859, -32655.667756804698001 ], [ -33219.810999226181593, -32653.94136036211421 ], [ -33220.726145772809105, -32652.653160446163383 ], [ -33221.64129231942934, -32651.219236557815748 ], [ -33222.420429825149768, -32649.779483710564818 ], [ -33220.601794649694057, -32628.103528563729924 ], [ -33220.166565718813217, -32623.40927366638789 ], [ -33219.777968459100521, -32618.21761427661113 ], [ -33219.125125062797451, -32610.492300753507152 ], [ -33218.137950779419043, -32598.983655823383742 ] ] ] ] } },
{ "type": "Feature", "properties": { "fid": 2, "OBJECTID": 75, "SITEName": "Musashikokubunjiato-souji", "SITENameJP": "武蔵国分寺跡（僧尼寺）", "JASID": 13214001001, "Age": "[奈良時代][平安時代]", "Note": "No.10武蔵国分寺跡のうち僧寺地区", "Publication": null, "notification": "20250819「遺跡地図GISの現在地」ハンズオンWS用サンプルデータ（国分寺市による正式な遺跡地図ではありません）" }, "geometry": { "type": "MultiPolygon", "coordinates": [ [ [ [ -32960.971023901634908, -33893.010540862909693 ], [ -32514.380382582108723, -33784.43440895096137 ], [ -32346.847057702565507, -33762.981663222140924 ], [ -32318.633091059302387, -33965.935666162258713 ], [ -32299.408727265123161, -34115.16003251553775 ], [ -32272.438840105387499, -34347.849131952032621 ], [ -32357.088850898689998, -34359.373042187042302 ], [ -32538.261074356891186, -34371.911541102395859 ], [ -32567.002705928567593, -34373.78928731677297 ], [ -32586.476751345428056, -34376.636192867605132 ], [ -32594.896323080862203, -34377.665924662585894 ], [ -32632.451247368415352, -34382.693438720431004 ], [ -32679.576620103445748, -34389.144405553699471 ], [ -32743.63199499712573, -34397.897125811032311 ], [ -32831.704349697298312, -34409.587610306996794 ], [ -32978.779326708921872, -34430.81825702117203 ], [ -32960.971023901634908, -33893.010540862909693 ] ] ] ] } },
{ "type": "Feature", "properties": { "fid": 3, "OBJECTID": 76, "SITEName": "Musashikokubunjiato-niji", "SITENameJP": "武蔵国分寺跡（僧尼寺）", "JASID": 13214001002, "Age": "[奈良時代][平安時代]", "Note": "No.10武蔵国分寺跡のうち尼寺地区", "Publication": null, "notification": "20250819「遺跡地図GISの現在地」ハンズオンWS用サンプルデータ（国分寺市による正式な遺跡地図ではありません）" }, "geometry": { "type": "MultiPolygon", "coordinates": [ [ [ [ -32987.46137909800018, -34272.719092557403201 ], [ -32993.675103802015656, -34437.127888117887778 ], [ -33151.047398763468664, -34437.440845820274262 ], [ -33151.437754607330135, -34272.786395289091161 ], [ -32987.46137909800018, -34272.719092557403201 ] ] ] ] } },
{ "type": "Feature", "properties": { "fid": 4, "OBJECTID": 56, "SITEName": "Takikubo", "SITENameJP": "多喜窪", "JASID": 13214001100, "Age": "[旧石器時代][縄文時代（中期）]", "Note": null, "Publication": "[https://sitereports.nabunken.go.jp/71432] [https://sitereports.nabunken.go.jp/48194] [https://sitereports.nabunken.go.jp/48228] [https://sitereports.nabunken.go.jp/47878] [https://sitereports.nabunken.go.jp/48228] [https://sitereports.nabunken.go.jp/48229] [https://sitereports.nabunken.go.jp/48233] [https://sitereports.nabunken.go.jp/48234] [https://sitereports.nabunken.go.jp/48238] [https://sitereports.nabunken.go.jp/48241] [https://sitereports.nabunken.go.jp/47863] [https://sitereports.nabunken.go.jp/139936] [https://sitereports.nabunken.go.jp/139935]", "notification": "20250819「遺跡地図GISの現在地」ハンズオンWS用サンプルデータ（国分寺市による正式な遺跡地図ではありません）" }, "geometry": { "type": "MultiPolygon", "coordinates": [ [ [ [ -33134.385028042313934, -33897.648398074656143 ], [ -33140.338153042313934, -33862.301718387156143 ], [ -33097.860125698563934, -33823.048300418406143 ], [ -33086.480975307938934, -33816.940146121531143 ], [ -33076.497088589188934, -33811.297079715281143 ], [ -33074.698748745438934, -33810.552939090281143 ], [ -33072.342303432938934, -33809.839804324656143 ], [ -33068.714617886063934, -33809.126669559031143 ], [ -33064.590838589188934, -33808.630575809031143 ], [ -33060.777117886063934, -33808.847616824656143 ], [ -33056.684344448563934, -33809.219687137156143 ], [ -33053.614764370438934, -33809.839804324656143 ], [ -33048.813426907661778, -33811.189285059808753 ], [ -33043.413836636063934, -33812.940390262156143 ], [ -33031.290545620438934, -33817.715292605906143 ], [ -33019.105242886063934, -33822.769247684031143 ], [ -33015.384539761063934, -33824.381552371531143 ], [ -33006.020770229813934, -33828.846396121531143 ], [ -32997.184100307938934, -33833.187216434031143 ], [ -32987.076190151688934, -33838.427206668406143 ], [ -32980.626971401688934, -33842.333944949656143 ], [ -32971.976336636063934, -33848.101034793406143 ], [ -32965.496112026688934, -33853.185995730906143 ], [ -32958.302752651688934, -33860.038290652781143 ], [ -32950.830340542313934, -33868.130819949656143 ], [ -32944.474139370438934, -33876.378378543406143 ], [ -32938.614031948563934, -33884.346884402781143 ], [ -32936.009539761063934, -33887.230429324656143 ], [ -32932.319842495438934, -33892.098349246531143 ], [ -32929.374285854813934, -33896.749228152781143 ], [ -32926.397723354813934, -33902.764364871531143 ], [ -32924.506365932938934, -33907.756308230906143 ], [ -32922.428973354813934, -33914.360556277781143 ], [ -32920.878680386063934, -33921.429892215281143 ], [ -32920.165545620438934, -33925.646689090281143 ], [ -32919.576434292313934, -33931.041708621531143 ], [ -32919.266375698563934, -33935.568564090281143 ], [ -32919.235369839188934, -33938.700155887156143 ], [ -32920.692645229813934, -33948.094931277781143 ], [ -32922.087908901688934, -33955.443319949656143 ], [ -32923.979266323563934, -33965.272177371531143 ], [ -32925.591571011063934, -33973.364706668406143 ], [ -32927.017840542313934, -33978.914755496531143 ], [ -32928.568133511063934, -33984.495810184031143 ], [ -32931.064105190751434, -33991.534140262156143 ], [ -32932.598895229813934, -33995.006796512156143 ], [ -32934.428240932938934, -33998.184897098093643 ], [ -32935.497943081376434, -33999.564657840281143 ], [ -32936.722674526688934, -34000.680868777781143 ], [ -32938.459002651688934, -34002.029623660593643 ], [ -32957.341571011063934, -34008.602865848093643 ], [ -32963.232684292313934, -34009.440024051218643 ], [ -32969.774920620438934, -34011.238363894968643 ], [ -32973.309588589188934, -34012.571615848093643 ], [ -32978.828631557938934, -34015.548178348093643 ], [ -32981.727679409501434, -34017.486044559031143 ], [ -32983.960101284501434, -34019.423910769968643 ], [ -32987.076190151688934, -34023.222128543406143 ], [ -32991.075946011063934, -34027.810995730906143 ], [ -32994.641619839188934, -34031.252646121531143 ], [ -33005.431658901688934, -34039.887777957468643 ], [ -33027.290789761063934, -34075.560019168406143 ], [ -33050.390154995438934, -34116.642782840281143 ], [ -33062.094866909501434, -34132.781332644968643 ], [ -33070.574969448563934, -34149.415976199656143 ], [ -33097.798113979813934, -34175.646933230906143 ], [ -33124.990252651688934, -34187.925253543406143 ], [ -33132.338641323563934, -34188.359335574656143 ], [ -33142.694598354813934, -34188.173300418406143 ], [ -33149.732928432938934, -34187.584189090281143 ], [ -33157.639422573563934, -34186.173422488718643 ], [ -33162.305804409501434, -34184.964193973093643 ], [ -33166.336566128251434, -34183.646444949656143 ], [ -33172.832293667313934, -34180.824911746531143 ], [ -33176.413470425126434, -34178.778525027781143 ], [ -33179.963641323563934, -34176.298056277781143 ], [ -33182.211566128251434, -34174.422201785593643 ], [ -33184.955584682938934, -34171.802206668406143 ], [ -33186.149310268876434, -34170.112387332468643 ], [ -33191.172259487626434, -34162.515951785593643 ], [ -33203.698626675126434, -34138.703451785593643 ], [ -33221.643267788509547, -34104.938070926225919 ], [ -33138.501055874410667, -34068.676718387156143 ], [ -33123.300433315751434, -34093.117087039499893 ], [ -33092.248065151688934, -34085.295859012156143 ], [ -33080.806903042313934, -34123.867148074656143 ], [ -33062.994036831376434, -34118.828695926218643 ], [ -33078.791522182938934, -34068.583700809031143 ], [ -33090.232684292313934, -34072.397421512156143 ], [ -33133.888934292313934, -33920.034628543406143 ], [ -33134.385028042313934, -33897.648398074656143 ] ] ] ] } },
{ "type": "Feature", "properties": { "fid": 5, "OBJECTID": 31, "SITEName": "Denshououjiato", "SITENameJP": "伝祥應寺跡", "JASID": 13214001200, "Age": "[中世]", "Note": null, "Publication": "[https://sitereports.nabunken.go.jp/48220]", "notification": "20250819「遺跡地図GISの現在地」ハンズオンWS用サンプルデータ（国分寺市による正式な遺跡地図ではありません）" }, "geometry": { "type": "MultiPolygon", "coordinates": [ [ [ [ -33218.928933954171953, -34103.390046667656861 ], [ -33139.635799961914017, -34067.235860483560828 ], [ -33123.258521487296093, -34091.642775491854991 ], [ -33103.076535461361345, -34086.372971599885204 ], [ -33087.351357360530528, -34148.918767253730039 ], [ -33088.897374719977961, -34151.039749746865709 ], [ -33091.853121407228173, -34155.29875073715084 ], [ -33095.813992328192398, -34161.005812064126076 ], [ -33097.585736740154971, -34163.544176654329931 ], [ -33099.272301132310531, -34165.954771214826906 ], [ -33102.781717948288133, -34170.852622353646439 ], [ -33103.854986197831749, -34171.840710583390319 ], [ -33104.536426356280572, -34172.505114737869008 ], [ -33106.237979657023971, -34174.155738151530386 ], [ -33107.909555140584416, -34175.614185460777662 ], [ -33110.090163647604641, -34177.556289912339707 ], [ -33112.287808158587723, -34179.345070328257862 ], [ -33113.846602521029126, -34180.614252623367065 ], [ -33116.453111127077136, -34182.633019092754694 ], [ -33117.330465331069718, -34183.21224322742637 ], [ -33119.119245746987872, -34184.421799508665572 ], [ -33121.027278190631478, -34185.52913976614218 ], [ -33123.054562662007811, -34186.449083980041905 ], [ -33125.175545155158034, -34187.019790112739429 ], [ -33133.075991992169293, -34186.576854009756062 ], [ -33143.280558364880562, -34185.520621764168027 ], [ -33148.749115636390343, -34184.822145601763623 ], [ -33154.796897042579076, -34183.748877352220006 ], [ -33158.272241850638238, -34183.067437193771184 ], [ -33163.4682230587714, -34181.738628884799255 ], [ -33169.337126423371956, -34179.805042435225914 ], [ -33171.98622503932711, -34178.782882197563595 ], [ -33174.797165692900307, -34177.471109892554523 ], [ -33176.620018116736901, -34176.551165678654797 ], [ -33178.809144625738554, -34175.205321365727286 ], [ -33181.10900516048423, -34173.501720969616144 ], [ -33182.710389532825502, -34172.036624628963182 ], [ -33183.71551376653224, -34170.810032343761122 ], [ -33184.908034043808584, -34168.944589910024661 ], [ -33185.649100216120132, -34167.326169533720531 ], [ -33218.928933954171953, -34103.390046667656861 ] ] ] ] } },
{ "type": "Feature", "properties": { "fid": 6, "OBJECTID": 31, "SITEName": "Kokubunji13", "SITENameJP": "国分寺市No.13", "JASID": 13214001300, "Age": "[中世]", "Note": "塚", "Publication": null, "notification": "20250819「遺跡地図GISの現在地」ハンズオンWS用サンプルデータ（国分寺市による正式な遺跡地図ではありません）" }, "geometry": { "type": "MultiPolygon", "coordinates": [ [ [ [ -33108.73162203879474, -34097.919158511271235 ], [ -33108.56011584171938, -34098.146590642172669 ], [ -33108.437078787290375, -34098.347924003966909 ], [ -33108.179819491677335, -34098.866170990768296 ], [ -33107.95984415194107, -34099.35831920846249 ], [ -33107.87409105340339, -34099.574566152601619 ], [ -33107.796027770855289, -34099.859089340956416 ], [ -33107.710041647507751, -34100.141282282071188 ], [ -33107.587004593086021, -34100.570047774752311 ], [ -33107.519893472490367, -34100.87204781742912 ], [ -33107.426916607590101, -34101.626348849931674 ], [ -33107.396856418068637, -34102.848097479392891 ], [ -33107.460472167884291, -34103.483089853034471 ], [ -33107.560905823971552, -34104.078468023632013 ], [ -33107.691399669580278, -34104.518418703082716 ], [ -33107.754782394578797, -34104.779406394285616 ], [ -33107.870362657835358, -34105.174616326679825 ], [ -33108.015770085788972, -34105.513900325240684 ], [ -33108.084745404179557, -34105.653715159809508 ], [ -33108.24320221668313, -34105.979949773813132 ], [ -33108.388609644636745, -34106.276357223105151 ], [ -33108.526560281417915, -34106.541073309905187 ], [ -33108.658918324814294, -34106.736814078307361 ], [ -33108.849066499831679, -34107.005258560682705 ], [ -33108.996338125580223, -34107.215912911437044 ], [ -33109.182757905015023, -34107.497406778369623 ], [ -33109.277831992527354, -34107.674505568822497 ], [ -33109.436288805038203, -34107.911258688698581 ], [ -33109.626436980055587, -34108.105135259313101 ], [ -33109.831498737425136, -34108.313925412272511 ], [ -33110.085029637448315, -34108.558135323321039 ], [ -33110.422449438214244, -34108.779974860844959 ], [ -33110.769190227954823, -34109.029777365278278 ], [ -33111.090065273347136, -34109.249053630745038 ], [ -33111.414202664789627, -34109.421258902075351 ], [ -33111.873028346948558, -34109.654516650989535 ], [ -33112.271733650166425, -34109.820197230052145 ], [ -33112.6448062337804, -34109.978887067198229 ], [ -33113.327102626484702, -34110.202590802509803 ], [ -33114.154806447142619, -34110.314442670169228 ], [ -33114.956178473941691, -34110.375728172766685 ], [ -33115.620065913448343, -34110.403924164289492 ], [ -33116.313547492922226, -34110.303257483399648 ], [ -33117.309029115065641, -34110.057183374556189 ], [ -33117.692820835960447, -34109.918067614264146 ], [ -33118.022783845546655, -34109.778252779688046 ], [ -33118.489765393023845, -34109.546160154299287 ], [ -33118.758209875406465, -34109.403549023030791 ], [ -33119.029450654474203, -34109.249752705007268 ], [ -33119.269932169932872, -34109.084771200214163 ], [ -33119.516006278783607, -34108.919789695421059 ], [ -33119.753691497557156, -34108.729641520396399 ], [ -33119.915876705665141, -34108.59262298251997 ], [ -33120.132589699256641, -34108.361928505481046 ], [ -33120.382858253135055, -34108.107465506553126 ], [ -33120.54504346124304, -34107.897743254696252 ], [ -33120.684858295811864, -34107.752335826742637 ], [ -33120.824673130387964, -34107.606928398781747 ], [ -33120.947710184809694, -34107.447539487373433 ], [ -33121.076339832616213, -34107.262983905740839 ], [ -33121.213358370499918, -34107.056057950569084 ], [ -33121.352474130857445, -34106.813479212483799 ], [ -33121.487395446252776, -34106.63381715016294 ], [ -33121.641191764283576, -34106.384946744627086 ], [ -33121.781006598859676, -34106.119298558944138 ], [ -33121.898451059896615, -34105.831279999722028 ], [ -33122.06343256468972, -34105.46776142984163 ], [ -33122.267795247847971, -34104.865392517480359 ], [ -33122.405745884629141, -34104.309861574787647 ], [ -33122.51759775228129, -34103.64993555561523 ], [ -33122.588437268452253, -34102.855787295251503 ], [ -33122.592165664020285, -34102.128750155476155 ], [ -33122.537404853886983, -34101.492825682973489 ], [ -33122.469128609598556, -34100.982268511994334 ], [ -33122.373821497436438, -34100.549075549606641 ], [ -33122.269659445650177, -34100.204898031784978 ], [ -33122.147321465425193, -34099.810853223068989 ], [ -33122.004710334163974, -34099.408186499502335 ], [ -33121.874449513263244, -34099.037910212566203 ], [ -33121.765626967047865, -34098.779019743931713 ], [ -33121.617190217650204, -34098.51220643457782 ], [ -33121.417488028964726, -34098.166630768508185 ], [ -33121.266488007626322, -34097.93174184642703 ], [ -33121.098710206140822, -34097.701047369388107 ], [ -33120.947710184802418, -34097.499714007601142 ], [ -33120.721210152798449, -34097.214491745078703 ], [ -33120.503099010864389, -34096.920880592479079 ], [ -33120.171737852928345, -34096.614686104767316 ], [ -33119.932654485812236, -34096.367213847574021 ], [ -33119.697765563731082, -34096.186852710976382 ], [ -33119.446098861502833, -34095.998102684301557 ], [ -33119.274126614975103, -34095.855491553040338 ], [ -33119.098658997572784, -34095.73455172112881 ], [ -33118.875654336443404, -34095.578658180587809 ], [ -33118.63237652429234, -34095.431852604284359 ], [ -33118.339930495298177, -34095.290872646073694 ], [ -33118.066126444275142, -34095.150824786796875 ], [ -33117.668819289363455, -34095.01124297692877 ], [ -33117.315320782618073, -34094.878185859386576 ], [ -33116.640015131641121, -34094.697824722788937 ], [ -33115.6123760975388, -34094.500685806044203 ], [ -33115.211573571774352, -34094.453614811674925 ], [ -33114.672820409221458, -34094.462935800642299 ], [ -33113.951375862830901, -34094.530046921237954 ], [ -33113.606499270885251, -34094.587837052866234 ], [ -33113.216881931875832, -34094.682911140378565 ], [ -33112.771338659040339, -34094.809676590390154 ], [ -33112.411548484742525, -34094.919664260240097 ], [ -33112.036844728092547, -34095.094898852905317 ], [ -33111.699657952063717, -34095.273162767021859 ], [ -33111.460807609648327, -34095.387577906614752 ], [ -33111.151350775791798, -34095.557219905895181 ], [ -33110.916461853710643, -34095.732454498567677 ], [ -33110.530572910291085, -34095.989713794180716 ], [ -33110.29568398820993, -34096.161219991256075 ], [ -33110.092486428628035, -34096.362553353028488 ], [ -33109.887657696024689, -34096.570644431842084 ], [ -33109.645078958004888, -34096.796911439101677 ], [ -33109.376634475614992, -34097.080269503829186 ], [ -33109.169009446326527, -34097.292088978239917 ], [ -33109.018708499112108, -34097.486664622992976 ], [ -33108.86584427998605, -34097.710368358304549 ], [ -33108.73162203879474, -34097.919158511271235 ] ] ] ] } },
{ "type": "Feature", "properties": { "fid": 7, "OBJECTID": 38, "SITEName": "Takikuboyokoanabogun", "SITENameJP": "多喜窪横穴墓群", "JASID": 13214001400, "Age": "[奈良時代]", "Note": null, "Publication": null, "notification": "20250819「遺跡地図GISの現在地」ハンズオンWS用サンプルデータ（国分寺市による正式な遺跡地図ではありません）" }, "geometry": { "type": "MultiPolygon", "coordinates": [ [ [ [ -33266.023776283240295, -34208.023258334600541 ], [ -33262.075699676461227, -34170.889997276266513 ], [ -33253.895000401149446, -34127.318881570798112 ], [ -33222.986184443579987, -34102.84792026031937 ], [ -33139.738677252884372, -34068.168868984561414 ], [ -33124.346513725118712, -34090.772496764817333 ], [ -33093.143887544945756, -34085.503788274952967 ], [ -33084.083245987538248, -34111.980070429613988 ], [ -33080.846534535143292, -34121.227817436469195 ], [ -33064.111669278478075, -34116.746216963918414 ], [ -33079.535627954457595, -34068.247229952103226 ], [ -33090.858999082956871, -34071.361120114816003 ], [ -33104.459747135922953, -34028.804847432940733 ], [ -33090.120957735227421, -34012.344488495102269 ], [ -33078.49013746118726, -33998.792982304265024 ], [ -33069.171253938882728, -33988.371482792674215 ], [ -33060.91941814814345, -33983.249653681181371 ], [ -33046.300864225740952, -33974.250884478344233 ], [ -33021.972175946131756, -33959.134374947891047 ], [ -33007.887145889522799, -33950.349015291365504 ], [ -32982.669251166946196, -33934.627845379698556 ], [ -32965.418646173362504, -33928.990276531265408 ], [ -32958.482835918206547, -33929.932835360807076 ], [ -32953.183165518115857, -33930.893178319209255 ], [ -32948.221393566367624, -33931.817953019912238 ], [ -32943.526383547490695, -33933.00948965347925 ], [ -32939.827284744744247, -33934.129889771618764 ], [ -32937.622052766186243, -33935.01909621458617 ], [ -32935.274547756751417, -33935.837166142118804 ], [ -32932.766985587579256, -33936.779724971667747 ], [ -32929.565842392898048, -33937.882340960946749 ], [ -32925.564413399537443, -33939.998652295209467 ], [ -32922.060940014242078, -33942.186100144906959 ], [ -32918.610819015513698, -33944.444684510053776 ], [ -32915.480812336267263, -33946.827757777216902 ], [ -32912.919897780520841, -33949.175262786637177 ], [ -32910.714665801955562, -33951.487199538358254 ], [ -32908.118182988488115, -33954.546069702177192 ], [ -32906.339770102546026, -33956.858006453890994 ], [ -32904.632493732053263, -33959.561194040514238 ], [ -32903.174195165585843, -33962.869042008351244 ], [ -32902.036010918585816, -33966.603709068825992 ], [ -32901.360214021937281, -33971.156446056818822 ], [ -32901.538055310535128, -33976.171570395148592 ], [ -32902.178283949462639, -33979.799532682460267 ], [ -32904.063401608553249, -33985.277044371141528 ], [ -32906.94443048377434, -33990.683419544388016 ], [ -32913.773535965774499, -34000.5180428036183 ], [ -32949.9464540657209, -34007.702830862792325 ], [ -32990.832166313412017, -34026.500655067131447 ], [ -33001.413722984732885, -34038.913977010975941 ], [ -33007.922714147258375, -34047.806041440657282 ], [ -33015.925572133965034, -34059.614703003266186 ], [ -33028.907986201309541, -34079.497359068052901 ], [ -33041.072330341106863, -34104.003888636252668 ], [ -33049.217461358697619, -34120.365287186861678 ], [ -33053.663493573534652, -34125.949503648698737 ], [ -33068.886707877172739, -34144.089315085264388 ], [ -33072.087851071861223, -34147.930686918880383 ], [ -33073.617286153770692, -34149.335633098773542 ], [ -33078.0277501108867, -34154.350757437117863 ], [ -33082.544918841158506, -34159.312529388873372 ], [ -33089.640786256029969, -34166.639590478938771 ], [ -33094.442501048062695, -34171.281248111234163 ], [ -33097.483587083013845, -34174.020003955571156 ], [ -33099.52876190184179, -34175.816200970366481 ], [ -33101.982971684432414, -34177.861375789194426 ], [ -33106.073321322088304, -34181.098087241603935 ], [ -33109.914693155711575, -34183.694570055064105 ], [ -33112.333334680581174, -34185.224005136973574 ], [ -33115.676750906146481, -34186.682303703440994 ], [ -33118.344370235055976, -34187.571510146422952 ], [ -33121.794491233769804, -34187.607078404143977 ], [ -33129.975190509074309, -34188.211738785350462 ], [ -33141.606010783107195, -34189.972367542432039 ], [ -33159.99480002369819, -34193.991580664653156 ], [ -33169.384820061444771, -34193.653682216317975 ], [ -33173.439601441372361, -34193.600329829743714 ], [ -33179.130522676372493, -34193.689250474039 ], [ -33183.505418375767476, -34194.080501308948442 ], [ -33187.613552142283879, -34194.614025174734707 ], [ -33192.984359057816619, -34195.930050710325304 ], [ -33195.456352969267755, -34197.032666699604306 ], [ -33197.412607143800415, -34198.188635075457569 ], [ -33198.693064421677263, -34199.61136538421124 ], [ -33199.511134349209897, -34201.496483043301851 ], [ -33199.49335022035666, -34203.861772181597189 ], [ -33192.913222542389121, -34220.40101202079677 ], [ -33189.64094283227314, -34222.606243999354774 ], [ -33181.033424464338168, -34228.49279065180599 ], [ -33173.617442729992035, -34233.507914990143036 ], [ -33168.139931041303498, -34237.455991596922104 ], [ -33162.520146321738139, -34241.439636461414921 ], [ -33154.944107427654671, -34247.166125954136078 ], [ -33147.172443116105569, -34253.408355183768435 ], [ -33145.287325457014958, -34255.080063296547451 ], [ -33143.135445865023939, -34257.445352434850065 ], [ -33142.673058514679724, -34258.725809712719638 ], [ -33141.908340973728627, -34266.799804214875621 ], [ -33141.872772716014879, -34270.161004569294164 ], [ -33141.872772716014879, -34274.71374155729427 ], [ -33142.103966391186987, -34277.470281530506327 ], [ -33142.54856961267069, -34281.009323173508164 ], [ -33143.437776055638096, -34284.459444172229269 ], [ -33144.824938106670743, -34288.443089036714809 ], [ -33146.087611255687079, -34291.3241179119359 ], [ -33147.208011373826594, -34293.191451442173275 ], [ -33148.417332136261393, -34295.289978647575481 ], [ -33149.911198960449838, -34297.210664564387116 ], [ -33151.725180104098399, -34299.291407640936086 ], [ -33154.535072463877441, -34301.959026969838305 ], [ -33156.562463153837598, -34303.666303340345621 ], [ -33160.581676276051439, -34306.54733221555216 ], [ -33164.031797274765268, -34308.432449874650047 ], [ -33169.687150252044376, -34311.277910492150113 ], [ -33174.986820652135066, -34314.372348913682799 ], [ -33182.100472195881594, -34319.031790674831427 ], [ -33189.925488893997681, -34324.544870621240989 ], [ -33198.817553323671746, -34330.555906175708515 ], [ -33212.333491256795241, -34339.234561059070984 ], [ -33219.731688862288138, -34343.751729789350065 ], [ -33225.920565705353511, -34347.130714272621844 ], [ -33232.073874290697859, -34350.082879663270433 ], [ -33238.07047051940026, -34352.703041628265055 ], [ -33242.799013110707165, -34354.487310002237791 ], [ -33247.332656852027867, -34356.058346960016934 ], [ -33249.786866634611215, -34356.69857559895172 ], [ -33253.734943241390283, -34357.765623330516974 ], [ -33259.248023187792569, -34359.081648866100295 ], [ -33264.334284041571664, -34359.935287051346677 ], [ -33272.728392863202316, -34360.611083948002488 ], [ -33276.64090121226036, -34360.575515690288739 ], [ -33282.936482828474254, -34360.148696597665548 ], [ -33288.022743682253349, -34359.472899701009737 ], [ -33295.385373030032497, -34357.730055072781397 ], [ -33300.400497368376818, -34356.236188248600229 ], [ -33305.949145572500129, -34354.137661043190747 ], [ -33313.631889239732118, -34350.438562240444298 ], [ -33319.002696155264857, -34347.201850788042066 ], [ -33323.021909277478699, -34344.676504490009393 ], [ -33327.094474786288629, -34341.635418455050967 ], [ -33327.094474786281353, -34341.261951749002037 ], [ -33326.614303307083901, -34340.924053300674132 ], [ -33324.160093524486001, -34340.337177048320882 ], [ -33313.774162270616216, -34339.839221440262918 ], [ -33300.471633883804316, -34339.803653182534617 ], [ -33276.249650377358194, -34343.982923464485793 ], [ -33248.1507267795605, -34334.468414524722903 ], [ -33249.73351424804423, -34327.390331238690123 ], [ -33244.789526425141958, -34322.962083152706327 ], [ -33242.922192894904583, -34315.617237933780416 ], [ -33216.023697995173279, -34305.50696067717945 ], [ -33219.198164996516425, -34299.433680671747425 ], [ -33190.459012759783946, -34280.386878663368407 ], [ -33185.408320163725875, -34287.482746078254422 ], [ -33162.093327229107672, -34272.401804805514985 ], [ -33162.929181285508093, -34258.441263650915062 ], [ -33172.674883900450368, -34250.153859602447483 ], [ -33194.389305237724329, -34241.919807940568717 ], [ -33226.187327638261195, -34221.823742329492234 ], [ -33266.023776283240295, -34208.023258334600541 ] ] ] ] } },
{ "type": "Feature", "properties": { "fid": 8, "OBJECTID": 39, "SITEName": "Takikuboyokoanabo2", "SITENameJP": "多喜窪横穴墓2号", "JASID": 13214001402, "Age": "[奈良時代]", "Note": "横穴墓", "Publication": null, "notification": "20250819「遺跡地図GISの現在地」ハンズオンWS用サンプルデータ（国分寺市による正式な遺跡地図ではありません）" }, "geometry": { "type": "MultiPolygon", "coordinates": [ [ [ [ -33216.209934877704654, -34130.364841932947456 ], [ -33215.771059431783215, -34130.926602503721369 ], [ -33215.121523771827924, -34131.699023288536409 ], [ -33214.770423415095138, -34132.392446493089665 ], [ -33214.322770460254105, -34133.357972474106646 ], [ -33213.980447612440912, -34134.376163508633908 ], [ -33213.603014728934795, -34135.73667739098164 ], [ -33213.488907112994639, -34137.764281951123849 ], [ -33213.620569746773981, -34139.467118681277498 ], [ -33214.226217862145859, -34141.336728080888861 ], [ -33214.559763201039459, -34142.170591428133775 ], [ -33215.50773416422453, -34143.662767944253574 ], [ -33216.113382279596408, -34144.303526095296547 ], [ -33216.754140430632106, -34144.970616773091024 ], [ -33217.342233528164797, -34145.497267308193841 ], [ -33218.369202071611653, -34146.19069051273982 ], [ -33219.501500722086348, -34146.805116137024015 ], [ -33220.581134319021658, -34147.18254902051558 ], [ -33222.248861013511487, -34147.533649377255642 ], [ -33223.653262440449907, -34147.691644537779212 ], [ -33225.022553831717232, -34147.516094359416456 ], [ -33226.110964937623066, -34147.301045390922809 ], [ -33227.638251489384857, -34146.86655869945389 ], [ -33228.853936474610236, -34146.16874674045539 ], [ -33229.657078540607472, -34145.672817486556596 ], [ -33230.192506584629882, -34145.154944460373372 ], [ -33230.745489646491478, -34144.76873406796949 ], [ -33231.087812494304671, -34144.338636130967643 ], [ -33231.579352993736393, -34143.820763104784419 ], [ -33232.044560966409335, -34143.153672426989942 ], [ -33232.457103885571996, -34142.381251642174902 ], [ -33232.843314277983154, -34141.608830857359862 ], [ -33233.554292500375595, -34139.554893770458875 ], [ -33233.611346308323846, -34135.723511127602251 ], [ -33233.032030719718023, -34133.919733044880559 ], [ -33232.617293423325464, -34132.905930764805817 ], [ -33232.353968155774055, -34132.254200727620628 ], [ -33231.932647727691801, -34131.497140583407599 ], [ -33231.434524096584937, -34130.917824994801776 ], [ -33231.162421320099384, -34130.575502146981307 ], [ -33230.731226194468036, -34130.114682928782713 ], [ -33230.27040697625489, -34129.719695027459238 ], [ -33229.651592597510898, -34129.245709545866703 ], [ -33229.203939642677142, -34128.850721644543228 ], [ -33228.334966259761131, -34128.403068689709471 ], [ -33227.860980778168596, -34128.113410895399284 ], [ -33226.557520703790942, -34127.731589257455198 ], [ -33225.688547320874932, -34127.428765199772897 ], [ -33224.042764398684085, -34127.191772458972991 ], [ -33222.620807953913754, -34127.191772458972991 ], [ -33220.896027451461123, -34127.547261570165574 ], [ -33219.434572216552624, -34128.060745841889002 ], [ -33218.790522499686631, -34128.407457444154716 ], [ -33217.930326625690213, -34128.872665416827658 ], [ -33217.517783706527553, -34129.214988264640851 ], [ -33216.789250466303201, -34129.811858871093136 ], [ -33216.209934877704654, -34130.364841932947456 ] ] ] ] } },
{ "type": "Feature", "properties": { "fid": 9, "OBJECTID": 40, "SITEName": "Takikuboyokoanabo1", "SITENameJP": "多喜窪横穴墓1号", "JASID": 13214001401, "Age": "[奈良時代]", "Note": "横穴墓", "Publication": null, "notification": "20250819「遺跡地図GISの現在地」ハンズオンWS用サンプルデータ（国分寺市による正式な遺跡地図ではありません）" }, "geometry": { "type": "MultiPolygon", "coordinates": [ [ [ [ -33048.752449388121022, -34011.780100604686595 ], [ -33047.554807060150779, -34012.443290167408122 ], [ -33046.556121600988263, -34013.33274440446985 ], [ -33045.573040602132096, -34014.33142986362509 ], [ -33044.99567557105911, -34015.080443957995158 ], [ -33044.40270607968705, -34016.172756178952113 ], [ -33043.903363350102154, -34017.358695161696232 ], [ -33043.544460763216193, -34018.529029684148554 ], [ -33043.388416160225461, -34019.886617730189755 ], [ -33043.419625080823607, -34022.196077854488976 ], [ -33043.747318747111422, -34023.70971050352091 ], [ -33044.324683778184408, -34025.20773869225377 ], [ -33044.964466650460963, -34026.409282135304238 ], [ -33045.822711966924544, -34027.423572054758552 ], [ -33046.930628648173297, -34028.632917727962194 ], [ -33047.429971377750917, -34029.062040386190347 ], [ -33049.130857550386281, -34029.998308004142018 ], [ -33050.839545953167544, -34030.544464114624134 ], [ -33052.657465578027768, -34030.872157780904672 ], [ -33054.015053624068969, -34030.864355550758773 ], [ -33055.918797780592286, -34030.544464114616858 ], [ -33057.331001437676605, -34030.037319154893339 ], [ -33058.251664595336479, -34029.584789806212939 ], [ -33058.948663822033268, -34029.18167458181415 ], [ -33059.494819932508108, -34028.734346719895257 ], [ -33060.124199831247097, -34028.229802503548854 ], [ -33060.868012438855658, -34027.496392869485135 ], [ -33061.512996797886444, -34026.721371341271151 ], [ -33061.882302358302695, -34026.055581035165233 ], [ -33062.50127928351867, -34024.989276248052192 ], [ -33063.00062201309629, -34023.579673334337713 ], [ -33063.349121626444685, -34022.008824330863717 ], [ -33063.333517166138336, -34019.428886894696916 ], [ -33063.000622013089014, -34017.92045573242649 ], [ -33062.698935780645115, -34017.150635690974013 ], [ -33061.226915025734343, -34015.553779253677931 ], [ -33061.689847347959585, -34015.064839497623325 ], [ -33061.304937327229709, -34014.622713122487767 ], [ -33060.951236227112531, -34013.946519842851558 ], [ -33060.316654841604759, -34013.311938457343786 ], [ -33059.921341847351869, -34012.958237357226608 ], [ -33059.26595451477624, -34012.458894627641712 ], [ -33058.459724065978662, -34011.917940003928379 ], [ -33057.741918892206741, -34011.548634443504852 ], [ -33056.868444409643416, -34011.183490862313192 ], [ -33055.232201527425786, -34010.769711800297955 ], [ -33053.418183017631236, -34010.605864967154048 ], [ -33051.561252242005139, -34010.777514030443854 ], [ -33050.250477576861158, -34011.183229998227034 ], [ -33049.224484312180721, -34011.507022549441899 ], [ -33048.752449388121022, -34011.780100604686595 ] ] ] ] } },
{ "type": "Feature", "properties": { "fid": 10, "OBJECTID": 32, "SITEName": "Hachimanmae", "SITENameJP": "八幡前", "JASID": 13214001800, "Age": "[縄文時代（中期〜後期）]", "Note": null, "Publication": null, "notification": "20250819「遺跡地図GISの現在地」ハンズオンWS用サンプルデータ（国分寺市による正式な遺跡地図ではありません）" }, "geometry": { "type": "MultiPolygon", "coordinates": [ [ [ [ -32166.735805949600035, -33695.248605080174457 ], [ -32166.644844668688165, -33692.719881470758992 ], [ -32166.299191801212146, -33691.118962926673703 ], [ -32165.644270578632131, -33689.099622490371985 ], [ -32164.752850025670341, -33687.280396872098208 ], [ -32163.352046299591166, -33685.115518386337499 ], [ -32160.668688512625522, -33681.959161938611942 ], [ -32159.204211889900762, -33680.503781443985645 ], [ -32157.976234597561415, -33679.439534457291302 ], [ -32155.738587087074848, -33677.583924326645501 ], [ -32153.173478965294635, -33675.746506452174799 ], [ -32150.462832794051792, -33673.836319552974601 ], [ -32142.430951689329959, -33669.279159379184421 ], [ -32140.156919666475005, -33668.160335623942956 ], [ -32132.14323081792827, -33664.494596003103652 ], [ -32126.667361706888187, -33662.275140748803096 ], [ -32121.064146802578762, -33660.110262263049663 ], [ -32113.350630181063025, -33657.345039323263336 ], [ -32107.292608872179699, -33655.489429192617536 ], [ -32102.435276471362158, -33654.070433210355986 ], [ -32095.995217782601685, -33653.797549367562169 ], [ -32090.19188806027887, -33653.59743454954878 ], [ -32081.059375456483394, -33653.288166194441146 ], [ -32070.962673275007546, -33652.906128814604017 ], [ -32063.158195372565388, -33651.905554724544345 ], [ -32051.296844341355609, -33649.958983312986675 ], [ -32040.063126148448646, -33648.030604157604103 ], [ -32036.470155552342476, -33647.421163575483661 ], [ -32035.478677590377629, -33647.293817782199767 ], [ -32034.923813776800671, -33647.239241013652645 ], [ -32024.474271664323169, -33649.332361155480612 ], [ -32011.437611044737423, -33651.896458596471348 ], [ -31987.696716726135492, -33656.726502613018965 ], [ -31987.605755445223622, -33656.817463893930835 ], [ -31985.977548516853858, -33659.564494577534788 ], [ -31982.521019842115493, -33664.785672102021636 ], [ -31979.410144034856785, -33669.297351635359519 ], [ -31977.099727499633445, -33672.863033847199404 ], [ -31975.225925112797995, -33675.919332885918266 ], [ -31973.78873687435771, -33679.012016437001876 ], [ -31972.915508577578294, -33681.431586509323097 ], [ -31972.278779611180653, -33683.651041763623653 ], [ -31971.787588694238366, -33685.943266042668256 ], [ -31971.478320339127094, -33688.690296726272209 ], [ -31971.487416467229195, -33692.474286012307857 ], [ -31971.632954516691825, -33695.739795997120382 ], [ -31971.860357718982414, -33698.068404788522457 ], [ -31972.487990557288867, -33703.407831978183822 ], [ -31972.997373730406252, -33707.65572379688092 ], [ -31973.588622056351596, -33711.23050213681563 ], [ -31974.12529361374618, -33713.504534159663308 ], [ -31974.907560629606451, -33716.351622252273955 ], [ -31975.817173438750615, -33718.789384580770275 ], [ -31977.208881036731327, -33721.936644900408282 ], [ -31978.445954457165499, -33724.401695613181801 ], [ -31979.446528547228809, -33726.2845941281048 ], [ -31981.092927731777309, -33728.940663530796883 ], [ -31983.776285518739314, -33732.797421841554751 ], [ -31987.532986420494126, -33737.563792961467698 ], [ -31992.899701994429051, -33743.257969146703545 ], [ -31995.492098500490101, -33745.622962450470368 ], [ -31997.620592473875149, -33747.414899684466945 ], [ -31999.012300071870413, -33748.451858286891365 ], [ -32000.858814074428665, -33749.607066554504854 ], [ -32001.895772676849447, -33750.061872959078755 ], [ -32004.442688542447286, -33750.462102595105534 ], [ -32007.744583039642748, -33750.835043846840563 ], [ -32015.439907404990663, -33751.762848912170739 ], [ -32021.115891334040498, -33752.345001110021258 ], [ -32025.227341231362516, -33753.363767456263304 ], [ -32033.468433282185288, -33755.637799479118257 ], [ -32051.06944113908321, -33760.586093160869495 ], [ -32068.224738719516608, -33765.316079768417694 ], [ -32075.956447597221995, -33767.399093101346807 ], [ -32082.551140463510819, -33768.490628472325625 ], [ -32094.694471465547394, -33770.500872780517966 ], [ -32095.931544885977928, -33770.828333391800697 ], [ -32107.429050793543865, -33774.039266608073376 ], [ -32114.651376498128229, -33776.004030275820696 ], [ -32122.073817020729621, -33777.805063637926651 ], [ -32126.858380396817665, -33778.732868703256827 ], [ -32128.823144064564985, -33778.914791265080567 ], [ -32133.898783539578289, -33779.460558950566337 ], [ -32135.972700744423491, -33779.624289256214979 ], [ -32137.773734106525808, -33779.533327975295833 ], [ -32139.192730088787357, -33779.278636388735322 ], [ -32140.156919666478643, -33778.860214496533445 ], [ -32140.866417657609418, -33778.314446811047674 ], [ -32141.375800830726803, -33777.805063637926651 ], [ -32141.776030466749944, -33776.895450828786124 ], [ -32142.067106565675203, -33776.058607044375094 ], [ -32142.121683334225963, -33775.09441746668017 ], [ -32142.067106565675203, -33773.639036972068425 ], [ -32141.666876929659338, -33769.473010306195647 ], [ -32141.557723392550542, -33765.889135838173388 ], [ -32142.067106565671565, -33751.699176015543344 ], [ -32142.68564327589047, -33744.349504517675086 ], [ -32143.304179986105737, -33740.147093339452113 ], [ -32147.488398908157251, -33734.070879774386412 ], [ -32152.673191920264799, -33726.484708946125465 ], [ -32155.256492298231024, -33721.500030752024031 ], [ -32158.258214568402764, -33715.696701029701217 ], [ -32160.259362748511194, -33711.312367289632675 ], [ -32166.663036924866901, -33696.594832037699234 ], [ -32166.735805949600035, -33695.248605080174457 ] ] ] ] } },
{ "type": "Feature", "properties": { "fid": 11, "OBJECTID": 449, "SITEName": "Musashikokubunjiato", "SITENameJP": "武蔵国分寺跡", "JASID": 13214001200, "Age": "[旧石器時代][縄文時代][奈良時代][平安時代][中世][近世]", "Note": null, "Publication": "[https://sitereports.nabunken.go.jp/71573] [https://sitereports.nabunken.go.jp/71575] [[https://sitereports.nabunken.go.jp/71575] [https://sitereports.nabunken.go.jp/71577] [https://sitereports.nabunken.go.jp/71432] [https://sitereports.nabunken.go.jp/71749] [https://sitereports.nabunken.go.jp/47858] [", "notification": "20250819「遺跡地図GISの現在地」ハンズオンWS用サンプルデータ（国分寺市による正式な遺跡地図ではありません）" }, "geometry": { "type": "MultiPolygon", "coordinates": [ [ [ [ -33181.593624523375183, -33260.938367993599968 ], [ -33139.69421693070035, -33258.733136015034688 ], [ -33081.931366395489022, -33252.473122656534542 ], [ -33011.648489143284678, -33244.505832927548909 ], [ -32968.255214726428676, -33241.660372310056118 ], [ -32934.536506409080175, -33242.656283526172047 ], [ -32894.557784733224253, -33242.798556557041593 ], [ -32867.099089774368622, -33238.672638661664678 ], [ -32784.438458836048085, -33236.965362291164638 ], [ -32708.322387317970424, -33233.26626348841819 ], [ -32598.060788389910158, -33230.847621963541314 ], [ -32517.320843368397618, -33228.286707407787617 ], [ -32504.622975362810394, -33227.824320057443401 ], [ -32492.387494707567384, -33227.504205737976008 ], [ -32479.582921928828, -33227.219659676229639 ], [ -32467.205168242708169, -33227.184091418515891 ], [ -32459.486856317744241, -33229.531596427950717 ], [ -32451.626271361903491, -33232.092510983697139 ], [ -32449.100925063878094, -33233.870923869639228 ], [ -32439.853178057011974, -33245.892994978567003 ], [ -32439.53306373754458, -33251.655052729001909 ], [ -32438.857266840885131, -33261.436323601650656 ], [ -32438.181469944232958, -33273.671804256890027 ], [ -32437.114422212664067, -33290.033202807506314 ], [ -32441.418181396631553, -33296.755603516343399 ], [ -32445.43739451885267, -33302.588797782220354 ], [ -32449.634448929660721, -33309.311198491064715 ], [ -32452.835592124345567, -33315.179961014655419 ], [ -32455.218665391501418, -33321.368837857706239 ], [ -32456.463554411657242, -33325.45918749536213 ], [ -32457.601738658657268, -33330.225334029666556 ], [ -32458.20639903987103, -33335.062617079420306 ], [ -32457.957421235845686, -33340.291150964068947 ], [ -32457.068214792874642, -33346.231050003094424 ], [ -32455.183097133784031, -33351.957539495815581 ], [ -32450.879337949816545, -33359.00005452412006 ], [ -32445.508531034287444, -33364.76211227454769 ], [ -32422.318027001678274, -33397.627182406649808 ], [ -32375.93701893643447, -33450.268203830361017 ], [ -32354.880610366952169, -33503.051498284949048 ], [ -32300.461176057291595, -33581.799620874218817 ], [ -32300.247766510983638, -33582.43984951316088 ], [ -32292.920705420929153, -33586.814745212570415 ], [ -32285.842622134900012, -33582.759963832628273 ], [ -32236.118197844116366, -33626.010965218600177 ], [ -32227.866362053377088, -33629.354381444165483 ], [ -32183.157062100934127, -33654.358866620437766 ], [ -32177.57284563909343, -33653.576364950633433 ], [ -32168.040552570473665, -33643.190433696763648 ], [ -32098.682450018950476, -33656.315120794977702 ], [ -32033.521401878238976, -33649.34374228210072 ], [ -31979.742196207520465, -33658.164670196347288 ], [ -31924.540260228055558, -33658.449216258093657 ], [ -31901.349756195453665, -33665.420594770956086 ], [ -31898.481136727248668, -33877.853012050742109 ], [ -31895.374288898703526, -33925.068876117657055 ], [ -31892.386555250326637, -33954.51939350876637 ], [ -31890.963824941576604, -33977.425351479629171 ], [ -31885.913132345529448, -34060.797347572319268 ], [ -31896.22792708396446, -34124.96248449691484 ], [ -31896.441336630276055, -34135.490688781661447 ], [ -31935.637556636316731, -34265.528239001323527 ], [ -31962.100340379063709, -34256.565038056207413 ], [ -31967.222169490560191, -34267.520061433569936 ], [ -31981.307199547180062, -34265.208124681856134 ], [ -31986.749142978143936, -34283.241231345273263 ], [ -32027.723775870115787, -34276.340989347831055 ], [ -32034.054925744054344, -34306.716281439628801 ], [ -32048.139955800670577, -34307.498783109433134 ], [ -32123.331252618063445, -34314.256752075991244 ], [ -32123.758071710682998, -34322.935406959360989 ], [ -32159.326329429411999, -34325.780867576861056 ], [ -32160.749059738162032, -34348.971371609484777 ], [ -32178.31977905120948, -34351.247740103477554 ], [ -32185.575703625840106, -34423.878122365109448 ], [ -32223.420329838565522, -34429.07108799204434 ], [ -32240.350820512681821, -34431.987685124986456 ], [ -32256.925628609609703, -34435.117691804225615 ], [ -32359.148801293238648, -34437.607469844551815 ], [ -32374.229742565989, -34440.737476523790974 ], [ -32402.684348740971473, -34446.357261243349058 ], [ -32457.530602143251599, -34452.119318993791239 ], [ -32506.472524764223635, -34451.194544293095532 ], [ -32507.895255072966393, -34420.641410912714491 ], [ -32597.420559751004475, -34418.578451965026034 ], [ -32597.527264524160273, -34400.545345301638008 ], [ -32624.950391225294879, -34401.39898348688439 ], [ -32624.594708648102824, -34449.096017087715154 ], [ -32679.44096205038295, -34455.676144765675417 ], [ -32685.985521470629465, -34449.167153603157203 ], [ -32702.311351763528364, -34453.008525436780474 ], [ -32730.979367484822433, -34463.10991062890389 ], [ -32739.65802236818854, -34468.729695348461973 ], [ -32757.015332134924392, -34472.713340212962066 ], [ -32779.35219798230537, -34479.044490086904261 ], [ -32800.479743067233358, -34485.162230414527585 ], [ -32821.180469059538154, -34488.149964062897197 ], [ -32879.725821264568367, -34489.786103917955188 ], [ -32937.132989222598553, -34491.422243773020455 ], [ -33069.695885740293306, -34539.048140858394618 ], [ -33077.556470696130418, -34496.721914173111145 ], [ -33076.951810314894828, -34468.551854059885954 ], [ -33111.390775851054059, -34468.49850167331897 ], [ -33115.321068328979891, -34486.807262334026746 ], [ -33192.272993903439783, -34502.848546565175639 ], [ -33196.25663876796898, -34465.635256926914735 ], [ -33327.07669065745722, -34492.240313700523984 ], [ -33330.891386297786084, -34465.70639344236406 ], [ -33369.945333272939024, -34472.962318016980134 ], [ -33381.718426577841456, -34405.702742670866428 ], [ -33455.807107405940769, -34405.631606155417103 ], [ -33459.079387116064026, -34367.431297365503269 ], [ -33401.814492188910663, -34365.724020995003229 ], [ -33385.470877767162165, -34365.599532092994195 ], [ -33385.54201428261149, -34356.849740694189677 ], [ -33339.836803114041686, -34349.842793923598947 ], [ -33339.285495119416737, -34340.452773885852366 ], [ -33321.572502775488829, -34338.496519711326982 ], [ -33302.756894442274643, -34336.558049665647559 ], [ -33299.947002082495601, -34336.522481407919258 ], [ -33276.720929792165407, -34343.351586889919417 ], [ -33248.195187101737247, -34332.538836543426441 ], [ -33251.058431848097825, -34326.31439144264732 ], [ -33244.673929587588646, -34321.156994073426176 ], [ -33246.007739252047031, -34315.057037874663365 ], [ -33216.023697995173279, -34305.50696067717945 ], [ -33220.380809565722302, -34299.958312473063415 ], [ -33190.876939788046002, -34281.035999366707983 ], [ -33186.484259959790506, -34287.242660338626592 ], [ -33163.347108313755598, -34270.454442695379839 ], [ -33162.778016190262861, -34258.716917648205708 ], [ -33176.080544577067485, -34248.75780548696639 ], [ -33193.153308282053331, -34243.20915728284308 ], [ -33226.76531182625331, -34220.943427950915066 ], [ -33267.277557367880945, -34207.463058275527146 ], [ -33262.938229926192435, -34171.396844948743819 ], [ -33260.484020143601811, -34158.521135654562386 ], [ -33253.726051177036425, -34122.419354070050758 ], [ -33222.888371734894463, -34102.892380582474289 ], [ -33141.401493301287701, -34067.430827636904723 ], [ -33124.542139142613451, -34091.474969854767551 ], [ -33094.02457401992433, -34083.116429290857923 ], [ -33083.514153864052787, -34122.277081039188488 ], [ -33066.192412355034321, -34116.906274123655749 ], [ -33080.775398019701242, -34068.835773816790606 ], [ -33091.979399201103661, -34071.912428109484608 ], [ -33136.475289607238665, -33918.221986506861867 ], [ -33137.364496050198795, -33893.430910876908456 ], [ -33140.885753564354673, -33870.133702071136213 ], [ -33140.814617048912623, -33824.286217871696863 ], [ -33133.73653376288712, -33820.053595203171426 ], [ -33133.700965505173372, -33808.422774929145817 ], [ -33139.996547121387266, -33776.695889044051 ], [ -33375.654038636836049, -33784.503121613313851 ], [ -33379.193080279845162, -33768.017234160681255 ], [ -33385.897696859843563, -33736.379268919874448 ], [ -33298.186373325464956, -33736.36148479100666 ], [ -33282.465203413790732, -33727.291579072734748 ], [ -33281.682701743979123, -33727.256010815013724 ], [ -33275.280415354602155, -33731.879884318441327 ], [ -33261.408794844304794, -33731.915452576169628 ], [ -33171.385534558183281, -33707.37335475024156 ], [ -33171.812353650806472, -33696.987423496371775 ], [ -33172.737128351494903, -33679.416704183320689 ], [ -33175.2980429072486, -33640.718439785341616 ], [ -33177.645547916676151, -33608.137915714985866 ], [ -33181.344646719422599, -33545.893464707216481 ], [ -33143.997976114755147, -33541.056181657470006 ], [ -33145.634115969820414, -33521.493639912165236 ], [ -33149.902306896052323, -33478.811730649686069 ], [ -33152.392084936363972, -33451.139626144518843 ], [ -33154.668453430364025, -33436.485503964402596 ], [ -33159.861419057306193, -33403.904979894046846 ], [ -33164.485292560733797, -33371.857979689462809 ], [ -33181.593624523375183, -33260.938367993599968 ] ] ] ] } },
{ "type": "Feature", "properties": { "fid": 12, "OBJECTID": 31, "SITEName": "Koigakubo", "SITENameJP": "恋ヶ窪", "JASID": 13214000200, "Age": "[旧石器時代][縄文時代（早期・中期〜後期）][奈良時代][平安時代][中世]", "Note": null, "Publication": "[https://sitereports.nabunken.go.jp/48190] [https://sitereports.nabunken.go.jp/48047] [https://sitereports.nabunken.go.jp/48201] [http://doi.org/10.24484/sitereports.48211] [http://doi.org/10.24484/sitereports.48212] [https://sitereports.nabunken.go.jp/47868] [https://sitereports.nabunken.go.jp/48228] [https://sitereports.nabunken.go.jp/48232] [http://doi.org/10.24484/sitereports.48230] [http://doi.org/10.24484/sitereports.48229] [https://sitereports.nabunken.go.jp/48233] [https://sitereports.nabunken.go.jp/48238] [https://sitereports.nabunken.go.jp/48240] [http://doi.org/10.24484/sitereports.48245] [https://sitereports.nabunken.go.jp/48247] [http://doi.org/10.24484/sitereports.48249] [http://doi.org/10.24484/sitereports.72349] [http://doi.org/10.24484/sitereports.62562] [https://sitereports.nabunken.go.jp/62564] [https://sitereports.nabunken.go.jp/63685] [https://sitereports.nabunken.go.jp/86600] [http://doi.org/10.24484/sitereports.91587] [https://sitereports.nabunken.go.jp/139936] [https://sitereports.nabunken.go.jp/130963]", "notification": "20250819「遺跡地図GISの現在地」ハンズオンWS用サンプルデータ（国分寺市による正式な遺跡地図ではありません）" }, "geometry": { "type": "MultiPolygon", "coordinates": [ [ [ [ -32990.099876081119874, -32722.411821832429268 ], [ -32980.109590282692807, -32714.67182318167761 ], [ -32978.007673716194404, -32713.410673241778568 ], [ -32974.644607209796959, -32711.976424290522118 ], [ -32971.751380877089105, -32711.036743943146575 ], [ -32965.890742921088531, -32709.627223422081443 ], [ -32956.296112005773466, -32707.500578425388085 ], [ -32948.23464376249467, -32705.992144183550408 ], [ -32940.494645111735736, -32704.928821685203729 ], [ -32932.408448438254709, -32703.840770756658458 ], [ -32926.312890395405702, -32703.321473722582596 ], [ -32920.922092613094719, -32703.148374711225188 ], [ -32916.557524683841621, -32703.655307530203572 ], [ -32911.89621559225634, -32704.706265813452774 ], [ -32905.405002666302607, -32706.412527496846451 ], [ -32898.678869653507718, -32708.15588182553256 ], [ -32889.92500536479929, -32710.257798392030963 ], [ -32877.152771169545304, -32713.336487951197341 ], [ -32871.069577341797412, -32714.659458966587408 ], [ -32858.730090674951498, -32717.429043148327764 ], [ -32847.231370634683117, -32719.704058726183575 ], [ -32836.375589779461734, -32721.830703722880571 ], [ -32824.852141309005674, -32723.907891859187657 ], [ -32814.688756499243027, -32725.861437844519969 ], [ -32795.400580947833078, -32729.249232781116007 ], [ -32781.181733586228802, -32731.820989521300362 ], [ -32772.922437901404919, -32733.131596321589313 ], [ -32742.531197192845866, -32753.285266929786303 ], [ -32728.658547853952768, -32762.706798833754874 ], [ -32720.572351180482656, -32768.56743678975181 ], [ -32710.952991834976274, -32775.639767825268791 ], [ -32702.668967719942884, -32781.896060664381366 ], [ -32695.769735695794225, -32787.484685888237436 ], [ -32690.626222215418238, -32792.603470938425744 ], [ -32683.504434319511347, -32803.582893944614625 ], [ -32671.164947652654519, -32822.747427345042524 ], [ -32661.570316737346729, -32838.153239355975529 ], [ -32655.239838607652928, -32847.822055561868183 ], [ -32637.707381600044755, -32876.111379703936109 ], [ -32627.16070612225667, -32893.507830345486582 ], [ -32621.201154445490829, -32903.733036230740254 ], [ -32613.139686202212033, -32918.471180626431305 ], [ -32609.331507952327229, -32925.988623405435646 ], [ -32607.452147257572506, -32931.305235897169041 ], [ -32606.006081401064876, -32937.306885239901021 ], [ -32604.683331012809504, -32944.78726674587233 ], [ -32603.436600761815498, -32953.164685871488473 ], [ -32601.21681275393712, -32972.808289338405302 ], [ -32598.358455593122926, -33005.95306918197457 ], [ -32595.591322597007093, -33048.592764168788563 ], [ -32594.815919428387133, -33065.704254002113885 ], [ -32611.210868647078314, -33073.394795792490186 ], [ -32624.277521390518814, -33078.772758659382816 ], [ -32641.824665227388323, -33085.95683833109797 ], [ -32671.99335006419642, -33096.787890756109846 ], [ -32698.568200523845007, -33107.303116171518923 ], [ -32707.231363090795639, -33110.957281257331488 ], [ -32716.835839506431512, -33115.410663809852849 ], [ -32727.335576838606357, -33121.046480776531098 ], [ -32741.579152630409226, -33129.45414704252471 ], [ -32746.574295529626397, -33132.866670409304788 ], [ -32756.107842412824539, -33138.729840913103544 ], [ -32764.378765269386349, -33142.75804248694476 ], [ -32771.154355142563873, -33145.23088550636021 ], [ -32776.100041181387496, -33146.170565853732114 ], [ -32780.501701755936665, -33146.12110899334948 ], [ -32785.595758375922742, -33145.23088550636021 ], [ -32791.926236505612906, -33143.846093415486393 ], [ -32799.592049865786976, -33140.928138652583584 ], [ -32805.873071135094506, -33138.010183889673499 ], [ -32818.138372511362832, -33130.838939133376698 ], [ -32826.49658191697381, -33124.755745305628807 ], [ -32831.293897374620428, -33120.551912172632001 ], [ -32835.398816786837415, -33115.902967296140559 ], [ -32837.822202945862955, -33112.589357650133024 ], [ -32839.65210678022413, -33109.572489166450396 ], [ -32842.446419392152166, -33101.684119934529008 ], [ -32843.979582064195711, -33099.310190635929757 ], [ -32845.611658457011799, -33097.529743661951215 ], [ -32850.260603333503241, -33094.809616340600769 ], [ -32855.55248739504168, -33093.128083087402047 ], [ -32862.921559592883568, -33091.644377275755687 ], [ -32887.204878043499775, -33089.270447977127333 ], [ -32896.206026634157752, -33088.182397048585699 ], [ -32905.751200689082907, -33086.401950074607157 ], [ -32914.307237536246248, -33084.324761938296433 ], [ -32923.456756708059402, -33081.060609152678808 ], [ -32929.045381931922748, -33078.637222993645992 ], [ -32933.743783668796823, -33076.312750555400271 ], [ -32938.095987382963358, -33073.543166373659915 ], [ -32959.01623932718212, -33060.041443487687502 ], [ -32977.067993368873431, -33046.885918624415353 ], [ -32991.756680904174573, -33035.807581897461205 ], [ -32999.076296241633827, -33029.674931209316128 ], [ -33001.648052981814544, -33027.053717608738225 ], [ -33007.038850764132803, -33020.080300294001063 ], [ -33009.956805527042889, -33016.321578904506168 ], [ -33013.715526916545059, -33010.188928216375643 ], [ -33017.02913656255987, -33004.204648109400296 ], [ -33021.183512835166766, -32995.500240681074501 ], [ -33023.903640156517213, -32988.180625343615247 ], [ -33025.288432247391029, -32982.146888376257266 ], [ -33025.980828292820661, -32976.50880629200401 ], [ -33026.12919887399039, -32969.23864781492739 ], [ -33023.161787250697671, -32951.533091795958171 ], [ -33019.798720744300226, -32933.926449497761496 ], [ -33012.874760289952974, -32893.965306304082333 ], [ -33011.539425059469067, -32878.633679583741468 ], [ -33012.2318211048987, -32874.924415054621932 ], [ -33016.485111098285415, -32860.23572751932079 ], [ -33017.573162026827049, -32854.103076831190265 ], [ -33022.252204879441706, -32843.270450580057513 ], [ -33022.716675507203036, -32840.057328480928845 ], [ -33021.87590888061095, -32832.688256283079681 ], [ -33020.024874248585547, -32822.858865554626391 ], [ -33019.403065861188225, -32817.059888400399359 ], [ -33018.957954117693589, -32803.211967491704854 ], [ -33017.276420864509419, -32787.731970190201537 ], [ -33012.77584656918043, -32758.354595119591977 ], [ -33010.599744712118991, -32747.07843095107819 ], [ -33009.857891806204861, -32744.172840403243754 ], [ -33008.225815413396049, -32741.403256221503398 ], [ -33004.071439140789153, -32736.037186869383731 ], [ -32999.199938392550393, -32730.64638908706911 ], [ -32998.458085486730852, -32730.250734203964385 ], [ -32990.099876081119874, -32722.411821832429268 ] ] ] ] } },
{ "type": "Feature", "properties": { "fid": 13, "OBJECTID": 31, "SITEName": "Tonogayatokita", "SITENameJP": "殿ヶ谷戸北", "JASID": 13214002000, "Age": "[旧石器時代][縄文時代（早期・中期）]", "Note": null, "Publication": "[https://sitereports.nabunken.go.jp/48238] [https://sitereports.nabunken.go.jp/48245] [https://sitereports.nabunken.go.jp/48247] [https://sitereports.nabunken.go.jp/48249] [https://sitereports.nabunken.go.jp/70050]", "notification": "20250819「遺跡地図GISの現在地」ハンズオンWS用サンプルデータ（国分寺市による正式な遺跡地図ではありません）" }, "geometry": { "type": "MultiPolygon", "coordinates": [ [ [ [ -31369.139714638964506, -33183.082842856209027 ], [ -31342.280721389524842, -33182.096679612535809 ], [ -31285.483300610918377, -33179.975498295978468 ], [ -31224.843564552720636, -33177.631034735561116 ], [ -31224.713316577144724, -33190.581404878714238 ], [ -31228.955679210237577, -33219.53366916422965 ], [ -31237.961396378745121, -33278.182471881409583 ], [ -31243.617879889541655, -33314.949614701574319 ], [ -31248.157952181099972, -33341.966766207086039 ], [ -31253.276139828285523, -33371.277869995843503 ], [ -31258.112618885952543, -33399.127020631975029 ], [ -31260.885040080389444, -33399.164234339281393 ], [ -31264.197060030790453, -33401.406360204586235 ], [ -31312.202742457939166, -33381.208620563251316 ], [ -31331.070092063026095, -33372.035441711865133 ], [ -31371.558605613976397, -33314.986828408917063 ], [ -31378.629210002480249, -33305.143802825979947 ], [ -31377.996576978242956, -33277.587052564515034 ], [ -31376.396387564003817, -33237.693958330492023 ], [ -31371.372537077444576, -33237.638137769528839 ], [ -31369.139714638964506, -33183.082842856209027 ] ] ] ] } },
{ "type": "Feature", "properties": { "fid": 14, "OBJECTID": 71, "SITEName": "Tonogayato", "SITENameJP": "殿ヶ谷戸", "JASID": 13214002100, "Age": "[旧石器時代][縄文時代（早期・中期）]", "Note": null, "Publication": "[https://sitereports.nabunken.go.jp/48228] [https://sitereports.nabunken.go.jp/48229] [https://sitereports.nabunken.go.jp/48233] [https://sitereports.nabunken.go.jp/48238] [https://sitereports.nabunken.go.jp/48244] [https://sitereports.nabunken.go.jp/48245] [https://sitereports.nabunken.go.jp/48249] [https://sitereports.nabunken.go.jp/91587] [https://sitereports.nabunken.go.jp/139936]", "notification": "20250819「遺跡地図GISの現在地」ハンズオンWS用サンプルデータ（国分寺市による正式な遺跡地図ではありません）" }, "geometry": { "type": "MultiPolygon", "coordinates": [ [ [ [ -31603.944100422108022, -33277.804503203107743 ], [ -31595.531159472622676, -33275.556345891673118 ], [ -31588.36117124100565, -33273.24736663063959 ], [ -31586.590375116003997, -33272.483493792409718 ], [ -31585.70497705350499, -33272.136278865938948 ], [ -31584.758816378871416, -33271.624136849386559 ], [ -31583.934180928503338, -33270.947067742774379 ], [ -31582.788371671151253, -33270.573811696820485 ], [ -31581.633882040638127, -33270.287359382477007 ], [ -31578.969007479972788, -33269.723135126965644 ], [ -31575.922196500207065, -33269.315157588360307 ], [ -31572.875385520430427, -33269.028705274024105 ], [ -31567.102937367853883, -33268.724892213358544 ], [ -31563.986683402781637, -33268.707531467036461 ], [ -31560.853068691390945, -33268.803015571822471 ], [ -31555.696927033302927, -33269.115509005649074 ], [ -31552.771641277788149, -33269.289116468884458 ], [ -31549.386295744701783, -33269.662372514838353 ], [ -31546.226639913820691, -33270.061669680282648 ], [ -31542.16422527411487, -33270.634574308962328 ], [ -31539.100053548012511, -33271.164077071829524 ], [ -31538.205975112352462, -33271.233520057117858 ], [ -31536.079283687718998, -33271.667538715213595 ], [ -31532.824143752059172, -33272.344607821833051 ], [ -31531.574170016767312, -33272.683142375142779 ], [ -31527.668002093974792, -33273.768189020360296 ], [ -31522.494499689564691, -33275.313295443156676 ], [ -31519.230679380736547, -33276.242095371460891 ], [ -31515.098821755738754, -33277.127493433959899 ], [ -31511.9652070443517, -33277.986850376968505 ], [ -31508.015637255750335, -33279.210782992784516 ], [ -31504.691054334798537, -33280.365272623297642 ], [ -31501.236265816416562, -33281.693369717046153 ], [ -31497.772796924873546, -33283.160352781378606 ], [ -31494.03155609215537, -33284.922468533222855 ], [ -31491.540288994729053, -33286.129040402709506 ], [ -31490.941343246569886, -33286.354730104911141 ], [ -31490.255593766789389, -33286.754027270355436 ], [ -31487.981335998407303, -33287.891156154546479 ], [ -31484.179332553558197, -33290.009167206015263 ], [ -31482.243609338482202, -33291.016090492783405 ], [ -31477.287116263116332, -33294.002138860429113 ], [ -31471.01120646716663, -33298.064553500131296 ], [ -31468.172724443269544, -33299.982915968881571 ], [ -31465.299520926728292, -33302.014123288739938 ], [ -31461.6147025195678, -33304.644276356753835 ], [ -31456.093985188690567, -33308.849917153624119 ], [ -31452.435207901009562, -33311.740481416483817 ], [ -31448.476957739250793, -33314.995621352143644 ], [ -31444.062987986493681, -33318.81064535673795 ], [ -31441.380752679517173, -33321.167366670153569 ], [ -31439.27142200120943, -33323.224615109487786 ], [ -31433.750704670332198, -33328.367736207837879 ], [ -31429.727351709861978, -33332.130677973444108 ], [ -31424.454025014092622, -33337.065470115900098 ], [ -31418.021868501233257, -33343.041907037768397 ], [ -31411.745958705287194, -33348.91417948169692 ], [ -31405.587233947022469, -33354.630205208719417 ], [ -31399.089974635448016, -33360.723827168272692 ], [ -31392.840105958981439, -33366.557037932972889 ], [ -31383.100727271488722, -33375.72351199179684 ], [ -31378.178955688774295, -33380.332790140688303 ], [ -31371.772840295405331, -33386.270165383313724 ], [ -31362.16366720534279, -33395.356888513706508 ], [ -31359.971330458687589, -33397.373447703845159 ], [ -31355.557360705934116, -33401.484689442579111 ], [ -31350.694181642069452, -33406.006078813203203 ], [ -31345.079065253059525, -33411.308701768393803 ], [ -31338.643653600265679, -33417.314434949679708 ], [ -31313.087549965464859, -33441.142059278688976 ], [ -31291.803003711269412, -33461.100136009321432 ], [ -31292.047139206450083, -33461.4272775728532 ], [ -31293.968485553454229, -33463.265617851509887 ], [ -31296.79069187766072, -33465.804627001314657 ], [ -31298.323862787347025, -33467.279205392158474 ], [ -31301.741759719774564, -33470.482263088837499 ], [ -31305.149891232398659, -33473.636493686484755 ], [ -31308.850985339227918, -33477.054390618912294 ], [ -31310.745476781754405, -33478.802400764347112 ], [ -31320.010418823509099, -33480.338013028929709 ], [ -31333.252328081667656, -33482.667065652873134 ], [ -31390.292145173771132, -33493.12583026606444 ], [ -31427.513042767779552, -33499.937210581374529 ], [ -31479.982643390259909, -33508.022978181492363 ], [ -31505.045593324681249, -33511.78754751705128 ], [ -31538.277622096935374, -33511.442400960768282 ], [ -31570.535550243446778, -33511.442400960768282 ], [ -31600.046610753692221, -33510.126129180069256 ], [ -31632.072800910635124, -33517.634440041758353 ], [ -31663.311081903080776, -33524.833766917370667 ], [ -31689.358431929427752, -33530.766259450065263 ], [ -31708.59268506276203, -33529.932002687659406 ], [ -31710.896332336775231, -33530.488173862584517 ], [ -31712.599177415602753, -33530.817756781063508 ], [ -31721.27132795817306, -33532.602997589521692 ], [ -31722.651456429321115, -33532.953179440410167 ], [ -31727.643264382179041, -33533.976259749855672 ], [ -31730.575179094514169, -33534.525564613992174 ], [ -31771.347332635155908, -33540.595383362713619 ], [ -31777.372520363656804, -33541.426206969721534 ], [ -31780.256370900380716, -33541.590998428968305 ], [ -31781.598734662122297, -33541.419340658918372 ], [ -31782.649280214784085, -33541.103490362045704 ], [ -31783.445772267787106, -33540.760174821953115 ], [ -31784.118670726355049, -33540.303565153641102 ], [ -31784.575280394670699, -33539.929351214952476 ], [ -31784.819034428131999, -33539.675297715286433 ], [ -31785.364906136870559, -33538.995532945911691 ], [ -31785.708221676959511, -33538.360399196739309 ], [ -31786.044670906245301, -33537.48151141411654 ], [ -31786.353654892322083, -33535.79239895689534 ], [ -31786.353654892322083, -33533.251863960256742 ], [ -31785.965708332023496, -33530.642665855601081 ], [ -31785.471333954297734, -33528.747564074321417 ], [ -31784.894563846952224, -33526.742601320212998 ], [ -31784.496317820448894, -33525.946109267213615 ], [ -31784.070606550740195, -33524.682708079686563 ], [ -31783.589964794620755, -33523.48797000018385 ], [ -31783.301579740946181, -33522.691477947184467 ], [ -31782.834670606429427, -33521.606600840510509 ], [ -31782.463889823135105, -33520.741445679494063 ], [ -31781.90085233739228, -33519.574172843203996 ], [ -31781.214221257218014, -33518.049851845215017 ], [ -31780.472659690633009, -33516.580461333644053 ], [ -31778.550092666137061, -33512.968781851923268 ], [ -31776.915910695322964, -33510.153594423209142 ], [ -31775.844766210255329, -33508.615540803621116 ], [ -31771.889771188456507, -33503.369679351089871 ], [ -31767.55026276175704, -33497.485250993995578 ], [ -31764.123973671685235, -33492.740630229993258 ], [ -31761.343117796990555, -33488.943560356623493 ], [ -31757.312593356353318, -33483.574105309664446 ], [ -31754.991780305364955, -33480.367538165257429 ], [ -31752.739630362393655, -33477.360094034091162 ], [ -31749.958774487695337, -33473.473762120302126 ], [ -31748.132335814432736, -33471.13921644770744 ], [ -31745.722260723021463, -33467.912050370883662 ], [ -31742.275372700554726, -33463.167429606881342 ], [ -31740.442067716488964, -33460.654359853440837 ], [ -31738.931479340106307, -33458.5464024373141 ], [ -31735.457126074426924, -33454.021503618969291 ], [ -31734.07013129247207, -33452.057738729672565 ], [ -31730.417253945946868, -33447.113994952414942 ], [ -31729.133253826017608, -33445.383684630374773 ], [ -31728.76933935352281, -33444.738251415008563 ], [ -31727.512804476806195, -33443.117802065804426 ], [ -31725.947285614009161, -33440.982379406465043 ], [ -31724.010985967917804, -33438.510507517836231 ], [ -31723.351820130952547, -33437.466828275973967 ], [ -31719.71267540603003, -33432.571148674331198 ], [ -31717.37126342263582, -33429.556838232369046 ], [ -31716.313851559167233, -33428.211041315225884 ], [ -31713.292674806401919, -33424.661158630733553 ], [ -31712.709038388253248, -33423.768538226504461 ], [ -31710.587348350512912, -33421.179939054258284 ], [ -31708.884503271674475, -33418.975853286894562 ], [ -31706.879540517569694, -33416.497115087462589 ], [ -31705.183561749545333, -33414.341093495720997 ], [ -31703.343390454672772, -33412.075210931143374 ], [ -31702.361508010020771, -33410.949135959657724 ], [ -31702.15551868597322, -33410.585221487170202 ], [ -31701.39335818697873, -33409.63767059653037 ], [ -31698.880288433541864, -33406.499766560133139 ], [ -31697.095047625090956, -33404.316279725186178 ], [ -31696.737999463399319, -33403.73950961783703 ], [ -31693.792352129450592, -33400.100364892910875 ], [ -31691.972779766991152, -33397.717755044701335 ], [ -31691.073293051962537, -33396.440621235575236 ], [ -31687.20756007057571, -33391.229091337052523 ], [ -31686.740650936055317, -33390.432599284045864 ], [ -31682.607131833410676, -33384.86402122383879 ], [ -31682.31874677973974, -33384.555037237762008 ], [ -31681.172072875844606, -33382.955186820952804 ], [ -31678.404949622745335, -33379.219913744811493 ], [ -31676.715837165516859, -33376.816704964199744 ], [ -31672.163473103959404, -33370.733153593857423 ], [ -31664.861151566306944, -33360.687740890905843 ], [ -31652.606503362887452, -33344.024921152791649 ], [ -31636.81742167428456, -33322.493887056232779 ], [ -31603.944100422108022, -33277.804503203107743 ] ] ] ] } },
{ "type": "Feature", "properties": { "fid": 15, "OBJECTID": 29, "SITEName": "Koigakubohaijiato", "SITENameJP": "恋ヶ窪廃寺跡", "JASID": 13214002200, "Age": "[縄文時代][平安時代][中世]", "Note": null, "Publication": "[https://sitereports.nabunken.go.jp/71577] [https://sitereports.nabunken.go.jp/48206] [https://sitereports.nabunken.go.jp/139936] [https://sitereports.nabunken.go.jp/48228]", "notification": "20250819「遺跡地図GISの現在地」ハンズオンWS用サンプルデータ（国分寺市による正式な遺跡地図ではありません）" }, "geometry": { "type": "MultiPolygon", "coordinates": [ [ [ [ -33274.379909122399113, -33480.628550314977474 ], [ -33274.465480774975731, -33431.767136685994046 ], [ -33277.248172027728288, -33302.986727712770517 ], [ -33277.281322968083259, -33300.050970436612261 ], [ -33276.963103385009163, -33299.441272411902901 ], [ -33276.693017856523511, -33299.064222317676467 ], [ -33276.321315990586299, -33298.735306278038479 ], [ -33276.27318193600513, -33298.606948799155361 ], [ -33275.444206551539537, -33297.983880203733861 ], [ -33274.692780477234919, -33297.753906387391908 ], [ -33273.770211097740685, -33297.753906387399184 ], [ -33273.189928328611131, -33297.978531975451915 ], [ -33272.684520755494304, -33298.125608253336395 ], [ -33270.085281808074797, -33298.810181474058481 ], [ -33262.83843247932964, -33300.222113741794601 ], [ -33246.291014159716724, -33303.174335756157234 ], [ -33234.439340275981522, -33305.313627070914663 ], [ -33214.501145222471678, -33308.757886087674706 ], [ -33170.795423662028043, -33316.876496627155575 ], [ -33164.156489615190367, -33368.600995132372191 ], [ -33180.646860166467377, -33390.553689507265517 ], [ -33189.079233432101319, -33411.828941632476926 ], [ -33201.415813347164658, -33442.506379086051311 ], [ -33203.697724082914647, -33447.754773778244271 ], [ -33204.097058461666165, -33450.493066661132616 ], [ -33204.296725651038287, -33453.431026733393082 ], [ -33204.296725651038287, -33456.597177879230003 ], [ -33203.982962924877938, -33460.191187288015499 ], [ -33203.569366604024253, -33463.129147360268689 ], [ -33203.711986025009537, -33464.213054959742294 ], [ -33206.906661055043514, -33481.313123535685008 ], [ -33274.379909122399113, -33480.628550314977474 ] ] ] ] } },
{ "type": "Feature", "properties": { "fid": 16, "OBJECTID": 26, "SITEName": "Kokubunji23", "SITENameJP": "国分寺市No.23", "JASID": 13214002300, "Age": "[縄文時代][奈良時代][平安時代]", "Note": null, "Publication": null, "notification": "20250819「遺跡地図GISの現在地」ハンズオンWS用サンプルデータ（国分寺市による正式な遺跡地図ではありません）" }, "geometry": { "type": "MultiPolygon", "coordinates": [ [ [ [ -31719.07171710811599, -34073.157224786453298 ], [ -31662.312000386504224, -34072.334247471058916 ], [ -31659.585888029243506, -34073.825893855231698 ], [ -31659.02009112489759, -34076.089081472586258 ], [ -31658.17139576838963, -34078.480859295479604 ], [ -31656.216824644292501, -34144.087582157662837 ], [ -31744.76404017331879, -34149.616960995532281 ], [ -31745.66417161204663, -34113.830306796102377 ], [ -31801.806655347121705, -34104.854710450010316 ], [ -31802.385311272020772, -34060.13103696613689 ], [ -31754.601190896501066, -34057.842131307676027 ], [ -31756.221427486205357, -33997.533324913354591 ], [ -31754.369728526551626, -33996.76821319044393 ], [ -31752.49231152579523, -33996.125262162786385 ], [ -31745.506648610306002, -33996.099544121665531 ], [ -31737.495478805722087, -33998.25985957460216 ], [ -31732.171844296717609, -33999.61005673269392 ], [ -31729.469043347846309, -34001.178894953751296 ], [ -31724.404995882629009, -34003.352031713649922 ], [ -31719.017066270847863, -34005.705232474880177 ], [ -31720.486209368973505, -34023.495687410169921 ], [ -31719.07171710811599, -34073.157224786453298 ] ] ] ] } },
{ "type": "Feature", "properties": { "fid": 17, "OBJECTID": 21, "SITEName": "Kokubunji24", "SITENameJP": "国分寺市No.24", "JASID": 13214002400, "Age": "[縄文時代][奈良時代][平安時代]", "Note": null, "Publication": null, "notification": "20250819「遺跡地図GISの現在地」ハンズオンWS用サンプルデータ（国分寺市による正式な遺跡地図ではありません）" }, "geometry": { "type": "MultiPolygon", "coordinates": [ [ [ [ -31482.380558523418586, -34043.642787720222259 ], [ -31482.673260558731272, -34051.921001693110156 ], [ -31480.598078180213633, -34051.937888349013519 ], [ -31473.643590399064124, -34052.281602157301677 ], [ -31473.385013480841735, -34084.777860572314239 ], [ -31503.777036260460591, -34084.61954817338119 ], [ -31504.436407401812176, -34043.871695722184086 ], [ -31482.380558523418586, -34043.642787720222259 ] ] ] ] } },
{ "type": "Feature", "properties": { "fid": 18, "OBJECTID": 13, "SITEName": "Kokubunji25", "SITENameJP": "国分寺市No.25", "JASID": 13214002500, "Age": "[縄文時代][奈良時代][平安時代]", "Note": null, "Publication": null, "notification": "20250819「遺跡地図GISの現在地」ハンズオンWS用サンプルデータ（国分寺市による正式な遺跡地図ではありません）" }, "geometry": { "type": "MultiPolygon", "coordinates": [ [ [ [ -31464.802312351035653, -33615.17765988343308 ], [ -31460.593454771777033, -33638.875725450219761 ], [ -31532.19474274672757, -33649.355611792154377 ], [ -31542.928174725966528, -33650.335988256396377 ], [ -31543.401459915599844, -33628.649384745585849 ], [ -31542.809853428563656, -33623.696793296890974 ], [ -31544.195902912502788, -33601.249552874163783 ], [ -31491.289379928188282, -33596.516700977794244 ], [ -31468.470272570742964, -33594.758784559133346 ], [ -31464.802312351035653, -33615.17765988343308 ] ] ] ] } },
{ "type": "Feature", "properties": { "fid": 19, "OBJECTID": 13, "SITEName": "Kokubunji26", "SITENameJP": "国分寺市No.26", "JASID": 13214002600, "Age": "[縄文時代][奈良時代][平安時代]", "Note": null, "Publication": null, "notification": "20250819「遺跡地図GISの現在地」ハンズオンWS用サンプルデータ（国分寺市による正式な遺跡地図ではありません）" }, "geometry": { "type": "MultiPolygon", "coordinates": [ [ [ [ -31653.163944231760979, -33680.688699926438858 ], [ -31655.394900745755876, -33680.405403861164814 ], [ -31656.68743904353687, -33679.945047755107225 ], [ -31657.66126926789002, -33679.183689579702332 ], [ -31659.095455598311673, -33677.572443208489858 ], [ -31660.387993896085391, -33674.615540527265694 ], [ -31660.653583957275259, -33672.844940119342937 ], [ -31661.981534263217327, -33659.848733125196304 ], [ -31663.946900716011442, -33641.115780809370335 ], [ -31665.18632100144896, -33625.95944131763099 ], [ -31662.742892438520357, -33625.410555191170715 ], [ -31618.902826338442537, -33621.993296403888962 ], [ -31615.184565481813479, -33625.375143183009641 ], [ -31612.032896755717957, -33634.670795324585924 ], [ -31609.182230098966102, -33661.513097508643114 ], [ -31608.810404013300285, -33665.417271408106899 ], [ -31608.810404013300285, -33666.430940141646715 ], [ -31608.960905047973938, -33667.719051938402117 ], [ -31609.288466123438411, -33667.842993966958602 ], [ -31610.235737341674394, -33667.856273470024462 ], [ -31609.465526164229232, -33677.873445277844439 ], [ -31653.163944231760979, -33680.688699926438858 ] ] ] ] } },
{ "type": "Feature", "properties": { "fid": 20, "OBJECTID": 25, "SITEName": "Kokubunji27", "SITENameJP": "国分寺市No.27", "JASID": 13214002700, "Age": "[縄文時代（中期）]", "Note": null, "Publication": null, "notification": "20250819「遺跡地図GISの現在地」ハンズオンWS用サンプルデータ（国分寺市による正式な遺跡地図ではありません）" }, "geometry": { "type": "MultiPolygon", "coordinates": [ [ [ [ -31677.927173499781929, -33579.343089657078963 ], [ -31676.708184745915787, -33620.138579953425506 ], [ -31677.228286614230456, -33621.82891102546273 ], [ -31678.528541285031679, -33623.259191163342621 ], [ -31680.673961491851514, -33624.1368630661309 ], [ -31682.689356231592683, -33624.331901266756176 ], [ -31687.207741212620022, -33624.721977667984902 ], [ -31689.80825055421883, -33625.56714320401079 ], [ -31692.116202594887, -33626.834891508035071 ], [ -31694.326635535242531, -33628.899045797938015 ], [ -31695.561877472500782, -33630.865680987524684 ], [ -31696.342030274980061, -33632.767303443579294 ], [ -31696.504562108828395, -33634.815204550090129 ], [ -31696.732106676223339, -33638.423411261559522 ], [ -31696.715853492838505, -33643.75445541182853 ], [ -31696.862132143302006, -33645.233495099862921 ], [ -31699.430135118131147, -33648.191574475931702 ], [ -31701.152972556941677, -33649.03674001195759 ], [ -31701.981884909571818, -33649.166765479036258 ], [ -31703.542190514530375, -33649.361803679654258 ], [ -31719.177752930900169, -33651.377198419388151 ], [ -31722.233351407277951, -33652.596187173257931 ], [ -31728.572092927428457, -33656.383178901967767 ], [ -31734.813315347266325, -33658.934928693415713 ], [ -31738.746585726432386, -33659.325005094651715 ], [ -31743.134945240381057, -33659.487536928500049 ], [ -31745.995505516140838, -33659.097460527264047 ], [ -31752.171715202435735, -33658.089763157389825 ], [ -31754.544679976646876, -33658.154775890929159 ], [ -31768.717455888363475, -33659.032447793724714 ], [ -31776.909060314406815, -33659.259992361112381 ], [ -31781.524964395746792, -33658.154775890936435 ], [ -31788.513833251290635, -33656.318166168428434 ], [ -31795.518955290222948, -33655.424241082240769 ], [ -31798.160097590291116, -33654.879759438845213 ], [ -31799.878871733260894, -33655.180443331475544 ], [ -31805.762524118628789, -33655.919963175503653 ], [ -31809.85832633165046, -33656.180014109668264 ], [ -31837.911320854163932, -33667.654761579520709 ], [ -31838.756486390182545, -33667.882306146915653 ], [ -31839.439120092352823, -33667.996078430609487 ], [ -31840.024234694214101, -33667.817293413369043 ], [ -31840.869400230229076, -33667.427217012133042 ], [ -31841.909603966869327, -33666.354506908719486 ], [ -31852.896755935133115, -33644.851545290352078 ], [ -31853.676908737619669, -33641.990985014592297 ], [ -31854.001972405319975, -33639.325462939450517 ], [ -31854.327036073016643, -33636.757459964625014 ], [ -31853.351845069915726, -33633.961912422404566 ], [ -31852.864249568367086, -33632.564138651294343 ], [ -31826.176522450197808, -33615.270751529642439 ], [ -31814.084154011761711, -33607.5667426051441 ], [ -31807.030272422667622, -33603.243395824742038 ], [ -31799.17998484770942, -33599.196353161889419 ], [ -31795.588031319624861, -33597.619794373546029 ], [ -31793.028154936488136, -33596.498324719985249 ], [ -31791.410963189675385, -33595.710045325809915 ], [ -31789.631239609017939, -33594.669841589173302 ], [ -31787.307034384964936, -33594.182246087621024 ], [ -31786.169311548012047, -33593.727156952838413 ], [ -31783.073080113172182, -33593.68652399435814 ], [ -31780.212519837419677, -33593.036396658950252 ], [ -31777.95332734690237, -33593.036396658950252 ], [ -31775.629122122849367, -33591.849914271842863 ], [ -31772.378485445846309, -33590.533406417656806 ], [ -31769.550431536863471, -33588.274213927150413 ], [ -31763.991842819195881, -33584.55223493197991 ], [ -31760.562421124963294, -33582.09800424084824 ], [ -31758.482013651682792, -33580.326407251879573 ], [ -31755.389845512658212, -33578.44916457090585 ], [ -31750.611409597469901, -33575.556097928369127 ], [ -31748.400976657110732, -33574.597160108656681 ], [ -31747.133228353079176, -33574.450881458185904 ], [ -31744.256414893938199, -33573.979539140025736 ], [ -31737.348811955318524, -33572.25670170122612 ], [ -31730.197411265929986, -33571.801612566443509 ], [ -31715.244482551734109, -33571.866625299982843 ], [ -31707.31292905985174, -33572.451739901844121 ], [ -31702.436974044354429, -33572.971841770166066 ], [ -31696.455802558677533, -33573.947032773263345 ], [ -31687.419032596619218, -33575.962427512997237 ], [ -31682.283026646960934, -33577.327694917337794 ], [ -31677.927173499781929, -33579.343089657078963 ] ] ] ] } },
{ "type": "Feature", "properties": { "fid": 21, "OBJECTID": 43, "SITEName": "Honcho", "SITENameJP": "本町（国分寺村石器時代）", "JASID": 13214002800, "Age": "[旧石器時代][縄文時代（中期）][奈良時代][平安時代]", "Note": null, "Publication": "[https://sitereports.nabunken.go.jp/47868] [https://sitereports.nabunken.go.jp/72349] [https://sitereports.nabunken.go.jp/91587]", "notification": "20250819「遺跡地図GISの現在地」ハンズオンWS用サンプルデータ（国分寺市による正式な遺跡地図ではありません）" }, "geometry": { "type": "MultiPolygon", "coordinates": [ [ [ [ -31684.286173252679873, -33181.912490163216717 ], [ -31717.224040823635733, -33180.868350269032817 ], [ -31730.465633118008554, -33178.305461437877966 ], [ -31763.593344306085783, -33178.020696012186818 ], [ -31764.347152744670893, -33175.677370987599716 ], [ -31764.542562391707179, -33173.179683775531885 ], [ -31764.649349426352273, -33154.729257236322155 ], [ -31764.257796966008755, -33147.076186421028979 ], [ -31758.531403031200171, -33134.722679667982447 ], [ -31752.039844886130595, -33123.167706169762823 ], [ -31746.175192434977362, -33108.870158474885102 ], [ -31741.004196039513772, -33096.227739867732453 ], [ -31739.770799991951208, -33094.020610098406905 ], [ -31739.381306503244559, -33092.527551725041121 ], [ -31733.740435513387638, -33069.169112043899077 ], [ -31730.987703065093228, -33060.673610177611408 ], [ -31728.590927398909116, -33053.404181671940023 ], [ -31710.579514224285958, -33056.858939996003755 ], [ -31656.064733044622699, -33070.456489072508703 ], [ -31640.883176287748938, -33080.280896258649591 ], [ -31629.848516042431584, -33087.755988682896714 ], [ -31621.376744628279994, -33095.942994671357155 ], [ -31614.256523257059598, -33104.553163188771578 ], [ -31612.089965726143419, -33107.76648447059415 ], [ -31602.724609245877218, -33128.335061843092262 ], [ -31602.012695681663899, -33135.24062341597164 ], [ -31597.883597009218647, -33180.767495847467217 ], [ -31596.886918019317818, -33192.834430760878604 ], [ -31591.796736035190406, -33245.587225869130634 ], [ -31594.573198935653636, -33251.051162474461307 ], [ -31602.439843820215174, -33258.170298116601771 ], [ -31645.297040385888977, -33262.6909492493578 ], [ -31691.733269718450174, -33266.696056757216866 ], [ -31672.128764120345295, -33203.598111587147287 ], [ -31684.286173252679873, -33181.912490163216717 ] ] ] ] } },
{ "type": "Feature", "properties": { "fid": 22, "OBJECTID": 47, "SITEName": "Kokubunji29", "SITENameJP": "国分寺市No.29", "JASID": 13214002900, "Age": "[旧石器時代][縄文時代][奈良時代][平安時代]", "Note": null, "Publication": null, "notification": "20250819「遺跡地図GISの現在地」ハンズオンWS用サンプルデータ（国分寺市による正式な遺跡地図ではありません）" }, "geometry": { "type": "MultiPolygon", "coordinates": [ [ [ [ -31377.955947169462888, -33305.608392702466517 ], [ -31392.980400030792225, -33295.753011005806911 ], [ -31415.929192057992623, -33280.104501716858067 ], [ -31440.950322410910303, -33262.713344290386885 ], [ -31451.052971748704294, -33257.061512493033661 ], [ -31464.122832780110912, -33250.679652421844366 ], [ -31478.393708068455453, -33244.509736043059092 ], [ -31492.146498775371583, -33239.046298638939334 ], [ -31512.699149613399641, -33231.608644989246386 ], [ -31534.12901184511793, -33224.59095384083048 ], [ -31550.252432000412227, -33222.769808039462077 ], [ -31562.937654478970217, -33217.117976242079749 ], [ -31581.698596139689471, -33208.530331816618855 ], [ -31582.876061097482307, -33191.13524950692954 ], [ -31584.665807833320287, -33169.061706431617495 ], [ -31586.549751765778637, -33143.502867081260774 ], [ -31588.433695698240626, -33123.101324246017612 ], [ -31589.375667664469802, -33120.479502273345133 ], [ -31590.066447106368287, -33118.462112312336103 ], [ -31591.396751535423391, -33114.659665383267566 ], [ -31593.112156463837891, -33110.416101767485088 ], [ -31596.832945730446227, -33102.81752790655446 ], [ -31595.467086379409011, -33103.775199405557942 ], [ -31593.991330298980756, -33104.544476511306129 ], [ -31591.306710195232881, -33105.16460805573297 ], [ -31588.857583083037753, -33105.070410859108961 ], [ -31586.486953634695965, -33104.426730015533394 ], [ -31584.477413440075907, -33103.641753377007262 ], [ -31582.734765302549931, -33102.731180476315785 ], [ -31565.402481123910547, -33082.902670587158354 ], [ -31560.621973395303939, -33081.112923851324013 ], [ -31556.759888333763229, -33079.794163098602439 ], [ -31553.274592058711278, -33078.969937628156913 ], [ -31548.564732227565401, -33078.169261456860113 ], [ -31544.796844362648699, -33077.863120567846636 ], [ -31541.146702993512008, -33078.192810756023391 ], [ -31538.579829385522316, -33078.593148841668153 ], [ -31536.207237495589652, -33079.32906444028049 ], [ -31534.287969614408212, -33080.047318064542196 ], [ -31532.73371587013753, -33080.983402705976914 ], [ -31530.826222638526815, -33082.419909954478499 ], [ -31529.625208381588891, -33083.668022809724789 ], [ -31528.895180107760098, -33084.562896177645598 ], [ -31528.165151833934942, -33085.740361135423882 ], [ -31528.800982911143365, -33122.124028330959845 ], [ -31511.680642424962571, -33128.670733496226603 ], [ -31511.82193821990586, -33188.980488633947971 ], [ -31369.67836851622269, -33182.080543981319352 ], [ -31370.66743908076387, -33237.656889988735202 ], [ -31375.895383493323607, -33237.751087185359211 ], [ -31377.955947169462888, -33305.608392702466517 ] ] ] ] } },
{ "type": "Feature", "properties": { "fid": 23, "OBJECTID": 53, "SITEName": "Koigakubominami", "SITENameJP": "恋ヶ窪南", "JASID": 13214000300, "Age": "[旧石器時代][縄文時代（早期・中期）]", "Note": null, "Publication": "[https://sitereports.nabunken.go.jp/48199],[https://sitereports.nabunken.go.jp/48233]", "notification": "20250819「遺跡地図GISの現在地」ハンズオンWS用サンプルデータ（国分寺市による正式な遺跡地図ではありません）" }, "geometry": { "type": "MultiPolygon", "coordinates": [ [ [ [ -32598.818119852876407, -33230.321356728993123 ], [ -32671.843755341633369, -33233.101371748176462 ], [ -32676.172875115480565, -33228.7220107390458 ], [ -32683.776048722149426, -33221.001607583362784 ], [ -32687.259441035348573, -33217.434479878043931 ], [ -32690.391144701537996, -33212.873692185938125 ], [ -32693.774054544155661, -33208.011457082087873 ], [ -32697.994318308214133, -33201.837367501342669 ], [ -32700.2049326608103, -33198.635884341703786 ], [ -32701.109274895967246, -33197.349150482434197 ], [ -32701.569819552758418, -33196.341534596955171 ], [ -32702.222955611476209, -33193.896461146352522 ], [ -32702.499282405555277, -33190.831745793882874 ], [ -32702.532776562413346, -33188.6546255981375 ], [ -32702.376470497085393, -33187.010620732406096 ], [ -32702.214582072272606, -33185.949972431917558 ], [ -32702.002452412176353, -33184.861412334037595 ], [ -32701.706587359934929, -33184.051970209977299 ], [ -32701.293492758686625, -33183.075057301633933 ], [ -32700.947386471161735, -33182.48332719715836 ], [ -32700.545456588868547, -33181.858102935810166 ], [ -32699.90906760857979, -33181.333361145036179 ], [ -32699.853244013800577, -33179.460479540721281 ], [ -32699.669026151084836, -33178.32167820756149 ], [ -32699.216855033504544, -33177.149382717543631 ], [ -32698.714442680644424, -33176.245040482390323 ], [ -32695.499003622317105, -33170.885975385179336 ], [ -32693.556342524574575, -33167.050894424988655 ], [ -32692.216576250266371, -33164.086661543085938 ], [ -32689.352825838945137, -33160.268327661331568 ], [ -32686.38859295704242, -33156.784935348128784 ], [ -32680.443380114822503, -33150.555022172615281 ], [ -32675.285279958759929, -33145.631381114544638 ], [ -32670.663086312411906, -33141.72931184063782 ], [ -32667.045717371795035, -33138.781826037171413 ], [ -32663.327865960603958, -33136.135787645427627 ], [ -32660.062185666989535, -33134.075896998678218 ], [ -32657.801330079098989, -33133.004083979241841 ], [ -32654.786855961916444, -33131.915523881369154 ], [ -32652.492506217175105, -33131.228893665786018 ], [ -32644.973068002644141, -33129.219244254330988 ], [ -32639.295808415285137, -33127.829236744742957 ], [ -32635.57795700409406, -33127.075618215450959 ], [ -32629.314549671726127, -33125.802840254866169 ], [ -32624.173196594088949, -33124.965486333428998 ], [ -32619.634738339878822, -33124.546809372710413 ], [ -32616.955205791276967, -33124.463073980565241 ], [ -32613.907237517236354, -33124.714280157000758 ], [ -32607.744312655442627, -33125.534887000008894 ], [ -32598.901855245036131, -33127.142606529174373 ], [ -32591.064222540360788, -33128.633096509343886 ], [ -32584.867803521708993, -33129.939368626772193 ], [ -32576.711976326885633, -33131.764800175507844 ], [ -32569.326514739783306, -33133.606978802665253 ], [ -32566.563246799029002, -33134.360597331964527 ], [ -32563.766484701420268, -33135.214698331830732 ], [ -32560.165862839228794, -33136.504223370844556 ], [ -32556.297287722176407, -33138.011460429435829 ], [ -32552.780401252130105, -33139.702915350753756 ], [ -32547.672542331347358, -33142.533171605216921 ], [ -32544.507344508303504, -33144.526073938242916 ], [ -32539.081291097376379, -33148.344407820011838 ], [ -32536.837182587914867, -33149.935380270748283 ], [ -32534.006926333451702, -33152.062259231199278 ], [ -32531.126428843697795, -33154.256126505373686 ], [ -32522.669154237155453, -33160.687004622035602 ], [ -32514.195132552191353, -33167.268606444551551 ], [ -32506.826418043514423, -33173.197072208342433 ], [ -32496.660941437236033, -33181.704588050175516 ], [ -32491.033923085160495, -33186.661723265089677 ], [ -32488.036196046410623, -33189.391497048985912 ], [ -32486.646188536815316, -33190.915481186006218 ], [ -32482.543154321763723, -33195.889363479356689 ], [ -32473.382502421216486, -33207.377859281514247 ], [ -32462.580636834645702, -33220.942992808835697 ], [ -32455.802256840590417, -33229.203489243838703 ], [ -32452.98874766454901, -33232.653387400176143 ], [ -32452.469588233256218, -33233.193480679503409 ], [ -32449.890538155221293, -33235.441775958584913 ], [ -32449.166227013174648, -33236.153526791807963 ], [ -32448.199083233910642, -33237.175098575964512 ], [ -32447.449651474227721, -33238.025012806225277 ], [ -32446.217322467447957, -33239.634827910434979 ], [ -32445.331146052983968, -33240.955751531269925 ], [ -32444.426803817827022, -33242.462988589861197 ], [ -32442.629038441340526, -33245.718450736341765 ], [ -32441.911381636124133, -33247.114260302463663 ], [ -32441.359971017442149, -33248.577555944299093 ], [ -32440.811852402439399, -33250.332193913032825 ], [ -32440.364139900095324, -33252.28764410707663 ], [ -32439.385933210749499, -33257.518612097352161 ], [ -32438.649061759886536, -33267.868306566335377 ], [ -32438.51508513245426, -33278.050530251050077 ], [ -32438.850026701024035, -33288.651430896476086 ], [ -32442.936313837650232, -33300.508362424065126 ], [ -32473.549973205492279, -33304.343443384255806 ], [ -32485.808834615363594, -33313.68831314752606 ], [ -32504.867009867331944, -33324.975844008535205 ], [ -32515.149716022617213, -33326.114645341702271 ], [ -32534.408856215733977, -33324.607408283110999 ], [ -32548.007483899917133, -33323.468606949958485 ], [ -32562.175512250680185, -33318.143036009598291 ], [ -32587.4636006781584, -33313.956266402397887 ], [ -32594.932797657402261, -33290.711321543232771 ], [ -32596.540517186560464, -33264.284431782594766 ], [ -32598.818119852876407, -33230.321356728993123 ] ] ] ] } },
{ "type": "Feature", "properties": { "fid": 24, "OBJECTID": 31, "SITEName": "Kokubunji30", "SITENameJP": "国分寺市No.30", "JASID": 13214003000, "Age": "[縄文時代][奈良時代][平安時代]", "Note": null, "Publication": null, "notification": "20250819「遺跡地図GISの現在地」ハンズオンWS用サンプルデータ（国分寺市による正式な遺跡地図ではありません）" }, "geometry": { "type": "MultiPolygon", "coordinates": [ [ [ [ -31757.614143956292537, -32726.122660440807522 ], [ -31788.430449441166274, -32807.651553690317087 ], [ -31803.936882392459665, -32847.77171894597268 ], [ -31773.011376675516658, -32860.810226652902202 ], [ -31772.399855376028427, -32861.749348648540035 ], [ -31737.240980928949284, -32876.988403711540741 ], [ -31729.549684319110384, -32880.499028491751233 ], [ -31727.584080142187304, -32881.678390997898532 ], [ -31726.535757914494752, -32882.81407341123122 ], [ -31726.164477125519625, -32884.168156288666069 ], [ -31726.513917868083809, -32887.29128292533278 ], [ -31730.314085943464306, -32899.478028822260967 ], [ -31733.579172881796694, -32901.170632419059984 ], [ -31736.931620005772857, -32902.666675598156871 ], [ -31740.491547570651164, -32904.020758475606272 ], [ -31743.985954996289365, -32905.04724065688788 ], [ -31747.174601772188907, -32905.505881631499506 ], [ -31749.511486738083477, -32905.593241817150556 ], [ -31754.753097876546235, -32904.719639960734639 ], [ -31759.776308550906833, -32903.496597361758177 ], [ -31765.629440988861461, -32901.585593300871551 ], [ -31768.490487068600487, -32900.482670957149821 ], [ -31772.268815097577317, -32898.713627197917958 ], [ -31775.326421595014835, -32896.835383206635015 ], [ -31789.216691111938417, -32887.051042414837866 ], [ -31793.999661275789549, -32883.425594710730365 ], [ -31797.952709676046652, -32881.591030812283861 ], [ -31801.447117101688491, -32879.647266681771725 ], [ -31813.349942395281687, -32872.855012248175626 ], [ -31828.17933390784674, -32863.46379229176091 ], [ -31830.450698734515754, -32860.318825608679617 ], [ -31833.027824210927065, -32853.788651732014841 ], [ -31835.146308712723112, -32846.777996834316582 ], [ -31837.373993446570239, -32834.307330334064318 ], [ -31832.591023282715469, -32817.774415201485681 ], [ -31830.21045822400265, -32805.150868376360449 ], [ -31800.857435848614841, -32713.444513499653112 ], [ -31799.481512924765411, -32711.631789647599362 ], [ -31798.32399046502178, -32710.834627953627205 ], [ -31796.740587100284756, -32710.36506695580465 ], [ -31795.22270387476965, -32709.76446567952371 ], [ -31793.377219953101303, -32710.124826445295184 ], [ -31791.8265766579716, -32710.168506538113434 ], [ -31788.63792988206842, -32711.315108974653413 ], [ -31775.806902616041043, -32716.906160855680355 ], [ -31766.612243077321182, -32720.793689116708265 ], [ -31765.389200478344719, -32721.973051622859202 ], [ -31759.295827529884264, -32724.331776635164715 ], [ -31757.614143956292537, -32726.122660440807522 ] ] ] ] } },
{ "type": "Feature", "properties": { "fid": 25, "OBJECTID": 13, "SITEName": "Nagayato", "SITENameJP": "長谷戸", "JASID": 13214003200, "Age": "[縄文時代（早期・中期〜後期）]", "Note": null, "Publication": null, "notification": "20250819「遺跡地図GISの現在地」ハンズオンWS用サンプルデータ（国分寺市による正式な遺跡地図ではありません）" }, "geometry": { "type": "MultiPolygon", "coordinates": [ [ [ [ -31168.876791196445993, -33514.658473234194389 ], [ -31167.489291491758195, -33516.462222850306716 ], [ -31167.16554156066195, -33518.034722515636531 ], [ -31167.258041540975682, -33521.488055113994051 ], [ -31167.67429145238566, -33523.122221432851802 ], [ -31168.984707840147166, -33527.300137210331741 ], [ -31169.786374336199515, -33529.150136816591839 ], [ -31172.237623814486142, -33534.515135674766498 ], [ -31175.309228801976133, -33539.366803277429426 ], [ -31192.125119581818581, -33532.911802682654525 ], [ -31192.91136941447985, -33531.077219739774591 ], [ -31193.142619365266, -33529.365970103979635 ], [ -31193.173452692033607, -33528.117220369756978 ], [ -31192.942202741251094, -33526.513887377666833 ], [ -31192.726369453859661, -33525.527220920979744 ], [ -31187.74678718033465, -33514.581389917257184 ], [ -31187.106995649832243, -33513.509931811960996 ], [ -31186.104912529772264, -33512.862431949775782 ], [ -31185.241579380177427, -33512.369098721435876 ], [ -31182.659288263108465, -33511.937432146638457 ], [ -31170.988874080270762, -33514.180556669249199 ], [ -31168.876791196445993, -33514.658473234194389 ] ] ] ] } },
{ "type": "Feature", "properties": { "fid": 28, "OBJECTID": 13, "SITEName": "Kokubunji34", "SITENameJP": "国分寺市No.34", "JASID": 13214003400, "Age": "[縄文時代][奈良時代][平安時代]", "Note": null, "Publication": null, "notification": "20250819「遺跡地図GISの現在地」ハンズオンWS用サンプルデータ（国分寺市による正式な遺跡地図ではありません）" }, "geometry": { "type": "MultiPolygon", "coordinates": [ [ [ [ -33271.842105329655169, -33143.949832461221376 ], [ -33259.317499683391361, -33154.650125800464593 ], [ -33258.335177671913698, -33178.120605288844672 ], [ -33263.106456013352727, -33188.434986409301928 ], [ -33281.384662012518675, -33189.312059633826721 ], [ -33281.384662012525951, -33196.047981998206524 ], [ -33287.103179436446226, -33196.960138151713181 ], [ -33290.681638192523678, -33200.187767617979262 ], [ -33322.22119134656532, -33198.959865103635821 ], [ -33324.817328091172385, -33188.855981557069754 ], [ -33341.306304712306883, -33188.434986409294652 ], [ -33343.551612167102576, -33146.019725271115021 ], [ -33294.856506741278281, -33141.49402743254177 ], [ -33290.821969908451138, -33146.370554560919118 ], [ -33271.842105329655169, -33143.949832461221376 ] ] ] ] } },
{ "type": "Feature", "properties": { "fid": 29, "OBJECTID": 26, "SITEName": "Kokubunji35", "SITENameJP": "国分寺市No.35", "JASID": 13214003500, "Age": "[縄文時代（中期）]", "Note": null, "Publication": null, "notification": "20250819「遺跡地図GISの現在地」ハンズオンWS用サンプルデータ（国分寺市による正式な遺跡地図ではありません）" }, "geometry": { "type": "MultiPolygon", "coordinates": [ [ [ [ -33671.529356551029196, -33161.87675150729774 ], [ -33720.300527664185211, -33173.664792693765776 ], [ -33710.787469562434126, -33141.664294431342569 ], [ -33708.442701720450714, -33139.498175567801809 ], [ -33696.495551287516719, -33136.237831711332547 ], [ -33697.991736481926637, -33147.213578324051923 ], [ -33697.974988140202186, -33149.826319633684761 ], [ -33696.63512080192595, -33151.852868982823566 ], [ -33687.356539484389941, -33149.675584558135597 ], [ -33677.156799371783563, -33147.16333329887857 ], [ -33675.950918767332041, -33147.431306766527996 ], [ -33674.359826303130831, -33148.050995410485484 ], [ -33672.484012029555743, -33149.122889281105017 ], [ -33671.546104892768199, -33149.859816317155492 ], [ -33670.557952730800025, -33151.074071092465601 ], [ -33669.955012428574264, -33152.154339133958274 ], [ -33669.620045593997929, -33153.000130391243147 ], [ -33669.301827101160598, -33154.658216222356714 ], [ -33669.377194638938818, -33156.249308686557924 ], [ -33669.762406498688506, -33158.049755422362068 ], [ -33670.901293736220396, -33160.762986782363441 ], [ -33671.529356551029196, -33161.87675150729774 ] ] ] ] } },
{ "type": "Feature", "properties": { "fid": 30, "OBJECTID": 17, "SITEName": "Kokubunji36", "SITENameJP": "国分寺市No.36", "JASID": 13214003600, "Age": "[縄文時代]", "Note": null, "Publication": null, "notification": "20250819「遺跡地図GISの現在地」ハンズオンWS用サンプルデータ（国分寺市による正式な遺跡地図ではありません）" }, "geometry": { "type": "MultiPolygon", "coordinates": [ [ [ [ -33677.966616872465238, -32803.61948553386901 ], [ -33681.354895325668622, -32830.161000084110128 ], [ -33730.484932897430554, -32810.457092502518208 ], [ -33719.099096293350158, -32785.487617054430302 ], [ -33677.966616872465238, -32803.61948553386901 ] ] ] ] } },
{ "type": "Feature", "properties": { "fid": 31, "OBJECTID": 51, "SITEName": "Kokubunji37", "SITENameJP": "国分寺市No.37", "JASID": 13214003700, "Age": "[旧石器時代][縄文時代][奈良時代][平安時代]", "Note": null, "Publication": "[https://sitereports.nabunken.go.jp/48210] [https://sitereports.nabunken.go.jp/48247]", "notification": "20250819「遺跡地図GISの現在地」ハンズオンWS用サンプルデータ（国分寺市による正式な遺跡地図ではありません）" }, "geometry": { "type": "MultiPolygon", "coordinates": [ [ [ [ -33194.335405501296918, -32747.877314441950148 ], [ -33188.631864932103781, -32758.970439218719548 ], [ -33211.561759770236677, -32818.103328212775523 ], [ -33217.206741636153311, -32832.621223564048705 ], [ -33221.492630780281615, -32844.209591394981544 ], [ -33226.071161053718242, -32853.366651941840246 ], [ -33226.646747716666141, -32854.203868906144635 ], [ -33227.143845289210731, -32858.782399179581262 ], [ -33230.885158598342969, -32872.361011819062696 ], [ -33232.831801939028082, -32879.730312560983293 ], [ -33235.358009293326177, -32887.308934624030371 ], [ -33236.928818559295905, -32901.140344966363045 ], [ -33238.786393698814209, -32911.396252778853523 ], [ -33240.348048511834349, -32933.497985140056699 ], [ -33241.054970734418021, -32964.13474675850739 ], [ -33264.232663312723162, -32963.516189813715755 ], [ -33304.262134168449847, -32960.631323390531179 ], [ -33307.333532649638073, -32960.739727611391572 ], [ -33342.496645149600226, -32963.879291227458452 ], [ -33396.312763876776444, -32968.475041287056229 ], [ -33404.503026566933841, -32968.902593013175647 ], [ -33521.547154387946648, -32968.771324865650968 ], [ -33522.669913212106621, -32968.786918738209351 ], [ -33542.474131360417232, -32961.301859910483472 ], [ -33568.734212747651327, -32963.703316284372704 ], [ -33605.147304663871182, -32966.966528783232206 ], [ -33606.221882376434223, -32964.483009912248235 ], [ -33605.827543447361677, -32944.989583470742218 ], [ -33605.473376493668184, -32927.26043611694331 ], [ -33604.147897326263774, -32926.745838322538475 ], [ -33603.38379757093935, -32860.93969612888759 ], [ -33603.196671100246022, -32840.854788274504244 ], [ -33604.880809336478706, -32839.887968175920832 ], [ -33605.016489513182023, -32778.435733638376405 ], [ -33602.217045288867666, -32761.534416171813064 ], [ -33599.600742275470111, -32740.708644185204321 ], [ -33194.335405501296918, -32747.877314441950148 ] ] ] ] } },
{ "type": "Feature", "properties": { "fid": 32, "OBJECTID": 25, "SITEName": "Kokubunji38", "SITENameJP": "国分寺市No.38", "JASID": 13214003800, "Age": "[縄文時代][奈良時代][平安時代]", "Note": null, "Publication": null, "notification": "20250819「遺跡地図GISの現在地」ハンズオンWS用サンプルデータ（国分寺市による正式な遺跡地図ではありません）" }, "geometry": { "type": "MultiPolygon", "coordinates": [ [ [ [ -33030.119769710334367, -32632.027100947816507 ], [ -33040.051473731793521, -32684.624396756760689 ], [ -33042.233732916196459, -32686.893946308537124 ], [ -33104.035313018466695, -32680.492652700959297 ], [ -33096.179179954597203, -32622.803418795079779 ], [ -33030.119769710334367, -32632.027100947816507 ] ] ] ] } },
{ "type": "Feature", "properties": { "fid": 33, "OBJECTID": 10, "SITEName": "Kokuunji39", "SITENameJP": "国分寺市No.39", "JASID": 13214003900, "Age": "[縄文時代][奈良時代][平安時代]", "Note": null, "Publication": null, "notification": "20250819「遺跡地図GISの現在地」ハンズオンWS用サンプルデータ（国分寺市による正式な遺跡地図ではありません）" }, "geometry": { "type": "MultiPolygon", "coordinates": [ [ [ [ -33207.691770170909876, -33066.105767734341498 ], [ -33196.662271750974469, -33066.08333637699252 ], [ -33166.696221437479835, -33067.550347149146546 ], [ -33159.960084818594623, -33070.908321347749734 ], [ -33160.384037472926138, -33074.077872144443973 ], [ -33157.880697990185581, -33078.398151574328949 ], [ -33156.507898919015133, -33107.361520213293261 ], [ -33166.322365481260931, -33107.642659892379015 ], [ -33179.589765655000519, -33107.917817876135814 ], [ -33203.205498696464929, -33109.694381380009872 ], [ -33203.79768653109204, -33109.748216637708538 ], [ -33208.768475324774045, -33072.063536252404447 ], [ -33207.691770170909876, -33066.105767734341498 ] ] ] ] } },
{ "type": "Feature", "properties": { "fid": 34, "OBJECTID": 31, "SITEName": "Kokubunji40", "SITENameJP": "国分寺市No.40", "JASID": 13214004000, "Age": "[縄文時代][奈良時代][平安時代]", "Note": null, "Publication": null, "notification": "20250819「遺跡地図GISの現在地」ハンズオンWS用サンプルデータ（国分寺市による正式な遺跡地図ではありません）" }, "geometry": { "type": "MultiPolygon", "coordinates": [ [ [ [ -34126.055841139394033, -33349.543973233841825 ], [ -34122.180840071450802, -33349.528348229534458 ], [ -34095.460688779719931, -33378.182734542453545 ], [ -34094.836100741369592, -33379.084917264517571 ], [ -34094.732002734977868, -33379.697938857716508 ], [ -34094.712082501107943, -33380.442419249433442 ], [ -34094.852707539859693, -33381.122106936760247 ], [ -34095.227707643214671, -33382.083044701583276 ], [ -34097.008958134116256, -33384.403357841067191 ], [ -34098.040208418336988, -33386.512733422401652 ], [ -34098.508958547514339, -33388.012733835807012 ], [ -34098.790208625039668, -33391.17679720781598 ], [ -34098.579271066890215, -33393.825235437710944 ], [ -34097.688645821435784, -33397.528361458287691 ], [ -34096.329270446789451, -33400.76273734967981 ], [ -34095.333457883003575, -33402.7382976058434 ], [ -34092.868331992962339, -33406.903364042038447 ], [ -34111.274587065709056, -33422.028368210470944 ], [ -34112.180837315470853, -33421.778368141567626 ], [ -34125.555841001609224, -33433.684621422929922 ], [ -34137.430844274356787, -33444.403374377012369 ], [ -34145.024596367184131, -33451.590876357884554 ], [ -34166.337102240897366, -33470.434631551201164 ], [ -34165.30585195668391, -33471.90338195599179 ], [ -34185.878774293232709, -33489.153386710051564 ], [ -34211.805864772031782, -33459.403378510993207 ], [ -34223.712118053386803, -33444.497124402849295 ], [ -34223.837118087838462, -33442.778373929162626 ], [ -34223.316284610977164, -33441.195040159436758 ], [ -34128.626154347781267, -33351.122098668776744 ], [ -34126.055841139394033, -33349.543973233841825 ] ] ] ] } },
{ "type": "Feature", "properties": { "fid": 36, "OBJECTID": 16, "SITEName": "Kokuunji46", "SITENameJP": "国分寺市No.46", "JASID": 13214004600, "Age": "[奈良時代][平安時代]", "Note": null, "Publication": null, "notification": "20250819「遺跡地図GISの現在地」ハンズオンWS用サンプルデータ（国分寺市による正式な遺跡地図ではありません）" }, "geometry": { "type": "MultiPolygon", "coordinates": [ [ [ [ -35363.553207597637083, -32668.763292232331878 ], [ -35352.904313924889721, -32668.33088520700403 ], [ -35326.205460569362913, -32667.515214558014122 ], [ -35325.847474487956788, -32695.585944764308806 ], [ -35357.290713967493502, -32696.966308789531467 ], [ -35362.260024458242697, -32697.024429380053334 ], [ -35363.542497318681853, -32670.151783768455061 ], [ -35363.553207597637083, -32668.763292232331878 ] ] ] ] } },
{ "type": "Feature", "properties": { "fid": 37, "OBJECTID": 37, "SITEName": "Kokubunji47", "SITENameJP": "国分寺市No.47", "JASID": 13214004700, "Age": "[縄文時代（中期）][奈良時代][平安時代]", "Note": null, "Publication": null, "notification": "20250819「遺跡地図GISの現在地」ハンズオンWS用サンプルデータ（国分寺市による正式な遺跡地図ではありません）" }, "geometry": { "type": "MultiPolygon", "coordinates": [ [ [ [ -33924.377738683884672, -32820.79436427798646 ], [ -33863.566976132031414, -32911.272319715259073 ], [ -33862.988396042142995, -32912.529235082976811 ], [ -33862.529522177741455, -32913.945758751331596 ], [ -33862.090599350914999, -32915.42213553244801 ], [ -33862.090599350914999, -32919.172930597989762 ], [ -33861.990844162995927, -32921.187985393829877 ], [ -33860.953390208705969, -32924.479906594970089 ], [ -33859.486988946380734, -32928.300530292042822 ], [ -33893.194266942235117, -32959.144834394799545 ], [ -33922.641998414219415, -32980.253032157233974 ], [ -33924.817213185328001, -32977.472153679547773 ], [ -33938.79236333737208, -32988.173594077547023 ], [ -33956.748297161742812, -33001.301376806928602 ], [ -34028.02337892572541, -32908.718586904680706 ], [ -33962.264759053330636, -32851.917982906903489 ], [ -33942.992056748495088, -32835.15911133748159 ], [ -33928.288142050078022, -32820.834266353151179 ], [ -33924.377738683884672, -32820.79436427798646 ] ] ] ] } },
{ "type": "Feature", "properties": { "fid": 38, "OBJECTID": 31, "SITEName": "Kokubunji48", "SITENameJP": "国分寺市No.48", "JASID": 13214004800, "Age": "[縄文時代]", "Note": null, "Publication": null, "notification": "20250819「遺跡地図GISの現在地」ハンズオンWS用サンプルデータ（国分寺市による正式な遺跡地図ではありません）" }, "geometry": { "type": "MultiPolygon", "coordinates": [ [ [ [ -34366.124162410626013, -33160.69282713127177 ], [ -34400.370425898698159, -33194.939090619351191 ], [ -34430.668361170377466, -33225.374120620748727 ], [ -34440.319830143795116, -33217.340369458222995 ], [ -34448.216486576595344, -33208.730820430799213 ], [ -34460.390498577158723, -33194.486678011249751 ], [ -34460.390498577158723, -33191.717364470576285 ], [ -34432.615106332610594, -33164.627445874699333 ], [ -34421.263662710458448, -33153.56390118499985 ], [ -34408.212244439586357, -33140.265712400600023 ], [ -34396.510379562336311, -33128.519503925286699 ], [ -34372.211168410889513, -33103.963027966477966 ], [ -34350.659876896388596, -33122.224045967341226 ], [ -34377.03690289761289, -33149.231707725331944 ], [ -34366.124162410626013, -33160.69282713127177 ] ] ] ] } },
{ "type": "Feature", "properties": { "fid": 39, "OBJECTID": 31, "SITEName": "Kokubunji49", "SITENameJP": "国分寺市No.49", "JASID": 13214004900, "Age": "[奈良時代][平安時代]", "Note": null, "Publication": null, "notification": "20250819「遺跡地図GISの現在地」ハンズオンWS用サンプルデータ（国分寺市による正式な遺跡地図ではありません）" }, "geometry": { "type": "MultiPolygon", "coordinates": [ [ [ [ -34067.631967558751057, -33054.516975129910861 ], [ -34048.462177827619598, -33069.774677348279511 ], [ -34045.96091102319042, -33071.827603876452486 ], [ -34040.593059684564651, -33076.126295858404774 ], [ -34043.424248933784838, -33078.706087588630908 ], [ -34048.7661717074443, -33083.785495332122082 ], [ -34062.278137393601355, -33096.28574578955886 ], [ -34068.071165700093843, -33101.677627533077612 ], [ -34069.687550380316679, -33103.294012213293172 ], [ -34072.884924455785949, -33106.137433439085726 ], [ -34074.890657270654629, -33108.072375684023427 ], [ -34077.073366510368942, -33110.042713213930256 ], [ -34076.825599515599606, -33118.844340742733038 ], [ -34081.898923694396217, -33123.351340362038172 ], [ -34083.999043935858936, -33125.274484178647981 ], [ -34084.302853465160297, -33125.519301566353533 ], [ -34088.377242541660962, -33139.313388836177182 ], [ -34092.936353390345175, -33143.02816919732868 ], [ -34094.942086205213855, -33144.715344447482494 ], [ -34102.587467758370622, -33151.334262736570963 ], [ -34111.507079570379574, -33159.133023857924854 ], [ -34116.185156400373671, -33163.238876914234424 ], [ -34118.426857781698345, -33165.179718373336073 ], [ -34136.826495310167957, -33141.194119323394261 ], [ -34139.283529449283378, -33143.632838648882171 ], [ -34140.947107842788682, -33145.331812327363878 ], [ -34144.061892919999082, -33148.35810919215146 ], [ -34148.933169013769657, -33152.561299282140681 ], [ -34151.251560179189255, -33154.499191134163993 ], [ -34152.021407627253211, -33155.215945654759707 ], [ -34153.85753803497937, -33156.720245265911217 ], [ -34153.867548942173016, -33158.333298024284886 ], [ -34156.271613130171318, -33160.917258171917638 ], [ -34164.953959872516862, -33150.145571083070536 ], [ -34166.245887773860886, -33148.601451776332397 ], [ -34169.112905856287398, -33144.97343506708421 ], [ -34169.63025098212529, -33144.260527726430155 ], [ -34132.04298146799556, -33109.759550934271829 ], [ -34131.945644434330461, -33109.766187550201721 ], [ -34131.819548731633404, -33109.775036371444003 ], [ -34129.302059088258829, -33113.148649469978409 ], [ -34123.416069227409025, -33107.790710452616622 ], [ -34094.027611092387815, -33079.222686921428249 ], [ -34090.647747608119971, -33076.049976360380242 ], [ -34080.573573867892264, -33066.597261389841151 ], [ -34071.807734379646718, -33058.365658387810981 ], [ -34067.631967558751057, -33054.516975129910861 ] ] ] ] } },
{ "type": "Feature", "properties": { "fid": 40, "OBJECTID": 31, "SITEName": "Hanezawa", "SITENameJP": "羽根沢", "JASID": 13214000500, "Age": "[縄文時代（早期・中期）][奈良時代][平安時代]", "Note": null, "Publication": "[https://sitereports.nabunken.go.jp/48212] [https://sitereports.nabunken.go.jp/62564] [https://sitereports.nabunken.go.jp/86598] [https://sitereports.nabunken.go.jp/86600]", "notification": "20250819「遺跡地図GISの現在地」ハンズオンWS用サンプルデータ（国分寺市による正式な遺跡地図ではありません）" }, "geometry": { "type": "MultiPolygon", "coordinates": [ [ [ [ -32381.228913305483729, -32836.283499868681247 ], [ -32377.557131848327117, -32840.674752016770071 ], [ -32375.200245102179906, -32843.279732104616414 ], [ -32367.509351509488624, -32851.218719039010466 ], [ -32363.639095378970524, -32855.411496513734164 ], [ -32362.125725994603272, -32857.073721903121623 ], [ -32361.579920642863726, -32857.64433658902999 ], [ -32361.034115291124181, -32858.785565960846725 ], [ -32359.967313921817549, -32861.092834038652654 ], [ -32359.520745906756929, -32863.12719944059063 ], [ -32359.272652565057797, -32866.501268887710467 ], [ -32359.917695253476268, -32874.589111827117449 ], [ -32360.265025931857963, -32879.699834666134848 ], [ -32360.016932590155193, -32884.36398949008435 ], [ -32358.280279198257631, -32894.535816499774228 ], [ -32354.416225401258998, -32909.595082340951194 ], [ -32352.574132339144853, -32915.456287538603647 ], [ -32351.136741540667572, -32919.340498919584206 ], [ -32354.081299389970809, -32923.322397053867462 ], [ -32355.70010844456192, -32926.113447147989064 ], [ -32357.337524499776919, -32929.741812270352966 ], [ -32358.546979540566099, -32933.537640398353687 ], [ -32358.937726553740504, -32935.640231469253195 ], [ -32358.900512552485452, -32939.919841613576864 ], [ -32358.546979540555185, -32941.761934675691009 ], [ -32357.504987505417375, -32944.999552784873231 ], [ -32356.556030473420833, -32946.767217844484549 ], [ -32355.569859440165601, -32948.479061902209651 ], [ -32354.062692389336007, -32950.358368965578848 ], [ -32344.424266064303083, -32960.034009291863185 ], [ -32337.939726345623058, -32966.583673512745008 ], [ -32337.800173840914795, -32966.899992523416586 ], [ -32331.008618611889688, -32974.268364771894994 ], [ -32326.301047453129286, -32979.701608955125266 ], [ -32320.132826745124476, -32987.497942218033131 ], [ -32316.876601635314728, -32991.926408367377007 ], [ -32312.610946741468069, -32997.736444313311949 ], [ -32309.507751611225103, -33001.853229085791099 ], [ -32302.125901887888176, -33012.417367808397103 ], [ -32299.772116308511613, -33015.878269925109635 ], [ -32297.102011718470749, -33020.102059067554364 ], [ -32292.310709056899213, -33027.256450808810769 ], [ -32289.198688201944606, -33032.154743724000582 ], [ -32288.900976191904192, -33032.592008238752896 ], [ -32289.105653198810614, -33033.019969253175077 ], [ -32293.264317839049909, -33036.946046385572117 ], [ -32297.897687712465995, -33040.773799166323442 ], [ -32300.016472727449582, -33042.057207031968574 ], [ -32301.946749143349734, -33043.108207032084465 ], [ -32303.954039699518034, -33043.858547118659772 ], [ -32306.038023769790016, -33044.342329134968168 ], [ -32307.898723832535325, -33044.360936135599331 ], [ -32311.843407965552615, -33043.356158101720212 ], [ -32318.783819199597929, -33042.611878076611902 ], [ -32323.575121861165826, -33042.593271075988014 ], [ -32329.948019576058869, -33043.207302096700005 ], [ -32330.971404610569152, -33044.453971138733323 ], [ -32333.808972206254111, -33047.598554244767001 ], [ -32336.832609808221605, -33050.705923349545628 ], [ -32339.232912889161526, -33052.985280926412088 ], [ -32343.568344035356859, -33054.42732347502897 ], [ -32349.289996728301048, -33055.553047012988827 ], [ -32353.104431856925657, -33056.585735547807417 ], [ -32355.281450930338906, -33057.813797589224123 ], [ -32356.351353466416185, -33058.725540619969252 ], [ -32358.201072319890955, -33061.682759885807172 ], [ -32359.244325392646715, -33064.027496989925567 ], [ -32360.215273796995461, -33066.217295518879837 ], [ -32361.105442126732669, -33068.001130432770879 ], [ -32362.735607952959981, -33071.764096509672527 ], [ -32363.356889202652383, -33073.108752105006715 ], [ -32364.873359753786644, -33076.00214070257789 ], [ -32365.505997775122523, -33078.328015781014983 ], [ -32366.427044306179596, -33080.70971186132374 ], [ -32367.217841832847625, -33081.984291404303804 ], [ -32368.157495364528586, -33082.989069438182923 ], [ -32370.474066942646459, -33084.579967991834565 ], [ -32373.916362058727827, -33085.603353026344848 ], [ -32377.693583186101023, -33086.105742043284408 ], [ -32382.215084338575252, -33085.956886038256926 ], [ -32385.117776436458371, -33085.584746025713685 ], [ -32388.857783562580153, -33084.766037998102547 ], [ -32391.797689661721961, -33084.356683984296978 ], [ -32392.635004689956986, -33084.561360991203401 ], [ -32394.272420745171985, -33085.603353026337572 ], [ -32395.295805779682269, -33086.608131060223968 ], [ -32395.947050801642035, -33088.003656107284769 ], [ -32396.933221834900905, -33091.836698236540542 ], [ -32396.82157983113575, -33098.665467466817063 ], [ -32396.802972830508224, -33104.936026678267808 ], [ -32397.472824853095517, -33108.024788782422547 ], [ -32398.756707896391163, -33112.062507918584743 ], [ -32400.412730952237325, -33114.351168995766784 ], [ -32403.520100057023228, -33117.477145101183851 ], [ -32407.055430176249502, -33120.230981194050401 ], [ -32411.595538329347619, -33123.077852290065493 ], [ -32415.61465046487865, -33125.161836360341113 ], [ -32419.484906595389475, -33126.743431413669896 ], [ -32421.252571655000793, -33127.171392428106628 ], [ -32422.871380709588266, -33126.892287418690103 ], [ -32427.188204855159711, -33126.427112403005594 ], [ -32432.919161048423121, -33124.696661344656604 ], [ -32435.617176139407093, -33123.487206303871062 ], [ -32437.310413196504669, -33122.296358263709408 ], [ -32437.88723021595797, -33121.496257236729434 ], [ -32437.998872219715849, -33119.970483185257763 ], [ -32437.701160209682712, -33113.327783961271052 ], [ -32438.091907222860755, -33108.564391800638987 ], [ -32438.538475237917737, -33106.945582746047876 ], [ -32440.231712295018951, -33102.963684611771896 ], [ -32442.464552370311139, -33099.595817498207907 ], [ -32443.897291418626992, -33097.865366439844365 ], [ -32445.106746459412534, -33097.046658412240504 ], [ -32446.037096490781551, -33097.065265412871668 ], [ -32447.07908852591936, -33097.530440428556176 ], [ -32448.549041575490264, -33098.77710947059677 ], [ -32449.237500598705083, -33099.074821480637183 ], [ -32449.925959621923539, -33098.944572476240864 ], [ -32450.633025645765883, -33098.423576458677417 ], [ -32451.861087687178951, -33096.358199389025685 ], [ -32453.331040736753494, -33094.57192732879048 ], [ -32455.210347800126328, -33092.990332275454421 ], [ -32458.02000489486818, -33091.855305237157154 ], [ -32460.885482991496247, -33091.39013022146537 ], [ -32463.769568088755477, -33091.55759322711674 ], [ -32466.15126416907151, -33091.892519238412206 ], [ -32475.975760500368779, -33094.609141330023704 ], [ -32479.213378609551, -33095.018495343836548 ], [ -32488.237773913868295, -33093.585756295520696 ], [ -32489.800761966576829, -33093.604363296144584 ], [ -32491.252108015520207, -33094.237001317480463 ], [ -32492.684847063832422, -33095.465063358889893 ], [ -32495.159578147286084, -33097.344370422273641 ], [ -32500.071826312938356, -33101.51233856282488 ], [ -32504.835218473566783, -33104.638314668249222 ], [ -32509.431147628554754, -33107.764290773659013 ], [ -32512.166376720793778, -33109.066780817585823 ], [ -32517.599620904013136, -33110.797231875934813 ], [ -32520.539527003151306, -33111.336834894129424 ], [ -32522.865402081584762, -33111.504297899773519 ], [ -32525.54481017193757, -33111.578725902290898 ], [ -32530.103525325666851, -33111.039122884089011 ], [ -32533.713283447395952, -33109.736632840169477 ], [ -32536.802045551554329, -33108.117823785578366 ], [ -32539.351204637518094, -33106.3873727272221 ], [ -32541.751507718461653, -33104.247567655067542 ], [ -32543.314495771166548, -33102.628758600483707 ], [ -32546.031117862774408, -33099.316712488791381 ], [ -32548.05928093116745, -33098.014222444871848 ], [ -32550.645654018386267, -33096.786160403455142 ], [ -32553.753023123168532, -33095.986059376475168 ], [ -32556.953427231092064, -33095.613919363924651 ], [ -32565.214935509688075, -33095.837203371454962 ], [ -32569.903899667810037, -33096.618697397803771 ], [ -32578.537547958956566, -33078.830404797954543 ], [ -32583.461102128498169, -33035.880322502154741 ], [ -32584.90114217356313, -33023.344328926861635 ], [ -32592.585833432713116, -32993.014917904089089 ], [ -32601.51719373389642, -32956.619624676772219 ], [ -32602.894111780329695, -32951.037524488536292 ], [ -32608.141285957277432, -32929.974399778242514 ], [ -32613.500102137986687, -32918.847413403025712 ], [ -32618.263494298611477, -32908.836847065453185 ], [ -32624.180520498146507, -32896.816724660107866 ], [ -32629.092768663798779, -32886.657302317515132 ], [ -32639.17776300388141, -32865.929103618524096 ], [ -32646.657777256124973, -32854.281121225729294 ], [ -32655.737993562324846, -32840.735224768934131 ], [ -32668.651251997787767, -32820.714092093781801 ], [ -32685.91854858006991, -32793.733941183956631 ], [ -32703.892911186198035, -32777.396994633039867 ], [ -32715.094325563932216, -32767.572498301735322 ], [ -32720.750853754681884, -32762.697464137334464 ], [ -32727.002805965508742, -32757.636359966661985 ], [ -32733.366400180104392, -32752.686897799758299 ], [ -32739.190391376494517, -32748.946890673643793 ], [ -32741.322603760458151, -32747.892448557588068 ], [ -32744.698063562223979, -32746.230268582028657 ], [ -32749.461455722848768, -32744.481210523052141 ], [ -32755.006341909826006, -32742.787973465950927 ], [ -32760.997796111863863, -32741.745981430809479 ], [ -32765.612332267472084, -32741.243592413869919 ], [ -32769.284113725130737, -32740.938127486722806 ], [ -32772.21471632396424, -32740.379917467900668 ], [ -32773.16367335596442, -32739.905438951900578 ], [ -32773.693972873850726, -32739.337925432762859 ], [ -32773.963774382944393, -32738.66807341016829 ], [ -32773.963774382944393, -32737.68190237690942 ], [ -32773.777704376669135, -32736.593392840208253 ], [ -32772.531035334635817, -32733.727914743580186 ], [ -32769.888841245527146, -32729.690195607410715 ], [ -32764.660274069196021, -32722.582321367721306 ], [ -32758.603695364970918, -32714.432455092883174 ], [ -32754.007766209972033, -32708.813140903377644 ], [ -32743.066849841008661, -32695.434707452226576 ], [ -32741.020079771984456, -32693.071618372530793 ], [ -32735.82872659691202, -32687.061557169850857 ], [ -32726.339156276895665, -32676.362531809052598 ], [ -32723.045717165834503, -32672.827201689833601 ], [ -32720.664021085514833, -32670.389684607627714 ], [ -32718.933570027154929, -32669.198836567473336 ], [ -32712.383905806280382, -32666.463607475234312 ], [ -32706.094739594194834, -32664.361016404327529 ], [ -32693.535014170647628, -32660.825686285108532 ], [ -32677.607421633529157, -32656.992644155849121 ], [ -32641.881980428759562, -32649.345166897961462 ], [ -32612.520133438600169, -32643.521175701560423 ], [ -32573.445432120890473, -32636.859869476920721 ], [ -32556.978236565566476, -32635.296881424212188 ], [ -32539.673725982000178, -32633.77110737275143 ], [ -32525.532405505120551, -32632.617473333852104 ], [ -32502.683008734573377, -32630.756773271099519 ], [ -32473.656087755713088, -32628.523933195800055 ], [ -32450.843904986417328, -32627.016766144977737 ], [ -32432.86954238027829, -32626.216665117990487 ], [ -32408.159445546978532, -32625.416564091006876 ], [ -32401.312069316067209, -32625.565420096027083 ], [ -32396.139323141629575, -32626.495770127407013 ], [ -32391.785284994803078, -32644.172420723509276 ], [ -32377.643964517934364, -32698.095508541940944 ], [ -32373.699280384898884, -32713.799817071540019 ], [ -32372.471218343489454, -32732.816171712824143 ], [ -32372.508432344744506, -32756.149350499686989 ], [ -32373.066642363570281, -32766.680912854841154 ], [ -32374.108634398704453, -32774.198141108339769 ], [ -32375.708836452668038, -32780.822233331717143 ], [ -32378.351030541769433, -32788.748815599014051 ], [ -32380.732726622085465, -32801.848144040763145 ], [ -32382.221286672283895, -32816.584888537719962 ], [ -32383.015185365729849, -32822.687984743541165 ], [ -32383.858702727509808, -32825.367392833897611 ], [ -32384.181224071715405, -32827.476186238338414 ], [ -32384.131605403374124, -32830.40368767039763 ], [ -32383.16404137074278, -32833.107905094926537 ], [ -32381.228913305483729, -32836.283499868681247 ] ] ] ] } },
{ "type": "Feature", "properties": { "fid": 41, "OBJECTID": 13, "SITEName": "Naitoushindenyokoanabo", "SITENameJP": "内藤新田横穴墓", "JASID": 13214005000, "Age": "[奈良時代]", "Note": null, "Publication": null, "notification": "20250819「遺跡地図GISの現在地」ハンズオンWS用サンプルデータ（国分寺市による正式な遺跡地図ではありません）" }, "geometry": { "type": "MultiPolygon", "coordinates": [ [ [ [ -33932.862240116504836, -33976.869529880124901 ], [ -33932.850704167976801, -33978.853713027230697 ], [ -33932.935301123870886, -33979.315150968403032 ], [ -33933.089113770925906, -33980.038070409602369 ], [ -33933.289070212107617, -33980.89942123315268 ], [ -33933.488065324250783, -33981.573312893080583 ], [ -33933.725994262676977, -33982.131364403197949 ], [ -33934.089376641364652, -33982.771609546594846 ], [ -33934.377294690078998, -33983.25275473320653 ], [ -33934.627240241556137, -33983.629595718513883 ], [ -33934.769516940083122, -33983.829552159695595 ], [ -33934.93871085185674, -33984.075652394989447 ], [ -33935.361695631276234, -33984.594770078823785 ], [ -33935.623177131281409, -33984.837024997948902 ], [ -33936.011554065124074, -33985.244628512664349 ], [ -33936.680639079844696, -33985.759900880322675 ], [ -33937.042098800440726, -33986.040608961207909 ], [ -33937.51699534823274, -33986.334775648683717 ], [ -33938.35623560375825, -33986.738533847215876 ], [ -33939.114724219580239, -33987.061540406044514 ], [ -33939.945312513722456, -33987.272071466737543 ], [ -33940.902796241687611, -33987.445110694679897 ], [ -33942.737012057914399, -33987.531630308643798 ], [ -33943.861767039554252, -33987.306679312314373 ], [ -33945.067273660904902, -33986.966368830690044 ], [ -33945.817110315329046, -33986.585682529221231 ], [ -33946.503499252845359, -33986.239604073329247 ], [ -33947.437911083747167, -33985.57628703287628 ], [ -33948.193515712438966, -33984.999489606394491 ], [ -33949.035639955101942, -33984.082381698281097 ], [ -33949.595133458795317, -33983.286401249730261 ], [ -33950.333434164698701, -33981.953999194563949 ], [ -33950.794872105878312, -33980.754260547466401 ], [ -33951.048662973531464, -33979.617969617291237 ], [ -33951.187094355889712, -33978.74123752903688 ], [ -33951.215934227213438, -33978.187511999618437 ], [ -33951.158254484565987, -33976.907021712824644 ], [ -33951.031359050728497, -33975.828410525311483 ], [ -33950.794872105871036, -33974.75556731204415 ], [ -33950.558385161013575, -33974.259521525265882 ], [ -33950.15462696247414, -33973.238590080392896 ], [ -33949.768172686723119, -33972.604112911270931 ], [ -33949.093319697742118, -33971.612021337721671 ], [ -33948.626113782294851, -33971.121743525211059 ], [ -33947.691701951378491, -33970.193099668562354 ], [ -33947.172584267544153, -33969.835485264142335 ], [ -33946.70537835208961, -33969.535550602369767 ], [ -33945.961309671925846, -33969.114488481041917 ], [ -33945.528711602062685, -33968.924145330296597 ], [ -33944.888466458673065, -33968.687658385439136 ], [ -33944.069414113066159, -33968.468475363377365 ], [ -33942.933123182890995, -33968.272364238371665 ], [ -33941.912191738018009, -33968.266596264111286 ], [ -33940.620165502696182, -33968.376187775145809 ], [ -33939.691521646054753, -33968.601138771475235 ], [ -33939.207011807811796, -33968.756874076621898 ], [ -33938.757109815152944, -33968.935681278831908 ], [ -33938.105328723228013, -33969.258687837660545 ], [ -33937.367028017331904, -33969.662446036199981 ], [ -33936.697943002611282, -33970.123883977386868 ], [ -33936.461456057753821, -33970.325763076660223 ], [ -33936.158637408865616, -33970.542062111664563 ], [ -33935.740459274667955, -33970.951588284464378 ], [ -33935.302093230544415, -33971.401490277115954 ], [ -33934.782975546688249, -33972.073459278901282 ], [ -33934.454201013599231, -33972.506057348764443 ], [ -33934.211946094474115, -33972.967495289958606 ], [ -33933.912011432701547, -33973.440469179673528 ], [ -33933.704364359196916, -33973.907675095171726 ], [ -33933.518347189150518, -33974.413814836909296 ], [ -33933.312142109170964, -33975.043966025303234 ], [ -33933.058351241517812, -33976.06489747017622 ], [ -33932.862240116504836, -33976.869529880124901 ] ] ] ] } },
{ "type": "Feature", "properties": { "fid": 42, "OBJECTID": 50, "SITEName": "Kokubunji52", "SITENameJP": "国分寺市No.52", "JASID": 13214005200, "Age": "[旧石器時代]", "Note": null, "Publication": null, "notification": "20250819「遺跡地図GISの現在地」ハンズオンWS用サンプルデータ（国分寺市による正式な遺跡地図ではありません）" }, "geometry": { "type": "MultiPolygon", "coordinates": [ [ [ [ -33558.611607535305666, -32648.889591449344152 ], [ -33556.508317994150275, -32646.179527671636606 ], [ -33554.297092651315324, -32643.647412107551645 ], [ -33550.48530578064674, -32639.351372721168445 ], [ -33545.833369967025646, -32630.887650036860578 ], [ -33541.072525957111793, -32622.050527822353615 ], [ -33536.576173281071533, -32613.960204668233928 ], [ -33533.285589921266364, -32607.394596262383857 ], [ -33532.367649409548903, -32605.51204029767905 ], [ -33527.630142870271811, -32596.285960239230917 ], [ -33524.409571922384202, -32589.891493284725584 ], [ -33519.858765148193925, -32580.81321720698179 ], [ -33519.041953675892728, -32579.337122189197544 ], [ -33518.417676336357545, -32578.368617157764675 ], [ -33516.766550288797589, -32576.443275830217317 ], [ -33515.663854801205161, -32575.678973666861566 ], [ -33513.943688736435433, -32574.27969782344735 ], [ -33511.353229495747655, -32573.789610940075363 ], [ -33507.712584076405619, -32572.529387525693892 ], [ -33501.901553887837508, -32570.475690109651623 ], [ -33498.669314204642433, -32569.588866225447418 ], [ -33491.037961306406942, -32567.873562133641826 ], [ -33483.826682879633154, -32566.269111027362669 ], [ -33482.298078552921652, -32566.601669983934698 ], [ -33471.271123677033756, -32566.502485733730282 ], [ -33469.765856820959016, -32566.870050896261091 ], [ -33463.196358836692525, -32567.535168809412426 ], [ -33457.980434149365465, -32567.861893398327084 ], [ -33451.422604900428269, -32569.127951180369564 ], [ -33440.337306347937556, -32571.345010890865524 ], [ -33415.430390810812241, -32579.466450672473002 ], [ -33412.851600305439206, -32579.869022040958953 ], [ -33400.138513176032575, -32582.164845714854891 ], [ -33381.12576756659837, -32582.41864070803058 ], [ -33377.051920348552812, -32583.460075335195143 ], [ -33376.001734169891279, -32583.442572232215753 ], [ -33361.760772009722132, -32586.247444484393782 ], [ -33359.37159845327551, -32587.245121354117146 ], [ -33350.274360680647078, -32594.353569050908845 ], [ -33347.584899513727578, -32597.034825638242182 ], [ -33344.058571235720592, -32601.934600528104056 ], [ -33342.942748420900898, -32604.606011620056961 ], [ -33341.761288969908492, -32609.148066842753906 ], [ -33340.238519010861637, -32614.097069209678011 ], [ -33341.643143024819437, -32625.767263120014832 ], [ -33342.627692567308259, -32634.5888270207397 ], [ -33342.785220494108216, -32635.179556746235903 ], [ -33346.09987062048458, -32642.872170504906535 ], [ -33349.690194618771784, -32646.823496002114553 ], [ -33351.52802043142583, -32648.831977068788547 ], [ -33355.942084213587805, -32653.055694606064208 ], [ -33361.819844982259383, -32658.805463934219006 ], [ -33377.887693515731371, -32669.527208451952902 ], [ -33385.109364409894624, -32680.824914452041412 ], [ -33386.768330389000766, -32688.292722731846879 ], [ -33388.343609656985791, -32693.432071343657299 ], [ -33389.505378117122746, -32697.46872446787529 ], [ -33389.98288464522193, -32698.876630313636269 ], [ -33391.124962114510708, -32702.864055960726546 ], [ -33391.587700399490132, -32704.21288883393936 ], [ -33392.946378768123395, -32706.418279809120577 ], [ -33393.743863897543633, -32707.520975296713004 ], [ -33395.722808477949002, -32710.740452300662582 ], [ -33396.175701267493423, -32711.242572567331081 ], [ -33397.632834590374841, -32713.585800478467718 ], [ -33401.42827307668631, -32719.374951788318867 ], [ -33403.633664051863889, -32722.76672496219544 ], [ -33408.846853879360424, -32727.192275155695825 ], [ -33412.16478583755088, -32728.127597221053293 ], [ -33426.342299249430653, -32727.89130533086427 ], [ -33460.427404410511372, -32727.645167945229332 ], [ -33476.455870962279732, -32721.324359882433782 ], [ -33481.496764619834721, -32719.217423861497082 ], [ -33489.195942042126262, -32715.869955417027086 ], [ -33500.695480698428582, -32710.907825722872076 ], [ -33509.123528655232803, -32707.115608293803234 ], [ -33517.670877276010287, -32703.13073518254896 ], [ -33520.057133648610034, -32702.045542797932285 ], [ -33526.47493807374849, -32698.988334144502005 ], [ -33528.872863181692082, -32697.097999022909789 ], [ -33531.871728158534097, -32694.274165075847122 ], [ -33534.275487634120509, -32691.963755482796842 ], [ -33539.604878617697977, -32686.30721448780605 ], [ -33541.79714226564829, -32683.90491360411761 ], [ -33545.944222952573909, -32678.743078367006092 ], [ -33549.11811895918072, -32674.238946534078423 ], [ -33551.638565787958214, -32670.271576525807177 ], [ -33553.820619292506308, -32666.257531576266047 ], [ -33554.987492824358924, -32663.772090953436418 ], [ -33556.417702971644758, -32660.370897706761752 ], [ -33557.362870532444504, -32657.404121752046194 ], [ -33558.079707683740708, -32654.005359491904528 ], [ -33558.475411515464657, -32651.434469692732819 ], [ -33558.611607535305666, -32648.889591449344152 ] ] ] ] } },
{ "type": "Feature", "properties": { "fid": 43, "OBJECTID": 48, "SITEName": "Toukyoukeizaidaigakukounai", "SITENameJP": "東京経済大学構内", "JASID": 13214005300, "Age": "[旧石器時代][縄文時代（早期・中期）]", "Note": null, "Publication": "[https://sitereports.nabunken.go.jp/48244] [https://sitereports.nabunken.go.jp/91587]", "notification": "20250819「遺跡地図GISの現在地」ハンズオンWS用サンプルデータ（国分寺市による正式な遺跡地図ではありません）" }, "geometry": { "type": "MultiPolygon", "coordinates": [ [ [ [ -31029.484157770220918, -33174.620258482071222 ], [ -30920.321499300396681, -33223.954229202005081 ], [ -30920.066007616802381, -33233.92232880773372 ], [ -30919.865562571052578, -33253.134215500300343 ], [ -30921.057371696228074, -33285.982484410269535 ], [ -30921.156590446225891, -33309.794984410233155 ], [ -30920.925080029555829, -33325.967640660215693 ], [ -30920.925080029555829, -33334.880791701878479 ], [ -30922.562189404558012, -33346.075973993531079 ], [ -30929.590184196207701, -33402.911781285140023 ], [ -30930.582371696204063, -33412.106052118448133 ], [ -30951.980548779512901, -33451.032875035074539 ], [ -30951.269481071183691, -33474.961130243391381 ], [ -30954.411408154515811, -33475.457223993384105 ], [ -30958.777033154510718, -33475.506833368381194 ], [ -30963.473387321173504, -33473.803578160055622 ], [ -30970.765965446164046, -33469.669463576719863 ], [ -30976.123777946151677, -33466.593682326725684 ], [ -30978.372736279481614, -33465.601494826725684 ], [ -30987.137059196142218, -33461.401234410062898 ], [ -30998.956492789871845, -33454.220277378808532 ], [ -31004.463133414879849, -33448.75084378507745 ], [ -31008.431883414876211, -33445.079750035081815 ], [ -31009.258706331540452, -33444.368682326748967 ], [ -31010.829669873201055, -33442.96308336842776 ], [ -31016.022117789860204, -33439.457354201760609 ], [ -31023.182404248189414, -33434.727927118430671 ], [ -31024.720294873186504, -33434.215296910093457 ], [ -31031.3679511231785, -33431.668682326766429 ], [ -31033.517690706510621, -33430.858395868432126 ], [ -31039.619643831505527, -33429.750453160100733 ], [ -31049.541518831490976, -33427.766078160108009 ], [ -31054.0063625814837, -33426.773890660115285 ], [ -31081.093081331455323, -33423.10279691011965 ], [ -31089.824331331445137, -33423.069723993452499 ], [ -31091.081102164775075, -33422.705921910121106 ], [ -31131.66157091473724, -33422.705921910121106 ], [ -31131.860008414736512, -33418.770244826788257 ], [ -31148.793341748056264, -33414.93378649346414 ], [ -31159.575112581376743, -33412.651755243467051 ], [ -31177.500633414692857, -33408.782223993468506 ], [ -31193.673289664671756, -33405.706442743474327 ], [ -31221.950633414635377, -33405.111130243472871 ], [ -31252.609227164608455, -33404.51581774346414 ], [ -31252.873810497942031, -33402.465296910129837 ], [ -31255.982664664607, -33401.53925524346414 ], [ -31251.120945914615731, -33374.518682326830458 ], [ -31243.084227164621552, -33330.234046910212783 ], [ -31221.752195914647018, -33180.016859410374309 ], [ -31058.289305289821641, -33173.600713577056013 ], [ -31056.354539664822369, -33174.741729202054557 ], [ -31029.484157770220918, -33174.620258482071222 ] ] ] ] } },
{ "type": "Feature", "properties": { "fid": 44, "OBJECTID": 70, "SITEName": "Hanazawahigashi", "SITENameJP": "花沢東", "JASID": 13214005400, "Age": "[旧石器時代][縄文時代]", "Note": null, "Publication": "[https://sitereports.nabunken.go.jp/48238] [https://sitereports.nabunken.go.jp/48240] [https://sitereports.nabunken.go.jp/48244] [https://sitereports.nabunken.go.jp/48245] [https://sitereports.nabunken.go.jp/91587]", "notification": "20250819「遺跡地図GISの現在地」ハンズオンWS用サンプルデータ（国分寺市による正式な遺跡地図ではありません）" }, "geometry": { "type": "MultiPolygon", "coordinates": [ [ [ [ -31840.915596711733087, -33349.680683476348349 ], [ -31845.253005621572811, -33312.407565152170719 ], [ -31849.447423028897902, -33272.083961440861458 ], [ -31868.703612035253173, -33272.46527211425564 ], [ -31891.010286428743711, -33273.990514807839645 ], [ -31890.962622594568529, -33269.224131390423281 ], [ -31860.267113386427809, -33245.106231298319472 ], [ -31860.410104888953356, -33231.283719387829478 ], [ -31822.61268438886691, -33229.472493689208932 ], [ -31801.449942015548004, -33228.137906332340208 ], [ -31770.230130631498469, -33227.327621151373023 ], [ -31696.351187661599397, -33210.311632351207663 ], [ -31695.92221315403367, -33206.117214943878935 ], [ -31673.6632025947074, -33201.827469868207118 ], [ -31693.419861859900266, -33267.448653567429574 ], [ -31699.377841131667083, -33267.90145999208471 ], [ -31703.047956363072444, -33281.199669726665888 ], [ -31700.021302893012034, -33282.748744337324752 ], [ -31709.45874205949076, -33306.675989092742384 ], [ -31723.042934799119394, -33340.660302858894283 ], [ -31728.333620392448211, -33350.812699537993467 ], [ -31737.437412719704298, -33368.638973519118736 ], [ -31743.443055825642659, -33380.078293720915099 ], [ -31756.45528255518002, -33403.290580963708635 ], [ -31765.368419545742654, -33418.495344065253448 ], [ -31769.467509284724656, -33428.552413075994991 ], [ -31775.1871693856192, -33441.755295142225805 ], [ -31778.952612285374926, -33455.911453891945712 ], [ -31780.144208139729017, -33461.39279482197162 ], [ -31782.193753009218199, -33473.213425697154889 ], [ -31783.576004200265743, -33487.750895120268979 ], [ -31783.290021195221925, -33497.617308794309793 ], [ -31783.969230832190078, -33500.48905480329995 ], [ -31784.326709588498488, -33508.34167148348206 ], [ -31784.576944717911829, -33509.318780084053287 ], [ -31785.565969277024124, -33511.904543087999627 ], [ -31787.841917358837236, -33517.862522359770082 ], [ -31788.968817860826675, -33519.8960317173769 ], [ -31790.429120752098243, -33522.100007377353904 ], [ -31796.075844712428079, -33530.398110747570172 ], [ -31799.269321602085256, -33534.664023906152579 ], [ -31801.438026057014213, -33537.142543283218401 ], [ -31820.980198068409663, -33554.61133850801707 ], [ -31833.110643865722523, -33565.431028865546978 ], [ -31847.838768625533703, -33576.703525647724746 ], [ -31862.388154007188859, -33584.901705125681474 ], [ -31882.001821769830713, -33596.269529576209607 ], [ -31886.935028606854758, -33599.129359626655059 ], [ -31891.832487568241049, -33601.631710920803016 ], [ -31895.705174094888207, -33606.755573094516876 ], [ -31900.781372434434161, -33613.452341795971734 ], [ -31904.832798339233705, -33619.219665731041459 ], [ -31911.93470963117943, -33631.326279611275822 ], [ -31919.298772011083202, -33632.660866968144546 ], [ -31938.936271690825379, -33636.164158779953141 ], [ -31959.693871473660693, -33636.068831111610052 ], [ -31980.236984002716781, -33633.709471320005832 ], [ -32016.53299372631227, -33604.872851644664479 ], [ -32037.505080762926809, -33587.713871341969934 ], [ -32040.507902315901447, -33534.854679242853308 ], [ -32041.175195994343085, -33528.753708468560944 ], [ -32028.997086362858681, -33475.179558856834774 ], [ -31999.683828345761867, -33478.992665590776596 ], [ -31963.173331368379877, -33483.854376676536049 ], [ -31954.689168885382969, -33484.331015018280596 ], [ -31921.324484963493887, -33483.902040510714869 ], [ -31938.864775939575338, -33366.649008442349441 ], [ -31871.515778251523443, -33359.928407823783346 ], [ -31871.992416593271628, -33351.873219848363078 ], [ -31840.915596711733087, -33349.680683476348349 ] ] ] ] } },
{ "type": "Feature", "properties": { "fid": 45, "OBJECTID": 16, "SITEName": "Hikaricho", "SITENameJP": "光町", "JASID": 13214005500, "Age": "[旧石器時代]", "Note": null, "Publication": null, "notification": "20250819「遺跡地図GISの現在地」ハンズオンWS用サンプルデータ（国分寺市による正式な遺跡地図ではありません）" }, "geometry": { "type": "MultiPolygon", "coordinates": [ [ [ [ -35395.479508010808786, -32503.724906291361549 ], [ -35398.516918697758229, -32505.091741100488434 ], [ -35400.870911980142409, -32506.021948123376205 ], [ -35401.331269537382468, -32506.131105069929617 ], [ -35404.49682098768244, -32506.126359115736705 ], [ -35405.735515033455158, -32505.438195756974892 ], [ -35406.836576407469693, -32504.674097131039161 ], [ -35407.671864346375514, -32503.696430566178606 ], [ -35408.189173353996011, -32502.80419117688507 ], [ -35408.358251395628031, -32501.57246005037814 ], [ -35408.623208225770213, -32500.610248404060258 ], [ -35410.172982208918256, -32496.871748428933643 ], [ -35414.102632285161235, -32487.939862627619732 ], [ -35422.797220376567566, -32470.227961559354299 ], [ -35423.423686330745113, -32465.140298658709071 ], [ -35423.366734880364675, -32459.786862322962406 ], [ -35423.100961445263238, -32455.648390261991153 ], [ -35422.559922666659986, -32452.183843697195698 ], [ -35419.617431063685217, -32444.438446445474256 ], [ -35417.813968468304665, -32442.502097132542985 ], [ -35416.494593201161479, -32441.230181407387136 ], [ -35395.507983736002643, -32431.662337743498938 ], [ -35393.353320529931807, -32429.896842781694431 ], [ -35387.904965110217745, -32425.359710568063747 ], [ -35385.066884499596199, -32422.929782018505648 ], [ -35384.174645110302663, -32422.198905071960326 ], [ -35380.880952896644885, -32419.873387514766364 ], [ -35378.251694270751614, -32419.427267820115958 ], [ -35374.834607247932581, -32418.781818049141293 ], [ -35371.80668846937624, -32418.715374690364115 ], [ -35370.667659461774747, -32419.626597896443855 ], [ -35368.731310148832563, -32420.347982934599713 ], [ -35367.013274729026307, -32423.034193010862509 ], [ -35365.826786179437477, -32424.429503545179614 ], [ -35354.018852133907785, -32449.602044613286125 ], [ -35341.071889080798428, -32477.69809346756665 ], [ -35341.261727248740499, -32479.63444278049792 ], [ -35364.858611522977299, -32489.79078476498762 ], [ -35373.885416408258607, -32493.729926749620063 ], [ -35379.552085721108597, -32496.235790566355718 ], [ -35384.829586789681343, -32498.694194841107674 ], [ -35392.100388621569437, -32502.130265680720186 ], [ -35395.479508010808786, -32503.724906291361549 ] ] ] ] } },
{ "type": "Feature", "properties": { "fid": 46, "OBJECTID": 37, "SITEName": "No56", "SITENameJP": "No.56", "JASID": 13214005600, "Age": "[旧石器時代][縄文時代]", "Note": null, "Publication": null, "notification": "20250819「遺跡地図GISの現在地」ハンズオンWS用サンプルデータ（国分寺市による正式な遺跡地図ではありません）" }, "geometry": { "type": "MultiPolygon", "coordinates": [ [ [ [ -34774.59616166412161, -32978.142447797501518 ], [ -34763.960128948900092, -32973.665963698680571 ], [ -34761.58747549704276, -32973.443892685943865 ], [ -34760.488808381400304, -32973.256885517330375 ], [ -34757.13436729429668, -32974.752942866281956 ], [ -34755.439614828690537, -32975.407467956443725 ], [ -34753.534479298381484, -32977.937908706815506 ], [ -34748.719044706449495, -32987.557089942652965 ], [ -34744.962802190355433, -32995.347395744844107 ], [ -34740.269235235493397, -33004.672918381860654 ], [ -34737.353641674839309, -33010.667055535886902 ], [ -34711.539681995345745, -33063.464468479971401 ], [ -34711.469554307099315, -33066.737093930794799 ], [ -34721.334182451770175, -33077.209495373477694 ], [ -34735.394783942327194, -33092.111629122824525 ], [ -34742.945198375316977, -33100.082809685234679 ], [ -34749.467073380910733, -33105.693024743821297 ], [ -34759.483644850071869, -33114.295354500303802 ], [ -34768.904130969269318, -33122.476918127395038 ], [ -34770.914458031933464, -33124.323613917506009 ], [ -34773.345551223981602, -33125.959926642928622 ], [ -34774.689665248428355, -33126.848210693875444 ], [ -34781.386859474601806, -33128.95204134083906 ], [ -34783.221867316678981, -33129.419559262387338 ], [ -34787.23083349395165, -33129.96889282020129 ], [ -34798.638270779723825, -33129.758509755505656 ], [ -34823.299841141379147, -33129.255927989855991 ], [ -34826.432211215753341, -33112.962928423905396 ], [ -34847.867907918735, -33117.357596886460669 ], [ -34853.548250665538944, -33102.397023396923032 ], [ -34853.513186821423005, -33100.655519139159878 ], [ -34853.127484536147676, -33099.498412283326616 ], [ -34852.391143809705682, -33098.259489791220403 ], [ -34851.011965941135713, -33096.027091715834104 ], [ -34849.66785191668896, -33094.402466938452562 ], [ -34848.989950930445048, -33089.096138528904703 ], [ -34848.662688385360525, -33076.741977451994899 ], [ -34848.35880173635087, -33066.22282421716227 ], [ -34847.88830498567404, -33052.759675042143499 ], [ -34847.867907918720448, -33049.135044184571598 ], [ -34845.927708544295456, -33042.052147673122818 ], [ -34843.309608183619275, -33032.85373256666935 ], [ -34841.159025744498649, -33028.7863266491986 ], [ -34835.841009386902442, -33019.050265932964976 ], [ -34833.865746168354235, -33015.415314092933841 ], [ -34832.708639312528248, -33014.024448276322801 ], [ -34825.894565605965909, -33008.683056022629899 ], [ -34821.429769455193309, -33005.23511135121953 ], [ -34813.984546554551343, -32999.578144500490453 ], [ -34810.50153803901776, -32996.889916451582394 ], [ -34797.995433637603128, -32989.94727531659737 ], [ -34790.468395100680937, -32985.856493503051752 ], [ -34785.536081028352783, -32983.35527262276446 ], [ -34778.546688101203472, -32980.012519483701908 ], [ -34774.59616166412161, -32978.142447797501518 ] ] ] ] } },
{ "type": "Feature", "properties": { "fid": 47, "OBJECTID": 29, "SITEName": "Koigakubohigashi", "SITENameJP": "恋ヶ窪東", "JASID": 13214005700, "Age": "[旧石器時代][縄文時代（中期）][奈良時代][平安時代]", "Note": null, "Publication": null, "notification": "20250819「遺跡地図GISの現在地」ハンズオンWS用サンプルデータ（国分寺市による正式な遺跡地図ではありません）" }, "geometry": { "type": "MultiPolygon", "coordinates": [ [ [ [ -32187.245504722297483, -33124.814505682130402 ], [ -32212.402169570646947, -33127.791625782519986 ], [ -32220.626463847998821, -33129.76396784903045 ], [ -32232.795442258367984, -33131.252527899239794 ], [ -32233.279224274683656, -33131.475811906770105 ], [ -32257.058971076607122, -33134.341290003394533 ], [ -32271.349147558514233, -33135.904278056106705 ], [ -32280.429363864717743, -33137.206768100033514 ], [ -32291.667992243714252, -33138.323188137677789 ], [ -32281.657425906123535, -33119.269619495134975 ], [ -32271.498003563523525, -33100.048587846955343 ], [ -32267.627747433001787, -33092.643001597221883 ], [ -32265.990331377779512, -33089.405383488032385 ], [ -32264.632020331970125, -33087.805181434065162 ], [ -32259.738379166956292, -33083.627909793198342 ], [ -32255.551804025770252, -33079.925116668324335 ], [ -32252.063752198344446, -33076.835056420211913 ], [ -32241.559339553899918, -33067.737531257327646 ], [ -32241.875658564571495, -33066.26757820774219 ], [ -32262.641071264839411, -33027.751086908865545 ], [ -32285.118328022828791, -33031.472487034356163 ], [ -32290.960926219857356, -33025.89038684611296 ], [ -32315.038385031821235, -32992.434999717894243 ], [ -32319.280781174886215, -32986.555187519617903 ], [ -32324.974523366890935, -32980.414877312548924 ], [ -32329.291347512469656, -32975.4654151456416 ], [ -32335.710762728951522, -32970.422917975607561 ], [ -32343.525702992486913, -32961.91021518852358 ], [ -32352.847810306862812, -32954.067364424045081 ], [ -32359.713793538398022, -32940.056292951550859 ], [ -32359.532375282295106, -32939.051514917664463 ], [ -32357.927521478170092, -32934.850984526026878 ], [ -32353.559528080877499, -32922.933200624123856 ], [ -32352.526839546044357, -32919.416477505532384 ], [ -32353.671170084635378, -32914.783334349289362 ], [ -32356.127294167465152, -32906.214810560340993 ], [ -32357.355356208874582, -32897.813749777036719 ], [ -32361.597752351939562, -32884.500440828080173 ], [ -32360.676705820882489, -32862.423234583569865 ], [ -32371.505980186077068, -32849.416941144962038 ], [ -32384.735557632215205, -32833.814971118823451 ], [ -32384.093616110567382, -32830.326158501164173 ], [ -32382.530628057858848, -32821.031961687738658 ], [ -32381.55376052491556, -32812.742542908199539 ], [ -32380.716445496680535, -32806.462680196433212 ], [ -32380.044862412309158, -32801.569657723361161 ], [ -32379.385035583454737, -32797.53936412006442 ], [ -32377.958382980516035, -32789.389611125756346 ], [ -32376.941893000919663, -32783.522502296160383 ], [ -32375.925403021326929, -32778.154721877581323 ], [ -32374.552249891006795, -32764.922518985302304 ], [ -32373.977130560444493, -32754.851243266410165 ], [ -32373.575884515867074, -32740.566884079453303 ], [ -32373.124482715724298, -32715.067697946549742 ], [ -32374.268033942760667, -32708.251530764286144 ], [ -32374.689342289566412, -32704.640316363089369 ], [ -32376.103734596705181, -32695.547077877854463 ], [ -32381.039060944985977, -32673.23779779934921 ], [ -32386.365602186746401, -32648.884670681283751 ], [ -32386.365602186746401, -32647.101633570691774 ], [ -32384.305270742635912, -32625.500295593799819 ], [ -32312.659014826538623, -32634.85031340911155 ], [ -32309.30975471360216, -32586.816341289268166 ], [ -32306.239599610074947, -32543.83416983978168 ], [ -32304.578924804063718, -32521.324350830695039 ], [ -32300.657499421824468, -32526.250554246820684 ], [ -32300.057423651589488, -32527.241377030233707 ], [ -32297.881654135577264, -32530.78291303547303 ], [ -32286.688293700743088, -32538.349756404841173 ], [ -32273.563380633138877, -32542.731705052603502 ], [ -32267.478891427956114, -32544.75521637084239 ], [ -32246.546015722040465, -32551.830528359445452 ], [ -32238.814806961316208, -32555.319340977101092 ], [ -32223.394255191295088, -32562.478384468522563 ], [ -32212.132368061509624, -32567.641827142651891 ], [ -32211.755576298801316, -32567.990708404417092 ], [ -32200.730928427019535, -32573.237882581368467 ], [ -32207.03870163974716, -32605.502421669418254 ], [ -32208.71735254801024, -32612.660883672757336 ], [ -32213.904684871286008, -32640.362637345016992 ], [ -32215.802598935290007, -32649.880118165972817 ], [ -32215.0659566311042, -32663.544826511086285 ], [ -32213.695356114236347, -32671.217696135539882 ], [ -32201.414735700105666, -32693.15534987533465 ], [ -32193.850989945036417, -32706.636121829946205 ], [ -32189.720235805732955, -32712.720611035136244 ], [ -32185.673213169258815, -32718.191069219614292 ], [ -32177.690809900068416, -32738.482003403889394 ], [ -32171.578410193935269, -32754.446809942266555 ], [ -32164.478094269521534, -32772.315162337617949 ], [ -32157.427786216736422, -32790.004788141377503 ], [ -32152.571359052963089, -32803.234365587522916 ], [ -32148.384783911780687, -32815.514986001653597 ], [ -32146.542690849659266, -32820.59469717295724 ], [ -32143.695819753655087, -32831.451882039094926 ], [ -32139.732528620002995, -32836.029204193459009 ], [ -32133.145650397873396, -32853.082520268537337 ], [ -32127.368176703035715, -32868.237922279629856 ], [ -32121.395329501614469, -32883.644518799177604 ], [ -32114.948003784200409, -32899.916340847914398 ], [ -32108.947246081836056, -32915.602042376878671 ], [ -32102.918577878532233, -32931.56684891525947 ], [ -32098.592450232641568, -32942.117018271048437 ], [ -32118.604279407492868, -33003.10146282761707 ], [ -32125.80518865033082, -33024.592548552362132 ], [ -32134.987743459991179, -33040.082876574735565 ], [ -32138.141630066351354, -33045.553334759213612 ], [ -32146.151943836495775, -33074.329061229611398 ], [ -32152.515538051087788, -33088.088938193628564 ], [ -32154.357631113205571, -33092.080139828227402 ], [ -32155.474051150857122, -33095.206115933644469 ], [ -32157.511517719565745, -33102.155830668009003 ], [ -32158.209280243096146, -33105.030612264956289 ], [ -32161.977197870161035, -33110.584801952252747 ], [ -32165.63347349346077, -33114.352719579321274 ], [ -32167.782582065934548, -33116.52973865273816 ], [ -32176.118518347066129, -33120.981463552867353 ], [ -32187.245504722297483, -33124.814505682130402 ] ] ] ] } },
{ "type": "Feature", "properties": { "fid": 48, "OBJECTID": 61, "SITEName": "Tousandoumusashimichi", "SITENameJP": "東山道武蔵路", "JASID": 13214005801, "Age": "[奈良時代][平安時代]", "Note": null, "Publication": null, "notification": "20250819「遺跡地図GISの現在地」ハンズオンWS用サンプルデータ（国分寺市による正式な遺跡地図ではありません）" }, "geometry": { "type": "MultiPolygon", "coordinates": [ [ [ [ -32974.109156123624416, -34505.352350403853052 ], [ -32985.119754576968262, -34510.782234572630841 ], [ -32988.222545530552452, -34512.096611296023184 ], [ -32986.154018228153291, -34434.26827154361672 ], [ -32984.565702181556844, -34361.633448436026811 ], [ -32981.542926116562739, -34238.749347149008827 ], [ -32979.905342002166435, -34171.866964371743961 ], [ -32977.793720380970626, -34081.541272167407442 ], [ -32976.587079454569903, -34035.60272832683404 ], [ -32974.820212383776379, -33964.410913669584261 ], [ -32973.010250994186208, -33882.876462500389607 ], [ -32970.769346416600456, -33794.619297598415869 ], [ -32969.217950939804723, -33730.710422818337975 ], [ -32968.413361087244994, -33698.8648001790134 ], [ -32966.766363025999453, -33681.485538147528132 ], [ -32954.695165504286706, -33677.230373187820078 ], [ -32956.160372343467316, -33698.260400762104837 ], [ -32958.228899645866477, -33795.179523742808669 ], [ -32960.426709904648305, -33881.928387486790598 ], [ -32961.202407643046172, -33925.970781300180533 ], [ -32962.021199700240686, -33965.100422770381556 ], [ -32963.486406539443124, -34036.809369253227487 ], [ -32964.434481553034857, -34078.524669851423823 ], [ -32966.503008855426742, -34169.712248431766056 ], [ -32967.838932738210133, -34229.742634519861895 ], [ -32970.553874822609941, -34355.621139734030294 ], [ -32972.579307806219731, -34437.931288641600986 ], [ -32974.109156123624416, -34505.352350403853052 ] ] ] ] } },
{ "type": "Feature", "properties": { "fid": 49, "OBJECTID": 62, "SITEName": "Tousandoumusashimichi", "SITENameJP": "東山道武蔵路", "JASID": 13214005802, "Age": "[奈良時代][平安時代]", "Note": null, "Publication": null, "notification": "20250819「遺跡地図GISの現在地」ハンズオンWS用サンプルデータ（国分寺市による正式な遺跡地図ではありません）" }, "geometry": { "type": "MultiPolygon", "coordinates": [ [ [ [ -32939.061450041874195, -32911.559536196073168 ], [ -32937.19408381399262, -32845.570671615598258 ], [ -32936.376887842678116, -32821.897525821608724 ], [ -32935.559691871363611, -32795.517418372626707 ], [ -32934.716958525954396, -32769.443759412883082 ], [ -32933.823150432333932, -32734.27879527226105 ], [ -32932.36752010845521, -32683.72756323426438 ], [ -32918.245352229176206, -32681.825028863546322 ], [ -32918.781637085347029, -32701.667568542012305 ], [ -32919.871510304852563, -32735.415667342746019 ], [ -32921.769509855439537, -32790.971765782189323 ], [ -32922.586705826761317, -32814.108626720015309 ], [ -32923.215346910212247, -32827.605777091317577 ], [ -32924.629695755036664, -32869.013981042669911 ], [ -32926.161938201257726, -32911.967844284867169 ], [ -32927.438806906437094, -32949.661008461742313 ], [ -32928.63906348929595, -32985.694243321871909 ], [ -32929.711633201652148, -33014.142878073231259 ], [ -32930.528829172966653, -33039.527027932177589 ], [ -32931.192800899661961, -33058.52683426522708 ], [ -32931.499249388907629, -33075.27935167717078 ], [ -32929.813782698081923, -33132.534144417368225 ], [ -32931.192800899669237, -33165.732730751995405 ], [ -32932.571819101271103, -33189.227114927278308 ], [ -32933.797613058239222, -33214.406965793386917 ], [ -32935.176631259833812, -33240.608311623640475 ], [ -32936.555649461442954, -33274.470869684970239 ], [ -32937.474994929158129, -33296.228712421201635 ], [ -32938.598639389718301, -33325.137019906425849 ], [ -32940.181956584143336, -33369.316677105591225 ], [ -32942.42924550526368, -33410.687223153370724 ], [ -32943.246441476570908, -33429.533805241793743 ], [ -32944.165786944300635, -33451.342722726236389 ], [ -32944.880833419207192, -33468.40168862741848 ], [ -32946.464150613624952, -33499.404060789151117 ], [ -32947.945318311634765, -33536.228954246478679 ], [ -32950.652279966619972, -33591.849355044047115 ], [ -32954.559498204485863, -33677.322946168678754 ], [ -32966.766363025999453, -33681.485538147528132 ], [ -32966.102391299289593, -33666.444024800526677 ], [ -32964.876597342314199, -33641.36632343083329 ], [ -32963.701878133550053, -33614.296706881046703 ], [ -32962.169635687336267, -33584.979801410147047 ], [ -32960.790617485741677, -33555.356447450016276 ], [ -32958.900851802085526, -33514.036976150455303 ], [ -32957.368609355864464, -33482.064183772803517 ], [ -32955.529918420405011, -33444.524243840554846 ], [ -32954.189206279967038, -33419.229474790976383 ], [ -32952.248365848085086, -33378.688893401544192 ], [ -32951.27794563214411, -33358.974040593588143 ], [ -32950.052151675175992, -33331.495826058126113 ], [ -32948.264535487920512, -33297.837566989612242 ], [ -32946.834442538129224, -33263.515336194403062 ], [ -32945.812947573998827, -33239.408055040621548 ], [ -32945.442655649465451, -33207.154351547971601 ], [ -32945.03405766380456, -33168.541841903388558 ], [ -32944.861937474655861, -33145.622901666698453 ], [ -32944.472235433524475, -33132.636293913783447 ], [ -32944.114712196053006, -33102.655416716195759 ], [ -32943.706114210406668, -33061.08057167557854 ], [ -32942.910128763505782, -33037.229587231398909 ], [ -32941.407750541082351, -32990.086671667682822 ], [ -32940.590554569775122, -32963.170279362537258 ], [ -32939.849970720759302, -32938.220264863339253 ], [ -32939.061450041874195, -32911.559536196073168 ] ] ] ] } },
{ "type": "Feature", "properties": { "fid": 50, "OBJECTID": 25, "SITEName": "Kokubunji6", "SITENameJP": "国分寺市No.6", "JASID": 13214000600, "Age": "[縄文時代（中期）]", "Note": null, "Publication": null, "notification": "20250819「遺跡地図GISの現在地」ハンズオンWS用サンプルデータ（国分寺市による正式な遺跡地図ではありません）" }, "geometry": { "type": "MultiPolygon", "coordinates": [ [ [ [ -31617.720165129678207, -32881.190061787812738 ], [ -31615.06796264764489, -32880.868924153328408 ], [ -31602.830928571955155, -32879.161824095812335 ], [ -31596.78048895649772, -32878.643496685472201 ], [ -31595.985626361103641, -32879.009706268901937 ], [ -31593.484133207515697, -32880.708355336049863 ], [ -31590.450227659744996, -32882.736593028152129 ], [ -31589.351598909855966, -32883.632398008827295 ], [ -31588.945951371435513, -32884.021143566482351 ], [ -31588.438891948408127, -32884.528202989502461 ], [ -31588.219166198432504, -32884.849340624088654 ], [ -31587.999440448453242, -32885.162027268284874 ], [ -31587.636047861949919, -32885.685988672077656 ], [ -31587.196596361995034, -32886.45502879700507 ], [ -31586.79939981395728, -32887.502951604590635 ], [ -31586.512066140909155, -32888.28889371027617 ], [ -31586.266987419781799, -32889.379071469775226 ], [ -31586.047261669806176, -32890.748131911946984 ], [ -31585.903594833278476, -32892.007329479129112 ], [ -31585.776829977523448, -32893.553860719352087 ], [ -31585.793731958285207, -32902.233027843467426 ], [ -31585.810633939054242, -32908.824800342794333 ], [ -31585.979653746730037, -32940.076562781949178 ], [ -31585.895143842892139, -32941.496329166424403 ], [ -31585.835986910213251, -32942.109025969271897 ], [ -31584.973985891068878, -32945.202088449725125 ], [ -31584.407769535358966, -32947.340189016817021 ], [ -31583.883808131562546, -32949.698015333880903 ], [ -31583.600699953709409, -32950.661428237632208 ], [ -31583.279562319126853, -32952.347400819191535 ], [ -31582.768277400911757, -32954.726354612226714 ], [ -31582.29502193942244, -32957.278553708121763 ], [ -31581.864021429846616, -32959.991321621309908 ], [ -31581.602040727953863, -32962.966070236390806 ], [ -31581.416118939509033, -32966.152093611053715 ], [ -31580.903425522890757, -32978.4792715841686 ], [ -31580.565385907542804, -32988.558486115201958 ], [ -31580.373830125517998, -32995.465762255516893 ], [ -31580.159738369129627, -33000.615232396019564 ], [ -31579.731554856352886, -33008.942274920795171 ], [ -31579.461123164073797, -33012.074775356370083 ], [ -31579.066743612835126, -33016.514362304624228 ], [ -31578.582220164167666, -33019.804614560693153 ], [ -31578.334324446241226, -33024.570973137124383 ], [ -31578.148402657785482, -33033.70931073873362 ], [ -31578.285731251526158, -33040.975049721142568 ], [ -31578.446300068815617, -33041.792683040774136 ], [ -31578.602643390917365, -33042.270163997462078 ], [ -31579.743527092719887, -33045.261814593308372 ], [ -31580.960469707977609, -33048.54924985258549 ], [ -31582.016843505942234, -33051.177507861932099 ], [ -31584.112689121120638, -33056.197396149887936 ], [ -31584.672567234039889, -33057.486172183394956 ], [ -31585.297940522439603, -33058.686212817890919 ], [ -31585.864156878153153, -33059.94541038506577 ], [ -31586.878275724211562, -33061.977873572373937 ], [ -31587.740276743334107, -33063.477924365470244 ], [ -31588.674111180764157, -33065.075161548033066 ], [ -31589.083984214372322, -33065.734338797963574 ], [ -31589.506533733558172, -33066.448447485396173 ], [ -31589.96711270947344, -33067.14142869686475 ], [ -31590.630515454580745, -33068.049910163077584 ], [ -31591.129123887221795, -33068.709087413015368 ], [ -31591.467163502573385, -33069.199244855270081 ], [ -31592.060845577045257, -33069.877436833608954 ], [ -31592.510860814982152, -33070.338015809524222 ], [ -31592.994680014457117, -33070.910570408013882 ], [ -31593.653857264387625, -33071.514816220456851 ], [ -31594.393318922964681, -33072.068356090589077 ], [ -31595.031368696934805, -33072.47400362900953 ], [ -31595.841607399972418, -33072.856410943859373 ], [ -31596.180703389120026, -33073.037050863313198 ], [ -31596.674029952773708, -33073.143744616907497 ], [ -31601.660114279187837, -33073.597985350046656 ], [ -31605.608839535998413, -33073.819823847610678 ], [ -31608.128291044162324, -33073.689889870467596 ], [ -31609.757219440634799, -33073.449036644531589 ], [ -31610.593867488627438, -33073.281073210644536 ], [ -31611.39565520128599, -33073.021205256343819 ], [ -31611.915391109880147, -33072.770844666221819 ], [ -31612.878804013631452, -33072.175049844168825 ], [ -31613.699606454651075, -33071.652144814172061 ], [ -31615.252079797508486, -33070.344089958809491 ], [ -31615.587214384922845, -33069.966172232576355 ], [ -31616.510617131069012, -33068.999986347618687 ], [ -31617.14166842863051, -33068.258411941445956 ], [ -31618.325335269248171, -33066.867959929877543 ], [ -31619.175848223334469, -33065.779762871257844 ], [ -31620.557189010905859, -33063.787573934991087 ], [ -31620.771104704996105, -33063.566527717761346 ], [ -31622.601272309962951, -33060.790377376710239 ], [ -31623.233512028044061, -33059.746944157777762 ], [ -31623.889520156582876, -33058.762931964971358 ], [ -31625.722064602603496, -33055.696807016385719 ], [ -31626.470769531904807, -33054.54166226831876 ], [ -31627.276518646303884, -33053.129818687331863 ], [ -31627.996701483072684, -33051.946151846714201 ], [ -31628.396010778702475, -33051.183185871137539 ], [ -31628.845233736279624, -33050.548569312013569 ], [ -31630.014639530625573, -33048.480717602498771 ], [ -31630.442470918806066, -33047.767665288869466 ], [ -31630.777605506213149, -33047.133048729745497 ], [ -31631.155523232431733, -33046.612520540795231 ], [ -31632.482988956366171, -33044.410377312116907 ], [ -31633.266158080768946, -33043.182738912255445 ], [ -31634.121820857119019, -33041.991941548498289 ], [ -31635.077310957374721, -33040.180788671888877 ], [ -31635.540794961234496, -33038.904425030501443 ], [ -31635.768971701585542, -33038.490854688599939 ], [ -31636.282369367403589, -33036.857964890397852 ], [ -31636.581851339127752, -33035.759864327410469 ], [ -31636.9882911578934, -33034.012886159027403 ], [ -31637.273512083342212, -33032.765044610176119 ], [ -31637.494558300568315, -33031.702596662871656 ], [ -31637.836823411107616, -33029.627614430210087 ], [ -31638.286046368692041, -33027.217497610159626 ], [ -31638.592658863559336, -33025.27799531709752 ], [ -31639.037128139047127, -33021.420382300391793 ], [ -31639.426930070494564, -33017.493840893352171 ], [ -31639.816732001945638, -33012.835232444340363 ], [ -31640.235056025936501, -33005.229341099009616 ], [ -31639.949835100480414, -33002.167969832516974 ], [ -31639.018113410675141, -32993.687400982467807 ], [ -31637.354324678883131, -32978.912957044143695 ], [ -31635.44334447836809, -32959.831677131522156 ], [ -31634.245416591475077, -32948.574957940414606 ], [ -31633.655960012212745, -32942.43320067905006 ], [ -31632.838326692592091, -32935.07450080243143 ], [ -31632.210840656596702, -32928.400331146891403 ], [ -31631.559586210154521, -32922.477243261695548 ], [ -31630.937514089942852, -32915.62221360818512 ], [ -31630.193826936170808, -32913.551720964154811 ], [ -31628.712086622232164, -32909.154388967792329 ], [ -31627.554300939653331, -32905.837375242139387 ], [ -31627.089496468543075, -32904.345775439403951 ], [ -31626.80638829066811, -32903.621103013989341 ], [ -31626.569760559923452, -32903.097141610196559 ], [ -31626.392289761864959, -32902.509797778526263 ], [ -31625.580994685024052, -32900.160422451837803 ], [ -31625.22394034132958, -32899.150529100988933 ], [ -31624.932381173082831, -32898.482900860668451 ], [ -31623.751355266951578, -32895.222931320138741 ], [ -31623.307678271808982, -32894.056694647180848 ], [ -31621.65973514696816, -32889.9452878254815 ], [ -31620.163909849041374, -32886.319812950852793 ], [ -31619.690654387555696, -32885.246537172111857 ], [ -31619.234300906835415, -32884.350732191436691 ], [ -31618.465260781911638, -32882.677436095451412 ], [ -31617.720165129678207, -32881.190061787812738 ] ] ] ] } },
{ "type": "Feature", "properties": { "fid": 51, "OBJECTID": 31, "SITEName": "Tamaranzaka", "SITENameJP": "多摩蘭坂", "JASID": 13214000700, "Age": "[旧石器時代][縄文時代][奈良時代]", "Note": null, "Publication": "[https://sitereports.nabunken.go.jp/48192] [https://sitereports.nabunken.go.jp/47876] [https://sitereports.nabunken.go.jp/48229] [https://sitereports.nabunken.go.jp/48249] [https://sitereports.nabunken.go.jp/63685]", "notification": "20250819「遺跡地図GISの現在地」ハンズオンWS用サンプルデータ（国分寺市による正式な遺跡地図ではありません）" }, "geometry": { "type": "MultiPolygon", "coordinates": [ [ [ [ -34044.213164218715974, -33728.279688424270716 ], [ -34041.294275062122324, -33730.93888386546314 ], [ -34034.938815016408626, -33737.071749296039343 ], [ -33990.210516594110231, -33779.846588076434273 ], [ -34027.081054530106485, -33814.260909569609794 ], [ -34028.449030632298673, -33829.919289392542851 ], [ -34129.416583490521589, -33831.807505782933731 ], [ -34129.385880784982874, -33830.328658799662662 ], [ -34130.138097070586809, -33826.567577371606603 ], [ -34130.926133179324097, -33823.466604112552886 ], [ -34131.970025167516724, -33820.815937201354245 ], [ -34133.059971214017423, -33818.65139646112948 ], [ -34134.175502848454926, -33817.080441361249541 ], [ -34135.907007512912969, -33815.385396159581433 ], [ -34153.556585717662529, -33817.288963902734395 ], [ -34156.936868311779108, -33814.537660345631593 ], [ -34168.052953421269194, -33805.550296153196541 ], [ -34182.235044819572067, -33794.109700503286149 ], [ -34193.364775575901149, -33785.121483457980503 ], [ -34202.207154769923363, -33777.983104421145981 ], [ -34224.643156839461881, -33760.022021683304047 ], [ -34242.845170531232725, -33745.305191496474436 ], [ -34243.858359813893912, -33742.142812826365116 ], [ -34244.861314861358551, -33737.823965581097582 ], [ -34245.76192755705415, -33732.277010114426957 ], [ -34246.109891553118359, -33728.22425298379676 ], [ -34246.007549201334768, -33723.782594916396192 ], [ -34245.741459086697432, -33720.917009066455648 ], [ -34245.168341916709323, -33718.030954746158386 ], [ -34244.144918398873415, -33715.042558074084809 ], [ -34242.926617985445773, -33712.578665955676115 ], [ -34240.539482630119892, -33709.77704407562851 ], [ -34239.518617671092215, -33708.77920614573668 ], [ -34237.822293190292839, -33707.581800629879581 ], [ -34236.294833589927293, -33706.729800551285734 ], [ -34235.12813077960891, -33706.192503204430977 ], [ -34233.47786035711033, -33705.662881533949985 ], [ -34231.658725054177921, -33705.125584187102504 ], [ -34228.979913996270625, -33704.772503073450935 ], [ -34226.01710291217023, -33704.519205752796552 ], [ -34221.925967399663932, -33704.711097662388056 ], [ -34218.157210295270488, -33705.217692303704098 ], [ -34215.386717547698936, -33705.708935591421323 ], [ -34212.438831389416009, -33706.376719437634165 ], [ -34209.614608907111688, -33707.141728516391595 ], [ -34204.415617436505272, -33708.738269204215612 ], [ -34201.869425009070255, -33709.638881900711567 ], [ -34198.277208461491682, -33710.982125267859374 ], [ -34194.907586529050604, -33712.202557812866871 ], [ -34191.315369981486583, -33713.706990384074743 ], [ -34188.245099428000685, -33714.873693194400403 ], [ -34183.496840731953853, -33716.987062757958483 ], [ -34179.064990473110811, -33719.033909794365172 ], [ -34174.695398478572315, -33721.203567651435151 ], [ -34170.544989687208727, -33723.501153449680714 ], [ -34166.180514810184832, -33726.034126655613363 ], [ -34163.107259271411749, -33727.968397104981705 ], [ -34161.00412394227169, -33729.280937766598072 ], [ -34158.640015616096207, -33730.908181159938977 ], [ -34158.133420974772889, -33731.054019011229684 ], [ -34152.118675675126724, -33735.551965371480037 ], [ -34150.45774459108361, -33736.85683035729744 ], [ -34145.303527899413893, -33741.301046983455308 ], [ -34143.998662914185843, -33742.467749793780968 ], [ -34142.494230342977971, -33743.995209394131962 ], [ -34141.841797850363946, -33744.417371595234727 ], [ -34138.065365069589461, -33748.255209787079366 ], [ -34137.558770428266143, -33748.869263897773635 ], [ -34134.492337712959852, -33751.974074994970579 ], [ -34133.962716042486136, -33752.388561519685027 ], [ -34132.888121348769346, -33753.363372420419182 ], [ -34131.997742888263019, -33753.988940045695927 ], [ -34131.249364440853242, -33754.307480615621898 ], [ -34129.510823739932675, -33754.30364277742774 ], [ -34129.104012891599268, -33753.95056166377617 ], [ -34128.612769603045308, -33753.275102142011747 ], [ -34128.336445253233251, -33752.714777765999315 ], [ -34127.929634404899844, -33751.256399253099516 ], [ -34127.691688437000266, -33748.899966603305074 ], [ -34127.154391090145509, -33739.336073829224915 ], [ -34126.86271538757137, -33737.394127704159473 ], [ -34126.264012629639183, -33735.19888425841782 ], [ -34125.949309897907369, -33733.924721978735761 ], [ -34125.079826333923847, -33731.744829885130457 ], [ -34124.429525973944692, -33730.777694661417627 ], [ -34123.749375760737166, -33730.025478375166131 ], [ -34122.95579610826826, -33729.396072912350064 ], [ -34122.214240483983303, -33728.940649446260068 ], [ -34121.374606773228152, -33728.551748510144535 ], [ -34120.638168266516004, -33728.326595335565798 ], [ -34119.24844441494497, -33728.175640367342567 ], [ -34117.390930730085529, -33728.336829571402632 ], [ -34116.053230906611134, -33728.551748509482422 ], [ -34113.284443864809873, -33729.465153999808535 ], [ -34111.480659914639546, -33730.217370285412471 ], [ -34109.293092145286209, -33731.330343361049017 ], [ -34107.82703795600537, -33732.143965057730384 ], [ -34106.187428194680251, -33733.075280458317138 ], [ -34103.183253743867681, -33735.068397759911022 ], [ -34102.085632021000492, -33735.820614045522234 ], [ -34100.159037248697132, -33737.19456011820148 ], [ -34099.62941557821614, -33737.532289879083692 ], [ -34098.432010062359041, -33738.445695368740417 ], [ -34096.743361257947981, -33739.635425208216475 ], [ -34094.786063780105906, -33741.093803721116274 ], [ -34091.495757170290744, -33743.478380517648475 ], [ -34086.900585575247533, -33746.804506950582436 ], [ -34081.113125581934582, -33751.092651490282151 ], [ -34076.042062051099492, -33755.032832033903105 ], [ -34075.694098055028007, -33754.976543740427587 ], [ -34067.767682909463474, -33748.262885463474959 ], [ -34065.334493495836796, -33746.255696089123376 ], [ -34064.352006918728875, -33745.561047376402712 ], [ -34059.305249696444662, -33741.247317248758918 ], [ -34054.156576547953591, -33736.90288441501616 ], [ -34050.251789401881979, -33733.563965188695875 ], [ -34046.321843093421194, -33730.056181081337854 ], [ -34044.211458513389516, -33728.277982718471321 ], [ -34044.213164218715974, -33728.279688424270716 ] ] ], [ [ [ -34118.230708916693402, -33849.088586475882039 ], [ -34118.200733662088169, -33843.153486066010373 ], [ -34114.072712886387308, -33841.235069771908456 ], [ -34071.568693990906468, -33839.769137082519592 ], [ -34024.464722483702644, -33836.942898792083724 ], [ -33992.827982347771467, -33865.667757053022797 ], [ -33885.125465193079435, -33963.940915547798795 ], [ -33890.242669370454678, -33984.640969935608155 ], [ -33837.903020060577546, -34024.967679118075466 ], [ -33825.627439607182168, -34026.851837978363619 ], [ -33825.501829016502597, -34073.636073436558945 ], [ -33813.899978094937978, -34102.058324365396402 ], [ -33828.270971583864593, -34091.027430674264906 ], [ -33838.222756109571492, -34083.268121913264622 ], [ -33888.178658982556954, -34044.272456774167949 ], [ -33938.363658444264729, -34004.666581095072615 ], [ -33950.413710791661288, -33995.166566477913875 ], [ -33955.244008960755309, -33991.370414592354791 ], [ -33958.918118738329213, -33988.589139183808584 ], [ -33967.255521695107745, -33982.153023804232362 ], [ -33987.957717172546836, -33966.493094367739104 ], [ -34005.743748595748912, -33953.042769412822963 ], [ -34021.943232615027227, -33940.748632849456044 ], [ -34058.642579143132025, -33905.459193832153687 ], [ -34070.82270268449065, -33893.897309916777886 ], [ -34083.157519950495043, -33882.121317039986025 ], [ -34095.31890895775723, -33870.585126199992374 ], [ -34100.905011760572961, -33865.249530882021645 ], [ -34106.805854736638139, -33859.74264839492389 ], [ -34112.312737223735894, -33854.629726396800834 ], [ -34117.669743437836587, -33849.807992586182081 ], [ -34118.256401992061001, -33849.538215294815018 ], [ -34118.230708916693402, -33849.088586475882039 ] ] ] ] } },
{ "type": "Feature", "properties": { "fid": 52, "OBJECTID": 57, "SITEName": "Hanazawanishi", "SITENameJP": "花沢西", "JASID": 13214000800, "Age": "[旧石器時代][縄文時代][弥生時代]", "Note": null, "Publication": "[https://sitereports.nabunken.go.jp/47868] [https://sitereports.nabunken.go.jp/47882] [https://sitereports.nabunken.go.jp/48228] [https://sitereports.nabunken.go.jp/48233] [http://doi.org/10.24484/sitereports.48238] [https://sitereports.nabunken.go.jp/48244] [https://sitereports.nabunken.go.jp/48245] [https://sitereports.nabunken.go.jp/139936] [", "notification": "20250819「遺跡地図GISの現在地」ハンズオンWS用サンプルデータ（国分寺市による正式な遺跡地図ではありません）" }, "geometry": { "type": "MultiPolygon", "coordinates": [ [ [ [ -32265.585629114131734, -33024.855372436068137 ], [ -32264.172660003983765, -33027.587112715693365 ], [ -32257.222945269622869, -33039.288590235300944 ], [ -32253.308497512618487, -33045.882446082658134 ], [ -32248.926019399634242, -33053.340598548922571 ], [ -32246.799965348767728, -33056.816602848892217 ], [ -32243.545033040812996, -33062.188181888901454 ], [ -32241.776457104697329, -33065.292597095918609 ], [ -32240.15218513146101, -33067.882898449570348 ], [ -32244.370159586196678, -33071.483353070987505 ], [ -32251.832729775349435, -33077.909745912707876 ], [ -32256.647291187706287, -33081.866059421117825 ], [ -32265.658894179108756, -33089.736820686543069 ], [ -32280.144444167592155, -33116.101777638119529 ], [ -32282.112134483948466, -33119.681299383832084 ], [ -32292.159914822783321, -33138.269693010675837 ], [ -32223.918740021537815, -33132.073561801713367 ], [ -32221.961516143037443, -33131.937498109626176 ], [ -32221.469593563946546, -33133.308601468364941 ], [ -32220.726476476385869, -33135.747281488103908 ], [ -32219.596101188268221, -33140.415312770521268 ], [ -32218.068001261737663, -33147.553423386234499 ], [ -32216.60269996232455, -33155.0683257646524 ], [ -32215.765384934082249, -33159.98755155553954 ], [ -32214.425680888907664, -33168.339768962192466 ], [ -32212.604520702494483, -33183.474238097565831 ], [ -32212.018400182732876, -33189.335443295218283 ], [ -32211.013622148850118, -33199.383223634053138 ], [ -32210.448434504796751, -33205.076965826061496 ], [ -32209.694850979383773, -33214.140901006721833 ], [ -32209.443656470910355, -33220.295166464260546 ], [ -32209.63205235226269, -33222.974574554624269 ], [ -32209.90417973644071, -33224.628271735389717 ], [ -32210.343770126266463, -33225.884244277745893 ], [ -32210.113508493501286, -33230.196416673163185 ], [ -32209.066864708205685, -33237.648520424460003 ], [ -32206.889845634792437, -33250.061715718053165 ], [ -32206.157194985087699, -33256.446242808364332 ], [ -32203.66618277607995, -33274.364784412617155 ], [ -32200.400654165958258, -33291.320413734400063 ], [ -32195.544227002192201, -33310.118136118304392 ], [ -32191.943772380767768, -33323.347713564442529 ], [ -32187.589734233937634, -33338.670578581157315 ], [ -32183.193830335698294, -33354.160906603530748 ], [ -32179.394513395065587, -33370.205955832105246 ], [ -32178.975855880955351, -33373.356353625844349 ], [ -32178.902590815981966, -33375.208913125832623 ], [ -32179.153785324455384, -33376.443952792476921 ], [ -32179.48871133575085, -33376.998673998685263 ], [ -32180.053898979815131, -33377.291734258556971 ], [ -32181.414535900694318, -33377.501063015617547 ], [ -32184.920792581437127, -33378.202314351765381 ], [ -32195.041837985249003, -33380.693326560765854 ], [ -32204.011575225231354, -33383.100607266940642 ], [ -32212.332393318327377, -33385.392757156747393 ], [ -32219.763564193926868, -33387.716306360111048 ], [ -32227.571526832227391, -33390.123587066285836 ], [ -32231.266179394322535, -33391.547022614286107 ], [ -32233.526929970557831, -33392.195941761172435 ], [ -32237.033186651293363, -33393.022790351555159 ], [ -32242.653663778328337, -33393.839172504078306 ], [ -32246.557645097480417, -33394.184564953233348 ], [ -32251.508270201928099, -33394.320628645320539 ], [ -32255.851841910905932, -33394.247363580354431 ], [ -32259.513468502500473, -33394.016494164032338 ], [ -32261.681647795005119, -33393.692642374146089 ], [ -32265.467009485149902, -33392.946036473971617 ], [ -32268.139439950275118, -33392.122676696199051 ], [ -32269.444255869275366, -33391.571444302615419 ], [ -32271.216572679044475, -33390.615509645373095 ], [ -32272.263216464336438, -33389.889836620903225 ], [ -32273.337770750571508, -33388.982745340312249 ], [ -32274.300683033041423, -33387.866325302660698 ], [ -32277.370838136572274, -33383.009898138894641 ], [ -32280.245619733515923, -33379.102428007128765 ], [ -32283.148311831395404, -33375.864809897946543 ], [ -32288.004738995172374, -33371.120024737945641 ], [ -32291.186536102468381, -33368.524348150422156 ], [ -32295.275424490351725, -33365.510014048770245 ], [ -32298.680505605174403, -33363.29112922395143 ], [ -32301.876257962943782, -33361.435080911360274 ], [ -32305.155741823531571, -33359.816271856769163 ], [ -32309.872616482600279, -33357.695073785238492 ], [ -32315.719866429779358, -33355.518054711828881 ], [ -32319.124947544605675, -33354.457455676063546 ], [ -32321.218235115193238, -33353.550364395487122 ], [ -32324.051150960724044, -33351.694316082895966 ], [ -32325.96302027519414, -33350.3127462863049 ], [ -32327.98653159342939, -33348.498563725130225 ], [ -32330.303103171550902, -33346.251768399364664 ], [ -32332.047509480373265, -33344.298033333485364 ], [ -32334.908335826847178, -33340.446384203605703 ], [ -32337.490057163897291, -33336.329585314771975 ], [ -32338.843716459552525, -33333.775774478657695 ], [ -32339.904315495310584, -33331.403381898649968 ], [ -32340.588122768378526, -33329.533378335596353 ], [ -32341.034690783435508, -33328.054121785702591 ], [ -32341.578945551791548, -33326.170162972171966 ], [ -32341.941782064026484, -33324.272248908186157 ], [ -32342.179021322022891, -33322.360379593708785 ], [ -32342.165066071553156, -33318.466864712405368 ], [ -32341.732453306965908, -33316.820145156874787 ], [ -32340.909093529204256, -33314.238423819828313 ], [ -32339.08095571755257, -33309.451772908403655 ], [ -32336.876026143203489, -33304.609300995100057 ], [ -32333.847736791085481, -33298.09219902534096 ], [ -32329.996087661202182, -33290.095840505695378 ], [ -32326.060707028493198, -33280.857464694163355 ], [ -32323.883687955087225, -33274.396183726283198 ], [ -32323.423164689553232, -33271.744686136858945 ], [ -32323.269656934378872, -33269.037367545563029 ], [ -32323.6045829456707, -33265.562510178395314 ], [ -32324.358166471083678, -33262.101608061690058 ], [ -32325.18152624884533, -33259.324513218038192 ], [ -32326.660782798728178, -33255.45890883768152 ], [ -32327.833023838258669, -33252.625992992150714 ], [ -32329.033175378732267, -33250.086137406498892 ], [ -32332.228927736498008, -33244.210976958376705 ], [ -32335.159530335320596, -33239.354549794610648 ], [ -32337.866848926616512, -33235.265661406730942 ], [ -32339.988046998154459, -33232.390879809783655 ], [ -32342.555813084742113, -33228.218259919063712 ], [ -32345.31895267791333, -33222.97108574212325 ], [ -32347.705300508387154, -33217.989061324122304 ], [ -32351.04060537085752, -33210.578823324241966 ], [ -32353.189713943334937, -33205.847993414725352 ], [ -32355.897032534630853, -33200.461266733072989 ], [ -32357.027407822744863, -33198.367979162489064 ], [ -32358.227559363214823, -33196.218870590011647 ], [ -32359.637039660745359, -33193.999985765185556 ], [ -32360.683683446037321, -33192.548639716245816 ], [ -32361.646595728503598, -33191.376398676715326 ], [ -32364.28413806745084, -33188.906319343419455 ], [ -32367.340337920511956, -33185.794298488479399 ], [ -32370.396537773573073, -33182.235709618471446 ], [ -32373.131766865808459, -33178.495702492349665 ], [ -32376.215877219809045, -33173.653230579053343 ], [ -32378.35103054180945, -33169.717849946347997 ], [ -32380.528049615222699, -33165.405677550930704 ], [ -32383.277233957931458, -33158.986262334459752 ], [ -32385.143266892438987, -33153.529596695589134 ], [ -32386.506519678292534, -33149.558899716721498 ], [ -32387.363761604767205, -33146.522834560448246 ], [ -32387.784779859932314, -33144.472801845055073 ], [ -32388.147616372170887, -33141.695707001395931 ], [ -32388.18948212358373, -33139.337269671865215 ], [ -32387.938287615110312, -33137.243982101274014 ], [ -32387.421943347701017, -33135.332112786803918 ], [ -32386.500896816643944, -33133.238825216205441 ], [ -32385.356566278052924, -33131.675837163500546 ], [ -32384.393653995583009, -33130.531506624909525 ], [ -32383.026039449465316, -33129.429041837734985 ], [ -32381.560738150059478, -33128.577771559030225 ], [ -32379.244166571941605, -33127.503217272795155 ], [ -32377.513715513585339, -33126.875231001613429 ], [ -32374.666844417584798, -33126.177468478075753 ], [ -32371.5129578112319, -33125.675079461143469 ], [ -32364.437645822639752, -33125.019182689029549 ], [ -32359.134650643809437, -33124.126046658908308 ], [ -32343.155888854984369, -33122.465371852900716 ], [ -32338.746029706271656, -33121.683877826551907 ], [ -32333.666318534978927, -33120.455815785135201 ], [ -32329.437877642390958, -33119.018424986665195 ], [ -32327.177127066148387, -33118.041557453718269 ], [ -32324.455853224382736, -33116.436703649589617 ], [ -32322.460252407086955, -33115.096999604415032 ], [ -32320.520472591673752, -33113.478190549823921 ], [ -32318.803976783790858, -33111.370947728770261 ], [ -32317.729422497563064, -33109.724228173232405 ], [ -32316.319942200025253, -33107.784448357822839 ], [ -32314.868596151081874, -33105.830713291943539 ], [ -32313.361429100259556, -33104.058396482185344 ], [ -32311.268141529671993, -33101.797645905942773 ], [ -32307.625821156845632, -33098.42047529204865 ], [ -32303.648574772727443, -33094.847931171578239 ], [ -32303.453201266136602, -33094.820020670638769 ], [ -32300.215583156954381, -33092.070836327926372 ], [ -32296.224381522373733, -33088.70762096450926 ], [ -32291.298178106251726, -33084.465224821447919 ], [ -32288.542016138315375, -33081.89048110962176 ], [ -32285.792831795602979, -33079.211073019265314 ], [ -32285.660256916133221, -33079.022677137909341 ], [ -32282.234242925602302, -33074.919833499538072 ], [ -32280.224686857833149, -33071.863633646476956 ], [ -32279.303640326772438, -33070.27273509283259 ], [ -32278.508191049946618, -33068.291089526006544 ], [ -32278.033712533946527, -33066.686235721877893 ], [ -32277.447592014181282, -33063.588170117407572 ], [ -32277.25221850759408, -33061.27159853928606 ], [ -32277.363860511355597, -33057.503680912217533 ], [ -32277.97789153206395, -33053.065911262565351 ], [ -32278.843117061242083, -33048.795604618564539 ], [ -32279.959537098893634, -33044.553208475488645 ], [ -32281.522525151602167, -33039.222302795722499 ], [ -32284.718277509371546, -33031.421317782653205 ], [ -32287.858208865258348, -33024.820484310046595 ], [ -32265.585629114131734, -33024.855372436068137 ] ] ] ] } },
{ "type": "Feature", "properties": { "fid": 53, "OBJECTID": 62, "SITEName": "Hikageyama", "SITENameJP": "日影山", "JASID": 13214000900, "Age": null, "Note": null, "Publication": "[https://sitereports.nabunken.go.jp/86422] [https://sitereports.nabunken.go.jp/47873] [] [https://sitereports.nabunken.go.jp/139911]", "notification": "20250819「遺跡地図GISの現在地」ハンズオンWS用サンプルデータ（国分寺市による正式な遺跡地図ではありません）" }, "geometry": { "type": "MultiPolygon", "coordinates": [ [ [ [ -33178.342962269671261, -33277.187591633904958 ], [ -33183.249070351521368, -33263.648254601816006 ], [ -33181.822876141683082, -33261.13815279249684 ], [ -33180.434713777438446, -33259.008369439136004 ], [ -33178.15280304170301, -33256.060901405457116 ], [ -33175.756796769164794, -33253.265560754174658 ], [ -33172.295898819953436, -33249.861710573350138 ], [ -33162.940064803413406, -33238.376093203434721 ], [ -33158.984752861470042, -33233.051634820025356 ], [ -33153.660294478060678, -33225.82558415683161 ], [ -33149.524331269516551, -33220.073267510444566 ], [ -33147.66077083532582, -33216.935640248804702 ], [ -33145.09362125761254, -33211.953468475752743 ], [ -33143.30612451460911, -33208.131267993383517 ], [ -33142.037483043975953, -33204.944708207382064 ], [ -33141.164902052252728, -33202.553189933758404 ], [ -33140.757990859689016, -33201.247503940554452 ], [ -33140.368164442334091, -33199.479023120351485 ], [ -33140.225545021356083, -33196.360411781504808 ], [ -33139.51244791643694, -33192.176908765977714 ], [ -33138.25872258257732, -33186.70291780813568 ], [ -33137.791506903216941, -33184.893810334382579 ], [ -33137.240045142076269, -33182.440756293457525 ], [ -33136.500633473340713, -33179.728733437223127 ], [ -33135.92794646902621, -33177.534648211607418 ], [ -33134.948626444929687, -33173.959654725600558 ], [ -33134.235529340010544, -33170.783995618352492 ], [ -33133.766546365935938, -33168.831166385039978 ], [ -33133.617511849071889, -33167.579812626914645 ], [ -33133.379812814098841, -33165.383473543763102 ], [ -33133.113589894928737, -33164.765456052838999 ], [ -33132.362460944415943, -33163.643516607764468 ], [ -33131.668379762289987, -33162.692720467865001 ], [ -33130.346773127836059, -33161.371113833418349 ], [ -33128.920578917997773, -33160.0019673919669 ], [ -33127.404935662503703, -33158.718320667045191 ], [ -33125.744919810756983, -33157.453833737054083 ], [ -33124.622980365682452, -33156.721720709341753 ], [ -33123.310881692625117, -33155.99911564301874 ], [ -33122.190305209085636, -33155.4322004899077 ], [ -33121.342733683050028, -33155.143399117114313 ], [ -33120.382429581753968, -33155.03881154172268 ], [ -33118.984759256112739, -33155.133891155710444 ], [ -33117.263818242900015, -33155.457161843274662 ], [ -33115.21960654213035, -33155.932559913220757 ], [ -33112.310170354052389, -33156.883356053120224 ], [ -33110.427593997061194, -33157.596453158032091 ], [ -33108.839764443437161, -33158.25250249455712 ], [ -33106.358186518315051, -33159.307886209840945 ], [ -33103.733989172200381, -33160.477365461912996 ], [ -33101.300069910917955, -33161.630757312595961 ], [ -33097.553814262893866, -33163.472373302574852 ], [ -33095.214855758757039, -33164.56578886344505 ], [ -33089.782000820188841, -33167.176494282204658 ], [ -33084.061747652231134, -33169.845945760600443 ], [ -33077.368412212948897, -33172.866239164715807 ], [ -33072.129525482137979, -33175.129133977665333 ], [ -33067.432592551063863, -33177.021218296060397 ], [ -33063.791043335266295, -33178.380856776107976 ], [ -33062.840247195374104, -33178.65658765668195 ], [ -33062.165181936048612, -33178.532984158497129 ], [ -33060.805543455993757, -33178.837238923260884 ], [ -33059.141650211182423, -33179.284113109017198 ], [ -33056.089594602119178, -33180.282449055899633 ], [ -33049.44352958426316, -33182.764026981029019 ], [ -33044.138087123654259, -33184.779714797601628 ], [ -33039.231979041804152, -33186.671799115982139 ], [ -33033.964568426781625, -33188.744534700956137 ], [ -33029.695493758656085, -33190.484491636962048 ], [ -33023.791049729916267, -33192.832958102495468 ], [ -33016.935809561276983, -33195.656822637982259 ], [ -33010.831698343165044, -33198.223972215695539 ], [ -33008.85404237217881, -33199.070180780196097 ], [ -33008.131437305855798, -33199.165260394191137 ], [ -33004.765618970632204, -33199.96392915170145 ], [ -32999.688367583599756, -33201.409139284340199 ], [ -32994.297353470399685, -33203.073032529151533 ], [ -32989.201086160566774, -33204.87954519494815 ], [ -32984.665788573271129, -33206.800153397540271 ], [ -32981.841924037791614, -33208.264379452979483 ], [ -32979.949839719403826, -33209.395826859450608 ], [ -32978.57118531656306, -33210.365638922143262 ], [ -32977.125975183924311, -33211.535118174208037 ], [ -32974.501777837816917, -33214.216363288716821 ], [ -32972.970996052594273, -33215.956320224722731 ], [ -32971.29759484637907, -33218.285770767462964 ], [ -32970.042543941723125, -33220.291950622631703 ], [ -32968.549794002086855, -33223.163354965116014 ], [ -32968.197999430325581, -33223.790880417443987 ], [ -32967.16163163784222, -33226.186886689974926 ], [ -32965.383642856242659, -33230.617596701886214 ], [ -32963.234843580088636, -33236.170246158864757 ], [ -32961.570950335270027, -33240.116050139426079 ], [ -32959.289039599520038, -33245.003142298482999 ], [ -32957.377939358331787, -33249.053533854435955 ], [ -32956.227476029060199, -33251.601667509348772 ], [ -32955.200616197973432, -33254.149801164268865 ], [ -32954.535058900051808, -33255.908774023067963 ], [ -32953.879009563526779, -33258.000525530835148 ], [ -32953.127880613013986, -33261.147660753886157 ], [ -32952.823625848242955, -33264.019065096363192 ], [ -32952.947229346420499, -33279.298359064458054 ], [ -32953.536722953162098, -33293.750460390845546 ], [ -32954.677678321037092, -33310.826759063333157 ], [ -32965.478722470223147, -33323.244156650347577 ], [ -32969.966480250528548, -33328.454519496968715 ], [ -32977.154499068121368, -33336.612350377261464 ], [ -32986.168046474318544, -33346.861932765314123 ], [ -32992.139046232849068, -33353.308330593798019 ], [ -32997.672679767027148, -33359.051139278752089 ], [ -32999.70738350640022, -33361.218954477713851 ], [ -33002.616819694478181, -33363.748072209833481 ], [ -33009.519599670100433, -33368.635164368875849 ], [ -33020.891121503227623, -33375.975310568865098 ], [ -33037.777260947754257, -33385.80654265537305 ], [ -33054.054890862746106, -33394.74402637037565 ], [ -33066.110985916595382, -33400.753057974514377 ], [ -33076.607775301024958, -33405.164752063617925 ], [ -33085.431163479239331, -33406.229643740298343 ], [ -33091.896577230516414, -33406.343739277093846 ], [ -33098.5521502097763, -33406.153580049111042 ], [ -33103.914640438779315, -33405.545070519576257 ], [ -33110.836436337202031, -33404.251987769326661 ], [ -33116.541213176569727, -33402.654650254306034 ], [ -33123.615136457381595, -33400.068484753799567 ], [ -33132.400492790002318, -33395.732854355883319 ], [ -33139.588511607595137, -33391.05493734760239 ], [ -33148.221740557833982, -33384.171173294773325 ], [ -33156.056300750562514, -33376.10842202846834 ], [ -33162.902032957797928, -33367.17093831346574 ], [ -33164.993784465557837, -33363.101530834719597 ], [ -33171.42116637124127, -33321.190436988203146 ], [ -33178.342962269671261, -33277.187591633904958 ] ] ] ] } },
{ "type": "Feature", "properties": { "fid": 56, "OBJECTID": null, "SITEName": null, "SITENameJP": null, "JASID": null, "Age": null, "Note": null, "Publication": null, "notification": null }, "geometry": { "type": "MultiPolygon", "coordinates": [ ] } },
{ "type": "Feature", "properties": { "fid": 1, "OBJECTID": 50, "SITEName": "Kumanogou", "SITENameJP": "熊ノ郷", "JASID": 13214000100, "Age": "[旧石器時代][縄文時代]", "Note": null, "Publication": null, "notification": "20250819「遺跡地図GISの現在地」ハンズオンWS用サンプルデータ（国分寺市による正式な遺跡地図ではありません）" }, "geometry": { "type": "MultiPolygon", "coordinates": [ [ [ [ 15525310.423561204224825, 4260189.080650409683585 ], [ 15525311.717574706301093, 4260206.133744592778385 ], [ 15525311.821815164759755, 4260206.383827841840684 ], [ 15525312.288869578391314, 4260206.769723161123693 ], [ 15525312.958168795332313, 4260206.762633363716304 ], [ 15525313.796553434804082, 4260206.280803882516921 ], [ 15525321.290269870311022, 4260200.460392342880368 ], [ 15525322.391993196681142, 4260199.51978811994195 ], [ 15525324.851333251222968, 4260197.656335573643446 ], [ 15525332.734136044979095, 4260191.304391861893237 ], [ 15525335.035824986174703, 4260189.411536031402647 ], [ 15525337.923096286132932, 4260188.169115087017417 ], [ 15525339.875018475577235, 4260187.773093778640032 ], [ 15525343.592264335602522, 4260187.023565673269331 ], [ 15525345.916471427306533, 4260186.787398405373096 ], [ 15525350.86707123555243, 4260186.042496201582253 ], [ 15525355.458708530291915, 4260185.41148716583848 ], [ 15525362.819936254993081, 4260184.329897223971784 ], [ 15525365.187701936811209, 4260183.949836645275354 ], [ 15525373.519105032086372, 4260184.22597336396575 ], [ 15525383.879920829087496, 4260221.142361256293952 ], [ 15525384.750136736780405, 4260226.245105600915849 ], [ 15525385.684356601908803, 4260229.561831950210035 ], [ 15525386.949499659240246, 4260232.591693286783993 ], [ 15525387.062517950311303, 4260233.053087470121682 ], [ 15525387.902932988479733, 4260234.597608289681375 ], [ 15525388.67351464740932, 4260235.637680867686868 ], [ 15525389.473046874627471, 4260236.605835353024304 ], [ 15525390.623515391722322, 4260237.690548067912459 ], [ 15525391.731950072571635, 4260238.508604503236711 ], [ 15525393.027304837480187, 4260239.197713517583907 ], [ 15525394.158509626984596, 4260239.677329754456878 ], [ 15525395.799503337591887, 4260239.978789959102869 ], [ 15525396.552079234272242, 4260240.075245384126902 ], [ 15525403.765966380015016, 4260240.059065157547593 ], [ 15525407.890645030885935, 4260239.663969139568508 ], [ 15525411.507300207391381, 4260238.971658787690103 ], [ 15525420.210843585431576, 4260237.527718039229512 ], [ 15525424.207517696544528, 4260236.844029763713479 ], [ 15525425.212271397933364, 4260236.617307728156447 ], [ 15525427.882766449823976, 4260235.820610968396068 ], [ 15525430.080690080299973, 4260234.834874549880624 ], [ 15525431.690829914063215, 4260233.78931531868875 ], [ 15525433.576022330671549, 4260232.0533302212134 ], [ 15525434.468824425712228, 4260231.077111255377531 ], [ 15525435.204459151253104, 4260229.941845217719674 ], [ 15525435.854900788515806, 4260228.57577508687973 ], [ 15525436.420951263979077, 4260226.762824166566133 ], [ 15525436.686099762097001, 4260224.876720242202282 ], [ 15525436.804359322413802, 4260223.926412139087915 ], [ 15525436.790025822818279, 4260222.086391105316579 ], [ 15525436.559806033968925, 4260220.168455597013235 ], [ 15525436.200845818966627, 4260218.299703462980688 ], [ 15525434.065999066457152, 4260212.09660276491195 ], [ 15525431.584758201614022, 4260204.409288560040295 ], [ 15525426.307525997981429, 4260188.831821870990098 ], [ 15525424.306841842830181, 4260183.047816557809711 ], [ 15525420.389816245064139, 4260171.941097790375352 ], [ 15525413.273955086246133, 4260153.295672648586333 ], [ 15525410.90233657695353, 4260146.991705984808505 ], [ 15525409.781224582344294, 4260143.796750580891967 ], [ 15525407.39481408521533, 4260137.615177382715046 ], [ 15525405.37590217217803, 4260132.882706482894719 ], [ 15525403.945252265781164, 4260130.010711515322328 ], [ 15525402.868158580735326, 4260128.479724799282849 ], [ 15525401.739961186423898, 4260127.193434910848737 ], [ 15525400.732567820698023, 4260126.202904148958623 ], [ 15525399.874687638133764, 4260125.501037471927702 ], [ 15525398.766103165224195, 4260124.726205250248313 ], [ 15525396.956162022426724, 4260123.581412102095783 ], [ 15525395.166689593344927, 4260122.717596581205726 ], [ 15525393.275999175384641, 4260122.07668178435415 ], [ 15525391.785311911255121, 4260121.855016394518316 ], [ 15525390.946268491446972, 4260121.873479039408267 ], [ 15525390.149338955059648, 4260122.136987605132163 ], [ 15525388.704216348007321, 4260123.16154102049768 ], [ 15525376.634749807417393, 4260133.11349206790328 ], [ 15525372.956853646785021, 4260134.857134217396379 ], [ 15525370.34347665682435, 4260135.726050525903702 ], [ 15525364.730953136458993, 4260137.073493985459208 ], [ 15525360.282749289646745, 4260137.705042324960232 ], [ 15525355.777783740311861, 4260134.317324594594538 ], [ 15525354.175901032984257, 4260133.144493536092341 ], [ 15525346.198925694450736, 4260126.27209504134953 ], [ 15525340.910987706854939, 4260121.325676660053432 ], [ 15525337.18131952919066, 4260117.71038318797946 ], [ 15525335.180351752787828, 4260115.873415075242519 ], [ 15525333.650662504136562, 4260114.571207387372851 ], [ 15525331.790964346379042, 4260113.310976325534284 ], [ 15525329.930569812655449, 4260112.238009690307081 ], [ 15525327.387948494404554, 4260111.436179764568806 ], [ 15525325.567630076780915, 4260111.155647294595838 ], [ 15525323.624419501051307, 4260111.141148728318512 ], [ 15525322.03890884667635, 4260111.351273045875132 ], [ 15525319.684238726273179, 4260112.06989245954901 ], [ 15525318.615022318437696, 4260112.498417090624571 ], [ 15525317.680392453446984, 4260112.933880552649498 ], [ 15525316.286397024989128, 4260113.706524953246117 ], [ 15525315.021070407703519, 4260114.587691243737936 ], [ 15525313.145423755049706, 4260116.096505988389254 ], [ 15525311.502947155386209, 4260117.714806662872434 ], [ 15525310.387642756104469, 4260119.038229368627071 ], [ 15525308.618228873237967, 4260121.164816250093281 ], [ 15525307.486514780670404, 4260122.752338103018701 ], [ 15525306.35412996634841, 4260124.519922373816371 ], [ 15525305.389032607898116, 4260126.295337798073888 ], [ 15525307.526552053168416, 4260153.08744668122381 ], [ 15525308.040365295484662, 4260158.889881488867104 ], [ 15525308.494525654241443, 4260165.306718776002526 ], [ 15525309.26210106536746, 4260174.85547791980207 ], [ 15525310.423561204224825, 4260189.080650409683585 ] ] ] ] } },
{ "type": "Feature", "properties": { "fid": 2, "OBJECTID": 75, "SITEName": "Musashikokubunjiato-souji", "SITENameJP": "武蔵国分寺跡（僧尼寺）", "JASID": 13214001001, "Age": "[奈良時代][平安時代]", "Note": "No.10武蔵国分寺跡のうち僧寺地区", "Publication": null, "notification": "20250819「遺跡地図GISの現在地」ハンズオンWS用サンプルデータ（国分寺市による正式な遺跡地図ではありません）" }, "geometry": { "type": "MultiPolygon", "coordinates": [ [ [ [ 15525632.690053069964051, 4258591.418819987215102 ], [ 15526181.508740955963731, 4258727.594638555310667 ], [ 15526387.481607848778367, 4258754.854560661129653 ], [ 15526423.093179592862725, 4258504.236944128759205 ], [ 15526447.406034188345075, 4258319.964043311774731 ], [ 15526481.61739844456315, 4258032.615439386107028 ], [ 15526377.554585088044405, 4258017.998527900315821 ], [ 15526154.780462834984064, 4258001.691352266818285 ], [ 15526119.438559893518686, 4257999.241539475508034 ], [ 15526095.499574961140752, 4257995.636289644055068 ], [ 15526085.148691792041063, 4257994.326018022373319 ], [ 15526038.981277557089925, 4257987.944783258251846 ], [ 15525981.049340123310685, 4257979.761358723044395 ], [ 15525902.30516392737627, 4257968.657019710168242 ], [ 15525794.035279398784041, 4257953.813262562267482 ], [ 15525613.240235203877091, 4257926.912379486486316 ], [ 15525632.690053069964051, 4258591.418819987215102 ] ] ] ] } },
{ "type": "Feature", "properties": { "fid": 3, "OBJECTID": 76, "SITEName": "Musashikokubunjiato-niji", "SITENameJP": "武蔵国分寺跡（僧尼寺）", "JASID": 13214001002, "Age": "[奈良時代][平安時代]", "Note": "No.10武蔵国分寺跡のうち尼寺地区", "Publication": null, "notification": "20250819「遺跡地図GISの現在地」ハンズオンWS用サンプルデータ（国分寺市による正式な遺跡地図ではありません）" }, "geometry": { "type": "MultiPolygon", "coordinates": [ [ [ [ 15525601.840291807428002, 4258122.189196823164821 ], [ 15525594.948323579505086, 4257919.049206426367164 ], [ 15525401.393507579341531, 4257917.939221601933241 ], [ 15525400.15808861143887, 4258121.352346984669566 ], [ 15525601.840291807428002, 4258122.189196823164821 ] ] ] ] } },
{ "type": "Feature", "properties": { "fid": 4, "OBJECTID": 56, "SITEName": "Takikubo", "SITENameJP": "多喜窪", "JASID": 13214001100, "Age": "[旧石器時代][縄文時代（中期）]", "Note": null, "Publication": "[https:\/\/sitereports.nabunken.go.jp\/71432] [https:\/\/sitereports.nabunken.go.jp\/48194] [https:\/\/sitereports.nabunken.go.jp\/48228] [https:\/\/sitereports.nabunken.go.jp\/47878] [https:\/\/sitereports.nabunken.go.jp\/48228] [https:\/\/sitereports.nabunken.go.jp\/48229] [https:\/\/sitereports.nabunken.go.jp\/48233] [https:\/\/sitereports.nabunken.go.jp\/48234] [https:\/\/sitereports.nabunken.go.jp\/48238] [https:\/\/sitereports.nabunken.go.jp\/48241] [https:\/\/sitereports.nabunken.go.jp\/47863] [https:\/\/sitereports.nabunken.go.jp\/139936] [https:\/\/sitereports.nabunken.go.jp\/139935]", "notification": "20250819「遺跡地図GISの現在地」ハンズオンWS用サンプルデータ（国分寺市による正式な遺跡地図ではありません）" }, "geometry": { "type": "MultiPolygon", "coordinates": [ [ [ [ 15525419.411891989409924, 4258584.892202846705914 ], [ 15525411.927422335371375, 4258628.534556645900011 ], [ 15525463.995805425569415, 4258677.22677412815392 ], [ 15525477.964311616495252, 4258684.825618914328516 ], [ 15525490.218774646520615, 4258691.843428560532629 ], [ 15525492.427348533645272, 4258692.771068614907563 ], [ 15525495.322541503235698, 4258693.662967228330672 ], [ 15525499.781376635655761, 4258694.560709475539625 ], [ 15525504.851407453417778, 4258695.192580447532237 ], [ 15525509.543325969949365, 4258694.941959973424673 ], [ 15525514.579192012548447, 4258694.501084245741367 ], [ 15525518.3576515968889, 4258693.749047517776489 ], [ 15525524.269530296325684, 4258692.103852087631822 ], [ 15525530.919102361425757, 4258689.965202959254384 ], [ 15525545.852728692814708, 4258684.12158961314708 ], [ 15525560.863889627158642, 4258677.933479721657932 ], [ 15525565.447762679308653, 4258675.958590308204293 ], [ 15525576.985696159303188, 4258670.485345656983554 ], [ 15525587.874714246019721, 4258665.162901592440903 ], [ 15525600.331463946029544, 4258658.735375605523586 ], [ 15525608.281893072649837, 4258653.938265628181398 ], [ 15525618.948563762009144, 4258646.85282451659441 ], [ 15525626.942489318549633, 4258640.600183942355216 ], [ 15525635.821627685800195, 4258632.16731383651495 ], [ 15525645.0496447365731, 4258622.203445578925312 ], [ 15525652.905408300459385, 4258612.042932094074786 ], [ 15525660.149688582867384, 4258602.224911891855299 ], [ 15525663.366365065798163, 4258598.674304057843983 ], [ 15525667.926888192072511, 4258592.67703025508672 ], [ 15525671.571123560890555, 4258586.944498675875366 ], [ 15525675.259709278121591, 4258579.526614113710821 ], [ 15525677.608826123178005, 4258573.367887927219272 ], [ 15525680.194109698757529, 4258565.218068049289286 ], [ 15525682.133177204057574, 4258556.491241377778351 ], [ 15525683.029543410986662, 4258551.284800556488335 ], [ 15525683.778728388249874, 4258544.622142950072885 ], [ 15525684.180723508819938, 4258539.030797007493675 ], [ 15525684.233127992600203, 4258535.161973086185753 ], [ 15525682.483490400016308, 4258523.548414835706353 ], [ 15525680.800806384533644, 4258514.463381928391755 ], [ 15525678.519236287102103, 4258502.311567557044327 ], [ 15525676.572991192340851, 4258492.306203573010862 ], [ 15525674.843984849750996, 4258485.442825267091393 ], [ 15525672.962574506178498, 4258478.540576860308647 ], [ 15525669.924634562805295, 4258469.833604402840137 ], [ 15525668.052688892930746, 4258465.536266978830099 ], [ 15525665.817102527245879, 4258461.601492514833808 ], [ 15525664.5076720174402, 4258459.891963550820947 ], [ 15525663.006356652826071, 4258458.507328604348004 ], [ 15525660.87684478610754, 4258456.833053811453283 ], [ 15525637.681525709107518, 4258448.625635076314211 ], [ 15525630.439361657947302, 4258447.564373688772321 ], [ 15525622.400713078677654, 4258445.312628958374262 ], [ 15525618.059208614751697, 4258443.649258804507554 ], [ 15525611.284454967826605, 4258439.946558776311576 ], [ 15525607.727516748011112, 4258437.539127399213612 ], [ 15525604.990519259124994, 4258435.134751933626831 ], [ 15525601.175119947642088, 4258430.427950882352889 ], [ 15525596.276438631117344, 4258424.740289907902479 ], [ 15525591.90643703751266, 4258420.471949385479093 ], [ 15525578.674324268475175, 4258409.754185405559838 ], [ 15525551.951056551188231, 4258365.582728898152709 ], [ 15525523.727297138422728, 4258314.721319686621428 ], [ 15525509.404689656570554, 4258294.729378256946802 ], [ 15525499.050563536584377, 4258274.139387275092304 ], [ 15525465.687175054103136, 4258241.607642907649279 ], [ 15525432.298162559047341, 4258226.313501184806228 ], [ 15525423.261927176266909, 4258225.743386126123369 ], [ 15525410.523659745231271, 4258225.925519164651632 ], [ 15525401.864091884344816, 4258226.620896422304213 ], [ 15525392.13294554874301, 4258228.327361702919006 ], [ 15525386.387931501492858, 4258229.799768670462072 ], [ 15525381.424205627292395, 4258231.409172395244241 ], [ 15525373.421763550490141, 4258234.865026939660311 ], [ 15525369.007660392671824, 4258237.376678961329162 ], [ 15525364.629698133096099, 4258240.424750490114093 ], [ 15525361.856223026290536, 4258242.731869041919708 ], [ 15525358.46915290504694, 4258245.956032779067755 ], [ 15525356.993155051022768, 4258248.038180339150131 ], [ 15525350.780224243178964, 4258257.399879572913051 ], [ 15525335.263832932338119, 4258286.760826318524778 ], [ 15525313.037285212427378, 4258328.3929822742939 ], [ 15525415.133548498153687, 4258373.575240618549287 ], [ 15525433.941992515698075, 4258343.450567974708974 ], [ 15525472.099760204553604, 4258353.256145494058728 ], [ 15525486.348676390945911, 4258305.656267036683857 ], [ 15525508.234899533912539, 4258311.962845670990646 ], [ 15525488.574460580945015, 4258373.964958400465548 ], [ 15525474.519560921937227, 4258369.200701946392655 ], [ 15525420.124744588509202, 4258557.237050886265934 ], [ 15525419.411891989409924, 4258584.892202846705914 ] ] ] ] } },
{ "type": "Feature", "properties": { "fid": 5, "OBJECTID": 31, "SITEName": "Denshououjiato", "SITENameJP": "伝祥應寺跡", "JASID": 13214001200, "Age": "[中世]", "Note": null, "Publication": "[https:\/\/sitereports.nabunken.go.jp\/48220]", "notification": "20250819「遺跡地図GISの現在地」ハンズオンWS用サンプルデータ（国分寺市による正式な遺跡地図ではありません）" }, "geometry": { "type": "MultiPolygon", "coordinates": [ [ [ [ 15525316.36872205324471, 4258330.318006441928446 ], [ 15525413.731231670826674, 4258375.350113438442349 ], [ 15525433.986784879118204, 4258345.272186181508005 ], [ 15525458.785952564328909, 4258351.875616503879428 ], [ 15525478.413906341418624, 4258274.676518256776035 ], [ 15525476.522070042788982, 4258272.049075239337981 ], [ 15525472.90610764734447, 4258266.773770165629685 ], [ 15525468.060513934120536, 4258259.704862678423524 ], [ 15525465.892958283424377, 4258256.560736002400517 ], [ 15525463.829586930572987, 4258253.574852758087218 ], [ 15525459.535569574683905, 4258247.507749854587018 ], [ 15525458.220016214996576, 4258246.282097193412483 ], [ 15525457.384914109483361, 4258245.458136593922973 ], [ 15525455.299629654735327, 4258243.411076880991459 ], [ 15525453.250337084755301, 4258241.601575186476111 ], [ 15525450.577170103788376, 4258239.192206410691142 ], [ 15525447.882348109036684, 4258236.972180094569921 ], [ 15525445.97090708091855, 4258235.397020677104592 ], [ 15525442.774254031479359, 4258232.890980559401214 ], [ 15525441.697797127068043, 4258232.171351789496839 ], [ 15525439.503210743889213, 4258230.668796921148896 ], [ 15525437.16148117929697, 4258229.291973390616477 ], [ 15525434.672217972576618, 4258228.14611485414207 ], [ 15525432.066109551116824, 4258227.431283006444573 ], [ 15525422.346842490136623, 4258227.942118134349585 ], [ 15525409.790785886347294, 4258229.200013640336692 ], [ 15525403.06147238612175, 4258230.037736001424491 ], [ 15525395.61801540851593, 4258231.335813785903156 ], [ 15525391.340350978076458, 4258232.161667630076408 ], [ 15525384.943399474024773, 4258233.779365739785135 ], [ 15525377.716002015396953, 4258236.141118312254548 ], [ 15525374.453021222725511, 4258237.391710730269551 ], [ 15525370.989650649949908, 4258238.999351266771555 ], [ 15525368.743388701230288, 4258240.127471572719514 ], [ 15525366.044667683541775, 4258241.780071962624788 ], [ 15525363.208104491233826, 4258243.874143755994737 ], [ 15525361.231734780594707, 4258245.676781765185297 ], [ 15525359.989837257191539, 4258247.187514841556549 ], [ 15525358.51451550424099, 4258249.486638536676764 ], [ 15525357.595599373802543, 4258251.48266632668674 ], [ 15525316.36872205324471, 4258330.318006441928446 ] ] ] ] } },
{ "type": "Feature", "properties": { "fid": 6, "OBJECTID": 31, "SITEName": "Kokubunji13", "SITENameJP": "国分寺市No.13", "JASID": 13214001300, "Age": "[中世]", "Note": "塚", "Publication": null, "notification": "20250819「遺跡地図GISの現在地」ハンズオンWS用サンプルデータ（国分寺市による正式な遺跡地図ではありません）" }, "geometry": { "type": "MultiPolygon", "coordinates": [ [ [ [ 15525451.883244536817074, 4258337.584956834092736 ], [ 15525452.095234533771873, 4258337.304767285473645 ], [ 15525452.247489219531417, 4258337.056598152965307 ], [ 15525452.566285610198975, 4258336.417518850415945 ], [ 15525452.839104143902659, 4258335.810511459596455 ], [ 15525452.945568881928921, 4258335.543745925650001 ], [ 15525453.04288818128407, 4258335.192593789659441 ], [ 15525453.149941667914391, 4258334.844357005320489 ], [ 15525453.30323832295835, 4258334.31520913168788 ], [ 15525453.387166811153293, 4258333.942415023222566 ], [ 15525453.504981741309166, 4258333.010949227958918 ], [ 15525453.547552580013871, 4258331.501690588891506 ], [ 15525453.472216315567493, 4258330.716903008520603 ], [ 15525453.351413574069738, 4258329.980886999517679 ], [ 15525453.192925540730357, 4258329.436753972433507 ], [ 15525453.116162348538637, 4258329.114027765579522 ], [ 15525452.975812632590532, 4258328.625237894244492 ], [ 15525452.798520123586059, 4258328.205403879284859 ], [ 15525452.714323034510016, 4258328.032353688962758 ], [ 15525452.52092038653791, 4258327.628581359051168 ], [ 15525452.343431459739804, 4258327.261718748137355 ], [ 15525452.174968980252743, 4258326.934043218381703 ], [ 15525452.013069210574031, 4258326.691608250141144 ], [ 15525451.780422352254391, 4258326.35908630117774 ], [ 15525451.600247651338577, 4258326.098157878965139 ], [ 15525451.372246431186795, 4258325.74953137896955 ], [ 15525451.256119476631284, 4258325.530299043282866 ], [ 15525451.062306923791766, 4258325.237075716257095 ], [ 15525450.829318458214402, 4258324.996677899733186 ], [ 15525450.578055057674646, 4258324.737786628305912 ], [ 15525450.267338316887617, 4258324.434913331642747 ], [ 15525449.853338155895472, 4258324.159291171468794 ], [ 15525449.428001597523689, 4258323.849079562351108 ], [ 15525449.034339306876063, 4258323.576700301840901 ], [ 15525448.636448753997684, 4258323.362459351308644 ], [ 15525448.073175275698304, 4258323.072171867825091 ], [ 15525447.583538489416242, 4258322.865648536942899 ], [ 15525447.125397190451622, 4258322.667879805900156 ], [ 15525446.287217516452074, 4258322.388367065228522 ], [ 15525445.269678398966789, 4258322.24637109413743 ], [ 15525444.284294921904802, 4258322.166967885568738 ], [ 15525443.46786186657846, 4258322.129077516496181 ], [ 15525442.614438321441412, 4258322.250252794474363 ], [ 15525441.388897066935897, 4258322.549679761752486 ], [ 15525440.916206799447536, 4258322.719782011583447 ], [ 15525440.509721072390676, 4258322.890995709225535 ], [ 15525439.934283571317792, 4258323.175582188181579 ], [ 15525439.603451004251838, 4258323.350533716380596 ], [ 15525439.269127801060677, 4258323.53929097764194 ], [ 15525438.972586326301098, 4258323.74200845323503 ], [ 15525438.66916611045599, 4258323.944700177758932 ], [ 15525438.375948628410697, 4258324.178522401489317 ], [ 15525438.175837488844991, 4258324.347053783945739 ], [ 15525437.908229380846024, 4258324.63106503803283 ], [ 15525437.599239941686392, 4258324.944286368787289 ], [ 15525437.398795537650585, 4258325.202638754621148 ], [ 15525437.226160829886794, 4258325.381637085229158 ], [ 15525437.053526118397713, 4258325.560635416768491 ], [ 15525436.901463504880667, 4258325.756984264589846 ], [ 15525436.74240680411458, 4258325.984399253502488 ], [ 15525436.572929464280605, 4258326.239412859082222 ], [ 15525436.400709174573421, 4258326.538463659584522 ], [ 15525436.233936309814453, 4258326.759804047644138 ], [ 15525436.043630499392748, 4258327.0665602395311 ], [ 15525435.870444597676396, 4258327.394108735024929 ], [ 15525435.724671075120568, 4258327.749397475272417 ], [ 15525435.5200822558254, 4258328.197743047960103 ], [ 15525435.265960864722729, 4258328.940992458723485 ], [ 15525435.093739077448845, 4258329.626682203263044 ], [ 15525434.953139495104551, 4258330.441465965472162 ], [ 15525434.862368693575263, 4258331.422262102365494 ], [ 15525434.854450302198529, 4258332.320455564185977 ], [ 15525434.91888964548707, 4258333.106354160234332 ], [ 15525435.000527255237103, 4258333.737431259825826 ], [ 15525435.11576671525836, 4258334.273053997196257 ], [ 15525435.242305537685752, 4258334.698744281195104 ], [ 15525435.390971682965755, 4258335.186126316897571 ], [ 15525435.564533742144704, 4258335.684253571555018 ], [ 15525435.723053736612201, 4258336.142307532019913 ], [ 15525435.855715813115239, 4258336.462652276270092 ], [ 15525436.037065962329507, 4258336.792967610061169 ], [ 15525436.281110195443034, 4258337.220825172960758 ], [ 15525436.465759456157684, 4258337.511711645871401 ], [ 15525436.671064162626863, 4258337.797493375837803 ], [ 15525436.855867244303226, 4258338.046923958696425 ], [ 15525437.133148785680532, 4258338.400341886095703 ], [ 15525437.400073787197471, 4258338.764085171744227 ], [ 15525437.806235576048493, 4258339.14389580860734 ], [ 15525438.099167361855507, 4258339.450733786448836 ], [ 15525438.387247703969479, 4258339.67464064527303 ], [ 15525438.695925828069448, 4258339.908988718874753 ], [ 15525438.906793404370546, 4258340.085968028753996 ], [ 15525439.122059525921941, 4258340.236189819872379 ], [ 15525439.395634731277823, 4258340.429813691414893 ], [ 15525439.6941870264709, 4258340.612303246743977 ], [ 15525440.053241614252329, 4258340.787821941077709 ], [ 15525440.389371355995536, 4258340.96210325602442 ], [ 15525440.877408737316728, 4258341.136377329006791 ], [ 15525441.311592575162649, 4258341.302388841286302 ], [ 15525442.141373774036765, 4258341.528323051519692 ], [ 15525443.404438721016049, 4258341.77660702727735 ], [ 15525443.897199355065823, 4258341.836605419404805 ], [ 15525444.559894001111388, 4258341.827569821849465 ], [ 15525445.447558976709843, 4258341.747978813946247 ], [ 15525445.872012753039598, 4258341.678169965744019 ], [ 15525446.351667296141386, 4258341.562504911795259 ], [ 15525446.900254445150495, 4258341.407944447360933 ], [ 15525447.343290694057941, 4258341.273717215284705 ], [ 15525447.804969219490886, 4258341.058949895203114 ], [ 15525448.220516730099916, 4258340.840267333202064 ], [ 15525448.51482049562037, 4258340.700013539753854 ], [ 15525448.896221393719316, 4258340.491855194792151 ], [ 15525449.185931382700801, 4258340.276444322429597 ], [ 15525449.661743152886629, 4258339.960391763597727 ], [ 15525449.951436033472419, 4258339.749587091617286 ], [ 15525450.20228605158627, 4258339.501786867156625 ], [ 15525450.455173321068287, 4258339.245645389892161 ], [ 15525450.754575345665216, 4258338.967222373001277 ], [ 15525451.086053103208542, 4258338.618385787121952 ], [ 15525451.342396784573793, 4258338.357650967314839 ], [ 15525451.528154386207461, 4258338.11795605532825 ], [ 15525451.717198193073273, 4258337.842286916449666 ], [ 15525451.883244536817074, 4258337.584956834092736 ] ] ] ] } },
{ "type": "Feature", "properties": { "fid": 7, "OBJECTID": 38, "SITEName": "Takikuboyokoanabogun", "SITENameJP": "多喜窪横穴墓群", "JASID": 13214001400, "Age": "[奈良時代]", "Note": null, "Publication": null, "notification": "20250819「遺跡地図GISの現在地」ハンズオンWS用サンプルデータ（国分寺市による正式な遺跡地図ではありません）" }, "geometry": { "type": "MultiPolygon", "coordinates": [ [ [ [ 15525258.925079967826605, 4258200.833152704872191 ], [ 15525263.610124625265598, 4258246.726860602386296 ], [ 15525273.471568897366524, 4258300.593878039158881 ], [ 15525311.375926207751036, 4258330.969035197980702 ], [ 15525413.608973953872919, 4258374.196959236636758 ], [ 15525432.644593829289079, 4258346.342355036176741 ], [ 15525470.998873783275485, 4258352.995140098966658 ], [ 15525482.264451716095209, 4258320.326945334672928 ], [ 15525486.287848152220249, 4258308.916811879724264 ], [ 15525506.850716583430767, 4258314.530482416972518 ], [ 15525487.657687410712242, 4258374.377227971330285 ], [ 15525473.744462914764881, 4258370.478113494813442 ], [ 15525456.820898005738854, 4258422.991562273353338 ], [ 15525474.381975717842579, 4258443.393501454032958 ], [ 15525488.625668494030833, 4258460.18924409057945 ], [ 15525500.040074292570353, 4258473.107381274923682 ], [ 15525510.166298074647784, 4258479.473104401491582 ], [ 15525528.105798363685608, 4258490.657866255380213 ], [ 15525557.960756506770849, 4258509.445409873500466 ], [ 15525575.245098888874054, 4258520.364016674458981 ], [ 15525606.191178798675537, 4258539.902595265768468 ], [ 15525627.383625853806734, 4258546.94668061286211 ], [ 15525635.918946709483862, 4258545.813964182510972 ], [ 15525642.441901264712214, 4258544.651774631813169 ], [ 15525648.549078535288572, 4258543.531976919621229 ], [ 15525654.329354759305716, 4258542.081379583105445 ], [ 15525658.884338669478893, 4258540.714105624705553 ], [ 15525661.600817997008562, 4258539.625621283426881 ], [ 15525664.491967724636197, 4258538.625674298964441 ], [ 15525667.580553891137242, 4258537.472657958045602 ], [ 15525671.522970214486122, 4258536.125071177259088 ], [ 15525676.454352399334311, 4258533.528763396665454 ], [ 15525680.773573657497764, 4258530.842288563959301 ], [ 15525685.027493765577674, 4258528.067682044580579 ], [ 15525688.888240130618215, 4258525.137808540835977 ], [ 15525692.048842715099454, 4258522.249273885972798 ], [ 15525694.771794425323606, 4258519.403055009432137 ], [ 15525697.979382352903485, 4258515.635819153860211 ], [ 15525700.177346542477608, 4258512.787648047320545 ], [ 15525702.289593942463398, 4258509.455777091905475 ], [ 15525704.098352808505297, 4258505.375734478235245 ], [ 15525705.515316009521484, 4258500.766911447048187 ], [ 15525706.367270851507783, 4258495.145283975638449 ], [ 15525706.171363791450858, 4258488.94849506020546 ], [ 15525705.400408986955881, 4258484.463373937644064 ], [ 15525703.106677467003465, 4258477.687522662803531 ], [ 15525699.587666001170874, 4258470.995005453005433 ], [ 15525691.232746193185449, 4258458.813529063947499 ], [ 15525646.773307161405683, 4258449.771462083794177 ], [ 15525596.570300817489624, 4258426.360268855467439 ], [ 15525583.61186140216887, 4258410.975699686445296 ], [ 15525575.646544585004449, 4258399.960152280516922 ], [ 15525565.857145715504885, 4258385.334455638192594 ], [ 15525549.979940822347999, 4258360.710943485610187 ], [ 15525535.130153138190508, 4258330.378702025860548 ], [ 15525525.186700576916337, 4258310.127784626558423 ], [ 15525519.743758883327246, 4258303.208410359919071 ], [ 15525501.102691167965531, 4258280.727885017171502 ], [ 15525497.182973409071565, 4258275.967408885248005 ], [ 15525495.308250781148672, 4258274.224660206586123 ], [ 15525489.906488347798586, 4258268.00853225402534 ], [ 15525484.37324471399188, 4258261.857827727682889 ], [ 15525475.679132714867592, 4258252.773111728020012 ], [ 15525469.794457687065005, 4258247.016578558832407 ], [ 15525466.066579598933458, 4258243.619046964682639 ], [ 15525463.559319257736206, 4258241.390562363900244 ], [ 15525460.550103107467294, 4258238.852601110003889 ], [ 15525455.533958364278078, 4258234.835051761008799 ], [ 15525450.821116790175438, 4258231.609604213386774 ], [ 15525447.853290615603328, 4258229.708964942954481 ], [ 15525443.747703226283193, 4258227.891952563077211 ], [ 15525440.470712332054973, 4258226.781122303567827 ], [ 15525436.227363606914878, 4258226.721297231502831 ], [ 15525426.168200792744756, 4258225.936615398153663 ], [ 15525411.870829991996288, 4258223.70791632682085 ], [ 15525389.271800288930535, 4258218.657736814580858 ], [ 15525377.720906935632229, 4258219.031899524852633 ], [ 15525372.733445849269629, 4258219.079116951674223 ], [ 15525365.734252505004406, 4258218.943018737249076 ], [ 15525360.355105487629771, 4258218.439479306340218 ], [ 15525355.304718671366572, 4258217.761399874463677 ], [ 15525348.704890476539731, 4258216.110769037157297 ], [ 15525345.669504452496767, 4258214.737162231467664 ], [ 15525343.26870284229517, 4258213.300021624192595 ], [ 15525341.700329517945647, 4258211.536434485577047 ], [ 15525340.702798131853342, 4258209.203735791146755 ], [ 15525340.735538490116596, 4258206.281678507104516 ], [ 15525348.904787531122565, 4258185.879057149402797 ], [ 15525352.93967442214489, 4258183.169758724980056 ], [ 15525363.553565856069326, 4258175.937088342383504 ], [ 15525372.697908155620098, 4258169.775492140091956 ], [ 15525379.453115407377481, 4258164.923208371736109 ], [ 15525386.383469028398395, 4258160.027636527083814 ], [ 15525395.727911682799459, 4258152.987932762131095 ], [ 15525405.315317722037435, 4258145.311971979215741 ], [ 15525407.641587726771832, 4258143.255397215485573 ], [ 15525410.29914184473455, 4258140.343188410624862 ], [ 15525410.873727893456817, 4258138.763418066315353 ], [ 15525411.851320786401629, 4258128.792185113765299 ], [ 15525411.910482732579112, 4258124.63986521307379 ], [ 15525411.931361993774772, 4258119.01533944811672 ], [ 15525411.659647565335035, 4258115.608801257796586 ], [ 15525411.129039462655783, 4258111.234566551633179 ], [ 15525410.051185643300414, 4258106.968139292672276 ], [ 15525408.363320965319872, 4258102.040296626277268 ], [ 15525406.823515085503459, 4258098.475216300226748 ], [ 15525405.454048659652472, 4258096.163125222548842 ], [ 15525403.976275753229856, 4258093.565005052834749 ], [ 15525402.147711748257279, 4258091.18528166692704 ], [ 15525399.926159843802452, 4258088.60634683817625 ], [ 15525396.482385970652103, 4258085.297788750380278 ], [ 15525393.996641291305423, 4258083.179255919530988 ], [ 15525389.066453641280532, 4258079.601475295610726 ], [ 15525384.831649946048856, 4258077.256676818244159 ], [ 15525377.888945862650871, 4258073.715292558073997 ], [ 15525371.384858405217528, 4258069.867955292575061 ], [ 15525362.656869426369667, 4258064.078828971832991 ], [ 15525353.05787274800241, 4258057.231824794784188 ], [ 15525342.148770498111844, 4258049.764714418910444 ], [ 15525325.564858194440603, 4258038.980659161694348 ], [ 15525316.486289940774441, 4258033.365963814780116 ], [ 15525308.889887470752001, 4258029.162968003191054 ], [ 15525301.335274884477258, 4258025.48742744512856 ], [ 15525293.971886767074466, 4258022.222765582613647 ], [ 15525288.164283886551857, 4258019.996625631116331 ], [ 15525282.595415648072958, 4258018.034810743294656 ], [ 15525279.579838575795293, 4258017.232528117485344 ], [ 15525274.728864569216967, 4258015.896046254783869 ], [ 15525267.95418318733573, 4258014.244739935733378 ], [ 15525261.702335765585303, 4258013.166638190858066 ], [ 15525251.381229534745216, 4258012.292942467145622 ], [ 15525246.568930845707655, 4258012.318789237178862 ], [ 15525238.823802653700113, 4258012.816963243298233 ], [ 15525232.564914241433144, 4258013.628315101377666 ], [ 15525223.501320810988545, 4258015.747364843264222 ], [ 15525217.326153509318829, 4258017.569684547372162 ], [ 15525210.491996914148331, 4258020.136531607247889 ], [ 15525201.025655774399638, 4258024.670848405919969 ], [ 15525194.404977167025208, 4258028.644629607908428 ], [ 15525189.449950752779841, 4258031.74584337323904 ], [ 15525184.426923021674156, 4258035.48395677562803 ], [ 15525184.425200752913952, 4258035.945339965634048 ], [ 15525185.014223957434297, 4258036.365006090141833 ], [ 15525188.030045190826058, 4258037.101404396817088 ], [ 15525200.80180879868567, 4258037.764678831212223 ], [ 15525217.162940956652164, 4258037.870201580226421 ], [ 15525246.973743412643671, 4258032.819171654991806 ], [ 15525281.489913776516914, 4258044.703364939428866 ], [ 15525279.510615143924952, 4258053.440371826291084 ], [ 15525285.571055881679058, 4258058.933915094472468 ], [ 15525287.833980368450284, 4258068.016436241567135 ], [ 15525320.871108245104551, 4258080.631015994586051 ], [ 15525316.938775174319744, 4258088.119363086298108 ], [ 15525352.198863098397851, 4258111.782682341523468 ], [ 15525358.443533625453711, 4258103.039641659706831 ], [ 15525387.050519231706858, 4258121.778369628824294 ], [ 15525385.958396662026644, 4258139.021610743366182 ], [ 15525373.933623755350709, 4258149.215096725150943 ], [ 15525347.188116701319814, 4258159.287454215809703 ], [ 15525307.985658995807171, 4258183.967790087684989 ], [ 15525258.925079967826605, 4258200.833152704872191 ] ] ] ] } },
{ "type": "Feature", "properties": { "fid": 8, "OBJECTID": 39, "SITEName": "Takikuboyokoanabo2", "SITENameJP": "多喜窪横穴墓2号", "JASID": 13214001402, "Age": "[奈良時代]", "Note": "横穴墓", "Publication": null, "notification": "20250819「遺跡地図GISの現在地」ハンズオンWS用サンプルデータ（国分寺市による正式な遺跡地図ではありません）" }, "geometry": { "type": "MultiPolygon", "coordinates": [ [ [ [ 15525319.837008880451322, 4258297.004883631132543 ], [ 15525320.379393823444843, 4258296.312890861183405 ], [ 15525321.181852284818888, 4258295.361613586544991 ], [ 15525321.616881716996431, 4258294.506554909981787 ], [ 15525322.171918340027332, 4258293.315776649862528 ], [ 15525322.597644306719303, 4258292.059447938576341 ], [ 15525323.068127786740661, 4258290.38036379776895 ], [ 15525323.217795848846436, 4258287.875917150638998 ], [ 15525323.06368188932538, 4258285.771565801464021 ], [ 15525322.32734827324748, 4258283.458989896811545 ], [ 15525321.920931469649076, 4258282.427266666665673 ], [ 15525320.761817930266261, 4258280.579404286108911 ], [ 15525320.019836572930217, 4258279.784993652254343 ], [ 15525319.234792219474912, 4258278.95788882765919 ], [ 15525318.513878624886274, 4258278.304531657136977 ], [ 15525317.25392996519804, 4258277.443111482076347 ], [ 15525315.864065926522017, 4258276.67880112119019 ], [ 15525314.537888772785664, 4258276.207522585988045 ], [ 15525312.488256394863129, 4258275.766060257330537 ], [ 15525310.761617360636592, 4258275.564382233656943 ], [ 15525309.076628930866718, 4258275.774939130060375 ], [ 15525307.736931920051575, 4258276.035591131076217 ], [ 15525305.856424100697041, 4258276.565316679887474 ], [ 15525304.357964484021068, 4258277.421802039258182 ], [ 15525303.367846699431539, 4258278.030780090019107 ], [ 15525302.706907020881772, 4258278.668104737997055 ], [ 15525302.024980658665299, 4258279.142687832936645 ], [ 15525301.601957317441702, 4258279.672464131377637 ], [ 15525300.994997624307871, 4258280.309991490095854 ], [ 15525300.419739754870534, 4258281.131989046931267 ], [ 15525299.908773638308048, 4258282.084358316846192 ], [ 15525299.430195553228259, 4258283.03684928547591 ], [ 15525298.54627007804811, 4258285.571069366298616 ], [ 15525298.458475043997169, 4258290.304229037836194 ], [ 15525299.162718676030636, 4258292.535355983301997 ], [ 15525299.668169651180506, 4258293.789758971892297 ], [ 15525299.989053960889578, 4258294.596145752817392 ], [ 15525300.503782879561186, 4258295.533390971831977 ], [ 15525301.113794768229127, 4258296.251399049535394 ], [ 15525301.446898192167282, 4258296.675573811866343 ], [ 15525301.975135210901499, 4258297.246878101490438 ], [ 15525302.540111703798175, 4258297.7369888657704 ], [ 15525303.29905398376286, 4258298.32542584463954 ], [ 15525303.847836507484317, 4258298.81547577586025 ], [ 15525304.914587648585439, 4258299.372536005452275 ], [ 15525305.496242806315422, 4258299.732578909024596 ], [ 15525307.097701696678996, 4258300.210315346717834 ], [ 15525308.165119061246514, 4258300.588448471389711 ], [ 15525310.188290376216173, 4258300.888838615268469 ], [ 15525311.937251888215542, 4258300.895405347459018 ], [ 15525314.060311732813716, 4258300.464186061173677 ], [ 15525315.860215993598104, 4258299.836557539179921 ], [ 15525316.653970573097467, 4258299.411191422492266 ], [ 15525317.714122712612152, 4258298.840428613126278 ], [ 15525318.223110985010862, 4258298.419415495358407 ], [ 15525319.121927328407764, 4258297.685383930802345 ], [ 15525319.837008880451322, 4258297.004883631132543 ] ] ] ] } },
{ "type": "Feature", "properties": { "fid": 9, "OBJECTID": 40, "SITEName": "Takikuboyokoanabo1", "SITENameJP": "多喜窪横穴墓1号", "JASID": 13214001401, "Age": "[奈良時代]", "Note": "横穴墓", "Publication": null, "notification": "20250819「遺跡地図GISの現在地」ハンズオンWS用サンプルデータ（国分寺市による正式な遺跡地図ではありません）" }, "geometry": { "type": "MultiPolygon", "coordinates": [ [ [ [ 15525525.262023383751512, 4258444.280944397673011 ], [ 15525526.738138316199183, 4258443.46710719820112 ], [ 15525527.970573956146836, 4258442.372816697694361 ], [ 15525529.184315657243133, 4258441.143504535779357 ], [ 15525529.897891031578183, 4258440.220785698853433 ], [ 15525530.632229471579194, 4258438.874010254628956 ], [ 15525531.251836471259594, 4258437.411133514717221 ], [ 15525531.698632845655084, 4258435.966890398412943 ], [ 15525531.896773401647806, 4258434.290373048745096 ], [ 15525531.868948049843311, 4258431.437004428356886 ], [ 15525531.472812179476023, 4258429.565480360761285 ], [ 15525530.769513577222824, 4258427.712088294327259 ], [ 15525529.988086467608809, 4258426.224701984785497 ], [ 15525528.937098205089569, 4258424.96765470970422 ], [ 15525527.579910868778825, 4258423.468478885479271 ], [ 15525526.967690693214536, 4258422.93602536432445 ], [ 15525524.879912976175547, 4258421.771499712020159 ], [ 15525522.780754737555981, 4258421.088901137001812 ], [ 15525520.546245019882917, 4258420.67569971922785 ], [ 15525518.876400347799063, 4258420.679101319983602 ], [ 15525516.533365733921528, 4258421.065563646145165 ], [ 15525514.794060349464417, 4258421.685626582242548 ], [ 15525513.659590728580952, 4258422.240473235026002 ], [ 15525512.800449751317501, 4258422.73529895581305 ], [ 15525512.126640787348151, 4258423.285440341569483 ], [ 15525511.350206177681684, 4258423.905887201428413 ], [ 15525510.431974107399583, 4258424.808559981174767 ], [ 15525509.635108519345522, 4258425.763096379116178 ], [ 15525509.17782275006175, 4258426.58395002502948 ], [ 15525508.411612821742892, 4258427.898472088389099 ], [ 15525507.790979918092489, 4258429.637672034092247 ], [ 15525507.355143509805202, 4258431.576777146197855 ], [ 15525507.362531626597047, 4258434.764235659502447 ], [ 15525507.765085104852915, 4258436.6293591754511 ], [ 15525508.132631873711944, 4258437.581821159459651 ], [ 15525509.935887467116117, 4258439.561425571329892 ], [ 15525509.364250876009464, 4258440.163359590806067 ], [ 15525509.835661211982369, 4258440.711354490369558 ], [ 15525510.267614150419831, 4258441.548384421505034 ], [ 15525511.045235948637128, 4258442.335295733064413 ], [ 15525511.529846522957087, 4258442.774093269370496 ], [ 15525512.333678232505918, 4258443.394019277766347 ], [ 15525513.322854382917285, 4258444.066047965548933 ], [ 15525514.204054201021791, 4258444.525605998933315 ], [ 15525515.276744017377496, 4258444.980737389065325 ], [ 15525517.287405017763376, 4258445.499460458755493 ], [ 15525519.517870837822556, 4258445.710220582783222 ], [ 15525521.802652785554528, 4258445.506688133813441 ], [ 15525523.416741520166397, 4258445.011467481032014 ], [ 15525524.680178625509143, 4258444.61615078151226 ], [ 15525525.262023383751512, 4258444.280944397673011 ] ] ] ] } },
{ "type": "Feature", "properties": { "fid": 10, "OBJECTID": 32, "SITEName": "Hachimanmae", "SITENameJP": "八幡前", "JASID": 13214001800, "Age": "[縄文時代（中期〜後期）]", "Note": null, "Publication": null, "notification": "20250819「遺跡地図GISの現在地」ハンズオンWS用サンプルデータ（国分寺市による正式な遺跡地図ではありません）" }, "geometry": { "type": "MultiPolygon", "coordinates": [ [ [ [ 15526608.720623197034001, 4258839.345996652729809 ], [ 15526608.821249712258577, 4258842.470636437647045 ], [ 15526609.23928564786911, 4258844.450114354491234 ], [ 15526610.035868549719453, 4258846.947935339994729 ], [ 15526611.124244343489408, 4258849.199572772718966 ], [ 15526612.837639221921563, 4258851.880542204715312 ], [ 15526616.124203950166702, 4258855.792217425070703 ], [ 15526617.919078985229135, 4258857.596887645311654 ], [ 15526619.424793712794781, 4258858.917255032807589 ], [ 15526622.168913945555687, 4258861.219865624792874 ], [ 15526625.315903669223189, 4258863.501463307067752 ], [ 15526628.641587518155575, 4258865.87361728772521 ], [ 15526638.500794135034084, 4258871.53989094030112 ], [ 15526641.29295345954597, 4258872.932361179031432 ], [ 15526651.133760552853346, 4258877.497193743474782 ], [ 15526657.859399745240808, 4258880.263796349987388 ], [ 15526664.74192482046783, 4258882.963534469716251 ], [ 15526674.217530980706215, 4258886.414418639615178 ], [ 15526681.660866668447852, 4258888.734076076187193 ], [ 15526687.629254803061485, 4258890.508931685239077 ], [ 15526695.549547463655472, 4258890.874821295961738 ], [ 15526702.686964210122824, 4258891.147957995533943 ], [ 15526713.918912347406149, 4258891.570799441076815 ], [ 15526726.33652662858367, 4258892.08783498313278 ], [ 15526735.931877704337239, 4258893.358843084424734 ], [ 15526750.513136954978108, 4258895.816705702804029 ], [ 15526764.322471871972084, 4258898.249276948161423 ], [ 15526768.739256529137492, 4258899.01824788749218 ], [ 15526769.958246614784002, 4258899.180000265128911 ], [ 15526770.640507752075791, 4258899.24990142788738 ], [ 15526783.503111759200692, 4258896.710375132970512 ], [ 15526799.550047436729074, 4258893.6004544403404 ], [ 15526828.773602914065123, 4258887.738538347184658 ], [ 15526828.885891305282712, 4258887.626559895463288 ], [ 15526830.900806510820985, 4258884.2398353042081 ], [ 15526835.175573360174894, 4258877.804426534101367 ], [ 15526839.022029804065824, 4258872.244068989530206 ], [ 15526841.879703415557742, 4258867.848935091868043 ], [ 15526844.198070349171758, 4258864.081204554066062 ], [ 15526845.97954692132771, 4258860.266580840572715 ], [ 15526847.064354319125414, 4258857.281083020381629 ], [ 15526847.857373720034957, 4258854.541776455007493 ], [ 15526848.471698291599751, 4258851.711917496286333 ], [ 15526848.864264680072665, 4258848.31933765579015 ], [ 15526848.869821401312947, 4258843.644182744435966 ], [ 15526848.705255948007107, 4258839.609003530815244 ], [ 15526848.435847902670503, 4258836.731001230888069 ], [ 15526847.687469631433487, 4258830.131362611427903 ], [ 15526847.079712178558111, 4258824.880841577425599 ], [ 15526846.368279941380024, 4258820.461588086560369 ], [ 15526845.718222623690963, 4258817.649645295925438 ], [ 15526844.768612558022141, 4258814.128603312186897 ], [ 15526843.660552678629756, 4258811.112716165371239 ], [ 15526841.962644001469016, 4258807.21810557320714 ], [ 15526840.451921083033085, 4258804.167049556970596 ], [ 15526839.229522606357932, 4258801.83629113715142 ], [ 15526837.216165378689766, 4258798.54741392750293 ], [ 15526833.932639023289084, 4258793.770483604632318 ], [ 15526829.332903953269124, 4258787.864961450919509 ], [ 15526822.75692536868155, 4258780.80598424281925 ], [ 15526819.578688811510801, 4258777.872524342499673 ], [ 15526816.96852695196867, 4258775.649133563041687 ], [ 15526815.261286679655313, 4258774.361789514310658 ], [ 15526812.995148165151477, 4258772.926325606182218 ], [ 15526811.72167962603271, 4258772.359803120605648 ], [ 15526808.590687314048409, 4258771.853991318494081 ], [ 15526804.530933376401663, 4258771.378533652983606 ], [ 15526795.069619322195649, 4258770.197991990484297 ], [ 15526788.090609883889556, 4258769.453482839278877 ], [ 15526783.037948992103338, 4258768.176502753049135 ], [ 15526772.911302475258708, 4258765.330262476578355 ], [ 15526751.283623520284891, 4258759.138291345909238 ], [ 15526730.203233178704977, 4258753.217983824200928 ], [ 15526720.702318159863353, 4258750.609971258789301 ], [ 15526712.59555771201849, 4258749.231981476768851 ], [ 15526697.667943570762873, 4258746.694176765158772 ], [ 15526696.147773168981075, 4258746.284083401784301 ], [ 15526682.01988036558032, 4258742.265703896991909 ], [ 15526673.145012028515339, 4258739.806022151373327 ], [ 15526664.023274756968021, 4258737.547726678662002 ], [ 15526658.142296632751822, 4258736.380067942664027 ], [ 15526655.726409303024411, 4258736.146529433317482 ], [ 15526649.485704658553004, 4258735.449567980132997 ], [ 15526646.935475923120975, 4258735.238016193732619 ], [ 15526644.719766609370708, 4258735.342350996099412 ], [ 15526642.973242059350014, 4258735.650678887963295 ], [ 15526641.785409480333328, 4258736.163325263187289 ], [ 15526640.910285737365484, 4258736.834443583153188 ], [ 15526640.281468767672777, 4258737.461503494530916 ], [ 15526639.785132151097059, 4258738.583529511466622 ], [ 15526639.423380112275481, 4258739.616138204932213 ], [ 15526639.351960213854909, 4258740.807137843221426 ], [ 15526639.412616094574332, 4258742.605485383421183 ], [ 15526639.886373024433851, 4258747.754347152076662 ], [ 15526640.004690574482083, 4258752.182668471708894 ], [ 15526639.315011009573936, 4258769.711933454498649 ], [ 15526638.521499175578356, 4258778.789619624614716 ], [ 15526637.741988055408001, 4258783.978898482397199 ], [ 15526632.568261310458183, 4258791.467312965542078 ], [ 15526626.157075783237815, 4258800.816799752414227 ], [ 15526622.9573640152812, 4258806.963791244663298 ], [ 15526619.239334369078279, 4258814.12035434320569 ], [ 15526616.758350785821676, 4258819.528231071308255 ], [ 15526608.81612509675324, 4258837.683061711490154 ], [ 15526608.720623197034001, 4258839.345996652729809 ] ] ] ] } },
{ "type": "Feature", "properties": { "fid": 11, "OBJECTID": 449, "SITEName": "Musashikokubunjiato", "SITENameJP": "武蔵国分寺跡", "JASID": 13214001200, "Age": "[旧石器時代][縄文時代][奈良時代][平安時代][中世][近世]", "Note": null, "Publication": "[https:\/\/sitereports.nabunken.go.jp\/71573] [https:\/\/sitereports.nabunken.go.jp\/71575] [[https:\/\/sitereports.nabunken.go.jp\/71575] [https:\/\/sitereports.nabunken.go.jp\/71577] [https:\/\/sitereports.nabunken.go.jp\/71432] [https:\/\/sitereports.nabunken.go.jp\/71749] [https:\/\/sitereports.nabunken.go.jp\/47858] [", "notification": "20250819「遺跡地図GISの現在地」ハンズオンWS用サンプルデータ（国分寺市による正式な遺跡地図ではありません）" }, "geometry": { "type": "MultiPolygon", "coordinates": [ [ [ [ 15525358.420894805341959, 4259371.337334960699081 ], [ 15525409.950754201039672, 4259374.255226861685514 ], [ 15525480.975522052496672, 4259382.255780921317637 ], [ 15525567.393363414332271, 4259392.422800781205297 ], [ 15525620.758055040612817, 4259396.13759851269424 ], [ 15525662.239693313837051, 4259395.061594098806381 ], [ 15525711.417825516313314, 4259395.068788870237768 ], [ 15525745.175759583711624, 4259400.292153041809797 ], [ 15525846.848207723349333, 4259402.778910415247083 ], [ 15525940.461273204535246, 4259407.695971651002765 ], [ 15526076.082411155104637, 4259411.185009597800672 ], [ 15526175.388589728623629, 4259414.714716572314501 ], [ 15526191.006083596497774, 4259415.343430193141103 ], [ 15526206.055439300835133, 4259415.794245154596865 ], [ 15526221.804993400350213, 4259416.203662890940905 ], [ 15526237.030640110373497, 4259416.303503411822021 ], [ 15526246.535442365333438, 4259413.43785888236016 ], [ 15526256.21620767377317, 4259410.309168248437345 ], [ 15526259.330609824508429, 4259408.123226183466613 ], [ 15526270.760195720940828, 4259393.310957862995565 ], [ 15526271.179842885583639, 4259386.193040609359741 ], [ 15526272.055060811340809, 4259374.110764008015394 ], [ 15526272.941297873854637, 4259358.996187958866358 ], [ 15526274.327332280576229, 4259338.785605215467513 ], [ 15526269.063530076295137, 4259330.460311739705503 ], [ 15526264.145757371559739, 4259323.234966005198658 ], [ 15526259.013226045295596, 4259314.910160874947906 ], [ 15526255.101920062676072, 4259307.644566179253161 ], [ 15526252.198350209742785, 4259299.987149971537292 ], [ 15526250.685413800179958, 4259294.927706390619278 ], [ 15526249.306770766153932, 4259289.033767271786928 ], [ 15526248.58472565561533, 4259283.054346613585949 ], [ 15526248.914481662213802, 4259276.595373424701393 ], [ 15526250.034964801743627, 4259269.260369526222348 ], [ 15526252.379535285755992, 4259262.193541855551302 ], [ 15526257.705128740519285, 4259253.511625082232058 ], [ 15526264.337511595338583, 4259246.416586203500628 ], [ 15526293.011091444641352, 4259205.915044344961643 ], [ 15526350.298952985554934, 4259141.084176329895854 ], [ 15526376.436084154993296, 4259075.963718105107546 ], [ 15526443.727160193026066, 4258978.913552670739591 ], [ 15526443.992526166141033, 4258978.123500160872936 ], [ 15526453.024701660498977, 4258972.751161602325737 ], [ 15526461.712942326441407, 4258977.792672053910792 ], [ 15526523.069246109575033, 4258924.578652646392584 ], [ 15526533.234246922656894, 4258920.48481738101691 ], [ 15526588.33983251079917, 4258889.791837876662612 ], [ 15526595.205134315416217, 4258890.783605608157814 ], [ 15526606.883954461663961, 4258903.658106409944594 ], [ 15526692.255340045318007, 4258887.752361107617617 ], [ 15526772.374857854098082, 4258896.656026502139866 ], [ 15526838.564315607771277, 4258885.997048963792622 ], [ 15526906.465934270992875, 4258885.89071677532047 ], [ 15526935.021870005875826, 4258877.380451620556414 ], [ 15526939.488266890868545, 4258614.935504956170917 ], [ 15526943.518133983016014, 4258556.615499580278993 ], [ 15526947.323033766821027, 4258520.243672047741711 ], [ 15526949.174082737416029, 4258491.950559832155704 ], [ 15526955.754297342151403, 4258388.97070162370801 ], [ 15526943.350533688440919, 4258309.652568425983191 ], [ 15526943.134517978876829, 4258296.644673903472722 ], [ 15526895.499026307836175, 4258135.818664799444377 ], [ 15526862.911434108391404, 4258146.774472297169268 ], [ 15526856.660285240039229, 4258133.217659933492541 ], [ 15526839.326149901375175, 4258136.011274909600616 ], [ 15526832.712640905752778, 4258113.708650005050004 ], [ 15526782.285340299829841, 4258122.051043941639364 ], [ 15526774.632988017052412, 4258084.496736777946353 ], [ 15526757.312632583081722, 4258083.467296861112118 ], [ 15526664.861456550657749, 4258074.783088506199419 ], [ 15526664.375070353969932, 4258064.059467999264598 ], [ 15526620.640785319730639, 4258060.38525830488652 ], [ 15526618.994110545143485, 4258031.729132394306362 ], [ 15526597.393318567425013, 4258028.838327469304204 ], [ 15526588.792432716116309, 4257939.078121835365891 ], [ 15526542.26936780102551, 4257932.493359012529254 ], [ 15526521.459083518013358, 4257928.814361989498138 ], [ 15526501.087229846045375, 4257924.873275845311582 ], [ 15526375.371271187439561, 4257921.33840643055737 ], [ 15526356.836832474917173, 4257917.403771726414561 ], [ 15526321.864948380738497, 4257910.333035375922918 ], [ 15526254.434001103043556, 4257902.967423868365586 ], [ 15526194.23494984023273, 4257903.88894023001194 ], [ 15526192.347668964415789, 4257941.627704495564103 ], [ 15526082.228580806404352, 4257943.771239736117423 ], [ 15526082.016003226861358, 4257966.048830593936145 ], [ 15526048.291280439123511, 4257964.869951687753201 ], [ 15526048.944060092791915, 4257905.946822746656835 ], [ 15525981.517033908516169, 4257897.568887716159225 ], [ 15525973.438284952193499, 4257905.580319230444729 ], [ 15525953.376121051609516, 4257900.760533842258155 ], [ 15525918.162377990782261, 4257888.151013256981969 ], [ 15525907.513759298250079, 4257881.168900131247938 ], [ 15525886.183675708249211, 4257876.168545936234295 ], [ 15525858.739798575639725, 4257868.245387386530638 ], [ 15525832.782360399141908, 4257860.591322041116655 ], [ 15525807.335697429254651, 4257856.805917100980878 ], [ 15525735.337086528539658, 4257854.517359973862767 ], [ 15525664.738383028656244, 4257852.233537493273616 ], [ 15525501.914746386930346, 4257792.78927260171622 ], [ 15525492.053206622600555, 4257845.042229394428432 ], [ 15525492.667963711544871, 4257879.845950342714787 ], [ 15525450.310497036203742, 4257879.753461063839495 ], [ 15525445.560436870902777, 4257857.116947452537715 ], [ 15525350.989488460123539, 4257836.945204275660217 ], [ 15525345.919010482728481, 4257882.899643676355481 ], [ 15525185.143298869952559, 4257849.427342073991895 ], [ 15525180.329167535528541, 4257882.189346403814852 ], [ 15525132.329388078302145, 4257873.044441045261919 ], [ 15525117.538754535838962, 4257956.081831231713295 ], [ 15525026.414572758600116, 4257955.825594395399094 ], [ 15525022.21304197050631, 4258003.003039408475161 ], [ 15525092.637235302478075, 4258005.37828850839287 ], [ 15525112.738244598731399, 4258005.607937728986144 ], [ 15525112.610330557450652, 4258016.417131726630032 ], [ 15525168.792505966499448, 4258025.285482281818986 ], [ 15525169.42726169899106, 4258036.888523482717574 ], [ 15525191.204136304557323, 4258039.387349337339401 ], [ 15525214.337253803387284, 4258041.869265386834741 ], [ 15525217.793086908757687, 4258041.926212287507951 ], [ 15525246.391191752627492, 4258033.596949134021997 ], [ 15525281.426352895796299, 4258047.086975042708218 ], [ 15525277.876094628125429, 4258054.763474112376571 ], [ 15525285.704929411411285, 4258061.164473096840084 ], [ 15525284.036359237506986, 4258068.694255907088518 ], [ 15525320.871108245104551, 4258080.631015994586051 ], [ 15525315.486599564552307, 4258087.465765861794353 ], [ 15525351.687816198915243, 4258110.978820810094476 ], [ 15525357.119082912802696, 4258103.331284144893289 ], [ 15525385.499496569857001, 4258124.178393678739667 ], [ 15525386.145587209612131, 4258138.681759552098811 ], [ 15525369.738417197018862, 4258150.92410550173372 ], [ 15525348.714256670325994, 4258157.700268357992172 ], [ 15525307.270716639235616, 4258185.052681584842503 ], [ 15525257.380404049530625, 4258201.519440448842943 ], [ 15525262.551577990874648, 4258246.096697879955173 ], [ 15525265.510899998247623, 4258262.015093963593245 ], [ 15525273.656824111938477, 4258306.647713893093169 ], [ 15525311.496437491849065, 4258330.914558865129948 ], [ 15525411.560363890603185, 4258375.101108281873167 ], [ 15525432.407199898734689, 4258345.473589974455535 ], [ 15525469.904718175530434, 4258355.940533261746168 ], [ 15525483.011561531573534, 4258307.608245534822345 ], [ 15525504.292197056114674, 4258314.323178356513381 ], [ 15525486.135493298992515, 4258373.644413791596889 ], [ 15525472.368921969085932, 4258369.791849570348859 ], [ 15525416.935221748426557, 4258559.464593314565718 ], [ 15525415.727802893146873, 4258590.089049904607236 ], [ 15525411.289794413372874, 4258618.855834688059986 ], [ 15525411.166998948901892, 4258675.499580366536975 ], [ 15525419.853705460205674, 4258680.761501265689731 ], [ 15525419.844117125496268, 4258695.131305124610662 ], [ 15525411.954946640878916, 4258734.300314581021667 ], [ 15525122.128326900303364, 4258723.565018461085856 ], [ 15525117.699086852371693, 4258743.916650500148535 ], [ 15525109.306092582643032, 4258782.97384619154036 ], [ 15525217.192890597507358, 4258783.402395254001021 ], [ 15525236.488499296829104, 4258794.680938931182027 ], [ 15525237.450830997899175, 4258794.728503895923495 ], [ 15525245.34709064476192, 4258789.045371069572866 ], [ 15525262.409667065367103, 4258789.065585324540734 ], [ 15525373.027679307386279, 4258819.802884175442159 ], [ 15525372.454994549974799, 4258832.632680485025048 ], [ 15525371.236818861216307, 4258854.336982772685587 ], [ 15525367.909114886075258, 4258902.136902523227036 ], [ 15525364.871978079900146, 4258942.379493206739426 ], [ 15525360.036050477996469, 4259019.266200669109821 ], [ 15525405.952091973274946, 4259025.414945062249899 ], [ 15525403.849803358316422, 4259049.577286632731557 ], [ 15525398.403847247362137, 4259102.292084895074368 ], [ 15525395.214282557368279, 4259136.470257013104856 ], [ 15525392.346952095627785, 4259154.565378330647945 ], [ 15525385.809716401621699, 4259194.795773863792419 ], [ 15525379.974906139075756, 4259234.36974529363215 ], [ 15525358.420894805341959, 4259371.337334960699081 ] ] ] ] } },
{ "type": "Feature", "properties": { "fid": 12, "OBJECTID": 31, "SITEName": "Koigakubo", "SITENameJP": "恋ヶ窪", "JASID": 13214000200, "Age": "[旧石器時代][縄文時代（早期・中期〜後期）][奈良時代][平安時代][中世]", "Note": null, "Publication": "[https:\/\/sitereports.nabunken.go.jp\/48190] [https:\/\/sitereports.nabunken.go.jp\/48047] [https:\/\/sitereports.nabunken.go.jp\/48201] [http:\/\/doi.org\/10.24484\/sitereports.48211] [http:\/\/doi.org\/10.24484\/sitereports.48212] [https:\/\/sitereports.nabunken.go.jp\/47868] [https:\/\/sitereports.nabunken.go.jp\/48228] [https:\/\/sitereports.nabunken.go.jp\/48232] [http:\/\/doi.org\/10.24484\/sitereports.48230] [http:\/\/doi.org\/10.24484\/sitereports.48229] [https:\/\/sitereports.nabunken.go.jp\/48233] [https:\/\/sitereports.nabunken.go.jp\/48238] [https:\/\/sitereports.nabunken.go.jp\/48240] [http:\/\/doi.org\/10.24484\/sitereports.48245] [https:\/\/sitereports.nabunken.go.jp\/48247] [http:\/\/doi.org\/10.24484\/sitereports.48249] [http:\/\/doi.org\/10.24484\/sitereports.72349] [http:\/\/doi.org\/10.24484\/sitereports.62562] [https:\/\/sitereports.nabunken.go.jp\/62564] [https:\/\/sitereports.nabunken.go.jp\/63685] [https:\/\/sitereports.nabunken.go.jp\/86600] [http:\/\/doi.org\/10.24484\/sitereports.91587] [https:\/\/sitereports.nabunken.go.jp\/139936] [https:\/\/sitereports.nabunken.go.jp\/130963]", "notification": "20250819「遺跡地図GISの現在地」ハンズオンWS用サンプルデータ（国分寺市による正式な遺跡地図ではありません）" }, "geometry": { "type": "MultiPolygon", "coordinates": [ [ [ [ 15525591.515348771587014, 4260037.618058050982654 ], [ 15525603.769684730097651, 4260047.22767267562449 ], [ 15525606.349628590047359, 4260048.79563070461154 ], [ 15525610.480205051600933, 4260050.583259233273566 ], [ 15525614.035059982910752, 4260051.757627075538039 ], [ 15525621.23817708902061, 4260053.526150221005082 ], [ 15525633.031452715396881, 4260056.197888160124421 ], [ 15525642.94151047617197, 4260058.098706680350006 ], [ 15525652.458141127601266, 4260059.448048993013799 ], [ 15525662.400542452931404, 4260060.829524214379489 ], [ 15525669.896723203361034, 4260061.49910316709429 ], [ 15525676.527510868385434, 4260061.737676247023046 ], [ 15525681.898965235799551, 4260061.131277137435973 ], [ 15525687.637939289212227, 4260059.854018040932715 ], [ 15525695.630983080714941, 4260057.775417075492442 ], [ 15525703.913183452561498, 4260055.652052695862949 ], [ 15525714.691458286717534, 4260053.09490776155144 ], [ 15525730.417432872578502, 4260049.349197438918054 ], [ 15525737.906785827130079, 4260047.742307492531836 ], [ 15525753.098988065496087, 4260044.376527796499431 ], [ 15525767.254650829359889, 4260041.617990951053798 ], [ 15525780.618711516261101, 4260039.03983118198812 ], [ 15525794.803881544619799, 4260036.525814255699515 ], [ 15525807.315383113920689, 4260034.158347945660353 ], [ 15525831.058372406288981, 4260030.060294975526631 ], [ 15525848.561543421819806, 4260026.94740071054548 ], [ 15525858.727766685187817, 4260025.365629711188376 ], [ 15525896.205300917848945, 4260000.6016606092453 ], [ 15525913.313571376726031, 4259989.023335175588727 ], [ 15525923.287426818162203, 4259981.818589884787798 ], [ 15525935.152787862345576, 4259973.12361896596849 ], [ 15525945.371764801442623, 4259965.430883454158902 ], [ 15525953.884196005761623, 4259958.556831108406186 ], [ 15525960.234685305505991, 4259952.255338169634342 ], [ 15525969.045271603390574, 4259938.721316042356193 ], [ 15525984.311423046514392, 4259915.09734748955816 ], [ 15525996.183932403102517, 4259896.105270599015057 ], [ 15526004.01507605239749, 4259884.187097009271383 ], [ 15526025.710413558408618, 4259849.312082156538963 ], [ 15526038.762921361252666, 4259827.86474393773824 ], [ 15526046.140191772952676, 4259815.25745116174221 ], [ 15526056.123470567166805, 4259797.083495383150876 ], [ 15526060.841993445530534, 4259787.812188695184886 ], [ 15526063.177866181358695, 4259781.25149143487215 ], [ 15526064.983817869797349, 4259773.842400165274739 ], [ 15526066.644748218357563, 4259764.605632182210684 ], [ 15526068.216210326179862, 4259754.260147886350751 ], [ 15526071.035512315109372, 4259729.998617874458432 ], [ 15526074.701259145513177, 4259689.058077550493181 ], [ 15526078.297611072659492, 4259636.385482264682651 ], [ 15526079.328670455142856, 4259615.24629838950932 ], [ 15526059.195694822818041, 4259605.669659498147666 ], [ 15526043.146494382992387, 4259598.96547316480428 ], [ 15526021.593961389735341, 4259590.009326585568488 ], [ 15525984.532043237239122, 4259576.489684381522238 ], [ 15525951.889601102098823, 4259563.376504759304225 ], [ 15525941.249499859288335, 4259558.822102038189769 ], [ 15525929.45510845258832, 4259553.275913700461388 ], [ 15525916.56481833383441, 4259546.264653501100838 ], [ 15525899.081784401088953, 4259535.811510013416409 ], [ 15525892.952693080529571, 4259531.572338098660111 ], [ 15525881.251999877393246, 4259524.284537982195616 ], [ 15525871.096159167587757, 4259519.269720604643226 ], [ 15525862.772687643766403, 4259516.183468781411648 ], [ 15525856.693237382918596, 4259514.999885400757194 ], [ 15525851.278507824987173, 4259515.040929183363914 ], [ 15525845.008242048323154, 4259516.117641490884125 ], [ 15525837.214801071211696, 4259517.799787542782724 ], [ 15525827.771792337298393, 4259521.370171833783388 ], [ 15525820.032218804582953, 4259524.946866690181196 ], [ 15525804.912012843415141, 4259533.751503299921751 ], [ 15525794.60287319496274, 4259541.229593782685697 ], [ 15525788.682549014687538, 4259546.401845457963645 ], [ 15525783.611918456852436, 4259552.127227473072708 ], [ 15525780.61582407169044, 4259556.210379746742547 ], [ 15525778.35112521238625, 4259559.929596418514848 ], [ 15525774.877944696694613, 4259569.66352813411504 ], [ 15525772.981189420446754, 4259572.589701524935663 ], [ 15525770.965457037091255, 4259574.782129312865436 ], [ 15525765.234364148229361, 4259578.121825180016458 ], [ 15525758.717104718089104, 4259580.175315860658884 ], [ 15525749.645567864179611, 4259581.974878785200417 ], [ 15525719.763546442613006, 4259584.797039564698935 ], [ 15525708.686163324862719, 4259586.100241277366877 ], [ 15525696.93641042150557, 4259588.256453225389123 ], [ 15525686.402051616460085, 4259590.783828070387244 ], [ 15525675.132226802408695, 4259594.775066824629903 ], [ 15525668.246533377096057, 4259597.743767091073096 ], [ 15525662.456364061683416, 4259600.594325053505599 ], [ 15525657.090025201439857, 4259603.996438477188349 ], [ 15525631.294102039188147, 4259620.583078255876899 ], [ 15525609.028274144977331, 4259636.755079548805952 ], [ 15525590.908845176920295, 4259650.375942321494222 ], [ 15525581.876821290701628, 4259657.919781582430005 ], [ 15525578.701273016631603, 4259661.14671915769577 ], [ 15525572.038070471957326, 4259669.738251680508256 ], [ 15525568.431451078504324, 4259674.369093325920403 ], [ 15525563.779731141403317, 4259681.929279789328575 ], [ 15525559.676225798204541, 4259689.308187804184854 ], [ 15525554.5260304287076, 4259700.044206693768501 ], [ 15525551.14646459184587, 4259709.075780380517244 ], [ 15525549.415405493229628, 4259716.524669322185218 ], [ 15525548.537889072671533, 4259723.487873925827444 ], [ 15525548.322129908949137, 4259732.470168719999492 ], [ 15525551.89147368259728, 4259754.360736318863928 ], [ 15525555.947992138564587, 4259776.130945164710283 ], [ 15525564.282729033380747, 4259825.538879028521478 ], [ 15525565.855298852548003, 4259844.488884738646448 ], [ 15525564.986598638817668, 4259849.068906164728105 ], [ 15525559.687296576797962, 4259867.198868803679943 ], [ 15525558.320800013840199, 4259874.771446959115565 ], [ 15525552.515367237851024, 4259888.134890357963741 ], [ 15525551.929308280348778, 4259892.102934990078211 ], [ 15525552.929880458861589, 4259901.21212877612561 ], [ 15525555.161985455080867, 4259913.365979068912566 ], [ 15525555.900389194488525, 4259920.534147999249399 ], [ 15525556.384630093351007, 4259937.646933918818831 ], [ 15525558.382399566471577, 4259956.782052244059741 ], [ 15525563.784508232027292, 4259993.102085378021002 ], [ 15525566.409914579242468, 4260007.045198911800981 ], [ 15525567.309231039136648, 4260010.63883114606142 ], [ 15525569.304287659004331, 4260014.068498341366649 ], [ 15525574.390314327552915, 4260020.718035381287336 ], [ 15525580.358413551002741, 4260027.401420729234815 ], [ 15525581.269205044955015, 4260027.893708336167037 ], [ 15525591.515348771587014, 4260037.618058050982654 ] ] ] ] } },
{ "type": "Feature", "properties": { "fid": 13, "OBJECTID": 31, "SITEName": "Tonogayatokita", "SITENameJP": "殿ヶ谷戸北", "JASID": 13214002000, "Age": "[旧石器時代][縄文時代（早期・中期）]", "Note": null, "Publication": "[https:\/\/sitereports.nabunken.go.jp\/48238] [https:\/\/sitereports.nabunken.go.jp\/48245] [https:\/\/sitereports.nabunken.go.jp\/48247] [https:\/\/sitereports.nabunken.go.jp\/48249] [https:\/\/sitereports.nabunken.go.jp\/70050]", "notification": "20250819「遺跡地図GISの現在地」ハンズオンWS用サンプルデータ（国分寺市による正式な遺跡地図ではありません）" }, "geometry": { "type": "MultiPolygon", "coordinates": [ [ [ [ 15527587.564585292711854, 4259475.667266480624676 ], [ 15527620.599628701806068, 4259477.002854496240616 ], [ 15527690.457119319587946, 4259479.871048914268613 ], [ 15527765.040130738168955, 4259483.031361834146082 ], [ 15527765.256332479417324, 4259467.030837080441415 ], [ 15527760.162967424839735, 4259431.239946411922574 ], [ 15527749.338686360046268, 4259358.736649224534631 ], [ 15527742.539732543751597, 4259313.284264831803739 ], [ 15527737.071931621059775, 4259279.883492805995047 ], [ 15527730.902961533516645, 4259243.646026717498899 ], [ 15527725.074227433651686, 4259209.216202424839139 ], [ 15527721.664107829332352, 4259209.15817294549197 ], [ 15527717.599785139784217, 4259206.373538973741233 ], [ 15527658.461756346747279, 4259231.119832301512361 ], [ 15527635.213706735521555, 4259242.371521332301199 ], [ 15527585.161974044516683, 4259312.681309616193175 ], [ 15527576.421775428578258, 4259324.812036610208452 ], [ 15527577.080264115706086, 4259358.86267850920558 ], [ 15527578.875354517251253, 4259408.159959383308887 ], [ 15527585.054926430806518, 4259408.250847007147968 ], [ 15527587.564585292711854, 4259475.667266480624676 ] ] ] ] } },
{ "type": "Feature", "properties": { "fid": 14, "OBJECTID": 71, "SITEName": "Tonogayato", "SITENameJP": "殿ヶ谷戸", "JASID": 13214002100, "Age": "[旧石器時代][縄文時代（早期・中期）]", "Note": null, "Publication": "[https:\/\/sitereports.nabunken.go.jp\/48228] [https:\/\/sitereports.nabunken.go.jp\/48229] [https:\/\/sitereports.nabunken.go.jp\/48233] [https:\/\/sitereports.nabunken.go.jp\/48238] [https:\/\/sitereports.nabunken.go.jp\/48244] [https:\/\/sitereports.nabunken.go.jp\/48245] [https:\/\/sitereports.nabunken.go.jp\/48249] [https:\/\/sitereports.nabunken.go.jp\/91587] [https:\/\/sitereports.nabunken.go.jp\/139936]", "notification": "20250819「遺跡地図GISの現在地」ハンズオンWS用サンプルデータ（国分寺市による正式な遺跡地図ではありません）" }, "geometry": { "type": "MultiPolygon", "coordinates": [ [ [ [ 15527299.145551366731524, 4259357.604590902104974 ], [ 15527309.484385648742318, 4259360.419283751398325 ], [ 15527318.294015789404511, 4259363.303656946867704 ], [ 15527320.468913864344358, 4259364.255243537016213 ], [ 15527321.55651486851275, 4259364.688136308453977 ], [ 15527322.718138290569186, 4259365.325072737410665 ], [ 15527323.72955372557044, 4259366.165252245031297 ], [ 15527325.137370459735394, 4259366.63146373257041 ], [ 15527326.556244475767016, 4259366.990462169982493 ], [ 15527329.831814117729664, 4259367.699296249076724 ], [ 15527333.577883541584015, 4259368.216754565015435 ], [ 15527337.324484504759312, 4259368.584060190245509 ], [ 15527344.423790313303471, 4259368.984779612161219 ], [ 15527348.256988938897848, 4259369.019908133894205 ], [ 15527352.112035941332579, 4259368.915685162879527 ], [ 15527358.455922124907374, 4259368.552208345383406 ], [ 15527362.055046679452062, 4259368.350541787222028 ], [ 15527366.22095825523138, 4259367.904215036891401 ], [ 15527370.109364496544003, 4259367.424721384420991 ], [ 15527375.109003379940987, 4259366.734683982096612 ], [ 15527378.880523283034563, 4259366.093891931697726 ], [ 15527379.980623641982675, 4259366.012012203224003 ], [ 15527382.598540857434273, 4259365.485083581879735 ], [ 15527386.605612203478813, 4259364.66279967688024 ], [ 15527388.144670285284519, 4259364.250001589767635 ], [ 15527392.954344457015395, 4259362.926490324549377 ], [ 15527399.324960334226489, 4259361.0401022862643 ], [ 15527403.343804907053709, 4259359.906822833232582 ], [ 15527408.430222852155566, 4259358.830971539951861 ], [ 15527412.28859824128449, 4259357.782919134013355 ], [ 15527417.152260713279247, 4259356.287986628711224 ], [ 15527421.246829515323043, 4259354.876114909537137 ], [ 15527425.502318831160665, 4259353.250310402363539 ], [ 15527429.769090140238404, 4259351.452941094525158 ], [ 15527434.378830902278423, 4259349.292133988812566 ], [ 15527437.44856995716691, 4259347.812257084995508 ], [ 15527438.186309998854995, 4259347.536027696914971 ], [ 15527439.031583089381456, 4259347.045676717534661 ], [ 15527441.834077605977654, 4259345.650649264454842 ], [ 15527446.520108141005039, 4259343.050375930964947 ], [ 15527448.905606064945459, 4259341.814741195179522 ], [ 15527455.015538970008492, 4259338.147011573426425 ], [ 15527462.753154387697577, 4259333.155145128257573 ], [ 15527466.253090366721153, 4259330.797326124273241 ], [ 15527469.7962268255651, 4259328.300232565961778 ], [ 15527474.340326350182295, 4259325.066659857518971 ], [ 15527481.149596441537142, 4259319.894518796354532 ], [ 15527485.662790251895785, 4259316.339078262448311 ], [ 15527490.545945279300213, 4259312.334494492970407 ], [ 15527495.992107266560197, 4259307.640137126669288 ], [ 15527499.301739508286119, 4259304.740015015006065 ], [ 15527501.905346242710948, 4259302.207401971332729 ], [ 15527508.718668717890978, 4259295.876950460486114 ], [ 15527513.684097487479448, 4259291.245233919471502 ], [ 15527520.192189497873187, 4259285.171100768260658 ], [ 15527528.130258951336145, 4259277.815027639269829 ], [ 15527535.875668901950121, 4259270.586971187964082 ], [ 15527543.476242514327168, 4259263.551452178508043 ], [ 15527551.494871651753783, 4259256.050873006694019 ], [ 15527559.208048535510898, 4259248.870962692424655 ], [ 15527571.228060940280557, 4259237.587887549772859 ], [ 15527577.302236082032323, 4259231.914401567541063 ], [ 15527585.208026645705104, 4259224.606470364145935 ], [ 15527597.067477110773325, 4259213.421358570456505 ], [ 15527599.772966541349888, 4259210.939377871342003 ], [ 15527605.220317367464304, 4259205.87901930231601 ], [ 15527611.222002973780036, 4259200.313864964991808 ], [ 15527618.152008917182684, 4259193.786743099801242 ], [ 15527626.094077877700329, 4259186.394475839100778 ], [ 15527657.633169921115041, 4259157.065899850800633 ], [ 15527683.901043478399515, 4259132.499673197977245 ], [ 15527683.602158168330789, 4259132.094417180866003 ], [ 15527681.246742073446512, 4259129.814729677513242 ], [ 15527677.786247186362743, 4259126.665423762053251 ], [ 15527675.906737888231874, 4259124.836864469572902 ], [ 15527671.716386342421174, 4259120.864513440988958 ], [ 15527667.537838315591216, 4259116.952532102353871 ], [ 15527663.000073773786426, 4259112.713507663458586 ], [ 15527660.677307801321149, 4259110.545542187988758 ], [ 15527649.287512974813581, 4259108.607907372526824 ], [ 15527633.00924951210618, 4259105.672617477364838 ], [ 15527562.892223300412297, 4259092.50179391913116 ], [ 15527517.137926626950502, 4259083.923603343777359 ], [ 15527452.63247049972415, 4259073.703962871804833 ], [ 15527421.820017388090491, 4259068.94300074968487 ], [ 15527380.941222008317709, 4259069.223789316602051 ], [ 15527341.26213319785893, 4259069.082263289019465 ], [ 15527304.956092113628983, 4259070.578947803005576 ], [ 15527265.594928536564112, 4259061.161466511897743 ], [ 15527227.201650634407997, 4259052.129076695069671 ], [ 15527195.188004298135638, 4259044.684633472934365 ], [ 15527171.525172609835863, 4259045.630602803081274 ], [ 15527168.694003187119961, 4259044.933284852653742 ], [ 15527166.600858561694622, 4259044.518569978885353 ], [ 15527155.941484419628978, 4259042.274623844772577 ], [ 15527154.245389992371202, 4259041.835879613645375 ], [ 15527148.109691644087434, 4259040.54982343968004 ], [ 15527144.505692390725017, 4259039.858211459591985 ], [ 15527094.380461672320962, 4259032.178833849728107 ], [ 15527086.972819060087204, 4259031.12571641523391 ], [ 15527083.426256820559502, 4259030.909371112473309 ], [ 15527081.774323962628841, 4259031.115526100620627 ], [ 15527080.480708358809352, 4259031.501123116351664 ], [ 15527079.499470960348845, 4259031.921776540577412 ], [ 15527078.669761640951037, 4259032.482953232713044 ], [ 15527078.106461336836219, 4259032.943284157663584 ], [ 15527077.805513294413686, 4259033.25609512347728 ], [ 15527077.131071535870433, 4259034.09354574419558 ], [ 15527076.705980822443962, 4259034.876749047078192 ], [ 15527076.288263477385044, 4259035.961145794019103 ], [ 15527075.900764789432287, 4259038.046713210642338 ], [ 15527075.889586510136724, 4259041.185596875846386 ], [ 15527076.355301259085536, 4259044.411030693911016 ], [ 15527076.955070186406374, 4259046.75465436372906 ], [ 15527077.655707225203514, 4259049.234378261491656 ], [ 15527078.142067149281502, 4259050.220221581868827 ], [ 15527078.660156661644578, 4259051.783062881790102 ], [ 15527079.246115917339921, 4259053.261312325485051 ], [ 15527079.597341127693653, 4259054.246670448221266 ], [ 15527080.166892094537616, 4259055.5891237789765 ], [ 15527080.619166672229767, 4259056.659681011922657 ], [ 15527081.306598594412208, 4259058.104361172765493 ], [ 15527082.144486920908093, 4259059.99072883464396 ], [ 15527083.050184750929475, 4259061.809471587650478 ], [ 15527085.399161953479052, 4259066.280281434766948 ], [ 15527087.396914605051279, 4259069.765733259730041 ], [ 15527088.707717824727297, 4259071.670768273994327 ], [ 15527093.549515383318067, 4259078.169632186181843 ], [ 15527098.861484536901116, 4259085.459162103012204 ], [ 15527103.055158507078886, 4259091.336398462764919 ], [ 15527106.459081506356597, 4259096.040061227977276 ], [ 15527111.393262697383761, 4259102.691968515515327 ], [ 15527114.233907757326961, 4259106.664019512012601 ], [ 15527116.990970268845558, 4259110.389745863154531 ], [ 15527120.394512806087732, 4259115.203698300756514 ], [ 15527122.630885438993573, 4259118.096160815097392 ], [ 15527125.581245908513665, 4259122.094059059396386 ], [ 15527129.80028609931469, 4259127.971395670436323 ], [ 15527132.044325407594442, 4259131.084461958147585 ], [ 15527133.89318379573524, 4259133.695575516670942 ], [ 15527138.146982153877616, 4259139.301562835462391 ], [ 15527139.84444866143167, 4259141.733977453783154 ], [ 15527144.316009730100632, 4259147.858250902965665 ], [ 15527145.887814093381166, 4259150.001771216280758 ], [ 15527146.332617968320847, 4259150.800830856896937 ], [ 15527147.871121587231755, 4259152.808493385091424 ], [ 15527149.787434905767441, 4259155.453785975463688 ], [ 15527152.158356700092554, 4259158.516408894211054 ], [ 15527152.964591402560472, 4259159.808817831799388 ], [ 15527157.419486120343208, 4259165.873650449328125 ], [ 15527160.286346320062876, 4259169.608263207599521 ], [ 15527161.581126088276505, 4259171.275706237182021 ], [ 15527165.281795194372535, 4259175.675036027096212 ], [ 15527165.995789462700486, 4259176.780474310740829 ], [ 15527168.594250965863466, 4259179.988137904554605 ], [ 15527170.679193384945393, 4259182.718874673359096 ], [ 15527173.134557152166963, 4259185.790286958217621 ], [ 15527175.211266707628965, 4259188.461608942598104 ], [ 15527177.464862084016204, 4259191.269304198212922 ], [ 15527178.667704759165645, 4259192.66494073998183 ], [ 15527178.919489104300737, 4259193.115478898398578 ], [ 15527179.852842066437006, 4259194.289573683403432 ], [ 15527182.930326223373413, 4259198.17765146959573 ], [ 15527185.116718675941229, 4259200.883302392438054 ], [ 15527185.553382681682706, 4259201.597497927956283 ], [ 15527189.160773327574134, 4259206.106785663403571 ], [ 15527191.388525601476431, 4259209.058612980879843 ], [ 15527192.489356556907296, 4259210.64052639901638 ], [ 15527197.22162832506001, 4259217.096615200862288 ], [ 15527197.792467020452023, 4259218.082770768553019 ], [ 15527202.852575914934278, 4259224.98118918761611 ], [ 15527203.20595577545464, 4259225.364222195930779 ], [ 15527204.609433365985751, 4259227.345955540426075 ], [ 15527207.996820705011487, 4259231.97323183901608 ], [ 15527210.064017428085208, 4259234.949938502162695 ], [ 15527215.63709506765008, 4259242.486478343605995 ], [ 15527224.575473161414266, 4259254.930185598321259 ], [ 15527239.576628278940916, 4259275.571813992224634 ], [ 15527258.904162421822548, 4259302.24393171351403 ], [ 15527299.145551366731524, 4259357.604590902104974 ] ] ] ] } },
{ "type": "Feature", "properties": { "fid": 15, "OBJECTID": 29, "SITEName": "Koigakubohaijiato", "SITENameJP": "恋ヶ窪廃寺跡", "JASID": 13214002200, "Age": "[縄文時代][平安時代][中世]", "Note": null, "Publication": "[https:\/\/sitereports.nabunken.go.jp\/71577] [https:\/\/sitereports.nabunken.go.jp\/48206] [https:\/\/sitereports.nabunken.go.jp\/139936] [https:\/\/sitereports.nabunken.go.jp\/48228]", "notification": "20250819「遺跡地図GISの現在地」ハンズオンWS用サンプルデータ（国分寺市による正式な遺跡地図ではありません）" }, "geometry": { "type": "MultiPolygon", "coordinates": [ [ [ [ 15525245.297523967921734, 4259099.472537177614868 ], [ 15525244.967205064371228, 4259159.841812588274479 ], [ 15525240.951066046953201, 4259318.94238442927599 ], [ 15525240.896763179451227, 4259322.569505504332483 ], [ 15525241.285390872508287, 4259323.324290446005762 ], [ 15525241.61588148213923, 4259323.791404501534998 ], [ 15525242.071590384468436, 4259324.199516718275845 ], [ 15525242.130207965150476, 4259324.358331559225917 ], [ 15525243.147046275436878, 4259325.131999896839261 ], [ 15525244.070303402841091, 4259325.419620968401432 ], [ 15525245.205140409991145, 4259325.423889577388763 ], [ 15525245.919971125200391, 4259325.149038184434175 ], [ 15525246.542341887950897, 4259324.969656402245164 ], [ 15525249.742774708196521, 4259324.135857073590159 ], [ 15525258.66350238211453, 4259322.424866326153278 ], [ 15525279.03178477846086, 4259318.853766165673733 ], [ 15525293.620163138955832, 4259316.265345933847129 ], [ 15525318.16161827929318, 4259312.101907577365637 ], [ 15525371.960509752854705, 4259302.272694348357618 ], [ 15525380.364404931664467, 4259238.395398259162903 ], [ 15525360.180871775373816, 4259211.195918764919043 ], [ 15525349.906205654144287, 4259184.87066334951669 ], [ 15525334.872375069186091, 4259146.910744964145124 ], [ 15525332.08960398286581, 4259140.415660050697625 ], [ 15525331.610983975231647, 4259137.030574324540794 ], [ 15525331.378884976729751, 4259133.399716823361814 ], [ 15525331.39343785867095, 4259129.487845732830465 ], [ 15525331.795904539525509, 4259125.048793664202094 ], [ 15525332.318156838417053, 4259121.420771380886436 ], [ 15525332.147708302363753, 4259120.080915128812194 ], [ 15525328.296669913455844, 4259098.938579293899238 ], [ 15525245.297523967921734, 4259099.472537177614868 ] ] ] ] } },
{ "type": "Feature", "properties": { "fid": 16, "OBJECTID": 26, "SITEName": "Kokubunji23", "SITENameJP": "国分寺市No.23", "JASID": 13214002300, "Age": "[縄文時代][奈良時代][平安時代]", "Note": null, "Publication": null, "notification": "20250819「遺跡地図GISの現在地」ハンズオンWS用サンプルデータ（国分寺市による正式な遺跡地図ではありません）" }, "geometry": { "type": "MultiPolygon", "coordinates": [ [ [ [ 15527161.020229861140251, 4258374.438284836709499 ], [ 15527230.829880438745022, 4258375.705066142603755 ], [ 15527234.189477181062102, 4258373.874214159324765 ], [ 15527234.895311135798693, 4258371.080656851641834 ], [ 15527235.949667055159807, 4258368.12947888020426 ], [ 15527238.641159370541573, 4258287.084810241125524 ], [ 15527129.755109844729304, 4258279.863439571112394 ], [ 15527128.490759754553437, 4258324.071679275482893 ], [ 15527059.397510277107358, 4258334.912542413920164 ], [ 15527058.488944133743644, 4258390.163632397539914 ], [ 15527117.252425480633974, 4258393.202539429999888 ], [ 15527114.99451794475317, 4258467.70407388266176 ], [ 15527117.268725438043475, 4258468.657510522753 ], [ 15527119.575103068724275, 4258469.460135979577899 ], [ 15527128.167282074689865, 4258469.522740267217159 ], [ 15527138.030425682663918, 4258466.889111638069153 ], [ 15527144.584368251264095, 4258465.244486299343407 ], [ 15527147.915672881528735, 4258463.318176454864442 ], [ 15527154.153935862705112, 4258460.655694963410497 ], [ 15527160.791357506066561, 4258457.772177455015481 ], [ 15527159.062427429482341, 4258435.786397989839315 ], [ 15527161.020229861140251, 4258374.438284836709499 ] ] ] ] } },
{ "type": "Feature", "properties": { "fid": 17, "OBJECTID": 21, "SITEName": "Kokubunji24", "SITENameJP": "国分寺市No.24", "JASID": 13214002400, "Age": "[縄文時代][奈良時代][平安時代]", "Note": null, "Publication": null, "notification": "20250819「遺跡地図GISの現在地」ハンズオンWS用サンプルデータ（国分寺市による正式な遺跡地図ではありません）" }, "geometry": { "type": "MultiPolygon", "coordinates": [ [ [ [ 15527452.016822513192892, 4258411.94157762080431 ], [ 15527451.692871576175094, 4258401.712972161360085 ], [ 15527454.245382724329829, 4258401.7011908730492 ], [ 15527462.800776701420546, 4258401.306979223154485 ], [ 15527463.260363031178713, 4258361.16068050544709 ], [ 15527425.878161566331983, 4258361.223239081911743 ], [ 15527424.889492215588689, 4258411.562216598540545 ], [ 15527452.016822513192892, 4258411.94157762080431 ] ] ] ] } },
{ "type": "Feature", "properties": { "fid": 18, "OBJECTID": 13, "SITEName": "Kokubunji25", "SITENameJP": "国分寺市No.25", "JASID": 13214002500, "Age": "[縄文時代][奈良時代][平安時代]", "Note": null, "Publication": null, "notification": "20250819「遺跡地図GISの現在地」ハンズオンWS用サンプルデータ（国分寺市による正式な遺跡地図ではありません）" }, "geometry": { "type": "MultiPolygon", "coordinates": [ [ [ [ 15527471.771854538470507, 4258941.378892572596669 ], [ 15527477.05212739855051, 4258912.118139337748289 ], [ 15527389.025460438802838, 4258898.856632575392723 ], [ 15527375.82721271365881, 4258897.59830919187516 ], [ 15527375.150367332622409, 4258924.390178507193923 ], [ 15527375.856443995609879, 4258930.511742246337235 ], [ 15527374.053534274920821, 4258958.2394640725106 ], [ 15527439.110286321491003, 4258964.318800700828433 ], [ 15527467.171165354549885, 4258966.59060381539166 ], [ 15527471.771854538470507, 4258941.378892572596669 ] ] ] ] } },
{ "type": "Feature", "properties": { "fid": 19, "OBJECTID": 13, "SITEName": "Kokubunji26", "SITENameJP": "国分寺市No.26", "JASID": 13214002600, "Age": "[縄文時代][奈良時代][平安時代]", "Note": null, "Publication": null, "notification": "20250819「遺跡地図GISの現在地」ハンズオンWS用サンプルデータ（国分寺市による正式な遺跡地図ではありません）" }, "geometry": { "type": "MultiPolygon", "coordinates": [ [ [ [ 15527240.366050250828266, 4258859.613165284506977 ], [ 15527237.620658094063401, 4258859.953359645791352 ], [ 15527236.028775693848729, 4258860.516441413201392 ], [ 15527234.827595785260201, 4258861.452814096584916 ], [ 15527233.056437898427248, 4258863.43719835486263 ], [ 15527231.453614249825478, 4258867.084766678512096 ], [ 15527231.119170095771551, 4258869.27117760386318 ], [ 15527229.428789662197232, 4258885.322182440198958 ], [ 15527226.92921495065093, 4258908.458186814561486 ], [ 15527225.338249580934644, 4258927.178498910740018 ], [ 15527228.341361029073596, 4258927.867409129627049 ], [ 15527282.251484207808971, 4258932.282319961115718 ], [ 15527286.839898796752095, 4258928.120363362133503 ], [ 15527290.757255347445607, 4258916.64936419762671 ], [ 15527294.381129927933216, 4258883.498082439415157 ], [ 15527294.855570754036307, 4258878.676096685230732 ], [ 15527294.86000569909811, 4258877.423705947585404 ], [ 15527294.680519793182611, 4258875.831578803248703 ], [ 15527294.278150407597423, 4258875.677008580416441 ], [ 15527293.113031569868326, 4258875.656438730657101 ], [ 15527294.104245737195015, 4258863.283587618730962 ], [ 15527240.366050250828266, 4258859.613165284506977 ] ] ] ] } },
{ "type": "Feature", "properties": { "fid": 20, "OBJECTID": 25, "SITEName": "Kokubunji27", "SITENameJP": "国分寺市No.27", "JASID": 13214002700, "Age": "[縄文時代（中期）]", "Note": null, "Publication": null, "notification": "20250819「遺跡地図GISの現在地」ハンズオンWS用サンプルデータ（国分寺市による正式な遺跡地図ではありません）" }, "geometry": { "type": "MultiPolygon", "coordinates": [ [ [ [ 15527209.462075430899858, 4258984.717437285929918 ], [ 15527211.140363927930593, 4258934.319489786401391 ], [ 15527210.508028550073504, 4258932.228779867291451 ], [ 15527208.91493302769959, 4258930.455929463729262 ], [ 15527206.279826451092958, 4258929.362108702771366 ], [ 15527203.801663402467966, 4258929.112259920686483 ], [ 15527198.245575189590454, 4258928.610412563197315 ], [ 15527195.050549305975437, 4258927.554746224544942 ], [ 15527192.217235211282969, 4258925.978263650089502 ], [ 15527189.507368255406618, 4258923.418244350701571 ], [ 15527187.996598798781633, 4258920.983008028939366 ], [ 15527187.045322561636567, 4258918.630101259797812 ], [ 15527186.854386761784554, 4258916.099188381806016 ], [ 15527186.590328462421894, 4258911.640221547335386 ], [ 15527186.633709702640772, 4258905.053754932247102 ], [ 15527186.460270442068577, 4258903.225748254917562 ], [ 15527183.314508026465774, 4258899.559707762673497 ], [ 15527181.199061501771212, 4258898.507908231578767 ], [ 15527180.180038683116436, 4258898.343607658520341 ], [ 15527178.261660002171993, 4258898.095759637653828 ], [ 15527159.038179466500878, 4258895.536794275045395 ], [ 15527155.285031901672482, 4258894.017252253368497 ], [ 15527147.504776246845722, 4258889.31044855620712 ], [ 15527139.839053381234407, 4258886.130217474885285 ], [ 15527135.002702154219151, 4258885.630921522155404 ], [ 15527129.605575559660792, 4258885.410747152753174 ], [ 15527126.085269125178456, 4258885.880062950775027 ], [ 15527118.483879191800952, 4258887.097814360633492 ], [ 15527115.56533220782876, 4258887.007014958187938 ], [ 15527098.136163542047143, 4258885.860063260421157 ], [ 15527088.061195217072964, 4258885.542745523154736 ], [ 15527082.378604855388403, 4258886.887850075028837 ], [ 15527073.773962043225765, 4258889.126103892922401 ], [ 15527065.153472512960434, 4258890.199588731862605 ], [ 15527061.902374478057027, 4258890.86062220018357 ], [ 15527059.789542829617858, 4258890.481527225114405 ], [ 15527052.555690879002213, 4258889.541832437738776 ], [ 15527047.51884981431067, 4258889.202425726689398 ], [ 15527013.06321314163506, 4258874.901219202205539 ], [ 15527012.024632917717099, 4258874.616346253082156 ], [ 15527011.185471147298813, 4258874.472758593969047 ], [ 15527010.46497193723917, 4258874.691057765856385 ], [ 15527009.42366979084909, 4258875.169256683439016 ], [ 15527008.139455124735832, 4258876.489987679757178 ], [ 15526994.530068945139647, 4258903.008332619443536 ], [ 15526993.557838998734951, 4258906.5391158554703 ], [ 15526993.146245615556836, 4258909.830944702960551 ], [ 15526992.735081953927875, 4258913.002289026044309 ], [ 15526993.922279246151447, 4258916.460525607690215 ], [ 15526994.515878167003393, 4258918.189644256606698 ], [ 15527027.26665754429996, 4258939.673907547257841 ], [ 15527042.106853557750583, 4258949.24578569829464 ], [ 15527050.764397909864783, 4258954.618525441735983 ], [ 15527060.402781650424004, 4258959.65340506285429 ], [ 15527064.814105104655027, 4258961.617142020724714 ], [ 15527067.957931786775589, 4258963.014047312550247 ], [ 15527069.943681087344885, 4258963.995124499313533 ], [ 15527072.128243662416935, 4258965.288175438530743 ], [ 15527074.984975213184953, 4258965.900878064334393 ], [ 15527076.382423240691423, 4258966.468174524605274 ], [ 15527080.190748834982514, 4258966.532059835270047 ], [ 15527083.706507148221135, 4258967.347940497100353 ], [ 15527086.485416077077389, 4258967.357922517694533 ], [ 15527089.339075025171041, 4258968.834105199202895 ], [ 15527093.331715803593397, 4258970.475028039887547 ], [ 15527096.800416141748428, 4258973.278782497160137 ], [ 15527103.621370732784271, 4258977.901888891123235 ], [ 15527107.828929092735052, 4258980.949270027689636 ], [ 15527110.38013961724937, 4258983.1472900044173 ], [ 15527114.175400232896209, 4258985.480303769931197 ], [ 15527120.040387535467744, 4258989.07582672405988 ], [ 15527122.755111303180456, 4258990.270366565324366 ], [ 15527124.313859542831779, 4258990.456692025065422 ], [ 15527127.850406672805548, 4258991.051740364171565 ], [ 15527136.33952078409493, 4258993.210816813632846 ], [ 15527145.134089425206184, 4258993.804639583453536 ], [ 15527163.527198951691389, 4258993.790266840718687 ], [ 15527173.285960761830211, 4258993.102318920195103 ], [ 15527179.285902883857489, 4258992.481218754313886 ], [ 15527186.647310435771942, 4258991.302716348320246 ], [ 15527197.771811487153172, 4258988.852484138682485 ], [ 15527204.095331506803632, 4258987.188301428221166 ], [ 15527209.462075430899858, 4258984.717437285929918 ] ] ] ] } },
{ "type": "Feature", "properties": { "fid": 21, "OBJECTID": 43, "SITEName": "Honcho", "SITENameJP": "本町（国分寺村石器時代）", "JASID": 13214002800, "Age": "[旧石器時代][縄文時代（中期）][奈良時代][平安時代]", "Note": null, "Publication": "[https:\/\/sitereports.nabunken.go.jp\/47868] [https:\/\/sitereports.nabunken.go.jp\/72349] [https:\/\/sitereports.nabunken.go.jp\/91587]", "notification": "20250819「遺跡地図GISの現在地」ハンズオンWS用サンプルデータ（国分寺市による正式な遺跡地図ではありません）" }, "geometry": { "type": "MultiPolygon", "coordinates": [ [ [ [ 15527199.897017490118742, 4259475.731680847704411 ], [ 15527159.375486444681883, 4259476.876587762497365 ], [ 15527143.075713615864515, 4259479.984800025820732 ], [ 15527102.32397460564971, 4259480.1903967987746 ], [ 15527101.386407751590014, 4259483.082409397698939 ], [ 15527101.135049786418676, 4259486.167614624835551 ], [ 15527100.92255143634975, 4259508.963970446027815 ], [ 15527101.370546823367476, 4259518.42163260653615 ], [ 15527108.360307032242417, 4259533.71060954220593 ], [ 15527116.29483344219625, 4259548.016332140192389 ], [ 15527123.446162002161145, 4259565.707967813126743 ], [ 15527129.751510765403509, 4259581.351518770679832 ], [ 15527131.259029628708959, 4259584.084051415324211 ], [ 15527131.731590174138546, 4259585.930566097609699 ], [ 15527138.567880854010582, 4259614.816761227324605 ], [ 15527141.916743487119675, 4259625.325828257016838 ], [ 15527144.833128876984119, 4259634.318413049913943 ], [ 15527167.004496965557337, 4259630.129210444167256 ], [ 15527234.123795503750443, 4259613.568470368161798 ], [ 15527252.841937003657222, 4259601.496405186131597 ], [ 15527266.448589242994785, 4259592.308853269554675 ], [ 15527276.905688958242536, 4259582.230394823476672 ], [ 15527285.702062075957656, 4259571.62314217723906 ], [ 15527288.381236702203751, 4259567.66235113888979 ], [ 15527299.991675924509764, 4259542.289424701593816 ], [ 15527300.897621314972639, 4259533.760203132405877 ], [ 15527306.176025059074163, 4259477.526574169285595 ], [ 15527307.454828374087811, 4259462.621422554366291 ], [ 15527313.946988672018051, 4259397.464301906526089 ], [ 15527310.555578367784619, 4259390.701079746708274 ], [ 15527300.910020887851715, 4259381.870397138409317 ], [ 15527248.211536396294832, 4259376.09640343580395 ], [ 15527191.108312990516424, 4259370.94337032455951 ], [ 15527214.946962440386415, 4259448.991175357252359 ], [ 15527199.897017490118742, 4259475.731680847704411 ] ] ] ] } },
{ "type": "Feature", "properties": { "fid": 22, "OBJECTID": 47, "SITEName": "Kokubunji29", "SITENameJP": "国分寺市No.29", "JASID": 13214002900, "Age": "[旧石器時代][縄文時代][奈良時代][平安時代]", "Note": null, "Publication": null, "notification": "20250819「遺跡地図GISの現在地」ハンズオンWS用サンプルデータ（国分寺市による正式な遺跡地図ではありません）" }, "geometry": { "type": "MultiPolygon", "coordinates": [ [ [ [ 15527577.251964638009667, 4259324.240948752500117 ], [ 15527558.727767711505294, 4259336.352232050150633 ], [ 15527530.430696584284306, 4259355.586617815308273 ], [ 15527499.576775901019573, 4259376.965046822093427 ], [ 15527487.124983290210366, 4259383.904043567366898 ], [ 15527471.020048359408975, 4259391.732042585499585 ], [ 15527453.438653688877821, 4259399.292896641418338 ], [ 15527436.497608272358775, 4259405.983097473159432 ], [ 15527411.183452121913433, 4259415.082749902270734 ], [ 15527384.792032880708575, 4259423.659613519906998 ], [ 15527364.950712637975812, 4259425.839035470038652 ], [ 15527349.321963120251894, 4259432.766573136672378 ], [ 15527326.206625197082758, 4259443.294802197255194 ], [ 15527324.682167693972588, 4259464.782425086013973 ], [ 15527322.384076103568077, 4259492.047971402294934 ], [ 15527319.954858528450131, 4259523.619514648802578 ], [ 15527317.548181174322963, 4259548.818904238753021 ], [ 15527316.377984873950481, 4259552.054231810383499 ], [ 15527315.519426206126809, 4259554.543840506114066 ], [ 15527313.866372589021921, 4259559.236218773759902 ], [ 15527311.73767120577395, 4259564.471941592171788 ], [ 15527307.127441747114062, 4259573.844239832833409 ], [ 15527308.811792911961675, 4259572.666961054317653 ], [ 15527310.630505062639713, 4259571.722941394895315 ], [ 15527313.93560403957963, 4259570.968513760715723 ], [ 15527316.947895476594567, 4259571.095661163330078 ], [ 15527319.861223008483648, 4259571.901394126005471 ], [ 15527322.329752400517464, 4259572.880122696049511 ], [ 15527324.469425542280078, 4259574.012862904928625 ], [ 15527345.703446712344885, 4259598.588717049919069 ], [ 15527351.57620651088655, 4259600.821081994101405 ], [ 15527356.321259364485741, 4259602.467471115291119 ], [ 15527360.604979828000069, 4259603.50116519536823 ], [ 15527366.395160352811217, 4259604.511133249849081 ], [ 15527371.028766019269824, 4259604.905926145613194 ], [ 15527375.520306682214141, 4259604.514577815309167 ], [ 15527378.679609529674053, 4259604.031185131520033 ], [ 15527381.601388098672032, 4259603.132305308245122 ], [ 15527383.965447645634413, 4259602.25325964204967 ], [ 15527385.881447857245803, 4259601.103464432992041 ], [ 15527388.234157962724566, 4259599.336903972551227 ], [ 15527389.716993682086468, 4259597.800022586248815 ], [ 15527390.618919609114528, 4259596.69753291644156 ], [ 15527391.522078897804022, 4259595.245877887122333 ], [ 15527390.898753354325891, 4259550.288137622177601 ], [ 15527411.98723260499537, 4259542.274219165556133 ], [ 15527412.076536566019058, 4259467.756492332555354 ], [ 15527586.897632706910372, 4259476.90332720708102 ], [ 15527585.922345537692308, 4259408.230753359384835 ], [ 15527579.491885367780924, 4259408.091559032909572 ], [ 15527577.251964638009667, 4259324.240948752500117 ] ] ] ] } },
{ "type": "Feature", "properties": { "fid": 23, "OBJECTID": 53, "SITEName": "Koigakubominami", "SITENameJP": "恋ヶ窪南", "JASID": 13214000300, "Age": "[旧石器時代][縄文時代（早期・中期）]", "Note": null, "Publication": "[https:\/\/sitereports.nabunken.go.jp\/48199],[https:\/\/sitereports.nabunken.go.jp\/48233]", "notification": "20250819「遺跡地図GISの現在地」ハンズオンWS用サンプルデータ（国分寺市による正式な遺跡地図ではありません）" }, "geometry": { "type": "MultiPolygon", "coordinates": [ [ [ [ 15526075.148447412997484, 4259411.831809385679662 ], [ 15525985.332645135000348, 4259408.065529177896678 ], [ 15525979.98761291988194, 4259413.456826447509229 ], [ 15525970.600062357261777, 4259422.961308581754565 ], [ 15525966.299016825854778, 4259427.352884827181697 ], [ 15525962.426081558689475, 4259432.973789532668889 ], [ 15525958.24277001991868, 4259438.966011160984635 ], [ 15525953.023488514125347, 4259446.575308092869818 ], [ 15525950.289723677560687, 4259450.520896710455418 ], [ 15525949.171468731015921, 4259452.106628073379397 ], [ 15525948.600391786545515, 4259453.349509160034359 ], [ 15525947.785900346934795, 4259456.367587882094085 ], [ 15525947.432115741074085, 4259460.152989558875561 ], [ 15525947.381057752296329, 4259462.842813861556351 ], [ 15525947.56588658131659, 4259464.874802325852215 ], [ 15525947.760223446413875, 4259466.186040433123708 ], [ 15525948.016235729679465, 4259467.531994065269828 ], [ 15525948.376514652743936, 4259468.53345961868763 ], [ 15525948.88023953139782, 4259469.74237977899611 ], [ 15525949.303306004032493, 4259470.475076087750494 ], [ 15525949.794889517128468, 4259471.249410570599139 ], [ 15525950.57533622905612, 4259471.900658347643912 ], [ 15525950.635526088997722, 4259474.214984246529639 ], [ 15525950.856977131217718, 4259475.622888332232833 ], [ 15525951.40788615681231, 4259477.07339533790946 ], [ 15525952.02181014418602, 4259478.193056408315897 ], [ 15525955.952867263928056, 4259484.829169527627528 ], [ 15525958.325179632753134, 4259489.576510205864906 ], [ 15525959.959812911227345, 4259493.245117756538093 ], [ 15525963.465239631012082, 4259497.975956169888377 ], [ 15525967.095788953825831, 4259502.293408131226897 ], [ 15525974.380830792710185, 4259510.017931968905032 ], [ 15525980.70356049016118, 4259516.124885768629611 ], [ 15525986.371696105226874, 4259520.967177870683372 ], [ 15525990.808112613856792, 4259524.625446433201432 ], [ 15525995.369499441236258, 4259527.911710276268423 ], [ 15525999.377320498228073, 4259530.471690499223769 ], [ 15526002.153568716719747, 4259531.80626308824867 ], [ 15526005.856773566454649, 4259533.164949676021934 ], [ 15526008.675965957343578, 4259534.023750939406455 ], [ 15526017.916599879041314, 4259536.54096301458776 ], [ 15526024.893959481269121, 4259538.284192433580756 ], [ 15526029.463912844657898, 4259539.232218861579895 ], [ 15526037.162830788642168, 4259540.833255076780915 ], [ 15526043.483469350263476, 4259541.891196315176785 ], [ 15526049.06437393091619, 4259542.429092123173177 ], [ 15526052.360111329704523, 4259542.544707930646837 ], [ 15526056.110577076673508, 4259542.248148132115602 ], [ 15526063.695347353816032, 4259541.262175125069916 ], [ 15526074.579783702269197, 4259539.315807566978037 ], [ 15526084.227644510567188, 4259537.509721325710416 ], [ 15526091.855801533907652, 4259535.923805030994117 ], [ 15526101.896580712869763, 4259533.705300156027079 ], [ 15526110.98979908414185, 4259531.462605078704655 ], [ 15526114.392312923446298, 4259530.543968156911433 ], [ 15526117.836480611935258, 4259529.501328370533884 ], [ 15526122.271443957462907, 4259527.924328778870404 ], [ 15526127.036998435854912, 4259526.07954144012183 ], [ 15526131.370767088606954, 4259524.005545536056161 ], [ 15526137.666730806231499, 4259520.531676908954978 ], [ 15526141.569239255040884, 4259518.083625861443579 ], [ 15526148.261060366407037, 4259513.390351395122707 ], [ 15526151.028716811910272, 4259511.434743952006102 ], [ 15526154.519809298217297, 4259508.819636967033148 ], [ 15526158.073003796860576, 4259506.121987885795534 ], [ 15526168.505291126668453, 4259498.214434207417071 ], [ 15526178.958842560648918, 4259490.120722114108503 ], [ 15526188.049798870459199, 4259482.829004117287695 ], [ 15526200.5926463752985, 4259472.363330259919167 ], [ 15526207.536744084209204, 4259466.263880738988519 ], [ 15526211.236526260152459, 4259462.904605770483613 ], [ 15526212.953228330239654, 4259461.027901163324714 ], [ 15526218.022736251354218, 4259454.90087410621345 ], [ 15526229.342892475426197, 4259440.747460736893117 ], [ 15526242.691202130168676, 4259424.035646158270538 ], [ 15526251.066372545436025, 4259413.859885792247951 ], [ 15526254.542753875255585, 4259409.610022719018161 ], [ 15526255.183795180171728, 4259408.945047392509878 ], [ 15526258.366368714720011, 4259406.17878001742065 ], [ 15526259.260536471381783, 4259405.302637067623436 ], [ 15526260.454802634194493, 4259404.044787305407226 ], [ 15526261.380491388961673, 4259402.998048488982022 ], [ 15526262.903601849451661, 4259401.014585256576538 ], [ 15526263.999614384025335, 4259399.386503149755299 ], [ 15526265.118809081614017, 4259397.528301747515798 ], [ 15526267.344848215579987, 4259393.51409527938813 ], [ 15526268.233901079744101, 4259391.792727578431368 ], [ 15526268.918758718296885, 4259389.987227087840438 ], [ 15526269.600875120609999, 4259387.821741471067071 ], [ 15526270.160384440794587, 4259385.407688081264496 ], [ 15526271.387159610167146, 4259378.948936507105827 ], [ 15526272.340056482702494, 4259366.1646239599213 ], [ 15526272.550585575401783, 4259353.584525938145816 ], [ 15526272.186184506863356, 4259340.48502932395786 ], [ 15526267.21295309253037, 4259325.816734615713358 ], [ 15526229.572809910401702, 4259320.940123192034662 ], [ 15526214.535409169271588, 4259309.338699697516859 ], [ 15526191.14307402446866, 4259295.306287509389222 ], [ 15526178.499639807268977, 4259293.852760144509375 ], [ 15526154.802554754540324, 4259295.627922447398305 ], [ 15526138.070011734962463, 4259296.973434048704803 ], [ 15526120.618182718753815, 4259303.489299791865051 ], [ 15526089.492880202829838, 4259308.547715379856527 ], [ 15526080.200264181941748, 4259337.234183781780303 ], [ 15526078.103377088904381, 4259369.878760506398976 ], [ 15526075.148447412997484, 4259411.831809385679662 ] ] ] ] } },
{ "type": "Feature", "properties": { "fid": 24, "OBJECTID": 31, "SITEName": "Kokubunji30", "SITENameJP": "国分寺市No.30", "JASID": 13214003000, "Age": "[縄文時代][奈良時代][平安時代]", "Note": null, "Publication": null, "notification": "20250819「遺跡地図GISの現在地」ハンズオンWS用サンプルデータ（国分寺市による正式な遺跡地図ではありません）" }, "geometry": { "type": "MultiPolygon", "coordinates": [ [ [ [ 15527107.691950792446733, 4260038.582496349699795 ], [ 15527070.141673222184181, 4259937.707048242911696 ], [ 15527051.243054684251547, 4259888.065271122381091 ], [ 15527089.343377536162734, 4259872.091428710147738 ], [ 15527090.099769910797477, 4259870.933739135973155 ], [ 15527133.417303970083594, 4259852.259450011886656 ], [ 15527142.894133230671287, 4259847.955627799965441 ], [ 15527145.317290404811502, 4259846.507068394683301 ], [ 15527146.611866505816579, 4259845.108432790264487 ], [ 15527147.074543569236994, 4259843.436951930634677 ], [ 15527146.658401077613235, 4259839.576442710123956 ], [ 15527142.037192886695266, 4259824.501618203707039 ], [ 15527138.028111651539803, 4259822.395813752897084 ], [ 15527133.910702869296074, 4259820.532494247891009 ], [ 15527129.537441475316882, 4259818.843664850108325 ], [ 15527125.243340497836471, 4259817.559909120202065 ], [ 15527121.322872955352068, 4259816.97913071513176 ], [ 15527118.448560256510973, 4259816.86086936108768 ], [ 15527111.996801355853677, 4259817.917151436209679 ], [ 15527105.812167858704925, 4259819.406166152097285 ], [ 15527098.603586135432124, 4259821.741561745293438 ], [ 15527095.079244690015912, 4259823.091701153665781 ], [ 15527090.423585565760732, 4259825.260851514525712 ], [ 15527086.65403369627893, 4259827.568114125169814 ], [ 15527069.523968458175659, 4259839.596338556148112 ], [ 15527063.624271230772138, 4259844.054830688051879 ], [ 15527058.753377432003617, 4259846.304156289435923 ], [ 15527054.446195209398866, 4259848.690437696874142 ], [ 15527039.77408716455102, 4259857.030369740910828 ], [ 15527021.490400047972798, 4259868.56864928919822 ], [ 15527018.682428320869803, 4259872.444557177834213 ], [ 15527015.483402883633971, 4259880.501922147348523 ], [ 15527012.846451165154576, 4259889.155012466944754 ], [ 15527010.051092742010951, 4259904.554107177071273 ], [ 15527015.861991116777062, 4259925.003656767308712 ], [ 15527018.734811311587691, 4259940.612106679007411 ], [ 15527054.439727341756225, 4260054.056892395950854 ], [ 15527056.124360110610723, 4260056.302841395139694 ], [ 15527057.544796185567975, 4260057.292961215600371 ], [ 15527059.490579767152667, 4260057.880169787444174 ], [ 15527061.355185870081186, 4260058.629006158560514 ], [ 15527063.627026665955782, 4260058.191893202252686 ], [ 15527065.534769827499986, 4260058.144777541980147 ], [ 15527069.462386438623071, 4260056.742095469497144 ], [ 15527085.271297605708241, 4260049.890323054045439 ], [ 15527096.599360575899482, 4260045.127395528368652 ], [ 15527098.109093608334661, 4260043.675540244206786 ], [ 15527105.615326097235084, 4260040.787941882386804 ], [ 15527107.691950792446733, 4260038.582496349699795 ] ] ] ] } },
{ "type": "Feature", "properties": { "fid": 25, "OBJECTID": 13, "SITEName": "Nagayato", "SITENameJP": "長谷戸", "JASID": 13214003200, "Age": "[縄文時代（早期・中期〜後期）]", "Note": null, "Publication": null, "notification": "20250819「遺跡地図GISの現在地」ハンズオンWS用サンプルデータ（国分寺市による正式な遺跡地図ではありません）" }, "geometry": { "type": "MultiPolygon", "coordinates": [ [ [ [ 15527835.339301753789186, 4259066.860619426704943 ], [ 15527837.053787829354405, 4259064.638055398128927 ], [ 15527837.458802934736013, 4259062.696596797555685 ], [ 15527837.35992144420743, 4259058.429520753212273 ], [ 15527836.85496099665761, 4259056.408665848895907 ], [ 15527835.261101119220257, 4259051.241075059399009 ], [ 15527834.282988920807838, 4259048.951884136535227 ], [ 15527831.290966480970383, 4259042.312684744596481 ], [ 15527827.533661793917418, 4259036.305031246505678 ], [ 15527806.821340523660183, 4259044.207415086217225 ], [ 15527805.846288811415434, 4259046.470673160627484 ], [ 15527805.554449716582894, 4259048.583957607857883 ], [ 15527805.511131072416902, 4259050.126682502217591 ], [ 15527805.788658361881971, 4259052.108640041202307 ], [ 15527806.049885051324964, 4259053.328625272959471 ], [ 15527812.127793924883008, 4259066.874055757187307 ], [ 15527812.910148562863469, 4259068.200643057003617 ], [ 15527814.13997308537364, 4259069.004990437999368 ], [ 15527815.199792848899961, 4259069.618259398266673 ], [ 15527818.374296236783266, 4259070.162790583446622 ], [ 15527832.739256760105491, 4259067.441943662241101 ], [ 15527835.339301753789186, 4259066.860619426704943 ] ] ] ] } },
{ "type": "Feature", "properties": { "fid": 28, "OBJECTID": 13, "SITEName": "Kokubunji34", "SITENameJP": "国分寺市No.34", "JASID": 13214003400, "Age": "[縄文時代][奈良時代][平安時代]", "Note": null, "Publication": null, "notification": "20250819「遺跡地図GISの現在地」ハンズオンWS用サンプルデータ（国分寺市による正式な遺跡地図ではありません）" }, "geometry": { "type": "MultiPolygon", "coordinates": [ [ [ [ 15525246.868414780125022, 4259515.467122983187437 ], [ 15525262.32425843924284, 4259502.304090859368443 ], [ 15525263.640684647485614, 4259473.309248602949083 ], [ 15525257.819035284221172, 4259460.543079844675958 ], [ 15525235.339087411761284, 4259459.374828591011465 ], [ 15525235.370123863220215, 4259451.052159717306495 ], [ 15525228.339995361864567, 4259449.898664137348533 ], [ 15525223.953019628301263, 4259445.894156217575073 ], [ 15525185.150659622624516, 4259447.265231077559292 ], [ 15525181.910545028746128, 4259459.737201469019055 ], [ 15525161.625543598085642, 4259460.180937526747584 ], [ 15525158.667795272544026, 4259512.577475919388235 ], [ 15525218.546978631988168, 4259518.394925085827708 ], [ 15525223.53235730342567, 4259512.388305944390595 ], [ 15525246.868414780125022, 4259515.467122983187437 ] ] ] ] } },
{ "type": "Feature", "properties": { "fid": 29, "OBJECTID": 26, "SITEName": "Kokubunji35", "SITENameJP": "国分寺市No.35", "JASID": 13214003500, "Age": "[縄文時代（中期）]", "Note": null, "Publication": null, "notification": "20250819「遺跡地図GISの現在地」ハンズオンWS用サンプルデータ（国分寺市による正式な遺跡地図ではありません）" }, "geometry": { "type": "MultiPolygon", "coordinates": [ [ [ [ 15524755.295101437717676, 4259491.456766910851002 ], [ 15524695.356664229184389, 4259476.663316627033055 ], [ 15524706.909320931881666, 4259516.246735253371298 ], [ 15524709.783519897609949, 4259518.934120857156813 ], [ 15524724.464548913761973, 4259523.018502165563405 ], [ 15524722.67529066465795, 4259509.450176700949669 ], [ 15524722.708082240074873, 4259506.222030218690634 ], [ 15524724.365710891783237, 4259503.724365760572255 ], [ 15524735.769161827862263, 4259506.458025178872049 ], [ 15524748.304177012294531, 4259509.609862464480102 ], [ 15524749.788783891126513, 4259509.284409698098898 ], [ 15524751.748880695551634, 4259508.526191830635071 ], [ 15524754.061322467401624, 4259507.210575644858181 ], [ 15524755.218480056151748, 4259506.304442453198135 ], [ 15524756.439669087529182, 4259504.808772725053132 ], [ 15524757.186383165419102, 4259503.476849372498691 ], [ 15524757.602369286119938, 4259502.433383804745972 ], [ 15524758.001539567485452, 4259500.386193627491593 ], [ 15524757.916246505454183, 4259498.419935945421457 ], [ 15524757.450789347290993, 4259496.193556265905499 ], [ 15524756.062490278854966, 4259492.835840181447566 ], [ 15524755.295101437717676, 4259491.456766910851002 ] ] ] ] } },
{ "type": "Feature", "properties": { "fid": 30, "OBJECTID": 17, "SITEName": "Kokubunji36", "SITENameJP": "国分寺市No.36", "JASID": 13214003600, "Age": "[縄文時代]", "Note": null, "Publication": null, "notification": "20250819「遺跡地図GISの現在地」ハンズオンWS用サンプルデータ（国分寺市による正式な遺跡地図ではありません）" }, "geometry": { "type": "MultiPolygon", "coordinates": [ [ [ [ 15524745.706089375540614, 4259934.086778039112687 ], [ 15524741.661779308691621, 4259901.275791351683438 ], [ 15524681.132585389539599, 4259925.39192486833781 ], [ 15524695.022285340353847, 4259956.298072342760861 ], [ 15524745.706089375540614, 4259934.086778039112687 ] ] ] ] } },
{ "type": "Feature", "properties": { "fid": 31, "OBJECTID": 51, "SITEName": "Kokubunji37", "SITENameJP": "国分寺市No.37", "JASID": 13214003700, "Age": "[旧石器時代][縄文時代][奈良時代][平安時代]", "Note": null, "Publication": "[https:\/\/sitereports.nabunken.go.jp\/48210] [https:\/\/sitereports.nabunken.go.jp\/48247]", "notification": "20250819「遺跡地図GISの現在地」ハンズオンWS用サンプルデータ（国分寺市による正式な遺跡地図ではありません）" }, "geometry": { "type": "MultiPolygon", "coordinates": [ [ [ [ 15525340.389382367953658, 4260005.212137928232551 ], [ 15525347.456626636907458, 4259991.531519568525255 ], [ 15525319.521174596622586, 4259918.359815925359726 ], [ 15525312.643776828423142, 4259900.395200751721859 ], [ 15525307.424807427451015, 4259886.056651976890862 ], [ 15525301.834675142541528, 4259874.720918429084122 ], [ 15525301.130472045391798, 4259873.683783525601029 ], [ 15525300.540034957230091, 4259868.024202638305724 ], [ 15525296.000159945338964, 4259851.229042229242623 ], [ 15525293.639422092586756, 4259842.114473878405988 ], [ 15525290.566706478595734, 4259832.738594748079777 ], [ 15525288.69804411008954, 4259815.641159238293767 ], [ 15525286.460170848295093, 4259802.960327479988337 ], [ 15525284.640844648703933, 4259775.644159659743309 ], [ 15525283.912242103368044, 4259737.786153746768832 ], [ 15525255.397833654657006, 4259738.443254029378295 ], [ 15525206.143103623762727, 4259741.822490742430091 ], [ 15525202.365385018289089, 4259741.67432026937604 ], [ 15525159.12469138763845, 4259737.632119236513972 ], [ 15525092.945166638121009, 4259731.703880321234465 ], [ 15525082.872069112956524, 4259731.137554818764329 ], [ 15524938.892172459512949, 4259730.755049248225987 ], [ 15524937.511107614263892, 4259730.730547213926911 ], [ 15524913.114619817584753, 4259739.886697176843882 ], [ 15524880.822491016238928, 4259736.796919706277549 ], [ 15524836.044884672388434, 4259732.594821911305189 ], [ 15524834.711460392922163, 4259735.658424349501729 ], [ 15524835.105844909325242, 4259759.746286020614207 ], [ 15524835.459023082628846, 4259781.654067530296743 ], [ 15524837.087145360186696, 4259782.296099737286568 ], [ 15524837.720907790586352, 4259863.610093278810382 ], [ 15524837.857647867873311, 4259888.428106679581106 ], [ 15524835.781413767486811, 4259889.614850792102516 ], [ 15524835.328558066859841, 4259965.545644585974514 ], [ 15524838.693666525185108, 4259986.442375643178821 ], [ 15524841.81523584574461, 4260012.187448192387819 ], [ 15525340.389382367953658, 4260005.212137928232551 ] ] ] ] } },
{ "type": "Feature", "properties": { "fid": 32, "OBJECTID": 25, "SITEName": "Kokubunji38", "SITENameJP": "国分寺市No.38", "JASID": 13214003800, "Age": "[縄文時代][奈良時代][平安時代]", "Note": null, "Publication": null, "notification": "20250819「遺跡地図GISの現在地」ハンズオンWS用サンプルデータ（国分寺市による正式な遺跡地図ではありません）" }, "geometry": { "type": "MultiPolygon", "coordinates": [ [ [ [ 15525541.870936919003725, 4260149.11696551926434 ], [ 15525529.893842667341232, 4260084.080060224980116 ], [ 15525527.219680614769459, 4260081.265695876441896 ], [ 15525451.164004957303405, 4260088.891063790768385 ], [ 15525460.563982194289565, 4260160.21034590061754 ], [ 15525541.870936919003725, 4260149.11696551926434 ] ] ] ] } },
{ "type": "Feature", "properties": { "fid": 33, "OBJECTID": 10, "SITEName": "Kokuunji39", "SITENameJP": "国分寺市No.39", "JASID": 13214003900, "Age": "[縄文時代][奈良時代][平安時代]", "Note": null, "Publication": null, "notification": "20250819「遺跡地図GISの現在地」ハンズオンWS用サンプルデータ（国分寺市による正式な遺跡地図ではありません）" }, "geometry": { "type": "MultiPolygon", "coordinates": [ [ [ [ 15525325.422134371474385, 4259611.945992982015014 ], [ 15525338.98958626203239, 4259612.024635566398501 ], [ 15525375.858021698892117, 4259610.3503004508093 ], [ 15525384.15966235473752, 4259606.232314141467214 ], [ 15525383.65270365960896, 4259602.31412026938051 ], [ 15525386.751930659636855, 4259596.9876081738621 ], [ 15525388.57358649931848, 4259561.207412354648113 ], [ 15525376.502007003873587, 4259560.814782549627125 ], [ 15525360.182914270088077, 4259560.413598865270615 ], [ 15525331.141142191365361, 4259558.109514512121677 ], [ 15525330.412933919578791, 4259558.040262552909553 ], [ 15525324.125055519863963, 4259604.579708871431649 ], [ 15525325.422134371474385, 4259611.945992982015014 ] ] ] ] } },
{ "type": "Feature", "properties": { "fid": 34, "OBJECTID": 31, "SITEName": "Kokubunji40", "SITENameJP": "国分寺市No.40", "JASID": 13214004000, "Age": "[縄文時代][奈良時代][平安時代]", "Note": null, "Publication": null, "notification": "20250819「遺跡地図GISの現在地」ハンズオンWS用サンプルデータ（国分寺市による正式な遺跡地図ではありません）" }, "geometry": { "type": "MultiPolygon", "coordinates": [ [ [ [ 15524197.06840362213552, 4259257.441068783402443 ], [ 15524201.834868561476469, 4259257.478760741651058 ], [ 15524234.837884515523911, 4259222.20186116732657 ], [ 15524235.610429834574461, 4259221.090141627937555 ], [ 15524235.741371028125286, 4259220.333224011585116 ], [ 15524235.769388111308217, 4259219.413485132157803 ], [ 15524235.599617479369044, 4259218.573039011098444 ], [ 15524235.142876651138067, 4259217.383986923843622 ], [ 15524232.962766479700804, 4259214.50870958250016 ], [ 15524231.70421383343637, 4259211.897609557025135 ], [ 15524231.134699249640107, 4259210.042082078754902 ], [ 15524230.803677747026086, 4259206.131434340961277 ], [ 15524231.075646836310625, 4259202.860194711014628 ], [ 15524232.188655965030193, 4259198.289074905216694 ], [ 15524233.876045761629939, 4259194.299336134456098 ], [ 15524235.11028641089797, 4259191.863184626214206 ], [ 15524238.162213120609522, 4259186.72879002802074 ], [ 15524215.592719960957766, 4259167.954077125526965 ], [ 15524214.476793467998505, 4259168.258661697618663 ], [ 15524198.080925201997161, 4259153.484668539837003 ], [ 15524183.524581260979176, 4259140.184981003403664 ], [ 15524174.217775505036116, 4259131.268573616631329 ], [ 15524148.09123725630343, 4259107.885408237576485 ], [ 15524149.366680534556508, 4259106.075629863888025 ], [ 15524124.142441337928176, 4259084.665088021196425 ], [ 15524092.109811548143625, 4259121.298656269907951 ], [ 15524077.393801772966981, 4259139.659091415815055 ], [ 15524077.231901476159692, 4259141.782061444595456 ], [ 15524077.865057455375791, 4259143.740793912671506 ], [ 15524193.914183681830764, 4259255.479032422415912 ], [ 15524197.06840362213552, 4259257.441068783402443 ] ] ] ] } },
{ "type": "Feature", "properties": { "fid": 36, "OBJECTID": 16, "SITEName": "Kokuunji46", "SITENameJP": "国分寺市No.46", "JASID": 13214004600, "Age": "[奈良時代][平安時代]", "Note": null, "Publication": null, "notification": "20250819「遺跡地図GISの現在地」ハンズオンWS用サンプルデータ（国分寺市による正式な遺跡地図ではありません）" }, "geometry": { "type": "MultiPolygon", "coordinates": [ [ [ [ 15522671.523213893175125, 4260092.625332344323397 ], [ 15522684.621001742780209, 4260093.211999899707735 ], [ 15522717.461030352860689, 4260094.351105080917478 ], [ 15522718.038727182894945, 4260059.667800404131413 ], [ 15522679.365203619003296, 4260057.80761949531734 ], [ 15522673.252431876957417, 4260057.711364171467721 ], [ 15522671.543188724666834, 4260090.909719677641988 ], [ 15522671.523213893175125, 4260092.625332344323397 ] ] ] ] } },
{ "type": "Feature", "properties": { "fid": 37, "OBJECTID": 37, "SITEName": "Kokubunji47", "SITENameJP": "国分寺市No.47", "JASID": 13214004700, "Age": "[縄文時代（中期）][奈良時代][平安時代]", "Note": null, "Publication": null, "notification": "20250819「遺跡地図GISの現在地」ハンズオンWS用サンプルデータ（国分寺市による正式な遺跡地図ではありません）" }, "geometry": { "type": "MultiPolygon", "coordinates": [ [ [ [ 15524442.664019756019115, 4259911.706804058514535 ], [ 15524517.894488904625177, 4259800.198122928850353 ], [ 15524518.612114049494267, 4259798.647800228558481 ], [ 15524519.183232516050339, 4259796.899701598100364 ], [ 15524519.730088954791427, 4259795.077554637566209 ], [ 15524519.74767480045557, 4259790.443066261708736 ], [ 15524519.87983475252986, 4259787.95373192243278 ], [ 15524521.171475989744067, 4259783.89111702144146 ], [ 15524522.993257205933332, 4259779.177258512936532 ], [ 15524481.673568522557616, 4259740.907294284552336 ], [ 15524445.54821147210896, 4259714.687260227277875 ], [ 15524442.859361717477441, 4259718.113031837157905 ], [ 15524425.718451531603932, 4259704.82446501776576 ], [ 15524403.692136511206627, 4259688.519125422462821 ], [ 15524315.578843262046576, 4259802.577113256789744 ], [ 15524396.203748743981123, 4259873.071209610439837 ], [ 15524419.833171436563134, 4259893.869673833250999 ], [ 15524437.85383315384388, 4259911.639049082994461 ], [ 15524442.664019756019115, 4259911.706804058514535 ] ] ] ] } },
{ "type": "Feature", "properties": { "fid": 38, "OBJECTID": 31, "SITEName": "Kokubunji48", "SITENameJP": "国分寺市No.48", "JASID": 13214004800, "Age": "[縄文時代]", "Note": null, "Publication": null, "notification": "20250819「遺跡地図GISの現在地」ハンズオンWS用サンプルデータ（国分寺市による正式な遺跡地図ではありません）" }, "geometry": { "type": "MultiPolygon", "coordinates": [ [ [ [ 15523900.868137951940298, 4259489.633674924261868 ], [ 15523858.904916152358055, 4259447.156461667269468 ], [ 15523821.780652120709419, 4259409.407155659981072 ], [ 15523809.870165076106787, 4259419.287109052762389 ], [ 15523800.115493042394519, 4259429.886897238902748 ], [ 15523785.072370519861579, 4259447.42807890381664 ], [ 15523785.059158638119698, 4259450.849738386459649 ], [ 15523819.096401646733284, 4259484.454125231131911 ], [ 15523833.007079645991325, 4259498.178221239708364 ], [ 15523848.998289870098233, 4259514.671509325504303 ], [ 15523863.336847247555852, 4259529.240761081688106 ], [ 15523893.110550910234451, 4259559.6982710827142 ], [ 15523919.707805590704083, 4259537.2384213199839 ], [ 15523887.389830529689789, 4259503.742504506371915 ], [ 15523900.868137951940298, 4259489.633674924261868 ] ] ] ] } },
{ "type": "Feature", "properties": { "fid": 39, "OBJECTID": 31, "SITEName": "Kokubunji49", "SITENameJP": "国分寺市No.49", "JASID": 13214004900, "Age": "[奈良時代][平安時代]", "Note": null, "Publication": null, "notification": "20250819「遺跡地図GISの現在地」ハンズオンWS用サンプルデータ（国分寺市による正式な遺跡地図ではありません）" }, "geometry": { "type": "MultiPolygon", "coordinates": [ [ [ [ 15524267.542632263153791, 4259622.24219049140811 ], [ 15524291.1956069432199, 4259603.480854914523661 ], [ 15524294.282124800607562, 4259600.95614290330559 ], [ 15524300.905446911230683, 4259595.670179534703493 ], [ 15524297.434925904497504, 4259592.469239559955895 ], [ 15524290.887708161026239, 4259586.167939849197865 ], [ 15524274.325439229607582, 4259570.658921224065125 ], [ 15524267.224812794476748, 4259563.969397739507258 ], [ 15524265.244108445942402, 4259561.964574140496552 ], [ 15524261.324405247345567, 4259558.436163541860878 ], [ 15524258.866265654563904, 4259556.035893211141229 ], [ 15524256.190594112500548, 4259553.591050666756928 ], [ 15524256.536899168044329, 4259542.717162874527276 ], [ 15524250.317438205704093, 4259537.124392144382 ], [ 15524247.743143623694777, 4259534.738254431635141 ], [ 15524247.370581179857254, 4259534.43432480096817 ], [ 15524242.423754127696157, 4259517.371430820785463 ], [ 15524236.833110576495528, 4259512.759945212863386 ], [ 15524234.37381698936224, 4259510.665812764316797 ], [ 15524225.000463802367449, 4259502.451427404768765 ], [ 15524214.065265001729131, 4259492.773220025002956 ], [ 15524208.330152988433838, 4259487.67796927690506 ], [ 15524205.581803800538182, 4259485.269294082187116 ], [ 15524182.835056873038411, 4259514.817823859862983 ], [ 15524179.824178367853165, 4259511.792951146140695 ], [ 15524177.785836713388562, 4259509.685852757655084 ], [ 15524173.968637766316533, 4259505.931864300742745 ], [ 15524167.99634319730103, 4259500.715402411296964 ], [ 15524165.153649553656578, 4259498.30999446939677 ], [ 15524164.210048308596015, 4259497.420739207416773 ], [ 15524161.958535449579358, 4259495.553354181349277 ], [ 15524161.953848274424672, 4259493.560270463116467 ], [ 15524159.008826510980725, 4259490.356194633990526 ], [ 15524148.277719918638468, 4259503.624103250913322 ], [ 15524146.68121324852109, 4259505.525831056758761 ], [ 15524143.137326195836067, 4259509.994874834083021 ], [ 15524142.497566187754273, 4259510.87326324172318 ], [ 15524188.570727445185184, 4259553.680213499814272 ], [ 15524188.690493807196617, 4259553.672475481405854 ], [ 15524188.845646873116493, 4259553.662140617147088 ], [ 15524191.958370232954621, 4259549.505739891901612 ], [ 15524199.173454226925969, 4259556.153805702924728 ], [ 15524235.189572282135487, 4259591.591191809624434 ], [ 15524239.33220698684454, 4259595.527350625023246 ], [ 15524251.679967628791928, 4259607.254688472487032 ], [ 15524262.424113735556602, 4259617.467042073607445 ], [ 15524267.542632263153791, 4259622.24219049140811 ] ] ] ] } },
{ "type": "Feature", "properties": { "fid": 40, "OBJECTID": 31, "SITEName": "Hanezawa", "SITENameJP": "羽根沢", "JASID": 13214000500, "Age": "[縄文時代（早期・中期）][奈良時代][平安時代]", "Note": null, "Publication": "[https:\/\/sitereports.nabunken.go.jp\/48212] [https:\/\/sitereports.nabunken.go.jp\/62564] [https:\/\/sitereports.nabunken.go.jp\/86598] [https:\/\/sitereports.nabunken.go.jp\/86600]", "notification": "20250819「遺跡地図GISの現在地」ハンズオンWS用サンプルデータ（国分寺市による正式な遺跡地図ではありません）" }, "geometry": { "type": "MultiPolygon", "coordinates": [ [ [ [ 15526341.037037560716271, 4259899.683566640131176 ], [ 15526345.573561912402511, 4259894.274202856235206 ], [ 15526348.484559636563063, 4259891.066063274629414 ], [ 15526357.981076598167419, 4259881.291163713671267 ], [ 15526362.760848430916667, 4259876.127933017909527 ], [ 15526364.629962461069226, 4259874.08087732642889 ], [ 15526365.303939593955874, 4259873.378275058232248 ], [ 15526365.980473484843969, 4259871.9706140011549 ], [ 15526367.303132820874453, 4259869.124525917693973 ], [ 15526367.861591674387455, 4259866.61284888535738 ], [ 15526368.181900354102254, 4259862.444925088435411 ], [ 15526367.424643579870462, 4259852.448593473993242 ], [ 15526367.020276688039303, 4259846.132169026881456 ], [ 15526367.346365477889776, 4259840.370211481116712 ], [ 15526369.528270091861486, 4259827.809631267562509 ], [ 15526374.349063588306308, 4259809.21968883741647 ], [ 15526376.641349291428924, 4259801.985841150395572 ], [ 15526378.426937004551291, 4259797.192958816885948 ], [ 15526374.822564400732517, 4259792.259660106152296 ], [ 15526372.843711690977216, 4259788.803744128905237 ], [ 15526370.845722423866391, 4259784.313156174495816 ], [ 15526369.374935070052743, 4259779.617577946744859 ], [ 15526368.903683833777905, 4259777.017853141762316 ], [ 15526368.9686364736408, 4259771.730126443319023 ], [ 15526369.411782847717404, 4259769.455624640919268 ], [ 15526370.708078106865287, 4259765.45990939438343 ], [ 15526371.883341474458575, 4259763.280051507987082 ], [ 15526373.104132479056716, 4259761.169333825819194 ], [ 15526374.966567635536194, 4259758.854043398052454 ], [ 15526386.866445615887642, 4259746.942190145142376 ], [ 15526394.872609563171864, 4259738.878601972945035 ], [ 15526395.045693699270487, 4259738.488386483862996 ], [ 15526403.43317935615778, 4259729.414585703983903 ], [ 15526409.248421095311642, 4259722.722453617490828 ], [ 15526416.871016779914498, 4259713.117066349834204 ], [ 15526420.896405512467027, 4259707.659912185743451 ], [ 15526426.169697809964418, 4259700.500236373394728 ], [ 15526430.005436833947897, 4259695.427508659660816 ], [ 15526439.133289400488138, 4259682.407704430632293 ], [ 15526442.044216260313988, 4259678.142016887664795 ], [ 15526445.347663730382919, 4259672.935134875588119 ], [ 15526451.273545211181045, 4259664.11675785202533 ], [ 15526455.123610371723771, 4259658.078454525209963 ], [ 15526455.491787225008011, 4259657.53951217699796 ], [ 15526455.241922801360488, 4259657.009809222072363 ], [ 15526450.143813019618392, 4259652.140117808245122 ], [ 15526444.461323378607631, 4259647.389782360754907 ], [ 15526441.860701648518443, 4259645.794502310454845 ], [ 15526439.490929527208209, 4259644.487228927202523 ], [ 15526437.025076596066356, 4259643.55110077559948 ], [ 15526434.463689578697085, 4259642.943983336910605 ], [ 15526432.17488819360733, 4259642.912632850930095 ], [ 15526427.317957784980536, 4259644.136399244889617 ], [ 15526418.777086950838566, 4259645.024831749498844 ], [ 15526412.883124781772494, 4259645.026286073029041 ], [ 15526405.046442199498415, 4259644.238946821540594 ], [ 15526403.793136049062014, 4259642.693977114744484 ], [ 15526400.316664606332779, 4259638.795812302269042 ], [ 15526396.611140735447407, 4259634.94279212038964 ], [ 15526393.66868756711483, 4259632.115654825232923 ], [ 15526388.34204944036901, 4259630.314388119615614 ], [ 15526381.308779621496797, 4259628.897722203284502 ], [ 15526376.621198209002614, 4259627.604585983790457 ], [ 15526373.948708413168788, 4259626.077415129169822 ], [ 15526372.636686297133565, 4259624.946064711548388 ], [ 15526370.374562293291092, 4259621.283845575526357 ], [ 15526369.101743197068572, 4259618.382029825821519 ], [ 15526367.917173789814115, 4259615.671979727223516 ], [ 15526366.830154985189438, 4259613.463895797729492 ], [ 15526364.841721316799521, 4259608.807099998928607 ], [ 15526364.083498241379857, 4259607.142869879491627 ], [ 15526362.231028653681278, 4259603.561022890731692 ], [ 15526361.463233077898622, 4259600.684364622458816 ], [ 15526360.340912412852049, 4259597.737437471747398 ], [ 15526359.373852264136076, 4259596.159030397422612 ], [ 15526358.222473355010152, 4259594.913315248675644 ], [ 15526355.37995464913547, 4259592.93720212392509 ], [ 15526351.150124739855528, 4259591.657229720614851 ], [ 15526346.505963129922748, 4259591.01948073413223 ], [ 15526340.943332940340042, 4259591.183044344186783 ], [ 15526337.371021527796984, 4259591.629781442694366 ], [ 15526332.766714101657271, 4259592.6245171809569 ], [ 15526329.148457530885935, 4259593.117064946331084 ], [ 15526328.119382165372372, 4259592.860397993586957 ], [ 15526326.109846448525786, 4259591.565555661916733 ], [ 15526324.855472516268492, 4259590.319460324011743 ], [ 15526324.060626085847616, 4259588.592241927050054 ], [ 15526322.864715982228518, 4259583.851765743456781 ], [ 15526323.032677678391337, 4259575.414777611382306 ], [ 15526323.083691887557507, 4259567.667089159600437 ], [ 15526322.273553529754281, 4259563.847663188353181 ], [ 15526320.712346214801073, 4259558.852961726486683 ], [ 15526318.685521222651005, 4259556.017681987024844 ], [ 15526314.877138463780284, 4259552.141295516863465 ], [ 15526310.54064985178411, 4259548.722787910141051 ], [ 15526304.968594880774617, 4259545.18479907233268 ], [ 15526300.034001456573606, 4259542.591761904768646 ], [ 15526295.280264472588897, 4259540.62013385258615 ], [ 15526293.107765624299645, 4259540.083386148326099 ], [ 15526291.115202071145177, 4259540.420942733064294 ], [ 15526285.802951715886593, 4259540.976236517541111 ], [ 15526278.745483420789242, 4259543.088494314812124 ], [ 15526275.421200178563595, 4259544.570698751136661 ], [ 15526273.332986196503043, 4259546.034444472752512 ], [ 15526272.619845107197762, 4259547.020428384654224 ], [ 15526272.475661013275385, 4259548.905135286971927 ], [ 15526272.812047265470028, 4259557.114044835790992 ], [ 15526272.3099928162992, 4259562.997823877260089 ], [ 15526271.753394374623895, 4259564.995974668301642 ], [ 15526269.652640463784337, 4259569.908284457400441 ], [ 15526266.890870368108153, 4259574.059477455914021 ], [ 15526265.12066762894392, 4259576.191123177297413 ], [ 15526263.629224266856909, 4259577.197245222516358 ], [ 15526262.484872588887811, 4259577.170057001523674 ], [ 15526261.205194802954793, 4259576.590594538487494 ], [ 15526259.402587851509452, 4259575.043602790683508 ], [ 15526258.557043423876166, 4259574.672649269923568 ], [ 15526257.709576362743974, 4259574.830475517548621 ], [ 15526256.837465031072497, 4259575.471016727387905 ], [ 15526255.317531079053879, 4259578.017412573099136 ], [ 15526253.501297228038311, 4259580.217860518023372 ], [ 15526251.182430600747466, 4259582.163566152565181 ], [ 15526247.721133986487985, 4259583.553301574662328 ], [ 15526244.194180797785521, 4259584.115127973258495 ], [ 15526240.647182002663612, 4259583.89519406016916 ], [ 15526237.718931486830115, 4259583.470613257028162 ], [ 15526225.645903363823891, 4259580.069645270705223 ], [ 15526221.66510852612555, 4259579.549232919700444 ], [ 15526210.557640168815851, 4259581.278730183839798 ], [ 15526208.635072013363242, 4259581.248678005300462 ], [ 15526206.852598311379552, 4259580.460445449687541 ], [ 15526205.095692161470652, 4259578.936602798290551 ], [ 15526202.059948977082968, 4259576.603386363014579 ], [ 15526196.036085808649659, 4259571.431331420317292 ], [ 15526190.190648516640067, 4259567.547411403618753 ], [ 15526184.551213454455137, 4259563.664246725849807 ], [ 15526181.192441076040268, 4259562.042552409693599 ], [ 15526174.51673948392272, 4259559.879878184758127 ], [ 15526170.902759611606598, 4259559.199861785396934 ], [ 15526168.042430453002453, 4259558.982429222203791 ], [ 15526164.746797839179635, 4259558.878348801285028 ], [ 15526159.136644730344415, 4259559.524449021555483 ], [ 15526154.69037676602602, 4259561.117446021176875 ], [ 15526150.883565433323383, 4259563.103635609149933 ], [ 15526147.740021420642734, 4259565.230208406224847 ], [ 15526144.777741353958845, 4259567.863243348896503 ], [ 15526142.847798256203532, 4259569.856335904449224 ], [ 15526139.491125885397196, 4259573.936335497535765 ], [ 15526136.990388687700033, 4259575.536485429853201 ], [ 15526133.803325112909079, 4259577.042146489024162 ], [ 15526129.97730577737093, 4259578.016668302938342 ], [ 15526126.038771279156208, 4259578.461987677961588 ], [ 15526115.877193126827478, 4259578.148693413473666 ], [ 15526110.112763753160834, 4259577.161858947016299 ], [ 15526099.412171868607402, 4259599.101620669476688 ], [ 15526093.161876080557704, 4259652.147786058485508 ], [ 15526091.333896648138762, 4259667.630592997185886 ], [ 15526081.743920097127557, 4259705.070532767102122 ], [ 15526070.592930123209953, 4259749.999931861646473 ], [ 15526068.873941129073501, 4259756.890926952473819 ], [ 15526062.324123788625002, 4259782.892750434577465 ], [ 15526055.681808561086655, 4259796.61698592081666 ], [ 15526049.776972768828273, 4259808.964480755850673 ], [ 15526042.443915048614144, 4259823.789772958494723 ], [ 15526036.355263145640492, 4259836.320542907342315 ], [ 15526023.855617297813296, 4259861.886734685860574 ], [ 15526014.601467834785581, 4259876.245162204839289 ], [ 15526003.370227945968509, 4259892.941422809846699 ], [ 15525987.394448144361377, 4259917.621193261817098 ], [ 15525966.030966410413384, 4259950.879908296279609 ], [ 15525943.845749827101827, 4259970.984465541318059 ], [ 15525930.021753966808319, 4259983.072888437658548 ], [ 15525923.041244570165873, 4259989.070861564017832 ], [ 15525915.327418137341738, 4259995.296036059036851 ], [ 15525907.476751510053873, 4260001.382752411067486 ], [ 15525900.2953574154526, 4260005.977487996220589 ], [ 15525897.667614109814167, 4260007.270675805397332 ], [ 15525893.507720775902271, 4260009.309138609096408 ], [ 15525887.640052001923323, 4260011.448627226985991 ], [ 15525880.811270667240024, 4260013.515578802675009 ], [ 15525873.436090495437384, 4260014.775794978253543 ], [ 15525867.757188139483333, 4260015.375532732345164 ], [ 15525863.238919043913484, 4260015.736239534802735 ], [ 15525859.631272217258811, 4260016.412621909752488 ], [ 15525858.461748750880361, 4260016.994575375691056 ], [ 15525857.806819269433618, 4260017.693393854424357 ], [ 15525857.47187988832593, 4260018.519852174445987 ], [ 15525857.467404374852777, 4260019.738393227569759 ], [ 15525857.691360633820295, 4260021.084235000424087 ], [ 15525859.211961507797241, 4260024.630585393868387 ], [ 15525862.443966787308455, 4260029.631753250956535 ], [ 15525868.843707028776407, 4260038.438286659307778 ], [ 15525876.257321441546082, 4260048.53611458465457 ], [ 15525881.88558548130095, 4260055.500459469854832 ], [ 15525895.284066891297698, 4260072.081136216409504 ], [ 15525897.791223287582397, 4260075.010372119024396 ], [ 15525904.150215214118361, 4260082.460254768840969 ], [ 15525915.775502357631922, 4260095.723561991937459 ], [ 15525919.810973348096013, 4260100.106938859447837 ], [ 15525922.729821734130383, 4260103.129666991531849 ], [ 15525924.853177109733224, 4260104.608999514020979 ], [ 15525932.897995514795184, 4260108.018557518720627 ], [ 15525940.625226818025112, 4260110.645213487558067 ], [ 15525956.059843422845006, 4260115.070730747655034 ], [ 15525975.636184569448233, 4260119.879401238635182 ], [ 15526019.55009220354259, 4260129.491224583238363 ], [ 15526055.643976705148816, 4260136.820839968509972 ], [ 15526103.6826526299119, 4260145.228976257145405 ], [ 15526123.933155419304967, 4260147.234861573204398 ], [ 15526145.213878855109215, 4260149.198516170494258 ], [ 15526162.605003384873271, 4260150.687987220473588 ], [ 15526190.705424709245563, 4260153.090486322529614 ], [ 15526226.40363553725183, 4260155.980651990510523 ], [ 15526254.459894388914108, 4260157.945978558622301 ], [ 15526276.567960062995553, 4260159.015727934427559 ], [ 15526306.962181966751814, 4260160.115798969753087 ], [ 15526315.386341087520123, 4260159.962729108519852 ], [ 15526321.753913022577763, 4260158.836457862518728 ], [ 15526327.189443865790963, 4260137.014038576744497 ], [ 15526344.827514156699181, 4260070.448291616514325 ], [ 15526349.750539211556315, 4260051.061281135305762 ], [ 15526351.346503935754299, 4260027.569606324657798 ], [ 15526351.405319696292281, 4259998.738299057818949 ], [ 15526350.765842141583562, 4259985.722712103277445 ], [ 15526349.517725402489305, 4259976.429546094499528 ], [ 15526347.578921150416136, 4259968.23745393473655 ], [ 15526344.364147033542395, 4259958.43128924164921 ], [ 15526341.493024410679936, 4259942.234752282500267 ], [ 15526339.727944916114211, 4259924.019039120525122 ], [ 15526338.778695391491055, 4259916.47436751704663 ], [ 15526337.753056643530726, 4259913.159844904206693 ], [ 15526337.365763014182448, 4259910.552730981260538 ], [ 15526337.439928675070405, 4259906.935684536583722 ], [ 15526338.642302835360169, 4259903.598667004145682 ], [ 15526341.037037560716271, 4259899.683566640131176 ] ] ] ] } },
{ "type": "Feature", "properties": { "fid": 41, "OBJECTID": 13, "SITEName": "Naitoushindenyokoanabo", "SITENameJP": "内藤新田横穴墓", "JASID": 13214005000, "Age": "[奈良時代]", "Note": null, "Publication": null, "notification": "20250819「遺跡地図GISの現在地」ハンズオンWS用サンプルデータ（国分寺市による正式な遺跡地図ではありません）" }, "geometry": { "type": "MultiPolygon", "coordinates": [ [ [ [ 15524437.657328736037016, 4258483.295332048088312 ], [ 15524437.680835831910372, 4258480.844016863033175 ], [ 15524437.578949620947242, 4258480.273531940765679 ], [ 15524437.393156960606575, 4258479.379671919159591 ], [ 15524437.151258153840899, 4258478.314568574540317 ], [ 15524436.909661466255784, 4258477.48106718249619 ], [ 15524436.619632696732879, 4258476.790497449226677 ], [ 15524436.175683880224824, 4258475.997789462096989 ], [ 15524435.823808068409562, 4258475.401998260989785 ], [ 15524435.518148111179471, 4258474.935249302536249 ], [ 15524435.344088723883033, 4258474.687541061080992 ], [ 15524435.137138240039349, 4258474.382697289809585 ], [ 15524434.619310593232512, 4258473.73935569729656 ], [ 15524434.298829587176442, 4258473.43882729485631 ], [ 15524433.823045484721661, 4258472.933419636450708 ], [ 15524433.002499952912331, 4258472.293667796999216 ], [ 15524432.559227777644992, 4258471.945160609669983 ], [ 15524431.976493082940578, 4258471.57949077244848 ], [ 15524430.946135364472866, 4258471.076706754043698 ], [ 15524430.014721862971783, 4258470.674068575724959 ], [ 15524428.99409850500524, 4258470.410048470832407 ], [ 15524427.817219451069832, 4258470.191749003715813 ], [ 15524425.561565604060888, 4258470.076203711330891 ], [ 15524424.177075695246458, 4258470.348813204094768 ], [ 15524422.692720370367169, 4258470.763562824577093 ], [ 15524421.768643101677299, 4258471.230344960466027 ], [ 15524420.922768171876669, 4258471.654670036397874 ], [ 15524419.770337941125035, 4258472.469758378341794 ], [ 15524418.838244494050741, 4258473.178799445740879 ], [ 15524417.798134047538042, 4258474.307870250195265 ], [ 15524417.106224590912461, 4258475.288627434521914 ], [ 15524416.19186407700181, 4258476.931265373714268 ], [ 15524415.618664281442761, 4258478.41131048463285 ], [ 15524415.301165720447898, 4258479.81394896376878 ], [ 15524415.12677738815546, 4258480.896458747796714 ], [ 15524415.088702922686934, 4258481.580425713211298 ], [ 15524415.15363166667521, 4258483.16268646530807 ], [ 15524415.304643455892801, 4258484.495861453935504 ], [ 15524415.590478625148535, 4258485.822427744045854 ], [ 15524415.879024004563689, 4258486.436386458575726 ], [ 15524416.370844874531031, 4258487.699607693590224 ], [ 15524416.843197988346219, 4258488.485300126485527 ], [ 15524417.668598024174571, 4258489.714170541614294 ], [ 15524418.240952407941222, 4258490.322092158719897 ], [ 15524419.38590525649488, 4258491.473800679668784 ], [ 15524420.022733986377716, 4258491.91806741990149 ], [ 15524420.595982864499092, 4258492.290828364901245 ], [ 15524421.509200816974044, 4258492.814543479122221 ], [ 15524422.040397383272648, 4258493.051745521835983 ], [ 15524422.826780777424574, 4258493.34693602565676 ], [ 15524423.83317637629807, 4258493.621591960079968 ], [ 15524425.229880353435874, 4258493.869240359403193 ], [ 15524426.485587628558278, 4258493.881183580495417 ], [ 15524428.075280364602804, 4258493.751884081400931 ], [ 15524429.218558633700013, 4258493.478348288685083 ], [ 15524429.815231842920184, 4258493.288229985162616 ], [ 15524430.369446137920022, 4258493.069444049149752 ], [ 15524431.17264673486352, 4258492.673458479344845 ], [ 15524432.082644697278738, 4258492.178115904331207 ], [ 15524432.907778967171907, 4258491.611185939982533 ], [ 15524433.199603389948606, 4258491.362888765521348 ], [ 15524433.573082767426968, 4258491.097089309245348 ], [ 15524434.089360479265451, 4258490.593110369518399 ], [ 15524434.63065866753459, 4258490.039344105869532 ], [ 15524435.272323304787278, 4258489.211604727432132 ], [ 15524435.678743818774819, 4258488.67869973834604 ], [ 15524435.978881619870663, 4258488.109756234101951 ], [ 15524436.350018972530961, 4258487.526832684874535 ], [ 15524436.607616556808352, 4258486.950599892996252 ], [ 15524436.838792430236936, 4258486.326164073310792 ], [ 15524437.095381550490856, 4258485.548612863756716 ], [ 15524437.412335755303502, 4258484.28849451802671 ], [ 15524437.657328736037016, 4258483.295332048088312 ] ] ] ] } },
{ "type": "Feature", "properties": { "fid": 42, "OBJECTID": 50, "SITEName": "Kokubunji52", "SITENameJP": "国分寺市No.52", "JASID": 13214005200, "Age": "[旧石器時代]", "Note": null, "Publication": null, "notification": "20250819「遺跡地図GISの現在地」ハンズオンWS用サンプルデータ（国分寺市による正式な遺跡地図ではありません）" }, "geometry": { "type": "MultiPolygon", "coordinates": [ [ [ [ 15524891.811729621142149, 4260125.833526492118835 ], [ 15524894.386545112356544, 4260129.192005446180701 ], [ 15524897.094968736171722, 4260132.331108649261296 ], [ 15524901.76416702196002, 4260137.657257098704576 ], [ 15524907.447539053857327, 4260148.137088541872799 ], [ 15524913.26316380687058, 4260159.078823602758348 ], [ 15524918.756897075101733, 4260169.096554785035551 ], [ 15524922.774409288540483, 4260177.224662024527788 ], [ 15524923.894897896796465, 4260179.555114638991654 ], [ 15524929.680040342733264, 4260190.977377758361399 ], [ 15524933.612235173583031, 4260198.893700169399381 ], [ 15524939.168409233912826, 4260210.132473933510482 ], [ 15524940.16638420522213, 4260211.960217300802469 ], [ 15524940.929863503202796, 4260213.159860137850046 ], [ 15524942.952113, 4260215.546604410745203 ], [ 15524944.305082302540541, 4260216.496154659427702 ], [ 15524946.414706498384476, 4260218.233188251964748 ], [ 15524949.599170500412583, 4260218.850839398801327 ], [ 15524954.071982376277447, 4260220.425003518350422 ], [ 15524961.211085213348269, 4260222.989736636169255 ], [ 15524965.183218654245138, 4260224.100602362304926 ], [ 15524974.563227394595742, 4260226.255673425272107 ], [ 15524983.426985012367368, 4260228.271804775111377 ], [ 15524985.308991499245167, 4260227.867997396737337 ], [ 15524998.873714316636324, 4260228.041901975870132 ], [ 15525000.727173086255789, 4260227.594727838411927 ], [ 15525008.81194594502449, 4260226.80345616210252 ], [ 15525015.230005938559771, 4260226.424015136435628 ], [ 15525023.303206086158752, 4260224.890126817859709 ], [ 15525036.950425870716572, 4260222.202187753282487 ], [ 15525067.628080321475863, 4260212.28274399228394 ], [ 15525070.802325388416648, 4260211.797292767092586 ], [ 15525086.45235807262361, 4260209.01953514572233 ], [ 15525109.842667557299137, 4260208.794238897971809 ], [ 15525114.859054397791624, 4260207.52630611974746 ], [ 15525116.150893410667777, 4260207.552809359505773 ], [ 15525133.682824425399303, 4260204.153072707355022 ], [ 15525136.626550292596221, 4260202.931381649337709 ], [ 15525147.850631635636091, 4260194.190051840618253 ], [ 15525151.171535901725292, 4260190.88944081030786 ], [ 15525155.53217900916934, 4260184.851407273672521 ], [ 15525156.917175929993391, 4260181.555664065293968 ], [ 15525158.391553856432438, 4260175.948773468844593 ], [ 15525160.287681674584746, 4260169.840626321732998 ], [ 15525158.61362730897963, 4260155.413911146111786 ], [ 15525157.44318930990994, 4260144.509048046544194 ], [ 15525157.252129973843694, 4260143.778387246653438 ], [ 15525153.21005342155695, 4260134.257704789750278 ], [ 15525148.81157948449254, 4260129.358634540811181 ], [ 15525146.560011690482497, 4260126.86835004389286 ], [ 15525141.14946005679667, 4260121.628880425356328 ], [ 15525133.945365227758884, 4260114.49697055015713 ], [ 15525114.228714378550649, 4260101.174202450551093 ], [ 15525105.397062052041292, 4260087.180819881148636 ], [ 15525103.390780137851834, 4260077.945633424445987 ], [ 15525101.476684637367725, 4260071.587965208105743 ], [ 15525100.066179782152176, 4260066.594747448340058 ], [ 15525099.485277164727449, 4260064.852875213138759 ], [ 15525098.098769618198276, 4260059.920578749850392 ], [ 15525097.535761890932918, 4260058.251768507994711 ], [ 15525095.874561095610261, 4260055.520406926050782 ], [ 15525094.898622049018741, 4260054.154177542775869 ], [ 15525092.479082757607102, 4260050.166899243369699 ], [ 15525091.924272341653705, 4260049.544360189698637 ], [ 15525090.142595989629626, 4260046.642227029427886 ], [ 15525085.500361217185855, 4260039.471344963647425 ], [ 15525082.803059650585055, 4260035.270123624242842 ], [ 15525076.410462848842144, 4260029.777562649920583 ], [ 15525072.333197060972452, 4260028.606433485634625 ], [ 15525054.891469776630402, 4260028.832502467557788 ], [ 15525012.960140019655228, 4260028.978087783791125 ], [ 15524993.213234836235642, 4260036.713648054748774 ], [ 15524987.002348206937313, 4260039.293567387387156 ], [ 15524977.515583420172334, 4260043.393941211514175 ], [ 15524963.346254944801331, 4260049.471726182848215 ], [ 15524952.96077842079103, 4260054.118231725879014 ], [ 15524942.427639493718743, 4260059.002224558033049 ], [ 15524939.487113513052464, 4260060.331997891888022 ], [ 15524931.577961469069123, 4260064.079658795148134 ], [ 15524928.619340170174837, 4260066.404235967434943 ], [ 15524924.917127307504416, 4260069.87947201449424 ], [ 15524921.949375120922923, 4260072.723079368472099 ], [ 15524915.367066046223044, 4260079.687632396817207 ], [ 15524912.659057224169374, 4260082.645770372822881 ], [ 15524907.533475015312433, 4260089.004564774222672 ], [ 15524903.608123958110809, 4260094.555219814181328 ], [ 15524900.489116001874208, 4260099.445683290250599 ], [ 15524897.786169685423374, 4260104.395400593057275 ], [ 15524896.339168155565858, 4260107.461057057604194 ], [ 15524894.563961543142796, 4260111.657023433595896 ], [ 15524893.387457704171538, 4260115.318472533486784 ], [ 15524892.489831203594804, 4260119.51476738974452 ], [ 15524891.991100452840328, 4260122.689611286856234 ], [ 15524891.811729621142149, 4260125.833526492118835 ] ] ] ] } },
{ "type": "Feature", "properties": { "fid": 43, "OBJECTID": 48, "SITEName": "Toukyoukeizaidaigakukounai", "SITENameJP": "東京経済大学構内", "JASID": 13214005300, "Age": "[旧石器時代][縄文時代（早期・中期）]", "Note": null, "Publication": "[https:\/\/sitereports.nabunken.go.jp\/48244] [https:\/\/sitereports.nabunken.go.jp\/91587]", "notification": "20250819「遺跡地図GISの現在地」ハンズオンWS用サンプルデータ（国分寺市による正式な遺跡地図ではありません）" }, "geometry": { "type": "MultiPolygon", "coordinates": [ [ [ [ 15528005.339581429958344, 4259487.597017426975071 ], [ 15528139.832265522330999, 4259427.111719236709177 ], [ 15528140.189215216785669, 4259414.796587588265538 ], [ 15528140.518020182847977, 4259391.059962531551719 ], [ 15528139.192596763372421, 4259350.468866532668471 ], [ 15528139.172482162714005, 4259321.046786153689027 ], [ 15528139.526488492265344, 4259301.065619600005448 ], [ 15528139.564641866832972, 4259290.052971101365983 ], [ 15528137.598786193877459, 4259276.213734142482281 ], [ 15528129.197136098518968, 4259205.960346018895507 ], [ 15528128.016040541231632, 4259194.596190514042974 ], [ 15528101.861533487215638, 4259146.408617909997702 ], [ 15528102.83871510438621, 4259116.847548190504313 ], [ 15528098.976072080433369, 4259116.221087129786611 ], [ 15528093.606290539726615, 4259116.141002363525331 ], [ 15528087.822178261354566, 4259118.22520886734128 ], [ 15528078.834121827036142, 4259123.301635448820889 ], [ 15528072.230481553822756, 4259127.078785779885948 ], [ 15528069.459863496944308, 4259128.294978271238506 ], [ 15528058.661164969205856, 4259133.446778563782573 ], [ 15528044.091679453849792, 4259142.26815234310925 ], [ 15528037.294674111530185, 4259149.002084921114147 ], [ 15528032.397088926285505, 4259153.520736889913678 ], [ 15528031.376988871023059, 4259154.395720722153783 ], [ 15528029.43856405839324, 4259156.125613452866673 ], [ 15528023.03645084425807, 4259160.434673729352653 ], [ 15528014.208501359447837, 4259166.247166336514056 ], [ 15528012.314588788896799, 4259166.873905378393829 ], [ 15528004.12657580524683, 4259169.991659931838512 ], [ 15528001.478766825050116, 4259170.983522430062294 ], [ 15527993.968182194977999, 4259172.326093250885606 ], [ 15527981.755059720948339, 4259174.735032692551613 ], [ 15527976.258726369589567, 4259175.941639563068748 ], [ 15527942.924381695687771, 4259180.360403270460665 ], [ 15527932.184189938008785, 4259180.363527048379183 ], [ 15527930.636707954108715, 4259180.807585142552853 ], [ 15527880.719887141138315, 4259180.632038096897304 ], [ 15527880.458833932876587, 4259185.493856453336775 ], [ 15527859.613096190616488, 4259190.160627017728984 ], [ 15527846.34090824238956, 4259192.933459479361773 ], [ 15527824.274537604302168, 4259197.63672932330519 ], [ 15527804.367726242169738, 4259201.366849707439542 ], [ 15527769.581977179273963, 4259201.979676843620837 ], [ 15527731.8671152330935, 4259202.582045285962522 ], [ 15527731.532787259668112, 4259205.114395667798817 ], [ 15527727.704664068296552, 4259206.245046664960682 ], [ 15527733.568036258220673, 4259239.651225906796753 ], [ 15527743.262278569862247, 4259294.401887865737081 ], [ 15527768.853147787973285, 4259480.096928934566677 ], [ 15527969.901854179799557, 4259488.732386793009937 ], [ 15527972.286724351346493, 4259487.330936043523252 ], [ 15528005.339581429958344, 4259487.597017426975071 ] ] ] ] } },
{ "type": "Feature", "properties": { "fid": 44, "OBJECTID": 70, "SITEName": "Hanazawahigashi", "SITENameJP": "花沢東", "JASID": 13214005400, "Age": "[旧石器時代][縄文時代]", "Note": null, "Publication": "[https:\/\/sitereports.nabunken.go.jp\/48238] [https:\/\/sitereports.nabunken.go.jp\/48240] [https:\/\/sitereports.nabunken.go.jp\/48244] [https:\/\/sitereports.nabunken.go.jp\/48245] [https:\/\/sitereports.nabunken.go.jp\/91587]", "notification": "20250819「遺跡地図GISの現在地」ハンズオンWS用サンプルデータ（国分寺市による正式な遺跡地図ではありません）" }, "geometry": { "type": "MultiPolygon", "coordinates": [ [ [ [ 15527007.966355234384537, 4259267.752585792914033 ], [ 15527002.466681219637394, 4259313.786132046021521 ], [ 15526997.129401806741953, 4259363.589547032490373 ], [ 15526973.444248348474503, 4259363.033108196221292 ], [ 15526946.011778559535742, 4259361.049698185175657 ], [ 15526946.049365907907486, 4259366.939046803861856 ], [ 15526983.701222499832511, 4259396.874187323264778 ], [ 15526983.464361263439059, 4259413.952116316184402 ], [ 15527029.950806323438883, 4259416.357358098961413 ], [ 15527055.977124391123652, 4259418.099942170083523 ], [ 15527094.376916812732816, 4259419.239093924872577 ], [ 15527185.180435799062252, 4259440.589453577063978 ], [ 15527185.689711157232523, 4259445.773823358118534 ], [ 15527213.051686393097043, 4259451.172162984497845 ], [ 15527189.036954030394554, 4259370.006060653366148 ], [ 15527181.710087735205889, 4259369.42033214867115 ], [ 15527177.253879433497787, 4259352.973461077548563 ], [ 15527180.983729308471084, 4259351.07283528894186 ], [ 15527169.479881340637803, 4259321.467827392742038 ], [ 15527152.919416002929211, 4259279.418602068908513 ], [ 15527146.456040546298027, 4259266.851500489749014 ], [ 15527135.335978701710701, 4259244.786168222315609 ], [ 15527127.998847410082817, 4259230.625891773961484 ], [ 15527112.094879584386945, 4259201.888725376687944 ], [ 15527101.19794362410903, 4259183.06330303195864 ], [ 15527096.200008234009147, 4259170.619325400330126 ], [ 15527089.222511809319258, 4259154.281441549770534 ], [ 15527084.653042450547218, 4259136.774409233592451 ], [ 15527083.211416888982058, 4259129.996776141226292 ], [ 15527080.742351854220033, 4259115.382975178770721 ], [ 15527079.106057852506638, 4259097.415413548238575 ], [ 15527079.501242600381374, 4259085.226461758837104 ], [ 15527078.678409917280078, 4259081.675344393588603 ], [ 15527078.273239847272635, 4259071.971661254763603 ], [ 15527077.969735451042652, 4259070.763313990086317 ], [ 15527076.764556188136339, 4259067.564170766621828 ], [ 15527073.991227990016341, 4259060.192888903431594 ], [ 15527072.614025887101889, 4259057.675460831262171 ], [ 15527070.82747126929462, 4259054.945944544859231 ], [ 15527063.918212868273258, 4259044.668495061807334 ], [ 15527060.008841840550303, 4259039.383751128800213 ], [ 15527057.352130437269807, 4259036.31190072093159 ], [ 15527033.391170687973499, 4259014.642435921356082 ], [ 15527018.517786217853427, 4259001.220844155177474 ], [ 15527000.451166002079844, 4258987.228297485038638 ], [ 15526982.590890584513545, 4258977.034890957176685 ], [ 15526958.515341095626354, 4258962.90288279671222 ], [ 15526952.459899451583624, 4258959.347659789957106 ], [ 15526946.446855124086142, 4258956.234262119978666 ], [ 15526941.705902738496661, 4258949.886501680128276 ], [ 15526935.491530707105994, 4258941.590063694864511 ], [ 15526930.533575769513845, 4258934.44651139061898 ], [ 15526921.851408282294869, 4258919.457186884246767 ], [ 15526912.799215978011489, 4258917.775618183426559 ], [ 15526888.659804470837116, 4258913.360103317536414 ], [ 15526863.126727156341076, 4258913.385676324367523 ], [ 15526837.847455812618136, 4258916.209369572810829 ], [ 15526793.074148185551167, 4258951.675787141546607 ], [ 15526767.20148385874927, 4258972.782523036934435 ], [ 15526763.273441253229976, 4259038.077553338371217 ], [ 15526762.425575507804751, 4259045.612455728463829 ], [ 15526777.167775891721249, 4259111.858885961584747 ], [ 15526813.241764115169644, 4259107.278168282471597 ], [ 15526858.173399215564132, 4259101.43374291062355 ], [ 15526868.611536314710975, 4259100.882543605752289 ], [ 15526909.650202464312315, 4259101.560716290026903 ], [ 15526887.556181348860264, 4259246.353126531466842 ], [ 15526970.370936077088118, 4259254.955511132255197 ], [ 15526969.749093176797032, 4259264.90594747196883 ], [ 15527007.966355234384537, 4259267.752585792914033 ] ] ] ] } },
{ "type": "Feature", "properties": { "fid": 45, "OBJECTID": 16, "SITEName": "Hikaricho", "SITENameJP": "光町", "JASID": 13214005500, "Age": "[旧石器時代]", "Note": null, "Publication": null, "notification": "20250819「遺跡地図GISの現在地」ハンズオンWS用サンプルデータ（国分寺市による正式な遺跡地図ではありません）" }, "geometry": { "type": "MultiPolygon", "coordinates": [ [ [ [ 15522631.439623648300767, 4260296.396908584982157 ], [ 15522627.709736246615648, 4260294.693016536533833 ], [ 15522624.81844144500792, 4260293.532010151073337 ], [ 15522624.252650143578649, 4260293.394862876273692 ], [ 15522620.358402794227004, 4260293.385138250887394 ], [ 15522618.831201799213886, 4260294.229370343498886 ], [ 15522617.472942350432277, 4260295.16810995247215 ], [ 15522616.440586876124144, 4260296.372054825536907 ], [ 15522615.799824148416519, 4260297.47200733050704 ], [ 15522615.585786405950785, 4260298.993169927969575 ], [ 15522615.255121180787683, 4260300.180827194824815 ], [ 15522613.330273451283574, 4260304.792693683877587 ], [ 15522608.452254064381123, 4260315.810082617215812 ], [ 15522597.669365208595991, 4260337.653110474348068 ], [ 15522596.87373249232769, 4260343.936646352522075 ], [ 15522596.917531395331025, 4260350.551959265954792 ], [ 15522597.224182391539216, 4260355.667019937187433 ], [ 15522597.872769927605987, 4260359.950694902800024 ], [ 15522601.45461736805737, 4260369.535893383435905 ], [ 15522603.663733372464776, 4260371.937455218285322 ], [ 15522605.280586358159781, 4260373.515615612268448 ], [ 15522631.051353687420487, 4260385.441623471677303 ], [ 15522633.69336342997849, 4260387.633793101646006 ], [ 15522640.373687775805593, 4260393.266994809731841 ], [ 15522643.853185087442398, 4260396.283546043559909 ], [ 15522644.947236211970448, 4260397.191058024764061 ], [ 15522648.987741129472852, 4260400.08083407022059 ], [ 15522652.220069848001003, 4260400.645029370673001 ], [ 15522656.420609133318067, 4260401.459406186826527 ], [ 15522660.145230459049344, 4260401.556407378986478 ], [ 15522661.550928018987179, 4260400.436043323948979 ], [ 15522663.936558973044157, 4260399.554178796708584 ], [ 15522666.063243484124541, 4260396.243370984680951 ], [ 15522667.529695451259613, 4260394.525069746188819 ], [ 15522682.179060345515609, 4260363.478331883437932 ], [ 15522698.243875484913588, 4260328.824800877831876 ], [ 15522698.019815124571323, 4260326.431200351566076 ], [ 15522669.04085841961205, 4260313.765392601490021 ], [ 15522657.95546542480588, 4260308.853552751243114 ], [ 15522650.996663246303797, 4260305.729280222207308 ], [ 15522644.516383089125156, 4260302.665563349612057 ], [ 15522635.588761880993843, 4260298.383971397764981 ], [ 15522631.439623648300767, 4260296.396908584982157 ] ] ] ] } },
{ "type": "Feature", "properties": { "fid": 46, "OBJECTID": 37, "SITEName": "No56", "SITENameJP": "No.56", "JASID": 13214005600, "Age": "[旧石器時代][縄文時代]", "Note": null, "Publication": null, "notification": "20250819「遺跡地図GISの現在地」ハンズオンWS用サンプルデータ（国分寺市による正式な遺跡地図ではありません）" }, "geometry": { "type": "MultiPolygon", "coordinates": [ [ [ [ 15523397.52808391302824, 4259713.225356079638004 ], [ 15523410.590178737416863, 4259718.807892076671124 ], [ 15523413.507769906893373, 4259719.09375190641731 ], [ 15523414.858367640525103, 4259719.330127741210163 ], [ 15523418.991948796436191, 4259717.497826730832458 ], [ 15523421.079855356365442, 4259716.697292738594115 ], [ 15523423.43558562733233, 4259713.579909822903574 ], [ 15523429.405448293313384, 4259701.717811457812786 ], [ 15523434.063564842566848, 4259692.110342568717897 ], [ 15523439.882079839706421, 4259680.610513355582952 ], [ 15523443.49744070135057, 4259673.218319285660982 ], [ 15523475.505443960428238, 4259608.107376621104777 ], [ 15523475.607436640188098, 4259604.064126446843147 ], [ 15523463.523181358352304, 4259591.077027443796396 ], [ 15523446.29875255189836, 4259572.596392346546054 ], [ 15523437.049265963956714, 4259562.710924135521054 ], [ 15523429.053650192916393, 4259555.747574030421674 ], [ 15523416.773597359657288, 4259545.070355348289013 ], [ 15523405.224790092557669, 4259534.915902003645897 ], [ 15523402.760768147185445, 4259532.624457389116287 ], [ 15523399.778148405253887, 4259530.590921214781702 ], [ 15523398.129025317728519, 4259529.486883508041501 ], [ 15523389.900913225486875, 4259526.855062317103148 ], [ 15523387.645915389060974, 4259526.268535208888352 ], [ 15523382.717118771746755, 4259525.57040227856487 ], [ 15523368.683780593797565, 4259525.775151675567031 ], [ 15523338.345082268118858, 4259526.276742544956505 ], [ 15523334.413384864106774, 4259546.392738373950124 ], [ 15523308.066420888528228, 4259540.858961096964777 ], [ 15523301.006813103333116, 4259559.31631160248071 ], [ 15523301.041541866958141, 4259561.468239123001695 ], [ 15523301.510413499549031, 4259562.899800067767501 ], [ 15523302.410213412716985, 4259564.434149958193302 ], [ 15523304.095978805795312, 4259567.199128948152065 ], [ 15523305.741545185446739, 4259569.212988864630461 ], [ 15523306.549834471195936, 4259575.772643378004432 ], [ 15523306.892796609550714, 4259591.038742739707232 ], [ 15523307.215858109295368, 4259604.037452493794262 ], [ 15523307.729665506631136, 4259620.674529308453202 ], [ 15523307.7372682467103, 4259625.153153506107628 ], [ 15523310.089763661846519, 4259633.914054105058312 ], [ 15523313.265954157337546, 4259645.292145784012973 ], [ 15523315.891800438985229, 4259650.328187521547079 ], [ 15523322.386624615639448, 4259662.38368206936866 ], [ 15523324.798901304602623, 4259666.884545912966132 ], [ 15523326.215572569519281, 4259668.608685722574592 ], [ 15523334.571939846500754, 4259675.241443715058267 ], [ 15523340.047551149502397, 4259679.523302732035518 ], [ 15523349.178803948685527, 4259686.54903281852603 ], [ 15523353.45036999322474, 4259689.887438802979887 ], [ 15523368.800949094817042, 4259698.52622339874506 ], [ 15523378.040423756465316, 4259703.617174498736858 ], [ 15523384.095730757340789, 4259706.731521543115377 ], [ 15523392.677450686693192, 4259710.895605565048754 ], [ 15523397.52808391302824, 4259713.225356079638004 ] ] ] ] } },
{ "type": "Feature", "properties": { "fid": 47, "OBJECTID": 29, "SITEName": "Koigakubohigashi", "SITENameJP": "恋ヶ窪東", "JASID": 13214005700, "Age": "[旧石器時代][縄文時代（中期）][奈良時代][平安時代]", "Note": null, "Publication": null, "notification": "20250819「遺跡地図GISの現在地」ハンズオンWS用サンプルデータ（国分寺市による正式な遺跡地図ではありません）" }, "geometry": { "type": "MultiPolygon", "coordinates": [ [ [ [ 15526580.951385730877519, 4259544.046739001758397 ], [ 15526550.019217861816287, 4259540.255633264780045 ], [ 15526539.911239789798856, 4259537.781809161417186 ], [ 15526524.94871917180717, 4259535.88804485462606 ], [ 15526524.354611355811357, 4259535.609992106445134 ], [ 15526495.115746898576617, 4259531.962847402319312 ], [ 15526477.544273152947426, 4259529.96754215285182 ], [ 15526466.3804517891258, 4259528.317463071085513 ], [ 15526452.560723911970854, 4259526.887583955191076 ], [ 15526464.789636565372348, 4259550.474655942060053 ], [ 15526477.200962912291288, 4259574.269346711225808 ], [ 15526481.928729228675365, 4259583.436910271644592 ], [ 15526483.92847365885973, 4259587.44459680467844 ], [ 15526485.592202875763178, 4259589.427871189080179 ], [ 15526491.593283105641603, 4259594.611187036149204 ], [ 15526496.72671515122056, 4259599.205073069781065 ], [ 15526501.003622971475124, 4259603.038743359968066 ], [ 15526513.884656105190516, 4259614.326602230779827 ], [ 15526513.488984910771251, 4259616.141434787772596 ], [ 15526487.77304551564157, 4259663.638772170990705 ], [ 15526460.139900946989655, 4259658.939764849841595 ], [ 15526452.927836062386632, 4259665.810714051127434 ], [ 15526423.159921633079648, 4259707.039760928601027 ], [ 15526417.914923219010234, 4259714.285759214311838 ], [ 15526410.883409228175879, 4259721.847105565480888 ], [ 15526405.551003972068429, 4259727.943235381506383 ], [ 15526397.631715269759297, 4259734.1448646010831 ], [ 15526387.980198649689555, 4259744.627994537353516 ], [ 15526376.47764883376658, 4259754.276675518602133 ], [ 15526367.9688028562814, 4259771.557866894640028 ], [ 15526368.187469806522131, 4259772.800188695080578 ], [ 15526370.14283649250865, 4259777.997594580054283 ], [ 15526375.462671007961035, 4259792.742900505661964 ], [ 15526376.717265874147415, 4259797.092824773862958 ], [ 15526375.288826948031783, 4259802.812409271486104 ], [ 15526372.229067793115973, 4259813.388673223555088 ], [ 15526370.680741619318724, 4259823.763554454781115 ], [ 15526365.402343837544322, 4259840.19449617434293 ], [ 15526366.436438899487257, 4259867.477473883889616 ], [ 15526353.056560667231679, 4259883.499472785741091 ], [ 15526336.712273934856057, 4259902.717926665209234 ], [ 15526337.486313540488482, 4259907.031651969999075 ], [ 15526339.367348436266184, 4259918.522761418484151 ], [ 15526340.531874956563115, 4259928.769719861447811 ], [ 15526341.533742856234312, 4259936.533011447638273 ], [ 15526342.337954396381974, 4259942.581953547894955 ], [ 15526343.131572855636477, 4259947.564839887432754 ], [ 15526344.850037448108196, 4259957.641276204958558 ], [ 15526346.074174525216222, 4259964.895386292599142 ], [ 15526347.300551719963551, 4259971.532518912106752 ], [ 15526348.930426759645343, 4259987.888739138841629 ], [ 15526349.592766808345914, 4260000.335662249475718 ], [ 15526350.022329520434141, 4260017.987623281776905 ], [ 15526350.463319309055805, 4260049.497234386391938 ], [ 15526349.026005167514086, 4260057.914366135373712 ], [ 15526348.491536475718021, 4260062.37460720539093 ], [ 15526346.710830325260758, 4260073.604157900437713 ], [ 15526340.539514098316431, 4260101.148097210563719 ], [ 15526333.877737665548921, 4260131.215801149606705 ], [ 15526333.869741126894951, 4260133.418996210210025 ], [ 15526336.307437611743808, 4260160.119826661422849 ], [ 15526424.486926408484578, 4260148.888901877216995 ], [ 15526428.392195479944348, 4260208.256988156586885 ], [ 15526431.976753573864698, 4260261.381846520118415 ], [ 15526433.918996231630445, 4260289.203742535784841 ], [ 15526438.765140285715461, 4260283.134255056269467 ], [ 15526439.507780656218529, 4260281.912632484920323 ], [ 15526442.200234837830067, 4260277.546279396861792 ], [ 15526456.004042098298669, 4260268.2465312005952 ], [ 15526472.169766765087843, 4260262.890879632905126 ], [ 15526479.663884602487087, 4260260.417827183380723 ], [ 15526505.446882251650095, 4260251.769101581536233 ], [ 15526514.973301976919174, 4260247.492806565016508 ], [ 15526533.975426152348518, 4260238.715838479809463 ], [ 15526547.852686861529946, 4260232.386081845499575 ], [ 15526548.317767215892673, 4260231.956673882901669 ], [ 15526561.903536271303892, 4260225.522377064451575 ], [ 15526554.287706816568971, 4260185.626438344828784 ], [ 15526552.254590839147568, 4260176.77358272857964 ], [ 15526545.996813943609595, 4260142.520806829445064 ], [ 15526543.704504270106554, 4260130.752099044620991 ], [ 15526544.671662099659443, 4260113.870727799832821 ], [ 15526546.391965337097645, 4260104.395969110541046 ], [ 15526561.597063019871712, 4260077.343998744152486 ], [ 15526570.961846027523279, 4260060.720558950677514 ], [ 15526576.070485169067979, 4260053.220855142921209 ], [ 15526581.073377061635256, 4260046.479495759122074 ], [ 15526590.98346546664834, 4260021.443117139860988 ], [ 15526598.57383269071579, 4260001.743899379856884 ], [ 15526607.387943882495165, 4259979.697061622515321 ], [ 15526616.139706116169691, 4259957.870875312946737 ], [ 15526622.172767085954547, 4259941.545841417275369 ], [ 15526627.377565875649452, 4259926.390382427722216 ], [ 15526629.666231609880924, 4259920.122032269835472 ], [ 15526633.216637678444386, 4259906.71943062543869 ], [ 15526638.112450331449509, 4259901.081332514062524 ], [ 15526646.291169974952936, 4259880.039437601342797 ], [ 15526653.465730562806129, 4259861.339044641703367 ], [ 15526660.881721045821905, 4259842.329172772355378 ], [ 15526668.885208351537585, 4259822.252368308603764 ], [ 15526676.336719965562224, 4259802.897813617251813 ], [ 15526683.823779432103038, 4259783.19854902010411 ], [ 15526689.192394310608506, 4259770.182047220878303 ], [ 15526664.84635117650032, 4259694.740456043742597 ], [ 15526656.083915967494249, 4259668.154077891260386 ], [ 15526644.857161927968264, 4259648.973364009521902 ], [ 15526641.001841116696596, 4259642.200037261471152 ], [ 15526631.276263976469636, 4259606.609363187104464 ], [ 15526623.509555783122778, 4259589.579449218697846 ], [ 15526621.261338585987687, 4259584.639758466742933 ], [ 15526619.901931496337056, 4259580.772370288148522 ], [ 15526617.426558142527938, 4259572.17633004207164 ], [ 15526616.581031158566475, 4259568.621188738383353 ], [ 15526611.970802104100585, 4259561.741698311641812 ], [ 15526607.489956002682447, 4259557.069787670858204 ], [ 15526604.856010064482689, 4259554.37029789481312 ], [ 15526594.621719351038337, 4259548.832553138956428 ], [ 15526580.951385730877519, 4259544.046739001758397 ] ] ] ] } },
{ "type": "Feature", "properties": { "fid": 48, "OBJECTID": 61, "SITEName": "Tousandoumusashimichi", "SITENameJP": "東山道武蔵路", "JASID": 13214005801, "Age": "[奈良時代][平安時代]", "Note": null, "Publication": null, "notification": "20250819「遺跡地図GISの現在地」ハンズオンWS用サンプルデータ（国分寺市による正式な遺跡地図ではありません）" }, "geometry": { "type": "MultiPolygon", "coordinates": [ [ [ [ 15525619.324264004826546, 4257834.85512830875814 ], [ 15525605.806927923113108, 4257828.096668491140008 ], [ 15525601.996755512431264, 4257826.458684331737459 ], [ 15525604.185650404542685, 4257922.616444488056004 ], [ 15525605.807651886716485, 4258012.35674237459898 ], [ 15525608.964649874716997, 4258164.183199128136039 ], [ 15525610.67356332205236, 4258246.818936575204134 ], [ 15525612.858561474829912, 4258358.420297805219889 ], [ 15525614.133052350953221, 4258415.180426560342312 ], [ 15525615.981380535289645, 4258503.14275424554944 ], [ 15525617.835540682077408, 4258603.883991383016109 ], [ 15525620.189116099849343, 4258712.933912142179906 ], [ 15525621.80572465620935, 4258791.899603253230453 ], [ 15525622.650070790201426, 4258831.248352128081024 ], [ 15525624.596622591838241, 4258852.727925959974527 ], [ 15525639.425155805423856, 4258858.040491950698197 ], [ 15525637.718835733830929, 4258832.051236632280052 ], [ 15525635.616608835756779, 4258712.299232841469347 ], [ 15525633.309005862101912, 4258605.112979486584663 ], [ 15525632.555809641256928, 4258550.696479339152575 ], [ 15525631.727202234789729, 4258502.349551774561405 ], [ 15525630.252143584191799, 4258413.749724297784269 ], [ 15525629.27633299306035, 4258362.208365874364972 ], [ 15525627.148103855550289, 4258249.542364954017103 ], [ 15525625.778834860771894, 4258175.373099511489272 ], [ 15525623.01388000883162, 4258019.848600287921727 ], [ 15525620.898257317021489, 4257918.153395094908774 ], [ 15525619.324264004826546, 4257834.85512830875814 ] ] ] ] } },
{ "type": "Feature", "properties": { "fid": 49, "OBJECTID": 62, "SITEName": "Tousandoumusashimichi", "SITENameJP": "東山道武蔵路", "JASID": 13214005802, "Age": "[奈良時代][平安時代]", "Note": null, "Publication": null, "notification": "20250819「遺跡地図GISの現在地」ハンズオンWS用サンプルデータ（国分寺市による正式な遺跡地図ではありません）" }, "geometry": { "type": "MultiPolygon", "coordinates": [ [ [ [ 15525655.163649741560221, 4259804.137875868938863 ], [ 15525657.159818300977349, 4259885.682854514569044 ], [ 15525658.057125978171825, 4259914.937492505647242 ], [ 15525658.942092701792717, 4259947.536983968690038 ], [ 15525659.85987651348114, 4259979.758033246733248 ], [ 15525660.799035122618079, 4260023.212882401421666 ], [ 15525662.359168903902173, 4260085.682281170971692 ], [ 15525679.723147133365273, 4260088.097794767469168 ], [ 15525679.153876693919301, 4260063.577210174873471 ], [ 15525677.966992584988475, 4260021.87202516477555 ], [ 15525675.885409230366349, 4259953.21684293448925 ], [ 15525674.98560686968267, 4259924.624748009257019 ], [ 15525674.273813987150788, 4259907.94456341303885 ], [ 15525672.722730673849583, 4259856.773570375517011 ], [ 15525671.033681437373161, 4259803.692450404167175 ], [ 15525669.634805912151933, 4259757.112867037765682 ], [ 15525668.322615539655089, 4259712.5848289700225 ], [ 15525667.132924685254693, 4259677.429007937200367 ], [ 15525666.243408745154738, 4259646.060903956182301 ], [ 15525665.513272136449814, 4259622.581980696879327 ], [ 15525665.212686445564032, 4259601.881453330628574 ], [ 15525667.547034684568644, 4259531.146421348676085 ], [ 15525666.002054581418633, 4259490.120877117849886 ], [ 15525664.412840444594622, 4259461.085660772398114 ], [ 15525663.019799415022135, 4259429.96872235648334 ], [ 15525661.442943342030048, 4259397.589052177034318 ], [ 15525659.901028782129288, 4259355.743628904223442 ], [ 15525658.869365401566029, 4259328.856455281376839 ], [ 15525657.619007613509893, 4259293.133670272305608 ], [ 15525655.872862486168742, 4259238.54049714282155 ], [ 15525653.297192357480526, 4259187.415307614021003 ], [ 15525652.377932295203209, 4259164.12596779037267 ], [ 15525651.346534902229905, 4259137.176154443994164 ], [ 15525650.544780068099499, 4259116.096036863513291 ], [ 15525648.738595589995384, 4259077.784565773792565 ], [ 15525647.084626991301775, 4259032.279861653223634 ], [ 15525644.008615057915449, 4258963.547657381743193 ], [ 15525639.592453081160784, 4258857.926739731803536 ], [ 15525624.596622591838241, 4258852.727925959974527 ], [ 15525625.344694, 4258871.314746369607747 ], [ 15525626.738034803420305, 4258902.303912981413305 ], [ 15525628.059470232576132, 4258935.753957746550441 ], [ 15525629.810428664088249, 4258971.982292731292546 ], [ 15525631.371526446193457, 4259008.588665667921305 ], [ 15525633.507518662139773, 4259059.648291705176234 ], [ 15525635.246395321562886, 4259099.158447128720582 ], [ 15525637.336837124079466, 4259145.548527676612139 ], [ 15525638.870607856661081, 4259176.80718155298382 ], [ 15525641.073040751740336, 4259226.905466422438622 ], [ 15525642.176797792315483, 4259251.268426518887281 ], [ 15525643.559276815503836, 4259285.224599590525031 ], [ 15525645.604662716388702, 4259326.819208445958793 ], [ 15525647.207249322906137, 4259369.2327093295753 ], [ 15525648.353824539110065, 4259399.023319475352764 ], [ 15525648.66220736131072, 4259438.876444142311811 ], [ 15525648.988708660006523, 4259486.586627768352628 ], [ 15525649.095898682251573, 4259514.905381329357624 ], [ 15525649.516040211543441, 4259530.953067457303405 ], [ 15525649.819087196141481, 4259567.998353942297399 ], [ 15525650.13208176754415, 4259619.36930640693754 ], [ 15525651.002451421692967, 4259648.842879237607121 ], [ 15525652.63554254360497, 4259707.099086977541447 ], [ 15525653.518034901469946, 4259740.360598958097398 ], [ 15525654.315257053822279, 4259771.192201935686171 ], [ 15525655.163649741560221, 4259804.137875868938863 ] ] ] ] } },
{ "type": "Feature", "properties": { "fid": 50, "OBJECTID": 25, "SITEName": "Kokubunji6", "SITENameJP": "国分寺市No.6", "JASID": 13214000600, "Age": "[縄文時代（中期）]", "Note": null, "Publication": null, "notification": "20250819「遺跡地図GISの現在地」ハンズオンWS用サンプルデータ（国分寺市による正式な遺跡地図ではありません）" }, "geometry": { "type": "MultiPolygon", "coordinates": [ [ [ [ 15527280.463577948510647, 4259847.594403265044093 ], [ 15527283.724763344973326, 4259848.002866687253118 ], [ 15527298.770609116181731, 4259850.165974469855428 ], [ 15527306.211255811154842, 4259850.833016641438007 ], [ 15527307.190653769299388, 4259850.384016818366945 ], [ 15527310.275282446295023, 4259848.296138751320541 ], [ 15527314.016295509412885, 4259845.803356079384685 ], [ 15527315.371685206890106, 4259844.701316504739225 ], [ 15527315.872390348464251, 4259844.222760461270809 ], [ 15527316.498364122584462, 4259843.598460066132247 ], [ 15527316.770062958821654, 4259843.202624289318919 ], [ 15527317.041724810376763, 4259842.817230651155114 ], [ 15527317.491041533648968, 4259842.171414852142334 ], [ 15527318.034993469715118, 4259841.223111375235021 ], [ 15527318.528185388073325, 4259839.930032008327544 ], [ 15527318.88508434034884, 4259838.960176159627736 ], [ 15527319.191334176808596, 4259837.614218126051128 ], [ 15527319.467615853995085, 4259835.923558679409325 ], [ 15527319.649853648617864, 4259834.368312993086874 ], [ 15527319.812556186690927, 4259832.457961061969399 ], [ 15527319.829722218215466, 4259821.733831003308296 ], [ 15527319.837759075686336, 4259813.588911178521812 ], [ 15527319.766518101096153, 4259774.973328487016261 ], [ 15527319.876685949042439, 4259773.219432191923261 ], [ 15527319.952136557549238, 4259772.462642165832222 ], [ 15527321.026041509583592, 4259768.644632807932794 ], [ 15527321.731914481148124, 4259766.005278235301375 ], [ 15527322.386768706142902, 4259763.094245117157698 ], [ 15527322.739242935553193, 4259761.905094088986516 ], [ 15527323.141658175736666, 4259759.823314456269145 ], [ 15527323.781010260805488, 4259756.88612206466496 ], [ 15527324.374338261783123, 4259753.734701355919242 ], [ 15527324.9163888245821, 4259750.384697037748992 ], [ 15527325.251667803153396, 4259746.710248003713787 ], [ 15527325.494307858869433, 4259742.774415133520961 ], [ 15527326.178890760987997, 4259727.545222925953567 ], [ 15527326.638795599341393, 4259715.092859659343958 ], [ 15527326.904636133462191, 4259706.559098886325955 ], [ 15527327.190512381494045, 4259700.197379246354103 ], [ 15527327.753641905263066, 4259689.910414811223745 ], [ 15527328.10000347904861, 4259686.041105780750513 ], [ 15527328.604551190510392, 4259680.557315991260111 ], [ 15527329.214961489662528, 4259676.494033513590693 ], [ 15527329.540743540972471, 4259670.605848867446184 ], [ 15527329.809404481202364, 4259659.31541960965842 ], [ 15527329.672240214422345, 4259650.337344590574503 ], [ 15527329.478295793756843, 4259649.326380623504519 ], [ 15527329.288062071427703, 4259648.735723806545138 ], [ 15527327.897716570645571, 4259645.034263532608747 ], [ 15527326.415103644132614, 4259640.967002264223993 ], [ 15527325.127128470689058, 4259637.71491882391274 ], [ 15527322.570937104523182, 4259631.503202761523426 ], [ 15527321.887855684384704, 4259629.908348706550896 ], [ 15527321.123819518834352, 4259628.422847433015704 ], [ 15527320.432812349870801, 4259626.864512646570802 ], [ 15527319.194213625043631, 4259624.34877413790673 ], [ 15527318.140410015359521, 4259622.491545594297349 ], [ 15527316.998668175190687, 4259620.513919576071203 ], [ 15527316.497358666732907, 4259619.697648980654776 ], [ 15527315.980695899575949, 4259618.813450238667428 ], [ 15527315.417160077020526, 4259617.955189279280603 ], [ 15527314.605069663375616, 4259616.829768337309361 ], [ 15527313.994605470448732, 4259616.013108068145812 ], [ 15527313.580920699983835, 4259615.405991635285318 ], [ 15527312.853588031604886, 4259614.565419398248196 ], [ 15527312.302030775696039, 4259613.994357751682401 ], [ 15527311.709380516782403, 4259613.284792188555002 ], [ 15527310.901157898828387, 4259612.535298992879689 ], [ 15527309.993954315781593, 4259611.848104537464678 ], [ 15527309.210852457210422, 4259611.344089147634804 ], [ 15527308.215836377814412, 4259610.868032404221594 ], [ 15527307.799498654901981, 4259610.643346506170928 ], [ 15527307.193115731701255, 4259610.509349649772048 ], [ 15527301.061633385717869, 4259609.926185916177928 ], [ 15527296.205208204686642, 4259609.634730951860547 ], [ 15527293.105418371036649, 4259609.784201193600893 ], [ 15527291.100591057911515, 4259610.074635352939367 ], [ 15527290.070680575445294, 4259610.278490541502833 ], [ 15527289.083250129595399, 4259610.596054702997208 ], [ 15527288.442818116396666, 4259610.9031115854159 ], [ 15527287.255099272355437, 4259611.635031183250248 ], [ 15527286.243126964196563, 4259612.2775161517784 ], [ 15527284.327676398679614, 4259613.886903539299965 ], [ 15527283.913767106831074, 4259614.352379561401904 ], [ 15527282.773643471300602, 4259615.542124517261982 ], [ 15527281.994129652157426, 4259616.455628282390535 ], [ 15527280.531992679461837, 4259618.168445931747556 ], [ 15527279.480997225269675, 4259619.509266704320908 ], [ 15527277.773062668740749, 4259621.964712887071073 ], [ 15527277.508953219279647, 4259622.236893812194467 ], [ 15527275.245474996045232, 4259625.659018456935883 ], [ 15527274.463176300749183, 4259626.945489943027496 ], [ 15527273.651899602264166, 4259628.158437165431678 ], [ 15527271.384225446730852, 4259631.938841227442026 ], [ 15527270.458170495927334, 4259633.36283025238663 ], [ 15527269.460820043459535, 4259635.103742313571274 ], [ 15527268.569725282490253, 4259636.563098574988544 ], [ 15527268.075185703113675, 4259637.504053517244756 ], [ 15527267.519808266311884, 4259638.286202002316713 ], [ 15527266.07224240899086, 4259640.836070697754622 ], [ 15527265.54283538646996, 4259641.715227697975934 ], [ 15527265.127800062298775, 4259642.497878205962479 ], [ 15527264.660635881125927, 4259643.139374304562807 ], [ 15527263.018047662451863, 4259645.854477472603321 ], [ 15527262.049277789890766, 4259647.367888282984495 ], [ 15527260.991492986679077, 4259648.835459914989769 ], [ 15527259.808190966024995, 4259651.069096966646612 ], [ 15527259.232458533719182, 4259652.644119055941701 ], [ 15527258.94996178150177, 4259653.154118296690285 ], [ 15527258.311267554759979, 4259655.169441037811339 ], [ 15527257.938058136031032, 4259656.524925149977207 ], [ 15527257.430435080081224, 4259658.681685481220484 ], [ 15527257.074112357571721, 4259660.222251226194203 ], [ 15527256.797544425353408, 4259661.534028987400234 ], [ 15527256.367426931858063, 4259664.096351330168545 ], [ 15527255.80426979996264, 4259667.072292890399694 ], [ 15527255.418602460995317, 4259669.467375519685447 ], [ 15527254.854951536282897, 4259674.231853574514389 ], [ 15527254.358245836570859, 4259679.081741576083004 ], [ 15527253.858332714065909, 4259684.836168490350246 ], [ 15527253.310421889647841, 4259694.232117213308811 ], [ 15527253.647868743166327, 4259698.015984748490155 ], [ 15527254.756854861974716, 4259708.498632678762078 ], [ 15527256.738810567185283, 4259726.76120566483587 ], [ 15527259.005986150354147, 4259750.346422243863344 ], [ 15527260.430292025208473, 4259764.260506184771657 ], [ 15527261.128502247855067, 4259771.851868310011923 ], [ 15527262.102071851491928, 4259780.94789806380868 ], [ 15527262.844733808189631, 4259789.197290003299713 ], [ 15527263.619924811646342, 4259796.518751887604594 ], [ 15527264.355136904865503, 4259804.991603275761008 ], [ 15527265.260907841846347, 4259807.55318892840296 ], [ 15527267.064397729933262, 4259812.993080848827958 ], [ 15527268.474110528826714, 4259817.096700551919639 ], [ 15527269.039353463798761, 4259818.941777393221855 ], [ 15527269.384442975744605, 4259819.838433675467968 ], [ 15527269.673233969137073, 4259820.486885414458811 ], [ 15527269.888976067304611, 4259821.213392824865878 ], [ 15527270.876695699989796, 4259824.119868953712285 ], [ 15527271.311500819399953, 4259825.369272267445922 ], [ 15527271.667236423119903, 4259826.195481878705323 ], [ 15527273.105791162699461, 4259830.228723797947168 ], [ 15527273.646470388397574, 4259831.671687955036759 ], [ 15527275.655673433095217, 4259836.759029354900122 ], [ 15527277.479879103600979, 4259841.245281184092164 ], [ 15527278.057352190837264, 4259842.573513181880116 ], [ 15527278.614810539409518, 4259843.682386169210076 ], [ 15527279.553514672443271, 4259845.75331072229892 ], [ 15527280.463577948510647, 4259847.594403265044093 ] ] ] ] } },
{ "type": "Feature", "properties": { "fid": 51, "OBJECTID": 31, "SITEName": "Tamaranzaka", "SITENameJP": "多摩蘭坂", "JASID": 13214000700, "Age": "[旧石器時代][縄文時代][奈良時代]", "Note": null, "Publication": "[https:\/\/sitereports.nabunken.go.jp\/48192] [https:\/\/sitereports.nabunken.go.jp\/47876] [https:\/\/sitereports.nabunken.go.jp\/48229] [https:\/\/sitereports.nabunken.go.jp\/48249] [https:\/\/sitereports.nabunken.go.jp\/63685]", "notification": "20250819「遺跡地図GISの現在地」ハンズオンWS用サンプルデータ（国分寺市による正式な遺跡地図ではありません）" }, "geometry": { "type": "MultiPolygon", "coordinates": [ [ [ [ 15524299.525757687166333, 4258789.895096742548048 ], [ 15524303.128584614023566, 4258786.623503865674138 ], [ 15524310.974828159436584, 4258779.076493132859468 ], [ 15524366.192800469696522, 4258726.440306429751217 ], [ 15524321.003567488864064, 4258683.7477768054232 ], [ 15524319.394689470529556, 4258664.395744143985212 ], [ 15524195.21273292414844, 4258661.584551678039134 ], [ 15524195.243511915206909, 4258663.411776006221771 ], [ 15524194.300513692200184, 4258668.054930835962296 ], [ 15524193.316574234515429, 4258671.882369629107416 ], [ 15524192.020056314766407, 4258675.152252673171461 ], [ 15524190.669187247753143, 4258677.821320354007185 ], [ 15524189.289651311933994, 4258679.756905639544129 ], [ 15524187.151875833049417, 4258681.842878453433514 ], [ 15524165.451722431927919, 4258679.407284758985043 ], [ 15524161.280936378985643, 4258682.790406920947134 ], [ 15524147.56554176658392, 4258693.841303564608097 ], [ 15524130.067288149148226, 4258707.90854274481535 ], [ 15524116.335042480379343, 4258718.960413452237844 ], [ 15524105.425002712756395, 4258727.737711804918945 ], [ 15524077.743309538811445, 4258749.821616988629103 ], [ 15524055.28477013297379, 4258767.917420977726579 ], [ 15524054.023539248853922, 4258771.819674969650805 ], [ 15524052.769414309412241, 4258777.150781543925405 ], [ 15524051.635350158438087, 4258783.999691247940063 ], [ 15524051.188137002289295, 4258789.005170467309654 ], [ 15524051.292966764420271, 4258794.493278962559998 ], [ 15524051.606680657714605, 4258798.034948078915477 ], [ 15524052.297948034480214, 4258801.603368675336242 ], [ 15524053.542618080973625, 4258805.300377275794744 ], [ 15524055.029478119686246, 4258808.350293942727149 ], [ 15524057.952433438971639, 4258811.823037696070969 ], [ 15524059.203393006697297, 4258813.060717753134668 ], [ 15524061.28423878364265, 4258814.548177153803408 ], [ 15524063.159013951197267, 4258815.608086932450533 ], [ 15524064.591540982946754, 4258816.277466689236462 ], [ 15524066.618904650211334, 4258816.939664564095438 ], [ 15524068.853940173983574, 4258817.612148990854621 ], [ 15524072.147271245718002, 4258818.061126308515668 ], [ 15524075.790402384474874, 4258818.388171911239624 ], [ 15524080.82350960187614, 4258818.170556823723018 ], [ 15524085.461573699489236, 4258817.562592980451882 ], [ 15524088.871674796566367, 4258816.968845121562481 ], [ 15524092.500809784978628, 4258816.1578255193308 ], [ 15524095.97829525731504, 4258815.226095610298216 ], [ 15524102.380740674212575, 4258813.278307350352407 ], [ 15524105.516882661730051, 4258812.17771534435451 ], [ 15524109.941754026338458, 4258810.535229465924203 ], [ 15524114.092246135696769, 4258809.043415517546237 ], [ 15524118.517877800390124, 4258807.201778760179877 ], [ 15524122.299904031679034, 4258805.774921740405262 ], [ 15524128.150372885167599, 4258803.186440222896636 ], [ 15524133.611334670335054, 4258800.678640590049326 ], [ 15524138.996295817196369, 4258798.018811406567693 ], [ 15524144.112259179353714, 4258795.199885250069201 ], [ 15524149.492639062926173, 4258792.091155526228249 ], [ 15524153.281957201659679, 4258789.715982187539339 ], [ 15524155.875065349042416, 4258788.10434107016772 ], [ 15524158.790662983432412, 4258786.105127188377082 ], [ 15524159.414474692195654, 4258785.927351913414896 ], [ 15524166.834001379087567, 4258780.398751388303936 ], [ 15524168.883148774504662, 4258778.794492097571492 ], [ 15524175.243944654241204, 4258773.328186091966927 ], [ 15524176.854468243196607, 4258771.892933644354343 ], [ 15524178.712168265134096, 4258770.012918059714139 ], [ 15524179.516667934134603, 4258769.494438964873552 ], [ 15524184.17988776601851, 4258764.770764729008079 ], [ 15524184.805910160765052, 4258764.01451348233968 ], [ 15524188.592349071055651, 4258760.19311467371881 ], [ 15524189.245751721784472, 4258759.683535699732602 ], [ 15524190.57212826795876, 4258758.484269950538874 ], [ 15524191.670265331864357, 4258757.715615105815232 ], [ 15524192.592289237305522, 4258757.325613931752741 ], [ 15524194.73070770688355, 4258757.338604818098247 ], [ 15524195.229424552991986, 4258757.776761731132865 ], [ 15524195.830472059547901, 4258758.613613194786012 ], [ 15524196.167709272354841, 4258759.307197120971978 ], [ 15524196.66120526380837, 4258761.11093355435878 ], [ 15524196.94275239855051, 4258764.023402727209032 ], [ 15524197.558462969958782, 4258775.842018146067858 ], [ 15524197.908057199791074, 4258778.242652938701212 ], [ 15524198.634104797616601, 4258780.957690794952214 ], [ 15524199.01517734490335, 4258782.533396617509425 ], [ 15524200.07436415553093, 4258785.230753690004349 ], [ 15524200.869679480791092, 4258786.42872367054224 ], [ 15524201.70272602327168, 4258787.361305336467922 ], [ 15524202.675873402506113, 4258788.142693687230349 ], [ 15524203.585851930081844, 4258788.708882329054177 ], [ 15524204.616782903671265, 4258789.193348312750459 ], [ 15524205.521554941311479, 4258789.475016091018915 ], [ 15524207.230232635512948, 4258789.66811157297343 ], [ 15524209.51577609591186, 4258789.477774834260345 ], [ 15524211.162190843373537, 4258789.218589644879103 ], [ 15524214.572171865031123, 4258788.103218875825405 ], [ 15524216.794416615739465, 4258787.182418299838901 ], [ 15524219.490426480770111, 4258785.817726265639067 ], [ 15524221.297545464709401, 4258784.819457710720599 ], [ 15524223.318696737289429, 4258783.676602643914521 ], [ 15524227.023302771151066, 4258781.228373131714761 ], [ 15524228.376950904726982, 4258780.304222643375397 ], [ 15524230.753187233582139, 4258778.615862308070064 ], [ 15524231.406226776540279, 4258778.201112014241517 ], [ 15524232.883371017873287, 4258777.078286941163242 ], [ 15524234.966058230027556, 4258775.616395075805485 ], [ 15524237.380455918610096, 4258773.823864299803972 ], [ 15524241.438850866630673, 4258770.893345043994486 ], [ 15524247.106695078313351, 4258766.805736585520208 ], [ 15524254.245610231533647, 4258761.535215747542679 ], [ 15524260.501696774736047, 4258756.691203400492668 ], [ 15524260.929433329030871, 4258756.762395220808685 ], [ 15524270.647411109879613, 4258765.094573159702122 ], [ 15524273.63081675581634, 4258767.585952944122255 ], [ 15524274.836019145324826, 4258768.448835308663547 ], [ 15524281.023293383419514, 4258773.802292908541858 ], [ 15524287.335787646472454, 4258779.19416496437043 ], [ 15524292.123020704835653, 4258783.337846968322992 ], [ 15524296.940407944843173, 4258787.690278268419206 ], [ 15524299.527847703546286, 4258789.897212196141481 ], [ 15524299.525757687166333, 4258789.895096742548048 ] ] ], [ [ [ 15524209.053044572472572, 4258640.287292792461812 ], [ 15524209.061888298019767, 4258647.620091683231294 ], [ 15524214.130320271477103, 4258650.009822719730437 ], [ 15524266.403613718226552, 4258652.022394195199013 ], [ 15524324.32849502377212, 4258655.737097380682826 ], [ 15524363.377047754824162, 4258620.397895505651832 ], [ 15524496.312350058928132, 4258499.493089190684259 ], [ 15524490.115330608561635, 4258473.894979099743068 ], [ 15524554.681257534772158, 4258424.319660224020481 ], [ 15524569.788812164217234, 4258422.049608745612204 ], [ 15524570.162314532324672, 4258364.250823386013508 ], [ 15524584.565297225490212, 4258329.19136764947325 ], [ 15524566.837756507098675, 4258342.75180449988693 ], [ 15524554.56100307404995, 4258352.29116571508348 ], [ 15524492.933701265603304, 4258400.232960680499673 ], [ 15524431.021211171522737, 4258448.927414875477552 ], [ 15524416.155204877257347, 4258460.607370091602206 ], [ 15524410.196170784533024, 4258465.27453997451812 ], [ 15524405.663997069001198, 4258468.693333505652845 ], [ 15524395.378852095454931, 4258476.605496697127819 ], [ 15524369.841761384159327, 4258495.854864083230495 ], [ 15524347.90183649584651, 4258512.388115108013153 ], [ 15524327.918731417506933, 4258527.5004249420017 ], [ 15524282.61246664263308, 4258570.92554391734302 ], [ 15524267.576427878811955, 4258585.152176878415048 ], [ 15524252.349066821858287, 4258599.642598895356059 ], [ 15524237.336114311590791, 4258613.837572113610804 ], [ 15524230.440013982355595, 4258620.403061240911484 ], [ 15524223.155965315178037, 4258627.178677876479924 ], [ 15524216.358340762555599, 4258633.469434842467308 ], [ 15524209.746431976556778, 4258639.401146918535233 ], [ 15524209.023565143346786, 4258639.731666828505695 ], [ 15524209.053044572472572, 4258640.287292792461812 ] ] ] ] } },
{ "type": "Feature", "properties": { "fid": 52, "OBJECTID": 57, "SITEName": "Hanazawanishi", "SITENameJP": "花沢西", "JASID": 13214000800, "Age": "[旧石器時代][縄文時代][弥生時代]", "Note": null, "Publication": "[https:\/\/sitereports.nabunken.go.jp\/47868] [https:\/\/sitereports.nabunken.go.jp\/47882] [https:\/\/sitereports.nabunken.go.jp\/48228] [https:\/\/sitereports.nabunken.go.jp\/48233] [http:\/\/doi.org\/10.24484\/sitereports.48238] [https:\/\/sitereports.nabunken.go.jp\/48244] [https:\/\/sitereports.nabunken.go.jp\/48245] [https:\/\/sitereports.nabunken.go.jp\/139936] [", "notification": "20250819「遺跡地図GISの現在地」ハンズオンWS用サンプルデータ（国分寺市による正式な遺跡地図ではありません）" }, "geometry": { "type": "MultiPolygon", "coordinates": [ [ [ [ 15526484.137942539528012, 4259667.203475404530764 ], [ 15526485.888271223753691, 4259663.834504962898791 ], [ 15526494.489532448351383, 4259649.40746948029846 ], [ 15526499.334221983328462, 4259641.277741971425712 ], [ 15526504.758496452122927, 4259632.082204291597009 ], [ 15526507.389315105974674, 4259627.796837001107633 ], [ 15526511.417247427627444, 4259621.174388915300369 ], [ 15526513.606662079691887, 4259617.346551069058478 ], [ 15526515.616269597783685, 4259614.153298011049628 ], [ 15526510.443740958347917, 4259609.685721565969288 ], [ 15526501.292606109753251, 4259601.71191166434437 ], [ 15526495.387807803228498, 4259596.801964449696243 ], [ 15526484.337659785524011, 4259587.036566447466612 ], [ 15526466.636612705886364, 4259554.395561064593494 ], [ 15526464.232135048136115, 4259549.963952461257577 ], [ 15526451.955367263406515, 4259526.951472130604088 ], [ 15526535.871686825528741, 4259534.913378998637199 ], [ 15526538.278676897287369, 4259535.0902663115412 ], [ 15526538.88991136662662, 4259533.398369155824184 ], [ 15526539.814904307946563, 4259530.388526825234294 ], [ 15526541.22621039673686, 4259524.625891147181392 ], [ 15526543.137776367366314, 4259515.813075947575271 ], [ 15526544.973770910874009, 4259506.534432628192008 ], [ 15526546.025696804746985, 4259500.460126974619925 ], [ 15526547.710923038423061, 4259490.146371673792601 ], [ 15526550.018632819876075, 4259471.45484419260174 ], [ 15526550.765758793801069, 4259464.215552878566086 ], [ 15526552.046543810516596, 4259451.805350071750581 ], [ 15526552.767170762643218, 4259444.772889160551131 ], [ 15526553.73457040078938, 4259433.577186410315335 ], [ 15526554.071006823331118, 4259425.974324968643486 ], [ 15526553.851209765300155, 4259422.662903601303697 ], [ 15526553.523841252550483, 4259420.618438156321645 ], [ 15526552.988703869283199, 4259419.064636607654393 ], [ 15526553.291176576167345, 4259413.737711044028401 ], [ 15526554.611876936629415, 4259404.534867751412094 ], [ 15526557.345161492004991, 4259389.207370961084962 ], [ 15526558.274855358526111, 4259381.322194364853203 ], [ 15526561.418912610039115, 4259359.193970343098044 ], [ 15526565.51138624548912, 4259338.258987036533654 ], [ 15526571.568992882966995, 4259315.055164176039398 ], [ 15526576.056811105459929, 4259298.725478306412697 ], [ 15526581.480911254882812, 4259279.812832085415721 ], [ 15526586.957236712798476, 4259260.693494618870318 ], [ 15526591.702167088165879, 4259240.886136155575514 ], [ 15526592.231181224808097, 4259236.995559417642653 ], [ 15526592.329555192962289, 4259234.706972090527415 ], [ 15526592.026068883016706, 4259233.179904967546463 ], [ 15526591.616556083783507, 4259232.493025164119899 ], [ 15526590.922638781368732, 4259232.128408056683838 ], [ 15526589.249886833131313, 4259231.863685265183449 ], [ 15526584.940055122599006, 4259230.981569583527744 ], [ 15526572.501520846039057, 4259227.858519790694118 ], [ 15526561.478814043104649, 4259224.844065926969051 ], [ 15526551.253817953169346, 4259221.974757106974721 ], [ 15526542.123298147693276, 4259219.070630092173815 ], [ 15526532.529675608500838, 4259216.06135415751487 ], [ 15526527.991336518898606, 4259214.286085821688175 ], [ 15526525.213345613330603, 4259213.474188287742436 ], [ 15526520.90408692881465, 4259212.436868445947766 ], [ 15526513.994139231741428, 4259211.40300043579191 ], [ 15526509.193503411486745, 4259210.958750957623124 ], [ 15526503.10448644310236, 4259210.768439681269228 ], [ 15526497.761254254728556, 4259210.839481578208506 ], [ 15526493.256159653887153, 4259211.108306158334017 ], [ 15526490.587697062641382, 4259211.498711842112243 ], [ 15526485.928095400333405, 4259212.404191012494266 ], [ 15526482.637135727331042, 4259213.409494274295866 ], [ 15526481.029655689373612, 4259214.084709080867469 ], [ 15526478.845307644456625, 4259215.257851587608457 ], [ 15526477.554618194699287, 4259216.14975278545171 ], [ 15526476.228786077350378, 4259217.265678131952882 ], [ 15526475.039346227422357, 4259218.640738482587039 ], [ 15526471.241132790222764, 4259224.627271538600326 ], [ 15526467.687479609623551, 4259229.442207863554358 ], [ 15526464.102484919130802, 4259233.429389727301896 ], [ 15526458.107510857284069, 4259239.269969047047198 ], [ 15526454.182058867067099, 4259242.462751924060285 ], [ 15526449.138941992074251, 4259246.168730300851166 ], [ 15526444.940513344481587, 4259248.894966553896666 ], [ 15526441.001195445656776, 4259251.173841727897525 ], [ 15526436.959940729662776, 4259253.159220314584672 ], [ 15526431.148336574435234, 4259255.758863930590451 ], [ 15526423.946031283587217, 4259258.422395123168826 ], [ 15526419.752773994579911, 4259259.717510871589184 ], [ 15526417.173810068517923, 4259260.828855114988983 ], [ 15526413.680799227207899, 4259263.109353451989591 ], [ 15526411.322869138792157, 4259264.807751613669097 ], [ 15526408.825673885643482, 4259267.040160323493183 ], [ 15526405.966054350137711, 4259269.805764234624803 ], [ 15526403.811553332954645, 4259272.211851022206247 ], [ 15526400.275271123275161, 4259276.957878998480737 ], [ 15526397.081120245158672, 4259282.032767824828625 ], [ 15526395.404578488320112, 4259285.182034555822611 ], [ 15526394.089335639029741, 4259288.108468880876899 ], [ 15526393.239825587719679, 4259290.41587255243212 ], [ 15526392.683888081461191, 4259292.241556779481471 ], [ 15526392.005975818261504, 4259294.566831171512604 ], [ 15526391.551159992814064, 4259296.910164272412658 ], [ 15526391.250776356086135, 4259299.271305081434548 ], [ 15526391.250509906560183, 4259304.081996809691191 ], [ 15526391.775286318734288, 4259306.118545919656754 ], [ 15526392.776527857407928, 4259309.312093988060951 ], [ 15526395.003859119489789, 4259315.234463115222752 ], [ 15526397.694428410381079, 4259321.227498946711421 ], [ 15526401.390306893736124, 4259329.293332055211067 ], [ 15526406.092373283579946, 4259339.190571581944823 ], [ 15526410.891886906698346, 4259350.622774462215602 ], [ 15526413.540897071361542, 4259358.615828464739025 ], [ 15526414.09551633708179, 4259361.893971365876496 ], [ 15526414.272229738533497, 4259365.239705261774361 ], [ 15526413.844691421836615, 4259369.531582457944751 ], [ 15526412.902228802442551, 4259373.804336989298463 ], [ 15526411.876994445919991, 4259377.231896136887372 ], [ 15526410.040075488388538, 4259382.001424606889486 ], [ 15526408.585433840751648, 4259385.496387783437967 ], [ 15526407.097770420834422, 4259388.629133180715144 ], [ 15526403.140404470264912, 4259395.873874709010124 ], [ 15526399.513752575963736, 4259401.861105226911604 ], [ 15526396.165193170309067, 4259406.901000884361565 ], [ 15526393.543049938976765, 4259410.443430214188993 ], [ 15526390.365773031488061, 4259415.587410983629525 ], [ 15526386.943353313952684, 4259422.058193403296173 ], [ 15526383.985607024282217, 4259428.20306409150362 ], [ 15526379.849673073738813, 4259437.343881883658469 ], [ 15526377.184871239587665, 4259443.179459282197058 ], [ 15526373.830475274473429, 4259449.822930996306241 ], [ 15526372.430625267326832, 4259452.404239427298307 ], [ 15526370.944692829623818, 4259455.054204842075706 ], [ 15526369.200951918959618, 4259457.789441931061447 ], [ 15526367.906973879784346, 4259459.577966790646315 ], [ 15526366.717243982478976, 4259461.022015679627657 ], [ 15526363.461736461147666, 4259464.062094377353787 ], [ 15526359.688359793275595, 4259467.893450701609254 ], [ 15526355.912979194894433, 4259472.276572217233479 ], [ 15526352.531609062105417, 4259476.885293798521161 ], [ 15526348.716134954243898, 4259482.854617044329643 ], [ 15526346.072037510573864, 4259487.707440258003771 ], [ 15526343.374749386683106, 4259493.025629170238972 ], [ 15526339.964188469573855, 4259500.944891818799078 ], [ 15526337.644308153539896, 4259507.678589850664139 ], [ 15526335.949560450389981, 4259512.578533556312323 ], [ 15526334.881449019536376, 4259516.325952257961035 ], [ 15526334.354359677061439, 4259518.85702142957598 ], [ 15526333.89557964541018, 4259522.28669199347496 ], [ 15526333.833504945039749, 4259525.200526899658144 ], [ 15526334.133114663884044, 4259527.788070280104876 ], [ 15526334.759700676426291, 4259530.152652684599161 ], [ 15526335.883300852030516, 4259532.743214085698128 ], [ 15526337.283942688256502, 4259534.67955669015646 ], [ 15526338.463298020884395, 4259536.097799580544233 ], [ 15526340.140668934211135, 4259537.466136737726629 ], [ 15526341.939331708475947, 4259538.524543914943933 ], [ 15526344.784148642793298, 4259539.862668300978839 ], [ 15526346.909976150840521, 4259540.646384492516518 ], [ 15526350.408809173852205, 4259541.521340535953641 ], [ 15526354.286180853843689, 4259542.156278821639717 ], [ 15526362.986645136028528, 4259542.998536549508572 ], [ 15526369.505905173718929, 4259544.125939395278692 ], [ 15526389.154087651520967, 4259546.249716179445386 ], [ 15526394.575197253376245, 4259547.235144956968725 ], [ 15526400.818300088867545, 4259548.775352139957249 ], [ 15526406.013311902061105, 4259550.570370604284108 ], [ 15526408.78991112112999, 4259551.787529314868152 ], [ 15526412.130194831639528, 4259553.782683148980141 ], [ 15526414.579008415341377, 4259555.446961459703743 ], [ 15526416.957907816395164, 4259557.455844501033425 ], [ 15526419.059958528727293, 4259560.06722186692059 ], [ 15526420.374411376193166, 4259562.106701897457242 ], [ 15526422.09954977966845, 4259564.509786284528673 ], [ 15526423.876126045361161, 4259566.9303018739447 ], [ 15526425.722180796787143, 4259569.126911954022944 ], [ 15526428.287045232951641, 4259571.92965449206531 ], [ 15526432.752401845529675, 4259576.1187828714028 ], [ 15526437.628884950652719, 4259580.550815281458199 ], [ 15526437.869091643020511, 4259580.586178624071181 ], [ 15526441.839434007182717, 4259583.99756080750376 ], [ 15526446.734026838093996, 4259588.171012354083359 ], [ 15526452.774852029979229, 4259593.434961782768369 ], [ 15526456.15373707935214, 4259596.628644979558885 ], [ 15526459.523572959005833, 4259599.951618207618594 ], [ 15526459.685813223943114, 4259600.184992104768753 ], [ 15526463.881868006661534, 4259605.269776656292379 ], [ 15526466.340196082368493, 4259609.054987564682961 ], [ 15526467.466080591082573, 4259611.024810393340886 ], [ 15526468.435719948261976, 4259613.476870422251523 ], [ 15526469.012211965397, 4259615.461932166479528 ], [ 15526469.719363966956735, 4259619.292484818026423 ], [ 15526469.949343919754028, 4259622.155682482756674 ], [ 15526469.795172741636634, 4259626.810764765366912 ], [ 15526469.020009648054838, 4259632.291253708302975 ], [ 15526467.936594879254699, 4259637.56370263826102 ], [ 15526466.544304363429546, 4259642.800540462136269 ], [ 15526464.597814839333296, 4259649.380325039848685 ], [ 15526460.63178314641118, 4259659.004785182885826 ], [ 15526456.739776303991675, 4259667.146607520990074 ], [ 15526484.137942539528012, 4259667.203475404530764 ] ] ] ] } },
{ "type": "Feature", "properties": { "fid": 53, "OBJECTID": 62, "SITEName": "Hikageyama", "SITENameJP": "日影山", "JASID": 13214000900, "Age": null, "Note": null, "Publication": "[https:\/\/sitereports.nabunken.go.jp\/86422] [https:\/\/sitereports.nabunken.go.jp\/47873] [] [https:\/\/sitereports.nabunken.go.jp\/139911]", "notification": "20250819「遺跡地図GISの現在地」ハンズオンWS用サンプルデータ（国分寺市による正式な遺跡地図ではありません）" }, "geometry": { "type": "MultiPolygon", "coordinates": [ [ [ [ 15525362.494132360443473, 4259351.275531116873026 ], [ 15525356.39699899405241, 4259367.98148125782609 ], [ 15525358.139812801033258, 4259371.089431940577924 ], [ 15525359.837592033669353, 4259373.727303022518754 ], [ 15525362.631006311625242, 4259377.379593352787197 ], [ 15525365.565468862652779, 4259380.844448526389897 ], [ 15525369.8070512060076, 4259385.066064510494471 ], [ 15525381.262837005779147, 4259399.300361386500299 ], [ 15525386.10379053093493, 4259405.897283646278083 ], [ 15525392.620199346914887, 4259414.850052094087005 ], [ 15525397.681421004235744, 4259421.976456524804235 ], [ 15525399.959377035498619, 4259425.861778352409601 ], [ 15525403.09435210749507, 4259432.029393753036857 ], [ 15525405.275605373084545, 4259436.760200745426118 ], [ 15525406.821535054594278, 4259440.703243683092296 ], [ 15525407.883920947089791, 4259443.66213802061975 ], [ 15525408.378470364958048, 4259445.277271714061499 ], [ 15525408.84988066367805, 4259447.464139590971172 ], [ 15525409.011008037254214, 4259451.31804203055799 ], [ 15525409.868993202224374, 4259456.490317818708718 ], [ 15525411.386084673926234, 4259463.259570157155395 ], [ 15525411.952506389468908, 4259465.496995003893971 ], [ 15525412.619605161249638, 4259468.530447299592197 ], [ 15525413.516713382676244, 4259471.884739750996232 ], [ 15525414.211110154166818, 4259474.598318121396005 ], [ 15525415.399371946230531, 4259479.019976337440312 ], [ 15525416.261985454708338, 4259482.947004677727818 ], [ 15525416.829923821613193, 4259485.362019473686814 ], [ 15525417.007511157542467, 4259486.908839477226138 ], [ 15525417.289830105379224, 4259489.623662644065917 ], [ 15525417.614476447924972, 4259490.388492501340806 ], [ 15525418.533295154571533, 4259491.778186984360218 ], [ 15525419.382724534720182, 4259492.956159319728613 ], [ 15525421.002373738214374, 4259494.59518495388329 ], [ 15525422.750458812341094, 4259496.293431170284748 ], [ 15525424.608968071639538, 4259497.886448564939201 ], [ 15525426.645158877596259, 4259499.456457663327456 ], [ 15525428.021902315318584, 4259500.366202747449279 ], [ 15525429.632605027407408, 4259501.265075889416039 ], [ 15525431.0084298979491, 4259501.97070088237524 ], [ 15525432.049705967307091, 4259502.331439169123769 ], [ 15525433.230499504134059, 4259502.465087480843067 ], [ 15525434.950214171782136, 4259502.354047141969204 ], [ 15525437.068631345406175, 4259501.96254918910563 ], [ 15525439.58540209569037, 4259501.384575454518199 ], [ 15525443.168667176738381, 4259500.223197599872947 ], [ 15525445.48769873008132, 4259499.350784500129521 ], [ 15525447.443899568170309, 4259498.547500425949693 ], [ 15525450.501332705840468, 4259497.254925252869725 ], [ 15525453.734724540263414, 4259495.822032925672829 ], [ 15525456.733980301767588, 4259494.408141049556434 ], [ 15525461.350696692243218, 4259492.14994016289711 ], [ 15525464.232864269986749, 4259490.809714458882809 ], [ 15525470.927789516746998, 4259487.609009266830981 ], [ 15525477.976508865132928, 4259484.337038313038647 ], [ 15525486.223820008337498, 4259480.636050670407712 ], [ 15525492.678539823740721, 4259477.864186275750399 ], [ 15525498.464901357889175, 4259475.547988004051149 ], [ 15525502.950595697388053, 4259473.884807327762246 ], [ 15525504.121432209387422, 4259473.548494843766093 ], [ 15525504.951264234259725, 4259473.704319005832076 ], [ 15525506.625148190185428, 4259473.334642774425447 ], [ 15525508.673948558047414, 4259472.790149149484932 ], [ 15525512.432850828394294, 4259471.570668397471309 ], [ 15525520.619528705254197, 4259468.535060381516814 ], [ 15525527.154972078278661, 4259466.068924984894693 ], [ 15525533.198626371100545, 4259463.753671790473163 ], [ 15525539.687542097643018, 4259461.216868879273534 ], [ 15525544.946881670504808, 4259459.086647146381438 ], [ 15525552.220666231587529, 4259456.212080183438957 ], [ 15525560.666192319244146, 4259452.754489315673709 ], [ 15525568.186578147113323, 4259449.610632868483663 ], [ 15525570.623154716566205, 4259448.574165598489344 ], [ 15525571.512463754042983, 4259448.460005447268486 ], [ 15525575.656397150829434, 4259447.488647274672985 ], [ 15525581.908512422814965, 4259445.726297978311777 ], [ 15525588.54758314974606, 4259443.695187965407968 ], [ 15525594.824735777452588, 4259441.486506744287908 ], [ 15525600.412360137328506, 4259439.134277009405196 ], [ 15525603.892671236768365, 4259437.338084801100194 ], [ 15525606.225282765924931, 4259435.948787586763501 ], [ 15525607.925587767735124, 4259434.756846154108644 ], [ 15525609.708673886954784, 4259433.318508422933519 ], [ 15525612.948927717283368, 4259430.017695397138596 ], [ 15525614.839877832680941, 4259427.874889083206654 ], [ 15525616.908953431993723, 4259425.004380855709314 ], [ 15525618.461942031979561, 4259422.531375821679831 ], [ 15525620.311271216720343, 4259418.990422924980521 ], [ 15525620.746875770390034, 4259418.216689602471888 ], [ 15525622.032641004770994, 4259415.261028735898435 ], [ 15525624.239954501390457, 4259409.794768812134862 ], [ 15525626.908516904339194, 4259402.943987806327641 ], [ 15525628.973264755681157, 4259398.076339955441654 ], [ 15525631.802523637190461, 4259392.048509878106415 ], [ 15525634.171831415966153, 4259387.052774799987674 ], [ 15525635.598631208762527, 4259383.909681369550526 ], [ 15525636.873386781662703, 4259380.766022213734686 ], [ 15525637.700106855481863, 4259378.595761079341173 ], [ 15525638.516649140045047, 4259376.014289899729192 ], [ 15525639.45496210642159, 4259372.129269101656973 ], [ 15525639.842321773990989, 4259368.582882756367326 ], [ 15525639.75998230278492, 4259349.703913947567344 ], [ 15525639.100785160437226, 4259331.844881623983383 ], [ 15525637.775218548253179, 4259310.741025577299297 ], [ 15525624.54571751691401, 4259295.349227491766214 ], [ 15525619.04919677414, 4259288.891005849465728 ], [ 15525610.24460456520319, 4259278.778671877458692 ], [ 15525599.204039314761758, 4259266.073515424504876 ], [ 15525591.888692768290639, 4259258.081319144926965 ], [ 15525585.108136173337698, 4259250.960444821044803 ], [ 15525582.615200763568282, 4259248.272681244648993 ], [ 15525579.047931101173162, 4259245.134499285370111 ], [ 15525570.579329486936331, 4259239.064614192582667 ], [ 15525556.625071270391345, 4259229.943362006917596 ], [ 15525535.898853937163949, 4259217.718935049138963 ], [ 15525515.917102724313736, 4259206.60153874848038 ], [ 15525501.114766120910645, 4259199.12173708062619 ], [ 15525488.223188534379005, 4259193.622659954242408 ], [ 15525477.37469276227057, 4259192.266362360678613 ], [ 15525469.422313835471869, 4259192.095646854490042 ], [ 15525461.234632283449173, 4259192.299968035891652 ], [ 15525454.635613664984703, 4259193.027121989987791 ], [ 15525446.115403469651937, 4259194.592908063903451 ], [ 15525439.09081332758069, 4259196.540209600701928 ], [ 15525430.377541862428188, 4259199.702934245578945 ], [ 15525419.551059633493423, 4259205.019297199323773 ], [ 15525410.687834339216352, 4259210.765920532867312 ], [ 15525400.03676644526422, 4259219.231287605129182 ], [ 15525390.362691093236208, 4259229.157018291763961 ], [ 15525381.900913687422872, 4259240.168076728470623 ], [ 15525379.309221914038062, 4259245.186351913958788 ], [ 15525371.210605883970857, 4259296.939729205332696 ], [ 15525362.494132360443473, 4259351.275531116873026 ] ] ] ] } },
{ "type": "Feature", "properties": { "fid": 56, "OBJECTID": null, "SITEName": null, "SITENameJP": null, "JASID": null, "Age": null, "Note": null, "Publication": null, "notification": null }, "geometry": { "type": "MultiPolygon", "coordinates": [ ] } }
]
}
